{
  "type": "FeatureCollection",
  "features": [
    {
      "type": "Feature",
      "geometry": {
        "type": "Point",
        "coordinates": [
          -93.56041718,
          42.1026001
        ]
      },
      "properties": {
        "netid": "00:F4:8D:01:C5:30",
        "ssid": null,
        "oui": "00:F4:8D",
        "channel": 8,
        "encryption": "unknown",
        "firsttime": "2026-07-29T08:00:00.000Z",
        "lasttime": "2026-07-29T20:00:00.000Z",
        "city": null,
        "region": "IA",
        "country": "US",
        "road": "I 35",
        "postalcode": "50019"
      }
    },
    {
      "type": "Feature",
      "geometry": {
        "type": "Point",
        "coordinates": [
          -88.48629761,
          43.078022
        ]
      },
      "properties": {
        "netid": "00:F4:8D:01:D3:28",
        "ssid": "Lucky Chucks_5G",
        "oui": "00:F4:8D",
        "channel": 2,
        "encryption": "none",
        "firsttime": "2026-08-27T14:00:00.000Z",
        "lasttime": "2026-08-27T13:00:00.000Z",
        "city": null,
        "region": "WI",
        "country": "US",
        "road": "Valley Road",
        "postalcode": "53066"
      }
    },
    {
      "type": "Feature",
      "geometry": {
        "type": "Point",
        "coordinates": [
          -75.62844849,
          39.33469391
        ]
      },
      "properties": {
        "netid": "00:F4:8D:01:D4:96",
        "ssid": null,
        "oui": "00:F4:8D",
        "channel": 1,
        "encryption": "none",
        "firsttime": "2026-08-31T14:00:00.000Z",
        "lasttime": "2026-08-31T11:00:00.000Z",
        "city": null,
        "region": "DE",
        "country": "US",
        "road": "South Dupont Parkway",
        "postalcode": "19977"
      }
    },
    {
      "type": "Feature",
      "geometry": {
        "type": "Point",
        "coordinates": [
          -85.9693985,
          39.97297668
        ]
      },
      "properties": {
        "netid": "00:F4:8D:01:D9:9A",
        "ssid": null,
        "oui": "00:F4:8D",
        "channel": 0,
        "encryption": "unknown",
        "firsttime": "2024-06-17T21:00:00.000Z",
        "lasttime": "2024-09-16T13:00:00.000Z",
        "city": null,
        "region": "IN",
        "country": "US",
        "road": "East 126th Street",
        "postalcode": "46038"
      }
    },
    {
      "type": "Feature",
      "geometry": {
        "type": "Point",
        "coordinates": [
          -74.18878937,
          40.70871353
        ]
      },
      "properties": {
        "netid": "00:F4:8D:01:DB:3C",
        "ssid": null,
        "oui": "00:F4:8D",
        "channel": 5,
        "encryption": "unknown",
        "firsttime": "2025-06-15T00:00:00.000Z",
        "lasttime": "2025-07-07T07:00:00.000Z",
        "city": "Newark",
        "region": "NJ",
        "country": "US",
        "road": "Interstate 78 Local",
        "postalcode": "07114"
      }
    },
    {
      "type": "Feature",
      "geometry": {
        "type": "Point",
        "coordinates": [
          -82.65805817,
          27.78243446
        ]
      },
      "properties": {
        "netid": "00:F4:8D:01:E3:A9",
        "ssid": null,
        "oui": "00:F4:8D",
        "channel": 12,
        "encryption": "unknown",
        "firsttime": "2025-04-23T23:00:00.000Z",
        "lasttime": "2025-04-24T11:00:00.000Z",
        "city": "Saint Petersburg",
        "region": "FL",
        "country": "US",
        "road": "19th Street North",
        "postalcode": "33713"
      }
    },
    {
      "type": "Feature",
      "geometry": {
        "type": "Point",
        "coordinates": [
          17.56851196,
          48.43907166
        ]
      },
      "properties": {
        "netid": "00:F4:8D:01:E7:FC",
        "ssid": "ACUyJmYA",
        "oui": "00:F4:8D",
        "channel": 6,
        "encryption": "wpa2",
        "firsttime": "2026-06-14T10:00:00.000Z",
        "lasttime": "2026-06-16T08:00:00.000Z",
        "city": null,
        "region": "Trnavsk\u00fd kraj",
        "country": "SK",
        "road": "Krupsk\u00e1",
        "postalcode": "917 01"
      }
    },
    {
      "type": "Feature",
      "geometry": {
        "type": "Point",
        "coordinates": [
          23.54884529,
          61.45166779
        ]
      },
      "properties": {
        "netid": "00:F4:8D:01:E8:01",
        "ssid": "ACDWZBCV",
        "oui": "00:F4:8D",
        "channel": 6,
        "encryption": "wpa2",
        "firsttime": "2026-02-13T11:00:00.000Z",
        "lasttime": "2026-02-13T03:00:00.000Z",
        "city": null,
        "region": "Manner-Suomi",
        "country": "FI",
        "road": "Reipintie",
        "postalcode": "33980"
      }
    },
    {
      "type": "Feature",
      "geometry": {
        "type": "Point",
        "coordinates": [
          16.54130745,
          68.78330994
        ]
      },
      "properties": {
        "netid": "00:F4:8D:01:E8:19",
        "ssid": "ACAx19Ab",
        "oui": "00:F4:8D",
        "channel": 6,
        "encryption": "wpa2",
        "firsttime": "2003-04-23T22:00:00.000Z",
        "lasttime": "2024-09-19T07:00:00.000Z",
        "city": null,
        "region": "Troms og Finnmark",
        "country": "NO",
        "road": "83",
        "postalcode": null
      }
    },
    {
      "type": "Feature",
      "geometry": {
        "type": "Point",
        "coordinates": [
          25.66049957,
          62.23519897
        ]
      },
      "properties": {
        "netid": "00:F4:8D:01:E8:1B",
        "ssid": "AC2cpiU0",
        "oui": "00:F4:8D",
        "channel": 6,
        "encryption": "wpa2",
        "firsttime": "2025-06-09T04:00:00.000Z",
        "lasttime": "2025-07-01T21:00:00.000Z",
        "city": "Jyv\u00e4skyl\u00e4",
        "region": "Manner-Suomi",
        "country": "FI",
        "road": "Orakkaantie",
        "postalcode": "40640"
      }
    },
    {
      "type": "Feature",
      "geometry": {
        "type": "Point",
        "coordinates": [
          14.46671486,
          45.32538986
        ]
      },
      "properties": {
        "netid": "00:F4:8D:01:E8:4C",
        "ssid": "AC7jPJ6b",
        "oui": "00:F4:8D",
        "channel": 6,
        "encryption": "wpa2",
        "firsttime": "2025-03-05T21:00:00.000Z",
        "lasttime": "2025-03-17T07:00:00.000Z",
        "city": "Rijeka",
        "region": "Primorsko-goranska \u017eupanija",
        "country": "HR",
        "road": "Slavka Krautzeka",
        "postalcode": "51000"
      }
    },
    {
      "type": "Feature",
      "geometry": {
        "type": "Point",
        "coordinates": [
          14.66065121,
          49.99732971
        ]
      },
      "properties": {
        "netid": "00:F4:8D:01:E8:4D",
        "ssid": "ACSi5pgK",
        "oui": "00:F4:8D",
        "channel": 6,
        "encryption": "wpa2",
        "firsttime": "2019-09-04T09:00:00.000Z",
        "lasttime": "2026-09-01T22:00:00.000Z",
        "city": null,
        "region": "St\u0159edn\u00ed \u010cechy",
        "country": "CZ",
        "road": "17. listopadu",
        "postalcode": "25101"
      }
    },
    {
      "type": "Feature",
      "geometry": {
        "type": "Point",
        "coordinates": [
          17.09839439,
          48.10651016
        ]
      },
      "properties": {
        "netid": "00:F4:8D:01:E8:7B",
        "ssid": "ACkwIAd3",
        "oui": "00:F4:8D",
        "channel": 6,
        "encryption": "wpa2",
        "firsttime": "2025-07-07T03:00:00.000Z",
        "lasttime": "2025-07-09T09:00:00.000Z",
        "city": "Bratislava",
        "region": "Bratislavsk\u00fd kraj",
        "country": "SK",
        "road": "Budat\u00ednska",
        "postalcode": "851 04"
      }
    },
    {
      "type": "Feature",
      "geometry": {
        "type": "Point",
        "coordinates": [
          11.05605316,
          59.9653511
        ]
      },
      "properties": {
        "netid": "00:F4:8D:01:E8:DB",
        "ssid": "ACoyhnq7",
        "oui": "00:F4:8D",
        "channel": 6,
        "encryption": "wpa2",
        "firsttime": "2022-12-22T12:00:00.000Z",
        "lasttime": "2025-07-12T09:00:00.000Z",
        "city": null,
        "region": "Viken",
        "country": "NO",
        "road": "Fetveien",
        "postalcode": "2000"
      }
    },
    {
      "type": "Feature",
      "geometry": {
        "type": "Point",
        "coordinates": [
          23.5488739,
          61.45166397
        ]
      },
      "properties": {
        "netid": "00:F4:8D:01:E9:5C",
        "ssid": "AC9XMR01",
        "oui": "00:F4:8D",
        "channel": 6,
        "encryption": "wpa2",
        "firsttime": "2026-02-13T11:00:00.000Z",
        "lasttime": "2026-02-13T03:00:00.000Z",
        "city": null,
        "region": "Manner-Suomi",
        "country": "FI",
        "road": "Reipintie",
        "postalcode": "33980"
      }
    },
    {
      "type": "Feature",
      "geometry": {
        "type": "Point",
        "coordinates": [
          14.39939976,
          50.06880569
        ]
      },
      "properties": {
        "netid": "00:F4:8D:01:E9:82",
        "ssid": "ACPaTOKr",
        "oui": "00:F4:8D",
        "channel": 6,
        "encryption": "wpa2",
        "firsttime": "2019-09-07T10:00:00.000Z",
        "lasttime": "2026-06-08T18:00:00.000Z",
        "city": "Hlavn\u00ed m\u011bsto Praha",
        "region": "Praha",
        "country": "CZ",
        "road": "Na Zatlance",
        "postalcode": "15000"
      }
    },
    {
      "type": "Feature",
      "geometry": {
        "type": "Point",
        "coordinates": [
          -97.38445282,
          31.09069824
        ]
      },
      "properties": {
        "netid": "00:F4:8D:02:04:33",
        "ssid": null,
        "oui": "00:F4:8D",
        "channel": 0,
        "encryption": "unknown",
        "firsttime": "2026-04-10T13:00:00.000Z",
        "lasttime": "2026-04-10T20:00:00.000Z",
        "city": null,
        "region": "TX",
        "country": "US",
        "road": "South General Bruce Drive",
        "postalcode": "76504"
      }
    },
    {
      "type": "Feature",
      "geometry": {
        "type": "Point",
        "coordinates": [
          2.4545083,
          48.76779175
        ]
      },
      "properties": {
        "netid": "00:F4:8D:02:0E:88",
        "ssid": "DESKTOP-G4CLBNC 1426",
        "oui": "00:F4:8D",
        "channel": 5,
        "encryption": "wpa2",
        "firsttime": "2025-09-23T18:00:00.000Z",
        "lasttime": "2025-09-23T11:00:00.000Z",
        "city": null,
        "region": "\u00cele-de-France",
        "country": "FR",
        "road": "Rue Vasco de Gama",
        "postalcode": "94460"
      }
    },
    {
      "type": "Feature",
      "geometry": {
        "type": "Point",
        "coordinates": [
          21.19087982,
          52.34616089
        ]
      },
      "properties": {
        "netid": "00:F4:8D:02:51:92",
        "ssid": "DIRECT-JTLAPTOP-5KLT32PFmsUq",
        "oui": "00:F4:8D",
        "channel": 11,
        "encryption": "wpa2",
        "firsttime": "2026-01-01T13:00:00.000Z",
        "lasttime": "2026-01-01T07:00:00.000Z",
        "city": null,
        "region": "wojew\u00f3dztwo mazowieckie",
        "country": "PL",
        "road": "Mieszka I",
        "postalcode": "05-230"
      }
    },
    {
      "type": "Feature",
      "geometry": {
        "type": "Point",
        "coordinates": [
          -5.00512552,
          34.03890228
        ]
      },
      "properties": {
        "netid": "00:F4:8D:02:EF:CC",
        "ssid": "DESKTOP-3NA874T 6906",
        "oui": "00:F4:8D",
        "channel": 11,
        "encryption": "wpa2",
        "firsttime": "2025-07-07T08:00:00.000Z",
        "lasttime": "2025-07-07T01:00:00.000Z",
        "city": "F\u00e8s \u2d3c\u2d30\u2d59 \u0641\u0627\u0633",
        "region": "F\u00e8s-Mekn\u00e8s \u2d3c\u2d30\u2d59-\u2d4e\u2d3d\u2d4f\u2d30\u2d59 \u0641\u0627\u0633-\u0645\u0643\u0646\u0627\u0633",
        "country": "MA",
        "road": "Rue Abdelkarim Benjelloun",
        "postalcode": "30013"
      }
    },
    {
      "type": "Feature",
      "geometry": {
        "type": "Point",
        "coordinates": [
          -88.48678589,
          43.07848358
        ]
      },
      "properties": {
        "netid": "00:F4:8D:04:15:94",
        "ssid": "Lucky Chucks_5G",
        "oui": "00:F4:8D",
        "channel": 9,
        "encryption": "none",
        "firsttime": "2026-08-27T14:00:00.000Z",
        "lasttime": "2026-08-27T13:00:00.000Z",
        "city": null,
        "region": "WI",
        "country": "US",
        "road": "Valley Road",
        "postalcode": "53066"
      }
    },
    {
      "type": "Feature",
      "geometry": {
        "type": "Point",
        "coordinates": [
          -88.48664093,
          43.07831955
        ]
      },
      "properties": {
        "netid": "00:F4:8D:04:15:F2",
        "ssid": "Flock",
        "oui": "00:F4:8D",
        "channel": 2,
        "encryption": "none",
        "firsttime": "2026-08-27T14:00:00.000Z",
        "lasttime": "2026-08-27T13:00:00.000Z",
        "city": null,
        "region": "WI",
        "country": "US",
        "road": "Valley Road",
        "postalcode": "53066"
      }
    },
    {
      "type": "Feature",
      "geometry": {
        "type": "Point",
        "coordinates": [
          -88.48580933,
          43.0778923
        ]
      },
      "properties": {
        "netid": "00:F4:8D:04:21:B9",
        "ssid": "MySpectrumWiFif4-5G",
        "oui": "00:F4:8D",
        "channel": 2,
        "encryption": "none",
        "firsttime": "2026-08-27T14:00:00.000Z",
        "lasttime": "2026-08-27T13:00:00.000Z",
        "city": null,
        "region": "WI",
        "country": "US",
        "road": "Valley Road",
        "postalcode": "53066"
      }
    },
    {
      "type": "Feature",
      "geometry": {
        "type": "Point",
        "coordinates": [
          -73.0080719,
          40.76278305
        ]
      },
      "properties": {
        "netid": "00:F4:8D:04:46:EA",
        "ssid": null,
        "oui": "00:F4:8D",
        "channel": 8,
        "encryption": "unknown",
        "firsttime": "2025-02-08T01:00:00.000Z",
        "lasttime": "2025-02-07T18:00:00.000Z",
        "city": null,
        "region": "NY",
        "country": "US",
        "road": "Edwards Street",
        "postalcode": "11772"
      }
    },
    {
      "type": "Feature",
      "geometry": {
        "type": "Point",
        "coordinates": [
          -82.72452545,
          27.86463165
        ]
      },
      "properties": {
        "netid": "00:F4:8D:04:46:FB",
        "ssid": null,
        "oui": "00:F4:8D",
        "channel": 0,
        "encryption": "unknown",
        "firsttime": "2025-05-23T00:00:00.000Z",
        "lasttime": "2025-05-23T00:00:00.000Z",
        "city": "Pinellas Park",
        "region": "FL",
        "country": "US",
        "road": "102nd Avenue North",
        "postalcode": "33782"
      }
    },
    {
      "type": "Feature",
      "geometry": {
        "type": "Point",
        "coordinates": [
          -79.08084869,
          43.08990479
        ]
      },
      "properties": {
        "netid": "00:F4:8D:04:49:C6",
        "ssid": null,
        "oui": "00:F4:8D",
        "channel": 36,
        "encryption": "unknown",
        "firsttime": "2026-07-23T21:00:00.000Z",
        "lasttime": "2026-07-24T07:00:00.000Z",
        "city": "Niagara Falls",
        "region": "Ontario",
        "country": "CA",
        "road": "Ferry Street",
        "postalcode": "L2G 1R5"
      }
    },
    {
      "type": "Feature",
      "geometry": {
        "type": "Point",
        "coordinates": [
          -73.25162506,
          44.51197052
        ]
      },
      "properties": {
        "netid": "00:F4:8D:04:4D:4F",
        "ssid": null,
        "oui": "00:F4:8D",
        "channel": 0,
        "encryption": "unknown",
        "firsttime": "2025-11-07T22:00:00.000Z",
        "lasttime": "2025-11-07T23:00:00.000Z",
        "city": "Burlington",
        "region": "VT",
        "country": "US",
        "road": "North Avenue",
        "postalcode": "05408"
      }
    },
    {
      "type": "Feature",
      "geometry": {
        "type": "Point",
        "coordinates": [
          -113.97024536,
          51.13436508
        ]
      },
      "properties": {
        "netid": "00:F4:8D:04:4F:F6",
        "ssid": null,
        "oui": "00:F4:8D",
        "channel": 0,
        "encryption": "unknown",
        "firsttime": "2025-12-19T22:00:00.000Z",
        "lasttime": "2025-12-20T09:00:00.000Z",
        "city": "Calgary",
        "region": "Alberta",
        "country": "CA",
        "road": "M\u00e9tis Trail NE",
        "postalcode": "T3J 0T8"
      }
    },
    {
      "type": "Feature",
      "geometry": {
        "type": "Point",
        "coordinates": [
          -73.95265961,
          40.62116241
        ]
      },
      "properties": {
        "netid": "00:F4:8D:04:58:1A",
        "ssid": "Flock",
        "oui": "00:F4:8D",
        "channel": 1,
        "encryption": "wpa2",
        "firsttime": "2026-08-12T15:00:00.000Z",
        "lasttime": "2026-08-12T10:00:00.000Z",
        "city": "City of New York",
        "region": "NY",
        "country": "US",
        "road": "East 23rd Street",
        "postalcode": "11210"
      }
    },
    {
      "type": "Feature",
      "geometry": {
        "type": "Point",
        "coordinates": [
          102.42816925,
          31.01856422
        ]
      },
      "properties": {
        "netid": "00:F4:8D:05:DA:D6",
        "ssid": "SKYLINK2Mdad6",
        "oui": "00:F4:8D",
        "channel": 11,
        "encryption": "wpa2",
        "firsttime": "2025-06-25T10:00:00.000Z",
        "lasttime": "2025-06-25T04:00:00.000Z",
        "city": null,
        "region": "\u56db\u5ddd\u7701",
        "country": "CN",
        "road": null,
        "postalcode": null
      }
    },
    {
      "type": "Feature",
      "geometry": {
        "type": "Point",
        "coordinates": [
          26.12405968,
          44.44648361
        ]
      },
      "properties": {
        "netid": "00:F4:8D:05:F3:03",
        "ssid": "DIRECT-hWDESKTOP-N66CIVTLHOU",
        "oui": "00:F4:8D",
        "channel": 6,
        "encryption": "wpa2",
        "firsttime": "2025-11-17T12:00:00.000Z",
        "lasttime": "2025-11-24T21:00:00.000Z",
        "city": "Municipiul Bucure\u0219ti",
        "region": "Obor",
        "country": "RO",
        "road": "Strada Ion Maiorescu",
        "postalcode": "021244"
      }
    },
    {
      "type": "Feature",
      "geometry": {
        "type": "Point",
        "coordinates": [
          -82.6548233,
          27.79929924
        ]
      },
      "properties": {
        "netid": "00:F4:8D:06:5A:18",
        "ssid": null,
        "oui": "00:F4:8D",
        "channel": 0,
        "encryption": "unknown",
        "firsttime": "2025-03-04T02:00:00.000Z",
        "lasttime": "2025-06-06T00:00:00.000Z",
        "city": "Saint Petersburg",
        "region": "FL",
        "country": "US",
        "road": "30th Avenue North",
        "postalcode": "33710"
      }
    },
    {
      "type": "Feature",
      "geometry": {
        "type": "Point",
        "coordinates": [
          -79.08080292,
          43.08990479
        ]
      },
      "properties": {
        "netid": "00:F4:8D:06:66:95",
        "ssid": null,
        "oui": "00:F4:8D",
        "channel": 48,
        "encryption": "unknown",
        "firsttime": "2026-07-23T20:00:00.000Z",
        "lasttime": "2026-07-24T07:00:00.000Z",
        "city": "Niagara Falls",
        "region": "Ontario",
        "country": "CA",
        "road": "Ferry Street",
        "postalcode": "L2G 1R5"
      }
    },
    {
      "type": "Feature",
      "geometry": {
        "type": "Point",
        "coordinates": [
          -73.94250488,
          42.7453804
        ]
      },
      "properties": {
        "netid": "00:F4:8D:06:6D:37",
        "ssid": null,
        "oui": "00:F4:8D",
        "channel": 0,
        "encryption": "unknown",
        "firsttime": "2026-08-08T21:00:00.000Z",
        "lasttime": "2026-08-08T22:00:00.000Z",
        "city": "City of Schenectady",
        "region": "NY",
        "country": "US",
        "road": "Fuller Station Road",
        "postalcode": "12303"
      }
    },
    {
      "type": "Feature",
      "geometry": {
        "type": "Point",
        "coordinates": [
          -120.84210205,
          37.49444199
        ]
      },
      "properties": {
        "netid": "00:F4:8D:06:70:01",
        "ssid": null,
        "oui": "00:F4:8D",
        "channel": 0,
        "encryption": "unknown",
        "firsttime": "2023-05-28T19:00:00.000Z",
        "lasttime": "2026-02-09T15:00:00.000Z",
        "city": "Turlock",
        "region": "CA",
        "country": "US",
        "road": "East Marshall Street",
        "postalcode": "95381"
      }
    },
    {
      "type": "Feature",
      "geometry": {
        "type": "Point",
        "coordinates": [
          28.13209915,
          -26.08755875
        ]
      },
      "properties": {
        "netid": "00:F4:8D:06:70:AC",
        "ssid": "DIRECT-JDLAPTOP-IUHCNGCBmsAE",
        "oui": "00:F4:8D",
        "channel": 11,
        "encryption": "wpa2",
        "firsttime": "2024-11-10T09:00:00.000Z",
        "lasttime": "2024-11-16T02:00:00.000Z",
        "city": "Sandton",
        "region": "Gauteng",
        "country": "ZA",
        "road": "Second Avenue",
        "postalcode": "2065"
      }
    },
    {
      "type": "Feature",
      "geometry": {
        "type": "Point",
        "coordinates": [
          -116.93386841,
          46.37320709
        ]
      },
      "properties": {
        "netid": "00:F4:8D:07:AB:07",
        "ssid": "Flock",
        "oui": "00:F4:8D",
        "channel": 1,
        "encryption": "wpa2",
        "firsttime": "2026-07-24T04:00:00.000Z",
        "lasttime": "2026-07-23T22:00:00.000Z",
        "city": "Lewiston",
        "region": "ID",
        "country": "US",
        "road": "Grelle Avenue",
        "postalcode": "83501"
      }
    },
    {
      "type": "Feature",
      "geometry": {
        "type": "Point",
        "coordinates": [
          -117.70703125,
          34.07724762
        ]
      },
      "properties": {
        "netid": "00:F4:8D:07:AD:23",
        "ssid": "Flock",
        "oui": "00:F4:8D",
        "channel": 1,
        "encryption": "wpa2",
        "firsttime": "2026-05-21T23:00:00.000Z",
        "lasttime": "2026-05-21T17:00:00.000Z",
        "city": null,
        "region": "CA",
        "country": "US",
        "road": "Ramona Avenue",
        "postalcode": "91710"
      }
    },
    {
      "type": "Feature",
      "geometry": {
        "type": "Point",
        "coordinates": [
          -120.87217712,
          37.53383636
        ]
      },
      "properties": {
        "netid": "00:F4:8D:07:AE:D3",
        "ssid": null,
        "oui": "00:F4:8D",
        "channel": 6,
        "encryption": "unknown",
        "firsttime": "2024-09-09T22:00:00.000Z",
        "lasttime": "2024-09-09T16:00:00.000Z",
        "city": "Turlock",
        "region": "CA",
        "country": "US",
        "road": "Alba Court",
        "postalcode": "95382"
      }
    },
    {
      "type": "Feature",
      "geometry": {
        "type": "Point",
        "coordinates": [
          -77.77207184,
          34.31568909
        ]
      },
      "properties": {
        "netid": "00:F4:8D:07:BA:8E",
        "ssid": "Flock",
        "oui": "00:F4:8D",
        "channel": 1,
        "encryption": "wpa2",
        "firsttime": "2026-08-11T01:00:00.000Z",
        "lasttime": "2026-08-10T19:00:00.000Z",
        "city": null,
        "region": "NC",
        "country": "US",
        "road": "Market Street",
        "postalcode": "28411"
      }
    },
    {
      "type": "Feature",
      "geometry": {
        "type": "Point",
        "coordinates": [
          -82.65193176,
          27.79204559
        ]
      },
      "properties": {
        "netid": "00:F4:8D:07:EB:81",
        "ssid": null,
        "oui": "00:F4:8D",
        "channel": 48,
        "encryption": "unknown",
        "firsttime": "2025-04-08T19:00:00.000Z",
        "lasttime": "2025-04-08T19:00:00.000Z",
        "city": "Saint Petersburg",
        "region": "FL",
        "country": "US",
        "road": "22nd Avenue North",
        "postalcode": "33710"
      }
    },
    {
      "type": "Feature",
      "geometry": {
        "type": "Point",
        "coordinates": [
          -73.50455475,
          45.67101288
        ]
      },
      "properties": {
        "netid": "00:F4:8D:08:0E:03",
        "ssid": null,
        "oui": "00:F4:8D",
        "channel": 0,
        "encryption": "unknown",
        "firsttime": "2025-05-04T17:00:00.000Z",
        "lasttime": "2025-05-07T15:00:00.000Z",
        "city": "Montr\u00e9al",
        "region": "Qu\u00e9bec",
        "country": "CA",
        "road": "Rue Sherbrooke Est",
        "postalcode": "H1A 1K6"
      }
    },
    {
      "type": "Feature",
      "geometry": {
        "type": "Point",
        "coordinates": [
          -73.39492035,
          40.67538452
        ]
      },
      "properties": {
        "netid": "00:F4:8D:08:18:87",
        "ssid": null,
        "oui": "00:F4:8D",
        "channel": 6,
        "encryption": "unknown",
        "firsttime": "2025-03-29T12:00:00.000Z",
        "lasttime": "2025-03-29T06:00:00.000Z",
        "city": null,
        "region": "NY",
        "country": "US",
        "road": "Pleasantview Court",
        "postalcode": "11726"
      }
    },
    {
      "type": "Feature",
      "geometry": {
        "type": "Point",
        "coordinates": [
          -72.99742126,
          40.91500092
        ]
      },
      "properties": {
        "netid": "00:F4:8D:08:C2:5E",
        "ssid": null,
        "oui": "00:F4:8D",
        "channel": 7,
        "encryption": "unknown",
        "firsttime": "2025-02-06T07:00:00.000Z",
        "lasttime": "2025-02-06T00:00:00.000Z",
        "city": null,
        "region": "NY",
        "country": "US",
        "road": "Chelsea Drive",
        "postalcode": "11766"
      }
    },
    {
      "type": "Feature",
      "geometry": {
        "type": "Point",
        "coordinates": [
          -69.80741882,
          44.34397125
        ]
      },
      "properties": {
        "netid": "00:F4:8D:08:CC:A5",
        "ssid": "Flock",
        "oui": "00:F4:8D",
        "channel": 1,
        "encryption": "wpa2",
        "firsttime": "2026-07-31T21:00:00.000Z",
        "lasttime": "2026-08-30T13:00:00.000Z",
        "city": "Augusta",
        "region": "ME",
        "country": "US",
        "road": "Leighton Road",
        "postalcode": "04330"
      }
    },
    {
      "type": "Feature",
      "geometry": {
        "type": "Point",
        "coordinates": [
          17.10227585,
          51.10438919
        ]
      },
      "properties": {
        "netid": "00:F4:8D:0A:19:1B",
        "ssid": null,
        "oui": "00:F4:8D",
        "channel": 4,
        "encryption": "none",
        "firsttime": "2026-08-24T20:00:00.000Z",
        "lasttime": "2026-08-24T12:00:00.000Z",
        "city": null,
        "region": "wojew\u00f3dztwo dolno\u015bl\u0105skie",
        "country": "PL",
        "road": "Stefanii Sempo\u0142owskiej",
        "postalcode": "51-660"
      }
    },
    {
      "type": "Feature",
      "geometry": {
        "type": "Point",
        "coordinates": [
          -114.13041687,
          51.14958572
        ]
      },
      "properties": {
        "netid": "00:F4:8D:0A:45:1D",
        "ssid": "Flock",
        "oui": "00:F4:8D",
        "channel": 1,
        "encryption": "wpa2",
        "firsttime": "2026-08-01T14:00:00.000Z",
        "lasttime": "2026-08-01T18:00:00.000Z",
        "city": "Calgary",
        "region": "Alberta",
        "country": "CA",
        "road": "Hidden Valley Drive NW",
        "postalcode": "T3A 5X6"
      }
    },
    {
      "type": "Feature",
      "geometry": {
        "type": "Point",
        "coordinates": [
          -79.97564697,
          40.49552917
        ]
      },
      "properties": {
        "netid": "00:F4:8D:0A:4B:42",
        "ssid": "Flock",
        "oui": "00:F4:8D",
        "channel": 1,
        "encryption": "wpa2",
        "firsttime": "2026-08-25T16:00:00.000Z",
        "lasttime": "2026-08-25T15:00:00.000Z",
        "city": null,
        "region": "PA",
        "country": "US",
        "road": "Walter Avenue",
        "postalcode": "15209"
      }
    },
    {
      "type": "Feature",
      "geometry": {
        "type": "Point",
        "coordinates": [
          -82.6776123,
          27.7809906
        ]
      },
      "properties": {
        "netid": "00:F4:8D:0A:51:7F",
        "ssid": null,
        "oui": "00:F4:8D",
        "channel": 4,
        "encryption": "unknown",
        "firsttime": "2025-09-11T21:00:00.000Z",
        "lasttime": "2025-12-02T14:00:00.000Z",
        "city": "Saint Petersburg",
        "region": "FL",
        "country": "US",
        "road": "9th Avenue North",
        "postalcode": "33713"
      }
    },
    {
      "type": "Feature",
      "geometry": {
        "type": "Point",
        "coordinates": [
          -82.67214966,
          27.75203133
        ]
      },
      "properties": {
        "netid": "00:F4:8D:0A:55:F4",
        "ssid": null,
        "oui": "00:F4:8D",
        "channel": 161,
        "encryption": "unknown",
        "firsttime": "2025-11-10T23:00:00.000Z",
        "lasttime": "2025-12-09T14:00:00.000Z",
        "city": "Saint Petersburg",
        "region": "FL",
        "country": "US",
        "road": "29th Street South",
        "postalcode": "33712"
      }
    },
    {
      "type": "Feature",
      "geometry": {
        "type": "Point",
        "coordinates": [
          -82.6465683,
          27.75232124
        ]
      },
      "properties": {
        "netid": "00:F4:8D:0A:57:67",
        "ssid": null,
        "oui": "00:F4:8D",
        "channel": 9,
        "encryption": "unknown",
        "firsttime": "2025-10-23T00:00:00.000Z",
        "lasttime": "2025-10-29T12:00:00.000Z",
        "city": "Saint Petersburg",
        "region": "FL",
        "country": "US",
        "road": "Doctor Martin Luther King Junior Street South",
        "postalcode": "33705-1903"
      }
    },
    {
      "type": "Feature",
      "geometry": {
        "type": "Point",
        "coordinates": [
          -73.85512543,
          45.55270767
        ]
      },
      "properties": {
        "netid": "00:F4:8D:0A:58:B0",
        "ssid": null,
        "oui": "00:F4:8D",
        "channel": 0,
        "encryption": "unknown",
        "firsttime": "2025-03-11T05:00:00.000Z",
        "lasttime": "2025-03-13T09:00:00.000Z",
        "city": "Laval (13)",
        "region": "Qu\u00e9bec",
        "country": "CA",
        "road": "Boulevard Dagenais Ouest",
        "postalcode": "H7R 1L3"
      }
    },
    {
      "type": "Feature",
      "geometry": {
        "type": "Point",
        "coordinates": [
          -95.41815186,
          29.76081467
        ]
      },
      "properties": {
        "netid": "00:F4:8D:0A:59:63",
        "ssid": null,
        "oui": "00:F4:8D",
        "channel": 1,
        "encryption": "unknown",
        "firsttime": "2025-04-18T12:00:00.000Z",
        "lasttime": "2025-05-09T14:00:00.000Z",
        "city": "Houston",
        "region": "TX",
        "country": "US",
        "road": "Memorial Drive",
        "postalcode": "77024"
      }
    },
    {
      "type": "Feature",
      "geometry": {
        "type": "Point",
        "coordinates": [
          -115.20777893,
          36.21131516
        ]
      },
      "properties": {
        "netid": "00:F4:8D:0A:6D:82",
        "ssid": null,
        "oui": "00:F4:8D",
        "channel": 0,
        "encryption": "unknown",
        "firsttime": "2025-05-16T19:00:00.000Z",
        "lasttime": "2025-05-20T15:00:00.000Z",
        "city": "Las Vegas",
        "region": "NV",
        "country": "US",
        "road": "North Rancho Drive",
        "postalcode": "89107"
      }
    },
    {
      "type": "Feature",
      "geometry": {
        "type": "Point",
        "coordinates": [
          -82.78757477,
          27.95760345
        ]
      },
      "properties": {
        "netid": "00:F4:8D:0A:76:5E",
        "ssid": null,
        "oui": "00:F4:8D",
        "channel": 149,
        "encryption": "unknown",
        "firsttime": "2025-04-15T00:00:00.000Z",
        "lasttime": "2025-12-10T03:00:00.000Z",
        "city": "Clearwater",
        "region": "FL",
        "country": "US",
        "road": "South Missouri Avenue",
        "postalcode": "33756"
      }
    },
    {
      "type": "Feature",
      "geometry": {
        "type": "Point",
        "coordinates": [
          -93.07823181,
          44.9298439
        ]
      },
      "properties": {
        "netid": "00:F4:8D:0A:A8:B6",
        "ssid": null,
        "oui": "00:F4:8D",
        "channel": 11,
        "encryption": "wpa2",
        "firsttime": "2026-07-26T18:00:00.000Z",
        "lasttime": "2026-07-27T04:00:00.000Z",
        "city": "Saint Paul",
        "region": "MN",
        "country": "US",
        "road": "Cesar Chavez Street",
        "postalcode": "55107"
      }
    },
    {
      "type": "Feature",
      "geometry": {
        "type": "Point",
        "coordinates": [
          -95.4846344,
          29.69342613
        ]
      },
      "properties": {
        "netid": "00:F4:8D:0A:AE:11",
        "ssid": null,
        "oui": "00:F4:8D",
        "channel": 7,
        "encryption": "none",
        "firsttime": "2026-08-26T18:00:00.000Z",
        "lasttime": "2026-08-26T20:00:00.000Z",
        "city": "Houston",
        "region": "TX",
        "country": "US",
        "road": "Valerie Street",
        "postalcode": "77081"
      }
    },
    {
      "type": "Feature",
      "geometry": {
        "type": "Point",
        "coordinates": [
          -82.96543121,
          40.04833221
        ]
      },
      "properties": {
        "netid": "00:F4:8D:0A:AF:66",
        "ssid": "Flock",
        "oui": "00:F4:8D",
        "channel": 1,
        "encryption": "wpa2",
        "firsttime": "2026-07-28T19:00:00.000Z",
        "lasttime": "2026-07-31T18:00:00.000Z",
        "city": "Columbus",
        "region": "OH",
        "country": "US",
        "road": "Case Road",
        "postalcode": "43224"
      }
    },
    {
      "type": "Feature",
      "geometry": {
        "type": "Point",
        "coordinates": [
          -81.76274109,
          41.4640274
        ]
      },
      "properties": {
        "netid": "00:F4:8D:0A:AF:EB",
        "ssid": null,
        "oui": "00:F4:8D",
        "channel": 4,
        "encryption": "unknown",
        "firsttime": "2025-07-25T21:00:00.000Z",
        "lasttime": "2025-07-25T16:00:00.000Z",
        "city": "Cleveland",
        "region": "OH",
        "country": "US",
        "road": "West 110th Street",
        "postalcode": "44102"
      }
    },
    {
      "type": "Feature",
      "geometry": {
        "type": "Point",
        "coordinates": [
          -96.54545593,
          30.18996429
        ]
      },
      "properties": {
        "netid": "00:F4:8D:0A:B0:4C",
        "ssid": null,
        "oui": "00:F4:8D",
        "channel": 1,
        "encryption": "wpa2",
        "firsttime": "2026-08-05T17:00:00.000Z",
        "lasttime": "2026-08-05T12:00:00.000Z",
        "city": null,
        "region": "TX",
        "country": "US",
        "road": "United States Highway 290",
        "postalcode": "77833"
      }
    },
    {
      "type": "Feature",
      "geometry": {
        "type": "Point",
        "coordinates": [
          -115.19986725,
          36.27946854
        ]
      },
      "properties": {
        "netid": "00:F4:8D:0A:B3:D9",
        "ssid": null,
        "oui": "00:F4:8D",
        "channel": 0,
        "encryption": "unknown",
        "firsttime": "2025-05-21T05:00:00.000Z",
        "lasttime": "2025-05-23T17:00:00.000Z",
        "city": "North Las Vegas",
        "region": "NV",
        "country": "US",
        "road": null,
        "postalcode": "89130"
      }
    },
    {
      "type": "Feature",
      "geometry": {
        "type": "Point",
        "coordinates": [
          -78.42723846,
          42.09923553
        ]
      },
      "properties": {
        "netid": "00:F4:8D:0A:B4:2A",
        "ssid": "\ufffdH`l",
        "oui": "00:F4:8D",
        "channel": 40,
        "encryption": "none",
        "firsttime": "2026-08-15T18:00:00.000Z",
        "lasttime": "2026-08-15T14:00:00.000Z",
        "city": null,
        "region": "NY",
        "country": "US",
        "road": "Erie Street",
        "postalcode": "14760"
      }
    },
    {
      "type": "Feature",
      "geometry": {
        "type": "Point",
        "coordinates": [
          -79.03422546,
          35.25454712
        ]
      },
      "properties": {
        "netid": "00:F4:8D:0A:B8:11",
        "ssid": null,
        "oui": "00:F4:8D",
        "channel": 36,
        "encryption": "wpa2",
        "firsttime": "2026-08-31T13:00:00.000Z",
        "lasttime": "2026-08-31T06:00:00.000Z",
        "city": null,
        "region": "NC",
        "country": "US",
        "road": "Brandywood Court",
        "postalcode": "28326"
      }
    },
    {
      "type": "Feature",
      "geometry": {
        "type": "Point",
        "coordinates": [
          -77.37044525,
          37.60287857
        ]
      },
      "properties": {
        "netid": "00:F4:8D:0A:C0:3D",
        "ssid": "Flock",
        "oui": "00:F4:8D",
        "channel": 1,
        "encryption": "wpa2",
        "firsttime": "2026-05-14T21:00:00.000Z",
        "lasttime": "2026-05-20T16:00:00.000Z",
        "city": null,
        "region": "VA",
        "country": "US",
        "road": "Cold Harbor Road",
        "postalcode": null
      }
    },
    {
      "type": "Feature",
      "geometry": {
        "type": "Point",
        "coordinates": [
          -90.24628448,
          38.60832977
        ]
      },
      "properties": {
        "netid": "00:F4:8D:0A:C4:95",
        "ssid": null,
        "oui": "00:F4:8D",
        "channel": 2,
        "encryption": "wpa2",
        "firsttime": "2026-08-29T16:00:00.000Z",
        "lasttime": "2026-08-29T11:00:00.000Z",
        "city": "Saint Louis",
        "region": "MO",
        "country": "US",
        "road": "Magnolia Avenue",
        "postalcode": "63110"
      }
    },
    {
      "type": "Feature",
      "geometry": {
        "type": "Point",
        "coordinates": [
          -79.08088684,
          43.08986282
        ]
      },
      "properties": {
        "netid": "00:F4:8D:0A:D6:BF",
        "ssid": null,
        "oui": "00:F4:8D",
        "channel": 0,
        "encryption": "unknown",
        "firsttime": "2026-07-23T20:00:00.000Z",
        "lasttime": "2026-07-24T07:00:00.000Z",
        "city": "Niagara Falls",
        "region": "Ontario",
        "country": "CA",
        "road": "Ferry Street",
        "postalcode": "L2G 1R5"
      }
    },
    {
      "type": "Feature",
      "geometry": {
        "type": "Point",
        "coordinates": [
          -76.54167175,
          39.38919067
        ]
      },
      "properties": {
        "netid": "00:F4:8D:0A:D8:13",
        "ssid": null,
        "oui": "00:F4:8D",
        "channel": 0,
        "encryption": "unknown",
        "firsttime": "2026-06-29T21:00:00.000Z",
        "lasttime": "2026-07-01T14:00:00.000Z",
        "city": null,
        "region": "MD",
        "country": "US",
        "road": "Putty Hill Avenue",
        "postalcode": "21234"
      }
    },
    {
      "type": "Feature",
      "geometry": {
        "type": "Point",
        "coordinates": [
          -118.21582794,
          34.08206177
        ]
      },
      "properties": {
        "netid": "00:F4:8D:0A:EA:35",
        "ssid": null,
        "oui": "00:F4:8D",
        "channel": 0,
        "encryption": "wpa2",
        "firsttime": "2026-01-13T04:00:00.000Z",
        "lasttime": "2026-01-12T23:00:00.000Z",
        "city": "Los Angeles",
        "region": "CA",
        "country": "US",
        "road": "Barranca Street",
        "postalcode": "90031-2212"
      }
    },
    {
      "type": "Feature",
      "geometry": {
        "type": "Point",
        "coordinates": [
          -117.1418457,
          33.22045898
        ]
      },
      "properties": {
        "netid": "00:F4:8D:0B:0A:17",
        "ssid": "Flock",
        "oui": "00:F4:8D",
        "channel": 1,
        "encryption": "wpa2",
        "firsttime": "2026-07-08T00:00:00.000Z",
        "lasttime": "2026-07-11T13:00:00.000Z",
        "city": null,
        "region": "CA",
        "country": "US",
        "road": "Avocado Highway",
        "postalcode": "92026"
      }
    },
    {
      "type": "Feature",
      "geometry": {
        "type": "Point",
        "coordinates": [
          -82.6374588,
          27.80308151
        ]
      },
      "properties": {
        "netid": "00:F4:8D:0D:74:AC",
        "ssid": null,
        "oui": "00:F4:8D",
        "channel": 0,
        "encryption": "unknown",
        "firsttime": "2025-05-01T22:00:00.000Z",
        "lasttime": "2025-05-01T21:00:00.000Z",
        "city": "Saint Petersburg",
        "region": "FL",
        "country": "US",
        "road": "34th Avenue NE",
        "postalcode": "33713"
      }
    },
    {
      "type": "Feature",
      "geometry": {
        "type": "Point",
        "coordinates": [
          -73.56086731,
          45.52355194
        ]
      },
      "properties": {
        "netid": "00:F4:8D:0E:CE:F6",
        "ssid": null,
        "oui": "00:F4:8D",
        "channel": 0,
        "encryption": "unknown",
        "firsttime": "2025-04-20T07:00:00.000Z",
        "lasttime": "2025-04-25T17:00:00.000Z",
        "city": "Montr\u00e9al",
        "region": "Qu\u00e9bec",
        "country": "CA",
        "road": "Rue Ontario Est",
        "postalcode": "H2L 1S1"
      }
    },
    {
      "type": "Feature",
      "geometry": {
        "type": "Point",
        "coordinates": [
          -82.65497589,
          27.82341576
        ]
      },
      "properties": {
        "netid": "00:F4:8D:0F:7D:F7",
        "ssid": null,
        "oui": "00:F4:8D",
        "channel": 5,
        "encryption": "unknown",
        "firsttime": "2025-05-16T19:00:00.000Z",
        "lasttime": "2025-10-27T11:00:00.000Z",
        "city": "Saint Petersburg",
        "region": "FL",
        "country": "US",
        "road": "16th Street North",
        "postalcode": "33702"
      }
    },
    {
      "type": "Feature",
      "geometry": {
        "type": "Point",
        "coordinates": [
          -80.99333954,
          29.10967445
        ]
      },
      "properties": {
        "netid": "00:F4:8D:0F:8D:48",
        "ssid": "Flock",
        "oui": "00:F4:8D",
        "channel": 7,
        "encryption": "none",
        "firsttime": "2026-08-29T23:00:00.000Z",
        "lasttime": "2026-08-30T00:00:00.000Z",
        "city": null,
        "region": "FL",
        "country": "US",
        "road": "Spruce Creek Road",
        "postalcode": "32127"
      }
    },
    {
      "type": "Feature",
      "geometry": {
        "type": "Point",
        "coordinates": [
          -82.65690613,
          27.78194427
        ]
      },
      "properties": {
        "netid": "00:F4:8D:0F:92:BB",
        "ssid": null,
        "oui": "00:F4:8D",
        "channel": 5,
        "encryption": "unknown",
        "firsttime": "2025-09-24T00:00:00.000Z",
        "lasttime": "2025-09-24T12:00:00.000Z",
        "city": "Saint Petersburg",
        "region": "FL",
        "country": "US",
        "road": "Queen Street North",
        "postalcode": "33713"
      }
    },
    {
      "type": "Feature",
      "geometry": {
        "type": "Point",
        "coordinates": [
          10.81045151,
          59.79404449
        ]
      },
      "properties": {
        "netid": "00:F4:8D:0F:D0:73",
        "ssid": "AChvhQYa",
        "oui": "00:F4:8D",
        "channel": 6,
        "encryption": "wpa2",
        "firsttime": "2026-05-17T13:00:00.000Z",
        "lasttime": "2026-07-09T12:00:00.000Z",
        "city": null,
        "region": "Viken",
        "country": "NO",
        "road": "Bregneveien",
        "postalcode": "1412"
      }
    },
    {
      "type": "Feature",
      "geometry": {
        "type": "Point",
        "coordinates": [
          17.64607811,
          47.67623901
        ]
      },
      "properties": {
        "netid": "00:F4:8D:0F:D0:95",
        "ssid": "ACrTCaag",
        "oui": "00:F4:8D",
        "channel": 6,
        "encryption": "wpa2",
        "firsttime": "2021-09-01T11:00:00.000Z",
        "lasttime": "2026-06-28T01:00:00.000Z",
        "city": "Gy\u0151r",
        "region": "Nyugat-Dun\u00e1nt\u00fal",
        "country": "HU",
        "road": "Szigethy Attila \u00fat",
        "postalcode": "9023"
      }
    },
    {
      "type": "Feature",
      "geometry": {
        "type": "Point",
        "coordinates": [
          27.26394463,
          61.45291519
        ]
      },
      "properties": {
        "netid": "00:F4:8D:0F:D0:F2",
        "ssid": "ACJu2AQj",
        "oui": "00:F4:8D",
        "channel": 6,
        "encryption": "wpa2",
        "firsttime": "2021-12-26T11:00:00.000Z",
        "lasttime": "2024-12-28T08:00:00.000Z",
        "city": "Mikkeli",
        "region": "Manner-Suomi",
        "country": "FI",
        "road": "Kouvolantie",
        "postalcode": null
      }
    },
    {
      "type": "Feature",
      "geometry": {
        "type": "Point",
        "coordinates": [
          13.07258606,
          67.93725586
        ]
      },
      "properties": {
        "netid": "00:F4:8D:0F:D1:10",
        "ssid": "ACIdzM5G",
        "oui": "00:F4:8D",
        "channel": 6,
        "encryption": "wpa2",
        "firsttime": "2020-12-15T06:00:00.000Z",
        "lasttime": "2025-08-05T12:00:00.000Z",
        "city": null,
        "region": "Nordland",
        "country": "NO",
        "road": "Moskenesveien",
        "postalcode": "8390"
      }
    },
    {
      "type": "Feature",
      "geometry": {
        "type": "Point",
        "coordinates": [
          12.58845234,
          55.78327942
        ]
      },
      "properties": {
        "netid": "00:F4:8D:0F:D1:39",
        "ssid": "AC3tRl2O",
        "oui": "00:F4:8D",
        "channel": 6,
        "encryption": "wpa2",
        "firsttime": "2021-09-28T14:00:00.000Z",
        "lasttime": "2026-08-24T23:00:00.000Z",
        "city": null,
        "region": "Region Hovedstaden",
        "country": "DK",
        "road": "Strandvejen",
        "postalcode": "2930"
      }
    },
    {
      "type": "Feature",
      "geometry": {
        "type": "Point",
        "coordinates": [
          14.49396229,
          50.12389755
        ]
      },
      "properties": {
        "netid": "00:F4:8D:0F:D1:D4",
        "ssid": "ACnIGgTS",
        "oui": "00:F4:8D",
        "channel": 6,
        "encryption": "wpa2",
        "firsttime": "2020-06-17T14:00:00.000Z",
        "lasttime": "2026-08-01T07:00:00.000Z",
        "city": "Hlavn\u00ed m\u011bsto Praha",
        "region": "Praha",
        "country": "CZ",
        "road": "Jabloneck\u00e1",
        "postalcode": "19000"
      }
    },
    {
      "type": "Feature",
      "geometry": {
        "type": "Point",
        "coordinates": [
          10.1629715,
          59.74649048
        ]
      },
      "properties": {
        "netid": "00:F4:8D:0F:D2:10",
        "ssid": "ACsxjmGr",
        "oui": "00:F4:8D",
        "channel": 6,
        "encryption": "wpa2",
        "firsttime": "2020-06-30T12:00:00.000Z",
        "lasttime": "2026-03-26T12:00:00.000Z",
        "city": "Drammen",
        "region": "Viken",
        "country": "NO",
        "road": "2708",
        "postalcode": "3023"
      }
    },
    {
      "type": "Feature",
      "geometry": {
        "type": "Point",
        "coordinates": [
          14.36878586,
          67.27592468
        ]
      },
      "properties": {
        "netid": "00:F4:8D:0F:D2:1C",
        "ssid": "AC5gTSb0",
        "oui": "00:F4:8D",
        "channel": 6,
        "encryption": "wpa2",
        "firsttime": "2026-07-02T10:00:00.000Z",
        "lasttime": "2026-07-02T04:00:00.000Z",
        "city": "Bod\u00f8",
        "region": "Nordland",
        "country": "NO",
        "road": "H\u00e5kon VII gate",
        "postalcode": "8003"
      }
    },
    {
      "type": "Feature",
      "geometry": {
        "type": "Point",
        "coordinates": [
          25.03612709,
          60.19205093
        ]
      },
      "properties": {
        "netid": "00:F4:8D:0F:D2:29",
        "ssid": "ACBeurwy",
        "oui": "00:F4:8D",
        "channel": 6,
        "encryption": "wpa2",
        "firsttime": "2022-10-13T16:00:00.000Z",
        "lasttime": "2026-03-19T10:00:00.000Z",
        "city": "Helsinki",
        "region": "Manner-Suomi",
        "country": "FI",
        "road": "Sisselenkuja",
        "postalcode": "00880"
      }
    },
    {
      "type": "Feature",
      "geometry": {
        "type": "Point",
        "coordinates": [
          4.83945417,
          45.87520218
        ]
      },
      "properties": {
        "netid": "00:F4:8D:0F:D2:70",
        "ssid": "ACpVx9Cf",
        "oui": "00:F4:8D",
        "channel": 6,
        "encryption": "wpa2",
        "firsttime": "2023-08-08T18:00:00.000Z",
        "lasttime": "2025-04-06T12:00:00.000Z",
        "city": null,
        "region": "Auvergne-Rh\u00f4ne-Alpes",
        "country": "FR",
        "road": "Place Raspail",
        "postalcode": "69250"
      }
    },
    {
      "type": "Feature",
      "geometry": {
        "type": "Point",
        "coordinates": [
          4.11272621,
          50.49290848
        ]
      },
      "properties": {
        "netid": "00:F4:8D:0F:D2:BA",
        "ssid": "ACrdf3rZ",
        "oui": "00:F4:8D",
        "channel": 6,
        "encryption": "wpa2",
        "firsttime": "2023-05-08T10:00:00.000Z",
        "lasttime": "2026-07-18T09:00:00.000Z",
        "city": null,
        "region": "Hainaut",
        "country": "BE",
        "road": "Autoroute de Wallonie",
        "postalcode": "7070"
      }
    },
    {
      "type": "Feature",
      "geometry": {
        "type": "Point",
        "coordinates": [
          2.29409981,
          48.83375931
        ]
      },
      "properties": {
        "netid": "00:F4:8D:0F:D3:0A",
        "ssid": "ACSt7lmr",
        "oui": "00:F4:8D",
        "channel": 6,
        "encryption": "wpa2",
        "firsttime": "2023-08-15T19:00:00.000Z",
        "lasttime": "2025-10-22T13:00:00.000Z",
        "city": "Paris",
        "region": "\u00cele-de-France",
        "country": "FR",
        "road": "Rue Malassis",
        "postalcode": "75015"
      }
    },
    {
      "type": "Feature",
      "geometry": {
        "type": "Point",
        "coordinates": [
          11.34052658,
          60.128685
        ]
      },
      "properties": {
        "netid": "00:F4:8D:0F:D3:23",
        "ssid": "ACD0DTm0",
        "oui": "00:F4:8D",
        "channel": 6,
        "encryption": "wpa2",
        "firsttime": "2019-12-30T16:00:00.000Z",
        "lasttime": "2026-05-15T14:00:00.000Z",
        "city": null,
        "region": "Viken",
        "country": "NO",
        "road": "Kongsvingervegen",
        "postalcode": "2165"
      }
    },
    {
      "type": "Feature",
      "geometry": {
        "type": "Point",
        "coordinates": [
          25.03553391,
          60.29264832
        ]
      },
      "properties": {
        "netid": "00:F4:8D:0F:D3:26",
        "ssid": "ACS3l2Op",
        "oui": "00:F4:8D",
        "channel": 6,
        "encryption": "wpa2",
        "firsttime": "2020-08-17T10:00:00.000Z",
        "lasttime": "2025-06-01T02:00:00.000Z",
        "city": "Vantaa",
        "region": "Manner-Suomi",
        "country": "FI",
        "road": "Unikkotie",
        "postalcode": "01300"
      }
    },
    {
      "type": "Feature",
      "geometry": {
        "type": "Point",
        "coordinates": [
          4.35111189,
          51.03714371
        ]
      },
      "properties": {
        "netid": "00:F4:8D:0F:D3:8D",
        "ssid": "ACcS467m",
        "oui": "00:F4:8D",
        "channel": 6,
        "encryption": "wpa2",
        "firsttime": "2025-08-23T15:00:00.000Z",
        "lasttime": "2025-09-06T11:00:00.000Z",
        "city": null,
        "region": "Antwerpen",
        "country": "BE",
        "road": "Baeckelmansstraat",
        "postalcode": "2830"
      }
    },
    {
      "type": "Feature",
      "geometry": {
        "type": "Point",
        "coordinates": [
          6.39031553,
          60.62870026
        ]
      },
      "properties": {
        "netid": "00:F4:8D:0F:D3:A0",
        "ssid": "ACYPFHH1",
        "oui": "00:F4:8D",
        "channel": 6,
        "encryption": "wpa2",
        "firsttime": "2025-08-16T09:00:00.000Z",
        "lasttime": "2025-08-16T11:00:00.000Z",
        "city": null,
        "region": "Vestland",
        "country": "NO",
        "road": "Sivlevegen",
        "postalcode": "5704"
      }
    },
    {
      "type": "Feature",
      "geometry": {
        "type": "Point",
        "coordinates": [
          10.03570843,
          58.99992371
        ]
      },
      "properties": {
        "netid": "00:F4:8D:0F:D3:A9",
        "ssid": "ACcgMUzE",
        "oui": "00:F4:8D",
        "channel": 6,
        "encryption": "wpa2",
        "firsttime": "2024-12-15T14:00:00.000Z",
        "lasttime": "2024-12-15T12:00:00.000Z",
        "city": null,
        "region": "Vestfold og Telemark",
        "country": "NO",
        "road": "Larviksveien",
        "postalcode": "3290"
      }
    },
    {
      "type": "Feature",
      "geometry": {
        "type": "Point",
        "coordinates": [
          5.56266212,
          51.75985718
        ]
      },
      "properties": {
        "netid": "00:F4:8D:0F:D3:FE",
        "ssid": "ACeO0zl8",
        "oui": "00:F4:8D",
        "channel": 6,
        "encryption": "wpa2",
        "firsttime": "2025-09-15T13:00:00.000Z",
        "lasttime": "2025-10-27T04:00:00.000Z",
        "city": null,
        "region": "Noord-Brabant",
        "country": "NL",
        "road": "Batavenweg",
        "postalcode": "5349BB"
      }
    },
    {
      "type": "Feature",
      "geometry": {
        "type": "Point",
        "coordinates": [
          13.52109432,
          45.43364716
        ]
      },
      "properties": {
        "netid": "00:F4:8D:0F:D4:5C",
        "ssid": "ACYWtmpG",
        "oui": "00:F4:8D",
        "channel": 6,
        "encryption": "wpa2",
        "firsttime": "2020-08-05T17:00:00.000Z",
        "lasttime": "2025-09-07T05:00:00.000Z",
        "city": null,
        "region": "Istarska \u017eupanija",
        "country": "HR",
        "road": "Nova obala",
        "postalcode": "52470"
      }
    },
    {
      "type": "Feature",
      "geometry": {
        "type": "Point",
        "coordinates": [
          169.14520264,
          -44.68634033
        ]
      },
      "properties": {
        "netid": "00:F4:8D:0F:D4:A3",
        "ssid": "ACZ5Fqo8",
        "oui": "00:F4:8D",
        "channel": 6,
        "encryption": "wpa2",
        "firsttime": "2021-05-06T12:00:00.000Z",
        "lasttime": "2026-01-21T15:00:00.000Z",
        "city": null,
        "region": "Otago",
        "country": "NZ",
        "road": "Anderson Road",
        "postalcode": "9305"
      }
    },
    {
      "type": "Feature",
      "geometry": {
        "type": "Point",
        "coordinates": [
          16.63442612,
          49.19984818
        ]
      },
      "properties": {
        "netid": "00:F4:8D:0F:D4:B4",
        "ssid": "ACFuvAMg",
        "oui": "00:F4:8D",
        "channel": 6,
        "encryption": "wpa2",
        "firsttime": "2019-05-06T05:00:00.000Z",
        "lasttime": "2026-04-04T12:00:00.000Z",
        "city": "Brno",
        "region": "Jihov\u00fdchod",
        "country": "CZ",
        "road": "Krokova",
        "postalcode": "61500"
      }
    },
    {
      "type": "Feature",
      "geometry": {
        "type": "Point",
        "coordinates": [
          9.0259676,
          56.13400269
        ]
      },
      "properties": {
        "netid": "00:F4:8D:0F:D5:0A",
        "ssid": "ACscYG52",
        "oui": "00:F4:8D",
        "channel": 6,
        "encryption": "wpa2",
        "firsttime": "2025-05-20T04:00:00.000Z",
        "lasttime": "2025-05-19T23:00:00.000Z",
        "city": null,
        "region": "Region Midtjylland",
        "country": "DK",
        "road": "Silkeborgvej",
        "postalcode": "7400"
      }
    },
    {
      "type": "Feature",
      "geometry": {
        "type": "Point",
        "coordinates": [
          25.77933121,
          62.24908447
        ]
      },
      "properties": {
        "netid": "00:F4:8D:0F:D5:27",
        "ssid": "AC61lgQp",
        "oui": "00:F4:8D",
        "channel": 6,
        "encryption": "wpa2",
        "firsttime": "2025-04-16T12:00:00.000Z",
        "lasttime": "2026-07-12T09:00:00.000Z",
        "city": "Jyv\u00e4skyl\u00e4",
        "region": "Manner-Suomi",
        "country": "FI",
        "road": "Vaajakoskentie",
        "postalcode": "40320"
      }
    },
    {
      "type": "Feature",
      "geometry": {
        "type": "Point",
        "coordinates": [
          4.35124731,
          51.03710175
        ]
      },
      "properties": {
        "netid": "00:F4:8D:0F:D5:59",
        "ssid": "AC4oealM",
        "oui": "00:F4:8D",
        "channel": 6,
        "encryption": "wpa2",
        "firsttime": "2024-12-14T12:00:00.000Z",
        "lasttime": "2025-08-23T11:00:00.000Z",
        "city": null,
        "region": "Antwerpen",
        "country": "BE",
        "road": "Baeckelmansstraat",
        "postalcode": "2830"
      }
    },
    {
      "type": "Feature",
      "geometry": {
        "type": "Point",
        "coordinates": [
          13.37318611,
          49.75747681
        ]
      },
      "properties": {
        "netid": "00:F4:8D:0F:D5:6A",
        "ssid": "ACnvx2KU",
        "oui": "00:F4:8D",
        "channel": 6,
        "encryption": "wpa2",
        "firsttime": "2019-08-04T10:00:00.000Z",
        "lasttime": "2026-08-01T05:00:00.000Z",
        "city": "Plze\u0148",
        "region": "Jihoz\u00e1pad",
        "country": "CZ",
        "road": null,
        "postalcode": "301 37"
      }
    },
    {
      "type": "Feature",
      "geometry": {
        "type": "Point",
        "coordinates": [
          17.14657593,
          48.15955734
        ]
      },
      "properties": {
        "netid": "00:F4:8D:0F:D5:F9",
        "ssid": "ACpKyfBx",
        "oui": "00:F4:8D",
        "channel": 6,
        "encryption": "wpa2",
        "firsttime": "2023-02-08T19:00:00.000Z",
        "lasttime": "2026-07-29T00:00:00.000Z",
        "city": "Bratislava",
        "region": "Bratislavsk\u00fd kraj",
        "country": "SK",
        "road": "Drie\u0148ov\u00e1",
        "postalcode": "821 01"
      }
    },
    {
      "type": "Feature",
      "geometry": {
        "type": "Point",
        "coordinates": [
          8.77777195,
          58.43854523
        ]
      },
      "properties": {
        "netid": "00:F4:8D:0F:D6:09",
        "ssid": "AC4u1xXA",
        "oui": "00:F4:8D",
        "channel": 6,
        "encryption": "wpa2",
        "firsttime": "2023-10-17T08:00:00.000Z",
        "lasttime": "2024-11-29T03:00:00.000Z",
        "city": null,
        "region": "Agder",
        "country": "NO",
        "road": "Gamle Sandvigvei",
        "postalcode": "4816"
      }
    },
    {
      "type": "Feature",
      "geometry": {
        "type": "Point",
        "coordinates": [
          15.81531429,
          50.43451309
        ]
      },
      "properties": {
        "netid": "00:F4:8D:0F:D6:1C",
        "ssid": "AC4vGXnP",
        "oui": "00:F4:8D",
        "channel": 6,
        "encryption": "wpa2",
        "firsttime": "2025-06-07T14:00:00.000Z",
        "lasttime": "2025-06-07T08:00:00.000Z",
        "city": null,
        "region": "Severov\u00fdchod",
        "country": "CZ",
        "road": "Tylova",
        "postalcode": "54401"
      }
    },
    {
      "type": "Feature",
      "geometry": {
        "type": "Point",
        "coordinates": [
          25.30854225,
          60.62078476
        ]
      },
      "properties": {
        "netid": "00:F4:8D:0F:D6:27",
        "ssid": "ACpVI0Qp",
        "oui": "00:F4:8D",
        "channel": 6,
        "encryption": "wpa2",
        "firsttime": "2024-09-10T14:00:00.000Z",
        "lasttime": "2024-09-10T11:00:00.000Z",
        "city": null,
        "region": "Manner-Suomi",
        "country": "FI",
        "road": "Porvoontie",
        "postalcode": "04620"
      }
    },
    {
      "type": "Feature",
      "geometry": {
        "type": "Point",
        "coordinates": [
          122.17750549,
          30.11526108
        ]
      },
      "properties": {
        "netid": "00:F4:8D:0F:F5:20",
        "ssid": "LAPTOP-PHVRI6OT 5786",
        "oui": "00:F4:8D",
        "channel": 11,
        "encryption": "wpa2",
        "firsttime": "2025-05-27T15:00:00.000Z",
        "lasttime": "2025-05-28T05:00:00.000Z",
        "city": "\u821f\u5c71\u5e02",
        "region": "\u6d59\u6c5f\u7701",
        "country": "CN",
        "road": null,
        "postalcode": null
      }
    },
    {
      "type": "Feature",
      "geometry": {
        "type": "Point",
        "coordinates": [
          21.99381256,
          49.99906921
        ]
      },
      "properties": {
        "netid": "00:F4:8D:10:08:78",
        "ssid": "LAPTOP-UU3R7B6F 7874",
        "oui": "00:F4:8D",
        "channel": 2,
        "encryption": "wpa2",
        "firsttime": "2026-04-17T09:00:00.000Z",
        "lasttime": "2026-05-06T11:00:00.000Z",
        "city": "Rzesz\u00f3w",
        "region": "wojew\u00f3dztwo podkarpackie",
        "country": "PL",
        "road": "Stanis\u0142awa Jachowicza",
        "postalcode": "35-314"
      }
    },
    {
      "type": "Feature",
      "geometry": {
        "type": "Point",
        "coordinates": [
          106.79036713,
          -6.2556057
        ]
      },
      "properties": {
        "netid": "00:F4:8D:10:16:4E",
        "ssid": "DIRECT-DoDESKTOP-D6K1NDNmsWX",
        "oui": "00:F4:8D",
        "channel": 6,
        "encryption": "wpa2",
        "firsttime": "2025-08-04T12:00:00.000Z",
        "lasttime": "2025-08-09T23:00:00.000Z",
        "city": "Daerah Khusus Ibukota Jakarta",
        "region": "Gandaria Utara",
        "country": "ID",
        "road": "Jalan Radio Dalam",
        "postalcode": "12140"
      }
    },
    {
      "type": "Feature",
      "geometry": {
        "type": "Point",
        "coordinates": [
          -114.21170044,
          51.15208435
        ]
      },
      "properties": {
        "netid": "00:F4:8D:10:94:32",
        "ssid": null,
        "oui": "00:F4:8D",
        "channel": 1,
        "encryption": "unknown",
        "firsttime": "2025-12-29T19:00:00.000Z",
        "lasttime": "2025-12-29T18:00:00.000Z",
        "city": "Calgary",
        "region": "Alberta",
        "country": "CA",
        "road": "112 Avenue NW",
        "postalcode": "T3R 0P3"
      }
    },
    {
      "type": "Feature",
      "geometry": {
        "type": "Point",
        "coordinates": [
          -73.61495972,
          45.4367981
        ]
      },
      "properties": {
        "netid": "00:F4:8D:10:98:5E",
        "ssid": null,
        "oui": "00:F4:8D",
        "channel": 0,
        "encryption": "unknown",
        "firsttime": "2025-07-08T16:00:00.000Z",
        "lasttime": "2025-07-11T18:00:00.000Z",
        "city": "Montr\u00e9al",
        "region": "Qu\u00e9bec",
        "country": "CA",
        "road": "Rue Lapierre",
        "postalcode": "H8N 2J5"
      }
    },
    {
      "type": "Feature",
      "geometry": {
        "type": "Point",
        "coordinates": [
          -118.3282547,
          33.78948593
        ]
      },
      "properties": {
        "netid": "00:F4:8D:11:B0:5B",
        "ssid": null,
        "oui": "00:F4:8D",
        "channel": 6,
        "encryption": "wpa2",
        "firsttime": "2026-05-24T19:00:00.000Z",
        "lasttime": "2026-05-24T13:00:00.000Z",
        "city": null,
        "region": "CA",
        "country": "US",
        "road": "Hillworth Avenue",
        "postalcode": "90717"
      }
    },
    {
      "type": "Feature",
      "geometry": {
        "type": "Point",
        "coordinates": [
          -111.78211212,
          43.82528687
        ]
      },
      "properties": {
        "netid": "00:F4:8D:11:B0:E1",
        "ssid": "Flock",
        "oui": "00:F4:8D",
        "channel": 1,
        "encryption": "wpa2",
        "firsttime": "2026-09-01T03:00:00.000Z",
        "lasttime": "2026-08-31T22:00:00.000Z",
        "city": null,
        "region": "ID",
        "country": "US",
        "road": "College Avenue",
        "postalcode": "83440"
      }
    },
    {
      "type": "Feature",
      "geometry": {
        "type": "Point",
        "coordinates": [
          -117.5929718,
          34.0717392
        ]
      },
      "properties": {
        "netid": "00:F4:8D:11:B7:40",
        "ssid": "Flock",
        "oui": "00:F4:8D",
        "channel": 1,
        "encryption": "wpa2",
        "firsttime": "2026-07-29T00:00:00.000Z",
        "lasttime": "2026-07-29T21:00:00.000Z",
        "city": "Ontario",
        "region": "CA",
        "country": "US",
        "road": "Archibald Avenue",
        "postalcode": "91743"
      }
    },
    {
      "type": "Feature",
      "geometry": {
        "type": "Point",
        "coordinates": [
          -97.30126953,
          37.66452026
        ]
      },
      "properties": {
        "netid": "00:F4:8D:11:B8:91",
        "ssid": null,
        "oui": "00:F4:8D",
        "channel": 1,
        "encryption": "unknown",
        "firsttime": "2026-05-19T23:00:00.000Z",
        "lasttime": "2026-05-23T11:00:00.000Z",
        "city": "Wichita",
        "region": "KS",
        "country": "US",
        "road": "East Harry Street",
        "postalcode": "67218-3722"
      }
    },
    {
      "type": "Feature",
      "geometry": {
        "type": "Point",
        "coordinates": [
          -82.73014832,
          27.96532822
        ]
      },
      "properties": {
        "netid": "00:F4:8D:11:B8:B5",
        "ssid": null,
        "oui": "00:F4:8D",
        "channel": 149,
        "encryption": "unknown",
        "firsttime": "2025-06-30T22:00:00.000Z",
        "lasttime": "2025-06-30T23:00:00.000Z",
        "city": "Clearwater",
        "region": "FL",
        "country": "US",
        "road": "Southbound Frontage Road",
        "postalcode": "34619"
      }
    },
    {
      "type": "Feature",
      "geometry": {
        "type": "Point",
        "coordinates": [
          -82.706604,
          27.77726364
        ]
      },
      "properties": {
        "netid": "00:F4:8D:11:B9:3E",
        "ssid": null,
        "oui": "00:F4:8D",
        "channel": 0,
        "encryption": "unknown",
        "firsttime": "2025-03-18T22:00:00.000Z",
        "lasttime": "2025-03-18T19:00:00.000Z",
        "city": "Saint Petersburg",
        "region": "FL",
        "country": "US",
        "road": "5th Avenue North",
        "postalcode": "33710"
      }
    },
    {
      "type": "Feature",
      "geometry": {
        "type": "Point",
        "coordinates": [
          -114.09768677,
          51.14284515
        ]
      },
      "properties": {
        "netid": "00:F4:8D:14:F8:7A",
        "ssid": "Flock",
        "oui": "00:F4:8D",
        "channel": 1,
        "encryption": "wpa2",
        "firsttime": "2026-08-01T21:00:00.000Z",
        "lasttime": "2026-08-01T15:00:00.000Z",
        "city": "Calgary",
        "region": "Alberta",
        "country": "CA",
        "road": "Country Hills Boulevard NW",
        "postalcode": "T3K 4B3"
      }
    },
    {
      "type": "Feature",
      "geometry": {
        "type": "Point",
        "coordinates": [
          -114.06801605,
          51.14649582
        ]
      },
      "properties": {
        "netid": "00:F4:8D:14:FF:CF",
        "ssid": null,
        "oui": "00:F4:8D",
        "channel": 0,
        "encryption": "unknown",
        "firsttime": "2025-12-23T18:00:00.000Z",
        "lasttime": "2025-12-23T13:00:00.000Z",
        "city": "Calgary",
        "region": "Alberta",
        "country": "CA",
        "road": "Country Hills Circle NW",
        "postalcode": "T3K 4W7"
      }
    },
    {
      "type": "Feature",
      "geometry": {
        "type": "Point",
        "coordinates": [
          -82.6608963,
          27.88644218
        ]
      },
      "properties": {
        "netid": "00:F4:8D:17:4B:D5",
        "ssid": null,
        "oui": "00:F4:8D",
        "channel": 11,
        "encryption": "unknown",
        "firsttime": "2025-05-16T23:00:00.000Z",
        "lasttime": "2025-06-06T00:00:00.000Z",
        "city": "Saint Petersburg",
        "region": "FL",
        "country": "US",
        "road": "Carillon Parkway",
        "postalcode": "33716-1201"
      }
    },
    {
      "type": "Feature",
      "geometry": {
        "type": "Point",
        "coordinates": [
          -86.79802704,
          36.15206146
        ]
      },
      "properties": {
        "netid": "00:F4:8D:17:50:A5",
        "ssid": null,
        "oui": "00:F4:8D",
        "channel": 1,
        "encryption": "unknown",
        "firsttime": "2025-03-15T19:00:00.000Z",
        "lasttime": "2025-03-15T15:00:00.000Z",
        "city": "Nashville-Davidson",
        "region": "TN",
        "country": "US",
        "road": "West End Avenue",
        "postalcode": "37205"
      }
    },
    {
      "type": "Feature",
      "geometry": {
        "type": "Point",
        "coordinates": [
          -82.66080475,
          27.88656235
        ]
      },
      "properties": {
        "netid": "00:F4:8D:17:55:CE",
        "ssid": null,
        "oui": "00:F4:8D",
        "channel": 4,
        "encryption": "unknown",
        "firsttime": "2025-05-16T23:00:00.000Z",
        "lasttime": "2025-06-06T00:00:00.000Z",
        "city": "Saint Petersburg",
        "region": "FL",
        "country": "US",
        "road": "Trinity Lane",
        "postalcode": "33716-1201"
      }
    },
    {
      "type": "Feature",
      "geometry": {
        "type": "Point",
        "coordinates": [
          -82.32727051,
          29.26756287
        ]
      },
      "properties": {
        "netid": "00:F4:8D:17:58:67",
        "ssid": null,
        "oui": "00:F4:8D",
        "channel": 11,
        "encryption": "none",
        "firsttime": "2026-08-20T14:00:00.000Z",
        "lasttime": "2026-08-25T13:00:00.000Z",
        "city": null,
        "region": "FL",
        "country": "US",
        "road": "US 27",
        "postalcode": "34482"
      }
    },
    {
      "type": "Feature",
      "geometry": {
        "type": "Point",
        "coordinates": [
          -78.72979736,
          35.75596619
        ]
      },
      "properties": {
        "netid": "00:F4:8D:17:5A:76",
        "ssid": null,
        "oui": "00:F4:8D",
        "channel": 1,
        "encryption": "wpa2",
        "firsttime": "2026-06-09T21:00:00.000Z",
        "lasttime": "2026-08-20T16:00:00.000Z",
        "city": "Raleigh",
        "region": "NC",
        "country": "US",
        "road": "Jones Franklin Road",
        "postalcode": "27606"
      }
    },
    {
      "type": "Feature",
      "geometry": {
        "type": "Point",
        "coordinates": [
          11.15250587,
          60.07355499
        ]
      },
      "properties": {
        "netid": "00:F4:8D:17:BE:02",
        "ssid": "ACHHjrct",
        "oui": "00:F4:8D",
        "channel": 6,
        "encryption": "wpa2",
        "firsttime": "2020-07-14T16:00:00.000Z",
        "lasttime": "2026-05-14T11:00:00.000Z",
        "city": null,
        "region": "Viken",
        "country": "NO",
        "road": "E 6",
        "postalcode": "2040"
      }
    },
    {
      "type": "Feature",
      "geometry": {
        "type": "Point",
        "coordinates": [
          175.24732971,
          -37.75147629
        ]
      },
      "properties": {
        "netid": "00:F4:8D:17:BE:18",
        "ssid": "ACvRPUm6",
        "oui": "00:F4:8D",
        "channel": 6,
        "encryption": "wpa2",
        "firsttime": "2002-10-03T17:00:00.000Z",
        "lasttime": "2026-06-20T19:00:00.000Z",
        "city": null,
        "region": "Waikato",
        "country": "NZ",
        "road": "Cecil Street",
        "postalcode": "3200"
      }
    },
    {
      "type": "Feature",
      "geometry": {
        "type": "Point",
        "coordinates": [
          8.97414207,
          63.58976364
        ]
      },
      "properties": {
        "netid": "00:F4:8D:17:BE:1F",
        "ssid": "ACNp6jES",
        "oui": "00:F4:8D",
        "channel": 6,
        "encryption": "wpa2",
        "firsttime": "2020-12-28T00:00:00.000Z",
        "lasttime": "2025-12-15T05:00:00.000Z",
        "city": null,
        "region": "Tr\u00f8ndelag",
        "country": "NO",
        "road": "Hitterveien",
        "postalcode": "7240"
      }
    },
    {
      "type": "Feature",
      "geometry": {
        "type": "Point",
        "coordinates": [
          16.55834007,
          68.7285614
        ]
      },
      "properties": {
        "netid": "00:F4:8D:17:BE:22",
        "ssid": "ACtzkgnQ",
        "oui": "00:F4:8D",
        "channel": 6,
        "encryption": "wpa2",
        "firsttime": "2023-07-29T19:00:00.000Z",
        "lasttime": "2026-08-30T05:00:00.000Z",
        "city": null,
        "region": "Troms og Finnmark",
        "country": "NO",
        "road": "Oldra",
        "postalcode": "9415"
      }
    },
    {
      "type": "Feature",
      "geometry": {
        "type": "Point",
        "coordinates": [
          15.9894352,
          68.41031647
        ]
      },
      "properties": {
        "netid": "00:F4:8D:17:BE:3E",
        "ssid": "ACUiNweF",
        "oui": "00:F4:8D",
        "channel": 6,
        "encryption": "wpa2",
        "firsttime": "2026-06-10T06:00:00.000Z",
        "lasttime": "2026-07-09T01:00:00.000Z",
        "city": null,
        "region": "Nordland",
        "country": "NO",
        "road": "Strandvegen",
        "postalcode": "8410"
      }
    },
    {
      "type": "Feature",
      "geometry": {
        "type": "Point",
        "coordinates": [
          170.48400879,
          -45.89755249
        ]
      },
      "properties": {
        "netid": "00:F4:8D:17:BE:44",
        "ssid": "ACMkoT4J",
        "oui": "00:F4:8D",
        "channel": 6,
        "encryption": "wpa2",
        "firsttime": "2026-04-21T22:00:00.000Z",
        "lasttime": "2026-04-21T17:00:00.000Z",
        "city": "Dunedin",
        "region": "Otago",
        "country": "NZ",
        "road": "Fitzroy Street",
        "postalcode": "9012"
      }
    },
    {
      "type": "Feature",
      "geometry": {
        "type": "Point",
        "coordinates": [
          11.18385506,
          60.14443588
        ]
      },
      "properties": {
        "netid": "00:F4:8D:17:BE:72",
        "ssid": "ACT6v7jV",
        "oui": "00:F4:8D",
        "channel": 6,
        "encryption": "wpa2",
        "firsttime": "2024-05-15T12:00:00.000Z",
        "lasttime": "2026-04-27T09:00:00.000Z",
        "city": null,
        "region": "Viken",
        "country": "NO",
        "road": "Industrivegen",
        "postalcode": "2069"
      }
    },
    {
      "type": "Feature",
      "geometry": {
        "type": "Point",
        "coordinates": [
          15.97405052,
          45.80196381
        ]
      },
      "properties": {
        "netid": "00:F4:8D:17:BE:92",
        "ssid": "ACtYh7FW",
        "oui": "00:F4:8D",
        "channel": 6,
        "encryption": "wpa2",
        "firsttime": "2021-02-27T22:00:00.000Z",
        "lasttime": "2026-07-31T08:00:00.000Z",
        "city": "Zagreb",
        "region": "Martinovka",
        "country": "HR",
        "road": "Miramarska cesta",
        "postalcode": "10000"
      }
    },
    {
      "type": "Feature",
      "geometry": {
        "type": "Point",
        "coordinates": [
          15.97381878,
          45.80203247
        ]
      },
      "properties": {
        "netid": "00:F4:8D:17:BE:A1",
        "ssid": "ACrbSIjs",
        "oui": "00:F4:8D",
        "channel": 6,
        "encryption": "wpa2",
        "firsttime": "2026-03-13T18:00:00.000Z",
        "lasttime": "2026-03-13T15:00:00.000Z",
        "city": "Zagreb",
        "region": "Martinovka",
        "country": "HR",
        "road": "Miramarska cesta",
        "postalcode": "10000"
      }
    },
    {
      "type": "Feature",
      "geometry": {
        "type": "Point",
        "coordinates": [
          9.63887119,
          59.65530014
        ]
      },
      "properties": {
        "netid": "00:F4:8D:17:BE:A2",
        "ssid": "ACWQqeX8",
        "oui": "00:F4:8D",
        "channel": 6,
        "encryption": "wpa2",
        "firsttime": "2026-03-27T02:00:00.000Z",
        "lasttime": "2026-06-27T23:00:00.000Z",
        "city": null,
        "region": "Viken",
        "country": "NO",
        "road": "Sandsv\u00e6rveien",
        "postalcode": "3616"
      }
    },
    {
      "type": "Feature",
      "geometry": {
        "type": "Point",
        "coordinates": [
          12.25402832,
          44.13774872
        ]
      },
      "properties": {
        "netid": "00:F4:8D:17:BE:A3",
        "ssid": "ACN5zBy1",
        "oui": "00:F4:8D",
        "channel": 6,
        "encryption": "wpa2",
        "firsttime": "2025-04-26T23:00:00.000Z",
        "lasttime": "2025-04-26T19:00:00.000Z",
        "city": null,
        "region": "Emilia-Romagna",
        "country": "IT",
        "road": "Sobborgo Valzania",
        "postalcode": "47521"
      }
    },
    {
      "type": "Feature",
      "geometry": {
        "type": "Point",
        "coordinates": [
          9.63889408,
          59.65550232
        ]
      },
      "properties": {
        "netid": "00:F4:8D:17:BE:B4",
        "ssid": "ACc50zjM",
        "oui": "00:F4:8D",
        "channel": 6,
        "encryption": "wpa2",
        "firsttime": "2021-08-06T06:00:00.000Z",
        "lasttime": "2026-06-27T23:00:00.000Z",
        "city": null,
        "region": "Viken",
        "country": "NO",
        "road": "Bergsliens gate",
        "postalcode": "3616"
      }
    },
    {
      "type": "Feature",
      "geometry": {
        "type": "Point",
        "coordinates": [
          18.99810791,
          69.64128113
        ]
      },
      "properties": {
        "netid": "00:F4:8D:17:BE:CC",
        "ssid": "AC5Pg5O0",
        "oui": "00:F4:8D",
        "channel": 6,
        "encryption": "wpa2",
        "firsttime": "2025-07-31T13:00:00.000Z",
        "lasttime": "2025-07-31T12:00:00.000Z",
        "city": "Troms\u00f8",
        "region": "Troms og Finnmark",
        "country": "NO",
        "road": "Alarmvegen",
        "postalcode": "9020"
      }
    },
    {
      "type": "Feature",
      "geometry": {
        "type": "Point",
        "coordinates": [
          13.65953636,
          45.40786743
        ]
      },
      "properties": {
        "netid": "00:F4:8D:17:BE:F1",
        "ssid": "ACNbX8V4",
        "oui": "00:F4:8D",
        "channel": 6,
        "encryption": "wpa2",
        "firsttime": "2024-08-02T10:00:00.000Z",
        "lasttime": "2025-01-30T03:00:00.000Z",
        "city": null,
        "region": "Istarska \u017eupanija",
        "country": "HR",
        "road": "Istarska ulica",
        "postalcode": "52460"
      }
    },
    {
      "type": "Feature",
      "geometry": {
        "type": "Point",
        "coordinates": [
          14.66112232,
          49.99720383
        ]
      },
      "properties": {
        "netid": "00:F4:8D:17:BF:19",
        "ssid": "ACeQKhXV",
        "oui": "00:F4:8D",
        "channel": 6,
        "encryption": "wpa2",
        "firsttime": "2019-09-04T09:00:00.000Z",
        "lasttime": "2026-09-01T22:00:00.000Z",
        "city": null,
        "region": "St\u0159edn\u00ed \u010cechy",
        "country": "CZ",
        "road": "Politick\u00fdch v\u011bz\u0148\u016f",
        "postalcode": "25101"
      }
    },
    {
      "type": "Feature",
      "geometry": {
        "type": "Point",
        "coordinates": [
          10.63550472,
          59.66399765
        ]
      },
      "properties": {
        "netid": "00:F4:8D:17:BF:3A",
        "ssid": "ACC16eV2",
        "oui": "00:F4:8D",
        "channel": 6,
        "encryption": "wpa2",
        "firsttime": "2022-10-09T15:00:00.000Z",
        "lasttime": "2026-05-08T01:00:00.000Z",
        "city": null,
        "region": "Viken",
        "country": "NO",
        "road": "Osloveien",
        "postalcode": "1440"
      }
    },
    {
      "type": "Feature",
      "geometry": {
        "type": "Point",
        "coordinates": [
          174.79663086,
          -36.95347595
        ]
      },
      "properties": {
        "netid": "00:F4:8D:17:BF:6C",
        "ssid": "ACBlIUad",
        "oui": "00:F4:8D",
        "channel": 6,
        "encryption": "wpa2",
        "firsttime": "2023-10-26T23:00:00.000Z",
        "lasttime": "2026-06-16T22:00:00.000Z",
        "city": "M\u0101ngere-\u014ct\u0101huhu",
        "region": "Auckland",
        "country": "NZ",
        "road": "Walmsley Road",
        "postalcode": "2024"
      }
    },
    {
      "type": "Feature",
      "geometry": {
        "type": "Point",
        "coordinates": [
          173.27690125,
          -41.27425766
        ]
      },
      "properties": {
        "netid": "00:F4:8D:17:BF:7B",
        "ssid": "ACgDEKoI",
        "oui": "00:F4:8D",
        "channel": 6,
        "encryption": "wpa2",
        "firsttime": "2021-02-20T16:00:00.000Z",
        "lasttime": "2026-05-14T22:00:00.000Z",
        "city": "Nelson",
        "region": "Nelson",
        "country": "NZ",
        "road": "Gloucester Street",
        "postalcode": "7040"
      }
    },
    {
      "type": "Feature",
      "geometry": {
        "type": "Point",
        "coordinates": [
          9.63925266,
          59.65567398
        ]
      },
      "properties": {
        "netid": "00:F4:8D:17:BF:ED",
        "ssid": "ACDHtQKX",
        "oui": "00:F4:8D",
        "channel": 6,
        "encryption": "wpa2",
        "firsttime": "2002-04-22T00:00:00.000Z",
        "lasttime": "2026-06-27T23:00:00.000Z",
        "city": null,
        "region": "Viken",
        "country": "NO",
        "road": "Sandsv\u00e6rveien",
        "postalcode": "3616"
      }
    },
    {
      "type": "Feature",
      "geometry": {
        "type": "Point",
        "coordinates": [
          176.32469177,
          -37.78716278
        ]
      },
      "properties": {
        "netid": "00:F4:8D:17:BF:FE",
        "ssid": "ACi0cdkq",
        "oui": "00:F4:8D",
        "channel": 6,
        "encryption": "wpa2",
        "firsttime": "2021-11-21T18:00:00.000Z",
        "lasttime": "2025-03-06T22:00:00.000Z",
        "city": null,
        "region": "Bay of Plenty",
        "country": "NZ",
        "road": "Boucher Avenue",
        "postalcode": "3182"
      }
    },
    {
      "type": "Feature",
      "geometry": {
        "type": "Point",
        "coordinates": [
          176.31826782,
          -37.70908356
        ]
      },
      "properties": {
        "netid": "00:F4:8D:17:C0:16",
        "ssid": "ACzUVB2M",
        "oui": "00:F4:8D",
        "channel": 6,
        "encryption": "wpa2",
        "firsttime": "2022-05-13T15:00:00.000Z",
        "lasttime": "2026-01-10T23:00:00.000Z",
        "city": null,
        "region": "Bay of Plenty",
        "country": "NZ",
        "road": "Papamoa Beach Road",
        "postalcode": "3187"
      }
    },
    {
      "type": "Feature",
      "geometry": {
        "type": "Point",
        "coordinates": [
          17.11240005,
          48.14661026
        ]
      },
      "properties": {
        "netid": "00:F4:8D:17:C0:2B",
        "ssid": "ACiUSXSO",
        "oui": "00:F4:8D",
        "channel": 6,
        "encryption": "wpa2",
        "firsttime": "2023-02-03T02:00:00.000Z",
        "lasttime": "2026-06-01T05:00:00.000Z",
        "city": "Bratislava",
        "region": "Bratislavsk\u00fd kraj",
        "country": "SK",
        "road": "Heydukova",
        "postalcode": "812 50"
      }
    },
    {
      "type": "Feature",
      "geometry": {
        "type": "Point",
        "coordinates": [
          23.09908104,
          63.86297989
        ]
      },
      "properties": {
        "netid": "00:F4:8D:17:C0:67",
        "ssid": "ACBGszmv",
        "oui": "00:F4:8D",
        "channel": 6,
        "encryption": "wpa2",
        "firsttime": "2023-05-08T15:00:00.000Z",
        "lasttime": "2026-07-09T09:00:00.000Z",
        "city": "Kokkola",
        "region": "Manner-Suomi",
        "country": "FI",
        "road": "Sannanrannantie",
        "postalcode": "67200"
      }
    },
    {
      "type": "Feature",
      "geometry": {
        "type": "Point",
        "coordinates": [
          171.27183533,
          -44.25979233
        ]
      },
      "properties": {
        "netid": "00:F4:8D:17:C0:69",
        "ssid": "AC7JQiAl",
        "oui": "00:F4:8D",
        "channel": 6,
        "encryption": "wpa2",
        "firsttime": "2022-05-27T10:00:00.000Z",
        "lasttime": "2026-08-25T09:00:00.000Z",
        "city": null,
        "region": "Canterbury",
        "country": "NZ",
        "road": "State Highway 1",
        "postalcode": "7920"
      }
    },
    {
      "type": "Feature",
      "geometry": {
        "type": "Point",
        "coordinates": [
          10.79299736,
          59.86602783
        ]
      },
      "properties": {
        "netid": "00:F4:8D:17:C0:9C",
        "ssid": "ACOvlNlr",
        "oui": "00:F4:8D",
        "channel": 6,
        "encryption": "wpa2",
        "firsttime": "2019-05-17T05:00:00.000Z",
        "lasttime": "2025-12-18T14:00:00.000Z",
        "city": "Oslo",
        "region": "Nordstrand",
        "country": "NO",
        "road": "Via Nova",
        "postalcode": "1162"
      }
    },
    {
      "type": "Feature",
      "geometry": {
        "type": "Point",
        "coordinates": [
          14.66078186,
          49.99751663
        ]
      },
      "properties": {
        "netid": "00:F4:8D:17:C0:A3",
        "ssid": "AC8CPZ72",
        "oui": "00:F4:8D",
        "channel": 6,
        "encryption": "wpa2",
        "firsttime": "2019-09-04T09:00:00.000Z",
        "lasttime": "2026-09-01T22:00:00.000Z",
        "city": null,
        "region": "St\u0159edn\u00ed \u010cechy",
        "country": "CZ",
        "road": "17. listopadu",
        "postalcode": "25101"
      }
    },
    {
      "type": "Feature",
      "geometry": {
        "type": "Point",
        "coordinates": [
          3.18758631,
          51.29407883
        ]
      },
      "properties": {
        "netid": "00:F4:8D:17:C0:B5",
        "ssid": "ACH5IAjK",
        "oui": "00:F4:8D",
        "channel": 6,
        "encryption": "wpa2",
        "firsttime": "2026-05-02T14:00:00.000Z",
        "lasttime": "2026-05-02T10:00:00.000Z",
        "city": "Lissewege",
        "region": "West-Vlaanderen",
        "country": "BE",
        "road": null,
        "postalcode": "8380"
      }
    },
    {
      "type": "Feature",
      "geometry": {
        "type": "Point",
        "coordinates": [
          14.49914455,
          50.12355423
        ]
      },
      "properties": {
        "netid": "00:F4:8D:17:C0:B6",
        "ssid": "ACN6smJZ",
        "oui": "00:F4:8D",
        "channel": 6,
        "encryption": "wpa2",
        "firsttime": "2024-08-16T14:00:00.000Z",
        "lasttime": "2025-05-13T07:00:00.000Z",
        "city": "Hlavn\u00ed m\u011bsto Praha",
        "region": "Praha",
        "country": "CZ",
        "road": "Mimo\u0148sk\u00e1",
        "postalcode": "191 00"
      }
    },
    {
      "type": "Feature",
      "geometry": {
        "type": "Point",
        "coordinates": [
          176.89820862,
          -39.49511719
        ]
      },
      "properties": {
        "netid": "00:F4:8D:17:C0:D5",
        "ssid": "AC88s4t0",
        "oui": "00:F4:8D",
        "channel": 6,
        "encryption": "wpa2",
        "firsttime": "2024-02-17T09:00:00.000Z",
        "lasttime": "2026-01-14T18:00:00.000Z",
        "city": null,
        "region": "Hawke's Bay",
        "country": "NZ",
        "road": "Hyderabad Road",
        "postalcode": "4110"
      }
    },
    {
      "type": "Feature",
      "geometry": {
        "type": "Point",
        "coordinates": [
          11.36943531,
          44.50126266
        ]
      },
      "properties": {
        "netid": "00:F4:8D:17:C0:DD",
        "ssid": "ACoQCkiH",
        "oui": "00:F4:8D",
        "channel": 6,
        "encryption": "wpa2",
        "firsttime": "2025-12-07T19:00:00.000Z",
        "lasttime": "2025-12-08T05:00:00.000Z",
        "city": "Bologna",
        "region": "Emilia-Romagna",
        "country": "IT",
        "road": "Via Filippo Beroaldo",
        "postalcode": "40127"
      }
    },
    {
      "type": "Feature",
      "geometry": {
        "type": "Point",
        "coordinates": [
          173.58543396,
          -41.29967499
        ]
      },
      "properties": {
        "netid": "00:F4:8D:17:C1:12",
        "ssid": "ACrxQl1P",
        "oui": "00:F4:8D",
        "channel": 6,
        "encryption": "wpa2",
        "firsttime": "2020-01-12T07:00:00.000Z",
        "lasttime": "2026-01-17T16:00:00.000Z",
        "city": null,
        "region": "Marlborough",
        "country": "NZ",
        "road": "State Highway 6",
        "postalcode": null
      }
    },
    {
      "type": "Feature",
      "geometry": {
        "type": "Point",
        "coordinates": [
          174.26968384,
          -39.58974457
        ]
      },
      "properties": {
        "netid": "00:F4:8D:17:C1:5F",
        "ssid": "AC9sJsqE",
        "oui": "00:F4:8D",
        "channel": 6,
        "encryption": "wpa2",
        "firsttime": "2024-09-12T06:00:00.000Z",
        "lasttime": "2024-09-12T00:00:00.000Z",
        "city": null,
        "region": "Taranaki",
        "country": "NZ",
        "road": "Waihi Road",
        "postalcode": "4610"
      }
    },
    {
      "type": "Feature",
      "geometry": {
        "type": "Point",
        "coordinates": [
          -57.63913345,
          -25.28282738
        ]
      },
      "properties": {
        "netid": "00:F4:8D:17:E9:AC",
        "ssid": "S2060w-62639587",
        "oui": "00:F4:8D",
        "channel": 6,
        "encryption": "unknown",
        "firsttime": "2024-11-27T13:00:00.000Z",
        "lasttime": "2024-11-27T06:00:00.000Z",
        "city": "Asunci\u00f3n",
        "region": "Distrito Capital de Paraguay",
        "country": "PY",
        "road": "15 de Agosto",
        "postalcode": "001013"
      }
    },
    {
      "type": "Feature",
      "geometry": {
        "type": "Point",
        "coordinates": [
          -57.63906479,
          -25.28265572
        ]
      },
      "properties": {
        "netid": "00:F4:8D:17:ED:B7",
        "ssid": "S2060w-62639448",
        "oui": "00:F4:8D",
        "channel": 6,
        "encryption": "unknown",
        "firsttime": "2025-04-22T17:00:00.000Z",
        "lasttime": "2025-04-22T18:00:00.000Z",
        "city": "Asunci\u00f3n",
        "region": "Distrito Capital de Paraguay",
        "country": "PY",
        "road": "15 de Agosto",
        "postalcode": "001013"
      }
    },
    {
      "type": "Feature",
      "geometry": {
        "type": "Point",
        "coordinates": [
          7.53028536,
          51.08530807
        ]
      },
      "properties": {
        "netid": "00:F4:8D:17:EE:89",
        "ssid": "S2060w-62639400",
        "oui": "00:F4:8D",
        "channel": 6,
        "encryption": "unknown",
        "firsttime": "2024-06-12T06:00:00.000Z",
        "lasttime": "2024-11-25T02:00:00.000Z",
        "city": "Marienheide",
        "region": "Nordrhein-Westfalen",
        "country": "DE",
        "road": "Hauptstra\u00dfe",
        "postalcode": "51709"
      }
    },
    {
      "type": "Feature",
      "geometry": {
        "type": "Point",
        "coordinates": [
          13.43869686,
          52.21770477
        ]
      },
      "properties": {
        "netid": "00:F4:8D:17:EF:2E",
        "ssid": "S2080w-64636306",
        "oui": "00:F4:8D",
        "channel": 6,
        "encryption": "unknown",
        "firsttime": "2001-01-01T01:00:00.000Z",
        "lasttime": "2025-12-18T00:00:00.000Z",
        "city": null,
        "region": "Brandenburg",
        "country": "DE",
        "road": "An den Wulzen",
        "postalcode": "15806"
      }
    },
    {
      "type": "Feature",
      "geometry": {
        "type": "Point",
        "coordinates": [
          115.18022156,
          -8.74475479
        ]
      },
      "properties": {
        "netid": "00:F4:8D:17:EF:71",
        "ssid": "S2080w-64636436",
        "oui": "00:F4:8D",
        "channel": 6,
        "encryption": "unknown",
        "firsttime": "2023-11-08T05:00:00.000Z",
        "lasttime": "2026-01-06T00:00:00.000Z",
        "city": "Tuban",
        "region": "Bali",
        "country": "ID",
        "road": "Jalan Bandara Ngurah Rai",
        "postalcode": "80362"
      }
    },
    {
      "type": "Feature",
      "geometry": {
        "type": "Point",
        "coordinates": [
          -82.3735733,
          29.63425446
        ]
      },
      "properties": {
        "netid": "00:F4:8D:19:47:AC",
        "ssid": null,
        "oui": "00:F4:8D",
        "channel": 44,
        "encryption": "none",
        "firsttime": "2026-08-18T13:00:00.000Z",
        "lasttime": "2026-08-18T18:00:00.000Z",
        "city": "Gainesville",
        "region": "FL",
        "country": "US",
        "road": "Southwest 20th Avenue",
        "postalcode": "32607"
      }
    },
    {
      "type": "Feature",
      "geometry": {
        "type": "Point",
        "coordinates": [
          -81.28940582,
          28.58925247
        ]
      },
      "properties": {
        "netid": "00:F4:8D:19:54:A2",
        "ssid": null,
        "oui": "00:F4:8D",
        "channel": 36,
        "encryption": "wpa2",
        "firsttime": "2026-07-21T17:00:00.000Z",
        "lasttime": "2026-07-21T11:00:00.000Z",
        "city": null,
        "region": "FL",
        "country": "US",
        "road": "Crane's Landing Apartments",
        "postalcode": "32792-6801"
      }
    },
    {
      "type": "Feature",
      "geometry": {
        "type": "Point",
        "coordinates": [
          -86.87227631,
          36.1448822
        ]
      },
      "properties": {
        "netid": "00:F4:8D:19:5D:03",
        "ssid": null,
        "oui": "00:F4:8D",
        "channel": 0,
        "encryption": "unknown",
        "firsttime": "2026-03-20T17:00:00.000Z",
        "lasttime": "2026-03-20T17:00:00.000Z",
        "city": "Nashville-Davidson",
        "region": "TN",
        "country": "US",
        "road": "Charlotte Avenue",
        "postalcode": "37209"
      }
    },
    {
      "type": "Feature",
      "geometry": {
        "type": "Point",
        "coordinates": [
          -73.59438324,
          40.66210175
        ]
      },
      "properties": {
        "netid": "00:F4:8D:19:5F:12",
        "ssid": null,
        "oui": "00:F4:8D",
        "channel": 6,
        "encryption": "unknown",
        "firsttime": "2025-07-27T16:00:00.000Z",
        "lasttime": "2025-07-27T09:00:00.000Z",
        "city": null,
        "region": "NY",
        "country": "US",
        "road": "New York Avenue",
        "postalcode": "11520"
      }
    },
    {
      "type": "Feature",
      "geometry": {
        "type": "Point",
        "coordinates": [
          -81.76273346,
          41.46403503
        ]
      },
      "properties": {
        "netid": "00:F4:8D:1B:A6:D1",
        "ssid": null,
        "oui": "00:F4:8D",
        "channel": 4,
        "encryption": "unknown",
        "firsttime": "2025-07-25T21:00:00.000Z",
        "lasttime": "2025-07-25T16:00:00.000Z",
        "city": "Cleveland",
        "region": "OH",
        "country": "US",
        "road": "West 110th Street",
        "postalcode": "44102"
      }
    },
    {
      "type": "Feature",
      "geometry": {
        "type": "Point",
        "coordinates": [
          -73.91286469,
          40.86170959
        ]
      },
      "properties": {
        "netid": "00:F4:8D:1B:B0:6B",
        "ssid": null,
        "oui": "00:F4:8D",
        "channel": 3,
        "encryption": "unknown",
        "firsttime": "2025-10-12T15:00:00.000Z",
        "lasttime": "2025-10-12T11:00:00.000Z",
        "city": "City of New York",
        "region": "NY",
        "country": "US",
        "road": "Major Deegan Expressway",
        "postalcode": "10453"
      }
    },
    {
      "type": "Feature",
      "geometry": {
        "type": "Point",
        "coordinates": [
          -82.69654846,
          27.99655342
        ]
      },
      "properties": {
        "netid": "00:F4:8D:1B:B0:D1",
        "ssid": null,
        "oui": "00:F4:8D",
        "channel": 0,
        "encryption": "unknown",
        "firsttime": "2025-05-22T21:00:00.000Z",
        "lasttime": "2025-05-23T00:00:00.000Z",
        "city": "Palm Harbor",
        "region": "FL",
        "country": "US",
        "road": "9th Avenue North",
        "postalcode": "34695"
      }
    },
    {
      "type": "Feature",
      "geometry": {
        "type": "Point",
        "coordinates": [
          -96.94658661,
          30.18443871
        ]
      },
      "properties": {
        "netid": "00:F4:8D:1B:B1:49",
        "ssid": null,
        "oui": "00:F4:8D",
        "channel": 0,
        "encryption": "unknown",
        "firsttime": "2024-06-30T09:00:00.000Z",
        "lasttime": "2025-04-23T08:00:00.000Z",
        "city": null,
        "region": "TX",
        "country": "US",
        "road": "US 290",
        "postalcode": "78942"
      }
    },
    {
      "type": "Feature",
      "geometry": {
        "type": "Point",
        "coordinates": [
          -73.74776459,
          45.53511429
        ]
      },
      "properties": {
        "netid": "00:F4:8D:1B:B5:01",
        "ssid": null,
        "oui": "00:F4:8D",
        "channel": 0,
        "encryption": "unknown",
        "firsttime": "2025-04-14T04:00:00.000Z",
        "lasttime": "2025-04-17T17:00:00.000Z",
        "city": "Laval (13)",
        "region": "Qu\u00e9bec",
        "country": "CA",
        "road": "Boulevard Samson",
        "postalcode": "H7W 2G4"
      }
    },
    {
      "type": "Feature",
      "geometry": {
        "type": "Point",
        "coordinates": [
          -98.34434509,
          29.58092117
        ]
      },
      "properties": {
        "netid": "00:F4:8D:1B:B6:6B",
        "ssid": null,
        "oui": "00:F4:8D",
        "channel": 0,
        "encryption": "unknown",
        "firsttime": "2025-10-06T08:00:00.000Z",
        "lasttime": "2025-10-12T15:00:00.000Z",
        "city": "San Antonio",
        "region": "TX",
        "country": "US",
        "road": "Anderson Loop",
        "postalcode": "78233"
      }
    },
    {
      "type": "Feature",
      "geometry": {
        "type": "Point",
        "coordinates": [
          -98.39152527,
          29.43546295
        ]
      },
      "properties": {
        "netid": "00:F4:8D:1B:B6:6D",
        "ssid": null,
        "oui": "00:F4:8D",
        "channel": 0,
        "encryption": "unknown",
        "firsttime": "2024-09-09T12:00:00.000Z",
        "lasttime": "2024-09-09T17:00:00.000Z",
        "city": "San Antonio",
        "region": "TX",
        "country": "US",
        "road": "Jose Lopez Freeway",
        "postalcode": "78219"
      }
    },
    {
      "type": "Feature",
      "geometry": {
        "type": "Point",
        "coordinates": [
          -97.73107147,
          30.09054947
        ]
      },
      "properties": {
        "netid": "00:F4:8D:1B:B8:FC",
        "ssid": null,
        "oui": "00:F4:8D",
        "channel": 0,
        "encryption": "unknown",
        "firsttime": "2026-07-05T20:00:00.000Z",
        "lasttime": "2026-07-06T16:00:00.000Z",
        "city": "Creedmoor",
        "region": "TX",
        "country": "US",
        "road": "FM 1327",
        "postalcode": "78610"
      }
    },
    {
      "type": "Feature",
      "geometry": {
        "type": "Point",
        "coordinates": [
          -76.49960327,
          39.31049728
        ]
      },
      "properties": {
        "netid": "00:F4:8D:1B:BB:C9",
        "ssid": null,
        "oui": "00:F4:8D",
        "channel": 0,
        "encryption": "unknown",
        "firsttime": "2026-08-27T23:00:00.000Z",
        "lasttime": "2026-08-30T20:00:00.000Z",
        "city": null,
        "region": "MD",
        "country": "US",
        "road": "Patapsco Avenue",
        "postalcode": "21237"
      }
    },
    {
      "type": "Feature",
      "geometry": {
        "type": "Point",
        "coordinates": [
          -1.75046957,
          48.02757645
        ]
      },
      "properties": {
        "netid": "00:F4:8D:1B:ED:B1",
        "ssid": "DIRECT-JcLAPTOP-OIU8UNCTmsUA",
        "oui": "00:F4:8D",
        "channel": 11,
        "encryption": "wpa2",
        "firsttime": "2026-04-14T15:00:00.000Z",
        "lasttime": "2026-04-14T13:00:00.000Z",
        "city": "Bruz",
        "region": "Bretagne",
        "country": "FR",
        "road": "Rue de la Cit\u00e9",
        "postalcode": "35170"
      }
    },
    {
      "type": "Feature",
      "geometry": {
        "type": "Point",
        "coordinates": [
          -82.67983246,
          27.73258018
        ]
      },
      "properties": {
        "netid": "00:F4:8D:1C:D2:AC",
        "ssid": null,
        "oui": "00:F4:8D",
        "channel": 0,
        "encryption": "unknown",
        "firsttime": "2025-06-09T23:00:00.000Z",
        "lasttime": "2025-10-21T11:00:00.000Z",
        "city": "Saint Petersburg",
        "region": "FL",
        "country": "US",
        "road": "34th Street South",
        "postalcode": "33711-3832"
      }
    },
    {
      "type": "Feature",
      "geometry": {
        "type": "Point",
        "coordinates": [
          -79.90094757,
          40.48939133
        ]
      },
      "properties": {
        "netid": "00:F4:8D:1C:EA:6B",
        "ssid": "Flock",
        "oui": "00:F4:8D",
        "channel": 1,
        "encryption": "wpa2",
        "firsttime": "2026-08-25T10:00:00.000Z",
        "lasttime": "2026-08-25T04:00:00.000Z",
        "city": null,
        "region": "PA",
        "country": "US",
        "road": "Brilliant Avenue",
        "postalcode": "15215"
      }
    },
    {
      "type": "Feature",
      "geometry": {
        "type": "Point",
        "coordinates": [
          -82.67671967,
          27.78458595
        ]
      },
      "properties": {
        "netid": "00:F4:8D:1C:EB:2B",
        "ssid": null,
        "oui": "00:F4:8D",
        "channel": 165,
        "encryption": "unknown",
        "firsttime": "2025-03-26T19:00:00.000Z",
        "lasttime": "2025-03-27T12:00:00.000Z",
        "city": "Saint Petersburg",
        "region": "FL",
        "country": "US",
        "road": "13th Avenue North",
        "postalcode": "33710"
      }
    },
    {
      "type": "Feature",
      "geometry": {
        "type": "Point",
        "coordinates": [
          -74.10902405,
          40.86778259
        ]
      },
      "properties": {
        "netid": "00:F4:8D:1C:F1:18",
        "ssid": null,
        "oui": "00:F4:8D",
        "channel": 40,
        "encryption": "none",
        "firsttime": "2026-08-23T09:00:00.000Z",
        "lasttime": "2026-08-23T09:00:00.000Z",
        "city": null,
        "region": "NJ",
        "country": "US",
        "road": "Hudson Street",
        "postalcode": "07026"
      }
    },
    {
      "type": "Feature",
      "geometry": {
        "type": "Point",
        "coordinates": [
          -72.97934723,
          43.46607208
        ]
      },
      "properties": {
        "netid": "00:F4:8D:1D:67:48",
        "ssid": null,
        "oui": "00:F4:8D",
        "channel": 100,
        "encryption": "unknown",
        "firsttime": "2026-03-20T23:00:00.000Z",
        "lasttime": "2026-04-18T19:00:00.000Z",
        "city": null,
        "region": "VT",
        "country": "US",
        "road": "South Main Street",
        "postalcode": "05773"
      }
    },
    {
      "type": "Feature",
      "geometry": {
        "type": "Point",
        "coordinates": [
          -113.97024536,
          51.13436508
        ]
      },
      "properties": {
        "netid": "00:F4:8D:1D:68:CF",
        "ssid": null,
        "oui": "00:F4:8D",
        "channel": 0,
        "encryption": "unknown",
        "firsttime": "2025-12-19T22:00:00.000Z",
        "lasttime": "2025-12-20T09:00:00.000Z",
        "city": "Calgary",
        "region": "Alberta",
        "country": "CA",
        "road": "M\u00e9tis Trail NE",
        "postalcode": "T3J 0T8"
      }
    },
    {
      "type": "Feature",
      "geometry": {
        "type": "Point",
        "coordinates": [
          -73.62137604,
          45.43561554
        ]
      },
      "properties": {
        "netid": "00:F4:8D:1D:6A:13",
        "ssid": null,
        "oui": "00:F4:8D",
        "channel": 0,
        "encryption": "unknown",
        "firsttime": "2025-02-05T04:00:00.000Z",
        "lasttime": "2025-02-07T15:00:00.000Z",
        "city": "Montr\u00e9al",
        "region": "Qu\u00e9bec",
        "country": "CA",
        "road": "Rue Thierry",
        "postalcode": "H8N 1H6"
      }
    },
    {
      "type": "Feature",
      "geometry": {
        "type": "Point",
        "coordinates": [
          -97.67926025,
          30.49637222
        ]
      },
      "properties": {
        "netid": "00:F4:8D:1D:6C:48",
        "ssid": null,
        "oui": "00:F4:8D",
        "channel": 0,
        "encryption": "unknown",
        "firsttime": "2025-07-15T08:00:00.000Z",
        "lasttime": "2025-07-15T17:00:00.000Z",
        "city": "Round Rock",
        "region": "TX",
        "country": "US",
        "road": "I 35",
        "postalcode": "78728-1275"
      }
    },
    {
      "type": "Feature",
      "geometry": {
        "type": "Point",
        "coordinates": [
          -85.9312439,
          40.80688477
        ]
      },
      "properties": {
        "netid": "00:F4:8D:1D:6F:49",
        "ssid": null,
        "oui": "00:F4:8D",
        "channel": 1,
        "encryption": "wpa2",
        "firsttime": "2026-08-19T03:00:00.000Z",
        "lasttime": "2026-08-19T15:00:00.000Z",
        "city": null,
        "region": "IN",
        "country": "US",
        "road": "US 24",
        "postalcode": "46702"
      }
    },
    {
      "type": "Feature",
      "geometry": {
        "type": "Point",
        "coordinates": [
          -81.44391632,
          41.60223007
        ]
      },
      "properties": {
        "netid": "00:F4:8D:1D:73:6B",
        "ssid": null,
        "oui": "00:F4:8D",
        "channel": 0,
        "encryption": "unknown",
        "firsttime": "2024-10-21T16:00:00.000Z",
        "lasttime": "2024-10-21T10:00:00.000Z",
        "city": null,
        "region": "OH",
        "country": "US",
        "road": "Par Lane",
        "postalcode": "44094"
      }
    },
    {
      "type": "Feature",
      "geometry": {
        "type": "Point",
        "coordinates": [
          -93.36209106,
          44.92704391
        ]
      },
      "properties": {
        "netid": "00:F4:8D:1D:84:27",
        "ssid": null,
        "oui": "00:F4:8D",
        "channel": 9,
        "encryption": "none",
        "firsttime": "2026-09-01T19:00:00.000Z",
        "lasttime": "2026-09-01T20:00:00.000Z",
        "city": null,
        "region": "MN",
        "country": "US",
        "road": "Excelsior Boulevard",
        "postalcode": "55426"
      }
    },
    {
      "type": "Feature",
      "geometry": {
        "type": "Point",
        "coordinates": [
          -82.33861542,
          27.91786575
        ]
      },
      "properties": {
        "netid": "00:F4:8D:1D:8A:A4",
        "ssid": null,
        "oui": "00:F4:8D",
        "channel": 11,
        "encryption": "none",
        "firsttime": "2026-08-20T12:00:00.000Z",
        "lasttime": "2026-08-20T12:00:00.000Z",
        "city": null,
        "region": "FL",
        "country": "US",
        "road": "South Falkenburg Road",
        "postalcode": "33511-8819"
      }
    },
    {
      "type": "Feature",
      "geometry": {
        "type": "Point",
        "coordinates": [
          -120.85637665,
          37.48053741
        ]
      },
      "properties": {
        "netid": "00:F4:8D:1D:8E:29",
        "ssid": null,
        "oui": "00:F4:8D",
        "channel": 0,
        "encryption": "unknown",
        "firsttime": "2024-09-06T03:00:00.000Z",
        "lasttime": "2024-09-09T11:00:00.000Z",
        "city": "Turlock",
        "region": "CA",
        "country": "US",
        "road": "Butte Way",
        "postalcode": "95381"
      }
    },
    {
      "type": "Feature",
      "geometry": {
        "type": "Point",
        "coordinates": [
          -73.60835266,
          45.59622192
        ]
      },
      "properties": {
        "netid": "00:F4:8D:1F:12:FF",
        "ssid": null,
        "oui": "00:F4:8D",
        "channel": 0,
        "encryption": "unknown",
        "firsttime": "2022-04-08T21:00:00.000Z",
        "lasttime": "2025-01-29T12:00:00.000Z",
        "city": "Montr\u00e9al",
        "region": "Qu\u00e9bec",
        "country": "CA",
        "road": "Boulevard Lacordaire",
        "postalcode": "H1R 2B6"
      }
    },
    {
      "type": "Feature",
      "geometry": {
        "type": "Point",
        "coordinates": [
          -123.18045044,
          49.26517868
        ]
      },
      "properties": {
        "netid": "00:F4:8D:1F:18:47",
        "ssid": null,
        "oui": "00:F4:8D",
        "channel": 11,
        "encryption": "wpa2",
        "firsttime": "2026-08-06T23:00:00.000Z",
        "lasttime": "2026-08-06T16:00:00.000Z",
        "city": "Vancouver",
        "region": "British Columbia",
        "country": "CA",
        "road": "West 8th Avenue",
        "postalcode": "V6K"
      }
    },
    {
      "type": "Feature",
      "geometry": {
        "type": "Point",
        "coordinates": [
          -69.93031311,
          18.45486259
        ]
      },
      "properties": {
        "netid": "00:F4:8D:1F:19:D8",
        "ssid": null,
        "oui": "00:F4:8D",
        "channel": 8,
        "encryption": "none",
        "firsttime": "2026-08-25T06:00:00.000Z",
        "lasttime": "2026-08-25T04:00:00.000Z",
        "city": null,
        "region": "Distrito Nacional",
        "country": "DO",
        "road": "Avenida Jos\u00e9 Contreras",
        "postalcode": "10105"
      }
    },
    {
      "type": "Feature",
      "geometry": {
        "type": "Point",
        "coordinates": [
          2.32098699,
          48.80421448
        ]
      },
      "properties": {
        "netid": "00:F4:8D:1F:84:3D",
        "ssid": "Flock",
        "oui": "00:F4:8D",
        "channel": 1,
        "encryption": "wpa2",
        "firsttime": "2026-07-04T16:00:00.000Z",
        "lasttime": "2026-07-04T12:00:00.000Z",
        "city": null,
        "region": "\u00cele-de-France",
        "country": "FR",
        "road": "Avenue Victor Hugo",
        "postalcode": "92220"
      }
    },
    {
      "type": "Feature",
      "geometry": {
        "type": "Point",
        "coordinates": [
          -84.24888611,
          30.50393867
        ]
      },
      "properties": {
        "netid": "00:F4:8D:21:38:6A",
        "ssid": null,
        "oui": "00:F4:8D",
        "channel": 4,
        "encryption": "unknown",
        "firsttime": "2025-10-10T22:00:00.000Z",
        "lasttime": "2025-10-13T18:00:00.000Z",
        "city": "Tallahassee",
        "region": "FL",
        "country": "US",
        "road": "Capital Circle Northeast",
        "postalcode": "32312-2015"
      }
    },
    {
      "type": "Feature",
      "geometry": {
        "type": "Point",
        "coordinates": [
          -83.32093048,
          42.70567322
        ]
      },
      "properties": {
        "netid": "00:F4:8D:21:47:30",
        "ssid": "00:f4:8d:21:47:30",
        "oui": "00:F4:8D",
        "channel": 3,
        "encryption": "none",
        "firsttime": "2025-09-04T23:00:00.000Z",
        "lasttime": "2025-09-04T18:00:00.000Z",
        "city": null,
        "region": "MI",
        "country": "US",
        "road": "I 75",
        "postalcode": "48321"
      }
    },
    {
      "type": "Feature",
      "geometry": {
        "type": "Point",
        "coordinates": [
          -115.08481598,
          36.08987045
        ]
      },
      "properties": {
        "netid": "00:F4:8D:21:4A:BC",
        "ssid": null,
        "oui": "00:F4:8D",
        "channel": 0,
        "encryption": "unknown",
        "firsttime": "2026-04-12T14:00:00.000Z",
        "lasttime": "2026-04-18T15:00:00.000Z",
        "city": null,
        "region": "NV",
        "country": "US",
        "road": "Lucas Avenue",
        "postalcode": "89120"
      }
    },
    {
      "type": "Feature",
      "geometry": {
        "type": "Point",
        "coordinates": [
          -73.05919647,
          40.93128967
        ]
      },
      "properties": {
        "netid": "00:F4:8D:21:74:9C",
        "ssid": null,
        "oui": "00:F4:8D",
        "channel": 8,
        "encryption": "unknown",
        "firsttime": "2025-10-25T20:00:00.000Z",
        "lasttime": "2025-10-25T16:00:00.000Z",
        "city": null,
        "region": "NY",
        "country": "US",
        "road": "Piedmont Drive",
        "postalcode": "11776"
      }
    },
    {
      "type": "Feature",
      "geometry": {
        "type": "Point",
        "coordinates": [
          -116.3473587,
          43.61949539
        ]
      },
      "properties": {
        "netid": "00:F4:8D:21:FB:EA",
        "ssid": "Flock",
        "oui": "00:F4:8D",
        "channel": 1,
        "encryption": "wpa2",
        "firsttime": "2025-01-23T19:00:00.000Z",
        "lasttime": "2026-08-14T16:00:00.000Z",
        "city": "Meridian",
        "region": "ID",
        "country": "US",
        "road": "East Fairview Avenue",
        "postalcode": "83642"
      }
    },
    {
      "type": "Feature",
      "geometry": {
        "type": "Point",
        "coordinates": [
          -122.80036926,
          45.48671341
        ]
      },
      "properties": {
        "netid": "00:F4:8D:21:FE:FD",
        "ssid": null,
        "oui": "00:F4:8D",
        "channel": 3,
        "encryption": "wpa2",
        "firsttime": "2026-08-17T22:00:00.000Z",
        "lasttime": "2026-08-29T15:00:00.000Z",
        "city": "Beaverton",
        "region": "OR",
        "country": "US",
        "road": "Southwest Lombard Avenue",
        "postalcode": "97005-2992"
      }
    },
    {
      "type": "Feature",
      "geometry": {
        "type": "Point",
        "coordinates": [
          -122.6484375,
          45.52481079
        ]
      },
      "properties": {
        "netid": "00:F4:8D:23:3D:A8",
        "ssid": null,
        "oui": "00:F4:8D",
        "channel": 1,
        "encryption": "wpa2",
        "firsttime": "2026-08-17T01:00:00.000Z",
        "lasttime": "2026-08-20T20:00:00.000Z",
        "city": "Portland",
        "region": "OR",
        "country": "US",
        "road": "Northeast Sandy Boulevard",
        "postalcode": "97232"
      }
    },
    {
      "type": "Feature",
      "geometry": {
        "type": "Point",
        "coordinates": [
          -84.29090881,
          30.37936592
        ]
      },
      "properties": {
        "netid": "00:F4:8D:23:3D:DA",
        "ssid": null,
        "oui": "00:F4:8D",
        "channel": 2,
        "encryption": "unknown",
        "firsttime": "2024-08-23T14:00:00.000Z",
        "lasttime": "2024-09-14T20:00:00.000Z",
        "city": "Tallahassee",
        "region": "FL",
        "country": "US",
        "road": "Crawfordville Road",
        "postalcode": "32305-3308"
      }
    },
    {
      "type": "Feature",
      "geometry": {
        "type": "Point",
        "coordinates": [
          -73.59525299,
          45.5857048
        ]
      },
      "properties": {
        "netid": "00:F4:8D:23:4F:B1",
        "ssid": null,
        "oui": "00:F4:8D",
        "channel": 0,
        "encryption": "unknown",
        "firsttime": "2022-03-31T17:00:00.000Z",
        "lasttime": "2025-04-10T16:00:00.000Z",
        "city": "Montr\u00e9al",
        "region": "Qu\u00e9bec",
        "country": "CA",
        "road": "Boulevard Lacordaire",
        "postalcode": "H1R 3A9"
      }
    },
    {
      "type": "Feature",
      "geometry": {
        "type": "Point",
        "coordinates": [
          -73.76013184,
          45.56938171
        ]
      },
      "properties": {
        "netid": "00:F4:8D:23:51:3E",
        "ssid": null,
        "oui": "00:F4:8D",
        "channel": 0,
        "encryption": "unknown",
        "firsttime": "2022-07-05T23:00:00.000Z",
        "lasttime": "2025-07-08T15:00:00.000Z",
        "city": "Laval (13)",
        "region": "Qu\u00e9bec",
        "country": "CA",
        "road": "Autoroute Jean-No\u00ebl-Lavoie",
        "postalcode": "H7T 2H6"
      }
    },
    {
      "type": "Feature",
      "geometry": {
        "type": "Point",
        "coordinates": [
          -117.00836182,
          46.40333557
        ]
      },
      "properties": {
        "netid": "00:F4:8D:23:63:F5",
        "ssid": "Flock",
        "oui": "00:F4:8D",
        "channel": 1,
        "encryption": "wpa2",
        "firsttime": "2026-07-06T23:00:00.000Z",
        "lasttime": "2026-07-06T20:00:00.000Z",
        "city": "Lewiston",
        "region": "ID",
        "country": "US",
        "road": "17th Avenue",
        "postalcode": "83501"
      }
    },
    {
      "type": "Feature",
      "geometry": {
        "type": "Point",
        "coordinates": [
          -79.01249695,
          34.64928436
        ]
      },
      "properties": {
        "netid": "00:F4:8D:23:6B:8B",
        "ssid": null,
        "oui": "00:F4:8D",
        "channel": 0,
        "encryption": "unknown",
        "firsttime": "2026-03-14T00:00:00.000Z",
        "lasttime": "2026-03-15T08:00:00.000Z",
        "city": null,
        "region": "NC",
        "country": "US",
        "road": "I 95;US 301",
        "postalcode": "28359"
      }
    },
    {
      "type": "Feature",
      "geometry": {
        "type": "Point",
        "coordinates": [
          -108.45388031,
          39.0634346
        ]
      },
      "properties": {
        "netid": "00:F4:8D:23:AA:5A",
        "ssid": "Flock",
        "oui": "00:F4:8D",
        "channel": 2,
        "encryption": "none",
        "firsttime": "2026-08-27T15:00:00.000Z",
        "lasttime": "2026-08-29T15:00:00.000Z",
        "city": null,
        "region": "CO",
        "country": "US",
        "road": "Fern Drive",
        "postalcode": "81520"
      }
    },
    {
      "type": "Feature",
      "geometry": {
        "type": "Point",
        "coordinates": [
          -73.76534271,
          45.7923584
        ]
      },
      "properties": {
        "netid": "00:F4:8D:23:AF:10",
        "ssid": null,
        "oui": "00:F4:8D",
        "channel": 0,
        "encryption": "unknown",
        "firsttime": "2025-04-20T08:00:00.000Z",
        "lasttime": "2025-04-25T16:00:00.000Z",
        "city": null,
        "region": "Qu\u00e9bec",
        "country": "CA",
        "road": "Chemin Gauthier",
        "postalcode": "J5M 0G9"
      }
    },
    {
      "type": "Feature",
      "geometry": {
        "type": "Point",
        "coordinates": [
          -95.5627594,
          29.7722683
        ]
      },
      "properties": {
        "netid": "00:F4:8D:23:B1:F4",
        "ssid": null,
        "oui": "00:F4:8D",
        "channel": 1,
        "encryption": "none",
        "firsttime": "2026-08-26T07:00:00.000Z",
        "lasttime": "2026-08-26T20:00:00.000Z",
        "city": "Houston",
        "region": "TX",
        "country": "US",
        "road": "West Sam Houston Tollway North",
        "postalcode": "77079"
      }
    },
    {
      "type": "Feature",
      "geometry": {
        "type": "Point",
        "coordinates": [
          -97.77806091,
          30.11087036
        ]
      },
      "properties": {
        "netid": "00:F4:8D:23:C9:E8",
        "ssid": null,
        "oui": "00:F4:8D",
        "channel": 1,
        "encryption": "unknown",
        "firsttime": "2026-07-05T20:00:00.000Z",
        "lasttime": "2026-07-06T16:00:00.000Z",
        "city": "Creedmoor",
        "region": "TX",
        "country": "US",
        "road": "FM 1327",
        "postalcode": "78610"
      }
    },
    {
      "type": "Feature",
      "geometry": {
        "type": "Point",
        "coordinates": [
          -76.50048065,
          39.33073425
        ]
      },
      "properties": {
        "netid": "00:F4:8D:23:CD:2F",
        "ssid": null,
        "oui": "00:F4:8D",
        "channel": 11,
        "encryption": "unknown",
        "firsttime": "2026-06-13T01:00:00.000Z",
        "lasttime": "2026-08-30T20:00:00.000Z",
        "city": null,
        "region": "MD",
        "country": "US",
        "road": "Kenwood Avenue",
        "postalcode": "21237"
      }
    },
    {
      "type": "Feature",
      "geometry": {
        "type": "Point",
        "coordinates": [
          -113.94223022,
          50.91833115
        ]
      },
      "properties": {
        "netid": "00:F4:8D:23:D1:79",
        "ssid": null,
        "oui": "00:F4:8D",
        "channel": 8,
        "encryption": "unknown",
        "firsttime": "2025-12-29T21:00:00.000Z",
        "lasttime": "2025-12-29T18:00:00.000Z",
        "city": "Calgary",
        "region": "Alberta",
        "country": "CA",
        "road": "Brightonwoods Gardens SE",
        "postalcode": "T2Z 0W1"
      }
    },
    {
      "type": "Feature",
      "geometry": {
        "type": "Point",
        "coordinates": [
          -121.4861908,
          38.5759201
        ]
      },
      "properties": {
        "netid": "00:F4:8D:23:DF:0C",
        "ssid": "Flock",
        "oui": "00:F4:8D",
        "channel": 1,
        "encryption": "wpa2",
        "firsttime": "2026-06-23T23:00:00.000Z",
        "lasttime": "2026-06-23T19:00:00.000Z",
        "city": "Sacramento",
        "region": "CA",
        "country": "US",
        "road": "L Street",
        "postalcode": "95814"
      }
    },
    {
      "type": "Feature",
      "geometry": {
        "type": "Point",
        "coordinates": [
          -80.74471283,
          41.19167328
        ]
      },
      "properties": {
        "netid": "00:F4:8D:24:BF:F8",
        "ssid": null,
        "oui": "00:F4:8D",
        "channel": 161,
        "encryption": "none",
        "firsttime": "2026-08-30T13:00:00.000Z",
        "lasttime": "2026-08-30T13:00:00.000Z",
        "city": null,
        "region": "OH",
        "country": "US",
        "road": "Hartzell Avenue",
        "postalcode": "44446"
      }
    },
    {
      "type": "Feature",
      "geometry": {
        "type": "Point",
        "coordinates": [
          -82.62908173,
          34.53292847
        ]
      },
      "properties": {
        "netid": "00:F4:8D:24:C1:54",
        "ssid": null,
        "oui": "00:F4:8D",
        "channel": 36,
        "encryption": "unknown",
        "firsttime": "2025-07-26T22:00:00.000Z",
        "lasttime": "2025-07-28T13:00:00.000Z",
        "city": "Anderson",
        "region": "SC",
        "country": "US",
        "road": null,
        "postalcode": "29621"
      }
    },
    {
      "type": "Feature",
      "geometry": {
        "type": "Point",
        "coordinates": [
          -77.60740662,
          43.20113754
        ]
      },
      "properties": {
        "netid": "00:F4:8D:24:C5:B5",
        "ssid": "<hidden>",
        "oui": "00:F4:8D",
        "channel": 112,
        "encryption": "none",
        "firsttime": "2026-08-15T02:00:00.000Z",
        "lasttime": "2026-08-14T22:00:00.000Z",
        "city": "Town of Irondequoit",
        "region": "NY",
        "country": "US",
        "road": "Barry Road",
        "postalcode": "14617"
      }
    },
    {
      "type": "Feature",
      "geometry": {
        "type": "Point",
        "coordinates": [
          -75.24790192,
          39.87549591
        ]
      },
      "properties": {
        "netid": "00:F4:8D:25:E8:20",
        "ssid": null,
        "oui": "00:F4:8D",
        "channel": 48,
        "encryption": "wpa2",
        "firsttime": "2026-08-07T11:00:00.000Z",
        "lasttime": "2026-08-10T04:00:00.000Z",
        "city": "Tinicum Township",
        "region": "PA",
        "country": "US",
        "road": null,
        "postalcode": "19113"
      }
    },
    {
      "type": "Feature",
      "geometry": {
        "type": "Point",
        "coordinates": [
          -76.45061493,
          40.2286377
        ]
      },
      "properties": {
        "netid": "00:F4:8D:25:E8:F6",
        "ssid": null,
        "oui": "00:F4:8D",
        "channel": 4,
        "encryption": "wpa2",
        "firsttime": "2026-08-13T16:00:00.000Z",
        "lasttime": "2026-08-13T11:00:00.000Z",
        "city": "South Londonderry Township",
        "region": "PA",
        "country": "US",
        "road": "Pennsylvania Turnpike",
        "postalcode": "17041"
      }
    },
    {
      "type": "Feature",
      "geometry": {
        "type": "Point",
        "coordinates": [
          -82.78220367,
          27.83526039
        ]
      },
      "properties": {
        "netid": "00:F4:8D:25:EC:56",
        "ssid": null,
        "oui": "00:F4:8D",
        "channel": 0,
        "encryption": "unknown",
        "firsttime": "2025-10-22T21:00:00.000Z",
        "lasttime": "2025-11-26T13:00:00.000Z",
        "city": null,
        "region": "FL",
        "country": "US",
        "road": null,
        "postalcode": "33772-4886"
      }
    },
    {
      "type": "Feature",
      "geometry": {
        "type": "Point",
        "coordinates": [
          -74.31789398,
          40.55361557
        ]
      },
      "properties": {
        "netid": "00:F4:8D:26:04:20",
        "ssid": null,
        "oui": "00:F4:8D",
        "channel": 8,
        "encryption": "wpa2",
        "firsttime": "2026-08-02T20:00:00.000Z",
        "lasttime": "2026-08-02T13:00:00.000Z",
        "city": null,
        "region": "NJ",
        "country": "US",
        "road": "Garden State Parkway",
        "postalcode": "08830"
      }
    },
    {
      "type": "Feature",
      "geometry": {
        "type": "Point",
        "coordinates": [
          -73.62535858,
          45.4361763
        ]
      },
      "properties": {
        "netid": "00:F4:8D:26:46:C4",
        "ssid": null,
        "oui": "00:F4:8D",
        "channel": 0,
        "encryption": "unknown",
        "firsttime": "2022-05-04T16:00:00.000Z",
        "lasttime": "2025-07-11T18:00:00.000Z",
        "city": "Montr\u00e9al",
        "region": "Qu\u00e9bec",
        "country": "CA",
        "road": "Boulevard Newman",
        "postalcode": "H8N 1H6"
      }
    },
    {
      "type": "Feature",
      "geometry": {
        "type": "Point",
        "coordinates": [
          -85.84259796,
          37.68801117
        ]
      },
      "properties": {
        "netid": "00:F4:8D:28:23:82",
        "ssid": null,
        "oui": "00:F4:8D",
        "channel": 9,
        "encryption": "none",
        "firsttime": "2026-08-10T14:00:00.000Z",
        "lasttime": "2026-08-10T17:00:00.000Z",
        "city": "Elizabethtown",
        "region": "KY",
        "country": "US",
        "road": "I 65",
        "postalcode": "42701"
      }
    },
    {
      "type": "Feature",
      "geometry": {
        "type": "Point",
        "coordinates": [
          -93.62191772,
          41.58538055
        ]
      },
      "properties": {
        "netid": "00:F4:8D:28:3E:6F",
        "ssid": null,
        "oui": "00:F4:8D",
        "channel": 8,
        "encryption": "unknown",
        "firsttime": "2026-08-20T09:00:00.000Z",
        "lasttime": "2026-08-21T00:00:00.000Z",
        "city": "Des Moines",
        "region": "IA",
        "country": "US",
        "road": "4th Street",
        "postalcode": "50309"
      }
    },
    {
      "type": "Feature",
      "geometry": {
        "type": "Point",
        "coordinates": [
          -88.42152405,
          44.21986389
        ]
      },
      "properties": {
        "netid": "00:F4:8D:28:52:B5",
        "ssid": null,
        "oui": "00:F4:8D",
        "channel": 165,
        "encryption": "wpa2",
        "firsttime": "2026-08-24T19:00:00.000Z",
        "lasttime": "2026-08-28T14:00:00.000Z",
        "city": null,
        "region": "WI",
        "country": "US",
        "road": "Airport Road",
        "postalcode": "54952"
      }
    },
    {
      "type": "Feature",
      "geometry": {
        "type": "Point",
        "coordinates": [
          -82.73696136,
          27.84889221
        ]
      },
      "properties": {
        "netid": "00:F4:8D:28:52:E3",
        "ssid": null,
        "oui": "00:F4:8D",
        "channel": 0,
        "encryption": "unknown",
        "firsttime": "2025-11-06T23:00:00.000Z",
        "lasttime": "2025-11-07T13:00:00.000Z",
        "city": "Pinellas Park",
        "region": "FL",
        "country": "US",
        "road": "Belcher Road",
        "postalcode": "33781"
      }
    },
    {
      "type": "Feature",
      "geometry": {
        "type": "Point",
        "coordinates": [
          -82.64687347,
          27.82287025
        ]
      },
      "properties": {
        "netid": "00:F4:8D:28:52:EC",
        "ssid": null,
        "oui": "00:F4:8D",
        "channel": 0,
        "encryption": "unknown",
        "firsttime": "2025-11-06T20:00:00.000Z",
        "lasttime": "2025-11-21T02:00:00.000Z",
        "city": "Saint Petersburg",
        "region": "FL",
        "country": "US",
        "road": "Doctor Martin Luther King Junior Street North",
        "postalcode": "33702"
      }
    },
    {
      "type": "Feature",
      "geometry": {
        "type": "Point",
        "coordinates": [
          -96.79165649,
          43.50037766
        ]
      },
      "properties": {
        "netid": "00:F4:8D:28:82:5D",
        "ssid": "Flock",
        "oui": "00:F4:8D",
        "channel": 1,
        "encryption": "wpa2",
        "firsttime": "2026-05-05T19:00:00.000Z",
        "lasttime": "2026-05-07T13:00:00.000Z",
        "city": "Sioux Falls",
        "region": "SD",
        "country": "US",
        "road": "West 57th Street",
        "postalcode": "57108-4227"
      }
    },
    {
      "type": "Feature",
      "geometry": {
        "type": "Point",
        "coordinates": [
          -115.20911407,
          36.16057205
        ]
      },
      "properties": {
        "netid": "00:F4:8D:28:C7:4C",
        "ssid": null,
        "oui": "00:F4:8D",
        "channel": 0,
        "encryption": "unknown",
        "firsttime": "2024-08-11T15:00:00.000Z",
        "lasttime": "2025-05-14T16:00:00.000Z",
        "city": "Las Vegas",
        "region": "NV",
        "country": "US",
        "road": "Alpine Place",
        "postalcode": "89102-1432"
      }
    },
    {
      "type": "Feature",
      "geometry": {
        "type": "Point",
        "coordinates": [
          9.03076839,
          56.56512451
        ]
      },
      "properties": {
        "netid": "00:F4:8D:29:13:31",
        "ssid": "Flock",
        "oui": "00:F4:8D",
        "channel": 1,
        "encryption": "wpa2",
        "firsttime": "2026-07-25T15:00:00.000Z",
        "lasttime": "2026-07-25T14:00:00.000Z",
        "city": null,
        "region": "Region Midtjylland",
        "country": "DK",
        "road": "S\u00f8nder Boulevard",
        "postalcode": "7800"
      }
    },
    {
      "type": "Feature",
      "geometry": {
        "type": "Point",
        "coordinates": [
          -76.51305389,
          39.36309433
        ]
      },
      "properties": {
        "netid": "00:F4:8D:29:35:52",
        "ssid": null,
        "oui": "00:F4:8D",
        "channel": 6,
        "encryption": "unknown",
        "firsttime": "2026-08-08T13:00:00.000Z",
        "lasttime": "2026-08-09T14:00:00.000Z",
        "city": null,
        "region": "MD",
        "country": "US",
        "road": "Edro Avenue",
        "postalcode": "21236"
      }
    },
    {
      "type": "Feature",
      "geometry": {
        "type": "Point",
        "coordinates": [
          -81.65381622,
          30.34763718
        ]
      },
      "properties": {
        "netid": "00:F4:8D:29:3A:0A",
        "ssid": "Flock",
        "oui": "00:F4:8D",
        "channel": 1,
        "encryption": "wpa2",
        "firsttime": "2026-07-03T12:00:00.000Z",
        "lasttime": "2026-07-03T10:00:00.000Z",
        "city": "Jacksonville",
        "region": "FL",
        "country": "US",
        "road": "Main Street",
        "postalcode": "32206"
      }
    },
    {
      "type": "Feature",
      "geometry": {
        "type": "Point",
        "coordinates": [
          -73.93244934,
          40.63035202
        ]
      },
      "properties": {
        "netid": "00:F4:8D:29:46:40",
        "ssid": "Flock",
        "oui": "00:F4:8D",
        "channel": 1,
        "encryption": "wpa2",
        "firsttime": "2026-08-12T20:00:00.000Z",
        "lasttime": "2026-08-12T14:00:00.000Z",
        "city": "City of New York",
        "region": "NY",
        "country": "US",
        "road": "Kings Highway",
        "postalcode": "11203"
      }
    },
    {
      "type": "Feature",
      "geometry": {
        "type": "Point",
        "coordinates": [
          -120.79299164,
          37.53123474
        ]
      },
      "properties": {
        "netid": "00:F4:8D:2A:F1:11",
        "ssid": null,
        "oui": "00:F4:8D",
        "channel": 0,
        "encryption": "unknown",
        "firsttime": "2024-09-03T08:00:00.000Z",
        "lasttime": "2024-09-03T15:00:00.000Z",
        "city": null,
        "region": "CA",
        "country": "US",
        "road": "Katella Drive",
        "postalcode": null
      }
    },
    {
      "type": "Feature",
      "geometry": {
        "type": "Point",
        "coordinates": [
          -104.86733246,
          40.04876709
        ]
      },
      "properties": {
        "netid": "00:F4:8D:2A:F2:00",
        "ssid": "Flock",
        "oui": "00:F4:8D",
        "channel": 1,
        "encryption": "wpa2",
        "firsttime": "2026-07-07T23:00:00.000Z",
        "lasttime": "2026-07-08T21:00:00.000Z",
        "city": null,
        "region": "CO",
        "country": "US",
        "road": "County Road 21",
        "postalcode": null
      }
    },
    {
      "type": "Feature",
      "geometry": {
        "type": "Point",
        "coordinates": [
          -104.97375488,
          40.16550827
        ]
      },
      "properties": {
        "netid": "00:F4:8D:2A:F5:1D",
        "ssid": null,
        "oui": "00:F4:8D",
        "channel": 0,
        "encryption": "unknown",
        "firsttime": "2025-11-01T10:00:00.000Z",
        "lasttime": "2025-11-04T21:00:00.000Z",
        "city": null,
        "region": "CO",
        "country": "US",
        "road": null,
        "postalcode": "80504-5510"
      }
    },
    {
      "type": "Feature",
      "geometry": {
        "type": "Point",
        "coordinates": [
          -82.63860321,
          27.77596092
        ]
      },
      "properties": {
        "netid": "00:F4:8D:2A:F7:FC",
        "ssid": null,
        "oui": "00:F4:8D",
        "channel": 153,
        "encryption": "unknown",
        "firsttime": "2025-12-08T13:00:00.000Z",
        "lasttime": "2025-12-09T14:00:00.000Z",
        "city": "Saint Petersburg",
        "region": "FL",
        "country": "US",
        "road": "4th Street North",
        "postalcode": "33701"
      }
    },
    {
      "type": "Feature",
      "geometry": {
        "type": "Point",
        "coordinates": [
          -115.13259888,
          36.14444351
        ]
      },
      "properties": {
        "netid": "00:F4:8D:2A:FB:63",
        "ssid": null,
        "oui": "00:F4:8D",
        "channel": 0,
        "encryption": "unknown",
        "firsttime": "2025-05-20T03:00:00.000Z",
        "lasttime": "2025-05-23T17:00:00.000Z",
        "city": "Las Vegas",
        "region": "NV",
        "country": "US",
        "road": "East Sahara Avenue",
        "postalcode": "89104-1671"
      }
    },
    {
      "type": "Feature",
      "geometry": {
        "type": "Point",
        "coordinates": [
          -86.01802826,
          39.95693207
        ]
      },
      "properties": {
        "netid": "00:F4:8D:2A:FC:20",
        "ssid": null,
        "oui": "00:F4:8D",
        "channel": 0,
        "encryption": "unknown",
        "firsttime": "2024-09-17T03:00:00.000Z",
        "lasttime": "2025-07-16T19:00:00.000Z",
        "city": null,
        "region": "IN",
        "country": "US",
        "road": "East 116th Street",
        "postalcode": "46038"
      }
    },
    {
      "type": "Feature",
      "geometry": {
        "type": "Point",
        "coordinates": [
          -95.54336548,
          29.90600395
        ]
      },
      "properties": {
        "netid": "00:F4:8D:2A:FD:FD",
        "ssid": "Flock",
        "oui": "00:F4:8D",
        "channel": 2,
        "encryption": "none",
        "firsttime": "2026-05-01T20:00:00.000Z",
        "lasttime": "2026-08-26T20:00:00.000Z",
        "city": null,
        "region": "TX",
        "country": "US",
        "road": "Gessner Road",
        "postalcode": "77064"
      }
    },
    {
      "type": "Feature",
      "geometry": {
        "type": "Point",
        "coordinates": [
          -82.68239594,
          27.77728271
        ]
      },
      "properties": {
        "netid": "00:F4:8D:2B:05:DB",
        "ssid": null,
        "oui": "00:F4:8D",
        "channel": 157,
        "encryption": "unknown",
        "firsttime": "2025-04-29T22:00:00.000Z",
        "lasttime": "2025-04-29T20:00:00.000Z",
        "city": "Saint Petersburg",
        "region": "FL",
        "country": "US",
        "road": "5th Avenue North",
        "postalcode": "33710"
      }
    },
    {
      "type": "Feature",
      "geometry": {
        "type": "Point",
        "coordinates": [
          -114.01159668,
          51.0802803
        ]
      },
      "properties": {
        "netid": "00:F4:8D:2B:13:80",
        "ssid": null,
        "oui": "00:F4:8D",
        "channel": 5,
        "encryption": "unknown",
        "firsttime": "2025-12-05T23:00:00.000Z",
        "lasttime": "2025-12-05T19:00:00.000Z",
        "city": "Calgary",
        "region": "Alberta",
        "country": "CA",
        "road": "19 Street NE",
        "postalcode": "T2E 6Y9"
      }
    },
    {
      "type": "Feature",
      "geometry": {
        "type": "Point",
        "coordinates": [
          -114.02479553,
          51.03538132
        ]
      },
      "properties": {
        "netid": "00:F4:8D:2B:C4:94",
        "ssid": "Flock",
        "oui": "00:F4:8D",
        "channel": 1,
        "encryption": "wpa2",
        "firsttime": "2026-07-31T13:00:00.000Z",
        "lasttime": "2026-07-31T14:00:00.000Z",
        "city": "Calgary",
        "region": "Alberta",
        "country": "CA",
        "road": "15 Street SE",
        "postalcode": "T2G 1E3"
      }
    },
    {
      "type": "Feature",
      "geometry": {
        "type": "Point",
        "coordinates": [
          -73.53739166,
          45.57089996
        ]
      },
      "properties": {
        "netid": "00:F4:8D:2C:E0:11",
        "ssid": null,
        "oui": "00:F4:8D",
        "channel": 0,
        "encryption": "unknown",
        "firsttime": "2022-08-06T06:00:00.000Z",
        "lasttime": "2025-04-25T17:00:00.000Z",
        "city": "Montr\u00e9al",
        "region": "Qu\u00e9bec",
        "country": "CA",
        "road": "Rue Hochelaga",
        "postalcode": "H1N 1X1"
      }
    },
    {
      "type": "Feature",
      "geometry": {
        "type": "Point",
        "coordinates": [
          -75.32957458,
          39.9099617
        ]
      },
      "properties": {
        "netid": "00:F4:8D:2E:AE:CD",
        "ssid": "Flock",
        "oui": "00:F4:8D",
        "channel": 1,
        "encryption": "wpa2",
        "firsttime": "2026-07-28T15:00:00.000Z",
        "lasttime": "2026-07-28T12:00:00.000Z",
        "city": null,
        "region": "PA",
        "country": "US",
        "road": "Woodland Avenue",
        "postalcode": "19070"
      }
    },
    {
      "type": "Feature",
      "geometry": {
        "type": "Point",
        "coordinates": [
          12.54118538,
          41.87435913
        ]
      },
      "properties": {
        "netid": "00:F4:8D:2E:B0:7E",
        "ssid": "Flock",
        "oui": "00:F4:8D",
        "channel": 1,
        "encryption": "wpa2",
        "firsttime": "2026-07-14T15:00:00.000Z",
        "lasttime": "2026-07-14T10:00:00.000Z",
        "city": "Roma",
        "region": "Lazio",
        "country": "IT",
        "road": "Via di Tor Pignattara",
        "postalcode": "00176"
      }
    },
    {
      "type": "Feature",
      "geometry": {
        "type": "Point",
        "coordinates": [
          -118.14847565,
          34.59806824
        ]
      },
      "properties": {
        "netid": "00:F4:8D:2F:9A:EF",
        "ssid": "Flock",
        "oui": "00:F4:8D",
        "channel": 1,
        "encryption": "wpa2",
        "firsttime": "2026-08-24T17:00:00.000Z",
        "lasttime": "2026-08-24T13:00:00.000Z",
        "city": "Palmdale",
        "region": "CA",
        "country": "US",
        "road": "Amargosa Place",
        "postalcode": "93551-3713"
      }
    },
    {
      "type": "Feature",
      "geometry": {
        "type": "Point",
        "coordinates": [
          -77.56908417,
          43.21193314
        ]
      },
      "properties": {
        "netid": "00:F4:8D:2F:BD:EB",
        "ssid": "<hidden>",
        "oui": "00:F4:8D",
        "channel": 9,
        "encryption": "none",
        "firsttime": "2026-08-13T10:00:00.000Z",
        "lasttime": "2026-08-13T15:00:00.000Z",
        "city": "Town of Irondequoit",
        "region": "NY",
        "country": "US",
        "road": "Larkspur Lane",
        "postalcode": "14622"
      }
    },
    {
      "type": "Feature",
      "geometry": {
        "type": "Point",
        "coordinates": [
          -89.29711914,
          43.09622574
        ]
      },
      "properties": {
        "netid": "00:F4:8D:2F:C9:A3",
        "ssid": null,
        "oui": "00:F4:8D",
        "channel": 153,
        "encryption": "wpa2",
        "firsttime": "2026-07-30T00:00:00.000Z",
        "lasttime": "2026-07-29T19:00:00.000Z",
        "city": "Madison",
        "region": "WI",
        "country": "US",
        "road": "Ralph Circle",
        "postalcode": "53714"
      }
    },
    {
      "type": "Feature",
      "geometry": {
        "type": "Point",
        "coordinates": [
          -95.63988495,
          29.91552925
        ]
      },
      "properties": {
        "netid": "00:F4:8D:2F:D3:4E",
        "ssid": null,
        "oui": "00:F4:8D",
        "channel": 157,
        "encryption": "none",
        "firsttime": "2026-08-21T16:00:00.000Z",
        "lasttime": "2026-08-21T16:00:00.000Z",
        "city": null,
        "region": "TX",
        "country": "US",
        "road": "Tuckerton Road",
        "postalcode": "77095"
      }
    },
    {
      "type": "Feature",
      "geometry": {
        "type": "Point",
        "coordinates": [
          -81.69483185,
          41.50001526
        ]
      },
      "properties": {
        "netid": "00:F4:8D:2F:D9:8A",
        "ssid": null,
        "oui": "00:F4:8D",
        "channel": 0,
        "encryption": "unknown",
        "firsttime": "2024-10-19T14:00:00.000Z",
        "lasttime": "2024-10-19T08:00:00.000Z",
        "city": "Cleveland",
        "region": "OH",
        "country": "US",
        "road": "Rockwell Avenue",
        "postalcode": "44113"
      }
    },
    {
      "type": "Feature",
      "geometry": {
        "type": "Point",
        "coordinates": [
          -82.67441559,
          27.79951668
        ]
      },
      "properties": {
        "netid": "00:F4:8D:2F:E5:CA",
        "ssid": null,
        "oui": "00:F4:8D",
        "channel": 0,
        "encryption": "unknown",
        "firsttime": "2025-10-16T21:00:00.000Z",
        "lasttime": "2025-10-17T12:00:00.000Z",
        "city": "Saint Petersburg",
        "region": "FL",
        "country": "US",
        "road": "30th Street North",
        "postalcode": "33713"
      }
    },
    {
      "type": "Feature",
      "geometry": {
        "type": "Point",
        "coordinates": [
          -98.21154785,
          30.75780296
        ]
      },
      "properties": {
        "netid": "00:F4:8D:2F:EE:39",
        "ssid": null,
        "oui": "00:F4:8D",
        "channel": 0,
        "encryption": "unknown",
        "firsttime": "2025-10-30T15:00:00.000Z",
        "lasttime": "2025-10-31T07:00:00.000Z",
        "city": null,
        "region": "TX",
        "country": "US",
        "road": "East Polk Street",
        "postalcode": "78611"
      }
    },
    {
      "type": "Feature",
      "geometry": {
        "type": "Point",
        "coordinates": [
          -82.71537781,
          27.78814507
        ]
      },
      "properties": {
        "netid": "00:F4:8D:2F:EE:5E",
        "ssid": null,
        "oui": "00:F4:8D",
        "channel": 0,
        "encryption": "unknown",
        "firsttime": "2025-11-27T00:00:00.000Z",
        "lasttime": "2025-11-28T03:00:00.000Z",
        "city": "Saint Petersburg",
        "region": "FL",
        "country": "US",
        "road": "17th Avenue North",
        "postalcode": "33710"
      }
    },
    {
      "type": "Feature",
      "geometry": {
        "type": "Point",
        "coordinates": [
          -73.62319946,
          45.52859497
        ]
      },
      "properties": {
        "netid": "00:F4:8D:30:2C:A7",
        "ssid": null,
        "oui": "00:F4:8D",
        "channel": 0,
        "encryption": "unknown",
        "firsttime": "2025-06-05T04:00:00.000Z",
        "lasttime": "2025-06-14T11:00:00.000Z",
        "city": "Montr\u00e9al",
        "region": "Qu\u00e9bec",
        "country": "CA",
        "road": "Rue Jean-Talon Ouest",
        "postalcode": "H3N 1R3"
      }
    },
    {
      "type": "Feature",
      "geometry": {
        "type": "Point",
        "coordinates": [
          -80.07134247,
          42.13315964
        ]
      },
      "properties": {
        "netid": "00:F4:8D:32:9F:EC",
        "ssid": "Flock",
        "oui": "00:F4:8D",
        "channel": 1,
        "encryption": "wpa2",
        "firsttime": "2026-08-14T19:00:00.000Z",
        "lasttime": "2026-08-16T19:00:00.000Z",
        "city": "Erie",
        "region": "PA",
        "country": "US",
        "road": "Ash Street",
        "postalcode": "16503"
      }
    },
    {
      "type": "Feature",
      "geometry": {
        "type": "Point",
        "coordinates": [
          -85.96303558,
          39.95419693
        ]
      },
      "properties": {
        "netid": "00:F4:8D:32:AD:0D",
        "ssid": null,
        "oui": "00:F4:8D",
        "channel": 8,
        "encryption": "unknown",
        "firsttime": "2026-07-26T00:00:00.000Z",
        "lasttime": "2026-08-08T18:00:00.000Z",
        "city": null,
        "region": "IN",
        "country": "US",
        "road": "Hawthorn Ridge",
        "postalcode": "46037"
      }
    },
    {
      "type": "Feature",
      "geometry": {
        "type": "Point",
        "coordinates": [
          -74.10649872,
          40.87361145
        ]
      },
      "properties": {
        "netid": "00:F4:8D:32:AF:CF",
        "ssid": null,
        "oui": "00:F4:8D",
        "channel": 3,
        "encryption": "none",
        "firsttime": "2026-08-23T09:00:00.000Z",
        "lasttime": "2026-08-23T07:00:00.000Z",
        "city": null,
        "region": "NJ",
        "country": "US",
        "road": "Van Winkle Avenue",
        "postalcode": "07026"
      }
    },
    {
      "type": "Feature",
      "geometry": {
        "type": "Point",
        "coordinates": [
          -82.64601898,
          27.82140923
        ]
      },
      "properties": {
        "netid": "00:F4:8D:32:C1:F7",
        "ssid": null,
        "oui": "00:F4:8D",
        "channel": 0,
        "encryption": "unknown",
        "firsttime": "2025-05-27T23:00:00.000Z",
        "lasttime": "2025-10-23T13:00:00.000Z",
        "city": "Saint Petersburg",
        "region": "FL",
        "country": "US",
        "road": "54th Avenue North",
        "postalcode": "33703"
      }
    },
    {
      "type": "Feature",
      "geometry": {
        "type": "Point",
        "coordinates": [
          -97.80738831,
          30.17384148
        ]
      },
      "properties": {
        "netid": "00:F4:8D:32:C4:06",
        "ssid": null,
        "oui": "00:F4:8D",
        "channel": 0,
        "encryption": "unknown",
        "firsttime": "2026-06-14T22:00:00.000Z",
        "lasttime": "2026-06-14T22:00:00.000Z",
        "city": "Austin",
        "region": "TX",
        "country": "US",
        "road": "South Mary Moore Searight Drive",
        "postalcode": "78748"
      }
    },
    {
      "type": "Feature",
      "geometry": {
        "type": "Point",
        "coordinates": [
          -117.10095215,
          46.37633133
        ]
      },
      "properties": {
        "netid": "00:F4:8D:34:4F:2D",
        "ssid": "Flock",
        "oui": "00:F4:8D",
        "channel": 1,
        "encryption": "wpa2",
        "firsttime": "2026-07-23T01:00:00.000Z",
        "lasttime": "2026-07-22T19:00:00.000Z",
        "city": null,
        "region": "WA",
        "country": "US",
        "road": "Scenic Hills Drive",
        "postalcode": "99403"
      }
    },
    {
      "type": "Feature",
      "geometry": {
        "type": "Point",
        "coordinates": [
          -82.72842407,
          27.90481949
        ]
      },
      "properties": {
        "netid": "00:F4:8D:34:4F:93",
        "ssid": null,
        "oui": "00:F4:8D",
        "channel": 9,
        "encryption": "unknown",
        "firsttime": "2025-09-22T19:00:00.000Z",
        "lasttime": "2025-09-26T21:00:00.000Z",
        "city": "Largo",
        "region": "FL",
        "country": "US",
        "road": "US Highway 19 North",
        "postalcode": "33760"
      }
    },
    {
      "type": "Feature",
      "geometry": {
        "type": "Point",
        "coordinates": [
          -82.720047,
          28.06727791
        ]
      },
      "properties": {
        "netid": "00:F4:8D:34:5A:5A",
        "ssid": null,
        "oui": "00:F4:8D",
        "channel": 0,
        "encryption": "unknown",
        "firsttime": "2025-05-16T21:00:00.000Z",
        "lasttime": "2025-05-17T01:00:00.000Z",
        "city": "Palm Harbor",
        "region": "FL",
        "country": "US",
        "road": "Tampa Road",
        "postalcode": "34677"
      }
    },
    {
      "type": "Feature",
      "geometry": {
        "type": "Point",
        "coordinates": [
          -74.10562897,
          40.86349106
        ]
      },
      "properties": {
        "netid": "00:F4:8D:34:74:7D",
        "ssid": null,
        "oui": "00:F4:8D",
        "channel": 7,
        "encryption": "none",
        "firsttime": "2026-08-18T10:00:00.000Z",
        "lasttime": "2026-08-18T07:00:00.000Z",
        "city": null,
        "region": "NJ",
        "country": "US",
        "road": "River Drive",
        "postalcode": "07057"
      }
    },
    {
      "type": "Feature",
      "geometry": {
        "type": "Point",
        "coordinates": [
          -82.28598785,
          27.95593643
        ]
      },
      "properties": {
        "netid": "00:F4:8D:34:76:97",
        "ssid": null,
        "oui": "00:F4:8D",
        "channel": 6,
        "encryption": "none",
        "firsttime": "2026-08-17T12:00:00.000Z",
        "lasttime": "2026-08-18T06:00:00.000Z",
        "city": "Brandon",
        "region": "FL",
        "country": "US",
        "road": "Rosier Road",
        "postalcode": "33510"
      }
    },
    {
      "type": "Feature",
      "geometry": {
        "type": "Point",
        "coordinates": [
          -73.6576004,
          40.75326538
        ]
      },
      "properties": {
        "netid": "00:F4:8D:34:8B:70",
        "ssid": null,
        "oui": "00:F4:8D",
        "channel": 5,
        "encryption": "unknown",
        "firsttime": "2025-10-12T18:00:00.000Z",
        "lasttime": "2025-10-12T11:00:00.000Z",
        "city": null,
        "region": "NY",
        "country": "US",
        "road": "Hillside Avenue",
        "postalcode": "11596"
      }
    },
    {
      "type": "Feature",
      "geometry": {
        "type": "Point",
        "coordinates": [
          -74.52038574,
          40.50004959
        ]
      },
      "properties": {
        "netid": "00:F4:8D:34:8E:D4",
        "ssid": null,
        "oui": "00:F4:8D",
        "channel": 2,
        "encryption": "unknown",
        "firsttime": "2026-05-02T21:00:00.000Z",
        "lasttime": "2026-05-02T18:00:00.000Z",
        "city": null,
        "region": "NJ",
        "country": "US",
        "road": "Demott Lane",
        "postalcode": "08873"
      }
    },
    {
      "type": "Feature",
      "geometry": {
        "type": "Point",
        "coordinates": [
          -74.36462402,
          41.47021103
        ]
      },
      "properties": {
        "netid": "00:F4:8D:34:90:EE",
        "ssid": "Flock",
        "oui": "00:F4:8D",
        "channel": 40,
        "encryption": "none",
        "firsttime": "2026-08-28T17:00:00.000Z",
        "lasttime": "2026-08-28T18:00:00.000Z",
        "city": null,
        "region": "NY",
        "country": "US",
        "road": "Woodstock Lane",
        "postalcode": "10941"
      }
    },
    {
      "type": "Feature",
      "geometry": {
        "type": "Point",
        "coordinates": [
          -95.4931488,
          29.64972305
        ]
      },
      "properties": {
        "netid": "00:F4:8D:34:A6:FE",
        "ssid": "Flock",
        "oui": "00:F4:8D",
        "channel": 1,
        "encryption": "wpa2",
        "firsttime": "2026-05-29T01:00:00.000Z",
        "lasttime": "2026-06-03T18:00:00.000Z",
        "city": "Houston",
        "region": "TX",
        "country": "US",
        "road": "Hillcroft Avenue",
        "postalcode": "77035"
      }
    },
    {
      "type": "Feature",
      "geometry": {
        "type": "Point",
        "coordinates": [
          -89.02784729,
          42.51021957
        ]
      },
      "properties": {
        "netid": "00:F4:8D:34:B7:92",
        "ssid": null,
        "oui": "00:F4:8D",
        "channel": 165,
        "encryption": "wpa2",
        "firsttime": "2026-05-28T14:00:00.000Z",
        "lasttime": "2026-06-01T16:00:00.000Z",
        "city": null,
        "region": "WI",
        "country": "US",
        "road": "White Avenue",
        "postalcode": "53511"
      }
    },
    {
      "type": "Feature",
      "geometry": {
        "type": "Point",
        "coordinates": [
          -78.73549652,
          35.77754211
        ]
      },
      "properties": {
        "netid": "00:F4:8D:34:BE:AC",
        "ssid": null,
        "oui": "00:F4:8D",
        "channel": 1,
        "encryption": "wpa2",
        "firsttime": "2026-06-07T20:00:00.000Z",
        "lasttime": "2026-07-14T13:00:00.000Z",
        "city": "Raleigh",
        "region": "NC",
        "country": "US",
        "road": "Bashford Road",
        "postalcode": "27606"
      }
    },
    {
      "type": "Feature",
      "geometry": {
        "type": "Point",
        "coordinates": [
          -95.47644806,
          29.70329285
        ]
      },
      "properties": {
        "netid": "00:F4:8D:34:C3:CC",
        "ssid": "Flock",
        "oui": "00:F4:8D",
        "channel": 1,
        "encryption": "wpa2",
        "firsttime": "2026-08-26T23:00:00.000Z",
        "lasttime": "2026-08-26T19:00:00.000Z",
        "city": "Houston",
        "region": "TX",
        "country": "US",
        "road": "Bissonnet Street",
        "postalcode": "77402"
      }
    },
    {
      "type": "Feature",
      "geometry": {
        "type": "Point",
        "coordinates": [
          -97.29879761,
          37.66501236
        ]
      },
      "properties": {
        "netid": "00:F4:8D:34:CC:B0",
        "ssid": null,
        "oui": "00:F4:8D",
        "channel": 1,
        "encryption": "unknown",
        "firsttime": "2026-05-19T23:00:00.000Z",
        "lasttime": "2026-05-23T11:00:00.000Z",
        "city": "Wichita",
        "region": "KS",
        "country": "US",
        "road": "South Hillside Street",
        "postalcode": "67218-3722"
      }
    },
    {
      "type": "Feature",
      "geometry": {
        "type": "Point",
        "coordinates": [
          -78.85289764,
          42.98360825
        ]
      },
      "properties": {
        "netid": "00:F4:8D:34:D7:0D",
        "ssid": "DIRECT-MVLAPTOP-M9D787H8msQN",
        "oui": "00:F4:8D",
        "channel": 1,
        "encryption": "wpa2",
        "firsttime": "2025-04-27T00:00:00.000Z",
        "lasttime": "2026-08-13T18:00:00.000Z",
        "city": "Tonawanda Town CDP",
        "region": "NY",
        "country": "US",
        "road": "Belmont Avenue",
        "postalcode": "14223"
      }
    },
    {
      "type": "Feature",
      "geometry": {
        "type": "Point",
        "coordinates": [
          -83.04298401,
          39.99820709
        ]
      },
      "properties": {
        "netid": "00:F4:8D:34:D9:EE",
        "ssid": "Flock",
        "oui": "00:F4:8D",
        "channel": 1,
        "encryption": "wpa2",
        "firsttime": "2026-07-28T15:00:00.000Z",
        "lasttime": "2026-07-31T18:00:00.000Z",
        "city": "Columbus",
        "region": "OH",
        "country": "US",
        "road": "Kinnear Road",
        "postalcode": "43212"
      }
    },
    {
      "type": "Feature",
      "geometry": {
        "type": "Point",
        "coordinates": [
          -72.99530029,
          40.82913971
        ]
      },
      "properties": {
        "netid": "00:F4:8D:35:B7:7B",
        "ssid": null,
        "oui": "00:F4:8D",
        "channel": 11,
        "encryption": "unknown",
        "firsttime": "2024-06-05T22:00:00.000Z",
        "lasttime": "2025-09-18T19:00:00.000Z",
        "city": null,
        "region": "NY",
        "country": "US",
        "road": "Route 112",
        "postalcode": "11763"
      }
    },
    {
      "type": "Feature",
      "geometry": {
        "type": "Point",
        "coordinates": [
          -118.04129028,
          33.80437088
        ]
      },
      "properties": {
        "netid": "00:F4:8D:36:7A:49",
        "ssid": null,
        "oui": "00:F4:8D",
        "channel": 1,
        "encryption": "wpa2",
        "firsttime": "2026-07-25T01:00:00.000Z",
        "lasttime": "2026-07-31T16:00:00.000Z",
        "city": null,
        "region": "CA",
        "country": "US",
        "road": "Winners Circle",
        "postalcode": "90630"
      }
    },
    {
      "type": "Feature",
      "geometry": {
        "type": "Point",
        "coordinates": [
          -95.51457977,
          29.55445671
        ]
      },
      "properties": {
        "netid": "00:F4:8D:36:7A:64",
        "ssid": null,
        "oui": "00:F4:8D",
        "channel": 36,
        "encryption": "wpa2",
        "firsttime": "2026-05-17T23:00:00.000Z",
        "lasttime": "2026-05-17T16:00:00.000Z",
        "city": "Missouri City",
        "region": "TX",
        "country": "US",
        "road": "Vicksburg Boulevard",
        "postalcode": "77459"
      }
    },
    {
      "type": "Feature",
      "geometry": {
        "type": "Point",
        "coordinates": [
          -96.69827271,
          32.60619736
        ]
      },
      "properties": {
        "netid": "00:F4:8D:36:7C:F1",
        "ssid": null,
        "oui": "00:F4:8D",
        "channel": 157,
        "encryption": "wpa2",
        "firsttime": "2026-05-11T21:00:00.000Z",
        "lasttime": "2026-05-11T16:00:00.000Z",
        "city": null,
        "region": "TX",
        "country": "US",
        "road": "Byron Road",
        "postalcode": "75172"
      }
    },
    {
      "type": "Feature",
      "geometry": {
        "type": "Point",
        "coordinates": [
          -114.15621948,
          51.01845932
        ]
      },
      "properties": {
        "netid": "00:F4:8D:36:91:8C",
        "ssid": null,
        "oui": "00:F4:8D",
        "channel": 48,
        "encryption": "unknown",
        "firsttime": "2025-12-22T18:00:00.000Z",
        "lasttime": "2025-12-22T16:00:00.000Z",
        "city": "Calgary",
        "region": "Alberta",
        "country": "CA",
        "road": "Richmond Road SW",
        "postalcode": "T3E 6K4"
      }
    },
    {
      "type": "Feature",
      "geometry": {
        "type": "Point",
        "coordinates": [
          -71.8205719,
          42.26176834
        ]
      },
      "properties": {
        "netid": "00:F4:8D:36:A2:90",
        "ssid": "LAPTOP-P6MPIRGV 4698",
        "oui": "00:F4:8D",
        "channel": 11,
        "encryption": "wpa2",
        "firsttime": "2021-01-04T19:00:00.000Z",
        "lasttime": "2025-03-08T19:00:00.000Z",
        "city": "Worcester",
        "region": "MA",
        "country": "US",
        "road": "Park Avenue",
        "postalcode": "01610"
      }
    },
    {
      "type": "Feature",
      "geometry": {
        "type": "Point",
        "coordinates": [
          19.09044647,
          47.55466461
        ]
      },
      "properties": {
        "netid": "00:F4:8D:36:B1:83",
        "ssid": "DIRECT-USDESKTOP-NEP3K6VISCR",
        "oui": "00:F4:8D",
        "channel": 4,
        "encryption": "wpa2",
        "firsttime": "2025-03-10T16:00:00.000Z",
        "lasttime": "2025-03-10T12:00:00.000Z",
        "city": null,
        "region": "Budapest",
        "country": "HU",
        "road": "Pozsonyi utca",
        "postalcode": "1045"
      }
    },
    {
      "type": "Feature",
      "geometry": {
        "type": "Point",
        "coordinates": [
          -87.36110687,
          41.5333519
        ]
      },
      "properties": {
        "netid": "00:F4:8D:36:B6:1A",
        "ssid": "LAPTOP-8I59TPB5 9572",
        "oui": "00:F4:8D",
        "channel": 6,
        "encryption": "wpa2",
        "firsttime": "2026-07-29T15:00:00.000Z",
        "lasttime": "2026-07-30T06:00:00.000Z",
        "city": null,
        "region": "IN",
        "country": "US",
        "road": "West 47th Avenue",
        "postalcode": "46408"
      }
    },
    {
      "type": "Feature",
      "geometry": {
        "type": "Point",
        "coordinates": [
          -117.90626526,
          34.13064957
        ]
      },
      "properties": {
        "netid": "00:F4:8D:37:2C:E7",
        "ssid": null,
        "oui": "00:F4:8D",
        "channel": 157,
        "encryption": "none",
        "firsttime": "2026-08-23T10:00:00.000Z",
        "lasttime": "2026-08-23T13:00:00.000Z",
        "city": "Azusa",
        "region": "CA",
        "country": "US",
        "road": "North Alameda Avenue",
        "postalcode": "91702"
      }
    },
    {
      "type": "Feature",
      "geometry": {
        "type": "Point",
        "coordinates": [
          -70.9090271,
          41.89241791
        ]
      },
      "properties": {
        "netid": "00:F4:8D:37:2E:43",
        "ssid": null,
        "oui": "00:F4:8D",
        "channel": 36,
        "encryption": "wpa2",
        "firsttime": "2026-07-13T12:00:00.000Z",
        "lasttime": "2026-07-13T07:00:00.000Z",
        "city": null,
        "region": "MA",
        "country": "US",
        "road": "Wareham Street",
        "postalcode": "02346"
      }
    },
    {
      "type": "Feature",
      "geometry": {
        "type": "Point",
        "coordinates": [
          -73.99106598,
          40.90652847
        ]
      },
      "properties": {
        "netid": "00:F4:8D:37:34:B6",
        "ssid": null,
        "oui": "00:F4:8D",
        "channel": 0,
        "encryption": "unknown",
        "firsttime": "2024-12-03T17:00:00.000Z",
        "lasttime": "2024-12-03T11:00:00.000Z",
        "city": null,
        "region": "NJ",
        "country": "US",
        "road": "Ardsley Court",
        "postalcode": "07666"
      }
    },
    {
      "type": "Feature",
      "geometry": {
        "type": "Point",
        "coordinates": [
          -81.78328705,
          41.31991196
        ]
      },
      "properties": {
        "netid": "00:F4:8D:37:35:B0",
        "ssid": "00:f4:8d:37:35:b0",
        "oui": "00:F4:8D",
        "channel": 165,
        "encryption": "wpa2",
        "firsttime": "2026-02-19T21:00:00.000Z",
        "lasttime": "2026-02-19T14:00:00.000Z",
        "city": "North Royalton",
        "region": "OH",
        "country": "US",
        "road": null,
        "postalcode": "44136"
      }
    },
    {
      "type": "Feature",
      "geometry": {
        "type": "Point",
        "coordinates": [
          -86.01126862,
          39.93558121
        ]
      },
      "properties": {
        "netid": "00:F4:8D:37:3A:DC",
        "ssid": null,
        "oui": "00:F4:8D",
        "channel": 161,
        "encryption": "unknown",
        "firsttime": "2026-08-08T23:00:00.000Z",
        "lasttime": "2026-08-08T18:00:00.000Z",
        "city": null,
        "region": "IN",
        "country": "US",
        "road": "Bradwell Place",
        "postalcode": "46038"
      }
    },
    {
      "type": "Feature",
      "geometry": {
        "type": "Point",
        "coordinates": [
          -116.92641449,
          46.36961746
        ]
      },
      "properties": {
        "netid": "00:F4:8D:37:42:4F",
        "ssid": "Flock",
        "oui": "00:F4:8D",
        "channel": 1,
        "encryption": "wpa2",
        "firsttime": "2026-07-24T04:00:00.000Z",
        "lasttime": "2026-07-23T22:00:00.000Z",
        "city": "Lewiston",
        "region": "ID",
        "country": "US",
        "road": "Powers Avenue",
        "postalcode": "83501"
      }
    },
    {
      "type": "Feature",
      "geometry": {
        "type": "Point",
        "coordinates": [
          -97.46405792,
          37.65930176
        ]
      },
      "properties": {
        "netid": "00:F4:8D:37:43:D5",
        "ssid": null,
        "oui": "00:F4:8D",
        "channel": 0,
        "encryption": "unknown",
        "firsttime": "2026-05-23T02:00:00.000Z",
        "lasttime": "2026-05-23T11:00:00.000Z",
        "city": "Wichita",
        "region": "KS",
        "country": "US",
        "road": "Esthner Circle",
        "postalcode": "67215"
      }
    },
    {
      "type": "Feature",
      "geometry": {
        "type": "Point",
        "coordinates": [
          -122.29405975,
          47.23319626
        ]
      },
      "properties": {
        "netid": "00:F4:8D:37:48:6B",
        "ssid": null,
        "oui": "00:F4:8D",
        "channel": 1,
        "encryption": "wpa2",
        "firsttime": "2026-07-23T03:00:00.000Z",
        "lasttime": "2026-08-11T13:00:00.000Z",
        "city": null,
        "region": "WA",
        "country": "US",
        "road": "Meridian Avenue East",
        "postalcode": "98371-1069"
      }
    },
    {
      "type": "Feature",
      "geometry": {
        "type": "Point",
        "coordinates": [
          -96.77148438,
          43.51795578
        ]
      },
      "properties": {
        "netid": "00:F4:8D:37:49:95",
        "ssid": "Flock",
        "oui": "00:F4:8D",
        "channel": 1,
        "encryption": "wpa2",
        "firsttime": "2026-06-30T17:00:00.000Z",
        "lasttime": "2026-07-04T17:00:00.000Z",
        "city": "Sioux Falls",
        "region": "SD",
        "country": "US",
        "road": "South Louise Avenue",
        "postalcode": "57108-4227"
      }
    },
    {
      "type": "Feature",
      "geometry": {
        "type": "Point",
        "coordinates": [
          25.02948189,
          60.37779236
        ]
      },
      "properties": {
        "netid": "00:F4:8D:37:57:D4",
        "ssid": "ACQ2rztT",
        "oui": "00:F4:8D",
        "channel": 6,
        "encryption": "wpa2",
        "firsttime": "2025-06-23T12:00:00.000Z",
        "lasttime": "2025-06-24T04:00:00.000Z",
        "city": null,
        "region": "Manner-Suomi",
        "country": "FI",
        "road": "Amerintie",
        "postalcode": "04320"
      }
    },
    {
      "type": "Feature",
      "geometry": {
        "type": "Point",
        "coordinates": [
          5.11223173,
          52.04951096
        ]
      },
      "properties": {
        "netid": "00:F4:8D:37:58:39",
        "ssid": "ACnLAUbq",
        "oui": "00:F4:8D",
        "channel": 6,
        "encryption": "wpa2",
        "firsttime": "2019-09-15T15:00:00.000Z",
        "lasttime": "2026-03-13T14:00:00.000Z",
        "city": null,
        "region": "Utrecht",
        "country": "NL",
        "road": "Grote Wade",
        "postalcode": "3439NS"
      }
    },
    {
      "type": "Feature",
      "geometry": {
        "type": "Point",
        "coordinates": [
          8.1206007,
          56.12450409
        ]
      },
      "properties": {
        "netid": "00:F4:8D:37:58:52",
        "ssid": "ACEp3EpC",
        "oui": "00:F4:8D",
        "channel": 6,
        "encryption": "wpa2",
        "firsttime": "2021-05-13T14:00:00.000Z",
        "lasttime": "2025-10-17T11:00:00.000Z",
        "city": null,
        "region": "Region Midtjylland",
        "country": "DK",
        "road": "Havstien",
        "postalcode": "6950"
      }
    },
    {
      "type": "Feature",
      "geometry": {
        "type": "Point",
        "coordinates": [
          4.11330605,
          50.49301529
        ]
      },
      "properties": {
        "netid": "00:F4:8D:37:58:73",
        "ssid": "ACbAA511",
        "oui": "00:F4:8D",
        "channel": 6,
        "encryption": "wpa2",
        "firsttime": "2020-02-29T17:00:00.000Z",
        "lasttime": "2026-07-18T09:00:00.000Z",
        "city": null,
        "region": "Hainaut",
        "country": "BE",
        "road": "Autoroute de Wallonie",
        "postalcode": "7070"
      }
    },
    {
      "type": "Feature",
      "geometry": {
        "type": "Point",
        "coordinates": [
          5.56284332,
          51.75988007
        ]
      },
      "properties": {
        "netid": "00:F4:8D:37:58:79",
        "ssid": "ACXnZKPV",
        "oui": "00:F4:8D",
        "channel": 6,
        "encryption": "wpa2",
        "firsttime": "2019-03-18T15:00:00.000Z",
        "lasttime": "2026-06-09T06:00:00.000Z",
        "city": null,
        "region": "Noord-Brabant",
        "country": "NL",
        "road": "Batavenweg",
        "postalcode": "5349BB"
      }
    },
    {
      "type": "Feature",
      "geometry": {
        "type": "Point",
        "coordinates": [
          16.44235039,
          43.50789642
        ]
      },
      "properties": {
        "netid": "00:F4:8D:37:58:9E",
        "ssid": "AC3C4jBn",
        "oui": "00:F4:8D",
        "channel": 6,
        "encryption": "wpa2",
        "firsttime": "2022-06-15T11:00:00.000Z",
        "lasttime": "2025-06-24T11:00:00.000Z",
        "city": "Split",
        "region": "Splitsko-dalmatinska \u017eupanija",
        "country": "HR",
        "road": "Obala hrvatskog narodnog preporoda",
        "postalcode": "21102"
      }
    },
    {
      "type": "Feature",
      "geometry": {
        "type": "Point",
        "coordinates": [
          23.29217529,
          42.6736145
        ]
      },
      "properties": {
        "netid": "00:F4:8D:37:58:AA",
        "ssid": "AC2CQpJp",
        "oui": "00:F4:8D",
        "channel": 6,
        "encryption": "wpa2",
        "firsttime": "2021-02-08T17:00:00.000Z",
        "lasttime": "2025-05-26T22:00:00.000Z",
        "city": "\u0421\u043e\u0444\u0438\u044f",
        "region": "\u0421\u043e\u0444\u0438\u044f-\u0433\u0440\u0430\u0434",
        "country": "BG",
        "road": "\u0431\u0443\u043b. \u0413\u043e\u0446\u0435 \u0414\u0435\u043b\u0447\u0435\u0432",
        "postalcode": "1620"
      }
    },
    {
      "type": "Feature",
      "geometry": {
        "type": "Point",
        "coordinates": [
          23.82669449,
          61.46600342
        ]
      },
      "properties": {
        "netid": "00:F4:8D:37:58:B0",
        "ssid": "ACjdzdaR",
        "oui": "00:F4:8D",
        "channel": 6,
        "encryption": "wpa2",
        "firsttime": "2021-05-19T15:00:00.000Z",
        "lasttime": "2026-01-26T00:00:00.000Z",
        "city": "Tampere",
        "region": "Manner-Suomi",
        "country": "FI",
        "road": "Lehtimets\u00e4nkatu",
        "postalcode": "33820"
      }
    },
    {
      "type": "Feature",
      "geometry": {
        "type": "Point",
        "coordinates": [
          21.07582664,
          52.16836166
        ]
      },
      "properties": {
        "netid": "00:F4:8D:37:58:F1",
        "ssid": "Flock",
        "oui": "00:F4:8D",
        "channel": 1,
        "encryption": "wpa2",
        "firsttime": "2026-08-01T15:00:00.000Z",
        "lasttime": "2026-08-01T13:00:00.000Z",
        "city": "Warszawa",
        "region": "wojew\u00f3dztwo mazowieckie",
        "country": "PL",
        "road": "Kosiarzy",
        "postalcode": "02-953"
      }
    },
    {
      "type": "Feature",
      "geometry": {
        "type": "Point",
        "coordinates": [
          5.0573988,
          52.14445496
        ]
      },
      "properties": {
        "netid": "00:F4:8D:37:59:0B",
        "ssid": "AC11q9eF",
        "oui": "00:F4:8D",
        "channel": 6,
        "encryption": "wpa2",
        "firsttime": "2025-05-14T13:00:00.000Z",
        "lasttime": "2025-05-14T07:00:00.000Z",
        "city": null,
        "region": "Utrecht",
        "country": "NL",
        "road": "Maarsseveensevaart",
        "postalcode": "3601CG"
      }
    },
    {
      "type": "Feature",
      "geometry": {
        "type": "Point",
        "coordinates": [
          10.607934,
          59.91294479
        ]
      },
      "properties": {
        "netid": "00:F4:8D:37:59:10",
        "ssid": "ACuDvHxL",
        "oui": "00:F4:8D",
        "channel": 6,
        "encryption": "wpa2",
        "firsttime": "2024-12-28T19:00:00.000Z",
        "lasttime": "2025-08-13T03:00:00.000Z",
        "city": null,
        "region": "Viken",
        "country": "NO",
        "road": "Storengveien",
        "postalcode": "1368"
      }
    },
    {
      "type": "Feature",
      "geometry": {
        "type": "Point",
        "coordinates": [
          -51.73849869,
          64.18397522
        ]
      },
      "properties": {
        "netid": "00:F4:8D:37:59:16",
        "ssid": "ACA5B1Zt",
        "oui": "00:F4:8D",
        "channel": 6,
        "encryption": "wpa2",
        "firsttime": "2025-06-28T14:00:00.000Z",
        "lasttime": "2025-06-28T17:00:00.000Z",
        "city": "Nuuk",
        "region": "Imeqarfik",
        "country": "GL",
        "road": "Gertrud Raskvej",
        "postalcode": "3900"
      }
    },
    {
      "type": "Feature",
      "geometry": {
        "type": "Point",
        "coordinates": [
          19.07870293,
          47.56372452
        ]
      },
      "properties": {
        "netid": "00:F4:8D:37:59:25",
        "ssid": "ACVzbsm7",
        "oui": "00:F4:8D",
        "channel": 6,
        "encryption": "wpa2",
        "firsttime": "2020-07-16T17:00:00.000Z",
        "lasttime": "2026-08-30T02:00:00.000Z",
        "city": "Budapest",
        "region": "Budapest",
        "country": "HU",
        "road": "V\u00e1ci \u00fat",
        "postalcode": null
      }
    },
    {
      "type": "Feature",
      "geometry": {
        "type": "Point",
        "coordinates": [
          -1.55957592,
          47.2108345
        ]
      },
      "properties": {
        "netid": "00:F4:8D:37:59:2C",
        "ssid": "ACK00ftw",
        "oui": "00:F4:8D",
        "channel": 6,
        "encryption": "wpa2",
        "firsttime": "2022-07-26T18:00:00.000Z",
        "lasttime": "2024-11-16T14:00:00.000Z",
        "city": "Nantes",
        "region": "Pays de la Loire",
        "country": "FR",
        "road": null,
        "postalcode": null
      }
    },
    {
      "type": "Feature",
      "geometry": {
        "type": "Point",
        "coordinates": [
          18.92804146,
          69.66146851
        ]
      },
      "properties": {
        "netid": "00:F4:8D:37:59:36",
        "ssid": "ACGxK3rV",
        "oui": "00:F4:8D",
        "channel": 6,
        "encryption": "wpa2",
        "firsttime": "2026-07-12T16:00:00.000Z",
        "lasttime": "2026-07-12T12:00:00.000Z",
        "city": "Troms\u00f8",
        "region": "Troms og Finnmark",
        "country": "NO",
        "road": "Langnesvegen",
        "postalcode": "9016"
      }
    },
    {
      "type": "Feature",
      "geometry": {
        "type": "Point",
        "coordinates": [
          25.65138054,
          60.40456772
        ]
      },
      "properties": {
        "netid": "00:F4:8D:37:59:56",
        "ssid": "ACBoHX6t",
        "oui": "00:F4:8D",
        "channel": 6,
        "encryption": "wpa2",
        "firsttime": "2026-06-05T06:00:00.000Z",
        "lasttime": "2026-06-05T02:00:00.000Z",
        "city": null,
        "region": "Manner-Suomi",
        "country": "FI",
        "road": "Suoratie",
        "postalcode": "06100"
      }
    },
    {
      "type": "Feature",
      "geometry": {
        "type": "Point",
        "coordinates": [
          14.42374516,
          50.07448196
        ]
      },
      "properties": {
        "netid": "00:F4:8D:37:59:AA",
        "ssid": "ACN1vPDu",
        "oui": "00:F4:8D",
        "channel": 6,
        "encryption": "wpa2",
        "firsttime": "2025-04-05T14:00:00.000Z",
        "lasttime": "2025-04-07T11:00:00.000Z",
        "city": "Hlavn\u00ed m\u011bsto Praha",
        "region": "Praha",
        "country": "CZ",
        "road": "L\u00edpov\u00e1",
        "postalcode": "12000"
      }
    },
    {
      "type": "Feature",
      "geometry": {
        "type": "Point",
        "coordinates": [
          11.50636196,
          47.29512024
        ]
      },
      "properties": {
        "netid": "00:F4:8D:37:5A:32",
        "ssid": "ACGf45cs",
        "oui": "00:F4:8D",
        "channel": 6,
        "encryption": "wpa2",
        "firsttime": "2019-12-26T14:00:00.000Z",
        "lasttime": "2026-08-28T06:00:00.000Z",
        "city": null,
        "region": "Tirol",
        "country": "AT",
        "road": "Krippstra\u00dfe",
        "postalcode": "6067"
      }
    },
    {
      "type": "Feature",
      "geometry": {
        "type": "Point",
        "coordinates": [
          14.45165825,
          50.09623718
        ]
      },
      "properties": {
        "netid": "00:F4:8D:37:5A:45",
        "ssid": "ACtHk1CV",
        "oui": "00:F4:8D",
        "channel": 6,
        "encryption": "wpa2",
        "firsttime": "2025-03-19T10:00:00.000Z",
        "lasttime": "2025-03-19T03:00:00.000Z",
        "city": "Hlavn\u00ed m\u011bsto Praha",
        "region": "Praha",
        "country": "CZ",
        "road": "Za Karl\u00ednsk\u00fdm p\u0159\u00edstavem",
        "postalcode": "186 00"
      }
    },
    {
      "type": "Feature",
      "geometry": {
        "type": "Point",
        "coordinates": [
          2.92566848,
          47.41328812
        ]
      },
      "properties": {
        "netid": "00:F4:8D:37:5A:51",
        "ssid": "ACp2GfCm",
        "oui": "00:F4:8D",
        "channel": 6,
        "encryption": "wpa2",
        "firsttime": "2026-06-12T08:00:00.000Z",
        "lasttime": "2026-06-12T08:00:00.000Z",
        "city": null,
        "region": "Bourgogne-Franche-Comt\u00e9",
        "country": "FR",
        "road": "Avenue du Mar\u00e9chal Leclerc",
        "postalcode": "58200"
      }
    },
    {
      "type": "Feature",
      "geometry": {
        "type": "Point",
        "coordinates": [
          24.86444092,
          60.21904755
        ]
      },
      "properties": {
        "netid": "00:F4:8D:37:5A:91",
        "ssid": "AC7qDW8P",
        "oui": "00:F4:8D",
        "channel": 6,
        "encryption": "wpa2",
        "firsttime": "2020-06-01T12:00:00.000Z",
        "lasttime": "2026-05-07T07:00:00.000Z",
        "city": "Helsinki",
        "region": "Manner-Suomi",
        "country": "FI",
        "road": "Pit\u00e4j\u00e4nm\u00e4entie",
        "postalcode": "00380"
      }
    },
    {
      "type": "Feature",
      "geometry": {
        "type": "Point",
        "coordinates": [
          14.4237709,
          50.07452393
        ]
      },
      "properties": {
        "netid": "00:F4:8D:37:5A:93",
        "ssid": "ACzdykbK",
        "oui": "00:F4:8D",
        "channel": 6,
        "encryption": "wpa2",
        "firsttime": "2022-11-21T11:00:00.000Z",
        "lasttime": "2025-04-07T11:00:00.000Z",
        "city": "Hlavn\u00ed m\u011bsto Praha",
        "region": "Praha",
        "country": "CZ",
        "road": "L\u00edpov\u00e1",
        "postalcode": "12000"
      }
    },
    {
      "type": "Feature",
      "geometry": {
        "type": "Point",
        "coordinates": [
          -1.55958855,
          47.21060944
        ]
      },
      "properties": {
        "netid": "00:F4:8D:37:5A:A7",
        "ssid": "ACLT1jJS",
        "oui": "00:F4:8D",
        "channel": 6,
        "encryption": "wpa2",
        "firsttime": "2022-07-26T18:00:00.000Z",
        "lasttime": "2024-11-16T14:00:00.000Z",
        "city": "Nantes",
        "region": "Pays de la Loire",
        "country": "FR",
        "road": "Rue Albert de Mun",
        "postalcode": "44003"
      }
    },
    {
      "type": "Feature",
      "geometry": {
        "type": "Point",
        "coordinates": [
          8.51375484,
          50.17977905
        ]
      },
      "properties": {
        "netid": "00:F4:8D:37:5A:D2",
        "ssid": "AC6RAHQb",
        "oui": "00:F4:8D",
        "channel": 6,
        "encryption": "wpa2",
        "firsttime": "2020-11-14T15:00:00.000Z",
        "lasttime": "2025-10-26T08:00:00.000Z",
        "city": "Kronberg im Taunus",
        "region": "Hessen",
        "country": "DE",
        "road": "Bahnhofstra\u00dfe",
        "postalcode": "61476"
      }
    },
    {
      "type": "Feature",
      "geometry": {
        "type": "Point",
        "coordinates": [
          17.23340034,
          49.58173752
        ]
      },
      "properties": {
        "netid": "00:F4:8D:37:5B:11",
        "ssid": "ACnQQMQ0",
        "oui": "00:F4:8D",
        "channel": 6,
        "encryption": "wpa2",
        "firsttime": "2021-01-23T15:00:00.000Z",
        "lasttime": "2026-07-20T06:00:00.000Z",
        "city": "Olomouc",
        "region": "St\u0159edn\u00ed Morava",
        "country": "CZ",
        "road": "Mo\u0161nerova",
        "postalcode": "77900"
      }
    },
    {
      "type": "Feature",
      "geometry": {
        "type": "Point",
        "coordinates": [
          18.10646439,
          48.3096199
        ]
      },
      "properties": {
        "netid": "00:F4:8D:37:5B:14",
        "ssid": "ACs7csr5",
        "oui": "00:F4:8D",
        "channel": 6,
        "encryption": "wpa2",
        "firsttime": "2023-11-27T07:00:00.000Z",
        "lasttime": "2025-04-01T10:00:00.000Z",
        "city": "Nitra",
        "region": "Nitriansky kraj",
        "country": "SK",
        "road": "V\u00fdstavn\u00e1",
        "postalcode": "949 01"
      }
    },
    {
      "type": "Feature",
      "geometry": {
        "type": "Point",
        "coordinates": [
          17.12606621,
          48.16290665
        ]
      },
      "properties": {
        "netid": "00:F4:8D:37:5B:35",
        "ssid": "ACFdGVDW",
        "oui": "00:F4:8D",
        "channel": 6,
        "encryption": "wpa2",
        "firsttime": "2024-07-29T16:00:00.000Z",
        "lasttime": "2024-10-10T11:00:00.000Z",
        "city": "Bratislava",
        "region": "Bratislavsk\u00fd kraj",
        "country": "SK",
        "road": "Ra\u010dianska",
        "postalcode": "831 02"
      }
    },
    {
      "type": "Feature",
      "geometry": {
        "type": "Point",
        "coordinates": [
          -114.15280914,
          51.03079224
        ]
      },
      "properties": {
        "netid": "00:F4:8D:37:9A:92",
        "ssid": null,
        "oui": "00:F4:8D",
        "channel": 0,
        "encryption": "unknown",
        "firsttime": "2025-11-30T01:00:00.000Z",
        "lasttime": "2025-12-06T16:00:00.000Z",
        "city": "Calgary",
        "region": "Alberta",
        "country": "CA",
        "road": "45 Street SW",
        "postalcode": "T3E 4G9"
      }
    },
    {
      "type": "Feature",
      "geometry": {
        "type": "Point",
        "coordinates": [
          -80.05483246,
          41.06505966
        ]
      },
      "properties": {
        "netid": "00:F4:8D:38:05:A9",
        "ssid": "Flock",
        "oui": "00:F4:8D",
        "channel": 1,
        "encryption": "wpa2",
        "firsttime": "2026-05-07T23:00:00.000Z",
        "lasttime": "2026-05-07T17:00:00.000Z",
        "city": null,
        "region": "PA",
        "country": "US",
        "road": "Franklin Street",
        "postalcode": "16057"
      }
    },
    {
      "type": "Feature",
      "geometry": {
        "type": "Point",
        "coordinates": [
          -80.34884644,
          25.77386093
        ]
      },
      "properties": {
        "netid": "00:F4:8D:38:08:6A",
        "ssid": null,
        "oui": "00:F4:8D",
        "channel": 149,
        "encryption": "wpa2",
        "firsttime": "2026-05-05T16:00:00.000Z",
        "lasttime": "2026-05-05T11:00:00.000Z",
        "city": null,
        "region": "FL",
        "country": "US",
        "road": "Fontainebleau Boulevard",
        "postalcode": "33172"
      }
    },
    {
      "type": "Feature",
      "geometry": {
        "type": "Point",
        "coordinates": [
          -118.71557617,
          34.28633499
        ]
      },
      "properties": {
        "netid": "00:F4:8D:38:0B:84",
        "ssid": null,
        "oui": "00:F4:8D",
        "channel": 153,
        "encryption": "none",
        "firsttime": "2026-08-02T12:00:00.000Z",
        "lasttime": "2026-08-22T16:00:00.000Z",
        "city": "Simi Valley",
        "region": "CA",
        "country": "US",
        "road": "Alamo Street",
        "postalcode": "90363"
      }
    },
    {
      "type": "Feature",
      "geometry": {
        "type": "Point",
        "coordinates": [
          -74.61164093,
          40.4969902
        ]
      },
      "properties": {
        "netid": "00:F4:8D:38:15:B1",
        "ssid": null,
        "oui": "00:F4:8D",
        "channel": 0,
        "encryption": "unknown",
        "firsttime": "2026-05-17T18:00:00.000Z",
        "lasttime": "2026-05-19T15:00:00.000Z",
        "city": null,
        "region": "NJ",
        "country": "US",
        "road": "Amwell Road",
        "postalcode": "08844"
      }
    },
    {
      "type": "Feature",
      "geometry": {
        "type": "Point",
        "coordinates": [
          -96.80925751,
          32.75455856
        ]
      },
      "properties": {
        "netid": "00:F4:8D:38:1A:25",
        "ssid": null,
        "oui": "00:F4:8D",
        "channel": 8,
        "encryption": "none",
        "firsttime": "2026-08-23T14:00:00.000Z",
        "lasttime": "2026-08-23T16:00:00.000Z",
        "city": "Dallas",
        "region": "TX",
        "country": "US",
        "road": "South R L Thornton Freeway",
        "postalcode": "75115"
      }
    },
    {
      "type": "Feature",
      "geometry": {
        "type": "Point",
        "coordinates": [
          -116.86276245,
          47.78946686
        ]
      },
      "properties": {
        "netid": "00:F4:8D:38:24:09",
        "ssid": null,
        "oui": "00:F4:8D",
        "channel": 44,
        "encryption": "none",
        "firsttime": "2026-08-27T06:00:00.000Z",
        "lasttime": "2026-08-27T07:00:00.000Z",
        "city": null,
        "region": "ID",
        "country": "US",
        "road": "Deadwood Avenue",
        "postalcode": "83858"
      }
    },
    {
      "type": "Feature",
      "geometry": {
        "type": "Point",
        "coordinates": [
          -96.41592407,
          39.39374924
        ]
      },
      "properties": {
        "netid": "00:F4:8D:38:28:9A",
        "ssid": null,
        "oui": "00:F4:8D",
        "channel": 153,
        "encryption": "none",
        "firsttime": "2026-08-11T09:00:00.000Z",
        "lasttime": "2026-08-11T09:00:00.000Z",
        "city": null,
        "region": "KS",
        "country": "US",
        "road": "North 1st Street",
        "postalcode": "66549"
      }
    },
    {
      "type": "Feature",
      "geometry": {
        "type": "Point",
        "coordinates": [
          -76.44893646,
          39.31522369
        ]
      },
      "properties": {
        "netid": "00:F4:8D:38:2C:E4",
        "ssid": null,
        "oui": "00:F4:8D",
        "channel": 11,
        "encryption": "unknown",
        "firsttime": "2026-06-20T04:00:00.000Z",
        "lasttime": "2026-06-20T20:00:00.000Z",
        "city": null,
        "region": "MD",
        "country": "US",
        "road": "Evergreen Way",
        "postalcode": "21221"
      }
    },
    {
      "type": "Feature",
      "geometry": {
        "type": "Point",
        "coordinates": [
          -89.01081085,
          35.61354828
        ]
      },
      "properties": {
        "netid": "00:F4:8D:38:3C:91",
        "ssid": null,
        "oui": "00:F4:8D",
        "channel": 1,
        "encryption": "none",
        "firsttime": "2026-08-15T11:00:00.000Z",
        "lasttime": "2026-08-15T19:00:00.000Z",
        "city": "Jackson",
        "region": "TN",
        "country": "US",
        "road": "I 40",
        "postalcode": "38391"
      }
    },
    {
      "type": "Feature",
      "geometry": {
        "type": "Point",
        "coordinates": [
          -82.71112061,
          27.78083611
        ]
      },
      "properties": {
        "netid": "00:F4:8D:38:4E:3F",
        "ssid": null,
        "oui": "00:F4:8D",
        "channel": 0,
        "encryption": "unknown",
        "firsttime": "2025-04-11T21:00:00.000Z",
        "lasttime": "2025-04-12T01:00:00.000Z",
        "city": "Saint Petersburg",
        "region": "FL",
        "country": "US",
        "road": "9th Avenue North",
        "postalcode": "33710"
      }
    },
    {
      "type": "Feature",
      "geometry": {
        "type": "Point",
        "coordinates": [
          -70.3331604,
          44.04401779
        ]
      },
      "properties": {
        "netid": "00:F4:8D:38:55:7D",
        "ssid": "Flock",
        "oui": "00:F4:8D",
        "channel": 1,
        "encryption": "wpa2",
        "firsttime": "2026-08-06T18:00:00.000Z",
        "lasttime": "2026-08-07T16:00:00.000Z",
        "city": null,
        "region": "ME",
        "country": "US",
        "road": "Empire Road",
        "postalcode": "04274"
      }
    },
    {
      "type": "Feature",
      "geometry": {
        "type": "Point",
        "coordinates": [
          -79.08080292,
          43.08989716
        ]
      },
      "properties": {
        "netid": "00:F4:8D:38:6F:00",
        "ssid": null,
        "oui": "00:F4:8D",
        "channel": 0,
        "encryption": "unknown",
        "firsttime": "2026-07-23T20:00:00.000Z",
        "lasttime": "2026-07-24T07:00:00.000Z",
        "city": "Niagara Falls",
        "region": "Ontario",
        "country": "CA",
        "road": "Ferry Street",
        "postalcode": "L2G 1R5"
      }
    },
    {
      "type": "Feature",
      "geometry": {
        "type": "Point",
        "coordinates": [
          -82.81039429,
          27.84360504
        ]
      },
      "properties": {
        "netid": "00:F4:8D:38:73:08",
        "ssid": null,
        "oui": "00:F4:8D",
        "channel": 0,
        "encryption": "unknown",
        "firsttime": "2025-05-29T22:00:00.000Z",
        "lasttime": "2025-10-02T02:00:00.000Z",
        "city": null,
        "region": "FL",
        "country": "US",
        "road": "Park Boulevard North",
        "postalcode": "33776"
      }
    },
    {
      "type": "Feature",
      "geometry": {
        "type": "Point",
        "coordinates": [
          -73.62036133,
          45.50166702
        ]
      },
      "properties": {
        "netid": "00:F4:8D:39:44:7F",
        "ssid": null,
        "oui": "00:F4:8D",
        "channel": 0,
        "encryption": "unknown",
        "firsttime": "2025-06-03T05:00:00.000Z",
        "lasttime": "2025-06-07T07:00:00.000Z",
        "city": "Montr\u00e9al",
        "region": "Qu\u00e9bec",
        "country": "CA",
        "road": "Boulevard \u00c9douard-Montpetit",
        "postalcode": "H3T 1J8"
      }
    },
    {
      "type": "Feature",
      "geometry": {
        "type": "Point",
        "coordinates": [
          -117.89213562,
          33.80054474
        ]
      },
      "properties": {
        "netid": "00:F4:8D:39:5C:00",
        "ssid": null,
        "oui": "00:F4:8D",
        "channel": 1,
        "encryption": "wpa2",
        "firsttime": "2026-08-01T19:00:00.000Z",
        "lasttime": "2026-08-01T12:00:00.000Z",
        "city": "Anaheim",
        "region": "CA",
        "country": "US",
        "road": "Union Street",
        "postalcode": "92806-6028"
      }
    },
    {
      "type": "Feature",
      "geometry": {
        "type": "Point",
        "coordinates": [
          -104.87229156,
          39.95555878
        ]
      },
      "properties": {
        "netid": "00:F4:8D:39:79:A7",
        "ssid": "Flock",
        "oui": "00:F4:8D",
        "channel": 1,
        "encryption": "wpa2",
        "firsttime": "2026-07-09T21:00:00.000Z",
        "lasttime": "2026-07-17T19:00:00.000Z",
        "city": null,
        "region": "CO",
        "country": "US",
        "road": "Emporia Street",
        "postalcode": "80602"
      }
    },
    {
      "type": "Feature",
      "geometry": {
        "type": "Point",
        "coordinates": [
          -118.3192749,
          33.88193893
        ]
      },
      "properties": {
        "netid": "00:F4:8D:39:7C:3A",
        "ssid": null,
        "oui": "00:F4:8D",
        "channel": 11,
        "encryption": "wpa2",
        "firsttime": "2026-06-01T19:00:00.000Z",
        "lasttime": "2026-06-29T08:00:00.000Z",
        "city": "Torrance",
        "region": "CA",
        "country": "US",
        "road": "West 164th Street",
        "postalcode": "90504"
      }
    },
    {
      "type": "Feature",
      "geometry": {
        "type": "Point",
        "coordinates": [
          -123.06061554,
          45.14297104
        ]
      },
      "properties": {
        "netid": "00:F4:8D:39:81:72",
        "ssid": null,
        "oui": "00:F4:8D",
        "channel": 1,
        "encryption": "wpa2",
        "firsttime": "2026-06-24T23:00:00.000Z",
        "lasttime": "2026-06-24T17:00:00.000Z",
        "city": null,
        "region": "OR",
        "country": "US",
        "road": "Southeast Dayton Highway",
        "postalcode": "97114"
      }
    },
    {
      "type": "Feature",
      "geometry": {
        "type": "Point",
        "coordinates": [
          -53.80867767,
          -29.69698906
        ]
      },
      "properties": {
        "netid": "00:F4:8D:3A:27:3D",
        "ssid": "AP_301_5G",
        "oui": "00:F4:8D",
        "channel": 9,
        "encryption": "none",
        "firsttime": "2026-08-15T13:00:00.000Z",
        "lasttime": "2026-08-15T11:00:00.000Z",
        "city": "Santa Maria",
        "region": "Rio Grande do Sul",
        "country": "BR",
        "road": "Avenida Nossa Senhora Medianeira",
        "postalcode": "97060-002"
      }
    },
    {
      "type": "Feature",
      "geometry": {
        "type": "Point",
        "coordinates": [
          -77.30537415,
          43.06699753
        ]
      },
      "properties": {
        "netid": "00:F4:8D:3A:70:00",
        "ssid": "<hidden>",
        "oui": "00:F4:8D",
        "channel": 9,
        "encryption": "none",
        "firsttime": "2026-07-21T04:00:00.000Z",
        "lasttime": "2026-07-21T00:00:00.000Z",
        "city": null,
        "region": "NY",
        "country": "US",
        "road": "Main Street",
        "postalcode": "14502"
      }
    },
    {
      "type": "Feature",
      "geometry": {
        "type": "Point",
        "coordinates": [
          19.49418068,
          51.76240921
        ]
      },
      "properties": {
        "netid": "00:F4:8D:3A:91:9C",
        "ssid": "S2060w-62640238",
        "oui": "00:F4:8D",
        "channel": 6,
        "encryption": "none",
        "firsttime": "2025-04-22T06:00:00.000Z",
        "lasttime": "2025-04-22T18:00:00.000Z",
        "city": "\u0141\u00f3d\u017a",
        "region": "wojew\u00f3dztwo \u0142\u00f3dzkie",
        "country": "PL",
        "road": "Aleja Marsza\u0142ka J\u00f3zefa Pi\u0142sudskiego",
        "postalcode": "92-332"
      }
    },
    {
      "type": "Feature",
      "geometry": {
        "type": "Point",
        "coordinates": [
          -52.34033585,
          -31.75739288
        ]
      },
      "properties": {
        "netid": "00:F4:8D:3A:91:CB",
        "ssid": "S2060w-62640045",
        "oui": "00:F4:8D",
        "channel": 6,
        "encryption": "unknown",
        "firsttime": "2025-09-24T17:00:00.000Z",
        "lasttime": "2025-09-24T15:00:00.000Z",
        "city": "Pelotas",
        "region": "Rio Grande do Sul",
        "country": "BR",
        "road": "Rua Marechal Deodoro",
        "postalcode": "96020-220"
      }
    },
    {
      "type": "Feature",
      "geometry": {
        "type": "Point",
        "coordinates": [
          -56.08099747,
          -15.58567905
        ]
      },
      "properties": {
        "netid": "00:F4:8D:3A:91:F8",
        "ssid": "S2060w-62639616",
        "oui": "00:F4:8D",
        "channel": 6,
        "encryption": "unknown",
        "firsttime": "2024-10-16T16:00:00.000Z",
        "lasttime": "2024-10-16T16:00:00.000Z",
        "city": "Cuiab\u00e1",
        "region": "Mato Grosso",
        "country": "BR",
        "road": "Avenida Historiador Rubens de Mendon\u00e7a",
        "postalcode": "78008-000"
      }
    },
    {
      "type": "Feature",
      "geometry": {
        "type": "Point",
        "coordinates": [
          -77.60283661,
          43.13638687
        ]
      },
      "properties": {
        "netid": "00:F4:8D:3D:94:B9",
        "ssid": "<hidden>",
        "oui": "00:F4:8D",
        "channel": 4,
        "encryption": "none",
        "firsttime": "2026-07-20T17:00:00.000Z",
        "lasttime": "2026-07-20T14:00:00.000Z",
        "city": "City of Rochester",
        "region": "NY",
        "country": "US",
        "road": "Mulberry Street",
        "postalcode": "14620"
      }
    },
    {
      "type": "Feature",
      "geometry": {
        "type": "Point",
        "coordinates": [
          12.24545002,
          44.66775513
        ]
      },
      "properties": {
        "netid": "00:F4:8D:3D:A9:C9",
        "ssid": "Flock",
        "oui": "00:F4:8D",
        "channel": 1,
        "encryption": "wpa2",
        "firsttime": "2026-08-05T07:00:00.000Z",
        "lasttime": "2026-08-09T07:00:00.000Z",
        "city": null,
        "region": "Emilia-Romagna",
        "country": "IT",
        "road": "Viale dei Lecci",
        "postalcode": "44029"
      }
    },
    {
      "type": "Feature",
      "geometry": {
        "type": "Point",
        "coordinates": [
          -118.44766235,
          34.04092789
        ]
      },
      "properties": {
        "netid": "00:F4:8D:3E:61:EF",
        "ssid": null,
        "oui": "00:F4:8D",
        "channel": 1,
        "encryption": "none",
        "firsttime": "2026-08-27T20:00:00.000Z",
        "lasttime": "2026-08-27T22:00:00.000Z",
        "city": "Los Angeles",
        "region": "CA",
        "country": "US",
        "road": "Missouri Avenue",
        "postalcode": "90064-1508"
      }
    },
    {
      "type": "Feature",
      "geometry": {
        "type": "Point",
        "coordinates": [
          -93.27802277,
          44.9410553
        ]
      },
      "properties": {
        "netid": "00:F4:8D:3E:62:BB",
        "ssid": null,
        "oui": "00:F4:8D",
        "channel": 149,
        "encryption": "wpa2",
        "firsttime": "2026-06-04T00:00:00.000Z",
        "lasttime": "2026-07-09T20:00:00.000Z",
        "city": "Minneapolis",
        "region": "MN",
        "country": "US",
        "road": "Nicollet Avenue South",
        "postalcode": "55420"
      }
    },
    {
      "type": "Feature",
      "geometry": {
        "type": "Point",
        "coordinates": [
          -73.68552399,
          42.77565002
        ]
      },
      "properties": {
        "netid": "00:F4:8D:3E:67:99",
        "ssid": null,
        "oui": "00:F4:8D",
        "channel": 0,
        "encryption": "unknown",
        "firsttime": "2025-01-19T01:00:00.000Z",
        "lasttime": "2025-01-18T17:00:00.000Z",
        "city": null,
        "region": "NY",
        "country": "US",
        "road": "Continental Avenue",
        "postalcode": "12047"
      }
    },
    {
      "type": "Feature",
      "geometry": {
        "type": "Point",
        "coordinates": [
          -74.06999969,
          40.72864914
        ]
      },
      "properties": {
        "netid": "00:F4:8D:3E:6A:4F",
        "ssid": "(no SSID)",
        "oui": "00:F4:8D",
        "channel": 0,
        "encryption": "none",
        "firsttime": "2024-09-12T17:00:00.000Z",
        "lasttime": "2026-01-02T08:00:00.000Z",
        "city": "Jersey City",
        "region": "NJ",
        "country": "US",
        "road": "John F. Kennedy Boulevard",
        "postalcode": "07306"
      }
    },
    {
      "type": "Feature",
      "geometry": {
        "type": "Point",
        "coordinates": [
          -88.99506378,
          40.48093033
        ]
      },
      "properties": {
        "netid": "00:F4:8D:3E:8A:47",
        "ssid": null,
        "oui": "00:F4:8D",
        "channel": 0,
        "encryption": "unknown",
        "firsttime": "2026-01-27T21:00:00.000Z",
        "lasttime": "2026-01-27T16:00:00.000Z",
        "city": "Bloomington",
        "region": "IL",
        "country": "US",
        "road": "West Monroe Street",
        "postalcode": "61701"
      }
    },
    {
      "type": "Feature",
      "geometry": {
        "type": "Point",
        "coordinates": [
          -82.82048798,
          27.89668274
        ]
      },
      "properties": {
        "netid": "00:F4:8D:3E:93:6A",
        "ssid": null,
        "oui": "00:F4:8D",
        "channel": 0,
        "encryption": "unknown",
        "firsttime": "2025-04-16T23:00:00.000Z",
        "lasttime": "2025-04-17T00:00:00.000Z",
        "city": "Largo",
        "region": "FL",
        "country": "US",
        "road": "21st Place Southwest",
        "postalcode": "33774"
      }
    },
    {
      "type": "Feature",
      "geometry": {
        "type": "Point",
        "coordinates": [
          -93.6138916,
          41.58914566
        ]
      },
      "properties": {
        "netid": "00:F4:8D:3E:97:13",
        "ssid": null,
        "oui": "00:F4:8D",
        "channel": 3,
        "encryption": "unknown",
        "firsttime": "2026-05-22T14:00:00.000Z",
        "lasttime": "2026-05-22T21:00:00.000Z",
        "city": "Des Moines",
        "region": "IA",
        "country": "US",
        "road": "East Locust Street",
        "postalcode": "50309"
      }
    },
    {
      "type": "Feature",
      "geometry": {
        "type": "Point",
        "coordinates": [
          -83.01435852,
          42.6521492
        ]
      },
      "properties": {
        "netid": "00:F4:8D:3E:98:1A",
        "ssid": "Flock",
        "oui": "00:F4:8D",
        "channel": 1,
        "encryption": "none",
        "firsttime": "2026-08-26T07:00:00.000Z",
        "lasttime": "2026-08-26T04:00:00.000Z",
        "city": null,
        "region": "MI",
        "country": "US",
        "road": "Christopher Columbus Freeway",
        "postalcode": "48094"
      }
    },
    {
      "type": "Feature",
      "geometry": {
        "type": "Point",
        "coordinates": [
          -93.82816315,
          41.60049438
        ]
      },
      "properties": {
        "netid": "00:F4:8D:3E:9A:A0",
        "ssid": null,
        "oui": "00:F4:8D",
        "channel": 8,
        "encryption": "unknown",
        "firsttime": "2026-06-13T13:00:00.000Z",
        "lasttime": "2026-06-13T21:00:00.000Z",
        "city": "West Des Moines",
        "region": "IA",
        "country": "US",
        "road": "University Avenue",
        "postalcode": "50266"
      }
    },
    {
      "type": "Feature",
      "geometry": {
        "type": "Point",
        "coordinates": [
          9.08980083,
          45.43420029
        ]
      },
      "properties": {
        "netid": "00:F4:8D:3E:F3:52",
        "ssid": "Flock",
        "oui": "00:F4:8D",
        "channel": 1,
        "encryption": "wpa2",
        "firsttime": "2026-06-19T14:00:00.000Z",
        "lasttime": "2026-07-22T03:00:00.000Z",
        "city": "Corsico",
        "region": "Lombardia",
        "country": "IT",
        "road": "Viale Fontanile Pozzi",
        "postalcode": "20094"
      }
    },
    {
      "type": "Feature",
      "geometry": {
        "type": "Point",
        "coordinates": [
          -95.59049988,
          29.89499855
        ]
      },
      "properties": {
        "netid": "00:F4:8D:3F:4C:CC",
        "ssid": null,
        "oui": "00:F4:8D",
        "channel": 44,
        "encryption": "none",
        "firsttime": "2026-08-27T16:00:00.000Z",
        "lasttime": "2026-08-27T18:00:00.000Z",
        "city": null,
        "region": "TX",
        "country": "US",
        "road": "Northwest Freeway",
        "postalcode": "77065"
      }
    },
    {
      "type": "Feature",
      "geometry": {
        "type": "Point",
        "coordinates": [
          -71.90248108,
          42.12034988
        ]
      },
      "properties": {
        "netid": "00:F4:8D:40:21:A5",
        "ssid": null,
        "oui": "00:F4:8D",
        "channel": 165,
        "encryption": "wep",
        "firsttime": "2025-12-04T18:00:00.000Z",
        "lasttime": "2025-12-04T13:00:00.000Z",
        "city": null,
        "region": "MA",
        "country": "US",
        "road": "Charlton Street",
        "postalcode": "01540"
      }
    },
    {
      "type": "Feature",
      "geometry": {
        "type": "Point",
        "coordinates": [
          -89.0822525,
          42.24409866
        ]
      },
      "properties": {
        "netid": "00:F4:8D:40:CC:4D",
        "ssid": null,
        "oui": "00:F4:8D",
        "channel": 157,
        "encryption": "wep",
        "firsttime": "2026-02-03T12:00:00.000Z",
        "lasttime": "2026-04-07T23:00:00.000Z",
        "city": "Rockford",
        "region": "IL",
        "country": "US",
        "road": "21st Avenue",
        "postalcode": "61104"
      }
    },
    {
      "type": "Feature",
      "geometry": {
        "type": "Point",
        "coordinates": [
          -80.2547226,
          36.04301453
        ]
      },
      "properties": {
        "netid": "00:F4:8D:41:15:43",
        "ssid": null,
        "oui": "00:F4:8D",
        "channel": 1,
        "encryption": "wpa2",
        "firsttime": "2026-06-05T15:00:00.000Z",
        "lasttime": "2026-07-14T13:00:00.000Z",
        "city": "Winston-Salem",
        "region": "NC",
        "country": "US",
        "road": "West Clemmonsville Road",
        "postalcode": "27127"
      }
    },
    {
      "type": "Feature",
      "geometry": {
        "type": "Point",
        "coordinates": [
          -82.63774109,
          27.77760315
        ]
      },
      "properties": {
        "netid": "00:F4:8D:41:19:C9",
        "ssid": null,
        "oui": "00:F4:8D",
        "channel": 11,
        "encryption": "unknown",
        "firsttime": "2025-03-25T22:00:00.000Z",
        "lasttime": "2025-03-25T19:00:00.000Z",
        "city": "Saint Petersburg",
        "region": "FL",
        "country": "US",
        "road": "5th Avenue North",
        "postalcode": "33701"
      }
    },
    {
      "type": "Feature",
      "geometry": {
        "type": "Point",
        "coordinates": [
          -117.960495,
          34.04339981
        ]
      },
      "properties": {
        "netid": "00:F4:8D:41:29:C9",
        "ssid": null,
        "oui": "00:F4:8D",
        "channel": 11,
        "encryption": "wpa2",
        "firsttime": "2026-05-24T20:00:00.000Z",
        "lasttime": "2026-05-24T13:00:00.000Z",
        "city": "El Monte",
        "region": "CA",
        "country": "US",
        "road": "Amar Road",
        "postalcode": "91744"
      }
    },
    {
      "type": "Feature",
      "geometry": {
        "type": "Point",
        "coordinates": [
          -78.58009338,
          35.84440994
        ]
      },
      "properties": {
        "netid": "00:F4:8D:41:3C:43",
        "ssid": "Bhula",
        "oui": "00:F4:8D",
        "channel": 2,
        "encryption": "unknown",
        "firsttime": "2026-04-06T21:00:00.000Z",
        "lasttime": "2026-04-17T16:00:00.000Z",
        "city": "Raleigh",
        "region": "NC",
        "country": "US",
        "road": "Capital Boulevard",
        "postalcode": "27604-3447"
      }
    },
    {
      "type": "Feature",
      "geometry": {
        "type": "Point",
        "coordinates": [
          -82.17861176,
          33.53016281
        ]
      },
      "properties": {
        "netid": "00:F4:8D:41:7B:D7",
        "ssid": null,
        "oui": "00:F4:8D",
        "channel": 157,
        "encryption": "wep",
        "firsttime": "2026-05-09T17:00:00.000Z",
        "lasttime": "2026-05-09T18:00:00.000Z",
        "city": null,
        "region": "GA",
        "country": "US",
        "road": null,
        "postalcode": "30809"
      }
    },
    {
      "type": "Feature",
      "geometry": {
        "type": "Point",
        "coordinates": [
          -95.03681183,
          29.56068993
        ]
      },
      "properties": {
        "netid": "00:F4:8D:43:EF:31",
        "ssid": "Flock",
        "oui": "00:F4:8D",
        "channel": 1,
        "encryption": "wpa2",
        "firsttime": "2026-07-31T01:00:00.000Z",
        "lasttime": "2026-08-01T08:00:00.000Z",
        "city": null,
        "region": "TX",
        "country": "US",
        "road": "East NASA Parkway",
        "postalcode": "77586"
      }
    },
    {
      "type": "Feature",
      "geometry": {
        "type": "Point",
        "coordinates": [
          17.92377853,
          59.50968933
        ]
      },
      "properties": {
        "netid": "00:F4:8D:45:BB:09",
        "ssid": "Flock",
        "oui": "00:F4:8D",
        "channel": 1,
        "encryption": "wpa2",
        "firsttime": "2026-08-29T16:00:00.000Z",
        "lasttime": "2026-08-29T14:00:00.000Z",
        "city": null,
        "region": "Stockholms l\u00e4n",
        "country": "SE",
        "road": "Uppsalav\u00e4gen",
        "postalcode": "19461"
      }
    },
    {
      "type": "Feature",
      "geometry": {
        "type": "Point",
        "coordinates": [
          -72.86376953,
          40.78572464
        ]
      },
      "properties": {
        "netid": "00:F4:8D:47:86:69",
        "ssid": null,
        "oui": "00:F4:8D",
        "channel": 6,
        "encryption": "unknown",
        "firsttime": "2025-08-08T22:00:00.000Z",
        "lasttime": "2025-08-08T15:00:00.000Z",
        "city": null,
        "region": "NY",
        "country": "US",
        "road": "William Floyd Parkway",
        "postalcode": "11967"
      }
    },
    {
      "type": "Feature",
      "geometry": {
        "type": "Point",
        "coordinates": [
          -121.90275574,
          37.41657257
        ]
      },
      "properties": {
        "netid": "00:F4:8D:49:71:25",
        "ssid": null,
        "oui": "00:F4:8D",
        "channel": 153,
        "encryption": "wep",
        "firsttime": "2026-02-28T03:00:00.000Z",
        "lasttime": "2026-02-27T21:00:00.000Z",
        "city": "Milpitas",
        "region": "CA",
        "country": "US",
        "road": "South Main Street",
        "postalcode": "95035"
      }
    },
    {
      "type": "Feature",
      "geometry": {
        "type": "Point",
        "coordinates": [
          120.53417969,
          15.17534733
        ]
      },
      "properties": {
        "netid": "00:F4:8D:4A:3A:BF",
        "ssid": null,
        "oui": "00:F4:8D",
        "channel": 10,
        "encryption": "unknown",
        "firsttime": "2025-10-18T02:00:00.000Z",
        "lasttime": "2025-10-24T20:00:00.000Z",
        "city": "Mabalacat",
        "region": "Pampanga",
        "country": "PH",
        "road": "Manuel A. Roxas Highway",
        "postalcode": "2023"
      }
    },
    {
      "type": "Feature",
      "geometry": {
        "type": "Point",
        "coordinates": [
          -117.81613922,
          34.07640457
        ]
      },
      "properties": {
        "netid": "00:F4:8D:4A:76:6B",
        "ssid": null,
        "oui": "00:F4:8D",
        "channel": 100,
        "encryption": "none",
        "firsttime": "2026-08-28T15:00:00.000Z",
        "lasttime": "2026-08-28T20:00:00.000Z",
        "city": "San Dimas",
        "region": "CA",
        "country": "US",
        "road": "San Dimas Avenue",
        "postalcode": "91773"
      }
    },
    {
      "type": "Feature",
      "geometry": {
        "type": "Point",
        "coordinates": [
          -118.11739349,
          34.06977081
        ]
      },
      "properties": {
        "netid": "00:F4:8D:4A:76:FD",
        "ssid": "Flock",
        "oui": "00:F4:8D",
        "channel": 11,
        "encryption": "none",
        "firsttime": "2026-08-25T14:00:00.000Z",
        "lasttime": "2026-08-25T18:00:00.000Z",
        "city": null,
        "region": "CA",
        "country": "US",
        "road": "East Hellman Avenue",
        "postalcode": "91801"
      }
    },
    {
      "type": "Feature",
      "geometry": {
        "type": "Point",
        "coordinates": [
          -122.52209473,
          46.98762512
        ]
      },
      "properties": {
        "netid": "00:F4:8D:4B:18:17",
        "ssid": null,
        "oui": "00:F4:8D",
        "channel": 40,
        "encryption": "wep",
        "firsttime": "2025-08-10T23:00:00.000Z",
        "lasttime": "2025-08-10T16:00:00.000Z",
        "city": null,
        "region": "WA",
        "country": "US",
        "road": "297th Street South",
        "postalcode": "98580"
      }
    },
    {
      "type": "Feature",
      "geometry": {
        "type": "Point",
        "coordinates": [
          -72.90302277,
          41.65777588
        ]
      },
      "properties": {
        "netid": "00:F4:8D:4B:73:4D",
        "ssid": null,
        "oui": "00:F4:8D",
        "channel": 48,
        "encryption": "wep",
        "firsttime": "2024-09-24T15:00:00.000Z",
        "lasttime": "2024-09-24T16:00:00.000Z",
        "city": "Bristol",
        "region": "CT",
        "country": "US",
        "road": "Redstone Hill Road",
        "postalcode": "06010"
      }
    },
    {
      "type": "Feature",
      "geometry": {
        "type": "Point",
        "coordinates": [
          -99.21550751,
          19.45783043
        ]
      },
      "properties": {
        "netid": "00:F4:8D:4C:30:75",
        "ssid": "SAPDMHAGM01 7524",
        "oui": "00:F4:8D",
        "channel": 11,
        "encryption": "wpa2",
        "firsttime": "2026-07-23T20:00:00.000Z",
        "lasttime": "2026-08-25T04:00:00.000Z",
        "city": "Naucalpan",
        "region": "Estado de M\u00e9xico",
        "country": "MX",
        "road": "Calle Luis Freg",
        "postalcode": "53390"
      }
    },
    {
      "type": "Feature",
      "geometry": {
        "type": "Point",
        "coordinates": [
          -74.08002472,
          4.60116386
        ]
      },
      "properties": {
        "netid": "00:F4:8D:4C:44:C3",
        "ssid": "DIRECT-VVDESKTOP-O7TC42SmsMB",
        "oui": "00:F4:8D",
        "channel": 11,
        "encryption": "wpa2",
        "firsttime": "2025-06-10T20:00:00.000Z",
        "lasttime": "2026-07-05T14:00:00.000Z",
        "city": "Bogot\u00e1",
        "region": "San Victorino",
        "country": "CO",
        "road": "Carrera 12A",
        "postalcode": "110321"
      }
    },
    {
      "type": "Feature",
      "geometry": {
        "type": "Point",
        "coordinates": [
          -73.83276367,
          45.64267349
        ]
      },
      "properties": {
        "netid": "00:F4:8D:4C:4E:51",
        "ssid": null,
        "oui": "00:F4:8D",
        "channel": 0,
        "encryption": "unknown",
        "firsttime": "2023-03-21T05:00:00.000Z",
        "lasttime": "2025-01-14T15:00:00.000Z",
        "city": null,
        "region": "Qu\u00e9bec",
        "country": "CA",
        "road": "Boulevard Cur\u00e9-Labelle",
        "postalcode": "J7E 2X8"
      }
    },
    {
      "type": "Feature",
      "geometry": {
        "type": "Point",
        "coordinates": [
          -89.20287323,
          13.70877934
        ]
      },
      "properties": {
        "netid": "00:F4:8D:4C:6E:E1",
        "ssid": "RECEPCION-MEDIC 5333",
        "oui": "00:F4:8D",
        "channel": 11,
        "encryption": "wpa2",
        "firsttime": "2025-05-02T16:00:00.000Z",
        "lasttime": "2026-05-20T08:00:00.000Z",
        "city": "San Salvador",
        "region": "Departamento de San Salvador",
        "country": "SV",
        "road": "Diagonal Doctor Arturo Romero",
        "postalcode": "CP 1102"
      }
    },
    {
      "type": "Feature",
      "geometry": {
        "type": "Point",
        "coordinates": [
          -119.72386169,
          39.17388916
        ]
      },
      "properties": {
        "netid": "00:F4:8D:4E:42:99",
        "ssid": null,
        "oui": "00:F4:8D",
        "channel": 161,
        "encryption": "wep",
        "firsttime": "2025-11-10T21:00:00.000Z",
        "lasttime": "2025-11-10T21:00:00.000Z",
        "city": "Carson City",
        "region": "NV",
        "country": "US",
        "road": "Fairview Drive",
        "postalcode": "89706"
      }
    },
    {
      "type": "Feature",
      "geometry": {
        "type": "Point",
        "coordinates": [
          4.78025436,
          51.58992004
        ]
      },
      "properties": {
        "netid": "00:F4:8D:4E:A5:B8",
        "ssid": "Flock",
        "oui": "00:F4:8D",
        "channel": 1,
        "encryption": "wpa2",
        "firsttime": "2026-08-15T09:00:00.000Z",
        "lasttime": "2026-08-22T02:00:00.000Z",
        "city": "Breda",
        "region": "Noord-Brabant",
        "country": "NL",
        "road": "John F. Kennedylaan",
        "postalcode": "4811ET"
      }
    },
    {
      "type": "Feature",
      "geometry": {
        "type": "Point",
        "coordinates": [
          -1.73042202,
          52.1837616
        ]
      },
      "properties": {
        "netid": "00:F4:8D:4E:A5:E0",
        "ssid": "Flock",
        "oui": "00:F4:8D",
        "channel": 1,
        "encryption": "wpa2",
        "firsttime": "2026-08-25T20:00:00.000Z",
        "lasttime": "2026-08-25T18:00:00.000Z",
        "city": "Stratford-on-Avon",
        "region": "England",
        "country": "GB",
        "road": "Luddington Road",
        "postalcode": "CV37 9SQ"
      }
    },
    {
      "type": "Feature",
      "geometry": {
        "type": "Point",
        "coordinates": [
          9.98738194,
          52.63432693
        ]
      },
      "properties": {
        "netid": "00:F4:8D:4E:C5:88",
        "ssid": null,
        "oui": "00:F4:8D",
        "channel": 9,
        "encryption": "unknown",
        "firsttime": "2025-10-17T17:00:00.000Z",
        "lasttime": "2025-10-18T03:00:00.000Z",
        "city": null,
        "region": "Niedersachsen",
        "country": "DE",
        "road": "Nienburger Stra\u00dfe",
        "postalcode": "29313"
      }
    },
    {
      "type": "Feature",
      "geometry": {
        "type": "Point",
        "coordinates": [
          -98.27933502,
          26.08273506
        ]
      },
      "properties": {
        "netid": "00:F4:8D:4F:BF:0D",
        "ssid": "HECONTA",
        "oui": "00:F4:8D",
        "channel": 11,
        "encryption": "wpa2",
        "firsttime": "2024-09-27T23:00:00.000Z",
        "lasttime": "2024-09-27T18:00:00.000Z",
        "city": "Reynosa",
        "region": "Tamaulipas",
        "country": "MX",
        "road": "Calle Esperanza",
        "postalcode": "88500"
      }
    },
    {
      "type": "Feature",
      "geometry": {
        "type": "Point",
        "coordinates": [
          -99.31404114,
          19.62720108
        ]
      },
      "properties": {
        "netid": "00:F4:8D:4F:C0:45",
        "ssid": "contraloria2022",
        "oui": "00:F4:8D",
        "channel": 11,
        "encryption": "wpa2",
        "firsttime": "2023-04-28T16:00:00.000Z",
        "lasttime": "2025-01-15T19:00:00.000Z",
        "city": "Nicol\u00e1s Romero",
        "region": "Estado de M\u00e9xico",
        "country": "MX",
        "road": "Primera Guillermo Prieto",
        "postalcode": "54457"
      }
    },
    {
      "type": "Feature",
      "geometry": {
        "type": "Point",
        "coordinates": [
          71.46546936,
          51.15842819
        ]
      },
      "properties": {
        "netid": "00:F4:8D:4F:CA:41",
        "ssid": "C18001923 2993",
        "oui": "00:F4:8D",
        "channel": 11,
        "encryption": "wpa2",
        "firsttime": "2024-05-06T13:00:00.000Z",
        "lasttime": "2025-07-29T02:00:00.000Z",
        "city": "\u0410\u0441\u0442\u0430\u043d\u0430",
        "region": "\u0410\u0441\u0442\u0430\u043d\u0430",
        "country": "KZ",
        "road": "\u0443\u043b\u0438\u0446\u0430 \u041a\u0430\u043d\u044b\u0448\u0430 \u0421\u0430\u0442\u043f\u0430\u0435\u0432\u0430",
        "postalcode": "010000"
      }
    },
    {
      "type": "Feature",
      "geometry": {
        "type": "Point",
        "coordinates": [
          71.46607208,
          51.15784073
        ]
      },
      "properties": {
        "netid": "00:F4:8D:4F:CD:F5",
        "ssid": "kam123",
        "oui": "00:F4:8D",
        "channel": 6,
        "encryption": "wpa2",
        "firsttime": "2020-08-19T11:00:00.000Z",
        "lasttime": "2025-05-25T06:00:00.000Z",
        "city": "\u0410\u0441\u0442\u0430\u043d\u0430",
        "region": "\u0410\u0441\u0442\u0430\u043d\u0430",
        "country": "KZ",
        "road": "\u0443\u043b\u0438\u0446\u0430 \u041a\u0430\u043d\u044b\u0448\u0430 \u0421\u0430\u0442\u043f\u0430\u0435\u0432\u0430",
        "postalcode": "010000"
      }
    },
    {
      "type": "Feature",
      "geometry": {
        "type": "Point",
        "coordinates": [
          71.46594238,
          51.15802002
        ]
      },
      "properties": {
        "netid": "00:F4:8D:4F:CE:73",
        "ssid": "C18002084 2822",
        "oui": "00:F4:8D",
        "channel": 11,
        "encryption": "wpa2",
        "firsttime": "2022-11-22T10:00:00.000Z",
        "lasttime": "2024-09-03T09:00:00.000Z",
        "city": "\u0410\u0441\u0442\u0430\u043d\u0430",
        "region": "\u0410\u0441\u0442\u0430\u043d\u0430",
        "country": "KZ",
        "road": "\u0443\u043b\u0438\u0446\u0430 \u041a\u0430\u043d\u044b\u0448\u0430 \u0421\u0430\u0442\u043f\u0430\u0435\u0432\u0430",
        "postalcode": "010000"
      }
    },
    {
      "type": "Feature",
      "geometry": {
        "type": "Point",
        "coordinates": [
          -66.00307465,
          18.34499359
        ]
      },
      "properties": {
        "netid": "00:F4:8D:4F:D2:A1",
        "ssid": "DESKTOP-O9RFR67 6874",
        "oui": "00:F4:8D",
        "channel": 6,
        "encryption": "wpa2",
        "firsttime": "2026-05-21T15:00:00.000Z",
        "lasttime": "2026-06-15T19:00:00.000Z",
        "city": null,
        "region": "PR",
        "country": "US",
        "road": "Avenida Hern\u00e1n Cort\u00e9s",
        "postalcode": "00977"
      }
    },
    {
      "type": "Feature",
      "geometry": {
        "type": "Point",
        "coordinates": [
          -71.97705841,
          -13.51535034
        ]
      },
      "properties": {
        "netid": "00:F4:8D:4F:EC:83",
        "ssid": "DESKTOP-0M7T6UT 1493",
        "oui": "00:F4:8D",
        "channel": 11,
        "encryption": "wpa2",
        "firsttime": "2024-11-19T22:00:00.000Z",
        "lasttime": "2026-03-10T12:00:00.000Z",
        "city": "Cusco",
        "region": "Cusco",
        "country": "PE",
        "road": "Avenida Arcopata",
        "postalcode": "082"
      }
    },
    {
      "type": "Feature",
      "geometry": {
        "type": "Point",
        "coordinates": [
          -81.01473236,
          29.12186623
        ]
      },
      "properties": {
        "netid": "00:F4:8D:50:00:2D",
        "ssid": "Flock",
        "oui": "00:F4:8D",
        "channel": 1,
        "encryption": "wpa2",
        "firsttime": "2026-08-23T17:00:00.000Z",
        "lasttime": "2026-08-23T12:00:00.000Z",
        "city": null,
        "region": "FL",
        "country": "US",
        "road": "Dunlawton Avenue",
        "postalcode": "32127"
      }
    },
    {
      "type": "Feature",
      "geometry": {
        "type": "Point",
        "coordinates": [
          -78.60693359,
          35.89350891
        ]
      },
      "properties": {
        "netid": "00:F4:8D:50:01:C7",
        "ssid": "Flock",
        "oui": "00:F4:8D",
        "channel": 1,
        "encryption": "wpa2",
        "firsttime": "2026-07-02T01:00:00.000Z",
        "lasttime": "2026-07-01T18:00:00.000Z",
        "city": "Raleigh",
        "region": "NC",
        "country": "US",
        "road": "Thorpshire Drive",
        "postalcode": "27615"
      }
    },
    {
      "type": "Feature",
      "geometry": {
        "type": "Point",
        "coordinates": [
          5.74914932,
          51.75039673
        ]
      },
      "properties": {
        "netid": "00:F4:8D:51:43:2D",
        "ssid": null,
        "oui": "00:F4:8D",
        "channel": 165,
        "encryption": "wep",
        "firsttime": "2026-07-17T19:00:00.000Z",
        "lasttime": "2026-07-17T17:00:00.000Z",
        "city": null,
        "region": "Noord-Brabant",
        "country": "NL",
        "road": "de Chamillylaan",
        "postalcode": "5361LK"
      }
    },
    {
      "type": "Feature",
      "geometry": {
        "type": "Point",
        "coordinates": [
          -111.77674103,
          43.81563568
        ]
      },
      "properties": {
        "netid": "00:F4:8D:53:0F:95",
        "ssid": "Flock",
        "oui": "00:F4:8D",
        "channel": 1,
        "encryption": "wpa2",
        "firsttime": "2026-08-28T04:00:00.000Z",
        "lasttime": "2026-08-27T23:00:00.000Z",
        "city": null,
        "region": "ID",
        "country": "US",
        "road": "East 5th South",
        "postalcode": "83440"
      }
    },
    {
      "type": "Feature",
      "geometry": {
        "type": "Point",
        "coordinates": [
          -97.29045868,
          37.71374893
        ]
      },
      "properties": {
        "netid": "00:F4:8D:53:15:43",
        "ssid": null,
        "oui": "00:F4:8D",
        "channel": 1,
        "encryption": "unknown",
        "firsttime": "2026-05-02T06:00:00.000Z",
        "lasttime": "2026-05-02T18:00:00.000Z",
        "city": "Wichita",
        "region": "KS",
        "country": "US",
        "road": "North Gentry Street",
        "postalcode": "67260"
      }
    },
    {
      "type": "Feature",
      "geometry": {
        "type": "Point",
        "coordinates": [
          -82.61238861,
          27.82982445
        ]
      },
      "properties": {
        "netid": "00:F4:8D:53:26:5F",
        "ssid": null,
        "oui": "00:F4:8D",
        "channel": 36,
        "encryption": "unknown",
        "firsttime": "2025-10-14T21:00:00.000Z",
        "lasttime": "2025-10-15T13:00:00.000Z",
        "city": "Saint Petersburg",
        "region": "FL",
        "country": "US",
        "road": "62nd Avenue Northeast",
        "postalcode": "33703"
      }
    },
    {
      "type": "Feature",
      "geometry": {
        "type": "Point",
        "coordinates": [
          -119.73365021,
          39.54529572
        ]
      },
      "properties": {
        "netid": "00:F4:8D:55:FA:15",
        "ssid": null,
        "oui": "00:F4:8D",
        "channel": 48,
        "encryption": "wep",
        "firsttime": "2026-08-11T00:00:00.000Z",
        "lasttime": "2026-08-10T22:00:00.000Z",
        "city": "Sparks",
        "region": "NV",
        "country": "US",
        "road": "North McCarran Boulevard",
        "postalcode": "89341"
      }
    },
    {
      "type": "Feature",
      "geometry": {
        "type": "Point",
        "coordinates": [
          -87.67510986,
          42.01597977
        ]
      },
      "properties": {
        "netid": "00:F4:8D:55:FE:A7",
        "ssid": null,
        "oui": "00:F4:8D",
        "channel": 44,
        "encryption": "wep",
        "firsttime": "2025-12-24T17:00:00.000Z",
        "lasttime": "2025-12-24T10:00:00.000Z",
        "city": "Chicago",
        "region": "IL",
        "country": "US",
        "road": "West Jarvis Avenue",
        "postalcode": "60626"
      }
    },
    {
      "type": "Feature",
      "geometry": {
        "type": "Point",
        "coordinates": [
          172.62661743,
          -43.54115295
        ]
      },
      "properties": {
        "netid": "00:F4:8D:59:28:A9",
        "ssid": null,
        "oui": "00:F4:8D",
        "channel": 13,
        "encryption": "unknown",
        "firsttime": "2026-07-18T02:00:00.000Z",
        "lasttime": "2026-07-17T22:00:00.000Z",
        "city": "Christchurch",
        "region": "Canterbury",
        "country": "NZ",
        "road": "Hazeldean Road",
        "postalcode": "8011"
      }
    },
    {
      "type": "Feature",
      "geometry": {
        "type": "Point",
        "coordinates": [
          1.52848601,
          41.21424103
        ]
      },
      "properties": {
        "netid": "00:F4:8D:5A:14:7F",
        "ssid": "S-AROUND IWW 5a147f_AJ",
        "oui": "00:F4:8D",
        "channel": 6,
        "encryption": "unknown",
        "firsttime": "2023-04-19T10:00:00.000Z",
        "lasttime": "2024-11-17T23:00:00.000Z",
        "city": "el Vendrell",
        "region": "Catalunya",
        "country": "ES",
        "road": "Carrer de Francesc de Riera",
        "postalcode": "43700"
      }
    },
    {
      "type": "Feature",
      "geometry": {
        "type": "Point",
        "coordinates": [
          24.99909782,
          60.31434631
        ]
      },
      "properties": {
        "netid": "00:F4:8D:5A:1A:33",
        "ssid": "S-AROUND IWW 5a1a33_AJ",
        "oui": "00:F4:8D",
        "channel": 6,
        "encryption": "unknown",
        "firsttime": "2025-05-09T13:00:00.000Z",
        "lasttime": "2025-05-09T06:00:00.000Z",
        "city": "Vantaa",
        "region": "Manner-Suomi",
        "country": "FI",
        "road": "Tuusulantie",
        "postalcode": "01390"
      }
    },
    {
      "type": "Feature",
      "geometry": {
        "type": "Point",
        "coordinates": [
          25.1064949,
          60.22227478
        ]
      },
      "properties": {
        "netid": "00:F4:8D:5A:1C:B7",
        "ssid": "S-AROUND IWW 5a1cb7_AJ",
        "oui": "00:F4:8D",
        "channel": 6,
        "encryption": "unknown",
        "firsttime": "2025-08-10T09:00:00.000Z",
        "lasttime": "2025-08-10T03:00:00.000Z",
        "city": "Helsinki",
        "region": "Manner-Suomi",
        "country": "FI",
        "road": "Riskutie",
        "postalcode": "00950"
      }
    },
    {
      "type": "Feature",
      "geometry": {
        "type": "Point",
        "coordinates": [
          28.18832207,
          61.0464592
        ]
      },
      "properties": {
        "netid": "00:F4:8D:5A:1D:C7",
        "ssid": "S-AROUND IWW 5a1dc7_AJ",
        "oui": "00:F4:8D",
        "channel": 6,
        "encryption": "unknown",
        "firsttime": "2025-10-18T11:00:00.000Z",
        "lasttime": "2025-10-18T05:00:00.000Z",
        "city": "Lappeenranta",
        "region": "Manner-Suomi",
        "country": "FI",
        "road": "Ratakatu",
        "postalcode": "53100"
      }
    },
    {
      "type": "Feature",
      "geometry": {
        "type": "Point",
        "coordinates": [
          -112.12626648,
          33.55306244
        ]
      },
      "properties": {
        "netid": "00:F4:8D:5A:B4:B3",
        "ssid": null,
        "oui": "00:F4:8D",
        "channel": 149,
        "encryption": "wep",
        "firsttime": "2026-01-05T17:00:00.000Z",
        "lasttime": "2026-01-13T09:00:00.000Z",
        "city": "Phoenix",
        "region": "AZ",
        "country": "US",
        "road": "West Northern Avenue",
        "postalcode": "85051"
      }
    },
    {
      "type": "Feature",
      "geometry": {
        "type": "Point",
        "coordinates": [
          -118.11686707,
          33.87744141
        ]
      },
      "properties": {
        "netid": "00:F4:8D:5E:50:45",
        "ssid": null,
        "oui": "00:F4:8D",
        "channel": 44,
        "encryption": "wep",
        "firsttime": "2024-12-10T19:00:00.000Z",
        "lasttime": "2024-12-10T14:00:00.000Z",
        "city": null,
        "region": "CA",
        "country": "US",
        "road": "Beach Street",
        "postalcode": "90706"
      }
    },
    {
      "type": "Feature",
      "geometry": {
        "type": "Point",
        "coordinates": [
          -119.73480225,
          39.56054688
        ]
      },
      "properties": {
        "netid": "00:F4:8D:60:D0:57",
        "ssid": null,
        "oui": "00:F4:8D",
        "channel": 44,
        "encryption": "wep",
        "firsttime": "2024-12-24T01:00:00.000Z",
        "lasttime": "2024-12-23T22:00:00.000Z",
        "city": "Sparks",
        "region": "NV",
        "country": "US",
        "road": "Shari Way",
        "postalcode": "89341"
      }
    },
    {
      "type": "Feature",
      "geometry": {
        "type": "Point",
        "coordinates": [
          -97.41043091,
          35.44236755
        ]
      },
      "properties": {
        "netid": "00:F4:8D:61:8C:E1",
        "ssid": null,
        "oui": "00:F4:8D",
        "channel": 149,
        "encryption": "wep",
        "firsttime": "2025-09-17T16:00:00.000Z",
        "lasttime": "2025-09-17T12:00:00.000Z",
        "city": null,
        "region": "OK",
        "country": "US",
        "road": "Harr Drive",
        "postalcode": "73110"
      }
    },
    {
      "type": "Feature",
      "geometry": {
        "type": "Point",
        "coordinates": [
          -117.61730194,
          34.09785843
        ]
      },
      "properties": {
        "netid": "00:F4:8D:62:02:77",
        "ssid": "Flock",
        "oui": "00:F4:8D",
        "channel": 1,
        "encryption": "wpa2",
        "firsttime": "2026-07-18T00:00:00.000Z",
        "lasttime": "2026-07-17T18:00:00.000Z",
        "city": "Rancho Cucamonga",
        "region": "CA",
        "country": "US",
        "road": "Adega Drive",
        "postalcode": "91764"
      }
    },
    {
      "type": "Feature",
      "geometry": {
        "type": "Point",
        "coordinates": [
          -73.56830597,
          40.70504761
        ]
      },
      "properties": {
        "netid": "00:F4:8D:62:0D:77",
        "ssid": null,
        "oui": "00:F4:8D",
        "channel": 1,
        "encryption": "unknown",
        "firsttime": "2024-11-10T20:00:00.000Z",
        "lasttime": "2024-11-10T13:00:00.000Z",
        "city": null,
        "region": "NY",
        "country": "US",
        "road": "Bellmore Avenue",
        "postalcode": "11554"
      }
    },
    {
      "type": "Feature",
      "geometry": {
        "type": "Point",
        "coordinates": [
          -97.38446808,
          31.09065056
        ]
      },
      "properties": {
        "netid": "00:F4:8D:62:32:2F",
        "ssid": null,
        "oui": "00:F4:8D",
        "channel": 0,
        "encryption": "unknown",
        "firsttime": "2026-04-10T13:00:00.000Z",
        "lasttime": "2026-04-10T20:00:00.000Z",
        "city": null,
        "region": "TX",
        "country": "US",
        "road": "South General Bruce Drive",
        "postalcode": "76504"
      }
    },
    {
      "type": "Feature",
      "geometry": {
        "type": "Point",
        "coordinates": [
          -97.38441467,
          31.09067154
        ]
      },
      "properties": {
        "netid": "00:F4:8D:62:32:33",
        "ssid": null,
        "oui": "00:F4:8D",
        "channel": 0,
        "encryption": "unknown",
        "firsttime": "2026-04-10T13:00:00.000Z",
        "lasttime": "2026-04-10T20:00:00.000Z",
        "city": null,
        "region": "TX",
        "country": "US",
        "road": "South General Bruce Drive",
        "postalcode": "76504"
      }
    },
    {
      "type": "Feature",
      "geometry": {
        "type": "Point",
        "coordinates": [
          -82.67118073,
          27.79189491
        ]
      },
      "properties": {
        "netid": "00:F4:8D:62:33:1B",
        "ssid": null,
        "oui": "00:F4:8D",
        "channel": 44,
        "encryption": "unknown",
        "firsttime": "2025-02-28T20:00:00.000Z",
        "lasttime": "2025-03-13T20:00:00.000Z",
        "city": "Saint Petersburg",
        "region": "FL",
        "country": "US",
        "road": "22nd Avenue North",
        "postalcode": "33710"
      }
    },
    {
      "type": "Feature",
      "geometry": {
        "type": "Point",
        "coordinates": [
          -122.27364349,
          37.56350708
        ]
      },
      "properties": {
        "netid": "00:F4:8D:62:33:DB",
        "ssid": "Flock",
        "oui": "00:F4:8D",
        "channel": 1,
        "encryption": "wpa2",
        "firsttime": "2026-05-19T19:00:00.000Z",
        "lasttime": "2026-05-19T19:00:00.000Z",
        "city": null,
        "region": "CA",
        "country": "US",
        "road": "J Arthur Younger Freeway",
        "postalcode": "94404"
      }
    },
    {
      "type": "Feature",
      "geometry": {
        "type": "Point",
        "coordinates": [
          -82.36600494,
          28.1287384
        ]
      },
      "properties": {
        "netid": "00:F4:8D:62:35:F7",
        "ssid": null,
        "oui": "00:F4:8D",
        "channel": 8,
        "encryption": "unknown",
        "firsttime": "2026-06-12T20:00:00.000Z",
        "lasttime": "2026-06-18T03:00:00.000Z",
        "city": "Tampa",
        "region": "FL",
        "country": "US",
        "road": "Highwoods Preserve Parkway",
        "postalcode": "33647"
      }
    },
    {
      "type": "Feature",
      "geometry": {
        "type": "Point",
        "coordinates": [
          145.29649353,
          -37.8288269
        ]
      },
      "properties": {
        "netid": "00:F4:8D:64:C5:1B",
        "ssid": null,
        "oui": "00:F4:8D",
        "channel": 161,
        "encryption": "wep",
        "firsttime": "2025-11-08T06:00:00.000Z",
        "lasttime": "2025-11-12T18:00:00.000Z",
        "city": "Melbourne",
        "region": "Victoria",
        "country": "AU",
        "road": "Colbury Road",
        "postalcode": "3137"
      }
    },
    {
      "type": "Feature",
      "geometry": {
        "type": "Point",
        "coordinates": [
          -3.28203011,
          50.75115204
        ]
      },
      "properties": {
        "netid": "00:F4:8D:64:CB:C1",
        "ssid": null,
        "oui": "00:F4:8D",
        "channel": 161,
        "encryption": "wep",
        "firsttime": "2026-07-29T10:00:00.000Z",
        "lasttime": "2026-08-02T07:00:00.000Z",
        "city": "East Devon",
        "region": "England",
        "country": "GB",
        "road": "B3174",
        "postalcode": "EX11 1AT"
      }
    },
    {
      "type": "Feature",
      "geometry": {
        "type": "Point",
        "coordinates": [
          5.593328,
          52.66054916
        ]
      },
      "properties": {
        "netid": "00:F4:8D:64:FA:8B",
        "ssid": "Flock",
        "oui": "00:F4:8D",
        "channel": 1,
        "encryption": "wpa2",
        "firsttime": "2026-05-21T09:00:00.000Z",
        "lasttime": "2026-05-21T02:00:00.000Z",
        "city": null,
        "region": "Flevoland",
        "country": "NL",
        "road": "Staverse Kade",
        "postalcode": "8321EK"
      }
    },
    {
      "type": "Feature",
      "geometry": {
        "type": "Point",
        "coordinates": [
          17.07766533,
          51.13772964
        ]
      },
      "properties": {
        "netid": "00:F4:8D:65:1E:37",
        "ssid": null,
        "oui": "00:F4:8D",
        "channel": 9,
        "encryption": "none",
        "firsttime": "2026-08-22T19:00:00.000Z",
        "lasttime": "2026-08-22T13:00:00.000Z",
        "city": null,
        "region": "wojew\u00f3dztwo dolno\u015bl\u0105skie",
        "country": "PL",
        "road": "Grudzi\u0105dzka",
        "postalcode": "51-165"
      }
    },
    {
      "type": "Feature",
      "geometry": {
        "type": "Point",
        "coordinates": [
          -122.21311951,
          47.91511917
        ]
      },
      "properties": {
        "netid": "00:F4:8D:66:5F:F9",
        "ssid": null,
        "oui": "00:F4:8D",
        "channel": 161,
        "encryption": "wep",
        "firsttime": "2024-10-10T05:00:00.000Z",
        "lasttime": "2024-10-10T12:00:00.000Z",
        "city": "Everett",
        "region": "WA",
        "country": "US",
        "road": "Southeast Everett Mall Way",
        "postalcode": "98208"
      }
    },
    {
      "type": "Feature",
      "geometry": {
        "type": "Point",
        "coordinates": [
          -117.4953537,
          47.72391891
        ]
      },
      "properties": {
        "netid": "00:F4:8D:66:A0:5D",
        "ssid": null,
        "oui": "00:F4:8D",
        "channel": 153,
        "encryption": "wep",
        "firsttime": "2025-08-06T19:00:00.000Z",
        "lasttime": "2025-08-06T13:00:00.000Z",
        "city": "Spokane",
        "region": "WA",
        "country": "US",
        "road": "North Pine Rock Street",
        "postalcode": "99208"
      }
    },
    {
      "type": "Feature",
      "geometry": {
        "type": "Point",
        "coordinates": [
          -70.5298996,
          44.21035004
        ]
      },
      "properties": {
        "netid": "00:F4:8D:6A:23:37",
        "ssid": null,
        "oui": "00:F4:8D",
        "channel": 48,
        "encryption": "none",
        "firsttime": "2026-07-13T16:00:00.000Z",
        "lasttime": "2026-07-14T18:00:00.000Z",
        "city": null,
        "region": "ME",
        "country": "US",
        "road": "Fair Street",
        "postalcode": "04268"
      }
    },
    {
      "type": "Feature",
      "geometry": {
        "type": "Point",
        "coordinates": [
          -88.27204895,
          42.67805481
        ]
      },
      "properties": {
        "netid": "00:F4:8D:6A:38:A5",
        "ssid": null,
        "oui": "00:F4:8D",
        "channel": 149,
        "encryption": "wep",
        "firsttime": "2025-06-20T17:00:00.000Z",
        "lasttime": "2025-06-20T10:00:00.000Z",
        "city": null,
        "region": "WI",
        "country": "US",
        "road": "Bridge Street",
        "postalcode": "53105"
      }
    },
    {
      "type": "Feature",
      "geometry": {
        "type": "Point",
        "coordinates": [
          -2.63961983,
          53.64483643
        ]
      },
      "properties": {
        "netid": "00:F4:8D:6A:EB:BB",
        "ssid": null,
        "oui": "00:F4:8D",
        "channel": 40,
        "encryption": "wep",
        "firsttime": "2026-02-05T13:00:00.000Z",
        "lasttime": "2026-02-05T11:00:00.000Z",
        "city": "Chorley",
        "region": "England",
        "country": "GB",
        "road": "Tootell Street",
        "postalcode": "PR7 2HZ"
      }
    },
    {
      "type": "Feature",
      "geometry": {
        "type": "Point",
        "coordinates": [
          -90.24079132,
          38.61019897
        ]
      },
      "properties": {
        "netid": "00:F4:8D:6B:3A:41",
        "ssid": null,
        "oui": "00:F4:8D",
        "channel": 36,
        "encryption": "wpa2",
        "firsttime": "2026-08-28T23:00:00.000Z",
        "lasttime": "2026-08-28T22:00:00.000Z",
        "city": "Saint Louis",
        "region": "MO",
        "country": "US",
        "road": "South Grand Boulevard",
        "postalcode": "63111"
      }
    },
    {
      "type": "Feature",
      "geometry": {
        "type": "Point",
        "coordinates": [
          -90.70491028,
          35.84151077
        ]
      },
      "properties": {
        "netid": "00:F4:8D:6B:4E:B3",
        "ssid": null,
        "oui": "00:F4:8D",
        "channel": 6,
        "encryption": "wpa2",
        "firsttime": "2026-07-19T09:00:00.000Z",
        "lasttime": "2026-07-20T22:00:00.000Z",
        "city": "Jonesboro",
        "region": "AR",
        "country": "US",
        "road": "South Main Street",
        "postalcode": "72401"
      }
    },
    {
      "type": "Feature",
      "geometry": {
        "type": "Point",
        "coordinates": [
          -78.8141098,
          35.90629196
        ]
      },
      "properties": {
        "netid": "00:F4:8D:6B:56:19",
        "ssid": null,
        "oui": "00:F4:8D",
        "channel": 7,
        "encryption": "wpa2",
        "firsttime": "2026-08-03T13:00:00.000Z",
        "lasttime": "2026-08-03T06:00:00.000Z",
        "city": null,
        "region": "NC",
        "country": "US",
        "road": "Globe Road",
        "postalcode": "27560"
      }
    },
    {
      "type": "Feature",
      "geometry": {
        "type": "Point",
        "coordinates": [
          -122.15655518,
          47.46781921
        ]
      },
      "properties": {
        "netid": "00:F4:8D:6B:FE:27",
        "ssid": null,
        "oui": "00:F4:8D",
        "channel": 4,
        "encryption": "wpa2",
        "firsttime": "2026-08-01T21:00:00.000Z",
        "lasttime": "2026-08-01T15:00:00.000Z",
        "city": null,
        "region": "WA",
        "country": "US",
        "road": "140th Avenue Southeast",
        "postalcode": "98058"
      }
    },
    {
      "type": "Feature",
      "geometry": {
        "type": "Point",
        "coordinates": [
          -114.08132935,
          51.00185776
        ]
      },
      "properties": {
        "netid": "00:F4:8D:6C:97:DF",
        "ssid": null,
        "oui": "00:F4:8D",
        "channel": 2,
        "encryption": "unknown",
        "firsttime": "2025-12-20T18:00:00.000Z",
        "lasttime": "2025-12-20T14:00:00.000Z",
        "city": "Calgary",
        "region": "Alberta",
        "country": "CA",
        "road": "Elbow Drive SW",
        "postalcode": "T2V 4Z3"
      }
    },
    {
      "type": "Feature",
      "geometry": {
        "type": "Point",
        "coordinates": [
          -73.2975769,
          40.88135529
        ]
      },
      "properties": {
        "netid": "00:F4:8D:6F:D9:B3",
        "ssid": null,
        "oui": "00:F4:8D",
        "channel": 1,
        "encryption": "unknown",
        "firsttime": "2025-02-01T21:00:00.000Z",
        "lasttime": "2025-02-26T10:00:00.000Z",
        "city": null,
        "region": "NY",
        "country": "US",
        "road": "Pulaski Road",
        "postalcode": "11731"
      }
    },
    {
      "type": "Feature",
      "geometry": {
        "type": "Point",
        "coordinates": [
          -121.75062561,
          36.91628265
        ]
      },
      "properties": {
        "netid": "00:F4:8D:71:A7:FF",
        "ssid": null,
        "oui": "00:F4:8D",
        "channel": 6,
        "encryption": "none",
        "firsttime": "2026-08-25T12:00:00.000Z",
        "lasttime": "2026-08-26T15:00:00.000Z",
        "city": "Watsonville",
        "region": "CA",
        "country": "US",
        "road": "Blackburn Street",
        "postalcode": "95076"
      }
    },
    {
      "type": "Feature",
      "geometry": {
        "type": "Point",
        "coordinates": [
          151.95626831,
          -27.57027626
        ]
      },
      "properties": {
        "netid": "00:F4:8D:71:C5:B3",
        "ssid": null,
        "oui": "00:F4:8D",
        "channel": 10,
        "encryption": "none",
        "firsttime": "2026-06-23T08:00:00.000Z",
        "lasttime": "2026-06-24T02:00:00.000Z",
        "city": "Toowoomba",
        "region": "Queensland",
        "country": "AU",
        "road": "Hume Street",
        "postalcode": "4250"
      }
    },
    {
      "type": "Feature",
      "geometry": {
        "type": "Point",
        "coordinates": [
          -82.63087463,
          27.87313271
        ]
      },
      "properties": {
        "netid": "00:F4:8D:73:31:59",
        "ssid": null,
        "oui": "00:F4:8D",
        "channel": 0,
        "encryption": "unknown",
        "firsttime": "2025-09-16T20:00:00.000Z",
        "lasttime": "2025-09-19T08:00:00.000Z",
        "city": "Saint Petersburg",
        "region": "FL",
        "country": "US",
        "road": "Walnut Street Northeast",
        "postalcode": "33716"
      }
    },
    {
      "type": "Feature",
      "geometry": {
        "type": "Point",
        "coordinates": [
          25.06557846,
          60.19017029
        ]
      },
      "properties": {
        "netid": "00:F4:8D:75:59:D1",
        "ssid": "S-AROUND IWW 7559d1_AJ",
        "oui": "00:F4:8D",
        "channel": 6,
        "encryption": "unknown",
        "firsttime": "2020-12-31T12:00:00.000Z",
        "lasttime": "2026-04-21T23:00:00.000Z",
        "city": "Helsinki",
        "region": "Manner-Suomi",
        "country": "FI",
        "road": "Pellonper\u00e4ntie",
        "postalcode": "00830"
      }
    },
    {
      "type": "Feature",
      "geometry": {
        "type": "Point",
        "coordinates": [
          17.27193642,
          47.87871552
        ]
      },
      "properties": {
        "netid": "00:F4:8D:75:5A:6D",
        "ssid": "S-AROUND IWW 755a6d_AJ",
        "oui": "00:F4:8D",
        "channel": 6,
        "encryption": "unknown",
        "firsttime": "2026-03-02T12:00:00.000Z",
        "lasttime": "2026-07-30T22:00:00.000Z",
        "city": "Mosonmagyar\u00f3v\u00e1r",
        "region": "Nyugat-Dun\u00e1nt\u00fal",
        "country": "HU",
        "road": "De\u00e1k Ferenc t\u00e9r",
        "postalcode": "9200"
      }
    },
    {
      "type": "Feature",
      "geometry": {
        "type": "Point",
        "coordinates": [
          8.26655197,
          49.97641373
        ]
      },
      "properties": {
        "netid": "00:F4:8D:75:5A:97",
        "ssid": "S-AROUND IWW 755a97_AJ",
        "oui": "00:F4:8D",
        "channel": 6,
        "encryption": "unknown",
        "firsttime": "2026-08-02T10:00:00.000Z",
        "lasttime": "2026-08-02T03:00:00.000Z",
        "city": "Mainz",
        "region": "Rheinland-Pfalz",
        "country": "DE",
        "road": "Generaloberst-Beck-Stra\u00dfe",
        "postalcode": null
      }
    },
    {
      "type": "Feature",
      "geometry": {
        "type": "Point",
        "coordinates": [
          9.93722057,
          53.55575943
        ]
      },
      "properties": {
        "netid": "00:F4:8D:75:5A:C9",
        "ssid": "Primo 755ac9_AJ",
        "oui": "00:F4:8D",
        "channel": 6,
        "encryption": "none",
        "firsttime": "2026-03-28T16:00:00.000Z",
        "lasttime": "2026-08-25T12:00:00.000Z",
        "city": "Hamburg",
        "region": "Altona-Nord",
        "country": "DE",
        "road": "Julius-Leber-Stra\u00dfe",
        "postalcode": "22765"
      }
    },
    {
      "type": "Feature",
      "geometry": {
        "type": "Point",
        "coordinates": [
          28.187397,
          61.04613495
        ]
      },
      "properties": {
        "netid": "00:F4:8D:75:5B:65",
        "ssid": "S-AROUND IWW 755b65_AJ",
        "oui": "00:F4:8D",
        "channel": 6,
        "encryption": "unknown",
        "firsttime": "2026-06-18T14:00:00.000Z",
        "lasttime": "2026-06-21T07:00:00.000Z",
        "city": "Lappeenranta",
        "region": "Manner-Suomi",
        "country": "FI",
        "road": "Ratakatu",
        "postalcode": "53100"
      }
    },
    {
      "type": "Feature",
      "geometry": {
        "type": "Point",
        "coordinates": [
          11.54370499,
          48.11868286
        ]
      },
      "properties": {
        "netid": "00:F4:8D:75:5D:F7",
        "ssid": "S-AROUND IWW 755df7_AJ",
        "oui": "00:F4:8D",
        "channel": 6,
        "encryption": "unknown",
        "firsttime": "2020-11-15T11:00:00.000Z",
        "lasttime": "2026-07-23T08:00:00.000Z",
        "city": "M\u00fcnchen",
        "region": "Bayern",
        "country": "DE",
        "road": "Daiserstra\u00dfe",
        "postalcode": "81371"
      }
    },
    {
      "type": "Feature",
      "geometry": {
        "type": "Point",
        "coordinates": [
          4.91254425,
          51.68796921
        ]
      },
      "properties": {
        "netid": "00:F4:8D:75:5E:D3",
        "ssid": "S-AROUND IWW 755ed3_AJ",
        "oui": "00:F4:8D",
        "channel": 6,
        "encryption": "none",
        "firsttime": "2026-04-21T14:00:00.000Z",
        "lasttime": "2026-04-21T08:00:00.000Z",
        "city": null,
        "region": "Noord-Brabant",
        "country": "NL",
        "road": "Schansstraat",
        "postalcode": "4944AE"
      }
    },
    {
      "type": "Feature",
      "geometry": {
        "type": "Point",
        "coordinates": [
          -4.41381407,
          36.71630096
        ]
      },
      "properties": {
        "netid": "00:F4:8D:75:60:79",
        "ssid": "S-AROUND IWW 756079_AJ",
        "oui": "00:F4:8D",
        "channel": 6,
        "encryption": "unknown",
        "firsttime": "2024-07-15T13:00:00.000Z",
        "lasttime": "2024-12-19T12:00:00.000Z",
        "city": null,
        "region": "Andaluc\u00eda",
        "country": "ES",
        "road": "Paseo de Espa\u00f1a",
        "postalcode": "29330"
      }
    },
    {
      "type": "Feature",
      "geometry": {
        "type": "Point",
        "coordinates": [
          -2.02627373,
          48.64648438
        ]
      },
      "properties": {
        "netid": "00:F4:8D:75:61:0B",
        "ssid": "S-AROUND IWW 75610b_AJ",
        "oui": "00:F4:8D",
        "channel": 6,
        "encryption": "unknown",
        "firsttime": "2021-12-25T20:00:00.000Z",
        "lasttime": "2026-07-23T04:00:00.000Z",
        "city": null,
        "region": "Bretagne",
        "country": "FR",
        "road": "Rue de Dinan",
        "postalcode": "35400"
      }
    },
    {
      "type": "Feature",
      "geometry": {
        "type": "Point",
        "coordinates": [
          11.52940273,
          48.13594818
        ]
      },
      "properties": {
        "netid": "00:F4:8D:75:61:27",
        "ssid": "S-AROUND IWW 756127_AJ",
        "oui": "00:F4:8D",
        "channel": 6,
        "encryption": "unknown",
        "firsttime": "2025-08-04T09:00:00.000Z",
        "lasttime": "2026-02-12T07:00:00.000Z",
        "city": "M\u00fcnchen",
        "region": "Bayern",
        "country": "DE",
        "road": "Ridlerstra\u00dfe",
        "postalcode": "80339"
      }
    },
    {
      "type": "Feature",
      "geometry": {
        "type": "Point",
        "coordinates": [
          19.02511024,
          50.26762009
        ]
      },
      "properties": {
        "netid": "00:F4:8D:75:61:4D",
        "ssid": "S-AROUND IWW 75614d_AJ",
        "oui": "00:F4:8D",
        "channel": 6,
        "encryption": "unknown",
        "firsttime": "2024-09-04T20:00:00.000Z",
        "lasttime": "2024-09-04T17:00:00.000Z",
        "city": "Katowice",
        "region": "wojew\u00f3dztwo \u015bl\u0105skie",
        "country": "PL",
        "road": "Olimpijska",
        "postalcode": "40-164"
      }
    },
    {
      "type": "Feature",
      "geometry": {
        "type": "Point",
        "coordinates": [
          11.52938175,
          48.135952
        ]
      },
      "properties": {
        "netid": "00:F4:8D:75:63:45",
        "ssid": "S-AROUND IWW 756345_AJ",
        "oui": "00:F4:8D",
        "channel": 6,
        "encryption": "unknown",
        "firsttime": "2024-12-29T14:00:00.000Z",
        "lasttime": "2025-12-28T15:00:00.000Z",
        "city": "M\u00fcnchen",
        "region": "Bayern",
        "country": "DE",
        "road": "Ridlerstra\u00dfe",
        "postalcode": "80339"
      }
    },
    {
      "type": "Feature",
      "geometry": {
        "type": "Point",
        "coordinates": [
          -1.46098876,
          43.53212357
        ]
      },
      "properties": {
        "netid": "00:F4:8D:75:64:85",
        "ssid": "S-AROUND IWW 756485_AJ",
        "oui": "00:F4:8D",
        "channel": 6,
        "encryption": "unknown",
        "firsttime": "2025-04-29T09:00:00.000Z",
        "lasttime": "2025-04-29T03:00:00.000Z",
        "city": null,
        "region": "Nouvelle-Aquitaine",
        "country": "FR",
        "road": "Boulevard Jacques Duclos",
        "postalcode": "40220"
      }
    },
    {
      "type": "Feature",
      "geometry": {
        "type": "Point",
        "coordinates": [
          51.46206284,
          35.80487823
        ]
      },
      "properties": {
        "netid": "00:F4:8D:75:64:D5",
        "ssid": "S-AROUND IWW 7564d5_AJ",
        "oui": "00:F4:8D",
        "channel": 6,
        "encryption": "unknown",
        "firsttime": "2026-08-28T02:00:00.000Z",
        "lasttime": "2026-08-28T16:00:00.000Z",
        "city": "\u0634\u0647\u0631 \u062a\u0647\u0631\u0627\u0646",
        "region": "\u0634\u0647\u0631\u0633\u062a\u0627\u0646 \u0634\u0645\u06cc\u0631\u0627\u0646\u0627\u062a",
        "country": "IR",
        "road": "\u0639\u0644\u06cc\u0631\u0636\u0627 \u0628\u0627\u0632\u062f\u0627\u0631",
        "postalcode": "1937945714"
      }
    },
    {
      "type": "Feature",
      "geometry": {
        "type": "Point",
        "coordinates": [
          -15.5998354,
          27.74693871
        ]
      },
      "properties": {
        "netid": "00:F4:8D:75:66:A7",
        "ssid": "S-AROUND IWW 7566a7_AJ",
        "oui": "00:F4:8D",
        "channel": 6,
        "encryption": "unknown",
        "firsttime": "2024-02-12T14:00:00.000Z",
        "lasttime": "2026-08-05T02:00:00.000Z",
        "city": null,
        "region": "Las Palmas",
        "country": "ES",
        "road": "Avenida Touroperador TUI",
        "postalcode": "35290"
      }
    },
    {
      "type": "Feature",
      "geometry": {
        "type": "Point",
        "coordinates": [
          19.10348129,
          47.35049438
        ]
      },
      "properties": {
        "netid": "00:F4:8D:75:66:B7",
        "ssid": "S-AROUND IWW 7566b7_AJ",
        "oui": "00:F4:8D",
        "channel": 6,
        "encryption": "unknown",
        "firsttime": "2025-02-02T13:00:00.000Z",
        "lasttime": "2025-02-02T05:00:00.000Z",
        "city": null,
        "region": "K\u00f6z\u00e9p-Magyarorsz\u00e1g",
        "country": "HU",
        "road": "N\u00e9medi \u00fat",
        "postalcode": "2330"
      }
    },
    {
      "type": "Feature",
      "geometry": {
        "type": "Point",
        "coordinates": [
          -118.57701874,
          34.2535553
        ]
      },
      "properties": {
        "netid": "00:F4:8D:77:AF:3F",
        "ssid": null,
        "oui": "00:F4:8D",
        "channel": 149,
        "encryption": "none",
        "firsttime": "2026-08-15T15:00:00.000Z",
        "lasttime": "2026-08-15T16:00:00.000Z",
        "city": "Los Angeles",
        "region": "CA",
        "country": "US",
        "road": "Jovita Avenue",
        "postalcode": "91311-3410"
      }
    },
    {
      "type": "Feature",
      "geometry": {
        "type": "Point",
        "coordinates": [
          -78.73616791,
          35.748909
        ]
      },
      "properties": {
        "netid": "00:F4:8D:77:B2:4B",
        "ssid": null,
        "oui": "00:F4:8D",
        "channel": 6,
        "encryption": "wpa2",
        "firsttime": "2026-06-19T20:00:00.000Z",
        "lasttime": "2026-06-19T14:00:00.000Z",
        "city": null,
        "region": "NC",
        "country": "US",
        "road": "Jones Franklin Road",
        "postalcode": "27606"
      }
    },
    {
      "type": "Feature",
      "geometry": {
        "type": "Point",
        "coordinates": [
          -122.44219971,
          47.2428093
        ]
      },
      "properties": {
        "netid": "00:F4:8D:78:07:0B",
        "ssid": null,
        "oui": "00:F4:8D",
        "channel": 48,
        "encryption": "wep",
        "firsttime": "2026-02-24T07:00:00.000Z",
        "lasttime": "2026-02-23T23:00:00.000Z",
        "city": "Tacoma",
        "region": "WA",
        "country": "US",
        "road": "Commerce Street",
        "postalcode": "98402"
      }
    },
    {
      "type": "Feature",
      "geometry": {
        "type": "Point",
        "coordinates": [
          -119.7154007,
          36.82152557
        ]
      },
      "properties": {
        "netid": "00:F4:8D:78:58:E3",
        "ssid": null,
        "oui": "00:F4:8D",
        "channel": 44,
        "encryption": "wep",
        "firsttime": "2025-01-07T17:00:00.000Z",
        "lasttime": "2025-01-09T16:00:00.000Z",
        "city": null,
        "region": "CA",
        "country": "US",
        "road": "Bush Avenue",
        "postalcode": "93612"
      }
    },
    {
      "type": "Feature",
      "geometry": {
        "type": "Point",
        "coordinates": [
          -122.42159271,
          47.08140182
        ]
      },
      "properties": {
        "netid": "00:F4:8D:78:B1:AF",
        "ssid": null,
        "oui": "00:F4:8D",
        "channel": 44,
        "encryption": "wep",
        "firsttime": "2026-05-26T19:00:00.000Z",
        "lasttime": "2026-05-26T18:00:00.000Z",
        "city": null,
        "region": "WA",
        "country": "US",
        "road": "8th Avenue East",
        "postalcode": "98387-8412"
      }
    },
    {
      "type": "Feature",
      "geometry": {
        "type": "Point",
        "coordinates": [
          -74.07255554,
          4.60578871
        ]
      },
      "properties": {
        "netid": "00:F4:8D:7D:9E:DD",
        "ssid": "OPTICA NUEVA MUNICH12",
        "oui": "00:F4:8D",
        "channel": 11,
        "encryption": "wpa2",
        "firsttime": "2025-10-09T16:00:00.000Z",
        "lasttime": "2025-10-09T12:00:00.000Z",
        "city": "Bogot\u00e1",
        "region": "Santa F\u00e9",
        "country": "CO",
        "road": "Avenida Calle 19",
        "postalcode": "110321"
      }
    },
    {
      "type": "Feature",
      "geometry": {
        "type": "Point",
        "coordinates": [
          69.2851944,
          41.3014183
        ]
      },
      "properties": {
        "netid": "00:F4:8D:7D:A9:9F",
        "ssid": "WIN-124711OHA3S 5395",
        "oui": "00:F4:8D",
        "channel": 11,
        "encryption": "wpa2",
        "firsttime": "2025-01-30T06:00:00.000Z",
        "lasttime": "2025-01-30T02:00:00.000Z",
        "city": null,
        "region": "Mirobod Tumani",
        "country": "UZ",
        "road": "Fidokor ko'chasi",
        "postalcode": "100000"
      }
    },
    {
      "type": "Feature",
      "geometry": {
        "type": "Point",
        "coordinates": [
          7.07855129,
          50.73763657
        ]
      },
      "properties": {
        "netid": "00:F4:8D:7D:B5:31",
        "ssid": "DESKTOP-IL7C1KM 7478",
        "oui": "00:F4:8D",
        "channel": 1,
        "encryption": "wpa2",
        "firsttime": "2025-08-27T17:00:00.000Z",
        "lasttime": "2025-08-27T22:00:00.000Z",
        "city": null,
        "region": "Nordrhein-Westfalen",
        "country": "DE",
        "road": "Ennemoserstra\u00dfe",
        "postalcode": "53119"
      }
    },
    {
      "type": "Feature",
      "geometry": {
        "type": "Point",
        "coordinates": [
          -81.27067566,
          28.25350761
        ]
      },
      "properties": {
        "netid": "00:F4:8D:7F:19:59",
        "ssid": null,
        "oui": "00:F4:8D",
        "channel": 48,
        "encryption": "wep",
        "firsttime": "2026-02-07T14:00:00.000Z",
        "lasttime": "2026-02-07T06:00:00.000Z",
        "city": null,
        "region": "FL",
        "country": "US",
        "road": "5th Street",
        "postalcode": "34769"
      }
    },
    {
      "type": "Feature",
      "geometry": {
        "type": "Point",
        "coordinates": [
          105.85366821,
          21.02859116
        ]
      },
      "properties": {
        "netid": "00:F4:8D:7F:AB:E9",
        "ssid": "DEVIALET-M04W01554TQ9A",
        "oui": "00:F4:8D",
        "channel": 6,
        "encryption": "unknown",
        "firsttime": "2024-12-01T11:00:00.000Z",
        "lasttime": "2024-12-01T08:00:00.000Z",
        "city": "Th\u00e0nh ph\u1ed1 H\u00e0 N\u1ed9i",
        "region": "Tr\u00e0ng Ti\u1ec1n",
        "country": "VN",
        "road": "Ph\u1ed1 \u0110inh Ti\u00ean Ho\u00e0ng",
        "postalcode": "110905"
      }
    },
    {
      "type": "Feature",
      "geometry": {
        "type": "Point",
        "coordinates": [
          2.35311818,
          48.87831879
        ]
      },
      "properties": {
        "netid": "00:F4:8D:7F:B0:FD",
        "ssid": "Phantom Reactor 900-b0fd",
        "oui": "00:F4:8D",
        "channel": 6,
        "encryption": "unknown",
        "firsttime": "2025-01-21T16:00:00.000Z",
        "lasttime": "2025-01-29T23:00:00.000Z",
        "city": "Paris",
        "region": "\u00cele-de-France",
        "country": "FR",
        "road": "Rue La Fayette",
        "postalcode": "75010"
      }
    },
    {
      "type": "Feature",
      "geometry": {
        "type": "Point",
        "coordinates": [
          9.59685898,
          53.50278091
        ]
      },
      "properties": {
        "netid": "00:F4:8D:80:9C:7F",
        "ssid": null,
        "oui": "00:F4:8D",
        "channel": 0,
        "encryption": "unknown",
        "firsttime": "2025-05-18T05:00:00.000Z",
        "lasttime": "2025-05-18T07:00:00.000Z",
        "city": null,
        "region": "Niedersachsen",
        "country": "DE",
        "road": "K 36",
        "postalcode": "21640"
      }
    },
    {
      "type": "Feature",
      "geometry": {
        "type": "Point",
        "coordinates": [
          -75.68753815,
          39.50479126
        ]
      },
      "properties": {
        "netid": "00:F4:8D:81:13:6D",
        "ssid": "Flock",
        "oui": "00:F4:8D",
        "channel": 11,
        "encryption": "none",
        "firsttime": "2026-08-31T14:00:00.000Z",
        "lasttime": "2026-08-31T11:00:00.000Z",
        "city": null,
        "region": "DE",
        "country": "US",
        "road": "Boyds Corner Road",
        "postalcode": "19709"
      }
    },
    {
      "type": "Feature",
      "geometry": {
        "type": "Point",
        "coordinates": [
          -4.6940856,
          54.22130203
        ]
      },
      "properties": {
        "netid": "00:F4:8D:81:8B:33",
        "ssid": null,
        "oui": "00:F4:8D",
        "channel": 165,
        "encryption": "wep",
        "firsttime": "2026-08-27T16:00:00.000Z",
        "lasttime": "2026-08-31T08:00:00.000Z",
        "city": null,
        "region": "Glenfaba",
        "country": "IM",
        "road": "West View",
        "postalcode": "IM5 1BD"
      }
    },
    {
      "type": "Feature",
      "geometry": {
        "type": "Point",
        "coordinates": [
          -112.05880737,
          41.19400024
        ]
      },
      "properties": {
        "netid": "00:F4:8D:81:A7:DF",
        "ssid": null,
        "oui": "00:F4:8D",
        "channel": 157,
        "encryption": "wep",
        "firsttime": "2025-02-08T23:00:00.000Z",
        "lasttime": "2025-02-08T16:00:00.000Z",
        "city": "West Haven",
        "region": "UT",
        "country": "US",
        "road": "West 3800 South",
        "postalcode": "84067"
      }
    },
    {
      "type": "Feature",
      "geometry": {
        "type": "Point",
        "coordinates": [
          -3.65250254,
          40.40550613
        ]
      },
      "properties": {
        "netid": "00:F4:8D:82:B7:46",
        "ssid": "PHL-55PUS7503/12",
        "oui": "00:F4:8D",
        "channel": 0,
        "encryption": "unknown",
        "firsttime": "2001-01-01T00:00:00.000Z",
        "lasttime": "2026-03-20T16:00:00.000Z",
        "city": "Madrid",
        "region": "Comunidad de Madrid",
        "country": "ES",
        "road": "Avenida de Moratalaz",
        "postalcode": "28030"
      }
    },
    {
      "type": "Feature",
      "geometry": {
        "type": "Point",
        "coordinates": [
          -74.22651672,
          41.04238129
        ]
      },
      "properties": {
        "netid": "00:F4:8D:83:B3:1D",
        "ssid": "Flock",
        "oui": "00:F4:8D",
        "channel": 1,
        "encryption": "wpa2",
        "firsttime": "2026-07-30T10:00:00.000Z",
        "lasttime": "2026-07-30T12:00:00.000Z",
        "city": null,
        "region": "NJ",
        "country": "US",
        "road": "Pawnee Avenue",
        "postalcode": "07436"
      }
    },
    {
      "type": "Feature",
      "geometry": {
        "type": "Point",
        "coordinates": [
          2.33951569,
          48.85913467
        ]
      },
      "properties": {
        "netid": "00:F4:8D:83:F9:6F",
        "ssid": "Phantom Reactor 900-f96f",
        "oui": "00:F4:8D",
        "channel": 6,
        "encryption": "unknown",
        "firsttime": "2025-11-18T06:00:00.000Z",
        "lasttime": "2025-11-18T00:00:00.000Z",
        "city": "Paris",
        "region": "\u00cele-de-France",
        "country": "FR",
        "road": "Quai Fran\u00e7ois Mitterrand",
        "postalcode": "75001"
      }
    },
    {
      "type": "Feature",
      "geometry": {
        "type": "Point",
        "coordinates": [
          2.36937094,
          48.85222626
        ]
      },
      "properties": {
        "netid": "00:F4:8D:83:FE:FF",
        "ssid": "Phantom Reactor 600-feff",
        "oui": "00:F4:8D",
        "channel": 6,
        "encryption": "none",
        "firsttime": "2021-11-11T12:00:00.000Z",
        "lasttime": "2026-07-28T11:00:00.000Z",
        "city": "Paris",
        "region": "\u00cele-de-France",
        "country": "FR",
        "road": null,
        "postalcode": "75004"
      }
    },
    {
      "type": "Feature",
      "geometry": {
        "type": "Point",
        "coordinates": [
          -79.3237381,
          39.42344666
        ]
      },
      "properties": {
        "netid": "00:F4:8D:84:0E:91",
        "ssid": null,
        "oui": "00:F4:8D",
        "channel": 153,
        "encryption": "none",
        "firsttime": "2026-08-02T15:00:00.000Z",
        "lasttime": "2026-08-02T13:00:00.000Z",
        "city": null,
        "region": "MD",
        "country": "US",
        "road": "Main Street",
        "postalcode": null
      }
    },
    {
      "type": "Feature",
      "geometry": {
        "type": "Point",
        "coordinates": [
          -73.00283813,
          40.77296448
        ]
      },
      "properties": {
        "netid": "00:F4:8D:84:33:83",
        "ssid": null,
        "oui": "00:F4:8D",
        "channel": 0,
        "encryption": "unknown",
        "firsttime": "2025-02-08T00:00:00.000Z",
        "lasttime": "2025-02-07T18:00:00.000Z",
        "city": null,
        "region": "NY",
        "country": "US",
        "road": "Falcon Avenue",
        "postalcode": "11772"
      }
    },
    {
      "type": "Feature",
      "geometry": {
        "type": "Point",
        "coordinates": [
          4.73097563,
          52.63862991
        ]
      },
      "properties": {
        "netid": "00:F4:8D:84:4A:54",
        "ssid": "Flock",
        "oui": "00:F4:8D",
        "channel": 1,
        "encryption": "wpa2",
        "firsttime": "2026-08-29T11:00:00.000Z",
        "lasttime": "2026-08-29T05:00:00.000Z",
        "city": "Alkmaar",
        "region": "Noord-Holland",
        "country": "NL",
        "road": "Bergerweg",
        "postalcode": "1816BN"
      }
    },
    {
      "type": "Feature",
      "geometry": {
        "type": "Point",
        "coordinates": [
          -118.09733582,
          33.8994751
        ]
      },
      "properties": {
        "netid": "00:F4:8D:84:95:B5",
        "ssid": null,
        "oui": "00:F4:8D",
        "channel": 48,
        "encryption": "wep",
        "firsttime": "2024-10-30T19:00:00.000Z",
        "lasttime": "2024-10-30T15:00:00.000Z",
        "city": "Norwalk",
        "region": "CA",
        "country": "US",
        "road": "Crossdale Avenue",
        "postalcode": "90650"
      }
    },
    {
      "type": "Feature",
      "geometry": {
        "type": "Point",
        "coordinates": [
          4.39980888,
          52.1644783
        ]
      },
      "properties": {
        "netid": "00:F4:8D:86:00:59",
        "ssid": "BcoJBDirect",
        "oui": "00:F4:8D",
        "channel": 1,
        "encryption": "unknown",
        "firsttime": "2026-06-13T11:00:00.000Z",
        "lasttime": "2026-06-13T07:00:00.000Z",
        "city": null,
        "region": "Zuid-Holland",
        "country": "NL",
        "road": "Katwijkseweg",
        "postalcode": "2242PC"
      }
    },
    {
      "type": "Feature",
      "geometry": {
        "type": "Point",
        "coordinates": [
          -73.01417542,
          40.8326149
        ]
      },
      "properties": {
        "netid": "00:F4:8D:87:63:4B",
        "ssid": null,
        "oui": "00:F4:8D",
        "channel": 5,
        "encryption": "unknown",
        "firsttime": "2025-01-13T22:00:00.000Z",
        "lasttime": "2025-04-06T13:00:00.000Z",
        "city": null,
        "region": "NY",
        "country": "US",
        "road": "Old Medford Avenue",
        "postalcode": "11763"
      }
    },
    {
      "type": "Feature",
      "geometry": {
        "type": "Point",
        "coordinates": [
          -82.64350891,
          27.79937553
        ]
      },
      "properties": {
        "netid": "00:F4:8D:87:7F:07",
        "ssid": null,
        "oui": "00:F4:8D",
        "channel": 52,
        "encryption": "unknown",
        "firsttime": "2025-03-26T23:00:00.000Z",
        "lasttime": "2025-03-27T12:00:00.000Z",
        "city": "Saint Petersburg",
        "region": "FL",
        "country": "US",
        "road": "30th Avenue North",
        "postalcode": "33710"
      }
    },
    {
      "type": "Feature",
      "geometry": {
        "type": "Point",
        "coordinates": [
          -87.99921417,
          42.11006165
        ]
      },
      "properties": {
        "netid": "00:F4:8D:87:84:3F",
        "ssid": "Flock",
        "oui": "00:F4:8D",
        "channel": 1,
        "encryption": "wpa2",
        "firsttime": "2026-08-11T23:00:00.000Z",
        "lasttime": "2026-08-18T07:00:00.000Z",
        "city": null,
        "region": "IL",
        "country": "US",
        "road": "Palatine Road",
        "postalcode": "60004"
      }
    },
    {
      "type": "Feature",
      "geometry": {
        "type": "Point",
        "coordinates": [
          -108.59519196,
          39.10100174
        ]
      },
      "properties": {
        "netid": "00:F4:8D:87:8B:4D",
        "ssid": null,
        "oui": "00:F4:8D",
        "channel": 136,
        "encryption": "none",
        "firsttime": "2026-08-31T12:00:00.000Z",
        "lasttime": "2026-08-31T12:00:00.000Z",
        "city": "Grand Junction",
        "region": "CO",
        "country": "US",
        "road": "Brookwillow Loop",
        "postalcode": "81505"
      }
    },
    {
      "type": "Feature",
      "geometry": {
        "type": "Point",
        "coordinates": [
          -117.80721283,
          34.12034988
        ]
      },
      "properties": {
        "netid": "00:F4:8D:87:8D:89",
        "ssid": null,
        "oui": "00:F4:8D",
        "channel": 116,
        "encryption": "none",
        "firsttime": "2026-08-19T15:00:00.000Z",
        "lasttime": "2026-08-20T00:00:00.000Z",
        "city": "San Dimas",
        "region": "CA",
        "country": "US",
        "road": "North San Dimas Avenue",
        "postalcode": "91773"
      }
    },
    {
      "type": "Feature",
      "geometry": {
        "type": "Point",
        "coordinates": [
          -3.05461264,
          52.8657074
        ]
      },
      "properties": {
        "netid": "00:F4:8D:89:42:19",
        "ssid": null,
        "oui": "00:F4:8D",
        "channel": 157,
        "encryption": "wep",
        "firsttime": "2025-04-02T10:00:00.000Z",
        "lasttime": "2025-04-08T07:00:00.000Z",
        "city": null,
        "region": "England",
        "country": "GB",
        "road": "Gatacre Road",
        "postalcode": "SY11 1DT"
      }
    },
    {
      "type": "Feature",
      "geometry": {
        "type": "Point",
        "coordinates": [
          151.2550354,
          -33.7528801
        ]
      },
      "properties": {
        "netid": "00:F4:8D:8A:11:E9",
        "ssid": "Flock",
        "oui": "00:F4:8D",
        "channel": 1,
        "encryption": "wpa2",
        "firsttime": "2026-08-27T02:00:00.000Z",
        "lasttime": "2026-08-26T23:00:00.000Z",
        "city": null,
        "region": "New South Wales",
        "country": "AU",
        "road": "Warringah Road",
        "postalcode": "2100"
      }
    },
    {
      "type": "Feature",
      "geometry": {
        "type": "Point",
        "coordinates": [
          -71.42998505,
          42.97716141
        ]
      },
      "properties": {
        "netid": "00:F4:8D:8A:6E:77",
        "ssid": null,
        "oui": "00:F4:8D",
        "channel": 0,
        "encryption": "unknown",
        "firsttime": "2025-02-11T11:00:00.000Z",
        "lasttime": "2025-03-31T08:00:00.000Z",
        "city": "Manchester",
        "region": "NH",
        "country": "US",
        "road": "Mammoth Road",
        "postalcode": "03109"
      }
    },
    {
      "type": "Feature",
      "geometry": {
        "type": "Point",
        "coordinates": [
          -114.03540802,
          50.87528992
        ]
      },
      "properties": {
        "netid": "00:F4:8D:8A:7C:65",
        "ssid": null,
        "oui": "00:F4:8D",
        "channel": 7,
        "encryption": "unknown",
        "firsttime": "2025-12-18T20:00:00.000Z",
        "lasttime": "2025-12-18T15:00:00.000Z",
        "city": "Calgary",
        "region": "Alberta",
        "country": "CA",
        "road": "Walden Gate SE",
        "postalcode": "T2X 0E5"
      }
    },
    {
      "type": "Feature",
      "geometry": {
        "type": "Point",
        "coordinates": [
          151.93778992,
          -27.57755089
        ]
      },
      "properties": {
        "netid": "00:F4:8D:8C:08:39",
        "ssid": null,
        "oui": "00:F4:8D",
        "channel": 36,
        "encryption": "none",
        "firsttime": "2026-06-26T00:00:00.000Z",
        "lasttime": "2026-06-25T22:00:00.000Z",
        "city": "Toowoomba",
        "region": "Queensland",
        "country": "AU",
        "road": "Drayton Road",
        "postalcode": "4350"
      }
    },
    {
      "type": "Feature",
      "geometry": {
        "type": "Point",
        "coordinates": [
          -82.30545807,
          27.89360428
        ]
      },
      "properties": {
        "netid": "00:F4:8D:8C:1F:9F",
        "ssid": null,
        "oui": "00:F4:8D",
        "channel": 11,
        "encryption": "none",
        "firsttime": "2026-08-17T12:00:00.000Z",
        "lasttime": "2026-08-20T12:00:00.000Z",
        "city": "Brandon",
        "region": "FL",
        "country": "US",
        "road": "West Bloomingdale Avenue",
        "postalcode": "33569"
      }
    },
    {
      "type": "Feature",
      "geometry": {
        "type": "Point",
        "coordinates": [
          -1.15079832,
          52.64413834
        ]
      },
      "properties": {
        "netid": "00:F4:8D:8C:60:2D",
        "ssid": null,
        "oui": "00:F4:8D",
        "channel": 48,
        "encryption": "wep",
        "firsttime": "2025-11-23T11:00:00.000Z",
        "lasttime": "2025-11-23T04:00:00.000Z",
        "city": "Leicester",
        "region": "England",
        "country": "GB",
        "road": "Groby Road",
        "postalcode": "LE3 9ED"
      }
    },
    {
      "type": "Feature",
      "geometry": {
        "type": "Point",
        "coordinates": [
          -1.93336999,
          52.28826523
        ]
      },
      "properties": {
        "netid": "00:F4:8D:8C:6A:AB",
        "ssid": null,
        "oui": "00:F4:8D",
        "channel": 161,
        "encryption": "wep",
        "firsttime": "2025-08-24T20:00:00.000Z",
        "lasttime": "2025-09-02T10:00:00.000Z",
        "city": "Redditch",
        "region": "England",
        "country": "GB",
        "road": "Hedgerow Close",
        "postalcode": "B98 7QE"
      }
    },
    {
      "type": "Feature",
      "geometry": {
        "type": "Point",
        "coordinates": [
          -74.11191559,
          40.87693787
        ]
      },
      "properties": {
        "netid": "00:F4:8D:8D:63:05",
        "ssid": "Flock",
        "oui": "00:F4:8D",
        "channel": 8,
        "encryption": "none",
        "firsttime": "2026-08-22T19:00:00.000Z",
        "lasttime": "2026-08-22T18:00:00.000Z",
        "city": null,
        "region": "NJ",
        "country": "US",
        "road": "Botany Street",
        "postalcode": "07026"
      }
    },
    {
      "type": "Feature",
      "geometry": {
        "type": "Point",
        "coordinates": [
          -76.52213287,
          39.32555389
        ]
      },
      "properties": {
        "netid": "00:F4:8D:8D:9E:21",
        "ssid": null,
        "oui": "00:F4:8D",
        "channel": 10,
        "encryption": "unknown",
        "firsttime": "2026-08-23T08:00:00.000Z",
        "lasttime": "2026-08-23T20:00:00.000Z",
        "city": null,
        "region": "MD",
        "country": "US",
        "road": "32nd Street",
        "postalcode": "21237"
      }
    },
    {
      "type": "Feature",
      "geometry": {
        "type": "Point",
        "coordinates": [
          -113.94096375,
          51.099823
        ]
      },
      "properties": {
        "netid": "00:F4:8D:8D:B1:03",
        "ssid": null,
        "oui": "00:F4:8D",
        "channel": 5,
        "encryption": "unknown",
        "firsttime": "2025-12-19T22:00:00.000Z",
        "lasttime": "2025-12-20T09:00:00.000Z",
        "city": "Calgary",
        "region": "Alberta",
        "country": "CA",
        "road": "Falconridge Drive NE",
        "postalcode": "T3J 1B1"
      }
    },
    {
      "type": "Feature",
      "geometry": {
        "type": "Point",
        "coordinates": [
          -100.45685577,
          20.70589828
        ]
      },
      "properties": {
        "netid": "00:F4:8D:8E:7B:79",
        "ssid": "Flock",
        "oui": "00:F4:8D",
        "channel": 1,
        "encryption": "wpa2",
        "firsttime": "2026-07-01T22:00:00.000Z",
        "lasttime": "2026-07-06T11:00:00.000Z",
        "city": null,
        "region": "Municipio de Quer\u00e9taro",
        "country": "MX",
        "road": "Calle San Juanico",
        "postalcode": "76100"
      }
    },
    {
      "type": "Feature",
      "geometry": {
        "type": "Point",
        "coordinates": [
          10.16287422,
          53.2265892
        ]
      },
      "properties": {
        "netid": "00:F4:8D:8E:83:B8",
        "ssid": null,
        "oui": "00:F4:8D",
        "channel": 1,
        "encryption": "unknown",
        "firsttime": "2025-08-26T11:00:00.000Z",
        "lasttime": "2025-08-26T06:00:00.000Z",
        "city": null,
        "region": "Niedersachsen",
        "country": "DE",
        "road": "Bahnhofstra\u00dfe",
        "postalcode": "21376"
      }
    },
    {
      "type": "Feature",
      "geometry": {
        "type": "Point",
        "coordinates": [
          121.4646225,
          25.02120972
        ]
      },
      "properties": {
        "netid": "00:F4:8D:8F:53:ED",
        "ssid": "git-adlk00000",
        "oui": "00:F4:8D",
        "channel": 1,
        "encryption": "wpa2",
        "firsttime": "2025-12-06T23:00:00.000Z",
        "lasttime": "2025-12-09T15:00:00.000Z",
        "city": "\u65b0\u5317\u5e02",
        "region": "\u65b0\u5317\u5e02",
        "country": "TW",
        "road": "\u6587\u5316\u8def\u4e00\u6bb5",
        "postalcode": "22050"
      }
    },
    {
      "type": "Feature",
      "geometry": {
        "type": "Point",
        "coordinates": [
          6.13994789,
          53.17414474
        ]
      },
      "properties": {
        "netid": "00:F4:8D:90:8D:D9",
        "ssid": "JB-DIRECT",
        "oui": "00:F4:8D",
        "channel": 1,
        "encryption": "unknown",
        "firsttime": "2024-10-31T08:00:00.000Z",
        "lasttime": "2025-01-18T11:00:00.000Z",
        "city": null,
        "region": "Frysl\u00e2n",
        "country": "NL",
        "road": "Blauwhuisterweg",
        "postalcode": "9231AB"
      }
    },
    {
      "type": "Feature",
      "geometry": {
        "type": "Point",
        "coordinates": [
          5.96046305,
          52.00382996
        ]
      },
      "properties": {
        "netid": "00:F4:8D:90:92:03",
        "ssid": "BcoJBDirect",
        "oui": "00:F4:8D",
        "channel": 1,
        "encryption": "unknown",
        "firsttime": "2025-06-11T06:00:00.000Z",
        "lasttime": "2025-10-18T14:00:00.000Z",
        "city": null,
        "region": "Gelderland",
        "country": "NL",
        "road": "Schelmseweg",
        "postalcode": "6891CE"
      }
    },
    {
      "type": "Feature",
      "geometry": {
        "type": "Point",
        "coordinates": [
          4.29004288,
          52.08608246
        ]
      },
      "properties": {
        "netid": "00:F4:8D:90:94:8D",
        "ssid": "JB-DIRECT",
        "oui": "00:F4:8D",
        "channel": 1,
        "encryption": "unknown",
        "firsttime": "2021-09-20T10:00:00.000Z",
        "lasttime": "2026-06-06T06:00:00.000Z",
        "city": "Den Haag",
        "region": "Zuid-Holland",
        "country": "NL",
        "road": "Tobias Asserlaan",
        "postalcode": "2517KC"
      }
    },
    {
      "type": "Feature",
      "geometry": {
        "type": "Point",
        "coordinates": [
          6.22656345,
          52.69784164
        ]
      },
      "properties": {
        "netid": "00:F4:8D:90:95:89",
        "ssid": "BcoJBDirect",
        "oui": "00:F4:8D",
        "channel": 1,
        "encryption": "none",
        "firsttime": "2026-05-30T07:00:00.000Z",
        "lasttime": "2026-05-30T08:00:00.000Z",
        "city": null,
        "region": "Drenthe",
        "country": "NL",
        "road": "Citroenvlinder",
        "postalcode": "7943RE"
      }
    },
    {
      "type": "Feature",
      "geometry": {
        "type": "Point",
        "coordinates": [
          4.34823608,
          52.0112114
        ]
      },
      "properties": {
        "netid": "00:F4:8D:90:9A:21",
        "ssid": "BcoJBDirect",
        "oui": "00:F4:8D",
        "channel": 1,
        "encryption": "unknown",
        "firsttime": "2025-11-16T14:00:00.000Z",
        "lasttime": "2025-11-16T07:00:00.000Z",
        "city": "Delft",
        "region": "Zuid-Holland",
        "country": "NL",
        "road": "Van Bossestraat",
        "postalcode": "2613CM"
      }
    },
    {
      "type": "Feature",
      "geometry": {
        "type": "Point",
        "coordinates": [
          4.97892332,
          52.10010147
        ]
      },
      "properties": {
        "netid": "00:F4:8D:90:A0:97",
        "ssid": "BcoJBDirect",
        "oui": "00:F4:8D",
        "channel": 1,
        "encryption": "unknown",
        "firsttime": "2024-07-23T07:00:00.000Z",
        "lasttime": "2026-05-17T06:00:00.000Z",
        "city": null,
        "region": "Utrecht",
        "country": "NL",
        "road": "Dorpeldijk",
        "postalcode": "3481GW"
      }
    },
    {
      "type": "Feature",
      "geometry": {
        "type": "Point",
        "coordinates": [
          5.84917307,
          51.91808701
        ]
      },
      "properties": {
        "netid": "00:F4:8D:90:A2:89",
        "ssid": "BcoJBDirect",
        "oui": "00:F4:8D",
        "channel": 1,
        "encryption": "unknown",
        "firsttime": "2025-04-12T08:00:00.000Z",
        "lasttime": "2025-12-19T14:00:00.000Z",
        "city": null,
        "region": "Gelderland",
        "country": "NL",
        "road": "Rijksweg-Zuid",
        "postalcode": "6662KE"
      }
    },
    {
      "type": "Feature",
      "geometry": {
        "type": "Point",
        "coordinates": [
          4.25054359,
          52.06807709
        ]
      },
      "properties": {
        "netid": "00:F4:8D:90:A3:15",
        "ssid": "JB-DIRECT",
        "oui": "00:F4:8D",
        "channel": 1,
        "encryption": "unknown",
        "firsttime": "2026-06-07T12:00:00.000Z",
        "lasttime": "2026-06-07T05:00:00.000Z",
        "city": "Den Haag",
        "region": "Zuid-Holland",
        "country": "NL",
        "road": "Tomatenstraat",
        "postalcode": "2564CX"
      }
    },
    {
      "type": "Feature",
      "geometry": {
        "type": "Point",
        "coordinates": [
          4.51549387,
          52.21839905
        ]
      },
      "properties": {
        "netid": "00:F4:8D:90:A3:AB",
        "ssid": "BcoJBDirect",
        "oui": "00:F4:8D",
        "channel": 1,
        "encryption": "unknown",
        "firsttime": "2026-02-06T14:00:00.000Z",
        "lasttime": "2026-02-06T07:00:00.000Z",
        "city": null,
        "region": "Zuid-Holland",
        "country": "NL",
        "road": "Kwekersweg",
        "postalcode": "2171DM"
      }
    },
    {
      "type": "Feature",
      "geometry": {
        "type": "Point",
        "coordinates": [
          4.89472294,
          52.35442734
        ]
      },
      "properties": {
        "netid": "00:F4:8D:90:A4:43",
        "ssid": "JB-DIRECT",
        "oui": "00:F4:8D",
        "channel": 1,
        "encryption": "none",
        "firsttime": "2025-09-03T15:00:00.000Z",
        "lasttime": "2025-09-04T08:00:00.000Z",
        "city": "Amsterdam",
        "region": "Noord-Holland",
        "country": "NL",
        "road": "Sarphatipark",
        "postalcode": "1072GB"
      }
    },
    {
      "type": "Feature",
      "geometry": {
        "type": "Point",
        "coordinates": [
          4.31470585,
          52.07556152
        ]
      },
      "properties": {
        "netid": "00:F4:8D:90:A6:03",
        "ssid": "BcoJBDirect",
        "oui": "00:F4:8D",
        "channel": 1,
        "encryption": "unknown",
        "firsttime": "2025-04-16T09:00:00.000Z",
        "lasttime": "2025-04-16T04:00:00.000Z",
        "city": "Den Haag",
        "region": "Zuid-Holland",
        "country": "NL",
        "road": "Sint Jacobstraat",
        "postalcode": "2512AN"
      }
    },
    {
      "type": "Feature",
      "geometry": {
        "type": "Point",
        "coordinates": [
          -123.17784882,
          49.26156616
        ]
      },
      "properties": {
        "netid": "00:F4:8D:91:20:41",
        "ssid": null,
        "oui": "00:F4:8D",
        "channel": 11,
        "encryption": "wpa2",
        "firsttime": "2026-08-05T23:00:00.000Z",
        "lasttime": "2026-08-06T16:00:00.000Z",
        "city": "Vancouver",
        "region": "British Columbia",
        "country": "CA",
        "road": "West 12th Avenue",
        "postalcode": "V6R"
      }
    },
    {
      "type": "Feature",
      "geometry": {
        "type": "Point",
        "coordinates": [
          21.64526939,
          47.54180527
        ]
      },
      "properties": {
        "netid": "00:F4:8D:93:48:87",
        "ssid": null,
        "oui": "00:F4:8D",
        "channel": 157,
        "encryption": "wep",
        "firsttime": "2026-04-29T10:00:00.000Z",
        "lasttime": "2026-04-29T05:00:00.000Z",
        "city": "Debrecen",
        "region": "\u00c9szak-Alf\u00f6ld",
        "country": "HU",
        "road": "J\u00e1nosi utca",
        "postalcode": "4028"
      }
    },
    {
      "type": "Feature",
      "geometry": {
        "type": "Point",
        "coordinates": [
          -118.41009521,
          34.15048981
        ]
      },
      "properties": {
        "netid": "00:F4:8D:93:50:DF",
        "ssid": null,
        "oui": "00:F4:8D",
        "channel": 165,
        "encryption": "wep",
        "firsttime": "2025-07-02T04:00:00.000Z",
        "lasttime": "2025-07-01T21:00:00.000Z",
        "city": "Los Angeles",
        "region": "CA",
        "country": "US",
        "road": "Moorpark Street",
        "postalcode": "91401-6038"
      }
    },
    {
      "type": "Feature",
      "geometry": {
        "type": "Point",
        "coordinates": [
          19.38334465,
          47.43407822
        ]
      },
      "properties": {
        "netid": "00:F4:8D:93:CA:F1",
        "ssid": null,
        "oui": "00:F4:8D",
        "channel": 48,
        "encryption": "wep",
        "firsttime": "2026-03-09T11:00:00.000Z",
        "lasttime": "2026-03-09T05:00:00.000Z",
        "city": null,
        "region": "K\u00f6z\u00e9p-Magyarorsz\u00e1g",
        "country": "HU",
        "road": "Beregsz\u00e1szi utca",
        "postalcode": "2230"
      }
    },
    {
      "type": "Feature",
      "geometry": {
        "type": "Point",
        "coordinates": [
          -99.18256378,
          19.32591629
        ]
      },
      "properties": {
        "netid": "00:F4:8D:95:03:03",
        "ssid": null,
        "oui": "00:F4:8D",
        "channel": 1,
        "encryption": "unknown",
        "firsttime": "2024-09-13T00:00:00.000Z",
        "lasttime": "2024-09-12T18:00:00.000Z",
        "city": "Ciudad de M\u00e9xico",
        "region": "Coyoac\u00e1n",
        "country": "MX",
        "road": "Circuito Deportivo",
        "postalcode": "04510"
      }
    },
    {
      "type": "Feature",
      "geometry": {
        "type": "Point",
        "coordinates": [
          -95.40010834,
          32.63172531
        ]
      },
      "properties": {
        "netid": "00:F4:8D:96:20:CF",
        "ssid": null,
        "oui": "00:F4:8D",
        "channel": 161,
        "encryption": "none",
        "firsttime": "2026-08-15T14:00:00.000Z",
        "lasttime": "2026-08-15T12:00:00.000Z",
        "city": null,
        "region": "TX",
        "country": "US",
        "road": "Farm-to-Market Road 2422",
        "postalcode": null
      }
    },
    {
      "type": "Feature",
      "geometry": {
        "type": "Point",
        "coordinates": [
          -81.38227844,
          28.54223251
        ]
      },
      "properties": {
        "netid": "00:F4:8D:97:CE:E1",
        "ssid": "Flock",
        "oui": "00:F4:8D",
        "channel": 1,
        "encryption": "wpa2",
        "firsttime": "2026-07-09T14:00:00.000Z",
        "lasttime": "2026-07-09T15:00:00.000Z",
        "city": "Orlando",
        "region": "FL",
        "country": "US",
        "road": "I-4 Express",
        "postalcode": "32801"
      }
    },
    {
      "type": "Feature",
      "geometry": {
        "type": "Point",
        "coordinates": [
          -73.01953125,
          40.8355751
        ]
      },
      "properties": {
        "netid": "00:F4:8D:97:D8:7B",
        "ssid": null,
        "oui": "00:F4:8D",
        "channel": 11,
        "encryption": "unknown",
        "firsttime": "2024-12-08T20:00:00.000Z",
        "lasttime": "2025-02-01T15:00:00.000Z",
        "city": null,
        "region": "NY",
        "country": "US",
        "road": "Granny Road",
        "postalcode": "11738"
      }
    },
    {
      "type": "Feature",
      "geometry": {
        "type": "Point",
        "coordinates": [
          138.59117126,
          -34.97132492
        ]
      },
      "properties": {
        "netid": "00:F4:8D:9C:FB:97",
        "ssid": "Flock",
        "oui": "00:F4:8D",
        "channel": 11,
        "encryption": "none",
        "firsttime": "2026-08-28T14:00:00.000Z",
        "lasttime": "2026-08-27T23:00:00.000Z",
        "city": "Adelaide",
        "region": "South Australia",
        "country": "AU",
        "road": "Goodwood Road",
        "postalcode": "5041"
      }
    },
    {
      "type": "Feature",
      "geometry": {
        "type": "Point",
        "coordinates": [
          -75.33493805,
          39.93188095
        ]
      },
      "properties": {
        "netid": "00:F4:8D:9E:93:9D",
        "ssid": "Flock",
        "oui": "00:F4:8D",
        "channel": 1,
        "encryption": "wpa2",
        "firsttime": "2026-05-25T16:00:00.000Z",
        "lasttime": "2026-05-25T11:00:00.000Z",
        "city": null,
        "region": "PA",
        "country": "US",
        "road": "Orchard Road",
        "postalcode": "19064"
      }
    },
    {
      "type": "Feature",
      "geometry": {
        "type": "Point",
        "coordinates": [
          -97.38443756,
          31.09070206
        ]
      },
      "properties": {
        "netid": "00:F4:8D:A2:5E:33",
        "ssid": null,
        "oui": "00:F4:8D",
        "channel": 0,
        "encryption": "unknown",
        "firsttime": "2026-04-10T13:00:00.000Z",
        "lasttime": "2026-04-10T20:00:00.000Z",
        "city": null,
        "region": "TX",
        "country": "US",
        "road": "South General Bruce Drive",
        "postalcode": "76504"
      }
    },
    {
      "type": "Feature",
      "geometry": {
        "type": "Point",
        "coordinates": [
          -0.21684299,
          51.53126526
        ]
      },
      "properties": {
        "netid": "00:F4:8D:A5:01:B9",
        "ssid": null,
        "oui": "00:F4:8D",
        "channel": 10,
        "encryption": "unknown",
        "firsttime": "2026-05-15T18:00:00.000Z",
        "lasttime": "2026-05-20T00:00:00.000Z",
        "city": "London",
        "region": "England",
        "country": "GB",
        "road": "Chamberlayne Road",
        "postalcode": "NW10 3NB"
      }
    },
    {
      "type": "Feature",
      "geometry": {
        "type": "Point",
        "coordinates": [
          -118.75152588,
          34.27613068
        ]
      },
      "properties": {
        "netid": "00:F4:8D:A6:AF:01",
        "ssid": null,
        "oui": "00:F4:8D",
        "channel": 44,
        "encryption": "none",
        "firsttime": "2026-08-13T17:00:00.000Z",
        "lasttime": "2026-08-13T22:00:00.000Z",
        "city": "Simi Valley",
        "region": "CA",
        "country": "US",
        "road": "Lansdale Court",
        "postalcode": "93063-2364"
      }
    },
    {
      "type": "Feature",
      "geometry": {
        "type": "Point",
        "coordinates": [
          -122.72597504,
          45.3757782
        ]
      },
      "properties": {
        "netid": "00:F4:8D:A7:31:B3",
        "ssid": "Flock",
        "oui": "00:F4:8D",
        "channel": 1,
        "encryption": "wpa2",
        "firsttime": "2026-07-28T00:00:00.000Z",
        "lasttime": "2026-07-27T18:00:00.000Z",
        "city": null,
        "region": "OR",
        "country": "US",
        "road": "Southwest Saum Way",
        "postalcode": "97062"
      }
    },
    {
      "type": "Feature",
      "geometry": {
        "type": "Point",
        "coordinates": [
          -81.24054718,
          41.65919495
        ]
      },
      "properties": {
        "netid": "00:F4:8D:AA:46:1B",
        "ssid": null,
        "oui": "00:F4:8D",
        "channel": 1,
        "encryption": "wpa2",
        "firsttime": "2026-08-18T22:00:00.000Z",
        "lasttime": "2026-08-19T15:00:00.000Z",
        "city": null,
        "region": "OH",
        "country": "US",
        "road": "SR 44",
        "postalcode": "44077"
      }
    },
    {
      "type": "Feature",
      "geometry": {
        "type": "Point",
        "coordinates": [
          -73.58654785,
          45.52560806
        ]
      },
      "properties": {
        "netid": "00:F4:8D:AD:74:99",
        "ssid": null,
        "oui": "00:F4:8D",
        "channel": 0,
        "encryption": "unknown",
        "firsttime": "2025-04-10T05:00:00.000Z",
        "lasttime": "2025-04-10T16:00:00.000Z",
        "city": "Montr\u00e9al",
        "region": "Qu\u00e9bec",
        "country": "CA",
        "road": "Rue Saint-Denis",
        "postalcode": "H2J 2L6"
      }
    },
    {
      "type": "Feature",
      "geometry": {
        "type": "Point",
        "coordinates": [
          -75.33766937,
          38.86731339
        ]
      },
      "properties": {
        "netid": "00:F4:8D:AD:EC:F1",
        "ssid": null,
        "oui": "00:F4:8D",
        "channel": 1,
        "encryption": "wpa2",
        "firsttime": "2026-08-08T14:00:00.000Z",
        "lasttime": "2026-08-08T08:00:00.000Z",
        "city": null,
        "region": "DE",
        "country": "US",
        "road": "Coastal Highway",
        "postalcode": "19968"
      }
    },
    {
      "type": "Feature",
      "geometry": {
        "type": "Point",
        "coordinates": [
          -118.00141144,
          34.05420303
        ]
      },
      "properties": {
        "netid": "00:F4:8D:AF:7E:BB",
        "ssid": null,
        "oui": "00:F4:8D",
        "channel": 1,
        "encryption": "wpa2",
        "firsttime": "2026-07-06T01:00:00.000Z",
        "lasttime": "2026-07-05T19:00:00.000Z",
        "city": "City of Industry",
        "region": "CA",
        "country": "US",
        "road": "Temple Avenue",
        "postalcode": "91744"
      }
    },
    {
      "type": "Feature",
      "geometry": {
        "type": "Point",
        "coordinates": [
          -93.28980255,
          44.85103989
        ]
      },
      "properties": {
        "netid": "00:F4:8D:B7:01:65",
        "ssid": "Flock",
        "oui": "00:F4:8D",
        "channel": 1,
        "encryption": "wpa2",
        "firsttime": "2026-05-02T13:00:00.000Z",
        "lasttime": "2026-05-02T09:00:00.000Z",
        "city": null,
        "region": "MN",
        "country": "US",
        "road": "Aldrich Avenue South",
        "postalcode": "55420"
      }
    },
    {
      "type": "Feature",
      "geometry": {
        "type": "Point",
        "coordinates": [
          -122.21568298,
          47.48428726
        ]
      },
      "properties": {
        "netid": "00:F4:8D:BD:5F:61",
        "ssid": null,
        "oui": "00:F4:8D",
        "channel": 11,
        "encryption": "wpa2",
        "firsttime": "2026-08-05T01:00:00.000Z",
        "lasttime": "2026-08-04T21:00:00.000Z",
        "city": null,
        "region": "WA",
        "country": "US",
        "road": "Lake Avenue South",
        "postalcode": "98057"
      }
    },
    {
      "type": "Feature",
      "geometry": {
        "type": "Point",
        "coordinates": [
          -118.44789886,
          33.99642181
        ]
      },
      "properties": {
        "netid": "00:F4:8D:BE:F0:D3",
        "ssid": null,
        "oui": "00:F4:8D",
        "channel": 7,
        "encryption": "wpa2",
        "firsttime": "2026-08-14T22:00:00.000Z",
        "lasttime": "2026-08-14T18:00:00.000Z",
        "city": "Los Angeles",
        "region": "CA",
        "country": "US",
        "road": "Venice Boulevard",
        "postalcode": "90291-3879"
      }
    },
    {
      "type": "Feature",
      "geometry": {
        "type": "Point",
        "coordinates": [
          -80.62257385,
          28.09326935
        ]
      },
      "properties": {
        "netid": "00:F4:8D:C0:08:37",
        "ssid": null,
        "oui": "00:F4:8D",
        "channel": 11,
        "encryption": "wpa2",
        "firsttime": "2026-08-09T20:00:00.000Z",
        "lasttime": "2026-08-10T01:00:00.000Z",
        "city": "Melbourne",
        "region": "FL",
        "country": "US",
        "road": "West Nasa Boulevard",
        "postalcode": "32901"
      }
    },
    {
      "type": "Feature",
      "geometry": {
        "type": "Point",
        "coordinates": [
          -99.23497772,
          30.75015259
        ]
      },
      "properties": {
        "netid": "00:F4:8D:C1:4D:11",
        "ssid": null,
        "oui": "00:F4:8D",
        "channel": 0,
        "encryption": "unknown",
        "firsttime": "2024-10-30T09:00:00.000Z",
        "lasttime": "2024-10-30T16:00:00.000Z",
        "city": "Mason",
        "region": "TX",
        "country": "US",
        "road": "Fort McKavitt Street",
        "postalcode": "76856"
      }
    },
    {
      "type": "Feature",
      "geometry": {
        "type": "Point",
        "coordinates": [
          37.54063797,
          55.83747864
        ]
      },
      "properties": {
        "netid": "00:F4:8D:C1:A9:01",
        "ssid": "sd002",
        "oui": "00:F4:8D",
        "channel": 1,
        "encryption": "unknown",
        "firsttime": "2025-01-08T14:00:00.000Z",
        "lasttime": "2025-09-26T09:00:00.000Z",
        "city": "\u041c\u043e\u0441\u043a\u0432\u0430",
        "region": "\u041c\u043e\u0441\u043a\u0432\u0430",
        "country": "RU",
        "road": "\u0411\u043e\u043b\u044c\u0448\u0430\u044f \u0410\u043a\u0430\u0434\u0435\u043c\u0438\u0447\u0435\u0441\u043a\u0430\u044f \u0443\u043b\u0438\u0446\u0430",
        "postalcode": "125183"
      }
    },
    {
      "type": "Feature",
      "geometry": {
        "type": "Point",
        "coordinates": [
          130.44511414,
          33.58508682
        ]
      },
      "properties": {
        "netid": "00:F4:8D:C2:B6:45",
        "ssid": null,
        "oui": "00:F4:8D",
        "channel": 136,
        "encryption": "unknown",
        "firsttime": "2024-06-08T01:00:00.000Z",
        "lasttime": "2026-02-06T07:00:00.000Z",
        "city": "\u798f\u5ca1\u5e02",
        "region": "\u798f\u5ca1\u770c",
        "country": "JP",
        "road": "\u798f\u5ca1\u5357\u30d0\u30a4\u30d1\u30b9",
        "postalcode": "8120897"
      }
    },
    {
      "type": "Feature",
      "geometry": {
        "type": "Point",
        "coordinates": [
          -71.11460114,
          42.31111908
        ]
      },
      "properties": {
        "netid": "00:F4:8D:C3:15:7F",
        "ssid": null,
        "oui": "00:F4:8D",
        "channel": 1,
        "encryption": "wpa2",
        "firsttime": "2026-06-02T21:00:00.000Z",
        "lasttime": "2026-06-02T15:00:00.000Z",
        "city": "Boston",
        "region": "MA",
        "country": "US",
        "road": "Centre Street",
        "postalcode": "02130"
      }
    },
    {
      "type": "Feature",
      "geometry": {
        "type": "Point",
        "coordinates": [
          -74.62387085,
          40.47715759
        ]
      },
      "properties": {
        "netid": "00:F4:8D:C4:60:93",
        "ssid": null,
        "oui": "00:F4:8D",
        "channel": 1,
        "encryption": "unknown",
        "firsttime": "2026-06-09T16:00:00.000Z",
        "lasttime": "2026-06-09T11:00:00.000Z",
        "city": null,
        "region": "NJ",
        "country": "US",
        "road": "Hillsborough Road",
        "postalcode": "08844"
      }
    },
    {
      "type": "Feature",
      "geometry": {
        "type": "Point",
        "coordinates": [
          -73.19351959,
          41.16960526
        ]
      },
      "properties": {
        "netid": "00:F4:8D:C5:73:E3",
        "ssid": null,
        "oui": "00:F4:8D",
        "channel": 6,
        "encryption": "unknown",
        "firsttime": "2025-09-20T02:00:00.000Z",
        "lasttime": "2025-09-19T21:00:00.000Z",
        "city": "Bridgeport",
        "region": "CT",
        "country": "US",
        "road": "Railroad Avenue",
        "postalcode": "06604"
      }
    },
    {
      "type": "Feature",
      "geometry": {
        "type": "Point",
        "coordinates": [
          -73.76063538,
          41.78131866
        ]
      },
      "properties": {
        "netid": "00:F4:8D:CA:9D:2F",
        "ssid": null,
        "oui": "00:F4:8D",
        "channel": 1,
        "encryption": "unknown",
        "firsttime": "2026-03-24T21:00:00.000Z",
        "lasttime": "2026-03-24T15:00:00.000Z",
        "city": null,
        "region": "NY",
        "country": "US",
        "road": "US 44",
        "postalcode": "12578"
      }
    },
    {
      "type": "Feature",
      "geometry": {
        "type": "Point",
        "coordinates": [
          -122.76430511,
          45.26086426
        ]
      },
      "properties": {
        "netid": "00:F4:8D:CA:A6:51",
        "ssid": "Flock",
        "oui": "00:F4:8D",
        "channel": 1,
        "encryption": "wpa2",
        "firsttime": "2026-08-18T00:00:00.000Z",
        "lasttime": "2026-08-17T19:00:00.000Z",
        "city": null,
        "region": "OR",
        "country": "US",
        "road": "Northeast Airport Road",
        "postalcode": "97002"
      }
    },
    {
      "type": "Feature",
      "geometry": {
        "type": "Point",
        "coordinates": [
          -118.29914856,
          33.89165115
        ]
      },
      "properties": {
        "netid": "00:F4:8D:CC:0D:47",
        "ssid": null,
        "oui": "00:F4:8D",
        "channel": 11,
        "encryption": "wpa2",
        "firsttime": "2026-07-08T23:00:00.000Z",
        "lasttime": "2026-07-08T17:00:00.000Z",
        "city": null,
        "region": "CA",
        "country": "US",
        "road": "Normandie Avenue",
        "postalcode": "90247-3225"
      }
    },
    {
      "type": "Feature",
      "geometry": {
        "type": "Point",
        "coordinates": [
          -93.16697693,
          44.94612503
        ]
      },
      "properties": {
        "netid": "00:F4:8D:CC:3E:81",
        "ssid": "Flock",
        "oui": "00:F4:8D",
        "channel": 1,
        "encryption": "wpa2",
        "firsttime": "2026-05-28T17:00:00.000Z",
        "lasttime": "2026-05-28T11:00:00.000Z",
        "city": "Saint Paul",
        "region": "MN",
        "country": "US",
        "road": "Snelling Avenue",
        "postalcode": "55104"
      }
    },
    {
      "type": "Feature",
      "geometry": {
        "type": "Point",
        "coordinates": [
          -74.40071106,
          40.68379974
        ]
      },
      "properties": {
        "netid": "00:F4:8D:CD:D9:6D",
        "ssid": null,
        "oui": "00:F4:8D",
        "channel": 64,
        "encryption": "unknown",
        "firsttime": "2026-02-17T19:00:00.000Z",
        "lasttime": "2026-02-19T14:00:00.000Z",
        "city": null,
        "region": "NJ",
        "country": "US",
        "road": "Eleni Way",
        "postalcode": "07922"
      }
    },
    {
      "type": "Feature",
      "geometry": {
        "type": "Point",
        "coordinates": [
          -89.93254089,
          35.05731964
        ]
      },
      "properties": {
        "netid": "00:F4:8D:CF:25:B9",
        "ssid": null,
        "oui": "00:F4:8D",
        "channel": 1,
        "encryption": "unknown",
        "firsttime": "2026-07-18T03:00:00.000Z",
        "lasttime": "2026-07-18T19:00:00.000Z",
        "city": "Memphis",
        "region": "TN",
        "country": "US",
        "road": "Lamar Avenue",
        "postalcode": "38118"
      }
    },
    {
      "type": "Feature",
      "geometry": {
        "type": "Point",
        "coordinates": [
          -115.08431244,
          36.0225296
        ]
      },
      "properties": {
        "netid": "00:F4:8D:D1:B0:21",
        "ssid": null,
        "oui": "00:F4:8D",
        "channel": 10,
        "encryption": "unknown",
        "firsttime": "2025-08-30T02:00:00.000Z",
        "lasttime": "2025-08-29T20:00:00.000Z",
        "city": "Henderson",
        "region": "NV",
        "country": "US",
        "road": "South Green Valley Parkway",
        "postalcode": "89074"
      }
    },
    {
      "type": "Feature",
      "geometry": {
        "type": "Point",
        "coordinates": [
          -74.42263794,
          40.53986359
        ]
      },
      "properties": {
        "netid": "00:F4:8D:D4:D0:BD",
        "ssid": null,
        "oui": "00:F4:8D",
        "channel": 3,
        "encryption": "unknown",
        "firsttime": "2026-03-19T21:00:00.000Z",
        "lasttime": "2026-03-20T11:00:00.000Z",
        "city": null,
        "region": "NJ",
        "country": "US",
        "road": "Stelton Road",
        "postalcode": "08854"
      }
    },
    {
      "type": "Feature",
      "geometry": {
        "type": "Point",
        "coordinates": [
          -71.12848663,
          42.28609848
        ]
      },
      "properties": {
        "netid": "00:F4:8D:D5:6C:63",
        "ssid": null,
        "oui": "00:F4:8D",
        "channel": 1,
        "encryption": "wpa2",
        "firsttime": "2026-06-21T20:00:00.000Z",
        "lasttime": "2026-06-21T13:00:00.000Z",
        "city": "Boston",
        "region": "MA",
        "country": "US",
        "road": "Washington Street",
        "postalcode": "02131-3025"
      }
    },
    {
      "type": "Feature",
      "geometry": {
        "type": "Point",
        "coordinates": [
          -73.74182892,
          45.54449081
        ]
      },
      "properties": {
        "netid": "00:F4:8D:DA:A3:8B",
        "ssid": null,
        "oui": "00:F4:8D",
        "channel": 0,
        "encryption": "unknown",
        "firsttime": "2025-04-17T07:00:00.000Z",
        "lasttime": "2025-04-17T17:00:00.000Z",
        "city": "Laval (13)",
        "region": "Qu\u00e9bec",
        "country": "CA",
        "road": "Boulevard Chomedey",
        "postalcode": "H7V3E9"
      }
    },
    {
      "type": "Feature",
      "geometry": {
        "type": "Point",
        "coordinates": [
          -118.34604645,
          33.82508469
        ]
      },
      "properties": {
        "netid": "00:F4:8D:DA:B9:6D",
        "ssid": null,
        "oui": "00:F4:8D",
        "channel": 6,
        "encryption": "wpa2",
        "firsttime": "2026-06-02T15:00:00.000Z",
        "lasttime": "2026-06-02T09:00:00.000Z",
        "city": "Torrance",
        "region": "CA",
        "country": "US",
        "road": "West Sepulveda Boulevard",
        "postalcode": "90505"
      }
    },
    {
      "type": "Feature",
      "geometry": {
        "type": "Point",
        "coordinates": [
          -97.74729156,
          30.30473709
        ]
      },
      "properties": {
        "netid": "00:F4:8D:DA:D9:1D",
        "ssid": null,
        "oui": "00:F4:8D",
        "channel": 0,
        "encryption": "unknown",
        "firsttime": "2025-01-15T06:00:00.000Z",
        "lasttime": "2025-01-18T12:00:00.000Z",
        "city": "Austin",
        "region": "TX",
        "country": "US",
        "road": "West 38th Street",
        "postalcode": "78705"
      }
    },
    {
      "type": "Feature",
      "geometry": {
        "type": "Point",
        "coordinates": [
          -73.19268036,
          41.16832733
        ]
      },
      "properties": {
        "netid": "00:F4:8D:DC:27:93",
        "ssid": null,
        "oui": "00:F4:8D",
        "channel": 1,
        "encryption": "unknown",
        "firsttime": "2025-09-20T00:00:00.000Z",
        "lasttime": "2025-09-19T19:00:00.000Z",
        "city": "Bridgeport",
        "region": "CT",
        "country": "US",
        "road": "Austin Street",
        "postalcode": "06604"
      }
    },
    {
      "type": "Feature",
      "geometry": {
        "type": "Point",
        "coordinates": [
          -97.73841095,
          30.36686707
        ]
      },
      "properties": {
        "netid": "00:F4:8D:DF:C9:51",
        "ssid": null,
        "oui": "00:F4:8D",
        "channel": 0,
        "encryption": "unknown",
        "firsttime": "2024-05-07T09:00:00.000Z",
        "lasttime": "2026-04-10T20:00:00.000Z",
        "city": "Austin",
        "region": "TX",
        "country": "US",
        "road": "Shoal Creek Boulevard",
        "postalcode": "78758-7008"
      }
    },
    {
      "type": "Feature",
      "geometry": {
        "type": "Point",
        "coordinates": [
          -122.24312592,
          47.19490433
        ]
      },
      "properties": {
        "netid": "00:F4:8D:E0:60:9F",
        "ssid": null,
        "oui": "00:F4:8D",
        "channel": 1,
        "encryption": "wpa2",
        "firsttime": "2026-08-12T20:00:00.000Z",
        "lasttime": "2026-08-12T18:00:00.000Z",
        "city": null,
        "region": "WA",
        "country": "US",
        "road": "WA 410",
        "postalcode": "98372"
      }
    },
    {
      "type": "Feature",
      "geometry": {
        "type": "Point",
        "coordinates": [
          -83.08986664,
          40.11249161
        ]
      },
      "properties": {
        "netid": "00:F4:8D:E1:4C:09",
        "ssid": null,
        "oui": "00:F4:8D",
        "channel": 8,
        "encryption": "unknown",
        "firsttime": "2024-08-25T19:00:00.000Z",
        "lasttime": "2025-08-08T12:00:00.000Z",
        "city": "Columbus",
        "region": "OH",
        "country": "US",
        "road": "Billingsley Road",
        "postalcode": "43235"
      }
    },
    {
      "type": "Feature",
      "geometry": {
        "type": "Point",
        "coordinates": [
          -84.48182678,
          38.07266617
        ]
      },
      "properties": {
        "netid": "00:F4:8D:E1:69:B5",
        "ssid": null,
        "oui": "00:F4:8D",
        "channel": 4,
        "encryption": "none",
        "firsttime": "2026-08-10T13:00:00.000Z",
        "lasttime": "2026-08-10T17:00:00.000Z",
        "city": "Lexington",
        "region": "KY",
        "country": "US",
        "road": "West New Circle Road",
        "postalcode": "40512"
      }
    },
    {
      "type": "Feature",
      "geometry": {
        "type": "Point",
        "coordinates": [
          -73.04681396,
          40.93222809
        ]
      },
      "properties": {
        "netid": "00:F4:8D:E1:B5:B3",
        "ssid": null,
        "oui": "00:F4:8D",
        "channel": 11,
        "encryption": "unknown",
        "firsttime": "2025-10-25T20:00:00.000Z",
        "lasttime": "2025-10-25T16:00:00.000Z",
        "city": null,
        "region": "NY",
        "country": "US",
        "road": "Hallock Avenue",
        "postalcode": "11776"
      }
    },
    {
      "type": "Feature",
      "geometry": {
        "type": "Point",
        "coordinates": [
          -97.66098785,
          30.48222542
        ]
      },
      "properties": {
        "netid": "00:F4:8D:E1:B6:49",
        "ssid": null,
        "oui": "00:F4:8D",
        "channel": 6,
        "encryption": "wpa2",
        "firsttime": "2026-07-13T16:00:00.000Z",
        "lasttime": "2026-07-13T09:00:00.000Z",
        "city": "Round Rock",
        "region": "TX",
        "country": "US",
        "road": "Louis Henna Boulevard",
        "postalcode": "78664"
      }
    },
    {
      "type": "Feature",
      "geometry": {
        "type": "Point",
        "coordinates": [
          -77.61447906,
          43.24956131
        ]
      },
      "properties": {
        "netid": "00:F4:8D:E1:BA:3B",
        "ssid": "<hidden>",
        "oui": "00:F4:8D",
        "channel": 10,
        "encryption": "none",
        "firsttime": "2026-08-15T07:00:00.000Z",
        "lasttime": "2026-08-15T01:00:00.000Z",
        "city": "City of Rochester",
        "region": "NY",
        "country": "US",
        "road": "Pattonwood Drive",
        "postalcode": "14617-1822"
      }
    },
    {
      "type": "Feature",
      "geometry": {
        "type": "Point",
        "coordinates": [
          -105.19017029,
          39.7178688
        ]
      },
      "properties": {
        "netid": "00:F4:8D:E1:BD:9D",
        "ssid": null,
        "oui": "00:F4:8D",
        "channel": 0,
        "encryption": "unknown",
        "firsttime": "2024-09-27T12:00:00.000Z",
        "lasttime": "2024-09-27T18:00:00.000Z",
        "city": null,
        "region": "CO",
        "country": "US",
        "road": "I 70",
        "postalcode": "80419"
      }
    },
    {
      "type": "Feature",
      "geometry": {
        "type": "Point",
        "coordinates": [
          -69.79345703,
          44.31304932
        ]
      },
      "properties": {
        "netid": "00:F4:8D:E9:C1:6B",
        "ssid": "Flock",
        "oui": "00:F4:8D",
        "channel": 1,
        "encryption": "wpa2",
        "firsttime": "2026-05-13T22:00:00.000Z",
        "lasttime": "2026-05-28T05:00:00.000Z",
        "city": "Augusta",
        "region": "ME",
        "country": "US",
        "road": "Mulliken Court",
        "postalcode": "04330"
      }
    },
    {
      "type": "Feature",
      "geometry": {
        "type": "Point",
        "coordinates": [
          -74.06750488,
          40.73186493
        ]
      },
      "properties": {
        "netid": "00:F4:8D:E9:F5:2F",
        "ssid": null,
        "oui": "00:F4:8D",
        "channel": 8,
        "encryption": "unknown",
        "firsttime": "2025-07-12T20:00:00.000Z",
        "lasttime": "2025-07-23T20:00:00.000Z",
        "city": "Jersey City",
        "region": "NJ",
        "country": "US",
        "road": "John F. Kennedy Boulevard",
        "postalcode": "07306"
      }
    },
    {
      "type": "Feature",
      "geometry": {
        "type": "Point",
        "coordinates": [
          3.85745096,
          43.60915375
        ]
      },
      "properties": {
        "netid": "00:F4:8D:F3:08:D7",
        "ssid": "Flock",
        "oui": "00:F4:8D",
        "channel": 1,
        "encryption": "wpa2",
        "firsttime": "2026-08-08T15:00:00.000Z",
        "lasttime": "2026-08-26T02:00:00.000Z",
        "city": "Montpellier",
        "region": "Occitanie",
        "country": "FR",
        "road": "Avenue de la Libert\u00e9",
        "postalcode": "34060"
      }
    },
    {
      "type": "Feature",
      "geometry": {
        "type": "Point",
        "coordinates": [
          -97.65763855,
          30.33028793
        ]
      },
      "properties": {
        "netid": "00:F4:8D:F4:09:49",
        "ssid": "Flock",
        "oui": "00:F4:8D",
        "channel": 1,
        "encryption": "wpa2",
        "firsttime": "2026-09-01T19:00:00.000Z",
        "lasttime": "2026-09-01T21:00:00.000Z",
        "city": "Austin",
        "region": "TX",
        "country": "US",
        "road": "Tuscany Way",
        "postalcode": "78753:78754"
      }
    },
    {
      "type": "Feature",
      "geometry": {
        "type": "Point",
        "coordinates": [
          -97.35419464,
          30.11255836
        ]
      },
      "properties": {
        "netid": "00:F4:8D:F5:1E:45",
        "ssid": null,
        "oui": "00:F4:8D",
        "channel": 0,
        "encryption": "unknown",
        "firsttime": "2026-06-22T22:00:00.000Z",
        "lasttime": "2026-06-23T09:00:00.000Z",
        "city": null,
        "region": "TX",
        "country": "US",
        "road": "State Highway 71 West",
        "postalcode": "78602"
      }
    },
    {
      "type": "Feature",
      "geometry": {
        "type": "Point",
        "coordinates": [
          12.2731657,
          41.73421478
        ]
      },
      "properties": {
        "netid": "00:F4:8D:F7:1C:67",
        "ssid": "Flock",
        "oui": "00:F4:8D",
        "channel": 1,
        "encryption": "wpa2",
        "firsttime": "2026-08-11T17:00:00.000Z",
        "lasttime": "2026-08-29T13:00:00.000Z",
        "city": "Roma",
        "region": "Lazio",
        "country": "IT",
        "road": "Via della Paranzella",
        "postalcode": "00121"
      }
    },
    {
      "type": "Feature",
      "geometry": {
        "type": "Point",
        "coordinates": [
          -118.27495575,
          34.03013992
        ]
      },
      "properties": {
        "netid": "00:F4:8D:F8:9A:C3",
        "ssid": null,
        "oui": "00:F4:8D",
        "channel": 11,
        "encryption": "unknown",
        "firsttime": "2025-04-24T17:00:00.000Z",
        "lasttime": "2025-05-13T18:00:00.000Z",
        "city": "Los Angeles",
        "region": "CA",
        "country": "US",
        "road": "Figueroa Way",
        "postalcode": "90007"
      }
    },
    {
      "type": "Feature",
      "geometry": {
        "type": "Point",
        "coordinates": [
          -122.29344177,
          47.19314575
        ]
      },
      "properties": {
        "netid": "00:F4:8D:FC:00:CD",
        "ssid": null,
        "oui": "00:F4:8D",
        "channel": 11,
        "encryption": "wpa2",
        "firsttime": "2026-07-29T19:00:00.000Z",
        "lasttime": "2026-08-23T17:00:00.000Z",
        "city": null,
        "region": "WA",
        "country": "US",
        "road": "East Stewart",
        "postalcode": "98371"
      }
    },
    {
      "type": "Feature",
      "geometry": {
        "type": "Point",
        "coordinates": [
          -81.47033691,
          41.64248276
        ]
      },
      "properties": {
        "netid": "00:F4:8D:FD:91:9B",
        "ssid": null,
        "oui": "00:F4:8D",
        "channel": 40,
        "encryption": "unknown",
        "firsttime": "2024-10-30T16:00:00.000Z",
        "lasttime": "2024-10-30T10:00:00.000Z",
        "city": null,
        "region": "OH",
        "country": "US",
        "road": "Vine Street",
        "postalcode": "44095"
      }
    },
    {
      "type": "Feature",
      "geometry": {
        "type": "Point",
        "coordinates": [
          -73.55474854,
          45.51659775
        ]
      },
      "properties": {
        "netid": "00:F4:8D:FD:B8:4F",
        "ssid": null,
        "oui": "00:F4:8D",
        "channel": 0,
        "encryption": "unknown",
        "firsttime": "2025-03-04T13:00:00.000Z",
        "lasttime": "2025-03-05T13:00:00.000Z",
        "city": "Montr\u00e9al",
        "region": "Qu\u00e9bec",
        "country": "CA",
        "road": "Rue Atateken",
        "postalcode": "H2L 3K9"
      }
    },
    {
      "type": "Feature",
      "geometry": {
        "type": "Point",
        "coordinates": [
          -90.70240021,
          35.82146835
        ]
      },
      "properties": {
        "netid": "00:F4:8D:FD:CA:9F",
        "ssid": null,
        "oui": "00:F4:8D",
        "channel": 1,
        "encryption": "wpa2",
        "firsttime": "2026-07-21T07:00:00.000Z",
        "lasttime": "2026-07-26T14:00:00.000Z",
        "city": "Jonesboro",
        "region": "AR",
        "country": "US",
        "road": "Wofford Street",
        "postalcode": "72401"
      }
    },
    {
      "type": "Feature",
      "geometry": {
        "type": "Point",
        "coordinates": [
          -89.97926331,
          38.78124619
        ]
      },
      "properties": {
        "netid": "00:F4:8D:FD:D7:47",
        "ssid": null,
        "oui": "00:F4:8D",
        "channel": 1,
        "encryption": "wpa2",
        "firsttime": "2026-07-24T18:00:00.000Z",
        "lasttime": "2026-07-24T12:00:00.000Z",
        "city": null,
        "region": "IL",
        "country": "US",
        "road": "South State Route 157",
        "postalcode": "62025"
      }
    },
    {
      "type": "Feature",
      "geometry": {
        "type": "Point",
        "coordinates": [
          -115.04540253,
          36.0709877
        ]
      },
      "properties": {
        "netid": "00:F4:8D:FD:DE:E5",
        "ssid": null,
        "oui": "00:F4:8D",
        "channel": 0,
        "encryption": "unknown",
        "firsttime": "2026-04-12T14:00:00.000Z",
        "lasttime": "2026-04-18T15:00:00.000Z",
        "city": "Henderson",
        "region": "NV",
        "country": "US",
        "road": "West Galleria Drive",
        "postalcode": "89014-2612"
      }
    },
    {
      "type": "Feature",
      "geometry": {
        "type": "Point",
        "coordinates": [
          -82.20698547,
          29.1866703
        ]
      },
      "properties": {
        "netid": "00:F4:8D:FD:E1:57",
        "ssid": "Flock",
        "oui": "00:F4:8D",
        "channel": 2,
        "encryption": "none",
        "firsttime": "2026-09-01T17:00:00.000Z",
        "lasttime": "2026-09-01T17:00:00.000Z",
        "city": "Ocala",
        "region": "FL",
        "country": "US",
        "road": "FL 40",
        "postalcode": "34474"
      }
    },
    {
      "type": "Feature",
      "geometry": {
        "type": "Point",
        "coordinates": [
          -111.89178467,
          40.54189682
        ]
      },
      "properties": {
        "netid": "00:F4:8D:FD:F3:FF",
        "ssid": "Flock",
        "oui": "00:F4:8D",
        "channel": 1,
        "encryption": "wpa2",
        "firsttime": "2026-05-12T20:00:00.000Z",
        "lasttime": "2026-05-12T16:00:00.000Z",
        "city": null,
        "region": "UT",
        "country": "US",
        "road": "State Street",
        "postalcode": "84020"
      }
    }
  ],
  "properties": {
    "generated": "2026-09-02T10:09:07.909816+00:00",
    "oui": "00:F4:8D",
    "source": "WiGLE (wigle.net)",
    "project": "flock-finder",
    "total_cameras": 557
  }
}