netid,ssid,trilat,trilong,oui_match,channel,encryption,firsttime,lasttime,city,region,country,road,postalcode
24:B2:B9:01:AC:65,ClickShare-Raum-Lenbach,48.54930115,11.27482605,24:B2:B9,44,wpa2,2026-02-06T12:00:00.000Z,2026-08-03T11:00:00.000Z,,Bayern,DE,Berliner Straße,86529
24:B2:B9:01:AC:B3,ClickShare-Conf B TV 2,40.74800873,-73.41422272,24:B2:B9,36,wpa2,2026-08-22T20:00:00.000Z,2026-08-22T16:00:00.000Z,,NY,US,New Highway,11735
24:B2:B9:01:AC:B7,ClickShare-DPD Chief Conf,32.76804352,-96.79570007,24:B2:B9,36,wpa2,2026-04-13T20:00:00.000Z,2026-08-10T03:00:00.000Z,Dallas,TX,US,Botham Jean Boulevard,75215
24:B2:B9:01:AD:1B,ClickShare-Z213072,56.87388992,14.80735779,24:B2:B9,36,wpa2,2001-01-01T00:00:00.000Z,2026-06-15T01:00:00.000Z,Växjö,Kronobergs län,SE,Södra Esplanaden,352 35
24:B2:B9:01:AD:2D,,49.63341522,6.16914272,24:B2:B9,36,wpa2,2026-07-11T14:00:00.000Z,2026-07-11T09:00:00.000Z,Luxembourg,Canton Luxembourg,LU,Rue Alphonse Weicker,2721
24:B2:B9:01:AD:C9,,49.63367462,6.16874027,24:B2:B9,36,wpa2,2026-07-11T14:00:00.000Z,2026-07-11T09:00:00.000Z,Luxembourg,Canton Luxembourg,LU,Rue Alphonse Weicker,2721
24:B2:B9:01:AE:2D,CS-108Hom,50.32821274,8.74698734,24:B2:B9,36,wpa2,2026-06-20T19:00:00.000Z,2026-06-20T15:00:00.000Z,,Hessen,DE,Homburger Straße,61169
24:B2:B9:01:AE:85,ClickShare-1875592627,36.84693527,-76.29305267,24:B2:B9,36,wpa2,2026-06-16T19:00:00.000Z,2026-06-16T14:00:00.000Z,Norfolk,VA,US,Boush Street,23510
24:B2:B9:01:AE:99,,39.74402237,-104.98609924,24:B2:B9,165,wpa2,2026-06-19T20:00:00.000Z,2026-08-24T21:00:00.000Z,Denver,CO,US,Lincoln Street,80274
24:B2:B9:01:AE:A1,,41.17773819,-111.9491806,24:B2:B9,36,wpa2,2026-05-26T14:00:00.000Z,2026-08-26T17:00:00.000Z,Ogden,UT,US,Harrison Boulevard,84403
24:B2:B9:01:AE:B3,ClickShare-1875591753,38.57039642,-121.47033691,24:B2:B9,1,wpa2,2026-03-28T02:00:00.000Z,2026-03-27T23:00:00.000Z,Sacramento,CA,US,Capitol Avenue,95816
24:B2:B9:01:AF:47,ClickShare-1875592376,35.76617432,-84.01133728,24:B2:B9,36,wpa2,2026-08-12T11:00:00.000Z,2026-08-12T05:00:00.000Z,,TN,US,Middlesettlements Road,37801
24:B2:B9:01:AF:95,ClickShare-1875592263,32.83905411,-97.14181519,24:B2:B9,36,wpa2,2026-07-17T22:00:00.000Z,2026-07-17T18:00:00.000Z,,TX,US,Forest Ridge Drive,76022
24:B2:B9:01:AF:D5,BoardroomBarco,50.79328537,-1.10603392,24:B2:B9,36,wpa2,2026-03-18T12:00:00.000Z,2026-03-18T06:00:00.000Z,Portsmouth,England,GB,Gunwharf Road,PO1 2LA
24:B2:B9:01:AF:D7,ClickShare-Großer-Raum,51.3393898,12.37644482,24:B2:B9,36,wpa2,2026-08-15T13:00:00.000Z,2026-08-19T14:00:00.000Z,Leipzig,Sachsen,DE,Neumarkt,04109
24:B2:B9:01:AF:E5,Riyadh Park Meeting Room,24.69080925,46.66883469,24:B2:B9,36,wpa2,2026-05-22T19:00:00.000Z,2026-05-23T16:00:00.000Z,,منطقة الرياض,SA,Al Sahqour,12334-2723
24:B2:B9:01:AF:FF,ClickShare-1875592608,32.79352188,-96.80776215,24:B2:B9,36,wpa2,2026-03-24T00:00:00.000Z,2026-03-24T19:00:00.000Z,Dallas,TX,US,North Harwood Street,75201
24:B2:B9:01:B0:01,CS-A504,30.20779991,-97.71621704,24:B2:B9,36,wep,2026-03-13T17:00:00.000Z,2026-03-13T14:00:00.000Z,Austin,TX,US,Montopolis Drive,78741
24:B2:B9:01:B0:1D,Huddle Room 105,29.65529823,-95.3872757,24:B2:B9,36,wpa2,2026-03-13T19:00:00.000Z,2026-08-25T17:00:00.000Z,Houston,TX,US,TX 288 Toll,77047
24:B2:B9:01:B0:23,ClickShare-1875592492,30.27430344,-97.74435425,24:B2:B9,36,wpa2,2026-06-23T16:00:00.000Z,2026-08-23T00:00:00.000Z,Austin,TX,US,Guadalupe Street,78701
24:B2:B9:01:B0:5F,ClickShare-1875520633,51.35539627,3.30323792,24:B2:B9,36,wpa2,2026-03-11T15:00:00.000Z,2026-03-11T10:00:00.000Z,,West-Vlaanderen,BE,Kustlaan,8300
24:B2:B9:01:B0:89,ClickShare-Crisisroom ICC Main,50.83244705,4.3268466,24:B2:B9,36,wpa2,2026-03-28T07:00:00.000Z,2026-06-14T05:00:00.000Z,,Région de Bruxelles-Capitale - Brussels Hoofdstedelijk Gewest,BE,Rue des Deux Gares - Tweestationsstraat,1070
24:B2:B9:01:B1:55,ClickShare-1875591212,43.0273819,-87.91652679,24:B2:B9,36,wpa2,2026-04-12T01:00:00.000Z,2026-08-02T17:00:00.000Z,Milwaukee,WI,US,West Florida Street,53204
24:B2:B9:01:B2:0F,ClickShare-1875591943,35.04358292,-85.30857086,24:B2:B9,36,wpa2,2026-08-01T23:00:00.000Z,2026-08-01T17:00:00.000Z,Chattanooga,TN,US,Market Street,37402
24:B2:B9:01:B2:27,ClickShare-1875591735,47.61756134,-122.19676208,24:B2:B9,36,wpa2,2026-06-01T15:00:00.000Z,2026-06-14T22:00:00.000Z,Bellevue,WA,US,Northeast 8th Street,98004-4452
24:B2:B9:01:B2:4B,Conference Room 2 Clickshare,32.92572021,-80.07004547,24:B2:B9,36,wpa2,2026-05-24T16:00:00.000Z,2026-05-24T11:00:00.000Z,North Charleston,SC,US,Industry Drive,29418
24:B2:B9:01:B2:AB,ClickShare-Salinas,36.67605209,-121.65661621,24:B2:B9,36,wpa2,2026-02-09T18:00:00.000Z,2026-06-30T01:00:00.000Z,Salinas,CA,US,Salinas Street,93901
24:B2:B9:01:B2:BD,ClickShare-1875591723,39.88395691,-86.26631927,24:B2:B9,36,wpa2,2026-04-10T01:00:00.000Z,2026-04-09T19:00:00.000Z,Indianapolis,IN,US,Woodland Drive,46278
24:B2:B9:01:B2:C5,Mirai Otemachi 3F,35.68464279,139.76620483,24:B2:B9,36,wpa2,2026-06-01T09:00:00.000Z,2026-08-28T10:00:00.000Z,千代田区,丸の内一丁目,JP,永代通り,100-0005
24:B2:B9:01:B3:7D,ClickShare-1875592320,37.55669403,-77.46025085,24:B2:B9,48,wpa2,2025-12-02T14:00:00.000Z,2026-06-08T15:00:00.000Z,Richmond,VA,US,West Broad Street,23220
24:B2:B9:01:B3:8F,ClickShare-1875591751,39.74526978,-104.99031067,24:B2:B9,36,wpa2,2026-06-09T03:00:00.000Z,2026-06-08T21:00:00.000Z,Denver,CO,US,Welton Street,80293
24:B2:B9:01:B3:C3,ClickShare-1875591793,37.84769058,-122.25209045,24:B2:B9,36,wpa2,2026-08-03T23:00:00.000Z,2026-08-03T19:00:00.000Z,Oakland,CA,US,College Avenue,94168
24:B2:B9:01:B3:CB,,28.54570389,-81.37484741,24:B2:B9,36,wpa2,2026-07-24T23:00:00.000Z,2026-08-02T12:00:00.000Z,Orlando,FL,US,Robinson Street,32801
24:B2:B9:01:B3:D1,ClickShare-1875591802,36.16146469,-115.14681244,24:B2:B9,36,wpa2,2026-08-13T20:00:00.000Z,2026-08-13T15:00:00.000Z,Las Vegas,NV,US,Gass Avenue,89104-1307
24:B2:B9:01:B4:05,ClickShare-1875592446,39.86931229,-104.97783661,24:B2:B9,36,wpa2,2026-01-17T15:00:00.000Z,2026-08-09T20:00:00.000Z,Thornton,CO,US,Washington Street,80229
24:B2:B9:01:B4:09,ClickShare-Dual Conference Room,39.42942429,-119.75276184,24:B2:B9,36,wpa2,2026-07-01T00:00:00.000Z,2026-06-30T23:00:00.000Z,Reno,NV,US,Double R Boulevard,89521
24:B2:B9:01:B4:0D,ClickShare-1875592443,38.90472412,-77.04262543,24:B2:B9,157,wpa2,2026-08-21T22:00:00.000Z,2026-08-21T19:00:00.000Z,Washington,DC,US,19th Street Northwest,20036
24:B2:B9:01:B4:71,ClickShare-TrainingRm,41.51420975,-81.66159058,24:B2:B9,36,wpa2,2026-06-09T17:00:00.000Z,2026-06-11T10:00:00.000Z,Cleveland,OH,US,Superior Avenue,44112
24:B2:B9:01:B4:95,ClickShare-1875520387,35.72919083,139.71704102,24:B2:B9,36,wpa2,2026-04-12T08:00:00.000Z,2026-08-19T16:00:00.000Z,豊島区,東池袋一丁目,JP,音羽池袋線,170-0013
24:B2:B9:01:B4:97,,38.64503098,-90.26152039,24:B2:B9,36,wpa2,2026-08-25T11:00:00.000Z,2026-08-28T13:00:00.000Z,Saint Louis,MO,US,North Euclid Avenue,63108
24:B2:B9:01:B4:9D,ClickShare-1875592978,34.68199921,-118.17459869,24:B2:B9,36,wpa2,2026-08-15T18:00:00.000Z,2026-08-15T13:00:00.000Z,Lancaster,CA,US,25th Street West,93536
24:B2:B9:01:B4:B5,ClickShare-1875592740,47.6103363,-122.336586,24:B2:B9,36,wpa2,2026-08-16T19:00:00.000Z,2026-08-16T12:00:00.000Z,Seattle,WA,US,Pike Street,98101
24:B2:B9:01:B4:CF,ClickShare-1875592726,41.89558411,-87.62242889,24:B2:B9,36,wpa2,2026-08-11T20:00:00.000Z,2026-08-16T13:00:00.000Z,Chicago,IL,US,East Huron Street,60611
24:B2:B9:01:B4:E1,ClickShare-Meeting Room 2,38.54568863,-90.35173035,24:B2:B9,36,wpa2,2026-03-17T09:00:00.000Z,2026-07-11T20:00:00.000Z,,MO,US,Gravois Road,63123-3935
24:B2:B9:01:B4:F5,KP-clkshr-3,34.72867584,-86.58786774,24:B2:B9,36,wpa2,2026-08-17T23:00:00.000Z,2026-08-17T18:00:00.000Z,Huntsville,AL,US,Big Spring Park Greenway,35804
24:B2:B9:01:B4:F9,ClickShare-Meeting Room 1,38.54561996,-90.35186005,24:B2:B9,36,wpa2,2026-03-17T09:00:00.000Z,2026-06-19T13:00:00.000Z,,MO,US,Musick Road,63123-3935
24:B2:B9:01:B6:39,ClickShare-C0.21,47.69718933,8.63517666,24:B2:B9,36,wpa2,2026-04-19T14:00:00.000Z,2026-05-17T07:00:00.000Z,,Schaffhausen,CH,Safrangasse,8200
24:B2:B9:01:B6:85,ClickShare-1875520240,49.01558685,8.37466526,24:B2:B9,36,wpa2,2026-08-12T20:00:00.000Z,2026-08-12T14:00:00.000Z,Karlsruhe,Baden-Württemberg,DE,Moltkestraße,76133
24:B2:B9:01:B6:A1,ClickShare-1875520200,59.29438019,18.07864189,24:B2:B9,36,wpa2,2026-01-05T12:00:00.000Z,2026-05-26T06:00:00.000Z,,Stockholms län,SE,Globenbron,12144
24:B2:B9:01:B6:D1,ClickShare-1875520177,50.27776718,19.13413429,24:B2:B9,36,wpa2,2026-03-27T08:00:00.000Z,2026-03-27T08:00:00.000Z,Sosnowiec,województwo śląskie,PL,Ignacego Mościckiego,41-210
24:B2:B9:01:B7:07,ClickShare-Sala Presidenza,45.47574615,9.212286,24:B2:B9,36,wpa2,2026-04-22T08:00:00.000Z,2026-05-22T01:00:00.000Z,Milano,Lombardia,IT,Via Antonio Stoppani,20129
24:B2:B9:01:B7:19,ClickShare-1875591318,44.76374817,-85.62597656,24:B2:B9,36,wpa2,2026-08-17T14:00:00.000Z,2026-08-29T20:00:00.000Z,Traverse City,MI,US,Pine Street,49684
24:B2:B9:01:B7:4B,ClickShare-tokyo_shiten,35.66321564,139.75883484,24:B2:B9,36,wpa2,2026-03-29T06:00:00.000Z,2026-08-11T02:00:00.000Z,港区,銀座八丁目,JP,環二通り,104-0061
24:B2:B9:01:B7:95,,39.96281052,-75.25140381,24:B2:B9,36,wpa2,2026-05-13T11:00:00.000Z,2026-08-10T15:00:00.000Z,,PA,US,Market Street,19151
24:B2:B9:01:B7:A1,ClickShare-1875592355,39.85864258,-104.67356873,24:B2:B9,36,wpa2,2026-02-03T23:00:00.000Z,2026-07-31T20:00:00.000Z,Denver,CO,US,North Oak Hill Street,
24:B2:B9:01:B7:C1,Atlanta Peachtree,33.7872467,-84.38354492,24:B2:B9,36,wpa2,2026-06-18T14:00:00.000Z,2026-06-18T14:00:00.000Z,Atlanta,GA,US,Peachtree Street Northeast,30309
24:B2:B9:01:B7:FB,,42.70481491,-71.14363098,24:B2:B9,36,wpa2,2026-06-19T14:00:00.000Z,2026-06-19T08:00:00.000Z,Lawrence,MA,US,Merrimack Street,01842
24:B2:B9:01:B8:15,ClickShare-DOB Conference Room,39.04724503,-95.68080902,24:B2:B9,36,wpa2,2025-12-03T20:00:00.000Z,2026-07-15T04:00:00.000Z,Topeka,KS,US,Southwest 10th Avenue,66612
24:B2:B9:01:B8:1B,,39.13012695,-76.7966156,24:B2:B9,36,wpa2,2025-12-12T19:00:00.000Z,2025-12-18T06:00:00.000Z,,MD,US,Guilford Road,20701
24:B2:B9:01:B8:2B,ClickShare-1875591683,37.90462875,-122.06684875,24:B2:B9,36,wpa2,2026-07-23T22:00:00.000Z,2026-08-14T18:00:00.000Z,,CA,US,Ygnacio Valley Road,94596
24:B2:B9:01:B8:83,ClickShare-LTR,37.27144241,-93.10610962,24:B2:B9,36,wpa2,2026-07-27T20:00:00.000Z,2026-07-27T14:00:00.000Z,,MO,US,I 44,65757
24:B2:B9:01:B8:A7,Barco Clikshare,35.99269485,-78.90531158,24:B2:B9,36,wpa2,2026-06-07T20:00:00.000Z,2026-06-07T18:00:00.000Z,Durham,NC,US,Blackwell Street,27701
24:B2:B9:01:B8:AD,ClickShare-1875592401,41.88471603,-87.62953186,24:B2:B9,36,wpa2,2025-12-19T19:00:00.000Z,2026-06-07T23:00:00.000Z,Chicago,IL,US,North Dearborn Street,60601
24:B2:B9:01:B8:D7,ClickShare-1875520665,-6.24726391,106.79792786,24:B2:B9,36,wpa2,2026-06-27T10:00:00.000Z,2026-06-27T21:00:00.000Z,Daerah Khusus Ibukota Jakarta,Melawai,ID,Jalan Panglima Polim Raya,12160
24:B2:B9:01:B8:E5,ClickShare-1875592389,35.76555252,-84.01017761,24:B2:B9,36,wpa2,2026-08-03T05:00:00.000Z,2026-08-10T16:00:00.000Z,,TN,US,Middlesettlements Road,37801
24:B2:B9:01:B8:ED,ClickShare-1875592390,35.76622009,-84.0114212,24:B2:B9,36,wpa2,2026-08-12T11:00:00.000Z,2026-08-12T05:00:00.000Z,,TN,US,Middlesettlements Road,37801
24:B2:B9:01:B9:39,ClickShare-1875591195,40.65626526,-73.67990875,24:B2:B9,36,wpa2,2026-06-11T14:00:00.000Z,2026-06-11T08:00:00.000Z,,NY,US,Sunrise Highway,11563
24:B2:B9:01:B9:7D,ClickShare-1875592352,35.76619339,-84.01094818,24:B2:B9,36,wpa2,2026-08-12T11:00:00.000Z,2026-08-12T05:00:00.000Z,,TN,US,Middlesettlements Road,37801
24:B2:B9:01:B9:E5,ClickShare-MTC-Armory-2111,39.30115509,-76.62025452,24:B2:B9,36,wpa2,2026-08-23T15:00:00.000Z,2026-08-23T09:00:00.000Z,Baltimore,MD,US,North Howard Street,21201
24:B2:B9:01:B9:E7,24:b2:b9:01:b9:e7,38.90123367,-77.03235626,24:B2:B9,36,wpa2,2025-12-11T22:00:00.000Z,2026-08-24T17:00:00.000Z,Washington,DC,US,I Street Northwest,20006
24:B2:B9:01:BA:91,DT-ClickShare-1875592118,41.35009766,-88.85028839,24:B2:B9,36,wpa2,2026-07-17T22:00:00.000Z,2026-07-17T16:00:00.000Z,,IL,US,Sycamore Street,61350
24:B2:B9:01:BA:B5,ClickShare-Z230020,56.89998627,14.55312824,24:B2:B9,36,wpa2,2026-08-21T15:00:00.000Z,2026-08-21T09:00:00.000Z,,Kronobergs län,SE,Centralgatan,342 30
24:B2:B9:01:BA:CB,,53.54663086,9.93459129,24:B2:B9,36,wpa2,2026-08-11T20:00:00.000Z,2026-08-11T14:00:00.000Z,Hamburg,Altona,DE,Betty-Levi-Passage,22765
24:B2:B9:01:BA:D3,ClickShare-1875520058,43.69623184,7.26274204,24:B2:B9,36,wpa2,2026-07-24T13:00:00.000Z,2026-07-24T09:00:00.000Z,Nice,Provence-Alpes-Côte d'Azur,FR,Place de la Croix de Marbre,06046
24:B2:B9:01:BB:09,ClickShare-1875520671,-6.19693089,106.82289124,24:B2:B9,36,wpa2,2026-06-12T03:00:00.000Z,2026-06-14T04:00:00.000Z,Daerah Khusus Ibukota Jakarta,Menteng,ID,Jalan Teluk Betung,10310
24:B2:B9:01:BB:25,ClickShare-MobileConference,48.19899368,16.37018394,24:B2:B9,36,wpa2,2026-08-28T21:00:00.000Z,2026-08-28T18:00:00.000Z,Wien,Freihausviertel,AT,Karlsplatz,1040
24:B2:B9:01:BC:19,ClickShare-1875591316,39.72159576,-105.1322403,24:B2:B9,36,wpa2,2026-07-20T04:00:00.000Z,2026-08-25T01:00:00.000Z,Lakewood,CO,US,Union Boulevard,80228
24:B2:B9:01:BC:47,PDAclassroom,47.60871887,-122.33987427,24:B2:B9,44,wpa2,2026-02-26T02:00:00.000Z,2026-08-21T15:00:00.000Z,Seattle,WA,US,1st Avenue,98101
24:B2:B9:01:BC:73,ClickShare-Madeleine,48.87121964,2.32449055,24:B2:B9,36,wpa2,2026-02-04T11:00:00.000Z,2026-03-14T11:00:00.000Z,Paris,Île-de-France,FR,Rue Chauveau-Lagarde,75008
24:B2:B9:01:BD:19,ClickShare-CzarnaSala,54.36649323,18.62953568,24:B2:B9,44,wpa2,2026-03-23T10:00:00.000Z,2026-07-19T01:00:00.000Z,Gdańsk,województwo pomorskie,PL,Józefa Hoene-Wrońskiego,80-210
24:B2:B9:01:BD:2B,ClickShare-1875520128,52.2258873,21.02361107,24:B2:B9,36,wpa2,2025-11-20T14:00:00.000Z,2025-11-20T08:00:00.000Z,Warszawa,województwo mazowieckie,PL,Aleje Ujazdowskie,00-478
24:B2:B9:01:BD:43,ClickShare-H.C.H.,53.53757477,10.01300907,24:B2:B9,1,wpa2,2026-08-09T13:00:00.000Z,2026-08-09T08:00:00.000Z,Hamburg,Quartier Baakenhafen,DE,Baakenallee,20457
24:B2:B9:01:C4:7D,,40.75836945,-73.9802475,24:B2:B9,1,unknown,2025-09-18T01:00:00.000Z,2025-09-17T21:00:00.000Z,City of New York,NY,US,Rockefeller Plaza,10111
24:B2:B9:01:F3:07,,28.58891106,-81.19247437,24:B2:B9,1,unknown,2026-06-19T19:00:00.000Z,2026-06-19T14:00:00.000Z,,FL,US,Research Parkway,32826
24:B2:B9:02:07:21,,28.58943748,-81.19324493,24:B2:B9,1,unknown,2026-06-19T19:00:00.000Z,2026-06-19T14:00:00.000Z,,FL,US,Discovery Drive,32826
24:B2:B9:02:0A:05,,28.58908844,-81.19320679,24:B2:B9,1,unknown,2026-06-19T19:00:00.000Z,2026-06-19T14:00:00.000Z,,FL,US,Research Parkway,32826
24:B2:B9:04:98:79,ClickShare-1863083517,45.27518845,-66.05618286,24:B2:B9,36,wpa2,2026-05-20T19:00:00.000Z,2026-05-20T12:00:00.000Z,City of Saint John,New Brunswick / Nouveau-Brunswick,CA,Union Street,E2L 1B1
24:B2:B9:04:9C:6D,ClickShare-1863083822,29.42437744,-98.49468994,24:B2:B9,165,wpa2,2026-04-08T20:00:00.000Z,2026-06-11T14:00:00.000Z,San Antonio,TX,US,Military Plaza,78205
24:B2:B9:04:9D:4F,ClickShare-Kutani,35.62153244,139.73565674,24:B2:B9,36,wpa2,2026-05-17T01:00:00.000Z,2026-05-16T20:00:00.000Z,品川区,北品川四丁目,JP,,141-0001
24:B2:B9:04:9D:AB,ClickShare-1862709075,35.67810059,139.76721191,24:B2:B9,1,wpa2,2026-04-07T10:00:00.000Z,2026-04-07T07:00:00.000Z,千代田区,丸の内一丁目,JP,外堀通り,100-6221
24:B2:B9:04:9D:DB,ClickShare-Bizen,35.62186432,139.73880005,24:B2:B9,36,wpa2,2026-01-27T08:00:00.000Z,2026-01-27T01:00:00.000Z,品川区,北品川一丁目,JP,,140-0001
24:B2:B9:04:9E:23,ClickShare-1863083593,43.35943985,-80.3182373,24:B2:B9,36,wpa2,2026-03-22T18:00:00.000Z,2026-04-03T05:00:00.000Z,Cambridge,Ontario,CA,North Square,N1S 1H3
24:B2:B9:04:9E:61,ClickShare-Hasami,35.62231064,139.73872375,24:B2:B9,36,wpa2,2026-01-10T04:00:00.000Z,2026-01-27T01:00:00.000Z,品川区,北品川一丁目,JP,第一京浜,140-0001
24:B2:B9:04:9F:41,Clickshare 1,40.24888992,-76.47077179,24:B2:B9,40,wpa2,2026-08-15T14:00:00.000Z,2026-08-15T09:00:00.000Z,South Londonderry Township,PA,US,Pinch Road,17064
24:B2:B9:04:9F:63,ClickShare-1863083619,53.29807281,-113.537323,24:B2:B9,36,wpa2,2026-05-21T14:00:00.000Z,2026-05-21T12:00:00.000Z,City of Leduc,Alberta,CA,43 Street,T9E 8E2
24:B2:B9:04:A0:05,ClickShare-1862707436,52.74274063,0.42176914,24:B2:B9,36,wpa2,2026-08-14T15:00:00.000Z,2026-08-28T11:00:00.000Z,King's Lynn and West Norfolk,England,GB,Greenyard Way,PE30 4LE
24:B2:B9:04:A0:07,ClickShare-CR4-1862708714,55.7841835,-3.98180842,24:B2:B9,36,wpa2,2026-08-07T16:00:00.000Z,2026-08-07T10:00:00.000Z,,Alba / Scotland,GB,Windmillhill Street,ML1
24:B2:B9:04:A0:51,ClickShare-Conference Room4,35.69222641,139.7568512,24:B2:B9,36,wpa2,2026-05-23T01:00:00.000Z,2026-07-01T08:00:00.000Z,千代田区,一ツ橋一丁目,JP,首都高速5号池袋線,100-0003
24:B2:B9:04:A0:A1,ClickShare-1863083783,41.87956238,-87.62931061,24:B2:B9,36,wpa2,2026-05-23T04:00:00.000Z,2026-08-10T15:00:00.000Z,Chicago,IL,US,South Dearborn Street,60603
24:B2:B9:04:A0:CF,DoNotUse_ClickShare_20E,35.62129211,139.75137329,24:B2:B9,36,wpa2,2026-02-01T07:00:00.000Z,2026-04-06T23:00:00.000Z,品川区,港南四丁目,JP,首都高速1号羽田線,1080075
24:B2:B9:04:A1:2B,ClickShare-The Capitol,29.87826157,-95.54865265,24:B2:B9,36,wpa2,2026-07-22T19:00:00.000Z,2026-07-22T13:00:00.000Z,,TX,US,West Sam Houston Parkway North,77040
24:B2:B9:04:A1:33,,50.96011353,11.0525713,24:B2:B9,36,wpa2,2026-03-03T13:00:00.000Z,2026-08-04T07:00:00.000Z,Erfurt,Thüringen,DE,Kranichfelder Straße,99099
24:B2:B9:04:A1:51,,40.41622162,-3.70326018,24:B2:B9,36,wpa2,2026-07-06T16:00:00.000Z,2026-08-06T15:00:00.000Z,Madrid,Comunidad de Madrid,ES,Calle de Carretas,28012
24:B2:B9:04:A3:C3,ClickShare-1863083696,32.46779633,-84.99190521,24:B2:B9,36,wpa2,2026-08-13T12:00:00.000Z,2026-08-13T19:00:00.000Z,Columbus,GA,US,1st Avenue,31901
24:B2:B9:04:A4:9B,ClickShare-1863083831,41.87944412,-87.62922668,24:B2:B9,36,wpa2,2026-05-23T04:00:00.000Z,2026-08-12T16:00:00.000Z,Chicago,IL,US,West Adams Street,60604
24:B2:B9:04:A4:E3,ClickShare-Gizmo-Large,51.52322769,-0.08202134,24:B2:B9,36,wpa2,2026-06-25T21:00:00.000Z,2026-06-25T14:00:00.000Z,London,England,GB,Scrutton Street,EC2A 4HU
24:B2:B9:04:A5:91,ClickShare-2,40.24895477,-76.47085571,24:B2:B9,153,wpa2,2026-08-15T14:00:00.000Z,2026-08-15T09:00:00.000Z,South Londonderry Township,PA,US,Pinch Road,17064
24:B2:B9:04:A9:61,ClickShare-1862705576,40.99317551,29.06661224,24:B2:B9,36,wpa2,2026-05-18T13:00:00.000Z,2026-05-18T06:00:00.000Z,,Marmara Bölgesi,TR,Yumurtacı Abdibey Caddesi,
24:B2:B9:04:A9:AF,ClickShare-052605,35.15113831,-101.93804169,24:B2:B9,36,wpa2,2026-08-10T11:00:00.000Z,2026-08-10T20:00:00.000Z,Amarillo,TX,US,South Soncy Road,79119
24:B2:B9:04:AB:BF,ClickShare-1863083982,41.74874115,-71.27197266,24:B2:B9,36,wpa2,2026-07-02T18:00:00.000Z,2026-07-02T13:00:00.000Z,,RI,US,Market Street,02885
24:B2:B9:04:AB:C1,ClickShare-1863083848,40.08161926,-76.2928772,24:B2:B9,36,wpa2,2026-06-17T20:00:00.000Z,2026-07-24T05:00:00.000Z,,PA,US,Oregon Pike,17543
24:B2:B9:05:48:59,,37.67508698,-97.37120819,24:B2:B9,1,unknown,2026-08-19T15:00:00.000Z,2026-08-26T19:00:00.000Z,Wichita,KS,US,Vietnam Veterans Memorial Highway,67213
24:B2:B9:05:A5:FD,,41.47944641,-93.78001404,24:B2:B9,100,unknown,2026-05-23T20:00:00.000Z,2026-05-23T18:00:00.000Z,West Des Moines,IA,US,I 35,50061
24:B2:B9:05:A7:43,Flock,33.22711563,-96.81913757,24:B2:B9,1,wpa2,2026-06-15T15:00:00.000Z,2026-06-17T11:00:00.000Z,Prosper,TX,US,South Dallas Parkway,75078
24:B2:B9:05:A7:6B,Flock,38.46942139,-121.82234192,24:B2:B9,1,wpa2,2026-06-14T01:00:00.000Z,2026-06-13T19:00:00.000Z,,CA,US,North 1st Street,95620
24:B2:B9:05:A8:11,,30.21971321,-97.82675171,24:B2:B9,10,unknown,2026-03-03T19:00:00.000Z,2026-07-14T20:00:00.000Z,Austin,TX,US,Brodie Lane,78749
24:B2:B9:05:A8:9B,<hidden>,41.43955612,-81.49642181,24:B2:B9,8,none,2026-07-02T22:00:00.000Z,2026-07-02T16:00:00.000Z,,OH,US,I 271 Express,44122
24:B2:B9:05:A9:DF,,27.76704216,-80.55130768,24:B2:B9,1,unknown,2026-06-06T00:00:00.000Z,2026-06-07T09:00:00.000Z,,FL,US,I 95,32961
24:B2:B9:06:B2:79,UFSM_CTISM,-29.71211433,-53.71857071,24:B2:B9,8,none,2026-08-14T15:00:00.000Z,2026-08-15T11:00:00.000Z,Santa Maria,Rio Grande do Sul,BR,Rua Oeste 6,97105-900
24:B2:B9:07:85:6B,,49.26026154,-123.25721741,24:B2:B9,11,wpa2,2026-08-06T22:00:00.000Z,2026-08-06T16:00:00.000Z,Electoral Area A,British Columbia,CA,Northwest Marine Drive,V6T
24:B2:B9:08:23:6B,,51.53287888,-0.21807808,24:B2:B9,6,unknown,2026-05-15T18:00:00.000Z,2026-05-20T00:00:00.000Z,London,England,GB,Kempe Road,NW10 3JL
24:B2:B9:09:15:A8,,41.69861221,-73.91921234,24:B2:B9,0,none,2026-01-23T16:00:00.000Z,2026-01-23T09:00:00.000Z,,NY,US,Church Street,12601
24:B2:B9:0A:BD:87,,47.22731781,-122.29393768,24:B2:B9,11,wpa2,2026-08-14T15:00:00.000Z,2026-08-14T08:00:00.000Z,,WA,US,Meridian Avenue East,98372
24:B2:B9:0B:71:51,,-29.70627403,-53.79825592,24:B2:B9,6,none,2026-08-17T08:00:00.000Z,2026-08-21T12:00:00.000Z,Santa Maria,Rio Grande do Sul,BR,Rodovia da Integração,97060-090
24:B2:B9:0C:3F:C7,,-29.71306992,-53.71909714,24:B2:B9,6,none,2026-08-17T09:00:00.000Z,2026-08-21T12:00:00.000Z,Santa Maria,Rio Grande do Sul,BR,Rua Oeste 10,97105-900
24:B2:B9:0C:92:4B,,47.10796356,-122.39479828,24:B2:B9,1,wpa2,2026-07-21T23:00:00.000Z,2026-07-21T17:00:00.000Z,,WA,US,Military Road East,98445
24:B2:B9:0D:56:B3,,30.26859093,-98.86273193,24:B2:B9,0,unknown,2026-02-02T10:00:00.000Z,2026-02-02T17:00:00.000Z,Fredericksburg,TX,US,East Main Street,76824
24:B2:B9:0D:58:03,,30.14899063,-97.84241486,24:B2:B9,161,unknown,2026-03-29T22:00:00.000Z,2026-03-29T19:00:00.000Z,Austin,TX,US,Rancho Alto Road,78748
24:B2:B9:0D:8E:8F,,33.68426514,-117.80702972,24:B2:B9,4,none,2026-08-01T11:00:00.000Z,2026-08-01T21:00:00.000Z,Irvine,CA,US,Pinestone,92604
24:B2:B9:0D:B6:F7,,30.39621735,-97.74501801,24:B2:B9,0,unknown,2026-05-21T11:00:00.000Z,2026-05-21T18:00:00.000Z,Austin,TX,US,Research Boulevard,78759
24:B2:B9:0F:68:E7,,30.35224342,-97.40653992,24:B2:B9,0,unknown,2026-03-24T11:00:00.000Z,2026-04-01T05:00:00.000Z,Elgin,TX,US,West US Highway 290,78621
24:B2:B9:10:D7:F9,,41.59982681,-93.75795746,24:B2:B9,1,unknown,2026-08-20T11:00:00.000Z,2026-08-21T00:00:00.000Z,West Des Moines,IA,US,University Avenue,50266
24:B2:B9:11:51:8D,,34.01554871,-118.28061676,24:B2:B9,1,wpa2,2026-07-08T23:00:00.000Z,2026-07-08T17:00:00.000Z,Los Angeles,CA,US,I-110 Metro ExpressLanes,90089-0871
24:B2:B9:13:3C:29,,51.11294174,17.12210655,24:B2:B9,1,none,2026-08-24T20:00:00.000Z,2026-08-24T12:00:00.000Z,,województwo dolnośląskie,PL,Ferdynanda Magellana,51-505
24:B2:B9:13:B2:33,,35.81295776,-90.71521759,24:B2:B9,6,wpa2,2026-07-30T03:00:00.000Z,2026-07-29T22:00:00.000Z,Jonesboro,AR,US,Southwest Drive,72401
24:B2:B9:17:DB:BF,,38.21678543,-85.67617798,24:B2:B9,0,wpa2,2026-03-31T20:00:00.000Z,2026-04-01T11:00:00.000Z,Louisville,KY,US,Bardstown Road,40205
24:B2:B9:19:B4:31,,48.99840164,12.09603786,24:B2:B9,2,unknown,2025-11-18T14:00:00.000Z,2025-11-18T09:00:00.000Z,Regensburg,Bayern,DE,Universitätsstraße,93053
24:B2:B9:1B:1D:4F,24:b2:b9:1b:1d:4f,42.54399109,-83.21411896,24:B2:B9,9,none,2025-09-04T17:00:00.000Z,2025-09-04T18:00:00.000Z,,MI,US,East Brown Street,48009
24:B2:B9:21:27:2F,,37.67296219,-97.37962341,24:B2:B9,1,unknown,2026-05-03T05:00:00.000Z,2026-05-09T18:00:00.000Z,Wichita,KS,US,West McCormick Street,67213
24:B2:B9:25:A9:13,,39.96265411,-75.2525177,24:B2:B9,149,wpa2,2026-08-13T18:00:00.000Z,2026-08-13T11:00:00.000Z,,PA,US,Market Street,19082
24:B2:B9:25:C0:9D,,42.02658081,-93.57145691,24:B2:B9,40,unknown,2026-07-29T08:00:00.000Z,2026-07-29T20:00:00.000Z,Ames,IA,US,I 35,50019
24:B2:B9:25:E4:DF,,42.29276276,-71.12136078,24:B2:B9,1,wpa2,2026-06-21T20:00:00.000Z,2026-06-21T13:00:00.000Z,Boston,MA,US,Archdale Road,02131
24:B2:B9:26:F8:B3,,41.60276413,-93.50333405,24:B2:B9,44,unknown,2026-06-10T20:00:00.000Z,2026-06-10T17:00:00.000Z,,IA,US,Northeast 56th Street,50009
24:B2:B9:27:54:13,,51.16283035,17.16559601,24:B2:B9,2,none,2026-08-22T14:00:00.000Z,2026-08-22T05:00:00.000Z,,województwo dolnośląskie,PL,Kiełczowska,55-095
24:B2:B9:27:92:57,,51.08109665,-114.00600433,24:B2:B9,40,unknown,2025-12-20T19:00:00.000Z,2025-12-20T14:00:00.000Z,Calgary,Alberta,CA,30 Ave NE,T2E 7B2
24:B2:B9:27:EB:29,,33.80234909,-118.07208252,24:B2:B9,3,wpa2,2026-07-24T16:00:00.000Z,2026-08-13T10:00:00.000Z,,CA,US,Los Alamitos Boulevard,90702
24:B2:B9:28:F5:DB,,47.73174667,-116.88542938,24:B2:B9,161,none,2026-08-25T06:00:00.000Z,2026-08-25T07:00:00.000Z,,ID,US,East Fennec Fox Lane,
24:B2:B9:29:1B:17,,30.60372734,-94.94258118,24:B2:B9,44,none,2026-08-14T13:00:00.000Z,2026-08-14T21:00:00.000Z,Goodrich,TX,US,US 59,
24:B2:B9:29:3A:6B,,33.80817795,-118.35926819,24:B2:B9,6,wpa2,2026-06-04T00:00:00.000Z,2026-07-29T18:00:00.000Z,Torrance,CA,US,Pacific Coast Highway,90505
24:B2:B9:29:A1:FF,,44.9225769,-73.12840271,24:B2:B9,153,unknown,2026-05-22T21:00:00.000Z,2026-05-22T22:00:00.000Z,Swanton,VT,US,North River Street,05488
24:B2:B9:29:E3:1F,,42.98675919,-71.41571045,24:B2:B9,1,wpa2,2026-08-18T18:00:00.000Z,2026-08-18T14:00:00.000Z,Manchester,NH,US,I 93;NH 101,03109
24:B2:B9:2A:62:75,,30.11160278,-97.34827423,24:B2:B9,0,unknown,2026-03-26T09:00:00.000Z,2026-04-01T05:00:00.000Z,,TX,US,State Highway 71 West,78602
24:B2:B9:2A:AE:65,,30.39925385,-97.74010468,24:B2:B9,0,unknown,2026-03-16T09:00:00.000Z,2026-05-21T18:00:00.000Z,Austin,TX,US,West Braker Lane,78759
24:B2:B9:2A:C1:79,,30.39940643,-97.74042511,24:B2:B9,0,unknown,2026-03-16T09:00:00.000Z,2026-05-21T18:00:00.000Z,Austin,TX,US,West Braker Lane,78759
24:B2:B9:2C:02:D7,Costco Member Wifi,37.51382828,-77.60505676,24:B2:B9,1,unknown,2025-07-11T18:00:00.000Z,2025-07-20T17:00:00.000Z,Richmond,VA,US,Mall Drive,23235
24:B2:B9:2D:3C:95,,51.08204269,-114.20046997,24:B2:B9,136,unknown,2025-12-23T16:00:00.000Z,2025-12-23T13:00:00.000Z,Calgary,Alberta,CA,16 Avenue NW,T3B 3R6
24:B2:B9:2D:3C:99,,51.13594818,-114.11990356,24:B2:B9,157,unknown,2025-11-28T18:00:00.000Z,2025-11-28T15:00:00.000Z,Calgary,Alberta,CA,MacEwan Park Rise NW,T3K 4K2
24:B2:B9:2D:5F:7D,,28.17133713,-82.41404724,24:B2:B9,36,unknown,2026-06-13T19:00:00.000Z,2026-06-18T03:00:00.000Z,,FL,US,County Line Road,33559
24:B2:B9:2D:5F:B1,,42.29732895,-71.11665344,24:B2:B9,1,wpa2,2026-06-28T19:00:00.000Z,2026-06-28T13:00:00.000Z,Boston,MA,US,Washington Street,02130-3500
24:B2:B9:2D:5F:DB,,45.61577988,-73.62947083,24:B2:B9,0,unknown,2025-08-19T16:00:00.000Z,2025-08-23T06:00:00.000Z,Montréal,Québec,CA,Boulevard Lacordaire,H1G 4V1
24:B2:B9:2E:B2:9F,Flock,29.62862396,-82.43608856,24:B2:B9,7,none,2026-08-19T07:00:00.000Z,2026-08-19T23:00:00.000Z,,FL,US,Southwest 87th Drive,32607:32608
24:B2:B9:2E:F6:DF,,45.61577988,-73.62947083,24:B2:B9,0,unknown,2025-08-19T16:00:00.000Z,2025-08-23T06:00:00.000Z,Montréal,Québec,CA,Boulevard Lacordaire,H1G 4V1
24:B2:B9:30:0C:19,,45.61577606,-73.6294632,24:B2:B9,0,unknown,2025-08-19T16:00:00.000Z,2025-08-23T06:00:00.000Z,Montréal,Québec,CA,Boulevard Lacordaire,H1G 4V1
24:B2:B9:30:0C:1B,,45.61577988,-73.62947083,24:B2:B9,0,unknown,2025-08-19T16:00:00.000Z,2025-08-23T06:00:00.000Z,Montréal,Québec,CA,Boulevard Lacordaire,H1G 4V1
24:B2:B9:30:0C:FF,,40.58031464,-74.60573578,24:B2:B9,8,unknown,2026-06-17T15:00:00.000Z,2026-06-17T09:00:00.000Z,,NJ,US,US 22,08812
24:B2:B9:30:13:F7,,40.83540344,-73.37130737,24:B2:B9,3,unknown,2025-08-05T20:00:00.000Z,2025-08-05T14:00:00.000Z,,NY,US,East Jericho Turnpike,11740
24:B2:B9:30:3E:37,Flock,36.91840363,-121.7838974,24:B2:B9,2,none,2026-08-26T09:00:00.000Z,2026-08-26T15:00:00.000Z,Watsonville,CA,US,South Green Valley Road,95019
24:B2:B9:30:9E:89,,45.61577988,-73.62947083,24:B2:B9,0,unknown,2025-08-19T16:00:00.000Z,2025-08-23T06:00:00.000Z,Montréal,Québec,CA,Boulevard Lacordaire,H1G 4V1
24:B2:B9:30:9F:15,,48.09549713,-122.18505096,24:B2:B9,1,wpa2,2026-07-20T11:00:00.000Z,2026-07-20T06:00:00.000Z,,WA,US,I 5,98271
24:B2:B9:30:9F:B9,,45.61577988,-73.62947083,24:B2:B9,0,unknown,2025-08-19T16:00:00.000Z,2025-08-23T06:00:00.000Z,Montréal,Québec,CA,Boulevard Lacordaire,H1G 4V1
24:B2:B9:30:D8:AB,Flock,34.09604645,-117.64846802,24:B2:B9,157,none,2026-08-20T13:00:00.000Z,2026-08-20T19:00:00.000Z,,CA,US,,
24:B2:B9:31:22:D5,,41.60071564,-93.54234314,24:B2:B9,149,unknown,2026-06-10T21:00:00.000Z,2026-06-10T17:00:00.000Z,Des Moines,IA,US,East University Avenue,50317
24:B2:B9:31:58:21,,41.65522766,-93.62049866,24:B2:B9,4,unknown,2026-05-19T18:00:00.000Z,2026-05-19T20:00:00.000Z,,IA,US,Northwest 52nd Avenue,50313-2213
24:B2:B9:32:AE:7B,,27.81275368,-82.7000885,24:B2:B9,40,unknown,2025-10-20T23:00:00.000Z,2025-12-05T04:00:00.000Z,Pinellas Park,FL,US,49th Street,33782
24:B2:B9:33:91:91,,35.76536942,-78.78325653,24:B2:B9,1,wpa2,2026-05-31T22:00:00.000Z,2026-05-31T16:00:00.000Z,,NC,US,Kildaire Farm Road,27511-9998
24:B2:B9:33:C6:95,,30.32990074,-97.68010712,24:B2:B9,0,unknown,2026-03-24T11:00:00.000Z,2026-04-01T05:00:00.000Z,Austin,TX,US,US 183,78753:78754
24:B2:B9:36:A3:99,,33.84754562,-118.27230835,24:B2:B9,11,wpa2,2026-07-24T06:00:00.000Z,2026-07-31T13:00:00.000Z,Carson,CA,US,San Diego Freeway,90745
24:B2:B9:37:E5:6F,0,43.47184372,-72.97719574,24:B2:B9,149,unknown,2025-10-25T00:00:00.000Z,2026-04-18T19:00:00.000Z,,VT,US,North Main Street,05773
24:B2:B9:38:5F:F5,,-29.68806458,-53.81066895,24:B2:B9,1,none,2026-08-21T14:00:00.000Z,2026-08-21T12:00:00.000Z,Santa Maria,Rio Grande do Sul,BR,Rua Coronel Niederauer,97015-003
24:B2:B9:38:74:C9,,47.48428726,-122.21568298,24:B2:B9,6,wpa2,2026-08-05T01:00:00.000Z,2026-08-04T21:00:00.000Z,,WA,US,Lake Avenue South,98057
24:B2:B9:39:6D:21,,34.08997726,-117.74885559,24:B2:B9,48,none,2026-08-20T13:00:00.000Z,2026-08-20T19:00:00.000Z,Pomona,CA,US,Arrow Highway,91767
24:B2:B9:39:F2:6D,,37.40431595,-79.22090149,24:B2:B9,1,unknown,2026-03-23T00:00:00.000Z,2026-03-31T02:00:00.000Z,Lynchburg,VA,US,Old Forest Road,24501
24:B2:B9:3A:7B:B5,,-29.68993759,-53.81373978,24:B2:B9,1,none,2026-08-15T14:00:00.000Z,2026-08-15T11:00:00.000Z,Santa Maria,Rio Grande do Sul,BR,Rua Conde de Porto Alegre,97015-110
24:B2:B9:3C:3E:27,,30.57107353,-97.40981293,24:B2:B9,0,unknown,2025-06-12T11:00:00.000Z,2025-06-13T09:00:00.000Z,,TX,US,North Main Street,76574
24:B2:B9:3C:7B:17,,45.53489304,-122.63066864,24:B2:B9,6,wpa2,2026-08-16T03:00:00.000Z,2026-08-20T20:00:00.000Z,Portland,OR,US,Northeast 33rd Avenue,97232
24:B2:B9:3C:D0:47,,50.0811882,19.92574883,24:B2:B9,1,none,2026-08-30T18:00:00.000Z,2026-08-30T11:00:00.000Z,Kraków,województwo małopolskie,PL,Poznańska,30-012
24:B2:B9:3D:92:A3,,18.47491264,-69.93543243,24:B2:B9,48,none,2026-08-25T07:00:00.000Z,2026-08-25T04:00:00.000Z,,Distrito Nacional,DO,Avenida Gustavo Mejía Ricart,10122
24:B2:B9:3D:D1:01,,41.58711243,-93.61888885,24:B2:B9,5,unknown,2026-07-03T16:00:00.000Z,2026-07-03T11:00:00.000Z,Des Moines,IA,US,Walnut Street,50309
24:B2:B9:3E:B1:5B,,49.25378418,-123.10105133,24:B2:B9,11,wpa2,2026-08-08T21:00:00.000Z,2026-08-08T18:00:00.000Z,Vancouver,British Columbia,CA,East 19th Avenue,V5V
24:B2:B9:3E:BE:39,,47.09469986,-122.35659027,24:B2:B9,11,wpa2,2026-07-21T23:00:00.000Z,2026-07-21T17:00:00.000Z,,WA,US,Canyon Road East,98375
24:B2:B9:41:C4:25,,45.64569473,-73.57090759,24:B2:B9,0,unknown,2025-07-01T13:00:00.000Z,2025-07-08T15:00:00.000Z,Montréal,Québec,CA,Boulevard Maurice-Duplessis,H1E 7E4
24:B2:B9:42:7F:33,,40.54573059,-74.41944122,24:B2:B9,6,unknown,2026-05-12T15:00:00.000Z,2026-06-19T18:00:00.000Z,,NJ,US,Corporate Boulevard,07080
24:B2:B9:44:03:4F,,43.586689,-72.96952057,24:B2:B9,149,unknown,2025-06-29T19:00:00.000Z,2025-07-05T17:00:00.000Z,Rutland,VT,US,Randbury Road,05701
24:B2:B9:44:58:A9,,47.67750168,-116.80963135,24:B2:B9,11,none,2026-08-26T15:00:00.000Z,2026-08-26T17:00:00.000Z,,ID,US,US 95,83814-9510
24:B2:B9:46:59:1B,,48.15245438,-122.18871307,24:B2:B9,1,wpa2,2026-07-15T20:00:00.000Z,2026-07-15T15:00:00.000Z,,WA,US,I 5,09223
24:B2:B9:46:E3:21,,37.51356888,-77.60502625,24:B2:B9,7,unknown,2025-07-11T18:00:00.000Z,2025-07-20T17:00:00.000Z,Richmond,VA,US,Mall Drive,23235
24:B2:B9:47:01:67,,34.10265732,-117.43442535,24:B2:B9,11,unknown,2025-11-13T16:00:00.000Z,2025-11-20T17:00:00.000Z,Fontana,CA,US,Wheeler Avenue,92336
24:B2:B9:48:45:59,,40.06121063,-83.0402298,24:B2:B9,44,none,2026-08-26T20:00:00.000Z,2026-08-26T20:00:00.000Z,Columbus,OH,US,Bethel Road,43214:43220
24:B2:B9:48:7B:C9,24:B2:B9:48:7B:C9,-59.0,40.73693848,24:B2:B9,100,unknown,2026-03-17T15:00:00.000Z,2026-03-18T22:00:00.000Z,,,,,
24:B2:B9:48:7B:F3,,38.62612915,-90.34241486,24:B2:B9,64,wpa2,2026-08-28T17:00:00.000Z,2026-08-28T13:00:00.000Z,,MO,US,Brentwood Promenade Court,93144
24:B2:B9:48:A9:27,,37.5393219,-77.42692566,24:B2:B9,4,unknown,2026-03-14T03:00:00.000Z,2026-03-15T08:00:00.000Z,Richmond,VA,US,I 95,23298
24:B2:B9:48:B5:3F,Flock,47.6708107,-116.78213501,24:B2:B9,9,none,2026-08-20T13:00:00.000Z,2026-08-20T17:00:00.000Z,Coeur d'Alene,ID,US,East Front Avenue,83814
24:B2:B9:48:C3:41,,39.91324615,-86.07070923,24:B2:B9,48,unknown,2026-04-09T16:00:00.000Z,2026-04-09T19:00:00.000Z,Indianapolis,IN,US,East 86th Street,46250
24:B2:B9:49:45:99,,43.96432114,-72.11476135,24:B2:B9,157,none,2026-08-28T16:00:00.000Z,2026-08-28T21:00:00.000Z,,VT,US,Lower Plain,05033
24:B2:B9:49:46:17,,45.64577103,-73.57080841,24:B2:B9,0,unknown,2025-07-01T13:00:00.000Z,2025-07-08T15:00:00.000Z,Montréal,Québec,CA,Boulevard Maurice-Duplessis,H1E 7E4
24:B2:B9:49:46:3F,,45.64582443,-73.5717392,24:B2:B9,0,unknown,2025-07-01T13:00:00.000Z,2025-07-08T15:00:00.000Z,Montréal,Québec,CA,Boulevard Maurice-Duplessis,H1E 7E4
24:B2:B9:49:FB:33,,35.82873917,-78.77186584,24:B2:B9,1,wpa2,2026-06-22T19:00:00.000Z,2026-06-22T14:00:00.000Z,,NC,US,Weston Parkway,27513
24:B2:B9:4A:25:EF,,25.97135544,-80.28326416,24:B2:B9,48,unknown,2026-06-06T02:00:00.000Z,2026-06-07T09:00:00.000Z,Miramar,FL,US,Homestead Extension of Florida's Turnpike,33055:33169
24:B2:B9:4B:BA:45,,28.57159233,-81.20781708,24:B2:B9,36,unknown,2026-06-07T22:00:00.000Z,2026-06-19T14:00:00.000Z,,FL,US,Alafaya Trail,32826
24:B2:B9:4B:C6:A7,,28.01539421,-82.13564301,24:B2:B9,6,none,2026-08-19T03:00:00.000Z,2026-08-19T06:00:00.000Z,,FL,US,Thonotosassa Road,33563
24:B2:B9:4D:1A:89,,43.9085083,-72.14121246,24:B2:B9,10,none,2026-08-28T16:00:00.000Z,2026-08-28T21:00:00.000Z,,VT,US,U.S. Route 5 North,05045
24:B2:B9:4D:E0:37,,-27.59189796,151.93913269,24:B2:B9,40,none,2026-06-20T10:00:00.000Z,2026-06-21T07:00:00.000Z,Toowoomba,Queensland,AU,Stenner Street,4250
24:B2:B9:4E:04:03,,41.59984207,-93.75772095,24:B2:B9,149,unknown,2026-06-12T22:00:00.000Z,2026-06-12T20:00:00.000Z,West Des Moines,IA,US,University Avenue,50266
24:B2:B9:4E:51:BB,,27.84028053,-82.79383087,24:B2:B9,44,unknown,2025-10-13T21:00:00.000Z,2025-10-14T12:00:00.000Z,,FL,US,Park Boulevard North,33776
24:B2:B9:4E:60:0F,,28.57146454,-81.20761871,24:B2:B9,1,unknown,2026-06-06T22:00:00.000Z,2026-07-18T18:00:00.000Z,,FL,US,Alafaya Trail,32826
24:B2:B9:4E:B0:2D,,30.27287102,-98.86910248,24:B2:B9,0,unknown,2026-05-29T09:00:00.000Z,2026-06-01T05:00:00.000Z,Fredericksburg,TX,US,East Main Street,78624
24:B2:B9:50:10:5D,Flock,-34.97135925,138.57319641,24:B2:B9,11,none,2026-08-28T11:00:00.000Z,2026-08-27T20:00:00.000Z,Adelaide,South Australia,AU,South Road,5039
24:B2:B9:50:E5:81,,40.81189728,-91.16907501,24:B2:B9,6,unknown,2026-06-15T17:00:00.000Z,2026-06-15T11:00:00.000Z,,IA,US,West Agency Road,52655
24:B2:B9:51:1C:A9,Flock,39.99811172,-82.88487244,24:B2:B9,157,none,2026-08-18T22:00:00.000Z,2026-08-19T21:00:00.000Z,Columbus,OH,US,Ticketing; Check-In,43213
24:B2:B9:51:9C:B1,,43.04387665,-71.46777344,24:B2:B9,0,unknown,2025-11-16T09:00:00.000Z,2026-07-16T13:00:00.000Z,,NH,US,Market Drive,03105
24:B2:B9:51:F3:C5,,45.33394623,-122.76966095,24:B2:B9,11,wpa2,2026-07-24T13:00:00.000Z,2026-07-24T07:00:00.000Z,,OR,US,Robert Hugh Baldock Freeway,97070
24:B2:B9:51:F5:FB,,42.14282227,-77.05464172,24:B2:B9,153,unknown,2026-07-22T21:00:00.000Z,2026-07-23T05:00:00.000Z,,NY,US,,14830-2786
24:B2:B9:52:0C:05,,30.21037483,-97.11510468,24:B2:B9,0,unknown,2025-10-07T13:00:00.000Z,2025-10-07T17:00:00.000Z,,TX,US,US 290,
24:B2:B9:52:7B:A9,,28.57149887,-81.20769501,24:B2:B9,1,unknown,2026-06-07T22:00:00.000Z,2026-06-19T14:00:00.000Z,,FL,US,Alafaya Trail,32826
24:B2:B9:52:A7:F5,,34.10730743,-117.53777313,24:B2:B9,6,unknown,2025-11-12T21:00:00.000Z,2025-11-20T17:00:00.000Z,Rancho Cucamonga,CA,US,Foothill Boulevard,91739
24:B2:B9:52:CC:B7,,30.11281013,-97.34936523,24:B2:B9,0,unknown,2026-05-12T09:00:00.000Z,2026-05-12T17:00:00.000Z,,TX,US,Edward Burleson Lane,78602
24:B2:B9:53:7C:FB,,43.04388428,-71.46778107,24:B2:B9,0,unknown,2025-11-16T09:00:00.000Z,2026-07-16T13:00:00.000Z,,NH,US,Market Drive,03105
24:B2:B9:53:94:6D,,43.024189,-71.07582855,24:B2:B9,0,unknown,2025-11-15T06:00:00.000Z,2026-07-16T13:00:00.000Z,,NH,US,Calef Highway,03042
24:B2:B9:53:9C:ED,,39.33423233,-76.47717285,24:B2:B9,48,unknown,2026-06-25T05:00:00.000Z,2026-08-02T20:00:00.000Z,,MD,US,Rossville Boulevard,21221
24:B2:B9:53:A7:97,,35.8396492,-78.81008911,24:B2:B9,1,wpa2,2026-06-12T19:00:00.000Z,2026-07-14T13:00:00.000Z,,NC,US,Aviation Parkway,27560
24:B2:B9:53:BD:BF,,33.80305862,-118.07816315,24:B2:B9,8,wpa2,2026-08-01T05:00:00.000Z,2026-07-31T22:00:00.000Z,,CA,US,West Katella Avenue,90702
24:B2:B9:53:C9:F7,,39.87125015,-105.02518463,24:B2:B9,11,wpa2,2026-05-26T15:00:00.000Z,2026-05-26T09:00:00.000Z,Westminster,CO,US,Federal Boulevard,80260
24:B2:B9:53:CA:4B,,39.35787964,-76.44902039,24:B2:B9,4,unknown,2026-06-27T01:00:00.000Z,2026-06-28T20:00:00.000Z,,MD,US,Pulaski Highway,21220
24:B2:B9:53:D1:19,0H`l,43.23889542,-77.62225342,24:B2:B9,3,none,2026-07-16T09:00:00.000Z,2026-07-16T04:00:00.000Z,City of Rochester,NY,US,Lake Avenue,14612
24:B2:B9:53:D7:EF,24:B2:B9:53:D7:EF,40.89252853,-74.30567169,24:B2:B9,1,unknown,2026-03-17T15:00:00.000Z,2026-07-19T06:00:00.000Z,,NJ,US,I 80,07004
24:B2:B9:53:DB:23,,35.84014511,-78.80930328,24:B2:B9,9,wpa2,2026-06-22T19:00:00.000Z,2026-06-22T14:00:00.000Z,,NC,US,Aviation Parkway,27560
24:B2:B9:53:EB:65,,28.5710392,-81.20767975,24:B2:B9,157,unknown,2026-06-06T22:00:00.000Z,2026-07-18T19:00:00.000Z,,FL,US,Alafaya Trail,32826
24:B2:B9:53:ED:6F,nuc-00658,45.47577667,-75.69690704,24:B2:B9,1,wpa2,2025-07-26T14:00:00.000Z,2025-11-30T15:00:00.000Z,Gatineau,Québec,CA,Boulevard Maloney Ouest,J8T 6G3
24:B2:B9:53:ED:71,nuc-00654,45.44933319,-122.7806015,24:B2:B9,1,wpa2,2025-11-12T19:00:00.000Z,2025-12-16T21:00:00.000Z,Tigard,OR,US,Southwest Washington Square Road,97223
24:B2:B9:53:F1:25,nuc-00647,35.9046402,-78.94192505,24:B2:B9,1,wpa2,2026-03-29T15:00:00.000Z,2026-03-29T09:00:00.000Z,Durham,NC,US,Fayetteville Road,27713
24:B2:B9:54:18:81,Flock,47.71588516,-116.90511322,24:B2:B9,5,none,2026-08-22T08:00:00.000Z,2026-08-22T09:00:00.000Z,,ID,US,East Mullan Avenue,83854
24:B2:B9:54:6E:07,,43.02411652,-71.07589722,24:B2:B9,0,unknown,2025-11-13T14:00:00.000Z,2026-07-16T14:00:00.000Z,,NH,US,Calef Highway,03042
24:B2:B9:54:91:85,,27.81042671,-82.79141235,24:B2:B9,4,unknown,2025-10-13T20:00:00.000Z,2025-10-14T12:00:00.000Z,,FL,US,Duhme Road,33708
24:B2:B9:54:E2:9F,,28.40537453,-80.7026062,24:B2:B9,1,unknown,2026-07-04T02:00:00.000Z,2026-07-18T18:00:00.000Z,,FL,US,Bennett Causeway,32953
24:B2:B9:55:F2:89,,27.84060669,-82.79401398,24:B2:B9,165,unknown,2025-10-01T21:00:00.000Z,2025-10-23T13:00:00.000Z,,FL,US,Park Boulevard North,33776
24:B2:B9:56:94:91,,28.09779739,-80.66505432,24:B2:B9,11,wpa2,2026-08-09T20:00:00.000Z,2026-08-10T01:00:00.000Z,Melbourne,FL,US,West Nasa Boulevard,32904
24:B2:B9:57:3E:F9,,39.95956039,-75.23383331,24:B2:B9,11,wpa2,2026-08-13T18:00:00.000Z,2026-08-13T11:00:00.000Z,Philadelphia,PA,US,Chestnut Street,19139
24:B2:B9:58:D4:65,,38.20629501,-85.68468475,24:B2:B9,0,wpa2,2026-01-23T18:00:00.000Z,2026-01-29T17:00:00.000Z,Louisville,KY,US,Gardiner Lane,40205
24:B2:B9:58:EE:57,Flock,34.0559845,-118.13497162,24:B2:B9,44,none,2026-08-17T14:00:00.000Z,2026-08-21T17:00:00.000Z,,CA,US,South Atlantic Boulevard,91754
24:B2:B9:59:4F:91,,39.39705658,-76.54485321,24:B2:B9,149,unknown,2026-06-22T02:00:00.000Z,2026-08-26T21:00:00.000Z,,MD,US,East Joppa Road,21234
24:B2:B9:5B:48:F5,,47.19723511,-122.28981781,24:B2:B9,1,wpa2,2026-08-14T15:00:00.000Z,2026-08-28T17:00:00.000Z,,WA,US,4th Street Northeast,98372-3008
24:B2:B9:5B:73:0D,,38.60489655,-90.22294617,24:B2:B9,153,wpa2,2026-08-26T16:00:00.000Z,2026-08-26T09:00:00.000Z,Saint Louis,MO,US,Gravois Avenue,63104
24:B2:B9:5B:DD:7F,,41.58649063,-93.61956787,24:B2:B9,48,unknown,2026-08-13T12:00:00.000Z,2026-08-21T00:00:00.000Z,Des Moines,IA,US,2nd Avenue,50309
24:B2:B9:5B:DD:9B,,41.58666611,-93.61963654,24:B2:B9,3,unknown,2026-08-13T12:00:00.000Z,2026-08-13T18:00:00.000Z,Des Moines,IA,US,2nd Avenue,50309
24:B2:B9:5D:2D:59,,34.14383698,-118.80223846,24:B2:B9,56,none,2026-08-04T16:00:00.000Z,2026-08-04T22:00:00.000Z,Westlake Village,CA,US,Oak Crest Drive,91361
24:B2:B9:5E:8B:4B,,45.53941727,-122.95707703,24:B2:B9,1,wpa2,2026-08-17T01:00:00.000Z,2026-08-20T20:00:00.000Z,Hillsboro,OR,US,Northeast 25th Avenue,97124
24:B2:B9:5E:AC:C1,,39.95948792,-75.23360443,24:B2:B9,149,wpa2,2026-08-13T18:00:00.000Z,2026-08-13T11:00:00.000Z,Philadelphia,PA,US,Chestnut Street,19139
24:B2:B9:60:DE:95,Flock,-34.99795914,138.57521057,24:B2:B9,4,none,2026-08-28T11:00:00.000Z,2026-08-27T20:00:00.000Z,Adelaide,South Australia,AU,South Road,5042
24:B2:B9:60:F1:99,,46.60647583,-112.02110291,24:B2:B9,8,none,2026-08-21T10:00:00.000Z,2026-08-21T10:00:00.000Z,Helena,MT,US,North Last Chance Gulch Street,59624
24:B2:B9:61:21:CD,,45.40882492,-122.74714661,24:B2:B9,11,wpa2,2026-08-01T19:00:00.000Z,2026-08-01T15:00:00.000Z,Tigard,OR,US,Southwest Sequoia Parkway,97224
24:B2:B9:63:63:09,,27.92313385,-82.27046204,24:B2:B9,1,none,2026-08-18T12:00:00.000Z,2026-08-18T06:00:00.000Z,Brandon,FL,US,East Lumsden Road,33511
24:B2:B9:64:15:11,,35.84772491,-78.80288696,24:B2:B9,11,wpa2,2026-06-02T12:00:00.000Z,2026-08-05T10:00:00.000Z,,NC,US,Gateway Centre Boulevard,27560-9194
24:B2:B9:64:15:95,,35.84764862,-78.80282593,24:B2:B9,1,wpa2,2026-06-02T12:00:00.000Z,2026-08-10T06:00:00.000Z,,NC,US,Gateway Centre Boulevard,27560-9194
24:B2:B9:65:3C:37,Flock,47.6931076,-116.80259705,24:B2:B9,11,none,2026-08-21T14:00:00.000Z,2026-08-21T16:00:00.000Z,Coeur d'Alene,ID,US,Northwest Boulevard,83814-9510
24:B2:B9:65:63:C5,,30.51352501,-84.22299957,24:B2:B9,44,unknown,2025-10-10T21:00:00.000Z,2025-10-13T18:00:00.000Z,Tallahassee,FL,US,Shamrock Street,
24:B2:B9:65:6E:49,,30.22087288,-81.58061218,24:B2:B9,48,unknown,2025-10-12T12:00:00.000Z,2025-10-13T18:00:00.000Z,Jacksonville,FL,US,Baymeadows Road,32257-5003
24:B2:B9:65:8E:83,,27.83687973,-82.64685822,24:B2:B9,153,unknown,2025-11-05T01:00:00.000Z,2025-11-12T02:00:00.000Z,Saint Petersburg,FL,US,Doctor Martin Luther King Junior Street North,33702
24:B2:B9:65:8F:63,,27.79112816,-82.72916412,24:B2:B9,1,unknown,2025-09-16T23:00:00.000Z,2025-10-06T13:00:00.000Z,Saint Petersburg,FL,US,22nd Avenue North,33710
24:B2:B9:65:F8:BD,,40.67073441,-83.1153717,24:B2:B9,11,none,2026-08-18T19:00:00.000Z,2026-08-18T23:00:00.000Z,,OH,US,US 23,
24:B2:B9:66:20:87,,41.5998497,-93.75776672,24:B2:B9,6,unknown,2026-06-12T22:00:00.000Z,2026-08-21T00:00:00.000Z,West Des Moines,IA,US,University Avenue,50266
24:B2:B9:67:8D:71,Flock,-29.71205902,-53.71821213,24:B2:B9,6,none,2026-08-13T15:00:00.000Z,2026-08-15T11:00:00.000Z,Santa Maria,Rio Grande do Sul,BR,Rua Sul 5,97105-900
24:B2:B9:68:29:21,,43.63799667,-72.27365875,24:B2:B9,6,unknown,2026-07-24T01:00:00.000Z,2026-07-24T06:00:00.000Z,Lebanon,NH,US,Mechanic Street,03766
24:B2:B9:68:64:79,,40.92041397,-74.07109833,24:B2:B9,2,unknown,2025-07-13T20:00:00.000Z,2025-07-13T15:00:00.000Z,,NJ,US,NJ 4,07653
24:B2:B9:68:72:7B,,43.64139557,-72.93192291,24:B2:B9,36,unknown,2025-09-07T02:00:00.000Z,2025-09-06T20:00:00.000Z,Mendon,VT,US,U.S. Route 4,05701
24:B2:B9:68:D0:71,,30.18187332,-96.93218231,24:B2:B9,0,unknown,2026-05-16T10:00:00.000Z,2026-05-16T16:00:00.000Z,,TX,US,South Harris Street,78942
24:B2:B9:6A:C1:5B,Flock,34.28920746,-118.70571899,24:B2:B9,8,none,2026-08-16T17:00:00.000Z,2026-08-17T06:00:00.000Z,Simi Valley,CA,US,Fort Worth Drive,93062
24:B2:B9:6A:F3:9B,,-27.60277176,151.88336182,24:B2:B9,11,none,2026-06-23T04:00:00.000Z,2026-06-22T22:00:00.000Z,,Queensland,AU,Schaefer Court,
24:B2:B9:6E:03:D1,,41.60614777,-93.85328674,24:B2:B9,153,unknown,2026-08-21T21:00:00.000Z,2026-08-21T20:00:00.000Z,,IA,US,Southeast Alice's Road,50263
24:B2:B9:6E:62:91,,42.21468735,-83.61920929,24:B2:B9,157,none,2026-08-26T16:00:00.000Z,2026-08-26T21:00:00.000Z,,MI,US,Whittaker Road,48197
24:B2:B9:6E:C4:C5,Flock,34.27173233,-118.77294922,24:B2:B9,157,none,2026-07-27T16:00:00.000Z,2026-08-17T21:00:00.000Z,Simi Valley,CA,US,East Los Angeles Avenue,93065-6278
24:B2:B9:6F:96:8F,,30.18157959,-96.9298172,24:B2:B9,0,unknown,2025-11-26T12:00:00.000Z,2025-12-01T08:00:00.000Z,,TX,US,East Austin Street,78942
24:B2:B9:70:3E:F7,,34.06718826,-117.6110611,24:B2:B9,6,unknown,2025-11-12T19:00:00.000Z,2025-11-20T17:00:00.000Z,Ontario,CA,US,Vineyard Avenue,91764
24:B2:B9:70:4A:C9,,33.80516434,-117.8891449,24:B2:B9,6,wpa2,2026-08-01T19:00:00.000Z,2026-08-01T12:00:00.000Z,Anaheim,CA,US,South State College Boulevard,92806
24:B2:B9:71:2C:91,,35.78984451,-78.73960114,24:B2:B9,1,wpa2,2026-08-06T20:00:00.000Z,2026-08-10T06:00:00.000Z,Raleigh,NC,US,Chapel Hill Road,27607
24:B2:B9:71:9B:E5,,41.6060524,-93.85334778,24:B2:B9,7,unknown,2026-07-02T20:00:00.000Z,2026-08-13T18:00:00.000Z,,IA,US,Southeast Alice's Road,50263
24:B2:B9:71:D3:E5,,40.57957077,-74.5929184,24:B2:B9,9,unknown,2026-06-17T15:00:00.000Z,2026-06-17T09:00:00.000Z,,NJ,US,US 22,08807
24:B2:B9:72:0C:EF,Flock,34.27173233,-118.77259064,24:B2:B9,1,none,2026-08-11T05:00:00.000Z,2026-08-19T05:00:00.000Z,Simi Valley,CA,US,East Los Angeles Avenue,93065-6278
24:B2:B9:72:0E:53,,34.12701416,-117.93366241,24:B2:B9,157,none,2026-08-23T10:00:00.000Z,2026-08-23T13:00:00.000Z,Irwindale,CA,US,North Irwindale Avenue,91702
24:B2:B9:72:28:03,,48.20197296,16.36028481,24:B2:B9,52,unknown,2026-02-16T10:00:00.000Z,2026-02-16T04:00:00.000Z,Wien,Spittelberg,AT,Museumsplatz,1070
24:B2:B9:72:4E:33,,40.54353333,-74.40647125,24:B2:B9,165,unknown,2026-08-18T17:00:00.000Z,2026-08-28T18:00:00.000Z,,NJ,US,New Durham Road,08854
24:B2:B9:72:A1:A1,,34.10941696,-117.53110504,24:B2:B9,3,unknown,2025-11-12T02:00:00.000Z,2025-11-20T17:00:00.000Z,Rancho Cucamonga,CA,US,Ontario Freeway,91739
24:B2:B9:73:86:9B,,-27.57061005,151.94151306,24:B2:B9,0,none,2026-06-23T07:00:00.000Z,2026-06-24T02:00:00.000Z,Toowoomba,Queensland,AU,West Street,4350
24:B2:B9:73:8C:39,,41.7563324,-81.04599762,24:B2:B9,7,unknown,2024-08-25T19:00:00.000Z,2025-08-08T12:00:00.000Z,,OH,US,South Madison Road,44057
24:B2:B9:74:08:DD,,45.60172272,-73.60654449,24:B2:B9,0,unknown,2025-07-01T09:00:00.000Z,2025-07-01T12:00:00.000Z,Montréal,Québec,CA,Rue Marivaux,H1R 2B7
24:B2:B9:74:46:19,,29.62327003,-82.37779999,24:B2:B9,6,none,2026-08-17T14:00:00.000Z,2026-08-17T14:00:00.000Z,Gainesville,FL,US,Southwest 35 Boulevard,32608
24:B2:B9:74:E1:9B,,27.90992355,-82.35389709,24:B2:B9,6,none,2026-08-20T13:00:00.000Z,2026-08-20T12:00:00.000Z,,FL,US,Camden Field Parkway,33619
24:B2:B9:75:C5:6F,,40.87408447,-74.08820343,24:B2:B9,8,none,2026-08-10T23:00:00.000Z,2026-08-11T08:00:00.000Z,,NJ,US,Main Street Bypass,07644
24:B2:B9:75:D5:59,,28.58700752,-81.20485687,24:B2:B9,1,unknown,2026-06-19T20:00:00.000Z,2026-06-19T14:00:00.000Z,Orlando,FL,US,Research Parkway,32826
24:B2:B9:77:F7:0F,,-27.57045746,151.94154358,24:B2:B9,0,none,2026-06-23T07:00:00.000Z,2026-06-24T02:00:00.000Z,Toowoomba,Queensland,AU,West Street,4350
24:B2:B9:78:1F:99,,40.19700241,-76.8259201,24:B2:B9,1,wpa2,2026-08-13T16:00:00.000Z,2026-08-13T11:00:00.000Z,Fairview Township,PA,US,Pennsylvania Turnpike,17070
24:B2:B9:78:A0:19,,34.1636734,-118.83383179,24:B2:B9,8,none,2026-08-14T09:00:00.000Z,2026-08-15T16:00:00.000Z,Thousand Oaks,CA,US,Ventura Freeway,91361
24:B2:B9:78:B6:1D,,41.60630798,-93.85309601,24:B2:B9,6,unknown,2026-08-13T12:00:00.000Z,2026-08-13T18:00:00.000Z,,IA,US,Southeast Alice's Road,50263
24:B2:B9:78:BF:A3,,40.87409973,-74.08817291,24:B2:B9,4,none,2026-08-10T23:00:00.000Z,2026-08-11T08:00:00.000Z,,NJ,US,Main Street Bypass,07644
24:B2:B9:78:C0:17,,47.93547821,-122.19692993,24:B2:B9,6,wpa2,2026-07-14T12:00:00.000Z,2026-07-14T07:00:00.000Z,Everett,WA,US,I 5,98203-2117
24:B2:B9:79:FC:A7,,39.9225502,-105.10794067,24:B2:B9,11,wpa2,2026-06-22T18:00:00.000Z,2026-07-02T03:00:00.000Z,,CO,US,Denver-Boulder Turnpike,80020
24:B2:B9:7A:B4:27,,33.89037323,-118.30935669,24:B2:B9,11,wpa2,2026-05-23T01:00:00.000Z,2026-06-04T12:00:00.000Z,,CA,US,South Western Avenue,90247-3225
24:B2:B9:7A:E4:9B,,37.69359589,-97.3082962,24:B2:B9,157,unknown,2026-04-30T17:00:00.000Z,2026-05-02T18:00:00.000Z,Wichita,KS,US,East Central Avenue,67208
24:B2:B9:7B:B6:19,Flock,40.82928467,-74.13889313,24:B2:B9,7,none,2026-08-16T09:00:00.000Z,2026-08-19T14:00:00.000Z,,NJ,US,NJ 3,07014
24:B2:B9:7C:97:63,,42.96905899,-78.59268188,24:B2:B9,11,wpa2,2026-07-09T14:00:00.000Z,2026-07-10T19:00:00.000Z,,NY,US,Ransom Road,14031
24:B2:B9:7D:94:79,,47.19165802,-122.22987366,24:B2:B9,11,wpa2,2026-08-12T20:00:00.000Z,2026-08-12T18:00:00.000Z,,WA,US,Orting Highway East,98347
24:B2:B9:7E:40:A1,,37.67934418,-97.36594391,24:B2:B9,36,unknown,2026-05-03T04:00:00.000Z,2026-05-09T18:00:00.000Z,Wichita,KS,US,West Kellogg Drive North,67213
24:B2:B9:7E:7C:79,,30.39567184,-97.7437973,24:B2:B9,0,unknown,2026-03-16T09:00:00.000Z,2026-03-16T17:00:00.000Z,Austin,TX,US,Celeta Lane,78759
24:B2:B9:7E:B0:7F,,30.39567184,-97.7437973,24:B2:B9,0,unknown,2026-03-16T09:00:00.000Z,2026-03-16T17:00:00.000Z,Austin,TX,US,Celeta Lane,78759
24:B2:B9:7F:9D:8D,,40.18169785,-105.12723541,24:B2:B9,13,unknown,2025-11-01T06:00:00.000Z,2025-11-04T21:00:00.000Z,,CO,US,Mountain View Avenue,80501
24:B2:B9:81:C2:8B,,34.14437866,-118.80174255,24:B2:B9,149,none,2026-08-13T11:00:00.000Z,2026-08-15T16:00:00.000Z,Westlake Village,CA,US,Park Terrace Drive,91361
24:B2:B9:81:C6:EB,,38.6450119,-90.25317383,24:B2:B9,157,wpa2,2026-08-27T18:00:00.000Z,2026-08-27T12:00:00.000Z,Saint Louis,MO,US,North Newstead Avenue,63108
24:B2:B9:81:CA:E5,,42.9661026,-78.59604645,24:B2:B9,1,wpa2,2026-07-10T16:00:00.000Z,2026-07-10T19:00:00.000Z,,NY,US,Bergtold Road,14031
24:B2:B9:81:ED:03,,35.90123749,-78.81483459,24:B2:B9,6,wpa2,2026-07-29T13:00:00.000Z,2026-07-30T10:00:00.000Z,Raleigh,NC,US,World Trade Boulevard,27560
24:B2:B9:81:F4:AF,,39.91326904,-86.07068634,24:B2:B9,10,unknown,2026-04-09T17:00:00.000Z,2026-04-09T19:00:00.000Z,Indianapolis,IN,US,East 86th Street,46250
24:B2:B9:82:B6:4F,,27.95915794,-82.17042542,24:B2:B9,6,none,2026-08-18T10:00:00.000Z,2026-08-18T06:00:00.000Z,,FL,US,Turkey Creek Road,33567
24:B2:B9:83:28:2D,,37.67404556,-97.37812042,24:B2:B9,36,unknown,2026-05-03T05:00:00.000Z,2026-05-09T18:00:00.000Z,Wichita,KS,US,West McCormick Street,67213
24:B2:B9:83:28:39,,37.67474747,-97.37495422,24:B2:B9,1,unknown,2026-08-26T14:00:00.000Z,2026-08-26T19:00:00.000Z,Wichita,KS,US,Vietnam Veterans Memorial Highway,67213
24:B2:B9:84:E0:FB,,50.9111824,-1.00198197,24:B2:B9,10,unknown,2026-02-28T05:00:00.000Z,2026-05-07T05:00:00.000Z,East Hampshire,England,GB,Portsmouth Road,PO8 9NL
24:B2:B9:85:57:6F,,50.9111824,-1.00198197,24:B2:B9,10,unknown,2026-02-28T05:00:00.000Z,2026-05-07T05:00:00.000Z,East Hampshire,England,GB,Portsmouth Road,PO8 9NL
24:B2:B9:89:A9:F3,,42.39160919,-83.12600708,24:B2:B9,149,none,2026-08-26T13:00:00.000Z,2026-08-26T11:00:00.000Z,Detroit,MI,US,West Davison Street,48238
24:B2:B9:89:C2:09,,30.1829319,-96.93776703,24:B2:B9,0,unknown,2026-03-04T13:00:00.000Z,2026-06-16T18:00:00.000Z,,TX,US,West Austin Street,78942
24:B2:B9:8A:82:9B,,39.92193222,-105.08506012,24:B2:B9,44,wpa2,2026-07-22T21:00:00.000Z,2026-07-22T18:00:00.000Z,,CO,US,Laurel Street,80020
24:B2:B9:8B:D1:1B,,45.52339935,-122.69780731,24:B2:B9,1,wpa2,2026-08-16T22:00:00.000Z,2026-08-20T20:00:00.000Z,Portland,OR,US,West Burnside Street,97205
24:B2:B9:8B:E8:A1,,-27.56283569,151.95172119,24:B2:B9,149,none,2026-06-25T23:00:00.000Z,2026-06-25T22:00:00.000Z,Toowoomba,Queensland,AU,Duggan Street,4350
24:B2:B9:8B:F8:7B,,44.37707901,-73.2289505,24:B2:B9,153,unknown,2026-07-19T01:00:00.000Z,2026-07-18T21:00:00.000Z,,VT,US,Shelburne Road,05482
24:B2:B9:8C:29:01,,40.33536148,-104.98015594,24:B2:B9,1,unknown,2026-08-10T17:00:00.000Z,2026-08-14T21:00:00.000Z,,CO,US,Highway 60,80534-8740
24:B2:B9:8C:BC:57,,42.38147736,-71.10710144,24:B2:B9,1,wpa2,2026-06-03T22:00:00.000Z,2026-06-03T16:00:00.000Z,Somerville,MA,US,Park Street,02143
24:B2:B9:8D:CF:FB,,39.3401947,-76.5059433,24:B2:B9,6,unknown,2026-05-28T02:00:00.000Z,2026-05-28T18:00:00.000Z,,MD,US,Hazelwood Court,21237
24:B2:B9:90:B4:29,Flock,39.41005707,-79.40724945,24:B2:B9,1,none,2026-08-21T10:00:00.000Z,2026-08-22T11:00:00.000Z,,MD,US,South 2nd Street,21550
24:B2:B9:90:D7:77,,33.85976028,-118.30311584,24:B2:B9,6,wpa2,2026-08-28T19:00:00.000Z,2026-08-28T14:00:00.000Z,Los Angeles,CA,US,San Diego Freeway,90248-4007
24:B2:B9:90:E8:C5,Flock,31.31681442,-94.70222473,24:B2:B9,6,none,2026-08-14T14:00:00.000Z,2026-08-14T21:00:00.000Z,Lufkin,TX,US,South Medford Drive,75901
24:B2:B9:90:EA:C3,,41.10080719,-73.95854187,24:B2:B9,1,wpa2,2026-08-02T19:00:00.000Z,2026-08-02T13:00:00.000Z,,NY,US,New York State Thruway,10994
24:B2:B9:91:10:7F,,35.9281311,-78.81277466,24:B2:B9,6,wpa2,2026-07-29T13:00:00.000Z,2026-07-30T10:00:00.000Z,,NC,US,Page Road,27560
24:B2:B9:91:2F:BD,,35.8475647,-78.80290985,24:B2:B9,6,wpa2,2026-06-02T12:00:00.000Z,2026-08-10T06:00:00.000Z,,NC,US,Gateway Centre Boulevard,27560-9194
24:B2:B9:91:2F:D7,,40.89352036,-74.08789062,24:B2:B9,48,none,2026-08-22T19:00:00.000Z,2026-08-22T18:00:00.000Z,,NJ,US,Coger Street,07663
24:B2:B9:91:31:B5,Flock,34.10470581,-117.56726837,24:B2:B9,11,none,2026-08-24T16:00:00.000Z,2026-08-24T18:00:00.000Z,Rancho Cucamonga,CA,US,Red Oak Street,91730-3821
24:B2:B9:91:7D:0B,,44.94371414,-123.02780151,24:B2:B9,6,wpa2,2026-08-19T14:00:00.000Z,2026-08-20T11:00:00.000Z,Salem,OR,US,Summer Street Northeast,97301
24:B2:B9:91:7D:C9,,44.94306564,-123.02812958,24:B2:B9,11,wpa2,2026-08-18T14:00:00.000Z,2026-08-18T07:00:00.000Z,Salem,OR,US,Summer Street Northeast,97301
24:B2:B9:91:A6:87,Flock,40.82929993,-74.1388855,24:B2:B9,7,none,2026-08-19T09:00:00.000Z,2026-08-19T14:00:00.000Z,,NJ,US,NJ 3,07014
24:B2:B9:91:A9:DB,,35.82043457,-78.70488739,24:B2:B9,11,wpa2,2026-06-30T19:00:00.000Z,2026-07-01T04:00:00.000Z,Raleigh,NC,US,Blue Ridge Road,27607
24:B2:B9:91:E0:AD,,34.15420151,-117.9091568,24:B2:B9,40,none,2026-08-19T15:00:00.000Z,2026-08-20T00:00:00.000Z,Azusa,CA,US,Ranch Road,91702
24:B2:B9:91:E6:2F,,39.76189041,-86.47014618,24:B2:B9,3,wpa2,2026-07-14T17:00:00.000Z,2026-07-14T12:00:00.000Z,,IN,US,East Main Street,46122
24:B2:B9:92:0D:CD,,29.55402756,-98.56902313,24:B2:B9,161,unknown,2025-12-16T09:00:00.000Z,2025-12-16T17:00:00.000Z,San Antonio,TX,US,Huebner Road,78230
24:B2:B9:92:1D:21,,40.83427048,-74.12940216,24:B2:B9,100,none,2026-08-21T13:00:00.000Z,2026-08-21T13:00:00.000Z,,NJ,US,Entin Road,07014
24:B2:B9:93:CE:2D,,33.85976028,-118.3026886,24:B2:B9,6,wpa2,2026-08-28T19:00:00.000Z,2026-08-28T14:00:00.000Z,Los Angeles,CA,US,San Diego Freeway,90248-4007
24:B2:B9:93:CF:77,,40.02544022,-81.56074524,24:B2:B9,1,none,2026-08-17T12:00:00.000Z,2026-08-17T13:00:00.000Z,,OH,US,I 77,43725
24:B2:B9:94:2F:D1,,39.97722626,-82.05252838,24:B2:B9,11,wpa2,2026-08-12T20:00:00.000Z,2026-08-12T17:00:00.000Z,,OH,US,Newark Road,43701
24:B2:B9:94:6A:33,,34.27828598,-118.77876282,24:B2:B9,5,none,2026-08-21T17:00:00.000Z,2026-08-22T15:00:00.000Z,Simi Valley,CA,US,1st Street,93065-6278
24:B2:B9:94:B6:0F,24:B2:B9:94:B6:0F,40.79200363,-74.19534302,24:B2:B9,6,none,2026-07-17T12:00:00.000Z,2026-07-19T13:00:00.000Z,,NJ,US,Municipal Plaza,07003
24:B2:B9:94:F3:27,,27.9515152,-82.28600311,24:B2:B9,11,none,2026-08-17T12:00:00.000Z,2026-08-18T06:00:00.000Z,Brandon,FL,US,North Parsons Avenue,33584
24:B2:B9:96:18:0D,,27.80983162,-82.65509796,24:B2:B9,36,unknown,2025-09-11T20:00:00.000Z,2025-09-11T18:00:00.000Z,Saint Petersburg,FL,US,16th Street North,33702
24:B2:B9:96:76:D3,Flock,34.09423447,-117.65135193,24:B2:B9,161,none,2026-08-18T04:00:00.000Z,2026-08-18T05:00:00.000Z,,CA,US,North Euclid Avenue,91785-9998
24:B2:B9:96:93:AD,,37.32277679,-121.9954071,24:B2:B9,1,wpa2,2026-07-03T02:00:00.000Z,2026-07-02T19:00:00.000Z,Santa Clara,CA,US,Stevens Creek Boulevard,95014-3880
24:B2:B9:97:1E:7D,Flock,34.11950302,-117.80718231,24:B2:B9,9,none,2026-08-19T15:00:00.000Z,2026-08-20T00:00:00.000Z,San Dimas,CA,US,North San Dimas Avenue,91773
24:B2:B9:97:76:6B,,40.81443024,-91.14155579,24:B2:B9,149,unknown,2026-06-14T23:00:00.000Z,2026-07-19T17:00:00.000Z,Burlington,IA,US,South Roosevelt Avenue,52637
24:B2:B9:98:3E:DF,,41.63495255,-93.75907135,24:B2:B9,6,unknown,2026-04-24T00:00:00.000Z,2026-04-23T18:00:00.000Z,Urbandale,IA,US,Northwest Urbandale Drive,50322
24:B2:B9:98:88:B1,,42.77246475,-78.60784912,24:B2:B9,6,wpa2,2026-07-10T21:00:00.000Z,2026-07-10T19:00:00.000Z,,NY,US,Girard Avenue,14052
24:B2:B9:9A:D4:1F,,40.00025558,-82.97382355,24:B2:B9,44,none,2026-08-18T21:00:00.000Z,2026-08-19T21:00:00.000Z,Columbus,OH,US,East Seventeenth Avenue,43211
24:B2:B9:9B:0C:63,,44.94029617,-123.04023743,24:B2:B9,10,wpa2,2026-07-07T14:00:00.000Z,2026-07-07T07:00:00.000Z,Salem,OR,US,Commercial Street Southeast,97304
24:B2:B9:9B:3C:67,,45.46023178,-122.7851944,24:B2:B9,6,wpa2,2026-08-29T18:00:00.000Z,2026-08-29T15:00:00.000Z,Beaverton,OR,US,Beaverton-Tigard Freeway,97223
24:B2:B9:9B:E3:D1,,29.1754303,-82.13398743,24:B2:B9,9,none,2026-08-17T16:00:00.000Z,2026-08-17T14:00:00.000Z,Ocala,FL,US,Southeast Magnolia Extension,34471
24:B2:B9:9B:F9:E1,,30.21422195,-97.1413269,24:B2:B9,0,unknown,2026-05-15T08:00:00.000Z,2026-05-16T16:00:00.000Z,,TX,US,Paint Creek South Road,
24:B2:B9:9D:C8:AB,24:B2:B9:9D:C8:AB,-66.0,40.73693848,24:B2:B9,1,unknown,2026-03-16T19:00:00.000Z,2026-03-18T22:00:00.000Z,,,,,
24:B2:B9:9D:EE:DF,,40.55025101,-74.54097748,24:B2:B9,5,unknown,2026-05-08T19:00:00.000Z,2026-05-10T13:00:00.000Z,,NJ,US,I 287,08880
24:B2:B9:9D:F0:77,,28.07879639,-80.62159729,24:B2:B9,1,wpa2,2026-08-09T20:00:00.000Z,2026-08-10T01:00:00.000Z,Melbourne,FL,US,New Haven Avenue,32901
24:B2:B9:9E:1E:0F,,37.32731628,-121.82687378,24:B2:B9,9,none,2026-08-28T15:00:00.000Z,2026-08-28T20:00:00.000Z,San Jose,CA,US,Waverly Avenue,95122
24:B2:B9:A1:F3:61,,-27.597826,151.87409973,24:B2:B9,0,none,2026-06-23T04:00:00.000Z,2026-06-22T22:00:00.000Z,,Queensland,AU,Ferguson Road,
24:B2:B9:A2:A2:DD,,47.21687698,-122.46659851,24:B2:B9,6,wpa2,2026-07-17T17:00:00.000Z,2026-07-18T14:00:00.000Z,Tacoma,WA,US,South Steele Street,98409-7242
24:B2:B9:A3:27:F1,,29.16805077,-82.17446899,24:B2:B9,11,none,2026-08-19T17:00:00.000Z,2026-08-19T23:00:00.000Z,Ocala,FL,US,Southwest 20th Street,34474
24:B2:B9:A4:9E:C3,,41.58460236,-93.77561188,24:B2:B9,0,unknown,2026-06-12T13:00:00.000Z,2026-06-12T20:00:00.000Z,West Des Moines,IA,US,Ashworth Road,50266
24:B2:B9:A4:DC:33,,40.10936356,-83.09641266,24:B2:B9,1,unknown,2024-08-25T21:00:00.000Z,2026-06-22T15:00:00.000Z,,OH,US,Jack Nicklaus Freeway,43017
24:B2:B9:A5:58:37,Flock,33.9785881,-81.23171997,24:B2:B9,1,none,2026-08-29T16:00:00.000Z,2026-08-29T15:00:00.000Z,,SC,US,East Main Street,29072
24:B2:B9:A5:BE:83,Flock,43.09376144,-78.9713974,24:B2:B9,6,none,2026-08-22T14:00:00.000Z,2026-08-22T13:00:00.000Z,,NY,US,Military Road,14304
24:B2:B9:A5:ED:F3,,38.22559357,-91.15809631,24:B2:B9,1,wpa2,2026-08-22T13:00:00.000Z,2026-08-24T13:00:00.000Z,,MO,US,Highway AF,63080
24:B2:B9:A5:F7:EF,,44.45468521,-73.10946655,24:B2:B9,11,unknown,2026-07-18T15:00:00.000Z,2026-07-24T07:00:00.000Z,,VT,US,Day Lane,05495
24:B2:B9:A5:FA:B1,24:B2:B9:A5:FA:B1,-81.0,40.73693848,24:B2:B9,1,unknown,2026-03-17T18:00:00.000Z,2026-03-18T22:00:00.000Z,,,,,
24:B2:B9:A6:3A:B7,,34.08605957,-117.57569885,24:B2:B9,8,unknown,2025-11-12T02:00:00.000Z,2025-11-20T17:00:00.000Z,Rancho Cucamonga,CA,US,Haven Avenue,91743
24:B2:B9:A6:3A:EB,Flock,34.07460785,-117.75083923,24:B2:B9,7,none,2026-08-26T05:00:00.000Z,2026-08-26T21:00:00.000Z,Pomona,CA,US,San Bernardino Freeway,91767
24:B2:B9:A6:76:A3,,41.60454178,-93.52023315,24:B2:B9,149,unknown,2026-04-23T20:00:00.000Z,2026-06-12T20:00:00.000Z,,IA,US,Copper Creek Drive,50327
24:B2:B9:A6:D5:A5,,47.19207382,-122.43618011,24:B2:B9,6,wpa2,2026-08-08T20:00:00.000Z,2026-08-08T15:00:00.000Z,Tacoma,WA,US,South 72nd Street,98408-1202
24:B2:B9:A7:4E:4B,Flock,29.60713387,-82.43929291,24:B2:B9,6,none,2026-08-18T11:00:00.000Z,2026-08-18T18:00:00.000Z,Gainesville,FL,US,Southwest 91st Way,32607:32608
24:B2:B9:A7:62:1F,,47.19907379,-122.29496765,24:B2:B9,1,wpa2,2026-07-28T20:00:00.000Z,2026-08-26T17:00:00.000Z,,WA,US,River Road,98371
24:B2:B9:A7:65:B3,,47.19072342,-122.29370117,24:B2:B9,1,wpa2,2026-08-23T18:00:00.000Z,2026-08-23T17:00:00.000Z,,WA,US,South Meridian,98372-3008
24:B2:B9:A8:2B:F3,,40.65732956,-73.64954376,24:B2:B9,4,unknown,2025-10-26T13:00:00.000Z,2025-10-26T07:00:00.000Z,,NY,US,Sunrise Highway,11570
24:B2:B9:AA:6A:71,,34.10219193,-117.56920624,24:B2:B9,149,none,2026-08-24T16:00:00.000Z,2026-08-24T18:00:00.000Z,Rancho Cucamonga,CA,US,Red Oak Street,91730-3821
24:B2:B9:AA:71:11,24:B2:B9:AA:71:11,40.74567413,-74.04543304,24:B2:B9,1,unknown,2026-03-16T20:00:00.000Z,2026-03-31T01:00:00.000Z,Jersey City,NJ,US,Webster Avenue,07307
24:B2:B9:AA:86:2B,24:B2:B9:AA:86:2B,-76.0,40.73693848,24:B2:B9,9,unknown,2026-03-17T15:00:00.000Z,2026-03-18T22:00:00.000Z,,,,,
24:B2:B9:AA:D6:15,,45.49055099,-122.65128326,24:B2:B9,6,wpa2,2026-08-29T20:00:00.000Z,2026-08-29T15:00:00.000Z,Portland,OR,US,Southeast Milwaukie Avenue,97202
24:B2:B9:AA:DB:6D,,47.78696823,-116.78882599,24:B2:B9,44,none,2026-08-27T06:00:00.000Z,2026-08-27T07:00:00.000Z,,ID,US,US 95,83835-9460
24:B2:B9:AA:FD:73,,27.82592583,-82.69997406,24:B2:B9,149,unknown,2025-11-20T00:00:00.000Z,2025-12-05T04:00:00.000Z,Pinellas Park,FL,US,49th Street,33782
24:B2:B9:AA:FD:89,Flock,43.09211349,-78.96961212,24:B2:B9,36,none,2026-08-22T14:00:00.000Z,2026-08-22T13:00:00.000Z,,NY,US,Military Road,14304
24:B2:B9:AA:FF:CD,,38.63616943,-90.22740173,24:B2:B9,1,wpa2,2026-08-26T16:00:00.000Z,2026-08-26T09:00:00.000Z,Saint Louis,MO,US,Olive Street,63103
24:B2:B9:AB:08:AD,Flock,40.82582855,-74.13902283,24:B2:B9,4,none,2026-08-21T13:00:00.000Z,2026-08-21T13:00:00.000Z,,NJ,US,Kingsland Road,07014
24:B2:B9:AB:08:D5,Flock,40.82555389,-74.13941193,24:B2:B9,6,none,2026-08-21T13:00:00.000Z,2026-08-21T13:00:00.000Z,,NJ,US,Kingsland Road,07014
24:B2:B9:AB:08:FB,24:B2:B9:AB:08:FB,-79.0,40.73693848,24:B2:B9,11,unknown,2026-03-17T18:00:00.000Z,2026-03-18T22:00:00.000Z,,,,,
24:B2:B9:AB:13:6F,,32.23439407,-110.87871552,24:B2:B9,2,none,2026-08-27T14:00:00.000Z,2026-08-28T21:00:00.000Z,Tucson,AZ,US,East 2nd Street,85711
24:B2:B9:AB:1A:4F,Flock,36.222435,-86.77346802,24:B2:B9,7,none,2026-08-15T13:00:00.000Z,2026-08-15T19:00:00.000Z,Nashville-Davidson,TN,US,I 65,37207
24:B2:B9:AB:48:BF,,33.75835419,-118.31221008,24:B2:B9,6,wpa2,2026-06-27T23:00:00.000Z,2026-06-27T16:00:00.000Z,,CA,US,South Western Avenue,90731-1422
24:B2:B9:AB:73:47,24:B2:B9:AB:73:47,-54.0,40.73693848,24:B2:B9,11,unknown,2026-03-17T15:00:00.000Z,2026-03-18T22:00:00.000Z,,,,,
24:B2:B9:AB:73:5B,,38.62638474,-90.34242249,24:B2:B9,36,wpa2,2026-08-28T17:00:00.000Z,2026-08-28T13:00:00.000Z,,MO,US,Brentwood Promenade Court,93144
24:B2:B9:AB:D8:49,,35.90139389,-78.81478119,24:B2:B9,1,wpa2,2026-07-29T13:00:00.000Z,2026-07-30T10:00:00.000Z,Raleigh,NC,US,World Trade Boulevard,27560
24:B2:B9:AB:DE:8F,,39.91324615,-86.07069397,24:B2:B9,120,unknown,2026-04-09T16:00:00.000Z,2026-04-09T19:00:00.000Z,Indianapolis,IN,US,East 86th Street,46250
24:B2:B9:AC:06:A1,,40.87345505,-74.08966827,24:B2:B9,6,none,2026-08-10T20:00:00.000Z,2026-08-10T19:00:00.000Z,,NJ,US,1st Street,07644
24:B2:B9:AC:38:C1,,34.12675095,-117.6267395,24:B2:B9,3,none,2026-08-17T16:00:00.000Z,2026-08-17T17:00:00.000Z,,CA,US,Partridge Avenue,91701
24:B2:B9:AE:E5:6B,,33.92202759,-84.46661377,24:B2:B9,52,none,2026-08-29T14:00:00.000Z,2026-08-29T14:00:00.000Z,Marietta,GA,US,Powers Ferry Road Southeast,30067
24:B2:B9:AE:F6:EF,,45.51062393,-122.7789917,24:B2:B9,1,wpa2,2026-08-16T22:00:00.000Z,2026-08-20T20:00:00.000Z,Beaverton,OR,US,Sunset Transit Center,97225
24:B2:B9:AF:22:5B,,38.62635803,-90.34268188,24:B2:B9,64,wpa2,2026-08-28T17:00:00.000Z,2026-08-28T13:00:00.000Z,,MO,US,Brentwood Promenade Court,93144
24:B2:B9:AF:25:C9,,45.31048965,-122.77209473,24:B2:B9,6,wpa2,2026-08-22T18:00:00.000Z,2026-08-22T17:00:00.000Z,,OR,US,Southwest Boberg Road,97070
24:B2:B9:AF:76:33,,-27.57683563,151.94512939,24:B2:B9,0,none,2026-06-26T00:00:00.000Z,2026-06-25T22:00:00.000Z,Toowoomba,Queensland,AU,Klein Street,4250
24:B2:B9:AF:D2:25,nuc-00676,33.64964294,-117.74301147,24:B2:B9,1,wpa2,2026-01-29T02:00:00.000Z,2026-01-29T00:00:00.000Z,Irvine,CA,US,Pacifica,92618
24:B2:B9:AF:D2:77,nuc-00668,52.66521072,0.16076635,24:B2:B9,1,wpa2,2026-01-22T11:00:00.000Z,2026-04-16T14:00:00.000Z,Cambridgeshire,England,GB,Wisbech Market Place,PE13 1DL
24:B2:B9:AF:EC:0B,nuc-00666,52.3861351,-1.25818741,24:B2:B9,1,wpa2,2026-02-01T13:00:00.000Z,2026-03-22T07:00:00.000Z,Rugby,England,GB,Leicester Road,CV21 1SR
24:B2:B9:B0:56:47,,42.99760437,-78.69837952,24:B2:B9,2,wpa2,2026-07-06T19:00:00.000Z,2026-07-06T20:00:00.000Z,Buffalo,NY,US,Transit Road,14221
24:B2:B9:B0:A3:A9,,38.64451599,-90.26241302,24:B2:B9,11,wpa2,2026-08-19T14:00:00.000Z,2026-08-19T17:00:00.000Z,Saint Louis,MO,US,York Avenue,63108
24:B2:B9:B2:B7:6D,,37.67155075,-113.06680298,24:B2:B9,1,unknown,2026-07-10T01:00:00.000Z,2026-07-10T17:00:00.000Z,Cedar City,UT,US,South 300 West,84720
24:B2:B9:B3:46:75,,33.72441483,-117.83269501,24:B2:B9,12,wpa2,2026-08-12T23:00:00.000Z,2026-08-13T10:00:00.000Z,Santa Ana,CA,US,East Edinger Avenue,92780
24:B2:B9:B3:8B:AF,,42.99755859,-78.69837952,24:B2:B9,1,wpa2,2026-07-06T19:00:00.000Z,2026-07-06T20:00:00.000Z,Buffalo,NY,US,Transit Road,14221
24:B2:B9:B5:49:61,Flock,33.97875977,-81.23202515,24:B2:B9,8,none,2026-08-29T16:00:00.000Z,2026-08-29T15:00:00.000Z,,SC,US,East Main Street,29072
24:B2:B9:B5:F6:D5,,35.81072235,-78.7844162,24:B2:B9,11,wpa2,2026-06-22T19:00:00.000Z,2026-06-22T14:00:00.000Z,,NC,US,Northington Place,27513
24:B2:B9:B6:7B:D7,,-34.97303772,138.59130859,24:B2:B9,11,none,2026-08-28T14:00:00.000Z,2026-08-27T23:00:00.000Z,Adelaide,South Australia,AU,Harvey Avenue,5041
24:B2:B9:B6:93:91,Flock,40.58547211,-81.52190399,24:B2:B9,1,none,2026-08-17T13:00:00.000Z,2026-08-17T18:00:00.000Z,,OH,US,I 77,44680
24:B2:B9:B6:B1:83,,30.20646095,-97.71857452,24:B2:B9,1,unknown,2026-03-31T19:00:00.000Z,2026-03-31T13:00:00.000Z,Austin,TX,US,Burleson Road,78741
24:B2:B9:B7:08:83,,34.27177048,-118.77716827,24:B2:B9,40,none,2026-08-14T19:00:00.000Z,2026-08-15T16:00:00.000Z,Simi Valley,CA,US,East Los Angeles Avenue,93065-6278
24:B2:B9:B9:3B:BF,,38.63618851,-90.25965881,24:B2:B9,11,wpa2,2026-08-20T15:00:00.000Z,2026-08-20T13:00:00.000Z,Saint Louis,MO,US,Laclede Avenue,63108
24:B2:B9:BC:74:1D,,41.59439087,-93.70927429,24:B2:B9,132,unknown,2026-06-14T17:00:00.000Z,2026-06-14T20:00:00.000Z,,IA,US,67th Street,50311
24:B2:B9:BE:E8:DD,24:B2:B9:BE:E8:DD,-57.0,40.73693848,24:B2:B9,40,unknown,2026-03-16T19:00:00.000Z,2026-03-18T22:00:00.000Z,,,,,
24:B2:B9:C0:47:1F,,42.98636246,-70.93622589,24:B2:B9,0,unknown,2025-11-13T19:00:00.000Z,2026-07-16T13:00:00.000Z,,NH,US,Portsmouth Avenue,03840
24:B2:B9:C0:56:71,,33.72682571,-117.84244537,24:B2:B9,9,wpa2,2026-08-12T23:00:00.000Z,2026-08-13T10:00:00.000Z,Santa Ana,CA,US,East Edinger Avenue,92705
24:B2:B9:C0:67:47,,47.83853912,12.95855713,24:B2:B9,100,none,2026-08-20T18:00:00.000Z,2026-08-20T14:00:00.000Z,,Bayern,DE,Salzstraße,83395
24:B2:B9:C0:D5:B7,,42.52573395,-75.5234375,24:B2:B9,1,wpa2,2026-08-28T11:00:00.000Z,2026-08-28T04:00:00.000Z,,NY,US,Conkey Avenue,13815
24:B2:B9:C1:00:9D,,34.11754608,-117.8200531,24:B2:B9,8,none,2026-08-25T15:00:00.000Z,2026-08-25T18:00:00.000Z,San Dimas,CA,US,West Allen Avenue,91773
24:B2:B9:C2:CA:49,,34.1445961,-118.80262756,24:B2:B9,2,none,2026-08-13T11:00:00.000Z,2026-08-13T22:00:00.000Z,Westlake Village,CA,US,Agoura Road,91361
24:B2:B9:C4:04:1F,,35.83140564,-78.77909851,24:B2:B9,11,wpa2,2026-08-05T11:00:00.000Z,2026-08-05T10:00:00.000Z,,NC,US,Weston Parkway,27513
24:B2:B9:C4:2E:CD,,39.86477661,-86.12819672,24:B2:B9,161,unknown,2026-08-08T21:00:00.000Z,2026-08-08T18:00:00.000Z,Indianapolis,IN,US,Crittenden Avenue,46220
24:B2:B9:C6:ED:D1,,42.31102371,-71.0814743,24:B2:B9,11,wpa2,2026-06-21T00:00:00.000Z,2026-06-20T18:00:00.000Z,Boston,MA,US,Blue Hill Avenue,02121
24:B2:B9:C6:EF:21,,39.76266861,-86.40732574,24:B2:B9,1,wpa2,2026-07-14T17:00:00.000Z,2026-07-14T12:00:00.000Z,,IN,US,Rockville Road,46123
24:B2:B9:C7:11:69,,40.76849365,-73.98107147,24:B2:B9,52,none,2026-08-13T19:00:00.000Z,2026-08-13T21:00:00.000Z,City of New York,NY,US,Broadway,10019
24:B2:B9:C8:5D:85,,31.13539314,-97.43805695,24:B2:B9,11,none,2026-08-28T04:00:00.000Z,2026-08-28T03:00:00.000Z,,TX,US,State Highway 317,
24:B2:B9:C8:7A:8D,<hidden>,43.19388199,-77.64040375,24:B2:B9,116,none,2026-07-29T13:00:00.000Z,2026-07-29T06:00:00.000Z,City of Rochester,NY,US,Ridgeway Avenue,14615
24:B2:B9:C8:7D:8F,,39.79899979,-86.04750824,24:B2:B9,6,wpa2,2026-07-09T14:00:00.000Z,2026-07-09T07:00:00.000Z,Indianapolis,IN,US,I 70,46219
24:B2:B9:C8:AB:FF,,38.64482498,-90.26152802,24:B2:B9,44,wpa2,2026-08-28T16:00:00.000Z,2026-08-28T13:00:00.000Z,Saint Louis,MO,US,North Euclid Avenue,63108
24:B2:B9:C9:E8:E9,,35.85023499,-78.8388443,24:B2:B9,1,wpa2,2026-06-10T12:00:00.000Z,2026-07-14T13:00:00.000Z,,NC,US,Chapel Hill Road,27560
24:B2:B9:CA:3E:BF,,44.94465637,-123.02734375,24:B2:B9,1,wpa2,2026-08-21T14:00:00.000Z,2026-08-22T17:00:00.000Z,Salem,OR,US,Summer Street Northeast,97301
24:B2:B9:CA:4C:E9,,38.61483383,-90.28471375,24:B2:B9,6,wpa2,2026-08-16T20:00:00.000Z,2026-08-17T08:00:00.000Z,Saint Louis,MO,US,Elizabeth Avenue,63139
24:B2:B9:CA:BD:43,Flock,41.80735397,-72.53530884,24:B2:B9,6,none,2026-08-26T06:00:00.000Z,2026-08-26T12:00:00.000Z,,CT,US,Slater Street,06042
24:B2:B9:CB:2A:A9,,45.01218033,-122.99263,24:B2:B9,6,wpa2,2026-08-06T23:00:00.000Z,2026-08-06T17:00:00.000Z,,OR,US,Robert Hugh Baldock Freeway,97305
24:B2:B9:CB:AB:2B,,35.79185867,-78.64232635,24:B2:B9,8,unknown,2026-03-25T16:00:00.000Z,2026-04-24T15:00:00.000Z,Raleigh,NC,US,Capital Boulevard,27604
24:B2:B9:CB:BB:ED,,34.034832,-118.47221375,24:B2:B9,6,wpa2,2026-07-01T17:00:00.000Z,2026-07-01T11:00:00.000Z,Santa Monica,CA,US,Santa Monica Boulevard,90404
24:B2:B9:CC:27:0F,Flock,29.60758781,-82.43922424,24:B2:B9,36,none,2026-08-18T11:00:00.000Z,2026-08-18T18:00:00.000Z,Gainesville,FL,US,Southwest 49th Place,32607:32608
24:B2:B9:CC:F0:1D,,35.85023499,-78.8388443,24:B2:B9,1,wpa2,2026-06-10T12:00:00.000Z,2026-07-14T13:00:00.000Z,,NC,US,Chapel Hill Road,27560
24:B2:B9:CD:01:15,,38.61511993,-90.28502655,24:B2:B9,1,wpa2,2026-08-16T20:00:00.000Z,2026-08-16T14:00:00.000Z,Saint Louis,MO,US,59th Street,63110
24:B2:B9:CD:01:D3,,42.96759033,-78.65742493,24:B2:B9,11,wpa2,2026-07-05T21:00:00.000Z,2026-07-05T15:00:00.000Z,,NY,US,Main Street,14031
24:B2:B9:CD:2D:33,,40.81098557,-74.22298431,24:B2:B9,1,unknown,2026-06-17T11:00:00.000Z,2026-07-19T06:00:00.000Z,,NJ,US,Union Street,07042
24:B2:B9:CD:41:FF,,34.03734589,-118.4434433,24:B2:B9,6,wpa2,2026-07-31T21:00:00.000Z,2026-07-31T15:00:00.000Z,Los Angeles,CA,US,Purdue Avenue,90064-1508
24:B2:B9:CE:88:7D,,47.70079041,-116.78697968,24:B2:B9,6,none,2026-08-23T12:00:00.000Z,2026-08-23T13:00:00.000Z,Coeur d'Alene,ID,US,West Appleway Avenue,83814
24:B2:B9:D0:79:ED,,45.38264847,-122.74968719,24:B2:B9,6,wpa2,2026-08-14T00:00:00.000Z,2026-08-13T17:00:00.000Z,,OR,US,Southwest Nyberg Street,97062
24:B2:B9:D0:C9:95,,30.5519886,-97.85597229,24:B2:B9,44,none,2026-08-25T13:00:00.000Z,2026-08-25T13:00:00.000Z,,TX,US,South Bagdad Road,78641
24:B2:B9:D1:2B:0F,,34.07224274,-117.94063568,24:B2:B9,40,none,2026-08-26T15:00:00.000Z,2026-08-26T21:00:00.000Z,West Covina,CA,US,San Bernardino Freeway,91790
24:B2:B9:D2:14:0D,,40.83241272,-74.14019775,24:B2:B9,6,none,2026-08-24T14:00:00.000Z,2026-08-24T15:00:00.000Z,,NJ,US,Main Avenue,07011
24:B2:B9:D2:50:89,,34.03602219,-118.44506073,24:B2:B9,1,wpa2,2026-07-23T23:00:00.000Z,2026-08-13T10:00:00.000Z,Los Angeles,CA,US,Colby Avenue,90064-1508
24:B2:B9:D4:2A:01,,-27.59106255,151.93792725,24:B2:B9,0,none,2026-06-19T05:00:00.000Z,2026-06-21T02:00:00.000Z,Toowoomba,Queensland,AU,West Street,4250
24:B2:B9:D4:CE:43,,30.50245476,-87.22708893,24:B2:B9,11,wpa2,2026-06-15T05:00:00.000Z,2026-06-14T23:00:00.000Z,,FL,US,Plantation Road,32514
24:B2:B9:D4:E8:E3,,30.43605804,-91.05756378,24:B2:B9,40,none,2026-08-21T17:00:00.000Z,2026-08-21T17:00:00.000Z,Baton Rouge,LA,US,South Sherwood Forest Boulevard,70816
24:B2:B9:D5:1E:CD,,29.14264107,-82.18515015,24:B2:B9,1,unknown,2026-05-31T16:00:00.000Z,2026-06-03T20:00:00.000Z,Ocala,FL,US,I 75,34476
24:B2:B9:D6:6F:59,,35.01274872,-81.90645599,24:B2:B9,2,none,2026-08-05T20:00:00.000Z,2026-08-05T19:00:00.000Z,,SC,US,I 85,29303
24:B2:B9:D7:50:53,,41.60629272,-93.85314941,24:B2:B9,40,unknown,2026-05-20T18:00:00.000Z,2026-05-20T16:00:00.000Z,,IA,US,Southeast Alice's Road,50263
24:B2:B9:D8:2A:01,,34.01554871,-118.49381256,24:B2:B9,6,wpa2,2026-08-05T22:00:00.000Z,2026-08-05T17:00:00.000Z,Santa Monica,CA,US,4th Street,90292
24:B2:B9:DA:7B:35,,34.14693832,-117.8600235,24:B2:B9,6,none,2026-08-19T15:00:00.000Z,2026-08-20T00:00:00.000Z,Glendora,CA,US,East Sierra Madre Avenue,91741
24:B2:B9:DA:87:83,,43.87274551,8.01029205,24:B2:B9,6,none,2026-08-31T09:00:00.000Z,2026-08-31T00:00:00.000Z,Imperia,Liguria,IT,Via Nizza,18100
24:B2:B9:DC:FB:C3,,50.07434464,19.93558884,24:B2:B9,104,none,2026-08-30T19:00:00.000Z,2026-08-30T11:00:00.000Z,Kraków,województwo małopolskie,PL,Prądnicka,30-004
24:B2:B9:DE:56:7B,,53.4691658,-113.479599,24:B2:B9,5,unknown,2026-05-07T22:00:00.000Z,2026-05-10T02:00:00.000Z,Edmonton,Alberta,CA,97 Street NW,T6E5Y4
24:B2:B9:E5:27:5D,,35.92883301,-78.81291199,24:B2:B9,11,wpa2,2026-07-13T18:00:00.000Z,2026-08-06T08:00:00.000Z,Durham,NC,US,Page Road,27703
24:B2:B9:E5:8A:73,,35.77165985,-78.67404175,24:B2:B9,6,wpa2,2026-08-27T15:00:00.000Z,2026-08-27T09:00:00.000Z,Raleigh,NC,US,Rocky Branch Trail,27695
24:B2:B9:E5:DD:35,,29.56477356,-82.34825897,24:B2:B9,6,none,2026-08-17T15:00:00.000Z,2026-08-17T14:00:00.000Z,,FL,US,I 75,32667
24:B2:B9:E5:E9:FF,,44.19762039,-70.40644073,24:B2:B9,40,none,2026-08-22T09:00:00.000Z,2026-08-22T07:00:00.000Z,,ME,US,Paris Road,04238
24:B2:B9:E7:06:73,�$�H`l-���,43.08830643,-77.62979889,24:B2:B9,36,none,2026-07-18T00:00:00.000Z,2026-07-17T19:00:00.000Z,City of Rochester,NY,US,Jay Scutti Boulevard,14623
24:B2:B9:E7:1D:31,,40.79202271,-74.19277954,24:B2:B9,1,wpa2,2026-08-02T19:00:00.000Z,2026-08-02T13:00:00.000Z,,NJ,US,Garden State Parkway,07003
24:B2:B9:E7:1D:51,,33.89835358,-118.05492401,24:B2:B9,10,none,2026-07-31T18:00:00.000Z,2026-08-01T21:00:00.000Z,Norwalk,CA,US,Santa Ana Freeway,90638
24:B2:B9:E9:85:83,,48.21612549,16.36922836,24:B2:B9,153,unknown,2026-02-10T06:00:00.000Z,2026-02-09T23:00:00.000Z,Wien,Textilviertel,AT,Zelinkagasse,1010
24:B2:B9:E9:B2:45,,39.6812973,-75.4697876,24:B2:B9,1,wpa2,2026-08-08T16:00:00.000Z,2026-08-08T13:00:00.000Z,Carneys Point Township,NJ,US,New Jersey Turnpike,08023
24:B2:B9:EB:5E:BF,24:B2:B9:EB:5E:BF,-68.0,40.73693848,24:B2:B9,1,unknown,2026-03-17T15:00:00.000Z,2026-03-18T22:00:00.000Z,,,,,
24:B2:B9:EB:9F:89,,42.4769783,-71.11269379,24:B2:B9,1,wpa2,2026-08-18T17:00:00.000Z,2026-08-18T14:00:00.000Z,,MA,US,I 93,02180
24:B2:B9:EB:D9:A5,ClickShare-1862705392,35.6757164,139.77113342,24:B2:B9,36,wpa2,2026-05-29T02:00:00.000Z,2026-05-29T09:00:00.000Z,中央区,京橋三丁目,JP,鍛冶橋通り,104-8340
24:B2:B9:EB:DA:01,ClickShare-Frank Ghery,48.86077881,2.28274393,24:B2:B9,36,wpa2,2026-03-07T12:00:00.000Z,2026-05-24T03:00:00.000Z,Paris,Île-de-France,FR,Avenue Paul Doumer,75116
24:B2:B9:EB:DA:07,ClickShare-1862707266,52.9646225,-0.02111223,24:B2:B9,36,wpa2,2026-07-12T08:00:00.000Z,2026-07-20T00:00:00.000Z,,England,GB,Marsh Lane,PE21 7SJ
24:B2:B9:EB:DA:17,ClickShare-Hawking,52.77131653,0.40731591,24:B2:B9,36,wpa2,2026-08-15T13:00:00.000Z,2026-08-15T10:00:00.000Z,King's Lynn and West Norfolk,England,GB,Edward Benefer Way,PE30 2JJ
24:B2:B9:EB:DA:DB,ClickShare-1862711451,55.67795944,12.60216427,24:B2:B9,36,wpa2,2026-03-11T15:00:00.000Z,2026-06-27T08:00:00.000Z,København,Region Hovedstaden,DK,Danneskiold-Samsøes Allé,1434
24:B2:B9:EB:DB:0B,Conference-RheingauTaunus,50.09030533,8.1919117,24:B2:B9,36,wpa2,2026-08-12T17:00:00.000Z,2026-08-13T06:00:00.000Z,Wiesbaden,Hessen,DE,Rebhuhnweg,65199
24:B2:B9:EB:DB:59,ClickShare-1862707708,49.5104599,8.46667576,24:B2:B9,36,wpa2,2026-08-17T13:00:00.000Z,2026-08-19T15:00:00.000Z,Mannheim,Baden-Württemberg,DE,Industriestraße,68169
24:B2:B9:EB:DB:61,ClickShare-1862709113,38.25824738,140.87376404,24:B2:B9,36,wpa2,2025-12-15T08:00:00.000Z,2025-12-15T01:00:00.000Z,仙台市,宮城県,JP,南町通,980-0811
24:B2:B9:EB:DB:C7,ClickShare-Local-67,39.96099091,-83.01033783,24:B2:B9,36,wpa2,2026-05-02T17:00:00.000Z,2026-07-31T10:00:00.000Z,Columbus,OH,US,Starling Street,43215
24:B2:B9:EB:DB:CF,ClickShare-1863084222,42.69580841,-83.26519775,24:B2:B9,36,wpa2,2026-02-02T16:00:00.000Z,2026-08-10T05:00:00.000Z,,MI,US,I 75,48326
24:B2:B9:EB:DB:E1,ClickShare-Huddle-Rm,40.81663895,-73.26406097,24:B2:B9,36,wpa2,2026-06-23T21:00:00.000Z,2026-06-23T20:00:00.000Z,,NY,US,Oser Avenue,11788
24:B2:B9:EB:DC:19,ClickShare-1863084406,29.5760479,-95.14017487,24:B2:B9,161,wpa2,2026-02-07T20:00:00.000Z,2026-08-22T17:00:00.000Z,Houston,TX,US,El Camino Real,77062
24:B2:B9:EB:DC:4F,,53.48826981,-2.24592733,24:B2:B9,36,wpa2,2026-05-26T14:00:00.000Z,2026-07-31T11:00:00.000Z,Manchester,England,GB,Mirabel Street,M3 1NP
24:B2:B9:EB:DC:A5,ClickShare-1863084413,45.5140419,-122.66181183,24:B2:B9,36,wpa2,2025-12-01T04:00:00.000Z,2026-08-21T02:00:00.000Z,Portland,OR,US,Southeast Martin Luther King Junior Boulevard,97258
24:B2:B9:EB:DD:07,Barco-CS-Auditorium,43.6538353,-79.38331604,24:B2:B9,36,wpa2,2026-07-24T20:00:00.000Z,2026-08-21T13:00:00.000Z,Old Toronto,Ontario,CA,Queen Street West,M5H 2N2
24:B2:B9:EB:DD:41,ClickShare-1863084353,38.3009758,-122.4744339,24:B2:B9,36,wpa2,2026-08-22T02:00:00.000Z,2026-08-22T20:00:00.000Z,,CA,US,Sonoma Highway,95476
24:B2:B9:EB:DD:65,ClickShare-1863084268,44.98632812,-93.27740479,24:B2:B9,36,wpa2,2026-06-27T19:00:00.000Z,2026-06-27T14:00:00.000Z,Minneapolis,MN,US,3rd Street North,55401
24:B2:B9:EB:DD:75,ClickShare-1863084829,39.85784912,-84.96382904,24:B2:B9,36,wpa2,2026-07-02T01:00:00.000Z,2026-08-28T09:00:00.000Z,,IN,US,West Industries Road,47392
24:B2:B9:EB:DD:99,ClickShare-1863085075,40.75309753,-73.99575806,24:B2:B9,36,wpa2,2026-05-24T20:00:00.000Z,2026-08-24T20:00:00.000Z,City of New York,NY,US,West 34th Street,10001
24:B2:B9:EB:DD:B5,ClickShare-1863085043,38.94347382,-77.06301117,24:B2:B9,36,wpa2,2026-08-16T16:00:00.000Z,2026-08-26T16:00:00.000Z,Washington,DC,US,Connecticut Avenue Northwest,20015
24:B2:B9:EB:DE:71,ClickShare-MeetRm-Grossvenediger,48.13886642,11.58480167,24:B2:B9,1,wpa2,2026-05-12T19:00:00.000Z,2026-05-12T13:00:00.000Z,München,Bayern,DE,Karl-Scharnagl-Ring,80538
24:B2:B9:EB:DE:F7,Dharug 1 ClickShare,-33.82078934,151.19326782,24:B2:B9,36,wpa2,2026-06-22T22:00:00.000Z,2026-07-08T20:00:00.000Z,Sydney,New South Wales,AU,Herbert Street,2065
24:B2:B9:EB:DF:4B,M15,55.69839859,12.59532738,24:B2:B9,36,wpa2,2026-04-13T14:00:00.000Z,2026-06-29T11:00:00.000Z,København,Region Hovedstaden,DK,Dampfærgevej,1259
24:B2:B9:EB:DF:63,ClickShare-1862706539,34.68172836,135.50169373,24:B2:B9,36,wpa2,2026-01-18T05:00:00.000Z,2026-01-22T01:00:00.000Z,大阪市,大阪府,JP,中央大通,541-0056
24:B2:B9:EB:DF:7D,ClickShare-Büro Bereichsleitung,47.37984085,8.52928448,24:B2:B9,36,wpa2,2026-06-04T13:00:00.000Z,2026-08-12T11:00:00.000Z,Zürich,Zürich,CH,Lagerstrasse,8004
24:B2:B9:EB:DF:7F,ClickShare-Büro 108,47.38037872,8.54198647,24:B2:B9,48,wpa2,2026-02-12T09:00:00.000Z,2026-05-09T12:00:00.000Z,Zürich,Zürich,CH,Walchestrasse,8006
24:B2:B9:EB:DF:95,ClickShare-1862705974,53.46623611,-2.62795115,24:B2:B9,36,wpa2,2026-06-09T06:00:00.000Z,2026-07-09T09:00:00.000Z,St Helens,England,GB,M6,WA12 0AL
24:B2:B9:EB:DF:BF,,49.46103668,11.01082897,24:B2:B9,36,wpa2,2026-05-20T06:00:00.000Z,2026-05-20T12:00:00.000Z,Fürth,Bayern,DE,Höfener Straße,90763
24:B2:B9:EB:DF:CD,ClickShare-1862705431,-33.8241806,151.19573975,24:B2:B9,36,wpa2,2026-08-18T10:00:00.000Z,2026-08-18T03:00:00.000Z,,New South Wales,AU,Christie Street,2065
24:B2:B9:EB:DF:F5,ClickShare-1862706931,49.46772385,11.0892868,24:B2:B9,36,wpa2,2025-11-15T15:00:00.000Z,2026-04-01T08:00:00.000Z,Nürnberg,Bayern,DE,Schopenhauerstraße,90409
24:B2:B9:EB:E0:47,ClickShare-1862705553,48.90390778,2.30645871,24:B2:B9,36,wpa2,2026-03-14T10:00:00.000Z,2026-03-14T10:00:00.000Z,Clichy,Île-de-France,FR,Rue Villeneuve,92110
24:B2:B9:EB:E0:4B,ClickShare-Baguette,51.22105408,4.39833975,24:B2:B9,44,wpa2,2026-06-03T12:00:00.000Z,2026-06-06T14:00:00.000Z,,Antwerpen,BE,Suikerrui,2000
24:B2:B9:EB:E0:4D,ClickShare-1862705918,50.88312149,5.97858858,24:B2:B9,36,wpa2,2026-02-18T04:00:00.000Z,2026-08-14T04:00:00.000Z,Heerlen,Limburg,NL,Bekkerweg,6411EG
24:B2:B9:EB:E0:5D,,47.23575592,6.02257156,24:B2:B9,36,wpa2,2026-03-28T12:00:00.000Z,2026-03-29T09:00:00.000Z,Besançon,Bourgogne-Franche-Comté,FR,Esplanade des Droits de l'Homme,25000
24:B2:B9:EB:E0:6F,ClickShare-1862706069,-28.74619675,24.76408005,24:B2:B9,36,wpa2,2026-08-16T08:00:00.000Z,2026-08-16T01:00:00.000Z,Kimberley,Northern Cape,ZA,Bultfontein Road,8301
24:B2:B9:EB:E0:B1,ClickShare - Room 2,47.37731552,8.53980541,24:B2:B9,36,wpa2,2026-02-08T14:00:00.000Z,2026-06-02T03:00:00.000Z,Zürich,Zürich,CH,,8001
24:B2:B9:EB:E0:E7,ClickShare-Büro 3-02,47.3791008,8.54404068,24:B2:B9,36,wpa2,2026-04-15T19:00:00.000Z,2026-04-15T14:00:00.000Z,Zürich,Zürich,CH,Hochfarbstrasse,8006
24:B2:B9:EB:E1:09,ClickShare-1862706291,55.69286728,12.56457806,24:B2:B9,36,wpa2,2026-05-17T17:00:00.000Z,2026-05-17T10:00:00.000Z,København,Region Hovedstaden,DK,Blegdamsvej,1357
24:B2:B9:EB:E1:11,ClickShare-Gallerisal,57.7220459,12.9434166,24:B2:B9,36,wpa2,2026-07-03T08:00:00.000Z,2026-07-03T07:00:00.000Z,,Västra Götalands län,SE,42,503 34
24:B2:B9:EB:E1:17,M10,55.69852066,12.59548759,24:B2:B9,36,wpa2,2026-04-16T06:00:00.000Z,2026-06-29T11:00:00.000Z,København,Region Hovedstaden,DK,Dampfærgevej,1259
24:B2:B9:EB:E1:63,,51.52323151,-0.08204265,24:B2:B9,36,wpa2,2026-06-25T21:00:00.000Z,2026-06-25T14:00:00.000Z,London,England,GB,New North Place,EC2A 4JA
24:B2:B9:EB:E1:99,CS-1A0007,47.20418549,-1.54677641,24:B2:B9,36,wpa2,2026-08-16T16:00:00.000Z,2026-08-16T10:00:00.000Z,Nantes,Pays de la Loire,FR,Boulevard des Martyrs Nantais de la Résistance,44007
24:B2:B9:EB:E1:A3,ClickShare-1862705448,25.07975006,121.57180023,24:B2:B9,165,wpa2,2026-04-11T05:00:00.000Z,2026-07-28T20:00:00.000Z,臺北市,臺北市,TW,洲子街,114
24:B2:B9:EB:E1:BB,ClickShare-1862708959,49.57384109,11.01010132,24:B2:B9,36,wpa2,2026-05-28T11:00:00.000Z,2026-05-28T04:00:00.000Z,Erlangen,Bayern,DE,Fermiweg,91058
24:B2:B9:EB:E1:CB,ClickShare-1862705959,48.84879303,2.36815238,24:B2:B9,36,wpa2,2026-07-03T11:00:00.000Z,2026-07-28T11:00:00.000Z,Paris,Île-de-France,FR,Rue Jules César,75012
24:B2:B9:EB:E1:E3,ClickShare-1862705214,45.76278305,4.85742807,24:B2:B9,36,wpa2,2026-07-27T17:00:00.000Z,2026-07-27T11:00:00.000Z,Lyon,Auvergne-Rhône-Alpes,FR,Boulevard Vivier-Merle,69003
24:B2:B9:EB:E2:5B,LHH-Charonne,48.8703804,2.30482221,24:B2:B9,48,wpa2,2026-05-31T09:00:00.000Z,2026-05-31T04:00:00.000Z,Paris,Île-de-France,FR,Promenade des Champs-Élysées,75008
24:B2:B9:EB:E2:99,ClickShare-SalaEntrada,38.57112122,-0.0771747,24:B2:B9,48,wpa2,2026-05-14T11:00:00.000Z,2026-05-16T21:00:00.000Z,,Comunitat Valenciana,ES,Avinguda Sant Pere,03581
24:B2:B9:EB:E2:E7,ClickShare-1862706507,35.68437958,139.77198792,24:B2:B9,36,wpa2,2025-10-09T08:00:00.000Z,2026-03-29T20:00:00.000Z,中央区,神田錦町,JP,首都高速都心環状線,103-0028
24:B2:B9:EB:E3:1D,ClickShare-OG12,47.39854813,8.61898232,24:B2:B9,36,wpa2,2026-04-13T12:00:00.000Z,2026-06-16T01:00:00.000Z,,Zürich,CH,Wallisellenstrasse,8600
24:B2:B9:EB:E3:29,ClickShare-1862705745,48.84807968,2.34260392,24:B2:B9,36,wpa2,2026-04-24T13:00:00.000Z,2026-04-24T08:00:00.000Z,Paris,Île-de-France,FR,Rue Victor Cousin,75005
24:B2:B9:EB:E3:2B,ClickShare,46.00558853,8.95277309,24:B2:B9,36,wpa2,2026-02-16T08:00:00.000Z,2026-07-22T12:00:00.000Z,Lugano,Ticino,CH,Corso Pestalozzi,6901
24:B2:B9:EB:E3:89,ClickShare-Buero-Anfang,47.26264572,11.397542,24:B2:B9,36,wpa2,2026-08-02T09:00:00.000Z,2026-08-02T08:00:00.000Z,Innsbruck,Tirol,AT,Salurner Straße,6020
24:B2:B9:EB:E3:8F,429,55.6988945,12.59508133,24:B2:B9,36,wpa2,2001-01-01T00:00:00.000Z,2026-06-08T11:00:00.000Z,København,Region Hovedstaden,DK,Dampfærgevej,1259
24:B2:B9:EB:E3:9B,ClickShare-1862705332,47.38929749,8.51401329,24:B2:B9,36,wpa2,2026-05-13T12:00:00.000Z,2026-05-14T21:00:00.000Z,Zürich,Zürich,CH,Pfingstweidstrasse,8010
24:B2:B9:EB:E3:A1,,48.87482834,2.30948877,24:B2:B9,36,wpa2,2026-03-16T12:00:00.000Z,2026-03-16T05:00:00.000Z,Paris,Île-de-France,FR,Rue de Courcelles,75008
24:B2:B9:EB:E3:A9,ClickShare-1862706244,46.94741058,7.43900442,24:B2:B9,36,wpa2,2025-11-18T15:00:00.000Z,2026-05-30T04:00:00.000Z,Bern,Bern/Berne,CH,Bubenbergplatz,3011
24:B2:B9:EB:E3:AD,ClickShare-1862707945,47.56519318,8.88402557,24:B2:B9,36,wpa2,2026-06-07T00:00:00.000Z,2026-06-06T18:00:00.000Z,,Thurgau,CH,A7,8503
24:B2:B9:EB:E3:F3,Level 7 - Boardroom,51.51761627,-0.083908,24:B2:B9,36,wpa2,2026-08-08T16:00:00.000Z,2026-08-08T11:00:00.000Z,City of London,England,GB,Liverpool Street,EC2M 7NX
24:B2:B9:EB:E4:45,CS-3C040,47.20391846,-1.54660201,24:B2:B9,36,wpa2,2026-08-16T16:00:00.000Z,2026-08-16T10:00:00.000Z,Nantes,Pays de la Loire,FR,Boulevard des Martyrs Nantais de la Résistance,44007
24:B2:B9:EB:E4:71,ClickShare-1862707276,51.23192596,3.21248794,24:B2:B9,36,wpa2,2026-05-05T05:00:00.000Z,2026-05-05T07:00:00.000Z,,West-Vlaanderen,BE,Vaartstraat,8000
24:B2:B9:EB:E4:75,ClickShare-1862705920,50.88314438,5.97855568,24:B2:B9,36,wpa2,2026-01-25T14:00:00.000Z,2026-08-14T04:00:00.000Z,Heerlen,Limburg,NL,Bekkerweg,6411EG
24:B2:B9:EB:E4:87,ClickShare-1862710090,51.51607513,-0.14228338,24:B2:B9,36,wpa2,2026-03-12T12:00:00.000Z,2026-08-23T05:00:00.000Z,London,England,GB,Regent Street,W1B 2HB
24:B2:B9:EB:E4:F9,ClickShare-room 200,37.64875412,-77.59657288,24:B2:B9,36,wpa2,2026-06-14T18:00:00.000Z,2026-06-14T15:00:00.000Z,,VA,US,West Broad Street,23060
24:B2:B9:EB:E5:1B,ClickShare-1862706885,49.87207794,8.62722015,24:B2:B9,36,wpa2,2026-04-30T11:00:00.000Z,2026-08-26T06:00:00.000Z,Darmstadt,Hessen,DE,Europaplatz,64293
24:B2:B9:EB:E5:23,ClickShare-DDR,33.48527145,-7.63199615,24:B2:B9,36,wpa2,2026-02-19T09:00:00.000Z,2026-03-26T17:00:00.000Z,,Casablanca-Settat ⵜⵉⴳⵎⵉ ⵜⵓⵎⵍⵉⵍⵜ-ⵙⵟⵟⴰⵜ الدار البيضاء-سطات,MA,Autoroute Casablanca-Agadir طرق السيارات الدار البيضاء - أكادير,27182
24:B2:B9:EB:E5:37,ClickShare-1862710812,48.91700745,2.30812979,24:B2:B9,36,wpa2,2026-06-13T17:00:00.000Z,2026-06-13T10:00:00.000Z,,Île-de-France,FR,N 315,92600
24:B2:B9:EB:E5:6F,CS-475,47.38034058,8.53529167,24:B2:B9,36,wpa2,2026-05-19T08:00:00.000Z,2026-05-19T06:00:00.000Z,Zürich,Zürich,CH,Zollstrasse,8005
24:B2:B9:EB:E5:C5,,51.51748276,-0.11568282,24:B2:B9,36,wpa2,2026-02-28T14:00:00.000Z,2026-07-26T01:00:00.000Z,London Borough of Camden,England,GB,Whetstone Park,WC2
24:B2:B9:EB:E6:31,Clickshare 227,44.30714798,-69.76525116,24:B2:B9,36,wpa2,2026-07-26T23:00:00.000Z,2026-07-26T19:00:00.000Z,Augusta,ME,US,Hospital Street,04330
24:B2:B9:EB:E6:65,ClickShare-room1034 ,39.74365616,-104.84346008,24:B2:B9,36,wpa2,2026-06-30T05:00:00.000Z,2026-06-29T22:00:00.000Z,Aurora,CO,US,Racine Street,80045
24:B2:B9:EB:E6:A7,ClickShare-1862707461,48.87106705,2.29387498,24:B2:B9,36,wpa2,2026-03-18T12:00:00.000Z,2026-03-18T05:00:00.000Z,Paris,Île-de-France,FR,Avenue des Portugais,75116
24:B2:B9:EB:E6:ED,ClickShare-1862707435,44.91714096,0.92659873,24:B2:B9,36,wpa2,2026-06-02T13:00:00.000Z,2026-06-02T08:00:00.000Z,,Nouvelle-Aquitaine,FR,Avenue de la Libération,24260
24:B2:B9:EB:E7:01,Strategic Planning & Excellence,24.46183014,54.32298279,24:B2:B9,36,wpa2,2026-01-29T17:00:00.000Z,2026-01-29T10:00:00.000Z,البطين,أبو ظبي,AE,شارع الكورنيش,898
24:B2:B9:EB:E7:15,ClickShare-Opéra,48.87714005,2.31871891,24:B2:B9,36,wpa2,2026-02-03T12:00:00.000Z,2026-02-03T04:00:00.000Z,Paris,Île-de-France,FR,Rue du Général-Foy,75008
24:B2:B9:EB:E7:95,ClickShare-Meeting Room-B,25.31480408,51.44121552,24:B2:B9,36,wpa2,2026-05-24T12:00:00.000Z,2026-05-24T18:00:00.000Z,الريان,الريان,QA,الاخضري,201204
24:B2:B9:EB:E7:A9,,52.14997482,-3.40635991,24:B2:B9,36,wpa2,2026-04-19T09:00:00.000Z,2026-04-19T02:00:00.000Z,,Cymru / Wales,GB,Park Road,LD2
24:B2:B9:EB:E7:B3,,51.51361465,-0.12581959,24:B2:B9,36,wpa2,2026-04-01T20:00:00.000Z,2026-07-12T13:00:00.000Z,London,England,GB,Shelton Street,WC2H 9JL
24:B2:B9:EB:E7:B7,ClickShare-Meeting Room-C,25.31480789,51.44067764,24:B2:B9,36,wpa2,2026-05-24T12:00:00.000Z,2026-05-24T18:00:00.000Z,الريان,الريان,QA,شارع 2703,20247
24:B2:B9:EB:E7:E3,JSternClickshare,47.36852646,8.53392792,24:B2:B9,1,wpa2,2026-04-17T12:00:00.000Z,2026-04-30T22:00:00.000Z,Zürich,Zürich,CH,Gartenstrasse,8002
24:B2:B9:EB:E7:E9,ClickShare-Mars,51.04732132,3.72724128,24:B2:B9,36,wpa2,2026-03-21T01:00:00.000Z,2026-06-06T02:00:00.000Z,,Oost-Vlaanderen,BE,Sint-Pietersnieuwstraat,9000
24:B2:B9:EB:E8:17,ClickShare-Lehrsaal,51.12915421,9.53845978,24:B2:B9,36,wpa2,2026-01-30T08:00:00.000Z,2026-08-18T05:00:00.000Z,,Hessen,DE,Fritzlarer Straße,34212
24:B2:B9:EB:E8:37,ClickShare-1862708387,48.10266113,-1.67300928,24:B2:B9,36,wpa2,2026-07-01T06:00:00.000Z,2026-07-20T04:00:00.000Z,Rennes,Bretagne,FR,Passerelle Anita Conti,35000|35700|35200
24:B2:B9:EB:E8:85,ClickShare-1862706974,52.0490036,4.41380167,24:B2:B9,36,wpa2,2026-08-30T12:00:00.000Z,2026-08-30T05:00:00.000Z,,Zuid-Holland,NL,Hofweg,2631XA
24:B2:B9:EB:E8:97,ClickShare-1862708508,50.06727219,19.97777557,24:B2:B9,36,wpa2,2026-08-07T14:00:00.000Z,2026-08-11T08:00:00.000Z,,województwo małopolskie,PL,Mogilska,31-445
24:B2:B9:EB:E9:11,ClickShare-ColeConferenceRoom,33.16500854,-117.33927917,24:B2:B9,36,wpa2,2026-05-25T07:00:00.000Z,2026-05-25T02:00:00.000Z,Carlsbad,CA,US,Carlsbad Village Drive,92008
24:B2:B9:EB:E9:2D,ClickShare-1862706223,47.31679153,5.06761169,24:B2:B9,36,wpa2,2026-04-30T15:00:00.000Z,2026-05-06T23:00:00.000Z,Dijon,Bourgogne-Franche-Comté,FR,Rue d'Auxonne,21000
24:B2:B9:EB:E9:D5,CS-2C061,47.20391464,-1.54659855,24:B2:B9,36,wpa2,2026-08-16T16:00:00.000Z,2026-08-16T10:00:00.000Z,Nantes,Pays de la Loire,FR,Boulevard des Martyrs Nantais de la Résistance,44007
24:B2:B9:EB:E9:FB,ClickShare-1862705452,25.08081245,121.57290649,24:B2:B9,165,wpa2,2026-01-26T11:00:00.000Z,2026-07-31T09:00:00.000Z,臺北市,臺北市,TW,內湖路一段,114
24:B2:B9:EB:E9:FF,ClickShare-Stuen,55.68144989,12.59034634,24:B2:B9,40,wpa2,2026-04-13T15:00:00.000Z,2026-06-06T09:00:00.000Z,København,Region Hovedstaden,DK,Lille Strandstræde,1254
24:B2:B9:EB:EA:2B,ClickShare-1862707465,59.3999939,24.65711594,24:B2:B9,36,wpa2,2026-01-27T13:00:00.000Z,2026-01-27T07:00:00.000Z,Tallinn,Harju maakond,EE,Teaduspargi,12618
24:B2:B9:EB:EA:31,ClickShare-1862707418,62.24398422,25.75004959,24:B2:B9,36,wpa2,2026-02-23T13:00:00.000Z,2026-08-29T12:00:00.000Z,Jyväskylä,Manner-Suomi,FI,Kauppakatu,40100
24:B2:B9:EB:EA:3F,,48.21247864,16.36816978,24:B2:B9,36,wpa2,2026-08-30T11:00:00.000Z,2026-08-30T09:00:00.000Z,Wien,Schottenviertel,AT,Tiefer Graben,1010
24:B2:B9:EB:EA:8B,ClickShare-1862707499,43.60767365,3.88468981,24:B2:B9,36,wpa2,2026-05-02T14:00:00.000Z,2026-05-02T09:00:00.000Z,Montpellier,Occitanie,FR,,
24:B2:B9:EB:EA:B3,ClickShare-1862711439,60.2075119,25.05924606,24:B2:B9,36,wpa2,2001-01-01T00:00:00.000Z,2026-05-15T07:00:00.000Z,Helsinki,Manner-Suomi,FI,Itäväylä,00820
24:B2:B9:EB:EB:13,ClickShare-Warhol Conf Rm,40.43771744,-79.9985733,24:B2:B9,36,wpa2,2026-06-09T12:00:00.000Z,2026-06-09T07:00:00.000Z,Pittsburgh,PA,US,Third Avenue,15222
24:B2:B9:EB:EB:25,ClickShare-1863085032,30.22630692,-92.01766968,24:B2:B9,36,wpa2,2026-06-12T02:00:00.000Z,2026-06-14T03:00:00.000Z,Lafayette,LA,US,Jefferson Street,70501
24:B2:B9:EB:EB:2D,ClickShare-DFSS Levy,41.96875381,-87.67967224,24:B2:B9,36,wpa2,2026-07-31T13:00:00.000Z,2026-08-16T13:00:00.000Z,Chicago,IL,US,West Lawrence Avenue,60640
24:B2:B9:EB:EB:31,ClickShare-1863084775,42.93013,-85.68135071,24:B2:B9,36,wpa2,2026-06-04T00:00:00.000Z,2026-07-23T18:00:00.000Z,Grand Rapids,MI,US,US 131,49503:49548
24:B2:B9:EB:EB:57,ClickShare-1862708588,49.3727417,3.34364557,24:B2:B9,36,wpa2,2026-04-11T22:00:00.000Z,2026-04-11T18:00:00.000Z,Soissons,Hauts-de-France,FR,Rue de Villeneuve,02200
24:B2:B9:EB:EB:61,Clickshare-Meetingroom-3,48.22313309,16.38960457,24:B2:B9,36,wpa2,2026-05-03T17:00:00.000Z,2026-05-03T10:00:00.000Z,Wien,Volkertviertel,AT,Nordbahnstraße,1020
24:B2:B9:EB:EB:7B,ClickShare-1862709396,39.26203918,-84.33901978,24:B2:B9,36,wpa2,2026-07-06T11:00:00.000Z,2026-07-07T23:00:00.000Z,,OH,US,Cincinnati By-Pass,45242-5324
24:B2:B9:EB:EB:A9,ClickShare-Rm2B21,29.68520546,-95.41790009,24:B2:B9,36,wpa2,2026-03-14T20:00:00.000Z,2026-07-04T17:00:00.000Z,Houston,TX,US,Murworth Drive,77025
24:B2:B9:EB:EB:D1,ClickShare-1863084691,39.85780716,-84.96385956,24:B2:B9,36,wpa2,2026-07-02T01:00:00.000Z,2026-08-28T09:00:00.000Z,,IN,US,West Industries Road,47392
24:B2:B9:EB:EC:01,ClickShare-CR2,40.20119858,-77.18901062,24:B2:B9,36,wpa2,2026-06-15T15:00:00.000Z,2026-06-15T08:00:00.000Z,,PA,US,South Hanover Street,17013
24:B2:B9:EB:EC:23,ClickShare-TrainingRoom101,33.20280075,-97.17664337,24:B2:B9,36,wpa2,2026-06-10T08:00:00.000Z,2026-06-10T01:00:00.000Z,Denton,TX,US,Airport Road,76207
24:B2:B9:EB:EC:35,ClickShare-Manager,32.54973221,-116.92469025,24:B2:B9,36,wpa2,2026-04-22T08:00:00.000Z,2026-04-23T10:00:00.000Z,Tijuana,Baja California,MX,Avenida Sor Juana Inés de la Cruz,22435
24:B2:B9:EB:EC:39,Click Share - The Bullpen,40.93422318,-72.67443085,24:B2:B9,165,wpa2,2026-08-22T03:00:00.000Z,2026-08-22T01:00:00.000Z,,NY,US,Roanoke Avenue,11901
24:B2:B9:EB:EC:47,ClickShare-1863084611,45.41386414,-75.69469452,24:B2:B9,36,wpa2,2026-04-01T22:00:00.000Z,2026-08-06T20:00:00.000Z,(Old) Ottawa,Ontario,CA,Bank Street,K2P 1X9
24:B2:B9:EB:EC:57,Dexter Enterprises-Conference Rm,43.65795135,-70.25841522,24:B2:B9,6,wpa2,2569-05-01T23:00:00.000Z,2026-05-03T19:00:00.000Z,Portland,ME,US,Congress Street,04101
24:B2:B9:EB:EC:5B,,45.42203522,-75.69680023,24:B2:B9,36,wpa2,2026-08-10T12:00:00.000Z,2026-08-16T21:00:00.000Z,(Old) Ottawa,Ontario,CA,Queen Street,K1P 1A4
24:B2:B9:EB:EC:6B,ClickShare-1863084590,45.5018692,-73.57051086,24:B2:B9,36,wpa2,2026-01-23T02:00:00.000Z,2026-07-21T20:00:00.000Z,Montréal,Québec,CA,Avenue McGill College,H3B 2Y4
24:B2:B9:EB:EC:73,ClickShare-1863084595,43.66698074,-79.39968872,24:B2:B9,36,wpa2,2026-03-04T23:00:00.000Z,2026-03-04T15:00:00.000Z,Old Toronto,Ontario,CA,Bay Street,M4W 1A5
24:B2:B9:EB:EC:7D,,33.90184402,-118.38118744,24:B2:B9,36,wpa2,2026-07-17T18:00:00.000Z,2026-07-20T09:00:00.000Z,,CA,US,Rosecrans Avenue,90266
24:B2:B9:EB:EC:83,Cross 400 Clickshare,44.30791855,-69.78184509,24:B2:B9,40,wpa2,2026-07-25T22:00:00.000Z,2026-07-25T16:00:00.000Z,Augusta,ME,US,Capitol Street,04330
24:B2:B9:EB:EC:91,ClickShare-1863085059,33.74470901,-84.3993988,24:B2:B9,36,wpa2,2026-07-08T20:00:00.000Z,2026-08-19T04:00:00.000Z,Atlanta,GA,US,Ralph David Abernathy Freeway,30303-3506
24:B2:B9:EB:EC:B1,ClickShare-ProgramRoom,53.60231781,-113.44578552,24:B2:B9,36,wpa2,2026-06-12T20:00:00.000Z,2026-06-12T17:00:00.000Z,Edmonton,Alberta,CA,140 Avenue NW,T5C 2R4
24:B2:B9:EB:EC:C1,ClickShare-1863084578,43.66995239,-79.38739014,24:B2:B9,36,wpa2,2026-01-15T01:00:00.000Z,2026-03-30T12:00:00.000Z,Old Toronto,Ontario,CA,Bloor Street West,M4W 1A3
24:B2:B9:EB:ED:0D,,51.51387024,-0.12592611,24:B2:B9,36,wpa2,2026-03-14T14:00:00.000Z,2026-03-14T13:00:00.000Z,London,England,GB,Earlham Street,WC2H 9LJ
24:B2:B9:EB:ED:11,,32.9406395,-96.822052,24:B2:B9,1,wpa2,2026-07-24T22:00:00.000Z,2026-08-15T00:00:00.000Z,Dallas,TX,US,Dallas North Tollway,75001
24:B2:B9:EB:ED:15,ClickShare-Room 12011,52.12589264,-106.65942383,24:B2:B9,44,wpa2,2026-07-15T05:00:00.000Z,2026-07-14T23:00:00.000Z,Saskatoon,Saskatchewan,CA,Spadina Crescent East,S7K 3G6
24:B2:B9:EB:ED:1D,,48.45996857,-123.37654877,24:B2:B9,36,wpa2,2026-04-24T18:00:00.000Z,2026-04-24T11:00:00.000Z,,British Columbia,CA,Vernon Avenue,V8X 2W7
24:B2:B9:EB:ED:AB,NTCSA Meeting Room,51.16109085,-0.1770566,24:B2:B9,36,wpa2,2026-03-01T15:00:00.000Z,2026-08-12T07:00:00.000Z,,England,GB,Departures Road,RH6 0PJ
24:B2:B9:EB:ED:C1,YOKOHAMA,35.4650383,139.6255188,24:B2:B9,36,wpa2,2026-06-13T03:00:00.000Z,2026-06-12T22:00:00.000Z,横浜市,神奈川県,JP,東海道,220-0011
24:B2:B9:EB:EE:6F,ClickShare-Wien,48.13393402,11.56606483,24:B2:B9,36,wpa2,2026-07-11T09:00:00.000Z,2026-07-22T12:00:00.000Z,München,Bayern,DE,Sonnenstraße,80336
24:B2:B9:EB:EE:73,Meetingraum I+D Campus,47.65257645,9.17378139,24:B2:B9,36,wpa2,2026-04-14T09:00:00.000Z,2026-04-29T10:00:00.000Z,,Thurgau,CH,Hauptstrasse,8280
24:B2:B9:EB:EE:77,M8,55.69866562,12.59554577,24:B2:B9,36,wpa2,2026-04-16T06:00:00.000Z,2026-06-22T11:00:00.000Z,København,Region Hovedstaden,DK,Dampfærgevej,1259
24:B2:B9:EB:EE:8B,ClickShare-1862705380,35.67614365,139.77050781,24:B2:B9,36,wpa2,2026-05-29T02:00:00.000Z,2026-05-29T09:00:00.000Z,中央区,京橋三丁目,JP,鍛冶橋通り,104-8340
24:B2:B9:EB:EF:0D,ClickShare-Ruimte 0.11/0.12,52.35919571,4.83289814,24:B2:B9,36,wpa2,2026-08-23T18:00:00.000Z,2026-08-23T12:00:00.000Z,Amsterdam,Noord-Holland,NL,Comeniusstraat,1065BJ
24:B2:B9:EB:EF:49,ClickShare-1862705351,48.8849144,2.31022763,24:B2:B9,36,wpa2,2025-11-19T12:00:00.000Z,2025-11-19T05:00:00.000Z,Paris,Île-de-France,FR,Rue Cardinet,75017
24:B2:B9:EB:EF:63,Salle Versailles,48.86964035,2.36547256,24:B2:B9,36,wpa2,2026-03-28T16:00:00.000Z,2026-03-28T14:00:00.000Z,Paris,Île-de-France,FR,Rue Léon Jouhaux,75010
24:B2:B9:EB:EF:83,ClickShare-Rathaus-507,50.8795166,6.879776,24:B2:B9,36,wpa2,2026-05-08T13:00:00.000Z,2026-05-08T08:00:00.000Z,,Nordrhein-Westfalen,DE,Otto-Räcke-Platz,50354
24:B2:B9:EB:F0:29,ClickShare-1862706773,52.04922104,4.41356134,24:B2:B9,36,wpa2,2026-05-30T16:00:00.000Z,2026-05-30T11:00:00.000Z,,Zuid-Holland,NL,Hofweg,2631XA
24:B2:B9:EB:F0:A1,ClickShare-FCM02,51.22496033,6.77716255,24:B2:B9,36,wpa2,2026-07-10T16:00:00.000Z,2026-08-22T09:00:00.000Z,,Nordrhein-Westfalen,DE,Heinrich-Heine-Allee,40213
24:B2:B9:EB:F0:CD,ClickShare-1862710008,47.42214966,8.50314999,24:B2:B9,36,wpa2,2026-07-12T16:00:00.000Z,2026-08-11T04:00:00.000Z,Zürich,Zürich,CH,Blumenfeldstrasse,8046
24:B2:B9:EB:F1:05,ClickShare-1862710019,51.51749802,-0.17224418,24:B2:B9,36,wpa2,2026-06-12T09:00:00.000Z,2026-06-12T23:00:00.000Z,London,England,GB,Praed Street,W2 1NY
24:B2:B9:EB:F1:0F,ClickShare-1862710142,47.55050278,7.5994339,24:B2:B9,36,wpa2,2026-05-12T07:00:00.000Z,2026-06-20T09:00:00.000Z,Basel,Basel-Stadt,CH,Engelgasse,4052
24:B2:B9:EB:F1:23,ClickShare-vergaderzaal,50.85609436,3.58901358,24:B2:B9,36,wpa2,2026-07-14T09:00:00.000Z,2026-07-14T07:00:00.000Z,,Oost-Vlaanderen,BE,Deinzestraat,9700
24:B2:B9:EB:F1:3B,ClickShare-1862710168,47.48908997,8.43907642,24:B2:B9,36,wpa2,2026-03-20T16:00:00.000Z,2026-03-20T11:00:00.000Z,,Zürich,CH,Neubrunnenstrasse,8162
24:B2:B9:EB:F1:69,ClickShare-1862708478,49.22687531,7.0112772,24:B2:B9,36,wpa2,2026-08-22T11:00:00.000Z,2026-08-22T04:00:00.000Z,Saarbrücken,Saarland,DE,Heinrich-Böcking-Straße,66121
24:B2:B9:EB:F1:FB,ClickShare-1862708681,40.41601944,-3.70422792,24:B2:B9,36,wpa2,2026-08-09T17:00:00.000Z,2026-08-15T14:00:00.000Z,Madrid,Comunidad de Madrid,ES,Plaza de Pontejos,28012
24:B2:B9:EB:F2:15,,40.43783951,-79.99904633,24:B2:B9,36,wpa2,2026-08-21T00:00:00.000Z,2026-08-20T23:00:00.000Z,Pittsburgh,PA,US,Cherry Way,15222
24:B2:B9:EB:F2:39,ClickShare-1862710299,51.51628494,-0.1424367,24:B2:B9,36,wpa2,2026-08-18T20:00:00.000Z,2026-08-23T05:00:00.000Z,London,England,GB,Regent Street,W1
24:B2:B9:EB:F2:77,,48.87456131,2.3097086,24:B2:B9,36,wpa2,2026-03-16T12:00:00.000Z,2026-04-22T09:00:00.000Z,Paris,Île-de-France,FR,Rue de Courcelles,75008
24:B2:B9:EB:F2:79,,63.52359772,22.53108788,24:B2:B9,36,wpa2,2026-07-03T07:00:00.000Z,2026-07-03T04:00:00.000Z,,Manner-Suomi,FI,Topeliusesplanaden,66900
24:B2:B9:EB:F2:83,ClickShare-1862706334,47.52884293,19.07261848,24:B2:B9,36,wpa2,2026-02-10T18:00:00.000Z,2026-08-09T00:00:00.000Z,,Budapest,HU,Róbert Károly körút,1134
24:B2:B9:EB:F2:AD,M7,55.69874191,12.59565353,24:B2:B9,36,wpa2,2026-06-19T14:00:00.000Z,2026-06-22T11:00:00.000Z,København,Region Hovedstaden,DK,Dampfærgevej,1259
24:B2:B9:EB:F2:D5,CS-345,47.38016891,8.53535843,24:B2:B9,36,wpa2,2026-05-19T08:00:00.000Z,2026-06-04T07:00:00.000Z,Zürich,Zürich,CH,Zollstrasse,8005
24:B2:B9:EB:F2:DB,ClickShare-Salle Valentine,50.82822418,4.39378405,24:B2:B9,36,wpa2,2025-12-06T16:00:00.000Z,2026-07-22T09:00:00.000Z,,Région de Bruxelles-Capitale - Brussels Hoofdstedelijk Gewest,BE,Chaussée de Wavre - Steenweg op Waver,1040
24:B2:B9:EB:F2:FD,Room3-2_CS,35.65507889,139.69831848,24:B2:B9,36,wpa2,2026-02-14T08:00:00.000Z,2026-02-14T06:00:00.000Z,渋谷区,桜丘町,JP,,150-8511
24:B2:B9:EB:F2:FF,ClickShare-AlFaisal,24.7766571,46.68492508,24:B2:B9,36,wpa2,2026-03-08T12:00:00.000Z,2026-08-23T18:00:00.000Z,,منطقة الرياض,SA,الدائري الشمالي,13312
24:B2:B9:EB:F3:11,ClickShare-Büro216,47.38043976,8.54162788,24:B2:B9,36,wpa2,2026-02-12T09:00:00.000Z,2026-02-13T13:00:00.000Z,Zürich,Zürich,CH,Neumühlequai,8006
24:B2:B9:EB:F3:2D,,48.87537003,2.31085372,24:B2:B9,36,wpa2,2025-11-07T11:00:00.000Z,2025-11-07T04:00:00.000Z,Paris,Île-de-France,FR,Boulevard Haussmann,75008
24:B2:B9:EB:F3:33,ClickShare-MEDEA,50.84119034,4.37443304,24:B2:B9,36,wpa2,2026-02-16T18:00:00.000Z,2026-08-25T05:00:00.000Z,,Région de Bruxelles-Capitale - Brussels Hoofdstedelijk Gewest,BE,Rue de Trèves - Trierstraat,
24:B2:B9:EB:F3:45,M16,55.69841766,12.59541225,24:B2:B9,36,wpa2,2026-04-13T14:00:00.000Z,2026-06-29T11:00:00.000Z,København,Region Hovedstaden,DK,Dampfærgevej,1259
24:B2:B9:EB:F3:7B,ClickShare-1862706109,47.23578644,6.02737284,24:B2:B9,36,wpa2,2026-01-25T10:00:00.000Z,2026-02-24T04:00:00.000Z,Besançon,Bourgogne-Franche-Comté,FR,Grande Rue,25000
24:B2:B9:EB:F3:A5,ClickShare-1862705559,48.84222412,2.32559586,24:B2:B9,36,wpa2,2026-01-10T00:00:00.000Z,2026-01-09T16:00:00.000Z,Paris,Île-de-France,FR,Rue du Montparnasse,75014
24:B2:B9:EB:F3:E5,ClickShare-Boardroom,-37.81598663,144.96444702,24:B2:B9,36,wpa2,2026-04-30T22:00:00.000Z,2026-08-20T22:00:00.000Z,Melbourne,Victoria,AU,Collins Street,3000
24:B2:B9:EB:F3:E7,ClickShare-1862705445,-33.86836624,151.21113586,24:B2:B9,36,wpa2,2026-08-18T10:00:00.000Z,2026-08-18T03:00:00.000Z,Sydney,New South Wales,AU,Phillip Street,2000
24:B2:B9:EB:F3:F3,BIE_ROOM_L,48.94395828,9.13427734,24:B2:B9,36,wpa2,2026-02-07T15:00:00.000Z,2026-02-07T09:00:00.000Z,,Baden-Württemberg,DE,Etzelstraße,74321
24:B2:B9:EB:F3:F7,ClickShare-1862708844,51.31972504,7.3118434,24:B2:B9,36,wpa2,2026-03-28T15:00:00.000Z,2026-04-08T09:00:00.000Z,,Nordrhein-Westfalen,DE,Haßlinghauser Straße,58285
24:B2:B9:EB:F4:09,ClickShare-1862705139,47.37425232,8.5356369,24:B2:B9,36,wpa2,2026-05-11T17:00:00.000Z,2026-07-25T17:00:00.000Z,Zürich,Zürich,CH,Löwenstrasse,8001
24:B2:B9:EB:F4:1B,CS-145,47.38016891,8.53546619,24:B2:B9,36,wpa2,2026-06-17T15:00:00.000Z,2026-06-17T09:00:00.000Z,Zürich,Zürich,CH,Zollstrasse,8005
24:B2:B9:EB:F4:21,ClickShare - Room 3,47.37733078,8.53954124,24:B2:B9,36,wpa2,2026-02-08T14:00:00.000Z,2026-02-08T07:00:00.000Z,Zürich,Zürich,CH,Bahnhofpassage,8090
24:B2:B9:EB:F4:37,ClickShare-UA5_1_114,55.68067551,12.57247353,24:B2:B9,40,wpa2,2026-04-09T16:00:00.000Z,2026-04-29T02:00:00.000Z,København,Region Hovedstaden,DK,Krystalgade,1165
24:B2:B9:EB:F4:5D,ClickShare-Brouwershuis,50.92786789,4.42315674,24:B2:B9,36,wpa2,2026-07-07T09:00:00.000Z,2026-07-07T02:00:00.000Z,,Vlaams-Brabant,BE,Lange Molenstraat,1800
24:B2:B9:EB:F4:6F,CSC meeting room,51.16335297,-0.17472266,24:B2:B9,1,wpa2,2026-04-03T18:00:00.000Z,2026-07-27T08:00:00.000Z,,England,GB,Longbridge Way,RH6 0NX
24:B2:B9:EB:F4:87,ClickShare-1862707790,51.20940781,4.4082551,24:B2:B9,36,wpa2,2026-04-26T08:00:00.000Z,2026-05-25T09:00:00.000Z,,Antwerpen,BE,Mechelsesteenweg,2018
24:B2:B9:EB:F4:B3,ClickShare-1863083522,46.5124321,-84.33400726,24:B2:B9,36,wpa2,2026-03-23T09:00:00.000Z,2026-08-20T17:00:00.000Z,Sault Ste. Marie,Ontario,CA,Queen Street East,P6A 1Y9
24:B2:B9:EB:F4:D9,ClickShare-Hamburg,48.13422394,11.56582069,24:B2:B9,36,wpa2,2026-07-10T09:00:00.000Z,2026-08-12T10:00:00.000Z,München,Bayern,DE,Sendlinger-Tor-Platz,80336
24:B2:B9:EB:F5:27,ClickShare-1863084885,34.768013,-106.78125,24:B2:B9,36,wpa2,2026-06-20T03:00:00.000Z,2026-06-19T23:00:00.000Z,,NM,US,I 25,87068
24:B2:B9:EB:F5:55,ClickShare-TheBluebonnet,29.87826157,-95.54865265,24:B2:B9,36,wpa2,2026-07-22T19:00:00.000Z,2026-07-22T13:00:00.000Z,,TX,US,West Sam Houston Parkway North,77040
24:B2:B9:EB:F5:67,ClickShare-1863084551,51.04549026,-113.99865723,24:B2:B9,36,wpa2,2026-08-01T19:00:00.000Z,2026-08-01T15:00:00.000Z,Calgary,Alberta,CA,Memorial Drive SE,T2A 7M2
24:B2:B9:EB:F5:73,ClickShare-CR1,40.20075989,-77.18901062,24:B2:B9,36,wpa2,2026-06-15T14:00:00.000Z,2026-06-15T08:00:00.000Z,,PA,US,South Hanover Street,17013
24:B2:B9:EB:F5:91,Penrith Automotive Clickshare,-33.76050949,150.72790527,24:B2:B9,149,wpa2,2026-08-12T04:00:00.000Z,2026-08-30T01:00:00.000Z,,New South Wales,AU,Great Western Highway,2747
24:B2:B9:EB:F5:BF,ClickShare-1862707656,48.7012558,9.21501255,24:B2:B9,36,wpa2,2026-02-06T17:00:00.000Z,2026-02-10T09:00:00.000Z,Stuttgart,Baden-Württemberg,DE,Mönchhof,70599
24:B2:B9:EB:F5:C7,,40.41604614,-3.70424008,24:B2:B9,36,wpa2,2026-08-09T17:00:00.000Z,2026-08-15T14:00:00.000Z,Madrid,Comunidad de Madrid,ES,Plaza de Pontejos,28012
24:B2:B9:EB:F6:07,ClickShare-1862708644,43.30367661,5.38103247,24:B2:B9,36,wpa2,2026-04-18T09:00:00.000Z,2026-08-29T16:00:00.000Z,Marseille,Provence-Alpes-Côte d'Azur,FR,Gare Routière Marseille-Saint-Charles,13001
24:B2:B9:EB:F6:15,ClickShare-1863084668,45.97058105,-66.63596344,24:B2:B9,36,wpa2,2026-01-29T01:00:00.000Z,2026-01-28T17:00:00.000Z,,New Brunswick / Nouveau-Brunswick,CA,Bowlen Street,E3A 3M8
24:B2:B9:EB:F6:7F,ClickShare-203A,49.45539856,11.07863617,24:B2:B9,36,wpa2,2026-04-01T11:00:00.000Z,2026-04-01T08:00:00.000Z,Nürnberg,Bayern,DE,Bindergasse,90403
24:B2:B9:EB:F6:93,ClickShare-1862707837,51.20896149,4.40846062,24:B2:B9,36,wpa2,2026-04-26T08:00:00.000Z,2026-05-22T00:00:00.000Z,,Antwerpen,BE,Mechelsesteenweg,2018
24:B2:B9:EB:F6:D9,ClickShare-1862707815,51.20927811,4.40823746,24:B2:B9,36,wpa2,2026-04-26T08:00:00.000Z,2026-05-22T00:00:00.000Z,,Antwerpen,BE,Mechelsesteenweg,2018
24:B2:B9:EB:F6:EF,ClickShare-1862708179,25.12188148,55.37705612,24:B2:B9,36,wpa2,2026-01-22T17:00:00.000Z,2026-01-22T12:00:00.000Z,,دبي,AE,شارع الشيخ محمد بن زايد,341296
24:B2:B9:EB:F6:FF,ClickShare-1862708042,49.89044189,2.30772877,24:B2:B9,36,wpa2,2026-04-06T15:00:00.000Z,2026-04-06T10:00:00.000Z,Amiens,Hauts-de-France,FR,Place Alphonse Fiquet,80000
24:B2:B9:EB:F8:71,ClickShare-Vendôme,48.87708664,2.31877422,24:B2:B9,36,wpa2,2026-02-03T12:00:00.000Z,2026-02-03T04:00:00.000Z,Paris,Île-de-France,FR,Rue du Général-Foy,75008
24:B2:B9:EB:F8:B5,ClickShare-1862710600,52.31339264,4.58526897,24:B2:B9,36,wpa2,2026-04-17T14:00:00.000Z,2026-05-01T07:00:00.000Z,,Zuid-Holland,NL,Nieuweweg,2182BP
24:B2:B9:EB:F8:C5,ClickShare-1862708036,25.12182999,55.37693405,24:B2:B9,36,wpa2,2026-01-22T17:00:00.000Z,2026-01-22T12:00:00.000Z,,دبي,AE,شارع الشيخ محمد بن زايد,341296
24:B2:B9:EB:F8:DD,ClickShare-Meeting Room-A,25.31469727,51.44132996,24:B2:B9,36,wpa2,2026-05-24T12:00:00.000Z,2026-05-24T18:00:00.000Z,الريان,الريان,QA,الاخضري,201204
24:B2:B9:EB:F8:E3,ClickShare - Cheryls Office,32.54301834,-97.32280731,24:B2:B9,36,wpa2,2026-03-25T23:00:00.000Z,2026-08-21T22:00:00.000Z,,TX,US,West Renfro Street,76028
24:B2:B9:EB:F9:6F,ClickShare-1862707795,51.20891953,4.40844297,24:B2:B9,36,wpa2,2026-04-26T08:00:00.000Z,2026-05-22T00:00:00.000Z,,Antwerpen,BE,Mechelsesteenweg,2018
24:B2:B9:EB:F9:97,ClickShare-1863084220,41.60930252,-93.77492523,24:B2:B9,36,wep,2026-05-22T13:00:00.000Z,2026-07-12T09:00:00.000Z,,IA,US,Northwest 114th Street,50325
24:B2:B9:EB:F9:DF,ClickShare-Köln,48.13448715,11.56578732,24:B2:B9,36,wpa2,2026-07-11T09:00:00.000Z,2026-07-11T03:00:00.000Z,München,Bayern,DE,Sonnenstraße,80331
24:B2:B9:EB:F9:F1,ClickShare-1862707843,51.19153595,4.36793184,24:B2:B9,36,wpa2,2026-03-03T21:00:00.000Z,2026-03-03T13:00:00.000Z,,Antwerpen,BE,Herenpolderbrug,2020
24:B2:B9:EB:F9:FD,ClickShare-1862707900,51.39178085,-0.63253784,24:B2:B9,36,wpa2,2026-03-29T08:00:00.000Z,2026-03-29T02:00:00.000Z,,England,GB,London Road,SL5 0HD
24:B2:B9:EB:FA:1F,ClickShare-1862711396,60.29383087,25.03051949,24:B2:B9,36,wpa2,2026-07-29T10:00:00.000Z,2026-08-13T13:00:00.000Z,Vantaa,Manner-Suomi,FI,Kultarikontie,01300
24:B2:B9:EB:FA:4D,ClickShare-1863084855,39.85780716,-84.96386719,24:B2:B9,36,wpa2,2026-07-02T01:00:00.000Z,2026-08-28T09:00:00.000Z,,IN,US,West Industries Road,47392
24:B2:B9:EB:FA:9F,ClickShare-1862711407,49.44722748,11.04175663,24:B2:B9,36,wpa2,2026-07-04T15:00:00.000Z,2026-08-07T15:00:00.000Z,Nürnberg,Bayern,DE,Witschelstraße,90431
24:B2:B9:EB:FA:A7,ClickShare-1863084319,41.87944794,-87.62924957,24:B2:B9,36,wpa2,2026-05-30T21:00:00.000Z,2026-08-12T16:00:00.000Z,Chicago,IL,US,West Adams Street,60604
24:B2:B9:EB:FA:AF,ClickShare-1863084255,38.90283966,-77.04349518,24:B2:B9,165,wpa2,2025-09-30T12:00:00.000Z,2026-08-21T23:00:00.000Z,Washington,DC,US,19th Street Northwest,20036
24:B2:B9:EB:FB:05,ClickShare-SDR2,48.84804535,2.28389239,24:B2:B9,36,wpa2,2025-12-27T12:00:00.000Z,2026-07-27T06:00:00.000Z,Paris,Île-de-France,FR,Rue du Théâtre,75015
24:B2:B9:EB:FB:6F,ClickShare-1862709743,47.24550629,8.77985764,24:B2:B9,36,wpa2,2026-02-19T12:00:00.000Z,2026-02-20T03:00:00.000Z,,Zürich,CH,Feldbachstrasse,8714
24:B2:B9:EB:FB:73,ClickShare-1862709727,47.35989761,8.52217388,24:B2:B9,36,wpa2,2026-05-10T14:00:00.000Z,2026-05-10T08:00:00.000Z,Zürich,Zürich,CH,Edenstrasse,8045
24:B2:B9:EB:FB:9D,ClickShare-Kitchen,39.24052429,-84.45095825,24:B2:B9,36,wpa2,2026-03-29T02:00:00.000Z,2026-06-15T15:00:00.000Z,,OH,US,Mill Creek Expressway,45215-2334
24:B2:B9:EB:FB:A1,ClickShare-1863084949,39.70529938,-104.93992615,24:B2:B9,1,wpa2,2026-02-17T22:00:00.000Z,2026-08-30T00:00:00.000Z,,CO,US,East Exposition Circle North,80246
24:B2:B9:EB:FB:E7,ClickShare-1862705317,48.87329865,2.32086468,24:B2:B9,36,wpa2,2025-12-23T11:00:00.000Z,2026-05-06T04:00:00.000Z,Paris,Île-de-France,FR,Accès Parking Malesherbes Anjou,75008
24:B2:B9:EB:FC:73,CS - Mødelokale - AO Rødovre,55.69554901,12.43259239,24:B2:B9,36,wpa2,2026-07-13T03:00:00.000Z,2026-07-27T01:00:00.000Z,,Region Hovedstaden,DK,Islevdalvej,2610
24:B2:B9:EB:FC:8B,ClickShare-ATLAS,50.84115982,4.37434626,24:B2:B9,36,wpa2,2026-02-16T18:00:00.000Z,2026-08-25T05:00:00.000Z,,Région de Bruxelles-Capitale - Brussels Hoofdstedelijk Gewest,BE,Rue de Trèves - Trierstraat,
24:B2:B9:EB:FC:BB,ClickShare-Break Room,35.18638992,-80.90079498,24:B2:B9,36,wpa2,2026-06-27T04:00:00.000Z,2026-08-17T13:00:00.000Z,Charlotte,NC,US,Billy Graham Parkway,28217
24:B2:B9:EB:FC:C7,ClickShare-Eventspace,50.8555336,5.68912506,24:B2:B9,36,wpa2,2026-08-01T09:00:00.000Z,2026-08-01T02:00:00.000Z,Maastricht,Limburg,NL,Sphinxcour,6211
24:B2:B9:EB:FD:2B,ClickShare-1862707686,51.43928528,6.87866879,24:B2:B9,36,wep,2026-01-23T05:00:00.000Z,2026-01-22T21:00:00.000Z,Mülheim an der Ruhr,Nordrhein-Westfalen,DE,Wiesenstraße,45473
24:B2:B9:EB:FD:45,ClickShare-Squash,55.67443466,12.57481098,24:B2:B9,36,wpa2,2026-07-31T12:00:00.000Z,2026-07-31T10:00:00.000Z,København,Region Hovedstaden,DK,Ny Vestergade,1471
24:B2:B9:EB:FD:5B,ClickShare-1862710997,48.85319519,2.31301022,24:B2:B9,36,wpa2,2026-08-23T18:00:00.000Z,2026-08-28T14:00:00.000Z,Paris,Île-de-France,FR,Avenue de Villars,75007
24:B2:B9:EB:FD:67,ClickShare-1862710378,51.51340866,-0.15367369,24:B2:B9,36,wpa2,2026-08-03T15:00:00.000Z,2026-08-03T08:00:00.000Z,London,England,GB,North Audley Street,W1K 6ZD
24:B2:B9:EB:FD:77,ClickShare De Leie,51.05420303,3.72061658,24:B2:B9,36,wpa2,2026-08-15T19:00:00.000Z,2026-08-16T12:00:00.000Z,,Oost-Vlaanderen,BE,Graslei,9000
24:B2:B9:EB:FD:B5,ClickShare-1863084386,44.98630905,-93.27731323,24:B2:B9,36,wpa2,2026-04-17T23:00:00.000Z,2026-06-27T14:00:00.000Z,Minneapolis,MN,US,3rd Street North,55401
24:B2:B9:EB:FE:0B,ClickShare-1863084213,44.9864006,-93.27755737,24:B2:B9,36,wpa2,2026-06-27T19:00:00.000Z,2026-06-27T14:00:00.000Z,Minneapolis,MN,US,3rd Street North,55401
24:B2:B9:EB:FE:71,Room 112,32.86216354,-96.81162262,24:B2:B9,36,wpa2,2026-04-21T15:00:00.000Z,2026-07-24T20:00:00.000Z,Dallas,TX,US,Lomo Alto Drive,75225
24:B2:B9:EB:FE:8D,,38.89767456,-77.02972412,24:B2:B9,36,wpa2,2026-07-11T15:00:00.000Z,2026-07-11T08:00:00.000Z,Washington,DC,US,13th Street Northwest,20005
24:B2:B9:EB:FE:A9,ClickShare-1863085070,40.9340477,-72.67377472,24:B2:B9,36,wpa2,2026-08-22T03:00:00.000Z,2026-08-22T01:00:00.000Z,,NY,US,Roanoke Avenue,11901
24:B2:B9:EB:FE:D7,ClickShare-1863084548,45.49279404,-73.6870575,24:B2:B9,36,wpa2,2025-08-29T20:00:00.000Z,2026-03-23T16:00:00.000Z,Montréal,Québec,CA,Rue Isabey,H4T 1C3
24:B2:B9:EB:FF:01,ClickShare-CIO Office,29.71117401,-95.45996094,24:B2:B9,36,wpa2,2026-07-07T13:00:00.000Z,2026-07-21T11:00:00.000Z,Bellaire,TX,US,West Loop South,77401
24:B2:B9:EB:FF:07,ClickShare-1863084915,29.75522804,-95.36492157,24:B2:B9,36,wpa2,2026-08-12T23:00:00.000Z,2026-08-13T10:00:00.000Z,Houston,TX,US,Fannin Street,77002
24:B2:B9:EB:FF:0F,Barco_ClickShare,37.03798676,-76.34958649,24:B2:B9,36,wpa2,2026-08-07T19:00:00.000Z,2026-08-07T18:00:00.000Z,Hampton,VA,US,Rip Rap Road,23669
24:B2:B9:EB:FF:5F,ClickShare-Grøn,55.67443466,12.57481098,24:B2:B9,36,wpa2,2026-07-31T12:00:00.000Z,2026-07-31T10:00:00.000Z,København,Region Hovedstaden,DK,Ny Vestergade,1471
24:B2:B9:EB:FF:97,ClickShare-1862711392,51.51797485,-0.11904762,24:B2:B9,36,wpa2,2026-08-08T16:00:00.000Z,2026-08-08T10:00:00.000Z,London,England,GB,Procter Street,WC1V 6LF
24:B2:B9:EB:FF:F1,ClickShare-1862710929,48.8758316,2.30971241,24:B2:B9,36,wpa2,2026-08-17T11:00:00.000Z,2026-08-17T04:00:00.000Z,Paris,Île-de-France,FR,Rue du Docteur Lancereaux,75008
24:B2:B9:EC:00:4B,ClickShare-1862709273,-33.86840439,151.2073822,24:B2:B9,36,wpa2,2026-04-08T01:00:00.000Z,2026-06-22T17:00:00.000Z,Sydney,New South Wales,AU,King Street,2000
24:B2:B9:EC:00:4D,ClickShare-1862707365,62.24386597,25.7498455,24:B2:B9,36,wpa2,2026-06-27T09:00:00.000Z,2026-06-27T04:00:00.000Z,Jyväskylä,Manner-Suomi,FI,Kauppakatu,40100
24:B2:B9:EC:00:71,,39.94568253,-76.71994781,24:B2:B9,165,wpa2,2026-07-31T16:00:00.000Z,2026-07-31T16:00:00.000Z,York,PA,US,South George Street,17403
24:B2:B9:EC:00:87,ClickShare kleinevergaderkamer 1,52.24275589,5.98303175,24:B2:B9,36,wpa2,2026-05-22T18:00:00.000Z,2026-05-22T11:00:00.000Z,Apeldoorn,Gelderland,NL,Oost Veluweweg,7324AE
24:B2:B9:EC:00:95,ClickShare-1862709232,3.12620592,101.72821045,24:B2:B9,36,wpa2,2026-06-19T09:00:00.000Z,2026-07-04T23:00:00.000Z,Kuala Lumpur,Maluri,MY,Jalan Jejaka,55100
24:B2:B9:EC:00:E5,ClickShare-Confrence Room,-21.14447021,149.13121033,24:B2:B9,36,wpa2,2026-05-29T00:00:00.000Z,2026-06-02T16:00:00.000Z,Mackay,Queensland,AU,Mackay Ring Road,
24:B2:B9:EC:01:07,ClickShare-1862707308,51.50636292,-0.13799521,24:B2:B9,36,wpa2,2026-05-05T13:00:00.000Z,2026-08-25T23:00:00.000Z,London,England,GB,Bury Street,SW1Y 6LX
24:B2:B9:EC:01:5B,ClickShare-1863084002,38.42067337,-121.39416504,24:B2:B9,36,wpa2,2026-07-11T23:00:00.000Z,2026-07-26T17:00:00.000Z,Elk Grove,CA,US,South Sacramento Freeway,95624
24:B2:B9:EC:01:D3,ClickShare-8SCO 133,-33.77534103,151.11549377,24:B2:B9,36,wpa2,2026-01-17T02:00:00.000Z,2026-01-16T19:00:00.000Z,Sydney,New South Wales,AU,University Avenue,2113
24:B2:B9:EC:02:01,ClickShare - Town Hall 2,29.59317398,-98.61972046,24:B2:B9,11,wpa2,2026-05-05T00:00:00.000Z,2026-08-20T06:00:00.000Z,San Antonio,TX,US,La Cantera Parkway,78249-1620
24:B2:B9:EC:02:4B,ClickShare-1862709339,30.29820442,-97.70476532,24:B2:B9,36,wpa2,2026-04-13T22:00:00.000Z,2026-07-01T19:00:00.000Z,Austin,TX,US,McBee Street,78723
24:B2:B9:EC:02:95,ClickShare-17.02,1.29381895,103.85126495,24:B2:B9,36,wpa2,2026-04-03T02:00:00.000Z,2026-07-20T05:00:00.000Z,Singapore,Central,SG,Flag Road,178905
24:B2:B9:EC:02:AD,ClickShare-RPD-INV,35.85860443,-78.57662201,24:B2:B9,36,wpa2,2026-07-14T18:00:00.000Z,2026-08-06T19:00:00.000Z,Raleigh,NC,US,Spring Forest Road,27616-4605
24:B2:B9:EC:02:E3,ClickShare-HGGM,48.80693817,9.38573933,24:B2:B9,1,wpa2,2026-07-19T07:00:00.000Z,2026-07-19T04:00:00.000Z,,Baden-Württemberg,DE,Poststraße,71384
24:B2:B9:EC:02:E5,ClickShare-1862710355,62.23852158,25.74733925,24:B2:B9,36,wpa2,2026-03-18T15:00:00.000Z,2026-07-12T09:00:00.000Z,Jyväskylä,Manner-Suomi,FI,Hannikaisenkatu,40100
24:B2:B9:EC:02:EB,ClickShare-Polynesia,50.86206818,4.3591218,24:B2:B9,36,wpa2,2001-01-01T00:00:00.000Z,2026-05-20T17:00:00.000Z,,Région de Bruxelles-Capitale - Brussels Hoofdstedelijk Gewest,BE,Place Solvay - Solvayplein,1030
24:B2:B9:EC:03:03,ClickShare-1862711514,24.81367111,46.62485504,24:B2:B9,36,wpa2,2026-07-19T17:00:00.000Z,2026-07-20T09:00:00.000Z,,منطقة الرياض,SA,,13524
24:B2:B9:EC:03:2F,ClickShare-1862710025,51.51631546,-0.14240026,24:B2:B9,36,wpa2,2026-03-05T13:00:00.000Z,2026-08-23T05:00:00.000Z,London,England,GB,Regent Street,W1
24:B2:B9:EC:03:C5,ClickShare-1862711404,47.31740189,5.03148937,24:B2:B9,36,wpa2,2026-03-08T13:00:00.000Z,2026-07-01T20:00:00.000Z,Dijon,Bourgogne-Franche-Comté,FR,Rue de l'Hôpital,21000
24:B2:B9:EC:04:39,ClickShare-1862708234,50.852005,4.36803102,24:B2:B9,36,wpa2,2025-10-21T19:00:00.000Z,2026-03-07T16:00:00.000Z,Bruxelles - Brussel,Région de Bruxelles-Capitale - Brussels Hoofdstedelijk Gewest,BE,Boulevard Bischoffsheim - Bischoffsheimlaan,1000
24:B2:B9:EC:04:43,ClickShare-208,49.45541382,11.0768795,24:B2:B9,36,wpa2,2026-05-30T13:00:00.000Z,2026-05-30T10:00:00.000Z,Nürnberg,Bayern,DE,Winklerstraße,90403
24:B2:B9:EC:04:5B,CS-1C061,47.20391464,-1.54659855,24:B2:B9,36,wpa2,2026-08-16T16:00:00.000Z,2026-08-16T10:00:00.000Z,Nantes,Pays de la Loire,FR,Boulevard des Martyrs Nantais de la Résistance,44007
24:B2:B9:EC:05:03,ClickShare - Libary,51.50803375,-0.14662637,24:B2:B9,36,wpa2,2026-06-20T15:00:00.000Z,2026-06-20T14:00:00.000Z,London,England,GB,Charles Street,W1J 5EB
24:B2:B9:EC:66:93,,28.5982151,-81.2087326,24:B2:B9,112,unknown,2026-06-19T20:00:00.000Z,2026-06-19T14:00:00.000Z,Orlando,FL,US,Alafaya Trail,32826
24:B2:B9:EC:78:A5,,29.60165977,-82.4389801,24:B2:B9,11,none,2026-08-25T11:00:00.000Z,2026-08-25T13:00:00.000Z,,FL,US,Southwest 91st Street,32608:32618
24:B2:B9:EC:A8:11,Flock,-29.67417908,-53.81053925,24:B2:B9,1,none,2026-08-21T14:00:00.000Z,2026-08-21T12:00:00.000Z,Santa Maria,Rio Grande do Sul,BR,Rua Sete de Setembro,97045-450
24:B2:B9:ED:77:C3,ClickShare-1862706936-Z-02-39,52.04925537,4.4136796,24:B2:B9,36,wpa2,2025-12-28T14:00:00.000Z,2025-12-28T07:00:00.000Z,,Zuid-Holland,NL,Prismastraat,2631RT
24:B2:B9:F0:68:3F,,47.92336655,-122.23408508,24:B2:B9,11,wpa2,2026-07-01T21:00:00.000Z,2026-07-01T15:00:00.000Z,Everett,WA,US,Boeing Freeway,98203
24:B2:B9:F0:A2:47,,33.68354034,-117.82116699,24:B2:B9,12,none,2026-08-01T16:00:00.000Z,2026-08-01T21:00:00.000Z,Irvine,CA,US,,92614
24:B2:B9:F0:A3:BD,,37.72219467,-97.2905426,24:B2:B9,1,unknown,2026-08-24T13:00:00.000Z,2026-08-26T19:00:00.000Z,Wichita,KS,US,Fairmount Street,67260
24:B2:B9:F0:E6:D1,,51.12594604,17.04647446,24:B2:B9,7,none,2026-08-22T20:00:00.000Z,2026-08-22T13:00:00.000Z,Wrocław,województwo dolnośląskie,PL,Jedności Narodowej,50-001
24:B2:B9:F1:D4:0F,,48.20136642,16.359478,24:B2:B9,0,unknown,2026-02-16T11:00:00.000Z,2026-02-16T04:00:00.000Z,Wien,Spittelberg,AT,Mariahilfer Straße,1070
24:B2:B9:F2:41:D5,ClickShare-H121,47.26164627,8.59387207,24:B2:B9,36,wpa2,2026-07-25T07:00:00.000Z,2026-08-30T05:00:00.000Z,,Zürich,CH,Seestrasse,8810
24:B2:B9:F2:42:3B,,45.50512695,-73.57206726,24:B2:B9,36,wpa2,2026-07-10T15:00:00.000Z,2026-07-10T16:00:00.000Z,Montréal,Québec,CA,Avenue Union,H3A 2C1
24:B2:B9:F2:42:63,ClickShare-1863087775,40.75542068,-73.9796524,24:B2:B9,36,wpa2,2026-06-28T02:00:00.000Z,2026-07-20T01:00:00.000Z,City of New York,NY,US,5th Avenue,10036
24:B2:B9:F2:42:89,,53.53884125,-113.50650787,24:B2:B9,36,wpa2,2026-07-26T01:00:00.000Z,2026-07-25T20:00:00.000Z,Edmonton,Alberta,CA,108 Street NW,T5K2G6
24:B2:B9:F2:42:8D,AV-WHISTLER-BARCO,49.28787994,-123.11434937,24:B2:B9,36,wpa2,2026-07-15T20:00:00.000Z,2026-07-23T01:00:00.000Z,Vancouver,British Columbia,CA,West Waterfront Road,V6C
24:B2:B9:F2:42:8F,ClickShare-1862716797,49.20980835,-122.86294556,24:B2:B9,36,wep,2026-07-10T20:00:00.000Z,2026-07-12T21:00:00.000Z,Surrey,British Columbia,CA,Bridgeview Drive,V3R 2N1
24:B2:B9:F2:42:93,ClickShare-1863090641,33.09990311,-96.8250885,24:B2:B9,36,wpa2,2026-02-23T19:00:00.000Z,2026-02-23T11:00:00.000Z,Frisco,TX,US,Dallas Parkway,75024
24:B2:B9:F2:42:F7,ClickShare-LI-Conf-Rm-1,40.8166275,-73.26412201,24:B2:B9,36,wpa2,2026-06-23T21:00:00.000Z,2026-06-23T20:00:00.000Z,,NY,US,Oser Avenue,11788
24:B2:B9:F2:43:0D,ClickShare-1862715273,-33.87766647,151.20610046,24:B2:B9,36,wpa2,2026-05-03T05:00:00.000Z,2026-07-18T03:00:00.000Z,Sydney,New South Wales,AU,George Street,2000
24:B2:B9:F2:43:45,,45.50461578,-73.5711441,24:B2:B9,36,wpa2,2026-07-10T15:00:00.000Z,2026-07-10T16:00:00.000Z,Montréal,Québec,CA,Boulevard De Maisonneuve Ouest,H3A 3J2
24:B2:B9:F2:43:75,ClickShare-1862715403,34.70530319,135.54330444,24:B2:B9,36,wpa2,2026-04-02T05:00:00.000Z,2026-08-09T06:00:00.000Z,大阪市,大阪府,JP,,536-0007
24:B2:B9:F2:43:9D,ClickShare-1862715407,34.70536041,135.54312134,24:B2:B9,36,wpa2,2026-01-28T01:00:00.000Z,2026-08-09T06:00:00.000Z,大阪市,大阪府,JP,,536-0007
24:B2:B9:F2:43:DF,ClickShare-1862716916,53.52648926,-113.36263275,24:B2:B9,36,wpa2,2026-08-19T02:00:00.000Z,2026-08-19T05:00:00.000Z,Sherwood Park,Alberta,CA,92 Avenue,T6P 1L3
24:B2:B9:F2:44:31,WLM-AECCONF-201,41.39498901,-81.64533997,24:B2:B9,36,wpa2,2026-06-22T01:00:00.000Z,2026-08-22T11:00:00.000Z,,OH,US,Rockside Road,44131
24:B2:B9:F2:45:0F,ClickShare-1863090849,34.07535934,-118.37879944,24:B2:B9,36,wpa2,2026-03-21T20:00:00.000Z,2026-03-21T13:00:00.000Z,Los Angeles,CA,US,South San Vicente Boulevard,90048
24:B2:B9:F2:45:17,ClickShare-1863090107,41.44211578,-82.75668335,24:B2:B9,36,wpa2,2026-07-27T16:00:00.000Z,2026-07-27T09:00:00.000Z,Sandusky,OH,US,Venice Road,44870
24:B2:B9:F2:45:53,ClickShare-1863089014,30.26620293,-97.74317169,24:B2:B9,36,wpa2,2026-08-23T01:00:00.000Z,2026-08-30T01:00:00.000Z,Austin,TX,US,Congress Avenue,78701
24:B2:B9:F2:45:71,ClickShare-1863089011,40.26280975,-96.74609375,24:B2:B9,36,wpa2,2026-07-05T15:00:00.000Z,2026-08-17T22:00:00.000Z,Beatrice,NE,US,Scott Street,68310
24:B2:B9:F2:45:B5,,38.03615189,-78.4872818,24:B2:B9,36,wpa2,2026-03-22T15:00:00.000Z,2026-05-23T10:00:00.000Z,Charlottesville,VA,US,Preston Avenue,22908
24:B2:B9:F2:45:B9,Arthur's ClickShare-Main,38.80303955,-77.05163574,24:B2:B9,36,wpa2,2026-03-24T20:00:00.000Z,2026-07-29T13:00:00.000Z,Alexandria,VA,US,South Henry Street,22314
24:B2:B9:F2:45:FF,,33.86084366,-118.09108734,24:B2:B9,1,wpa2,2026-05-17T02:00:00.000Z,2026-06-09T14:00:00.000Z,,CA,US,Gridley Road,90703-6612
24:B2:B9:F2:46:0D,ClickShare-1863087748,42.32920456,-83.04508972,24:B2:B9,36,wpa2,2026-05-25T03:00:00.000Z,2026-06-06T12:00:00.000Z,Detroit,MI,US,Spirit of Detroit Plaza,48226-4449
24:B2:B9:F2:46:3D,ClickShare - Courtroom 1011,42.32884216,-83.04418182,24:B2:B9,36,wpa2,2026-05-30T19:00:00.000Z,2026-05-30T16:00:00.000Z,Detroit,MI,US,East Jefferson Avenue,48226-4449
24:B2:B9:F2:46:9F,ClickShare-1863088702,34.00345612,-81.03448486,24:B2:B9,36,wpa2,2026-07-05T22:00:00.000Z,2026-08-10T19:00:00.000Z,Columbia,SC,US,Main Street,29203
24:B2:B9:F2:47:11,ClickShare-Barco 1,29.42643547,-98.48846436,24:B2:B9,36,wpa2,2026-08-27T04:00:00.000Z,2026-08-28T23:00:00.000Z,San Antonio,TX,US,North Presa Street,78205
24:B2:B9:F2:47:C1,,45.50485611,-73.57157898,24:B2:B9,36,wpa2,2026-07-10T15:00:00.000Z,2026-07-10T16:00:00.000Z,Montréal,Québec,CA,Avenue Union,H3A 2C1
24:B2:B9:F2:47:C9,ClickShare-1862716450,46.51260376,-84.33335876,24:B2:B9,36,wpa2,2026-07-14T18:00:00.000Z,2026-08-25T16:00:00.000Z,Sault Ste. Marie,Ontario,CA,Elgin Street,P6A 1X1
24:B2:B9:F2:47:D5,ClickShare-MCP,53.5700264,-113.28237915,24:B2:B9,165,wpa2,2026-05-26T19:00:00.000Z,2026-05-26T12:00:00.000Z,Sherwood Park,Alberta,CA,Yellowhead Highway,T8H 0K9
24:B2:B9:F2:48:27,,53.5389595,-113.50659943,24:B2:B9,36,wpa2,2026-08-24T05:00:00.000Z,2026-08-24T00:00:00.000Z,Edmonton,Alberta,CA,108 Street NW,T5K2G6
24:B2:B9:F2:48:3B,ClickShare-Konferenzraum,48.37497711,10.90483284,24:B2:B9,36,wpa2,2026-06-14T16:00:00.000Z,2026-06-14T10:00:00.000Z,Augsburg,Bayern,DE,Riedlerstraße,86152
24:B2:B9:F2:48:4B,Melanchthon Room,38.63860321,-90.47546387,24:B2:B9,165,wpa2,2026-07-23T15:00:00.000Z,2026-08-11T10:00:00.000Z,,MO,US,Avenue of the Saints,63141
24:B2:B9:F2:48:6B,,38.90267944,-77.04598999,24:B2:B9,36,wpa2,2026-08-07T23:00:00.000Z,2026-08-17T16:00:00.000Z,Washington,DC,US,K Street Northwest (access road),20036-5305
24:B2:B9:F2:49:03,ClickShare-1863086860,36.16764069,-86.77853394,24:B2:B9,36,wpa2,2026-05-26T02:00:00.000Z,2026-07-31T21:00:00.000Z,Nashville-Davidson,TN,US,James Robertson Parkway,37201
24:B2:B9:F2:49:75,ClickShare-1863087581,38.90449905,-77.05924988,24:B2:B9,36,wpa2,2026-08-14T21:00:00.000Z,2026-08-17T20:00:00.000Z,Washington,DC,US,30th Street Northwest,20007
24:B2:B9:F2:49:A9,Smith Room,27.94527626,-82.46468353,24:B2:B9,36,wpa2,2026-07-11T07:00:00.000Z,2026-08-31T01:00:00.000Z,Tampa,FL,US,West Kennedy Boulevard,33606
24:B2:B9:F2:4A:09,ClickShare-1863087291,39.04998398,-95.67973328,24:B2:B9,36,wpa2,2026-06-14T17:00:00.000Z,2026-08-23T17:00:00.000Z,Topeka,KS,US,Southwest Harrison Street,66612
24:B2:B9:F2:4A:0B,Harding_meeting_room,33.16116333,-117.3440094,24:B2:B9,36,wpa2,2026-08-14T16:00:00.000Z,2026-08-21T23:00:00.000Z,Carlsbad,CA,US,Harding Street,92008
24:B2:B9:F2:4A:2B,ClickShare-EOOS,41.88675308,-87.65449524,24:B2:B9,36,wpa2,2026-07-09T22:00:00.000Z,2026-07-14T12:00:00.000Z,Chicago,IL,US,North Aberdeen Street,60622
24:B2:B9:F2:4A:5F,ClickShare-1862713989,48.99967194,8.46758938,24:B2:B9,36,wpa2,2026-07-12T11:00:00.000Z,2026-08-10T07:00:00.000Z,Karlsruhe,Baden-Württemberg,DE,Seboldstraße,76227
24:B2:B9:F2:4A:C7,,45.5050354,-73.57190704,24:B2:B9,36,wpa2,2026-07-10T15:00:00.000Z,2026-07-10T16:00:00.000Z,Montréal,Québec,CA,Avenue du Président-Kennedy,H3A 2C1
24:B2:B9:F2:4A:D9,ClickShare-ZM4,50.07536697,14.4561224,24:B2:B9,36,wpa2,2006-10-11T06:00:00.000Z,2026-08-04T23:00:00.000Z,Hlavní město Praha,Praha,CZ,Korunní,13000
24:B2:B9:F2:4B:0B,Church ClickShare,35.22663498,-80.84380341,24:B2:B9,36,wpa2,2026-08-20T14:00:00.000Z,2026-08-31T01:00:00.000Z,Charlotte,NC,US,South Tryon Street,28273
24:B2:B9:F2:4B:39,IP1-SALA-4,40.41992569,-3.68791485,24:B2:B9,36,wpa2,2026-03-22T14:00:00.000Z,2026-08-05T08:00:00.000Z,Madrid,Comunidad de Madrid,ES,Calle de Alcalá,28009
24:B2:B9:F2:4C:F9,,53.3428154,-6.27873182,24:B2:B9,36,wpa2,2026-04-17T05:00:00.000Z,2026-04-17T14:00:00.000Z,Dublin,Leinster,IE,Thomas Street,D08 C44P
24:B2:B9:F2:4D:43,,37.38463211,-79.16358185,24:B2:B9,36,wpa2,2026-08-21T18:00:00.000Z,2026-08-21T14:00:00.000Z,Lynchburg,VA,US,Odd Fellows Road,24501
24:B2:B9:F2:4D:53,ClickShare-1862711721,48.27326584,14.31279564,24:B2:B9,36,wpa2,2026-04-05T10:00:00.000Z,2026-04-05T04:00:00.000Z,Linz,Oberösterreich,AT,Salzburger Straße,4030
24:B2:B9:F2:4D:C5,ClickShare-1863085143,40.74560547,-73.98361206,24:B2:B9,36,wpa2,2026-08-24T18:00:00.000Z,2026-08-27T20:00:00.000Z,City of New York,NY,US,East 31st Street,10016
24:B2:B9:F2:4D:F1,ClickShare-SE,40.76154709,-73.97707367,24:B2:B9,165,wpa2,2026-08-05T18:00:00.000Z,2026-08-15T08:00:00.000Z,City of New York,NY,US,West 53rd Street,10019
24:B2:B9:F2:4D:F3,,40.57097244,-74.49500275,24:B2:B9,36,wep,2026-08-29T21:00:00.000Z,2026-08-30T09:00:00.000Z,,NJ,US,Lincoln Boulevard,08846
24:B2:B9:F2:4E:2B,AC-CONFERENCE-ROOM-1A-CS,39.36369324,-74.42394257,24:B2:B9,36,wpa2,2026-05-27T00:00:00.000Z,2026-05-26T17:00:00.000Z,Atlantic City,NJ,US,Atlantic Avenue,08402
24:B2:B9:F2:4E:33,ClickShare-1863086140,45.50247192,-73.5615921,24:B2:B9,36,wpa2,2025-11-10T20:00:00.000Z,2025-11-10T13:00:00.000Z,Montréal,Québec,CA,Rue Saint-Antoine Ouest,H2Z 2A3
24:B2:B9:F2:4E:81,ClickShare-1863090286,32.81046295,-79.87039948,24:B2:B9,36,wpa2,2026-04-26T18:00:00.000Z,2026-05-08T14:00:00.000Z,,SC,US,North Highway 17,29464-9998
24:B2:B9:F2:4E:BB,ClickShare-ZM6,50.0757103,14.45527363,24:B2:B9,36,wpa2,2026-08-05T04:00:00.000Z,2026-08-04T23:00:00.000Z,Hlavní město Praha,Praha,CZ,Korunní,13000
24:B2:B9:F2:4E:CD,ClickShare-1862709786,47.5080986,7.5552001,24:B2:B9,36,wpa2,2024-04-08T06:00:00.000Z,2026-02-06T06:00:00.000Z,,Basel-Landschaft,CH,Mühlemattstrasse,4104
24:B2:B9:F2:4E:E7,ClickShare-1862709918,51.2087822,4.40865374,24:B2:B9,36,wpa2,2026-05-20T18:00:00.000Z,2026-05-22T00:00:00.000Z,,Antwerpen,BE,Mechelsesteenweg,2018
24:B2:B9:F2:4F:11,ClickShare_1.5_Refter,51.23615646,4.47807789,24:B2:B9,36,wpa2,2026-01-20T07:00:00.000Z,2026-08-17T08:00:00.000Z,,Antwerpen,BE,Bisschoppenhoflaan,2100
24:B2:B9:F2:4F:31,ClickShare-1863085542,43.71650696,-79.44718933,24:B2:B9,36,wpa2,2025-12-09T00:00:00.000Z,2025-12-09T20:00:00.000Z,Toronto,Ontario,CA,Lawrence Avenue West,M6A 3B4
24:B2:B9:F2:4F:63,ClickShare-2068B,47.02648544,15.48763943,24:B2:B9,36,wpa2,2026-07-02T12:00:00.000Z,2026-07-02T06:00:00.000Z,Raaba-Grambach,Steiermark,AT,Dr.-Auner-Straße,8074
24:B2:B9:F2:4F:97,ClickShare-1863086436,40.76082993,-73.97705841,24:B2:B9,36,wpa2,2026-05-31T16:00:00.000Z,2026-07-29T18:00:00.000Z,City of New York,NY,US,West 53rd Street,10019
24:B2:B9:F2:50:1B,Helm Executive Conference Room,34.84973526,-82.40137482,24:B2:B9,36,wpa2,2026-03-28T21:00:00.000Z,2026-03-28T15:00:00.000Z,Greenville,SC,US,West McBee Avenue,29601
24:B2:B9:F2:50:25,,44.94870758,-93.09541321,24:B2:B9,36,wpa2,2026-05-31T22:00:00.000Z,2026-05-31T16:00:00.000Z,Saint Paul,MN,US,7th Street East,55101
24:B2:B9:F2:50:57,Mistnost-0075,50.07507706,14.40803337,24:B2:B9,36,wpa2,2026-03-01T14:00:00.000Z,2026-06-29T11:00:00.000Z,Hlavní město Praha,Praha,CZ,Zborovská,15000
24:B2:B9:F2:50:9B,Council Chambers Clickshare,44.86053848,-93.66056824,24:B2:B9,165,wpa2,2026-08-09T23:00:00.000Z,2026-08-09T17:00:00.000Z,,MN,US,Steiger Lake Lane,55386
24:B2:B9:F2:50:9D,ClickShare-ToledoBlueRoom,41.72195435,-83.51512909,24:B2:B9,1,wpa2,2026-06-16T13:00:00.000Z,2026-06-16T07:00:00.000Z,Toledo,OH,US,Benore Road,43611
24:B2:B9:F2:50:A1,,49.28463364,-123.11065674,24:B2:B9,36,wpa2,2026-07-26T20:00:00.000Z,2026-07-31T19:00:00.000Z,Vancouver,British Columbia,CA,Water Street,V6B
24:B2:B9:F2:50:A9,ClickShare-1863086181,43.87561035,-79.43817139,24:B2:B9,36,wpa2,2025-12-20T21:00:00.000Z,2025-12-20T15:00:00.000Z,Richmond Hill,Ontario,CA,Yonge Street,L4C 1T6
24:B2:B9:F2:50:FD,ClickShare-1863086266,-23.53207588,-46.65866089,24:B2:B9,36,wpa2,2026-07-10T15:00:00.000Z,2026-07-10T16:00:00.000Z,São Paulo,São Paulo,BR,Rua Conselheiro Brotero,01154-000
24:B2:B9:F2:51:11,RM-BAL-MAIN,34.10444641,-117.97740173,24:B2:B9,36,wpa2,2026-08-22T22:00:00.000Z,2026-08-22T17:00:00.000Z,Irwindale,CA,US,Rivergrade Road,91706
24:B2:B9:F2:51:2D,ClickShare-1863086244,49.88022614,-97.16091919,24:B2:B9,36,wpa2,2026-02-02T01:00:00.000Z,2026-08-08T21:00:00.000Z,Winnipeg,Manitoba,CA,Cornish Avenue,R3C 2B3
24:B2:B9:F2:51:CF,Clickshare-CR3,41.51451492,-81.66265869,24:B2:B9,36,wpa2,2026-06-09T17:00:00.000Z,2026-06-11T10:00:00.000Z,Cleveland,OH,US,East 40th Street,44115
24:B2:B9:F2:51:D3,ClickShare-Salle Aumont,45.67972946,-73.76908875,24:B2:B9,1,wpa2,2026-02-26T15:00:00.000Z,2026-02-26T13:00:00.000Z,,Québec,CA,Boulevard Industriel,J6Z 4W4
24:B2:B9:F2:51:D9,ClickShare-IC,40.76166153,-73.977005,24:B2:B9,36,wpa2,2026-08-15T15:00:00.000Z,2026-08-15T08:00:00.000Z,City of New York,NY,US,West 53rd Street,10019
24:B2:B9:F2:52:09,ClickShare-1863089962,32.81066513,-96.85029602,24:B2:B9,36,wpa2,2026-07-16T23:00:00.000Z,2026-07-17T23:00:00.000Z,Dallas,TX,US,North Stemmons Freeway,75247
24:B2:B9:F2:52:0B,ClickShare-1863090815,33.99128723,-83.71930695,24:B2:B9,36,wpa2,2026-04-08T18:00:00.000Z,2026-04-08T16:00:00.000Z,,GA,US,East Athens Street,30680
24:B2:B9:F2:52:5D,ClickShare-Side Office,38.57686996,-92.17246246,24:B2:B9,36,wpa2,2026-07-13T00:00:00.000Z,2026-07-12T17:00:00.000Z,Jefferson City,MO,US,East High Street,65102
24:B2:B9:F2:52:6F,ClickShare-032611,33.72037888,-116.39084625,24:B2:B9,36,wpa2,2026-06-18T15:00:00.000Z,2026-08-06T09:00:00.000Z,,CA,US,Pines To Palms Highway,92260-4381
24:B2:B9:F2:52:93,ClickShare-StudioV,32.97449875,-96.71228027,24:B2:B9,36,wpa2,2026-03-20T23:00:00.000Z,2026-05-29T14:00:00.000Z,Richardson,TX,US,North Greenville Avenue,75080:75081
24:B2:B9:F2:52:95,,34.12482452,-117.93370056,24:B2:B9,36,wpa2,2026-07-21T23:00:00.000Z,2026-07-21T20:00:00.000Z,Irwindale,CA,US,North Irwindale Avenue,91702
24:B2:B9:F2:52:A1,ClickShare-1863089657,42.3513031,-71.07322693,24:B2:B9,36,wpa2,2026-08-24T21:00:00.000Z,2026-08-24T15:00:00.000Z,Boston,MA,US,Boylston Street,02116
24:B2:B9:F2:53:5F,ClickShare-Meeting Room,42.55935669,-82.89743042,24:B2:B9,36,wpa2,2026-07-26T20:00:00.000Z,2026-07-26T18:00:00.000Z,Clinton Township,MI,US,Gratiot Avenue,48036
24:B2:B9:F2:53:A5,ClickShare-1863091099,36.16760635,-86.77877045,24:B2:B9,36,wpa2,2026-06-29T00:00:00.000Z,2026-06-28T18:00:00.000Z,Nashville-Davidson,TN,US,James Robertson Parkway,37201
24:B2:B9:F2:54:0F,ClickShare-1863090128,41.4419899,-82.75533295,24:B2:B9,36,wpa2,2026-07-27T16:00:00.000Z,2026-07-27T09:00:00.000Z,Sandusky,OH,US,Venice Road,44870
24:B2:B9:F2:54:15,ClickShare-1863090079,32.81043243,-96.84963226,24:B2:B9,36,wpa2,2026-04-02T00:00:00.000Z,2026-08-29T23:00:00.000Z,Dallas,TX,US,North Stemmons Freeway,75207
24:B2:B9:F2:54:1F,ClickShare-Suite 130 Conf ,32.93366241,-97.09317017,24:B2:B9,36,wpa2,2026-08-07T00:00:00.000Z,2026-08-07T08:00:00.000Z,,TX,US,West College Street,76051
24:B2:B9:F2:54:63,ClickShare-Palmar,42.48912048,-71.22579956,24:B2:B9,36,wpa2,2026-06-09T13:00:00.000Z,2026-06-22T13:00:00.000Z,,MA,US,Third Avenue,01803
24:B2:B9:F2:54:9D,ClickShare-Pedal,42.48902893,-71.22583008,24:B2:B9,36,wpa2,2026-06-09T13:00:00.000Z,2026-06-22T13:00:00.000Z,,MA,US,Third Avenue,01803
24:B2:B9:F2:54:B1,ClickShare-Peroneal,42.48904037,-71.22514343,24:B2:B9,36,wpa2,2026-06-09T13:00:00.000Z,2026-06-09T07:00:00.000Z,,MA,US,Third Avenue,01803
24:B2:B9:F2:54:D7,ClickShare-1863090244,32.85240173,-79.80430603,24:B2:B9,36,wpa2,2026-05-10T20:00:00.000Z,2026-08-04T12:00:00.000Z,,SC,US,North US Highway 17,29466
24:B2:B9:F2:55:13,ClickShare-1862714238,46.40132904,6.58818197,24:B2:B9,36,wpa2,2026-07-31T09:00:00.000Z,2026-08-19T18:00:00.000Z,,Auvergne-Rhône-Alpes,FR,Place de l'Église,74500
24:B2:B9:F2:55:29,ClickShare-1862714024,48.87119675,2.29369855,24:B2:B9,36,wpa2,2026-03-18T12:00:00.000Z,2026-05-31T02:00:00.000Z,Paris,Île-de-France,FR,Avenue des Portugais,75116
24:B2:B9:F2:55:6B,ClickShare-1862713900,60.4022522,25.67778015,24:B2:B9,36,wpa2,2026-05-29T17:00:00.000Z,2026-05-29T10:00:00.000Z,,Manner-Suomi,FI,Mestarintie,06150
24:B2:B9:F2:55:E3,ClickShare-GO323,47.42157364,9.37295246,24:B2:B9,44,wpa2,2026-05-25T12:00:00.000Z,2026-05-25T20:00:00.000Z,Sankt Gallen,Sankt Gallen,CH,Kornhausstrasse,9000
24:B2:B9:F2:55:E5,ClickShare-Glasburet,55.68469238,12.58110428,24:B2:B9,36,wpa2,2026-06-09T16:00:00.000Z,2026-06-09T13:00:00.000Z,København,Region Hovedstaden,DK,Damegangen,1121
24:B2:B9:F2:55:F7,,48.87472534,2.30954576,24:B2:B9,36,wpa2,2026-03-18T12:00:00.000Z,2026-04-22T09:00:00.000Z,Paris,Île-de-France,FR,Rue de Courcelles,75008
24:B2:B9:F2:56:27,Perkins Thompson-Room 804,43.65697479,-70.25504303,24:B2:B9,11,wpa2,2026-07-18T17:00:00.000Z,2026-07-18T11:00:00.000Z,Portland,ME,US,Canal Plaza,04101
24:B2:B9:F2:56:9D,ClickShare-1863091072,39.6076622,-104.90415955,24:B2:B9,36,wpa2,2026-08-23T20:00:00.000Z,2026-08-23T16:00:00.000Z,,CO,US,South Quebec Street,80111
24:B2:B9:F2:56:BF,ClickShare-Conference Room,37.49629593,-121.95317078,24:B2:B9,36,wpa2,2026-08-07T04:00:00.000Z,2026-08-30T02:00:00.000Z,Fremont,CA,US,Nimitz Freeway,94538
24:B2:B9:F2:56:CF,ClickShare-1863088613,43.25159454,-86.22260284,24:B2:B9,36,wpa2,2026-07-31T15:00:00.000Z,2026-07-31T10:00:00.000Z,,MI,US,,49442
24:B2:B9:F2:57:0F,ClickShare-HBC-W,34.63713837,-82.52778625,24:B2:B9,36,wpa2,2026-05-31T17:00:00.000Z,2026-07-13T18:00:00.000Z,,SC,US,US 29,29697
24:B2:B9:F2:57:1D,ClickShare-1863086656,29.71116257,-95.46101379,24:B2:B9,36,wpa2,2026-07-27T00:00:00.000Z,2026-08-27T07:00:00.000Z,Bellaire,TX,US,Bissonnet Street,77099
24:B2:B9:F2:57:33,ClickShare-2,42.54443359,-83.21360779,24:B2:B9,40,wpa2,2026-04-15T13:00:00.000Z,2026-04-15T20:00:00.000Z,,MI,US,East Brown Street,48009
24:B2:B9:F2:57:49,KC Hub Clickshare,39.09336853,-94.58357239,24:B2:B9,36,wpa2,2026-03-29T07:00:00.000Z,2026-08-17T18:00:00.000Z,Kansas City,MO,US,Main Street,64108
24:B2:B9:F2:57:7D,,29.18691444,-82.12877655,24:B2:B9,36,wpa2,2026-06-29T15:00:00.000Z,2026-08-24T13:00:00.000Z,Ocala,FL,US,Southeast 9th Avenue,34471
24:B2:B9:F2:57:8F,MI Room Clickshare,43.63970566,-84.28991699,24:B2:B9,36,wpa2,2026-06-19T21:00:00.000Z,2026-06-30T13:00:00.000Z,,MI,US,Pere Marquette Rail-Trail,48640
24:B2:B9:F2:57:93,ClickShare-1863085717,41.08390045,-81.51728058,24:B2:B9,36,wpa2,2026-04-16T11:00:00.000Z,2026-07-14T07:00:00.000Z,Akron,OH,US,South Main Street,44308
24:B2:B9:F2:57:C1,ClickShare-Guillemins,50.84555054,4.3613472,24:B2:B9,36,wpa2,2026-05-07T07:00:00.000Z,2026-07-21T16:00:00.000Z,Bruxelles - Brussel,Région de Bruxelles-Capitale - Brussels Hoofdstedelijk Gewest,BE,Rue Montagne du Parc - Warandeberg,1000
24:B2:B9:F2:57:CB,Rum 5142,55.59988785,13.00142097,24:B2:B9,36,wpa2,2026-08-02T15:00:00.000Z,2026-08-08T12:00:00.000Z,Malmö,Skåne län,SE,Storgatan,21143
24:B2:B9:F2:57:DF,ClickShare-1862712013,52.03240585,5.1073823,24:B2:B9,36,wpa2,2026-08-26T13:00:00.000Z,2026-08-26T07:00:00.000Z,,Utrecht,NL,Celsiusbaan,3439NC
24:B2:B9:F2:58:37,Besprechungsraum-klein,51.97024536,8.46410751,24:B2:B9,36,wpa2,2026-06-04T12:00:00.000Z,2026-06-04T10:00:00.000Z,Bielefeld,Nordrhein-Westfalen,DE,Gütersloher Straße,33649
24:B2:B9:F2:58:85,ClickShare-1862712778,48.72931671,2.44587731,24:B2:B9,36,wpa2,2026-03-23T05:00:00.000Z,2026-08-28T09:00:00.000Z,,Île-de-France,FR,Rue du Pont de la Gendarmerie,94190
24:B2:B9:F2:58:99,ClickShare-1862709853,59.84891129,17.63673782,24:B2:B9,36,wpa2,2026-04-17T15:00:00.000Z,2026-04-17T09:00:00.000Z,Uppsala,Uppsala län,SE,Dag Hammarskjölds väg,752 37
24:B2:B9:F2:58:CF,ClickShare-1862712432,51.1190834,-0.18932499,24:B2:B9,36,wpa2,2026-02-13T19:00:00.000Z,2026-02-13T11:00:00.000Z,,England,GB,Ifield Avenue,RH10 8LR
24:B2:B9:F2:59:07,ClickShare-1862712359,55.60248947,13.00975037,24:B2:B9,36,wpa2,2026-04-18T06:00:00.000Z,2026-04-18T00:00:00.000Z,Malmö,Skåne län,SE,Brandmästaregatan,202 15
24:B2:B9:F2:59:0B,ClickShare-Boskalis,51.83803558,5.42417097,24:B2:B9,36,wpa2,2026-08-22T10:00:00.000Z,2026-08-22T12:00:00.000Z,,Gelderland,NL,Oude Maasdijk,6621AC
24:B2:B9:F2:59:29,ClickShare-ARP-GAN,50.82196426,4.40148211,24:B2:B9,36,wpa2,2026-04-02T14:00:00.000Z,2026-04-27T10:00:00.000Z,,Région de Bruxelles-Capitale - Brussels Hoofdstedelijk Gewest,BE,Boulevard du Triomphe - Triomflaan,1050
24:B2:B9:F2:59:45,Rum 7139,55.59995651,13.00183105,24:B2:B9,36,wpa2,2026-08-02T14:00:00.000Z,2026-08-08T12:00:00.000Z,Malmö,Skåne län,SE,Storgatan,21160
24:B2:B9:F2:59:61,ClickShare-1862712015,52.37032318,4.88497257,24:B2:B9,36,wpa2,2026-08-22T10:00:00.000Z,2026-08-22T03:00:00.000Z,Amsterdam,Noord-Holland,NL,Sarphatistraat,1018EX
24:B2:B9:F2:59:71,IP1-SALA-2,40.41988754,-3.68790507,24:B2:B9,36,wpa2,2026-03-22T14:00:00.000Z,2026-08-05T08:00:00.000Z,Madrid,Comunidad de Madrid,ES,Calle de Alcalá,28009
24:B2:B9:F2:59:9B,ClickShare - Meglerhuset Rele,59.41320419,5.26981115,24:B2:B9,36,wpa2,2026-07-09T11:00:00.000Z,2026-07-09T06:00:00.000Z,Haugesund,Rogaland,NO,Kaigata,5527
24:B2:B9:F2:5A:11,ClickShare-Conf Rm,39.9091835,-75.16349792,24:B2:B9,36,wpa2,2026-08-30T23:00:00.000Z,2026-08-30T17:00:00.000Z,Philadelphia,PA,US,South Darien Street,19148
24:B2:B9:F2:5A:15,ClickShare-1863085849,38.91263199,-77.04255676,24:B2:B9,36,wpa2,2026-05-26T15:00:00.000Z,2026-08-13T16:00:00.000Z,Washington,DC,US,R Street Northwest,20009-5540
24:B2:B9:F2:5A:21,ClickShare - Room B8003,45.42621994,-75.71389771,24:B2:B9,36,wpa2,2026-06-23T17:00:00.000Z,2026-06-23T12:00:00.000Z,Gatineau,Québec,CA,Boulevard Maisonneuve,J8X 4B7
24:B2:B9:F2:5A:45,ClickShare-Gra-Jur-Conf-Rm-860,32.71705627,-117.16732788,24:B2:B9,161,wpa2,2026-04-27T11:00:00.000Z,2026-08-20T04:00:00.000Z,San Diego,CA,US,Columbia Street,92101
24:B2:B9:F2:5A:53,ClickShare-1863085926,29.73698425,-95.42481995,24:B2:B9,36,wpa2,2026-05-29T20:00:00.000Z,2026-05-30T15:00:00.000Z,Houston,TX,US,Eastside Street,77098
24:B2:B9:F2:5A:5F,ClickShare-1863086314,45.49217606,-73.66464233,24:B2:B9,36,wep,2026-03-05T02:00:00.000Z,2026-03-06T16:00:00.000Z,Montréal,Québec,CA,Rue Ferrier,H4P 1L9
24:B2:B9:F2:5A:8F,ClickShare-CordavilleRoom,42.29250336,-71.51727295,24:B2:B9,36,wpa2,2026-05-13T12:00:00.000Z,2026-08-28T20:00:00.000Z,,MA,US,Turnpike Road,01721-1100
24:B2:B9:F2:5A:D1,ClickShare-1863085780,39.20788956,-76.84764099,24:B2:B9,36,wpa2,2026-04-27T16:00:00.000Z,2026-04-29T03:00:00.000Z,Columbia,MD,US,Santiago Road,21045
24:B2:B9:F2:5B:1D,ClickShare-Minor,46.94161606,7.4310236,24:B2:B9,11,wpa2,2026-02-21T17:00:00.000Z,2026-08-15T18:00:00.000Z,Bern,Bern/Berne,CH,Belpstrasse,3007
24:B2:B9:F2:5C:2B,ClickShare-Rm401,34.00283813,-81.03408051,24:B2:B9,36,wpa2,2026-07-05T22:00:00.000Z,2026-08-10T19:00:00.000Z,Columbia,SC,US,Main Street,29201
24:B2:B9:F2:5C:79,ClickShare-1863087016,33.4511528,-112.17093658,24:B2:B9,36,wpa2,2026-03-30T22:00:00.000Z,2026-08-18T13:00:00.000Z,Phoenix,AZ,US,West Van Buren Street,85035
24:B2:B9:F2:5C:7F,WLM-AECMEET-101,41.39522934,-81.64627838,24:B2:B9,36,wpa2,2026-06-24T20:00:00.000Z,2026-08-22T11:00:00.000Z,,OH,US,Rockside Road,44131
24:B2:B9:F2:5C:A5,ClickShare-Oasis,41.25227737,-96.0238266,24:B2:B9,36,wpa2,2026-05-11T15:00:00.000Z,2026-07-16T18:00:00.000Z,Omaha,NE,US,South 72nd Street,68114
24:B2:B9:F2:5C:BD,ClickShare-1863087109,43.00300217,-88.22488403,24:B2:B9,36,wpa2,2026-08-26T14:00:00.000Z,2026-08-28T14:00:00.000Z,,WI,US,East College Avenue,53186
24:B2:B9:F2:5D:AD,ClickShare-1863086809,39.94998169,-86.35610962,24:B2:B9,36,wpa2,2025-12-19T01:00:00.000Z,2026-04-11T22:00:00.000Z,,IN,US,Perry Worth Road,46075
24:B2:B9:F2:5E:8F,ClickShare - CR 701 Chambers,42.32891846,-83.04504395,24:B2:B9,36,wpa2,2026-03-24T16:00:00.000Z,2026-07-18T10:00:00.000Z,Detroit,MI,US,Spirit of Detroit Plaza,48226-4449
24:B2:B9:F2:5E:91,Conference 305/306,38.90578842,-77.04019165,24:B2:B9,36,wpa2,2026-06-09T21:00:00.000Z,2026-08-17T06:00:00.000Z,Washington,DC,US,M Street Northwest,20036
24:B2:B9:F2:5E:9D,ClickShare-1863087893,33.66028595,-117.77323151,24:B2:B9,36,wpa2,2026-06-09T22:00:00.000Z,2026-06-24T14:00:00.000Z,Irvine,CA,US,Sand Canyon Avenue,92618
24:B2:B9:F2:5F:33,ClickShare-1862718989,48.14052963,11.40923691,24:B2:B9,36,wpa2,2026-06-05T15:00:00.000Z,2026-06-05T12:00:00.000Z,München,Bayern,DE,Bodenseestraße,81249
24:B2:B9:F2:5F:35,ClickShare-ZUPO-E006.00,47.17380905,8.50998688,24:B2:B9,36,wpa2,2026-07-02T07:00:00.000Z,2026-07-02T02:00:00.000Z,,Zug,CH,An der Aa,6300
24:B2:B9:F2:5F:57,,53.40465164,-2.15965056,24:B2:B9,36,wpa2,2026-08-17T13:00:00.000Z,2026-08-29T05:00:00.000Z,Stockport,England,GB,Greek Street,SK3 8AB
24:B2:B9:F2:5F:BD,ClickShare-1863089125,39.89061356,-86.05899048,24:B2:B9,36,wpa2,2026-08-08T22:00:00.000Z,2026-08-08T18:00:00.000Z,Indianapolis,IN,US,East 75th Street,46256
24:B2:B9:F2:60:13,ClickShare-1863087266,37.6036644,-77.48809052,24:B2:B9,36,wpa2,2026-05-23T18:00:00.000Z,2026-07-28T15:00:00.000Z,,VA,US,Dumbarton Road,23228
24:B2:B9:F2:60:15,ManagersOfficeClickShare,42.74110031,-84.66358185,24:B2:B9,36,wpa2,2026-04-30T09:00:00.000Z,2026-05-02T11:00:00.000Z,,MI,US,West Saginaw Highway,48917
24:B2:B9:F2:60:29,ClickShare-KH,43.15751266,-77.60170746,24:B2:B9,36,wpa2,2026-05-16T01:00:00.000Z,2026-05-15T18:00:00.000Z,City of Rochester,NY,US,Gibbs Street,14604
24:B2:B9:F2:60:43,ClickShare-1863089151,37.69877625,-121.93331146,24:B2:B9,36,wpa2,2026-08-29T21:00:00.000Z,2026-08-30T21:00:00.000Z,,CA,US,Arthur H. Breed Junior Freeway,945831
24:B2:B9:F2:60:55,,39.75152588,-105.00148773,24:B2:B9,36,wpa2,2026-01-28T23:00:00.000Z,2026-07-28T15:00:00.000Z,Denver,CO,US,Wynkoop Street,80202
24:B2:B9:F2:60:A7,ClickShare-Spindletop,29.74659538,-95.45006561,24:B2:B9,36,wpa2,2026-07-07T20:00:00.000Z,2026-07-07T18:00:00.000Z,Houston,TX,US,San Felipe Street,77027
24:B2:B9:F2:61:07,ClickShare-1863087950,29.71121788,-95.46097565,24:B2:B9,36,wpa2,2026-07-27T00:00:00.000Z,2026-08-27T07:00:00.000Z,Bellaire,TX,US,Bissonnet Street,77099
24:B2:B9:F2:61:2B,Clickshare Test,33.42956924,-112.10995483,24:B2:B9,36,wpa2,2026-08-18T22:00:00.000Z,2026-08-18T23:00:00.000Z,Phoenix,AZ,US,West Durango Street,85009
24:B2:B9:F2:61:49,ClickShare 3rd Fl Conf.,41.50455093,-81.64974213,24:B2:B9,165,wpa2,2026-06-14T13:00:00.000Z,2026-06-14T08:00:00.000Z,Cleveland,OH,US,Euclid Avenue,44103
24:B2:B9:F2:61:59,ClickShare-1863086280,45.57028198,-73.74446106,24:B2:B9,36,wpa2,2026-03-08T08:00:00.000Z,2026-03-27T15:00:00.000Z,Laval (13),Québec,CA,Autoroute des Laurentides,H7S 1Z6
24:B2:B9:F2:61:5F,ClickShare-1863086461,33.56049728,-111.88159943,24:B2:B9,36,wpa2,2026-08-01T00:00:00.000Z,2026-07-31T18:00:00.000Z,,AZ,US,Pima Freeway,85258
24:B2:B9:F2:61:93,ClickShare-1862711748,53.3379631,-6.25579929,24:B2:B9,36,wpa2,2026-04-13T18:00:00.000Z,2026-06-26T15:00:00.000Z,Dublin,Leinster,IE,St. Stephen's Green,D02 HK52
24:B2:B9:F2:61:99,ClickShare-1863085885,42.33471298,-83.04993439,24:B2:B9,36,wpa2,2026-07-26T18:00:00.000Z,2026-07-26T18:00:00.000Z,Detroit,MI,US,Clifford Street,48226
24:B2:B9:F2:61:C1,ClickShare - Trust Conf Rm,41.61497879,-93.79151917,24:B2:B9,36,wep,2026-08-21T16:00:00.000Z,2026-08-21T20:00:00.000Z,Urbandale,IA,US,128th Street,50323
24:B2:B9:F2:62:AD,ClickShare-4110,55.60274506,13.01113033,24:B2:B9,36,wpa2,2026-03-30T11:00:00.000Z,2026-04-18T00:00:00.000Z,Malmö,Skåne län,SE,Drottninggatan,202 15
24:B2:B9:F2:63:0D,ClickShare-1862713107,51.95650864,7.62813997,24:B2:B9,36,wpa2,2026-04-17T15:00:00.000Z,2026-04-17T13:00:00.000Z,Münster,Nordrhein-Westfalen,DE,Promenade,48143
24:B2:B9:F2:63:21,ClickShare-324,55.60238266,13.00989628,24:B2:B9,36,wpa2,2026-04-18T06:00:00.000Z,2026-04-18T00:00:00.000Z,Malmö,Skåne län,SE,Brandmästaregatan,202 15
24:B2:B9:F2:63:3F,ClickShare-1862712681,50.84607697,4.36197376,24:B2:B9,36,wpa2,2026-07-22T10:00:00.000Z,2026-07-22T04:00:00.000Z,,Région de Bruxelles-Capitale - Brussels Hoofdstedelijk Gewest,BE,Rue Royale - Koningsstraat,1000
24:B2:B9:F2:63:51,ClickShare-1862709834,51.20920563,4.40838242,24:B2:B9,36,wpa2,2026-04-26T08:00:00.000Z,2026-05-22T00:00:00.000Z,,Antwerpen,BE,Mechelsesteenweg,2018
24:B2:B9:F2:63:63,Rum 5205,55.59997559,13.00201511,24:B2:B9,36,wpa2,2026-08-02T14:00:00.000Z,2026-08-08T12:00:00.000Z,Malmö,Skåne län,SE,Storgatan,21160
24:B2:B9:F2:63:7F,ClickShare-1862712254,41.38931656,2.15384316,24:B2:B9,36,wpa2,2026-03-07T11:00:00.000Z,2026-06-05T05:00:00.000Z,Barcelona,Catalunya,ES,Carrer de Casanova,08001
24:B2:B9:F2:63:E9,ClickShare-1862711904,52.03240585,5.1073823,24:B2:B9,36,wpa2,2026-08-26T13:00:00.000Z,2026-08-26T07:00:00.000Z,,Utrecht,NL,Celsiusbaan,3439NC
24:B2:B9:F2:64:0F,ClickShare-Werfkeet,51.21205139,4.37740326,24:B2:B9,36,wpa2,2026-04-29T18:00:00.000Z,2026-08-26T10:00:00.000Z,,Antwerpen,BE,Beatrijslaan,2050
24:B2:B9:F2:64:FB,ClickShare-S03.101,48.73884583,9.31125832,24:B2:B9,44,wpa2,2001-01-01T00:00:00.000Z,2026-03-31T06:00:00.000Z,,Baden-Württemberg,DE,Kiesstraße,73728
24:B2:B9:F2:65:05,ClickShare-1862709703,50.84521866,4.35773087,24:B2:B9,36,wpa2,2026-06-11T17:00:00.000Z,2026-06-11T11:00:00.000Z,,Région de Bruxelles-Capitale - Brussels Hoofdstedelijk Gewest,BE,Mont des Arts - Kunstberg,1000
24:B2:B9:F2:65:2F,,39.70704651,20.80507088,24:B2:B9,1,wpa2,2026-08-05T15:00:00.000Z,2026-08-05T13:00:00.000Z,,Αποκεντρωμένη Διοίκηση Ηπείρου - Δυτικής Μακεδονίας,GR,,454 45
24:B2:B9:F2:65:57,ClickShare-4312A,55.60235214,13.00991535,24:B2:B9,36,wpa2,2026-04-18T06:00:00.000Z,2026-04-18T00:00:00.000Z,Malmö,Skåne län,SE,Brandmästaregatan,202 15
24:B2:B9:F2:65:5B,ClickShare-3111,55.60242081,13.01135731,24:B2:B9,36,wpa2,2026-04-18T06:00:00.000Z,2026-04-18T00:00:00.000Z,Malmö,Skåne län,SE,Drottninggatan,202 15
24:B2:B9:F2:65:CB,ClickShare-1862717912,54.96765137,-1.61082971,24:B2:B9,36,wpa2,2026-06-06T15:00:00.000Z,2026-08-20T11:00:00.000Z,Newcastle upon Tyne,England,GB,Close,NE1 3RF
24:B2:B9:F2:65:D3,ClickShare-1862718104,50.67130661,17.92564201,24:B2:B9,36,wpa2,2026-08-04T11:00:00.000Z,2026-08-04T05:00:00.000Z,Opole,województwo opolskie,PL,Ludwika Waryńskiego,45-047
24:B2:B9:F2:66:83,ClickShare-Domstube,50.94179916,6.95685148,24:B2:B9,36,wpa2,2026-08-15T12:00:00.000Z,2026-08-27T16:00:00.000Z,Köln,Nordrhein-Westfalen,DE,Domkloster,50667
24:B2:B9:F2:67:01,Amway Conference Room,42.96774292,-85.67140198,24:B2:B9,36,wpa2,2026-06-20T17:00:00.000Z,2026-07-04T08:00:00.000Z,Grand Rapids,MI,US,Monroe Avenue Northwest,49503
24:B2:B9:F2:67:1B,,43.16389084,-79.22996521,24:B2:B9,36,wpa2,2026-03-01T04:00:00.000Z,2026-04-20T03:00:00.000Z,St. Catharines,Ontario,CA,Vine Street South,L2R 3X7
24:B2:B9:F2:67:27,ClickShare-1862712449,45.48298264,9.21474934,24:B2:B9,36,wpa2,2026-03-12T17:00:00.000Z,2026-03-12T11:00:00.000Z,Milano,Lombardia,IT,Via Claudio Monteverdi,20131
24:B2:B9:F2:67:2B,,29.65962219,-95.2564621,24:B2:B9,36,wpa2,2026-08-26T18:00:00.000Z,2026-08-26T14:00:00.000Z,Houston,TX,US,Gulf Freeway Frontage Road,77061
24:B2:B9:F2:67:47,ClickShare-1863085923,29.73672295,-95.42485809,24:B2:B9,36,wpa2,2026-05-29T20:00:00.000Z,2026-05-29T19:00:00.000Z,Houston,TX,US,Eastside Street,77098
24:B2:B9:F2:68:01,ClickShare-1863086058,32.72740936,-117.14502716,24:B2:B9,36,wpa2,2025-12-15T16:00:00.000Z,2025-12-15T08:00:00.000Z,San Diego,CA,US,Park Boulevard,92101-1632
24:B2:B9:F2:68:93,ClickShare-1863086035,40.48044586,-74.41107941,24:B2:B9,36,wpa2,2025-12-02T22:00:00.000Z,2026-07-29T18:00:00.000Z,,NJ,US,NJ 18;CR 527,08901-8511
24:B2:B9:F2:68:AF,ClickShare-1863085775,47.60432434,-122.33005524,24:B2:B9,36,wpa2,2026-08-01T12:00:00.000Z,2026-08-01T17:00:00.000Z,Seattle,WA,US,Cherry Street,98138
24:B2:B9:F2:68:B5,ClickShare-1862710489,52.17565155,4.98716974,24:B2:B9,36,wpa2,2026-04-25T13:00:00.000Z,2026-04-25T07:00:00.000Z,,Utrecht,NL,Rijksweg A2 Oostzijde,3621ZA
24:B2:B9:F2:69:05,ClickShare-1863085763,38.79640961,-77.51204681,24:B2:B9,36,wpa2,2026-03-15T20:00:00.000Z,2026-04-30T22:00:00.000Z,,VA,US,Williamson Boulevard,20109
24:B2:B9:F2:69:13,ClickShare-1863085383,34.07486343,-118.37852478,24:B2:B9,36,wpa2,2026-07-21T20:00:00.000Z,2026-07-21T19:00:00.000Z,Los Angeles,CA,US,South San Vicente Boulevard,90048
24:B2:B9:F2:69:47,ClickShare-1863085799,34.06618881,-118.38043213,24:B2:B9,36,wpa2,2026-07-06T20:00:00.000Z,2026-07-06T16:00:00.000Z,,CA,US,Wilshire Boulevard,90292
24:B2:B9:F2:6A:5D,ClickShare-1863085234,40.74531937,-73.9829483,24:B2:B9,36,wpa2,2026-07-07T13:00:00.000Z,2026-08-25T20:00:00.000Z,City of New York,NY,US,East 31st Street,10016
24:B2:B9:F2:6A:E3,ClickShare-1863085808,38.9126091,-77.04253387,24:B2:B9,36,wpa2,2026-08-14T19:00:00.000Z,2026-08-14T14:00:00.000Z,Washington,DC,US,R Street Northwest,20009-5540
24:B2:B9:F2:6A:E5,Training Room 3-Clickshare,43.61970901,-70.35694885,24:B2:B9,1,wpa2,2026-07-25T13:00:00.000Z,2026-07-25T18:00:00.000Z,,ME,US,Maine Turnpike,04074
24:B2:B9:F2:6B:03,ClickShare-Nates Office,34.02474594,-81.03636169,24:B2:B9,36,wpa2,2026-07-03T19:00:00.000Z,2026-07-09T12:00:00.000Z,Columbia,SC,US,Harden Street,29220
24:B2:B9:F2:6B:0D,ClickShare-1863086125,45.50601578,-73.55799103,24:B2:B9,36,wpa2,2025-10-14T16:00:00.000Z,2026-07-14T17:00:00.000Z,Montréal,Québec,CA,Rue Saint-Antoine Ouest,H2Y 2X6
24:B2:B9:F2:6B:11,BarcoClickShareCX20,34.10727692,-118.13466644,24:B2:B9,36,wpa2,2026-08-10T10:00:00.000Z,2026-08-20T20:00:00.000Z,,CA,US,Los Robles Avenue,91030
24:B2:B9:F2:6B:1D,ClickShare-Syntax,52.51631927,13.33112526,24:B2:B9,44,wpa2,2026-04-30T16:00:00.000Z,2026-04-30T09:00:00.000Z,Berlin,Charlottenburg-Wilmersdorf,DE,Gutenbergstraße,10587
24:B2:B9:F2:6B:1F,ClickShare-S09.209,48.73884201,9.31005859,24:B2:B9,48,wpa2,2025-12-07T16:00:00.000Z,2026-03-31T06:00:00.000Z,,Baden-Württemberg,DE,,73728
24:B2:B9:F2:6B:31,ClickShare-1862709947,51.19173431,4.36852407,24:B2:B9,36,wpa2,2026-03-03T21:00:00.000Z,2026-03-03T13:00:00.000Z,,Antwerpen,BE,Herenpolderbrug,2020
24:B2:B9:F2:6B:9F,,6.21452332,-75.55775452,24:B2:B9,36,wpa2,2026-08-11T19:00:00.000Z,2026-08-11T12:00:00.000Z,Medellín,Antioquia,CO,Calle 16,0500
24:B2:B9:F2:6B:A3,TwnManager-ClickShare-1863085372,33.53117371,-111.94242096,24:B2:B9,149,wpa2,2026-07-31T00:00:00.000Z,2026-07-30T19:00:00.000Z,,AZ,US,East Lincoln Drive,85253
24:B2:B9:F2:6B:BB,ClickShare-1862709855,51.20901108,4.40849161,24:B2:B9,36,wpa2,2026-05-20T18:00:00.000Z,2026-05-22T00:00:00.000Z,,Antwerpen,BE,Mechelsesteenweg,2018
24:B2:B9:F2:6B:ED,CFGF Board Room,43.01593399,-83.69073486,24:B2:B9,36,wpa2,2026-04-11T20:00:00.000Z,2026-05-07T03:00:00.000Z,Flint,MI,US,South Saginaw Street,48503
24:B2:B9:F2:6C:05,ClickShare-1862712851,51.05026627,3.72412276,24:B2:B9,36,wpa2,2026-05-30T10:00:00.000Z,2026-08-16T12:00:00.000Z,,Oost-Vlaanderen,BE,Kouter,9000
24:B2:B9:F2:6C:D7,ClickShare-Meltweg,51.04748535,3.72707748,24:B2:B9,36,wpa2,2026-05-30T13:00:00.000Z,2026-06-06T02:00:00.000Z,,Oost-Vlaanderen,BE,Sint-Pietersnieuwstraat,9000
24:B2:B9:F2:6C:F7,ClickShare-Lingen-GF,52.52950668,7.32030201,24:B2:B9,1,wpa2,2026-07-07T14:00:00.000Z,2026-07-07T09:00:00.000Z,,Niedersachsen,DE,Waldstraße,49808
24:B2:B9:F2:6C:FB,ClickShare-1862709630,47.54508209,19.07178879,24:B2:B9,36,wpa2,2026-02-23T12:00:00.000Z,2026-05-30T07:00:00.000Z,,Budapest,HU,Váci út,1138
24:B2:B9:F2:6D:05,ClickShare-WP3/02.20,49.89115524,10.89731503,24:B2:B9,36,wpa2,2026-01-20T09:00:00.000Z,2026-01-20T14:00:00.000Z,,Bayern,DE,Augustenstraße,96047
24:B2:B9:F2:6D:37,ClickShare-1862712543,59.90356064,10.73782063,24:B2:B9,36,wpa2,2026-07-01T14:00:00.000Z,2026-08-08T05:00:00.000Z,Oslo,Sentrum,NO,Akershusstranda,0015
24:B2:B9:F2:6D:85,ClickShare-1862712011,52.21733093,6.89388037,24:B2:B9,36,wpa2,2026-08-02T14:00:00.000Z,2026-08-02T08:00:00.000Z,Enschede,Overijssel,NL,Koningsplein,7512KZ
24:B2:B9:F2:6D:BB,ClickShare-1862712276,47.74634552,7.35177755,24:B2:B9,36,wpa2,2026-05-14T17:00:00.000Z,2026-05-15T03:00:00.000Z,Mulhouse,Grand Est,FR,Avenue de Riedisheim,68100
24:B2:B9:F2:6E:3D,Clickshare-Meetingroom-2,48.22309113,16.38961792,24:B2:B9,36,wpa2,2026-05-03T15:00:00.000Z,2026-05-07T12:00:00.000Z,Wien,Volkertviertel,AT,Nordbahnstraße,1020
24:B2:B9:F2:6E:5F,ClickShare-ARP-GAN,50.88783646,4.39433575,24:B2:B9,36,wpa2,2026-02-22T16:00:00.000Z,2026-02-22T11:00:00.000Z,,Région de Bruxelles-Capitale - Brussels Hoofdstedelijk Gewest,BE,Avenue de Vilvorde - Vilvoordselaan,
24:B2:B9:F2:6E:CF,ClickShare-Room 7.1.28,55.6865921,12.57043171,24:B2:B9,36,wpa2,2026-05-04T06:00:00.000Z,2026-08-26T13:00:00.000Z,København,Region Hovedstaden,DK,Gammeltoftsgade,1355
24:B2:B9:F2:6E:E3,ClickShare-1862712366,49.11167145,6.17266703,24:B2:B9,36,wpa2,2026-08-15T18:00:00.000Z,2026-08-15T12:00:00.000Z,Metz,Grand Est,FR,Place Raymond Mondon,57000
24:B2:B9:F2:6E:E7,IP1-SALA-5,40.41992569,-3.6879456,24:B2:B9,36,wpa2,2026-03-22T14:00:00.000Z,2026-08-05T08:00:00.000Z,Madrid,Comunidad de Madrid,ES,Calle de Alcalá,28009
24:B2:B9:F2:6E:EF,ClickShare-Rene Schimmel,52.10514832,5.05502558,24:B2:B9,36,wpa2,2026-03-13T17:00:00.000Z,2026-08-15T11:00:00.000Z,Utrecht,Utrecht,NL,Soestwetering,3543AZ
24:B2:B9:F2:6F:3F,SDR-H209-ClickShare-1862713164,43.25662994,5.4089551,24:B2:B9,36,wpa2,2026-06-30T16:00:00.000Z,2026-06-30T10:00:00.000Z,Marseille,Provence-Alpes-Côte d'Azur,FR,Rue de l'Horticulture,13009
24:B2:B9:F2:6F:D5,ClickShare-RM-715,38.35967255,-81.63336182,24:B2:B9,36,wpa2,2026-06-15T21:00:00.000Z,2026-08-13T18:00:00.000Z,Charleston,WV,US,I 64,25326
24:B2:B9:F2:6F:DD,ClickShare-SiZi-Lausanne,47.35977936,8.52245998,24:B2:B9,36,wpa2,2026-01-06T15:00:00.000Z,2026-05-10T08:00:00.000Z,Zürich,Zürich,CH,Giesshübelstrasse,8045
24:B2:B9:F2:70:1D,ClickShare-5109,55.60281372,13.01118183,24:B2:B9,36,wpa2,2026-03-30T11:00:00.000Z,2026-04-18T00:00:00.000Z,Malmö,Skåne län,SE,Drottninggatan,202 15
24:B2:B9:F2:70:97,ClickShare-2938,51.83806229,4.67747831,24:B2:B9,36,wpa2,2026-06-11T09:00:00.000Z,2026-06-11T09:00:00.000Z,,Zuid-Holland,NL,Noordhoek,3351LD
24:B2:B9:F2:71:03,ClickShare-1863088628,40.28742218,-76.88176727,24:B2:B9,36,wpa2,2026-07-07T18:00:00.000Z,2026-08-24T03:00:00.000Z,Harrisburg,PA,US,North Cameron Street,17110
24:B2:B9:F2:72:1D,,45.50459671,-73.57106018,24:B2:B9,36,wpa2,2026-08-28T18:00:00.000Z,2026-08-29T07:00:00.000Z,Montréal,Québec,CA,Avenue Union,H3A 3J2
24:B2:B9:F2:72:57,ClickShare-BREEZE-SEA,55.81892395,12.57503414,24:B2:B9,36,wpa2,2026-08-25T05:00:00.000Z,2026-08-24T23:00:00.000Z,,Region Hovedstaden,DK,Skodsborg Strandvej,2942
24:B2:B9:F2:72:5F,ClickShare-1862709807,47.38031387,8.53718281,24:B2:B9,36,wpa2,2026-02-17T16:00:00.000Z,2026-07-10T07:00:00.000Z,Zürich,Zürich,CH,Radgasse,8090
24:B2:B9:F2:72:C7,OLT 1411,43.65814209,-79.38465118,24:B2:B9,36,wpa2,2026-08-21T18:00:00.000Z,2026-08-21T13:00:00.000Z,Old Toronto,Ontario,CA,Walton Street,M5G 1Z4
24:B2:B9:F2:72:DD,ClickShare_Klosterwappen,50.19823837,9.19097137,24:B2:B9,36,wpa2,2025-10-12T17:00:00.000Z,2025-12-18T09:00:00.000Z,,Hessen,DE,Im Ziegelhaus,63571
24:B2:B9:F2:72:ED,,29.65915298,-95.25615692,24:B2:B9,36,wpa2,2026-08-26T18:00:00.000Z,2026-08-26T14:00:00.000Z,Houston,TX,US,Gulf Freeway Frontage Road,77061
24:B2:B9:F2:72:F1,Clickshare-CR4,41.51443863,-81.66262054,24:B2:B9,36,wpa2,2026-06-09T17:00:00.000Z,2026-06-11T10:00:00.000Z,Cleveland,OH,US,East 40th Street,44115
24:B2:B9:F2:73:6B,ClickShare-ZG LZ-05B,47.0690918,15.43727589,24:B2:B9,36,wpa2,2026-08-02T19:00:00.000Z,2026-08-14T10:00:00.000Z,Graz,Steiermark,AT,Sparkassenplatz,8010
24:B2:B9:F2:73:CD,ClickShare-D012,48.12361908,11.5824995,24:B2:B9,36,wpa2,2026-07-29T23:00:00.000Z,2026-07-29T18:00:00.000Z,München,Bayern,DE,Mariahilfplatz,81541
24:B2:B9:F2:74:07,,50.58032608,5.85688877,24:B2:B9,48,wpa2,2026-07-19T11:00:00.000Z,2026-07-19T13:00:00.000Z,,Liège,BE,Rue de Franchimont,4800
24:B2:B9:F2:74:C7,ClickShare-1862712718,48.83187866,2.29648137,24:B2:B9,36,wpa2,2026-08-21T08:00:00.000Z,2026-08-28T14:00:00.000Z,Paris,Île-de-France,FR,Passage de Dantzig,75015
24:B2:B9:F2:74:E9,ClickShare-Meeting Room,50.64421844,5.56934261,24:B2:B9,6,wpa2,2025-12-27T11:00:00.000Z,2026-07-19T13:00:00.000Z,Liège,Liège,BE,Boulevard de la Sauvenière,4000
24:B2:B9:F2:74:EF,ClickShare-Chatelain ,50.84552765,4.36140347,24:B2:B9,36,wpa2,2026-05-07T07:00:00.000Z,2026-07-21T16:00:00.000Z,Bruxelles - Brussel,Région de Bruxelles-Capitale - Brussels Hoofdstedelijk Gewest,BE,Rue Montagne du Parc - Warandeberg,1000
24:B2:B9:F2:75:01,ClickShare-322,55.60244751,13.0098381,24:B2:B9,36,wpa2,2026-04-18T06:00:00.000Z,2026-04-18T00:00:00.000Z,Malmö,Skåne län,SE,Brandmästaregatan,202 15
24:B2:B9:F2:75:39,ClickShare-1862712706,48.87699127,2.32434034,24:B2:B9,36,wpa2,2026-07-18T20:00:00.000Z,2026-07-18T13:00:00.000Z,Paris,Île-de-France,FR,Parking Saint-Lazare,75008
24:B2:B9:F2:75:3B,ClickShare-1862712744,55.68650436,12.57030201,24:B2:B9,36,wpa2,2026-05-04T06:00:00.000Z,2026-08-26T13:00:00.000Z,København,Region Hovedstaden,DK,Gammeltoftsgade,1355
24:B2:B9:F2:75:51,ClickShare-1863085989,29.92751122,-95.5509491,24:B2:B9,36,wpa2,2026-03-27T20:00:00.000Z,2026-06-23T17:00:00.000Z,,TX,US,North Sam Houston Parkway West,77064
24:B2:B9:F2:75:63,ClickShare-1863085690,41.08402634,-81.51725769,24:B2:B9,36,wpa2,2026-04-16T11:00:00.000Z,2026-05-21T11:00:00.000Z,Akron,OH,US,South Main Street,44308
24:B2:B9:F2:75:6B,ClickShare-Potomac,37.53941727,-77.43817902,24:B2:B9,36,wpa2,2026-07-22T20:00:00.000Z,2026-08-22T21:00:00.000Z,Richmond,VA,US,East Main Street,23298
24:B2:B9:F2:75:A9,ClickShare-1863088411,38.57826233,-121.48580933,24:B2:B9,1,wpa2,2026-05-18T12:00:00.000Z,2026-05-20T20:00:00.000Z,Sacramento,CA,US,J Street,95811
24:B2:B9:F2:75:C1,ClickShare-1863085992,34.08168411,-118.38217163,24:B2:B9,36,wpa2,2026-07-15T03:00:00.000Z,2026-07-14T22:00:00.000Z,,CA,US,Melrose Avenue,90069
24:B2:B9:F2:76:81,ClickShare-1862712861,51.05027008,3.72401166,24:B2:B9,36,wpa2,2026-05-30T11:00:00.000Z,2026-08-16T12:00:00.000Z,,Oost-Vlaanderen,BE,Kouter,9000
24:B2:B9:F2:76:97,ClickShare-3209G,55.60182953,13.0105648,24:B2:B9,36,wpa2,2026-03-30T12:00:00.000Z,2026-04-18T00:00:00.000Z,Malmö,Skåne län,SE,Kungsgatan,211 49
24:B2:B9:F2:76:C9,ClickShare-1862712423,51.51657486,-0.14442736,24:B2:B9,36,wpa2,2026-03-05T09:00:00.000Z,2026-05-14T08:00:00.000Z,London,England,GB,Cavendish Square,W1G 0DY
24:B2:B9:F2:77:1B,ClickShare-1862711912,52.03190613,5.10854864,24:B2:B9,36,wpa2,2026-08-26T13:00:00.000Z,2026-08-26T07:00:00.000Z,,Utrecht,NL,Celsiusbaan,3439NC
24:B2:B9:F2:77:4D,ClickShare-HuddleRoom,35.10206985,-89.86096191,24:B2:B9,36,wpa2,2026-08-15T23:00:00.000Z,2026-08-15T18:00:00.000Z,Memphis,TN,US,Poplar Avenue,38139
24:B2:B9:F2:77:59,Mötesrum,63.67447662,22.7005825,24:B2:B9,36,wpa2,2026-07-13T19:00:00.000Z,2026-07-13T12:00:00.000Z,,Manner-Suomi,FI,Rådhusgatan,68600
24:B2:B9:F2:77:65,ClickShare-Room1,53.54561615,-113.49355316,24:B2:B9,153,wpa2,2026-04-29T03:00:00.000Z,2026-07-30T19:00:00.000Z,Edmonton,Alberta,CA,101 Street NW,T5J 0G7
24:B2:B9:F2:77:95,ClickShare-Room2,53.54547501,-113.49363708,24:B2:B9,44,wpa2,2026-05-01T04:00:00.000Z,2026-04-30T22:00:00.000Z,Edmonton,Alberta,CA,101 Street NW,T5J 4X1
24:B2:B9:F2:77:AD,ClickShare-WLAN,50.11553574,8.65256214,24:B2:B9,40,wpa2,2026-02-28T19:00:00.000Z,2026-06-03T11:00:00.000Z,Frankfurt am Main,Hessen,DE,Senckenberganlage,60325
24:B2:B9:F2:78:2D,,44.26338577,-88.40653229,24:B2:B9,149,wpa2,2026-07-10T15:00:00.000Z,2026-07-29T17:00:00.000Z,Appleton,WI,US,West Franklin Street,54911
24:B2:B9:F2:78:31,ClickShare-Conference Room,38.90490341,-77.04164124,24:B2:B9,36,wpa2,2026-05-14T12:00:00.000Z,2026-05-14T07:00:00.000Z,Washington,DC,US,18th Street Northwest,20009
24:B2:B9:F2:78:49,CX-30,38.88916779,-94.52800751,24:B2:B9,1,wpa2,2026-08-27T05:00:00.000Z,2026-08-27T11:00:00.000Z,Grandview,MO,US,15th Street,64030
24:B2:B9:F2:78:AD,TV-Trolley,47.06817245,15.44091415,24:B2:B9,36,wpa2,2026-07-26T16:00:00.000Z,2026-07-27T11:00:00.000Z,Graz,Steiermark,AT,Kaiserfeldgasse,8010
24:B2:B9:F2:78:B3,Gumberg306,40.43795776,-79.99169159,24:B2:B9,36,wpa2,2025-11-15T03:00:00.000Z,2026-08-25T19:00:00.000Z,Pittsburgh,PA,US,Forbes Avenue,15219
24:B2:B9:F2:78:B9,ClickShare-1863086504,39.11588287,-77.56614685,24:B2:B9,36,wpa2,2026-06-28T17:00:00.000Z,2026-06-28T16:00:00.000Z,Leesburg,VA,US,West Market Street,20175
24:B2:B9:F2:78:C7,MWM Main Clickshare,39.09270477,-94.58361816,24:B2:B9,36,wpa2,2026-03-29T07:00:00.000Z,2026-08-17T18:00:00.000Z,Kansas City,MO,US,Main Street,64108
24:B2:B9:F2:78:C9,ClickShare-5128,55.60314178,13.01075172,24:B2:B9,36,wpa2,2026-04-18T06:00:00.000Z,2026-04-18T00:00:00.000Z,Malmö,Skåne län,SE,Drottninggatan,202 15
24:B2:B9:F2:78:D5,ClickShare-1862712507,48.21650314,16.3699398,24:B2:B9,36,wpa2,2026-08-30T11:00:00.000Z,2026-08-30T09:00:00.000Z,Wien,Textilviertel,AT,Zelinkagasse,1010
24:B2:B9:F2:78:D7,ClickShare-coLab,51.49672699,11.96036434,24:B2:B9,36,wpa2,2026-03-10T16:00:00.000Z,2026-08-29T08:00:00.000Z,,Sachsen-Anhalt,DE,Reichardtstraße,06114
24:B2:B9:F2:78:F1,ClickShare-BoardRoom,51.67885208,-0.38701782,24:B2:B9,36,wpa2,2026-04-24T07:00:00.000Z,2026-04-24T03:00:00.000Z,,England,GB,Garnett Close,WD24 7RT
24:B2:B9:F2:79:7B,Duke Capital ClickShare,51.5085907,-0.13824411,24:B2:B9,36,wpa2,2026-05-05T08:00:00.000Z,2026-08-18T09:00:00.000Z,London,England,GB,Piccadilly,W1J 0DW
24:B2:B9:F2:79:85,ClickShare-G.AP152.011,47.06991196,15.40915298,24:B2:B9,36,wpa2,2026-08-02T06:00:00.000Z,2026-08-02T00:00:00.000Z,Graz,Steiermark,AT,Alte Poststraße,8020
24:B2:B9:F2:79:95,ClickShare-1862713032,37.93996811,23.64761734,24:B2:B9,36,wpa2,2026-08-02T16:00:00.000Z,2026-08-02T11:00:00.000Z,Πειραιάς,Αποκεντρωμένη Διοίκηση Αττικής,GR,Μπουμπουλίνας,18535
24:B2:B9:F2:79:B3,ClickShare Besprechung 1001,51.20420456,6.78564835,24:B2:B9,36,wpa2,2026-07-24T21:00:00.000Z,2026-07-25T05:00:00.000Z,,Nordrhein-Westfalen,DE,Auf'm Hennekamp,40225
24:B2:B9:F2:79:E7,KYD6CD02-1862711798,43.67690659,7.20531416,24:B2:B9,36,wpa2,2026-08-19T07:00:00.000Z,2026-08-19T11:00:00.000Z,Nice,Provence-Alpes-Côte d'Azur,FR,Rue Joséphine Baker,06200
24:B2:B9:F2:7A:89,ClickShare-Small,39.2033577,-76.68160248,24:B2:B9,36,wpa2,2026-08-08T18:00:00.000Z,2026-08-17T18:00:00.000Z,,MD,US,West Nursery Road,21090
24:B2:B9:F2:7B:15,ClickShare-1,42.54440689,-83.21356201,24:B2:B9,36,wpa2,2026-04-15T13:00:00.000Z,2026-04-15T20:00:00.000Z,,MI,US,East Brown Street,48009
24:B2:B9:F2:7B:61,,43.16329956,-79.2299118,24:B2:B9,36,wpa2,2026-03-01T04:00:00.000Z,2026-03-01T13:00:00.000Z,St. Catharines,Ontario,CA,Vine Street South,L2R 3X7
24:B2:B9:F2:7B:71,A-2-223,47.45237732,8.56282616,24:B2:B9,36,wpa2,2026-05-09T02:00:00.000Z,2026-08-29T05:00:00.000Z,,Zürich,CH,Zürich Flughafen,8302
24:B2:B9:F2:7B:77,ClickShare-1862717902,51.12899399,1.33445323,24:B2:B9,36,wpa2,2026-08-02T21:00:00.000Z,2026-08-02T15:00:00.000Z,,England,GB,Inward Car Lanes,CT16 1HU
24:B2:B9:F2:7B:BF,Building 212 HVAC,51.15464783,-0.16163601,24:B2:B9,1,wpa2,2026-05-10T07:00:00.000Z,2026-05-10T09:00:00.000Z,,England,GB,London Road,RH6 0DW
24:B2:B9:F2:7B:E3,Riverdale ClickShare,43.64576721,-79.38951111,24:B2:B9,36,wpa2,2026-06-11T19:00:00.000Z,2026-06-11T13:00:00.000Z,Old Toronto,Ontario,CA,Wellington Street West,M5V 3P6
24:B2:B9:F2:7C:09,,41.35649109,-72.09593964,24:B2:B9,36,wpa2,2026-07-01T17:00:00.000Z,2026-07-01T11:00:00.000Z,New London,CT,US,Eugene O'Neill Drive,06320
24:B2:B9:F2:7C:89,ClickShare-1863088671,43.25161743,-86.22250366,24:B2:B9,36,wpa2,2026-07-31T16:00:00.000Z,2026-07-31T09:00:00.000Z,,MI,US,,49442
24:B2:B9:F2:7C:99,ClickShare-1863088525,40.2206192,-96.74634552,24:B2:B9,36,wpa2,2026-03-20T12:00:00.000Z,2026-05-27T22:00:00.000Z,,NE,US,US Highway 77,68310
24:B2:B9:F2:7D:21,ClickShare-1863089082,41.59212875,-93.60198975,24:B2:B9,36,wpa2,2026-08-31T11:00:00.000Z,2026-08-31T05:00:00.000Z,Des Moines,IA,US,East 12th Street,50316
24:B2:B9:F2:7D:CB,Luther Room,38.6386261,-90.47471619,24:B2:B9,36,wpa2,2026-07-23T15:00:00.000Z,2026-08-26T09:00:00.000Z,,MO,US,Avenue of the Saints,63141
24:B2:B9:F2:7D:DF,ClickShare-1863088622,45.42835617,-75.69470978,24:B2:B9,36,wpa2,2026-04-27T19:00:00.000Z,2026-08-30T14:00:00.000Z,(Old) Ottawa,Ontario,CA,Clarence Street,K1N 6Z5
24:B2:B9:F2:7D:E7,ClickShare-1863087128,43.00302887,-88.22509766,24:B2:B9,36,wpa2,2026-08-26T16:00:00.000Z,2026-08-28T14:00:00.000Z,,WI,US,East College Avenue,53186
24:B2:B9:F2:7E:E1,ClickShare-1862713770,49.4179306,2.82194781,24:B2:B9,36,wpa2,2026-04-04T07:00:00.000Z,2026-04-04T12:00:00.000Z,,Hauts-de-France,FR,Rue d'Austerlitz,60200
24:B2:B9:F2:7E:EF,ClickShare-COL-CP-Site-Director,39.97213364,-82.99143219,24:B2:B9,36,wpa2,2026-05-14T23:00:00.000Z,2026-05-14T17:00:00.000Z,Columbus,OH,US,North Innerbelt,43215:43224
24:B2:B9:F2:7F:AD,ClickShare-1862719821,47.37247086,8.54296112,24:B2:B9,36,wpa2,2026-06-26T15:00:00.000Z,2026-08-27T16:00:00.000Z,Zürich,Zürich,CH,Stüssihofstatt,8001
24:B2:B9:F2:7F:C7,ClickShare-S09.003,48.73889542,9.31116581,24:B2:B9,36,wpa2,2025-12-07T14:00:00.000Z,2026-03-31T06:00:00.000Z,,Baden-Württemberg,DE,Kanalstraße,73728
24:B2:B9:F2:80:0B,ClickShare-1863085468,43.65308762,-79.37953186,24:B2:B9,36,wpa2,2026-01-30T15:00:00.000Z,2026-02-01T00:00:00.000Z,Old Toronto,Ontario,CA,Yonge Street,M5C 3G7
24:B2:B9:F2:80:0D,ClickShare-1863085205,45.39397812,-122.75546265,24:B2:B9,36,wpa2,2026-08-09T17:00:00.000Z,2026-08-09T12:00:00.000Z,Tigard,OR,US,Southwest Upper Boones Ferry Road,97224
24:B2:B9:F2:80:2B,ClickShare-1863085948,34.08171844,-118.38230896,24:B2:B9,36,wpa2,2026-07-15T01:00:00.000Z,2026-07-14T20:00:00.000Z,,CA,US,Melrose Avenue,90069
24:B2:B9:F2:80:39,ClickShare-1862709765,50.82424164,4.39297056,24:B2:B9,36,wpa2,2025-10-31T18:00:00.000Z,2026-06-22T07:00:00.000Z,,Région de Bruxelles-Capitale - Brussels Hoofdstedelijk Gewest,BE,Boulevard Général Jacques - Generaal Jacqueslaan,1040
24:B2:B9:F2:80:3D,,49.28454971,-123.1103363,24:B2:B9,36,wpa2,2025-11-02T21:00:00.000Z,2026-07-31T19:00:00.000Z,Vancouver,British Columbia,CA,Water Street,V6B
24:B2:B9:F2:80:47,ClickShare-Direction,47.24243927,6.02485323,24:B2:B9,36,wpa2,2026-01-02T05:00:00.000Z,2026-04-10T13:00:00.000Z,Besançon,Bourgogne-Franche-Comté,FR,Quai de Strasbourg,25000
24:B2:B9:F2:80:53,Deputy Office,37.5421524,-77.43276215,24:B2:B9,36,wpa2,2026-05-30T18:00:00.000Z,2026-07-10T19:00:00.000Z,Richmond,VA,US,North 9th Street,23219
24:B2:B9:F2:80:5B,ClickShare-1863086277,45.56941223,-73.74330902,24:B2:B9,36,wpa2,2026-03-27T16:00:00.000Z,2026-03-27T15:00:00.000Z,Laval (13),Québec,CA,Autoroute des Laurentides,H7S 1Z6
24:B2:B9:F2:80:5D,ClickShare-A5062,60.22088242,24.80940819,24:B2:B9,36,wpa2,2026-01-04T18:00:00.000Z,2026-05-30T06:00:00.000Z,Espoo,Manner-Suomi,FI,Ratsukatu,02600
24:B2:B9:F2:80:61,ClickShare K&B CH,47.41999817,8.40861988,24:B2:B9,36,wpa2,2026-01-06T05:00:00.000Z,2026-07-02T02:00:00.000Z,,Zürich,CH,A1;A3,8954
24:B2:B9:F2:80:6D,ClickShare-AVSVFoyer,47.42859268,9.38656425,24:B2:B9,1,wpa2,2026-06-15T20:00:00.000Z,2026-06-15T13:00:00.000Z,Sankt Gallen,Sankt Gallen,CH,Rorschacher Strasse,9000
24:B2:B9:F2:80:77,SiZi Luzern,47.35987091,8.5222168,24:B2:B9,36,wpa2,2026-05-10T14:00:00.000Z,2026-05-10T08:00:00.000Z,Zürich,Zürich,CH,Edenstrasse,8045
24:B2:B9:F2:80:89,ClickShare-1862709822,53.64502716,10.0294466,24:B2:B9,36,wpa2,2026-03-03T14:00:00.000Z,2026-03-20T00:00:00.000Z,Hamburg,Hummelsbüttel,DE,Lademannbogen,22339
24:B2:B9:F2:80:AB,ClickShare-1862709726,24.73638153,46.65959549,24:B2:B9,36,wpa2,2026-02-12T18:00:00.000Z,2026-08-23T18:00:00.000Z,,منطقة الرياض,SA,طريق الملك فهد,12388
24:B2:B9:F2:80:BF,Noox Box Personal,48.3014679,14.29029179,24:B2:B9,36,wpa2,2026-03-17T06:00:00.000Z,2026-08-17T04:00:00.000Z,Linz,Oberösterreich,AT,Landstraße,4020
24:B2:B9:F2:81:11,BARCO-BJORNSKONTOR,55.74910736,12.58557987,24:B2:B9,36,wpa2,2026-08-25T06:00:00.000Z,2026-08-24T23:00:00.000Z,,Region Hovedstaden,DK,Jægersborg Alle,2920
24:B2:B9:F2:81:4F,,39.1770401,-96.56159973,24:B2:B9,36,wpa2,2026-08-12T11:00:00.000Z,2026-08-12T11:00:00.000Z,Manhattan,KS,US,South 4th Street,66502
24:B2:B9:F3:8F:9D,Ville de Dieppe - Library,46.09454727,-64.7489624,24:B2:B9,36,wpa2,2026-05-02T11:00:00.000Z,2026-05-02T10:00:00.000Z,Dieppe,New Brunswick / Nouveau-Brunswick,CA,Acadie Avenue,E1A 1P1
24:B2:B9:F3:90:35,ClickShare-1863087801,35.99583817,-78.90206146,24:B2:B9,36,wpa2,2026-04-12T00:00:00.000Z,2026-04-18T18:00:00.000Z,Durham,NC,US,West Main Street,27701
24:B2:B9:F3:91:53,ClickShare-1862713666,48.83965302,2.37985444,24:B2:B9,36,wpa2,2026-02-25T18:00:00.000Z,2026-02-25T17:00:00.000Z,Paris,Île-de-France,FR,Rue de Bercy,75012
24:B2:B9:F3:91:8F,ClickShare-1863086885,37.75984573,-121.40198517,24:B2:B9,36,wpa2,2026-08-15T19:00:00.000Z,2026-08-15T21:00:00.000Z,Tracy,CA,US,East Pescadero Avenue,95304
24:B2:B9:F3:92:3D,ClickShare-1862714313,55.6314621,12.06989288,24:B2:B9,36,wpa2,2026-04-25T12:00:00.000Z,2026-08-12T11:00:00.000Z,Roskilde,Region Sjælland,DK,Ringstedvej,4000
24:B2:B9:F3:92:55,ClickShare-1863086850,47.78115845,-122.14627838,24:B2:B9,36,wpa2,2026-04-16T01:00:00.000Z,2026-04-17T11:00:00.000Z,,WA,US,Woodinville Snohomish Road,98021-5068
24:B2:B9:F3:92:B5,ClickShare-Amt50-5/504b,51.04309845,13.79193878,24:B2:B9,36,wpa2,2026-04-02T13:00:00.000Z,2026-08-26T00:00:00.000Z,Dresden,Sachsen,DE,Schandauer Straße,01309
24:B2:B9:F3:92:D7,ClickShare-Raum 3.12,48.72216415,9.27092457,24:B2:B9,36,wpa2,2006-11-21T11:00:00.000Z,2026-07-23T08:00:00.000Z,,Baden-Württemberg,DE,Bonhoefferstraße,73760
24:B2:B9:F3:93:47,ClickShare-1862724807,51.97546387,5.91653681,24:B2:B9,36,wpa2,2026-01-09T10:00:00.000Z,2026-04-10T12:00:00.000Z,Arnhem,Gelderland,NL,Westervoortsedijk,6827AS
24:B2:B9:F3:93:57,,45.50517273,-73.57215118,24:B2:B9,36,wpa2,2026-07-10T15:00:00.000Z,2026-07-10T16:00:00.000Z,Montréal,Québec,CA,Avenue Union,H3A 2C1
24:B2:B9:F3:93:7F,ClickShare-1863090723,40.75,-73.9785614,24:B2:B9,36,wpa2,2026-06-27T21:00:00.000Z,2026-06-27T20:00:00.000Z,City of New York,NY,US,East 39th Street,10016
24:B2:B9:F3:94:43,BARCO-Dorthe-Morten-Kontor,55.74910736,12.58557987,24:B2:B9,36,wpa2,2026-08-25T06:00:00.000Z,2026-08-24T23:00:00.000Z,,Region Hovedstaden,DK,Jægersborg Alle,2920
24:B2:B9:F3:94:5B,ClickShare_2.5Vergaderzaal,51.23625183,4.47882271,24:B2:B9,44,wpa2,2026-01-20T07:00:00.000Z,2026-08-17T08:00:00.000Z,,Antwerpen,BE,Bisschoppenhoflaan,2100
24:B2:B9:F3:94:5F,,29.42192078,-98.48278809,24:B2:B9,165,wpa2,2026-06-15T18:00:00.000Z,2026-06-15T18:00:00.000Z,San Antonio,TX,US,East Market Street,78205
24:B2:B9:F3:94:AF,ClickShare-MIAOffice1801,25.77404785,-80.18715668,24:B2:B9,40,wpa2,2026-05-26T15:00:00.000Z,2026-07-24T20:00:00.000Z,Miami,FL,US,Biscayne Boulevard,33131
24:B2:B9:F3:94:E1,Coworking Space ClickShare,52.27211761,8.04302216,24:B2:B9,36,wpa2,2026-04-21T14:00:00.000Z,2026-08-26T05:00:00.000Z,,Niedersachsen,DE,Neuer Graben,49074
24:B2:B9:F3:94:E7,ClickShare-1863088611,43.25165176,-86.22260284,24:B2:B9,36,wpa2,2026-07-31T15:00:00.000Z,2026-07-31T10:00:00.000Z,,MI,US,,49442
24:B2:B9:F3:94:F7,ClickShare-1863088316,40.71619415,-74.0491333,24:B2:B9,36,wpa2,2026-05-25T22:00:00.000Z,2026-08-27T14:00:00.000Z,Jersey City,NJ,US,Jersey Avenue,07302
24:B2:B9:F3:95:13,ClickShare-1863086749,38.2541275,-85.74378967,24:B2:B9,1,wpa2,2026-05-21T00:00:00.000Z,2026-08-27T23:00:00.000Z,Louisville,KY,US,South Jackson Street,40202
24:B2:B9:F3:95:89,ClickShare-1863087664,25.68368721,-80.31539917,24:B2:B9,36,wpa2,2026-07-11T19:00:00.000Z,2026-07-11T15:00:00.000Z,Kendall,FL,US,Palmetto Expressway,33156-7704
24:B2:B9:F3:95:B3,ClickShare-1862717935,47.19005203,7.63593245,24:B2:B9,36,wpa2,2026-04-14T05:00:00.000Z,2026-04-20T22:00:00.000Z,,Solothurn,CH,Industriestrasse,4554
24:B2:B9:F3:95:CB,ClickShare-M114,47.49731827,8.73405075,24:B2:B9,36,wpa2,2026-05-22T06:00:00.000Z,2026-05-31T07:00:00.000Z,Winterthur,Zürich,CH,Tösstalstrasse,8400
24:B2:B9:F3:95:E3,Long Beach Clickshare,33.76704025,-118.19124603,24:B2:B9,36,wpa2,2026-06-12T00:00:00.000Z,2026-08-21T20:00:00.000Z,Long Beach,CA,US,East Ocean Boulevard,90802
24:B2:B9:F3:96:15,ClickShare-1863087960,43.1316452,-95.144104,24:B2:B9,36,wpa2,2026-08-14T20:00:00.000Z,2026-08-16T22:00:00.000Z,,IA,US,7th Street Southwest,51301
24:B2:B9:F3:96:95,ClickShare-Raum-2-0,48.00108337,7.86228228,24:B2:B9,36,wpa2,2026-04-04T12:00:00.000Z,2026-04-04T05:00:00.000Z,Freiburg im Breisgau,Baden-Württemberg,DE,Längenhardstraße,79104
24:B2:B9:F3:96:C3,JM ClickShare-1863086773,33.69756699,-117.91972351,24:B2:B9,149,wpa2,2025-11-15T01:00:00.000Z,2026-04-20T12:00:00.000Z,Costa Mesa,CA,US,Harbor Boulevard,92704-7096
24:B2:B9:F3:97:2D,,34.12449265,-117.93370819,24:B2:B9,36,wpa2,2026-07-21T23:00:00.000Z,2026-07-21T20:00:00.000Z,Irwindale,CA,US,North Irwindale Avenue,91702
24:B2:B9:F3:97:35,ClickShare-1863090356,42.98822403,-78.9138031,24:B2:B9,36,wpa2,2026-08-24T08:00:00.000Z,2026-08-25T11:00:00.000Z,Tonawanda Town CDP,NY,US,Fire Tower Drive,14150
24:B2:B9:F3:97:69,ClickShare-1863087605,36.16725159,-86.77941132,24:B2:B9,36,wpa2,2026-04-17T21:00:00.000Z,2026-07-17T22:00:00.000Z,Nashville-Davidson,TN,US,James Robertson Parkway,37201
24:B2:B9:F3:97:A3,ClickShare-1863087206,33.1256485,-117.31076813,24:B2:B9,36,wpa2,2026-03-30T23:00:00.000Z,2026-05-20T13:00:00.000Z,Carlsbad,CA,US,5,92009-1114
24:B2:B9:F3:97:C5,Administration-Conference-Room,42.10400772,-88.2618103,24:B2:B9,36,wpa2,2026-02-03T23:00:00.000Z,2026-02-10T14:00:00.000Z,,IL,US,IL 68,60110
24:B2:B9:F3:98:5D,ClickShare-1863088238,38.9040947,-77.03861237,24:B2:B9,36,wpa2,2026-07-25T21:00:00.000Z,2026-08-08T14:00:00.000Z,Washington,DC,US,17th Street Northwest,20009
24:B2:B9:F3:98:AB,ClickShare-1863089007,32.75108719,-97.36108398,24:B2:B9,36,wpa2,2026-08-26T02:00:00.000Z,2026-08-25T20:00:00.000Z,Fort Worth,TX,US,West 7th Street,76107
24:B2:B9:F3:99:11,ClickShare-1863087460,48.1072731,-122.79029083,24:B2:B9,36,wpa2,2026-08-18T23:00:00.000Z,2026-08-18T22:00:00.000Z,,WA,US,Sheridan Street,98368
24:B2:B9:F3:99:25,ClickShare-1863087688,38.44562531,-122.71835327,24:B2:B9,36,wpa2,2026-06-10T21:00:00.000Z,2026-06-10T15:00:00.000Z,Santa Rosa,CA,US,College Avenue,95402
24:B2:B9:F3:99:5B,BAP001ConfRoom,37.92798615,-122.01514435,24:B2:B9,36,wpa2,2026-04-20T15:00:00.000Z,2026-04-20T08:00:00.000Z,,CA,US,Oak Grove Road,94598
24:B2:B9:F3:99:69,,45.50471497,-73.57132721,24:B2:B9,36,wpa2,2026-07-10T15:00:00.000Z,2026-07-10T16:00:00.000Z,Montréal,Québec,CA,Avenue Union,H3A 2C1
24:B2:B9:F3:99:E9,ClickShare-Coronado,42.273983,-89.09253693,24:B2:B9,36,wpa2,2026-04-29T08:00:00.000Z,2026-08-29T07:00:00.000Z,Rockford,IL,US,North Main Street,61101
24:B2:B9:F3:9A:69,ClickShare-Marketing,47.07197189,15.42471504,24:B2:B9,36,wpa2,2026-08-11T15:00:00.000Z,2026-08-14T10:00:00.000Z,Graz,Steiermark,AT,Hans-Resel-Gasse,8020
24:B2:B9:F3:9A:85,ClickShare- RHTX Annex,29.86552238,-95.50761414,24:B2:B9,36,wpa2,2026-04-24T13:00:00.000Z,2026-04-24T20:00:00.000Z,Houston,TX,US,West Little York Road,77091
24:B2:B9:F3:9A:E1,ClickShare-1863087895,33.66027832,-117.77320099,24:B2:B9,36,wpa2,2026-06-09T22:00:00.000Z,2026-06-24T14:00:00.000Z,Irvine,CA,US,Sand Canyon Avenue,92618
24:B2:B9:F3:9B:27,ClickShare-1863089078,41.59212875,-93.60198975,24:B2:B9,36,wpa2,2026-08-31T11:00:00.000Z,2026-08-31T05:00:00.000Z,Des Moines,IA,US,East 12th Street,50316
24:B2:B9:F3:9B:3B,ClickShare-SSManager,40.42735672,-79.96820068,24:B2:B9,36,wpa2,2026-07-25T22:00:00.000Z,2026-07-26T01:00:00.000Z,Pittsburgh,PA,US,East Carson Street,15203
24:B2:B9:F4:10:FA,,31.07679939,-97.37180328,24:B2:B9,0,unknown,2026-04-11T08:00:00.000Z,2026-04-11T12:00:00.000Z,,TX,US,Everton Drive,76504
24:B2:B9:F4:21:2D,ClickShare - +1 grote zaal 02,51.18701935,4.83996773,24:B2:B9,36,wpa2,2026-08-05T10:00:00.000Z,2026-08-05T15:00:00.000Z,,Antwerpen,BE,,2200
24:B2:B9:F4:21:67,ClickShare-BKRMain,45.40122986,-93.89007568,24:B2:B9,36,wpa2,2026-04-21T12:00:00.000Z,2026-06-19T12:00:00.000Z,,MN,US,US 10,55308
24:B2:B9:F4:21:8B,ClickShare-1889160002,33.56762695,-117.67207336,24:B2:B9,36,wpa2,2026-05-25T12:00:00.000Z,2026-08-24T06:00:00.000Z,Mission Viejo,CA,US,San Diego Freeway,92690-9998
24:B2:B9:F4:21:B9,Raum Emsland ClickShare,52.27224731,8.04421902,24:B2:B9,36,wpa2,2026-08-25T21:00:00.000Z,2026-08-26T05:00:00.000Z,Osnabrück,Niedersachsen,DE,Am Ledenhof,49074
24:B2:B9:F4:21:DF,Window Conference - CS,35.1621666,-101.88782501,24:B2:B9,36,wpa2,2026-04-30T01:00:00.000Z,2026-08-19T00:00:00.000Z,Amarillo,TX,US,Southwest 45th Avenue,79109-7216
24:B2:B9:F4:22:69,ClickShare-1862715131,40.21579742,-74.01236725,24:B2:B9,36,wpa2,2026-07-11T00:00:00.000Z,2026-08-07T17:00:00.000Z,,NJ,US,Cookman Avenue,07712
24:B2:B9:F4:22:AB,ClickShare-1862714446,41.38903809,2.16877317,24:B2:B9,36,wpa2,2026-08-09T15:00:00.000Z,2026-08-09T08:00:00.000Z,Barcelona,Catalunya,ES,Passeig de Gràcia,08001
24:B2:B9:F4:23:19,ClickShare-1863090731,39.88376617,-86.26615906,24:B2:B9,36,wep,2026-04-10T01:00:00.000Z,2026-04-09T19:00:00.000Z,Indianapolis,IN,US,Woodland Drive,46278
24:B2:B9:F4:23:43,ClickShare-1863089988,29.75885201,-95.36858368,24:B2:B9,36,wpa2,2026-08-30T22:00:00.000Z,2026-08-30T18:00:00.000Z,Houston,TX,US,Smith Street,77006
24:B2:B9:F4:23:4D,ClickShare-1863090808,39.86945343,-86.26883698,24:B2:B9,36,wpa2,2026-04-08T13:00:00.000Z,2026-04-11T22:00:00.000Z,Indianapolis,IN,US,I 465,46254
24:B2:B9:F4:24:59,ClickShare-Meeting Room C,25.03209114,121.56085205,24:B2:B9,36,wpa2,2026-01-01T12:00:00.000Z,2026-01-01T07:00:00.000Z,臺北市,臺北市,TW,松勤街,110
24:B2:B9:F4:24:75,ClickShare-Marks-Office,33.17693329,-97.25778198,24:B2:B9,48,wpa2,2026-07-28T14:00:00.000Z,2026-07-28T07:00:00.000Z,,TX,US,FM 2449,76259
24:B2:B9:F4:24:8B,ClickShare-1862715275,-16.92566109,145.77478027,24:B2:B9,36,wpa2,2026-07-04T22:00:00.000Z,2026-08-30T19:00:00.000Z,Cairns,Queensland,AU,Spence Street,4870
24:B2:B9:F4:24:D5,Barco Clickshare,46.78417969,-92.10180664,24:B2:B9,36,wpa2,2026-02-07T20:00:00.000Z,2026-07-09T18:00:00.000Z,Duluth,MN,US,West Superior Street,55802
24:B2:B9:F4:25:59,ClickShare-1862724574,44.63493729,-63.52552032,24:B2:B9,36,wpa2,2026-07-22T22:00:00.000Z,2026-07-22T17:00:00.000Z,Dartmouth,Nova Scotia,CA,Pleasant Street,B2W 1A7
24:B2:B9:F4:26:05,ClickShare-1862718657,47.78773499,9.61696148,24:B2:B9,36,wpa2,2026-07-28T16:00:00.000Z,2026-07-28T14:00:00.000Z,,Baden-Württemberg,DE,Friedenstraße,88212
24:B2:B9:F4:28:1D,ClickShare-1862715412,34.70531464,135.54328918,24:B2:B9,36,wpa2,2026-08-02T00:00:00.000Z,2026-08-09T06:00:00.000Z,大阪市,大阪府,JP,,536-0007
24:B2:B9:F4:28:39,ClickShare-1862714503,29.43941498,-98.48602295,24:B2:B9,36,wpa2,2026-08-26T21:00:00.000Z,2026-08-26T15:00:00.000Z,San Antonio,TX,US,East Quincy Street,78215
24:B2:B9:F4:28:D7,PDAsalish,47.60864258,-122.33975983,24:B2:B9,36,wpa2,2026-02-26T02:00:00.000Z,2026-08-21T15:00:00.000Z,Seattle,WA,US,1st Avenue,98101
24:B2:B9:F4:28:E7,8th Floor Glass Conference Room,38.98073959,-77.09246826,24:B2:B9,36,wpa2,2026-03-20T21:00:00.000Z,2026-07-27T06:00:00.000Z,Bethesda,MD,US,Wisconsin Avenue,22814
24:B2:B9:F4:28:EB,,40.75566864,-73.99375916,24:B2:B9,36,wpa2,2026-02-27T03:00:00.000Z,2026-05-14T18:00:00.000Z,City of New York,NY,US,West 38th Street,10018
24:B2:B9:F4:29:6F,ClickShare-1889159993,28.35711098,-80.68762207,24:B2:B9,36,wpa2,2026-06-27T23:00:00.000Z,2026-07-11T10:00:00.000Z,,FL,US,East Merritt Island Causeway,32952
24:B2:B9:F4:29:E3,ClickShare-1889159837,48.15449142,11.56811142,24:B2:B9,36,wpa2,2026-08-01T21:00:00.000Z,2026-08-01T16:00:00.000Z,München,Bayern,DE,Tengstraße,80798
24:B2:B9:F4:29:EF,ClickShare-PresidentsConfRoom,38.98011398,-77.09218597,24:B2:B9,36,wpa2,2026-03-20T21:00:00.000Z,2026-07-27T06:00:00.000Z,Bethesda,MD,US,Leland Street,20815
24:B2:B9:F4:2A:45,P&C Clickshare,47.62543106,-117.53739929,24:B2:B9,36,wpa2,2026-07-06T12:00:00.000Z,2026-08-17T08:00:00.000Z,Spokane,WA,US,West Airport Drive,99001
24:B2:B9:F4:2C:1F,ClickShare-Deputy CEO Office,56.04840851,-3.42999029,24:B2:B9,36,wpa2,2026-07-22T22:00:00.000Z,2026-07-26T10:00:00.000Z,Dunfermline,Alba / Scotland,GB,Queensferry Road,KY11 8US
24:B2:B9:F4:2C:4B,ClickShare-1889160457,39.9629097,-82.99093628,24:B2:B9,36,wpa2,2026-07-14T20:00:00.000Z,2026-08-04T09:00:00.000Z,Columbus,OH,US,South Grant Avenue,43215:43219
24:B2:B9:F4:2C:5B,ClickShare-CEO Office,56.048069,-3.42982411,24:B2:B9,1,wpa2,2026-07-16T20:00:00.000Z,2026-07-26T10:00:00.000Z,Dunfermline,Alba / Scotland,GB,Queensferry Road,KY11 8US
24:B2:B9:F4:2C:5F,ClickShare-AnneMarieOffice,56.04840851,-3.42999029,24:B2:B9,36,wpa2,2026-07-22T22:00:00.000Z,2026-07-26T10:00:00.000Z,Dunfermline,Alba / Scotland,GB,Queensferry Road,KY11 8US
24:B2:B9:F4:2C:D5,ClickShare-1889159627,33.99471283,-118.47520447,24:B2:B9,36,wpa2,2026-01-30T21:00:00.000Z,2026-08-21T22:00:00.000Z,Santa Monica,CA,US,Hampton Drive,90292
24:B2:B9:F4:2C:D7,ClickShare-1889159838,48.71860886,2.37121964,24:B2:B9,36,wpa2,2026-02-02T06:00:00.000Z,2026-03-08T09:00:00.000Z,,Île-de-France,FR,Rue du Musée,91200
24:B2:B9:F4:2D:23,TERRA-CONF-CA1,41.5767746,-93.6224823,24:B2:B9,36,wpa2,2026-07-03T16:00:00.000Z,2026-07-04T17:00:00.000Z,Des Moines,IA,US,Southwest 7th Street,50309
24:B2:B9:F4:2D:69,ClickShare-1889159640,35.04310226,-85.30849457,24:B2:B9,36,wpa2,2026-06-04T21:00:00.000Z,2026-06-04T18:00:00.000Z,Chattanooga,TN,US,Lindsay Street,37402
24:B2:B9:F4:2D:77,ClickShare-1889159822,48.11454391,11.61515903,24:B2:B9,36,wpa2,2026-07-10T13:00:00.000Z,2026-07-24T08:00:00.000Z,München,Bayern,DE,Ramersdorfer Straße,81669
24:B2:B9:F4:2D:8F,ClickShare-1889160355,30.26640892,-97.7432251,24:B2:B9,36,wpa2,2026-07-30T04:00:00.000Z,2026-08-30T21:00:00.000Z,Austin,TX,US,Congress Avenue,78701
24:B2:B9:F4:2D:B5,ClickShare-1889159978,48.47514343,-81.32681274,24:B2:B9,36,wpa2,2026-07-10T22:00:00.000Z,2026-07-16T17:00:00.000Z,Timmins,Ontario,CA,Spruce Street South,P4N 2J8
24:B2:B9:F4:2D:DB,ClickShare-Laranjazaal,52.3672142,4.90682077,24:B2:B9,40,wpa2,2026-03-02T11:00:00.000Z,2026-08-21T05:00:00.000Z,Amsterdam,Noord-Holland,NL,Plantage Middenlaan,1011RV
24:B2:B9:F4:2D:E9,Graham Clickshare,35.22681427,-80.84386444,24:B2:B9,36,wpa2,2026-08-20T14:00:00.000Z,2026-08-20T23:00:00.000Z,Charlotte,NC,US,South Tryon Street,28202
24:B2:B9:F4:2E:2B,CCIS CS,30.41737747,-9.59639072,24:B2:B9,1,wpa2,2026-04-21T17:00:00.000Z,2026-04-21T13:00:00.000Z,Agadir ⴰⴳⴰⴷⵉⵔ أگادیر,Souss-Massa ⵙⵓⵙⵙ-ⵎⴰⵙⵙⴰ سوس-ماسة,MA,Avenue Hassan II شارع الحسن الثاني,80004
24:B2:B9:F4:2E:39,"ClickShare-MH, 1st Fl-P Office",43.64607239,-79.38929749,24:B2:B9,36,wpa2,2026-06-11T19:00:00.000Z,2026-06-27T03:00:00.000Z,Old Toronto,Ontario,CA,John Street,M5V 1J5
24:B2:B9:F4:2E:7D,CS-BOS03,42.35141373,-71.04706573,24:B2:B9,44,wpa2,2026-03-26T13:00:00.000Z,2026-05-23T15:00:00.000Z,Boston,MA,US,Calvin Place,02210
24:B2:B9:F4:2E:BD,ClickShare-1863091458,30.26796913,-97.74190521,24:B2:B9,36,wpa2,2026-08-18T19:00:00.000Z,2026-08-18T19:00:00.000Z,Austin,TX,US,Brazos Street,78701
24:B2:B9:F4:2E:CF,ClickShare-1863090777,29.59685135,-95.40835571,24:B2:B9,36,wpa2,2026-05-26T13:00:00.000Z,2026-08-28T19:00:00.000Z,,TX,US,South Sam Houston Tollway West,77047-4206
24:B2:B9:F4:2F:11,ClickShare-1863090308,47.65793991,-117.42662811,24:B2:B9,36,wpa2,2026-03-06T19:00:00.000Z,2026-03-06T11:00:00.000Z,Spokane,WA,US,North Monroe Street,99201
24:B2:B9:F4:2F:CB,,41.72042465,-111.8334198,24:B2:B9,36,wpa2,2026-06-01T03:00:00.000Z,2026-05-31T20:00:00.000Z,Logan,UT,US,Riverwoods Parkway,84321
24:B2:B9:F4:2F:F7,ClickShare-1862715766,47.36839676,8.53698826,24:B2:B9,36,wpa2,2025-11-06T11:00:00.000Z,2026-08-12T08:00:00.000Z,Zürich,Zürich,CH,Bleicherweg,8002
24:B2:B9:F4:30:25,ClickShare-Damplassen,59.94813156,10.73300743,24:B2:B9,36,wpa2,2026-04-30T09:00:00.000Z,2026-07-21T07:00:00.000Z,Oslo,Ullevål hageby,NO,,0805
24:B2:B9:F4:30:C7,,47.99567795,7.84618473,24:B2:B9,36,wpa2,2026-07-06T11:00:00.000Z,2026-08-03T08:00:00.000Z,Freiburg im Breisgau,Baden-Württemberg,DE,Rotteckring,79098
24:B2:B9:F4:31:0D,ClickShare-R0305,25.03255844,121.56169891,24:B2:B9,36,wpa2,2026-01-01T12:00:00.000Z,2026-02-05T09:00:00.000Z,臺北市,臺北市,TW,莊敬路,11012
24:B2:B9:F4:31:19,ClickShare-1862718065,51.08900452,17.01480484,24:B2:B9,36,wpa2,2026-07-13T14:00:00.000Z,2026-08-26T10:00:00.000Z,,województwo dolnośląskie,PL,Powstańców Śląskich,53-315
24:B2:B9:F4:31:5B,ClickShare-1862714869,35.60254669,-97.61832428,24:B2:B9,36,wpa2,2026-08-04T13:00:00.000Z,2026-08-04T07:00:00.000Z,Oklahoma City,OK,US,Northwest 130th Street,73142
24:B2:B9:F4:31:73,ClickShare-Sala Mimosa,45.44794846,9.20357895,24:B2:B9,36,wpa2,2026-04-23T16:00:00.000Z,2026-04-23T10:00:00.000Z,Milano,Lombardia,IT,Via Trebbia,20135
24:B2:B9:F4:31:AF,ClickShare-1862714822,41.47082901,-81.49781036,24:B2:B9,1,wpa2,2026-02-14T17:00:00.000Z,2026-02-14T10:00:00.000Z,,OH,US,Richmond Road,44146
24:B2:B9:F4:31:B7,Mike Melaragni Office,33.45248032,-112.06752777,24:B2:B9,36,wpa2,2026-03-16T00:00:00.000Z,2026-03-17T13:00:00.000Z,Phoenix,AZ,US,North 5th Street,85004-1905
24:B2:B9:F4:31:C1,ClickShare-1862714814,39.53552246,-119.70384216,24:B2:B9,36,wpa2,2025-11-23T06:00:00.000Z,2026-08-16T23:00:00.000Z,Sparks,NV,US,Vista Boulevard,89434
24:B2:B9:F4:31:E3,ClickShare-1862714820,39.53517151,-119.70375824,24:B2:B9,36,wpa2,2025-12-05T01:00:00.000Z,2025-12-27T23:00:00.000Z,Sparks,NV,US,Vista Boulevard,89434
24:B2:B9:F4:31:E9,ClickShare-1862714792,34.42349625,-119.69975281,24:B2:B9,36,wpa2,2026-04-04T22:00:00.000Z,2026-08-29T15:00:00.000Z,Santa Barbara,CA,US,East Carrillo Street,93101
24:B2:B9:F4:31:FF,,42.74681091,-84.48197937,24:B2:B9,36,wpa2,2026-08-26T19:00:00.000Z,2026-08-26T13:00:00.000Z,,MI,US,East Saginaw Street,48823
24:B2:B9:F4:32:15,ClickShare-1862714845,44.97514725,-93.40984344,24:B2:B9,36,wpa2,2026-01-31T18:00:00.000Z,2026-03-28T14:00:00.000Z,,MN,US,Shelard Parkway,55426
24:B2:B9:F4:32:2D,ClickShare-1863090020,29.55035019,-98.48046875,24:B2:B9,36,wpa2,2026-06-10T00:00:00.000Z,2026-06-12T15:00:00.000Z,San Antonio,TX,US,Arion Parkway,78216
24:B2:B9:F4:32:41,ClickShare-1862714848,35.9114151,-78.97599792,24:B2:B9,36,wpa2,2026-04-15T18:00:00.000Z,2026-07-17T08:00:00.000Z,Durham,NC,US,Quadrangle Drive,27517
24:B2:B9:F4:32:D9,,47.38801575,8.52904987,24:B2:B9,36,wpa2,2026-06-02T14:00:00.000Z,2026-06-02T08:00:00.000Z,Zürich,Zürich,CH,Sihlquai,8005
24:B2:B9:F4:32:F1,ClickShare-1862716935,45.43192673,-75.66960907,24:B2:B9,36,wpa2,2026-02-11T23:00:00.000Z,2026-02-11T16:00:00.000Z,,Ontario,CA,North River Road,K1L 6N1
24:B2:B9:F4:33:15,,45.50461578,-73.5711441,24:B2:B9,36,wpa2,2026-07-10T15:00:00.000Z,2026-07-10T16:00:00.000Z,Montréal,Québec,CA,Boulevard De Maisonneuve Ouest,H3A 3J2
24:B2:B9:F4:33:1F,ClickShare-Löwe,47.36206818,8.54904652,24:B2:B9,36,wpa2,2026-05-07T18:00:00.000Z,2026-05-07T13:00:00.000Z,Zürich,Zürich,CH,Dufourstrasse,8008
24:B2:B9:F4:33:87,ClickShare-1863090282,37.32891846,-121.89486694,24:B2:B9,36,wpa2,2026-03-03T01:00:00.000Z,2026-07-29T22:00:00.000Z,San Jose,CA,US,Woz Way,95110
24:B2:B9:F4:33:8F,ClickShare-EXECVINCE,39.841259,-75.53824615,24:B2:B9,36,wpa2,2026-02-14T00:00:00.000Z,2026-07-24T13:00:00.000Z,Concord Township,PA,US,Wilmington West Chester Pike,19803-9997
24:B2:B9:F4:33:D5,ClickShare-1862715035,32.80963516,-97.27086639,24:B2:B9,36,wpa2,2026-08-27T22:00:00.000Z,2026-08-27T18:00:00.000Z,Haltom City,TX,US,West Broadway Avenue,76117
24:B2:B9:F4:33:E1,ClickShare-1862714751,35.13291168,-80.91526031,24:B2:B9,36,wpa2,2026-03-23T18:00:00.000Z,2026-08-21T17:00:00.000Z,Charlotte,NC,US,Southern Pine Boulevard,28266
24:B2:B9:F4:33:ED,ClickShare-1862715084,48.10356903,-122.7911911,24:B2:B9,36,wpa2,2026-08-18T23:00:00.000Z,2026-08-18T22:00:00.000Z,,WA,US,West Sims Way,98368
24:B2:B9:F4:33:F7,Tea Party,42.35124969,-71.04675293,24:B2:B9,36,wpa2,2026-03-26T13:00:00.000Z,2026-05-23T15:00:00.000Z,Boston,MA,US,Stillings Street,02210
24:B2:B9:F4:34:65,ClickShare-1863089821,27.96738815,-82.55124664,24:B2:B9,36,wpa2,2026-06-28T13:00:00.000Z,2026-06-28T06:00:00.000Z,Tampa,FL,US,U-Path,33607
24:B2:B9:F4:34:6F,,50.11121368,8.65628815,24:B2:B9,36,wpa2,2026-05-19T18:00:00.000Z,2026-05-19T14:00:00.000Z,Frankfurt am Main,Hessen,DE,Friedrich-Ebert-Anlage,60327
24:B2:B9:F4:35:09,ClickShare Büro Lang,53.66220856,9.79653454,24:B2:B9,36,wpa2,2026-08-24T11:00:00.000Z,2026-08-24T04:00:00.000Z,,Schleswig-Holstein,DE,Bismarckstraße,25421
24:B2:B9:F4:35:5F,ClickShare-1863090919,32.75381851,-97.32769775,24:B2:B9,36,wpa2,2026-05-11T22:00:00.000Z,2026-07-23T22:00:00.000Z,Fort Worth,TX,US,Jones Street,76102
24:B2:B9:F4:35:F5,ClickShare-1863090898,29.74544525,-95.45869446,24:B2:B9,36,wpa2,2026-07-24T15:00:00.000Z,2026-07-24T17:00:00.000Z,Houston,TX,US,West Loop South Frontage Road,77027
24:B2:B9:F4:35:FB,ClickShare-Listowel,43.73376465,-80.9584198,24:B2:B9,36,wpa2,2026-07-18T03:00:00.000Z,2026-07-17T23:00:00.000Z,North Perth,Ontario,CA,Main Street West,N4W 1A3
24:B2:B9:F4:36:0B,CRC-Clickshare,39.10160828,-84.522995,24:B2:B9,36,wpa2,2026-06-04T11:00:00.000Z,2026-06-04T04:00:00.000Z,Cincinnati,OH,US,6th Street Viaduct,45203
24:B2:B9:F4:36:65,ClickShare-OpenSpace,25.03209114,121.56085205,24:B2:B9,36,wpa2,2026-01-01T12:00:00.000Z,2026-01-01T07:00:00.000Z,臺北市,臺北市,TW,松勤街,110
24:B2:B9:F4:37:31,ClickShare-1862715910,49.73922729,6.63146639,24:B2:B9,36,wpa2,2026-08-07T10:00:00.000Z,2026-08-07T03:00:00.000Z,Trier,Rheinland-Pfalz,DE,Matthiasstraße,54290
24:B2:B9:F4:37:39,ClickShare-HPL,48.64363098,9.43660069,24:B2:B9,36,wpa2,2026-02-03T09:00:00.000Z,2026-06-05T04:00:00.000Z,,Baden-Württemberg,DE,Nürtinger Straße,73230
24:B2:B9:F4:37:49,ClickShare-1862714715,28.58971214,-81.19413757,24:B2:B9,36,wep,2026-06-19T19:00:00.000Z,2026-06-19T14:00:00.000Z,,FL,US,Research Parkway,32826
24:B2:B9:F4:37:57,ClickShare-1862715685,53.56938553,10.18328762,24:B2:B9,36,wpa2,2026-01-14T12:00:00.000Z,2026-04-09T08:00:00.000Z,,Schleswig-Holstein,DE,Willinghusener Landstraße,22885
24:B2:B9:F4:38:43,,52.54101562,13.40638161,24:B2:B9,36,wpa2,2026-08-02T14:00:00.000Z,2026-08-02T14:00:00.000Z,Berlin,Gleimviertel,DE,Eberswalder Straße,10437
24:B2:B9:F4:38:63,ClickShare-1862714514,49.32285309,7.34510183,24:B2:B9,36,wpa2,2026-08-07T17:00:00.000Z,2026-08-07T11:00:00.000Z,Homburg,Saarland,DE,Karlsbergstraße,66424
24:B2:B9:F4:38:F3,ClickShare-1863089846,38.57686996,-92.17243195,24:B2:B9,36,wpa2,2026-07-13T00:00:00.000Z,2026-07-12T17:00:00.000Z,Jefferson City,MO,US,East High Street,65102
24:B2:B9:F4:38:FB,Hartzell Click Share Device,40.13292313,-84.23760223,24:B2:B9,36,wpa2,2026-07-08T12:00:00.000Z,2026-07-08T15:00:00.000Z,,OH,US,South Main Street,45356
24:B2:B9:F4:39:83,ClickShare Investor Directorio,-25.28450584,-57.60136414,24:B2:B9,36,wpa2,2026-03-04T15:00:00.000Z,2026-04-16T15:00:00.000Z,Asunción,Distrito Capital de Paraguay,PY,Avenida Brasilia,1441
24:B2:B9:F4:39:BB,ClickShare-1862714852,35.58456039,-78.55125427,24:B2:B9,36,wpa2,2025-12-04T14:00:00.000Z,2025-12-13T12:00:00.000Z,,NC,US,Cleveland Road,27529
24:B2:B9:F4:3A:51,ClickShare-1863090656,8.99354553,-79.58102417,24:B2:B9,36,wpa2,2026-03-01T23:00:00.000Z,2026-08-21T02:00:00.000Z,Ancón,Panamá,PA,Calle Alberto Constance,C-0843-00793
24:B2:B9:F4:3A:CD,ClickShare-1862714710,44.73344421,-85.62767792,24:B2:B9,36,wpa2,2026-08-06T14:00:00.000Z,2026-08-06T08:00:00.000Z,,MI,US,West South Airport Road,49684
24:B2:B9:F4:3A:DD,ClickShare-1863090943,32.74693298,-96.81613922,24:B2:B9,36,wpa2,2025-11-21T18:00:00.000Z,2025-12-01T07:00:00.000Z,Dallas,TX,US,East Jefferson Boulevard,75203
24:B2:B9:F4:3B:2F,ClickShare-Entrada,38.72262573,-9.14795399,24:B2:B9,36,wpa2,2026-06-03T17:00:00.000Z,2026-06-03T12:00:00.000Z,Lisboa,Lisboa,PT,Avenida da Liberdade,1269-038
24:B2:B9:F4:3B:51,ClickShare-1862714668,48.87366104,2.31504583,24:B2:B9,36,wpa2,2026-07-08T08:00:00.000Z,2026-07-08T05:00:00.000Z,Paris,Île-de-France,FR,Rue La Boétie,75008
24:B2:B9:F4:3E:75,,45.75942993,4.83371735,24:B2:B9,40,wpa2,2026-07-27T10:00:00.000Z,2026-07-30T13:00:00.000Z,Lyon,Auvergne-Rhône-Alpes,FR,Rue des Archers,69002
24:B2:B9:F4:3E:7B,ClickShare-Buero Gottfried,47.40035248,8.60595798,24:B2:B9,36,wpa2,2026-08-21T15:00:00.000Z,2026-08-21T09:00:00.000Z,,Zürich,CH,Ringstrasse,8600
24:B2:B9:F4:3E:C9,ClickShare-Bsprechungsraum 3.OG,53.54463196,9.93452168,24:B2:B9,36,wpa2,2026-08-11T20:00:00.000Z,2026-08-11T14:00:00.000Z,Hamburg,Altona,DE,Große Elbstraße,22767
24:B2:B9:F4:3F:33,ClickShare-1863089836,39.04382706,-77.05307007,24:B2:B9,36,wpa2,2026-08-09T16:00:00.000Z,2026-08-09T11:00:00.000Z,,MD,US,Georgia Avenue,20902
24:B2:B9:F4:40:63,ClickShare-1862717965,46.85172272,9.53404045,24:B2:B9,36,wpa2,2026-07-17T19:00:00.000Z,2026-07-17T12:00:00.000Z,,Graubünden/Grischun/Grigioni,CH,Masanserstrasse,7001
24:B2:B9:F4:40:7B,ClickShare-1862715511,35.66631699,139.75488281,24:B2:B9,36,wpa2,2026-03-28T11:00:00.000Z,2026-06-03T21:00:00.000Z,港区,新橋三丁目,JP,,1050004
24:B2:B9:F4:40:EF,ClickShare-Hunkler,49.00115204,8.36814117,24:B2:B9,44,wpa2,2026-06-25T16:00:00.000Z,2026-08-15T10:00:00.000Z,Karlsruhe,Baden-Württemberg,DE,Südtangente,76135
24:B2:B9:F4:41:7F,ClickShare-1862715748,47.3654213,8.51049423,24:B2:B9,36,wpa2,2026-07-13T18:00:00.000Z,2026-07-13T11:00:00.000Z,Zürich,Zürich,CH,Sieberstrasse,8055
24:B2:B9:F4:41:BF,Sala LEVN-PLUS,-23.57395935,-46.69817734,24:B2:B9,36,wpa2,2026-01-19T22:00:00.000Z,2026-01-22T14:00:00.000Z,São Paulo,São Paulo,BR,Ciclovia do Rio Pinheiros,01455-906
24:B2:B9:F4:42:71,ClickShare-Mulberry,40.81470871,-96.70368958,24:B2:B9,36,wpa2,2026-04-09T00:00:00.000Z,2026-08-03T18:00:00.000Z,Lincoln,NE,US,P Street,68503
24:B2:B9:F4:42:7D,ClickShare-1862714879,39.21224213,-76.86414337,24:B2:B9,36,wpa2,2026-06-27T03:00:00.000Z,2026-08-17T12:00:00.000Z,Columbia,MD,US,Little Patuxent Parkway,21044
24:B2:B9:F4:42:85,ClickShare-Kabinet206,59.43864822,24.7538147,24:B2:B9,36,wpa2,2026-02-27T20:00:00.000Z,2026-07-03T10:00:00.000Z,Tallinn,Harju maakond,EE,Mere pst,10111
24:B2:B9:F4:43:27,ClickShare-1862714730,29.75522232,-95.36375427,24:B2:B9,36,wpa2,2026-05-08T20:00:00.000Z,2026-05-08T15:00:00.000Z,Houston,TX,US,San Jacinto Street,77004
24:B2:B9:F4:43:77,ClickShare-1862714721,41.79977036,-72.50267792,24:B2:B9,36,wpa2,2026-03-03T22:00:00.000Z,2026-03-03T15:00:00.000Z,,CT,US,Progress Drive,06042
24:B2:B9:F4:43:B9,ClickShare-1863090724,39.86935043,-86.2690506,24:B2:B9,36,wpa2,2026-04-08T13:00:00.000Z,2026-04-16T13:00:00.000Z,Indianapolis,IN,US,I 465,46254
24:B2:B9:F4:43:C3,ClickShare-1863090122,34.73288727,-86.68045044,24:B2:B9,36,wpa2,2026-06-16T18:00:00.000Z,2026-06-16T14:00:00.000Z,Huntsville,AL,US,Explorer Boulevard Northwest,35806-1776
24:B2:B9:F4:43:CB,ClickShare-1863090617,42.51790619,-71.08616638,24:B2:B9,36,wpa2,2026-08-25T15:00:00.000Z,2026-08-27T12:00:00.000Z,,MA,US,Quannapowitt Parkway,01880
24:B2:B9:F4:44:D7,,45.50459671,-73.57106018,24:B2:B9,36,wpa2,2026-08-28T18:00:00.000Z,2026-08-29T07:00:00.000Z,Montréal,Québec,CA,Avenue Union,H3A 3J2
24:B2:B9:F4:44:E7,,45.50487518,-73.57161713,24:B2:B9,36,wpa2,2026-07-10T15:00:00.000Z,2026-07-10T16:00:00.000Z,Montréal,Québec,CA,Avenue Union,H3A 2C1
24:B2:B9:F4:44:FF,ClickShare-1862714924,43.17446899,-77.59189606,24:B2:B9,36,wpa2,2026-08-11T16:00:00.000Z,2026-08-11T16:00:00.000Z,City of Rochester,NY,US,Portland Avenue,14605
24:B2:B9:F4:45:2D,,38.64417267,-90.26486969,24:B2:B9,36,wpa2,2026-08-25T13:00:00.000Z,2026-08-30T06:00:00.000Z,Saint Louis,MO,US,North Kingshighway Boulevard,63108
24:B2:B9:F4:45:47,FM ConferenceRoom,33.59502029,130.39500427,24:B2:B9,48,wpa2,2026-08-09T06:00:00.000Z,2026-08-09T04:00:00.000Z,福岡市,福岡県,JP,那の津通り,810-0073
24:B2:B9:F4:45:53,ClickShare-1862715383,53.33509064,-6.25260353,24:B2:B9,36,wpa2,2026-02-08T00:00:00.000Z,2026-02-12T13:00:00.000Z,Dublin,Leinster,IE,Fitzwilliam Square South,D02 T922
24:B2:B9:F4:45:65,ClickShare-EPG-CR1,54.14424133,12.10901928,24:B2:B9,36,wpa2,2026-05-17T08:00:00.000Z,2026-05-17T12:00:00.000Z,Rostock,Mecklenburg-Vorpommern,DE,,18147
24:B2:B9:F4:45:7D,ClickShare-19P,25.03209305,121.56057739,24:B2:B9,36,wpa2,2026-01-01T12:00:00.000Z,2026-01-01T07:00:00.000Z,臺北市,臺北市,TW,松勤街,110
24:B2:B9:F4:45:D7,ClickShare-1862714589,48.99534607,8.44330311,24:B2:B9,36,wpa2,2026-02-23T11:00:00.000Z,2026-08-25T01:00:00.000Z,Karlsruhe,Baden-Württemberg,DE,Dieselstraße,76227
24:B2:B9:F4:46:0F,ClickShare-1862717259,-1.26888549,36.80604553,24:B2:B9,36,wpa2,2026-04-07T14:00:00.000Z,2026-04-08T12:00:00.000Z,Nairobi,Nairobi,KE,Waiyaki Way,97104
24:B2:B9:F4:46:3F,ClickShare-10-62 (Gramercy),40.75087738,-73.97873688,24:B2:B9,36,wpa2,2026-06-27T21:00:00.000Z,2026-08-15T17:00:00.000Z,City of New York,NY,US,Park Avenue,10037
24:B2:B9:F4:46:A7,ClickShare-1862714720,35.4788208,-97.52761841,24:B2:B9,36,wpa2,2026-02-02T16:00:00.000Z,2026-06-29T15:00:00.000Z,Oklahoma City,OK,US,Northwest 10th Street,73127
24:B2:B9:F4:46:CF,ClickShare-1862715108,40.68112946,-74.34099579,24:B2:B9,36,wpa2,2026-08-09T08:00:00.000Z,2026-08-24T09:00:00.000Z,,NJ,US,Summit Road,07092
24:B2:B9:F4:46:E9,HGF-Büro ClickShare,52.27223206,8.04297352,24:B2:B9,36,wpa2,2026-06-30T17:00:00.000Z,2026-08-26T05:00:00.000Z,,Niedersachsen,DE,Neuer Graben,49074
24:B2:B9:F4:47:37,ClickShare-1862717480,52.51209259,4.6743207,24:B2:B9,36,wpa2,2026-04-27T08:00:00.000Z,2026-04-27T05:00:00.000Z,,Noord-Holland,NL,Anthonie Verherentstraat,1961GD
24:B2:B9:F4:47:41,Prüfungsraum 2/3 ClickShare,52.27252197,8.04448509,24:B2:B9,36,wpa2,2026-08-25T21:00:00.000Z,2026-08-26T05:00:00.000Z,,Niedersachsen,DE,Am Ledenhof,49074
24:B2:B9:F4:47:53,,47.26287079,11.39663219,24:B2:B9,36,wpa2,2026-08-01T10:00:00.000Z,2026-08-02T08:00:00.000Z,Innsbruck,Tirol,AT,Salurner Straße,6020
24:B2:B9:F4:47:CB,ClickShare-777-9 BR#1,25.80741501,-80.30463409,24:B2:B9,1,wpa2,2026-06-15T16:00:00.000Z,2026-06-15T17:00:00.000Z,,FL,US,Northwest 36th Street,33122
24:B2:B9:F4:48:89,ClickShare-1862717857,47.06648636,15.43864059,24:B2:B9,36,wpa2,2026-07-04T12:00:00.000Z,2026-07-04T12:00:00.000Z,Graz,Steiermark,AT,,8010
24:B2:B9:F4:49:3F,CFWC-CONF-C,40.3032608,-79.54589844,24:B2:B9,36,wpa2,2026-08-03T21:00:00.000Z,2026-08-03T15:00:00.000Z,Greensburg,PA,US,West Otterman Street,15601
24:B2:B9:F4:49:5D,ClickShare-1862715374,34.34777069,134.0486908,24:B2:B9,36,wpa2,2026-02-26T10:00:00.000Z,2026-03-01T23:00:00.000Z,高松市,香川県,JP,中央通り,760-0023
24:B2:B9:F4:49:63,Clickshare_EP,48.85554886,2.32733011,24:B2:B9,36,wpa2,2026-08-23T14:00:00.000Z,2026-08-28T14:00:00.000Z,Paris,Île-de-France,FR,Boulevard Saint-Germain,75005
24:B2:B9:F4:49:6D,ClickShare-17P,25.03209496,121.56064606,24:B2:B9,36,wpa2,2026-01-01T12:00:00.000Z,2026-01-01T07:00:00.000Z,臺北市,臺北市,TW,松勤街,110
24:B2:B9:F4:49:85,ClickShare-1862715466,-33.82413483,151.19238281,24:B2:B9,36,wpa2,2025-11-29T00:00:00.000Z,2025-11-29T08:00:00.000Z,,New South Wales,AU,Pacific Highway,2065
24:B2:B9:F4:49:97,Museum Library Clickshare,-33.87967682,151.20526123,24:B2:B9,157,wpa2,2026-02-27T04:00:00.000Z,2026-08-27T20:00:00.000Z,Sydney,New South Wales,AU,George Street,2000
24:B2:B9:F4:49:A5,ClickShare-B1,53.58377838,10.01002121,24:B2:B9,40,wpa2,2026-03-13T15:00:00.000Z,2026-08-28T15:00:00.000Z,Hamburg,Winterhude,DE,Semperstraße,22303
24:B2:B9:F4:49:C1,ClickShare-1862716626,13.70193768,-89.22905731,24:B2:B9,36,wpa2,2026-03-31T22:00:00.000Z,2026-03-31T18:00:00.000Z,San Salvador,Departamento de San Salvador,SV,71 Avenida Norte,00503
24:B2:B9:F4:49:DF,ClickShare-1863090963,32.86934662,-96.94412994,24:B2:B9,36,wpa2,2026-06-13T22:00:00.000Z,2026-07-23T15:00:00.000Z,Irving,TX,US,East John W Carpenter Freeway,75039
24:B2:B9:F4:49:E9,,39.75162506,-105.00077057,24:B2:B9,36,wpa2,2026-01-13T23:00:00.000Z,2026-02-24T15:00:00.000Z,Denver,CO,US,Wynkoop Street,80202
24:B2:B9:F4:4A:1B,ClickShare-1862714790,35.61385727,-97.56990814,24:B2:B9,36,wpa2,2026-07-12T10:00:00.000Z,2026-07-12T11:00:00.000Z,Oklahoma City,OK,US,Quail Pointe Drive,73134
24:B2:B9:F4:4A:21,,50.92008591,7.09699392,24:B2:B9,9,wpa2,2026-07-07T10:00:00.000Z,2026-08-07T11:00:00.000Z,Köln,Nordrhein-Westfalen,DE,Rösrather Straße,51107
24:B2:B9:F4:4A:2F,,50.91998672,7.09730148,24:B2:B9,7,wpa2,2026-08-07T13:00:00.000Z,2026-08-07T11:00:00.000Z,Köln,Nordrhein-Westfalen,DE,Rösrather Straße,51107
24:B2:B9:F4:4A:47,Tony Kountoupis’ Clickshare,30.40639496,-97.74502563,24:B2:B9,36,wpa2,2026-08-09T20:00:00.000Z,2026-08-09T13:00:00.000Z,Austin,TX,US,US 183,78759
24:B2:B9:F4:4A:49,ClickShare-1862714580,47.21702576,-1.53252006,24:B2:B9,36,wpa2,2026-07-06T07:00:00.000Z,2026-07-06T00:00:00.000Z,Nantes,Pays de la Loire,FR,Mail Pablo Picasso,44021
24:B2:B9:F4:4A:7B,Kristine Thurmond Office,33.45186234,-112.06742859,24:B2:B9,36,wpa2,2026-03-16T00:00:00.000Z,2026-03-17T13:00:00.000Z,Phoenix,AZ,US,North 5th Street,85004-1905
24:B2:B9:F4:4A:C7,ClickShare-1863090250,40.75999451,-111.88687134,24:B2:B9,36,wpa2,2026-08-02T01:00:00.000Z,2026-08-01T21:00:00.000Z,Salt Lake City,UT,US,State Street,84111
24:B2:B9:F4:4A:F3,Jared's Room,31.80786324,-85.97240448,24:B2:B9,36,wpa2,2026-01-24T00:00:00.000Z,2026-04-12T21:00:00.000Z,,AL,US,Elm Street,36081
24:B2:B9:F4:4B:03,ClickShare-Training Room,45.67039871,-122.54016113,24:B2:B9,36,wpa2,2026-05-07T00:00:00.000Z,2026-08-21T02:00:00.000Z,Vancouver,WA,US,Northeast Fourth Plain Boulevard,98682
24:B2:B9:F4:4B:13,ClickShare-1863090788,39.86994934,-86.2685318,24:B2:B9,36,wpa2,2026-04-08T13:00:00.000Z,2026-04-11T22:00:00.000Z,Indianapolis,IN,US,I 465,46278
24:B2:B9:F4:4B:39,ClickShare-1863090268,34.04972839,-84.33787537,24:B2:B9,36,wpa2,2026-07-16T22:00:00.000Z,2026-07-16T19:00:00.000Z,Roswell,GA,US,Alpharetta Highway,30076
24:B2:B9:F4:4B:3D,ClickShare-1863090259,26.40823936,-80.11303711,24:B2:B9,36,wpa2,2026-06-03T15:00:00.000Z,2026-06-12T10:00:00.000Z,Boca Raton,FL,US,Clint Moore Road,33487-3536
24:B2:B9:F4:4B:47,ClickShare-Riverside,30.24501228,-97.73497009,24:B2:B9,36,wep,2026-06-30T19:00:00.000Z,2026-06-30T16:00:00.000Z,Austin,TX,US,I 35;US 290,78704-5639
24:B2:B9:F4:4B:53,ClickShare-1863090584,43.15437698,-77.61754608,24:B2:B9,36,wpa2,2026-04-13T16:00:00.000Z,2026-07-16T06:00:00.000Z,City of Rochester,NY,US,West Main Street,14614
24:B2:B9:F4:4B:57,ClickShare-1863090701,34.06981277,-118.37561798,24:B2:B9,36,wpa2,2026-03-20T20:00:00.000Z,2026-05-05T20:00:00.000Z,,CA,US,San Vicente Boulevard,90048
24:B2:B9:F4:4B:5B,,39.75130463,-105.00102234,24:B2:B9,36,wpa2,2026-01-13T23:00:00.000Z,2026-02-11T20:00:00.000Z,Denver,CO,US,Wynkoop Street,80202
24:B2:B9:F4:4B:97,ClickShare- Mockingbird,30.24629211,-97.73498535,24:B2:B9,36,wep,2026-06-09T21:00:00.000Z,2026-06-30T16:00:00.000Z,Austin,TX,US,I 35;US 290,78704-5639
24:B2:B9:F4:4B:A3,Gather 175 CX30,44.07726288,-103.20863342,24:B2:B9,1,wpa2,2026-07-09T04:00:00.000Z,2026-07-09T08:00:00.000Z,Rapid City,SD,US,East Main Street,57701
24:B2:B9:F4:4B:C3,Heart Clickshare,47.65804672,-117.41810608,24:B2:B9,36,wpa2,2026-07-09T18:00:00.000Z,2026-08-30T19:00:00.000Z,Spokane,WA,US,North Washington Street,99201
24:B2:B9:F4:4C:01,ClickShare-032613,35.04005051,-97.93843842,24:B2:B9,36,wpa2,2026-08-03T21:00:00.000Z,2026-08-03T19:00:00.000Z,,OK,US,West Florida Avenue,73018
24:B2:B9:F4:4C:15,ClickShare-CID Lt,29.42640305,-98.48833466,24:B2:B9,36,wpa2,2026-08-27T04:00:00.000Z,2026-08-28T23:00:00.000Z,San Antonio,TX,US,East Houston Street,78205
24:B2:B9:F4:4C:51,ClickShare-1863090785,39.88417435,-86.26667786,24:B2:B9,36,wep,2026-02-04T00:00:00.000Z,2026-04-09T19:00:00.000Z,Indianapolis,IN,US,Woodland Drive,46278
24:B2:B9:F4:4C:57,ClickShare-1863090944,38.89074707,-76.99503326,24:B2:B9,36,wpa2,2026-05-16T22:00:00.000Z,2026-05-17T18:00:00.000Z,Washington,DC,US,8th Street Northeast,20002
24:B2:B9:F4:4C:75,ClickShare-1863091014,33.50314331,-111.92685699,24:B2:B9,36,wpa2,2026-02-17T15:00:00.000Z,2026-05-24T17:00:00.000Z,Scottsdale,AZ,US,East Camelback Road,85251
24:B2:B9:F4:4C:7B,ClickShare-1863090818,39.86930084,-86.26892853,24:B2:B9,36,wpa2,2026-02-15T22:00:00.000Z,2026-04-11T22:00:00.000Z,Indianapolis,IN,US,I 465,46254
24:B2:B9:F4:4D:6D,ClickShare-1862720243,48.84120941,2.37479496,24:B2:B9,36,wpa2,2026-06-14T15:00:00.000Z,2026-07-21T12:00:00.000Z,Paris,Île-de-France,FR,Rue Villiot,75012
24:B2:B9:F4:4D:A5,ClickShare-1862715049,44.23428345,-88.42385101,24:B2:B9,36,wpa2,2026-08-27T23:00:00.000Z,2026-08-27T19:00:00.000Z,,WI,US,Appleton Road,54952
24:B2:B9:F4:4D:BF,ClickShare-1863090761,39.88396072,-86.26634979,24:B2:B9,36,wep,2026-04-10T01:00:00.000Z,2026-04-09T19:00:00.000Z,Indianapolis,IN,US,Woodland Drive,46278
24:B2:B9:F4:4D:C3,ClickShare-LCRM,42.49458313,-83.29618835,24:B2:B9,36,wpa2,2026-03-24T23:00:00.000Z,2026-06-29T08:00:00.000Z,,MI,US,Walter P Reuther Freeway,48086
24:B2:B9:F4:4E:17,ClickShare-1863090727,39.8693161,-86.26888275,24:B2:B9,36,wpa2,2026-04-08T13:00:00.000Z,2026-04-11T22:00:00.000Z,Indianapolis,IN,US,I 465,46254
24:B2:B9:F4:4E:1F,ClickShare-1863089774,33.44697189,-112.09855652,24:B2:B9,36,wpa2,2026-08-21T17:00:00.000Z,2026-08-27T06:00:00.000Z,Phoenix,AZ,US,West Jefferson Street,85007
24:B2:B9:F4:4E:27,ClickShare-1863090642,39.8693924,-86.26886749,24:B2:B9,36,wpa2,2026-04-08T13:00:00.000Z,2026-04-11T22:00:00.000Z,Indianapolis,IN,US,I 465,46254
24:B2:B9:F4:4E:49,ClickShare-1863090174,33.67980194,-117.83729553,24:B2:B9,36,wpa2,2026-02-02T15:00:00.000Z,2026-08-28T08:00:00.000Z,Irvine,CA,US,Main Street,92614
24:B2:B9:F4:4E:4D,ClickShare-1863090825,34.05020905,-118.26038361,24:B2:B9,36,wpa2,2026-02-26T04:00:00.000Z,2026-06-24T20:00:00.000Z,Los Angeles,CA,US,Wilshire Boulevard,90017
24:B2:B9:F4:4E:85,ClickShare-1863090820,30.39093208,-86.42269897,24:B2:B9,36,wpa2,2026-06-01T17:00:00.000Z,2026-08-09T16:00:00.000Z,,FL,US,Legendary Drive,32541
24:B2:B9:F4:4E:8F,Stream Realty Clickshare,30.27840996,-97.74394226,24:B2:B9,157,wpa2,2026-07-23T19:00:00.000Z,2026-07-23T14:00:00.000Z,Austin,TX,US,San Antonio Street,78701
24:B2:B9:F4:4E:91,ClickShare-1863090729,38.08622742,-84.49184418,24:B2:B9,36,wpa2,2026-08-01T10:00:00.000Z,2026-08-26T09:00:00.000Z,Lexington,KY,US,Citation Boulevard,40512
24:B2:B9:F4:4E:93,Sachins Office_ClickShare,32.88425064,-80.03626251,24:B2:B9,36,wpa2,2026-01-24T18:00:00.000Z,2026-04-03T17:00:00.000Z,North Charleston,SC,US,International Boulevard,29403
24:B2:B9:F4:4F:55,ClickShare-SiZi_U.211,46.93644333,7.43720341,24:B2:B9,36,wpa2,2026-04-10T11:00:00.000Z,2026-04-10T11:00:00.000Z,Bern,Bern/Berne,CH,Holzikofenweg,3003
24:B2:B9:F4:50:0B,ClickShare-1863090762,39.86930466,-86.26898956,24:B2:B9,36,wpa2,2026-02-15T22:00:00.000Z,2026-04-11T22:00:00.000Z,Indianapolis,IN,US,I 465,46254
24:B2:B9:F4:50:17,ClickShare-1863089782,40.52029419,-75.57216644,24:B2:B9,36,wpa2,2026-07-08T16:00:00.000Z,2026-07-08T11:00:00.000Z,Lower Macungie Township,PA,US,PA 100,18062
24:B2:B9:F4:50:2B,St Paul Conference Clickshare,44.87749481,-93.02386475,24:B2:B9,36,wpa2,2026-02-15T23:00:00.000Z,2026-02-15T15:00:00.000Z,,MN,US,Hardman Avenue South,55075
24:B2:B9:F4:50:97,ClickShare-1863090741,39.86920929,-86.26892853,24:B2:B9,36,wpa2,2026-04-08T13:00:00.000Z,2026-04-16T13:00:00.000Z,Indianapolis,IN,US,I 465,46254
24:B2:B9:F4:50:9F,ClickShare-1863090807,39.88297653,-86.26564789,24:B2:B9,36,wpa2,2026-04-10T01:00:00.000Z,2026-04-11T22:00:00.000Z,Indianapolis,IN,US,Woodland Drive,46278
24:B2:B9:F4:50:CD,Pelecon-ClickShare,52.01674271,4.70706892,24:B2:B9,36,wpa2,2026-06-06T18:00:00.000Z,2026-06-06T17:00:00.000Z,,Zuid-Holland,NL,Stationsplein,2801BX
24:B2:B9:F4:52:3F,ClickShare-1863090973,34.86199951,-82.39893341,24:B2:B9,36,wpa2,2026-08-09T17:00:00.000Z,2026-08-09T17:00:00.000Z,Greenville,SC,US,West Stone Avenue,29609
24:B2:B9:F4:52:61,ClickShare-1863090014,41.4420433,-82.75591278,24:B2:B9,36,wpa2,2026-07-27T16:00:00.000Z,2026-07-27T09:00:00.000Z,Sandusky,OH,US,Venice Road,44870
24:B2:B9:F4:52:A5,ClickShare-10-M2,40.75011444,-73.97927094,24:B2:B9,36,wpa2,2026-06-27T21:00:00.000Z,2026-08-15T17:00:00.000Z,City of New York,NY,US,Park Avenue,10016
24:B2:B9:F4:52:B7,ClickShare-1863089825,27.96667671,-82.54883575,24:B2:B9,36,wpa2,2026-06-28T13:00:00.000Z,2026-06-28T06:00:00.000Z,Tampa,FL,US,U-Path,33607
24:B2:B9:F4:52:B9,RBL LTDC Conf 1 Barco,10.50744057,-61.40460968,24:B2:B9,36,wpa2,2026-06-21T13:00:00.000Z,2026-06-21T07:00:00.000Z,Chaguanas,Lendore,TT,North Brentwood Drive,500125
24:B2:B9:F4:52:F7,ClickShare-BoardRoom,36.05838776,-115.26094055,24:B2:B9,36,wpa2,2026-04-01T23:00:00.000Z,2026-08-19T22:00:00.000Z,,NV,US,South Buffalo Drive,89113
24:B2:B9:F4:53:FD,ClickShare-1863090616,38.90888977,-77.03644562,24:B2:B9,153,wpa2,2026-05-22T12:00:00.000Z,2026-08-29T23:00:00.000Z,Washington,DC,US,16th Street Northwest,20036
24:B2:B9:F4:54:37,ClickShare-StgDemo,37.04378891,-113.55506134,24:B2:B9,36,wpa2,2026-06-13T19:00:00.000Z,2026-06-13T21:00:00.000Z,St. George,UT,US,River Road,84790
24:B2:B9:F4:57:43,ClickShare-1863090354,42.03097916,-71.25866699,24:B2:B9,36,wpa2,2026-02-14T13:00:00.000Z,2026-08-27T16:00:00.000Z,,MA,US,Green Street,02048-1905
24:B2:B9:F4:57:D5,ClickShare-1862716883,43.65150452,-79.37342072,24:B2:B9,36,wpa2,2026-04-02T18:00:00.000Z,2026-08-06T19:00:00.000Z,Old Toronto,Ontario,CA,Adelaide Street East,M5C 1K9
24:B2:B9:F4:57:F5,,20.68464279,-103.38580322,24:B2:B9,1,wpa2,2026-04-24T21:00:00.000Z,2026-04-27T14:00:00.000Z,Guadalajara,Jalisco,MX,Avenida Manuel Acuña,44670
24:B2:B9:F4:58:5B,ClickShare-USEW2-251,43.64652252,-79.38008881,24:B2:B9,36,wpa2,2026-08-02T01:00:00.000Z,2026-08-01T19:00:00.000Z,Old Toronto,Ontario,CA,PATH,M5J 2J1
24:B2:B9:F4:58:63,ClickShare-1862716887,43.64626694,-79.38972473,24:B2:B9,36,wpa2,2026-03-07T19:00:00.000Z,2026-06-27T20:00:00.000Z,Old Toronto,Ontario,CA,King Street West,M5V 1J5
24:B2:B9:F4:58:91,ClickShare-1862716880,43.71886063,-79.29476929,24:B2:B9,36,wpa2,2026-05-08T02:00:00.000Z,2026-05-21T14:00:00.000Z,Toronto,Ontario,CA,Pharmacy Avenue,M1L 1V6
24:B2:B9:F4:59:63,ClickShare-1862716216,59.92578125,10.81123257,24:B2:B9,36,wpa2,2026-06-30T20:00:00.000Z,2026-06-30T14:00:00.000Z,Oslo,Mellom-Hovin,NO,Ulvenveien,0581
24:B2:B9:F4:59:B7,ClickShare-1863090875,42.51895142,-71.08811951,24:B2:B9,36,wpa2,2026-04-22T21:00:00.000Z,2026-04-22T16:00:00.000Z,,MA,US,Yankee Division Highway,01867
24:B2:B9:F4:5C:91,ClickShare-Bentonville,36.3641777,-94.21178436,24:B2:B9,36,wpa2,2026-04-20T21:00:00.000Z,2026-05-20T13:00:00.000Z,,AR,US,Southwest 8th Street,72712
24:B2:B9:F4:5E:11,ClickShare-1889160458,40.45257568,-80.00584412,24:B2:B9,36,wpa2,2026-08-15T01:00:00.000Z,2026-08-23T14:00:00.000Z,Pittsburgh,PA,US,Federal Street,15222
24:B2:B9:F4:5E:13,ClickShare-1889160339,42.11418915,-87.92719269,24:B2:B9,36,wpa2,2026-07-26T20:00:00.000Z,2026-07-26T16:00:00.000Z,,IL,US,South Wheeling Road,60090
24:B2:B9:F4:5E:1D,,32.72477341,-117.22397614,24:B2:B9,36,wpa2,2026-08-18T19:00:00.000Z,2026-08-18T21:00:00.000Z,San Diego,CA,US,Regatta Walk,92106
24:B2:B9:F4:5E:5F,ClickShare-1862716324,45.76074219,4.86193705,24:B2:B9,36,wpa2,2026-07-16T13:00:00.000Z,2026-08-05T09:00:00.000Z,Lyon,Auvergne-Rhône-Alpes,FR,Place de la Vilette,69003
24:B2:B9:F4:5E:6D,Negocios-3,20.68257904,-103.3821106,24:B2:B9,36,wpa2,2026-04-25T00:00:00.000Z,2026-04-27T14:00:00.000Z,Guadalajara,Jalisco,MX,Avenida Adolfo López Mateos Norte,44158
24:B2:B9:F4:5F:4D,ClickShare-1889161652,44.97094727,-93.45096588,24:B2:B9,36,wpa2,2026-08-03T23:00:00.000Z,2026-08-03T18:00:00.000Z,,MN,US,I 394,55305
24:B2:B9:F4:5F:B7,IP2_BrittsOffice_Clickshare,39.87404251,-75.25804901,24:B2:B9,36,wpa2,2026-08-07T10:00:00.000Z,2026-08-24T04:00:00.000Z,Tinicum Township,PA,US,International Plaza,19113
24:B2:B9:F4:5F:BB,ClickShare-1862714716,34.05939102,-118.39214325,24:B2:B9,36,wpa2,2026-05-23T02:00:00.000Z,2026-08-30T09:00:00.000Z,,CA,US,West Olympic Boulevard,90064
24:B2:B9:F4:5F:F7,AA Conference Room,41.86491776,-87.67834473,24:B2:B9,1,wpa2,2026-07-13T02:00:00.000Z,2026-07-13T00:00:00.000Z,Chicago,IL,US,West 13th Street,60608
24:B2:B9:F4:5F:F9,ClickShare-1863090608,34.0736618,-118.38191223,24:B2:B9,36,wpa2,2026-03-17T03:00:00.000Z,2026-07-20T19:00:00.000Z,,CA,US,Beverly Boulevard,90048
24:B2:B9:F4:60:57,ClickShare-1889159671,43.46316147,-1.51823902,24:B2:B9,36,wpa2,2026-07-07T11:00:00.000Z,2026-08-24T05:00:00.000Z,,Nouvelle-Aquitaine,FR,,64600
24:B2:B9:F4:60:79,Cypress Conf Room,29.99244118,-95.73821259,24:B2:B9,36,wpa2,2026-06-10T23:00:00.000Z,2026-08-17T22:00:00.000Z,,TX,US,Cypresswood Drive,77433
24:B2:B9:F4:60:A3,Executive Meeting Room,41.85334015,-87.85259247,24:B2:B9,36,wpa2,2026-07-12T01:00:00.000Z,2026-07-25T01:00:00.000Z,,IL,US,17th Avenue,60546
24:B2:B9:F4:60:BF,ClickShare-1889159636,39.95412445,-75.16667175,24:B2:B9,36,wpa2,2026-05-18T18:00:00.000Z,2026-05-18T17:00:00.000Z,Philadelphia,PA,US,John F. Kennedy Boulevard,19103
24:B2:B9:F4:62:2D,ClickShare-1889159903,52.60552597,6.48815393,24:B2:B9,36,wpa2,2026-07-28T14:00:00.000Z,2026-07-28T14:00:00.000Z,,Overijssel,NL,Rollepaal,7701BS
24:B2:B9:F4:62:53,ClickShare-1889160124,32.87190628,-117.21183777,24:B2:B9,36,wpa2,2026-08-09T02:00:00.000Z,2026-08-08T22:00:00.000Z,San Diego,CA,US,La Jolla Village Drive,92039
24:B2:B9:F4:62:5F,ClickShare-1863090975,32.75387955,-97.32774353,24:B2:B9,36,wpa2,2026-03-29T03:00:00.000Z,2026-07-23T22:00:00.000Z,Fort Worth,TX,US,Jones Street,76102
24:B2:B9:F4:62:C5,,40.7244606,-74.00791931,24:B2:B9,36,wpa2,2026-03-05T15:00:00.000Z,2026-03-05T07:00:00.000Z,City of New York,NY,US,Hudson Street,10013
24:B2:B9:F4:62:D9,ClickShare-Finance,42.57791138,-83.28105164,24:B2:B9,36,wpa2,2026-05-07T11:00:00.000Z,2026-05-18T08:00:00.000Z,,MI,US,Telegraph Road,48302
24:B2:B9:F4:62:F7,ClickShare-1889159624,29.55199432,-98.34960938,24:B2:B9,36,wpa2,2026-02-04T18:00:00.000Z,2026-02-08T08:00:00.000Z,,TX,US,Judson Road,78233
24:B2:B9:F4:63:DF,ClickShare-The Ace,53.33847046,-6.25324154,24:B2:B9,36,wpa2,2026-05-26T09:00:00.000Z,2026-05-29T11:00:00.000Z,Dublin,Leinster,IE,Merrion Street Upper,D02 WV59
24:B2:B9:F4:64:53,ClickShare-1889160315,46.87844849,-96.79973602,24:B2:B9,36,wpa2,2026-04-23T23:00:00.000Z,2026-05-05T10:00:00.000Z,Fargo,ND,US,2nd Avenue North,58102-4608
24:B2:B9:F4:64:77,ClickShare-The Rhymes,53.33759308,-6.26408482,24:B2:B9,36,wpa2,2026-05-24T10:00:00.000Z,2026-07-29T10:00:00.000Z,,Leinster,IE,Cuffe Street,D02 VH98
24:B2:B9:F4:65:01,ClickShare-Classroom5,41.25666809,-95.93307495,24:B2:B9,36,wpa2,2026-06-26T02:00:00.000Z,2026-06-28T18:00:00.000Z,Omaha,NE,US,Harney Street,68102
24:B2:B9:F4:65:2B,ClickShare-1889159794,48.71830368,2.37147188,24:B2:B9,36,wpa2,2026-02-24T05:00:00.000Z,2026-03-08T09:00:00.000Z,Athis-Mons,Île-de-France,FR,Rue du Musée,91200
24:B2:B9:F4:65:31,ClickShare-1889159757,53.33515549,-6.25092602,24:B2:B9,36,wpa2,2026-03-19T13:00:00.000Z,2026-03-19T07:00:00.000Z,Dublin,Leinster,IE,Fitzwilliam Square East,D02 F891
24:B2:B9:F4:67:2D,,27.39391136,-82.45002747,24:B2:B9,108,unknown,2026-03-13T11:00:00.000Z,2026-03-15T08:00:00.000Z,,FL,US,I 75,34201
24:B2:B9:F4:67:43,,30.55975342,-97.68776703,24:B2:B9,0,unknown,2026-03-06T11:00:00.000Z,2026-03-06T18:00:00.000Z,Round Rock,TX,US,University Boulevard,78665
24:B2:B9:F4:67:8D,,33.79973984,-84.62001801,24:B2:B9,5,unknown,2026-01-08T20:00:00.000Z,2026-01-11T20:00:00.000Z,,GA,US,Maxham Road,30168
24:B2:B9:F4:69:1D,,33.9947052,-118.4542923,24:B2:B9,7,wpa2,2026-06-30T01:00:00.000Z,2026-08-14T18:00:00.000Z,Los Angeles,CA,US,Lincoln Boulevard,90291-3879
24:B2:B9:F4:69:61,,41.71309662,-73.92964935,24:B2:B9,48,unknown,2026-03-28T17:00:00.000Z,2026-03-28T11:00:00.000Z,,NY,US,Washington Street,12601
24:B2:B9:F4:69:6B,,41.60036087,-93.77117157,24:B2:B9,36,unknown,2026-04-03T14:00:00.000Z,2026-07-16T18:00:00.000Z,West Des Moines,IA,US,University Avenue,50325
24:B2:B9:F4:69:83,,33.73055649,-84.93930817,24:B2:B9,2,wpa2,2026-06-17T22:00:00.000Z,2026-06-18T04:00:00.000Z,,GA,US,West Bankhead Highway,30180
24:B2:B9:F4:6A:03,,33.6115303,-85.78295898,24:B2:B9,4,unknown,2026-05-31T00:00:00.000Z,2026-06-03T20:00:00.000Z,,AL,US,I 20,36207
24:B2:B9:F4:6A:B5,,40.55590057,-74.4151535,24:B2:B9,6,unknown,2026-03-15T15:00:00.000Z,2026-05-21T11:00:00.000Z,,NJ,US,Durham Avenue,07080
24:B2:B9:F4:6A:C9,,29.78802872,-96.18450165,24:B2:B9,165,unknown,2026-03-17T23:00:00.000Z,2026-03-17T19:00:00.000Z,Sealy,TX,US,FM 1094,77474
24:B2:B9:F4:6A:E7,,47.44113541,-122.23734283,24:B2:B9,1,wpa2,2026-07-18T20:00:00.000Z,2026-07-18T15:00:00.000Z,,WA,US,South 180th Street,98188
24:B2:B9:F4:6B:23,,33.73747253,-84.39219666,24:B2:B9,149,unknown,2026-05-31T01:00:00.000Z,2026-06-03T20:00:00.000Z,Atlanta,GA,US,Downtown Connector,30303-3506
24:B2:B9:F4:6B:55,,31.04867363,-97.46368408,24:B2:B9,0,unknown,2026-04-10T16:00:00.000Z,2026-04-11T12:00:00.000Z,Belton,TX,US,I 35,76513
24:B2:B9:F4:6B:7F,,31.79225731,-85.97718048,24:B2:B9,1,unknown,2026-07-17T20:00:00.000Z,2026-07-18T19:00:00.000Z,,AL,US,US 231;AL 10,36079
24:B2:B9:F4:6B:E1,,37.67807007,-97.35211182,24:B2:B9,1,unknown,2026-05-03T04:00:00.000Z,2026-05-09T18:00:00.000Z,Wichita,KS,US,West University Street,67213
24:B2:B9:F4:6C:5F,,29.8357563,-82.16609955,24:B2:B9,48,unknown,2026-03-13T15:00:00.000Z,2026-03-15T08:00:00.000Z,,FL,US,Sid Martin Highway,32044
24:B2:B9:F4:6D:2F,,31.78542328,-85.96367645,24:B2:B9,153,unknown,2026-07-17T20:00:00.000Z,2026-07-18T19:00:00.000Z,,AL,US,US 231;SR 10,36079
24:B2:B9:F4:6D:83,,39.87718582,-86.53401947,24:B2:B9,1,wpa2,2026-07-06T20:00:00.000Z,2026-07-06T14:00:00.000Z,,IN,US,West Main Street,46167
24:B2:B9:F4:6D:CB,Flock-F46DCB,41.6910553,-86.2506485,24:B2:B9,157,wpa2,2026-01-23T13:00:00.000Z,2026-01-23T10:00:00.000Z,South Bend,IN,US,East Bank Trail,46616
24:B2:B9:F4:6D:E7,,36.12569809,-115.17190552,24:B2:B9,6,none,2026-07-29T13:00:00.000Z,2026-07-29T15:00:00.000Z,,NV,US,Spring Mountain Road,89109-0766
24:B2:B9:F4:6D:F3,,34.01231766,-118.48957062,24:B2:B9,4,wpa2,2026-07-12T20:00:00.000Z,2026-07-19T13:00:00.000Z,Santa Monica,CA,US,Olympic Boulevard,90292
24:B2:B9:F4:6E:49,,42.97267532,-78.63418579,24:B2:B9,1,wpa2,2026-07-01T00:00:00.000Z,2026-07-06T20:00:00.000Z,,NY,US,Main Street,14031
24:B2:B9:F4:6E:93,,47.15846634,-122.29332733,24:B2:B9,6,wpa2,2026-07-20T00:00:00.000Z,2026-07-19T23:00:00.000Z,,WA,US,East Meridian Avenue,98374-1229
24:B2:B9:F4:6E:A5,,25.97139931,-80.27874756,24:B2:B9,1,unknown,2026-06-06T02:00:00.000Z,2026-06-07T09:00:00.000Z,Miramar,FL,US,Homestead Extension of Florida's Turnpike,33055:33169
24:B2:B9:F4:6F:09,,41.64427185,-93.51056671,24:B2:B9,3,unknown,2026-04-30T20:00:00.000Z,2026-06-12T20:00:00.000Z,,IA,US,Military Order of the Purple Heart Highway,50009
24:B2:B9:F4:6F:29,,41.70053482,-73.87555695,24:B2:B9,1,unknown,2026-03-28T18:00:00.000Z,2026-05-23T08:00:00.000Z,,NY,US,Dutchess Turnpike,12604
24:B2:B9:F4:6F:6F,<hidden>,41.31190872,-81.51702881,24:B2:B9,40,none,2026-07-03T14:00:00.000Z,2026-07-04T23:00:00.000Z,,OH,US,Macedonia Commons Boulevard,44056
24:B2:B9:F4:6F:7D,,30.03099823,-97.67208862,24:B2:B9,3,unknown,2026-03-03T16:00:00.000Z,2026-03-28T12:00:00.000Z,,TX,US,Camino Real,
24:B2:B9:F4:70:81,,41.60050201,-93.81378174,24:B2:B9,104,unknown,2026-04-23T14:00:00.000Z,2026-07-16T18:00:00.000Z,,IA,US,University Avenue,50398
24:B2:B9:F4:70:E7,,39.88393784,-104.98768616,24:B2:B9,1,unknown,2026-07-26T11:00:00.000Z,2026-07-26T22:00:00.000Z,,CO,US,North Valley Highway,80234-4154
24:B2:B9:F4:71:23,,38.31901932,-77.47173309,24:B2:B9,0,unknown,2001-12-31T16:00:00.000Z,2026-06-21T03:00:00.000Z,Fredericksburg,VA,US,Emancipation Highway,22401-3701
24:B2:B9:F4:71:C7,,41.56575394,-93.7035141,24:B2:B9,149,unknown,2026-06-11T13:00:00.000Z,2026-07-03T11:00:00.000Z,West Des Moines,IA,US,Southwest 63rd Street,50312-2099
24:B2:B9:F4:72:39,,37.72258377,-97.31544495,24:B2:B9,1,unknown,2026-04-28T06:00:00.000Z,2026-05-09T18:00:00.000Z,Wichita,KS,US,East 21st Street North,67260-0074
24:B2:B9:F4:72:3F,,30.23360634,-97.81102753,24:B2:B9,40,unknown,2026-02-02T09:00:00.000Z,2026-07-07T19:00:00.000Z,,TX,US,US 290;TX 71,78745
24:B2:B9:F4:72:61,,35.84163666,-90.70489502,24:B2:B9,6,wpa2,2026-07-19T09:00:00.000Z,2026-07-20T22:00:00.000Z,Jonesboro,AR,US,South Main Street,72401
24:B2:B9:F4:72:75,,28.63868332,-81.23490143,24:B2:B9,165,unknown,2026-07-05T18:00:00.000Z,2026-07-18T19:00:00.000Z,,FL,US,FL 426,32765
24:B2:B9:F4:72:FD,Flock-F472FD,33.30564117,-111.90222931,24:B2:B9,153,wpa2,2026-01-28T23:00:00.000Z,2026-01-28T23:00:00.000Z,Chandler,AZ,US,West Chandler Boulevard,85226-4880
24:B2:B9:F4:73:2D,,41.77902222,-73.76516724,24:B2:B9,4,unknown,2026-03-11T12:00:00.000Z,2026-07-07T13:00:00.000Z,,NY,US,US 44,12578
24:B2:B9:F4:73:4B,,33.84463501,-87.25197601,24:B2:B9,1,wpa2,2026-06-28T17:00:00.000Z,2026-06-28T14:00:00.000Z,,AL,US,AL 5;AL 69,35501
24:B2:B9:F4:73:4F,,33.80285645,-118.01711273,24:B2:B9,10,wpa2,2026-07-25T02:00:00.000Z,2026-07-31T13:00:00.000Z,,CA,US,West Katella Avenue,90630
24:B2:B9:F4:73:B1,Flock-F473B1,30.48700142,-84.31641388,24:B2:B9,165,wpa2,2026-01-25T17:00:00.000Z,2026-01-30T07:00:00.000Z,,FL,US,North Monroe Street,32303-4441
24:B2:B9:F4:73:CB,,35.3082962,-94.3959198,24:B2:B9,1,unknown,2026-07-18T17:00:00.000Z,2026-07-18T19:00:00.000Z,Fort Smith,AR,US,US Highway 71 South,72936
24:B2:B9:F4:74:37,,32.31317139,-86.18770599,24:B2:B9,1,unknown,2026-07-17T20:00:00.000Z,2026-07-18T19:00:00.000Z,Montgomery,AL,US,Taylor Road,36116
24:B2:B9:F4:74:B1,,34.00104904,-118.46733856,24:B2:B9,6,wpa2,2026-08-14T21:00:00.000Z,2026-08-14T18:00:00.000Z,Los Angeles,CA,US,Rose Court,90291
24:B2:B9:F4:75:85,,36.07126236,-115.11865234,24:B2:B9,0,unknown,2026-04-12T15:00:00.000Z,2026-04-18T15:00:00.000Z,,NV,US,South Eastern Avenue,89120
24:B2:B9:F4:75:87,,29.77410126,-96.1370163,24:B2:B9,44,unknown,2026-03-17T23:00:00.000Z,2026-03-17T19:00:00.000Z,Sealy,TX,US,US 90,77474
24:B2:B9:F4:75:BD,,48.00522614,-122.17429352,24:B2:B9,6,wpa2,2026-06-29T23:00:00.000Z,2026-07-20T06:00:00.000Z,Everett,WA,US,I 5,98201
24:B2:B9:F4:76:6B,,41.61619186,-93.75606537,24:B2:B9,149,unknown,2026-04-03T20:00:00.000Z,2026-07-02T19:00:00.000Z,Urbandale,IA,US,Frontage Road,50325
24:B2:B9:F4:76:F3,,36.12601852,-115.21494293,24:B2:B9,36,none,2026-07-29T14:00:00.000Z,2026-07-29T15:00:00.000Z,,NV,US,West Spring Mountain Road,89146-8833
24:B2:B9:F4:76:F9,,31.07668877,-97.37178802,24:B2:B9,0,unknown,2026-04-10T14:00:00.000Z,2026-04-11T12:00:00.000Z,,TX,US,Everton Drive,76504
24:B2:B9:F4:77:A9,,41.61466217,-93.7723465,24:B2:B9,112,unknown,2026-04-22T21:00:00.000Z,2026-07-12T09:00:00.000Z,,IA,US,Hickman Road,50325
24:B2:B9:F4:78:5B,,34.05415726,-118.16399384,24:B2:B9,11,wpa2,2026-05-23T19:00:00.000Z,2026-05-23T13:00:00.000Z,,CA,US,Long Beach Freeway,91754-2332
24:B2:B9:F4:78:69,,30.98543167,-85.40719604,24:B2:B9,1,unknown,2026-07-17T18:00:00.000Z,2026-07-18T19:00:00.000Z,,FL,US,US 231,32426
24:B2:B9:F4:78:6F,,37.68095016,-113.06156921,24:B2:B9,1,unknown,2026-07-10T01:00:00.000Z,2026-07-10T17:00:00.000Z,Cedar City,UT,US,East 200 North,83721
24:B2:B9:F4:78:A9,,30.41112328,-83.91138458,24:B2:B9,157,unknown,2026-02-22T20:00:00.000Z,2026-02-26T12:00:00.000Z,,FL,US,Florida Georgia Parkway,
24:B2:B9:F4:79:0F,,39.26054764,-84.60303497,24:B2:B9,11,wpa2,2026-06-19T01:00:00.000Z,2026-06-19T11:00:00.000Z,,OH,US,Colerain Avenue,45251-1505
24:B2:B9:F4:79:7D,Flock-F4797D,37.79361725,-122.20498657,24:B2:B9,36,wpa2,2026-01-13T18:00:00.000Z,2026-01-13T15:00:00.000Z,Oakland,CA,US,MacArthur Freeway,94619
24:B2:B9:F4:79:F9,,30.89486313,-102.8506546,24:B2:B9,0,unknown,2026-02-08T14:00:00.000Z,2026-06-09T19:00:00.000Z,,TX,US,I 10;US 67,79735
24:B2:B9:F4:7A:29,,41.61497498,-93.89178467,24:B2:B9,149,unknown,2026-04-23T17:00:00.000Z,2026-07-16T18:00:00.000Z,,IA,US,Hickman Road,50263
24:B2:B9:F4:7A:9D,,41.70409393,-93.58128357,24:B2:B9,48,unknown,2026-05-19T19:00:00.000Z,2026-07-29T20:00:00.000Z,Ankeny,IA,US,Southeast Delaware Avenue,50021
24:B2:B9:F4:7B:3F,,41.6579628,-93.5041275,24:B2:B9,40,unknown,2026-05-19T20:00:00.000Z,2026-07-10T14:00:00.000Z,,IA,US,Adventureland Drive,50009
24:B2:B9:F4:7B:63,,30.45076752,-97.60504913,24:B2:B9,36,unknown,2026-07-02T00:00:00.000Z,2026-07-06T13:00:00.000Z,,TX,US,FM 685,78660
24:B2:B9:F4:7B:B1,,37.69190979,-97.24456024,24:B2:B9,48,unknown,2026-04-30T23:00:00.000Z,2026-05-02T18:00:00.000Z,Wichita,KS,US,North Rock Road,67206
24:B2:B9:F4:7C:BD,,33.94465256,-84.54420471,24:B2:B9,8,unknown,2026-01-08T22:00:00.000Z,2026-01-11T20:00:00.000Z,Marietta,GA,US,South Marietta Parkway Southeast,30090
24:B2:B9:F4:7D:0D,,39.70052719,-86.25937653,24:B2:B9,5,wpa2,2026-06-23T20:00:00.000Z,2026-06-23T14:00:00.000Z,Indianapolis,IN,US,I 74;I 465,46221
24:B2:B9:F4:7D:3D,,25.45524406,-80.47653198,24:B2:B9,48,unknown,2026-06-06T02:00:00.000Z,2026-06-07T09:00:00.000Z,,FL,US,Northeast 7th Street,33034
24:B2:B9:F4:7D:99,,34.03958511,-117.95458221,24:B2:B9,1,wpa2,2026-05-24T20:00:00.000Z,2026-07-20T01:00:00.000Z,La Puente,CA,US,Aldgate Avenue,91744
24:B2:B9:F4:7D:A7,,40.12134552,-111.65546417,24:B2:B9,9,wpa2,2026-06-08T19:00:00.000Z,2026-06-08T12:00:00.000Z,,UT,US,900 North,84660
24:B2:B9:F4:7E:B1,,41.58410263,-93.80912781,24:B2:B9,1,unknown,2026-04-03T22:00:00.000Z,2026-07-16T18:00:00.000Z,West Des Moines,IA,US,Jordan Creek Parkway,50266
24:B2:B9:F4:7E:EB,,30.26036644,-82.75084686,24:B2:B9,161,unknown,2026-05-31T15:00:00.000Z,2026-07-18T19:00:00.000Z,,FL,US,I 75,32055
24:B2:B9:F4:7F:8F,,39.8343811,-104.71075439,24:B2:B9,6,wpa2,2026-07-15T20:00:00.000Z,2026-07-15T16:00:00.000Z,Denver,CO,US,Peña Boulevard,
24:B2:B9:F4:7F:97,Flock-F47F97,29.68450165,-98.13339996,24:B2:B9,153,wpa2,2026-02-18T17:00:00.000Z,2026-02-20T21:00:00.000Z,New Braunfels,TX,US,I 35,78130
24:B2:B9:F4:7F:A1,<hidden>,41.3142395,-81.51158905,24:B2:B9,128,none,2026-07-05T05:00:00.000Z,2026-07-04T23:00:00.000Z,,OH,US,East Aurora Road,44056
24:B2:B9:F4:7F:A3,,32.11164474,-81.23773193,24:B2:B9,6,unknown,2026-03-13T18:00:00.000Z,2026-03-15T07:00:00.000Z,,GA,US,I 95,31322
24:B2:B9:F4:80:C3,Flock-F480C3,30.20446587,-81.74194336,24:B2:B9,153,wpa2,2026-02-09T00:00:00.000Z,2026-05-18T09:00:00.000Z,Jacksonville,FL,US,Collins Road,32244
24:B2:B9:F4:9E:8D,Flock,30.42142487,-91.14039612,24:B2:B9,6,none,2026-08-24T17:00:00.000Z,2026-08-24T16:00:00.000Z,Baton Rouge,LA,US,College Drive,70808
24:B2:B9:F4:CC:A9,,39.97652054,-104.95043945,24:B2:B9,1,unknown,2026-08-10T16:00:00.000Z,2026-08-14T21:00:00.000Z,Thornton,CO,US,E470,80602
24:B2:B9:F4:FF:0D,ClickShare-1875592938,34.68238449,-118.17478943,24:B2:B9,36,wpa2,2026-08-15T19:00:00.000Z,2026-08-15T13:00:00.000Z,Lancaster,CA,US,25th Street West,93536
24:B2:B9:F4:FF:29,,38.6446228,-90.26071167,24:B2:B9,36,wpa2,2026-08-25T20:00:00.000Z,2026-08-25T14:00:00.000Z,Saint Louis,MO,US,Maryland Avenue,63108
24:B2:B9:F4:FF:2D,ClickShare-1875593119,29.4266758,-98.49204254,24:B2:B9,36,wpa2,2026-04-27T18:00:00.000Z,2026-04-27T14:00:00.000Z,San Antonio,TX,US,River Walk,78205
24:B2:B9:F4:FF:97,,39.49541092,-76.65979004,24:B2:B9,149,wpa2,2026-07-29T19:00:00.000Z,2026-08-07T18:00:00.000Z,,MD,US,Shawan Road,21031
24:B2:B9:F4:FF:CD,ClickShare-RH Amazon,51.48605347,-0.60598075,24:B2:B9,36,wpa2,2026-07-02T12:00:00.000Z,2026-07-02T06:00:00.000Z,,England,GB,Riverside Walk,SL4 1QG
24:B2:B9:F5:00:11,ClickShare-1875521541,52.52154922,-1.9707216,24:B2:B9,36,wpa2,2026-07-31T15:00:00.000Z,2026-08-20T20:00:00.000Z,Sandwell,England,GB,M5,B70 6TQ
24:B2:B9:F5:00:C1,ClickShare- Presidio,37.78424454,-122.39838409,24:B2:B9,165,wpa2,2026-08-28T02:00:00.000Z,2026-08-27T23:00:00.000Z,San Francisco,CA,US,Folsom Street,94105
24:B2:B9:F5:00:FB,ClickShare-1875521346,-33.83723831,151.20793152,24:B2:B9,36,wpa2,2026-07-06T06:00:00.000Z,2026-07-05T23:00:00.000Z,,New South Wales,AU,Denison Street,2060
24:B2:B9:F5:00:FF,ClickShare-1875521345,-33.86286163,151.20527649,24:B2:B9,36,wpa2,2026-05-01T03:00:00.000Z,2026-04-30T20:00:00.000Z,Sydney,New South Wales,AU,York Street Offramp,2000
24:B2:B9:F5:01:63,ClickShare-1875521359,-27.46631241,153.0296936,24:B2:B9,36,wpa2,2026-03-12T01:00:00.000Z,2026-03-11T18:00:00.000Z,,Queensland,AU,Queen Street,4001
24:B2:B9:F5:02:F5,ClickShare-1875522061,1.27802789,103.8462677,24:B2:B9,36,wpa2,2026-07-29T12:00:00.000Z,2026-07-29T06:00:00.000Z,Singapore,Central,SG,Maxwell Road,069120
24:B2:B9:F5:03:63,,40.7058754,-74.00273895,24:B2:B9,36,wpa2,2026-08-21T20:00:00.000Z,2026-08-21T15:00:00.000Z,City of New York,NY,US,Pier 16,10038
24:B2:B9:F5:04:4B,ClickShare-LCR-511,34.01335907,-118.49578857,24:B2:B9,36,wpa2,2026-07-11T17:00:00.000Z,2026-08-02T21:00:00.000Z,Santa Monica,CA,US,Broadway,90401
24:B2:B9:F5:04:DD,,49.63312531,6.16965961,24:B2:B9,36,wpa2,2026-06-11T10:00:00.000Z,2026-07-11T09:00:00.000Z,Luxembourg,Canton Luxembourg,LU,Rue Alphonse Weicker,2721
24:B2:B9:F5:05:AB,ClickShare-1875593032,35.76553345,-84.01016998,24:B2:B9,36,wpa2,2026-08-03T05:00:00.000Z,2026-08-10T16:00:00.000Z,,TN,US,Middlesettlements Road,37801
24:B2:B9:F5:05:E3,,32.55306625,-97.12301636,24:B2:B9,36,wpa2,2026-04-19T21:00:00.000Z,2026-04-19T16:00:00.000Z,,TX,US,Heritage Parkway,76063
24:B2:B9:F5:05:FD,Huddle Room 104,29.65519524,-95.38726044,24:B2:B9,36,wpa2,2026-03-10T19:00:00.000Z,2026-08-25T17:00:00.000Z,Houston,TX,US,South Freeway,77045
24:B2:B9:F5:07:A7,ClickShare-1875593116,33.67272186,-117.86360168,24:B2:B9,36,wpa2,2026-06-13T07:00:00.000Z,2026-06-13T02:00:00.000Z,Irvine,CA,US,MacArthur Boulevard,92612
24:B2:B9:F5:07:C3,ClickShare-1875592783,38.87437057,-77.22867584,24:B2:B9,36,wpa2,2026-01-29T00:00:00.000Z,2026-07-23T08:00:00.000Z,,VA,US,Lee Highway,22042-1002
24:B2:B9:F5:07:C5,ClickShare-1875592782,39.2426796,-76.59486389,24:B2:B9,36,wpa2,2026-06-04T11:00:00.000Z,2026-08-24T13:00:00.000Z,Baltimore,MD,US,Frankfurst Avenue,21226
24:B2:B9:F5:07:CF,ClickShare-RH Mississippi,51.48558426,-0.60636646,24:B2:B9,36,wpa2,2026-07-02T16:00:00.000Z,2026-07-02T10:00:00.000Z,,England,GB,Farm Yard,SL4 1QD
24:B2:B9:F5:08:03,ClickShare-1875592800,39.62086487,-75.85141754,24:B2:B9,36,wpa2,2026-05-16T19:00:00.000Z,2026-05-16T12:00:00.000Z,,MD,US,Blue Ball Road,21921
24:B2:B9:F5:08:2F,ClickShare-Smithfield Conf Rm,40.43775558,-79.9986496,24:B2:B9,36,wpa2,2026-06-09T12:00:00.000Z,2026-06-09T07:00:00.000Z,Pittsburgh,PA,US,Third Avenue,15222
24:B2:B9:F5:08:31,ClickShare-1875592799,34.41576004,-119.69659424,24:B2:B9,36,wpa2,2026-07-17T19:00:00.000Z,2026-07-20T21:00:00.000Z,Santa Barbara,CA,US,West Haley Street,93101
24:B2:B9:F5:08:61,ClickShare-1875521067,48.1193161,11.60266876,24:B2:B9,36,wpa2,2026-07-21T17:00:00.000Z,2026-07-21T10:00:00.000Z,München,Bayern,DE,Halbleiterstraße,81669
24:B2:B9:F5:09:69,ClickShare-1875592577,27.96321297,-82.79598236,24:B2:B9,36,wpa2,2026-06-26T22:00:00.000Z,2026-06-26T16:00:00.000Z,Clearwater,FL,US,South Myrtle Avenue,33756
24:B2:B9:F5:0A:42,,30.51888466,-97.65558624,24:B2:B9,0,unknown,2026-03-06T15:00:00.000Z,2026-03-06T18:00:00.000Z,Round Rock,TX,US,North A W Grimes Boulevard,78664
24:B2:B9:F5:0A:B7,ClickShare-1875592839,39.85775757,-84.9638443,24:B2:B9,36,wpa2,2026-07-02T01:00:00.000Z,2026-08-28T09:00:00.000Z,,IN,US,West Industries Road,47392
24:B2:B9:F5:0A:BD,ClickShare-1875592814,34.41603088,-119.6963501,24:B2:B9,36,wpa2,2026-07-21T00:00:00.000Z,2026-07-20T21:00:00.000Z,Santa Barbara,CA,US,West Haley Street,93102
24:B2:B9:F5:0A:E3,ClickShare-Liberty Conf Rm,40.43784332,-79.99886322,24:B2:B9,36,wpa2,2026-06-09T12:00:00.000Z,2026-06-09T07:00:00.000Z,Pittsburgh,PA,US,Third Avenue,15222
24:B2:B9:F5:0C:2D,ClickShare-Sierra,36.85997391,-119.78308868,24:B2:B9,36,wpa2,2026-08-31T03:00:00.000Z,2026-08-30T21:00:00.000Z,,CA,US,North Friant Road,93720-2920
24:B2:B9:F5:0C:35,4050-D,40.7769165,-74.07981873,24:B2:B9,149,wpa2,2026-08-02T19:00:00.000Z,2026-08-02T14:00:00.000Z,,NJ,US,Seaview Drive,07094
24:B2:B9:F5:0D:4F,ClickShare-1875522085,14.55495834,121.0458374,24:B2:B9,36,wpa2,2026-07-04T00:00:00.000Z,2026-07-17T19:00:00.000Z,Taguig,Metro Manila,PH,32nd Street,1634
24:B2:B9:F5:0D:6B,ClickShare-1875522083,-37.81649017,145.28895569,24:B2:B9,36,wpa2,2026-04-30T00:00:00.000Z,2026-06-11T21:00:00.000Z,Melbourne,Victoria,AU,Research Drive,3137
24:B2:B9:F5:0D:99,ClickShare-1875521458,51.45005798,-2.60997844,24:B2:B9,36,wpa2,2026-05-09T17:00:00.000Z,2026-05-09T10:00:00.000Z,Bristol,England,GB,Porto Quay,BS8 4UQ
24:B2:B9:F5:0D:A7,ClickShare-6.06,51.454319,-2.58479977,24:B2:B9,36,wpa2,2026-04-20T12:00:00.000Z,2026-04-20T07:00:00.000Z,Bristol,England,GB,Narrow Plain,BS2
24:B2:B9:F5:0D:C1,ClickShare-1875521476,24.70514107,46.67527008,24:B2:B9,36,wpa2,2026-03-03T17:00:00.000Z,2026-03-08T15:00:00.000Z,الرياض,منطقة الرياض,SA,الملك فهد,12214
24:B2:B9:F5:4C:C7,,31.09072495,-97.38442993,24:B2:B9,0,unknown,2026-04-10T12:00:00.000Z,2026-04-10T20:00:00.000Z,,TX,US,South General Bruce Drive,76504
24:B2:B9:F5:B7:93,<hidden>,41.3133812,-81.5140686,24:B2:B9,2,none,2026-07-03T14:00:00.000Z,2026-07-04T23:00:00.000Z,,OH,US,Macedonia Commons Boulevard,44056
24:B2:B9:F5:B7:95,,41.6360321,-93.50325012,24:B2:B9,116,unknown,2026-04-30T20:00:00.000Z,2026-06-12T20:00:00.000Z,,IA,US,34th Avenue Southwest,50009
24:B2:B9:F5:B8:51,,37.79438019,-122.26568604,24:B2:B9,11,wpa2,2026-07-03T02:00:00.000Z,2026-07-02T19:00:00.000Z,Oakland,CA,US,4th Street,94606-3636
24:B2:B9:F5:B8:93,,33.93949127,-84.53504181,24:B2:B9,6,unknown,2026-01-08T00:00:00.000Z,2026-01-11T20:00:00.000Z,Marietta,GA,US,Commerce Park Drive Southeast,30060
24:B2:B9:F5:B9:43,,30.51779938,-97.65615845,24:B2:B9,36,unknown,2026-03-06T15:00:00.000Z,2026-03-22T15:00:00.000Z,Round Rock,TX,US,Palm Valley Boulevard,78664
24:B2:B9:F5:B9:83,,40.82538223,-76.84447479,24:B2:B9,40,unknown,2026-07-22T19:00:00.000Z,2026-07-23T05:00:00.000Z,,PA,US,North Susquehanna Trail,17870
24:B2:B9:F5:BA:61,,47.17913818,-122.29303741,24:B2:B9,1,wpa2,2026-07-20T00:00:00.000Z,2026-07-28T14:00:00.000Z,,WA,US,14th Avenue Southeast,98371
24:B2:B9:F5:BA:79,,36.15194321,-115.20804596,24:B2:B9,6,none,2026-07-29T18:00:00.000Z,2026-07-29T20:00:00.000Z,Las Vegas,NV,US,South Decatur Boulevard,89146-1410
24:B2:B9:F5:BA:AD,,34.53775406,-118.08268738,24:B2:B9,7,unknown,2026-04-07T03:00:00.000Z,2026-06-18T22:00:00.000Z,Palmdale,CA,US,Pearblossom Highway,93550
24:B2:B9:F5:BA:DB,Flock-F5BADB,44.37827301,-89.16869354,24:B2:B9,165,wep,2026-01-23T22:00:00.000Z,2026-01-26T13:00:00.000Z,,WI,US,Vietnam War Veterans Memorial Highway,
24:B2:B9:F5:BB:2B,,37.67136002,-97.34476471,24:B2:B9,1,unknown,2026-05-19T23:00:00.000Z,2026-05-23T11:00:00.000Z,Wichita,KS,US,South McLean Boulevard,67202
24:B2:B9:F5:BB:2D,,37.73314285,-122.1897583,24:B2:B9,6,wpa2,2026-07-16T15:00:00.000Z,2026-07-16T08:00:00.000Z,Oakland,CA,US,Nimitz Freeway,94621
24:B2:B9:F5:BB:3D,<hidden>,41.29897308,-81.51351166,24:B2:B9,36,none,2026-07-02T22:00:00.000Z,2026-07-05T15:00:00.000Z,,OH,US,Capital Boulevard,44056
24:B2:B9:F5:BB:73,,28.60619545,-81.72481537,24:B2:B9,48,unknown,2026-05-31T17:00:00.000Z,2026-06-03T20:00:00.000Z,,FL,US,Florida's Turnpike,34715
24:B2:B9:F5:BB:C7,,34.05046082,-117.98169708,24:B2:B9,2,wpa2,2026-07-06T00:00:00.000Z,2026-07-20T01:00:00.000Z,La Puente,CA,US,Temple Avenue,91744
24:B2:B9:F5:BB:D9,<hidden>,43.19435883,-77.58811188,24:B2:B9,5,none,2026-07-29T11:00:00.000Z,2026-07-29T04:00:00.000Z,City of Rochester,NY,US,Keeler Street Expressway,14621
24:B2:B9:F5:BC:2B,,31.06843758,-97.35503387,24:B2:B9,0,unknown,2026-04-10T16:00:00.000Z,2026-04-10T20:00:00.000Z,,TX,US,South 5th Street,76504
24:B2:B9:F5:BC:31,,39.29513168,-84.52425385,24:B2:B9,48,unknown,2026-06-01T19:00:00.000Z,2026-06-01T14:00:00.000Z,,OH,US,Winton Road,45231
24:B2:B9:F5:BD:87,,33.95591354,-98.60351562,24:B2:B9,40,unknown,2026-07-26T22:00:00.000Z,2026-07-26T22:00:00.000Z,Wichita Falls,TX,US,Northwest Freeway,76305
24:B2:B9:F5:BD:91,,48.05114365,-122.18473053,24:B2:B9,11,wpa2,2026-06-29T12:00:00.000Z,2026-07-16T06:00:00.000Z,,WA,US,I 5,98270
24:B2:B9:F5:BE:17,,41.61496353,-93.83929443,24:B2:B9,44,unknown,2026-04-22T22:00:00.000Z,2026-04-23T17:00:00.000Z,,IA,US,Hickman Road,50263
24:B2:B9:F5:BE:CF,,37.67885208,-97.32460022,24:B2:B9,36,unknown,2026-04-28T06:00:00.000Z,2026-05-09T18:00:00.000Z,Wichita,KS,US,Vietnam Veterans Memorial Highway,67218
24:B2:B9:F5:BE:D1,,37.73762512,-97.24577332,24:B2:B9,1,unknown,2026-05-02T05:00:00.000Z,2026-08-14T20:00:00.000Z,Wichita,KS,US,East 29th Street North,67220
24:B2:B9:F5:BF:01,,28.59746933,-81.24523163,24:B2:B9,153,unknown,2026-05-31T18:00:00.000Z,2026-07-18T19:00:00.000Z,,FL,US,University Boulevard,32817
24:B2:B9:F5:BF:13,,39.20217133,-84.20773315,24:B2:B9,40,unknown,2026-04-12T00:00:00.000Z,2026-04-21T10:00:00.000Z,,OH,US,Woodville Pike,45122
24:B2:B9:F5:BF:A7,Flock-F5BFA7,33.29820251,-84.5898819,24:B2:B9,149,wpa2,2026-02-02T16:00:00.000Z,2026-02-02T10:00:00.000Z,,GA,US,GA 16,30263
24:B2:B9:F5:C0:1B,,29.77743912,-95.861763,24:B2:B9,0,unknown,2026-04-23T13:00:00.000Z,2026-04-23T16:00:00.000Z,,TX,US,Katy Freeway,
24:B2:B9:F5:C0:93,Flock-F5C093,44.96986771,-89.6366806,24:B2:B9,165,wpa2,2026-01-31T22:00:00.000Z,2026-01-31T17:00:00.000Z,Wausau,WI,US,West Bridge Street,54401
24:B2:B9:F5:C0:B7,,41.57132721,-93.51622772,24:B2:B9,40,unknown,2026-07-16T07:00:00.000Z,2026-07-16T18:00:00.000Z,,IA,US,Vandalia Road,50327
24:B2:B9:F5:C0:CD,,41.41684341,-73.31086731,24:B2:B9,157,unknown,2026-05-08T22:00:00.000Z,2026-05-10T13:00:00.000Z,,CT,US,Hanover Road,06470
24:B2:B9:F5:C0:E5,,35.45751572,-93.48033905,24:B2:B9,40,unknown,2026-05-30T16:00:00.000Z,2026-06-03T20:00:00.000Z,,AR,US,I 40,72830
24:B2:B9:F5:C1:B9,,30.32964325,-97.63821411,24:B2:B9,0,unknown,2026-05-21T14:00:00.000Z,2026-05-21T18:00:00.000Z,Austin,TX,US,Manor Expressway,78724-1199
24:B2:B9:F5:C1:C3,,31.09070969,-97.38446045,24:B2:B9,1,unknown,2026-04-10T13:00:00.000Z,2026-07-19T17:00:00.000Z,,TX,US,South General Bruce Drive,76504
24:B2:B9:F5:C1:E4,,31.09063339,-97.38446808,24:B2:B9,0,unknown,2026-04-10T12:00:00.000Z,2026-04-10T20:00:00.000Z,,TX,US,South General Bruce Drive,76504
24:B2:B9:F5:C1:E7,,39.83064651,-86.27601624,24:B2:B9,40,unknown,2026-04-11T23:00:00.000Z,2026-04-11T22:00:00.000Z,Indianapolis,IN,US,I 465,46254
24:B2:B9:F5:C2:0F,Flock-F5C20F,39.77388,-84.08392334,24:B2:B9,157,wpa2,2026-01-29T16:00:00.000Z,2026-01-29T15:00:00.000Z,,OH,US,Colonel Glenn Highway,45431
24:B2:B9:F5:C2:1F,,28.55303383,-81.20531464,24:B2:B9,161,unknown,2026-06-07T22:00:00.000Z,2026-06-19T14:00:00.000Z,,FL,US,Alafaya Trail,32828
24:B2:B9:F5:C2:47,,39.73729706,-86.14554596,24:B2:B9,1,wpa2,2026-06-16T12:00:00.000Z,2026-06-19T11:00:00.000Z,Indianapolis,IN,US,East Raymond Street,46203
24:B2:B9:F5:C2:77,Flock-F5C277,41.54304123,-87.69398499,24:B2:B9,157,wpa2,2026-01-18T00:00:00.000Z,2026-01-18T00:00:00.000Z,,IL,US,Kedzie Avenue,60430:60478
24:B2:B9:F5:C3:E9,Flock-F5C3E9,42.70838165,-83.28514099,24:B2:B9,153,wpa2,2026-01-22T01:00:00.000Z,2026-02-03T15:00:00.000Z,,MI,US,Joslyn Road,48359
24:B2:B9:F5:C4:07,,44.69638824,-73.49491119,24:B2:B9,9,unknown,2026-05-22T19:00:00.000Z,2026-05-22T22:00:00.000Z,,NY,US,State Route 3,12901
24:B2:B9:F5:C4:33,,40.13484955,-88.24505615,24:B2:B9,40,unknown,2026-04-12T01:00:00.000Z,2026-04-11T22:00:00.000Z,Champaign,IL,US,I 74,61820-7817
24:B2:B9:F5:C4:7D,Flock-F5C47D,47.1901474,-122.46547699,24:B2:B9,48,wpa2,2026-02-13T06:00:00.000Z,2026-02-19T18:00:00.000Z,Tacoma,WA,US,South 74th Street,98408-1202
24:B2:B9:F5:C4:89,,39.77112198,-86.33765411,24:B2:B9,3,wpa2,2026-06-30T15:00:00.000Z,2026-06-30T08:00:00.000Z,,IN,US,Ronald Reagan Parkway,46231
24:B2:B9:F5:C4:C9,,37.69431305,-97.42568207,24:B2:B9,1,unknown,2026-04-30T17:00:00.000Z,2026-05-15T19:00:00.000Z,Wichita,KS,US,West Central Avenue,67212
24:B2:B9:F5:C4:E9,,36.13586807,-115.06542969,24:B2:B9,0,unknown,2025-06-01T17:00:00.000Z,2026-04-11T19:00:00.000Z,,NV,US,South Nellis Boulevard,89121-2510
24:B2:B9:F5:C4:F7,,39.83441925,-104.71697235,24:B2:B9,6,wpa2,2026-07-15T20:00:00.000Z,2026-07-15T16:00:00.000Z,Denver,CO,US,Peña Boulevard,
24:B2:B9:F5:C5:03,Flock-F5C503,33.95397568,-84.14089966,24:B2:B9,157,wpa2,2026-01-24T15:00:00.000Z,2026-01-29T18:00:00.000Z,,GA,US,Steve Reynolds Boulevard,30096-4590
24:B2:B9:F5:C5:35,Flock,34.04713821,-118.4591217,24:B2:B9,8,none,2026-08-30T09:00:00.000Z,2026-08-30T10:00:00.000Z,Los Angeles,CA,US,Texas Avenue,90025
24:B2:B9:F5:C5:65,,30.52186012,-87.31226349,24:B2:B9,6,wpa2,2026-06-30T14:00:00.000Z,2026-06-30T07:00:00.000Z,Pensacola,FL,US,West Detroit Boulevard,32534
24:B2:B9:F5:C5:7F,,28.52646255,-82.23693848,24:B2:B9,48,unknown,2026-03-13T13:00:00.000Z,2026-03-15T08:00:00.000Z,,FL,US,I 75,34602
24:B2:B9:F5:C5:CB,,37.39762497,-79.22396088,24:B2:B9,4,unknown,2026-03-24T21:00:00.000Z,2026-03-31T02:00:00.000Z,Lynchburg,VA,US,Old Forest Road,24501-6921
24:B2:B9:F5:C7:47,,37.77514648,-122.23355865,24:B2:B9,6,wpa2,2026-07-16T15:00:00.000Z,2026-07-16T08:00:00.000Z,Oakland,CA,US,Nimitz Freeway,94601
24:B2:B9:F5:C7:B7,,37.67168045,-97.44020844,24:B2:B9,1,unknown,2026-07-18T21:00:00.000Z,2026-08-14T20:00:00.000Z,Wichita,KS,US,Vietnam Veterans Memorial Highway,67209
24:B2:B9:F5:C8:43,Flock-F5C843,38.01107788,-87.53927612,24:B2:B9,161,wpa2,2025-09-15T16:00:00.000Z,2025-12-15T15:00:00.000Z,Evansville,IN,US,US 41,47711
24:B2:B9:F5:CA:13,,29.19145966,-81.0710907,24:B2:B9,1,unknown,2026-04-09T19:00:00.000Z,2026-07-18T19:00:00.000Z,Daytona Beach,FL,US,International Speedway Boulevard,32120
24:B2:B9:F5:CA:57,,40.4877243,-74.43946075,24:B2:B9,48,unknown,2026-03-18T14:00:00.000Z,2026-05-19T11:00:00.000Z,New Brunswick,NJ,US,Paul Robeson Boulevard,08901-1340
24:B2:B9:F5:CA:F5,,28.54000664,-80.82891846,24:B2:B9,48,unknown,2026-07-03T13:00:00.000Z,2026-07-18T19:00:00.000Z,,FL,US,Columbia Boulevard,32780-2502
24:B2:B9:F5:CB:2D,,33.83027649,-118.3449173,24:B2:B9,1,wpa2,2026-06-02T15:00:00.000Z,2026-06-02T09:00:00.000Z,Torrance,CA,US,Madrona Avenue,90503
24:B2:B9:F5:CB:3D,,37.69436264,-97.29905701,24:B2:B9,1,unknown,2026-04-30T17:00:00.000Z,2026-05-23T11:00:00.000Z,Wichita,KS,US,North Hillside Street,66214
24:B2:B9:F5:CC:4B,,37.68251801,-113.06203461,24:B2:B9,157,unknown,2026-07-30T17:00:00.000Z,2026-08-17T15:00:00.000Z,Cedar City,UT,US,North Main Street,83721
24:B2:B9:F5:CC:97,,35.38339233,-94.42107391,24:B2:B9,1,unknown,2026-07-18T17:00:00.000Z,2026-07-18T19:00:00.000Z,Fort Smith,AR,US,Towson Avenue,72901
24:B2:B9:F5:CC:B3,,37.74719238,-122.2020874,24:B2:B9,1,wpa2,2026-07-16T15:00:00.000Z,2026-07-16T08:00:00.000Z,Oakland,CA,US,Nimitz Freeway,94621
24:B2:B9:F5:CC:DD,Flock-F5CCDD,29.76256752,-95.37185669,24:B2:B9,157,wpa2,2026-04-07T17:00:00.000Z,2026-04-07T16:00:00.000Z,Houston,TX,US,Gulf Freeway,77003:77007
24:B2:B9:F5:CC:FB,Flock-F5CCFB,33.7967453,-84.5102005,24:B2:B9,36,wpa2,2026-01-28T16:00:00.000Z,2026-01-28T09:00:00.000Z,,GA,US,Veterans Memorial Highway Southeast,30318:30331
24:B2:B9:F5:CD:AB,,39.76280594,-86.381073,24:B2:B9,6,wpa2,2026-07-12T23:00:00.000Z,2026-07-12T16:00:00.000Z,,IN,US,South Dan Jones Road,46123
24:B2:B9:F5:CE:01,<hidden>,41.28451538,-81.44039154,24:B2:B9,40,none,2026-07-05T15:00:00.000Z,2026-07-05T15:00:00.000Z,,OH,US,Darrow Road,44087
24:B2:B9:F5:CE:25,,30.51745796,-97.65655518,24:B2:B9,157,unknown,2026-03-06T15:00:00.000Z,2026-03-22T15:00:00.000Z,Round Rock,TX,US,Palm Valley Boulevard,78664
24:B2:B9:F5:CE:5F,,37.79439545,-97.3282547,24:B2:B9,161,unknown,2026-05-11T22:00:00.000Z,2026-05-15T19:00:00.000Z,,KS,US,I 135;US 81;KS 15,67219
24:B2:B9:F5:CE:8F,,29.14806175,-81.11306763,24:B2:B9,1,unknown,2026-06-28T17:00:00.000Z,2026-07-18T19:00:00.000Z,Daytona Beach,FL,US,International Speedway Boulevard,32124-1011
24:B2:B9:F5:CF:4D,,33.91893005,-84.54925537,24:B2:B9,4,unknown,2026-01-08T20:00:00.000Z,2026-01-11T20:00:00.000Z,,GA,US,Austell Road Southwest,30008
24:B2:B9:F5:CF:5F,,31.98085976,-106.58272552,24:B2:B9,0,unknown,2001-12-31T18:00:00.000Z,2026-06-21T03:00:00.000Z,,TX,US,I 10;US 85;US 180,79821
24:B2:B9:F5:CF:6B,<hidden>,41.37264252,-81.51374054,24:B2:B9,1,none,2026-07-02T22:00:00.000Z,2026-07-05T15:00:00.000Z,,OH,US,Fair Oaks Road,44146
24:B2:B9:F5:CF:81,Flock-F5CF81,43.07607651,-78.9522934,24:B2:B9,153,wpa2,2026-02-22T15:00:00.000Z,2026-02-22T14:00:00.000Z,,NY,US,Buffalo Avenue,14304
24:B2:B9:F5:CF:A7,,33.5095253,-102.77858734,24:B2:B9,4,unknown,2025-06-26T01:00:00.000Z,2026-06-18T13:00:00.000Z,,TX,US,,
24:B2:B9:F5:D0:35,,37.5627327,-97.24453735,24:B2:B9,1,unknown,2026-04-30T23:00:00.000Z,2026-05-02T18:00:00.000Z,,KS,US,North Rock Road,67037
24:B2:B9:F5:D0:37,,35.45059204,-93.45983124,24:B2:B9,1,unknown,2026-05-30T16:00:00.000Z,2026-06-03T20:00:00.000Z,,AR,US,I 40,72830
24:B2:B9:F5:D0:B9,,30.46529198,-97.59230042,24:B2:B9,11,unknown,2026-07-02T00:00:00.000Z,2026-07-06T13:00:00.000Z,,TX,US,Colorado Sand Drive,78660
24:B2:B9:F5:D0:C5,Flock-F5D0C5,37.42269135,-121.86159515,24:B2:B9,40,wpa2,2026-07-08T23:00:00.000Z,2026-07-08T16:00:00.000Z,Milpitas,CA,US,Piedmont Road,95132-1251
24:B2:B9:F5:D1:3F,,36.09979248,-115.22546387,24:B2:B9,0,unknown,2026-04-11T02:00:00.000Z,2026-04-18T14:00:00.000Z,,NV,US,West Tropicana Avenue,89103-2250
24:B2:B9:F5:D1:89,Flock-F5D189,33.90040207,-84.44812775,24:B2:B9,44,wpa2,2026-01-29T14:00:00.000Z,2026-02-06T22:00:00.000Z,,GA,US,Interstate North Trail,30339
24:B2:B9:F5:D1:B9,,33.26007843,-84.09445953,24:B2:B9,1,unknown,2026-05-31T12:00:00.000Z,2026-06-03T20:00:00.000Z,,GA,US,I 75,
24:B2:B9:F5:D1:CF,,37.60243988,-122.06345367,24:B2:B9,5,wpa2,2026-07-16T14:00:00.000Z,2026-07-16T08:00:00.000Z,,CA,US,Nimitz Freeway,94587
24:B2:B9:F6:CD:5B,,37.72264481,-97.31302643,24:B2:B9,1,unknown,2026-08-25T13:00:00.000Z,2026-08-26T19:00:00.000Z,Wichita,KS,US,East 21st Street North,67260-0074
24:B2:B9:F8:DE:3B,ClickShare-1889160715,35.04358292,-85.30857086,24:B2:B9,36,wpa2,2026-08-01T23:00:00.000Z,2026-08-01T17:00:00.000Z,Chattanooga,TN,US,Market Street,37402
24:B2:B9:F8:DE:59,,37.33644867,-121.88988495,24:B2:B9,36,wpa2,2026-08-15T21:00:00.000Z,2026-08-29T03:00:00.000Z,San Jose,CA,US,East Santa Clara Street,95113
24:B2:B9:F8:DE:61,ClickShare-1889160585,35.96074677,-83.9160614,24:B2:B9,36,wpa2,2026-08-22T12:00:00.000Z,2026-08-22T13:00:00.000Z,Knoxville,TN,US,West Hill Avenue,37902
24:B2:B9:F8:DE:6F,ClickShare-1889160509,43.25162506,-86.22252655,24:B2:B9,36,wpa2,2026-07-31T16:00:00.000Z,2026-07-31T10:00:00.000Z,,MI,US,,49442
24:B2:B9:F8:DE:79,,39.10735321,-84.50746918,24:B2:B9,36,wpa2,2026-07-22T21:00:00.000Z,2026-07-22T19:00:00.000Z,Cincinnati,OH,US,I 471,45202-2209
24:B2:B9:F8:DE:97,ClickShare-1862723427,35.66924667,139.7358551,24:B2:B9,36,wpa2,2026-07-05T04:00:00.000Z,2026-07-05T01:00:00.000Z,港区,赤坂六丁目,JP,氷川坂,107?8006
24:B2:B9:F8:DE:A7,ClickShare-1862723395,35.68700409,139.77362061,24:B2:B9,36,wpa2,2026-01-24T07:00:00.000Z,2026-08-13T02:00:00.000Z,中央区,日本橋室町三丁目,JP,中央通り,103-0022
24:B2:B9:F8:DE:D1,ClickShare-1862724519,45.50066376,-73.55687714,24:B2:B9,36,wpa2,2026-04-16T05:00:00.000Z,2026-04-18T12:00:00.000Z,Montréal,Québec,CA,Rue Saint-Paul Ouest,H2Y 2A7
24:B2:B9:F8:DE:E5,ClickShare-1862723185,35.60320663,-82.55151367,24:B2:B9,36,wpa2,2025-12-23T21:00:00.000Z,2025-12-23T14:00:00.000Z,Asheville,NC,US,East Chestnut Street,28801
24:B2:B9:F8:DF:7F,ClickShare-1862723461,35.00369644,135.76148987,24:B2:B9,36,wpa2,2026-03-05T07:00:00.000Z,2026-08-12T18:00:00.000Z,京都市,京都府,JP,四条通;京都市道186号嵐山祇園線,600-8006
24:B2:B9:F8:DF:89,ClickShare-1862723992,-33.82438278,151.19607544,24:B2:B9,36,wpa2,2026-08-18T10:00:00.000Z,2026-08-18T03:00:00.000Z,,New South Wales,AU,Christie Street,2065
24:B2:B9:F8:DF:A7,ClickShare-Tai-Timu,-36.8446846,174.76741028,24:B2:B9,36,wpa2,2026-05-25T05:00:00.000Z,2026-07-29T23:00:00.000Z,Auckland,Auckland,NZ,Galway Street,1010
24:B2:B9:F8:DF:E5,ClickShare-NMRK Plazza ,48.87466049,2.32145643,24:B2:B9,36,wpa2,2026-08-23T18:00:00.000Z,2026-08-23T16:00:00.000Z,Paris,Île-de-France,FR,Boulevard Haussmann,75008
24:B2:B9:F8:DF:EB,ClickShare-1862723489,46.43508911,4.65689325,24:B2:B9,36,wpa2,2026-07-27T11:00:00.000Z,2026-08-27T05:00:00.000Z,Cluny,Bourgogne-Franche-Comté,FR,Place du Marché,71250
24:B2:B9:F8:E0:0B,ClickShare-Salle 0.1,49.63409805,6.16659498,24:B2:B9,36,wpa2,2026-06-11T11:00:00.000Z,2026-06-11T05:00:00.000Z,Luxembourg,Canton Luxembourg,LU,Circuit de la Foire Internationale,1639
24:B2:B9:F8:E0:7B,ClickShare-1862723940,25.06665993,121.57788086,24:B2:B9,36,wpa2,2026-08-19T12:00:00.000Z,2026-08-21T18:00:00.000Z,臺北市,臺北市,TW,民權東路六段,11494
24:B2:B9:F8:E0:A7,ClickShare-1862721804,45.60826874,-73.56368256,24:B2:B9,36,wpa2,2026-08-25T21:00:00.000Z,2026-08-25T17:00:00.000Z,Montréal,Québec,CA,Boulevard Métropolitain,H1K 1A3
24:B2:B9:F8:E1:85,ClickShare-3.71-TV,52.43583679,9.88210869,24:B2:B9,36,wpa2,2026-06-03T15:00:00.000Z,2026-06-03T08:00:00.000Z,,Niedersachsen,DE,Steller Straße,30916
24:B2:B9:F8:E1:ED,ClickShare-1862721117,48.84060669,2.31847358,24:B2:B9,36,wpa2,2025-12-20T12:00:00.000Z,2026-04-12T09:00:00.000Z,Paris,Île-de-France,FR,Allée du Capitaine Dronne,75015
24:B2:B9:F8:E2:31,ClickShare-LS-Buchs-ZH,47.45161819,8.43849659,24:B2:B9,36,wpa2,2025-10-25T14:00:00.000Z,2026-07-21T12:00:00.000Z,,Zürich,CH,Dällikerstrasse,8107
24:B2:B9:F8:E2:CB,ClickShare-1889160689,35.04336548,-85.30795288,24:B2:B9,36,wpa2,2026-08-01T23:00:00.000Z,2026-08-01T17:00:00.000Z,Chattanooga,TN,US,Lindsay Street,37402
24:B2:B9:F8:E3:27,ClickShare-1889160250,38.90937424,-77.03646851,24:B2:B9,153,wpa2,2026-05-03T01:00:00.000Z,2026-05-02T19:00:00.000Z,Washington,DC,US,16th Street Northwest,20012
24:B2:B9:F8:E3:29,ClickShare-1889160257,39.91734695,-86.11229706,24:B2:B9,36,wpa2,2026-03-27T12:00:00.000Z,2026-08-27T19:00:00.000Z,Indianapolis,IN,US,North Keystone Avenue,46240
24:B2:B9:F8:E3:85,ClickShare-1862738800,35.70001602,139.77243042,24:B2:B9,36,wpa2,2026-08-14T07:00:00.000Z,2026-08-14T08:00:00.000Z,千代田区,外神田四丁目,JP,アキバ田代通り,101-0021
24:B2:B9:F8:E3:EF,ClickShare-Pullenger,52.19974899,-2.22469044,24:B2:B9,36,wpa2,2026-08-16T09:00:00.000Z,2026-08-16T08:00:00.000Z,Worcester,England,GB,Upper Tything,WR1 1HP
24:B2:B9:F8:E4:39,ClickShare-1862737813,34.05934143,-118.39229584,24:B2:B9,36,wpa2,2026-05-23T02:00:00.000Z,2026-07-09T16:00:00.000Z,,CA,US,West Olympic Boulevard,90064
24:B2:B9:F8:E4:61,ClickShare-1889161096,51.51126099,-0.12851563,24:B2:B9,36,wpa2,2026-07-12T20:00:00.000Z,2026-08-28T08:00:00.000Z,London,England,GB,Cranbourn Street,WC2H 7JH
24:B2:B9:F8:E4:6B,,51.49216461,-0.22517595,24:B2:B9,36,wpa2,2026-08-23T07:00:00.000Z,2026-08-23T05:00:00.000Z,London Borough of Hammersmith and Fulham,England,GB,Hammersmith Bridge Road,W6 0QA
24:B2:B9:F8:E4:6D,ClickShare-Ciarán Maree,53.35861969,-6.267591,24:B2:B9,36,wpa2,2026-07-14T18:00:00.000Z,2026-07-14T13:00:00.000Z,Dublin,Leinster,IE,Eccles Street,D01 T3F2
24:B2:B9:F8:E4:B3,ClickShare-1889160273,38.91054153,-77.03650665,24:B2:B9,149,wpa2,2026-04-28T16:00:00.000Z,2026-07-20T22:00:00.000Z,Washington,DC,US,16th Street Northwest,20012
24:B2:B9:F8:E4:D7,ClickShare,44.88459015,-91.89224243,24:B2:B9,36,wpa2,2026-07-11T15:00:00.000Z,2026-07-11T18:00:00.000Z,,WI,US,Stout Road,54751
24:B2:B9:F8:E5:11,ClickShare-1862737782,40.73044968,-99.0837326,24:B2:B9,36,wpa2,2026-08-02T12:00:00.000Z,2026-08-03T18:00:00.000Z,Kearney,NE,US,2nd Avenue,68847
24:B2:B9:F8:E5:17,ClickShare-1862737073,51.31817245,-0.55789441,24:B2:B9,36,wpa2,2026-07-09T19:00:00.000Z,2026-07-10T02:00:00.000Z,,England,GB,Oriental Road,GU22 7AF
24:B2:B9:F8:E6:AF,ClickShare-1862737627,51.21972275,6.77918673,24:B2:B9,36,wpa2,2026-08-23T12:00:00.000Z,2026-08-24T12:00:00.000Z,Düsseldorf,Nordrhein-Westfalen,DE,Königsallee,40212
24:B2:B9:F8:E6:ED,ClickShare-1862736051,47.06908798,15.43681049,24:B2:B9,36,wpa2,2026-06-29T18:00:00.000Z,2026-08-14T10:00:00.000Z,Graz,Steiermark,AT,Neutorgasse,8010
24:B2:B9:F8:E7:05,Salle-Vice-Presidents,48.85639954,2.34679008,24:B2:B9,36,wpa2,2026-08-08T12:00:00.000Z,2026-08-08T10:00:00.000Z,Paris,Île-de-France,FR,Parc Rives de Seine - Georges Pompidou,75004
24:B2:B9:F8:E7:0D,ClickShare-1862738157,48.86453247,2.34655976,24:B2:B9,36,wpa2,2026-07-18T14:00:00.000Z,2026-08-27T05:00:00.000Z,Paris,Île-de-France,FR,Rue Étienne Marcel,75002
24:B2:B9:F8:E7:8B,ClickShare-1862738716,56.172966,-4.36896229,24:B2:B9,36,wpa2,2026-06-23T14:00:00.000Z,2026-06-23T14:00:00.000Z,,Alba / Scotland,GB,A821,FK8 3UQ
24:B2:B9:F8:E7:D3,ClickShare-1862737192,49.24025726,6.9842124,24:B2:B9,36,wpa2,2026-08-23T18:00:00.000Z,2026-08-23T12:00:00.000Z,Saarbrücken,Saarland,DE,St. Johanner Straße,66111
24:B2:B9:F8:E7:E9,ClickShare-Main Area,41.24900436,-96.08058167,24:B2:B9,36,wpa2,2026-04-28T14:00:00.000Z,2026-04-28T18:00:00.000Z,Omaha,NE,US,Pacific Street,68114
24:B2:B9:F8:E8:11,ClickShare-SiZi_Baden,47.44893265,8.29176617,24:B2:B9,36,wpa2,2026-06-26T23:00:00.000Z,2026-06-27T13:00:00.000Z,Baden,Aargau,CH,Täfernstrasse,5405
24:B2:B9:F8:E8:5D,ClickShare-1889160253,39.52737045,-119.78308105,24:B2:B9,36,wpa2,2026-03-29T20:00:00.000Z,2026-08-18T08:00:00.000Z,Reno,NV,US,East 2nd Street,89595
24:B2:B9:F8:E8:7F,ClickShare-1889160487,42.71835709,-73.94017029,24:B2:B9,36,wpa2,2026-08-08T21:00:00.000Z,2026-08-08T21:00:00.000Z,City of Schenectady,NY,US,Western Turnpike,12303
24:B2:B9:F8:E8:A5,ClickShare-1889160606,37.27145004,-93.10630798,24:B2:B9,36,wpa2,2026-08-06T20:00:00.000Z,2026-08-28T15:00:00.000Z,,MO,US,I 44,65757
24:B2:B9:F8:E8:C9,ClickShare-Sirius,55.23674393,10.25470543,24:B2:B9,36,wpa2,2026-03-05T11:00:00.000Z,2026-05-07T13:00:00.000Z,,Region Syddanmark,DK,Bøgebjergvej,5672
24:B2:B9:F8:E9:B9,ClickShare-1862722834,51.04863739,-114.07469177,24:B2:B9,36,wpa2,2026-03-20T01:00:00.000Z,2026-07-01T13:00:00.000Z,Calgary,Alberta,CA,Plus 15 Skywalk,T2P 0S2
24:B2:B9:F8:EA:49,ClickShare-TS,48.73652649,2.37025261,24:B2:B9,36,wpa2,2026-02-24T16:00:00.000Z,2026-03-08T09:00:00.000Z,,Île-de-France,FR,Rue des Épices,94310
24:B2:B9:F8:EA:6F,ClickShare-1862720560,51.05030441,3.7245512,24:B2:B9,36,wpa2,2026-05-30T11:00:00.000Z,2026-08-16T12:00:00.000Z,,Oost-Vlaanderen,BE,Kouter,9000
24:B2:B9:F8:EA:93,ClickShare-1862738222,48.1482811,11.61624622,24:B2:B9,36,wpa2,2026-07-08T17:00:00.000Z,2026-07-08T11:00:00.000Z,München,Bayern,DE,Richard-Strauss-Straße,81679
24:B2:B9:F8:EB:C5,ClickShare-1862719785,47.39542007,8.48365021,24:B2:B9,36,wpa2,2026-03-26T06:00:00.000Z,2026-08-19T13:00:00.000Z,Zürich,Zürich,CH,Bernerstrasse Süd,8064
24:B2:B9:F8:EB:F5,ClickShare-Place du Luxembourg ,50.84553146,4.3613472,24:B2:B9,36,wpa2,2026-05-07T07:00:00.000Z,2026-07-21T16:00:00.000Z,Bruxelles - Brussel,Région de Bruxelles-Capitale - Brussels Hoofdstedelijk Gewest,BE,Rue Montagne du Parc - Warandeberg,1000
24:B2:B9:F8:EC:33,Moedelokale6,55.67484283,12.56038284,24:B2:B9,36,wpa2,2026-07-26T13:00:00.000Z,2026-07-26T07:00:00.000Z,København,Region Hovedstaden,DK,Nyropsgade,1614
24:B2:B9:F8:EC:73,ClickShare-1862719801,47.39541245,8.48384571,24:B2:B9,36,wpa2,2026-03-25T14:00:00.000Z,2026-08-12T22:00:00.000Z,Zürich,Zürich,CH,A1H,8064
24:B2:B9:F8:EC:D1,ClickShare - Amelia Earhart,48.84400558,2.36775947,24:B2:B9,36,wpa2,2026-06-14T15:00:00.000Z,2026-07-23T04:00:00.000Z,Paris,Île-de-France,FR,Place Louis Armand,75012
24:B2:B9:F8:ED:89,ClickShare-1862720398,46.79499435,9.82110786,24:B2:B9,36,wpa2,2026-01-17T19:00:00.000Z,2026-01-17T11:00:00.000Z,,Graubünden/Grischun/Grigioni,CH,Promenade,7270
24:B2:B9:F8:EE:47,ClickShare-1862738230,53.79829788,-1.5486784,24:B2:B9,36,wpa2,2026-08-18T12:00:00.000Z,2026-08-18T06:00:00.000Z,Leeds,England,GB,Russell Street,LS1 5RN
24:B2:B9:F8:EE:79,,44.97433472,-93.27236176,24:B2:B9,36,wpa2,2025-11-04T01:00:00.000Z,2025-11-03T20:00:00.000Z,Minneapolis,MN,US,South 9th Street,55404
24:B2:B9:F8:EE:8D,ClickShare-1862738823,35.69958496,139.77249146,24:B2:B9,36,wpa2,2026-03-11T09:00:00.000Z,2026-03-14T22:00:00.000Z,千代田区,神田相生町,JP,,101-0029
24:B2:B9:F8:EF:19,ClickShare-101,39.42947769,-119.75275421,24:B2:B9,36,wpa2,2026-03-13T19:00:00.000Z,2026-08-11T22:00:00.000Z,Reno,NV,US,Double R Boulevard,89521
24:B2:B9:F8:EF:4F,3rdFloorConferenceRoom,44.31521606,-69.77422333,24:B2:B9,36,wpa2,2026-08-24T20:00:00.000Z,2026-08-25T05:00:00.000Z,Augusta,ME,US,Water Street,04330
24:B2:B9:F8:EF:69,ClickShare-1862723934,-34.71377563,138.6680603,24:B2:B9,36,wpa2,2026-04-24T04:00:00.000Z,2026-05-09T20:00:00.000Z,Adelaide,South Australia,AU,Winterslow Road,5112
24:B2:B9:F8:EF:C1,ClickShare-1862724513,44.64262772,-63.57569504,24:B2:B9,36,wpa2,2026-05-22T14:00:00.000Z,2026-05-22T08:00:00.000Z,Halifax,Nova Scotia,CA,Queen Street,B3J 3T2
24:B2:B9:F8:EF:FF,Kamer_1.19,52.15680695,5.38324976,24:B2:B9,36,wpa2,2026-06-10T07:00:00.000Z,2026-08-08T01:00:00.000Z,Amersfoort,Utrecht,NL,Stadsring,3811HM
24:B2:B9:F8:F0:4B,ClickShare-1889160698,35.04331207,-85.30780029,24:B2:B9,36,wpa2,2026-08-01T23:00:00.000Z,2026-08-01T17:00:00.000Z,Chattanooga,TN,US,East 11th Street,37403
24:B2:B9:F8:F1:21,ClickShare-1889160498,43.25161743,-86.2224884,24:B2:B9,36,wpa2,2026-07-31T16:00:00.000Z,2026-07-31T09:00:00.000Z,,MI,US,,49442
24:B2:B9:F8:F1:39,ClickShare-1862735562,53.38875198,-2.60629296,24:B2:B9,36,wpa2,2026-06-11T18:00:00.000Z,2026-06-11T12:00:00.000Z,,England,GB,Liverpool Road,WA1
24:B2:B9:F8:F1:49,9thFloorConferenceRoom,44.31488419,-69.77452087,24:B2:B9,36,wpa2,2026-08-12T15:00:00.000Z,2026-08-25T05:00:00.000Z,Augusta,ME,US,Winthrop Street,04330
24:B2:B9:F8:F1:E3,Raum 1.34,51.61071777,7.19847631,24:B2:B9,48,wpa2,2026-04-12T13:00:00.000Z,2026-04-12T12:00:00.000Z,Recklinghausen,Nordrhein-Westfalen,DE,Auf dem Graben,45657
24:B2:B9:F8:F2:D1,ClickShare-1889160516,39.77994537,-86.14212036,24:B2:B9,36,wpa2,2026-05-27T21:00:00.000Z,2026-08-24T05:00:00.000Z,Indianapolis,IN,US,Indianapolis Cultural Trail,46202
24:B2:B9:F8:F2:EF,Chippewa Falls - ClickShare,44.95159531,-91.35459137,24:B2:B9,36,wpa2,2026-05-30T21:00:00.000Z,2026-06-02T07:00:00.000Z,,WI,US,Lakeland Drive,54729
24:B2:B9:F8:F3:55,ClickShare-ENT1106,45.4177475,-75.70401001,24:B2:B9,36,wpa2,2026-07-22T12:00:00.000Z,2026-08-03T20:00:00.000Z,Ottawa,Ontario,CA,Lyon Street North,K1R 5C1
24:B2:B9:F8:F3:75,ClickShare-Te-Rehutai,-36.84476471,174.76730347,24:B2:B9,48,wpa2,2026-05-25T05:00:00.000Z,2026-08-02T23:00:00.000Z,Auckland,Auckland,NZ,Galway Street,1010
24:B2:B9:F8:F3:BB,ClickShare-1862724798,35.64473343,139.75006104,24:B2:B9,36,wpa2,2026-03-17T07:00:00.000Z,2026-03-17T10:00:00.000Z,港区,芝浦三丁目,JP,芝浦運河通り,5-33-1
24:B2:B9:F8:F3:BD,HEA Board Room,44.64708328,-63.5708046,24:B2:B9,48,wpa2,2026-06-09T15:00:00.000Z,2026-06-14T18:00:00.000Z,Halifax,Nova Scotia,CA,Sackville Landing,B3J 1K1
24:B2:B9:F8:F4:67,ClickShare-1862721310,45.2754631,-66.05610657,24:B2:B9,36,wpa2,2026-05-20T19:00:00.000Z,2026-05-20T12:00:00.000Z,City of Saint John,New Brunswick / Nouveau-Brunswick,CA,Union Street,E2L 1B1
24:B2:B9:F8:F5:09,ClickShare-1862723985,-33.82454681,151.19654846,24:B2:B9,36,wpa2,2026-08-18T10:00:00.000Z,2026-08-18T03:00:00.000Z,,New South Wales,AU,Nicholson Street,2065
24:B2:B9:F8:F5:13,ClickShare-1862723374,35.63743973,139.73944092,24:B2:B9,36,wpa2,2026-04-07T07:00:00.000Z,2026-04-07T07:00:00.000Z,港区,高輪二丁目,JP,第一京浜,108-8611
24:B2:B9:F8:F5:31,ClickShare- Evelyn Place,43.71452332,-79.65713501,24:B2:B9,149,wpa2,2026-05-20T20:00:00.000Z,2026-05-20T22:00:00.000Z,Mississauga,Ontario,CA,Airport Road,L4T 0A4
24:B2:B9:F8:F5:71,ClickShare-4F-Vice Chair Office,35.68105316,139.71287537,24:B2:B9,48,wpa2,2026-04-05T14:00:00.000Z,2026-04-05T08:00:00.000Z,渋谷区,千駄ヶ谷一丁目,JP,,160-0015
24:B2:B9:F8:F5:BD,ClickShare-1862723007,49.03538895,-122.30939484,24:B2:B9,36,wep,2026-07-08T22:00:00.000Z,2026-07-12T22:00:00.000Z,Abbotsford,British Columbia,CA,Trans-Canada Highway,V2T 4H7
24:B2:B9:F8:F6:1B,ClickShare-1862724016,-33.82432175,151.19592285,24:B2:B9,36,wpa2,2026-08-18T10:00:00.000Z,2026-08-18T03:00:00.000Z,,New South Wales,AU,Christie Street,2065
24:B2:B9:F8:F6:29,,48.86095047,2.34480762,24:B2:B9,36,wpa2,2026-03-13T07:00:00.000Z,2026-03-13T00:00:00.000Z,Paris,Île-de-France,FR,Rue du Pont Neuf,75001
24:B2:B9:F8:F6:49,ClickShare-Salle 0.5,49.63380051,6.16756964,24:B2:B9,36,wpa2,2026-06-11T10:00:00.000Z,2026-06-11T05:00:00.000Z,Luxembourg,Canton Luxembourg,LU,Rue Alphonse Weicker,1639
24:B2:B9:F8:F6:81,ClickShare-CR3,22.28337097,114.16542816,24:B2:B9,36,wpa2,2026-02-07T09:00:00.000Z,2026-02-13T05:00:00.000Z,香港島 Hong Kong Island,香港 Hong Kong,CN,,
24:B2:B9:F8:F6:85,ClickShare-DoveLake,-37.81639099,144.95629883,24:B2:B9,36,wpa2,2026-06-08T19:00:00.000Z,2026-06-16T16:00:00.000Z,Melbourne,Victoria,AU,Bourke Street,3000
24:B2:B9:F8:F6:F7,ClickShare-1862721800,45.585289,-73.32460785,24:B2:B9,36,wpa2,2026-08-11T18:00:00.000Z,2026-08-28T14:00:00.000Z,,Québec,CA,Rue de Murano,J3E 0C7
24:B2:B9:F8:F7:61,ClickShare-1862723451,35.6383667,139.7408905,24:B2:B9,36,wpa2,2026-08-29T13:00:00.000Z,2026-08-29T07:00:00.000Z,港区,高輪二丁目,JP,,1080074
24:B2:B9:F8:F7:97,ClickShare-1F-Conference 101,35.68122482,139.71270752,24:B2:B9,36,wpa2,2026-02-03T04:00:00.000Z,2026-02-02T20:00:00.000Z,新宿区,大京町,JP,,160-0015
24:B2:B9:F8:F7:F9,ClickShare-1862723476,35.00372696,135.76142883,24:B2:B9,36,wpa2,2026-03-05T07:00:00.000Z,2026-08-12T18:00:00.000Z,京都市,京都府,JP,四条通;京都市道186号嵐山祇園線,600-8006
24:B2:B9:F8:F8:13,ClickShare-1862723468,35.67815399,139.78320312,24:B2:B9,44,wpa2,2026-06-06T07:00:00.000Z,2026-06-06T00:00:00.000Z,中央区,新川一丁目,JP,永代通り,103-0016
24:B2:B9:F8:F9:29,ClickShare-Ruimte-Hawaij,52.64635468,4.74249172,24:B2:B9,36,wpa2,2026-08-30T14:00:00.000Z,2026-08-30T08:00:00.000Z,Alkmaar,Noord-Holland,NL,Huiswaarderweg,1824XC
24:B2:B9:F8:F9:31,Tyler Clickshare,39.91960907,-86.1052475,24:B2:B9,36,wpa2,2026-04-10T00:00:00.000Z,2026-04-09T19:00:00.000Z,Indianapolis,IN,US,I 465,46240
24:B2:B9:F8:F9:BB,ClickShare-Raum-2008,48.30891037,14.28441715,24:B2:B9,36,wpa2,2026-05-16T15:00:00.000Z,2026-05-16T09:00:00.000Z,Linz,Oberösterreich,AT,Hauptplatz,4020
24:B2:B9:F8:F9:E3,ClickShare-1862724795,35.64472198,139.75048828,24:B2:B9,36,wpa2,2026-03-17T07:00:00.000Z,2026-03-17T10:00:00.000Z,港区,芝浦三丁目,JP,芝浦運河通り,5-33-1
24:B2:B9:F8:FA:13,ClickShare-confederation B,45.41789246,-75.70316315,24:B2:B9,36,wpa2,2026-08-20T12:00:00.000Z,2026-08-23T20:00:00.000Z,(Old) Ottawa,Ontario,CA,Slater Street,K1R 7Y3
24:B2:B9:F8:FA:1D,ClickShare-1862720600,55.10129547,14.69846821,24:B2:B9,36,wpa2,2026-08-03T15:00:00.000Z,2026-08-03T10:00:00.000Z,,Region Hovedstaden,DK,Snellemark,3700
24:B2:B9:F8:FA:6B,,48.86165619,2.34461904,24:B2:B9,36,wpa2,2026-06-29T06:00:00.000Z,2026-06-29T02:00:00.000Z,Paris,Île-de-France,FR,Rue Berger,75001
24:B2:B9:F8:FA:A3,ClickShare-CdC,9.93656254,-84.13313293,24:B2:B9,36,wpa2,2026-07-30T22:00:00.000Z,2026-07-30T16:00:00.000Z,,Provincia San José,CR,Autopista Próspero Fernández,10203
24:B2:B9:F8:FB:25,ClickShare-1862721843,45.60850906,-73.56333923,24:B2:B9,36,wpa2,2026-04-30T20:00:00.000Z,2026-08-25T17:00:00.000Z,Montréal,Québec,CA,Boulevard Métropolitain,H1K 1A3
24:B2:B9:F8:FB:DD,ClickShare-Design Library,37.41697311,-121.88820648,24:B2:B9,36,wpa2,2026-07-04T02:00:00.000Z,2026-07-03T20:00:00.000Z,Milpitas,CA,US,South Milpitas Boulevard,95035-6911
24:B2:B9:F8:FC:A7,ClickShare-1862721133,47.39652634,8.85559654,24:B2:B9,36,wpa2,2026-07-31T09:00:00.000Z,2026-07-31T03:00:00.000Z,,Zürich,CH,Auwisstrasse,8493
24:B2:B9:F8:FC:B1,ClickShare-1863093793,29.42847633,-98.49132538,24:B2:B9,36,wpa2,2026-08-26T23:00:00.000Z,2026-08-26T18:00:00.000Z,San Antonio,TX,US,North Saint Mary's Street,78205
24:B2:B9:F8:FC:FD,ClickShare-1889160587,37.27148438,-93.10620117,24:B2:B9,36,wpa2,2026-08-18T20:00:00.000Z,2026-08-31T02:00:00.000Z,,MO,US,I 44,65757
24:B2:B9:F8:FD:1D,ClickShare-1862721326,45.96230698,-66.64433289,24:B2:B9,36,wpa2,2026-08-01T18:00:00.000Z,2026-08-01T12:00:00.000Z,,New Brunswick / Nouveau-Brunswick,CA,York Street,E3B 3N4
24:B2:B9:F8:FD:2B,ClickShare-1862722359,43.35988617,-80.31221771,24:B2:B9,36,wpa2,2026-07-28T20:00:00.000Z,2026-07-28T14:00:00.000Z,Cambridge,Ontario,CA,Dickson Street,N1R 3B0
24:B2:B9:F8:FD:55,,25.6502285,-100.35305786,24:B2:B9,36,wpa2,2026-08-20T04:00:00.000Z,2026-08-22T12:00:00.000Z,,Nuevo León,MX,Avenida Roble,66265
24:B2:B9:F8:FD:8F,ClickShare-1862722921,45.42058182,-75.63253021,24:B2:B9,36,wpa2,2026-04-11T19:00:00.000Z,2026-08-30T03:00:00.000Z,Ottawa,Ontario,CA,Highway 417,K1J 1A1
24:B2:B9:F8:FD:DD,ClickShare-1862722580,19.42864227,-99.20402527,24:B2:B9,36,wpa2,2026-07-07T00:00:00.000Z,2026-07-06T21:00:00.000Z,Ciudad de México,Colonia Palmitas,MX,Autopista Urbana Norte,11530
24:B2:B9:F8:FE:4D,ClickShare-1863094247,36.70986938,-82.79977417,24:B2:B9,36,wpa2,2026-06-09T11:00:00.000Z,2026-07-24T07:00:00.000Z,,VA,US,Duff-Patt Road,24244
24:B2:B9:F8:FF:67,ClickShare-Omega Blau,47.39541626,8.48373699,24:B2:B9,36,wpa2,2026-03-25T14:00:00.000Z,2026-08-27T07:00:00.000Z,Zürich,Zürich,CH,A1H,8064
24:B2:B9:F8:FF:E9,103CE,48.87140274,2.30231142,24:B2:B9,36,wpa2,2026-03-18T12:00:00.000Z,2026-05-31T04:00:00.000Z,Paris,Île-de-France,FR,Avenue des Champs-Élysées,75008
24:B2:B9:F8:FF:EB,Welness ,48.87155914,2.30274725,24:B2:B9,36,wpa2,2026-03-18T12:00:00.000Z,2026-05-22T11:00:00.000Z,Paris,Île-de-France,FR,Promenade des Champs-Élysées,75008
24:B2:B9:F9:00:5B,ClickShare-1862720638,48.91848373,2.36503458,24:B2:B9,36,wpa2,2026-05-25T07:00:00.000Z,2026-05-25T00:00:00.000Z,Saint-Denis,Île-de-France,FR,Mail de la Petite Espagne,93210
24:B2:B9:F9:00:63,ClickShare - Stort mødelokale,55.67189789,12.57515621,24:B2:B9,36,wpa2,2026-04-29T14:00:00.000Z,2026-06-03T10:00:00.000Z,København,Region Hovedstaden,DK,H.C. Andersens Boulevard,1553
24:B2:B9:F9:00:A9,ClickShare-CRR W1700 017,50.84555054,4.36151123,24:B2:B9,36,wpa2,2026-05-07T07:00:00.000Z,2026-07-21T16:00:00.000Z,Bruxelles - Brussel,Région de Bruxelles-Capitale - Brussels Hoofdstedelijk Gewest,BE,Rue Montagne du Parc - Warandeberg,1000
24:B2:B9:F9:00:BF,ClickShare-Bureau Bruno Blin,45.70567322,4.9110136,24:B2:B9,36,wpa2,2026-08-29T18:00:00.000Z,2026-08-29T12:00:00.000Z,,Auvergne-Rhône-Alpes,FR,Route de Lyon,69800
24:B2:B9:F9:01:25,Besprechungsraum 527/538,49.25341415,6.85043478,24:B2:B9,36,wpa2,2026-03-04T17:00:00.000Z,2026-03-04T10:00:00.000Z,,Saarland,DE,Südtangente,66333
24:B2:B9:F9:01:2D,Retail ,48.87112808,2.30235672,24:B2:B9,36,wpa2,2026-03-18T12:00:00.000Z,2026-05-31T04:00:00.000Z,Paris,Île-de-France,FR,Rue Quentin Bauchart,75008
24:B2:B9:F9:01:2F,ClickShare-Ontmoetingsruimte,51.69052505,5.29090691,24:B2:B9,36,wpa2,2026-06-18T09:00:00.000Z,2026-06-18T03:00:00.000Z,'s-Hertogenbosch,Noord-Brabant,NL,Het Rechte Pad,5223DS
24:B2:B9:F9:03:87,ClickShare-1862720930,50.84373093,4.37071705,24:B2:B9,36,wpa2,2026-03-03T02:00:00.000Z,2026-03-07T16:00:00.000Z,Bruxelles - Brussel,Région de Bruxelles-Capitale - Brussels Hoofdstedelijk Gewest,BE,Rue de l'Industrie - Nijverheidsstraat,1000
24:B2:B9:F9:03:FF,ClickShare-1862722982,45.66707611,-73.87068176,24:B2:B9,36,wpa2,2026-07-03T12:00:00.000Z,2026-08-20T20:00:00.000Z,,Québec,CA,Boulevard de la Seigneurie Ouest,J7C 5M3
24:B2:B9:F9:05:9F,wbg-cs-cf,55.86444473,-4.26199818,24:B2:B9,36,wpa2,2025-11-17T08:00:00.000Z,2025-11-17T01:00:00.000Z,Glasgow,Alba / Scotland,GB,Blythswood Street,G2 3EQ
24:B2:B9:F9:06:1F,CS-BI-02,45.88014984,-72.48615265,24:B2:B9,36,wpa2,2026-08-15T20:00:00.000Z,2026-08-19T23:00:00.000Z,Drummondville,Québec,CA,Rue des Forges,J2B 0E4
24:B2:B9:F9:07:07,ClickShare-1862724822,51.97561646,5.91613007,24:B2:B9,36,wpa2,2026-01-04T00:00:00.000Z,2026-07-10T06:00:00.000Z,Arnhem,Gelderland,NL,Westervoortsedijk,6827AS
24:B2:B9:F9:07:CD,ClickShare-1862720000,50.72248077,1.59659278,24:B2:B9,36,wpa2,2026-07-27T07:00:00.000Z,2026-07-27T04:00:00.000Z,Boulogne-sur-Mer,Hauts-de-France,FR,Boulevard du Bassin Napoléon,62200
24:B2:B9:F9:08:11,ClickShare-1877000221,22.27965736,114.1864624,24:B2:B9,36,wpa2,2026-07-14T12:00:00.000Z,2026-07-16T21:00:00.000Z,香港島 Hong Kong Island,香港 Hong Kong,CN,圓形天橋 Circular Bridge,
24:B2:B9:F9:08:7D,ClickShare-1862723121,49.28889465,-123.12497711,24:B2:B9,36,wpa2,2026-04-26T22:00:00.000Z,2026-07-22T13:00:00.000Z,Vancouver,British Columbia,CA,West Pender Street,
24:B2:B9:F9:08:87,Raum 0.12,51.61139679,7.19856215,24:B2:B9,40,wpa2,2026-04-12T13:00:00.000Z,2026-04-12T12:00:00.000Z,Recklinghausen,Nordrhein-Westfalen,DE,Auf dem Graben,45657
24:B2:B9:F9:08:CD,,47.39525223,8.48441315,24:B2:B9,36,wpa2,2026-04-10T14:00:00.000Z,2026-08-26T11:00:00.000Z,Zürich,Zürich,CH,A1H,8064
24:B2:B9:F9:09:3D,ClickShare-1862719980,51.05033493,3.72457004,24:B2:B9,36,wpa2,2026-05-30T11:00:00.000Z,2026-05-30T06:00:00.000Z,,Oost-Vlaanderen,BE,Kouter,9000
24:B2:B9:F9:0A:E7,ClickShare-BUREAU.AMINATA,48.87757111,2.31233215,24:B2:B9,36,wpa2,2026-07-08T19:00:00.000Z,2026-07-08T23:00:00.000Z,Paris,Île-de-France,FR,Rue de Lisbonne,75008
24:B2:B9:F9:0B:2D,MR2 Clickshare,51.41833878,0.11770114,24:B2:B9,36,wpa2,2026-03-03T13:00:00.000Z,2026-07-26T03:00:00.000Z,London,England,GB,Cray Road,DA14 5BY
24:B2:B9:F9:0B:9D,ClickShare-1862720179,47.39895248,8.45511913,24:B2:B9,36,wpa2,2026-06-03T18:00:00.000Z,2026-08-15T07:00:00.000Z,,Zürich,CH,Wagistrasse,8952
24:B2:B9:F9:0B:B7,ClickShare-Community,43.45085526,-80.49723053,24:B2:B9,36,wpa2,2026-07-12T22:00:00.000Z,2026-08-03T10:00:00.000Z,Kitchener,Ontario,CA,Charles Street West,N2G 1H6
24:B2:B9:F9:0B:C3,ClickShare-1862722755,6.20599508,-75.57125854,24:B2:B9,36,wpa2,2026-05-20T17:00:00.000Z,2026-05-30T10:00:00.000Z,Medellín,Antioquia,CO,Calle 7,0500
24:B2:B9:F9:0B:CF,ClickShare-2A-DDTM,49.43567276,1.09008551,24:B2:B9,36,wpa2,2026-05-13T15:00:00.000Z,2026-07-13T07:00:00.000Z,Rouen,Normandie,FR,Rue Saint-Sever,76100
24:B2:B9:F9:0E:03,JWK-Treuhand,47.27384949,8.34135723,24:B2:B9,36,wpa2,2026-05-11T15:00:00.000Z,2026-05-23T04:00:00.000Z,Muri,Aargau,CH,Aarauerstrasse,5630
24:B2:B9:F9:0E:5F,ClickShare-1863092951,41.38261414,-81.82308197,24:B2:B9,36,wpa2,2026-06-23T13:00:00.000Z,2026-06-23T14:00:00.000Z,Middleburg Heights,OH,US,Engle Road,44130
24:B2:B9:F9:0E:83,,53.80179214,-113.64840698,24:B2:B9,36,wpa2,2026-08-15T20:00:00.000Z,2026-08-15T14:00:00.000Z,,Alberta,CA,100 Avenue,T8R 1P9
24:B2:B9:F9:0F:A1,ClickShare-MunicipalCourt,33.81495667,-84.58944702,24:B2:B9,36,wpa2,2026-08-24T23:00:00.000Z,2026-08-28T21:00:00.000Z,,GA,US,Old Bankhead Highway,30126
24:B2:B9:F9:10:75,ClickShare-4A-DDTM,49.43560791,1.09005582,24:B2:B9,36,wpa2,2026-05-31T18:00:00.000Z,2026-07-13T07:00:00.000Z,Rouen,Normandie,FR,Rue Saint-Sever,76100
24:B2:B9:F9:11:A9,ClickShare-1862722368,43.71857834,-79.29473114,24:B2:B9,36,wpa2,2026-05-08T02:00:00.000Z,2026-05-08T06:00:00.000Z,Toronto,Ontario,CA,Pharmacy Avenue,M1L 1V6
24:B2:B9:F9:12:69,ClickShare-1862721014,48.84487534,2.37361717,24:B2:B9,36,wpa2,2026-06-14T15:00:00.000Z,2026-06-14T10:00:00.000Z,Paris,Île-de-France,FR,Place Louis Armand,75012
24:B2:B9:F9:12:D5,ClickShare-Loft,49.27566528,-123.12055206,24:B2:B9,36,wpa2,2026-05-23T02:00:00.000Z,2026-07-21T00:00:00.000Z,Vancouver,British Columbia,CA,Hamilton Street,V6B
24:B2:B9:F9:13:3D,CS-Sala Proveedores 1,25.6403904,-100.31867981,24:B2:B9,36,wpa2,2026-05-19T14:00:00.000Z,2026-05-19T16:00:00.000Z,,Nuevo León,MX,Avenida Pedro Ramírez Vázquez,64750
24:B2:B9:F9:13:4B,ClickShare-BureauAnissa,48.87755966,2.31201124,24:B2:B9,36,wpa2,2026-07-08T19:00:00.000Z,2026-07-08T23:00:00.000Z,Paris,Île-de-France,FR,Rue de Lisbonne,75008
24:B2:B9:F9:13:C5,ClickShare-1862724136,45.4179306,-75.70409393,24:B2:B9,36,wpa2,2026-08-07T12:00:00.000Z,2026-08-09T20:00:00.000Z,(Old) Ottawa,Ontario,CA,Albert Street,K1R 7X7
24:B2:B9:F9:13:F5,ClickShare-1862724406,25.69497299,-100.3167572,24:B2:B9,36,wpa2,2026-06-14T22:00:00.000Z,2026-06-14T20:00:00.000Z,Monterrey,Nuevo León,MX,Avenida Alfonso Reyes,64490
24:B2:B9:F9:14:CB,ClickShare-JLFT-Boardroom,43.6402092,-79.37545013,24:B2:B9,36,wpa2,2026-06-26T21:00:00.000Z,2026-08-08T17:00:00.000Z,Old Toronto,Ontario,CA,Queens Quay West,M5E
24:B2:B9:F9:15:75,ClickShare-1889160959,48.92125702,2.44898391,24:B2:B9,36,wpa2,2026-08-23T11:00:00.000Z,2026-08-23T05:00:00.000Z,,Île-de-France,FR,Avenue Jean Jaurès,93700
24:B2:B9:F9:16:17,ClickShare-1862720562,51.05027771,3.72396302,24:B2:B9,36,wpa2,2026-05-30T10:00:00.000Z,2026-08-16T12:00:00.000Z,,Oost-Vlaanderen,BE,Kouter,9000
24:B2:B9:F9:16:19,ClickShare-Ala Kontor,55.69517899,12.61418819,24:B2:B9,36,wpa2,2026-06-27T11:00:00.000Z,2026-06-27T08:00:00.000Z,København,Region Hovedstaden,DK,William Wains Gade,1432
24:B2:B9:F9:16:49,ClickShare-polaris,55.23684311,10.25463009,24:B2:B9,36,wpa2,2026-03-05T11:00:00.000Z,2026-05-07T13:00:00.000Z,,Region Syddanmark,DK,Bøgebjergvej,5672
24:B2:B9:F9:16:95,ClickShare-1862720151,48.84277725,2.32623458,24:B2:B9,36,wpa2,2026-01-10T00:00:00.000Z,2026-02-22T06:00:00.000Z,Paris,Île-de-France,FR,Rue du Montparnasse,75014
24:B2:B9:F9:16:C1,,41.58711243,-93.62113953,24:B2:B9,165,wpa2,2026-08-27T01:00:00.000Z,2026-08-26T20:00:00.000Z,Des Moines,IA,US,3rd Street,50309
24:B2:B9:F9:16:C7,ClickShare-1862720597,55.10135269,14.69783211,24:B2:B9,36,wpa2,2026-08-03T15:00:00.000Z,2026-08-03T10:00:00.000Z,,Region Hovedstaden,DK,Snellemark,3700
24:B2:B9:F9:17:A9,ClickShare-1862722862,53.55928421,-113.63451385,24:B2:B9,36,wpa2,2026-04-16T18:00:00.000Z,2026-04-16T13:00:00.000Z,Edmonton,Alberta,CA,111 Avenue NW,T5S 1G6
24:B2:B9:F9:17:AB,ClickShare-PV,49.31573105,-124.2963562,24:B2:B9,36,wpa2,2026-05-14T18:00:00.000Z,2026-05-14T11:00:00.000Z,Parksville,British Columbia,CA,Stanford Avenue East,V9P 2H7
24:B2:B9:F9:18:17,MB-UM,10.48366356,-66.85308075,24:B2:B9,36,wpa2,2026-08-16T13:00:00.000Z,2026-08-17T03:00:00.000Z,Caracas,Miranda,VE,Avenida Ernesto Blohm,1064
24:B2:B9:F9:18:8D,ClickShare-1862720548,51.05028534,3.72401595,24:B2:B9,36,wpa2,2026-05-30T11:00:00.000Z,2026-08-16T12:00:00.000Z,,Oost-Vlaanderen,BE,Kouter,9000
24:B2:B9:F9:19:19,ClickShare-1862720528,43.57818222,7.01186514,24:B2:B9,36,wpa2,2026-04-24T08:00:00.000Z,2026-04-24T12:00:00.000Z,,Provence-Alpes-Côte d'Azur,FR,Avenue du Campon,06110
24:B2:B9:F9:19:69,ClickShare-Staff Training Room,52.47044754,-1.92357254,24:B2:B9,36,wpa2,2026-04-22T17:00:00.000Z,2026-05-17T00:00:00.000Z,Birmingham,England,GB,Harborne Road,B15 3AA
24:B2:B9:F9:1A:31,ClickShare-Meeting room 1st Flo,52.30683517,4.94430876,24:B2:B9,36,wpa2,2026-06-16T15:00:00.000Z,2026-06-16T09:00:00.000Z,Amsterdam,Noord-Holland,NL,Hettenheuvelweg,1101BM
24:B2:B9:F9:1A:37,ClickShare-1862720622,43.49581146,5.52288055,24:B2:B9,36,wpa2,2026-06-01T10:00:00.000Z,2026-07-20T05:00:00.000Z,,Provence-Alpes-Côte d'Azur,FR,Impasse de l'Auberge,13590
24:B2:B9:F9:1A:ED,ClickShare LPDSJ,46.50735855,-84.32680511,24:B2:B9,40,wpa2,2026-07-14T18:00:00.000Z,2026-08-22T09:00:00.000Z,Sault Ste. Marie,Ontario,CA,Queen Street East,P6A 3G4
24:B2:B9:F9:1A:F1,,47.39522934,8.48447323,24:B2:B9,36,wpa2,2026-04-01T13:00:00.000Z,2026-08-20T05:00:00.000Z,Zürich,Zürich,CH,A1H,8064
24:B2:B9:F9:1B:1B,ClickShare-CCO,22.28188705,114.15807343,24:B2:B9,36,wpa2,2025-12-16T02:00:00.000Z,2026-07-16T21:00:00.000Z,香港島 Hong Kong Island,香港 Hong Kong,CN,遮打道 Chater Road,
24:B2:B9:F9:1B:B9,ClickShare-1862722771,6.20607185,-75.57124329,24:B2:B9,36,wpa2,2026-05-20T18:00:00.000Z,2026-05-30T10:00:00.000Z,Medellín,Antioquia,CO,Calle 7,0500
24:B2:B9:F9:1C:83,ClickShare-1862720508,51.05030441,3.72452784,24:B2:B9,36,wpa2,2026-05-30T11:00:00.000Z,2026-08-16T12:00:00.000Z,,Oost-Vlaanderen,BE,Kouter,9000
24:B2:B9:F9:1C:85,ClickShare-420,55.62338257,12.38779354,24:B2:B9,36,wpa2,2026-03-02T16:00:00.000Z,2026-03-02T09:00:00.000Z,,Region Hovedstaden,DK,Vallensbæk Stationstorv,2665
24:B2:B9:F9:1C:B9,ClickShare-Hörmann,48.80980682,8.9241209,24:B2:B9,36,wpa2,2026-07-05T13:00:00.000Z,2026-07-05T07:00:00.000Z,,Baden-Württemberg,DE,A 8,71277
24:B2:B9:F9:1C:E3,ClickShare-Groenplaats,50.84555054,4.36139345,24:B2:B9,36,wpa2,2026-05-07T07:00:00.000Z,2026-07-21T16:00:00.000Z,Bruxelles - Brussel,Région de Bruxelles-Capitale - Brussels Hoofdstedelijk Gewest,BE,Rue Montagne du Parc - Warandeberg,1000
24:B2:B9:F9:1C:E9,ClickShare-1862720601,59.92976379,10.70819187,24:B2:B9,36,wpa2,2026-05-26T09:00:00.000Z,2026-05-26T02:00:00.000Z,Oslo,Majorstuen,NO,Fridtjof Nansens vei,0369
24:B2:B9:F9:1D:13,ClickShare-D2.06,52.38486099,4.83721781,24:B2:B9,36,wpa2,2026-08-10T23:00:00.000Z,2026-08-10T18:00:00.000Z,Amsterdam,Noord-Holland,NL,Haarlemmerweg,1063CE
24:B2:B9:F9:1D:19,ClickShare-1231a,51.56749344,-3.02888989,24:B2:B9,1,wpa2,2026-06-03T22:00:00.000Z,2026-06-03T16:00:00.000Z,Newport,Cymru / Wales,GB,Cardiff Road,NP10 8XG
24:B2:B9:F9:1D:3F,ClickShare-CEMP-AUCAMVILLE-SDR,43.66182709,1.43165636,24:B2:B9,36,wpa2,2026-05-06T15:00:00.000Z,2026-07-01T06:00:00.000Z,Toulouse,Occitanie,FR,Boulevard Henri Gaussen,31200
24:B2:B9:F9:4B:0B,DEVIALET-U50A30063P326,48.86820221,2.34341168,24:B2:B9,6,unknown,2026-04-14T06:00:00.000Z,2026-04-14T03:00:00.000Z,Paris,Île-de-France,FR,Rue Réaumur,75002
24:B2:B9:F9:8E:9F,ClickShare-GameRoom,25.03195953,121.56121826,24:B2:B9,36,wpa2,2026-01-01T12:00:00.000Z,2026-01-01T07:00:00.000Z,臺北市,臺北市,TW,莊敬路,110
24:B2:B9:F9:8F:19,Simmons Boardroom_ClickShare,32.78071976,-79.93318939,24:B2:B9,36,wpa2,2026-07-01T14:00:00.000Z,2026-07-01T12:00:00.000Z,Charleston,SC,US,King Street,29401
24:B2:B9:F9:8F:F3,ClickShare-D5FO-Conference Room,29.41771889,-98.5489502,24:B2:B9,165,wpa2,2026-05-01T13:00:00.000Z,2026-05-27T22:00:00.000Z,San Antonio,TX,US,Castroville Road,78237
24:B2:B9:F9:90:2B,ClickShare-1862725216,59.33148956,18.04545403,24:B2:B9,36,wpa2,2026-07-16T09:00:00.000Z,2026-07-16T03:00:00.000Z,,Stockholms län,SE,Kungsholmsgatan,112 28
24:B2:B9:F9:90:6F,ClickShare-Lounge,52.01529312,5.05958223,24:B2:B9,36,wpa2,2026-08-26T08:00:00.000Z,2026-08-26T08:00:00.000Z,,Utrecht,NL,Baronieweg,3401MT
24:B2:B9:F9:90:71,ClickShare-1862724956,48.10248184,-1.67335033,24:B2:B9,36,wpa2,2026-07-20T06:00:00.000Z,2026-07-25T01:00:00.000Z,Rennes,Bretagne,FR,Rue de Châtillon,35000
24:B2:B9:F9:90:AB,ClickShare-Barco 2,29.42638779,-98.48830414,24:B2:B9,36,wpa2,2026-08-27T04:00:00.000Z,2026-08-28T23:00:00.000Z,San Antonio,TX,US,East Houston Street,78205
24:B2:B9:F9:91:E7,ClickShare-1862727939,48.84096527,2.37817693,24:B2:B9,36,wpa2,2026-07-21T08:00:00.000Z,2026-07-21T12:00:00.000Z,Paris,Île-de-France,FR,Rue de Bercy,75012
24:B2:B9:F9:92:0D,ClickShare-NKOffice,41.8874855,-87.63101196,24:B2:B9,165,wpa2,2026-07-12T02:00:00.000Z,2026-08-23T21:00:00.000Z,Chicago,IL,US,North Clark Street,60696
24:B2:B9:F9:92:47,ClickShare-1863092906,39.0500946,-95.67927551,24:B2:B9,36,wpa2,2026-07-05T16:00:00.000Z,2026-07-05T09:00:00.000Z,Topeka,KS,US,Southwest 8th Avenue,66603
24:B2:B9:F9:92:6B,SSID Stadt Syke - Ratssaal,52.91235352,8.82801819,24:B2:B9,149,wpa2,2026-02-09T17:00:00.000Z,2026-02-09T12:00:00.000Z,,Niedersachsen,DE,Nienburger Straße,28857
24:B2:B9:F9:93:6F,ClickShare-Barco 5,29.42643166,-98.4886322,24:B2:B9,36,wpa2,2026-08-27T04:00:00.000Z,2026-08-28T23:00:00.000Z,San Antonio,TX,US,North Presa Street,78205
24:B2:B9:F9:93:83,ClickShare-Barco 4,29.42639542,-98.48854065,24:B2:B9,36,wpa2,2026-08-27T04:00:00.000Z,2026-08-28T23:00:00.000Z,San Antonio,TX,US,North Presa Street,78205
24:B2:B9:F9:93:95,ClickShare-Conference room,39.36674118,-84.35098267,24:B2:B9,36,wpa2,2026-07-30T11:00:00.000Z,2026-08-18T05:00:00.000Z,,OH,US,Liberty Way,45069
24:B2:B9:F9:93:B5,ClickShare-Squad Room,29.42642784,-98.48877716,24:B2:B9,36,wpa2,2026-08-27T04:00:00.000Z,2026-08-28T23:00:00.000Z,San Antonio,TX,US,East Houston Street,78205
24:B2:B9:F9:94:25,VDMV-Teamsroom-ClickShare,51.4340744,5.48393869,24:B2:B9,36,wpa2,2026-06-21T15:00:00.000Z,2026-08-12T04:00:00.000Z,Eindhoven,Noord-Brabant,NL,Stratumsedijk,5611NA
24:B2:B9:F9:94:69,ClickShare-1862729089,51.8289566,4.77857828,24:B2:B9,36,wpa2,2026-06-11T11:00:00.000Z,2026-06-11T09:00:00.000Z,,Zuid-Holland,NL,Sportlaan,3364DA
24:B2:B9:F9:94:75,ClickShare-CR-123,37.54249191,-77.43906403,24:B2:B9,36,wpa2,2026-08-28T17:00:00.000Z,2026-08-28T16:00:00.000Z,Richmond,VA,US,North 4th Street,23219
24:B2:B9:F9:94:C3,ClickShare-1862725166,41.39002228,2.15296054,24:B2:B9,36,wpa2,2026-03-07T11:00:00.000Z,2026-03-07T05:00:00.000Z,Barcelona,Catalunya,ES,Carrer de Casanova,08001
24:B2:B9:F9:94:D7,ClickShare-1863091557,39.05010223,-95.67927551,24:B2:B9,36,wpa2,2026-08-23T18:00:00.000Z,2026-08-23T17:00:00.000Z,Topeka,KS,US,Southwest 8th Avenue,66603
24:B2:B9:F9:95:A9,ClickShare 2.1.09,55.69765854,12.56145954,24:B2:B9,36,wpa2,2026-03-01T21:00:00.000Z,2026-03-01T13:00:00.000Z,København,Region Hovedstaden,DK,Arresøgade,2200
24:B2:B9:F9:95:CB,ClickShare-1862724942,48.84037781,2.31816316,24:B2:B9,36,wpa2,2025-12-20T12:00:00.000Z,2025-12-23T05:00:00.000Z,Paris,Île-de-France,FR,Allée du Capitaine Dronne,75015
24:B2:B9:F9:97:23,ClickShare-1862726009,48.84119415,2.31172466,24:B2:B9,36,wpa2,2026-08-21T09:00:00.000Z,2026-08-28T14:00:00.000Z,Paris,Île-de-France,FR,Rue du Docteur Roux,75015
24:B2:B9:F9:97:8D,ClickShare-Herzchirurgie,47.56299591,7.58305168,24:B2:B9,36,wpa2,2026-05-19T04:00:00.000Z,2026-08-20T05:00:00.000Z,Basel,Basel-Stadt,CH,Spitalstrasse,4031
24:B2:B9:F9:98:21,ClickShare-Boardroom,45.51166916,9.22433567,24:B2:B9,36,wpa2,2025-12-23T13:00:00.000Z,2025-12-23T05:00:00.000Z,Milano,Lombardia,IT,Viale Monza,20126
24:B2:B9:F9:98:45,DE-HAM53-ClickShare-1862725100,53.54755402,10.00147629,24:B2:B9,36,wpa2,2025-11-24T09:00:00.000Z,2026-08-23T11:00:00.000Z,Hamburg,Hamburg-Mitte,DE,Willy-Brandt-Straße,20095
24:B2:B9:F9:98:59,ClickShare-1862725108,48.21544266,16.37078667,24:B2:B9,36,wpa2,2026-08-30T11:00:00.000Z,2026-08-30T09:00:00.000Z,Wien,Textilviertel,AT,Werdertorgasse,1010
24:B2:B9:F9:99:37,ClickShare-1862726685,51.20593262,4.39268446,24:B2:B9,36,wpa2,2026-05-21T20:00:00.000Z,2026-05-22T00:00:00.000Z,Antwerpen,Antwerpen,BE,Amerikalei,2000
24:B2:B9:F9:99:65,ClickShare-1862729074,51.82897186,4.77843189,24:B2:B9,36,wpa2,2026-06-11T11:00:00.000Z,2026-06-11T09:00:00.000Z,,Zuid-Holland,NL,Stationspark,3364DA
24:B2:B9:F9:99:9B,ClickShare-1,43.49583054,5.52283192,24:B2:B9,36,wpa2,2026-06-01T10:00:00.000Z,2026-07-20T05:00:00.000Z,,Provence-Alpes-Côte d'Azur,FR,Impasse de l'Auberge,13590
24:B2:B9:F9:99:CF,ClickShare-Boenigen,46.68648148,7.89261341,24:B2:B9,36,wpa2,2026-06-24T06:00:00.000Z,2026-06-24T15:00:00.000Z,,Bern/Berne,CH,Interlakenstrasse,3806
24:B2:B9:F9:9A:4F,ClickShare-1862727447,59.91558456,10.63077831,24:B2:B9,36,wpa2,2026-04-27T14:00:00.000Z,2026-05-02T15:00:00.000Z,,Viken,NO,Vollsveien,1366
24:B2:B9:F9:9A:67,ClickShare-KLR-3A,51.03356171,9.40083218,24:B2:B9,36,wpa2,2026-06-15T12:00:00.000Z,2026-06-15T06:00:00.000Z,,Hessen,DE,Kasseler Straße,34576
24:B2:B9:F9:9A:A7,ClickShare-1862727111,55.67295456,12.56417179,24:B2:B9,36,wpa2,2026-05-10T14:00:00.000Z,2026-08-30T04:00:00.000Z,København,Region Hovedstaden,DK,Reverdilsgade,1701
24:B2:B9:F9:9A:B9,ClickShare-1862732427,45.75813675,4.83306456,24:B2:B9,36,wpa2,2026-07-04T14:00:00.000Z,2026-08-27T03:00:00.000Z,Lyon,Auvergne-Rhône-Alpes,FR,Place Bellecour,69002
24:B2:B9:F9:9A:C7,ClickShare-1863092460,33.87345886,-118.09980774,24:B2:B9,36,wpa2,2026-08-27T00:00:00.000Z,2026-08-28T08:00:00.000Z,,CA,US,Studebaker Road,90650
24:B2:B9:F9:9B:41,ClickShare-1862726878,48.87185287,2.33352995,24:B2:B9,36,wpa2,2026-03-13T16:00:00.000Z,2026-03-13T12:00:00.000Z,Paris,Île-de-France,FR,Rue Meyerbeer,75009
24:B2:B9:F9:9B:DF,ClickShare-1862728949,55.68528748,12.4999218,24:B2:B9,36,wpa2,2026-08-30T05:00:00.000Z,2026-08-30T00:00:00.000Z,,Region Hovedstaden,DK,Stig Lommers Plads,2000
24:B2:B9:F9:9B:FF,ClickShare-1862728965,47.48878098,2.43982697,24:B2:B9,36,wpa2,2026-07-17T16:00:00.000Z,2026-07-17T10:00:00.000Z,,Centre-Val de Loire,FR,Rue du Charbon,18700
24:B2:B9:F9:9C:71,ClickShare-CIO,40.76142883,-111.88526917,24:B2:B9,36,wpa2,2026-07-29T00:00:00.000Z,2026-07-29T01:00:00.000Z,Salt Lake City,UT,US,200 East,84144
24:B2:B9:F9:9D:51,ClickShare-0301,52.22996521,20.98166275,24:B2:B9,36,wpa2,2026-08-31T10:00:00.000Z,2026-08-31T03:00:00.000Z,Warszawa,województwo mazowieckie,PL,Prosta,00-838
24:B2:B9:F9:9F:41,ClickShare-1862731436,50.92290878,11.57773399,24:B2:B9,36,wpa2,2026-07-01T04:00:00.000Z,2026-08-16T05:00:00.000Z,Jena,Thüringen,DE,Otto-Schott-Straße,07745
24:B2:B9:F9:9F:73,ClickShare-1863094329,39.10794449,-84.5094223,24:B2:B9,36,wpa2,2026-08-20T22:00:00.000Z,2026-08-20T23:00:00.000Z,Cincinnati,OH,US,East Central Parkway,45202
24:B2:B9:F9:9F:F3,ClickShare-Kioti,51.92013168,4.48195696,24:B2:B9,36,wpa2,2026-03-28T13:00:00.000Z,2026-04-12T23:00:00.000Z,Rotterdam,Zuid-Holland,NL,,3011AA
24:B2:B9:F9:A0:0D,ClickShare,50.08478165,14.43590069,24:B2:B9,48,wpa2,2026-08-23T09:00:00.000Z,2026-08-24T04:00:00.000Z,Hlavní město Praha,Praha,CZ,Wilsonova,116 47
24:B2:B9:F9:A1:11,ClickShare-1862725257,49.61343002,6.17288542,24:B2:B9,36,wpa2,2026-03-02T14:00:00.000Z,2026-03-04T08:00:00.000Z,Luxembourg,Canton Luxembourg,LU,Rue de Bitbourg,1273
24:B2:B9:F9:A1:13,ClickShare-Urban-Mobile,50.84412766,4.35715914,24:B2:B9,48,wpa2,2026-04-12T05:00:00.000Z,2026-04-30T04:00:00.000Z,,Région de Bruxelles-Capitale - Brussels Hoofdstedelijk Gewest,BE,Mont des Arts - Kunstberg,1000
24:B2:B9:F9:A2:53,ClickShare-1862732632,48.83931351,2.37524652,24:B2:B9,36,wpa2,2026-06-14T15:00:00.000Z,2026-08-01T08:00:00.000Z,Paris,Île-de-France,FR,Quai de la Rapée,75012
24:B2:B9:F9:A2:9F,MDL-ClickShare-1863094289,44.83520889,-93.17289734,24:B2:B9,36,wpa2,2026-05-01T18:00:00.000Z,2026-06-25T19:00:00.000Z,,MN,US,Central Parkway,55123-1063
24:B2:B9:F9:A2:B5,ClickShare-1863091797,29.42642593,-98.48888397,24:B2:B9,36,wpa2,2026-08-29T01:00:00.000Z,2026-08-28T23:00:00.000Z,San Antonio,TX,US,East Houston Street,78205
24:B2:B9:F9:A3:27,,51.84999466,5.86379194,24:B2:B9,36,wpa2,2026-04-22T10:00:00.000Z,2026-04-22T06:00:00.000Z,Nijmegen,Gelderland,NL,Waalkade,6511XP
24:B2:B9:F9:A3:45,ClickShare-EFA,50.84828568,4.36957693,24:B2:B9,36,wpa2,2026-02-25T21:00:00.000Z,2026-05-23T03:00:00.000Z,Bruxelles - Brussel,Région de Bruxelles-Capitale - Brussels Hoofdstedelijk Gewest,BE,Avenue des Arts - Kunstlaan,1000
24:B2:B9:F9:A5:17,ClickShare-1862726743,48.93217468,2.49511576,24:B2:B9,36,wpa2,2026-04-13T10:00:00.000Z,2026-08-14T07:00:00.000Z,,Île-de-France,FR,Rue du 11 Novembre,93600
24:B2:B9:F9:A5:1B,ClickShare-1862726712,51.07304764,5.09512949,24:B2:B9,36,wpa2,2026-04-28T16:00:00.000Z,2026-04-28T11:00:00.000Z,,Limburg,BE,Groenstraat,3980
24:B2:B9:F9:A5:59,ClickShare-Genius,43.2510643,5.38803387,24:B2:B9,36,wpa2,2026-08-16T12:00:00.000Z,2026-08-16T09:00:00.000Z,Marseille,Provence-Alpes-Côte d'Azur,FR,Avenue de Hambourg,13008
24:B2:B9:F9:A6:A9,Sitzungszimmer-Wiedikon,47.37527084,8.53782845,24:B2:B9,13,wpa2,2026-07-25T22:00:00.000Z,2026-07-25T17:00:00.000Z,Zürich,Zürich,CH,Lintheschergasse,8001
24:B2:B9:F9:A7:9D,ClickShare-1862729107,47.4993248,19.05481529,24:B2:B9,36,wpa2,2026-03-08T09:00:00.000Z,2026-08-25T12:00:00.000Z,,Budapest,HU,Bajcsy-Zsilinszky út,1065
24:B2:B9:F9:A7:ED,ClickShare-1862729090,47.07457352,15.3980608,24:B2:B9,36,wpa2,2026-07-23T11:00:00.000Z,2026-07-25T09:00:00.000Z,Graz,Steiermark,AT,Georgigasse,8020
24:B2:B9:F9:A8:29,Wifi-Luxembourg,49.46538162,6.03681755,24:B2:B9,36,wpa2,2026-08-26T10:00:00.000Z,2026-08-26T10:00:00.000Z,,Canton Esch-sur-Alzette,LU,Rue de l'Usine,3754
24:B2:B9:F9:A8:B7,ClickShare-AJ Associés,43.28995895,5.37287712,24:B2:B9,36,wpa2,2026-01-22T16:00:00.000Z,2026-01-22T10:00:00.000Z,Marseille,Provence-Alpes-Côte d'Azur,FR,Cours Pierre Puget,13006
24:B2:B9:F9:A8:F7,ClickShare-1862725793,51.52927017,-0.12643756,24:B2:B9,36,wpa2,2026-08-19T18:00:00.000Z,2026-08-19T20:00:00.000Z,London Borough of Camden,England,GB,Midland Road,NW1 2QP
24:B2:B9:F9:A9:55,ClickShare-Purdey-Stock,51.51329803,-0.15347891,24:B2:B9,36,wpa2,2026-08-03T14:00:00.000Z,2026-08-03T08:00:00.000Z,London,England,GB,North Audley Street,W1K 6ZD
24:B2:B9:F9:A9:5B,ClickShare-Bronte,51.52912521,-0.12642364,24:B2:B9,36,wpa2,2026-08-19T18:00:00.000Z,2026-08-28T08:00:00.000Z,London Borough of Camden,England,GB,Euston Road,NW1 2QS
24:B2:B9:F9:A9:71,ClickShare-1863092855,39.26253891,-84.46195984,24:B2:B9,36,wpa2,2026-08-21T12:00:00.000Z,2026-08-21T05:00:00.000Z,,OH,US,Redna Terrace,45215
24:B2:B9:F9:A9:9F,ClickShare-Large Meeting Room,39.12487411,-84.49087524,24:B2:B9,36,wpa2,2026-08-17T20:00:00.000Z,2026-08-17T15:00:00.000Z,Cincinnati,OH,US,Gilbert Avenue,45206
24:B2:B9:F9:A9:F9,ClickShare-Utrecht2,52.10340118,5.11465025,24:B2:B9,36,wpa2,2026-05-08T08:00:00.000Z,2026-05-08T01:00:00.000Z,Utrecht,Utrecht,NL,Talmalaan,3515CW
24:B2:B9:F9:AA:3B,ClickShare-1862729042,47.06847763,15.4441309,24:B2:B9,36,wpa2,2026-07-23T18:00:00.000Z,2026-07-25T09:00:00.000Z,Graz,Steiermark,AT,Opernring,8010
24:B2:B9:F9:AA:C3,ClickShare-1862729065,45.76048279,4.86189985,24:B2:B9,36,wpa2,2026-08-05T14:00:00.000Z,2026-08-05T07:00:00.000Z,Lyon,Auvergne-Rhône-Alpes,FR,Place de la Vilette,69003
24:B2:B9:F9:AB:3D,ClickShare-1862729072,52.21393204,4.51026917,24:B2:B9,36,wpa2,2026-05-29T12:00:00.000Z,2026-05-29T07:00:00.000Z,,Zuid-Holland,NL,Rijksweg A44,2171AH
24:B2:B9:F9:AB:E7,ClickShare-Buero-Mittermaier,48.06777573,11.53693008,24:B2:B9,44,wpa2,2026-01-03T22:00:00.000Z,2026-08-13T12:00:00.000Z,,Bayern,DE,Georg-Kalb-Straße,82049
24:B2:B9:F9:AB:F7,ClickShare-Ullern,60.14225388,11.17298031,24:B2:B9,36,wpa2,2026-03-07T13:00:00.000Z,2026-07-04T07:00:00.000Z,,Viken,NO,Storgata,2050
24:B2:B9:F9:AC:1F,DE-HAM53-ZHB-KL Besprechungsraum,53.54766083,9.99962997,24:B2:B9,36,wpa2,2025-11-08T18:00:00.000Z,2026-02-04T03:00:00.000Z,Hamburg,Hamburg-Mitte,DE,Willy-Brandt-Straße,20457
24:B2:B9:F9:AC:63,,55.95295715,-3.2012465,24:B2:B9,36,wpa2,2026-03-25T06:00:00.000Z,2026-04-07T09:00:00.000Z,City of Edinburgh,Alba / Scotland,GB,George Street,EH2 3EE
24:B2:B9:F9:AC:93,ClickShare-1863093948,29.42845917,-98.49132538,24:B2:B9,36,wpa2,2026-08-26T23:00:00.000Z,2026-08-26T18:00:00.000Z,San Antonio,TX,US,North Saint Mary's Street,78205
24:B2:B9:F9:AD:3F,ClickShare-1863094929,36.80821228,-119.76410675,24:B2:B9,36,wpa2,2026-08-16T18:00:00.000Z,2026-08-23T00:00:00.000Z,Fresno,CA,US,East Shaw Avenue,93702
24:B2:B9:F9:AD:5D,ClickShare-Portuguese,52.36654282,4.88838625,24:B2:B9,36,wpa2,2026-07-31T07:00:00.000Z,2026-07-31T23:00:00.000Z,Amsterdam,Noord-Holland,NL,Herengracht,1017BZ
24:B2:B9:F9:AD:73,ClickShare-1862726837,48.6313324,2.42201281,24:B2:B9,36,wpa2,2026-02-05T13:00:00.000Z,2026-02-05T06:00:00.000Z,,Île-de-France,FR,Boulevard de l'Europe,91000
24:B2:B9:F9:AD:C5,ClickShare-1863091739,30.27079773,-97.74040222,24:B2:B9,36,wpa2,2026-08-22T04:00:00.000Z,2026-08-23T00:00:00.000Z,Austin,TX,US,Brazos Street,78701
24:B2:B9:F9:AE:33,ClickShare-1862730533,51.96116257,7.63443565,24:B2:B9,36,wpa2,2026-04-21T16:00:00.000Z,2026-04-21T09:00:00.000Z,Münster,Nordrhein-Westfalen,DE,Promenade,48143
24:B2:B9:F9:AE:9B,ClickShare-1862730537,48.15439224,11.55098438,24:B2:B9,36,wpa2,2026-08-01T21:00:00.000Z,2026-08-01T16:00:00.000Z,München,Bayern,DE,Lazarettstraße,80636
24:B2:B9:F9:AE:E1,ClickShare-1862729897,48.8302002,2.24591708,24:B2:B9,36,wpa2,2026-07-28T10:00:00.000Z,2026-08-02T13:00:00.000Z,Boulogne-Billancourt,Île-de-France,FR,Boulevard Jean Jaurès,92100
24:B2:B9:F9:AF:27,Sitzungszimmer-Schipfe,47.37475204,8.53754044,24:B2:B9,12,wpa2,2026-06-22T06:00:00.000Z,2026-06-22T08:00:00.000Z,Zürich,Zürich,CH,Gerbergasse,8001
24:B2:B9:F9:AF:29,Sitzungszimmer-Workshop-mobil,47.37504196,8.53769588,24:B2:B9,12,wpa2,2026-07-25T22:00:00.000Z,2026-08-10T06:00:00.000Z,Zürich,Zürich,CH,Seidengasse,8001
24:B2:B9:F9:AF:33,ClickShare-1862730850,48.64796829,6.14308453,24:B2:B9,36,wpa2,2026-08-11T17:00:00.000Z,2026-08-11T12:00:00.000Z,,Grand Est,FR,Avenue de Bourgogne,54500
24:B2:B9:F9:AF:75,ClickShare-MR1-DukeStreet,51.51148987,-0.13850661,24:B2:B9,36,wpa2,2026-04-16T15:00:00.000Z,2026-05-18T14:00:00.000Z,London,England,GB,Regent Street,W1B 4HX
24:B2:B9:F9:AF:BD,ClickShare Seminar Mobil,49.99341583,8.2576046,24:B2:B9,36,wpa2,2026-07-30T14:00:00.000Z,2026-07-30T14:00:00.000Z,Mainz,Rheinland-Pfalz,DE,Reisingerweg,55131
24:B2:B9:F9:AF:C7,ClickShare-1862729954,51.43968582,6.87884808,24:B2:B9,36,wpa2,2026-08-24T12:00:00.000Z,2026-08-26T01:00:00.000Z,Mülheim an der Ruhr,Nordrhein-Westfalen,DE,Wiesenstraße,45473
24:B2:B9:F9:AF:DB,ClickShare-1862730622,51.07316971,12.19419956,24:B2:B9,36,wpa2,2026-07-11T18:00:00.000Z,2026-07-24T14:00:00.000Z,,Sachsen-Anhalt,DE,Hauptstraße,06729
24:B2:B9:F9:AF:ED,ClickShare-1862726107,47.3988266,8.44865608,24:B2:B9,36,wpa2,2026-07-12T09:00:00.000Z,2026-07-12T02:00:00.000Z,,Zürich,CH,Engstringerstrasse,8952
24:B2:B9:F9:AF:F7,ClickshareMobilesD4.OG,47.36787033,8.54499054,24:B2:B9,48,wpa2,2026-03-22T10:00:00.000Z,2026-08-31T04:00:00.000Z,Zürich,Zürich,CH,Schifflände,8001
24:B2:B9:F9:B1:09,ClickShare-1862731028,24.71020889,46.67685318,24:B2:B9,36,wpa2,2026-06-13T11:00:00.000Z,2026-06-16T01:00:00.000Z,,منطقة الرياض,SA,طريق العليا العام,12214
24:B2:B9:F9:B1:23,ClickShare-Katastrophenschutz,49.99273682,8.25742245,24:B2:B9,36,wpa2,2026-05-04T08:00:00.000Z,2026-05-04T07:00:00.000Z,Mainz,Rheinland-Pfalz,DE,Paul-Ehrlich-Weg,55131
24:B2:B9:F9:B1:2F,ClickShare-1862730139,53.63162994,11.40983963,24:B2:B9,36,wpa2,2026-08-15T14:00:00.000Z,2026-08-15T08:00:00.000Z,Schwerin,Mecklenburg-Vorpommern,DE,Alexandrinenstraße,19053
24:B2:B9:F9:B1:39,Sitzungszimmer-Bellevue,47.37474823,8.53781986,24:B2:B9,1,wpa2,2026-06-22T06:00:00.000Z,2026-08-08T05:00:00.000Z,Zürich,Zürich,CH,Uraniastrasse,8001
24:B2:B9:F9:B1:49,ClickShare-1862729393,35.6735878,139.71665955,24:B2:B9,36,wpa2,2026-07-11T10:00:00.000Z,2026-07-11T20:00:00.000Z,新宿区,霞ヶ丘町,JP,四谷角筈線,160-0015
24:B2:B9:F9:B1:5B,ClickShare-1862729398,35.68356705,139.76251221,24:B2:B9,36,wpa2,2026-08-13T00:00:00.000Z,2026-08-13T02:00:00.000Z,千代田区,皇居外苑,JP,,100-0002
24:B2:B9:F9:B1:97,ClickShare-Besprechungsraum 2.20,48.26919937,7.72654915,24:B2:B9,36,wpa2,2026-08-06T07:00:00.000Z,2026-08-06T08:00:00.000Z,,Baden-Württemberg,DE,Ritterstraße,77977
24:B2:B9:F9:B1:B1,ClickShare-V217,47.54678345,7.58462524,24:B2:B9,36,wpa2,2026-05-09T08:00:00.000Z,2026-05-19T06:00:00.000Z,Basel,Basel-Stadt,CH,Margarethenstrasse,4053
24:B2:B9:F9:B1:B5,Sitzungszimmer-Rennweg,47.37487793,8.53791523,24:B2:B9,1,wpa2,2026-06-22T06:00:00.000Z,2026-06-22T08:00:00.000Z,Zürich,Zürich,CH,Uraniastrasse,8001
24:B2:B9:F9:B1:FD,ClickShare-1862730890,50.06010437,19.92008972,24:B2:B9,36,wpa2,2026-05-31T12:00:00.000Z,2026-05-31T08:00:00.000Z,,województwo małopolskie,PL,Aleja 3 Maja,30-062
24:B2:B9:F9:B2:73,Sitzungszimmer OG01.002,46.75955582,7.62572384,24:B2:B9,6,wpa2,2026-08-02T06:00:00.000Z,2026-08-02T04:00:00.000Z,,Bern/Berne,CH,Guisanplatz,
24:B2:B9:F9:B2:FF,ClickShare-1863092238,40.603302,-74.05501556,24:B2:B9,36,wpa2,2026-07-28T22:00:00.000Z,2026-07-28T18:00:00.000Z,City of New York,NY,US,Verrazzano-Narrows Bridge,10305
24:B2:B9:F9:B3:19,Sitzungszimmer OG01.003,46.75878143,7.62467909,24:B2:B9,1,wpa2,2026-08-14T11:00:00.000Z,2026-08-21T17:00:00.000Z,,Bern/Berne,CH,Gewerbestrasse,3600
24:B2:B9:F9:B3:75,Rm 826,29.76061058,-95.36167145,24:B2:B9,36,wpa2,2026-08-05T22:00:00.000Z,2026-08-05T19:00:00.000Z,Houston,TX,US,Prairie Street,77002
24:B2:B9:F9:B3:99,ClickShare - Courtroom 1421,42.32886124,-83.04512024,24:B2:B9,36,wpa2,2026-05-30T20:00:00.000Z,2026-05-30T16:00:00.000Z,Detroit,MI,US,Woodward Avenue,48226-4449
24:B2:B9:F9:B3:A7,ClickShare-1862729890,53.54067612,-2.10848856,24:B2:B9,36,wpa2,2026-03-06T08:00:00.000Z,2026-05-30T02:00:00.000Z,,England,GB,Ashworth Street,OL1 1SA
24:B2:B9:F9:B3:D7,ClickShare-1862730778,47.35347366,8.34147549,24:B2:B9,36,wpa2,2026-02-12T08:00:00.000Z,2026-08-07T07:00:00.000Z,,Aargau,CH,Bleicherweg,5620
24:B2:B9:F9:B4:C3,ClickShare-1862729414,35.67359924,139.71646118,24:B2:B9,36,wpa2,2026-07-05T09:00:00.000Z,2026-07-11T20:00:00.000Z,新宿区,霞ヶ丘町,JP,四谷角筈線,160-0015
24:B2:B9:F9:B5:53,ClickShare-1862731049,55.86435699,-4.27854061,24:B2:B9,36,wpa2,2026-05-23T16:00:00.000Z,2026-08-20T12:00:00.000Z,Glasgow,Alba / Scotland,GB,Berkeley Street,G3 7HP
24:B2:B9:F9:B5:65,ClickShare-Hospice,43.14832306,-77.59674835,24:B2:B9,36,wpa2,2026-08-10T16:00:00.000Z,2026-08-24T09:00:00.000Z,City of Rochester,NY,US,Monroe Avenue,14607
24:B2:B9:F9:B5:79,HSD-2026,29.42646027,-98.4887085,24:B2:B9,165,wpa2,2026-08-29T01:00:00.000Z,2026-08-28T23:00:00.000Z,San Antonio,TX,US,North Presa Street,78205
24:B2:B9:F9:B5:7D,ClickShare-1862725312,49.61035156,6.13009644,24:B2:B9,36,wpa2,2026-08-25T09:00:00.000Z,2026-08-25T08:00:00.000Z,Luxembourg,Canton Luxembourg,LU,Place Guillaume II,1648
24:B2:B9:F9:B5:A3,ClickShare-IT,47.37111664,8.54714012,24:B2:B9,36,wpa2,2026-08-08T13:00:00.000Z,2026-08-10T06:00:00.000Z,Zürich,Zürich,CH,Hirschengraben,8001
24:B2:B9:F9:B5:AF,Wifi-Amsterdam,49.4646492,6.03673601,24:B2:B9,36,wpa2,2026-08-26T10:00:00.000Z,2026-08-26T10:00:00.000Z,,Canton Esch-sur-Alzette,LU,Rue de l'Usine,3754
24:B2:B9:F9:B6:55,ClickShare-1862731150,52.45350647,13.38424301,24:B2:B9,1,wpa2,2026-05-27T16:00:00.000Z,2026-05-27T09:00:00.000Z,Berlin,Tempelhof-Schöneberg,DE,Tempelhofer Damm,12099
24:B2:B9:F9:B6:75,ClickShare- Pe083-2.026,51.63957596,5.94033957,24:B2:B9,36,wpa2,2026-08-24T17:00:00.000Z,2026-08-24T08:00:00.000Z,,Noord-Brabant,NL,Heistraat,5831AR
24:B2:B9:F9:B6:A3,ClickShare - Room 700A,42.32920837,-83.0436554,24:B2:B9,36,wpa2,2026-08-07T00:00:00.000Z,2026-08-20T02:00:00.000Z,Detroit,MI,US,East Jefferson Avenue,48243-1798
24:B2:B9:F9:B6:E7,ClickShare-Mayor,33.81596375,-84.58982086,24:B2:B9,1,wpa2,2026-08-15T15:00:00.000Z,2026-08-28T21:00:00.000Z,,GA,US,Veterans Memorial Highway Southwest,30126
24:B2:B9:F9:B7:3F,ClickShare-1863094225,39.20450974,-84.3720932,24:B2:B9,36,wpa2,2026-06-23T17:00:00.000Z,2026-08-01T23:00:00.000Z,,OH,US,Northeast Expressway,45236-4202
24:B2:B9:F9:B7:AD,ClickShare-1862726370,41.38623047,2.17229676,24:B2:B9,36,wpa2,2026-07-20T08:00:00.000Z,2026-07-20T16:00:00.000Z,Barcelona,Catalunya,ES,Avinguda del Portal de l'Àngel,08001
24:B2:B9:F9:B7:BF,ClickShare-Heinekenkamer,52.36710739,4.89496279,24:B2:B9,44,wpa2,2026-08-25T20:00:00.000Z,2026-08-27T19:00:00.000Z,Amsterdam,Noord-Holland,NL,Amstel,1017AA
24:B2:B9:F9:B7:CF,ClickShare-Konferensrummet,59.31583786,18.07136536,24:B2:B9,36,wpa2,2026-01-27T11:00:00.000Z,2026-08-18T08:00:00.000Z,Stockholm,Stockholms län,SE,Repslagargatan,118 26
24:B2:B9:F9:B8:79,Rm 822,29.76039696,-95.36125946,24:B2:B9,36,wpa2,2026-08-05T22:00:00.000Z,2026-08-05T19:00:00.000Z,Houston,TX,US,Prairie Street,77002
24:B2:B9:F9:B8:AB,Sitzungszimmer-Rosenhof,47.37487411,8.53791046,24:B2:B9,6,wpa2,2026-06-22T06:00:00.000Z,2026-06-22T08:00:00.000Z,Zürich,Zürich,CH,Uraniastrasse,8001
24:B2:B9:F9:B8:B1,Sitzungszimmer-Bükliplatz,47.37477112,8.53787518,24:B2:B9,1,wpa2,2026-06-22T06:00:00.000Z,2026-06-22T08:00:00.000Z,Zürich,Zürich,CH,Lintheschergasse,8090
24:B2:B9:F9:B9:39,ClickShare-CPG-LV2-BR,-27.4696312,153.02503967,24:B2:B9,36,wpa2,2026-08-19T09:00:00.000Z,2026-08-19T12:00:00.000Z,,Queensland,AU,Queen Street,4001
24:B2:B9:F9:B9:D9,ClickShare-1862730312,49.46227646,8.16749573,24:B2:B9,36,wpa2,2026-06-28T18:00:00.000Z,2026-06-28T13:00:00.000Z,,Rheinland-Pfalz,DE,Schlossplatz,67098
24:B2:B9:F9:BA:19,ClickShare-1862730866,53.58415985,10.02178288,24:B2:B9,36,wpa2,2026-03-29T11:00:00.000Z,2026-03-29T04:00:00.000Z,Hamburg,Winterhude,DE,Jarrestraße,22303
24:B2:B9:F9:BA:61,ClickShare-1862732890,51.91545486,4.44544172,24:B2:B9,36,wpa2,2025-12-13T12:00:00.000Z,2026-08-16T06:00:00.000Z,Rotterdam,Zuid-Holland,NL,Aelbrechtskade,3023JB
24:B2:B9:F9:BB:0B,ClickShare-2.03,51.23736572,-0.57711869,24:B2:B9,36,wpa2,2026-05-05T06:00:00.000Z,2026-05-05T12:00:00.000Z,,England,GB,Onslow Street,GU1 4YN
24:B2:B9:F9:BB:F9,ClickShare-1862732700,47.40600204,8.59105682,24:B2:B9,36,wpa2,2026-02-24T13:00:00.000Z,2026-05-07T06:00:00.000Z,Zürich,Zürich,CH,Neue Winterthurerstrasse,8301
24:B2:B9:F9:BC:3B,ClickShare-De Waterkering,52.37479782,5.22219181,24:B2:B9,36,wpa2,2026-03-27T15:00:00.000Z,2026-08-29T05:00:00.000Z,,Flevoland,NL,Festivalplein,1325
24:B2:B9:F9:BC:75,Room 5,53.95869446,-1.11067438,24:B2:B9,36,wpa2,2026-08-26T10:00:00.000Z,2026-08-26T03:00:00.000Z,York,England,GB,Poppleton Road,YO26 4TX
24:B2:B9:F9:BC:7B,ClickShare-1862724908,52.26017761,5.22218847,24:B2:B9,36,wpa2,2026-08-02T12:00:00.000Z,2026-08-02T12:00:00.000Z,,Noord-Holland,NL,Naarderstraat,1251BE
24:B2:B9:F9:BC:C7,ClickShare-1862724934,51.22159576,6.77778912,24:B2:B9,36,wpa2,2026-08-17T10:00:00.000Z,2026-08-18T02:00:00.000Z,Düsseldorf,Nordrhein-Westfalen,DE,Bastionstraße,40213
24:B2:B9:F9:BC:F1,ClickShare-Salle Azur,50.64009094,3.07631683,24:B2:B9,36,wpa2,2026-08-25T16:00:00.000Z,2026-08-28T14:00:00.000Z,Lille,Hauts-de-France,FR,Boulevard Louis Pasteur,59777
24:B2:B9:F9:BD:19,ClickShare-1862729891,51.75450134,-1.25467539,24:B2:B9,36,wpa2,2026-02-24T11:00:00.000Z,2026-08-21T13:00:00.000Z,Oxford,England,GB,Catte Street,OX1 3BD
24:B2:B9:F9:BD:63,ClickShare-2.01,51.23711395,-0.57712609,24:B2:B9,36,wpa2,2026-04-05T11:00:00.000Z,2026-05-09T04:00:00.000Z,,England,GB,Onslow Street,GU1 4YN
24:B2:B9:F9:BD:65,ClickShare-1862732891,52.21226883,5.19665909,24:B2:B9,1,wpa2,2026-06-11T05:00:00.000Z,2026-06-15T07:00:00.000Z,,Noord-Holland,NL,Oostereind,1213NJ
24:B2:B9:F9:BD:6F,ClickShare-1862731033,54.44301224,18.56326294,24:B2:B9,36,wpa2,2026-04-24T09:00:00.000Z,2026-05-02T10:00:00.000Z,,województwo pomorskie,PL,Plac Konstytucji 3 Maja,81-704
24:B2:B9:F9:BE:09,,32.90447235,-117.1769104,24:B2:B9,165,wpa2,2026-06-06T19:00:00.000Z,2026-06-07T01:00:00.000Z,San Diego,CA,US,Flanders Drive,92121
24:B2:B9:F9:BE:25,ClickShare-Rullstativ2,59.3162117,18.06975555,24:B2:B9,36,wpa2,2026-04-19T15:00:00.000Z,2026-04-19T08:00:00.000Z,Stockholm,Stockholms län,SE,Högbergsgatan,118 55
24:B2:B9:F9:BE:4B,ClickShare-Eliot,51.52915573,-0.12661415,24:B2:B9,36,wpa2,2026-08-19T18:00:00.000Z,2026-08-28T08:00:00.000Z,London,England,GB,Euston Road,NW1 2DB
24:B2:B9:F9:BF:F1,ClickShare-1862729862,55.86522293,-4.27644491,24:B2:B9,36,wpa2,2026-07-25T22:00:00.000Z,2026-08-20T12:00:00.000Z,Glasgow,Alba / Scotland,GB,Berkeley Street,G3 7DX
24:B2:B9:F9:C0:23,ClickShare-1.04A,51.92227173,4.4793005,24:B2:B9,36,wpa2,2026-08-08T16:00:00.000Z,2026-08-08T10:00:00.000Z,Rotterdam,Zuid-Holland,NL,Stadhuisstraat,3012AC
24:B2:B9:F9:C0:5D,ClickShare-1862730176,52.40556717,13.06691647,24:B2:B9,36,wpa2,2026-08-19T08:00:00.000Z,2026-08-21T06:00:00.000Z,Potsdam,Brandenburg,DE,Kurfürstenstraße,14467
24:B2:B9:F9:C1:AD,ClickShare-1862726446,47.31159592,8.55674648,24:B2:B9,36,wpa2,2026-08-04T11:00:00.000Z,2026-08-04T13:00:00.000Z,,Zürich,CH,Seestrasse,8803
24:B2:B9:F9:C2:47,ClickShare-1863094315,39.26818466,-84.25927734,24:B2:B9,36,wpa2,2026-07-31T20:00:00.000Z,2026-07-31T14:00:00.000Z,,OH,US,West Loveland Avenue,45140-2922
24:B2:B9:F9:C2:6F,ClickShare-MobileCart,41.49852371,-81.68865967,24:B2:B9,36,wpa2,2026-06-14T13:00:00.000Z,2026-06-14T08:00:00.000Z,Cleveland,OH,US,Prospect Avenue East,44115
24:B2:B9:F9:C2:ED,,29.61415863,-95.49252319,24:B2:B9,36,wpa2,2026-08-21T15:00:00.000Z,2026-08-21T15:00:00.000Z,Houston,TX,US,Hillcroft Avenue,77085
24:B2:B9:F9:C4:19,ClickShare-Zimmer3.4,47.18088531,8.45758533,24:B2:B9,40,wpa2,2026-07-11T09:00:00.000Z,2026-07-31T12:00:00.000Z,Cham,Zug,CH,Schulhausstrasse,6330
24:B2:B9:F9:C4:39,ClickShare-VWG Büro 0211.00,47.16061401,8.51593685,24:B2:B9,36,wpa2,2026-07-02T08:00:00.000Z,2026-07-02T02:00:00.000Z,,Zug,CH,Athene,6317
24:B2:B9:F9:C4:AD,ClickShare-1862732500,51.48768997,6.86875677,24:B2:B9,36,wpa2,2026-08-16T14:00:00.000Z,2026-08-28T02:00:00.000Z,Oberhausen,Nordrhein-Westfalen,DE,Essener Straße,46047
24:B2:B9:F9:C4:DF,ClickShare-1862730097,41.39021683,2.13548779,24:B2:B9,36,wpa2,2026-02-26T15:00:00.000Z,2026-02-26T08:00:00.000Z,Barcelona,Catalunya,ES,Avinguda Diagonal,08008
24:B2:B9:F9:C4:EB,ClickShare Raum Fehmarn,54.46015167,9.84219551,24:B2:B9,36,wpa2,2026-07-12T15:00:00.000Z,2026-08-05T14:00:00.000Z,,Schleswig-Holstein,DE,Berliner Straße,24340
24:B2:B9:F9:C5:93,ClickShare-1862730068,48.85785294,2.34785485,24:B2:B9,36,wpa2,2026-05-15T19:00:00.000Z,2026-06-03T13:00:00.000Z,Paris,Île-de-France,FR,Boulevard de Sébastopol,75004
24:B2:B9:F9:C5:9B,ClickShare-1862730661,49.20362473,7.60480928,24:B2:B9,36,wpa2,2026-08-18T16:00:00.000Z,2026-08-18T10:00:00.000Z,,Rheinland-Pfalz,DE,Schloßstraße,66953
24:B2:B9:F9:C5:B3,ClickShare-1862730685,51.50641632,-0.14244626,24:B2:B9,36,wpa2,2026-05-18T08:00:00.000Z,2026-06-24T04:00:00.000Z,London,England,GB,Queen's Walk,W1J 8HS
24:B2:B9:F9:C5:E5,ClickShare-Barco 3,29.42640114,-98.4882431,24:B2:B9,36,wpa2,2026-08-27T04:00:00.000Z,2026-08-28T23:00:00.000Z,San Antonio,TX,US,East Houston Street,78205
24:B2:B9:F9:C5:ED,ClickShare-6.07,51.45420074,-2.58467817,24:B2:B9,36,wpa2,2026-04-20T12:00:00.000Z,2026-04-20T07:00:00.000Z,Bristol,England,GB,Narrow Plain,BS2
24:B2:B9:F9:C5:FF,,53.47817993,-2.23353267,24:B2:B9,36,wpa2,2026-05-04T10:00:00.000Z,2026-05-04T06:00:00.000Z,Manchester,England,GB,Piccadilly Plaza,M1 4AH
24:B2:B9:F9:C6:07,incs93152,47.3189621,8.55189705,24:B2:B9,36,wpa2,2026-07-01T08:00:00.000Z,2026-07-01T04:00:00.000Z,,Zürich,CH,Seestrasse,8802
24:B2:B9:F9:C6:2B,Clickshare_Opernplatz,50.11828995,8.66218185,24:B2:B9,36,wpa2,2026-07-29T06:00:00.000Z,2026-07-29T11:00:00.000Z,Frankfurt am Main,Hessen,DE,Bockenheimer Landstraße,60325
24:B2:B9:F9:C6:61,CS-Wohnplattform,47.06770706,15.43902016,24:B2:B9,36,wpa2,2026-07-07T12:00:00.000Z,2026-08-02T00:00:00.000Z,Graz,Steiermark,AT,Raubergasse,8010
24:B2:B9:F9:C6:AD,ClickShare-SiZi-Rhein,46.94573212,7.43717289,24:B2:B9,6,wep,2026-04-06T01:00:00.000Z,2026-04-07T16:00:00.000Z,Bern,Bern/Berne,CH,Monbijoustrasse,3011
24:B2:B9:F9:C6:B7,ClickShare-De Beer,51.44339371,4.92890024,24:B2:B9,36,wpa2,2026-03-08T13:00:00.000Z,2026-03-08T09:00:00.000Z,,Noord-Brabant,NL,Nieuwstraat,5111CV
24:B2:B9:F9:F3:F3,,44.6335907,-121.13128662,24:B2:B9,48,unknown,2026-03-03T10:00:00.000Z,2026-03-10T16:00:00.000Z,,OR,US,Southwest D Street,97741
24:B2:B9:FB:F5:4D,ClickShare-1862727293,59.92972946,10.70708942,24:B2:B9,36,wpa2,2026-05-26T09:00:00.000Z,2026-05-26T02:00:00.000Z,Oslo,Frogner,NO,Middelthuns gate,0369
24:B2:B9:FB:F5:B7,ClickShare-1862727612,52.43803406,4.81394625,24:B2:B9,36,wpa2,2026-07-02T12:00:00.000Z,2026-08-06T12:00:00.000Z,,Noord-Holland,NL,Provincialeweg,1506ME
24:B2:B9:FB:F6:8B,ClickShare-1862735073,47.39980316,8.6055336,24:B2:B9,36,wpa2,2026-08-21T15:00:00.000Z,2026-08-26T12:00:00.000Z,,Zürich,CH,Ringstrasse,8600
24:B2:B9:FB:F6:A9,ClickShare-V30,47.37438202,8.54623222,24:B2:B9,36,wpa2,2026-07-06T18:00:00.000Z,2026-08-20T05:00:00.000Z,Zürich,Zürich,CH,Seilergraben,8092
24:B2:B9:FB:F7:15,ClickShare-Meeting Room 1,-32.24336624,115.81420898,24:B2:B9,36,wpa2,2026-06-30T03:00:00.000Z,2026-07-02T02:00:00.000Z,,Western Australia,AU,Peel Row,6167
24:B2:B9:FB:F7:17,SIDB-ClickShare-1862732322,24.70320511,46.72228622,24:B2:B9,36,wpa2,2026-07-09T08:00:00.000Z,2026-07-09T06:00:00.000Z,الرياض,منطقة الرياض,SA,طريق صلاح الدين الأيوبي,12223
24:B2:B9:FB:F7:6D,ClickShare-P10.7,47.37422562,8.54576302,24:B2:B9,36,wpa2,2026-06-30T12:00:00.000Z,2026-06-30T05:00:00.000Z,Zürich,Zürich,CH,Bibliothekshof,
24:B2:B9:FB:F7:AB,ClickShare-1862728461,53.34297943,-6.2609272,24:B2:B9,36,wpa2,2026-03-17T15:00:00.000Z,2026-07-29T09:00:00.000Z,Dublin,Leinster,IE,Wicklow Street,D02 N262
24:B2:B9:FB:F8:23,ClickShare-SemC,47.37419891,8.54567051,24:B2:B9,36,wpa2,2026-06-30T12:00:00.000Z,2026-06-30T05:00:00.000Z,Zürich,Zürich,CH,Bibliothekshof,
24:B2:B9:FB:F8:AB,ClickShare-1862732811,35.73202896,139.72692871,24:B2:B9,36,wpa2,2026-08-10T03:00:00.000Z,2026-08-09T22:00:00.000Z,豊島区,北大塚二丁目,JP,小石川西巣鴨線,170-0004
24:B2:B9:FB:F8:CD,,52.54101562,13.40638161,24:B2:B9,36,wpa2,2026-08-02T14:00:00.000Z,2026-08-02T14:00:00.000Z,Berlin,Gleimviertel,DE,Eberswalder Straße,10437
24:B2:B9:FB:F8:D3,ClickShare-1862729741,-33.89870453,151.25395203,24:B2:B9,36,wpa2,2026-08-23T08:00:00.000Z,2026-08-23T01:00:00.000Z,,New South Wales,AU,Carrington Road,2024
24:B2:B9:FB:F8:F5,ClickShare-1862732260,38.74898148,-9.13729763,24:B2:B9,36,wpa2,2026-03-24T12:00:00.000Z,2026-03-24T05:00:00.000Z,Lisboa,Lisboa,PT,Avenida dos Estados Unidos da América,1700-307 ALVALADE
24:B2:B9:FB:F9:EB,ClickShare-EC2,43.25108719,5.38825798,24:B2:B9,36,wpa2,2026-08-13T19:00:00.000Z,2026-08-16T09:00:00.000Z,Marseille,Provence-Alpes-Côte d'Azur,FR,Avenue de Hambourg,13008
24:B2:B9:FB:F9:EF,ClickShare-1862732258,41.38476181,2.1773243,24:B2:B9,36,wpa2,2026-07-20T11:00:00.000Z,2026-07-20T15:00:00.000Z,Barcelona,Catalunya,ES,Via Laietana,08003
24:B2:B9:FB:FA:27,ClickShare-1862731162,48.77686691,8.08747196,24:B2:B9,36,wpa2,2026-04-21T06:00:00.000Z,2026-08-01T08:00:00.000Z,,Baden-Württemberg,DE,Halifax Avenue C,77836
24:B2:B9:FB:FA:45,ClickShare-Pramann,52.37715149,9.75201797,24:B2:B9,36,wpa2,2026-08-16T09:00:00.000Z,2026-08-29T18:00:00.000Z,Hannover,Niedersachsen,DE,Königstraße,30175
24:B2:B9:FB:FA:9B,ClickShare-Brilliant,52.36661911,4.88838768,24:B2:B9,40,wpa2,2026-03-26T14:00:00.000Z,2026-08-14T14:00:00.000Z,Amsterdam,Noord-Holland,NL,Koningsplein,1017AW
24:B2:B9:FB:FA:AD,ClickShare-1862727441,37.98135757,23.75596619,24:B2:B9,36,wpa2,2026-08-26T11:00:00.000Z,2026-08-27T06:00:00.000Z,Αθήνα,Αποκεντρωμένη Διοίκηση Αττικής,GR,Βασιλίσσης Σοφίας,11521
24:B2:B9:FB:FA:D7,ClickShare-Purdey-Lock,51.51324081,-0.15355051,24:B2:B9,36,wpa2,2026-08-03T14:00:00.000Z,2026-08-03T08:00:00.000Z,London,England,GB,North Audley Street,W1K 6ZD
24:B2:B9:FB:FB:61,ClickShare-AT57,49.35653305,6.13638115,24:B2:B9,36,wpa2,2026-08-19T21:00:00.000Z,2026-08-19T23:00:00.000Z,,Grand Est,FR,Route des Romains,57100
24:B2:B9:FB:FC:99,exec confroom ClickShare,33.70589066,-117.84385681,24:B2:B9,36,wpa2,2026-07-06T17:00:00.000Z,2026-07-06T11:00:00.000Z,Santa Ana,CA,US,East Dyer Road,92705
24:B2:B9:FB:FD:AF,ClickShare-Raider,32.76063538,-101.94535828,24:B2:B9,157,wpa2,2026-08-11T20:00:00.000Z,2026-08-11T14:00:00.000Z,,TX,US,Highway 87,79351
24:B2:B9:FB:FD:B3,ClickShare-Kendall,42.36351395,-71.08320618,24:B2:B9,36,wpa2,2026-06-27T23:00:00.000Z,2026-06-27T17:00:00.000Z,Cambridge,MA,US,Third Street,02142
24:B2:B9:FB:FF:89,CS-0C003A,47.20373535,-1.54636455,24:B2:B9,36,wpa2,2026-08-16T16:00:00.000Z,2026-08-17T12:00:00.000Z,Nantes,Pays de la Loire,FR,,
24:B2:B9:FC:00:8D,,47.99134445,16.22603416,24:B2:B9,36,wpa2,2026-03-19T06:00:00.000Z,2026-03-20T00:00:00.000Z,,Niederösterreich,AT,Vöslauer Straße,2500
24:B2:B9:FC:00:A5,12LPS-RemoFloor1-MR1,51.51685333,-0.14268704,24:B2:B9,36,wpa2,2026-03-26T15:00:00.000Z,2026-03-26T16:00:00.000Z,London,England,GB,Regent Street,W1
24:B2:B9:FC:00:BB,ClickShare-Sala13,41.37232208,2.07999897,24:B2:B9,36,wpa2,2026-07-19T22:00:00.000Z,2026-07-19T21:00:00.000Z,Esplugues de Llobregat,Catalunya,ES,Carrer del Gall,08950
24:B2:B9:FC:00:D5,ClickShare-1862728345,51.44975281,-2.59422851,24:B2:B9,36,wpa2,2026-07-21T20:00:00.000Z,2026-07-25T11:00:00.000Z,Bristol,England,GB,Queen Square,BS1
24:B2:B9:FC:01:2F,ClickShare-sdr,43.25088501,5.38829041,24:B2:B9,36,wpa2,2026-08-13T19:00:00.000Z,2026-08-16T09:00:00.000Z,Marseille,Provence-Alpes-Côte d'Azur,FR,Avenue de Hambourg,13008
24:B2:B9:FC:01:AF,ClickShare-1862732154,50.41442871,14.90158939,24:B2:B9,36,wpa2,2026-08-16T14:00:00.000Z,2026-08-16T14:00:00.000Z,Mladá Boleslav,Střední Čechy,CZ,Vodkova,29301
24:B2:B9:FC:01:B3,ClickShare-1862732291,38.74919128,-9.1376276,24:B2:B9,36,wpa2,2026-03-24T12:00:00.000Z,2026-06-04T07:00:00.000Z,Lisboa,Lisboa,PT,Avenida dos Estados Unidos da América,1700-334 SÃO JOÃO DE BRITO
24:B2:B9:FC:01:CB,ClickShare 2nd Floor,43.07667923,-86.19732666,24:B2:B9,36,wpa2,2026-03-29T15:00:00.000Z,2026-04-15T16:00:00.000Z,,MI,US,West Savidge Street,49456
24:B2:B9:FC:01:E5,ClickShare-1862731138,34.04985809,-118.46025848,24:B2:B9,36,wpa2,2026-04-29T00:00:00.000Z,2026-08-29T17:00:00.000Z,Los Angeles,CA,US,Wilshire Boulevard,90025
24:B2:B9:FC:02:59,ClickShare-DHG,47.43314743,8.56530666,24:B2:B9,36,wpa2,2026-06-20T16:00:00.000Z,2026-06-20T16:00:00.000Z,,Zürich,CH,Schaffhauserstrasse,8152
24:B2:B9:FC:02:AB,ClickShare-ClosedOff,52.36651993,4.88829517,24:B2:B9,40,wpa2,2026-07-26T15:00:00.000Z,2026-08-10T07:00:00.000Z,Amsterdam,Noord-Holland,NL,Herengracht,1017BZ
24:B2:B9:FC:02:DB,ClickShare-Boardroom-1208,30.54469299,-92.81238556,24:B2:B9,36,wpa2,2026-07-11T02:00:00.000Z,2026-08-12T12:00:00.000Z,,LA,US,Coushatta Drive,
24:B2:B9:FC:03:25,ClickShare-1863095095,27.97657967,-82.33513641,24:B2:B9,36,wpa2,2026-08-20T12:00:00.000Z,2026-08-20T10:00:00.000Z,,FL,US,North Falkenburg Road,33610
24:B2:B9:FC:03:47,RAUM.ST.449,48.77058411,9.18011761,24:B2:B9,36,wpa2,2026-06-14T16:00:00.000Z,2026-06-14T19:00:00.000Z,Stuttgart,Baden-Württemberg,DE,Wilhelmstraße,70182
24:B2:B9:FC:03:55,Appleton office,44.29763794,-88.30367279,24:B2:B9,36,wpa2,2026-07-24T03:00:00.000Z,2026-08-20T04:00:00.000Z,,WI,US,I 41;US 41,54140
24:B2:B9:FC:03:61,12LPS-RemoFloor4-MR1,51.51657104,-0.14253625,24:B2:B9,36,wpa2,2026-05-18T17:00:00.000Z,2026-05-18T11:00:00.000Z,London,England,GB,Regent Street,W1
24:B2:B9:FC:04:0F,ClickShare-Innovation,38.8053894,-77.06032562,24:B2:B9,36,wpa2,2026-06-01T12:00:00.000Z,2026-08-11T16:00:00.000Z,Alexandria,VA,US,Reinekers Lane,22314
24:B2:B9:FC:04:ED,ClickShare-1863095002,41.94441986,-86.56243134,24:B2:B9,36,wpa2,2026-07-28T23:00:00.000Z,2026-07-30T05:00:00.000Z,,MI,US,Red Arrow Highway,49106
24:B2:B9:FC:05:59,ClickShare-CHAMBER-5089,32.76576614,-117.16284943,24:B2:B9,5,wpa2,2026-07-02T19:00:00.000Z,2026-07-22T17:00:00.000Z,San Diego,CA,US,Cabrillo Freeway,92103
24:B2:B9:FC:05:B5,ClickShare-1863094633,41.88681412,-87.62852478,24:B2:B9,36,wpa2,2026-07-31T15:00:00.000Z,2026-08-09T09:00:00.000Z,Chicago,IL,US,West Upper Wacker Drive,60601
24:B2:B9:FC:05:CF,ClickShare-VDC Marketing,37.78409576,-122.3986969,24:B2:B9,165,wpa2,2026-08-28T02:00:00.000Z,2026-08-27T23:00:00.000Z,San Francisco,CA,US,Folsom Street,94105
24:B2:B9:FC:06:6D,ClickShare-RDJ-SDR-2,48.88619995,2.37060523,24:B2:B9,40,wpa2,2026-04-11T14:00:00.000Z,2026-04-22T13:00:00.000Z,Paris,Île-de-France,FR,Avenue de Flandre,75019
24:B2:B9:FC:07:97,ClickShare-1862728752,47.32764816,5.0484271,24:B2:B9,36,wpa2,2026-05-16T15:00:00.000Z,2026-07-01T20:00:00.000Z,Dijon,Bourgogne-Franche-Comté,FR,Boulevard Georges Clemenceau,21000
24:B2:B9:FC:07:AB,Jubilee House 107,51.15982056,-0.17567681,24:B2:B9,36,wpa2,2026-07-27T13:00:00.000Z,2026-07-27T08:00:00.000Z,,England,GB,Furlong Way,RH6 0NP
24:B2:B9:FC:07:C5,ClickShare-1862727423,37.98121262,23.75600624,24:B2:B9,36,wpa2,2026-08-24T04:00:00.000Z,2026-08-27T06:00:00.000Z,Αθήνα,Αποκεντρωμένη Διοίκηση Αττικής,GR,Λάμψακου,11528
24:B2:B9:FC:08:57,ClickShare-1862728300,55.67778015,12.60208893,24:B2:B9,36,wpa2,2026-03-09T12:00:00.000Z,2026-06-27T08:00:00.000Z,København,Region Hovedstaden,DK,Danneskiold-Samsøes Allé,1434
24:B2:B9:FC:08:59,ClickShare-MeetingRoom3,52.6909523,-2.03338814,24:B2:B9,36,wpa2,2026-07-22T04:00:00.000Z,2026-07-21T22:00:00.000Z,Cannock Chase,England,GB,Park Road,WS11 1BE
24:B2:B9:FC:09:67,ClickShare-1863095347,37.44354248,-122.16394043,24:B2:B9,36,wpa2,2026-07-21T20:00:00.000Z,2026-08-30T12:00:00.000Z,Palo Alto,CA,US,University Avenue,94301
24:B2:B9:FC:09:9F,ClickShare-L&D,36.12092209,-96.00767517,24:B2:B9,36,wpa2,2026-08-13T20:00:00.000Z,2026-08-14T11:00:00.000Z,Tulsa,OK,US,Southwest Boulevard,74107
24:B2:B9:FC:09:D9,Indy Dunes Clickshare,39.71242523,-86.06578827,24:B2:B9,36,wpa2,2026-07-19T02:00:00.000Z,2026-08-04T12:00:00.000Z,,IN,US,Churchman Bypass,46203
24:B2:B9:FC:0A:2B,ClickShare-1863095208,38.59235382,-121.54680634,24:B2:B9,36,wpa2,2026-06-12T23:00:00.000Z,2026-08-31T03:00:00.000Z,,CA,US,Kovr Drive,95605
24:B2:B9:FC:0A:6B,ClickShare-1863094548,41.88053894,-87.63513184,24:B2:B9,36,wpa2,2026-07-27T02:00:00.000Z,2026-08-07T17:00:00.000Z,Chicago,IL,US,West Monroe Street,60606
24:B2:B9:FC:0A:81,GCIC3104_ClickShare,41.4995575,-81.6183548,24:B2:B9,149,wpa2,2026-07-20T20:00:00.000Z,2026-07-24T12:00:00.000Z,Cleveland,OH,US,Euclid Avenue,44195
24:B2:B9:FC:0A:83,ClickShare-1863095003,40.72402954,-73.9972229,24:B2:B9,36,wpa2,2026-08-14T19:00:00.000Z,2026-08-28T18:00:00.000Z,City of New York,NY,US,Prince Street,10012
24:B2:B9:FC:0A:D3,ClickShare-1863095376,29.84202576,-95.56423187,24:B2:B9,36,wpa2,2026-08-29T14:00:00.000Z,2026-08-29T11:00:00.000Z,Houston,TX,US,West Sam Houston Parkway North,77043
24:B2:B9:FC:0D:4D,ClickShare-1863095074,40.76989365,-73.96695709,24:B2:B9,36,wpa2,2026-03-23T16:00:00.000Z,2026-06-08T13:00:00.000Z,City of New York,NY,US,East 69th Street,10021
24:B2:B9:FC:0F:5F,Cardinal-Clickshare,36.12120056,-96.00762177,24:B2:B9,36,wpa2,2026-08-13T20:00:00.000Z,2026-08-14T11:00:00.000Z,Tulsa,OK,US,Southwest Boulevard,74107
24:B2:B9:FC:11:21,Besprechungszimmer,47.07236481,15.44173813,24:B2:B9,36,wpa2,2026-07-23T17:00:00.000Z,2026-07-25T09:00:00.000Z,Graz,Steiermark,AT,Hofgasse,8010
24:B2:B9:FC:11:25,ClickShare-AWO,51.31520081,9.47319508,24:B2:B9,36,wpa2,2026-03-22T19:00:00.000Z,2026-03-22T12:00:00.000Z,Kassel,Hessen,DE,Querallee,34119
24:B2:B9:FC:C7:EB,ClickShare-1862731561,48.55437469,2.6713891,24:B2:B9,36,wpa2,2026-08-14T13:00:00.000Z,2026-08-14T06:00:00.000Z,,Île-de-France,FR,Rue Saint-Nicolas,77950
24:B2:B9:FC:C8:2D,ClickShare-1862728096,44.82279205,-0.55904293,24:B2:B9,36,wpa2,2026-07-14T10:00:00.000Z,2026-07-14T07:00:00.000Z,Bordeaux,Nouvelle-Aquitaine,FR,Rue Amédée Saint-Germain,33800
24:B2:B9:FC:C8:2F,ClickShare-1862728094,48.8801651,2.49313569,24:B2:B9,36,wpa2,2026-04-29T14:00:00.000Z,2026-08-17T03:00:00.000Z,,Île-de-France,FR,,77470
24:B2:B9:FC:C8:6D,12LPS-RemoFloor5-MR1,51.51672363,-0.14264746,24:B2:B9,36,wpa2,2026-08-18T20:00:00.000Z,2026-08-21T13:00:00.000Z,London,England,GB,Regent Street,W1
24:B2:B9:FC:C8:79,ClickShare-1862728595,52.17584991,5.41194487,24:B2:B9,36,wpa2,2026-07-08T14:00:00.000Z,2026-07-08T22:00:00.000Z,Amersfoort,Utrecht,NL,Rondweg-Oost,3821AE
24:B2:B9:FC:C9:BF,ClickShare-1862728654-Marketing,52.17605591,5.41099167,24:B2:B9,36,wpa2,2026-05-01T18:00:00.000Z,2026-05-01T11:00:00.000Z,Amersfoort,Utrecht,NL,Computerweg,3821AB
24:B2:B9:FC:CA:AB,ClickShare-EventSpace,60.17199707,24.93757439,24:B2:B9,36,wpa2,2026-06-25T09:00:00.000Z,2026-06-26T10:00:00.000Z,Helsinki,Manner-Suomi,FI,Mannerheimin aukio,00099
24:B2:B9:FC:CA:C1,ClickShare-1862727368,60.16896439,24.94682503,24:B2:B9,36,wpa2,2026-06-10T19:00:00.000Z,2026-06-19T10:00:00.000Z,Helsinki,Manner-Suomi,FI,Aleksanterinkatu,00100
24:B2:B9:FC:CA:D7,ClickShare-1862727740,55.62711334,12.64522171,24:B2:B9,36,wpa2,2026-07-29T03:00:00.000Z,2026-07-29T10:00:00.000Z,,Region Hovedstaden,DK,Handlingvej B-Vest,2770
24:B2:B9:FC:CC:0F,ClickShare-1862731449,53.13935089,8.21225166,24:B2:B9,36,wpa2,2026-08-23T15:00:00.000Z,2026-08-23T09:00:00.000Z,,Niedersachsen,DE,Nikolaigang,26122
24:B2:B9:FC:CE:1F,ClickShare-1862731245,51.27149963,5.07693148,24:B2:B9,36,wpa2,2026-07-08T07:00:00.000Z,2026-07-08T05:00:00.000Z,,Antwerpen,BE,Turnhoutsebaan,2470
24:B2:B9:FC:CE:DF,ClickShare-1862730298,55.95351028,-3.19724941,24:B2:B9,36,wpa2,2026-04-04T11:00:00.000Z,2026-08-24T13:00:00.000Z,City of Edinburgh,Alba / Scotland,GB,George Street,EH2 2DX
24:B2:B9:FC:CF:9B,ClickShare-LearningHub,52.33862686,-1.52827895,24:B2:B9,40,wpa2,2026-07-02T13:00:00.000Z,2026-07-02T22:00:00.000Z,Warwick,England,GB,8th Street,CV8
24:B2:B9:FC:CF:E7,ClickShare-1862728355,51.69995499,8.73959446,24:B2:B9,1,wpa2,2026-03-17T08:00:00.000Z,2026-03-17T05:00:00.000Z,Paderborn,Nordrhein-Westfalen,DE,Borchener Straße,33106
24:B2:B9:FC:D0:0F,ClickShare-1862728466,53.5582695,9.93195724,24:B2:B9,36,wpa2,2026-06-01T20:00:00.000Z,2026-06-03T03:00:00.000Z,Hamburg,Ottensen,DE,Gaußstraße,22765
24:B2:B9:FC:D0:17,12LPS-RemoFloor5-MR2,51.51682663,-0.14263651,24:B2:B9,36,wpa2,2026-05-18T17:00:00.000Z,2026-05-18T11:00:00.000Z,London,England,GB,Regent Street,W1
24:B2:B9:FC:D0:75,ClickShare-B2 Vleugel1 ,52.38486099,4.83721781,24:B2:B9,36,wpa2,2026-08-10T23:00:00.000Z,2026-08-10T18:00:00.000Z,Amsterdam,Noord-Holland,NL,Haarlemmerweg,1063CE
24:B2:B9:FC:D0:85,ClickShare-Vergaderzaal,51.31568909,3.13029981,24:B2:B9,36,wpa2,2026-08-07T14:00:00.000Z,2026-08-07T12:00:00.000Z,,West-Vlaanderen,BE,Albertstraat,8370
24:B2:B9:FC:D0:87,ClickShare-1862728675,59.86014938,17.64124107,24:B2:B9,36,wpa2,2026-05-27T20:00:00.000Z,2026-05-27T13:00:00.000Z,Uppsala,Uppsala län,SE,Kungsgatan,75321
24:B2:B9:FC:D0:8B,ClickShare-Franciskaner,51.58729172,4.77326727,24:B2:B9,36,wpa2,2026-05-15T15:00:00.000Z,2026-05-15T14:00:00.000Z,Breda,Noord-Brabant,NL,Minderbroedersstraat,4811LX
24:B2:B9:FC:D0:9F,ClickShare-Eaudazur-CFI-2,43.67564011,7.22821951,24:B2:B9,36,wpa2,2026-07-23T15:00:00.000Z,2026-07-23T15:00:00.000Z,Nice,Provence-Alpes-Côte d'Azur,FR,Promenade des Anglais,06282
24:B2:B9:FC:D1:47,ClickShare-1862729441,-21.19152832,149.14990234,24:B2:B9,36,wpa2,2026-08-07T04:00:00.000Z,2026-08-08T05:00:00.000Z,,Queensland,AU,Bruce Highway,
24:B2:B9:FC:D1:69,ClickShare-Gym,25.03172684,121.561203,24:B2:B9,36,wpa2,2026-01-01T12:00:00.000Z,2026-01-01T07:00:00.000Z,臺北市,臺北市,TW,莊敬路,110
24:B2:B9:FC:D4:A9,APPUI,48.83874512,2.30311179,24:B2:B9,36,wpa2,2026-08-21T12:00:00.000Z,2026-08-28T14:00:00.000Z,Paris,Île-de-France,FR,Rue Bourseul,75015
24:B2:B9:FC:D5:B5,ClickShare-SiZi-Fiducia,47.50520706,8.72542191,24:B2:B9,36,wpa2,2026-03-16T06:00:00.000Z,2026-03-21T12:00:00.000Z,Winterthur,Zürich,CH,Brunngasse,8401
24:B2:B9:FC:D6:CB,ClickShare-1862728647-Berkhoven,52.17629242,5.41186953,24:B2:B9,36,wpa2,2026-05-01T18:00:00.000Z,2026-05-01T11:00:00.000Z,Amersfoort,Utrecht,NL,Computerweg,3821AB
24:B2:B9:FC:D7:8F,ClickShare-Parool Theater,52.35306549,4.91295385,24:B2:B9,36,wpa2,2026-07-18T13:00:00.000Z,2026-08-24T17:00:00.000Z,Amsterdam,Noord-Holland,NL,Wibautstraat,1091GS
24:B2:B9:FC:D7:CD,ClickShare-1862728213,43.2936058,5.37830496,24:B2:B9,36,wpa2,2026-06-15T17:00:00.000Z,2026-07-26T14:00:00.000Z,Marseille,Provence-Alpes-Côte d'Azur,FR,Rue Francis Davso,13001
24:B2:B9:FC:D7:D1,cpm06lounge,48.83815765,2.31780195,24:B2:B9,1,wpa2,2026-08-18T14:00:00.000Z,2026-08-18T08:00:00.000Z,Paris,Île-de-France,FR,Place des Cinq Martyrs du Lycée Buffon,75014
24:B2:B9:FC:D7:E7,clickshare Ožujsko,45.81240845,15.9467392,24:B2:B9,36,wpa2,2026-05-01T12:00:00.000Z,2026-05-04T12:00:00.000Z,Zagreb,"Mjesni odbor ""Ban Keglević""",HR,Ilica,10109
24:B2:B9:FC:D8:37,Jubilee House 106,51.15982056,-0.17567681,24:B2:B9,36,wpa2,2026-07-27T13:00:00.000Z,2026-07-27T08:00:00.000Z,,England,GB,Furlong Way,RH6 0NP
24:B2:B9:FC:D8:4F,,46.68063736,7.84300709,24:B2:B9,36,wpa2,2026-03-04T17:00:00.000Z,2026-03-04T12:00:00.000Z,,Bern/Berne,CH,Weissenaustrasse,3800
24:B2:B9:FC:D8:5F,ClickShare-1862727358,60.16907501,24.94007301,24:B2:B9,36,wpa2,2026-05-09T12:00:00.000Z,2026-08-24T19:00:00.000Z,Helsinki,Manner-Suomi,FI,Ylioppilasaukio,00100
24:B2:B9:FC:D8:8D,ClickShare-1862729735,-37.86917877,144.75598145,24:B2:B9,36,wpa2,2026-06-16T03:00:00.000Z,2026-06-16T00:00:00.000Z,Melbourne,Victoria,AU,Aviation Road Offramp,3028
24:B2:B9:FC:D8:F5,GAT8FClickShare,35.70140839,139.74943542,24:B2:B9,36,wpa2,2026-08-25T13:00:00.000Z,2026-08-27T06:00:00.000Z,千代田区,飯田橋三丁目,JP,,102-0072
24:B2:B9:FC:D9:A3,ClickShare-1862728083,48.83927155,2.37518668,24:B2:B9,36,wpa2,2026-07-20T16:00:00.000Z,2026-08-01T08:00:00.000Z,Paris,Île-de-France,FR,Quai de la Rapée,75012
24:B2:B9:FC:D9:BF,ClickShare-1862727563,50.48141479,9.73419857,24:B2:B9,36,wpa2,2026-07-08T07:00:00.000Z,2026-07-08T05:00:00.000Z,,Hessen,DE,Bürgermeister-Ebert-Straße,36124
24:B2:B9:FC:D9:CB,ClickShare-C0.05,52.3860817,4.83691931,24:B2:B9,36,wpa2,2026-05-12T08:00:00.000Z,2026-07-20T11:00:00.000Z,Amsterdam,Noord-Holland,NL,Arlandaweg,1043EW
24:B2:B9:FC:DA:67,ClickShare-Colombiad,47.25574875,-1.51092958,24:B2:B9,1,wpa2,2026-07-22T07:00:00.000Z,2026-08-28T10:00:00.000Z,Nantes,Pays de la Loire,FR,Route de Paris,44477
24:B2:B9:FC:DB:2D,ClickShare-1862727950,47.21743774,-1.56805956,24:B2:B9,36,wpa2,2026-04-18T16:00:00.000Z,2026-05-21T10:00:00.000Z,Nantes,Pays de la Loire,FR,Boulevard Gabriel Guist'Hau,44093
24:B2:B9:FC:DB:3D,ClickShare-REGGEBORGH,51.5136528,-0.11753853,24:B2:B9,36,wpa2,2026-02-28T14:00:00.000Z,2026-03-03T04:00:00.000Z,London,England,GB,Kingsway,WC2
24:B2:B9:FC:DB:CD,ClickShare-Havenzicht,51.90971756,4.4101162,24:B2:B9,36,wpa2,2026-08-07T12:00:00.000Z,2026-08-07T07:00:00.000Z,,Zuid-Holland,NL,Nieuw-Mathenesserstraat,3113AE
24:B2:B9:FC:DC:03,ClickShare-FB-Analyse,47.21059799,7.53726768,24:B2:B9,36,wpa2,2026-06-03T08:00:00.000Z,2026-07-05T10:00:00.000Z,,Solothurn,CH,Werkhofstrasse,4502
24:B2:B9:FC:DC:99,ClickShare-RDJ-Espace-Projet,48.88619995,2.37060523,24:B2:B9,36,wpa2,2026-04-11T14:00:00.000Z,2026-04-22T13:00:00.000Z,Paris,Île-de-France,FR,Avenue de Flandre,75019
24:B2:B9:FC:DC:A7,ClickShare-C0.16,52.38594818,4.83618116,24:B2:B9,36,wpa2,2026-07-20T15:00:00.000Z,2026-07-20T11:00:00.000Z,Amsterdam,Noord-Holland,NL,Arlandaweg,1043EW
24:B2:B9:FC:DC:FB,ClickShare-Princess,52.3666687,4.8884058,24:B2:B9,44,wpa2,2026-07-31T07:00:00.000Z,2026-08-06T06:00:00.000Z,Amsterdam,Noord-Holland,NL,Koningsplein,1017AW
24:B2:B9:FC:DD:01,ClickShare-1862727642,51.51618576,-0.142294,24:B2:B9,36,wpa2,2026-03-05T13:00:00.000Z,2026-08-23T05:00:00.000Z,London,England,GB,Regent Street,W1B 2HB
24:B2:B9:FC:DD:55,ClickShare-1.051,51.64160919,5.94090414,24:B2:B9,36,wpa2,2026-08-24T17:00:00.000Z,2026-08-24T08:00:00.000Z,,Noord-Brabant,NL,Wim de Korverstraat,5831AN
24:B2:B9:FC:DD:65,ClickShare-1862729478,-21.19113541,149.14996338,24:B2:B9,36,wpa2,2026-08-07T04:00:00.000Z,2026-08-08T05:00:00.000Z,,Queensland,AU,Bruce Highway,
24:B2:B9:FC:DD:75,ClickShare-1862727041,47.21457672,-1.56755376,24:B2:B9,36,wpa2,2026-07-10T15:00:00.000Z,2026-08-20T16:00:00.000Z,Nantes,Pays de la Loire,FR,Place de l'Édit de Nantes,44003
24:B2:B9:FC:DD:BF,ClickShare-Mercator,50.84621048,4.39246845,24:B2:B9,36,wpa2,2026-02-21T18:00:00.000Z,2026-08-25T02:00:00.000Z,,Région de Bruxelles-Capitale - Brussels Hoofdstedelijk Gewest,BE,Rue Charles Quint - Keizer Karelstraat,1000
24:B2:B9:FC:DD:ED,ClickShare-1862728045,48.14308167,11.57479382,24:B2:B9,36,wpa2,2026-08-13T15:00:00.000Z,2026-08-13T12:00:00.000Z,München,Bayern,DE,Brienner Straße,80333
24:B2:B9:FC:DF:05,ClickShare-1862729512,-16.93292427,145.75704956,24:B2:B9,36,wpa2,2026-07-04T23:00:00.000Z,2026-08-25T18:00:00.000Z,Cairns,Queensland,AU,Mulgrave Road,4870
24:B2:B9:FC:DF:B1,MOFPRO,48.83800888,2.30160546,24:B2:B9,36,wpa2,2026-08-22T14:00:00.000Z,2026-08-28T14:00:00.000Z,Paris,Île-de-France,FR,Rue Bourseul,75015
24:B2:B9:FC:DF:F1,MeetingRoom,55.6843605,12.38207722,24:B2:B9,36,wpa2,2026-04-30T20:00:00.000Z,2026-06-18T22:00:00.000Z,,Region Hovedstaden,DK,Fabriksparken,2600
24:B2:B9:FC:E1:69,ClickShare-KUG-Studiencenter,47.07217407,15.45105076,24:B2:B9,36,wpa2,2026-07-18T16:00:00.000Z,2026-07-18T09:00:00.000Z,Graz,Steiermark,AT,Leonhardstraße,8010
24:B2:B9:FE:7D:AD,Virmos Gables CR ClickShare,25.75235939,-80.25475311,24:B2:B9,36,wpa2,2026-06-28T01:00:00.000Z,2026-06-27T20:00:00.000Z,Miami,FL,US,Alhambra Plaza,33133:33134:33135
24:B2:B9:FE:80:73,ClickShare-Boardroom,34.0177002,-118.45788574,24:B2:B9,36,wpa2,2026-02-25T00:00:00.000Z,2026-08-29T17:00:00.000Z,Santa Monica,CA,US,Ocean Park Boulevard,90405
24:B2:B9:FE:81:09,Round Room ClickShare,30.36872101,-97.75463867,24:B2:B9,36,wpa2,2026-06-04T19:00:00.000Z,2026-06-04T13:00:00.000Z,Austin,TX,US,Spicewood Springs Road,78731
24:B2:B9:FE:81:AB,CHI-Click-HJ,41.88356018,-87.63893127,24:B2:B9,153,wpa2,2026-07-31T17:00:00.000Z,2026-07-31T13:00:00.000Z,Chicago,IL,US,West Washington Street,60606
24:B2:B9:FE:81:F1,ClickShare-1875522349,55.6869812,12.56615448,24:B2:B9,36,wpa2,2026-06-10T18:00:00.000Z,2026-07-26T07:00:00.000Z,København,Region Hovedstaden,DK,Søtorvet,1371
24:B2:B9:FE:81:F3,ClickShare-Massalia,43.29051971,5.37793064,24:B2:B9,36,wpa2,2026-06-20T12:00:00.000Z,2026-08-28T16:00:00.000Z,Marseille,Provence-Alpes-Côte d'Azur,FR,Cours Pierre Puget,13006
24:B2:B9:FE:82:35,ClickShare-1875593860,40.67284393,-73.96795654,24:B2:B9,36,wpa2,2026-08-09T03:00:00.000Z,2026-08-29T23:00:00.000Z,City of New York,NY,US,Eastern Parkway South Sidewalk,11238
24:B2:B9:FE:82:61,ClickShare-Conf-Room,40.74713135,-73.99693298,24:B2:B9,36,wpa2,2026-08-22T21:00:00.000Z,2026-08-22T16:00:00.000Z,City of New York,NY,US,West 26th Street,10001
24:B2:B9:FE:82:63,,41.88337326,-87.63652039,24:B2:B9,36,wpa2,2026-06-01T13:00:00.000Z,2026-08-09T22:00:00.000Z,Chicago,IL,US,West Court Place,60606
24:B2:B9:FE:83:0D,Maple Conference Room,40.75297546,-73.97776794,24:B2:B9,44,wpa2,2026-08-15T13:00:00.000Z,2026-08-15T17:00:00.000Z,City of New York,NY,US,East 42nd Street,10017
24:B2:B9:FE:84:A3,Small Conference Clickshare,32.84871674,-96.77085876,24:B2:B9,36,wpa2,2026-08-13T12:00:00.000Z,2026-08-26T06:00:00.000Z,Dallas,TX,US,Milton Street,75206
24:B2:B9:FE:84:CF,Big Conference Clickshare,32.84871292,-96.77072906,24:B2:B9,36,wpa2,2026-08-14T12:00:00.000Z,2026-08-26T06:00:00.000Z,Dallas,TX,US,Milton Street,75206
24:B2:B9:FE:84:FF,ClickShare-1875593526,38.58026886,-121.49498749,24:B2:B9,36,wpa2,2026-08-23T18:00:00.000Z,2026-08-23T16:00:00.000Z,Sacramento,CA,US,9th Street,95814
24:B2:B9:FE:85:19,ClickShare-1875522878,38.9090538,-77.04374695,24:B2:B9,36,wpa2,2026-05-24T14:00:00.000Z,2026-08-29T23:00:00.000Z,Washington,DC,US,Dupont Circle Northwest,20036
24:B2:B9:FE:85:ED,,41.88305664,-87.6370163,24:B2:B9,36,wpa2,2026-06-06T17:00:00.000Z,2026-07-12T01:00:00.000Z,Chicago,IL,US,North Lower Wacker Drive,60606
24:B2:B9:FE:86:0B,ClickShare-1875522468,55.71117783,9.5296278,24:B2:B9,36,wpa2,2026-06-27T03:00:00.000Z,2026-06-26T21:00:00.000Z,Vejle,Region Syddanmark,DK,Ydunsgade,7100
24:B2:B9:FE:86:3D,ClickShare-1875593172,39.10797119,-84.50927734,24:B2:B9,36,wpa2,2026-08-20T21:00:00.000Z,2026-08-20T23:00:00.000Z,Cincinnati,OH,US,East Central Parkway,45202
24:B2:B9:FE:86:57,Salle événementielle,40.75827789,-73.98026276,24:B2:B9,36,wpa2,2026-06-29T19:00:00.000Z,2026-08-26T20:00:00.000Z,City of New York,NY,US,Rockefeller Plaza,10111
24:B2:B9:FE:86:DD,ClickShare-231400,56.87521744,14.80924797,24:B2:B9,36,wpa2,2026-06-05T11:00:00.000Z,2026-06-15T01:00:00.000Z,Växjö,Kronobergs län,SE,Södra Järnvägsgatan,352 34
24:B2:B9:FE:87:6F,ClickShare-1875593206,38.89756393,-77.03192139,24:B2:B9,36,wpa2,2026-06-08T19:00:00.000Z,2026-06-12T06:00:00.000Z,Washington,DC,US,14th Street Northwest,20005
24:B2:B9:FE:87:71,ClickShare-1875522649,52.26213837,10.52887344,24:B2:B9,36,wpa2,2026-06-01T08:00:00.000Z,2026-06-01T13:00:00.000Z,Braunschweig,Niedersachsen,DE,Magnikirchstraße,38100
24:B2:B9:FE:87:87,ClickShare-1875593163,47.24705124,-122.35697174,24:B2:B9,36,wpa2,2026-05-15T06:00:00.000Z,2026-05-14T23:00:00.000Z,,WA,US,54th Avenue East,98424-1915
24:B2:B9:FE:88:25,ClickShare-1875593946,40.67281723,-73.9679184,24:B2:B9,36,wpa2,2026-08-09T03:00:00.000Z,2026-08-29T23:00:00.000Z,City of New York,NY,US,Eastern Parkway South Sidewalk,11238
24:B2:B9:FE:88:E5,ClickShare-1875593789,34.04363632,-118.46800232,24:B2:B9,36,wpa2,2026-08-03T03:00:00.000Z,2026-08-20T05:00:00.000Z,Los Angeles,CA,US,Wilshire Boulevard,90025
24:B2:B9:FE:89:8D,,38.54107285,-91.00618744,24:B2:B9,36,wpa2,2026-07-01T22:00:00.000Z,2026-07-01T15:00:00.000Z,,MO,US,Heritage Hills Drive,63090
24:B2:B9:FE:89:8F,ClickShare-1875523298,3.06532073,101.60501862,24:B2:B9,36,wpa2,2026-02-15T03:00:00.000Z,2026-02-14T21:00:00.000Z,Subang Jaya,Selangor,MY,Jalan Lagoon Selatan,41100
24:B2:B9:FE:89:93,HACH Boardroom ClickShare,30.28145599,-97.71089935,24:B2:B9,36,wpa2,2026-07-17T23:00:00.000Z,2026-07-17T23:00:00.000Z,Austin,TX,US,East Martin Luther King Jr Boulevard,78702
24:B2:B9:FE:89:C9,ClickShare-1875593384,39.85779572,-84.96393585,24:B2:B9,36,wpa2,2026-07-02T01:00:00.000Z,2026-08-28T09:00:00.000Z,,IN,US,West Industries Road,47392
24:B2:B9:FE:8A:E1,ClickShare-1875522791,25.04925156,121.54615021,24:B2:B9,36,wpa2,2026-01-29T04:00:00.000Z,2026-01-29T00:00:00.000Z,,臺北市,TW,敦化北路4巷25弄,10552
24:B2:B9:FE:8B:93,,41.84849167,-87.99145508,24:B2:B9,149,wpa2,2026-06-05T22:00:00.000Z,2026-06-06T01:00:00.000Z,,IL,US,South Meyers Road,60148
24:B2:B9:FE:8C:4F,ClickShare-1875522938,36.04229736,-79.01578522,24:B2:B9,36,wpa2,2026-08-06T15:00:00.000Z,2026-08-13T04:00:00.000Z,Durham,NC,US,US 70,27705
24:B2:B9:FE:8C:A7,ClickShare-Glasburet,55.68405533,12.5900507,24:B2:B9,36,wpa2,2026-06-11T06:00:00.000Z,2026-08-17T02:00:00.000Z,København,Region Hovedstaden,DK,Bredgade,1260
24:B2:B9:FE:8C:C7,ClickShare-1875522981,36.14376831,-86.7336731,24:B2:B9,36,wpa2,2026-07-21T20:00:00.000Z,2026-08-22T23:00:00.000Z,Nashville-Davidson,TN,US,Elm Hill Pike,37210
24:B2:B9:FE:8E:97,ClickShare-1875593347,41.28538895,-72.68286133,24:B2:B9,1,wpa2,2026-07-15T21:00:00.000Z,2026-07-15T16:00:00.000Z,,CT,US,Church Street,06437
24:B2:B9:FE:8E:D9,ClickShare-1875593191,41.52543259,-74.23600006,24:B2:B9,36,wpa2,2026-08-02T17:00:00.000Z,2026-08-02T13:00:00.000Z,,NY,US,Charles Street,12549
24:B2:B9:FF:0E:AF,ClickShare-M45,60.17560577,24.80406189,24:B2:B9,36,wpa2,2026-05-12T13:00:00.000Z,2026-08-24T11:00:00.000Z,Espoo,Manner-Suomi,FI,Tapionaukio,02100
24:B2:B9:FF:0E:FD,ClickShare-1862736302,55.68047714,12.37469196,24:B2:B9,36,wpa2,2026-05-07T14:00:00.000Z,2026-05-12T12:00:00.000Z,,Region Hovedstaden,DK,Formervangen,2600
24:B2:B9:FF:0F:63,ClickShare-1862736204,51.51672745,-0.14676748,24:B2:B9,36,wpa2,2026-05-14T11:00:00.000Z,2026-08-23T05:00:00.000Z,London,England,GB,Wigmore Place,W1G 8GP
24:B2:B9:FF:0F:F3,ClickShare-1862738606,43.30521393,5.36643744,24:B2:B9,36,wpa2,2026-07-03T11:00:00.000Z,2026-08-28T16:00:00.000Z,Marseille,Provence-Alpes-Côte d'Azur,FR,Place de la Joliette,13002
24:B2:B9:FF:11:1B,ClickShare-HIOHO,60.19012451,24.95370102,24:B2:B9,40,wpa2,2026-07-01T12:00:00.000Z,2026-07-31T08:00:00.000Z,Helsinki,Manner-Suomi,FI,Aleksis Kiven katu,00510
24:B2:B9:FF:11:71,ClickShare-1862735224,51.21091843,4.40984154,24:B2:B9,36,wpa2,2026-05-20T17:00:00.000Z,2026-05-25T09:00:00.000Z,,Antwerpen,BE,Van Breestraat,2018
24:B2:B9:FF:11:A5,ClickShare-Grenache,48.83647156,2.25262189,24:B2:B9,40,wpa2,2026-06-14T19:00:00.000Z,2026-06-14T18:00:00.000Z,Boulogne-Billancourt,Île-de-France,FR,Avenue Édouard Vaillant,92100
24:B2:B9:FF:11:A9,ClickShare-1862736111,51.25835419,6.39019537,24:B2:B9,36,wpa2,2026-07-09T16:00:00.000Z,2026-07-13T11:00:00.000Z,,Nordrhein-Westfalen,DE,Rathausmarkt,41747
24:B2:B9:FF:17:07,ClickShare-Tekton,47.3672905,8.5340538,24:B2:B9,36,wpa2,2026-08-12T12:00:00.000Z,2026-08-12T08:00:00.000Z,Zürich,Zürich,CH,Bleicherweg,8002
24:B2:B9:FF:17:0B,ClickShare-1862738098,49.32347107,7.34637165,24:B2:B9,36,wpa2,2026-08-07T17:00:00.000Z,2026-08-07T11:00:00.000Z,Homburg,Saarland,DE,Karlsbergstraße,66424
24:B2:B9:FF:17:B1,ClickShare-1889160370,43.71748734,-87.75370026,24:B2:B9,36,wpa2,2026-07-22T13:00:00.000Z,2026-07-25T07:00:00.000Z,Sheboygan,WI,US,State Highway 28,53081
24:B2:B9:FF:17:BD,Small Conf Rm,38.90576935,-77.04116058,24:B2:B9,36,wpa2,2026-06-05T15:00:00.000Z,2026-08-25T08:00:00.000Z,Washington,DC,US,Connecticut Avenue Northwest,20036
24:B2:B9:FF:18:75,ClickShare-Opus4Boardroom,53.47080231,-2.26204586,24:B2:B9,36,wpa2,2026-07-13T17:00:00.000Z,2026-08-07T14:00:00.000Z,Manchester,England,GB,Chester Road,M15 4EY
24:B2:B9:FF:1A:DD,ClickShare-1862738927,-37.814991,144.96801758,24:B2:B9,36,wpa2,2026-05-14T14:00:00.000Z,2026-08-09T00:00:00.000Z,Melbourne,Victoria,AU,Collins Street,3000
24:B2:B9:FF:1B:AF,Salle-602,48.85811615,2.34720063,24:B2:B9,36,wpa2,2026-05-15T07:00:00.000Z,2026-05-15T00:00:00.000Z,Paris,Île-de-France,FR,Rue Saint-Denis,75001
24:B2:B9:FF:1C:0F,,3.06508613,101.60112762,24:B2:B9,36,wpa2,2026-02-15T02:00:00.000Z,2026-06-30T07:00:00.000Z,Subang Jaya,Selangor,MY,Canopy Walk,41100
24:B2:B9:FF:1C:5B,,38.64477539,-90.26147461,24:B2:B9,36,wpa2,2026-08-25T20:00:00.000Z,2026-08-25T14:00:00.000Z,Saint Louis,MO,US,North Euclid Avenue,63108
24:B2:B9:FF:1C:6F,ClickShare-1862735334,51.51184845,-0.14588477,24:B2:B9,36,wpa2,2026-06-20T14:00:00.000Z,2026-06-20T14:00:00.000Z,London,England,GB,Grosvenor Street,W1K 4PT
24:B2:B9:FF:1C:73,,3.06464458,101.60085297,24:B2:B9,36,wpa2,2026-02-15T02:00:00.000Z,2026-08-14T22:00:00.000Z,Subang Jaya,Selangor,MY,Canopy Walk,41100
24:B2:B9:FF:1D:83,ClickShare-1862735356,52.52907181,13.37800217,24:B2:B9,36,wpa2,2026-07-13T22:00:00.000Z,2026-07-13T20:00:00.000Z,Berlin,Mitte,DE,Invalidenstraße,10115
24:B2:B9:FF:1E:31,ClickShare-1862736001,50.98167419,-1.38625026,24:B2:B9,36,wpa2,2026-07-16T15:00:00.000Z,2026-07-16T09:00:00.000Z,,England,GB,School Lane,SO53 3ZL
24:B2:B9:FF:1E:55,ClickShare-P30S,47.3741684,8.54563808,24:B2:B9,36,wpa2,2026-06-30T12:00:00.000Z,2026-06-30T05:00:00.000Z,Zürich,Zürich,CH,Bibliothekshof,
24:B2:B9:FF:1F:0F,ClickShare-Présentation Z 104,45.82117081,4.68307924,24:B2:B9,36,wpa2,2026-06-27T21:00:00.000Z,2026-06-29T10:00:00.000Z,,Auvergne-Rhône-Alpes,FR,,69210
24:B2:B9:FF:1F:57,ClickShare-1862737754,33.95739746,-83.98748779,24:B2:B9,36,wpa2,2026-05-08T00:00:00.000Z,2026-06-05T10:00:00.000Z,,GA,US,East Pike Street,30046
24:B2:B9:FF:1F:B3,ClickShare-V10,47.37449646,8.54602337,24:B2:B9,36,wpa2,2026-07-13T10:00:00.000Z,2026-07-13T03:00:00.000Z,Zürich,Zürich,CH,Seilergraben,8092
24:B2:B9:FF:22:73,ClickShare-1862737517,31.95261765,35.88333893,24:B2:B9,36,wpa2,2026-05-15T10:00:00.000Z,2026-07-31T23:00:00.000Z,عمان,عمان,JO,شارع فوزي القاوقجي,11181
24:B2:B9:FF:23:33,,51.2295723,4.40203142,24:B2:B9,36,wpa2,2026-08-25T11:00:00.000Z,2026-08-26T10:00:00.000Z,Antwerpen,Antwerpen,BE,Tavernierkaai,2000
24:B2:B9:FF:23:51,ClickShare-1862735625,48.57240295,13.4935503,24:B2:B9,36,wpa2,2026-08-09T18:00:00.000Z,2026-08-18T04:00:00.000Z,,Bayern,DE,Wiener Straße,94032
24:B2:B9:FF:23:EB,Podium 1 Clickshare,47.26039886,7.94880009,24:B2:B9,36,wpa2,2026-08-19T14:00:00.000Z,2026-08-19T16:00:00.000Z,,Luzern,CH,A2,6260
24:B2:B9:FF:24:53,ClickShare-1862739001,41.88808441,-87.65572357,24:B2:B9,36,wpa2,2026-08-06T02:00:00.000Z,2026-08-05T22:00:00.000Z,Chicago,IL,US,North May Street,60622
24:B2:B9:FF:24:E9,ClickShare-Arianrhod Room,53.14189529,-4.27168894,24:B2:B9,36,wpa2,2026-07-03T18:00:00.000Z,2026-08-28T04:00:00.000Z,,Cymru / Wales,GB,Ffordd-y-Gogledd,LL
24:B2:B9:FF:25:03,ClickShare-1862738152,48.86450577,2.34686232,24:B2:B9,36,wpa2,2026-06-18T18:00:00.000Z,2026-08-27T05:00:00.000Z,Paris,Île-de-France,FR,Rue Étienne Marcel,75002
24:B2:B9:FF:25:B3,ClickShare-1862738708,51.51259995,-0.1142895,24:B2:B9,36,wpa2,2026-03-21T15:00:00.000Z,2026-08-20T12:00:00.000Z,London,England,GB,Strand,WC2R 1DR
24:B2:B9:FF:25:B5,ClickShare-1862738843,35.77457428,139.80522156,24:B2:B9,36,wpa2,2026-02-25T06:00:00.000Z,2026-03-03T03:00:00.000Z,足立区,中央本町一丁目,JP,,120-8510
24:B2:B9:FF:25:C7,Canada Square Clickshare,51.49229431,-0.22491422,24:B2:B9,36,wpa2,2026-05-01T18:00:00.000Z,2026-05-04T20:00:00.000Z,London Borough of Hammersmith and Fulham,England,GB,Queen Caroline Street,W6 0QA
24:B2:B9:FF:25:C9,ClickShare-H82.101,47.43125534,9.39471436,24:B2:B9,36,wpa2,2026-06-15T19:00:00.000Z,2026-06-15T13:00:00.000Z,Sankt Gallen,Sankt Gallen,CH,Helvetiastrasse,9000
24:B2:B9:FF:25:F3,ClickShare-Z103,45.82123184,4.68291187,24:B2:B9,36,wpa2,2026-06-27T13:00:00.000Z,2026-06-29T10:00:00.000Z,,Auvergne-Rhône-Alpes,FR,,69210
24:B2:B9:FF:25:F9,ClickShare-VanderMeer,52.17921448,4.46528769,24:B2:B9,1,wpa2,2026-04-22T19:00:00.000Z,2026-04-24T07:00:00.000Z,,Zuid-Holland,NL,Geversstraat,2341GA
24:B2:B9:FF:27:5D,ClickShare-Sitzungszimmer1,47.36388016,8.55209541,24:B2:B9,36,wpa2,2026-04-17T15:00:00.000Z,2026-04-17T09:00:00.000Z,Zürich,Zürich,CH,Mühlebachstrasse,8008
24:B2:B9:FF:27:CB,ClickShare-Marseille,43.30501556,5.36574984,24:B2:B9,36,wpa2,2026-07-03T11:00:00.000Z,2026-08-28T16:00:00.000Z,Marseille,Provence-Alpes-Côte d'Azur,FR,Place de la Joliette,13002
24:B2:B9:FF:28:15,,52.37595749,5.24298191,24:B2:B9,36,wpa2,2026-08-17T11:00:00.000Z,2026-08-29T05:00:00.000Z,,Flevoland,NL,Haagbeukweg,1318
24:B2:B9:FF:28:6B,ClickShare-1862735545,24.82180023,46.60229111,24:B2:B9,36,wpa2,2026-06-19T00:00:00.000Z,2026-07-12T16:00:00.000Z,,منطقة الرياض,SA,الملك سلمان,13524
24:B2:B9:FF:29:69,ClickShare-1862737892,48.21598816,16.36044312,24:B2:B9,48,wep,2026-02-03T09:00:00.000Z,2026-02-03T02:00:00.000Z,Wien,Alservorstadt,AT,Währinger Straße,1090
24:B2:B9:FF:29:A7,ClickShare-1862736000,51.15221405,14.24707603,24:B2:B9,36,wpa2,2026-08-02T18:00:00.000Z,2026-08-02T12:00:00.000Z,,Sachsen,DE,Dresdener Straße,01877
24:B2:B9:FF:2A:89,VISIO-TLB-130-CKS,48.82684708,2.36551023,24:B2:B9,36,wpa2,2026-08-12T15:00:00.000Z,2026-08-25T09:00:00.000Z,Paris,Île-de-France,FR,Rue de Tolbiac,75013
24:B2:B9:FF:2C:3F,ClickShare-1862738587,51.74897003,-1.21056473,24:B2:B9,36,wpa2,2026-05-05T06:00:00.000Z,2026-05-18T01:00:00.000Z,Oxford,England,GB,Roosevelt Drive,OX3 7DQ
24:B2:B9:FF:2C:41,ClickShare-1862735652,51.65467834,6.96328449,24:B2:B9,36,wpa2,2026-05-04T11:00:00.000Z,2026-07-27T04:00:00.000Z,,Nordrhein-Westfalen,DE,Kirchhellener Allee,46282
24:B2:B9:FF:2C:7D,ClickShare-D-BANK,42.69187164,23.30965042,24:B2:B9,36,wpa2,2026-04-09T07:00:00.000Z,2026-04-09T01:00:00.000Z,София,София-град,BG,бул. Ген. Тотлебен,1606
24:B2:B9:FF:2C:8D,ClickShare-E5-Atelier Créatif,-21.32975006,55.4714241,24:B2:B9,36,wpa2,2026-05-30T10:00:00.000Z,2026-08-10T23:00:00.000Z,Saint-Pierre,La Réunion,FR,N 3,97455
24:B2:B9:FF:2D:8D,ClickShare-1862738616,53.34440994,-6.27622461,24:B2:B9,36,wpa2,2026-05-16T22:00:00.000Z,2026-07-21T05:00:00.000Z,Dublin,Leinster,IE,Bridge Street Lower,D08 WC64
24:B2:B9:FF:2E:71,ClickShare-1863097586,32.78065491,-96.80464172,24:B2:B9,36,wpa2,2026-06-23T00:00:00.000Z,2026-07-30T00:00:00.000Z,Dallas,TX,US,North Lamar Street,75202
24:B2:B9:FF:2E:D9,ClickShare-1862737540,31.97214317,35.87123108,24:B2:B9,36,wpa2,2026-07-11T21:00:00.000Z,2026-07-31T23:00:00.000Z,عمان,عمان,JO,شارع الملك فيصل بن عبد العزيز,11195
24:B2:B9:FF:2F:41,ClickShare-1862737267,52.38884354,13.06728935,24:B2:B9,36,wpa2,2026-07-27T15:00:00.000Z,2026-08-10T09:00:00.000Z,Potsdam,Brandenburg,DE,Heinrich-Mann-Allee,14473
24:B2:B9:FF:30:DF,Petite salle visio,48.83920288,2.3209846,24:B2:B9,36,wpa2,2026-08-17T15:00:00.000Z,2026-08-18T08:00:00.000Z,Paris,Île-de-France,FR,Rue du Commandant René Mouchotte,75014
24:B2:B9:FF:30:E7,ClickShare-Bär,47.36953735,8.53711605,24:B2:B9,36,wpa2,2026-07-01T07:00:00.000Z,2026-07-01T04:00:00.000Z,Zürich,Zürich,CH,Talstrasse,8001
24:B2:B9:FF:31:03,ClickShare-Beurkundungszimmer,50.58723068,9.54231548,24:B2:B9,1,wpa2,2026-07-04T11:00:00.000Z,2026-07-04T06:00:00.000Z,,Hessen,DE,Am Fronhof,36137
24:B2:B9:FF:31:91,ClickShare-1862735623,50.89730072,12.07188797,24:B2:B9,36,wpa2,2026-07-01T10:00:00.000Z,2026-07-01T22:00:00.000Z,,Thüringen,DE,Leibnizstraße,07546
24:B2:B9:FF:31:B9,ClickShare-1862737746,36.03185272,-95.88876343,24:B2:B9,36,wpa2,2026-08-06T00:00:00.000Z,2026-08-15T05:00:00.000Z,Tulsa,OK,US,East 91st Street,74133
24:B2:B9:FF:31:BD,Ash Meeting Pod,52.21186829,-2.16170311,24:B2:B9,36,wpa2,2026-08-16T12:00:00.000Z,2026-08-16T08:00:00.000Z,Worcester,England,GB,Warndon Way,WR4 9FQ
24:B2:B9:FF:33:F9,ClickShare-1862738213,48.8646431,2.34606338,24:B2:B9,36,wpa2,2026-06-18T18:00:00.000Z,2026-07-18T10:00:00.000Z,Paris,Île-de-France,FR,Rue Étienne Marcel,75002
24:B2:B9:FF:36:41,ClickShare-V40,47.37466049,8.54601574,24:B2:B9,36,wpa2,2026-06-15T09:00:00.000Z,2026-08-22T20:00:00.000Z,Zürich,Zürich,CH,Hirschengraben,8092
24:B2:B9:FF:39:91,,60.16899109,24.94655609,24:B2:B9,36,wpa2,2026-06-27T11:00:00.000Z,2026-06-29T11:00:00.000Z,Helsinki,Manner-Suomi,FI,Aleksanterinkatu,00100
24:B2:B9:FF:39:D5,ClickShare-1862738150,48.86452866,2.34661126,24:B2:B9,36,wpa2,2026-07-18T14:00:00.000Z,2026-08-27T05:00:00.000Z,Paris,Île-de-France,FR,Rue Étienne Marcel,75002
24:B2:B9:FF:3A:C3,ClickShare-HR3,55.94761276,-3.19178009,24:B2:B9,36,wpa2,2026-08-24T16:00:00.000Z,2026-08-24T16:00:00.000Z,City of Edinburgh,Alba / Scotland,GB,Merchant Street,EH1 2QD
24:B2:B9:FF:3A:E3,ClickShare-1862735251,51.1698761,3.3336885,24:B2:B9,36,wpa2,2026-04-17T16:00:00.000Z,2026-04-28T14:00:00.000Z,,West-Vlaanderen,BE,Bruggestraat,8730
24:B2:B9:FF:3C:39,ClickShare-1862736301,48.82677841,2.36538839,24:B2:B9,36,wpa2,2026-08-12T15:00:00.000Z,2026-08-25T09:00:00.000Z,Paris,Île-de-France,FR,Dalle des Olympiades,75013
24:B2:B9:FF:3C:77,ClickShare-1863097734,43.15486145,-77.5661087,24:B2:B9,36,none,2026-07-09T05:00:00.000Z,2026-07-08T22:00:00.000Z,City of Rochester,NY,US,Humboldt Street,14609
24:B2:B9:FF:AE:E1,,34.27325439,-118.75382233,24:B2:B9,8,none,2026-08-16T11:00:00.000Z,2026-08-17T06:00:00.000Z,Simi Valley,CA,US,East Burnside Street,93063-2364
24:B2:B9:FF:B1:2F,,47.69009399,-116.85214233,24:B2:B9,6,none,2026-08-26T15:00:00.000Z,2026-08-26T17:00:00.000Z,,ID,US,West Riverview Drive,83854
