{
  "type": "FeatureCollection",
  "features": [
    {
      "type": "Feature",
      "geometry": {
        "type": "Point",
        "coordinates": [
          11.27482605,
          48.54930115
        ]
      },
      "properties": {
        "netid": "24:B2:B9:01:AC:65",
        "ssid": "ClickShare-Raum-Lenbach",
        "oui": "24:B2:B9",
        "channel": 44,
        "encryption": "wpa2",
        "firsttime": "2026-02-06T12:00:00.000Z",
        "lasttime": "2026-08-03T11:00:00.000Z",
        "city": null,
        "region": "Bayern",
        "country": "DE",
        "road": "Berliner Stra\u00dfe",
        "postalcode": "86529"
      }
    },
    {
      "type": "Feature",
      "geometry": {
        "type": "Point",
        "coordinates": [
          -96.79563141,
          32.76806641
        ]
      },
      "properties": {
        "netid": "24:B2:B9:01:AC:B7",
        "ssid": "ClickShare-DPD Chief Conf",
        "oui": "24:B2:B9",
        "channel": 36,
        "encryption": "wpa2",
        "firsttime": "2026-04-13T20:00:00.000Z",
        "lasttime": "2026-07-09T21:00:00.000Z",
        "city": "Dallas",
        "region": "TX",
        "country": "US",
        "road": "Botham Jean Boulevard",
        "postalcode": "75215"
      }
    },
    {
      "type": "Feature",
      "geometry": {
        "type": "Point",
        "coordinates": [
          14.80735779,
          56.87388992
        ]
      },
      "properties": {
        "netid": "24:B2:B9:01:AD:1B",
        "ssid": "ClickShare-Z213072",
        "oui": "24:B2:B9",
        "channel": 36,
        "encryption": "wpa2",
        "firsttime": "2001-01-01T00:00:00.000Z",
        "lasttime": "2026-06-15T01:00:00.000Z",
        "city": "V\u00e4xj\u00f6",
        "region": "Kronobergs l\u00e4n",
        "country": "SE",
        "road": "S\u00f6dra Esplanaden",
        "postalcode": "352 35"
      }
    },
    {
      "type": "Feature",
      "geometry": {
        "type": "Point",
        "coordinates": [
          6.16914272,
          49.63341522
        ]
      },
      "properties": {
        "netid": "24:B2:B9:01:AD:2D",
        "ssid": null,
        "oui": "24:B2:B9",
        "channel": 36,
        "encryption": "wpa2",
        "firsttime": "2026-07-11T14:00:00.000Z",
        "lasttime": "2026-07-11T09:00:00.000Z",
        "city": "Luxembourg",
        "region": "Canton Luxembourg",
        "country": "LU",
        "road": "Rue Alphonse Weicker",
        "postalcode": "2721"
      }
    },
    {
      "type": "Feature",
      "geometry": {
        "type": "Point",
        "coordinates": [
          6.16874027,
          49.63367462
        ]
      },
      "properties": {
        "netid": "24:B2:B9:01:AD:C9",
        "ssid": null,
        "oui": "24:B2:B9",
        "channel": 36,
        "encryption": "wpa2",
        "firsttime": "2026-07-11T14:00:00.000Z",
        "lasttime": "2026-07-11T09:00:00.000Z",
        "city": "Luxembourg",
        "region": "Canton Luxembourg",
        "country": "LU",
        "road": "Rue Alphonse Weicker",
        "postalcode": "2721"
      }
    },
    {
      "type": "Feature",
      "geometry": {
        "type": "Point",
        "coordinates": [
          8.74698734,
          50.32821274
        ]
      },
      "properties": {
        "netid": "24:B2:B9:01:AE:2D",
        "ssid": "CS-108Hom",
        "oui": "24:B2:B9",
        "channel": 36,
        "encryption": "wpa2",
        "firsttime": "2026-06-20T19:00:00.000Z",
        "lasttime": "2026-06-20T15:00:00.000Z",
        "city": null,
        "region": "Hessen",
        "country": "DE",
        "road": "Homburger Stra\u00dfe",
        "postalcode": "61169"
      }
    },
    {
      "type": "Feature",
      "geometry": {
        "type": "Point",
        "coordinates": [
          -76.29305267,
          36.84693527
        ]
      },
      "properties": {
        "netid": "24:B2:B9:01:AE:85",
        "ssid": "ClickShare-1875592627",
        "oui": "24:B2:B9",
        "channel": 36,
        "encryption": "wpa2",
        "firsttime": "2026-06-16T19:00:00.000Z",
        "lasttime": "2026-06-16T14:00:00.000Z",
        "city": "Norfolk",
        "region": "VA",
        "country": "US",
        "road": "Boush Street",
        "postalcode": "23510"
      }
    },
    {
      "type": "Feature",
      "geometry": {
        "type": "Point",
        "coordinates": [
          -104.9861145,
          39.74436188
        ]
      },
      "properties": {
        "netid": "24:B2:B9:01:AE:99",
        "ssid": null,
        "oui": "24:B2:B9",
        "channel": 165,
        "encryption": "wpa2",
        "firsttime": "2026-06-19T20:00:00.000Z",
        "lasttime": "2026-07-15T18:00:00.000Z",
        "city": "Denver",
        "region": "CO",
        "country": "US",
        "road": "Lincoln Street",
        "postalcode": "80203"
      }
    },
    {
      "type": "Feature",
      "geometry": {
        "type": "Point",
        "coordinates": [
          -111.94916534,
          41.17782211
        ]
      },
      "properties": {
        "netid": "24:B2:B9:01:AE:A1",
        "ssid": null,
        "oui": "24:B2:B9",
        "channel": 36,
        "encryption": "wpa2",
        "firsttime": "2026-05-26T14:00:00.000Z",
        "lasttime": "2026-06-30T12:00:00.000Z",
        "city": "Ogden",
        "region": "UT",
        "country": "US",
        "road": "Harrison Boulevard",
        "postalcode": "84408"
      }
    },
    {
      "type": "Feature",
      "geometry": {
        "type": "Point",
        "coordinates": [
          -121.47033691,
          38.57039642
        ]
      },
      "properties": {
        "netid": "24:B2:B9:01:AE:B3",
        "ssid": "ClickShare-1875591753",
        "oui": "24:B2:B9",
        "channel": 1,
        "encryption": "wpa2",
        "firsttime": "2026-03-28T02:00:00.000Z",
        "lasttime": "2026-03-27T23:00:00.000Z",
        "city": "Sacramento",
        "region": "CA",
        "country": "US",
        "road": "Capitol Avenue",
        "postalcode": "95816"
      }
    },
    {
      "type": "Feature",
      "geometry": {
        "type": "Point",
        "coordinates": [
          -97.14181519,
          32.83905411
        ]
      },
      "properties": {
        "netid": "24:B2:B9:01:AF:95",
        "ssid": "ClickShare-1875592263",
        "oui": "24:B2:B9",
        "channel": 36,
        "encryption": "wpa2",
        "firsttime": "2026-07-17T22:00:00.000Z",
        "lasttime": "2026-07-17T18:00:00.000Z",
        "city": null,
        "region": "TX",
        "country": "US",
        "road": "Forest Ridge Drive",
        "postalcode": "76022"
      }
    },
    {
      "type": "Feature",
      "geometry": {
        "type": "Point",
        "coordinates": [
          -1.10603392,
          50.79328537
        ]
      },
      "properties": {
        "netid": "24:B2:B9:01:AF:D5",
        "ssid": "BoardroomBarco",
        "oui": "24:B2:B9",
        "channel": 36,
        "encryption": "wpa2",
        "firsttime": "2026-03-18T12:00:00.000Z",
        "lasttime": "2026-03-18T06:00:00.000Z",
        "city": "Portsmouth",
        "region": "England",
        "country": "GB",
        "road": "Gunwharf Road",
        "postalcode": "PO1 2LA"
      }
    },
    {
      "type": "Feature",
      "geometry": {
        "type": "Point",
        "coordinates": [
          46.66883469,
          24.69080925
        ]
      },
      "properties": {
        "netid": "24:B2:B9:01:AF:E5",
        "ssid": "Riyadh Park Meeting Room",
        "oui": "24:B2:B9",
        "channel": 36,
        "encryption": "wpa2",
        "firsttime": "2026-05-22T19:00:00.000Z",
        "lasttime": "2026-05-23T16:00:00.000Z",
        "city": null,
        "region": "\u0645\u0646\u0637\u0642\u0629 \u0627\u0644\u0631\u064a\u0627\u0636",
        "country": "SA",
        "road": "Al Sahqour",
        "postalcode": "12334-2723"
      }
    },
    {
      "type": "Feature",
      "geometry": {
        "type": "Point",
        "coordinates": [
          -96.80776215,
          32.79352188
        ]
      },
      "properties": {
        "netid": "24:B2:B9:01:AF:FF",
        "ssid": "ClickShare-1875592608",
        "oui": "24:B2:B9",
        "channel": 36,
        "encryption": "wpa2",
        "firsttime": "2026-03-24T00:00:00.000Z",
        "lasttime": "2026-03-24T19:00:00.000Z",
        "city": "Dallas",
        "region": "TX",
        "country": "US",
        "road": "North Harwood Street",
        "postalcode": "75201"
      }
    },
    {
      "type": "Feature",
      "geometry": {
        "type": "Point",
        "coordinates": [
          -97.71621704,
          30.20779991
        ]
      },
      "properties": {
        "netid": "24:B2:B9:01:B0:01",
        "ssid": "CS-A504",
        "oui": "24:B2:B9",
        "channel": 36,
        "encryption": "wep",
        "firsttime": "2026-03-13T17:00:00.000Z",
        "lasttime": "2026-03-13T14:00:00.000Z",
        "city": "Austin",
        "region": "TX",
        "country": "US",
        "road": "Montopolis Drive",
        "postalcode": "78741"
      }
    },
    {
      "type": "Feature",
      "geometry": {
        "type": "Point",
        "coordinates": [
          -95.3872757,
          29.65530014
        ]
      },
      "properties": {
        "netid": "24:B2:B9:01:B0:1D",
        "ssid": "Huddle Room 105",
        "oui": "24:B2:B9",
        "channel": 36,
        "encryption": "wpa2",
        "firsttime": "2026-03-13T19:00:00.000Z",
        "lasttime": "2026-08-03T16:00:00.000Z",
        "city": "Houston",
        "region": "TX",
        "country": "US",
        "road": "TX 288 Toll",
        "postalcode": "77047"
      }
    },
    {
      "type": "Feature",
      "geometry": {
        "type": "Point",
        "coordinates": [
          -97.74435425,
          30.27429199
        ]
      },
      "properties": {
        "netid": "24:B2:B9:01:B0:23",
        "ssid": "ClickShare-1875592492",
        "oui": "24:B2:B9",
        "channel": 36,
        "encryption": "wpa2",
        "firsttime": "2026-06-23T16:00:00.000Z",
        "lasttime": "2026-07-28T13:00:00.000Z",
        "city": "Austin",
        "region": "TX",
        "country": "US",
        "road": "Guadalupe Street",
        "postalcode": "78701"
      }
    },
    {
      "type": "Feature",
      "geometry": {
        "type": "Point",
        "coordinates": [
          3.30323792,
          51.35539627
        ]
      },
      "properties": {
        "netid": "24:B2:B9:01:B0:5F",
        "ssid": "ClickShare-1875520633",
        "oui": "24:B2:B9",
        "channel": 36,
        "encryption": "wpa2",
        "firsttime": "2026-03-11T15:00:00.000Z",
        "lasttime": "2026-03-11T10:00:00.000Z",
        "city": null,
        "region": "West-Vlaanderen",
        "country": "BE",
        "road": "Kustlaan",
        "postalcode": "8300"
      }
    },
    {
      "type": "Feature",
      "geometry": {
        "type": "Point",
        "coordinates": [
          4.3268466,
          50.83244705
        ]
      },
      "properties": {
        "netid": "24:B2:B9:01:B0:89",
        "ssid": "ClickShare-Crisisroom ICC Main",
        "oui": "24:B2:B9",
        "channel": 36,
        "encryption": "wpa2",
        "firsttime": "2026-03-28T07:00:00.000Z",
        "lasttime": "2026-06-14T05:00:00.000Z",
        "city": null,
        "region": "R\u00e9gion de Bruxelles-Capitale - Brussels Hoofdstedelijk Gewest",
        "country": "BE",
        "road": "Rue des Deux Gares - Tweestationsstraat",
        "postalcode": "1070"
      }
    },
    {
      "type": "Feature",
      "geometry": {
        "type": "Point",
        "coordinates": [
          -87.91652679,
          43.0273819
        ]
      },
      "properties": {
        "netid": "24:B2:B9:01:B1:55",
        "ssid": "ClickShare-1875591212",
        "oui": "24:B2:B9",
        "channel": 36,
        "encryption": "wpa2",
        "firsttime": "2026-04-12T01:00:00.000Z",
        "lasttime": "2026-08-02T17:00:00.000Z",
        "city": "Milwaukee",
        "region": "WI",
        "country": "US",
        "road": "West Florida Street",
        "postalcode": "53204"
      }
    },
    {
      "type": "Feature",
      "geometry": {
        "type": "Point",
        "coordinates": [
          -85.30857086,
          35.04358292
        ]
      },
      "properties": {
        "netid": "24:B2:B9:01:B2:0F",
        "ssid": "ClickShare-1875591943",
        "oui": "24:B2:B9",
        "channel": 36,
        "encryption": "wpa2",
        "firsttime": "2026-08-01T23:00:00.000Z",
        "lasttime": "2026-08-01T17:00:00.000Z",
        "city": "Chattanooga",
        "region": "TN",
        "country": "US",
        "road": "Market Street",
        "postalcode": "37402"
      }
    },
    {
      "type": "Feature",
      "geometry": {
        "type": "Point",
        "coordinates": [
          -122.19676208,
          47.61756134
        ]
      },
      "properties": {
        "netid": "24:B2:B9:01:B2:27",
        "ssid": "ClickShare-1875591735",
        "oui": "24:B2:B9",
        "channel": 36,
        "encryption": "wpa2",
        "firsttime": "2026-06-01T15:00:00.000Z",
        "lasttime": "2026-06-14T22:00:00.000Z",
        "city": "Bellevue",
        "region": "WA",
        "country": "US",
        "road": "Northeast 8th Street",
        "postalcode": "98004-4452"
      }
    },
    {
      "type": "Feature",
      "geometry": {
        "type": "Point",
        "coordinates": [
          -80.07004547,
          32.92572021
        ]
      },
      "properties": {
        "netid": "24:B2:B9:01:B2:4B",
        "ssid": "Conference Room 2 Clickshare",
        "oui": "24:B2:B9",
        "channel": 36,
        "encryption": "wpa2",
        "firsttime": "2026-05-24T16:00:00.000Z",
        "lasttime": "2026-05-24T11:00:00.000Z",
        "city": "North Charleston",
        "region": "SC",
        "country": "US",
        "road": "Industry Drive",
        "postalcode": "29418"
      }
    },
    {
      "type": "Feature",
      "geometry": {
        "type": "Point",
        "coordinates": [
          -121.65661621,
          36.67605209
        ]
      },
      "properties": {
        "netid": "24:B2:B9:01:B2:AB",
        "ssid": "ClickShare-Salinas",
        "oui": "24:B2:B9",
        "channel": 36,
        "encryption": "wpa2",
        "firsttime": "2026-02-09T18:00:00.000Z",
        "lasttime": "2026-06-30T01:00:00.000Z",
        "city": "Salinas",
        "region": "CA",
        "country": "US",
        "road": "Salinas Street",
        "postalcode": "93901"
      }
    },
    {
      "type": "Feature",
      "geometry": {
        "type": "Point",
        "coordinates": [
          -86.26631927,
          39.88395691
        ]
      },
      "properties": {
        "netid": "24:B2:B9:01:B2:BD",
        "ssid": "ClickShare-1875591723",
        "oui": "24:B2:B9",
        "channel": 36,
        "encryption": "wpa2",
        "firsttime": "2026-04-10T01:00:00.000Z",
        "lasttime": "2026-04-09T19:00:00.000Z",
        "city": "Indianapolis",
        "region": "IN",
        "country": "US",
        "road": "Woodland Drive",
        "postalcode": "46278"
      }
    },
    {
      "type": "Feature",
      "geometry": {
        "type": "Point",
        "coordinates": [
          139.76609802,
          35.68469238
        ]
      },
      "properties": {
        "netid": "24:B2:B9:01:B2:C5",
        "ssid": "Mirai Otemachi 3F",
        "oui": "24:B2:B9",
        "channel": 36,
        "encryption": "wpa2",
        "firsttime": "2026-06-01T09:00:00.000Z",
        "lasttime": "2026-08-04T04:00:00.000Z",
        "city": "\u5343\u4ee3\u7530\u533a",
        "region": "\u5927\u624b\u753a\u4e8c\u4e01\u76ee",
        "country": "JP",
        "road": "Second Basement",
        "postalcode": "100-0004"
      }
    },
    {
      "type": "Feature",
      "geometry": {
        "type": "Point",
        "coordinates": [
          -77.46025085,
          37.55669403
        ]
      },
      "properties": {
        "netid": "24:B2:B9:01:B3:7D",
        "ssid": "ClickShare-1875592320",
        "oui": "24:B2:B9",
        "channel": 48,
        "encryption": "wpa2",
        "firsttime": "2025-12-02T14:00:00.000Z",
        "lasttime": "2026-06-08T15:00:00.000Z",
        "city": "Richmond",
        "region": "VA",
        "country": "US",
        "road": "West Broad Street",
        "postalcode": "23220"
      }
    },
    {
      "type": "Feature",
      "geometry": {
        "type": "Point",
        "coordinates": [
          -104.99031067,
          39.74526978
        ]
      },
      "properties": {
        "netid": "24:B2:B9:01:B3:8F",
        "ssid": "ClickShare-1875591751",
        "oui": "24:B2:B9",
        "channel": 36,
        "encryption": "wpa2",
        "firsttime": "2026-06-09T03:00:00.000Z",
        "lasttime": "2026-06-08T21:00:00.000Z",
        "city": "Denver",
        "region": "CO",
        "country": "US",
        "road": "Welton Street",
        "postalcode": "80293"
      }
    },
    {
      "type": "Feature",
      "geometry": {
        "type": "Point",
        "coordinates": [
          -122.25209045,
          37.84769058
        ]
      },
      "properties": {
        "netid": "24:B2:B9:01:B3:C3",
        "ssid": "ClickShare-1875591793",
        "oui": "24:B2:B9",
        "channel": 36,
        "encryption": "wpa2",
        "firsttime": "2026-08-03T23:00:00.000Z",
        "lasttime": "2026-08-03T19:00:00.000Z",
        "city": "Oakland",
        "region": "CA",
        "country": "US",
        "road": "College Avenue",
        "postalcode": "94168"
      }
    },
    {
      "type": "Feature",
      "geometry": {
        "type": "Point",
        "coordinates": [
          -81.37484741,
          28.54570389
        ]
      },
      "properties": {
        "netid": "24:B2:B9:01:B3:CB",
        "ssid": null,
        "oui": "24:B2:B9",
        "channel": 36,
        "encryption": "wpa2",
        "firsttime": "2026-07-24T23:00:00.000Z",
        "lasttime": "2026-08-02T12:00:00.000Z",
        "city": "Orlando",
        "region": "FL",
        "country": "US",
        "road": "Robinson Street",
        "postalcode": "32801"
      }
    },
    {
      "type": "Feature",
      "geometry": {
        "type": "Point",
        "coordinates": [
          -104.97780609,
          39.86919785
        ]
      },
      "properties": {
        "netid": "24:B2:B9:01:B4:05",
        "ssid": "ClickShare-1875592446",
        "oui": "24:B2:B9",
        "channel": 36,
        "encryption": "wpa2",
        "firsttime": "2026-01-17T15:00:00.000Z",
        "lasttime": "2026-06-28T17:00:00.000Z",
        "city": "Thornton",
        "region": "CO",
        "country": "US",
        "road": "Washington Street",
        "postalcode": "80229"
      }
    },
    {
      "type": "Feature",
      "geometry": {
        "type": "Point",
        "coordinates": [
          -119.75276184,
          39.42942429
        ]
      },
      "properties": {
        "netid": "24:B2:B9:01:B4:09",
        "ssid": "ClickShare-Dual Conference Room",
        "oui": "24:B2:B9",
        "channel": 36,
        "encryption": "wpa2",
        "firsttime": "2026-07-01T00:00:00.000Z",
        "lasttime": "2026-06-30T23:00:00.000Z",
        "city": "Reno",
        "region": "NV",
        "country": "US",
        "road": "Double R Boulevard",
        "postalcode": "89521"
      }
    },
    {
      "type": "Feature",
      "geometry": {
        "type": "Point",
        "coordinates": [
          -81.66159058,
          41.51420975
        ]
      },
      "properties": {
        "netid": "24:B2:B9:01:B4:71",
        "ssid": "ClickShare-TrainingRm",
        "oui": "24:B2:B9",
        "channel": 36,
        "encryption": "wpa2",
        "firsttime": "2026-06-09T17:00:00.000Z",
        "lasttime": "2026-06-11T10:00:00.000Z",
        "city": "Cleveland",
        "region": "OH",
        "country": "US",
        "road": "Superior Avenue",
        "postalcode": "44112"
      }
    },
    {
      "type": "Feature",
      "geometry": {
        "type": "Point",
        "coordinates": [
          139.71704102,
          35.72921753
        ]
      },
      "properties": {
        "netid": "24:B2:B9:01:B4:95",
        "ssid": "ClickShare-1875520387",
        "oui": "24:B2:B9",
        "channel": 36,
        "encryption": "wpa2",
        "firsttime": "2026-04-12T08:00:00.000Z",
        "lasttime": "2026-04-26T22:00:00.000Z",
        "city": "\u8c4a\u5cf6\u533a",
        "region": "\u6771\u6c60\u888b\u4e00\u4e01\u76ee",
        "country": "JP",
        "road": "\u97f3\u7fbd\u6c60\u888b\u7dda",
        "postalcode": "170-0013"
      }
    },
    {
      "type": "Feature",
      "geometry": {
        "type": "Point",
        "coordinates": [
          -90.35173035,
          38.54568863
        ]
      },
      "properties": {
        "netid": "24:B2:B9:01:B4:E1",
        "ssid": "ClickShare-Meeting Room 2",
        "oui": "24:B2:B9",
        "channel": 36,
        "encryption": "wpa2",
        "firsttime": "2026-03-17T09:00:00.000Z",
        "lasttime": "2026-07-11T20:00:00.000Z",
        "city": null,
        "region": "MO",
        "country": "US",
        "road": "Gravois Road",
        "postalcode": "63123-3935"
      }
    },
    {
      "type": "Feature",
      "geometry": {
        "type": "Point",
        "coordinates": [
          -90.35186005,
          38.54561996
        ]
      },
      "properties": {
        "netid": "24:B2:B9:01:B4:F9",
        "ssid": "ClickShare-Meeting Room 1",
        "oui": "24:B2:B9",
        "channel": 36,
        "encryption": "wpa2",
        "firsttime": "2026-03-17T09:00:00.000Z",
        "lasttime": "2026-06-19T13:00:00.000Z",
        "city": null,
        "region": "MO",
        "country": "US",
        "road": "Musick Road",
        "postalcode": "63123-3935"
      }
    },
    {
      "type": "Feature",
      "geometry": {
        "type": "Point",
        "coordinates": [
          8.63517666,
          47.69718933
        ]
      },
      "properties": {
        "netid": "24:B2:B9:01:B6:39",
        "ssid": "ClickShare-C0.21",
        "oui": "24:B2:B9",
        "channel": 36,
        "encryption": "wpa2",
        "firsttime": "2026-04-19T14:00:00.000Z",
        "lasttime": "2026-05-17T07:00:00.000Z",
        "city": null,
        "region": "Schaffhausen",
        "country": "CH",
        "road": "Safrangasse",
        "postalcode": "8200"
      }
    },
    {
      "type": "Feature",
      "geometry": {
        "type": "Point",
        "coordinates": [
          18.07864189,
          59.29438019
        ]
      },
      "properties": {
        "netid": "24:B2:B9:01:B6:A1",
        "ssid": "ClickShare-1875520200",
        "oui": "24:B2:B9",
        "channel": 36,
        "encryption": "wpa2",
        "firsttime": "2026-01-05T12:00:00.000Z",
        "lasttime": "2026-05-26T06:00:00.000Z",
        "city": null,
        "region": "Stockholms l\u00e4n",
        "country": "SE",
        "road": "Globenbron",
        "postalcode": "12144"
      }
    },
    {
      "type": "Feature",
      "geometry": {
        "type": "Point",
        "coordinates": [
          19.13413429,
          50.27776718
        ]
      },
      "properties": {
        "netid": "24:B2:B9:01:B6:D1",
        "ssid": "ClickShare-1875520177",
        "oui": "24:B2:B9",
        "channel": 36,
        "encryption": "wpa2",
        "firsttime": "2026-03-27T08:00:00.000Z",
        "lasttime": "2026-03-27T08:00:00.000Z",
        "city": "Sosnowiec",
        "region": "wojew\u00f3dztwo \u015bl\u0105skie",
        "country": "PL",
        "road": "Ignacego Mo\u015bcickiego",
        "postalcode": "41-210"
      }
    },
    {
      "type": "Feature",
      "geometry": {
        "type": "Point",
        "coordinates": [
          9.212286,
          45.47574615
        ]
      },
      "properties": {
        "netid": "24:B2:B9:01:B7:07",
        "ssid": "ClickShare-Sala Presidenza",
        "oui": "24:B2:B9",
        "channel": 36,
        "encryption": "wpa2",
        "firsttime": "2026-04-22T08:00:00.000Z",
        "lasttime": "2026-05-22T01:00:00.000Z",
        "city": "Milano",
        "region": "Lombardia",
        "country": "IT",
        "road": "Via Antonio Stoppani",
        "postalcode": "20129"
      }
    },
    {
      "type": "Feature",
      "geometry": {
        "type": "Point",
        "coordinates": [
          139.7588501,
          35.66313553
        ]
      },
      "properties": {
        "netid": "24:B2:B9:01:B7:4B",
        "ssid": "ClickShare-tokyo_shiten",
        "oui": "24:B2:B9",
        "channel": 36,
        "encryption": "wpa2",
        "firsttime": "2026-03-29T06:00:00.000Z",
        "lasttime": "2026-06-29T19:00:00.000Z",
        "city": "\u6e2f\u533a",
        "region": "\u9280\u5ea7\u516b\u4e01\u76ee",
        "country": "JP",
        "road": "\u74b0\u4e8c\u901a\u308a",
        "postalcode": "104-0061"
      }
    },
    {
      "type": "Feature",
      "geometry": {
        "type": "Point",
        "coordinates": [
          -104.67356873,
          39.85864258
        ]
      },
      "properties": {
        "netid": "24:B2:B9:01:B7:A1",
        "ssid": "ClickShare-1875592355",
        "oui": "24:B2:B9",
        "channel": 36,
        "encryption": "wpa2",
        "firsttime": "2026-02-03T23:00:00.000Z",
        "lasttime": "2026-07-31T20:00:00.000Z",
        "city": "Denver",
        "region": "CO",
        "country": "US",
        "road": "North Oak Hill Street",
        "postalcode": null
      }
    },
    {
      "type": "Feature",
      "geometry": {
        "type": "Point",
        "coordinates": [
          -84.38354492,
          33.7872467
        ]
      },
      "properties": {
        "netid": "24:B2:B9:01:B7:C1",
        "ssid": "Atlanta Peachtree",
        "oui": "24:B2:B9",
        "channel": 36,
        "encryption": "wpa2",
        "firsttime": "2026-06-18T14:00:00.000Z",
        "lasttime": "2026-06-18T14:00:00.000Z",
        "city": "Atlanta",
        "region": "GA",
        "country": "US",
        "road": "Peachtree Street Northeast",
        "postalcode": "30309"
      }
    },
    {
      "type": "Feature",
      "geometry": {
        "type": "Point",
        "coordinates": [
          -71.14363098,
          42.70481491
        ]
      },
      "properties": {
        "netid": "24:B2:B9:01:B7:FB",
        "ssid": null,
        "oui": "24:B2:B9",
        "channel": 36,
        "encryption": "wpa2",
        "firsttime": "2026-06-19T14:00:00.000Z",
        "lasttime": "2026-06-19T08:00:00.000Z",
        "city": "Lawrence",
        "region": "MA",
        "country": "US",
        "road": "Merrimack Street",
        "postalcode": "01842"
      }
    },
    {
      "type": "Feature",
      "geometry": {
        "type": "Point",
        "coordinates": [
          -95.68080902,
          39.04724503
        ]
      },
      "properties": {
        "netid": "24:B2:B9:01:B8:15",
        "ssid": "ClickShare-DOB Conference Room",
        "oui": "24:B2:B9",
        "channel": 36,
        "encryption": "wpa2",
        "firsttime": "2025-12-03T20:00:00.000Z",
        "lasttime": "2026-07-15T04:00:00.000Z",
        "city": "Topeka",
        "region": "KS",
        "country": "US",
        "road": "Southwest 10th Avenue",
        "postalcode": "66612"
      }
    },
    {
      "type": "Feature",
      "geometry": {
        "type": "Point",
        "coordinates": [
          -76.7966156,
          39.13012695
        ]
      },
      "properties": {
        "netid": "24:B2:B9:01:B8:1B",
        "ssid": null,
        "oui": "24:B2:B9",
        "channel": 36,
        "encryption": "wpa2",
        "firsttime": "2025-12-12T19:00:00.000Z",
        "lasttime": "2025-12-18T06:00:00.000Z",
        "city": null,
        "region": "MD",
        "country": "US",
        "road": "Guilford Road",
        "postalcode": "20701"
      }
    },
    {
      "type": "Feature",
      "geometry": {
        "type": "Point",
        "coordinates": [
          -122.06698608,
          37.90467453
        ]
      },
      "properties": {
        "netid": "24:B2:B9:01:B8:2B",
        "ssid": "ClickShare-1875591683",
        "oui": "24:B2:B9",
        "channel": 36,
        "encryption": "wpa2",
        "firsttime": "2026-07-23T22:00:00.000Z",
        "lasttime": "2026-07-25T12:00:00.000Z",
        "city": null,
        "region": "CA",
        "country": "US",
        "road": "Ygnacio Valley Road",
        "postalcode": "94596"
      }
    },
    {
      "type": "Feature",
      "geometry": {
        "type": "Point",
        "coordinates": [
          -93.10610962,
          37.27144241
        ]
      },
      "properties": {
        "netid": "24:B2:B9:01:B8:83",
        "ssid": "ClickShare-LTR",
        "oui": "24:B2:B9",
        "channel": 36,
        "encryption": "wpa2",
        "firsttime": "2026-07-27T20:00:00.000Z",
        "lasttime": "2026-07-27T14:00:00.000Z",
        "city": null,
        "region": "MO",
        "country": "US",
        "road": "I 44",
        "postalcode": "65757"
      }
    },
    {
      "type": "Feature",
      "geometry": {
        "type": "Point",
        "coordinates": [
          -78.90531158,
          35.99269485
        ]
      },
      "properties": {
        "netid": "24:B2:B9:01:B8:A7",
        "ssid": "Barco Clikshare",
        "oui": "24:B2:B9",
        "channel": 36,
        "encryption": "wpa2",
        "firsttime": "2026-06-07T20:00:00.000Z",
        "lasttime": "2026-06-07T18:00:00.000Z",
        "city": "Durham",
        "region": "NC",
        "country": "US",
        "road": "Blackwell Street",
        "postalcode": "27701"
      }
    },
    {
      "type": "Feature",
      "geometry": {
        "type": "Point",
        "coordinates": [
          -87.62953186,
          41.88471603
        ]
      },
      "properties": {
        "netid": "24:B2:B9:01:B8:AD",
        "ssid": "ClickShare-1875592401",
        "oui": "24:B2:B9",
        "channel": 36,
        "encryption": "wpa2",
        "firsttime": "2025-12-19T19:00:00.000Z",
        "lasttime": "2026-06-07T23:00:00.000Z",
        "city": "Chicago",
        "region": "IL",
        "country": "US",
        "road": "North Dearborn Street",
        "postalcode": "60601"
      }
    },
    {
      "type": "Feature",
      "geometry": {
        "type": "Point",
        "coordinates": [
          106.79792786,
          -6.24726391
        ]
      },
      "properties": {
        "netid": "24:B2:B9:01:B8:D7",
        "ssid": "ClickShare-1875520665",
        "oui": "24:B2:B9",
        "channel": 36,
        "encryption": "wpa2",
        "firsttime": "2026-06-27T10:00:00.000Z",
        "lasttime": "2026-06-27T21:00:00.000Z",
        "city": "Daerah Khusus Ibukota Jakarta",
        "region": "Melawai",
        "country": "ID",
        "road": "Jalan Panglima Polim Raya",
        "postalcode": "12160"
      }
    },
    {
      "type": "Feature",
      "geometry": {
        "type": "Point",
        "coordinates": [
          -73.67990875,
          40.65626526
        ]
      },
      "properties": {
        "netid": "24:B2:B9:01:B9:39",
        "ssid": "ClickShare-1875591195",
        "oui": "24:B2:B9",
        "channel": 36,
        "encryption": "wpa2",
        "firsttime": "2026-06-11T14:00:00.000Z",
        "lasttime": "2026-06-11T08:00:00.000Z",
        "city": null,
        "region": "NY",
        "country": "US",
        "road": "Sunrise Highway",
        "postalcode": "11563"
      }
    },
    {
      "type": "Feature",
      "geometry": {
        "type": "Point",
        "coordinates": [
          -77.032341,
          38.90122604
        ]
      },
      "properties": {
        "netid": "24:B2:B9:01:B9:E7",
        "ssid": "24:b2:b9:01:b9:e7",
        "oui": "24:B2:B9",
        "channel": 36,
        "encryption": "wpa2",
        "firsttime": "2025-12-11T22:00:00.000Z",
        "lasttime": "2026-07-11T08:00:00.000Z",
        "city": "Washington",
        "region": "DC",
        "country": "US",
        "road": "I Street Northwest",
        "postalcode": "20006"
      }
    },
    {
      "type": "Feature",
      "geometry": {
        "type": "Point",
        "coordinates": [
          -88.85028839,
          41.35009766
        ]
      },
      "properties": {
        "netid": "24:B2:B9:01:BA:91",
        "ssid": "DT-ClickShare-1875592118",
        "oui": "24:B2:B9",
        "channel": 36,
        "encryption": "wpa2",
        "firsttime": "2026-07-17T22:00:00.000Z",
        "lasttime": "2026-07-17T16:00:00.000Z",
        "city": null,
        "region": "IL",
        "country": "US",
        "road": "Sycamore Street",
        "postalcode": "61350"
      }
    },
    {
      "type": "Feature",
      "geometry": {
        "type": "Point",
        "coordinates": [
          7.26274204,
          43.69623184
        ]
      },
      "properties": {
        "netid": "24:B2:B9:01:BA:D3",
        "ssid": "ClickShare-1875520058",
        "oui": "24:B2:B9",
        "channel": 36,
        "encryption": "wpa2",
        "firsttime": "2026-07-24T13:00:00.000Z",
        "lasttime": "2026-07-24T09:00:00.000Z",
        "city": "Nice",
        "region": "Provence-Alpes-C\u00f4te d'Azur",
        "country": "FR",
        "road": "Place de la Croix de Marbre",
        "postalcode": "06046"
      }
    },
    {
      "type": "Feature",
      "geometry": {
        "type": "Point",
        "coordinates": [
          106.82289124,
          -6.19693089
        ]
      },
      "properties": {
        "netid": "24:B2:B9:01:BB:09",
        "ssid": "ClickShare-1875520671",
        "oui": "24:B2:B9",
        "channel": 36,
        "encryption": "wpa2",
        "firsttime": "2026-06-12T03:00:00.000Z",
        "lasttime": "2026-06-14T04:00:00.000Z",
        "city": "Daerah Khusus Ibukota Jakarta",
        "region": "Menteng",
        "country": "ID",
        "road": "Jalan Teluk Betung",
        "postalcode": "10310"
      }
    },
    {
      "type": "Feature",
      "geometry": {
        "type": "Point",
        "coordinates": [
          -105.13228607,
          39.72149658
        ]
      },
      "properties": {
        "netid": "24:B2:B9:01:BC:19",
        "ssid": "ClickShare-1875591316",
        "oui": "24:B2:B9",
        "channel": 36,
        "encryption": "wpa2",
        "firsttime": "2026-07-20T04:00:00.000Z",
        "lasttime": "2026-08-03T11:00:00.000Z",
        "city": "Lakewood",
        "region": "CO",
        "country": "US",
        "road": "Union Boulevard",
        "postalcode": "80228"
      }
    },
    {
      "type": "Feature",
      "geometry": {
        "type": "Point",
        "coordinates": [
          -122.33985138,
          47.60871124
        ]
      },
      "properties": {
        "netid": "24:B2:B9:01:BC:47",
        "ssid": "PDAclassroom",
        "oui": "24:B2:B9",
        "channel": 44,
        "encryption": "wpa2",
        "firsttime": "2026-02-26T02:00:00.000Z",
        "lasttime": "2026-08-04T12:00:00.000Z",
        "city": "Seattle",
        "region": "WA",
        "country": "US",
        "road": "1st Avenue",
        "postalcode": "98101"
      }
    },
    {
      "type": "Feature",
      "geometry": {
        "type": "Point",
        "coordinates": [
          2.32449055,
          48.87121964
        ]
      },
      "properties": {
        "netid": "24:B2:B9:01:BC:73",
        "ssid": "ClickShare-Madeleine",
        "oui": "24:B2:B9",
        "channel": 36,
        "encryption": "wpa2",
        "firsttime": "2026-02-04T11:00:00.000Z",
        "lasttime": "2026-03-14T11:00:00.000Z",
        "city": "Paris",
        "region": "\u00cele-de-France",
        "country": "FR",
        "road": "Rue Chauveau-Lagarde",
        "postalcode": "75008"
      }
    },
    {
      "type": "Feature",
      "geometry": {
        "type": "Point",
        "coordinates": [
          18.62953568,
          54.36649323
        ]
      },
      "properties": {
        "netid": "24:B2:B9:01:BD:19",
        "ssid": "ClickShare-CzarnaSala",
        "oui": "24:B2:B9",
        "channel": 44,
        "encryption": "wpa2",
        "firsttime": "2026-03-23T10:00:00.000Z",
        "lasttime": "2026-07-19T01:00:00.000Z",
        "city": "Gda\u0144sk",
        "region": "wojew\u00f3dztwo pomorskie",
        "country": "PL",
        "road": "J\u00f3zefa Hoene-Wro\u0144skiego",
        "postalcode": "80-210"
      }
    },
    {
      "type": "Feature",
      "geometry": {
        "type": "Point",
        "coordinates": [
          21.02361107,
          52.2258873
        ]
      },
      "properties": {
        "netid": "24:B2:B9:01:BD:2B",
        "ssid": "ClickShare-1875520128",
        "oui": "24:B2:B9",
        "channel": 36,
        "encryption": "wpa2",
        "firsttime": "2025-11-20T14:00:00.000Z",
        "lasttime": "2025-11-20T08:00:00.000Z",
        "city": "Warszawa",
        "region": "wojew\u00f3dztwo mazowieckie",
        "country": "PL",
        "road": "Aleje Ujazdowskie",
        "postalcode": "00-478"
      }
    },
    {
      "type": "Feature",
      "geometry": {
        "type": "Point",
        "coordinates": [
          -73.9802475,
          40.75836945
        ]
      },
      "properties": {
        "netid": "24:B2:B9:01:C4:7D",
        "ssid": null,
        "oui": "24:B2:B9",
        "channel": 1,
        "encryption": "unknown",
        "firsttime": "2025-09-18T01:00:00.000Z",
        "lasttime": "2025-09-17T21:00:00.000Z",
        "city": "City of New York",
        "region": "NY",
        "country": "US",
        "road": "Rockefeller Plaza",
        "postalcode": "10111"
      }
    },
    {
      "type": "Feature",
      "geometry": {
        "type": "Point",
        "coordinates": [
          -81.19247437,
          28.58891106
        ]
      },
      "properties": {
        "netid": "24:B2:B9:01:F3:07",
        "ssid": null,
        "oui": "24:B2:B9",
        "channel": 1,
        "encryption": "unknown",
        "firsttime": "2026-06-19T19:00:00.000Z",
        "lasttime": "2026-06-19T14:00:00.000Z",
        "city": null,
        "region": "FL",
        "country": "US",
        "road": "Research Parkway",
        "postalcode": "32826"
      }
    },
    {
      "type": "Feature",
      "geometry": {
        "type": "Point",
        "coordinates": [
          -81.19324493,
          28.58943748
        ]
      },
      "properties": {
        "netid": "24:B2:B9:02:07:21",
        "ssid": null,
        "oui": "24:B2:B9",
        "channel": 1,
        "encryption": "unknown",
        "firsttime": "2026-06-19T19:00:00.000Z",
        "lasttime": "2026-06-19T14:00:00.000Z",
        "city": null,
        "region": "FL",
        "country": "US",
        "road": "Discovery Drive",
        "postalcode": "32826"
      }
    },
    {
      "type": "Feature",
      "geometry": {
        "type": "Point",
        "coordinates": [
          -81.19320679,
          28.58908844
        ]
      },
      "properties": {
        "netid": "24:B2:B9:02:0A:05",
        "ssid": null,
        "oui": "24:B2:B9",
        "channel": 1,
        "encryption": "unknown",
        "firsttime": "2026-06-19T19:00:00.000Z",
        "lasttime": "2026-06-19T14:00:00.000Z",
        "city": null,
        "region": "FL",
        "country": "US",
        "road": "Research Parkway",
        "postalcode": "32826"
      }
    },
    {
      "type": "Feature",
      "geometry": {
        "type": "Point",
        "coordinates": [
          -66.05618286,
          45.27518845
        ]
      },
      "properties": {
        "netid": "24:B2:B9:04:98:79",
        "ssid": "ClickShare-1863083517",
        "oui": "24:B2:B9",
        "channel": 36,
        "encryption": "wpa2",
        "firsttime": "2026-05-20T19:00:00.000Z",
        "lasttime": "2026-05-20T12:00:00.000Z",
        "city": "City of Saint John",
        "region": "New Brunswick / Nouveau-Brunswick",
        "country": "CA",
        "road": "Union Street",
        "postalcode": "E2L 1B1"
      }
    },
    {
      "type": "Feature",
      "geometry": {
        "type": "Point",
        "coordinates": [
          -98.49468994,
          29.42437744
        ]
      },
      "properties": {
        "netid": "24:B2:B9:04:9C:6D",
        "ssid": "ClickShare-1863083822",
        "oui": "24:B2:B9",
        "channel": 165,
        "encryption": "wpa2",
        "firsttime": "2026-04-08T20:00:00.000Z",
        "lasttime": "2026-06-11T14:00:00.000Z",
        "city": "San Antonio",
        "region": "TX",
        "country": "US",
        "road": "Military Plaza",
        "postalcode": "78205"
      }
    },
    {
      "type": "Feature",
      "geometry": {
        "type": "Point",
        "coordinates": [
          139.73565674,
          35.62153244
        ]
      },
      "properties": {
        "netid": "24:B2:B9:04:9D:4F",
        "ssid": "ClickShare-Kutani",
        "oui": "24:B2:B9",
        "channel": 36,
        "encryption": "wpa2",
        "firsttime": "2026-05-17T01:00:00.000Z",
        "lasttime": "2026-05-16T20:00:00.000Z",
        "city": "\u54c1\u5ddd\u533a",
        "region": "\u5317\u54c1\u5ddd\u56db\u4e01\u76ee",
        "country": "JP",
        "road": null,
        "postalcode": "141-0001"
      }
    },
    {
      "type": "Feature",
      "geometry": {
        "type": "Point",
        "coordinates": [
          139.76721191,
          35.67810059
        ]
      },
      "properties": {
        "netid": "24:B2:B9:04:9D:AB",
        "ssid": "ClickShare-1862709075",
        "oui": "24:B2:B9",
        "channel": 1,
        "encryption": "wpa2",
        "firsttime": "2026-04-07T10:00:00.000Z",
        "lasttime": "2026-04-07T07:00:00.000Z",
        "city": "\u5343\u4ee3\u7530\u533a",
        "region": "\u4e38\u306e\u5185\u4e00\u4e01\u76ee",
        "country": "JP",
        "road": "\u5916\u5800\u901a\u308a",
        "postalcode": "100-6221"
      }
    },
    {
      "type": "Feature",
      "geometry": {
        "type": "Point",
        "coordinates": [
          139.73880005,
          35.62186432
        ]
      },
      "properties": {
        "netid": "24:B2:B9:04:9D:DB",
        "ssid": "ClickShare-Bizen",
        "oui": "24:B2:B9",
        "channel": 36,
        "encryption": "wpa2",
        "firsttime": "2026-01-27T08:00:00.000Z",
        "lasttime": "2026-01-27T01:00:00.000Z",
        "city": "\u54c1\u5ddd\u533a",
        "region": "\u5317\u54c1\u5ddd\u4e00\u4e01\u76ee",
        "country": "JP",
        "road": null,
        "postalcode": "140-0001"
      }
    },
    {
      "type": "Feature",
      "geometry": {
        "type": "Point",
        "coordinates": [
          -80.3182373,
          43.35943985
        ]
      },
      "properties": {
        "netid": "24:B2:B9:04:9E:23",
        "ssid": "ClickShare-1863083593",
        "oui": "24:B2:B9",
        "channel": 36,
        "encryption": "wpa2",
        "firsttime": "2026-03-22T18:00:00.000Z",
        "lasttime": "2026-04-03T05:00:00.000Z",
        "city": "Cambridge",
        "region": "Ontario",
        "country": "CA",
        "road": "North Square",
        "postalcode": "N1S 1H3"
      }
    },
    {
      "type": "Feature",
      "geometry": {
        "type": "Point",
        "coordinates": [
          139.73872375,
          35.62231064
        ]
      },
      "properties": {
        "netid": "24:B2:B9:04:9E:61",
        "ssid": "ClickShare-Hasami",
        "oui": "24:B2:B9",
        "channel": 36,
        "encryption": "wpa2",
        "firsttime": "2026-01-10T04:00:00.000Z",
        "lasttime": "2026-01-27T01:00:00.000Z",
        "city": "\u54c1\u5ddd\u533a",
        "region": "\u5317\u54c1\u5ddd\u4e00\u4e01\u76ee",
        "country": "JP",
        "road": "\u7b2c\u4e00\u4eac\u6d5c",
        "postalcode": "140-0001"
      }
    },
    {
      "type": "Feature",
      "geometry": {
        "type": "Point",
        "coordinates": [
          -113.537323,
          53.29807281
        ]
      },
      "properties": {
        "netid": "24:B2:B9:04:9F:63",
        "ssid": "ClickShare-1863083619",
        "oui": "24:B2:B9",
        "channel": 36,
        "encryption": "wpa2",
        "firsttime": "2026-05-21T14:00:00.000Z",
        "lasttime": "2026-05-21T12:00:00.000Z",
        "city": "City of Leduc",
        "region": "Alberta",
        "country": "CA",
        "road": "43 Street",
        "postalcode": "T9E 8E2"
      }
    },
    {
      "type": "Feature",
      "geometry": {
        "type": "Point",
        "coordinates": [
          -3.98180842,
          55.7841835
        ]
      },
      "properties": {
        "netid": "24:B2:B9:04:A0:07",
        "ssid": "ClickShare-CR4-1862708714",
        "oui": "24:B2:B9",
        "channel": 36,
        "encryption": "wpa2",
        "firsttime": "2026-08-07T16:00:00.000Z",
        "lasttime": "2026-08-07T10:00:00.000Z",
        "city": null,
        "region": "Alba / Scotland",
        "country": "GB",
        "road": "Windmillhill Street",
        "postalcode": "ML1"
      }
    },
    {
      "type": "Feature",
      "geometry": {
        "type": "Point",
        "coordinates": [
          139.7568512,
          35.69222641
        ]
      },
      "properties": {
        "netid": "24:B2:B9:04:A0:51",
        "ssid": "ClickShare-Conference Room4",
        "oui": "24:B2:B9",
        "channel": 36,
        "encryption": "wpa2",
        "firsttime": "2026-05-23T01:00:00.000Z",
        "lasttime": "2026-07-01T08:00:00.000Z",
        "city": "\u5343\u4ee3\u7530\u533a",
        "region": "\u4e00\u30c4\u6a4b\u4e00\u4e01\u76ee",
        "country": "JP",
        "road": "\u9996\u90fd\u9ad8\u901f5\u53f7\u6c60\u888b\u7dda",
        "postalcode": "100-0003"
      }
    },
    {
      "type": "Feature",
      "geometry": {
        "type": "Point",
        "coordinates": [
          -87.6293335,
          41.87944794
        ]
      },
      "properties": {
        "netid": "24:B2:B9:04:A0:A1",
        "ssid": "ClickShare-1863083783",
        "oui": "24:B2:B9",
        "channel": 36,
        "encryption": "wpa2",
        "firsttime": "2026-05-23T04:00:00.000Z",
        "lasttime": "2026-07-18T02:00:00.000Z",
        "city": "Chicago",
        "region": "IL",
        "country": "US",
        "road": "West Adams Street",
        "postalcode": "60603"
      }
    },
    {
      "type": "Feature",
      "geometry": {
        "type": "Point",
        "coordinates": [
          139.75137329,
          35.62129211
        ]
      },
      "properties": {
        "netid": "24:B2:B9:04:A0:CF",
        "ssid": "DoNotUse_ClickShare_20E",
        "oui": "24:B2:B9",
        "channel": 36,
        "encryption": "wpa2",
        "firsttime": "2026-02-01T07:00:00.000Z",
        "lasttime": "2026-04-06T23:00:00.000Z",
        "city": "\u54c1\u5ddd\u533a",
        "region": "\u6e2f\u5357\u56db\u4e01\u76ee",
        "country": "JP",
        "road": "\u9996\u90fd\u9ad8\u901f1\u53f7\u7fbd\u7530\u7dda",
        "postalcode": "1080075"
      }
    },
    {
      "type": "Feature",
      "geometry": {
        "type": "Point",
        "coordinates": [
          -95.54865265,
          29.87826157
        ]
      },
      "properties": {
        "netid": "24:B2:B9:04:A1:2B",
        "ssid": "ClickShare-The Capitol",
        "oui": "24:B2:B9",
        "channel": 36,
        "encryption": "wpa2",
        "firsttime": "2026-07-22T19:00:00.000Z",
        "lasttime": "2026-07-22T13:00:00.000Z",
        "city": null,
        "region": "TX",
        "country": "US",
        "road": "West Sam Houston Parkway North",
        "postalcode": "77040"
      }
    },
    {
      "type": "Feature",
      "geometry": {
        "type": "Point",
        "coordinates": [
          11.0525713,
          50.96011353
        ]
      },
      "properties": {
        "netid": "24:B2:B9:04:A1:33",
        "ssid": null,
        "oui": "24:B2:B9",
        "channel": 36,
        "encryption": "wpa2",
        "firsttime": "2026-03-03T13:00:00.000Z",
        "lasttime": "2026-08-04T07:00:00.000Z",
        "city": "Erfurt",
        "region": "Th\u00fcringen",
        "country": "DE",
        "road": "Kranichfelder Stra\u00dfe",
        "postalcode": "99099"
      }
    },
    {
      "type": "Feature",
      "geometry": {
        "type": "Point",
        "coordinates": [
          -3.70326018,
          40.41622162
        ]
      },
      "properties": {
        "netid": "24:B2:B9:04:A1:51",
        "ssid": null,
        "oui": "24:B2:B9",
        "channel": 36,
        "encryption": "wpa2",
        "firsttime": "2026-07-06T16:00:00.000Z",
        "lasttime": "2026-08-06T15:00:00.000Z",
        "city": "Madrid",
        "region": "Comunidad de Madrid",
        "country": "ES",
        "road": "Calle de Carretas",
        "postalcode": "28012"
      }
    },
    {
      "type": "Feature",
      "geometry": {
        "type": "Point",
        "coordinates": [
          -87.62941742,
          41.87928009
        ]
      },
      "properties": {
        "netid": "24:B2:B9:04:A4:9B",
        "ssid": "ClickShare-1863083831",
        "oui": "24:B2:B9",
        "channel": 36,
        "encryption": "wpa2",
        "firsttime": "2026-05-23T04:00:00.000Z",
        "lasttime": "2026-07-18T02:00:00.000Z",
        "city": "Chicago",
        "region": "IL",
        "country": "US",
        "road": "Federal Plaza",
        "postalcode": "60604"
      }
    },
    {
      "type": "Feature",
      "geometry": {
        "type": "Point",
        "coordinates": [
          -0.08202134,
          51.52322769
        ]
      },
      "properties": {
        "netid": "24:B2:B9:04:A4:E3",
        "ssid": "ClickShare-Gizmo-Large",
        "oui": "24:B2:B9",
        "channel": 36,
        "encryption": "wpa2",
        "firsttime": "2026-06-25T21:00:00.000Z",
        "lasttime": "2026-06-25T14:00:00.000Z",
        "city": "London",
        "region": "England",
        "country": "GB",
        "road": "Scrutton Street",
        "postalcode": "EC2A 4HU"
      }
    },
    {
      "type": "Feature",
      "geometry": {
        "type": "Point",
        "coordinates": [
          29.06661224,
          40.99317551
        ]
      },
      "properties": {
        "netid": "24:B2:B9:04:A9:61",
        "ssid": "ClickShare-1862705576",
        "oui": "24:B2:B9",
        "channel": 36,
        "encryption": "wpa2",
        "firsttime": "2026-05-18T13:00:00.000Z",
        "lasttime": "2026-05-18T06:00:00.000Z",
        "city": null,
        "region": "Marmara B\u00f6lgesi",
        "country": "TR",
        "road": "Yumurtac\u0131 Abdibey Caddesi",
        "postalcode": null
      }
    },
    {
      "type": "Feature",
      "geometry": {
        "type": "Point",
        "coordinates": [
          -71.27197266,
          41.74874115
        ]
      },
      "properties": {
        "netid": "24:B2:B9:04:AB:BF",
        "ssid": "ClickShare-1863083982",
        "oui": "24:B2:B9",
        "channel": 36,
        "encryption": "wpa2",
        "firsttime": "2026-07-02T18:00:00.000Z",
        "lasttime": "2026-07-02T13:00:00.000Z",
        "city": null,
        "region": "RI",
        "country": "US",
        "road": "Market Street",
        "postalcode": "02885"
      }
    },
    {
      "type": "Feature",
      "geometry": {
        "type": "Point",
        "coordinates": [
          -76.2928772,
          40.08161926
        ]
      },
      "properties": {
        "netid": "24:B2:B9:04:AB:C1",
        "ssid": "ClickShare-1863083848",
        "oui": "24:B2:B9",
        "channel": 36,
        "encryption": "wpa2",
        "firsttime": "2026-06-17T20:00:00.000Z",
        "lasttime": "2026-07-24T05:00:00.000Z",
        "city": null,
        "region": "PA",
        "country": "US",
        "road": "Oregon Pike",
        "postalcode": "17543"
      }
    },
    {
      "type": "Feature",
      "geometry": {
        "type": "Point",
        "coordinates": [
          -93.78001404,
          41.47944641
        ]
      },
      "properties": {
        "netid": "24:B2:B9:05:A5:FD",
        "ssid": null,
        "oui": "24:B2:B9",
        "channel": 100,
        "encryption": "unknown",
        "firsttime": "2026-05-23T20:00:00.000Z",
        "lasttime": "2026-05-23T18:00:00.000Z",
        "city": "West Des Moines",
        "region": "IA",
        "country": "US",
        "road": "I 35",
        "postalcode": "50061"
      }
    },
    {
      "type": "Feature",
      "geometry": {
        "type": "Point",
        "coordinates": [
          -96.81913757,
          33.22711563
        ]
      },
      "properties": {
        "netid": "24:B2:B9:05:A7:43",
        "ssid": "Flock",
        "oui": "24:B2:B9",
        "channel": 1,
        "encryption": "wpa2",
        "firsttime": "2026-06-15T15:00:00.000Z",
        "lasttime": "2026-06-17T11:00:00.000Z",
        "city": "Prosper",
        "region": "TX",
        "country": "US",
        "road": "South Dallas Parkway",
        "postalcode": "75078"
      }
    },
    {
      "type": "Feature",
      "geometry": {
        "type": "Point",
        "coordinates": [
          -121.82234192,
          38.46942139
        ]
      },
      "properties": {
        "netid": "24:B2:B9:05:A7:6B",
        "ssid": "Flock",
        "oui": "24:B2:B9",
        "channel": 1,
        "encryption": "wpa2",
        "firsttime": "2026-06-14T01:00:00.000Z",
        "lasttime": "2026-06-13T19:00:00.000Z",
        "city": null,
        "region": "CA",
        "country": "US",
        "road": "North 1st Street",
        "postalcode": "95620"
      }
    },
    {
      "type": "Feature",
      "geometry": {
        "type": "Point",
        "coordinates": [
          -97.82675171,
          30.21971321
        ]
      },
      "properties": {
        "netid": "24:B2:B9:05:A8:11",
        "ssid": null,
        "oui": "24:B2:B9",
        "channel": 10,
        "encryption": "unknown",
        "firsttime": "2026-03-03T19:00:00.000Z",
        "lasttime": "2026-07-14T20:00:00.000Z",
        "city": "Austin",
        "region": "TX",
        "country": "US",
        "road": "Brodie Lane",
        "postalcode": "78749"
      }
    },
    {
      "type": "Feature",
      "geometry": {
        "type": "Point",
        "coordinates": [
          -81.49642181,
          41.43955612
        ]
      },
      "properties": {
        "netid": "24:B2:B9:05:A8:9B",
        "ssid": "<hidden>",
        "oui": "24:B2:B9",
        "channel": 8,
        "encryption": "none",
        "firsttime": "2026-07-02T22:00:00.000Z",
        "lasttime": "2026-07-02T16:00:00.000Z",
        "city": null,
        "region": "OH",
        "country": "US",
        "road": "I 271 Express",
        "postalcode": "44122"
      }
    },
    {
      "type": "Feature",
      "geometry": {
        "type": "Point",
        "coordinates": [
          -80.55130768,
          27.76704216
        ]
      },
      "properties": {
        "netid": "24:B2:B9:05:A9:DF",
        "ssid": null,
        "oui": "24:B2:B9",
        "channel": 1,
        "encryption": "unknown",
        "firsttime": "2026-06-06T00:00:00.000Z",
        "lasttime": "2026-06-07T09:00:00.000Z",
        "city": null,
        "region": "FL",
        "country": "US",
        "road": "I 95",
        "postalcode": "32961"
      }
    },
    {
      "type": "Feature",
      "geometry": {
        "type": "Point",
        "coordinates": [
          -123.25721741,
          49.26026154
        ]
      },
      "properties": {
        "netid": "24:B2:B9:07:85:6B",
        "ssid": null,
        "oui": "24:B2:B9",
        "channel": 11,
        "encryption": "wpa2",
        "firsttime": "2026-08-06T22:00:00.000Z",
        "lasttime": "2026-08-06T16:00:00.000Z",
        "city": "Electoral Area A",
        "region": "British Columbia",
        "country": "CA",
        "road": "Northwest Marine Drive",
        "postalcode": "V6T"
      }
    },
    {
      "type": "Feature",
      "geometry": {
        "type": "Point",
        "coordinates": [
          -0.21807808,
          51.53287888
        ]
      },
      "properties": {
        "netid": "24:B2:B9:08:23:6B",
        "ssid": null,
        "oui": "24:B2:B9",
        "channel": 6,
        "encryption": "unknown",
        "firsttime": "2026-05-15T18:00:00.000Z",
        "lasttime": "2026-05-20T00:00:00.000Z",
        "city": "London",
        "region": "England",
        "country": "GB",
        "road": "Kempe Road",
        "postalcode": "NW10 3JL"
      }
    },
    {
      "type": "Feature",
      "geometry": {
        "type": "Point",
        "coordinates": [
          -73.91921234,
          41.69861221
        ]
      },
      "properties": {
        "netid": "24:B2:B9:09:15:A8",
        "ssid": null,
        "oui": "24:B2:B9",
        "channel": 0,
        "encryption": "none",
        "firsttime": "2026-01-23T16:00:00.000Z",
        "lasttime": "2026-01-23T09:00:00.000Z",
        "city": null,
        "region": "NY",
        "country": "US",
        "road": "Church Street",
        "postalcode": "12601"
      }
    },
    {
      "type": "Feature",
      "geometry": {
        "type": "Point",
        "coordinates": [
          -122.39479828,
          47.10796356
        ]
      },
      "properties": {
        "netid": "24:B2:B9:0C:92:4B",
        "ssid": null,
        "oui": "24:B2:B9",
        "channel": 1,
        "encryption": "wpa2",
        "firsttime": "2026-07-21T23:00:00.000Z",
        "lasttime": "2026-07-21T17:00:00.000Z",
        "city": null,
        "region": "WA",
        "country": "US",
        "road": "Military Road East",
        "postalcode": "98445"
      }
    },
    {
      "type": "Feature",
      "geometry": {
        "type": "Point",
        "coordinates": [
          -98.86273193,
          30.26859093
        ]
      },
      "properties": {
        "netid": "24:B2:B9:0D:56:B3",
        "ssid": null,
        "oui": "24:B2:B9",
        "channel": 0,
        "encryption": "unknown",
        "firsttime": "2026-02-02T10:00:00.000Z",
        "lasttime": "2026-02-02T17:00:00.000Z",
        "city": "Fredericksburg",
        "region": "TX",
        "country": "US",
        "road": "East Main Street",
        "postalcode": "76824"
      }
    },
    {
      "type": "Feature",
      "geometry": {
        "type": "Point",
        "coordinates": [
          -97.84241486,
          30.14899063
        ]
      },
      "properties": {
        "netid": "24:B2:B9:0D:58:03",
        "ssid": null,
        "oui": "24:B2:B9",
        "channel": 161,
        "encryption": "unknown",
        "firsttime": "2026-03-29T22:00:00.000Z",
        "lasttime": "2026-03-29T19:00:00.000Z",
        "city": "Austin",
        "region": "TX",
        "country": "US",
        "road": "Rancho Alto Road",
        "postalcode": "78748"
      }
    },
    {
      "type": "Feature",
      "geometry": {
        "type": "Point",
        "coordinates": [
          -117.80702972,
          33.68426514
        ]
      },
      "properties": {
        "netid": "24:B2:B9:0D:8E:8F",
        "ssid": null,
        "oui": "24:B2:B9",
        "channel": 4,
        "encryption": "none",
        "firsttime": "2026-08-01T11:00:00.000Z",
        "lasttime": "2026-08-01T21:00:00.000Z",
        "city": "Irvine",
        "region": "CA",
        "country": "US",
        "road": "Pinestone",
        "postalcode": "92604"
      }
    },
    {
      "type": "Feature",
      "geometry": {
        "type": "Point",
        "coordinates": [
          -97.74501801,
          30.39621735
        ]
      },
      "properties": {
        "netid": "24:B2:B9:0D:B6:F7",
        "ssid": null,
        "oui": "24:B2:B9",
        "channel": 0,
        "encryption": "unknown",
        "firsttime": "2026-05-21T11:00:00.000Z",
        "lasttime": "2026-05-21T18:00:00.000Z",
        "city": "Austin",
        "region": "TX",
        "country": "US",
        "road": "Research Boulevard",
        "postalcode": "78759"
      }
    },
    {
      "type": "Feature",
      "geometry": {
        "type": "Point",
        "coordinates": [
          -97.40653992,
          30.35224342
        ]
      },
      "properties": {
        "netid": "24:B2:B9:0F:68:E7",
        "ssid": null,
        "oui": "24:B2:B9",
        "channel": 0,
        "encryption": "unknown",
        "firsttime": "2026-03-24T11:00:00.000Z",
        "lasttime": "2026-04-01T05:00:00.000Z",
        "city": "Elgin",
        "region": "TX",
        "country": "US",
        "road": "West US Highway 290",
        "postalcode": "78621"
      }
    },
    {
      "type": "Feature",
      "geometry": {
        "type": "Point",
        "coordinates": [
          -118.28061676,
          34.01554871
        ]
      },
      "properties": {
        "netid": "24:B2:B9:11:51:8D",
        "ssid": null,
        "oui": "24:B2:B9",
        "channel": 1,
        "encryption": "wpa2",
        "firsttime": "2026-07-08T23:00:00.000Z",
        "lasttime": "2026-07-08T17:00:00.000Z",
        "city": "Los Angeles",
        "region": "CA",
        "country": "US",
        "road": "I-110 Metro ExpressLanes",
        "postalcode": "90089-0871"
      }
    },
    {
      "type": "Feature",
      "geometry": {
        "type": "Point",
        "coordinates": [
          -90.71521759,
          35.81295776
        ]
      },
      "properties": {
        "netid": "24:B2:B9:13:B2:33",
        "ssid": null,
        "oui": "24:B2:B9",
        "channel": 6,
        "encryption": "wpa2",
        "firsttime": "2026-07-30T03:00:00.000Z",
        "lasttime": "2026-07-29T22:00:00.000Z",
        "city": "Jonesboro",
        "region": "AR",
        "country": "US",
        "road": "Southwest Drive",
        "postalcode": "72401"
      }
    },
    {
      "type": "Feature",
      "geometry": {
        "type": "Point",
        "coordinates": [
          -85.67617798,
          38.21678543
        ]
      },
      "properties": {
        "netid": "24:B2:B9:17:DB:BF",
        "ssid": null,
        "oui": "24:B2:B9",
        "channel": 0,
        "encryption": "wpa2",
        "firsttime": "2026-03-31T20:00:00.000Z",
        "lasttime": "2026-04-01T11:00:00.000Z",
        "city": "Louisville",
        "region": "KY",
        "country": "US",
        "road": "Bardstown Road",
        "postalcode": "40205"
      }
    },
    {
      "type": "Feature",
      "geometry": {
        "type": "Point",
        "coordinates": [
          12.09603786,
          48.99840164
        ]
      },
      "properties": {
        "netid": "24:B2:B9:19:B4:31",
        "ssid": null,
        "oui": "24:B2:B9",
        "channel": 2,
        "encryption": "unknown",
        "firsttime": "2025-11-18T14:00:00.000Z",
        "lasttime": "2025-11-18T09:00:00.000Z",
        "city": "Regensburg",
        "region": "Bayern",
        "country": "DE",
        "road": "Universit\u00e4tsstra\u00dfe",
        "postalcode": "93053"
      }
    },
    {
      "type": "Feature",
      "geometry": {
        "type": "Point",
        "coordinates": [
          -83.21411896,
          42.54399109
        ]
      },
      "properties": {
        "netid": "24:B2:B9:1B:1D:4F",
        "ssid": "24:b2:b9:1b:1d:4f",
        "oui": "24:B2:B9",
        "channel": 9,
        "encryption": "none",
        "firsttime": "2025-09-04T17:00:00.000Z",
        "lasttime": "2025-09-04T18:00:00.000Z",
        "city": null,
        "region": "MI",
        "country": "US",
        "road": "East Brown Street",
        "postalcode": "48009"
      }
    },
    {
      "type": "Feature",
      "geometry": {
        "type": "Point",
        "coordinates": [
          -97.37962341,
          37.67296219
        ]
      },
      "properties": {
        "netid": "24:B2:B9:21:27:2F",
        "ssid": null,
        "oui": "24:B2:B9",
        "channel": 1,
        "encryption": "unknown",
        "firsttime": "2026-05-03T05:00:00.000Z",
        "lasttime": "2026-05-09T18:00:00.000Z",
        "city": "Wichita",
        "region": "KS",
        "country": "US",
        "road": "West McCormick Street",
        "postalcode": "67213"
      }
    },
    {
      "type": "Feature",
      "geometry": {
        "type": "Point",
        "coordinates": [
          -93.57145691,
          42.02658081
        ]
      },
      "properties": {
        "netid": "24:B2:B9:25:C0:9D",
        "ssid": null,
        "oui": "24:B2:B9",
        "channel": 40,
        "encryption": "unknown",
        "firsttime": "2026-07-29T08:00:00.000Z",
        "lasttime": "2026-07-29T20:00:00.000Z",
        "city": "Ames",
        "region": "IA",
        "country": "US",
        "road": "I 35",
        "postalcode": "50019"
      }
    },
    {
      "type": "Feature",
      "geometry": {
        "type": "Point",
        "coordinates": [
          -71.12136078,
          42.29276276
        ]
      },
      "properties": {
        "netid": "24:B2:B9:25:E4:DF",
        "ssid": null,
        "oui": "24:B2:B9",
        "channel": 1,
        "encryption": "wpa2",
        "firsttime": "2026-06-21T20:00:00.000Z",
        "lasttime": "2026-06-21T13:00:00.000Z",
        "city": "Boston",
        "region": "MA",
        "country": "US",
        "road": "Archdale Road",
        "postalcode": "02131"
      }
    },
    {
      "type": "Feature",
      "geometry": {
        "type": "Point",
        "coordinates": [
          -93.50333405,
          41.60276413
        ]
      },
      "properties": {
        "netid": "24:B2:B9:26:F8:B3",
        "ssid": null,
        "oui": "24:B2:B9",
        "channel": 44,
        "encryption": "unknown",
        "firsttime": "2026-06-10T20:00:00.000Z",
        "lasttime": "2026-06-10T17:00:00.000Z",
        "city": null,
        "region": "IA",
        "country": "US",
        "road": "Northeast 56th Street",
        "postalcode": "50009"
      }
    },
    {
      "type": "Feature",
      "geometry": {
        "type": "Point",
        "coordinates": [
          -114.00600433,
          51.08109665
        ]
      },
      "properties": {
        "netid": "24:B2:B9:27:92:57",
        "ssid": null,
        "oui": "24:B2:B9",
        "channel": 40,
        "encryption": "unknown",
        "firsttime": "2025-12-20T19:00:00.000Z",
        "lasttime": "2025-12-20T14:00:00.000Z",
        "city": "Calgary",
        "region": "Alberta",
        "country": "CA",
        "road": "30 Ave NE",
        "postalcode": "T2E 7B2"
      }
    },
    {
      "type": "Feature",
      "geometry": {
        "type": "Point",
        "coordinates": [
          -118.35926819,
          33.80817795
        ]
      },
      "properties": {
        "netid": "24:B2:B9:29:3A:6B",
        "ssid": null,
        "oui": "24:B2:B9",
        "channel": 6,
        "encryption": "wpa2",
        "firsttime": "2026-06-04T00:00:00.000Z",
        "lasttime": "2026-07-29T18:00:00.000Z",
        "city": "Torrance",
        "region": "CA",
        "country": "US",
        "road": "Pacific Coast Highway",
        "postalcode": "90505"
      }
    },
    {
      "type": "Feature",
      "geometry": {
        "type": "Point",
        "coordinates": [
          -73.12840271,
          44.9225769
        ]
      },
      "properties": {
        "netid": "24:B2:B9:29:A1:FF",
        "ssid": null,
        "oui": "24:B2:B9",
        "channel": 153,
        "encryption": "unknown",
        "firsttime": "2026-05-22T21:00:00.000Z",
        "lasttime": "2026-05-22T22:00:00.000Z",
        "city": "Swanton",
        "region": "VT",
        "country": "US",
        "road": "North River Street",
        "postalcode": "05488"
      }
    },
    {
      "type": "Feature",
      "geometry": {
        "type": "Point",
        "coordinates": [
          -97.34827423,
          30.11160278
        ]
      },
      "properties": {
        "netid": "24:B2:B9:2A:62:75",
        "ssid": null,
        "oui": "24:B2:B9",
        "channel": 0,
        "encryption": "unknown",
        "firsttime": "2026-03-26T09:00:00.000Z",
        "lasttime": "2026-04-01T05:00:00.000Z",
        "city": null,
        "region": "TX",
        "country": "US",
        "road": "State Highway 71 West",
        "postalcode": "78602"
      }
    },
    {
      "type": "Feature",
      "geometry": {
        "type": "Point",
        "coordinates": [
          -97.74010468,
          30.39925385
        ]
      },
      "properties": {
        "netid": "24:B2:B9:2A:AE:65",
        "ssid": null,
        "oui": "24:B2:B9",
        "channel": 0,
        "encryption": "unknown",
        "firsttime": "2026-03-16T09:00:00.000Z",
        "lasttime": "2026-05-21T18:00:00.000Z",
        "city": "Austin",
        "region": "TX",
        "country": "US",
        "road": "West Braker Lane",
        "postalcode": "78759"
      }
    },
    {
      "type": "Feature",
      "geometry": {
        "type": "Point",
        "coordinates": [
          -97.74042511,
          30.39940643
        ]
      },
      "properties": {
        "netid": "24:B2:B9:2A:C1:79",
        "ssid": null,
        "oui": "24:B2:B9",
        "channel": 0,
        "encryption": "unknown",
        "firsttime": "2026-03-16T09:00:00.000Z",
        "lasttime": "2026-05-21T18:00:00.000Z",
        "city": "Austin",
        "region": "TX",
        "country": "US",
        "road": "West Braker Lane",
        "postalcode": "78759"
      }
    },
    {
      "type": "Feature",
      "geometry": {
        "type": "Point",
        "coordinates": [
          -77.60505676,
          37.51382828
        ]
      },
      "properties": {
        "netid": "24:B2:B9:2C:02:D7",
        "ssid": "Costco Member Wifi",
        "oui": "24:B2:B9",
        "channel": 1,
        "encryption": "unknown",
        "firsttime": "2025-07-11T18:00:00.000Z",
        "lasttime": "2025-07-20T17:00:00.000Z",
        "city": "Richmond",
        "region": "VA",
        "country": "US",
        "road": "Mall Drive",
        "postalcode": "23235"
      }
    },
    {
      "type": "Feature",
      "geometry": {
        "type": "Point",
        "coordinates": [
          -114.20046997,
          51.08204269
        ]
      },
      "properties": {
        "netid": "24:B2:B9:2D:3C:95",
        "ssid": null,
        "oui": "24:B2:B9",
        "channel": 136,
        "encryption": "unknown",
        "firsttime": "2025-12-23T16:00:00.000Z",
        "lasttime": "2025-12-23T13:00:00.000Z",
        "city": "Calgary",
        "region": "Alberta",
        "country": "CA",
        "road": "16 Avenue NW",
        "postalcode": "T3B 3R6"
      }
    },
    {
      "type": "Feature",
      "geometry": {
        "type": "Point",
        "coordinates": [
          -114.11990356,
          51.13594818
        ]
      },
      "properties": {
        "netid": "24:B2:B9:2D:3C:99",
        "ssid": null,
        "oui": "24:B2:B9",
        "channel": 157,
        "encryption": "unknown",
        "firsttime": "2025-11-28T18:00:00.000Z",
        "lasttime": "2025-11-28T15:00:00.000Z",
        "city": "Calgary",
        "region": "Alberta",
        "country": "CA",
        "road": "MacEwan Park Rise NW",
        "postalcode": "T3K 4K2"
      }
    },
    {
      "type": "Feature",
      "geometry": {
        "type": "Point",
        "coordinates": [
          -82.41404724,
          28.17133713
        ]
      },
      "properties": {
        "netid": "24:B2:B9:2D:5F:7D",
        "ssid": null,
        "oui": "24:B2:B9",
        "channel": 36,
        "encryption": "unknown",
        "firsttime": "2026-06-13T19:00:00.000Z",
        "lasttime": "2026-06-18T03:00:00.000Z",
        "city": null,
        "region": "FL",
        "country": "US",
        "road": "County Line Road",
        "postalcode": "33559"
      }
    },
    {
      "type": "Feature",
      "geometry": {
        "type": "Point",
        "coordinates": [
          -71.11665344,
          42.29732895
        ]
      },
      "properties": {
        "netid": "24:B2:B9:2D:5F:B1",
        "ssid": null,
        "oui": "24:B2:B9",
        "channel": 1,
        "encryption": "wpa2",
        "firsttime": "2026-06-28T19:00:00.000Z",
        "lasttime": "2026-06-28T13:00:00.000Z",
        "city": "Boston",
        "region": "MA",
        "country": "US",
        "road": "Washington Street",
        "postalcode": "02130-3500"
      }
    },
    {
      "type": "Feature",
      "geometry": {
        "type": "Point",
        "coordinates": [
          -73.62947083,
          45.61577988
        ]
      },
      "properties": {
        "netid": "24:B2:B9:2D:5F:DB",
        "ssid": null,
        "oui": "24:B2:B9",
        "channel": 0,
        "encryption": "unknown",
        "firsttime": "2025-08-19T16:00:00.000Z",
        "lasttime": "2025-08-23T06:00:00.000Z",
        "city": "Montr\u00e9al",
        "region": "Qu\u00e9bec",
        "country": "CA",
        "road": "Boulevard Lacordaire",
        "postalcode": "H1G 4V1"
      }
    },
    {
      "type": "Feature",
      "geometry": {
        "type": "Point",
        "coordinates": [
          -73.62947083,
          45.61577988
        ]
      },
      "properties": {
        "netid": "24:B2:B9:2E:F6:DF",
        "ssid": null,
        "oui": "24:B2:B9",
        "channel": 0,
        "encryption": "unknown",
        "firsttime": "2025-08-19T16:00:00.000Z",
        "lasttime": "2025-08-23T06:00:00.000Z",
        "city": "Montr\u00e9al",
        "region": "Qu\u00e9bec",
        "country": "CA",
        "road": "Boulevard Lacordaire",
        "postalcode": "H1G 4V1"
      }
    },
    {
      "type": "Feature",
      "geometry": {
        "type": "Point",
        "coordinates": [
          -73.6294632,
          45.61577606
        ]
      },
      "properties": {
        "netid": "24:B2:B9:30:0C:19",
        "ssid": null,
        "oui": "24:B2:B9",
        "channel": 0,
        "encryption": "unknown",
        "firsttime": "2025-08-19T16:00:00.000Z",
        "lasttime": "2025-08-23T06:00:00.000Z",
        "city": "Montr\u00e9al",
        "region": "Qu\u00e9bec",
        "country": "CA",
        "road": "Boulevard Lacordaire",
        "postalcode": "H1G 4V1"
      }
    },
    {
      "type": "Feature",
      "geometry": {
        "type": "Point",
        "coordinates": [
          -73.62947083,
          45.61577988
        ]
      },
      "properties": {
        "netid": "24:B2:B9:30:0C:1B",
        "ssid": null,
        "oui": "24:B2:B9",
        "channel": 0,
        "encryption": "unknown",
        "firsttime": "2025-08-19T16:00:00.000Z",
        "lasttime": "2025-08-23T06:00:00.000Z",
        "city": "Montr\u00e9al",
        "region": "Qu\u00e9bec",
        "country": "CA",
        "road": "Boulevard Lacordaire",
        "postalcode": "H1G 4V1"
      }
    },
    {
      "type": "Feature",
      "geometry": {
        "type": "Point",
        "coordinates": [
          -74.60573578,
          40.58031464
        ]
      },
      "properties": {
        "netid": "24:B2:B9:30:0C:FF",
        "ssid": null,
        "oui": "24:B2:B9",
        "channel": 8,
        "encryption": "unknown",
        "firsttime": "2026-06-17T15:00:00.000Z",
        "lasttime": "2026-06-17T09:00:00.000Z",
        "city": null,
        "region": "NJ",
        "country": "US",
        "road": "US 22",
        "postalcode": "08812"
      }
    },
    {
      "type": "Feature",
      "geometry": {
        "type": "Point",
        "coordinates": [
          -73.37130737,
          40.83540344
        ]
      },
      "properties": {
        "netid": "24:B2:B9:30:13:F7",
        "ssid": null,
        "oui": "24:B2:B9",
        "channel": 3,
        "encryption": "unknown",
        "firsttime": "2025-08-05T20:00:00.000Z",
        "lasttime": "2025-08-05T14:00:00.000Z",
        "city": null,
        "region": "NY",
        "country": "US",
        "road": "East Jericho Turnpike",
        "postalcode": "11740"
      }
    },
    {
      "type": "Feature",
      "geometry": {
        "type": "Point",
        "coordinates": [
          -73.62947083,
          45.61577988
        ]
      },
      "properties": {
        "netid": "24:B2:B9:30:9E:89",
        "ssid": null,
        "oui": "24:B2:B9",
        "channel": 0,
        "encryption": "unknown",
        "firsttime": "2025-08-19T16:00:00.000Z",
        "lasttime": "2025-08-23T06:00:00.000Z",
        "city": "Montr\u00e9al",
        "region": "Qu\u00e9bec",
        "country": "CA",
        "road": "Boulevard Lacordaire",
        "postalcode": "H1G 4V1"
      }
    },
    {
      "type": "Feature",
      "geometry": {
        "type": "Point",
        "coordinates": [
          -122.18505096,
          48.09549713
        ]
      },
      "properties": {
        "netid": "24:B2:B9:30:9F:15",
        "ssid": null,
        "oui": "24:B2:B9",
        "channel": 1,
        "encryption": "wpa2",
        "firsttime": "2026-07-20T11:00:00.000Z",
        "lasttime": "2026-07-20T06:00:00.000Z",
        "city": null,
        "region": "WA",
        "country": "US",
        "road": "I 5",
        "postalcode": "98271"
      }
    },
    {
      "type": "Feature",
      "geometry": {
        "type": "Point",
        "coordinates": [
          -73.62947083,
          45.61577988
        ]
      },
      "properties": {
        "netid": "24:B2:B9:30:9F:B9",
        "ssid": null,
        "oui": "24:B2:B9",
        "channel": 0,
        "encryption": "unknown",
        "firsttime": "2025-08-19T16:00:00.000Z",
        "lasttime": "2025-08-23T06:00:00.000Z",
        "city": "Montr\u00e9al",
        "region": "Qu\u00e9bec",
        "country": "CA",
        "road": "Boulevard Lacordaire",
        "postalcode": "H1G 4V1"
      }
    },
    {
      "type": "Feature",
      "geometry": {
        "type": "Point",
        "coordinates": [
          -93.54234314,
          41.60071564
        ]
      },
      "properties": {
        "netid": "24:B2:B9:31:22:D5",
        "ssid": null,
        "oui": "24:B2:B9",
        "channel": 149,
        "encryption": "unknown",
        "firsttime": "2026-06-10T21:00:00.000Z",
        "lasttime": "2026-06-10T17:00:00.000Z",
        "city": "Des Moines",
        "region": "IA",
        "country": "US",
        "road": "East University Avenue",
        "postalcode": "50317"
      }
    },
    {
      "type": "Feature",
      "geometry": {
        "type": "Point",
        "coordinates": [
          -93.62049866,
          41.65522766
        ]
      },
      "properties": {
        "netid": "24:B2:B9:31:58:21",
        "ssid": null,
        "oui": "24:B2:B9",
        "channel": 4,
        "encryption": "unknown",
        "firsttime": "2026-05-19T18:00:00.000Z",
        "lasttime": "2026-05-19T20:00:00.000Z",
        "city": null,
        "region": "IA",
        "country": "US",
        "road": "Northwest 52nd Avenue",
        "postalcode": "50313-2213"
      }
    },
    {
      "type": "Feature",
      "geometry": {
        "type": "Point",
        "coordinates": [
          -82.7000885,
          27.81275368
        ]
      },
      "properties": {
        "netid": "24:B2:B9:32:AE:7B",
        "ssid": null,
        "oui": "24:B2:B9",
        "channel": 40,
        "encryption": "unknown",
        "firsttime": "2025-10-20T23:00:00.000Z",
        "lasttime": "2025-12-05T04:00:00.000Z",
        "city": "Pinellas Park",
        "region": "FL",
        "country": "US",
        "road": "49th Street",
        "postalcode": "33782"
      }
    },
    {
      "type": "Feature",
      "geometry": {
        "type": "Point",
        "coordinates": [
          -78.78325653,
          35.76536942
        ]
      },
      "properties": {
        "netid": "24:B2:B9:33:91:91",
        "ssid": null,
        "oui": "24:B2:B9",
        "channel": 1,
        "encryption": "wpa2",
        "firsttime": "2026-05-31T22:00:00.000Z",
        "lasttime": "2026-05-31T16:00:00.000Z",
        "city": null,
        "region": "NC",
        "country": "US",
        "road": "Kildaire Farm Road",
        "postalcode": "27511-9998"
      }
    },
    {
      "type": "Feature",
      "geometry": {
        "type": "Point",
        "coordinates": [
          -97.68010712,
          30.32990074
        ]
      },
      "properties": {
        "netid": "24:B2:B9:33:C6:95",
        "ssid": null,
        "oui": "24:B2:B9",
        "channel": 0,
        "encryption": "unknown",
        "firsttime": "2026-03-24T11:00:00.000Z",
        "lasttime": "2026-04-01T05:00:00.000Z",
        "city": "Austin",
        "region": "TX",
        "country": "US",
        "road": "US 183",
        "postalcode": "78753:78754"
      }
    },
    {
      "type": "Feature",
      "geometry": {
        "type": "Point",
        "coordinates": [
          -118.27230835,
          33.84754562
        ]
      },
      "properties": {
        "netid": "24:B2:B9:36:A3:99",
        "ssid": null,
        "oui": "24:B2:B9",
        "channel": 11,
        "encryption": "wpa2",
        "firsttime": "2026-07-24T06:00:00.000Z",
        "lasttime": "2026-07-31T13:00:00.000Z",
        "city": "Carson",
        "region": "CA",
        "country": "US",
        "road": "San Diego Freeway",
        "postalcode": "90745"
      }
    },
    {
      "type": "Feature",
      "geometry": {
        "type": "Point",
        "coordinates": [
          -72.97719574,
          43.47184372
        ]
      },
      "properties": {
        "netid": "24:B2:B9:37:E5:6F",
        "ssid": "0",
        "oui": "24:B2:B9",
        "channel": 149,
        "encryption": "unknown",
        "firsttime": "2025-10-25T00:00:00.000Z",
        "lasttime": "2026-04-18T19:00:00.000Z",
        "city": null,
        "region": "VT",
        "country": "US",
        "road": "North Main Street",
        "postalcode": "05773"
      }
    },
    {
      "type": "Feature",
      "geometry": {
        "type": "Point",
        "coordinates": [
          -122.21568298,
          47.48428726
        ]
      },
      "properties": {
        "netid": "24:B2:B9:38:74:C9",
        "ssid": null,
        "oui": "24:B2:B9",
        "channel": 6,
        "encryption": "wpa2",
        "firsttime": "2026-08-05T01:00:00.000Z",
        "lasttime": "2026-08-04T21:00:00.000Z",
        "city": null,
        "region": "WA",
        "country": "US",
        "road": "Lake Avenue South",
        "postalcode": "98057"
      }
    },
    {
      "type": "Feature",
      "geometry": {
        "type": "Point",
        "coordinates": [
          -79.22090149,
          37.40431595
        ]
      },
      "properties": {
        "netid": "24:B2:B9:39:F2:6D",
        "ssid": null,
        "oui": "24:B2:B9",
        "channel": 1,
        "encryption": "unknown",
        "firsttime": "2026-03-23T00:00:00.000Z",
        "lasttime": "2026-03-31T02:00:00.000Z",
        "city": "Lynchburg",
        "region": "VA",
        "country": "US",
        "road": "Old Forest Road",
        "postalcode": "24501"
      }
    },
    {
      "type": "Feature",
      "geometry": {
        "type": "Point",
        "coordinates": [
          -97.40981293,
          30.57107353
        ]
      },
      "properties": {
        "netid": "24:B2:B9:3C:3E:27",
        "ssid": null,
        "oui": "24:B2:B9",
        "channel": 0,
        "encryption": "unknown",
        "firsttime": "2025-06-12T11:00:00.000Z",
        "lasttime": "2025-06-13T09:00:00.000Z",
        "city": null,
        "region": "TX",
        "country": "US",
        "road": "North Main Street",
        "postalcode": "76574"
      }
    },
    {
      "type": "Feature",
      "geometry": {
        "type": "Point",
        "coordinates": [
          -93.61888885,
          41.58711243
        ]
      },
      "properties": {
        "netid": "24:B2:B9:3D:D1:01",
        "ssid": null,
        "oui": "24:B2:B9",
        "channel": 5,
        "encryption": "unknown",
        "firsttime": "2026-07-03T16:00:00.000Z",
        "lasttime": "2026-07-03T11:00:00.000Z",
        "city": "Des Moines",
        "region": "IA",
        "country": "US",
        "road": "Walnut Street",
        "postalcode": "50309"
      }
    },
    {
      "type": "Feature",
      "geometry": {
        "type": "Point",
        "coordinates": [
          -122.35659027,
          47.09469986
        ]
      },
      "properties": {
        "netid": "24:B2:B9:3E:BE:39",
        "ssid": null,
        "oui": "24:B2:B9",
        "channel": 11,
        "encryption": "wpa2",
        "firsttime": "2026-07-21T23:00:00.000Z",
        "lasttime": "2026-07-21T17:00:00.000Z",
        "city": null,
        "region": "WA",
        "country": "US",
        "road": "Canyon Road East",
        "postalcode": "98375"
      }
    },
    {
      "type": "Feature",
      "geometry": {
        "type": "Point",
        "coordinates": [
          -73.57090759,
          45.64569473
        ]
      },
      "properties": {
        "netid": "24:B2:B9:41:C4:25",
        "ssid": null,
        "oui": "24:B2:B9",
        "channel": 0,
        "encryption": "unknown",
        "firsttime": "2025-07-01T13:00:00.000Z",
        "lasttime": "2025-07-08T15:00:00.000Z",
        "city": "Montr\u00e9al",
        "region": "Qu\u00e9bec",
        "country": "CA",
        "road": "Boulevard Maurice-Duplessis",
        "postalcode": "H1E 7E4"
      }
    },
    {
      "type": "Feature",
      "geometry": {
        "type": "Point",
        "coordinates": [
          -74.41944122,
          40.54573059
        ]
      },
      "properties": {
        "netid": "24:B2:B9:42:7F:33",
        "ssid": null,
        "oui": "24:B2:B9",
        "channel": 6,
        "encryption": "unknown",
        "firsttime": "2026-05-12T15:00:00.000Z",
        "lasttime": "2026-06-19T18:00:00.000Z",
        "city": null,
        "region": "NJ",
        "country": "US",
        "road": "Corporate Boulevard",
        "postalcode": "07080"
      }
    },
    {
      "type": "Feature",
      "geometry": {
        "type": "Point",
        "coordinates": [
          -72.96952057,
          43.586689
        ]
      },
      "properties": {
        "netid": "24:B2:B9:44:03:4F",
        "ssid": null,
        "oui": "24:B2:B9",
        "channel": 149,
        "encryption": "unknown",
        "firsttime": "2025-06-29T19:00:00.000Z",
        "lasttime": "2025-07-05T17:00:00.000Z",
        "city": "Rutland",
        "region": "VT",
        "country": "US",
        "road": "Randbury Road",
        "postalcode": "05701"
      }
    },
    {
      "type": "Feature",
      "geometry": {
        "type": "Point",
        "coordinates": [
          -122.18871307,
          48.15245438
        ]
      },
      "properties": {
        "netid": "24:B2:B9:46:59:1B",
        "ssid": null,
        "oui": "24:B2:B9",
        "channel": 1,
        "encryption": "wpa2",
        "firsttime": "2026-07-15T20:00:00.000Z",
        "lasttime": "2026-07-15T15:00:00.000Z",
        "city": null,
        "region": "WA",
        "country": "US",
        "road": "I 5",
        "postalcode": "09223"
      }
    },
    {
      "type": "Feature",
      "geometry": {
        "type": "Point",
        "coordinates": [
          -77.60502625,
          37.51356888
        ]
      },
      "properties": {
        "netid": "24:B2:B9:46:E3:21",
        "ssid": null,
        "oui": "24:B2:B9",
        "channel": 7,
        "encryption": "unknown",
        "firsttime": "2025-07-11T18:00:00.000Z",
        "lasttime": "2025-07-20T17:00:00.000Z",
        "city": "Richmond",
        "region": "VA",
        "country": "US",
        "road": "Mall Drive",
        "postalcode": "23235"
      }
    },
    {
      "type": "Feature",
      "geometry": {
        "type": "Point",
        "coordinates": [
          -117.43442535,
          34.10265732
        ]
      },
      "properties": {
        "netid": "24:B2:B9:47:01:67",
        "ssid": null,
        "oui": "24:B2:B9",
        "channel": 11,
        "encryption": "unknown",
        "firsttime": "2025-11-13T16:00:00.000Z",
        "lasttime": "2025-11-20T17:00:00.000Z",
        "city": "Fontana",
        "region": "CA",
        "country": "US",
        "road": "Wheeler Avenue",
        "postalcode": "92336"
      }
    },
    {
      "type": "Feature",
      "geometry": {
        "type": "Point",
        "coordinates": [
          40.73693848,
          -59.0
        ]
      },
      "properties": {
        "netid": "24:B2:B9:48:7B:C9",
        "ssid": "24:B2:B9:48:7B:C9",
        "oui": "24:B2:B9",
        "channel": 100,
        "encryption": "unknown",
        "firsttime": "2026-03-17T15:00:00.000Z",
        "lasttime": "2026-03-18T22:00:00.000Z",
        "city": null,
        "region": null,
        "country": null,
        "road": null,
        "postalcode": null
      }
    },
    {
      "type": "Feature",
      "geometry": {
        "type": "Point",
        "coordinates": [
          -77.42692566,
          37.5393219
        ]
      },
      "properties": {
        "netid": "24:B2:B9:48:A9:27",
        "ssid": null,
        "oui": "24:B2:B9",
        "channel": 4,
        "encryption": "unknown",
        "firsttime": "2026-03-14T03:00:00.000Z",
        "lasttime": "2026-03-15T08:00:00.000Z",
        "city": "Richmond",
        "region": "VA",
        "country": "US",
        "road": "I 95",
        "postalcode": "23298"
      }
    },
    {
      "type": "Feature",
      "geometry": {
        "type": "Point",
        "coordinates": [
          -86.07070923,
          39.91324615
        ]
      },
      "properties": {
        "netid": "24:B2:B9:48:C3:41",
        "ssid": null,
        "oui": "24:B2:B9",
        "channel": 48,
        "encryption": "unknown",
        "firsttime": "2026-04-09T16:00:00.000Z",
        "lasttime": "2026-04-09T19:00:00.000Z",
        "city": "Indianapolis",
        "region": "IN",
        "country": "US",
        "road": "East 86th Street",
        "postalcode": "46250"
      }
    },
    {
      "type": "Feature",
      "geometry": {
        "type": "Point",
        "coordinates": [
          -73.57080841,
          45.64577103
        ]
      },
      "properties": {
        "netid": "24:B2:B9:49:46:17",
        "ssid": null,
        "oui": "24:B2:B9",
        "channel": 0,
        "encryption": "unknown",
        "firsttime": "2025-07-01T13:00:00.000Z",
        "lasttime": "2025-07-08T15:00:00.000Z",
        "city": "Montr\u00e9al",
        "region": "Qu\u00e9bec",
        "country": "CA",
        "road": "Boulevard Maurice-Duplessis",
        "postalcode": "H1E 7E4"
      }
    },
    {
      "type": "Feature",
      "geometry": {
        "type": "Point",
        "coordinates": [
          -73.5717392,
          45.64582443
        ]
      },
      "properties": {
        "netid": "24:B2:B9:49:46:3F",
        "ssid": null,
        "oui": "24:B2:B9",
        "channel": 0,
        "encryption": "unknown",
        "firsttime": "2025-07-01T13:00:00.000Z",
        "lasttime": "2025-07-08T15:00:00.000Z",
        "city": "Montr\u00e9al",
        "region": "Qu\u00e9bec",
        "country": "CA",
        "road": "Boulevard Maurice-Duplessis",
        "postalcode": "H1E 7E4"
      }
    },
    {
      "type": "Feature",
      "geometry": {
        "type": "Point",
        "coordinates": [
          -78.77186584,
          35.82873917
        ]
      },
      "properties": {
        "netid": "24:B2:B9:49:FB:33",
        "ssid": null,
        "oui": "24:B2:B9",
        "channel": 1,
        "encryption": "wpa2",
        "firsttime": "2026-06-22T19:00:00.000Z",
        "lasttime": "2026-06-22T14:00:00.000Z",
        "city": null,
        "region": "NC",
        "country": "US",
        "road": "Weston Parkway",
        "postalcode": "27513"
      }
    },
    {
      "type": "Feature",
      "geometry": {
        "type": "Point",
        "coordinates": [
          -80.28326416,
          25.97135544
        ]
      },
      "properties": {
        "netid": "24:B2:B9:4A:25:EF",
        "ssid": null,
        "oui": "24:B2:B9",
        "channel": 48,
        "encryption": "unknown",
        "firsttime": "2026-06-06T02:00:00.000Z",
        "lasttime": "2026-06-07T09:00:00.000Z",
        "city": "Miramar",
        "region": "FL",
        "country": "US",
        "road": "Homestead Extension of Florida's Turnpike",
        "postalcode": "33055:33169"
      }
    },
    {
      "type": "Feature",
      "geometry": {
        "type": "Point",
        "coordinates": [
          -81.20781708,
          28.57159233
        ]
      },
      "properties": {
        "netid": "24:B2:B9:4B:BA:45",
        "ssid": null,
        "oui": "24:B2:B9",
        "channel": 36,
        "encryption": "unknown",
        "firsttime": "2026-06-07T22:00:00.000Z",
        "lasttime": "2026-06-19T14:00:00.000Z",
        "city": null,
        "region": "FL",
        "country": "US",
        "road": "Alafaya Trail",
        "postalcode": "32826"
      }
    },
    {
      "type": "Feature",
      "geometry": {
        "type": "Point",
        "coordinates": [
          151.93913269,
          -27.59189796
        ]
      },
      "properties": {
        "netid": "24:B2:B9:4D:E0:37",
        "ssid": null,
        "oui": "24:B2:B9",
        "channel": 40,
        "encryption": "none",
        "firsttime": "2026-06-20T10:00:00.000Z",
        "lasttime": "2026-06-21T07:00:00.000Z",
        "city": "Toowoomba",
        "region": "Queensland",
        "country": "AU",
        "road": "Stenner Street",
        "postalcode": "4250"
      }
    },
    {
      "type": "Feature",
      "geometry": {
        "type": "Point",
        "coordinates": [
          -93.75772095,
          41.59984207
        ]
      },
      "properties": {
        "netid": "24:B2:B9:4E:04:03",
        "ssid": null,
        "oui": "24:B2:B9",
        "channel": 149,
        "encryption": "unknown",
        "firsttime": "2026-06-12T22:00:00.000Z",
        "lasttime": "2026-06-12T20:00:00.000Z",
        "city": "West Des Moines",
        "region": "IA",
        "country": "US",
        "road": "University Avenue",
        "postalcode": "50266"
      }
    },
    {
      "type": "Feature",
      "geometry": {
        "type": "Point",
        "coordinates": [
          -82.79383087,
          27.84028053
        ]
      },
      "properties": {
        "netid": "24:B2:B9:4E:51:BB",
        "ssid": null,
        "oui": "24:B2:B9",
        "channel": 44,
        "encryption": "unknown",
        "firsttime": "2025-10-13T21:00:00.000Z",
        "lasttime": "2025-10-14T12:00:00.000Z",
        "city": null,
        "region": "FL",
        "country": "US",
        "road": "Park Boulevard North",
        "postalcode": "33776"
      }
    },
    {
      "type": "Feature",
      "geometry": {
        "type": "Point",
        "coordinates": [
          -81.20761871,
          28.57146454
        ]
      },
      "properties": {
        "netid": "24:B2:B9:4E:60:0F",
        "ssid": null,
        "oui": "24:B2:B9",
        "channel": 1,
        "encryption": "unknown",
        "firsttime": "2026-06-06T22:00:00.000Z",
        "lasttime": "2026-07-18T18:00:00.000Z",
        "city": null,
        "region": "FL",
        "country": "US",
        "road": "Alafaya Trail",
        "postalcode": "32826"
      }
    },
    {
      "type": "Feature",
      "geometry": {
        "type": "Point",
        "coordinates": [
          -98.86910248,
          30.27287102
        ]
      },
      "properties": {
        "netid": "24:B2:B9:4E:B0:2D",
        "ssid": null,
        "oui": "24:B2:B9",
        "channel": 0,
        "encryption": "unknown",
        "firsttime": "2026-05-29T09:00:00.000Z",
        "lasttime": "2026-06-01T05:00:00.000Z",
        "city": "Fredericksburg",
        "region": "TX",
        "country": "US",
        "road": "East Main Street",
        "postalcode": "78624"
      }
    },
    {
      "type": "Feature",
      "geometry": {
        "type": "Point",
        "coordinates": [
          -91.16907501,
          40.81189728
        ]
      },
      "properties": {
        "netid": "24:B2:B9:50:E5:81",
        "ssid": null,
        "oui": "24:B2:B9",
        "channel": 6,
        "encryption": "unknown",
        "firsttime": "2026-06-15T17:00:00.000Z",
        "lasttime": "2026-06-15T11:00:00.000Z",
        "city": null,
        "region": "IA",
        "country": "US",
        "road": "West Agency Road",
        "postalcode": "52655"
      }
    },
    {
      "type": "Feature",
      "geometry": {
        "type": "Point",
        "coordinates": [
          -71.46777344,
          43.04387665
        ]
      },
      "properties": {
        "netid": "24:B2:B9:51:9C:B1",
        "ssid": null,
        "oui": "24:B2:B9",
        "channel": 0,
        "encryption": "unknown",
        "firsttime": "2025-11-16T09:00:00.000Z",
        "lasttime": "2026-07-16T13:00:00.000Z",
        "city": null,
        "region": "NH",
        "country": "US",
        "road": "Market Drive",
        "postalcode": "03105"
      }
    },
    {
      "type": "Feature",
      "geometry": {
        "type": "Point",
        "coordinates": [
          -122.76966095,
          45.33394623
        ]
      },
      "properties": {
        "netid": "24:B2:B9:51:F3:C5",
        "ssid": null,
        "oui": "24:B2:B9",
        "channel": 11,
        "encryption": "wpa2",
        "firsttime": "2026-07-24T13:00:00.000Z",
        "lasttime": "2026-07-24T07:00:00.000Z",
        "city": null,
        "region": "OR",
        "country": "US",
        "road": "Robert Hugh Baldock Freeway",
        "postalcode": "97070"
      }
    },
    {
      "type": "Feature",
      "geometry": {
        "type": "Point",
        "coordinates": [
          -77.05464172,
          42.14282227
        ]
      },
      "properties": {
        "netid": "24:B2:B9:51:F5:FB",
        "ssid": null,
        "oui": "24:B2:B9",
        "channel": 153,
        "encryption": "unknown",
        "firsttime": "2026-07-22T21:00:00.000Z",
        "lasttime": "2026-07-23T05:00:00.000Z",
        "city": null,
        "region": "NY",
        "country": "US",
        "road": null,
        "postalcode": "14830-2786"
      }
    },
    {
      "type": "Feature",
      "geometry": {
        "type": "Point",
        "coordinates": [
          -97.11510468,
          30.21037483
        ]
      },
      "properties": {
        "netid": "24:B2:B9:52:0C:05",
        "ssid": null,
        "oui": "24:B2:B9",
        "channel": 0,
        "encryption": "unknown",
        "firsttime": "2025-10-07T13:00:00.000Z",
        "lasttime": "2025-10-07T17:00:00.000Z",
        "city": null,
        "region": "TX",
        "country": "US",
        "road": "US 290",
        "postalcode": null
      }
    },
    {
      "type": "Feature",
      "geometry": {
        "type": "Point",
        "coordinates": [
          -81.20769501,
          28.57149887
        ]
      },
      "properties": {
        "netid": "24:B2:B9:52:7B:A9",
        "ssid": null,
        "oui": "24:B2:B9",
        "channel": 1,
        "encryption": "unknown",
        "firsttime": "2026-06-07T22:00:00.000Z",
        "lasttime": "2026-06-19T14:00:00.000Z",
        "city": null,
        "region": "FL",
        "country": "US",
        "road": "Alafaya Trail",
        "postalcode": "32826"
      }
    },
    {
      "type": "Feature",
      "geometry": {
        "type": "Point",
        "coordinates": [
          -117.53777313,
          34.10730743
        ]
      },
      "properties": {
        "netid": "24:B2:B9:52:A7:F5",
        "ssid": null,
        "oui": "24:B2:B9",
        "channel": 6,
        "encryption": "unknown",
        "firsttime": "2025-11-12T21:00:00.000Z",
        "lasttime": "2025-11-20T17:00:00.000Z",
        "city": "Rancho Cucamonga",
        "region": "CA",
        "country": "US",
        "road": "Foothill Boulevard",
        "postalcode": "91739"
      }
    },
    {
      "type": "Feature",
      "geometry": {
        "type": "Point",
        "coordinates": [
          -97.34936523,
          30.11281013
        ]
      },
      "properties": {
        "netid": "24:B2:B9:52:CC:B7",
        "ssid": null,
        "oui": "24:B2:B9",
        "channel": 0,
        "encryption": "unknown",
        "firsttime": "2026-05-12T09:00:00.000Z",
        "lasttime": "2026-05-12T17:00:00.000Z",
        "city": null,
        "region": "TX",
        "country": "US",
        "road": "Edward Burleson Lane",
        "postalcode": "78602"
      }
    },
    {
      "type": "Feature",
      "geometry": {
        "type": "Point",
        "coordinates": [
          -71.46778107,
          43.04388428
        ]
      },
      "properties": {
        "netid": "24:B2:B9:53:7C:FB",
        "ssid": null,
        "oui": "24:B2:B9",
        "channel": 0,
        "encryption": "unknown",
        "firsttime": "2025-11-16T09:00:00.000Z",
        "lasttime": "2026-07-16T13:00:00.000Z",
        "city": null,
        "region": "NH",
        "country": "US",
        "road": "Market Drive",
        "postalcode": "03105"
      }
    },
    {
      "type": "Feature",
      "geometry": {
        "type": "Point",
        "coordinates": [
          -71.07582855,
          43.024189
        ]
      },
      "properties": {
        "netid": "24:B2:B9:53:94:6D",
        "ssid": null,
        "oui": "24:B2:B9",
        "channel": 0,
        "encryption": "unknown",
        "firsttime": "2025-11-15T06:00:00.000Z",
        "lasttime": "2026-07-16T13:00:00.000Z",
        "city": null,
        "region": "NH",
        "country": "US",
        "road": "Calef Highway",
        "postalcode": "03042"
      }
    },
    {
      "type": "Feature",
      "geometry": {
        "type": "Point",
        "coordinates": [
          -76.47717285,
          39.33423233
        ]
      },
      "properties": {
        "netid": "24:B2:B9:53:9C:ED",
        "ssid": null,
        "oui": "24:B2:B9",
        "channel": 48,
        "encryption": "unknown",
        "firsttime": "2026-06-25T05:00:00.000Z",
        "lasttime": "2026-08-02T20:00:00.000Z",
        "city": null,
        "region": "MD",
        "country": "US",
        "road": "Rossville Boulevard",
        "postalcode": "21221"
      }
    },
    {
      "type": "Feature",
      "geometry": {
        "type": "Point",
        "coordinates": [
          -78.81008911,
          35.8396492
        ]
      },
      "properties": {
        "netid": "24:B2:B9:53:A7:97",
        "ssid": null,
        "oui": "24:B2:B9",
        "channel": 1,
        "encryption": "wpa2",
        "firsttime": "2026-06-12T19:00:00.000Z",
        "lasttime": "2026-07-14T13:00:00.000Z",
        "city": null,
        "region": "NC",
        "country": "US",
        "road": "Aviation Parkway",
        "postalcode": "27560"
      }
    },
    {
      "type": "Feature",
      "geometry": {
        "type": "Point",
        "coordinates": [
          -118.07816315,
          33.80305862
        ]
      },
      "properties": {
        "netid": "24:B2:B9:53:BD:BF",
        "ssid": null,
        "oui": "24:B2:B9",
        "channel": 8,
        "encryption": "wpa2",
        "firsttime": "2026-08-01T05:00:00.000Z",
        "lasttime": "2026-07-31T22:00:00.000Z",
        "city": null,
        "region": "CA",
        "country": "US",
        "road": "West Katella Avenue",
        "postalcode": "90702"
      }
    },
    {
      "type": "Feature",
      "geometry": {
        "type": "Point",
        "coordinates": [
          -105.02518463,
          39.87125015
        ]
      },
      "properties": {
        "netid": "24:B2:B9:53:C9:F7",
        "ssid": null,
        "oui": "24:B2:B9",
        "channel": 11,
        "encryption": "wpa2",
        "firsttime": "2026-05-26T15:00:00.000Z",
        "lasttime": "2026-05-26T09:00:00.000Z",
        "city": "Westminster",
        "region": "CO",
        "country": "US",
        "road": "Federal Boulevard",
        "postalcode": "80260"
      }
    },
    {
      "type": "Feature",
      "geometry": {
        "type": "Point",
        "coordinates": [
          -76.44902039,
          39.35787964
        ]
      },
      "properties": {
        "netid": "24:B2:B9:53:CA:4B",
        "ssid": null,
        "oui": "24:B2:B9",
        "channel": 4,
        "encryption": "unknown",
        "firsttime": "2026-06-27T01:00:00.000Z",
        "lasttime": "2026-06-28T20:00:00.000Z",
        "city": null,
        "region": "MD",
        "country": "US",
        "road": "Pulaski Highway",
        "postalcode": "21220"
      }
    },
    {
      "type": "Feature",
      "geometry": {
        "type": "Point",
        "coordinates": [
          -77.62225342,
          43.23889542
        ]
      },
      "properties": {
        "netid": "24:B2:B9:53:D1:19",
        "ssid": "0H`l",
        "oui": "24:B2:B9",
        "channel": 3,
        "encryption": "none",
        "firsttime": "2026-07-16T09:00:00.000Z",
        "lasttime": "2026-07-16T04:00:00.000Z",
        "city": "City of Rochester",
        "region": "NY",
        "country": "US",
        "road": "Lake Avenue",
        "postalcode": "14612"
      }
    },
    {
      "type": "Feature",
      "geometry": {
        "type": "Point",
        "coordinates": [
          -74.30567169,
          40.89252853
        ]
      },
      "properties": {
        "netid": "24:B2:B9:53:D7:EF",
        "ssid": "24:B2:B9:53:D7:EF",
        "oui": "24:B2:B9",
        "channel": 1,
        "encryption": "unknown",
        "firsttime": "2026-03-17T15:00:00.000Z",
        "lasttime": "2026-07-19T06:00:00.000Z",
        "city": null,
        "region": "NJ",
        "country": "US",
        "road": "I 80",
        "postalcode": "07004"
      }
    },
    {
      "type": "Feature",
      "geometry": {
        "type": "Point",
        "coordinates": [
          -78.80930328,
          35.84014511
        ]
      },
      "properties": {
        "netid": "24:B2:B9:53:DB:23",
        "ssid": null,
        "oui": "24:B2:B9",
        "channel": 9,
        "encryption": "wpa2",
        "firsttime": "2026-06-22T19:00:00.000Z",
        "lasttime": "2026-06-22T14:00:00.000Z",
        "city": null,
        "region": "NC",
        "country": "US",
        "road": "Aviation Parkway",
        "postalcode": "27560"
      }
    },
    {
      "type": "Feature",
      "geometry": {
        "type": "Point",
        "coordinates": [
          -81.20767975,
          28.5710392
        ]
      },
      "properties": {
        "netid": "24:B2:B9:53:EB:65",
        "ssid": null,
        "oui": "24:B2:B9",
        "channel": 157,
        "encryption": "unknown",
        "firsttime": "2026-06-06T22:00:00.000Z",
        "lasttime": "2026-07-18T19:00:00.000Z",
        "city": null,
        "region": "FL",
        "country": "US",
        "road": "Alafaya Trail",
        "postalcode": "32826"
      }
    },
    {
      "type": "Feature",
      "geometry": {
        "type": "Point",
        "coordinates": [
          -75.69690704,
          45.47577667
        ]
      },
      "properties": {
        "netid": "24:B2:B9:53:ED:6F",
        "ssid": "nuc-00658",
        "oui": "24:B2:B9",
        "channel": 1,
        "encryption": "wpa2",
        "firsttime": "2025-07-26T14:00:00.000Z",
        "lasttime": "2025-11-30T15:00:00.000Z",
        "city": "Gatineau",
        "region": "Qu\u00e9bec",
        "country": "CA",
        "road": "Boulevard Maloney Ouest",
        "postalcode": "J8T 6G3"
      }
    },
    {
      "type": "Feature",
      "geometry": {
        "type": "Point",
        "coordinates": [
          -122.7806015,
          45.44933319
        ]
      },
      "properties": {
        "netid": "24:B2:B9:53:ED:71",
        "ssid": "nuc-00654",
        "oui": "24:B2:B9",
        "channel": 1,
        "encryption": "wpa2",
        "firsttime": "2025-11-12T19:00:00.000Z",
        "lasttime": "2025-12-16T21:00:00.000Z",
        "city": "Tigard",
        "region": "OR",
        "country": "US",
        "road": "Southwest Washington Square Road",
        "postalcode": "97223"
      }
    },
    {
      "type": "Feature",
      "geometry": {
        "type": "Point",
        "coordinates": [
          -78.94192505,
          35.9046402
        ]
      },
      "properties": {
        "netid": "24:B2:B9:53:F1:25",
        "ssid": "nuc-00647",
        "oui": "24:B2:B9",
        "channel": 1,
        "encryption": "wpa2",
        "firsttime": "2026-03-29T15:00:00.000Z",
        "lasttime": "2026-03-29T09:00:00.000Z",
        "city": "Durham",
        "region": "NC",
        "country": "US",
        "road": "Fayetteville Road",
        "postalcode": "27713"
      }
    },
    {
      "type": "Feature",
      "geometry": {
        "type": "Point",
        "coordinates": [
          -71.07589722,
          43.02411652
        ]
      },
      "properties": {
        "netid": "24:B2:B9:54:6E:07",
        "ssid": null,
        "oui": "24:B2:B9",
        "channel": 0,
        "encryption": "unknown",
        "firsttime": "2025-11-13T14:00:00.000Z",
        "lasttime": "2026-07-16T14:00:00.000Z",
        "city": null,
        "region": "NH",
        "country": "US",
        "road": "Calef Highway",
        "postalcode": "03042"
      }
    },
    {
      "type": "Feature",
      "geometry": {
        "type": "Point",
        "coordinates": [
          -82.79141235,
          27.81042671
        ]
      },
      "properties": {
        "netid": "24:B2:B9:54:91:85",
        "ssid": null,
        "oui": "24:B2:B9",
        "channel": 4,
        "encryption": "unknown",
        "firsttime": "2025-10-13T20:00:00.000Z",
        "lasttime": "2025-10-14T12:00:00.000Z",
        "city": null,
        "region": "FL",
        "country": "US",
        "road": "Duhme Road",
        "postalcode": "33708"
      }
    },
    {
      "type": "Feature",
      "geometry": {
        "type": "Point",
        "coordinates": [
          -80.7026062,
          28.40537453
        ]
      },
      "properties": {
        "netid": "24:B2:B9:54:E2:9F",
        "ssid": null,
        "oui": "24:B2:B9",
        "channel": 1,
        "encryption": "unknown",
        "firsttime": "2026-07-04T02:00:00.000Z",
        "lasttime": "2026-07-18T18:00:00.000Z",
        "city": null,
        "region": "FL",
        "country": "US",
        "road": "Bennett Causeway",
        "postalcode": "32953"
      }
    },
    {
      "type": "Feature",
      "geometry": {
        "type": "Point",
        "coordinates": [
          -82.79401398,
          27.84060669
        ]
      },
      "properties": {
        "netid": "24:B2:B9:55:F2:89",
        "ssid": null,
        "oui": "24:B2:B9",
        "channel": 165,
        "encryption": "unknown",
        "firsttime": "2025-10-01T21:00:00.000Z",
        "lasttime": "2025-10-23T13:00:00.000Z",
        "city": null,
        "region": "FL",
        "country": "US",
        "road": "Park Boulevard North",
        "postalcode": "33776"
      }
    },
    {
      "type": "Feature",
      "geometry": {
        "type": "Point",
        "coordinates": [
          -85.68468475,
          38.20629501
        ]
      },
      "properties": {
        "netid": "24:B2:B9:58:D4:65",
        "ssid": null,
        "oui": "24:B2:B9",
        "channel": 0,
        "encryption": "wpa2",
        "firsttime": "2026-01-23T18:00:00.000Z",
        "lasttime": "2026-01-29T17:00:00.000Z",
        "city": "Louisville",
        "region": "KY",
        "country": "US",
        "road": "Gardiner Lane",
        "postalcode": "40205"
      }
    },
    {
      "type": "Feature",
      "geometry": {
        "type": "Point",
        "coordinates": [
          -76.54491425,
          39.39700317
        ]
      },
      "properties": {
        "netid": "24:B2:B9:59:4F:91",
        "ssid": null,
        "oui": "24:B2:B9",
        "channel": 144,
        "encryption": "unknown",
        "firsttime": "2026-06-22T02:00:00.000Z",
        "lasttime": "2026-06-22T19:00:00.000Z",
        "city": null,
        "region": "MD",
        "country": "US",
        "road": "East Joppa Road",
        "postalcode": "21234"
      }
    },
    {
      "type": "Feature",
      "geometry": {
        "type": "Point",
        "coordinates": [
          -118.80223846,
          34.14383698
        ]
      },
      "properties": {
        "netid": "24:B2:B9:5D:2D:59",
        "ssid": null,
        "oui": "24:B2:B9",
        "channel": 56,
        "encryption": "none",
        "firsttime": "2026-08-04T16:00:00.000Z",
        "lasttime": "2026-08-04T22:00:00.000Z",
        "city": "Westlake Village",
        "region": "CA",
        "country": "US",
        "road": "Oak Crest Drive",
        "postalcode": "91361"
      }
    },
    {
      "type": "Feature",
      "geometry": {
        "type": "Point",
        "coordinates": [
          -122.74714661,
          45.40882492
        ]
      },
      "properties": {
        "netid": "24:B2:B9:61:21:CD",
        "ssid": null,
        "oui": "24:B2:B9",
        "channel": 11,
        "encryption": "wpa2",
        "firsttime": "2026-08-01T19:00:00.000Z",
        "lasttime": "2026-08-01T15:00:00.000Z",
        "city": "Tigard",
        "region": "OR",
        "country": "US",
        "road": "Southwest Sequoia Parkway",
        "postalcode": "97224"
      }
    },
    {
      "type": "Feature",
      "geometry": {
        "type": "Point",
        "coordinates": [
          -78.80288696,
          35.84772491
        ]
      },
      "properties": {
        "netid": "24:B2:B9:64:15:11",
        "ssid": null,
        "oui": "24:B2:B9",
        "channel": 11,
        "encryption": "wpa2",
        "firsttime": "2026-06-02T12:00:00.000Z",
        "lasttime": "2026-08-05T10:00:00.000Z",
        "city": null,
        "region": "NC",
        "country": "US",
        "road": "Gateway Centre Boulevard",
        "postalcode": "27560-9194"
      }
    },
    {
      "type": "Feature",
      "geometry": {
        "type": "Point",
        "coordinates": [
          -78.8028183,
          35.84764862
        ]
      },
      "properties": {
        "netid": "24:B2:B9:64:15:95",
        "ssid": null,
        "oui": "24:B2:B9",
        "channel": 6,
        "encryption": "wpa2",
        "firsttime": "2026-06-02T12:00:00.000Z",
        "lasttime": "2026-08-05T10:00:00.000Z",
        "city": null,
        "region": "NC",
        "country": "US",
        "road": "Gateway Centre Boulevard",
        "postalcode": "27560-9194"
      }
    },
    {
      "type": "Feature",
      "geometry": {
        "type": "Point",
        "coordinates": [
          -84.22299957,
          30.51352501
        ]
      },
      "properties": {
        "netid": "24:B2:B9:65:63:C5",
        "ssid": null,
        "oui": "24:B2:B9",
        "channel": 44,
        "encryption": "unknown",
        "firsttime": "2025-10-10T21:00:00.000Z",
        "lasttime": "2025-10-13T18:00:00.000Z",
        "city": "Tallahassee",
        "region": "FL",
        "country": "US",
        "road": "Shamrock Street",
        "postalcode": null
      }
    },
    {
      "type": "Feature",
      "geometry": {
        "type": "Point",
        "coordinates": [
          -81.58061218,
          30.22087288
        ]
      },
      "properties": {
        "netid": "24:B2:B9:65:6E:49",
        "ssid": null,
        "oui": "24:B2:B9",
        "channel": 48,
        "encryption": "unknown",
        "firsttime": "2025-10-12T12:00:00.000Z",
        "lasttime": "2025-10-13T18:00:00.000Z",
        "city": "Jacksonville",
        "region": "FL",
        "country": "US",
        "road": "Baymeadows Road",
        "postalcode": "32257-5003"
      }
    },
    {
      "type": "Feature",
      "geometry": {
        "type": "Point",
        "coordinates": [
          -82.64685822,
          27.83687973
        ]
      },
      "properties": {
        "netid": "24:B2:B9:65:8E:83",
        "ssid": null,
        "oui": "24:B2:B9",
        "channel": 153,
        "encryption": "unknown",
        "firsttime": "2025-11-05T01:00:00.000Z",
        "lasttime": "2025-11-12T02:00:00.000Z",
        "city": "Saint Petersburg",
        "region": "FL",
        "country": "US",
        "road": "Doctor Martin Luther King Junior Street North",
        "postalcode": "33702"
      }
    },
    {
      "type": "Feature",
      "geometry": {
        "type": "Point",
        "coordinates": [
          -82.72916412,
          27.79112816
        ]
      },
      "properties": {
        "netid": "24:B2:B9:65:8F:63",
        "ssid": null,
        "oui": "24:B2:B9",
        "channel": 1,
        "encryption": "unknown",
        "firsttime": "2025-09-16T23:00:00.000Z",
        "lasttime": "2025-10-06T13:00:00.000Z",
        "city": "Saint Petersburg",
        "region": "FL",
        "country": "US",
        "road": "22nd Avenue North",
        "postalcode": "33710"
      }
    },
    {
      "type": "Feature",
      "geometry": {
        "type": "Point",
        "coordinates": [
          -93.75773621,
          41.59985352
        ]
      },
      "properties": {
        "netid": "24:B2:B9:66:20:87",
        "ssid": null,
        "oui": "24:B2:B9",
        "channel": 2,
        "encryption": "unknown",
        "firsttime": "2026-06-12T22:00:00.000Z",
        "lasttime": "2026-06-12T20:00:00.000Z",
        "city": "West Des Moines",
        "region": "IA",
        "country": "US",
        "road": "University Avenue",
        "postalcode": "50266"
      }
    },
    {
      "type": "Feature",
      "geometry": {
        "type": "Point",
        "coordinates": [
          -72.27365875,
          43.63799667
        ]
      },
      "properties": {
        "netid": "24:B2:B9:68:29:21",
        "ssid": null,
        "oui": "24:B2:B9",
        "channel": 6,
        "encryption": "unknown",
        "firsttime": "2026-07-24T01:00:00.000Z",
        "lasttime": "2026-07-24T06:00:00.000Z",
        "city": "Lebanon",
        "region": "NH",
        "country": "US",
        "road": "Mechanic Street",
        "postalcode": "03766"
      }
    },
    {
      "type": "Feature",
      "geometry": {
        "type": "Point",
        "coordinates": [
          -74.07109833,
          40.92041397
        ]
      },
      "properties": {
        "netid": "24:B2:B9:68:64:79",
        "ssid": null,
        "oui": "24:B2:B9",
        "channel": 2,
        "encryption": "unknown",
        "firsttime": "2025-07-13T20:00:00.000Z",
        "lasttime": "2025-07-13T15:00:00.000Z",
        "city": null,
        "region": "NJ",
        "country": "US",
        "road": "NJ 4",
        "postalcode": "07653"
      }
    },
    {
      "type": "Feature",
      "geometry": {
        "type": "Point",
        "coordinates": [
          -72.93192291,
          43.64139557
        ]
      },
      "properties": {
        "netid": "24:B2:B9:68:72:7B",
        "ssid": null,
        "oui": "24:B2:B9",
        "channel": 36,
        "encryption": "unknown",
        "firsttime": "2025-09-07T02:00:00.000Z",
        "lasttime": "2025-09-06T20:00:00.000Z",
        "city": "Mendon",
        "region": "VT",
        "country": "US",
        "road": "U.S. Route 4",
        "postalcode": "05701"
      }
    },
    {
      "type": "Feature",
      "geometry": {
        "type": "Point",
        "coordinates": [
          -96.93218231,
          30.18187332
        ]
      },
      "properties": {
        "netid": "24:B2:B9:68:D0:71",
        "ssid": null,
        "oui": "24:B2:B9",
        "channel": 0,
        "encryption": "unknown",
        "firsttime": "2026-05-16T10:00:00.000Z",
        "lasttime": "2026-05-16T16:00:00.000Z",
        "city": null,
        "region": "TX",
        "country": "US",
        "road": "South Harris Street",
        "postalcode": "78942"
      }
    },
    {
      "type": "Feature",
      "geometry": {
        "type": "Point",
        "coordinates": [
          151.88336182,
          -27.60277176
        ]
      },
      "properties": {
        "netid": "24:B2:B9:6A:F3:9B",
        "ssid": null,
        "oui": "24:B2:B9",
        "channel": 11,
        "encryption": "none",
        "firsttime": "2026-06-23T04:00:00.000Z",
        "lasttime": "2026-06-22T22:00:00.000Z",
        "city": null,
        "region": "Queensland",
        "country": "AU",
        "road": "Schaefer Court",
        "postalcode": null
      }
    },
    {
      "type": "Feature",
      "geometry": {
        "type": "Point",
        "coordinates": [
          -118.77275848,
          34.27171326
        ]
      },
      "properties": {
        "netid": "24:B2:B9:6E:C4:C5",
        "ssid": null,
        "oui": "24:B2:B9",
        "channel": 7,
        "encryption": "none",
        "firsttime": "2026-07-27T16:00:00.000Z",
        "lasttime": "2026-08-04T22:00:00.000Z",
        "city": "Simi Valley",
        "region": "CA",
        "country": "US",
        "road": "East Los Angeles Avenue",
        "postalcode": "93065-6278"
      }
    },
    {
      "type": "Feature",
      "geometry": {
        "type": "Point",
        "coordinates": [
          -96.9298172,
          30.18157959
        ]
      },
      "properties": {
        "netid": "24:B2:B9:6F:96:8F",
        "ssid": null,
        "oui": "24:B2:B9",
        "channel": 0,
        "encryption": "unknown",
        "firsttime": "2025-11-26T12:00:00.000Z",
        "lasttime": "2025-12-01T08:00:00.000Z",
        "city": null,
        "region": "TX",
        "country": "US",
        "road": "East Austin Street",
        "postalcode": "78942"
      }
    },
    {
      "type": "Feature",
      "geometry": {
        "type": "Point",
        "coordinates": [
          -117.6110611,
          34.06718826
        ]
      },
      "properties": {
        "netid": "24:B2:B9:70:3E:F7",
        "ssid": null,
        "oui": "24:B2:B9",
        "channel": 6,
        "encryption": "unknown",
        "firsttime": "2025-11-12T19:00:00.000Z",
        "lasttime": "2025-11-20T17:00:00.000Z",
        "city": "Ontario",
        "region": "CA",
        "country": "US",
        "road": "Vineyard Avenue",
        "postalcode": "91764"
      }
    },
    {
      "type": "Feature",
      "geometry": {
        "type": "Point",
        "coordinates": [
          -117.8891449,
          33.80516434
        ]
      },
      "properties": {
        "netid": "24:B2:B9:70:4A:C9",
        "ssid": null,
        "oui": "24:B2:B9",
        "channel": 6,
        "encryption": "wpa2",
        "firsttime": "2026-08-01T19:00:00.000Z",
        "lasttime": "2026-08-01T12:00:00.000Z",
        "city": "Anaheim",
        "region": "CA",
        "country": "US",
        "road": "South State College Boulevard",
        "postalcode": "92806"
      }
    },
    {
      "type": "Feature",
      "geometry": {
        "type": "Point",
        "coordinates": [
          -93.85335541,
          41.60603714
        ]
      },
      "properties": {
        "netid": "24:B2:B9:71:9B:E5",
        "ssid": null,
        "oui": "24:B2:B9",
        "channel": 6,
        "encryption": "unknown",
        "firsttime": "2026-07-02T20:00:00.000Z",
        "lasttime": "2026-07-02T19:00:00.000Z",
        "city": null,
        "region": "IA",
        "country": "US",
        "road": "Southeast Alice's Road",
        "postalcode": "50263"
      }
    },
    {
      "type": "Feature",
      "geometry": {
        "type": "Point",
        "coordinates": [
          -74.5929184,
          40.57957077
        ]
      },
      "properties": {
        "netid": "24:B2:B9:71:D3:E5",
        "ssid": null,
        "oui": "24:B2:B9",
        "channel": 9,
        "encryption": "unknown",
        "firsttime": "2026-06-17T15:00:00.000Z",
        "lasttime": "2026-06-17T09:00:00.000Z",
        "city": null,
        "region": "NJ",
        "country": "US",
        "road": "US 22",
        "postalcode": "08807"
      }
    },
    {
      "type": "Feature",
      "geometry": {
        "type": "Point",
        "coordinates": [
          16.36028481,
          48.20197296
        ]
      },
      "properties": {
        "netid": "24:B2:B9:72:28:03",
        "ssid": null,
        "oui": "24:B2:B9",
        "channel": 52,
        "encryption": "unknown",
        "firsttime": "2026-02-16T10:00:00.000Z",
        "lasttime": "2026-02-16T04:00:00.000Z",
        "city": "Wien",
        "region": "Spittelberg",
        "country": "AT",
        "road": "Museumsplatz",
        "postalcode": "1070"
      }
    },
    {
      "type": "Feature",
      "geometry": {
        "type": "Point",
        "coordinates": [
          -117.53110504,
          34.10941696
        ]
      },
      "properties": {
        "netid": "24:B2:B9:72:A1:A1",
        "ssid": null,
        "oui": "24:B2:B9",
        "channel": 3,
        "encryption": "unknown",
        "firsttime": "2025-11-12T02:00:00.000Z",
        "lasttime": "2025-11-20T17:00:00.000Z",
        "city": "Rancho Cucamonga",
        "region": "CA",
        "country": "US",
        "road": "Ontario Freeway",
        "postalcode": "91739"
      }
    },
    {
      "type": "Feature",
      "geometry": {
        "type": "Point",
        "coordinates": [
          151.94151306,
          -27.57061005
        ]
      },
      "properties": {
        "netid": "24:B2:B9:73:86:9B",
        "ssid": null,
        "oui": "24:B2:B9",
        "channel": 0,
        "encryption": "none",
        "firsttime": "2026-06-23T07:00:00.000Z",
        "lasttime": "2026-06-24T02:00:00.000Z",
        "city": "Toowoomba",
        "region": "Queensland",
        "country": "AU",
        "road": "West Street",
        "postalcode": "4350"
      }
    },
    {
      "type": "Feature",
      "geometry": {
        "type": "Point",
        "coordinates": [
          -81.04599762,
          41.7563324
        ]
      },
      "properties": {
        "netid": "24:B2:B9:73:8C:39",
        "ssid": null,
        "oui": "24:B2:B9",
        "channel": 7,
        "encryption": "unknown",
        "firsttime": "2024-08-25T19:00:00.000Z",
        "lasttime": "2025-08-08T12:00:00.000Z",
        "city": null,
        "region": "OH",
        "country": "US",
        "road": "South Madison Road",
        "postalcode": "44057"
      }
    },
    {
      "type": "Feature",
      "geometry": {
        "type": "Point",
        "coordinates": [
          -73.60654449,
          45.60172272
        ]
      },
      "properties": {
        "netid": "24:B2:B9:74:08:DD",
        "ssid": null,
        "oui": "24:B2:B9",
        "channel": 0,
        "encryption": "unknown",
        "firsttime": "2025-07-01T09:00:00.000Z",
        "lasttime": "2025-07-01T12:00:00.000Z",
        "city": "Montr\u00e9al",
        "region": "Qu\u00e9bec",
        "country": "CA",
        "road": "Rue Marivaux",
        "postalcode": "H1R 2B7"
      }
    },
    {
      "type": "Feature",
      "geometry": {
        "type": "Point",
        "coordinates": [
          -81.20485687,
          28.58700752
        ]
      },
      "properties": {
        "netid": "24:B2:B9:75:D5:59",
        "ssid": null,
        "oui": "24:B2:B9",
        "channel": 1,
        "encryption": "unknown",
        "firsttime": "2026-06-19T20:00:00.000Z",
        "lasttime": "2026-06-19T14:00:00.000Z",
        "city": "Orlando",
        "region": "FL",
        "country": "US",
        "road": "Research Parkway",
        "postalcode": "32826"
      }
    },
    {
      "type": "Feature",
      "geometry": {
        "type": "Point",
        "coordinates": [
          151.94154358,
          -27.57045746
        ]
      },
      "properties": {
        "netid": "24:B2:B9:77:F7:0F",
        "ssid": null,
        "oui": "24:B2:B9",
        "channel": 0,
        "encryption": "none",
        "firsttime": "2026-06-23T07:00:00.000Z",
        "lasttime": "2026-06-24T02:00:00.000Z",
        "city": "Toowoomba",
        "region": "Queensland",
        "country": "AU",
        "road": "West Street",
        "postalcode": "4350"
      }
    },
    {
      "type": "Feature",
      "geometry": {
        "type": "Point",
        "coordinates": [
          -122.19692993,
          47.93547821
        ]
      },
      "properties": {
        "netid": "24:B2:B9:78:C0:17",
        "ssid": null,
        "oui": "24:B2:B9",
        "channel": 6,
        "encryption": "wpa2",
        "firsttime": "2026-07-14T12:00:00.000Z",
        "lasttime": "2026-07-14T07:00:00.000Z",
        "city": "Everett",
        "region": "WA",
        "country": "US",
        "road": "I 5",
        "postalcode": "98203-2117"
      }
    },
    {
      "type": "Feature",
      "geometry": {
        "type": "Point",
        "coordinates": [
          -105.10794067,
          39.9225502
        ]
      },
      "properties": {
        "netid": "24:B2:B9:79:FC:A7",
        "ssid": null,
        "oui": "24:B2:B9",
        "channel": 11,
        "encryption": "wpa2",
        "firsttime": "2026-06-22T18:00:00.000Z",
        "lasttime": "2026-07-02T03:00:00.000Z",
        "city": null,
        "region": "CO",
        "country": "US",
        "road": "Denver-Boulder Turnpike",
        "postalcode": "80020"
      }
    },
    {
      "type": "Feature",
      "geometry": {
        "type": "Point",
        "coordinates": [
          -118.30935669,
          33.89037323
        ]
      },
      "properties": {
        "netid": "24:B2:B9:7A:B4:27",
        "ssid": null,
        "oui": "24:B2:B9",
        "channel": 11,
        "encryption": "wpa2",
        "firsttime": "2026-05-23T01:00:00.000Z",
        "lasttime": "2026-06-04T12:00:00.000Z",
        "city": null,
        "region": "CA",
        "country": "US",
        "road": "South Western Avenue",
        "postalcode": "90247-3225"
      }
    },
    {
      "type": "Feature",
      "geometry": {
        "type": "Point",
        "coordinates": [
          -97.3082962,
          37.69359589
        ]
      },
      "properties": {
        "netid": "24:B2:B9:7A:E4:9B",
        "ssid": null,
        "oui": "24:B2:B9",
        "channel": 157,
        "encryption": "unknown",
        "firsttime": "2026-04-30T17:00:00.000Z",
        "lasttime": "2026-05-02T18:00:00.000Z",
        "city": "Wichita",
        "region": "KS",
        "country": "US",
        "road": "East Central Avenue",
        "postalcode": "67208"
      }
    },
    {
      "type": "Feature",
      "geometry": {
        "type": "Point",
        "coordinates": [
          -78.59268188,
          42.96905899
        ]
      },
      "properties": {
        "netid": "24:B2:B9:7C:97:63",
        "ssid": null,
        "oui": "24:B2:B9",
        "channel": 11,
        "encryption": "wpa2",
        "firsttime": "2026-07-09T14:00:00.000Z",
        "lasttime": "2026-07-10T19:00:00.000Z",
        "city": null,
        "region": "NY",
        "country": "US",
        "road": "Ransom Road",
        "postalcode": "14031"
      }
    },
    {
      "type": "Feature",
      "geometry": {
        "type": "Point",
        "coordinates": [
          -97.36594391,
          37.67934418
        ]
      },
      "properties": {
        "netid": "24:B2:B9:7E:40:A1",
        "ssid": null,
        "oui": "24:B2:B9",
        "channel": 36,
        "encryption": "unknown",
        "firsttime": "2026-05-03T04:00:00.000Z",
        "lasttime": "2026-05-09T18:00:00.000Z",
        "city": "Wichita",
        "region": "KS",
        "country": "US",
        "road": "West Kellogg Drive North",
        "postalcode": "67213"
      }
    },
    {
      "type": "Feature",
      "geometry": {
        "type": "Point",
        "coordinates": [
          -97.7437973,
          30.39567184
        ]
      },
      "properties": {
        "netid": "24:B2:B9:7E:7C:79",
        "ssid": null,
        "oui": "24:B2:B9",
        "channel": 0,
        "encryption": "unknown",
        "firsttime": "2026-03-16T09:00:00.000Z",
        "lasttime": "2026-03-16T17:00:00.000Z",
        "city": "Austin",
        "region": "TX",
        "country": "US",
        "road": "Celeta Lane",
        "postalcode": "78759"
      }
    },
    {
      "type": "Feature",
      "geometry": {
        "type": "Point",
        "coordinates": [
          -97.7437973,
          30.39567184
        ]
      },
      "properties": {
        "netid": "24:B2:B9:7E:B0:7F",
        "ssid": null,
        "oui": "24:B2:B9",
        "channel": 0,
        "encryption": "unknown",
        "firsttime": "2026-03-16T09:00:00.000Z",
        "lasttime": "2026-03-16T17:00:00.000Z",
        "city": "Austin",
        "region": "TX",
        "country": "US",
        "road": "Celeta Lane",
        "postalcode": "78759"
      }
    },
    {
      "type": "Feature",
      "geometry": {
        "type": "Point",
        "coordinates": [
          -105.12723541,
          40.18169785
        ]
      },
      "properties": {
        "netid": "24:B2:B9:7F:9D:8D",
        "ssid": null,
        "oui": "24:B2:B9",
        "channel": 13,
        "encryption": "unknown",
        "firsttime": "2025-11-01T06:00:00.000Z",
        "lasttime": "2025-11-04T21:00:00.000Z",
        "city": null,
        "region": "CO",
        "country": "US",
        "road": "Mountain View Avenue",
        "postalcode": "80501"
      }
    },
    {
      "type": "Feature",
      "geometry": {
        "type": "Point",
        "coordinates": [
          -78.59604645,
          42.9661026
        ]
      },
      "properties": {
        "netid": "24:B2:B9:81:CA:E5",
        "ssid": null,
        "oui": "24:B2:B9",
        "channel": 1,
        "encryption": "wpa2",
        "firsttime": "2026-07-10T16:00:00.000Z",
        "lasttime": "2026-07-10T19:00:00.000Z",
        "city": null,
        "region": "NY",
        "country": "US",
        "road": "Bergtold Road",
        "postalcode": "14031"
      }
    },
    {
      "type": "Feature",
      "geometry": {
        "type": "Point",
        "coordinates": [
          -78.81483459,
          35.90123749
        ]
      },
      "properties": {
        "netid": "24:B2:B9:81:ED:03",
        "ssid": null,
        "oui": "24:B2:B9",
        "channel": 6,
        "encryption": "wpa2",
        "firsttime": "2026-07-29T13:00:00.000Z",
        "lasttime": "2026-07-30T10:00:00.000Z",
        "city": "Raleigh",
        "region": "NC",
        "country": "US",
        "road": "World Trade Boulevard",
        "postalcode": "27560"
      }
    },
    {
      "type": "Feature",
      "geometry": {
        "type": "Point",
        "coordinates": [
          -86.07068634,
          39.91326904
        ]
      },
      "properties": {
        "netid": "24:B2:B9:81:F4:AF",
        "ssid": null,
        "oui": "24:B2:B9",
        "channel": 10,
        "encryption": "unknown",
        "firsttime": "2026-04-09T17:00:00.000Z",
        "lasttime": "2026-04-09T19:00:00.000Z",
        "city": "Indianapolis",
        "region": "IN",
        "country": "US",
        "road": "East 86th Street",
        "postalcode": "46250"
      }
    },
    {
      "type": "Feature",
      "geometry": {
        "type": "Point",
        "coordinates": [
          -97.37812042,
          37.67404556
        ]
      },
      "properties": {
        "netid": "24:B2:B9:83:28:2D",
        "ssid": null,
        "oui": "24:B2:B9",
        "channel": 36,
        "encryption": "unknown",
        "firsttime": "2026-05-03T05:00:00.000Z",
        "lasttime": "2026-05-09T18:00:00.000Z",
        "city": "Wichita",
        "region": "KS",
        "country": "US",
        "road": "West McCormick Street",
        "postalcode": "67213"
      }
    },
    {
      "type": "Feature",
      "geometry": {
        "type": "Point",
        "coordinates": [
          -1.00198197,
          50.9111824
        ]
      },
      "properties": {
        "netid": "24:B2:B9:84:E0:FB",
        "ssid": null,
        "oui": "24:B2:B9",
        "channel": 10,
        "encryption": "unknown",
        "firsttime": "2026-02-28T05:00:00.000Z",
        "lasttime": "2026-05-07T05:00:00.000Z",
        "city": "East Hampshire",
        "region": "England",
        "country": "GB",
        "road": "Portsmouth Road",
        "postalcode": "PO8 9NL"
      }
    },
    {
      "type": "Feature",
      "geometry": {
        "type": "Point",
        "coordinates": [
          -1.00198197,
          50.9111824
        ]
      },
      "properties": {
        "netid": "24:B2:B9:85:57:6F",
        "ssid": null,
        "oui": "24:B2:B9",
        "channel": 10,
        "encryption": "unknown",
        "firsttime": "2026-02-28T05:00:00.000Z",
        "lasttime": "2026-05-07T05:00:00.000Z",
        "city": "East Hampshire",
        "region": "England",
        "country": "GB",
        "road": "Portsmouth Road",
        "postalcode": "PO8 9NL"
      }
    },
    {
      "type": "Feature",
      "geometry": {
        "type": "Point",
        "coordinates": [
          -96.93776703,
          30.1829319
        ]
      },
      "properties": {
        "netid": "24:B2:B9:89:C2:09",
        "ssid": null,
        "oui": "24:B2:B9",
        "channel": 0,
        "encryption": "unknown",
        "firsttime": "2026-03-04T13:00:00.000Z",
        "lasttime": "2026-06-16T18:00:00.000Z",
        "city": null,
        "region": "TX",
        "country": "US",
        "road": "West Austin Street",
        "postalcode": "78942"
      }
    },
    {
      "type": "Feature",
      "geometry": {
        "type": "Point",
        "coordinates": [
          -105.08506012,
          39.92193222
        ]
      },
      "properties": {
        "netid": "24:B2:B9:8A:82:9B",
        "ssid": null,
        "oui": "24:B2:B9",
        "channel": 44,
        "encryption": "wpa2",
        "firsttime": "2026-07-22T21:00:00.000Z",
        "lasttime": "2026-07-22T18:00:00.000Z",
        "city": null,
        "region": "CO",
        "country": "US",
        "road": "Laurel Street",
        "postalcode": "80020"
      }
    },
    {
      "type": "Feature",
      "geometry": {
        "type": "Point",
        "coordinates": [
          151.95172119,
          -27.56283569
        ]
      },
      "properties": {
        "netid": "24:B2:B9:8B:E8:A1",
        "ssid": null,
        "oui": "24:B2:B9",
        "channel": 149,
        "encryption": "none",
        "firsttime": "2026-06-25T23:00:00.000Z",
        "lasttime": "2026-06-25T22:00:00.000Z",
        "city": "Toowoomba",
        "region": "Queensland",
        "country": "AU",
        "road": "Duggan Street",
        "postalcode": "4350"
      }
    },
    {
      "type": "Feature",
      "geometry": {
        "type": "Point",
        "coordinates": [
          -73.2289505,
          44.37707901
        ]
      },
      "properties": {
        "netid": "24:B2:B9:8B:F8:7B",
        "ssid": null,
        "oui": "24:B2:B9",
        "channel": 153,
        "encryption": "unknown",
        "firsttime": "2026-07-19T01:00:00.000Z",
        "lasttime": "2026-07-18T21:00:00.000Z",
        "city": null,
        "region": "VT",
        "country": "US",
        "road": "Shelburne Road",
        "postalcode": "05482"
      }
    },
    {
      "type": "Feature",
      "geometry": {
        "type": "Point",
        "coordinates": [
          -71.10710144,
          42.38147736
        ]
      },
      "properties": {
        "netid": "24:B2:B9:8C:BC:57",
        "ssid": null,
        "oui": "24:B2:B9",
        "channel": 1,
        "encryption": "wpa2",
        "firsttime": "2026-06-03T22:00:00.000Z",
        "lasttime": "2026-06-03T16:00:00.000Z",
        "city": "Somerville",
        "region": "MA",
        "country": "US",
        "road": "Park Street",
        "postalcode": "02143"
      }
    },
    {
      "type": "Feature",
      "geometry": {
        "type": "Point",
        "coordinates": [
          -76.5059433,
          39.3401947
        ]
      },
      "properties": {
        "netid": "24:B2:B9:8D:CF:FB",
        "ssid": null,
        "oui": "24:B2:B9",
        "channel": 6,
        "encryption": "unknown",
        "firsttime": "2026-05-28T02:00:00.000Z",
        "lasttime": "2026-05-28T18:00:00.000Z",
        "city": null,
        "region": "MD",
        "country": "US",
        "road": "Hazelwood Court",
        "postalcode": "21237"
      }
    },
    {
      "type": "Feature",
      "geometry": {
        "type": "Point",
        "coordinates": [
          -73.95854187,
          41.10080719
        ]
      },
      "properties": {
        "netid": "24:B2:B9:90:EA:C3",
        "ssid": null,
        "oui": "24:B2:B9",
        "channel": 1,
        "encryption": "wpa2",
        "firsttime": "2026-08-02T19:00:00.000Z",
        "lasttime": "2026-08-02T13:00:00.000Z",
        "city": null,
        "region": "NY",
        "country": "US",
        "road": "New York State Thruway",
        "postalcode": "10994"
      }
    },
    {
      "type": "Feature",
      "geometry": {
        "type": "Point",
        "coordinates": [
          -78.81277466,
          35.9281311
        ]
      },
      "properties": {
        "netid": "24:B2:B9:91:10:7F",
        "ssid": null,
        "oui": "24:B2:B9",
        "channel": 6,
        "encryption": "wpa2",
        "firsttime": "2026-07-29T13:00:00.000Z",
        "lasttime": "2026-07-30T10:00:00.000Z",
        "city": null,
        "region": "NC",
        "country": "US",
        "road": "Page Road",
        "postalcode": "27560"
      }
    },
    {
      "type": "Feature",
      "geometry": {
        "type": "Point",
        "coordinates": [
          -78.80290222,
          35.84756088
        ]
      },
      "properties": {
        "netid": "24:B2:B9:91:2F:BD",
        "ssid": null,
        "oui": "24:B2:B9",
        "channel": 1,
        "encryption": "wpa2",
        "firsttime": "2026-06-02T12:00:00.000Z",
        "lasttime": "2026-08-05T10:00:00.000Z",
        "city": null,
        "region": "NC",
        "country": "US",
        "road": "Gateway Centre Boulevard",
        "postalcode": "27560-9194"
      }
    },
    {
      "type": "Feature",
      "geometry": {
        "type": "Point",
        "coordinates": [
          -78.70488739,
          35.82043457
        ]
      },
      "properties": {
        "netid": "24:B2:B9:91:A9:DB",
        "ssid": null,
        "oui": "24:B2:B9",
        "channel": 11,
        "encryption": "wpa2",
        "firsttime": "2026-06-30T19:00:00.000Z",
        "lasttime": "2026-07-01T04:00:00.000Z",
        "city": "Raleigh",
        "region": "NC",
        "country": "US",
        "road": "Blue Ridge Road",
        "postalcode": "27607"
      }
    },
    {
      "type": "Feature",
      "geometry": {
        "type": "Point",
        "coordinates": [
          -86.47014618,
          39.76189041
        ]
      },
      "properties": {
        "netid": "24:B2:B9:91:E6:2F",
        "ssid": null,
        "oui": "24:B2:B9",
        "channel": 3,
        "encryption": "wpa2",
        "firsttime": "2026-07-14T17:00:00.000Z",
        "lasttime": "2026-07-14T12:00:00.000Z",
        "city": null,
        "region": "IN",
        "country": "US",
        "road": "East Main Street",
        "postalcode": "46122"
      }
    },
    {
      "type": "Feature",
      "geometry": {
        "type": "Point",
        "coordinates": [
          -98.56902313,
          29.55402756
        ]
      },
      "properties": {
        "netid": "24:B2:B9:92:0D:CD",
        "ssid": null,
        "oui": "24:B2:B9",
        "channel": 161,
        "encryption": "unknown",
        "firsttime": "2025-12-16T09:00:00.000Z",
        "lasttime": "2025-12-16T17:00:00.000Z",
        "city": "San Antonio",
        "region": "TX",
        "country": "US",
        "road": "Huebner Road",
        "postalcode": "78230"
      }
    },
    {
      "type": "Feature",
      "geometry": {
        "type": "Point",
        "coordinates": [
          -74.19534302,
          40.79200363
        ]
      },
      "properties": {
        "netid": "24:B2:B9:94:B6:0F",
        "ssid": "24:B2:B9:94:B6:0F",
        "oui": "24:B2:B9",
        "channel": 6,
        "encryption": "none",
        "firsttime": "2026-07-17T12:00:00.000Z",
        "lasttime": "2026-07-19T13:00:00.000Z",
        "city": null,
        "region": "NJ",
        "country": "US",
        "road": "Municipal Plaza",
        "postalcode": "07003"
      }
    },
    {
      "type": "Feature",
      "geometry": {
        "type": "Point",
        "coordinates": [
          -82.65509796,
          27.80983162
        ]
      },
      "properties": {
        "netid": "24:B2:B9:96:18:0D",
        "ssid": null,
        "oui": "24:B2:B9",
        "channel": 36,
        "encryption": "unknown",
        "firsttime": "2025-09-11T20:00:00.000Z",
        "lasttime": "2025-09-11T18:00:00.000Z",
        "city": "Saint Petersburg",
        "region": "FL",
        "country": "US",
        "road": "16th Street North",
        "postalcode": "33702"
      }
    },
    {
      "type": "Feature",
      "geometry": {
        "type": "Point",
        "coordinates": [
          -121.9954071,
          37.32277679
        ]
      },
      "properties": {
        "netid": "24:B2:B9:96:93:AD",
        "ssid": null,
        "oui": "24:B2:B9",
        "channel": 1,
        "encryption": "wpa2",
        "firsttime": "2026-07-03T02:00:00.000Z",
        "lasttime": "2026-07-02T19:00:00.000Z",
        "city": "Santa Clara",
        "region": "CA",
        "country": "US",
        "road": "Stevens Creek Boulevard",
        "postalcode": "95014-3880"
      }
    },
    {
      "type": "Feature",
      "geometry": {
        "type": "Point",
        "coordinates": [
          -91.14155579,
          40.81443024
        ]
      },
      "properties": {
        "netid": "24:B2:B9:97:76:6B",
        "ssid": null,
        "oui": "24:B2:B9",
        "channel": 149,
        "encryption": "unknown",
        "firsttime": "2026-06-14T23:00:00.000Z",
        "lasttime": "2026-07-19T17:00:00.000Z",
        "city": "Burlington",
        "region": "IA",
        "country": "US",
        "road": "South Roosevelt Avenue",
        "postalcode": "52637"
      }
    },
    {
      "type": "Feature",
      "geometry": {
        "type": "Point",
        "coordinates": [
          -93.75907135,
          41.63495255
        ]
      },
      "properties": {
        "netid": "24:B2:B9:98:3E:DF",
        "ssid": null,
        "oui": "24:B2:B9",
        "channel": 6,
        "encryption": "unknown",
        "firsttime": "2026-04-24T00:00:00.000Z",
        "lasttime": "2026-04-23T18:00:00.000Z",
        "city": "Urbandale",
        "region": "IA",
        "country": "US",
        "road": "Northwest Urbandale Drive",
        "postalcode": "50322"
      }
    },
    {
      "type": "Feature",
      "geometry": {
        "type": "Point",
        "coordinates": [
          -78.60784912,
          42.77246475
        ]
      },
      "properties": {
        "netid": "24:B2:B9:98:88:B1",
        "ssid": null,
        "oui": "24:B2:B9",
        "channel": 6,
        "encryption": "wpa2",
        "firsttime": "2026-07-10T21:00:00.000Z",
        "lasttime": "2026-07-10T19:00:00.000Z",
        "city": null,
        "region": "NY",
        "country": "US",
        "road": "Girard Avenue",
        "postalcode": "14052"
      }
    },
    {
      "type": "Feature",
      "geometry": {
        "type": "Point",
        "coordinates": [
          -123.04023743,
          44.94029617
        ]
      },
      "properties": {
        "netid": "24:B2:B9:9B:0C:63",
        "ssid": null,
        "oui": "24:B2:B9",
        "channel": 10,
        "encryption": "wpa2",
        "firsttime": "2026-07-07T14:00:00.000Z",
        "lasttime": "2026-07-07T07:00:00.000Z",
        "city": "Salem",
        "region": "OR",
        "country": "US",
        "road": "Commercial Street Southeast",
        "postalcode": "97304"
      }
    },
    {
      "type": "Feature",
      "geometry": {
        "type": "Point",
        "coordinates": [
          -97.1413269,
          30.21422195
        ]
      },
      "properties": {
        "netid": "24:B2:B9:9B:F9:E1",
        "ssid": null,
        "oui": "24:B2:B9",
        "channel": 0,
        "encryption": "unknown",
        "firsttime": "2026-05-15T08:00:00.000Z",
        "lasttime": "2026-05-16T16:00:00.000Z",
        "city": null,
        "region": "TX",
        "country": "US",
        "road": "Paint Creek South Road",
        "postalcode": null
      }
    },
    {
      "type": "Feature",
      "geometry": {
        "type": "Point",
        "coordinates": [
          40.73693848,
          -66.0
        ]
      },
      "properties": {
        "netid": "24:B2:B9:9D:C8:AB",
        "ssid": "24:B2:B9:9D:C8:AB",
        "oui": "24:B2:B9",
        "channel": 1,
        "encryption": "unknown",
        "firsttime": "2026-03-16T19:00:00.000Z",
        "lasttime": "2026-03-18T22:00:00.000Z",
        "city": null,
        "region": null,
        "country": null,
        "road": null,
        "postalcode": null
      }
    },
    {
      "type": "Feature",
      "geometry": {
        "type": "Point",
        "coordinates": [
          -74.54097748,
          40.55025101
        ]
      },
      "properties": {
        "netid": "24:B2:B9:9D:EE:DF",
        "ssid": null,
        "oui": "24:B2:B9",
        "channel": 5,
        "encryption": "unknown",
        "firsttime": "2026-05-08T19:00:00.000Z",
        "lasttime": "2026-05-10T13:00:00.000Z",
        "city": null,
        "region": "NJ",
        "country": "US",
        "road": "I 287",
        "postalcode": "08880"
      }
    },
    {
      "type": "Feature",
      "geometry": {
        "type": "Point",
        "coordinates": [
          151.87409973,
          -27.597826
        ]
      },
      "properties": {
        "netid": "24:B2:B9:A1:F3:61",
        "ssid": null,
        "oui": "24:B2:B9",
        "channel": 0,
        "encryption": "none",
        "firsttime": "2026-06-23T04:00:00.000Z",
        "lasttime": "2026-06-22T22:00:00.000Z",
        "city": null,
        "region": "Queensland",
        "country": "AU",
        "road": "Ferguson Road",
        "postalcode": null
      }
    },
    {
      "type": "Feature",
      "geometry": {
        "type": "Point",
        "coordinates": [
          -122.46659851,
          47.21687698
        ]
      },
      "properties": {
        "netid": "24:B2:B9:A2:A2:DD",
        "ssid": null,
        "oui": "24:B2:B9",
        "channel": 6,
        "encryption": "wpa2",
        "firsttime": "2026-07-17T17:00:00.000Z",
        "lasttime": "2026-07-18T14:00:00.000Z",
        "city": "Tacoma",
        "region": "WA",
        "country": "US",
        "road": "South Steele Street",
        "postalcode": "98409-7242"
      }
    },
    {
      "type": "Feature",
      "geometry": {
        "type": "Point",
        "coordinates": [
          -93.77561188,
          41.58460236
        ]
      },
      "properties": {
        "netid": "24:B2:B9:A4:9E:C3",
        "ssid": null,
        "oui": "24:B2:B9",
        "channel": 0,
        "encryption": "unknown",
        "firsttime": "2026-06-12T13:00:00.000Z",
        "lasttime": "2026-06-12T20:00:00.000Z",
        "city": "West Des Moines",
        "region": "IA",
        "country": "US",
        "road": "Ashworth Road",
        "postalcode": "50266"
      }
    },
    {
      "type": "Feature",
      "geometry": {
        "type": "Point",
        "coordinates": [
          -83.09641266,
          40.10936356
        ]
      },
      "properties": {
        "netid": "24:B2:B9:A4:DC:33",
        "ssid": null,
        "oui": "24:B2:B9",
        "channel": 1,
        "encryption": "unknown",
        "firsttime": "2024-08-25T21:00:00.000Z",
        "lasttime": "2026-06-22T15:00:00.000Z",
        "city": null,
        "region": "OH",
        "country": "US",
        "road": "Jack Nicklaus Freeway",
        "postalcode": "43017"
      }
    },
    {
      "type": "Feature",
      "geometry": {
        "type": "Point",
        "coordinates": [
          -73.10946655,
          44.45468521
        ]
      },
      "properties": {
        "netid": "24:B2:B9:A5:F7:EF",
        "ssid": null,
        "oui": "24:B2:B9",
        "channel": 11,
        "encryption": "unknown",
        "firsttime": "2026-07-18T15:00:00.000Z",
        "lasttime": "2026-07-24T07:00:00.000Z",
        "city": null,
        "region": "VT",
        "country": "US",
        "road": "Day Lane",
        "postalcode": "05495"
      }
    },
    {
      "type": "Feature",
      "geometry": {
        "type": "Point",
        "coordinates": [
          40.73693848,
          -81.0
        ]
      },
      "properties": {
        "netid": "24:B2:B9:A5:FA:B1",
        "ssid": "24:B2:B9:A5:FA:B1",
        "oui": "24:B2:B9",
        "channel": 1,
        "encryption": "unknown",
        "firsttime": "2026-03-17T18:00:00.000Z",
        "lasttime": "2026-03-18T22:00:00.000Z",
        "city": null,
        "region": null,
        "country": null,
        "road": null,
        "postalcode": null
      }
    },
    {
      "type": "Feature",
      "geometry": {
        "type": "Point",
        "coordinates": [
          -117.57569885,
          34.08605957
        ]
      },
      "properties": {
        "netid": "24:B2:B9:A6:3A:B7",
        "ssid": null,
        "oui": "24:B2:B9",
        "channel": 8,
        "encryption": "unknown",
        "firsttime": "2025-11-12T02:00:00.000Z",
        "lasttime": "2025-11-20T17:00:00.000Z",
        "city": "Rancho Cucamonga",
        "region": "CA",
        "country": "US",
        "road": "Haven Avenue",
        "postalcode": "91743"
      }
    },
    {
      "type": "Feature",
      "geometry": {
        "type": "Point",
        "coordinates": [
          -93.52023315,
          41.60454178
        ]
      },
      "properties": {
        "netid": "24:B2:B9:A6:76:A3",
        "ssid": null,
        "oui": "24:B2:B9",
        "channel": 149,
        "encryption": "unknown",
        "firsttime": "2026-04-23T20:00:00.000Z",
        "lasttime": "2026-06-12T20:00:00.000Z",
        "city": null,
        "region": "IA",
        "country": "US",
        "road": "Copper Creek Drive",
        "postalcode": "50327"
      }
    },
    {
      "type": "Feature",
      "geometry": {
        "type": "Point",
        "coordinates": [
          -122.29454803,
          47.19900513
        ]
      },
      "properties": {
        "netid": "24:B2:B9:A7:62:1F",
        "ssid": null,
        "oui": "24:B2:B9",
        "channel": 1,
        "encryption": "wpa2",
        "firsttime": "2026-07-28T20:00:00.000Z",
        "lasttime": "2026-07-31T12:00:00.000Z",
        "city": null,
        "region": "WA",
        "country": "US",
        "road": "River Road",
        "postalcode": "98371"
      }
    },
    {
      "type": "Feature",
      "geometry": {
        "type": "Point",
        "coordinates": [
          -73.64954376,
          40.65732956
        ]
      },
      "properties": {
        "netid": "24:B2:B9:A8:2B:F3",
        "ssid": null,
        "oui": "24:B2:B9",
        "channel": 4,
        "encryption": "unknown",
        "firsttime": "2025-10-26T13:00:00.000Z",
        "lasttime": "2025-10-26T07:00:00.000Z",
        "city": null,
        "region": "NY",
        "country": "US",
        "road": "Sunrise Highway",
        "postalcode": "11570"
      }
    },
    {
      "type": "Feature",
      "geometry": {
        "type": "Point",
        "coordinates": [
          -74.04543304,
          40.74567413
        ]
      },
      "properties": {
        "netid": "24:B2:B9:AA:71:11",
        "ssid": "24:B2:B9:AA:71:11",
        "oui": "24:B2:B9",
        "channel": 1,
        "encryption": "unknown",
        "firsttime": "2026-03-16T20:00:00.000Z",
        "lasttime": "2026-03-31T01:00:00.000Z",
        "city": "Jersey City",
        "region": "NJ",
        "country": "US",
        "road": "Webster Avenue",
        "postalcode": "07307"
      }
    },
    {
      "type": "Feature",
      "geometry": {
        "type": "Point",
        "coordinates": [
          40.73693848,
          -76.0
        ]
      },
      "properties": {
        "netid": "24:B2:B9:AA:86:2B",
        "ssid": "24:B2:B9:AA:86:2B",
        "oui": "24:B2:B9",
        "channel": 9,
        "encryption": "unknown",
        "firsttime": "2026-03-17T15:00:00.000Z",
        "lasttime": "2026-03-18T22:00:00.000Z",
        "city": null,
        "region": null,
        "country": null,
        "road": null,
        "postalcode": null
      }
    },
    {
      "type": "Feature",
      "geometry": {
        "type": "Point",
        "coordinates": [
          -82.69997406,
          27.82592583
        ]
      },
      "properties": {
        "netid": "24:B2:B9:AA:FD:73",
        "ssid": null,
        "oui": "24:B2:B9",
        "channel": 149,
        "encryption": "unknown",
        "firsttime": "2025-11-20T00:00:00.000Z",
        "lasttime": "2025-12-05T04:00:00.000Z",
        "city": "Pinellas Park",
        "region": "FL",
        "country": "US",
        "road": "49th Street",
        "postalcode": "33782"
      }
    },
    {
      "type": "Feature",
      "geometry": {
        "type": "Point",
        "coordinates": [
          40.73693848,
          -79.0
        ]
      },
      "properties": {
        "netid": "24:B2:B9:AB:08:FB",
        "ssid": "24:B2:B9:AB:08:FB",
        "oui": "24:B2:B9",
        "channel": 11,
        "encryption": "unknown",
        "firsttime": "2026-03-17T18:00:00.000Z",
        "lasttime": "2026-03-18T22:00:00.000Z",
        "city": null,
        "region": null,
        "country": null,
        "road": null,
        "postalcode": null
      }
    },
    {
      "type": "Feature",
      "geometry": {
        "type": "Point",
        "coordinates": [
          -118.31221008,
          33.75835419
        ]
      },
      "properties": {
        "netid": "24:B2:B9:AB:48:BF",
        "ssid": null,
        "oui": "24:B2:B9",
        "channel": 6,
        "encryption": "wpa2",
        "firsttime": "2026-06-27T23:00:00.000Z",
        "lasttime": "2026-06-27T16:00:00.000Z",
        "city": null,
        "region": "CA",
        "country": "US",
        "road": "South Western Avenue",
        "postalcode": "90731-1422"
      }
    },
    {
      "type": "Feature",
      "geometry": {
        "type": "Point",
        "coordinates": [
          40.73693848,
          -54.0
        ]
      },
      "properties": {
        "netid": "24:B2:B9:AB:73:47",
        "ssid": "24:B2:B9:AB:73:47",
        "oui": "24:B2:B9",
        "channel": 11,
        "encryption": "unknown",
        "firsttime": "2026-03-17T15:00:00.000Z",
        "lasttime": "2026-03-18T22:00:00.000Z",
        "city": null,
        "region": null,
        "country": null,
        "road": null,
        "postalcode": null
      }
    },
    {
      "type": "Feature",
      "geometry": {
        "type": "Point",
        "coordinates": [
          -78.81478119,
          35.90139389
        ]
      },
      "properties": {
        "netid": "24:B2:B9:AB:D8:49",
        "ssid": null,
        "oui": "24:B2:B9",
        "channel": 1,
        "encryption": "wpa2",
        "firsttime": "2026-07-29T13:00:00.000Z",
        "lasttime": "2026-07-30T10:00:00.000Z",
        "city": "Raleigh",
        "region": "NC",
        "country": "US",
        "road": "World Trade Boulevard",
        "postalcode": "27560"
      }
    },
    {
      "type": "Feature",
      "geometry": {
        "type": "Point",
        "coordinates": [
          -86.07069397,
          39.91324615
        ]
      },
      "properties": {
        "netid": "24:B2:B9:AB:DE:8F",
        "ssid": null,
        "oui": "24:B2:B9",
        "channel": 120,
        "encryption": "unknown",
        "firsttime": "2026-04-09T16:00:00.000Z",
        "lasttime": "2026-04-09T19:00:00.000Z",
        "city": "Indianapolis",
        "region": "IN",
        "country": "US",
        "road": "East 86th Street",
        "postalcode": "46250"
      }
    },
    {
      "type": "Feature",
      "geometry": {
        "type": "Point",
        "coordinates": [
          151.94512939,
          -27.57683563
        ]
      },
      "properties": {
        "netid": "24:B2:B9:AF:76:33",
        "ssid": null,
        "oui": "24:B2:B9",
        "channel": 0,
        "encryption": "none",
        "firsttime": "2026-06-26T00:00:00.000Z",
        "lasttime": "2026-06-25T22:00:00.000Z",
        "city": "Toowoomba",
        "region": "Queensland",
        "country": "AU",
        "road": "Klein Street",
        "postalcode": "4250"
      }
    },
    {
      "type": "Feature",
      "geometry": {
        "type": "Point",
        "coordinates": [
          -117.74301147,
          33.64964294
        ]
      },
      "properties": {
        "netid": "24:B2:B9:AF:D2:25",
        "ssid": "nuc-00676",
        "oui": "24:B2:B9",
        "channel": 1,
        "encryption": "wpa2",
        "firsttime": "2026-01-29T02:00:00.000Z",
        "lasttime": "2026-01-29T00:00:00.000Z",
        "city": "Irvine",
        "region": "CA",
        "country": "US",
        "road": "Pacifica",
        "postalcode": "92618"
      }
    },
    {
      "type": "Feature",
      "geometry": {
        "type": "Point",
        "coordinates": [
          0.16076635,
          52.66521072
        ]
      },
      "properties": {
        "netid": "24:B2:B9:AF:D2:77",
        "ssid": "nuc-00668",
        "oui": "24:B2:B9",
        "channel": 1,
        "encryption": "wpa2",
        "firsttime": "2026-01-22T11:00:00.000Z",
        "lasttime": "2026-04-16T14:00:00.000Z",
        "city": "Cambridgeshire",
        "region": "England",
        "country": "GB",
        "road": "Wisbech Market Place",
        "postalcode": "PE13 1DL"
      }
    },
    {
      "type": "Feature",
      "geometry": {
        "type": "Point",
        "coordinates": [
          -1.25818741,
          52.3861351
        ]
      },
      "properties": {
        "netid": "24:B2:B9:AF:EC:0B",
        "ssid": "nuc-00666",
        "oui": "24:B2:B9",
        "channel": 1,
        "encryption": "wpa2",
        "firsttime": "2026-02-01T13:00:00.000Z",
        "lasttime": "2026-03-22T07:00:00.000Z",
        "city": "Rugby",
        "region": "England",
        "country": "GB",
        "road": "Leicester Road",
        "postalcode": "CV21 1SR"
      }
    },
    {
      "type": "Feature",
      "geometry": {
        "type": "Point",
        "coordinates": [
          -78.69837952,
          42.99760437
        ]
      },
      "properties": {
        "netid": "24:B2:B9:B0:56:47",
        "ssid": null,
        "oui": "24:B2:B9",
        "channel": 2,
        "encryption": "wpa2",
        "firsttime": "2026-07-06T19:00:00.000Z",
        "lasttime": "2026-07-06T20:00:00.000Z",
        "city": "Buffalo",
        "region": "NY",
        "country": "US",
        "road": "Transit Road",
        "postalcode": "14221"
      }
    },
    {
      "type": "Feature",
      "geometry": {
        "type": "Point",
        "coordinates": [
          -113.06680298,
          37.67155075
        ]
      },
      "properties": {
        "netid": "24:B2:B9:B2:B7:6D",
        "ssid": null,
        "oui": "24:B2:B9",
        "channel": 1,
        "encryption": "unknown",
        "firsttime": "2026-07-10T01:00:00.000Z",
        "lasttime": "2026-07-10T17:00:00.000Z",
        "city": "Cedar City",
        "region": "UT",
        "country": "US",
        "road": "South 300 West",
        "postalcode": "84720"
      }
    },
    {
      "type": "Feature",
      "geometry": {
        "type": "Point",
        "coordinates": [
          -78.69837952,
          42.99755859
        ]
      },
      "properties": {
        "netid": "24:B2:B9:B3:8B:AF",
        "ssid": null,
        "oui": "24:B2:B9",
        "channel": 1,
        "encryption": "wpa2",
        "firsttime": "2026-07-06T19:00:00.000Z",
        "lasttime": "2026-07-06T20:00:00.000Z",
        "city": "Buffalo",
        "region": "NY",
        "country": "US",
        "road": "Transit Road",
        "postalcode": "14221"
      }
    },
    {
      "type": "Feature",
      "geometry": {
        "type": "Point",
        "coordinates": [
          -78.7844162,
          35.81072235
        ]
      },
      "properties": {
        "netid": "24:B2:B9:B5:F6:D5",
        "ssid": null,
        "oui": "24:B2:B9",
        "channel": 11,
        "encryption": "wpa2",
        "firsttime": "2026-06-22T19:00:00.000Z",
        "lasttime": "2026-06-22T14:00:00.000Z",
        "city": null,
        "region": "NC",
        "country": "US",
        "road": "Northington Place",
        "postalcode": "27513"
      }
    },
    {
      "type": "Feature",
      "geometry": {
        "type": "Point",
        "coordinates": [
          -97.71857452,
          30.20646095
        ]
      },
      "properties": {
        "netid": "24:B2:B9:B6:B1:83",
        "ssid": null,
        "oui": "24:B2:B9",
        "channel": 1,
        "encryption": "unknown",
        "firsttime": "2026-03-31T19:00:00.000Z",
        "lasttime": "2026-03-31T13:00:00.000Z",
        "city": "Austin",
        "region": "TX",
        "country": "US",
        "road": "Burleson Road",
        "postalcode": "78741"
      }
    },
    {
      "type": "Feature",
      "geometry": {
        "type": "Point",
        "coordinates": [
          -93.70927429,
          41.59439087
        ]
      },
      "properties": {
        "netid": "24:B2:B9:BC:74:1D",
        "ssid": null,
        "oui": "24:B2:B9",
        "channel": 132,
        "encryption": "unknown",
        "firsttime": "2026-06-14T17:00:00.000Z",
        "lasttime": "2026-06-14T20:00:00.000Z",
        "city": null,
        "region": "IA",
        "country": "US",
        "road": "67th Street",
        "postalcode": "50311"
      }
    },
    {
      "type": "Feature",
      "geometry": {
        "type": "Point",
        "coordinates": [
          40.73693848,
          -57.0
        ]
      },
      "properties": {
        "netid": "24:B2:B9:BE:E8:DD",
        "ssid": "24:B2:B9:BE:E8:DD",
        "oui": "24:B2:B9",
        "channel": 40,
        "encryption": "unknown",
        "firsttime": "2026-03-16T19:00:00.000Z",
        "lasttime": "2026-03-18T22:00:00.000Z",
        "city": null,
        "region": null,
        "country": null,
        "road": null,
        "postalcode": null
      }
    },
    {
      "type": "Feature",
      "geometry": {
        "type": "Point",
        "coordinates": [
          -70.93622589,
          42.98636246
        ]
      },
      "properties": {
        "netid": "24:B2:B9:C0:47:1F",
        "ssid": null,
        "oui": "24:B2:B9",
        "channel": 0,
        "encryption": "unknown",
        "firsttime": "2025-11-13T19:00:00.000Z",
        "lasttime": "2026-07-16T13:00:00.000Z",
        "city": null,
        "region": "NH",
        "country": "US",
        "road": "Portsmouth Avenue",
        "postalcode": "03840"
      }
    },
    {
      "type": "Feature",
      "geometry": {
        "type": "Point",
        "coordinates": [
          -78.77909851,
          35.83140564
        ]
      },
      "properties": {
        "netid": "24:B2:B9:C4:04:1F",
        "ssid": null,
        "oui": "24:B2:B9",
        "channel": 11,
        "encryption": "wpa2",
        "firsttime": "2026-08-05T11:00:00.000Z",
        "lasttime": "2026-08-05T10:00:00.000Z",
        "city": null,
        "region": "NC",
        "country": "US",
        "road": "Weston Parkway",
        "postalcode": "27513"
      }
    },
    {
      "type": "Feature",
      "geometry": {
        "type": "Point",
        "coordinates": [
          -71.0814743,
          42.31102371
        ]
      },
      "properties": {
        "netid": "24:B2:B9:C6:ED:D1",
        "ssid": null,
        "oui": "24:B2:B9",
        "channel": 11,
        "encryption": "wpa2",
        "firsttime": "2026-06-21T00:00:00.000Z",
        "lasttime": "2026-06-20T18:00:00.000Z",
        "city": "Boston",
        "region": "MA",
        "country": "US",
        "road": "Blue Hill Avenue",
        "postalcode": "02121"
      }
    },
    {
      "type": "Feature",
      "geometry": {
        "type": "Point",
        "coordinates": [
          -86.40732574,
          39.76266861
        ]
      },
      "properties": {
        "netid": "24:B2:B9:C6:EF:21",
        "ssid": null,
        "oui": "24:B2:B9",
        "channel": 1,
        "encryption": "wpa2",
        "firsttime": "2026-07-14T17:00:00.000Z",
        "lasttime": "2026-07-14T12:00:00.000Z",
        "city": null,
        "region": "IN",
        "country": "US",
        "road": "Rockville Road",
        "postalcode": "46123"
      }
    },
    {
      "type": "Feature",
      "geometry": {
        "type": "Point",
        "coordinates": [
          -77.64040375,
          43.19388199
        ]
      },
      "properties": {
        "netid": "24:B2:B9:C8:7A:8D",
        "ssid": "<hidden>",
        "oui": "24:B2:B9",
        "channel": 116,
        "encryption": "none",
        "firsttime": "2026-07-29T13:00:00.000Z",
        "lasttime": "2026-07-29T06:00:00.000Z",
        "city": "City of Rochester",
        "region": "NY",
        "country": "US",
        "road": "Ridgeway Avenue",
        "postalcode": "14615"
      }
    },
    {
      "type": "Feature",
      "geometry": {
        "type": "Point",
        "coordinates": [
          -86.04750824,
          39.79899979
        ]
      },
      "properties": {
        "netid": "24:B2:B9:C8:7D:8F",
        "ssid": null,
        "oui": "24:B2:B9",
        "channel": 6,
        "encryption": "wpa2",
        "firsttime": "2026-07-09T14:00:00.000Z",
        "lasttime": "2026-07-09T07:00:00.000Z",
        "city": "Indianapolis",
        "region": "IN",
        "country": "US",
        "road": "I 70",
        "postalcode": "46219"
      }
    },
    {
      "type": "Feature",
      "geometry": {
        "type": "Point",
        "coordinates": [
          -78.8388443,
          35.85023499
        ]
      },
      "properties": {
        "netid": "24:B2:B9:C9:E8:E9",
        "ssid": null,
        "oui": "24:B2:B9",
        "channel": 1,
        "encryption": "wpa2",
        "firsttime": "2026-06-10T12:00:00.000Z",
        "lasttime": "2026-07-14T13:00:00.000Z",
        "city": null,
        "region": "NC",
        "country": "US",
        "road": "Chapel Hill Road",
        "postalcode": "27560"
      }
    },
    {
      "type": "Feature",
      "geometry": {
        "type": "Point",
        "coordinates": [
          -122.99263,
          45.01218033
        ]
      },
      "properties": {
        "netid": "24:B2:B9:CB:2A:A9",
        "ssid": null,
        "oui": "24:B2:B9",
        "channel": 6,
        "encryption": "wpa2",
        "firsttime": "2026-08-06T23:00:00.000Z",
        "lasttime": "2026-08-06T17:00:00.000Z",
        "city": null,
        "region": "OR",
        "country": "US",
        "road": "Robert Hugh Baldock Freeway",
        "postalcode": "97305"
      }
    },
    {
      "type": "Feature",
      "geometry": {
        "type": "Point",
        "coordinates": [
          -78.64232635,
          35.79185867
        ]
      },
      "properties": {
        "netid": "24:B2:B9:CB:AB:2B",
        "ssid": null,
        "oui": "24:B2:B9",
        "channel": 8,
        "encryption": "unknown",
        "firsttime": "2026-03-25T16:00:00.000Z",
        "lasttime": "2026-04-24T15:00:00.000Z",
        "city": "Raleigh",
        "region": "NC",
        "country": "US",
        "road": "Capital Boulevard",
        "postalcode": "27604"
      }
    },
    {
      "type": "Feature",
      "geometry": {
        "type": "Point",
        "coordinates": [
          -118.47221375,
          34.034832
        ]
      },
      "properties": {
        "netid": "24:B2:B9:CB:BB:ED",
        "ssid": null,
        "oui": "24:B2:B9",
        "channel": 6,
        "encryption": "wpa2",
        "firsttime": "2026-07-01T17:00:00.000Z",
        "lasttime": "2026-07-01T11:00:00.000Z",
        "city": "Santa Monica",
        "region": "CA",
        "country": "US",
        "road": "Santa Monica Boulevard",
        "postalcode": "90404"
      }
    },
    {
      "type": "Feature",
      "geometry": {
        "type": "Point",
        "coordinates": [
          -78.8388443,
          35.85023499
        ]
      },
      "properties": {
        "netid": "24:B2:B9:CC:F0:1D",
        "ssid": null,
        "oui": "24:B2:B9",
        "channel": 1,
        "encryption": "wpa2",
        "firsttime": "2026-06-10T12:00:00.000Z",
        "lasttime": "2026-07-14T13:00:00.000Z",
        "city": null,
        "region": "NC",
        "country": "US",
        "road": "Chapel Hill Road",
        "postalcode": "27560"
      }
    },
    {
      "type": "Feature",
      "geometry": {
        "type": "Point",
        "coordinates": [
          -78.65742493,
          42.96759033
        ]
      },
      "properties": {
        "netid": "24:B2:B9:CD:01:D3",
        "ssid": null,
        "oui": "24:B2:B9",
        "channel": 11,
        "encryption": "wpa2",
        "firsttime": "2026-07-05T21:00:00.000Z",
        "lasttime": "2026-07-05T15:00:00.000Z",
        "city": null,
        "region": "NY",
        "country": "US",
        "road": "Main Street",
        "postalcode": "14031"
      }
    },
    {
      "type": "Feature",
      "geometry": {
        "type": "Point",
        "coordinates": [
          -74.22298431,
          40.81098557
        ]
      },
      "properties": {
        "netid": "24:B2:B9:CD:2D:33",
        "ssid": null,
        "oui": "24:B2:B9",
        "channel": 1,
        "encryption": "unknown",
        "firsttime": "2026-06-17T11:00:00.000Z",
        "lasttime": "2026-07-19T06:00:00.000Z",
        "city": null,
        "region": "NJ",
        "country": "US",
        "road": "Union Street",
        "postalcode": "07042"
      }
    },
    {
      "type": "Feature",
      "geometry": {
        "type": "Point",
        "coordinates": [
          -118.4434433,
          34.03734589
        ]
      },
      "properties": {
        "netid": "24:B2:B9:CD:41:FF",
        "ssid": null,
        "oui": "24:B2:B9",
        "channel": 6,
        "encryption": "wpa2",
        "firsttime": "2026-07-31T21:00:00.000Z",
        "lasttime": "2026-07-31T15:00:00.000Z",
        "city": "Los Angeles",
        "region": "CA",
        "country": "US",
        "road": "Purdue Avenue",
        "postalcode": "90064-1508"
      }
    },
    {
      "type": "Feature",
      "geometry": {
        "type": "Point",
        "coordinates": [
          151.93792725,
          -27.59106255
        ]
      },
      "properties": {
        "netid": "24:B2:B9:D4:2A:01",
        "ssid": null,
        "oui": "24:B2:B9",
        "channel": 0,
        "encryption": "none",
        "firsttime": "2026-06-19T05:00:00.000Z",
        "lasttime": "2026-06-21T02:00:00.000Z",
        "city": "Toowoomba",
        "region": "Queensland",
        "country": "AU",
        "road": "West Street",
        "postalcode": "4250"
      }
    },
    {
      "type": "Feature",
      "geometry": {
        "type": "Point",
        "coordinates": [
          -87.22708893,
          30.50245476
        ]
      },
      "properties": {
        "netid": "24:B2:B9:D4:CE:43",
        "ssid": null,
        "oui": "24:B2:B9",
        "channel": 11,
        "encryption": "wpa2",
        "firsttime": "2026-06-15T05:00:00.000Z",
        "lasttime": "2026-06-14T23:00:00.000Z",
        "city": null,
        "region": "FL",
        "country": "US",
        "road": "Plantation Road",
        "postalcode": "32514"
      }
    },
    {
      "type": "Feature",
      "geometry": {
        "type": "Point",
        "coordinates": [
          -82.18515015,
          29.14264107
        ]
      },
      "properties": {
        "netid": "24:B2:B9:D5:1E:CD",
        "ssid": null,
        "oui": "24:B2:B9",
        "channel": 1,
        "encryption": "unknown",
        "firsttime": "2026-05-31T16:00:00.000Z",
        "lasttime": "2026-06-03T20:00:00.000Z",
        "city": "Ocala",
        "region": "FL",
        "country": "US",
        "road": "I 75",
        "postalcode": "34476"
      }
    },
    {
      "type": "Feature",
      "geometry": {
        "type": "Point",
        "coordinates": [
          -81.90645599,
          35.01274872
        ]
      },
      "properties": {
        "netid": "24:B2:B9:D6:6F:59",
        "ssid": null,
        "oui": "24:B2:B9",
        "channel": 2,
        "encryption": "none",
        "firsttime": "2026-08-05T20:00:00.000Z",
        "lasttime": "2026-08-05T19:00:00.000Z",
        "city": null,
        "region": "SC",
        "country": "US",
        "road": "I 85",
        "postalcode": "29303"
      }
    },
    {
      "type": "Feature",
      "geometry": {
        "type": "Point",
        "coordinates": [
          -93.85314941,
          41.60629272
        ]
      },
      "properties": {
        "netid": "24:B2:B9:D7:50:53",
        "ssid": null,
        "oui": "24:B2:B9",
        "channel": 40,
        "encryption": "unknown",
        "firsttime": "2026-05-20T18:00:00.000Z",
        "lasttime": "2026-05-20T16:00:00.000Z",
        "city": null,
        "region": "IA",
        "country": "US",
        "road": "Southeast Alice's Road",
        "postalcode": "50263"
      }
    },
    {
      "type": "Feature",
      "geometry": {
        "type": "Point",
        "coordinates": [
          -118.49381256,
          34.01554871
        ]
      },
      "properties": {
        "netid": "24:B2:B9:D8:2A:01",
        "ssid": null,
        "oui": "24:B2:B9",
        "channel": 6,
        "encryption": "wpa2",
        "firsttime": "2026-08-05T22:00:00.000Z",
        "lasttime": "2026-08-05T17:00:00.000Z",
        "city": "Santa Monica",
        "region": "CA",
        "country": "US",
        "road": "4th Street",
        "postalcode": "90292"
      }
    },
    {
      "type": "Feature",
      "geometry": {
        "type": "Point",
        "coordinates": [
          -113.479599,
          53.4691658
        ]
      },
      "properties": {
        "netid": "24:B2:B9:DE:56:7B",
        "ssid": null,
        "oui": "24:B2:B9",
        "channel": 5,
        "encryption": "unknown",
        "firsttime": "2026-05-07T22:00:00.000Z",
        "lasttime": "2026-05-10T02:00:00.000Z",
        "city": "Edmonton",
        "region": "Alberta",
        "country": "CA",
        "road": "97 Street NW",
        "postalcode": "T6E5Y4"
      }
    },
    {
      "type": "Feature",
      "geometry": {
        "type": "Point",
        "coordinates": [
          -78.81291199,
          35.92883301
        ]
      },
      "properties": {
        "netid": "24:B2:B9:E5:27:5D",
        "ssid": null,
        "oui": "24:B2:B9",
        "channel": 11,
        "encryption": "wpa2",
        "firsttime": "2026-07-13T18:00:00.000Z",
        "lasttime": "2026-08-06T08:00:00.000Z",
        "city": "Durham",
        "region": "NC",
        "country": "US",
        "road": "Page Road",
        "postalcode": "27703"
      }
    },
    {
      "type": "Feature",
      "geometry": {
        "type": "Point",
        "coordinates": [
          -77.62979889,
          43.08830643
        ]
      },
      "properties": {
        "netid": "24:B2:B9:E7:06:73",
        "ssid": "\ufffd$\ufffdH`l-\ufffd\ufffd\ufffd",
        "oui": "24:B2:B9",
        "channel": 36,
        "encryption": "none",
        "firsttime": "2026-07-18T00:00:00.000Z",
        "lasttime": "2026-07-17T19:00:00.000Z",
        "city": "City of Rochester",
        "region": "NY",
        "country": "US",
        "road": "Jay Scutti Boulevard",
        "postalcode": "14623"
      }
    },
    {
      "type": "Feature",
      "geometry": {
        "type": "Point",
        "coordinates": [
          -74.19277954,
          40.79202271
        ]
      },
      "properties": {
        "netid": "24:B2:B9:E7:1D:31",
        "ssid": null,
        "oui": "24:B2:B9",
        "channel": 1,
        "encryption": "wpa2",
        "firsttime": "2026-08-02T19:00:00.000Z",
        "lasttime": "2026-08-02T13:00:00.000Z",
        "city": null,
        "region": "NJ",
        "country": "US",
        "road": "Garden State Parkway",
        "postalcode": "07003"
      }
    },
    {
      "type": "Feature",
      "geometry": {
        "type": "Point",
        "coordinates": [
          -118.05492401,
          33.89835358
        ]
      },
      "properties": {
        "netid": "24:B2:B9:E7:1D:51",
        "ssid": null,
        "oui": "24:B2:B9",
        "channel": 10,
        "encryption": "none",
        "firsttime": "2026-07-31T18:00:00.000Z",
        "lasttime": "2026-08-01T21:00:00.000Z",
        "city": "Norwalk",
        "region": "CA",
        "country": "US",
        "road": "Santa Ana Freeway",
        "postalcode": "90638"
      }
    },
    {
      "type": "Feature",
      "geometry": {
        "type": "Point",
        "coordinates": [
          16.36922836,
          48.21612549
        ]
      },
      "properties": {
        "netid": "24:B2:B9:E9:85:83",
        "ssid": null,
        "oui": "24:B2:B9",
        "channel": 153,
        "encryption": "unknown",
        "firsttime": "2026-02-10T06:00:00.000Z",
        "lasttime": "2026-02-09T23:00:00.000Z",
        "city": "Wien",
        "region": "Textilviertel",
        "country": "AT",
        "road": "Zelinkagasse",
        "postalcode": "1010"
      }
    },
    {
      "type": "Feature",
      "geometry": {
        "type": "Point",
        "coordinates": [
          40.73693848,
          -68.0
        ]
      },
      "properties": {
        "netid": "24:B2:B9:EB:5E:BF",
        "ssid": "24:B2:B9:EB:5E:BF",
        "oui": "24:B2:B9",
        "channel": 1,
        "encryption": "unknown",
        "firsttime": "2026-03-17T15:00:00.000Z",
        "lasttime": "2026-03-18T22:00:00.000Z",
        "city": null,
        "region": null,
        "country": null,
        "road": null,
        "postalcode": null
      }
    },
    {
      "type": "Feature",
      "geometry": {
        "type": "Point",
        "coordinates": [
          139.77113342,
          35.6757164
        ]
      },
      "properties": {
        "netid": "24:B2:B9:EB:D9:A5",
        "ssid": "ClickShare-1862705392",
        "oui": "24:B2:B9",
        "channel": 36,
        "encryption": "wpa2",
        "firsttime": "2026-05-29T02:00:00.000Z",
        "lasttime": "2026-05-29T09:00:00.000Z",
        "city": "\u4e2d\u592e\u533a",
        "region": "\u4eac\u6a4b\u4e09\u4e01\u76ee",
        "country": "JP",
        "road": "\u935b\u51b6\u6a4b\u901a\u308a",
        "postalcode": "104-8340"
      }
    },
    {
      "type": "Feature",
      "geometry": {
        "type": "Point",
        "coordinates": [
          2.28274393,
          48.86077881
        ]
      },
      "properties": {
        "netid": "24:B2:B9:EB:DA:01",
        "ssid": "ClickShare-Frank Ghery",
        "oui": "24:B2:B9",
        "channel": 36,
        "encryption": "wpa2",
        "firsttime": "2026-03-07T12:00:00.000Z",
        "lasttime": "2026-05-24T03:00:00.000Z",
        "city": "Paris",
        "region": "\u00cele-de-France",
        "country": "FR",
        "road": "Avenue Paul Doumer",
        "postalcode": "75116"
      }
    },
    {
      "type": "Feature",
      "geometry": {
        "type": "Point",
        "coordinates": [
          -0.02111223,
          52.9646225
        ]
      },
      "properties": {
        "netid": "24:B2:B9:EB:DA:07",
        "ssid": "ClickShare-1862707266",
        "oui": "24:B2:B9",
        "channel": 36,
        "encryption": "wpa2",
        "firsttime": "2026-07-12T08:00:00.000Z",
        "lasttime": "2026-07-20T00:00:00.000Z",
        "city": null,
        "region": "England",
        "country": "GB",
        "road": "Marsh Lane",
        "postalcode": "PE21 7SJ"
      }
    },
    {
      "type": "Feature",
      "geometry": {
        "type": "Point",
        "coordinates": [
          12.60216427,
          55.67795944
        ]
      },
      "properties": {
        "netid": "24:B2:B9:EB:DA:DB",
        "ssid": "ClickShare-1862711451",
        "oui": "24:B2:B9",
        "channel": 36,
        "encryption": "wpa2",
        "firsttime": "2026-03-11T15:00:00.000Z",
        "lasttime": "2026-06-27T08:00:00.000Z",
        "city": "K\u00f8benhavn",
        "region": "Region Hovedstaden",
        "country": "DK",
        "road": "Danneskiold-Sams\u00f8es All\u00e9",
        "postalcode": "1434"
      }
    },
    {
      "type": "Feature",
      "geometry": {
        "type": "Point",
        "coordinates": [
          140.87376404,
          38.25824738
        ]
      },
      "properties": {
        "netid": "24:B2:B9:EB:DB:61",
        "ssid": "ClickShare-1862709113",
        "oui": "24:B2:B9",
        "channel": 36,
        "encryption": "wpa2",
        "firsttime": "2025-12-15T08:00:00.000Z",
        "lasttime": "2025-12-15T01:00:00.000Z",
        "city": "\u4ed9\u53f0\u5e02",
        "region": "\u5bae\u57ce\u770c",
        "country": "JP",
        "road": "\u5357\u753a\u901a",
        "postalcode": "980-0811"
      }
    },
    {
      "type": "Feature",
      "geometry": {
        "type": "Point",
        "coordinates": [
          -83.01033783,
          39.96099091
        ]
      },
      "properties": {
        "netid": "24:B2:B9:EB:DB:C7",
        "ssid": "ClickShare-Local-67",
        "oui": "24:B2:B9",
        "channel": 36,
        "encryption": "wpa2",
        "firsttime": "2026-05-02T17:00:00.000Z",
        "lasttime": "2026-07-31T10:00:00.000Z",
        "city": "Columbus",
        "region": "OH",
        "country": "US",
        "road": "Starling Street",
        "postalcode": "43215"
      }
    },
    {
      "type": "Feature",
      "geometry": {
        "type": "Point",
        "coordinates": [
          -83.26520538,
          42.69572067
        ]
      },
      "properties": {
        "netid": "24:B2:B9:EB:DB:CF",
        "ssid": "ClickShare-1863084222",
        "oui": "24:B2:B9",
        "channel": 36,
        "encryption": "wpa2",
        "firsttime": "2026-02-02T16:00:00.000Z",
        "lasttime": "2026-06-21T22:00:00.000Z",
        "city": null,
        "region": "MI",
        "country": "US",
        "road": "I 75",
        "postalcode": "48326"
      }
    },
    {
      "type": "Feature",
      "geometry": {
        "type": "Point",
        "coordinates": [
          -73.26406097,
          40.81663895
        ]
      },
      "properties": {
        "netid": "24:B2:B9:EB:DB:E1",
        "ssid": "ClickShare-Huddle-Rm",
        "oui": "24:B2:B9",
        "channel": 36,
        "encryption": "wpa2",
        "firsttime": "2026-06-23T21:00:00.000Z",
        "lasttime": "2026-06-23T20:00:00.000Z",
        "city": null,
        "region": "NY",
        "country": "US",
        "road": "Oser Avenue",
        "postalcode": "11788"
      }
    },
    {
      "type": "Feature",
      "geometry": {
        "type": "Point",
        "coordinates": [
          -95.14012146,
          29.57600021
        ]
      },
      "properties": {
        "netid": "24:B2:B9:EB:DC:19",
        "ssid": "ClickShare-1863084406",
        "oui": "24:B2:B9",
        "channel": 161,
        "encryption": "wpa2",
        "firsttime": "2026-02-07T20:00:00.000Z",
        "lasttime": "2026-07-11T15:00:00.000Z",
        "city": "Houston",
        "region": "TX",
        "country": "US",
        "road": "El Camino Real",
        "postalcode": "77062"
      }
    },
    {
      "type": "Feature",
      "geometry": {
        "type": "Point",
        "coordinates": [
          -2.24592733,
          53.48826981
        ]
      },
      "properties": {
        "netid": "24:B2:B9:EB:DC:4F",
        "ssid": null,
        "oui": "24:B2:B9",
        "channel": 36,
        "encryption": "wpa2",
        "firsttime": "2026-05-26T14:00:00.000Z",
        "lasttime": "2026-07-31T11:00:00.000Z",
        "city": "Manchester",
        "region": "England",
        "country": "GB",
        "road": "Mirabel Street",
        "postalcode": "M3 1NP"
      }
    },
    {
      "type": "Feature",
      "geometry": {
        "type": "Point",
        "coordinates": [
          -122.66181946,
          45.51402283
        ]
      },
      "properties": {
        "netid": "24:B2:B9:EB:DC:A5",
        "ssid": "ClickShare-1863084413",
        "oui": "24:B2:B9",
        "channel": 36,
        "encryption": "wpa2",
        "firsttime": "2025-12-01T04:00:00.000Z",
        "lasttime": "2026-07-11T17:00:00.000Z",
        "city": "Portland",
        "region": "OR",
        "country": "US",
        "road": "Southeast Martin Luther King Junior Boulevard",
        "postalcode": "97258"
      }
    },
    {
      "type": "Feature",
      "geometry": {
        "type": "Point",
        "coordinates": [
          -79.38396454,
          43.65304565
        ]
      },
      "properties": {
        "netid": "24:B2:B9:EB:DD:07",
        "ssid": "Barco-CS-Auditorium",
        "oui": "24:B2:B9",
        "channel": 36,
        "encryption": "wpa2",
        "firsttime": "2026-07-24T20:00:00.000Z",
        "lasttime": "2026-07-25T06:00:00.000Z",
        "city": "Old Toronto",
        "region": "Ontario",
        "country": "CA",
        "road": "Queen Street West",
        "postalcode": "M5H 2N2"
      }
    },
    {
      "type": "Feature",
      "geometry": {
        "type": "Point",
        "coordinates": [
          -93.27740479,
          44.98632812
        ]
      },
      "properties": {
        "netid": "24:B2:B9:EB:DD:65",
        "ssid": "ClickShare-1863084268",
        "oui": "24:B2:B9",
        "channel": 36,
        "encryption": "wpa2",
        "firsttime": "2026-06-27T19:00:00.000Z",
        "lasttime": "2026-06-27T14:00:00.000Z",
        "city": "Minneapolis",
        "region": "MN",
        "country": "US",
        "road": "3rd Street North",
        "postalcode": "55401"
      }
    },
    {
      "type": "Feature",
      "geometry": {
        "type": "Point",
        "coordinates": [
          -84.96385193,
          39.85784912
        ]
      },
      "properties": {
        "netid": "24:B2:B9:EB:DD:75",
        "ssid": "ClickShare-1863084829",
        "oui": "24:B2:B9",
        "channel": 36,
        "encryption": "wpa2",
        "firsttime": "2026-07-02T01:00:00.000Z",
        "lasttime": "2026-08-07T07:00:00.000Z",
        "city": null,
        "region": "IN",
        "country": "US",
        "road": "West Industries Road",
        "postalcode": "47392"
      }
    },
    {
      "type": "Feature",
      "geometry": {
        "type": "Point",
        "coordinates": [
          -73.99560547,
          40.75301361
        ]
      },
      "properties": {
        "netid": "24:B2:B9:EB:DD:99",
        "ssid": "ClickShare-1863085075",
        "oui": "24:B2:B9",
        "channel": 36,
        "encryption": "wpa2",
        "firsttime": "2026-05-24T20:00:00.000Z",
        "lasttime": "2026-07-24T10:00:00.000Z",
        "city": "City of New York",
        "region": "NY",
        "country": "US",
        "road": "West 34th Street",
        "postalcode": "10001"
      }
    },
    {
      "type": "Feature",
      "geometry": {
        "type": "Point",
        "coordinates": [
          11.58480167,
          48.13886642
        ]
      },
      "properties": {
        "netid": "24:B2:B9:EB:DE:71",
        "ssid": "ClickShare-MeetRm-Grossvenediger",
        "oui": "24:B2:B9",
        "channel": 1,
        "encryption": "wpa2",
        "firsttime": "2026-05-12T19:00:00.000Z",
        "lasttime": "2026-05-12T13:00:00.000Z",
        "city": "M\u00fcnchen",
        "region": "Bayern",
        "country": "DE",
        "road": "Karl-Scharnagl-Ring",
        "postalcode": "80538"
      }
    },
    {
      "type": "Feature",
      "geometry": {
        "type": "Point",
        "coordinates": [
          151.19326782,
          -33.82078934
        ]
      },
      "properties": {
        "netid": "24:B2:B9:EB:DE:F7",
        "ssid": "Dharug 1 ClickShare",
        "oui": "24:B2:B9",
        "channel": 36,
        "encryption": "wpa2",
        "firsttime": "2026-06-22T22:00:00.000Z",
        "lasttime": "2026-07-08T20:00:00.000Z",
        "city": "Sydney",
        "region": "New South Wales",
        "country": "AU",
        "road": "Herbert Street",
        "postalcode": "2065"
      }
    },
    {
      "type": "Feature",
      "geometry": {
        "type": "Point",
        "coordinates": [
          12.59532738,
          55.69839859
        ]
      },
      "properties": {
        "netid": "24:B2:B9:EB:DF:4B",
        "ssid": "M15",
        "oui": "24:B2:B9",
        "channel": 36,
        "encryption": "wpa2",
        "firsttime": "2026-04-13T14:00:00.000Z",
        "lasttime": "2026-06-29T11:00:00.000Z",
        "city": "K\u00f8benhavn",
        "region": "Region Hovedstaden",
        "country": "DK",
        "road": "Dampf\u00e6rgevej",
        "postalcode": "1259"
      }
    },
    {
      "type": "Feature",
      "geometry": {
        "type": "Point",
        "coordinates": [
          135.50169373,
          34.68172836
        ]
      },
      "properties": {
        "netid": "24:B2:B9:EB:DF:63",
        "ssid": "ClickShare-1862706539",
        "oui": "24:B2:B9",
        "channel": 36,
        "encryption": "wpa2",
        "firsttime": "2026-01-18T05:00:00.000Z",
        "lasttime": "2026-01-22T01:00:00.000Z",
        "city": "\u5927\u962a\u5e02",
        "region": "\u5927\u962a\u5e9c",
        "country": "JP",
        "road": "\u4e2d\u592e\u5927\u901a",
        "postalcode": "541-0056"
      }
    },
    {
      "type": "Feature",
      "geometry": {
        "type": "Point",
        "coordinates": [
          8.52922344,
          47.37985229
        ]
      },
      "properties": {
        "netid": "24:B2:B9:EB:DF:7D",
        "ssid": "ClickShare-B\u00fcro Bereichsleitung",
        "oui": "24:B2:B9",
        "channel": 36,
        "encryption": "wpa2",
        "firsttime": "2026-06-04T13:00:00.000Z",
        "lasttime": "2026-06-04T07:00:00.000Z",
        "city": "Z\u00fcrich",
        "region": "Z\u00fcrich",
        "country": "CH",
        "road": "Lagerstrasse",
        "postalcode": "8004"
      }
    },
    {
      "type": "Feature",
      "geometry": {
        "type": "Point",
        "coordinates": [
          8.54198647,
          47.38037872
        ]
      },
      "properties": {
        "netid": "24:B2:B9:EB:DF:7F",
        "ssid": "ClickShare-B\u00fcro 108",
        "oui": "24:B2:B9",
        "channel": 48,
        "encryption": "wpa2",
        "firsttime": "2026-02-12T09:00:00.000Z",
        "lasttime": "2026-05-09T12:00:00.000Z",
        "city": "Z\u00fcrich",
        "region": "Z\u00fcrich",
        "country": "CH",
        "road": "Walchestrasse",
        "postalcode": "8006"
      }
    },
    {
      "type": "Feature",
      "geometry": {
        "type": "Point",
        "coordinates": [
          -2.62795115,
          53.46623611
        ]
      },
      "properties": {
        "netid": "24:B2:B9:EB:DF:95",
        "ssid": "ClickShare-1862705974",
        "oui": "24:B2:B9",
        "channel": 36,
        "encryption": "wpa2",
        "firsttime": "2026-06-09T06:00:00.000Z",
        "lasttime": "2026-07-09T09:00:00.000Z",
        "city": "St Helens",
        "region": "England",
        "country": "GB",
        "road": "M6",
        "postalcode": "WA12 0AL"
      }
    },
    {
      "type": "Feature",
      "geometry": {
        "type": "Point",
        "coordinates": [
          11.01082897,
          49.46103668
        ]
      },
      "properties": {
        "netid": "24:B2:B9:EB:DF:BF",
        "ssid": null,
        "oui": "24:B2:B9",
        "channel": 36,
        "encryption": "wpa2",
        "firsttime": "2026-05-20T06:00:00.000Z",
        "lasttime": "2026-05-20T12:00:00.000Z",
        "city": "F\u00fcrth",
        "region": "Bayern",
        "country": "DE",
        "road": "H\u00f6fener Stra\u00dfe",
        "postalcode": "90763"
      }
    },
    {
      "type": "Feature",
      "geometry": {
        "type": "Point",
        "coordinates": [
          11.0892868,
          49.46772385
        ]
      },
      "properties": {
        "netid": "24:B2:B9:EB:DF:F5",
        "ssid": "ClickShare-1862706931",
        "oui": "24:B2:B9",
        "channel": 36,
        "encryption": "wpa2",
        "firsttime": "2025-11-15T15:00:00.000Z",
        "lasttime": "2026-04-01T08:00:00.000Z",
        "city": "N\u00fcrnberg",
        "region": "Bayern",
        "country": "DE",
        "road": "Schopenhauerstra\u00dfe",
        "postalcode": "90409"
      }
    },
    {
      "type": "Feature",
      "geometry": {
        "type": "Point",
        "coordinates": [
          2.30645871,
          48.90390778
        ]
      },
      "properties": {
        "netid": "24:B2:B9:EB:E0:47",
        "ssid": "ClickShare-1862705553",
        "oui": "24:B2:B9",
        "channel": 36,
        "encryption": "wpa2",
        "firsttime": "2026-03-14T10:00:00.000Z",
        "lasttime": "2026-03-14T10:00:00.000Z",
        "city": "Clichy",
        "region": "\u00cele-de-France",
        "country": "FR",
        "road": "Rue Villeneuve",
        "postalcode": "92110"
      }
    },
    {
      "type": "Feature",
      "geometry": {
        "type": "Point",
        "coordinates": [
          4.39833975,
          51.22105408
        ]
      },
      "properties": {
        "netid": "24:B2:B9:EB:E0:4B",
        "ssid": "ClickShare-Baguette",
        "oui": "24:B2:B9",
        "channel": 44,
        "encryption": "wpa2",
        "firsttime": "2026-06-03T12:00:00.000Z",
        "lasttime": "2026-06-06T14:00:00.000Z",
        "city": null,
        "region": "Antwerpen",
        "country": "BE",
        "road": "Suikerrui",
        "postalcode": "2000"
      }
    },
    {
      "type": "Feature",
      "geometry": {
        "type": "Point",
        "coordinates": [
          5.97852182,
          50.88316345
        ]
      },
      "properties": {
        "netid": "24:B2:B9:EB:E0:4D",
        "ssid": "ClickShare-1862705918",
        "oui": "24:B2:B9",
        "channel": 36,
        "encryption": "wpa2",
        "firsttime": "2026-02-18T04:00:00.000Z",
        "lasttime": "2026-07-30T13:00:00.000Z",
        "city": "Heerlen",
        "region": "Limburg",
        "country": "NL",
        "road": "Kruisstraat",
        "postalcode": "6411BS"
      }
    },
    {
      "type": "Feature",
      "geometry": {
        "type": "Point",
        "coordinates": [
          6.02257156,
          47.23575592
        ]
      },
      "properties": {
        "netid": "24:B2:B9:EB:E0:5D",
        "ssid": null,
        "oui": "24:B2:B9",
        "channel": 36,
        "encryption": "wpa2",
        "firsttime": "2026-03-28T12:00:00.000Z",
        "lasttime": "2026-03-29T09:00:00.000Z",
        "city": "Besan\u00e7on",
        "region": "Bourgogne-Franche-Comt\u00e9",
        "country": "FR",
        "road": "Esplanade des Droits de l'Homme",
        "postalcode": "25000"
      }
    },
    {
      "type": "Feature",
      "geometry": {
        "type": "Point",
        "coordinates": [
          8.53980541,
          47.37731552
        ]
      },
      "properties": {
        "netid": "24:B2:B9:EB:E0:B1",
        "ssid": "ClickShare - Room 2",
        "oui": "24:B2:B9",
        "channel": 36,
        "encryption": "wpa2",
        "firsttime": "2026-02-08T14:00:00.000Z",
        "lasttime": "2026-06-02T03:00:00.000Z",
        "city": "Z\u00fcrich",
        "region": "Z\u00fcrich",
        "country": "CH",
        "road": null,
        "postalcode": "8001"
      }
    },
    {
      "type": "Feature",
      "geometry": {
        "type": "Point",
        "coordinates": [
          8.54404068,
          47.3791008
        ]
      },
      "properties": {
        "netid": "24:B2:B9:EB:E0:E7",
        "ssid": "ClickShare-B\u00fcro 3-02",
        "oui": "24:B2:B9",
        "channel": 36,
        "encryption": "wpa2",
        "firsttime": "2026-04-15T19:00:00.000Z",
        "lasttime": "2026-04-15T14:00:00.000Z",
        "city": "Z\u00fcrich",
        "region": "Z\u00fcrich",
        "country": "CH",
        "road": "Hochfarbstrasse",
        "postalcode": "8006"
      }
    },
    {
      "type": "Feature",
      "geometry": {
        "type": "Point",
        "coordinates": [
          12.56457806,
          55.69286728
        ]
      },
      "properties": {
        "netid": "24:B2:B9:EB:E1:09",
        "ssid": "ClickShare-1862706291",
        "oui": "24:B2:B9",
        "channel": 36,
        "encryption": "wpa2",
        "firsttime": "2026-05-17T17:00:00.000Z",
        "lasttime": "2026-05-17T10:00:00.000Z",
        "city": "K\u00f8benhavn",
        "region": "Region Hovedstaden",
        "country": "DK",
        "road": "Blegdamsvej",
        "postalcode": "1357"
      }
    },
    {
      "type": "Feature",
      "geometry": {
        "type": "Point",
        "coordinates": [
          12.9434166,
          57.7220459
        ]
      },
      "properties": {
        "netid": "24:B2:B9:EB:E1:11",
        "ssid": "ClickShare-Gallerisal",
        "oui": "24:B2:B9",
        "channel": 36,
        "encryption": "wpa2",
        "firsttime": "2026-07-03T08:00:00.000Z",
        "lasttime": "2026-07-03T07:00:00.000Z",
        "city": null,
        "region": "V\u00e4stra G\u00f6talands l\u00e4n",
        "country": "SE",
        "road": "42",
        "postalcode": "503 34"
      }
    },
    {
      "type": "Feature",
      "geometry": {
        "type": "Point",
        "coordinates": [
          12.59548759,
          55.69852066
        ]
      },
      "properties": {
        "netid": "24:B2:B9:EB:E1:17",
        "ssid": "M10",
        "oui": "24:B2:B9",
        "channel": 36,
        "encryption": "wpa2",
        "firsttime": "2026-04-16T06:00:00.000Z",
        "lasttime": "2026-06-29T11:00:00.000Z",
        "city": "K\u00f8benhavn",
        "region": "Region Hovedstaden",
        "country": "DK",
        "road": "Dampf\u00e6rgevej",
        "postalcode": "1259"
      }
    },
    {
      "type": "Feature",
      "geometry": {
        "type": "Point",
        "coordinates": [
          -0.08204265,
          51.52323151
        ]
      },
      "properties": {
        "netid": "24:B2:B9:EB:E1:63",
        "ssid": null,
        "oui": "24:B2:B9",
        "channel": 36,
        "encryption": "wpa2",
        "firsttime": "2026-06-25T21:00:00.000Z",
        "lasttime": "2026-06-25T14:00:00.000Z",
        "city": "London",
        "region": "England",
        "country": "GB",
        "road": "New North Place",
        "postalcode": "EC2A 4JA"
      }
    },
    {
      "type": "Feature",
      "geometry": {
        "type": "Point",
        "coordinates": [
          121.57180023,
          25.07975006
        ]
      },
      "properties": {
        "netid": "24:B2:B9:EB:E1:A3",
        "ssid": "ClickShare-1862705448",
        "oui": "24:B2:B9",
        "channel": 165,
        "encryption": "wpa2",
        "firsttime": "2026-04-11T05:00:00.000Z",
        "lasttime": "2026-07-28T20:00:00.000Z",
        "city": "\u81fa\u5317\u5e02",
        "region": "\u81fa\u5317\u5e02",
        "country": "TW",
        "road": "\u6d32\u5b50\u8857",
        "postalcode": "114"
      }
    },
    {
      "type": "Feature",
      "geometry": {
        "type": "Point",
        "coordinates": [
          11.01010132,
          49.57384109
        ]
      },
      "properties": {
        "netid": "24:B2:B9:EB:E1:BB",
        "ssid": "ClickShare-1862708959",
        "oui": "24:B2:B9",
        "channel": 36,
        "encryption": "wpa2",
        "firsttime": "2026-05-28T11:00:00.000Z",
        "lasttime": "2026-05-28T04:00:00.000Z",
        "city": "Erlangen",
        "region": "Bayern",
        "country": "DE",
        "road": "Fermiweg",
        "postalcode": "91058"
      }
    },
    {
      "type": "Feature",
      "geometry": {
        "type": "Point",
        "coordinates": [
          2.36815238,
          48.84879303
        ]
      },
      "properties": {
        "netid": "24:B2:B9:EB:E1:CB",
        "ssid": "ClickShare-1862705959",
        "oui": "24:B2:B9",
        "channel": 36,
        "encryption": "wpa2",
        "firsttime": "2026-07-03T11:00:00.000Z",
        "lasttime": "2026-07-28T11:00:00.000Z",
        "city": "Paris",
        "region": "\u00cele-de-France",
        "country": "FR",
        "road": "Rue Jules C\u00e9sar",
        "postalcode": "75012"
      }
    },
    {
      "type": "Feature",
      "geometry": {
        "type": "Point",
        "coordinates": [
          4.85742807,
          45.76278305
        ]
      },
      "properties": {
        "netid": "24:B2:B9:EB:E1:E3",
        "ssid": "ClickShare-1862705214",
        "oui": "24:B2:B9",
        "channel": 36,
        "encryption": "wpa2",
        "firsttime": "2026-07-27T17:00:00.000Z",
        "lasttime": "2026-07-27T11:00:00.000Z",
        "city": "Lyon",
        "region": "Auvergne-Rh\u00f4ne-Alpes",
        "country": "FR",
        "road": "Boulevard Vivier-Merle",
        "postalcode": "69003"
      }
    },
    {
      "type": "Feature",
      "geometry": {
        "type": "Point",
        "coordinates": [
          2.30482221,
          48.8703804
        ]
      },
      "properties": {
        "netid": "24:B2:B9:EB:E2:5B",
        "ssid": "LHH-Charonne",
        "oui": "24:B2:B9",
        "channel": 48,
        "encryption": "wpa2",
        "firsttime": "2026-05-31T09:00:00.000Z",
        "lasttime": "2026-05-31T04:00:00.000Z",
        "city": "Paris",
        "region": "\u00cele-de-France",
        "country": "FR",
        "road": "Promenade des Champs-\u00c9lys\u00e9es",
        "postalcode": "75008"
      }
    },
    {
      "type": "Feature",
      "geometry": {
        "type": "Point",
        "coordinates": [
          -0.0771747,
          38.57112122
        ]
      },
      "properties": {
        "netid": "24:B2:B9:EB:E2:99",
        "ssid": "ClickShare-SalaEntrada",
        "oui": "24:B2:B9",
        "channel": 48,
        "encryption": "wpa2",
        "firsttime": "2026-05-14T11:00:00.000Z",
        "lasttime": "2026-05-16T21:00:00.000Z",
        "city": null,
        "region": "Comunitat Valenciana",
        "country": "ES",
        "road": "Avinguda Sant Pere",
        "postalcode": "03581"
      }
    },
    {
      "type": "Feature",
      "geometry": {
        "type": "Point",
        "coordinates": [
          139.77198792,
          35.68437958
        ]
      },
      "properties": {
        "netid": "24:B2:B9:EB:E2:E7",
        "ssid": "ClickShare-1862706507",
        "oui": "24:B2:B9",
        "channel": 36,
        "encryption": "wpa2",
        "firsttime": "2025-10-09T08:00:00.000Z",
        "lasttime": "2026-03-29T20:00:00.000Z",
        "city": "\u4e2d\u592e\u533a",
        "region": "\u795e\u7530\u9326\u753a",
        "country": "JP",
        "road": "\u9996\u90fd\u9ad8\u901f\u90fd\u5fc3\u74b0\u72b6\u7dda",
        "postalcode": "103-0028"
      }
    },
    {
      "type": "Feature",
      "geometry": {
        "type": "Point",
        "coordinates": [
          8.61898232,
          47.39854813
        ]
      },
      "properties": {
        "netid": "24:B2:B9:EB:E3:1D",
        "ssid": "ClickShare-OG12",
        "oui": "24:B2:B9",
        "channel": 36,
        "encryption": "wpa2",
        "firsttime": "2026-04-13T12:00:00.000Z",
        "lasttime": "2026-06-16T01:00:00.000Z",
        "city": null,
        "region": "Z\u00fcrich",
        "country": "CH",
        "road": "Wallisellenstrasse",
        "postalcode": "8600"
      }
    },
    {
      "type": "Feature",
      "geometry": {
        "type": "Point",
        "coordinates": [
          2.34260392,
          48.84807968
        ]
      },
      "properties": {
        "netid": "24:B2:B9:EB:E3:29",
        "ssid": "ClickShare-1862705745",
        "oui": "24:B2:B9",
        "channel": 36,
        "encryption": "wpa2",
        "firsttime": "2026-04-24T13:00:00.000Z",
        "lasttime": "2026-04-24T08:00:00.000Z",
        "city": "Paris",
        "region": "\u00cele-de-France",
        "country": "FR",
        "road": "Rue Victor Cousin",
        "postalcode": "75005"
      }
    },
    {
      "type": "Feature",
      "geometry": {
        "type": "Point",
        "coordinates": [
          8.95277309,
          46.00558853
        ]
      },
      "properties": {
        "netid": "24:B2:B9:EB:E3:2B",
        "ssid": "ClickShare",
        "oui": "24:B2:B9",
        "channel": 36,
        "encryption": "wpa2",
        "firsttime": "2026-02-16T08:00:00.000Z",
        "lasttime": "2026-07-22T12:00:00.000Z",
        "city": "Lugano",
        "region": "Ticino",
        "country": "CH",
        "road": "Corso Pestalozzi",
        "postalcode": "6901"
      }
    },
    {
      "type": "Feature",
      "geometry": {
        "type": "Point",
        "coordinates": [
          11.397542,
          47.26264572
        ]
      },
      "properties": {
        "netid": "24:B2:B9:EB:E3:89",
        "ssid": "ClickShare-Buero-Anfang",
        "oui": "24:B2:B9",
        "channel": 36,
        "encryption": "wpa2",
        "firsttime": "2026-08-02T09:00:00.000Z",
        "lasttime": "2026-08-02T08:00:00.000Z",
        "city": "Innsbruck",
        "region": "Tirol",
        "country": "AT",
        "road": "Salurner Stra\u00dfe",
        "postalcode": "6020"
      }
    },
    {
      "type": "Feature",
      "geometry": {
        "type": "Point",
        "coordinates": [
          12.59508133,
          55.6988945
        ]
      },
      "properties": {
        "netid": "24:B2:B9:EB:E3:8F",
        "ssid": "429",
        "oui": "24:B2:B9",
        "channel": 36,
        "encryption": "wpa2",
        "firsttime": "2001-01-01T00:00:00.000Z",
        "lasttime": "2026-06-08T11:00:00.000Z",
        "city": "K\u00f8benhavn",
        "region": "Region Hovedstaden",
        "country": "DK",
        "road": "Dampf\u00e6rgevej",
        "postalcode": "1259"
      }
    },
    {
      "type": "Feature",
      "geometry": {
        "type": "Point",
        "coordinates": [
          8.51401329,
          47.38929749
        ]
      },
      "properties": {
        "netid": "24:B2:B9:EB:E3:9B",
        "ssid": "ClickShare-1862705332",
        "oui": "24:B2:B9",
        "channel": 36,
        "encryption": "wpa2",
        "firsttime": "2026-05-13T12:00:00.000Z",
        "lasttime": "2026-05-14T21:00:00.000Z",
        "city": "Z\u00fcrich",
        "region": "Z\u00fcrich",
        "country": "CH",
        "road": "Pfingstweidstrasse",
        "postalcode": "8010"
      }
    },
    {
      "type": "Feature",
      "geometry": {
        "type": "Point",
        "coordinates": [
          2.30948877,
          48.87482834
        ]
      },
      "properties": {
        "netid": "24:B2:B9:EB:E3:A1",
        "ssid": null,
        "oui": "24:B2:B9",
        "channel": 36,
        "encryption": "wpa2",
        "firsttime": "2026-03-16T12:00:00.000Z",
        "lasttime": "2026-03-16T05:00:00.000Z",
        "city": "Paris",
        "region": "\u00cele-de-France",
        "country": "FR",
        "road": "Rue de Courcelles",
        "postalcode": "75008"
      }
    },
    {
      "type": "Feature",
      "geometry": {
        "type": "Point",
        "coordinates": [
          7.43900442,
          46.94741058
        ]
      },
      "properties": {
        "netid": "24:B2:B9:EB:E3:A9",
        "ssid": "ClickShare-1862706244",
        "oui": "24:B2:B9",
        "channel": 36,
        "encryption": "wpa2",
        "firsttime": "2025-11-18T15:00:00.000Z",
        "lasttime": "2026-05-30T04:00:00.000Z",
        "city": "Bern",
        "region": "Bern/Berne",
        "country": "CH",
        "road": "Bubenbergplatz",
        "postalcode": "3011"
      }
    },
    {
      "type": "Feature",
      "geometry": {
        "type": "Point",
        "coordinates": [
          8.88402557,
          47.56519318
        ]
      },
      "properties": {
        "netid": "24:B2:B9:EB:E3:AD",
        "ssid": "ClickShare-1862707945",
        "oui": "24:B2:B9",
        "channel": 36,
        "encryption": "wpa2",
        "firsttime": "2026-06-07T00:00:00.000Z",
        "lasttime": "2026-06-06T18:00:00.000Z",
        "city": null,
        "region": "Thurgau",
        "country": "CH",
        "road": "A7",
        "postalcode": "8503"
      }
    },
    {
      "type": "Feature",
      "geometry": {
        "type": "Point",
        "coordinates": [
          3.21248794,
          51.23192596
        ]
      },
      "properties": {
        "netid": "24:B2:B9:EB:E4:71",
        "ssid": "ClickShare-1862707276",
        "oui": "24:B2:B9",
        "channel": 36,
        "encryption": "wpa2",
        "firsttime": "2026-05-05T05:00:00.000Z",
        "lasttime": "2026-05-05T07:00:00.000Z",
        "city": null,
        "region": "West-Vlaanderen",
        "country": "BE",
        "road": "Vaartstraat",
        "postalcode": "8000"
      }
    },
    {
      "type": "Feature",
      "geometry": {
        "type": "Point",
        "coordinates": [
          5.97854376,
          50.88316345
        ]
      },
      "properties": {
        "netid": "24:B2:B9:EB:E4:75",
        "ssid": "ClickShare-1862705920",
        "oui": "24:B2:B9",
        "channel": 36,
        "encryption": "wpa2",
        "firsttime": "2026-01-25T14:00:00.000Z",
        "lasttime": "2026-07-30T13:00:00.000Z",
        "city": "Heerlen",
        "region": "Limburg",
        "country": "NL",
        "road": "Nobelstraat",
        "postalcode": "6411EP"
      }
    },
    {
      "type": "Feature",
      "geometry": {
        "type": "Point",
        "coordinates": [
          -0.14215343,
          51.51607513
        ]
      },
      "properties": {
        "netid": "24:B2:B9:EB:E4:87",
        "ssid": "ClickShare-1862710090",
        "oui": "24:B2:B9",
        "channel": 36,
        "encryption": "wpa2",
        "firsttime": "2026-03-12T12:00:00.000Z",
        "lasttime": "2026-05-14T08:00:00.000Z",
        "city": "London",
        "region": "England",
        "country": "GB",
        "road": "Regent Street",
        "postalcode": "W1B 2HB"
      }
    },
    {
      "type": "Feature",
      "geometry": {
        "type": "Point",
        "coordinates": [
          -77.59657288,
          37.64875412
        ]
      },
      "properties": {
        "netid": "24:B2:B9:EB:E4:F9",
        "ssid": "ClickShare-room 200",
        "oui": "24:B2:B9",
        "channel": 36,
        "encryption": "wpa2",
        "firsttime": "2026-06-14T18:00:00.000Z",
        "lasttime": "2026-06-14T15:00:00.000Z",
        "city": null,
        "region": "VA",
        "country": "US",
        "road": "West Broad Street",
        "postalcode": "23060"
      }
    },
    {
      "type": "Feature",
      "geometry": {
        "type": "Point",
        "coordinates": [
          8.62710476,
          49.87201309
        ]
      },
      "properties": {
        "netid": "24:B2:B9:EB:E5:1B",
        "ssid": "ClickShare-1862706885",
        "oui": "24:B2:B9",
        "channel": 36,
        "encryption": "wpa2",
        "firsttime": "2026-04-30T11:00:00.000Z",
        "lasttime": "2026-05-02T06:00:00.000Z",
        "city": "Darmstadt",
        "region": "Hessen",
        "country": "DE",
        "road": "Europaplatz",
        "postalcode": "64293"
      }
    },
    {
      "type": "Feature",
      "geometry": {
        "type": "Point",
        "coordinates": [
          -7.63199615,
          33.48527145
        ]
      },
      "properties": {
        "netid": "24:B2:B9:EB:E5:23",
        "ssid": "ClickShare-DDR",
        "oui": "24:B2:B9",
        "channel": 36,
        "encryption": "wpa2",
        "firsttime": "2026-02-19T09:00:00.000Z",
        "lasttime": "2026-03-26T17:00:00.000Z",
        "city": null,
        "region": "Casablanca-Settat \u2d5c\u2d49\u2d33\u2d4e\u2d49 \u2d5c\u2d53\u2d4e\u2d4d\u2d49\u2d4d\u2d5c-\u2d59\u2d5f\u2d5f\u2d30\u2d5c \u0627\u0644\u062f\u0627\u0631 \u0627\u0644\u0628\u064a\u0636\u0627\u0621-\u0633\u0637\u0627\u062a",
        "country": "MA",
        "road": "Autoroute Casablanca-Agadir \u0637\u0631\u0642 \u0627\u0644\u0633\u064a\u0627\u0631\u0627\u062a \u0627\u0644\u062f\u0627\u0631 \u0627\u0644\u0628\u064a\u0636\u0627\u0621 - \u0623\u0643\u0627\u062f\u064a\u0631",
        "postalcode": "27182"
      }
    },
    {
      "type": "Feature",
      "geometry": {
        "type": "Point",
        "coordinates": [
          2.30812979,
          48.91700745
        ]
      },
      "properties": {
        "netid": "24:B2:B9:EB:E5:37",
        "ssid": "ClickShare-1862710812",
        "oui": "24:B2:B9",
        "channel": 36,
        "encryption": "wpa2",
        "firsttime": "2026-06-13T17:00:00.000Z",
        "lasttime": "2026-06-13T10:00:00.000Z",
        "city": null,
        "region": "\u00cele-de-France",
        "country": "FR",
        "road": "N 315",
        "postalcode": "92600"
      }
    },
    {
      "type": "Feature",
      "geometry": {
        "type": "Point",
        "coordinates": [
          8.53529167,
          47.38034058
        ]
      },
      "properties": {
        "netid": "24:B2:B9:EB:E5:6F",
        "ssid": "CS-475",
        "oui": "24:B2:B9",
        "channel": 36,
        "encryption": "wpa2",
        "firsttime": "2026-05-19T08:00:00.000Z",
        "lasttime": "2026-05-19T06:00:00.000Z",
        "city": "Z\u00fcrich",
        "region": "Z\u00fcrich",
        "country": "CH",
        "road": "Zollstrasse",
        "postalcode": "8005"
      }
    },
    {
      "type": "Feature",
      "geometry": {
        "type": "Point",
        "coordinates": [
          -0.11568282,
          51.51748276
        ]
      },
      "properties": {
        "netid": "24:B2:B9:EB:E5:C5",
        "ssid": null,
        "oui": "24:B2:B9",
        "channel": 36,
        "encryption": "wpa2",
        "firsttime": "2026-02-28T14:00:00.000Z",
        "lasttime": "2026-07-26T01:00:00.000Z",
        "city": "London Borough of Camden",
        "region": "England",
        "country": "GB",
        "road": "Whetstone Park",
        "postalcode": "WC2"
      }
    },
    {
      "type": "Feature",
      "geometry": {
        "type": "Point",
        "coordinates": [
          -69.76525116,
          44.30714798
        ]
      },
      "properties": {
        "netid": "24:B2:B9:EB:E6:31",
        "ssid": "Clickshare 227",
        "oui": "24:B2:B9",
        "channel": 36,
        "encryption": "wpa2",
        "firsttime": "2026-07-26T23:00:00.000Z",
        "lasttime": "2026-07-26T19:00:00.000Z",
        "city": "Augusta",
        "region": "ME",
        "country": "US",
        "road": "Hospital Street",
        "postalcode": "04330"
      }
    },
    {
      "type": "Feature",
      "geometry": {
        "type": "Point",
        "coordinates": [
          -104.84346008,
          39.74365616
        ]
      },
      "properties": {
        "netid": "24:B2:B9:EB:E6:65",
        "ssid": "ClickShare-room1034 ",
        "oui": "24:B2:B9",
        "channel": 36,
        "encryption": "wpa2",
        "firsttime": "2026-06-30T05:00:00.000Z",
        "lasttime": "2026-06-29T22:00:00.000Z",
        "city": "Aurora",
        "region": "CO",
        "country": "US",
        "road": "Racine Street",
        "postalcode": "80045"
      }
    },
    {
      "type": "Feature",
      "geometry": {
        "type": "Point",
        "coordinates": [
          2.29387498,
          48.87106705
        ]
      },
      "properties": {
        "netid": "24:B2:B9:EB:E6:A7",
        "ssid": "ClickShare-1862707461",
        "oui": "24:B2:B9",
        "channel": 36,
        "encryption": "wpa2",
        "firsttime": "2026-03-18T12:00:00.000Z",
        "lasttime": "2026-03-18T05:00:00.000Z",
        "city": "Paris",
        "region": "\u00cele-de-France",
        "country": "FR",
        "road": "Avenue des Portugais",
        "postalcode": "75116"
      }
    },
    {
      "type": "Feature",
      "geometry": {
        "type": "Point",
        "coordinates": [
          0.92659873,
          44.91714096
        ]
      },
      "properties": {
        "netid": "24:B2:B9:EB:E6:ED",
        "ssid": "ClickShare-1862707435",
        "oui": "24:B2:B9",
        "channel": 36,
        "encryption": "wpa2",
        "firsttime": "2026-06-02T13:00:00.000Z",
        "lasttime": "2026-06-02T08:00:00.000Z",
        "city": null,
        "region": "Nouvelle-Aquitaine",
        "country": "FR",
        "road": "Avenue de la Lib\u00e9ration",
        "postalcode": "24260"
      }
    },
    {
      "type": "Feature",
      "geometry": {
        "type": "Point",
        "coordinates": [
          54.32298279,
          24.46183014
        ]
      },
      "properties": {
        "netid": "24:B2:B9:EB:E7:01",
        "ssid": "Strategic Planning & Excellence",
        "oui": "24:B2:B9",
        "channel": 36,
        "encryption": "wpa2",
        "firsttime": "2026-01-29T17:00:00.000Z",
        "lasttime": "2026-01-29T10:00:00.000Z",
        "city": "\u0627\u0644\u0628\u0637\u064a\u0646",
        "region": "\u0623\u0628\u0648 \u0638\u0628\u064a",
        "country": "AE",
        "road": "\u0634\u0627\u0631\u0639 \u0627\u0644\u0643\u0648\u0631\u0646\u064a\u0634",
        "postalcode": "898"
      }
    },
    {
      "type": "Feature",
      "geometry": {
        "type": "Point",
        "coordinates": [
          2.31871891,
          48.87714005
        ]
      },
      "properties": {
        "netid": "24:B2:B9:EB:E7:15",
        "ssid": "ClickShare-Op\u00e9ra",
        "oui": "24:B2:B9",
        "channel": 36,
        "encryption": "wpa2",
        "firsttime": "2026-02-03T12:00:00.000Z",
        "lasttime": "2026-02-03T04:00:00.000Z",
        "city": "Paris",
        "region": "\u00cele-de-France",
        "country": "FR",
        "road": "Rue du G\u00e9n\u00e9ral-Foy",
        "postalcode": "75008"
      }
    },
    {
      "type": "Feature",
      "geometry": {
        "type": "Point",
        "coordinates": [
          51.44121552,
          25.31480408
        ]
      },
      "properties": {
        "netid": "24:B2:B9:EB:E7:95",
        "ssid": "ClickShare-Meeting Room-B",
        "oui": "24:B2:B9",
        "channel": 36,
        "encryption": "wpa2",
        "firsttime": "2026-05-24T12:00:00.000Z",
        "lasttime": "2026-05-24T18:00:00.000Z",
        "city": "\u0627\u0644\u0631\u064a\u0627\u0646",
        "region": "\u0627\u0644\u0631\u064a\u0627\u0646",
        "country": "QA",
        "road": "\u0627\u0644\u0627\u062e\u0636\u0631\u064a",
        "postalcode": "201204"
      }
    },
    {
      "type": "Feature",
      "geometry": {
        "type": "Point",
        "coordinates": [
          -3.40635991,
          52.14997482
        ]
      },
      "properties": {
        "netid": "24:B2:B9:EB:E7:A9",
        "ssid": null,
        "oui": "24:B2:B9",
        "channel": 36,
        "encryption": "wpa2",
        "firsttime": "2026-04-19T09:00:00.000Z",
        "lasttime": "2026-04-19T02:00:00.000Z",
        "city": null,
        "region": "Cymru / Wales",
        "country": "GB",
        "road": "Park Road",
        "postalcode": "LD2"
      }
    },
    {
      "type": "Feature",
      "geometry": {
        "type": "Point",
        "coordinates": [
          -0.12581959,
          51.51361465
        ]
      },
      "properties": {
        "netid": "24:B2:B9:EB:E7:B3",
        "ssid": null,
        "oui": "24:B2:B9",
        "channel": 36,
        "encryption": "wpa2",
        "firsttime": "2026-04-01T20:00:00.000Z",
        "lasttime": "2026-07-12T13:00:00.000Z",
        "city": "London",
        "region": "England",
        "country": "GB",
        "road": "Shelton Street",
        "postalcode": "WC2H 9JL"
      }
    },
    {
      "type": "Feature",
      "geometry": {
        "type": "Point",
        "coordinates": [
          51.44067764,
          25.31480789
        ]
      },
      "properties": {
        "netid": "24:B2:B9:EB:E7:B7",
        "ssid": "ClickShare-Meeting Room-C",
        "oui": "24:B2:B9",
        "channel": 36,
        "encryption": "wpa2",
        "firsttime": "2026-05-24T12:00:00.000Z",
        "lasttime": "2026-05-24T18:00:00.000Z",
        "city": "\u0627\u0644\u0631\u064a\u0627\u0646",
        "region": "\u0627\u0644\u0631\u064a\u0627\u0646",
        "country": "QA",
        "road": "\u0634\u0627\u0631\u0639 2703",
        "postalcode": "20247"
      }
    },
    {
      "type": "Feature",
      "geometry": {
        "type": "Point",
        "coordinates": [
          8.53392792,
          47.36852646
        ]
      },
      "properties": {
        "netid": "24:B2:B9:EB:E7:E3",
        "ssid": "JSternClickshare",
        "oui": "24:B2:B9",
        "channel": 1,
        "encryption": "wpa2",
        "firsttime": "2026-04-17T12:00:00.000Z",
        "lasttime": "2026-04-30T22:00:00.000Z",
        "city": "Z\u00fcrich",
        "region": "Z\u00fcrich",
        "country": "CH",
        "road": "Gartenstrasse",
        "postalcode": "8002"
      }
    },
    {
      "type": "Feature",
      "geometry": {
        "type": "Point",
        "coordinates": [
          3.72724128,
          51.04732132
        ]
      },
      "properties": {
        "netid": "24:B2:B9:EB:E7:E9",
        "ssid": "ClickShare-Mars",
        "oui": "24:B2:B9",
        "channel": 36,
        "encryption": "wpa2",
        "firsttime": "2026-03-21T01:00:00.000Z",
        "lasttime": "2026-06-06T02:00:00.000Z",
        "city": null,
        "region": "Oost-Vlaanderen",
        "country": "BE",
        "road": "Sint-Pietersnieuwstraat",
        "postalcode": "9000"
      }
    },
    {
      "type": "Feature",
      "geometry": {
        "type": "Point",
        "coordinates": [
          9.53841591,
          51.12915039
        ]
      },
      "properties": {
        "netid": "24:B2:B9:EB:E8:17",
        "ssid": "ClickShare-Lehrsaal",
        "oui": "24:B2:B9",
        "channel": 36,
        "encryption": "wpa2",
        "firsttime": "2026-01-30T08:00:00.000Z",
        "lasttime": "2026-07-30T03:00:00.000Z",
        "city": null,
        "region": "Hessen",
        "country": "DE",
        "road": "Fritzlarer Stra\u00dfe",
        "postalcode": "34212"
      }
    },
    {
      "type": "Feature",
      "geometry": {
        "type": "Point",
        "coordinates": [
          -1.67300928,
          48.10266113
        ]
      },
      "properties": {
        "netid": "24:B2:B9:EB:E8:37",
        "ssid": "ClickShare-1862708387",
        "oui": "24:B2:B9",
        "channel": 36,
        "encryption": "wpa2",
        "firsttime": "2026-07-01T06:00:00.000Z",
        "lasttime": "2026-07-20T04:00:00.000Z",
        "city": "Rennes",
        "region": "Bretagne",
        "country": "FR",
        "road": "Passerelle Anita Conti",
        "postalcode": "35000|35700|35200"
      }
    },
    {
      "type": "Feature",
      "geometry": {
        "type": "Point",
        "coordinates": [
          19.97782898,
          50.06729507
        ]
      },
      "properties": {
        "netid": "24:B2:B9:EB:E8:97",
        "ssid": "ClickShare-1862708508",
        "oui": "24:B2:B9",
        "channel": 36,
        "encryption": "wpa2",
        "firsttime": "2026-08-07T14:00:00.000Z",
        "lasttime": "2026-08-07T15:00:00.000Z",
        "city": null,
        "region": "wojew\u00f3dztwo ma\u0142opolskie",
        "country": "PL",
        "road": "Mogilska",
        "postalcode": "31-445"
      }
    },
    {
      "type": "Feature",
      "geometry": {
        "type": "Point",
        "coordinates": [
          -117.33927917,
          33.16500854
        ]
      },
      "properties": {
        "netid": "24:B2:B9:EB:E9:11",
        "ssid": "ClickShare-ColeConferenceRoom",
        "oui": "24:B2:B9",
        "channel": 36,
        "encryption": "wpa2",
        "firsttime": "2026-05-25T07:00:00.000Z",
        "lasttime": "2026-05-25T02:00:00.000Z",
        "city": "Carlsbad",
        "region": "CA",
        "country": "US",
        "road": "Carlsbad Village Drive",
        "postalcode": "92008"
      }
    },
    {
      "type": "Feature",
      "geometry": {
        "type": "Point",
        "coordinates": [
          5.06761169,
          47.31679153
        ]
      },
      "properties": {
        "netid": "24:B2:B9:EB:E9:2D",
        "ssid": "ClickShare-1862706223",
        "oui": "24:B2:B9",
        "channel": 36,
        "encryption": "wpa2",
        "firsttime": "2026-04-30T15:00:00.000Z",
        "lasttime": "2026-05-06T23:00:00.000Z",
        "city": "Dijon",
        "region": "Bourgogne-Franche-Comt\u00e9",
        "country": "FR",
        "road": "Rue d'Auxonne",
        "postalcode": "21000"
      }
    },
    {
      "type": "Feature",
      "geometry": {
        "type": "Point",
        "coordinates": [
          121.57290649,
          25.08081245
        ]
      },
      "properties": {
        "netid": "24:B2:B9:EB:E9:FB",
        "ssid": "ClickShare-1862705452",
        "oui": "24:B2:B9",
        "channel": 165,
        "encryption": "wpa2",
        "firsttime": "2026-01-26T11:00:00.000Z",
        "lasttime": "2026-07-31T09:00:00.000Z",
        "city": "\u81fa\u5317\u5e02",
        "region": "\u81fa\u5317\u5e02",
        "country": "TW",
        "road": "\u5167\u6e56\u8def\u4e00\u6bb5",
        "postalcode": "114"
      }
    },
    {
      "type": "Feature",
      "geometry": {
        "type": "Point",
        "coordinates": [
          12.59034634,
          55.68144989
        ]
      },
      "properties": {
        "netid": "24:B2:B9:EB:E9:FF",
        "ssid": "ClickShare-Stuen",
        "oui": "24:B2:B9",
        "channel": 40,
        "encryption": "wpa2",
        "firsttime": "2026-04-13T15:00:00.000Z",
        "lasttime": "2026-06-06T09:00:00.000Z",
        "city": "K\u00f8benhavn",
        "region": "Region Hovedstaden",
        "country": "DK",
        "road": "Lille Strandstr\u00e6de",
        "postalcode": "1254"
      }
    },
    {
      "type": "Feature",
      "geometry": {
        "type": "Point",
        "coordinates": [
          24.65711594,
          59.3999939
        ]
      },
      "properties": {
        "netid": "24:B2:B9:EB:EA:2B",
        "ssid": "ClickShare-1862707465",
        "oui": "24:B2:B9",
        "channel": 36,
        "encryption": "wpa2",
        "firsttime": "2026-01-27T13:00:00.000Z",
        "lasttime": "2026-01-27T07:00:00.000Z",
        "city": "Tallinn",
        "region": "Harju maakond",
        "country": "EE",
        "road": "Teaduspargi",
        "postalcode": "12618"
      }
    },
    {
      "type": "Feature",
      "geometry": {
        "type": "Point",
        "coordinates": [
          25.75008774,
          62.24398041
        ]
      },
      "properties": {
        "netid": "24:B2:B9:EB:EA:31",
        "ssid": "ClickShare-1862707418",
        "oui": "24:B2:B9",
        "channel": 36,
        "encryption": "wpa2",
        "firsttime": "2026-02-23T13:00:00.000Z",
        "lasttime": "2026-06-27T04:00:00.000Z",
        "city": "Jyv\u00e4skyl\u00e4",
        "region": "Manner-Suomi",
        "country": "FI",
        "road": "Kauppakatu",
        "postalcode": "40100"
      }
    },
    {
      "type": "Feature",
      "geometry": {
        "type": "Point",
        "coordinates": [
          3.88468981,
          43.60767365
        ]
      },
      "properties": {
        "netid": "24:B2:B9:EB:EA:8B",
        "ssid": "ClickShare-1862707499",
        "oui": "24:B2:B9",
        "channel": 36,
        "encryption": "wpa2",
        "firsttime": "2026-05-02T14:00:00.000Z",
        "lasttime": "2026-05-02T09:00:00.000Z",
        "city": "Montpellier",
        "region": "Occitanie",
        "country": "FR",
        "road": null,
        "postalcode": null
      }
    },
    {
      "type": "Feature",
      "geometry": {
        "type": "Point",
        "coordinates": [
          25.05924606,
          60.2075119
        ]
      },
      "properties": {
        "netid": "24:B2:B9:EB:EA:B3",
        "ssid": "ClickShare-1862711439",
        "oui": "24:B2:B9",
        "channel": 36,
        "encryption": "wpa2",
        "firsttime": "2001-01-01T00:00:00.000Z",
        "lasttime": "2026-05-15T07:00:00.000Z",
        "city": "Helsinki",
        "region": "Manner-Suomi",
        "country": "FI",
        "road": "It\u00e4v\u00e4yl\u00e4",
        "postalcode": "00820"
      }
    },
    {
      "type": "Feature",
      "geometry": {
        "type": "Point",
        "coordinates": [
          -79.9985733,
          40.43771744
        ]
      },
      "properties": {
        "netid": "24:B2:B9:EB:EB:13",
        "ssid": "ClickShare-Warhol Conf Rm",
        "oui": "24:B2:B9",
        "channel": 36,
        "encryption": "wpa2",
        "firsttime": "2026-06-09T12:00:00.000Z",
        "lasttime": "2026-06-09T07:00:00.000Z",
        "city": "Pittsburgh",
        "region": "PA",
        "country": "US",
        "road": "Third Avenue",
        "postalcode": "15222"
      }
    },
    {
      "type": "Feature",
      "geometry": {
        "type": "Point",
        "coordinates": [
          -92.01766968,
          30.22630692
        ]
      },
      "properties": {
        "netid": "24:B2:B9:EB:EB:25",
        "ssid": "ClickShare-1863085032",
        "oui": "24:B2:B9",
        "channel": 36,
        "encryption": "wpa2",
        "firsttime": "2026-06-12T02:00:00.000Z",
        "lasttime": "2026-06-14T03:00:00.000Z",
        "city": "Lafayette",
        "region": "LA",
        "country": "US",
        "road": "Jefferson Street",
        "postalcode": "70501"
      }
    },
    {
      "type": "Feature",
      "geometry": {
        "type": "Point",
        "coordinates": [
          -87.67967224,
          41.96873856
        ]
      },
      "properties": {
        "netid": "24:B2:B9:EB:EB:2D",
        "ssid": "ClickShare-DFSS Levy",
        "oui": "24:B2:B9",
        "channel": 36,
        "encryption": "wpa2",
        "firsttime": "2026-07-31T13:00:00.000Z",
        "lasttime": "2026-08-02T16:00:00.000Z",
        "city": "Chicago",
        "region": "IL",
        "country": "US",
        "road": "West Lawrence Avenue",
        "postalcode": "60640"
      }
    },
    {
      "type": "Feature",
      "geometry": {
        "type": "Point",
        "coordinates": [
          -85.68135071,
          42.93013
        ]
      },
      "properties": {
        "netid": "24:B2:B9:EB:EB:31",
        "ssid": "ClickShare-1863084775",
        "oui": "24:B2:B9",
        "channel": 36,
        "encryption": "wpa2",
        "firsttime": "2026-06-04T00:00:00.000Z",
        "lasttime": "2026-07-23T18:00:00.000Z",
        "city": "Grand Rapids",
        "region": "MI",
        "country": "US",
        "road": "US 131",
        "postalcode": "49503:49548"
      }
    },
    {
      "type": "Feature",
      "geometry": {
        "type": "Point",
        "coordinates": [
          3.34364557,
          49.3727417
        ]
      },
      "properties": {
        "netid": "24:B2:B9:EB:EB:57",
        "ssid": "ClickShare-1862708588",
        "oui": "24:B2:B9",
        "channel": 36,
        "encryption": "wpa2",
        "firsttime": "2026-04-11T22:00:00.000Z",
        "lasttime": "2026-04-11T18:00:00.000Z",
        "city": "Soissons",
        "region": "Hauts-de-France",
        "country": "FR",
        "road": "Rue de Villeneuve",
        "postalcode": "02200"
      }
    },
    {
      "type": "Feature",
      "geometry": {
        "type": "Point",
        "coordinates": [
          16.38960457,
          48.22313309
        ]
      },
      "properties": {
        "netid": "24:B2:B9:EB:EB:61",
        "ssid": "Clickshare-Meetingroom-3",
        "oui": "24:B2:B9",
        "channel": 36,
        "encryption": "wpa2",
        "firsttime": "2026-05-03T17:00:00.000Z",
        "lasttime": "2026-05-03T10:00:00.000Z",
        "city": "Wien",
        "region": "Volkertviertel",
        "country": "AT",
        "road": "Nordbahnstra\u00dfe",
        "postalcode": "1020"
      }
    },
    {
      "type": "Feature",
      "geometry": {
        "type": "Point",
        "coordinates": [
          -84.33901978,
          39.26203918
        ]
      },
      "properties": {
        "netid": "24:B2:B9:EB:EB:7B",
        "ssid": "ClickShare-1862709396",
        "oui": "24:B2:B9",
        "channel": 36,
        "encryption": "wpa2",
        "firsttime": "2026-07-06T11:00:00.000Z",
        "lasttime": "2026-07-07T23:00:00.000Z",
        "city": null,
        "region": "OH",
        "country": "US",
        "road": "Cincinnati By-Pass",
        "postalcode": "45242-5324"
      }
    },
    {
      "type": "Feature",
      "geometry": {
        "type": "Point",
        "coordinates": [
          -95.41790009,
          29.68520546
        ]
      },
      "properties": {
        "netid": "24:B2:B9:EB:EB:A9",
        "ssid": "ClickShare-Rm2B21",
        "oui": "24:B2:B9",
        "channel": 36,
        "encryption": "wpa2",
        "firsttime": "2026-03-14T20:00:00.000Z",
        "lasttime": "2026-07-04T17:00:00.000Z",
        "city": "Houston",
        "region": "TX",
        "country": "US",
        "road": "Murworth Drive",
        "postalcode": "77025"
      }
    },
    {
      "type": "Feature",
      "geometry": {
        "type": "Point",
        "coordinates": [
          -84.96389008,
          39.85779953
        ]
      },
      "properties": {
        "netid": "24:B2:B9:EB:EB:D1",
        "ssid": "ClickShare-1863084691",
        "oui": "24:B2:B9",
        "channel": 36,
        "encryption": "wpa2",
        "firsttime": "2026-07-02T01:00:00.000Z",
        "lasttime": "2026-08-07T07:00:00.000Z",
        "city": null,
        "region": "IN",
        "country": "US",
        "road": "West Industries Road",
        "postalcode": "47392"
      }
    },
    {
      "type": "Feature",
      "geometry": {
        "type": "Point",
        "coordinates": [
          -77.18901062,
          40.20119858
        ]
      },
      "properties": {
        "netid": "24:B2:B9:EB:EC:01",
        "ssid": "ClickShare-CR2",
        "oui": "24:B2:B9",
        "channel": 36,
        "encryption": "wpa2",
        "firsttime": "2026-06-15T15:00:00.000Z",
        "lasttime": "2026-06-15T08:00:00.000Z",
        "city": null,
        "region": "PA",
        "country": "US",
        "road": "South Hanover Street",
        "postalcode": "17013"
      }
    },
    {
      "type": "Feature",
      "geometry": {
        "type": "Point",
        "coordinates": [
          -97.17664337,
          33.20280075
        ]
      },
      "properties": {
        "netid": "24:B2:B9:EB:EC:23",
        "ssid": "ClickShare-TrainingRoom101",
        "oui": "24:B2:B9",
        "channel": 36,
        "encryption": "wpa2",
        "firsttime": "2026-06-10T08:00:00.000Z",
        "lasttime": "2026-06-10T01:00:00.000Z",
        "city": "Denton",
        "region": "TX",
        "country": "US",
        "road": "Airport Road",
        "postalcode": "76207"
      }
    },
    {
      "type": "Feature",
      "geometry": {
        "type": "Point",
        "coordinates": [
          -116.92469025,
          32.54973221
        ]
      },
      "properties": {
        "netid": "24:B2:B9:EB:EC:35",
        "ssid": "ClickShare-Manager",
        "oui": "24:B2:B9",
        "channel": 36,
        "encryption": "wpa2",
        "firsttime": "2026-04-22T08:00:00.000Z",
        "lasttime": "2026-04-23T10:00:00.000Z",
        "city": "Tijuana",
        "region": "Baja California",
        "country": "MX",
        "road": "Avenida Sor Juana In\u00e9s de la Cruz",
        "postalcode": "22435"
      }
    },
    {
      "type": "Feature",
      "geometry": {
        "type": "Point",
        "coordinates": [
          -75.69469452,
          45.41386414
        ]
      },
      "properties": {
        "netid": "24:B2:B9:EB:EC:47",
        "ssid": "ClickShare-1863084611",
        "oui": "24:B2:B9",
        "channel": 36,
        "encryption": "wpa2",
        "firsttime": "2026-04-01T22:00:00.000Z",
        "lasttime": "2026-08-06T20:00:00.000Z",
        "city": "(Old) Ottawa",
        "region": "Ontario",
        "country": "CA",
        "road": "Bank Street",
        "postalcode": "K2P 1X9"
      }
    },
    {
      "type": "Feature",
      "geometry": {
        "type": "Point",
        "coordinates": [
          -70.25841522,
          43.65795135
        ]
      },
      "properties": {
        "netid": "24:B2:B9:EB:EC:57",
        "ssid": "Dexter Enterprises-Conference Rm",
        "oui": "24:B2:B9",
        "channel": 6,
        "encryption": "wpa2",
        "firsttime": "2569-05-01T23:00:00.000Z",
        "lasttime": "2026-05-03T19:00:00.000Z",
        "city": "Portland",
        "region": "ME",
        "country": "US",
        "road": "Congress Street",
        "postalcode": "04101"
      }
    },
    {
      "type": "Feature",
      "geometry": {
        "type": "Point",
        "coordinates": [
          -73.57051086,
          45.5018692
        ]
      },
      "properties": {
        "netid": "24:B2:B9:EB:EC:6B",
        "ssid": "ClickShare-1863084590",
        "oui": "24:B2:B9",
        "channel": 36,
        "encryption": "wpa2",
        "firsttime": "2026-01-23T02:00:00.000Z",
        "lasttime": "2026-07-21T20:00:00.000Z",
        "city": "Montr\u00e9al",
        "region": "Qu\u00e9bec",
        "country": "CA",
        "road": "Avenue McGill College",
        "postalcode": "H3B 2Y4"
      }
    },
    {
      "type": "Feature",
      "geometry": {
        "type": "Point",
        "coordinates": [
          -79.39968872,
          43.66698074
        ]
      },
      "properties": {
        "netid": "24:B2:B9:EB:EC:73",
        "ssid": "ClickShare-1863084595",
        "oui": "24:B2:B9",
        "channel": 36,
        "encryption": "wpa2",
        "firsttime": "2026-03-04T23:00:00.000Z",
        "lasttime": "2026-03-04T15:00:00.000Z",
        "city": "Old Toronto",
        "region": "Ontario",
        "country": "CA",
        "road": "Bay Street",
        "postalcode": "M4W 1A5"
      }
    },
    {
      "type": "Feature",
      "geometry": {
        "type": "Point",
        "coordinates": [
          -118.38118744,
          33.90184402
        ]
      },
      "properties": {
        "netid": "24:B2:B9:EB:EC:7D",
        "ssid": null,
        "oui": "24:B2:B9",
        "channel": 36,
        "encryption": "wpa2",
        "firsttime": "2026-07-17T18:00:00.000Z",
        "lasttime": "2026-07-20T09:00:00.000Z",
        "city": null,
        "region": "CA",
        "country": "US",
        "road": "Rosecrans Avenue",
        "postalcode": "90266"
      }
    },
    {
      "type": "Feature",
      "geometry": {
        "type": "Point",
        "coordinates": [
          -69.78184509,
          44.30791855
        ]
      },
      "properties": {
        "netid": "24:B2:B9:EB:EC:83",
        "ssid": "Cross 400 Clickshare",
        "oui": "24:B2:B9",
        "channel": 40,
        "encryption": "wpa2",
        "firsttime": "2026-07-25T22:00:00.000Z",
        "lasttime": "2026-07-25T16:00:00.000Z",
        "city": "Augusta",
        "region": "ME",
        "country": "US",
        "road": "Capitol Street",
        "postalcode": "04330"
      }
    },
    {
      "type": "Feature",
      "geometry": {
        "type": "Point",
        "coordinates": [
          -84.39945221,
          33.74473572
        ]
      },
      "properties": {
        "netid": "24:B2:B9:EB:EC:91",
        "ssid": "ClickShare-1863085059",
        "oui": "24:B2:B9",
        "channel": 36,
        "encryption": "wpa2",
        "firsttime": "2026-07-08T20:00:00.000Z",
        "lasttime": "2026-07-30T15:00:00.000Z",
        "city": "Atlanta",
        "region": "GA",
        "country": "US",
        "road": "Ralph David Abernathy Freeway",
        "postalcode": "30303-3506"
      }
    },
    {
      "type": "Feature",
      "geometry": {
        "type": "Point",
        "coordinates": [
          -113.44578552,
          53.60231781
        ]
      },
      "properties": {
        "netid": "24:B2:B9:EB:EC:B1",
        "ssid": "ClickShare-ProgramRoom",
        "oui": "24:B2:B9",
        "channel": 36,
        "encryption": "wpa2",
        "firsttime": "2026-06-12T20:00:00.000Z",
        "lasttime": "2026-06-12T17:00:00.000Z",
        "city": "Edmonton",
        "region": "Alberta",
        "country": "CA",
        "road": "140 Avenue NW",
        "postalcode": "T5C 2R4"
      }
    },
    {
      "type": "Feature",
      "geometry": {
        "type": "Point",
        "coordinates": [
          -79.38739014,
          43.66995239
        ]
      },
      "properties": {
        "netid": "24:B2:B9:EB:EC:C1",
        "ssid": "ClickShare-1863084578",
        "oui": "24:B2:B9",
        "channel": 36,
        "encryption": "wpa2",
        "firsttime": "2026-01-15T01:00:00.000Z",
        "lasttime": "2026-03-30T12:00:00.000Z",
        "city": "Old Toronto",
        "region": "Ontario",
        "country": "CA",
        "road": "Bloor Street West",
        "postalcode": "M4W 1A3"
      }
    },
    {
      "type": "Feature",
      "geometry": {
        "type": "Point",
        "coordinates": [
          -0.12592611,
          51.51387024
        ]
      },
      "properties": {
        "netid": "24:B2:B9:EB:ED:0D",
        "ssid": null,
        "oui": "24:B2:B9",
        "channel": 36,
        "encryption": "wpa2",
        "firsttime": "2026-03-14T14:00:00.000Z",
        "lasttime": "2026-03-14T13:00:00.000Z",
        "city": "London",
        "region": "England",
        "country": "GB",
        "road": "Earlham Street",
        "postalcode": "WC2H 9LJ"
      }
    },
    {
      "type": "Feature",
      "geometry": {
        "type": "Point",
        "coordinates": [
          -96.82204437,
          32.94071198
        ]
      },
      "properties": {
        "netid": "24:B2:B9:EB:ED:11",
        "ssid": null,
        "oui": "24:B2:B9",
        "channel": 1,
        "encryption": "wpa2",
        "firsttime": "2026-07-24T22:00:00.000Z",
        "lasttime": "2026-08-06T21:00:00.000Z",
        "city": "Dallas",
        "region": "TX",
        "country": "US",
        "road": "Dallas North Tollway",
        "postalcode": "75001"
      }
    },
    {
      "type": "Feature",
      "geometry": {
        "type": "Point",
        "coordinates": [
          -106.65942383,
          52.12589264
        ]
      },
      "properties": {
        "netid": "24:B2:B9:EB:ED:15",
        "ssid": "ClickShare-Room 12011",
        "oui": "24:B2:B9",
        "channel": 44,
        "encryption": "wpa2",
        "firsttime": "2026-07-15T05:00:00.000Z",
        "lasttime": "2026-07-14T23:00:00.000Z",
        "city": "Saskatoon",
        "region": "Saskatchewan",
        "country": "CA",
        "road": "Spadina Crescent East",
        "postalcode": "S7K 3G6"
      }
    },
    {
      "type": "Feature",
      "geometry": {
        "type": "Point",
        "coordinates": [
          -123.37654877,
          48.45996857
        ]
      },
      "properties": {
        "netid": "24:B2:B9:EB:ED:1D",
        "ssid": null,
        "oui": "24:B2:B9",
        "channel": 36,
        "encryption": "wpa2",
        "firsttime": "2026-04-24T18:00:00.000Z",
        "lasttime": "2026-04-24T11:00:00.000Z",
        "city": null,
        "region": "British Columbia",
        "country": "CA",
        "road": "Vernon Avenue",
        "postalcode": "V8X 2W7"
      }
    },
    {
      "type": "Feature",
      "geometry": {
        "type": "Point",
        "coordinates": [
          -0.17711534,
          51.16116333
        ]
      },
      "properties": {
        "netid": "24:B2:B9:EB:ED:AB",
        "ssid": "NTCSA Meeting Room",
        "oui": "24:B2:B9",
        "channel": 36,
        "encryption": "wpa2",
        "firsttime": "2026-03-01T15:00:00.000Z",
        "lasttime": "2026-08-07T22:00:00.000Z",
        "city": null,
        "region": "England",
        "country": "GB",
        "road": "Departures Road",
        "postalcode": "RH6 0PJ"
      }
    },
    {
      "type": "Feature",
      "geometry": {
        "type": "Point",
        "coordinates": [
          139.6255188,
          35.4650383
        ]
      },
      "properties": {
        "netid": "24:B2:B9:EB:ED:C1",
        "ssid": "YOKOHAMA",
        "oui": "24:B2:B9",
        "channel": 36,
        "encryption": "wpa2",
        "firsttime": "2026-06-13T03:00:00.000Z",
        "lasttime": "2026-06-12T22:00:00.000Z",
        "city": "\u6a2a\u6d5c\u5e02",
        "region": "\u795e\u5948\u5ddd\u770c",
        "country": "JP",
        "road": "\u6771\u6d77\u9053",
        "postalcode": "220-0011"
      }
    },
    {
      "type": "Feature",
      "geometry": {
        "type": "Point",
        "coordinates": [
          11.56606483,
          48.13393402
        ]
      },
      "properties": {
        "netid": "24:B2:B9:EB:EE:6F",
        "ssid": "ClickShare-Wien",
        "oui": "24:B2:B9",
        "channel": 36,
        "encryption": "wpa2",
        "firsttime": "2026-07-11T09:00:00.000Z",
        "lasttime": "2026-07-22T12:00:00.000Z",
        "city": "M\u00fcnchen",
        "region": "Bayern",
        "country": "DE",
        "road": "Sonnenstra\u00dfe",
        "postalcode": "80336"
      }
    },
    {
      "type": "Feature",
      "geometry": {
        "type": "Point",
        "coordinates": [
          9.17378139,
          47.65257645
        ]
      },
      "properties": {
        "netid": "24:B2:B9:EB:EE:73",
        "ssid": "Meetingraum I+D Campus",
        "oui": "24:B2:B9",
        "channel": 36,
        "encryption": "wpa2",
        "firsttime": "2026-04-14T09:00:00.000Z",
        "lasttime": "2026-04-29T10:00:00.000Z",
        "city": null,
        "region": "Thurgau",
        "country": "CH",
        "road": "Hauptstrasse",
        "postalcode": "8280"
      }
    },
    {
      "type": "Feature",
      "geometry": {
        "type": "Point",
        "coordinates": [
          12.59554577,
          55.69866562
        ]
      },
      "properties": {
        "netid": "24:B2:B9:EB:EE:77",
        "ssid": "M8",
        "oui": "24:B2:B9",
        "channel": 36,
        "encryption": "wpa2",
        "firsttime": "2026-04-16T06:00:00.000Z",
        "lasttime": "2026-06-22T11:00:00.000Z",
        "city": "K\u00f8benhavn",
        "region": "Region Hovedstaden",
        "country": "DK",
        "road": "Dampf\u00e6rgevej",
        "postalcode": "1259"
      }
    },
    {
      "type": "Feature",
      "geometry": {
        "type": "Point",
        "coordinates": [
          139.77050781,
          35.67614365
        ]
      },
      "properties": {
        "netid": "24:B2:B9:EB:EE:8B",
        "ssid": "ClickShare-1862705380",
        "oui": "24:B2:B9",
        "channel": 36,
        "encryption": "wpa2",
        "firsttime": "2026-05-29T02:00:00.000Z",
        "lasttime": "2026-05-29T09:00:00.000Z",
        "city": "\u4e2d\u592e\u533a",
        "region": "\u4eac\u6a4b\u4e09\u4e01\u76ee",
        "country": "JP",
        "road": "\u935b\u51b6\u6a4b\u901a\u308a",
        "postalcode": "104-8340"
      }
    },
    {
      "type": "Feature",
      "geometry": {
        "type": "Point",
        "coordinates": [
          2.31022763,
          48.8849144
        ]
      },
      "properties": {
        "netid": "24:B2:B9:EB:EF:49",
        "ssid": "ClickShare-1862705351",
        "oui": "24:B2:B9",
        "channel": 36,
        "encryption": "wpa2",
        "firsttime": "2025-11-19T12:00:00.000Z",
        "lasttime": "2025-11-19T05:00:00.000Z",
        "city": "Paris",
        "region": "\u00cele-de-France",
        "country": "FR",
        "road": "Rue Cardinet",
        "postalcode": "75017"
      }
    },
    {
      "type": "Feature",
      "geometry": {
        "type": "Point",
        "coordinates": [
          2.36547256,
          48.86964035
        ]
      },
      "properties": {
        "netid": "24:B2:B9:EB:EF:63",
        "ssid": "Salle Versailles",
        "oui": "24:B2:B9",
        "channel": 36,
        "encryption": "wpa2",
        "firsttime": "2026-03-28T16:00:00.000Z",
        "lasttime": "2026-03-28T14:00:00.000Z",
        "city": "Paris",
        "region": "\u00cele-de-France",
        "country": "FR",
        "road": "Rue L\u00e9on Jouhaux",
        "postalcode": "75010"
      }
    },
    {
      "type": "Feature",
      "geometry": {
        "type": "Point",
        "coordinates": [
          6.879776,
          50.8795166
        ]
      },
      "properties": {
        "netid": "24:B2:B9:EB:EF:83",
        "ssid": "ClickShare-Rathaus-507",
        "oui": "24:B2:B9",
        "channel": 36,
        "encryption": "wpa2",
        "firsttime": "2026-05-08T13:00:00.000Z",
        "lasttime": "2026-05-08T08:00:00.000Z",
        "city": null,
        "region": "Nordrhein-Westfalen",
        "country": "DE",
        "road": "Otto-R\u00e4cke-Platz",
        "postalcode": "50354"
      }
    },
    {
      "type": "Feature",
      "geometry": {
        "type": "Point",
        "coordinates": [
          4.41356134,
          52.04922104
        ]
      },
      "properties": {
        "netid": "24:B2:B9:EB:F0:29",
        "ssid": "ClickShare-1862706773",
        "oui": "24:B2:B9",
        "channel": 36,
        "encryption": "wpa2",
        "firsttime": "2026-05-30T16:00:00.000Z",
        "lasttime": "2026-05-30T11:00:00.000Z",
        "city": null,
        "region": "Zuid-Holland",
        "country": "NL",
        "road": "Hofweg",
        "postalcode": "2631XA"
      }
    },
    {
      "type": "Feature",
      "geometry": {
        "type": "Point",
        "coordinates": [
          6.77713013,
          51.22505569
        ]
      },
      "properties": {
        "netid": "24:B2:B9:EB:F0:A1",
        "ssid": "ClickShare-FCM02",
        "oui": "24:B2:B9",
        "channel": 36,
        "encryption": "wpa2",
        "firsttime": "2026-07-10T16:00:00.000Z",
        "lasttime": "2026-07-10T09:00:00.000Z",
        "city": null,
        "region": "Nordrhein-Westfalen",
        "country": "DE",
        "road": "Heinrich-Heine-Allee",
        "postalcode": "40213"
      }
    },
    {
      "type": "Feature",
      "geometry": {
        "type": "Point",
        "coordinates": [
          8.5034132,
          47.42228317
        ]
      },
      "properties": {
        "netid": "24:B2:B9:EB:F0:CD",
        "ssid": "ClickShare-1862710008",
        "oui": "24:B2:B9",
        "channel": 36,
        "encryption": "wpa2",
        "firsttime": "2026-07-12T16:00:00.000Z",
        "lasttime": "2026-07-12T10:00:00.000Z",
        "city": "Z\u00fcrich",
        "region": "Z\u00fcrich",
        "country": "CH",
        "road": "Bachmannweg",
        "postalcode": "8046"
      }
    },
    {
      "type": "Feature",
      "geometry": {
        "type": "Point",
        "coordinates": [
          -0.17224418,
          51.51749802
        ]
      },
      "properties": {
        "netid": "24:B2:B9:EB:F1:05",
        "ssid": "ClickShare-1862710019",
        "oui": "24:B2:B9",
        "channel": 36,
        "encryption": "wpa2",
        "firsttime": "2026-06-12T09:00:00.000Z",
        "lasttime": "2026-06-12T23:00:00.000Z",
        "city": "London",
        "region": "England",
        "country": "GB",
        "road": "Praed Street",
        "postalcode": "W2 1NY"
      }
    },
    {
      "type": "Feature",
      "geometry": {
        "type": "Point",
        "coordinates": [
          7.5994339,
          47.55050278
        ]
      },
      "properties": {
        "netid": "24:B2:B9:EB:F1:0F",
        "ssid": "ClickShare-1862710142",
        "oui": "24:B2:B9",
        "channel": 36,
        "encryption": "wpa2",
        "firsttime": "2026-05-12T07:00:00.000Z",
        "lasttime": "2026-06-20T09:00:00.000Z",
        "city": "Basel",
        "region": "Basel-Stadt",
        "country": "CH",
        "road": "Engelgasse",
        "postalcode": "4052"
      }
    },
    {
      "type": "Feature",
      "geometry": {
        "type": "Point",
        "coordinates": [
          3.58901358,
          50.85609436
        ]
      },
      "properties": {
        "netid": "24:B2:B9:EB:F1:23",
        "ssid": "ClickShare-vergaderzaal",
        "oui": "24:B2:B9",
        "channel": 36,
        "encryption": "wpa2",
        "firsttime": "2026-07-14T09:00:00.000Z",
        "lasttime": "2026-07-14T07:00:00.000Z",
        "city": null,
        "region": "Oost-Vlaanderen",
        "country": "BE",
        "road": "Deinzestraat",
        "postalcode": "9700"
      }
    },
    {
      "type": "Feature",
      "geometry": {
        "type": "Point",
        "coordinates": [
          8.43907642,
          47.48908997
        ]
      },
      "properties": {
        "netid": "24:B2:B9:EB:F1:3B",
        "ssid": "ClickShare-1862710168",
        "oui": "24:B2:B9",
        "channel": 36,
        "encryption": "wpa2",
        "firsttime": "2026-03-20T16:00:00.000Z",
        "lasttime": "2026-03-20T11:00:00.000Z",
        "city": null,
        "region": "Z\u00fcrich",
        "country": "CH",
        "road": "Neubrunnenstrasse",
        "postalcode": "8162"
      }
    },
    {
      "type": "Feature",
      "geometry": {
        "type": "Point",
        "coordinates": [
          2.3097086,
          48.87456131
        ]
      },
      "properties": {
        "netid": "24:B2:B9:EB:F2:77",
        "ssid": null,
        "oui": "24:B2:B9",
        "channel": 36,
        "encryption": "wpa2",
        "firsttime": "2026-03-16T12:00:00.000Z",
        "lasttime": "2026-04-22T09:00:00.000Z",
        "city": "Paris",
        "region": "\u00cele-de-France",
        "country": "FR",
        "road": "Rue de Courcelles",
        "postalcode": "75008"
      }
    },
    {
      "type": "Feature",
      "geometry": {
        "type": "Point",
        "coordinates": [
          22.53108788,
          63.52359772
        ]
      },
      "properties": {
        "netid": "24:B2:B9:EB:F2:79",
        "ssid": null,
        "oui": "24:B2:B9",
        "channel": 36,
        "encryption": "wpa2",
        "firsttime": "2026-07-03T07:00:00.000Z",
        "lasttime": "2026-07-03T04:00:00.000Z",
        "city": null,
        "region": "Manner-Suomi",
        "country": "FI",
        "road": "Topeliusesplanaden",
        "postalcode": "66900"
      }
    },
    {
      "type": "Feature",
      "geometry": {
        "type": "Point",
        "coordinates": [
          19.07241821,
          47.52894974
        ]
      },
      "properties": {
        "netid": "24:B2:B9:EB:F2:83",
        "ssid": "ClickShare-1862706334",
        "oui": "24:B2:B9",
        "channel": 36,
        "encryption": "wpa2",
        "firsttime": "2026-02-10T18:00:00.000Z",
        "lasttime": "2026-03-07T09:00:00.000Z",
        "city": null,
        "region": "Budapest",
        "country": "HU",
        "road": "R\u00f3bert K\u00e1roly k\u00f6r\u00fat",
        "postalcode": "1134"
      }
    },
    {
      "type": "Feature",
      "geometry": {
        "type": "Point",
        "coordinates": [
          12.59565353,
          55.69874191
        ]
      },
      "properties": {
        "netid": "24:B2:B9:EB:F2:AD",
        "ssid": "M7",
        "oui": "24:B2:B9",
        "channel": 36,
        "encryption": "wpa2",
        "firsttime": "2026-06-19T14:00:00.000Z",
        "lasttime": "2026-06-22T11:00:00.000Z",
        "city": "K\u00f8benhavn",
        "region": "Region Hovedstaden",
        "country": "DK",
        "road": "Dampf\u00e6rgevej",
        "postalcode": "1259"
      }
    },
    {
      "type": "Feature",
      "geometry": {
        "type": "Point",
        "coordinates": [
          8.53535843,
          47.38016891
        ]
      },
      "properties": {
        "netid": "24:B2:B9:EB:F2:D5",
        "ssid": "CS-345",
        "oui": "24:B2:B9",
        "channel": 36,
        "encryption": "wpa2",
        "firsttime": "2026-05-19T08:00:00.000Z",
        "lasttime": "2026-06-04T07:00:00.000Z",
        "city": "Z\u00fcrich",
        "region": "Z\u00fcrich",
        "country": "CH",
        "road": "Zollstrasse",
        "postalcode": "8005"
      }
    },
    {
      "type": "Feature",
      "geometry": {
        "type": "Point",
        "coordinates": [
          4.39378405,
          50.82822418
        ]
      },
      "properties": {
        "netid": "24:B2:B9:EB:F2:DB",
        "ssid": "ClickShare-Salle Valentine",
        "oui": "24:B2:B9",
        "channel": 36,
        "encryption": "wpa2",
        "firsttime": "2025-12-06T16:00:00.000Z",
        "lasttime": "2026-07-22T09:00:00.000Z",
        "city": null,
        "region": "R\u00e9gion de Bruxelles-Capitale - Brussels Hoofdstedelijk Gewest",
        "country": "BE",
        "road": "Chauss\u00e9e de Wavre - Steenweg op Waver",
        "postalcode": "1040"
      }
    },
    {
      "type": "Feature",
      "geometry": {
        "type": "Point",
        "coordinates": [
          139.69831848,
          35.65507889
        ]
      },
      "properties": {
        "netid": "24:B2:B9:EB:F2:FD",
        "ssid": "Room3-2_CS",
        "oui": "24:B2:B9",
        "channel": 36,
        "encryption": "wpa2",
        "firsttime": "2026-02-14T08:00:00.000Z",
        "lasttime": "2026-02-14T06:00:00.000Z",
        "city": "\u6e0b\u8c37\u533a",
        "region": "\u685c\u4e18\u753a",
        "country": "JP",
        "road": null,
        "postalcode": "150-8511"
      }
    },
    {
      "type": "Feature",
      "geometry": {
        "type": "Point",
        "coordinates": [
          46.68494797,
          24.7766552
        ]
      },
      "properties": {
        "netid": "24:B2:B9:EB:F2:FF",
        "ssid": "ClickShare-AlFaisal",
        "oui": "24:B2:B9",
        "channel": 36,
        "encryption": "wpa2",
        "firsttime": "2026-03-08T12:00:00.000Z",
        "lasttime": "2026-07-30T16:00:00.000Z",
        "city": null,
        "region": "\u0645\u0646\u0637\u0642\u0629 \u0627\u0644\u0631\u064a\u0627\u0636",
        "country": "SA",
        "road": "\u0627\u0644\u062f\u0627\u0626\u0631\u064a \u0627\u0644\u0634\u0645\u0627\u0644\u064a",
        "postalcode": "13312"
      }
    },
    {
      "type": "Feature",
      "geometry": {
        "type": "Point",
        "coordinates": [
          8.54162788,
          47.38043976
        ]
      },
      "properties": {
        "netid": "24:B2:B9:EB:F3:11",
        "ssid": "ClickShare-B\u00fcro216",
        "oui": "24:B2:B9",
        "channel": 36,
        "encryption": "wpa2",
        "firsttime": "2026-02-12T09:00:00.000Z",
        "lasttime": "2026-02-13T13:00:00.000Z",
        "city": "Z\u00fcrich",
        "region": "Z\u00fcrich",
        "country": "CH",
        "road": "Neum\u00fchlequai",
        "postalcode": "8006"
      }
    },
    {
      "type": "Feature",
      "geometry": {
        "type": "Point",
        "coordinates": [
          2.31085372,
          48.87537003
        ]
      },
      "properties": {
        "netid": "24:B2:B9:EB:F3:2D",
        "ssid": null,
        "oui": "24:B2:B9",
        "channel": 36,
        "encryption": "wpa2",
        "firsttime": "2025-11-07T11:00:00.000Z",
        "lasttime": "2025-11-07T04:00:00.000Z",
        "city": "Paris",
        "region": "\u00cele-de-France",
        "country": "FR",
        "road": "Boulevard Haussmann",
        "postalcode": "75008"
      }
    },
    {
      "type": "Feature",
      "geometry": {
        "type": "Point",
        "coordinates": [
          4.37446785,
          50.84116745
        ]
      },
      "properties": {
        "netid": "24:B2:B9:EB:F3:33",
        "ssid": "ClickShare-MEDEA",
        "oui": "24:B2:B9",
        "channel": 36,
        "encryption": "wpa2",
        "firsttime": "2026-02-16T18:00:00.000Z",
        "lasttime": "2026-04-11T09:00:00.000Z",
        "city": null,
        "region": "R\u00e9gion de Bruxelles-Capitale - Brussels Hoofdstedelijk Gewest",
        "country": "BE",
        "road": "Rue de Tr\u00e8ves - Trierstraat",
        "postalcode": null
      }
    },
    {
      "type": "Feature",
      "geometry": {
        "type": "Point",
        "coordinates": [
          12.59541225,
          55.69841766
        ]
      },
      "properties": {
        "netid": "24:B2:B9:EB:F3:45",
        "ssid": "M16",
        "oui": "24:B2:B9",
        "channel": 36,
        "encryption": "wpa2",
        "firsttime": "2026-04-13T14:00:00.000Z",
        "lasttime": "2026-06-29T11:00:00.000Z",
        "city": "K\u00f8benhavn",
        "region": "Region Hovedstaden",
        "country": "DK",
        "road": "Dampf\u00e6rgevej",
        "postalcode": "1259"
      }
    },
    {
      "type": "Feature",
      "geometry": {
        "type": "Point",
        "coordinates": [
          6.02737284,
          47.23578644
        ]
      },
      "properties": {
        "netid": "24:B2:B9:EB:F3:7B",
        "ssid": "ClickShare-1862706109",
        "oui": "24:B2:B9",
        "channel": 36,
        "encryption": "wpa2",
        "firsttime": "2026-01-25T10:00:00.000Z",
        "lasttime": "2026-02-24T04:00:00.000Z",
        "city": "Besan\u00e7on",
        "region": "Bourgogne-Franche-Comt\u00e9",
        "country": "FR",
        "road": "Grande Rue",
        "postalcode": "25000"
      }
    },
    {
      "type": "Feature",
      "geometry": {
        "type": "Point",
        "coordinates": [
          2.32559586,
          48.84222412
        ]
      },
      "properties": {
        "netid": "24:B2:B9:EB:F3:A5",
        "ssid": "ClickShare-1862705559",
        "oui": "24:B2:B9",
        "channel": 36,
        "encryption": "wpa2",
        "firsttime": "2026-01-10T00:00:00.000Z",
        "lasttime": "2026-01-09T16:00:00.000Z",
        "city": "Paris",
        "region": "\u00cele-de-France",
        "country": "FR",
        "road": "Rue du Montparnasse",
        "postalcode": "75014"
      }
    },
    {
      "type": "Feature",
      "geometry": {
        "type": "Point",
        "coordinates": [
          144.96426392,
          -37.81598663
        ]
      },
      "properties": {
        "netid": "24:B2:B9:EB:F3:E5",
        "ssid": "ClickShare-Boardroom",
        "oui": "24:B2:B9",
        "channel": 36,
        "encryption": "wpa2",
        "firsttime": "2026-04-30T22:00:00.000Z",
        "lasttime": "2026-08-01T07:00:00.000Z",
        "city": "Melbourne",
        "region": "Victoria",
        "country": "AU",
        "road": "Collins Street",
        "postalcode": "3000"
      }
    },
    {
      "type": "Feature",
      "geometry": {
        "type": "Point",
        "coordinates": [
          9.13427734,
          48.94395828
        ]
      },
      "properties": {
        "netid": "24:B2:B9:EB:F3:F3",
        "ssid": "BIE_ROOM_L",
        "oui": "24:B2:B9",
        "channel": 36,
        "encryption": "wpa2",
        "firsttime": "2026-02-07T15:00:00.000Z",
        "lasttime": "2026-02-07T09:00:00.000Z",
        "city": null,
        "region": "Baden-W\u00fcrttemberg",
        "country": "DE",
        "road": "Etzelstra\u00dfe",
        "postalcode": "74321"
      }
    },
    {
      "type": "Feature",
      "geometry": {
        "type": "Point",
        "coordinates": [
          7.3118434,
          51.31972504
        ]
      },
      "properties": {
        "netid": "24:B2:B9:EB:F3:F7",
        "ssid": "ClickShare-1862708844",
        "oui": "24:B2:B9",
        "channel": 36,
        "encryption": "wpa2",
        "firsttime": "2026-03-28T15:00:00.000Z",
        "lasttime": "2026-04-08T09:00:00.000Z",
        "city": null,
        "region": "Nordrhein-Westfalen",
        "country": "DE",
        "road": "Ha\u00dflinghauser Stra\u00dfe",
        "postalcode": "58285"
      }
    },
    {
      "type": "Feature",
      "geometry": {
        "type": "Point",
        "coordinates": [
          8.5356369,
          47.37425232
        ]
      },
      "properties": {
        "netid": "24:B2:B9:EB:F4:09",
        "ssid": "ClickShare-1862705139",
        "oui": "24:B2:B9",
        "channel": 36,
        "encryption": "wpa2",
        "firsttime": "2026-05-11T17:00:00.000Z",
        "lasttime": "2026-07-25T17:00:00.000Z",
        "city": "Z\u00fcrich",
        "region": "Z\u00fcrich",
        "country": "CH",
        "road": "L\u00f6wenstrasse",
        "postalcode": "8001"
      }
    },
    {
      "type": "Feature",
      "geometry": {
        "type": "Point",
        "coordinates": [
          8.53546619,
          47.38016891
        ]
      },
      "properties": {
        "netid": "24:B2:B9:EB:F4:1B",
        "ssid": "CS-145",
        "oui": "24:B2:B9",
        "channel": 36,
        "encryption": "wpa2",
        "firsttime": "2026-06-17T15:00:00.000Z",
        "lasttime": "2026-06-17T09:00:00.000Z",
        "city": "Z\u00fcrich",
        "region": "Z\u00fcrich",
        "country": "CH",
        "road": "Zollstrasse",
        "postalcode": "8005"
      }
    },
    {
      "type": "Feature",
      "geometry": {
        "type": "Point",
        "coordinates": [
          8.53954124,
          47.37733078
        ]
      },
      "properties": {
        "netid": "24:B2:B9:EB:F4:21",
        "ssid": "ClickShare - Room 3",
        "oui": "24:B2:B9",
        "channel": 36,
        "encryption": "wpa2",
        "firsttime": "2026-02-08T14:00:00.000Z",
        "lasttime": "2026-02-08T07:00:00.000Z",
        "city": "Z\u00fcrich",
        "region": "Z\u00fcrich",
        "country": "CH",
        "road": "Bahnhofpassage",
        "postalcode": "8090"
      }
    },
    {
      "type": "Feature",
      "geometry": {
        "type": "Point",
        "coordinates": [
          12.57247353,
          55.68067551
        ]
      },
      "properties": {
        "netid": "24:B2:B9:EB:F4:37",
        "ssid": "ClickShare-UA5_1_114",
        "oui": "24:B2:B9",
        "channel": 40,
        "encryption": "wpa2",
        "firsttime": "2026-04-09T16:00:00.000Z",
        "lasttime": "2026-04-29T02:00:00.000Z",
        "city": "K\u00f8benhavn",
        "region": "Region Hovedstaden",
        "country": "DK",
        "road": "Krystalgade",
        "postalcode": "1165"
      }
    },
    {
      "type": "Feature",
      "geometry": {
        "type": "Point",
        "coordinates": [
          4.42315674,
          50.92786789
        ]
      },
      "properties": {
        "netid": "24:B2:B9:EB:F4:5D",
        "ssid": "ClickShare-Brouwershuis",
        "oui": "24:B2:B9",
        "channel": 36,
        "encryption": "wpa2",
        "firsttime": "2026-07-07T09:00:00.000Z",
        "lasttime": "2026-07-07T02:00:00.000Z",
        "city": null,
        "region": "Vlaams-Brabant",
        "country": "BE",
        "road": "Lange Molenstraat",
        "postalcode": "1800"
      }
    },
    {
      "type": "Feature",
      "geometry": {
        "type": "Point",
        "coordinates": [
          -0.17472266,
          51.16335297
        ]
      },
      "properties": {
        "netid": "24:B2:B9:EB:F4:6F",
        "ssid": "CSC meeting room",
        "oui": "24:B2:B9",
        "channel": 1,
        "encryption": "wpa2",
        "firsttime": "2026-04-03T18:00:00.000Z",
        "lasttime": "2026-07-27T08:00:00.000Z",
        "city": null,
        "region": "England",
        "country": "GB",
        "road": "Longbridge Way",
        "postalcode": "RH6 0NX"
      }
    },
    {
      "type": "Feature",
      "geometry": {
        "type": "Point",
        "coordinates": [
          4.4082551,
          51.20940781
        ]
      },
      "properties": {
        "netid": "24:B2:B9:EB:F4:87",
        "ssid": "ClickShare-1862707790",
        "oui": "24:B2:B9",
        "channel": 36,
        "encryption": "wpa2",
        "firsttime": "2026-04-26T08:00:00.000Z",
        "lasttime": "2026-05-25T09:00:00.000Z",
        "city": null,
        "region": "Antwerpen",
        "country": "BE",
        "road": "Mechelsesteenweg",
        "postalcode": "2018"
      }
    },
    {
      "type": "Feature",
      "geometry": {
        "type": "Point",
        "coordinates": [
          -84.33397675,
          46.51243591
        ]
      },
      "properties": {
        "netid": "24:B2:B9:EB:F4:B3",
        "ssid": "ClickShare-1863083522",
        "oui": "24:B2:B9",
        "channel": 36,
        "encryption": "wpa2",
        "firsttime": "2026-03-23T09:00:00.000Z",
        "lasttime": "2026-07-14T14:00:00.000Z",
        "city": "Sault Ste. Marie",
        "region": "Ontario",
        "country": "CA",
        "road": "Queen Street East",
        "postalcode": "P6A 1Y9"
      }
    },
    {
      "type": "Feature",
      "geometry": {
        "type": "Point",
        "coordinates": [
          11.56575775,
          48.13437653
        ]
      },
      "properties": {
        "netid": "24:B2:B9:EB:F4:D9",
        "ssid": "ClickShare-Hamburg",
        "oui": "24:B2:B9",
        "channel": 36,
        "encryption": "wpa2",
        "firsttime": "2026-07-10T09:00:00.000Z",
        "lasttime": "2026-07-24T05:00:00.000Z",
        "city": "M\u00fcnchen",
        "region": "Bayern",
        "country": "DE",
        "road": "Sendlinger-Tor-Platz",
        "postalcode": "80336"
      }
    },
    {
      "type": "Feature",
      "geometry": {
        "type": "Point",
        "coordinates": [
          -106.78125,
          34.768013
        ]
      },
      "properties": {
        "netid": "24:B2:B9:EB:F5:27",
        "ssid": "ClickShare-1863084885",
        "oui": "24:B2:B9",
        "channel": 36,
        "encryption": "wpa2",
        "firsttime": "2026-06-20T03:00:00.000Z",
        "lasttime": "2026-06-19T23:00:00.000Z",
        "city": null,
        "region": "NM",
        "country": "US",
        "road": "I 25",
        "postalcode": "87068"
      }
    },
    {
      "type": "Feature",
      "geometry": {
        "type": "Point",
        "coordinates": [
          -95.54865265,
          29.87826157
        ]
      },
      "properties": {
        "netid": "24:B2:B9:EB:F5:55",
        "ssid": "ClickShare-TheBluebonnet",
        "oui": "24:B2:B9",
        "channel": 36,
        "encryption": "wpa2",
        "firsttime": "2026-07-22T19:00:00.000Z",
        "lasttime": "2026-07-22T13:00:00.000Z",
        "city": null,
        "region": "TX",
        "country": "US",
        "road": "West Sam Houston Parkway North",
        "postalcode": "77040"
      }
    },
    {
      "type": "Feature",
      "geometry": {
        "type": "Point",
        "coordinates": [
          -113.99865723,
          51.04549026
        ]
      },
      "properties": {
        "netid": "24:B2:B9:EB:F5:67",
        "ssid": "ClickShare-1863084551",
        "oui": "24:B2:B9",
        "channel": 36,
        "encryption": "wpa2",
        "firsttime": "2026-08-01T19:00:00.000Z",
        "lasttime": "2026-08-01T15:00:00.000Z",
        "city": "Calgary",
        "region": "Alberta",
        "country": "CA",
        "road": "Memorial Drive SE",
        "postalcode": "T2A 7M2"
      }
    },
    {
      "type": "Feature",
      "geometry": {
        "type": "Point",
        "coordinates": [
          -77.18901062,
          40.20075989
        ]
      },
      "properties": {
        "netid": "24:B2:B9:EB:F5:73",
        "ssid": "ClickShare-CR1",
        "oui": "24:B2:B9",
        "channel": 36,
        "encryption": "wpa2",
        "firsttime": "2026-06-15T14:00:00.000Z",
        "lasttime": "2026-06-15T08:00:00.000Z",
        "city": null,
        "region": "PA",
        "country": "US",
        "road": "South Hanover Street",
        "postalcode": "17013"
      }
    },
    {
      "type": "Feature",
      "geometry": {
        "type": "Point",
        "coordinates": [
          9.21501255,
          48.7012558
        ]
      },
      "properties": {
        "netid": "24:B2:B9:EB:F5:BF",
        "ssid": "ClickShare-1862707656",
        "oui": "24:B2:B9",
        "channel": 36,
        "encryption": "wpa2",
        "firsttime": "2026-02-06T17:00:00.000Z",
        "lasttime": "2026-02-10T09:00:00.000Z",
        "city": "Stuttgart",
        "region": "Baden-W\u00fcrttemberg",
        "country": "DE",
        "road": "M\u00f6nchhof",
        "postalcode": "70599"
      }
    },
    {
      "type": "Feature",
      "geometry": {
        "type": "Point",
        "coordinates": [
          5.38119411,
          43.30343246
        ]
      },
      "properties": {
        "netid": "24:B2:B9:EB:F6:07",
        "ssid": "ClickShare-1862708644",
        "oui": "24:B2:B9",
        "channel": 36,
        "encryption": "wpa2",
        "firsttime": "2026-04-18T09:00:00.000Z",
        "lasttime": "2026-04-18T10:00:00.000Z",
        "city": "Marseille",
        "region": "Provence-Alpes-C\u00f4te d'Azur",
        "country": "FR",
        "road": "Gare Routi\u00e8re Marseille-Saint-Charles",
        "postalcode": "13001"
      }
    },
    {
      "type": "Feature",
      "geometry": {
        "type": "Point",
        "coordinates": [
          -66.63596344,
          45.97058105
        ]
      },
      "properties": {
        "netid": "24:B2:B9:EB:F6:15",
        "ssid": "ClickShare-1863084668",
        "oui": "24:B2:B9",
        "channel": 36,
        "encryption": "wpa2",
        "firsttime": "2026-01-29T01:00:00.000Z",
        "lasttime": "2026-01-28T17:00:00.000Z",
        "city": null,
        "region": "New Brunswick / Nouveau-Brunswick",
        "country": "CA",
        "road": "Bowlen Street",
        "postalcode": "E3A 3M8"
      }
    },
    {
      "type": "Feature",
      "geometry": {
        "type": "Point",
        "coordinates": [
          11.07863617,
          49.45539856
        ]
      },
      "properties": {
        "netid": "24:B2:B9:EB:F6:7F",
        "ssid": "ClickShare-203A",
        "oui": "24:B2:B9",
        "channel": 36,
        "encryption": "wpa2",
        "firsttime": "2026-04-01T11:00:00.000Z",
        "lasttime": "2026-04-01T08:00:00.000Z",
        "city": "N\u00fcrnberg",
        "region": "Bayern",
        "country": "DE",
        "road": "Bindergasse",
        "postalcode": "90403"
      }
    },
    {
      "type": "Feature",
      "geometry": {
        "type": "Point",
        "coordinates": [
          4.40846062,
          51.20896149
        ]
      },
      "properties": {
        "netid": "24:B2:B9:EB:F6:93",
        "ssid": "ClickShare-1862707837",
        "oui": "24:B2:B9",
        "channel": 36,
        "encryption": "wpa2",
        "firsttime": "2026-04-26T08:00:00.000Z",
        "lasttime": "2026-05-22T00:00:00.000Z",
        "city": null,
        "region": "Antwerpen",
        "country": "BE",
        "road": "Mechelsesteenweg",
        "postalcode": "2018"
      }
    },
    {
      "type": "Feature",
      "geometry": {
        "type": "Point",
        "coordinates": [
          4.40823746,
          51.20927811
        ]
      },
      "properties": {
        "netid": "24:B2:B9:EB:F6:D9",
        "ssid": "ClickShare-1862707815",
        "oui": "24:B2:B9",
        "channel": 36,
        "encryption": "wpa2",
        "firsttime": "2026-04-26T08:00:00.000Z",
        "lasttime": "2026-05-22T00:00:00.000Z",
        "city": null,
        "region": "Antwerpen",
        "country": "BE",
        "road": "Mechelsesteenweg",
        "postalcode": "2018"
      }
    },
    {
      "type": "Feature",
      "geometry": {
        "type": "Point",
        "coordinates": [
          55.37705612,
          25.12188148
        ]
      },
      "properties": {
        "netid": "24:B2:B9:EB:F6:EF",
        "ssid": "ClickShare-1862708179",
        "oui": "24:B2:B9",
        "channel": 36,
        "encryption": "wpa2",
        "firsttime": "2026-01-22T17:00:00.000Z",
        "lasttime": "2026-01-22T12:00:00.000Z",
        "city": null,
        "region": "\u062f\u0628\u064a",
        "country": "AE",
        "road": "\u0634\u0627\u0631\u0639 \u0627\u0644\u0634\u064a\u062e \u0645\u062d\u0645\u062f \u0628\u0646 \u0632\u0627\u064a\u062f",
        "postalcode": "341296"
      }
    },
    {
      "type": "Feature",
      "geometry": {
        "type": "Point",
        "coordinates": [
          2.30772877,
          49.89044189
        ]
      },
      "properties": {
        "netid": "24:B2:B9:EB:F6:FF",
        "ssid": "ClickShare-1862708042",
        "oui": "24:B2:B9",
        "channel": 36,
        "encryption": "wpa2",
        "firsttime": "2026-04-06T15:00:00.000Z",
        "lasttime": "2026-04-06T10:00:00.000Z",
        "city": "Amiens",
        "region": "Hauts-de-France",
        "country": "FR",
        "road": "Place Alphonse Fiquet",
        "postalcode": "80000"
      }
    },
    {
      "type": "Feature",
      "geometry": {
        "type": "Point",
        "coordinates": [
          2.31877422,
          48.87708664
        ]
      },
      "properties": {
        "netid": "24:B2:B9:EB:F8:71",
        "ssid": "ClickShare-Vend\u00f4me",
        "oui": "24:B2:B9",
        "channel": 36,
        "encryption": "wpa2",
        "firsttime": "2026-02-03T12:00:00.000Z",
        "lasttime": "2026-02-03T04:00:00.000Z",
        "city": "Paris",
        "region": "\u00cele-de-France",
        "country": "FR",
        "road": "Rue du G\u00e9n\u00e9ral-Foy",
        "postalcode": "75008"
      }
    },
    {
      "type": "Feature",
      "geometry": {
        "type": "Point",
        "coordinates": [
          4.58526897,
          52.31339264
        ]
      },
      "properties": {
        "netid": "24:B2:B9:EB:F8:B5",
        "ssid": "ClickShare-1862710600",
        "oui": "24:B2:B9",
        "channel": 36,
        "encryption": "wpa2",
        "firsttime": "2026-04-17T14:00:00.000Z",
        "lasttime": "2026-05-01T07:00:00.000Z",
        "city": null,
        "region": "Zuid-Holland",
        "country": "NL",
        "road": "Nieuweweg",
        "postalcode": "2182BP"
      }
    },
    {
      "type": "Feature",
      "geometry": {
        "type": "Point",
        "coordinates": [
          55.37693405,
          25.12182999
        ]
      },
      "properties": {
        "netid": "24:B2:B9:EB:F8:C5",
        "ssid": "ClickShare-1862708036",
        "oui": "24:B2:B9",
        "channel": 36,
        "encryption": "wpa2",
        "firsttime": "2026-01-22T17:00:00.000Z",
        "lasttime": "2026-01-22T12:00:00.000Z",
        "city": null,
        "region": "\u062f\u0628\u064a",
        "country": "AE",
        "road": "\u0634\u0627\u0631\u0639 \u0627\u0644\u0634\u064a\u062e \u0645\u062d\u0645\u062f \u0628\u0646 \u0632\u0627\u064a\u062f",
        "postalcode": "341296"
      }
    },
    {
      "type": "Feature",
      "geometry": {
        "type": "Point",
        "coordinates": [
          51.44132996,
          25.31469727
        ]
      },
      "properties": {
        "netid": "24:B2:B9:EB:F8:DD",
        "ssid": "ClickShare-Meeting Room-A",
        "oui": "24:B2:B9",
        "channel": 36,
        "encryption": "wpa2",
        "firsttime": "2026-05-24T12:00:00.000Z",
        "lasttime": "2026-05-24T18:00:00.000Z",
        "city": "\u0627\u0644\u0631\u064a\u0627\u0646",
        "region": "\u0627\u0644\u0631\u064a\u0627\u0646",
        "country": "QA",
        "road": "\u0627\u0644\u0627\u062e\u0636\u0631\u064a",
        "postalcode": "201204"
      }
    },
    {
      "type": "Feature",
      "geometry": {
        "type": "Point",
        "coordinates": [
          -97.32290649,
          32.5430069
        ]
      },
      "properties": {
        "netid": "24:B2:B9:EB:F8:E3",
        "ssid": "ClickShare - Cheryls Office",
        "oui": "24:B2:B9",
        "channel": 36,
        "encryption": "wpa2",
        "firsttime": "2026-03-25T23:00:00.000Z",
        "lasttime": "2026-03-29T12:00:00.000Z",
        "city": null,
        "region": "TX",
        "country": "US",
        "road": "West Renfro Street",
        "postalcode": "76028"
      }
    },
    {
      "type": "Feature",
      "geometry": {
        "type": "Point",
        "coordinates": [
          4.40844297,
          51.20891953
        ]
      },
      "properties": {
        "netid": "24:B2:B9:EB:F9:6F",
        "ssid": "ClickShare-1862707795",
        "oui": "24:B2:B9",
        "channel": 36,
        "encryption": "wpa2",
        "firsttime": "2026-04-26T08:00:00.000Z",
        "lasttime": "2026-05-22T00:00:00.000Z",
        "city": null,
        "region": "Antwerpen",
        "country": "BE",
        "road": "Mechelsesteenweg",
        "postalcode": "2018"
      }
    },
    {
      "type": "Feature",
      "geometry": {
        "type": "Point",
        "coordinates": [
          -93.77492523,
          41.60930252
        ]
      },
      "properties": {
        "netid": "24:B2:B9:EB:F9:97",
        "ssid": "ClickShare-1863084220",
        "oui": "24:B2:B9",
        "channel": 36,
        "encryption": "wep",
        "firsttime": "2026-05-22T13:00:00.000Z",
        "lasttime": "2026-07-12T09:00:00.000Z",
        "city": null,
        "region": "IA",
        "country": "US",
        "road": "Northwest 114th Street",
        "postalcode": "50325"
      }
    },
    {
      "type": "Feature",
      "geometry": {
        "type": "Point",
        "coordinates": [
          11.56578732,
          48.13448715
        ]
      },
      "properties": {
        "netid": "24:B2:B9:EB:F9:DF",
        "ssid": "ClickShare-K\u00f6ln",
        "oui": "24:B2:B9",
        "channel": 36,
        "encryption": "wpa2",
        "firsttime": "2026-07-11T09:00:00.000Z",
        "lasttime": "2026-07-11T03:00:00.000Z",
        "city": "M\u00fcnchen",
        "region": "Bayern",
        "country": "DE",
        "road": "Sonnenstra\u00dfe",
        "postalcode": "80331"
      }
    },
    {
      "type": "Feature",
      "geometry": {
        "type": "Point",
        "coordinates": [
          4.36793184,
          51.19153595
        ]
      },
      "properties": {
        "netid": "24:B2:B9:EB:F9:F1",
        "ssid": "ClickShare-1862707843",
        "oui": "24:B2:B9",
        "channel": 36,
        "encryption": "wpa2",
        "firsttime": "2026-03-03T21:00:00.000Z",
        "lasttime": "2026-03-03T13:00:00.000Z",
        "city": null,
        "region": "Antwerpen",
        "country": "BE",
        "road": "Herenpolderbrug",
        "postalcode": "2020"
      }
    },
    {
      "type": "Feature",
      "geometry": {
        "type": "Point",
        "coordinates": [
          -0.63253784,
          51.39178085
        ]
      },
      "properties": {
        "netid": "24:B2:B9:EB:F9:FD",
        "ssid": "ClickShare-1862707900",
        "oui": "24:B2:B9",
        "channel": 36,
        "encryption": "wpa2",
        "firsttime": "2026-03-29T08:00:00.000Z",
        "lasttime": "2026-03-29T02:00:00.000Z",
        "city": null,
        "region": "England",
        "country": "GB",
        "road": "London Road",
        "postalcode": "SL5 0HD"
      }
    },
    {
      "type": "Feature",
      "geometry": {
        "type": "Point",
        "coordinates": [
          -84.96389008,
          39.85780334
        ]
      },
      "properties": {
        "netid": "24:B2:B9:EB:FA:4D",
        "ssid": "ClickShare-1863084855",
        "oui": "24:B2:B9",
        "channel": 36,
        "encryption": "wpa2",
        "firsttime": "2026-07-02T01:00:00.000Z",
        "lasttime": "2026-08-07T07:00:00.000Z",
        "city": null,
        "region": "IN",
        "country": "US",
        "road": "West Industries Road",
        "postalcode": "47392"
      }
    },
    {
      "type": "Feature",
      "geometry": {
        "type": "Point",
        "coordinates": [
          11.04175663,
          49.44722748
        ]
      },
      "properties": {
        "netid": "24:B2:B9:EB:FA:9F",
        "ssid": "ClickShare-1862711407",
        "oui": "24:B2:B9",
        "channel": 36,
        "encryption": "wpa2",
        "firsttime": "2026-07-04T15:00:00.000Z",
        "lasttime": "2026-08-07T15:00:00.000Z",
        "city": "N\u00fcrnberg",
        "region": "Bayern",
        "country": "DE",
        "road": "Witschelstra\u00dfe",
        "postalcode": "90431"
      }
    },
    {
      "type": "Feature",
      "geometry": {
        "type": "Point",
        "coordinates": [
          -87.62935638,
          41.87929916
        ]
      },
      "properties": {
        "netid": "24:B2:B9:EB:FA:A7",
        "ssid": "ClickShare-1863084319",
        "oui": "24:B2:B9",
        "channel": 36,
        "encryption": "wpa2",
        "firsttime": "2026-05-30T21:00:00.000Z",
        "lasttime": "2026-07-02T08:00:00.000Z",
        "city": "Chicago",
        "region": "IL",
        "country": "US",
        "road": "Federal Plaza",
        "postalcode": "60604"
      }
    },
    {
      "type": "Feature",
      "geometry": {
        "type": "Point",
        "coordinates": [
          -77.04349518,
          38.90284729
        ]
      },
      "properties": {
        "netid": "24:B2:B9:EB:FA:AF",
        "ssid": "ClickShare-1863084255",
        "oui": "24:B2:B9",
        "channel": 165,
        "encryption": "wpa2",
        "firsttime": "2025-09-30T12:00:00.000Z",
        "lasttime": "2026-06-09T15:00:00.000Z",
        "city": "Washington",
        "region": "DC",
        "country": "US",
        "road": "19th Street Northwest",
        "postalcode": "20036"
      }
    },
    {
      "type": "Feature",
      "geometry": {
        "type": "Point",
        "coordinates": [
          2.28389239,
          48.84804535
        ]
      },
      "properties": {
        "netid": "24:B2:B9:EB:FB:05",
        "ssid": "ClickShare-SDR2",
        "oui": "24:B2:B9",
        "channel": 36,
        "encryption": "wpa2",
        "firsttime": "2025-12-27T12:00:00.000Z",
        "lasttime": "2026-07-27T06:00:00.000Z",
        "city": "Paris",
        "region": "\u00cele-de-France",
        "country": "FR",
        "road": "Rue du Th\u00e9\u00e2tre",
        "postalcode": "75015"
      }
    },
    {
      "type": "Feature",
      "geometry": {
        "type": "Point",
        "coordinates": [
          8.77985764,
          47.24550629
        ]
      },
      "properties": {
        "netid": "24:B2:B9:EB:FB:6F",
        "ssid": "ClickShare-1862709743",
        "oui": "24:B2:B9",
        "channel": 36,
        "encryption": "wpa2",
        "firsttime": "2026-02-19T12:00:00.000Z",
        "lasttime": "2026-02-20T03:00:00.000Z",
        "city": null,
        "region": "Z\u00fcrich",
        "country": "CH",
        "road": "Feldbachstrasse",
        "postalcode": "8714"
      }
    },
    {
      "type": "Feature",
      "geometry": {
        "type": "Point",
        "coordinates": [
          8.52217388,
          47.35989761
        ]
      },
      "properties": {
        "netid": "24:B2:B9:EB:FB:73",
        "ssid": "ClickShare-1862709727",
        "oui": "24:B2:B9",
        "channel": 36,
        "encryption": "wpa2",
        "firsttime": "2026-05-10T14:00:00.000Z",
        "lasttime": "2026-05-10T08:00:00.000Z",
        "city": "Z\u00fcrich",
        "region": "Z\u00fcrich",
        "country": "CH",
        "road": "Edenstrasse",
        "postalcode": "8045"
      }
    },
    {
      "type": "Feature",
      "geometry": {
        "type": "Point",
        "coordinates": [
          -84.45095825,
          39.24052429
        ]
      },
      "properties": {
        "netid": "24:B2:B9:EB:FB:9D",
        "ssid": "ClickShare-Kitchen",
        "oui": "24:B2:B9",
        "channel": 36,
        "encryption": "wpa2",
        "firsttime": "2026-03-29T02:00:00.000Z",
        "lasttime": "2026-06-15T15:00:00.000Z",
        "city": null,
        "region": "OH",
        "country": "US",
        "road": "Mill Creek Expressway",
        "postalcode": "45215-2334"
      }
    },
    {
      "type": "Feature",
      "geometry": {
        "type": "Point",
        "coordinates": [
          -104.93982697,
          39.70521927
        ]
      },
      "properties": {
        "netid": "24:B2:B9:EB:FB:A1",
        "ssid": "ClickShare-1863084949",
        "oui": "24:B2:B9",
        "channel": 1,
        "encryption": "wpa2",
        "firsttime": "2026-02-17T22:00:00.000Z",
        "lasttime": "2026-07-12T23:00:00.000Z",
        "city": null,
        "region": "CO",
        "country": "US",
        "road": "East Exposition Circle North",
        "postalcode": "80246"
      }
    },
    {
      "type": "Feature",
      "geometry": {
        "type": "Point",
        "coordinates": [
          2.32086468,
          48.87329865
        ]
      },
      "properties": {
        "netid": "24:B2:B9:EB:FB:E7",
        "ssid": "ClickShare-1862705317",
        "oui": "24:B2:B9",
        "channel": 36,
        "encryption": "wpa2",
        "firsttime": "2025-12-23T11:00:00.000Z",
        "lasttime": "2026-05-06T04:00:00.000Z",
        "city": "Paris",
        "region": "\u00cele-de-France",
        "country": "FR",
        "road": "Acc\u00e8s Parking Malesherbes Anjou",
        "postalcode": "75008"
      }
    },
    {
      "type": "Feature",
      "geometry": {
        "type": "Point",
        "coordinates": [
          12.43259239,
          55.69554901
        ]
      },
      "properties": {
        "netid": "24:B2:B9:EB:FC:73",
        "ssid": "CS - M\u00f8delokale - AO R\u00f8dovre",
        "oui": "24:B2:B9",
        "channel": 36,
        "encryption": "wpa2",
        "firsttime": "2026-07-13T03:00:00.000Z",
        "lasttime": "2026-07-27T01:00:00.000Z",
        "city": null,
        "region": "Region Hovedstaden",
        "country": "DK",
        "road": "Islevdalvej",
        "postalcode": "2610"
      }
    },
    {
      "type": "Feature",
      "geometry": {
        "type": "Point",
        "coordinates": [
          4.37434149,
          50.84114075
        ]
      },
      "properties": {
        "netid": "24:B2:B9:EB:FC:8B",
        "ssid": "ClickShare-ATLAS",
        "oui": "24:B2:B9",
        "channel": 36,
        "encryption": "wpa2",
        "firsttime": "2026-02-16T18:00:00.000Z",
        "lasttime": "2026-07-12T13:00:00.000Z",
        "city": null,
        "region": "R\u00e9gion de Bruxelles-Capitale - Brussels Hoofdstedelijk Gewest",
        "country": "BE",
        "road": "Rue de Tr\u00e8ves - Trierstraat",
        "postalcode": null
      }
    },
    {
      "type": "Feature",
      "geometry": {
        "type": "Point",
        "coordinates": [
          -80.90106964,
          35.18648529
        ]
      },
      "properties": {
        "netid": "24:B2:B9:EB:FC:BB",
        "ssid": "ClickShare-Break Room",
        "oui": "24:B2:B9",
        "channel": 36,
        "encryption": "wpa2",
        "firsttime": "2026-06-27T04:00:00.000Z",
        "lasttime": "2026-06-27T09:00:00.000Z",
        "city": "Charlotte",
        "region": "NC",
        "country": "US",
        "road": "Billy Graham Parkway",
        "postalcode": "28217"
      }
    },
    {
      "type": "Feature",
      "geometry": {
        "type": "Point",
        "coordinates": [
          5.68912506,
          50.8555336
        ]
      },
      "properties": {
        "netid": "24:B2:B9:EB:FC:C7",
        "ssid": "ClickShare-Eventspace",
        "oui": "24:B2:B9",
        "channel": 36,
        "encryption": "wpa2",
        "firsttime": "2026-08-01T09:00:00.000Z",
        "lasttime": "2026-08-01T02:00:00.000Z",
        "city": "Maastricht",
        "region": "Limburg",
        "country": "NL",
        "road": "Sphinxcour",
        "postalcode": "6211"
      }
    },
    {
      "type": "Feature",
      "geometry": {
        "type": "Point",
        "coordinates": [
          6.87866879,
          51.43928528
        ]
      },
      "properties": {
        "netid": "24:B2:B9:EB:FD:2B",
        "ssid": "ClickShare-1862707686",
        "oui": "24:B2:B9",
        "channel": 36,
        "encryption": "wep",
        "firsttime": "2026-01-23T05:00:00.000Z",
        "lasttime": "2026-01-22T21:00:00.000Z",
        "city": "M\u00fclheim an der Ruhr",
        "region": "Nordrhein-Westfalen",
        "country": "DE",
        "road": "Wiesenstra\u00dfe",
        "postalcode": "45473"
      }
    },
    {
      "type": "Feature",
      "geometry": {
        "type": "Point",
        "coordinates": [
          12.57481098,
          55.67443466
        ]
      },
      "properties": {
        "netid": "24:B2:B9:EB:FD:45",
        "ssid": "ClickShare-Squash",
        "oui": "24:B2:B9",
        "channel": 36,
        "encryption": "wpa2",
        "firsttime": "2026-07-31T12:00:00.000Z",
        "lasttime": "2026-07-31T10:00:00.000Z",
        "city": "K\u00f8benhavn",
        "region": "Region Hovedstaden",
        "country": "DK",
        "road": "Ny Vestergade",
        "postalcode": "1471"
      }
    },
    {
      "type": "Feature",
      "geometry": {
        "type": "Point",
        "coordinates": [
          -0.15367369,
          51.51340866
        ]
      },
      "properties": {
        "netid": "24:B2:B9:EB:FD:67",
        "ssid": "ClickShare-1862710378",
        "oui": "24:B2:B9",
        "channel": 36,
        "encryption": "wpa2",
        "firsttime": "2026-08-03T15:00:00.000Z",
        "lasttime": "2026-08-03T08:00:00.000Z",
        "city": "London",
        "region": "England",
        "country": "GB",
        "road": "North Audley Street",
        "postalcode": "W1K 6ZD"
      }
    },
    {
      "type": "Feature",
      "geometry": {
        "type": "Point",
        "coordinates": [
          -93.27731323,
          44.98630905
        ]
      },
      "properties": {
        "netid": "24:B2:B9:EB:FD:B5",
        "ssid": "ClickShare-1863084386",
        "oui": "24:B2:B9",
        "channel": 36,
        "encryption": "wpa2",
        "firsttime": "2026-04-17T23:00:00.000Z",
        "lasttime": "2026-06-27T14:00:00.000Z",
        "city": "Minneapolis",
        "region": "MN",
        "country": "US",
        "road": "3rd Street North",
        "postalcode": "55401"
      }
    },
    {
      "type": "Feature",
      "geometry": {
        "type": "Point",
        "coordinates": [
          -93.27755737,
          44.9864006
        ]
      },
      "properties": {
        "netid": "24:B2:B9:EB:FE:0B",
        "ssid": "ClickShare-1863084213",
        "oui": "24:B2:B9",
        "channel": 36,
        "encryption": "wpa2",
        "firsttime": "2026-06-27T19:00:00.000Z",
        "lasttime": "2026-06-27T14:00:00.000Z",
        "city": "Minneapolis",
        "region": "MN",
        "country": "US",
        "road": "3rd Street North",
        "postalcode": "55401"
      }
    },
    {
      "type": "Feature",
      "geometry": {
        "type": "Point",
        "coordinates": [
          -96.81162262,
          32.86216354
        ]
      },
      "properties": {
        "netid": "24:B2:B9:EB:FE:71",
        "ssid": "Room 112",
        "oui": "24:B2:B9",
        "channel": 36,
        "encryption": "wpa2",
        "firsttime": "2026-04-21T15:00:00.000Z",
        "lasttime": "2026-07-24T20:00:00.000Z",
        "city": "Dallas",
        "region": "TX",
        "country": "US",
        "road": "Lomo Alto Drive",
        "postalcode": "75225"
      }
    },
    {
      "type": "Feature",
      "geometry": {
        "type": "Point",
        "coordinates": [
          -77.02972412,
          38.89767456
        ]
      },
      "properties": {
        "netid": "24:B2:B9:EB:FE:8D",
        "ssid": null,
        "oui": "24:B2:B9",
        "channel": 36,
        "encryption": "wpa2",
        "firsttime": "2026-07-11T15:00:00.000Z",
        "lasttime": "2026-07-11T08:00:00.000Z",
        "city": "Washington",
        "region": "DC",
        "country": "US",
        "road": "13th Street Northwest",
        "postalcode": "20005"
      }
    },
    {
      "type": "Feature",
      "geometry": {
        "type": "Point",
        "coordinates": [
          -73.6870575,
          45.49279404
        ]
      },
      "properties": {
        "netid": "24:B2:B9:EB:FE:D7",
        "ssid": "ClickShare-1863084548",
        "oui": "24:B2:B9",
        "channel": 36,
        "encryption": "wpa2",
        "firsttime": "2025-08-29T20:00:00.000Z",
        "lasttime": "2026-03-23T16:00:00.000Z",
        "city": "Montr\u00e9al",
        "region": "Qu\u00e9bec",
        "country": "CA",
        "road": "Rue Isabey",
        "postalcode": "H4T 1C3"
      }
    },
    {
      "type": "Feature",
      "geometry": {
        "type": "Point",
        "coordinates": [
          -95.45996094,
          29.71117401
        ]
      },
      "properties": {
        "netid": "24:B2:B9:EB:FF:01",
        "ssid": "ClickShare-CIO Office",
        "oui": "24:B2:B9",
        "channel": 36,
        "encryption": "wpa2",
        "firsttime": "2026-07-07T13:00:00.000Z",
        "lasttime": "2026-07-21T11:00:00.000Z",
        "city": "Bellaire",
        "region": "TX",
        "country": "US",
        "road": "West Loop South",
        "postalcode": "77401"
      }
    },
    {
      "type": "Feature",
      "geometry": {
        "type": "Point",
        "coordinates": [
          -76.34958649,
          37.03798676
        ]
      },
      "properties": {
        "netid": "24:B2:B9:EB:FF:0F",
        "ssid": "Barco_ClickShare",
        "oui": "24:B2:B9",
        "channel": 36,
        "encryption": "wpa2",
        "firsttime": "2026-08-07T19:00:00.000Z",
        "lasttime": "2026-08-07T18:00:00.000Z",
        "city": "Hampton",
        "region": "VA",
        "country": "US",
        "road": "Rip Rap Road",
        "postalcode": "23669"
      }
    },
    {
      "type": "Feature",
      "geometry": {
        "type": "Point",
        "coordinates": [
          12.57481098,
          55.67443466
        ]
      },
      "properties": {
        "netid": "24:B2:B9:EB:FF:5F",
        "ssid": "ClickShare-Gr\u00f8n",
        "oui": "24:B2:B9",
        "channel": 36,
        "encryption": "wpa2",
        "firsttime": "2026-07-31T12:00:00.000Z",
        "lasttime": "2026-07-31T10:00:00.000Z",
        "city": "K\u00f8benhavn",
        "region": "Region Hovedstaden",
        "country": "DK",
        "road": "Ny Vestergade",
        "postalcode": "1471"
      }
    },
    {
      "type": "Feature",
      "geometry": {
        "type": "Point",
        "coordinates": [
          151.2073822,
          -33.86840439
        ]
      },
      "properties": {
        "netid": "24:B2:B9:EC:00:4B",
        "ssid": "ClickShare-1862709273",
        "oui": "24:B2:B9",
        "channel": 36,
        "encryption": "wpa2",
        "firsttime": "2026-04-08T01:00:00.000Z",
        "lasttime": "2026-06-22T17:00:00.000Z",
        "city": "Sydney",
        "region": "New South Wales",
        "country": "AU",
        "road": "King Street",
        "postalcode": "2000"
      }
    },
    {
      "type": "Feature",
      "geometry": {
        "type": "Point",
        "coordinates": [
          25.7498455,
          62.24386597
        ]
      },
      "properties": {
        "netid": "24:B2:B9:EC:00:4D",
        "ssid": "ClickShare-1862707365",
        "oui": "24:B2:B9",
        "channel": 36,
        "encryption": "wpa2",
        "firsttime": "2026-06-27T09:00:00.000Z",
        "lasttime": "2026-06-27T04:00:00.000Z",
        "city": "Jyv\u00e4skyl\u00e4",
        "region": "Manner-Suomi",
        "country": "FI",
        "road": "Kauppakatu",
        "postalcode": "40100"
      }
    },
    {
      "type": "Feature",
      "geometry": {
        "type": "Point",
        "coordinates": [
          -76.71994781,
          39.94568253
        ]
      },
      "properties": {
        "netid": "24:B2:B9:EC:00:71",
        "ssid": null,
        "oui": "24:B2:B9",
        "channel": 165,
        "encryption": "wpa2",
        "firsttime": "2026-07-31T16:00:00.000Z",
        "lasttime": "2026-07-31T16:00:00.000Z",
        "city": "York",
        "region": "PA",
        "country": "US",
        "road": "South George Street",
        "postalcode": "17403"
      }
    },
    {
      "type": "Feature",
      "geometry": {
        "type": "Point",
        "coordinates": [
          5.98303175,
          52.24275589
        ]
      },
      "properties": {
        "netid": "24:B2:B9:EC:00:87",
        "ssid": "ClickShare kleinevergaderkamer 1",
        "oui": "24:B2:B9",
        "channel": 36,
        "encryption": "wpa2",
        "firsttime": "2026-05-22T18:00:00.000Z",
        "lasttime": "2026-05-22T11:00:00.000Z",
        "city": "Apeldoorn",
        "region": "Gelderland",
        "country": "NL",
        "road": "Oost Veluweweg",
        "postalcode": "7324AE"
      }
    },
    {
      "type": "Feature",
      "geometry": {
        "type": "Point",
        "coordinates": [
          101.72821045,
          3.12620592
        ]
      },
      "properties": {
        "netid": "24:B2:B9:EC:00:95",
        "ssid": "ClickShare-1862709232",
        "oui": "24:B2:B9",
        "channel": 36,
        "encryption": "wpa2",
        "firsttime": "2026-06-19T09:00:00.000Z",
        "lasttime": "2026-07-04T23:00:00.000Z",
        "city": "Kuala Lumpur",
        "region": "Maluri",
        "country": "MY",
        "road": "Jalan Jejaka",
        "postalcode": "55100"
      }
    },
    {
      "type": "Feature",
      "geometry": {
        "type": "Point",
        "coordinates": [
          149.13121033,
          -21.14447021
        ]
      },
      "properties": {
        "netid": "24:B2:B9:EC:00:E5",
        "ssid": "ClickShare-Confrence Room",
        "oui": "24:B2:B9",
        "channel": 36,
        "encryption": "wpa2",
        "firsttime": "2026-05-29T00:00:00.000Z",
        "lasttime": "2026-06-02T16:00:00.000Z",
        "city": "Mackay",
        "region": "Queensland",
        "country": "AU",
        "road": "Mackay Ring Road",
        "postalcode": null
      }
    },
    {
      "type": "Feature",
      "geometry": {
        "type": "Point",
        "coordinates": [
          -0.13799848,
          51.50630188
        ]
      },
      "properties": {
        "netid": "24:B2:B9:EC:01:07",
        "ssid": "ClickShare-1862707308",
        "oui": "24:B2:B9",
        "channel": 36,
        "encryption": "wpa2",
        "firsttime": "2026-05-05T13:00:00.000Z",
        "lasttime": "2026-05-05T06:00:00.000Z",
        "city": "London",
        "region": "England",
        "country": "GB",
        "road": "Bury Street",
        "postalcode": "SW1Y 6LX"
      }
    },
    {
      "type": "Feature",
      "geometry": {
        "type": "Point",
        "coordinates": [
          -121.39416504,
          38.42067337
        ]
      },
      "properties": {
        "netid": "24:B2:B9:EC:01:5B",
        "ssid": "ClickShare-1863084002",
        "oui": "24:B2:B9",
        "channel": 36,
        "encryption": "wpa2",
        "firsttime": "2026-07-11T23:00:00.000Z",
        "lasttime": "2026-07-26T17:00:00.000Z",
        "city": "Elk Grove",
        "region": "CA",
        "country": "US",
        "road": "South Sacramento Freeway",
        "postalcode": "95624"
      }
    },
    {
      "type": "Feature",
      "geometry": {
        "type": "Point",
        "coordinates": [
          151.11549377,
          -33.77534103
        ]
      },
      "properties": {
        "netid": "24:B2:B9:EC:01:D3",
        "ssid": "ClickShare-8SCO 133",
        "oui": "24:B2:B9",
        "channel": 36,
        "encryption": "wpa2",
        "firsttime": "2026-01-17T02:00:00.000Z",
        "lasttime": "2026-01-16T19:00:00.000Z",
        "city": "Sydney",
        "region": "New South Wales",
        "country": "AU",
        "road": "University Avenue",
        "postalcode": "2113"
      }
    },
    {
      "type": "Feature",
      "geometry": {
        "type": "Point",
        "coordinates": [
          -97.70476532,
          30.29820442
        ]
      },
      "properties": {
        "netid": "24:B2:B9:EC:02:4B",
        "ssid": "ClickShare-1862709339",
        "oui": "24:B2:B9",
        "channel": 36,
        "encryption": "wpa2",
        "firsttime": "2026-04-13T22:00:00.000Z",
        "lasttime": "2026-07-01T19:00:00.000Z",
        "city": "Austin",
        "region": "TX",
        "country": "US",
        "road": "McBee Street",
        "postalcode": "78723"
      }
    },
    {
      "type": "Feature",
      "geometry": {
        "type": "Point",
        "coordinates": [
          103.85126495,
          1.29381895
        ]
      },
      "properties": {
        "netid": "24:B2:B9:EC:02:95",
        "ssid": "ClickShare-17.02",
        "oui": "24:B2:B9",
        "channel": 36,
        "encryption": "wpa2",
        "firsttime": "2026-04-03T02:00:00.000Z",
        "lasttime": "2026-07-20T05:00:00.000Z",
        "city": "Singapore",
        "region": "Central",
        "country": "SG",
        "road": "Flag Road",
        "postalcode": "178905"
      }
    },
    {
      "type": "Feature",
      "geometry": {
        "type": "Point",
        "coordinates": [
          -78.57662201,
          35.85860443
        ]
      },
      "properties": {
        "netid": "24:B2:B9:EC:02:AD",
        "ssid": "ClickShare-RPD-INV",
        "oui": "24:B2:B9",
        "channel": 36,
        "encryption": "wpa2",
        "firsttime": "2026-07-14T18:00:00.000Z",
        "lasttime": "2026-08-06T19:00:00.000Z",
        "city": "Raleigh",
        "region": "NC",
        "country": "US",
        "road": "Spring Forest Road",
        "postalcode": "27616-4605"
      }
    },
    {
      "type": "Feature",
      "geometry": {
        "type": "Point",
        "coordinates": [
          9.38573933,
          48.80693817
        ]
      },
      "properties": {
        "netid": "24:B2:B9:EC:02:E3",
        "ssid": "ClickShare-HGGM",
        "oui": "24:B2:B9",
        "channel": 1,
        "encryption": "wpa2",
        "firsttime": "2026-07-19T07:00:00.000Z",
        "lasttime": "2026-07-19T04:00:00.000Z",
        "city": null,
        "region": "Baden-W\u00fcrttemberg",
        "country": "DE",
        "road": "Poststra\u00dfe",
        "postalcode": "71384"
      }
    },
    {
      "type": "Feature",
      "geometry": {
        "type": "Point",
        "coordinates": [
          25.74733925,
          62.23852158
        ]
      },
      "properties": {
        "netid": "24:B2:B9:EC:02:E5",
        "ssid": "ClickShare-1862710355",
        "oui": "24:B2:B9",
        "channel": 36,
        "encryption": "wpa2",
        "firsttime": "2026-03-18T15:00:00.000Z",
        "lasttime": "2026-07-12T09:00:00.000Z",
        "city": "Jyv\u00e4skyl\u00e4",
        "region": "Manner-Suomi",
        "country": "FI",
        "road": "Hannikaisenkatu",
        "postalcode": "40100"
      }
    },
    {
      "type": "Feature",
      "geometry": {
        "type": "Point",
        "coordinates": [
          4.3591218,
          50.86206818
        ]
      },
      "properties": {
        "netid": "24:B2:B9:EC:02:EB",
        "ssid": "ClickShare-Polynesia",
        "oui": "24:B2:B9",
        "channel": 36,
        "encryption": "wpa2",
        "firsttime": "2001-01-01T00:00:00.000Z",
        "lasttime": "2026-05-20T17:00:00.000Z",
        "city": null,
        "region": "R\u00e9gion de Bruxelles-Capitale - Brussels Hoofdstedelijk Gewest",
        "country": "BE",
        "road": "Place Solvay - Solvayplein",
        "postalcode": "1030"
      }
    },
    {
      "type": "Feature",
      "geometry": {
        "type": "Point",
        "coordinates": [
          46.62485504,
          24.81367111
        ]
      },
      "properties": {
        "netid": "24:B2:B9:EC:03:03",
        "ssid": "ClickShare-1862711514",
        "oui": "24:B2:B9",
        "channel": 36,
        "encryption": "wpa2",
        "firsttime": "2026-07-19T17:00:00.000Z",
        "lasttime": "2026-07-20T09:00:00.000Z",
        "city": null,
        "region": "\u0645\u0646\u0637\u0642\u0629 \u0627\u0644\u0631\u064a\u0627\u0636",
        "country": "SA",
        "road": null,
        "postalcode": "13524"
      }
    },
    {
      "type": "Feature",
      "geometry": {
        "type": "Point",
        "coordinates": [
          -0.14231157,
          51.51638031
        ]
      },
      "properties": {
        "netid": "24:B2:B9:EC:03:2F",
        "ssid": "ClickShare-1862710025",
        "oui": "24:B2:B9",
        "channel": 36,
        "encryption": "wpa2",
        "firsttime": "2026-03-05T13:00:00.000Z",
        "lasttime": "2026-03-05T05:00:00.000Z",
        "city": "London",
        "region": "England",
        "country": "GB",
        "road": "Margaret Street",
        "postalcode": "W1W 8DB"
      }
    },
    {
      "type": "Feature",
      "geometry": {
        "type": "Point",
        "coordinates": [
          5.03148937,
          47.31740189
        ]
      },
      "properties": {
        "netid": "24:B2:B9:EC:03:C5",
        "ssid": "ClickShare-1862711404",
        "oui": "24:B2:B9",
        "channel": 36,
        "encryption": "wpa2",
        "firsttime": "2026-03-08T13:00:00.000Z",
        "lasttime": "2026-07-01T20:00:00.000Z",
        "city": "Dijon",
        "region": "Bourgogne-Franche-Comt\u00e9",
        "country": "FR",
        "road": "Rue de l'H\u00f4pital",
        "postalcode": "21000"
      }
    },
    {
      "type": "Feature",
      "geometry": {
        "type": "Point",
        "coordinates": [
          4.36803102,
          50.852005
        ]
      },
      "properties": {
        "netid": "24:B2:B9:EC:04:39",
        "ssid": "ClickShare-1862708234",
        "oui": "24:B2:B9",
        "channel": 36,
        "encryption": "wpa2",
        "firsttime": "2025-10-21T19:00:00.000Z",
        "lasttime": "2026-03-07T16:00:00.000Z",
        "city": "Bruxelles - Brussel",
        "region": "R\u00e9gion de Bruxelles-Capitale - Brussels Hoofdstedelijk Gewest",
        "country": "BE",
        "road": "Boulevard Bischoffsheim - Bischoffsheimlaan",
        "postalcode": "1000"
      }
    },
    {
      "type": "Feature",
      "geometry": {
        "type": "Point",
        "coordinates": [
          11.0768795,
          49.45541382
        ]
      },
      "properties": {
        "netid": "24:B2:B9:EC:04:43",
        "ssid": "ClickShare-208",
        "oui": "24:B2:B9",
        "channel": 36,
        "encryption": "wpa2",
        "firsttime": "2026-05-30T13:00:00.000Z",
        "lasttime": "2026-05-30T10:00:00.000Z",
        "city": "N\u00fcrnberg",
        "region": "Bayern",
        "country": "DE",
        "road": "Winklerstra\u00dfe",
        "postalcode": "90403"
      }
    },
    {
      "type": "Feature",
      "geometry": {
        "type": "Point",
        "coordinates": [
          -0.14662637,
          51.50803375
        ]
      },
      "properties": {
        "netid": "24:B2:B9:EC:05:03",
        "ssid": "ClickShare - Libary",
        "oui": "24:B2:B9",
        "channel": 36,
        "encryption": "wpa2",
        "firsttime": "2026-06-20T15:00:00.000Z",
        "lasttime": "2026-06-20T14:00:00.000Z",
        "city": "London",
        "region": "England",
        "country": "GB",
        "road": "Charles Street",
        "postalcode": "W1J 5EB"
      }
    },
    {
      "type": "Feature",
      "geometry": {
        "type": "Point",
        "coordinates": [
          -81.2087326,
          28.5982151
        ]
      },
      "properties": {
        "netid": "24:B2:B9:EC:66:93",
        "ssid": null,
        "oui": "24:B2:B9",
        "channel": 112,
        "encryption": "unknown",
        "firsttime": "2026-06-19T20:00:00.000Z",
        "lasttime": "2026-06-19T14:00:00.000Z",
        "city": "Orlando",
        "region": "FL",
        "country": "US",
        "road": "Alafaya Trail",
        "postalcode": "32826"
      }
    },
    {
      "type": "Feature",
      "geometry": {
        "type": "Point",
        "coordinates": [
          4.4136796,
          52.04925537
        ]
      },
      "properties": {
        "netid": "24:B2:B9:ED:77:C3",
        "ssid": "ClickShare-1862706936-Z-02-39",
        "oui": "24:B2:B9",
        "channel": 36,
        "encryption": "wpa2",
        "firsttime": "2025-12-28T14:00:00.000Z",
        "lasttime": "2025-12-28T07:00:00.000Z",
        "city": null,
        "region": "Zuid-Holland",
        "country": "NL",
        "road": "Prismastraat",
        "postalcode": "2631RT"
      }
    },
    {
      "type": "Feature",
      "geometry": {
        "type": "Point",
        "coordinates": [
          -122.23408508,
          47.92336655
        ]
      },
      "properties": {
        "netid": "24:B2:B9:F0:68:3F",
        "ssid": null,
        "oui": "24:B2:B9",
        "channel": 11,
        "encryption": "wpa2",
        "firsttime": "2026-07-01T21:00:00.000Z",
        "lasttime": "2026-07-01T15:00:00.000Z",
        "city": "Everett",
        "region": "WA",
        "country": "US",
        "road": "Boeing Freeway",
        "postalcode": "98203"
      }
    },
    {
      "type": "Feature",
      "geometry": {
        "type": "Point",
        "coordinates": [
          -117.82116699,
          33.68354034
        ]
      },
      "properties": {
        "netid": "24:B2:B9:F0:A2:47",
        "ssid": null,
        "oui": "24:B2:B9",
        "channel": 12,
        "encryption": "none",
        "firsttime": "2026-08-01T16:00:00.000Z",
        "lasttime": "2026-08-01T21:00:00.000Z",
        "city": "Irvine",
        "region": "CA",
        "country": "US",
        "road": null,
        "postalcode": "92614"
      }
    },
    {
      "type": "Feature",
      "geometry": {
        "type": "Point",
        "coordinates": [
          16.359478,
          48.20136642
        ]
      },
      "properties": {
        "netid": "24:B2:B9:F1:D4:0F",
        "ssid": null,
        "oui": "24:B2:B9",
        "channel": 0,
        "encryption": "unknown",
        "firsttime": "2026-02-16T11:00:00.000Z",
        "lasttime": "2026-02-16T04:00:00.000Z",
        "city": "Wien",
        "region": "Spittelberg",
        "country": "AT",
        "road": "Mariahilfer Stra\u00dfe",
        "postalcode": "1070"
      }
    },
    {
      "type": "Feature",
      "geometry": {
        "type": "Point",
        "coordinates": [
          8.59388638,
          47.26163483
        ]
      },
      "properties": {
        "netid": "24:B2:B9:F2:41:D5",
        "ssid": "ClickShare-H121",
        "oui": "24:B2:B9",
        "channel": 36,
        "encryption": "wpa2",
        "firsttime": "2026-07-25T07:00:00.000Z",
        "lasttime": "2026-08-04T13:00:00.000Z",
        "city": null,
        "region": "Z\u00fcrich",
        "country": "CH",
        "road": "Seestrasse",
        "postalcode": "8810"
      }
    },
    {
      "type": "Feature",
      "geometry": {
        "type": "Point",
        "coordinates": [
          -73.57206726,
          45.50512695
        ]
      },
      "properties": {
        "netid": "24:B2:B9:F2:42:3B",
        "ssid": null,
        "oui": "24:B2:B9",
        "channel": 36,
        "encryption": "wpa2",
        "firsttime": "2026-07-10T15:00:00.000Z",
        "lasttime": "2026-07-10T16:00:00.000Z",
        "city": "Montr\u00e9al",
        "region": "Qu\u00e9bec",
        "country": "CA",
        "road": "Avenue Union",
        "postalcode": "H3A 2C1"
      }
    },
    {
      "type": "Feature",
      "geometry": {
        "type": "Point",
        "coordinates": [
          -73.9796524,
          40.75542068
        ]
      },
      "properties": {
        "netid": "24:B2:B9:F2:42:63",
        "ssid": "ClickShare-1863087775",
        "oui": "24:B2:B9",
        "channel": 36,
        "encryption": "wpa2",
        "firsttime": "2026-06-28T02:00:00.000Z",
        "lasttime": "2026-07-20T01:00:00.000Z",
        "city": "City of New York",
        "region": "NY",
        "country": "US",
        "road": "5th Avenue",
        "postalcode": "10036"
      }
    },
    {
      "type": "Feature",
      "geometry": {
        "type": "Point",
        "coordinates": [
          -113.50650787,
          53.53884125
        ]
      },
      "properties": {
        "netid": "24:B2:B9:F2:42:89",
        "ssid": null,
        "oui": "24:B2:B9",
        "channel": 36,
        "encryption": "wpa2",
        "firsttime": "2026-07-26T01:00:00.000Z",
        "lasttime": "2026-07-25T20:00:00.000Z",
        "city": "Edmonton",
        "region": "Alberta",
        "country": "CA",
        "road": "108 Street NW",
        "postalcode": "T5K2G6"
      }
    },
    {
      "type": "Feature",
      "geometry": {
        "type": "Point",
        "coordinates": [
          -123.11434937,
          49.28787994
        ]
      },
      "properties": {
        "netid": "24:B2:B9:F2:42:8D",
        "ssid": "AV-WHISTLER-BARCO",
        "oui": "24:B2:B9",
        "channel": 36,
        "encryption": "wpa2",
        "firsttime": "2026-07-15T20:00:00.000Z",
        "lasttime": "2026-07-23T01:00:00.000Z",
        "city": "Vancouver",
        "region": "British Columbia",
        "country": "CA",
        "road": "West Waterfront Road",
        "postalcode": "V6C"
      }
    },
    {
      "type": "Feature",
      "geometry": {
        "type": "Point",
        "coordinates": [
          -122.86294556,
          49.20980835
        ]
      },
      "properties": {
        "netid": "24:B2:B9:F2:42:8F",
        "ssid": "ClickShare-1862716797",
        "oui": "24:B2:B9",
        "channel": 36,
        "encryption": "wep",
        "firsttime": "2026-07-10T20:00:00.000Z",
        "lasttime": "2026-07-12T21:00:00.000Z",
        "city": "Surrey",
        "region": "British Columbia",
        "country": "CA",
        "road": "Bridgeview Drive",
        "postalcode": "V3R 2N1"
      }
    },
    {
      "type": "Feature",
      "geometry": {
        "type": "Point",
        "coordinates": [
          -96.8250885,
          33.09990311
        ]
      },
      "properties": {
        "netid": "24:B2:B9:F2:42:93",
        "ssid": "ClickShare-1863090641",
        "oui": "24:B2:B9",
        "channel": 36,
        "encryption": "wpa2",
        "firsttime": "2026-02-23T19:00:00.000Z",
        "lasttime": "2026-02-23T11:00:00.000Z",
        "city": "Frisco",
        "region": "TX",
        "country": "US",
        "road": "Dallas Parkway",
        "postalcode": "75024"
      }
    },
    {
      "type": "Feature",
      "geometry": {
        "type": "Point",
        "coordinates": [
          -73.26412201,
          40.8166275
        ]
      },
      "properties": {
        "netid": "24:B2:B9:F2:42:F7",
        "ssid": "ClickShare-LI-Conf-Rm-1",
        "oui": "24:B2:B9",
        "channel": 36,
        "encryption": "wpa2",
        "firsttime": "2026-06-23T21:00:00.000Z",
        "lasttime": "2026-06-23T20:00:00.000Z",
        "city": null,
        "region": "NY",
        "country": "US",
        "road": "Oser Avenue",
        "postalcode": "11788"
      }
    },
    {
      "type": "Feature",
      "geometry": {
        "type": "Point",
        "coordinates": [
          151.20610046,
          -33.87766647
        ]
      },
      "properties": {
        "netid": "24:B2:B9:F2:43:0D",
        "ssid": "ClickShare-1862715273",
        "oui": "24:B2:B9",
        "channel": 36,
        "encryption": "wpa2",
        "firsttime": "2026-05-03T05:00:00.000Z",
        "lasttime": "2026-07-18T03:00:00.000Z",
        "city": "Sydney",
        "region": "New South Wales",
        "country": "AU",
        "road": "George Street",
        "postalcode": "2000"
      }
    },
    {
      "type": "Feature",
      "geometry": {
        "type": "Point",
        "coordinates": [
          -73.5711441,
          45.50461578
        ]
      },
      "properties": {
        "netid": "24:B2:B9:F2:43:45",
        "ssid": null,
        "oui": "24:B2:B9",
        "channel": 36,
        "encryption": "wpa2",
        "firsttime": "2026-07-10T15:00:00.000Z",
        "lasttime": "2026-07-10T16:00:00.000Z",
        "city": "Montr\u00e9al",
        "region": "Qu\u00e9bec",
        "country": "CA",
        "road": "Boulevard De Maisonneuve Ouest",
        "postalcode": "H3A 3J2"
      }
    },
    {
      "type": "Feature",
      "geometry": {
        "type": "Point",
        "coordinates": [
          135.54350281,
          34.70527649
        ]
      },
      "properties": {
        "netid": "24:B2:B9:F2:43:75",
        "ssid": "ClickShare-1862715403",
        "oui": "24:B2:B9",
        "channel": 36,
        "encryption": "wpa2",
        "firsttime": "2026-04-02T05:00:00.000Z",
        "lasttime": "2026-05-10T01:00:00.000Z",
        "city": "\u5927\u962a\u5e02",
        "region": "\u5927\u962a\u5e9c",
        "country": "JP",
        "road": null,
        "postalcode": "536-0007"
      }
    },
    {
      "type": "Feature",
      "geometry": {
        "type": "Point",
        "coordinates": [
          135.5431366,
          34.7053833
        ]
      },
      "properties": {
        "netid": "24:B2:B9:F2:43:9D",
        "ssid": "ClickShare-1862715407",
        "oui": "24:B2:B9",
        "channel": 36,
        "encryption": "wpa2",
        "firsttime": "2026-01-28T01:00:00.000Z",
        "lasttime": "2026-05-10T01:00:00.000Z",
        "city": "\u5927\u962a\u5e02",
        "region": "\u5927\u962a\u5e9c",
        "country": "JP",
        "road": null,
        "postalcode": "536-0007"
      }
    },
    {
      "type": "Feature",
      "geometry": {
        "type": "Point",
        "coordinates": [
          -81.64535522,
          41.39499664
        ]
      },
      "properties": {
        "netid": "24:B2:B9:F2:44:31",
        "ssid": "WLM-AECCONF-201",
        "oui": "24:B2:B9",
        "channel": 36,
        "encryption": "wpa2",
        "firsttime": "2026-06-22T01:00:00.000Z",
        "lasttime": "2026-07-30T14:00:00.000Z",
        "city": null,
        "region": "OH",
        "country": "US",
        "road": "Rockside Road",
        "postalcode": "44131"
      }
    },
    {
      "type": "Feature",
      "geometry": {
        "type": "Point",
        "coordinates": [
          -118.37879944,
          34.07535934
        ]
      },
      "properties": {
        "netid": "24:B2:B9:F2:45:0F",
        "ssid": "ClickShare-1863090849",
        "oui": "24:B2:B9",
        "channel": 36,
        "encryption": "wpa2",
        "firsttime": "2026-03-21T20:00:00.000Z",
        "lasttime": "2026-03-21T13:00:00.000Z",
        "city": "Los Angeles",
        "region": "CA",
        "country": "US",
        "road": "South San Vicente Boulevard",
        "postalcode": "90048"
      }
    },
    {
      "type": "Feature",
      "geometry": {
        "type": "Point",
        "coordinates": [
          -82.75668335,
          41.44211578
        ]
      },
      "properties": {
        "netid": "24:B2:B9:F2:45:17",
        "ssid": "ClickShare-1863090107",
        "oui": "24:B2:B9",
        "channel": 36,
        "encryption": "wpa2",
        "firsttime": "2026-07-27T16:00:00.000Z",
        "lasttime": "2026-07-27T09:00:00.000Z",
        "city": "Sandusky",
        "region": "OH",
        "country": "US",
        "road": "Venice Road",
        "postalcode": "44870"
      }
    },
    {
      "type": "Feature",
      "geometry": {
        "type": "Point",
        "coordinates": [
          -96.74607086,
          40.26280594
        ]
      },
      "properties": {
        "netid": "24:B2:B9:F2:45:71",
        "ssid": "ClickShare-1863089011",
        "oui": "24:B2:B9",
        "channel": 36,
        "encryption": "wpa2",
        "firsttime": "2026-07-05T15:00:00.000Z",
        "lasttime": "2026-07-18T18:00:00.000Z",
        "city": "Beatrice",
        "region": "NE",
        "country": "US",
        "road": "Scott Street",
        "postalcode": "68310"
      }
    },
    {
      "type": "Feature",
      "geometry": {
        "type": "Point",
        "coordinates": [
          -78.4872818,
          38.03615189
        ]
      },
      "properties": {
        "netid": "24:B2:B9:F2:45:B5",
        "ssid": null,
        "oui": "24:B2:B9",
        "channel": 36,
        "encryption": "wpa2",
        "firsttime": "2026-03-22T15:00:00.000Z",
        "lasttime": "2026-05-23T10:00:00.000Z",
        "city": "Charlottesville",
        "region": "VA",
        "country": "US",
        "road": "Preston Avenue",
        "postalcode": "22908"
      }
    },
    {
      "type": "Feature",
      "geometry": {
        "type": "Point",
        "coordinates": [
          -77.05163574,
          38.80303955
        ]
      },
      "properties": {
        "netid": "24:B2:B9:F2:45:B9",
        "ssid": "Arthur's ClickShare-Main",
        "oui": "24:B2:B9",
        "channel": 36,
        "encryption": "wpa2",
        "firsttime": "2026-03-24T20:00:00.000Z",
        "lasttime": "2026-07-29T13:00:00.000Z",
        "city": "Alexandria",
        "region": "VA",
        "country": "US",
        "road": "South Henry Street",
        "postalcode": "22314"
      }
    },
    {
      "type": "Feature",
      "geometry": {
        "type": "Point",
        "coordinates": [
          -118.09108734,
          33.86084366
        ]
      },
      "properties": {
        "netid": "24:B2:B9:F2:45:FF",
        "ssid": null,
        "oui": "24:B2:B9",
        "channel": 1,
        "encryption": "wpa2",
        "firsttime": "2026-05-17T02:00:00.000Z",
        "lasttime": "2026-06-09T14:00:00.000Z",
        "city": null,
        "region": "CA",
        "country": "US",
        "road": "Gridley Road",
        "postalcode": "90703-6612"
      }
    },
    {
      "type": "Feature",
      "geometry": {
        "type": "Point",
        "coordinates": [
          -83.04508972,
          42.32920456
        ]
      },
      "properties": {
        "netid": "24:B2:B9:F2:46:0D",
        "ssid": "ClickShare-1863087748",
        "oui": "24:B2:B9",
        "channel": 36,
        "encryption": "wpa2",
        "firsttime": "2026-05-25T03:00:00.000Z",
        "lasttime": "2026-06-06T12:00:00.000Z",
        "city": "Detroit",
        "region": "MI",
        "country": "US",
        "road": "Spirit of Detroit Plaza",
        "postalcode": "48226-4449"
      }
    },
    {
      "type": "Feature",
      "geometry": {
        "type": "Point",
        "coordinates": [
          -83.04418182,
          42.32884216
        ]
      },
      "properties": {
        "netid": "24:B2:B9:F2:46:3D",
        "ssid": "ClickShare - Courtroom 1011",
        "oui": "24:B2:B9",
        "channel": 36,
        "encryption": "wpa2",
        "firsttime": "2026-05-30T19:00:00.000Z",
        "lasttime": "2026-05-30T16:00:00.000Z",
        "city": "Detroit",
        "region": "MI",
        "country": "US",
        "road": "East Jefferson Avenue",
        "postalcode": "48226-4449"
      }
    },
    {
      "type": "Feature",
      "geometry": {
        "type": "Point",
        "coordinates": [
          -81.03450012,
          34.00345612
        ]
      },
      "properties": {
        "netid": "24:B2:B9:F2:46:9F",
        "ssid": "ClickShare-1863088702",
        "oui": "24:B2:B9",
        "channel": 36,
        "encryption": "wpa2",
        "firsttime": "2026-07-05T22:00:00.000Z",
        "lasttime": "2026-08-07T10:00:00.000Z",
        "city": "Columbia",
        "region": "SC",
        "country": "US",
        "road": "Main Street",
        "postalcode": "29203"
      }
    },
    {
      "type": "Feature",
      "geometry": {
        "type": "Point",
        "coordinates": [
          -73.57157898,
          45.50485611
        ]
      },
      "properties": {
        "netid": "24:B2:B9:F2:47:C1",
        "ssid": null,
        "oui": "24:B2:B9",
        "channel": 36,
        "encryption": "wpa2",
        "firsttime": "2026-07-10T15:00:00.000Z",
        "lasttime": "2026-07-10T16:00:00.000Z",
        "city": "Montr\u00e9al",
        "region": "Qu\u00e9bec",
        "country": "CA",
        "road": "Avenue Union",
        "postalcode": "H3A 2C1"
      }
    },
    {
      "type": "Feature",
      "geometry": {
        "type": "Point",
        "coordinates": [
          -84.33332825,
          46.51261139
        ]
      },
      "properties": {
        "netid": "24:B2:B9:F2:47:C9",
        "ssid": "ClickShare-1862716450",
        "oui": "24:B2:B9",
        "channel": 36,
        "encryption": "wpa2",
        "firsttime": "2026-07-14T18:00:00.000Z",
        "lasttime": "2026-07-14T14:00:00.000Z",
        "city": "Sault Ste. Marie",
        "region": "Ontario",
        "country": "CA",
        "road": "King Street",
        "postalcode": "P6A 1Y9"
      }
    },
    {
      "type": "Feature",
      "geometry": {
        "type": "Point",
        "coordinates": [
          -113.28237915,
          53.5700264
        ]
      },
      "properties": {
        "netid": "24:B2:B9:F2:47:D5",
        "ssid": "ClickShare-MCP",
        "oui": "24:B2:B9",
        "channel": 165,
        "encryption": "wpa2",
        "firsttime": "2026-05-26T19:00:00.000Z",
        "lasttime": "2026-05-26T12:00:00.000Z",
        "city": "Sherwood Park",
        "region": "Alberta",
        "country": "CA",
        "road": "Yellowhead Highway",
        "postalcode": "T8H 0K9"
      }
    },
    {
      "type": "Feature",
      "geometry": {
        "type": "Point",
        "coordinates": [
          10.90483284,
          48.37497711
        ]
      },
      "properties": {
        "netid": "24:B2:B9:F2:48:3B",
        "ssid": "ClickShare-Konferenzraum",
        "oui": "24:B2:B9",
        "channel": 36,
        "encryption": "wpa2",
        "firsttime": "2026-06-14T16:00:00.000Z",
        "lasttime": "2026-06-14T10:00:00.000Z",
        "city": "Augsburg",
        "region": "Bayern",
        "country": "DE",
        "road": "Riedlerstra\u00dfe",
        "postalcode": "86152"
      }
    },
    {
      "type": "Feature",
      "geometry": {
        "type": "Point",
        "coordinates": [
          -90.47531891,
          38.63862228
        ]
      },
      "properties": {
        "netid": "24:B2:B9:F2:48:4B",
        "ssid": "Melanchthon Room",
        "oui": "24:B2:B9",
        "channel": 165,
        "encryption": "wpa2",
        "firsttime": "2026-07-23T15:00:00.000Z",
        "lasttime": "2026-08-07T09:00:00.000Z",
        "city": null,
        "region": "MO",
        "country": "US",
        "road": "Avenue of the Saints",
        "postalcode": "63141"
      }
    },
    {
      "type": "Feature",
      "geometry": {
        "type": "Point",
        "coordinates": [
          -77.04484558,
          38.90271759
        ]
      },
      "properties": {
        "netid": "24:B2:B9:F2:48:6B",
        "ssid": null,
        "oui": "24:B2:B9",
        "channel": 36,
        "encryption": "wpa2",
        "firsttime": "2026-08-07T23:00:00.000Z",
        "lasttime": "2026-08-07T17:00:00.000Z",
        "city": "Washington",
        "region": "DC",
        "country": "US",
        "road": "20th Street Northwest",
        "postalcode": "20009"
      }
    },
    {
      "type": "Feature",
      "geometry": {
        "type": "Point",
        "coordinates": [
          -86.77853394,
          36.16764069
        ]
      },
      "properties": {
        "netid": "24:B2:B9:F2:49:03",
        "ssid": "ClickShare-1863086860",
        "oui": "24:B2:B9",
        "channel": 36,
        "encryption": "wpa2",
        "firsttime": "2026-05-26T02:00:00.000Z",
        "lasttime": "2026-07-31T21:00:00.000Z",
        "city": "Nashville-Davidson",
        "region": "TN",
        "country": "US",
        "road": "James Robertson Parkway",
        "postalcode": "37201"
      }
    },
    {
      "type": "Feature",
      "geometry": {
        "type": "Point",
        "coordinates": [
          -82.46474457,
          27.94528008
        ]
      },
      "properties": {
        "netid": "24:B2:B9:F2:49:A9",
        "ssid": "ClickShare-1863087022",
        "oui": "24:B2:B9",
        "channel": 36,
        "encryption": "wep",
        "firsttime": "2026-07-11T07:00:00.000Z",
        "lasttime": "2026-07-27T15:00:00.000Z",
        "city": "Tampa",
        "region": "FL",
        "country": "US",
        "road": "West Kennedy Boulevard",
        "postalcode": "33606"
      }
    },
    {
      "type": "Feature",
      "geometry": {
        "type": "Point",
        "coordinates": [
          -95.67986298,
          39.04989243
        ]
      },
      "properties": {
        "netid": "24:B2:B9:F2:4A:09",
        "ssid": "ClickShare-1863087291",
        "oui": "24:B2:B9",
        "channel": 36,
        "encryption": "wpa2",
        "firsttime": "2026-06-14T17:00:00.000Z",
        "lasttime": "2026-07-05T09:00:00.000Z",
        "city": "Topeka",
        "region": "KS",
        "country": "US",
        "road": "Southwest Harrison Street",
        "postalcode": "66612"
      }
    },
    {
      "type": "Feature",
      "geometry": {
        "type": "Point",
        "coordinates": [
          -87.65449524,
          41.88675308
        ]
      },
      "properties": {
        "netid": "24:B2:B9:F2:4A:2B",
        "ssid": "ClickShare-EOOS",
        "oui": "24:B2:B9",
        "channel": 36,
        "encryption": "wpa2",
        "firsttime": "2026-07-09T22:00:00.000Z",
        "lasttime": "2026-07-14T12:00:00.000Z",
        "city": "Chicago",
        "region": "IL",
        "country": "US",
        "road": "North Aberdeen Street",
        "postalcode": "60622"
      }
    },
    {
      "type": "Feature",
      "geometry": {
        "type": "Point",
        "coordinates": [
          8.46710491,
          48.99950027
        ]
      },
      "properties": {
        "netid": "24:B2:B9:F2:4A:5F",
        "ssid": "ClickShare-1862713989",
        "oui": "24:B2:B9",
        "channel": 36,
        "encryption": "wpa2",
        "firsttime": "2026-07-12T11:00:00.000Z",
        "lasttime": "2026-07-12T16:00:00.000Z",
        "city": "Karlsruhe",
        "region": "Baden-W\u00fcrttemberg",
        "country": "DE",
        "road": "Pfinztalstra\u00dfe",
        "postalcode": "76227"
      }
    },
    {
      "type": "Feature",
      "geometry": {
        "type": "Point",
        "coordinates": [
          -73.57190704,
          45.5050354
        ]
      },
      "properties": {
        "netid": "24:B2:B9:F2:4A:C7",
        "ssid": null,
        "oui": "24:B2:B9",
        "channel": 36,
        "encryption": "wpa2",
        "firsttime": "2026-07-10T15:00:00.000Z",
        "lasttime": "2026-07-10T16:00:00.000Z",
        "city": "Montr\u00e9al",
        "region": "Qu\u00e9bec",
        "country": "CA",
        "road": "Avenue du Pr\u00e9sident-Kennedy",
        "postalcode": "H3A 2C1"
      }
    },
    {
      "type": "Feature",
      "geometry": {
        "type": "Point",
        "coordinates": [
          14.4561224,
          50.07536697
        ]
      },
      "properties": {
        "netid": "24:B2:B9:F2:4A:D9",
        "ssid": "ClickShare-ZM4",
        "oui": "24:B2:B9",
        "channel": 36,
        "encryption": "wpa2",
        "firsttime": "2006-10-11T06:00:00.000Z",
        "lasttime": "2026-08-04T23:00:00.000Z",
        "city": "Hlavn\u00ed m\u011bsto Praha",
        "region": "Praha",
        "country": "CZ",
        "road": "Korunn\u00ed",
        "postalcode": "13000"
      }
    },
    {
      "type": "Feature",
      "geometry": {
        "type": "Point",
        "coordinates": [
          -3.68791485,
          40.41992569
        ]
      },
      "properties": {
        "netid": "24:B2:B9:F2:4B:39",
        "ssid": "IP1-SALA-4",
        "oui": "24:B2:B9",
        "channel": 36,
        "encryption": "wpa2",
        "firsttime": "2026-03-22T14:00:00.000Z",
        "lasttime": "2026-08-05T08:00:00.000Z",
        "city": "Madrid",
        "region": "Comunidad de Madrid",
        "country": "ES",
        "road": "Calle de Alcal\u00e1",
        "postalcode": "28009"
      }
    },
    {
      "type": "Feature",
      "geometry": {
        "type": "Point",
        "coordinates": [
          -6.27873182,
          53.3428154
        ]
      },
      "properties": {
        "netid": "24:B2:B9:F2:4C:F9",
        "ssid": null,
        "oui": "24:B2:B9",
        "channel": 36,
        "encryption": "wpa2",
        "firsttime": "2026-04-17T05:00:00.000Z",
        "lasttime": "2026-04-17T14:00:00.000Z",
        "city": "Dublin",
        "region": "Leinster",
        "country": "IE",
        "road": "Thomas Street",
        "postalcode": "D08 C44P"
      }
    },
    {
      "type": "Feature",
      "geometry": {
        "type": "Point",
        "coordinates": [
          14.31279564,
          48.27326584
        ]
      },
      "properties": {
        "netid": "24:B2:B9:F2:4D:53",
        "ssid": "ClickShare-1862711721",
        "oui": "24:B2:B9",
        "channel": 36,
        "encryption": "wpa2",
        "firsttime": "2026-04-05T10:00:00.000Z",
        "lasttime": "2026-04-05T04:00:00.000Z",
        "city": "Linz",
        "region": "Ober\u00f6sterreich",
        "country": "AT",
        "road": "Salzburger Stra\u00dfe",
        "postalcode": "4030"
      }
    },
    {
      "type": "Feature",
      "geometry": {
        "type": "Point",
        "coordinates": [
          -73.97711182,
          40.76148605
        ]
      },
      "properties": {
        "netid": "24:B2:B9:F2:4D:F1",
        "ssid": "ClickShare-SE",
        "oui": "24:B2:B9",
        "channel": 165,
        "encryption": "wpa2",
        "firsttime": "2026-08-05T18:00:00.000Z",
        "lasttime": "2026-08-05T14:00:00.000Z",
        "city": "City of New York",
        "region": "NY",
        "country": "US",
        "road": "West 53rd Street",
        "postalcode": "10019"
      }
    },
    {
      "type": "Feature",
      "geometry": {
        "type": "Point",
        "coordinates": [
          -74.42394257,
          39.36369324
        ]
      },
      "properties": {
        "netid": "24:B2:B9:F2:4E:2B",
        "ssid": "AC-CONFERENCE-ROOM-1A-CS",
        "oui": "24:B2:B9",
        "channel": 36,
        "encryption": "wpa2",
        "firsttime": "2026-05-27T00:00:00.000Z",
        "lasttime": "2026-05-26T17:00:00.000Z",
        "city": "Atlantic City",
        "region": "NJ",
        "country": "US",
        "road": "Atlantic Avenue",
        "postalcode": "08402"
      }
    },
    {
      "type": "Feature",
      "geometry": {
        "type": "Point",
        "coordinates": [
          -73.5615921,
          45.50247192
        ]
      },
      "properties": {
        "netid": "24:B2:B9:F2:4E:33",
        "ssid": "ClickShare-1863086140",
        "oui": "24:B2:B9",
        "channel": 36,
        "encryption": "wpa2",
        "firsttime": "2025-11-10T20:00:00.000Z",
        "lasttime": "2025-11-10T13:00:00.000Z",
        "city": "Montr\u00e9al",
        "region": "Qu\u00e9bec",
        "country": "CA",
        "road": "Rue Saint-Antoine Ouest",
        "postalcode": "H2Z 2A3"
      }
    },
    {
      "type": "Feature",
      "geometry": {
        "type": "Point",
        "coordinates": [
          -79.87039948,
          32.81046295
        ]
      },
      "properties": {
        "netid": "24:B2:B9:F2:4E:81",
        "ssid": "ClickShare-1863090286",
        "oui": "24:B2:B9",
        "channel": 36,
        "encryption": "wpa2",
        "firsttime": "2026-04-26T18:00:00.000Z",
        "lasttime": "2026-05-08T14:00:00.000Z",
        "city": null,
        "region": "SC",
        "country": "US",
        "road": "North Highway 17",
        "postalcode": "29464-9998"
      }
    },
    {
      "type": "Feature",
      "geometry": {
        "type": "Point",
        "coordinates": [
          14.45527363,
          50.0757103
        ]
      },
      "properties": {
        "netid": "24:B2:B9:F2:4E:BB",
        "ssid": "ClickShare-ZM6",
        "oui": "24:B2:B9",
        "channel": 36,
        "encryption": "wpa2",
        "firsttime": "2026-08-05T04:00:00.000Z",
        "lasttime": "2026-08-04T23:00:00.000Z",
        "city": "Hlavn\u00ed m\u011bsto Praha",
        "region": "Praha",
        "country": "CZ",
        "road": "Korunn\u00ed",
        "postalcode": "13000"
      }
    },
    {
      "type": "Feature",
      "geometry": {
        "type": "Point",
        "coordinates": [
          7.5552001,
          47.5080986
        ]
      },
      "properties": {
        "netid": "24:B2:B9:F2:4E:CD",
        "ssid": "ClickShare-1862709786",
        "oui": "24:B2:B9",
        "channel": 36,
        "encryption": "wpa2",
        "firsttime": "2024-04-08T06:00:00.000Z",
        "lasttime": "2026-02-06T06:00:00.000Z",
        "city": null,
        "region": "Basel-Landschaft",
        "country": "CH",
        "road": "M\u00fchlemattstrasse",
        "postalcode": "4104"
      }
    },
    {
      "type": "Feature",
      "geometry": {
        "type": "Point",
        "coordinates": [
          4.40865374,
          51.2087822
        ]
      },
      "properties": {
        "netid": "24:B2:B9:F2:4E:E7",
        "ssid": "ClickShare-1862709918",
        "oui": "24:B2:B9",
        "channel": 36,
        "encryption": "wpa2",
        "firsttime": "2026-05-20T18:00:00.000Z",
        "lasttime": "2026-05-22T00:00:00.000Z",
        "city": null,
        "region": "Antwerpen",
        "country": "BE",
        "road": "Mechelsesteenweg",
        "postalcode": "2018"
      }
    },
    {
      "type": "Feature",
      "geometry": {
        "type": "Point",
        "coordinates": [
          4.47777796,
          51.23612595
        ]
      },
      "properties": {
        "netid": "24:B2:B9:F2:4F:11",
        "ssid": "ClickShare_1.5_Refter",
        "oui": "24:B2:B9",
        "channel": 36,
        "encryption": "wpa2",
        "firsttime": "2026-01-20T07:00:00.000Z",
        "lasttime": "2026-04-11T14:00:00.000Z",
        "city": null,
        "region": "Antwerpen",
        "country": "BE",
        "road": "Bisschoppenhoflaan",
        "postalcode": "2100"
      }
    },
    {
      "type": "Feature",
      "geometry": {
        "type": "Point",
        "coordinates": [
          -79.44718933,
          43.71650696
        ]
      },
      "properties": {
        "netid": "24:B2:B9:F2:4F:31",
        "ssid": "ClickShare-1863085542",
        "oui": "24:B2:B9",
        "channel": 36,
        "encryption": "wpa2",
        "firsttime": "2025-12-09T00:00:00.000Z",
        "lasttime": "2025-12-09T20:00:00.000Z",
        "city": "Toronto",
        "region": "Ontario",
        "country": "CA",
        "road": "Lawrence Avenue West",
        "postalcode": "M6A 3B4"
      }
    },
    {
      "type": "Feature",
      "geometry": {
        "type": "Point",
        "coordinates": [
          15.48763943,
          47.02648544
        ]
      },
      "properties": {
        "netid": "24:B2:B9:F2:4F:63",
        "ssid": "ClickShare-2068B",
        "oui": "24:B2:B9",
        "channel": 36,
        "encryption": "wpa2",
        "firsttime": "2026-07-02T12:00:00.000Z",
        "lasttime": "2026-07-02T06:00:00.000Z",
        "city": "Raaba-Grambach",
        "region": "Steiermark",
        "country": "AT",
        "road": "Dr.-Auner-Stra\u00dfe",
        "postalcode": "8074"
      }
    },
    {
      "type": "Feature",
      "geometry": {
        "type": "Point",
        "coordinates": [
          -73.97705841,
          40.76082993
        ]
      },
      "properties": {
        "netid": "24:B2:B9:F2:4F:97",
        "ssid": "ClickShare-1863086436",
        "oui": "24:B2:B9",
        "channel": 36,
        "encryption": "wpa2",
        "firsttime": "2026-05-31T16:00:00.000Z",
        "lasttime": "2026-07-29T18:00:00.000Z",
        "city": "City of New York",
        "region": "NY",
        "country": "US",
        "road": "West 53rd Street",
        "postalcode": "10019"
      }
    },
    {
      "type": "Feature",
      "geometry": {
        "type": "Point",
        "coordinates": [
          -82.40137482,
          34.84973526
        ]
      },
      "properties": {
        "netid": "24:B2:B9:F2:50:1B",
        "ssid": "Helm Executive Conference Room",
        "oui": "24:B2:B9",
        "channel": 36,
        "encryption": "wpa2",
        "firsttime": "2026-03-28T21:00:00.000Z",
        "lasttime": "2026-03-28T15:00:00.000Z",
        "city": "Greenville",
        "region": "SC",
        "country": "US",
        "road": "West McBee Avenue",
        "postalcode": "29601"
      }
    },
    {
      "type": "Feature",
      "geometry": {
        "type": "Point",
        "coordinates": [
          -93.09541321,
          44.94870758
        ]
      },
      "properties": {
        "netid": "24:B2:B9:F2:50:25",
        "ssid": null,
        "oui": "24:B2:B9",
        "channel": 36,
        "encryption": "wpa2",
        "firsttime": "2026-05-31T22:00:00.000Z",
        "lasttime": "2026-05-31T16:00:00.000Z",
        "city": "Saint Paul",
        "region": "MN",
        "country": "US",
        "road": "7th Street East",
        "postalcode": "55101"
      }
    },
    {
      "type": "Feature",
      "geometry": {
        "type": "Point",
        "coordinates": [
          14.40803337,
          50.07507706
        ]
      },
      "properties": {
        "netid": "24:B2:B9:F2:50:57",
        "ssid": "Mistnost-0075",
        "oui": "24:B2:B9",
        "channel": 36,
        "encryption": "wpa2",
        "firsttime": "2026-03-01T14:00:00.000Z",
        "lasttime": "2026-06-29T11:00:00.000Z",
        "city": "Hlavn\u00ed m\u011bsto Praha",
        "region": "Praha",
        "country": "CZ",
        "road": "Zborovsk\u00e1",
        "postalcode": "15000"
      }
    },
    {
      "type": "Feature",
      "geometry": {
        "type": "Point",
        "coordinates": [
          -83.51512909,
          41.72195435
        ]
      },
      "properties": {
        "netid": "24:B2:B9:F2:50:9D",
        "ssid": "ClickShare-ToledoBlueRoom",
        "oui": "24:B2:B9",
        "channel": 1,
        "encryption": "wpa2",
        "firsttime": "2026-06-16T13:00:00.000Z",
        "lasttime": "2026-06-16T07:00:00.000Z",
        "city": "Toledo",
        "region": "OH",
        "country": "US",
        "road": "Benore Road",
        "postalcode": "43611"
      }
    },
    {
      "type": "Feature",
      "geometry": {
        "type": "Point",
        "coordinates": [
          -123.11065674,
          49.28463364
        ]
      },
      "properties": {
        "netid": "24:B2:B9:F2:50:A1",
        "ssid": null,
        "oui": "24:B2:B9",
        "channel": 36,
        "encryption": "wpa2",
        "firsttime": "2026-07-26T20:00:00.000Z",
        "lasttime": "2026-07-31T19:00:00.000Z",
        "city": "Vancouver",
        "region": "British Columbia",
        "country": "CA",
        "road": "Water Street",
        "postalcode": "V6B"
      }
    },
    {
      "type": "Feature",
      "geometry": {
        "type": "Point",
        "coordinates": [
          -79.43817139,
          43.87561035
        ]
      },
      "properties": {
        "netid": "24:B2:B9:F2:50:A9",
        "ssid": "ClickShare-1863086181",
        "oui": "24:B2:B9",
        "channel": 36,
        "encryption": "wpa2",
        "firsttime": "2025-12-20T21:00:00.000Z",
        "lasttime": "2025-12-20T15:00:00.000Z",
        "city": "Richmond Hill",
        "region": "Ontario",
        "country": "CA",
        "road": "Yonge Street",
        "postalcode": "L4C 1T6"
      }
    },
    {
      "type": "Feature",
      "geometry": {
        "type": "Point",
        "coordinates": [
          -46.65866089,
          -23.53207588
        ]
      },
      "properties": {
        "netid": "24:B2:B9:F2:50:FD",
        "ssid": "ClickShare-1863086266",
        "oui": "24:B2:B9",
        "channel": 36,
        "encryption": "wpa2",
        "firsttime": "2026-07-10T15:00:00.000Z",
        "lasttime": "2026-07-10T16:00:00.000Z",
        "city": "S\u00e3o Paulo",
        "region": "S\u00e3o Paulo",
        "country": "BR",
        "road": "Rua Conselheiro Brotero",
        "postalcode": "01154-000"
      }
    },
    {
      "type": "Feature",
      "geometry": {
        "type": "Point",
        "coordinates": [
          -97.16090393,
          49.88021469
        ]
      },
      "properties": {
        "netid": "24:B2:B9:F2:51:2D",
        "ssid": "ClickShare-1863086244",
        "oui": "24:B2:B9",
        "channel": 36,
        "encryption": "wpa2",
        "firsttime": "2026-02-02T01:00:00.000Z",
        "lasttime": "2026-07-14T23:00:00.000Z",
        "city": "Winnipeg",
        "region": "Manitoba",
        "country": "CA",
        "road": "Cornish Avenue",
        "postalcode": "R3C 2B3"
      }
    },
    {
      "type": "Feature",
      "geometry": {
        "type": "Point",
        "coordinates": [
          -81.66265869,
          41.51451492
        ]
      },
      "properties": {
        "netid": "24:B2:B9:F2:51:CF",
        "ssid": "Clickshare-CR3",
        "oui": "24:B2:B9",
        "channel": 36,
        "encryption": "wpa2",
        "firsttime": "2026-06-09T17:00:00.000Z",
        "lasttime": "2026-06-11T10:00:00.000Z",
        "city": "Cleveland",
        "region": "OH",
        "country": "US",
        "road": "East 40th Street",
        "postalcode": "44115"
      }
    },
    {
      "type": "Feature",
      "geometry": {
        "type": "Point",
        "coordinates": [
          -73.76908875,
          45.67972946
        ]
      },
      "properties": {
        "netid": "24:B2:B9:F2:51:D3",
        "ssid": "ClickShare-Salle Aumont",
        "oui": "24:B2:B9",
        "channel": 1,
        "encryption": "wpa2",
        "firsttime": "2026-02-26T15:00:00.000Z",
        "lasttime": "2026-02-26T13:00:00.000Z",
        "city": null,
        "region": "Qu\u00e9bec",
        "country": "CA",
        "road": "Boulevard Industriel",
        "postalcode": "J6Z 4W4"
      }
    },
    {
      "type": "Feature",
      "geometry": {
        "type": "Point",
        "coordinates": [
          -96.85029602,
          32.81066513
        ]
      },
      "properties": {
        "netid": "24:B2:B9:F2:52:09",
        "ssid": "ClickShare-1863089962",
        "oui": "24:B2:B9",
        "channel": 36,
        "encryption": "wpa2",
        "firsttime": "2026-07-16T23:00:00.000Z",
        "lasttime": "2026-07-17T23:00:00.000Z",
        "city": "Dallas",
        "region": "TX",
        "country": "US",
        "road": "North Stemmons Freeway",
        "postalcode": "75247"
      }
    },
    {
      "type": "Feature",
      "geometry": {
        "type": "Point",
        "coordinates": [
          -83.71930695,
          33.99128723
        ]
      },
      "properties": {
        "netid": "24:B2:B9:F2:52:0B",
        "ssid": "ClickShare-1863090815",
        "oui": "24:B2:B9",
        "channel": 36,
        "encryption": "wpa2",
        "firsttime": "2026-04-08T18:00:00.000Z",
        "lasttime": "2026-04-08T16:00:00.000Z",
        "city": null,
        "region": "GA",
        "country": "US",
        "road": "East Athens Street",
        "postalcode": "30680"
      }
    },
    {
      "type": "Feature",
      "geometry": {
        "type": "Point",
        "coordinates": [
          -92.17246246,
          38.57686996
        ]
      },
      "properties": {
        "netid": "24:B2:B9:F2:52:5D",
        "ssid": "ClickShare-Side Office",
        "oui": "24:B2:B9",
        "channel": 36,
        "encryption": "wpa2",
        "firsttime": "2026-07-13T00:00:00.000Z",
        "lasttime": "2026-07-12T17:00:00.000Z",
        "city": "Jefferson City",
        "region": "MO",
        "country": "US",
        "road": "East High Street",
        "postalcode": "65102"
      }
    },
    {
      "type": "Feature",
      "geometry": {
        "type": "Point",
        "coordinates": [
          -116.39084625,
          33.72037888
        ]
      },
      "properties": {
        "netid": "24:B2:B9:F2:52:6F",
        "ssid": "ClickShare-032611",
        "oui": "24:B2:B9",
        "channel": 36,
        "encryption": "wpa2",
        "firsttime": "2026-06-18T15:00:00.000Z",
        "lasttime": "2026-08-06T09:00:00.000Z",
        "city": null,
        "region": "CA",
        "country": "US",
        "road": "Pines To Palms Highway",
        "postalcode": "92260-4381"
      }
    },
    {
      "type": "Feature",
      "geometry": {
        "type": "Point",
        "coordinates": [
          -96.71228027,
          32.97449875
        ]
      },
      "properties": {
        "netid": "24:B2:B9:F2:52:93",
        "ssid": "ClickShare-StudioV",
        "oui": "24:B2:B9",
        "channel": 36,
        "encryption": "wpa2",
        "firsttime": "2026-03-20T23:00:00.000Z",
        "lasttime": "2026-05-29T14:00:00.000Z",
        "city": "Richardson",
        "region": "TX",
        "country": "US",
        "road": "North Greenville Avenue",
        "postalcode": "75080:75081"
      }
    },
    {
      "type": "Feature",
      "geometry": {
        "type": "Point",
        "coordinates": [
          -117.93370056,
          34.12482452
        ]
      },
      "properties": {
        "netid": "24:B2:B9:F2:52:95",
        "ssid": null,
        "oui": "24:B2:B9",
        "channel": 36,
        "encryption": "wpa2",
        "firsttime": "2026-07-21T23:00:00.000Z",
        "lasttime": "2026-07-21T20:00:00.000Z",
        "city": "Irwindale",
        "region": "CA",
        "country": "US",
        "road": "North Irwindale Avenue",
        "postalcode": "91702"
      }
    },
    {
      "type": "Feature",
      "geometry": {
        "type": "Point",
        "coordinates": [
          -82.89743042,
          42.55935669
        ]
      },
      "properties": {
        "netid": "24:B2:B9:F2:53:5F",
        "ssid": "ClickShare-Meeting Room",
        "oui": "24:B2:B9",
        "channel": 36,
        "encryption": "wpa2",
        "firsttime": "2026-07-26T20:00:00.000Z",
        "lasttime": "2026-07-26T18:00:00.000Z",
        "city": "Clinton Township",
        "region": "MI",
        "country": "US",
        "road": "Gratiot Avenue",
        "postalcode": "48036"
      }
    },
    {
      "type": "Feature",
      "geometry": {
        "type": "Point",
        "coordinates": [
          -86.77877045,
          36.16760635
        ]
      },
      "properties": {
        "netid": "24:B2:B9:F2:53:A5",
        "ssid": "ClickShare-1863091099",
        "oui": "24:B2:B9",
        "channel": 36,
        "encryption": "wpa2",
        "firsttime": "2026-06-29T00:00:00.000Z",
        "lasttime": "2026-06-28T18:00:00.000Z",
        "city": "Nashville-Davidson",
        "region": "TN",
        "country": "US",
        "road": "James Robertson Parkway",
        "postalcode": "37201"
      }
    },
    {
      "type": "Feature",
      "geometry": {
        "type": "Point",
        "coordinates": [
          -82.75533295,
          41.4419899
        ]
      },
      "properties": {
        "netid": "24:B2:B9:F2:54:0F",
        "ssid": "ClickShare-1863090128",
        "oui": "24:B2:B9",
        "channel": 36,
        "encryption": "wpa2",
        "firsttime": "2026-07-27T16:00:00.000Z",
        "lasttime": "2026-07-27T09:00:00.000Z",
        "city": "Sandusky",
        "region": "OH",
        "country": "US",
        "road": "Venice Road",
        "postalcode": "44870"
      }
    },
    {
      "type": "Feature",
      "geometry": {
        "type": "Point",
        "coordinates": [
          -96.84955597,
          32.81032181
        ]
      },
      "properties": {
        "netid": "24:B2:B9:F2:54:15",
        "ssid": "ClickShare-1863090079",
        "oui": "24:B2:B9",
        "channel": 36,
        "encryption": "wpa2",
        "firsttime": "2026-04-02T00:00:00.000Z",
        "lasttime": "2026-08-01T19:00:00.000Z",
        "city": "Dallas",
        "region": "TX",
        "country": "US",
        "road": "North Stemmons Freeway",
        "postalcode": "75207"
      }
    },
    {
      "type": "Feature",
      "geometry": {
        "type": "Point",
        "coordinates": [
          -97.09317017,
          32.93366241
        ]
      },
      "properties": {
        "netid": "24:B2:B9:F2:54:1F",
        "ssid": "ClickShare-Suite 130 Conf ",
        "oui": "24:B2:B9",
        "channel": 36,
        "encryption": "wpa2",
        "firsttime": "2026-08-07T00:00:00.000Z",
        "lasttime": "2026-08-07T08:00:00.000Z",
        "city": null,
        "region": "TX",
        "country": "US",
        "road": "West College Street",
        "postalcode": "76051"
      }
    },
    {
      "type": "Feature",
      "geometry": {
        "type": "Point",
        "coordinates": [
          -71.22579956,
          42.48912048
        ]
      },
      "properties": {
        "netid": "24:B2:B9:F2:54:63",
        "ssid": "ClickShare-Palmar",
        "oui": "24:B2:B9",
        "channel": 36,
        "encryption": "wpa2",
        "firsttime": "2026-06-09T13:00:00.000Z",
        "lasttime": "2026-06-22T13:00:00.000Z",
        "city": null,
        "region": "MA",
        "country": "US",
        "road": "Third Avenue",
        "postalcode": "01803"
      }
    },
    {
      "type": "Feature",
      "geometry": {
        "type": "Point",
        "coordinates": [
          -71.22583008,
          42.48902893
        ]
      },
      "properties": {
        "netid": "24:B2:B9:F2:54:9D",
        "ssid": "ClickShare-Pedal",
        "oui": "24:B2:B9",
        "channel": 36,
        "encryption": "wpa2",
        "firsttime": "2026-06-09T13:00:00.000Z",
        "lasttime": "2026-06-22T13:00:00.000Z",
        "city": null,
        "region": "MA",
        "country": "US",
        "road": "Third Avenue",
        "postalcode": "01803"
      }
    },
    {
      "type": "Feature",
      "geometry": {
        "type": "Point",
        "coordinates": [
          -71.22514343,
          42.48904037
        ]
      },
      "properties": {
        "netid": "24:B2:B9:F2:54:B1",
        "ssid": "ClickShare-Peroneal",
        "oui": "24:B2:B9",
        "channel": 36,
        "encryption": "wpa2",
        "firsttime": "2026-06-09T13:00:00.000Z",
        "lasttime": "2026-06-09T07:00:00.000Z",
        "city": null,
        "region": "MA",
        "country": "US",
        "road": "Third Avenue",
        "postalcode": "01803"
      }
    },
    {
      "type": "Feature",
      "geometry": {
        "type": "Point",
        "coordinates": [
          -79.80430603,
          32.85240173
        ]
      },
      "properties": {
        "netid": "24:B2:B9:F2:54:D7",
        "ssid": "ClickShare-1863090244",
        "oui": "24:B2:B9",
        "channel": 36,
        "encryption": "wpa2",
        "firsttime": "2026-05-10T20:00:00.000Z",
        "lasttime": "2026-08-04T12:00:00.000Z",
        "city": null,
        "region": "SC",
        "country": "US",
        "road": "North US Highway 17",
        "postalcode": "29466"
      }
    },
    {
      "type": "Feature",
      "geometry": {
        "type": "Point",
        "coordinates": [
          6.5881052,
          46.40135574
        ]
      },
      "properties": {
        "netid": "24:B2:B9:F2:55:13",
        "ssid": "ClickShare-1862714238",
        "oui": "24:B2:B9",
        "channel": 36,
        "encryption": "wpa2",
        "firsttime": "2026-07-31T09:00:00.000Z",
        "lasttime": "2026-07-31T05:00:00.000Z",
        "city": null,
        "region": "Auvergne-Rh\u00f4ne-Alpes",
        "country": "FR",
        "road": "Place de l'\u00c9glise",
        "postalcode": "74500"
      }
    },
    {
      "type": "Feature",
      "geometry": {
        "type": "Point",
        "coordinates": [
          2.29369855,
          48.87119675
        ]
      },
      "properties": {
        "netid": "24:B2:B9:F2:55:29",
        "ssid": "ClickShare-1862714024",
        "oui": "24:B2:B9",
        "channel": 36,
        "encryption": "wpa2",
        "firsttime": "2026-03-18T12:00:00.000Z",
        "lasttime": "2026-05-31T02:00:00.000Z",
        "city": "Paris",
        "region": "\u00cele-de-France",
        "country": "FR",
        "road": "Avenue des Portugais",
        "postalcode": "75116"
      }
    },
    {
      "type": "Feature",
      "geometry": {
        "type": "Point",
        "coordinates": [
          25.67778015,
          60.4022522
        ]
      },
      "properties": {
        "netid": "24:B2:B9:F2:55:6B",
        "ssid": "ClickShare-1862713900",
        "oui": "24:B2:B9",
        "channel": 36,
        "encryption": "wpa2",
        "firsttime": "2026-05-29T17:00:00.000Z",
        "lasttime": "2026-05-29T10:00:00.000Z",
        "city": null,
        "region": "Manner-Suomi",
        "country": "FI",
        "road": "Mestarintie",
        "postalcode": "06150"
      }
    },
    {
      "type": "Feature",
      "geometry": {
        "type": "Point",
        "coordinates": [
          9.37295246,
          47.42157364
        ]
      },
      "properties": {
        "netid": "24:B2:B9:F2:55:E3",
        "ssid": "ClickShare-GO323",
        "oui": "24:B2:B9",
        "channel": 44,
        "encryption": "wpa2",
        "firsttime": "2026-05-25T12:00:00.000Z",
        "lasttime": "2026-05-25T20:00:00.000Z",
        "city": "Sankt Gallen",
        "region": "Sankt Gallen",
        "country": "CH",
        "road": "Kornhausstrasse",
        "postalcode": "9000"
      }
    },
    {
      "type": "Feature",
      "geometry": {
        "type": "Point",
        "coordinates": [
          12.58110428,
          55.68469238
        ]
      },
      "properties": {
        "netid": "24:B2:B9:F2:55:E5",
        "ssid": "ClickShare-Glasburet",
        "oui": "24:B2:B9",
        "channel": 36,
        "encryption": "wpa2",
        "firsttime": "2026-06-09T16:00:00.000Z",
        "lasttime": "2026-06-09T13:00:00.000Z",
        "city": "K\u00f8benhavn",
        "region": "Region Hovedstaden",
        "country": "DK",
        "road": "Damegangen",
        "postalcode": "1121"
      }
    },
    {
      "type": "Feature",
      "geometry": {
        "type": "Point",
        "coordinates": [
          2.30954576,
          48.87472534
        ]
      },
      "properties": {
        "netid": "24:B2:B9:F2:55:F7",
        "ssid": null,
        "oui": "24:B2:B9",
        "channel": 36,
        "encryption": "wpa2",
        "firsttime": "2026-03-18T12:00:00.000Z",
        "lasttime": "2026-04-22T09:00:00.000Z",
        "city": "Paris",
        "region": "\u00cele-de-France",
        "country": "FR",
        "road": "Rue de Courcelles",
        "postalcode": "75008"
      }
    },
    {
      "type": "Feature",
      "geometry": {
        "type": "Point",
        "coordinates": [
          -70.25504303,
          43.65697479
        ]
      },
      "properties": {
        "netid": "24:B2:B9:F2:56:27",
        "ssid": "Perkins Thompson-Room 804",
        "oui": "24:B2:B9",
        "channel": 11,
        "encryption": "wpa2",
        "firsttime": "2026-07-18T17:00:00.000Z",
        "lasttime": "2026-07-18T11:00:00.000Z",
        "city": "Portland",
        "region": "ME",
        "country": "US",
        "road": "Canal Plaza",
        "postalcode": "04101"
      }
    },
    {
      "type": "Feature",
      "geometry": {
        "type": "Point",
        "coordinates": [
          -121.95304108,
          37.4961853
        ]
      },
      "properties": {
        "netid": "24:B2:B9:F2:56:BF",
        "ssid": "ClickShare-Conference Room",
        "oui": "24:B2:B9",
        "channel": 36,
        "encryption": "wpa2",
        "firsttime": "2026-08-07T04:00:00.000Z",
        "lasttime": "2026-08-06T22:00:00.000Z",
        "city": "Fremont",
        "region": "CA",
        "country": "US",
        "road": "Nimitz Freeway",
        "postalcode": "94538"
      }
    },
    {
      "type": "Feature",
      "geometry": {
        "type": "Point",
        "coordinates": [
          -86.22260284,
          43.25159454
        ]
      },
      "properties": {
        "netid": "24:B2:B9:F2:56:CF",
        "ssid": "ClickShare-1863088613",
        "oui": "24:B2:B9",
        "channel": 36,
        "encryption": "wpa2",
        "firsttime": "2026-07-31T15:00:00.000Z",
        "lasttime": "2026-07-31T10:00:00.000Z",
        "city": null,
        "region": "MI",
        "country": "US",
        "road": null,
        "postalcode": "49442"
      }
    },
    {
      "type": "Feature",
      "geometry": {
        "type": "Point",
        "coordinates": [
          -82.52778625,
          34.63713837
        ]
      },
      "properties": {
        "netid": "24:B2:B9:F2:57:0F",
        "ssid": "ClickShare-HBC-W",
        "oui": "24:B2:B9",
        "channel": 36,
        "encryption": "wpa2",
        "firsttime": "2026-05-31T17:00:00.000Z",
        "lasttime": "2026-07-13T18:00:00.000Z",
        "city": null,
        "region": "SC",
        "country": "US",
        "road": "US 29",
        "postalcode": "29697"
      }
    },
    {
      "type": "Feature",
      "geometry": {
        "type": "Point",
        "coordinates": [
          -95.46110535,
          29.71110725
        ]
      },
      "properties": {
        "netid": "24:B2:B9:F2:57:1D",
        "ssid": "ClickShare-1863086656",
        "oui": "24:B2:B9",
        "channel": 36,
        "encryption": "wpa2",
        "firsttime": "2026-07-27T00:00:00.000Z",
        "lasttime": "2026-07-28T14:00:00.000Z",
        "city": "Bellaire",
        "region": "TX",
        "country": "US",
        "road": "Bissonnet Street",
        "postalcode": "77099"
      }
    },
    {
      "type": "Feature",
      "geometry": {
        "type": "Point",
        "coordinates": [
          -83.21360779,
          42.54443359
        ]
      },
      "properties": {
        "netid": "24:B2:B9:F2:57:33",
        "ssid": "ClickShare-2",
        "oui": "24:B2:B9",
        "channel": 40,
        "encryption": "wpa2",
        "firsttime": "2026-04-15T13:00:00.000Z",
        "lasttime": "2026-04-15T20:00:00.000Z",
        "city": null,
        "region": "MI",
        "country": "US",
        "road": "East Brown Street",
        "postalcode": "48009"
      }
    },
    {
      "type": "Feature",
      "geometry": {
        "type": "Point",
        "coordinates": [
          -94.58356476,
          39.09332275
        ]
      },
      "properties": {
        "netid": "24:B2:B9:F2:57:49",
        "ssid": "KC Hub Clickshare",
        "oui": "24:B2:B9",
        "channel": 36,
        "encryption": "wpa2",
        "firsttime": "2026-03-29T07:00:00.000Z",
        "lasttime": "2026-05-18T19:00:00.000Z",
        "city": "Kansas City",
        "region": "MO",
        "country": "US",
        "road": "Main Street",
        "postalcode": "64108"
      }
    },
    {
      "type": "Feature",
      "geometry": {
        "type": "Point",
        "coordinates": [
          -82.12874603,
          29.1870079
        ]
      },
      "properties": {
        "netid": "24:B2:B9:F2:57:7D",
        "ssid": null,
        "oui": "24:B2:B9",
        "channel": 36,
        "encryption": "wpa2",
        "firsttime": "2026-06-29T15:00:00.000Z",
        "lasttime": "2026-07-22T14:00:00.000Z",
        "city": "Ocala",
        "region": "FL",
        "country": "US",
        "road": "East Silver Springs Boulevard",
        "postalcode": "34471:34474"
      }
    },
    {
      "type": "Feature",
      "geometry": {
        "type": "Point",
        "coordinates": [
          -84.28991699,
          43.63970566
        ]
      },
      "properties": {
        "netid": "24:B2:B9:F2:57:8F",
        "ssid": "MI Room Clickshare",
        "oui": "24:B2:B9",
        "channel": 36,
        "encryption": "wpa2",
        "firsttime": "2026-06-19T21:00:00.000Z",
        "lasttime": "2026-06-30T13:00:00.000Z",
        "city": null,
        "region": "MI",
        "country": "US",
        "road": "Pere Marquette Rail-Trail",
        "postalcode": "48640"
      }
    },
    {
      "type": "Feature",
      "geometry": {
        "type": "Point",
        "coordinates": [
          -81.51728058,
          41.08390045
        ]
      },
      "properties": {
        "netid": "24:B2:B9:F2:57:93",
        "ssid": "ClickShare-1863085717",
        "oui": "24:B2:B9",
        "channel": 36,
        "encryption": "wpa2",
        "firsttime": "2026-04-16T11:00:00.000Z",
        "lasttime": "2026-07-14T07:00:00.000Z",
        "city": "Akron",
        "region": "OH",
        "country": "US",
        "road": "South Main Street",
        "postalcode": "44308"
      }
    },
    {
      "type": "Feature",
      "geometry": {
        "type": "Point",
        "coordinates": [
          4.3613472,
          50.84555054
        ]
      },
      "properties": {
        "netid": "24:B2:B9:F2:57:C1",
        "ssid": "ClickShare-Guillemins",
        "oui": "24:B2:B9",
        "channel": 36,
        "encryption": "wpa2",
        "firsttime": "2026-05-07T07:00:00.000Z",
        "lasttime": "2026-07-21T16:00:00.000Z",
        "city": "Bruxelles - Brussel",
        "region": "R\u00e9gion de Bruxelles-Capitale - Brussels Hoofdstedelijk Gewest",
        "country": "BE",
        "road": "Rue Montagne du Parc - Warandeberg",
        "postalcode": "1000"
      }
    },
    {
      "type": "Feature",
      "geometry": {
        "type": "Point",
        "coordinates": [
          8.46410751,
          51.97024536
        ]
      },
      "properties": {
        "netid": "24:B2:B9:F2:58:37",
        "ssid": "Besprechungsraum-klein",
        "oui": "24:B2:B9",
        "channel": 36,
        "encryption": "wpa2",
        "firsttime": "2026-06-04T12:00:00.000Z",
        "lasttime": "2026-06-04T10:00:00.000Z",
        "city": "Bielefeld",
        "region": "Nordrhein-Westfalen",
        "country": "DE",
        "road": "G\u00fctersloher Stra\u00dfe",
        "postalcode": "33649"
      }
    },
    {
      "type": "Feature",
      "geometry": {
        "type": "Point",
        "coordinates": [
          2.44587851,
          48.72931671
        ]
      },
      "properties": {
        "netid": "24:B2:B9:F2:58:85",
        "ssid": "ClickShare-1862712778",
        "oui": "24:B2:B9",
        "channel": 36,
        "encryption": "wpa2",
        "firsttime": "2026-03-23T05:00:00.000Z",
        "lasttime": "2026-08-07T09:00:00.000Z",
        "city": null,
        "region": "\u00cele-de-France",
        "country": "FR",
        "road": "Rue du Pont de la Gendarmerie",
        "postalcode": "94190"
      }
    },
    {
      "type": "Feature",
      "geometry": {
        "type": "Point",
        "coordinates": [
          17.63673782,
          59.84891129
        ]
      },
      "properties": {
        "netid": "24:B2:B9:F2:58:99",
        "ssid": "ClickShare-1862709853",
        "oui": "24:B2:B9",
        "channel": 36,
        "encryption": "wpa2",
        "firsttime": "2026-04-17T15:00:00.000Z",
        "lasttime": "2026-04-17T09:00:00.000Z",
        "city": "Uppsala",
        "region": "Uppsala l\u00e4n",
        "country": "SE",
        "road": "Dag Hammarskj\u00f6lds v\u00e4g",
        "postalcode": "752 37"
      }
    },
    {
      "type": "Feature",
      "geometry": {
        "type": "Point",
        "coordinates": [
          -0.18932499,
          51.1190834
        ]
      },
      "properties": {
        "netid": "24:B2:B9:F2:58:CF",
        "ssid": "ClickShare-1862712432",
        "oui": "24:B2:B9",
        "channel": 36,
        "encryption": "wpa2",
        "firsttime": "2026-02-13T19:00:00.000Z",
        "lasttime": "2026-02-13T11:00:00.000Z",
        "city": null,
        "region": "England",
        "country": "GB",
        "road": "Ifield Avenue",
        "postalcode": "RH10 8LR"
      }
    },
    {
      "type": "Feature",
      "geometry": {
        "type": "Point",
        "coordinates": [
          13.00975037,
          55.60248947
        ]
      },
      "properties": {
        "netid": "24:B2:B9:F2:59:07",
        "ssid": "ClickShare-1862712359",
        "oui": "24:B2:B9",
        "channel": 36,
        "encryption": "wpa2",
        "firsttime": "2026-04-18T06:00:00.000Z",
        "lasttime": "2026-04-18T00:00:00.000Z",
        "city": "Malm\u00f6",
        "region": "Sk\u00e5ne l\u00e4n",
        "country": "SE",
        "road": "Brandm\u00e4staregatan",
        "postalcode": "202 15"
      }
    },
    {
      "type": "Feature",
      "geometry": {
        "type": "Point",
        "coordinates": [
          4.40148211,
          50.82196426
        ]
      },
      "properties": {
        "netid": "24:B2:B9:F2:59:29",
        "ssid": "ClickShare-ARP-GAN",
        "oui": "24:B2:B9",
        "channel": 36,
        "encryption": "wpa2",
        "firsttime": "2026-04-02T14:00:00.000Z",
        "lasttime": "2026-04-27T10:00:00.000Z",
        "city": null,
        "region": "R\u00e9gion de Bruxelles-Capitale - Brussels Hoofdstedelijk Gewest",
        "country": "BE",
        "road": "Boulevard du Triomphe - Triomflaan",
        "postalcode": "1050"
      }
    },
    {
      "type": "Feature",
      "geometry": {
        "type": "Point",
        "coordinates": [
          -3.68790507,
          40.41988754
        ]
      },
      "properties": {
        "netid": "24:B2:B9:F2:59:71",
        "ssid": "IP1-SALA-2",
        "oui": "24:B2:B9",
        "channel": 36,
        "encryption": "wpa2",
        "firsttime": "2026-03-22T14:00:00.000Z",
        "lasttime": "2026-08-05T08:00:00.000Z",
        "city": "Madrid",
        "region": "Comunidad de Madrid",
        "country": "ES",
        "road": "Calle de Alcal\u00e1",
        "postalcode": "28009"
      }
    },
    {
      "type": "Feature",
      "geometry": {
        "type": "Point",
        "coordinates": [
          5.26981115,
          59.41320419
        ]
      },
      "properties": {
        "netid": "24:B2:B9:F2:59:9B",
        "ssid": "ClickShare - Meglerhuset Rele",
        "oui": "24:B2:B9",
        "channel": 36,
        "encryption": "wpa2",
        "firsttime": "2026-07-09T11:00:00.000Z",
        "lasttime": "2026-07-09T06:00:00.000Z",
        "city": "Haugesund",
        "region": "Rogaland",
        "country": "NO",
        "road": "Kaigata",
        "postalcode": "5527"
      }
    },
    {
      "type": "Feature",
      "geometry": {
        "type": "Point",
        "coordinates": [
          -77.04252625,
          38.91263962
        ]
      },
      "properties": {
        "netid": "24:B2:B9:F2:5A:15",
        "ssid": "ClickShare-1863085849",
        "oui": "24:B2:B9",
        "channel": 36,
        "encryption": "wpa2",
        "firsttime": "2026-05-26T15:00:00.000Z",
        "lasttime": "2026-07-29T17:00:00.000Z",
        "city": "Washington",
        "region": "DC",
        "country": "US",
        "road": "R Street Northwest",
        "postalcode": "20009-5540"
      }
    },
    {
      "type": "Feature",
      "geometry": {
        "type": "Point",
        "coordinates": [
          -75.71389771,
          45.42621994
        ]
      },
      "properties": {
        "netid": "24:B2:B9:F2:5A:21",
        "ssid": "ClickShare - Room B8003",
        "oui": "24:B2:B9",
        "channel": 36,
        "encryption": "wpa2",
        "firsttime": "2026-06-23T17:00:00.000Z",
        "lasttime": "2026-06-23T12:00:00.000Z",
        "city": "Gatineau",
        "region": "Qu\u00e9bec",
        "country": "CA",
        "road": "Boulevard Maisonneuve",
        "postalcode": "J8X 4B7"
      }
    },
    {
      "type": "Feature",
      "geometry": {
        "type": "Point",
        "coordinates": [
          -117.16731262,
          32.71696472
        ]
      },
      "properties": {
        "netid": "24:B2:B9:F2:5A:45",
        "ssid": "ClickShare-Gra-Jur-Conf-Rm-860",
        "oui": "24:B2:B9",
        "channel": 161,
        "encryption": "wpa2",
        "firsttime": "2026-04-27T11:00:00.000Z",
        "lasttime": "2026-04-29T13:00:00.000Z",
        "city": "San Diego",
        "region": "CA",
        "country": "US",
        "road": "Columbia Street",
        "postalcode": "92101"
      }
    },
    {
      "type": "Feature",
      "geometry": {
        "type": "Point",
        "coordinates": [
          -95.42481995,
          29.73698425
        ]
      },
      "properties": {
        "netid": "24:B2:B9:F2:5A:53",
        "ssid": "ClickShare-1863085926",
        "oui": "24:B2:B9",
        "channel": 36,
        "encryption": "wpa2",
        "firsttime": "2026-05-29T20:00:00.000Z",
        "lasttime": "2026-05-30T15:00:00.000Z",
        "city": "Houston",
        "region": "TX",
        "country": "US",
        "road": "Eastside Street",
        "postalcode": "77098"
      }
    },
    {
      "type": "Feature",
      "geometry": {
        "type": "Point",
        "coordinates": [
          -73.66464233,
          45.49217606
        ]
      },
      "properties": {
        "netid": "24:B2:B9:F2:5A:5F",
        "ssid": "ClickShare-1863086314",
        "oui": "24:B2:B9",
        "channel": 36,
        "encryption": "wep",
        "firsttime": "2026-03-05T02:00:00.000Z",
        "lasttime": "2026-03-06T16:00:00.000Z",
        "city": "Montr\u00e9al",
        "region": "Qu\u00e9bec",
        "country": "CA",
        "road": "Rue Ferrier",
        "postalcode": "H4P 1L9"
      }
    },
    {
      "type": "Feature",
      "geometry": {
        "type": "Point",
        "coordinates": [
          -71.51764679,
          42.29260635
        ]
      },
      "properties": {
        "netid": "24:B2:B9:F2:5A:8F",
        "ssid": "ClickShare-CordavilleRoom",
        "oui": "24:B2:B9",
        "channel": 36,
        "encryption": "wpa2",
        "firsttime": "2026-05-13T12:00:00.000Z",
        "lasttime": "2026-08-04T17:00:00.000Z",
        "city": null,
        "region": "MA",
        "country": "US",
        "road": "Turnpike Road",
        "postalcode": "01721-1100"
      }
    },
    {
      "type": "Feature",
      "geometry": {
        "type": "Point",
        "coordinates": [
          -76.84764099,
          39.20788956
        ]
      },
      "properties": {
        "netid": "24:B2:B9:F2:5A:D1",
        "ssid": "ClickShare-1863085780",
        "oui": "24:B2:B9",
        "channel": 36,
        "encryption": "wpa2",
        "firsttime": "2026-04-27T16:00:00.000Z",
        "lasttime": "2026-04-29T03:00:00.000Z",
        "city": "Columbia",
        "region": "MD",
        "country": "US",
        "road": "Santiago Road",
        "postalcode": "21045"
      }
    },
    {
      "type": "Feature",
      "geometry": {
        "type": "Point",
        "coordinates": [
          7.43096733,
          46.94167709
        ]
      },
      "properties": {
        "netid": "24:B2:B9:F2:5B:1D",
        "ssid": "ClickShare-Minor",
        "oui": "24:B2:B9",
        "channel": 11,
        "encryption": "wpa2",
        "firsttime": "2026-02-21T17:00:00.000Z",
        "lasttime": "2026-07-12T10:00:00.000Z",
        "city": "Bern",
        "region": "Bern/Berne",
        "country": "CH",
        "road": "Belpstrasse",
        "postalcode": "3007"
      }
    },
    {
      "type": "Feature",
      "geometry": {
        "type": "Point",
        "coordinates": [
          -81.03407288,
          34.00281525
        ]
      },
      "properties": {
        "netid": "24:B2:B9:F2:5C:2B",
        "ssid": "ClickShare-Rm401",
        "oui": "24:B2:B9",
        "channel": 36,
        "encryption": "wpa2",
        "firsttime": "2026-07-05T22:00:00.000Z",
        "lasttime": "2026-08-07T10:00:00.000Z",
        "city": "Columbia",
        "region": "SC",
        "country": "US",
        "road": "Main Street",
        "postalcode": "29201"
      }
    },
    {
      "type": "Feature",
      "geometry": {
        "type": "Point",
        "coordinates": [
          -112.17105865,
          33.45112991
        ]
      },
      "properties": {
        "netid": "24:B2:B9:F2:5C:79",
        "ssid": "ClickShare-1863087016",
        "oui": "24:B2:B9",
        "channel": 36,
        "encryption": "wpa2",
        "firsttime": "2026-03-30T22:00:00.000Z",
        "lasttime": "2026-04-07T07:00:00.000Z",
        "city": "Phoenix",
        "region": "AZ",
        "country": "US",
        "road": "West Van Buren Street",
        "postalcode": "85035"
      }
    },
    {
      "type": "Feature",
      "geometry": {
        "type": "Point",
        "coordinates": [
          -81.64793396,
          41.39565659
        ]
      },
      "properties": {
        "netid": "24:B2:B9:F2:5C:7F",
        "ssid": "WLM-AECMEET-101",
        "oui": "24:B2:B9",
        "channel": 36,
        "encryption": "wpa2",
        "firsttime": "2026-06-24T20:00:00.000Z",
        "lasttime": "2026-06-25T18:00:00.000Z",
        "city": null,
        "region": "OH",
        "country": "US",
        "road": "Rockside Road",
        "postalcode": "44131"
      }
    },
    {
      "type": "Feature",
      "geometry": {
        "type": "Point",
        "coordinates": [
          -96.0238266,
          41.25227737
        ]
      },
      "properties": {
        "netid": "24:B2:B9:F2:5C:A5",
        "ssid": "ClickShare-Oasis",
        "oui": "24:B2:B9",
        "channel": 36,
        "encryption": "wpa2",
        "firsttime": "2026-05-11T15:00:00.000Z",
        "lasttime": "2026-07-16T18:00:00.000Z",
        "city": "Omaha",
        "region": "NE",
        "country": "US",
        "road": "South 72nd Street",
        "postalcode": "68114"
      }
    },
    {
      "type": "Feature",
      "geometry": {
        "type": "Point",
        "coordinates": [
          -86.35610962,
          39.94998169
        ]
      },
      "properties": {
        "netid": "24:B2:B9:F2:5D:AD",
        "ssid": "ClickShare-1863086809",
        "oui": "24:B2:B9",
        "channel": 36,
        "encryption": "wpa2",
        "firsttime": "2025-12-19T01:00:00.000Z",
        "lasttime": "2026-04-11T22:00:00.000Z",
        "city": null,
        "region": "IN",
        "country": "US",
        "road": "Perry Worth Road",
        "postalcode": "46075"
      }
    },
    {
      "type": "Feature",
      "geometry": {
        "type": "Point",
        "coordinates": [
          -83.04504395,
          42.32891846
        ]
      },
      "properties": {
        "netid": "24:B2:B9:F2:5E:8F",
        "ssid": "ClickShare - CR 701 Chambers",
        "oui": "24:B2:B9",
        "channel": 36,
        "encryption": "wpa2",
        "firsttime": "2026-03-24T16:00:00.000Z",
        "lasttime": "2026-07-18T10:00:00.000Z",
        "city": "Detroit",
        "region": "MI",
        "country": "US",
        "road": "Spirit of Detroit Plaza",
        "postalcode": "48226-4449"
      }
    },
    {
      "type": "Feature",
      "geometry": {
        "type": "Point",
        "coordinates": [
          -77.04021454,
          38.90560532
        ]
      },
      "properties": {
        "netid": "24:B2:B9:F2:5E:91",
        "ssid": "Conference 305/306",
        "oui": "24:B2:B9",
        "channel": 36,
        "encryption": "wpa2",
        "firsttime": "2026-06-09T21:00:00.000Z",
        "lasttime": "2026-07-26T18:00:00.000Z",
        "city": "Washington",
        "region": "DC",
        "country": "US",
        "road": "M Street Northwest",
        "postalcode": "20007"
      }
    },
    {
      "type": "Feature",
      "geometry": {
        "type": "Point",
        "coordinates": [
          -117.77323151,
          33.66028595
        ]
      },
      "properties": {
        "netid": "24:B2:B9:F2:5E:9D",
        "ssid": "ClickShare-1863087893",
        "oui": "24:B2:B9",
        "channel": 36,
        "encryption": "wpa2",
        "firsttime": "2026-06-09T22:00:00.000Z",
        "lasttime": "2026-06-24T14:00:00.000Z",
        "city": "Irvine",
        "region": "CA",
        "country": "US",
        "road": "Sand Canyon Avenue",
        "postalcode": "92618"
      }
    },
    {
      "type": "Feature",
      "geometry": {
        "type": "Point",
        "coordinates": [
          11.40923691,
          48.14052963
        ]
      },
      "properties": {
        "netid": "24:B2:B9:F2:5F:33",
        "ssid": "ClickShare-1862718989",
        "oui": "24:B2:B9",
        "channel": 36,
        "encryption": "wpa2",
        "firsttime": "2026-06-05T15:00:00.000Z",
        "lasttime": "2026-06-05T12:00:00.000Z",
        "city": "M\u00fcnchen",
        "region": "Bayern",
        "country": "DE",
        "road": "Bodenseestra\u00dfe",
        "postalcode": "81249"
      }
    },
    {
      "type": "Feature",
      "geometry": {
        "type": "Point",
        "coordinates": [
          8.50998688,
          47.17380905
        ]
      },
      "properties": {
        "netid": "24:B2:B9:F2:5F:35",
        "ssid": "ClickShare-ZUPO-E006.00",
        "oui": "24:B2:B9",
        "channel": 36,
        "encryption": "wpa2",
        "firsttime": "2026-07-02T07:00:00.000Z",
        "lasttime": "2026-07-02T02:00:00.000Z",
        "city": null,
        "region": "Zug",
        "country": "CH",
        "road": "An der Aa",
        "postalcode": "6300"
      }
    },
    {
      "type": "Feature",
      "geometry": {
        "type": "Point",
        "coordinates": [
          -77.48809052,
          37.6036644
        ]
      },
      "properties": {
        "netid": "24:B2:B9:F2:60:13",
        "ssid": "ClickShare-1863087266",
        "oui": "24:B2:B9",
        "channel": 36,
        "encryption": "wpa2",
        "firsttime": "2026-05-23T18:00:00.000Z",
        "lasttime": "2026-07-28T15:00:00.000Z",
        "city": null,
        "region": "VA",
        "country": "US",
        "road": "Dumbarton Road",
        "postalcode": "23228"
      }
    },
    {
      "type": "Feature",
      "geometry": {
        "type": "Point",
        "coordinates": [
          -84.66358185,
          42.74110031
        ]
      },
      "properties": {
        "netid": "24:B2:B9:F2:60:15",
        "ssid": "ManagersOfficeClickShare",
        "oui": "24:B2:B9",
        "channel": 36,
        "encryption": "wpa2",
        "firsttime": "2026-04-30T09:00:00.000Z",
        "lasttime": "2026-05-02T11:00:00.000Z",
        "city": null,
        "region": "MI",
        "country": "US",
        "road": "West Saginaw Highway",
        "postalcode": "48917"
      }
    },
    {
      "type": "Feature",
      "geometry": {
        "type": "Point",
        "coordinates": [
          -77.60170746,
          43.15751266
        ]
      },
      "properties": {
        "netid": "24:B2:B9:F2:60:29",
        "ssid": "ClickShare-KH",
        "oui": "24:B2:B9",
        "channel": 36,
        "encryption": "wpa2",
        "firsttime": "2026-05-16T01:00:00.000Z",
        "lasttime": "2026-05-15T18:00:00.000Z",
        "city": "City of Rochester",
        "region": "NY",
        "country": "US",
        "road": "Gibbs Street",
        "postalcode": "14604"
      }
    },
    {
      "type": "Feature",
      "geometry": {
        "type": "Point",
        "coordinates": [
          -105.00148773,
          39.75152588
        ]
      },
      "properties": {
        "netid": "24:B2:B9:F2:60:55",
        "ssid": null,
        "oui": "24:B2:B9",
        "channel": 36,
        "encryption": "wpa2",
        "firsttime": "2026-01-28T23:00:00.000Z",
        "lasttime": "2026-07-28T15:00:00.000Z",
        "city": "Denver",
        "region": "CO",
        "country": "US",
        "road": "Wynkoop Street",
        "postalcode": "80202"
      }
    },
    {
      "type": "Feature",
      "geometry": {
        "type": "Point",
        "coordinates": [
          -95.45006561,
          29.74659538
        ]
      },
      "properties": {
        "netid": "24:B2:B9:F2:60:A7",
        "ssid": "ClickShare-Spindletop",
        "oui": "24:B2:B9",
        "channel": 36,
        "encryption": "wpa2",
        "firsttime": "2026-07-07T20:00:00.000Z",
        "lasttime": "2026-07-07T18:00:00.000Z",
        "city": "Houston",
        "region": "TX",
        "country": "US",
        "road": "San Felipe Street",
        "postalcode": "77027"
      }
    },
    {
      "type": "Feature",
      "geometry": {
        "type": "Point",
        "coordinates": [
          -95.46110535,
          29.71111107
        ]
      },
      "properties": {
        "netid": "24:B2:B9:F2:61:07",
        "ssid": "ClickShare-1863087950",
        "oui": "24:B2:B9",
        "channel": 36,
        "encryption": "wpa2",
        "firsttime": "2026-07-27T00:00:00.000Z",
        "lasttime": "2026-07-28T14:00:00.000Z",
        "city": "Bellaire",
        "region": "TX",
        "country": "US",
        "road": "Bissonnet Street",
        "postalcode": "77099"
      }
    },
    {
      "type": "Feature",
      "geometry": {
        "type": "Point",
        "coordinates": [
          -81.64974213,
          41.50455093
        ]
      },
      "properties": {
        "netid": "24:B2:B9:F2:61:49",
        "ssid": "ClickShare 3rd Fl Conf.",
        "oui": "24:B2:B9",
        "channel": 165,
        "encryption": "wpa2",
        "firsttime": "2026-06-14T13:00:00.000Z",
        "lasttime": "2026-06-14T08:00:00.000Z",
        "city": "Cleveland",
        "region": "OH",
        "country": "US",
        "road": "Euclid Avenue",
        "postalcode": "44103"
      }
    },
    {
      "type": "Feature",
      "geometry": {
        "type": "Point",
        "coordinates": [
          -73.74446106,
          45.57028198
        ]
      },
      "properties": {
        "netid": "24:B2:B9:F2:61:59",
        "ssid": "ClickShare-1863086280",
        "oui": "24:B2:B9",
        "channel": 36,
        "encryption": "wpa2",
        "firsttime": "2026-03-08T08:00:00.000Z",
        "lasttime": "2026-03-27T15:00:00.000Z",
        "city": "Laval (13)",
        "region": "Qu\u00e9bec",
        "country": "CA",
        "road": "Autoroute des Laurentides",
        "postalcode": "H7S 1Z6"
      }
    },
    {
      "type": "Feature",
      "geometry": {
        "type": "Point",
        "coordinates": [
          -111.88159943,
          33.56049728
        ]
      },
      "properties": {
        "netid": "24:B2:B9:F2:61:5F",
        "ssid": "ClickShare-1863086461",
        "oui": "24:B2:B9",
        "channel": 36,
        "encryption": "wpa2",
        "firsttime": "2026-08-01T00:00:00.000Z",
        "lasttime": "2026-07-31T18:00:00.000Z",
        "city": null,
        "region": "AZ",
        "country": "US",
        "road": "Pima Freeway",
        "postalcode": "85258"
      }
    },
    {
      "type": "Feature",
      "geometry": {
        "type": "Point",
        "coordinates": [
          -6.25579929,
          53.3379631
        ]
      },
      "properties": {
        "netid": "24:B2:B9:F2:61:93",
        "ssid": "ClickShare-1862711748",
        "oui": "24:B2:B9",
        "channel": 36,
        "encryption": "wpa2",
        "firsttime": "2026-04-13T18:00:00.000Z",
        "lasttime": "2026-06-26T15:00:00.000Z",
        "city": "Dublin",
        "region": "Leinster",
        "country": "IE",
        "road": "St. Stephen's Green",
        "postalcode": "D02 HK52"
      }
    },
    {
      "type": "Feature",
      "geometry": {
        "type": "Point",
        "coordinates": [
          -83.04993439,
          42.33471298
        ]
      },
      "properties": {
        "netid": "24:B2:B9:F2:61:99",
        "ssid": "ClickShare-1863085885",
        "oui": "24:B2:B9",
        "channel": 36,
        "encryption": "wpa2",
        "firsttime": "2026-07-26T18:00:00.000Z",
        "lasttime": "2026-07-26T18:00:00.000Z",
        "city": "Detroit",
        "region": "MI",
        "country": "US",
        "road": "Clifford Street",
        "postalcode": "48226"
      }
    },
    {
      "type": "Feature",
      "geometry": {
        "type": "Point",
        "coordinates": [
          13.01113033,
          55.60274506
        ]
      },
      "properties": {
        "netid": "24:B2:B9:F2:62:AD",
        "ssid": "ClickShare-4110",
        "oui": "24:B2:B9",
        "channel": 36,
        "encryption": "wpa2",
        "firsttime": "2026-03-30T11:00:00.000Z",
        "lasttime": "2026-04-18T00:00:00.000Z",
        "city": "Malm\u00f6",
        "region": "Sk\u00e5ne l\u00e4n",
        "country": "SE",
        "road": "Drottninggatan",
        "postalcode": "202 15"
      }
    },
    {
      "type": "Feature",
      "geometry": {
        "type": "Point",
        "coordinates": [
          7.62813997,
          51.95650864
        ]
      },
      "properties": {
        "netid": "24:B2:B9:F2:63:0D",
        "ssid": "ClickShare-1862713107",
        "oui": "24:B2:B9",
        "channel": 36,
        "encryption": "wpa2",
        "firsttime": "2026-04-17T15:00:00.000Z",
        "lasttime": "2026-04-17T13:00:00.000Z",
        "city": "M\u00fcnster",
        "region": "Nordrhein-Westfalen",
        "country": "DE",
        "road": "Promenade",
        "postalcode": "48143"
      }
    },
    {
      "type": "Feature",
      "geometry": {
        "type": "Point",
        "coordinates": [
          13.00989628,
          55.60238266
        ]
      },
      "properties": {
        "netid": "24:B2:B9:F2:63:21",
        "ssid": "ClickShare-324",
        "oui": "24:B2:B9",
        "channel": 36,
        "encryption": "wpa2",
        "firsttime": "2026-04-18T06:00:00.000Z",
        "lasttime": "2026-04-18T00:00:00.000Z",
        "city": "Malm\u00f6",
        "region": "Sk\u00e5ne l\u00e4n",
        "country": "SE",
        "road": "Brandm\u00e4staregatan",
        "postalcode": "202 15"
      }
    },
    {
      "type": "Feature",
      "geometry": {
        "type": "Point",
        "coordinates": [
          4.36197376,
          50.84607697
        ]
      },
      "properties": {
        "netid": "24:B2:B9:F2:63:3F",
        "ssid": "ClickShare-1862712681",
        "oui": "24:B2:B9",
        "channel": 36,
        "encryption": "wpa2",
        "firsttime": "2026-07-22T10:00:00.000Z",
        "lasttime": "2026-07-22T04:00:00.000Z",
        "city": null,
        "region": "R\u00e9gion de Bruxelles-Capitale - Brussels Hoofdstedelijk Gewest",
        "country": "BE",
        "road": "Rue Royale - Koningsstraat",
        "postalcode": "1000"
      }
    },
    {
      "type": "Feature",
      "geometry": {
        "type": "Point",
        "coordinates": [
          4.40838242,
          51.20920563
        ]
      },
      "properties": {
        "netid": "24:B2:B9:F2:63:51",
        "ssid": "ClickShare-1862709834",
        "oui": "24:B2:B9",
        "channel": 36,
        "encryption": "wpa2",
        "firsttime": "2026-04-26T08:00:00.000Z",
        "lasttime": "2026-05-22T00:00:00.000Z",
        "city": null,
        "region": "Antwerpen",
        "country": "BE",
        "road": "Mechelsesteenweg",
        "postalcode": "2018"
      }
    },
    {
      "type": "Feature",
      "geometry": {
        "type": "Point",
        "coordinates": [
          2.15384316,
          41.38931656
        ]
      },
      "properties": {
        "netid": "24:B2:B9:F2:63:7F",
        "ssid": "ClickShare-1862712254",
        "oui": "24:B2:B9",
        "channel": 36,
        "encryption": "wpa2",
        "firsttime": "2026-03-07T11:00:00.000Z",
        "lasttime": "2026-06-05T05:00:00.000Z",
        "city": "Barcelona",
        "region": "Catalunya",
        "country": "ES",
        "road": "Carrer de Casanova",
        "postalcode": "08001"
      }
    },
    {
      "type": "Feature",
      "geometry": {
        "type": "Point",
        "coordinates": [
          4.37973833,
          51.21319199
        ]
      },
      "properties": {
        "netid": "24:B2:B9:F2:64:0F",
        "ssid": "ClickShare-Werfkeet",
        "oui": "24:B2:B9",
        "channel": 36,
        "encryption": "wpa2",
        "firsttime": "2026-04-29T18:00:00.000Z",
        "lasttime": "2026-04-29T11:00:00.000Z",
        "city": null,
        "region": "Antwerpen",
        "country": "BE",
        "road": "Beatrijslaan",
        "postalcode": "2050"
      }
    },
    {
      "type": "Feature",
      "geometry": {
        "type": "Point",
        "coordinates": [
          9.31125832,
          48.73884583
        ]
      },
      "properties": {
        "netid": "24:B2:B9:F2:64:FB",
        "ssid": "ClickShare-S03.101",
        "oui": "24:B2:B9",
        "channel": 44,
        "encryption": "wpa2",
        "firsttime": "2001-01-01T00:00:00.000Z",
        "lasttime": "2026-03-31T06:00:00.000Z",
        "city": null,
        "region": "Baden-W\u00fcrttemberg",
        "country": "DE",
        "road": "Kiesstra\u00dfe",
        "postalcode": "73728"
      }
    },
    {
      "type": "Feature",
      "geometry": {
        "type": "Point",
        "coordinates": [
          4.35773087,
          50.84521866
        ]
      },
      "properties": {
        "netid": "24:B2:B9:F2:65:05",
        "ssid": "ClickShare-1862709703",
        "oui": "24:B2:B9",
        "channel": 36,
        "encryption": "wpa2",
        "firsttime": "2026-06-11T17:00:00.000Z",
        "lasttime": "2026-06-11T11:00:00.000Z",
        "city": null,
        "region": "R\u00e9gion de Bruxelles-Capitale - Brussels Hoofdstedelijk Gewest",
        "country": "BE",
        "road": "Mont des Arts - Kunstberg",
        "postalcode": "1000"
      }
    },
    {
      "type": "Feature",
      "geometry": {
        "type": "Point",
        "coordinates": [
          20.80507088,
          39.70704651
        ]
      },
      "properties": {
        "netid": "24:B2:B9:F2:65:2F",
        "ssid": null,
        "oui": "24:B2:B9",
        "channel": 1,
        "encryption": "wpa2",
        "firsttime": "2026-08-05T15:00:00.000Z",
        "lasttime": "2026-08-05T13:00:00.000Z",
        "city": null,
        "region": "\u0391\u03c0\u03bf\u03ba\u03b5\u03bd\u03c4\u03c1\u03c9\u03bc\u03ad\u03bd\u03b7 \u0394\u03b9\u03bf\u03af\u03ba\u03b7\u03c3\u03b7 \u0397\u03c0\u03b5\u03af\u03c1\u03bf\u03c5 - \u0394\u03c5\u03c4\u03b9\u03ba\u03ae\u03c2 \u039c\u03b1\u03ba\u03b5\u03b4\u03bf\u03bd\u03af\u03b1\u03c2",
        "country": "GR",
        "road": null,
        "postalcode": "454 45"
      }
    },
    {
      "type": "Feature",
      "geometry": {
        "type": "Point",
        "coordinates": [
          13.00991535,
          55.60235214
        ]
      },
      "properties": {
        "netid": "24:B2:B9:F2:65:57",
        "ssid": "ClickShare-4312A",
        "oui": "24:B2:B9",
        "channel": 36,
        "encryption": "wpa2",
        "firsttime": "2026-04-18T06:00:00.000Z",
        "lasttime": "2026-04-18T00:00:00.000Z",
        "city": "Malm\u00f6",
        "region": "Sk\u00e5ne l\u00e4n",
        "country": "SE",
        "road": "Brandm\u00e4staregatan",
        "postalcode": "202 15"
      }
    },
    {
      "type": "Feature",
      "geometry": {
        "type": "Point",
        "coordinates": [
          13.01135731,
          55.60242081
        ]
      },
      "properties": {
        "netid": "24:B2:B9:F2:65:5B",
        "ssid": "ClickShare-3111",
        "oui": "24:B2:B9",
        "channel": 36,
        "encryption": "wpa2",
        "firsttime": "2026-04-18T06:00:00.000Z",
        "lasttime": "2026-04-18T00:00:00.000Z",
        "city": "Malm\u00f6",
        "region": "Sk\u00e5ne l\u00e4n",
        "country": "SE",
        "road": "Drottninggatan",
        "postalcode": "202 15"
      }
    },
    {
      "type": "Feature",
      "geometry": {
        "type": "Point",
        "coordinates": [
          -1.61084545,
          54.96765518
        ]
      },
      "properties": {
        "netid": "24:B2:B9:F2:65:CB",
        "ssid": "ClickShare-1862717912",
        "oui": "24:B2:B9",
        "channel": 36,
        "encryption": "wpa2",
        "firsttime": "2026-06-06T15:00:00.000Z",
        "lasttime": "2026-08-07T06:00:00.000Z",
        "city": "Newcastle upon Tyne",
        "region": "England",
        "country": "GB",
        "road": "Close",
        "postalcode": "NE1 3RF"
      }
    },
    {
      "type": "Feature",
      "geometry": {
        "type": "Point",
        "coordinates": [
          17.92564201,
          50.67130661
        ]
      },
      "properties": {
        "netid": "24:B2:B9:F2:65:D3",
        "ssid": "ClickShare-1862718104",
        "oui": "24:B2:B9",
        "channel": 36,
        "encryption": "wpa2",
        "firsttime": "2026-08-04T11:00:00.000Z",
        "lasttime": "2026-08-04T05:00:00.000Z",
        "city": "Opole",
        "region": "wojew\u00f3dztwo opolskie",
        "country": "PL",
        "road": "Ludwika Wary\u0144skiego",
        "postalcode": "45-047"
      }
    },
    {
      "type": "Feature",
      "geometry": {
        "type": "Point",
        "coordinates": [
          -85.67140198,
          42.96774292
        ]
      },
      "properties": {
        "netid": "24:B2:B9:F2:67:01",
        "ssid": "Amway Conference Room",
        "oui": "24:B2:B9",
        "channel": 36,
        "encryption": "wpa2",
        "firsttime": "2026-06-20T17:00:00.000Z",
        "lasttime": "2026-07-04T08:00:00.000Z",
        "city": "Grand Rapids",
        "region": "MI",
        "country": "US",
        "road": "Monroe Avenue Northwest",
        "postalcode": "49503"
      }
    },
    {
      "type": "Feature",
      "geometry": {
        "type": "Point",
        "coordinates": [
          -79.22996521,
          43.16389084
        ]
      },
      "properties": {
        "netid": "24:B2:B9:F2:67:1B",
        "ssid": null,
        "oui": "24:B2:B9",
        "channel": 36,
        "encryption": "wpa2",
        "firsttime": "2026-03-01T04:00:00.000Z",
        "lasttime": "2026-04-20T03:00:00.000Z",
        "city": "St. Catharines",
        "region": "Ontario",
        "country": "CA",
        "road": "Vine Street South",
        "postalcode": "L2R 3X7"
      }
    },
    {
      "type": "Feature",
      "geometry": {
        "type": "Point",
        "coordinates": [
          9.21474934,
          45.48298264
        ]
      },
      "properties": {
        "netid": "24:B2:B9:F2:67:27",
        "ssid": "ClickShare-1862712449",
        "oui": "24:B2:B9",
        "channel": 36,
        "encryption": "wpa2",
        "firsttime": "2026-03-12T17:00:00.000Z",
        "lasttime": "2026-03-12T11:00:00.000Z",
        "city": "Milano",
        "region": "Lombardia",
        "country": "IT",
        "road": "Via Claudio Monteverdi",
        "postalcode": "20131"
      }
    },
    {
      "type": "Feature",
      "geometry": {
        "type": "Point",
        "coordinates": [
          -95.42485809,
          29.73672295
        ]
      },
      "properties": {
        "netid": "24:B2:B9:F2:67:47",
        "ssid": "ClickShare-1863085923",
        "oui": "24:B2:B9",
        "channel": 36,
        "encryption": "wpa2",
        "firsttime": "2026-05-29T20:00:00.000Z",
        "lasttime": "2026-05-29T19:00:00.000Z",
        "city": "Houston",
        "region": "TX",
        "country": "US",
        "road": "Eastside Street",
        "postalcode": "77098"
      }
    },
    {
      "type": "Feature",
      "geometry": {
        "type": "Point",
        "coordinates": [
          -117.14502716,
          32.72740936
        ]
      },
      "properties": {
        "netid": "24:B2:B9:F2:68:01",
        "ssid": "ClickShare-1863086058",
        "oui": "24:B2:B9",
        "channel": 36,
        "encryption": "wpa2",
        "firsttime": "2025-12-15T16:00:00.000Z",
        "lasttime": "2025-12-15T08:00:00.000Z",
        "city": "San Diego",
        "region": "CA",
        "country": "US",
        "road": "Park Boulevard",
        "postalcode": "92101-1632"
      }
    },
    {
      "type": "Feature",
      "geometry": {
        "type": "Point",
        "coordinates": [
          -74.41107941,
          40.48044586
        ]
      },
      "properties": {
        "netid": "24:B2:B9:F2:68:93",
        "ssid": "ClickShare-1863086035",
        "oui": "24:B2:B9",
        "channel": 36,
        "encryption": "wpa2",
        "firsttime": "2025-12-02T22:00:00.000Z",
        "lasttime": "2026-07-29T18:00:00.000Z",
        "city": null,
        "region": "NJ",
        "country": "US",
        "road": "NJ 18;CR 527",
        "postalcode": "08901-8511"
      }
    },
    {
      "type": "Feature",
      "geometry": {
        "type": "Point",
        "coordinates": [
          -122.33005524,
          47.60432434
        ]
      },
      "properties": {
        "netid": "24:B2:B9:F2:68:AF",
        "ssid": "ClickShare-1863085775",
        "oui": "24:B2:B9",
        "channel": 36,
        "encryption": "wpa2",
        "firsttime": "2026-08-01T12:00:00.000Z",
        "lasttime": "2026-08-01T17:00:00.000Z",
        "city": "Seattle",
        "region": "WA",
        "country": "US",
        "road": "Cherry Street",
        "postalcode": "98138"
      }
    },
    {
      "type": "Feature",
      "geometry": {
        "type": "Point",
        "coordinates": [
          4.98716974,
          52.17565155
        ]
      },
      "properties": {
        "netid": "24:B2:B9:F2:68:B5",
        "ssid": "ClickShare-1862710489",
        "oui": "24:B2:B9",
        "channel": 36,
        "encryption": "wpa2",
        "firsttime": "2026-04-25T13:00:00.000Z",
        "lasttime": "2026-04-25T07:00:00.000Z",
        "city": null,
        "region": "Utrecht",
        "country": "NL",
        "road": "Rijksweg A2 Oostzijde",
        "postalcode": "3621ZA"
      }
    },
    {
      "type": "Feature",
      "geometry": {
        "type": "Point",
        "coordinates": [
          -77.51204681,
          38.79640961
        ]
      },
      "properties": {
        "netid": "24:B2:B9:F2:69:05",
        "ssid": "ClickShare-1863085763",
        "oui": "24:B2:B9",
        "channel": 36,
        "encryption": "wpa2",
        "firsttime": "2026-03-15T20:00:00.000Z",
        "lasttime": "2026-04-30T22:00:00.000Z",
        "city": null,
        "region": "VA",
        "country": "US",
        "road": "Williamson Boulevard",
        "postalcode": "20109"
      }
    },
    {
      "type": "Feature",
      "geometry": {
        "type": "Point",
        "coordinates": [
          -118.37852478,
          34.07486343
        ]
      },
      "properties": {
        "netid": "24:B2:B9:F2:69:13",
        "ssid": "ClickShare-1863085383",
        "oui": "24:B2:B9",
        "channel": 36,
        "encryption": "wpa2",
        "firsttime": "2026-07-21T20:00:00.000Z",
        "lasttime": "2026-07-21T19:00:00.000Z",
        "city": "Los Angeles",
        "region": "CA",
        "country": "US",
        "road": "South San Vicente Boulevard",
        "postalcode": "90048"
      }
    },
    {
      "type": "Feature",
      "geometry": {
        "type": "Point",
        "coordinates": [
          -118.38043213,
          34.06618881
        ]
      },
      "properties": {
        "netid": "24:B2:B9:F2:69:47",
        "ssid": "ClickShare-1863085799",
        "oui": "24:B2:B9",
        "channel": 36,
        "encryption": "wpa2",
        "firsttime": "2026-07-06T20:00:00.000Z",
        "lasttime": "2026-07-06T16:00:00.000Z",
        "city": null,
        "region": "CA",
        "country": "US",
        "road": "Wilshire Boulevard",
        "postalcode": "90292"
      }
    },
    {
      "type": "Feature",
      "geometry": {
        "type": "Point",
        "coordinates": [
          -73.98286438,
          40.74521637
        ]
      },
      "properties": {
        "netid": "24:B2:B9:F2:6A:5D",
        "ssid": "ClickShare-1863085234",
        "oui": "24:B2:B9",
        "channel": 36,
        "encryption": "wpa2",
        "firsttime": "2026-07-07T13:00:00.000Z",
        "lasttime": "2026-07-11T15:00:00.000Z",
        "city": "City of New York",
        "region": "NY",
        "country": "US",
        "road": "East 31st Street",
        "postalcode": "10016"
      }
    },
    {
      "type": "Feature",
      "geometry": {
        "type": "Point",
        "coordinates": [
          -70.35694885,
          43.61970901
        ]
      },
      "properties": {
        "netid": "24:B2:B9:F2:6A:E5",
        "ssid": "Training Room 3-Clickshare",
        "oui": "24:B2:B9",
        "channel": 1,
        "encryption": "wpa2",
        "firsttime": "2026-07-25T13:00:00.000Z",
        "lasttime": "2026-07-25T18:00:00.000Z",
        "city": null,
        "region": "ME",
        "country": "US",
        "road": "Maine Turnpike",
        "postalcode": "04074"
      }
    },
    {
      "type": "Feature",
      "geometry": {
        "type": "Point",
        "coordinates": [
          -81.03636169,
          34.02474594
        ]
      },
      "properties": {
        "netid": "24:B2:B9:F2:6B:03",
        "ssid": "ClickShare-Nates Office",
        "oui": "24:B2:B9",
        "channel": 36,
        "encryption": "wpa2",
        "firsttime": "2026-07-03T19:00:00.000Z",
        "lasttime": "2026-07-09T12:00:00.000Z",
        "city": "Columbia",
        "region": "SC",
        "country": "US",
        "road": "Harden Street",
        "postalcode": "29220"
      }
    },
    {
      "type": "Feature",
      "geometry": {
        "type": "Point",
        "coordinates": [
          -73.55799103,
          45.50601578
        ]
      },
      "properties": {
        "netid": "24:B2:B9:F2:6B:0D",
        "ssid": "ClickShare-1863086125",
        "oui": "24:B2:B9",
        "channel": 36,
        "encryption": "wpa2",
        "firsttime": "2025-10-14T16:00:00.000Z",
        "lasttime": "2026-07-14T17:00:00.000Z",
        "city": "Montr\u00e9al",
        "region": "Qu\u00e9bec",
        "country": "CA",
        "road": "Rue Saint-Antoine Ouest",
        "postalcode": "H2Y 2X6"
      }
    },
    {
      "type": "Feature",
      "geometry": {
        "type": "Point",
        "coordinates": [
          13.33112526,
          52.51631927
        ]
      },
      "properties": {
        "netid": "24:B2:B9:F2:6B:1D",
        "ssid": "ClickShare-Syntax",
        "oui": "24:B2:B9",
        "channel": 44,
        "encryption": "wpa2",
        "firsttime": "2026-04-30T16:00:00.000Z",
        "lasttime": "2026-04-30T09:00:00.000Z",
        "city": "Berlin",
        "region": "Charlottenburg-Wilmersdorf",
        "country": "DE",
        "road": "Gutenbergstra\u00dfe",
        "postalcode": "10587"
      }
    },
    {
      "type": "Feature",
      "geometry": {
        "type": "Point",
        "coordinates": [
          9.31005859,
          48.73884201
        ]
      },
      "properties": {
        "netid": "24:B2:B9:F2:6B:1F",
        "ssid": "ClickShare-S09.209",
        "oui": "24:B2:B9",
        "channel": 48,
        "encryption": "wpa2",
        "firsttime": "2025-12-07T16:00:00.000Z",
        "lasttime": "2026-03-31T06:00:00.000Z",
        "city": null,
        "region": "Baden-W\u00fcrttemberg",
        "country": "DE",
        "road": null,
        "postalcode": "73728"
      }
    },
    {
      "type": "Feature",
      "geometry": {
        "type": "Point",
        "coordinates": [
          4.36852407,
          51.19173431
        ]
      },
      "properties": {
        "netid": "24:B2:B9:F2:6B:31",
        "ssid": "ClickShare-1862709947",
        "oui": "24:B2:B9",
        "channel": 36,
        "encryption": "wpa2",
        "firsttime": "2026-03-03T21:00:00.000Z",
        "lasttime": "2026-03-03T13:00:00.000Z",
        "city": null,
        "region": "Antwerpen",
        "country": "BE",
        "road": "Herenpolderbrug",
        "postalcode": "2020"
      }
    },
    {
      "type": "Feature",
      "geometry": {
        "type": "Point",
        "coordinates": [
          -111.94242096,
          33.53117371
        ]
      },
      "properties": {
        "netid": "24:B2:B9:F2:6B:A3",
        "ssid": "TwnManager-ClickShare-1863085372",
        "oui": "24:B2:B9",
        "channel": 149,
        "encryption": "wpa2",
        "firsttime": "2026-07-31T00:00:00.000Z",
        "lasttime": "2026-07-30T19:00:00.000Z",
        "city": null,
        "region": "AZ",
        "country": "US",
        "road": "East Lincoln Drive",
        "postalcode": "85253"
      }
    },
    {
      "type": "Feature",
      "geometry": {
        "type": "Point",
        "coordinates": [
          4.40849161,
          51.20901108
        ]
      },
      "properties": {
        "netid": "24:B2:B9:F2:6B:BB",
        "ssid": "ClickShare-1862709855",
        "oui": "24:B2:B9",
        "channel": 36,
        "encryption": "wpa2",
        "firsttime": "2026-05-20T18:00:00.000Z",
        "lasttime": "2026-05-22T00:00:00.000Z",
        "city": null,
        "region": "Antwerpen",
        "country": "BE",
        "road": "Mechelsesteenweg",
        "postalcode": "2018"
      }
    },
    {
      "type": "Feature",
      "geometry": {
        "type": "Point",
        "coordinates": [
          -83.69073486,
          43.01593399
        ]
      },
      "properties": {
        "netid": "24:B2:B9:F2:6B:ED",
        "ssid": "CFGF Board Room",
        "oui": "24:B2:B9",
        "channel": 36,
        "encryption": "wpa2",
        "firsttime": "2026-04-11T20:00:00.000Z",
        "lasttime": "2026-05-07T03:00:00.000Z",
        "city": "Flint",
        "region": "MI",
        "country": "US",
        "road": "South Saginaw Street",
        "postalcode": "48503"
      }
    },
    {
      "type": "Feature",
      "geometry": {
        "type": "Point",
        "coordinates": [
          3.72379613,
          51.05029678
        ]
      },
      "properties": {
        "netid": "24:B2:B9:F2:6C:05",
        "ssid": "ClickShare-1862712851",
        "oui": "24:B2:B9",
        "channel": 36,
        "encryption": "wpa2",
        "firsttime": "2026-05-30T10:00:00.000Z",
        "lasttime": "2026-05-30T06:00:00.000Z",
        "city": null,
        "region": "Oost-Vlaanderen",
        "country": "BE",
        "road": "Kouter",
        "postalcode": "9000"
      }
    },
    {
      "type": "Feature",
      "geometry": {
        "type": "Point",
        "coordinates": [
          3.72707748,
          51.04748535
        ]
      },
      "properties": {
        "netid": "24:B2:B9:F2:6C:D7",
        "ssid": "ClickShare-Meltweg",
        "oui": "24:B2:B9",
        "channel": 36,
        "encryption": "wpa2",
        "firsttime": "2026-05-30T13:00:00.000Z",
        "lasttime": "2026-06-06T02:00:00.000Z",
        "city": null,
        "region": "Oost-Vlaanderen",
        "country": "BE",
        "road": "Sint-Pietersnieuwstraat",
        "postalcode": "9000"
      }
    },
    {
      "type": "Feature",
      "geometry": {
        "type": "Point",
        "coordinates": [
          7.32030201,
          52.52950668
        ]
      },
      "properties": {
        "netid": "24:B2:B9:F2:6C:F7",
        "ssid": "ClickShare-Lingen-GF",
        "oui": "24:B2:B9",
        "channel": 1,
        "encryption": "wpa2",
        "firsttime": "2026-07-07T14:00:00.000Z",
        "lasttime": "2026-07-07T09:00:00.000Z",
        "city": null,
        "region": "Niedersachsen",
        "country": "DE",
        "road": "Waldstra\u00dfe",
        "postalcode": "49808"
      }
    },
    {
      "type": "Feature",
      "geometry": {
        "type": "Point",
        "coordinates": [
          19.07178879,
          47.54508209
        ]
      },
      "properties": {
        "netid": "24:B2:B9:F2:6C:FB",
        "ssid": "ClickShare-1862709630",
        "oui": "24:B2:B9",
        "channel": 36,
        "encryption": "wpa2",
        "firsttime": "2026-02-23T12:00:00.000Z",
        "lasttime": "2026-05-30T07:00:00.000Z",
        "city": null,
        "region": "Budapest",
        "country": "HU",
        "road": "V\u00e1ci \u00fat",
        "postalcode": "1138"
      }
    },
    {
      "type": "Feature",
      "geometry": {
        "type": "Point",
        "coordinates": [
          10.89731503,
          49.89115524
        ]
      },
      "properties": {
        "netid": "24:B2:B9:F2:6D:05",
        "ssid": "ClickShare-WP3/02.20",
        "oui": "24:B2:B9",
        "channel": 36,
        "encryption": "wpa2",
        "firsttime": "2026-01-20T09:00:00.000Z",
        "lasttime": "2026-01-20T14:00:00.000Z",
        "city": null,
        "region": "Bayern",
        "country": "DE",
        "road": "Augustenstra\u00dfe",
        "postalcode": "96047"
      }
    },
    {
      "type": "Feature",
      "geometry": {
        "type": "Point",
        "coordinates": [
          10.73688602,
          59.90297318
        ]
      },
      "properties": {
        "netid": "24:B2:B9:F2:6D:37",
        "ssid": "ClickShare-1862712543",
        "oui": "24:B2:B9",
        "channel": 36,
        "encryption": "wpa2",
        "firsttime": "2026-07-01T14:00:00.000Z",
        "lasttime": "2026-07-01T07:00:00.000Z",
        "city": "Oslo",
        "region": "Sentrum",
        "country": "NO",
        "road": "Akershusstranda",
        "postalcode": "0015"
      }
    },
    {
      "type": "Feature",
      "geometry": {
        "type": "Point",
        "coordinates": [
          6.89388037,
          52.21733093
        ]
      },
      "properties": {
        "netid": "24:B2:B9:F2:6D:85",
        "ssid": "ClickShare-1862712011",
        "oui": "24:B2:B9",
        "channel": 36,
        "encryption": "wpa2",
        "firsttime": "2026-08-02T14:00:00.000Z",
        "lasttime": "2026-08-02T08:00:00.000Z",
        "city": "Enschede",
        "region": "Overijssel",
        "country": "NL",
        "road": "Koningsplein",
        "postalcode": "7512KZ"
      }
    },
    {
      "type": "Feature",
      "geometry": {
        "type": "Point",
        "coordinates": [
          7.35177755,
          47.74634552
        ]
      },
      "properties": {
        "netid": "24:B2:B9:F2:6D:BB",
        "ssid": "ClickShare-1862712276",
        "oui": "24:B2:B9",
        "channel": 36,
        "encryption": "wpa2",
        "firsttime": "2026-05-14T17:00:00.000Z",
        "lasttime": "2026-05-15T03:00:00.000Z",
        "city": "Mulhouse",
        "region": "Grand Est",
        "country": "FR",
        "road": "Avenue de Riedisheim",
        "postalcode": "68100"
      }
    },
    {
      "type": "Feature",
      "geometry": {
        "type": "Point",
        "coordinates": [
          16.38961792,
          48.22309113
        ]
      },
      "properties": {
        "netid": "24:B2:B9:F2:6E:3D",
        "ssid": "Clickshare-Meetingroom-2",
        "oui": "24:B2:B9",
        "channel": 36,
        "encryption": "wpa2",
        "firsttime": "2026-05-03T15:00:00.000Z",
        "lasttime": "2026-05-07T12:00:00.000Z",
        "city": "Wien",
        "region": "Volkertviertel",
        "country": "AT",
        "road": "Nordbahnstra\u00dfe",
        "postalcode": "1020"
      }
    },
    {
      "type": "Feature",
      "geometry": {
        "type": "Point",
        "coordinates": [
          4.39433575,
          50.88783646
        ]
      },
      "properties": {
        "netid": "24:B2:B9:F2:6E:5F",
        "ssid": "ClickShare-ARP-GAN",
        "oui": "24:B2:B9",
        "channel": 36,
        "encryption": "wpa2",
        "firsttime": "2026-02-22T16:00:00.000Z",
        "lasttime": "2026-02-22T11:00:00.000Z",
        "city": null,
        "region": "R\u00e9gion de Bruxelles-Capitale - Brussels Hoofdstedelijk Gewest",
        "country": "BE",
        "road": "Avenue de Vilvorde - Vilvoordselaan",
        "postalcode": null
      }
    },
    {
      "type": "Feature",
      "geometry": {
        "type": "Point",
        "coordinates": [
          12.57045841,
          55.68660736
        ]
      },
      "properties": {
        "netid": "24:B2:B9:F2:6E:CF",
        "ssid": "ClickShare-Room 7.1.28",
        "oui": "24:B2:B9",
        "channel": 36,
        "encryption": "wpa2",
        "firsttime": "2026-05-04T06:00:00.000Z",
        "lasttime": "2026-06-23T12:00:00.000Z",
        "city": "K\u00f8benhavn",
        "region": "Region Hovedstaden",
        "country": "DK",
        "road": "Gammeltoftsgade",
        "postalcode": "1355"
      }
    },
    {
      "type": "Feature",
      "geometry": {
        "type": "Point",
        "coordinates": [
          -3.6879456,
          40.41992569
        ]
      },
      "properties": {
        "netid": "24:B2:B9:F2:6E:E7",
        "ssid": "IP1-SALA-5",
        "oui": "24:B2:B9",
        "channel": 36,
        "encryption": "wpa2",
        "firsttime": "2026-03-22T14:00:00.000Z",
        "lasttime": "2026-08-05T08:00:00.000Z",
        "city": "Madrid",
        "region": "Comunidad de Madrid",
        "country": "ES",
        "road": "Calle de Alcal\u00e1",
        "postalcode": "28009"
      }
    },
    {
      "type": "Feature",
      "geometry": {
        "type": "Point",
        "coordinates": [
          5.05501747,
          52.10515213
        ]
      },
      "properties": {
        "netid": "24:B2:B9:F2:6E:EF",
        "ssid": "ClickShare-Rene Schimmel",
        "oui": "24:B2:B9",
        "channel": 36,
        "encryption": "wpa2",
        "firsttime": "2026-03-13T17:00:00.000Z",
        "lasttime": "2026-04-01T06:00:00.000Z",
        "city": "Utrecht",
        "region": "Utrecht",
        "country": "NL",
        "road": "Soestwetering",
        "postalcode": "3543AZ"
      }
    },
    {
      "type": "Feature",
      "geometry": {
        "type": "Point",
        "coordinates": [
          5.4089551,
          43.25662994
        ]
      },
      "properties": {
        "netid": "24:B2:B9:F2:6F:3F",
        "ssid": "SDR-H209-ClickShare-1862713164",
        "oui": "24:B2:B9",
        "channel": 36,
        "encryption": "wpa2",
        "firsttime": "2026-06-30T16:00:00.000Z",
        "lasttime": "2026-06-30T10:00:00.000Z",
        "city": "Marseille",
        "region": "Provence-Alpes-C\u00f4te d'Azur",
        "country": "FR",
        "road": "Rue de l'Horticulture",
        "postalcode": "13009"
      }
    },
    {
      "type": "Feature",
      "geometry": {
        "type": "Point",
        "coordinates": [
          -81.63357544,
          38.35975266
        ]
      },
      "properties": {
        "netid": "24:B2:B9:F2:6F:D5",
        "ssid": "ClickShare-RM-715",
        "oui": "24:B2:B9",
        "channel": 36,
        "encryption": "wpa2",
        "firsttime": "2026-06-15T21:00:00.000Z",
        "lasttime": "2026-06-15T16:00:00.000Z",
        "city": "Charleston",
        "region": "WV",
        "country": "US",
        "road": "I 64",
        "postalcode": "25326"
      }
    },
    {
      "type": "Feature",
      "geometry": {
        "type": "Point",
        "coordinates": [
          8.52245998,
          47.35977936
        ]
      },
      "properties": {
        "netid": "24:B2:B9:F2:6F:DD",
        "ssid": "ClickShare-SiZi-Lausanne",
        "oui": "24:B2:B9",
        "channel": 36,
        "encryption": "wpa2",
        "firsttime": "2026-01-06T15:00:00.000Z",
        "lasttime": "2026-05-10T08:00:00.000Z",
        "city": "Z\u00fcrich",
        "region": "Z\u00fcrich",
        "country": "CH",
        "road": "Giessh\u00fcbelstrasse",
        "postalcode": "8045"
      }
    },
    {
      "type": "Feature",
      "geometry": {
        "type": "Point",
        "coordinates": [
          13.01118183,
          55.60281372
        ]
      },
      "properties": {
        "netid": "24:B2:B9:F2:70:1D",
        "ssid": "ClickShare-5109",
        "oui": "24:B2:B9",
        "channel": 36,
        "encryption": "wpa2",
        "firsttime": "2026-03-30T11:00:00.000Z",
        "lasttime": "2026-04-18T00:00:00.000Z",
        "city": "Malm\u00f6",
        "region": "Sk\u00e5ne l\u00e4n",
        "country": "SE",
        "road": "Drottninggatan",
        "postalcode": "202 15"
      }
    },
    {
      "type": "Feature",
      "geometry": {
        "type": "Point",
        "coordinates": [
          4.67747831,
          51.83806229
        ]
      },
      "properties": {
        "netid": "24:B2:B9:F2:70:97",
        "ssid": "ClickShare-2938",
        "oui": "24:B2:B9",
        "channel": 36,
        "encryption": "wpa2",
        "firsttime": "2026-06-11T09:00:00.000Z",
        "lasttime": "2026-06-11T09:00:00.000Z",
        "city": null,
        "region": "Zuid-Holland",
        "country": "NL",
        "road": "Noordhoek",
        "postalcode": "3351LD"
      }
    },
    {
      "type": "Feature",
      "geometry": {
        "type": "Point",
        "coordinates": [
          -76.8817749,
          40.28739166
        ]
      },
      "properties": {
        "netid": "24:B2:B9:F2:71:03",
        "ssid": "ClickShare-1863088628",
        "oui": "24:B2:B9",
        "channel": 36,
        "encryption": "wpa2",
        "firsttime": "2026-07-07T18:00:00.000Z",
        "lasttime": "2026-08-01T14:00:00.000Z",
        "city": "Harrisburg",
        "region": "PA",
        "country": "US",
        "road": "North Cameron Street",
        "postalcode": "17110"
      }
    },
    {
      "type": "Feature",
      "geometry": {
        "type": "Point",
        "coordinates": [
          8.53718281,
          47.38031387
        ]
      },
      "properties": {
        "netid": "24:B2:B9:F2:72:5F",
        "ssid": "ClickShare-1862709807",
        "oui": "24:B2:B9",
        "channel": 36,
        "encryption": "wpa2",
        "firsttime": "2026-02-17T16:00:00.000Z",
        "lasttime": "2026-07-10T07:00:00.000Z",
        "city": "Z\u00fcrich",
        "region": "Z\u00fcrich",
        "country": "CH",
        "road": "Radgasse",
        "postalcode": "8090"
      }
    },
    {
      "type": "Feature",
      "geometry": {
        "type": "Point",
        "coordinates": [
          9.19097137,
          50.19823837
        ]
      },
      "properties": {
        "netid": "24:B2:B9:F2:72:DD",
        "ssid": "ClickShare_Klosterwappen",
        "oui": "24:B2:B9",
        "channel": 36,
        "encryption": "wpa2",
        "firsttime": "2025-10-12T17:00:00.000Z",
        "lasttime": "2025-12-18T09:00:00.000Z",
        "city": null,
        "region": "Hessen",
        "country": "DE",
        "road": "Im Ziegelhaus",
        "postalcode": "63571"
      }
    },
    {
      "type": "Feature",
      "geometry": {
        "type": "Point",
        "coordinates": [
          -81.66262054,
          41.51443863
        ]
      },
      "properties": {
        "netid": "24:B2:B9:F2:72:F1",
        "ssid": "Clickshare-CR4",
        "oui": "24:B2:B9",
        "channel": 36,
        "encryption": "wpa2",
        "firsttime": "2026-06-09T17:00:00.000Z",
        "lasttime": "2026-06-11T10:00:00.000Z",
        "city": "Cleveland",
        "region": "OH",
        "country": "US",
        "road": "East 40th Street",
        "postalcode": "44115"
      }
    },
    {
      "type": "Feature",
      "geometry": {
        "type": "Point",
        "coordinates": [
          11.5824995,
          48.12361908
        ]
      },
      "properties": {
        "netid": "24:B2:B9:F2:73:CD",
        "ssid": "ClickShare-D012",
        "oui": "24:B2:B9",
        "channel": 36,
        "encryption": "wpa2",
        "firsttime": "2026-07-29T23:00:00.000Z",
        "lasttime": "2026-07-29T18:00:00.000Z",
        "city": "M\u00fcnchen",
        "region": "Bayern",
        "country": "DE",
        "road": "Mariahilfplatz",
        "postalcode": "81541"
      }
    },
    {
      "type": "Feature",
      "geometry": {
        "type": "Point",
        "coordinates": [
          5.85688877,
          50.58032608
        ]
      },
      "properties": {
        "netid": "24:B2:B9:F2:74:07",
        "ssid": null,
        "oui": "24:B2:B9",
        "channel": 48,
        "encryption": "wpa2",
        "firsttime": "2026-07-19T11:00:00.000Z",
        "lasttime": "2026-07-19T13:00:00.000Z",
        "city": null,
        "region": "Li\u00e8ge",
        "country": "BE",
        "road": "Rue de Franchimont",
        "postalcode": "4800"
      }
    },
    {
      "type": "Feature",
      "geometry": {
        "type": "Point",
        "coordinates": [
          5.56934261,
          50.64421844
        ]
      },
      "properties": {
        "netid": "24:B2:B9:F2:74:E9",
        "ssid": "ClickShare-Meeting Room",
        "oui": "24:B2:B9",
        "channel": 6,
        "encryption": "wpa2",
        "firsttime": "2025-12-27T11:00:00.000Z",
        "lasttime": "2026-07-19T13:00:00.000Z",
        "city": "Li\u00e8ge",
        "region": "Li\u00e8ge",
        "country": "BE",
        "road": "Boulevard de la Sauveni\u00e8re",
        "postalcode": "4000"
      }
    },
    {
      "type": "Feature",
      "geometry": {
        "type": "Point",
        "coordinates": [
          4.36140347,
          50.84552765
        ]
      },
      "properties": {
        "netid": "24:B2:B9:F2:74:EF",
        "ssid": "ClickShare-Chatelain ",
        "oui": "24:B2:B9",
        "channel": 36,
        "encryption": "wpa2",
        "firsttime": "2026-05-07T07:00:00.000Z",
        "lasttime": "2026-07-21T16:00:00.000Z",
        "city": "Bruxelles - Brussel",
        "region": "R\u00e9gion de Bruxelles-Capitale - Brussels Hoofdstedelijk Gewest",
        "country": "BE",
        "road": "Rue Montagne du Parc - Warandeberg",
        "postalcode": "1000"
      }
    },
    {
      "type": "Feature",
      "geometry": {
        "type": "Point",
        "coordinates": [
          13.0098381,
          55.60244751
        ]
      },
      "properties": {
        "netid": "24:B2:B9:F2:75:01",
        "ssid": "ClickShare-322",
        "oui": "24:B2:B9",
        "channel": 36,
        "encryption": "wpa2",
        "firsttime": "2026-04-18T06:00:00.000Z",
        "lasttime": "2026-04-18T00:00:00.000Z",
        "city": "Malm\u00f6",
        "region": "Sk\u00e5ne l\u00e4n",
        "country": "SE",
        "road": "Brandm\u00e4staregatan",
        "postalcode": "202 15"
      }
    },
    {
      "type": "Feature",
      "geometry": {
        "type": "Point",
        "coordinates": [
          2.32434034,
          48.87699127
        ]
      },
      "properties": {
        "netid": "24:B2:B9:F2:75:39",
        "ssid": "ClickShare-1862712706",
        "oui": "24:B2:B9",
        "channel": 36,
        "encryption": "wpa2",
        "firsttime": "2026-07-18T20:00:00.000Z",
        "lasttime": "2026-07-18T13:00:00.000Z",
        "city": "Paris",
        "region": "\u00cele-de-France",
        "country": "FR",
        "road": "Parking Saint-Lazare",
        "postalcode": "75008"
      }
    },
    {
      "type": "Feature",
      "geometry": {
        "type": "Point",
        "coordinates": [
          12.57034016,
          55.68652725
        ]
      },
      "properties": {
        "netid": "24:B2:B9:F2:75:3B",
        "ssid": "ClickShare-1862712744",
        "oui": "24:B2:B9",
        "channel": 36,
        "encryption": "wpa2",
        "firsttime": "2026-05-04T06:00:00.000Z",
        "lasttime": "2026-06-23T12:00:00.000Z",
        "city": "K\u00f8benhavn",
        "region": "Region Hovedstaden",
        "country": "DK",
        "road": "Gammeltoftsgade",
        "postalcode": "1355"
      }
    },
    {
      "type": "Feature",
      "geometry": {
        "type": "Point",
        "coordinates": [
          -95.5509491,
          29.92751122
        ]
      },
      "properties": {
        "netid": "24:B2:B9:F2:75:51",
        "ssid": "ClickShare-1863085989",
        "oui": "24:B2:B9",
        "channel": 36,
        "encryption": "wpa2",
        "firsttime": "2026-03-27T20:00:00.000Z",
        "lasttime": "2026-06-23T17:00:00.000Z",
        "city": null,
        "region": "TX",
        "country": "US",
        "road": "North Sam Houston Parkway West",
        "postalcode": "77064"
      }
    },
    {
      "type": "Feature",
      "geometry": {
        "type": "Point",
        "coordinates": [
          -81.51725769,
          41.08402634
        ]
      },
      "properties": {
        "netid": "24:B2:B9:F2:75:63",
        "ssid": "ClickShare-1863085690",
        "oui": "24:B2:B9",
        "channel": 36,
        "encryption": "wpa2",
        "firsttime": "2026-04-16T11:00:00.000Z",
        "lasttime": "2026-05-21T11:00:00.000Z",
        "city": "Akron",
        "region": "OH",
        "country": "US",
        "road": "South Main Street",
        "postalcode": "44308"
      }
    },
    {
      "type": "Feature",
      "geometry": {
        "type": "Point",
        "coordinates": [
          -77.43799591,
          37.53939438
        ]
      },
      "properties": {
        "netid": "24:B2:B9:F2:75:6B",
        "ssid": "ClickShare-Potomac",
        "oui": "24:B2:B9",
        "channel": 36,
        "encryption": "wpa2",
        "firsttime": "2026-07-22T20:00:00.000Z",
        "lasttime": "2026-07-22T14:00:00.000Z",
        "city": "Richmond",
        "region": "VA",
        "country": "US",
        "road": "North 7th Street",
        "postalcode": "23219"
      }
    },
    {
      "type": "Feature",
      "geometry": {
        "type": "Point",
        "coordinates": [
          -121.48580933,
          38.57826233
        ]
      },
      "properties": {
        "netid": "24:B2:B9:F2:75:A9",
        "ssid": "ClickShare-1863088411",
        "oui": "24:B2:B9",
        "channel": 1,
        "encryption": "wpa2",
        "firsttime": "2026-05-18T12:00:00.000Z",
        "lasttime": "2026-05-20T20:00:00.000Z",
        "city": "Sacramento",
        "region": "CA",
        "country": "US",
        "road": "J Street",
        "postalcode": "95811"
      }
    },
    {
      "type": "Feature",
      "geometry": {
        "type": "Point",
        "coordinates": [
          -118.38217163,
          34.08168411
        ]
      },
      "properties": {
        "netid": "24:B2:B9:F2:75:C1",
        "ssid": "ClickShare-1863085992",
        "oui": "24:B2:B9",
        "channel": 36,
        "encryption": "wpa2",
        "firsttime": "2026-07-15T03:00:00.000Z",
        "lasttime": "2026-07-14T22:00:00.000Z",
        "city": null,
        "region": "CA",
        "country": "US",
        "road": "Melrose Avenue",
        "postalcode": "90069"
      }
    },
    {
      "type": "Feature",
      "geometry": {
        "type": "Point",
        "coordinates": [
          3.72443318,
          51.05035019
        ]
      },
      "properties": {
        "netid": "24:B2:B9:F2:76:81",
        "ssid": "ClickShare-1862712861",
        "oui": "24:B2:B9",
        "channel": 36,
        "encryption": "wpa2",
        "firsttime": "2026-05-30T11:00:00.000Z",
        "lasttime": "2026-05-30T06:00:00.000Z",
        "city": null,
        "region": "Oost-Vlaanderen",
        "country": "BE",
        "road": "Kouter",
        "postalcode": "9000"
      }
    },
    {
      "type": "Feature",
      "geometry": {
        "type": "Point",
        "coordinates": [
          13.0105648,
          55.60182953
        ]
      },
      "properties": {
        "netid": "24:B2:B9:F2:76:97",
        "ssid": "ClickShare-3209G",
        "oui": "24:B2:B9",
        "channel": 36,
        "encryption": "wpa2",
        "firsttime": "2026-03-30T12:00:00.000Z",
        "lasttime": "2026-04-18T00:00:00.000Z",
        "city": "Malm\u00f6",
        "region": "Sk\u00e5ne l\u00e4n",
        "country": "SE",
        "road": "Kungsgatan",
        "postalcode": "211 49"
      }
    },
    {
      "type": "Feature",
      "geometry": {
        "type": "Point",
        "coordinates": [
          -0.14442736,
          51.51657486
        ]
      },
      "properties": {
        "netid": "24:B2:B9:F2:76:C9",
        "ssid": "ClickShare-1862712423",
        "oui": "24:B2:B9",
        "channel": 36,
        "encryption": "wpa2",
        "firsttime": "2026-03-05T09:00:00.000Z",
        "lasttime": "2026-05-14T08:00:00.000Z",
        "city": "London",
        "region": "England",
        "country": "GB",
        "road": "Cavendish Square",
        "postalcode": "W1G 0DY"
      }
    },
    {
      "type": "Feature",
      "geometry": {
        "type": "Point",
        "coordinates": [
          22.7005825,
          63.67447662
        ]
      },
      "properties": {
        "netid": "24:B2:B9:F2:77:59",
        "ssid": "M\u00f6tesrum",
        "oui": "24:B2:B9",
        "channel": 36,
        "encryption": "wpa2",
        "firsttime": "2026-07-13T19:00:00.000Z",
        "lasttime": "2026-07-13T12:00:00.000Z",
        "city": null,
        "region": "Manner-Suomi",
        "country": "FI",
        "road": "R\u00e5dhusgatan",
        "postalcode": "68600"
      }
    },
    {
      "type": "Feature",
      "geometry": {
        "type": "Point",
        "coordinates": [
          -113.49355316,
          53.54561615
        ]
      },
      "properties": {
        "netid": "24:B2:B9:F2:77:65",
        "ssid": "ClickShare-Room1",
        "oui": "24:B2:B9",
        "channel": 153,
        "encryption": "wpa2",
        "firsttime": "2026-04-29T03:00:00.000Z",
        "lasttime": "2026-07-30T19:00:00.000Z",
        "city": "Edmonton",
        "region": "Alberta",
        "country": "CA",
        "road": "101 Street NW",
        "postalcode": "T5J 0G7"
      }
    },
    {
      "type": "Feature",
      "geometry": {
        "type": "Point",
        "coordinates": [
          -113.49363708,
          53.54547501
        ]
      },
      "properties": {
        "netid": "24:B2:B9:F2:77:95",
        "ssid": "ClickShare-Room2",
        "oui": "24:B2:B9",
        "channel": 44,
        "encryption": "wpa2",
        "firsttime": "2026-05-01T04:00:00.000Z",
        "lasttime": "2026-04-30T22:00:00.000Z",
        "city": "Edmonton",
        "region": "Alberta",
        "country": "CA",
        "road": "101 Street NW",
        "postalcode": "T5J 4X1"
      }
    },
    {
      "type": "Feature",
      "geometry": {
        "type": "Point",
        "coordinates": [
          8.65256214,
          50.11553574
        ]
      },
      "properties": {
        "netid": "24:B2:B9:F2:77:AD",
        "ssid": "ClickShare-WLAN",
        "oui": "24:B2:B9",
        "channel": 40,
        "encryption": "wpa2",
        "firsttime": "2026-02-28T19:00:00.000Z",
        "lasttime": "2026-06-03T11:00:00.000Z",
        "city": "Frankfurt am Main",
        "region": "Hessen",
        "country": "DE",
        "road": "Senckenberganlage",
        "postalcode": "60325"
      }
    },
    {
      "type": "Feature",
      "geometry": {
        "type": "Point",
        "coordinates": [
          -88.40653229,
          44.26338577
        ]
      },
      "properties": {
        "netid": "24:B2:B9:F2:78:2D",
        "ssid": null,
        "oui": "24:B2:B9",
        "channel": 149,
        "encryption": "wpa2",
        "firsttime": "2026-07-10T15:00:00.000Z",
        "lasttime": "2026-07-29T17:00:00.000Z",
        "city": "Appleton",
        "region": "WI",
        "country": "US",
        "road": "West Franklin Street",
        "postalcode": "54911"
      }
    },
    {
      "type": "Feature",
      "geometry": {
        "type": "Point",
        "coordinates": [
          -77.04164124,
          38.90490341
        ]
      },
      "properties": {
        "netid": "24:B2:B9:F2:78:31",
        "ssid": "ClickShare-Conference Room",
        "oui": "24:B2:B9",
        "channel": 36,
        "encryption": "wpa2",
        "firsttime": "2026-05-14T12:00:00.000Z",
        "lasttime": "2026-05-14T07:00:00.000Z",
        "city": "Washington",
        "region": "DC",
        "country": "US",
        "road": "18th Street Northwest",
        "postalcode": "20009"
      }
    },
    {
      "type": "Feature",
      "geometry": {
        "type": "Point",
        "coordinates": [
          15.44091415,
          47.06817245
        ]
      },
      "properties": {
        "netid": "24:B2:B9:F2:78:AD",
        "ssid": "TV-Trolley",
        "oui": "24:B2:B9",
        "channel": 36,
        "encryption": "wpa2",
        "firsttime": "2026-07-26T16:00:00.000Z",
        "lasttime": "2026-07-27T11:00:00.000Z",
        "city": "Graz",
        "region": "Steiermark",
        "country": "AT",
        "road": "Kaiserfeldgasse",
        "postalcode": "8010"
      }
    },
    {
      "type": "Feature",
      "geometry": {
        "type": "Point",
        "coordinates": [
          -79.99172211,
          40.43792343
        ]
      },
      "properties": {
        "netid": "24:B2:B9:F2:78:B3",
        "ssid": "Gumberg306",
        "oui": "24:B2:B9",
        "channel": 36,
        "encryption": "wpa2",
        "firsttime": "2025-11-15T03:00:00.000Z",
        "lasttime": "2026-08-06T19:00:00.000Z",
        "city": "Pittsburgh",
        "region": "PA",
        "country": "US",
        "road": "Stevenson Street",
        "postalcode": "15219"
      }
    },
    {
      "type": "Feature",
      "geometry": {
        "type": "Point",
        "coordinates": [
          -77.56614685,
          39.11588287
        ]
      },
      "properties": {
        "netid": "24:B2:B9:F2:78:B9",
        "ssid": "ClickShare-1863086504",
        "oui": "24:B2:B9",
        "channel": 36,
        "encryption": "wpa2",
        "firsttime": "2026-06-28T17:00:00.000Z",
        "lasttime": "2026-06-28T16:00:00.000Z",
        "city": "Leesburg",
        "region": "VA",
        "country": "US",
        "road": "West Market Street",
        "postalcode": "20175"
      }
    },
    {
      "type": "Feature",
      "geometry": {
        "type": "Point",
        "coordinates": [
          -94.58362579,
          39.09255219
        ]
      },
      "properties": {
        "netid": "24:B2:B9:F2:78:C7",
        "ssid": "MWM Main Clickshare",
        "oui": "24:B2:B9",
        "channel": 36,
        "encryption": "wpa2",
        "firsttime": "2026-03-29T07:00:00.000Z",
        "lasttime": "2026-05-18T19:00:00.000Z",
        "city": "Kansas City",
        "region": "MO",
        "country": "US",
        "road": "Main Street",
        "postalcode": "64108"
      }
    },
    {
      "type": "Feature",
      "geometry": {
        "type": "Point",
        "coordinates": [
          13.01075172,
          55.60314178
        ]
      },
      "properties": {
        "netid": "24:B2:B9:F2:78:C9",
        "ssid": "ClickShare-5128",
        "oui": "24:B2:B9",
        "channel": 36,
        "encryption": "wpa2",
        "firsttime": "2026-04-18T06:00:00.000Z",
        "lasttime": "2026-04-18T00:00:00.000Z",
        "city": "Malm\u00f6",
        "region": "Sk\u00e5ne l\u00e4n",
        "country": "SE",
        "road": "Drottninggatan",
        "postalcode": "202 15"
      }
    },
    {
      "type": "Feature",
      "geometry": {
        "type": "Point",
        "coordinates": [
          11.96033859,
          51.49671936
        ]
      },
      "properties": {
        "netid": "24:B2:B9:F2:78:D7",
        "ssid": "ClickShare-coLab",
        "oui": "24:B2:B9",
        "channel": 36,
        "encryption": "wpa2",
        "firsttime": "2026-03-10T16:00:00.000Z",
        "lasttime": "2026-07-02T07:00:00.000Z",
        "city": null,
        "region": "Sachsen-Anhalt",
        "country": "DE",
        "road": "Reichardtstra\u00dfe",
        "postalcode": "06114"
      }
    },
    {
      "type": "Feature",
      "geometry": {
        "type": "Point",
        "coordinates": [
          -0.38701782,
          51.67885208
        ]
      },
      "properties": {
        "netid": "24:B2:B9:F2:78:F1",
        "ssid": "ClickShare-BoardRoom",
        "oui": "24:B2:B9",
        "channel": 36,
        "encryption": "wpa2",
        "firsttime": "2026-04-24T07:00:00.000Z",
        "lasttime": "2026-04-24T03:00:00.000Z",
        "city": null,
        "region": "England",
        "country": "GB",
        "road": "Garnett Close",
        "postalcode": "WD24 7RT"
      }
    },
    {
      "type": "Feature",
      "geometry": {
        "type": "Point",
        "coordinates": [
          -0.13824435,
          51.50856018
        ]
      },
      "properties": {
        "netid": "24:B2:B9:F2:79:7B",
        "ssid": "Duke Capital ClickShare",
        "oui": "24:B2:B9",
        "channel": 36,
        "encryption": "wpa2",
        "firsttime": "2026-05-05T08:00:00.000Z",
        "lasttime": "2026-08-02T02:00:00.000Z",
        "city": "London",
        "region": "England",
        "country": "GB",
        "road": "Piccadilly",
        "postalcode": "W1J 9ES"
      }
    },
    {
      "type": "Feature",
      "geometry": {
        "type": "Point",
        "coordinates": [
          15.40915298,
          47.06991196
        ]
      },
      "properties": {
        "netid": "24:B2:B9:F2:79:85",
        "ssid": "ClickShare-G.AP152.011",
        "oui": "24:B2:B9",
        "channel": 36,
        "encryption": "wpa2",
        "firsttime": "2026-08-02T06:00:00.000Z",
        "lasttime": "2026-08-02T00:00:00.000Z",
        "city": "Graz",
        "region": "Steiermark",
        "country": "AT",
        "road": "Alte Poststra\u00dfe",
        "postalcode": "8020"
      }
    },
    {
      "type": "Feature",
      "geometry": {
        "type": "Point",
        "coordinates": [
          23.64761734,
          37.93996811
        ]
      },
      "properties": {
        "netid": "24:B2:B9:F2:79:95",
        "ssid": "ClickShare-1862713032",
        "oui": "24:B2:B9",
        "channel": 36,
        "encryption": "wpa2",
        "firsttime": "2026-08-02T16:00:00.000Z",
        "lasttime": "2026-08-02T11:00:00.000Z",
        "city": "\u03a0\u03b5\u03b9\u03c1\u03b1\u03b9\u03ac\u03c2",
        "region": "\u0391\u03c0\u03bf\u03ba\u03b5\u03bd\u03c4\u03c1\u03c9\u03bc\u03ad\u03bd\u03b7 \u0394\u03b9\u03bf\u03af\u03ba\u03b7\u03c3\u03b7 \u0391\u03c4\u03c4\u03b9\u03ba\u03ae\u03c2",
        "country": "GR",
        "road": "\u039c\u03c0\u03bf\u03c5\u03bc\u03c0\u03bf\u03c5\u03bb\u03af\u03bd\u03b1\u03c2",
        "postalcode": "18535"
      }
    },
    {
      "type": "Feature",
      "geometry": {
        "type": "Point",
        "coordinates": [
          6.78564835,
          51.20420456
        ]
      },
      "properties": {
        "netid": "24:B2:B9:F2:79:B3",
        "ssid": "ClickShare Besprechung 1001",
        "oui": "24:B2:B9",
        "channel": 36,
        "encryption": "wpa2",
        "firsttime": "2026-07-24T21:00:00.000Z",
        "lasttime": "2026-07-25T05:00:00.000Z",
        "city": null,
        "region": "Nordrhein-Westfalen",
        "country": "DE",
        "road": "Auf'm Hennekamp",
        "postalcode": "40225"
      }
    },
    {
      "type": "Feature",
      "geometry": {
        "type": "Point",
        "coordinates": [
          -83.21356201,
          42.54440689
        ]
      },
      "properties": {
        "netid": "24:B2:B9:F2:7B:15",
        "ssid": "ClickShare-1",
        "oui": "24:B2:B9",
        "channel": 36,
        "encryption": "wpa2",
        "firsttime": "2026-04-15T13:00:00.000Z",
        "lasttime": "2026-04-15T20:00:00.000Z",
        "city": null,
        "region": "MI",
        "country": "US",
        "road": "East Brown Street",
        "postalcode": "48009"
      }
    },
    {
      "type": "Feature",
      "geometry": {
        "type": "Point",
        "coordinates": [
          -79.2299118,
          43.16329956
        ]
      },
      "properties": {
        "netid": "24:B2:B9:F2:7B:61",
        "ssid": null,
        "oui": "24:B2:B9",
        "channel": 36,
        "encryption": "wpa2",
        "firsttime": "2026-03-01T04:00:00.000Z",
        "lasttime": "2026-03-01T13:00:00.000Z",
        "city": "St. Catharines",
        "region": "Ontario",
        "country": "CA",
        "road": "Vine Street South",
        "postalcode": "L2R 3X7"
      }
    },
    {
      "type": "Feature",
      "geometry": {
        "type": "Point",
        "coordinates": [
          8.56252384,
          47.45207596
        ]
      },
      "properties": {
        "netid": "24:B2:B9:F2:7B:71",
        "ssid": "A-2-223",
        "oui": "24:B2:B9",
        "channel": 36,
        "encryption": "wpa2",
        "firsttime": "2026-05-09T02:00:00.000Z",
        "lasttime": "2026-06-08T15:00:00.000Z",
        "city": null,
        "region": "Z\u00fcrich",
        "country": "CH",
        "road": "Z\u00fcrich Flughafen",
        "postalcode": "8302"
      }
    },
    {
      "type": "Feature",
      "geometry": {
        "type": "Point",
        "coordinates": [
          1.33445323,
          51.12899399
        ]
      },
      "properties": {
        "netid": "24:B2:B9:F2:7B:77",
        "ssid": "ClickShare-1862717902",
        "oui": "24:B2:B9",
        "channel": 36,
        "encryption": "wpa2",
        "firsttime": "2026-08-02T21:00:00.000Z",
        "lasttime": "2026-08-02T15:00:00.000Z",
        "city": null,
        "region": "England",
        "country": "GB",
        "road": "Inward Car Lanes",
        "postalcode": "CT16 1HU"
      }
    },
    {
      "type": "Feature",
      "geometry": {
        "type": "Point",
        "coordinates": [
          -0.16163601,
          51.15464783
        ]
      },
      "properties": {
        "netid": "24:B2:B9:F2:7B:BF",
        "ssid": "Building 212 HVAC",
        "oui": "24:B2:B9",
        "channel": 1,
        "encryption": "wpa2",
        "firsttime": "2026-05-10T07:00:00.000Z",
        "lasttime": "2026-05-10T09:00:00.000Z",
        "city": null,
        "region": "England",
        "country": "GB",
        "road": "London Road",
        "postalcode": "RH6 0DW"
      }
    },
    {
      "type": "Feature",
      "geometry": {
        "type": "Point",
        "coordinates": [
          -79.38951111,
          43.64576721
        ]
      },
      "properties": {
        "netid": "24:B2:B9:F2:7B:E3",
        "ssid": "Riverdale ClickShare",
        "oui": "24:B2:B9",
        "channel": 36,
        "encryption": "wpa2",
        "firsttime": "2026-06-11T19:00:00.000Z",
        "lasttime": "2026-06-11T13:00:00.000Z",
        "city": "Old Toronto",
        "region": "Ontario",
        "country": "CA",
        "road": "Wellington Street West",
        "postalcode": "M5V 3P6"
      }
    },
    {
      "type": "Feature",
      "geometry": {
        "type": "Point",
        "coordinates": [
          -72.09593964,
          41.35649109
        ]
      },
      "properties": {
        "netid": "24:B2:B9:F2:7C:09",
        "ssid": null,
        "oui": "24:B2:B9",
        "channel": 36,
        "encryption": "wpa2",
        "firsttime": "2026-07-01T17:00:00.000Z",
        "lasttime": "2026-07-01T11:00:00.000Z",
        "city": "New London",
        "region": "CT",
        "country": "US",
        "road": "Eugene O'Neill Drive",
        "postalcode": "06320"
      }
    },
    {
      "type": "Feature",
      "geometry": {
        "type": "Point",
        "coordinates": [
          -86.22250366,
          43.25161743
        ]
      },
      "properties": {
        "netid": "24:B2:B9:F2:7C:89",
        "ssid": "ClickShare-1863088671",
        "oui": "24:B2:B9",
        "channel": 36,
        "encryption": "wpa2",
        "firsttime": "2026-07-31T16:00:00.000Z",
        "lasttime": "2026-07-31T09:00:00.000Z",
        "city": null,
        "region": "MI",
        "country": "US",
        "road": null,
        "postalcode": "49442"
      }
    },
    {
      "type": "Feature",
      "geometry": {
        "type": "Point",
        "coordinates": [
          -96.74634552,
          40.2206192
        ]
      },
      "properties": {
        "netid": "24:B2:B9:F2:7C:99",
        "ssid": "ClickShare-1863088525",
        "oui": "24:B2:B9",
        "channel": 36,
        "encryption": "wpa2",
        "firsttime": "2026-03-20T12:00:00.000Z",
        "lasttime": "2026-05-27T22:00:00.000Z",
        "city": null,
        "region": "NE",
        "country": "US",
        "road": "US Highway 77",
        "postalcode": "68310"
      }
    },
    {
      "type": "Feature",
      "geometry": {
        "type": "Point",
        "coordinates": [
          -90.47470856,
          38.63858795
        ]
      },
      "properties": {
        "netid": "24:B2:B9:F2:7D:CB",
        "ssid": "Luther Room",
        "oui": "24:B2:B9",
        "channel": 36,
        "encryption": "wpa2",
        "firsttime": "2026-07-23T15:00:00.000Z",
        "lasttime": "2026-07-27T08:00:00.000Z",
        "city": null,
        "region": "MO",
        "country": "US",
        "road": "Avenue of the Saints",
        "postalcode": "63141"
      }
    },
    {
      "type": "Feature",
      "geometry": {
        "type": "Point",
        "coordinates": [
          -75.69462585,
          45.4283638
        ]
      },
      "properties": {
        "netid": "24:B2:B9:F2:7D:DF",
        "ssid": "ClickShare-1863088622",
        "oui": "24:B2:B9",
        "channel": 36,
        "encryption": "wpa2",
        "firsttime": "2026-04-27T19:00:00.000Z",
        "lasttime": "2026-05-12T12:00:00.000Z",
        "city": "(Old) Ottawa",
        "region": "Ontario",
        "country": "CA",
        "road": "Clarence Street",
        "postalcode": "K1N 6Z5"
      }
    },
    {
      "type": "Feature",
      "geometry": {
        "type": "Point",
        "coordinates": [
          2.82194781,
          49.4179306
        ]
      },
      "properties": {
        "netid": "24:B2:B9:F2:7E:E1",
        "ssid": "ClickShare-1862713770",
        "oui": "24:B2:B9",
        "channel": 36,
        "encryption": "wpa2",
        "firsttime": "2026-04-04T07:00:00.000Z",
        "lasttime": "2026-04-04T12:00:00.000Z",
        "city": null,
        "region": "Hauts-de-France",
        "country": "FR",
        "road": "Rue d'Austerlitz",
        "postalcode": "60200"
      }
    },
    {
      "type": "Feature",
      "geometry": {
        "type": "Point",
        "coordinates": [
          -82.99143219,
          39.97213364
        ]
      },
      "properties": {
        "netid": "24:B2:B9:F2:7E:EF",
        "ssid": "ClickShare-COL-CP-Site-Director",
        "oui": "24:B2:B9",
        "channel": 36,
        "encryption": "wpa2",
        "firsttime": "2026-05-14T23:00:00.000Z",
        "lasttime": "2026-05-14T17:00:00.000Z",
        "city": "Columbus",
        "region": "OH",
        "country": "US",
        "road": "North Innerbelt",
        "postalcode": "43215:43224"
      }
    },
    {
      "type": "Feature",
      "geometry": {
        "type": "Point",
        "coordinates": [
          8.54301834,
          47.37248611
        ]
      },
      "properties": {
        "netid": "24:B2:B9:F2:7F:AD",
        "ssid": "ClickShare-1862719821",
        "oui": "24:B2:B9",
        "channel": 36,
        "encryption": "wpa2",
        "firsttime": "2026-06-26T15:00:00.000Z",
        "lasttime": "2026-06-30T05:00:00.000Z",
        "city": "Z\u00fcrich",
        "region": "Z\u00fcrich",
        "country": "CH",
        "road": "St\u00fcssihofstatt",
        "postalcode": "8001"
      }
    },
    {
      "type": "Feature",
      "geometry": {
        "type": "Point",
        "coordinates": [
          9.31116581,
          48.73889542
        ]
      },
      "properties": {
        "netid": "24:B2:B9:F2:7F:C7",
        "ssid": "ClickShare-S09.003",
        "oui": "24:B2:B9",
        "channel": 36,
        "encryption": "wpa2",
        "firsttime": "2025-12-07T14:00:00.000Z",
        "lasttime": "2026-03-31T06:00:00.000Z",
        "city": null,
        "region": "Baden-W\u00fcrttemberg",
        "country": "DE",
        "road": "Kanalstra\u00dfe",
        "postalcode": "73728"
      }
    },
    {
      "type": "Feature",
      "geometry": {
        "type": "Point",
        "coordinates": [
          -79.37953186,
          43.65308762
        ]
      },
      "properties": {
        "netid": "24:B2:B9:F2:80:0B",
        "ssid": "ClickShare-1863085468",
        "oui": "24:B2:B9",
        "channel": 36,
        "encryption": "wpa2",
        "firsttime": "2026-01-30T15:00:00.000Z",
        "lasttime": "2026-02-01T00:00:00.000Z",
        "city": "Old Toronto",
        "region": "Ontario",
        "country": "CA",
        "road": "Yonge Street",
        "postalcode": "M5C 3G7"
      }
    },
    {
      "type": "Feature",
      "geometry": {
        "type": "Point",
        "coordinates": [
          -118.38230896,
          34.08171844
        ]
      },
      "properties": {
        "netid": "24:B2:B9:F2:80:2B",
        "ssid": "ClickShare-1863085948",
        "oui": "24:B2:B9",
        "channel": 36,
        "encryption": "wpa2",
        "firsttime": "2026-07-15T01:00:00.000Z",
        "lasttime": "2026-07-14T20:00:00.000Z",
        "city": null,
        "region": "CA",
        "country": "US",
        "road": "Melrose Avenue",
        "postalcode": "90069"
      }
    },
    {
      "type": "Feature",
      "geometry": {
        "type": "Point",
        "coordinates": [
          4.39297056,
          50.82424164
        ]
      },
      "properties": {
        "netid": "24:B2:B9:F2:80:39",
        "ssid": "ClickShare-1862709765",
        "oui": "24:B2:B9",
        "channel": 36,
        "encryption": "wpa2",
        "firsttime": "2025-10-31T18:00:00.000Z",
        "lasttime": "2026-06-22T07:00:00.000Z",
        "city": null,
        "region": "R\u00e9gion de Bruxelles-Capitale - Brussels Hoofdstedelijk Gewest",
        "country": "BE",
        "road": "Boulevard G\u00e9n\u00e9ral Jacques - Generaal Jacqueslaan",
        "postalcode": "1040"
      }
    },
    {
      "type": "Feature",
      "geometry": {
        "type": "Point",
        "coordinates": [
          -123.1103363,
          49.28454971
        ]
      },
      "properties": {
        "netid": "24:B2:B9:F2:80:3D",
        "ssid": null,
        "oui": "24:B2:B9",
        "channel": 36,
        "encryption": "wpa2",
        "firsttime": "2025-11-02T21:00:00.000Z",
        "lasttime": "2026-07-31T19:00:00.000Z",
        "city": "Vancouver",
        "region": "British Columbia",
        "country": "CA",
        "road": "Water Street",
        "postalcode": "V6B"
      }
    },
    {
      "type": "Feature",
      "geometry": {
        "type": "Point",
        "coordinates": [
          6.02485323,
          47.24243927
        ]
      },
      "properties": {
        "netid": "24:B2:B9:F2:80:47",
        "ssid": "ClickShare-Direction",
        "oui": "24:B2:B9",
        "channel": 36,
        "encryption": "wpa2",
        "firsttime": "2026-01-02T05:00:00.000Z",
        "lasttime": "2026-04-10T13:00:00.000Z",
        "city": "Besan\u00e7on",
        "region": "Bourgogne-Franche-Comt\u00e9",
        "country": "FR",
        "road": "Quai de Strasbourg",
        "postalcode": "25000"
      }
    },
    {
      "type": "Feature",
      "geometry": {
        "type": "Point",
        "coordinates": [
          -77.43276215,
          37.5421524
        ]
      },
      "properties": {
        "netid": "24:B2:B9:F2:80:53",
        "ssid": "Deputy Office",
        "oui": "24:B2:B9",
        "channel": 36,
        "encryption": "wpa2",
        "firsttime": "2026-05-30T18:00:00.000Z",
        "lasttime": "2026-07-10T19:00:00.000Z",
        "city": "Richmond",
        "region": "VA",
        "country": "US",
        "road": "North 9th Street",
        "postalcode": "23219"
      }
    },
    {
      "type": "Feature",
      "geometry": {
        "type": "Point",
        "coordinates": [
          -73.74330902,
          45.56941223
        ]
      },
      "properties": {
        "netid": "24:B2:B9:F2:80:5B",
        "ssid": "ClickShare-1863086277",
        "oui": "24:B2:B9",
        "channel": 36,
        "encryption": "wpa2",
        "firsttime": "2026-03-27T16:00:00.000Z",
        "lasttime": "2026-03-27T15:00:00.000Z",
        "city": "Laval (13)",
        "region": "Qu\u00e9bec",
        "country": "CA",
        "road": "Autoroute des Laurentides",
        "postalcode": "H7S 1Z6"
      }
    },
    {
      "type": "Feature",
      "geometry": {
        "type": "Point",
        "coordinates": [
          24.80940819,
          60.22088242
        ]
      },
      "properties": {
        "netid": "24:B2:B9:F2:80:5D",
        "ssid": "ClickShare-A5062",
        "oui": "24:B2:B9",
        "channel": 36,
        "encryption": "wpa2",
        "firsttime": "2026-01-04T18:00:00.000Z",
        "lasttime": "2026-05-30T06:00:00.000Z",
        "city": "Espoo",
        "region": "Manner-Suomi",
        "country": "FI",
        "road": "Ratsukatu",
        "postalcode": "02600"
      }
    },
    {
      "type": "Feature",
      "geometry": {
        "type": "Point",
        "coordinates": [
          8.40861988,
          47.41999817
        ]
      },
      "properties": {
        "netid": "24:B2:B9:F2:80:61",
        "ssid": "ClickShare K&B CH",
        "oui": "24:B2:B9",
        "channel": 36,
        "encryption": "wpa2",
        "firsttime": "2026-01-06T05:00:00.000Z",
        "lasttime": "2026-07-02T02:00:00.000Z",
        "city": null,
        "region": "Z\u00fcrich",
        "country": "CH",
        "road": "A1;A3",
        "postalcode": "8954"
      }
    },
    {
      "type": "Feature",
      "geometry": {
        "type": "Point",
        "coordinates": [
          9.38656425,
          47.42859268
        ]
      },
      "properties": {
        "netid": "24:B2:B9:F2:80:6D",
        "ssid": "ClickShare-AVSVFoyer",
        "oui": "24:B2:B9",
        "channel": 1,
        "encryption": "wpa2",
        "firsttime": "2026-06-15T20:00:00.000Z",
        "lasttime": "2026-06-15T13:00:00.000Z",
        "city": "Sankt Gallen",
        "region": "Sankt Gallen",
        "country": "CH",
        "road": "Rorschacher Strasse",
        "postalcode": "9000"
      }
    },
    {
      "type": "Feature",
      "geometry": {
        "type": "Point",
        "coordinates": [
          8.5222168,
          47.35987091
        ]
      },
      "properties": {
        "netid": "24:B2:B9:F2:80:77",
        "ssid": "SiZi Luzern",
        "oui": "24:B2:B9",
        "channel": 36,
        "encryption": "wpa2",
        "firsttime": "2026-05-10T14:00:00.000Z",
        "lasttime": "2026-05-10T08:00:00.000Z",
        "city": "Z\u00fcrich",
        "region": "Z\u00fcrich",
        "country": "CH",
        "road": "Edenstrasse",
        "postalcode": "8045"
      }
    },
    {
      "type": "Feature",
      "geometry": {
        "type": "Point",
        "coordinates": [
          10.0294466,
          53.64502716
        ]
      },
      "properties": {
        "netid": "24:B2:B9:F2:80:89",
        "ssid": "ClickShare-1862709822",
        "oui": "24:B2:B9",
        "channel": 36,
        "encryption": "wpa2",
        "firsttime": "2026-03-03T14:00:00.000Z",
        "lasttime": "2026-03-20T00:00:00.000Z",
        "city": "Hamburg",
        "region": "Hummelsb\u00fcttel",
        "country": "DE",
        "road": "Lademannbogen",
        "postalcode": "22339"
      }
    },
    {
      "type": "Feature",
      "geometry": {
        "type": "Point",
        "coordinates": [
          46.65958405,
          24.73640823
        ]
      },
      "properties": {
        "netid": "24:B2:B9:F2:80:AB",
        "ssid": "ClickShare-1862709726",
        "oui": "24:B2:B9",
        "channel": 36,
        "encryption": "wpa2",
        "firsttime": "2026-02-12T18:00:00.000Z",
        "lasttime": "2026-08-01T11:00:00.000Z",
        "city": null,
        "region": "\u0645\u0646\u0637\u0642\u0629 \u0627\u0644\u0631\u064a\u0627\u0636",
        "country": "SA",
        "road": "\u0637\u0631\u064a\u0642 \u0627\u0644\u0645\u0644\u0643 \u0641\u0647\u062f",
        "postalcode": "12388"
      }
    },
    {
      "type": "Feature",
      "geometry": {
        "type": "Point",
        "coordinates": [
          14.29031849,
          48.30149841
        ]
      },
      "properties": {
        "netid": "24:B2:B9:F2:80:BF",
        "ssid": "Noox Box Personal",
        "oui": "24:B2:B9",
        "channel": 36,
        "encryption": "wpa2",
        "firsttime": "2026-03-17T06:00:00.000Z",
        "lasttime": "2026-07-09T02:00:00.000Z",
        "city": "Linz",
        "region": "Ober\u00f6sterreich",
        "country": "AT",
        "road": "Landstra\u00dfe",
        "postalcode": "4020"
      }
    },
    {
      "type": "Feature",
      "geometry": {
        "type": "Point",
        "coordinates": [
          -64.7489624,
          46.09454727
        ]
      },
      "properties": {
        "netid": "24:B2:B9:F3:8F:9D",
        "ssid": "Ville de Dieppe - Library",
        "oui": "24:B2:B9",
        "channel": 36,
        "encryption": "wpa2",
        "firsttime": "2026-05-02T11:00:00.000Z",
        "lasttime": "2026-05-02T10:00:00.000Z",
        "city": "Dieppe",
        "region": "New Brunswick / Nouveau-Brunswick",
        "country": "CA",
        "road": "Acadie Avenue",
        "postalcode": "E1A 1P1"
      }
    },
    {
      "type": "Feature",
      "geometry": {
        "type": "Point",
        "coordinates": [
          -78.90206146,
          35.99583817
        ]
      },
      "properties": {
        "netid": "24:B2:B9:F3:90:35",
        "ssid": "ClickShare-1863087801",
        "oui": "24:B2:B9",
        "channel": 36,
        "encryption": "wpa2",
        "firsttime": "2026-04-12T00:00:00.000Z",
        "lasttime": "2026-04-18T18:00:00.000Z",
        "city": "Durham",
        "region": "NC",
        "country": "US",
        "road": "West Main Street",
        "postalcode": "27701"
      }
    },
    {
      "type": "Feature",
      "geometry": {
        "type": "Point",
        "coordinates": [
          2.37985444,
          48.83965302
        ]
      },
      "properties": {
        "netid": "24:B2:B9:F3:91:53",
        "ssid": "ClickShare-1862713666",
        "oui": "24:B2:B9",
        "channel": 36,
        "encryption": "wpa2",
        "firsttime": "2026-02-25T18:00:00.000Z",
        "lasttime": "2026-02-25T17:00:00.000Z",
        "city": "Paris",
        "region": "\u00cele-de-France",
        "country": "FR",
        "road": "Rue de Bercy",
        "postalcode": "75012"
      }
    },
    {
      "type": "Feature",
      "geometry": {
        "type": "Point",
        "coordinates": [
          12.06985188,
          55.6313591
        ]
      },
      "properties": {
        "netid": "24:B2:B9:F3:92:3D",
        "ssid": "ClickShare-1862714313",
        "oui": "24:B2:B9",
        "channel": 36,
        "encryption": "wpa2",
        "firsttime": "2026-04-25T12:00:00.000Z",
        "lasttime": "2026-04-29T02:00:00.000Z",
        "city": "Roskilde",
        "region": "Region Sj\u00e6lland",
        "country": "DK",
        "road": "Ringstedvej",
        "postalcode": "4000"
      }
    },
    {
      "type": "Feature",
      "geometry": {
        "type": "Point",
        "coordinates": [
          -122.14627838,
          47.78115845
        ]
      },
      "properties": {
        "netid": "24:B2:B9:F3:92:55",
        "ssid": "ClickShare-1863086850",
        "oui": "24:B2:B9",
        "channel": 36,
        "encryption": "wpa2",
        "firsttime": "2026-04-16T01:00:00.000Z",
        "lasttime": "2026-04-17T11:00:00.000Z",
        "city": null,
        "region": "WA",
        "country": "US",
        "road": "Woodinville Snohomish Road",
        "postalcode": "98021-5068"
      }
    },
    {
      "type": "Feature",
      "geometry": {
        "type": "Point",
        "coordinates": [
          13.79194832,
          51.04308319
        ]
      },
      "properties": {
        "netid": "24:B2:B9:F3:92:B5",
        "ssid": "ClickShare-Amt50-5/504b",
        "oui": "24:B2:B9",
        "channel": 36,
        "encryption": "wpa2",
        "firsttime": "2026-04-02T13:00:00.000Z",
        "lasttime": "2026-07-04T06:00:00.000Z",
        "city": "Dresden",
        "region": "Sachsen",
        "country": "DE",
        "road": "Schandauer Stra\u00dfe",
        "postalcode": "01309"
      }
    },
    {
      "type": "Feature",
      "geometry": {
        "type": "Point",
        "coordinates": [
          9.27092457,
          48.72216415
        ]
      },
      "properties": {
        "netid": "24:B2:B9:F3:92:D7",
        "ssid": "ClickShare-Raum 3.12",
        "oui": "24:B2:B9",
        "channel": 36,
        "encryption": "wpa2",
        "firsttime": "2006-11-21T11:00:00.000Z",
        "lasttime": "2026-07-23T08:00:00.000Z",
        "city": null,
        "region": "Baden-W\u00fcrttemberg",
        "country": "DE",
        "road": "Bonhoefferstra\u00dfe",
        "postalcode": "73760"
      }
    },
    {
      "type": "Feature",
      "geometry": {
        "type": "Point",
        "coordinates": [
          5.91653681,
          51.97546387
        ]
      },
      "properties": {
        "netid": "24:B2:B9:F3:93:47",
        "ssid": "ClickShare-1862724807",
        "oui": "24:B2:B9",
        "channel": 36,
        "encryption": "wpa2",
        "firsttime": "2026-01-09T10:00:00.000Z",
        "lasttime": "2026-04-10T12:00:00.000Z",
        "city": "Arnhem",
        "region": "Gelderland",
        "country": "NL",
        "road": "Westervoortsedijk",
        "postalcode": "6827AS"
      }
    },
    {
      "type": "Feature",
      "geometry": {
        "type": "Point",
        "coordinates": [
          -73.57215118,
          45.50517273
        ]
      },
      "properties": {
        "netid": "24:B2:B9:F3:93:57",
        "ssid": null,
        "oui": "24:B2:B9",
        "channel": 36,
        "encryption": "wpa2",
        "firsttime": "2026-07-10T15:00:00.000Z",
        "lasttime": "2026-07-10T16:00:00.000Z",
        "city": "Montr\u00e9al",
        "region": "Qu\u00e9bec",
        "country": "CA",
        "road": "Avenue Union",
        "postalcode": "H3A 2C1"
      }
    },
    {
      "type": "Feature",
      "geometry": {
        "type": "Point",
        "coordinates": [
          -73.9785614,
          40.75
        ]
      },
      "properties": {
        "netid": "24:B2:B9:F3:93:7F",
        "ssid": "ClickShare-1863090723",
        "oui": "24:B2:B9",
        "channel": 36,
        "encryption": "wpa2",
        "firsttime": "2026-06-27T21:00:00.000Z",
        "lasttime": "2026-06-27T20:00:00.000Z",
        "city": "City of New York",
        "region": "NY",
        "country": "US",
        "road": "East 39th Street",
        "postalcode": "10016"
      }
    },
    {
      "type": "Feature",
      "geometry": {
        "type": "Point",
        "coordinates": [
          4.47888231,
          51.23624802
        ]
      },
      "properties": {
        "netid": "24:B2:B9:F3:94:5B",
        "ssid": "ClickShare_2.5Vergaderzaal",
        "oui": "24:B2:B9",
        "channel": 44,
        "encryption": "wpa2",
        "firsttime": "2026-01-20T07:00:00.000Z",
        "lasttime": "2026-08-04T14:00:00.000Z",
        "city": null,
        "region": "Antwerpen",
        "country": "BE",
        "road": "Bisschoppenhoflaan",
        "postalcode": "2100"
      }
    },
    {
      "type": "Feature",
      "geometry": {
        "type": "Point",
        "coordinates": [
          -98.48278809,
          29.42192078
        ]
      },
      "properties": {
        "netid": "24:B2:B9:F3:94:5F",
        "ssid": null,
        "oui": "24:B2:B9",
        "channel": 165,
        "encryption": "wpa2",
        "firsttime": "2026-06-15T18:00:00.000Z",
        "lasttime": "2026-06-15T18:00:00.000Z",
        "city": "San Antonio",
        "region": "TX",
        "country": "US",
        "road": "East Market Street",
        "postalcode": "78205"
      }
    },
    {
      "type": "Feature",
      "geometry": {
        "type": "Point",
        "coordinates": [
          -80.18715668,
          25.77404785
        ]
      },
      "properties": {
        "netid": "24:B2:B9:F3:94:AF",
        "ssid": "ClickShare-MIAOffice1801",
        "oui": "24:B2:B9",
        "channel": 40,
        "encryption": "wpa2",
        "firsttime": "2026-05-26T15:00:00.000Z",
        "lasttime": "2026-07-24T20:00:00.000Z",
        "city": "Miami",
        "region": "FL",
        "country": "US",
        "road": "Biscayne Boulevard",
        "postalcode": "33131"
      }
    },
    {
      "type": "Feature",
      "geometry": {
        "type": "Point",
        "coordinates": [
          8.04297924,
          52.27206039
        ]
      },
      "properties": {
        "netid": "24:B2:B9:F3:94:E1",
        "ssid": "Coworking Space ClickShare",
        "oui": "24:B2:B9",
        "channel": 36,
        "encryption": "wpa2",
        "firsttime": "2026-04-21T14:00:00.000Z",
        "lasttime": "2026-08-05T14:00:00.000Z",
        "city": null,
        "region": "Niedersachsen",
        "country": "DE",
        "road": "Neuer Graben",
        "postalcode": "49074"
      }
    },
    {
      "type": "Feature",
      "geometry": {
        "type": "Point",
        "coordinates": [
          -86.22260284,
          43.25165176
        ]
      },
      "properties": {
        "netid": "24:B2:B9:F3:94:E7",
        "ssid": "ClickShare-1863088611",
        "oui": "24:B2:B9",
        "channel": 36,
        "encryption": "wpa2",
        "firsttime": "2026-07-31T15:00:00.000Z",
        "lasttime": "2026-07-31T10:00:00.000Z",
        "city": null,
        "region": "MI",
        "country": "US",
        "road": null,
        "postalcode": "49442"
      }
    },
    {
      "type": "Feature",
      "geometry": {
        "type": "Point",
        "coordinates": [
          -74.04915619,
          40.71620178
        ]
      },
      "properties": {
        "netid": "24:B2:B9:F3:94:F7",
        "ssid": "ClickShare-1863088316",
        "oui": "24:B2:B9",
        "channel": 36,
        "encryption": "wpa2",
        "firsttime": "2026-05-25T22:00:00.000Z",
        "lasttime": "2026-07-16T20:00:00.000Z",
        "city": "Jersey City",
        "region": "NJ",
        "country": "US",
        "road": "Jersey Avenue",
        "postalcode": "07302"
      }
    },
    {
      "type": "Feature",
      "geometry": {
        "type": "Point",
        "coordinates": [
          -85.74394989,
          38.25411224
        ]
      },
      "properties": {
        "netid": "24:B2:B9:F3:95:13",
        "ssid": "ClickShare-1863086749",
        "oui": "24:B2:B9",
        "channel": 1,
        "encryption": "wpa2",
        "firsttime": "2026-05-21T00:00:00.000Z",
        "lasttime": "2026-08-05T17:00:00.000Z",
        "city": "Louisville",
        "region": "KY",
        "country": "US",
        "road": "South Jackson Street",
        "postalcode": "40202"
      }
    },
    {
      "type": "Feature",
      "geometry": {
        "type": "Point",
        "coordinates": [
          -80.31539917,
          25.68368721
        ]
      },
      "properties": {
        "netid": "24:B2:B9:F3:95:89",
        "ssid": "ClickShare-1863087664",
        "oui": "24:B2:B9",
        "channel": 36,
        "encryption": "wpa2",
        "firsttime": "2026-07-11T19:00:00.000Z",
        "lasttime": "2026-07-11T15:00:00.000Z",
        "city": "Kendall",
        "region": "FL",
        "country": "US",
        "road": "Palmetto Expressway",
        "postalcode": "33156-7704"
      }
    },
    {
      "type": "Feature",
      "geometry": {
        "type": "Point",
        "coordinates": [
          7.63593245,
          47.19005203
        ]
      },
      "properties": {
        "netid": "24:B2:B9:F3:95:B3",
        "ssid": "ClickShare-1862717935",
        "oui": "24:B2:B9",
        "channel": 36,
        "encryption": "wpa2",
        "firsttime": "2026-04-14T05:00:00.000Z",
        "lasttime": "2026-04-20T22:00:00.000Z",
        "city": null,
        "region": "Solothurn",
        "country": "CH",
        "road": "Industriestrasse",
        "postalcode": "4554"
      }
    },
    {
      "type": "Feature",
      "geometry": {
        "type": "Point",
        "coordinates": [
          8.73405075,
          47.49731827
        ]
      },
      "properties": {
        "netid": "24:B2:B9:F3:95:CB",
        "ssid": "ClickShare-M114",
        "oui": "24:B2:B9",
        "channel": 36,
        "encryption": "wpa2",
        "firsttime": "2026-05-22T06:00:00.000Z",
        "lasttime": "2026-05-31T07:00:00.000Z",
        "city": "Winterthur",
        "region": "Z\u00fcrich",
        "country": "CH",
        "road": "T\u00f6sstalstrasse",
        "postalcode": "8400"
      }
    },
    {
      "type": "Feature",
      "geometry": {
        "type": "Point",
        "coordinates": [
          -118.19121552,
          33.76705551
        ]
      },
      "properties": {
        "netid": "24:B2:B9:F3:95:E3",
        "ssid": "Long Beach Clickshare",
        "oui": "24:B2:B9",
        "channel": 36,
        "encryption": "wpa2",
        "firsttime": "2026-06-12T00:00:00.000Z",
        "lasttime": "2026-07-24T22:00:00.000Z",
        "city": "Long Beach",
        "region": "CA",
        "country": "US",
        "road": "East Ocean Boulevard",
        "postalcode": "90802"
      }
    },
    {
      "type": "Feature",
      "geometry": {
        "type": "Point",
        "coordinates": [
          7.86228228,
          48.00108337
        ]
      },
      "properties": {
        "netid": "24:B2:B9:F3:96:95",
        "ssid": "ClickShare-Raum-2-0",
        "oui": "24:B2:B9",
        "channel": 36,
        "encryption": "wpa2",
        "firsttime": "2026-04-04T12:00:00.000Z",
        "lasttime": "2026-04-04T05:00:00.000Z",
        "city": "Freiburg im Breisgau",
        "region": "Baden-W\u00fcrttemberg",
        "country": "DE",
        "road": "L\u00e4ngenhardstra\u00dfe",
        "postalcode": "79104"
      }
    },
    {
      "type": "Feature",
      "geometry": {
        "type": "Point",
        "coordinates": [
          -117.91972351,
          33.69756699
        ]
      },
      "properties": {
        "netid": "24:B2:B9:F3:96:C3",
        "ssid": "JM ClickShare-1863086773",
        "oui": "24:B2:B9",
        "channel": 149,
        "encryption": "wpa2",
        "firsttime": "2025-11-15T01:00:00.000Z",
        "lasttime": "2026-04-20T12:00:00.000Z",
        "city": "Costa Mesa",
        "region": "CA",
        "country": "US",
        "road": "Harbor Boulevard",
        "postalcode": "92704-7096"
      }
    },
    {
      "type": "Feature",
      "geometry": {
        "type": "Point",
        "coordinates": [
          -117.93370819,
          34.12449265
        ]
      },
      "properties": {
        "netid": "24:B2:B9:F3:97:2D",
        "ssid": null,
        "oui": "24:B2:B9",
        "channel": 36,
        "encryption": "wpa2",
        "firsttime": "2026-07-21T23:00:00.000Z",
        "lasttime": "2026-07-21T20:00:00.000Z",
        "city": "Irwindale",
        "region": "CA",
        "country": "US",
        "road": "North Irwindale Avenue",
        "postalcode": "91702"
      }
    },
    {
      "type": "Feature",
      "geometry": {
        "type": "Point",
        "coordinates": [
          -86.77941132,
          36.16725159
        ]
      },
      "properties": {
        "netid": "24:B2:B9:F3:97:69",
        "ssid": "ClickShare-1863087605",
        "oui": "24:B2:B9",
        "channel": 36,
        "encryption": "wpa2",
        "firsttime": "2026-04-17T21:00:00.000Z",
        "lasttime": "2026-07-17T22:00:00.000Z",
        "city": "Nashville-Davidson",
        "region": "TN",
        "country": "US",
        "road": "James Robertson Parkway",
        "postalcode": "37201"
      }
    },
    {
      "type": "Feature",
      "geometry": {
        "type": "Point",
        "coordinates": [
          -117.31076813,
          33.1256485
        ]
      },
      "properties": {
        "netid": "24:B2:B9:F3:97:A3",
        "ssid": "ClickShare-1863087206",
        "oui": "24:B2:B9",
        "channel": 36,
        "encryption": "wpa2",
        "firsttime": "2026-03-30T23:00:00.000Z",
        "lasttime": "2026-05-20T13:00:00.000Z",
        "city": "Carlsbad",
        "region": "CA",
        "country": "US",
        "road": "5",
        "postalcode": "92009-1114"
      }
    },
    {
      "type": "Feature",
      "geometry": {
        "type": "Point",
        "coordinates": [
          -88.2618103,
          42.10400772
        ]
      },
      "properties": {
        "netid": "24:B2:B9:F3:97:C5",
        "ssid": "Administration-Conference-Room",
        "oui": "24:B2:B9",
        "channel": 36,
        "encryption": "wpa2",
        "firsttime": "2026-02-03T23:00:00.000Z",
        "lasttime": "2026-02-10T14:00:00.000Z",
        "city": null,
        "region": "IL",
        "country": "US",
        "road": "IL 68",
        "postalcode": "60110"
      }
    },
    {
      "type": "Feature",
      "geometry": {
        "type": "Point",
        "coordinates": [
          -77.03865051,
          38.90413284
        ]
      },
      "properties": {
        "netid": "24:B2:B9:F3:98:5D",
        "ssid": "ClickShare-1863088238",
        "oui": "24:B2:B9",
        "channel": 36,
        "encryption": "wpa2",
        "firsttime": "2026-07-25T21:00:00.000Z",
        "lasttime": "2026-08-02T16:00:00.000Z",
        "city": "Washington",
        "region": "DC",
        "country": "US",
        "road": "17th Street Northwest",
        "postalcode": "20009"
      }
    },
    {
      "type": "Feature",
      "geometry": {
        "type": "Point",
        "coordinates": [
          -122.71835327,
          38.44562531
        ]
      },
      "properties": {
        "netid": "24:B2:B9:F3:99:25",
        "ssid": "ClickShare-1863087688",
        "oui": "24:B2:B9",
        "channel": 36,
        "encryption": "wpa2",
        "firsttime": "2026-06-10T21:00:00.000Z",
        "lasttime": "2026-06-10T15:00:00.000Z",
        "city": "Santa Rosa",
        "region": "CA",
        "country": "US",
        "road": "College Avenue",
        "postalcode": "95402"
      }
    },
    {
      "type": "Feature",
      "geometry": {
        "type": "Point",
        "coordinates": [
          -122.01514435,
          37.92798615
        ]
      },
      "properties": {
        "netid": "24:B2:B9:F3:99:5B",
        "ssid": "BAP001ConfRoom",
        "oui": "24:B2:B9",
        "channel": 36,
        "encryption": "wpa2",
        "firsttime": "2026-04-20T15:00:00.000Z",
        "lasttime": "2026-04-20T08:00:00.000Z",
        "city": null,
        "region": "CA",
        "country": "US",
        "road": "Oak Grove Road",
        "postalcode": "94598"
      }
    },
    {
      "type": "Feature",
      "geometry": {
        "type": "Point",
        "coordinates": [
          -73.57132721,
          45.50471497
        ]
      },
      "properties": {
        "netid": "24:B2:B9:F3:99:69",
        "ssid": null,
        "oui": "24:B2:B9",
        "channel": 36,
        "encryption": "wpa2",
        "firsttime": "2026-07-10T15:00:00.000Z",
        "lasttime": "2026-07-10T16:00:00.000Z",
        "city": "Montr\u00e9al",
        "region": "Qu\u00e9bec",
        "country": "CA",
        "road": "Avenue Union",
        "postalcode": "H3A 2C1"
      }
    },
    {
      "type": "Feature",
      "geometry": {
        "type": "Point",
        "coordinates": [
          -89.0925293,
          42.27394867
        ]
      },
      "properties": {
        "netid": "24:B2:B9:F3:99:E9",
        "ssid": "ClickShare-Coronado",
        "oui": "24:B2:B9",
        "channel": 36,
        "encryption": "wpa2",
        "firsttime": "2026-04-29T08:00:00.000Z",
        "lasttime": "2026-05-13T07:00:00.000Z",
        "city": "Rockford",
        "region": "IL",
        "country": "US",
        "road": "North Main Street",
        "postalcode": "61101"
      }
    },
    {
      "type": "Feature",
      "geometry": {
        "type": "Point",
        "coordinates": [
          -95.50761414,
          29.86552238
        ]
      },
      "properties": {
        "netid": "24:B2:B9:F3:9A:85",
        "ssid": "ClickShare- RHTX Annex",
        "oui": "24:B2:B9",
        "channel": 36,
        "encryption": "wpa2",
        "firsttime": "2026-04-24T13:00:00.000Z",
        "lasttime": "2026-04-24T20:00:00.000Z",
        "city": "Houston",
        "region": "TX",
        "country": "US",
        "road": "West Little York Road",
        "postalcode": "77091"
      }
    },
    {
      "type": "Feature",
      "geometry": {
        "type": "Point",
        "coordinates": [
          -117.77320099,
          33.66027832
        ]
      },
      "properties": {
        "netid": "24:B2:B9:F3:9A:E1",
        "ssid": "ClickShare-1863087895",
        "oui": "24:B2:B9",
        "channel": 36,
        "encryption": "wpa2",
        "firsttime": "2026-06-09T22:00:00.000Z",
        "lasttime": "2026-06-24T14:00:00.000Z",
        "city": "Irvine",
        "region": "CA",
        "country": "US",
        "road": "Sand Canyon Avenue",
        "postalcode": "92618"
      }
    },
    {
      "type": "Feature",
      "geometry": {
        "type": "Point",
        "coordinates": [
          -79.96820068,
          40.42735672
        ]
      },
      "properties": {
        "netid": "24:B2:B9:F3:9B:3B",
        "ssid": "ClickShare-SSManager",
        "oui": "24:B2:B9",
        "channel": 36,
        "encryption": "wpa2",
        "firsttime": "2026-07-25T22:00:00.000Z",
        "lasttime": "2026-07-26T01:00:00.000Z",
        "city": "Pittsburgh",
        "region": "PA",
        "country": "US",
        "road": "East Carson Street",
        "postalcode": "15203"
      }
    },
    {
      "type": "Feature",
      "geometry": {
        "type": "Point",
        "coordinates": [
          -97.37180328,
          31.07679939
        ]
      },
      "properties": {
        "netid": "24:B2:B9:F4:10:FA",
        "ssid": null,
        "oui": "24:B2:B9",
        "channel": 0,
        "encryption": "unknown",
        "firsttime": "2026-04-11T08:00:00.000Z",
        "lasttime": "2026-04-11T12:00:00.000Z",
        "city": null,
        "region": "TX",
        "country": "US",
        "road": "Everton Drive",
        "postalcode": "76504"
      }
    },
    {
      "type": "Feature",
      "geometry": {
        "type": "Point",
        "coordinates": [
          4.83996773,
          51.18701935
        ]
      },
      "properties": {
        "netid": "24:B2:B9:F4:21:2D",
        "ssid": "ClickShare - +1 grote zaal 02",
        "oui": "24:B2:B9",
        "channel": 36,
        "encryption": "wpa2",
        "firsttime": "2026-08-05T10:00:00.000Z",
        "lasttime": "2026-08-05T15:00:00.000Z",
        "city": null,
        "region": "Antwerpen",
        "country": "BE",
        "road": null,
        "postalcode": "2200"
      }
    },
    {
      "type": "Feature",
      "geometry": {
        "type": "Point",
        "coordinates": [
          -93.89007568,
          45.40122986
        ]
      },
      "properties": {
        "netid": "24:B2:B9:F4:21:67",
        "ssid": "ClickShare-BKRMain",
        "oui": "24:B2:B9",
        "channel": 36,
        "encryption": "wpa2",
        "firsttime": "2026-04-21T12:00:00.000Z",
        "lasttime": "2026-06-19T12:00:00.000Z",
        "city": null,
        "region": "MN",
        "country": "US",
        "road": "US 10",
        "postalcode": "55308"
      }
    },
    {
      "type": "Feature",
      "geometry": {
        "type": "Point",
        "coordinates": [
          -117.67206573,
          33.56768417
        ]
      },
      "properties": {
        "netid": "24:B2:B9:F4:21:8B",
        "ssid": "ClickShare-1889160002",
        "oui": "24:B2:B9",
        "channel": 36,
        "encryption": "wpa2",
        "firsttime": "2026-05-25T12:00:00.000Z",
        "lasttime": "2026-08-01T22:00:00.000Z",
        "city": "Mission Viejo",
        "region": "CA",
        "country": "US",
        "road": "San Diego Freeway",
        "postalcode": "92690-9998"
      }
    },
    {
      "type": "Feature",
      "geometry": {
        "type": "Point",
        "coordinates": [
          -101.88788605,
          35.16221237
        ]
      },
      "properties": {
        "netid": "24:B2:B9:F4:21:DF",
        "ssid": "Window Conference - CS",
        "oui": "24:B2:B9",
        "channel": 36,
        "encryption": "wpa2",
        "firsttime": "2026-04-30T01:00:00.000Z",
        "lasttime": "2026-08-04T22:00:00.000Z",
        "city": "Amarillo",
        "region": "TX",
        "country": "US",
        "road": "Southwest 45th Avenue",
        "postalcode": "79109-7216"
      }
    },
    {
      "type": "Feature",
      "geometry": {
        "type": "Point",
        "coordinates": [
          -74.01236725,
          40.21579742
        ]
      },
      "properties": {
        "netid": "24:B2:B9:F4:22:69",
        "ssid": "ClickShare-1862715131",
        "oui": "24:B2:B9",
        "channel": 36,
        "encryption": "wpa2",
        "firsttime": "2026-07-11T00:00:00.000Z",
        "lasttime": "2026-08-07T17:00:00.000Z",
        "city": null,
        "region": "NJ",
        "country": "US",
        "road": "Cookman Avenue",
        "postalcode": "07712"
      }
    },
    {
      "type": "Feature",
      "geometry": {
        "type": "Point",
        "coordinates": [
          -86.26615906,
          39.88376617
        ]
      },
      "properties": {
        "netid": "24:B2:B9:F4:23:19",
        "ssid": "ClickShare-1863090731",
        "oui": "24:B2:B9",
        "channel": 36,
        "encryption": "wep",
        "firsttime": "2026-04-10T01:00:00.000Z",
        "lasttime": "2026-04-09T19:00:00.000Z",
        "city": "Indianapolis",
        "region": "IN",
        "country": "US",
        "road": "Woodland Drive",
        "postalcode": "46278"
      }
    },
    {
      "type": "Feature",
      "geometry": {
        "type": "Point",
        "coordinates": [
          -86.26883698,
          39.86945343
        ]
      },
      "properties": {
        "netid": "24:B2:B9:F4:23:4D",
        "ssid": "ClickShare-1863090808",
        "oui": "24:B2:B9",
        "channel": 36,
        "encryption": "wpa2",
        "firsttime": "2026-04-08T13:00:00.000Z",
        "lasttime": "2026-04-11T22:00:00.000Z",
        "city": "Indianapolis",
        "region": "IN",
        "country": "US",
        "road": "I 465",
        "postalcode": "46254"
      }
    },
    {
      "type": "Feature",
      "geometry": {
        "type": "Point",
        "coordinates": [
          121.56085205,
          25.03209114
        ]
      },
      "properties": {
        "netid": "24:B2:B9:F4:24:59",
        "ssid": "ClickShare-Meeting Room C",
        "oui": "24:B2:B9",
        "channel": 36,
        "encryption": "wpa2",
        "firsttime": "2026-01-01T12:00:00.000Z",
        "lasttime": "2026-01-01T07:00:00.000Z",
        "city": "\u81fa\u5317\u5e02",
        "region": "\u81fa\u5317\u5e02",
        "country": "TW",
        "road": "\u677e\u52e4\u8857",
        "postalcode": "110"
      }
    },
    {
      "type": "Feature",
      "geometry": {
        "type": "Point",
        "coordinates": [
          -97.25778198,
          33.17693329
        ]
      },
      "properties": {
        "netid": "24:B2:B9:F4:24:75",
        "ssid": "ClickShare-Marks-Office",
        "oui": "24:B2:B9",
        "channel": 48,
        "encryption": "wpa2",
        "firsttime": "2026-07-28T14:00:00.000Z",
        "lasttime": "2026-07-28T07:00:00.000Z",
        "city": null,
        "region": "TX",
        "country": "US",
        "road": "FM 2449",
        "postalcode": "76259"
      }
    },
    {
      "type": "Feature",
      "geometry": {
        "type": "Point",
        "coordinates": [
          145.77479553,
          -16.92562485
        ]
      },
      "properties": {
        "netid": "24:B2:B9:F4:24:8B",
        "ssid": "ClickShare-1862715275",
        "oui": "24:B2:B9",
        "channel": 36,
        "encryption": "wpa2",
        "firsttime": "2026-07-04T22:00:00.000Z",
        "lasttime": "2026-07-31T05:00:00.000Z",
        "city": "Cairns",
        "region": "Queensland",
        "country": "AU",
        "road": "Spence Street",
        "postalcode": "4870"
      }
    },
    {
      "type": "Feature",
      "geometry": {
        "type": "Point",
        "coordinates": [
          -92.10180664,
          46.78417969
        ]
      },
      "properties": {
        "netid": "24:B2:B9:F4:24:D5",
        "ssid": "Barco Clickshare",
        "oui": "24:B2:B9",
        "channel": 36,
        "encryption": "wpa2",
        "firsttime": "2026-02-07T20:00:00.000Z",
        "lasttime": "2026-07-09T18:00:00.000Z",
        "city": "Duluth",
        "region": "MN",
        "country": "US",
        "road": "West Superior Street",
        "postalcode": "55802"
      }
    },
    {
      "type": "Feature",
      "geometry": {
        "type": "Point",
        "coordinates": [
          -63.52552032,
          44.63493729
        ]
      },
      "properties": {
        "netid": "24:B2:B9:F4:25:59",
        "ssid": "ClickShare-1862724574",
        "oui": "24:B2:B9",
        "channel": 36,
        "encryption": "wpa2",
        "firsttime": "2026-07-22T22:00:00.000Z",
        "lasttime": "2026-07-22T17:00:00.000Z",
        "city": "Dartmouth",
        "region": "Nova Scotia",
        "country": "CA",
        "road": "Pleasant Street",
        "postalcode": "B2W 1A7"
      }
    },
    {
      "type": "Feature",
      "geometry": {
        "type": "Point",
        "coordinates": [
          9.61696148,
          47.78773499
        ]
      },
      "properties": {
        "netid": "24:B2:B9:F4:26:05",
        "ssid": "ClickShare-1862718657",
        "oui": "24:B2:B9",
        "channel": 36,
        "encryption": "wpa2",
        "firsttime": "2026-07-28T16:00:00.000Z",
        "lasttime": "2026-07-28T14:00:00.000Z",
        "city": null,
        "region": "Baden-W\u00fcrttemberg",
        "country": "DE",
        "road": "Friedenstra\u00dfe",
        "postalcode": "88212"
      }
    },
    {
      "type": "Feature",
      "geometry": {
        "type": "Point",
        "coordinates": [
          -122.33973694,
          47.60866547
        ]
      },
      "properties": {
        "netid": "24:B2:B9:F4:28:D7",
        "ssid": "PDAsalish",
        "oui": "24:B2:B9",
        "channel": 36,
        "encryption": "wpa2",
        "firsttime": "2026-02-26T02:00:00.000Z",
        "lasttime": "2026-08-04T12:00:00.000Z",
        "city": "Seattle",
        "region": "WA",
        "country": "US",
        "road": "News Lane",
        "postalcode": "98101"
      }
    },
    {
      "type": "Feature",
      "geometry": {
        "type": "Point",
        "coordinates": [
          -77.09246826,
          38.98073959
        ]
      },
      "properties": {
        "netid": "24:B2:B9:F4:28:E7",
        "ssid": "8th Floor Glass Conference Room",
        "oui": "24:B2:B9",
        "channel": 36,
        "encryption": "wpa2",
        "firsttime": "2026-03-20T21:00:00.000Z",
        "lasttime": "2026-07-27T06:00:00.000Z",
        "city": "Bethesda",
        "region": "MD",
        "country": "US",
        "road": "Wisconsin Avenue",
        "postalcode": "22814"
      }
    },
    {
      "type": "Feature",
      "geometry": {
        "type": "Point",
        "coordinates": [
          -73.99375916,
          40.75566864
        ]
      },
      "properties": {
        "netid": "24:B2:B9:F4:28:EB",
        "ssid": null,
        "oui": "24:B2:B9",
        "channel": 36,
        "encryption": "wpa2",
        "firsttime": "2026-02-27T03:00:00.000Z",
        "lasttime": "2026-05-14T18:00:00.000Z",
        "city": "City of New York",
        "region": "NY",
        "country": "US",
        "road": "West 38th Street",
        "postalcode": "10018"
      }
    },
    {
      "type": "Feature",
      "geometry": {
        "type": "Point",
        "coordinates": [
          -80.68762207,
          28.35711098
        ]
      },
      "properties": {
        "netid": "24:B2:B9:F4:29:6F",
        "ssid": "ClickShare-1889159993",
        "oui": "24:B2:B9",
        "channel": 36,
        "encryption": "wpa2",
        "firsttime": "2026-06-27T23:00:00.000Z",
        "lasttime": "2026-07-11T10:00:00.000Z",
        "city": null,
        "region": "FL",
        "country": "US",
        "road": "East Merritt Island Causeway",
        "postalcode": "32952"
      }
    },
    {
      "type": "Feature",
      "geometry": {
        "type": "Point",
        "coordinates": [
          11.56811142,
          48.15449142
        ]
      },
      "properties": {
        "netid": "24:B2:B9:F4:29:E3",
        "ssid": "ClickShare-1889159837",
        "oui": "24:B2:B9",
        "channel": 36,
        "encryption": "wpa2",
        "firsttime": "2026-08-01T21:00:00.000Z",
        "lasttime": "2026-08-01T16:00:00.000Z",
        "city": "M\u00fcnchen",
        "region": "Bayern",
        "country": "DE",
        "road": "Tengstra\u00dfe",
        "postalcode": "80798"
      }
    },
    {
      "type": "Feature",
      "geometry": {
        "type": "Point",
        "coordinates": [
          -77.09218597,
          38.98011398
        ]
      },
      "properties": {
        "netid": "24:B2:B9:F4:29:EF",
        "ssid": "ClickShare-PresidentsConfRoom",
        "oui": "24:B2:B9",
        "channel": 36,
        "encryption": "wpa2",
        "firsttime": "2026-03-20T21:00:00.000Z",
        "lasttime": "2026-07-27T06:00:00.000Z",
        "city": "Bethesda",
        "region": "MD",
        "country": "US",
        "road": "Leland Street",
        "postalcode": "20815"
      }
    },
    {
      "type": "Feature",
      "geometry": {
        "type": "Point",
        "coordinates": [
          -117.53746033,
          47.6253891
        ]
      },
      "properties": {
        "netid": "24:B2:B9:F4:2A:45",
        "ssid": "P&C Clickshare",
        "oui": "24:B2:B9",
        "channel": 36,
        "encryption": "wpa2",
        "firsttime": "2026-07-06T12:00:00.000Z",
        "lasttime": "2026-07-21T18:00:00.000Z",
        "city": "Spokane",
        "region": "WA",
        "country": "US",
        "road": "West Airport Drive",
        "postalcode": "99001"
      }
    },
    {
      "type": "Feature",
      "geometry": {
        "type": "Point",
        "coordinates": [
          -3.42999029,
          56.04840851
        ]
      },
      "properties": {
        "netid": "24:B2:B9:F4:2C:1F",
        "ssid": "ClickShare-Deputy CEO Office",
        "oui": "24:B2:B9",
        "channel": 36,
        "encryption": "wpa2",
        "firsttime": "2026-07-22T22:00:00.000Z",
        "lasttime": "2026-07-26T10:00:00.000Z",
        "city": "Dunfermline",
        "region": "Alba / Scotland",
        "country": "GB",
        "road": "Queensferry Road",
        "postalcode": "KY11 8US"
      }
    },
    {
      "type": "Feature",
      "geometry": {
        "type": "Point",
        "coordinates": [
          -82.99093628,
          39.9629097
        ]
      },
      "properties": {
        "netid": "24:B2:B9:F4:2C:4B",
        "ssid": "ClickShare-1889160457",
        "oui": "24:B2:B9",
        "channel": 36,
        "encryption": "wpa2",
        "firsttime": "2026-07-14T20:00:00.000Z",
        "lasttime": "2026-08-04T09:00:00.000Z",
        "city": "Columbus",
        "region": "OH",
        "country": "US",
        "road": "South Grant Avenue",
        "postalcode": "43215:43219"
      }
    },
    {
      "type": "Feature",
      "geometry": {
        "type": "Point",
        "coordinates": [
          -3.42982411,
          56.048069
        ]
      },
      "properties": {
        "netid": "24:B2:B9:F4:2C:5B",
        "ssid": "ClickShare-CEO Office",
        "oui": "24:B2:B9",
        "channel": 1,
        "encryption": "wpa2",
        "firsttime": "2026-07-16T20:00:00.000Z",
        "lasttime": "2026-07-26T10:00:00.000Z",
        "city": "Dunfermline",
        "region": "Alba / Scotland",
        "country": "GB",
        "road": "Queensferry Road",
        "postalcode": "KY11 8US"
      }
    },
    {
      "type": "Feature",
      "geometry": {
        "type": "Point",
        "coordinates": [
          -3.42999029,
          56.04840851
        ]
      },
      "properties": {
        "netid": "24:B2:B9:F4:2C:5F",
        "ssid": "ClickShare-AnneMarieOffice",
        "oui": "24:B2:B9",
        "channel": 36,
        "encryption": "wpa2",
        "firsttime": "2026-07-22T22:00:00.000Z",
        "lasttime": "2026-07-26T10:00:00.000Z",
        "city": "Dunfermline",
        "region": "Alba / Scotland",
        "country": "GB",
        "road": "Queensferry Road",
        "postalcode": "KY11 8US"
      }
    },
    {
      "type": "Feature",
      "geometry": {
        "type": "Point",
        "coordinates": [
          -118.47520447,
          33.99471283
        ]
      },
      "properties": {
        "netid": "24:B2:B9:F4:2C:D5",
        "ssid": "ClickShare-1889159627",
        "oui": "24:B2:B9",
        "channel": 36,
        "encryption": "wpa2",
        "firsttime": "2026-01-30T21:00:00.000Z",
        "lasttime": "2026-04-07T22:00:00.000Z",
        "city": "Santa Monica",
        "region": "CA",
        "country": "US",
        "road": "Hampton Drive",
        "postalcode": "90292"
      }
    },
    {
      "type": "Feature",
      "geometry": {
        "type": "Point",
        "coordinates": [
          2.37121964,
          48.71860886
        ]
      },
      "properties": {
        "netid": "24:B2:B9:F4:2C:D7",
        "ssid": "ClickShare-1889159838",
        "oui": "24:B2:B9",
        "channel": 36,
        "encryption": "wpa2",
        "firsttime": "2026-02-02T06:00:00.000Z",
        "lasttime": "2026-03-08T09:00:00.000Z",
        "city": null,
        "region": "\u00cele-de-France",
        "country": "FR",
        "road": "Rue du Mus\u00e9e",
        "postalcode": "91200"
      }
    },
    {
      "type": "Feature",
      "geometry": {
        "type": "Point",
        "coordinates": [
          -93.6224823,
          41.5767746
        ]
      },
      "properties": {
        "netid": "24:B2:B9:F4:2D:23",
        "ssid": "TERRA-CONF-CA1",
        "oui": "24:B2:B9",
        "channel": 36,
        "encryption": "wpa2",
        "firsttime": "2026-07-03T16:00:00.000Z",
        "lasttime": "2026-07-04T17:00:00.000Z",
        "city": "Des Moines",
        "region": "IA",
        "country": "US",
        "road": "Southwest 7th Street",
        "postalcode": "50309"
      }
    },
    {
      "type": "Feature",
      "geometry": {
        "type": "Point",
        "coordinates": [
          -85.30849457,
          35.04310226
        ]
      },
      "properties": {
        "netid": "24:B2:B9:F4:2D:69",
        "ssid": "ClickShare-1889159640",
        "oui": "24:B2:B9",
        "channel": 36,
        "encryption": "wpa2",
        "firsttime": "2026-06-04T21:00:00.000Z",
        "lasttime": "2026-06-04T18:00:00.000Z",
        "city": "Chattanooga",
        "region": "TN",
        "country": "US",
        "road": "Lindsay Street",
        "postalcode": "37402"
      }
    },
    {
      "type": "Feature",
      "geometry": {
        "type": "Point",
        "coordinates": [
          11.61515903,
          48.11454391
        ]
      },
      "properties": {
        "netid": "24:B2:B9:F4:2D:77",
        "ssid": "ClickShare-1889159822",
        "oui": "24:B2:B9",
        "channel": 36,
        "encryption": "wpa2",
        "firsttime": "2026-07-10T13:00:00.000Z",
        "lasttime": "2026-07-24T08:00:00.000Z",
        "city": "M\u00fcnchen",
        "region": "Bayern",
        "country": "DE",
        "road": "Ramersdorfer Stra\u00dfe",
        "postalcode": "81669"
      }
    },
    {
      "type": "Feature",
      "geometry": {
        "type": "Point",
        "coordinates": [
          -97.74328613,
          30.26617813
        ]
      },
      "properties": {
        "netid": "24:B2:B9:F4:2D:8F",
        "ssid": "ClickShare-1889160355",
        "oui": "24:B2:B9",
        "channel": 36,
        "encryption": "wpa2",
        "firsttime": "2026-07-30T04:00:00.000Z",
        "lasttime": "2026-07-29T22:00:00.000Z",
        "city": "Austin",
        "region": "TX",
        "country": "US",
        "road": "East 4th Street",
        "postalcode": "78701"
      }
    },
    {
      "type": "Feature",
      "geometry": {
        "type": "Point",
        "coordinates": [
          -81.32681274,
          48.47514343
        ]
      },
      "properties": {
        "netid": "24:B2:B9:F4:2D:B5",
        "ssid": "ClickShare-1889159978",
        "oui": "24:B2:B9",
        "channel": 36,
        "encryption": "wpa2",
        "firsttime": "2026-07-10T22:00:00.000Z",
        "lasttime": "2026-07-16T17:00:00.000Z",
        "city": "Timmins",
        "region": "Ontario",
        "country": "CA",
        "road": "Spruce Street South",
        "postalcode": "P4N 2J8"
      }
    },
    {
      "type": "Feature",
      "geometry": {
        "type": "Point",
        "coordinates": [
          4.90658522,
          52.36699295
        ]
      },
      "properties": {
        "netid": "24:B2:B9:F4:2D:DB",
        "ssid": "ClickShare-Laranjazaal",
        "oui": "24:B2:B9",
        "channel": 36,
        "encryption": "wpa2",
        "firsttime": "2026-03-02T11:00:00.000Z",
        "lasttime": "2026-03-02T03:00:00.000Z",
        "city": "Amsterdam",
        "region": "Noord-Holland",
        "country": "NL",
        "road": "Dr. D.M. Sluyspad",
        "postalcode": "1018DV"
      }
    },
    {
      "type": "Feature",
      "geometry": {
        "type": "Point",
        "coordinates": [
          -9.59639072,
          30.41737747
        ]
      },
      "properties": {
        "netid": "24:B2:B9:F4:2E:2B",
        "ssid": "CCIS CS",
        "oui": "24:B2:B9",
        "channel": 1,
        "encryption": "wpa2",
        "firsttime": "2026-04-21T17:00:00.000Z",
        "lasttime": "2026-04-21T13:00:00.000Z",
        "city": "Agadir \u2d30\u2d33\u2d30\u2d37\u2d49\u2d54 \u0623\u06af\u0627\u062f\u06cc\u0631",
        "region": "Souss-Massa \u2d59\u2d53\u2d59\u2d59-\u2d4e\u2d30\u2d59\u2d59\u2d30 \u0633\u0648\u0633-\u0645\u0627\u0633\u0629",
        "country": "MA",
        "road": "Avenue Hassan II \u0634\u0627\u0631\u0639 \u0627\u0644\u062d\u0633\u0646 \u0627\u0644\u062b\u0627\u0646\u064a",
        "postalcode": "80004"
      }
    },
    {
      "type": "Feature",
      "geometry": {
        "type": "Point",
        "coordinates": [
          -79.38929749,
          43.64607239
        ]
      },
      "properties": {
        "netid": "24:B2:B9:F4:2E:39",
        "ssid": "ClickShare-MH, 1st Fl-P Office",
        "oui": "24:B2:B9",
        "channel": 36,
        "encryption": "wpa2",
        "firsttime": "2026-06-11T19:00:00.000Z",
        "lasttime": "2026-06-27T03:00:00.000Z",
        "city": "Old Toronto",
        "region": "Ontario",
        "country": "CA",
        "road": "John Street",
        "postalcode": "M5V 1J5"
      }
    },
    {
      "type": "Feature",
      "geometry": {
        "type": "Point",
        "coordinates": [
          -71.04706573,
          42.35141373
        ]
      },
      "properties": {
        "netid": "24:B2:B9:F4:2E:7D",
        "ssid": "CS-BOS03",
        "oui": "24:B2:B9",
        "channel": 44,
        "encryption": "wpa2",
        "firsttime": "2026-03-26T13:00:00.000Z",
        "lasttime": "2026-05-23T15:00:00.000Z",
        "city": "Boston",
        "region": "MA",
        "country": "US",
        "road": "Calvin Place",
        "postalcode": "02210"
      }
    },
    {
      "type": "Feature",
      "geometry": {
        "type": "Point",
        "coordinates": [
          -95.40833282,
          29.59684181
        ]
      },
      "properties": {
        "netid": "24:B2:B9:F4:2E:CF",
        "ssid": "ClickShare-1863090777",
        "oui": "24:B2:B9",
        "channel": 36,
        "encryption": "wpa2",
        "firsttime": "2026-05-26T13:00:00.000Z",
        "lasttime": "2026-05-26T13:00:00.000Z",
        "city": null,
        "region": "TX",
        "country": "US",
        "road": "South Sam Houston Tollway West",
        "postalcode": "77047-4206"
      }
    },
    {
      "type": "Feature",
      "geometry": {
        "type": "Point",
        "coordinates": [
          -117.42662811,
          47.65793991
        ]
      },
      "properties": {
        "netid": "24:B2:B9:F4:2F:11",
        "ssid": "ClickShare-1863090308",
        "oui": "24:B2:B9",
        "channel": 36,
        "encryption": "wpa2",
        "firsttime": "2026-03-06T19:00:00.000Z",
        "lasttime": "2026-03-06T11:00:00.000Z",
        "city": "Spokane",
        "region": "WA",
        "country": "US",
        "road": "North Monroe Street",
        "postalcode": "99201"
      }
    },
    {
      "type": "Feature",
      "geometry": {
        "type": "Point",
        "coordinates": [
          -111.8334198,
          41.72042465
        ]
      },
      "properties": {
        "netid": "24:B2:B9:F4:2F:CB",
        "ssid": null,
        "oui": "24:B2:B9",
        "channel": 36,
        "encryption": "wpa2",
        "firsttime": "2026-06-01T03:00:00.000Z",
        "lasttime": "2026-05-31T20:00:00.000Z",
        "city": "Logan",
        "region": "UT",
        "country": "US",
        "road": "Riverwoods Parkway",
        "postalcode": "84321"
      }
    },
    {
      "type": "Feature",
      "geometry": {
        "type": "Point",
        "coordinates": [
          8.53696442,
          47.36838531
        ]
      },
      "properties": {
        "netid": "24:B2:B9:F4:2F:F7",
        "ssid": "ClickShare-1862715766",
        "oui": "24:B2:B9",
        "channel": 36,
        "encryption": "wpa2",
        "firsttime": "2025-11-06T11:00:00.000Z",
        "lasttime": "2026-06-22T08:00:00.000Z",
        "city": "Z\u00fcrich",
        "region": "Z\u00fcrich",
        "country": "CH",
        "road": "Bleicherweg",
        "postalcode": "8002"
      }
    },
    {
      "type": "Feature",
      "geometry": {
        "type": "Point",
        "coordinates": [
          10.73300743,
          59.94813156
        ]
      },
      "properties": {
        "netid": "24:B2:B9:F4:30:25",
        "ssid": "ClickShare-Damplassen",
        "oui": "24:B2:B9",
        "channel": 36,
        "encryption": "wpa2",
        "firsttime": "2026-04-30T09:00:00.000Z",
        "lasttime": "2026-07-21T07:00:00.000Z",
        "city": "Oslo",
        "region": "Ullev\u00e5l hageby",
        "country": "NO",
        "road": null,
        "postalcode": "0805"
      }
    },
    {
      "type": "Feature",
      "geometry": {
        "type": "Point",
        "coordinates": [
          7.84618473,
          47.99567795
        ]
      },
      "properties": {
        "netid": "24:B2:B9:F4:30:C7",
        "ssid": null,
        "oui": "24:B2:B9",
        "channel": 36,
        "encryption": "wpa2",
        "firsttime": "2026-07-06T11:00:00.000Z",
        "lasttime": "2026-08-03T08:00:00.000Z",
        "city": "Freiburg im Breisgau",
        "region": "Baden-W\u00fcrttemberg",
        "country": "DE",
        "road": "Rotteckring",
        "postalcode": "79098"
      }
    },
    {
      "type": "Feature",
      "geometry": {
        "type": "Point",
        "coordinates": [
          121.56169891,
          25.03255844
        ]
      },
      "properties": {
        "netid": "24:B2:B9:F4:31:0D",
        "ssid": "ClickShare-R0305",
        "oui": "24:B2:B9",
        "channel": 36,
        "encryption": "wpa2",
        "firsttime": "2026-01-01T12:00:00.000Z",
        "lasttime": "2026-02-05T09:00:00.000Z",
        "city": "\u81fa\u5317\u5e02",
        "region": "\u81fa\u5317\u5e02",
        "country": "TW",
        "road": "\u838a\u656c\u8def",
        "postalcode": "11012"
      }
    },
    {
      "type": "Feature",
      "geometry": {
        "type": "Point",
        "coordinates": [
          17.01477242,
          51.08899689
        ]
      },
      "properties": {
        "netid": "24:B2:B9:F4:31:19",
        "ssid": "ClickShare-1862718065",
        "oui": "24:B2:B9",
        "channel": 36,
        "encryption": "wpa2",
        "firsttime": "2026-07-13T14:00:00.000Z",
        "lasttime": "2026-07-27T12:00:00.000Z",
        "city": null,
        "region": "wojew\u00f3dztwo dolno\u015bl\u0105skie",
        "country": "PL",
        "road": "Powsta\u0144c\u00f3w \u015al\u0105skich",
        "postalcode": "53-315"
      }
    },
    {
      "type": "Feature",
      "geometry": {
        "type": "Point",
        "coordinates": [
          -97.61832428,
          35.60254669
        ]
      },
      "properties": {
        "netid": "24:B2:B9:F4:31:5B",
        "ssid": "ClickShare-1862714869",
        "oui": "24:B2:B9",
        "channel": 36,
        "encryption": "wpa2",
        "firsttime": "2026-08-04T13:00:00.000Z",
        "lasttime": "2026-08-04T07:00:00.000Z",
        "city": "Oklahoma City",
        "region": "OK",
        "country": "US",
        "road": "Northwest 130th Street",
        "postalcode": "73142"
      }
    },
    {
      "type": "Feature",
      "geometry": {
        "type": "Point",
        "coordinates": [
          9.20357895,
          45.44794846
        ]
      },
      "properties": {
        "netid": "24:B2:B9:F4:31:73",
        "ssid": "ClickShare-Sala Mimosa",
        "oui": "24:B2:B9",
        "channel": 36,
        "encryption": "wpa2",
        "firsttime": "2026-04-23T16:00:00.000Z",
        "lasttime": "2026-04-23T10:00:00.000Z",
        "city": "Milano",
        "region": "Lombardia",
        "country": "IT",
        "road": "Via Trebbia",
        "postalcode": "20135"
      }
    },
    {
      "type": "Feature",
      "geometry": {
        "type": "Point",
        "coordinates": [
          -81.49781036,
          41.47082901
        ]
      },
      "properties": {
        "netid": "24:B2:B9:F4:31:AF",
        "ssid": "ClickShare-1862714822",
        "oui": "24:B2:B9",
        "channel": 1,
        "encryption": "wpa2",
        "firsttime": "2026-02-14T17:00:00.000Z",
        "lasttime": "2026-02-14T10:00:00.000Z",
        "city": null,
        "region": "OH",
        "country": "US",
        "road": "Richmond Road",
        "postalcode": "44146"
      }
    },
    {
      "type": "Feature",
      "geometry": {
        "type": "Point",
        "coordinates": [
          -112.06752777,
          33.45248032
        ]
      },
      "properties": {
        "netid": "24:B2:B9:F4:31:B7",
        "ssid": "Mike Melaragni Office",
        "oui": "24:B2:B9",
        "channel": 36,
        "encryption": "wpa2",
        "firsttime": "2026-03-16T00:00:00.000Z",
        "lasttime": "2026-03-17T13:00:00.000Z",
        "city": "Phoenix",
        "region": "AZ",
        "country": "US",
        "road": "North 5th Street",
        "postalcode": "85004-1905"
      }
    },
    {
      "type": "Feature",
      "geometry": {
        "type": "Point",
        "coordinates": [
          -119.70384216,
          39.53551483
        ]
      },
      "properties": {
        "netid": "24:B2:B9:F4:31:C1",
        "ssid": "ClickShare-1862714814",
        "oui": "24:B2:B9",
        "channel": 36,
        "encryption": "wpa2",
        "firsttime": "2025-11-23T06:00:00.000Z",
        "lasttime": "2026-07-25T10:00:00.000Z",
        "city": "Sparks",
        "region": "NV",
        "country": "US",
        "road": "Vista Boulevard",
        "postalcode": "89434"
      }
    },
    {
      "type": "Feature",
      "geometry": {
        "type": "Point",
        "coordinates": [
          -119.70375824,
          39.53517151
        ]
      },
      "properties": {
        "netid": "24:B2:B9:F4:31:E3",
        "ssid": "ClickShare-1862714820",
        "oui": "24:B2:B9",
        "channel": 36,
        "encryption": "wpa2",
        "firsttime": "2025-12-05T01:00:00.000Z",
        "lasttime": "2025-12-27T23:00:00.000Z",
        "city": "Sparks",
        "region": "NV",
        "country": "US",
        "road": "Vista Boulevard",
        "postalcode": "89434"
      }
    },
    {
      "type": "Feature",
      "geometry": {
        "type": "Point",
        "coordinates": [
          -119.69976807,
          34.42346191
        ]
      },
      "properties": {
        "netid": "24:B2:B9:F4:31:E9",
        "ssid": "ClickShare-1862714792",
        "oui": "24:B2:B9",
        "channel": 36,
        "encryption": "wpa2",
        "firsttime": "2026-04-04T22:00:00.000Z",
        "lasttime": "2026-07-20T02:00:00.000Z",
        "city": "Santa Barbara",
        "region": "CA",
        "country": "US",
        "road": "East Carrillo Street",
        "postalcode": "93101"
      }
    },
    {
      "type": "Feature",
      "geometry": {
        "type": "Point",
        "coordinates": [
          -93.40984344,
          44.97514725
        ]
      },
      "properties": {
        "netid": "24:B2:B9:F4:32:15",
        "ssid": "ClickShare-1862714845",
        "oui": "24:B2:B9",
        "channel": 36,
        "encryption": "wpa2",
        "firsttime": "2026-01-31T18:00:00.000Z",
        "lasttime": "2026-03-28T14:00:00.000Z",
        "city": null,
        "region": "MN",
        "country": "US",
        "road": "Shelard Parkway",
        "postalcode": "55426"
      }
    },
    {
      "type": "Feature",
      "geometry": {
        "type": "Point",
        "coordinates": [
          -98.48046875,
          29.55035019
        ]
      },
      "properties": {
        "netid": "24:B2:B9:F4:32:2D",
        "ssid": "ClickShare-1863090020",
        "oui": "24:B2:B9",
        "channel": 36,
        "encryption": "wpa2",
        "firsttime": "2026-06-10T00:00:00.000Z",
        "lasttime": "2026-06-12T15:00:00.000Z",
        "city": "San Antonio",
        "region": "TX",
        "country": "US",
        "road": "Arion Parkway",
        "postalcode": "78216"
      }
    },
    {
      "type": "Feature",
      "geometry": {
        "type": "Point",
        "coordinates": [
          -78.97599792,
          35.9114151
        ]
      },
      "properties": {
        "netid": "24:B2:B9:F4:32:41",
        "ssid": "ClickShare-1862714848",
        "oui": "24:B2:B9",
        "channel": 36,
        "encryption": "wpa2",
        "firsttime": "2026-04-15T18:00:00.000Z",
        "lasttime": "2026-07-17T08:00:00.000Z",
        "city": "Durham",
        "region": "NC",
        "country": "US",
        "road": "Quadrangle Drive",
        "postalcode": "27517"
      }
    },
    {
      "type": "Feature",
      "geometry": {
        "type": "Point",
        "coordinates": [
          8.52904987,
          47.38801575
        ]
      },
      "properties": {
        "netid": "24:B2:B9:F4:32:D9",
        "ssid": null,
        "oui": "24:B2:B9",
        "channel": 36,
        "encryption": "wpa2",
        "firsttime": "2026-06-02T14:00:00.000Z",
        "lasttime": "2026-06-02T08:00:00.000Z",
        "city": "Z\u00fcrich",
        "region": "Z\u00fcrich",
        "country": "CH",
        "road": "Sihlquai",
        "postalcode": "8005"
      }
    },
    {
      "type": "Feature",
      "geometry": {
        "type": "Point",
        "coordinates": [
          -75.66960907,
          45.43192673
        ]
      },
      "properties": {
        "netid": "24:B2:B9:F4:32:F1",
        "ssid": "ClickShare-1862716935",
        "oui": "24:B2:B9",
        "channel": 36,
        "encryption": "wpa2",
        "firsttime": "2026-02-11T23:00:00.000Z",
        "lasttime": "2026-02-11T16:00:00.000Z",
        "city": null,
        "region": "Ontario",
        "country": "CA",
        "road": "North River Road",
        "postalcode": "K1L 6N1"
      }
    },
    {
      "type": "Feature",
      "geometry": {
        "type": "Point",
        "coordinates": [
          -73.5711441,
          45.50461578
        ]
      },
      "properties": {
        "netid": "24:B2:B9:F4:33:15",
        "ssid": null,
        "oui": "24:B2:B9",
        "channel": 36,
        "encryption": "wpa2",
        "firsttime": "2026-07-10T15:00:00.000Z",
        "lasttime": "2026-07-10T16:00:00.000Z",
        "city": "Montr\u00e9al",
        "region": "Qu\u00e9bec",
        "country": "CA",
        "road": "Boulevard De Maisonneuve Ouest",
        "postalcode": "H3A 3J2"
      }
    },
    {
      "type": "Feature",
      "geometry": {
        "type": "Point",
        "coordinates": [
          8.54904652,
          47.36206818
        ]
      },
      "properties": {
        "netid": "24:B2:B9:F4:33:1F",
        "ssid": "ClickShare-L\u00f6we",
        "oui": "24:B2:B9",
        "channel": 36,
        "encryption": "wpa2",
        "firsttime": "2026-05-07T18:00:00.000Z",
        "lasttime": "2026-05-07T13:00:00.000Z",
        "city": "Z\u00fcrich",
        "region": "Z\u00fcrich",
        "country": "CH",
        "road": "Dufourstrasse",
        "postalcode": "8008"
      }
    },
    {
      "type": "Feature",
      "geometry": {
        "type": "Point",
        "coordinates": [
          -121.89486694,
          37.32891846
        ]
      },
      "properties": {
        "netid": "24:B2:B9:F4:33:87",
        "ssid": "ClickShare-1863090282",
        "oui": "24:B2:B9",
        "channel": 36,
        "encryption": "wpa2",
        "firsttime": "2026-03-03T01:00:00.000Z",
        "lasttime": "2026-07-29T22:00:00.000Z",
        "city": "San Jose",
        "region": "CA",
        "country": "US",
        "road": "Woz Way",
        "postalcode": "95110"
      }
    },
    {
      "type": "Feature",
      "geometry": {
        "type": "Point",
        "coordinates": [
          -75.53824615,
          39.841259
        ]
      },
      "properties": {
        "netid": "24:B2:B9:F4:33:8F",
        "ssid": "ClickShare-EXECVINCE",
        "oui": "24:B2:B9",
        "channel": 36,
        "encryption": "wpa2",
        "firsttime": "2026-02-14T00:00:00.000Z",
        "lasttime": "2026-07-24T13:00:00.000Z",
        "city": "Concord Township",
        "region": "PA",
        "country": "US",
        "road": "Wilmington West Chester Pike",
        "postalcode": "19803-9997"
      }
    },
    {
      "type": "Feature",
      "geometry": {
        "type": "Point",
        "coordinates": [
          -80.91530609,
          35.13284683
        ]
      },
      "properties": {
        "netid": "24:B2:B9:F4:33:E1",
        "ssid": "ClickShare-1862714751",
        "oui": "24:B2:B9",
        "channel": 36,
        "encryption": "wpa2",
        "firsttime": "2026-03-23T18:00:00.000Z",
        "lasttime": "2026-08-05T05:00:00.000Z",
        "city": "Charlotte",
        "region": "NC",
        "country": "US",
        "road": "Southern Pine Boulevard",
        "postalcode": "28266"
      }
    },
    {
      "type": "Feature",
      "geometry": {
        "type": "Point",
        "coordinates": [
          -71.04675293,
          42.35124969
        ]
      },
      "properties": {
        "netid": "24:B2:B9:F4:33:F7",
        "ssid": "Tea Party",
        "oui": "24:B2:B9",
        "channel": 36,
        "encryption": "wpa2",
        "firsttime": "2026-03-26T13:00:00.000Z",
        "lasttime": "2026-05-23T15:00:00.000Z",
        "city": "Boston",
        "region": "MA",
        "country": "US",
        "road": "Stillings Street",
        "postalcode": "02210"
      }
    },
    {
      "type": "Feature",
      "geometry": {
        "type": "Point",
        "coordinates": [
          -82.55124664,
          27.96738815
        ]
      },
      "properties": {
        "netid": "24:B2:B9:F4:34:65",
        "ssid": "ClickShare-1863089821",
        "oui": "24:B2:B9",
        "channel": 36,
        "encryption": "wpa2",
        "firsttime": "2026-06-28T13:00:00.000Z",
        "lasttime": "2026-06-28T06:00:00.000Z",
        "city": "Tampa",
        "region": "FL",
        "country": "US",
        "road": "U-Path",
        "postalcode": "33607"
      }
    },
    {
      "type": "Feature",
      "geometry": {
        "type": "Point",
        "coordinates": [
          8.65628815,
          50.11121368
        ]
      },
      "properties": {
        "netid": "24:B2:B9:F4:34:6F",
        "ssid": null,
        "oui": "24:B2:B9",
        "channel": 36,
        "encryption": "wpa2",
        "firsttime": "2026-05-19T18:00:00.000Z",
        "lasttime": "2026-05-19T14:00:00.000Z",
        "city": "Frankfurt am Main",
        "region": "Hessen",
        "country": "DE",
        "road": "Friedrich-Ebert-Anlage",
        "postalcode": "60327"
      }
    },
    {
      "type": "Feature",
      "geometry": {
        "type": "Point",
        "coordinates": [
          -97.32769775,
          32.75381851
        ]
      },
      "properties": {
        "netid": "24:B2:B9:F4:35:5F",
        "ssid": "ClickShare-1863090919",
        "oui": "24:B2:B9",
        "channel": 36,
        "encryption": "wpa2",
        "firsttime": "2026-05-11T22:00:00.000Z",
        "lasttime": "2026-07-23T22:00:00.000Z",
        "city": "Fort Worth",
        "region": "TX",
        "country": "US",
        "road": "Jones Street",
        "postalcode": "76102"
      }
    },
    {
      "type": "Feature",
      "geometry": {
        "type": "Point",
        "coordinates": [
          -95.45869446,
          29.74544525
        ]
      },
      "properties": {
        "netid": "24:B2:B9:F4:35:F5",
        "ssid": "ClickShare-1863090898",
        "oui": "24:B2:B9",
        "channel": 36,
        "encryption": "wpa2",
        "firsttime": "2026-07-24T15:00:00.000Z",
        "lasttime": "2026-07-24T17:00:00.000Z",
        "city": "Houston",
        "region": "TX",
        "country": "US",
        "road": "West Loop South Frontage Road",
        "postalcode": "77027"
      }
    },
    {
      "type": "Feature",
      "geometry": {
        "type": "Point",
        "coordinates": [
          -80.9584198,
          43.73376465
        ]
      },
      "properties": {
        "netid": "24:B2:B9:F4:35:FB",
        "ssid": "ClickShare-Listowel",
        "oui": "24:B2:B9",
        "channel": 36,
        "encryption": "wpa2",
        "firsttime": "2026-07-18T03:00:00.000Z",
        "lasttime": "2026-07-17T23:00:00.000Z",
        "city": "North Perth",
        "region": "Ontario",
        "country": "CA",
        "road": "Main Street West",
        "postalcode": "N4W 1A3"
      }
    },
    {
      "type": "Feature",
      "geometry": {
        "type": "Point",
        "coordinates": [
          -84.522995,
          39.10160828
        ]
      },
      "properties": {
        "netid": "24:B2:B9:F4:36:0B",
        "ssid": "CRC-Clickshare",
        "oui": "24:B2:B9",
        "channel": 36,
        "encryption": "wpa2",
        "firsttime": "2026-06-04T11:00:00.000Z",
        "lasttime": "2026-06-04T04:00:00.000Z",
        "city": "Cincinnati",
        "region": "OH",
        "country": "US",
        "road": "6th Street Viaduct",
        "postalcode": "45203"
      }
    },
    {
      "type": "Feature",
      "geometry": {
        "type": "Point",
        "coordinates": [
          121.56085205,
          25.03209114
        ]
      },
      "properties": {
        "netid": "24:B2:B9:F4:36:65",
        "ssid": "ClickShare-OpenSpace",
        "oui": "24:B2:B9",
        "channel": 36,
        "encryption": "wpa2",
        "firsttime": "2026-01-01T12:00:00.000Z",
        "lasttime": "2026-01-01T07:00:00.000Z",
        "city": "\u81fa\u5317\u5e02",
        "region": "\u81fa\u5317\u5e02",
        "country": "TW",
        "road": "\u677e\u52e4\u8857",
        "postalcode": "110"
      }
    },
    {
      "type": "Feature",
      "geometry": {
        "type": "Point",
        "coordinates": [
          6.63146639,
          49.73922729
        ]
      },
      "properties": {
        "netid": "24:B2:B9:F4:37:31",
        "ssid": "ClickShare-1862715910",
        "oui": "24:B2:B9",
        "channel": 36,
        "encryption": "wpa2",
        "firsttime": "2026-08-07T10:00:00.000Z",
        "lasttime": "2026-08-07T03:00:00.000Z",
        "city": "Trier",
        "region": "Rheinland-Pfalz",
        "country": "DE",
        "road": "Matthiasstra\u00dfe",
        "postalcode": "54290"
      }
    },
    {
      "type": "Feature",
      "geometry": {
        "type": "Point",
        "coordinates": [
          9.43660069,
          48.64363098
        ]
      },
      "properties": {
        "netid": "24:B2:B9:F4:37:39",
        "ssid": "ClickShare-HPL",
        "oui": "24:B2:B9",
        "channel": 36,
        "encryption": "wpa2",
        "firsttime": "2026-02-03T09:00:00.000Z",
        "lasttime": "2026-06-05T04:00:00.000Z",
        "city": null,
        "region": "Baden-W\u00fcrttemberg",
        "country": "DE",
        "road": "N\u00fcrtinger Stra\u00dfe",
        "postalcode": "73230"
      }
    },
    {
      "type": "Feature",
      "geometry": {
        "type": "Point",
        "coordinates": [
          -81.19413757,
          28.58971214
        ]
      },
      "properties": {
        "netid": "24:B2:B9:F4:37:49",
        "ssid": "ClickShare-1862714715",
        "oui": "24:B2:B9",
        "channel": 36,
        "encryption": "wep",
        "firsttime": "2026-06-19T19:00:00.000Z",
        "lasttime": "2026-06-19T14:00:00.000Z",
        "city": null,
        "region": "FL",
        "country": "US",
        "road": "Research Parkway",
        "postalcode": "32826"
      }
    },
    {
      "type": "Feature",
      "geometry": {
        "type": "Point",
        "coordinates": [
          10.18328762,
          53.56938553
        ]
      },
      "properties": {
        "netid": "24:B2:B9:F4:37:57",
        "ssid": "ClickShare-1862715685",
        "oui": "24:B2:B9",
        "channel": 36,
        "encryption": "wpa2",
        "firsttime": "2026-01-14T12:00:00.000Z",
        "lasttime": "2026-04-09T08:00:00.000Z",
        "city": null,
        "region": "Schleswig-Holstein",
        "country": "DE",
        "road": "Willinghusener Landstra\u00dfe",
        "postalcode": "22885"
      }
    },
    {
      "type": "Feature",
      "geometry": {
        "type": "Point",
        "coordinates": [
          13.40638161,
          52.54101562
        ]
      },
      "properties": {
        "netid": "24:B2:B9:F4:38:43",
        "ssid": null,
        "oui": "24:B2:B9",
        "channel": 36,
        "encryption": "wpa2",
        "firsttime": "2026-08-02T14:00:00.000Z",
        "lasttime": "2026-08-02T14:00:00.000Z",
        "city": "Berlin",
        "region": "Gleimviertel",
        "country": "DE",
        "road": "Eberswalder Stra\u00dfe",
        "postalcode": "10437"
      }
    },
    {
      "type": "Feature",
      "geometry": {
        "type": "Point",
        "coordinates": [
          7.34510183,
          49.32285309
        ]
      },
      "properties": {
        "netid": "24:B2:B9:F4:38:63",
        "ssid": "ClickShare-1862714514",
        "oui": "24:B2:B9",
        "channel": 36,
        "encryption": "wpa2",
        "firsttime": "2026-08-07T17:00:00.000Z",
        "lasttime": "2026-08-07T11:00:00.000Z",
        "city": "Homburg",
        "region": "Saarland",
        "country": "DE",
        "road": "Karlsbergstra\u00dfe",
        "postalcode": "66424"
      }
    },
    {
      "type": "Feature",
      "geometry": {
        "type": "Point",
        "coordinates": [
          -92.17243195,
          38.57686996
        ]
      },
      "properties": {
        "netid": "24:B2:B9:F4:38:F3",
        "ssid": "ClickShare-1863089846",
        "oui": "24:B2:B9",
        "channel": 36,
        "encryption": "wpa2",
        "firsttime": "2026-07-13T00:00:00.000Z",
        "lasttime": "2026-07-12T17:00:00.000Z",
        "city": "Jefferson City",
        "region": "MO",
        "country": "US",
        "road": "East High Street",
        "postalcode": "65102"
      }
    },
    {
      "type": "Feature",
      "geometry": {
        "type": "Point",
        "coordinates": [
          -84.23760223,
          40.13292313
        ]
      },
      "properties": {
        "netid": "24:B2:B9:F4:38:FB",
        "ssid": "Hartzell Click Share Device",
        "oui": "24:B2:B9",
        "channel": 36,
        "encryption": "wpa2",
        "firsttime": "2026-07-08T12:00:00.000Z",
        "lasttime": "2026-07-08T15:00:00.000Z",
        "city": null,
        "region": "OH",
        "country": "US",
        "road": "South Main Street",
        "postalcode": "45356"
      }
    },
    {
      "type": "Feature",
      "geometry": {
        "type": "Point",
        "coordinates": [
          -57.60136414,
          -25.28450584
        ]
      },
      "properties": {
        "netid": "24:B2:B9:F4:39:83",
        "ssid": "ClickShare Investor Directorio",
        "oui": "24:B2:B9",
        "channel": 36,
        "encryption": "wpa2",
        "firsttime": "2026-03-04T15:00:00.000Z",
        "lasttime": "2026-04-16T15:00:00.000Z",
        "city": "Asunci\u00f3n",
        "region": "Distrito Capital de Paraguay",
        "country": "PY",
        "road": "Avenida Brasilia",
        "postalcode": "1441"
      }
    },
    {
      "type": "Feature",
      "geometry": {
        "type": "Point",
        "coordinates": [
          -78.55125427,
          35.58456039
        ]
      },
      "properties": {
        "netid": "24:B2:B9:F4:39:BB",
        "ssid": "ClickShare-1862714852",
        "oui": "24:B2:B9",
        "channel": 36,
        "encryption": "wpa2",
        "firsttime": "2025-12-04T14:00:00.000Z",
        "lasttime": "2025-12-13T12:00:00.000Z",
        "city": null,
        "region": "NC",
        "country": "US",
        "road": "Cleveland Road",
        "postalcode": "27529"
      }
    },
    {
      "type": "Feature",
      "geometry": {
        "type": "Point",
        "coordinates": [
          -85.62767792,
          44.73344421
        ]
      },
      "properties": {
        "netid": "24:B2:B9:F4:3A:CD",
        "ssid": "ClickShare-1862714710",
        "oui": "24:B2:B9",
        "channel": 36,
        "encryption": "wpa2",
        "firsttime": "2026-08-06T14:00:00.000Z",
        "lasttime": "2026-08-06T08:00:00.000Z",
        "city": null,
        "region": "MI",
        "country": "US",
        "road": "West South Airport Road",
        "postalcode": "49684"
      }
    },
    {
      "type": "Feature",
      "geometry": {
        "type": "Point",
        "coordinates": [
          -96.81613922,
          32.74693298
        ]
      },
      "properties": {
        "netid": "24:B2:B9:F4:3A:DD",
        "ssid": "ClickShare-1863090943",
        "oui": "24:B2:B9",
        "channel": 36,
        "encryption": "wpa2",
        "firsttime": "2025-11-21T18:00:00.000Z",
        "lasttime": "2025-12-01T07:00:00.000Z",
        "city": "Dallas",
        "region": "TX",
        "country": "US",
        "road": "East Jefferson Boulevard",
        "postalcode": "75203"
      }
    },
    {
      "type": "Feature",
      "geometry": {
        "type": "Point",
        "coordinates": [
          -9.14795399,
          38.72262573
        ]
      },
      "properties": {
        "netid": "24:B2:B9:F4:3B:2F",
        "ssid": "ClickShare-Entrada",
        "oui": "24:B2:B9",
        "channel": 36,
        "encryption": "wpa2",
        "firsttime": "2026-06-03T17:00:00.000Z",
        "lasttime": "2026-06-03T12:00:00.000Z",
        "city": "Lisboa",
        "region": "Lisboa",
        "country": "PT",
        "road": "Avenida da Liberdade",
        "postalcode": "1269-038"
      }
    },
    {
      "type": "Feature",
      "geometry": {
        "type": "Point",
        "coordinates": [
          2.31504583,
          48.87366104
        ]
      },
      "properties": {
        "netid": "24:B2:B9:F4:3B:51",
        "ssid": "ClickShare-1862714668",
        "oui": "24:B2:B9",
        "channel": 36,
        "encryption": "wpa2",
        "firsttime": "2026-07-08T08:00:00.000Z",
        "lasttime": "2026-07-08T05:00:00.000Z",
        "city": "Paris",
        "region": "\u00cele-de-France",
        "country": "FR",
        "road": "Rue La Bo\u00e9tie",
        "postalcode": "75008"
      }
    },
    {
      "type": "Feature",
      "geometry": {
        "type": "Point",
        "coordinates": [
          4.83371735,
          45.75942993
        ]
      },
      "properties": {
        "netid": "24:B2:B9:F4:3E:75",
        "ssid": null,
        "oui": "24:B2:B9",
        "channel": 40,
        "encryption": "wpa2",
        "firsttime": "2026-07-27T10:00:00.000Z",
        "lasttime": "2026-07-30T13:00:00.000Z",
        "city": "Lyon",
        "region": "Auvergne-Rh\u00f4ne-Alpes",
        "country": "FR",
        "road": "Rue des Archers",
        "postalcode": "69002"
      }
    },
    {
      "type": "Feature",
      "geometry": {
        "type": "Point",
        "coordinates": [
          9.53404045,
          46.85172272
        ]
      },
      "properties": {
        "netid": "24:B2:B9:F4:40:63",
        "ssid": "ClickShare-1862717965",
        "oui": "24:B2:B9",
        "channel": 36,
        "encryption": "wpa2",
        "firsttime": "2026-07-17T19:00:00.000Z",
        "lasttime": "2026-07-17T12:00:00.000Z",
        "city": null,
        "region": "Graub\u00fcnden/Grischun/Grigioni",
        "country": "CH",
        "road": "Masanserstrasse",
        "postalcode": "7001"
      }
    },
    {
      "type": "Feature",
      "geometry": {
        "type": "Point",
        "coordinates": [
          139.75488281,
          35.66631699
        ]
      },
      "properties": {
        "netid": "24:B2:B9:F4:40:7B",
        "ssid": "ClickShare-1862715511",
        "oui": "24:B2:B9",
        "channel": 36,
        "encryption": "wpa2",
        "firsttime": "2026-03-28T11:00:00.000Z",
        "lasttime": "2026-06-03T21:00:00.000Z",
        "city": "\u6e2f\u533a",
        "region": "\u65b0\u6a4b\u4e09\u4e01\u76ee",
        "country": "JP",
        "road": null,
        "postalcode": "1050004"
      }
    },
    {
      "type": "Feature",
      "geometry": {
        "type": "Point",
        "coordinates": [
          8.3675375,
          49.00150299
        ]
      },
      "properties": {
        "netid": "24:B2:B9:F4:40:EF",
        "ssid": "ClickShare-Hunkler",
        "oui": "24:B2:B9",
        "channel": 44,
        "encryption": "wpa2",
        "firsttime": "2026-06-25T16:00:00.000Z",
        "lasttime": "2026-06-29T09:00:00.000Z",
        "city": "Karlsruhe",
        "region": "Baden-W\u00fcrttemberg",
        "country": "DE",
        "road": "Bannwaldallee",
        "postalcode": "76185"
      }
    },
    {
      "type": "Feature",
      "geometry": {
        "type": "Point",
        "coordinates": [
          8.51049423,
          47.3654213
        ]
      },
      "properties": {
        "netid": "24:B2:B9:F4:41:7F",
        "ssid": "ClickShare-1862715748",
        "oui": "24:B2:B9",
        "channel": 36,
        "encryption": "wpa2",
        "firsttime": "2026-07-13T18:00:00.000Z",
        "lasttime": "2026-07-13T11:00:00.000Z",
        "city": "Z\u00fcrich",
        "region": "Z\u00fcrich",
        "country": "CH",
        "road": "Sieberstrasse",
        "postalcode": "8055"
      }
    },
    {
      "type": "Feature",
      "geometry": {
        "type": "Point",
        "coordinates": [
          -46.69817734,
          -23.57395935
        ]
      },
      "properties": {
        "netid": "24:B2:B9:F4:41:BF",
        "ssid": "Sala LEVN-PLUS",
        "oui": "24:B2:B9",
        "channel": 36,
        "encryption": "wpa2",
        "firsttime": "2026-01-19T22:00:00.000Z",
        "lasttime": "2026-01-22T14:00:00.000Z",
        "city": "S\u00e3o Paulo",
        "region": "S\u00e3o Paulo",
        "country": "BR",
        "road": "Ciclovia do Rio Pinheiros",
        "postalcode": "01455-906"
      }
    },
    {
      "type": "Feature",
      "geometry": {
        "type": "Point",
        "coordinates": [
          -96.70368958,
          40.81470871
        ]
      },
      "properties": {
        "netid": "24:B2:B9:F4:42:71",
        "ssid": "ClickShare-Mulberry",
        "oui": "24:B2:B9",
        "channel": 36,
        "encryption": "wpa2",
        "firsttime": "2026-04-09T00:00:00.000Z",
        "lasttime": "2026-08-03T18:00:00.000Z",
        "city": "Lincoln",
        "region": "NE",
        "country": "US",
        "road": "P Street",
        "postalcode": "68503"
      }
    },
    {
      "type": "Feature",
      "geometry": {
        "type": "Point",
        "coordinates": [
          -76.86423492,
          39.21226501
        ]
      },
      "properties": {
        "netid": "24:B2:B9:F4:42:7D",
        "ssid": "ClickShare-1862714879",
        "oui": "24:B2:B9",
        "channel": 36,
        "encryption": "wpa2",
        "firsttime": "2026-06-27T03:00:00.000Z",
        "lasttime": "2026-06-26T21:00:00.000Z",
        "city": "Columbia",
        "region": "MD",
        "country": "US",
        "road": "Little Patuxent Parkway",
        "postalcode": "21044"
      }
    },
    {
      "type": "Feature",
      "geometry": {
        "type": "Point",
        "coordinates": [
          24.7538147,
          59.43864822
        ]
      },
      "properties": {
        "netid": "24:B2:B9:F4:42:85",
        "ssid": "ClickShare-Kabinet206",
        "oui": "24:B2:B9",
        "channel": 36,
        "encryption": "wpa2",
        "firsttime": "2026-02-27T20:00:00.000Z",
        "lasttime": "2026-07-03T10:00:00.000Z",
        "city": "Tallinn",
        "region": "Harju maakond",
        "country": "EE",
        "road": "Mere pst",
        "postalcode": "10111"
      }
    },
    {
      "type": "Feature",
      "geometry": {
        "type": "Point",
        "coordinates": [
          -95.36375427,
          29.75522232
        ]
      },
      "properties": {
        "netid": "24:B2:B9:F4:43:27",
        "ssid": "ClickShare-1862714730",
        "oui": "24:B2:B9",
        "channel": 36,
        "encryption": "wpa2",
        "firsttime": "2026-05-08T20:00:00.000Z",
        "lasttime": "2026-05-08T15:00:00.000Z",
        "city": "Houston",
        "region": "TX",
        "country": "US",
        "road": "San Jacinto Street",
        "postalcode": "77004"
      }
    },
    {
      "type": "Feature",
      "geometry": {
        "type": "Point",
        "coordinates": [
          -72.50267792,
          41.79977036
        ]
      },
      "properties": {
        "netid": "24:B2:B9:F4:43:77",
        "ssid": "ClickShare-1862714721",
        "oui": "24:B2:B9",
        "channel": 36,
        "encryption": "wpa2",
        "firsttime": "2026-03-03T22:00:00.000Z",
        "lasttime": "2026-03-03T15:00:00.000Z",
        "city": null,
        "region": "CT",
        "country": "US",
        "road": "Progress Drive",
        "postalcode": "06042"
      }
    },
    {
      "type": "Feature",
      "geometry": {
        "type": "Point",
        "coordinates": [
          -86.2690506,
          39.86935043
        ]
      },
      "properties": {
        "netid": "24:B2:B9:F4:43:B9",
        "ssid": "ClickShare-1863090724",
        "oui": "24:B2:B9",
        "channel": 36,
        "encryption": "wpa2",
        "firsttime": "2026-04-08T13:00:00.000Z",
        "lasttime": "2026-04-16T13:00:00.000Z",
        "city": "Indianapolis",
        "region": "IN",
        "country": "US",
        "road": "I 465",
        "postalcode": "46254"
      }
    },
    {
      "type": "Feature",
      "geometry": {
        "type": "Point",
        "coordinates": [
          -86.68045044,
          34.73288727
        ]
      },
      "properties": {
        "netid": "24:B2:B9:F4:43:C3",
        "ssid": "ClickShare-1863090122",
        "oui": "24:B2:B9",
        "channel": 36,
        "encryption": "wpa2",
        "firsttime": "2026-06-16T18:00:00.000Z",
        "lasttime": "2026-06-16T14:00:00.000Z",
        "city": "Huntsville",
        "region": "AL",
        "country": "US",
        "road": "Explorer Boulevard Northwest",
        "postalcode": "35806-1776"
      }
    },
    {
      "type": "Feature",
      "geometry": {
        "type": "Point",
        "coordinates": [
          -73.57161713,
          45.50487518
        ]
      },
      "properties": {
        "netid": "24:B2:B9:F4:44:E7",
        "ssid": null,
        "oui": "24:B2:B9",
        "channel": 36,
        "encryption": "wpa2",
        "firsttime": "2026-07-10T15:00:00.000Z",
        "lasttime": "2026-07-10T16:00:00.000Z",
        "city": "Montr\u00e9al",
        "region": "Qu\u00e9bec",
        "country": "CA",
        "road": "Avenue Union",
        "postalcode": "H3A 2C1"
      }
    },
    {
      "type": "Feature",
      "geometry": {
        "type": "Point",
        "coordinates": [
          -6.25260353,
          53.33509064
        ]
      },
      "properties": {
        "netid": "24:B2:B9:F4:45:53",
        "ssid": "ClickShare-1862715383",
        "oui": "24:B2:B9",
        "channel": 36,
        "encryption": "wpa2",
        "firsttime": "2026-02-08T00:00:00.000Z",
        "lasttime": "2026-02-12T13:00:00.000Z",
        "city": "Dublin",
        "region": "Leinster",
        "country": "IE",
        "road": "Fitzwilliam Square South",
        "postalcode": "D02 T922"
      }
    },
    {
      "type": "Feature",
      "geometry": {
        "type": "Point",
        "coordinates": [
          12.10901928,
          54.14424133
        ]
      },
      "properties": {
        "netid": "24:B2:B9:F4:45:65",
        "ssid": "ClickShare-EPG-CR1",
        "oui": "24:B2:B9",
        "channel": 36,
        "encryption": "wpa2",
        "firsttime": "2026-05-17T08:00:00.000Z",
        "lasttime": "2026-05-17T12:00:00.000Z",
        "city": "Rostock",
        "region": "Mecklenburg-Vorpommern",
        "country": "DE",
        "road": null,
        "postalcode": "18147"
      }
    },
    {
      "type": "Feature",
      "geometry": {
        "type": "Point",
        "coordinates": [
          121.56057739,
          25.03209305
        ]
      },
      "properties": {
        "netid": "24:B2:B9:F4:45:7D",
        "ssid": "ClickShare-19P",
        "oui": "24:B2:B9",
        "channel": 36,
        "encryption": "wpa2",
        "firsttime": "2026-01-01T12:00:00.000Z",
        "lasttime": "2026-01-01T07:00:00.000Z",
        "city": "\u81fa\u5317\u5e02",
        "region": "\u81fa\u5317\u5e02",
        "country": "TW",
        "road": "\u677e\u52e4\u8857",
        "postalcode": "110"
      }
    },
    {
      "type": "Feature",
      "geometry": {
        "type": "Point",
        "coordinates": [
          8.44343281,
          48.99530792
        ]
      },
      "properties": {
        "netid": "24:B2:B9:F4:45:D7",
        "ssid": "ClickShare-1862714589",
        "oui": "24:B2:B9",
        "channel": 36,
        "encryption": "wpa2",
        "firsttime": "2026-02-23T11:00:00.000Z",
        "lasttime": "2026-04-14T02:00:00.000Z",
        "city": "Karlsruhe",
        "region": "Baden-W\u00fcrttemberg",
        "country": "DE",
        "road": "Dieselstra\u00dfe",
        "postalcode": "76227"
      }
    },
    {
      "type": "Feature",
      "geometry": {
        "type": "Point",
        "coordinates": [
          36.80604553,
          -1.26888549
        ]
      },
      "properties": {
        "netid": "24:B2:B9:F4:46:0F",
        "ssid": "ClickShare-1862717259",
        "oui": "24:B2:B9",
        "channel": 36,
        "encryption": "wpa2",
        "firsttime": "2026-04-07T14:00:00.000Z",
        "lasttime": "2026-04-08T12:00:00.000Z",
        "city": "Nairobi",
        "region": "Nairobi",
        "country": "KE",
        "road": "Waiyaki Way",
        "postalcode": "97104"
      }
    },
    {
      "type": "Feature",
      "geometry": {
        "type": "Point",
        "coordinates": [
          -73.97904968,
          40.7505722
        ]
      },
      "properties": {
        "netid": "24:B2:B9:F4:46:3F",
        "ssid": "ClickShare-10-62 (3 Person)",
        "oui": "24:B2:B9",
        "channel": 36,
        "encryption": "wpa2",
        "firsttime": "2026-06-27T21:00:00.000Z",
        "lasttime": "2026-08-02T15:00:00.000Z",
        "city": "City of New York",
        "region": "NY",
        "country": "US",
        "road": "Park Avenue",
        "postalcode": "10016"
      }
    },
    {
      "type": "Feature",
      "geometry": {
        "type": "Point",
        "coordinates": [
          -97.52761841,
          35.4788208
        ]
      },
      "properties": {
        "netid": "24:B2:B9:F4:46:A7",
        "ssid": "ClickShare-1862714720",
        "oui": "24:B2:B9",
        "channel": 36,
        "encryption": "wpa2",
        "firsttime": "2026-02-02T16:00:00.000Z",
        "lasttime": "2026-06-29T15:00:00.000Z",
        "city": "Oklahoma City",
        "region": "OK",
        "country": "US",
        "road": "Northwest 10th Street",
        "postalcode": "73127"
      }
    },
    {
      "type": "Feature",
      "geometry": {
        "type": "Point",
        "coordinates": [
          8.04273224,
          52.27219772
        ]
      },
      "properties": {
        "netid": "24:B2:B9:F4:46:E9",
        "ssid": "HGF-B\u00fcro ClickShare",
        "oui": "24:B2:B9",
        "channel": 36,
        "encryption": "wpa2",
        "firsttime": "2026-06-30T17:00:00.000Z",
        "lasttime": "2026-08-05T14:00:00.000Z",
        "city": null,
        "region": "Niedersachsen",
        "country": "DE",
        "road": "Neuer Graben",
        "postalcode": "49074"
      }
    },
    {
      "type": "Feature",
      "geometry": {
        "type": "Point",
        "coordinates": [
          4.6743207,
          52.51209259
        ]
      },
      "properties": {
        "netid": "24:B2:B9:F4:47:37",
        "ssid": "ClickShare-1862717480",
        "oui": "24:B2:B9",
        "channel": 36,
        "encryption": "wpa2",
        "firsttime": "2026-04-27T08:00:00.000Z",
        "lasttime": "2026-04-27T05:00:00.000Z",
        "city": null,
        "region": "Noord-Holland",
        "country": "NL",
        "road": "Anthonie Verherentstraat",
        "postalcode": "1961GD"
      }
    },
    {
      "type": "Feature",
      "geometry": {
        "type": "Point",
        "coordinates": [
          11.39663219,
          47.26287079
        ]
      },
      "properties": {
        "netid": "24:B2:B9:F4:47:53",
        "ssid": null,
        "oui": "24:B2:B9",
        "channel": 36,
        "encryption": "wpa2",
        "firsttime": "2026-08-01T10:00:00.000Z",
        "lasttime": "2026-08-02T08:00:00.000Z",
        "city": "Innsbruck",
        "region": "Tirol",
        "country": "AT",
        "road": "Salurner Stra\u00dfe",
        "postalcode": "6020"
      }
    },
    {
      "type": "Feature",
      "geometry": {
        "type": "Point",
        "coordinates": [
          -80.30463409,
          25.80741501
        ]
      },
      "properties": {
        "netid": "24:B2:B9:F4:47:CB",
        "ssid": "ClickShare-777-9 BR#1",
        "oui": "24:B2:B9",
        "channel": 1,
        "encryption": "wpa2",
        "firsttime": "2026-06-15T16:00:00.000Z",
        "lasttime": "2026-06-15T17:00:00.000Z",
        "city": null,
        "region": "FL",
        "country": "US",
        "road": "Northwest 36th Street",
        "postalcode": "33122"
      }
    },
    {
      "type": "Feature",
      "geometry": {
        "type": "Point",
        "coordinates": [
          15.43864059,
          47.06648636
        ]
      },
      "properties": {
        "netid": "24:B2:B9:F4:48:89",
        "ssid": "ClickShare-1862717857",
        "oui": "24:B2:B9",
        "channel": 36,
        "encryption": "wpa2",
        "firsttime": "2026-07-04T12:00:00.000Z",
        "lasttime": "2026-07-04T12:00:00.000Z",
        "city": "Graz",
        "region": "Steiermark",
        "country": "AT",
        "road": null,
        "postalcode": "8010"
      }
    },
    {
      "type": "Feature",
      "geometry": {
        "type": "Point",
        "coordinates": [
          -79.54589844,
          40.3032608
        ]
      },
      "properties": {
        "netid": "24:B2:B9:F4:49:3F",
        "ssid": "CFWC-CONF-C",
        "oui": "24:B2:B9",
        "channel": 36,
        "encryption": "wpa2",
        "firsttime": "2026-08-03T21:00:00.000Z",
        "lasttime": "2026-08-03T15:00:00.000Z",
        "city": "Greensburg",
        "region": "PA",
        "country": "US",
        "road": "West Otterman Street",
        "postalcode": "15601"
      }
    },
    {
      "type": "Feature",
      "geometry": {
        "type": "Point",
        "coordinates": [
          134.0486908,
          34.34777069
        ]
      },
      "properties": {
        "netid": "24:B2:B9:F4:49:5D",
        "ssid": "ClickShare-1862715374",
        "oui": "24:B2:B9",
        "channel": 36,
        "encryption": "wpa2",
        "firsttime": "2026-02-26T10:00:00.000Z",
        "lasttime": "2026-03-01T23:00:00.000Z",
        "city": "\u9ad8\u677e\u5e02",
        "region": "\u9999\u5ddd\u770c",
        "country": "JP",
        "road": "\u4e2d\u592e\u901a\u308a",
        "postalcode": "760-0023"
      }
    },
    {
      "type": "Feature",
      "geometry": {
        "type": "Point",
        "coordinates": [
          121.56064606,
          25.03209496
        ]
      },
      "properties": {
        "netid": "24:B2:B9:F4:49:6D",
        "ssid": "ClickShare-17P",
        "oui": "24:B2:B9",
        "channel": 36,
        "encryption": "wpa2",
        "firsttime": "2026-01-01T12:00:00.000Z",
        "lasttime": "2026-01-01T07:00:00.000Z",
        "city": "\u81fa\u5317\u5e02",
        "region": "\u81fa\u5317\u5e02",
        "country": "TW",
        "road": "\u677e\u52e4\u8857",
        "postalcode": "110"
      }
    },
    {
      "type": "Feature",
      "geometry": {
        "type": "Point",
        "coordinates": [
          151.19238281,
          -33.82413483
        ]
      },
      "properties": {
        "netid": "24:B2:B9:F4:49:85",
        "ssid": "ClickShare-1862715466",
        "oui": "24:B2:B9",
        "channel": 36,
        "encryption": "wpa2",
        "firsttime": "2025-11-29T00:00:00.000Z",
        "lasttime": "2025-11-29T08:00:00.000Z",
        "city": null,
        "region": "New South Wales",
        "country": "AU",
        "road": "Pacific Highway",
        "postalcode": "2065"
      }
    },
    {
      "type": "Feature",
      "geometry": {
        "type": "Point",
        "coordinates": [
          151.20523071,
          -33.87966156
        ]
      },
      "properties": {
        "netid": "24:B2:B9:F4:49:97",
        "ssid": "Museum Library Clickshare",
        "oui": "24:B2:B9",
        "channel": 157,
        "encryption": "wpa2",
        "firsttime": "2026-02-27T04:00:00.000Z",
        "lasttime": "2026-08-01T22:00:00.000Z",
        "city": "Sydney",
        "region": "New South Wales",
        "country": "AU",
        "road": "George Street",
        "postalcode": "2000"
      }
    },
    {
      "type": "Feature",
      "geometry": {
        "type": "Point",
        "coordinates": [
          10.01004028,
          53.58376312
        ]
      },
      "properties": {
        "netid": "24:B2:B9:F4:49:A5",
        "ssid": "ClickShare-B1",
        "oui": "24:B2:B9",
        "channel": 36,
        "encryption": "wpa2",
        "firsttime": "2026-03-13T15:00:00.000Z",
        "lasttime": "2026-05-22T14:00:00.000Z",
        "city": "Hamburg",
        "region": "Winterhude",
        "country": "DE",
        "road": "Semperstra\u00dfe",
        "postalcode": "22303"
      }
    },
    {
      "type": "Feature",
      "geometry": {
        "type": "Point",
        "coordinates": [
          -89.22905731,
          13.70193768
        ]
      },
      "properties": {
        "netid": "24:B2:B9:F4:49:C1",
        "ssid": "ClickShare-1862716626",
        "oui": "24:B2:B9",
        "channel": 36,
        "encryption": "wpa2",
        "firsttime": "2026-03-31T22:00:00.000Z",
        "lasttime": "2026-03-31T18:00:00.000Z",
        "city": "San Salvador",
        "region": "Departamento de San Salvador",
        "country": "SV",
        "road": "71 Avenida Norte",
        "postalcode": "00503"
      }
    },
    {
      "type": "Feature",
      "geometry": {
        "type": "Point",
        "coordinates": [
          -96.94412994,
          32.86934662
        ]
      },
      "properties": {
        "netid": "24:B2:B9:F4:49:DF",
        "ssid": "ClickShare-1863090963",
        "oui": "24:B2:B9",
        "channel": 36,
        "encryption": "wpa2",
        "firsttime": "2026-06-13T22:00:00.000Z",
        "lasttime": "2026-07-23T15:00:00.000Z",
        "city": "Irving",
        "region": "TX",
        "country": "US",
        "road": "East John W Carpenter Freeway",
        "postalcode": "75039"
      }
    },
    {
      "type": "Feature",
      "geometry": {
        "type": "Point",
        "coordinates": [
          -105.00077057,
          39.75162506
        ]
      },
      "properties": {
        "netid": "24:B2:B9:F4:49:E9",
        "ssid": null,
        "oui": "24:B2:B9",
        "channel": 36,
        "encryption": "wpa2",
        "firsttime": "2026-01-13T23:00:00.000Z",
        "lasttime": "2026-02-24T15:00:00.000Z",
        "city": "Denver",
        "region": "CO",
        "country": "US",
        "road": "Wynkoop Street",
        "postalcode": "80202"
      }
    },
    {
      "type": "Feature",
      "geometry": {
        "type": "Point",
        "coordinates": [
          -97.56990814,
          35.61385727
        ]
      },
      "properties": {
        "netid": "24:B2:B9:F4:4A:1B",
        "ssid": "ClickShare-1862714790",
        "oui": "24:B2:B9",
        "channel": 36,
        "encryption": "wpa2",
        "firsttime": "2026-07-12T10:00:00.000Z",
        "lasttime": "2026-07-12T11:00:00.000Z",
        "city": "Oklahoma City",
        "region": "OK",
        "country": "US",
        "road": "Quail Pointe Drive",
        "postalcode": "73134"
      }
    },
    {
      "type": "Feature",
      "geometry": {
        "type": "Point",
        "coordinates": [
          7.09699392,
          50.92008591
        ]
      },
      "properties": {
        "netid": "24:B2:B9:F4:4A:21",
        "ssid": null,
        "oui": "24:B2:B9",
        "channel": 9,
        "encryption": "wpa2",
        "firsttime": "2026-07-07T10:00:00.000Z",
        "lasttime": "2026-08-07T11:00:00.000Z",
        "city": "K\u00f6ln",
        "region": "Nordrhein-Westfalen",
        "country": "DE",
        "road": "R\u00f6srather Stra\u00dfe",
        "postalcode": "51107"
      }
    },
    {
      "type": "Feature",
      "geometry": {
        "type": "Point",
        "coordinates": [
          7.09730148,
          50.91998672
        ]
      },
      "properties": {
        "netid": "24:B2:B9:F4:4A:2F",
        "ssid": null,
        "oui": "24:B2:B9",
        "channel": 7,
        "encryption": "wpa2",
        "firsttime": "2026-08-07T13:00:00.000Z",
        "lasttime": "2026-08-07T11:00:00.000Z",
        "city": "K\u00f6ln",
        "region": "Nordrhein-Westfalen",
        "country": "DE",
        "road": "R\u00f6srather Stra\u00dfe",
        "postalcode": "51107"
      }
    },
    {
      "type": "Feature",
      "geometry": {
        "type": "Point",
        "coordinates": [
          -1.53252006,
          47.21702576
        ]
      },
      "properties": {
        "netid": "24:B2:B9:F4:4A:49",
        "ssid": "ClickShare-1862714580",
        "oui": "24:B2:B9",
        "channel": 36,
        "encryption": "wpa2",
        "firsttime": "2026-07-06T07:00:00.000Z",
        "lasttime": "2026-07-06T00:00:00.000Z",
        "city": "Nantes",
        "region": "Pays de la Loire",
        "country": "FR",
        "road": "Mail Pablo Picasso",
        "postalcode": "44021"
      }
    },
    {
      "type": "Feature",
      "geometry": {
        "type": "Point",
        "coordinates": [
          -112.06742859,
          33.45186234
        ]
      },
      "properties": {
        "netid": "24:B2:B9:F4:4A:7B",
        "ssid": "Kristine Thurmond Office",
        "oui": "24:B2:B9",
        "channel": 36,
        "encryption": "wpa2",
        "firsttime": "2026-03-16T00:00:00.000Z",
        "lasttime": "2026-03-17T13:00:00.000Z",
        "city": "Phoenix",
        "region": "AZ",
        "country": "US",
        "road": "North 5th Street",
        "postalcode": "85004-1905"
      }
    },
    {
      "type": "Feature",
      "geometry": {
        "type": "Point",
        "coordinates": [
          -111.88687134,
          40.75999451
        ]
      },
      "properties": {
        "netid": "24:B2:B9:F4:4A:C7",
        "ssid": "ClickShare-1863090250",
        "oui": "24:B2:B9",
        "channel": 36,
        "encryption": "wpa2",
        "firsttime": "2026-08-02T01:00:00.000Z",
        "lasttime": "2026-08-01T21:00:00.000Z",
        "city": "Salt Lake City",
        "region": "UT",
        "country": "US",
        "road": "State Street",
        "postalcode": "84111"
      }
    },
    {
      "type": "Feature",
      "geometry": {
        "type": "Point",
        "coordinates": [
          -85.97240448,
          31.80786324
        ]
      },
      "properties": {
        "netid": "24:B2:B9:F4:4A:F3",
        "ssid": "Jared's Room",
        "oui": "24:B2:B9",
        "channel": 36,
        "encryption": "wpa2",
        "firsttime": "2026-01-24T00:00:00.000Z",
        "lasttime": "2026-04-12T21:00:00.000Z",
        "city": null,
        "region": "AL",
        "country": "US",
        "road": "Elm Street",
        "postalcode": "36081"
      }
    },
    {
      "type": "Feature",
      "geometry": {
        "type": "Point",
        "coordinates": [
          -122.54014587,
          45.6703949
        ]
      },
      "properties": {
        "netid": "24:B2:B9:F4:4B:03",
        "ssid": "ClickShare-Training Room",
        "oui": "24:B2:B9",
        "channel": 36,
        "encryption": "wpa2",
        "firsttime": "2026-05-07T00:00:00.000Z",
        "lasttime": "2026-07-02T18:00:00.000Z",
        "city": "Vancouver",
        "region": "WA",
        "country": "US",
        "road": "Northeast Fourth Plain Boulevard",
        "postalcode": "98682"
      }
    },
    {
      "type": "Feature",
      "geometry": {
        "type": "Point",
        "coordinates": [
          -86.2685318,
          39.86994934
        ]
      },
      "properties": {
        "netid": "24:B2:B9:F4:4B:13",
        "ssid": "ClickShare-1863090788",
        "oui": "24:B2:B9",
        "channel": 36,
        "encryption": "wpa2",
        "firsttime": "2026-04-08T13:00:00.000Z",
        "lasttime": "2026-04-11T22:00:00.000Z",
        "city": "Indianapolis",
        "region": "IN",
        "country": "US",
        "road": "I 465",
        "postalcode": "46278"
      }
    },
    {
      "type": "Feature",
      "geometry": {
        "type": "Point",
        "coordinates": [
          -84.33787537,
          34.04972839
        ]
      },
      "properties": {
        "netid": "24:B2:B9:F4:4B:39",
        "ssid": "ClickShare-1863090268",
        "oui": "24:B2:B9",
        "channel": 36,
        "encryption": "wpa2",
        "firsttime": "2026-07-16T22:00:00.000Z",
        "lasttime": "2026-07-16T19:00:00.000Z",
        "city": "Roswell",
        "region": "GA",
        "country": "US",
        "road": "Alpharetta Highway",
        "postalcode": "30076"
      }
    },
    {
      "type": "Feature",
      "geometry": {
        "type": "Point",
        "coordinates": [
          -80.11303711,
          26.40823936
        ]
      },
      "properties": {
        "netid": "24:B2:B9:F4:4B:3D",
        "ssid": "ClickShare-1863090259",
        "oui": "24:B2:B9",
        "channel": 36,
        "encryption": "wpa2",
        "firsttime": "2026-06-03T15:00:00.000Z",
        "lasttime": "2026-06-12T10:00:00.000Z",
        "city": "Boca Raton",
        "region": "FL",
        "country": "US",
        "road": "Clint Moore Road",
        "postalcode": "33487-3536"
      }
    },
    {
      "type": "Feature",
      "geometry": {
        "type": "Point",
        "coordinates": [
          -97.73497009,
          30.24501228
        ]
      },
      "properties": {
        "netid": "24:B2:B9:F4:4B:47",
        "ssid": "ClickShare-Riverside",
        "oui": "24:B2:B9",
        "channel": 36,
        "encryption": "wep",
        "firsttime": "2026-06-30T19:00:00.000Z",
        "lasttime": "2026-06-30T16:00:00.000Z",
        "city": "Austin",
        "region": "TX",
        "country": "US",
        "road": "I 35;US 290",
        "postalcode": "78704-5639"
      }
    },
    {
      "type": "Feature",
      "geometry": {
        "type": "Point",
        "coordinates": [
          -77.61754608,
          43.15437698
        ]
      },
      "properties": {
        "netid": "24:B2:B9:F4:4B:53",
        "ssid": "ClickShare-1863090584",
        "oui": "24:B2:B9",
        "channel": 36,
        "encryption": "wpa2",
        "firsttime": "2026-04-13T16:00:00.000Z",
        "lasttime": "2026-07-16T06:00:00.000Z",
        "city": "City of Rochester",
        "region": "NY",
        "country": "US",
        "road": "West Main Street",
        "postalcode": "14614"
      }
    },
    {
      "type": "Feature",
      "geometry": {
        "type": "Point",
        "coordinates": [
          -118.37561798,
          34.06981277
        ]
      },
      "properties": {
        "netid": "24:B2:B9:F4:4B:57",
        "ssid": "ClickShare-1863090701",
        "oui": "24:B2:B9",
        "channel": 36,
        "encryption": "wpa2",
        "firsttime": "2026-03-20T20:00:00.000Z",
        "lasttime": "2026-05-05T20:00:00.000Z",
        "city": null,
        "region": "CA",
        "country": "US",
        "road": "San Vicente Boulevard",
        "postalcode": "90048"
      }
    },
    {
      "type": "Feature",
      "geometry": {
        "type": "Point",
        "coordinates": [
          -105.00102234,
          39.75130463
        ]
      },
      "properties": {
        "netid": "24:B2:B9:F4:4B:5B",
        "ssid": null,
        "oui": "24:B2:B9",
        "channel": 36,
        "encryption": "wpa2",
        "firsttime": "2026-01-13T23:00:00.000Z",
        "lasttime": "2026-02-11T20:00:00.000Z",
        "city": "Denver",
        "region": "CO",
        "country": "US",
        "road": "Wynkoop Street",
        "postalcode": "80202"
      }
    },
    {
      "type": "Feature",
      "geometry": {
        "type": "Point",
        "coordinates": [
          -97.73498535,
          30.24629211
        ]
      },
      "properties": {
        "netid": "24:B2:B9:F4:4B:97",
        "ssid": "ClickShare- Mockingbird",
        "oui": "24:B2:B9",
        "channel": 36,
        "encryption": "wep",
        "firsttime": "2026-06-09T21:00:00.000Z",
        "lasttime": "2026-06-30T16:00:00.000Z",
        "city": "Austin",
        "region": "TX",
        "country": "US",
        "road": "I 35;US 290",
        "postalcode": "78704-5639"
      }
    },
    {
      "type": "Feature",
      "geometry": {
        "type": "Point",
        "coordinates": [
          -103.20863342,
          44.07726288
        ]
      },
      "properties": {
        "netid": "24:B2:B9:F4:4B:A3",
        "ssid": "Gather 175 CX30",
        "oui": "24:B2:B9",
        "channel": 1,
        "encryption": "wpa2",
        "firsttime": "2026-07-09T04:00:00.000Z",
        "lasttime": "2026-07-09T08:00:00.000Z",
        "city": "Rapid City",
        "region": "SD",
        "country": "US",
        "road": "East Main Street",
        "postalcode": "57701"
      }
    },
    {
      "type": "Feature",
      "geometry": {
        "type": "Point",
        "coordinates": [
          -117.41812134,
          47.65799332
        ]
      },
      "properties": {
        "netid": "24:B2:B9:F4:4B:C3",
        "ssid": "Heart Clickshare",
        "oui": "24:B2:B9",
        "channel": 36,
        "encryption": "wpa2",
        "firsttime": "2026-07-09T18:00:00.000Z",
        "lasttime": "2026-07-19T20:00:00.000Z",
        "city": "Spokane",
        "region": "WA",
        "country": "US",
        "road": "West Riverside Avenue",
        "postalcode": "99201"
      }
    },
    {
      "type": "Feature",
      "geometry": {
        "type": "Point",
        "coordinates": [
          -97.93843842,
          35.04005051
        ]
      },
      "properties": {
        "netid": "24:B2:B9:F4:4C:01",
        "ssid": "ClickShare-032613",
        "oui": "24:B2:B9",
        "channel": 36,
        "encryption": "wpa2",
        "firsttime": "2026-08-03T21:00:00.000Z",
        "lasttime": "2026-08-03T19:00:00.000Z",
        "city": null,
        "region": "OK",
        "country": "US",
        "road": "West Florida Avenue",
        "postalcode": "73018"
      }
    },
    {
      "type": "Feature",
      "geometry": {
        "type": "Point",
        "coordinates": [
          -86.26667786,
          39.88417435
        ]
      },
      "properties": {
        "netid": "24:B2:B9:F4:4C:51",
        "ssid": "ClickShare-1863090785",
        "oui": "24:B2:B9",
        "channel": 36,
        "encryption": "wep",
        "firsttime": "2026-02-04T00:00:00.000Z",
        "lasttime": "2026-04-09T19:00:00.000Z",
        "city": "Indianapolis",
        "region": "IN",
        "country": "US",
        "road": "Woodland Drive",
        "postalcode": "46278"
      }
    },
    {
      "type": "Feature",
      "geometry": {
        "type": "Point",
        "coordinates": [
          -76.99503326,
          38.89074707
        ]
      },
      "properties": {
        "netid": "24:B2:B9:F4:4C:57",
        "ssid": "ClickShare-1863090944",
        "oui": "24:B2:B9",
        "channel": 36,
        "encryption": "wpa2",
        "firsttime": "2026-05-16T22:00:00.000Z",
        "lasttime": "2026-05-17T18:00:00.000Z",
        "city": "Washington",
        "region": "DC",
        "country": "US",
        "road": "8th Street Northeast",
        "postalcode": "20002"
      }
    },
    {
      "type": "Feature",
      "geometry": {
        "type": "Point",
        "coordinates": [
          -111.92685699,
          33.50314331
        ]
      },
      "properties": {
        "netid": "24:B2:B9:F4:4C:75",
        "ssid": "ClickShare-1863091014",
        "oui": "24:B2:B9",
        "channel": 36,
        "encryption": "wpa2",
        "firsttime": "2026-02-17T15:00:00.000Z",
        "lasttime": "2026-05-24T17:00:00.000Z",
        "city": "Scottsdale",
        "region": "AZ",
        "country": "US",
        "road": "East Camelback Road",
        "postalcode": "85251"
      }
    },
    {
      "type": "Feature",
      "geometry": {
        "type": "Point",
        "coordinates": [
          -86.26892853,
          39.86930084
        ]
      },
      "properties": {
        "netid": "24:B2:B9:F4:4C:7B",
        "ssid": "ClickShare-1863090818",
        "oui": "24:B2:B9",
        "channel": 36,
        "encryption": "wpa2",
        "firsttime": "2026-02-15T22:00:00.000Z",
        "lasttime": "2026-04-11T22:00:00.000Z",
        "city": "Indianapolis",
        "region": "IN",
        "country": "US",
        "road": "I 465",
        "postalcode": "46254"
      }
    },
    {
      "type": "Feature",
      "geometry": {
        "type": "Point",
        "coordinates": [
          2.37479496,
          48.84120941
        ]
      },
      "properties": {
        "netid": "24:B2:B9:F4:4D:6D",
        "ssid": "ClickShare-1862720243",
        "oui": "24:B2:B9",
        "channel": 36,
        "encryption": "wpa2",
        "firsttime": "2026-06-14T15:00:00.000Z",
        "lasttime": "2026-07-21T12:00:00.000Z",
        "city": "Paris",
        "region": "\u00cele-de-France",
        "country": "FR",
        "road": "Rue Villiot",
        "postalcode": "75012"
      }
    },
    {
      "type": "Feature",
      "geometry": {
        "type": "Point",
        "coordinates": [
          -86.26634979,
          39.88396072
        ]
      },
      "properties": {
        "netid": "24:B2:B9:F4:4D:BF",
        "ssid": "ClickShare-1863090761",
        "oui": "24:B2:B9",
        "channel": 36,
        "encryption": "wep",
        "firsttime": "2026-04-10T01:00:00.000Z",
        "lasttime": "2026-04-09T19:00:00.000Z",
        "city": "Indianapolis",
        "region": "IN",
        "country": "US",
        "road": "Woodland Drive",
        "postalcode": "46278"
      }
    },
    {
      "type": "Feature",
      "geometry": {
        "type": "Point",
        "coordinates": [
          -83.29618835,
          42.49458313
        ]
      },
      "properties": {
        "netid": "24:B2:B9:F4:4D:C3",
        "ssid": "ClickShare-LCRM",
        "oui": "24:B2:B9",
        "channel": 36,
        "encryption": "wpa2",
        "firsttime": "2026-03-24T23:00:00.000Z",
        "lasttime": "2026-06-29T08:00:00.000Z",
        "city": null,
        "region": "MI",
        "country": "US",
        "road": "Walter P Reuther Freeway",
        "postalcode": "48086"
      }
    },
    {
      "type": "Feature",
      "geometry": {
        "type": "Point",
        "coordinates": [
          -86.26888275,
          39.8693161
        ]
      },
      "properties": {
        "netid": "24:B2:B9:F4:4E:17",
        "ssid": "ClickShare-1863090727",
        "oui": "24:B2:B9",
        "channel": 36,
        "encryption": "wpa2",
        "firsttime": "2026-04-08T13:00:00.000Z",
        "lasttime": "2026-04-11T22:00:00.000Z",
        "city": "Indianapolis",
        "region": "IN",
        "country": "US",
        "road": "I 465",
        "postalcode": "46254"
      }
    },
    {
      "type": "Feature",
      "geometry": {
        "type": "Point",
        "coordinates": [
          -86.26886749,
          39.8693924
        ]
      },
      "properties": {
        "netid": "24:B2:B9:F4:4E:27",
        "ssid": "ClickShare-1863090642",
        "oui": "24:B2:B9",
        "channel": 36,
        "encryption": "wpa2",
        "firsttime": "2026-04-08T13:00:00.000Z",
        "lasttime": "2026-04-11T22:00:00.000Z",
        "city": "Indianapolis",
        "region": "IN",
        "country": "US",
        "road": "I 465",
        "postalcode": "46254"
      }
    },
    {
      "type": "Feature",
      "geometry": {
        "type": "Point",
        "coordinates": [
          -117.83724976,
          33.67978668
        ]
      },
      "properties": {
        "netid": "24:B2:B9:F4:4E:49",
        "ssid": "ClickShare-1863090174",
        "oui": "24:B2:B9",
        "channel": 36,
        "encryption": "wpa2",
        "firsttime": "2026-02-02T15:00:00.000Z",
        "lasttime": "2026-08-06T08:00:00.000Z",
        "city": "Irvine",
        "region": "CA",
        "country": "US",
        "road": "Main Street",
        "postalcode": "92614"
      }
    },
    {
      "type": "Feature",
      "geometry": {
        "type": "Point",
        "coordinates": [
          -118.26038361,
          34.05020905
        ]
      },
      "properties": {
        "netid": "24:B2:B9:F4:4E:4D",
        "ssid": "ClickShare-1863090825",
        "oui": "24:B2:B9",
        "channel": 36,
        "encryption": "wpa2",
        "firsttime": "2026-02-26T04:00:00.000Z",
        "lasttime": "2026-06-24T20:00:00.000Z",
        "city": "Los Angeles",
        "region": "CA",
        "country": "US",
        "road": "Wilshire Boulevard",
        "postalcode": "90017"
      }
    },
    {
      "type": "Feature",
      "geometry": {
        "type": "Point",
        "coordinates": [
          -86.4227829,
          30.39060402
        ]
      },
      "properties": {
        "netid": "24:B2:B9:F4:4E:85",
        "ssid": "ClickShare-1863090820",
        "oui": "24:B2:B9",
        "channel": 36,
        "encryption": "wpa2",
        "firsttime": "2026-06-01T17:00:00.000Z",
        "lasttime": "2026-06-01T18:00:00.000Z",
        "city": null,
        "region": "FL",
        "country": "US",
        "road": "Legendary Drive",
        "postalcode": "32541"
      }
    },
    {
      "type": "Feature",
      "geometry": {
        "type": "Point",
        "coordinates": [
          -97.74394226,
          30.27840996
        ]
      },
      "properties": {
        "netid": "24:B2:B9:F4:4E:8F",
        "ssid": "Stream Realty Clickshare",
        "oui": "24:B2:B9",
        "channel": 157,
        "encryption": "wpa2",
        "firsttime": "2026-07-23T19:00:00.000Z",
        "lasttime": "2026-07-23T14:00:00.000Z",
        "city": "Austin",
        "region": "TX",
        "country": "US",
        "road": "San Antonio Street",
        "postalcode": "78701"
      }
    },
    {
      "type": "Feature",
      "geometry": {
        "type": "Point",
        "coordinates": [
          -84.49172974,
          38.08615875
        ]
      },
      "properties": {
        "netid": "24:B2:B9:F4:4E:91",
        "ssid": "ClickShare-1863090729",
        "oui": "24:B2:B9",
        "channel": 36,
        "encryption": "wpa2",
        "firsttime": "2026-08-01T10:00:00.000Z",
        "lasttime": "2026-08-07T10:00:00.000Z",
        "city": "Lexington",
        "region": "KY",
        "country": "US",
        "road": "Citation Boulevard",
        "postalcode": "40512"
      }
    },
    {
      "type": "Feature",
      "geometry": {
        "type": "Point",
        "coordinates": [
          -80.03626251,
          32.88425064
        ]
      },
      "properties": {
        "netid": "24:B2:B9:F4:4E:93",
        "ssid": "Sachins Office_ClickShare",
        "oui": "24:B2:B9",
        "channel": 36,
        "encryption": "wpa2",
        "firsttime": "2026-01-24T18:00:00.000Z",
        "lasttime": "2026-04-03T17:00:00.000Z",
        "city": "North Charleston",
        "region": "SC",
        "country": "US",
        "road": "International Boulevard",
        "postalcode": "29403"
      }
    },
    {
      "type": "Feature",
      "geometry": {
        "type": "Point",
        "coordinates": [
          7.43720341,
          46.93644333
        ]
      },
      "properties": {
        "netid": "24:B2:B9:F4:4F:55",
        "ssid": "ClickShare-SiZi_U.211",
        "oui": "24:B2:B9",
        "channel": 36,
        "encryption": "wpa2",
        "firsttime": "2026-04-10T11:00:00.000Z",
        "lasttime": "2026-04-10T11:00:00.000Z",
        "city": "Bern",
        "region": "Bern/Berne",
        "country": "CH",
        "road": "Holzikofenweg",
        "postalcode": "3003"
      }
    },
    {
      "type": "Feature",
      "geometry": {
        "type": "Point",
        "coordinates": [
          -86.26898956,
          39.86930466
        ]
      },
      "properties": {
        "netid": "24:B2:B9:F4:50:0B",
        "ssid": "ClickShare-1863090762",
        "oui": "24:B2:B9",
        "channel": 36,
        "encryption": "wpa2",
        "firsttime": "2026-02-15T22:00:00.000Z",
        "lasttime": "2026-04-11T22:00:00.000Z",
        "city": "Indianapolis",
        "region": "IN",
        "country": "US",
        "road": "I 465",
        "postalcode": "46254"
      }
    },
    {
      "type": "Feature",
      "geometry": {
        "type": "Point",
        "coordinates": [
          -75.57216644,
          40.52029419
        ]
      },
      "properties": {
        "netid": "24:B2:B9:F4:50:17",
        "ssid": "ClickShare-1863089782",
        "oui": "24:B2:B9",
        "channel": 36,
        "encryption": "wpa2",
        "firsttime": "2026-07-08T16:00:00.000Z",
        "lasttime": "2026-07-08T11:00:00.000Z",
        "city": "Lower Macungie Township",
        "region": "PA",
        "country": "US",
        "road": "PA 100",
        "postalcode": "18062"
      }
    },
    {
      "type": "Feature",
      "geometry": {
        "type": "Point",
        "coordinates": [
          -93.02386475,
          44.87749481
        ]
      },
      "properties": {
        "netid": "24:B2:B9:F4:50:2B",
        "ssid": "St Paul Conference Clickshare",
        "oui": "24:B2:B9",
        "channel": 36,
        "encryption": "wpa2",
        "firsttime": "2026-02-15T23:00:00.000Z",
        "lasttime": "2026-02-15T15:00:00.000Z",
        "city": null,
        "region": "MN",
        "country": "US",
        "road": "Hardman Avenue South",
        "postalcode": "55075"
      }
    },
    {
      "type": "Feature",
      "geometry": {
        "type": "Point",
        "coordinates": [
          -86.26892853,
          39.86920929
        ]
      },
      "properties": {
        "netid": "24:B2:B9:F4:50:97",
        "ssid": "ClickShare-1863090741",
        "oui": "24:B2:B9",
        "channel": 36,
        "encryption": "wpa2",
        "firsttime": "2026-04-08T13:00:00.000Z",
        "lasttime": "2026-04-16T13:00:00.000Z",
        "city": "Indianapolis",
        "region": "IN",
        "country": "US",
        "road": "I 465",
        "postalcode": "46254"
      }
    },
    {
      "type": "Feature",
      "geometry": {
        "type": "Point",
        "coordinates": [
          -86.26564789,
          39.88297653
        ]
      },
      "properties": {
        "netid": "24:B2:B9:F4:50:9F",
        "ssid": "ClickShare-1863090807",
        "oui": "24:B2:B9",
        "channel": 36,
        "encryption": "wpa2",
        "firsttime": "2026-04-10T01:00:00.000Z",
        "lasttime": "2026-04-11T22:00:00.000Z",
        "city": "Indianapolis",
        "region": "IN",
        "country": "US",
        "road": "Woodland Drive",
        "postalcode": "46278"
      }
    },
    {
      "type": "Feature",
      "geometry": {
        "type": "Point",
        "coordinates": [
          4.70706892,
          52.01674271
        ]
      },
      "properties": {
        "netid": "24:B2:B9:F4:50:CD",
        "ssid": "Pelecon-ClickShare",
        "oui": "24:B2:B9",
        "channel": 36,
        "encryption": "wpa2",
        "firsttime": "2026-06-06T18:00:00.000Z",
        "lasttime": "2026-06-06T17:00:00.000Z",
        "city": null,
        "region": "Zuid-Holland",
        "country": "NL",
        "road": "Stationsplein",
        "postalcode": "2801BX"
      }
    },
    {
      "type": "Feature",
      "geometry": {
        "type": "Point",
        "coordinates": [
          -82.75591278,
          41.4420433
        ]
      },
      "properties": {
        "netid": "24:B2:B9:F4:52:61",
        "ssid": "ClickShare-1863090014",
        "oui": "24:B2:B9",
        "channel": 36,
        "encryption": "wpa2",
        "firsttime": "2026-07-27T16:00:00.000Z",
        "lasttime": "2026-07-27T09:00:00.000Z",
        "city": "Sandusky",
        "region": "OH",
        "country": "US",
        "road": "Venice Road",
        "postalcode": "44870"
      }
    },
    {
      "type": "Feature",
      "geometry": {
        "type": "Point",
        "coordinates": [
          -73.97924805,
          40.75013733
        ]
      },
      "properties": {
        "netid": "24:B2:B9:F4:52:A5",
        "ssid": "ClickShare-10-M2",
        "oui": "24:B2:B9",
        "channel": 36,
        "encryption": "wpa2",
        "firsttime": "2026-06-27T21:00:00.000Z",
        "lasttime": "2026-08-02T15:00:00.000Z",
        "city": "City of New York",
        "region": "NY",
        "country": "US",
        "road": "Park Avenue",
        "postalcode": "10016"
      }
    },
    {
      "type": "Feature",
      "geometry": {
        "type": "Point",
        "coordinates": [
          -82.54883575,
          27.96667671
        ]
      },
      "properties": {
        "netid": "24:B2:B9:F4:52:B7",
        "ssid": "ClickShare-1863089825",
        "oui": "24:B2:B9",
        "channel": 36,
        "encryption": "wpa2",
        "firsttime": "2026-06-28T13:00:00.000Z",
        "lasttime": "2026-06-28T06:00:00.000Z",
        "city": "Tampa",
        "region": "FL",
        "country": "US",
        "road": "U-Path",
        "postalcode": "33607"
      }
    },
    {
      "type": "Feature",
      "geometry": {
        "type": "Point",
        "coordinates": [
          -61.40460968,
          10.50744057
        ]
      },
      "properties": {
        "netid": "24:B2:B9:F4:52:B9",
        "ssid": "RBL LTDC Conf 1 Barco",
        "oui": "24:B2:B9",
        "channel": 36,
        "encryption": "wpa2",
        "firsttime": "2026-06-21T13:00:00.000Z",
        "lasttime": "2026-06-21T07:00:00.000Z",
        "city": "Chaguanas",
        "region": "Lendore",
        "country": "TT",
        "road": "North Brentwood Drive",
        "postalcode": "500125"
      }
    },
    {
      "type": "Feature",
      "geometry": {
        "type": "Point",
        "coordinates": [
          -115.26094055,
          36.05836868
        ]
      },
      "properties": {
        "netid": "24:B2:B9:F4:52:F7",
        "ssid": "ClickShare-BoardRoom",
        "oui": "24:B2:B9",
        "channel": 36,
        "encryption": "wpa2",
        "firsttime": "2026-04-01T23:00:00.000Z",
        "lasttime": "2026-07-20T16:00:00.000Z",
        "city": null,
        "region": "NV",
        "country": "US",
        "road": "South Buffalo Drive",
        "postalcode": "89113"
      }
    },
    {
      "type": "Feature",
      "geometry": {
        "type": "Point",
        "coordinates": [
          -77.03642273,
          38.90878296
        ]
      },
      "properties": {
        "netid": "24:B2:B9:F4:53:FD",
        "ssid": "ClickShare-1863090616",
        "oui": "24:B2:B9",
        "channel": 153,
        "encryption": "wpa2",
        "firsttime": "2026-05-22T12:00:00.000Z",
        "lasttime": "2026-06-13T21:00:00.000Z",
        "city": "Washington",
        "region": "DC",
        "country": "US",
        "road": "16th Street Northwest",
        "postalcode": "20036"
      }
    },
    {
      "type": "Feature",
      "geometry": {
        "type": "Point",
        "coordinates": [
          -113.55506134,
          37.04378891
        ]
      },
      "properties": {
        "netid": "24:B2:B9:F4:54:37",
        "ssid": "ClickShare-StgDemo",
        "oui": "24:B2:B9",
        "channel": 36,
        "encryption": "wpa2",
        "firsttime": "2026-06-13T19:00:00.000Z",
        "lasttime": "2026-06-13T21:00:00.000Z",
        "city": "St. George",
        "region": "UT",
        "country": "US",
        "road": "River Road",
        "postalcode": "84790"
      }
    },
    {
      "type": "Feature",
      "geometry": {
        "type": "Point",
        "coordinates": [
          -71.25868988,
          42.03098297
        ]
      },
      "properties": {
        "netid": "24:B2:B9:F4:57:43",
        "ssid": "ClickShare-1863090354",
        "oui": "24:B2:B9",
        "channel": 36,
        "encryption": "wpa2",
        "firsttime": "2026-02-14T13:00:00.000Z",
        "lasttime": "2026-07-13T04:00:00.000Z",
        "city": null,
        "region": "MA",
        "country": "US",
        "road": "Green Street",
        "postalcode": "02048-1905"
      }
    },
    {
      "type": "Feature",
      "geometry": {
        "type": "Point",
        "coordinates": [
          -79.37342072,
          43.65150452
        ]
      },
      "properties": {
        "netid": "24:B2:B9:F4:57:D5",
        "ssid": "ClickShare-1862716883",
        "oui": "24:B2:B9",
        "channel": 36,
        "encryption": "wpa2",
        "firsttime": "2026-04-02T18:00:00.000Z",
        "lasttime": "2026-08-06T19:00:00.000Z",
        "city": "Old Toronto",
        "region": "Ontario",
        "country": "CA",
        "road": "Adelaide Street East",
        "postalcode": "M5C 1K9"
      }
    },
    {
      "type": "Feature",
      "geometry": {
        "type": "Point",
        "coordinates": [
          -103.38580322,
          20.68464279
        ]
      },
      "properties": {
        "netid": "24:B2:B9:F4:57:F5",
        "ssid": null,
        "oui": "24:B2:B9",
        "channel": 1,
        "encryption": "wpa2",
        "firsttime": "2026-04-24T21:00:00.000Z",
        "lasttime": "2026-04-27T14:00:00.000Z",
        "city": "Guadalajara",
        "region": "Jalisco",
        "country": "MX",
        "road": "Avenida Manuel Acu\u00f1a",
        "postalcode": "44670"
      }
    },
    {
      "type": "Feature",
      "geometry": {
        "type": "Point",
        "coordinates": [
          -79.38008881,
          43.64652252
        ]
      },
      "properties": {
        "netid": "24:B2:B9:F4:58:5B",
        "ssid": "ClickShare-USEW2-251",
        "oui": "24:B2:B9",
        "channel": 36,
        "encryption": "wpa2",
        "firsttime": "2026-08-02T01:00:00.000Z",
        "lasttime": "2026-08-01T19:00:00.000Z",
        "city": "Old Toronto",
        "region": "Ontario",
        "country": "CA",
        "road": "PATH",
        "postalcode": "M5J 2J1"
      }
    },
    {
      "type": "Feature",
      "geometry": {
        "type": "Point",
        "coordinates": [
          -79.38972473,
          43.64626694
        ]
      },
      "properties": {
        "netid": "24:B2:B9:F4:58:63",
        "ssid": "ClickShare-1862716887",
        "oui": "24:B2:B9",
        "channel": 36,
        "encryption": "wpa2",
        "firsttime": "2026-03-07T19:00:00.000Z",
        "lasttime": "2026-06-27T20:00:00.000Z",
        "city": "Old Toronto",
        "region": "Ontario",
        "country": "CA",
        "road": "King Street West",
        "postalcode": "M5V 1J5"
      }
    },
    {
      "type": "Feature",
      "geometry": {
        "type": "Point",
        "coordinates": [
          -79.29476929,
          43.71886063
        ]
      },
      "properties": {
        "netid": "24:B2:B9:F4:58:91",
        "ssid": "ClickShare-1862716880",
        "oui": "24:B2:B9",
        "channel": 36,
        "encryption": "wpa2",
        "firsttime": "2026-05-08T02:00:00.000Z",
        "lasttime": "2026-05-21T14:00:00.000Z",
        "city": "Toronto",
        "region": "Ontario",
        "country": "CA",
        "road": "Pharmacy Avenue",
        "postalcode": "M1L 1V6"
      }
    },
    {
      "type": "Feature",
      "geometry": {
        "type": "Point",
        "coordinates": [
          10.81123257,
          59.92578125
        ]
      },
      "properties": {
        "netid": "24:B2:B9:F4:59:63",
        "ssid": "ClickShare-1862716216",
        "oui": "24:B2:B9",
        "channel": 36,
        "encryption": "wpa2",
        "firsttime": "2026-06-30T20:00:00.000Z",
        "lasttime": "2026-06-30T14:00:00.000Z",
        "city": "Oslo",
        "region": "Mellom-Hovin",
        "country": "NO",
        "road": "Ulvenveien",
        "postalcode": "0581"
      }
    },
    {
      "type": "Feature",
      "geometry": {
        "type": "Point",
        "coordinates": [
          -71.08811951,
          42.51895142
        ]
      },
      "properties": {
        "netid": "24:B2:B9:F4:59:B7",
        "ssid": "ClickShare-1863090875",
        "oui": "24:B2:B9",
        "channel": 36,
        "encryption": "wpa2",
        "firsttime": "2026-04-22T21:00:00.000Z",
        "lasttime": "2026-04-22T16:00:00.000Z",
        "city": null,
        "region": "MA",
        "country": "US",
        "road": "Yankee Division Highway",
        "postalcode": "01867"
      }
    },
    {
      "type": "Feature",
      "geometry": {
        "type": "Point",
        "coordinates": [
          -94.21178436,
          36.3641777
        ]
      },
      "properties": {
        "netid": "24:B2:B9:F4:5C:91",
        "ssid": "ClickShare-Bentonville",
        "oui": "24:B2:B9",
        "channel": 36,
        "encryption": "wpa2",
        "firsttime": "2026-04-20T21:00:00.000Z",
        "lasttime": "2026-05-20T13:00:00.000Z",
        "city": null,
        "region": "AR",
        "country": "US",
        "road": "Southwest 8th Street",
        "postalcode": "72712"
      }
    },
    {
      "type": "Feature",
      "geometry": {
        "type": "Point",
        "coordinates": [
          -87.92719269,
          42.11418915
        ]
      },
      "properties": {
        "netid": "24:B2:B9:F4:5E:13",
        "ssid": "ClickShare-1889160339",
        "oui": "24:B2:B9",
        "channel": 36,
        "encryption": "wpa2",
        "firsttime": "2026-07-26T20:00:00.000Z",
        "lasttime": "2026-07-26T16:00:00.000Z",
        "city": null,
        "region": "IL",
        "country": "US",
        "road": "South Wheeling Road",
        "postalcode": "60090"
      }
    },
    {
      "type": "Feature",
      "geometry": {
        "type": "Point",
        "coordinates": [
          4.86193705,
          45.76074219
        ]
      },
      "properties": {
        "netid": "24:B2:B9:F4:5E:5F",
        "ssid": "ClickShare-1862716324",
        "oui": "24:B2:B9",
        "channel": 36,
        "encryption": "wpa2",
        "firsttime": "2026-07-16T13:00:00.000Z",
        "lasttime": "2026-08-05T09:00:00.000Z",
        "city": "Lyon",
        "region": "Auvergne-Rh\u00f4ne-Alpes",
        "country": "FR",
        "road": "Place de la Vilette",
        "postalcode": "69003"
      }
    },
    {
      "type": "Feature",
      "geometry": {
        "type": "Point",
        "coordinates": [
          -103.3821106,
          20.68257904
        ]
      },
      "properties": {
        "netid": "24:B2:B9:F4:5E:6D",
        "ssid": "Negocios-3",
        "oui": "24:B2:B9",
        "channel": 36,
        "encryption": "wpa2",
        "firsttime": "2026-04-25T00:00:00.000Z",
        "lasttime": "2026-04-27T14:00:00.000Z",
        "city": "Guadalajara",
        "region": "Jalisco",
        "country": "MX",
        "road": "Avenida Adolfo L\u00f3pez Mateos Norte",
        "postalcode": "44158"
      }
    },
    {
      "type": "Feature",
      "geometry": {
        "type": "Point",
        "coordinates": [
          -93.45096588,
          44.97094727
        ]
      },
      "properties": {
        "netid": "24:B2:B9:F4:5F:4D",
        "ssid": "ClickShare-1889161652",
        "oui": "24:B2:B9",
        "channel": 36,
        "encryption": "wpa2",
        "firsttime": "2026-08-03T23:00:00.000Z",
        "lasttime": "2026-08-03T18:00:00.000Z",
        "city": null,
        "region": "MN",
        "country": "US",
        "road": "I 394",
        "postalcode": "55305"
      }
    },
    {
      "type": "Feature",
      "geometry": {
        "type": "Point",
        "coordinates": [
          -75.2580719,
          39.87401962
        ]
      },
      "properties": {
        "netid": "24:B2:B9:F4:5F:B7",
        "ssid": "IP2_BrittsOffice_Clickshare",
        "oui": "24:B2:B9",
        "channel": 36,
        "encryption": "wpa2",
        "firsttime": "2026-08-07T10:00:00.000Z",
        "lasttime": "2026-08-07T04:00:00.000Z",
        "city": "Tinicum Township",
        "region": "PA",
        "country": "US",
        "road": "International Plaza",
        "postalcode": "19113"
      }
    },
    {
      "type": "Feature",
      "geometry": {
        "type": "Point",
        "coordinates": [
          -118.39214325,
          34.05935669
        ]
      },
      "properties": {
        "netid": "24:B2:B9:F4:5F:BB",
        "ssid": "ClickShare-1862714716",
        "oui": "24:B2:B9",
        "channel": 36,
        "encryption": "wpa2",
        "firsttime": "2026-05-23T02:00:00.000Z",
        "lasttime": "2026-08-04T23:00:00.000Z",
        "city": null,
        "region": "CA",
        "country": "US",
        "road": "West Olympic Boulevard",
        "postalcode": "90064"
      }
    },
    {
      "type": "Feature",
      "geometry": {
        "type": "Point",
        "coordinates": [
          -87.67834473,
          41.86491776
        ]
      },
      "properties": {
        "netid": "24:B2:B9:F4:5F:F7",
        "ssid": "AA Conference Room",
        "oui": "24:B2:B9",
        "channel": 1,
        "encryption": "wpa2",
        "firsttime": "2026-07-13T02:00:00.000Z",
        "lasttime": "2026-07-13T00:00:00.000Z",
        "city": "Chicago",
        "region": "IL",
        "country": "US",
        "road": "West 13th Street",
        "postalcode": "60608"
      }
    },
    {
      "type": "Feature",
      "geometry": {
        "type": "Point",
        "coordinates": [
          -118.38191223,
          34.0736618
        ]
      },
      "properties": {
        "netid": "24:B2:B9:F4:5F:F9",
        "ssid": "ClickShare-1863090608",
        "oui": "24:B2:B9",
        "channel": 36,
        "encryption": "wpa2",
        "firsttime": "2026-03-17T03:00:00.000Z",
        "lasttime": "2026-07-20T19:00:00.000Z",
        "city": null,
        "region": "CA",
        "country": "US",
        "road": "Beverly Boulevard",
        "postalcode": "90048"
      }
    },
    {
      "type": "Feature",
      "geometry": {
        "type": "Point",
        "coordinates": [
          -1.51816475,
          43.4631424
        ]
      },
      "properties": {
        "netid": "24:B2:B9:F4:60:57",
        "ssid": "ClickShare-1889159671",
        "oui": "24:B2:B9",
        "channel": 36,
        "encryption": "wpa2",
        "firsttime": "2026-07-07T11:00:00.000Z",
        "lasttime": "2026-08-03T02:00:00.000Z",
        "city": null,
        "region": "Nouvelle-Aquitaine",
        "country": "FR",
        "road": null,
        "postalcode": "64600"
      }
    },
    {
      "type": "Feature",
      "geometry": {
        "type": "Point",
        "coordinates": [
          -95.7381897,
          29.99245644
        ]
      },
      "properties": {
        "netid": "24:B2:B9:F4:60:79",
        "ssid": "Cypress Conf Room",
        "oui": "24:B2:B9",
        "channel": 36,
        "encryption": "wpa2",
        "firsttime": "2026-06-10T23:00:00.000Z",
        "lasttime": "2026-07-27T14:00:00.000Z",
        "city": null,
        "region": "TX",
        "country": "US",
        "road": "Cypresswood Drive",
        "postalcode": "77433"
      }
    },
    {
      "type": "Feature",
      "geometry": {
        "type": "Point",
        "coordinates": [
          -87.85259247,
          41.85334015
        ]
      },
      "properties": {
        "netid": "24:B2:B9:F4:60:A3",
        "ssid": "Executive Meeting Room",
        "oui": "24:B2:B9",
        "channel": 36,
        "encryption": "wpa2",
        "firsttime": "2026-07-12T01:00:00.000Z",
        "lasttime": "2026-07-25T01:00:00.000Z",
        "city": null,
        "region": "IL",
        "country": "US",
        "road": "17th Avenue",
        "postalcode": "60546"
      }
    },
    {
      "type": "Feature",
      "geometry": {
        "type": "Point",
        "coordinates": [
          -75.16667175,
          39.95412445
        ]
      },
      "properties": {
        "netid": "24:B2:B9:F4:60:BF",
        "ssid": "ClickShare-1889159636",
        "oui": "24:B2:B9",
        "channel": 36,
        "encryption": "wpa2",
        "firsttime": "2026-05-18T18:00:00.000Z",
        "lasttime": "2026-05-18T17:00:00.000Z",
        "city": "Philadelphia",
        "region": "PA",
        "country": "US",
        "road": "John F. Kennedy Boulevard",
        "postalcode": "19103"
      }
    },
    {
      "type": "Feature",
      "geometry": {
        "type": "Point",
        "coordinates": [
          6.48815393,
          52.60552597
        ]
      },
      "properties": {
        "netid": "24:B2:B9:F4:62:2D",
        "ssid": "ClickShare-1889159903",
        "oui": "24:B2:B9",
        "channel": 36,
        "encryption": "wpa2",
        "firsttime": "2026-07-28T14:00:00.000Z",
        "lasttime": "2026-07-28T14:00:00.000Z",
        "city": null,
        "region": "Overijssel",
        "country": "NL",
        "road": "Rollepaal",
        "postalcode": "7701BS"
      }
    },
    {
      "type": "Feature",
      "geometry": {
        "type": "Point",
        "coordinates": [
          -97.32774353,
          32.75387955
        ]
      },
      "properties": {
        "netid": "24:B2:B9:F4:62:5F",
        "ssid": "ClickShare-1863090975",
        "oui": "24:B2:B9",
        "channel": 36,
        "encryption": "wpa2",
        "firsttime": "2026-03-29T03:00:00.000Z",
        "lasttime": "2026-07-23T22:00:00.000Z",
        "city": "Fort Worth",
        "region": "TX",
        "country": "US",
        "road": "Jones Street",
        "postalcode": "76102"
      }
    },
    {
      "type": "Feature",
      "geometry": {
        "type": "Point",
        "coordinates": [
          -74.00791931,
          40.7244606
        ]
      },
      "properties": {
        "netid": "24:B2:B9:F4:62:C5",
        "ssid": null,
        "oui": "24:B2:B9",
        "channel": 36,
        "encryption": "wpa2",
        "firsttime": "2026-03-05T15:00:00.000Z",
        "lasttime": "2026-03-05T07:00:00.000Z",
        "city": "City of New York",
        "region": "NY",
        "country": "US",
        "road": "Hudson Street",
        "postalcode": "10013"
      }
    },
    {
      "type": "Feature",
      "geometry": {
        "type": "Point",
        "coordinates": [
          -83.28105164,
          42.57791138
        ]
      },
      "properties": {
        "netid": "24:B2:B9:F4:62:D9",
        "ssid": "ClickShare-Finance",
        "oui": "24:B2:B9",
        "channel": 36,
        "encryption": "wpa2",
        "firsttime": "2026-05-07T11:00:00.000Z",
        "lasttime": "2026-05-18T08:00:00.000Z",
        "city": null,
        "region": "MI",
        "country": "US",
        "road": "Telegraph Road",
        "postalcode": "48302"
      }
    },
    {
      "type": "Feature",
      "geometry": {
        "type": "Point",
        "coordinates": [
          -98.34960938,
          29.55199432
        ]
      },
      "properties": {
        "netid": "24:B2:B9:F4:62:F7",
        "ssid": "ClickShare-1889159624",
        "oui": "24:B2:B9",
        "channel": 36,
        "encryption": "wpa2",
        "firsttime": "2026-02-04T18:00:00.000Z",
        "lasttime": "2026-02-08T08:00:00.000Z",
        "city": null,
        "region": "TX",
        "country": "US",
        "road": "Judson Road",
        "postalcode": "78233"
      }
    },
    {
      "type": "Feature",
      "geometry": {
        "type": "Point",
        "coordinates": [
          -6.25324154,
          53.33847046
        ]
      },
      "properties": {
        "netid": "24:B2:B9:F4:63:DF",
        "ssid": "ClickShare-The Ace",
        "oui": "24:B2:B9",
        "channel": 36,
        "encryption": "wpa2",
        "firsttime": "2026-05-26T09:00:00.000Z",
        "lasttime": "2026-05-29T11:00:00.000Z",
        "city": "Dublin",
        "region": "Leinster",
        "country": "IE",
        "road": "Merrion Street Upper",
        "postalcode": "D02 WV59"
      }
    },
    {
      "type": "Feature",
      "geometry": {
        "type": "Point",
        "coordinates": [
          -96.79973602,
          46.87844849
        ]
      },
      "properties": {
        "netid": "24:B2:B9:F4:64:53",
        "ssid": "ClickShare-1889160315",
        "oui": "24:B2:B9",
        "channel": 36,
        "encryption": "wpa2",
        "firsttime": "2026-04-23T23:00:00.000Z",
        "lasttime": "2026-05-05T10:00:00.000Z",
        "city": "Fargo",
        "region": "ND",
        "country": "US",
        "road": "2nd Avenue North",
        "postalcode": "58102-4608"
      }
    },
    {
      "type": "Feature",
      "geometry": {
        "type": "Point",
        "coordinates": [
          -6.26408482,
          53.33759308
        ]
      },
      "properties": {
        "netid": "24:B2:B9:F4:64:77",
        "ssid": "ClickShare-The Rhymes",
        "oui": "24:B2:B9",
        "channel": 36,
        "encryption": "wpa2",
        "firsttime": "2026-05-24T10:00:00.000Z",
        "lasttime": "2026-07-29T10:00:00.000Z",
        "city": null,
        "region": "Leinster",
        "country": "IE",
        "road": "Cuffe Street",
        "postalcode": "D02 VH98"
      }
    },
    {
      "type": "Feature",
      "geometry": {
        "type": "Point",
        "coordinates": [
          -95.93307495,
          41.25666809
        ]
      },
      "properties": {
        "netid": "24:B2:B9:F4:65:01",
        "ssid": "ClickShare-Classroom5",
        "oui": "24:B2:B9",
        "channel": 36,
        "encryption": "wpa2",
        "firsttime": "2026-06-26T02:00:00.000Z",
        "lasttime": "2026-06-28T18:00:00.000Z",
        "city": "Omaha",
        "region": "NE",
        "country": "US",
        "road": "Harney Street",
        "postalcode": "68102"
      }
    },
    {
      "type": "Feature",
      "geometry": {
        "type": "Point",
        "coordinates": [
          2.37147188,
          48.71830368
        ]
      },
      "properties": {
        "netid": "24:B2:B9:F4:65:2B",
        "ssid": "ClickShare-1889159794",
        "oui": "24:B2:B9",
        "channel": 36,
        "encryption": "wpa2",
        "firsttime": "2026-02-24T05:00:00.000Z",
        "lasttime": "2026-03-08T09:00:00.000Z",
        "city": "Athis-Mons",
        "region": "\u00cele-de-France",
        "country": "FR",
        "road": "Rue du Mus\u00e9e",
        "postalcode": "91200"
      }
    },
    {
      "type": "Feature",
      "geometry": {
        "type": "Point",
        "coordinates": [
          -6.25092602,
          53.33515549
        ]
      },
      "properties": {
        "netid": "24:B2:B9:F4:65:31",
        "ssid": "ClickShare-1889159757",
        "oui": "24:B2:B9",
        "channel": 36,
        "encryption": "wpa2",
        "firsttime": "2026-03-19T13:00:00.000Z",
        "lasttime": "2026-03-19T07:00:00.000Z",
        "city": "Dublin",
        "region": "Leinster",
        "country": "IE",
        "road": "Fitzwilliam Square East",
        "postalcode": "D02 F891"
      }
    },
    {
      "type": "Feature",
      "geometry": {
        "type": "Point",
        "coordinates": [
          -82.45002747,
          27.39391136
        ]
      },
      "properties": {
        "netid": "24:B2:B9:F4:67:2D",
        "ssid": null,
        "oui": "24:B2:B9",
        "channel": 108,
        "encryption": "unknown",
        "firsttime": "2026-03-13T11:00:00.000Z",
        "lasttime": "2026-03-15T08:00:00.000Z",
        "city": null,
        "region": "FL",
        "country": "US",
        "road": "I 75",
        "postalcode": "34201"
      }
    },
    {
      "type": "Feature",
      "geometry": {
        "type": "Point",
        "coordinates": [
          -97.68776703,
          30.55975342
        ]
      },
      "properties": {
        "netid": "24:B2:B9:F4:67:43",
        "ssid": null,
        "oui": "24:B2:B9",
        "channel": 0,
        "encryption": "unknown",
        "firsttime": "2026-03-06T11:00:00.000Z",
        "lasttime": "2026-03-06T18:00:00.000Z",
        "city": "Round Rock",
        "region": "TX",
        "country": "US",
        "road": "University Boulevard",
        "postalcode": "78665"
      }
    },
    {
      "type": "Feature",
      "geometry": {
        "type": "Point",
        "coordinates": [
          -84.62001801,
          33.79973984
        ]
      },
      "properties": {
        "netid": "24:B2:B9:F4:67:8D",
        "ssid": null,
        "oui": "24:B2:B9",
        "channel": 5,
        "encryption": "unknown",
        "firsttime": "2026-01-08T20:00:00.000Z",
        "lasttime": "2026-01-11T20:00:00.000Z",
        "city": null,
        "region": "GA",
        "country": "US",
        "road": "Maxham Road",
        "postalcode": "30168"
      }
    },
    {
      "type": "Feature",
      "geometry": {
        "type": "Point",
        "coordinates": [
          -118.45397949,
          33.9945488
        ]
      },
      "properties": {
        "netid": "24:B2:B9:F4:69:1D",
        "ssid": null,
        "oui": "24:B2:B9",
        "channel": 7,
        "encryption": "wpa2",
        "firsttime": "2026-06-30T01:00:00.000Z",
        "lasttime": "2026-07-28T06:00:00.000Z",
        "city": "Los Angeles",
        "region": "CA",
        "country": "US",
        "road": "Lincoln Boulevard",
        "postalcode": "90291-3879"
      }
    },
    {
      "type": "Feature",
      "geometry": {
        "type": "Point",
        "coordinates": [
          -73.92964935,
          41.71309662
        ]
      },
      "properties": {
        "netid": "24:B2:B9:F4:69:61",
        "ssid": null,
        "oui": "24:B2:B9",
        "channel": 48,
        "encryption": "unknown",
        "firsttime": "2026-03-28T17:00:00.000Z",
        "lasttime": "2026-03-28T11:00:00.000Z",
        "city": null,
        "region": "NY",
        "country": "US",
        "road": "Washington Street",
        "postalcode": "12601"
      }
    },
    {
      "type": "Feature",
      "geometry": {
        "type": "Point",
        "coordinates": [
          -93.77117157,
          41.60036087
        ]
      },
      "properties": {
        "netid": "24:B2:B9:F4:69:6B",
        "ssid": null,
        "oui": "24:B2:B9",
        "channel": 36,
        "encryption": "unknown",
        "firsttime": "2026-04-03T14:00:00.000Z",
        "lasttime": "2026-07-16T18:00:00.000Z",
        "city": "West Des Moines",
        "region": "IA",
        "country": "US",
        "road": "University Avenue",
        "postalcode": "50325"
      }
    },
    {
      "type": "Feature",
      "geometry": {
        "type": "Point",
        "coordinates": [
          -84.93930817,
          33.73055649
        ]
      },
      "properties": {
        "netid": "24:B2:B9:F4:69:83",
        "ssid": null,
        "oui": "24:B2:B9",
        "channel": 2,
        "encryption": "wpa2",
        "firsttime": "2026-06-17T22:00:00.000Z",
        "lasttime": "2026-06-18T04:00:00.000Z",
        "city": null,
        "region": "GA",
        "country": "US",
        "road": "West Bankhead Highway",
        "postalcode": "30180"
      }
    },
    {
      "type": "Feature",
      "geometry": {
        "type": "Point",
        "coordinates": [
          -85.78295898,
          33.6115303
        ]
      },
      "properties": {
        "netid": "24:B2:B9:F4:6A:03",
        "ssid": null,
        "oui": "24:B2:B9",
        "channel": 4,
        "encryption": "unknown",
        "firsttime": "2026-05-31T00:00:00.000Z",
        "lasttime": "2026-06-03T20:00:00.000Z",
        "city": null,
        "region": "AL",
        "country": "US",
        "road": "I 20",
        "postalcode": "36207"
      }
    },
    {
      "type": "Feature",
      "geometry": {
        "type": "Point",
        "coordinates": [
          -74.4151535,
          40.55590057
        ]
      },
      "properties": {
        "netid": "24:B2:B9:F4:6A:B5",
        "ssid": null,
        "oui": "24:B2:B9",
        "channel": 6,
        "encryption": "unknown",
        "firsttime": "2026-03-15T15:00:00.000Z",
        "lasttime": "2026-05-21T11:00:00.000Z",
        "city": null,
        "region": "NJ",
        "country": "US",
        "road": "Durham Avenue",
        "postalcode": "07080"
      }
    },
    {
      "type": "Feature",
      "geometry": {
        "type": "Point",
        "coordinates": [
          -96.18450165,
          29.78802872
        ]
      },
      "properties": {
        "netid": "24:B2:B9:F4:6A:C9",
        "ssid": null,
        "oui": "24:B2:B9",
        "channel": 165,
        "encryption": "unknown",
        "firsttime": "2026-03-17T23:00:00.000Z",
        "lasttime": "2026-03-17T19:00:00.000Z",
        "city": "Sealy",
        "region": "TX",
        "country": "US",
        "road": "FM 1094",
        "postalcode": "77474"
      }
    },
    {
      "type": "Feature",
      "geometry": {
        "type": "Point",
        "coordinates": [
          -122.23734283,
          47.44113541
        ]
      },
      "properties": {
        "netid": "24:B2:B9:F4:6A:E7",
        "ssid": null,
        "oui": "24:B2:B9",
        "channel": 1,
        "encryption": "wpa2",
        "firsttime": "2026-07-18T20:00:00.000Z",
        "lasttime": "2026-07-18T15:00:00.000Z",
        "city": null,
        "region": "WA",
        "country": "US",
        "road": "South 180th Street",
        "postalcode": "98188"
      }
    },
    {
      "type": "Feature",
      "geometry": {
        "type": "Point",
        "coordinates": [
          -84.39219666,
          33.73747253
        ]
      },
      "properties": {
        "netid": "24:B2:B9:F4:6B:23",
        "ssid": null,
        "oui": "24:B2:B9",
        "channel": 149,
        "encryption": "unknown",
        "firsttime": "2026-05-31T01:00:00.000Z",
        "lasttime": "2026-06-03T20:00:00.000Z",
        "city": "Atlanta",
        "region": "GA",
        "country": "US",
        "road": "Downtown Connector",
        "postalcode": "30303-3506"
      }
    },
    {
      "type": "Feature",
      "geometry": {
        "type": "Point",
        "coordinates": [
          -97.46368408,
          31.04867363
        ]
      },
      "properties": {
        "netid": "24:B2:B9:F4:6B:55",
        "ssid": null,
        "oui": "24:B2:B9",
        "channel": 0,
        "encryption": "unknown",
        "firsttime": "2026-04-10T16:00:00.000Z",
        "lasttime": "2026-04-11T12:00:00.000Z",
        "city": "Belton",
        "region": "TX",
        "country": "US",
        "road": "I 35",
        "postalcode": "76513"
      }
    },
    {
      "type": "Feature",
      "geometry": {
        "type": "Point",
        "coordinates": [
          -85.97718048,
          31.79225731
        ]
      },
      "properties": {
        "netid": "24:B2:B9:F4:6B:7F",
        "ssid": null,
        "oui": "24:B2:B9",
        "channel": 1,
        "encryption": "unknown",
        "firsttime": "2026-07-17T20:00:00.000Z",
        "lasttime": "2026-07-18T19:00:00.000Z",
        "city": null,
        "region": "AL",
        "country": "US",
        "road": "US 231;AL 10",
        "postalcode": "36079"
      }
    },
    {
      "type": "Feature",
      "geometry": {
        "type": "Point",
        "coordinates": [
          -97.35211182,
          37.67807007
        ]
      },
      "properties": {
        "netid": "24:B2:B9:F4:6B:E1",
        "ssid": null,
        "oui": "24:B2:B9",
        "channel": 36,
        "encryption": "unknown",
        "firsttime": "2026-05-03T04:00:00.000Z",
        "lasttime": "2026-05-09T18:00:00.000Z",
        "city": "Wichita",
        "region": "KS",
        "country": "US",
        "road": "West University Street",
        "postalcode": "67213"
      }
    },
    {
      "type": "Feature",
      "geometry": {
        "type": "Point",
        "coordinates": [
          -82.16609955,
          29.8357563
        ]
      },
      "properties": {
        "netid": "24:B2:B9:F4:6C:5F",
        "ssid": null,
        "oui": "24:B2:B9",
        "channel": 48,
        "encryption": "unknown",
        "firsttime": "2026-03-13T15:00:00.000Z",
        "lasttime": "2026-03-15T08:00:00.000Z",
        "city": null,
        "region": "FL",
        "country": "US",
        "road": "Sid Martin Highway",
        "postalcode": "32044"
      }
    },
    {
      "type": "Feature",
      "geometry": {
        "type": "Point",
        "coordinates": [
          -85.96367645,
          31.78542328
        ]
      },
      "properties": {
        "netid": "24:B2:B9:F4:6D:2F",
        "ssid": null,
        "oui": "24:B2:B9",
        "channel": 153,
        "encryption": "unknown",
        "firsttime": "2026-07-17T20:00:00.000Z",
        "lasttime": "2026-07-18T19:00:00.000Z",
        "city": null,
        "region": "AL",
        "country": "US",
        "road": "US 231;SR 10",
        "postalcode": "36079"
      }
    },
    {
      "type": "Feature",
      "geometry": {
        "type": "Point",
        "coordinates": [
          -86.53401947,
          39.87718582
        ]
      },
      "properties": {
        "netid": "24:B2:B9:F4:6D:83",
        "ssid": null,
        "oui": "24:B2:B9",
        "channel": 1,
        "encryption": "wpa2",
        "firsttime": "2026-07-06T20:00:00.000Z",
        "lasttime": "2026-07-06T14:00:00.000Z",
        "city": null,
        "region": "IN",
        "country": "US",
        "road": "West Main Street",
        "postalcode": "46167"
      }
    },
    {
      "type": "Feature",
      "geometry": {
        "type": "Point",
        "coordinates": [
          -86.2506485,
          41.6910553
        ]
      },
      "properties": {
        "netid": "24:B2:B9:F4:6D:CB",
        "ssid": "Flock-F46DCB",
        "oui": "24:B2:B9",
        "channel": 157,
        "encryption": "wpa2",
        "firsttime": "2026-01-23T13:00:00.000Z",
        "lasttime": "2026-01-23T10:00:00.000Z",
        "city": "South Bend",
        "region": "IN",
        "country": "US",
        "road": "East Bank Trail",
        "postalcode": "46616"
      }
    },
    {
      "type": "Feature",
      "geometry": {
        "type": "Point",
        "coordinates": [
          -115.17190552,
          36.12569809
        ]
      },
      "properties": {
        "netid": "24:B2:B9:F4:6D:E7",
        "ssid": null,
        "oui": "24:B2:B9",
        "channel": 6,
        "encryption": "none",
        "firsttime": "2026-07-29T13:00:00.000Z",
        "lasttime": "2026-07-29T15:00:00.000Z",
        "city": null,
        "region": "NV",
        "country": "US",
        "road": "Spring Mountain Road",
        "postalcode": "89109-0766"
      }
    },
    {
      "type": "Feature",
      "geometry": {
        "type": "Point",
        "coordinates": [
          -118.48957062,
          34.01231766
        ]
      },
      "properties": {
        "netid": "24:B2:B9:F4:6D:F3",
        "ssid": null,
        "oui": "24:B2:B9",
        "channel": 4,
        "encryption": "wpa2",
        "firsttime": "2026-07-12T20:00:00.000Z",
        "lasttime": "2026-07-19T13:00:00.000Z",
        "city": "Santa Monica",
        "region": "CA",
        "country": "US",
        "road": "Olympic Boulevard",
        "postalcode": "90292"
      }
    },
    {
      "type": "Feature",
      "geometry": {
        "type": "Point",
        "coordinates": [
          -78.63418579,
          42.97267532
        ]
      },
      "properties": {
        "netid": "24:B2:B9:F4:6E:49",
        "ssid": null,
        "oui": "24:B2:B9",
        "channel": 1,
        "encryption": "wpa2",
        "firsttime": "2026-07-01T00:00:00.000Z",
        "lasttime": "2026-07-06T20:00:00.000Z",
        "city": null,
        "region": "NY",
        "country": "US",
        "road": "Main Street",
        "postalcode": "14031"
      }
    },
    {
      "type": "Feature",
      "geometry": {
        "type": "Point",
        "coordinates": [
          -122.29332733,
          47.15846634
        ]
      },
      "properties": {
        "netid": "24:B2:B9:F4:6E:93",
        "ssid": null,
        "oui": "24:B2:B9",
        "channel": 6,
        "encryption": "wpa2",
        "firsttime": "2026-07-20T00:00:00.000Z",
        "lasttime": "2026-07-19T23:00:00.000Z",
        "city": null,
        "region": "WA",
        "country": "US",
        "road": "East Meridian Avenue",
        "postalcode": "98374-1229"
      }
    },
    {
      "type": "Feature",
      "geometry": {
        "type": "Point",
        "coordinates": [
          -80.27874756,
          25.97139931
        ]
      },
      "properties": {
        "netid": "24:B2:B9:F4:6E:A5",
        "ssid": null,
        "oui": "24:B2:B9",
        "channel": 1,
        "encryption": "unknown",
        "firsttime": "2026-06-06T02:00:00.000Z",
        "lasttime": "2026-06-07T09:00:00.000Z",
        "city": "Miramar",
        "region": "FL",
        "country": "US",
        "road": "Homestead Extension of Florida's Turnpike",
        "postalcode": "33055:33169"
      }
    },
    {
      "type": "Feature",
      "geometry": {
        "type": "Point",
        "coordinates": [
          -93.51056671,
          41.64427185
        ]
      },
      "properties": {
        "netid": "24:B2:B9:F4:6F:09",
        "ssid": null,
        "oui": "24:B2:B9",
        "channel": 3,
        "encryption": "unknown",
        "firsttime": "2026-04-30T20:00:00.000Z",
        "lasttime": "2026-06-12T20:00:00.000Z",
        "city": null,
        "region": "IA",
        "country": "US",
        "road": "Military Order of the Purple Heart Highway",
        "postalcode": "50009"
      }
    },
    {
      "type": "Feature",
      "geometry": {
        "type": "Point",
        "coordinates": [
          -73.87555695,
          41.70053482
        ]
      },
      "properties": {
        "netid": "24:B2:B9:F4:6F:29",
        "ssid": null,
        "oui": "24:B2:B9",
        "channel": 1,
        "encryption": "unknown",
        "firsttime": "2026-03-28T18:00:00.000Z",
        "lasttime": "2026-05-23T08:00:00.000Z",
        "city": null,
        "region": "NY",
        "country": "US",
        "road": "Dutchess Turnpike",
        "postalcode": "12604"
      }
    },
    {
      "type": "Feature",
      "geometry": {
        "type": "Point",
        "coordinates": [
          -81.51702881,
          41.31190872
        ]
      },
      "properties": {
        "netid": "24:B2:B9:F4:6F:6F",
        "ssid": "<hidden>",
        "oui": "24:B2:B9",
        "channel": 40,
        "encryption": "none",
        "firsttime": "2026-07-03T14:00:00.000Z",
        "lasttime": "2026-07-04T23:00:00.000Z",
        "city": null,
        "region": "OH",
        "country": "US",
        "road": "Macedonia Commons Boulevard",
        "postalcode": "44056"
      }
    },
    {
      "type": "Feature",
      "geometry": {
        "type": "Point",
        "coordinates": [
          -97.67208862,
          30.03099823
        ]
      },
      "properties": {
        "netid": "24:B2:B9:F4:6F:7D",
        "ssid": null,
        "oui": "24:B2:B9",
        "channel": 3,
        "encryption": "unknown",
        "firsttime": "2026-03-03T16:00:00.000Z",
        "lasttime": "2026-03-28T12:00:00.000Z",
        "city": null,
        "region": "TX",
        "country": "US",
        "road": "Camino Real",
        "postalcode": null
      }
    },
    {
      "type": "Feature",
      "geometry": {
        "type": "Point",
        "coordinates": [
          -93.81378174,
          41.60050201
        ]
      },
      "properties": {
        "netid": "24:B2:B9:F4:70:81",
        "ssid": null,
        "oui": "24:B2:B9",
        "channel": 104,
        "encryption": "unknown",
        "firsttime": "2026-04-23T14:00:00.000Z",
        "lasttime": "2026-07-16T18:00:00.000Z",
        "city": null,
        "region": "IA",
        "country": "US",
        "road": "University Avenue",
        "postalcode": "50398"
      }
    },
    {
      "type": "Feature",
      "geometry": {
        "type": "Point",
        "coordinates": [
          -104.98768616,
          39.88393784
        ]
      },
      "properties": {
        "netid": "24:B2:B9:F4:70:E7",
        "ssid": null,
        "oui": "24:B2:B9",
        "channel": 1,
        "encryption": "unknown",
        "firsttime": "2026-07-26T11:00:00.000Z",
        "lasttime": "2026-07-26T22:00:00.000Z",
        "city": null,
        "region": "CO",
        "country": "US",
        "road": "North Valley Highway",
        "postalcode": "80234-4154"
      }
    },
    {
      "type": "Feature",
      "geometry": {
        "type": "Point",
        "coordinates": [
          -77.47173309,
          38.31901932
        ]
      },
      "properties": {
        "netid": "24:B2:B9:F4:71:23",
        "ssid": null,
        "oui": "24:B2:B9",
        "channel": 0,
        "encryption": "unknown",
        "firsttime": "2001-12-31T16:00:00.000Z",
        "lasttime": "2026-06-21T03:00:00.000Z",
        "city": "Fredericksburg",
        "region": "VA",
        "country": "US",
        "road": "Emancipation Highway",
        "postalcode": "22401-3701"
      }
    },
    {
      "type": "Feature",
      "geometry": {
        "type": "Point",
        "coordinates": [
          -93.7035141,
          41.56575394
        ]
      },
      "properties": {
        "netid": "24:B2:B9:F4:71:C7",
        "ssid": null,
        "oui": "24:B2:B9",
        "channel": 149,
        "encryption": "unknown",
        "firsttime": "2026-06-11T13:00:00.000Z",
        "lasttime": "2026-07-03T11:00:00.000Z",
        "city": "West Des Moines",
        "region": "IA",
        "country": "US",
        "road": "Southwest 63rd Street",
        "postalcode": "50312-2099"
      }
    },
    {
      "type": "Feature",
      "geometry": {
        "type": "Point",
        "coordinates": [
          -97.31544495,
          37.72258377
        ]
      },
      "properties": {
        "netid": "24:B2:B9:F4:72:39",
        "ssid": null,
        "oui": "24:B2:B9",
        "channel": 1,
        "encryption": "unknown",
        "firsttime": "2026-04-28T06:00:00.000Z",
        "lasttime": "2026-05-09T18:00:00.000Z",
        "city": "Wichita",
        "region": "KS",
        "country": "US",
        "road": "East 21st Street North",
        "postalcode": "67260-0074"
      }
    },
    {
      "type": "Feature",
      "geometry": {
        "type": "Point",
        "coordinates": [
          -97.81102753,
          30.23360634
        ]
      },
      "properties": {
        "netid": "24:B2:B9:F4:72:3F",
        "ssid": null,
        "oui": "24:B2:B9",
        "channel": 40,
        "encryption": "unknown",
        "firsttime": "2026-02-02T09:00:00.000Z",
        "lasttime": "2026-07-07T19:00:00.000Z",
        "city": null,
        "region": "TX",
        "country": "US",
        "road": "US 290;TX 71",
        "postalcode": "78745"
      }
    },
    {
      "type": "Feature",
      "geometry": {
        "type": "Point",
        "coordinates": [
          -90.70489502,
          35.84163666
        ]
      },
      "properties": {
        "netid": "24:B2:B9:F4:72:61",
        "ssid": null,
        "oui": "24:B2:B9",
        "channel": 6,
        "encryption": "wpa2",
        "firsttime": "2026-07-19T09:00:00.000Z",
        "lasttime": "2026-07-20T22:00:00.000Z",
        "city": "Jonesboro",
        "region": "AR",
        "country": "US",
        "road": "South Main Street",
        "postalcode": "72401"
      }
    },
    {
      "type": "Feature",
      "geometry": {
        "type": "Point",
        "coordinates": [
          -81.23490143,
          28.63868332
        ]
      },
      "properties": {
        "netid": "24:B2:B9:F4:72:75",
        "ssid": null,
        "oui": "24:B2:B9",
        "channel": 165,
        "encryption": "unknown",
        "firsttime": "2026-07-05T18:00:00.000Z",
        "lasttime": "2026-07-18T19:00:00.000Z",
        "city": null,
        "region": "FL",
        "country": "US",
        "road": "FL 426",
        "postalcode": "32765"
      }
    },
    {
      "type": "Feature",
      "geometry": {
        "type": "Point",
        "coordinates": [
          -111.90222931,
          33.30564117
        ]
      },
      "properties": {
        "netid": "24:B2:B9:F4:72:FD",
        "ssid": "Flock-F472FD",
        "oui": "24:B2:B9",
        "channel": 153,
        "encryption": "wpa2",
        "firsttime": "2026-01-28T23:00:00.000Z",
        "lasttime": "2026-01-28T23:00:00.000Z",
        "city": "Chandler",
        "region": "AZ",
        "country": "US",
        "road": "West Chandler Boulevard",
        "postalcode": "85226-4880"
      }
    },
    {
      "type": "Feature",
      "geometry": {
        "type": "Point",
        "coordinates": [
          -73.76516724,
          41.77902222
        ]
      },
      "properties": {
        "netid": "24:B2:B9:F4:73:2D",
        "ssid": null,
        "oui": "24:B2:B9",
        "channel": 4,
        "encryption": "unknown",
        "firsttime": "2026-03-11T12:00:00.000Z",
        "lasttime": "2026-07-07T13:00:00.000Z",
        "city": null,
        "region": "NY",
        "country": "US",
        "road": "US 44",
        "postalcode": "12578"
      }
    },
    {
      "type": "Feature",
      "geometry": {
        "type": "Point",
        "coordinates": [
          -87.25197601,
          33.84463501
        ]
      },
      "properties": {
        "netid": "24:B2:B9:F4:73:4B",
        "ssid": null,
        "oui": "24:B2:B9",
        "channel": 1,
        "encryption": "wpa2",
        "firsttime": "2026-06-28T17:00:00.000Z",
        "lasttime": "2026-06-28T14:00:00.000Z",
        "city": null,
        "region": "AL",
        "country": "US",
        "road": "AL 5;AL 69",
        "postalcode": "35501"
      }
    },
    {
      "type": "Feature",
      "geometry": {
        "type": "Point",
        "coordinates": [
          -118.01711273,
          33.80285645
        ]
      },
      "properties": {
        "netid": "24:B2:B9:F4:73:4F",
        "ssid": null,
        "oui": "24:B2:B9",
        "channel": 10,
        "encryption": "wpa2",
        "firsttime": "2026-07-25T02:00:00.000Z",
        "lasttime": "2026-07-31T13:00:00.000Z",
        "city": null,
        "region": "CA",
        "country": "US",
        "road": "West Katella Avenue",
        "postalcode": "90630"
      }
    },
    {
      "type": "Feature",
      "geometry": {
        "type": "Point",
        "coordinates": [
          -84.31641388,
          30.48700142
        ]
      },
      "properties": {
        "netid": "24:B2:B9:F4:73:B1",
        "ssid": "Flock-F473B1",
        "oui": "24:B2:B9",
        "channel": 165,
        "encryption": "wpa2",
        "firsttime": "2026-01-25T17:00:00.000Z",
        "lasttime": "2026-01-30T07:00:00.000Z",
        "city": null,
        "region": "FL",
        "country": "US",
        "road": "North Monroe Street",
        "postalcode": "32303-4441"
      }
    },
    {
      "type": "Feature",
      "geometry": {
        "type": "Point",
        "coordinates": [
          -94.3959198,
          35.3082962
        ]
      },
      "properties": {
        "netid": "24:B2:B9:F4:73:CB",
        "ssid": null,
        "oui": "24:B2:B9",
        "channel": 1,
        "encryption": "unknown",
        "firsttime": "2026-07-18T17:00:00.000Z",
        "lasttime": "2026-07-18T19:00:00.000Z",
        "city": "Fort Smith",
        "region": "AR",
        "country": "US",
        "road": "US Highway 71 South",
        "postalcode": "72936"
      }
    },
    {
      "type": "Feature",
      "geometry": {
        "type": "Point",
        "coordinates": [
          -86.18770599,
          32.31317139
        ]
      },
      "properties": {
        "netid": "24:B2:B9:F4:74:37",
        "ssid": null,
        "oui": "24:B2:B9",
        "channel": 1,
        "encryption": "unknown",
        "firsttime": "2026-07-17T20:00:00.000Z",
        "lasttime": "2026-07-18T19:00:00.000Z",
        "city": "Montgomery",
        "region": "AL",
        "country": "US",
        "road": "Taylor Road",
        "postalcode": "36116"
      }
    },
    {
      "type": "Feature",
      "geometry": {
        "type": "Point",
        "coordinates": [
          -115.11865234,
          36.07126236
        ]
      },
      "properties": {
        "netid": "24:B2:B9:F4:75:85",
        "ssid": null,
        "oui": "24:B2:B9",
        "channel": 0,
        "encryption": "unknown",
        "firsttime": "2026-04-12T15:00:00.000Z",
        "lasttime": "2026-04-18T15:00:00.000Z",
        "city": null,
        "region": "NV",
        "country": "US",
        "road": "South Eastern Avenue",
        "postalcode": "89120"
      }
    },
    {
      "type": "Feature",
      "geometry": {
        "type": "Point",
        "coordinates": [
          -96.1370163,
          29.77410126
        ]
      },
      "properties": {
        "netid": "24:B2:B9:F4:75:87",
        "ssid": null,
        "oui": "24:B2:B9",
        "channel": 44,
        "encryption": "unknown",
        "firsttime": "2026-03-17T23:00:00.000Z",
        "lasttime": "2026-03-17T19:00:00.000Z",
        "city": "Sealy",
        "region": "TX",
        "country": "US",
        "road": "US 90",
        "postalcode": "77474"
      }
    },
    {
      "type": "Feature",
      "geometry": {
        "type": "Point",
        "coordinates": [
          -122.17429352,
          48.00522614
        ]
      },
      "properties": {
        "netid": "24:B2:B9:F4:75:BD",
        "ssid": null,
        "oui": "24:B2:B9",
        "channel": 6,
        "encryption": "wpa2",
        "firsttime": "2026-06-29T23:00:00.000Z",
        "lasttime": "2026-07-20T06:00:00.000Z",
        "city": "Everett",
        "region": "WA",
        "country": "US",
        "road": "I 5",
        "postalcode": "98201"
      }
    },
    {
      "type": "Feature",
      "geometry": {
        "type": "Point",
        "coordinates": [
          -93.75606537,
          41.61619186
        ]
      },
      "properties": {
        "netid": "24:B2:B9:F4:76:6B",
        "ssid": null,
        "oui": "24:B2:B9",
        "channel": 149,
        "encryption": "unknown",
        "firsttime": "2026-04-03T20:00:00.000Z",
        "lasttime": "2026-07-02T19:00:00.000Z",
        "city": "Urbandale",
        "region": "IA",
        "country": "US",
        "road": "Frontage Road",
        "postalcode": "50325"
      }
    },
    {
      "type": "Feature",
      "geometry": {
        "type": "Point",
        "coordinates": [
          -115.21494293,
          36.12601852
        ]
      },
      "properties": {
        "netid": "24:B2:B9:F4:76:F3",
        "ssid": null,
        "oui": "24:B2:B9",
        "channel": 36,
        "encryption": "none",
        "firsttime": "2026-07-29T14:00:00.000Z",
        "lasttime": "2026-07-29T15:00:00.000Z",
        "city": null,
        "region": "NV",
        "country": "US",
        "road": "West Spring Mountain Road",
        "postalcode": "89146-8833"
      }
    },
    {
      "type": "Feature",
      "geometry": {
        "type": "Point",
        "coordinates": [
          -97.37178802,
          31.07668877
        ]
      },
      "properties": {
        "netid": "24:B2:B9:F4:76:F9",
        "ssid": null,
        "oui": "24:B2:B9",
        "channel": 0,
        "encryption": "unknown",
        "firsttime": "2026-04-10T14:00:00.000Z",
        "lasttime": "2026-04-11T12:00:00.000Z",
        "city": null,
        "region": "TX",
        "country": "US",
        "road": "Everton Drive",
        "postalcode": "76504"
      }
    },
    {
      "type": "Feature",
      "geometry": {
        "type": "Point",
        "coordinates": [
          -93.7723465,
          41.61466217
        ]
      },
      "properties": {
        "netid": "24:B2:B9:F4:77:A9",
        "ssid": null,
        "oui": "24:B2:B9",
        "channel": 112,
        "encryption": "unknown",
        "firsttime": "2026-04-22T21:00:00.000Z",
        "lasttime": "2026-07-12T09:00:00.000Z",
        "city": null,
        "region": "IA",
        "country": "US",
        "road": "Hickman Road",
        "postalcode": "50325"
      }
    },
    {
      "type": "Feature",
      "geometry": {
        "type": "Point",
        "coordinates": [
          -118.16399384,
          34.05415726
        ]
      },
      "properties": {
        "netid": "24:B2:B9:F4:78:5B",
        "ssid": null,
        "oui": "24:B2:B9",
        "channel": 11,
        "encryption": "wpa2",
        "firsttime": "2026-05-23T19:00:00.000Z",
        "lasttime": "2026-05-23T13:00:00.000Z",
        "city": null,
        "region": "CA",
        "country": "US",
        "road": "Long Beach Freeway",
        "postalcode": "91754-2332"
      }
    },
    {
      "type": "Feature",
      "geometry": {
        "type": "Point",
        "coordinates": [
          -85.40719604,
          30.98543167
        ]
      },
      "properties": {
        "netid": "24:B2:B9:F4:78:69",
        "ssid": null,
        "oui": "24:B2:B9",
        "channel": 1,
        "encryption": "unknown",
        "firsttime": "2026-07-17T18:00:00.000Z",
        "lasttime": "2026-07-18T19:00:00.000Z",
        "city": null,
        "region": "FL",
        "country": "US",
        "road": "US 231",
        "postalcode": "32426"
      }
    },
    {
      "type": "Feature",
      "geometry": {
        "type": "Point",
        "coordinates": [
          -113.06156921,
          37.68095016
        ]
      },
      "properties": {
        "netid": "24:B2:B9:F4:78:6F",
        "ssid": null,
        "oui": "24:B2:B9",
        "channel": 1,
        "encryption": "unknown",
        "firsttime": "2026-07-10T01:00:00.000Z",
        "lasttime": "2026-07-10T17:00:00.000Z",
        "city": "Cedar City",
        "region": "UT",
        "country": "US",
        "road": "East 200 North",
        "postalcode": "83721"
      }
    },
    {
      "type": "Feature",
      "geometry": {
        "type": "Point",
        "coordinates": [
          -83.91138458,
          30.41112328
        ]
      },
      "properties": {
        "netid": "24:B2:B9:F4:78:A9",
        "ssid": null,
        "oui": "24:B2:B9",
        "channel": 157,
        "encryption": "unknown",
        "firsttime": "2026-02-22T20:00:00.000Z",
        "lasttime": "2026-02-26T12:00:00.000Z",
        "city": null,
        "region": "FL",
        "country": "US",
        "road": "Florida Georgia Parkway",
        "postalcode": null
      }
    },
    {
      "type": "Feature",
      "geometry": {
        "type": "Point",
        "coordinates": [
          -84.60303497,
          39.26054764
        ]
      },
      "properties": {
        "netid": "24:B2:B9:F4:79:0F",
        "ssid": null,
        "oui": "24:B2:B9",
        "channel": 11,
        "encryption": "wpa2",
        "firsttime": "2026-06-19T01:00:00.000Z",
        "lasttime": "2026-06-19T11:00:00.000Z",
        "city": null,
        "region": "OH",
        "country": "US",
        "road": "Colerain Avenue",
        "postalcode": "45251-1505"
      }
    },
    {
      "type": "Feature",
      "geometry": {
        "type": "Point",
        "coordinates": [
          -122.20498657,
          37.79361725
        ]
      },
      "properties": {
        "netid": "24:B2:B9:F4:79:7D",
        "ssid": "Flock-F4797D",
        "oui": "24:B2:B9",
        "channel": 36,
        "encryption": "wpa2",
        "firsttime": "2026-01-13T18:00:00.000Z",
        "lasttime": "2026-01-13T15:00:00.000Z",
        "city": "Oakland",
        "region": "CA",
        "country": "US",
        "road": "MacArthur Freeway",
        "postalcode": "94619"
      }
    },
    {
      "type": "Feature",
      "geometry": {
        "type": "Point",
        "coordinates": [
          -102.8506546,
          30.89486313
        ]
      },
      "properties": {
        "netid": "24:B2:B9:F4:79:F9",
        "ssid": null,
        "oui": "24:B2:B9",
        "channel": 0,
        "encryption": "unknown",
        "firsttime": "2026-02-08T14:00:00.000Z",
        "lasttime": "2026-06-09T19:00:00.000Z",
        "city": null,
        "region": "TX",
        "country": "US",
        "road": "I 10;US 67",
        "postalcode": "79735"
      }
    },
    {
      "type": "Feature",
      "geometry": {
        "type": "Point",
        "coordinates": [
          -93.89178467,
          41.61497498
        ]
      },
      "properties": {
        "netid": "24:B2:B9:F4:7A:29",
        "ssid": null,
        "oui": "24:B2:B9",
        "channel": 149,
        "encryption": "unknown",
        "firsttime": "2026-04-23T17:00:00.000Z",
        "lasttime": "2026-07-16T18:00:00.000Z",
        "city": null,
        "region": "IA",
        "country": "US",
        "road": "Hickman Road",
        "postalcode": "50263"
      }
    },
    {
      "type": "Feature",
      "geometry": {
        "type": "Point",
        "coordinates": [
          -93.58128357,
          41.70409393
        ]
      },
      "properties": {
        "netid": "24:B2:B9:F4:7A:9D",
        "ssid": null,
        "oui": "24:B2:B9",
        "channel": 48,
        "encryption": "unknown",
        "firsttime": "2026-05-19T19:00:00.000Z",
        "lasttime": "2026-07-29T20:00:00.000Z",
        "city": "Ankeny",
        "region": "IA",
        "country": "US",
        "road": "Southeast Delaware Avenue",
        "postalcode": "50021"
      }
    },
    {
      "type": "Feature",
      "geometry": {
        "type": "Point",
        "coordinates": [
          -93.5041275,
          41.6579628
        ]
      },
      "properties": {
        "netid": "24:B2:B9:F4:7B:3F",
        "ssid": null,
        "oui": "24:B2:B9",
        "channel": 40,
        "encryption": "unknown",
        "firsttime": "2026-05-19T20:00:00.000Z",
        "lasttime": "2026-07-10T14:00:00.000Z",
        "city": null,
        "region": "IA",
        "country": "US",
        "road": "Adventureland Drive",
        "postalcode": "50009"
      }
    },
    {
      "type": "Feature",
      "geometry": {
        "type": "Point",
        "coordinates": [
          -97.60504913,
          30.45076752
        ]
      },
      "properties": {
        "netid": "24:B2:B9:F4:7B:63",
        "ssid": null,
        "oui": "24:B2:B9",
        "channel": 36,
        "encryption": "unknown",
        "firsttime": "2026-07-02T00:00:00.000Z",
        "lasttime": "2026-07-06T13:00:00.000Z",
        "city": null,
        "region": "TX",
        "country": "US",
        "road": "FM 685",
        "postalcode": "78660"
      }
    },
    {
      "type": "Feature",
      "geometry": {
        "type": "Point",
        "coordinates": [
          -97.24456024,
          37.69190979
        ]
      },
      "properties": {
        "netid": "24:B2:B9:F4:7B:B1",
        "ssid": null,
        "oui": "24:B2:B9",
        "channel": 48,
        "encryption": "unknown",
        "firsttime": "2026-04-30T23:00:00.000Z",
        "lasttime": "2026-05-02T18:00:00.000Z",
        "city": "Wichita",
        "region": "KS",
        "country": "US",
        "road": "North Rock Road",
        "postalcode": "67206"
      }
    },
    {
      "type": "Feature",
      "geometry": {
        "type": "Point",
        "coordinates": [
          -84.54420471,
          33.94465256
        ]
      },
      "properties": {
        "netid": "24:B2:B9:F4:7C:BD",
        "ssid": null,
        "oui": "24:B2:B9",
        "channel": 8,
        "encryption": "unknown",
        "firsttime": "2026-01-08T22:00:00.000Z",
        "lasttime": "2026-01-11T20:00:00.000Z",
        "city": "Marietta",
        "region": "GA",
        "country": "US",
        "road": "South Marietta Parkway Southeast",
        "postalcode": "30090"
      }
    },
    {
      "type": "Feature",
      "geometry": {
        "type": "Point",
        "coordinates": [
          -86.25937653,
          39.70052719
        ]
      },
      "properties": {
        "netid": "24:B2:B9:F4:7D:0D",
        "ssid": null,
        "oui": "24:B2:B9",
        "channel": 5,
        "encryption": "wpa2",
        "firsttime": "2026-06-23T20:00:00.000Z",
        "lasttime": "2026-06-23T14:00:00.000Z",
        "city": "Indianapolis",
        "region": "IN",
        "country": "US",
        "road": "I 74;I 465",
        "postalcode": "46221"
      }
    },
    {
      "type": "Feature",
      "geometry": {
        "type": "Point",
        "coordinates": [
          -80.47653198,
          25.45524406
        ]
      },
      "properties": {
        "netid": "24:B2:B9:F4:7D:3D",
        "ssid": null,
        "oui": "24:B2:B9",
        "channel": 48,
        "encryption": "unknown",
        "firsttime": "2026-06-06T02:00:00.000Z",
        "lasttime": "2026-06-07T09:00:00.000Z",
        "city": null,
        "region": "FL",
        "country": "US",
        "road": "Northeast 7th Street",
        "postalcode": "33034"
      }
    },
    {
      "type": "Feature",
      "geometry": {
        "type": "Point",
        "coordinates": [
          -117.95458221,
          34.03958511
        ]
      },
      "properties": {
        "netid": "24:B2:B9:F4:7D:99",
        "ssid": null,
        "oui": "24:B2:B9",
        "channel": 1,
        "encryption": "wpa2",
        "firsttime": "2026-05-24T20:00:00.000Z",
        "lasttime": "2026-07-20T01:00:00.000Z",
        "city": "La Puente",
        "region": "CA",
        "country": "US",
        "road": "Aldgate Avenue",
        "postalcode": "91744"
      }
    },
    {
      "type": "Feature",
      "geometry": {
        "type": "Point",
        "coordinates": [
          -111.65546417,
          40.12134552
        ]
      },
      "properties": {
        "netid": "24:B2:B9:F4:7D:A7",
        "ssid": null,
        "oui": "24:B2:B9",
        "channel": 9,
        "encryption": "wpa2",
        "firsttime": "2026-06-08T19:00:00.000Z",
        "lasttime": "2026-06-08T12:00:00.000Z",
        "city": null,
        "region": "UT",
        "country": "US",
        "road": "900 North",
        "postalcode": "84660"
      }
    },
    {
      "type": "Feature",
      "geometry": {
        "type": "Point",
        "coordinates": [
          -93.80912781,
          41.58410263
        ]
      },
      "properties": {
        "netid": "24:B2:B9:F4:7E:B1",
        "ssid": null,
        "oui": "24:B2:B9",
        "channel": 1,
        "encryption": "unknown",
        "firsttime": "2026-04-03T22:00:00.000Z",
        "lasttime": "2026-07-16T18:00:00.000Z",
        "city": "West Des Moines",
        "region": "IA",
        "country": "US",
        "road": "Jordan Creek Parkway",
        "postalcode": "50266"
      }
    },
    {
      "type": "Feature",
      "geometry": {
        "type": "Point",
        "coordinates": [
          -82.75084686,
          30.26036644
        ]
      },
      "properties": {
        "netid": "24:B2:B9:F4:7E:EB",
        "ssid": null,
        "oui": "24:B2:B9",
        "channel": 161,
        "encryption": "unknown",
        "firsttime": "2026-05-31T15:00:00.000Z",
        "lasttime": "2026-07-18T19:00:00.000Z",
        "city": null,
        "region": "FL",
        "country": "US",
        "road": "I 75",
        "postalcode": "32055"
      }
    },
    {
      "type": "Feature",
      "geometry": {
        "type": "Point",
        "coordinates": [
          -104.71075439,
          39.8343811
        ]
      },
      "properties": {
        "netid": "24:B2:B9:F4:7F:8F",
        "ssid": null,
        "oui": "24:B2:B9",
        "channel": 6,
        "encryption": "wpa2",
        "firsttime": "2026-07-15T20:00:00.000Z",
        "lasttime": "2026-07-15T16:00:00.000Z",
        "city": "Denver",
        "region": "CO",
        "country": "US",
        "road": "Pe\u00f1a Boulevard",
        "postalcode": null
      }
    },
    {
      "type": "Feature",
      "geometry": {
        "type": "Point",
        "coordinates": [
          -98.13339996,
          29.68450165
        ]
      },
      "properties": {
        "netid": "24:B2:B9:F4:7F:97",
        "ssid": "Flock-F47F97",
        "oui": "24:B2:B9",
        "channel": 153,
        "encryption": "wpa2",
        "firsttime": "2026-02-18T17:00:00.000Z",
        "lasttime": "2026-02-20T21:00:00.000Z",
        "city": "New Braunfels",
        "region": "TX",
        "country": "US",
        "road": "I 35",
        "postalcode": "78130"
      }
    },
    {
      "type": "Feature",
      "geometry": {
        "type": "Point",
        "coordinates": [
          -81.51158905,
          41.3142395
        ]
      },
      "properties": {
        "netid": "24:B2:B9:F4:7F:A1",
        "ssid": "<hidden>",
        "oui": "24:B2:B9",
        "channel": 128,
        "encryption": "none",
        "firsttime": "2026-07-05T05:00:00.000Z",
        "lasttime": "2026-07-04T23:00:00.000Z",
        "city": null,
        "region": "OH",
        "country": "US",
        "road": "East Aurora Road",
        "postalcode": "44056"
      }
    },
    {
      "type": "Feature",
      "geometry": {
        "type": "Point",
        "coordinates": [
          -81.23773193,
          32.11164474
        ]
      },
      "properties": {
        "netid": "24:B2:B9:F4:7F:A3",
        "ssid": null,
        "oui": "24:B2:B9",
        "channel": 6,
        "encryption": "unknown",
        "firsttime": "2026-03-13T18:00:00.000Z",
        "lasttime": "2026-03-15T07:00:00.000Z",
        "city": null,
        "region": "GA",
        "country": "US",
        "road": "I 95",
        "postalcode": "31322"
      }
    },
    {
      "type": "Feature",
      "geometry": {
        "type": "Point",
        "coordinates": [
          -81.74194336,
          30.20446587
        ]
      },
      "properties": {
        "netid": "24:B2:B9:F4:80:C3",
        "ssid": "Flock-F480C3",
        "oui": "24:B2:B9",
        "channel": 153,
        "encryption": "wpa2",
        "firsttime": "2026-02-09T00:00:00.000Z",
        "lasttime": "2026-05-18T09:00:00.000Z",
        "city": "Jacksonville",
        "region": "FL",
        "country": "US",
        "road": "Collins Road",
        "postalcode": "32244"
      }
    },
    {
      "type": "Feature",
      "geometry": {
        "type": "Point",
        "coordinates": [
          -98.49204254,
          29.4266758
        ]
      },
      "properties": {
        "netid": "24:B2:B9:F4:FF:2D",
        "ssid": "ClickShare-1875593119",
        "oui": "24:B2:B9",
        "channel": 36,
        "encryption": "wpa2",
        "firsttime": "2026-04-27T18:00:00.000Z",
        "lasttime": "2026-04-27T14:00:00.000Z",
        "city": "San Antonio",
        "region": "TX",
        "country": "US",
        "road": "River Walk",
        "postalcode": "78205"
      }
    },
    {
      "type": "Feature",
      "geometry": {
        "type": "Point",
        "coordinates": [
          -76.65979004,
          39.49541092
        ]
      },
      "properties": {
        "netid": "24:B2:B9:F4:FF:97",
        "ssid": null,
        "oui": "24:B2:B9",
        "channel": 149,
        "encryption": "wpa2",
        "firsttime": "2026-07-29T19:00:00.000Z",
        "lasttime": "2026-08-07T18:00:00.000Z",
        "city": null,
        "region": "MD",
        "country": "US",
        "road": "Shawan Road",
        "postalcode": "21031"
      }
    },
    {
      "type": "Feature",
      "geometry": {
        "type": "Point",
        "coordinates": [
          -0.60598075,
          51.48605347
        ]
      },
      "properties": {
        "netid": "24:B2:B9:F4:FF:CD",
        "ssid": "ClickShare-RH Amazon",
        "oui": "24:B2:B9",
        "channel": 36,
        "encryption": "wpa2",
        "firsttime": "2026-07-02T12:00:00.000Z",
        "lasttime": "2026-07-02T06:00:00.000Z",
        "city": null,
        "region": "England",
        "country": "GB",
        "road": "Riverside Walk",
        "postalcode": "SL4 1QG"
      }
    },
    {
      "type": "Feature",
      "geometry": {
        "type": "Point",
        "coordinates": [
          -1.9707613,
          52.521698
        ]
      },
      "properties": {
        "netid": "24:B2:B9:F5:00:11",
        "ssid": "ClickShare-1875521541",
        "oui": "24:B2:B9",
        "channel": 36,
        "encryption": "wpa2",
        "firsttime": "2026-07-31T15:00:00.000Z",
        "lasttime": "2026-07-31T08:00:00.000Z",
        "city": "Sandwell",
        "region": "England",
        "country": "GB",
        "road": "M5",
        "postalcode": "B70 6TQ"
      }
    },
    {
      "type": "Feature",
      "geometry": {
        "type": "Point",
        "coordinates": [
          151.20793152,
          -33.83723831
        ]
      },
      "properties": {
        "netid": "24:B2:B9:F5:00:FB",
        "ssid": "ClickShare-1875521346",
        "oui": "24:B2:B9",
        "channel": 36,
        "encryption": "wpa2",
        "firsttime": "2026-07-06T06:00:00.000Z",
        "lasttime": "2026-07-05T23:00:00.000Z",
        "city": null,
        "region": "New South Wales",
        "country": "AU",
        "road": "Denison Street",
        "postalcode": "2060"
      }
    },
    {
      "type": "Feature",
      "geometry": {
        "type": "Point",
        "coordinates": [
          151.20527649,
          -33.86286163
        ]
      },
      "properties": {
        "netid": "24:B2:B9:F5:00:FF",
        "ssid": "ClickShare-1875521345",
        "oui": "24:B2:B9",
        "channel": 36,
        "encryption": "wpa2",
        "firsttime": "2026-05-01T03:00:00.000Z",
        "lasttime": "2026-04-30T20:00:00.000Z",
        "city": "Sydney",
        "region": "New South Wales",
        "country": "AU",
        "road": "York Street Offramp",
        "postalcode": "2000"
      }
    },
    {
      "type": "Feature",
      "geometry": {
        "type": "Point",
        "coordinates": [
          153.0296936,
          -27.46631241
        ]
      },
      "properties": {
        "netid": "24:B2:B9:F5:01:63",
        "ssid": "ClickShare-1875521359",
        "oui": "24:B2:B9",
        "channel": 36,
        "encryption": "wpa2",
        "firsttime": "2026-03-12T01:00:00.000Z",
        "lasttime": "2026-03-11T18:00:00.000Z",
        "city": null,
        "region": "Queensland",
        "country": "AU",
        "road": "Queen Street",
        "postalcode": "4001"
      }
    },
    {
      "type": "Feature",
      "geometry": {
        "type": "Point",
        "coordinates": [
          103.8462677,
          1.27802789
        ]
      },
      "properties": {
        "netid": "24:B2:B9:F5:02:F5",
        "ssid": "ClickShare-1875522061",
        "oui": "24:B2:B9",
        "channel": 36,
        "encryption": "wpa2",
        "firsttime": "2026-07-29T12:00:00.000Z",
        "lasttime": "2026-07-29T06:00:00.000Z",
        "city": "Singapore",
        "region": "Central",
        "country": "SG",
        "road": "Maxwell Road",
        "postalcode": "069120"
      }
    },
    {
      "type": "Feature",
      "geometry": {
        "type": "Point",
        "coordinates": [
          -118.49578857,
          34.01335907
        ]
      },
      "properties": {
        "netid": "24:B2:B9:F5:04:4B",
        "ssid": "ClickShare-LCR-511",
        "oui": "24:B2:B9",
        "channel": 36,
        "encryption": "wpa2",
        "firsttime": "2026-07-11T17:00:00.000Z",
        "lasttime": "2026-08-02T21:00:00.000Z",
        "city": "Santa Monica",
        "region": "CA",
        "country": "US",
        "road": "Broadway",
        "postalcode": "90401"
      }
    },
    {
      "type": "Feature",
      "geometry": {
        "type": "Point",
        "coordinates": [
          6.16965961,
          49.63312531
        ]
      },
      "properties": {
        "netid": "24:B2:B9:F5:04:DD",
        "ssid": null,
        "oui": "24:B2:B9",
        "channel": 36,
        "encryption": "wpa2",
        "firsttime": "2026-06-11T10:00:00.000Z",
        "lasttime": "2026-07-11T09:00:00.000Z",
        "city": "Luxembourg",
        "region": "Canton Luxembourg",
        "country": "LU",
        "road": "Rue Alphonse Weicker",
        "postalcode": "2721"
      }
    },
    {
      "type": "Feature",
      "geometry": {
        "type": "Point",
        "coordinates": [
          -97.12301636,
          32.55306625
        ]
      },
      "properties": {
        "netid": "24:B2:B9:F5:05:E3",
        "ssid": null,
        "oui": "24:B2:B9",
        "channel": 36,
        "encryption": "wpa2",
        "firsttime": "2026-04-19T21:00:00.000Z",
        "lasttime": "2026-04-19T16:00:00.000Z",
        "city": null,
        "region": "TX",
        "country": "US",
        "road": "Heritage Parkway",
        "postalcode": "76063"
      }
    },
    {
      "type": "Feature",
      "geometry": {
        "type": "Point",
        "coordinates": [
          -95.38726044,
          29.6551857
        ]
      },
      "properties": {
        "netid": "24:B2:B9:F5:05:FD",
        "ssid": "Huddle Room 104",
        "oui": "24:B2:B9",
        "channel": 36,
        "encryption": "wpa2",
        "firsttime": "2026-03-10T19:00:00.000Z",
        "lasttime": "2026-08-04T15:00:00.000Z",
        "city": "Houston",
        "region": "TX",
        "country": "US",
        "road": "South Freeway",
        "postalcode": "77045"
      }
    },
    {
      "type": "Feature",
      "geometry": {
        "type": "Point",
        "coordinates": [
          -117.86360168,
          33.67272186
        ]
      },
      "properties": {
        "netid": "24:B2:B9:F5:07:A7",
        "ssid": "ClickShare-1875593116",
        "oui": "24:B2:B9",
        "channel": 36,
        "encryption": "wpa2",
        "firsttime": "2026-06-13T07:00:00.000Z",
        "lasttime": "2026-06-13T02:00:00.000Z",
        "city": "Irvine",
        "region": "CA",
        "country": "US",
        "road": "MacArthur Boulevard",
        "postalcode": "92612"
      }
    },
    {
      "type": "Feature",
      "geometry": {
        "type": "Point",
        "coordinates": [
          -77.22867584,
          38.87437057
        ]
      },
      "properties": {
        "netid": "24:B2:B9:F5:07:C3",
        "ssid": "ClickShare-1875592783",
        "oui": "24:B2:B9",
        "channel": 36,
        "encryption": "wpa2",
        "firsttime": "2026-01-29T00:00:00.000Z",
        "lasttime": "2026-07-23T08:00:00.000Z",
        "city": null,
        "region": "VA",
        "country": "US",
        "road": "Lee Highway",
        "postalcode": "22042-1002"
      }
    },
    {
      "type": "Feature",
      "geometry": {
        "type": "Point",
        "coordinates": [
          -76.59483337,
          39.24267197
        ]
      },
      "properties": {
        "netid": "24:B2:B9:F5:07:C5",
        "ssid": "ClickShare-1875592782",
        "oui": "24:B2:B9",
        "channel": 36,
        "encryption": "wpa2",
        "firsttime": "2026-06-04T11:00:00.000Z",
        "lasttime": "2026-07-21T03:00:00.000Z",
        "city": "Baltimore",
        "region": "MD",
        "country": "US",
        "road": "Frankfurst Avenue",
        "postalcode": "21226"
      }
    },
    {
      "type": "Feature",
      "geometry": {
        "type": "Point",
        "coordinates": [
          -0.60636646,
          51.48558426
        ]
      },
      "properties": {
        "netid": "24:B2:B9:F5:07:CF",
        "ssid": "ClickShare-RH Mississippi",
        "oui": "24:B2:B9",
        "channel": 36,
        "encryption": "wpa2",
        "firsttime": "2026-07-02T16:00:00.000Z",
        "lasttime": "2026-07-02T10:00:00.000Z",
        "city": null,
        "region": "England",
        "country": "GB",
        "road": "Farm Yard",
        "postalcode": "SL4 1QD"
      }
    },
    {
      "type": "Feature",
      "geometry": {
        "type": "Point",
        "coordinates": [
          -75.85141754,
          39.62086487
        ]
      },
      "properties": {
        "netid": "24:B2:B9:F5:08:03",
        "ssid": "ClickShare-1875592800",
        "oui": "24:B2:B9",
        "channel": 36,
        "encryption": "wpa2",
        "firsttime": "2026-05-16T19:00:00.000Z",
        "lasttime": "2026-05-16T12:00:00.000Z",
        "city": null,
        "region": "MD",
        "country": "US",
        "road": "Blue Ball Road",
        "postalcode": "21921"
      }
    },
    {
      "type": "Feature",
      "geometry": {
        "type": "Point",
        "coordinates": [
          -79.9986496,
          40.43775558
        ]
      },
      "properties": {
        "netid": "24:B2:B9:F5:08:2F",
        "ssid": "ClickShare-Smithfield Conf Rm",
        "oui": "24:B2:B9",
        "channel": 36,
        "encryption": "wpa2",
        "firsttime": "2026-06-09T12:00:00.000Z",
        "lasttime": "2026-06-09T07:00:00.000Z",
        "city": "Pittsburgh",
        "region": "PA",
        "country": "US",
        "road": "Third Avenue",
        "postalcode": "15222"
      }
    },
    {
      "type": "Feature",
      "geometry": {
        "type": "Point",
        "coordinates": [
          -119.69659424,
          34.41576004
        ]
      },
      "properties": {
        "netid": "24:B2:B9:F5:08:31",
        "ssid": "ClickShare-1875592799",
        "oui": "24:B2:B9",
        "channel": 36,
        "encryption": "wpa2",
        "firsttime": "2026-07-17T19:00:00.000Z",
        "lasttime": "2026-07-20T21:00:00.000Z",
        "city": "Santa Barbara",
        "region": "CA",
        "country": "US",
        "road": "West Haley Street",
        "postalcode": "93101"
      }
    },
    {
      "type": "Feature",
      "geometry": {
        "type": "Point",
        "coordinates": [
          11.60266876,
          48.1193161
        ]
      },
      "properties": {
        "netid": "24:B2:B9:F5:08:61",
        "ssid": "ClickShare-1875521067",
        "oui": "24:B2:B9",
        "channel": 36,
        "encryption": "wpa2",
        "firsttime": "2026-07-21T17:00:00.000Z",
        "lasttime": "2026-07-21T10:00:00.000Z",
        "city": "M\u00fcnchen",
        "region": "Bayern",
        "country": "DE",
        "road": "Halbleiterstra\u00dfe",
        "postalcode": "81669"
      }
    },
    {
      "type": "Feature",
      "geometry": {
        "type": "Point",
        "coordinates": [
          -82.79598236,
          27.96321297
        ]
      },
      "properties": {
        "netid": "24:B2:B9:F5:09:69",
        "ssid": "ClickShare-1875592577",
        "oui": "24:B2:B9",
        "channel": 36,
        "encryption": "wpa2",
        "firsttime": "2026-06-26T22:00:00.000Z",
        "lasttime": "2026-06-26T16:00:00.000Z",
        "city": "Clearwater",
        "region": "FL",
        "country": "US",
        "road": "South Myrtle Avenue",
        "postalcode": "33756"
      }
    },
    {
      "type": "Feature",
      "geometry": {
        "type": "Point",
        "coordinates": [
          -97.65558624,
          30.51888466
        ]
      },
      "properties": {
        "netid": "24:B2:B9:F5:0A:42",
        "ssid": null,
        "oui": "24:B2:B9",
        "channel": 0,
        "encryption": "unknown",
        "firsttime": "2026-03-06T15:00:00.000Z",
        "lasttime": "2026-03-06T18:00:00.000Z",
        "city": "Round Rock",
        "region": "TX",
        "country": "US",
        "road": "North A W Grimes Boulevard",
        "postalcode": "78664"
      }
    },
    {
      "type": "Feature",
      "geometry": {
        "type": "Point",
        "coordinates": [
          -84.96387482,
          39.85775757
        ]
      },
      "properties": {
        "netid": "24:B2:B9:F5:0A:B7",
        "ssid": "ClickShare-1875592839",
        "oui": "24:B2:B9",
        "channel": 36,
        "encryption": "wpa2",
        "firsttime": "2026-07-02T01:00:00.000Z",
        "lasttime": "2026-08-07T07:00:00.000Z",
        "city": null,
        "region": "IN",
        "country": "US",
        "road": "West Industries Road",
        "postalcode": "47392"
      }
    },
    {
      "type": "Feature",
      "geometry": {
        "type": "Point",
        "coordinates": [
          -119.6963501,
          34.41603088
        ]
      },
      "properties": {
        "netid": "24:B2:B9:F5:0A:BD",
        "ssid": "ClickShare-1875592814",
        "oui": "24:B2:B9",
        "channel": 36,
        "encryption": "wpa2",
        "firsttime": "2026-07-21T00:00:00.000Z",
        "lasttime": "2026-07-20T21:00:00.000Z",
        "city": "Santa Barbara",
        "region": "CA",
        "country": "US",
        "road": "West Haley Street",
        "postalcode": "93102"
      }
    },
    {
      "type": "Feature",
      "geometry": {
        "type": "Point",
        "coordinates": [
          -79.99886322,
          40.43784332
        ]
      },
      "properties": {
        "netid": "24:B2:B9:F5:0A:E3",
        "ssid": "ClickShare-Liberty Conf Rm",
        "oui": "24:B2:B9",
        "channel": 36,
        "encryption": "wpa2",
        "firsttime": "2026-06-09T12:00:00.000Z",
        "lasttime": "2026-06-09T07:00:00.000Z",
        "city": "Pittsburgh",
        "region": "PA",
        "country": "US",
        "road": "Third Avenue",
        "postalcode": "15222"
      }
    },
    {
      "type": "Feature",
      "geometry": {
        "type": "Point",
        "coordinates": [
          -74.07981873,
          40.7769165
        ]
      },
      "properties": {
        "netid": "24:B2:B9:F5:0C:35",
        "ssid": "4050-D",
        "oui": "24:B2:B9",
        "channel": 149,
        "encryption": "wpa2",
        "firsttime": "2026-08-02T19:00:00.000Z",
        "lasttime": "2026-08-02T14:00:00.000Z",
        "city": null,
        "region": "NJ",
        "country": "US",
        "road": "Seaview Drive",
        "postalcode": "07094"
      }
    },
    {
      "type": "Feature",
      "geometry": {
        "type": "Point",
        "coordinates": [
          121.0458374,
          14.55495834
        ]
      },
      "properties": {
        "netid": "24:B2:B9:F5:0D:4F",
        "ssid": "ClickShare-1875522085",
        "oui": "24:B2:B9",
        "channel": 36,
        "encryption": "wpa2",
        "firsttime": "2026-07-04T00:00:00.000Z",
        "lasttime": "2026-07-17T19:00:00.000Z",
        "city": "Taguig",
        "region": "Metro Manila",
        "country": "PH",
        "road": "32nd Street",
        "postalcode": "1634"
      }
    },
    {
      "type": "Feature",
      "geometry": {
        "type": "Point",
        "coordinates": [
          145.28895569,
          -37.81649017
        ]
      },
      "properties": {
        "netid": "24:B2:B9:F5:0D:6B",
        "ssid": "ClickShare-1875522083",
        "oui": "24:B2:B9",
        "channel": 36,
        "encryption": "wpa2",
        "firsttime": "2026-04-30T00:00:00.000Z",
        "lasttime": "2026-06-11T21:00:00.000Z",
        "city": "Melbourne",
        "region": "Victoria",
        "country": "AU",
        "road": "Research Drive",
        "postalcode": "3137"
      }
    },
    {
      "type": "Feature",
      "geometry": {
        "type": "Point",
        "coordinates": [
          -2.60997844,
          51.45005798
        ]
      },
      "properties": {
        "netid": "24:B2:B9:F5:0D:99",
        "ssid": "ClickShare-1875521458",
        "oui": "24:B2:B9",
        "channel": 36,
        "encryption": "wpa2",
        "firsttime": "2026-05-09T17:00:00.000Z",
        "lasttime": "2026-05-09T10:00:00.000Z",
        "city": "Bristol",
        "region": "England",
        "country": "GB",
        "road": "Porto Quay",
        "postalcode": "BS8 4UQ"
      }
    },
    {
      "type": "Feature",
      "geometry": {
        "type": "Point",
        "coordinates": [
          -2.58479977,
          51.454319
        ]
      },
      "properties": {
        "netid": "24:B2:B9:F5:0D:A7",
        "ssid": "ClickShare-6.06",
        "oui": "24:B2:B9",
        "channel": 36,
        "encryption": "wpa2",
        "firsttime": "2026-04-20T12:00:00.000Z",
        "lasttime": "2026-04-20T07:00:00.000Z",
        "city": "Bristol",
        "region": "England",
        "country": "GB",
        "road": "Narrow Plain",
        "postalcode": "BS2"
      }
    },
    {
      "type": "Feature",
      "geometry": {
        "type": "Point",
        "coordinates": [
          46.67527008,
          24.70514107
        ]
      },
      "properties": {
        "netid": "24:B2:B9:F5:0D:C1",
        "ssid": "ClickShare-1875521476",
        "oui": "24:B2:B9",
        "channel": 36,
        "encryption": "wpa2",
        "firsttime": "2026-03-03T17:00:00.000Z",
        "lasttime": "2026-03-08T15:00:00.000Z",
        "city": "\u0627\u0644\u0631\u064a\u0627\u0636",
        "region": "\u0645\u0646\u0637\u0642\u0629 \u0627\u0644\u0631\u064a\u0627\u0636",
        "country": "SA",
        "road": "\u0627\u0644\u0645\u0644\u0643 \u0641\u0647\u062f",
        "postalcode": "12214"
      }
    },
    {
      "type": "Feature",
      "geometry": {
        "type": "Point",
        "coordinates": [
          -97.38442993,
          31.09072495
        ]
      },
      "properties": {
        "netid": "24:B2:B9:F5:4C:C7",
        "ssid": null,
        "oui": "24:B2:B9",
        "channel": 0,
        "encryption": "unknown",
        "firsttime": "2026-04-10T12:00:00.000Z",
        "lasttime": "2026-04-10T20:00:00.000Z",
        "city": null,
        "region": "TX",
        "country": "US",
        "road": "South General Bruce Drive",
        "postalcode": "76504"
      }
    },
    {
      "type": "Feature",
      "geometry": {
        "type": "Point",
        "coordinates": [
          -81.5140686,
          41.3133812
        ]
      },
      "properties": {
        "netid": "24:B2:B9:F5:B7:93",
        "ssid": "<hidden>",
        "oui": "24:B2:B9",
        "channel": 2,
        "encryption": "none",
        "firsttime": "2026-07-03T14:00:00.000Z",
        "lasttime": "2026-07-04T23:00:00.000Z",
        "city": null,
        "region": "OH",
        "country": "US",
        "road": "Macedonia Commons Boulevard",
        "postalcode": "44056"
      }
    },
    {
      "type": "Feature",
      "geometry": {
        "type": "Point",
        "coordinates": [
          -93.50325012,
          41.6360321
        ]
      },
      "properties": {
        "netid": "24:B2:B9:F5:B7:95",
        "ssid": null,
        "oui": "24:B2:B9",
        "channel": 116,
        "encryption": "unknown",
        "firsttime": "2026-04-30T20:00:00.000Z",
        "lasttime": "2026-06-12T20:00:00.000Z",
        "city": null,
        "region": "IA",
        "country": "US",
        "road": "34th Avenue Southwest",
        "postalcode": "50009"
      }
    },
    {
      "type": "Feature",
      "geometry": {
        "type": "Point",
        "coordinates": [
          -122.26568604,
          37.79438019
        ]
      },
      "properties": {
        "netid": "24:B2:B9:F5:B8:51",
        "ssid": null,
        "oui": "24:B2:B9",
        "channel": 11,
        "encryption": "wpa2",
        "firsttime": "2026-07-03T02:00:00.000Z",
        "lasttime": "2026-07-02T19:00:00.000Z",
        "city": "Oakland",
        "region": "CA",
        "country": "US",
        "road": "4th Street",
        "postalcode": "94606-3636"
      }
    },
    {
      "type": "Feature",
      "geometry": {
        "type": "Point",
        "coordinates": [
          -84.53504181,
          33.93949127
        ]
      },
      "properties": {
        "netid": "24:B2:B9:F5:B8:93",
        "ssid": null,
        "oui": "24:B2:B9",
        "channel": 6,
        "encryption": "unknown",
        "firsttime": "2026-01-08T00:00:00.000Z",
        "lasttime": "2026-01-11T20:00:00.000Z",
        "city": "Marietta",
        "region": "GA",
        "country": "US",
        "road": "Commerce Park Drive Southeast",
        "postalcode": "30060"
      }
    },
    {
      "type": "Feature",
      "geometry": {
        "type": "Point",
        "coordinates": [
          -97.65615845,
          30.51779938
        ]
      },
      "properties": {
        "netid": "24:B2:B9:F5:B9:43",
        "ssid": null,
        "oui": "24:B2:B9",
        "channel": 36,
        "encryption": "unknown",
        "firsttime": "2026-03-06T15:00:00.000Z",
        "lasttime": "2026-03-22T15:00:00.000Z",
        "city": "Round Rock",
        "region": "TX",
        "country": "US",
        "road": "Palm Valley Boulevard",
        "postalcode": "78664"
      }
    },
    {
      "type": "Feature",
      "geometry": {
        "type": "Point",
        "coordinates": [
          -76.84447479,
          40.82538223
        ]
      },
      "properties": {
        "netid": "24:B2:B9:F5:B9:83",
        "ssid": null,
        "oui": "24:B2:B9",
        "channel": 40,
        "encryption": "unknown",
        "firsttime": "2026-07-22T19:00:00.000Z",
        "lasttime": "2026-07-23T05:00:00.000Z",
        "city": null,
        "region": "PA",
        "country": "US",
        "road": "North Susquehanna Trail",
        "postalcode": "17870"
      }
    },
    {
      "type": "Feature",
      "geometry": {
        "type": "Point",
        "coordinates": [
          -122.29303741,
          47.17913818
        ]
      },
      "properties": {
        "netid": "24:B2:B9:F5:BA:61",
        "ssid": null,
        "oui": "24:B2:B9",
        "channel": 1,
        "encryption": "wpa2",
        "firsttime": "2026-07-20T00:00:00.000Z",
        "lasttime": "2026-07-28T14:00:00.000Z",
        "city": null,
        "region": "WA",
        "country": "US",
        "road": "14th Avenue Southeast",
        "postalcode": "98371"
      }
    },
    {
      "type": "Feature",
      "geometry": {
        "type": "Point",
        "coordinates": [
          -115.20804596,
          36.15194321
        ]
      },
      "properties": {
        "netid": "24:B2:B9:F5:BA:79",
        "ssid": null,
        "oui": "24:B2:B9",
        "channel": 6,
        "encryption": "none",
        "firsttime": "2026-07-29T18:00:00.000Z",
        "lasttime": "2026-07-29T20:00:00.000Z",
        "city": "Las Vegas",
        "region": "NV",
        "country": "US",
        "road": "South Decatur Boulevard",
        "postalcode": "89146-1410"
      }
    },
    {
      "type": "Feature",
      "geometry": {
        "type": "Point",
        "coordinates": [
          -118.08268738,
          34.53775406
        ]
      },
      "properties": {
        "netid": "24:B2:B9:F5:BA:AD",
        "ssid": null,
        "oui": "24:B2:B9",
        "channel": 7,
        "encryption": "unknown",
        "firsttime": "2026-04-07T03:00:00.000Z",
        "lasttime": "2026-06-18T22:00:00.000Z",
        "city": "Palmdale",
        "region": "CA",
        "country": "US",
        "road": "Pearblossom Highway",
        "postalcode": "93550"
      }
    },
    {
      "type": "Feature",
      "geometry": {
        "type": "Point",
        "coordinates": [
          -89.16869354,
          44.37827301
        ]
      },
      "properties": {
        "netid": "24:B2:B9:F5:BA:DB",
        "ssid": "Flock-F5BADB",
        "oui": "24:B2:B9",
        "channel": 165,
        "encryption": "wep",
        "firsttime": "2026-01-23T22:00:00.000Z",
        "lasttime": "2026-01-26T13:00:00.000Z",
        "city": null,
        "region": "WI",
        "country": "US",
        "road": "Vietnam War Veterans Memorial Highway",
        "postalcode": null
      }
    },
    {
      "type": "Feature",
      "geometry": {
        "type": "Point",
        "coordinates": [
          -97.34476471,
          37.67136002
        ]
      },
      "properties": {
        "netid": "24:B2:B9:F5:BB:2B",
        "ssid": null,
        "oui": "24:B2:B9",
        "channel": 1,
        "encryption": "unknown",
        "firsttime": "2026-05-19T23:00:00.000Z",
        "lasttime": "2026-05-23T11:00:00.000Z",
        "city": "Wichita",
        "region": "KS",
        "country": "US",
        "road": "South McLean Boulevard",
        "postalcode": "67202"
      }
    },
    {
      "type": "Feature",
      "geometry": {
        "type": "Point",
        "coordinates": [
          -122.1897583,
          37.73314285
        ]
      },
      "properties": {
        "netid": "24:B2:B9:F5:BB:2D",
        "ssid": null,
        "oui": "24:B2:B9",
        "channel": 6,
        "encryption": "wpa2",
        "firsttime": "2026-07-16T15:00:00.000Z",
        "lasttime": "2026-07-16T08:00:00.000Z",
        "city": "Oakland",
        "region": "CA",
        "country": "US",
        "road": "Nimitz Freeway",
        "postalcode": "94621"
      }
    },
    {
      "type": "Feature",
      "geometry": {
        "type": "Point",
        "coordinates": [
          -81.51351166,
          41.29897308
        ]
      },
      "properties": {
        "netid": "24:B2:B9:F5:BB:3D",
        "ssid": "<hidden>",
        "oui": "24:B2:B9",
        "channel": 36,
        "encryption": "none",
        "firsttime": "2026-07-02T22:00:00.000Z",
        "lasttime": "2026-07-05T15:00:00.000Z",
        "city": null,
        "region": "OH",
        "country": "US",
        "road": "Capital Boulevard",
        "postalcode": "44056"
      }
    },
    {
      "type": "Feature",
      "geometry": {
        "type": "Point",
        "coordinates": [
          -81.72481537,
          28.60619545
        ]
      },
      "properties": {
        "netid": "24:B2:B9:F5:BB:73",
        "ssid": null,
        "oui": "24:B2:B9",
        "channel": 48,
        "encryption": "unknown",
        "firsttime": "2026-05-31T17:00:00.000Z",
        "lasttime": "2026-06-03T20:00:00.000Z",
        "city": null,
        "region": "FL",
        "country": "US",
        "road": "Florida's Turnpike",
        "postalcode": "34715"
      }
    },
    {
      "type": "Feature",
      "geometry": {
        "type": "Point",
        "coordinates": [
          -117.98169708,
          34.05046082
        ]
      },
      "properties": {
        "netid": "24:B2:B9:F5:BB:C7",
        "ssid": null,
        "oui": "24:B2:B9",
        "channel": 2,
        "encryption": "wpa2",
        "firsttime": "2026-07-06T00:00:00.000Z",
        "lasttime": "2026-07-20T01:00:00.000Z",
        "city": "La Puente",
        "region": "CA",
        "country": "US",
        "road": "Temple Avenue",
        "postalcode": "91744"
      }
    },
    {
      "type": "Feature",
      "geometry": {
        "type": "Point",
        "coordinates": [
          -77.58811188,
          43.19435883
        ]
      },
      "properties": {
        "netid": "24:B2:B9:F5:BB:D9",
        "ssid": "<hidden>",
        "oui": "24:B2:B9",
        "channel": 5,
        "encryption": "none",
        "firsttime": "2026-07-29T11:00:00.000Z",
        "lasttime": "2026-07-29T04:00:00.000Z",
        "city": "City of Rochester",
        "region": "NY",
        "country": "US",
        "road": "Keeler Street Expressway",
        "postalcode": "14621"
      }
    },
    {
      "type": "Feature",
      "geometry": {
        "type": "Point",
        "coordinates": [
          -97.35503387,
          31.06843758
        ]
      },
      "properties": {
        "netid": "24:B2:B9:F5:BC:2B",
        "ssid": null,
        "oui": "24:B2:B9",
        "channel": 0,
        "encryption": "unknown",
        "firsttime": "2026-04-10T16:00:00.000Z",
        "lasttime": "2026-04-10T20:00:00.000Z",
        "city": null,
        "region": "TX",
        "country": "US",
        "road": "South 5th Street",
        "postalcode": "76504"
      }
    },
    {
      "type": "Feature",
      "geometry": {
        "type": "Point",
        "coordinates": [
          -84.52425385,
          39.29513168
        ]
      },
      "properties": {
        "netid": "24:B2:B9:F5:BC:31",
        "ssid": null,
        "oui": "24:B2:B9",
        "channel": 48,
        "encryption": "unknown",
        "firsttime": "2026-06-01T19:00:00.000Z",
        "lasttime": "2026-06-01T14:00:00.000Z",
        "city": null,
        "region": "OH",
        "country": "US",
        "road": "Winton Road",
        "postalcode": "45231"
      }
    },
    {
      "type": "Feature",
      "geometry": {
        "type": "Point",
        "coordinates": [
          -98.60351562,
          33.95591354
        ]
      },
      "properties": {
        "netid": "24:B2:B9:F5:BD:87",
        "ssid": null,
        "oui": "24:B2:B9",
        "channel": 40,
        "encryption": "unknown",
        "firsttime": "2026-07-26T22:00:00.000Z",
        "lasttime": "2026-07-26T22:00:00.000Z",
        "city": "Wichita Falls",
        "region": "TX",
        "country": "US",
        "road": "Northwest Freeway",
        "postalcode": "76305"
      }
    },
    {
      "type": "Feature",
      "geometry": {
        "type": "Point",
        "coordinates": [
          -122.18473053,
          48.05114365
        ]
      },
      "properties": {
        "netid": "24:B2:B9:F5:BD:91",
        "ssid": null,
        "oui": "24:B2:B9",
        "channel": 11,
        "encryption": "wpa2",
        "firsttime": "2026-06-29T12:00:00.000Z",
        "lasttime": "2026-07-16T06:00:00.000Z",
        "city": null,
        "region": "WA",
        "country": "US",
        "road": "I 5",
        "postalcode": "98270"
      }
    },
    {
      "type": "Feature",
      "geometry": {
        "type": "Point",
        "coordinates": [
          -93.83929443,
          41.61496353
        ]
      },
      "properties": {
        "netid": "24:B2:B9:F5:BE:17",
        "ssid": null,
        "oui": "24:B2:B9",
        "channel": 44,
        "encryption": "unknown",
        "firsttime": "2026-04-22T22:00:00.000Z",
        "lasttime": "2026-04-23T17:00:00.000Z",
        "city": null,
        "region": "IA",
        "country": "US",
        "road": "Hickman Road",
        "postalcode": "50263"
      }
    },
    {
      "type": "Feature",
      "geometry": {
        "type": "Point",
        "coordinates": [
          -97.32460022,
          37.67885208
        ]
      },
      "properties": {
        "netid": "24:B2:B9:F5:BE:CF",
        "ssid": null,
        "oui": "24:B2:B9",
        "channel": 36,
        "encryption": "unknown",
        "firsttime": "2026-04-28T06:00:00.000Z",
        "lasttime": "2026-05-09T18:00:00.000Z",
        "city": "Wichita",
        "region": "KS",
        "country": "US",
        "road": "Vietnam Veterans Memorial Highway",
        "postalcode": "67218"
      }
    },
    {
      "type": "Feature",
      "geometry": {
        "type": "Point",
        "coordinates": [
          -97.24556732,
          37.73756027
        ]
      },
      "properties": {
        "netid": "24:B2:B9:F5:BE:D1",
        "ssid": null,
        "oui": "24:B2:B9",
        "channel": 1,
        "encryption": "unknown",
        "firsttime": "2026-05-02T05:00:00.000Z",
        "lasttime": "2026-05-02T18:00:00.000Z",
        "city": "Wichita",
        "region": "KS",
        "country": "US",
        "road": "East 29th Street North",
        "postalcode": "67220"
      }
    },
    {
      "type": "Feature",
      "geometry": {
        "type": "Point",
        "coordinates": [
          -81.24523163,
          28.59746933
        ]
      },
      "properties": {
        "netid": "24:B2:B9:F5:BF:01",
        "ssid": null,
        "oui": "24:B2:B9",
        "channel": 153,
        "encryption": "unknown",
        "firsttime": "2026-05-31T18:00:00.000Z",
        "lasttime": "2026-07-18T19:00:00.000Z",
        "city": null,
        "region": "FL",
        "country": "US",
        "road": "University Boulevard",
        "postalcode": "32817"
      }
    },
    {
      "type": "Feature",
      "geometry": {
        "type": "Point",
        "coordinates": [
          -84.20773315,
          39.20217133
        ]
      },
      "properties": {
        "netid": "24:B2:B9:F5:BF:13",
        "ssid": null,
        "oui": "24:B2:B9",
        "channel": 40,
        "encryption": "unknown",
        "firsttime": "2026-04-12T00:00:00.000Z",
        "lasttime": "2026-04-21T10:00:00.000Z",
        "city": null,
        "region": "OH",
        "country": "US",
        "road": "Woodville Pike",
        "postalcode": "45122"
      }
    },
    {
      "type": "Feature",
      "geometry": {
        "type": "Point",
        "coordinates": [
          -84.5898819,
          33.29820251
        ]
      },
      "properties": {
        "netid": "24:B2:B9:F5:BF:A7",
        "ssid": "Flock-F5BFA7",
        "oui": "24:B2:B9",
        "channel": 149,
        "encryption": "wpa2",
        "firsttime": "2026-02-02T16:00:00.000Z",
        "lasttime": "2026-02-02T10:00:00.000Z",
        "city": null,
        "region": "GA",
        "country": "US",
        "road": "GA 16",
        "postalcode": "30263"
      }
    },
    {
      "type": "Feature",
      "geometry": {
        "type": "Point",
        "coordinates": [
          -95.861763,
          29.77743912
        ]
      },
      "properties": {
        "netid": "24:B2:B9:F5:C0:1B",
        "ssid": null,
        "oui": "24:B2:B9",
        "channel": 0,
        "encryption": "unknown",
        "firsttime": "2026-04-23T13:00:00.000Z",
        "lasttime": "2026-04-23T16:00:00.000Z",
        "city": null,
        "region": "TX",
        "country": "US",
        "road": "Katy Freeway",
        "postalcode": null
      }
    },
    {
      "type": "Feature",
      "geometry": {
        "type": "Point",
        "coordinates": [
          -89.6366806,
          44.96986771
        ]
      },
      "properties": {
        "netid": "24:B2:B9:F5:C0:93",
        "ssid": "Flock-F5C093",
        "oui": "24:B2:B9",
        "channel": 165,
        "encryption": "wpa2",
        "firsttime": "2026-01-31T22:00:00.000Z",
        "lasttime": "2026-01-31T17:00:00.000Z",
        "city": "Wausau",
        "region": "WI",
        "country": "US",
        "road": "West Bridge Street",
        "postalcode": "54401"
      }
    },
    {
      "type": "Feature",
      "geometry": {
        "type": "Point",
        "coordinates": [
          -93.51622772,
          41.57132721
        ]
      },
      "properties": {
        "netid": "24:B2:B9:F5:C0:B7",
        "ssid": null,
        "oui": "24:B2:B9",
        "channel": 40,
        "encryption": "unknown",
        "firsttime": "2026-07-16T07:00:00.000Z",
        "lasttime": "2026-07-16T18:00:00.000Z",
        "city": null,
        "region": "IA",
        "country": "US",
        "road": "Vandalia Road",
        "postalcode": "50327"
      }
    },
    {
      "type": "Feature",
      "geometry": {
        "type": "Point",
        "coordinates": [
          -73.31086731,
          41.41684341
        ]
      },
      "properties": {
        "netid": "24:B2:B9:F5:C0:CD",
        "ssid": null,
        "oui": "24:B2:B9",
        "channel": 157,
        "encryption": "unknown",
        "firsttime": "2026-05-08T22:00:00.000Z",
        "lasttime": "2026-05-10T13:00:00.000Z",
        "city": null,
        "region": "CT",
        "country": "US",
        "road": "Hanover Road",
        "postalcode": "06470"
      }
    },
    {
      "type": "Feature",
      "geometry": {
        "type": "Point",
        "coordinates": [
          -93.48033905,
          35.45751572
        ]
      },
      "properties": {
        "netid": "24:B2:B9:F5:C0:E5",
        "ssid": null,
        "oui": "24:B2:B9",
        "channel": 40,
        "encryption": "unknown",
        "firsttime": "2026-05-30T16:00:00.000Z",
        "lasttime": "2026-06-03T20:00:00.000Z",
        "city": null,
        "region": "AR",
        "country": "US",
        "road": "I 40",
        "postalcode": "72830"
      }
    },
    {
      "type": "Feature",
      "geometry": {
        "type": "Point",
        "coordinates": [
          -97.63821411,
          30.32964325
        ]
      },
      "properties": {
        "netid": "24:B2:B9:F5:C1:B9",
        "ssid": null,
        "oui": "24:B2:B9",
        "channel": 0,
        "encryption": "unknown",
        "firsttime": "2026-05-21T14:00:00.000Z",
        "lasttime": "2026-05-21T18:00:00.000Z",
        "city": "Austin",
        "region": "TX",
        "country": "US",
        "road": "Manor Expressway",
        "postalcode": "78724-1199"
      }
    },
    {
      "type": "Feature",
      "geometry": {
        "type": "Point",
        "coordinates": [
          -97.38446045,
          31.09070969
        ]
      },
      "properties": {
        "netid": "24:B2:B9:F5:C1:C3",
        "ssid": null,
        "oui": "24:B2:B9",
        "channel": 1,
        "encryption": "unknown",
        "firsttime": "2026-04-10T13:00:00.000Z",
        "lasttime": "2026-07-19T17:00:00.000Z",
        "city": null,
        "region": "TX",
        "country": "US",
        "road": "South General Bruce Drive",
        "postalcode": "76504"
      }
    },
    {
      "type": "Feature",
      "geometry": {
        "type": "Point",
        "coordinates": [
          -97.38446808,
          31.09063339
        ]
      },
      "properties": {
        "netid": "24:B2:B9:F5:C1:E4",
        "ssid": null,
        "oui": "24:B2:B9",
        "channel": 0,
        "encryption": "unknown",
        "firsttime": "2026-04-10T12:00:00.000Z",
        "lasttime": "2026-04-10T20:00:00.000Z",
        "city": null,
        "region": "TX",
        "country": "US",
        "road": "South General Bruce Drive",
        "postalcode": "76504"
      }
    },
    {
      "type": "Feature",
      "geometry": {
        "type": "Point",
        "coordinates": [
          -86.27601624,
          39.83064651
        ]
      },
      "properties": {
        "netid": "24:B2:B9:F5:C1:E7",
        "ssid": null,
        "oui": "24:B2:B9",
        "channel": 40,
        "encryption": "unknown",
        "firsttime": "2026-04-11T23:00:00.000Z",
        "lasttime": "2026-04-11T22:00:00.000Z",
        "city": "Indianapolis",
        "region": "IN",
        "country": "US",
        "road": "I 465",
        "postalcode": "46254"
      }
    },
    {
      "type": "Feature",
      "geometry": {
        "type": "Point",
        "coordinates": [
          -84.08392334,
          39.77388
        ]
      },
      "properties": {
        "netid": "24:B2:B9:F5:C2:0F",
        "ssid": "Flock-F5C20F",
        "oui": "24:B2:B9",
        "channel": 157,
        "encryption": "wpa2",
        "firsttime": "2026-01-29T16:00:00.000Z",
        "lasttime": "2026-01-29T15:00:00.000Z",
        "city": null,
        "region": "OH",
        "country": "US",
        "road": "Colonel Glenn Highway",
        "postalcode": "45431"
      }
    },
    {
      "type": "Feature",
      "geometry": {
        "type": "Point",
        "coordinates": [
          -81.20531464,
          28.55303383
        ]
      },
      "properties": {
        "netid": "24:B2:B9:F5:C2:1F",
        "ssid": null,
        "oui": "24:B2:B9",
        "channel": 161,
        "encryption": "unknown",
        "firsttime": "2026-06-07T22:00:00.000Z",
        "lasttime": "2026-06-19T14:00:00.000Z",
        "city": null,
        "region": "FL",
        "country": "US",
        "road": "Alafaya Trail",
        "postalcode": "32828"
      }
    },
    {
      "type": "Feature",
      "geometry": {
        "type": "Point",
        "coordinates": [
          -86.14554596,
          39.73729706
        ]
      },
      "properties": {
        "netid": "24:B2:B9:F5:C2:47",
        "ssid": null,
        "oui": "24:B2:B9",
        "channel": 1,
        "encryption": "wpa2",
        "firsttime": "2026-06-16T12:00:00.000Z",
        "lasttime": "2026-06-19T11:00:00.000Z",
        "city": "Indianapolis",
        "region": "IN",
        "country": "US",
        "road": "East Raymond Street",
        "postalcode": "46203"
      }
    },
    {
      "type": "Feature",
      "geometry": {
        "type": "Point",
        "coordinates": [
          -87.69398499,
          41.54304123
        ]
      },
      "properties": {
        "netid": "24:B2:B9:F5:C2:77",
        "ssid": "Flock-F5C277",
        "oui": "24:B2:B9",
        "channel": 157,
        "encryption": "wpa2",
        "firsttime": "2026-01-18T00:00:00.000Z",
        "lasttime": "2026-01-18T00:00:00.000Z",
        "city": null,
        "region": "IL",
        "country": "US",
        "road": "Kedzie Avenue",
        "postalcode": "60430:60478"
      }
    },
    {
      "type": "Feature",
      "geometry": {
        "type": "Point",
        "coordinates": [
          -83.28514099,
          42.70838165
        ]
      },
      "properties": {
        "netid": "24:B2:B9:F5:C3:E9",
        "ssid": "Flock-F5C3E9",
        "oui": "24:B2:B9",
        "channel": 153,
        "encryption": "wpa2",
        "firsttime": "2026-01-22T01:00:00.000Z",
        "lasttime": "2026-02-03T15:00:00.000Z",
        "city": null,
        "region": "MI",
        "country": "US",
        "road": "Joslyn Road",
        "postalcode": "48359"
      }
    },
    {
      "type": "Feature",
      "geometry": {
        "type": "Point",
        "coordinates": [
          -73.49491119,
          44.69638824
        ]
      },
      "properties": {
        "netid": "24:B2:B9:F5:C4:07",
        "ssid": null,
        "oui": "24:B2:B9",
        "channel": 9,
        "encryption": "unknown",
        "firsttime": "2026-05-22T19:00:00.000Z",
        "lasttime": "2026-05-22T22:00:00.000Z",
        "city": null,
        "region": "NY",
        "country": "US",
        "road": "State Route 3",
        "postalcode": "12901"
      }
    },
    {
      "type": "Feature",
      "geometry": {
        "type": "Point",
        "coordinates": [
          -88.24505615,
          40.13484955
        ]
      },
      "properties": {
        "netid": "24:B2:B9:F5:C4:33",
        "ssid": null,
        "oui": "24:B2:B9",
        "channel": 40,
        "encryption": "unknown",
        "firsttime": "2026-04-12T01:00:00.000Z",
        "lasttime": "2026-04-11T22:00:00.000Z",
        "city": "Champaign",
        "region": "IL",
        "country": "US",
        "road": "I 74",
        "postalcode": "61820-7817"
      }
    },
    {
      "type": "Feature",
      "geometry": {
        "type": "Point",
        "coordinates": [
          -122.46547699,
          47.1901474
        ]
      },
      "properties": {
        "netid": "24:B2:B9:F5:C4:7D",
        "ssid": "Flock-F5C47D",
        "oui": "24:B2:B9",
        "channel": 48,
        "encryption": "wpa2",
        "firsttime": "2026-02-13T06:00:00.000Z",
        "lasttime": "2026-02-19T18:00:00.000Z",
        "city": "Tacoma",
        "region": "WA",
        "country": "US",
        "road": "South 74th Street",
        "postalcode": "98408-1202"
      }
    },
    {
      "type": "Feature",
      "geometry": {
        "type": "Point",
        "coordinates": [
          -86.33765411,
          39.77112198
        ]
      },
      "properties": {
        "netid": "24:B2:B9:F5:C4:89",
        "ssid": null,
        "oui": "24:B2:B9",
        "channel": 3,
        "encryption": "wpa2",
        "firsttime": "2026-06-30T15:00:00.000Z",
        "lasttime": "2026-06-30T08:00:00.000Z",
        "city": null,
        "region": "IN",
        "country": "US",
        "road": "Ronald Reagan Parkway",
        "postalcode": "46231"
      }
    },
    {
      "type": "Feature",
      "geometry": {
        "type": "Point",
        "coordinates": [
          -97.42568207,
          37.69431305
        ]
      },
      "properties": {
        "netid": "24:B2:B9:F5:C4:C9",
        "ssid": null,
        "oui": "24:B2:B9",
        "channel": 1,
        "encryption": "unknown",
        "firsttime": "2026-04-30T17:00:00.000Z",
        "lasttime": "2026-05-15T19:00:00.000Z",
        "city": "Wichita",
        "region": "KS",
        "country": "US",
        "road": "West Central Avenue",
        "postalcode": "67212"
      }
    },
    {
      "type": "Feature",
      "geometry": {
        "type": "Point",
        "coordinates": [
          -115.06542969,
          36.13586807
        ]
      },
      "properties": {
        "netid": "24:B2:B9:F5:C4:E9",
        "ssid": null,
        "oui": "24:B2:B9",
        "channel": 0,
        "encryption": "unknown",
        "firsttime": "2025-06-01T17:00:00.000Z",
        "lasttime": "2026-04-11T19:00:00.000Z",
        "city": null,
        "region": "NV",
        "country": "US",
        "road": "South Nellis Boulevard",
        "postalcode": "89121-2510"
      }
    },
    {
      "type": "Feature",
      "geometry": {
        "type": "Point",
        "coordinates": [
          -104.71697235,
          39.83441925
        ]
      },
      "properties": {
        "netid": "24:B2:B9:F5:C4:F7",
        "ssid": null,
        "oui": "24:B2:B9",
        "channel": 6,
        "encryption": "wpa2",
        "firsttime": "2026-07-15T20:00:00.000Z",
        "lasttime": "2026-07-15T16:00:00.000Z",
        "city": "Denver",
        "region": "CO",
        "country": "US",
        "road": "Pe\u00f1a Boulevard",
        "postalcode": null
      }
    },
    {
      "type": "Feature",
      "geometry": {
        "type": "Point",
        "coordinates": [
          -84.14089966,
          33.95397568
        ]
      },
      "properties": {
        "netid": "24:B2:B9:F5:C5:03",
        "ssid": "Flock-F5C503",
        "oui": "24:B2:B9",
        "channel": 157,
        "encryption": "wpa2",
        "firsttime": "2026-01-24T15:00:00.000Z",
        "lasttime": "2026-01-29T18:00:00.000Z",
        "city": null,
        "region": "GA",
        "country": "US",
        "road": "Steve Reynolds Boulevard",
        "postalcode": "30096-4590"
      }
    },
    {
      "type": "Feature",
      "geometry": {
        "type": "Point",
        "coordinates": [
          -87.31226349,
          30.52186012
        ]
      },
      "properties": {
        "netid": "24:B2:B9:F5:C5:65",
        "ssid": null,
        "oui": "24:B2:B9",
        "channel": 6,
        "encryption": "wpa2",
        "firsttime": "2026-06-30T14:00:00.000Z",
        "lasttime": "2026-06-30T07:00:00.000Z",
        "city": "Pensacola",
        "region": "FL",
        "country": "US",
        "road": "West Detroit Boulevard",
        "postalcode": "32534"
      }
    },
    {
      "type": "Feature",
      "geometry": {
        "type": "Point",
        "coordinates": [
          -82.23693848,
          28.52646255
        ]
      },
      "properties": {
        "netid": "24:B2:B9:F5:C5:7F",
        "ssid": null,
        "oui": "24:B2:B9",
        "channel": 48,
        "encryption": "unknown",
        "firsttime": "2026-03-13T13:00:00.000Z",
        "lasttime": "2026-03-15T08:00:00.000Z",
        "city": null,
        "region": "FL",
        "country": "US",
        "road": "I 75",
        "postalcode": "34602"
      }
    },
    {
      "type": "Feature",
      "geometry": {
        "type": "Point",
        "coordinates": [
          -79.22396088,
          37.39762497
        ]
      },
      "properties": {
        "netid": "24:B2:B9:F5:C5:CB",
        "ssid": null,
        "oui": "24:B2:B9",
        "channel": 4,
        "encryption": "unknown",
        "firsttime": "2026-03-24T21:00:00.000Z",
        "lasttime": "2026-03-31T02:00:00.000Z",
        "city": "Lynchburg",
        "region": "VA",
        "country": "US",
        "road": "Old Forest Road",
        "postalcode": "24501-6921"
      }
    },
    {
      "type": "Feature",
      "geometry": {
        "type": "Point",
        "coordinates": [
          -122.23355865,
          37.77514648
        ]
      },
      "properties": {
        "netid": "24:B2:B9:F5:C7:47",
        "ssid": null,
        "oui": "24:B2:B9",
        "channel": 6,
        "encryption": "wpa2",
        "firsttime": "2026-07-16T15:00:00.000Z",
        "lasttime": "2026-07-16T08:00:00.000Z",
        "city": "Oakland",
        "region": "CA",
        "country": "US",
        "road": "Nimitz Freeway",
        "postalcode": "94601"
      }
    },
    {
      "type": "Feature",
      "geometry": {
        "type": "Point",
        "coordinates": [
          -97.43877411,
          37.67207718
        ]
      },
      "properties": {
        "netid": "24:B2:B9:F5:C7:B7",
        "ssid": null,
        "oui": "24:B2:B9",
        "channel": 1,
        "encryption": "unknown",
        "firsttime": "2026-07-18T21:00:00.000Z",
        "lasttime": "2026-07-18T19:00:00.000Z",
        "city": "Wichita",
        "region": "KS",
        "country": "US",
        "road": "Vietnam Veterans Memorial Highway",
        "postalcode": "67209"
      }
    },
    {
      "type": "Feature",
      "geometry": {
        "type": "Point",
        "coordinates": [
          -87.53927612,
          38.01107788
        ]
      },
      "properties": {
        "netid": "24:B2:B9:F5:C8:43",
        "ssid": "Flock-F5C843",
        "oui": "24:B2:B9",
        "channel": 161,
        "encryption": "wpa2",
        "firsttime": "2025-09-15T16:00:00.000Z",
        "lasttime": "2025-12-15T15:00:00.000Z",
        "city": "Evansville",
        "region": "IN",
        "country": "US",
        "road": "US 41",
        "postalcode": "47711"
      }
    },
    {
      "type": "Feature",
      "geometry": {
        "type": "Point",
        "coordinates": [
          -81.0710907,
          29.19145966
        ]
      },
      "properties": {
        "netid": "24:B2:B9:F5:CA:13",
        "ssid": null,
        "oui": "24:B2:B9",
        "channel": 1,
        "encryption": "unknown",
        "firsttime": "2026-04-09T19:00:00.000Z",
        "lasttime": "2026-07-18T19:00:00.000Z",
        "city": "Daytona Beach",
        "region": "FL",
        "country": "US",
        "road": "International Speedway Boulevard",
        "postalcode": "32120"
      }
    },
    {
      "type": "Feature",
      "geometry": {
        "type": "Point",
        "coordinates": [
          -74.43946075,
          40.4877243
        ]
      },
      "properties": {
        "netid": "24:B2:B9:F5:CA:57",
        "ssid": null,
        "oui": "24:B2:B9",
        "channel": 48,
        "encryption": "unknown",
        "firsttime": "2026-03-18T14:00:00.000Z",
        "lasttime": "2026-05-19T11:00:00.000Z",
        "city": "New Brunswick",
        "region": "NJ",
        "country": "US",
        "road": "Paul Robeson Boulevard",
        "postalcode": "08901-1340"
      }
    },
    {
      "type": "Feature",
      "geometry": {
        "type": "Point",
        "coordinates": [
          -80.82891846,
          28.54000664
        ]
      },
      "properties": {
        "netid": "24:B2:B9:F5:CA:F5",
        "ssid": null,
        "oui": "24:B2:B9",
        "channel": 48,
        "encryption": "unknown",
        "firsttime": "2026-07-03T13:00:00.000Z",
        "lasttime": "2026-07-18T19:00:00.000Z",
        "city": null,
        "region": "FL",
        "country": "US",
        "road": "Columbia Boulevard",
        "postalcode": "32780-2502"
      }
    },
    {
      "type": "Feature",
      "geometry": {
        "type": "Point",
        "coordinates": [
          -118.3449173,
          33.83027649
        ]
      },
      "properties": {
        "netid": "24:B2:B9:F5:CB:2D",
        "ssid": null,
        "oui": "24:B2:B9",
        "channel": 1,
        "encryption": "wpa2",
        "firsttime": "2026-06-02T15:00:00.000Z",
        "lasttime": "2026-06-02T09:00:00.000Z",
        "city": "Torrance",
        "region": "CA",
        "country": "US",
        "road": "Madrona Avenue",
        "postalcode": "90503"
      }
    },
    {
      "type": "Feature",
      "geometry": {
        "type": "Point",
        "coordinates": [
          -97.29905701,
          37.69436264
        ]
      },
      "properties": {
        "netid": "24:B2:B9:F5:CB:3D",
        "ssid": null,
        "oui": "24:B2:B9",
        "channel": 1,
        "encryption": "unknown",
        "firsttime": "2026-04-30T17:00:00.000Z",
        "lasttime": "2026-05-23T11:00:00.000Z",
        "city": "Wichita",
        "region": "KS",
        "country": "US",
        "road": "North Hillside Street",
        "postalcode": "66214"
      }
    },
    {
      "type": "Feature",
      "geometry": {
        "type": "Point",
        "coordinates": [
          -94.42107391,
          35.38339233
        ]
      },
      "properties": {
        "netid": "24:B2:B9:F5:CC:97",
        "ssid": null,
        "oui": "24:B2:B9",
        "channel": 1,
        "encryption": "unknown",
        "firsttime": "2026-07-18T17:00:00.000Z",
        "lasttime": "2026-07-18T19:00:00.000Z",
        "city": "Fort Smith",
        "region": "AR",
        "country": "US",
        "road": "Towson Avenue",
        "postalcode": "72901"
      }
    },
    {
      "type": "Feature",
      "geometry": {
        "type": "Point",
        "coordinates": [
          -122.2020874,
          37.74719238
        ]
      },
      "properties": {
        "netid": "24:B2:B9:F5:CC:B3",
        "ssid": null,
        "oui": "24:B2:B9",
        "channel": 1,
        "encryption": "wpa2",
        "firsttime": "2026-07-16T15:00:00.000Z",
        "lasttime": "2026-07-16T08:00:00.000Z",
        "city": "Oakland",
        "region": "CA",
        "country": "US",
        "road": "Nimitz Freeway",
        "postalcode": "94621"
      }
    },
    {
      "type": "Feature",
      "geometry": {
        "type": "Point",
        "coordinates": [
          -95.37185669,
          29.76256752
        ]
      },
      "properties": {
        "netid": "24:B2:B9:F5:CC:DD",
        "ssid": "Flock-F5CCDD",
        "oui": "24:B2:B9",
        "channel": 157,
        "encryption": "wpa2",
        "firsttime": "2026-04-07T17:00:00.000Z",
        "lasttime": "2026-04-07T16:00:00.000Z",
        "city": "Houston",
        "region": "TX",
        "country": "US",
        "road": "Gulf Freeway",
        "postalcode": "77003:77007"
      }
    },
    {
      "type": "Feature",
      "geometry": {
        "type": "Point",
        "coordinates": [
          -84.5102005,
          33.7967453
        ]
      },
      "properties": {
        "netid": "24:B2:B9:F5:CC:FB",
        "ssid": "Flock-F5CCFB",
        "oui": "24:B2:B9",
        "channel": 36,
        "encryption": "wpa2",
        "firsttime": "2026-01-28T16:00:00.000Z",
        "lasttime": "2026-01-28T09:00:00.000Z",
        "city": null,
        "region": "GA",
        "country": "US",
        "road": "Veterans Memorial Highway Southeast",
        "postalcode": "30318:30331"
      }
    },
    {
      "type": "Feature",
      "geometry": {
        "type": "Point",
        "coordinates": [
          -86.381073,
          39.76280594
        ]
      },
      "properties": {
        "netid": "24:B2:B9:F5:CD:AB",
        "ssid": null,
        "oui": "24:B2:B9",
        "channel": 6,
        "encryption": "wpa2",
        "firsttime": "2026-07-12T23:00:00.000Z",
        "lasttime": "2026-07-12T16:00:00.000Z",
        "city": null,
        "region": "IN",
        "country": "US",
        "road": "South Dan Jones Road",
        "postalcode": "46123"
      }
    },
    {
      "type": "Feature",
      "geometry": {
        "type": "Point",
        "coordinates": [
          -81.44039154,
          41.28451538
        ]
      },
      "properties": {
        "netid": "24:B2:B9:F5:CE:01",
        "ssid": "<hidden>",
        "oui": "24:B2:B9",
        "channel": 40,
        "encryption": "none",
        "firsttime": "2026-07-05T15:00:00.000Z",
        "lasttime": "2026-07-05T15:00:00.000Z",
        "city": null,
        "region": "OH",
        "country": "US",
        "road": "Darrow Road",
        "postalcode": "44087"
      }
    },
    {
      "type": "Feature",
      "geometry": {
        "type": "Point",
        "coordinates": [
          -97.65655518,
          30.51745796
        ]
      },
      "properties": {
        "netid": "24:B2:B9:F5:CE:25",
        "ssid": null,
        "oui": "24:B2:B9",
        "channel": 157,
        "encryption": "unknown",
        "firsttime": "2026-03-06T15:00:00.000Z",
        "lasttime": "2026-03-22T15:00:00.000Z",
        "city": "Round Rock",
        "region": "TX",
        "country": "US",
        "road": "Palm Valley Boulevard",
        "postalcode": "78664"
      }
    },
    {
      "type": "Feature",
      "geometry": {
        "type": "Point",
        "coordinates": [
          -97.3282547,
          37.79439545
        ]
      },
      "properties": {
        "netid": "24:B2:B9:F5:CE:5F",
        "ssid": null,
        "oui": "24:B2:B9",
        "channel": 161,
        "encryption": "unknown",
        "firsttime": "2026-05-11T22:00:00.000Z",
        "lasttime": "2026-05-15T19:00:00.000Z",
        "city": null,
        "region": "KS",
        "country": "US",
        "road": "I 135;US 81;KS 15",
        "postalcode": "67219"
      }
    },
    {
      "type": "Feature",
      "geometry": {
        "type": "Point",
        "coordinates": [
          -81.11306763,
          29.14806175
        ]
      },
      "properties": {
        "netid": "24:B2:B9:F5:CE:8F",
        "ssid": null,
        "oui": "24:B2:B9",
        "channel": 1,
        "encryption": "unknown",
        "firsttime": "2026-06-28T17:00:00.000Z",
        "lasttime": "2026-07-18T19:00:00.000Z",
        "city": "Daytona Beach",
        "region": "FL",
        "country": "US",
        "road": "International Speedway Boulevard",
        "postalcode": "32124-1011"
      }
    },
    {
      "type": "Feature",
      "geometry": {
        "type": "Point",
        "coordinates": [
          -84.54925537,
          33.91893005
        ]
      },
      "properties": {
        "netid": "24:B2:B9:F5:CF:4D",
        "ssid": null,
        "oui": "24:B2:B9",
        "channel": 4,
        "encryption": "unknown",
        "firsttime": "2026-01-08T20:00:00.000Z",
        "lasttime": "2026-01-11T20:00:00.000Z",
        "city": null,
        "region": "GA",
        "country": "US",
        "road": "Austell Road Southwest",
        "postalcode": "30008"
      }
    },
    {
      "type": "Feature",
      "geometry": {
        "type": "Point",
        "coordinates": [
          -106.58272552,
          31.98085976
        ]
      },
      "properties": {
        "netid": "24:B2:B9:F5:CF:5F",
        "ssid": null,
        "oui": "24:B2:B9",
        "channel": 0,
        "encryption": "unknown",
        "firsttime": "2001-12-31T18:00:00.000Z",
        "lasttime": "2026-06-21T03:00:00.000Z",
        "city": null,
        "region": "TX",
        "country": "US",
        "road": "I 10;US 85;US 180",
        "postalcode": "79821"
      }
    },
    {
      "type": "Feature",
      "geometry": {
        "type": "Point",
        "coordinates": [
          -81.51374054,
          41.37264252
        ]
      },
      "properties": {
        "netid": "24:B2:B9:F5:CF:6B",
        "ssid": "<hidden>",
        "oui": "24:B2:B9",
        "channel": 1,
        "encryption": "none",
        "firsttime": "2026-07-02T22:00:00.000Z",
        "lasttime": "2026-07-05T15:00:00.000Z",
        "city": null,
        "region": "OH",
        "country": "US",
        "road": "Fair Oaks Road",
        "postalcode": "44146"
      }
    },
    {
      "type": "Feature",
      "geometry": {
        "type": "Point",
        "coordinates": [
          -78.9522934,
          43.07607651
        ]
      },
      "properties": {
        "netid": "24:B2:B9:F5:CF:81",
        "ssid": "Flock-F5CF81",
        "oui": "24:B2:B9",
        "channel": 153,
        "encryption": "wpa2",
        "firsttime": "2026-02-22T15:00:00.000Z",
        "lasttime": "2026-02-22T14:00:00.000Z",
        "city": null,
        "region": "NY",
        "country": "US",
        "road": "Buffalo Avenue",
        "postalcode": "14304"
      }
    },
    {
      "type": "Feature",
      "geometry": {
        "type": "Point",
        "coordinates": [
          -102.77858734,
          33.5095253
        ]
      },
      "properties": {
        "netid": "24:B2:B9:F5:CF:A7",
        "ssid": null,
        "oui": "24:B2:B9",
        "channel": 4,
        "encryption": "unknown",
        "firsttime": "2025-06-26T01:00:00.000Z",
        "lasttime": "2026-06-18T13:00:00.000Z",
        "city": null,
        "region": "TX",
        "country": "US",
        "road": null,
        "postalcode": null
      }
    },
    {
      "type": "Feature",
      "geometry": {
        "type": "Point",
        "coordinates": [
          -97.24453735,
          37.5627327
        ]
      },
      "properties": {
        "netid": "24:B2:B9:F5:D0:35",
        "ssid": null,
        "oui": "24:B2:B9",
        "channel": 1,
        "encryption": "unknown",
        "firsttime": "2026-04-30T23:00:00.000Z",
        "lasttime": "2026-05-02T18:00:00.000Z",
        "city": null,
        "region": "KS",
        "country": "US",
        "road": "North Rock Road",
        "postalcode": "67037"
      }
    },
    {
      "type": "Feature",
      "geometry": {
        "type": "Point",
        "coordinates": [
          -93.45983124,
          35.45059204
        ]
      },
      "properties": {
        "netid": "24:B2:B9:F5:D0:37",
        "ssid": null,
        "oui": "24:B2:B9",
        "channel": 1,
        "encryption": "unknown",
        "firsttime": "2026-05-30T16:00:00.000Z",
        "lasttime": "2026-06-03T20:00:00.000Z",
        "city": null,
        "region": "AR",
        "country": "US",
        "road": "I 40",
        "postalcode": "72830"
      }
    },
    {
      "type": "Feature",
      "geometry": {
        "type": "Point",
        "coordinates": [
          -97.59230042,
          30.46529198
        ]
      },
      "properties": {
        "netid": "24:B2:B9:F5:D0:B9",
        "ssid": null,
        "oui": "24:B2:B9",
        "channel": 11,
        "encryption": "unknown",
        "firsttime": "2026-07-02T00:00:00.000Z",
        "lasttime": "2026-07-06T13:00:00.000Z",
        "city": null,
        "region": "TX",
        "country": "US",
        "road": "Colorado Sand Drive",
        "postalcode": "78660"
      }
    },
    {
      "type": "Feature",
      "geometry": {
        "type": "Point",
        "coordinates": [
          -121.86159515,
          37.42269135
        ]
      },
      "properties": {
        "netid": "24:B2:B9:F5:D0:C5",
        "ssid": "Flock-F5D0C5",
        "oui": "24:B2:B9",
        "channel": 40,
        "encryption": "wpa2",
        "firsttime": "2026-07-08T23:00:00.000Z",
        "lasttime": "2026-07-08T16:00:00.000Z",
        "city": "Milpitas",
        "region": "CA",
        "country": "US",
        "road": "Piedmont Road",
        "postalcode": "95132-1251"
      }
    },
    {
      "type": "Feature",
      "geometry": {
        "type": "Point",
        "coordinates": [
          -115.22546387,
          36.09979248
        ]
      },
      "properties": {
        "netid": "24:B2:B9:F5:D1:3F",
        "ssid": null,
        "oui": "24:B2:B9",
        "channel": 0,
        "encryption": "unknown",
        "firsttime": "2026-04-11T02:00:00.000Z",
        "lasttime": "2026-04-18T14:00:00.000Z",
        "city": null,
        "region": "NV",
        "country": "US",
        "road": "West Tropicana Avenue",
        "postalcode": "89103-2250"
      }
    },
    {
      "type": "Feature",
      "geometry": {
        "type": "Point",
        "coordinates": [
          -84.44812775,
          33.90040207
        ]
      },
      "properties": {
        "netid": "24:B2:B9:F5:D1:89",
        "ssid": "Flock-F5D189",
        "oui": "24:B2:B9",
        "channel": 44,
        "encryption": "wpa2",
        "firsttime": "2026-01-29T14:00:00.000Z",
        "lasttime": "2026-02-06T22:00:00.000Z",
        "city": null,
        "region": "GA",
        "country": "US",
        "road": "Interstate North Trail",
        "postalcode": "30339"
      }
    },
    {
      "type": "Feature",
      "geometry": {
        "type": "Point",
        "coordinates": [
          -84.09445953,
          33.26007843
        ]
      },
      "properties": {
        "netid": "24:B2:B9:F5:D1:B9",
        "ssid": null,
        "oui": "24:B2:B9",
        "channel": 1,
        "encryption": "unknown",
        "firsttime": "2026-05-31T12:00:00.000Z",
        "lasttime": "2026-06-03T20:00:00.000Z",
        "city": null,
        "region": "GA",
        "country": "US",
        "road": "I 75",
        "postalcode": null
      }
    },
    {
      "type": "Feature",
      "geometry": {
        "type": "Point",
        "coordinates": [
          -122.06345367,
          37.60243988
        ]
      },
      "properties": {
        "netid": "24:B2:B9:F5:D1:CF",
        "ssid": null,
        "oui": "24:B2:B9",
        "channel": 5,
        "encryption": "wpa2",
        "firsttime": "2026-07-16T14:00:00.000Z",
        "lasttime": "2026-07-16T08:00:00.000Z",
        "city": null,
        "region": "CA",
        "country": "US",
        "road": "Nimitz Freeway",
        "postalcode": "94587"
      }
    },
    {
      "type": "Feature",
      "geometry": {
        "type": "Point",
        "coordinates": [
          -85.30857086,
          35.04358292
        ]
      },
      "properties": {
        "netid": "24:B2:B9:F8:DE:3B",
        "ssid": "ClickShare-1889160715",
        "oui": "24:B2:B9",
        "channel": 36,
        "encryption": "wpa2",
        "firsttime": "2026-08-01T23:00:00.000Z",
        "lasttime": "2026-08-01T17:00:00.000Z",
        "city": "Chattanooga",
        "region": "TN",
        "country": "US",
        "road": "Market Street",
        "postalcode": "37402"
      }
    },
    {
      "type": "Feature",
      "geometry": {
        "type": "Point",
        "coordinates": [
          -86.22252655,
          43.25162506
        ]
      },
      "properties": {
        "netid": "24:B2:B9:F8:DE:6F",
        "ssid": "ClickShare-1889160509",
        "oui": "24:B2:B9",
        "channel": 36,
        "encryption": "wpa2",
        "firsttime": "2026-07-31T16:00:00.000Z",
        "lasttime": "2026-07-31T10:00:00.000Z",
        "city": null,
        "region": "MI",
        "country": "US",
        "road": null,
        "postalcode": "49442"
      }
    },
    {
      "type": "Feature",
      "geometry": {
        "type": "Point",
        "coordinates": [
          -84.50746918,
          39.10735321
        ]
      },
      "properties": {
        "netid": "24:B2:B9:F8:DE:79",
        "ssid": null,
        "oui": "24:B2:B9",
        "channel": 36,
        "encryption": "wpa2",
        "firsttime": "2026-07-22T21:00:00.000Z",
        "lasttime": "2026-07-22T19:00:00.000Z",
        "city": "Cincinnati",
        "region": "OH",
        "country": "US",
        "road": "I 471",
        "postalcode": "45202-2209"
      }
    },
    {
      "type": "Feature",
      "geometry": {
        "type": "Point",
        "coordinates": [
          139.7358551,
          35.66924667
        ]
      },
      "properties": {
        "netid": "24:B2:B9:F8:DE:97",
        "ssid": "ClickShare-1862723427",
        "oui": "24:B2:B9",
        "channel": 36,
        "encryption": "wpa2",
        "firsttime": "2026-07-05T04:00:00.000Z",
        "lasttime": "2026-07-05T01:00:00.000Z",
        "city": "\u6e2f\u533a",
        "region": "\u8d64\u5742\u516d\u4e01\u76ee",
        "country": "JP",
        "road": "\u6c37\u5ddd\u5742",
        "postalcode": "107?8006"
      }
    },
    {
      "type": "Feature",
      "geometry": {
        "type": "Point",
        "coordinates": [
          139.77355957,
          35.6871376
        ]
      },
      "properties": {
        "netid": "24:B2:B9:F8:DE:A7",
        "ssid": "ClickShare-1862723395",
        "oui": "24:B2:B9",
        "channel": 36,
        "encryption": "wpa2",
        "firsttime": "2026-01-24T07:00:00.000Z",
        "lasttime": "2026-03-01T09:00:00.000Z",
        "city": "\u4e2d\u592e\u533a",
        "region": "\u65e5\u672c\u6a4b\u5ba4\u753a\u4e09\u4e01\u76ee",
        "country": "JP",
        "road": "\u4e2d\u592e\u901a\u308a",
        "postalcode": "103-0022"
      }
    },
    {
      "type": "Feature",
      "geometry": {
        "type": "Point",
        "coordinates": [
          -73.55687714,
          45.50066376
        ]
      },
      "properties": {
        "netid": "24:B2:B9:F8:DE:D1",
        "ssid": "ClickShare-1862724519",
        "oui": "24:B2:B9",
        "channel": 36,
        "encryption": "wpa2",
        "firsttime": "2026-04-16T05:00:00.000Z",
        "lasttime": "2026-04-18T12:00:00.000Z",
        "city": "Montr\u00e9al",
        "region": "Qu\u00e9bec",
        "country": "CA",
        "road": "Rue Saint-Paul Ouest",
        "postalcode": "H2Y 2A7"
      }
    },
    {
      "type": "Feature",
      "geometry": {
        "type": "Point",
        "coordinates": [
          -82.55151367,
          35.60320663
        ]
      },
      "properties": {
        "netid": "24:B2:B9:F8:DE:E5",
        "ssid": "ClickShare-1862723185",
        "oui": "24:B2:B9",
        "channel": 36,
        "encryption": "wpa2",
        "firsttime": "2025-12-23T21:00:00.000Z",
        "lasttime": "2025-12-23T14:00:00.000Z",
        "city": "Asheville",
        "region": "NC",
        "country": "US",
        "road": "East Chestnut Street",
        "postalcode": "28801"
      }
    },
    {
      "type": "Feature",
      "geometry": {
        "type": "Point",
        "coordinates": [
          135.76164246,
          35.00368881
        ]
      },
      "properties": {
        "netid": "24:B2:B9:F8:DF:7F",
        "ssid": "ClickShare-1862723461",
        "oui": "24:B2:B9",
        "channel": 36,
        "encryption": "wpa2",
        "firsttime": "2026-03-05T07:00:00.000Z",
        "lasttime": "2026-07-18T22:00:00.000Z",
        "city": "\u4eac\u90fd\u5e02",
        "region": "\u4eac\u90fd\u5e9c",
        "country": "JP",
        "road": "\u56db\u6761\u901a;\u4eac\u90fd\u5e02\u9053186\u53f7\u5d50\u5c71\u7947\u5712\u7dda",
        "postalcode": "600-8006"
      }
    },
    {
      "type": "Feature",
      "geometry": {
        "type": "Point",
        "coordinates": [
          174.76741028,
          -36.8446846
        ]
      },
      "properties": {
        "netid": "24:B2:B9:F8:DF:A7",
        "ssid": "ClickShare-Tai-Timu",
        "oui": "24:B2:B9",
        "channel": 36,
        "encryption": "wpa2",
        "firsttime": "2026-05-25T05:00:00.000Z",
        "lasttime": "2026-07-29T23:00:00.000Z",
        "city": "Auckland",
        "region": "Auckland",
        "country": "NZ",
        "road": "Galway Street",
        "postalcode": "1010"
      }
    },
    {
      "type": "Feature",
      "geometry": {
        "type": "Point",
        "coordinates": [
          6.16659498,
          49.63409805
        ]
      },
      "properties": {
        "netid": "24:B2:B9:F8:E0:0B",
        "ssid": "ClickShare-Salle 0.1",
        "oui": "24:B2:B9",
        "channel": 36,
        "encryption": "wpa2",
        "firsttime": "2026-06-11T11:00:00.000Z",
        "lasttime": "2026-06-11T05:00:00.000Z",
        "city": "Luxembourg",
        "region": "Canton Luxembourg",
        "country": "LU",
        "road": "Circuit de la Foire Internationale",
        "postalcode": "1639"
      }
    },
    {
      "type": "Feature",
      "geometry": {
        "type": "Point",
        "coordinates": [
          9.88210869,
          52.43583679
        ]
      },
      "properties": {
        "netid": "24:B2:B9:F8:E1:85",
        "ssid": "ClickShare-3.71-TV",
        "oui": "24:B2:B9",
        "channel": 36,
        "encryption": "wpa2",
        "firsttime": "2026-06-03T15:00:00.000Z",
        "lasttime": "2026-06-03T08:00:00.000Z",
        "city": null,
        "region": "Niedersachsen",
        "country": "DE",
        "road": "Steller Stra\u00dfe",
        "postalcode": "30916"
      }
    },
    {
      "type": "Feature",
      "geometry": {
        "type": "Point",
        "coordinates": [
          2.31847358,
          48.84060669
        ]
      },
      "properties": {
        "netid": "24:B2:B9:F8:E1:ED",
        "ssid": "ClickShare-1862721117",
        "oui": "24:B2:B9",
        "channel": 36,
        "encryption": "wpa2",
        "firsttime": "2025-12-20T12:00:00.000Z",
        "lasttime": "2026-04-12T09:00:00.000Z",
        "city": "Paris",
        "region": "\u00cele-de-France",
        "country": "FR",
        "road": "All\u00e9e du Capitaine Dronne",
        "postalcode": "75015"
      }
    },
    {
      "type": "Feature",
      "geometry": {
        "type": "Point",
        "coordinates": [
          8.43849659,
          47.45161819
        ]
      },
      "properties": {
        "netid": "24:B2:B9:F8:E2:31",
        "ssid": "ClickShare-LS-Buchs-ZH",
        "oui": "24:B2:B9",
        "channel": 36,
        "encryption": "wpa2",
        "firsttime": "2025-10-25T14:00:00.000Z",
        "lasttime": "2026-07-21T12:00:00.000Z",
        "city": null,
        "region": "Z\u00fcrich",
        "country": "CH",
        "road": "D\u00e4llikerstrasse",
        "postalcode": "8107"
      }
    },
    {
      "type": "Feature",
      "geometry": {
        "type": "Point",
        "coordinates": [
          -85.30795288,
          35.04336548
        ]
      },
      "properties": {
        "netid": "24:B2:B9:F8:E2:CB",
        "ssid": "ClickShare-1889160689",
        "oui": "24:B2:B9",
        "channel": 36,
        "encryption": "wpa2",
        "firsttime": "2026-08-01T23:00:00.000Z",
        "lasttime": "2026-08-01T17:00:00.000Z",
        "city": "Chattanooga",
        "region": "TN",
        "country": "US",
        "road": "Lindsay Street",
        "postalcode": "37402"
      }
    },
    {
      "type": "Feature",
      "geometry": {
        "type": "Point",
        "coordinates": [
          -77.03646851,
          38.90937424
        ]
      },
      "properties": {
        "netid": "24:B2:B9:F8:E3:27",
        "ssid": "ClickShare-1889160250",
        "oui": "24:B2:B9",
        "channel": 153,
        "encryption": "wpa2",
        "firsttime": "2026-05-03T01:00:00.000Z",
        "lasttime": "2026-05-02T19:00:00.000Z",
        "city": "Washington",
        "region": "DC",
        "country": "US",
        "road": "16th Street Northwest",
        "postalcode": "20012"
      }
    },
    {
      "type": "Feature",
      "geometry": {
        "type": "Point",
        "coordinates": [
          -86.11245728,
          39.9171524
        ]
      },
      "properties": {
        "netid": "24:B2:B9:F8:E3:29",
        "ssid": "ClickShare-1889160257",
        "oui": "24:B2:B9",
        "channel": 36,
        "encryption": "wep",
        "firsttime": "2026-03-27T12:00:00.000Z",
        "lasttime": "2026-04-09T19:00:00.000Z",
        "city": "Indianapolis",
        "region": "IN",
        "country": "US",
        "road": "North Keystone Avenue",
        "postalcode": "46240"
      }
    },
    {
      "type": "Feature",
      "geometry": {
        "type": "Point",
        "coordinates": [
          -118.39229584,
          34.05934143
        ]
      },
      "properties": {
        "netid": "24:B2:B9:F8:E4:39",
        "ssid": "ClickShare-1862737813",
        "oui": "24:B2:B9",
        "channel": 36,
        "encryption": "wpa2",
        "firsttime": "2026-05-23T02:00:00.000Z",
        "lasttime": "2026-07-09T16:00:00.000Z",
        "city": null,
        "region": "CA",
        "country": "US",
        "road": "West Olympic Boulevard",
        "postalcode": "90064"
      }
    },
    {
      "type": "Feature",
      "geometry": {
        "type": "Point",
        "coordinates": [
          -0.1285869,
          51.51131058
        ]
      },
      "properties": {
        "netid": "24:B2:B9:F8:E4:61",
        "ssid": "ClickShare-1889161096",
        "oui": "24:B2:B9",
        "channel": 36,
        "encryption": "wpa2",
        "firsttime": "2026-07-12T20:00:00.000Z",
        "lasttime": "2026-07-12T14:00:00.000Z",
        "city": "London",
        "region": "England",
        "country": "GB",
        "road": "Cranbourn Street",
        "postalcode": "WC2H 7JH"
      }
    },
    {
      "type": "Feature",
      "geometry": {
        "type": "Point",
        "coordinates": [
          -6.267591,
          53.35861969
        ]
      },
      "properties": {
        "netid": "24:B2:B9:F8:E4:6D",
        "ssid": "ClickShare-Ciar\u00e1n Maree",
        "oui": "24:B2:B9",
        "channel": 36,
        "encryption": "wpa2",
        "firsttime": "2026-07-14T18:00:00.000Z",
        "lasttime": "2026-07-14T13:00:00.000Z",
        "city": "Dublin",
        "region": "Leinster",
        "country": "IE",
        "road": "Eccles Street",
        "postalcode": "D01 T3F2"
      }
    },
    {
      "type": "Feature",
      "geometry": {
        "type": "Point",
        "coordinates": [
          -77.03650665,
          38.91054153
        ]
      },
      "properties": {
        "netid": "24:B2:B9:F8:E4:B3",
        "ssid": "ClickShare-1889160273",
        "oui": "24:B2:B9",
        "channel": 149,
        "encryption": "wpa2",
        "firsttime": "2026-04-28T16:00:00.000Z",
        "lasttime": "2026-07-20T22:00:00.000Z",
        "city": "Washington",
        "region": "DC",
        "country": "US",
        "road": "16th Street Northwest",
        "postalcode": "20012"
      }
    },
    {
      "type": "Feature",
      "geometry": {
        "type": "Point",
        "coordinates": [
          -91.89224243,
          44.88459015
        ]
      },
      "properties": {
        "netid": "24:B2:B9:F8:E4:D7",
        "ssid": "ClickShare",
        "oui": "24:B2:B9",
        "channel": 36,
        "encryption": "wpa2",
        "firsttime": "2026-07-11T15:00:00.000Z",
        "lasttime": "2026-07-11T18:00:00.000Z",
        "city": null,
        "region": "WI",
        "country": "US",
        "road": "Stout Road",
        "postalcode": "54751"
      }
    },
    {
      "type": "Feature",
      "geometry": {
        "type": "Point",
        "coordinates": [
          -99.0837326,
          40.73044968
        ]
      },
      "properties": {
        "netid": "24:B2:B9:F8:E5:11",
        "ssid": "ClickShare-1862737782",
        "oui": "24:B2:B9",
        "channel": 36,
        "encryption": "wpa2",
        "firsttime": "2026-08-02T12:00:00.000Z",
        "lasttime": "2026-08-03T18:00:00.000Z",
        "city": "Kearney",
        "region": "NE",
        "country": "US",
        "road": "2nd Avenue",
        "postalcode": "68847"
      }
    },
    {
      "type": "Feature",
      "geometry": {
        "type": "Point",
        "coordinates": [
          -0.55789441,
          51.31817245
        ]
      },
      "properties": {
        "netid": "24:B2:B9:F8:E5:17",
        "ssid": "ClickShare-1862737073",
        "oui": "24:B2:B9",
        "channel": 36,
        "encryption": "wpa2",
        "firsttime": "2026-07-09T19:00:00.000Z",
        "lasttime": "2026-07-10T02:00:00.000Z",
        "city": null,
        "region": "England",
        "country": "GB",
        "road": "Oriental Road",
        "postalcode": "GU22 7AF"
      }
    },
    {
      "type": "Feature",
      "geometry": {
        "type": "Point",
        "coordinates": [
          15.4367485,
          47.06917572
        ]
      },
      "properties": {
        "netid": "24:B2:B9:F8:E6:ED",
        "ssid": "ClickShare-1862736051",
        "oui": "24:B2:B9",
        "channel": 36,
        "encryption": "wpa2",
        "firsttime": "2026-06-29T18:00:00.000Z",
        "lasttime": "2026-08-02T00:00:00.000Z",
        "city": "Graz",
        "region": "Steiermark",
        "country": "AT",
        "road": "Sparkassenplatz",
        "postalcode": "8010"
      }
    },
    {
      "type": "Feature",
      "geometry": {
        "type": "Point",
        "coordinates": [
          2.3464911,
          48.86473465
        ]
      },
      "properties": {
        "netid": "24:B2:B9:F8:E7:0D",
        "ssid": "ClickShare-1862738157",
        "oui": "24:B2:B9",
        "channel": 36,
        "encryption": "wpa2",
        "firsttime": "2026-07-18T14:00:00.000Z",
        "lasttime": "2026-07-18T10:00:00.000Z",
        "city": "Paris",
        "region": "\u00cele-de-France",
        "country": "FR",
        "road": "Rue Tiquetonne",
        "postalcode": "75002"
      }
    },
    {
      "type": "Feature",
      "geometry": {
        "type": "Point",
        "coordinates": [
          -4.36896229,
          56.172966
        ]
      },
      "properties": {
        "netid": "24:B2:B9:F8:E7:8B",
        "ssid": "ClickShare-1862738716",
        "oui": "24:B2:B9",
        "channel": 36,
        "encryption": "wpa2",
        "firsttime": "2026-06-23T14:00:00.000Z",
        "lasttime": "2026-06-23T14:00:00.000Z",
        "city": null,
        "region": "Alba / Scotland",
        "country": "GB",
        "road": "A821",
        "postalcode": "FK8 3UQ"
      }
    },
    {
      "type": "Feature",
      "geometry": {
        "type": "Point",
        "coordinates": [
          -96.08058167,
          41.24900436
        ]
      },
      "properties": {
        "netid": "24:B2:B9:F8:E7:E9",
        "ssid": "ClickShare-Main Area",
        "oui": "24:B2:B9",
        "channel": 36,
        "encryption": "wpa2",
        "firsttime": "2026-04-28T14:00:00.000Z",
        "lasttime": "2026-04-28T18:00:00.000Z",
        "city": "Omaha",
        "region": "NE",
        "country": "US",
        "road": "Pacific Street",
        "postalcode": "68114"
      }
    },
    {
      "type": "Feature",
      "geometry": {
        "type": "Point",
        "coordinates": [
          8.29176617,
          47.44893265
        ]
      },
      "properties": {
        "netid": "24:B2:B9:F8:E8:11",
        "ssid": "ClickShare-SiZi_Baden",
        "oui": "24:B2:B9",
        "channel": 36,
        "encryption": "wpa2",
        "firsttime": "2026-06-26T23:00:00.000Z",
        "lasttime": "2026-06-27T13:00:00.000Z",
        "city": "Baden",
        "region": "Aargau",
        "country": "CH",
        "road": "T\u00e4fernstrasse",
        "postalcode": "5405"
      }
    },
    {
      "type": "Feature",
      "geometry": {
        "type": "Point",
        "coordinates": [
          -119.78308868,
          39.52733612
        ]
      },
      "properties": {
        "netid": "24:B2:B9:F8:E8:5D",
        "ssid": "ClickShare-1889160253",
        "oui": "24:B2:B9",
        "channel": 36,
        "encryption": "wpa2",
        "firsttime": "2026-03-29T20:00:00.000Z",
        "lasttime": "2026-07-24T06:00:00.000Z",
        "city": "Reno",
        "region": "NV",
        "country": "US",
        "road": "East 2nd Street",
        "postalcode": "89595"
      }
    },
    {
      "type": "Feature",
      "geometry": {
        "type": "Point",
        "coordinates": [
          -93.10635376,
          37.27144241
        ]
      },
      "properties": {
        "netid": "24:B2:B9:F8:E8:A5",
        "ssid": "ClickShare-1889160606",
        "oui": "24:B2:B9",
        "channel": 36,
        "encryption": "wpa2",
        "firsttime": "2026-08-06T20:00:00.000Z",
        "lasttime": "2026-08-06T15:00:00.000Z",
        "city": null,
        "region": "MO",
        "country": "US",
        "road": "I 44",
        "postalcode": "65757"
      }
    },
    {
      "type": "Feature",
      "geometry": {
        "type": "Point",
        "coordinates": [
          10.25470543,
          55.23674393
        ]
      },
      "properties": {
        "netid": "24:B2:B9:F8:E8:C9",
        "ssid": "ClickShare-Sirius",
        "oui": "24:B2:B9",
        "channel": 36,
        "encryption": "wpa2",
        "firsttime": "2026-03-05T11:00:00.000Z",
        "lasttime": "2026-05-07T13:00:00.000Z",
        "city": null,
        "region": "Region Syddanmark",
        "country": "DK",
        "road": "B\u00f8gebjergvej",
        "postalcode": "5672"
      }
    },
    {
      "type": "Feature",
      "geometry": {
        "type": "Point",
        "coordinates": [
          -114.07469177,
          51.04863739
        ]
      },
      "properties": {
        "netid": "24:B2:B9:F8:E9:B9",
        "ssid": "ClickShare-1862722834",
        "oui": "24:B2:B9",
        "channel": 36,
        "encryption": "wpa2",
        "firsttime": "2026-03-20T01:00:00.000Z",
        "lasttime": "2026-07-01T13:00:00.000Z",
        "city": "Calgary",
        "region": "Alberta",
        "country": "CA",
        "road": "Plus 15 Skywalk",
        "postalcode": "T2P 0S2"
      }
    },
    {
      "type": "Feature",
      "geometry": {
        "type": "Point",
        "coordinates": [
          2.37025261,
          48.73652649
        ]
      },
      "properties": {
        "netid": "24:B2:B9:F8:EA:49",
        "ssid": "ClickShare-TS",
        "oui": "24:B2:B9",
        "channel": 36,
        "encryption": "wpa2",
        "firsttime": "2026-02-24T16:00:00.000Z",
        "lasttime": "2026-03-08T09:00:00.000Z",
        "city": null,
        "region": "\u00cele-de-France",
        "country": "FR",
        "road": "Rue des \u00c9pices",
        "postalcode": "94310"
      }
    },
    {
      "type": "Feature",
      "geometry": {
        "type": "Point",
        "coordinates": [
          3.72448969,
          51.05033112
        ]
      },
      "properties": {
        "netid": "24:B2:B9:F8:EA:6F",
        "ssid": "ClickShare-1862720560",
        "oui": "24:B2:B9",
        "channel": 36,
        "encryption": "wpa2",
        "firsttime": "2026-05-30T11:00:00.000Z",
        "lasttime": "2026-05-30T06:00:00.000Z",
        "city": null,
        "region": "Oost-Vlaanderen",
        "country": "BE",
        "road": "Kouter",
        "postalcode": "9000"
      }
    },
    {
      "type": "Feature",
      "geometry": {
        "type": "Point",
        "coordinates": [
          11.61624622,
          48.1482811
        ]
      },
      "properties": {
        "netid": "24:B2:B9:F8:EA:93",
        "ssid": "ClickShare-1862738222",
        "oui": "24:B2:B9",
        "channel": 36,
        "encryption": "wpa2",
        "firsttime": "2026-07-08T17:00:00.000Z",
        "lasttime": "2026-07-08T11:00:00.000Z",
        "city": "M\u00fcnchen",
        "region": "Bayern",
        "country": "DE",
        "road": "Richard-Strauss-Stra\u00dfe",
        "postalcode": "81679"
      }
    },
    {
      "type": "Feature",
      "geometry": {
        "type": "Point",
        "coordinates": [
          8.48374939,
          47.39539337
        ]
      },
      "properties": {
        "netid": "24:B2:B9:F8:EB:C5",
        "ssid": "ClickShare-1862719785",
        "oui": "24:B2:B9",
        "channel": 36,
        "encryption": "wpa2",
        "firsttime": "2026-03-26T06:00:00.000Z",
        "lasttime": "2026-08-04T08:00:00.000Z",
        "city": "Z\u00fcrich",
        "region": "Z\u00fcrich",
        "country": "CH",
        "road": "Bernerstrasse S\u00fcd",
        "postalcode": "8064"
      }
    },
    {
      "type": "Feature",
      "geometry": {
        "type": "Point",
        "coordinates": [
          4.3613472,
          50.84553146
        ]
      },
      "properties": {
        "netid": "24:B2:B9:F8:EB:F5",
        "ssid": "ClickShare-Place du Luxembourg ",
        "oui": "24:B2:B9",
        "channel": 36,
        "encryption": "wpa2",
        "firsttime": "2026-05-07T07:00:00.000Z",
        "lasttime": "2026-07-21T16:00:00.000Z",
        "city": "Bruxelles - Brussel",
        "region": "R\u00e9gion de Bruxelles-Capitale - Brussels Hoofdstedelijk Gewest",
        "country": "BE",
        "road": "Rue Montagne du Parc - Warandeberg",
        "postalcode": "1000"
      }
    },
    {
      "type": "Feature",
      "geometry": {
        "type": "Point",
        "coordinates": [
          12.56038284,
          55.67484283
        ]
      },
      "properties": {
        "netid": "24:B2:B9:F8:EC:33",
        "ssid": "Moedelokale6",
        "oui": "24:B2:B9",
        "channel": 36,
        "encryption": "wpa2",
        "firsttime": "2026-07-26T13:00:00.000Z",
        "lasttime": "2026-07-26T07:00:00.000Z",
        "city": "K\u00f8benhavn",
        "region": "Region Hovedstaden",
        "country": "DK",
        "road": "Nyropsgade",
        "postalcode": "1614"
      }
    },
    {
      "type": "Feature",
      "geometry": {
        "type": "Point",
        "coordinates": [
          8.48391533,
          47.395401
        ]
      },
      "properties": {
        "netid": "24:B2:B9:F8:EC:73",
        "ssid": "ClickShare-1862719801",
        "oui": "24:B2:B9",
        "channel": 36,
        "encryption": "wpa2",
        "firsttime": "2026-03-25T14:00:00.000Z",
        "lasttime": "2026-07-01T04:00:00.000Z",
        "city": "Z\u00fcrich",
        "region": "Z\u00fcrich",
        "country": "CH",
        "road": "A1H",
        "postalcode": "8064"
      }
    },
    {
      "type": "Feature",
      "geometry": {
        "type": "Point",
        "coordinates": [
          2.36775947,
          48.84400558
        ]
      },
      "properties": {
        "netid": "24:B2:B9:F8:EC:D1",
        "ssid": "ClickShare - Amelia Earhart",
        "oui": "24:B2:B9",
        "channel": 36,
        "encryption": "wpa2",
        "firsttime": "2026-06-14T15:00:00.000Z",
        "lasttime": "2026-07-23T04:00:00.000Z",
        "city": "Paris",
        "region": "\u00cele-de-France",
        "country": "FR",
        "road": "Place Louis Armand",
        "postalcode": "75012"
      }
    },
    {
      "type": "Feature",
      "geometry": {
        "type": "Point",
        "coordinates": [
          9.82110786,
          46.79499435
        ]
      },
      "properties": {
        "netid": "24:B2:B9:F8:ED:89",
        "ssid": "ClickShare-1862720398",
        "oui": "24:B2:B9",
        "channel": 36,
        "encryption": "wpa2",
        "firsttime": "2026-01-17T19:00:00.000Z",
        "lasttime": "2026-01-17T11:00:00.000Z",
        "city": null,
        "region": "Graub\u00fcnden/Grischun/Grigioni",
        "country": "CH",
        "road": "Promenade",
        "postalcode": "7270"
      }
    },
    {
      "type": "Feature",
      "geometry": {
        "type": "Point",
        "coordinates": [
          -93.27236176,
          44.97433472
        ]
      },
      "properties": {
        "netid": "24:B2:B9:F8:EE:79",
        "ssid": null,
        "oui": "24:B2:B9",
        "channel": 36,
        "encryption": "wpa2",
        "firsttime": "2025-11-04T01:00:00.000Z",
        "lasttime": "2025-11-03T20:00:00.000Z",
        "city": "Minneapolis",
        "region": "MN",
        "country": "US",
        "road": "South 9th Street",
        "postalcode": "55404"
      }
    },
    {
      "type": "Feature",
      "geometry": {
        "type": "Point",
        "coordinates": [
          139.77249146,
          35.69958496
        ]
      },
      "properties": {
        "netid": "24:B2:B9:F8:EE:8D",
        "ssid": "ClickShare-1862738823",
        "oui": "24:B2:B9",
        "channel": 36,
        "encryption": "wpa2",
        "firsttime": "2026-03-11T09:00:00.000Z",
        "lasttime": "2026-03-14T22:00:00.000Z",
        "city": "\u5343\u4ee3\u7530\u533a",
        "region": "\u795e\u7530\u76f8\u751f\u753a",
        "country": "JP",
        "road": null,
        "postalcode": "101-0029"
      }
    },
    {
      "type": "Feature",
      "geometry": {
        "type": "Point",
        "coordinates": [
          -119.75273132,
          39.42942047
        ]
      },
      "properties": {
        "netid": "24:B2:B9:F8:EF:19",
        "ssid": "ClickShare-101",
        "oui": "24:B2:B9",
        "channel": 36,
        "encryption": "wpa2",
        "firsttime": "2026-03-13T19:00:00.000Z",
        "lasttime": "2026-06-30T23:00:00.000Z",
        "city": "Reno",
        "region": "NV",
        "country": "US",
        "road": "Double R Boulevard",
        "postalcode": "89521"
      }
    },
    {
      "type": "Feature",
      "geometry": {
        "type": "Point",
        "coordinates": [
          138.6680603,
          -34.71377563
        ]
      },
      "properties": {
        "netid": "24:B2:B9:F8:EF:69",
        "ssid": "ClickShare-1862723934",
        "oui": "24:B2:B9",
        "channel": 36,
        "encryption": "wpa2",
        "firsttime": "2026-04-24T04:00:00.000Z",
        "lasttime": "2026-05-09T20:00:00.000Z",
        "city": "Adelaide",
        "region": "South Australia",
        "country": "AU",
        "road": "Winterslow Road",
        "postalcode": "5112"
      }
    },
    {
      "type": "Feature",
      "geometry": {
        "type": "Point",
        "coordinates": [
          -63.57569504,
          44.64262772
        ]
      },
      "properties": {
        "netid": "24:B2:B9:F8:EF:C1",
        "ssid": "ClickShare-1862724513",
        "oui": "24:B2:B9",
        "channel": 36,
        "encryption": "wpa2",
        "firsttime": "2026-05-22T14:00:00.000Z",
        "lasttime": "2026-05-22T08:00:00.000Z",
        "city": "Halifax",
        "region": "Nova Scotia",
        "country": "CA",
        "road": "Queen Street",
        "postalcode": "B3J 3T2"
      }
    },
    {
      "type": "Feature",
      "geometry": {
        "type": "Point",
        "coordinates": [
          5.38324356,
          52.15680695
        ]
      },
      "properties": {
        "netid": "24:B2:B9:F8:EF:FF",
        "ssid": "Kamer_1.19",
        "oui": "24:B2:B9",
        "channel": 36,
        "encryption": "wpa2",
        "firsttime": "2026-06-10T07:00:00.000Z",
        "lasttime": "2026-08-04T06:00:00.000Z",
        "city": "Amersfoort",
        "region": "Utrecht",
        "country": "NL",
        "road": "Stadsring",
        "postalcode": "3811HM"
      }
    },
    {
      "type": "Feature",
      "geometry": {
        "type": "Point",
        "coordinates": [
          -85.30780029,
          35.04331207
        ]
      },
      "properties": {
        "netid": "24:B2:B9:F8:F0:4B",
        "ssid": "ClickShare-1889160698",
        "oui": "24:B2:B9",
        "channel": 36,
        "encryption": "wpa2",
        "firsttime": "2026-08-01T23:00:00.000Z",
        "lasttime": "2026-08-01T17:00:00.000Z",
        "city": "Chattanooga",
        "region": "TN",
        "country": "US",
        "road": "East 11th Street",
        "postalcode": "37403"
      }
    },
    {
      "type": "Feature",
      "geometry": {
        "type": "Point",
        "coordinates": [
          -86.2224884,
          43.25161743
        ]
      },
      "properties": {
        "netid": "24:B2:B9:F8:F1:21",
        "ssid": "ClickShare-1889160498",
        "oui": "24:B2:B9",
        "channel": 36,
        "encryption": "wpa2",
        "firsttime": "2026-07-31T16:00:00.000Z",
        "lasttime": "2026-07-31T09:00:00.000Z",
        "city": null,
        "region": "MI",
        "country": "US",
        "road": null,
        "postalcode": "49442"
      }
    },
    {
      "type": "Feature",
      "geometry": {
        "type": "Point",
        "coordinates": [
          -2.60629296,
          53.38875198
        ]
      },
      "properties": {
        "netid": "24:B2:B9:F8:F1:39",
        "ssid": "ClickShare-1862735562",
        "oui": "24:B2:B9",
        "channel": 36,
        "encryption": "wpa2",
        "firsttime": "2026-06-11T18:00:00.000Z",
        "lasttime": "2026-06-11T12:00:00.000Z",
        "city": null,
        "region": "England",
        "country": "GB",
        "road": "Liverpool Road",
        "postalcode": "WA1"
      }
    },
    {
      "type": "Feature",
      "geometry": {
        "type": "Point",
        "coordinates": [
          7.19847631,
          51.61071777
        ]
      },
      "properties": {
        "netid": "24:B2:B9:F8:F1:E3",
        "ssid": "Raum 1.34",
        "oui": "24:B2:B9",
        "channel": 48,
        "encryption": "wpa2",
        "firsttime": "2026-04-12T13:00:00.000Z",
        "lasttime": "2026-04-12T12:00:00.000Z",
        "city": "Recklinghausen",
        "region": "Nordrhein-Westfalen",
        "country": "DE",
        "road": "Auf dem Graben",
        "postalcode": "45657"
      }
    },
    {
      "type": "Feature",
      "geometry": {
        "type": "Point",
        "coordinates": [
          -86.14221191,
          39.78002167
        ]
      },
      "properties": {
        "netid": "24:B2:B9:F8:F2:D1",
        "ssid": "ClickShare-1889160516",
        "oui": "24:B2:B9",
        "channel": 36,
        "encryption": "wpa2",
        "firsttime": "2026-05-27T21:00:00.000Z",
        "lasttime": "2026-07-30T16:00:00.000Z",
        "city": "Indianapolis",
        "region": "IN",
        "country": "US",
        "road": "Bellefontaine Street",
        "postalcode": "46202"
      }
    },
    {
      "type": "Feature",
      "geometry": {
        "type": "Point",
        "coordinates": [
          -91.35459137,
          44.95159531
        ]
      },
      "properties": {
        "netid": "24:B2:B9:F8:F2:EF",
        "ssid": "Chippewa Falls - ClickShare",
        "oui": "24:B2:B9",
        "channel": 36,
        "encryption": "wpa2",
        "firsttime": "2026-05-30T21:00:00.000Z",
        "lasttime": "2026-06-02T07:00:00.000Z",
        "city": null,
        "region": "WI",
        "country": "US",
        "road": "Lakeland Drive",
        "postalcode": "54729"
      }
    },
    {
      "type": "Feature",
      "geometry": {
        "type": "Point",
        "coordinates": [
          -75.70401001,
          45.4177475
        ]
      },
      "properties": {
        "netid": "24:B2:B9:F8:F3:55",
        "ssid": "ClickShare-ENT1106",
        "oui": "24:B2:B9",
        "channel": 36,
        "encryption": "wpa2",
        "firsttime": "2026-07-22T12:00:00.000Z",
        "lasttime": "2026-08-03T20:00:00.000Z",
        "city": "Ottawa",
        "region": "Ontario",
        "country": "CA",
        "road": "Lyon Street North",
        "postalcode": "K1R 5C1"
      }
    },
    {
      "type": "Feature",
      "geometry": {
        "type": "Point",
        "coordinates": [
          174.76730347,
          -36.84476471
        ]
      },
      "properties": {
        "netid": "24:B2:B9:F8:F3:75",
        "ssid": "ClickShare-Te-Rehutai",
        "oui": "24:B2:B9",
        "channel": 48,
        "encryption": "wpa2",
        "firsttime": "2026-05-25T05:00:00.000Z",
        "lasttime": "2026-08-02T23:00:00.000Z",
        "city": "Auckland",
        "region": "Auckland",
        "country": "NZ",
        "road": "Galway Street",
        "postalcode": "1010"
      }
    },
    {
      "type": "Feature",
      "geometry": {
        "type": "Point",
        "coordinates": [
          139.75006104,
          35.64473343
        ]
      },
      "properties": {
        "netid": "24:B2:B9:F8:F3:BB",
        "ssid": "ClickShare-1862724798",
        "oui": "24:B2:B9",
        "channel": 36,
        "encryption": "wpa2",
        "firsttime": "2026-03-17T07:00:00.000Z",
        "lasttime": "2026-03-17T10:00:00.000Z",
        "city": "\u6e2f\u533a",
        "region": "\u829d\u6d66\u4e09\u4e01\u76ee",
        "country": "JP",
        "road": "\u829d\u6d66\u904b\u6cb3\u901a\u308a",
        "postalcode": "5-33-1"
      }
    },
    {
      "type": "Feature",
      "geometry": {
        "type": "Point",
        "coordinates": [
          -63.5708046,
          44.64708328
        ]
      },
      "properties": {
        "netid": "24:B2:B9:F8:F3:BD",
        "ssid": "HEA Board Room",
        "oui": "24:B2:B9",
        "channel": 48,
        "encryption": "wpa2",
        "firsttime": "2026-06-09T15:00:00.000Z",
        "lasttime": "2026-06-14T18:00:00.000Z",
        "city": "Halifax",
        "region": "Nova Scotia",
        "country": "CA",
        "road": "Sackville Landing",
        "postalcode": "B3J 1K1"
      }
    },
    {
      "type": "Feature",
      "geometry": {
        "type": "Point",
        "coordinates": [
          -66.05610657,
          45.2754631
        ]
      },
      "properties": {
        "netid": "24:B2:B9:F8:F4:67",
        "ssid": "ClickShare-1862721310",
        "oui": "24:B2:B9",
        "channel": 36,
        "encryption": "wpa2",
        "firsttime": "2026-05-20T19:00:00.000Z",
        "lasttime": "2026-05-20T12:00:00.000Z",
        "city": "City of Saint John",
        "region": "New Brunswick / Nouveau-Brunswick",
        "country": "CA",
        "road": "Union Street",
        "postalcode": "E2L 1B1"
      }
    },
    {
      "type": "Feature",
      "geometry": {
        "type": "Point",
        "coordinates": [
          139.73944092,
          35.63743973
        ]
      },
      "properties": {
        "netid": "24:B2:B9:F8:F5:13",
        "ssid": "ClickShare-1862723374",
        "oui": "24:B2:B9",
        "channel": 36,
        "encryption": "wpa2",
        "firsttime": "2026-04-07T07:00:00.000Z",
        "lasttime": "2026-04-07T07:00:00.000Z",
        "city": "\u6e2f\u533a",
        "region": "\u9ad8\u8f2a\u4e8c\u4e01\u76ee",
        "country": "JP",
        "road": "\u7b2c\u4e00\u4eac\u6d5c",
        "postalcode": "108-8611"
      }
    },
    {
      "type": "Feature",
      "geometry": {
        "type": "Point",
        "coordinates": [
          -79.65713501,
          43.71452332
        ]
      },
      "properties": {
        "netid": "24:B2:B9:F8:F5:31",
        "ssid": "ClickShare- Evelyn Place",
        "oui": "24:B2:B9",
        "channel": 149,
        "encryption": "wpa2",
        "firsttime": "2026-05-20T20:00:00.000Z",
        "lasttime": "2026-05-20T22:00:00.000Z",
        "city": "Mississauga",
        "region": "Ontario",
        "country": "CA",
        "road": "Airport Road",
        "postalcode": "L4T 0A4"
      }
    },
    {
      "type": "Feature",
      "geometry": {
        "type": "Point",
        "coordinates": [
          139.71287537,
          35.68105316
        ]
      },
      "properties": {
        "netid": "24:B2:B9:F8:F5:71",
        "ssid": "ClickShare-4F-Vice Chair Office",
        "oui": "24:B2:B9",
        "channel": 48,
        "encryption": "wpa2",
        "firsttime": "2026-04-05T14:00:00.000Z",
        "lasttime": "2026-04-05T08:00:00.000Z",
        "city": "\u6e0b\u8c37\u533a",
        "region": "\u5343\u99c4\u30f6\u8c37\u4e00\u4e01\u76ee",
        "country": "JP",
        "road": null,
        "postalcode": "160-0015"
      }
    },
    {
      "type": "Feature",
      "geometry": {
        "type": "Point",
        "coordinates": [
          -122.30939484,
          49.03538895
        ]
      },
      "properties": {
        "netid": "24:B2:B9:F8:F5:BD",
        "ssid": "ClickShare-1862723007",
        "oui": "24:B2:B9",
        "channel": 36,
        "encryption": "wep",
        "firsttime": "2026-07-08T22:00:00.000Z",
        "lasttime": "2026-07-12T22:00:00.000Z",
        "city": "Abbotsford",
        "region": "British Columbia",
        "country": "CA",
        "road": "Trans-Canada Highway",
        "postalcode": "V2T 4H7"
      }
    },
    {
      "type": "Feature",
      "geometry": {
        "type": "Point",
        "coordinates": [
          2.34480762,
          48.86095047
        ]
      },
      "properties": {
        "netid": "24:B2:B9:F8:F6:29",
        "ssid": null,
        "oui": "24:B2:B9",
        "channel": 36,
        "encryption": "wpa2",
        "firsttime": "2026-03-13T07:00:00.000Z",
        "lasttime": "2026-03-13T00:00:00.000Z",
        "city": "Paris",
        "region": "\u00cele-de-France",
        "country": "FR",
        "road": "Rue du Pont Neuf",
        "postalcode": "75001"
      }
    },
    {
      "type": "Feature",
      "geometry": {
        "type": "Point",
        "coordinates": [
          6.16756964,
          49.63380051
        ]
      },
      "properties": {
        "netid": "24:B2:B9:F8:F6:49",
        "ssid": "ClickShare-Salle 0.5",
        "oui": "24:B2:B9",
        "channel": 36,
        "encryption": "wpa2",
        "firsttime": "2026-06-11T10:00:00.000Z",
        "lasttime": "2026-06-11T05:00:00.000Z",
        "city": "Luxembourg",
        "region": "Canton Luxembourg",
        "country": "LU",
        "road": "Rue Alphonse Weicker",
        "postalcode": "1639"
      }
    },
    {
      "type": "Feature",
      "geometry": {
        "type": "Point",
        "coordinates": [
          114.16542816,
          22.28337097
        ]
      },
      "properties": {
        "netid": "24:B2:B9:F8:F6:81",
        "ssid": "ClickShare-CR3",
        "oui": "24:B2:B9",
        "channel": 36,
        "encryption": "wpa2",
        "firsttime": "2026-02-07T09:00:00.000Z",
        "lasttime": "2026-02-13T05:00:00.000Z",
        "city": "\u9999\u6e2f\u5cf6 Hong Kong Island",
        "region": "\u9999\u6e2f Hong Kong",
        "country": "CN",
        "road": null,
        "postalcode": null
      }
    },
    {
      "type": "Feature",
      "geometry": {
        "type": "Point",
        "coordinates": [
          144.95629883,
          -37.81639099
        ]
      },
      "properties": {
        "netid": "24:B2:B9:F8:F6:85",
        "ssid": "ClickShare-DoveLake",
        "oui": "24:B2:B9",
        "channel": 36,
        "encryption": "wpa2",
        "firsttime": "2026-06-08T19:00:00.000Z",
        "lasttime": "2026-06-16T16:00:00.000Z",
        "city": "Melbourne",
        "region": "Victoria",
        "country": "AU",
        "road": "Bourke Street",
        "postalcode": "3000"
      }
    },
    {
      "type": "Feature",
      "geometry": {
        "type": "Point",
        "coordinates": [
          139.71270752,
          35.68122482
        ]
      },
      "properties": {
        "netid": "24:B2:B9:F8:F7:97",
        "ssid": "ClickShare-1F-Conference 101",
        "oui": "24:B2:B9",
        "channel": 36,
        "encryption": "wpa2",
        "firsttime": "2026-02-03T04:00:00.000Z",
        "lasttime": "2026-02-02T20:00:00.000Z",
        "city": "\u65b0\u5bbf\u533a",
        "region": "\u5927\u4eac\u753a",
        "country": "JP",
        "road": null,
        "postalcode": "160-0015"
      }
    },
    {
      "type": "Feature",
      "geometry": {
        "type": "Point",
        "coordinates": [
          135.7616272,
          35.00371552
        ]
      },
      "properties": {
        "netid": "24:B2:B9:F8:F7:F9",
        "ssid": "ClickShare-1862723476",
        "oui": "24:B2:B9",
        "channel": 36,
        "encryption": "wpa2",
        "firsttime": "2026-03-05T07:00:00.000Z",
        "lasttime": "2026-04-27T02:00:00.000Z",
        "city": "\u4eac\u90fd\u5e02",
        "region": "\u4eac\u90fd\u5e9c",
        "country": "JP",
        "road": "\u56db\u6761\u901a;\u4eac\u90fd\u5e02\u9053186\u53f7\u5d50\u5c71\u7947\u5712\u7dda",
        "postalcode": "600-8006"
      }
    },
    {
      "type": "Feature",
      "geometry": {
        "type": "Point",
        "coordinates": [
          139.78320312,
          35.67815399
        ]
      },
      "properties": {
        "netid": "24:B2:B9:F8:F8:13",
        "ssid": "ClickShare-1862723468",
        "oui": "24:B2:B9",
        "channel": 44,
        "encryption": "wpa2",
        "firsttime": "2026-06-06T07:00:00.000Z",
        "lasttime": "2026-06-06T00:00:00.000Z",
        "city": "\u4e2d\u592e\u533a",
        "region": "\u65b0\u5ddd\u4e00\u4e01\u76ee",
        "country": "JP",
        "road": "\u6c38\u4ee3\u901a\u308a",
        "postalcode": "103-0016"
      }
    },
    {
      "type": "Feature",
      "geometry": {
        "type": "Point",
        "coordinates": [
          -86.1052475,
          39.91960907
        ]
      },
      "properties": {
        "netid": "24:B2:B9:F8:F9:31",
        "ssid": "Tyler Clickshare",
        "oui": "24:B2:B9",
        "channel": 36,
        "encryption": "wpa2",
        "firsttime": "2026-04-10T00:00:00.000Z",
        "lasttime": "2026-04-09T19:00:00.000Z",
        "city": "Indianapolis",
        "region": "IN",
        "country": "US",
        "road": "I 465",
        "postalcode": "46240"
      }
    },
    {
      "type": "Feature",
      "geometry": {
        "type": "Point",
        "coordinates": [
          14.28441715,
          48.30891037
        ]
      },
      "properties": {
        "netid": "24:B2:B9:F8:F9:BB",
        "ssid": "ClickShare-Raum-2008",
        "oui": "24:B2:B9",
        "channel": 36,
        "encryption": "wpa2",
        "firsttime": "2026-05-16T15:00:00.000Z",
        "lasttime": "2026-05-16T09:00:00.000Z",
        "city": "Linz",
        "region": "Ober\u00f6sterreich",
        "country": "AT",
        "road": "Hauptplatz",
        "postalcode": "4020"
      }
    },
    {
      "type": "Feature",
      "geometry": {
        "type": "Point",
        "coordinates": [
          139.75048828,
          35.64472198
        ]
      },
      "properties": {
        "netid": "24:B2:B9:F8:F9:E3",
        "ssid": "ClickShare-1862724795",
        "oui": "24:B2:B9",
        "channel": 36,
        "encryption": "wpa2",
        "firsttime": "2026-03-17T07:00:00.000Z",
        "lasttime": "2026-03-17T10:00:00.000Z",
        "city": "\u6e2f\u533a",
        "region": "\u829d\u6d66\u4e09\u4e01\u76ee",
        "country": "JP",
        "road": "\u829d\u6d66\u904b\u6cb3\u901a\u308a",
        "postalcode": "5-33-1"
      }
    },
    {
      "type": "Feature",
      "geometry": {
        "type": "Point",
        "coordinates": [
          14.69846821,
          55.10129547
        ]
      },
      "properties": {
        "netid": "24:B2:B9:F8:FA:1D",
        "ssid": "ClickShare-1862720600",
        "oui": "24:B2:B9",
        "channel": 36,
        "encryption": "wpa2",
        "firsttime": "2026-08-03T15:00:00.000Z",
        "lasttime": "2026-08-03T10:00:00.000Z",
        "city": null,
        "region": "Region Hovedstaden",
        "country": "DK",
        "road": "Snellemark",
        "postalcode": "3700"
      }
    },
    {
      "type": "Feature",
      "geometry": {
        "type": "Point",
        "coordinates": [
          2.34461904,
          48.86165619
        ]
      },
      "properties": {
        "netid": "24:B2:B9:F8:FA:6B",
        "ssid": null,
        "oui": "24:B2:B9",
        "channel": 36,
        "encryption": "wpa2",
        "firsttime": "2026-06-29T06:00:00.000Z",
        "lasttime": "2026-06-29T02:00:00.000Z",
        "city": "Paris",
        "region": "\u00cele-de-France",
        "country": "FR",
        "road": "Rue Berger",
        "postalcode": "75001"
      }
    },
    {
      "type": "Feature",
      "geometry": {
        "type": "Point",
        "coordinates": [
          -84.13313293,
          9.93656254
        ]
      },
      "properties": {
        "netid": "24:B2:B9:F8:FA:A3",
        "ssid": "ClickShare-CdC",
        "oui": "24:B2:B9",
        "channel": 36,
        "encryption": "wpa2",
        "firsttime": "2026-07-30T22:00:00.000Z",
        "lasttime": "2026-07-30T16:00:00.000Z",
        "city": null,
        "region": "Provincia San Jos\u00e9",
        "country": "CR",
        "road": "Autopista Pr\u00f3spero Fern\u00e1ndez",
        "postalcode": "10203"
      }
    },
    {
      "type": "Feature",
      "geometry": {
        "type": "Point",
        "coordinates": [
          -73.56328583,
          45.60852051
        ]
      },
      "properties": {
        "netid": "24:B2:B9:F8:FB:25",
        "ssid": "ClickShare-1862721843",
        "oui": "24:B2:B9",
        "channel": 36,
        "encryption": "wpa2",
        "firsttime": "2026-04-30T20:00:00.000Z",
        "lasttime": "2026-07-09T06:00:00.000Z",
        "city": "Montr\u00e9al",
        "region": "Qu\u00e9bec",
        "country": "CA",
        "road": "Boulevard M\u00e9tropolitain",
        "postalcode": "H1K 1A3"
      }
    },
    {
      "type": "Feature",
      "geometry": {
        "type": "Point",
        "coordinates": [
          -121.88820648,
          37.41697311
        ]
      },
      "properties": {
        "netid": "24:B2:B9:F8:FB:DD",
        "ssid": "ClickShare-Design Library",
        "oui": "24:B2:B9",
        "channel": 36,
        "encryption": "wpa2",
        "firsttime": "2026-07-04T02:00:00.000Z",
        "lasttime": "2026-07-03T20:00:00.000Z",
        "city": "Milpitas",
        "region": "CA",
        "country": "US",
        "road": "South Milpitas Boulevard",
        "postalcode": "95035-6911"
      }
    },
    {
      "type": "Feature",
      "geometry": {
        "type": "Point",
        "coordinates": [
          8.85559654,
          47.39652634
        ]
      },
      "properties": {
        "netid": "24:B2:B9:F8:FC:A7",
        "ssid": "ClickShare-1862721133",
        "oui": "24:B2:B9",
        "channel": 36,
        "encryption": "wpa2",
        "firsttime": "2026-07-31T09:00:00.000Z",
        "lasttime": "2026-07-31T03:00:00.000Z",
        "city": null,
        "region": "Z\u00fcrich",
        "country": "CH",
        "road": "Auwisstrasse",
        "postalcode": "8493"
      }
    },
    {
      "type": "Feature",
      "geometry": {
        "type": "Point",
        "coordinates": [
          -66.64433289,
          45.96230698
        ]
      },
      "properties": {
        "netid": "24:B2:B9:F8:FD:1D",
        "ssid": "ClickShare-1862721326",
        "oui": "24:B2:B9",
        "channel": 36,
        "encryption": "wpa2",
        "firsttime": "2026-08-01T18:00:00.000Z",
        "lasttime": "2026-08-01T12:00:00.000Z",
        "city": null,
        "region": "New Brunswick / Nouveau-Brunswick",
        "country": "CA",
        "road": "York Street",
        "postalcode": "E3B 3N4"
      }
    },
    {
      "type": "Feature",
      "geometry": {
        "type": "Point",
        "coordinates": [
          -80.31221771,
          43.35988617
        ]
      },
      "properties": {
        "netid": "24:B2:B9:F8:FD:2B",
        "ssid": "ClickShare-1862722359",
        "oui": "24:B2:B9",
        "channel": 36,
        "encryption": "wpa2",
        "firsttime": "2026-07-28T20:00:00.000Z",
        "lasttime": "2026-07-28T14:00:00.000Z",
        "city": "Cambridge",
        "region": "Ontario",
        "country": "CA",
        "road": "Dickson Street",
        "postalcode": "N1R 3B0"
      }
    },
    {
      "type": "Feature",
      "geometry": {
        "type": "Point",
        "coordinates": [
          -75.63253021,
          45.42057037
        ]
      },
      "properties": {
        "netid": "24:B2:B9:F8:FD:8F",
        "ssid": "ClickShare-1862722921",
        "oui": "24:B2:B9",
        "channel": 36,
        "encryption": "wpa2",
        "firsttime": "2026-04-11T19:00:00.000Z",
        "lasttime": "2026-08-07T18:00:00.000Z",
        "city": "Ottawa",
        "region": "Ontario",
        "country": "CA",
        "road": "Highway 417",
        "postalcode": "K1J 1A1"
      }
    },
    {
      "type": "Feature",
      "geometry": {
        "type": "Point",
        "coordinates": [
          -99.20402527,
          19.42864227
        ]
      },
      "properties": {
        "netid": "24:B2:B9:F8:FD:DD",
        "ssid": "ClickShare-1862722580",
        "oui": "24:B2:B9",
        "channel": 36,
        "encryption": "wpa2",
        "firsttime": "2026-07-07T00:00:00.000Z",
        "lasttime": "2026-07-06T21:00:00.000Z",
        "city": "Ciudad de M\u00e9xico",
        "region": "Colonia Palmitas",
        "country": "MX",
        "road": "Autopista Urbana Norte",
        "postalcode": "11530"
      }
    },
    {
      "type": "Feature",
      "geometry": {
        "type": "Point",
        "coordinates": [
          -82.79977417,
          36.70986938
        ]
      },
      "properties": {
        "netid": "24:B2:B9:F8:FE:4D",
        "ssid": "ClickShare-1863094247",
        "oui": "24:B2:B9",
        "channel": 36,
        "encryption": "wpa2",
        "firsttime": "2026-06-09T11:00:00.000Z",
        "lasttime": "2026-07-24T07:00:00.000Z",
        "city": null,
        "region": "VA",
        "country": "US",
        "road": "Duff-Patt Road",
        "postalcode": "24244"
      }
    },
    {
      "type": "Feature",
      "geometry": {
        "type": "Point",
        "coordinates": [
          8.4837513,
          47.39542007
        ]
      },
      "properties": {
        "netid": "24:B2:B9:F8:FF:67",
        "ssid": "ClickShare-Omega Blau",
        "oui": "24:B2:B9",
        "channel": 36,
        "encryption": "wpa2",
        "firsttime": "2026-03-25T14:00:00.000Z",
        "lasttime": "2026-08-04T08:00:00.000Z",
        "city": "Z\u00fcrich",
        "region": "Z\u00fcrich",
        "country": "CH",
        "road": "A1H",
        "postalcode": "8064"
      }
    },
    {
      "type": "Feature",
      "geometry": {
        "type": "Point",
        "coordinates": [
          2.30231142,
          48.87140274
        ]
      },
      "properties": {
        "netid": "24:B2:B9:F8:FF:E9",
        "ssid": "103CE",
        "oui": "24:B2:B9",
        "channel": 36,
        "encryption": "wpa2",
        "firsttime": "2026-03-18T12:00:00.000Z",
        "lasttime": "2026-05-31T04:00:00.000Z",
        "city": "Paris",
        "region": "\u00cele-de-France",
        "country": "FR",
        "road": "Avenue des Champs-\u00c9lys\u00e9es",
        "postalcode": "75008"
      }
    },
    {
      "type": "Feature",
      "geometry": {
        "type": "Point",
        "coordinates": [
          2.30274725,
          48.87155914
        ]
      },
      "properties": {
        "netid": "24:B2:B9:F8:FF:EB",
        "ssid": "Welness ",
        "oui": "24:B2:B9",
        "channel": 36,
        "encryption": "wpa2",
        "firsttime": "2026-03-18T12:00:00.000Z",
        "lasttime": "2026-05-22T11:00:00.000Z",
        "city": "Paris",
        "region": "\u00cele-de-France",
        "country": "FR",
        "road": "Promenade des Champs-\u00c9lys\u00e9es",
        "postalcode": "75008"
      }
    },
    {
      "type": "Feature",
      "geometry": {
        "type": "Point",
        "coordinates": [
          2.36503458,
          48.91848373
        ]
      },
      "properties": {
        "netid": "24:B2:B9:F9:00:5B",
        "ssid": "ClickShare-1862720638",
        "oui": "24:B2:B9",
        "channel": 36,
        "encryption": "wpa2",
        "firsttime": "2026-05-25T07:00:00.000Z",
        "lasttime": "2026-05-25T00:00:00.000Z",
        "city": "Saint-Denis",
        "region": "\u00cele-de-France",
        "country": "FR",
        "road": "Mail de la Petite Espagne",
        "postalcode": "93210"
      }
    },
    {
      "type": "Feature",
      "geometry": {
        "type": "Point",
        "coordinates": [
          12.57515621,
          55.67189789
        ]
      },
      "properties": {
        "netid": "24:B2:B9:F9:00:63",
        "ssid": "ClickShare - Stort m\u00f8delokale",
        "oui": "24:B2:B9",
        "channel": 36,
        "encryption": "wpa2",
        "firsttime": "2026-04-29T14:00:00.000Z",
        "lasttime": "2026-06-03T10:00:00.000Z",
        "city": "K\u00f8benhavn",
        "region": "Region Hovedstaden",
        "country": "DK",
        "road": "H.C. Andersens Boulevard",
        "postalcode": "1553"
      }
    },
    {
      "type": "Feature",
      "geometry": {
        "type": "Point",
        "coordinates": [
          4.36151123,
          50.84555054
        ]
      },
      "properties": {
        "netid": "24:B2:B9:F9:00:A9",
        "ssid": "ClickShare-CRR W1700 017",
        "oui": "24:B2:B9",
        "channel": 36,
        "encryption": "wpa2",
        "firsttime": "2026-05-07T07:00:00.000Z",
        "lasttime": "2026-07-21T16:00:00.000Z",
        "city": "Bruxelles - Brussel",
        "region": "R\u00e9gion de Bruxelles-Capitale - Brussels Hoofdstedelijk Gewest",
        "country": "BE",
        "road": "Rue Montagne du Parc - Warandeberg",
        "postalcode": "1000"
      }
    },
    {
      "type": "Feature",
      "geometry": {
        "type": "Point",
        "coordinates": [
          6.85043478,
          49.25341415
        ]
      },
      "properties": {
        "netid": "24:B2:B9:F9:01:25",
        "ssid": "Besprechungsraum 527/538",
        "oui": "24:B2:B9",
        "channel": 36,
        "encryption": "wpa2",
        "firsttime": "2026-03-04T17:00:00.000Z",
        "lasttime": "2026-03-04T10:00:00.000Z",
        "city": null,
        "region": "Saarland",
        "country": "DE",
        "road": "S\u00fcdtangente",
        "postalcode": "66333"
      }
    },
    {
      "type": "Feature",
      "geometry": {
        "type": "Point",
        "coordinates": [
          2.30235672,
          48.87112808
        ]
      },
      "properties": {
        "netid": "24:B2:B9:F9:01:2D",
        "ssid": "Retail ",
        "oui": "24:B2:B9",
        "channel": 36,
        "encryption": "wpa2",
        "firsttime": "2026-03-18T12:00:00.000Z",
        "lasttime": "2026-05-31T04:00:00.000Z",
        "city": "Paris",
        "region": "\u00cele-de-France",
        "country": "FR",
        "road": "Rue Quentin Bauchart",
        "postalcode": "75008"
      }
    },
    {
      "type": "Feature",
      "geometry": {
        "type": "Point",
        "coordinates": [
          5.29090691,
          51.69052505
        ]
      },
      "properties": {
        "netid": "24:B2:B9:F9:01:2F",
        "ssid": "ClickShare-Ontmoetingsruimte",
        "oui": "24:B2:B9",
        "channel": 36,
        "encryption": "wpa2",
        "firsttime": "2026-06-18T09:00:00.000Z",
        "lasttime": "2026-06-18T03:00:00.000Z",
        "city": "'s-Hertogenbosch",
        "region": "Noord-Brabant",
        "country": "NL",
        "road": "Het Rechte Pad",
        "postalcode": "5223DS"
      }
    },
    {
      "type": "Feature",
      "geometry": {
        "type": "Point",
        "coordinates": [
          4.37071705,
          50.84373093
        ]
      },
      "properties": {
        "netid": "24:B2:B9:F9:03:87",
        "ssid": "ClickShare-1862720930",
        "oui": "24:B2:B9",
        "channel": 36,
        "encryption": "wpa2",
        "firsttime": "2026-03-03T02:00:00.000Z",
        "lasttime": "2026-03-07T16:00:00.000Z",
        "city": "Bruxelles - Brussel",
        "region": "R\u00e9gion de Bruxelles-Capitale - Brussels Hoofdstedelijk Gewest",
        "country": "BE",
        "road": "Rue de l'Industrie - Nijverheidsstraat",
        "postalcode": "1000"
      }
    },
    {
      "type": "Feature",
      "geometry": {
        "type": "Point",
        "coordinates": [
          -73.87028503,
          45.66684341
        ]
      },
      "properties": {
        "netid": "24:B2:B9:F9:03:FF",
        "ssid": "ClickShare-1862722982",
        "oui": "24:B2:B9",
        "channel": 36,
        "encryption": "wpa2",
        "firsttime": "2026-07-03T12:00:00.000Z",
        "lasttime": "2026-07-03T13:00:00.000Z",
        "city": null,
        "region": "Qu\u00e9bec",
        "country": "CA",
        "road": "Boulevard Cur\u00e9-Labelle",
        "postalcode": "J7C 5M3"
      }
    },
    {
      "type": "Feature",
      "geometry": {
        "type": "Point",
        "coordinates": [
          -4.26199818,
          55.86444473
        ]
      },
      "properties": {
        "netid": "24:B2:B9:F9:05:9F",
        "ssid": "wbg-cs-cf",
        "oui": "24:B2:B9",
        "channel": 36,
        "encryption": "wpa2",
        "firsttime": "2025-11-17T08:00:00.000Z",
        "lasttime": "2025-11-17T01:00:00.000Z",
        "city": "Glasgow",
        "region": "Alba / Scotland",
        "country": "GB",
        "road": "Blythswood Street",
        "postalcode": "G2 3EQ"
      }
    },
    {
      "type": "Feature",
      "geometry": {
        "type": "Point",
        "coordinates": [
          5.91613007,
          51.97561646
        ]
      },
      "properties": {
        "netid": "24:B2:B9:F9:07:07",
        "ssid": "ClickShare-1862724822",
        "oui": "24:B2:B9",
        "channel": 36,
        "encryption": "wpa2",
        "firsttime": "2026-01-04T00:00:00.000Z",
        "lasttime": "2026-07-10T06:00:00.000Z",
        "city": "Arnhem",
        "region": "Gelderland",
        "country": "NL",
        "road": "Westervoortsedijk",
        "postalcode": "6827AS"
      }
    },
    {
      "type": "Feature",
      "geometry": {
        "type": "Point",
        "coordinates": [
          1.59659278,
          50.72248077
        ]
      },
      "properties": {
        "netid": "24:B2:B9:F9:07:CD",
        "ssid": "ClickShare-1862720000",
        "oui": "24:B2:B9",
        "channel": 36,
        "encryption": "wpa2",
        "firsttime": "2026-07-27T07:00:00.000Z",
        "lasttime": "2026-07-27T04:00:00.000Z",
        "city": "Boulogne-sur-Mer",
        "region": "Hauts-de-France",
        "country": "FR",
        "road": "Boulevard du Bassin Napol\u00e9on",
        "postalcode": "62200"
      }
    },
    {
      "type": "Feature",
      "geometry": {
        "type": "Point",
        "coordinates": [
          114.1864624,
          22.27965736
        ]
      },
      "properties": {
        "netid": "24:B2:B9:F9:08:11",
        "ssid": "ClickShare-1877000221",
        "oui": "24:B2:B9",
        "channel": 36,
        "encryption": "wpa2",
        "firsttime": "2026-07-14T12:00:00.000Z",
        "lasttime": "2026-07-16T21:00:00.000Z",
        "city": "\u9999\u6e2f\u5cf6 Hong Kong Island",
        "region": "\u9999\u6e2f Hong Kong",
        "country": "CN",
        "road": "\u5713\u5f62\u5929\u6a4b Circular Bridge",
        "postalcode": null
      }
    },
    {
      "type": "Feature",
      "geometry": {
        "type": "Point",
        "coordinates": [
          -123.12497711,
          49.28889465
        ]
      },
      "properties": {
        "netid": "24:B2:B9:F9:08:7D",
        "ssid": "ClickShare-1862723121",
        "oui": "24:B2:B9",
        "channel": 36,
        "encryption": "wpa2",
        "firsttime": "2026-04-26T22:00:00.000Z",
        "lasttime": "2026-07-22T13:00:00.000Z",
        "city": "Vancouver",
        "region": "British Columbia",
        "country": "CA",
        "road": "West Pender Street",
        "postalcode": null
      }
    },
    {
      "type": "Feature",
      "geometry": {
        "type": "Point",
        "coordinates": [
          7.19856215,
          51.61139679
        ]
      },
      "properties": {
        "netid": "24:B2:B9:F9:08:87",
        "ssid": "Raum 0.12",
        "oui": "24:B2:B9",
        "channel": 40,
        "encryption": "wpa2",
        "firsttime": "2026-04-12T13:00:00.000Z",
        "lasttime": "2026-04-12T12:00:00.000Z",
        "city": "Recklinghausen",
        "region": "Nordrhein-Westfalen",
        "country": "DE",
        "road": "Auf dem Graben",
        "postalcode": "45657"
      }
    },
    {
      "type": "Feature",
      "geometry": {
        "type": "Point",
        "coordinates": [
          8.48442364,
          47.39524841
        ]
      },
      "properties": {
        "netid": "24:B2:B9:F9:08:CD",
        "ssid": null,
        "oui": "24:B2:B9",
        "channel": 36,
        "encryption": "wpa2",
        "firsttime": "2026-04-10T14:00:00.000Z",
        "lasttime": "2026-08-05T08:00:00.000Z",
        "city": "Z\u00fcrich",
        "region": "Z\u00fcrich",
        "country": "CH",
        "road": "A1H",
        "postalcode": "8064"
      }
    },
    {
      "type": "Feature",
      "geometry": {
        "type": "Point",
        "coordinates": [
          3.72457004,
          51.05033493
        ]
      },
      "properties": {
        "netid": "24:B2:B9:F9:09:3D",
        "ssid": "ClickShare-1862719980",
        "oui": "24:B2:B9",
        "channel": 36,
        "encryption": "wpa2",
        "firsttime": "2026-05-30T11:00:00.000Z",
        "lasttime": "2026-05-30T06:00:00.000Z",
        "city": null,
        "region": "Oost-Vlaanderen",
        "country": "BE",
        "road": "Kouter",
        "postalcode": "9000"
      }
    },
    {
      "type": "Feature",
      "geometry": {
        "type": "Point",
        "coordinates": [
          2.31233215,
          48.87757111
        ]
      },
      "properties": {
        "netid": "24:B2:B9:F9:0A:E7",
        "ssid": "ClickShare-BUREAU.AMINATA",
        "oui": "24:B2:B9",
        "channel": 36,
        "encryption": "wpa2",
        "firsttime": "2026-07-08T19:00:00.000Z",
        "lasttime": "2026-07-08T23:00:00.000Z",
        "city": "Paris",
        "region": "\u00cele-de-France",
        "country": "FR",
        "road": "Rue de Lisbonne",
        "postalcode": "75008"
      }
    },
    {
      "type": "Feature",
      "geometry": {
        "type": "Point",
        "coordinates": [
          0.11770114,
          51.41833878
        ]
      },
      "properties": {
        "netid": "24:B2:B9:F9:0B:2D",
        "ssid": "MR2 Clickshare",
        "oui": "24:B2:B9",
        "channel": 36,
        "encryption": "wpa2",
        "firsttime": "2026-03-03T13:00:00.000Z",
        "lasttime": "2026-07-26T03:00:00.000Z",
        "city": "London",
        "region": "England",
        "country": "GB",
        "road": "Cray Road",
        "postalcode": "DA14 5BY"
      }
    },
    {
      "type": "Feature",
      "geometry": {
        "type": "Point",
        "coordinates": [
          8.4551096,
          47.39894104
        ]
      },
      "properties": {
        "netid": "24:B2:B9:F9:0B:9D",
        "ssid": "ClickShare-1862720179",
        "oui": "24:B2:B9",
        "channel": 36,
        "encryption": "wpa2",
        "firsttime": "2026-06-03T18:00:00.000Z",
        "lasttime": "2026-07-22T04:00:00.000Z",
        "city": null,
        "region": "Z\u00fcrich",
        "country": "CH",
        "road": "Wagistrasse",
        "postalcode": "8952"
      }
    },
    {
      "type": "Feature",
      "geometry": {
        "type": "Point",
        "coordinates": [
          -80.49723053,
          43.45085526
        ]
      },
      "properties": {
        "netid": "24:B2:B9:F9:0B:B7",
        "ssid": "ClickShare-Community",
        "oui": "24:B2:B9",
        "channel": 36,
        "encryption": "wpa2",
        "firsttime": "2026-07-12T22:00:00.000Z",
        "lasttime": "2026-08-03T10:00:00.000Z",
        "city": "Kitchener",
        "region": "Ontario",
        "country": "CA",
        "road": "Charles Street West",
        "postalcode": "N2G 1H6"
      }
    },
    {
      "type": "Feature",
      "geometry": {
        "type": "Point",
        "coordinates": [
          -75.57125854,
          6.20599508
        ]
      },
      "properties": {
        "netid": "24:B2:B9:F9:0B:C3",
        "ssid": "ClickShare-1862722755",
        "oui": "24:B2:B9",
        "channel": 36,
        "encryption": "wpa2",
        "firsttime": "2026-05-20T17:00:00.000Z",
        "lasttime": "2026-05-30T10:00:00.000Z",
        "city": "Medell\u00edn",
        "region": "Antioquia",
        "country": "CO",
        "road": "Calle 7",
        "postalcode": "0500"
      }
    },
    {
      "type": "Feature",
      "geometry": {
        "type": "Point",
        "coordinates": [
          1.09008551,
          49.43567276
        ]
      },
      "properties": {
        "netid": "24:B2:B9:F9:0B:CF",
        "ssid": "ClickShare-2A-DDTM",
        "oui": "24:B2:B9",
        "channel": 36,
        "encryption": "wpa2",
        "firsttime": "2026-05-13T15:00:00.000Z",
        "lasttime": "2026-07-13T07:00:00.000Z",
        "city": "Rouen",
        "region": "Normandie",
        "country": "FR",
        "road": "Rue Saint-Sever",
        "postalcode": "76100"
      }
    },
    {
      "type": "Feature",
      "geometry": {
        "type": "Point",
        "coordinates": [
          8.34135723,
          47.27384949
        ]
      },
      "properties": {
        "netid": "24:B2:B9:F9:0E:03",
        "ssid": "JWK-Treuhand",
        "oui": "24:B2:B9",
        "channel": 36,
        "encryption": "wpa2",
        "firsttime": "2026-05-11T15:00:00.000Z",
        "lasttime": "2026-05-23T04:00:00.000Z",
        "city": "Muri",
        "region": "Aargau",
        "country": "CH",
        "road": "Aarauerstrasse",
        "postalcode": "5630"
      }
    },
    {
      "type": "Feature",
      "geometry": {
        "type": "Point",
        "coordinates": [
          -81.82308197,
          41.38261414
        ]
      },
      "properties": {
        "netid": "24:B2:B9:F9:0E:5F",
        "ssid": "ClickShare-1863092951",
        "oui": "24:B2:B9",
        "channel": 36,
        "encryption": "wpa2",
        "firsttime": "2026-06-23T13:00:00.000Z",
        "lasttime": "2026-06-23T14:00:00.000Z",
        "city": "Middleburg Heights",
        "region": "OH",
        "country": "US",
        "road": "Engle Road",
        "postalcode": "44130"
      }
    },
    {
      "type": "Feature",
      "geometry": {
        "type": "Point",
        "coordinates": [
          1.09005582,
          49.43560791
        ]
      },
      "properties": {
        "netid": "24:B2:B9:F9:10:75",
        "ssid": "ClickShare-4A-DDTM",
        "oui": "24:B2:B9",
        "channel": 36,
        "encryption": "wpa2",
        "firsttime": "2026-05-31T18:00:00.000Z",
        "lasttime": "2026-07-13T07:00:00.000Z",
        "city": "Rouen",
        "region": "Normandie",
        "country": "FR",
        "road": "Rue Saint-Sever",
        "postalcode": "76100"
      }
    },
    {
      "type": "Feature",
      "geometry": {
        "type": "Point",
        "coordinates": [
          -79.29473114,
          43.71857834
        ]
      },
      "properties": {
        "netid": "24:B2:B9:F9:11:A9",
        "ssid": "ClickShare-1862722368",
        "oui": "24:B2:B9",
        "channel": 36,
        "encryption": "wpa2",
        "firsttime": "2026-05-08T02:00:00.000Z",
        "lasttime": "2026-05-08T06:00:00.000Z",
        "city": "Toronto",
        "region": "Ontario",
        "country": "CA",
        "road": "Pharmacy Avenue",
        "postalcode": "M1L 1V6"
      }
    },
    {
      "type": "Feature",
      "geometry": {
        "type": "Point",
        "coordinates": [
          2.37361717,
          48.84487534
        ]
      },
      "properties": {
        "netid": "24:B2:B9:F9:12:69",
        "ssid": "ClickShare-1862721014",
        "oui": "24:B2:B9",
        "channel": 36,
        "encryption": "wpa2",
        "firsttime": "2026-06-14T15:00:00.000Z",
        "lasttime": "2026-06-14T10:00:00.000Z",
        "city": "Paris",
        "region": "\u00cele-de-France",
        "country": "FR",
        "road": "Place Louis Armand",
        "postalcode": "75012"
      }
    },
    {
      "type": "Feature",
      "geometry": {
        "type": "Point",
        "coordinates": [
          -123.12055206,
          49.27566528
        ]
      },
      "properties": {
        "netid": "24:B2:B9:F9:12:D5",
        "ssid": "ClickShare-Loft",
        "oui": "24:B2:B9",
        "channel": 36,
        "encryption": "wpa2",
        "firsttime": "2026-05-23T02:00:00.000Z",
        "lasttime": "2026-07-21T00:00:00.000Z",
        "city": "Vancouver",
        "region": "British Columbia",
        "country": "CA",
        "road": "Hamilton Street",
        "postalcode": "V6B"
      }
    },
    {
      "type": "Feature",
      "geometry": {
        "type": "Point",
        "coordinates": [
          -100.31867981,
          25.6403904
        ]
      },
      "properties": {
        "netid": "24:B2:B9:F9:13:3D",
        "ssid": "CS-Sala Proveedores 1",
        "oui": "24:B2:B9",
        "channel": 36,
        "encryption": "wpa2",
        "firsttime": "2026-05-19T14:00:00.000Z",
        "lasttime": "2026-05-19T16:00:00.000Z",
        "city": null,
        "region": "Nuevo Le\u00f3n",
        "country": "MX",
        "road": "Avenida Pedro Ram\u00edrez V\u00e1zquez",
        "postalcode": "64750"
      }
    },
    {
      "type": "Feature",
      "geometry": {
        "type": "Point",
        "coordinates": [
          2.31201124,
          48.87755966
        ]
      },
      "properties": {
        "netid": "24:B2:B9:F9:13:4B",
        "ssid": "ClickShare-BureauAnissa",
        "oui": "24:B2:B9",
        "channel": 36,
        "encryption": "wpa2",
        "firsttime": "2026-07-08T19:00:00.000Z",
        "lasttime": "2026-07-08T23:00:00.000Z",
        "city": "Paris",
        "region": "\u00cele-de-France",
        "country": "FR",
        "road": "Rue de Lisbonne",
        "postalcode": "75008"
      }
    },
    {
      "type": "Feature",
      "geometry": {
        "type": "Point",
        "coordinates": [
          -100.3167572,
          25.69497299
        ]
      },
      "properties": {
        "netid": "24:B2:B9:F9:13:F5",
        "ssid": "ClickShare-1862724406",
        "oui": "24:B2:B9",
        "channel": 36,
        "encryption": "wpa2",
        "firsttime": "2026-06-14T22:00:00.000Z",
        "lasttime": "2026-06-14T20:00:00.000Z",
        "city": "Monterrey",
        "region": "Nuevo Le\u00f3n",
        "country": "MX",
        "road": "Avenida Alfonso Reyes",
        "postalcode": "64490"
      }
    },
    {
      "type": "Feature",
      "geometry": {
        "type": "Point",
        "coordinates": [
          -79.37545013,
          43.6402092
        ]
      },
      "properties": {
        "netid": "24:B2:B9:F9:14:CB",
        "ssid": "ClickShare-JLFT-Boardroom",
        "oui": "24:B2:B9",
        "channel": 36,
        "encryption": "wpa2",
        "firsttime": "2026-06-26T21:00:00.000Z",
        "lasttime": "2026-08-08T17:00:00.000Z",
        "city": "Old Toronto",
        "region": "Ontario",
        "country": "CA",
        "road": "Queens Quay West",
        "postalcode": "M5E"
      }
    },
    {
      "type": "Feature",
      "geometry": {
        "type": "Point",
        "coordinates": [
          3.72379613,
          51.05029678
        ]
      },
      "properties": {
        "netid": "24:B2:B9:F9:16:17",
        "ssid": "ClickShare-1862720562",
        "oui": "24:B2:B9",
        "channel": 36,
        "encryption": "wpa2",
        "firsttime": "2026-05-30T10:00:00.000Z",
        "lasttime": "2026-05-30T06:00:00.000Z",
        "city": null,
        "region": "Oost-Vlaanderen",
        "country": "BE",
        "road": "Kouter",
        "postalcode": "9000"
      }
    },
    {
      "type": "Feature",
      "geometry": {
        "type": "Point",
        "coordinates": [
          12.61418819,
          55.69517899
        ]
      },
      "properties": {
        "netid": "24:B2:B9:F9:16:19",
        "ssid": "ClickShare-Ala Kontor",
        "oui": "24:B2:B9",
        "channel": 36,
        "encryption": "wpa2",
        "firsttime": "2026-06-27T11:00:00.000Z",
        "lasttime": "2026-06-27T08:00:00.000Z",
        "city": "K\u00f8benhavn",
        "region": "Region Hovedstaden",
        "country": "DK",
        "road": "William Wains Gade",
        "postalcode": "1432"
      }
    },
    {
      "type": "Feature",
      "geometry": {
        "type": "Point",
        "coordinates": [
          10.25463009,
          55.23684311
        ]
      },
      "properties": {
        "netid": "24:B2:B9:F9:16:49",
        "ssid": "ClickShare-polaris",
        "oui": "24:B2:B9",
        "channel": 36,
        "encryption": "wpa2",
        "firsttime": "2026-03-05T11:00:00.000Z",
        "lasttime": "2026-05-07T13:00:00.000Z",
        "city": null,
        "region": "Region Syddanmark",
        "country": "DK",
        "road": "B\u00f8gebjergvej",
        "postalcode": "5672"
      }
    },
    {
      "type": "Feature",
      "geometry": {
        "type": "Point",
        "coordinates": [
          2.32623458,
          48.84277725
        ]
      },
      "properties": {
        "netid": "24:B2:B9:F9:16:95",
        "ssid": "ClickShare-1862720151",
        "oui": "24:B2:B9",
        "channel": 36,
        "encryption": "wpa2",
        "firsttime": "2026-01-10T00:00:00.000Z",
        "lasttime": "2026-02-22T06:00:00.000Z",
        "city": "Paris",
        "region": "\u00cele-de-France",
        "country": "FR",
        "road": "Rue du Montparnasse",
        "postalcode": "75014"
      }
    },
    {
      "type": "Feature",
      "geometry": {
        "type": "Point",
        "coordinates": [
          14.69783211,
          55.10135269
        ]
      },
      "properties": {
        "netid": "24:B2:B9:F9:16:C7",
        "ssid": "ClickShare-1862720597",
        "oui": "24:B2:B9",
        "channel": 36,
        "encryption": "wpa2",
        "firsttime": "2026-08-03T15:00:00.000Z",
        "lasttime": "2026-08-03T10:00:00.000Z",
        "city": null,
        "region": "Region Hovedstaden",
        "country": "DK",
        "road": "Snellemark",
        "postalcode": "3700"
      }
    },
    {
      "type": "Feature",
      "geometry": {
        "type": "Point",
        "coordinates": [
          -113.63451385,
          53.55928421
        ]
      },
      "properties": {
        "netid": "24:B2:B9:F9:17:A9",
        "ssid": "ClickShare-1862722862",
        "oui": "24:B2:B9",
        "channel": 36,
        "encryption": "wpa2",
        "firsttime": "2026-04-16T18:00:00.000Z",
        "lasttime": "2026-04-16T13:00:00.000Z",
        "city": "Edmonton",
        "region": "Alberta",
        "country": "CA",
        "road": "111 Avenue NW",
        "postalcode": "T5S 1G6"
      }
    },
    {
      "type": "Feature",
      "geometry": {
        "type": "Point",
        "coordinates": [
          -124.2963562,
          49.31573105
        ]
      },
      "properties": {
        "netid": "24:B2:B9:F9:17:AB",
        "ssid": "ClickShare-PV",
        "oui": "24:B2:B9",
        "channel": 36,
        "encryption": "wpa2",
        "firsttime": "2026-05-14T18:00:00.000Z",
        "lasttime": "2026-05-14T11:00:00.000Z",
        "city": "Parksville",
        "region": "British Columbia",
        "country": "CA",
        "road": "Stanford Avenue East",
        "postalcode": "V9P 2H7"
      }
    },
    {
      "type": "Feature",
      "geometry": {
        "type": "Point",
        "coordinates": [
          3.72410774,
          51.05033112
        ]
      },
      "properties": {
        "netid": "24:B2:B9:F9:18:8D",
        "ssid": "ClickShare-1862720548",
        "oui": "24:B2:B9",
        "channel": 36,
        "encryption": "wpa2",
        "firsttime": "2026-05-30T11:00:00.000Z",
        "lasttime": "2026-05-30T06:00:00.000Z",
        "city": null,
        "region": "Oost-Vlaanderen",
        "country": "BE",
        "road": "Kouter",
        "postalcode": "9000"
      }
    },
    {
      "type": "Feature",
      "geometry": {
        "type": "Point",
        "coordinates": [
          7.01186514,
          43.57818222
        ]
      },
      "properties": {
        "netid": "24:B2:B9:F9:19:19",
        "ssid": "ClickShare-1862720528",
        "oui": "24:B2:B9",
        "channel": 36,
        "encryption": "wpa2",
        "firsttime": "2026-04-24T08:00:00.000Z",
        "lasttime": "2026-04-24T12:00:00.000Z",
        "city": null,
        "region": "Provence-Alpes-C\u00f4te d'Azur",
        "country": "FR",
        "road": "Avenue du Campon",
        "postalcode": "06110"
      }
    },
    {
      "type": "Feature",
      "geometry": {
        "type": "Point",
        "coordinates": [
          -1.92357254,
          52.47044754
        ]
      },
      "properties": {
        "netid": "24:B2:B9:F9:19:69",
        "ssid": "ClickShare-Staff Training Room",
        "oui": "24:B2:B9",
        "channel": 36,
        "encryption": "wpa2",
        "firsttime": "2026-04-22T17:00:00.000Z",
        "lasttime": "2026-05-17T00:00:00.000Z",
        "city": "Birmingham",
        "region": "England",
        "country": "GB",
        "road": "Harborne Road",
        "postalcode": "B15 3AA"
      }
    },
    {
      "type": "Feature",
      "geometry": {
        "type": "Point",
        "coordinates": [
          4.94430876,
          52.30683517
        ]
      },
      "properties": {
        "netid": "24:B2:B9:F9:1A:31",
        "ssid": "ClickShare-Meeting room 1st Flo",
        "oui": "24:B2:B9",
        "channel": 36,
        "encryption": "wpa2",
        "firsttime": "2026-06-16T15:00:00.000Z",
        "lasttime": "2026-06-16T09:00:00.000Z",
        "city": "Amsterdam",
        "region": "Noord-Holland",
        "country": "NL",
        "road": "Hettenheuvelweg",
        "postalcode": "1101BM"
      }
    },
    {
      "type": "Feature",
      "geometry": {
        "type": "Point",
        "coordinates": [
          5.52288055,
          43.49581146
        ]
      },
      "properties": {
        "netid": "24:B2:B9:F9:1A:37",
        "ssid": "ClickShare-1862720622",
        "oui": "24:B2:B9",
        "channel": 36,
        "encryption": "wpa2",
        "firsttime": "2026-06-01T10:00:00.000Z",
        "lasttime": "2026-07-20T05:00:00.000Z",
        "city": null,
        "region": "Provence-Alpes-C\u00f4te d'Azur",
        "country": "FR",
        "road": "Impasse de l'Auberge",
        "postalcode": "13590"
      }
    },
    {
      "type": "Feature",
      "geometry": {
        "type": "Point",
        "coordinates": [
          -84.32685089,
          46.50736618
        ]
      },
      "properties": {
        "netid": "24:B2:B9:F9:1A:ED",
        "ssid": "ClickShare LPDSJ",
        "oui": "24:B2:B9",
        "channel": 40,
        "encryption": "wpa2",
        "firsttime": "2026-07-14T18:00:00.000Z",
        "lasttime": "2026-08-06T10:00:00.000Z",
        "city": "Sault Ste. Marie",
        "region": "Ontario",
        "country": "CA",
        "road": "Queen Street East",
        "postalcode": "P6A 3G4"
      }
    },
    {
      "type": "Feature",
      "geometry": {
        "type": "Point",
        "coordinates": [
          8.48458958,
          47.39519501
        ]
      },
      "properties": {
        "netid": "24:B2:B9:F9:1A:F1",
        "ssid": null,
        "oui": "24:B2:B9",
        "channel": 36,
        "encryption": "wpa2",
        "firsttime": "2026-04-01T13:00:00.000Z",
        "lasttime": "2026-07-01T04:00:00.000Z",
        "city": "Z\u00fcrich",
        "region": "Z\u00fcrich",
        "country": "CH",
        "road": "Bernerstrasse S\u00fcd",
        "postalcode": "8064"
      }
    },
    {
      "type": "Feature",
      "geometry": {
        "type": "Point",
        "coordinates": [
          114.15807343,
          22.28188705
        ]
      },
      "properties": {
        "netid": "24:B2:B9:F9:1B:1B",
        "ssid": "ClickShare-CCO",
        "oui": "24:B2:B9",
        "channel": 36,
        "encryption": "wpa2",
        "firsttime": "2025-12-16T02:00:00.000Z",
        "lasttime": "2026-07-16T21:00:00.000Z",
        "city": "\u9999\u6e2f\u5cf6 Hong Kong Island",
        "region": "\u9999\u6e2f Hong Kong",
        "country": "CN",
        "road": "\u906e\u6253\u9053 Chater Road",
        "postalcode": null
      }
    },
    {
      "type": "Feature",
      "geometry": {
        "type": "Point",
        "coordinates": [
          -75.57124329,
          6.20607185
        ]
      },
      "properties": {
        "netid": "24:B2:B9:F9:1B:B9",
        "ssid": "ClickShare-1862722771",
        "oui": "24:B2:B9",
        "channel": 36,
        "encryption": "wpa2",
        "firsttime": "2026-05-20T18:00:00.000Z",
        "lasttime": "2026-05-30T10:00:00.000Z",
        "city": "Medell\u00edn",
        "region": "Antioquia",
        "country": "CO",
        "road": "Calle 7",
        "postalcode": "0500"
      }
    },
    {
      "type": "Feature",
      "geometry": {
        "type": "Point",
        "coordinates": [
          3.7245698,
          51.05033493
        ]
      },
      "properties": {
        "netid": "24:B2:B9:F9:1C:83",
        "ssid": "ClickShare-1862720508",
        "oui": "24:B2:B9",
        "channel": 36,
        "encryption": "wpa2",
        "firsttime": "2026-05-30T11:00:00.000Z",
        "lasttime": "2026-05-30T06:00:00.000Z",
        "city": null,
        "region": "Oost-Vlaanderen",
        "country": "BE",
        "road": "Kouter",
        "postalcode": "9000"
      }
    },
    {
      "type": "Feature",
      "geometry": {
        "type": "Point",
        "coordinates": [
          12.38779354,
          55.62338257
        ]
      },
      "properties": {
        "netid": "24:B2:B9:F9:1C:85",
        "ssid": "ClickShare-420",
        "oui": "24:B2:B9",
        "channel": 36,
        "encryption": "wpa2",
        "firsttime": "2026-03-02T16:00:00.000Z",
        "lasttime": "2026-03-02T09:00:00.000Z",
        "city": null,
        "region": "Region Hovedstaden",
        "country": "DK",
        "road": "Vallensb\u00e6k Stationstorv",
        "postalcode": "2665"
      }
    },
    {
      "type": "Feature",
      "geometry": {
        "type": "Point",
        "coordinates": [
          8.9241209,
          48.80980682
        ]
      },
      "properties": {
        "netid": "24:B2:B9:F9:1C:B9",
        "ssid": "ClickShare-H\u00f6rmann",
        "oui": "24:B2:B9",
        "channel": 36,
        "encryption": "wpa2",
        "firsttime": "2026-07-05T13:00:00.000Z",
        "lasttime": "2026-07-05T07:00:00.000Z",
        "city": null,
        "region": "Baden-W\u00fcrttemberg",
        "country": "DE",
        "road": "A 8",
        "postalcode": "71277"
      }
    },
    {
      "type": "Feature",
      "geometry": {
        "type": "Point",
        "coordinates": [
          4.36139345,
          50.84555054
        ]
      },
      "properties": {
        "netid": "24:B2:B9:F9:1C:E3",
        "ssid": "ClickShare-Groenplaats",
        "oui": "24:B2:B9",
        "channel": 36,
        "encryption": "wpa2",
        "firsttime": "2026-05-07T07:00:00.000Z",
        "lasttime": "2026-07-21T16:00:00.000Z",
        "city": "Bruxelles - Brussel",
        "region": "R\u00e9gion de Bruxelles-Capitale - Brussels Hoofdstedelijk Gewest",
        "country": "BE",
        "road": "Rue Montagne du Parc - Warandeberg",
        "postalcode": "1000"
      }
    },
    {
      "type": "Feature",
      "geometry": {
        "type": "Point",
        "coordinates": [
          10.70819187,
          59.92976379
        ]
      },
      "properties": {
        "netid": "24:B2:B9:F9:1C:E9",
        "ssid": "ClickShare-1862720601",
        "oui": "24:B2:B9",
        "channel": 36,
        "encryption": "wpa2",
        "firsttime": "2026-05-26T09:00:00.000Z",
        "lasttime": "2026-05-26T02:00:00.000Z",
        "city": "Oslo",
        "region": "Majorstuen",
        "country": "NO",
        "road": "Fridtjof Nansens vei",
        "postalcode": "0369"
      }
    },
    {
      "type": "Feature",
      "geometry": {
        "type": "Point",
        "coordinates": [
          -3.02888989,
          51.56749344
        ]
      },
      "properties": {
        "netid": "24:B2:B9:F9:1D:19",
        "ssid": "ClickShare-1231a",
        "oui": "24:B2:B9",
        "channel": 1,
        "encryption": "wpa2",
        "firsttime": "2026-06-03T22:00:00.000Z",
        "lasttime": "2026-06-03T16:00:00.000Z",
        "city": "Newport",
        "region": "Cymru / Wales",
        "country": "GB",
        "road": "Cardiff Road",
        "postalcode": "NP10 8XG"
      }
    },
    {
      "type": "Feature",
      "geometry": {
        "type": "Point",
        "coordinates": [
          1.43165636,
          43.66182709
        ]
      },
      "properties": {
        "netid": "24:B2:B9:F9:1D:3F",
        "ssid": "ClickShare-CEMP-AUCAMVILLE-SDR",
        "oui": "24:B2:B9",
        "channel": 36,
        "encryption": "wpa2",
        "firsttime": "2026-05-06T15:00:00.000Z",
        "lasttime": "2026-07-01T06:00:00.000Z",
        "city": "Toulouse",
        "region": "Occitanie",
        "country": "FR",
        "road": "Boulevard Henri Gaussen",
        "postalcode": "31200"
      }
    },
    {
      "type": "Feature",
      "geometry": {
        "type": "Point",
        "coordinates": [
          2.34341168,
          48.86820221
        ]
      },
      "properties": {
        "netid": "24:B2:B9:F9:4B:0B",
        "ssid": "DEVIALET-U50A30063P326",
        "oui": "24:B2:B9",
        "channel": 6,
        "encryption": "unknown",
        "firsttime": "2026-04-14T06:00:00.000Z",
        "lasttime": "2026-04-14T03:00:00.000Z",
        "city": "Paris",
        "region": "\u00cele-de-France",
        "country": "FR",
        "road": "Rue R\u00e9aumur",
        "postalcode": "75002"
      }
    },
    {
      "type": "Feature",
      "geometry": {
        "type": "Point",
        "coordinates": [
          121.56121826,
          25.03195953
        ]
      },
      "properties": {
        "netid": "24:B2:B9:F9:8E:9F",
        "ssid": "ClickShare-GameRoom",
        "oui": "24:B2:B9",
        "channel": 36,
        "encryption": "wpa2",
        "firsttime": "2026-01-01T12:00:00.000Z",
        "lasttime": "2026-01-01T07:00:00.000Z",
        "city": "\u81fa\u5317\u5e02",
        "region": "\u81fa\u5317\u5e02",
        "country": "TW",
        "road": "\u838a\u656c\u8def",
        "postalcode": "110"
      }
    },
    {
      "type": "Feature",
      "geometry": {
        "type": "Point",
        "coordinates": [
          -79.93318939,
          32.78071976
        ]
      },
      "properties": {
        "netid": "24:B2:B9:F9:8F:19",
        "ssid": "Simmons Boardroom_ClickShare",
        "oui": "24:B2:B9",
        "channel": 36,
        "encryption": "wpa2",
        "firsttime": "2026-07-01T14:00:00.000Z",
        "lasttime": "2026-07-01T12:00:00.000Z",
        "city": "Charleston",
        "region": "SC",
        "country": "US",
        "road": "King Street",
        "postalcode": "29401"
      }
    },
    {
      "type": "Feature",
      "geometry": {
        "type": "Point",
        "coordinates": [
          -98.5489502,
          29.41771889
        ]
      },
      "properties": {
        "netid": "24:B2:B9:F9:8F:F3",
        "ssid": "ClickShare-D5FO-Conference Room",
        "oui": "24:B2:B9",
        "channel": 165,
        "encryption": "wpa2",
        "firsttime": "2026-05-01T13:00:00.000Z",
        "lasttime": "2026-05-27T22:00:00.000Z",
        "city": "San Antonio",
        "region": "TX",
        "country": "US",
        "road": "Castroville Road",
        "postalcode": "78237"
      }
    },
    {
      "type": "Feature",
      "geometry": {
        "type": "Point",
        "coordinates": [
          18.04545403,
          59.33148956
        ]
      },
      "properties": {
        "netid": "24:B2:B9:F9:90:2B",
        "ssid": "ClickShare-1862725216",
        "oui": "24:B2:B9",
        "channel": 36,
        "encryption": "wpa2",
        "firsttime": "2026-07-16T09:00:00.000Z",
        "lasttime": "2026-07-16T03:00:00.000Z",
        "city": null,
        "region": "Stockholms l\u00e4n",
        "country": "SE",
        "road": "Kungsholmsgatan",
        "postalcode": "112 28"
      }
    },
    {
      "type": "Feature",
      "geometry": {
        "type": "Point",
        "coordinates": [
          -1.67335033,
          48.10248184
        ]
      },
      "properties": {
        "netid": "24:B2:B9:F9:90:71",
        "ssid": "ClickShare-1862724956",
        "oui": "24:B2:B9",
        "channel": 36,
        "encryption": "wpa2",
        "firsttime": "2026-07-20T06:00:00.000Z",
        "lasttime": "2026-07-25T01:00:00.000Z",
        "city": "Rennes",
        "region": "Bretagne",
        "country": "FR",
        "road": "Rue de Ch\u00e2tillon",
        "postalcode": "35000"
      }
    },
    {
      "type": "Feature",
      "geometry": {
        "type": "Point",
        "coordinates": [
          2.37817693,
          48.84096527
        ]
      },
      "properties": {
        "netid": "24:B2:B9:F9:91:E7",
        "ssid": "ClickShare-1862727939",
        "oui": "24:B2:B9",
        "channel": 36,
        "encryption": "wpa2",
        "firsttime": "2026-07-21T08:00:00.000Z",
        "lasttime": "2026-07-21T12:00:00.000Z",
        "city": "Paris",
        "region": "\u00cele-de-France",
        "country": "FR",
        "road": "Rue de Bercy",
        "postalcode": "75012"
      }
    },
    {
      "type": "Feature",
      "geometry": {
        "type": "Point",
        "coordinates": [
          -87.63101959,
          41.8875351
        ]
      },
      "properties": {
        "netid": "24:B2:B9:F9:92:0D",
        "ssid": "ClickShare-NKOffice",
        "oui": "24:B2:B9",
        "channel": 165,
        "encryption": "wpa2",
        "firsttime": "2026-07-12T02:00:00.000Z",
        "lasttime": "2026-08-05T22:00:00.000Z",
        "city": "Chicago",
        "region": "IL",
        "country": "US",
        "road": "North Clark Street",
        "postalcode": "60696"
      }
    },
    {
      "type": "Feature",
      "geometry": {
        "type": "Point",
        "coordinates": [
          -95.67927551,
          39.0500946
        ]
      },
      "properties": {
        "netid": "24:B2:B9:F9:92:47",
        "ssid": "ClickShare-1863092906",
        "oui": "24:B2:B9",
        "channel": 36,
        "encryption": "wpa2",
        "firsttime": "2026-07-05T16:00:00.000Z",
        "lasttime": "2026-07-05T09:00:00.000Z",
        "city": "Topeka",
        "region": "KS",
        "country": "US",
        "road": "Southwest 8th Avenue",
        "postalcode": "66603"
      }
    },
    {
      "type": "Feature",
      "geometry": {
        "type": "Point",
        "coordinates": [
          8.82801819,
          52.91235352
        ]
      },
      "properties": {
        "netid": "24:B2:B9:F9:92:6B",
        "ssid": "SSID Stadt Syke - Ratssaal",
        "oui": "24:B2:B9",
        "channel": 149,
        "encryption": "wpa2",
        "firsttime": "2026-02-09T17:00:00.000Z",
        "lasttime": "2026-02-09T12:00:00.000Z",
        "city": null,
        "region": "Niedersachsen",
        "country": "DE",
        "road": "Nienburger Stra\u00dfe",
        "postalcode": "28857"
      }
    },
    {
      "type": "Feature",
      "geometry": {
        "type": "Point",
        "coordinates": [
          -84.35118866,
          39.36672211
        ]
      },
      "properties": {
        "netid": "24:B2:B9:F9:93:95",
        "ssid": "ClickShare-Conference room",
        "oui": "24:B2:B9",
        "channel": 36,
        "encryption": "wpa2",
        "firsttime": "2026-07-30T11:00:00.000Z",
        "lasttime": "2026-08-04T04:00:00.000Z",
        "city": null,
        "region": "OH",
        "country": "US",
        "road": "Liberty Way",
        "postalcode": "45069"
      }
    },
    {
      "type": "Feature",
      "geometry": {
        "type": "Point",
        "coordinates": [
          5.483922,
          51.43411255
        ]
      },
      "properties": {
        "netid": "24:B2:B9:F9:94:25",
        "ssid": "VDMV-Teamsroom-ClickShare",
        "oui": "24:B2:B9",
        "channel": 36,
        "encryption": "wpa2",
        "firsttime": "2026-06-21T15:00:00.000Z",
        "lasttime": "2026-07-19T12:00:00.000Z",
        "city": "Eindhoven",
        "region": "Noord-Brabant",
        "country": "NL",
        "road": "Stratumsedijk",
        "postalcode": "5611NA"
      }
    },
    {
      "type": "Feature",
      "geometry": {
        "type": "Point",
        "coordinates": [
          4.77857828,
          51.8289566
        ]
      },
      "properties": {
        "netid": "24:B2:B9:F9:94:69",
        "ssid": "ClickShare-1862729089",
        "oui": "24:B2:B9",
        "channel": 36,
        "encryption": "wpa2",
        "firsttime": "2026-06-11T11:00:00.000Z",
        "lasttime": "2026-06-11T09:00:00.000Z",
        "city": null,
        "region": "Zuid-Holland",
        "country": "NL",
        "road": "Sportlaan",
        "postalcode": "3364DA"
      }
    },
    {
      "type": "Feature",
      "geometry": {
        "type": "Point",
        "coordinates": [
          2.15296054,
          41.39002228
        ]
      },
      "properties": {
        "netid": "24:B2:B9:F9:94:C3",
        "ssid": "ClickShare-1862725166",
        "oui": "24:B2:B9",
        "channel": 36,
        "encryption": "wpa2",
        "firsttime": "2026-03-07T11:00:00.000Z",
        "lasttime": "2026-03-07T05:00:00.000Z",
        "city": "Barcelona",
        "region": "Catalunya",
        "country": "ES",
        "road": "Carrer de Casanova",
        "postalcode": "08001"
      }
    },
    {
      "type": "Feature",
      "geometry": {
        "type": "Point",
        "coordinates": [
          12.56145954,
          55.69765854
        ]
      },
      "properties": {
        "netid": "24:B2:B9:F9:95:A9",
        "ssid": "ClickShare 2.1.09",
        "oui": "24:B2:B9",
        "channel": 36,
        "encryption": "wpa2",
        "firsttime": "2026-03-01T21:00:00.000Z",
        "lasttime": "2026-03-01T13:00:00.000Z",
        "city": "K\u00f8benhavn",
        "region": "Region Hovedstaden",
        "country": "DK",
        "road": "Arres\u00f8gade",
        "postalcode": "2200"
      }
    },
    {
      "type": "Feature",
      "geometry": {
        "type": "Point",
        "coordinates": [
          2.31816316,
          48.84037781
        ]
      },
      "properties": {
        "netid": "24:B2:B9:F9:95:CB",
        "ssid": "ClickShare-1862724942",
        "oui": "24:B2:B9",
        "channel": 36,
        "encryption": "wpa2",
        "firsttime": "2025-12-20T12:00:00.000Z",
        "lasttime": "2025-12-23T05:00:00.000Z",
        "city": "Paris",
        "region": "\u00cele-de-France",
        "country": "FR",
        "road": "All\u00e9e du Capitaine Dronne",
        "postalcode": "75015"
      }
    },
    {
      "type": "Feature",
      "geometry": {
        "type": "Point",
        "coordinates": [
          7.58296013,
          47.56303024
        ]
      },
      "properties": {
        "netid": "24:B2:B9:F9:97:8D",
        "ssid": "ClickShare-Herzchirurgie",
        "oui": "24:B2:B9",
        "channel": 36,
        "encryption": "wpa2",
        "firsttime": "2026-05-19T04:00:00.000Z",
        "lasttime": "2026-07-15T21:00:00.000Z",
        "city": "Basel",
        "region": "Basel-Stadt",
        "country": "CH",
        "road": "Spitalstrasse",
        "postalcode": "4031"
      }
    },
    {
      "type": "Feature",
      "geometry": {
        "type": "Point",
        "coordinates": [
          9.22433567,
          45.51166916
        ]
      },
      "properties": {
        "netid": "24:B2:B9:F9:98:21",
        "ssid": "ClickShare-Boardroom",
        "oui": "24:B2:B9",
        "channel": 36,
        "encryption": "wpa2",
        "firsttime": "2025-12-23T13:00:00.000Z",
        "lasttime": "2025-12-23T05:00:00.000Z",
        "city": "Milano",
        "region": "Lombardia",
        "country": "IT",
        "road": "Viale Monza",
        "postalcode": "20126"
      }
    },
    {
      "type": "Feature",
      "geometry": {
        "type": "Point",
        "coordinates": [
          10.00154781,
          53.54752731
        ]
      },
      "properties": {
        "netid": "24:B2:B9:F9:98:45",
        "ssid": "DE-HAM53-ClickShare-1862725100",
        "oui": "24:B2:B9",
        "channel": 36,
        "encryption": "wpa2",
        "firsttime": "2025-11-24T09:00:00.000Z",
        "lasttime": "2026-02-18T04:00:00.000Z",
        "city": "Hamburg",
        "region": "Hamburg-Mitte",
        "country": "DE",
        "road": "Willy-Brandt-Stra\u00dfe",
        "postalcode": "20095"
      }
    },
    {
      "type": "Feature",
      "geometry": {
        "type": "Point",
        "coordinates": [
          4.39268446,
          51.20593262
        ]
      },
      "properties": {
        "netid": "24:B2:B9:F9:99:37",
        "ssid": "ClickShare-1862726685",
        "oui": "24:B2:B9",
        "channel": 36,
        "encryption": "wpa2",
        "firsttime": "2026-05-21T20:00:00.000Z",
        "lasttime": "2026-05-22T00:00:00.000Z",
        "city": "Antwerpen",
        "region": "Antwerpen",
        "country": "BE",
        "road": "Amerikalei",
        "postalcode": "2000"
      }
    },
    {
      "type": "Feature",
      "geometry": {
        "type": "Point",
        "coordinates": [
          4.77843189,
          51.82897186
        ]
      },
      "properties": {
        "netid": "24:B2:B9:F9:99:65",
        "ssid": "ClickShare-1862729074",
        "oui": "24:B2:B9",
        "channel": 36,
        "encryption": "wpa2",
        "firsttime": "2026-06-11T11:00:00.000Z",
        "lasttime": "2026-06-11T09:00:00.000Z",
        "city": null,
        "region": "Zuid-Holland",
        "country": "NL",
        "road": "Stationspark",
        "postalcode": "3364DA"
      }
    },
    {
      "type": "Feature",
      "geometry": {
        "type": "Point",
        "coordinates": [
          5.52283192,
          43.49583054
        ]
      },
      "properties": {
        "netid": "24:B2:B9:F9:99:9B",
        "ssid": "ClickShare-1",
        "oui": "24:B2:B9",
        "channel": 36,
        "encryption": "wpa2",
        "firsttime": "2026-06-01T10:00:00.000Z",
        "lasttime": "2026-07-20T05:00:00.000Z",
        "city": null,
        "region": "Provence-Alpes-C\u00f4te d'Azur",
        "country": "FR",
        "road": "Impasse de l'Auberge",
        "postalcode": "13590"
      }
    },
    {
      "type": "Feature",
      "geometry": {
        "type": "Point",
        "coordinates": [
          7.89261341,
          46.68648148
        ]
      },
      "properties": {
        "netid": "24:B2:B9:F9:99:CF",
        "ssid": "ClickShare-Boenigen",
        "oui": "24:B2:B9",
        "channel": 36,
        "encryption": "wpa2",
        "firsttime": "2026-06-24T06:00:00.000Z",
        "lasttime": "2026-06-24T15:00:00.000Z",
        "city": null,
        "region": "Bern/Berne",
        "country": "CH",
        "road": "Interlakenstrasse",
        "postalcode": "3806"
      }
    },
    {
      "type": "Feature",
      "geometry": {
        "type": "Point",
        "coordinates": [
          10.63077831,
          59.91558456
        ]
      },
      "properties": {
        "netid": "24:B2:B9:F9:9A:4F",
        "ssid": "ClickShare-1862727447",
        "oui": "24:B2:B9",
        "channel": 36,
        "encryption": "wpa2",
        "firsttime": "2026-04-27T14:00:00.000Z",
        "lasttime": "2026-05-02T15:00:00.000Z",
        "city": null,
        "region": "Viken",
        "country": "NO",
        "road": "Vollsveien",
        "postalcode": "1366"
      }
    },
    {
      "type": "Feature",
      "geometry": {
        "type": "Point",
        "coordinates": [
          9.40083218,
          51.03356171
        ]
      },
      "properties": {
        "netid": "24:B2:B9:F9:9A:67",
        "ssid": "ClickShare-KLR-3A",
        "oui": "24:B2:B9",
        "channel": 36,
        "encryption": "wpa2",
        "firsttime": "2026-06-15T12:00:00.000Z",
        "lasttime": "2026-06-15T06:00:00.000Z",
        "city": null,
        "region": "Hessen",
        "country": "DE",
        "road": "Kasseler Stra\u00dfe",
        "postalcode": "34576"
      }
    },
    {
      "type": "Feature",
      "geometry": {
        "type": "Point",
        "coordinates": [
          12.56458569,
          55.67254257
        ]
      },
      "properties": {
        "netid": "24:B2:B9:F9:9A:A7",
        "ssid": "ClickShare-1862727111",
        "oui": "24:B2:B9",
        "channel": 36,
        "encryption": "wpa2",
        "firsttime": "2026-05-10T14:00:00.000Z",
        "lasttime": "2026-07-27T02:00:00.000Z",
        "city": "K\u00f8benhavn",
        "region": "Region Hovedstaden",
        "country": "DK",
        "road": "Reverdilsgade",
        "postalcode": "1701"
      }
    },
    {
      "type": "Feature",
      "geometry": {
        "type": "Point",
        "coordinates": [
          4.83315563,
          45.75815201
        ]
      },
      "properties": {
        "netid": "24:B2:B9:F9:9A:B9",
        "ssid": "ClickShare-1862732427",
        "oui": "24:B2:B9",
        "channel": 36,
        "encryption": "wpa2",
        "firsttime": "2026-07-04T14:00:00.000Z",
        "lasttime": "2026-07-30T13:00:00.000Z",
        "city": "Lyon",
        "region": "Auvergne-Rh\u00f4ne-Alpes",
        "country": "FR",
        "road": "Place Bellecour",
        "postalcode": "69002"
      }
    },
    {
      "type": "Feature",
      "geometry": {
        "type": "Point",
        "coordinates": [
          2.33352995,
          48.87185287
        ]
      },
      "properties": {
        "netid": "24:B2:B9:F9:9B:41",
        "ssid": "ClickShare-1862726878",
        "oui": "24:B2:B9",
        "channel": 36,
        "encryption": "wpa2",
        "firsttime": "2026-03-13T16:00:00.000Z",
        "lasttime": "2026-03-13T12:00:00.000Z",
        "city": "Paris",
        "region": "\u00cele-de-France",
        "country": "FR",
        "road": "Rue Meyerbeer",
        "postalcode": "75009"
      }
    },
    {
      "type": "Feature",
      "geometry": {
        "type": "Point",
        "coordinates": [
          2.43982697,
          47.48878098
        ]
      },
      "properties": {
        "netid": "24:B2:B9:F9:9B:FF",
        "ssid": "ClickShare-1862728965",
        "oui": "24:B2:B9",
        "channel": 36,
        "encryption": "wpa2",
        "firsttime": "2026-07-17T16:00:00.000Z",
        "lasttime": "2026-07-17T10:00:00.000Z",
        "city": null,
        "region": "Centre-Val de Loire",
        "country": "FR",
        "road": "Rue du Charbon",
        "postalcode": "18700"
      }
    },
    {
      "type": "Feature",
      "geometry": {
        "type": "Point",
        "coordinates": [
          -111.88526917,
          40.76142883
        ]
      },
      "properties": {
        "netid": "24:B2:B9:F9:9C:71",
        "ssid": "ClickShare-CIO",
        "oui": "24:B2:B9",
        "channel": 36,
        "encryption": "wpa2",
        "firsttime": "2026-07-29T00:00:00.000Z",
        "lasttime": "2026-07-29T01:00:00.000Z",
        "city": "Salt Lake City",
        "region": "UT",
        "country": "US",
        "road": "200 East",
        "postalcode": "84144"
      }
    },
    {
      "type": "Feature",
      "geometry": {
        "type": "Point",
        "coordinates": [
          11.57774925,
          50.92271423
        ]
      },
      "properties": {
        "netid": "24:B2:B9:F9:9F:41",
        "ssid": "ClickShare-1862731436",
        "oui": "24:B2:B9",
        "channel": 36,
        "encryption": "wpa2",
        "firsttime": "2026-07-01T04:00:00.000Z",
        "lasttime": "2026-07-01T22:00:00.000Z",
        "city": "Jena",
        "region": "Th\u00fcringen",
        "country": "DE",
        "road": "Westbahnhofstra\u00dfe",
        "postalcode": "07745"
      }
    },
    {
      "type": "Feature",
      "geometry": {
        "type": "Point",
        "coordinates": [
          4.48195696,
          51.92013168
        ]
      },
      "properties": {
        "netid": "24:B2:B9:F9:9F:F3",
        "ssid": "ClickShare-Kioti",
        "oui": "24:B2:B9",
        "channel": 36,
        "encryption": "wpa2",
        "firsttime": "2026-03-28T13:00:00.000Z",
        "lasttime": "2026-04-12T23:00:00.000Z",
        "city": "Rotterdam",
        "region": "Zuid-Holland",
        "country": "NL",
        "road": null,
        "postalcode": "3011AA"
      }
    },
    {
      "type": "Feature",
      "geometry": {
        "type": "Point",
        "coordinates": [
          6.17288542,
          49.61343002
        ]
      },
      "properties": {
        "netid": "24:B2:B9:F9:A1:11",
        "ssid": "ClickShare-1862725257",
        "oui": "24:B2:B9",
        "channel": 36,
        "encryption": "wpa2",
        "firsttime": "2026-03-02T14:00:00.000Z",
        "lasttime": "2026-03-04T08:00:00.000Z",
        "city": "Luxembourg",
        "region": "Canton Luxembourg",
        "country": "LU",
        "road": "Rue de Bitbourg",
        "postalcode": "1273"
      }
    },
    {
      "type": "Feature",
      "geometry": {
        "type": "Point",
        "coordinates": [
          4.35715914,
          50.84412766
        ]
      },
      "properties": {
        "netid": "24:B2:B9:F9:A1:13",
        "ssid": "ClickShare-Urban-Mobile",
        "oui": "24:B2:B9",
        "channel": 48,
        "encryption": "wpa2",
        "firsttime": "2026-04-12T05:00:00.000Z",
        "lasttime": "2026-04-30T04:00:00.000Z",
        "city": null,
        "region": "R\u00e9gion de Bruxelles-Capitale - Brussels Hoofdstedelijk Gewest",
        "country": "BE",
        "road": "Mont des Arts - Kunstberg",
        "postalcode": "1000"
      }
    },
    {
      "type": "Feature",
      "geometry": {
        "type": "Point",
        "coordinates": [
          2.37524652,
          48.83931351
        ]
      },
      "properties": {
        "netid": "24:B2:B9:F9:A2:53",
        "ssid": "ClickShare-1862732632",
        "oui": "24:B2:B9",
        "channel": 36,
        "encryption": "wpa2",
        "firsttime": "2026-06-14T15:00:00.000Z",
        "lasttime": "2026-08-01T08:00:00.000Z",
        "city": "Paris",
        "region": "\u00cele-de-France",
        "country": "FR",
        "road": "Quai de la Rap\u00e9e",
        "postalcode": "75012"
      }
    },
    {
      "type": "Feature",
      "geometry": {
        "type": "Point",
        "coordinates": [
          -93.17289734,
          44.83520889
        ]
      },
      "properties": {
        "netid": "24:B2:B9:F9:A2:9F",
        "ssid": "MDL-ClickShare-1863094289",
        "oui": "24:B2:B9",
        "channel": 36,
        "encryption": "wpa2",
        "firsttime": "2026-05-01T18:00:00.000Z",
        "lasttime": "2026-06-25T19:00:00.000Z",
        "city": null,
        "region": "MN",
        "country": "US",
        "road": "Central Parkway",
        "postalcode": "55123-1063"
      }
    },
    {
      "type": "Feature",
      "geometry": {
        "type": "Point",
        "coordinates": [
          5.86379194,
          51.84999466
        ]
      },
      "properties": {
        "netid": "24:B2:B9:F9:A3:27",
        "ssid": null,
        "oui": "24:B2:B9",
        "channel": 36,
        "encryption": "wpa2",
        "firsttime": "2026-04-22T10:00:00.000Z",
        "lasttime": "2026-04-22T06:00:00.000Z",
        "city": "Nijmegen",
        "region": "Gelderland",
        "country": "NL",
        "road": "Waalkade",
        "postalcode": "6511XP"
      }
    },
    {
      "type": "Feature",
      "geometry": {
        "type": "Point",
        "coordinates": [
          4.36957693,
          50.84828568
        ]
      },
      "properties": {
        "netid": "24:B2:B9:F9:A3:45",
        "ssid": "ClickShare-EFA",
        "oui": "24:B2:B9",
        "channel": 36,
        "encryption": "wpa2",
        "firsttime": "2026-02-25T21:00:00.000Z",
        "lasttime": "2026-05-23T03:00:00.000Z",
        "city": "Bruxelles - Brussel",
        "region": "R\u00e9gion de Bruxelles-Capitale - Brussels Hoofdstedelijk Gewest",
        "country": "BE",
        "road": "Avenue des Arts - Kunstlaan",
        "postalcode": "1000"
      }
    },
    {
      "type": "Feature",
      "geometry": {
        "type": "Point",
        "coordinates": [
          2.4951098,
          48.93220901
        ]
      },
      "properties": {
        "netid": "24:B2:B9:F9:A5:17",
        "ssid": "ClickShare-1862726743",
        "oui": "24:B2:B9",
        "channel": 36,
        "encryption": "wpa2",
        "firsttime": "2026-04-13T10:00:00.000Z",
        "lasttime": "2026-05-20T08:00:00.000Z",
        "city": null,
        "region": "\u00cele-de-France",
        "country": "FR",
        "road": "Rue du 11 Novembre",
        "postalcode": "93600"
      }
    },
    {
      "type": "Feature",
      "geometry": {
        "type": "Point",
        "coordinates": [
          5.09512949,
          51.07304764
        ]
      },
      "properties": {
        "netid": "24:B2:B9:F9:A5:1B",
        "ssid": "ClickShare-1862726712",
        "oui": "24:B2:B9",
        "channel": 36,
        "encryption": "wpa2",
        "firsttime": "2026-04-28T16:00:00.000Z",
        "lasttime": "2026-04-28T11:00:00.000Z",
        "city": null,
        "region": "Limburg",
        "country": "BE",
        "road": "Groenstraat",
        "postalcode": "3980"
      }
    },
    {
      "type": "Feature",
      "geometry": {
        "type": "Point",
        "coordinates": [
          8.53782845,
          47.37527084
        ]
      },
      "properties": {
        "netid": "24:B2:B9:F9:A6:A9",
        "ssid": "Sitzungszimmer-Wiedikon",
        "oui": "24:B2:B9",
        "channel": 13,
        "encryption": "wpa2",
        "firsttime": "2026-07-25T22:00:00.000Z",
        "lasttime": "2026-07-25T17:00:00.000Z",
        "city": "Z\u00fcrich",
        "region": "Z\u00fcrich",
        "country": "CH",
        "road": "Lintheschergasse",
        "postalcode": "8001"
      }
    },
    {
      "type": "Feature",
      "geometry": {
        "type": "Point",
        "coordinates": [
          19.05480576,
          47.49931335
        ]
      },
      "properties": {
        "netid": "24:B2:B9:F9:A7:9D",
        "ssid": "ClickShare-1862729107",
        "oui": "24:B2:B9",
        "channel": 36,
        "encryption": "wpa2",
        "firsttime": "2026-03-08T09:00:00.000Z",
        "lasttime": "2026-08-04T12:00:00.000Z",
        "city": null,
        "region": "Budapest",
        "country": "HU",
        "road": "Bajcsy-Zsilinszky \u00fat",
        "postalcode": "1065"
      }
    },
    {
      "type": "Feature",
      "geometry": {
        "type": "Point",
        "coordinates": [
          15.3980608,
          47.07457352
        ]
      },
      "properties": {
        "netid": "24:B2:B9:F9:A7:ED",
        "ssid": "ClickShare-1862729090",
        "oui": "24:B2:B9",
        "channel": 36,
        "encryption": "wpa2",
        "firsttime": "2026-07-23T11:00:00.000Z",
        "lasttime": "2026-07-25T09:00:00.000Z",
        "city": "Graz",
        "region": "Steiermark",
        "country": "AT",
        "road": "Georgigasse",
        "postalcode": "8020"
      }
    },
    {
      "type": "Feature",
      "geometry": {
        "type": "Point",
        "coordinates": [
          5.37287712,
          43.28995895
        ]
      },
      "properties": {
        "netid": "24:B2:B9:F9:A8:B7",
        "ssid": "ClickShare-AJ Associ\u00e9s",
        "oui": "24:B2:B9",
        "channel": 36,
        "encryption": "wpa2",
        "firsttime": "2026-01-22T16:00:00.000Z",
        "lasttime": "2026-01-22T10:00:00.000Z",
        "city": "Marseille",
        "region": "Provence-Alpes-C\u00f4te d'Azur",
        "country": "FR",
        "road": "Cours Pierre Puget",
        "postalcode": "13006"
      }
    },
    {
      "type": "Feature",
      "geometry": {
        "type": "Point",
        "coordinates": [
          -0.15347891,
          51.51329803
        ]
      },
      "properties": {
        "netid": "24:B2:B9:F9:A9:55",
        "ssid": "ClickShare-Purdey-Stock",
        "oui": "24:B2:B9",
        "channel": 36,
        "encryption": "wpa2",
        "firsttime": "2026-08-03T14:00:00.000Z",
        "lasttime": "2026-08-03T08:00:00.000Z",
        "city": "London",
        "region": "England",
        "country": "GB",
        "road": "North Audley Street",
        "postalcode": "W1K 6ZD"
      }
    },
    {
      "type": "Feature",
      "geometry": {
        "type": "Point",
        "coordinates": [
          5.11465025,
          52.10340118
        ]
      },
      "properties": {
        "netid": "24:B2:B9:F9:A9:F9",
        "ssid": "ClickShare-Utrecht2",
        "oui": "24:B2:B9",
        "channel": 36,
        "encryption": "wpa2",
        "firsttime": "2026-05-08T08:00:00.000Z",
        "lasttime": "2026-05-08T01:00:00.000Z",
        "city": "Utrecht",
        "region": "Utrecht",
        "country": "NL",
        "road": "Talmalaan",
        "postalcode": "3515CW"
      }
    },
    {
      "type": "Feature",
      "geometry": {
        "type": "Point",
        "coordinates": [
          15.4441309,
          47.06847763
        ]
      },
      "properties": {
        "netid": "24:B2:B9:F9:AA:3B",
        "ssid": "ClickShare-1862729042",
        "oui": "24:B2:B9",
        "channel": 36,
        "encryption": "wpa2",
        "firsttime": "2026-07-23T18:00:00.000Z",
        "lasttime": "2026-07-25T09:00:00.000Z",
        "city": "Graz",
        "region": "Steiermark",
        "country": "AT",
        "road": "Opernring",
        "postalcode": "8010"
      }
    },
    {
      "type": "Feature",
      "geometry": {
        "type": "Point",
        "coordinates": [
          4.86189985,
          45.76048279
        ]
      },
      "properties": {
        "netid": "24:B2:B9:F9:AA:C3",
        "ssid": "ClickShare-1862729065",
        "oui": "24:B2:B9",
        "channel": 36,
        "encryption": "wpa2",
        "firsttime": "2026-08-05T14:00:00.000Z",
        "lasttime": "2026-08-05T07:00:00.000Z",
        "city": "Lyon",
        "region": "Auvergne-Rh\u00f4ne-Alpes",
        "country": "FR",
        "road": "Place de la Vilette",
        "postalcode": "69003"
      }
    },
    {
      "type": "Feature",
      "geometry": {
        "type": "Point",
        "coordinates": [
          4.51026917,
          52.21393204
        ]
      },
      "properties": {
        "netid": "24:B2:B9:F9:AB:3D",
        "ssid": "ClickShare-1862729072",
        "oui": "24:B2:B9",
        "channel": 36,
        "encryption": "wpa2",
        "firsttime": "2026-05-29T12:00:00.000Z",
        "lasttime": "2026-05-29T07:00:00.000Z",
        "city": null,
        "region": "Zuid-Holland",
        "country": "NL",
        "road": "Rijksweg A44",
        "postalcode": "2171AH"
      }
    },
    {
      "type": "Feature",
      "geometry": {
        "type": "Point",
        "coordinates": [
          11.53693867,
          48.06777573
        ]
      },
      "properties": {
        "netid": "24:B2:B9:F9:AB:E7",
        "ssid": "ClickShare-Buero-Mittermaier",
        "oui": "24:B2:B9",
        "channel": 44,
        "encryption": "wpa2",
        "firsttime": "2026-01-03T22:00:00.000Z",
        "lasttime": "2026-08-01T11:00:00.000Z",
        "city": null,
        "region": "Bayern",
        "country": "DE",
        "road": "Georg-Kalb-Stra\u00dfe",
        "postalcode": "82049"
      }
    },
    {
      "type": "Feature",
      "geometry": {
        "type": "Point",
        "coordinates": [
          11.17298031,
          60.14225388
        ]
      },
      "properties": {
        "netid": "24:B2:B9:F9:AB:F7",
        "ssid": "ClickShare-Ullern",
        "oui": "24:B2:B9",
        "channel": 36,
        "encryption": "wpa2",
        "firsttime": "2026-03-07T13:00:00.000Z",
        "lasttime": "2026-07-04T07:00:00.000Z",
        "city": null,
        "region": "Viken",
        "country": "NO",
        "road": "Storgata",
        "postalcode": "2050"
      }
    },
    {
      "type": "Feature",
      "geometry": {
        "type": "Point",
        "coordinates": [
          9.99962997,
          53.54766083
        ]
      },
      "properties": {
        "netid": "24:B2:B9:F9:AC:1F",
        "ssid": "DE-HAM53-ZHB-KL Besprechungsraum",
        "oui": "24:B2:B9",
        "channel": 36,
        "encryption": "wpa2",
        "firsttime": "2025-11-08T18:00:00.000Z",
        "lasttime": "2026-02-04T03:00:00.000Z",
        "city": "Hamburg",
        "region": "Hamburg-Mitte",
        "country": "DE",
        "road": "Willy-Brandt-Stra\u00dfe",
        "postalcode": "20457"
      }
    },
    {
      "type": "Feature",
      "geometry": {
        "type": "Point",
        "coordinates": [
          -3.2012465,
          55.95295715
        ]
      },
      "properties": {
        "netid": "24:B2:B9:F9:AC:63",
        "ssid": null,
        "oui": "24:B2:B9",
        "channel": 36,
        "encryption": "wpa2",
        "firsttime": "2026-03-25T06:00:00.000Z",
        "lasttime": "2026-04-07T09:00:00.000Z",
        "city": "City of Edinburgh",
        "region": "Alba / Scotland",
        "country": "GB",
        "road": "George Street",
        "postalcode": "EH2 3EE"
      }
    },
    {
      "type": "Feature",
      "geometry": {
        "type": "Point",
        "coordinates": [
          4.88838625,
          52.36654282
        ]
      },
      "properties": {
        "netid": "24:B2:B9:F9:AD:5D",
        "ssid": "ClickShare-Portuguese",
        "oui": "24:B2:B9",
        "channel": 36,
        "encryption": "wpa2",
        "firsttime": "2026-07-31T07:00:00.000Z",
        "lasttime": "2026-07-31T23:00:00.000Z",
        "city": "Amsterdam",
        "region": "Noord-Holland",
        "country": "NL",
        "road": "Herengracht",
        "postalcode": "1017BZ"
      }
    },
    {
      "type": "Feature",
      "geometry": {
        "type": "Point",
        "coordinates": [
          2.42201281,
          48.6313324
        ]
      },
      "properties": {
        "netid": "24:B2:B9:F9:AD:73",
        "ssid": "ClickShare-1862726837",
        "oui": "24:B2:B9",
        "channel": 36,
        "encryption": "wpa2",
        "firsttime": "2026-02-05T13:00:00.000Z",
        "lasttime": "2026-02-05T06:00:00.000Z",
        "city": null,
        "region": "\u00cele-de-France",
        "country": "FR",
        "road": "Boulevard de l'Europe",
        "postalcode": "91000"
      }
    },
    {
      "type": "Feature",
      "geometry": {
        "type": "Point",
        "coordinates": [
          7.63443565,
          51.96116257
        ]
      },
      "properties": {
        "netid": "24:B2:B9:F9:AE:33",
        "ssid": "ClickShare-1862730533",
        "oui": "24:B2:B9",
        "channel": 36,
        "encryption": "wpa2",
        "firsttime": "2026-04-21T16:00:00.000Z",
        "lasttime": "2026-04-21T09:00:00.000Z",
        "city": "M\u00fcnster",
        "region": "Nordrhein-Westfalen",
        "country": "DE",
        "road": "Promenade",
        "postalcode": "48143"
      }
    },
    {
      "type": "Feature",
      "geometry": {
        "type": "Point",
        "coordinates": [
          11.55098438,
          48.15439224
        ]
      },
      "properties": {
        "netid": "24:B2:B9:F9:AE:9B",
        "ssid": "ClickShare-1862730537",
        "oui": "24:B2:B9",
        "channel": 36,
        "encryption": "wpa2",
        "firsttime": "2026-08-01T21:00:00.000Z",
        "lasttime": "2026-08-01T16:00:00.000Z",
        "city": "M\u00fcnchen",
        "region": "Bayern",
        "country": "DE",
        "road": "Lazarettstra\u00dfe",
        "postalcode": "80636"
      }
    },
    {
      "type": "Feature",
      "geometry": {
        "type": "Point",
        "coordinates": [
          2.24591708,
          48.8302002
        ]
      },
      "properties": {
        "netid": "24:B2:B9:F9:AE:E1",
        "ssid": "ClickShare-1862729897",
        "oui": "24:B2:B9",
        "channel": 36,
        "encryption": "wpa2",
        "firsttime": "2026-07-28T10:00:00.000Z",
        "lasttime": "2026-08-02T13:00:00.000Z",
        "city": "Boulogne-Billancourt",
        "region": "\u00cele-de-France",
        "country": "FR",
        "road": "Boulevard Jean Jaur\u00e8s",
        "postalcode": "92100"
      }
    },
    {
      "type": "Feature",
      "geometry": {
        "type": "Point",
        "coordinates": [
          8.53754044,
          47.37475204
        ]
      },
      "properties": {
        "netid": "24:B2:B9:F9:AF:27",
        "ssid": "Sitzungszimmer-Schipfe",
        "oui": "24:B2:B9",
        "channel": 12,
        "encryption": "wpa2",
        "firsttime": "2026-06-22T06:00:00.000Z",
        "lasttime": "2026-06-22T08:00:00.000Z",
        "city": "Z\u00fcrich",
        "region": "Z\u00fcrich",
        "country": "CH",
        "road": "Gerbergasse",
        "postalcode": "8001"
      }
    },
    {
      "type": "Feature",
      "geometry": {
        "type": "Point",
        "coordinates": [
          8.53783321,
          47.3752861
        ]
      },
      "properties": {
        "netid": "24:B2:B9:F9:AF:29",
        "ssid": "Sitzungszimmer-Workshop-mobil",
        "oui": "24:B2:B9",
        "channel": 12,
        "encryption": "wpa2",
        "firsttime": "2026-07-25T22:00:00.000Z",
        "lasttime": "2026-07-25T17:00:00.000Z",
        "city": "Z\u00fcrich",
        "region": "Z\u00fcrich",
        "country": "CH",
        "road": "Lintheschergasse",
        "postalcode": "8001"
      }
    },
    {
      "type": "Feature",
      "geometry": {
        "type": "Point",
        "coordinates": [
          -0.13850661,
          51.51148987
        ]
      },
      "properties": {
        "netid": "24:B2:B9:F9:AF:75",
        "ssid": "ClickShare-MR1-DukeStreet",
        "oui": "24:B2:B9",
        "channel": 36,
        "encryption": "wpa2",
        "firsttime": "2026-04-16T15:00:00.000Z",
        "lasttime": "2026-05-18T14:00:00.000Z",
        "city": "London",
        "region": "England",
        "country": "GB",
        "road": "Regent Street",
        "postalcode": "W1B 4HX"
      }
    },
    {
      "type": "Feature",
      "geometry": {
        "type": "Point",
        "coordinates": [
          8.2576046,
          49.99341583
        ]
      },
      "properties": {
        "netid": "24:B2:B9:F9:AF:BD",
        "ssid": "ClickShare Seminar Mobil",
        "oui": "24:B2:B9",
        "channel": 36,
        "encryption": "wpa2",
        "firsttime": "2026-07-30T14:00:00.000Z",
        "lasttime": "2026-07-30T14:00:00.000Z",
        "city": "Mainz",
        "region": "Rheinland-Pfalz",
        "country": "DE",
        "road": "Reisingerweg",
        "postalcode": "55131"
      }
    },
    {
      "type": "Feature",
      "geometry": {
        "type": "Point",
        "coordinates": [
          12.19419956,
          51.07316971
        ]
      },
      "properties": {
        "netid": "24:B2:B9:F9:AF:DB",
        "ssid": "ClickShare-1862730622",
        "oui": "24:B2:B9",
        "channel": 36,
        "encryption": "wpa2",
        "firsttime": "2026-07-11T18:00:00.000Z",
        "lasttime": "2026-07-24T14:00:00.000Z",
        "city": null,
        "region": "Sachsen-Anhalt",
        "country": "DE",
        "road": "Hauptstra\u00dfe",
        "postalcode": "06729"
      }
    },
    {
      "type": "Feature",
      "geometry": {
        "type": "Point",
        "coordinates": [
          8.44865608,
          47.3988266
        ]
      },
      "properties": {
        "netid": "24:B2:B9:F9:AF:ED",
        "ssid": "ClickShare-1862726107",
        "oui": "24:B2:B9",
        "channel": 36,
        "encryption": "wpa2",
        "firsttime": "2026-07-12T09:00:00.000Z",
        "lasttime": "2026-07-12T02:00:00.000Z",
        "city": null,
        "region": "Z\u00fcrich",
        "country": "CH",
        "road": "Engstringerstrasse",
        "postalcode": "8952"
      }
    },
    {
      "type": "Feature",
      "geometry": {
        "type": "Point",
        "coordinates": [
          8.54500675,
          47.36785889
        ]
      },
      "properties": {
        "netid": "24:B2:B9:F9:AF:F7",
        "ssid": "ClickshareMobilesD4.OG",
        "oui": "24:B2:B9",
        "channel": 48,
        "encryption": "wpa2",
        "firsttime": "2026-03-22T10:00:00.000Z",
        "lasttime": "2026-08-06T06:00:00.000Z",
        "city": "Z\u00fcrich",
        "region": "Z\u00fcrich",
        "country": "CH",
        "road": "Torgasse",
        "postalcode": "8001"
      }
    },
    {
      "type": "Feature",
      "geometry": {
        "type": "Point",
        "coordinates": [
          46.67685318,
          24.71020889
        ]
      },
      "properties": {
        "netid": "24:B2:B9:F9:B1:09",
        "ssid": "ClickShare-1862731028",
        "oui": "24:B2:B9",
        "channel": 36,
        "encryption": "wpa2",
        "firsttime": "2026-06-13T11:00:00.000Z",
        "lasttime": "2026-06-16T01:00:00.000Z",
        "city": null,
        "region": "\u0645\u0646\u0637\u0642\u0629 \u0627\u0644\u0631\u064a\u0627\u0636",
        "country": "SA",
        "road": "\u0637\u0631\u064a\u0642 \u0627\u0644\u0639\u0644\u064a\u0627 \u0627\u0644\u0639\u0627\u0645",
        "postalcode": "12214"
      }
    },
    {
      "type": "Feature",
      "geometry": {
        "type": "Point",
        "coordinates": [
          8.25742245,
          49.99273682
        ]
      },
      "properties": {
        "netid": "24:B2:B9:F9:B1:23",
        "ssid": "ClickShare-Katastrophenschutz",
        "oui": "24:B2:B9",
        "channel": 36,
        "encryption": "wpa2",
        "firsttime": "2026-05-04T08:00:00.000Z",
        "lasttime": "2026-05-04T07:00:00.000Z",
        "city": "Mainz",
        "region": "Rheinland-Pfalz",
        "country": "DE",
        "road": "Paul-Ehrlich-Weg",
        "postalcode": "55131"
      }
    },
    {
      "type": "Feature",
      "geometry": {
        "type": "Point",
        "coordinates": [
          8.53781986,
          47.37474823
        ]
      },
      "properties": {
        "netid": "24:B2:B9:F9:B1:39",
        "ssid": "Sitzungszimmer-Bellevue",
        "oui": "24:B2:B9",
        "channel": 1,
        "encryption": "wpa2",
        "firsttime": "2026-06-22T06:00:00.000Z",
        "lasttime": "2026-08-08T05:00:00.000Z",
        "city": "Z\u00fcrich",
        "region": "Z\u00fcrich",
        "country": "CH",
        "road": "Uraniastrasse",
        "postalcode": "8001"
      }
    },
    {
      "type": "Feature",
      "geometry": {
        "type": "Point",
        "coordinates": [
          139.71665955,
          35.6735878
        ]
      },
      "properties": {
        "netid": "24:B2:B9:F9:B1:49",
        "ssid": "ClickShare-1862729393",
        "oui": "24:B2:B9",
        "channel": 36,
        "encryption": "wpa2",
        "firsttime": "2026-07-11T10:00:00.000Z",
        "lasttime": "2026-07-11T20:00:00.000Z",
        "city": "\u65b0\u5bbf\u533a",
        "region": "\u971e\u30f6\u4e18\u753a",
        "country": "JP",
        "road": "\u56db\u8c37\u89d2\u7b48\u7dda",
        "postalcode": "160-0015"
      }
    },
    {
      "type": "Feature",
      "geometry": {
        "type": "Point",
        "coordinates": [
          7.72654915,
          48.26919937
        ]
      },
      "properties": {
        "netid": "24:B2:B9:F9:B1:97",
        "ssid": "ClickShare-Besprechungsraum 2.20",
        "oui": "24:B2:B9",
        "channel": 36,
        "encryption": "wpa2",
        "firsttime": "2026-08-06T07:00:00.000Z",
        "lasttime": "2026-08-06T08:00:00.000Z",
        "city": null,
        "region": "Baden-W\u00fcrttemberg",
        "country": "DE",
        "road": "Ritterstra\u00dfe",
        "postalcode": "77977"
      }
    },
    {
      "type": "Feature",
      "geometry": {
        "type": "Point",
        "coordinates": [
          7.58462524,
          47.54678345
        ]
      },
      "properties": {
        "netid": "24:B2:B9:F9:B1:B1",
        "ssid": "ClickShare-V217",
        "oui": "24:B2:B9",
        "channel": 36,
        "encryption": "wpa2",
        "firsttime": "2026-05-09T08:00:00.000Z",
        "lasttime": "2026-05-19T06:00:00.000Z",
        "city": "Basel",
        "region": "Basel-Stadt",
        "country": "CH",
        "road": "Margarethenstrasse",
        "postalcode": "4053"
      }
    },
    {
      "type": "Feature",
      "geometry": {
        "type": "Point",
        "coordinates": [
          8.53791523,
          47.37487793
        ]
      },
      "properties": {
        "netid": "24:B2:B9:F9:B1:B5",
        "ssid": "Sitzungszimmer-Rennweg",
        "oui": "24:B2:B9",
        "channel": 1,
        "encryption": "wpa2",
        "firsttime": "2026-06-22T06:00:00.000Z",
        "lasttime": "2026-06-22T08:00:00.000Z",
        "city": "Z\u00fcrich",
        "region": "Z\u00fcrich",
        "country": "CH",
        "road": "Uraniastrasse",
        "postalcode": "8001"
      }
    },
    {
      "type": "Feature",
      "geometry": {
        "type": "Point",
        "coordinates": [
          19.92008972,
          50.06010437
        ]
      },
      "properties": {
        "netid": "24:B2:B9:F9:B1:FD",
        "ssid": "ClickShare-1862730890",
        "oui": "24:B2:B9",
        "channel": 36,
        "encryption": "wpa2",
        "firsttime": "2026-05-31T12:00:00.000Z",
        "lasttime": "2026-05-31T08:00:00.000Z",
        "city": null,
        "region": "wojew\u00f3dztwo ma\u0142opolskie",
        "country": "PL",
        "road": "Aleja 3 Maja",
        "postalcode": "30-062"
      }
    },
    {
      "type": "Feature",
      "geometry": {
        "type": "Point",
        "coordinates": [
          7.62572384,
          46.75955582
        ]
      },
      "properties": {
        "netid": "24:B2:B9:F9:B2:73",
        "ssid": "Sitzungszimmer OG01.002",
        "oui": "24:B2:B9",
        "channel": 6,
        "encryption": "wpa2",
        "firsttime": "2026-08-02T06:00:00.000Z",
        "lasttime": "2026-08-02T04:00:00.000Z",
        "city": null,
        "region": "Bern/Berne",
        "country": "CH",
        "road": "Guisanplatz",
        "postalcode": null
      }
    },
    {
      "type": "Feature",
      "geometry": {
        "type": "Point",
        "coordinates": [
          -74.05501556,
          40.603302
        ]
      },
      "properties": {
        "netid": "24:B2:B9:F9:B2:FF",
        "ssid": "ClickShare-1863092238",
        "oui": "24:B2:B9",
        "channel": 36,
        "encryption": "wpa2",
        "firsttime": "2026-07-28T22:00:00.000Z",
        "lasttime": "2026-07-28T18:00:00.000Z",
        "city": "City of New York",
        "region": "NY",
        "country": "US",
        "road": "Verrazzano-Narrows Bridge",
        "postalcode": "10305"
      }
    },
    {
      "type": "Feature",
      "geometry": {
        "type": "Point",
        "coordinates": [
          -95.36167145,
          29.76061058
        ]
      },
      "properties": {
        "netid": "24:B2:B9:F9:B3:75",
        "ssid": "Rm 826",
        "oui": "24:B2:B9",
        "channel": 36,
        "encryption": "wpa2",
        "firsttime": "2026-08-05T22:00:00.000Z",
        "lasttime": "2026-08-05T19:00:00.000Z",
        "city": "Houston",
        "region": "TX",
        "country": "US",
        "road": "Prairie Street",
        "postalcode": "77002"
      }
    },
    {
      "type": "Feature",
      "geometry": {
        "type": "Point",
        "coordinates": [
          -83.04512024,
          42.32886124
        ]
      },
      "properties": {
        "netid": "24:B2:B9:F9:B3:99",
        "ssid": "ClickShare - Courtroom 1421",
        "oui": "24:B2:B9",
        "channel": 36,
        "encryption": "wpa2",
        "firsttime": "2026-05-30T20:00:00.000Z",
        "lasttime": "2026-05-30T16:00:00.000Z",
        "city": "Detroit",
        "region": "MI",
        "country": "US",
        "road": "Woodward Avenue",
        "postalcode": "48226-4449"
      }
    },
    {
      "type": "Feature",
      "geometry": {
        "type": "Point",
        "coordinates": [
          -2.10848856,
          53.54067612
        ]
      },
      "properties": {
        "netid": "24:B2:B9:F9:B3:A7",
        "ssid": "ClickShare-1862729890",
        "oui": "24:B2:B9",
        "channel": 36,
        "encryption": "wpa2",
        "firsttime": "2026-03-06T08:00:00.000Z",
        "lasttime": "2026-05-30T02:00:00.000Z",
        "city": null,
        "region": "England",
        "country": "GB",
        "road": "Ashworth Street",
        "postalcode": "OL1 1SA"
      }
    },
    {
      "type": "Feature",
      "geometry": {
        "type": "Point",
        "coordinates": [
          8.34147453,
          47.35348511
        ]
      },
      "properties": {
        "netid": "24:B2:B9:F9:B3:D7",
        "ssid": "ClickShare-1862730778",
        "oui": "24:B2:B9",
        "channel": 36,
        "encryption": "wpa2",
        "firsttime": "2026-02-12T08:00:00.000Z",
        "lasttime": "2026-07-17T13:00:00.000Z",
        "city": null,
        "region": "Aargau",
        "country": "CH",
        "road": "Bleicherweg",
        "postalcode": "5620"
      }
    },
    {
      "type": "Feature",
      "geometry": {
        "type": "Point",
        "coordinates": [
          139.71646118,
          35.67359924
        ]
      },
      "properties": {
        "netid": "24:B2:B9:F9:B4:C3",
        "ssid": "ClickShare-1862729414",
        "oui": "24:B2:B9",
        "channel": 36,
        "encryption": "wpa2",
        "firsttime": "2026-07-05T09:00:00.000Z",
        "lasttime": "2026-07-11T20:00:00.000Z",
        "city": "\u65b0\u5bbf\u533a",
        "region": "\u971e\u30f6\u4e18\u753a",
        "country": "JP",
        "road": "\u56db\u8c37\u89d2\u7b48\u7dda",
        "postalcode": "160-0015"
      }
    },
    {
      "type": "Feature",
      "geometry": {
        "type": "Point",
        "coordinates": [
          -4.27896881,
          55.86408997
        ]
      },
      "properties": {
        "netid": "24:B2:B9:F9:B5:53",
        "ssid": "ClickShare-1862731049",
        "oui": "24:B2:B9",
        "channel": 36,
        "encryption": "wpa2",
        "firsttime": "2026-05-23T16:00:00.000Z",
        "lasttime": "2026-05-23T13:00:00.000Z",
        "city": "Glasgow",
        "region": "Alba / Scotland",
        "country": "GB",
        "road": "Kent Road",
        "postalcode": "G3 8LD"
      }
    },
    {
      "type": "Feature",
      "geometry": {
        "type": "Point",
        "coordinates": [
          8.54726028,
          47.37127304
        ]
      },
      "properties": {
        "netid": "24:B2:B9:F9:B5:A3",
        "ssid": "ClickShare-IT",
        "oui": "24:B2:B9",
        "channel": 36,
        "encryption": "wpa2",
        "firsttime": "2026-08-08T13:00:00.000Z",
        "lasttime": "2026-08-08T11:00:00.000Z",
        "city": "Z\u00fcrich",
        "region": "Z\u00fcrich",
        "country": "CH",
        "road": "Hirschengraben",
        "postalcode": "8001"
      }
    },
    {
      "type": "Feature",
      "geometry": {
        "type": "Point",
        "coordinates": [
          13.38424301,
          52.45350647
        ]
      },
      "properties": {
        "netid": "24:B2:B9:F9:B6:55",
        "ssid": "ClickShare-1862731150",
        "oui": "24:B2:B9",
        "channel": 1,
        "encryption": "wpa2",
        "firsttime": "2026-05-27T16:00:00.000Z",
        "lasttime": "2026-05-27T09:00:00.000Z",
        "city": "Berlin",
        "region": "Tempelhof-Sch\u00f6neberg",
        "country": "DE",
        "road": "Tempelhofer Damm",
        "postalcode": "12099"
      }
    },
    {
      "type": "Feature",
      "geometry": {
        "type": "Point",
        "coordinates": [
          -83.04366302,
          42.329216
        ]
      },
      "properties": {
        "netid": "24:B2:B9:F9:B6:A3",
        "ssid": "ClickShare - Room 700A",
        "oui": "24:B2:B9",
        "channel": 36,
        "encryption": "wpa2",
        "firsttime": "2026-08-07T00:00:00.000Z",
        "lasttime": "2026-08-06T18:00:00.000Z",
        "city": "Detroit",
        "region": "MI",
        "country": "US",
        "road": "East Jefferson Avenue",
        "postalcode": "48243-1798"
      }
    },
    {
      "type": "Feature",
      "geometry": {
        "type": "Point",
        "coordinates": [
          -84.3720932,
          39.20450974
        ]
      },
      "properties": {
        "netid": "24:B2:B9:F9:B7:3F",
        "ssid": "ClickShare-1863094225",
        "oui": "24:B2:B9",
        "channel": 36,
        "encryption": "wpa2",
        "firsttime": "2026-06-23T17:00:00.000Z",
        "lasttime": "2026-08-01T23:00:00.000Z",
        "city": null,
        "region": "OH",
        "country": "US",
        "road": "Northeast Expressway",
        "postalcode": "45236-4202"
      }
    },
    {
      "type": "Feature",
      "geometry": {
        "type": "Point",
        "coordinates": [
          2.17229676,
          41.38623047
        ]
      },
      "properties": {
        "netid": "24:B2:B9:F9:B7:AD",
        "ssid": "ClickShare-1862726370",
        "oui": "24:B2:B9",
        "channel": 36,
        "encryption": "wpa2",
        "firsttime": "2026-07-20T08:00:00.000Z",
        "lasttime": "2026-07-20T16:00:00.000Z",
        "city": "Barcelona",
        "region": "Catalunya",
        "country": "ES",
        "road": "Avinguda del Portal de l'\u00c0ngel",
        "postalcode": "08001"
      }
    },
    {
      "type": "Feature",
      "geometry": {
        "type": "Point",
        "coordinates": [
          18.07137489,
          59.31586075
        ]
      },
      "properties": {
        "netid": "24:B2:B9:F9:B7:CF",
        "ssid": "ClickShare-Konferensrummet",
        "oui": "24:B2:B9",
        "channel": 36,
        "encryption": "wpa2",
        "firsttime": "2026-01-27T11:00:00.000Z",
        "lasttime": "2026-04-19T08:00:00.000Z",
        "city": "Stockholm",
        "region": "Stockholms l\u00e4n",
        "country": "SE",
        "road": "Repslagargatan",
        "postalcode": "118 26"
      }
    },
    {
      "type": "Feature",
      "geometry": {
        "type": "Point",
        "coordinates": [
          -95.36125946,
          29.76039696
        ]
      },
      "properties": {
        "netid": "24:B2:B9:F9:B8:79",
        "ssid": "Rm 822",
        "oui": "24:B2:B9",
        "channel": 36,
        "encryption": "wpa2",
        "firsttime": "2026-08-05T22:00:00.000Z",
        "lasttime": "2026-08-05T19:00:00.000Z",
        "city": "Houston",
        "region": "TX",
        "country": "US",
        "road": "Prairie Street",
        "postalcode": "77002"
      }
    },
    {
      "type": "Feature",
      "geometry": {
        "type": "Point",
        "coordinates": [
          8.53791046,
          47.37487411
        ]
      },
      "properties": {
        "netid": "24:B2:B9:F9:B8:AB",
        "ssid": "Sitzungszimmer-Rosenhof",
        "oui": "24:B2:B9",
        "channel": 6,
        "encryption": "wpa2",
        "firsttime": "2026-06-22T06:00:00.000Z",
        "lasttime": "2026-06-22T08:00:00.000Z",
        "city": "Z\u00fcrich",
        "region": "Z\u00fcrich",
        "country": "CH",
        "road": "Uraniastrasse",
        "postalcode": "8001"
      }
    },
    {
      "type": "Feature",
      "geometry": {
        "type": "Point",
        "coordinates": [
          8.53787518,
          47.37477112
        ]
      },
      "properties": {
        "netid": "24:B2:B9:F9:B8:B1",
        "ssid": "Sitzungszimmer-B\u00fckliplatz",
        "oui": "24:B2:B9",
        "channel": 1,
        "encryption": "wpa2",
        "firsttime": "2026-06-22T06:00:00.000Z",
        "lasttime": "2026-06-22T08:00:00.000Z",
        "city": "Z\u00fcrich",
        "region": "Z\u00fcrich",
        "country": "CH",
        "road": "Lintheschergasse",
        "postalcode": "8090"
      }
    },
    {
      "type": "Feature",
      "geometry": {
        "type": "Point",
        "coordinates": [
          8.16749573,
          49.46227646
        ]
      },
      "properties": {
        "netid": "24:B2:B9:F9:B9:D9",
        "ssid": "ClickShare-1862730312",
        "oui": "24:B2:B9",
        "channel": 36,
        "encryption": "wpa2",
        "firsttime": "2026-06-28T18:00:00.000Z",
        "lasttime": "2026-06-28T13:00:00.000Z",
        "city": null,
        "region": "Rheinland-Pfalz",
        "country": "DE",
        "road": "Schlossplatz",
        "postalcode": "67098"
      }
    },
    {
      "type": "Feature",
      "geometry": {
        "type": "Point",
        "coordinates": [
          10.02178288,
          53.58415985
        ]
      },
      "properties": {
        "netid": "24:B2:B9:F9:BA:19",
        "ssid": "ClickShare-1862730866",
        "oui": "24:B2:B9",
        "channel": 36,
        "encryption": "wpa2",
        "firsttime": "2026-03-29T11:00:00.000Z",
        "lasttime": "2026-03-29T04:00:00.000Z",
        "city": "Hamburg",
        "region": "Winterhude",
        "country": "DE",
        "road": "Jarrestra\u00dfe",
        "postalcode": "22303"
      }
    },
    {
      "type": "Feature",
      "geometry": {
        "type": "Point",
        "coordinates": [
          4.44548941,
          51.91552353
        ]
      },
      "properties": {
        "netid": "24:B2:B9:F9:BA:61",
        "ssid": "ClickShare-1862732890",
        "oui": "24:B2:B9",
        "channel": 36,
        "encryption": "wpa2",
        "firsttime": "2025-12-13T12:00:00.000Z",
        "lasttime": "2026-06-23T00:00:00.000Z",
        "city": "Rotterdam",
        "region": "Zuid-Holland",
        "country": "NL",
        "road": "Aelbrechtskade",
        "postalcode": "3023JB"
      }
    },
    {
      "type": "Feature",
      "geometry": {
        "type": "Point",
        "coordinates": [
          -0.57711869,
          51.23736572
        ]
      },
      "properties": {
        "netid": "24:B2:B9:F9:BB:0B",
        "ssid": "ClickShare-2.03",
        "oui": "24:B2:B9",
        "channel": 36,
        "encryption": "wpa2",
        "firsttime": "2026-05-05T06:00:00.000Z",
        "lasttime": "2026-05-05T12:00:00.000Z",
        "city": null,
        "region": "England",
        "country": "GB",
        "road": "Onslow Street",
        "postalcode": "GU1 4YN"
      }
    },
    {
      "type": "Feature",
      "geometry": {
        "type": "Point",
        "coordinates": [
          8.59105682,
          47.40600204
        ]
      },
      "properties": {
        "netid": "24:B2:B9:F9:BB:F9",
        "ssid": "ClickShare-1862732700",
        "oui": "24:B2:B9",
        "channel": 36,
        "encryption": "wpa2",
        "firsttime": "2026-02-24T13:00:00.000Z",
        "lasttime": "2026-05-07T06:00:00.000Z",
        "city": "Z\u00fcrich",
        "region": "Z\u00fcrich",
        "country": "CH",
        "road": "Neue Winterthurerstrasse",
        "postalcode": "8301"
      }
    },
    {
      "type": "Feature",
      "geometry": {
        "type": "Point",
        "coordinates": [
          5.22215414,
          52.37478638
        ]
      },
      "properties": {
        "netid": "24:B2:B9:F9:BC:3B",
        "ssid": "ClickShare-De Waterkering",
        "oui": "24:B2:B9",
        "channel": 36,
        "encryption": "wpa2",
        "firsttime": "2026-03-27T15:00:00.000Z",
        "lasttime": "2026-07-18T13:00:00.000Z",
        "city": null,
        "region": "Flevoland",
        "country": "NL",
        "road": "Festivalplein",
        "postalcode": "1325"
      }
    },
    {
      "type": "Feature",
      "geometry": {
        "type": "Point",
        "coordinates": [
          5.22218847,
          52.26017761
        ]
      },
      "properties": {
        "netid": "24:B2:B9:F9:BC:7B",
        "ssid": "ClickShare-1862724908",
        "oui": "24:B2:B9",
        "channel": 36,
        "encryption": "wpa2",
        "firsttime": "2026-08-02T12:00:00.000Z",
        "lasttime": "2026-08-02T12:00:00.000Z",
        "city": null,
        "region": "Noord-Holland",
        "country": "NL",
        "road": "Naarderstraat",
        "postalcode": "1251BE"
      }
    },
    {
      "type": "Feature",
      "geometry": {
        "type": "Point",
        "coordinates": [
          -1.25482905,
          51.75455093
        ]
      },
      "properties": {
        "netid": "24:B2:B9:F9:BD:19",
        "ssid": "ClickShare-1862729891",
        "oui": "24:B2:B9",
        "channel": 36,
        "encryption": "wpa2",
        "firsttime": "2026-02-24T11:00:00.000Z",
        "lasttime": "2026-07-27T08:00:00.000Z",
        "city": "Oxford",
        "region": "England",
        "country": "GB",
        "road": "Catte Street",
        "postalcode": "OX1 3BD"
      }
    },
    {
      "type": "Feature",
      "geometry": {
        "type": "Point",
        "coordinates": [
          -0.57712609,
          51.23711395
        ]
      },
      "properties": {
        "netid": "24:B2:B9:F9:BD:63",
        "ssid": "ClickShare-2.01",
        "oui": "24:B2:B9",
        "channel": 36,
        "encryption": "wpa2",
        "firsttime": "2026-04-05T11:00:00.000Z",
        "lasttime": "2026-05-09T04:00:00.000Z",
        "city": null,
        "region": "England",
        "country": "GB",
        "road": "Onslow Street",
        "postalcode": "GU1 4YN"
      }
    },
    {
      "type": "Feature",
      "geometry": {
        "type": "Point",
        "coordinates": [
          5.19665909,
          52.21226883
        ]
      },
      "properties": {
        "netid": "24:B2:B9:F9:BD:65",
        "ssid": "ClickShare-1862732891",
        "oui": "24:B2:B9",
        "channel": 1,
        "encryption": "wpa2",
        "firsttime": "2026-06-11T05:00:00.000Z",
        "lasttime": "2026-06-15T07:00:00.000Z",
        "city": null,
        "region": "Noord-Holland",
        "country": "NL",
        "road": "Oostereind",
        "postalcode": "1213NJ"
      }
    },
    {
      "type": "Feature",
      "geometry": {
        "type": "Point",
        "coordinates": [
          18.56326294,
          54.44301224
        ]
      },
      "properties": {
        "netid": "24:B2:B9:F9:BD:6F",
        "ssid": "ClickShare-1862731033",
        "oui": "24:B2:B9",
        "channel": 36,
        "encryption": "wpa2",
        "firsttime": "2026-04-24T09:00:00.000Z",
        "lasttime": "2026-05-02T10:00:00.000Z",
        "city": null,
        "region": "wojew\u00f3dztwo pomorskie",
        "country": "PL",
        "road": "Plac Konstytucji 3 Maja",
        "postalcode": "81-704"
      }
    },
    {
      "type": "Feature",
      "geometry": {
        "type": "Point",
        "coordinates": [
          -117.1769104,
          32.90447235
        ]
      },
      "properties": {
        "netid": "24:B2:B9:F9:BE:09",
        "ssid": null,
        "oui": "24:B2:B9",
        "channel": 165,
        "encryption": "wpa2",
        "firsttime": "2026-06-06T19:00:00.000Z",
        "lasttime": "2026-06-07T01:00:00.000Z",
        "city": "San Diego",
        "region": "CA",
        "country": "US",
        "road": "Flanders Drive",
        "postalcode": "92121"
      }
    },
    {
      "type": "Feature",
      "geometry": {
        "type": "Point",
        "coordinates": [
          18.06975555,
          59.3162117
        ]
      },
      "properties": {
        "netid": "24:B2:B9:F9:BE:25",
        "ssid": "ClickShare-Rullstativ2",
        "oui": "24:B2:B9",
        "channel": 36,
        "encryption": "wpa2",
        "firsttime": "2026-04-19T15:00:00.000Z",
        "lasttime": "2026-04-19T08:00:00.000Z",
        "city": "Stockholm",
        "region": "Stockholms l\u00e4n",
        "country": "SE",
        "road": "H\u00f6gbergsgatan",
        "postalcode": "118 55"
      }
    },
    {
      "type": "Feature",
      "geometry": {
        "type": "Point",
        "coordinates": [
          -4.2762208,
          55.86524963
        ]
      },
      "properties": {
        "netid": "24:B2:B9:F9:BF:F1",
        "ssid": "ClickShare-1862729862",
        "oui": "24:B2:B9",
        "channel": 36,
        "encryption": "wpa2",
        "firsttime": "2026-07-25T22:00:00.000Z",
        "lasttime": "2026-07-26T11:00:00.000Z",
        "city": "Glasgow",
        "region": "Alba / Scotland",
        "country": "GB",
        "road": "Berkeley Street",
        "postalcode": "G3 7DX"
      }
    },
    {
      "type": "Feature",
      "geometry": {
        "type": "Point",
        "coordinates": [
          4.4793005,
          51.92227173
        ]
      },
      "properties": {
        "netid": "24:B2:B9:F9:C0:23",
        "ssid": "ClickShare-1.04A",
        "oui": "24:B2:B9",
        "channel": 36,
        "encryption": "wpa2",
        "firsttime": "2026-08-08T16:00:00.000Z",
        "lasttime": "2026-08-08T10:00:00.000Z",
        "city": "Rotterdam",
        "region": "Zuid-Holland",
        "country": "NL",
        "road": "Stadhuisstraat",
        "postalcode": "3012AC"
      }
    },
    {
      "type": "Feature",
      "geometry": {
        "type": "Point",
        "coordinates": [
          8.55674648,
          47.31159592
        ]
      },
      "properties": {
        "netid": "24:B2:B9:F9:C1:AD",
        "ssid": "ClickShare-1862726446",
        "oui": "24:B2:B9",
        "channel": 36,
        "encryption": "wpa2",
        "firsttime": "2026-08-04T11:00:00.000Z",
        "lasttime": "2026-08-04T13:00:00.000Z",
        "city": null,
        "region": "Z\u00fcrich",
        "country": "CH",
        "road": "Seestrasse",
        "postalcode": "8803"
      }
    },
    {
      "type": "Feature",
      "geometry": {
        "type": "Point",
        "coordinates": [
          -84.25927734,
          39.26818466
        ]
      },
      "properties": {
        "netid": "24:B2:B9:F9:C2:47",
        "ssid": "ClickShare-1863094315",
        "oui": "24:B2:B9",
        "channel": 36,
        "encryption": "wpa2",
        "firsttime": "2026-07-31T20:00:00.000Z",
        "lasttime": "2026-07-31T14:00:00.000Z",
        "city": null,
        "region": "OH",
        "country": "US",
        "road": "West Loveland Avenue",
        "postalcode": "45140-2922"
      }
    },
    {
      "type": "Feature",
      "geometry": {
        "type": "Point",
        "coordinates": [
          -81.68865967,
          41.49852371
        ]
      },
      "properties": {
        "netid": "24:B2:B9:F9:C2:6F",
        "ssid": "ClickShare-MobileCart",
        "oui": "24:B2:B9",
        "channel": 36,
        "encryption": "wpa2",
        "firsttime": "2026-06-14T13:00:00.000Z",
        "lasttime": "2026-06-14T08:00:00.000Z",
        "city": "Cleveland",
        "region": "OH",
        "country": "US",
        "road": "Prospect Avenue East",
        "postalcode": "44115"
      }
    },
    {
      "type": "Feature",
      "geometry": {
        "type": "Point",
        "coordinates": [
          8.45758533,
          47.18088531
        ]
      },
      "properties": {
        "netid": "24:B2:B9:F9:C4:19",
        "ssid": "ClickShare-Zimmer3.4",
        "oui": "24:B2:B9",
        "channel": 40,
        "encryption": "wpa2",
        "firsttime": "2026-07-11T09:00:00.000Z",
        "lasttime": "2026-07-31T12:00:00.000Z",
        "city": "Cham",
        "region": "Zug",
        "country": "CH",
        "road": "Schulhausstrasse",
        "postalcode": "6330"
      }
    },
    {
      "type": "Feature",
      "geometry": {
        "type": "Point",
        "coordinates": [
          8.51593685,
          47.16061401
        ]
      },
      "properties": {
        "netid": "24:B2:B9:F9:C4:39",
        "ssid": "ClickShare-VWG B\u00fcro 0211.00",
        "oui": "24:B2:B9",
        "channel": 36,
        "encryption": "wpa2",
        "firsttime": "2026-07-02T08:00:00.000Z",
        "lasttime": "2026-07-02T02:00:00.000Z",
        "city": null,
        "region": "Zug",
        "country": "CH",
        "road": "Athene",
        "postalcode": "6317"
      }
    },
    {
      "type": "Feature",
      "geometry": {
        "type": "Point",
        "coordinates": [
          2.13548779,
          41.39021683
        ]
      },
      "properties": {
        "netid": "24:B2:B9:F9:C4:DF",
        "ssid": "ClickShare-1862730097",
        "oui": "24:B2:B9",
        "channel": 36,
        "encryption": "wpa2",
        "firsttime": "2026-02-26T15:00:00.000Z",
        "lasttime": "2026-02-26T08:00:00.000Z",
        "city": "Barcelona",
        "region": "Catalunya",
        "country": "ES",
        "road": "Avinguda Diagonal",
        "postalcode": "08008"
      }
    },
    {
      "type": "Feature",
      "geometry": {
        "type": "Point",
        "coordinates": [
          9.84219551,
          54.46015167
        ]
      },
      "properties": {
        "netid": "24:B2:B9:F9:C4:EB",
        "ssid": "ClickShare Raum Fehmarn",
        "oui": "24:B2:B9",
        "channel": 36,
        "encryption": "wpa2",
        "firsttime": "2026-07-12T15:00:00.000Z",
        "lasttime": "2026-08-05T14:00:00.000Z",
        "city": null,
        "region": "Schleswig-Holstein",
        "country": "DE",
        "road": "Berliner Stra\u00dfe",
        "postalcode": "24340"
      }
    },
    {
      "type": "Feature",
      "geometry": {
        "type": "Point",
        "coordinates": [
          2.34785485,
          48.85785294
        ]
      },
      "properties": {
        "netid": "24:B2:B9:F9:C5:93",
        "ssid": "ClickShare-1862730068",
        "oui": "24:B2:B9",
        "channel": 36,
        "encryption": "wpa2",
        "firsttime": "2026-05-15T19:00:00.000Z",
        "lasttime": "2026-06-03T13:00:00.000Z",
        "city": "Paris",
        "region": "\u00cele-de-France",
        "country": "FR",
        "road": "Boulevard de S\u00e9bastopol",
        "postalcode": "75004"
      }
    },
    {
      "type": "Feature",
      "geometry": {
        "type": "Point",
        "coordinates": [
          -0.14244626,
          51.50641632
        ]
      },
      "properties": {
        "netid": "24:B2:B9:F9:C5:B3",
        "ssid": "ClickShare-1862730685",
        "oui": "24:B2:B9",
        "channel": 36,
        "encryption": "wpa2",
        "firsttime": "2026-05-18T08:00:00.000Z",
        "lasttime": "2026-06-24T04:00:00.000Z",
        "city": "London",
        "region": "England",
        "country": "GB",
        "road": "Queen's Walk",
        "postalcode": "W1J 8HS"
      }
    },
    {
      "type": "Feature",
      "geometry": {
        "type": "Point",
        "coordinates": [
          -2.58467817,
          51.45420074
        ]
      },
      "properties": {
        "netid": "24:B2:B9:F9:C5:ED",
        "ssid": "ClickShare-6.07",
        "oui": "24:B2:B9",
        "channel": 36,
        "encryption": "wpa2",
        "firsttime": "2026-04-20T12:00:00.000Z",
        "lasttime": "2026-04-20T07:00:00.000Z",
        "city": "Bristol",
        "region": "England",
        "country": "GB",
        "road": "Narrow Plain",
        "postalcode": "BS2"
      }
    },
    {
      "type": "Feature",
      "geometry": {
        "type": "Point",
        "coordinates": [
          -2.23353267,
          53.47817993
        ]
      },
      "properties": {
        "netid": "24:B2:B9:F9:C5:FF",
        "ssid": null,
        "oui": "24:B2:B9",
        "channel": 36,
        "encryption": "wpa2",
        "firsttime": "2026-05-04T10:00:00.000Z",
        "lasttime": "2026-05-04T06:00:00.000Z",
        "city": "Manchester",
        "region": "England",
        "country": "GB",
        "road": "Piccadilly Plaza",
        "postalcode": "M1 4AH"
      }
    },
    {
      "type": "Feature",
      "geometry": {
        "type": "Point",
        "coordinates": [
          8.55189705,
          47.3189621
        ]
      },
      "properties": {
        "netid": "24:B2:B9:F9:C6:07",
        "ssid": "incs93152",
        "oui": "24:B2:B9",
        "channel": 36,
        "encryption": "wpa2",
        "firsttime": "2026-07-01T08:00:00.000Z",
        "lasttime": "2026-07-01T04:00:00.000Z",
        "city": null,
        "region": "Z\u00fcrich",
        "country": "CH",
        "road": "Seestrasse",
        "postalcode": "8802"
      }
    },
    {
      "type": "Feature",
      "geometry": {
        "type": "Point",
        "coordinates": [
          8.66218185,
          50.11828995
        ]
      },
      "properties": {
        "netid": "24:B2:B9:F9:C6:2B",
        "ssid": "Clickshare_Opernplatz",
        "oui": "24:B2:B9",
        "channel": 36,
        "encryption": "wpa2",
        "firsttime": "2026-07-29T06:00:00.000Z",
        "lasttime": "2026-07-29T11:00:00.000Z",
        "city": "Frankfurt am Main",
        "region": "Hessen",
        "country": "DE",
        "road": "Bockenheimer Landstra\u00dfe",
        "postalcode": "60325"
      }
    },
    {
      "type": "Feature",
      "geometry": {
        "type": "Point",
        "coordinates": [
          15.43902016,
          47.06770706
        ]
      },
      "properties": {
        "netid": "24:B2:B9:F9:C6:61",
        "ssid": "CS-Wohnplattform",
        "oui": "24:B2:B9",
        "channel": 36,
        "encryption": "wpa2",
        "firsttime": "2026-07-07T12:00:00.000Z",
        "lasttime": "2026-08-02T00:00:00.000Z",
        "city": "Graz",
        "region": "Steiermark",
        "country": "AT",
        "road": "Raubergasse",
        "postalcode": "8010"
      }
    },
    {
      "type": "Feature",
      "geometry": {
        "type": "Point",
        "coordinates": [
          7.43717289,
          46.94573212
        ]
      },
      "properties": {
        "netid": "24:B2:B9:F9:C6:AD",
        "ssid": "ClickShare-SiZi-Rhein",
        "oui": "24:B2:B9",
        "channel": 6,
        "encryption": "wep",
        "firsttime": "2026-04-06T01:00:00.000Z",
        "lasttime": "2026-04-07T16:00:00.000Z",
        "city": "Bern",
        "region": "Bern/Berne",
        "country": "CH",
        "road": "Monbijoustrasse",
        "postalcode": "3011"
      }
    },
    {
      "type": "Feature",
      "geometry": {
        "type": "Point",
        "coordinates": [
          4.92890024,
          51.44339371
        ]
      },
      "properties": {
        "netid": "24:B2:B9:F9:C6:B7",
        "ssid": "ClickShare-De Beer",
        "oui": "24:B2:B9",
        "channel": 36,
        "encryption": "wpa2",
        "firsttime": "2026-03-08T13:00:00.000Z",
        "lasttime": "2026-03-08T09:00:00.000Z",
        "city": null,
        "region": "Noord-Brabant",
        "country": "NL",
        "road": "Nieuwstraat",
        "postalcode": "5111CV"
      }
    },
    {
      "type": "Feature",
      "geometry": {
        "type": "Point",
        "coordinates": [
          -121.13128662,
          44.6335907
        ]
      },
      "properties": {
        "netid": "24:B2:B9:F9:F3:F3",
        "ssid": null,
        "oui": "24:B2:B9",
        "channel": 48,
        "encryption": "unknown",
        "firsttime": "2026-03-03T10:00:00.000Z",
        "lasttime": "2026-03-10T16:00:00.000Z",
        "city": null,
        "region": "OR",
        "country": "US",
        "road": "Southwest D Street",
        "postalcode": "97741"
      }
    },
    {
      "type": "Feature",
      "geometry": {
        "type": "Point",
        "coordinates": [
          10.70708942,
          59.92972946
        ]
      },
      "properties": {
        "netid": "24:B2:B9:FB:F5:4D",
        "ssid": "ClickShare-1862727293",
        "oui": "24:B2:B9",
        "channel": 36,
        "encryption": "wpa2",
        "firsttime": "2026-05-26T09:00:00.000Z",
        "lasttime": "2026-05-26T02:00:00.000Z",
        "city": "Oslo",
        "region": "Frogner",
        "country": "NO",
        "road": "Middelthuns gate",
        "postalcode": "0369"
      }
    },
    {
      "type": "Feature",
      "geometry": {
        "type": "Point",
        "coordinates": [
          4.81394625,
          52.43803406
        ]
      },
      "properties": {
        "netid": "24:B2:B9:FB:F5:B7",
        "ssid": "ClickShare-1862727612",
        "oui": "24:B2:B9",
        "channel": 36,
        "encryption": "wpa2",
        "firsttime": "2026-07-02T12:00:00.000Z",
        "lasttime": "2026-08-06T12:00:00.000Z",
        "city": null,
        "region": "Noord-Holland",
        "country": "NL",
        "road": "Provincialeweg",
        "postalcode": "1506ME"
      }
    },
    {
      "type": "Feature",
      "geometry": {
        "type": "Point",
        "coordinates": [
          8.5462513,
          47.37436295
        ]
      },
      "properties": {
        "netid": "24:B2:B9:FB:F6:A9",
        "ssid": "ClickShare-V30",
        "oui": "24:B2:B9",
        "channel": 36,
        "encryption": "wpa2",
        "firsttime": "2026-07-06T18:00:00.000Z",
        "lasttime": "2026-07-13T03:00:00.000Z",
        "city": "Z\u00fcrich",
        "region": "Z\u00fcrich",
        "country": "CH",
        "road": "Seilergraben",
        "postalcode": "8092"
      }
    },
    {
      "type": "Feature",
      "geometry": {
        "type": "Point",
        "coordinates": [
          115.81420898,
          -32.24336624
        ]
      },
      "properties": {
        "netid": "24:B2:B9:FB:F7:15",
        "ssid": "ClickShare-Meeting Room 1",
        "oui": "24:B2:B9",
        "channel": 36,
        "encryption": "wpa2",
        "firsttime": "2026-06-30T03:00:00.000Z",
        "lasttime": "2026-07-02T02:00:00.000Z",
        "city": null,
        "region": "Western Australia",
        "country": "AU",
        "road": "Peel Row",
        "postalcode": "6167"
      }
    },
    {
      "type": "Feature",
      "geometry": {
        "type": "Point",
        "coordinates": [
          46.72228622,
          24.70320511
        ]
      },
      "properties": {
        "netid": "24:B2:B9:FB:F7:17",
        "ssid": "SIDB-ClickShare-1862732322",
        "oui": "24:B2:B9",
        "channel": 36,
        "encryption": "wpa2",
        "firsttime": "2026-07-09T08:00:00.000Z",
        "lasttime": "2026-07-09T06:00:00.000Z",
        "city": "\u0627\u0644\u0631\u064a\u0627\u0636",
        "region": "\u0645\u0646\u0637\u0642\u0629 \u0627\u0644\u0631\u064a\u0627\u0636",
        "country": "SA",
        "road": "\u0637\u0631\u064a\u0642 \u0635\u0644\u0627\u062d \u0627\u0644\u062f\u064a\u0646 \u0627\u0644\u0623\u064a\u0648\u0628\u064a",
        "postalcode": "12223"
      }
    },
    {
      "type": "Feature",
      "geometry": {
        "type": "Point",
        "coordinates": [
          8.54576302,
          47.37422562
        ]
      },
      "properties": {
        "netid": "24:B2:B9:FB:F7:6D",
        "ssid": "ClickShare-P10.7",
        "oui": "24:B2:B9",
        "channel": 36,
        "encryption": "wpa2",
        "firsttime": "2026-06-30T12:00:00.000Z",
        "lasttime": "2026-06-30T05:00:00.000Z",
        "city": "Z\u00fcrich",
        "region": "Z\u00fcrich",
        "country": "CH",
        "road": "Bibliothekshof",
        "postalcode": null
      }
    },
    {
      "type": "Feature",
      "geometry": {
        "type": "Point",
        "coordinates": [
          -6.2609272,
          53.34297943
        ]
      },
      "properties": {
        "netid": "24:B2:B9:FB:F7:AB",
        "ssid": "ClickShare-1862728461",
        "oui": "24:B2:B9",
        "channel": 36,
        "encryption": "wpa2",
        "firsttime": "2026-03-17T15:00:00.000Z",
        "lasttime": "2026-07-29T09:00:00.000Z",
        "city": "Dublin",
        "region": "Leinster",
        "country": "IE",
        "road": "Wicklow Street",
        "postalcode": "D02 N262"
      }
    },
    {
      "type": "Feature",
      "geometry": {
        "type": "Point",
        "coordinates": [
          8.54567051,
          47.37419891
        ]
      },
      "properties": {
        "netid": "24:B2:B9:FB:F8:23",
        "ssid": "ClickShare-SemC",
        "oui": "24:B2:B9",
        "channel": 36,
        "encryption": "wpa2",
        "firsttime": "2026-06-30T12:00:00.000Z",
        "lasttime": "2026-06-30T05:00:00.000Z",
        "city": "Z\u00fcrich",
        "region": "Z\u00fcrich",
        "country": "CH",
        "road": "Bibliothekshof",
        "postalcode": null
      }
    },
    {
      "type": "Feature",
      "geometry": {
        "type": "Point",
        "coordinates": [
          13.40638161,
          52.54101562
        ]
      },
      "properties": {
        "netid": "24:B2:B9:FB:F8:CD",
        "ssid": null,
        "oui": "24:B2:B9",
        "channel": 36,
        "encryption": "wpa2",
        "firsttime": "2026-08-02T14:00:00.000Z",
        "lasttime": "2026-08-02T14:00:00.000Z",
        "city": "Berlin",
        "region": "Gleimviertel",
        "country": "DE",
        "road": "Eberswalder Stra\u00dfe",
        "postalcode": "10437"
      }
    },
    {
      "type": "Feature",
      "geometry": {
        "type": "Point",
        "coordinates": [
          -9.13729763,
          38.74898148
        ]
      },
      "properties": {
        "netid": "24:B2:B9:FB:F8:F5",
        "ssid": "ClickShare-1862732260",
        "oui": "24:B2:B9",
        "channel": 36,
        "encryption": "wpa2",
        "firsttime": "2026-03-24T12:00:00.000Z",
        "lasttime": "2026-03-24T05:00:00.000Z",
        "city": "Lisboa",
        "region": "Lisboa",
        "country": "PT",
        "road": "Avenida dos Estados Unidos da Am\u00e9rica",
        "postalcode": "1700-307 ALVALADE"
      }
    },
    {
      "type": "Feature",
      "geometry": {
        "type": "Point",
        "coordinates": [
          2.1773243,
          41.38476181
        ]
      },
      "properties": {
        "netid": "24:B2:B9:FB:F9:EF",
        "ssid": "ClickShare-1862732258",
        "oui": "24:B2:B9",
        "channel": 36,
        "encryption": "wpa2",
        "firsttime": "2026-07-20T11:00:00.000Z",
        "lasttime": "2026-07-20T15:00:00.000Z",
        "city": "Barcelona",
        "region": "Catalunya",
        "country": "ES",
        "road": "Via Laietana",
        "postalcode": "08003"
      }
    },
    {
      "type": "Feature",
      "geometry": {
        "type": "Point",
        "coordinates": [
          8.08747196,
          48.77686691
        ]
      },
      "properties": {
        "netid": "24:B2:B9:FB:FA:27",
        "ssid": "ClickShare-1862731162",
        "oui": "24:B2:B9",
        "channel": 36,
        "encryption": "wpa2",
        "firsttime": "2026-04-21T06:00:00.000Z",
        "lasttime": "2026-08-01T08:00:00.000Z",
        "city": null,
        "region": "Baden-W\u00fcrttemberg",
        "country": "DE",
        "road": "Halifax Avenue C",
        "postalcode": "77836"
      }
    },
    {
      "type": "Feature",
      "geometry": {
        "type": "Point",
        "coordinates": [
          4.88840199,
          52.36663437
        ]
      },
      "properties": {
        "netid": "24:B2:B9:FB:FA:9B",
        "ssid": "ClickShare-Brilliant",
        "oui": "24:B2:B9",
        "channel": 40,
        "encryption": "wpa2",
        "firsttime": "2026-03-26T14:00:00.000Z",
        "lasttime": "2026-08-06T06:00:00.000Z",
        "city": "Amsterdam",
        "region": "Noord-Holland",
        "country": "NL",
        "road": "Koningsplein",
        "postalcode": "1017AW"
      }
    },
    {
      "type": "Feature",
      "geometry": {
        "type": "Point",
        "coordinates": [
          -0.15355051,
          51.51324081
        ]
      },
      "properties": {
        "netid": "24:B2:B9:FB:FA:D7",
        "ssid": "ClickShare-Purdey-Lock",
        "oui": "24:B2:B9",
        "channel": 36,
        "encryption": "wpa2",
        "firsttime": "2026-08-03T14:00:00.000Z",
        "lasttime": "2026-08-03T08:00:00.000Z",
        "city": "London",
        "region": "England",
        "country": "GB",
        "road": "North Audley Street",
        "postalcode": "W1K 6ZD"
      }
    },
    {
      "type": "Feature",
      "geometry": {
        "type": "Point",
        "coordinates": [
          -117.84385681,
          33.70589066
        ]
      },
      "properties": {
        "netid": "24:B2:B9:FB:FC:99",
        "ssid": "exec confroom ClickShare",
        "oui": "24:B2:B9",
        "channel": 36,
        "encryption": "wpa2",
        "firsttime": "2026-07-06T17:00:00.000Z",
        "lasttime": "2026-07-06T11:00:00.000Z",
        "city": "Santa Ana",
        "region": "CA",
        "country": "US",
        "road": "East Dyer Road",
        "postalcode": "92705"
      }
    },
    {
      "type": "Feature",
      "geometry": {
        "type": "Point",
        "coordinates": [
          -71.08320618,
          42.36351395
        ]
      },
      "properties": {
        "netid": "24:B2:B9:FB:FD:B3",
        "ssid": "ClickShare-Kendall",
        "oui": "24:B2:B9",
        "channel": 36,
        "encryption": "wpa2",
        "firsttime": "2026-06-27T23:00:00.000Z",
        "lasttime": "2026-06-27T17:00:00.000Z",
        "city": "Cambridge",
        "region": "MA",
        "country": "US",
        "road": "Third Street",
        "postalcode": "02142"
      }
    },
    {
      "type": "Feature",
      "geometry": {
        "type": "Point",
        "coordinates": [
          16.22603416,
          47.99134445
        ]
      },
      "properties": {
        "netid": "24:B2:B9:FC:00:8D",
        "ssid": null,
        "oui": "24:B2:B9",
        "channel": 36,
        "encryption": "wpa2",
        "firsttime": "2026-03-19T06:00:00.000Z",
        "lasttime": "2026-03-20T00:00:00.000Z",
        "city": null,
        "region": "Nieder\u00f6sterreich",
        "country": "AT",
        "road": "V\u00f6slauer Stra\u00dfe",
        "postalcode": "2500"
      }
    },
    {
      "type": "Feature",
      "geometry": {
        "type": "Point",
        "coordinates": [
          -0.14268704,
          51.51685333
        ]
      },
      "properties": {
        "netid": "24:B2:B9:FC:00:A5",
        "ssid": "12LPS-RemoFloor1-MR1",
        "oui": "24:B2:B9",
        "channel": 36,
        "encryption": "wpa2",
        "firsttime": "2026-03-26T15:00:00.000Z",
        "lasttime": "2026-03-26T16:00:00.000Z",
        "city": "London",
        "region": "England",
        "country": "GB",
        "road": "Regent Street",
        "postalcode": "W1"
      }
    },
    {
      "type": "Feature",
      "geometry": {
        "type": "Point",
        "coordinates": [
          2.07999897,
          41.37232208
        ]
      },
      "properties": {
        "netid": "24:B2:B9:FC:00:BB",
        "ssid": "ClickShare-Sala13",
        "oui": "24:B2:B9",
        "channel": 36,
        "encryption": "wpa2",
        "firsttime": "2026-07-19T22:00:00.000Z",
        "lasttime": "2026-07-19T21:00:00.000Z",
        "city": "Esplugues de Llobregat",
        "region": "Catalunya",
        "country": "ES",
        "road": "Carrer del Gall",
        "postalcode": "08950"
      }
    },
    {
      "type": "Feature",
      "geometry": {
        "type": "Point",
        "coordinates": [
          -2.59422851,
          51.44975281
        ]
      },
      "properties": {
        "netid": "24:B2:B9:FC:00:D5",
        "ssid": "ClickShare-1862728345",
        "oui": "24:B2:B9",
        "channel": 36,
        "encryption": "wpa2",
        "firsttime": "2026-07-21T20:00:00.000Z",
        "lasttime": "2026-07-25T11:00:00.000Z",
        "city": "Bristol",
        "region": "England",
        "country": "GB",
        "road": "Queen Square",
        "postalcode": "BS1"
      }
    },
    {
      "type": "Feature",
      "geometry": {
        "type": "Point",
        "coordinates": [
          -9.1376276,
          38.74919128
        ]
      },
      "properties": {
        "netid": "24:B2:B9:FC:01:B3",
        "ssid": "ClickShare-1862732291",
        "oui": "24:B2:B9",
        "channel": 36,
        "encryption": "wpa2",
        "firsttime": "2026-03-24T12:00:00.000Z",
        "lasttime": "2026-06-04T07:00:00.000Z",
        "city": "Lisboa",
        "region": "Lisboa",
        "country": "PT",
        "road": "Avenida dos Estados Unidos da Am\u00e9rica",
        "postalcode": "1700-334 S\u00c3O JO\u00c3O DE BRITO"
      }
    },
    {
      "type": "Feature",
      "geometry": {
        "type": "Point",
        "coordinates": [
          -86.19732666,
          43.07667923
        ]
      },
      "properties": {
        "netid": "24:B2:B9:FC:01:CB",
        "ssid": "ClickShare 2nd Floor",
        "oui": "24:B2:B9",
        "channel": 36,
        "encryption": "wpa2",
        "firsttime": "2026-03-29T15:00:00.000Z",
        "lasttime": "2026-04-15T16:00:00.000Z",
        "city": null,
        "region": "MI",
        "country": "US",
        "road": "West Savidge Street",
        "postalcode": "49456"
      }
    },
    {
      "type": "Feature",
      "geometry": {
        "type": "Point",
        "coordinates": [
          -118.46035004,
          34.04979706
        ]
      },
      "properties": {
        "netid": "24:B2:B9:FC:01:E5",
        "ssid": "ClickShare-1862731138",
        "oui": "24:B2:B9",
        "channel": 36,
        "encryption": "wpa2",
        "firsttime": "2026-04-29T00:00:00.000Z",
        "lasttime": "2026-08-07T16:00:00.000Z",
        "city": "Los Angeles",
        "region": "CA",
        "country": "US",
        "road": "Wilshire Boulevard",
        "postalcode": "90025"
      }
    },
    {
      "type": "Feature",
      "geometry": {
        "type": "Point",
        "coordinates": [
          8.56530666,
          47.43314743
        ]
      },
      "properties": {
        "netid": "24:B2:B9:FC:02:59",
        "ssid": "ClickShare-DHG",
        "oui": "24:B2:B9",
        "channel": 36,
        "encryption": "wpa2",
        "firsttime": "2026-06-20T16:00:00.000Z",
        "lasttime": "2026-06-20T16:00:00.000Z",
        "city": null,
        "region": "Z\u00fcrich",
        "country": "CH",
        "road": "Schaffhauserstrasse",
        "postalcode": "8152"
      }
    },
    {
      "type": "Feature",
      "geometry": {
        "type": "Point",
        "coordinates": [
          4.88833952,
          52.36650467
        ]
      },
      "properties": {
        "netid": "24:B2:B9:FC:02:AB",
        "ssid": "ClickShare-ClosedOff",
        "oui": "24:B2:B9",
        "channel": 40,
        "encryption": "wpa2",
        "firsttime": "2026-07-26T15:00:00.000Z",
        "lasttime": "2026-07-31T23:00:00.000Z",
        "city": "Amsterdam",
        "region": "Noord-Holland",
        "country": "NL",
        "road": "Herengracht",
        "postalcode": "1017BZ"
      }
    },
    {
      "type": "Feature",
      "geometry": {
        "type": "Point",
        "coordinates": [
          -92.8128891,
          30.54503059
        ]
      },
      "properties": {
        "netid": "24:B2:B9:FC:02:DB",
        "ssid": "ClickShare-Boardroom-1208",
        "oui": "24:B2:B9",
        "channel": 36,
        "encryption": "wpa2",
        "firsttime": "2026-07-11T02:00:00.000Z",
        "lasttime": "2026-07-10T20:00:00.000Z",
        "city": null,
        "region": "LA",
        "country": "US",
        "road": null,
        "postalcode": null
      }
    },
    {
      "type": "Feature",
      "geometry": {
        "type": "Point",
        "coordinates": [
          9.18011761,
          48.77058411
        ]
      },
      "properties": {
        "netid": "24:B2:B9:FC:03:47",
        "ssid": "RAUM.ST.449",
        "oui": "24:B2:B9",
        "channel": 36,
        "encryption": "wpa2",
        "firsttime": "2026-06-14T16:00:00.000Z",
        "lasttime": "2026-06-14T19:00:00.000Z",
        "city": "Stuttgart",
        "region": "Baden-W\u00fcrttemberg",
        "country": "DE",
        "road": "Wilhelmstra\u00dfe",
        "postalcode": "70182"
      }
    },
    {
      "type": "Feature",
      "geometry": {
        "type": "Point",
        "coordinates": [
          -88.30510712,
          44.29766464
        ]
      },
      "properties": {
        "netid": "24:B2:B9:FC:03:55",
        "ssid": "Appleton office",
        "oui": "24:B2:B9",
        "channel": 36,
        "encryption": "wpa2",
        "firsttime": "2026-07-24T03:00:00.000Z",
        "lasttime": "2026-07-24T00:00:00.000Z",
        "city": null,
        "region": "WI",
        "country": "US",
        "road": "I 41;US 41",
        "postalcode": "54140"
      }
    },
    {
      "type": "Feature",
      "geometry": {
        "type": "Point",
        "coordinates": [
          -0.14253625,
          51.51657104
        ]
      },
      "properties": {
        "netid": "24:B2:B9:FC:03:61",
        "ssid": "12LPS-RemoFloor4-MR1",
        "oui": "24:B2:B9",
        "channel": 36,
        "encryption": "wpa2",
        "firsttime": "2026-05-18T17:00:00.000Z",
        "lasttime": "2026-05-18T11:00:00.000Z",
        "city": "London",
        "region": "England",
        "country": "GB",
        "road": "Regent Street",
        "postalcode": "W1"
      }
    },
    {
      "type": "Feature",
      "geometry": {
        "type": "Point",
        "coordinates": [
          -77.06035614,
          38.80538559
        ]
      },
      "properties": {
        "netid": "24:B2:B9:FC:04:0F",
        "ssid": "ClickShare-Innovation",
        "oui": "24:B2:B9",
        "channel": 36,
        "encryption": "wpa2",
        "firsttime": "2026-06-01T12:00:00.000Z",
        "lasttime": "2026-08-06T14:00:00.000Z",
        "city": "Alexandria",
        "region": "VA",
        "country": "US",
        "road": "Diagonal Road",
        "postalcode": "22314"
      }
    },
    {
      "type": "Feature",
      "geometry": {
        "type": "Point",
        "coordinates": [
          -86.56243134,
          41.94441986
        ]
      },
      "properties": {
        "netid": "24:B2:B9:FC:04:ED",
        "ssid": "ClickShare-1863095002",
        "oui": "24:B2:B9",
        "channel": 36,
        "encryption": "wpa2",
        "firsttime": "2026-07-28T23:00:00.000Z",
        "lasttime": "2026-07-30T05:00:00.000Z",
        "city": null,
        "region": "MI",
        "country": "US",
        "road": "Red Arrow Highway",
        "postalcode": "49106"
      }
    },
    {
      "type": "Feature",
      "geometry": {
        "type": "Point",
        "coordinates": [
          -117.16284943,
          32.76576614
        ]
      },
      "properties": {
        "netid": "24:B2:B9:FC:05:59",
        "ssid": "ClickShare-CHAMBER-5089",
        "oui": "24:B2:B9",
        "channel": 5,
        "encryption": "wpa2",
        "firsttime": "2026-07-02T19:00:00.000Z",
        "lasttime": "2026-07-22T17:00:00.000Z",
        "city": "San Diego",
        "region": "CA",
        "country": "US",
        "road": "Cabrillo Freeway",
        "postalcode": "92103"
      }
    },
    {
      "type": "Feature",
      "geometry": {
        "type": "Point",
        "coordinates": [
          -87.62898254,
          41.88677597
        ]
      },
      "properties": {
        "netid": "24:B2:B9:FC:05:B5",
        "ssid": "ClickShare-1863094633",
        "oui": "24:B2:B9",
        "channel": 36,
        "encryption": "wpa2",
        "firsttime": "2026-07-31T15:00:00.000Z",
        "lasttime": "2026-07-31T13:00:00.000Z",
        "city": "Chicago",
        "region": "IL",
        "country": "US",
        "road": "West Upper Wacker Drive",
        "postalcode": "60601"
      }
    },
    {
      "type": "Feature",
      "geometry": {
        "type": "Point",
        "coordinates": [
          2.37060523,
          48.88619995
        ]
      },
      "properties": {
        "netid": "24:B2:B9:FC:06:6D",
        "ssid": "ClickShare-RDJ-SDR-2",
        "oui": "24:B2:B9",
        "channel": 40,
        "encryption": "wpa2",
        "firsttime": "2026-04-11T14:00:00.000Z",
        "lasttime": "2026-04-22T13:00:00.000Z",
        "city": "Paris",
        "region": "\u00cele-de-France",
        "country": "FR",
        "road": "Avenue de Flandre",
        "postalcode": "75019"
      }
    },
    {
      "type": "Feature",
      "geometry": {
        "type": "Point",
        "coordinates": [
          5.0484271,
          47.32764816
        ]
      },
      "properties": {
        "netid": "24:B2:B9:FC:07:97",
        "ssid": "ClickShare-1862728752",
        "oui": "24:B2:B9",
        "channel": 36,
        "encryption": "wpa2",
        "firsttime": "2026-05-16T15:00:00.000Z",
        "lasttime": "2026-07-01T20:00:00.000Z",
        "city": "Dijon",
        "region": "Bourgogne-Franche-Comt\u00e9",
        "country": "FR",
        "road": "Boulevard Georges Clemenceau",
        "postalcode": "21000"
      }
    },
    {
      "type": "Feature",
      "geometry": {
        "type": "Point",
        "coordinates": [
          -0.17567681,
          51.15982056
        ]
      },
      "properties": {
        "netid": "24:B2:B9:FC:07:AB",
        "ssid": "Jubilee House 107",
        "oui": "24:B2:B9",
        "channel": 36,
        "encryption": "wpa2",
        "firsttime": "2026-07-27T13:00:00.000Z",
        "lasttime": "2026-07-27T08:00:00.000Z",
        "city": null,
        "region": "England",
        "country": "GB",
        "road": "Furlong Way",
        "postalcode": "RH6 0NP"
      }
    },
    {
      "type": "Feature",
      "geometry": {
        "type": "Point",
        "coordinates": [
          12.60208893,
          55.67778015
        ]
      },
      "properties": {
        "netid": "24:B2:B9:FC:08:57",
        "ssid": "ClickShare-1862728300",
        "oui": "24:B2:B9",
        "channel": 36,
        "encryption": "wpa2",
        "firsttime": "2026-03-09T12:00:00.000Z",
        "lasttime": "2026-06-27T08:00:00.000Z",
        "city": "K\u00f8benhavn",
        "region": "Region Hovedstaden",
        "country": "DK",
        "road": "Danneskiold-Sams\u00f8es All\u00e9",
        "postalcode": "1434"
      }
    },
    {
      "type": "Feature",
      "geometry": {
        "type": "Point",
        "coordinates": [
          -2.03338814,
          52.6909523
        ]
      },
      "properties": {
        "netid": "24:B2:B9:FC:08:59",
        "ssid": "ClickShare-MeetingRoom3",
        "oui": "24:B2:B9",
        "channel": 36,
        "encryption": "wpa2",
        "firsttime": "2026-07-22T04:00:00.000Z",
        "lasttime": "2026-07-21T22:00:00.000Z",
        "city": "Cannock Chase",
        "region": "England",
        "country": "GB",
        "road": "Park Road",
        "postalcode": "WS11 1BE"
      }
    },
    {
      "type": "Feature",
      "geometry": {
        "type": "Point",
        "coordinates": [
          -122.16394043,
          37.44362259
        ]
      },
      "properties": {
        "netid": "24:B2:B9:FC:09:67",
        "ssid": "ClickShare-1863095347",
        "oui": "24:B2:B9",
        "channel": 36,
        "encryption": "wpa2",
        "firsttime": "2026-07-21T20:00:00.000Z",
        "lasttime": "2026-07-23T21:00:00.000Z",
        "city": "Palo Alto",
        "region": "CA",
        "country": "US",
        "road": "University Avenue",
        "postalcode": "94301"
      }
    },
    {
      "type": "Feature",
      "geometry": {
        "type": "Point",
        "coordinates": [
          -86.06578827,
          39.71242523
        ]
      },
      "properties": {
        "netid": "24:B2:B9:FC:09:D9",
        "ssid": "Indy Dunes Clickshare",
        "oui": "24:B2:B9",
        "channel": 36,
        "encryption": "wpa2",
        "firsttime": "2026-07-19T02:00:00.000Z",
        "lasttime": "2026-08-04T12:00:00.000Z",
        "city": null,
        "region": "IN",
        "country": "US",
        "road": "Churchman Bypass",
        "postalcode": "46203"
      }
    },
    {
      "type": "Feature",
      "geometry": {
        "type": "Point",
        "coordinates": [
          -121.54677582,
          38.59238052
        ]
      },
      "properties": {
        "netid": "24:B2:B9:FC:0A:2B",
        "ssid": "ClickShare-1863095208",
        "oui": "24:B2:B9",
        "channel": 36,
        "encryption": "wpa2",
        "firsttime": "2026-06-12T23:00:00.000Z",
        "lasttime": "2026-08-05T21:00:00.000Z",
        "city": null,
        "region": "CA",
        "country": "US",
        "road": "Kovr Drive",
        "postalcode": "95605"
      }
    },
    {
      "type": "Feature",
      "geometry": {
        "type": "Point",
        "coordinates": [
          -87.63513184,
          41.88053894
        ]
      },
      "properties": {
        "netid": "24:B2:B9:FC:0A:6B",
        "ssid": "ClickShare-1863094548",
        "oui": "24:B2:B9",
        "channel": 36,
        "encryption": "wpa2",
        "firsttime": "2026-07-27T02:00:00.000Z",
        "lasttime": "2026-08-07T17:00:00.000Z",
        "city": "Chicago",
        "region": "IL",
        "country": "US",
        "road": "West Monroe Street",
        "postalcode": "60606"
      }
    },
    {
      "type": "Feature",
      "geometry": {
        "type": "Point",
        "coordinates": [
          -81.6183548,
          41.4995575
        ]
      },
      "properties": {
        "netid": "24:B2:B9:FC:0A:81",
        "ssid": "GCIC3104_ClickShare",
        "oui": "24:B2:B9",
        "channel": 149,
        "encryption": "wpa2",
        "firsttime": "2026-07-20T20:00:00.000Z",
        "lasttime": "2026-07-24T12:00:00.000Z",
        "city": "Cleveland",
        "region": "OH",
        "country": "US",
        "road": "Euclid Avenue",
        "postalcode": "44195"
      }
    },
    {
      "type": "Feature",
      "geometry": {
        "type": "Point",
        "coordinates": [
          -73.96695709,
          40.76989365
        ]
      },
      "properties": {
        "netid": "24:B2:B9:FC:0D:4D",
        "ssid": "ClickShare-1863095074",
        "oui": "24:B2:B9",
        "channel": 36,
        "encryption": "wpa2",
        "firsttime": "2026-03-23T16:00:00.000Z",
        "lasttime": "2026-06-08T13:00:00.000Z",
        "city": "City of New York",
        "region": "NY",
        "country": "US",
        "road": "East 69th Street",
        "postalcode": "10021"
      }
    },
    {
      "type": "Feature",
      "geometry": {
        "type": "Point",
        "coordinates": [
          15.44173813,
          47.07236481
        ]
      },
      "properties": {
        "netid": "24:B2:B9:FC:11:21",
        "ssid": "Besprechungszimmer",
        "oui": "24:B2:B9",
        "channel": 36,
        "encryption": "wpa2",
        "firsttime": "2026-07-23T17:00:00.000Z",
        "lasttime": "2026-07-25T09:00:00.000Z",
        "city": "Graz",
        "region": "Steiermark",
        "country": "AT",
        "road": "Hofgasse",
        "postalcode": "8010"
      }
    },
    {
      "type": "Feature",
      "geometry": {
        "type": "Point",
        "coordinates": [
          9.47319508,
          51.31520081
        ]
      },
      "properties": {
        "netid": "24:B2:B9:FC:11:25",
        "ssid": "ClickShare-AWO",
        "oui": "24:B2:B9",
        "channel": 36,
        "encryption": "wpa2",
        "firsttime": "2026-03-22T19:00:00.000Z",
        "lasttime": "2026-03-22T12:00:00.000Z",
        "city": "Kassel",
        "region": "Hessen",
        "country": "DE",
        "road": "Querallee",
        "postalcode": "34119"
      }
    },
    {
      "type": "Feature",
      "geometry": {
        "type": "Point",
        "coordinates": [
          -0.55904293,
          44.82279205
        ]
      },
      "properties": {
        "netid": "24:B2:B9:FC:C8:2D",
        "ssid": "ClickShare-1862728096",
        "oui": "24:B2:B9",
        "channel": 36,
        "encryption": "wpa2",
        "firsttime": "2026-07-14T10:00:00.000Z",
        "lasttime": "2026-07-14T07:00:00.000Z",
        "city": "Bordeaux",
        "region": "Nouvelle-Aquitaine",
        "country": "FR",
        "road": "Rue Am\u00e9d\u00e9e Saint-Germain",
        "postalcode": "33800"
      }
    },
    {
      "type": "Feature",
      "geometry": {
        "type": "Point",
        "coordinates": [
          2.4931109,
          48.88015366
        ]
      },
      "properties": {
        "netid": "24:B2:B9:FC:C8:2F",
        "ssid": "ClickShare-1862728094",
        "oui": "24:B2:B9",
        "channel": 36,
        "encryption": "wpa2",
        "firsttime": "2026-04-29T14:00:00.000Z",
        "lasttime": "2026-07-10T03:00:00.000Z",
        "city": null,
        "region": "\u00cele-de-France",
        "country": "FR",
        "road": null,
        "postalcode": "77470"
      }
    },
    {
      "type": "Feature",
      "geometry": {
        "type": "Point",
        "coordinates": [
          5.41194487,
          52.17584991
        ]
      },
      "properties": {
        "netid": "24:B2:B9:FC:C8:79",
        "ssid": "ClickShare-1862728595",
        "oui": "24:B2:B9",
        "channel": 36,
        "encryption": "wpa2",
        "firsttime": "2026-07-08T14:00:00.000Z",
        "lasttime": "2026-07-08T22:00:00.000Z",
        "city": "Amersfoort",
        "region": "Utrecht",
        "country": "NL",
        "road": "Rondweg-Oost",
        "postalcode": "3821AE"
      }
    },
    {
      "type": "Feature",
      "geometry": {
        "type": "Point",
        "coordinates": [
          5.41099167,
          52.17605591
        ]
      },
      "properties": {
        "netid": "24:B2:B9:FC:C9:BF",
        "ssid": "ClickShare-1862728654-Marketing",
        "oui": "24:B2:B9",
        "channel": 36,
        "encryption": "wpa2",
        "firsttime": "2026-05-01T18:00:00.000Z",
        "lasttime": "2026-05-01T11:00:00.000Z",
        "city": "Amersfoort",
        "region": "Utrecht",
        "country": "NL",
        "road": "Computerweg",
        "postalcode": "3821AB"
      }
    },
    {
      "type": "Feature",
      "geometry": {
        "type": "Point",
        "coordinates": [
          24.93757439,
          60.17199707
        ]
      },
      "properties": {
        "netid": "24:B2:B9:FC:CA:AB",
        "ssid": "ClickShare-EventSpace",
        "oui": "24:B2:B9",
        "channel": 36,
        "encryption": "wpa2",
        "firsttime": "2026-06-25T09:00:00.000Z",
        "lasttime": "2026-06-26T10:00:00.000Z",
        "city": "Helsinki",
        "region": "Manner-Suomi",
        "country": "FI",
        "road": "Mannerheimin aukio",
        "postalcode": "00099"
      }
    },
    {
      "type": "Feature",
      "geometry": {
        "type": "Point",
        "coordinates": [
          24.94682503,
          60.16896439
        ]
      },
      "properties": {
        "netid": "24:B2:B9:FC:CA:C1",
        "ssid": "ClickShare-1862727368",
        "oui": "24:B2:B9",
        "channel": 36,
        "encryption": "wpa2",
        "firsttime": "2026-06-10T19:00:00.000Z",
        "lasttime": "2026-06-19T10:00:00.000Z",
        "city": "Helsinki",
        "region": "Manner-Suomi",
        "country": "FI",
        "road": "Aleksanterinkatu",
        "postalcode": "00100"
      }
    },
    {
      "type": "Feature",
      "geometry": {
        "type": "Point",
        "coordinates": [
          12.64522171,
          55.62711334
        ]
      },
      "properties": {
        "netid": "24:B2:B9:FC:CA:D7",
        "ssid": "ClickShare-1862727740",
        "oui": "24:B2:B9",
        "channel": 36,
        "encryption": "wpa2",
        "firsttime": "2026-07-29T03:00:00.000Z",
        "lasttime": "2026-07-29T10:00:00.000Z",
        "city": null,
        "region": "Region Hovedstaden",
        "country": "DK",
        "road": "Handlingvej B-Vest",
        "postalcode": "2770"
      }
    },
    {
      "type": "Feature",
      "geometry": {
        "type": "Point",
        "coordinates": [
          5.07693148,
          51.27149963
        ]
      },
      "properties": {
        "netid": "24:B2:B9:FC:CE:1F",
        "ssid": "ClickShare-1862731245",
        "oui": "24:B2:B9",
        "channel": 36,
        "encryption": "wpa2",
        "firsttime": "2026-07-08T07:00:00.000Z",
        "lasttime": "2026-07-08T05:00:00.000Z",
        "city": null,
        "region": "Antwerpen",
        "country": "BE",
        "road": "Turnhoutsebaan",
        "postalcode": "2470"
      }
    },
    {
      "type": "Feature",
      "geometry": {
        "type": "Point",
        "coordinates": [
          -3.1973381,
          55.95337677
        ]
      },
      "properties": {
        "netid": "24:B2:B9:FC:CE:DF",
        "ssid": "ClickShare-1862730298",
        "oui": "24:B2:B9",
        "channel": 36,
        "encryption": "wpa2",
        "firsttime": "2026-04-04T11:00:00.000Z",
        "lasttime": "2026-06-25T04:00:00.000Z",
        "city": "City of Edinburgh",
        "region": "Alba / Scotland",
        "country": "GB",
        "road": "George Street",
        "postalcode": "EH2 2DX"
      }
    },
    {
      "type": "Feature",
      "geometry": {
        "type": "Point",
        "coordinates": [
          -1.52827895,
          52.33862686
        ]
      },
      "properties": {
        "netid": "24:B2:B9:FC:CF:9B",
        "ssid": "ClickShare-LearningHub",
        "oui": "24:B2:B9",
        "channel": 40,
        "encryption": "wpa2",
        "firsttime": "2026-07-02T13:00:00.000Z",
        "lasttime": "2026-07-02T22:00:00.000Z",
        "city": "Warwick",
        "region": "England",
        "country": "GB",
        "road": "8th Street",
        "postalcode": "CV8"
      }
    },
    {
      "type": "Feature",
      "geometry": {
        "type": "Point",
        "coordinates": [
          8.73959446,
          51.69995499
        ]
      },
      "properties": {
        "netid": "24:B2:B9:FC:CF:E7",
        "ssid": "ClickShare-1862728355",
        "oui": "24:B2:B9",
        "channel": 1,
        "encryption": "wpa2",
        "firsttime": "2026-03-17T08:00:00.000Z",
        "lasttime": "2026-03-17T05:00:00.000Z",
        "city": "Paderborn",
        "region": "Nordrhein-Westfalen",
        "country": "DE",
        "road": "Borchener Stra\u00dfe",
        "postalcode": "33106"
      }
    },
    {
      "type": "Feature",
      "geometry": {
        "type": "Point",
        "coordinates": [
          9.93195724,
          53.5582695
        ]
      },
      "properties": {
        "netid": "24:B2:B9:FC:D0:0F",
        "ssid": "ClickShare-1862728466",
        "oui": "24:B2:B9",
        "channel": 36,
        "encryption": "wpa2",
        "firsttime": "2026-06-01T20:00:00.000Z",
        "lasttime": "2026-06-03T03:00:00.000Z",
        "city": "Hamburg",
        "region": "Ottensen",
        "country": "DE",
        "road": "Gau\u00dfstra\u00dfe",
        "postalcode": "22765"
      }
    },
    {
      "type": "Feature",
      "geometry": {
        "type": "Point",
        "coordinates": [
          -0.14263651,
          51.51682663
        ]
      },
      "properties": {
        "netid": "24:B2:B9:FC:D0:17",
        "ssid": "12LPS-RemoFloor5-MR2",
        "oui": "24:B2:B9",
        "channel": 36,
        "encryption": "wpa2",
        "firsttime": "2026-05-18T17:00:00.000Z",
        "lasttime": "2026-05-18T11:00:00.000Z",
        "city": "London",
        "region": "England",
        "country": "GB",
        "road": "Regent Street",
        "postalcode": "W1"
      }
    },
    {
      "type": "Feature",
      "geometry": {
        "type": "Point",
        "coordinates": [
          3.13029981,
          51.31568909
        ]
      },
      "properties": {
        "netid": "24:B2:B9:FC:D0:85",
        "ssid": "ClickShare-Vergaderzaal",
        "oui": "24:B2:B9",
        "channel": 36,
        "encryption": "wpa2",
        "firsttime": "2026-08-07T14:00:00.000Z",
        "lasttime": "2026-08-07T12:00:00.000Z",
        "city": null,
        "region": "West-Vlaanderen",
        "country": "BE",
        "road": "Albertstraat",
        "postalcode": "8370"
      }
    },
    {
      "type": "Feature",
      "geometry": {
        "type": "Point",
        "coordinates": [
          17.64124107,
          59.86014938
        ]
      },
      "properties": {
        "netid": "24:B2:B9:FC:D0:87",
        "ssid": "ClickShare-1862728675",
        "oui": "24:B2:B9",
        "channel": 36,
        "encryption": "wpa2",
        "firsttime": "2026-05-27T20:00:00.000Z",
        "lasttime": "2026-05-27T13:00:00.000Z",
        "city": "Uppsala",
        "region": "Uppsala l\u00e4n",
        "country": "SE",
        "road": "Kungsgatan",
        "postalcode": "75321"
      }
    },
    {
      "type": "Feature",
      "geometry": {
        "type": "Point",
        "coordinates": [
          4.77326727,
          51.58729172
        ]
      },
      "properties": {
        "netid": "24:B2:B9:FC:D0:8B",
        "ssid": "ClickShare-Franciskaner",
        "oui": "24:B2:B9",
        "channel": 36,
        "encryption": "wpa2",
        "firsttime": "2026-05-15T15:00:00.000Z",
        "lasttime": "2026-05-15T14:00:00.000Z",
        "city": "Breda",
        "region": "Noord-Brabant",
        "country": "NL",
        "road": "Minderbroedersstraat",
        "postalcode": "4811LX"
      }
    },
    {
      "type": "Feature",
      "geometry": {
        "type": "Point",
        "coordinates": [
          7.22821951,
          43.67564011
        ]
      },
      "properties": {
        "netid": "24:B2:B9:FC:D0:9F",
        "ssid": "ClickShare-Eaudazur-CFI-2",
        "oui": "24:B2:B9",
        "channel": 36,
        "encryption": "wpa2",
        "firsttime": "2026-07-23T15:00:00.000Z",
        "lasttime": "2026-07-23T15:00:00.000Z",
        "city": "Nice",
        "region": "Provence-Alpes-C\u00f4te d'Azur",
        "country": "FR",
        "road": "Promenade des Anglais",
        "postalcode": "06282"
      }
    },
    {
      "type": "Feature",
      "geometry": {
        "type": "Point",
        "coordinates": [
          149.14990234,
          -21.19152832
        ]
      },
      "properties": {
        "netid": "24:B2:B9:FC:D1:47",
        "ssid": "ClickShare-1862729441",
        "oui": "24:B2:B9",
        "channel": 36,
        "encryption": "wpa2",
        "firsttime": "2026-08-07T04:00:00.000Z",
        "lasttime": "2026-08-08T05:00:00.000Z",
        "city": null,
        "region": "Queensland",
        "country": "AU",
        "road": "Bruce Highway",
        "postalcode": null
      }
    },
    {
      "type": "Feature",
      "geometry": {
        "type": "Point",
        "coordinates": [
          121.561203,
          25.03172684
        ]
      },
      "properties": {
        "netid": "24:B2:B9:FC:D1:69",
        "ssid": "ClickShare-Gym",
        "oui": "24:B2:B9",
        "channel": 36,
        "encryption": "wpa2",
        "firsttime": "2026-01-01T12:00:00.000Z",
        "lasttime": "2026-01-01T07:00:00.000Z",
        "city": "\u81fa\u5317\u5e02",
        "region": "\u81fa\u5317\u5e02",
        "country": "TW",
        "road": "\u838a\u656c\u8def",
        "postalcode": "110"
      }
    },
    {
      "type": "Feature",
      "geometry": {
        "type": "Point",
        "coordinates": [
          8.72542191,
          47.50520706
        ]
      },
      "properties": {
        "netid": "24:B2:B9:FC:D5:B5",
        "ssid": "ClickShare-SiZi-Fiducia",
        "oui": "24:B2:B9",
        "channel": 36,
        "encryption": "wpa2",
        "firsttime": "2026-03-16T06:00:00.000Z",
        "lasttime": "2026-03-21T12:00:00.000Z",
        "city": "Winterthur",
        "region": "Z\u00fcrich",
        "country": "CH",
        "road": "Brunngasse",
        "postalcode": "8401"
      }
    },
    {
      "type": "Feature",
      "geometry": {
        "type": "Point",
        "coordinates": [
          5.41186953,
          52.17629242
        ]
      },
      "properties": {
        "netid": "24:B2:B9:FC:D6:CB",
        "ssid": "ClickShare-1862728647-Berkhoven",
        "oui": "24:B2:B9",
        "channel": 36,
        "encryption": "wpa2",
        "firsttime": "2026-05-01T18:00:00.000Z",
        "lasttime": "2026-05-01T11:00:00.000Z",
        "city": "Amersfoort",
        "region": "Utrecht",
        "country": "NL",
        "road": "Computerweg",
        "postalcode": "3821AB"
      }
    },
    {
      "type": "Feature",
      "geometry": {
        "type": "Point",
        "coordinates": [
          4.91310787,
          52.35279083
        ]
      },
      "properties": {
        "netid": "24:B2:B9:FC:D7:8F",
        "ssid": "ClickShare-Parool Theater",
        "oui": "24:B2:B9",
        "channel": 36,
        "encryption": "wpa2",
        "firsttime": "2026-07-18T13:00:00.000Z",
        "lasttime": "2026-07-19T23:00:00.000Z",
        "city": "Amsterdam",
        "region": "Noord-Holland",
        "country": "NL",
        "road": "Wibautstraat",
        "postalcode": "1091GS"
      }
    },
    {
      "type": "Feature",
      "geometry": {
        "type": "Point",
        "coordinates": [
          5.37830496,
          43.2936058
        ]
      },
      "properties": {
        "netid": "24:B2:B9:FC:D7:CD",
        "ssid": "ClickShare-1862728213",
        "oui": "24:B2:B9",
        "channel": 36,
        "encryption": "wpa2",
        "firsttime": "2026-06-15T17:00:00.000Z",
        "lasttime": "2026-07-26T14:00:00.000Z",
        "city": "Marseille",
        "region": "Provence-Alpes-C\u00f4te d'Azur",
        "country": "FR",
        "road": "Rue Francis Davso",
        "postalcode": "13001"
      }
    },
    {
      "type": "Feature",
      "geometry": {
        "type": "Point",
        "coordinates": [
          15.9467392,
          45.81240845
        ]
      },
      "properties": {
        "netid": "24:B2:B9:FC:D7:E7",
        "ssid": "clickshare O\u017eujsko",
        "oui": "24:B2:B9",
        "channel": 36,
        "encryption": "wpa2",
        "firsttime": "2026-05-01T12:00:00.000Z",
        "lasttime": "2026-05-04T12:00:00.000Z",
        "city": "Zagreb",
        "region": "Mjesni odbor \"Ban Keglevi\u0107\"",
        "country": "HR",
        "road": "Ilica",
        "postalcode": "10109"
      }
    },
    {
      "type": "Feature",
      "geometry": {
        "type": "Point",
        "coordinates": [
          -0.17567681,
          51.15982056
        ]
      },
      "properties": {
        "netid": "24:B2:B9:FC:D8:37",
        "ssid": "Jubilee House 106",
        "oui": "24:B2:B9",
        "channel": 36,
        "encryption": "wpa2",
        "firsttime": "2026-07-27T13:00:00.000Z",
        "lasttime": "2026-07-27T08:00:00.000Z",
        "city": null,
        "region": "England",
        "country": "GB",
        "road": "Furlong Way",
        "postalcode": "RH6 0NP"
      }
    },
    {
      "type": "Feature",
      "geometry": {
        "type": "Point",
        "coordinates": [
          7.84300709,
          46.68063736
        ]
      },
      "properties": {
        "netid": "24:B2:B9:FC:D8:4F",
        "ssid": null,
        "oui": "24:B2:B9",
        "channel": 36,
        "encryption": "wpa2",
        "firsttime": "2026-03-04T17:00:00.000Z",
        "lasttime": "2026-03-04T12:00:00.000Z",
        "city": null,
        "region": "Bern/Berne",
        "country": "CH",
        "road": "Weissenaustrasse",
        "postalcode": "3800"
      }
    },
    {
      "type": "Feature",
      "geometry": {
        "type": "Point",
        "coordinates": [
          24.9400692,
          60.16907501
        ]
      },
      "properties": {
        "netid": "24:B2:B9:FC:D8:5F",
        "ssid": "ClickShare-1862727358",
        "oui": "24:B2:B9",
        "channel": 36,
        "encryption": "wpa2",
        "firsttime": "2026-05-09T12:00:00.000Z",
        "lasttime": "2026-07-01T08:00:00.000Z",
        "city": "Helsinki",
        "region": "Manner-Suomi",
        "country": "FI",
        "road": "Ylioppilasaukio",
        "postalcode": "00100"
      }
    },
    {
      "type": "Feature",
      "geometry": {
        "type": "Point",
        "coordinates": [
          144.75598145,
          -37.86917877
        ]
      },
      "properties": {
        "netid": "24:B2:B9:FC:D8:8D",
        "ssid": "ClickShare-1862729735",
        "oui": "24:B2:B9",
        "channel": 36,
        "encryption": "wpa2",
        "firsttime": "2026-06-16T03:00:00.000Z",
        "lasttime": "2026-06-16T00:00:00.000Z",
        "city": "Melbourne",
        "region": "Victoria",
        "country": "AU",
        "road": "Aviation Road Offramp",
        "postalcode": "3028"
      }
    },
    {
      "type": "Feature",
      "geometry": {
        "type": "Point",
        "coordinates": [
          2.37518668,
          48.83927155
        ]
      },
      "properties": {
        "netid": "24:B2:B9:FC:D9:A3",
        "ssid": "ClickShare-1862728083",
        "oui": "24:B2:B9",
        "channel": 36,
        "encryption": "wpa2",
        "firsttime": "2026-07-20T16:00:00.000Z",
        "lasttime": "2026-08-01T08:00:00.000Z",
        "city": "Paris",
        "region": "\u00cele-de-France",
        "country": "FR",
        "road": "Quai de la Rap\u00e9e",
        "postalcode": "75012"
      }
    },
    {
      "type": "Feature",
      "geometry": {
        "type": "Point",
        "coordinates": [
          9.73419857,
          50.48141479
        ]
      },
      "properties": {
        "netid": "24:B2:B9:FC:D9:BF",
        "ssid": "ClickShare-1862727563",
        "oui": "24:B2:B9",
        "channel": 36,
        "encryption": "wpa2",
        "firsttime": "2026-07-08T07:00:00.000Z",
        "lasttime": "2026-07-08T05:00:00.000Z",
        "city": null,
        "region": "Hessen",
        "country": "DE",
        "road": "B\u00fcrgermeister-Ebert-Stra\u00dfe",
        "postalcode": "36124"
      }
    },
    {
      "type": "Feature",
      "geometry": {
        "type": "Point",
        "coordinates": [
          4.83691931,
          52.3860817
        ]
      },
      "properties": {
        "netid": "24:B2:B9:FC:D9:CB",
        "ssid": "ClickShare-C0.05",
        "oui": "24:B2:B9",
        "channel": 36,
        "encryption": "wpa2",
        "firsttime": "2026-05-12T08:00:00.000Z",
        "lasttime": "2026-07-20T11:00:00.000Z",
        "city": "Amsterdam",
        "region": "Noord-Holland",
        "country": "NL",
        "road": "Arlandaweg",
        "postalcode": "1043EW"
      }
    },
    {
      "type": "Feature",
      "geometry": {
        "type": "Point",
        "coordinates": [
          -1.51091003,
          47.25572205
        ]
      },
      "properties": {
        "netid": "24:B2:B9:FC:DA:67",
        "ssid": "ClickShare-Colombiad",
        "oui": "24:B2:B9",
        "channel": 1,
        "encryption": "wpa2",
        "firsttime": "2026-07-22T07:00:00.000Z",
        "lasttime": "2026-07-22T00:00:00.000Z",
        "city": "Nantes",
        "region": "Pays de la Loire",
        "country": "FR",
        "road": "Route de Paris",
        "postalcode": "44477"
      }
    },
    {
      "type": "Feature",
      "geometry": {
        "type": "Point",
        "coordinates": [
          -1.56805956,
          47.21743774
        ]
      },
      "properties": {
        "netid": "24:B2:B9:FC:DB:2D",
        "ssid": "ClickShare-1862727950",
        "oui": "24:B2:B9",
        "channel": 36,
        "encryption": "wpa2",
        "firsttime": "2026-04-18T16:00:00.000Z",
        "lasttime": "2026-05-21T10:00:00.000Z",
        "city": "Nantes",
        "region": "Pays de la Loire",
        "country": "FR",
        "road": "Boulevard Gabriel Guist'Hau",
        "postalcode": "44093"
      }
    },
    {
      "type": "Feature",
      "geometry": {
        "type": "Point",
        "coordinates": [
          -0.11753853,
          51.5136528
        ]
      },
      "properties": {
        "netid": "24:B2:B9:FC:DB:3D",
        "ssid": "ClickShare-REGGEBORGH",
        "oui": "24:B2:B9",
        "channel": 36,
        "encryption": "wpa2",
        "firsttime": "2026-02-28T14:00:00.000Z",
        "lasttime": "2026-03-03T04:00:00.000Z",
        "city": "London",
        "region": "England",
        "country": "GB",
        "road": "Kingsway",
        "postalcode": "WC2"
      }
    },
    {
      "type": "Feature",
      "geometry": {
        "type": "Point",
        "coordinates": [
          4.4101162,
          51.90971756
        ]
      },
      "properties": {
        "netid": "24:B2:B9:FC:DB:CD",
        "ssid": "ClickShare-Havenzicht",
        "oui": "24:B2:B9",
        "channel": 36,
        "encryption": "wpa2",
        "firsttime": "2026-08-07T12:00:00.000Z",
        "lasttime": "2026-08-07T07:00:00.000Z",
        "city": null,
        "region": "Zuid-Holland",
        "country": "NL",
        "road": "Nieuw-Mathenesserstraat",
        "postalcode": "3113AE"
      }
    },
    {
      "type": "Feature",
      "geometry": {
        "type": "Point",
        "coordinates": [
          7.53726768,
          47.21059799
        ]
      },
      "properties": {
        "netid": "24:B2:B9:FC:DC:03",
        "ssid": "ClickShare-FB-Analyse",
        "oui": "24:B2:B9",
        "channel": 36,
        "encryption": "wpa2",
        "firsttime": "2026-06-03T08:00:00.000Z",
        "lasttime": "2026-07-05T10:00:00.000Z",
        "city": null,
        "region": "Solothurn",
        "country": "CH",
        "road": "Werkhofstrasse",
        "postalcode": "4502"
      }
    },
    {
      "type": "Feature",
      "geometry": {
        "type": "Point",
        "coordinates": [
          2.37060523,
          48.88619995
        ]
      },
      "properties": {
        "netid": "24:B2:B9:FC:DC:99",
        "ssid": "ClickShare-RDJ-Espace-Projet",
        "oui": "24:B2:B9",
        "channel": 36,
        "encryption": "wpa2",
        "firsttime": "2026-04-11T14:00:00.000Z",
        "lasttime": "2026-04-22T13:00:00.000Z",
        "city": "Paris",
        "region": "\u00cele-de-France",
        "country": "FR",
        "road": "Avenue de Flandre",
        "postalcode": "75019"
      }
    },
    {
      "type": "Feature",
      "geometry": {
        "type": "Point",
        "coordinates": [
          4.83618116,
          52.38594818
        ]
      },
      "properties": {
        "netid": "24:B2:B9:FC:DC:A7",
        "ssid": "ClickShare-C0.16",
        "oui": "24:B2:B9",
        "channel": 36,
        "encryption": "wpa2",
        "firsttime": "2026-07-20T15:00:00.000Z",
        "lasttime": "2026-07-20T11:00:00.000Z",
        "city": "Amsterdam",
        "region": "Noord-Holland",
        "country": "NL",
        "road": "Arlandaweg",
        "postalcode": "1043EW"
      }
    },
    {
      "type": "Feature",
      "geometry": {
        "type": "Point",
        "coordinates": [
          4.8884058,
          52.3666687
        ]
      },
      "properties": {
        "netid": "24:B2:B9:FC:DC:FB",
        "ssid": "ClickShare-Princess",
        "oui": "24:B2:B9",
        "channel": 44,
        "encryption": "wpa2",
        "firsttime": "2026-07-31T07:00:00.000Z",
        "lasttime": "2026-08-06T06:00:00.000Z",
        "city": "Amsterdam",
        "region": "Noord-Holland",
        "country": "NL",
        "road": "Koningsplein",
        "postalcode": "1017AW"
      }
    },
    {
      "type": "Feature",
      "geometry": {
        "type": "Point",
        "coordinates": [
          -0.14222457,
          51.51624298
        ]
      },
      "properties": {
        "netid": "24:B2:B9:FC:DD:01",
        "ssid": "ClickShare-1862727642",
        "oui": "24:B2:B9",
        "channel": 36,
        "encryption": "wpa2",
        "firsttime": "2026-03-05T13:00:00.000Z",
        "lasttime": "2026-04-30T13:00:00.000Z",
        "city": "London",
        "region": "England",
        "country": "GB",
        "road": "Regent Street",
        "postalcode": "W1B 2HB"
      }
    },
    {
      "type": "Feature",
      "geometry": {
        "type": "Point",
        "coordinates": [
          149.14996338,
          -21.19113541
        ]
      },
      "properties": {
        "netid": "24:B2:B9:FC:DD:65",
        "ssid": "ClickShare-1862729478",
        "oui": "24:B2:B9",
        "channel": 36,
        "encryption": "wpa2",
        "firsttime": "2026-08-07T04:00:00.000Z",
        "lasttime": "2026-08-08T05:00:00.000Z",
        "city": null,
        "region": "Queensland",
        "country": "AU",
        "road": "Bruce Highway",
        "postalcode": null
      }
    },
    {
      "type": "Feature",
      "geometry": {
        "type": "Point",
        "coordinates": [
          -1.56750691,
          47.21457291
        ]
      },
      "properties": {
        "netid": "24:B2:B9:FC:DD:75",
        "ssid": "ClickShare-1862727041",
        "oui": "24:B2:B9",
        "channel": 36,
        "encryption": "wpa2",
        "firsttime": "2026-07-10T15:00:00.000Z",
        "lasttime": "2026-08-07T03:00:00.000Z",
        "city": "Nantes",
        "region": "Pays de la Loire",
        "country": "FR",
        "road": "Place de l'\u00c9dit de Nantes",
        "postalcode": "44100"
      }
    },
    {
      "type": "Feature",
      "geometry": {
        "type": "Point",
        "coordinates": [
          4.39247036,
          50.84620667
        ]
      },
      "properties": {
        "netid": "24:B2:B9:FC:DD:BF",
        "ssid": "ClickShare-Mercator",
        "oui": "24:B2:B9",
        "channel": 36,
        "encryption": "wpa2",
        "firsttime": "2026-02-21T18:00:00.000Z",
        "lasttime": "2026-07-22T04:00:00.000Z",
        "city": null,
        "region": "R\u00e9gion de Bruxelles-Capitale - Brussels Hoofdstedelijk Gewest",
        "country": "BE",
        "road": "Rue Charles Quint - Keizer Karelstraat",
        "postalcode": "1000"
      }
    },
    {
      "type": "Feature",
      "geometry": {
        "type": "Point",
        "coordinates": [
          145.75704956,
          -16.93297768
        ]
      },
      "properties": {
        "netid": "24:B2:B9:FC:DF:05",
        "ssid": "ClickShare-1862729512",
        "oui": "24:B2:B9",
        "channel": 36,
        "encryption": "wpa2",
        "firsttime": "2026-07-04T23:00:00.000Z",
        "lasttime": "2026-07-04T18:00:00.000Z",
        "city": "Cairns",
        "region": "Queensland",
        "country": "AU",
        "road": "Mulgrave Road",
        "postalcode": "4870"
      }
    },
    {
      "type": "Feature",
      "geometry": {
        "type": "Point",
        "coordinates": [
          12.38207722,
          55.6843605
        ]
      },
      "properties": {
        "netid": "24:B2:B9:FC:DF:F1",
        "ssid": "MeetingRoom",
        "oui": "24:B2:B9",
        "channel": 36,
        "encryption": "wpa2",
        "firsttime": "2026-04-30T20:00:00.000Z",
        "lasttime": "2026-06-18T22:00:00.000Z",
        "city": null,
        "region": "Region Hovedstaden",
        "country": "DK",
        "road": "Fabriksparken",
        "postalcode": "2600"
      }
    },
    {
      "type": "Feature",
      "geometry": {
        "type": "Point",
        "coordinates": [
          15.45105076,
          47.07217407
        ]
      },
      "properties": {
        "netid": "24:B2:B9:FC:E1:69",
        "ssid": "ClickShare-KUG-Studiencenter",
        "oui": "24:B2:B9",
        "channel": 36,
        "encryption": "wpa2",
        "firsttime": "2026-07-18T16:00:00.000Z",
        "lasttime": "2026-07-18T09:00:00.000Z",
        "city": "Graz",
        "region": "Steiermark",
        "country": "AT",
        "road": "Leonhardstra\u00dfe",
        "postalcode": "8010"
      }
    },
    {
      "type": "Feature",
      "geometry": {
        "type": "Point",
        "coordinates": [
          -80.25475311,
          25.75235939
        ]
      },
      "properties": {
        "netid": "24:B2:B9:FE:7D:AD",
        "ssid": "Virmos Gables CR ClickShare",
        "oui": "24:B2:B9",
        "channel": 36,
        "encryption": "wpa2",
        "firsttime": "2026-06-28T01:00:00.000Z",
        "lasttime": "2026-06-27T20:00:00.000Z",
        "city": "Miami",
        "region": "FL",
        "country": "US",
        "road": "Alhambra Plaza",
        "postalcode": "33133:33134:33135"
      }
    },
    {
      "type": "Feature",
      "geometry": {
        "type": "Point",
        "coordinates": [
          -118.45788574,
          34.0177002
        ]
      },
      "properties": {
        "netid": "24:B2:B9:FE:80:73",
        "ssid": "ClickShare-Boardroom",
        "oui": "24:B2:B9",
        "channel": 36,
        "encryption": "wpa2",
        "firsttime": "2026-02-25T00:00:00.000Z",
        "lasttime": "2026-07-20T02:00:00.000Z",
        "city": "Santa Monica",
        "region": "CA",
        "country": "US",
        "road": "Ocean Park Boulevard",
        "postalcode": "90405"
      }
    },
    {
      "type": "Feature",
      "geometry": {
        "type": "Point",
        "coordinates": [
          -97.75463867,
          30.36872101
        ]
      },
      "properties": {
        "netid": "24:B2:B9:FE:81:09",
        "ssid": "Round Room ClickShare",
        "oui": "24:B2:B9",
        "channel": 36,
        "encryption": "wpa2",
        "firsttime": "2026-06-04T19:00:00.000Z",
        "lasttime": "2026-06-04T13:00:00.000Z",
        "city": "Austin",
        "region": "TX",
        "country": "US",
        "road": "Spicewood Springs Road",
        "postalcode": "78731"
      }
    },
    {
      "type": "Feature",
      "geometry": {
        "type": "Point",
        "coordinates": [
          -87.63893127,
          41.88356018
        ]
      },
      "properties": {
        "netid": "24:B2:B9:FE:81:AB",
        "ssid": "CHI-Click-HJ",
        "oui": "24:B2:B9",
        "channel": 153,
        "encryption": "wpa2",
        "firsttime": "2026-07-31T17:00:00.000Z",
        "lasttime": "2026-07-31T13:00:00.000Z",
        "city": "Chicago",
        "region": "IL",
        "country": "US",
        "road": "West Washington Street",
        "postalcode": "60606"
      }
    },
    {
      "type": "Feature",
      "geometry": {
        "type": "Point",
        "coordinates": [
          12.56615448,
          55.6869812
        ]
      },
      "properties": {
        "netid": "24:B2:B9:FE:81:F1",
        "ssid": "ClickShare-1875522349",
        "oui": "24:B2:B9",
        "channel": 36,
        "encryption": "wpa2",
        "firsttime": "2026-06-10T18:00:00.000Z",
        "lasttime": "2026-07-26T07:00:00.000Z",
        "city": "K\u00f8benhavn",
        "region": "Region Hovedstaden",
        "country": "DK",
        "road": "S\u00f8torvet",
        "postalcode": "1371"
      }
    },
    {
      "type": "Feature",
      "geometry": {
        "type": "Point",
        "coordinates": [
          5.37803602,
          43.29058838
        ]
      },
      "properties": {
        "netid": "24:B2:B9:FE:81:F3",
        "ssid": "ClickShare-Massalia",
        "oui": "24:B2:B9",
        "channel": 36,
        "encryption": "wpa2",
        "firsttime": "2026-06-20T12:00:00.000Z",
        "lasttime": "2026-06-20T14:00:00.000Z",
        "city": "Marseille",
        "region": "Provence-Alpes-C\u00f4te d'Azur",
        "country": "FR",
        "road": "Rue Paradis",
        "postalcode": "13006"
      }
    },
    {
      "type": "Feature",
      "geometry": {
        "type": "Point",
        "coordinates": [
          -87.6366272,
          41.88346481
        ]
      },
      "properties": {
        "netid": "24:B2:B9:FE:82:63",
        "ssid": null,
        "oui": "24:B2:B9",
        "channel": 36,
        "encryption": "wpa2",
        "firsttime": "2026-06-01T13:00:00.000Z",
        "lasttime": "2026-07-07T11:00:00.000Z",
        "city": "Chicago",
        "region": "IL",
        "country": "US",
        "road": "West Court Place",
        "postalcode": "60606"
      }
    },
    {
      "type": "Feature",
      "geometry": {
        "type": "Point",
        "coordinates": [
          -77.04373932,
          38.90906906
        ]
      },
      "properties": {
        "netid": "24:B2:B9:FE:85:19",
        "ssid": "ClickShare-1875522878",
        "oui": "24:B2:B9",
        "channel": 36,
        "encryption": "wpa2",
        "firsttime": "2026-05-24T14:00:00.000Z",
        "lasttime": "2026-08-07T17:00:00.000Z",
        "city": "Washington",
        "region": "DC",
        "country": "US",
        "road": "Dupont Circle Northwest",
        "postalcode": "20036"
      }
    },
    {
      "type": "Feature",
      "geometry": {
        "type": "Point",
        "coordinates": [
          -87.6370163,
          41.88305664
        ]
      },
      "properties": {
        "netid": "24:B2:B9:FE:85:ED",
        "ssid": null,
        "oui": "24:B2:B9",
        "channel": 36,
        "encryption": "wpa2",
        "firsttime": "2026-06-06T17:00:00.000Z",
        "lasttime": "2026-07-12T01:00:00.000Z",
        "city": "Chicago",
        "region": "IL",
        "country": "US",
        "road": "North Lower Wacker Drive",
        "postalcode": "60606"
      }
    },
    {
      "type": "Feature",
      "geometry": {
        "type": "Point",
        "coordinates": [
          9.5296278,
          55.71117783
        ]
      },
      "properties": {
        "netid": "24:B2:B9:FE:86:0B",
        "ssid": "ClickShare-1875522468",
        "oui": "24:B2:B9",
        "channel": 36,
        "encryption": "wpa2",
        "firsttime": "2026-06-27T03:00:00.000Z",
        "lasttime": "2026-06-26T21:00:00.000Z",
        "city": "Vejle",
        "region": "Region Syddanmark",
        "country": "DK",
        "road": "Ydunsgade",
        "postalcode": "7100"
      }
    },
    {
      "type": "Feature",
      "geometry": {
        "type": "Point",
        "coordinates": [
          -73.98038483,
          40.75839996
        ]
      },
      "properties": {
        "netid": "24:B2:B9:FE:86:57",
        "ssid": "Salle \u00e9v\u00e9nementielle",
        "oui": "24:B2:B9",
        "channel": 36,
        "encryption": "wpa2",
        "firsttime": "2026-06-29T19:00:00.000Z",
        "lasttime": "2026-07-25T10:00:00.000Z",
        "city": "City of New York",
        "region": "NY",
        "country": "US",
        "road": "Rockefeller Plaza",
        "postalcode": "10111"
      }
    },
    {
      "type": "Feature",
      "geometry": {
        "type": "Point",
        "coordinates": [
          14.80924797,
          56.87521744
        ]
      },
      "properties": {
        "netid": "24:B2:B9:FE:86:DD",
        "ssid": "ClickShare-231400",
        "oui": "24:B2:B9",
        "channel": 36,
        "encryption": "wpa2",
        "firsttime": "2026-06-05T11:00:00.000Z",
        "lasttime": "2026-06-15T01:00:00.000Z",
        "city": "V\u00e4xj\u00f6",
        "region": "Kronobergs l\u00e4n",
        "country": "SE",
        "road": "S\u00f6dra J\u00e4rnv\u00e4gsgatan",
        "postalcode": "352 34"
      }
    },
    {
      "type": "Feature",
      "geometry": {
        "type": "Point",
        "coordinates": [
          -77.03192139,
          38.89756393
        ]
      },
      "properties": {
        "netid": "24:B2:B9:FE:87:6F",
        "ssid": "ClickShare-1875593206",
        "oui": "24:B2:B9",
        "channel": 36,
        "encryption": "wpa2",
        "firsttime": "2026-06-08T19:00:00.000Z",
        "lasttime": "2026-06-12T06:00:00.000Z",
        "city": "Washington",
        "region": "DC",
        "country": "US",
        "road": "14th Street Northwest",
        "postalcode": "20005"
      }
    },
    {
      "type": "Feature",
      "geometry": {
        "type": "Point",
        "coordinates": [
          10.52887344,
          52.26213837
        ]
      },
      "properties": {
        "netid": "24:B2:B9:FE:87:71",
        "ssid": "ClickShare-1875522649",
        "oui": "24:B2:B9",
        "channel": 36,
        "encryption": "wpa2",
        "firsttime": "2026-06-01T08:00:00.000Z",
        "lasttime": "2026-06-01T13:00:00.000Z",
        "city": "Braunschweig",
        "region": "Niedersachsen",
        "country": "DE",
        "road": "Magnikirchstra\u00dfe",
        "postalcode": "38100"
      }
    },
    {
      "type": "Feature",
      "geometry": {
        "type": "Point",
        "coordinates": [
          -122.35697174,
          47.24705124
        ]
      },
      "properties": {
        "netid": "24:B2:B9:FE:87:87",
        "ssid": "ClickShare-1875593163",
        "oui": "24:B2:B9",
        "channel": 36,
        "encryption": "wpa2",
        "firsttime": "2026-05-15T06:00:00.000Z",
        "lasttime": "2026-05-14T23:00:00.000Z",
        "city": null,
        "region": "WA",
        "country": "US",
        "road": "54th Avenue East",
        "postalcode": "98424-1915"
      }
    },
    {
      "type": "Feature",
      "geometry": {
        "type": "Point",
        "coordinates": [
          -118.46790314,
          34.04369354
        ]
      },
      "properties": {
        "netid": "24:B2:B9:FE:88:E5",
        "ssid": "ClickShare-1875593789",
        "oui": "24:B2:B9",
        "channel": 36,
        "encryption": "wpa2",
        "firsttime": "2026-08-03T03:00:00.000Z",
        "lasttime": "2026-08-02T21:00:00.000Z",
        "city": "Los Angeles",
        "region": "CA",
        "country": "US",
        "road": "Wilshire Boulevard",
        "postalcode": "90025"
      }
    },
    {
      "type": "Feature",
      "geometry": {
        "type": "Point",
        "coordinates": [
          -91.00618744,
          38.54107285
        ]
      },
      "properties": {
        "netid": "24:B2:B9:FE:89:8D",
        "ssid": null,
        "oui": "24:B2:B9",
        "channel": 36,
        "encryption": "wpa2",
        "firsttime": "2026-07-01T22:00:00.000Z",
        "lasttime": "2026-07-01T15:00:00.000Z",
        "city": null,
        "region": "MO",
        "country": "US",
        "road": "Heritage Hills Drive",
        "postalcode": "63090"
      }
    },
    {
      "type": "Feature",
      "geometry": {
        "type": "Point",
        "coordinates": [
          101.60501862,
          3.06532073
        ]
      },
      "properties": {
        "netid": "24:B2:B9:FE:89:8F",
        "ssid": "ClickShare-1875523298",
        "oui": "24:B2:B9",
        "channel": 36,
        "encryption": "wpa2",
        "firsttime": "2026-02-15T03:00:00.000Z",
        "lasttime": "2026-02-14T21:00:00.000Z",
        "city": "Subang Jaya",
        "region": "Selangor",
        "country": "MY",
        "road": "Jalan Lagoon Selatan",
        "postalcode": "41100"
      }
    },
    {
      "type": "Feature",
      "geometry": {
        "type": "Point",
        "coordinates": [
          -97.71089935,
          30.28145599
        ]
      },
      "properties": {
        "netid": "24:B2:B9:FE:89:93",
        "ssid": "HACH Boardroom ClickShare",
        "oui": "24:B2:B9",
        "channel": 36,
        "encryption": "wpa2",
        "firsttime": "2026-07-17T23:00:00.000Z",
        "lasttime": "2026-07-17T23:00:00.000Z",
        "city": "Austin",
        "region": "TX",
        "country": "US",
        "road": "East Martin Luther King Jr Boulevard",
        "postalcode": "78702"
      }
    },
    {
      "type": "Feature",
      "geometry": {
        "type": "Point",
        "coordinates": [
          -84.96399689,
          39.85777664
        ]
      },
      "properties": {
        "netid": "24:B2:B9:FE:89:C9",
        "ssid": "ClickShare-1875593384",
        "oui": "24:B2:B9",
        "channel": 36,
        "encryption": "wpa2",
        "firsttime": "2026-07-02T01:00:00.000Z",
        "lasttime": "2026-08-07T07:00:00.000Z",
        "city": null,
        "region": "IN",
        "country": "US",
        "road": "West Industries Road",
        "postalcode": "47392"
      }
    },
    {
      "type": "Feature",
      "geometry": {
        "type": "Point",
        "coordinates": [
          121.54615021,
          25.04925156
        ]
      },
      "properties": {
        "netid": "24:B2:B9:FE:8A:E1",
        "ssid": "ClickShare-1875522791",
        "oui": "24:B2:B9",
        "channel": 36,
        "encryption": "wpa2",
        "firsttime": "2026-01-29T04:00:00.000Z",
        "lasttime": "2026-01-29T00:00:00.000Z",
        "city": null,
        "region": "\u81fa\u5317\u5e02",
        "country": "TW",
        "road": "\u6566\u5316\u5317\u8def4\u5df725\u5f04",
        "postalcode": "10552"
      }
    },
    {
      "type": "Feature",
      "geometry": {
        "type": "Point",
        "coordinates": [
          -87.99145508,
          41.84849167
        ]
      },
      "properties": {
        "netid": "24:B2:B9:FE:8B:93",
        "ssid": null,
        "oui": "24:B2:B9",
        "channel": 149,
        "encryption": "wpa2",
        "firsttime": "2026-06-05T22:00:00.000Z",
        "lasttime": "2026-06-06T01:00:00.000Z",
        "city": null,
        "region": "IL",
        "country": "US",
        "road": "South Meyers Road",
        "postalcode": "60148"
      }
    },
    {
      "type": "Feature",
      "geometry": {
        "type": "Point",
        "coordinates": [
          -79.01509094,
          36.04182816
        ]
      },
      "properties": {
        "netid": "24:B2:B9:FE:8C:4F",
        "ssid": "ClickShare-1875522938",
        "oui": "24:B2:B9",
        "channel": 36,
        "encryption": "wpa2",
        "firsttime": "2026-08-06T15:00:00.000Z",
        "lasttime": "2026-08-06T11:00:00.000Z",
        "city": "Durham",
        "region": "NC",
        "country": "US",
        "road": "US 70",
        "postalcode": "27705"
      }
    },
    {
      "type": "Feature",
      "geometry": {
        "type": "Point",
        "coordinates": [
          12.59004402,
          55.68401718
        ]
      },
      "properties": {
        "netid": "24:B2:B9:FE:8C:A7",
        "ssid": "ClickShare-Glasburet",
        "oui": "24:B2:B9",
        "channel": 36,
        "encryption": "wpa2",
        "firsttime": "2026-06-11T06:00:00.000Z",
        "lasttime": "2026-06-11T14:00:00.000Z",
        "city": "K\u00f8benhavn",
        "region": "Region Hovedstaden",
        "country": "DK",
        "road": "Bredgade",
        "postalcode": "1260"
      }
    },
    {
      "type": "Feature",
      "geometry": {
        "type": "Point",
        "coordinates": [
          -86.73355865,
          36.14372635
        ]
      },
      "properties": {
        "netid": "24:B2:B9:FE:8C:C7",
        "ssid": "ClickShare-1875522981",
        "oui": "24:B2:B9",
        "channel": 36,
        "encryption": "wpa2",
        "firsttime": "2026-07-21T20:00:00.000Z",
        "lasttime": "2026-07-22T11:00:00.000Z",
        "city": "Nashville-Davidson",
        "region": "TN",
        "country": "US",
        "road": "Elm Hill Pike",
        "postalcode": "37210"
      }
    },
    {
      "type": "Feature",
      "geometry": {
        "type": "Point",
        "coordinates": [
          -72.68286133,
          41.28538895
        ]
      },
      "properties": {
        "netid": "24:B2:B9:FE:8E:97",
        "ssid": "ClickShare-1875593347",
        "oui": "24:B2:B9",
        "channel": 1,
        "encryption": "wpa2",
        "firsttime": "2026-07-15T21:00:00.000Z",
        "lasttime": "2026-07-15T16:00:00.000Z",
        "city": null,
        "region": "CT",
        "country": "US",
        "road": "Church Street",
        "postalcode": "06437"
      }
    },
    {
      "type": "Feature",
      "geometry": {
        "type": "Point",
        "coordinates": [
          -74.23600006,
          41.52543259
        ]
      },
      "properties": {
        "netid": "24:B2:B9:FE:8E:D9",
        "ssid": "ClickShare-1875593191",
        "oui": "24:B2:B9",
        "channel": 36,
        "encryption": "wpa2",
        "firsttime": "2026-08-02T17:00:00.000Z",
        "lasttime": "2026-08-02T13:00:00.000Z",
        "city": null,
        "region": "NY",
        "country": "US",
        "road": "Charles Street",
        "postalcode": "12549"
      }
    },
    {
      "type": "Feature",
      "geometry": {
        "type": "Point",
        "coordinates": [
          24.8045578,
          60.17581558
        ]
      },
      "properties": {
        "netid": "24:B2:B9:FF:0E:AF",
        "ssid": "ClickShare-M45",
        "oui": "24:B2:B9",
        "channel": 36,
        "encryption": "wpa2",
        "firsttime": "2026-05-12T13:00:00.000Z",
        "lasttime": "2026-07-01T05:00:00.000Z",
        "city": "Espoo",
        "region": "Manner-Suomi",
        "country": "FI",
        "road": "Tapionaukio",
        "postalcode": "02100"
      }
    },
    {
      "type": "Feature",
      "geometry": {
        "type": "Point",
        "coordinates": [
          12.37469196,
          55.68047714
        ]
      },
      "properties": {
        "netid": "24:B2:B9:FF:0E:FD",
        "ssid": "ClickShare-1862736302",
        "oui": "24:B2:B9",
        "channel": 36,
        "encryption": "wpa2",
        "firsttime": "2026-05-07T14:00:00.000Z",
        "lasttime": "2026-05-12T12:00:00.000Z",
        "city": null,
        "region": "Region Hovedstaden",
        "country": "DK",
        "road": "Formervangen",
        "postalcode": "2600"
      }
    },
    {
      "type": "Feature",
      "geometry": {
        "type": "Point",
        "coordinates": [
          -0.14704981,
          51.51673508
        ]
      },
      "properties": {
        "netid": "24:B2:B9:FF:0F:63",
        "ssid": "ClickShare-1862736204",
        "oui": "24:B2:B9",
        "channel": 36,
        "encryption": "wpa2",
        "firsttime": "2026-05-14T11:00:00.000Z",
        "lasttime": "2026-05-14T08:00:00.000Z",
        "city": "London",
        "region": "England",
        "country": "GB",
        "road": "Wigmore Street",
        "postalcode": "W1U 2RJ"
      }
    },
    {
      "type": "Feature",
      "geometry": {
        "type": "Point",
        "coordinates": [
          5.36614895,
          43.30527878
        ]
      },
      "properties": {
        "netid": "24:B2:B9:FF:0F:F3",
        "ssid": "ClickShare-1862738606",
        "oui": "24:B2:B9",
        "channel": 36,
        "encryption": "wpa2",
        "firsttime": "2026-07-03T11:00:00.000Z",
        "lasttime": "2026-07-03T07:00:00.000Z",
        "city": "Marseille",
        "region": "Provence-Alpes-C\u00f4te d'Azur",
        "country": "FR",
        "road": "Boulevard Jacques Saad\u00e9 Quai du Lazaret",
        "postalcode": "13002"
      }
    },
    {
      "type": "Feature",
      "geometry": {
        "type": "Point",
        "coordinates": [
          24.95370102,
          60.19012451
        ]
      },
      "properties": {
        "netid": "24:B2:B9:FF:11:1B",
        "ssid": "ClickShare-HIOHO",
        "oui": "24:B2:B9",
        "channel": 40,
        "encryption": "wpa2",
        "firsttime": "2026-07-01T12:00:00.000Z",
        "lasttime": "2026-07-31T08:00:00.000Z",
        "city": "Helsinki",
        "region": "Manner-Suomi",
        "country": "FI",
        "road": "Aleksis Kiven katu",
        "postalcode": "00510"
      }
    },
    {
      "type": "Feature",
      "geometry": {
        "type": "Point",
        "coordinates": [
          4.40984154,
          51.21091843
        ]
      },
      "properties": {
        "netid": "24:B2:B9:FF:11:71",
        "ssid": "ClickShare-1862735224",
        "oui": "24:B2:B9",
        "channel": 36,
        "encryption": "wpa2",
        "firsttime": "2026-05-20T17:00:00.000Z",
        "lasttime": "2026-05-25T09:00:00.000Z",
        "city": null,
        "region": "Antwerpen",
        "country": "BE",
        "road": "Van Breestraat",
        "postalcode": "2018"
      }
    },
    {
      "type": "Feature",
      "geometry": {
        "type": "Point",
        "coordinates": [
          2.25262189,
          48.83647156
        ]
      },
      "properties": {
        "netid": "24:B2:B9:FF:11:A5",
        "ssid": "ClickShare-Grenache",
        "oui": "24:B2:B9",
        "channel": 40,
        "encryption": "wpa2",
        "firsttime": "2026-06-14T19:00:00.000Z",
        "lasttime": "2026-06-14T18:00:00.000Z",
        "city": "Boulogne-Billancourt",
        "region": "\u00cele-de-France",
        "country": "FR",
        "road": "Avenue \u00c9douard Vaillant",
        "postalcode": "92100"
      }
    },
    {
      "type": "Feature",
      "geometry": {
        "type": "Point",
        "coordinates": [
          6.39019537,
          51.25835419
        ]
      },
      "properties": {
        "netid": "24:B2:B9:FF:11:A9",
        "ssid": "ClickShare-1862736111",
        "oui": "24:B2:B9",
        "channel": 36,
        "encryption": "wpa2",
        "firsttime": "2026-07-09T16:00:00.000Z",
        "lasttime": "2026-07-13T11:00:00.000Z",
        "city": null,
        "region": "Nordrhein-Westfalen",
        "country": "DE",
        "road": "Rathausmarkt",
        "postalcode": "41747"
      }
    },
    {
      "type": "Feature",
      "geometry": {
        "type": "Point",
        "coordinates": [
          7.34637165,
          49.32347107
        ]
      },
      "properties": {
        "netid": "24:B2:B9:FF:17:0B",
        "ssid": "ClickShare-1862738098",
        "oui": "24:B2:B9",
        "channel": 36,
        "encryption": "wpa2",
        "firsttime": "2026-08-07T17:00:00.000Z",
        "lasttime": "2026-08-07T11:00:00.000Z",
        "city": "Homburg",
        "region": "Saarland",
        "country": "DE",
        "road": "Karlsbergstra\u00dfe",
        "postalcode": "66424"
      }
    },
    {
      "type": "Feature",
      "geometry": {
        "type": "Point",
        "coordinates": [
          -87.75370026,
          43.71748734
        ]
      },
      "properties": {
        "netid": "24:B2:B9:FF:17:B1",
        "ssid": "ClickShare-1889160370",
        "oui": "24:B2:B9",
        "channel": 36,
        "encryption": "wpa2",
        "firsttime": "2026-07-22T13:00:00.000Z",
        "lasttime": "2026-07-25T07:00:00.000Z",
        "city": "Sheboygan",
        "region": "WI",
        "country": "US",
        "road": "State Highway 28",
        "postalcode": "53081"
      }
    },
    {
      "type": "Feature",
      "geometry": {
        "type": "Point",
        "coordinates": [
          -77.04125977,
          38.90573883
        ]
      },
      "properties": {
        "netid": "24:B2:B9:FF:17:BD",
        "ssid": "Small Conf Rm",
        "oui": "24:B2:B9",
        "channel": 36,
        "encryption": "wpa2",
        "firsttime": "2026-06-05T15:00:00.000Z",
        "lasttime": "2026-08-07T17:00:00.000Z",
        "city": "Washington",
        "region": "DC",
        "country": "US",
        "road": "Connecticut Avenue Northwest",
        "postalcode": "20015"
      }
    },
    {
      "type": "Feature",
      "geometry": {
        "type": "Point",
        "coordinates": [
          -2.26204586,
          53.47080231
        ]
      },
      "properties": {
        "netid": "24:B2:B9:FF:18:75",
        "ssid": "ClickShare-Opus4Boardroom",
        "oui": "24:B2:B9",
        "channel": 36,
        "encryption": "wpa2",
        "firsttime": "2026-07-13T17:00:00.000Z",
        "lasttime": "2026-08-07T14:00:00.000Z",
        "city": "Manchester",
        "region": "England",
        "country": "GB",
        "road": "Chester Road",
        "postalcode": "M15 4EY"
      }
    },
    {
      "type": "Feature",
      "geometry": {
        "type": "Point",
        "coordinates": [
          144.96791077,
          -37.81506348
        ]
      },
      "properties": {
        "netid": "24:B2:B9:FF:1A:DD",
        "ssid": "ClickShare-1862738927",
        "oui": "24:B2:B9",
        "channel": 36,
        "encryption": "wpa2",
        "firsttime": "2026-05-14T14:00:00.000Z",
        "lasttime": "2026-08-04T16:00:00.000Z",
        "city": "Melbourne",
        "region": "Victoria",
        "country": "AU",
        "road": "Collins Street",
        "postalcode": "3000"
      }
    },
    {
      "type": "Feature",
      "geometry": {
        "type": "Point",
        "coordinates": [
          2.34720063,
          48.85811615
        ]
      },
      "properties": {
        "netid": "24:B2:B9:FF:1B:AF",
        "ssid": "Salle-602",
        "oui": "24:B2:B9",
        "channel": 36,
        "encryption": "wpa2",
        "firsttime": "2026-05-15T07:00:00.000Z",
        "lasttime": "2026-05-15T00:00:00.000Z",
        "city": "Paris",
        "region": "\u00cele-de-France",
        "country": "FR",
        "road": "Rue Saint-Denis",
        "postalcode": "75001"
      }
    },
    {
      "type": "Feature",
      "geometry": {
        "type": "Point",
        "coordinates": [
          101.60112762,
          3.06508613
        ]
      },
      "properties": {
        "netid": "24:B2:B9:FF:1C:0F",
        "ssid": null,
        "oui": "24:B2:B9",
        "channel": 36,
        "encryption": "wpa2",
        "firsttime": "2026-02-15T02:00:00.000Z",
        "lasttime": "2026-06-30T07:00:00.000Z",
        "city": "Subang Jaya",
        "region": "Selangor",
        "country": "MY",
        "road": "Canopy Walk",
        "postalcode": "41100"
      }
    },
    {
      "type": "Feature",
      "geometry": {
        "type": "Point",
        "coordinates": [
          -0.14588477,
          51.51184845
        ]
      },
      "properties": {
        "netid": "24:B2:B9:FF:1C:6F",
        "ssid": "ClickShare-1862735334",
        "oui": "24:B2:B9",
        "channel": 36,
        "encryption": "wpa2",
        "firsttime": "2026-06-20T14:00:00.000Z",
        "lasttime": "2026-06-20T14:00:00.000Z",
        "city": "London",
        "region": "England",
        "country": "GB",
        "road": "Grosvenor Street",
        "postalcode": "W1K 4PT"
      }
    },
    {
      "type": "Feature",
      "geometry": {
        "type": "Point",
        "coordinates": [
          101.60083008,
          3.06458831
        ]
      },
      "properties": {
        "netid": "24:B2:B9:FF:1C:73",
        "ssid": null,
        "oui": "24:B2:B9",
        "channel": 36,
        "encryption": "wpa2",
        "firsttime": "2026-02-15T02:00:00.000Z",
        "lasttime": "2026-04-05T16:00:00.000Z",
        "city": "Subang Jaya",
        "region": "Selangor",
        "country": "MY",
        "road": "Jalan Lagoon Selatan",
        "postalcode": "47500"
      }
    },
    {
      "type": "Feature",
      "geometry": {
        "type": "Point",
        "coordinates": [
          13.37800217,
          52.52907181
        ]
      },
      "properties": {
        "netid": "24:B2:B9:FF:1D:83",
        "ssid": "ClickShare-1862735356",
        "oui": "24:B2:B9",
        "channel": 36,
        "encryption": "wpa2",
        "firsttime": "2026-07-13T22:00:00.000Z",
        "lasttime": "2026-07-13T20:00:00.000Z",
        "city": "Berlin",
        "region": "Mitte",
        "country": "DE",
        "road": "Invalidenstra\u00dfe",
        "postalcode": "10115"
      }
    },
    {
      "type": "Feature",
      "geometry": {
        "type": "Point",
        "coordinates": [
          -1.38625026,
          50.98167419
        ]
      },
      "properties": {
        "netid": "24:B2:B9:FF:1E:31",
        "ssid": "ClickShare-1862736001",
        "oui": "24:B2:B9",
        "channel": 36,
        "encryption": "wpa2",
        "firsttime": "2026-07-16T15:00:00.000Z",
        "lasttime": "2026-07-16T09:00:00.000Z",
        "city": null,
        "region": "England",
        "country": "GB",
        "road": "School Lane",
        "postalcode": "SO53 3ZL"
      }
    },
    {
      "type": "Feature",
      "geometry": {
        "type": "Point",
        "coordinates": [
          8.54563808,
          47.3741684
        ]
      },
      "properties": {
        "netid": "24:B2:B9:FF:1E:55",
        "ssid": "ClickShare-P30S",
        "oui": "24:B2:B9",
        "channel": 36,
        "encryption": "wpa2",
        "firsttime": "2026-06-30T12:00:00.000Z",
        "lasttime": "2026-06-30T05:00:00.000Z",
        "city": "Z\u00fcrich",
        "region": "Z\u00fcrich",
        "country": "CH",
        "road": "Bibliothekshof",
        "postalcode": null
      }
    },
    {
      "type": "Feature",
      "geometry": {
        "type": "Point",
        "coordinates": [
          4.68307924,
          45.82117081
        ]
      },
      "properties": {
        "netid": "24:B2:B9:FF:1F:0F",
        "ssid": "ClickShare-Pr\u00e9sentation Z 104",
        "oui": "24:B2:B9",
        "channel": 36,
        "encryption": "wpa2",
        "firsttime": "2026-06-27T21:00:00.000Z",
        "lasttime": "2026-06-29T10:00:00.000Z",
        "city": null,
        "region": "Auvergne-Rh\u00f4ne-Alpes",
        "country": "FR",
        "road": null,
        "postalcode": "69210"
      }
    },
    {
      "type": "Feature",
      "geometry": {
        "type": "Point",
        "coordinates": [
          -83.98748779,
          33.95739746
        ]
      },
      "properties": {
        "netid": "24:B2:B9:FF:1F:57",
        "ssid": "ClickShare-1862737754",
        "oui": "24:B2:B9",
        "channel": 36,
        "encryption": "wpa2",
        "firsttime": "2026-05-08T00:00:00.000Z",
        "lasttime": "2026-06-05T10:00:00.000Z",
        "city": null,
        "region": "GA",
        "country": "US",
        "road": "East Pike Street",
        "postalcode": "30046"
      }
    },
    {
      "type": "Feature",
      "geometry": {
        "type": "Point",
        "coordinates": [
          8.54602337,
          47.37449646
        ]
      },
      "properties": {
        "netid": "24:B2:B9:FF:1F:B3",
        "ssid": "ClickShare-V10",
        "oui": "24:B2:B9",
        "channel": 36,
        "encryption": "wpa2",
        "firsttime": "2026-07-13T10:00:00.000Z",
        "lasttime": "2026-07-13T03:00:00.000Z",
        "city": "Z\u00fcrich",
        "region": "Z\u00fcrich",
        "country": "CH",
        "road": "Seilergraben",
        "postalcode": "8092"
      }
    },
    {
      "type": "Feature",
      "geometry": {
        "type": "Point",
        "coordinates": [
          35.88333893,
          31.95261765
        ]
      },
      "properties": {
        "netid": "24:B2:B9:FF:22:73",
        "ssid": "ClickShare-1862737517",
        "oui": "24:B2:B9",
        "channel": 36,
        "encryption": "wpa2",
        "firsttime": "2026-05-15T10:00:00.000Z",
        "lasttime": "2026-07-31T23:00:00.000Z",
        "city": "\u0639\u0645\u0627\u0646",
        "region": "\u0639\u0645\u0627\u0646",
        "country": "JO",
        "road": "\u0634\u0627\u0631\u0639 \u0641\u0648\u0632\u064a \u0627\u0644\u0642\u0627\u0648\u0642\u062c\u064a",
        "postalcode": "11181"
      }
    },
    {
      "type": "Feature",
      "geometry": {
        "type": "Point",
        "coordinates": [
          -87.65572357,
          41.88808441
        ]
      },
      "properties": {
        "netid": "24:B2:B9:FF:24:53",
        "ssid": "ClickShare-1862739001",
        "oui": "24:B2:B9",
        "channel": 36,
        "encryption": "wpa2",
        "firsttime": "2026-08-06T02:00:00.000Z",
        "lasttime": "2026-08-05T22:00:00.000Z",
        "city": "Chicago",
        "region": "IL",
        "country": "US",
        "road": "North May Street",
        "postalcode": "60622"
      }
    },
    {
      "type": "Feature",
      "geometry": {
        "type": "Point",
        "coordinates": [
          -4.27171421,
          53.14201355
        ]
      },
      "properties": {
        "netid": "24:B2:B9:FF:24:E9",
        "ssid": "ClickShare-Arianrhod Room",
        "oui": "24:B2:B9",
        "channel": 36,
        "encryption": "wpa2",
        "firsttime": "2026-07-03T18:00:00.000Z",
        "lasttime": "2026-07-30T18:00:00.000Z",
        "city": null,
        "region": "Cymru / Wales",
        "country": "GB",
        "road": "Ffordd-y-Gogledd",
        "postalcode": "LL"
      }
    },
    {
      "type": "Feature",
      "geometry": {
        "type": "Point",
        "coordinates": [
          2.34659433,
          48.86461258
        ]
      },
      "properties": {
        "netid": "24:B2:B9:FF:25:03",
        "ssid": "ClickShare-1862738152",
        "oui": "24:B2:B9",
        "channel": 36,
        "encryption": "wpa2",
        "firsttime": "2026-06-18T18:00:00.000Z",
        "lasttime": "2026-07-18T10:00:00.000Z",
        "city": "Paris",
        "region": "\u00cele-de-France",
        "country": "FR",
        "road": "Rue \u00c9tienne Marcel",
        "postalcode": "75002"
      }
    },
    {
      "type": "Feature",
      "geometry": {
        "type": "Point",
        "coordinates": [
          -0.11423323,
          51.51286316
        ]
      },
      "properties": {
        "netid": "24:B2:B9:FF:25:B3",
        "ssid": "ClickShare-1862738708",
        "oui": "24:B2:B9",
        "channel": 36,
        "encryption": "wpa2",
        "firsttime": "2026-03-21T15:00:00.000Z",
        "lasttime": "2026-03-22T06:00:00.000Z",
        "city": "London",
        "region": "England",
        "country": "GB",
        "road": "Strand",
        "postalcode": "WC2R 1DR"
      }
    },
    {
      "type": "Feature",
      "geometry": {
        "type": "Point",
        "coordinates": [
          139.80522156,
          35.77457428
        ]
      },
      "properties": {
        "netid": "24:B2:B9:FF:25:B5",
        "ssid": "ClickShare-1862738843",
        "oui": "24:B2:B9",
        "channel": 36,
        "encryption": "wpa2",
        "firsttime": "2026-02-25T06:00:00.000Z",
        "lasttime": "2026-03-03T03:00:00.000Z",
        "city": "\u8db3\u7acb\u533a",
        "region": "\u4e2d\u592e\u672c\u753a\u4e00\u4e01\u76ee",
        "country": "JP",
        "road": null,
        "postalcode": "120-8510"
      }
    },
    {
      "type": "Feature",
      "geometry": {
        "type": "Point",
        "coordinates": [
          -0.22491422,
          51.49229431
        ]
      },
      "properties": {
        "netid": "24:B2:B9:FF:25:C7",
        "ssid": "Canada Square Clickshare",
        "oui": "24:B2:B9",
        "channel": 36,
        "encryption": "wpa2",
        "firsttime": "2026-05-01T18:00:00.000Z",
        "lasttime": "2026-05-04T20:00:00.000Z",
        "city": "London Borough of Hammersmith and Fulham",
        "region": "England",
        "country": "GB",
        "road": "Queen Caroline Street",
        "postalcode": "W6 0QA"
      }
    },
    {
      "type": "Feature",
      "geometry": {
        "type": "Point",
        "coordinates": [
          9.39471436,
          47.43125534
        ]
      },
      "properties": {
        "netid": "24:B2:B9:FF:25:C9",
        "ssid": "ClickShare-H82.101",
        "oui": "24:B2:B9",
        "channel": 36,
        "encryption": "wpa2",
        "firsttime": "2026-06-15T19:00:00.000Z",
        "lasttime": "2026-06-15T13:00:00.000Z",
        "city": "Sankt Gallen",
        "region": "Sankt Gallen",
        "country": "CH",
        "road": "Helvetiastrasse",
        "postalcode": "9000"
      }
    },
    {
      "type": "Feature",
      "geometry": {
        "type": "Point",
        "coordinates": [
          4.68291187,
          45.82123184
        ]
      },
      "properties": {
        "netid": "24:B2:B9:FF:25:F3",
        "ssid": "ClickShare-Z103",
        "oui": "24:B2:B9",
        "channel": 36,
        "encryption": "wpa2",
        "firsttime": "2026-06-27T13:00:00.000Z",
        "lasttime": "2026-06-29T10:00:00.000Z",
        "city": null,
        "region": "Auvergne-Rh\u00f4ne-Alpes",
        "country": "FR",
        "road": null,
        "postalcode": "69210"
      }
    },
    {
      "type": "Feature",
      "geometry": {
        "type": "Point",
        "coordinates": [
          4.46528769,
          52.17921448
        ]
      },
      "properties": {
        "netid": "24:B2:B9:FF:25:F9",
        "ssid": "ClickShare-VanderMeer",
        "oui": "24:B2:B9",
        "channel": 1,
        "encryption": "wpa2",
        "firsttime": "2026-04-22T19:00:00.000Z",
        "lasttime": "2026-04-24T07:00:00.000Z",
        "city": null,
        "region": "Zuid-Holland",
        "country": "NL",
        "road": "Geversstraat",
        "postalcode": "2341GA"
      }
    },
    {
      "type": "Feature",
      "geometry": {
        "type": "Point",
        "coordinates": [
          8.55209541,
          47.36388016
        ]
      },
      "properties": {
        "netid": "24:B2:B9:FF:27:5D",
        "ssid": "ClickShare-Sitzungszimmer1",
        "oui": "24:B2:B9",
        "channel": 36,
        "encryption": "wpa2",
        "firsttime": "2026-04-17T15:00:00.000Z",
        "lasttime": "2026-04-17T09:00:00.000Z",
        "city": "Z\u00fcrich",
        "region": "Z\u00fcrich",
        "country": "CH",
        "road": "M\u00fchlebachstrasse",
        "postalcode": "8008"
      }
    },
    {
      "type": "Feature",
      "geometry": {
        "type": "Point",
        "coordinates": [
          5.36559772,
          43.30495834
        ]
      },
      "properties": {
        "netid": "24:B2:B9:FF:27:CB",
        "ssid": "ClickShare-Marseille",
        "oui": "24:B2:B9",
        "channel": 36,
        "encryption": "wpa2",
        "firsttime": "2026-07-03T11:00:00.000Z",
        "lasttime": "2026-07-03T07:00:00.000Z",
        "city": "Marseille",
        "region": "Provence-Alpes-C\u00f4te d'Azur",
        "country": "FR",
        "road": "Place de la Joliette",
        "postalcode": "13002"
      }
    },
    {
      "type": "Feature",
      "geometry": {
        "type": "Point",
        "coordinates": [
          46.60229111,
          24.82180023
        ]
      },
      "properties": {
        "netid": "24:B2:B9:FF:28:6B",
        "ssid": "ClickShare-1862735545",
        "oui": "24:B2:B9",
        "channel": 36,
        "encryption": "wpa2",
        "firsttime": "2026-06-19T00:00:00.000Z",
        "lasttime": "2026-07-12T16:00:00.000Z",
        "city": null,
        "region": "\u0645\u0646\u0637\u0642\u0629 \u0627\u0644\u0631\u064a\u0627\u0636",
        "country": "SA",
        "road": "\u0627\u0644\u0645\u0644\u0643 \u0633\u0644\u0645\u0627\u0646",
        "postalcode": "13524"
      }
    },
    {
      "type": "Feature",
      "geometry": {
        "type": "Point",
        "coordinates": [
          16.36044312,
          48.21598816
        ]
      },
      "properties": {
        "netid": "24:B2:B9:FF:29:69",
        "ssid": "ClickShare-1862737892",
        "oui": "24:B2:B9",
        "channel": 48,
        "encryption": "wep",
        "firsttime": "2026-02-03T09:00:00.000Z",
        "lasttime": "2026-02-03T02:00:00.000Z",
        "city": "Wien",
        "region": "Alservorstadt",
        "country": "AT",
        "road": "W\u00e4hringer Stra\u00dfe",
        "postalcode": "1090"
      }
    },
    {
      "type": "Feature",
      "geometry": {
        "type": "Point",
        "coordinates": [
          14.24707603,
          51.15221405
        ]
      },
      "properties": {
        "netid": "24:B2:B9:FF:29:A7",
        "ssid": "ClickShare-1862736000",
        "oui": "24:B2:B9",
        "channel": 36,
        "encryption": "wpa2",
        "firsttime": "2026-08-02T18:00:00.000Z",
        "lasttime": "2026-08-02T12:00:00.000Z",
        "city": null,
        "region": "Sachsen",
        "country": "DE",
        "road": "Dresdener Stra\u00dfe",
        "postalcode": "01877"
      }
    },
    {
      "type": "Feature",
      "geometry": {
        "type": "Point",
        "coordinates": [
          -1.21056473,
          51.74897003
        ]
      },
      "properties": {
        "netid": "24:B2:B9:FF:2C:3F",
        "ssid": "ClickShare-1862738587",
        "oui": "24:B2:B9",
        "channel": 36,
        "encryption": "wpa2",
        "firsttime": "2026-05-05T06:00:00.000Z",
        "lasttime": "2026-05-18T01:00:00.000Z",
        "city": "Oxford",
        "region": "England",
        "country": "GB",
        "road": "Roosevelt Drive",
        "postalcode": "OX3 7DQ"
      }
    },
    {
      "type": "Feature",
      "geometry": {
        "type": "Point",
        "coordinates": [
          6.96328449,
          51.65467834
        ]
      },
      "properties": {
        "netid": "24:B2:B9:FF:2C:41",
        "ssid": "ClickShare-1862735652",
        "oui": "24:B2:B9",
        "channel": 36,
        "encryption": "wpa2",
        "firsttime": "2026-05-04T11:00:00.000Z",
        "lasttime": "2026-07-27T04:00:00.000Z",
        "city": null,
        "region": "Nordrhein-Westfalen",
        "country": "DE",
        "road": "Kirchhellener Allee",
        "postalcode": "46282"
      }
    },
    {
      "type": "Feature",
      "geometry": {
        "type": "Point",
        "coordinates": [
          23.30965042,
          42.69187164
        ]
      },
      "properties": {
        "netid": "24:B2:B9:FF:2C:7D",
        "ssid": "ClickShare-D-BANK",
        "oui": "24:B2:B9",
        "channel": 36,
        "encryption": "wpa2",
        "firsttime": "2026-04-09T07:00:00.000Z",
        "lasttime": "2026-04-09T01:00:00.000Z",
        "city": "\u0421\u043e\u0444\u0438\u044f",
        "region": "\u0421\u043e\u0444\u0438\u044f-\u0433\u0440\u0430\u0434",
        "country": "BG",
        "road": "\u0431\u0443\u043b. \u0413\u0435\u043d. \u0422\u043e\u0442\u043b\u0435\u0431\u0435\u043d",
        "postalcode": "1606"
      }
    },
    {
      "type": "Feature",
      "geometry": {
        "type": "Point",
        "coordinates": [
          -6.27622461,
          53.34440994
        ]
      },
      "properties": {
        "netid": "24:B2:B9:FF:2D:8D",
        "ssid": "ClickShare-1862738616",
        "oui": "24:B2:B9",
        "channel": 36,
        "encryption": "wpa2",
        "firsttime": "2026-05-16T22:00:00.000Z",
        "lasttime": "2026-07-21T05:00:00.000Z",
        "city": "Dublin",
        "region": "Leinster",
        "country": "IE",
        "road": "Bridge Street Lower",
        "postalcode": "D08 WC64"
      }
    },
    {
      "type": "Feature",
      "geometry": {
        "type": "Point",
        "coordinates": [
          -96.80464172,
          32.78065491
        ]
      },
      "properties": {
        "netid": "24:B2:B9:FF:2E:71",
        "ssid": "ClickShare-1863097586",
        "oui": "24:B2:B9",
        "channel": 36,
        "encryption": "wpa2",
        "firsttime": "2026-06-23T00:00:00.000Z",
        "lasttime": "2026-07-30T00:00:00.000Z",
        "city": "Dallas",
        "region": "TX",
        "country": "US",
        "road": "North Lamar Street",
        "postalcode": "75202"
      }
    },
    {
      "type": "Feature",
      "geometry": {
        "type": "Point",
        "coordinates": [
          35.87123108,
          31.97214317
        ]
      },
      "properties": {
        "netid": "24:B2:B9:FF:2E:D9",
        "ssid": "ClickShare-1862737540",
        "oui": "24:B2:B9",
        "channel": 36,
        "encryption": "wpa2",
        "firsttime": "2026-07-11T21:00:00.000Z",
        "lasttime": "2026-07-31T23:00:00.000Z",
        "city": "\u0639\u0645\u0627\u0646",
        "region": "\u0639\u0645\u0627\u0646",
        "country": "JO",
        "road": "\u0634\u0627\u0631\u0639 \u0627\u0644\u0645\u0644\u0643 \u0641\u064a\u0635\u0644 \u0628\u0646 \u0639\u0628\u062f \u0627\u0644\u0639\u0632\u064a\u0632",
        "postalcode": "11195"
      }
    },
    {
      "type": "Feature",
      "geometry": {
        "type": "Point",
        "coordinates": [
          13.06734467,
          52.38882828
        ]
      },
      "properties": {
        "netid": "24:B2:B9:FF:2F:41",
        "ssid": "ClickShare-1862737267",
        "oui": "24:B2:B9",
        "channel": 36,
        "encryption": "wpa2",
        "firsttime": "2026-07-27T15:00:00.000Z",
        "lasttime": "2026-07-28T22:00:00.000Z",
        "city": "Potsdam",
        "region": "Brandenburg",
        "country": "DE",
        "road": "Heinrich-Mann-Allee",
        "postalcode": "14473"
      }
    },
    {
      "type": "Feature",
      "geometry": {
        "type": "Point",
        "coordinates": [
          8.53711605,
          47.36953735
        ]
      },
      "properties": {
        "netid": "24:B2:B9:FF:30:E7",
        "ssid": "ClickShare-B\u00e4r",
        "oui": "24:B2:B9",
        "channel": 36,
        "encryption": "wpa2",
        "firsttime": "2026-07-01T07:00:00.000Z",
        "lasttime": "2026-07-01T04:00:00.000Z",
        "city": "Z\u00fcrich",
        "region": "Z\u00fcrich",
        "country": "CH",
        "road": "Talstrasse",
        "postalcode": "8001"
      }
    },
    {
      "type": "Feature",
      "geometry": {
        "type": "Point",
        "coordinates": [
          9.54231548,
          50.58723068
        ]
      },
      "properties": {
        "netid": "24:B2:B9:FF:31:03",
        "ssid": "ClickShare-Beurkundungszimmer",
        "oui": "24:B2:B9",
        "channel": 1,
        "encryption": "wpa2",
        "firsttime": "2026-07-04T11:00:00.000Z",
        "lasttime": "2026-07-04T06:00:00.000Z",
        "city": null,
        "region": "Hessen",
        "country": "DE",
        "road": "Am Fronhof",
        "postalcode": "36137"
      }
    },
    {
      "type": "Feature",
      "geometry": {
        "type": "Point",
        "coordinates": [
          12.07188797,
          50.89730072
        ]
      },
      "properties": {
        "netid": "24:B2:B9:FF:31:91",
        "ssid": "ClickShare-1862735623",
        "oui": "24:B2:B9",
        "channel": 36,
        "encryption": "wpa2",
        "firsttime": "2026-07-01T10:00:00.000Z",
        "lasttime": "2026-07-01T22:00:00.000Z",
        "city": null,
        "region": "Th\u00fcringen",
        "country": "DE",
        "road": "Leibnizstra\u00dfe",
        "postalcode": "07546"
      }
    },
    {
      "type": "Feature",
      "geometry": {
        "type": "Point",
        "coordinates": [
          2.34606338,
          48.8646431
        ]
      },
      "properties": {
        "netid": "24:B2:B9:FF:33:F9",
        "ssid": "ClickShare-1862738213",
        "oui": "24:B2:B9",
        "channel": 36,
        "encryption": "wpa2",
        "firsttime": "2026-06-18T18:00:00.000Z",
        "lasttime": "2026-07-18T10:00:00.000Z",
        "city": "Paris",
        "region": "\u00cele-de-France",
        "country": "FR",
        "road": "Rue \u00c9tienne Marcel",
        "postalcode": "75002"
      }
    },
    {
      "type": "Feature",
      "geometry": {
        "type": "Point",
        "coordinates": [
          8.5460043,
          47.37470245
        ]
      },
      "properties": {
        "netid": "24:B2:B9:FF:36:41",
        "ssid": "ClickShare-V40",
        "oui": "24:B2:B9",
        "channel": 36,
        "encryption": "wpa2",
        "firsttime": "2026-06-15T09:00:00.000Z",
        "lasttime": "2026-07-15T06:00:00.000Z",
        "city": "Z\u00fcrich",
        "region": "Z\u00fcrich",
        "country": "CH",
        "road": "Hirschengraben",
        "postalcode": "8092"
      }
    },
    {
      "type": "Feature",
      "geometry": {
        "type": "Point",
        "coordinates": [
          24.94655609,
          60.16899109
        ]
      },
      "properties": {
        "netid": "24:B2:B9:FF:39:91",
        "ssid": null,
        "oui": "24:B2:B9",
        "channel": 36,
        "encryption": "wpa2",
        "firsttime": "2026-06-27T11:00:00.000Z",
        "lasttime": "2026-06-29T11:00:00.000Z",
        "city": "Helsinki",
        "region": "Manner-Suomi",
        "country": "FI",
        "road": "Aleksanterinkatu",
        "postalcode": "00100"
      }
    },
    {
      "type": "Feature",
      "geometry": {
        "type": "Point",
        "coordinates": [
          2.34658647,
          48.86465073
        ]
      },
      "properties": {
        "netid": "24:B2:B9:FF:39:D5",
        "ssid": "ClickShare-1862738150",
        "oui": "24:B2:B9",
        "channel": 36,
        "encryption": "wpa2",
        "firsttime": "2026-07-18T14:00:00.000Z",
        "lasttime": "2026-08-01T12:00:00.000Z",
        "city": "Paris",
        "region": "\u00cele-de-France",
        "country": "FR",
        "road": "Rue \u00c9tienne Marcel",
        "postalcode": "75002"
      }
    },
    {
      "type": "Feature",
      "geometry": {
        "type": "Point",
        "coordinates": [
          3.3336885,
          51.1698761
        ]
      },
      "properties": {
        "netid": "24:B2:B9:FF:3A:E3",
        "ssid": "ClickShare-1862735251",
        "oui": "24:B2:B9",
        "channel": 36,
        "encryption": "wpa2",
        "firsttime": "2026-04-17T16:00:00.000Z",
        "lasttime": "2026-04-28T14:00:00.000Z",
        "city": null,
        "region": "West-Vlaanderen",
        "country": "BE",
        "road": "Bruggestraat",
        "postalcode": "8730"
      }
    },
    {
      "type": "Feature",
      "geometry": {
        "type": "Point",
        "coordinates": [
          -77.5661087,
          43.15486145
        ]
      },
      "properties": {
        "netid": "24:B2:B9:FF:3C:77",
        "ssid": "ClickShare-1863097734",
        "oui": "24:B2:B9",
        "channel": 36,
        "encryption": "none",
        "firsttime": "2026-07-09T05:00:00.000Z",
        "lasttime": "2026-07-08T22:00:00.000Z",
        "city": "City of Rochester",
        "region": "NY",
        "country": "US",
        "road": "Humboldt Street",
        "postalcode": "14609"
      }
    }
  ],
  "properties": {
    "generated": "2026-08-09T06:40:12.116091+00:00",
    "oui": "24:B2:B9",
    "source": "WiGLE (wigle.net)",
    "project": "flock-finder",
    "total_cameras": 1632
  }
}