netid,ssid,trilat,trilong,oui_match,channel,encryption,firsttime,lasttime,city,region,country,road,postalcode
3C:71:BF:00:AE:1D,Iris_IndoorPlug_AE1D,33.43321228,-112.0582428,3C:71:BF,1,unknown,2026-05-15T20:00:00.000Z,2026-05-15T18:00:00.000Z,Phoenix,AZ,US,East Pima Street,85034-5121
3C:71:BF:00:D2:41,Iris_IndoorPlug_D241,33.45834351,-112.39170074,3C:71:BF,1,unknown,2025-05-10T15:00:00.000Z,2025-05-15T09:00:00.000Z,,AZ,US,South Estrella Parkway,85338-3031
3C:71:BF:00:E1:ED,Iris_IndoorPlug_E1ED,40.69709778,-73.7574234,3C:71:BF,1,none,2022-12-30T05:00:00.000Z,2026-06-27T12:00:00.000Z,City of New York,NY,US,115th Avenue,11412
3C:71:BF:01:00:6D,Iris_IndoorPlug_006D,40.75761032,-74.04023743,3C:71:BF,1,none,2024-01-02T16:00:00.000Z,2024-10-16T14:00:00.000Z,,NJ,US,8th Street,07047
3C:71:BF:01:24:E1,i_plug_indoor_24E0,33.37960434,-82.04445648,3C:71:BF,1,none,2026-05-21T01:00:00.000Z,2026-05-20T19:00:00.000Z,Augusta,GA,US,Bremen Drive,30906
3C:71:BF:01:57:15,Iris_OutdoorPlug_5715,33.58753204,-82.1523056,3C:71:BF,1,unknown,2026-04-04T19:00:00.000Z,2026-04-04T20:00:00.000Z,,GA,US,Glastonbury Drive,30809
3C:71:BF:01:78:79,Iris_IndoorPlug_7879,44.01016998,-71.06690216,3C:71:BF,1,unknown,2021-10-16T13:00:00.000Z,2025-03-09T06:00:00.000Z,,NH,US,East Conway Road,03813
3C:71:BF:01:79:05,Iris_IndoorPlug_7905,29.52989197,-81.25603485,3C:71:BF,1,unknown,2026-03-17T18:00:00.000Z,2026-03-17T14:00:00.000Z,Palm Coast,FL,US,Wood Cedar Drive,32164
3C:71:BF:02:37:35,,-18.94976044,-48.34620667,3C:71:BF,13,unknown,2025-05-30T20:00:00.000Z,2025-07-18T19:00:00.000Z,Uberlândia,Minas Gerais,BR,BR-497,38412-602
3C:71:BF:03:A8:B5,EPS_ESP32_V05CIL,25.18096542,121.45244598,3C:71:BF,1,wpa2,2023-09-30T21:00:00.000Z,2026-04-25T02:00:00.000Z,,新北市,TW,淡金路二段,25137
3C:71:BF:03:E1:8D,AirSmart-0198,-37.77231216,145.03187561,3C:71:BF,1,wpa2,2025-07-29T07:00:00.000Z,2025-07-29T00:00:00.000Z,Melbourne,Victoria,AU,Bennett Street,3078
3C:71:BF:03:F9:F1,AirNode4S19,51.54862976,-0.14153197,3C:71:BF,11,wpa2,2021-01-30T14:00:00.000Z,2026-05-11T02:00:00.000Z,London,England,GB,Kentish Town Road,NW5 2AD
3C:71:BF:04:2E:85,AirSmart-0194,-37.77072906,145.01074219,3C:71:BF,1,wpa2,2022-10-30T15:00:00.000Z,2025-10-26T20:00:00.000Z,Melbourne,Victoria,AU,Separation Street,3078
3C:71:BF:04:2E:C9,AirSmart-0214,-37.76365662,144.89732361,3C:71:BF,1,wpa2,2020-01-06T06:00:00.000Z,2024-11-07T18:00:00.000Z,Melbourne,Victoria,AU,Vida Street,3032
3C:71:BF:04:3D:D9,DY-WiFi-3DD8,43.88328171,8.02520084,3C:71:BF,11,wpa2,2025-03-24T08:00:00.000Z,2025-12-23T03:00:00.000Z,Imperia,Liguria,IT,Viale Giacomo Matteotti,18100
3C:71:BF:04:4A:ED,DY-WiFi-4AEC,50.2141037,1.5630064,3C:71:BF,1,wpa2,2024-09-14T06:00:00.000Z,2026-04-05T08:00:00.000Z,,Hauts-de-France,FR,Rue de la Chapelle,80410
3C:71:BF:04:71:F9,AirNode4P01,53.01371002,-2.22902918,3C:71:BF,2,wpa2,2021-03-30T15:00:00.000Z,2026-07-11T06:00:00.000Z,Newcastle-under-Lyme,England,GB,Ryecroft,ST5 2AD
3C:71:BF:04:73:7D,AirNode4P23,53.00953293,-2.22761822,3C:71:BF,3,wpa2,2020-12-04T13:00:00.000Z,2026-08-13T07:00:00.000Z,Newcastle-under-Lyme,England,GB,Blackfriars Roundabout,ST5 1LD
3C:71:BF:04:BD:A1,DY-WiFi-BDA0,50.35050583,-4.17064905,3C:71:BF,1,wpa2,2024-09-07T10:00:00.000Z,2025-04-04T04:00:00.000Z,,England,GB,B3247,PL11
3C:71:BF:04:D6:C5,DY-AIS-D6C4,32.65259552,-16.91049767,3C:71:BF,1,wpa2,2024-09-10T14:00:00.000Z,2024-09-11T00:00:00.000Z,Funchal,Sé,PT,Rua 5 de Outubro,9000-084
3C:71:BF:04:D6:E1,DY-AIS-D6E0,35.10306549,-77.03981781,3C:71:BF,1,wpa2,2025-05-29T22:00:00.000Z,2026-01-16T08:00:00.000Z,New Bern,NC,US,River Walk,28560
3C:71:BF:04:D8:C9,DY-AIS-D8C8,26.0569725,-80.11192322,3C:71:BF,1,wpa2,2026-06-21T22:00:00.000Z,2026-06-24T12:00:00.000Z,,FL,US,North Beach Road,33004
3C:71:BF:04:DE:4D,,38.40988541,-121.35214996,3C:71:BF,13,unknown,2025-06-22T02:00:00.000Z,2026-03-23T17:00:00.000Z,Elk Grove,CA,US,Elk Grove Boulevard,94624
3C:71:BF:05:35:DD,iHaper-B2B-0535DC,25.07018852,121.61895752,3C:71:BF,1,unknown,2026-05-05T11:00:00.000Z,2026-05-05T07:00:00.000Z,,臺北市,TW,康樂街,11480
3C:71:BF:05:59:94,,43.65367508,-73.03012848,3C:71:BF,9,unknown,2025-05-23T21:00:00.000Z,2025-05-23T18:00:00.000Z,,VT,US,Holden Avenue,05765
3C:71:BF:05:6F:C0,,27.77188873,-82.65084839,3C:71:BF,10,unknown,2025-05-05T22:00:00.000Z,2025-12-04T14:00:00.000Z,Saint Petersburg,FL,US,Baum Avenue North,33705
3C:71:BF:06:04:15,iHaper-B2B-060414,51.70905685,-0.90110964,3C:71:BF,1,unknown,2024-04-16T07:00:00.000Z,2026-04-18T16:00:00.000Z,South Oxfordshire,England,GB,Lower Icknield Way,OX39 4PU
3C:71:BF:06:35:2D,Traeger-352D,40.31306458,-111.66926575,3C:71:BF,5,wpa2,2026-07-19T23:00:00.000Z,2026-08-02T19:00:00.000Z,,UT,US,East 880 North,84602
3C:71:BF:06:38:35,Traeger-3835,43.46795654,-112.03339386,3C:71:BF,5,wpa2,2020-07-14T19:00:00.000Z,2025-05-11T23:00:00.000Z,Idaho Falls,ID,US,Stonebrook Lane,83403
3C:71:BF:06:39:61,Stargazer,51.13309479,1.34479558,3C:71:BF,1,wpa2,2023-07-21T17:00:00.000Z,2025-09-27T10:00:00.000Z,,England,GB,Upper Road,CT15 6AG
3C:71:BF:06:3B:5D,Traeger-3B5D,47.16999054,-122.43156433,3C:71:BF,5,wpa2,2025-06-14T19:00:00.000Z,2025-06-14T16:00:00.000Z,Tacoma,WA,US,South 96th Street,98444-6240
3C:71:BF:06:3D:A9,Traeger-3DA9,41.27796173,-82.64173889,3C:71:BF,5,wpa2,2026-04-24T19:00:00.000Z,2026-04-24T12:00:00.000Z,,OH,US,Schaffer Road,44857
3C:71:BF:06:3E:09,Traeger-3E09,41.53310776,-80.52135468,3C:71:BF,5,wpa2,2025-09-28T18:00:00.000Z,2025-09-28T12:00:00.000Z,,OH,US,US 322,44093
3C:71:BF:06:3E:45,Traeger-3E45,39.73195267,-104.97136688,3C:71:BF,5,wpa2,2025-06-19T02:00:00.000Z,2025-07-11T18:00:00.000Z,Denver,CO,US,Marion Street,80218
3C:71:BF:06:3E:59,Traeger-3E59,49.99412537,-110.65027618,3C:71:BF,5,wpa2,2026-02-22T20:00:00.000Z,2026-02-22T17:00:00.000Z,Medicine Hat,Alberta,CA,South Boundary Road SE,T1B 0G4
3C:71:BF:06:40:A5,Traeger-40A5,41.77669144,-111.78821564,3C:71:BF,5,wpa2,2026-07-01T18:00:00.000Z,2026-07-01T15:00:00.000Z,,UT,US,2500 North,84341
3C:71:BF:06:49:49,Traeger-4949,42.92048264,-89.40106964,3C:71:BF,5,wpa2,2025-10-31T23:00:00.000Z,2025-10-31T17:00:00.000Z,,WI,US,Raven Court,53575
3C:71:BF:06:49:8D,Traeger-498D,29.80876541,-94.99506378,3C:71:BF,5,wpa2,2024-11-25T00:00:00.000Z,2026-03-26T14:00:00.000Z,,TX,US,Bighorn Street,77521
3C:71:BF:06:49:E9,Traeger-49E9,34.00583267,-81.14020538,3C:71:BF,5,wpa2,2025-05-10T16:00:00.000Z,2025-07-15T17:00:00.000Z,,SC,US,Leaphart Road,29169
3C:71:BF:06:4A:5D,Traeger-4A5D,39.07857132,-79.80950928,3C:71:BF,5,wpa2,2024-09-21T20:00:00.000Z,2024-09-21T19:00:00.000Z,,WV,US,US 48;US 219,26283
3C:71:BF:06:4B:1D,Traeger-4B1D,41.10460281,-85.05369568,3C:71:BF,5,wpa2,2026-06-06T17:00:00.000Z,2026-06-06T13:00:00.000Z,Fort Wayne,IN,US,East State Boulevard,46815
3C:71:BF:06:4F:61,Traeger-4F61,40.02630234,-84.22933197,3C:71:BF,5,wpa2,2023-05-20T17:00:00.000Z,2024-09-15T19:00:00.000Z,,OH,US,SR 55,45373
3C:71:BF:06:4F:B1,Traeger-4FB1,37.66421509,-97.56655884,3C:71:BF,5,wpa2,2024-08-24T21:00:00.000Z,2024-08-24T20:00:00.000Z,,KS,US,Vietnam Veterans Memorial Highway,67052
3C:71:BF:06:55:89,Traeger-5589,39.61258316,-104.73061371,3C:71:BF,5,wpa2,2023-04-09T10:00:00.000Z,2026-08-08T21:00:00.000Z,Centennial,CO,US,South Riviera Way,80015
3C:71:BF:06:57:25,Traeger-5725,39.61355591,-105.12883759,3C:71:BF,5,wpa2,2024-09-02T23:00:00.000Z,2024-09-04T17:00:00.000Z,,CO,US,South Simms Street,80127
3C:71:BF:06:5B:65,Traeger-5B65,30.33481598,-87.14290619,3C:71:BF,5,wpa2,2025-07-23T23:00:00.000Z,2025-07-23T16:00:00.000Z,,FL,US,Pensacola Beach Boulevard,32561
3C:71:BF:06:5E:A1,Traeger-5EA1,47.14324188,-122.35084534,3C:71:BF,5,wpa2,2025-09-28T23:00:00.000Z,2025-09-28T17:00:00.000Z,,WA,US,124th Street Court East,98373-4263
3C:71:BF:06:5F:CD,Traeger-5FCD,42.27380371,-71.8326416,3C:71:BF,5,wpa2,2026-07-25T15:00:00.000Z,2026-07-29T06:00:00.000Z,Worcester,MA,US,Chamberlain Parkway,01602
3C:71:BF:06:67:B1,Traeger-67B1,46.86700439,-114.04129791,3C:71:BF,5,wpa2,2025-08-08T16:00:00.000Z,2025-10-28T16:00:00.000Z,Missoula,MT,US,South 3rd Street West,59801
3C:71:BF:06:6B:A9,Traeger-6BA9,39.1487236,-84.37454224,3C:71:BF,5,wpa2,2026-05-24T01:00:00.000Z,2026-05-25T00:00:00.000Z,,OH,US,Cambridge Avenue,45227
3C:71:BF:06:6C:11,Traeger-6C11,39.50160217,-119.83577728,3C:71:BF,5,wpa2,2025-12-08T22:00:00.000Z,2025-12-08T16:00:00.000Z,Reno,NV,US,Hunter Lake Drive,89509
3C:71:BF:06:6C:3D,Traeger-6C3D,40.46064377,-76.36215973,3C:71:BF,5,wpa2,2024-07-18T18:00:00.000Z,2026-07-26T16:00:00.000Z,Bethel Township,PA,US,William Penn Highway,
3C:71:BF:06:6D:39,Traeger-6D39,33.60387039,-111.73384094,3C:71:BF,5,wpa2,2024-04-09T03:00:00.000Z,2024-10-31T14:00:00.000Z,,AZ,US,Mountainside Drive,85268
3C:71:BF:06:6E:19,Traeger-6E19,42.91026306,-85.47108459,3C:71:BF,5,wpa2,2026-04-02T16:00:00.000Z,2026-04-02T16:00:00.000Z,,MI,US,30th Street Southeast,49301
3C:71:BF:06:6F:21,Traeger-6F21,39.49726105,-104.7609787,3C:71:BF,5,wpa2,2024-08-19T00:00:00.000Z,2024-08-21T00:00:00.000Z,,CO,US,South Parker Road,80134
3C:71:BF:06:6F:2D,Traeger-6F2D,39.68714523,-105.27721405,3C:71:BF,6,wpa2,2026-04-26T16:00:00.000Z,2026-04-27T15:00:00.000Z,,CO,US,Foothills Drive South,80453
3C:71:BF:06:6F:81,Traeger-6F81,46.88845062,-102.79936218,3C:71:BF,5,wpa2,2026-07-01T14:00:00.000Z,2026-07-01T15:00:00.000Z,Dickinson,ND,US,9th Avenue West,58601
3C:71:BF:06:71:D1,Traeger-71D1,44.73160553,-123.05319977,3C:71:BF,5,wpa2,2023-10-28T13:00:00.000Z,2026-05-14T20:00:00.000Z,,OR,US,Robert Hugh Baldock Freeway,97352
3C:71:BF:06:72:FD,Traeger-72FD,47.01924515,-114.36794281,3C:71:BF,5,wpa2,2025-03-19T19:00:00.000Z,2025-03-20T14:00:00.000Z,,MT,US,I 90,59846
3C:71:BF:06:73:61,Traeger-7361,40.12490082,-111.60569,3C:71:BF,5,wpa2,2024-01-21T03:00:00.000Z,2026-01-09T14:00:00.000Z,,UT,US,South Slant Road,84664
3C:71:BF:06:74:85,Traeger-7485,33.08962631,-96.50235748,3C:71:BF,5,wpa2,2024-10-26T19:00:00.000Z,2024-10-26T17:00:00.000Z,Lowry Crossing,TX,US,FM 982,
3C:71:BF:06:76:39,Traeger-7639,41.03242111,-77.31335449,3C:71:BF,5,wpa2,2024-12-19T00:00:00.000Z,2024-12-19T14:00:00.000Z,,PA,US,West Main Street,17747
3C:71:BF:06:77:05,Traeger-7705,43.22519302,-89.23106384,3C:71:BF,5,wpa2,2025-07-22T14:00:00.000Z,2025-10-28T16:00:00.000Z,,WI,US,Norway Road,53532
3C:71:BF:06:78:99,Traeger-7899,46.91859436,-98.01804352,3C:71:BF,5,wpa2,2024-08-10T17:00:00.000Z,2025-03-19T06:00:00.000Z,,ND,US,11th Avenue Southwest,58072
3C:71:BF:06:78:F9,Traeger-78F9,43.57737732,-116.13326263,3C:71:BF,5,wpa2,2025-03-06T20:00:00.000Z,2025-03-06T15:00:00.000Z,Boise,ID,US,South Honeycomb Way,83716
3C:71:BF:06:7C:05,Traeger-7C05,44.85674667,-92.91539764,3C:71:BF,5,wpa2,2025-10-16T23:00:00.000Z,2025-10-16T17:00:00.000Z,,MN,US,Military Road,55016
3C:71:BF:06:7D:11,Traeger-7D11,32.40976334,-110.98040009,3C:71:BF,5,wpa2,2025-07-01T13:00:00.000Z,2026-05-28T10:00:00.000Z,,AZ,US,West Naranja Drive,85737
3C:71:BF:06:7D:49,Traeger-7D49,44.44481659,-69.7408905,3C:71:BF,5,wpa2,2026-06-21T22:00:00.000Z,2026-06-24T03:00:00.000Z,,ME,US,Middle Road,04330
3C:71:BF:06:7E:91,Traeger-7E91,46.86927414,-96.91358948,3C:71:BF,5,wpa2,2023-06-17T16:00:00.000Z,2025-11-21T12:00:00.000Z,,ND,US,7th Avenue West,58078
3C:71:BF:06:80:75,Traeger-8075,40.49605179,-81.66497803,3C:71:BF,5,wpa2,2024-03-11T19:00:00.000Z,2024-11-19T17:00:00.000Z,,OH,US,State Route 93,43804
3C:71:BF:06:80:ED,Traeger-80ED,37.74602509,-121.46722412,3C:71:BF,5,wpa2,2026-04-05T13:00:00.000Z,2026-04-05T08:00:00.000Z,Tracy,CA,US,Byron Road,95304
3C:71:BF:06:81:39,Traeger-8139,45.69681931,-121.51298523,3C:71:BF,5,wpa2,2026-04-04T02:00:00.000Z,2026-04-03T20:00:00.000Z,,OR,US,2nd Street,97031
3C:71:BF:06:83:6D,Traeger-836D,45.69823456,-122.57205963,3C:71:BF,5,wpa2,2025-07-06T01:00:00.000Z,2025-07-05T19:00:00.000Z,,WA,US,Northeast 106th Street,98662
3C:71:BF:06:85:4D,Traeger-854D,37.51252747,-120.81214905,3C:71:BF,5,wep,2024-10-17T22:00:00.000Z,2025-10-08T17:00:00.000Z,Turlock,CA,US,Waring Road,95381
3C:71:BF:06:85:55,Traeger-8555,37.1288147,-122.11965179,3C:71:BF,5,wpa2,2026-05-26T14:00:00.000Z,2026-05-26T08:00:00.000Z,,CA,US,Bear Creek Road,95006
3C:71:BF:06:85:95,Traeger-8595,35.18899918,-84.63485718,3C:71:BF,1,wpa2,2021-04-24T17:00:00.000Z,2026-06-24T04:00:00.000Z,,TN,US,US 411,37325
3C:71:BF:06:86:19,Traeger-8619,39.00210571,-104.79743958,3C:71:BF,5,wpa2,2023-05-21T19:00:00.000Z,2026-05-09T20:00:00.000Z,Colorado Springs,CO,US,Voyager Parkway,80921
3C:71:BF:06:86:7D,Traeger-867D,39.66585159,-104.08847809,3C:71:BF,5,wpa2,2024-09-21T17:00:00.000Z,2026-05-29T15:00:00.000Z,,CO,US,I 70,
3C:71:BF:06:89:15,Traeger-8915,32.98215866,-83.60719299,3C:71:BF,5,wpa2,2026-01-30T19:00:00.000Z,2026-01-30T11:00:00.000Z,,GA,US,GA 18,31032
3C:71:BF:06:90:19,Traeger-9019,39.33546448,-78.9617157,3C:71:BF,5,wpa2,2024-03-30T15:00:00.000Z,2025-03-28T17:00:00.000Z,,WV,US,US 50;US 220,26710
3C:71:BF:06:94:79,Traeger-9479,37.10809708,-121.63613129,3C:71:BF,5,wpa2,2023-11-06T20:00:00.000Z,2024-09-28T13:00:00.000Z,,CA,US,Monterey Road,95037-5921
3C:71:BF:06:96:E9,Traeger-96E9,40.15626144,-104.92381287,3C:71:BF,5,wpa2,2024-03-28T15:00:00.000Z,2025-10-14T13:00:00.000Z,,CO,US,County Road 15,80530
3C:71:BF:06:98:F9,Traeger-98F9,37.76992035,-90.62386322,3C:71:BF,5,wpa2,2023-07-26T16:00:00.000Z,2024-09-03T08:00:00.000Z,,MO,US,South Spruce Street,63624
3C:71:BF:06:9D:89,Traeger-9D89,43.86287308,-88.33448029,3C:71:BF,5,wpa2,2025-01-20T11:00:00.000Z,2025-01-20T04:00:00.000Z,,WI,US,County Road Q,54935
3C:71:BF:06:9F:A1,Traeger-9FA1,35.83640289,-84.16429138,3C:71:BF,5,wpa2,2026-08-01T22:00:00.000Z,2026-08-01T22:00:00.000Z,,TN,US,South Northshore Drive,37922
3C:71:BF:06:A0:E1,Traeger-A0E1,31.81581497,-97.23111725,3C:71:BF,5,wpa2,2023-11-23T19:00:00.000Z,2024-09-17T15:00:00.000Z,,TX,US,FM 933,76622
3C:71:BF:06:A1:39,Traeger-A139,32.85386276,-117.20745087,3C:71:BF,5,wpa2,2025-04-27T02:00:00.000Z,2025-04-26T23:00:00.000Z,San Diego,CA,US,Governor Drive,92122
3C:71:BF:06:A2:98,,29.76246834,-95.41466522,3C:71:BF,7,unknown,2025-04-05T02:00:00.000Z,2025-05-09T14:00:00.000Z,Houston,TX,US,Memorial Drive,77024
3C:71:BF:06:A3:A9,Traeger-A3A9,34.78905487,-86.76152802,3C:71:BF,5,wpa2,2026-04-12T15:00:00.000Z,2026-04-12T13:00:00.000Z,,AL,US,Water Oak Court,35749
3C:71:BF:06:A5:D1,Traeger-A5D1,38.78966904,-121.26904297,3C:71:BF,5,wep,2026-08-01T01:00:00.000Z,2026-07-31T20:00:00.000Z,Roseville,CA,US,Stanford Ranch Road,95765
3C:71:BF:06:A8:A9,Traeger-A8A9,40.46835709,-76.32733154,3C:71:BF,5,wpa2,2026-01-02T19:00:00.000Z,2026-07-16T16:00:00.000Z,Bethel Township,PA,US,William Penn Highway,19506
3C:71:BF:06:A9:45,Traeger-A945,33.84566116,-118.1412735,3C:71:BF,5,wpa2,2025-11-06T01:00:00.000Z,2025-11-05T17:00:00.000Z,Long Beach,CA,US,Pepperwood Avenue,90808
3C:71:BF:06:A9:85,Traeger-A985,29.94147491,-95.07484436,3C:71:BF,5,wpa2,2025-01-08T22:00:00.000Z,2025-01-08T15:00:00.000Z,,TX,US,FM 2100,77532
3C:71:BF:06:A9:B9,Traeger-A9B9,33.29258728,-111.76845551,3C:71:BF,5,wpa2,2026-05-11T05:00:00.000Z,2026-06-14T01:00:00.000Z,Gilbert,AZ,US,South Spectrum Way,85295-2207
3C:71:BF:06:AA:45,Traeger-AA45,46.241642,-119.13658142,3C:71:BF,5,wpa2,2022-12-30T16:00:00.000Z,2025-01-25T22:00:00.000Z,Pasco,WA,US,West Court Street,99301
3C:71:BF:06:AC:E9,Traeger-ACE9,45.15428543,-122.58855438,3C:71:BF,5,wpa2,2024-12-18T16:00:00.000Z,2026-07-04T12:00:00.000Z,,OR,US,Toliver Road,97038
3C:71:BF:06:AD:BD,Traeger-ADBD,40.38037872,-111.78533936,3C:71:BF,5,wpa2,2026-05-22T00:00:00.000Z,2026-06-13T22:00:00.000Z,,UT,US,North 500 East,84003
3C:71:BF:06:AE:49,Traeger-AE49,39.55667877,-119.76829529,3C:71:BF,5,wpa2,2024-12-15T02:00:00.000Z,2026-05-30T13:00:00.000Z,,NV,US,North McCarran Boulevard,89431
3C:71:BF:06:B0:01,Traeger-B001,41.9162941,-88.41196442,3C:71:BF,5,wpa2,2025-07-16T13:00:00.000Z,2025-10-28T16:00:00.000Z,,IL,US,Campton Hills Drive,60183
3C:71:BF:06:B1:99,Traeger-B199,39.34658813,-104.46207428,3C:71:BF,5,wpa2,2026-04-12T22:00:00.000Z,2026-06-18T11:00:00.000Z,,CO,US,Comanche Street,80117
3C:71:BF:06:B2:05,Traeger-B205,33.6304512,-112.07767487,3C:71:BF,5,wpa2,2025-07-23T10:00:00.000Z,2025-07-29T16:00:00.000Z,Phoenix,AZ,US,North 3rd Avenue,85023
3C:71:BF:06:B2:31,Traeger-B231,30.13651276,-81.56830597,3C:71:BF,5,wpa2,2024-11-13T00:00:00.000Z,2024-11-12T18:00:00.000Z,Jacksonville,FL,US,Julington Forest Drive South,32258
3C:71:BF:06:B2:41,Traeger-B241,42.21430588,-84.66716766,3C:71:BF,5,wpa2,2026-06-30T15:00:00.000Z,2026-06-30T09:00:00.000Z,,MI,US,King Road,49237
3C:71:BF:06:BA:51,Traeger-BA51,39.44117737,-104.60632324,3C:71:BF,5,wpa2,2025-03-16T19:00:00.000Z,2025-03-26T02:00:00.000Z,,CO,US,Deer Creek Drive - Rd 13,80107
3C:71:BF:06:BB:75,Traeger-BB75,35.69787598,-97.4644165,3C:71:BF,5,wpa2,2024-01-06T18:00:00.000Z,2026-03-07T11:00:00.000Z,Edmond,OK,US,Slate Bridge Road,73083
3C:71:BF:06:BC:5D,Traeger-BC5D,31.49056435,-94.71810913,3C:71:BF,5,wpa2,2022-11-19T14:00:00.000Z,2026-04-14T18:00:00.000Z,,TX,US,US 59,
3C:71:BF:06:C1:8D,Traeger-C18D,40.95697784,-76.91172028,3C:71:BF,5,wpa2,2022-12-10T17:00:00.000Z,2026-05-09T11:00:00.000Z,,PA,US,Old Turnpike Road,17837
3C:71:BF:06:C1:91,Traeger-C191,39.96948624,-79.64404297,3C:71:BF,5,wpa2,2024-10-06T14:00:00.000Z,2024-10-06T08:00:00.000Z,Dunbar Township,PA,US,University Drive,15465
3C:71:BF:06:C2:21,Traeger-C221,42.99129105,-82.45819855,3C:71:BF,5,wpa2,2026-04-12T04:00:00.000Z,2026-04-15T19:00:00.000Z,,MI,US,Lapeer Connector,48060
3C:71:BF:06:C3:ED,Traeger-C3ED,41.46300507,-120.50881195,3C:71:BF,5,wpa2,2025-04-14T20:00:00.000Z,2025-04-15T20:00:00.000Z,,CA,US,Modoc Wildife Refuge Auto Loop,
3C:71:BF:06:C5:5D,Traeger-C55D,45.94196701,-112.45951843,3C:71:BF,5,wpa2,2025-07-17T03:00:00.000Z,2025-10-20T18:00:00.000Z,Butte,MT,US,I 90,
3C:71:BF:06:C6:B5,Traeger-C6B5,37.76357651,-77.40331268,3C:71:BF,5,wpa2,2025-10-30T14:00:00.000Z,2025-10-31T12:00:00.000Z,,VA,US,John Wickham Way,23005
3C:71:BF:06:C7:79,Traeger-C779,37.04572296,-76.28943634,3C:71:BF,5,wpa2,2026-02-14T20:00:00.000Z,2026-08-02T14:00:00.000Z,Hampton,VA,US,North 1st Street,23664
3C:71:BF:06:C7:D1,Traeger-C7D1,-36.87189102,174.68890381,3C:71:BF,5,wpa2,2024-11-12T05:00:00.000Z,2025-03-06T22:00:00.000Z,Whau,Auckland,NZ,Northwestern Motorway,1026
3C:71:BF:06:C7:D5,Traeger-C7D5,36.07328415,-114.97589874,3C:71:BF,5,wpa2,2023-11-09T13:00:00.000Z,2024-10-15T13:00:00.000Z,Henderson,NV,US,McCormick Road,89011
3C:71:BF:06:C9:B5,Traeger-C9B5,40.04740143,-75.92986298,3C:71:BF,5,wpa2,2026-07-21T21:00:00.000Z,2026-07-31T07:00:00.000Z,West Caln Township,PA,US,Lammey Road,19344
3C:71:BF:06:CB:99,Traeger-CB99,40.02933884,-83.07217407,3C:71:BF,5,wpa2,2026-06-19T14:00:00.000Z,2026-07-21T04:00:00.000Z,,OH,US,Mountview Road,43220
3C:71:BF:06:D1:89,Traeger-D189,39.90549469,-75.45448303,3C:71:BF,5,wpa2,2026-04-28T00:00:00.000Z,2026-06-01T20:00:00.000Z,Middletown Township,PA,US,Baltimore Pike,19017
3C:71:BF:06:D3:29,Traeger-D329,44.23193359,-76.09046173,3C:71:BF,5,wpa2,2024-09-25T14:00:00.000Z,2024-09-26T13:00:00.000Z,,NY,US,State Street,13624
3C:71:BF:06:D8:41,Traeger-D841,47.16068649,-122.58856964,3C:71:BF,5,wpa2,2024-10-15T05:00:00.000Z,2024-10-14T23:00:00.000Z,,WA,US,107th Street Southwest,98498-1576
3C:71:BF:06:DE:09,Traeger-DE09,42.38042831,-82.93390656,3C:71:BF,5,wpa2,2024-10-31T22:00:00.000Z,2024-12-25T14:00:00.000Z,,MI,US,Balfour Street,48230
3C:71:BF:06:DF:B0,kooks,34.2756424,-118.75102234,3C:71:BF,5,none,2026-07-29T16:00:00.000Z,2026-08-11T06:00:00.000Z,Simi Valley,CA,US,Elmdale Avenue,93063-2364
3C:71:BF:06:E0:3D,Traeger-E03D,43.61259842,-116.39665222,3C:71:BF,5,wpa2,2023-07-25T12:00:00.000Z,2025-04-14T18:00:00.000Z,Meridian,ID,US,Northwest 1st Street,83642
3C:71:BF:06:E0:85,Traeger-E085,35.53681183,-97.54211426,3C:71:BF,5,wpa2,2025-08-30T15:00:00.000Z,2026-07-17T21:00:00.000Z,Oklahoma City,OK,US,Northwest 63rd Street,73116
3C:71:BF:06:E2:C9,Traeger-E2C9,47.39329147,-122.8378067,3C:71:BF,5,wpa2,2025-07-04T21:00:00.000Z,2025-07-04T15:00:00.000Z,,WA,US,Old Ranch Road,98524
3C:71:BF:06:E3:6D,Traeger-E36D,33.05166245,-116.84446716,3C:71:BF,5,wpa2,2025-04-23T19:00:00.000Z,2026-04-29T11:00:00.000Z,,CA,US,Magnolia Avenue,92065
3C:71:BF:06:EC:45,Traeger-EC45,40.57716751,-85.85986328,3C:71:BF,5,wpa2,2026-06-12T22:00:00.000Z,2026-07-19T23:00:00.000Z,,IN,US,East Marion Street,46919
3C:71:BF:06:FC:11,Traeger-FC11,44.754673,-93.63745117,3C:71:BF,5,wpa2,2025-07-26T23:00:00.000Z,2025-07-26T19:00:00.000Z,,MN,US,Riesgraf Road,55315
3C:71:BF:06:FC:6D,Traeger-FC6D,41.90206146,-88.31749725,3C:71:BF,5,wpa2,2026-04-06T10:00:00.000Z,2026-04-27T02:00:00.000Z,,IL,US,Mc Kinley Street,60174
3C:71:BF:06:FF:3D,Traeger-FF3D,37.01678848,-122.03522491,3C:71:BF,5,wpa2,2022-11-19T15:00:00.000Z,2024-11-16T16:00:00.000Z,,CA,US,Graham Hill Trail,95066-4024
3C:71:BF:07:00:9D,Traeger-009D,39.60641479,-120.34983063,3C:71:BF,5,wpa2,2024-10-02T21:00:00.000Z,2024-10-02T15:00:00.000Z,,CA,US,CA 49,96126
3C:71:BF:07:02:31,Traeger-0231,30.67147064,-87.89228821,3C:71:BF,5,wpa2,2025-11-26T19:00:00.000Z,2025-11-26T12:00:00.000Z,,AL,US,Ember Lane,36527
3C:71:BF:07:02:49,Traeger-0249,41.633255,-109.25862122,3C:71:BF,5,wpa2,2026-05-21T13:00:00.000Z,2026-07-06T21:00:00.000Z,Rock Springs,WY,US,Signal Drive,
3C:71:BF:07:06:11,Traeger-0611,40.42286301,-122.40708923,3C:71:BF,5,wpa2,2026-07-11T22:00:00.000Z,2026-07-27T16:00:00.000Z,,CA,US,Happy Valley Road,
3C:71:BF:07:49:21,Traeger-4921,39.62602234,-119.684021,3C:71:BF,5,wpa2,2025-06-07T01:00:00.000Z,2026-05-10T23:00:00.000Z,,NV,US,Tiburon Court,89441
3C:71:BF:07:49:41,Traeger-4941,29.06966591,-95.45191956,3C:71:BF,5,wpa2,2024-10-28T00:00:00.000Z,2024-10-27T18:00:00.000Z,,TX,US,Nolan Ryan Expressway,77566
3C:71:BF:07:4B:C1,Traeger-4BC1,41.6052475,-87.78540039,3C:71:BF,5,wpa2,2023-07-30T11:00:00.000Z,2026-05-13T09:00:00.000Z,,IL,US,Oak Park Avenue,60477
3C:71:BF:07:4D:DD,Traeger-4DDD,39.66341782,-119.71125793,3C:71:BF,5,wpa2,2023-03-12T20:00:00.000Z,2025-12-04T22:00:00.000Z,,NV,US,Jordan Meadows Drive,89441
3C:71:BF:07:4E:69,Traeger-4E69,44.93567276,-96.07771301,3C:71:BF,5,wpa2,2025-08-06T23:00:00.000Z,2025-08-09T02:00:00.000Z,,MN,US,US 212,56232
3C:71:BF:07:57:2D,Traeger-572D,37.99785233,-120.23638916,3C:71:BF,5,wep,2025-06-29T23:00:00.000Z,2025-08-01T12:00:00.000Z,,CA,US,Tuolumne Road North,95379
3C:71:BF:07:57:C1,Traeger-57C1,44.80784607,-93.35528564,3C:71:BF,5,wpa2,2025-03-24T00:00:00.000Z,2025-05-24T05:00:00.000Z,,MN,US,West Old Shakopee Road,55438
3C:71:BF:07:59:E9,Traeger-59E9,35.82380676,-78.6934967,3C:71:BF,5,wpa2,2026-03-29T16:00:00.000Z,2026-04-14T12:00:00.000Z,Raleigh,NC,US,Glen Burnie Drive,27612
3C:71:BF:07:5C:89,Traeger-5C89,53.62011337,-113.5193634,3C:71:BF,5,wpa2,2024-10-22T19:00:00.000Z,2026-07-29T22:00:00.000Z,Edmonton,Alberta,CA,114 Street NW,T5X 6C3
3C:71:BF:07:67:01,Traeger-6701,39.53461456,-119.8312912,3C:71:BF,5,wpa2,2025-12-08T17:00:00.000Z,2026-07-15T21:00:00.000Z,Reno,NV,US,Keystone Avenue,89503
3C:71:BF:07:67:E1,Traeger-67E1,47.20410919,-122.0161972,3C:71:BF,5,wpa2,2024-08-30T20:00:00.000Z,2024-08-30T14:00:00.000Z,,WA,US,244th Avenue Southeast,98022
3C:71:BF:07:6E:5D,Traeger-6E5D,53.47510529,-113.49700928,3C:71:BF,5,wpa2,2025-06-20T16:00:00.000Z,2025-06-20T12:00:00.000Z,Edmonton,Alberta,CA,103B Street NW,T6J 6Y6
3C:71:BF:07:6E:91,Traeger-6E91,39.3993187,-76.46604919,3C:71:BF,5,wpa2,2020-10-03T11:00:00.000Z,2026-06-22T11:00:00.000Z,,MD,US,Joppa Road,21236
3C:71:BF:07:6F:19,Traeger-6F19,47.67846298,-116.78305817,3C:71:BF,5,wpa2,2026-06-19T19:00:00.000Z,2026-06-19T12:00:00.000Z,Coeur d'Alene,ID,US,East Foster Avenue,83814
3C:71:BF:07:6F:DD,Traeger-6FDD,43.48256302,-112.03417969,3C:71:BF,5,wpa2,2021-10-18T19:00:00.000Z,2024-10-15T06:00:00.000Z,Idaho Falls,ID,US,East 17th Street,83403
3C:71:BF:07:72:55,Traeger-7255,32.6321907,-116.96419525,3C:71:BF,1,wpa2,2024-12-29T15:00:00.000Z,2024-12-29T07:00:00.000Z,Chula Vista,CA,US,Caminito Novara,91915
3C:71:BF:07:76:FD,Traeger-76FD,35.60932541,-97.69187164,3C:71:BF,5,wpa2,2025-02-19T11:00:00.000Z,2026-06-30T03:00:00.000Z,Oklahoma City,OK,US,West Memorial Road,73099
3C:71:BF:07:77:55,Traeger-7755,46.7985878,-120.89711761,3C:71:BF,5,wpa2,2024-09-29T00:00:00.000Z,2024-09-28T21:00:00.000Z,,WA,US,State Route 410,98937
3C:71:BF:07:78:E5,Traeger-78E5,34.23138046,-111.30439758,3C:71:BF,5,wpa2,2025-11-27T22:00:00.000Z,2025-11-27T14:00:00.000Z,,AZ,US,South Pine Cone Street,85072
3C:71:BF:07:7A:AD,Traeger-7AAD,40.96328735,-117.74462128,3C:71:BF,5,wpa2,2024-01-19T18:00:00.000Z,2025-06-26T19:00:00.000Z,Winnemucca,NV,US,West Winnemucca Boulevard,89445
3C:71:BF:07:7D:AD,Traeger-7DAD,33.50564957,-112.13409424,3C:71:BF,5,wpa2,2025-05-10T03:00:00.000Z,2025-05-09T21:00:00.000Z,Phoenix,AZ,US,North 35th Avenue,85017
3C:71:BF:07:7D:B5,Traeger-7DB5,41.00052261,-92.34888458,3C:71:BF,5,wpa2,2026-04-25T21:00:00.000Z,2026-04-25T15:00:00.000Z,,IA,US,US 34;IA 163,52530
3C:71:BF:07:7E:15,Traeger-7E15,43.01047897,-71.24420929,3C:71:BF,5,wpa2,2020-03-24T07:00:00.000Z,2026-07-16T16:00:00.000Z,Raymond,NH,US,Lane Road,03077
3C:71:BF:07:81:D1,Traeger-81D1,43.6267395,-116.19515991,3C:71:BF,5,wpa2,2023-02-07T18:00:00.000Z,2024-10-12T18:00:00.000Z,Boise,ID,US,North 6th Street,83702
3C:71:BF:07:84:51,Traeger-8451,33.21906281,-111.80924988,3C:71:BF,5,wpa2,2023-08-17T11:00:00.000Z,2025-07-05T08:00:00.000Z,Chandler,AZ,US,East Riggs Road,85249
3C:71:BF:07:86:41,Traeger-8641,43.96524429,-75.92873383,3C:71:BF,5,wpa2,2024-10-26T00:00:00.000Z,2024-10-27T21:00:00.000Z,,NY,US,Ives Street,13601
3C:71:BF:07:87:CD,Traeger-87CD,36.83329773,-76.11343384,3C:71:BF,5,wpa2,2024-07-27T04:00:00.000Z,2024-12-03T15:00:00.000Z,Virginia Beach,VA,US,Virginia Beach-Norfolk Expressway,23452
3C:71:BF:07:8A:21,Traeger-8A21,29.61749458,-98.25031281,3C:71:BF,3,wpa2,2025-09-19T14:00:00.000Z,2025-09-19T07:00:00.000Z,,TX,US,Forester Bend,78154-1265
3C:71:BF:07:8A:E9,Traeger-8AE9,40.62334061,-91.40699768,3C:71:BF,5,wpa2,2026-05-28T16:00:00.000Z,2026-05-28T12:00:00.000Z,,IA,US,US 61,52627
3C:71:BF:07:8A:ED,Traeger-8AED,33.19794464,-96.62463379,3C:71:BF,5,wpa2,2025-03-21T23:00:00.000Z,2025-08-03T16:00:00.000Z,McKinney,TX,US,West Virginia Street,75069
3C:71:BF:07:8B:B5,Traeger-8BB5,38.84687424,-106.1634903,3C:71:BF,5,wpa2,2025-03-24T00:00:00.000Z,2025-03-30T07:00:00.000Z,,CO,US,CR 350,81211
3C:71:BF:07:8C:61,Traeger-8C61,40.4318924,-111.77952576,3C:71:BF,5,wpa2,2026-06-17T03:00:00.000Z,2026-06-17T08:00:00.000Z,,UT,US,West Timpanogos Highway,84004
3C:71:BF:07:A0:1D,Traeger-A01D,41.3138237,-111.84303284,3C:71:BF,5,wpa2,2024-12-22T01:00:00.000Z,2025-04-26T21:00:00.000Z,,UT,US,Highway 162,84310
3C:71:BF:07:A2:55,Traeger-A255,35.70261765,-97.49595642,3C:71:BF,5,wpa2,2023-12-17T01:00:00.000Z,2025-12-13T18:00:00.000Z,Edmond,OK,US,North Kelly Avenue,73003
3C:71:BF:07:A5:AD,Traeger-A5AD,40.21968079,-75.30027771,3C:71:BF,5,wpa2,2025-08-26T14:00:00.000Z,2025-08-29T19:00:00.000Z,Upper Gwynedd Township,PA,US,Sumneytown Pike,19446
3C:71:BF:07:A6:5D,Traeger-A65D,33.07264709,-96.74469757,3C:71:BF,5,wpa2,2025-06-02T23:00:00.000Z,2025-06-03T15:00:00.000Z,Plano,TX,US,Antlers Court,75025
3C:71:BF:07:A9:95,DY-WiFi-A994,41.48859406,-71.31678009,3C:71:BF,1,wpa2,2026-07-24T16:00:00.000Z,2026-07-24T15:00:00.000Z,Newport,RI,US,America's Cup Avenue,02840
3C:71:BF:07:A9:A5,DY-WiFi-A9A4,48.72082901,-122.68295288,3C:71:BF,1,wpa2,2025-07-29T20:00:00.000Z,2025-07-30T12:00:00.000Z,,WA,US,South Nugent Road,
3C:71:BF:07:AA:6D,DY-WiFi-AA6C,-33.85787582,151.21485901,3C:71:BF,1,wpa2,2025-09-22T08:00:00.000Z,2025-09-22T02:00:00.000Z,Sydney,New South Wales,AU,Lower Podium,2000
3C:71:BF:07:B6:F5,Traeger-B6F5,47.68035507,-117.14874268,3C:71:BF,5,wpa2,2024-11-17T13:00:00.000Z,2024-11-17T09:00:00.000Z,,WA,US,North McMillan Road,99027
3C:71:BF:07:B9:85,Traeger-B985,41.14921188,-104.76846313,3C:71:BF,5,wpa2,2026-05-03T04:00:00.000Z,2026-05-24T21:00:00.000Z,Cheyenne,WY,US,Ridge Road,82001-5915
3C:71:BF:07:BB:79,Traeger-BB79,38.55028915,-121.22585297,3C:71:BF,5,wpa2,2024-11-18T00:00:00.000Z,2024-12-21T23:00:00.000Z,Rancho Cordova,CA,US,Chrysanthy Boulevard,95742
3C:71:BF:07:BE:11,Traeger-BE11,47.74002838,-116.80846405,3C:71:BF,5,wpa2,2022-02-19T17:00:00.000Z,2025-08-30T06:00:00.000Z,Coeur d'Alene,ID,US,North Ramsey Road,83835
3C:71:BF:07:C0:69,Traeger-C069,36.22621155,-115.2991333,3C:71:BF,5,wpa2,2025-12-26T21:00:00.000Z,2026-03-02T22:00:00.000Z,Las Vegas,NV,US,West Gowan Road,89129
3C:71:BF:07:C0:71,Traeger-C071,32.72209167,-117.17088318,3C:71:BF,5,wpa2,2024-07-24T03:00:00.000Z,2026-05-30T18:00:00.000Z,San Diego,CA,US,Pacific Highway,92101
3C:71:BF:07:C0:7D,Traeger-C07D,46.82206345,-92.20735168,3C:71:BF,5,wpa2,2025-10-16T01:00:00.000Z,2025-10-20T22:00:00.000Z,,MN,US,West Arrowhead Road,55811
3C:71:BF:07:C2:E5,Traeger-C2E5,42.3887558,-96.34581757,3C:71:BF,5,wpa2,2024-09-09T17:00:00.000Z,2026-06-26T02:00:00.000Z,,IA,US,Old Highway 75,51106
3C:71:BF:07:C3:19,Traeger-C319,33.46240997,-112.06977844,3C:71:BF,5,wpa2,2021-12-03T23:00:00.000Z,2025-03-08T19:00:00.000Z,Phoenix,AZ,US,Deck Park Tunnel,85004
3C:71:BF:07:C3:85,Traeger-C385,34.14271927,-86.37915802,3C:71:BF,5,wpa2,2025-01-17T01:00:00.000Z,2025-01-19T06:00:00.000Z,,AL,US,AL 75,35980
3C:71:BF:07:C4:85,Traeger-C485,44.9356308,-93.23577881,3C:71:BF,5,wpa2,2025-01-18T17:00:00.000Z,2025-03-09T17:00:00.000Z,Minneapolis,MN,US,25th Avenue South,55406
3C:71:BF:07:C5:1D,Traeger-C51D,43.46818542,-112.01248932,3C:71:BF,5,wpa2,2023-09-26T19:00:00.000Z,2026-05-12T15:00:00.000Z,Idaho Falls,ID,US,East Sunnyside Road,83404
3C:71:BF:07:C5:89,Traeger-C589,38.93593597,-104.68023682,3C:71:BF,5,wpa2,2023-03-03T10:00:00.000Z,2025-06-17T21:00:00.000Z,Colorado Springs,CO,US,Mountain Spruce Drive,80927
3C:71:BF:07:C6:01,Traeger-C601,39.85676575,-83.0279541,3C:71:BF,5,wpa2,2020-11-07T15:00:00.000Z,2026-05-29T14:00:00.000Z,,OH,US,Jackson Pike,43137
3C:71:BF:07:C6:25,Traeger-C625,38.82261276,-84.32449341,3C:71:BF,5,wpa2,2026-02-21T15:00:00.000Z,2026-02-27T22:00:00.000Z,,KY,US,Lock Road,41006
3C:71:BF:07:C6:59,Traeger-C659,47.00470734,-122.39015198,3C:71:BF,5,wpa2,2025-04-13T01:00:00.000Z,2025-04-12T19:00:00.000Z,,WA,US,278th Street East,98338
3C:71:BF:07:C7:75,Traeger-C775,39.76633453,-82.91197968,3C:71:BF,5,wpa2,2024-02-26T22:00:00.000Z,2026-08-05T04:00:00.000Z,,OH,US,Walnut Creek Pike,43103
3C:71:BF:07:C7:89,Traeger-C789,39.97679901,-105.13594818,3C:71:BF,5,wpa2,2023-10-04T21:00:00.000Z,2024-10-12T05:00:00.000Z,,CO,US,Pine Street,80027
3C:71:BF:07:C8:29,Traeger-C829,40.85206985,-111.91047668,3C:71:BF,5,wpa2,2026-02-07T23:00:00.000Z,2026-02-07T15:00:00.000Z,,UT,US,I 15,84054
3C:71:BF:07:EC:39,Traeger-EC39,40.68037415,-111.82453156,3C:71:BF,5,wpa2,2022-06-05T15:00:00.000Z,2025-06-28T16:00:00.000Z,,UT,US,2300 East,84124
3C:71:BF:07:EC:51,Traeger-EC51,30.20803642,-95.53675842,3C:71:BF,5,wpa2,2025-12-15T03:00:00.000Z,2025-12-14T20:00:00.000Z,The Woodlands,TX,US,Cross Lake Drive,77382
3C:71:BF:07:F3:69,Traeger-F369,47.70252609,-117.4629364,3C:71:BF,5,wpa2,2026-07-08T13:00:00.000Z,2026-07-08T12:00:00.000Z,Spokane,WA,US,North Driscoll Boulevard,99205
3C:71:BF:07:F3:75,Traeger-F375,44.80899429,-93.22755432,3C:71:BF,5,wpa2,2024-05-03T00:00:00.000Z,2026-06-07T18:00:00.000Z,,MN,US,MN 13,55122-3018
3C:71:BF:07:F8:E9,Traeger-F8E9,32.97063065,-97.16902161,3C:71:BF,5,wpa2,2025-08-29T13:00:00.000Z,2026-03-17T14:00:00.000Z,Southlake,TX,US,West Dove Road,76092
3C:71:BF:07:FA:0D,Traeger-FA0D,40.26563644,-103.84988403,3C:71:BF,5,wpa2,2025-07-27T18:00:00.000Z,2025-07-27T23:00:00.000Z,,CO,US,I 76,80701
3C:71:BF:07:FB:CD,Traeger-FBCD,30.19760132,-98.16869354,3C:71:BF,5,wpa2,2026-07-25T00:00:00.000Z,2026-07-27T21:00:00.000Z,Dripping Springs,TX,US,West US Highway 290,
3C:71:BF:07:FE:B5,Traeger-FEB5,33.5528183,-112.05792236,3C:71:BF,5,wpa2,2021-11-13T15:00:00.000Z,2025-03-08T19:00:00.000Z,Phoenix,AZ,US,East Northern Avenue,85020
3C:71:BF:08:00:49,Traeger-0049,41.41052246,-79.82374573,3C:71:BF,5,wpa2,2024-11-29T20:00:00.000Z,2024-11-29T14:00:00.000Z,,PA,US,Gilfillan Street,
3C:71:BF:08:00:91,Traeger-0091,33.50953674,-117.10665894,3C:71:BF,5,wpa2,2024-10-09T13:00:00.000Z,2024-10-09T07:00:00.000Z,Temecula,CA,US,Corte Padrera,92591
3C:71:BF:08:02:19,Traeger-0219,37.51577759,-120.81196594,3C:71:BF,6,wep,2026-04-06T21:00:00.000Z,2026-08-12T15:00:00.000Z,Turlock,CA,US,North Waring Road,95381
3C:71:BF:08:03:05,Traeger-0305,33.99859619,-118.1474762,3C:71:BF,5,wpa2,2023-09-23T06:00:00.000Z,2025-07-20T02:00:00.000Z,,CA,US,Santa Ana Freeway,90022
3C:71:BF:08:03:49,Traeger-0349,38.66164017,-121.17020416,3C:71:BF,5,wpa2,2022-01-20T18:00:00.000Z,2024-09-23T00:00:00.000Z,Folsom,CA,US,Sibley Street,95630
3C:71:BF:08:04:81,Traeger-0481,40.4315033,-104.75514984,3C:71:BF,5,wpa2,2025-07-09T08:00:00.000Z,2025-07-09T01:00:00.000Z,Greeley,CO,US,47th Avenue,80634-9998
3C:71:BF:08:04:F1,Traeger-04F1,61.23034286,-149.87026978,3C:71:BF,5,wpa2,2025-10-27T04:00:00.000Z,2025-10-27T17:00:00.000Z,Anchorage,AK,US,Birch Street,99513
3C:71:BF:08:07:0D,Traeger-070D,45.25623703,-75.93157196,3C:71:BF,5,wpa2,2025-06-25T20:00:00.000Z,2025-06-30T17:00:00.000Z,Goulbourn,Ontario,CA,Bert G. Argue Drive,K2S 1G8
3C:71:BF:08:09:9D,Traeger-099D,41.45288849,-82.69525909,3C:71:BF,5,wpa2,2021-08-15T18:00:00.000Z,2026-05-23T12:00:00.000Z,Sandusky,OH,US,1st Street,44870
3C:71:BF:08:0A:25,Traeger-0A25,38.89336777,-121.30797577,3C:71:BF,5,wep,2026-01-31T00:00:00.000Z,2026-01-30T17:00:00.000Z,,CA,US,R Street,95648
3C:71:BF:08:0A:D5,Traeger-0AD5,43.29396439,-70.97528839,3C:71:BF,5,wpa2,2026-02-13T17:00:00.000Z,2026-02-13T10:00:00.000Z,Rochester,NH,US,Sidney Street,03867
3C:71:BF:08:0A:F1,Traeger-0AF1,47.78065109,-117.4017868,3C:71:BF,5,wpa2,2022-01-16T12:00:00.000Z,2025-08-06T15:00:00.000Z,,WA,US,North Wandermere Road,99218-1929
3C:71:BF:08:0C:45,Traeger-0C45,39.51784134,-105.34212494,3C:71:BF,5,wpa2,2026-08-01T22:00:00.000Z,2026-08-01T16:00:00.000Z,,CO,US,Conifer Mountain Drive,80433
3C:71:BF:08:0E:2D,Traeger-0E2D,41.5240097,-109.46567535,3C:71:BF,5,wpa2,2026-05-31T23:00:00.000Z,2026-05-31T16:00:00.000Z,,WY,US,East 2nd South,82935
3C:71:BF:08:0E:89,Traeger-0E89,50.8020401,-120.30979919,3C:71:BF,1,wpa2,2024-09-14T04:00:00.000Z,2024-09-13T22:00:00.000Z,Kamloops,British Columbia,CA,Southern Yellowhead Highway,V2H 1T5
3C:71:BF:08:13:05,Traeger-1305,31.07598114,-88.32772064,3C:71:BF,5,wpa2,2024-10-25T21:00:00.000Z,2024-10-25T15:00:00.000Z,,AL,US,Tanner Road,
3C:71:BF:08:14:75,Traeger-1475,39.91320419,-86.11730957,3C:71:BF,5,wpa2,2025-09-23T19:00:00.000Z,2025-09-23T12:00:00.000Z,Indianapolis,IN,US,Haverstick Road,46240
3C:71:BF:08:18:A5,Traeger-18A5,49.8772583,-119.57064819,3C:71:BF,5,wpa2,2024-08-16T18:00:00.000Z,2024-08-16T12:00:00.000Z,West Kelowna,British Columbia,CA,Rose Abby Drive,V1Z3N8
3C:71:BF:08:18:F5,Traeger-18F5,48.20454407,-114.31337738,3C:71:BF,5,wpa2,2024-08-29T02:00:00.000Z,2024-09-28T03:00:00.000Z,Kalispell,MT,US,East Oregon Street,59901
3C:71:BF:08:1D:31,Traeger-1D31,39.5443573,-104.78209686,3C:71:BF,5,wpa2,2025-03-16T23:00:00.000Z,2026-04-21T17:00:00.000Z,,CO,US,Pine Lane,80134
3C:71:BF:08:1F:01,Traeger-1F01,30.30630302,-81.53125763,3C:71:BF,5,wpa2,2026-01-23T19:00:00.000Z,2026-02-13T15:00:00.000Z,Jacksonville,FL,US,Cortez Road,32246
3C:71:BF:08:1F:AD,Traeger-1FAD,39.73370743,-104.91631317,3C:71:BF,5,wpa2,2024-04-20T16:00:00.000Z,2026-01-16T19:00:00.000Z,Denver,CO,US,East 11th Avenue,80220
3C:71:BF:08:1F:F9,Traeger-1FF9,47.96752548,-122.73952484,3C:71:BF,5,wpa2,2024-10-30T00:00:00.000Z,2025-05-24T17:00:00.000Z,,WA,US,Beaver Valley Road,98325
3C:71:BF:08:21:25,Traeger-2125,50.83070755,-118.98149109,3C:71:BF,5,wpa2,2022-05-19T18:00:00.000Z,2024-09-30T00:00:00.000Z,,British Columbia,CA,Highway 97A,V0E 2V0
3C:71:BF:08:22:35,Traeger-2235,33.46946716,-111.98313904,3C:71:BF,5,wpa2,2025-03-31T04:00:00.000Z,2026-04-11T12:00:00.000Z,Phoenix,AZ,US,East Palm Lane,85008
3C:71:BF:08:22:CD,Traeger-22CD,33.62592316,-112.05673981,3C:71:BF,5,wpa2,2021-04-04T21:00:00.000Z,2025-03-09T00:00:00.000Z,Phoenix,AZ,US,East Coral Gables Drive,85022
3C:71:BF:08:24:9D,Traeger-249D,48.58083725,-122.22429657,3C:71:BF,5,wpa2,2024-08-05T20:00:00.000Z,2025-05-10T14:00:00.000Z,,WA,US,State Route 9,98284
3C:71:BF:08:26:6D,Traeger-266D,46.91363907,-96.78414154,3C:71:BF,5,wpa2,2025-10-02T03:00:00.000Z,2026-06-16T23:00:00.000Z,Fargo,ND,US,29th Avenue North,58105
3C:71:BF:08:27:69,Traeger-2769,38.97836304,-84.57706451,3C:71:BF,5,wpa2,2024-06-15T16:00:00.000Z,2024-09-02T07:00:00.000Z,,KY,US,Circlewood Drive,41018
3C:71:BF:08:2B:C9,Traeger-2BC9,45.63887024,-94.20168304,3C:71:BF,5,wpa2,2025-05-04T20:00:00.000Z,2025-05-04T18:00:00.000Z,,MN,US,Northeast River Road,56367
3C:71:BF:08:2C:D9,Traeger-2CD9,47.71612549,-116.98509979,3C:71:BF,5,wpa2,2025-09-15T16:00:00.000Z,2026-07-01T21:00:00.000Z,,ID,US,West Seltice Way,83877-0010
3C:71:BF:08:2D:61,Traeger-2D61,41.14906693,-83.41139984,3C:71:BF,5,wpa2,2026-07-27T14:00:00.000Z,2026-07-27T11:00:00.000Z,,OH,US,South Poplar Street,44830
3C:71:BF:08:2F:BD,Traeger-2FBD,43.01834106,-84.73967743,3C:71:BF,5,wpa2,2025-05-26T17:00:00.000Z,2025-05-26T16:00:00.000Z,,MI,US,North Wright Road,48835
3C:71:BF:08:30:51,Traeger-3051,42.49644852,-82.97753143,3C:71:BF,5,wpa2,2026-05-08T18:00:00.000Z,2026-05-16T04:00:00.000Z,Warren,MI,US,Bunert Road,48088
3C:71:BF:08:32:61,Traeger-3261,36.26271439,-115.30767822,3C:71:BF,5,wpa2,2023-06-07T16:00:00.000Z,2024-10-06T04:00:00.000Z,Las Vegas,NV,US,West Ann Road,89149
3C:71:BF:08:33:41,Traeger-3341,41.5182724,-111.1620636,3C:71:BF,5,wpa2,2025-11-12T03:00:00.000Z,2026-07-07T20:00:00.000Z,,UT,US,South Main Street,
3C:71:BF:08:33:65,Traeger-3365,32.15504837,-81.25167847,3C:71:BF,5,wpa2,2020-04-09T17:00:00.000Z,2026-04-02T22:00:00.000Z,,GA,US,Pink Dogwood Lane,31322
3C:71:BF:08:3A:11,Traeger-3A11,41.61408615,-93.59822083,3C:71:BF,5,wpa2,2024-08-31T17:00:00.000Z,2026-03-21T21:00:00.000Z,Des Moines,IA,US,East 15th Street,50316
3C:71:BF:08:3A:99,Traeger-3A99,47.29856873,-122.40221405,3C:71:BF,5,wpa2,2024-03-31T03:00:00.000Z,2026-01-18T16:00:00.000Z,Tacoma,WA,US,Nassau Avenue Northeast,98418
3C:71:BF:08:3D:41,Traeger-3D41,-25.29657745,152.88723755,3C:71:BF,5,wpa2,2026-01-17T08:00:00.000Z,2026-01-17T03:00:00.000Z,Hervey Bay,Queensland,AU,Park Street,4655
3C:71:BF:08:3D:ED,Traeger-3DED,40.4803772,-111.9671402,3C:71:BF,5,wpa2,2026-01-18T03:00:00.000Z,2026-02-14T23:00:00.000Z,,UT,US,3200 West,84065
3C:71:BF:08:3E:69,Traeger-3E69,39.65511703,-119.7298584,3C:71:BF,5,wpa2,2026-06-28T01:00:00.000Z,2026-06-27T23:00:00.000Z,,NV,US,Nightingale Way,89441
3C:71:BF:08:3E:B1,Traeger-3EB1,39.55929184,-119.72607422,3C:71:BF,5,wpa2,2025-12-11T21:00:00.000Z,2026-03-18T14:00:00.000Z,,NV,US,Pinewood Drive,89436
3C:71:BF:08:3F:2D,Traeger-3F2D,39.61502075,-119.71731567,3C:71:BF,5,wpa2,2022-11-05T19:00:00.000Z,2026-03-18T14:00:00.000Z,,NV,US,Wingfield Hills Road,98436
3C:71:BF:08:45:F5,Traeger-45F5,45.66751862,-122.5993576,3C:71:BF,5,wpa2,2023-08-01T17:00:00.000Z,2026-07-02T16:00:00.000Z,Vancouver,WA,US,Northeast 72nd Avenue,98661
3C:71:BF:08:50:39,Traeger-5039,33.15200806,-96.97270966,3C:71:BF,5,wpa2,2020-07-14T19:00:00.000Z,2025-05-11T17:00:00.000Z,,TX,US,West Eldorado Parkway,75068
3C:71:BF:08:50:81,Traeger-5081,33.71747971,-118.03516388,3C:71:BF,5,wpa2,2025-01-11T19:00:00.000Z,2025-01-11T15:00:00.000Z,Huntington Beach,CA,US,Wishfield Circle,92649
3C:71:BF:0A:41:69,UC1563741,-20.47566032,-55.79634857,3C:71:BF,1,wpa2,2025-08-12T13:00:00.000Z,2025-08-12T12:00:00.000Z,,Mato Grosso do Sul,BR,Rua Manoel Antônio Paes de Barros,79200-970
3C:71:BF:0A:9C:D1,UC 31591035,-20.52197456,-54.58934402,3C:71:BF,1,wpa2,2026-02-07T01:00:00.000Z,2026-02-10T03:00:00.000Z,Campo Grande,Mato Grosso do Sul,BR,Avenida Guaicurus,79060-570
3C:71:BF:0C:0A:71,UC1552977,-20.47609901,-55.77795792,3C:71:BF,1,wpa2,2024-05-04T05:00:00.000Z,2025-12-27T13:00:00.000Z,,Mato Grosso do Sul,BR,Rua Bichara Salamene,79200-970
3C:71:BF:0C:D2:09,AST-3c71bfcd28,51.14511108,17.11705208,3C:71:BF,1,wpa2,2019-04-10T19:00:00.000Z,2026-04-07T12:00:00.000Z,,województwo dolnośląskie,PL,Gorlicka,51-314
3C:71:BF:0D:7B:B5,APOLO_INFONORTE_0037,42.30725479,-3.822474,3C:71:BF,1,wpa2,2025-06-25T09:00:00.000Z,2025-07-01T05:00:00.000Z,,Castilla y León,ES,Autovía de Castilla,09514
3C:71:BF:0D:85:C1,TFT V2.03,37.97779083,23.72657776,3C:71:BF,1,wpa2,2024-12-23T08:00:00.000Z,2026-02-26T06:00:00.000Z,Αθήνα,Αποκεντρωμένη Διοίκηση Αττικής,GR,Αγίας Ελεούσης,10554
3C:71:BF:0D:8E:5D,APOLO_INFONORTE_0030,40.37408066,-3.59807372,3C:71:BF,1,wpa2,2025-11-19T07:00:00.000Z,2025-11-19T00:00:00.000Z,Madrid,Comunidad de Madrid,ES,Autovía del Este,28051
3C:71:BF:0D:AC:6D,ESP_0DAC6D,39.15505219,20.97904396,3C:71:BF,1,unknown,2024-12-16T09:00:00.000Z,2024-12-16T02:00:00.000Z,Άρτα,Αποκεντρωμένη Διοίκηση Ηπείρου - Δυτικής Μακεδονίας,GR,Π. Γαρουφαλιά,47100
3C:71:BF:0D:BB:BD,P3-A00,59.94828033,10.9470911,3C:71:BF,1,unknown,2024-10-26T17:00:00.000Z,2024-10-26T14:00:00.000Z,Oslo,Stovner,NO,E 6,1089
3C:71:BF:0E:20:4D,Manusa-0E204C,41.3876915,2.16020417,3C:71:BF,6,wpa2,2025-10-02T17:00:00.000Z,2025-10-02T10:00:00.000Z,Barcelona,Catalunya,ES,Carrer d'Aribau,08001
3C:71:BF:0F:6B:6D,Yeti3C71BF0F6B,45.5062561,-122.64225769,3C:71:BF,6,wpa2,2024-08-19T20:00:00.000Z,2024-08-19T18:00:00.000Z,Portland,OR,US,Southeast Sherman Street,97214
3C:71:BF:0F:70:0D,Yeti3C71BF0F70,33.9527359,-118.32498169,3C:71:BF,6,wpa2,2024-12-22T18:00:00.000Z,2024-12-22T16:00:00.000Z,Inglewood,CA,US,West Arbor Vitae Street,90292
3C:71:BF:0F:71:11,Yeti3C71BF0F71,37.72180557,-85.88104248,3C:71:BF,6,wpa2,2026-04-08T15:00:00.000Z,2026-04-08T16:00:00.000Z,Elizabethtown,KY,US,Dixie Highway South,40160
3C:71:BF:0F:87:ED,MSC830_9320450528,-16.07081604,-48.45556259,3C:71:BF,5,wpa2,2023-10-12T00:00:00.000Z,2026-02-02T18:00:00.000Z,,Goiás,BR,,72930-000
3C:71:BF:0F:87:F1,MSC830_9320450342,-23.48449707,-46.63303375,3C:71:BF,5,wpa2,2025-06-20T19:00:00.000Z,2025-06-20T12:00:00.000Z,São Paulo,São Paulo,BR,Rua Voluntários da Pátria,02401-400
3C:71:BF:0F:88:CD,MSC_JQC0306-0,-14.79359531,-39.2733345,3C:71:BF,5,wpa2,2024-10-02T18:00:00.000Z,2024-10-02T12:00:00.000Z,Itabuna,Bahia,BR,Avenida Aziz Maron,45600004
3C:71:BF:0F:88:F9,MSC_FTG7H39,-14.78241158,-39.10370255,3C:71:BF,5,wpa2,2024-02-16T07:00:00.000Z,2024-10-15T16:00:00.000Z,Ilhéus,Bahia,BR,Rodovia BR-415,45651-260
3C:71:BF:0F:89:05,MSC830_9320520815,-26.73854637,-48.69890976,3C:71:BF,5,wpa2,2024-09-26T20:00:00.000Z,2024-10-10T13:00:00.000Z,,Santa Catarina,BR,Rodovia Governador Mário Covas,88380000
3C:71:BF:0F:8C:19,MSC_RXU0I66,-27.82619667,-48.63016891,3C:71:BF,5,wpa2,2024-02-28T15:00:00.000Z,2025-02-13T02:00:00.000Z,Palhoça,Santa Catarina,BR,Rodovia Governador Mário Covas,88138-800
3C:71:BF:0F:AB:75,Aegis_X_2655,37.90942001,-121.26483917,3C:71:BF,1,wpa2,2025-11-05T08:00:00.000Z,2025-11-05T14:00:00.000Z,Stockton,CA,US,Industrial Drive,95206
3C:71:BF:0F:E1:01,,41.95685577,-73.99040222,3C:71:BF,1,unknown,2024-06-17T20:00:00.000Z,2025-06-11T09:00:00.000Z,,NY,US,East Chester Street,12401
3C:71:BF:0F:EA:35,AST-118,51.59413147,15.33009338,3C:71:BF,1,wpa2,2025-09-03T08:00:00.000Z,2025-09-03T11:00:00.000Z,,województwo lubuskie,PL,Żelazna,68-100
3C:71:BF:0F:EA:3D,AST-152,51.62358093,15.32270718,3C:71:BF,1,wpa2,2026-08-07T12:00:00.000Z,2026-08-07T06:00:00.000Z,,województwo lubuskie,PL,Nowogródzka,68-100
3C:71:BF:10:98:B1,MSC830_9321535126,-8.61454296,-36.29844666,3C:71:BF,5,wpa2,2025-05-19T11:00:00.000Z,2025-05-19T12:00:00.000Z,,Pernambuco,BR,BR 423 - Rodovia Mestre Domiguinhos,55385-000
3C:71:BF:10:99:5D,MSC830_9321535422,-22.99235535,-43.25072861,3C:71:BF,5,wpa2,2025-08-11T15:00:00.000Z,2025-08-11T10:00:00.000Z,,Rio de Janeiro,BR,Autoestrada Engenheiro Fernando Mac Dowell,22610-170
3C:71:BF:10:99:B9,MSC_RLA1H30-2,-29.91979599,-51.02775574,3C:71:BF,5,wpa2,2023-07-14T18:00:00.000Z,2024-09-19T15:00:00.000Z,Gravataí,Rio Grande do Sul,BR,Marginal Rodovia Mário Quintana,94130-390
3C:71:BF:10:99:E1,MSC830_9321534877,-29.96040344,-51.1762085,3C:71:BF,5,wpa2,2025-06-16T13:00:00.000Z,2025-07-23T11:00:00.000Z,Canoas,Rio Grande do Sul,BR,Rodovia BR-116,92130-350
3C:71:BF:10:9A:F5,MSC830_9321431493,-12.60068321,-39.04113007,3C:71:BF,5,wpa2,2024-10-05T15:00:00.000Z,2024-10-05T08:00:00.000Z,,Bahia,BR,Praça Castro Alves,44350-000
3C:71:BF:10:9B:01,MSC_MIQ3C00-2,-26.8627758,-49.04946518,3C:71:BF,5,wpa2,2026-08-12T11:00:00.000Z,2026-08-12T05:00:00.000Z,Blumenau,Santa Catarina,BR,Rodovia Ingo Hering,89058-000
3C:71:BF:10:9B:49,MSC_JBI7G58,-27.02302742,-52.63503265,3C:71:BF,5,wpa2,2024-12-31T09:00:00.000Z,2024-12-31T02:00:00.000Z,Distrito Sede de Chapecó,Santa Catarina,BR,Acesso Plínio Arlindo de Nês,89810-750
3C:71:BF:10:9B:5D,MSC830_9321431278,-23.39570236,-47.33314514,3C:71:BF,5,wpa2,2025-11-13T16:00:00.000Z,2025-11-14T05:00:00.000Z,Itu,São Paulo,BR,Rodovia Deputado Archimedes Lammoglia,13308503
3C:71:BF:10:9B:65,MSC_UBE4C36,-20.38516808,-40.6476593,3C:71:BF,5,wpa2,2026-05-16T14:00:00.000Z,2026-05-19T05:00:00.000Z,,Espírito Santo,BR,Rodovia Federal Deputado Aloízio Santos,29263-000
3C:71:BF:10:9B:DD,MSC_TAS2F74,-23.5352459,-46.60248184,3C:71:BF,5,wpa2,2025-08-15T13:00:00.000Z,2025-08-15T08:00:00.000Z,São Paulo,São Paulo,BR,Rua Marcos Arruda,03020-000
3C:71:BF:10:9F:71,ESP_109F71,28.60643196,-81.36582184,3C:71:BF,1,none,2022-11-18T20:00:00.000Z,2024-10-18T18:00:00.000Z,,FL,US,Lee Road,32789
3C:71:BF:10:A2:05,ESP_10A205,28.60529518,-81.36521149,3C:71:BF,1,unknown,2001-06-29T11:00:00.000Z,2025-04-02T12:00:00.000Z,,FL,US,Orlando Avenue,32789
3C:71:BF:10:B3:65,MSC830_9321151685,-22.87065887,-43.41028214,3C:71:BF,5,wpa2,2025-10-10T23:00:00.000Z,2025-10-10T16:00:00.000Z,Rio de Janeiro,Rio de Janeiro,BR,TransOlímpica,21615-311
3C:71:BF:10:B4:C1,MSC830_9321151684,-22.86026382,-43.75652313,3C:71:BF,5,wpa2,2025-07-26T20:00:00.000Z,2025-07-26T14:00:00.000Z,Itaguaí,Rio de Janeiro,BR,,23831180
3C:71:BF:10:BE:A9,MSC830_9321400035,-21.7367897,-43.38910294,3C:71:BF,5,wpa2,2024-11-28T23:00:00.000Z,2024-11-28T20:00:00.000Z,Juiz de Fora,Minas Gerais,BR,Avenida Presidente Juscelino Kubitschek,36081-230
3C:71:BF:10:BE:B5,MSC_SCG2B98-1,-16.78640938,-49.23730469,3C:71:BF,5,wpa2,2024-10-31T21:00:00.000Z,2024-10-31T15:00:00.000Z,Aparecida de Goiânia,Goiás,BR,Pista Marginal,74984-260
3C:71:BF:10:C0:CD,MSC830_9321200109,-15.45059967,-50.36175537,3C:71:BF,5,wpa2,2024-09-15T17:00:00.000Z,2024-09-15T19:00:00.000Z,,Goiás,BR,Rodovia GO-164,
3C:71:BF:10:C1:51,MSC_SYA7A96,-18.90095329,-48.32669067,3C:71:BF,5,wpa2,2025-05-28T15:00:00.000Z,2025-05-28T11:00:00.000Z,Uberlândia,Minas Gerais,BR,Anel Viário Ayrton Senna,38.414-126
3C:71:BF:10:C1:B9,MSC830_9321200757,-24.27584457,-47.41362,3C:71:BF,5,wpa2,2025-01-04T21:00:00.000Z,2026-02-02T07:00:00.000Z,,São Paulo,BR,Rodovia Régis Bittencourt,
3C:71:BF:10:F3:15,ESP_10F315,34.53422546,135.44012451,3C:71:BF,1,unknown,2025-12-23T00:00:00.000Z,2026-05-31T18:00:00.000Z,高石市,大阪府,JP,,592-0002
3C:71:BF:11:07:48,,43.00780869,-71.45106506,3C:71:BF,0,unknown,2025-11-14T10:00:00.000Z,2026-07-16T14:00:00.000Z,Manchester,NH,US,Webster Street,03104
3C:71:BF:11:11:19,ESP_111119,33.81172562,-84.33433533,3C:71:BF,1,none,2024-05-30T16:00:00.000Z,2026-08-02T18:00:00.000Z,,GA,US,Briarcliff Road Northeast,30345
3C:71:BF:11:59:C1,ESP_1159C1,34.74239349,135.32931519,3C:71:BF,11,unknown,2024-11-30T03:00:00.000Z,2024-11-29T22:00:00.000Z,西宮市,兵庫県,JP,,662-8567
3C:71:BF:11:89:75,MSC830_9321431161,-19.96121407,-44.05141449,3C:71:BF,5,wpa2,2023-03-07T18:00:00.000Z,2025-07-29T03:00:00.000Z,Contagem,Minas Gerais,BR,Avenida Cardeal Eugênio Pacelli,32240560
3C:71:BF:11:F4:B1,ESP_11F4B1,34.53414917,135.43997192,3C:71:BF,1,unknown,2024-08-13T11:00:00.000Z,2025-08-02T07:00:00.000Z,高石市,大阪府,JP,,592-0002
3C:71:BF:11:F5:15,ESP_11F515,52.18153381,-106.68637085,3C:71:BF,1,unknown,2021-08-06T14:00:00.000Z,2026-03-14T09:00:00.000Z,,Saskatchewan,CA,60th Street West,S7R 1E3
3C:71:BF:11:F7:FD,ESP_11F7FD,53.63066101,-113.38158417,3C:71:BF,1,none,2026-07-16T23:00:00.000Z,2026-07-17T06:00:00.000Z,Edmonton,Alberta,CA,Anthony Henday Drive NW,T5Y 3V9
3C:71:BF:11:F8:81,ESP_11F881,53.57263565,-113.61826324,3C:71:BF,1,unknown,2022-03-31T15:00:00.000Z,2026-04-29T17:00:00.000Z,Edmonton,Alberta,CA,Yellowhead Trail NW,T5V 1M8
3C:71:BF:11:F8:99,ESP_11F899,48.25287247,-103.62576294,3C:71:BF,1,none,2022-12-14T19:00:00.000Z,2025-06-08T02:00:00.000Z,,ND,US,US 2;US 85,
3C:71:BF:11:F9:0D,ESP_11F90D,32.79868317,-88.03240967,3C:71:BF,1,unknown,2020-01-27T20:00:00.000Z,2025-08-01T22:00:00.000Z,,AL,US,Boligee Park Road,
3C:71:BF:11:F9:69,ESP_11F969,54.29985046,-116.2922287,3C:71:BF,1,unknown,2025-05-09T17:00:00.000Z,2025-05-13T10:00:00.000Z,,Alberta,CA,43,
3C:71:BF:11:F9:6D,ESP_11F96D,56.24769974,-120.87807465,3C:71:BF,1,unknown,2019-03-25T15:00:00.000Z,2025-11-02T01:00:00.000Z,Fort St. John,British Columbia,CA,Alaska Highway,V1J 0S6
3C:71:BF:11:FD:61,ESP_11FD61,53.43915939,-113.36759186,3C:71:BF,1,none,2026-03-08T18:00:00.000Z,2026-07-20T00:00:00.000Z,Edmonton,Alberta,CA,Anthony Henday Drive NW,T6N 0A9
3C:71:BF:12:18:B1,Guardian-18B0,35.55425262,-97.55712128,3C:71:BF,9,unknown,2024-01-07T15:00:00.000Z,2025-09-07T13:00:00.000Z,Oklahoma City,OK,US,Coventry Lane,73120
3C:71:BF:12:25:01,Manusa-122500,-36.84976578,174.76295471,3C:71:BF,1,wpa2,2026-01-28T21:00:00.000Z,2026-01-28T21:00:00.000Z,Auckland,Auckland,NZ,Albert Street,1010
3C:71:BF:12:2B:D5,MSC_JOM4H35-2,-12.20722008,-38.96575546,3C:71:BF,5,wpa2,2025-07-20T00:00:00.000Z,2025-07-19T18:00:00.000Z,Feira de Santana,Bahia,BR,,44036-900
3C:71:BF:12:2C:B1,MSC830_9320450574,-22.43150711,-47.57167816,3C:71:BF,5,wpa2,2026-08-02T23:00:00.000Z,2026-08-02T17:00:00.000Z,Rio Claro,São Paulo,BR,Rodovia Washington Luís,13501621
3C:71:BF:12:2D:41,MSC830_9320450547,-23.52250099,-46.74718857,3C:71:BF,5,wpa2,2026-05-08T14:00:00.000Z,2026-05-09T06:00:00.000Z,São Paulo,São Paulo,BR,Acesso Marginal Tietê Central,05102-120
3C:71:BF:12:2E:99,MSC830_9320450405,-3.75654292,-38.51887131,3C:71:BF,5,wpa2,2025-02-04T21:00:00.000Z,2025-02-06T04:00:00.000Z,Fortaleza,Ceará,BR,Rua Monsenhor Salazar,60130-370
3C:71:BF:12:2E:A1,MSC830_9320520872,-12.31069946,-38.88434601,3C:71:BF,5,wpa2,2025-01-16T21:00:00.000Z,2025-01-16T13:00:00.000Z,Feira de Santana,Bahia,BR,Rodovia Engenheiro Vasco Filho,44079-002
3C:71:BF:12:2E:D1,MSC830_9320450457,-20.88858795,-44.85172653,3C:71:BF,5,wpa2,2025-01-03T09:00:00.000Z,2025-01-03T02:00:00.000Z,,Minas Gerais,BR,Rodovia Fernão Dias,
3C:71:BF:12:2E:D9,MSC_KPS5G76,-22.1211853,-43.16342926,3C:71:BF,5,wpa2,2024-09-20T21:00:00.000Z,2024-10-31T07:00:00.000Z,,Rio de Janeiro,BR,Rodovia Lúcio Meira,25802-100
3C:71:BF:12:33:81,MSC_EOF5583-1,-23.40284729,-46.32437897,3C:71:BF,5,wpa2,2024-12-11T17:00:00.000Z,2024-12-25T13:00:00.000Z,,São Paulo,BR,Rodovia Presidente Dutra,07400-240
3C:71:BF:12:33:CD,MSC_CUK9C80,-22.25394821,-45.88670731,3C:71:BF,5,wpa2,2024-03-09T18:00:00.000Z,2024-09-06T06:00:00.000Z,Pouso Alegre,Minas Gerais,BR,Rodovia Fernão Dias,37550-000
3C:71:BF:12:3B:AD,MSC830_9320450300,-3.79777503,-38.50821686,3C:71:BF,5,wpa2,2024-08-10T12:00:00.000Z,2024-09-12T14:00:00.000Z,Fortaleza,Ceará,BR,Rua Padre Paulino,60864-240
3C:71:BF:12:3C:ED,MSC_SHJ6J53,-21.89233208,-49.02228546,3C:71:BF,5,wpa2,2025-07-22T18:00:00.000Z,2025-07-22T12:00:00.000Z,,São Paulo,BR,Rua Padre Jorge Mattar,
3C:71:BF:12:3F:29,MSC_SAO8G01,-8.18019009,-34.94811249,3C:71:BF,5,wpa2,2025-01-24T12:00:00.000Z,2025-04-12T02:00:00.000Z,Jaboatão dos Guararapes,Pernambuco,BR,Avenida Conde da Boa Vista,54345-160
3C:71:BF:12:43:6D,MSC830_9321200093,-19.01526451,-48.20932007,3C:71:BF,5,wpa2,2025-06-05T14:00:00.000Z,2025-06-05T10:00:00.000Z,Uberlândia,Minas Gerais,BR,Décio Auto Posto,
3C:71:BF:12:43:AD,MSC830_9320520895,-23.56589699,-45.26747894,3C:71:BF,5,wpa2,2026-02-04T16:00:00.000Z,2026-02-04T08:00:00.000Z,Ubatuba,São Paulo,BR,Rodovia Governador Mário Covas,
3C:71:BF:12:AC:8D,Guardian-AC8C,45.64575958,-122.59326172,3C:71:BF,1,unknown,2024-06-07T01:00:00.000Z,2024-12-04T20:00:00.000Z,Vancouver,WA,US,Northeast 78th Avenue,98662-6624
3C:71:BF:13:5C:E1,Manusa-135CE0,41.38382721,2.16387153,3C:71:BF,1,wpa2,2023-06-20T21:00:00.000Z,2025-03-08T16:00:00.000Z,Barcelona,Catalunya,ES,Ronda de Sant Antoni,08001
3C:71:BF:13:60:B9,ESP_1360B9,53.57771301,-113.53132629,3C:71:BF,1,none,2021-02-24T19:00:00.000Z,2025-08-21T08:00:00.000Z,Edmonton,Alberta,CA,122 Street NW,T5L 5C3
3C:71:BF:13:60:C9,ESP_1360C9,45.37427139,-75.7702713,3C:71:BF,1,unknown,2020-04-10T08:00:00.000Z,2026-06-30T20:00:00.000Z,Ottawa,Ontario,CA,Lockhart Avenue,K2A 4C6
3C:71:BF:15:73:21,,21.49157715,-158.0463562,3C:71:BF,1,wpa2,2026-04-07T00:00:00.000Z,2026-04-06T18:00:00.000Z,Mililani,HI,US,Kamehameha Highway,96957
3C:71:BF:15:98:34,,27.72548294,-82.65394592,3C:71:BF,10,unknown,2025-06-04T21:00:00.000Z,2025-06-05T12:00:00.000Z,Saint Petersburg,FL,US,Country Club Way South,33705
3C:71:BF:15:B1:4D,ANTAS-WIFI,44.83604813,11.61896038,3C:71:BF,6,wpa2,2025-07-24T10:00:00.000Z,2025-10-15T21:00:00.000Z,Ferrara,Emilia-Romagna,IT,Piazza del Municipio,44121
3C:71:BF:15:BA:C5,ANTAS-WIFI,44.04151917,12.58113194,3C:71:BF,6,wpa2,2019-07-12T15:00:00.000Z,2025-04-25T10:00:00.000Z,Rimini,Emilia-Romagna,IT,Via Circonvallazione Nuova,47900
3C:71:BF:16:2E:71,,21.48682976,-158.0274353,3C:71:BF,1,wpa2,2024-02-17T06:00:00.000Z,2025-11-02T18:00:00.000Z,Mililani,HI,US,Higgins Road,96786
3C:71:BF:16:34:CD,Guardian-34CC,40.52173233,-112.03302765,3C:71:BF,1,unknown,2023-11-17T02:00:00.000Z,2025-04-16T14:00:00.000Z,,UT,US,South Pioneer Street,84096
3C:71:BF:16:35:1D,Guardian-351C,45.64600754,-122.59375,3C:71:BF,1,unknown,2025-04-02T17:00:00.000Z,2025-04-03T16:00:00.000Z,Vancouver,WA,US,Northeast Fourth Plain Boulevard,98662
3C:71:BF:16:35:CD,Guardian-35CC,45.6461525,-122.59407043,3C:71:BF,1,none,2023-10-05T20:00:00.000Z,2026-07-27T00:00:00.000Z,Vancouver,WA,US,Northeast Fourth Plain Boulevard,98662
3C:71:BF:16:3D:2D,Guardian-3D2C,42.9769249,-87.87086487,3C:71:BF,3,unknown,2025-04-29T19:00:00.000Z,2025-04-29T13:00:00.000Z,,WI,US,East Crawford Avenue,53235
3C:71:BF:16:7A:A5,Guardian-7AA4,41.75385666,-71.43738556,3C:71:BF,1,none,2026-04-24T15:00:00.000Z,2026-04-24T14:00:00.000Z,,RI,US,I 95,02920-7921
3C:71:BF:16:83:E5,Guardian-83E4,33.15496445,-117.23891449,3C:71:BF,9,none,2024-10-19T08:00:00.000Z,2024-10-19T15:00:00.000Z,Vista,CA,US,Green Oak Road,92081
3C:71:BF:17:05:D5,Guardian-05D4,42.29546738,-88.16242218,3C:71:BF,1,none,2025-06-20T18:00:00.000Z,2026-02-21T23:00:00.000Z,,IL,US,US 12;IL 59,60084
3C:71:BF:17:D0:11,Guardian-D010,45.64620972,-122.5941391,3C:71:BF,1,none,2023-10-05T20:00:00.000Z,2026-08-07T21:00:00.000Z,Vancouver,WA,US,Northeast Fourth Plain Boulevard,98662
3C:71:BF:17:D1:3D,Guardian-D13C,45.28450012,-75.89868164,3C:71:BF,4,unknown,2021-01-04T11:00:00.000Z,2025-06-12T20:00:00.000Z,,Ontario,CA,Baldcypress Way,K2L 4H4
3C:71:BF:17:D5:5D,Guardian-D55C,41.70715332,-87.84073639,3C:71:BF,1,none,2026-06-08T14:00:00.000Z,2026-06-08T09:00:00.000Z,,IL,US,101st Street,60465
3C:71:BF:17:D5:BD,Guardian-D5BC,45.645401,-122.59322357,3C:71:BF,1,unknown,2024-06-01T17:00:00.000Z,2024-12-04T20:00:00.000Z,Vancouver,WA,US,Northeast 78th Avenue,98662-6624
3C:71:BF:17:D6:1D,Guardian-D61C,33.65157318,-117.72000885,3C:71:BF,1,none,2021-08-07T23:00:00.000Z,2025-03-05T08:00:00.000Z,Irvine,CA,US,Jeronimo Road,92630
3C:71:BF:17:DE:35,Guardian-DE34,39.7973175,-105.18769073,3C:71:BF,1,none,2024-08-25T19:00:00.000Z,2026-05-04T16:00:00.000Z,,CO,US,Easley Road,80007
3C:71:BF:18:24:35,SMOFA_182434,47.39555359,8.62203884,3C:71:BF,1,unknown,2025-03-03T15:00:00.000Z,2025-03-03T12:00:00.000Z,,Zürich,CH,Schulhausstrasse,8044
3C:71:BF:18:3A:BD,Zentec Z031 ,55.86600113,37.39904404,3C:71:BF,10,unknown,2023-09-26T07:00:00.000Z,2025-03-22T05:00:00.000Z,,Московская область,RU,,143441
3C:71:BF:18:3B:D9,Zentec Z031,55.73778152,37.51872253,3C:71:BF,10,unknown,2024-10-02T18:00:00.000Z,2024-10-02T12:00:00.000Z,Москва,Москва,RU,площадь Победы,121170
3C:71:BF:18:99:DD,,30.26170921,-97.73191833,3C:71:BF,1,unknown,2025-06-30T14:00:00.000Z,2026-05-24T23:00:00.000Z,Austin,TX,US,East 3rd Street,78702
3C:71:BF:18:AD:99,eWind 153,60.17488861,24.80390739,3C:71:BF,3,unknown,2022-11-18T15:00:00.000Z,2026-06-26T11:00:00.000Z,Espoo,Manner-Suomi,FI,Kirjokannen raitti,02100
3C:71:BF:19:31:49,ACCESS.RUN_19_31_49,-19.8974247,-43.92753601,3C:71:BF,1,wpa2,2024-12-04T16:00:00.000Z,2025-07-11T13:00:00.000Z,Belo Horizonte,Minas Gerais,BR,Avenida Cristiano Machado,30140-030
3C:71:BF:19:A9:99,WLED-AP,47.84303284,12.96691895,3C:71:BF,1,wpa2,2026-02-23T19:00:00.000Z,2026-07-23T06:00:00.000Z,,Bayern,DE,Sägewerkstraße,83395
3C:71:BF:1C:4C:3D,Mysa-1c4c3c,37.33962631,-121.99693298,3C:71:BF,1,unknown,2024-06-02T21:00:00.000Z,2026-08-13T18:00:00.000Z,Sunnyvale,CA,US,Lochinvar Avenue,95051-8101
3C:71:BF:1C:64:21,XZG-EE44,51.45557022,5.46602631,3C:71:BF,2,unknown,2024-11-01T07:00:00.000Z,2025-01-09T12:00:00.000Z,Eindhoven,Noord-Brabant,NL,van Thienenlaan,5622BA
3C:71:BF:1C:7A:F9,Mysa-1c7af8,49.1063118,-122.64675903,3C:71:BF,11,none,2026-05-23T21:00:00.000Z,2026-05-23T15:00:00.000Z,City of Langley,British Columbia,CA,208 Street,V3A 4S9
3C:71:BF:1C:80:F9,,21.49230766,-158.04728699,3C:71:BF,1,wpa2,2026-04-07T00:00:00.000Z,2026-04-06T18:00:00.000Z,Mililani,HI,US,Kamehameha Highway,96957
3C:71:BF:1C:86:11,,21.36854362,-157.90757751,3C:71:BF,1,wpa2,2025-10-29T19:00:00.000Z,2025-10-29T13:00:00.000Z,Honolulu,HI,US,Moanalua Freeway,96818
3C:71:BF:1C:8F:55,Mysa-1c8f54,42.80418015,-71.23088074,3C:71:BF,1,unknown,2025-05-23T14:00:00.000Z,2025-05-23T21:00:00.000Z,,NH,US,Bluff Street,03079
3C:71:BF:1C:92:58,,45.53721237,-73.62528229,3C:71:BF,0,unknown,2023-10-25T12:00:00.000Z,2025-06-07T07:00:00.000Z,Montréal,Québec,CA,Boulevard Saint-Laurent,H2R 1X1
3C:71:BF:1C:97:45,,21.49108887,-158.05958557,3C:71:BF,1,wpa2,2020-02-03T15:00:00.000Z,2025-09-11T18:00:00.000Z,Mililani,HI,US,Fournier Avenue,96957
3C:71:BF:1C:9B:45,,21.49426842,-158.06190491,3C:71:BF,1,wpa2,2025-09-10T02:00:00.000Z,2025-09-11T18:00:00.000Z,Mililani,HI,US,Cadet Sheridan Road,96957
3C:71:BF:1C:A5:7D,,21.48956299,-158.04353333,3C:71:BF,1,wpa2,2025-09-24T23:00:00.000Z,2025-09-24T19:00:00.000Z,,HI,US,Kamehameha Highway,96957
3C:71:BF:1C:A5:F1,,21.49035835,-158.03196716,3C:71:BF,1,wpa2,2024-02-17T06:00:00.000Z,2025-11-02T13:00:00.000Z,Mililani,HI,US,I H2,96786
3C:71:BF:1C:AE:BD,,21.47712135,-158.02606201,3C:71:BF,1,wpa2,2025-10-27T22:00:00.000Z,2025-11-08T18:00:00.000Z,Mililani,HI,US,Kamehameha Highway,96789
3C:71:BF:1C:AF:4D,,21.47539902,-158.02584839,3C:71:BF,1,wpa2,2025-10-13T20:00:00.000Z,2025-10-14T13:00:00.000Z,Mililani,HI,US,Kamehameha Highway,96789
3C:71:BF:1C:CE:ED,,41.55886078,-87.87916565,3C:71:BF,1,wpa2,2026-02-03T15:00:00.000Z,2026-03-12T13:00:00.000Z,,IL,US,Nevada Court,60448
3C:71:BF:1C:DE:89,,36.15228653,-86.70040894,3C:71:BF,1,wpa2,2026-04-15T05:00:00.000Z,2026-04-17T14:00:00.000Z,Nashville-Davidson,TN,US,Acorn Drive,37210
3C:71:BF:1C:E0:51,,49.77282333,-124.42937469,3C:71:BF,1,wpa2,2025-08-16T12:00:00.000Z,2025-08-20T08:00:00.000Z,Area C (Lois Lake/Saltery Bay),British Columbia,CA,Fleury Road,
3C:71:BF:1C:E1:3D,,49.77404022,-124.42914581,3C:71:BF,1,wpa2,2025-09-10T21:00:00.000Z,2025-09-10T18:00:00.000Z,Area B (Paradise Valley),British Columbia,CA,Sunshine Coast Highway,
3C:71:BF:1D:6C:C5,Batrium-SYS9266,-27.44513702,153.02980042,3C:71:BF,1,wpa2,2025-09-09T06:00:00.000Z,2025-09-16T03:00:00.000Z,Brisbane City,Queensland,AU,Bowen Bridge Road,4006
3C:71:BF:1D:E5:69,PaulBike,33.0259819,-96.71574402,3C:71:BF,1,wpa2,2025-07-21T16:00:00.000Z,2025-08-03T08:00:00.000Z,Plano,TX,US,West Park Boulevard,75075
3C:71:BF:1E:72:2D,SkyEcho_722D,51.67246246,-0.3501111,3C:71:BF,6,none,2026-05-15T16:00:00.000Z,2026-05-15T10:00:00.000Z,Hertsmere,England,GB,Radlett Road,WD25 8BG
3C:71:BF:1F:40:A9,,21.47989464,-158.02644348,3C:71:BF,1,wpa2,2025-09-28T01:00:00.000Z,2026-06-25T16:00:00.000Z,Mililani,HI,US,Leilehua Road,96786
3C:71:BF:1F:96:61,,21.47821617,-158.02629089,3C:71:BF,1,wpa2,2025-11-02T20:00:00.000Z,2025-11-02T13:00:00.000Z,Mililani,HI,US,Kamehameha Highway,96789
3C:71:BF:20:9F:9B,,37.47527695,-120.83682251,3C:71:BF,3,unknown,2024-08-27T08:00:00.000Z,2024-08-27T14:00:00.000Z,Turlock,CA,US,Alexander Court,95381
3C:71:BF:21:74:2C,John_Connor_T3_2G,-38.15402985,144.37316895,3C:71:BF,1,wpa2,2025-04-16T08:00:00.000Z,2025-04-15T20:00:00.000Z,Geelong,Victoria,AU,Connor Street,3219
3C:71:BF:22:9F:34,,39.89981461,-105.06410217,3C:71:BF,11,wpa2,2026-05-11T20:00:00.000Z,2026-05-11T15:00:00.000Z,Westminster,CO,US,West 112th Avenue,80020-3329
3C:71:BF:22:B0:E5,,42.40128708,-71.0368576,3C:71:BF,14,wpa2,2026-06-25T08:00:00.000Z,2026-06-25T06:00:00.000Z,Chelsea,MA,US,Orange Street,02150
3C:71:BF:24:74:06,,40.81034851,-73.09832764,3C:71:BF,9,unknown,2025-09-19T01:00:00.000Z,2025-09-18T19:00:00.000Z,,NY,US,Babcock Avenue,11779
3C:71:BF:24:75:02,,40.85356522,-73.85837555,3C:71:BF,2,unknown,2024-10-30T01:00:00.000Z,2024-10-29T23:00:00.000Z,City of New York,NY,US,Hone Avenue,10461
3C:71:BF:24:75:09,,40.65802383,-73.60746002,3C:71:BF,4,unknown,2025-07-27T18:00:00.000Z,2025-07-27T14:00:00.000Z,,NY,US,Marion Place,11510
3C:71:BF:24:75:4D,,40.8515358,-73.85453033,3C:71:BF,9,unknown,2024-10-30T00:00:00.000Z,2024-10-30T00:00:00.000Z,City of New York,NY,US,Rhinelander Avenue,10461
3C:71:BF:24:76:DB,,40.74298859,-73.83174896,3C:71:BF,4,unknown,2025-09-18T03:00:00.000Z,2025-09-17T21:00:00.000Z,City of New York,NY,US,Long Island Expressway,11355
3C:71:BF:24:76:EB,,40.67995834,-73.61161041,3C:71:BF,11,unknown,2025-07-26T15:00:00.000Z,2025-07-26T13:00:00.000Z,,NY,US,Village Avenue,11510
3C:71:BF:24:77:3B,,40.84326935,-74.13236237,3C:71:BF,1,none,2026-08-12T08:00:00.000Z,2026-08-12T06:00:00.000Z,,NJ,US,Benson Avenue,07014
3C:71:BF:24:77:4C,,40.77961731,-73.95050049,3C:71:BF,8,unknown,2024-07-10T03:00:00.000Z,2025-09-17T21:00:00.000Z,City of New York,NY,US,2nd Avenue,10035
3C:71:BF:24:77:A3,,40.80008698,-73.95866394,3C:71:BF,6,none,2026-08-13T22:00:00.000Z,2026-08-13T21:00:00.000Z,City of New York,NY,US,West 110th Street,10026
3C:71:BF:24:78:47,,36.3768425,-100.80253601,3C:71:BF,1,unknown,2025-04-17T18:00:00.000Z,2025-04-26T09:00:00.000Z,,TX,US,South Main Street,79070
3C:71:BF:24:79:C5,,40.67472076,-73.59304047,3C:71:BF,10,unknown,2025-07-26T16:00:00.000Z,2025-07-26T13:00:00.000Z,,NY,US,Hudson Avenue,11575
3C:71:BF:24:7A:4B,,40.8120575,-73.95721436,3C:71:BF,14,unknown,2024-10-19T14:00:00.000Z,2024-10-19T09:00:00.000Z,City of New York,NY,US,Amsterdam Avenue,10027
3C:71:BF:24:7B:B9,,40.78751373,-73.97693634,3C:71:BF,11,unknown,2024-10-19T13:00:00.000Z,2024-10-19T09:00:00.000Z,City of New York,NY,US,West 85th Street,10024
3C:71:BF:24:7B:C6,,40.79810715,-73.93988037,3C:71:BF,13,unknown,2025-09-18T00:00:00.000Z,2025-09-17T21:00:00.000Z,City of New York,NY,US,3rd Avenue,10035
3C:71:BF:24:7E:55,,50.08852005,14.46874046,3C:71:BF,1,unknown,2026-07-19T02:00:00.000Z,2026-07-19T11:00:00.000Z,Hlavní město Praha,Praha,CZ,Jana Želivského,13000
3C:71:BF:24:80:6E,,40.65967178,-73.58809662,3C:71:BF,3,unknown,2025-07-27T15:00:00.000Z,2025-07-27T18:00:00.000Z,,NY,US,Randall Avenue,11520
3C:71:BF:24:83:1F,,40.76340866,-73.79114532,3C:71:BF,6,unknown,2025-08-17T02:00:00.000Z,2025-08-16T20:00:00.000Z,City of New York,NY,US,191st Street,11358
3C:71:BF:24:A0:87,,40.77661896,-73.95562744,3C:71:BF,12,unknown,2025-09-18T00:00:00.000Z,2025-09-17T21:00:00.000Z,City of New York,NY,US,3rd Avenue,10028
3C:71:BF:24:A4:97,,40.74071121,-73.81238556,3C:71:BF,3,unknown,2024-10-19T11:00:00.000Z,2024-10-19T05:00:00.000Z,City of New York,NY,US,59th Avenue,11355
3C:71:BF:24:A8:D1,,40.73584747,-73.85838318,3C:71:BF,10,unknown,2024-07-10T08:00:00.000Z,2024-11-09T19:00:00.000Z,City of New York,NY,US,Long Island Expressway,11374-2756
3C:71:BF:24:A9:95,,40.81044006,-73.09208679,3C:71:BF,2,unknown,2025-09-19T01:00:00.000Z,2025-09-18T19:00:00.000Z,,NY,US,Windham Lane South,11779
3C:71:BF:24:AB:7B,,40.68203354,-73.61631012,3C:71:BF,4,unknown,2025-07-26T16:00:00.000Z,2025-07-26T13:00:00.000Z,,NY,US,Willis Street,11550
3C:71:BF:25:04:55,,39.98719406,-85.98247528,3C:71:BF,0,unknown,2024-09-17T03:00:00.000Z,2025-07-16T18:00:00.000Z,,IN,US,Meadow Lake Drive,46060
3C:71:BF:25:6A:8C,,27.79439545,-82.65851593,3C:71:BF,10,unknown,2025-04-24T00:00:00.000Z,2025-05-15T18:00:00.000Z,Saint Petersburg,FL,US,18th Street North,33713
3C:71:BF:25:70:10,,41.4916153,-81.78025055,3C:71:BF,11,unknown,2025-07-25T20:00:00.000Z,2025-07-25T16:00:00.000Z,,OH,US,Gold Coast Lane,44107
3C:71:BF:25:74:EE,,41.62630844,-93.50330353,3C:71:BF,0,unknown,2026-04-30T20:00:00.000Z,2026-04-30T17:00:00.000Z,Des Moines,IA,US,East 56th Street,50009
3C:71:BF:25:80:35,,41.58839417,-81.44364929,3C:71:BF,11,unknown,2024-10-17T20:00:00.000Z,2024-10-22T16:00:00.000Z,,OH,US,Eddy Road,44094
3C:71:BF:25:90:2F,,41.49165344,-81.7804184,3C:71:BF,3,unknown,2025-07-25T20:00:00.000Z,2025-07-25T16:00:00.000Z,,OH,US,Lake Avenue,44107
3C:71:BF:25:94:38,,27.79375839,-82.65903473,3C:71:BF,5,unknown,2025-09-30T00:00:00.000Z,2025-10-01T12:00:00.000Z,Saint Petersburg,FL,US,19th Street North,33713
3C:71:BF:25:96:F4,,45.65884399,-73.49922943,3C:71:BF,0,unknown,2025-05-07T16:00:00.000Z,2025-06-01T11:00:00.000Z,Montréal,Québec,CA,Rue René-Lévesque,H1A3K3
3C:71:BF:25:9D:5D,,51.00216675,-114.13007355,3C:71:BF,12,unknown,2025-12-06T20:00:00.000Z,2025-12-30T19:00:00.000Z,Calgary,Alberta,CA,Glenmore Trail SW,T3E 5R9
3C:71:BF:25:9E:CF,,45.59232712,-73.53131104,3C:71:BF,0,unknown,2025-04-01T05:00:00.000Z,2025-06-01T11:00:00.000Z,Montréal,Québec,CA,Rue Curatteau,H1N 3M5
3C:71:BF:25:B2:48,,27.74289131,-82.69812775,3C:71:BF,7,unknown,2025-07-09T00:00:00.000Z,2025-07-08T18:00:00.000Z,Saint Petersburg,FL,US,27th Avenue South,33711
3C:71:BF:26:7B:A9,,50.97114563,-0.98394746,3C:71:BF,0,unknown,2024-05-26T13:00:00.000Z,2025-01-25T18:00:00.000Z,East Hampshire,England,GB,,GU32 1RT
3C:71:BF:26:F8:50,,40.7899971,-72.94295502,3C:71:BF,7,unknown,2025-09-19T00:00:00.000Z,2025-09-18T19:00:00.000Z,,NY,US,South Village Drive,11713
3C:71:BF:27:5E:4F,,30.53961372,-87.23989105,3C:71:BF,5,wpa2,2026-06-07T17:00:00.000Z,2026-06-07T13:00:00.000Z,,FL,US,Foxrun Road,32514
3C:71:BF:27:8F:6C,,36.15182877,-115.07643127,3C:71:BF,0,unknown,2025-05-20T22:00:00.000Z,2025-05-23T17:00:00.000Z,,NV,US,Carillo Street,89104-5202
3C:71:BF:2A:63:FF,,40.80838776,-74.23316956,3C:71:BF,1,unknown,2026-04-28T11:00:00.000Z,2026-06-20T07:00:00.000Z,,NJ,US,Undercliff Road,07042
3C:71:BF:2B:E8:54,,52.23449326,5.95783997,3C:71:BF,6,unknown,2024-12-06T10:00:00.000Z,2024-12-07T13:00:00.000Z,Apeldoorn,Gelderland,NL,Zwolseweg,7315GN
3C:71:BF:2C:D1:2B,,40.76902008,-73.5712738,3C:71:BF,4,unknown,2025-05-14T13:00:00.000Z,2025-05-14T06:00:00.000Z,,NY,US,Baldwin Drive,11590
3C:71:BF:2D:DA:82,leyaoyao_config,36.1005249,-115.20783997,3C:71:BF,7,unknown,2025-11-11T20:00:00.000Z,2025-11-20T17:00:00.000Z,,NV,US,South Decatur Boulevard,89118-1516
3C:71:BF:2D:E1:29,,-33.7910881,151.05102539,3C:71:BF,11,unknown,2024-08-24T00:00:00.000Z,2024-08-24T00:00:00.000Z,Sydney,New South Wales,AU,Evans Road,2117
3C:71:BF:2E:03:9B,mini_039B,38.58705521,-90.23960114,3C:71:BF,6,unknown,2025-06-09T13:00:00.000Z,2025-10-28T15:00:00.000Z,Saint Louis,MO,US,Virginia Avenue,63118
3C:71:BF:2E:5F:70,,47.23447037,-122.40934753,3C:71:BF,11,wpa2,2026-07-25T17:00:00.000Z,2026-07-25T10:00:00.000Z,Tacoma,WA,US,East Portland Avenue,98404-4923
3C:71:BF:2E:E2:58,,56.01659775,92.97814178,3C:71:BF,1,unknown,2025-10-17T07:00:00.000Z,2025-10-17T01:00:00.000Z,Красноярск,Красноярский край,RU,улица Юности,<?????????>
3C:71:BF:2E:E2:64,,56.84466553,60.65811539,3C:71:BF,5,unknown,2024-09-17T07:00:00.000Z,2026-03-22T05:00:00.000Z,Екатеринбург,Свердловская область,RU,Комсомольская улица,620049
3C:71:BF:2E:E2:9F,,55.77471924,37.53797913,3C:71:BF,4,unknown,2025-03-17T07:00:00.000Z,2025-03-17T01:00:00.000Z,Москва,Москва,RU,3-й Хорошёвский проезд,123007
3C:71:BF:2E:E3:34,PCM-1540WIFI,51.7186203,94.4325943,3C:71:BF,4,unknown,2025-04-14T11:00:00.000Z,2025-04-14T04:00:00.000Z,Кызыл,Республика Тыва,RU,улица Кочетова,667000
3C:71:BF:2E:E3:67,PCM-1540WIFI,59.92376328,30.33246422,3C:71:BF,5,unknown,2026-02-25T12:00:00.000Z,2026-02-25T23:00:00.000Z,Санкт-Петербург,Санкт-Петербург,RU,набережная реки Фонтанки,191180
3C:71:BF:2E:E3:6F,PCM-1540WIFI,55.86738968,37.66039276,3C:71:BF,11,unknown,2025-04-17T13:00:00.000Z,2025-04-17T06:00:00.000Z,Москва,Москва,RU,Ленская улица,129327
3C:71:BF:2E:E4:0E,PCM-1540WIFI,59.84991837,30.14869881,3C:71:BF,2,unknown,2026-06-04T16:00:00.000Z,2026-07-01T22:00:00.000Z,Санкт-Петербург,Санкт-Петербург,RU,улица Адмирала Коновалова,198329
3C:71:BF:2E:E5:36,PCM-1540WIFI,59.99281693,30.33204269,3C:71:BF,1,unknown,2026-03-14T15:00:00.000Z,2026-03-15T02:00:00.000Z,Санкт-Петербург,Санкт-Петербург,RU,Большой Сампсониевский проспект,194156
3C:71:BF:2E:E9:79,,55.77595139,37.6925621,3C:71:BF,11,unknown,2026-05-07T22:00:00.000Z,2026-05-07T17:00:00.000Z,Москва,Москва,RU,Большая Почтовая улица,105082
3C:71:BF:2E:EC:82,,59.95463562,30.34650803,3C:71:BF,10,unknown,2025-08-05T07:00:00.000Z,2025-08-11T13:00:00.000Z,Санкт-Петербург,Санкт-Петербург,RU,Пироговская набережная,191187
3C:71:BF:2E:EC:EA,PMC-5020WIFI,55.79148102,37.80550766,3C:71:BF,1,unknown,2025-11-04T13:00:00.000Z,2025-11-24T01:00:00.000Z,Москва,Москва,RU,11-я Парковая улица,105554
3C:71:BF:2E:ED:23,PCM-1540WIFI,56.77844238,60.65956879,3C:71:BF,10,unknown,2024-06-04T16:00:00.000Z,2024-09-17T02:00:00.000Z,Екатеринбург,Свердловская область,RU,улица Щербакова,620097
3C:71:BF:2E:ED:27,,64.42840576,40.6156311,3C:71:BF,11,unknown,2024-02-07T12:00:00.000Z,2024-12-25T04:00:00.000Z,Архангельск,Архангельская область,RU,Магистральная улица,163039
3C:71:BF:2E:ED:28,,55.7759552,37.55261612,3C:71:BF,3,unknown,2024-11-10T08:00:00.000Z,2025-01-11T12:00:00.000Z,Москва,Москва,RU,Беговая улица,125284
3C:71:BF:2E:EE:B6,,56.06433868,92.91773987,3C:71:BF,6,unknown,2026-04-03T05:00:00.000Z,2026-04-02T22:00:00.000Z,Красноярск,Красноярский край,RU,улица Урванцева,660000
3C:71:BF:2F:BB:65,PMC-5017WIFI,59.8521843,30.24879265,3C:71:BF,1,unknown,2025-03-18T16:00:00.000Z,2025-03-18T10:00:00.000Z,Санкт-Петербург,Санкт-Петербург,RU,Ленинский проспект,198207
3C:71:BF:30:7F:28,l$H,43.16510391,-77.47782135,3C:71:BF,11,none,2026-08-05T10:00:00.000Z,2026-08-05T04:00:00.000Z,,NY,US,Alberta Drive,14526
3C:71:BF:30:AF:15,,41.58448792,-93.77940369,3C:71:BF,4,unknown,2026-04-23T02:00:00.000Z,2026-08-09T20:00:00.000Z,West Des Moines,IA,US,Ashworth Road,50266
3C:71:BF:30:C8:C6,,38.85155487,-85.81132507,3C:71:BF,8,unknown,2024-06-17T12:00:00.000Z,2024-09-16T13:00:00.000Z,,IN,US,I 65,47229
3C:71:BF:30:CE:94,,51.7265625,10.25160217,3C:71:BF,13,unknown,2026-02-20T14:00:00.000Z,2026-02-21T01:00:00.000Z,,Niedersachsen,DE,Luisenstraße,37520
3C:71:BF:31:0A:2C,,40.86136627,-73.84320831,3C:71:BF,8,unknown,2024-10-30T03:00:00.000Z,2024-10-30T00:00:00.000Z,City of New York,NY,US,Eastchester Road,10469
3C:71:BF:31:0C:CE,,40.66482544,-73.59205627,3C:71:BF,6,unknown,2025-07-27T15:00:00.000Z,2025-07-27T14:00:00.000Z,,NY,US,West Seaman Avenue,11520
3C:71:BF:31:40:7A,,53.46319199,9.79674244,3C:71:BF,9,unknown,2025-07-20T18:00:00.000Z,2025-07-20T13:00:00.000Z,,Niedersachsen,DE,Hauptstraße,21629
3C:71:BF:31:63:F0,Slave:F0:08:D1:D2:8B:D4,48.18400192,11.63639545,3C:71:BF,1,wpa2,2025-07-30T15:00:00.000Z,2025-07-30T08:00:00.000Z,,Bayern,DE,Neubruchstraße,85774
3C:71:BF:31:68:5E,,55.48854446,17.22931862,3C:71:BF,0,unknown,2024-10-24T15:00:00.000Z,2024-11-10T05:00:00.000Z,,,,,
3C:71:BF:32:9A:24,,40.6953125,-73.49923706,3C:71:BF,2,unknown,2025-04-06T18:00:00.000Z,2025-04-06T13:00:00.000Z,,NY,US,Centerview Avenue,11793
3C:71:BF:34:00:B2,,40.81277847,-73.95728302,3C:71:BF,3,unknown,2024-10-19T14:00:00.000Z,2024-10-19T09:00:00.000Z,City of New York,NY,US,La Salle Street,10027
3C:71:BF:34:12:91,,40.67028046,-73.39889526,3C:71:BF,0,unknown,2025-03-29T12:00:00.000Z,2025-03-29T06:00:00.000Z,,NY,US,North Emerson Avenue,11726
3C:71:BF:34:13:01,,40.74816895,-73.98069,3C:71:BF,4,unknown,2024-07-10T07:00:00.000Z,2025-09-17T12:00:00.000Z,City of New York,NY,US,Park Avenue,10016
3C:71:BF:34:13:AB,,40.79724503,-73.93762207,3C:71:BF,3,unknown,2024-07-10T03:00:00.000Z,2025-09-17T21:00:00.000Z,City of New York,NY,US,2nd Avenue,10035
3C:71:BF:34:13:D1,,40.77653503,-73.95567322,3C:71:BF,6,unknown,2025-09-18T00:00:00.000Z,2025-09-17T21:00:00.000Z,City of New York,NY,US,3rd Avenue,10028
3C:71:BF:34:14:86,,40.84544373,-73.84703064,3C:71:BF,4,unknown,2024-10-29T23:00:00.000Z,2024-10-29T23:00:00.000Z,City of New York,NY,US,Eastchester Road,10469
3C:71:BF:34:15:B1,,40.71649933,-73.55531311,3C:71:BF,7,unknown,2024-11-10T21:00:00.000Z,2024-11-10T13:00:00.000Z,,NY,US,Devon Street,11554
3C:71:BF:34:16:A8,Trini ax11000 2.4ghz,40.80486679,-73.91989136,3C:71:BF,4,unknown,2024-10-01T16:00:00.000Z,2024-10-04T13:00:00.000Z,City of New York,NY,US,Major Deegan Expressway,10454-4606
3C:71:BF:34:19:17,,40.72291565,-73.99401093,3C:71:BF,4,unknown,2025-09-18T01:00:00.000Z,2025-09-17T21:00:00.000Z,City of New York,NY,US,Elizabeth Street,10012
3C:71:BF:34:19:41,,40.82473373,-73.82475281,3C:71:BF,4,unknown,2025-07-13T11:00:00.000Z,2025-07-13T15:00:00.000Z,City of New York,NY,US,Randall Avenue,10465
3C:71:BF:34:19:D7,,40.78974533,-73.94316864,3C:71:BF,9,unknown,2025-08-10T04:00:00.000Z,2025-09-17T21:00:00.000Z,City of New York,NY,US,2nd Avenue,10029
3C:71:BF:34:1B:4F,MyAltice e55720,40.83646774,-73.87578583,3C:71:BF,11,unknown,2024-10-02T17:00:00.000Z,2025-07-13T15:00:00.000Z,City of New York,NY,US,Cross Bronx Expressway,10460
3C:71:BF:34:1C:56,,40.77044678,-73.73561096,3C:71:BF,7,unknown,2025-08-16T02:00:00.000Z,2025-08-15T21:00:00.000Z,City of New York,NY,US,Northern Boulevard,11362
3C:71:BF:34:1C:99,,40.71727753,-73.98458862,3C:71:BF,7,unknown,2025-09-18T03:00:00.000Z,2025-09-17T21:00:00.000Z,City of New York,NY,US,Williamsburg Bridge,10002
3C:71:BF:34:1D:FC,,40.81317139,-73.95827484,3C:71:BF,13,unknown,2024-10-19T14:00:00.000Z,2024-10-19T09:00:00.000Z,City of New York,NY,US,La Salle Street,10027
3C:71:BF:34:1E:7D,,40.86050415,-73.83715057,3C:71:BF,2,unknown,2024-10-30T03:00:00.000Z,2024-10-30T00:00:00.000Z,City of New York,NY,US,Lodovick Avenue,10469
3C:71:BF:34:21:38,,40.63887787,-73.88353729,3C:71:BF,3,unknown,2025-09-30T02:00:00.000Z,2025-09-29T22:00:00.000Z,City of New York,NY,US,Flatlands 10th Street,11236
3C:71:BF:34:3C:57,(no SSID),40.74419022,-74.05909729,3C:71:BF,9,none,2024-08-08T23:00:00.000Z,2025-07-23T20:00:00.000Z,Jersey City,NJ,US,Carlton Avenue,07306
3C:71:BF:34:4F:14,,51.92400742,-3.17171693,3C:71:BF,6,unknown,2025-11-28T14:00:00.000Z,2026-05-07T04:00:00.000Z,,Cymru / Wales,GB,,LD3 0EP
3C:71:BF:34:5E:75,457D70,40.80529785,-73.92080688,3C:71:BF,9,unknown,2024-10-01T16:00:00.000Z,2024-10-04T13:00:00.000Z,City of New York,NY,US,Brook Avenue,10454
3C:71:BF:34:68:01,,40.87275314,-73.90618134,3C:71:BF,8,unknown,2025-10-12T15:00:00.000Z,2025-10-12T11:00:00.000Z,City of New York,NY,US,Major Deegan Expressway,10463
3C:71:BF:34:75:D6,,36.08102417,-115.02787018,3C:71:BF,0,unknown,2024-04-19T20:00:00.000Z,2026-04-18T14:00:00.000Z,,NV,US,Boulder Highway,89122-7432
3C:71:BF:34:79:64,,40.93265152,-73.76092529,3C:71:BF,3,unknown,2025-08-09T18:00:00.000Z,2025-08-09T17:00:00.000Z,City of New Rochelle,NY,US,New England Thruway,10538
3C:71:BF:34:81:28,,40.87089157,-73.90703583,3C:71:BF,5,unknown,2025-10-12T15:00:00.000Z,2025-10-12T11:00:00.000Z,City of New York,NY,US,Major Deegan Expressway,10463
3C:71:BF:34:C1:DE,,45.54909897,-73.91311646,3C:71:BF,0,unknown,2024-09-03T15:00:00.000Z,2024-09-04T13:00:00.000Z,,Québec,CA,Boulevard de Deux-Montagnes,J7R6B2
3C:71:BF:34:CF:03,,47.20341873,-122.22785187,3C:71:BF,11,wpa2,2026-07-30T03:00:00.000Z,2026-08-12T18:00:00.000Z,,WA,US,Main Street East,
3C:71:BF:34:D7:B1,,40.89072037,-73.04048157,3C:71:BF,9,unknown,2025-10-25T22:00:00.000Z,2025-10-25T16:00:00.000Z,,NY,US,David Drive,11784
3C:71:BF:34:D7:C5,,40.80467224,-73.91892242,3C:71:BF,7,unknown,2025-08-10T04:00:00.000Z,2025-08-09T23:00:00.000Z,City of New York,NY,US,Saint Ann's Avenue,10454
3C:71:BF:35:59:2B,,40.80402374,-73.91916656,3C:71:BF,9,none,2025-08-10T04:00:00.000Z,2026-08-13T21:00:00.000Z,City of New York,NY,US,East 134th Street,10454
3C:71:BF:35:5C:0A,,40.80229568,-73.93401337,3C:71:BF,2,unknown,2024-07-10T03:00:00.000Z,2025-09-17T21:00:00.000Z,City of New York,NY,US,2nd Avenue,10035
3C:71:BF:35:5C:1D,,40.79635239,-73.93830872,3C:71:BF,14,unknown,2025-09-18T00:00:00.000Z,2025-09-17T21:00:00.000Z,City of New York,NY,US,East 115th Street,10029
3C:71:BF:35:5C:C1,,40.78007507,-73.9529953,3C:71:BF,14,unknown,2025-09-18T00:00:00.000Z,2025-09-17T21:00:00.000Z,City of New York,NY,US,East 88th Street,10128
3C:71:BF:35:5C:CC,,40.81240463,-73.96058655,3C:71:BF,4,unknown,2024-10-19T14:00:00.000Z,2024-10-19T09:00:00.000Z,City of New York,NY,US,Broadway,10115
3C:71:BF:35:5F:E8,,40.8128891,-73.95652008,3C:71:BF,1,unknown,2024-10-19T14:00:00.000Z,2024-10-19T09:00:00.000Z,City of New York,NY,US,Amsterdam Avenue,10027-4840
3C:71:BF:35:60:2D,,40.79740906,-73.96956635,3C:71:BF,9,unknown,2024-10-19T13:00:00.000Z,2024-10-19T09:00:00.000Z,City of New York,NY,US,Broadway,10025
3C:71:BF:35:61:B9,(no SSID),40.73446655,-74.06742859,3C:71:BF,1,none,2024-06-22T14:00:00.000Z,2026-01-02T08:00:00.000Z,Jersey City,NJ,US,Tonnelle Avenue,07306
3C:71:BF:35:61:CF,,41.16719818,-73.19225311,3C:71:BF,7,unknown,2025-09-20T00:00:00.000Z,2025-09-19T19:00:00.000Z,Bridgeport,CT,US,Park Avenue,06604
3C:71:BF:35:62:65,,40.64893341,-73.89241028,3C:71:BF,1,unknown,2025-09-30T01:00:00.000Z,2025-09-29T22:00:00.000Z,City of New York,NY,US,Flatlands Avenue,11208
3C:71:BF:35:62:69,,40.69608688,-73.9739151,3C:71:BF,14,unknown,2024-02-27T06:00:00.000Z,2024-11-09T19:00:00.000Z,City of New York,NY,US,Brooklyn-Queens Expressway,11205
3C:71:BF:35:62:71,,40.80872345,-73.92797852,3C:71:BF,8,unknown,2025-08-10T04:00:00.000Z,2025-08-09T23:00:00.000Z,City of New York,NY,US,East 135th Street,10454
3C:71:BF:35:62:91,,40.81446075,-74.21110535,3C:71:BF,1,unknown,2025-06-14T14:00:00.000Z,2025-07-07T07:00:00.000Z,,NJ,US,Claremont Avenue,07042
3C:71:BF:35:63:34,,34.05472946,-118.21419525,3C:71:BF,13,none,2026-08-01T07:00:00.000Z,2026-08-01T21:00:00.000Z,Los Angeles,CA,US,Golden State Freeway,90033
3C:71:BF:35:67:08,,40.74677658,-73.98125458,3C:71:BF,8,unknown,2024-07-10T07:00:00.000Z,2024-10-19T05:00:00.000Z,City of New York,NY,US,Park Avenue,10016
3C:71:BF:35:69:4E,Juarez,40.69633102,-73.97988129,3C:71:BF,3,unknown,2022-12-05T20:00:00.000Z,2024-10-13T01:00:00.000Z,City of New York,NY,US,Brooklyn-Queens Expressway,11251
3C:71:BF:35:6D:A9,,40.85150528,-73.866745,3C:71:BF,13,unknown,2024-10-30T02:00:00.000Z,2024-10-30T00:00:00.000Z,City of New York,NY,US,Cruger Avenue,10462
3C:71:BF:35:9D:7C,,43.38171768,-72.64225769,3C:71:BF,8,unknown,2025-06-14T18:00:00.000Z,2025-06-14T15:00:00.000Z,,VT,US,Main Street,05142
3C:71:BF:35:A6:A5,,40.65023041,-73.9263382,3C:71:BF,7,unknown,2025-09-30T07:00:00.000Z,2025-09-30T02:00:00.000Z,City of New York,NY,US,East 54th Street,11203
3C:71:BF:35:AB:B8,<hidden>,43.23436356,-77.65311432,3C:71:BF,12,none,2026-07-19T14:00:00.000Z,2026-07-19T09:00:00.000Z,City of Rochester,NY,US,Bancroft Drive,14616
3C:71:BF:37:74:5C,,51.56579971,-0.248831,3C:71:BF,1,unknown,2026-05-23T12:00:00.000Z,2026-05-27T01:00:00.000Z,London Borough of Brent,England,GB,North Circular Road,NW2 7LW
3C:71:BF:37:C4:D6,,40.6602211,-73.58519745,3C:71:BF,3,unknown,2025-07-26T13:00:00.000Z,2025-07-27T18:00:00.000Z,,NY,US,North Main Street,11520
3C:71:BF:37:C4:D8,,40.66445541,-73.64886475,3C:71:BF,5,unknown,2025-07-26T18:00:00.000Z,2025-07-26T13:00:00.000Z,,NY,US,North Village Avenue,11570
3C:71:BF:37:C4:DA,,40.91661072,-74.12360382,3C:71:BF,2,none,2026-08-11T09:00:00.000Z,2026-08-11T08:00:00.000Z,,NJ,US,Mola Boulevard,07407
3C:71:BF:37:CC:D9,,40.80891418,-73.93002319,3C:71:BF,7,unknown,2024-10-19T15:00:00.000Z,2025-08-09T23:00:00.000Z,City of New York,NY,US,Third Avenue Bridge,10037:10454
3C:71:BF:37:CE:6B,,27.81128502,-82.65913391,3C:71:BF,8,unknown,2025-10-09T21:00:00.000Z,2025-10-10T13:00:00.000Z,Saint Petersburg,FL,US,19th Street North,33714
3C:71:BF:37:CF:C7,,41.5978241,-81.42412567,3C:71:BF,9,unknown,2024-07-21T19:00:00.000Z,2024-10-22T16:00:00.000Z,,OH,US,Eddy Road,44094
3C:71:BF:37:E2:A4,,45.53136063,-73.69432068,3C:71:BF,0,unknown,2025-04-23T19:00:00.000Z,2025-04-25T17:00:00.000Z,Montréal,Québec,CA,Avenue Élie Blanchard,H4J 1R7
3C:71:BF:37:E9:A1,,40.73403168,-73.98651123,3C:71:BF,12,unknown,2025-08-10T05:00:00.000Z,2025-08-09T23:00:00.000Z,City of New York,NY,US,3rd Avenue,10035
3C:71:BF:37:E9:EE,,40.86838531,-73.85569,3C:71:BF,6,unknown,2024-10-30T04:00:00.000Z,2024-10-30T00:00:00.000Z,City of New York,NY,US,Laconia Avenue,10469
3C:71:BF:37:EF:12,,51.54706955,-0.26671383,3C:71:BF,4,unknown,2026-05-08T23:00:00.000Z,2026-05-27T01:00:00.000Z,London,England,GB,North Circular Road,NW10 8LD
3C:71:BF:37:F0:DA,,40.69974899,-73.98461151,3C:71:BF,2,unknown,2024-11-10T02:00:00.000Z,2024-11-09T19:00:00.000Z,City of New York,NY,US,Brooklyn-Queens Expressway,11201-1832
3C:71:BF:37:F0:EE,,40.76361084,-73.79219818,3C:71:BF,5,unknown,2025-08-17T02:00:00.000Z,2025-08-16T20:00:00.000Z,City of New York,NY,US,190th Street,11358
3C:71:BF:37:F1:74,,40.64680481,-73.89517975,3C:71:BF,2,unknown,2025-09-30T01:00:00.000Z,2025-09-29T22:00:00.000Z,City of New York,NY,US,East 104th Street,11236
3C:71:BF:37:F2:BC,,40.81339645,-73.95871735,3C:71:BF,3,unknown,2024-10-19T14:00:00.000Z,2024-10-19T09:00:00.000Z,City of New York,NY,US,La Salle Street,10027
3C:71:BF:37:F2:C1,,40.70798111,-73.28700256,3C:71:BF,3,unknown,2024-10-08T02:00:00.000Z,2024-10-07T21:00:00.000Z,,NY,US,Gladstone Avenue,11795
3C:71:BF:37:F3:93,,40.82598114,-73.14781952,3C:71:BF,2,unknown,2025-08-08T10:00:00.000Z,2025-08-08T04:00:00.000Z,,NY,US,Old Nichols Road,11749
3C:71:BF:37:F4:12,,40.73398209,-73.9865799,3C:71:BF,4,unknown,2025-08-10T05:00:00.000Z,2025-09-17T21:00:00.000Z,City of New York,NY,US,East 15th Street,10003
3C:71:BF:37:F4:3F,,40.91733551,-74.12580109,3C:71:BF,8,none,2026-08-11T09:00:00.000Z,2026-08-11T08:00:00.000Z,,NJ,US,Elmwood Terrace,07407
3C:71:BF:37:F4:7F,,40.82012939,-73.2271347,3C:71:BF,5,unknown,2025-02-22T19:00:00.000Z,2025-02-22T12:00:00.000Z,,NY,US,Northfield Road,11788
3C:71:BF:37:F4:8E,,40.66280365,-73.88518524,3C:71:BF,2,unknown,2025-09-30T08:00:00.000Z,2025-09-30T02:00:00.000Z,City of New York,NY,US,Schenck Avenue,11207
3C:71:BF:37:F6:0A,,40.74066925,-73.811203,3C:71:BF,6,unknown,2024-10-19T11:00:00.000Z,2024-10-19T05:00:00.000Z,City of New York,NY,US,157th Street,11355
3C:71:BF:37:F9:D9,,50.94124603,-0.99515373,3C:71:BF,3,unknown,2024-06-08T22:00:00.000Z,2024-08-28T10:00:00.000Z,East Hampshire,England,GB,Endal Way,PO8 0LX
3C:71:BF:37:FC:CE,,52.13110733,-1.00357544,3C:71:BF,6,unknown,2026-05-23T06:00:00.000Z,2026-05-27T01:00:00.000Z,,England,GB,A43,NN12 6TQ
3C:71:BF:38:34:FF,,40.65673447,-73.92896271,3C:71:BF,2,unknown,2025-09-30T07:00:00.000Z,2025-09-30T02:00:00.000Z,City of New York,NY,US,East 52nd Street,11203
3C:71:BF:38:38:58,,40.80425644,-73.91795349,3C:71:BF,7,unknown,2025-08-10T04:00:00.000Z,2025-08-09T23:00:00.000Z,City of New York,NY,US,Major Deegan Expressway,10454-4606
3C:71:BF:38:38:95,,40.88879013,-73.0428772,3C:71:BF,5,unknown,2025-08-06T15:00:00.000Z,2025-08-06T09:00:00.000Z,,NY,US,Dare Road,11784
3C:71:BF:38:39:18,,40.63370132,-73.90244293,3C:71:BF,8,unknown,2025-09-30T03:00:00.000Z,2025-09-29T22:00:00.000Z,City of New York,NY,US,East 87th Street,11236
3C:71:BF:38:40:C3,,40.70775604,-73.56773376,3C:71:BF,0,unknown,2024-11-10T20:00:00.000Z,2024-11-10T13:00:00.000Z,,NY,US,Glenwood Lane,11554
3C:71:BF:38:50:41,,45.58249283,-73.67572784,3C:71:BF,0,unknown,2023-08-10T06:00:00.000Z,2025-06-14T11:00:00.000Z,Laval (13),Québec,CA,Boulevard de la Concorde Est,H7G 2E7
3C:71:BF:38:63:41,,45.43467331,-73.61605072,3C:71:BF,0,unknown,2025-05-05T19:00:00.000Z,2025-07-11T18:00:00.000Z,Montréal,Québec,CA,Rue Thierry,H8N 1H6
3C:71:BF:38:C6:6C,ESP_38C66B,22.80601311,113.69760132,3C:71:BF,1,unknown,2025-04-24T01:00:00.000Z,2025-04-29T13:00:00.000Z,东莞市,广东省,CN,金宁路,523061
3C:71:BF:38:D5:1E,ESP_38D51D,31.30644608,120.55067444,3C:71:BF,1,unknown,2023-06-17T14:00:00.000Z,2026-07-24T20:00:00.000Z,虎丘区,江苏省,CN,塔园路,215129
3C:71:BF:39:4E:5B,,40.82256699,-73.02603912,3C:71:BF,8,unknown,2024-06-01T18:00:00.000Z,2025-08-12T13:00:00.000Z,,NY,US,Express Drive South,11742
3C:71:BF:39:4E:AA,,40.64960861,-73.92438507,3C:71:BF,8,unknown,2025-09-30T07:00:00.000Z,2025-09-30T02:00:00.000Z,City of New York,NY,US,East 56th Street,11203
3C:71:BF:39:4E:AB,esign_studio,40.69615555,-73.97570038,3C:71:BF,14,unknown,2022-12-05T20:00:00.000Z,2024-11-09T19:00:00.000Z,City of New York,NY,US,Brooklyn-Queens Expressway,11205
3C:71:BF:39:4E:B3,,40.88839722,-73.84669495,3C:71:BF,7,unknown,2024-10-30T05:00:00.000Z,2024-10-30T00:00:00.000Z,City of New York,NY,US,East 231st Street,10466
3C:71:BF:39:4E:CD,,40.80363464,-73.91610718,3C:71:BF,8,unknown,2025-08-10T04:00:00.000Z,2025-08-09T23:00:00.000Z,City of New York,NY,US,East 135th Street,10454
3C:71:BF:39:4E:EA,,40.69980621,-73.98451233,3C:71:BF,8,unknown,2024-02-27T07:00:00.000Z,2024-10-13T01:00:00.000Z,City of New York,NY,US,Brooklyn-Queens Expressway,11201-1832
3C:71:BF:39:4E:F9,NETGEAR92,34.10419846,-118.31994629,3C:71:BF,6,wpa2,2023-06-21T20:00:00.000Z,2026-08-04T17:00:00.000Z,Los Angeles,CA,US,Hollywood Freeway,90028-5420
3C:71:BF:39:4F:AB,,40.77450562,-73.98756409,3C:71:BF,8,unknown,2024-10-19T12:00:00.000Z,2024-10-19T05:00:00.000Z,City of New York,NY,US,West 64th Street,10023
3C:71:BF:39:50:46,Fios-ZITES-5G,40.83676147,-73.87805939,3C:71:BF,13,unknown,2024-10-11T09:00:00.000Z,2025-07-13T05:00:00.000Z,City of New York,NY,US,Cross Bronx Expressway,10460
3C:71:BF:39:50:66,TINTAGEL,40.74682999,-73.97885895,3C:71:BF,14,unknown,2024-07-10T07:00:00.000Z,2024-10-19T05:00:00.000Z,City of New York,NY,US,East 35th Street,10016
3C:71:BF:39:50:9F,,40.77170181,-73.98697662,3C:71:BF,13,unknown,2024-10-19T12:00:00.000Z,2024-10-19T05:00:00.000Z,City of New York,NY,US,West 61st Street,10023
3C:71:BF:39:51:46,,40.88451004,-73.84999084,3C:71:BF,5,unknown,2024-10-30T05:00:00.000Z,2024-10-30T00:00:00.000Z,City of New York,NY,US,East 225th Street,10466
3C:71:BF:39:51:C8,,40.65583801,-73.70948029,3C:71:BF,7,unknown,2025-10-26T12:00:00.000Z,2025-10-26T07:00:00.000Z,,NY,US,Mill Road,11581
3C:71:BF:39:51:F7,,34.06996155,-118.29417419,3C:71:BF,6,wpa2,2026-07-25T00:00:00.000Z,2026-07-25T21:00:00.000Z,Los Angeles,CA,US,South Berendo Street,90004
3C:71:BF:39:54:E0,,40.80411148,-73.91755676,3C:71:BF,4,unknown,2025-08-10T04:00:00.000Z,2025-08-09T23:00:00.000Z,City of New York,NY,US,East 135th Street,10454
3C:71:BF:39:55:8A,,40.72572708,-73.90009308,3C:71:BF,5,unknown,2024-11-10T02:00:00.000Z,2025-08-09T23:00:00.000Z,City of New York,NY,US,Long Island Expressway,11378
3C:71:BF:39:56:0C,,40.7743721,-73.98726654,3C:71:BF,8,unknown,2024-10-19T12:00:00.000Z,2024-10-19T05:00:00.000Z,City of New York,NY,US,West 64th Street,10023
3C:71:BF:39:56:B3,,40.85537338,-73.86660767,3C:71:BF,8,unknown,2024-10-30T02:00:00.000Z,2024-10-30T00:00:00.000Z,City of New York,NY,US,Cruger Avenue,10462
3C:71:BF:39:61:5B,,42.32992554,-71.08222961,3C:71:BF,9,wpa2,2026-06-04T01:00:00.000Z,2026-06-03T19:00:00.000Z,Boston,MA,US,Harrison Avenue,02119
3C:71:BF:39:77:47,,40.79465866,-73.82462311,3C:71:BF,6,unknown,2025-08-17T02:00:00.000Z,2025-08-16T20:00:00.000Z,City of New York,NY,US,Whitestone Expressway,11357
3C:71:BF:39:78:CC,,40.65577698,-73.73352051,3C:71:BF,13,unknown,2025-10-26T13:00:00.000Z,2025-10-26T07:00:00.000Z,City of New York,NY,US,147th Drive,11422
3C:71:BF:39:7A:EE,,40.6302948,-73.89741516,3C:71:BF,2,unknown,2025-09-30T03:00:00.000Z,2025-09-29T22:00:00.000Z,City of New York,NY,US,East 88th Street,11236
3C:71:BF:39:7B:C5,,40.86465836,-73.85483551,3C:71:BF,12,unknown,2024-10-30T04:00:00.000Z,2024-10-30T00:00:00.000Z,City of New York,NY,US,Yates Avenue,10469
3C:71:BF:39:7D:0F,,40.65037155,-73.91726685,3C:71:BF,5,unknown,2025-09-30T08:00:00.000Z,2025-09-30T02:00:00.000Z,City of New York,NY,US,Remsen Avenue,11236
3C:71:BF:39:7D:18,,40.89207458,-73.03546143,3C:71:BF,1,unknown,2025-10-25T22:00:00.000Z,2025-10-25T16:00:00.000Z,,NY,US,Cedar Avenue,11727
3C:71:BF:39:7D:74,,40.73390198,-73.98660278,3C:71:BF,4,unknown,2025-08-10T05:00:00.000Z,2025-08-09T23:00:00.000Z,City of New York,NY,US,East 15th Street,10003
3C:71:BF:39:7D:A7,,40.81264114,-74.19496155,3C:71:BF,8,unknown,2025-06-05T18:00:00.000Z,2025-07-07T07:00:00.000Z,,NJ,US,Bay Avenue,07028
3C:71:BF:39:7D:DF,,40.76577759,-73.96351624,3C:71:BF,7,unknown,2025-09-18T00:00:00.000Z,2025-09-17T21:00:00.000Z,City of New York,NY,US,3rd Avenue,10065
3C:71:BF:39:7E:01,,40.78966522,-73.94315338,3C:71:BF,14,unknown,2024-07-10T03:00:00.000Z,2025-09-17T21:00:00.000Z,City of New York,NY,US,2nd Avenue,10029
3C:71:BF:39:DC:70,,40.69612122,-73.97394562,3C:71:BF,8,unknown,2024-02-27T06:00:00.000Z,2024-10-13T01:00:00.000Z,City of New York,NY,US,Brooklyn-Queens Expressway,11205
3C:71:BF:39:DC:E7,,40.8290596,-73.92126465,3C:71:BF,5,none,2026-08-13T21:00:00.000Z,2026-08-13T21:00:00.000Z,City of New York,NY,US,Grand Concourse,10452
3C:71:BF:39:DD:69,,40.81292725,-73.95649719,3C:71:BF,9,unknown,2024-10-19T14:00:00.000Z,2024-10-19T09:00:00.000Z,City of New York,NY,US,Amsterdam Avenue,10027-4840
3C:71:BF:39:DE:07,,40.69615936,-73.97660065,3C:71:BF,8,unknown,2024-10-13T07:00:00.000Z,2024-11-09T19:00:00.000Z,City of New York,NY,US,Brooklyn-Queens Expressway,11205
3C:71:BF:39:DE:33,,40.747612,-73.71083069,3C:71:BF,4,unknown,2025-10-12T18:00:00.000Z,2025-10-12T11:00:00.000Z,City of New York,NY,US,Union Turnpike,11004
3C:71:BF:39:DE:4E,,40.63688278,-73.9250412,3C:71:BF,3,unknown,2025-09-30T08:00:00.000Z,2025-09-30T02:00:00.000Z,City of New York,NY,US,Foster Avenue,11234
3C:71:BF:39:DE:57,,40.84488678,-73.8258667,3C:71:BF,11,unknown,2024-10-30T06:00:00.000Z,2024-10-30T00:00:00.000Z,City of New York,NY,US,Bruckner Expressway,10465
3C:71:BF:39:DE:6F,,40.81077957,-74.18946075,3C:71:BF,8,unknown,2025-06-06T13:00:00.000Z,2025-07-07T07:00:00.000Z,,NJ,US,Bay Avenue,07003
3C:71:BF:39:DE:87,,40.67673492,-73.62067413,3C:71:BF,4,unknown,2025-07-26T17:00:00.000Z,2025-07-26T13:00:00.000Z,,NY,US,Surrey Lane,11510
3C:71:BF:39:DE:AF,,40.877285,-73.84760284,3C:71:BF,3,unknown,2024-10-30T05:00:00.000Z,2024-10-30T00:00:00.000Z,City of New York,NY,US,Corsa Avenue,10469
3C:71:BF:39:DF:1F,,40.63381958,-73.91329193,3C:71:BF,8,unknown,2025-09-30T04:00:00.000Z,2025-09-29T22:00:00.000Z,City of New York,NY,US,East 79th Street,11236
3C:71:BF:39:DF:AD,,40.80554199,-73.96018219,3C:71:BF,5,unknown,2024-10-19T14:00:00.000Z,2024-10-19T09:00:00.000Z,City of New York,NY,US,West 115th Street,10025
3C:71:BF:39:E0:01,,40.65440369,-73.92774963,3C:71:BF,6,unknown,2025-09-30T07:00:00.000Z,2025-09-30T02:00:00.000Z,City of New York,NY,US,East 53rd Street,11203
3C:71:BF:39:E0:17,,40.81270218,-73.95708466,3C:71:BF,4,unknown,2024-10-19T14:00:00.000Z,2024-10-19T09:00:00.000Z,City of New York,NY,US,La Salle Street,10027
3C:71:BF:39:E0:2F,,39.1619606,-84.41262054,3C:71:BF,3,unknown,2026-05-20T01:00:00.000Z,2026-05-26T17:00:00.000Z,Cincinnati,OH,US,Madison Road,45227
3C:71:BF:39:E0:F4,,40.71632004,-73.8026123,3C:71:BF,2,unknown,2024-02-27T10:00:00.000Z,2025-09-29T22:00:00.000Z,City of New York,NY,US,Grand Central Parkway,11432
3C:71:BF:39:E1:13,,40.63427734,-73.91889191,3C:71:BF,7,unknown,2025-09-30T06:00:00.000Z,2025-09-30T02:00:00.000Z,City of New York,NY,US,Ralph Avenue,11234
3C:71:BF:39:E1:8A,,43.51153946,-70.37789154,3C:71:BF,0,unknown,2024-12-05T04:00:00.000Z,2025-02-10T09:00:00.000Z,,ME,US,West Grand Avenue,04064
3C:71:BF:39:E2:0A,,40.68936539,-73.58688354,3C:71:BF,7,unknown,2025-07-26T15:00:00.000Z,2025-07-26T13:00:00.000Z,,NY,US,East Greenwich Avenue,11575
3C:71:BF:39:E2:1A,,40.76728821,-73.95953369,3C:71:BF,4,unknown,2024-07-10T03:00:00.000Z,2025-09-17T21:00:00.000Z,City of New York,NY,US,2nd Avenue,10035
3C:71:BF:39:E2:26,,40.66501999,-73.63272095,3C:71:BF,3,unknown,2025-07-26T19:00:00.000Z,2025-07-27T09:00:00.000Z,,NY,US,Brower Avenue,11570
3C:71:BF:39:E2:34,,40.67226791,-73.62493896,3C:71:BF,8,unknown,2025-07-26T17:00:00.000Z,2025-07-26T13:00:00.000Z,,NY,US,Park Lane,11570
3C:71:BF:39:E3:19,,40.65966797,-73.57913971,3C:71:BF,8,unknown,2025-07-27T22:00:00.000Z,2025-07-27T18:00:00.000Z,,NY,US,Rosedale Avenue,11520
3C:71:BF:39:E3:6E,,40.78262711,-74.14007568,3C:71:BF,1,unknown,2025-05-29T14:00:00.000Z,2026-01-02T08:00:00.000Z,,NJ,US,Belleville Turnpike,07031
3C:71:BF:39:E3:EF,lavalamp221,40.80345535,-73.91630554,3C:71:BF,8,unknown,2021-11-04T13:00:00.000Z,2025-08-09T23:00:00.000Z,City of New York,NY,US,Bruckner Expressway,10454
3C:71:BF:39:E5:31,,40.82526016,-73.8267746,3C:71:BF,3,unknown,2025-01-12T22:00:00.000Z,2025-01-12T15:00:00.000Z,City of New York,NY,US,Cross Bronx Expressway,10465
3C:71:BF:39:E5:4C,,40.63342667,-73.89702606,3C:71:BF,3,unknown,2025-09-30T03:00:00.000Z,2025-09-29T22:00:00.000Z,City of New York,NY,US,East 91st Street,11236
3C:71:BF:39:E5:CE,,40.63685226,-73.91728973,3C:71:BF,2,unknown,2025-09-30T06:00:00.000Z,2025-09-30T02:00:00.000Z,City of New York,NY,US,East 78th Street,11236
3C:71:BF:39:E6:F6,,40.65326309,-73.73907471,3C:71:BF,8,unknown,2025-10-26T13:00:00.000Z,2025-10-26T07:00:00.000Z,City of New York,NY,US,Huxley Street,11422
3C:71:BF:39:E8:50,,40.7859993,-73.97826385,3C:71:BF,10,unknown,2024-10-19T13:00:00.000Z,2024-10-19T09:00:00.000Z,City of New York,NY,US,Broadway,10024
3C:71:BF:39:E8:E6,,40.69608307,-73.97436523,3C:71:BF,0,unknown,2024-02-27T06:00:00.000Z,2024-11-09T19:00:00.000Z,City of New York,NY,US,Cumberland Street,11205
3C:71:BF:39:E9:9B,,40.81267548,-73.90242767,3C:71:BF,36,none,2026-08-13T21:00:00.000Z,2026-08-13T21:00:00.000Z,City of New York,NY,US,Southern Boulevard,10455
3C:71:BF:39:EA:D5,,40.69804001,-73.9827652,3C:71:BF,3,unknown,2024-11-10T02:00:00.000Z,2024-11-09T19:00:00.000Z,City of New York,NY,US,Brooklyn-Queens Expressway,11251
3C:71:BF:39:EA:F7,,40.79166031,-73.94164276,3C:71:BF,3,unknown,2024-07-10T03:00:00.000Z,2025-09-17T21:00:00.000Z,City of New York,NY,US,2nd Avenue,10029
3C:71:BF:39:EB:4F,fbi,40.73295212,-73.81455994,3C:71:BF,10,unknown,2024-10-01T22:00:00.000Z,2024-10-04T13:00:00.000Z,City of New York,NY,US,Kissena Boulevard,11367
3C:71:BF:39:EC:2B,,40.85696793,-73.85587311,3C:71:BF,12,unknown,2024-10-30T00:00:00.000Z,2024-10-29T23:00:00.000Z,City of New York,NY,US,Pelham Parkway South,10461
3C:71:BF:39:EE:38,,40.75842285,-73.96665955,3C:71:BF,7,unknown,2024-07-10T04:00:00.000Z,2025-08-09T23:00:00.000Z,City of New York,NY,US,East 55th Street,10022
3C:71:BF:39:EE:BF,,40.87398911,-74.0893631,3C:71:BF,10,none,2026-08-10T20:00:00.000Z,2026-08-10T19:00:00.000Z,,NJ,US,Passaic Avenue,07644
3C:71:BF:39:EF:0F,Fios-TFJI7,40.72576141,-74.01062012,3C:71:BF,9,unknown,2024-10-03T13:00:00.000Z,2024-10-04T13:00:00.000Z,City of New York,NY,US,Canal Street,10013
3C:71:BF:39:EF:C9,,40.64748764,-73.57590485,3C:71:BF,6,unknown,2025-07-27T17:00:00.000Z,2025-07-27T14:00:00.000Z,,NY,US,South Main Street,11520
3C:71:BF:3B:3C:81,,27.8803463,-82.79521942,3C:71:BF,8,unknown,2025-05-12T22:00:00.000Z,2025-05-12T19:00:00.000Z,Largo,FL,US,113th Street,33778
3C:71:BF:3B:9F:1D,,27.86499977,-82.64431,3C:71:BF,9,unknown,2025-04-07T20:00:00.000Z,2025-04-07T19:00:00.000Z,Saint Petersburg,FL,US,Ibis Walk Place North,33716
3C:71:BF:3B:D5:0C,,29.57414436,-95.38393402,3C:71:BF,11,none,2026-08-12T20:00:00.000Z,2026-08-12T18:00:00.000Z,,TX,US,CR 94,74404
3C:71:BF:3C:04:B9,,33.72748184,-117.91909027,3C:71:BF,10,wpa2,2026-08-12T23:00:00.000Z,2026-08-13T10:00:00.000Z,Santa Ana,CA,US,West Edinger Avenue,92704
3C:71:BF:3C:FA:DA,,41.48942184,-81.78742981,3C:71:BF,11,unknown,2025-07-26T14:00:00.000Z,2025-07-26T09:00:00.000Z,,OH,US,Giel Avenue,44107
3C:71:BF:3D:68:2D,,38.67650223,-89.99616241,3C:71:BF,1,wpa2,2026-08-10T19:00:00.000Z,2026-08-11T14:00:00.000Z,,IL,US,Summit Avenue,62234
3C:71:BF:3D:92:44,,41.52922821,-81.37268829,3C:71:BF,1,unknown,2025-07-28T15:00:00.000Z,2025-07-28T10:00:00.000Z,,OH,US,Bentbrook Drive,44026
3C:71:BF:3D:FA:C7,,40.7820015,-73.94883728,3C:71:BF,3,unknown,2025-09-18T00:00:00.000Z,2025-09-17T21:00:00.000Z,City of New York,NY,US,East 93rd Street,10128
3C:71:BF:3E:0B:26,,47.23075104,-122.47107697,3C:71:BF,11,wpa2,2026-07-24T19:00:00.000Z,2026-07-25T09:00:00.000Z,Tacoma,WA,US,Fife Street,98409-7355
3C:71:BF:3E:11:D7,,47.23469162,-122.42731476,3C:71:BF,11,wpa2,2026-08-04T00:00:00.000Z,2026-08-04T21:00:00.000Z,Tacoma,WA,US,I 5,98404-4923
3C:71:BF:3E:3A:7F,,45.51807022,-73.58180237,3C:71:BF,0,unknown,2025-01-10T07:00:00.000Z,2025-01-10T12:00:00.000Z,Montréal,Québec,CA,Boulevard Saint-Laurent,H2T1R6
3C:71:BF:3E:73:FA,,28.58242226,-81.20301819,3C:71:BF,1,unknown,2026-06-19T20:00:00.000Z,2026-06-19T14:00:00.000Z,,FL,US,Einstein Way,32826
3C:71:BF:3E:A6:13,,39.12438202,-84.33463287,3C:71:BF,6,wpa2,2026-06-20T20:00:00.000Z,2026-06-20T13:00:00.000Z,,OH,US,Batavia Road,45244
3C:71:BF:3E:A6:36,,47.19169617,-122.37492371,3C:71:BF,2,wpa2,2026-07-25T16:00:00.000Z,2026-07-25T09:00:00.000Z,,WA,US,72nd Street East,98443
3C:71:BF:3F:54:2A,,39.97907257,-85.9874649,3C:71:BF,5,unknown,2024-09-17T02:00:00.000Z,2025-07-16T17:00:00.000Z,,IN,US,East 131st Street,46038
3C:71:BF:3F:B8:48,,39.391922,-76.55767822,3C:71:BF,3,unknown,2026-08-12T00:00:00.000Z,2026-08-11T19:00:00.000Z,,MD,US,Oakleigh Road,21234
3C:71:BF:3F:CF:1E,,35.92177582,-78.78688812,3C:71:BF,7,wpa2,2026-06-08T14:00:00.000Z,2026-07-14T13:00:00.000Z,Durham,NC,US,ACC Blvd,27617
3C:71:BF:40:69:15,,21.49197578,-158.06028748,3C:71:BF,1,wpa2,2025-09-10T01:00:00.000Z,2025-09-11T18:00:00.000Z,Mililani,HI,US,Trimble Road,96957
3C:71:BF:40:9F:E9,,21.4745121,-158.02561951,3C:71:BF,1,wpa2,2025-06-12T03:00:00.000Z,2025-11-08T18:00:00.000Z,Mililani,HI,US,Kamehameha Highway,96789
3C:71:BF:40:DE:D9,Mysa-40ded8,44.37208557,-121.64487457,3C:71:BF,1,unknown,2026-03-23T20:00:00.000Z,2026-03-23T21:00:00.000Z,,OR,US,Bishops Cap,
3C:71:BF:40:E0:C9,Mysa-40e0c8,47.61670685,-122.31156921,3C:71:BF,1,unknown,2024-09-26T08:00:00.000Z,2024-09-27T16:00:00.000Z,Seattle,WA,US,16th Avenue,98122
3C:71:BF:40:F4:15,Mysa-40f414,47.49801636,-122.1995697,3C:71:BF,1,unknown,2026-01-09T07:00:00.000Z,2026-01-09T00:00:00.000Z,,WA,US,Garden Avenue North,18663-1629:18670-0775:18670-0777
3C:71:BF:41:04:01,Mysa-410400,47.50035858,-122.20152283,3C:71:BF,6,none,2026-01-14T14:00:00.000Z,2026-06-08T12:00:00.000Z,,WA,US,North Southport Drive,18663-1629:18670-0775:18670-0777
3C:71:BF:41:08:0D,SVEUHF98,37.79920959,-122.26223755,3C:71:BF,1,wpa2,2026-03-22T17:00:00.000Z,2026-03-22T17:00:00.000Z,Oakland,CA,US,12th Street,94606-3636
3C:71:BF:41:CE:B1,RmaxDEMO,41.59992218,-70.94103241,3C:71:BF,1,wpa2,2026-08-04T14:00:00.000Z,2026-08-04T09:00:00.000Z,,MA,US,Dartmouth Street,02744
3C:71:BF:41:CF:75,RmaxDEMO,49.10504913,-117.68634033,3C:71:BF,1,wpa2,2025-09-02T08:00:00.000Z,2025-09-02T01:00:00.000Z,Trail,British Columbia,CA,McBride Street,V1R 2V1
3C:71:BF:41:D1:85,RmaxDEMO,45.48103333,-73.60371399,3C:71:BF,1,wpa2,2020-05-12T14:00:00.000Z,2025-10-01T15:00:00.000Z,,Québec,CA,Avenue Roslyn,H3Z 1G5
3C:71:BF:41:D2:01,RmaxDEMO,38.98538589,-77.53819275,3C:71:BF,1,wpa2,2022-11-20T15:00:00.000Z,2025-01-30T16:00:00.000Z,,VA,US,Northstar Boulevard,20148
3C:71:BF:41:D2:DD,RmaxDEMO,41.73284149,-71.21365356,3C:71:BF,1,wpa2,2021-07-19T07:00:00.000Z,2025-08-27T12:00:00.000Z,,MA,US,Wilbur Avenue,02777
3C:71:BF:41:DF:D1,OeasyACS9996028,24.27995682,116.10702515,3C:71:BF,6,unknown,2022-09-10T20:00:00.000Z,2025-02-04T09:00:00.000Z,梅江区,广东省,CN,正兴路,514021
3C:71:BF:41:DF:ED,OeasyACS11467012,24.29726982,116.09156036,3C:71:BF,6,unknown,2024-12-17T14:00:00.000Z,2024-12-18T18:00:00.000Z,梅州市,广东省,CN,广梅北路,514021
3C:71:BF:41:E7:15,OeasyACS9645053,22.68772507,113.77182007,3C:71:BF,6,unknown,2024-08-29T04:00:00.000Z,2025-06-12T17:00:00.000Z,宝安区,广东省,CN,展云路,518100
3C:71:BF:42:1C:75,Tactus-LDR-Lamp,43.24361801,-70.81015778,3C:71:BF,1,unknown,2019-03-17T03:00:00.000Z,2026-05-29T11:00:00.000Z,,ME,US,Blackmore Road,03901
3C:71:BF:42:1D:11,Tactus-LDR-Lamp,39.74236298,-75.69174194,3C:71:BF,1,none,2024-11-22T14:00:00.000Z,2024-12-22T17:00:00.000Z,,DE,US,Stoney Batter Road,19808
3C:71:BF:42:78:ED,Mysa-4278ec,37.79203796,-122.40110779,3C:71:BF,1,unknown,2025-08-26T21:00:00.000Z,2025-08-27T14:00:00.000Z,San Francisco,CA,US,Pine Street,90104
3C:71:BF:42:A4:21,,45.3366127,-75.34146118,3C:71:BF,11,wpa2,2026-04-15T15:00:00.000Z,2026-07-29T15:00:00.000Z,,Ontario,CA,Highway 417,K0A 3H0
3C:71:BF:42:A4:29,,45.60218811,-73.75021362,3C:71:BF,5,wpa2,2025-12-02T21:00:00.000Z,2026-03-27T01:00:00.000Z,Laval (13),Québec,CA,Boulevard Dagenais Ouest,H7L 4R9
3C:71:BF:42:A4:2D,,46.97857666,-72.90181732,3C:71:BF,3,wpa2,2025-10-24T21:00:00.000Z,2025-10-24T14:00:00.000Z,Trois-Rives,Québec,CA,Route 155,G0X 2C0
3C:71:BF:42:A5:75,,45.59444046,-73.19916534,3C:71:BF,0,wpa2,2023-03-23T12:00:00.000Z,2025-10-03T17:00:00.000Z,,Québec,CA,Autoroute Jean-Lesage,J3G0S5
3C:71:BF:42:A5:79,,45.52326584,-73.80340576,3C:71:BF,11,wpa2,2024-09-17T15:00:00.000Z,2024-09-17T10:00:00.000Z,Laval (13),Québec,CA,Rue Huberdeau,H7X 1J4
3C:71:BF:42:A5:89,,46.13796234,-72.18379211,3C:71:BF,1,wpa2,2025-12-18T16:00:00.000Z,2025-12-18T10:00:00.000Z,,Québec,CA,Rue des Ormes,G0Z 1G0
3C:71:BF:42:A9:79,,36.13491821,-115.98046875,3C:71:BF,1,wpa2,2026-01-25T23:00:00.000Z,2026-01-25T15:00:00.000Z,,NV,US,South Corrine Street,
3C:71:BF:42:AA:91,,36.09247589,-115.23667908,3C:71:BF,1,wpa2,2025-04-03T20:00:00.000Z,2025-04-03T13:00:00.000Z,,NV,US,West Hacienda Avenue,89147-4738
3C:71:BF:42:B4:35,,33.88969803,-118.30924225,3C:71:BF,1,wpa2,2019-08-29T17:00:00.000Z,2025-03-09T00:00:00.000Z,,CA,US,South Western Avenue,90247-3225
3C:71:BF:42:BC:91,Sentry_BC91,27.93932915,-82.55549622,3C:71:BF,8,unknown,2025-08-04T19:00:00.000Z,2025-08-11T16:00:00.000Z,,FL,US,I 275,33609
3C:71:BF:42:BD:A9,Sentry_BDA9,36.30889511,-115.29582977,3C:71:BF,8,unknown,2026-07-21T14:00:00.000Z,2026-07-21T17:00:00.000Z,Las Vegas,NV,US,Veterans Memorial Highway,89159
3C:71:BF:42:BF:D5,Sentry_BFD5,33.11317825,-117.1022644,3C:71:BF,3,none,2024-10-26T00:00:00.000Z,2024-10-31T22:00:00.000Z,Escondido,CA,US,Auto Park Way,92029-2132
3C:71:BF:42:C0:5D,Sentry_C05D,39.90617371,-77.66781616,3C:71:BF,8,none,2026-06-18T00:00:00.000Z,2026-06-18T00:00:00.000Z,,PA,US,Nitterhaus Drive,17201
3C:71:BF:42:C0:AD,Sentry_C0AD,35.08230972,-85.18505859,3C:71:BF,1,unknown,2025-06-03T23:00:00.000Z,2025-06-03T19:00:00.000Z,Chattanooga,TN,US,Haynes Lane,37416
3C:71:BF:42:C1:C9,Sentry_C1C9,26.1829834,-98.22454071,3C:71:BF,3,unknown,2025-05-29T22:00:00.000Z,2025-05-30T14:00:00.000Z,McAllen,TX,US,South 2nd Street,78503
3C:71:BF:42:C4:7D,Sentry_C47D,33.8086586,-118.16125488,3C:71:BF,3,none,2019-11-19T16:00:00.000Z,2026-01-25T14:00:00.000Z,,CA,US,East 28th Street,90755
3C:71:BF:42:C4:91,Sentry_C491,33.68634415,-112.09696198,3C:71:BF,1,unknown,2021-01-12T10:00:00.000Z,2025-03-30T00:00:00.000Z,Phoenix,AZ,US,North 18th Avenue,85027
3C:71:BF:42:C7:C5,SentryMini_C7C5,45.11091232,-92.67584991,3C:71:BF,3,none,2024-04-20T16:00:00.000Z,2024-08-24T10:00:00.000Z,,WI,US,Kohler Drive,54025
3C:71:BF:42:C8:91,JOCWW_Sentry,37.84056854,-121.59383392,3C:71:BF,1,unknown,2024-06-07T18:00:00.000Z,2024-12-26T15:00:00.000Z,,CA,US,Clifton Court Road,94514
3C:71:BF:42:CA:B5,Sentry_CAB5,34.27150726,-118.78256989,3C:71:BF,6,unknown,2026-04-28T03:00:00.000Z,2026-05-07T06:00:00.000Z,Simi Valley,CA,US,4th Street,93065-6278
3C:71:BF:42:CB:51,Sentry_CB51,47.632164,-122.33596802,3C:71:BF,11,unknown,2019-11-10T12:00:00.000Z,2025-09-20T12:00:00.000Z,Seattle,WA,US,Terry Avenue North,98109-5210
3C:71:BF:42:CB:95,Sentry_CB95,34.08071899,-118.00276947,3C:71:BF,8,unknown,2025-02-03T22:00:00.000Z,2025-02-03T16:00:00.000Z,El Monte,CA,US,Durfee Avenue,91732
3C:71:BF:42:CB:DD,Sentry_CBDD,33.27176285,-111.8146286,3C:71:BF,4,none,2019-09-28T20:00:00.000Z,2025-07-14T08:00:00.000Z,Chandler,AZ,US,South Stinson Way,85286
3C:71:BF:42:CC:55,Sentry_CC55,33.24131393,-111.82129669,3C:71:BF,3,unknown,2025-04-18T17:00:00.000Z,2025-07-11T17:00:00.000Z,Chandler,AZ,US,East Tonto Drive,85249
3C:71:BF:42:CD:11,Sentry_CD11,34.09347153,-117.68089294,3C:71:BF,1,unknown,2025-05-16T22:00:00.000Z,2025-07-05T12:00:00.000Z,,CA,US,Benson Avenue,91786-7032
3C:71:BF:42:CD:21,JG_Sentry,26.73706055,-81.84735107,3C:71:BF,3,unknown,2025-02-09T19:00:00.000Z,2025-02-09T12:00:00.000Z,,FL,US,I 75,33917
3C:71:BF:42:CE:81,Sentry_CE81,34.02631378,-118.21289062,3C:71:BF,4,unknown,2022-02-11T10:00:00.000Z,2024-09-12T14:00:00.000Z,Los Angeles,CA,US,Rosalind Avenue,90023
3C:71:BF:42:CF:19,Sentry_CF19,39.95014572,-86.00158691,3C:71:BF,1,unknown,2024-06-17T09:00:00.000Z,2024-09-16T13:00:00.000Z,,IN,US,USA Parkway,46037
3C:71:BF:42:D0:F9,Sentry_D0F9,33.75163651,-117.84628296,3C:71:BF,3,none,2024-09-20T03:00:00.000Z,2024-09-20T08:00:00.000Z,Santa Ana,CA,US,Santa Ana Freeway,92701
3C:71:BF:42:D1:59,Sentry_D159,33.29226685,-111.94651031,3C:71:BF,1,unknown,2026-03-14T23:00:00.000Z,2026-04-03T08:00:00.000Z,Chandler,AZ,US,Santan Freeway,85226-4880
3C:71:BF:42:D1:85,Sentry_D185,30.23814583,-93.19100952,3C:71:BF,1,none,2026-03-27T23:00:00.000Z,2026-03-27T19:00:00.000Z,Lake Charles,LA,US,Railroad Avenue,70601
3C:71:BF:42:D3:29,Sentry_D329,44.96558762,-93.08519745,3C:71:BF,3,unknown,2025-04-30T19:00:00.000Z,2025-04-30T14:00:00.000Z,Saint Paul,MN,US,East Cayuga Street,55101
3C:71:BF:42:D3:8D,Sentry_D38D,26.19709206,-80.23181915,3C:71:BF,1,none,2025-03-16T23:00:00.000Z,2025-09-05T20:00:00.000Z,,FL,US,Northwest 61st Avenue,33319
3C:71:BF:42:D5:05,Sentry_D505,40.13364029,-111.64070892,3C:71:BF,10,unknown,2026-05-11T15:00:00.000Z,2026-05-18T06:00:00.000Z,,UT,US,North Chappel Drive,84660
3C:71:BF:42:D7:7D,Sentry_D77D,33.68555832,-112.08268738,3C:71:BF,8,unknown,2025-03-30T01:00:00.000Z,2025-03-30T00:00:00.000Z,Phoenix,AZ,US,West Knudson Drive,85027
3C:71:BF:42:FB:D8,,45.53044891,-73.60838318,3C:71:BF,0,unknown,2025-02-12T05:00:00.000Z,2025-02-13T14:00:00.000Z,Montréal,Québec,CA,Rue Beaubien Est,H2S 1P7
3C:71:BF:42:FE:61,Mysa-42fe60,42.04899216,-70.18898773,3C:71:BF,1,unknown,2022-09-24T16:00:00.000Z,2026-02-22T14:00:00.000Z,,MA,US,Commercial Street,02657
3C:71:BF:43:09:69,,47.15839386,-122.32863617,3C:71:BF,1,wpa2,2026-07-21T22:00:00.000Z,2026-07-21T17:00:00.000Z,,WA,US,WA 512,98373
3C:71:BF:43:63:D5,,36.09540176,-94.15987396,3C:71:BF,1,wpa2,2026-07-03T17:00:00.000Z,2026-07-03T16:00:00.000Z,Fayetteville,AR,US,West Township Street,72703
3C:71:BF:43:E8:65,ACCESS.RUN_43_E8_65_HB,-23.56096268,-46.67256165,3C:71:BF,1,wpa2,2024-09-07T20:00:00.000Z,2024-09-07T17:00:00.000Z,São Paulo,São Paulo,BR,Avenida Rebouças,05401-150
3C:71:BF:44:30:51,,6.11661959,125.18740082,3C:71:BF,12,wpa2,2023-11-03T03:00:00.000Z,2024-12-20T21:00:00.000Z,General Santos,Soccsksargen,PH,Veranza Drive,9500
3C:71:BF:44:43:01,EPS_ESP32_V27CIL,25.18788719,121.41771698,3C:71:BF,6,wpa2,2025-09-02T08:00:00.000Z,2025-09-02T07:00:00.000Z,,新北市,TW,淡海路,25155
3C:71:BF:44:6C:A1,Mysa-446ca0,47.49886322,-122.20237732,3C:71:BF,11,none,2025-07-13T23:00:00.000Z,2025-10-04T15:00:00.000Z,,WA,US,North 10th Place,18663-1629:18670-0775:18670-0777
3C:71:BF:44:B5:A5,Guardian-B5A4,40.85552597,-111.9076004,3C:71:BF,1,none,2022-08-26T14:00:00.000Z,2024-10-01T07:00:00.000Z,,UT,US,I 15,84054
3C:71:BF:44:BF:18,,34.20663834,-118.48513794,3C:71:BF,10,wpa2,2026-06-22T00:00:00.000Z,2026-06-21T22:00:00.000Z,Los Angeles,CA,US,Cohasset Street,91406
3C:71:BF:44:C8:11,ESP_44C811,37.64530563,-120.99700165,3C:71:BF,1,unknown,2022-06-24T16:00:00.000Z,2025-03-05T21:00:00.000Z,Modesto,CA,US,15th Street,95354
3C:71:BF:44:CB:19,My K2400,53.11345291,7.02381229,3C:71:BF,13,wpa2,2026-05-27T22:00:00.000Z,2026-05-27T16:00:00.000Z,,Groningen,NL,Turfweg,9665EZ
3C:71:BF:44:F2:4D,ESP_44F24D,40.32760239,-79.67534637,3C:71:BF,1,unknown,2025-03-28T14:00:00.000Z,2025-03-28T09:00:00.000Z,North Huntingdon Township,PA,US,5th Street,15642
3C:71:BF:45:1E:B0,,45.5014267,-73.55602264,3C:71:BF,0,unknown,2022-08-09T11:00:00.000Z,2025-04-17T17:00:00.000Z,Montréal,Québec,CA,Rue Saint-Paul Ouest,H2Y 2A3
3C:71:BF:45:6A:91,Guardian-6A90,42.56703568,-71.74272156,3C:71:BF,1,unknown,2025-12-14T13:00:00.000Z,2025-12-14T09:00:00.000Z,Leominster,MA,US,Valley View Road,01462-1432
3C:71:BF:45:94:7D,Mysa-45947c,44.29586411,-71.76442719,3C:71:BF,1,unknown,2024-08-26T17:00:00.000Z,2024-08-26T18:00:00.000Z,,NH,US,Bethlehem Road,03561-9998
3C:71:BF:45:A4:2D,ThinkTek-2CA445BF713C,-22.90642929,-47.07247925,3C:71:BF,1,wpa2,2024-10-30T00:00:00.000Z,2024-10-29T18:00:00.000Z,Campinas,São Paulo,BR,Rua Doutor Pereira Lima,13070-052
3C:71:BF:45:A4:95,ThinkTek-94A445BF713C,-22.90556717,-47.07219696,3C:71:BF,1,wpa2,2024-10-30T00:00:00.000Z,2024-10-29T18:00:00.000Z,Campinas,São Paulo,BR,Rua Doutor Pereira Lima,13070-052
3C:71:BF:45:D3:09,Mysa-45d308,45.53783798,-73.62029266,3C:71:BF,1,unknown,2024-08-29T20:00:00.000Z,2024-08-31T12:00:00.000Z,Montréal,Québec,CA,Avenue De Gaspé,H2R 2A7
3C:71:BF:45:D4:CD,Mysa-45d4cc,45.53786087,-73.60396576,3C:71:BF,6,unknown,2025-09-17T00:00:00.000Z,2025-09-16T18:00:00.000Z,Montréal,Québec,CA,Rue Boyer,H2S 2H9
3C:71:BF:46:2A:F9,Mysa-462af8,45.43465424,-73.64279938,3C:71:BF,1,unknown,2025-12-12T22:00:00.000Z,2025-12-12T16:00:00.000Z,Montréal,Québec,CA,Rue Smith,H8R 1V1
3C:71:BF:46:2B:B5,Mysa-462bb4,49.28104019,-123.10904694,3C:71:BF,11,unknown,2025-01-06T12:00:00.000Z,2025-03-23T05:00:00.000Z,Vancouver,British Columbia,CA,Sara Anne McLagan Plaza,V6B
3C:71:BF:46:2F:79,Mysa-462f78,39.60091782,-105.98260498,3C:71:BF,11,unknown,2026-07-24T14:00:00.000Z,2026-07-24T11:00:00.000Z,,CO,US,Snake River Trail,80435
3C:71:BF:46:80:A5,ROR-4891,51.01571274,-0.34644604,3C:71:BF,1,wpa2,2025-05-04T17:00:00.000Z,2025-05-04T17:00:00.000Z,,England,GB,Cripplegate Lane,RH13 9UN
3C:71:BF:46:96:C1,ROT-6075,51.48455811,-0.1178909,3C:71:BF,1,wpa2,2026-07-29T14:00:00.000Z,2026-07-29T10:00:00.000Z,London,England,GB,Harleyford Road,SE11
3C:71:BF:47:89:B1,ROR-2FE2,43.69865417,7.2693491,3C:71:BF,1,wpa2,2026-03-29T11:00:00.000Z,2026-04-01T02:00:00.000Z,Nice,Provence-Alpes-Côte d'Azur,FR,Avenue Jean Médecin,06000
3C:71:BF:48:20:39,Sentry_2039,44.82786942,-93.44523621,3C:71:BF,3,none,2025-04-22T00:00:00.000Z,2025-04-26T16:00:00.000Z,,MN,US,Pioneer Trail,55347
3C:71:BF:48:4E:49,SentryMini_4E49,42.02388,-93.63913727,3C:71:BF,4,unknown,2024-12-05T15:00:00.000Z,2024-12-05T11:00:00.000Z,Ames,IA,US,Beach Road,50011
3C:71:BF:48:50:C5,Sentry_50C5,41.93911362,-88.24099731,3C:71:BF,3,unknown,2024-09-05T01:00:00.000Z,2024-09-12T06:00:00.000Z,,IL,US,Powis Road,60184
3C:71:BF:48:52:F1,Sentry_52F1,29.89611626,-81.31185913,3C:71:BF,8,unknown,2025-12-22T00:00:00.000Z,2025-12-21T17:00:00.000Z,,FL,US,South Castillo Drive,32084
3C:71:BF:48:61:C1,NMEA4WIFI,53.29690933,5.0878768,3C:71:BF,1,wpa2,2025-08-07T16:00:00.000Z,2025-08-07T10:00:00.000Z,,Fryslân,NL,Havenweg,8899BC
3C:71:BF:48:66:B5,EscapeCtrl0004,43.97410965,-75.91216278,3C:71:BF,1,wpa2,2024-09-05T15:00:00.000Z,2024-09-05T15:00:00.000Z,,NY,US,Stone Street,13601
3C:71:BF:48:7E:01,Sentry_7E01,40.01224518,-105.13919067,3C:71:BF,9,none,2023-04-27T15:00:00.000Z,2025-12-02T09:00:00.000Z,,CO,US,Tipperary Street,80026-2872
3C:71:BF:48:80:45,Sentry_8045,39.00574875,-74.90753937,3C:71:BF,1,unknown,2026-05-16T16:00:00.000Z,2026-05-16T14:00:00.000Z,Lower Township,NJ,US,Terminal Dr,08242
3C:71:BF:48:87:C9,N6761R,43.66937637,-116.81602478,3C:71:BF,4,wpa2,2024-10-29T16:00:00.000Z,2024-10-29T11:00:00.000Z,Greenleaf,ID,US,Main Street,83626
3C:71:BF:48:90:25,Sentry_9025,38.94551468,-94.85305786,3C:71:BF,3,none,2025-07-03T01:00:00.000Z,2025-07-25T08:00:00.000Z,Lenexa,KS,US,KS 7,66220
3C:71:BF:48:B4:E9,Sentry_B4E9,37.30086136,-121.92616272,3C:71:BF,3,none,2019-09-20T11:00:00.000Z,2025-09-06T01:00:00.000Z,San Jose,CA,US,Stokes Street,95126
3C:71:BF:48:E6:55,Sentry_E655,33.49452591,-112.07880402,3C:71:BF,3,unknown,2019-12-22T17:00:00.000Z,2025-03-08T20:00:00.000Z,Phoenix,AZ,US,West Indian School Road,85013
3C:71:BF:49:0B:91,Sentry_TAS,36.18263626,-86.31864929,3C:71:BF,11,none,2024-06-29T20:00:00.000Z,2024-09-27T22:00:00.000Z,,TN,US,I 40,37090
3C:71:BF:49:10:3D,Sentry_103D,40.09566116,-76.56148529,3C:71:BF,3,unknown,2020-09-21T08:00:00.000Z,2024-10-10T06:00:00.000Z,,PA,US,Colebrook Road,17547
3C:71:BF:49:23:B5,Sentry_23B5,43.98892212,-88.57221222,3C:71:BF,3,unknown,2025-07-19T23:00:00.000Z,2025-07-20T07:00:00.000Z,Oshkosh,WI,US,Knapp Street,54901
3C:71:BF:49:53:99,Sentry_5399,33.54701233,-112.27244568,3C:71:BF,4,unknown,2026-02-20T17:00:00.000Z,2026-02-21T04:00:00.000Z,Glendale,AZ,US,North 99th Avenue,85305-9405
3C:71:BF:49:54:D9,Sentry_54D9,9.99741077,-84.20542908,3C:71:BF,3,unknown,2025-05-17T20:00:00.000Z,2025-05-18T08:00:00.000Z,,Provincia Alajuela,CR,Bulevar Aeropuerto,20109
3C:71:BF:49:55:35,Sentry_5535,32.77666473,-96.7539444,3C:71:BF,3,none,2025-09-28T17:00:00.000Z,2025-11-22T16:00:00.000Z,Dallas,TX,US,South Fitzhugh Avenue,75223
3C:71:BF:49:57:61,Sentry_5761,61.21762466,-149.8475647,3C:71:BF,3,unknown,2026-03-28T18:00:00.000Z,2026-05-09T20:00:00.000Z,Anchorage,AK,US,Glenn Highway,99508
3C:71:BF:49:5A:D9,Sentry Kuwalik,35.87347031,-78.79023743,3C:71:BF,3,unknown,2025-08-08T19:00:00.000Z,2025-08-20T15:00:00.000Z,,NC,US,A4,27560-9194
3C:71:BF:49:5B:7D,Sentry_5B7D,26.20853806,-80.21974182,3C:71:BF,1,none,2024-10-13T22:00:00.000Z,2024-10-13T21:00:00.000Z,,FL,US,West McNab Road,33321
3C:71:BF:49:5C:55,Sentry_5C55,40.60443497,-95.85896301,3C:71:BF,3,unknown,2025-08-13T18:00:00.000Z,2025-08-13T16:00:00.000Z,,NE,US,South 64th Road,68410
3C:71:BF:49:5E:59,SkyEcho_5E59,47.67824554,9.51092434,3C:71:BF,6,unknown,2025-04-12T10:00:00.000Z,2025-04-12T05:00:00.000Z,,Baden-Württemberg,DE,Neue Messe,88046
3C:71:BF:49:5F:A9,Sentry_5FA9,40.87136459,-75.15794373,3C:71:BF,8,unknown,2024-06-02T18:00:00.000Z,2024-09-22T15:00:00.000Z,,PA,US,Park Road,18013
3C:71:BF:49:60:09,SkyEcho_6009,51.36039352,-0.62541115,3C:71:BF,6,unknown,2024-09-12T17:00:00.000Z,2025-04-30T13:00:00.000Z,Surrey Heath,England,GB,Woodcock Lane,GU24 8TB
3C:71:BF:49:61:55,Sentry RVL,25.73602867,-100.24874878,3C:71:BF,4,unknown,2024-12-18T23:00:00.000Z,2024-12-18T17:00:00.000Z,San Nicolás de los Garza,Nuevo León,MX,Camino al Mezquital,66490
3C:71:BF:49:62:01,Sentry_6201,38.83786774,-82.16273499,3C:71:BF,3,unknown,2026-03-28T16:00:00.000Z,2026-03-29T19:00:00.000Z,,OH,US,US 35,25106
3C:71:BF:49:64:79,Sentry_6479,32.8134346,-117.14813232,3C:71:BF,8,none,2020-12-04T12:00:00.000Z,2025-07-23T15:00:00.000Z,San Diego,CA,US,Aero Drive,92133
3C:71:BF:49:66:F1,Sentry_66F1,37.0906868,-121.60193634,3C:71:BF,1,none,2025-06-28T20:00:00.000Z,2025-09-21T02:00:00.000Z,,CA,US,US 101,95037-5519
3C:71:BF:49:67:85,Sentry_6785,49.23147202,-122.69070435,3C:71:BF,3,unknown,2025-07-27T21:00:00.000Z,2025-07-27T17:00:00.000Z,,British Columbia,CA,Lougheed Highway,V3Y 2B0
3C:71:BF:49:67:99,Sentry_6799,32.8176651,-117.14378357,3C:71:BF,3,none,2023-07-18T17:00:00.000Z,2025-07-20T19:00:00.000Z,San Diego,CA,US,Afton Road,92133
3C:71:BF:49:68:BD,Sentry_68BD,33.01988602,-111.76717377,3C:71:BF,6,unknown,2020-06-17T17:00:00.000Z,2025-03-09T07:00:00.000Z,,AZ,US,I 10,
3C:71:BF:49:6A:01,Sentry_6A01,47.51890945,-122.29825592,3C:71:BF,3,unknown,2025-07-28T19:00:00.000Z,2026-01-27T17:00:00.000Z,,WA,US,East Marginal Way South,98168
3C:71:BF:49:6A:B9,Sentry_6AB9,33.26156998,-111.81610107,3C:71:BF,5,none,2024-01-11T16:00:00.000Z,2026-02-23T09:00:00.000Z,Chandler,AZ,US,South Adams Street,85286
3C:71:BF:49:6B:B5,Sentry_6BB5,39.01065063,-77.06447601,3C:71:BF,3,unknown,2022-08-14T11:00:00.000Z,2025-03-12T11:00:00.000Z,,MD,US,Capital Beltway,20895-3199
3C:71:BF:49:6C:19,Sentry_6C19,33.98214722,-118.1680069,3C:71:BF,1,unknown,2025-06-07T22:00:00.000Z,2026-07-18T13:00:00.000Z,,CA,US,Long Beach Freeway,90040
3C:71:BF:49:6D:11,Sentry_6D11,26.313591,-80.15827942,3C:71:BF,3,unknown,2025-03-22T14:00:00.000Z,2025-03-22T12:00:00.000Z,Deerfield Beach,FL,US,Quiet Waters Park,33442-9481
3C:71:BF:49:6D:CD,Sentry 4,33.43537521,-112.36399078,3C:71:BF,3,unknown,2026-04-23T15:00:00.000Z,2026-04-25T19:00:00.000Z,,AZ,US,West Yuma Road,85338-3031
3C:71:BF:49:6F:05,Sentry_6F05,37.70091629,-121.79678345,3C:71:BF,9,unknown,2024-12-23T00:00:00.000Z,2024-12-22T18:00:00.000Z,,CA,US,Arthur H. Breed Junior Freeway,94551
3C:71:BF:49:6F:F5,Sentry_6FF5,39.56095123,-104.8767395,3C:71:BF,8,unknown,2024-10-18T21:00:00.000Z,2024-10-18T16:00:00.000Z,,CO,US,South Park Meadows Center Drive,80112
3C:71:BF:49:70:55,N731NR,40.00228119,-105.09405518,3C:71:BF,3,none,2026-05-26T18:00:00.000Z,2026-05-26T13:00:00.000Z,,CO,US,,80026
3C:71:BF:49:72:CD,Sentry_72CD,36.21724319,-115.2077179,3C:71:BF,4,wpa2,2025-03-26T17:00:00.000Z,2025-03-26T10:00:00.000Z,North Las Vegas,NV,US,West Cheyenne Avenue,89107
3C:71:BF:49:72:E1,Sentry_72E1,32.71955872,-96.53369141,3C:71:BF,6,unknown,2025-05-24T20:00:00.000Z,2025-05-24T13:00:00.000Z,Mesquite,TX,US,Harrier Drive,75181
3C:71:BF:49:73:41,Sentry_7341,36.88965225,-84.1667099,3C:71:BF,3,unknown,2025-04-12T17:00:00.000Z,2025-04-12T13:00:00.000Z,,KY,US,Little Spruce Creek Road,
3C:71:BF:49:73:49,Sentry_7349,29.67746162,-95.18388367,3C:71:BF,3,unknown,2023-03-15T15:00:00.000Z,2025-10-09T06:00:00.000Z,Pasadena,TX,US,Burke Road,77502
3C:71:BF:49:73:D1,SkyEcho_73D1,53.50235367,-2.39347649,3C:71:BF,6,none,2019-07-10T09:00:00.000Z,2026-04-30T15:00:00.000Z,Salford,England,GB,,M28 2QU
3C:71:BF:49:77:3D,Sentry_773D,34.06668472,-118.04947662,3C:71:BF,8,none,2024-09-03T16:00:00.000Z,2025-02-25T15:00:00.000Z,El Monte,CA,US,Towneway Drive,91731
3C:71:BF:49:78:F5,Sentry_78F5,44.93660355,-92.96117401,3C:71:BF,3,none,2024-01-29T19:00:00.000Z,2026-02-21T15:00:00.000Z,,MN,US,Tamarack Road,55125-3738
3C:71:BF:49:7A:09,Sentry_7A09,38.6454277,-90.13118744,3C:71:BF,1,none,2019-08-31T14:00:00.000Z,2025-03-01T18:00:00.000Z,Madison,IL,US,I 55;I 70;US 40,62201
3C:71:BF:49:7A:DD,Sentry_7ADD,41.51900101,-74.0681839,3C:71:BF,9,none,2026-03-25T16:00:00.000Z,2026-04-01T14:00:00.000Z,,NY,US,,12550-3912
3C:71:BF:49:7B:99,Sentry_7B99,41.89603424,-87.67059326,3C:71:BF,3,unknown,2023-08-29T19:00:00.000Z,2024-09-08T13:00:00.000Z,Chicago,IL,US,West Chicago Avenue,60622
3C:71:BF:49:7B:ED,Sentry_7BED,37.32756042,-121.81137085,3C:71:BF,3,unknown,2024-03-11T00:00:00.000Z,2024-09-28T20:00:00.000Z,San Jose,CA,US,Eastridge Loop,95122-1204
3C:71:BF:49:7C:71,NicksSentry,40.22610474,-76.9387207,3C:71:BF,1,wpa2,2025-01-25T20:00:00.000Z,2025-01-27T11:00:00.000Z,,PA,US,Lower Allen Drive,17011-4403
3C:71:BF:49:7D:B5,Sentry_7DB5,36.32108688,-119.40172577,3C:71:BF,1,unknown,2026-04-14T21:00:00.000Z,2026-04-23T16:00:00.000Z,,CA,US,Golden State Highway,93227
3C:71:BF:49:7F:95,RJs Eye In The Sky,33.67200089,-117.88021088,3C:71:BF,8,none,2024-09-03T18:00:00.000Z,2024-09-04T17:00:00.000Z,Costa Mesa,CA,US,Kalmus Drive,92626
3C:71:BF:49:7F:C1,Sentry_7FC1,25.989851,-80.27223206,3C:71:BF,3,none,2022-10-21T11:00:00.000Z,2026-06-17T15:00:00.000Z,Miramar,FL,US,Dunhill Drive,33025
3C:71:BF:49:80:75,Sentry_8075,42.48368454,-71.26560974,3C:71:BF,1,unknown,2023-10-18T23:00:00.000Z,2024-12-03T22:00:00.000Z,,MA,US,Wiggins Avenue,01730
3C:71:BF:49:81:8D,Sentry_818D,28.0256958,-82.22400665,3C:71:BF,1,none,2023-06-26T10:00:00.000Z,2025-08-02T10:00:00.000Z,,FL,US,Edmund Court,33527
3C:71:BF:49:82:4D,Sentry_824D,41.8453331,-123.97926331,3C:71:BF,8,none,2024-08-25T18:00:00.000Z,2026-07-06T15:00:00.000Z,,CA,US,Redwood Highway,
3C:71:BF:49:82:D5,FBI domestic spy plane,39.59306717,-104.84725189,3C:71:BF,5,unknown,2024-01-22T17:00:00.000Z,2026-01-02T12:00:00.000Z,Centennial,CO,US,East Briarwood Avenue,80111-5711
3C:71:BF:49:83:D1,Sentry_83D1,37.08627701,-94.54632568,3C:71:BF,1,none,2026-05-24T17:00:00.000Z,2026-05-24T10:00:00.000Z,Joplin,MO,US,West 6th Street,64801
3C:71:BF:49:86:4D,Sentry_864D,41.30277634,-94.04155731,3C:71:BF,1,unknown,2026-05-23T20:00:00.000Z,2026-05-23T18:00:00.000Z,,IA,US,US 169,50273-2248
3C:71:BF:49:87:C5,Sentry_87C5,26.92303658,-81.98670959,3C:71:BF,3,unknown,2024-12-27T15:00:00.000Z,2025-11-01T11:00:00.000Z,,FL,US,Challenger Boulevard,33983-5759
3C:71:BF:49:88:51,Sentry_8851,27.06715965,-82.44665527,3C:71:BF,3,unknown,2019-10-26T19:00:00.000Z,2026-06-29T11:00:00.000Z,,FL,US,Harbor Drive South,34285
3C:71:BF:49:8A:69,Sentry_8A69,33.85962296,-118.002388,3C:71:BF,3,unknown,2024-09-26T18:00:00.000Z,2024-09-26T12:00:00.000Z,,CA,US,Western Avenue,90621
3C:71:BF:49:8A:71,Sentry_8A71,33.12410355,-117.30312347,3C:71:BF,1,none,2023-12-13T00:00:00.000Z,2024-11-24T21:00:00.000Z,Carlsbad,CA,US,Palomar Airport Road,92009-1114
3C:71:BF:49:8A:D5,Sentry_8AD5,29.18566132,-82.17356873,3C:71:BF,3,none,2024-10-23T21:00:00.000Z,2025-08-27T05:00:00.000Z,Ocala,FL,US,West Silver Springs Boulevard,34474
3C:71:BF:49:8A:ED,JUAN SENTRY,25.64557266,-80.41542053,3C:71:BF,3,unknown,2020-08-06T13:00:00.000Z,2026-07-15T11:00:00.000Z,,FL,US,Southwest 137th Avenue,33186
3C:71:BF:49:8A:FD,Sentry_8AFD,47.28800964,-122.60302734,3C:71:BF,3,unknown,2023-05-16T17:00:00.000Z,2025-10-02T15:00:00.000Z,,WA,US,East Bay Drive Northwest,98335
3C:71:BF:49:8C:95,Sentry_8C95,34.27148438,-118.78258514,3C:71:BF,8,unknown,2025-10-24T16:00:00.000Z,2025-11-12T06:00:00.000Z,Simi Valley,CA,US,4th Street,93065-6278
3C:71:BF:49:D3:69,SkyEcho_D369,51.46088028,21.04463196,3C:71:BF,1,unknown,2025-01-25T14:00:00.000Z,2025-01-26T05:00:00.000Z,,województwo mazowieckie,PL,Zachodnia Obwodnica Radomia,26-652
3C:71:BF:49:D3:E1,Sentry_D3E1,41.33360291,-75.78807068,3C:71:BF,4,unknown,2025-05-13T14:00:00.000Z,2025-05-13T08:00:00.000Z,,PA,US,Towpath Court,18640
3C:71:BF:49:D5:C1,Sentry_DMK,26.21035767,-80.25045776,3C:71:BF,3,none,2021-10-16T14:00:00.000Z,2026-06-14T18:00:00.000Z,,FL,US,Brookwood Boulevard,33321-2916
3C:71:BF:49:D7:59,Sentry_D759,41.92729568,-85.06826019,3C:71:BF,3,unknown,2024-09-07T14:00:00.000Z,2024-09-07T10:00:00.000Z,,MI,US,Nash Road,49036
3C:71:BF:49:D7:5D,Sentry_D75D,39.86302185,-104.66683197,3C:71:BF,3,unknown,2025-07-05T19:00:00.000Z,2025-07-05T12:00:00.000Z,Denver,CO,US,East 91st Avenue,
3C:71:BF:4A:1D:4D,Mysa-4a1d4c,49.23071671,-123.05166626,3C:71:BF,11,unknown,2026-05-12T22:00:00.000Z,2026-06-12T10:00:00.000Z,Vancouver,British Columbia,CA,Wales Street,V5R
3C:71:BF:4A:22:25,Mysa-4a2224,49.23109436,-123.05167389,3C:71:BF,11,unknown,2026-05-12T22:00:00.000Z,2026-06-12T10:00:00.000Z,Vancouver,British Columbia,CA,Wales Street,V5R
3C:71:BF:4A:25:09,Mysa-4a2508,47.61413956,-122.31874847,3C:71:BF,1,unknown,2025-04-04T21:00:00.000Z,2025-04-04T16:00:00.000Z,Seattle,WA,US,East Pike Street,98122
3C:71:BF:4A:29:B9,Mysa-4a29b8,45.52570343,-73.60985565,3C:71:BF,6,unknown,2024-11-15T20:00:00.000Z,2024-11-15T13:00:00.000Z,Montréal,Québec,CA,Avenue du Parc,H2V 4H3
3C:71:BF:4A:2B:9D,Mysa-4a2b9c,45.94773483,-66.62051392,3C:71:BF,6,unknown,2026-01-29T01:00:00.000Z,2026-01-28T17:00:00.000Z,,New Brunswick / Nouveau-Brunswick,CA,Sumac Street,E3A 6R1
3C:71:BF:4A:2C:3D,Mysa-4a2c3c,47.61384964,-122.31925964,3C:71:BF,1,unknown,2025-06-03T20:00:00.000Z,2025-06-03T15:00:00.000Z,Seattle,WA,US,East Pike Street,98122
3C:71:BF:4A:35:B5,Mysa-4a35b4,49.2305603,-123.051651,3C:71:BF,1,unknown,2026-05-12T22:00:00.000Z,2026-06-12T10:00:00.000Z,Vancouver,British Columbia,CA,Wales Street,V5R
3C:71:BF:4A:5A:ED,Mysa-4a5aec,47.89512634,-122.22803497,3C:71:BF,1,unknown,2025-08-27T12:00:00.000Z,2025-08-27T05:00:00.000Z,Everett,WA,US,3rd Avenue Southeast,98204
3C:71:BF:4A:6F:F9,,29.95495224,-90.04686737,3C:71:BF,1,none,2024-02-13T15:00:00.000Z,2025-11-01T13:00:00.000Z,New Orleans,LA,US,Patterson Drive,70114
3C:71:BF:4A:CB:F9,Mysa-4acbf8,47.49946976,-122.20310974,3C:71:BF,1,none,2024-03-30T00:00:00.000Z,2026-05-29T08:00:00.000Z,,WA,US,Logan Avenue North,18663-1629:18670-0775:18670-0777
3C:71:BF:4A:CE:5D,Mysa-4ace5c,40.68596268,-73.98413849,3C:71:BF,1,unknown,2026-05-21T20:00:00.000Z,2026-05-21T15:00:00.000Z,City of New York,NY,US,Pacific Street,11217
3C:71:BF:4A:CF:4C,,43.61233902,-72.7628479,3C:71:BF,0,unknown,2025-06-20T17:00:00.000Z,2025-06-22T22:00:00.000Z,,VT,US,East Mountain Road,05751
3C:71:BF:4A:D5:15,Mysa-4ad514,42.93310547,-72.8493576,3C:71:BF,1,unknown,2026-05-23T16:00:00.000Z,2026-05-23T15:00:00.000Z,Dover,VT,US,Vermont Route 100,05341
3C:71:BF:4A:E0:D5,Mysa-4ae0d4,47.49948502,-122.20303345,3C:71:BF,1,none,2025-06-11T13:00:00.000Z,2026-06-08T12:00:00.000Z,,WA,US,Logan Avenue North,18663-1629:18670-0775:18670-0777
3C:71:BF:4A:E0:F5,Mysa-4ae0f4,47.49892426,-122.20220947,3C:71:BF,1,unknown,2025-07-13T23:00:00.000Z,2025-07-13T17:00:00.000Z,,WA,US,North 10th Place,98057
3C:71:BF:4A:E4:9D,,38.75508499,-77.46609497,3C:71:BF,1,wpa2,2026-03-27T16:00:00.000Z,2026-05-02T10:00:00.000Z,Manassas,VA,US,,
3C:71:BF:4A:E4:A9,RmaxDEMO,42.3275032,-71.61999512,3C:71:BF,1,wpa2,2020-05-19T17:00:00.000Z,2025-08-30T15:00:00.000Z,,MA,US,Main Street,01532
3C:71:BF:4A:E8:59,,38.85520172,-77.6401062,3C:71:BF,1,wpa2,2025-02-09T01:00:00.000Z,2025-02-08T17:00:00.000Z,,VA,US,Admiral Baker Circle,20169
3C:71:BF:4A:E8:75,,45.48971558,-73.6071167,3C:71:BF,1,wpa2,2025-08-26T17:00:00.000Z,2025-08-26T15:00:00.000Z,,Québec,CA,Avenue Sunnyside,H3Y1H9
3C:71:BF:4B:00:F5,RmaxDEMO,41.69995499,-71.15307617,3C:71:BF,1,wpa2,2026-06-20T12:00:00.000Z,2026-06-20T11:00:00.000Z,Fall River,MA,US,Troy Street,02722
3C:71:BF:4B:00:F9,RmaxDEMO,41.70048904,-71.15411377,3C:71:BF,1,wpa2,2023-07-26T12:00:00.000Z,2026-06-29T12:00:00.000Z,Fall River,MA,US,Third Street North,02722
3C:71:BF:4B:82:39,,21.49159241,-158.06069946,3C:71:BF,1,wpa2,2025-09-10T01:00:00.000Z,2025-09-11T18:00:00.000Z,Mililani,HI,US,Cadet Sheridan Road,96957
3C:71:BF:4B:8F:79,,21.47544098,-158.02574158,3C:71:BF,1,wpa2,2025-11-09T00:00:00.000Z,2025-11-08T18:00:00.000Z,Mililani,HI,US,Kamehameha Highway,96789
3C:71:BF:4B:A0:25,,21.48996544,-158.04421997,3C:71:BF,1,wpa2,2023-02-03T22:00:00.000Z,2026-04-06T18:00:00.000Z,,HI,US,Kamehameha Highway,96957
3C:71:BF:4B:A2:31,,21.49026489,-158.04466248,3C:71:BF,1,wpa2,2022-05-19T17:00:00.000Z,2026-04-06T18:00:00.000Z,Mililani,HI,US,Kamehameha Highway,96957
3C:71:BF:4B:A3:E0,,27.83764458,-82.69718933,3C:71:BF,0,unknown,2025-06-30T21:00:00.000Z,2025-08-06T12:00:00.000Z,Pinellas Park,FL,US,72nd Avenue North,33781
3C:71:BF:4B:A4:6D,,21.49121666,-158.04582214,3C:71:BF,1,wpa2,2024-02-17T06:00:00.000Z,2026-04-06T18:00:00.000Z,,HI,US,Kamehameha Highway,96957
3C:71:BF:4B:A5:65,,21.49230766,-158.04728699,3C:71:BF,1,wpa2,2026-04-07T00:00:00.000Z,2026-04-06T18:00:00.000Z,Mililani,HI,US,Kamehameha Highway,96957
3C:71:BF:4B:A5:E9,,21.49079514,-158.04512024,3C:71:BF,1,wpa2,2025-10-04T06:00:00.000Z,2025-10-03T23:00:00.000Z,,HI,US,Kamehameha Highway,96957
3C:71:BF:4B:A6:59,,21.49031258,-158.03196716,3C:71:BF,1,wpa2,2024-02-17T06:00:00.000Z,2026-04-06T18:00:00.000Z,Mililani,HI,US,I H2,96786
3C:71:BF:4B:A6:71,,21.49108505,-158.04560852,3C:71:BF,1,wpa2,2025-09-24T23:00:00.000Z,2026-04-06T18:00:00.000Z,,HI,US,Kamehameha Highway,96957
3C:71:BF:4B:A6:7D,,21.49184036,-158.04678345,3C:71:BF,1,wpa2,2022-05-19T17:00:00.000Z,2026-04-06T18:00:00.000Z,Mililani,HI,US,Kamehameha Highway,96957
3C:71:BF:4B:A7:E5,,21.49292564,-158.06063843,3C:71:BF,4,wpa2,2025-09-10T02:00:00.000Z,2025-09-11T18:00:00.000Z,Mililani,HI,US,Cadet Sheridan Road,96857
3C:71:BF:4B:BC:0D,Mysa-4bbc0c,41.47503662,-75.18061066,3C:71:BF,11,unknown,2020-08-11T15:00:00.000Z,2024-11-06T16:00:00.000Z,,PA,US,Bellemonte Avenue,
3C:71:BF:4B:BD:4D,Mysa-4bbd4c,49.28813171,-123.13111877,3C:71:BF,6,unknown,2026-04-02T23:00:00.000Z,2026-04-02T17:00:00.000Z,Vancouver,British Columbia,CA,Rosemary Brown Lane,V6Z
3C:71:BF:4B:E9:FD,AutoTrolling,61.0752449,28.20082283,3C:71:BF,1,unknown,2026-05-13T16:00:00.000Z,2026-05-13T13:00:00.000Z,Lappeenranta,Manner-Suomi,FI,Kahilanniementie,53130
3C:71:BF:4B:F9:49,Mysa-4bf948,45.51968765,-73.58354187,3C:71:BF,1,unknown,2025-12-19T16:00:00.000Z,2025-12-20T07:00:00.000Z,Montréal,Québec,CA,Rue Marie-Anne Est,H2W 2L7
3C:71:BF:4B:FA:B9,Mysa-4bfab8,39.91175461,-74.15096283,3C:71:BF,1,unknown,2026-08-06T06:00:00.000Z,2026-08-09T06:00:00.000Z,,NJ,US,Belmont Avenue,08721
3C:71:BF:4B:FC:D5,Mysa-4bfcd4,49.1328125,-122.66823578,3C:71:BF,1,unknown,2026-04-30T00:00:00.000Z,2026-05-02T13:00:00.000Z,,British Columbia,CA,200 Street,V2Y 3B9
3C:71:BF:4B:FE:E5,Mysa-4bfee4,37.76209259,-122.42993164,3C:71:BF,1,unknown,2022-02-05T15:00:00.000Z,2025-12-31T14:00:00.000Z,San Francisco,CA,US,Dorland Street,94143
3C:71:BF:4C:E5:A1,ThinkTek-A0E54CBF713C,-22.90658188,-47.07269287,3C:71:BF,1,wpa2,2024-07-02T18:00:00.000Z,2024-10-29T18:00:00.000Z,Campinas,São Paulo,BR,Rua Doutor Pereira Lima,13070-052
3C:71:BF:4C:F3:81,BatteryEmulator,50.12097931,19.72259521,3C:71:BF,11,wpa2,2026-05-28T18:00:00.000Z,2026-05-28T13:00:00.000Z,,województwo małopolskie,PL,Księdza Marcina Siedleckiego,32-064
3C:71:BF:4D:11:81,ThinkTek-80114DBF713C,-22.90620232,-47.07212448,3C:71:BF,1,wpa2,2001-01-01T00:00:00.000Z,2024-10-29T18:00:00.000Z,Campinas,São Paulo,BR,Avenida Lix da Cunha,13035270
3C:71:BF:4D:47:3D,ThinkTek-3C474DBF713C,-22.90588951,-47.07223511,3C:71:BF,1,wpa2,2024-07-02T18:00:00.000Z,2024-10-29T18:00:00.000Z,Campinas,São Paulo,BR,Rua Doutor Pereira Lima,13070-052
3C:71:BF:4D:47:55,ThinkTek-54474DBF713C,-22.90604782,-47.07250595,3C:71:BF,1,wpa2,2024-10-30T00:00:00.000Z,2024-10-29T18:00:00.000Z,Campinas,São Paulo,BR,Rua Doutor Pereira Lima,13070-052
3C:71:BF:4D:CA:71,KRUGERTIME - 4DCA71,-26.29605103,-48.86472321,3C:71:BF,1,wpa2,2024-09-02T19:00:00.000Z,2025-06-14T13:00:00.000Z,Joinville,Santa Catarina,BR,Rua Marquês de Olinda,89216-230
3C:71:BF:4E:DD:25,Traeger-DD25,44.05442429,-92.48137665,3C:71:BF,5,wpa2,2024-06-01T03:00:00.000Z,2025-01-18T14:00:00.000Z,Rochester,MN,US,12th Avenue Northwest,55901:55960
3C:71:BF:4E:E0:91,Traeger-E091,41.35555267,-81.63465881,3C:71:BF,5,wpa2,2026-06-08T19:00:00.000Z,2026-06-08T16:00:00.000Z,,OH,US,Brecksville Road,44141:44286
3C:71:BF:4E:E0:F5,Traeger-E0F5,44.42218781,-103.54279327,3C:71:BF,5,wpa2,2025-09-17T13:00:00.000Z,2025-10-20T18:00:00.000Z,Sturgis,SD,US,Purple Heart Memorial Highway,57785
3C:71:BF:4E:E2:39,Traeger-E239,40.27074051,-104.60231018,3C:71:BF,5,wpa2,2026-08-05T21:00:00.000Z,2026-08-05T15:00:00.000Z,,CO,US,Weld County Parkway,
3C:71:BF:4E:E7:7D,Traeger-E77D,47.70050049,-117.37551117,3C:71:BF,5,wpa2,2021-11-19T20:00:00.000Z,2026-05-11T15:00:00.000Z,Spokane,WA,US,East Wellesley Avenue,99217
3C:71:BF:4E:E8:55,Traeger-E855,43.73080063,-81.2603302,3C:71:BF,5,wpa2,2022-02-21T22:00:00.000Z,2026-01-12T22:00:00.000Z,Morris-Turnberry,Ontario,CA,Cranbrook Road,N0G 1H0
3C:71:BF:4E:E8:D1,Traeger-E8D1,43.8751564,-90.82987213,3C:71:BF,5,wpa2,2025-09-25T19:00:00.000Z,2025-09-26T12:00:00.000Z,,WI,US,State Highway 27,
3C:71:BF:4E:E9:01,Traeger-E901,41.98669434,-84.34735107,3C:71:BF,5,wpa2,2025-09-28T16:00:00.000Z,2025-09-28T21:00:00.000Z,,MI,US,West Main Street,49220
3C:71:BF:4E:EC:45,Traeger-EC45,32.88940811,-97.11938477,3C:71:BF,5,wpa2,2026-07-22T19:00:00.000Z,2026-07-22T12:00:00.000Z,,TX,US,Moss Creek Knoll Drive,76051
3C:71:BF:4E:EC:E1,Traeger-ECE1,31.85531616,-111.00494385,3C:71:BF,5,wpa2,2026-02-27T01:00:00.000Z,2026-04-10T19:00:00.000Z,,AZ,US,West Continental Road,85622
3C:71:BF:4E:ED:0D,Traeger-ED0D,40.29333496,-111.67632294,3C:71:BF,5,wpa2,2025-03-29T18:00:00.000Z,2025-11-27T13:00:00.000Z,,UT,US,South 800 East,84602
3C:71:BF:4E:EE:5D,Traeger-EE5D,40.8089447,-73.48846436,3C:71:BF,5,wpa2,2026-04-02T11:00:00.000Z,2026-04-03T10:00:00.000Z,,NY,US,Crossways Park Drive West,11797
3C:71:BF:4E:EF:C9,Traeger-EFC9,40.573246,-111.84358215,3C:71:BF,5,wpa2,2026-02-13T09:00:00.000Z,2026-02-13T01:00:00.000Z,Sandy,UT,US,9800 South,84092
3C:71:BF:4E:F1:05,Traeger-F105,36.02872086,-94.17259979,3C:71:BF,5,wpa2,2026-03-25T17:00:00.000Z,2026-03-25T11:00:00.000Z,Fayetteville,AR,US,South School Avenue,72701
3C:71:BF:4E:F1:11,Traeger-F111,40.39112091,-111.80619049,3C:71:BF,5,wpa2,2026-05-20T23:00:00.000Z,2026-08-11T08:00:00.000Z,,UT,US,North 300 West,84003
3C:71:BF:4E:F3:C5,Traeger-F3C5,49.23722458,-122.87312317,3C:71:BF,5,wpa2,2021-09-11T13:00:00.000Z,2026-06-13T19:00:00.000Z,Coquitlam,British Columbia,CA,Blue Mountain Street,V3K 1C7
3C:71:BF:4E:F6:D1,Traeger-F6D1,41.31118393,-105.62918091,3C:71:BF,5,wpa2,2024-10-13T00:00:00.000Z,2026-01-13T18:00:00.000Z,Laramie,WY,US,Snowy Range Road,82070
3C:71:BF:4E:F9:C5,Traeger-F9C5,36.72805786,-95.90909576,3C:71:BF,5,wpa2,2026-03-03T20:00:00.000Z,2026-03-07T15:00:00.000Z,Bartlesville,OK,US,Nowata Road,74006
3C:71:BF:4E:F9:ED,Traeger-F9ED,39.59138489,-119.69684601,3C:71:BF,5,wpa2,2025-10-11T23:00:00.000Z,2026-06-24T23:00:00.000Z,,NV,US,Spandrell Circle,98436
3C:71:BF:4E:FA:0D,Traeger-FA0D,43.42690659,-80.42292786,3C:71:BF,5,wpa2,2026-01-12T13:00:00.000Z,2026-01-12T10:00:00.000Z,Kitchener,Ontario,CA,Morgan Avenue,N2A 2Z6
3C:71:BF:4E:FA:35,Traeger-FA35,37.08794022,-121.01602173,3C:71:BF,5,wpa2,2021-06-13T17:00:00.000Z,2025-06-24T19:00:00.000Z,,CA,US,Santa Nella Road,95322
3C:71:BF:4E:FB:81,Traeger-FB81,53.5107193,-113.58708954,3C:71:BF,5,wpa2,2025-05-15T16:00:00.000Z,2025-05-16T01:00:00.000Z,Edmonton,Alberta,CA,154A Street NW,T5R 1R7
3C:71:BF:4E:FC:ED,Traeger-FCED,42.03771973,-71.24344635,3C:71:BF,5,wpa2,2026-06-12T22:00:00.000Z,2026-06-16T06:00:00.000Z,,MA,US,Fisher Street,02048-1905
3C:71:BF:4E:FD:29,Traeger-FD29,33.62662888,-112.09109497,3C:71:BF,5,wpa2,2022-10-25T21:00:00.000Z,2025-01-21T17:00:00.000Z,Phoenix,AZ,US,West Greenway Parkway,85023-8203
3C:71:BF:4E:FD:45,Traeger-FD45,38.86833954,-121.31090546,3C:71:BF,5,wpa2,2025-09-27T00:00:00.000Z,2026-08-10T10:00:00.000Z,Lincoln,CA,US,Ferrari Ranch Road,95648
3C:71:BF:4E:FD:FD,Traeger-FDFD,47.81693268,-110.68796539,3C:71:BF,5,wpa2,2025-08-05T14:00:00.000Z,2025-10-28T16:00:00.000Z,,MT,US,MT 386,59442
3C:71:BF:4E:FE:85,Traeger-FE85,43.61384583,-116.38963318,3C:71:BF,5,wpa2,2026-06-10T20:00:00.000Z,2026-06-17T11:00:00.000Z,Meridian,ID,US,East Carlton Avenue,83642
3C:71:BF:4F:00:85,Traeger-0085,40.66500473,-111.87111664,3C:71:BF,5,wpa2,2022-01-14T18:00:00.000Z,2024-08-25T17:00:00.000Z,,UT,US,4800 South,84107
3C:71:BF:4F:00:91,Traeger-0091,42.32070923,-71.21427917,3C:71:BF,5,wpa2,2026-05-31T23:00:00.000Z,2026-07-30T16:00:00.000Z,Newton,MA,US,Woodward Street,02461
3C:71:BF:4F:01:11,Traeger-0111,46.80604553,-92.06879425,3C:71:BF,5,wpa2,2025-09-03T23:00:00.000Z,2025-09-04T01:00:00.000Z,Duluth,MN,US,Jefferson Street,55812
3C:71:BF:4F:02:E1,Traeger-02E1,45.67120361,-111.10474396,3C:71:BF,5,wpa2,2025-03-26T00:00:00.000Z,2025-09-04T03:00:00.000Z,Bozeman,MT,US,Huffine Lane,59718
3C:71:BF:4F:02:F8,,37.68806076,-97.4541626,3C:71:BF,1,unknown,2026-05-15T22:00:00.000Z,2026-05-15T19:00:00.000Z,Wichita,KS,US,North Fairway Street,67212
3C:71:BF:4F:03:39,Traeger-0339,37.71647644,-120.95141602,3C:71:BF,5,wpa2,2025-09-11T16:00:00.000Z,2025-09-11T09:00:00.000Z,,CA,US,Squire Wells Way,95367
3C:71:BF:4F:05:81,Traeger-0581,44.88528442,-94.38818359,3C:71:BF,5,wpa2,2024-08-01T00:00:00.000Z,2024-08-28T03:00:00.000Z,,MN,US,Roberts Road Southwest,55350
3C:71:BF:4F:06:11,Traeger-0611,33.84922028,-111.84980011,3C:71:BF,5,wpa2,2024-09-16T21:00:00.000Z,2024-09-16T15:00:00.000Z,Scottsdale,AZ,US,North 107th Street,85262
3C:71:BF:4F:06:7D,Traeger-067D,46.28318405,-111.49715424,3C:71:BF,5,wpa2,2019-12-28T19:00:00.000Z,2025-07-26T17:00:00.000Z,,MT,US,US 287,
3C:71:BF:4F:09:39,Traeger-0939,43.59011078,-116.41025543,3C:71:BF,5,wpa2,2024-06-30T21:00:00.000Z,2026-07-31T18:00:00.000Z,Meridian,ID,US,West Overland Road,83642
3C:71:BF:4F:0A:3D,Traeger-0A3D,42.63496017,-83.17295074,3C:71:BF,5,wpa2,2026-01-10T03:00:00.000Z,2026-07-08T19:00:00.000Z,,MI,US,West Auburn Road,48309
3C:71:BF:4F:0B:79,Traeger-0B79,32.95123672,-96.38912964,3C:71:BF,5,wpa2,2024-11-03T14:00:00.000Z,2024-11-20T13:00:00.000Z,Fate,TX,US,C D Boren Parkway,75132
3C:71:BF:4F:0D:C9,Traeger-0DC9,39.01410675,-94.65598297,3C:71:BF,5,wpa2,2026-01-21T14:00:00.000Z,2026-01-21T09:00:00.000Z,,KS,US,Beverly Drive,66202
3C:71:BF:4F:0D:E1,Traeger-0DE1,42.49226761,-88.85150146,3C:71:BF,5,wpa2,2020-06-07T11:00:00.000Z,2026-01-09T15:00:00.000Z,,IL,US,Fairgrounds Road,61065
3C:71:BF:4F:0E:65,Traeger-0E65,40.7330513,-74.26390076,3C:71:BF,5,wpa2,2024-10-21T20:00:00.000Z,2024-10-22T09:00:00.000Z,,NJ,US,Prospect Street,07040
3C:71:BF:50:10:99,ESP_501099,36.55424881,-121.92047882,3C:71:BF,1,unknown,2026-06-20T23:00:00.000Z,2026-06-21T16:00:00.000Z,,CA,US,Junipero Street,93921
3C:71:BF:50:1C:A0,,39.95686722,-86.02248383,3C:71:BF,0,unknown,2024-09-17T02:00:00.000Z,2025-07-16T18:00:00.000Z,,IN,US,East 116th Street,46038
3C:71:BF:50:1D:09,ESP_501D09,34.19549942,-118.65681458,3C:71:BF,1,unknown,2023-11-06T23:00:00.000Z,2024-08-27T19:00:00.000Z,Los Angeles,CA,US,Valley Circle Boulevard,91307
3C:71:BF:50:24:CD,ESP_5024CD,47.72267532,-116.94434357,3C:71:BF,1,unknown,2024-09-24T21:00:00.000Z,2026-06-12T15:00:00.000Z,,ID,US,East 15th Avenue,83877-0010
3C:71:BF:50:32:04,,27.8429184,-82.72454071,3C:71:BF,3,unknown,2025-07-01T21:00:00.000Z,2025-07-01T19:00:00.000Z,Pinellas Park,FL,US,64th Street North,33781
3C:71:BF:50:39:FD,ESP_5039FD,40.01351547,-105.13300323,3C:71:BF,1,unknown,2025-05-19T19:00:00.000Z,2025-05-19T17:00:00.000Z,,CO,US,Dagny Way,80026
3C:71:BF:50:3B:C0,,36.12955093,-115.09835815,3C:71:BF,0,unknown,2025-05-16T15:00:00.000Z,2025-05-20T15:00:00.000Z,,NV,US,Horizon Street,89121
3C:71:BF:50:4B:6D,SGPH_EVO-504b6c,14.61629295,121.01629639,3C:71:BF,1,wpa2,2025-05-03T10:00:00.000Z,2025-05-03T07:00:00.000Z,Quezon City,Metro Manila,PH,Skyway,1100
3C:71:BF:50:5E:A5,ESP_505EA5,47.26517487,-122.46383667,3C:71:BF,1,none,2026-04-25T19:00:00.000Z,2026-05-07T18:00:00.000Z,Tacoma,WA,US,North J Street,98403-1926
3C:71:BF:50:5F:DD,ESP_505FDD,33.96026993,-118.20471191,3C:71:BF,1,unknown,2023-12-15T17:00:00.000Z,2025-10-30T14:00:00.000Z,South Gate,CA,US,Liberty Boulevard,90280
3C:71:BF:50:70:FD,ESP_5070FD,38.91658401,-94.44287109,3C:71:BF,1,unknown,2025-07-17T14:00:00.000Z,2025-07-17T09:00:00.000Z,Lee's Summit,MO,US,Northwest Mackenzie Drive,64081
3C:71:BF:50:78:DC,,40.76224136,-73.72331238,3C:71:BF,5,unknown,2025-08-15T15:00:00.000Z,2025-08-15T08:00:00.000Z,City of New York,NY,US,Little Neck Parkway,11362
3C:71:BF:50:86:C9,ESP_5086C9,34.71485519,-92.36001587,3C:71:BF,1,unknown,2026-06-17T22:00:00.000Z,2026-06-30T04:00:00.000Z,Little Rock,AR,US,Colonel Glenn Road,72204
3C:71:BF:50:93:C9,ESP_5093C9,47.65415955,-122.35851288,3C:71:BF,1,unknown,2026-02-20T01:00:00.000Z,2026-02-19T18:00:00.000Z,Seattle,WA,US,Northwest 39th Street,98107
3C:71:BF:50:AC:D1,ESP_50ACD1,35.07053375,-81.76276398,3C:71:BF,1,unknown,2024-12-13T18:00:00.000Z,2024-12-13T14:00:00.000Z,,SC,US,I 85,29330:29341
3C:71:BF:50:CD:24,,39.72324371,-86.14447784,3C:71:BF,1,wpa2,2026-06-16T12:00:00.000Z,2026-06-19T11:00:00.000Z,Indianapolis,IN,US,Allen Avenue,46203
3C:71:BF:50:EB:84,,44.94587326,-93.13309479,3C:71:BF,11,wpa2,2026-06-28T01:00:00.000Z,2026-06-27T19:00:00.000Z,Saint Paul,MN,US,Hague Avenue,55104
3C:71:BF:50:EF:61,ESP_50EF61,38.97130203,-90.07470703,3C:71:BF,1,none,2023-12-12T14:00:00.000Z,2026-03-20T16:00:00.000Z,Alton,IL,US,Fosterburg Road,62002
3C:71:BF:50:F6:A5,ESP_50F6A5,41.97219086,-87.69084167,3C:71:BF,1,none,2026-06-11T21:00:00.000Z,2026-07-25T11:00:00.000Z,Chicago,IL,US,North Lincoln Avenue,60625
3C:71:BF:51:03:0C,,43.41591263,-72.46054077,3C:71:BF,4,unknown,2025-06-14T19:00:00.000Z,2025-06-14T15:00:00.000Z,Weathersfield,VT,US,Vermont Route 131,05030
3C:71:BF:51:30:49,ESP_513049,43.77609634,-103.60682678,3C:71:BF,1,unknown,2025-03-10T17:00:00.000Z,2025-03-15T09:00:00.000Z,,SD,US,Lechner Lane,57730
3C:71:BF:52:12:D1,SharkBang_H1_5212D0,22.28336143,114.17230225,3C:71:BF,9,unknown,2026-04-13T04:00:00.000Z,2026-04-13T00:00:00.000Z,香港島 Hong Kong Island,香港 Hong Kong,CN,博覽道 Expo Drive,
3C:71:BF:52:C5:89,KRUGERTIME - 52C589,-26.29416466,-48.85807419,3C:71:BF,1,wpa2,2024-01-25T13:00:00.000Z,2024-10-26T15:00:00.000Z,Joinville,Santa Catarina,BR,Rua Max Colin,89204-041
3C:71:BF:52:D0:75,HomeHub,48.97920227,8.98628902,3C:71:BF,1,wpa2,2026-05-07T15:00:00.000Z,2026-05-08T06:00:00.000Z,,Baden-Württemberg,DE,Pforzheimer Straße,71665
3C:71:BF:53:4E:59,nmap-2.4g,28.9904995,-82.19252777,3C:71:BF,1,none,2026-07-18T18:00:00.000Z,2026-07-18T12:00:00.000Z,,FL,US,Southwest 42nd Court,34473
3C:71:BF:53:5A:9D,SharkBang_H1_535A9C,22.28324127,114.17221832,3C:71:BF,5,unknown,2026-04-14T03:00:00.000Z,2026-04-14T02:00:00.000Z,香港島 Hong Kong Island,香港 Hong Kong,CN,博覽道 Expo Drive,
3C:71:BF:59:12:81,RetroElectro20,53.8183136,-1.72914898,3C:71:BF,1,wpa2,2025-07-17T12:00:00.000Z,2025-10-13T07:00:00.000Z,Bradford,England,GB,Stone Hall Road,BD2 2EJ
3C:71:BF:5A:7D:31,BarraGreenRefletores,-5.83875942,-35.22450256,3C:71:BF,1,wpa2,2024-08-15T11:00:00.000Z,2026-07-17T19:00:00.000Z,Natal,Rio Grande do Norte,BR,Avenida Governador Tarcísio de Vasconcelos Maia,59065-580
3C:71:BF:5A:81:69,FREVA-05H,51.11378098,5.55248928,3C:71:BF,2,wpa2,2020-02-18T07:00:00.000Z,2025-11-02T01:00:00.000Z,,Limburg,BE,Soetebeek,3670
3C:71:BF:5A:A5:45,PMV_CCR_28,-22.50463295,-44.60551071,3C:71:BF,1,wpa2,2024-12-28T13:00:00.000Z,2026-08-01T12:00:00.000Z,Itatiaia,Rio de Janeiro,BR,Rodovia Presidente Dutra,275800-000
3C:71:BF:5C:A1:8D,NeoGSMIP,49.83773422,20.43440056,3C:71:BF,1,wpa2,2025-02-21T09:00:00.000Z,2025-02-21T01:00:00.000Z,,województwo małopolskie,PL,965,32-731
3C:71:BF:5C:E0:BD,ESP_5CE0BD,-23.52070427,-46.19682693,3C:71:BF,1,unknown,2025-03-05T23:00:00.000Z,2025-03-05T15:00:00.000Z,Mogi das Cruzes,São Paulo,BR,Rua Hamilton da Costa,08710-440
3C:71:BF:5C:E1:89,,45.56027222,-73.63095093,3C:71:BF,1,wpa2,2020-08-14T16:00:00.000Z,2025-09-04T14:00:00.000Z,Montréal,Québec,CA,Avenue Papineau,H2M 0A5
3C:71:BF:5C:E1:A9,,47.53924561,-70.21251678,3C:71:BF,5,wpa2,2026-06-23T13:00:00.000Z,2026-06-23T09:00:00.000Z,,Québec,CA,Chemin des Bains,G0T 1V0
3C:71:BF:5C:E1:C9,,45.55677032,-73.61620331,3C:71:BF,5,wpa2,2026-03-10T16:00:00.000Z,2026-03-11T17:00:00.000Z,Montréal,Québec,CA,Rue Bélanger,H2S 1H1
3C:71:BF:5C:E1:D5,,45.63853836,-73.65174103,3C:71:BF,5,wpa2,2025-10-15T14:00:00.000Z,2025-10-15T14:00:00.000Z,Laval (13),Québec,CA,Autoroute Jean-Noël-Lavoie,H7C 0A5
3C:71:BF:5C:E2:01,,46.04699707,-74.2861557,3C:71:BF,5,wpa2,2024-05-30T13:00:00.000Z,2025-06-16T13:00:00.000Z,,Québec,CA,Rue Principale Est,J8C 1J8
3C:71:BF:5C:E5:45,,46.78987122,-71.27426147,3C:71:BF,5,wpa2,2026-07-10T16:00:00.000Z,2026-07-21T02:00:00.000Z,Québec,Québec,CA,Rue de Belmont,G1V 4V2
3C:71:BF:5C:E5:4D,,45.59774017,-73.6769104,3C:71:BF,5,wpa2,2021-11-15T15:00:00.000Z,2025-10-03T17:00:00.000Z,Laval (13),Québec,CA,Avenue Saguenay,H7E 4X6
3C:71:BF:5C:E5:8D,,46.06319046,-74.2854538,3C:71:BF,1,wpa2,2024-09-12T14:00:00.000Z,2025-07-04T20:00:00.000Z,,Québec,CA,Autoroute des Laurentides,J8C 2Z8
3C:71:BF:5C:E5:A5,,46.34211731,-71.90758514,3C:71:BF,5,wpa2,2024-07-03T19:00:00.000Z,2025-12-18T10:00:00.000Z,,Québec,CA,Autoroute Jean-Lesage,G0X 1V0
3C:71:BF:5C:E5:C9,,45.58477783,-73.65547943,3C:71:BF,1,wpa2,2020-12-16T10:00:00.000Z,2026-03-05T09:00:00.000Z,Montréal,Québec,CA,Rue Prieur Est,H2B 1K3
3C:71:BF:5C:E5:E5,,45.59026337,-73.52590942,3C:71:BF,5,wpa2,2021-04-09T08:00:00.000Z,2025-02-04T14:00:00.000Z,Montréal,Québec,CA,Rue Curatteau,H1N 3V2
3C:71:BF:5C:E5:F5,,45.74090195,-73.98866272,3C:71:BF,5,wpa2,2020-09-10T17:00:00.000Z,2025-09-02T06:00:00.000Z,,Québec,CA,Montée Guénette,J7J2E2
3C:71:BF:5C:E5:FD,,46.88341522,-71.28946686,3C:71:BF,5,wpa2,2026-06-10T20:00:00.000Z,2026-07-14T07:00:00.000Z,Québec,Québec,CA,Boulevard Henri-Bourassa,G1G 1K8
3C:71:BF:5C:E7:C5,,45.46741867,-73.64359283,3C:71:BF,5,wpa2,2023-09-07T07:00:00.000Z,2025-03-18T15:00:00.000Z,Montréal,Québec,CA,Avenue Fielding,H4V 1T1
3C:71:BF:5C:E7:D9,,43.72584534,-79.46807861,3C:71:BF,5,wpa2,2025-04-10T01:00:00.000Z,2026-08-12T17:00:00.000Z,Toronto,Ontario,CA,Highway 401 Express,M3K 2A7
3C:71:BF:5C:E8:10,,45.49735641,-73.65792847,3C:71:BF,0,unknown,2025-01-05T17:00:00.000Z,2025-01-07T14:00:00.000Z,Montréal,Québec,CA,Boulevard Décarie,H4P2H4
3C:71:BF:5C:E8:11,,45.495327,-73.53073883,3C:71:BF,1,wpa2,2023-03-23T06:00:00.000Z,2026-02-23T16:00:00.000Z,Montréal,Québec,CA,Pont Victoria,H3C 3R5
3C:71:BF:5C:E8:15,,45.57799149,-73.5819397,3C:71:BF,5,wpa2,2026-05-15T17:00:00.000Z,2026-07-22T22:00:00.000Z,Montréal,Québec,CA,Rue Dollier,H1S 1K8
3C:71:BF:5C:E8:39,""" (Cloaked)",45.52239227,-73.65350342,3C:71:BF,5,wep,2020-09-02T12:00:00.000Z,2026-03-09T14:00:00.000Z,Montréal,Québec,CA,Rue Gagnon,H3P 1A2
3C:71:BF:5C:E8:4C,,45.44327545,-73.66031647,3C:71:BF,0,unknown,2025-05-05T20:00:00.000Z,2025-05-07T15:00:00.000Z,Montréal,Québec,CA,Boulevard de Montréal-Toronto,H8S 4M1
3C:71:BF:5C:E8:4D,,45.45400238,-73.64610291,3C:71:BF,5,wpa2,2023-05-26T13:00:00.000Z,2025-03-24T13:00:00.000Z,,Québec,CA,Avenue Ballantyne Nord,H4X 1Z3
3C:71:BF:5C:E8:F1,,45.51397705,-73.68235779,3C:71:BF,5,wpa2,2020-08-21T13:00:00.000Z,2026-03-03T14:00:00.000Z,Montréal,Québec,CA,Boulevard Décarie,H4L 3M5
3C:71:BF:5C:E8:FD,,46.33183289,-72.58511353,3C:71:BF,5,wpa2,2024-11-06T15:00:00.000Z,2026-03-24T15:00:00.000Z,Trois-Rivières,Québec,CA,Rue de la Sidbec Sud,G9A 6P9
3C:71:BF:5C:E9:1D,,48.3997612,-71.26177216,3C:71:BF,5,wpa2,2025-07-09T16:00:00.000Z,2025-07-09T10:00:00.000Z,,Québec,CA,Rue Saint-Dominique,G7X 0M4
3C:71:BF:5C:E9:3C,,45.44264221,-73.65784454,3C:71:BF,0,unknown,2025-07-09T20:00:00.000Z,2025-07-11T18:00:00.000Z,Montréal,Québec,CA,Boulevard de Montréal-Toronto,H8S 4M1
3C:71:BF:5C:E9:3D,,45.44264221,-73.65784454,3C:71:BF,0,unknown,2025-07-09T20:00:00.000Z,2025-07-11T18:00:00.000Z,Montréal,Québec,CA,Boulevard de Montréal-Toronto,H8S 4M1
3C:71:BF:5C:E9:5D,,45.87584305,-72.54724121,3C:71:BF,5,wpa2,2025-03-13T11:00:00.000Z,2026-03-27T01:00:00.000Z,Drummondville,Québec,CA,Rue Kunz,J2B 8A9
3C:71:BF:5C:E9:61,,45.37122345,-73.02632904,3C:71:BF,5,wpa2,2024-08-28T15:00:00.000Z,2024-09-19T06:00:00.000Z,,Québec,CA,Rang de la Rivière Est,J0J 1X0
3C:71:BF:5C:E9:81,,45.82782745,-74.02194214,3C:71:BF,5,wpa2,2026-05-19T14:00:00.000Z,2026-06-19T12:00:00.000Z,Saint-Jérôme,Québec,CA,Boulevard des Hauteurs,J7Y 3S3
3C:71:BF:5C:E9:88,,45.49633408,-73.6559906,3C:71:BF,0,unknown,2025-05-05T20:00:00.000Z,2025-05-07T15:00:00.000Z,Montréal,Québec,CA,Boulevard Décarie,H4P 2H2
3C:71:BF:5C:E9:89,,45.49634933,-73.65604401,3C:71:BF,5,wpa2,2025-03-07T18:00:00.000Z,2025-05-07T15:00:00.000Z,Montréal,Québec,CA,Boulevard Décarie,H4P 2H2
3C:71:BF:5C:E9:95,,45.51589966,-73.65765381,3C:71:BF,5,wpa2,2022-01-20T11:00:00.000Z,2026-03-06T03:00:00.000Z,,Québec,CA,Chemin de la Côte-de-Liesse,H4N 3C2
3C:71:BF:5C:E9:99,,45.46757889,-73.69935608,3C:71:BF,5,wpa2,2026-03-20T01:00:00.000Z,2026-03-20T11:00:00.000Z,Montréal,Québec,CA,Rue Louis-A.-Amos,H4T 1E7
3C:71:BF:5C:E9:B4,,45.43524551,-73.79104614,3C:71:BF,0,unknown,2022-01-23T19:00:00.000Z,2025-04-17T17:00:00.000Z,,Québec,CA,,
3C:71:BF:5C:E9:B5,,45.4327507,-73.88625336,3C:71:BF,1,wpa2,2021-01-05T13:00:00.000Z,2026-03-27T01:00:00.000Z,,Québec,CA,Rue James Shaw,H9W 6E4
3C:71:BF:5C:EA:4C,,45.69373703,-73.65097046,3C:71:BF,0,unknown,2025-06-14T11:00:00.000Z,2025-06-20T13:00:00.000Z,,Québec,CA,Rue de Vérone,J6W 4K3
3C:71:BF:5C:EA:4D,,45.57449341,-73.61742401,3C:71:BF,5,wpa2,2023-01-06T20:00:00.000Z,2026-06-11T14:00:00.000Z,Montréal,Québec,CA,Boulevard Pie-IX,H1Z 3Z8
3C:71:BF:5C:EA:61,,45.40953827,-73.14376831,3C:71:BF,0,wpa2,2025-06-17T14:00:00.000Z,2025-07-21T10:00:00.000Z,,Québec,CA,Autoroute des Cantons-de-l'Est,J3M 1R1
3C:71:BF:5C:EA:7D,,45.60711288,-73.60057068,3C:71:BF,5,wpa2,2020-11-27T07:00:00.000Z,2025-02-08T21:00:00.000Z,Montréal,Québec,CA,Rue Pascal-Gagnon,H1P 2X4
3C:71:BF:5C:EA:89,,46.61612701,-71.51339722,3C:71:BF,5,wpa2,2025-06-19T12:00:00.000Z,2026-06-13T20:00:00.000Z,,Québec,CA,Autoroute Jean-Lesage,G0S 2E0
3C:71:BF:5C:EA:BD,,45.61325455,-73.63000488,3C:71:BF,0,wpa2,2020-08-17T11:00:00.000Z,2025-07-24T06:00:00.000Z,Montréal,Québec,CA,Rue Arthur-Chevrier,H1G 3W1
3C:71:BF:5C:EA:CD,,42.51704788,-83.19939423,3C:71:BF,5,wpa2,2026-01-13T21:00:00.000Z,2026-05-08T06:00:00.000Z,,MI,US,Garden Avenue,48073
3C:71:BF:5C:EA:D5,,45.58401108,-73.63694763,3C:71:BF,5,wpa2,2021-10-21T17:00:00.000Z,2025-10-29T11:00:00.000Z,Montréal,Québec,CA,Rue Fleury Est,H1H 2V1
3C:71:BF:5C:FD:C1,SBMS-040,37.77072144,23.46193314,3C:71:BF,1,unknown,2024-09-30T10:00:00.000Z,2024-10-03T12:00:00.000Z,,Αποκεντρωμένη Διοίκηση Αττικής,GR,Στρατηγού Γεωργίου Μπήτρου,180 10
3C:71:BF:5C:FF:AD,ESP_5CFFAD,-23.54510307,-46.67360306,3C:71:BF,1,unknown,2024-08-31T02:00:00.000Z,2026-01-26T08:00:00.000Z,São Paulo,São Paulo,BR,Rua Zequinha de Abreu,01237-000
3C:71:BF:5C:FF:CD,ESP_5CFFCD,-23.52282715,-46.61006927,3C:71:BF,1,unknown,2024-12-11T16:00:00.000Z,2024-12-25T13:00:00.000Z,São Paulo,São Paulo,BR,Marginal Tietê (Expressa),02063-000
3C:71:BF:5D:00:71,ESP_5D0071,-23.56629181,-46.51161194,3C:71:BF,1,unknown,2024-06-06T16:00:00.000Z,2026-06-13T12:00:00.000Z,São Paulo,São Paulo,BR,Avenida Rio das Pedras,03453-100
3C:71:BF:5D:02:A9,ESP_5D02A9,-23.64710426,-46.70199203,3C:71:BF,1,unknown,2024-11-22T11:00:00.000Z,2024-11-25T06:00:00.000Z,São Paulo,São Paulo,BR,Avenida Adolfo Pinheiro,04734-001
3C:71:BF:5D:02:D9,ESP_5D02D9,-23.55863571,-46.65120316,3C:71:BF,1,none,2023-02-02T13:00:00.000Z,2024-09-26T04:00:00.000Z,São Paulo,São Paulo,BR,Rua Itapeva,01332-000
3C:71:BF:5D:02:F9,ESP_5D02F9,-23.54535484,-46.66790771,3C:71:BF,1,none,2020-09-26T12:00:00.000Z,2025-09-30T17:00:00.000Z,São Paulo,São Paulo,BR,Avenida Arnolfo Azevedo,01237-000
3C:71:BF:5E:E1:19,DY-WiFi-E118,-37.67405701,176.16917419,3C:71:BF,1,wpa2,2025-03-10T19:00:00.000Z,2025-03-19T20:00:00.000Z,Tauranga,Bay of Plenty,NZ,Takitimu Drive,3143
3C:71:BF:5E:E4:0C,,52.51986694,9.0750103,3C:71:BF,2,unknown,2025-05-10T11:00:00.000Z,2025-05-10T09:00:00.000Z,,Niedersachsen,DE,Schinnaer Landstraße,31592
3C:71:BF:5F:62:85,poco-8462,25.21154594,55.33597565,3C:71:BF,1,wpa2,2023-08-07T13:00:00.000Z,2024-11-15T23:00:00.000Z,دبي,دبي,AE,Al Jaddaf Walk,92137
3C:71:BF:5F:C5:29,HZN: #0302422,40.26260757,-96.64198303,3C:71:BF,3,unknown,2024-09-03T18:00:00.000Z,2024-09-03T16:00:00.000Z,,NE,US,East US Highway 136,
3C:71:BF:5F:D3:0D,ACS_373911,50.97187805,6.67438459,3C:71:BF,7,wpa2,2026-03-05T17:00:00.000Z,2026-03-18T13:00:00.000Z,,Nordrhein-Westfalen,DE,An der Bahn,50129
3C:71:BF:60:1F:01,M5FishEyeCam,49.46894455,8.59431648,3C:71:BF,1,none,2021-08-21T12:00:00.000Z,2025-10-24T16:00:00.000Z,,Baden-Württemberg,DE,Wingertsäcker,68535
3C:71:BF:60:20:31,HZN: #0302610,40.12769699,-76.51477814,3C:71:BF,3,unknown,2024-10-09T21:00:00.000Z,2024-10-09T14:00:00.000Z,,PA,US,PA 283,17552
3C:71:BF:60:23:B1,HZN: #0302689,42.17424774,-82.55654907,3C:71:BF,3,unknown,2025-11-04T21:00:00.000Z,2025-11-04T19:00:00.000Z,,Ontario,CA,Highway 77,N0P1J0
3C:71:BF:60:2E:D9,ecoazur-2edb,46.85536957,-71.41537476,3C:71:BF,1,wpa2,2026-02-14T22:00:00.000Z,2026-02-15T11:00:00.000Z,Québec,Québec,CA,Boulevard Pie-XI Nord,G3K 2S6
3C:71:BF:60:31:C1,ecoazur_31c3,45.49559402,-73.65367889,3C:71:BF,1,wpa2,2025-02-09T23:00:00.000Z,2026-02-11T06:00:00.000Z,Montréal,Québec,CA,Boulevard Décarie,H4P 2G8
3C:71:BF:60:31:E5,ecoazur_31e7,32.95715332,-117.03868866,3C:71:BF,1,wpa2,2025-02-27T18:00:00.000Z,2026-07-20T03:00:00.000Z,Poway,CA,US,Poway Road,92064
3C:71:BF:60:31:F1,ecoazur_31f3,37.30940247,-122.01340485,3C:71:BF,1,wpa2,2026-01-04T01:00:00.000Z,2026-01-03T17:00:00.000Z,San Jose,CA,US,Miller Avenue,95129
3C:71:BF:60:33:05,ecoazur_3307,29.94742393,-90.06336975,3C:71:BF,1,wpa2,2025-07-12T20:00:00.000Z,2025-07-12T22:00:00.000Z,New Orleans,LA,US,Poydras Street,70130
3C:71:BF:60:33:3D,ecoazur_333f,38.88197327,-94.60268402,3C:71:BF,1,wpa2,2025-08-24T03:00:00.000Z,2025-08-25T18:00:00.000Z,Kansas City,MO,US,Washington Street,64145
3C:71:BF:60:33:61,ecoazur_3363,32.95925903,-117.12494659,3C:71:BF,1,wpa2,2025-10-25T16:00:00.000Z,2025-10-25T20:00:00.000Z,San Diego,CA,US,Paseo Montalban,92129
3C:71:BF:60:33:7D,ecoazur_337f,47.17392349,8.51629448,3C:71:BF,1,wpa2,2026-04-01T10:00:00.000Z,2026-04-30T22:00:00.000Z,,Zug,CH,Baarerstrasse,6300
3C:71:BF:60:33:99,ecoazur_339b,42.20785904,-88.1116333,3C:71:BF,1,wpa2,2025-06-20T18:00:00.000Z,2025-06-28T09:00:00.000Z,,IL,US,North Rand Road,60047
3C:71:BF:60:34:81,ecoazur_3483,34.10675049,-117.61293793,3C:71:BF,1,wpa2,2026-05-27T11:00:00.000Z,2026-05-27T16:00:00.000Z,Rancho Cucamonga,CA,US,Foothill Boulevard,91730
3C:71:BF:60:42:BD,ACS_3937AD,49.97854996,9.15398407,3C:71:BF,7,wpa2,2025-12-27T12:00:00.000Z,2026-01-16T12:00:00.000Z,,Bayern,DE,Fabrikstraße,63739
3C:71:BF:60:45:B5,Muellraum,48.14811707,11.59487724,3C:71:BF,7,wpa2,2023-02-17T08:00:00.000Z,2026-07-07T19:00:00.000Z,München,Bayern,DE,Lerchenfeldstraße,80538
3C:71:BF:60:5A:79,ecoazur_5a7b,38.592453,-90.57717133,3C:71:BF,1,wpa2,2026-03-06T00:00:00.000Z,2026-03-07T10:00:00.000Z,,MO,US,Manchester Road,63011
3C:71:BF:60:5A:7D,ecoazur_5a7f,33.86634445,-118.20025635,3C:71:BF,1,wpa2,2024-12-07T23:00:00.000Z,2024-12-07T16:00:00.000Z,Long Beach,CA,US,Long Beach Boulevard,90805
3C:71:BF:60:5A:C9,ecoazur_5acb,34.09216309,-117.2935791,3C:71:BF,1,wpa2,2025-03-31T22:00:00.000Z,2026-04-09T18:00:00.000Z,San Bernardino,CA,US,West Mill Street,92415
3C:71:BF:60:5B:1D,ecoazur_5b1f,33.91744614,-117.92541504,3C:71:BF,1,wpa2,2024-10-27T21:00:00.000Z,2026-04-10T12:00:00.000Z,Fullerton,CA,US,Imperial Highway,92835
3C:71:BF:60:5B:49,ecoazur_5b4b,33.88950729,-118.15235901,3C:71:BF,1,wpa2,2025-01-12T08:00:00.000Z,2025-01-12T01:00:00.000Z,,CA,US,Alondra Boulevard,90638
3C:71:BF:60:5B:55,ecoazur_5b57,38.58081055,-92.20556641,3C:71:BF,1,wpa2,2025-08-21T01:00:00.000Z,2025-09-26T22:00:00.000Z,Jefferson City,MO,US,Wicker Lane,65109
3C:71:BF:60:5B:89,ecoazur_5b8b,41.94452286,-88.02158356,3C:71:BF,1,wpa2,2026-01-28T17:00:00.000Z,2026-01-28T14:00:00.000Z,,IL,US,West Lake Street,60101
3C:71:BF:60:5B:A9,ecoazur_5bab,38.56867981,-90.47687531,3C:71:BF,1,wpa2,2025-01-17T17:00:00.000Z,2026-03-16T00:00:00.000Z,,MO,US,Dougherty Ferry Road,63122
3C:71:BF:60:5B:B9,ecoazur_5bbb,37.99627686,-122.2852478,3C:71:BF,1,wpa2,2025-04-06T09:00:00.000Z,2025-04-06T05:00:00.000Z,,CA,US,Pinole Valley Road,94564
3C:71:BF:60:71:71,ESP_607171,55.71893311,8.58995819,3C:71:BF,1,unknown,2024-08-22T09:00:00.000Z,2024-08-22T07:00:00.000Z,,Region Syddanmark,DK,Hornevej,6862
3C:71:BF:60:74:9D,ESP_60749D,49.28575897,-122.82275391,3C:71:BF,1,unknown,2025-08-06T21:00:00.000Z,2025-08-10T23:00:00.000Z,Port Moody,British Columbia,CA,Guildford Way,V3H 3W9
3C:71:BF:60:8D:E5,GNRainbowNet_608DE5,37.76752472,-122.4066925,3C:71:BF,1,wpa2,2025-09-26T19:00:00.000Z,2025-09-26T13:00:00.000Z,San Francisco,CA,US,Utah Street,90103
3C:71:BF:60:C5:E8,,39.96380997,-86.02679443,3C:71:BF,7,unknown,2024-06-17T09:00:00.000Z,2025-07-16T17:00:00.000Z,,IN,US,Colbarn Drive,46038
3C:71:BF:60:CA:49,ESP_60CA49,33.95583725,-83.42125702,3C:71:BF,1,unknown,2025-08-08T19:00:00.000Z,2025-08-08T18:00:00.000Z,Athens-Clarke County Unified Government,GA,US,Jarrett Court,30606
3C:71:BF:60:CC:7C,,43.11830902,-89.32226562,3C:71:BF,6,wpa2,2026-08-06T18:00:00.000Z,2026-08-06T11:00:00.000Z,Madison,WI,US,East Washington Avenue,53701
3C:71:BF:60:CD:40,,45.00968552,-93.08964539,3C:71:BF,6,wpa2,2026-07-20T13:00:00.000Z,2026-07-25T08:00:00.000Z,,MN,US,I 35E;US 10,55113-3726
3C:71:BF:60:CE:C5,ESP_60CEC5,39.78031921,-86.24879456,3C:71:BF,1,unknown,2024-11-12T18:00:00.000Z,2024-11-12T10:00:00.000Z,Indianapolis,IN,US,West 10th Street,46224
3C:71:BF:60:CF:80,,47.47529602,-122.21478271,3C:71:BF,6,wpa2,2026-08-05T01:00:00.000Z,2026-08-04T21:00:00.000Z,,WA,US,Rainier Avenue South,98057
3C:71:BF:60:E1:89,FCL_60E188,19.09209251,72.85468292,3C:71:BF,1,wpa2,2026-07-21T12:00:00.000Z,2026-07-21T09:00:00.000Z,Mumbai,Maharashtra,IN,Air Port Road,400057
3C:71:BF:60:E1:95,FCL_60E194,19.09204292,72.85417175,3C:71:BF,1,wpa2,2026-07-21T12:00:00.000Z,2026-07-21T09:00:00.000Z,Mumbai,Maharashtra,IN,Air Port Road,400057
3C:71:BF:60:E2:45,ESP_60E245,52.28917313,4.86974907,3C:71:BF,1,unknown,2025-02-08T11:00:00.000Z,2025-02-08T10:00:00.000Z,,Noord-Holland,NL,Groenhof,1186EX
3C:71:BF:60:E4:E5,ESP_60E4E5,52.19688797,4.39395618,3C:71:BF,1,none,2023-08-17T18:00:00.000Z,2026-01-28T08:00:00.000Z,,Zuid-Holland,NL,,2225RR
3C:71:BF:61:0F:69,ESP_610F69,36.23220062,-86.58824158,3C:71:BF,1,unknown,2026-01-19T17:00:00.000Z,2026-04-26T14:00:00.000Z,,TN,US,Tyne Boulevard,37138
3C:71:BF:61:1C:A8,,39.99102783,-85.99436188,3C:71:BF,6,unknown,2024-06-17T08:00:00.000Z,2025-07-16T20:00:00.000Z,,IN,US,Cumberland Road,46038
3C:71:BF:61:29:75,ESP_612975,35.48973083,-97.63431549,3C:71:BF,1,unknown,2025-09-03T22:00:00.000Z,2025-09-03T16:00:00.000Z,,OK,US,Northwest 19th Street,73008
3C:71:BF:61:3B:DD,ESP_613BDD,42.15478897,-72.76121521,3C:71:BF,1,none,2026-03-20T01:00:00.000Z,2026-03-19T19:00:00.000Z,Westfield,MA,US,Massachusetts Turnpike,01086
3C:71:BF:61:49:D5,ESP_6149D5,38.91394043,-77.49373627,3C:71:BF,1,unknown,2023-07-29T19:00:00.000Z,2024-11-16T06:00:00.000Z,,VA,US,Hopton House Terrace,20152
3C:71:BF:61:53:C8,,42.97769165,-78.7206192,3C:71:BF,2,wpa2,2026-07-01T00:00:00.000Z,2026-07-02T03:00:00.000Z,Buffalo,NY,US,Sheridan Drive,14221
3C:71:BF:61:99:58,,45.00046539,-123.0011673,3C:71:BF,1,wpa2,2026-07-09T13:00:00.000Z,2026-07-22T07:00:00.000Z,Salem,OR,US,Doctor Martin Luther King Junior Parkway,97303
3C:71:BF:61:E1:B0,,39.96377945,-85.87645721,3C:71:BF,6,unknown,2026-07-26T00:00:00.000Z,2026-07-25T19:00:00.000Z,,IN,US,Southeastern Parkway,46060
3C:71:BF:62:03:F4,,33.73939896,-118.00697327,3C:71:BF,11,wpa2,2026-07-31T15:00:00.000Z,2026-07-31T13:00:00.000Z,,CA,US,Brunswick Drive,92683
3C:71:BF:62:0B:C8,,40.77947235,-73.72224426,3C:71:BF,1,unknown,2025-08-16T02:00:00.000Z,2025-08-15T21:00:00.000Z,,NY,US,Northern Boulevard,11021
3C:71:BF:62:10:58,,39.98671722,-85.98182678,3C:71:BF,1,unknown,2024-06-18T03:00:00.000Z,2024-09-16T14:00:00.000Z,,IN,US,Meadow Lake Drive,46060
3C:71:BF:62:31:C9,ESP_6231C9,38.57069016,-92.17073059,3C:71:BF,1,unknown,2025-08-30T22:00:00.000Z,2025-08-30T19:00:00.000Z,Jefferson City,MO,US,Rex M Whitton Expressway,65102
3C:71:BF:62:35:D9,ESP_6235D9,33.84805679,-84.28198242,3C:71:BF,1,none,2025-07-28T02:00:00.000Z,2025-07-27T21:00:00.000Z,,GA,US,Briarlake Trace,30345
3C:71:BF:62:47:04,,39.95452499,-86.03308105,3C:71:BF,0,unknown,2024-09-17T02:00:00.000Z,2025-07-16T19:00:00.000Z,,IN,US,Hague Road,46038
3C:71:BF:62:50:E0,,34.27542114,-118.751091,3C:71:BF,9,none,2026-08-12T05:00:00.000Z,2026-08-12T06:00:00.000Z,Simi Valley,CA,US,East Larch Street,93063-2364
3C:71:BF:62:D9:0D,Mana_Tree,21.28484917,-157.82200623,3C:71:BF,1,wpa2,2021-04-12T10:00:00.000Z,2025-01-03T19:00:00.000Z,Honolulu,HI,US,La'au Place,96815
3C:71:BF:62:EA:BD,WLED-Parts-Wall,40.70932007,-111.86801147,3C:71:BF,1,wpa2,2022-07-24T10:00:00.000Z,2025-07-23T01:00:00.000Z,Salt Lake City,UT,US,800 East,84106
3C:71:BF:63:79:91,SC_1904301938303C71BF637990,1.28256392,103.85899353,3C:71:BF,1,wpa2,2025-03-29T04:00:00.000Z,2026-07-16T09:00:00.000Z,Singapore,Central,SG,Bayfront Avenue,18957
3C:71:BF:63:7D:45,SC_1904291801223C71BF637D44,1.33916116,103.72859192,3C:71:BF,1,wpa2,2026-04-30T10:00:00.000Z,2026-04-30T05:00:00.000Z,Jurong East,Southwest,SG,Wave Plaza,618662
3C:71:BF:63:7D:51,SC_1904291922243C71BF637D50,1.30367899,103.83178711,3C:71:BF,1,wpa2,2001-01-01T00:00:00.000Z,2025-09-06T05:00:00.000Z,Singapore,Central,SG,Orchard Turn,238801
3C:71:BF:63:7D:95,SC_1904301651513C71BF637D94,1.30387044,103.83145905,3C:71:BF,11,wpa2,2001-01-01T00:00:00.000Z,2026-05-03T07:00:00.000Z,Singapore,Central,SG,Orchard Turn,238801
3C:71:BF:63:81:11,SC_1905040849203C71BF638110,1.30403519,103.83145905,3C:71:BF,11,wpa2,2024-11-10T04:00:00.000Z,2024-11-10T01:00:00.000Z,Singapore,Central,SG,Orchard Turn,238801
3C:71:BF:63:82:29,SC_1905040900093C71BF638228,1.29935527,103.85876465,3C:71:BF,1,wpa2,2023-11-04T05:00:00.000Z,2025-10-05T21:00:00.000Z,Singapore,Central,SG,Beach Road,189721
3C:71:BF:63:84:41,SC_1904301925403C71BF638440,1.30050528,103.84031677,3C:71:BF,1,wpa2,2024-12-07T04:00:00.000Z,2025-08-27T19:00:00.000Z,Singapore,Central,SG,Orchard Road,238896
3C:71:BF:63:84:8D,SC_1905040946243C71BF63848C,1.29656684,103.8520813,3C:71:BF,1,wpa2,2026-04-27T05:00:00.000Z,2026-05-02T05:00:00.000Z,Singapore,Central,SG,Victoria Street,188065
3C:71:BF:63:84:A5,SC_2412161608003C71BF6384A4,1.29480839,103.85299683,3C:71:BF,9,wpa2,2025-10-02T11:00:00.000Z,2025-10-02T07:00:00.000Z,Singapore,Central,SG,North Bridge Road,179103
3C:71:BF:64:24:91,SC_1904301848553C71BF642490,1.28206658,103.85870361,3C:71:BF,1,wpa2,2026-04-27T10:00:00.000Z,2026-04-29T05:00:00.000Z,Singapore,Central,SG,Bayfront Avenue,18957
3C:71:BF:64:30:39,Piko_Tree,21.28487396,-157.82211304,3C:71:BF,1,wpa2,2022-10-20T12:00:00.000Z,2025-01-03T19:00:00.000Z,Honolulu,HI,US,La'au Place,96815
3C:71:BF:64:3A:95,House-Energy Fallback Hotspot,26.60632896,-81.71652222,3C:71:BF,1,wpa2,2026-07-23T08:00:00.000Z,2026-07-23T09:00:00.000Z,,FL,US,7th Street Southwest,33973
3C:71:BF:69:AE:E5,tasmota-69AEE4-3812,52.25379944,10.82253551,3C:71:BF,1,unknown,2025-11-15T07:00:00.000Z,2025-11-15T00:00:00.000Z,,Niedersachsen,DE,Arndtstraße,38154
3C:71:BF:6A:58:BD,2FW_BC58,-25.81760025,-53.48254776,3C:71:BF,1,wpa2,2026-06-09T13:00:00.000Z,2026-06-16T06:00:00.000Z,,Paraná,BR,Avenida dos Pinheiros,85770-000
3C:71:BF:6A:F2:D1,AirNodeLC202,51.55774689,-0.21644695,3C:71:BF,6,wpa2,2021-09-02T12:00:00.000Z,2026-06-21T16:00:00.000Z,London,England,GB,Cricklewood Broadway,NW2 3EB
3C:71:BF:6B:6E:DD, 🆘 MAMA EMERGENCY PORTAL,18.39491653,-66.1525116,3C:71:BF,1,unknown,2022-09-12T18:00:00.000Z,2026-06-06T06:00:00.000Z,Bayamón,PR,US,Avenida Dr. Agustín Stahl,00960
3C:71:BF:6B:E6:B1,ESP_6BE6B1,-29.70039177,-53.828125,3C:71:BF,6,unknown,2020-08-15T13:00:00.000Z,2025-08-20T15:00:00.000Z,Santa Maria,Rio Grande do Sul,BR,Avenida Jornalista Maurício Sirotsky Sobrinho,97020-440
3C:71:BF:6C:0F:51,my-6C0F50,47.27119064,8.58407021,3C:71:BF,1,unknown,2026-01-23T17:00:00.000Z,2026-02-04T10:00:00.000Z,,Zürich,CH,Seestrasse,8942
3C:71:BF:6C:3D:49,T009_6C3D48,53.37486649,6.12550354,3C:71:BF,1,none,2025-05-06T15:00:00.000Z,2026-05-31T05:00:00.000Z,,Fryslân,NL,Foarstrjitte,9133MK
3C:71:BF:6C:3D:B5,T009_6C3DB4,53.19451523,6.00095844,3C:71:BF,1,unknown,2001-07-12T15:00:00.000Z,2025-08-18T03:00:00.000Z,,Fryslân,NL,Ymkersstrjitte,9251EM
3C:71:BF:6C:3D:FD,T009_6C3DFC,51.15607071,4.01719618,3C:71:BF,8,unknown,2026-04-02T12:00:00.000Z,2026-04-02T07:00:00.000Z,,Oost-Vlaanderen,BE,Zwaanaardestraat,9112
3C:71:BF:6C:40:09,T009_6C4008,51.28211594,6.08312178,3C:71:BF,1,unknown,2020-01-12T18:00:00.000Z,2026-03-10T07:00:00.000Z,,Limburg,NL,Broeklaan,5953NB
3C:71:BF:6C:40:6D,T009_6C406C,51.26509857,3.15421057,3C:71:BF,11,unknown,2026-05-03T12:00:00.000Z,2026-05-03T12:00:00.000Z,,West-Vlaanderen,BE,Kerkstraat,8377
3C:71:BF:6C:44:11,T009_6C4410,52.24209595,5.95837069,3C:71:BF,2,unknown,2025-02-15T12:00:00.000Z,2025-02-22T06:00:00.000Z,Wenum Wiesel,Gelderland,NL,Oude Zwolseweg,7345BH
3C:71:BF:6C:80:D1,obniz-89499217,33.69549942,130.43995667,3C:71:BF,1,unknown,2025-11-21T04:00:00.000Z,2025-11-21T03:00:00.000Z,福岡市,福岡県,JP,筑前新宮停車場線,811-0202
3C:71:BF:6D:00:39,T009_6D0038,52.00330353,5.90448666,3C:71:BF,11,unknown,2026-04-15T18:00:00.000Z,2026-04-15T11:00:00.000Z,Arnhem,Gelderland,NL,Viottastraat,6815GB
3C:71:BF:6D:05:79,T009_6D0578,51.87321091,6.47413683,3C:71:BF,5,unknown,2024-09-06T19:00:00.000Z,2024-12-01T05:00:00.000Z,,Gelderland,NL,Terborgseweg,7084AE
3C:71:BF:6D:06:1D,T009_6D061C,51.99328613,5.67645264,3C:71:BF,7,unknown,2025-09-14T16:00:00.000Z,2025-09-14T12:00:00.000Z,,Gelderland,NL,Langhoven,6721SL
3C:71:BF:6D:06:25,T009_6D0624,46.24905014,7.00434923,3C:71:BF,3,unknown,2026-01-18T21:00:00.000Z,2026-01-18T13:00:00.000Z,,Vaud,CH,Route de Rivarotte,1880
3C:71:BF:6D:06:75,T009_6D0674,51.54825974,5.68012714,3C:71:BF,3,unknown,2026-07-02T13:00:00.000Z,2026-07-02T07:00:00.000Z,,Noord-Brabant,NL,Heuvel,5421CN
3C:71:BF:6D:07:55,T009_6D0754,53.26485443,6.00811291,3C:71:BF,11,unknown,2001-06-23T15:00:00.000Z,2025-07-21T10:00:00.000Z,,Fryslân,NL,Haadwei,9109NS
3C:71:BF:6D:08:15,T009_6D0814,52.72348022,6.24670649,3C:71:BF,3,none,2026-01-21T09:00:00.000Z,2026-07-04T09:00:00.000Z,,Drenthe,NL,Havelterweg,7961BE
3C:71:BF:6D:09:2D,T009_6D092C,53.10966873,6.88575268,3C:71:BF,7,unknown,2024-07-15T11:00:00.000Z,2024-10-07T14:00:00.000Z,,Groningen,NL,Beneden Oosterdiep,9641JG
3C:71:BF:6D:0A:55,T009_6D0A54,46.05445862,6.99470186,3C:71:BF,1,unknown,2022-08-30T09:00:00.000Z,2025-12-25T14:00:00.000Z,Trient,Valais/Wallis,CH,,1929
3C:71:BF:6D:0A:85,T009_6D0A84,45.48833084,10.49676132,3C:71:BF,5,unknown,2025-08-06T09:00:00.000Z,2026-03-01T12:00:00.000Z,,Lombardia,IT,Via Barcuzzi,25017
3C:71:BF:6D:0A:A1,T009_6D0AA0,50.97759628,5.70317125,3C:71:BF,8,unknown,2026-01-11T21:00:00.000Z,2026-06-05T01:00:00.000Z,,Limburg,BE,Groenstraat,3630
3C:71:BF:6D:0B:09,T009_6D0B08,52.49104309,4.79172945,3C:71:BF,5,unknown,2020-09-10T13:00:00.000Z,2026-05-27T08:00:00.000Z,,Noord-Holland,NL,Zaanweg,1521DP
3C:71:BF:6D:0F:25,T009_6D0F24,45.1306572,5.5815773,3C:71:BF,6,unknown,2024-05-18T14:00:00.000Z,2026-03-15T09:00:00.000Z,Lans-en-Vercors,Auvergne-Rhône-Alpes,FR,Route du Villard,38250
3C:71:BF:6D:11:31,CFMTDU_71HA0142,45.10889053,7.66676712,3C:71:BF,1,wpa2,2023-06-05T08:00:00.000Z,2026-02-17T00:00:00.000Z,Torino,Piemonte,IT,Via Giambattista Lulli,10148
3C:71:BF:6D:61:35,IO2666134,11.21340179,108.72068024,3C:71:BF,1,wpa2,2026-05-02T06:00:00.000Z,2026-05-02T00:00:00.000Z,,Tỉnh Bình Thuận,VN,,
3C:71:BF:6D:99:69,AirThings,42.6591568,23.38157082,3C:71:BF,1,wpa2,2025-07-29T08:00:00.000Z,2025-07-29T01:00:00.000Z,София,София-град,BG,бул. Цариградско шосе,1784
3C:71:BF:6E:11:09,Atom_70005005,38.8681221,-104.69036865,3C:71:BF,1,unknown,2025-12-17T23:00:00.000Z,2025-12-17T17:00:00.000Z,Colorado Springs,CO,US,Constitution Avenue,80922
3C:71:BF:6E:52:85,Atom_70004010,45.8600769,-122.65873718,3C:71:BF,6,unknown,2025-09-28T22:00:00.000Z,2026-02-09T15:00:00.000Z,,WA,US,East 2nd Street,
3C:71:BF:6E:80:05,,33.73694611,-84.3999176,3C:71:BF,1,none,2021-01-01T17:00:00.000Z,2026-08-02T18:00:00.000Z,Atlanta,GA,US,Ralph David Abernathy Boulevard,30312
3C:71:BF:6E:94:31,CableCom_00010F,45.65623474,12.24449444,3C:71:BF,1,wpa2,2025-05-09T18:00:00.000Z,2025-05-10T00:00:00.000Z,Treviso,Veneto,IT,Via San Zeno,31100
3C:71:BF:6E:C0:F9,SMOFA_6EC0F8,52.16314697,21.07999611,3C:71:BF,1,unknown,2022-03-31T17:00:00.000Z,2026-07-16T04:00:00.000Z,Warszawa,województwo mazowieckie,PL,Franciszka Klimczaka,02-797
3C:71:BF:6E:C2:DD,SMOFA_6EC2DC,51.17385864,6.93768215,3C:71:BF,1,unknown,2026-07-12T21:00:00.000Z,2026-07-12T15:00:00.000Z,,Nordrhein-Westfalen,DE,Engelbertstraße,40721
3C:71:BF:6E:C7:A1,obniz-12455731,33.69547653,130.43994141,3C:71:BF,1,unknown,2025-11-21T04:00:00.000Z,2025-11-21T03:00:00.000Z,福岡市,福岡県,JP,筑前新宮停車場線,811-0202
3C:71:BF:6E:CA:C9,FC-ZIR100-311-CAC8,-8.12539864,-34.89729309,3C:71:BF,1,unknown,2024-07-10T19:00:00.000Z,2024-10-01T13:00:00.000Z,Recife,Pernambuco,BR,Avenida Boa Viagem,51111-000
3C:71:BF:6E:CB:89,FC-ZIR100-311-CB88,-23.50276947,-46.6417923,3C:71:BF,1,unknown,2025-06-19T16:00:00.000Z,2025-06-20T06:00:00.000Z,São Paulo,São Paulo,BR,Rua Alfredo Pujol,02017-013
3C:71:BF:6E:CD:6D,FC-ZIR100-311-CD6C,-23.64192963,-46.69921494,3C:71:BF,1,unknown,2024-08-16T01:00:00.000Z,2024-09-09T06:00:00.000Z,São Paulo,São Paulo,BR,Avenida Santo Amaro,04702-002
3C:71:BF:6E:EC:99,Atom_70010051,29.75231743,-95.4023056,3C:71:BF,1,unknown,2023-10-29T15:00:00.000Z,2025-04-10T20:00:00.000Z,Houston,TX,US,Dunlavy Street,77019-1999
3C:71:BF:6F:48:F1,Manusa-6F48F0,40.42843246,-3.69882798,3C:71:BF,1,wpa2,2026-04-11T20:00:00.000Z,2026-06-13T17:00:00.000Z,Madrid,Comunidad de Madrid,ES,Calle de Sagasta,28071
3C:71:BF:6F:AE:05,Atom_70008088,40.7445755,-74.05037689,3C:71:BF,1,none,2024-12-17T17:00:00.000Z,2025-01-22T07:00:00.000Z,Jersey City,NJ,US,Central Avenue,07307
3C:71:BF:6F:BC:A5,Atom_70008245,47.48152542,-117.59884644,3C:71:BF,1,unknown,2025-08-11T19:00:00.000Z,2025-10-28T16:00:00.000Z,,WA,US,Gregory Drive,99004
3C:71:BF:6F:C1:11,Atom_70006232,41.66909409,-72.84785461,3C:71:BF,1,unknown,2024-10-12T15:00:00.000Z,2024-10-13T20:00:00.000Z,,CT,US,Woodford Avenue,06062
3C:71:BF:6F:C1:55,ESP_6FC155,45.52232742,-122.62001038,3C:71:BF,6,unknown,2024-08-22T18:00:00.000Z,2024-08-22T21:00:00.000Z,Portland,OR,US,Southeast 41st Avenue,97214
3C:71:BF:6F:C4:F1,Atom_70005785,39.6055336,-119.83496857,3C:71:BF,1,unknown,2024-06-22T04:00:00.000Z,2024-12-15T22:00:00.000Z,Reno,NV,US,East Golden Valley Road,89506
3C:71:BF:6F:C6:09,Atom_70003800,45.40042114,-122.80251312,3C:71:BF,1,unknown,2024-08-07T15:00:00.000Z,2024-09-03T18:00:00.000Z,Tigard,OR,US,Southwest Queen Mary Avenue,97224
3C:71:BF:6F:CE:41,Atom_70005893,36.06279373,-115.30557251,3C:71:BF,1,unknown,2026-03-25T17:00:00.000Z,2026-05-28T14:00:00.000Z,,NV,US,West Maule Avenue,89148
3C:71:BF:6F:CE:49,Atom_70005444,42.30812836,-71.15859985,3C:71:BF,1,none,2022-06-14T10:00:00.000Z,2026-06-26T16:00:00.000Z,,MA,US,Newton Street,02467
3C:71:BF:6F:CF:C5,Atom_70004366,39.05365372,-77.10118103,3C:71:BF,1,unknown,2026-08-10T22:00:00.000Z,2026-08-10T15:00:00.000Z,,MD,US,Randolph Road,20852
3C:71:BF:6F:CF:FD,Atom_70009666,42.30817795,-71.15882874,3C:71:BF,11,none,2024-12-03T23:00:00.000Z,2026-06-26T16:00:00.000Z,,MA,US,Newton Street,02467
3C:71:BF:6F:D8:9D,Atom_70008307,47.68561172,-122.33666992,3C:71:BF,6,unknown,2025-06-20T20:00:00.000Z,2026-02-16T13:00:00.000Z,Seattle,WA,US,East Green Lake Drive North,98103
3C:71:BF:6F:DB:DD,Atom_70001440,49.32827377,-123.15642548,3C:71:BF,4,unknown,2025-02-01T19:00:00.000Z,2026-08-11T21:00:00.000Z,West Vancouver,British Columbia,CA,Marine Drive,V7T 1B7
3C:71:BF:6F:DE:CD,Atom_70003783,42.24200439,-72.27603912,3C:71:BF,1,unknown,2025-10-09T18:00:00.000Z,2025-10-31T14:00:00.000Z,,MA,US,Palmer Road,01082
3C:71:BF:70:05:B5,,-33.75857544,151.02565002,3C:71:BF,1,wpa2,2024-10-19T02:00:00.000Z,2024-10-19T00:00:00.000Z,Sydney,New South Wales,AU,Merelynne Avenue,2125
3C:71:BF:70:D4:29,CFMTDU_71MA0003,31.95674324,35.85967636,3C:71:BF,2,wpa2,2025-12-01T21:00:00.000Z,2025-12-07T12:00:00.000Z,,عمان,JO,شارع باريس,11610
3C:71:BF:70:D4:89,CFMTDU_71CT0057,44.42181778,26.10615158,3C:71:BF,8,wpa2,2021-12-18T17:00:00.000Z,2025-06-13T05:00:00.000Z,Municipiul București,Timpuri Noi,RO,Bulevardul Mărășești,040256
3C:71:BF:70:D5:25,T009_70D524,51.85580063,6.31263876,3C:71:BF,6,unknown,2026-03-07T01:00:00.000Z,2026-03-07T04:00:00.000Z,,Gelderland,NL,Emmerikseweg,7077AP
3C:71:BF:70:D5:71,T009_70D570,46.12108612,5.19484043,3C:71:BF,11,unknown,2025-11-10T13:00:00.000Z,2025-11-10T07:00:00.000Z,,Auvergne-Rhône-Alpes,FR,Grande Rue,01240
3C:71:BF:70:D5:79,T009_70D578,52.1332016,5.75048256,3C:71:BF,3,unknown,2003-04-10T19:00:00.000Z,2026-02-06T10:00:00.000Z,,Gelderland,NL,Dorpsstraat,6732AC
3C:71:BF:70:D5:CD,T009_70D5CC,52.9518013,4.76468754,3C:71:BF,1,unknown,2024-08-27T07:00:00.000Z,2025-02-25T07:00:00.000Z,,Noord-Holland,NL,Reigerstraat,1781VJ
3C:71:BF:70:D6:41,T009_70D640,52.35680771,4.96176815,3C:71:BF,1,unknown,2025-12-06T08:00:00.000Z,2025-12-07T04:00:00.000Z,Amsterdam,Noord-Holland,NL,Ooster Ringdijk,1098TW
3C:71:BF:70:D6:45,T009_70D644,53.13432693,6.06014681,3C:71:BF,8,unknown,2024-02-22T13:00:00.000Z,2025-12-30T09:00:00.000Z,,Fryslân,NL,Kommisjewei,9218
3C:71:BF:70:D6:79,T009_70D678,51.50387573,5.29283619,3C:71:BF,8,unknown,2025-10-24T11:00:00.000Z,2025-10-24T14:00:00.000Z,,Noord-Brabant,NL,Boterwijksestraat,5688HX
3C:71:BF:70:D7:35,T009_70D734,52.21822357,6.88075018,3C:71:BF,1,unknown,2023-07-12T17:00:00.000Z,2026-02-26T08:00:00.000Z,Enschede,Overijssel,NL,Parkstraat,7513BM
3C:71:BF:70:D7:ED,CFMSST_AA200151,42.92341995,10.7584734,3C:71:BF,10,wpa2,2025-07-13T16:00:00.000Z,2026-07-26T09:00:00.000Z,,Toscana,IT,Via Emilio Bicocchi,58022
3C:71:BF:70:D8:F1,CFMTDU_71T70025,50.94402313,6.93811703,3C:71:BF,2,wpa2,2020-08-13T15:00:00.000Z,2026-05-20T12:00:00.000Z,Köln,Nordrhein-Westfalen,DE,Herwarthstraße,50672
3C:71:BF:70:DA:FD,CFMSST_AC200013,43.37445831,-1.67371607,3C:71:BF,4,wpa2,2026-01-05T09:00:00.000Z,2026-01-08T07:00:00.000Z,,Nouvelle-Aquitaine,FR,Rue Karrika Berri,64700
3C:71:BF:70:DF:AD,CFMTDU_71TU0297,45.458992,9.17277622,3C:71:BF,3,wpa2,2025-08-28T13:00:00.000Z,2025-08-30T02:00:00.000Z,Milano,Lombardia,IT,Via Ariberto,20123
3C:71:BF:70:DF:B1,CFMTDU_71CN0124,38.0927124,13.37633133,3C:71:BF,1,wpa2,2001-01-01T01:00:00.000Z,2025-10-07T05:00:00.000Z,Palermo,Sicilia,IT,Via Oreto,90124
3C:71:BF:70:DF:C9,CFMTDU_71CP0042,39.33341217,16.246315,3C:71:BF,9,wpa2,2025-05-08T14:00:00.000Z,2025-05-12T01:00:00.000Z,,Calabria,IT,Via Salvatore Quasimodo,87036
3C:71:BF:70:E0:E9,CFMTDU_71TU0270,45.197155,9.15095711,3C:71:BF,7,wpa2,2021-07-02T09:00:00.000Z,2026-01-28T07:00:00.000Z,Pavia,Lombardia,IT,Via Alessandro Brambilla,27100
3C:71:BF:70:E0:F5,CFMTDU_71T60070,52.45975113,13.32335854,3C:71:BF,3,wpa2,2023-02-07T14:00:00.000Z,2026-06-03T09:00:00.000Z,Berlin,Steglitz-Zehlendorf,DE,Joachim-Tiburtius-Brücke,12163
3C:71:BF:70:E1:65,CFMTDU_71CN0103,50.82258224,4.28463793,3C:71:BF,2,wpa2,2023-03-17T11:00:00.000Z,2026-06-24T04:00:00.000Z,,Région de Bruxelles-Capitale - Brussels Hoofdstedelijk Gewest,BE,Boulevard Maurice Carême - Maurice Carêmelaan,1070
3C:71:BF:70:E1:91,CFMTDU_71TV0093,51.74304581,36.15392303,3C:71:BF,2,unknown,2020-03-12T16:00:00.000Z,2025-10-25T09:00:00.000Z,Курск,Курская область,RU,Запольная улица,305040
3C:71:BF:70:E1:ED,CFMTDU_71TP0202,45.82125092,5.19600201,3C:71:BF,9,wpa2,2025-10-16T10:00:00.000Z,2025-10-16T05:00:00.000Z,,Auvergne-Rhône-Alpes,FR,Place de l'Église,01800
3C:71:BF:70:E2:65,CF_RND6C70,53.15194702,23.1579113,3C:71:BF,2,wpa2,2026-05-27T17:00:00.000Z,2026-05-27T12:00:00.000Z,,województwo podlaskie,PL,Władysława Bełzy,15-110
3C:71:BF:70:E2:C5,T009_70E2C4,52.65322876,6.31135654,3C:71:BF,1,unknown,2026-07-24T11:00:00.000Z,2026-07-24T11:00:00.000Z,,Overijssel,NL,Bomertsweg,7955PP
3C:71:BF:70:E5:31,CFMTDU_71T70032,52.37507629,9.73921871,3C:71:BF,5,wpa2,2022-08-11T17:00:00.000Z,2026-06-02T15:00:00.000Z,Hannover,Niedersachsen,DE,Bahnhofstraße,30159
3C:71:BF:70:E5:9D,CFMTDU_71T70031,52.37508011,9.73917675,3C:71:BF,10,wpa2,2023-08-02T17:00:00.000Z,2026-06-02T15:00:00.000Z,Hannover,Niedersachsen,DE,Bahnhofstraße,30159
3C:71:BF:70:E9:F9,CFMTDU_71TV0030,32.33031845,34.85420609,3C:71:BF,4,wpa2,2025-03-13T20:00:00.000Z,2025-04-22T10:00:00.000Z,נתניה,מחוז המרכז,IL,דיזנגוף,42***
3C:71:BF:70:EA:05,CFMTDU_71T80058,45.44111633,9.09703732,3C:71:BF,2,wpa2,2025-07-10T07:00:00.000Z,2025-07-10T01:00:00.000Z,,Lombardia,IT,Via Roma,20094
3C:71:BF:70:EA:29,CFMTDU_71TP0156,59.33811569,18.07433319,3C:71:BF,2,wpa2,2019-11-05T11:00:00.000Z,2026-06-23T06:00:00.000Z,,Stockholms län,SE,Sturegatan,114 36
3C:71:BF:70:EA:41,CFMTDU_71C80015,51.40202713,6.76226568,3C:71:BF,9,wpa2,2023-10-23T11:00:00.000Z,2026-07-29T01:00:00.000Z,Duisburg,Nordrhein-Westfalen,DE,Fischerstraße,47055
3C:71:BF:70:EA:F9,CFMTDU_71CP0043,52.39464569,-1.50740886,3C:71:BF,4,wpa2,2025-03-12T09:00:00.000Z,2025-08-06T11:00:00.000Z,Coventry,England,GB,Quinton Road,CV3 5HW
3C:71:BF:70:EB:29,CFMTDU_71T80063,51.12177658,16.99346161,3C:71:BF,6,wpa2,2023-09-05T06:00:00.000Z,2026-04-29T09:00:00.000Z,Wrocław,województwo dolnośląskie,PL,Legnicka,54-203
3C:71:BF:70:EF:4D,T009_70EF4C,53.25214005,6.13396692,3C:71:BF,1,unknown,2022-10-07T15:00:00.000Z,2024-10-05T08:00:00.000Z,,Fryslân,NL,West,9285WC
3C:71:BF:70:F3:25,T009_70F324,51.91440964,4.39956903,3C:71:BF,8,unknown,2023-06-11T17:00:00.000Z,2026-02-06T13:00:00.000Z,,Zuid-Holland,NL,Watersteeg,3111HB
3C:71:BF:70:F3:89,T009_70F388,52.11627197,5.17927074,3C:71:BF,2,unknown,2023-01-25T16:00:00.000Z,2025-12-11T12:00:00.000Z,,Utrecht,NL,Planetenbaan,3721LE
3C:71:BF:70:F3:F9,CFMTDU_71TU0288,50.65417862,17.89980698,3C:71:BF,2,wpa2,2024-12-31T12:00:00.000Z,2026-05-16T02:00:00.000Z,Opole,województwo opolskie,PL,Chmielowicka,45-758
3C:71:BF:70:F6:CD,CFMTDU_71HE0010,47.75634384,8.83743286,3C:71:BF,2,wpa2,2020-09-02T09:00:00.000Z,2025-12-10T03:00:00.000Z,,Baden-Württemberg,DE,Rielasinger Straße,78224
3C:71:BF:70:F6:E5,CFMTDU_71TU0346,54.35127258,18.65297127,3C:71:BF,9,wpa2,2020-05-26T10:00:00.000Z,2025-10-02T00:00:00.000Z,Gdańsk,województwo pomorskie,PL,Szeroka,80-835
3C:71:BF:70:F7:25,CFMTDU_71T20020,60.14595032,11.17578506,3C:71:BF,7,wpa2,2020-12-23T09:00:00.000Z,2026-05-06T05:00:00.000Z,,Viken,NO,Ringvegen,2066
3C:71:BF:71:3C:95,,-43.48190308,172.5940094,3C:71:BF,1,wpa2,2025-10-11T22:00:00.000Z,2026-07-20T04:00:00.000Z,Christchurch,Canterbury,NZ,Sawyers Arms Road,8053
3C:71:BF:71:3E:31,,-45.90047073,170.42440796,3C:71:BF,1,wpa2,2025-03-22T21:00:00.000Z,2026-01-22T21:00:00.000Z,Dunedin,Otago,NZ,Abbotsford Road,9018
3C:71:BF:74:75:D5,OeasyACS9645022,22.687994,113.77151489,3C:71:BF,6,unknown,2024-08-29T04:00:00.000Z,2025-06-12T17:00:00.000Z,宝安区,广东省,CN,展云路,518100
3C:71:BF:74:75:D9,OeasyACS9645153,22.68742561,113.77175903,3C:71:BF,6,unknown,2025-06-12T01:00:00.000Z,2025-06-12T17:00:00.000Z,宝安区,广东省,CN,展云路,518100
3C:71:BF:74:92:BD,SentryMini_92BD,39.70231628,-104.82900238,3C:71:BF,8,none,2025-03-01T23:00:00.000Z,2025-03-26T01:00:00.000Z,Aurora,CO,US,I 225,80012-2523
3C:71:BF:75:21:45,ProvistaSolar_752144,56.83469009,9.73185635,3C:71:BF,1,wpa,2026-07-10T10:00:00.000Z,2026-07-10T05:00:00.000Z,,Region Nordjylland,DK,Nordjyske Motorvej,9541
3C:71:BF:75:21:7D,ProvistaSolar_75217C,51.2832489,5.71313572,3C:71:BF,1,wpa,2026-07-14T10:00:00.000Z,2026-07-14T07:00:00.000Z,,Limburg,NL,Rijksweg A2,6003
3C:71:BF:75:25:09,ProvistaSolar_752508,52.18838882,-2.22348928,3C:71:BF,1,wpa,2025-04-20T09:00:00.000Z,2025-04-21T06:00:00.000Z,Worcester,England,GB,Malvern Pedway,WR1 2JN
3C:71:BF:75:25:6D,ProvistaSolar_75256C,54.86030197,-1.57203102,3C:71:BF,1,wpa,2026-06-23T14:00:00.000Z,2026-06-23T07:00:00.000Z,,England,GB,Picktree Lane,DH3 3ST
3C:71:BF:75:EA:E9,Marina,37.29626465,49.60030746,3C:71:BF,1,wpa2,2025-04-30T12:00:00.000Z,2025-04-30T06:00:00.000Z,شهر رشت,استان گیلان,IR,پارس ۱,41639
3C:71:BF:76:17:45,Snuffnsniffles,-33.34550858,115.63270569,3C:71:BF,1,wpa2,2024-12-19T02:00:00.000Z,2024-12-18T18:00:00.000Z,Bunbury,Western Australia,AU,Clarke Street,6230
3C:71:BF:76:18:11,CFX3_761810,49.43245697,8.63819885,3C:71:BF,1,wpa2,2026-03-27T16:00:00.000Z,2026-03-28T13:00:00.000Z,Heidelberg,Baden-Württemberg,DE,A 5,69123
3C:71:BF:76:18:C1,CFX3_7618c0,51.67928314,6.94352484,3C:71:BF,1,wpa2,2025-02-19T11:00:00.000Z,2025-02-19T04:00:00.000Z,,Nordrhein-Westfalen,DE,Am Schlagheck,46284
3C:71:BF:78:27:A5,Rain3_202019209 ,51.28675079,7.30091095,3C:71:BF,1,wpa2,2026-02-01T18:00:00.000Z,2026-02-01T11:00:00.000Z,,Nordrhein-Westfalen,DE,Hauptstraße,58332
3C:71:BF:78:27:E1,Rain3_202019089,47.3873291,8.42926216,3C:71:BF,1,wpa2,2025-01-21T14:00:00.000Z,2026-05-13T16:00:00.000Z,,Zürich,CH,Bahnhofstrasse,8902
3C:71:BF:78:BE:4D,CFMTDU_71HA0203,45.48826218,9.21177292,3C:71:BF,10,wpa2,2021-05-03T13:00:00.000Z,2026-07-16T02:00:00.000Z,Milano,Lombardia,IT,Viale Brianza,20131
3C:71:BF:78:C3:81,CFMTDU_71CN0268,45.03283691,7.66971445,3C:71:BF,10,wpa2,2025-03-04T12:00:00.000Z,2025-03-04T12:00:00.000Z,Torino,Piemonte,IT,Via Genova,10126
3C:71:BF:78:C4:99,T009_78C498,50.66579056,14.03153419,3C:71:BF,4,unknown,2022-11-30T12:00:00.000Z,2026-05-31T13:00:00.000Z,Ústí nad Labem,Severozápad,CZ,Masarykova,40001
3C:71:BF:78:C4:BD,CFMTDU_71T80150,56.6636467,16.36980629,3C:71:BF,5,wpa2,2021-07-07T13:00:00.000Z,2026-06-16T05:00:00.000Z,Kalmar,Kalmar län,SE,Skeppsbrogatan,392 31
3C:71:BF:78:C4:CD,CFMTDU_71T80153,56.6638031,16.37014961,3C:71:BF,7,wpa2,2026-07-04T15:00:00.000Z,2026-07-07T07:00:00.000Z,Kalmar,Kalmar län,SE,Skeppsbrogatan,392 31
3C:71:BF:78:CC:65,CFMTDU_71MA0033,29.32954597,48.09144974,3C:71:BF,4,wpa2,2025-10-15T18:00:00.000Z,2025-10-15T11:00:00.000Z,,حولي,KW,شارع البلاجات,25409
3C:71:BF:78:CD:3D,CFMTDU_71T60090,39.32927704,16.24163818,3C:71:BF,4,wpa2,2025-10-13T08:00:00.000Z,2025-10-13T02:00:00.000Z,,Calabria,IT,Via N. Lenin,87036
3C:71:BF:78:CE:C1,CFMTDU_71CP0107,37.08650589,-8.03427696,3C:71:BF,4,wpa2,2024-06-28T16:00:00.000Z,2026-05-19T04:00:00.000Z,Almancil,Faro,PT,Rua Manuel dos Santos Vaquinhas,8135-173
3C:71:BF:78:CE:F5,CFMTDU_71HI0080,52.59096527,13.28322411,3C:71:BF,1,wpa2,2021-11-10T12:00:00.000Z,2026-03-07T11:00:00.000Z,Berlin,Reinickendorf,DE,Schloßstraße,13507
3C:71:BF:78:CF:D9,CFMTDU_71TP0186,59.33103561,18.0308857,3C:71:BF,9,wpa2,2001-10-10T11:00:00.000Z,2024-12-02T00:00:00.000Z,Stockholm,Stockholms län,SE,Hantverkargatan,11239
3C:71:BF:78:CF:E1,CFMTDU_71TV0102,49.0057373,8.39470196,3C:71:BF,7,wpa2,2022-05-24T11:00:00.000Z,2024-09-11T03:00:00.000Z,Karlsruhe,Baden-Württemberg,DE,Karlstraße,76133
3C:71:BF:78:CF:F9,CFMTDU_71TP0195,48.08840179,-1.61745405,3C:71:BF,9,wpa2,2026-03-31T16:00:00.000Z,2026-03-31T14:00:00.000Z,,Bretagne,FR,Place de l'Église,35135
3C:71:BF:78:D5:35,CFMTDU_71T60073,52.39144897,16.84407043,3C:71:BF,9,wpa2,2026-04-13T12:00:00.000Z,2026-04-13T09:00:00.000Z,,województwo wielkopolskie,PL,Kamiennogórska,60-179
3C:71:BF:78:D6:A1,T009_78D6A0,47.44227982,5.59940195,3C:71:BF,11,unknown,2026-06-10T11:00:00.000Z,2026-06-10T23:00:00.000Z,,Bourgogne-Franche-Comté,FR,Avenue Maréchal Lyautey,70100
3C:71:BF:78:D8:99,T009_78D898,51.30792236,11.94101524,3C:71:BF,1,unknown,2022-06-04T14:00:00.000Z,2026-07-27T10:00:00.000Z,,Sachsen-Anhalt,DE,Naumburger Straße,06259
3C:71:BF:78:DC:99,T009_78DC98,49.74685669,14.01969051,3C:71:BF,1,unknown,2025-08-03T07:00:00.000Z,2025-08-03T00:00:00.000Z,,Střední Čechy,CZ,118,262 22
3C:71:BF:79:03:ED,DefibCom AP,51.78495407,6.00561476,3C:71:BF,1,unknown,2026-06-29T16:00:00.000Z,2026-06-29T09:00:00.000Z,,Nordrhein-Westfalen,DE,Drüller Weg,47559
3C:71:BF:79:27:F1,CFMTDU_71HE0011,47.75636292,8.8374033,3C:71:BF,10,wpa2,2020-08-26T11:00:00.000Z,2024-12-19T04:00:00.000Z,,Baden-Württemberg,DE,Rielasinger Straße,78224
3C:71:BF:79:28:49,CFMTDU_71T80156,56.66374969,16.36945915,3C:71:BF,9,wpa2,2021-07-07T13:00:00.000Z,2026-06-16T05:00:00.000Z,Kalmar,Kalmar län,SE,Proviantgatan,392 31
3C:71:BF:79:7A:71,Ampel,48.77695084,9.17521381,3C:71:BF,1,wpa2,2025-05-27T10:00:00.000Z,2025-08-11T12:00:00.000Z,Stuttgart,Baden-Württemberg,DE,Büchsenstraße,70173
3C:71:BF:79:AC:8D,Sentry_AC8D,42.81474686,-70.9154129,3C:71:BF,3,unknown,2025-11-29T17:00:00.000Z,2026-04-04T07:00:00.000Z,Newburyport,MA,US,I 95,01913
3C:71:BF:79:AC:D5,Logans Sentry,30.46179008,-87.24279022,3C:71:BF,3,unknown,2024-10-18T02:00:00.000Z,2024-10-18T20:00:00.000Z,,FL,US,Virginia Way,32505
3C:71:BF:79:AD:FD,Sentry_ADFD,38.73146439,-77.51495361,3C:71:BF,3,unknown,2025-12-23T14:00:00.000Z,2025-12-23T07:00:00.000Z,Manassas,VA,US,Wakeman Drive,20110:20181
3C:71:BF:79:AE:E1,Sentry_AEE1,42.62644577,-83.97609711,3C:71:BF,3,unknown,2024-08-31T14:00:00.000Z,2024-08-31T09:00:00.000Z,,MI,US,Tooley Road,48855
3C:71:BF:79:AF:D9,Sentry_AFD9,37.69934082,-121.81265259,3C:71:BF,4,none,2023-06-29T11:00:00.000Z,2025-09-01T14:00:00.000Z,,CA,US,Earhart Way,94551
3C:71:BF:79:AF:ED,Sentry_AFED,32.69934464,-96.26849365,3C:71:BF,4,unknown,2026-05-22T21:00:00.000Z,2026-05-22T15:00:00.000Z,,TX,US,I 20,75761
3C:71:BF:7A:38:C9,ProvistaSolar_7A38C8,51.42562485,11.99947166,3C:71:BF,1,wpa,2024-10-08T15:00:00.000Z,2026-07-05T11:00:00.000Z,,Sachsen-Anhalt,DE,Radeweller Straße,06132
3C:71:BF:7A:6A:1D,Rain3_202019100,50.82964325,4.33024406,3C:71:BF,1,wpa2,2025-03-16T07:00:00.000Z,2026-03-23T23:00:00.000Z,,Région de Bruxelles-Capitale - Brussels Hoofdstedelijk Gewest,BE,Avenue Fonsny - Fonsnylaan,1060
3C:71:BF:7A:6C:15,Rain3_202019149,48.81858063,16.11703491,3C:71:BF,1,wpa2,2024-06-13T14:00:00.000Z,2025-01-05T08:00:00.000Z,Znojmo,Jihovýchod,CZ,40834,67124
3C:71:BF:7A:7A:39,Rain3_202019008,51.02108765,3.71011138,3C:71:BF,1,wpa2,2025-08-05T13:00:00.000Z,2025-08-05T11:00:00.000Z,,Oost-Vlaanderen,BE,Berkhoutsheide,9000
3C:71:BF:7A:7A:75,Rain3_202019090,51.20428467,4.22386837,3C:71:BF,1,wpa2,2025-03-03T14:00:00.000Z,2025-03-03T07:00:00.000Z,,Oost-Vlaanderen,BE,Grote Heidestraat,9120
3C:71:BF:7A:7C:FD,Batrium-SYS3657,37.14437866,-121.64404297,3C:71:BF,4,wpa2,2025-09-25T21:00:00.000Z,2025-09-26T02:00:00.000Z,,CA,US,South Valley Freeway,95020-3608
3C:71:BF:7A:AD:45,Sentry_AD45,30.22636795,-81.69049072,3C:71:BF,1,unknown,2025-02-28T14:00:00.000Z,2025-06-02T17:00:00.000Z,Jacksonville,FL,US,Yorktown Avenue,32212
3C:71:BF:7A:AD:DD,Sentry_ADDD,43.64648819,-116.63923645,3C:71:BF,9,unknown,2023-09-19T12:00:00.000Z,2025-04-05T14:00:00.000Z,,ID,US,Linden Street,83607
3C:71:BF:7A:AE:51,Sentry_AE51,41.59632874,-90.57169342,3C:71:BF,3,unknown,2025-07-14T16:00:00.000Z,2025-07-14T12:00:00.000Z,Davenport,IA,US,I 80;US 61,52806
3C:71:BF:7A:AE:61,Sentry_AE61,39.58383942,-84.23021698,3C:71:BF,1,unknown,2024-08-22T00:00:00.000Z,2024-12-04T04:00:00.000Z,,OH,US,Main Street,45066
3C:71:BF:7A:AF:19,Sentry_AF19,25.66364861,-80.4200058,3C:71:BF,1,unknown,2023-08-23T19:00:00.000Z,2024-08-29T15:00:00.000Z,,FL,US,Southwest 112th Street,33186
3C:71:BF:7A:AF:25,Sentry_AF25,33.37467957,-84.57609558,3C:71:BF,3,none,2026-01-18T19:00:00.000Z,2026-01-22T03:00:00.000Z,,GA,US,Dividend Drive,30269
3C:71:BF:7A:AF:A5,Sentry_AFA5,45.12470245,-93.2289505,3C:71:BF,3,unknown,2024-10-28T19:00:00.000Z,2025-09-10T16:00:00.000Z,,MN,US,85th Avenue Northeast,55449
3C:71:BF:7A:B8:A5,Rain3_202031183,50.86607742,4.6938529,3C:71:BF,1,wpa2,2025-08-07T10:00:00.000Z,2025-08-07T04:00:00.000Z,Leuven,Vlaams-Brabant,BE,Kardinaal Mercierlaan,3001
3C:71:BF:7A:B8:D1,Rain3_202031255 ,50.68504333,10.94843674,3C:71:BF,1,wpa2,2024-07-24T07:00:00.000Z,2025-06-21T09:00:00.000Z,,Thüringen,DE,Robert-Bosch-Ring,98693
3C:71:BF:7A:CB:5D,CFMTDU_71T20025,64.17567444,-51.74067688,3C:71:BF,8,wpa2,2025-07-07T13:00:00.000Z,2025-07-07T13:00:00.000Z,Nuuk,Tuujuk,GL,Imaneq,3900
3C:71:BF:7A:CB:71,CFMTDU_71TU0496,40.55681992,8.31675148,3C:71:BF,10,wpa2,2025-06-25T16:00:00.000Z,2025-06-25T14:00:00.000Z,Alghero - L'Alguer,Sardigna/Sardegna,IT,Via Sassari,07041
3C:71:BF:7A:CB:95,CFMTDU_71HL0031,40.46352768,19.48962021,3C:71:BF,3,wpa2,2025-08-13T14:00:00.000Z,2025-08-14T04:00:00.000Z,Bashkia Vlorë,Shqipëria Jugore,AL,Bulevardi Ismail Qemali,9401-9403
3C:71:BF:7A:CD:39,CFMTDU_71T20019,59.89168549,10.52377701,3C:71:BF,8,wpa2,2021-09-20T13:00:00.000Z,2025-11-06T05:00:00.000Z,,Viken,NO,Løkketangen,1337
3C:71:BF:7A:CE:05,CFMTDU_71CP0054,44.98170853,16.71761703,3C:71:BF,9,wpa2,2025-04-09T11:00:00.000Z,2025-05-03T11:00:00.000Z,Приједор II / Prijedor II,Република Српска / Republika Srpska,BA,Козарска / Kozarska,79101
3C:71:BF:7A:CE:0D,CFMTDU_71TU0345,54.35142517,18.6529808,3C:71:BF,7,wpa2,2025-10-01T11:00:00.000Z,2025-10-02T00:00:00.000Z,Gdańsk,województwo pomorskie,PL,Szeroka,80-835
3C:71:BF:7A:CE:21,CFMTDU_71HB0089,53.60359955,11.433218,3C:71:BF,2,wpa2,2025-01-06T07:00:00.000Z,2025-01-13T05:00:00.000Z,Schwerin,Mecklenburg-Vorpommern,DE,Dreescher Markt,19061
3C:71:BF:7A:EC:91,ESP_7AEC91,39.72873688,-104.99859619,3C:71:BF,1,none,2024-10-15T04:00:00.000Z,2024-10-17T12:00:00.000Z,Denver,CO,US,Santa Fe Drive,80204
3C:71:BF:7A:F7:1C,,44.91955566,-93.1006012,3C:71:BF,1,wpa2,2026-07-19T11:00:00.000Z,2026-07-19T21:00:00.000Z,,MN,US,Manomin Avenue,55118
3C:71:BF:7A:FC:59,ESP_7AFC59,38.93384552,-77.40576935,3C:71:BF,1,unknown,2024-01-12T10:00:00.000Z,2024-12-05T14:00:00.000Z,,VA,US,West Ox Road,20171
3C:71:BF:7B:2B:19,ESP_7B2B19,41.9268074,-88.39833069,3C:71:BF,1,unknown,2025-07-16T13:00:00.000Z,2025-10-25T14:00:00.000Z,,IL,US,Fox Mill Boulevard,60183
3C:71:BF:7B:48:91,ESP_7B4891,40.40074921,-78.43605042,3C:71:BF,1,unknown,2024-05-08T16:00:00.000Z,2025-03-21T16:00:00.000Z,,PA,US,Dunnings Highway,16665
3C:71:BF:7B:71:60,,27.77524567,-82.66721344,3C:71:BF,9,unknown,2025-05-21T21:00:00.000Z,2025-05-22T01:00:00.000Z,Saint Petersburg,FL,US,25th Street North,33713
3C:71:BF:7B:B1:F9,T009_7BB1F8,48.89562607,8.47292042,3C:71:BF,9,unknown,2025-11-30T11:00:00.000Z,2025-11-30T03:00:00.000Z,,Baden-Württemberg,DE,Eyachstraße,76307
3C:71:BF:7B:B3:2D,T009_7BB32C,51.95331573,6.30714273,3C:71:BF,3,unknown,2024-12-09T13:00:00.000Z,2024-12-09T06:00:00.000Z,,Gelderland,NL,Acacialaan,7004AN
3C:71:BF:7B:B4:01,T009_7BB400,52.07210922,4.3200264,3C:71:BF,2,none,2024-01-02T17:00:00.000Z,2026-03-12T08:00:00.000Z,Den Haag,Zuid-Holland,NL,Van Limburg Stirumstraat,2515PT
3C:71:BF:7B:B6:55,eWind 85,63.23027802,21.41041374,3C:71:BF,1,unknown,2022-11-02T14:00:00.000Z,2026-06-26T10:00:00.000Z,,Manner-Suomi,FI,Replotvägen,65800
3C:71:BF:7B:CE:2D,,62.22838974,25.77513504,3C:71:BF,1,wpa2,2025-08-05T08:00:00.000Z,2025-08-05T07:00:00.000Z,Jyväskylä,Manner-Suomi,FI,Keskisentie,40520
3C:71:BF:7B:DD:B1,Sentry_DDB1,32.83167648,-97.15410614,3C:71:BF,3,unknown,2026-05-01T16:00:00.000Z,2026-05-01T18:00:00.000Z,,TX,US,Wade Drive,76022
3C:71:BF:7D:79:DD,BobNetS,44.99915695,-93.34016418,3C:71:BF,1,none,2024-12-10T14:00:00.000Z,2025-01-22T16:00:00.000Z,,MN,US,Golden Valley Road,55422
3C:71:BF:7D:AE:7D,envisionRGB,32.87976456,-117.23381042,3C:71:BF,1,unknown,2026-05-05T19:00:00.000Z,2026-05-14T19:00:00.000Z,San Diego,CA,US,Gilman Drive,92093
3C:71:BF:7E:0C:2D,Atom_70009699,33.59571838,-83.85939026,3C:71:BF,3,unknown,2023-10-15T20:00:00.000Z,2025-11-17T06:00:00.000Z,,GA,US,Church Street,30014
3C:71:BF:7E:10:15,Atom_70038916,47.54890442,-122.17848206,3C:71:BF,1,unknown,2026-06-03T23:00:00.000Z,2026-06-05T22:00:00.000Z,Bellevue,WA,US,121st Avenue Southeast,98056-1330
3C:71:BF:7E:18:65,Atom_70040305,33.35519028,-117.153862,3C:71:BF,1,unknown,2025-01-04T23:00:00.000Z,2025-01-04T15:00:00.000Z,,CA,US,Asturian Way,
3C:71:BF:7E:20:4D,Atom_70008332,26.20775795,-98.23604584,3C:71:BF,1,none,2022-08-15T21:00:00.000Z,2026-07-08T19:00:00.000Z,McAllen,TX,US,North 16th Street,78501
3C:71:BF:7E:2C:E1,Atom_70009994,37.55320358,-77.47102356,3C:71:BF,11,unknown,2025-10-26T04:00:00.000Z,2025-10-25T23:00:00.000Z,Richmond,VA,US,North Davis Avenue,23220
3C:71:BF:7E:2E:7D,Atom_70001082,43.2193718,-77.48853302,3C:71:BF,1,none,2026-07-12T10:00:00.000Z,2026-07-12T06:00:00.000Z,,NY,US,Gravel Road,14580
3C:71:BF:7E:31:61,Atom_70007686,38.63597107,-121.11328125,3C:71:BF,7,unknown,2024-12-20T01:00:00.000Z,2024-12-19T20:00:00.000Z,,CA,US,,95630
3C:71:BF:7E:35:31,Atom_70009321,47.62516403,-122.31285858,3C:71:BF,1,unknown,2025-08-25T02:00:00.000Z,2026-04-19T13:00:00.000Z,Seattle,WA,US,15th Avenue East,98112
3C:71:BF:7E:36:61,Atom_70005493,38.56175613,-121.46612549,3C:71:BF,1,unknown,2021-07-17T00:00:00.000Z,2024-12-21T18:00:00.000Z,Sacramento,CA,US,34th Street,95817
3C:71:BF:7E:36:99,Atom_70004051,32.28100204,-110.85949707,3C:71:BF,8,unknown,2026-02-02T13:00:00.000Z,2026-04-10T20:00:00.000Z,,AZ,US,North Calle Vista Ciudad,85715-3113
3C:71:BF:7E:3A:6D,Atom_70000539,47.13518906,27.5734272,3C:71:BF,1,none,2024-11-03T15:00:00.000Z,2024-11-03T17:00:00.000Z,Iași,Iași,RO,Șoseaua Nicolina,700689
3C:71:BF:7E:3F:19,Atom_70008426,36.1811409,-115.34674072,3C:71:BF,11,unknown,2025-12-22T18:00:00.000Z,2025-12-22T11:00:00.000Z,Las Vegas,NV,US,Sailing Stone Street,89138
3C:71:BF:7E:58:FD,Atom_70009108,47.74554062,-122.35331726,3C:71:BF,3,unknown,2026-03-31T15:00:00.000Z,2026-03-31T08:00:00.000Z,,WA,US,Dayton Avenue North,98133-6124
3C:71:BF:7E:65:D5,Atom_70006784,35.39874268,-99.39232635,3C:71:BF,1,none,2023-11-17T21:00:00.000Z,2026-08-04T13:00:00.000Z,,OK,US,Korean War Veterans Memorial Highway,73648
3C:71:BF:7E:6D:A1,Atom_70037668,41.2425499,-111.98191071,3C:71:BF,11,unknown,2025-11-16T20:00:00.000Z,2025-11-16T16:00:00.000Z,Ogden,UT,US,West 12th Street,84404
3C:71:BF:7E:71:B5,Atom_70009143,36.03129196,-115.06682587,3C:71:BF,1,unknown,2026-06-17T15:00:00.000Z,2026-06-17T14:00:00.000Z,Henderson,NV,US,Sandwedge Drive,89012
3C:71:BF:7E:74:0D,Atom_70009300,37.67345428,-121.75508118,3C:71:BF,3,unknown,2024-10-10T02:00:00.000Z,2024-10-16T20:00:00.000Z,,CA,US,South Livermore Avenue,94550
3C:71:BF:7E:74:D5,ESP_7E74D5,37.74468613,-122.4249649,3C:71:BF,9,unknown,2024-10-10T19:00:00.000Z,2024-10-10T13:00:00.000Z,San Francisco,CA,US,Valley Street,94131-3228
3C:71:BF:7E:8D:29,Atom_70010108,42.38412476,-71.13379669,3C:71:BF,3,unknown,2025-04-21T16:00:00.000Z,2025-04-21T12:00:00.000Z,Cambridge,MA,US,Walden Street,02140
3C:71:BF:7E:92:B9,Atom_70005871,41.52772141,-83.69146729,3C:71:BF,4,none,2024-11-27T14:00:00.000Z,2024-11-27T07:00:00.000Z,,OH,US,Seminary Road,43537
3C:71:BF:7E:94:21,Atom_70001843,37.50550461,-121.93430328,3C:71:BF,1,none,2023-07-19T17:00:00.000Z,2026-06-29T16:00:00.000Z,Fremont,CA,US,I 680,94539
3C:71:BF:7E:AE:65,Atom_70040768,41.24429321,-111.98295593,3C:71:BF,6,unknown,2022-02-04T07:00:00.000Z,2026-04-14T20:00:00.000Z,Ogden,UT,US,West 12th Street,84404
3C:71:BF:7E:B2:95,Atom_70007584,49.67065048,-112.81417084,3C:71:BF,11,none,2026-08-05T17:00:00.000Z,2026-08-06T14:00:00.000Z,Lethbridge,Alberta,CA,19 Street S,T1K 2G9
3C:71:BF:7E:B8:0D,30-15.com,47.55097961,19.07395554,3C:71:BF,1,wpa2,2026-05-13T19:00:00.000Z,2026-05-13T13:00:00.000Z,,Budapest,HU,Váci út,1138
3C:71:BF:7E:BC:98,,40.61226654,-74.37677002,3C:71:BF,1,unknown,2025-06-14T19:00:00.000Z,2025-07-07T07:00:00.000Z,,NJ,US,Ashbrook Drive,07076
3C:71:BF:7E:BD:C1,Atom_70000694,28.4201088,-81.62539673,3C:71:BF,1,unknown,2025-02-27T00:00:00.000Z,2025-02-26T16:00:00.000Z,,FL,US,Seidel Road,32830-8426
3C:71:BF:7E:CA:A5,Atom_70034886,41.24245834,-111.98217773,3C:71:BF,1,unknown,2025-12-07T19:00:00.000Z,2025-12-07T12:00:00.000Z,Ogden,UT,US,West 12th Street,84404
3C:71:BF:7E:DF:7D,Atom_70009360,38.56215286,-121.46598053,3C:71:BF,1,unknown,2022-11-26T22:00:00.000Z,2025-11-09T12:00:00.000Z,Sacramento,CA,US,34th Street,95817
3C:71:BF:7E:E3:6D,Atom_70005220,42.04590225,-124.26429749,3C:71:BF,1,unknown,2024-09-06T17:00:00.000Z,2024-09-08T17:00:00.000Z,,OR,US,Lower Harbor Road,97415
3C:71:BF:7E:E5:09,Atom_70007810,39.29357529,-84.33411407,3C:71:BF,8,none,2025-10-05T17:00:00.000Z,2025-10-05T12:00:00.000Z,,OH,US,Snider Road,45249-1736
3C:71:BF:7E:F4:19,Atom_70007661,42.0850296,-88.09455109,3C:71:BF,7,unknown,2024-08-31T00:00:00.000Z,2026-04-15T23:00:00.000Z,,IL,US,West Algonquin Road,60195
3C:71:BF:7E:F8:CD,Atom_70034447,35.03092575,-80.67079926,3C:71:BF,1,unknown,2024-10-19T21:00:00.000Z,2025-03-02T10:00:00.000Z,,NC,US,Curling Creek Drive,28104:28110
3C:71:BF:7E:FD:2D,Atom_70033218,41.24251175,-111.98171997,3C:71:BF,1,unknown,2025-05-18T23:00:00.000Z,2025-05-22T08:00:00.000Z,Ogden,UT,US,West 12th Street,84404
3C:71:BF:7E:FD:9D,Atom_70034486,42.50112915,-70.85139465,3C:71:BF,1,none,2026-05-30T12:00:00.000Z,2026-05-30T06:00:00.000Z,,MA,US,Gregory Street,01945
3C:71:BF:7E:FE:65,Atom_70038146,37.73293686,-122.40473938,3C:71:BF,1,unknown,2026-04-02T19:00:00.000Z,2026-04-02T12:00:00.000Z,San Francisco,CA,US,Bayshore Boulevard,94134
3C:71:BF:7F:04:68,,26.45131874,-80.17440796,3C:71:BF,1,unknown,2026-06-06T20:00:00.000Z,2026-06-07T09:00:00.000Z,,FL,US,Florida's Turnpike,33446
3C:71:BF:7F:11:F5,Atom_70033994,30.26511192,-97.72914124,3C:71:BF,1,unknown,2025-03-06T18:00:00.000Z,2025-03-06T22:00:00.000Z,Austin,TX,US,East 7th Street,78702
3C:71:BF:7F:1E:4D,Connector_1e4c_02000001,52.63896942,13.29305553,3C:71:BF,7,unknown,2025-06-04T16:00:00.000Z,2025-06-04T09:00:00.000Z,Berlin,Reinickendorf,DE,Königsbacher Zeile,13465
3C:71:BF:7F:79:79,Traeger-7979,40.69076157,-111.81497955,3C:71:BF,5,wpa2,2025-09-24T21:00:00.000Z,2025-09-24T18:00:00.000Z,Millcreek,UT,US,2700 East,84124
3C:71:BF:7F:CF:D4,,30.6363945,-97.68858337,3C:71:BF,0,unknown,2024-10-17T09:00:00.000Z,2024-10-17T15:00:00.000Z,,TX,US,South Interstate 35,78626
3C:71:BF:7F:EB:0C,,43.02391815,-71.06118774,3C:71:BF,0,unknown,2025-11-12T17:00:00.000Z,2026-07-16T13:00:00.000Z,,NH,US,NH 101,03833-6543
3C:71:BF:7F:F5:E8,,39.94842529,-86.03147125,3C:71:BF,5,unknown,2024-06-17T09:00:00.000Z,2025-07-16T19:00:00.000Z,,IN,US,Timber Springs Drive,46038
3C:71:BF:83:A3:60,,40.92031097,-73.01042938,3C:71:BF,7,unknown,2025-02-06T05:00:00.000Z,2025-02-06T00:00:00.000Z,,NY,US,Summer Street,11766
3C:71:BF:83:B2:05,,-18.95089912,-48.2495842,3C:71:BF,13,unknown,2025-06-21T16:00:00.000Z,2025-06-21T15:00:00.000Z,Uberlândia,Minas Gerais,BR,Avenida Iraque,38410566
3C:71:BF:83:B2:1D,,-18.92588043,-48.2718277,3C:71:BF,13,unknown,2025-10-23T21:00:00.000Z,2025-11-11T03:00:00.000Z,Uberlândia,Minas Gerais,BR,Rua Guaicurus,38.408-343
3C:71:BF:83:B3:A5,,-18.91800499,-48.28100586,3C:71:BF,13,unknown,2025-05-28T20:00:00.000Z,2025-05-28T14:00:00.000Z,Uberlândia,Minas Gerais,BR,Rua Duque de Caxias,38.400-186
3C:71:BF:83:BF:95,ESP32-3C71BF83BF94,40.60710144,14.37398911,3C:71:BF,1,unknown,2025-05-29T17:00:00.000Z,2025-05-29T15:00:00.000Z,,Campania,IT,Corso Sant'Agata,80061
3C:71:BF:83:D8:69,,-18.91833305,-48.17889023,3C:71:BF,13,unknown,2025-07-14T23:00:00.000Z,2025-07-15T04:00:00.000Z,Uberlândia,Minas Gerais,BR,BR-365,38407-287
3C:71:BF:83:EE:99,,-18.90162659,-48.23802948,3C:71:BF,13,unknown,2025-05-20T20:00:00.000Z,2025-09-11T05:00:00.000Z,Uberlândia,Minas Gerais,BR,Rua Florestano de Macedo,38400-722
3C:71:BF:84:0B:7D,,-18.90797424,-48.21914673,3C:71:BF,13,unknown,2025-04-24T15:00:00.000Z,2025-06-12T12:00:00.000Z,Uberlândia,Minas Gerais,BR,,38406-401
3C:71:BF:84:2C:89,,-18.95129967,-48.24751282,3C:71:BF,13,unknown,2025-04-22T22:00:00.000Z,2026-08-11T18:00:00.000Z,Uberlândia,Minas Gerais,BR,Rua Pantanal,38410566
3C:71:BF:84:3F:A9,,-18.90231514,-48.23570633,3C:71:BF,13,unknown,2025-04-24T15:00:00.000Z,2025-09-11T05:00:00.000Z,Uberlândia,Minas Gerais,BR,,38.405-112
3C:71:BF:84:5A:41,i_plug_indoor_5A40,26.60693741,-81.58960724,3C:71:BF,1,unknown,2026-07-12T19:00:00.000Z,2026-07-21T08:00:00.000Z,,FL,US,East 2nd Street,33972
3C:71:BF:84:61:3D,,-18.96883583,-48.37078094,3C:71:BF,13,unknown,2025-05-28T16:00:00.000Z,2025-05-29T12:00:00.000Z,Uberlândia,Minas Gerais,BR,Anel Viário,38421637
3C:71:BF:84:67:75,,-18.9186573,-48.1795845,3C:71:BF,13,unknown,2025-07-13T15:00:00.000Z,2025-09-12T13:00:00.000Z,Uberlândia,Minas Gerais,BR,BR-365,38407-287
3C:71:BF:84:73:15,,-18.90041351,-48.24012756,3C:71:BF,13,unknown,2025-05-28T17:00:00.000Z,2025-06-05T10:00:00.000Z,Uberlândia,Minas Gerais,BR,Rua Florestano de Macedo,38400-722
3C:71:BF:84:76:E5,,-18.89325333,-48.25180054,3C:71:BF,13,unknown,2025-06-06T17:00:00.000Z,2025-06-06T11:00:00.000Z,Uberlândia,Minas Gerais,BR,Rodovia Chico Xavier,38400-722
3C:71:BF:84:78:01,,-18.90741348,-48.22008133,3C:71:BF,13,unknown,2025-06-12T18:00:00.000Z,2025-09-19T14:00:00.000Z,Uberlândia,Minas Gerais,BR,Avenida Rui de Castro Santos,38406-401
3C:71:BF:84:88:A1,KK-KITPRO_88A0,5.71507692,-0.13525183,3C:71:BF,1,unknown,2025-03-25T23:00:00.000Z,2025-03-26T07:00:00.000Z,,Greater Accra Region,GH,Yemoh Street,PMB 107 MD
3C:71:BF:84:9E:6D,i_plug_indoor_9E6C,40.88615036,-124.08911133,3C:71:BF,1,unknown,2024-09-08T21:00:00.000Z,2024-09-08T17:00:00.000Z,,CA,US,Alliance Road,95521
3C:71:BF:84:A0:55,i_plug_indoor_A054,32.6101532,-83.66733551,3C:71:BF,1,unknown,2026-06-15T20:00:00.000Z,2026-06-15T14:00:00.000Z,Warner Robins,GA,US,Carl Vinson Parkway,31028:31088
3C:71:BF:84:C6:B1,,-18.96134758,-48.29829407,3C:71:BF,13,unknown,2025-05-29T17:00:00.000Z,2025-06-21T15:00:00.000Z,Uberlândia,Minas Gerais,BR,Avenida Olímpio Oliveira de Freitas,38412-877
3C:71:BF:84:DA:59,,-18.94384384,-48.26147079,3C:71:BF,13,unknown,2025-09-19T17:00:00.000Z,2025-09-26T13:00:00.000Z,Uberlândia,Minas Gerais,BR,Rua Ciro Avelino Franco,38.411-360
3C:71:BF:84:E8:79,,-18.88893509,-48.25900269,3C:71:BF,13,unknown,2025-05-28T11:00:00.000Z,2025-05-28T11:00:00.000Z,Uberlândia,Minas Gerais,BR,Rodovia Chico Xavier,38400-734
3C:71:BF:84:E8:7D,,-18.90375137,-48.23456955,3C:71:BF,13,unknown,2025-06-13T21:00:00.000Z,2025-06-13T14:00:00.000Z,Uberlândia,Minas Gerais,BR,Rua Florestano de Macedo,38400-722
3C:71:BF:84:E8:B9,,-18.96632385,-48.27877808,3C:71:BF,13,unknown,2025-05-30T19:00:00.000Z,2025-05-30T14:00:00.000Z,Uberlândia,Minas Gerais,BR,Rua Professora Maria Célia Cence,38425605
3C:71:BF:84:EA:19,,-18.92227364,-48.24869156,3C:71:BF,13,unknown,2025-06-11T20:00:00.000Z,2025-06-12T08:00:00.000Z,Uberlândia,Minas Gerais,BR,Avenida Doutor Laerte Vieira Gonçalves,38408-176
3C:71:BF:84:EA:29,,-18.91840744,-48.18253326,3C:71:BF,13,unknown,2025-09-11T20:00:00.000Z,2025-09-12T13:00:00.000Z,Uberlândia,Minas Gerais,BR,Avenida Felipe Calixto Milken,38407-287
3C:71:BF:84:EA:C5,,-18.99139595,-48.38201904,3C:71:BF,13,unknown,2025-06-21T16:00:00.000Z,2025-06-21T15:00:00.000Z,Uberlândia,Minas Gerais,BR,Avenida Aldo Borges Leão,38421637
3C:71:BF:84:EA:E5,,-18.87388992,-48.28430939,3C:71:BF,13,unknown,2025-09-09T18:00:00.000Z,2025-09-11T05:00:00.000Z,Uberlândia,Minas Gerais,BR,Avenida Nossa Senhora do Carmo,38402-228
3C:71:BF:84:EB:65,,-18.97330856,-48.36627197,3C:71:BF,13,unknown,2025-05-24T17:00:00.000Z,2025-06-21T15:00:00.000Z,Uberlândia,Minas Gerais,BR,Avenida Aldo Borges Leão,38421637
3C:71:BF:84:EB:69,,-18.96951675,-48.36840057,3C:71:BF,13,unknown,2025-05-28T16:00:00.000Z,2025-05-29T12:00:00.000Z,Uberlândia,Minas Gerais,BR,Anel Viário,38421637
3C:71:BF:84:EB:71,,-18.93555641,-48.26052475,3C:71:BF,13,unknown,2025-06-17T20:00:00.000Z,2025-07-29T03:00:00.000Z,Uberlândia,Minas Gerais,BR,Avenida dos Inconfidentes,38.408-140
3C:71:BF:84:EB:89,,-18.91824532,-48.18467331,3C:71:BF,13,unknown,2025-09-11T19:00:00.000Z,2025-09-12T13:00:00.000Z,Uberlândia,Minas Gerais,BR,Avenida Felipe Calixto Milken,38407-287
3C:71:BF:84:EB:CD,,-18.95226288,-48.24805832,3C:71:BF,13,unknown,2025-06-06T20:00:00.000Z,2025-06-06T13:00:00.000Z,Uberlândia,Minas Gerais,BR,Rua Mata dos Pinhais,38410566
3C:71:BF:84:EB:D1,,-18.94208908,-48.31812286,3C:71:BF,13,unknown,2025-07-15T19:00:00.000Z,2025-07-18T19:00:00.000Z,Uberlândia,Minas Gerais,BR,BR-497,38412-104
3C:71:BF:84:EC:31,,-18.90551758,-48.21828079,3C:71:BF,13,unknown,2025-08-19T23:00:00.000Z,2025-08-19T16:00:00.000Z,Uberlândia,Minas Gerais,BR,Avenida Anselmo Alves dos Santos,38406-401
3C:71:BF:84:EC:B5,,-18.90067101,-48.23963928,3C:71:BF,13,unknown,2025-09-10T12:00:00.000Z,2025-09-11T05:00:00.000Z,Uberlândia,Minas Gerais,BR,Rua Florestano de Macedo,38400-722
3C:71:BF:84:EC:E1,,-18.893713,-48.2510376,3C:71:BF,13,unknown,2025-05-23T15:00:00.000Z,2025-06-06T11:00:00.000Z,Uberlândia,Minas Gerais,BR,Rodovia Chico Xavier,38400-722
3C:71:BF:84:ED:21,,-18.90968513,-48.33611679,3C:71:BF,13,unknown,2025-05-22T18:00:00.000Z,2025-05-24T13:00:00.000Z,Uberlândia,Minas Gerais,BR,Anel Viário Ayrton Senna,38.414-126
3C:71:BF:84:ED:59,,-18.92580795,-48.23308945,3C:71:BF,13,unknown,2025-06-12T19:00:00.000Z,2025-09-18T13:00:00.000Z,Uberlândia,Minas Gerais,BR,Rua João Balbino,38408-680
3C:71:BF:84:ED:5D,,-18.94199181,-48.2610054,3C:71:BF,13,unknown,2025-05-21T21:00:00.000Z,2025-09-19T14:00:00.000Z,Uberlândia,Minas Gerais,BR,Alameda Padre Manoel da Costa,38.411-360
3C:71:BF:84:ED:61,,-18.91831207,-48.21125031,3C:71:BF,13,unknown,2025-06-13T12:00:00.000Z,2025-07-29T03:00:00.000Z,Uberlândia,Minas Gerais,BR,Avenida Nova York,38.408-273
3C:71:BF:84:ED:85,,-18.9492588,-48.25092316,3C:71:BF,13,unknown,2025-06-21T16:00:00.000Z,2025-06-21T15:00:00.000Z,Uberlândia,Minas Gerais,BR,Avenida Iraque,38410566
3C:71:BF:84:ED:89,,-18.90906334,-48.31269836,3C:71:BF,13,unknown,2025-05-22T18:00:00.000Z,2025-05-22T12:00:00.000Z,Uberlândia,Minas Gerais,BR,Praça Minas Gerais,38.414-126
3C:71:BF:84:ED:95,,-18.86363792,-48.27293777,3C:71:BF,13,unknown,2025-05-21T20:00:00.000Z,2025-05-21T16:00:00.000Z,Uberlândia,Minas Gerais,BR,Rua Gonçalves Ledo,38402-180
3C:71:BF:84:ED:99,,-18.91023445,-48.22465897,3C:71:BF,13,unknown,2025-06-25T19:00:00.000Z,2025-06-25T14:00:00.000Z,Uberlândia,Minas Gerais,BR,Rua Florestano de Macedo,38400-722
3C:71:BF:84:ED:B1,,-18.94987869,-48.34661102,3C:71:BF,13,unknown,2025-07-15T18:00:00.000Z,2025-07-18T19:00:00.000Z,Uberlândia,Minas Gerais,BR,BR-497,38412-602
3C:71:BF:84:ED:C1,,-18.91065216,-48.30327988,3C:71:BF,13,unknown,2025-09-09T17:00:00.000Z,2025-09-09T13:00:00.000Z,Uberlândia,Minas Gerais,BR,Rodovia BR-365,38401104
3C:71:BF:84:ED:D5,,-18.89977455,-48.25724792,3C:71:BF,13,unknown,2025-05-21T10:00:00.000Z,2025-09-12T13:00:00.000Z,Uberlândia,Minas Gerais,BR,Rua São Paulo,38400-704
3C:71:BF:84:ED:E9,,-8.02999306,-34.90124512,3C:71:BF,13,none,2025-04-12T14:00:00.000Z,2026-08-13T17:00:00.000Z,Recife,Pernambuco,BR,,52051-050
3C:71:BF:84:ED:ED,,-18.960989,-48.29301453,3C:71:BF,13,unknown,2025-06-21T16:00:00.000Z,2025-06-21T15:00:00.000Z,Uberlândia,Minas Gerais,BR,Avenida Olímpio Oliveira de Freitas,38411-598
3C:71:BF:84:ED:F5,,-18.9022522,-48.23678207,3C:71:BF,13,unknown,2025-05-19T15:00:00.000Z,2025-05-28T11:00:00.000Z,Uberlândia,Minas Gerais,BR,Rodovia Chico Xavier,38400-722
3C:71:BF:84:ED:F9,,-18.88469887,-48.26497269,3C:71:BF,13,unknown,2025-05-19T15:00:00.000Z,2025-05-19T09:00:00.000Z,Uberlândia,Minas Gerais,BR,Avenida Arlindo Massaro,38400-734
3C:71:BF:84:EE:3D,,-18.9201622,-48.206604,3C:71:BF,13,unknown,2025-07-13T15:00:00.000Z,2025-07-29T03:00:00.000Z,Uberlândia,Minas Gerais,BR,BR-365,38.408-273
3C:71:BF:84:EE:61,,-26.8246479,-49.30882645,3C:71:BF,13,unknown,2025-12-24T14:00:00.000Z,2025-12-24T06:00:00.000Z,Timbó,Santa Catarina,BR,Rua Ruy Barbosa,89120-000
3C:71:BF:84:EE:65,,-18.93601799,-48.26041031,3C:71:BF,13,unknown,2025-05-21T18:00:00.000Z,2025-09-11T05:00:00.000Z,Uberlândia,Minas Gerais,BR,Avenida dos Inconfidentes,38.408-140
3C:71:BF:84:EE:B1,,-18.94312859,-48.34642029,3C:71:BF,13,unknown,2025-07-15T18:00:00.000Z,2025-07-18T19:00:00.000Z,Uberlândia,Minas Gerais,BR,Avenida Antônio Matias Montana,38414564
3C:71:BF:84:EF:6D,,-26.82741737,-49.2951889,3C:71:BF,13,unknown,2025-12-24T14:00:00.000Z,2025-12-24T06:00:00.000Z,Timbó,Santa Catarina,BR,,89120-000
3C:71:BF:84:EF:85,,-18.92539215,-48.22091293,3C:71:BF,13,unknown,2025-05-26T22:00:00.000Z,2025-05-26T17:00:00.000Z,Uberlândia,Minas Gerais,BR,Avenida Segismundo Pereira,38.408-273
3C:71:BF:84:EF:A5,,-18.88968468,-48.25786209,3C:71:BF,13,unknown,2025-09-09T18:00:00.000Z,2025-09-09T13:00:00.000Z,Uberlândia,Minas Gerais,BR,Rodovia Chico Xavier,38400-734
3C:71:BF:84:EF:AD,,-18.89972687,-48.2580719,3C:71:BF,13,unknown,2025-05-21T10:00:00.000Z,2025-09-12T13:00:00.000Z,Uberlândia,Minas Gerais,BR,Rua Antônio Rezende Costa,38400-704
3C:71:BF:84:EF:B5,,-8.124156,-34.90340042,3C:71:BF,13,unknown,2026-08-08T22:00:00.000Z,2026-08-08T17:00:00.000Z,Recife,Pernambuco,BR,Rua Ernesto de Paula Santos,51021-330
3C:71:BF:84:F0:19,,-18.92041397,-48.18164825,3C:71:BF,13,unknown,2025-07-13T15:00:00.000Z,2025-07-15T04:00:00.000Z,Uberlândia,Minas Gerais,BR,BR-365,38407-287
3C:71:BF:84:F0:21,,-18.90842056,-48.31238556,3C:71:BF,13,unknown,2025-09-09T17:00:00.000Z,2025-09-09T13:00:00.000Z,Uberlândia,Minas Gerais,BR,Avenida Juscelino Kubitscheck,38401430
3C:71:BF:84:F0:31,,-18.90899086,-48.3104248,3C:71:BF,13,unknown,2024-10-20T17:00:00.000Z,2024-10-20T14:00:00.000Z,Uberlândia,Minas Gerais,BR,Avenida Juscelino Kubitscheck,38401430
3C:71:BF:84:F0:35,,-26.80585289,-49.24983215,3C:71:BF,13,unknown,2024-08-17T22:00:00.000Z,2024-11-05T07:00:00.000Z,Timbó,Santa Catarina,BR,Rua Pomeranos,89120-000
3C:71:BF:84:F0:C1,,-18.91804886,-48.18496323,3C:71:BF,13,unknown,2025-09-11T19:00:00.000Z,2025-09-12T13:00:00.000Z,Uberlândia,Minas Gerais,BR,Avenida Felipe Calixto Milken,38407-287
3C:71:BF:84:F1:19,,-18.96109009,-48.29540253,3C:71:BF,13,unknown,2025-05-29T17:00:00.000Z,2025-09-26T13:00:00.000Z,Uberlândia,Minas Gerais,BR,Avenida Olímpio Oliveira de Freitas,38411-598
3C:71:BF:84:F1:89,,-18.92611504,-48.22730637,3C:71:BF,13,unknown,2025-06-20T21:00:00.000Z,2025-06-20T15:00:00.000Z,Uberlândia,Minas Gerais,BR,Rua Jerônima Lucas Barros,38.408-273
3C:71:BF:84:F1:E9,,-18.9209671,-48.1824913,3C:71:BF,13,unknown,2025-09-11T20:00:00.000Z,2025-09-12T13:00:00.000Z,Uberlândia,Minas Gerais,BR,BR-365,38407-287
3C:71:BF:84:F3:51,,-26.82743835,-49.29610062,3C:71:BF,13,unknown,2025-12-24T14:00:00.000Z,2025-12-24T06:00:00.000Z,Timbó,Santa Catarina,BR,Rua Marechal Floriano Peixoto,89120-000
3C:71:BF:84:F3:69,,-18.90459061,-48.23288727,3C:71:BF,13,unknown,2025-07-13T15:00:00.000Z,2025-07-29T03:00:00.000Z,Uberlândia,Minas Gerais,BR,Rodovia Chico Xavier,38.405-112
3C:71:BF:84:F3:85,,-18.88483238,-48.26521301,3C:71:BF,13,unknown,2025-05-28T11:00:00.000Z,2025-05-28T11:00:00.000Z,Uberlândia,Minas Gerais,BR,Rodovia Chico Xavier,38400-734
3C:71:BF:84:F3:95,,-8.05948639,-34.89827347,3C:71:BF,13,none,2025-01-29T14:00:00.000Z,2025-05-10T07:00:00.000Z,Recife,Pernambuco,BR,Rua Visconde do Livramento,52010-065
3C:71:BF:84:F3:99,,-18.90966797,-48.33607864,3C:71:BF,13,unknown,2025-05-19T18:00:00.000Z,2025-05-28T11:00:00.000Z,Uberlândia,Minas Gerais,BR,Anel Viário Ayrton Senna,38.414-126
3C:71:BF:84:F3:9D,,-18.91956139,-48.20861053,3C:71:BF,13,unknown,2025-06-13T12:00:00.000Z,2025-07-29T03:00:00.000Z,Uberlândia,Minas Gerais,BR,Avenida Atlanta,38.408-273
3C:71:BF:84:F3:A5,,-18.9019928,-48.23707962,3C:71:BF,13,unknown,2026-03-06T16:00:00.000Z,2026-03-09T04:00:00.000Z,Uberlândia,Minas Gerais,BR,Rodovia Chico Xavier,38400-722
3C:71:BF:84:F3:E5,,-18.90658951,-48.21870422,3C:71:BF,13,unknown,2025-07-03T17:00:00.000Z,2025-08-19T16:00:00.000Z,Uberlândia,Minas Gerais,BR,Avenida Anselmo Alves dos Santos,38406-401
3C:71:BF:84:F3:ED,,-18.93885422,-48.25835419,3C:71:BF,13,unknown,2025-02-13T11:00:00.000Z,2025-02-13T06:00:00.000Z,Uberlândia,Minas Gerais,BR,Avenida Geraldo Abrão,38.411-360
3C:71:BF:84:F3:F5,,-18.90943527,-48.21806717,3C:71:BF,13,unknown,2025-06-12T18:00:00.000Z,2025-06-12T12:00:00.000Z,Uberlândia,Minas Gerais,BR,Avenida Manuel Lúcio,38406-401
3C:71:BF:84:F4:59,,-18.92524719,-48.23653412,3C:71:BF,13,unknown,2025-06-02T15:00:00.000Z,2026-07-23T11:00:00.000Z,Uberlândia,Minas Gerais,BR,Rua Lycidio Paes,38.408-238
3C:71:BF:84:F4:A9,,-18.93447495,-48.2610321,3C:71:BF,13,unknown,2025-05-21T18:00:00.000Z,2025-05-21T16:00:00.000Z,Uberlândia,Minas Gerais,BR,Avenida dos Inconfidentes,38.408-140
3C:71:BF:84:F4:B5,,-18.97174072,-48.36526871,3C:71:BF,13,unknown,2025-09-19T17:00:00.000Z,2025-09-19T14:00:00.000Z,Uberlândia,Minas Gerais,BR,Avenida Aldo Borges Leão,38421637
3C:71:BF:84:F4:D5,,-18.90038681,-48.24011612,3C:71:BF,13,unknown,2025-09-10T12:00:00.000Z,2025-09-11T05:00:00.000Z,Uberlândia,Minas Gerais,BR,Rua Florestano de Macedo,38400-722
3C:71:BF:84:F4:E1,,-18.92616463,-48.22134781,3C:71:BF,13,unknown,2025-05-20T20:00:00.000Z,2025-05-20T13:00:00.000Z,Uberlândia,Minas Gerais,BR,Rodovia Chico Xavier,38.408-273
3C:71:BF:84:F5:21,,-18.94053841,-48.31264496,3C:71:BF,13,unknown,2025-07-15T18:00:00.000Z,2025-07-18T19:00:00.000Z,Uberlândia,Minas Gerais,BR,BR-497,38412-104
3C:71:BF:84:F5:81,,-18.9433136,-48.32236099,3C:71:BF,13,unknown,2025-05-29T18:00:00.000Z,2025-05-29T12:00:00.000Z,Uberlândia,Minas Gerais,BR,BR-497,38414564
3C:71:BF:84:F5:A9,,-18.90713692,-48.21985626,3C:71:BF,13,unknown,2025-06-13T21:00:00.000Z,2025-09-19T14:00:00.000Z,Uberlândia,Minas Gerais,BR,Avenida Rui de Castro Santos,38406-401
3C:71:BF:84:F5:AD,,-18.90015984,-48.24015045,3C:71:BF,13,unknown,2026-03-06T16:00:00.000Z,2026-03-09T04:00:00.000Z,Uberlândia,Minas Gerais,BR,Rodovia Chico Xavier,38400-722
3C:71:BF:84:F5:F1,,-18.88856316,-48.25959778,3C:71:BF,13,unknown,2025-05-19T15:00:00.000Z,2026-03-09T04:00:00.000Z,Uberlândia,Minas Gerais,BR,Rodovia Chico Xavier,38400-734
3C:71:BF:84:F6:15,,-18.96618652,-48.27491379,3C:71:BF,13,unknown,2025-05-30T19:00:00.000Z,2025-05-30T14:00:00.000Z,Uberlândia,Minas Gerais,BR,Anel Viário,38425605
3C:71:BF:84:F6:81,,-18.96718407,-48.27374268,3C:71:BF,13,unknown,2025-05-29T17:00:00.000Z,2025-05-29T12:00:00.000Z,Uberlândia,Minas Gerais,BR,Avenida Nicomedes Alves dos Santos,38425605
3C:71:BF:84:F7:2D,,-18.93892479,-48.25943375,3C:71:BF,13,unknown,2025-02-13T11:00:00.000Z,2026-03-13T05:00:00.000Z,Uberlândia,Minas Gerais,BR,Rotunda Coralia Lima Machado,
3C:71:BF:84:F7:31,,-18.90851974,-48.21900558,3C:71:BF,13,unknown,2025-06-12T18:00:00.000Z,2025-06-25T14:00:00.000Z,Uberlândia,Minas Gerais,BR,Avenida Manuel Lúcio,38406-401
3C:71:BF:84:F7:C9,,-18.94272614,-48.32052231,3C:71:BF,13,unknown,2025-07-15T18:00:00.000Z,2025-07-18T19:00:00.000Z,Uberlândia,Minas Gerais,BR,BR-497,38412-104
3C:71:BF:84:F7:E9,,-18.9081707,-48.31331635,3C:71:BF,13,unknown,2025-03-10T21:00:00.000Z,2025-03-10T15:00:00.000Z,Uberlândia,Minas Gerais,BR,Avenida Juscelino Kubitscheck,38.414-126
3C:71:BF:84:F7:F5,,-18.9192791,-48.180336,3C:71:BF,13,unknown,2025-09-11T20:00:00.000Z,2025-09-12T13:00:00.000Z,Uberlândia,Minas Gerais,BR,Avenida Antônio Jorge Isaac,38407-300
3C:71:BF:84:F8:01,,-18.960886,-48.2927475,3C:71:BF,13,unknown,2025-06-21T21:00:00.000Z,2025-09-19T14:00:00.000Z,Uberlândia,Minas Gerais,BR,,
3C:71:BF:84:F8:05,,-18.92333603,-48.24459457,3C:71:BF,13,unknown,2025-05-27T15:00:00.000Z,2025-05-27T13:00:00.000Z,Uberlândia,Minas Gerais,BR,Avenida Doutor Laerte Vieira Gonçalves,38408-176
3C:71:BF:84:F8:69,,-18.97056007,-48.36473465,3C:71:BF,13,unknown,2025-05-21T21:00:00.000Z,2025-06-21T15:00:00.000Z,Uberlândia,Minas Gerais,BR,Avenida Aldo Borges Leão,38421637
3C:71:BF:84:F8:71,,-8.03383732,-34.90285873,3C:71:BF,13,unknown,2026-07-30T21:00:00.000Z,2026-08-02T11:00:00.000Z,Recife,Pernambuco,BR,Rua Cônego Barata,52051-020
3C:71:BF:84:F9:31,,-18.94014931,-48.31111908,3C:71:BF,13,unknown,2025-05-29T18:00:00.000Z,2025-07-18T19:00:00.000Z,Uberlândia,Minas Gerais,BR,BR-497,38412-104
3C:71:BF:84:F9:35,,-18.93874741,-48.25976562,3C:71:BF,13,unknown,2025-02-13T11:00:00.000Z,2026-03-13T05:00:00.000Z,Uberlândia,Minas Gerais,BR,Rotunda Coralia Lima Machado,
3C:71:BF:84:F9:61,,-18.88179588,-48.26977921,3C:71:BF,13,unknown,2025-09-10T12:00:00.000Z,2026-03-09T04:00:00.000Z,Uberlândia,Minas Gerais,BR,Avenida Antônio Thomaz Ferreira de Rezende,38402-228
3C:71:BF:84:F9:75,,-8.06132793,-34.92171478,3C:71:BF,13,none,2026-07-03T20:00:00.000Z,2026-07-06T07:00:00.000Z,Recife,Pernambuco,BR,Avenida Engenheiro Abdias de Carvalho,50751-000
3C:71:BF:84:F9:99,,-18.93894768,-48.25907516,3C:71:BF,13,unknown,2025-02-13T11:00:00.000Z,2025-09-26T13:00:00.000Z,Uberlândia,Minas Gerais,BR,Avenida Geraldo Abrão,38.411-360
3C:71:BF:84:F9:A5,,-18.93945312,-48.30771255,3C:71:BF,13,unknown,2026-07-11T16:00:00.000Z,2026-07-11T10:00:00.000Z,Uberlândia,Minas Gerais,BR,Avenida Getúlio Vargas,38412118
3C:71:BF:84:F9:B9,,-18.92627716,-48.233284,3C:71:BF,13,unknown,2025-09-09T18:00:00.000Z,2026-06-13T13:00:00.000Z,Uberlândia,Minas Gerais,BR,Rua João Balbino,38408-680
3C:71:BF:84:F9:E5,,-18.94244194,-48.31937027,3C:71:BF,13,unknown,2025-06-04T19:00:00.000Z,2025-07-18T19:00:00.000Z,Uberlândia,Minas Gerais,BR,BR-497,38412-104
3C:71:BF:84:F9:FD,,-18.95427322,-48.24706268,3C:71:BF,13,unknown,2025-06-21T16:00:00.000Z,2026-07-15T04:00:00.000Z,Uberlândia,Minas Gerais,BR,Avenida Iraque,38410566
3C:71:BF:84:FA:95,,-18.90834045,-48.31298447,3C:71:BF,13,unknown,2025-05-22T18:00:00.000Z,2025-05-22T12:00:00.000Z,Uberlândia,Minas Gerais,BR,Rua Topázio,38.414-126
3C:71:BF:84:FA:B1,,-18.96620178,-48.27561951,3C:71:BF,13,unknown,2025-05-29T17:00:00.000Z,2025-05-29T12:00:00.000Z,Uberlândia,Minas Gerais,BR,Avenida Manoel Madruga,38411-145
3C:71:BF:84:FA:D5,,-18.9061203,-48.23038101,3C:71:BF,13,unknown,2025-06-06T17:00:00.000Z,2025-09-11T05:00:00.000Z,Uberlândia,Minas Gerais,BR,Rodovia Chico Xavier,38.405-112
3C:71:BF:84:FA:DD,,-18.93877792,-48.2595787,3C:71:BF,13,unknown,2025-02-13T11:00:00.000Z,2025-02-13T06:00:00.000Z,Uberlândia,Minas Gerais,BR,Rotunda Coralia Lima Machado,
3C:71:BF:84:FB:0D,,-18.92566109,-48.22148514,3C:71:BF,13,unknown,2025-05-28T11:00:00.000Z,2025-05-28T11:00:00.000Z,Uberlândia,Minas Gerais,BR,Rodovia Chico Xavier,38.408-273
3C:71:BF:85:02:61,,-18.92193413,-48.24953842,3C:71:BF,13,unknown,2025-05-24T18:00:00.000Z,2025-05-24T13:00:00.000Z,Uberlândia,Minas Gerais,BR,Rua Nordau Gonçalves de Melo,38.408-218
3C:71:BF:85:04:35,,-18.9141922,-48.30387497,3C:71:BF,13,unknown,2025-09-09T17:00:00.000Z,2025-09-09T13:00:00.000Z,Uberlândia,Minas Gerais,BR,Avenida Estrela do Sul,38413018
3C:71:BF:85:04:39,,-18.96066475,-48.30711746,3C:71:BF,13,unknown,2025-05-28T16:00:00.000Z,2025-05-28T11:00:00.000Z,Uberlândia,Minas Gerais,BR,Avenida Olímpio Oliveira de Freitas,38412-877
3C:71:BF:85:04:4D,,-18.89441109,-48.25197983,3C:71:BF,13,unknown,2025-02-13T14:00:00.000Z,2025-02-13T06:00:00.000Z,Uberlândia,Minas Gerais,BR,Avenida Governador Rondon Pacheco,38400-722
3C:71:BF:85:04:51,,-18.8898983,-48.25752258,3C:71:BF,13,unknown,2026-03-06T15:00:00.000Z,2026-03-09T04:00:00.000Z,Uberlândia,Minas Gerais,BR,Rodovia Chico Xavier,38400-734
3C:71:BF:85:04:55,,-18.91740227,-48.30757904,3C:71:BF,13,unknown,2025-07-01T16:00:00.000Z,2025-07-01T18:00:00.000Z,Uberlândia,Minas Gerais,BR,Avenida Presidente Kennedy,38413018
3C:71:BF:85:08:79,,-18.94898033,-48.25112152,3C:71:BF,13,unknown,2025-06-21T16:00:00.000Z,2025-06-21T15:00:00.000Z,Uberlândia,Minas Gerais,BR,Avenida Iraque,38410566
3C:71:BF:85:08:7D,,-18.92058372,-48.2059021,3C:71:BF,13,unknown,2025-07-13T15:00:00.000Z,2025-07-15T04:00:00.000Z,Uberlândia,Minas Gerais,BR,BR-365,38.408-273
3C:71:BF:85:08:89,,-18.88946342,-48.25810623,3C:71:BF,13,unknown,2025-05-28T11:00:00.000Z,2025-09-11T05:00:00.000Z,Uberlândia,Minas Gerais,BR,Rodovia Chico Xavier,38400-734
3C:71:BF:85:09:01,,-18.90750504,-48.31259918,3C:71:BF,13,unknown,2025-05-22T18:00:00.000Z,2025-05-22T12:00:00.000Z,Uberlândia,Minas Gerais,BR,Rua Topázio,38.414-126
3C:71:BF:85:09:11,,-18.96925735,-48.36995697,3C:71:BF,13,unknown,2025-05-29T17:00:00.000Z,2025-05-29T12:00:00.000Z,Uberlândia,Minas Gerais,BR,Anel Viário,38421637
3C:71:BF:85:0A:31,,-18.91736984,-48.30794907,3C:71:BF,13,unknown,2025-05-30T13:00:00.000Z,2025-07-01T18:00:00.000Z,Uberlândia,Minas Gerais,BR,Avenida Presidente Kennedy,38413018
3C:71:BF:85:0A:7D,,-18.91446114,-48.27776337,3C:71:BF,13,unknown,2025-06-06T15:00:00.000Z,2025-06-06T09:00:00.000Z,Uberlândia,Minas Gerais,BR,Avenida Cipríano Del Fávero,38.400-126
3C:71:BF:85:0A:8D,,-18.94006538,-48.26036835,3C:71:BF,13,unknown,2025-05-21T22:00:00.000Z,2025-06-04T13:00:00.000Z,Uberlândia,Minas Gerais,BR,Alameda Padre Manoel da Costa,38.411-360
3C:71:BF:85:0A:91,,-18.89592552,-48.24739838,3C:71:BF,13,unknown,2025-05-19T15:00:00.000Z,2025-10-08T18:00:00.000Z,Uberlândia,Minas Gerais,BR,Rodovia Chico Xavier,38400-722
3C:71:BF:85:0A:AD,,-18.91971016,-48.20735931,3C:71:BF,13,unknown,2025-07-13T15:00:00.000Z,2025-07-29T03:00:00.000Z,Uberlândia,Minas Gerais,BR,BR-365,38.408-273
3C:71:BF:85:0B:09,,-18.90565872,-48.23122406,3C:71:BF,13,unknown,2025-05-28T17:00:00.000Z,2026-03-09T04:00:00.000Z,Uberlândia,Minas Gerais,BR,Rua Florestano de Macedo,38400-722
3C:71:BF:85:0B:21,,-18.88265991,-48.26848602,3C:71:BF,13,unknown,2025-09-10T12:00:00.000Z,2025-09-11T05:00:00.000Z,Uberlândia,Minas Gerais,BR,Avenida Antônio Thomaz Ferreira de Rezende,38400-734
3C:71:BF:85:0B:25,,-18.89967155,-48.24117279,3C:71:BF,13,unknown,2024-10-27T15:00:00.000Z,2025-06-06T11:00:00.000Z,Uberlândia,Minas Gerais,BR,Rodovia Chico Xavier,38400-722
3C:71:BF:85:0B:75,,-18.97068977,-48.36500931,3C:71:BF,13,unknown,2025-05-21T21:00:00.000Z,2025-09-19T14:00:00.000Z,Uberlândia,Minas Gerais,BR,Avenida Águia-Pescadora,38421637
3C:71:BF:85:0B:7D,,-18.94201469,-48.26094055,3C:71:BF,13,unknown,2025-05-24T18:00:00.000Z,2025-07-18T19:00:00.000Z,Uberlândia,Minas Gerais,BR,Alameda Padre Manoel da Costa,38.411-360
3C:71:BF:85:0B:99,,-18.9663353,-48.27510071,3C:71:BF,13,unknown,2025-05-29T17:00:00.000Z,2025-05-29T12:00:00.000Z,Uberlândia,Minas Gerais,BR,Avenida Manoel Madruga,38411-145
3C:71:BF:85:0B:AD,,-18.99074745,-48.38028717,3C:71:BF,13,unknown,2025-06-21T21:00:00.000Z,2025-06-21T15:00:00.000Z,Uberlândia,Minas Gerais,BR,Avenida Aldo Borges Leão,38421637
3C:71:BF:85:0B:C5,,-18.94241714,-48.26103592,3C:71:BF,13,unknown,2025-05-30T20:00:00.000Z,2025-05-30T14:00:00.000Z,Uberlândia,Minas Gerais,BR,Alameda Padre Manoel da Costa,38.411-360
3C:71:BF:85:0B:D9,,-18.97025299,-48.36486435,3C:71:BF,13,unknown,2025-05-21T21:00:00.000Z,2025-09-19T14:00:00.000Z,Uberlândia,Minas Gerais,BR,Avenida Aldo Borges Leão,38421637
3C:71:BF:85:0B:E1,,-8.08243084,-34.91174316,3C:71:BF,13,unknown,2025-02-19T22:00:00.000Z,2025-02-20T18:00:00.000Z,Recife,Pernambuco,BR,Rua Mariápolis,50770-640
3C:71:BF:85:0B:F9,ESP_850BF9,-18.90293694,-48.23583603,3C:71:BF,13,unknown,2025-05-20T20:00:00.000Z,2025-05-28T11:00:00.000Z,Uberlândia,Minas Gerais,BR,Rua Florestano de Macedo,38400-722
3C:71:BF:85:0C:09,,-18.89710617,-48.24540329,3C:71:BF,13,unknown,2025-05-19T15:00:00.000Z,2025-06-06T11:00:00.000Z,Uberlândia,Minas Gerais,BR,Rodovia Chico Xavier,38400-722
3C:71:BF:85:0C:0D,,-18.9719677,-48.36582184,3C:71:BF,13,unknown,2025-05-21T21:00:00.000Z,2025-06-21T15:00:00.000Z,Uberlândia,Minas Gerais,BR,Avenida Wilson Rodrigues da Silva,38421637
3C:71:BF:85:0D:E5,,-18.90933228,-48.2252121,3C:71:BF,13,unknown,2025-05-28T11:00:00.000Z,2025-07-29T03:00:00.000Z,Uberlândia,Minas Gerais,BR,Rodovia Chico Xavier,38.405-112
3C:71:BF:85:0E:2D,,-18.90657425,-48.22945786,3C:71:BF,13,unknown,2025-05-19T17:00:00.000Z,2025-05-19T12:00:00.000Z,Uberlândia,Minas Gerais,BR,Rodovia Chico Xavier,38.405-112
3C:71:BF:85:0E:55,,-18.91883469,-48.20884323,3C:71:BF,13,unknown,2025-07-13T15:00:00.000Z,2025-07-15T04:00:00.000Z,Uberlândia,Minas Gerais,BR,BR-365,38.408-273
3C:71:BF:85:0E:61,,-18.93724251,-48.26021576,3C:71:BF,13,unknown,2025-05-24T18:00:00.000Z,2025-05-24T13:00:00.000Z,Uberlândia,Minas Gerais,BR,Avenida dos Inconfidentes,38.408-140
3C:71:BF:85:0F:21,,-18.92261696,-48.24739075,3C:71:BF,13,unknown,2025-05-20T13:00:00.000Z,2025-05-20T07:00:00.000Z,Uberlândia,Minas Gerais,BR,Avenida Doutor Laerte Vieira Gonçalves,38408-176
3C:71:BF:85:0F:35,,-18.89584923,-48.24739456,3C:71:BF,13,unknown,2025-05-19T15:00:00.000Z,2026-03-09T04:00:00.000Z,Uberlândia,Minas Gerais,BR,Rodovia Chico Xavier,38400-722
3C:71:BF:85:0F:49,,-18.90826607,-48.22681427,3C:71:BF,13,unknown,2025-06-06T17:00:00.000Z,2025-07-15T04:00:00.000Z,Uberlândia,Minas Gerais,BR,Rua Florestano de Macedo,38400-722
3C:71:BF:85:0F:95,,-18.93925476,-48.25950241,3C:71:BF,13,unknown,2025-02-13T11:00:00.000Z,2025-09-19T14:00:00.000Z,Uberlândia,Minas Gerais,BR,Avenida Ubirajara Zacharias,38410566
3C:71:BF:85:0F:BD,,-18.94256401,-48.34568024,3C:71:BF,13,unknown,2025-07-15T18:00:00.000Z,2025-07-18T19:00:00.000Z,Uberlândia,Minas Gerais,BR,Avenida Antônio Matias Montana,38414564
3C:71:BF:85:0F:DD,,-18.93864441,-48.25977707,3C:71:BF,13,unknown,2025-02-13T11:00:00.000Z,2026-03-13T05:00:00.000Z,Uberlândia,Minas Gerais,BR,Rotunda Coralia Lima Machado,
3C:71:BF:85:0F:F1,,-8.0464325,-34.93564606,3C:71:BF,13,none,2025-12-30T14:00:00.000Z,2026-07-15T20:00:00.000Z,Recife,Pernambuco,BR,Rua Ambrósio Machado,50670-010
3C:71:BF:85:10:01,,-18.96977806,-48.36198807,3C:71:BF,13,unknown,2025-05-29T17:00:00.000Z,2025-05-29T12:00:00.000Z,Uberlândia,Minas Gerais,BR,Avenida Aldo Borges Leão,38421637
3C:71:BF:85:10:0D,ESP_85100D,-18.89971542,-48.25799179,3C:71:BF,13,unknown,2025-05-21T10:00:00.000Z,2025-09-12T13:00:00.000Z,Uberlândia,Minas Gerais,BR,Rua Antônio Rezende Costa,38400-704
3C:71:BF:85:10:11,,-18.91840553,-48.18227768,3C:71:BF,13,unknown,2025-09-11T20:00:00.000Z,2025-09-12T13:00:00.000Z,Uberlândia,Minas Gerais,BR,Avenida Felipe Calixto Milken,38407-287
3C:71:BF:85:10:29,,-18.90703583,-48.22855377,3C:71:BF,13,unknown,2025-05-20T20:00:00.000Z,2025-05-20T13:00:00.000Z,Uberlândia,Minas Gerais,BR,Rodovia Chico Xavier,38.405-112
3C:71:BF:85:10:5D,,-8.08221436,-34.91161728,3C:71:BF,13,unknown,2025-02-13T16:00:00.000Z,2025-02-20T18:00:00.000Z,Recife,Pernambuco,BR,Rua Gardênia,50770-480
3C:71:BF:85:10:61,,-18.90252876,-48.23622894,3C:71:BF,13,unknown,2025-06-06T17:00:00.000Z,2025-06-06T11:00:00.000Z,Uberlândia,Minas Gerais,BR,Rodovia Chico Xavier,38400-722
3C:71:BF:85:10:65,,-18.88892365,-48.25892258,3C:71:BF,13,unknown,2025-09-10T12:00:00.000Z,2025-09-11T05:00:00.000Z,Uberlândia,Minas Gerais,BR,Avenida Brasil,38400-734
3C:71:BF:85:10:79,,-26.8246479,-49.30882645,3C:71:BF,13,unknown,2025-12-24T14:00:00.000Z,2025-12-24T06:00:00.000Z,Timbó,Santa Catarina,BR,Rua Ruy Barbosa,89120-000
3C:71:BF:85:10:8D,,-18.97076988,-48.3642807,3C:71:BF,13,unknown,2025-05-21T21:00:00.000Z,2025-06-21T15:00:00.000Z,Uberlândia,Minas Gerais,BR,Avenida Aldo Borges Leão,38421637
3C:71:BF:85:10:91,,-18.94956779,-48.31331635,3C:71:BF,13,unknown,2025-02-19T09:00:00.000Z,2025-03-12T04:00:00.000Z,Uberlândia,Minas Gerais,BR,Avenida Olímpio Oliveira de Freitas,38412-877
3C:71:BF:85:10:A1,,-18.9275074,-48.22120285,3C:71:BF,13,unknown,2025-05-25T13:00:00.000Z,2026-03-09T04:00:00.000Z,Uberlândia,Minas Gerais,BR,Rodovia Chico Xavier,38.408-273
3C:71:BF:85:10:A9,,-18.92393494,-48.19994354,3C:71:BF,13,unknown,2025-06-13T12:00:00.000Z,2025-10-14T18:00:00.000Z,Uberlândia,Minas Gerais,BR,BR-365,38407-287
3C:71:BF:85:10:B1,,-18.91804123,-48.18499374,3C:71:BF,13,unknown,2025-09-11T17:00:00.000Z,2025-09-12T13:00:00.000Z,Uberlândia,Minas Gerais,BR,Avenida Felipe Calixto Milken,38407-287
3C:71:BF:85:10:B9,,-18.90498352,-48.28546906,3C:71:BF,13,unknown,2024-12-26T08:00:00.000Z,2025-03-12T04:00:00.000Z,Uberlândia,Minas Gerais,BR,Rua Indianópolis,38400-336
3C:71:BF:85:10:DD,,-18.90746689,-48.21967697,3C:71:BF,13,unknown,2025-06-12T19:00:00.000Z,2025-07-15T04:00:00.000Z,Uberlândia,Minas Gerais,BR,,38406-401
3C:71:BF:85:11:0D,,-18.97254944,-48.36247253,3C:71:BF,13,unknown,2025-05-21T21:00:00.000Z,2025-06-21T15:00:00.000Z,Uberlândia,Minas Gerais,BR,Anel Viário,38421637
3C:71:BF:85:11:A1,,-18.89957809,-48.25858688,3C:71:BF,13,unknown,2025-05-21T10:00:00.000Z,2025-09-12T13:00:00.000Z,Uberlândia,Minas Gerais,BR,Avenida Governador Rondon Pacheco,38400-722
3C:71:BF:85:11:BD,,-18.90000725,-48.27416229,3C:71:BF,13,unknown,2025-02-02T14:00:00.000Z,2025-03-12T04:00:00.000Z,Uberlândia,Minas Gerais,BR,Rodovia BR-365,38400-624
3C:71:BF:85:11:C1,,-18.92468262,-48.22164154,3C:71:BF,13,unknown,2025-05-28T11:00:00.000Z,2025-09-19T14:00:00.000Z,Uberlândia,Minas Gerais,BR,Rodovia Chico Xavier,38.408-273
3C:71:BF:85:11:E1,,-18.95011711,-48.34706879,3C:71:BF,13,unknown,2025-07-15T19:00:00.000Z,2025-07-18T19:00:00.000Z,Uberlândia,Minas Gerais,BR,BR-497,38412-602
3C:71:BF:85:11:E5,,-18.95495605,-48.27356339,3C:71:BF,13,unknown,2025-05-28T16:00:00.000Z,2025-05-28T11:00:00.000Z,Uberlândia,Minas Gerais,BR,Avenida Nicomedes Alves dos Santos,38.411-159
3C:71:BF:85:11:ED,,-18.90779686,-48.31465912,3C:71:BF,13,unknown,2024-10-20T17:00:00.000Z,2025-05-22T12:00:00.000Z,Uberlândia,Minas Gerais,BR,Avenida Juscelino Kubitscheck,38.414-126
3C:71:BF:85:12:69,,-18.91733551,-48.30834198,3C:71:BF,13,unknown,2025-05-30T13:00:00.000Z,2025-07-01T18:00:00.000Z,Uberlândia,Minas Gerais,BR,Avenida Presidente Kennedy,38413018
3C:71:BF:85:12:75,,-18.90886307,-48.22031784,3C:71:BF,13,unknown,2025-06-25T15:00:00.000Z,2025-10-14T18:00:00.000Z,Uberlândia,Minas Gerais,BR,Avenida Anselmo Alves dos Santos,38408-154
3C:71:BF:85:13:59,,-18.9104023,-48.22404861,3C:71:BF,13,unknown,2025-07-03T17:00:00.000Z,2025-09-11T05:00:00.000Z,Uberlândia,Minas Gerais,BR,Rodovia Chico Xavier,38.405-112
3C:71:BF:85:13:61,,-18.94953156,-48.25072479,3C:71:BF,13,unknown,2025-06-21T16:00:00.000Z,2025-06-21T15:00:00.000Z,Uberlândia,Minas Gerais,BR,Avenida Iraque,38410566
3C:71:BF:85:13:81,,-18.92429161,-48.22169876,3C:71:BF,13,unknown,2025-07-03T17:00:00.000Z,2025-07-08T16:00:00.000Z,Uberlândia,Minas Gerais,BR,Rodovia Chico Xavier,38.408-273
3C:71:BF:85:13:9D,,-18.90227509,-48.23609924,3C:71:BF,13,unknown,2025-05-19T15:00:00.000Z,2025-09-09T13:00:00.000Z,Uberlândia,Minas Gerais,BR,Alameda João Leão,38400-722
3C:71:BF:85:13:A9,,-18.89930534,-48.24184036,3C:71:BF,13,unknown,2025-05-20T20:00:00.000Z,2025-09-11T05:00:00.000Z,Uberlândia,Minas Gerais,BR,,38.405-048
3C:71:BF:85:13:AD,,-18.96614647,-48.27576065,3C:71:BF,13,unknown,2025-05-30T19:00:00.000Z,2025-05-30T14:00:00.000Z,Uberlândia,Minas Gerais,BR,Avenida Manoel Madruga,38411-145
3C:71:BF:85:13:D9,,-18.90724564,-48.21960831,3C:71:BF,13,unknown,2025-06-12T18:00:00.000Z,2025-08-17T16:00:00.000Z,Uberlândia,Minas Gerais,BR,,38406-401
3C:71:BF:85:14:D1,,-8.03158665,-34.8979187,3C:71:BF,13,unknown,2026-08-06T17:00:00.000Z,2026-08-06T11:00:00.000Z,Recife,Pernambuco,BR,Avenida Norte Miguel Arraes de Alencar,52021-195
3C:71:BF:85:14:D5,,-18.90542984,-48.21823502,3C:71:BF,13,unknown,2025-08-19T23:00:00.000Z,2025-08-19T16:00:00.000Z,Uberlândia,Minas Gerais,BR,Avenida Anselmo Alves dos Santos,38406-401
3C:71:BF:85:15:E1,,-18.90122795,-48.23498917,3C:71:BF,13,unknown,2025-04-24T15:00:00.000Z,2025-04-24T14:00:00.000Z,Uberlândia,Minas Gerais,BR,Rua Haia,38.405-112
3C:71:BF:85:15:FD,,-18.91051292,-48.33812332,3C:71:BF,13,unknown,2025-05-22T18:00:00.000Z,2025-05-28T11:00:00.000Z,Uberlândia,Minas Gerais,BR,Anel Viário Ayrton Senna,38.414-126
3C:71:BF:85:17:71,,-18.92116165,-48.2530632,3C:71:BF,13,unknown,2025-06-12T15:00:00.000Z,2025-06-12T08:00:00.000Z,Uberlândia,Minas Gerais,BR,Avenida Doutor Laerte Vieira Gonçalves,38408-176
3C:71:BF:85:17:81,,-18.93905067,-48.23577118,3C:71:BF,13,unknown,2025-06-06T10:00:00.000Z,2026-07-30T16:00:00.000Z,Uberlândia,Minas Gerais,BR,Rua Doutor Simão Carvalho Luz,38.408-300
3C:71:BF:85:17:91,,-18.88606071,-48.26346207,3C:71:BF,13,unknown,2024-10-27T15:00:00.000Z,2026-03-09T04:00:00.000Z,Uberlândia,Minas Gerais,BR,Rodovia Chico Xavier,38400-734
3C:71:BF:85:17:D1,,-18.89878654,-48.24282455,3C:71:BF,13,unknown,2025-09-10T12:00:00.000Z,2025-09-11T05:00:00.000Z,Uberlândia,Minas Gerais,BR,Rua Florestano de Macedo,38400-722
3C:71:BF:85:18:E9,,-18.92349815,-48.24331665,3C:71:BF,13,unknown,2025-05-19T19:00:00.000Z,2025-09-18T13:00:00.000Z,Uberlândia,Minas Gerais,BR,Rua José Lélis França,38.408-238
3C:71:BF:85:19:01,,-18.9536438,-48.247509,3C:71:BF,13,unknown,2025-04-23T13:00:00.000Z,2025-04-23T10:00:00.000Z,Uberlândia,Minas Gerais,BR,Avenida Iraque,38410566
3C:71:BF:85:19:05,,-18.91915131,-48.20832443,3C:71:BF,13,unknown,2025-07-13T15:00:00.000Z,2025-07-15T04:00:00.000Z,Uberlândia,Minas Gerais,BR,BR-365,38.408-273
3C:71:BF:85:19:31,,-18.89960289,-48.23487473,3C:71:BF,13,unknown,2025-07-13T15:00:00.000Z,2025-07-15T04:00:00.000Z,Uberlândia,Minas Gerais,BR,Rua Acre,38.405-112
3C:71:BF:85:19:35,,-18.88373184,-48.26702118,3C:71:BF,13,unknown,2026-03-06T15:00:00.000Z,2026-03-09T04:00:00.000Z,Uberlândia,Minas Gerais,BR,Avenida Antônio Thomaz Ferreira de Rezende,38400-734
3C:71:BF:85:1C:8D,,-18.90431023,-48.23351669,3C:71:BF,13,unknown,2025-06-06T17:00:00.000Z,2025-06-25T14:00:00.000Z,Uberlândia,Minas Gerais,BR,Rua Florestano de Macedo,38400-722
3C:71:BF:85:1C:C5,,-18.9424572,-48.26111984,3C:71:BF,13,unknown,2025-07-01T17:00:00.000Z,2026-05-05T13:00:00.000Z,Uberlândia,Minas Gerais,BR,Alameda Padre Manoel da Costa,38.411-360
3C:71:BF:85:1D:19,,-18.90960312,-48.2178154,3C:71:BF,13,unknown,2025-06-12T18:00:00.000Z,2025-09-09T13:00:00.000Z,Uberlândia,Minas Gerais,BR,Avenida Manuel Lúcio,38406-401
3C:71:BF:85:1D:5D,,-18.91716194,-48.30963516,3C:71:BF,13,unknown,2025-07-01T16:00:00.000Z,2025-07-01T18:00:00.000Z,Uberlândia,Minas Gerais,BR,,38413018
3C:71:BF:85:1D:61,,-18.9185276,-48.18079376,3C:71:BF,13,unknown,2025-09-11T17:00:00.000Z,2025-09-12T13:00:00.000Z,Uberlândia,Minas Gerais,BR,Avenida Antônio Jorge Isaac,38407-300
3C:71:BF:85:1D:6D,,-18.90750504,-48.31259918,3C:71:BF,13,unknown,2025-05-22T18:00:00.000Z,2025-05-22T12:00:00.000Z,Uberlândia,Minas Gerais,BR,Rua Topázio,38.414-126
3C:71:BF:85:1D:8D,,-18.94229507,-48.31897354,3C:71:BF,13,unknown,2025-07-15T18:00:00.000Z,2025-07-18T19:00:00.000Z,Uberlândia,Minas Gerais,BR,BR-497,38412-104
3C:71:BF:85:1D:AD,,-18.93535423,-48.26029968,3C:71:BF,13,unknown,2025-06-17T20:00:00.000Z,2025-09-11T05:00:00.000Z,Uberlândia,Minas Gerais,BR,Avenida dos Inconfidentes,38.408-140
3C:71:BF:85:1D:C9,,-18.92192841,-48.24952698,3C:71:BF,13,unknown,2025-05-24T18:00:00.000Z,2025-05-24T13:00:00.000Z,Uberlândia,Minas Gerais,BR,Rua Nordau Gonçalves de Melo,38.408-218
3C:71:BF:85:1D:CD,,-18.96767807,-48.37231827,3C:71:BF,13,unknown,2025-05-28T16:00:00.000Z,2025-05-28T11:00:00.000Z,Uberlândia,Minas Gerais,BR,Anel Viário,38421637
3C:71:BF:85:1D:ED,,-18.88398361,-48.26616287,3C:71:BF,13,unknown,2025-05-28T11:00:00.000Z,2026-03-09T04:00:00.000Z,Uberlândia,Minas Gerais,BR,Avenida Antônio Thomaz Ferreira de Rezende,38400-734
3C:71:BF:85:1E:05,,-18.96497917,-48.27439499,3C:71:BF,13,unknown,2025-05-28T16:00:00.000Z,2025-05-29T12:00:00.000Z,Uberlândia,Minas Gerais,BR,Avenida Nicomedes Alves dos Santos,38411-145
3C:71:BF:85:1E:25,,-18.91160774,-48.22291183,3C:71:BF,13,unknown,2025-06-06T17:00:00.000Z,2025-09-11T05:00:00.000Z,Uberlândia,Minas Gerais,BR,Avenida Anselmo Alves dos Santos,38408-154
3C:71:BF:85:1E:29,,-18.89825439,-48.24375916,3C:71:BF,13,unknown,2025-05-19T15:00:00.000Z,2025-06-06T11:00:00.000Z,Uberlândia,Minas Gerais,BR,Rua Florestano de Macedo,38400-722
3C:71:BF:85:1E:35,,-18.90218735,-48.23550034,3C:71:BF,13,unknown,2025-07-03T17:00:00.000Z,2025-07-08T16:00:00.000Z,Uberlândia,Minas Gerais,BR,,38.405-112
3C:71:BF:85:1E:39,,-18.89204788,-48.25416565,3C:71:BF,13,unknown,2025-06-06T17:00:00.000Z,2025-06-06T11:00:00.000Z,Uberlândia,Minas Gerais,BR,Rua Ciganos do Brasil,38400-722
3C:71:BF:85:1E:45,,-18.9253521,-48.23660278,3C:71:BF,13,unknown,2025-06-18T15:00:00.000Z,2026-07-23T11:00:00.000Z,Uberlândia,Minas Gerais,BR,Rua Lycidio Paes,38.408-238
3C:71:BF:85:1E:49,,-18.91732788,-48.30857086,3C:71:BF,13,unknown,2025-07-01T16:00:00.000Z,2025-07-01T18:00:00.000Z,Uberlândia,Minas Gerais,BR,Avenida Presidente Kennedy,38413018
3C:71:BF:85:1E:61,,-18.94265175,-48.2612114,3C:71:BF,13,unknown,2025-05-24T15:00:00.000Z,2025-09-19T14:00:00.000Z,Uberlândia,Minas Gerais,BR,Alameda Padre Manoel da Costa,38.411-360
3C:71:BF:85:1E:69,,-18.89563942,-48.322258,3C:71:BF,13,unknown,2025-05-28T15:00:00.000Z,2025-05-28T11:00:00.000Z,Uberlândia,Minas Gerais,BR,Anel Viário Ayrton Senna,38415420
3C:71:BF:85:1E:79,,-18.95620346,-48.273983,3C:71:BF,13,unknown,2025-05-28T16:00:00.000Z,2025-05-30T14:00:00.000Z,Uberlândia,Minas Gerais,BR,Avenida Nicomedes Alves dos Santos,38.411-159
3C:71:BF:85:1E:81,,-18.95386696,-48.24713898,3C:71:BF,13,unknown,2025-05-19T20:00:00.000Z,2025-09-19T14:00:00.000Z,Uberlândia,Minas Gerais,BR,Avenida Iraque,38410566
3C:71:BF:85:1F:BD,,-18.94359016,-48.3470192,3C:71:BF,13,unknown,2025-07-15T18:00:00.000Z,2025-07-18T19:00:00.000Z,Uberlândia,Minas Gerais,BR,Avenida Antônio Matias Montana,38414564
3C:71:BF:85:1F:C1,,-18.93907166,-48.30782318,3C:71:BF,13,unknown,2025-06-04T19:00:00.000Z,2025-07-18T19:00:00.000Z,Uberlândia,Minas Gerais,BR,BR-497,38412-104
3C:71:BF:85:20:31,,-18.88358688,-48.26724243,3C:71:BF,13,unknown,2025-05-28T17:00:00.000Z,2025-05-28T11:00:00.000Z,Uberlândia,Minas Gerais,BR,Avenida Antônio Thomaz Ferreira de Rezende,38400-734
3C:71:BF:85:20:35,,-18.9264946,-48.23319244,3C:71:BF,13,unknown,2025-09-17T16:00:00.000Z,2025-09-18T13:00:00.000Z,Uberlândia,Minas Gerais,BR,Rua João Balbino,38408-680
3C:71:BF:85:20:5D,,-18.94101906,-48.26062012,3C:71:BF,13,unknown,2025-06-04T19:00:00.000Z,2025-09-26T13:00:00.000Z,Uberlândia,Minas Gerais,BR,Alameda Padre Manoel da Costa,38.411-360
3C:71:BF:85:20:65,,-18.97076035,-48.3742485,3C:71:BF,13,unknown,2025-05-21T22:00:00.000Z,2025-05-21T16:00:00.000Z,Uberlândia,Minas Gerais,BR,Rua do Tuju,38421637
3C:71:BF:85:20:79,,-18.93859482,-48.25970459,3C:71:BF,13,unknown,2025-02-13T11:00:00.000Z,2025-07-29T03:00:00.000Z,Uberlândia,Minas Gerais,BR,Rotunda Coralia Lima Machado,
3C:71:BF:85:23:DD,,-18.90546608,-48.21826935,3C:71:BF,13,unknown,2025-08-19T23:00:00.000Z,2025-08-19T16:00:00.000Z,Uberlândia,Minas Gerais,BR,Avenida Anselmo Alves dos Santos,38406-401
3C:71:BF:85:2D:61,,-18.90890503,-48.22605515,3C:71:BF,13,unknown,2025-06-13T21:00:00.000Z,2025-06-13T14:00:00.000Z,Uberlândia,Minas Gerais,BR,Rua Florestano de Macedo,38400-722
3C:71:BF:85:2F:05,,-18.96098137,-48.29448318,3C:71:BF,13,unknown,2025-01-31T20:00:00.000Z,2025-09-19T14:00:00.000Z,Uberlândia,Minas Gerais,BR,Avenida Olímpio Oliveira de Freitas,38411-598
3C:71:BF:85:31:45,,-18.90108299,-48.32696915,3C:71:BF,13,unknown,2025-05-24T16:00:00.000Z,2025-05-24T13:00:00.000Z,Uberlândia,Minas Gerais,BR,Anel Viário Ayrton Senna,38.414-126
3C:71:BF:85:32:D1,,-18.89540482,-48.32210922,3C:71:BF,13,unknown,2025-05-24T16:00:00.000Z,2025-05-24T13:00:00.000Z,Uberlândia,Minas Gerais,BR,Anel Viário Ayrton Senna,38415420
3C:71:BF:85:38:E1,,-18.9081707,-48.31331635,3C:71:BF,13,unknown,2025-03-10T21:00:00.000Z,2025-03-10T15:00:00.000Z,Uberlândia,Minas Gerais,BR,Avenida Juscelino Kubitscheck,38.414-126
3C:71:BF:85:40:E9,,-18.95606422,-48.29215622,3C:71:BF,13,unknown,2025-05-21T22:00:00.000Z,2025-06-21T15:00:00.000Z,Uberlândia,Minas Gerais,BR,Avenida dos Jardins,38411-598
3C:71:BF:85:45:D9,,-18.87739372,-48.28752899,3C:71:BF,13,unknown,2025-05-19T17:00:00.000Z,2025-05-19T12:00:00.000Z,Uberlândia,Minas Gerais,BR,Avenida Olímpica,38402-228
3C:71:BF:85:46:D9,,-18.90805435,-48.31371689,3C:71:BF,13,unknown,2025-03-10T21:00:00.000Z,2025-03-10T15:00:00.000Z,Uberlândia,Minas Gerais,BR,Avenida Juscelino Kubitscheck,38.414-126
3C:71:BF:85:47:29,,-18.88514137,-48.26654053,3C:71:BF,13,unknown,2025-02-02T14:00:00.000Z,2025-03-12T04:00:00.000Z,Uberlândia,Minas Gerais,BR,Rodovia BR-365,38400-734
3C:71:BF:85:4D:95,,-18.95168114,-48.354496,3C:71:BF,13,unknown,2025-05-24T16:00:00.000Z,2025-05-29T12:00:00.000Z,Uberlândia,Minas Gerais,BR,BR-497,38412-602
3C:71:BF:85:59:E5,,-18.95002937,-48.2829361,3C:71:BF,13,unknown,2025-05-21T22:00:00.000Z,2025-05-21T16:00:00.000Z,Uberlândia,Minas Gerais,BR,Ciclovia Av. Vinhedo,38411-217
3C:71:BF:85:C4:75,,-18.90943336,-48.21806717,3C:71:BF,13,unknown,2025-06-12T18:00:00.000Z,2025-06-12T12:00:00.000Z,Uberlândia,Minas Gerais,BR,Avenida Manuel Lúcio,38406-401
3C:71:BF:85:C7:DD,,-18.92060661,-48.27714157,3C:71:BF,13,unknown,2025-05-28T20:00:00.000Z,2025-05-28T14:00:00.000Z,Uberlândia,Minas Gerais,BR,Avenida Floriano Peixoto,38400-160
3C:71:BF:85:C7:ED,,-18.94098091,-48.26058578,3C:71:BF,13,unknown,2025-06-04T19:00:00.000Z,2025-06-09T05:00:00.000Z,Uberlândia,Minas Gerais,BR,Alameda Padre Manoel da Costa,38.411-360
3C:71:BF:85:C7:F1,,-18.91803741,-48.18501663,3C:71:BF,13,unknown,2025-09-11T17:00:00.000Z,2025-09-12T13:00:00.000Z,Uberlândia,Minas Gerais,BR,Avenida Felipe Calixto Milken,38407-287
3C:71:BF:85:C8:01,,-18.91080666,-48.21740341,3C:71:BF,13,unknown,2025-06-12T18:00:00.000Z,2025-06-12T12:00:00.000Z,Uberlândia,Minas Gerais,BR,,38408-154
3C:71:BF:85:C8:35,,-18.91724396,-48.3094101,3C:71:BF,13,unknown,2025-05-30T13:00:00.000Z,2025-05-30T08:00:00.000Z,Uberlândia,Minas Gerais,BR,Avenida Presidente Kennedy,38413018
3C:71:BF:85:C8:A1,,-18.90906334,-48.22547913,3C:71:BF,13,unknown,2025-05-28T11:00:00.000Z,2025-07-29T03:00:00.000Z,Uberlândia,Minas Gerais,BR,Rodovia Chico Xavier,38.405-112
3C:71:BF:85:C8:B1,,-8.07541466,-34.9184227,3C:71:BF,13,unknown,2025-02-19T17:00:00.000Z,2025-02-19T10:00:00.000Z,Recife,Pernambuco,BR,Rua Doutor João Elísio,50820-230
3C:71:BF:85:C8:E1,,-18.96640587,-48.27348328,3C:71:BF,13,unknown,2025-05-29T17:00:00.000Z,2025-05-29T12:00:00.000Z,Uberlândia,Minas Gerais,BR,Anel Viário,38425605
3C:71:BF:85:C8:E5,,-8.09567642,-34.91176987,3C:71:BF,13,none,2025-10-18T17:00:00.000Z,2025-10-18T18:00:00.000Z,Recife,Pernambuco,BR,Rua Arquiteto Luíz Nunes,51170-435
3C:71:BF:85:C9:39,,-18.92605972,-48.22731781,3C:71:BF,13,unknown,2025-09-11T15:00:00.000Z,2025-09-12T13:00:00.000Z,Uberlândia,Minas Gerais,BR,Rua Jerônima Lucas Barros,38.408-273
3C:71:BF:85:C9:D9,,-18.88200188,-48.26950455,3C:71:BF,13,unknown,2025-05-28T16:00:00.000Z,2026-03-09T04:00:00.000Z,Uberlândia,Minas Gerais,BR,Avenida Antônio Thomaz Ferreira de Rezende,38402-228
3C:71:BF:85:C9:F9,,-18.88893509,-48.25900269,3C:71:BF,13,unknown,2025-05-28T11:00:00.000Z,2025-05-28T11:00:00.000Z,Uberlândia,Minas Gerais,BR,Rodovia Chico Xavier,38400-734
3C:71:BF:85:CA:0D,,-18.9712162,-48.36468124,3C:71:BF,13,unknown,2025-05-21T21:00:00.000Z,2025-09-19T14:00:00.000Z,Uberlândia,Minas Gerais,BR,Avenida Aldo Borges Leão,38421637
3C:71:BF:85:CA:15,,-18.96637917,-48.27852249,3C:71:BF,13,unknown,2025-05-29T17:00:00.000Z,2025-05-30T14:00:00.000Z,Uberlândia,Minas Gerais,BR,Rua Professora Maria Célia Cence,38425605
3C:71:BF:85:CA:2D,,-18.96960449,-48.36555099,3C:71:BF,13,unknown,2025-09-19T17:00:00.000Z,2025-09-19T14:00:00.000Z,Uberlândia,Minas Gerais,BR,,38421637
3C:71:BF:85:CA:31,,-18.93596649,-48.26018524,3C:71:BF,13,unknown,2025-06-17T20:00:00.000Z,2025-09-11T05:00:00.000Z,Uberlândia,Minas Gerais,BR,Avenida dos Inconfidentes,38.408-140
3C:71:BF:85:CB:35,,-18.91017342,-48.33746338,3C:71:BF,13,unknown,2025-05-22T18:00:00.000Z,2025-05-28T11:00:00.000Z,Uberlândia,Minas Gerais,BR,Anel Viário Ayrton Senna,38.414-126
3C:71:BF:85:CB:51,,-18.91877556,-48.18059921,3C:71:BF,13,unknown,2025-05-30T18:00:00.000Z,2025-05-30T14:00:00.000Z,Uberlândia,Minas Gerais,BR,Avenida Antônio Jorge Isaac,38407-300
3C:71:BF:85:CB:B5,,-18.95734978,-48.2735672,3C:71:BF,13,unknown,2025-05-28T16:00:00.000Z,2025-09-19T14:00:00.000Z,Uberlândia,Minas Gerais,BR,Avenida Nicomedes Alves dos Santos,38.411-159
3C:71:BF:85:CB:D1,,-18.88516617,-48.26658249,3C:71:BF,13,unknown,2024-10-27T15:00:00.000Z,2024-10-27T14:00:00.000Z,Uberlândia,Minas Gerais,BR,Rodovia BR-365,38400-734
3C:71:BF:85:CB:D9,,-18.88131714,-48.27057266,3C:71:BF,13,unknown,2025-05-28T17:00:00.000Z,2025-09-11T05:00:00.000Z,Uberlândia,Minas Gerais,BR,Avenida Antônio Thomaz Ferreira de Rezende,38402-228
3C:71:BF:85:CB:F1,,-26.84648514,-49.26643753,3C:71:BF,13,unknown,2024-12-07T21:00:00.000Z,2024-12-07T13:00:00.000Z,Timbó,Santa Catarina,BR,Rua Fritz Lorenz,89120-000
3C:71:BF:85:CC:09,,-18.95692825,-48.27362823,3C:71:BF,13,unknown,2025-05-28T16:00:00.000Z,2025-09-19T14:00:00.000Z,Uberlândia,Minas Gerais,BR,Avenida Nicomedes Alves dos Santos,38.411-159
3C:71:BF:85:CC:0D,,-18.90906334,-48.31269836,3C:71:BF,13,unknown,2025-05-22T18:00:00.000Z,2025-05-22T12:00:00.000Z,Uberlândia,Minas Gerais,BR,Praça Minas Gerais,38.414-126
3C:71:BF:85:CC:1D,,-18.92558861,-48.22148895,3C:71:BF,13,unknown,2025-05-19T17:00:00.000Z,2025-09-11T05:00:00.000Z,Uberlândia,Minas Gerais,BR,Rodovia Chico Xavier,38.408-273
3C:71:BF:85:CC:29,,-18.8866806,-48.26771927,3C:71:BF,13,unknown,2025-05-28T11:00:00.000Z,2025-05-28T11:00:00.000Z,Uberlândia,Minas Gerais,BR,Rodovia BR-365,38400-734
3C:71:BF:85:CC:2D,,-18.92281532,-48.24690628,3C:71:BF,13,unknown,2025-05-20T13:00:00.000Z,2025-06-12T08:00:00.000Z,Uberlândia,Minas Gerais,BR,Avenida Doutor Laerte Vieira Gonçalves,38408-176
3C:71:BF:85:CC:41,,-18.91269112,-48.21494675,3C:71:BF,13,unknown,2025-06-13T13:00:00.000Z,2025-06-13T14:00:00.000Z,Uberlândia,Minas Gerais,BR,Avenida Manuel Lúcio,38406-401
3C:71:BF:85:CC:79,,-18.88953972,-48.25797653,3C:71:BF,13,unknown,2025-09-10T12:00:00.000Z,2025-09-11T05:00:00.000Z,Uberlândia,Minas Gerais,BR,Rodovia Chico Xavier,38400-734
3C:71:BF:85:CD:01,,-18.91840553,-48.18202972,3C:71:BF,13,unknown,2025-09-11T20:00:00.000Z,2025-09-12T13:00:00.000Z,Uberlândia,Minas Gerais,BR,Avenida Felipe Calixto Milken,38407-287
3C:71:BF:85:CD:71,,-18.91165352,-48.22364044,3C:71:BF,13,unknown,2025-09-09T18:00:00.000Z,2025-09-11T05:00:00.000Z,Uberlândia,Minas Gerais,BR,Rodovia Chico Xavier,38408-154
3C:71:BF:85:CD:7D,,-18.98965836,-48.37739563,3C:71:BF,13,unknown,2025-06-21T21:00:00.000Z,2025-06-21T15:00:00.000Z,Uberlândia,Minas Gerais,BR,Avenida Aldo Borges Leão,38421637
3C:71:BF:85:CE:15,,-18.92141533,-48.18304825,3C:71:BF,13,unknown,2025-07-13T15:00:00.000Z,2025-07-15T04:00:00.000Z,Uberlândia,Minas Gerais,BR,BR-365,38407-287
3C:71:BF:85:CE:19,,-18.90491676,-48.29235458,3C:71:BF,13,unknown,2025-05-28T12:00:00.000Z,2025-05-28T11:00:00.000Z,Uberlândia,Minas Gerais,BR,Rodovia BR-365,38401104
3C:71:BF:85:CE:2D,,-18.97078896,-48.36473083,3C:71:BF,13,unknown,2025-05-21T21:00:00.000Z,2025-09-26T13:00:00.000Z,Uberlândia,Minas Gerais,BR,,38421637
3C:71:BF:85:CE:39,,-18.92046928,-48.30238342,3C:71:BF,13,unknown,2025-06-09T11:00:00.000Z,2025-07-01T18:00:00.000Z,Uberlândia,Minas Gerais,BR,,
3C:71:BF:85:CE:41,,-18.92522049,-48.2365036,3C:71:BF,13,unknown,2025-06-18T15:00:00.000Z,2025-07-08T16:00:00.000Z,Uberlândia,Minas Gerais,BR,Rua Lycidio Paes,38.408-238
3C:71:BF:85:CE:45,,-18.88222694,-48.26928329,3C:71:BF,13,unknown,2025-05-28T17:00:00.000Z,2025-05-28T11:00:00.000Z,Uberlândia,Minas Gerais,BR,Avenida Antônio Thomaz Ferreira de Rezende,38400-734
3C:71:BF:85:CE:55,,-18.91736794,-48.3080864,3C:71:BF,13,unknown,2025-07-01T16:00:00.000Z,2025-07-01T18:00:00.000Z,Uberlândia,Minas Gerais,BR,Avenida Presidente Kennedy,38413018
3C:71:BF:85:CE:69,,-18.91738319,-48.3078537,3C:71:BF,13,unknown,2025-07-01T16:00:00.000Z,2025-07-01T18:00:00.000Z,Uberlândia,Minas Gerais,BR,Avenida Presidente Kennedy,38413018
3C:71:BF:85:CE:8D,,-8.03337955,-34.95194626,3C:71:BF,13,none,2026-07-03T03:00:00.000Z,2026-07-02T21:00:00.000Z,Recife,Pernambuco,BR,Corredor Exclusivo BRT Leste - Oeste (Avenida Caxangá),50800-095
3C:71:BF:85:CE:B9,,-18.89873505,-48.23491669,3C:71:BF,13,unknown,2025-07-13T15:00:00.000Z,2025-07-15T04:00:00.000Z,Uberlândia,Minas Gerais,BR,Rua Ciro de Castro Almeida,38.405-112
3C:71:BF:85:CF:E5,,-18.96974754,-48.36565399,3C:71:BF,13,unknown,2025-05-24T15:00:00.000Z,2025-06-04T13:00:00.000Z,Uberlândia,Minas Gerais,BR,Anel Viário,38421637
3C:71:BF:85:D1:59,,-18.87749481,-48.28794098,3C:71:BF,13,unknown,2025-05-19T17:00:00.000Z,2025-05-19T12:00:00.000Z,Uberlândia,Minas Gerais,BR,Avenida Olímpica,38402-228
3C:71:BF:85:D2:0D,,-18.9001503,-48.24045563,3C:71:BF,13,unknown,2025-05-19T17:00:00.000Z,2025-05-28T11:00:00.000Z,Uberlândia,Minas Gerais,BR,Rua Florestano de Macedo,38400-722
3C:71:BF:85:D2:59,,-18.91334152,-48.30770111,3C:71:BF,13,unknown,2001-01-01T00:00:00.000Z,2026-03-09T04:00:00.000Z,Uberlândia,Minas Gerais,BR,,38413018
3C:71:BF:85:D2:6D,,-18.97063065,-48.36450577,3C:71:BF,13,unknown,2025-05-21T21:00:00.000Z,2025-09-19T14:00:00.000Z,Uberlândia,Minas Gerais,BR,Ciclovia Entrada Pequis,38421637
3C:71:BF:85:D2:E5,,-18.90968132,-48.21746445,3C:71:BF,13,unknown,2025-06-12T18:00:00.000Z,2025-09-09T13:00:00.000Z,Uberlândia,Minas Gerais,BR,Avenida Manuel Lúcio,38406-401
3C:71:BF:85:D3:41,,-18.91993141,-48.20698166,3C:71:BF,13,unknown,2025-07-13T15:00:00.000Z,2025-07-29T03:00:00.000Z,Uberlândia,Minas Gerais,BR,BR-365,38.408-273
3C:71:BF:85:D3:61,,-18.9064045,-48.23004913,3C:71:BF,13,unknown,2025-04-24T15:00:00.000Z,2025-05-20T13:00:00.000Z,Uberlândia,Minas Gerais,BR,Rua Florestano de Macedo,38400-722
3C:71:BF:85:D3:69,,-26.82756233,-49.29571533,3C:71:BF,13,unknown,2025-12-24T14:00:00.000Z,2025-12-24T06:00:00.000Z,Timbó,Santa Catarina,BR,Rua Marechal Floriano Peixoto,89120-000
3C:71:BF:85:D3:A9,,-18.90804291,-48.21585083,3C:71:BF,13,unknown,2025-09-09T18:00:00.000Z,2025-09-09T13:00:00.000Z,Uberlândia,Minas Gerais,BR,Alameda dos Mandarins,38406-401
3C:71:BF:85:D3:C1,,-18.88858223,-48.25954819,3C:71:BF,13,unknown,2026-03-06T16:00:00.000Z,2026-03-09T04:00:00.000Z,Uberlândia,Minas Gerais,BR,Rodovia Chico Xavier,38400-734
3C:71:BF:85:D4:1D,,-18.90947533,-48.22496033,3C:71:BF,13,unknown,2025-06-05T14:00:00.000Z,2025-09-11T05:00:00.000Z,Uberlândia,Minas Gerais,BR,Rodovia Chico Xavier,38.405-112
3C:71:BF:85:D4:21,,-18.90039253,-48.23986053,3C:71:BF,13,unknown,2025-05-19T15:00:00.000Z,2025-06-05T10:00:00.000Z,Uberlândia,Minas Gerais,BR,Rodovia Chico Xavier,38400-722
3C:71:BF:85:D5:59,,-18.9084816,-48.21888733,3C:71:BF,13,unknown,2025-06-12T18:00:00.000Z,2025-06-12T12:00:00.000Z,Uberlândia,Minas Gerais,BR,Avenida Manuel Lúcio,38406-401
3C:71:BF:85:D5:61,,-18.8841095,-48.26615906,3C:71:BF,13,unknown,2024-10-27T15:00:00.000Z,2024-10-27T14:00:00.000Z,Uberlândia,Minas Gerais,BR,Avenida Antônio Thomaz Ferreira de Rezende,38400-734
3C:71:BF:85:D5:79,,-18.90883255,-48.31290054,3C:71:BF,13,unknown,2025-05-22T18:00:00.000Z,2025-05-22T12:00:00.000Z,Uberlândia,Minas Gerais,BR,Avenida José Fonseca e Silva,38.414-126
3C:71:BF:85:D5:A1,,-18.92197609,-48.34026337,3C:71:BF,13,unknown,2025-09-25T15:00:00.000Z,2025-09-26T13:00:00.000Z,Uberlândia,Minas Gerais,BR,Anel Viário Ayrton Senna,38414564
3C:71:BF:85:D5:B9,,-18.94344711,-48.26139069,3C:71:BF,13,unknown,2025-05-21T22:00:00.000Z,2025-06-04T13:00:00.000Z,Uberlândia,Minas Gerais,BR,Alameda Padre Manoel da Costa,38.411-360
3C:71:BF:85:D5:D5,,-18.93887711,-48.2590332,3C:71:BF,13,unknown,2025-02-13T11:00:00.000Z,2025-02-13T06:00:00.000Z,Uberlândia,Minas Gerais,BR,Avenida Geraldo Abrão,38.411-360
3C:71:BF:85:D6:0D,,-18.89002991,-48.25714493,3C:71:BF,13,unknown,2025-09-10T12:00:00.000Z,2025-09-11T05:00:00.000Z,Uberlândia,Minas Gerais,BR,Rodovia Chico Xavier,38400-734
3C:71:BF:85:D6:59,,-18.93702126,-48.26011276,3C:71:BF,13,unknown,2025-02-13T11:00:00.000Z,2025-06-17T16:00:00.000Z,Uberlândia,Minas Gerais,BR,Avenida dos Inconfidentes,38.408-140
3C:71:BF:85:D6:69,,-18.9609642,-48.29452896,3C:71:BF,13,unknown,2025-06-04T17:00:00.000Z,2025-06-04T13:00:00.000Z,Uberlândia,Minas Gerais,BR,Avenida Olímpio Oliveira de Freitas,38411-598
3C:71:BF:85:D6:71,ESP_85D671,-18.97144318,-48.36586761,3C:71:BF,13,unknown,2025-05-21T21:00:00.000Z,2025-06-21T15:00:00.000Z,Uberlândia,Minas Gerais,BR,Rua do Suiriri,38421637
3C:71:BF:85:D6:7D,,-18.9610672,-48.29409027,3C:71:BF,13,unknown,2025-05-21T22:00:00.000Z,2025-05-21T16:00:00.000Z,Uberlândia,Minas Gerais,BR,Avenida Olímpio Oliveira de Freitas,38411-598
3C:71:BF:85:D6:81,,-18.98875046,-48.37555313,3C:71:BF,13,unknown,2025-06-21T16:00:00.000Z,2025-06-21T15:00:00.000Z,Uberlândia,Minas Gerais,BR,Avenida Aldo Borges Leão,38421637
3C:71:BF:85:D6:8D,,-18.9558773,-48.27434921,3C:71:BF,13,unknown,2025-05-30T19:00:00.000Z,2025-05-30T14:00:00.000Z,Uberlândia,Minas Gerais,BR,Avenida Nicomedes Alves dos Santos,38.411-159
3C:71:BF:85:D6:91,,-18.90965271,-48.33595276,3C:71:BF,13,unknown,2025-03-10T21:00:00.000Z,2025-05-28T11:00:00.000Z,Uberlândia,Minas Gerais,BR,Anel Viário Ayrton Senna,38.414-126
3C:71:BF:85:D6:D1,,-18.91440392,-48.20174026,3C:71:BF,13,unknown,2025-06-13T12:00:00.000Z,2025-06-13T14:00:00.000Z,Uberlândia,Minas Gerais,BR,Rua da Goiabinha,38407-287
3C:71:BF:85:D7:59,,-18.88464737,-48.26556015,3C:71:BF,13,unknown,2025-05-19T17:00:00.000Z,2025-05-19T12:00:00.000Z,Uberlândia,Minas Gerais,BR,Rodovia Chico Xavier,38400-734
3C:71:BF:85:D7:75,,-18.92193413,-48.24953079,3C:71:BF,13,unknown,2025-05-24T18:00:00.000Z,2025-05-24T13:00:00.000Z,Uberlândia,Minas Gerais,BR,Rua Nordau Gonçalves de Melo,38.408-218
3C:71:BF:85:D7:81,,-18.92308998,-48.24584198,3C:71:BF,13,unknown,2025-09-16T21:00:00.000Z,2025-09-18T13:00:00.000Z,Uberlândia,Minas Gerais,BR,Avenida Doutor Laerte Vieira Gonçalves,38408-176
3C:71:BF:85:D7:E9,Mysa-85d7e8,49.23071671,-123.05166626,3C:71:BF,1,unknown,2026-05-12T22:00:00.000Z,2026-06-12T10:00:00.000Z,Vancouver,British Columbia,CA,Wales Street,V5R
3C:71:BF:85:D8:C1,,-18.96662903,-48.27257156,3C:71:BF,13,unknown,2025-05-29T17:00:00.000Z,2025-05-29T12:00:00.000Z,Uberlândia,Minas Gerais,BR,Anel Viário,38425605
3C:71:BF:85:D9:15,,-18.91806984,-48.18496704,3C:71:BF,13,unknown,2025-09-11T17:00:00.000Z,2025-09-12T13:00:00.000Z,Uberlândia,Minas Gerais,BR,Avenida Felipe Calixto Milken,38407-287
3C:71:BF:85:D9:BD,,-18.93581581,-48.26041412,3C:71:BF,13,unknown,2025-05-21T18:00:00.000Z,2025-09-11T05:00:00.000Z,Uberlândia,Minas Gerais,BR,Avenida dos Inconfidentes,38.408-140
3C:71:BF:85:D9:CD,,-18.91804695,-48.18497849,3C:71:BF,13,unknown,2025-09-11T19:00:00.000Z,2025-09-12T13:00:00.000Z,Uberlândia,Minas Gerais,BR,Avenida Felipe Calixto Milken,38407-287
3C:71:BF:85:DC:F1,,-18.94563103,-48.35139084,3C:71:BF,13,unknown,2025-05-28T15:00:00.000Z,2025-05-29T12:00:00.000Z,Uberlândia,Minas Gerais,BR,Anel Viário Ayrton Senna,38412-602
3C:71:BF:85:DD:05,,-18.96489525,-48.28082275,3C:71:BF,13,unknown,2024-12-14T11:00:00.000Z,2024-12-26T00:00:00.000Z,Uberlândia,Minas Gerais,BR,Anel Viário,38411-598
3C:71:BF:85:E0:9D,,-18.91833687,-48.20965576,3C:71:BF,13,unknown,2025-07-13T15:00:00.000Z,2025-07-29T03:00:00.000Z,Uberlândia,Minas Gerais,BR,BR-365,38.408-273
3C:71:BF:85:E0:A9,,-8.06078339,-34.92789459,3C:71:BF,13,none,2025-04-01T10:00:00.000Z,2026-08-06T19:00:00.000Z,Recife,Pernambuco,BR,Avenida Engenheiro Abdias de Carvalho,50761-650
3C:71:BF:85:E3:21,,-18.90196037,-48.23690414,3C:71:BF,13,unknown,2025-05-19T15:00:00.000Z,2025-09-11T05:00:00.000Z,Uberlândia,Minas Gerais,BR,Alameda João Leão,38400-722
3C:71:BF:85:E8:49,,-18.90107536,-48.23897552,3C:71:BF,13,unknown,2025-09-10T12:00:00.000Z,2025-09-11T05:00:00.000Z,Uberlândia,Minas Gerais,BR,Rua Florestano de Macedo,38400-722
3C:71:BF:86:02:99,,-18.9424305,-48.26100922,3C:71:BF,13,unknown,2025-05-21T22:00:00.000Z,2025-05-24T13:00:00.000Z,Uberlândia,Minas Gerais,BR,Alameda Padre Manoel da Costa,38.411-360
3C:71:BF:86:02:C5,,-18.86572266,-48.27295685,3C:71:BF,13,unknown,2025-05-21T20:00:00.000Z,2025-05-21T16:00:00.000Z,Uberlândia,Minas Gerais,BR,Avenida José Andraus Gassani,38402-180
3C:71:BF:86:02:C9,,-18.96730423,-48.27358627,3C:71:BF,13,unknown,2025-05-29T17:00:00.000Z,2025-05-29T12:00:00.000Z,Uberlândia,Minas Gerais,BR,Avenida Nicomedes Alves dos Santos,38425605
3C:71:BF:86:02:ED,,-18.88507652,-48.26726913,3C:71:BF,13,unknown,2025-05-28T11:00:00.000Z,2025-05-28T11:00:00.000Z,Uberlândia,Minas Gerais,BR,Rua Padre Américo Ceppi,38400-734
3C:71:BF:86:03:01,,-18.92640495,-48.23100662,3C:71:BF,13,unknown,2025-05-29T15:00:00.000Z,2025-05-29T09:00:00.000Z,Uberlândia,Minas Gerais,BR,Rua Lourdes de Carvalho,38408-680
3C:71:BF:86:04:11,,-18.91027832,-48.30591965,3C:71:BF,13,unknown,2025-09-09T17:00:00.000Z,2025-09-09T13:00:00.000Z,Uberlândia,Minas Gerais,BR,Avenida Juscelino Kubitscheck,38401430
3C:71:BF:86:04:15,,-18.96516991,-48.27904892,3C:71:BF,13,unknown,2024-12-14T11:00:00.000Z,2024-12-26T00:00:00.000Z,Uberlândia,Minas Gerais,BR,Anel Viário,38411-598
3C:71:BF:86:04:35,,-18.95212173,-48.31211472,3C:71:BF,13,unknown,2025-02-18T09:00:00.000Z,2025-03-12T04:00:00.000Z,Uberlândia,Minas Gerais,BR,,38412-877
3C:71:BF:86:04:39,,-18.92569733,-48.22143555,3C:71:BF,13,unknown,2025-05-19T17:00:00.000Z,2025-06-12T12:00:00.000Z,Uberlândia,Minas Gerais,BR,Rodovia Chico Xavier,38.408-273
3C:71:BF:86:04:49,,-8.08572578,-34.89051056,3C:71:BF,13,unknown,2026-08-08T14:00:00.000Z,2026-08-08T17:00:00.000Z,Recife,Pernambuco,BR,Avenida República do Líbano,51110-160
3C:71:BF:86:04:C9,,-18.92313766,-48.24554062,3C:71:BF,13,unknown,2025-09-15T11:00:00.000Z,2025-09-18T13:00:00.000Z,Uberlândia,Minas Gerais,BR,Avenida Doutor Laerte Vieira Gonçalves,38408-176
3C:71:BF:86:04:D9,,-18.9428463,-48.32089615,3C:71:BF,13,unknown,2025-05-30T19:00:00.000Z,2025-07-18T19:00:00.000Z,Uberlândia,Minas Gerais,BR,BR-497,38412-104
3C:71:BF:86:04:E1,,-18.92431641,-48.2216835,3C:71:BF,13,unknown,2025-09-19T11:00:00.000Z,2025-09-19T14:00:00.000Z,Uberlândia,Minas Gerais,BR,Rodovia Chico Xavier,38.408-273
3C:71:BF:86:05:01,,-18.92321777,-48.24519348,3C:71:BF,13,unknown,2025-05-27T15:00:00.000Z,2025-09-18T13:00:00.000Z,Uberlândia,Minas Gerais,BR,Avenida Doutor Laerte Vieira Gonçalves,38408-176
3C:71:BF:86:05:09,,-18.88281822,-48.26482391,3C:71:BF,13,unknown,2025-02-02T14:00:00.000Z,2025-03-12T04:00:00.000Z,Uberlândia,Minas Gerais,BR,Rodovia BR-050,38400-734
3C:71:BF:86:05:0D,,-18.92384911,-48.24259949,3C:71:BF,13,unknown,2025-05-27T15:00:00.000Z,2025-05-27T13:00:00.000Z,Uberlândia,Minas Gerais,BR,Avenida Doutor Laerte Vieira Gonçalves,38.408-238
3C:71:BF:86:05:1D,,-18.97194672,-48.36564636,3C:71:BF,13,unknown,2025-05-21T21:00:00.000Z,2025-06-21T15:00:00.000Z,Uberlândia,Minas Gerais,BR,Avenida Wilson Rodrigues da Silva,38421637
3C:71:BF:86:05:99,,-18.91848373,-48.34061813,3C:71:BF,13,unknown,2025-05-28T15:00:00.000Z,2025-05-28T11:00:00.000Z,Uberlândia,Minas Gerais,BR,MGC-497,38.414-126
3C:71:BF:86:07:A1,,-18.94249725,-48.3195343,3C:71:BF,13,unknown,2025-05-30T20:00:00.000Z,2025-07-18T19:00:00.000Z,Uberlândia,Minas Gerais,BR,BR-497,38412-104
3C:71:BF:86:08:61,,-18.90826797,-48.31296921,3C:71:BF,13,unknown,2025-03-10T21:00:00.000Z,2025-03-10T15:00:00.000Z,Uberlândia,Minas Gerais,BR,Avenida Juscelino Kubitscheck,38.414-126
3C:71:BF:86:08:D1,,-18.92000389,-48.34057236,3C:71:BF,13,unknown,2025-05-24T16:00:00.000Z,2025-05-24T13:00:00.000Z,Uberlândia,Minas Gerais,BR,MGC-497,38.414-126
3C:71:BF:86:08:E5,,-18.97164726,-48.36601257,3C:71:BF,13,unknown,2025-05-21T21:00:00.000Z,2025-06-21T15:00:00.000Z,Uberlândia,Minas Gerais,BR,Rua do Suiriri,38421637
3C:71:BF:86:09:61,,-18.90838051,-48.31268311,3C:71:BF,13,unknown,2025-05-22T18:00:00.000Z,2025-09-09T13:00:00.000Z,Uberlândia,Minas Gerais,BR,Avenida Juscelino Kubitscheck,38401430
3C:71:BF:86:09:E1,,-18.88947105,-48.2582016,3C:71:BF,13,unknown,2025-05-19T17:00:00.000Z,2025-05-19T12:00:00.000Z,Uberlândia,Minas Gerais,BR,Rodovia Chico Xavier,38400-734
3C:71:BF:86:09:F5,,-18.97169113,-48.37446594,3C:71:BF,13,unknown,2025-05-21T21:00:00.000Z,2025-05-21T16:00:00.000Z,Uberlândia,Minas Gerais,BR,Rua do Sovi,38421637
3C:71:BF:86:09:FD,,-18.88126945,-48.27061844,3C:71:BF,13,unknown,2025-05-28T16:00:00.000Z,2025-05-28T11:00:00.000Z,Uberlândia,Minas Gerais,BR,Avenida Antônio Thomaz Ferreira de Rezende,38402-228
3C:71:BF:86:0A:11,,-18.95811462,-48.27375031,3C:71:BF,13,unknown,2025-05-28T16:00:00.000Z,2025-09-19T14:00:00.000Z,Uberlândia,Minas Gerais,BR,,
3C:71:BF:86:0A:49,,-18.9100647,-48.3030777,3C:71:BF,13,unknown,2025-09-09T17:00:00.000Z,2025-09-09T13:00:00.000Z,Uberlândia,Minas Gerais,BR,Rodovia BR-365,38401104
3C:71:BF:86:0A:4D,,-18.94930077,-48.34446335,3C:71:BF,13,unknown,2025-07-15T18:00:00.000Z,2025-07-18T19:00:00.000Z,Uberlândia,Minas Gerais,BR,BR-497,38412-602
3C:71:BF:86:0A:5D,,-18.89895821,-48.24253845,3C:71:BF,13,unknown,2025-09-10T12:00:00.000Z,2025-09-11T05:00:00.000Z,Uberlândia,Minas Gerais,BR,Rua Florestano de Macedo,38400-722
3C:71:BF:86:0E:B1,,-18.93527222,-48.26042938,3C:71:BF,13,unknown,2025-05-21T18:00:00.000Z,2025-07-29T03:00:00.000Z,Uberlândia,Minas Gerais,BR,Avenida dos Inconfidentes,38.408-140
3C:71:BF:86:0E:B9,,-18.93405151,-48.26159286,3C:71:BF,13,unknown,2025-06-18T20:00:00.000Z,2026-03-13T05:00:00.000Z,Uberlândia,Minas Gerais,BR,Avenida dos Inconfidentes,38.408-140
3C:71:BF:86:0E:C1,,-18.90620422,-48.23039246,3C:71:BF,13,unknown,2025-04-24T15:00:00.000Z,2025-07-29T03:00:00.000Z,Uberlândia,Minas Gerais,BR,Rua Florestano de Macedo,38400-722
3C:71:BF:86:0E:C9,,-18.94256401,-48.34568024,3C:71:BF,13,unknown,2025-07-15T18:00:00.000Z,2025-07-18T19:00:00.000Z,Uberlândia,Minas Gerais,BR,Avenida Antônio Matias Montana,38414564
3C:71:BF:86:0E:ED,,-18.91005135,-48.21720505,3C:71:BF,13,unknown,2025-06-12T18:00:00.000Z,2025-09-09T13:00:00.000Z,Uberlândia,Minas Gerais,BR,Avenida Manuel Lúcio,38406-401
3C:71:BF:86:0F:21,,-18.90651512,-48.29957962,3C:71:BF,13,unknown,2025-02-02T14:00:00.000Z,2025-09-09T13:00:00.000Z,Uberlândia,Minas Gerais,BR,Rua Francisco Bernardes de Assis,38401430
3C:71:BF:86:0F:29,,-18.88514137,-48.26654053,3C:71:BF,13,unknown,2025-02-02T14:00:00.000Z,2025-03-12T04:00:00.000Z,Uberlândia,Minas Gerais,BR,Rodovia BR-365,38400-734
3C:71:BF:86:10:65,,-18.90597916,-48.23035049,3C:71:BF,13,unknown,2025-05-19T15:00:00.000Z,2025-05-19T09:00:00.000Z,Uberlândia,Minas Gerais,BR,Rodovia Chico Xavier,38.405-112
3C:71:BF:86:10:85,,-26.828125,-49.29872513,3C:71:BF,13,unknown,2025-12-24T14:00:00.000Z,2025-12-24T06:00:00.000Z,Timbó,Santa Catarina,BR,Rua Alfred Otto Rudolph,89120-000
3C:71:BF:86:10:91,,-18.88276672,-48.2683754,3C:71:BF,13,unknown,2025-09-10T12:00:00.000Z,2026-03-09T04:00:00.000Z,Uberlândia,Minas Gerais,BR,Avenida Antônio Thomaz Ferreira de Rezende,38400-734
3C:71:BF:86:10:AD,,-18.93881226,-48.2583313,3C:71:BF,13,unknown,2025-02-13T11:00:00.000Z,2025-02-13T06:00:00.000Z,Uberlândia,Minas Gerais,BR,Avenida Geraldo Abrão,38.411-360
3C:71:BF:86:10:B9,,-18.93500137,-48.26086807,3C:71:BF,13,unknown,2025-06-17T20:00:00.000Z,2025-09-11T05:00:00.000Z,Uberlândia,Minas Gerais,BR,Avenida dos Inconfidentes,38.408-140
3C:71:BF:86:10:DD,,-18.89471054,-48.2493248,3C:71:BF,13,unknown,2025-05-19T15:00:00.000Z,2025-06-06T11:00:00.000Z,Uberlândia,Minas Gerais,BR,Rodovia Chico Xavier,38400-722
3C:71:BF:86:10:E1,,-18.94164467,-48.31652832,3C:71:BF,13,unknown,2025-05-30T19:00:00.000Z,2025-05-30T14:00:00.000Z,Uberlândia,Minas Gerais,BR,BR-497,38412-104
3C:71:BF:86:10:FD,,-18.94154167,-48.2609024,3C:71:BF,13,unknown,2025-06-04T16:00:00.000Z,2025-06-04T13:00:00.000Z,Uberlândia,Minas Gerais,BR,Alameda Padre Manoel da Costa,38.411-360
3C:71:BF:86:11:09,,-18.91165352,-48.22381973,3C:71:BF,13,unknown,2025-06-05T14:00:00.000Z,2025-07-08T16:00:00.000Z,Uberlândia,Minas Gerais,BR,Rodovia Chico Xavier,38.405-112
3C:71:BF:86:11:21,,-18.91256142,-48.2244339,3C:71:BF,13,unknown,2025-05-18T23:00:00.000Z,2025-07-08T16:00:00.000Z,Uberlândia,Minas Gerais,BR,Avenida Anselmo Alves dos Santos,38408-154
3C:71:BF:86:11:41,,-18.94823074,-48.2519455,3C:71:BF,13,unknown,2025-05-29T11:00:00.000Z,2025-07-08T16:00:00.000Z,Uberlândia,Minas Gerais,BR,Rotatória Aristides Bernardes Rezende,
3C:71:BF:86:11:65,,-18.91771126,-48.30472183,3C:71:BF,13,unknown,2025-05-30T13:00:00.000Z,2025-05-30T08:00:00.000Z,Uberlândia,Minas Gerais,BR,Avenida Fernando Vilela,38413018
3C:71:BF:86:11:75,,-18.91833305,-48.17889023,3C:71:BF,13,unknown,2025-07-14T23:00:00.000Z,2025-07-15T04:00:00.000Z,Uberlândia,Minas Gerais,BR,BR-365,38407-287
3C:71:BF:86:11:81,,-18.91840935,-48.18350983,3C:71:BF,13,unknown,2025-09-11T20:00:00.000Z,2025-09-12T13:00:00.000Z,Uberlândia,Minas Gerais,BR,Avenida Felipe Calixto Milken,38407-287
3C:71:BF:86:11:89,,-18.96974182,-48.36568832,3C:71:BF,13,unknown,2025-05-21T21:00:00.000Z,2025-09-19T14:00:00.000Z,Uberlândia,Minas Gerais,BR,Anel Viário,38421637
3C:71:BF:86:11:99,,-18.91212463,-48.22392273,3C:71:BF,13,unknown,2025-06-05T14:00:00.000Z,2025-06-25T14:00:00.000Z,Uberlândia,Minas Gerais,BR,Rua Florestano de Macedo,38400-722
3C:71:BF:86:11:A5,,-18.97020149,-48.36483765,3C:71:BF,13,unknown,2025-09-19T17:00:00.000Z,2025-09-19T14:00:00.000Z,Uberlândia,Minas Gerais,BR,Avenida Aldo Borges Leão,38421637
3C:71:BF:86:11:B1,,-18.97183609,-48.28715515,3C:71:BF,13,unknown,2024-12-14T11:00:00.000Z,2024-12-26T00:00:00.000Z,Uberlândia,Minas Gerais,BR,Avenida Lidomira Borges do Nascimento,38411-598
3C:71:BF:86:12:25,,-8.04450703,-34.8745842,3C:71:BF,13,none,2025-04-13T22:00:00.000Z,2025-12-30T08:00:00.000Z,Recife,Pernambuco,BR,Avenida Cruz Cabugá,50040-000
3C:71:BF:86:12:61,,-18.89859772,-48.2432518,3C:71:BF,13,unknown,2025-09-10T12:00:00.000Z,2025-09-26T13:00:00.000Z,Uberlândia,Minas Gerais,BR,Posto da Matinha,
3C:71:BF:86:13:9D,,-18.89650345,-48.24641037,3C:71:BF,13,unknown,2026-03-06T15:00:00.000Z,2026-03-09T04:00:00.000Z,Uberlândia,Minas Gerais,BR,Rodovia Chico Xavier,38400-722
3C:71:BF:86:13:E5,,-18.90343475,-48.23484802,3C:71:BF,13,unknown,2025-02-02T14:00:00.000Z,2025-06-05T10:00:00.000Z,Uberlândia,Minas Gerais,BR,Rodovia Chico Xavier,38.405-112
3C:71:BF:86:14:D1,,-18.89040184,-48.270401,3C:71:BF,13,unknown,2025-05-28T11:00:00.000Z,2025-05-28T11:00:00.000Z,Uberlândia,Minas Gerais,BR,Rodovia BR-365,38402-228
3C:71:BF:86:15:E9,,-18.92516899,-48.22155762,3C:71:BF,13,unknown,2025-07-03T17:00:00.000Z,2025-07-08T16:00:00.000Z,Uberlândia,Minas Gerais,BR,Rodovia Chico Xavier,38.408-273
3C:71:BF:86:15:ED,,-18.89924049,-48.24191284,3C:71:BF,13,unknown,2025-09-10T12:00:00.000Z,2026-03-09T04:00:00.000Z,Uberlândia,Minas Gerais,BR,,38.405-048
3C:71:BF:86:15:F5,,-18.92397118,-48.2004509,3C:71:BF,13,unknown,2025-07-28T12:00:00.000Z,2025-07-29T03:00:00.000Z,Uberlândia,Minas Gerais,BR,BR-365,38407-287
3C:71:BF:86:15:F9,,-18.92391205,-48.30092621,3C:71:BF,13,unknown,2024-12-26T08:00:00.000Z,2025-05-30T14:00:00.000Z,Uberlândia,Minas Gerais,BR,Avenida dos Mógnos,38413018
3C:71:BF:86:16:09,,-18.91893005,-48.17961121,3C:71:BF,13,unknown,2025-07-13T15:00:00.000Z,2025-07-15T04:00:00.000Z,Uberlândia,Minas Gerais,BR,BR-365,38407-287
3C:71:BF:86:16:15,,-18.88856888,-48.259552,3C:71:BF,13,unknown,2025-09-10T12:00:00.000Z,2025-09-11T05:00:00.000Z,Uberlândia,Minas Gerais,BR,Rodovia Chico Xavier,38400-734
3C:71:BF:86:16:19,,-18.90899086,-48.21836853,3C:71:BF,13,unknown,2025-06-12T18:00:00.000Z,2025-06-12T12:00:00.000Z,Uberlândia,Minas Gerais,BR,Ciclovia Av. Manuel Lúcio,38406-401
3C:71:BF:86:16:2D,,-18.89804649,-48.24396133,3C:71:BF,13,unknown,2025-09-10T12:00:00.000Z,2025-09-11T05:00:00.000Z,Uberlândia,Minas Gerais,BR,Viaduto Coca Cola,38.405-048
3C:71:BF:86:16:35,,-18.92359924,-48.24333191,3C:71:BF,13,unknown,2025-05-24T20:00:00.000Z,2025-09-19T14:00:00.000Z,Uberlândia,Minas Gerais,BR,Rua José Lélis França,38.408-238
3C:71:BF:86:16:49,,-18.97037697,-48.36495209,3C:71:BF,13,unknown,2025-05-21T21:00:00.000Z,2025-06-21T15:00:00.000Z,Uberlândia,Minas Gerais,BR,Avenida Águia-Pescadora,38421637
3C:71:BF:86:17:35,,-18.90020561,-48.27427292,3C:71:BF,13,unknown,2024-10-20T18:00:00.000Z,2024-10-20T14:00:00.000Z,Uberlândia,Minas Gerais,BR,Rodovia BR-365,38400-336
3C:71:BF:86:17:39,,-18.95422745,-48.24750137,3C:71:BF,13,unknown,2025-06-18T20:00:00.000Z,2025-06-18T14:00:00.000Z,Uberlândia,Minas Gerais,BR,Avenida Seme Simão,38410566
3C:71:BF:86:17:61,,-18.89002991,-48.25714493,3C:71:BF,13,unknown,2025-09-10T12:00:00.000Z,2025-09-11T05:00:00.000Z,Uberlândia,Minas Gerais,BR,Rodovia Chico Xavier,38400-734
3C:71:BF:86:17:85,,-18.94002533,-48.31072998,3C:71:BF,13,unknown,2025-05-30T19:00:00.000Z,2025-07-18T19:00:00.000Z,Uberlândia,Minas Gerais,BR,BR-497,38412-104
3C:71:BF:86:17:99,,-18.89336014,-48.25155258,3C:71:BF,13,unknown,2025-09-10T12:00:00.000Z,2025-09-11T05:00:00.000Z,Uberlândia,Minas Gerais,BR,Rodovia Chico Xavier,38400-722
3C:71:BF:86:17:B1,,-18.96129608,-48.29674911,3C:71:BF,13,unknown,2025-05-29T17:00:00.000Z,2025-06-21T15:00:00.000Z,Uberlândia,Minas Gerais,BR,Avenida Olímpio Oliveira de Freitas,38411-598
3C:71:BF:86:17:B5,,-18.91070175,-48.21736526,3C:71:BF,13,unknown,2025-06-12T18:00:00.000Z,2025-06-12T12:00:00.000Z,Uberlândia,Minas Gerais,BR,,38408-154
3C:71:BF:86:17:ED,,-18.96522331,-48.27984619,3C:71:BF,13,unknown,2025-05-30T19:00:00.000Z,2025-05-30T14:00:00.000Z,Uberlândia,Minas Gerais,BR,Avenida Manoel Madruga,38411-145
3C:71:BF:86:17:F9,,-18.90164948,-48.23781586,3C:71:BF,13,unknown,2025-06-05T14:00:00.000Z,2025-09-11T05:00:00.000Z,Uberlândia,Minas Gerais,BR,Rodovia Chico Xavier,38400-722
3C:71:BF:86:18:19,,-18.94060326,-48.31277847,3C:71:BF,13,unknown,2025-05-30T19:00:00.000Z,2025-07-18T19:00:00.000Z,Uberlândia,Minas Gerais,BR,Rua da Telefonista,38412118
3C:71:BF:86:19:61,,-18.9084816,-48.31256485,3C:71:BF,13,unknown,2025-05-22T18:00:00.000Z,2025-05-22T12:00:00.000Z,Uberlândia,Minas Gerais,BR,Avenida Juscelino Kubitscheck,38401430
3C:71:BF:86:19:A1,,-18.91784096,-48.17821121,3C:71:BF,13,unknown,2025-07-13T15:00:00.000Z,2025-07-15T04:00:00.000Z,Uberlândia,Minas Gerais,BR,BR-365,38407-287
3C:71:BF:86:19:A5,,-18.95813179,-48.27341461,3C:71:BF,13,unknown,2025-05-28T16:00:00.000Z,2025-09-19T14:00:00.000Z,Uberlândia,Minas Gerais,BR,,
3C:71:BF:86:19:A9,,-18.90636444,-48.22994614,3C:71:BF,13,unknown,2024-10-20T18:00:00.000Z,2025-09-11T05:00:00.000Z,Uberlândia,Minas Gerais,BR,Rodovia Chico Xavier,38.405-112
3C:71:BF:86:19:C5,,-18.9415493,-48.31627655,3C:71:BF,13,unknown,2025-07-15T18:00:00.000Z,2025-07-18T19:00:00.000Z,Uberlândia,Minas Gerais,BR,BR-497,38412-104
3C:71:BF:86:19:F5,,-18.91856003,-48.18107605,3C:71:BF,13,unknown,2025-09-11T20:00:00.000Z,2025-09-12T13:00:00.000Z,Uberlândia,Minas Gerais,BR,Rua das Borboletas,38407-287
3C:71:BF:86:22:4D,,-18.89944077,-48.24134064,3C:71:BF,13,unknown,2025-09-10T12:00:00.000Z,2025-09-11T05:00:00.000Z,Uberlândia,Minas Gerais,BR,Rodovia Chico Xavier,38400-722
3C:71:BF:86:28:4D,,-18.89052773,-48.25630951,3C:71:BF,13,unknown,2026-03-06T16:00:00.000Z,2026-03-09T04:00:00.000Z,Uberlândia,Minas Gerais,BR,Rodovia Chico Xavier,38400-734
3C:71:BF:86:29:29,,-18.91162491,-48.22163391,3C:71:BF,13,unknown,2025-08-17T16:00:00.000Z,2025-08-17T16:00:00.000Z,Uberlândia,Minas Gerais,BR,Avenida Anselmo Alves dos Santos,38408-154
3C:71:BF:86:29:39,,-18.93766975,-48.30653,3C:71:BF,13,unknown,2025-02-02T14:00:00.000Z,2025-03-12T04:00:00.000Z,Uberlândia,Minas Gerais,BR,Avenida Getúlio Vargas,38413018
3C:71:BF:86:BF:7D,Mysa-86bf7c,49.23078918,-123.05166626,3C:71:BF,6,unknown,2026-05-12T22:00:00.000Z,2026-06-12T10:00:00.000Z,Vancouver,British Columbia,CA,Wales Street,V5R
3C:71:BF:86:E3:05,Automasjonsbrett,59.72949219,9.86972046,3C:71:BF,1,wpa2,2026-01-14T17:00:00.000Z,2026-01-14T12:00:00.000Z,,Viken,NO,Skolegata,3320
3C:71:BF:86:FE:09,OETG1017071335,43.76008987,-87.74893951,3C:71:BF,1,wpa2,2025-10-02T18:00:00.000Z,2025-10-02T12:00:00.000Z,Sheboygan,WI,US,North Taylor Drive,53081
3C:71:BF:86:FF:5D,OETG1017070770,43.17296219,-89.26468658,3C:71:BF,1,wpa2,2022-07-28T21:00:00.000Z,2026-01-15T21:00:00.000Z,Sun Prairie,WI,US,South Grand Avenue,53718
3C:71:BF:87:05:61,OETRouter67692,43.00914001,-89.73278809,3C:71:BF,1,wpa2,2024-09-28T17:00:00.000Z,2024-09-28T17:00:00.000Z,,WI,US,Springdale Street,53572
3C:71:BF:87:05:89,OETG1017071064,40.76610947,-111.89472198,3C:71:BF,1,wpa2,2024-11-11T18:00:00.000Z,2026-01-23T11:00:00.000Z,Salt Lake City,UT,US,West Temple,84101
3C:71:BF:87:07:85,OETG1017071316,38.61001968,-121.50973511,3C:71:BF,1,wpa2,2024-10-24T20:00:00.000Z,2026-07-11T20:00:00.000Z,Sacramento,CA,US,West Side Highway,95833
3C:71:BF:87:08:E1,prevea,44.53462982,-88.07122803,3C:71:BF,1,wpa2,2025-09-16T17:00:00.000Z,2026-01-25T10:00:00.000Z,Green Bay,WI,US,Shawano Avenue,54303
3C:71:BF:87:0C:29,OETG1017071341,46.01107025,-92.89749908,3C:71:BF,1,wpa2,2024-09-28T17:00:00.000Z,2024-09-28T10:00:00.000Z,,MN,US,Fire Monument Road,55037
3C:71:BF:87:0D:95,OETG1017070310,33.54200745,-81.98588562,3C:71:BF,1,wpa2,2024-09-13T11:00:00.000Z,2025-02-06T13:00:00.000Z,North Augusta,SC,US,I 20,29841
3C:71:BF:87:0E:2D,ESP_870E2D,35.04934311,-85.29093933,3C:71:BF,9,unknown,2024-10-12T17:00:00.000Z,2025-04-21T07:00:00.000Z,Chattanooga,TN,US,East 3rd Street,37403
3C:71:BF:87:11:7D,ESP_87117D,39.74936295,-104.99175262,3C:71:BF,1,unknown,2024-05-19T23:00:00.000Z,2025-12-31T17:00:00.000Z,Denver,CO,US,18th Street,80202
3C:71:BF:87:11:A9,OETG1017070668,44.29886246,-88.42656708,3C:71:BF,1,wpa2,2022-07-14T17:00:00.000Z,2026-07-04T22:00:00.000Z,,WI,US,I 41;US 41,54913
3C:71:BF:87:12:A9,prevea,44.53429413,-88.0725174,3C:71:BF,1,wpa2,2022-10-02T20:00:00.000Z,2024-12-22T17:00:00.000Z,Green Bay,WI,US,Shawano Avenue,54303
3C:71:BF:87:13:31,OETG1017060044,37.39593887,-122.04810333,3C:71:BF,1,wpa2,2023-07-26T11:00:00.000Z,2026-01-12T18:00:00.000Z,Sunnyvale,CA,US,Maude Avenue,94035-0016
3C:71:BF:87:16:C9,ESP_8716C9,35.04932022,-85.29096222,3C:71:BF,9,unknown,2024-10-12T17:00:00.000Z,2025-04-21T07:00:00.000Z,Chattanooga,TN,US,East 3rd Street,37403
3C:71:BF:87:16:F9,OETG1017070575,39.1472702,-76.64013672,3C:71:BF,1,wpa2,2021-02-10T14:00:00.000Z,2025-09-28T14:00:00.000Z,,MD,US,Landmark Drive,21061
3C:71:BF:87:17:61,OETG1017071193,45.46501541,-91.11465454,3C:71:BF,1,wpa2,2025-06-20T23:00:00.000Z,2025-08-02T12:00:00.000Z,,WI,US,Lake Avenue West,54848
3C:71:BF:87:17:89,OETG1017071144,41.41872025,-72.89577484,3C:71:BF,1,wpa2,2024-08-26T20:00:00.000Z,2024-08-26T15:00:00.000Z,,CT,US,Spruce Bank Road,06518
3C:71:BF:87:1A:3D,ESP_871A3D,35.65400314,-78.45933533,3C:71:BF,1,none,2024-10-23T22:00:00.000Z,2025-05-24T16:00:00.000Z,,NC,US,West 1st Street,27520
3C:71:BF:87:1A:69,ESP_871A69,35.0482254,-85.29130554,3C:71:BF,11,none,2024-03-27T16:00:00.000Z,2026-08-04T06:00:00.000Z,Chattanooga,TN,US,East 3rd Street,37403
3C:71:BF:87:1A:AD,OETG1017070706,43.06471634,-89.3431778,3C:71:BF,1,wpa2,2024-10-24T04:00:00.000Z,2024-10-23T22:00:00.000Z,,WI,US,Nichols Road,53716
3C:71:BF:87:1B:19,gpy-wlan-1b18,53.22100067,6.60184431,3C:71:BF,6,wpa2,2024-10-06T17:00:00.000Z,2024-10-20T10:00:00.000Z,Groningen,Groningen,NL,Sint Petersburgweg,9723CJ
3C:71:BF:87:1B:35,OETG1017071274,43.62280655,-87.79894257,3C:71:BF,1,wpa2,2026-03-23T20:00:00.000Z,2026-03-23T22:00:00.000Z,,WI,US,South 10th Street,53070
3C:71:BF:87:1B:4D,OETG1017070536,38.61097336,-121.51021576,3C:71:BF,1,wpa2,2024-05-27T00:00:00.000Z,2026-02-26T20:00:00.000Z,Sacramento,CA,US,West Side Highway,95833
3C:71:BF:87:1B:55,OETG1017070606,45.1841011,-87.12216187,3C:71:BF,6,wpa2,2025-09-13T16:00:00.000Z,2025-11-06T16:00:00.000Z,,WI,US,State Highway 57,54234
3C:71:BF:87:1D:71,OETG1124010033,42.59454727,-88.34973907,3C:71:BF,6,wpa2,2025-02-05T00:00:00.000Z,2026-01-22T14:00:00.000Z,,WI,US,State Highway 50,53159
3C:71:BF:87:1E:9D,OETG1017070318,42.00230789,-87.94443512,3C:71:BF,1,wpa2,2026-04-09T19:00:00.000Z,2026-04-19T16:00:00.000Z,,IL,US,Lunt Avenue,60007
3C:71:BF:87:1F:11,ESP_871F11,44.35217285,-87.82406616,3C:71:BF,1,unknown,2026-02-22T05:00:00.000Z,2026-02-22T03:00:00.000Z,,WI,US,North Wall Street,54208
3C:71:BF:87:21:F5,OETG1017070381,43.00924683,-89.73271179,3C:71:BF,11,wpa2,2022-04-23T15:00:00.000Z,2024-12-29T09:00:00.000Z,,WI,US,Springdale Street,53572
3C:71:BF:87:22:0D,OETG1017070161,35.197052,-83.79577637,3C:71:BF,1,wpa2,2022-07-10T13:00:00.000Z,2026-04-09T19:00:00.000Z,,NC,US,US 19;US 74;US 129,28901
3C:71:BF:87:25:DD,OETG1017070523,40.97192383,-81.36138153,3C:71:BF,11,wpa2,2023-09-16T23:00:00.000Z,2025-06-08T18:00:00.000Z,,OH,US,,44632-9696
3C:71:BF:87:26:6D,OETG1017070461,35.07201767,-83.9648819,3C:71:BF,1,wpa2,2025-04-18T13:00:00.000Z,2025-09-17T14:00:00.000Z,,NC,US,,28902
3C:71:BF:87:28:3D,OETG1017070221,43.00988388,-89.71414948,3C:71:BF,1,wpa2,2024-12-05T19:00:00.000Z,2024-12-29T09:00:00.000Z,,WI,US,US 18/151 Business,
3C:71:BF:87:28:79,OETG1017070411,44.60322952,-87.44496155,3C:71:BF,1,wpa2,2024-06-08T02:00:00.000Z,2026-07-11T19:00:00.000Z,,WI,US,Jefferson Street,54201
3C:71:BF:87:28:91,OETG1017070143,43.00910568,-89.73295593,3C:71:BF,1,wpa2,2023-09-10T20:00:00.000Z,2024-12-29T09:00:00.000Z,,WI,US,Springdale Street,53572
3C:71:BF:87:29:21,OETG1124010026,42.59472656,-88.3504715,3C:71:BF,6,wpa2,2026-01-03T05:00:00.000Z,2026-01-22T14:00:00.000Z,,WI,US,State Highway 50,53176
3C:71:BF:87:29:7D,OETG1017060123,35.0850029,-84.02428436,3C:71:BF,1,wpa2,2023-11-06T18:00:00.000Z,2026-04-09T19:00:00.000Z,,NC,US,US 19;US 74;US 129,
3C:71:BF:87:2D:99,OETG1017070336,35.04846191,-85.2933197,3C:71:BF,1,wpa2,2023-01-10T16:00:00.000Z,2026-08-01T17:00:00.000Z,Chattanooga,TN,US,Palmetto Street,37403
3C:71:BF:87:31:11,OETG1017071377,35.1973381,-83.79740143,3C:71:BF,1,wpa2,2022-07-10T13:00:00.000Z,2026-04-09T19:00:00.000Z,,NC,US,US 19;US 74;US 129,28901
3C:71:BF:87:31:FD,OETG1017071327,44.54525375,-87.71438599,3C:71:BF,1,wpa2,2026-05-31T23:00:00.000Z,2026-07-11T19:00:00.000Z,,WI,US,West Center Drive,54217
3C:71:BF:87:33:51,OETG1017071286,33.99415588,-81.30509186,3C:71:BF,1,wpa2,2024-01-23T20:00:00.000Z,2025-02-28T15:00:00.000Z,,SC,US,Saint Peters Road,29072
3C:71:BF:87:33:BD,ESP_8733BD,45.32067871,-92.70410919,3C:71:BF,11,unknown,2024-03-09T20:00:00.000Z,2024-10-12T13:00:00.000Z,,WI,US,Kent Street,54020
3C:71:BF:87:35:A9,OETG1017070805,41.41866302,-72.89572906,3C:71:BF,1,wpa2,2024-08-26T20:00:00.000Z,2024-08-26T15:00:00.000Z,,CT,US,Spruce Bank Road,06518
3C:71:BF:87:3E:FD,OETG1017070211,43.00895691,-89.73339081,3C:71:BF,1,wpa2,2024-12-05T15:00:00.000Z,2024-12-29T09:00:00.000Z,,WI,US,Springdale Street,53572
3C:71:BF:87:3F:D1,OETG1017070329,33.99411011,-81.30505371,3C:71:BF,1,wpa2,2024-01-23T20:00:00.000Z,2025-02-28T15:00:00.000Z,,SC,US,Saint Peters Road,29072
3C:71:BF:87:40:DD,OETG1017070444,44.99863815,-93.22562408,3C:71:BF,1,wpa2,2024-05-03T20:00:00.000Z,2026-07-24T23:00:00.000Z,Minneapolis,MN,US,Northeast Broadway Street,55413
3C:71:BF:87:46:E5,OETG1017060157,45.12773132,-92.5382843,3C:71:BF,1,wpa2,2025-03-04T16:00:00.000Z,2025-03-04T09:00:00.000Z,,WI,US,North Knowles Avenue,54017
3C:71:BF:87:46:E9,OETG1017070455,41.4189415,-72.89693451,3C:71:BF,1,wpa2,2024-08-26T22:00:00.000Z,2024-08-26T15:00:00.000Z,,CT,US,Spruce Bank Road,06518
3C:71:BF:87:49:79,OETG1017060103,35.30408859,-78.60497284,3C:71:BF,1,wpa2,2024-12-20T14:00:00.000Z,2025-09-22T12:00:00.000Z,,NC,US,East Cumberland Street,28334
3C:71:BF:87:4A:AD,OETTest,43.00868225,-89.73769379,3C:71:BF,1,wpa2,2024-12-17T15:00:00.000Z,2024-12-29T09:00:00.000Z,,WI,US,West Main Street,53572
3C:71:BF:87:4B:95,ESP_874B95,35.04816818,-85.29122925,3C:71:BF,11,none,2024-03-27T16:00:00.000Z,2026-08-04T06:00:00.000Z,Chattanooga,TN,US,East 3rd Street,37403
3C:71:BF:87:50:39,wunderkiste-5038,47.5243988,7.65240002,3C:71:BF,1,wpa2,2025-09-17T15:00:00.000Z,2025-09-17T08:00:00.000Z,,Basel-Landschaft,CH,Rainstrasse,4132
3C:71:BF:87:50:55,wunderkiste-5054,47.54218292,7.57464218,3C:71:BF,6,wpa2,2023-12-08T12:00:00.000Z,2025-10-08T12:00:00.000Z,,Basel-Landschaft,CH,Hauptstrasse,4102
3C:71:BF:87:51:19,wunderkiste-5118,46.30746841,7.9651742,3C:71:BF,1,wpa2,2025-07-28T13:00:00.000Z,2025-08-05T11:00:00.000Z,Brig-Glis,Valais/Wallis,CH,19,3902
3C:71:BF:87:51:81,wunderkiste-5180,47.20282745,8.77823257,3C:71:BF,1,wpa2,2025-03-26T13:00:00.000Z,2025-03-26T08:00:00.000Z,,Schwyz,CH,Bahnhofstrasse,8808
3C:71:BF:87:51:85,wunderkiste-5184,47.48191452,8.20948029,3C:71:BF,6,wpa2,2024-02-04T09:00:00.000Z,2026-07-02T23:00:00.000Z,,Aargau,CH,5,5200
3C:71:BF:87:51:95,wunderkiste-5194,45.98196793,8.93238068,3C:71:BF,1,wpa2,2024-08-27T08:00:00.000Z,2024-08-27T02:00:00.000Z,Lugano,Ticino,CH,A2,6915
3C:71:BF:87:51:C9,wunderkiste-51c8,47.18887711,7.39870214,3C:71:BF,1,wpa2,2025-03-28T17:00:00.000Z,2025-03-28T12:00:00.000Z,,Solothurn,CH,Bahnhofstrasse,2540
3C:71:BF:87:51:F5,wunderkiste-51f4,47.37433243,9.55669212,3C:71:BF,1,wpa2,2026-02-27T12:00:00.000Z,2026-03-01T17:00:00.000Z,,Sankt Gallen,CH,Beim Bahnhof,9450
3C:71:BF:87:52:09,wunderkiste-5208,47.3643837,8.54920578,3C:71:BF,6,wpa2,2024-05-18T14:00:00.000Z,2026-02-21T19:00:00.000Z,Zürich,Zürich,CH,Othmarstrasse,8008
3C:71:BF:87:52:45,wunderkiste-5244,47.37262344,8.53542995,3C:71:BF,6,wpa2,2025-10-20T08:00:00.000Z,2025-10-20T02:00:00.000Z,Zürich,Zürich,CH,Nüschelerstrasse,8001
3C:71:BF:87:52:4D,wunderkiste-524c,47.56079102,7.57563686,3C:71:BF,1,wpa2,2024-02-09T15:00:00.000Z,2026-01-03T01:00:00.000Z,Basel,Basel-Stadt,CH,Missionsstrasse,4055
3C:71:BF:87:52:5D,wunderkiste-525c,47.36993027,8.50867748,3C:71:BF,1,wpa2,2025-04-08T10:00:00.000Z,2026-07-21T23:00:00.000Z,Zürich,Zürich,CH,Birmensdorferstrasse,8055
3C:71:BF:87:52:9D,wunderkiste-529c,47.65615463,8.85479259,3C:71:BF,1,wpa2,2023-04-09T18:00:00.000Z,2026-06-07T04:00:00.000Z,,Schaffhausen,CH,Bahnhofstrasse,8260
3C:71:BF:87:52:B5,wunderkiste-52b4,47.56872559,7.59040689,3C:71:BF,1,wpa2,2023-02-20T16:00:00.000Z,2025-05-24T03:00:00.000Z,Basel,Basel-Stadt,CH,Klybeckstrasse,4057
3C:71:BF:87:53:61,wunderkiste-5360,46.96718597,9.55415726,3C:71:BF,1,wpa2,2025-02-15T09:00:00.000Z,2026-05-06T06:00:00.000Z,,Graubünden/Grischun/Grigioni,CH,Bahnhofplatz,7302
3C:71:BF:87:53:9D,wunderkiste-539c,47.16801453,9.47882557,3C:71:BF,1,wpa2,2023-09-30T12:00:00.000Z,2026-05-06T06:00:00.000Z,,Sankt Gallen,CH,Bahnhofplatz,9470
3C:71:BF:87:53:A5,wunderkiste-53a4,47.30057144,8.84499836,3C:71:BF,1,wpa2,2024-02-10T17:00:00.000Z,2025-12-10T10:00:00.000Z,,Zürich,CH,Bachtelstrasse,8340
3C:71:BF:87:54:19,wunderkiste-5418,47.54567337,7.58320713,3C:71:BF,6,wpa2,2025-04-13T13:00:00.000Z,2026-02-24T02:00:00.000Z,Basel,Basel-Stadt,CH,Margarethenstrasse,4053
3C:71:BF:87:56:E5,wunderkiste-56e4,47.55258942,7.5933423,3C:71:BF,6,wpa2,2024-11-19T05:00:00.000Z,2026-04-29T21:00:00.000Z,Basel,Basel-Stadt,CH,Aeschenvorstadt,4051
3C:71:BF:87:56:F5,wunderkiste-56f4,47.37254715,8.53544998,3C:71:BF,6,wpa2,2026-02-14T23:00:00.000Z,2026-02-14T15:00:00.000Z,Zürich,Zürich,CH,Nüschelerstrasse,8001
3C:71:BF:87:57:69,wunderkiste-5768,47.58569717,7.65190315,3C:71:BF,1,wpa2,2024-09-07T13:00:00.000Z,2024-09-15T09:00:00.000Z,Riehen,Basel-Stadt,CH,Im Singeisenhof,4125
3C:71:BF:87:57:81,wunderkiste-5780,47.34589767,8.53442574,3C:71:BF,1,wpa2,2024-05-22T09:00:00.000Z,2024-09-06T12:00:00.000Z,Zürich,Zürich,CH,Mythenquai,8038
3C:71:BF:87:57:85,wunderkiste-5784,47.27950668,7.04625273,3C:71:BF,1,wpa2,2025-07-11T10:00:00.000Z,2025-07-23T10:00:00.000Z,,Jura,CH,Rue de la Communance,2362
3C:71:BF:87:57:99,wunderkiste-5798,47.54232788,7.57477379,3C:71:BF,1,wpa2,2023-12-08T12:00:00.000Z,2026-02-24T02:00:00.000Z,,Basel-Landschaft,CH,Hauptstrasse,4102
3C:71:BF:87:57:A1,wunderkiste-57a0,47.54234314,7.57466173,3C:71:BF,1,wpa2,2025-08-16T12:00:00.000Z,2026-02-24T02:00:00.000Z,,Basel-Landschaft,CH,Hauptstrasse,4102
3C:71:BF:87:57:E1,wunderkiste-57e0,46.94879532,7.43824816,3C:71:BF,1,wpa2,2024-08-08T10:00:00.000Z,2026-04-18T07:00:00.000Z,Bern,Bern/Berne,CH,"Bern, Hauptbahnhof",3011
3C:71:BF:87:58:29,wunderkiste-5828,47.46480179,7.80919981,3C:71:BF,1,wpa2,2025-05-25T14:00:00.000Z,2025-05-25T08:00:00.000Z,,Basel-Landschaft,CH,Hauptstrasse,4450
3C:71:BF:87:58:51,wunderkiste-5850,47.54224014,7.57469749,3C:71:BF,1,wpa2,2023-12-08T12:00:00.000Z,2026-02-24T02:00:00.000Z,,Basel-Landschaft,CH,Hauptstrasse,4102
3C:71:BF:87:69:C9,Ubidreams-Node-01020DE8,46.16747665,-1.22373414,3C:71:BF,11,wpa2,2021-12-03T14:00:00.000Z,2025-04-21T07:00:00.000Z,La Rochelle,Nouvelle-Aquitaine,FR,Môle d'Escale,17000
3C:71:BF:87:75:19,Ubidreams-Node-001F6D53,46.17442322,-1.2296443,3C:71:BF,11,wpa2,2023-05-31T18:00:00.000Z,2025-04-21T07:00:00.000Z,,Nouvelle-Aquitaine,FR,Pont de l'Île de Ré,17940
3C:71:BF:87:7C:89,AC-,30.50869751,-88.16962433,3C:71:BF,1,wpa2,2026-01-20T19:00:00.000Z,2026-07-02T16:00:00.000Z,,AL,US,Bellingrath Road,36582
3C:71:BF:87:82:3D,AC-823c,34.64528656,-80.69913483,3C:71:BF,1,wpa2,2024-09-15T20:00:00.000Z,2024-09-15T16:00:00.000Z,,SC,US,Kershaw Camden Highway,29720
3C:71:BF:87:83:B9,wipy-wlan-83b8,44.77607346,20.45746231,3C:71:BF,1,wpa2,2024-04-09T08:00:00.000Z,2025-08-26T05:00:00.000Z,Београд,Централна Србија,RS,Булевар кнеза Александра Карађорђевића,11000
3C:71:BF:87:A8:69,ESP_87A869,55.98183441,37.43104935,3C:71:BF,1,unknown,2025-02-14T13:00:00.000Z,2025-02-14T10:00:00.000Z,Химки,Московская область,RU,Старошереметьевское шоссе,141426
3C:71:BF:88:16:6D,AC-166c,30.73104286,-88.03842926,3C:71:BF,1,wpa2,2024-05-24T15:00:00.000Z,2025-03-19T13:00:00.000Z,Mobile,AL,US,Cochrane Bridge,36652
3C:71:BF:88:16:AD,AC-16ac,30.73005867,-88.037323,3C:71:BF,1,wpa2,2024-07-13T14:00:00.000Z,2025-01-07T11:00:00.000Z,Mobile,AL,US,Cochrane Bridge,36610
3C:71:BF:88:20:15,,45.36867523,20.40181923,3C:71:BF,1,wpa2,2024-03-09T16:00:00.000Z,2025-08-07T16:00:00.000Z,Град Зрењанин,Војводина,RS,Панчевачка,23101
3C:71:BF:88:54:91,wunderkiste-5490,47.48186874,8.21015167,3C:71:BF,11,wpa2,2026-06-10T11:00:00.000Z,2026-07-03T05:00:00.000Z,,Aargau,CH,,5200
3C:71:BF:88:54:CD,wunderkiste-54cc,46.85336685,9.53019238,3C:71:BF,11,wpa2,2026-07-15T08:00:00.000Z,2026-07-16T08:00:00.000Z,,Graubünden/Grischun/Grigioni,CH,Bahnhofplatz,7001
3C:71:BF:88:55:0D,wunderkiste-550c,47.48147964,8.21033478,3C:71:BF,6,wpa2,2024-09-11T13:00:00.000Z,2026-04-15T14:00:00.000Z,,Aargau,CH,,
3C:71:BF:88:55:19,wunderkiste-5518,46.17300034,8.80123043,3C:71:BF,1,wpa2,2025-04-24T22:00:00.000Z,2025-04-25T16:00:00.000Z,Muralto,Ticino,CH,Via Stazione,6600
3C:71:BF:88:55:25,wunderkiste-5524,47.27965164,7.04681873,3C:71:BF,1,wpa2,2025-07-11T13:00:00.000Z,2025-07-23T10:00:00.000Z,,Jura,CH,Rue de la Communance,2362
3C:71:BF:88:C6:55,camper,-26.99748802,152.9776001,3C:71:BF,1,wpa2,2025-01-11T01:00:00.000Z,2025-01-11T21:00:00.000Z,,Queensland,AU,Bruce Highway,4516
3C:71:BF:88:CA:49,lightclock,48.1695137,11.91160488,3C:71:BF,6,wpa2,2021-02-20T15:00:00.000Z,2026-07-12T09:00:00.000Z,Forstinning,Bayern,DE,Graf-Sempt-Straße,85661
3C:71:BF:88:DC:11,Esp32Pro-Bt Fallback Hotspot,38.2315979,-85.23577881,3C:71:BF,1,wpa2,2024-11-22T22:00:00.000Z,2026-02-19T06:00:00.000Z,,KY,US,Brassfield Boulevard,40065
3C:71:BF:88:EB:D5,BMS-LOGGER,49.99917603,7.85633898,3C:71:BF,1,unknown,2025-05-01T09:00:00.000Z,2025-05-01T09:00:00.000Z,Trechtingshausen,Rheinland-Pfalz,DE,Mainzer Straße,55413
3C:71:BF:88:F3:6D,TTGO_0001,22.45924568,114.00074768,3C:71:BF,1,wpa2,2025-06-30T10:00:00.000Z,2025-06-30T22:00:00.000Z,,香港 Hong Kong,CN,天榮路 Tin Wing Road,
3C:71:BF:89:05:A1,AutoConnectAP,40.62639236,22.95292664,3C:71:BF,1,unknown,2025-06-10T06:00:00.000Z,2025-07-13T09:00:00.000Z,Δημοτική Ενότητα Θεσαλονίκης,Αποκεντρωμένη Διοίκηση Μακεδονίας - Θράκης,GR,Μανώλη Ανδρόνικου,54013
3C:71:BF:89:4F:51,,21.47852707,-158.02641296,3C:71:BF,1,wpa2,2024-02-09T00:00:00.000Z,2025-10-14T13:00:00.000Z,Mililani,HI,US,Kamehameha Highway,96789
3C:71:BF:89:60:49,,21.49253273,-158.0475769,3C:71:BF,1,wpa2,2023-02-03T22:00:00.000Z,2026-04-06T18:00:00.000Z,Mililani,HI,US,Kamehameha Highway,96957
3C:71:BF:89:63:35,,21.48995209,-158.04425049,3C:71:BF,1,wpa2,2024-08-03T06:00:00.000Z,2026-04-06T18:00:00.000Z,Mililani,HI,US,Kamehameha Highway,96957
3C:71:BF:89:66:4D,,21.49263382,-158.04774475,3C:71:BF,1,wpa2,2024-08-03T06:00:00.000Z,2026-04-06T18:00:00.000Z,Mililani,HI,US,Kamehameha Highway,96957
3C:71:BF:89:B6:6D,Mysa-89b66c,41.31132126,-72.64373016,3C:71:BF,11,none,2026-07-29T23:00:00.000Z,2026-07-29T17:00:00.000Z,,CT,US,Glenwood Drive,06437
3C:71:BF:89:C3:71,Mysa-89c370,42.38202667,-71.06879425,3C:71:BF,6,unknown,2024-06-12T16:00:00.000Z,2024-10-29T10:00:00.000Z,Boston,MA,US,Bunker Hill Street,02129
3C:71:BF:89:DD:F5,,34.08620453,-84.56999969,3C:71:BF,1,none,2023-04-18T17:00:00.000Z,2026-08-08T09:00:00.000Z,,GA,US,Highway 92,30189
3C:71:BF:8A:0C:59,RmaxDEMO,36.67733002,-93.25225067,3C:71:BF,1,wpa2,2020-10-07T14:00:00.000Z,2025-07-20T16:00:00.000Z,,MO,US,Depew Drive,65616
3C:71:BF:8A:1B:E9,,21.49028587,-158.0322876,3C:71:BF,1,wpa2,2025-10-30T19:00:00.000Z,2026-04-06T18:00:00.000Z,Mililani,HI,US,I H2,96786
3C:71:BF:8A:24:69,Mysa-8a2468,49.28114319,-123.14063263,3C:71:BF,1,unknown,2024-06-24T00:00:00.000Z,2026-06-02T00:00:00.000Z,Vancouver,British Columbia,CA,Seaside - English Bay,V6E
3C:71:BF:8A:3C:95,RmaxDEMO,30.33662415,-81.49298096,3C:71:BF,1,wpa2,2025-05-24T20:00:00.000Z,2025-05-27T15:00:00.000Z,Jacksonville,FL,US,Candlebark Drive,32225
3C:71:BF:8A:3D:15,,38.95958328,-77.39395905,3C:71:BF,1,wpa2,2023-11-22T20:00:00.000Z,2026-05-16T23:00:00.000Z,,VA,US,Herndon Parkway,20171-3025
3C:71:BF:8A:3D:25,RmaxDEMO,41.63951874,-70.98708344,3C:71:BF,1,wpa2,2020-05-11T01:00:00.000Z,2026-06-30T12:00:00.000Z,,MA,US,State Road,02747
3C:71:BF:8A:3D:41,RmaxDEMO,41.5819664,-71.08932495,3C:71:BF,1,wpa2,2026-05-17T20:00:00.000Z,2026-05-21T04:00:00.000Z,,MA,US,Main Road,02790
3C:71:BF:8A:46:09,RmaxDEMO,29.97563171,-90.17913055,3C:71:BF,1,wpa2,2021-05-31T14:00:00.000Z,2026-01-12T11:00:00.000Z,,LA,US,Airline Drive,70001
3C:71:BF:8A:7D:51,ESP_8A7D51,52.35009766,4.79050541,3C:71:BF,1,none,2020-01-29T23:00:00.000Z,2026-06-27T03:00:00.000Z,Amsterdam,Noord-Holland,NL,Pieter Calandlaan,1060RP
3C:71:BF:8A:7D:61,ESP_8A7D61,51.27940369,6.17133284,3C:71:BF,1,unknown,2026-08-04T12:00:00.000Z,2026-08-06T06:00:00.000Z,,Nordrhein-Westfalen,DE,Stiegstraße,41379
3C:71:BF:8A:7F:0D,ESP_8A7F0D,51.27993011,6.17315769,3C:71:BF,1,unknown,2024-03-25T15:00:00.000Z,2026-06-28T10:00:00.000Z,,Nordrhein-Westfalen,DE,Stiegstraße,41379
3C:71:BF:8A:7F:15,Mysa-8a7f14,49.23057556,-123.05167389,3C:71:BF,11,unknown,2026-06-12T16:00:00.000Z,2026-06-12T10:00:00.000Z,Vancouver,British Columbia,CA,Wales Street,V5R
3C:71:BF:8A:84:E9,ESP_8A84E9,51.64725494,6.6147871,3C:71:BF,1,unknown,2025-09-07T11:00:00.000Z,2025-09-07T04:00:00.000Z,Wesel,Nordrhein-Westfalen,DE,Am Lippeglacis,46483
3C:71:BF:8A:95:F5,Mysa-8a95f4,44.37218094,-121.64467621,3C:71:BF,1,unknown,2026-03-23T02:00:00.000Z,2026-03-23T21:00:00.000Z,,OR,US,Bishops Cap,
3C:71:BF:8A:A2:61,,21.49001122,-158.04434204,3C:71:BF,1,wpa2,2023-02-03T22:00:00.000Z,2026-04-06T18:00:00.000Z,Mililani,HI,US,Kamehameha Highway,96957
3C:71:BF:8C:06:D5,WLED-AP bottle back,-33.74681473,150.77906799,3C:71:BF,1,wpa2,2023-12-23T11:00:00.000Z,2025-05-01T21:00:00.000Z,Sydney,New South Wales,AU,Boronia Road,2760
3C:71:BF:8C:11:75,EscapeCtrl0006,43.97419357,-75.91216278,3C:71:BF,1,wpa2,2025-10-23T17:00:00.000Z,2025-10-25T01:00:00.000Z,,NY,US,Arcade Street,13601
3C:71:BF:91:07:21,ESP_910721,33.5124855,-86.21077728,3C:71:BF,1,unknown,2025-07-04T16:00:00.000Z,2025-07-06T09:00:00.000Z,,AL,US,Stemley Bridge Road,35160
3C:71:BF:91:4B:58,,44.48041916,-73.2155838,3C:71:BF,7,wpa2,2026-07-02T17:00:00.000Z,2026-07-02T10:00:00.000Z,Burlington,VT,US,Pearl Street,05401-4417
3C:71:BF:91:88:A5,ESP_9188A5,39.77954102,-82.98848724,3C:71:BF,1,none,2023-04-17T13:00:00.000Z,2026-08-02T15:00:00.000Z,,OH,US,US 23,43137
3C:71:BF:91:8B:A9,ESP_918BA9,33.10691833,-96.74572754,3C:71:BF,1,unknown,2022-12-16T12:00:00.000Z,2025-04-07T15:00:00.000Z,Plano,TX,US,Royal Troon Drive,75025
3C:71:BF:91:AD:F4,,37.52865219,-120.83226013,3C:71:BF,3,unknown,2024-08-28T07:00:00.000Z,2024-08-28T12:00:00.000Z,Turlock,CA,US,Lily Lane,95382
3C:71:BF:91:BB:1D,ESP_91BB1D,41.91760635,-87.67510223,3C:71:BF,1,unknown,2024-09-17T21:00:00.000Z,2025-12-31T10:00:00.000Z,Chicago,IL,US,North Wolcott Avenue,60614
3C:71:BF:91:C6:0C,,40.69779968,-73.49733734,3C:71:BF,2,unknown,2025-04-06T18:00:00.000Z,2025-04-06T13:00:00.000Z,,NY,US,Twin Lane North,11793
3C:71:BF:91:C9:38,,40.76200104,-73.78865814,3C:71:BF,7,unknown,2025-08-17T02:00:00.000Z,2025-08-16T20:00:00.000Z,City of New York,NY,US,39th Avenue,11358
3C:71:BF:91:EE:71,ESP_91EE71,38.78018951,-76.22132111,3C:71:BF,1,unknown,2024-09-27T19:00:00.000Z,2025-12-17T05:00:00.000Z,,MD,US,South Talbot Street,21663
3C:71:BF:91:F0:55,ESP_91F055,40.70339203,-74.26928711,3C:71:BF,1,none,2026-07-21T21:00:00.000Z,2026-08-12T06:00:00.000Z,,NJ,US,Glenn Avenue,07083
3C:71:BF:91:FA:F5,ESP_91FAF5,35.71372986,-78.7771225,3C:71:BF,1,unknown,2026-02-03T19:00:00.000Z,2026-02-03T22:00:00.000Z,Cary,NC,US,Penny Road,27511-6133
3C:71:BF:92:10:24,,41.43173599,-81.39230347,3C:71:BF,6,unknown,2024-10-24T18:00:00.000Z,2024-10-24T13:00:00.000Z,,OH,US,River Street,44022
3C:71:BF:92:19:95,ESP_921995,41.53272629,-87.94052887,3C:71:BF,1,none,2024-12-14T01:00:00.000Z,2024-12-14T14:00:00.000Z,,IL,US,Francis Road,60448
3C:71:BF:92:44:BD,ESP_9244BD,34.04129791,-118.38796234,3C:71:BF,1,none,2023-02-28T12:00:00.000Z,2025-07-19T02:00:00.000Z,Los Angeles,CA,US,Hillsboro Avenue,90035
3C:71:BF:92:51:40,,47.19393921,-122.2897644,3C:71:BF,11,wpa2,2026-07-18T15:00:00.000Z,2026-07-18T14:00:00.000Z,,WA,US,4th Avenue Northeast,98372
3C:71:BF:92:64:90,,39.8834343,-86.27397156,3C:71:BF,7,unknown,2024-09-17T04:00:00.000Z,2025-07-16T20:00:00.000Z,Indianapolis,IN,US,,46278
3C:71:BF:92:65:19,ESP_926519,34.20071411,-118.39700317,3C:71:BF,1,unknown,2025-08-23T23:00:00.000Z,2025-08-23T21:00:00.000Z,Los Angeles,CA,US,Sherman Way,91605-5738
3C:71:BF:92:7C:D8,,28.33294868,-81.48175812,3C:71:BF,8,unknown,2024-11-28T01:00:00.000Z,2024-11-29T15:00:00.000Z,,FL,US,West Irlo Bronson Memorial Highway,34746-5332
3C:71:BF:92:93:C4,,27.83075714,-82.77339935,3C:71:BF,7,unknown,2025-07-07T20:00:00.000Z,2025-07-07T20:00:00.000Z,,FL,US,,33772-4886
3C:71:BF:92:99:4D,ESP_92994D,37.32246017,-122.03495789,3C:71:BF,1,none,2025-07-14T01:00:00.000Z,2025-10-18T02:00:00.000Z,Cupertino,CA,US,Stevens Creek Boulevard,95014-2120
3C:71:BF:92:CD:39,Zentec Z031 3C71BF92191431,55.78878403,37.74360275,3C:71:BF,10,unknown,2025-03-13T14:00:00.000Z,2026-02-17T08:00:00.000Z,Москва,Москва,RU,Окружной проезд,105613
3C:71:BF:92:CD:41,Zentec Z031 3C71BF92196C31,55.81369019,37.95441055,3C:71:BF,3,unknown,2026-05-10T17:00:00.000Z,2026-05-10T11:00:00.000Z,Балашиха,Московская область,RU,Советская улица,143900
3C:71:BF:92:D2:F5,WiFi_s,60.00840759,30.36962128,3C:71:BF,1,unknown,2020-02-04T17:00:00.000Z,2024-09-12T06:00:00.000Z,Санкт-Петербург,Санкт-Петербург,RU,Политехническая улица,195251
3C:71:BF:92:D7:D1,Zentec Z031 3C71BF9203FC31,55.8495903,37.5531311,3C:71:BF,10,unknown,2020-06-11T16:00:00.000Z,2025-02-07T12:00:00.000Z,Москва,Москва,RU,Северо-Восточная хорда,125635
3C:71:BF:92:D7:E9,Zentec Z031 3C71BF9203C431,55.75849915,37.66192245,3C:71:BF,10,unknown,2023-11-23T18:00:00.000Z,2026-01-05T13:00:00.000Z,Москва,Москва,RU,Тоннель №3,105064
3C:71:BF:92:D7:ED,Zentec Z031 3C71BF9203C031,55.58442688,37.14090729,3C:71:BF,10,unknown,2025-01-07T01:00:00.000Z,2025-01-06T18:00:00.000Z,,Москва,RU,улица 14-я Просека,108810
3C:71:BF:92:D8:41,Zentec Z031 3C71BF920C6C31,55.8063736,37.74232483,3C:71:BF,10,unknown,2023-05-06T06:00:00.000Z,2026-05-30T12:00:00.000Z,Москва,Москва,RU,Большая Черкизовская улица,107553
3C:71:BF:92:D8:B9,Zentec Z031 3C71BF920C9431,55.47068787,37.75177002,3C:71:BF,10,unknown,2022-06-12T07:00:00.000Z,2025-07-28T03:00:00.000Z,,Московская область,RU,«Дон»,142030
3C:71:BF:92:DA:51,Zentec Z031 3C71BF920E7C31,53.4217453,58.99654388,3C:71:BF,10,unknown,2026-05-22T14:00:00.000Z,2026-05-22T11:00:00.000Z,Магнитогорск,Челябинская область,RU,улица Чапаева,455023
3C:71:BF:92:DC:91,Zentec Z031 3C71BF9208BC31,55.8491478,37.55306625,3C:71:BF,10,unknown,2020-06-11T16:00:00.000Z,2025-02-07T12:00:00.000Z,Москва,Москва,RU,Северо-восточная хорда,125635
3C:71:BF:92:DC:F5,Zentec Z031 3C71BF9208D831,53.36931992,83.69979858,3C:71:BF,10,unknown,2021-08-09T08:00:00.000Z,2026-01-08T03:00:00.000Z,Барнаул,Алтайский край,RU,улица Юрина,656000
3C:71:BF:92:DD:15,Zentec Z031 3C71BF92093831,55.81612015,37.69181442,3C:71:BF,10,unknown,2024-10-05T10:00:00.000Z,2024-10-05T03:00:00.000Z,Москва,Москва,RU,Краснобогатырская улица,107564
3C:71:BF:92:DE:F9,Zentec Z031 3C71BF920AD431,55.80553436,37.74539566,3C:71:BF,10,unknown,2022-11-15T19:00:00.000Z,2025-02-21T12:00:00.000Z,Москва,Москва,RU,Окружной проезд,107143
3C:71:BF:92:E0:9D,Zentec Z031 3C71BF9234B031,59.86960602,30.34919357,3C:71:BF,10,unknown,2024-05-11T10:00:00.000Z,2024-09-22T04:00:00.000Z,Санкт-Петербург,Санкт-Петербург,RU,проспект Космонавтов,196244
3C:71:BF:92:E0:BD,Zentec Z031 3C71BF923490131,55.76807022,37.66784668,3C:71:BF,10,unknown,2021-01-29T20:00:00.000Z,2025-08-19T09:00:00.000Z,Москва,Москва,RU,Старая Басманная улица,105066
3C:71:BF:92:E2:C1,,-37.80770111,144.99180603,3C:71:BF,6,unknown,2021-11-17T20:00:00.000Z,2026-05-12T02:00:00.000Z,Melbourne,Victoria,AU,Hoddle Street,3067
3C:71:BF:92:E2:C5,,-33.83630753,150.99145508,3C:71:BF,6,unknown,2024-12-19T22:00:00.000Z,2024-12-19T05:00:00.000Z,Sydney,New South Wales,AU,Pitt Street,2160
3C:71:BF:92:E3:AD,,-38.07778549,145.4811554,3C:71:BF,1,unknown,2021-01-17T15:00:00.000Z,2025-12-20T15:00:00.000Z,Melbourne,Victoria,AU,Main Street,3810
3C:71:BF:92:E3:D5,,-33.41654587,149.57746887,3C:71:BF,1,unknown,2026-06-09T19:00:00.000Z,2026-07-13T05:00:00.000Z,Bathurst,New South Wales,AU,Russell Street,2795
3C:71:BF:92:E3:F1,,-42.88500214,147.32566833,3C:71:BF,6,unknown,2025-03-08T06:00:00.000Z,2025-06-29T17:00:00.000Z,Hobart,Tasmania,AU,Harrington Street,7000
3C:71:BF:92:E4:05,,-27.55314064,152.97398376,3C:71:BF,1,unknown,2024-11-20T00:00:00.000Z,2026-08-10T01:00:00.000Z,Brisbane City,Queensland,AU,,4075
3C:71:BF:92:E4:19,,-27.22775459,153.08506775,3C:71:BF,6,unknown,2024-05-04T00:00:00.000Z,2024-08-28T16:00:00.000Z,,Queensland,AU,Elizabeth Avenue,4021
3C:71:BF:92:E4:25,,-32.01089096,115.84288025,3C:71:BF,9,unknown,2023-03-09T17:00:00.000Z,2026-01-25T07:00:00.000Z,,Western Australia,AU,Armstrong Road,6153
3C:71:BF:92:E4:35,,-34.88282013,138.53833008,3C:71:BF,1,unknown,2020-08-14T12:00:00.000Z,2025-12-27T21:00:00.000Z,Adelaide,South Australia,AU,Port Road,5011
3C:71:BF:92:E4:E9,,-32.01122284,115.84464264,3C:71:BF,9,unknown,2021-10-01T21:00:00.000Z,2026-01-25T07:00:00.000Z,,Western Australia,AU,Third Avenue,6153
3C:71:BF:92:E5:01,,53.39790344,-2.15735674,3C:71:BF,1,unknown,2024-05-16T20:00:00.000Z,2025-04-30T03:00:00.000Z,Stockport,England,GB,Shaw Heath,SK2 6QZ
3C:71:BF:92:E5:09,,-27.55387306,152.97454834,3C:71:BF,6,unknown,2020-08-15T18:00:00.000Z,2024-12-18T20:00:00.000Z,,Queensland,AU,Oxley Station Road,4075
3C:71:BF:92:E5:0D,,-32.01164627,115.84564209,3C:71:BF,3,unknown,2023-03-09T18:00:00.000Z,2026-01-25T07:00:00.000Z,,Western Australia,AU,Third Avenue,6153
3C:71:BF:92:E5:31,,-32.02069473,115.83542633,3C:71:BF,3,unknown,2022-11-22T18:00:00.000Z,2025-03-25T06:00:00.000Z,,Western Australia,AU,Kearns Crescent,6153
3C:71:BF:92:E5:41,,-27.60992432,153.12457275,3C:71:BF,1,unknown,2022-02-12T12:00:00.000Z,2025-06-12T00:00:00.000Z,,Queensland,AU,Springwood Road,4119
3C:71:BF:92:E5:45,,-31.95319176,115.87744904,3C:71:BF,1,unknown,2020-12-12T16:00:00.000Z,2026-05-20T01:00:00.000Z,Perth,Western Australia,AU,Royal Street,6004
3C:71:BF:92:E5:65,,-32.01089096,115.84288025,3C:71:BF,3,unknown,2023-03-09T17:00:00.000Z,2026-01-25T07:00:00.000Z,,Western Australia,AU,Armstrong Road,6153
3C:71:BF:92:E5:69,,-27.49868202,153.04577637,3C:71:BF,11,unknown,2021-11-21T15:00:00.000Z,2025-12-12T17:00:00.000Z,,Queensland,AU,Old Cleveland Road,4120
3C:71:BF:92:E5:D1,Zentec Z031 3C71BF9231FC31,55.76727295,37.6517067,3C:71:BF,10,unknown,2020-06-04T20:00:00.000Z,2025-04-03T04:00:00.000Z,Москва,Москва,RU,Садовая-Черногрязская улица,05064
3C:71:BF:92:E6:15,Zentec Z031 3C71BF92323831,59.94392776,30.35510445,3C:71:BF,10,unknown,2023-08-05T14:00:00.000Z,2026-07-07T06:00:00.000Z,Санкт-Петербург,Санкт-Петербург,RU,Кирочная улица,191028
3C:71:BF:92:F2:1D,,-32.0117836,115.84514618,3C:71:BF,9,unknown,2021-10-01T21:00:00.000Z,2026-01-25T07:00:00.000Z,,Western Australia,AU,Third Avenue,6153
3C:71:BF:92:F2:21,,-32.01181793,115.8457489,3C:71:BF,9,unknown,2021-10-01T21:00:00.000Z,2026-01-25T07:00:00.000Z,,Western Australia,AU,Kishorn Road,6153
3C:71:BF:92:F2:45,,-33.82353592,151.0785675,3C:71:BF,1,unknown,2021-04-21T14:00:00.000Z,2026-02-14T16:00:00.000Z,Sydney,New South Wales,AU,Burroway Road,2127
3C:71:BF:92:F2:4D,,-32.21124268,115.97829437,3C:71:BF,6,unknown,2025-06-22T07:00:00.000Z,2025-06-22T01:00:00.000Z,,Western Australia,AU,,
3C:71:BF:92:F2:51,,-37.89416504,145.13093567,3C:71:BF,1,unknown,2022-05-08T18:00:00.000Z,2024-11-06T15:00:00.000Z,Melbourne,Victoria,AU,Ricketts Road,3149
3C:71:BF:92:F2:61,,-32.01151657,115.84485626,3C:71:BF,9,unknown,2021-10-01T21:00:00.000Z,2026-01-25T07:00:00.000Z,,Western Australia,AU,Third Avenue,6153
3C:71:BF:92:F2:65,,-33.41654587,149.57746887,3C:71:BF,1,unknown,2026-06-09T19:00:00.000Z,2026-07-13T05:00:00.000Z,Bathurst,New South Wales,AU,Russell Street,2795
3C:71:BF:92:F2:69,,-22.0070076,148.05882263,3C:71:BF,1,none,2026-07-05T06:00:00.000Z,2026-07-05T01:00:00.000Z,,Queensland,AU,McCool Street,4744
3C:71:BF:92:F2:71,,-42.88499069,147.32536316,3C:71:BF,11,unknown,2022-02-08T18:00:00.000Z,2025-06-29T17:00:00.000Z,Hobart,Tasmania,AU,Harrington Street,7000
3C:71:BF:92:F2:79,,-42.88311386,147.32315063,3C:71:BF,1,unknown,2022-02-09T09:00:00.000Z,2026-04-02T21:00:00.000Z,Hobart,Tasmania,AU,Harrington Street,7000
3C:71:BF:92:F2:81,,-32.53377914,115.72251129,3C:71:BF,6,unknown,2025-09-04T02:00:00.000Z,2025-09-04T04:00:00.000Z,Mandurah,Western Australia,AU,Sutton Street,6201
3C:71:BF:93:04:88,,47.25271606,-122.46304321,3C:71:BF,6,wpa2,2026-07-19T17:00:00.000Z,2026-07-19T10:00:00.000Z,Tacoma,WA,US,South Sprague Avenue,98405-2968
3C:71:BF:94:83:D0,,34.02714539,-118.45799255,3C:71:BF,10,wpa2,2026-07-12T20:00:00.000Z,2026-07-19T13:00:00.000Z,Santa Monica,CA,US,Santa Monica Freeway,90064-1508
3C:71:BF:94:8C:98,RFamily,39.67829514,-76.89169312,3C:71:BF,7,unknown,2025-02-17T16:00:00.000Z,2025-02-20T17:00:00.000Z,,MD,US,Hanover Pike,17331:21102
3C:71:BF:94:92:41,ESP_949241,42.24789047,-89.07180023,3C:71:BF,1,unknown,2026-01-25T04:00:00.000Z,2026-04-07T23:00:00.000Z,Rockford,IL,US,18th Avenue,61104
3C:71:BF:94:A2:F1,,25.77909279,-80.1319809,3C:71:BF,1,unknown,2024-08-05T22:00:00.000Z,2024-10-05T16:00:00.000Z,Miami Beach,FL,US,Collins Avenue,33139
3C:71:BF:95:40:15,Traeger-4015,44.31424713,-78.28922272,3C:71:BF,5,wpa2,2024-02-02T23:00:00.000Z,2025-08-01T17:00:00.000Z,Peterborough,Ontario,CA,Television Road,K9L 1R4
3C:71:BF:97:5D:B5,ESP_975DB5,52.66134644,1.37062919,3C:71:BF,1,unknown,2025-03-30T15:00:00.000Z,2025-03-31T05:00:00.000Z,Broadland,England,GB,Broadland Northway,NR13 6LG
3C:71:BF:97:DF:31,HN-30df97bf713c-0.7.2,44.36483765,19.37314987,3C:71:BF,7,wpa2,2025-09-08T21:00:00.000Z,2025-10-06T13:00:00.000Z,Општина Крупањ,Централна Србија,RS,Владе Зечевића,15314
3C:71:BF:97:DF:B9,HN-b8df97bf713c-0.7.2,44.36575317,19.36636353,3C:71:BF,7,wpa2,2025-09-03T21:00:00.000Z,2025-10-09T13:00:00.000Z,Општина Крупањ,Централна Србија,RS,137,15314
3C:71:BF:97:DF:ED,HN-ecdf97bf713c-0.7.2,44.36703873,19.36771393,3C:71:BF,7,wpa2,2025-09-03T21:00:00.000Z,2025-10-06T13:00:00.000Z,Општина Крупањ,Централна Србија,RS,Жикице Јовановића Шпанца,15314
3C:71:BF:97:E0:01,HN-e097bf713c-0.7.2,44.36568832,19.36553192,3C:71:BF,7,wpa2,2025-09-03T21:00:00.000Z,2025-10-09T13:00:00.000Z,Општина Крупањ,Централна Србија,RS,137,15314
3C:71:BF:97:E0:19,HN-18e097bf713c-0.7.2,44.36592484,19.36820602,3C:71:BF,7,wpa2,2025-09-03T21:00:00.000Z,2025-10-09T13:00:00.000Z,Општина Крупањ,Централна Србија,RS,Жикице Јовановића Шпанца,15314
3C:71:BF:97:E0:4D,HN-4ce097bf713c-0.7.2,44.36589432,19.36310577,3C:71:BF,7,wpa2,2025-09-08T21:00:00.000Z,2025-10-09T13:00:00.000Z,Општина Крупањ,Централна Србија,RS,3. септембра,15314
3C:71:BF:97:E0:61,HN-60e097bf713c-0.7.2,44.36270142,19.36518669,3C:71:BF,7,wpa2,2025-10-09T20:00:00.000Z,2025-10-09T13:00:00.000Z,Општина Крупањ,Централна Србија,RS,Радничка,15314
3C:71:BF:97:E1:15,HN-14e197bf713c-0.7.2,44.36309433,19.36455536,3C:71:BF,7,wpa2,2025-09-03T20:00:00.000Z,2025-10-09T13:00:00.000Z,Општина Крупањ,Централна Србија,RS,335,15314
3C:71:BF:97:E1:29,HN-28e197bf713c-0.7.2,44.36671829,19.36278152,3C:71:BF,7,wpa2,2025-09-08T21:00:00.000Z,2025-10-06T13:00:00.000Z,Општина Крупањ,Централна Србија,RS,Жикице Јовановића Шпанца,15314
3C:71:BF:97:E1:AD,HN-ace197bf713c-0.7.2,44.3674469,19.36113358,3C:71:BF,7,wpa2,2025-09-08T21:00:00.000Z,2025-09-08T14:00:00.000Z,Општина Крупањ,Централна Србија,RS,Жикице Јовановића Шпанца,15314
3C:71:BF:97:E1:C5,HN-c4e197bf713c-0.7.2,44.36625671,19.36855125,3C:71:BF,7,wpa2,2025-09-03T21:00:00.000Z,2025-10-06T13:00:00.000Z,Општина Крупањ,Централна Србија,RS,Владе Зечевића,15314
3C:71:BF:97:E1:E9,HN-e8e197bf713c-0.7.2,44.3669548,19.36626053,3C:71:BF,7,wpa2,2025-10-06T20:00:00.000Z,2025-10-06T13:00:00.000Z,Општина Крупањ,Централна Србија,RS,Жикице Јовановића Шпанца,15314
3C:71:BF:97:E2:A9,HN-a8e297bf713c-0.7.2,44.36499023,19.37232399,3C:71:BF,7,wpa2,2025-09-03T21:00:00.000Z,2025-10-09T13:00:00.000Z,Општина Крупањ,Централна Србија,RS,Владе Зечевића,15314
3C:71:BF:97:E2:F1,HN-f0e297bf713c-0.7.2,44.3654747,19.36951256,3C:71:BF,7,wpa2,2025-09-03T21:00:00.000Z,2025-10-09T13:00:00.000Z,Општина Крупањ,Централна Србија,RS,Владе Зечевића,15314
3C:71:BF:97:E3:15,HN-14e397bf713c-0.7.2,44.36564636,19.36859703,3C:71:BF,7,wpa2,2025-09-03T21:00:00.000Z,2025-10-09T13:00:00.000Z,Општина Крупањ,Централна Србија,RS,Владе Зечевића,15314
3C:71:BF:97:E4:41,HN-40e497bf713c-0.7.2,44.36281967,19.36510468,3C:71:BF,7,wpa2,2025-09-03T20:00:00.000Z,2025-10-09T13:00:00.000Z,Општина Крупањ,Централна Србија,RS,Мачков камен,15314
3C:71:BF:97:E4:91,HN-90e497bf713c-0.7.2,44.36699295,19.36685562,3C:71:BF,7,wpa2,2025-10-06T20:00:00.000Z,2025-10-06T13:00:00.000Z,Општина Крупањ,Централна Србија,RS,Жикице Јовановића Шпанца,15314
3C:71:BF:97:E4:E9,HN-e8e497bf713c-0.7.2,44.36528397,19.3633728,3C:71:BF,7,wpa2,2025-09-03T21:00:00.000Z,2025-10-09T16:00:00.000Z,Општина Крупањ,Централна Србија,RS,Маршала Тита,15314
3C:71:BF:97:E4:ED,HN-ece497bf713c-0.7.2,44.3683548,19.35887337,3C:71:BF,7,wpa2,2025-09-04T19:00:00.000Z,2025-09-08T14:00:00.000Z,Општина Крупањ,Централна Србија,RS,Маршала Тита,15314
3C:71:BF:97:E5:99,HN-98e597bf713c-0.7.2,44.36493683,19.37262917,3C:71:BF,7,wpa2,2025-09-08T21:00:00.000Z,2025-10-09T13:00:00.000Z,Општина Крупањ,Централна Србија,RS,Владе Зечевића,15314
3C:71:BF:97:E5:E5,HN-e4e597bf713c-0.7.2,44.36541748,19.3698597,3C:71:BF,7,wpa2,2025-09-03T21:00:00.000Z,2025-10-09T13:00:00.000Z,Општина Крупањ,Централна Србија,RS,Владе Зечевића,15314
3C:71:BF:97:E6:5D,HN-5ce697bf713c-0.7.2,44.36568832,19.36310387,3C:71:BF,7,wpa2,2025-09-08T21:00:00.000Z,2025-10-09T13:00:00.000Z,Општина Крупањ,Централна Србија,RS,Маршала Тита,15314
3C:71:BF:97:E6:ED,HN-ece697bf713c-0.7.2,44.36553192,19.3692894,3C:71:BF,7,wpa2,2025-09-03T21:00:00.000Z,2025-10-09T13:00:00.000Z,Општина Крупањ,Централна Србија,RS,Владе Зечевића,15314
3C:71:BF:97:E6:F1,HN-f0e697bf713c-0.7.2,44.36671829,19.36258507,3C:71:BF,7,wpa2,2025-09-08T21:00:00.000Z,2025-09-08T14:00:00.000Z,Општина Крупањ,Централна Србија,RS,Жикице Јовановића Шпанца,15314
3C:71:BF:97:E7:31,HN-30e797bf713c-0.7.2,44.36340332,19.36427689,3C:71:BF,7,wpa2,2025-09-03T20:00:00.000Z,2025-10-02T13:00:00.000Z,Општина Крупањ,Централна Србија,RS,335,15314
3C:71:BF:97:E7:A5,HN-a4e797bf713c-0.7.2,44.36685181,19.36872292,3C:71:BF,7,wpa2,2025-09-03T21:00:00.000Z,2025-10-06T13:00:00.000Z,Општина Крупањ,Централна Србија,RS,Жикице Јовановића Шпанца,15314
3C:71:BF:97:E7:F5,HN-f4e797bf713c-0.7.2,44.36559677,19.36319923,3C:71:BF,7,wpa2,2025-09-03T21:00:00.000Z,2025-10-09T13:00:00.000Z,Општина Крупањ,Централна Србија,RS,Маршала Тита,15314
3C:71:BF:97:E8:91,HN-90e897bf713c-0.7.2,44.36554337,19.36315155,3C:71:BF,7,wpa2,2025-09-09T21:00:00.000Z,2025-10-06T13:00:00.000Z,Општина Крупањ,Централна Србија,RS,Маршала Тита,15314
3C:71:BF:97:E9:B9,HN-b8e997bf713c-0.7.2,44.36528015,19.37072563,3C:71:BF,7,wpa2,2025-09-03T21:00:00.000Z,2025-10-09T13:00:00.000Z,Општина Крупањ,Централна Србија,RS,Владе Зечевића,15314
3C:71:BF:97:E9:CD,HN-cce997bf713c-0.7.2,44.36574554,19.3661747,3C:71:BF,7,wpa2,2025-09-03T21:00:00.000Z,2025-10-09T13:00:00.000Z,Општина Крупањ,Централна Србија,RS,137,15314
3C:71:BF:97:EA:CD,HN-ccea97bf713c-0.7.2,44.36580276,19.36136818,3C:71:BF,7,wpa2,2025-10-09T23:00:00.000Z,2025-10-09T16:00:00.000Z,Општина Крупањ,Централна Србија,RS,Маршала Тита,15314
3C:71:BF:97:EA:DD,HN-dcea97bf713c-0.7.2,44.36833954,19.35896301,3C:71:BF,7,wpa2,2025-09-04T19:00:00.000Z,2025-09-08T14:00:00.000Z,Општина Крупањ,Централна Србија,RS,Маршала Тита,15314
3C:71:BF:97:EB:09,HN-8eb97bf713c-0.7.2,44.36872864,19.35819626,3C:71:BF,7,wpa2,2025-09-04T19:00:00.000Z,2025-09-08T14:00:00.000Z,Општина Крупањ,Централна Србија,RS,Маршала Тита,15314
3C:71:BF:97:EB:0D,HN-ceb97bf713c-0.7.2,44.37125778,19.34753799,3C:71:BF,7,wpa2,2025-09-04T19:00:00.000Z,2025-09-08T14:00:00.000Z,Општина Крупањ,Централна Србија,RS,Народног ослобођења,15314
3C:71:BF:97:EB:1D,HN-1ceb97bf713c-0.7.2,44.36647797,19.36861038,3C:71:BF,7,wpa2,2025-09-03T21:00:00.000Z,2025-10-06T13:00:00.000Z,Општина Крупањ,Централна Србија,RS,Жикице Јовановића Шпанца,15314
3C:71:BF:97:EB:25,HN-24eb97bf713c-0.7.2,44.3693161,19.35717201,3C:71:BF,7,wpa2,2025-09-04T19:00:00.000Z,2025-09-08T14:00:00.000Z,Општина Крупањ,Централна Србија,RS,Народног ослобођења,15314
3C:71:BF:97:EB:61,HN-60eb97bf713c-0.7.2,44.36646271,19.36335373,3C:71:BF,7,wpa2,2025-09-08T21:00:00.000Z,2025-10-06T13:00:00.000Z,Општина Крупањ,Централна Србија,RS,Жикице Јовановића Шпанца,15314
3C:71:BF:97:EB:C5,HN-c4eb97bf713c-0.7.2,44.36796951,19.3598175,3C:71:BF,7,wpa2,2025-09-08T21:00:00.000Z,2025-09-08T14:00:00.000Z,Општина Крупањ,Централна Србија,RS,Жикице Јовановића Шпанца,15314
3C:71:BF:97:EB:E1,HN-e0eb97bf713c-0.7.2,44.3688736,19.35800171,3C:71:BF,7,wpa2,2025-09-04T19:00:00.000Z,2025-09-08T14:00:00.000Z,Општина Крупањ,Централна Србија,RS,Маршала Тита,15314
3C:71:BF:97:EC:11,HN-10ec97bf713c-0.7.2,44.36487579,19.3729744,3C:71:BF,7,wpa2,2025-10-02T21:00:00.000Z,2025-10-02T15:00:00.000Z,Општина Крупањ,Централна Србија,RS,Владе Зечевића,15314
3C:71:BF:97:EC:65,HN-64ec97bf713c-0.7.2,44.36746979,19.36109543,3C:71:BF,7,wpa2,2025-09-08T21:00:00.000Z,2025-09-08T14:00:00.000Z,Општина Крупањ,Централна Србија,RS,Жикице Јовановића Шпанца,15314
3C:71:BF:97:EC:71,HN-70ec97bf713c-0.7.2,44.3680191,19.35965538,3C:71:BF,7,wpa2,2025-09-08T21:00:00.000Z,2025-09-08T14:00:00.000Z,Општина Крупањ,Централна Србија,RS,Маршала Тита,15314
3C:71:BF:97:EC:E9,HN-e8ec97bf713c-0.7.2,44.36906052,19.35771751,3C:71:BF,7,wpa2,2025-09-04T19:00:00.000Z,2025-09-08T14:00:00.000Z,Општина Крупањ,Централна Србија,RS,Маршала Тита,15314
3C:71:BF:97:ED:1D,HN-1ced97bf713c-0.7.2,44.36695099,19.36619949,3C:71:BF,7,wpa2,2025-10-06T20:00:00.000Z,2025-10-06T13:00:00.000Z,Општина Крупањ,Централна Србија,RS,Жикице Јовановића Шпанца,15314
3C:71:BF:97:ED:21,HN-20ed97bf713c-0.7.2,44.36471939,19.36308098,3C:71:BF,7,wpa2,2025-09-03T21:00:00.000Z,2026-04-19T15:00:00.000Z,Општина Крупањ,Централна Србија,RS,137,15314
3C:71:BF:97:ED:31,HN-30ed97bf713c-0.7.2,44.36512375,19.36349487,3C:71:BF,7,wpa2,2025-09-03T21:00:00.000Z,2025-10-09T16:00:00.000Z,Општина Крупањ,Централна Србија,RS,137,15314
3C:71:BF:97:ED:69,HN-68ed97bf713c-0.7.2,44.36705017,19.36795235,3C:71:BF,7,wpa2,2025-09-03T21:00:00.000Z,2025-10-06T13:00:00.000Z,Општина Крупањ,Централна Србија,RS,Жикице Јовановића Шпанца,15314
3C:71:BF:97:ED:C9,HN-c8ed97bf713c-0.7.2,44.36597443,19.36511612,3C:71:BF,7,wpa2,2025-09-08T21:00:00.000Z,2025-10-09T13:00:00.000Z,Општина Крупањ,Централна Србија,RS,4. јула,15314
3C:71:BF:97:ED:D1,HN-d0ed97bf713c-0.7.2,44.36559296,19.36509132,3C:71:BF,7,wpa2,2025-09-03T21:00:00.000Z,2025-10-09T13:00:00.000Z,Општина Крупањ,Централна Србија,RS,4. јула,15314
3C:71:BF:97:EE:1D,HN-1cee97bf713c-0.7.2,44.36476898,19.37351227,3C:71:BF,7,wpa2,2025-10-05T04:00:00.000Z,2025-10-06T13:00:00.000Z,Општина Крупањ,Централна Србија,RS,Владе Зечевића,15314
3C:71:BF:97:EE:21,HN-20ee97bf713c-0.7.2,44.36665726,19.36335564,3C:71:BF,7,wpa2,2025-09-08T21:00:00.000Z,2025-10-06T13:00:00.000Z,Општина Крупањ,Централна Србија,RS,3. септембра,15314
3C:71:BF:97:EE:9D,HN-9cee97bf713c-0.7.2,44.36405563,19.36309814,3C:71:BF,7,wpa2,2025-09-03T21:00:00.000Z,2025-10-09T15:00:00.000Z,Општина Крупањ,Централна Србија,RS,Мачков камен,15314
3C:71:BF:97:EE:AD,HN-acee97bf713c-0.7.2,44.36398315,19.362257,3C:71:BF,7,wpa2,2025-09-09T21:00:00.000Z,2025-09-09T14:00:00.000Z,Општина Крупањ,Централна Србија,RS,Устаничка,15314
3C:71:BF:97:EE:CD,HN-ccee97bf713c-0.7.2,44.3651886,19.37152863,3C:71:BF,7,wpa2,2025-09-03T21:00:00.000Z,2025-10-09T13:00:00.000Z,Општина Крупањ,Централна Србија,RS,26. септембра,15314
3C:71:BF:97:EE:E1,HN-e0ee97bf713c-0.7.2,44.36904144,19.35774994,3C:71:BF,7,wpa2,2025-09-04T19:00:00.000Z,2025-09-08T14:00:00.000Z,Општина Крупањ,Централна Србија,RS,Маршала Тита,15314
3C:71:BF:97:EE:E5,HN-e4ee97bf713c-0.7.2,44.36642838,19.3649807,3C:71:BF,7,wpa2,2025-10-06T20:00:00.000Z,2025-10-09T13:00:00.000Z,Општина Крупањ,Централна Србија,RS,4. јула,15314
3C:71:BF:97:EF:09,HN-8ef97bf713c-0.7.2,44.36801147,19.35971069,3C:71:BF,7,wpa2,2025-09-08T21:00:00.000Z,2025-09-08T14:00:00.000Z,Општина Крупањ,Централна Србија,RS,Маршала Тита,15314
3C:71:BF:97:EF:61,HN-60ef97bf713c-0.7.2,44.36547852,19.36458397,3C:71:BF,7,wpa2,2025-09-03T21:00:00.000Z,2025-10-09T13:00:00.000Z,Општина Крупањ,Централна Србија,RS,137,15314
3C:71:BF:97:EF:89,HN-88ef97bf713c-0.7.2,44.36511993,19.37158012,3C:71:BF,7,wpa2,2025-09-03T21:00:00.000Z,2025-10-09T13:00:00.000Z,Општина Крупањ,Централна Србија,RS,26. септембра,15314
3C:71:BF:97:F0:2D,HN-2cf097bf713c-0.7.2,44.36281586,19.36506462,3C:71:BF,7,wpa2,2025-09-03T20:00:00.000Z,2025-10-09T13:00:00.000Z,Општина Крупањ,Централна Србија,RS,Мачков камен,15314
3C:71:BF:97:F0:B1,HN-b0f097bf713c-0.7.2,44.3649025,19.37292671,3C:71:BF,7,wpa2,2025-09-03T01:00:00.000Z,2025-10-09T13:00:00.000Z,Општина Крупањ,Централна Србија,RS,Владе Зечевића,15314
3C:71:BF:97:F0:D1,HN-d0f097bf713c-0.7.2,44.36331558,19.36425972,3C:71:BF,7,wpa2,2025-09-03T20:00:00.000Z,2025-10-09T13:00:00.000Z,Општина Крупањ,Централна Србија,RS,335,15314
3C:71:BF:97:F0:ED,HN-ecf097bf713c-0.7.2,44.36539841,19.36419678,3C:71:BF,7,wpa2,2025-09-03T21:00:00.000Z,2025-10-09T13:00:00.000Z,Општина Крупањ,Централна Србија,RS,137,15314
3C:71:BF:97:F1:21,HN-20f197bf713c-0.7.2,44.3693428,19.35689545,3C:71:BF,7,wpa2,2025-09-04T19:00:00.000Z,2025-09-08T14:00:00.000Z,Општина Крупањ,Централна Србија,RS,Народног ослобођења,15314
3C:71:BF:97:F1:2D,HN-2cf197bf713c-0.7.2,44.36797333,19.35976601,3C:71:BF,7,wpa2,2025-09-08T21:00:00.000Z,2025-09-08T14:00:00.000Z,Општина Крупањ,Централна Србија,RS,Жикице Јовановића Шпанца,15314
3C:71:BF:97:F1:E1,HN-e0f197bf713c-0.7.2,44.36707687,19.36856651,3C:71:BF,7,wpa2,2025-09-03T21:00:00.000Z,2025-10-06T13:00:00.000Z,Општина Крупањ,Централна Србија,RS,Жикице Јовановића Шпанца,15314
3C:71:BF:97:F1:E5,HN-e4f197bf713c-0.7.2,44.36410904,19.36338425,3C:71:BF,7,wpa2,2025-09-03T20:00:00.000Z,2026-04-19T15:00:00.000Z,Општина Крупањ,Централна Србија,RS,Мачков камен,15314
3C:71:BF:99:1C:BD,ESP_991CBD,35.08148193,-106.61274719,3C:71:BF,1,unknown,2024-10-13T08:00:00.000Z,2025-10-07T19:00:00.000Z,Albuquerque,NM,US,Dartmouth Drive Northeast,87106
3C:71:BF:99:8D:21,Traeger-8D21,43.54393005,-116.49358368,3C:71:BF,5,wpa2,2024-12-15T22:00:00.000Z,2026-04-06T19:00:00.000Z,,ID,US,South Robinson Road,83687
3C:71:BF:99:8E:A5,Traeger-8EA5,39.7119751,-74.85303497,3C:71:BF,5,wpa2,2026-07-13T16:00:00.000Z,2026-07-13T09:00:00.000Z,,NJ,US,White Horse Pike,08037
3C:71:BF:99:90:75,Traeger-9075,38.89944839,-99.3203125,3C:71:BF,5,wpa2,2021-06-08T10:00:00.000Z,2026-07-02T15:00:00.000Z,,KS,US,I 70;US 40,96601
3C:71:BF:99:92:05,Traeger-9205,33.12897873,-117.09869385,3C:71:BF,5,wpa2,2025-12-16T15:00:00.000Z,2026-02-08T19:00:00.000Z,Escondido,CA,US,CA 78,92029-2132
3C:71:BF:99:98:69,Traeger-9869,38.74049377,-98.03901672,3C:71:BF,5,wpa2,2025-04-16T02:00:00.000Z,2025-04-16T21:00:00.000Z,,KS,US,KS 140,67425
3C:71:BF:99:98:C1,Traeger-98C1,39.4016571,-119.733284,3C:71:BF,5,wpa2,2026-02-21T21:00:00.000Z,2026-02-22T03:00:00.000Z,Reno,NV,US,Curti Ranch Road,89521
3C:71:BF:99:98:D5,Traeger-98D5,45.2580719,-75.24758911,3C:71:BF,5,wpa2,2026-05-31T01:00:00.000Z,2026-05-30T20:00:00.000Z,North Stormont,Ontario,CA,St Joseph Road,K0A 1W0
3C:71:BF:99:99:39,Traeger-9939,38.37627792,-98.79972076,3C:71:BF,5,wpa2,2025-12-24T23:00:00.000Z,2025-12-24T15:00:00.000Z,,KS,US,24th Street,67530
3C:71:BF:99:9C:E5,Traeger-9CE5,43.86334229,-116.4728241,3C:71:BF,1,wpa2,2025-03-10T01:00:00.000Z,2025-03-09T20:00:00.000Z,,ID,US,South Sub Station Road,
3C:71:BF:99:9D:29,Traeger-9D29,35.49345398,-97.66560364,3C:71:BF,5,wpa2,2026-02-13T12:00:00.000Z,2026-08-01T11:00:00.000Z,,OK,US,East Overholser Drive,73008
3C:71:BF:99:9E:19,Traeger-9E19,43.94084549,-123.18677521,3C:71:BF,5,wpa2,2025-08-05T19:00:00.000Z,2025-08-05T16:00:00.000Z,,OR,US,Fox Hollow Road,
3C:71:BF:99:9F:29,Traeger-9F29,41.82911682,-83.4465332,3C:71:BF,5,wpa2,2024-03-26T15:00:00.000Z,2025-11-23T08:00:00.000Z,,MI,US,Kelly Road,48145
3C:71:BF:99:9F:E1,Traeger-9FE1,32.83512497,-116.74970245,3C:71:BF,5,wpa2,2026-02-08T23:00:00.000Z,2026-02-08T16:00:00.000Z,,CA,US,I 8,91901
3C:71:BF:99:A1:A1,Traeger-A1A1,34.11421204,-117.621315,3C:71:BF,5,wpa2,2026-05-28T23:00:00.000Z,2026-06-04T21:00:00.000Z,Rancho Cucamonga,CA,US,Alta Cuesta Drive,91730
3C:71:BF:99:A2:BD,Traeger-A2BD,34.96994781,-80.60209656,3C:71:BF,5,wpa2,2025-06-02T00:00:00.000Z,2025-06-08T11:00:00.000Z,,NC,US,Waxhaw Highway,28112:28173
3C:71:BF:99:A3:E9,Traeger-A3E9,40.72418976,-96.69244385,3C:71:BF,5,wpa2,2020-01-21T16:00:00.000Z,2026-05-17T17:00:00.000Z,Lincoln,NE,US,South 27th Street,68502
3C:71:BF:99:A4:9D,Traeger-A49D,34.99263,-91.51027679,3C:71:BF,5,wpa2,2025-06-06T22:00:00.000Z,2025-06-06T16:00:00.000Z,,AR,US,AR 11,72040
3C:71:BF:99:A6:95,Traeger-A695,44.05324936,-103.14163208,3C:71:BF,5,wpa2,2022-08-07T19:00:00.000Z,2025-09-25T14:00:00.000Z,,SD,US,SD Highway 44,57703-6649
3C:71:BF:99:A8:B1,Traeger-A8B1,47.16649628,-122.2542038,3C:71:BF,5,wpa2,2023-12-22T00:00:00.000Z,2025-07-11T07:00:00.000Z,,WA,US,Shaw Road,98347
3C:71:BF:99:A8:C9,Traeger-A8C9,43.52215576,-96.74680328,3C:71:BF,5,wpa2,2026-02-03T07:00:00.000Z,2026-02-03T00:00:00.000Z,Sioux Falls,SD,US,West 33rd Street,57105
3C:71:BF:99:A8:E1,Traeger-A8E1,42.24208832,-97.02531433,3C:71:BF,5,wpa2,2024-12-25T17:00:00.000Z,2024-12-25T16:00:00.000Z,,NE,US,Westwood Road,68787-1172
3C:71:BF:99:A9:C5,Traeger-A9C5,39.26117706,-86.52324677,3C:71:BF,5,wpa2,2024-06-18T03:00:00.000Z,2024-09-16T13:00:00.000Z,,IN,US,I 69;SR 37,
3C:71:BF:99:AA:F1,Traeger-AAF1,33.45294952,-82.19306183,3C:71:BF,5,wpa2,2025-02-06T20:00:00.000Z,2025-02-06T14:00:00.000Z,,GA,US,4th Avenue,30813
3C:71:BF:99:AB:45,Traeger-AB45,44.73799133,-93.42375946,3C:71:BF,5,wpa2,2025-09-18T15:00:00.000Z,2025-09-21T18:00:00.000Z,,MN,US,Rosewood Road Northeast,55372
3C:71:BF:99:AC:25,Traeger-AC25,45.27141571,-75.25469208,3C:71:BF,5,wpa2,2025-09-19T21:00:00.000Z,2026-05-30T20:00:00.000Z,,Ontario,CA,St Joseph Road,K0A 1W0
3C:71:BF:99:AF:95,Traeger-AF95,40.39491272,-105.06574249,3C:71:BF,5,wpa2,2020-06-01T19:00:00.000Z,2025-07-23T11:00:00.000Z,,CO,US,Civic Center Trail,80537-3922
3C:71:BF:99:B0:99,Traeger-B099,32.99726105,-85.31765747,3C:71:BF,5,wpa2,2024-12-30T22:00:00.000Z,2024-12-30T15:00:00.000Z,,AL,US,Five Points-Fredonia Road,36855
3C:71:BF:99:B1:61,Traeger-B161,35.63779831,-117.6965332,3C:71:BF,5,wpa2,2025-08-23T17:00:00.000Z,2025-08-23T11:00:00.000Z,,CA,US,North Mahan Street,93555-2508
3C:71:BF:99:B1:CD,Traeger-B1CD,43.64305878,-116.27546692,3C:71:BF,1,wpa2,2026-03-16T21:00:00.000Z,2026-04-24T16:00:00.000Z,Boise,ID,US,North Mountain View Drive,83704
3C:71:BF:99:B2:4D,Traeger-B24D,47.78841782,-116.9056015,3C:71:BF,5,wpa2,2026-07-03T23:00:00.000Z,2026-07-03T18:00:00.000Z,,ID,US,West Lancaster Road,83858
3C:71:BF:99:B3:E5,Traeger-B3E5,29.58070564,-98.28141022,3C:71:BF,5,wpa2,2024-11-28T18:00:00.000Z,2024-12-09T09:00:00.000Z,,TX,US,Schertz Parkway,78154
3C:71:BF:99:B8:49,Traeger-B849,37.75125122,-121.12823486,3C:71:BF,1,wep,2026-01-11T00:00:00.000Z,2026-01-20T14:00:00.000Z,,CA,US,West Shasta Avenue,95366
3C:71:BF:99:BC:11,Traeger-BC11,40.36745071,-111.73325348,3C:71:BF,5,wpa2,2026-01-09T17:00:00.000Z,2026-01-09T11:00:00.000Z,,UT,US,North 400 East,84062
3C:71:BF:99:BD:01,Traeger-BD01,43.24670792,-80.26206207,3C:71:BF,5,wpa2,2026-04-02T14:00:00.000Z,2026-04-02T10:00:00.000Z,,Ontario,CA,Scott Street,N0E 1N0
3C:71:BF:99:CF:89,ESP_99CF89,32.98052216,-117.05632019,3C:71:BF,1,none,2025-02-09T19:00:00.000Z,2025-02-09T12:00:00.000Z,Poway,CA,US,Hedgetree Court,92064
3C:71:BF:99:E4:F0,,39.92734909,-75.06971741,3C:71:BF,1,wpa2,2026-06-02T14:00:00.000Z,2026-06-02T10:00:00.000Z,,NJ,US,North Park Drive,08109
3C:71:BF:99:E5:70,,33.71381378,-117.91808319,3C:71:BF,2,none,2026-08-01T15:00:00.000Z,2026-08-01T21:00:00.000Z,Santa Ana,CA,US,West Warner Avenue,92704-7096
3C:71:BF:9A:60:ED,BarGraqh,35.72888184,139.72029114,3C:71:BF,1,wpa2,2025-06-01T02:00:00.000Z,2025-06-02T04:00:00.000Z,豊島区,東池袋三丁目,JP,文化会館3階高速荷捌所出口,170-0013
3C:71:BF:9A:88:85,Traeger-8885,33.18264008,-96.49888611,3C:71:BF,5,wpa2,2025-02-09T23:00:00.000Z,2025-02-13T06:00:00.000Z,Princeton,TX,US,East College Street,75407
3C:71:BF:9A:89:A9,Traeger-89A9,43.83395386,-80.85206604,3C:71:BF,5,wpa2,2025-12-03T12:00:00.000Z,2025-12-03T20:00:00.000Z,,Ontario,CA,Henry Lane,N0G 2P0
3C:71:BF:9A:89:F1,Traeger-89F1,42.07336044,-83.03590393,3C:71:BF,5,wpa2,2025-11-02T18:00:00.000Z,2025-11-07T13:00:00.000Z,,Ontario,CA,6th Concession South,N9V 2Y8
3C:71:BF:9A:8A:81,Traeger-8A81,32.83537674,-97.16378021,3C:71:BF,5,wpa2,2026-07-07T00:00:00.000Z,2026-07-06T18:00:00.000Z,,TX,US,Tennis Drive,76022
3C:71:BF:9A:8C:75,Traeger-8C75,41.11050415,-112.08394623,3C:71:BF,5,wpa2,2024-04-24T21:00:00.000Z,2024-09-24T18:00:00.000Z,,UT,US,SR-193,84075
3C:71:BF:9A:8C:A9,Traeger-8CA9,40.96214676,-81.89916229,3C:71:BF,5,wpa2,2025-03-27T02:00:00.000Z,2026-05-28T04:00:00.000Z,,OH,US,South Main Street,44217
3C:71:BF:9A:8D:21,Traeger-8D21,42.50086212,-96.48752594,3C:71:BF,5,wpa2,2025-05-17T20:00:00.000Z,2025-05-17T15:00:00.000Z,,SD,US,I 29,57049
3C:71:BF:9A:8D:E9,Traeger-8DE9,43.50022888,-111.93822479,3C:71:BF,5,wpa2,2024-10-26T01:00:00.000Z,2024-10-26T00:00:00.000Z,,ID,US,East 9th North,83427
3C:71:BF:9A:8F:45,Traeger-8F45,27.89857674,-81.97346497,3C:71:BF,5,wpa2,2026-08-08T15:00:00.000Z,2026-08-08T09:00:00.000Z,,FL,US,Northeast 5th Street,33860
3C:71:BF:9A:98:95,Traeger-9895,32.33450699,-97.41744232,3C:71:BF,5,wpa2,2026-04-25T03:00:00.000Z,2026-04-24T20:00:00.000Z,Cleburne,TX,US,Hyde Park Boulevard,76033
3C:71:BF:9A:98:DD,Traeger-98DD,33.46614456,-94.46757507,3C:71:BF,5,wpa2,2021-04-25T14:00:00.000Z,2024-10-20T13:00:00.000Z,,TX,US,I 30,75570
3C:71:BF:9A:98:F5,Traeger-98F5,35.17814636,-106.56140137,3C:71:BF,5,wpa2,2026-04-03T22:00:00.000Z,2026-04-05T16:00:00.000Z,Albuquerque,NM,US,Wyoming Boulevard Northeast,87113-1947
3C:71:BF:9A:99:11,Traeger-9911,42.87436295,-71.49620056,3C:71:BF,5,wpa2,2026-04-04T18:00:00.000Z,2026-04-04T16:00:00.000Z,,NH,US,Everett Turnpike,03054
3C:71:BF:9A:9C:DD,Traeger-9CDD,40.38870621,-111.82222748,3C:71:BF,5,wpa2,2021-05-07T16:00:00.000Z,2026-03-18T07:00:00.000Z,,UT,US,West 500 North (American Fork),84003
3C:71:BF:9A:9F:11,Traeger-9F11,32.05848694,-110.7040863,3C:71:BF,5,wpa2,2024-12-03T01:00:00.000Z,2026-08-07T21:00:00.000Z,,AZ,US,East Hampden Way,85641
3C:71:BF:9A:9F:99,Traeger-9F99,39.01091003,-97.20375061,3C:71:BF,5,wpa2,2025-04-14T22:00:00.000Z,2026-02-09T16:00:00.000Z,,KS,US,Eisenhower Memorial Highway,67410
3C:71:BF:9A:9F:E9,Traeger-9FE9,45.80841446,-88.09781647,3C:71:BF,5,wpa2,2025-05-21T14:00:00.000Z,2026-06-29T17:00:00.000Z,,MI,US,Westwood Avenue,49802
3C:71:BF:9A:A0:19,Traeger-A019,41.49626923,-90.50668335,3C:71:BF,5,wpa2,2025-04-04T21:00:00.000Z,2025-04-04T15:00:00.000Z,Moline,IL,US,I 74;US 6,61265
3C:71:BF:9A:A0:BD,Traeger-A0BD,39.01143265,-94.65013123,3C:71:BF,5,wpa2,2026-01-21T14:00:00.000Z,2026-01-21T09:00:00.000Z,,KS,US,Maple Drive,66202
3C:71:BF:9A:A4:61,Traeger-A461,31.97796822,-110.96826935,3C:71:BF,5,wpa2,2026-04-25T01:00:00.000Z,2026-05-23T11:00:00.000Z,,AZ,US,South John Tyler Place,85629
3C:71:BF:9A:A4:F9,Traeger-A4F9,47.73490143,-95.50977325,3C:71:BF,5,wpa2,2026-05-24T19:00:00.000Z,2026-05-24T20:00:00.000Z,,MN,US,Railroad Street,56644
3C:71:BF:9A:A6:41,Traeger-A641,39.9033699,-105.06876373,3C:71:BF,5,wpa2,2026-08-05T18:00:00.000Z,2026-08-05T12:00:00.000Z,Westminster,CO,US,West 114th Avenue,80020
3C:71:BF:9A:A7:19,Traeger-A719,34.88981247,-92.10440826,3C:71:BF,5,wpa2,2024-02-10T19:00:00.000Z,2025-11-02T19:00:00.000Z,,AR,US,US 67;US 167,72076-3157
3C:71:BF:9A:A7:49,Traeger-A749,51.04361725,-114.17369843,3C:71:BF,5,wpa2,2025-07-09T20:00:00.000Z,2025-07-11T10:00:00.000Z,Calgary,Alberta,CA,Strathcona Road SW,T3H 2N5
3C:71:BF:9A:A7:D1,Traeger-A7D1,44.87175751,-123.00123596,3C:71:BF,5,wpa2,2023-07-31T17:00:00.000Z,2026-05-31T20:00:00.000Z,Salem,OR,US,Robert Hugh Baldock Freeway,97306
3C:71:BF:9A:A8:89,Traeger-A889,37.73864746,-97.47727966,3C:71:BF,5,wep,2026-05-26T19:00:00.000Z,2026-05-26T13:00:00.000Z,Wichita,KS,US,North Landon Circle,67205
3C:71:BF:9A:A9:35,Traeger-A935,61.12026978,-149.86091614,3C:71:BF,1,wpa2,2026-06-16T23:00:00.000Z,2026-07-15T15:00:00.000Z,,AK,US,East 112th Avenue,99515
3C:71:BF:9A:A9:5D,Traeger-A95D,34.03617859,-118.50348663,3C:71:BF,5,wpa2,2024-11-03T19:00:00.000Z,2024-11-03T15:00:00.000Z,Santa Monica,CA,US,12th Street,90292
3C:71:BF:9A:AA:3D,Traeger-AA3D,39.747612,-105.0657196,3C:71:BF,5,wpa2,2023-12-25T20:00:00.000Z,2025-08-03T14:00:00.000Z,,CO,US,West 20th Avenue,80214
3C:71:BF:9A:AB:E5,Traeger-ABE5,40.6714859,-94.72135925,3C:71:BF,5,wpa2,2025-05-07T19:00:00.000Z,2025-05-07T16:00:00.000Z,,IA,US,Madison Street,50833
3C:71:BF:9A:AD:0D,Traeger-AD0D,41.91562653,-87.71074677,3C:71:BF,5,wpa2,2024-06-06T19:00:00.000Z,2025-05-07T14:00:00.000Z,Chicago,IL,US,North Spaulding Avenue,60647
3C:71:BF:9A:AE:1D,Traeger-AE1D,46.85778427,-114.00622559,3C:71:BF,5,wpa2,2025-08-08T18:00:00.000Z,2025-10-28T16:00:00.000Z,Missoula,MT,US,Woodford Avenue,59801
3C:71:BF:9A:B0:09,Traeger-B009,30.53006554,-97.56474304,3C:71:BF,5,wpa2,2022-11-05T18:00:00.000Z,2026-08-07T13:00:00.000Z,,TX,US,Chris Kelley Boulevard,78634
3C:71:BF:9A:B2:7D,Traeger-B27D,44.03308105,-103.20501709,3C:71:BF,5,wpa2,2025-01-21T14:00:00.000Z,2026-02-26T15:00:00.000Z,Rapid City,SD,US,East Catron Boulevard,57701
3C:71:BF:9A:B5:71,Traeger-B571,48.66420746,-116.31005096,3C:71:BF,5,wpa2,2025-02-27T22:00:00.000Z,2025-02-27T14:00:00.000Z,,ID,US,Paradise Valley Road,83503
3C:71:BF:9A:B5:81,Traeger-B581,33.58988571,-117.17818451,3C:71:BF,5,wpa2,2025-04-26T18:00:00.000Z,2025-04-26T23:00:00.000Z,Murrieta,CA,US,Snowfield Street,92563
3C:71:BF:9A:B6:4D,Traeger-B64D,43.92662048,-90.7952652,3C:71:BF,5,wpa2,2020-01-27T17:00:00.000Z,2026-02-23T02:00:00.000Z,,WI,US,Igloo Road,54656
3C:71:BF:9A:B6:75,Traeger-B675,39.79786301,-85.51564789,3C:71:BF,5,wpa2,2025-05-24T21:00:00.000Z,2025-05-24T16:00:00.000Z,,IN,US,National Road,46148
3C:71:BF:9A:B7:55,Traeger-B755,47.12195206,-122.40483093,3C:71:BF,5,wpa2,2026-01-30T03:00:00.000Z,2026-01-29T20:00:00.000Z,,WA,US,18th Avenue Court East,98445
3C:71:BF:9A:B7:5D,Traeger-B75D,38.48241806,-101.08541107,3C:71:BF,5,wpa2,2026-04-28T21:00:00.000Z,2026-04-30T17:00:00.000Z,,KS,US,KS 96,67871
3C:71:BF:9A:C2:09,Netzwerk1,46.9483223,15.85384464,3C:71:BF,1,wpa2,2024-09-18T09:00:00.000Z,2024-09-18T04:00:00.000Z,,Steiermark,AT,Saazerstraße,8330
3C:71:BF:9A:FA:45,ESP_9AFA45,29.54490089,-95.39026642,3C:71:BF,1,unknown,2025-02-14T21:00:00.000Z,2025-02-14T23:00:00.000Z,,TX,US,Business Center Drive,77584
3C:71:BF:9B:53:3D,ESP_9B533D,33.83961105,-117.91725159,3C:71:BF,1,unknown,2024-04-02T01:00:00.000Z,2025-01-25T18:00:00.000Z,Anaheim,CA,US,North Lemon Street,92805
3C:71:BF:9B:5D:50,,38.56380081,-85.76394653,3C:71:BF,1,unknown,2024-09-17T03:00:00.000Z,2025-07-16T18:00:00.000Z,,IN,US,US Highway 31,47177
3C:71:BF:9B:88:21,ESP_9B8821,38.89650345,-104.68292236,3C:71:BF,1,unknown,2025-11-25T19:00:00.000Z,2025-11-25T17:00:00.000Z,Colorado Springs,CO,US,Marksheffel Road,80938
3C:71:BF:9B:8E:D4,,38.24505234,-85.697052,3C:71:BF,0,wpa2,2026-01-29T11:00:00.000Z,2026-01-29T17:00:00.000Z,Louisville,KY,US,Lexington Road,40207
3C:71:BF:9B:92:41,ESP_9B9241,40.25901413,-75.22248077,3C:71:BF,1,unknown,2026-05-06T14:00:00.000Z,2026-05-06T07:00:00.000Z,,PA,US,Beacon Court,19446
3C:71:BF:9B:B3:F0,,39.92702103,-86.0308075,3C:71:BF,1,unknown,2024-09-17T03:00:00.000Z,2025-07-16T18:00:00.000Z,Indianapolis,IN,US,East 96th Street,46038
3C:71:BF:9C:28:48,,39.99640656,-85.98725891,3C:71:BF,10,unknown,2024-09-17T03:00:00.000Z,2025-07-16T18:00:00.000Z,,IN,US,Orange Blossom Trail,46038
3C:71:BF:9C:2D:B5,ESP_9C2DB5,30.37978554,-97.67451477,3C:71:BF,1,none,2025-03-31T17:00:00.000Z,2025-04-01T07:00:00.000Z,Austin,TX,US,I 35,78753
3C:71:BF:9C:4E:A5,ESP_9C4EA5,27.79327393,-82.65904999,3C:71:BF,1,unknown,2025-11-12T14:00:00.000Z,2025-11-13T10:00:00.000Z,Saint Petersburg,FL,US,19th Street North,33713
3C:71:BF:9C:5A:1C,,34.05277634,-118.29302216,3C:71:BF,1,wpa2,2026-07-27T20:00:00.000Z,2026-07-27T15:00:00.000Z,Los Angeles,CA,US,West Olympic Boulevard,90064
3C:71:BF:9C:7D:C8,,36.28061295,-115.25158691,3C:71:BF,0,unknown,2025-05-16T18:00:00.000Z,2025-05-20T15:00:00.000Z,Las Vegas,NV,US,North Tenaya Way,89131
3C:71:BF:9C:9D:35,POD_9C9D35_v1.0.2,46.72970581,-117.00419617,3C:71:BF,1,unknown,2025-05-10T07:00:00.000Z,2025-05-10T02:00:00.000Z,,ID,US,West 6th Street,83843
3C:71:BF:9C:C0:9C,,39.86621857,-86.1341095,3C:71:BF,6,unknown,2026-08-08T21:00:00.000Z,2026-08-08T18:00:00.000Z,Indianapolis,IN,US,Rosslyn Avenue,46220
3C:71:BF:9D:0A:E1,OpenDTU-10291936,48.81029892,9.44421577,3C:71:BF,13,wpa2,2025-06-24T15:00:00.000Z,2025-06-24T09:00:00.000Z,Remshalden,Baden-Württemberg,DE,Marienstraße,73630
3C:71:BF:9D:24:71,TitecOyTPD00002117,60.39585495,25.02203178,3C:71:BF,1,unknown,2025-10-23T12:00:00.000Z,2025-11-21T06:00:00.000Z,,Manner-Suomi,FI,Kievarinkaari,04300
3C:71:BF:9D:A2:C1,MultiSensor,42.31272888,-83.04349518,3C:71:BF,1,wpa2,2026-06-29T04:00:00.000Z,2026-06-30T13:00:00.000Z,Windsor,Ontario,CA,Janette Avenue,N9A 5P8
3C:71:BF:9D:DA:C1,ZOEDISPLAY,48.94340134,9.13933945,3C:71:BF,1,wpa2,2025-11-27T19:00:00.000Z,2025-11-29T03:00:00.000Z,,Baden-Württemberg,DE,Etzelstraße,74321
3C:71:BF:9E:1C:49,Wordclock,52.48727417,13.34515858,3C:71:BF,12,wpa2,2020-06-07T21:00:00.000Z,2025-07-27T06:00:00.000Z,Berlin,Tempelhof-Schöneberg,DE,Martin-Luther-Straße,10825
3C:71:BF:9E:1E:2D,Akut Fallback Hotspot,60.18847656,24.74235535,3C:71:BF,1,wpa2,2026-05-20T18:00:00.000Z,2026-05-20T11:00:00.000Z,Espoo,Manner-Suomi,FI,Henttaan puistokatu,02250
3C:71:BF:9E:37:D9,tasmota-9E37D8-6104,49.18074036,16.6064682,3C:71:BF,1,unknown,2025-11-20T12:00:00.000Z,2025-11-20T04:00:00.000Z,Brno,Jihovýchod,CZ,,656 70
3C:71:BF:A1:63:5D,com-lteqt-wlan-635c,17.04529762,-96.70626831,3C:71:BF,6,wpa2,2025-05-15T14:00:00.000Z,2025-05-16T18:00:00.000Z,,Oaxaca,MX,Calle 16 de Septiembre,68130
3C:71:BF:A1:7C:80,,43.75547409,-70.62141418,3C:71:BF,1,unknown,2024-08-25T19:00:00.000Z,2025-08-08T12:00:00.000Z,,ME,US,Pequawket Trail,04085
3C:71:BF:A1:82:DD,com-lteqt-wlan-82dc,17.04544258,-96.70624542,3C:71:BF,6,wpa2,2025-05-15T14:00:00.000Z,2025-05-16T18:00:00.000Z,,Oaxaca,MX,Calle 16 de Septiembre,68130
3C:71:BF:A6:DF:19,Corriente2,6.29177046,-75.44999695,3C:71:BF,11,wpa2,2025-02-05T23:00:00.000Z,2025-02-05T16:00:00.000Z,,Antioquia,CO,Autopista Medellín-Bogotá,
3C:71:BF:A6:F2:C9,ESP_A6F2C9,37.39925003,-122.10946655,3C:71:BF,1,unknown,2024-10-10T18:00:00.000Z,2024-10-10T21:00:00.000Z,Mountain View,CA,US,West El Camino Real,94040
3C:71:BF:AA:58:31,AutoTrolling,62.58460999,29.77815437,3C:71:BF,1,unknown,2024-11-19T17:00:00.000Z,2025-12-07T06:00:00.000Z,Joensuu,Manner-Suomi,FI,Tapionkatu,80230
3C:71:BF:AB:23:A1,WLED-AP,53.56221008,9.98578835,3C:71:BF,1,wpa2,2025-12-26T19:00:00.000Z,2025-12-30T08:00:00.000Z,Hamburg,Rotherbaum,DE,Edmund-Siemers-Allee,20355
3C:71:BF:AB:46:0D,WLED-AP,47.33523941,5.06794405,3C:71:BF,1,wpa2,2026-02-28T12:00:00.000Z,2026-03-01T21:00:00.000Z,Dijon,Bourgogne-Franche-Comté,FR,Avenue Champollion,21000
3C:71:BF:AC:04:E9,Traeger-04E9,40.55250549,-105.08542633,3C:71:BF,5,wpa2,2025-10-27T12:00:00.000Z,2025-10-27T07:00:00.000Z,Fort Collins,CO,US,West Drake Road,80525-2137
3C:71:BF:AC:1B:C5,Traeger-1BC5,44.95900345,-123.05392456,3C:71:BF,5,wpa2,2024-04-03T14:00:00.000Z,2026-06-24T17:00:00.000Z,Salem,OR,US,Wallace Road Northwest,97304
3C:71:BF:AC:3C:21,Traeger-3C21,42.35082245,-81.90930176,3C:71:BF,5,wpa2,2025-05-22T16:00:00.000Z,2025-05-22T09:00:00.000Z,,Ontario,CA,Talbot Line,N0P 1X0
3C:71:BF:AC:3C:71,Traeger-3C71,37.5146637,-120.81902313,3C:71:BF,5,wep,2026-04-02T16:00:00.000Z,2026-07-28T10:00:00.000Z,Turlock,CA,US,East Tuolumne Road,95382
3C:71:BF:AC:3E:35,Traeger-3E35,43.22985077,-87.98396301,3C:71:BF,5,wpa2,2025-02-22T18:00:00.000Z,2025-05-27T04:00:00.000Z,,WI,US,South Main Street,53092
3C:71:BF:AC:3E:CD,Traeger-3ECD,47.42746735,-122.61064911,3C:71:BF,5,wpa2,2025-09-13T17:00:00.000Z,2025-09-14T12:00:00.000Z,,WA,US,Bandix Road Southeast,98359
3C:71:BF:AC:40:25,Traeger-4025,47.65337372,-117.24685669,3C:71:BF,5,wpa2,2021-08-04T01:00:00.000Z,2026-08-12T11:00:00.000Z,,WA,US,East 4th Avenue,99206
3C:71:BF:AC:40:C5,Traeger-40C5,53.53414536,-113.49327087,3C:71:BF,5,wpa2,2025-06-08T08:00:00.000Z,2025-06-09T00:00:00.000Z,Edmonton,Alberta,CA,97 Avenue NW,T5K 2E9
3C:71:BF:AC:46:31,Traeger-4631,40.64836121,-74.33092499,3C:71:BF,5,wpa2,2022-08-03T17:00:00.000Z,2025-08-29T17:00:00.000Z,,NJ,US,Spruce Avenue,07027
3C:71:BF:AC:48:7D,Traeger-487D,47.73384476,-117.50593567,3C:71:BF,5,wpa2,2025-08-06T19:00:00.000Z,2025-08-06T13:00:00.000Z,,WA,US,North Nine Mile Road,99208
3C:71:BF:AC:4C:E5,Traeger-4CE5,37.10778809,-121.63524628,3C:71:BF,5,wpa2,2025-07-11T20:00:00.000Z,2025-12-17T06:00:00.000Z,,CA,US,Butterfield Boulevard,95037-5921
3C:71:BF:AC:4E:6D,Traeger-4E6D,38.63872147,-121.32250214,3C:71:BF,5,wpa2,2025-03-21T00:00:00.000Z,2025-03-20T18:00:00.000Z,,CA,US,Geyser Lane,95608
3C:71:BF:AC:4F:21,Traeger-4F21,41.03837204,-111.96729279,3C:71:BF,5,wpa2,2026-01-11T00:00:00.000Z,2026-01-10T16:00:00.000Z,,UT,US,West 200 North,84037
3C:71:BF:AC:4F:75,Traeger-4F75,41.83473587,-94.09098053,3C:71:BF,5,wpa2,2024-10-06T17:00:00.000Z,2024-10-06T10:00:00.000Z,,IA,US,Iowa Street,50220
3C:71:BF:AC:50:35,Traeger-5035,40.79898834,-77.91850281,3C:71:BF,5,wpa2,2024-10-24T22:00:00.000Z,2024-10-25T08:00:00.000Z,State College,PA,US,Valley Vista Drive,16803
3C:71:BF:AC:51:99,Traeger-5199,39.35153961,-94.22944641,3C:71:BF,5,wpa2,2024-09-19T02:00:00.000Z,2024-09-18T22:00:00.000Z,,MO,US,Ridgeway Avenue,64024
3C:71:BF:AC:54:41,Traeger-5441,44.0488472,-123.35012817,3C:71:BF,5,wpa2,2025-02-12T18:00:00.000Z,2025-02-12T16:00:00.000Z,,OR,US,East Hunter Road,97487
3C:71:BF:AC:5D:11,Traeger-5D11,40.63215256,-112.31177521,3C:71:BF,5,wpa2,2020-08-30T11:00:00.000Z,2025-10-04T09:00:00.000Z,,UT,US,West Village Boulevard,84704
3C:71:BF:AC:5E:C9,Traeger-5EC9,46.40282059,-105.82352448,3C:71:BF,5,wpa2,2024-10-25T20:00:00.000Z,2025-05-04T12:00:00.000Z,,MT,US,Stower Street,59301
3C:71:BF:AC:62:39,Traeger-6239,42.33519363,-98.28199005,3C:71:BF,5,wpa2,2026-01-01T01:00:00.000Z,2025-12-31T22:00:00.000Z,,NE,US,Highway 20,68764
3C:71:BF:AC:62:89,Traeger-6289,41.12875366,-92.90768433,3C:71:BF,5,wpa2,2023-07-04T20:00:00.000Z,2024-10-27T06:00:00.000Z,,IA,US,South E Avenue,50150
3C:71:BF:AC:62:9D,Traeger-629D,42.44746017,-123.3106842,3C:71:BF,5,wpa2,2026-03-20T01:00:00.000Z,2026-03-19T18:00:00.000Z,,OR,US,Northeast 11th Street,97526
3C:71:BF:AC:63:21,Traeger-6321,44.44274521,-81.39537811,3C:71:BF,5,wpa2,2024-10-06T21:00:00.000Z,2025-10-15T01:00:00.000Z,,Ontario,CA,Market Street,N0H 2C0
3C:71:BF:AC:64:D9,Traeger-64D9,39.78668976,-77.34483337,3C:71:BF,5,wpa2,2026-01-15T15:00:00.000Z,2026-01-15T17:00:00.000Z,,PA,US,Bullfrog Road,
3C:71:BF:AC:65:05,Traeger-6505,42.69799805,-73.80621338,3C:71:BF,5,wpa2,2025-03-11T21:00:00.000Z,2025-03-11T16:00:00.000Z,,NY,US,Frederick Avenue,12205
3C:71:BF:AC:65:D5,Traeger-65D5,38.00014877,-120.35621643,3C:71:BF,5,wpa2,2026-05-23T22:00:00.000Z,2026-05-30T19:00:00.000Z,,CA,US,Lyons Bald Mountain Road,95370
3C:71:BF:AC:67:3D,Traeger-673D,43.35018158,-80.31445312,3C:71:BF,5,wpa2,2025-04-01T12:00:00.000Z,2026-08-06T17:00:00.000Z,Cambridge,Ontario,CA,Water Street South,N1S 2L9
3C:71:BF:AC:67:79,Traeger-6779,47.09457397,-122.4107666,3C:71:BF,5,wpa2,2022-08-11T12:00:00.000Z,2025-09-17T16:00:00.000Z,,WA,US,14th Avenue East,98387-8412
3C:71:BF:AC:68:F9,Traeger-68F9,34.75101852,-92.3092041,3C:71:BF,5,wpa2,2026-02-06T16:00:00.000Z,2026-02-06T08:00:00.000Z,Little Rock,AR,US,West Markham Street,72205-4427
3C:71:BF:AC:AD:E1,Traeger-ADE1,42.82529449,-73.49645233,3C:71:BF,5,wpa2,2026-07-25T14:00:00.000Z,2026-07-25T14:00:00.000Z,,NY,US,NY 7,
3C:71:BF:AC:AD:E5,Traeger-ADE5,40.77298355,-73.01683044,3C:71:BF,5,wpa2,2026-04-09T01:00:00.000Z,2026-04-08T18:00:00.000Z,,NY,US,Jennings Avenue,11772
3C:71:BF:AC:AE:15,Traeger-AE15,53.60548782,-113.47120667,3C:71:BF,5,wpa2,2024-08-31T06:00:00.000Z,2024-09-02T00:00:00.000Z,Edmonton,Alberta,CA,143 Avenue NW,T5E 3G7
3C:71:BF:AC:AE:ED,Traeger-AEED,47.79975128,-116.89622498,3C:71:BF,5,wpa2,2026-07-29T19:00:00.000Z,2026-08-08T20:00:00.000Z,,ID,US,West Arizona Street,83858
3C:71:BF:AC:AF:21,Traeger-AF21,32.26550674,-85.16467285,3C:71:BF,5,wpa2,2024-10-17T20:00:00.000Z,2024-10-17T16:00:00.000Z,,AL,US,Old Seal Highway,
3C:71:BF:AC:AF:91,Traeger-AF91,48.49041367,-122.67046356,3C:71:BF,5,wpa2,2025-04-11T21:00:00.000Z,2025-04-11T19:00:00.000Z,,WA,US,Kingsway,98221
3C:71:BF:AC:B1:69,Traeger-B169,37.96121597,-121.33279419,3C:71:BF,5,wpa2,2022-09-19T23:00:00.000Z,2025-10-01T12:00:00.000Z,Stockton,CA,US,Shimizu Drive,95204
3C:71:BF:AC:B1:E5,Traeger-B1E5,48.42881775,-122.30265045,3C:71:BF,5,wpa2,2026-05-20T23:00:00.000Z,2026-05-20T17:00:00.000Z,,WA,US,North 30th Street,98273
3C:71:BF:AC:B3:B5,Traeger-B3B5,45.52552795,-122.62262726,3C:71:BF,5,wpa2,2024-06-08T23:00:00.000Z,2026-08-08T19:00:00.000Z,Portland,OR,US,Northeast César E. Chávez Boulevard,97232
3C:71:BF:AC:B5:01,Traeger-B501,47.71313095,-117.4364624,3C:71:BF,5,wpa2,2026-05-11T15:00:00.000Z,2026-05-12T16:00:00.000Z,Spokane,WA,US,North Ash Street,99205
3C:71:BF:AC:B5:ED,Traeger-B5ED,54.4330864,-2.96331668,3C:71:BF,5,wpa2,2025-09-26T15:00:00.000Z,2025-09-26T09:00:00.000Z,South Lakeland,England,GB,Rydal Road,LA22 9AN
3C:71:BF:AC:B6:65,Traeger-B665,43.14904404,-115.68665314,3C:71:BF,5,wpa2,2025-07-03T01:00:00.000Z,2025-07-02T18:00:00.000Z,,ID,US,East 16th North Street,83647
3C:71:BF:AC:BC:B1,Traeger-BCB1,38.1054306,-85.8326416,3C:71:BF,5,wpa2,2024-10-20T20:00:00.000Z,2025-12-05T22:00:00.000Z,Louisville,KY,US,Stonestreet Road,40272
3C:71:BF:AC:BF:ED,Traeger-BFED,43.54064178,-80.49794769,3C:71:BF,5,wpa2,2024-10-20T17:00:00.000Z,2024-10-20T12:00:00.000Z,Woolwich,Ontario,CA,Sawmill Road,N0B 1N0
3C:71:BF:AC:C0:21,Traeger-C021,39.89039612,-86.01173401,3C:71:BF,5,wpa2,2024-04-06T10:00:00.000Z,2024-09-16T12:00:00.000Z,Indianapolis,IN,US,Lantern Lane,46256
3C:71:BF:AC:C1:D5,Traeger-C1D5,39.71126938,-104.90142059,3C:71:BF,5,wpa2,2026-02-20T23:00:00.000Z,2026-03-06T19:00:00.000Z,Denver,CO,US,East Alameda Avenue,80230
3C:71:BF:AC:C2:41,Traeger-C241,33.19739532,-97.54267883,3C:71:BF,5,wpa2,2026-08-05T00:00:00.000Z,2026-08-04T21:00:00.000Z,,TX,US,FM 2264,76234
3C:71:BF:AC:C2:E5,Traeger-C2E5,43.03889465,-88.28059387,3C:71:BF,5,wpa2,2026-07-26T03:00:00.000Z,2026-07-25T21:00:00.000Z,,WI,US,Willard Lane,53188
3C:71:BF:AC:C3:C1,Traeger-C3C1,32.98816681,-96.25803375,3C:71:BF,5,wpa2,2025-11-20T00:00:00.000Z,2025-12-07T11:00:00.000Z,Union Valley,TX,US,I 30;US 67,75189
3C:71:BF:AC:C5:5D,Traeger-C55D,34.07949066,-118.31876373,3C:71:BF,5,wpa2,2024-09-30T12:00:00.000Z,2024-09-30T08:00:00.000Z,Los Angeles,CA,US,North Irving Boulevard,90029-3737
3C:71:BF:AC:C6:51,Traeger-C651,32.27779388,-110.88547516,3C:71:BF,5,wpa2,2026-04-28T12:00:00.000Z,2026-05-23T11:00:00.000Z,,AZ,US,North Camino Sinuoso,85718-4525
3C:71:BF:AC:C8:2D,Traeger-C82D,40.95325851,-117.48132324,3C:71:BF,5,wpa2,2022-01-05T14:00:00.000Z,2025-03-04T15:00:00.000Z,,NV,US,East Fifth Street,
3C:71:BF:AC:CB:49,Traeger-CB49,37.6795845,-97.1034317,3C:71:BF,5,wpa2,2025-12-02T19:00:00.000Z,2025-12-06T19:00:00.000Z,,KS,US,Vietnam Veterans Memorial Highway,67002
3C:71:BF:AC:CD:61,Traeger-CD61,41.85652542,-87.6160202,3C:71:BF,5,wpa2,2020-09-24T10:00:00.000Z,2025-09-25T17:00:00.000Z,Chicago,IL,US,South DuSable Lake Shore Drive,60616
3C:71:BF:AC:CD:69,Traeger-CD69,29.41477585,-98.76428986,3C:71:BF,5,wpa2,2026-03-23T19:00:00.000Z,2026-04-12T06:00:00.000Z,,TX,US,Falls Summit,
3C:71:BF:AC:CE:3D,Traeger-CE3D,40.43866348,-80.07128143,3C:71:BF,5,wpa2,2024-09-22T21:00:00.000Z,2024-09-22T17:00:00.000Z,,PA,US,West Steuben Street,15205
3C:71:BF:AC:D0:0D,Traeger-D00D,48.88621902,-122.59373474,3C:71:BF,5,wpa2,2024-06-05T19:00:00.000Z,2024-12-18T16:00:00.000Z,,WA,US,Portal Way,98240
3C:71:BF:AC:D1:21,Traeger-D121,46.04308701,-94.09809113,3C:71:BF,5,wpa2,2024-07-17T00:00:00.000Z,2025-05-07T20:00:00.000Z,,MN,US,,
3C:71:BF:AC:D2:45,Traeger-D245,32.41228485,-84.95067596,3C:71:BF,5,wpa2,2024-11-19T22:00:00.000Z,2024-11-26T16:00:00.000Z,Columbus,GA,US,Bruce Avenue,31903
3C:71:BF:AC:D3:99,Traeger-D399,39.61223602,-119.70211029,3C:71:BF,5,wpa2,2024-09-25T22:00:00.000Z,2024-11-25T23:00:00.000Z,,NV,US,Wingfield Hills Road,98436
3C:71:BF:AC:D5:3D,Traeger-D53D,42.74972534,-95.75273895,3C:71:BF,5,wpa2,2020-07-24T14:00:00.000Z,2025-04-27T14:00:00.000Z,,IA,US,530th Street,51035
3C:71:BF:AC:D7:A5,Traeger-D7A5,49.9231987,-119.41957855,3C:71:BF,5,wpa2,2023-11-23T04:00:00.000Z,2025-12-04T17:00:00.000Z,Kelowna,British Columbia,CA,Sexsmith Road,V1X 7T5
3C:71:BF:AC:D9:D5,Traeger-D9D5,40.82191467,-96.61804962,3C:71:BF,5,wpa2,2026-03-23T17:00:00.000Z,2026-03-23T11:00:00.000Z,Lincoln,NE,US,East Avon Lane,68505
3C:71:BF:AC:DA:91,Traeger-DA91,33.5753479,-117.25079346,3C:71:BF,5,wpa2,2025-06-10T03:00:00.000Z,2025-06-12T03:00:00.000Z,Murrieta,CA,US,Via Moreno,92564
3C:71:BF:AC:DB:A5,Traeger-DBA5,32.64295959,-116.94023895,3C:71:BF,5,wpa2,2026-01-17T20:00:00.000Z,2026-05-24T07:00:00.000Z,Chula Vista,CA,US,Blue Sage Way,91915
3C:71:BF:AC:DC:2D,Traeger-DC2D,41.8325386,-88.03622437,3C:71:BF,5,wpa2,2025-08-16T03:00:00.000Z,2025-08-15T20:00:00.000Z,,IL,US,Butterfield Road,60148
3C:71:BF:AC:DC:99,Traeger-DC99,41.57997894,-90.58940887,3C:71:BF,5,wpa2,2025-12-25T03:00:00.000Z,2025-12-24T19:00:00.000Z,Davenport,IA,US,Lillie Avenue,52806
3C:71:BF:AC:DD:25,Traeger-DD25,43.52547073,-96.6396637,3C:71:BF,5,wpa2,2025-07-17T12:00:00.000Z,2025-07-17T09:00:00.000Z,,SD,US,South Canyon Avenue,57110
3C:71:BF:AC:E0:A1,Traeger-E0A1,32.26012039,-80.90504456,3C:71:BF,5,wpa2,2025-11-27T17:00:00.000Z,2025-11-27T14:00:00.000Z,,SC,US,Buckwalter Parkway,29910
3C:71:BF:AC:E0:BD,Traeger-E0BD,40.47866058,-79.98662567,3C:71:BF,5,wpa2,2026-03-30T14:00:00.000Z,2026-04-01T11:00:00.000Z,,PA,US,Mount Troy Road,15214
3C:71:BF:AC:E1:05,Traeger-E105,41.87396622,-111.82535553,3C:71:BF,5,wpa2,2025-05-05T18:00:00.000Z,2026-02-15T02:00:00.000Z,,UT,US,North Main Street,84335
3C:71:BF:AC:E1:F9,Traeger-E1F9,55.18082809,-118.82355499,3C:71:BF,5,wpa2,2026-08-09T10:00:00.000Z,2026-08-09T04:00:00.000Z,Grande Prairie,Alberta,CA,110 Street,T8V 7Y5
3C:71:BF:AC:E5:65,Traeger-E565,44.91489792,-93.11531067,3C:71:BF,5,wpa2,2024-11-26T05:00:00.000Z,2025-03-06T09:00:00.000Z,,MN,US,State Highway 13,55118
3C:71:BF:AC:E9:C5,Traeger-E9C5,41.20407867,-96.03514862,3C:71:BF,5,wpa2,2025-05-27T22:00:00.000Z,2025-05-27T15:00:00.000Z,,NE,US,Oakwood Street,68127
3C:71:BF:AC:EA:DD,Traeger-EADD,37.4042511,-122.05131531,3C:71:BF,5,wpa2,2025-09-06T06:00:00.000Z,2025-09-20T03:00:00.000Z,Mountain View,CA,US,Ellis Street,94035-0016
3C:71:BF:AC:EC:3D,Traeger-EC3D,33.05740738,-96.75318909,3C:71:BF,5,wpa2,2024-03-25T16:00:00.000Z,2025-11-08T11:00:00.000Z,Plano,TX,US,West Spring Creek Parkway,75023
3C:71:BF:AC:F0:ED,Traeger-F0ED,40.61751175,-111.82025909,3C:71:BF,5,wpa2,2025-05-12T20:00:00.000Z,2025-10-28T18:00:00.000Z,,UT,US,East Camelback Road,84121
3C:71:BF:AC:F1:39,Traeger-F139,41.08443832,-111.95916748,3C:71:BF,5,wpa2,2026-02-07T05:00:00.000Z,2026-05-01T17:00:00.000Z,Layton,UT,US,North Fort Lane,84041
3C:71:BF:AC:F2:75,Traeger-F275,45.02587128,-93.46131134,3C:71:BF,5,wpa2,2023-06-25T16:00:00.000Z,2025-04-11T19:00:00.000Z,,MN,US,Fernbrook Lane North,55446
3C:71:BF:AC:F3:FD,Traeger-F3FD,42.02671051,-96.09051514,3C:71:BF,5,wpa2,2022-12-29T01:00:00.000Z,2026-08-02T11:00:00.000Z,,IA,US,Iowa Avenue,51040
3C:71:BF:AC:F4:01,Traeger-F401,46.56884766,-84.27804565,3C:71:BF,5,wpa2,2026-01-31T17:00:00.000Z,2026-01-31T10:00:00.000Z,Sault Ste. Marie,Ontario,CA,Landslide Road,P6A 6J8
3C:71:BF:AC:F4:09,Traeger-F409,43.28298569,-87.99666595,3C:71:BF,5,wpa2,2026-05-02T20:00:00.000Z,2026-05-02T14:00:00.000Z,,WI,US,Sunset Lane,53012
3C:71:BF:AC:F4:99,Traeger-F499,40.38861465,-111.74945068,3C:71:BF,5,wpa2,2020-04-26T09:00:00.000Z,2026-06-06T15:00:00.000Z,,UT,US,North 600 West,84062
3C:71:BF:AC:F7:0D,Traeger-F70D,46.83454895,-92.06393433,3C:71:BF,5,wpa2,2024-11-23T19:00:00.000Z,2026-01-19T18:00:00.000Z,Duluth,MN,US,Livingston Avenue,55803
3C:71:BF:AC:F8:45,Traeger-F845,45.45423889,-75.46466827,3C:71:BF,5,wpa2,2024-12-22T16:00:00.000Z,2025-10-03T10:00:00.000Z,,Ontario,CA,Portobello Boulevard,K4A 0K5
3C:71:BF:AC:F9:11,Traeger-F911,45.14428329,-75.57180786,3C:71:BF,5,wpa2,2024-11-12T00:00:00.000Z,2026-02-19T03:00:00.000Z,,Ontario,CA,Stagecoach Road,K0A 2W0
3C:71:BF:AC:F9:25,Traeger-F925,56.02947617,-121.91707611,3C:71:BF,5,wpa2,2025-08-15T03:00:00.000Z,2025-11-02T01:00:00.000Z,,British Columbia,CA,Canyon Drive,V0C 1V0
3C:71:BF:AC:FB:01,Traeger-FB01,41.8346405,-94.33370209,3C:71:BF,5,wpa2,2025-06-21T15:00:00.000Z,2025-06-21T11:00:00.000Z,,IA,US,George P. Soumas Memorial Highway,50026
3C:71:BF:AC:FC:05,Traeger-FC05,45.02448654,-93.80076599,3C:71:BF,5,wpa2,2026-07-17T19:00:00.000Z,2026-07-23T19:00:00.000Z,,MN,US,Greenway Drive,55328
3C:71:BF:AC:FC:95,Traeger-FC95,53.68131256,-114.34593201,3C:71:BF,5,wpa2,2024-11-24T18:00:00.000Z,2024-11-27T12:00:00.000Z,,Alberta,CA,45 Avenue,T0E 0A0
3C:71:BF:AC:FD:C9,Traeger-FDC9,43.34052277,-80.27070618,3C:71:BF,5,wpa2,2025-11-27T18:00:00.000Z,2025-11-27T11:00:00.000Z,Cambridge,Ontario,CA,Branchton Road,N1P 0A8
3C:71:BF:AC:FF:41,Traeger-FF41,33.15433884,-117.06247711,3C:71:BF,5,wpa2,2025-06-19T17:00:00.000Z,2025-06-19T11:00:00.000Z,Escondido,CA,US,Zachary Glen,92027
3C:71:BF:AC:FF:61,Traeger-FF61,41.89752197,-87.65194702,3C:71:BF,5,wpa2,2023-09-26T17:00:00.000Z,2024-10-18T14:00:00.000Z,Chicago,IL,US,North Sangamon Street,60642
3C:71:BF:AD:00:25,Traeger-0025,42.12687683,-72.12096405,3C:71:BF,5,wpa2,2026-04-25T15:00:00.000Z,2026-04-25T14:00:00.000Z,,MA,US,Brookfield Road,01518
3C:71:BF:AD:01:55,Traeger-0155,30.52240753,-84.02438354,3C:71:BF,5,wpa2,2024-12-29T18:00:00.000Z,2024-12-29T11:00:00.000Z,,FL,US,Old Magnolia Road,32308
3C:71:BF:AD:02:7D,Traeger-027D,53.64953995,-113.64997864,3C:71:BF,5,wpa2,2021-09-22T10:00:00.000Z,2025-10-04T20:00:00.000Z,St. Albert,Alberta,CA,Lucerne Crescent,T8N 5T7
3C:71:BF:AD:03:4D,Traeger-034D,41.25722504,-96.17709351,3C:71:BF,5,wpa2,2023-06-15T03:00:00.000Z,2025-06-02T16:00:00.000Z,Omaha,NE,US,South 168th Street,68118
3C:71:BF:AD:03:85,Traeger-0385,43.15042877,-77.53942871,3C:71:BF,5,wpa2,2022-11-25T15:00:00.000Z,2026-08-11T16:00:00.000Z,,NY,US,NY 590,14610
3C:71:BF:AD:04:B5,Traeger-04B5,43.34648895,-116.60027313,3C:71:BF,5,wpa2,2026-05-01T01:00:00.000Z,2026-05-01T22:00:00.000Z,,ID,US,Ferry Road,
3C:71:BF:AD:06:4D,Traeger-064D,52.91399384,-111.236763,3C:71:BF,5,wpa2,2024-02-02T00:00:00.000Z,2026-04-17T18:00:00.000Z,,Alberta,CA,53 Street,
3C:71:BF:AD:06:95,Traeger-0695,36.71113205,-108.00704193,3C:71:BF,5,wpa2,2023-04-13T08:00:00.000Z,2026-07-31T20:00:00.000Z,,NM,US,West Broadway Avenue,87413-6133
3C:71:BF:AD:06:E9,Traeger-06E9,47.05680084,-122.90664673,3C:71:BF,5,wpa2,2025-04-20T20:00:00.000Z,2025-04-20T15:00:00.000Z,Olympia,WA,US,Marine Drive Northeast,98501
3C:71:BF:AD:08:8D,Traeger-088D,38.6805954,-121.31044006,3C:71:BF,5,wpa2,2025-01-05T21:00:00.000Z,2025-01-06T20:00:00.000Z,,CA,US,Van Maren Lane,95621
3C:71:BF:AD:09:0D,Traeger-090D,40.62827682,-103.23999023,3C:71:BF,5,wpa2,2024-09-15T20:00:00.000Z,2024-09-15T13:00:00.000Z,,CO,US,County Road 37,80751
3C:71:BF:AD:09:69,Traeger-0969,41.58625031,-83.83157349,3C:71:BF,5,wpa2,2021-05-18T14:00:00.000Z,2025-04-11T11:00:00.000Z,,OH,US,Airport Highway,43615
3C:71:BF:AD:09:A1,Traeger-09A1,35.62787628,-105.99768829,3C:71:BF,5,wpa2,2025-01-23T13:00:00.000Z,2026-02-03T16:00:00.000Z,Santa Fe,NM,US,Governor Miles Road,87507
3C:71:BF:AD:0C:85,Traeger-0C85,36.02553177,-115.03502655,3C:71:BF,5,wpa2,2026-04-30T21:00:00.000Z,2026-04-30T14:00:00.000Z,Henderson,NV,US,Paseo Verde Parkway,89012
3C:71:BF:AD:0C:9D,Traeger-0C9D,39.77785492,-105.04738617,3C:71:BF,5,wpa2,2025-07-19T20:00:00.000Z,2026-07-12T23:00:00.000Z,Denver,CO,US,Winona Court,80212
3C:71:BF:AD:0D:F9,Traeger-0DF9,44.95743179,-92.90598297,3C:71:BF,5,wpa2,2024-02-18T20:00:00.000Z,2025-10-31T22:00:00.000Z,Lake Elmo,MN,US,8th Street North,55042
3C:71:BF:AD:0E:19,Traeger-0E19,37.28868484,-107.8775177,3C:71:BF,5,wpa2,2024-11-25T18:00:00.000Z,2024-11-25T10:00:00.000Z,Durango,CO,US,West 23rd Street,80131
3C:71:BF:AD:0F:C1,Traeger-0FC1,42.95062637,-84.73970032,3C:71:BF,5,wpa2,2023-05-26T15:00:00.000Z,2026-05-23T08:00:00.000Z,,MI,US,South Wright Road,
3C:71:BF:AD:10:51,Traeger-1051,47.65211105,-117.38301849,3C:71:BF,5,wpa2,2022-07-05T00:00:00.000Z,2024-10-30T21:00:00.000Z,Spokane,WA,US,South Magnolia Street,99202
3C:71:BF:AD:11:31,Traeger-1131,45.40439606,-75.7256012,3C:71:BF,5,wpa2,2023-09-21T23:00:00.000Z,2024-11-20T15:00:00.000Z,(Old) Ottawa,Ontario,CA,Armstrong Street,K1Y 2R7
3C:71:BF:AD:12:E5,Traeger-12E5,39.52859497,-84.38343048,3C:71:BF,5,wpa2,2025-04-13T19:00:00.000Z,2026-07-01T10:00:00.000Z,,OH,US,Germantown Road,45042
3C:71:BF:AD:13:59,Traeger-1359,42.57836914,-82.81141663,3C:71:BF,5,wpa2,2024-10-23T17:00:00.000Z,2024-11-29T03:00:00.000Z,,MI,US,Mallast Street,48045
3C:71:BF:AD:13:E1,Traeger-13E1,39.58045578,-104.88440704,3C:71:BF,5,wpa2,2019-09-27T10:00:00.000Z,2026-01-23T20:00:00.000Z,Centennial,CO,US,East Dry Creek Road,80112
3C:71:BF:AD:14:09,Traeger-1409,47.54470062,-122.37426758,3C:71:BF,1,wpa2,2024-09-12T23:00:00.000Z,2025-01-15T11:00:00.000Z,Seattle,WA,US,Southwest Morgan Street,98126
3C:71:BF:AD:15:D1,Traeger-15D1,45.65459061,-94.22222137,3C:71:BF,5,wpa2,2026-06-01T20:00:00.000Z,2026-06-17T14:00:00.000Z,,MN,US,Pine Cone Road North,56377
3C:71:BF:AD:16:79,Traeger-1679,42.78147125,-73.85147095,3C:71:BF,5,wpa2,2022-09-18T15:00:00.000Z,2025-03-30T13:00:00.000Z,,NY,US,Troy Schenectady Road,12309
3C:71:BF:AD:1A:21,Traeger-1A21,43.21245193,-86.15843201,3C:71:BF,5,wpa2,2025-07-11T13:00:00.000Z,2025-08-22T14:00:00.000Z,,MI,US,Evanston Avenue,49442
3C:71:BF:AD:1A:41,Traeger-1A41,46.89615631,-102.80565643,3C:71:BF,5,wpa2,2021-07-16T17:00:00.000Z,2025-12-29T18:00:00.000Z,Dickinson,ND,US,I 94,58601
3C:71:BF:AD:1A:E5,Traeger-1AE5,38.89983749,-99.32125854,3C:71:BF,5,wpa2,2021-03-06T15:00:00.000Z,2026-07-30T19:00:00.000Z,,KS,US,I 70;US 40;US 183 Bypass,96601
3C:71:BF:AD:1C:B1,Traeger-1CB1,51.36702728,-0.36418986,3C:71:BF,5,wpa2,2025-05-21T09:00:00.000Z,2025-06-10T08:00:00.000Z,,England,GB,Claremont Lane,KT10 9DW
3C:71:BF:AD:1D:C5,Traeger-1DC5,47.65752411,-117.09648132,3C:71:BF,5,wpa2,2021-06-02T23:00:00.000Z,2026-05-23T15:00:00.000Z,,WA,US,North McKinzie Drive,99019
3C:71:BF:AD:1E:D5,Traeger-1ED5,46.8876152,-114.01385498,3C:71:BF,5,wpa2,2025-11-18T21:00:00.000Z,2025-11-18T16:00:00.000Z,Missoula,MT,US,Turner Street,59807
3C:71:BF:AD:20:B1,Traeger-20B1,41.54566574,-87.85109711,3C:71:BF,5,wpa2,2022-04-02T11:00:00.000Z,2026-08-08T08:00:00.000Z,,IL,US,South La Grange Road,60449
3C:71:BF:AD:20:B9,Traeger-20B9,40.72003174,-89.41915894,3C:71:BF,5,wpa2,2026-07-16T21:00:00.000Z,2026-07-17T12:00:00.000Z,,IL,US,West Cruger Road,61571
3C:71:BF:AD:21:D5,Traeger-21D5,34.1100769,-118.78814697,3C:71:BF,5,wpa2,2025-12-23T00:00:00.000Z,2025-12-22T19:00:00.000Z,,CA,US,Mulholland Highway,91301
3C:71:BF:AD:22:E1,Traeger-22E1,47.26366043,-122.53488159,3C:71:BF,5,wpa2,2023-09-14T00:00:00.000Z,2025-04-19T01:00:00.000Z,Tacoma,WA,US,North 15th Street,98406
3C:71:BF:AD:22:F9,Traeger-22F9,42.79640198,-80.22183228,3C:71:BF,5,wpa2,2026-04-14T16:00:00.000Z,2026-04-14T12:00:00.000Z,,Ontario,CA,Lynn Park Avenue,N0A 1N5
3C:71:BF:AD:23:19,Traeger-2319,33.51288605,-117.13225555,3C:71:BF,5,wpa2,2024-10-09T23:00:00.000Z,2024-10-09T16:00:00.000Z,Temecula,CA,US,Rogue Circle,92591-5284
3C:71:BF:AD:23:1D,Traeger-231D,45.00786209,-93.26312256,3C:71:BF,5,wpa2,2025-07-09T22:00:00.000Z,2026-03-13T18:00:00.000Z,Minneapolis,MN,US,Northeast University Avenue,55418
3C:71:BF:AD:27:E1,Traeger-27E1,33.94724274,-118.04408264,3C:71:BF,5,wpa2,2025-09-20T01:00:00.000Z,2025-09-27T22:00:00.000Z,Downey,CA,US,Safari Drive,90605
3C:71:BF:AD:28:95,Traeger-2895,30.45016861,-86.61433411,3C:71:BF,5,wpa2,2024-12-08T01:00:00.000Z,2024-12-07T19:00:00.000Z,,FL,US,Mooney Road Northwest,32547
3C:71:BF:AD:2C:E5,Traeger-2CE5,38.07128906,-92.76824951,3C:71:BF,5,wpa2,2026-04-05T18:00:00.000Z,2026-04-08T22:00:00.000Z,,MO,US,Camelot Drive,65020
3C:71:BF:AD:2D:4D,Traeger-2D4D,30.74816895,-95.61271667,3C:71:BF,5,wpa2,2025-11-03T23:00:00.000Z,2025-11-07T19:00:00.000Z,,TX,US,,77349
3C:71:BF:AD:2F:19,Traeger-2F19,38.47343445,-107.85665894,3C:71:BF,5,wpa2,2025-09-20T18:00:00.000Z,2025-10-13T19:00:00.000Z,,CO,US,South Hillcrest Drive,81401
3C:71:BF:AD:2F:91,Traeger-2F91,42.04679489,-94.87867737,3C:71:BF,5,wpa2,2026-05-26T04:00:00.000Z,2026-05-26T14:00:00.000Z,,IA,US,US 71,51401
3C:71:BF:AD:2F:F9,Traeger-2FF9,37.2828331,-107.85646057,3C:71:BF,5,wpa2,2024-12-10T21:00:00.000Z,2024-12-11T16:00:00.000Z,Durango,CO,US,Geoglein Gulch Road,81301
3C:71:BF:AD:33:1D,Traeger-331D,39.60279465,-119.72562408,3C:71:BF,5,wpa2,2025-04-20T23:00:00.000Z,2026-06-24T23:00:00.000Z,,NV,US,Henry Orr Parkway,98436
3C:71:BF:AD:34:21,Traeger-3421,40.22586441,-111.6373291,3C:71:BF,5,wpa2,2025-08-17T20:00:00.000Z,2025-08-17T14:00:00.000Z,Provo,UT,US,East 580 South,84606
3C:71:BF:AD:34:51,Traeger-3451,36.9912262,-121.80021667,3C:71:BF,5,wpa2,2024-10-29T21:00:00.000Z,2024-11-02T18:00:00.000Z,Watsonville,CA,US,Browns Valley Road,
3C:71:BF:AD:36:09,Traeger-3609,40.06024551,-76.46388245,3C:71:BF,5,wpa2,2026-03-13T23:00:00.000Z,2026-03-13T16:00:00.000Z,,PA,US,Ferndale Road,17512
3C:71:BF:AD:38:E5,Traeger-38E5,41.14427185,-104.83268738,3C:71:BF,5,wpa2,2025-08-16T02:00:00.000Z,2025-08-15T23:00:00.000Z,Cheyenne,WY,US,Randall Avenue,82001-2549
3C:71:BF:AD:3A:35,Traeger-3A35,45.64982224,-122.63930511,3C:71:BF,5,wpa2,2023-11-17T16:00:00.000Z,2026-05-22T16:00:00.000Z,Vancouver,WA,US,Northeast Cherry Road,98663
3C:71:BF:AD:3B:09,Traeger-3B09,47.73445511,-116.92501831,3C:71:BF,5,wpa2,2022-03-13T21:00:00.000Z,2026-08-08T09:00:00.000Z,,ID,US,East Thrush Drive,83877-0010
3C:71:BF:AD:3B:E5,Traeger-3BE5,31.82670403,-106.39399719,3C:71:BF,5,wpa2,2026-04-24T07:00:00.000Z,2026-04-24T03:00:00.000Z,,TX,US,Sergeant Major Boulevard,79906
3C:71:BF:AD:3C:ED,Traeger-3CED,41.22727585,-112.07037354,3C:71:BF,5,wpa2,2021-11-23T09:00:00.000Z,2025-03-21T13:00:00.000Z,,UT,US,West 2200 South,84067
3C:71:BF:AD:3D:F1,Traeger-3DF1,59.78700638,18.66746712,3C:71:BF,5,wpa2,2024-05-13T13:00:00.000Z,2024-09-22T09:00:00.000Z,,Stockholms län,SE,Estunavägen,76152
3C:71:BF:AD:3E:95,Traeger-3E95,44.45881653,-81.05244446,3C:71:BF,5,wpa2,2025-09-06T22:00:00.000Z,2025-09-10T18:00:00.000Z,,Ontario,CA,Grey Road 16,
3C:71:BF:AD:3F:D1,Traeger-3FD1,46.39392853,-117.00747681,3C:71:BF,5,wpa2,2024-09-25T01:00:00.000Z,2024-10-04T21:00:00.000Z,Lewiston,ID,US,Vineyard Drive,83501
3C:71:BF:AD:40:F5,Traeger-40F5,48.22280884,-122.46839142,3C:71:BF,5,wpa2,2025-06-03T22:00:00.000Z,2025-06-12T05:00:00.000Z,,WA,US,Prestwick Drive,98282
3C:71:BF:AD:42:95,Traeger-4295,46.40382004,-117.04560852,3C:71:BF,5,wpa2,2024-09-22T04:00:00.000Z,2024-10-04T21:00:00.000Z,Clarkston,WA,US,6th Street,99403
3C:71:BF:AD:44:31,Traeger-4431,49.05674744,-122.48235321,3C:71:BF,5,wpa2,2026-05-23T19:00:00.000Z,2026-05-23T13:00:00.000Z,,British Columbia,CA,267B Street,V4W 3B8
3C:71:BF:AD:49:FD,Traeger-49FD,42.62812805,-71.39710236,3C:71:BF,5,wpa2,2025-08-31T17:00:00.000Z,2026-05-25T13:00:00.000Z,,MA,US,US 3,08163
3C:71:BF:AD:4A:1D,Traeger-4A1D,33.17471695,-97.14474487,3C:71:BF,5,wpa2,2026-08-07T18:00:00.000Z,2026-08-07T12:00:00.000Z,Denton,TX,US,Fort Worth Drive,76205
3C:71:BF:AD:4B:2D,Traeger-4B2D,41.29080582,-99.91726685,3C:71:BF,5,wpa2,2026-06-24T15:00:00.000Z,2026-06-24T15:00:00.000Z,,NE,US,East Kimball Street,68825
3C:71:BF:AD:51:75,Traeger-5175,29.70632553,-95.84745026,3C:71:BF,5,wpa2,2026-02-11T17:00:00.000Z,2026-02-19T13:00:00.000Z,Fulshear,TX,US,Fry Road,77441
3C:71:BF:AD:52:91,Traeger-5291,40.0136528,-78.5013504,3C:71:BF,5,wpa2,2025-09-23T19:00:00.000Z,2025-09-24T12:00:00.000Z,,PA,US,Grove Lane,15522
3C:71:BF:AD:53:7D,Traeger-537D,38.41586304,-96.19463348,3C:71:BF,5,wpa2,2025-11-06T16:00:00.000Z,2025-11-14T21:00:00.000Z,Emporia,KS,US,West 15th Avenue,66801
3C:71:BF:AD:56:65,Traeger-5665,44.73180771,-93.38974762,3C:71:BF,5,wpa2,2025-03-21T23:00:00.000Z,2025-03-24T18:00:00.000Z,,MN,US,Highway 13 S,55372
3C:71:BF:AD:56:B5,Traeger-56B5,40.25623703,-99.63969421,3C:71:BF,5,wpa2,2025-08-02T01:00:00.000Z,2025-08-01T19:00:00.000Z,,NE,US,Howard Street,68967
3C:71:BF:AD:57:B9,Traeger-57B9,44.53090286,-123.26739502,3C:71:BF,5,wpa2,2025-12-26T19:00:00.000Z,2025-12-26T13:00:00.000Z,Corvallis,OR,US,Southwest 3rd Street,97333
3C:71:BF:AD:57:E5,Traeger-57E5,41.27793121,-110.95732117,3C:71:BF,5,wpa2,2025-11-12T02:00:00.000Z,2025-11-12T17:00:00.000Z,Evanston,WY,US,WY 89,82931
3C:71:BF:AD:59:59,Traeger-5959,33.07440948,-96.57201385,3C:71:BF,5,wpa2,2025-05-04T22:00:00.000Z,2025-05-04T17:00:00.000Z,Lucas,TX,US,Southview Drive,75098
3C:71:BF:AD:59:95,Traeger-5995,43.94926453,-88.30347443,3C:71:BF,5,wpa2,2025-01-20T11:00:00.000Z,2025-01-23T04:00:00.000Z,,WI,US,US 151,53014
3C:71:BF:AD:5A:15,Traeger-5A15,34.13515854,-117.60063934,3C:71:BF,5,wpa2,2025-08-08T22:00:00.000Z,2025-08-08T15:00:00.000Z,Rancho Cucamonga,CA,US,Foothill Freeway,91701-9998
3C:71:BF:AD:5D:99,Traeger-5D99,43.83597946,-103.27292633,3C:71:BF,5,wpa2,2024-12-31T16:00:00.000Z,2025-01-01T11:00:00.000Z,,SD,US,Battle Creek Road,
3C:71:BF:AD:5E:09,Traeger-5E09,43.28995132,-73.10823822,3C:71:BF,5,wpa2,2025-08-31T01:00:00.000Z,2025-08-30T23:00:00.000Z,,VT,US,Danby Mountain Road,05251
3C:71:BF:AD:5E:19,Traeger-5E19,33.15158463,-97.06724548,3C:71:BF,5,wpa2,2026-07-15T08:00:00.000Z,2026-07-15T02:00:00.000Z,,TX,US,Hillside Drive,76210
3C:71:BF:AD:5E:AD,Traeger-5EAD,30.18504143,-97.8292923,3C:71:BF,5,wpa2,2025-12-10T13:00:00.000Z,2025-12-27T12:00:00.000Z,Austin,TX,US,Marsh Drive,78748
3C:71:BF:AD:5F:9D,Traeger-5F9D,45.5916214,-122.48197174,3C:71:BF,5,wpa2,2025-08-15T21:00:00.000Z,2025-08-17T09:00:00.000Z,Vancouver,WA,US,Southeast 41st Drive,98683
3C:71:BF:AD:60:51,Traeger-6051,39.53933716,-104.88889313,3C:71:BF,5,wpa2,2025-12-07T17:00:00.000Z,2025-12-07T14:00:00.000Z,,CO,US,Tall Grass Circle,80124
3C:71:BF:AD:61:41,Traeger-6141,39.17763138,-76.63292694,3C:71:BF,5,wpa2,2026-07-22T14:00:00.000Z,2026-07-22T08:00:00.000Z,,MD,US,Eastern Street,21061
3C:71:BF:AD:61:D1,Traeger-61D1,41.1714592,-96.07369232,3C:71:BF,5,wpa2,2022-02-01T02:00:00.000Z,2025-05-15T22:00:00.000Z,,NE,US,Portal Road,68128
3C:71:BF:AD:62:C1,Traeger-62C1,41.3326416,-111.98801422,3C:71:BF,5,wpa2,2022-01-26T16:00:00.000Z,2026-03-31T00:00:00.000Z,Pleasant View,UT,US,North 500 West,84414
3C:71:BF:AD:63:25,Traeger-6325,33.97920609,-101.16217041,3C:71:BF,5,wpa2,2024-08-27T15:00:00.000Z,2024-08-27T10:00:00.000Z,,TX,US,US 70;US 62,
3C:71:BF:AD:63:3D,Traeger-633D,35.57070541,-97.72916412,3C:71:BF,5,wpa2,2024-10-10T18:00:00.000Z,2024-10-10T11:00:00.000Z,Oklahoma City,OK,US,,
3C:71:BF:AD:78:4D,Traeger-784D,52.84147263,-110.83021545,3C:71:BF,5,wpa2,2024-05-01T18:00:00.000Z,2026-06-05T14:00:00.000Z,,Alberta,CA,12 Avenue,T9W 1V5
3C:71:BF:AD:95:E9,Traeger-95E9,35.61192322,-97.69521332,3C:71:BF,5,wpa2,2025-10-11T17:00:00.000Z,2025-10-11T10:00:00.000Z,Oklahoma City,OK,US,Agate Drive,
3C:71:BF:AD:95:ED,Traeger-95ED,42.46648026,-96.34642792,3C:71:BF,5,wpa2,2024-09-22T22:00:00.000Z,2024-09-22T19:00:00.000Z,Sioux City,IA,US,South Lakeport Street,51106
3C:71:BF:AD:96:91,Traeger-9691,40.24316788,-76.95388031,3C:71:BF,5,wpa2,2021-03-26T11:00:00.000Z,2026-02-11T17:00:00.000Z,,PA,US,Hearthstone Road,17011
3C:71:BF:AD:97:05,Traeger-9705,36.0398407,-95.9322052,3C:71:BF,5,wpa2,2024-09-29T03:00:00.000Z,2024-09-28T20:00:00.000Z,Tulsa,OK,US,South Pittsburg Avenue,74137
3C:71:BF:AD:97:39,Traeger-9739,42.50933456,-83.32658386,3C:71:BF,5,wpa2,2025-06-25T21:00:00.000Z,2025-06-25T16:00:00.000Z,,MI,US,Wellington Street,48334
3C:71:BF:AD:98:0D,Traeger-980D,36.34646225,-94.22930908,3C:71:BF,5,wpa2,2023-04-14T17:00:00.000Z,2026-07-05T13:00:00.000Z,,AR,US,,72712-9027
3C:71:BF:AD:98:F1,Traeger-98F1,42.68890381,-72.05767822,3C:71:BF,5,wpa2,2025-09-19T15:00:00.000Z,2025-09-21T12:00:00.000Z,,MA,US,School Street,01475
3C:71:BF:AD:99:5D,Traeger-995D,39.88553238,-105.05649567,3C:71:BF,5,wpa2,2020-08-12T21:00:00.000Z,2025-03-09T00:00:00.000Z,Westminster,CO,US,104th MUP,80031
3C:71:BF:AD:9B:01,Traeger-9B01,42.44013214,-88.27646637,3C:71:BF,5,wpa2,2025-04-24T00:00:00.000Z,2025-04-23T22:00:00.000Z,,IL,US,US 12,60071
3C:71:BF:AD:9F:9D,Traeger-9F9D,46.0002861,-84.31880951,3C:71:BF,5,wpa2,2026-06-26T20:00:00.000Z,2026-06-27T07:00:00.000Z,,MI,US,East M-134,49719
3C:71:BF:AD:A0:61,Traeger-A061,35.63772583,-105.97782135,3C:71:BF,5,wpa2,2026-02-16T23:00:00.000Z,2026-02-16T16:00:00.000Z,Santa Fe,NM,US,Rodeo Road,87504
3C:71:BF:AD:A1:3D,Traeger-A13D,39.60932159,-104.73522949,3C:71:BF,5,wpa2,2026-01-02T01:00:00.000Z,2026-01-07T17:00:00.000Z,Centennial,CO,US,East Dorado Avenue,80015
3C:71:BF:AD:A2:A5,Traeger-A2A5,30.24691772,-93.17597961,3C:71:BF,5,wpa2,2025-09-30T16:00:00.000Z,2026-08-12T12:00:00.000Z,Lake Charles,LA,US,I 10,70615
3C:71:BF:AD:A2:BD,Traeger-A2BD,44.0267601,4.88563585,3C:71:BF,5,wpa2,2025-05-01T04:00:00.000Z,2025-05-01T00:00:00.000Z,Sorgues,Provence-Alpes-Côte d'Azur,FR,Avenue Louis et Auguste Lumière,84700
3C:71:BF:AD:A3:8D,Traeger-A38D,42.55078125,-114.42127991,3C:71:BF,5,wpa2,2024-11-16T21:00:00.000Z,2025-09-04T17:00:00.000Z,Twin Falls,ID,US,Hankins Road,83301
3C:71:BF:AD:A5:F5,Traeger-A5F5,40.11508179,-82.77218628,3C:71:BF,5,wpa2,2026-08-11T10:00:00.000Z,2026-08-11T04:00:00.000Z,,OH,US,Johnstown Road,43054
3C:71:BF:AD:A7:3D,Traeger-A73D,37.44362259,-92.84384155,3C:71:BF,5,wpa2,2026-05-21T16:00:00.000Z,2026-05-28T06:00:00.000Z,,MO,US,MO CC,65632
3C:71:BF:AD:A7:C9,Traeger-A7C9,35.67391205,-84.083992,3C:71:BF,5,wpa2,2021-12-03T21:00:00.000Z,2025-05-09T20:00:00.000Z,,TN,US,US 411,37801
3C:71:BF:AD:A8:1D,Traeger-A81D,40.39463043,-105.07014465,3C:71:BF,5,wpa2,2020-08-31T11:00:00.000Z,2026-05-15T07:00:00.000Z,,CO,US,East 3rd Street,80537-3901
3C:71:BF:AD:A8:8D,Traeger-A88D,49.84513092,-97.31970978,3C:71:BF,5,wpa2,2026-05-17T21:00:00.000Z,2026-05-18T07:00:00.000Z,Winnipeg,Manitoba,CA,Couture Crescent,R3K 1T6
3C:71:BF:AD:AD:91,Traeger-AD91,34.09807205,-118.31893158,3C:71:BF,5,wpa2,2025-05-14T19:00:00.000Z,2026-03-14T16:00:00.000Z,Los Angeles,CA,US,West Sunset Boulevard,90028-5420
3C:71:BF:AD:AD:A1,Traeger-ADA1,40.73369217,-73.44864655,3C:71:BF,5,wpa2,2023-07-28T19:00:00.000Z,2026-01-30T09:00:00.000Z,,NY,US,Nostrands Lane,11735
3C:71:BF:AD:AE:DD,Traeger-AEDD,41.57149124,-109.21624756,3C:71:BF,5,wpa2,2026-06-03T01:00:00.000Z,2026-06-02T19:00:00.000Z,Rock Springs,WY,US,Moran Street,82901
3C:71:BF:AD:B0:79,Traeger-B079,35.4905014,-97.71148682,3C:71:BF,5,wpa2,2026-05-31T19:00:00.000Z,2026-06-04T07:00:00.000Z,Oklahoma City,OK,US,John Kilpatrick Turnpike,73114
3C:71:BF:AD:B5:69,Traeger-B569,45.86400986,-122.40596771,3C:71:BF,10,wpa2,2026-06-13T03:00:00.000Z,2026-06-14T22:00:00.000Z,,WA,US,South Railroad Avenue,
3C:71:BF:AD:B6:45,Traeger-B645,44.72113419,-92.82653046,3C:71:BF,5,wpa2,2024-07-13T15:00:00.000Z,2025-10-07T15:00:00.000Z,,MN,US,Yellowstone Drive,55033
3C:71:BF:AD:BA:85,Traeger-BA85,48.20537186,-101.31761932,3C:71:BF,5,wpa2,2026-04-18T14:00:00.000Z,2026-04-18T14:00:00.000Z,Minot,ND,US,16th Street Southwest,58701
3C:71:BF:AD:BA:B9,Traeger-BAB9,41.37870789,-89.46762848,3C:71:BF,5,wpa2,2024-12-23T08:00:00.000Z,2024-12-23T00:00:00.000Z,,IL,US,North First Street,61356
3C:71:BF:AD:BD:9D,Traeger-BD9D,44.90946198,-93.4974823,3C:71:BF,5,wpa2,2025-04-06T00:00:00.000Z,2025-04-05T18:00:00.000Z,,MN,US,Clear Spring Terrace,55345
3C:71:BF:AD:BD:D1,Traeger-BDD1,41.21072388,-111.99500275,3C:71:BF,5,wpa2,2023-03-17T08:00:00.000Z,2026-06-12T16:00:00.000Z,Ogden,UT,US,Kingfisher Wetland Trail,84401
3C:71:BF:AD:BE:09,Traeger-BE09,54.8004303,-111.92632294,3C:71:BF,5,wpa2,2025-07-03T21:00:00.000Z,2025-07-03T16:00:00.000Z,,Alberta,CA,Sunset Crescent,
3C:71:BF:AD:BF:95,Traeger-BF95,46.44503403,-119.16998291,3C:71:BF,5,wpa2,2026-06-30T10:00:00.000Z,2026-07-08T23:00:00.000Z,,WA,US,West Fir Road,99330
3C:71:BF:AD:C0:65,Traeger-C065,52.0915451,-106.57433319,3C:71:BF,5,wpa2,2024-04-08T21:00:00.000Z,2024-10-08T13:00:00.000Z,Saskatoon,Saskatchewan,CA,Kingsmere Boulevard,S7J 5B7
3C:71:BF:AD:C0:95,Traeger-C095,39.17628479,-108.73868561,3C:71:BF,5,wpa2,2026-04-15T15:00:00.000Z,2026-08-11T13:00:00.000Z,,CO,US,17 Road,81521
3C:71:BF:AD:C1:9D,Traeger-C19D,41.55720901,-87.68836212,3C:71:BF,5,wpa2,2025-10-31T01:00:00.000Z,2026-01-10T13:00:00.000Z,,IL,US,183rd Street,60430
3C:71:BF:B1:42:F1,com-lteqt-wlan-42f0,17.06297493,-96.71439362,3C:71:BF,6,wpa2,2024-09-16T01:00:00.000Z,2024-09-16T00:00:00.000Z,Oaxaca,Oaxaca,MX,Calle de Mariano Abasolo,68100
3C:71:BF:B1:E5:04,,43.75547409,-70.62141418,3C:71:BF,5,unknown,2024-08-25T19:00:00.000Z,2025-08-08T12:00:00.000Z,,ME,US,Pequawket Trail,04085
3C:71:BF:B2:9A:B1,com-lteqt-wlan-9ab0,17.11903954,-96.76144409,3C:71:BF,6,wpa2,2025-05-15T21:00:00.000Z,2025-05-16T18:00:00.000Z,Oaxaca de Juárez,Oaxaca,MX,Carretera Panamericana (Carretera internacional Cristóbal Colón),68016
3C:71:BF:B2:AB:5D,Eqr-5CAB,41.57942963,2.55349278,3C:71:BF,1,unknown,2026-07-10T21:00:00.000Z,2026-07-12T10:00:00.000Z,Arenys de Mar,Catalunya,ES,Passeig d'en Xifré,08350
3C:71:BF:B3:27:B5,FCL_B327B4,19.09228516,72.8560257,3C:71:BF,1,wpa2,2026-07-21T12:00:00.000Z,2026-07-21T05:00:00.000Z,Mumbai,Maharashtra,IN,Air Port Road,400057
3C:71:BF:B3:28:5D,FCL_B3285C,19.09924316,72.8742981,3C:71:BF,1,wpa2,2025-07-02T13:00:00.000Z,2025-07-02T07:00:00.000Z,Mumbai,Maharashtra,IN,Sahar Elevated Road,400 059
3C:71:BF:B3:28:81,FCL_B32880,19.09279823,72.85660553,3C:71:BF,1,wpa2,2026-07-21T11:00:00.000Z,2026-07-21T05:00:00.000Z,Mumbai,Maharashtra,IN,Air Port Road,400057
3C:71:BF:B3:28:9D,,51.12985992,17.09749985,3C:71:BF,1,wpa2,2025-05-25T11:00:00.000Z,2025-05-25T07:00:00.000Z,,województwo dolnośląskie,PL,Kwidzyńska,51-416
3C:71:BF:B3:2C:2D,FCL_B32C2C,19.09706497,72.87508392,3C:71:BF,1,wpa2,2025-01-17T06:00:00.000Z,2025-01-26T06:00:00.000Z,Mumbai,Maharashtra,IN,Sahar Elevated Road,400 059
3C:71:BF:B3:35:A5,ESP32Car,50.06349564,20.07377815,3C:71:BF,1,wpa2,2026-06-28T09:00:00.000Z,2026-08-07T09:00:00.000Z,,województwo małopolskie,PL,S7,31-991
3C:71:BF:B3:69:E5,SensorMaid,47.55955124,-71.23055267,3C:71:BF,1,unknown,2024-05-02T14:00:00.000Z,2025-07-02T07:00:00.000Z,Lac-Jacques-Cartier,Québec,CA,L'Étape,
3C:71:BF:B3:6F:E1,ESP_B36FE1,52.04427719,4.28205729,3C:71:BF,1,unknown,2025-11-29T11:00:00.000Z,2025-11-29T03:00:00.000Z,Den Haag,Zuid-Holland,NL,Leyweg,2545HK
3C:71:BF:B3:6F:E5,ESP_B36FE5,52.88383865,4.75855064,3C:71:BF,1,unknown,2024-10-23T09:00:00.000Z,2024-10-23T07:00:00.000Z,,Noord-Holland,NL,Kastanjehout,1787RH
3C:71:BF:B3:70:01,ESP_B37001,53.17062759,6.89482212,3C:71:BF,1,unknown,2025-01-11T15:00:00.000Z,2025-01-11T07:00:00.000Z,,Groningen,NL,Rijksweg A7,9636TK
3C:71:BF:B3:70:09,ESP_B37009,52.41076279,4.86147308,3C:71:BF,1,none,2026-01-22T17:00:00.000Z,2026-02-21T12:00:00.000Z,Amsterdam,Noord-Holland,NL,Tweede Coentunnel,1013BS
3C:71:BF:B3:70:79,ESP_B37079,50.843647,4.37612963,3C:71:BF,1,unknown,2025-12-27T12:00:00.000Z,2025-12-27T12:00:00.000Z,,Région de Bruxelles-Capitale - Brussels Hoofdstedelijk Gewest,BE,Rue de la Loi - Wetstraat,1040
3C:71:BF:B3:70:B5,ESP_B370B5,52.20899582,5.96642923,3C:71:BF,1,none,2024-02-06T11:00:00.000Z,2026-06-18T02:00:00.000Z,Apeldoorn,Gelderland,NL,Laan van de Mensenrechten,7331VZ
3C:71:BF:B3:72:E1,ESP_B372E1,52.27267838,4.53585052,3C:71:BF,1,unknown,2022-08-26T15:00:00.000Z,2026-01-28T08:00:00.000Z,,Zuid-Holland,NL,Leidsevaart,2211
3C:71:BF:B3:73:25,ESP_B37325,52.36684799,4.81222916,3C:71:BF,1,none,2023-06-06T14:00:00.000Z,2026-02-21T12:00:00.000Z,Amsterdam,Noord-Holland,NL,President Allendelaan,1064GW
3C:71:BF:B3:98:E9,Theramon-01ec09ec740,39.1453743,-94.57992554,3C:71:BF,1,unknown,2025-03-03T01:00:00.000Z,2025-05-13T13:00:00.000Z,,MO,US,Buchanan Street,64116
3C:71:BF:B8:9B:15,ThermoBot+00201,53.67492294,-2.96369648,3C:71:BF,5,wpa2,2025-08-28T19:00:00.000Z,2025-08-28T13:00:00.000Z,,England,GB,Northam Close,PR9 9YF
3C:71:BF:B8:A4:E5,ThermoBot+00322,52.5987587,-1.92590523,3C:71:BF,5,wpa2,2022-11-13T20:00:00.000Z,2025-11-10T00:00:00.000Z,,England,GB,Walsall Road,WS9 0AX
3C:71:BF:B8:C4:11,ThermoBot+00230,53.4301033,-2.92556095,3C:71:BF,5,wpa2,2025-07-03T07:00:00.000Z,2025-07-03T01:00:00.000Z,Liverpool,England,GB,Muirhead Avenue,L13
3C:71:BF:B8:DC:5D,ThermoBot+00167,52.6843071,-2.13355684,3C:71:BF,5,wpa2,2022-08-30T12:00:00.000Z,2026-08-08T11:00:00.000Z,South Staffordshire,England,GB,A449,WV10 7BU
3C:71:BF:C2:AF:31,Mysa-c2af30,45.47829437,-73.50006104,3C:71:BF,1,unknown,2026-05-28T19:00:00.000Z,2026-05-28T13:00:00.000Z,Longueuil,Québec,CA,Avenue de la Moselle,J4S 1E1
3C:71:BF:C2:B2:1D,Mysa-c2b21c,42.0887146,-71.00840759,3C:71:BF,6,none,2026-07-29T22:00:00.000Z,2026-07-29T16:00:00.000Z,Brockton,MA,US,Parker Street,02303
3C:71:BF:C2:B7:34,,33.87366104,-118.23428345,3C:71:BF,6,wpa2,2026-07-06T00:00:00.000Z,2026-07-05T19:00:00.000Z,,CA,US,Gardena Freeway,90220
3C:71:BF:C2:C0:0D,Mysa-c2c00c,45.52622604,-73.56460571,3C:71:BF,1,unknown,2025-11-05T12:00:00.000Z,2025-11-05T04:00:00.000Z,Montréal,Québec,CA,Rue Sherbrooke Est,H2L 4M1
3C:71:BF:C2:C4:79,Mysa-c2c478,47.6136055,-122.3180542,3C:71:BF,1,unknown,2024-03-13T03:00:00.000Z,2024-11-03T18:00:00.000Z,Seattle,WA,US,11th Avenue,98122
3C:71:BF:C2:C5:1D,Mysa-c2c51c,47.61406708,-122.31803894,3C:71:BF,1,unknown,2024-11-04T02:00:00.000Z,2024-11-03T18:00:00.000Z,Seattle,WA,US,East Pike Street,98122
3C:71:BF:C3:C6:E1,Mysa-c3c6e0,47.4994812,-122.20307159,3C:71:BF,1,none,2026-01-14T14:00:00.000Z,2026-01-14T16:00:00.000Z,,WA,US,Logan Avenue North,18663-1629:18670-0775:18670-0777
3C:71:BF:C3:C7:F5,Mysa-c3c7f4,37.76211548,-122.43013,3C:71:BF,1,unknown,2022-04-02T22:00:00.000Z,2025-02-07T21:00:00.000Z,San Francisco,CA,US,Dorland Street,94143
3C:71:BF:C3:D6:95,Mysa-c3d694,43.64205933,-79.5355835,3C:71:BF,1,unknown,2025-09-27T13:00:00.000Z,2025-09-27T15:00:00.000Z,Toronto,Ontario,CA,Kipling Avenue,M9A 1C4
3C:71:BF:C5:B4:1D,XZG-37A8,52.37879562,4.88480186,3C:71:BF,1,none,2024-08-13T09:00:00.000Z,2025-08-18T09:00:00.000Z,Amsterdam,Noord-Holland,NL,Eerste Boomdwarsstraat,1015NC
3C:71:BF:C5:D4:21,ZigStarGW-C5D4,55.7414093,37.62109756,3C:71:BF,1,unknown,2026-01-05T14:00:00.000Z,2026-01-05T13:00:00.000Z,Москва,Москва,RU,Лаврушинский переулок,119017
3C:71:BF:C8:30:00,,40.75406265,-72.87740326,3C:71:BF,3,unknown,2025-08-08T21:00:00.000Z,2025-08-08T15:00:00.000Z,,NY,US,Pinetree Drive,11967
3C:71:BF:C8:D1:11,AmigoWash,-5.81097555,-35.20475769,3C:71:BF,1,wpa2,2024-09-14T22:00:00.000Z,2024-09-25T15:00:00.000Z,Natal,Rio Grande do Norte,BR,Avenida Romualdo Galvão,59022390
3C:71:BF:CB:8B:A1,HaasSohn_1584167,46.84320831,-1.87638438,3C:71:BF,5,wpa2,2025-07-24T09:00:00.000Z,2025-07-24T06:00:00.000Z,Challans,Pays de la Loire,FR,Boulevard Lucien Dodin,85300
3C:71:BF:CC:2E:A1,HaasSohnLocal_1484208,51.02296448,9.37391472,3C:71:BF,5,wpa2,2025-03-09T10:00:00.000Z,2025-09-07T05:00:00.000Z,,Hessen,DE,Weidenweg,34576
3C:71:BF:CC:2F:19,HaasSohn,48.94654465,15.04082489,3C:71:BF,5,wpa2,2025-08-23T13:00:00.000Z,2025-08-23T06:00:00.000Z,,Niederösterreich,AT,Schläger Straße,3874
3C:71:BF:CC:90:79,HaasSohn_1493424,47.14398956,-1.68497515,3C:71:BF,5,wpa2,2026-08-04T14:00:00.000Z,2026-08-11T11:00:00.000Z,,Pays de la Loire,FR,Rue de Nantes,44830
3C:71:BF:CD:17:C1,ESP_CD17C1,33.46850967,-117.07170105,3C:71:BF,1,unknown,2024-10-07T02:00:00.000Z,2024-10-06T19:00:00.000Z,,CA,US,Miramonte Street,92592
3C:71:BF:CD:2E:1C,,36.13154602,-115.06143188,3C:71:BF,0,unknown,2025-05-14T00:00:00.000Z,2025-05-16T15:00:00.000Z,,NV,US,East Desert Inn Road,89121-2510
3C:71:BF:CD:8D:AC,,42.62222672,-70.63858795,3C:71:BF,0,unknown,2024-10-04T16:00:00.000Z,2024-10-07T08:00:00.000Z,Gloucester,MA,US,Barn Lane,01930-3540
3C:71:BF:CF:08:35,MFA68,6.40044594,-75.43175507,3C:71:BF,6,wpa2,2025-10-13T11:00:00.000Z,2026-08-10T12:00:00.000Z,,Antioquia,CO,Doble calzada Niquia - Hatillo,053080002
3C:71:BF:D0:4E:85,,45.71678162,-73.56339264,3C:71:BF,6,wpa2,2023-11-20T22:00:00.000Z,2025-03-27T15:00:00.000Z,,Québec,CA,Autoroute 640,J6V 0E1
3C:71:BF:D0:50:8D,Wi2premium_club,34.70514679,135.50154114,3C:71:BF,4,wpa2,2024-11-25T09:00:00.000Z,2024-12-15T22:00:00.000Z,大阪市,大阪府,JP,新御堂筋,530-0018
3C:71:BF:D0:54:5D,,33.39213181,-111.9107666,3C:71:BF,1,unknown,2020-12-11T23:00:00.000Z,2025-03-09T00:00:00.000Z,Tempe,AZ,US,South Butte Avenue,85283
3C:71:BF:D0:5B:49,,39.09880066,-84.51608276,3C:71:BF,1,unknown,2026-05-31T21:00:00.000Z,2026-06-03T08:00:00.000Z,Cincinnati,OH,US,McFarland Street,45203
3C:71:BF:D0:64:89,Mysa-d06488,50.10965347,-122.97819519,3C:71:BF,1,unknown,2025-06-02T03:00:00.000Z,2025-07-19T00:00:00.000Z,,British Columbia,CA,Lakeside Road,V0N 1B2
3C:71:BF:D0:6A:89,ThinkTek-886AD0BF713C,-22.90539742,-47.07219315,3C:71:BF,1,wpa2,2024-10-30T00:00:00.000Z,2024-10-29T18:00:00.000Z,Campinas,São Paulo,BR,Rua Doutor Pereira Lima,13070-052
3C:71:BF:D0:6A:9D,ThinkTek-9C6AD0BF713C,-22.90667343,-47.07280731,3C:71:BF,1,wpa2,2024-10-30T00:00:00.000Z,2024-10-29T18:00:00.000Z,Campinas,São Paulo,BR,Rua Doutor Pereira Lima,13070-052
3C:71:BF:D0:6B:A9,ThinkTek-A86BD0BF713C,-22.9056263,-47.07173538,3C:71:BF,1,wpa2,2024-10-30T00:00:00.000Z,2024-10-29T18:00:00.000Z,Campinas,São Paulo,BR,Rua Doutor Pereira Lima,13070-052
3C:71:BF:D0:6B:FD,ThinkTek-FC6BD0BF713C,-22.90577126,-47.07271957,3C:71:BF,1,wpa2,2026-05-30T11:00:00.000Z,2026-05-31T08:00:00.000Z,Campinas,São Paulo,BR,Rua Doutor Pereira Lima,13070-052
3C:71:BF:D0:71:21,,41.63005066,-83.45397949,3C:71:BF,1,wpa2,2024-06-04T21:00:00.000Z,2026-04-29T06:00:00.000Z,,OH,US,Pickle Road,43618
3C:71:BF:D0:7C:AD,Mysa-d07cac,40.3971138,-74.0217514,3C:71:BF,6,unknown,2026-06-19T15:00:00.000Z,2026-06-19T09:00:00.000Z,,NJ,US,Osborne Avenue,07760
3C:71:BF:D0:95:A9,ESP_D095A9,43.64289856,-79.39586639,3C:71:BF,1,unknown,2025-06-12T20:00:00.000Z,2025-06-13T16:00:00.000Z,Old Toronto,Ontario,CA,Front Street West,M5V 1B8
3C:71:BF:D0:C5:6D,ACCESS.RUN_D0_C5_6D_Li,-23.61544418,-46.68696594,3C:71:BF,1,wpa2,2024-09-25T09:00:00.000Z,2024-10-03T09:00:00.000Z,São Paulo,São Paulo,BR,Rua Arizona,04567-110
3C:71:BF:D0:F8:DD,CFX_SSCD,34.08176804,-118.2850647,3C:71:BF,1,wpa2,2026-07-07T00:00:00.000Z,2026-07-06T18:00:00.000Z,Los Angeles,CA,US,Clinton Street,90029-3609
3C:71:BF:D0:F8:F1,CFX_dometic,34.23638916,-118.92332458,3C:71:BF,1,wpa2,2025-09-27T22:00:00.000Z,2025-09-27T22:00:00.000Z,,CA,US,Santa Rosa Road,93066
3C:71:BF:D1:A1:F5,Mysa-d1a1f4,40.46114731,-106.8205719,3C:71:BF,1,unknown,2024-03-14T20:00:00.000Z,2024-08-19T13:00:00.000Z,,CO,US,Alpine PLaza,80487
3C:71:BF:D1:AA:91,ActiveWarmth_AA90,52.08872223,5.06841564,3C:71:BF,1,wpa2,2026-07-19T09:00:00.000Z,2026-07-30T08:00:00.000Z,Utrecht,Utrecht,NL,Pimentweg,3541SG
3C:71:BF:D1:AE:85,Mysa-d1ae84,47.49940872,-122.20274353,3C:71:BF,1,none,2022-06-26T01:00:00.000Z,2026-05-29T08:00:00.000Z,,WA,US,Park Avenue North,98057
3C:71:BF:D1:AF:A9,Mysa-d1afa8,37.78034592,-122.39095306,3C:71:BF,1,unknown,2024-05-08T20:00:00.000Z,2026-03-24T15:00:00.000Z,San Francisco,CA,US,Townsend Street,94017
3C:71:BF:D1:B2:C8,,44.94739532,-93.11665344,3C:71:BF,11,wpa2,2026-08-02T17:00:00.000Z,2026-08-02T10:00:00.000Z,Saint Paul,MN,US,Dayton Avenue,55104
3C:71:BF:D1:B2:E5,Mysa-d1b2e4,47.53768158,-122.16534424,3C:71:BF,1,unknown,2025-07-26T01:00:00.000Z,2025-07-25T19:00:00.000Z,,WA,US,Newcastle Way,98056-1330
3C:71:BF:D1:BC:7D,Mysa-d1bc7c,47.49729919,-122.20020294,3C:71:BF,1,unknown,2024-03-20T19:00:00.000Z,2025-02-10T02:00:00.000Z,,WA,US,North Landing Way,98057
3C:71:BF:D1:C1:09,Mysa-d1c108,39.91176987,-74.15141296,3C:71:BF,1,unknown,2026-08-06T06:00:00.000Z,2026-08-09T06:00:00.000Z,,NJ,US,Belmont Avenue,08721
3C:71:BF:D1:C1:21,Mysa-d1c120,39.91255188,-74.15115356,3C:71:BF,1,unknown,2026-08-06T06:00:00.000Z,2026-08-09T06:00:00.000Z,,NJ,US,Carver Street,08721
3C:71:BF:D1:C5:19,Mysa-d1c518,40.75082016,-73.98004913,3C:71:BF,1,unknown,2025-10-17T18:00:00.000Z,2025-10-17T12:00:00.000Z,City of New York,NY,US,East 39th Street,10016
3C:71:BF:D1:C7:0D,Mysa-d1c70c,47.70547104,-122.21611786,3C:71:BF,13,unknown,2025-04-24T20:00:00.000Z,2026-02-05T18:00:00.000Z,,WA,US,Northeast Juanita Drive,98034
3C:71:BF:D1:CA:2D,Mysa-d1ca2c,49.28794098,-123.13105011,3C:71:BF,1,unknown,2026-07-13T22:00:00.000Z,2026-07-14T11:00:00.000Z,Vancouver,British Columbia,CA,Rosemary Brown Lane,V6Z
3C:71:BF:D1:CF:F9,Mysa-d1cff8,41.11923599,-75.42989349,3C:71:BF,1,none,2026-07-20T14:00:00.000Z,2026-07-20T09:00:00.000Z,,PA,US,Hillcrest Drive,18350
3C:71:BF:D2:28:79,Mysa-d22878,47.51911926,-52.83080673,3C:71:BF,1,none,2026-03-29T17:00:00.000Z,2026-04-03T18:00:00.000Z,Mount Pearl,Newfoundland and Labrador,CA,Suave Street,A1N 4Y1
3C:71:BF:D2:2B:61,Mysa-d22b60,47.49746704,-122.20014191,3C:71:BF,1,unknown,2019-12-22T12:00:00.000Z,2025-02-10T02:00:00.000Z,,WA,US,North Landing Way,98057
3C:71:BF:D2:2C:1D,Mysa-d22c1c,32.8609581,-117.23039246,3C:71:BF,11,unknown,2025-05-12T04:00:00.000Z,2025-05-17T04:00:00.000Z,San Diego,CA,US,San Diego Freeway,92161
3C:71:BF:D2:2E:65,Mysa-d22e64,50.11761475,-122.94779205,3C:71:BF,6,unknown,2026-02-11T07:00:00.000Z,2026-02-11T00:00:00.000Z,,British Columbia,CA,Blackcomb Way,V8E 0Y2
3C:71:BF:D2:2E:A1,Mysa-d22ea0,50.11737442,-122.94676208,3C:71:BF,11,unknown,2025-05-31T19:00:00.000Z,2025-07-25T15:00:00.000Z,,British Columbia,CA,Chateau Boulevard,V8E 0Y2
3C:71:BF:D2:2E:B5,Mysa-d22eb4,50.11773682,-122.94728851,3C:71:BF,1,unknown,2024-08-24T22:00:00.000Z,2025-07-25T15:00:00.000Z,,British Columbia,CA,Chateau Boulevard,V8E 0Y2
3C:71:BF:D2:34:05,Mysa-d23404,47.49956894,-122.2028656,3C:71:BF,1,none,2024-03-30T00:00:00.000Z,2026-05-29T08:00:00.000Z,,WA,US,Logan Avenue North,18663-1629:18670-0775:18670-0777
3C:71:BF:D2:40:A5,RmaxDEMO,41.34049225,-71.93973541,3C:71:BF,1,wpa2,2024-09-22T13:00:00.000Z,2024-09-22T14:00:00.000Z,,CT,US,Wilcox Road,06378
3C:71:BF:D2:50:A5,RmaxDEMO,49.77392197,-124.42945099,3C:71:BF,1,wpa2,2025-07-22T15:00:00.000Z,2025-09-10T18:00:00.000Z,Area B (Paradise Valley),British Columbia,CA,Sunshine Coast Highway,
3C:71:BF:D2:50:D9,RmaxDEMO,39.04898071,-77.10680389,3C:71:BF,1,wpa2,2021-09-11T18:00:00.000Z,2026-02-16T13:00:00.000Z,,MD,US,Nebel Street,20857
3C:71:BF:D2:53:2D,RmaxDEMO,39.08437347,-77.49747467,3C:71:BF,1,wpa2,2026-05-21T19:00:00.000Z,2026-05-21T14:00:00.000Z,Leesburg,VA,US,Coton Commons Drive,20176
3C:71:BF:D2:58:BD,RmaxDEMO,49.26238251,-123.08770752,3C:71:BF,1,wpa2,2020-03-10T15:00:00.000Z,2025-02-22T12:00:00.000Z,Vancouver,British Columbia,CA,East Broadway,V5T
3C:71:BF:D2:64:CD,RmaxDEMO,49.04576874,-122.23266602,3C:71:BF,1,wpa2,2025-08-29T04:00:00.000Z,2026-06-21T21:00:00.000Z,Abbotsford,British Columbia,CA,Marshall Road,V3G 1E6
3C:71:BF:D2:6C:F5,RmaxDEMO,53.55000687,-113.44927216,3C:71:BF,1,wpa2,2025-01-11T06:00:00.000Z,2025-01-11T00:00:00.000Z,Edmonton,Alberta,CA,79 Street NW,T6A 3X4
3C:71:BF:D2:6D:0D,RmaxDEMO,49.77273941,-124.42951202,3C:71:BF,1,wpa2,2025-07-22T15:00:00.000Z,2025-08-20T08:00:00.000Z,Area C (Lois Lake/Saltery Bay),British Columbia,CA,Fleury Road,
3C:71:BF:D4:CD:85,Traeger-CD85,39.53258133,-119.91758728,3C:71:BF,5,wpa2,2026-07-13T18:00:00.000Z,2026-07-13T11:00:00.000Z,Reno,NV,US,Somersett Parkway,89523-3829
3C:71:BF:D4:CF:85,Traeger-CF85,50.93357086,-113.98332214,3C:71:BF,11,wpa2,2026-02-24T17:00:00.000Z,2026-02-24T10:00:00.000Z,Calgary,Alberta,CA,Douglasdale Boulevard SE,T2Z 4E6
3C:71:BF:D4:D0:FD,Traeger-D0FD,35.73033142,-97.97634125,3C:71:BF,5,wpa2,2025-03-01T18:00:00.000Z,2025-03-01T12:00:00.000Z,,OK,US,Okarche Avenue,73762
3C:71:BF:D4:D2:69,Traeger-D269,40.49703217,-111.96602631,3C:71:BF,5,wpa2,2026-01-29T19:00:00.000Z,2026-01-29T16:00:00.000Z,,UT,US,South Kailye Lane,84065
3C:71:BF:D4:D2:85,Traeger-D285,39.01639938,-94.65814972,3C:71:BF,5,wpa2,2019-10-22T19:00:00.000Z,2026-02-17T12:00:00.000Z,,KS,US,West 62nd Street,66202
3C:71:BF:D4:D4:65,Traeger-D465,47.81720352,-116.86862946,3C:71:BF,5,wpa2,2025-03-16T22:00:00.000Z,2025-03-16T17:00:00.000Z,,ID,US,West Highway 53,83858
3C:71:BF:D4:D6:69,Traeger-D669,46.97248077,-123.70869446,3C:71:BF,5,wpa2,2021-01-08T18:00:00.000Z,2026-07-31T19:00:00.000Z,,WA,US,Olympic Highway,98520
3C:71:BF:D4:D6:91,Traeger-D691,29.25183105,-100.21261597,3C:71:BF,5,wpa2,2026-06-22T13:00:00.000Z,2026-06-22T11:00:00.000Z,Brackettville,TX,US,US 90,78832
3C:71:BF:D4:D7:05,Traeger-D705,37.5639267,-121.97885132,3C:71:BF,5,wpa2,2023-10-03T23:00:00.000Z,2024-09-30T07:00:00.000Z,Fremont,CA,US,Mowry Avenue,94536
3C:71:BF:D4:D7:B5,Traeger-D7B5,33.81212616,-118.03023529,3C:71:BF,5,wpa2,2024-12-03T21:00:00.000Z,2024-12-03T16:00:00.000Z,,CA,US,Condee Street,90630
3C:71:BF:D4:D8:0D,Traeger-D80D,36.97518539,-121.94706726,3C:71:BF,5,wpa2,2026-07-19T03:00:00.000Z,2026-07-18T20:00:00.000Z,Capitola,CA,US,Hollister Avenue,95010
3C:71:BF:D4:D8:8D,Traeger-D88D,33.84128571,-118.06707764,3C:71:BF,5,wpa2,2024-12-07T18:00:00.000Z,2024-12-07T16:00:00.000Z,,CA,US,Verne Avenue,90715
3C:71:BF:D4:D8:D1,Traeger-D8D1,36.28447723,-94.19949341,3C:71:BF,5,wpa2,2025-10-16T21:00:00.000Z,2026-07-26T19:00:00.000Z,Rogers,AR,US,South Wallis Road,72758
3C:71:BF:D4:DA:49,Traeger-DA49,32.86154175,-116.9019165,3C:71:BF,5,wpa2,2026-01-01T18:00:00.000Z,2026-01-07T21:00:00.000Z,,CA,US,Lake Jennings Park Road,92040
3C:71:BF:D4:DE:F5,Traeger-DEF5,40.71266174,-111.84175873,3C:71:BF,5,wpa2,2021-12-05T10:00:00.000Z,2026-05-29T15:00:00.000Z,Salt Lake City,UT,US,2700 South,84106
3C:71:BF:D4:DF:F1,Traeger-DFF1,40.75026703,-96.65318298,3C:71:BF,5,wpa2,2024-09-14T17:00:00.000Z,2024-09-14T13:00:00.000Z,Lincoln,NE,US,South 48th Street,68516
3C:71:BF:D4:E2:D9,Traeger-E2D9,32.50034714,-84.95703888,3C:71:BF,5,wpa2,2025-05-07T12:00:00.000Z,2025-11-18T06:00:00.000Z,Columbus,GA,US,Warm Springs Road,31904
3C:71:BF:D4:E6:6D,Traeger-E66D,46.3741684,-117.00208282,3C:71:BF,5,wpa2,2026-07-28T15:00:00.000Z,2026-07-28T13:00:00.000Z,Lewiston,ID,US,Grelle Avenue,83501
3C:71:BF:D4:E6:95,Traeger-E695,41.14388657,-112.03474426,3C:71:BF,5,wpa2,2001-11-24T08:00:00.000Z,2026-05-25T16:00:00.000Z,,UT,US,North 450 West,84015
3C:71:BF:D4:E8:DD,Traeger-E8DD,45.44869614,-92.9281311,3C:71:BF,5,wpa2,2026-06-30T22:00:00.000Z,2026-06-30T18:00:00.000Z,,MN,US,Ivan Avenue,55079
3C:71:BF:D4:E9:25,Traeger-E925,44.99111176,-92.8733139,3C:71:BF,5,wpa2,2025-10-25T18:00:00.000Z,2025-10-25T20:00:00.000Z,Lake Elmo,MN,US,Legion Avenue North,55042
3C:71:BF:D4:EA:45,Traeger-EA45,47.30856323,-122.5958786,3C:71:BF,5,wpa2,2025-03-22T17:00:00.000Z,2026-05-21T14:00:00.000Z,,WA,US,56th Street Northwest,98335
3C:71:BF:D4:EA:A1,Traeger-EAA1,43.51713562,-73.23421478,3C:71:BF,5,wpa2,2025-08-29T22:00:00.000Z,2025-08-30T23:00:00.000Z,,VT,US,Main Street,05764
3C:71:BF:D4:EA:D1,Traeger-EAD1,33.33224106,-96.09049988,3C:71:BF,5,wpa2,2026-05-22T18:00:00.000Z,2026-05-25T07:00:00.000Z,Wolfe City,TX,US,TX 34,75496
3C:71:BF:D4:EB:20,,39.23506927,-76.4354248,3C:71:BF,1,unknown,2026-03-14T05:00:00.000Z,2026-03-15T08:00:00.000Z,,MD,US,Shaws Road,21219
3C:71:BF:D4:ED:D5,Traeger-EDD5,33.75911713,-78.89968109,3C:71:BF,5,wpa2,2026-05-30T23:00:00.000Z,2026-05-30T17:00:00.000Z,,SC,US,Revolutionary War Way,29579
3C:71:BF:D5:05:49,ACS_353C77,49.75860977,15.89671326,3C:71:BF,7,unknown,2024-06-17T09:00:00.000Z,2025-03-17T07:00:00.000Z,,Severovýchod,CZ,3436,53901
3C:71:BF:D5:07:21,ACS_323719,53.41504288,7.37981939,3C:71:BF,7,wpa2,2022-10-12T14:00:00.000Z,2026-01-23T09:00:00.000Z,Ihlow,Niedersachsen,DE,Auricher Straße,26632
3C:71:BF:D5:21:24,,41.60042953,-93.71450806,3C:71:BF,3,unknown,2026-04-23T17:00:00.000Z,2026-07-02T19:00:00.000Z,,IA,US,University Avenue,50324
3C:71:BF:D5:2F:25,ACS_36317C,52.28127289,10.53987598,3C:71:BF,7,wpa2,2026-03-04T12:00:00.000Z,2026-06-18T13:00:00.000Z,Braunschweig,Niedersachsen,DE,Am Bülten,38106
3C:71:BF:D5:2F:DD,ACS_3434DE,52.09617233,6.75875998,3C:71:BF,7,wpa2,2025-11-22T12:00:00.000Z,2026-01-02T08:00:00.000Z,,Nordrhein-Westfalen,DE,K 16,48691
3C:71:BF:D5:48:11,ACS Garage,51.33942032,7.01954651,3C:71:BF,7,wpa2,2026-06-19T18:00:00.000Z,2026-06-19T12:00:00.000Z,,Nordrhein-Westfalen,DE,Röntgenstraße,42549
3C:71:BF:D6:E1:D9,HZN: #0108440,41.43088913,-89.05896759,3C:71:BF,3,unknown,2024-09-18T18:00:00.000Z,2024-09-18T16:00:00.000Z,,IL,US,I 39;US 51,61334
3C:71:BF:D8:43:DD,Haustür,52.44087982,13.68900204,3C:71:BF,7,wpa2,2025-06-15T15:00:00.000Z,2025-06-15T09:00:00.000Z,Berlin,Treptow-Köpenick,DE,Fürstenwalder Allee,12589
3C:71:BF:D8:4D:35,HZN: #0303112,40.36396027,-96.24498749,3C:71:BF,3,unknown,2024-11-15T21:00:00.000Z,2024-11-15T22:00:00.000Z,,NE,US,Highway 136,68450
3C:71:BF:D8:4E:85,HZN: #0108457,40.42134094,-83.07416534,3C:71:BF,3,unknown,2025-10-12T18:00:00.000Z,2025-10-12T21:00:00.000Z,,OH,US,US 23,43015
3C:71:BF:D8:64:2D,HZN: #0108070,39.43330383,-87.61659241,3C:71:BF,3,unknown,2025-10-21T18:00:00.000Z,2025-10-25T15:00:00.000Z,,IL,US,East 1950th Road,62441
3C:71:BF:D8:66:19,D-Link_GO-RT-N300,47.39225388,16.54236412,3C:71:BF,7,wpa2,2025-09-30T10:00:00.000Z,2025-10-01T01:00:00.000Z,,Nyugat-Dunántúl,HU,Dózsa György utca,9730
3C:71:BF:D8:6A:B1,ACS_343AD2,51.19934845,6.79109287,3C:71:BF,7,wpa2,2021-01-06T14:00:00.000Z,2026-07-29T07:00:00.000Z,,Nordrhein-Westfalen,DE,Witzelstraße,40225
3C:71:BF:D8:6A:C1,ACS_313569,51.34519196,11.97300434,3C:71:BF,7,wpa2,2025-04-18T12:00:00.000Z,2026-05-12T06:00:00.000Z,Merseburg,Sachsen-Anhalt,DE,Geusaer Straße,06217
3C:71:BF:D8:7C:FD,ACS_353944,49.775177,8.46952724,3C:71:BF,7,wpa2,2025-05-11T13:00:00.000Z,2025-05-13T05:00:00.000Z,,Hessen,DE,Gernsheimer Straße,64584
3C:71:BF:D8:7F:DD,ACS_313166,50.82868576,9.00220203,3C:71:BF,7,unknown,2025-12-22T12:00:00.000Z,2025-12-22T05:00:00.000Z,,Hessen,DE,B 454,35260
3C:71:BF:D8:83:45,ACS_343A90,49.82080841,6.74530554,3C:71:BF,7,wpa2,2024-03-26T15:00:00.000Z,2026-06-07T04:00:00.000Z,,Rheinland-Pfalz,DE,Bernhard-Becker-Straße,54338
3C:71:BF:D8:83:F9,ACS_3131A7,49.44020081,10.9083786,3C:71:BF,7,wpa2,2026-03-14T14:00:00.000Z,2026-04-20T11:00:00.000Z,Zirndorf,Bayern,DE,Am Brünnfeld,90513
3C:71:BF:D8:A8:4D,Maku97,49.43933868,11.12774181,3C:71:BF,7,wpa2,2026-01-15T17:00:00.000Z,2026-01-15T12:00:00.000Z,Nürnberg,Bayern,DE,Valznerweiherstraße,90480
3C:71:BF:D8:A8:CD,ACS_33367C,50.56318283,5.90477467,3C:71:BF,7,wpa2,2026-05-16T10:00:00.000Z,2026-05-16T03:00:00.000Z,Polleur,Liège,BE,Avenue René Lange,4910
3C:71:BF:D8:A9:89,TuerAmPark,50.61701202,8.60701752,3C:71:BF,7,wpa2,2025-06-22T16:00:00.000Z,2025-06-22T10:00:00.000Z,,Hessen,DE,Am Park,35444
3C:71:BF:D8:A9:ED,Mirza,44.88196564,18.78907967,3C:71:BF,7,wpa2,2025-01-13T08:00:00.000Z,2025-01-13T01:00:00.000Z,Brčko,Brčko Distrikt,BA,Banjalučka,76100
3C:71:BF:D9:01:35,Traeger-0135,45.73149109,-122.87600708,3C:71:BF,5,wpa2,2020-06-05T14:00:00.000Z,2026-04-21T12:00:00.000Z,,OR,US,Lower Columbia River Highway,97056-3724
3C:71:BF:D9:04:85,Traeger-0485,41.66815567,-93.74720001,3C:71:BF,5,wpa2,2026-02-27T22:00:00.000Z,2026-02-27T14:00:00.000Z,,IA,US,Windsor Parkway,50131
3C:71:BF:D9:06:59,Traeger-0659,47.48886871,-112.3957901,3C:71:BF,5,wpa2,2025-08-06T16:00:00.000Z,2025-10-25T14:00:00.000Z,,MT,US,Main Street,59410
3C:71:BF:D9:06:89,Traeger-0689,28.19774818,-82.56829071,3C:71:BF,6,wpa2,2024-11-14T17:00:00.000Z,2024-11-14T09:00:00.000Z,,FL,US,Aviles Parkway,34656
3C:71:BF:D9:08:69,Traeger-0869,46.88320541,-96.76335907,3C:71:BF,5,wpa2,2024-09-11T17:00:00.000Z,2024-09-14T22:00:00.000Z,Moorhead,MN,US,8th Avenue North,56563
3C:71:BF:D9:08:DD,Traeger-08DD,41.74554825,-86.50526428,3C:71:BF,5,wpa2,2025-09-09T10:00:00.000Z,2025-09-09T03:00:00.000Z,,IN,US,Timothy Road,49113
3C:71:BF:D9:0D:61,Traeger-0D61,38.85877991,-99.26485443,3C:71:BF,5,wpa2,2026-03-19T03:00:00.000Z,2026-03-19T01:00:00.000Z,,KS,US,Hickock Avenue,67601
3C:71:BF:D9:10:FD,Traeger-10FD,31.69891357,-98.99357605,3C:71:BF,5,wpa2,2025-02-17T02:00:00.000Z,2025-02-16T19:00:00.000Z,Brownwood,TX,US,Avenue D,76801
3C:71:BF:D9:11:85,Traeger-1185,32.30305481,-80.97693634,3C:71:BF,5,wpa2,2025-10-09T19:00:00.000Z,2025-10-09T17:00:00.000Z,,SC,US,University Parkway,29909
3C:71:BF:D9:11:F1,Traeger-11F1,40.10551453,-111.62729645,3C:71:BF,5,wpa2,2020-05-29T14:00:00.000Z,2024-12-23T10:00:00.000Z,,UT,US,Dover Drive,84660
3C:71:BF:D9:12:A5,Traeger-12A5,46.9065361,-92.04811859,3C:71:BF,5,wpa2,2025-07-20T05:00:00.000Z,2026-07-13T16:00:00.000Z,Duluth,MN,US,Jean Duluth Road,55803
3C:71:BF:D9:13:21,Traeger-1321,47.09492111,-122.63848114,3C:71:BF,5,wpa2,2025-02-03T19:00:00.000Z,2025-02-03T16:00:00.000Z,,WA,US,Palisade Boulevard,98327
3C:71:BF:D9:13:DD,Traeger-13DD,39.45775604,-86.1240387,3C:71:BF,5,wpa2,2026-02-18T12:00:00.000Z,2026-02-18T11:00:00.000Z,,IN,US,State Road 44,46131:46151
3C:71:BF:D9:15:ED,Traeger-15ED,47.56533813,-114.11299133,3C:71:BF,5,wpa2,2026-04-20T23:00:00.000Z,2026-08-08T21:00:00.000Z,,MT,US,US 93,59855
3C:71:BF:D9:1A:61,Traeger-1A61,44.05373383,-76.1055069,3C:71:BF,5,wpa2,2023-06-03T15:00:00.000Z,2026-06-25T15:00:00.000Z,,NY,US,NY 12E,13622
3C:71:BF:D9:1A:6D,Traeger-1A6D,44.03525543,-92.61251831,3C:71:BF,5,wpa2,2026-06-15T22:00:00.000Z,2026-07-11T16:00:00.000Z,,MN,US,Brandt Drive Northeast,55920
3C:71:BF:D9:1C:61,Traeger-1C61,36.21517944,-115.22205353,3C:71:BF,5,wpa2,2025-05-05T19:00:00.000Z,2025-05-05T13:00:00.000Z,Las Vegas,NV,US,Haley Avenue,89107
3C:71:BF:D9:1D:F5,Traeger-1DF5,39.02625656,-104.38945007,3C:71:BF,5,wpa2,2025-12-17T22:00:00.000Z,2025-12-17T17:00:00.000Z,,CO,US,United States Highway 24,
3C:71:BF:D9:1F:65,Traeger-1F65,43.57445145,-116.35447693,3C:71:BF,3,wpa2,2026-02-19T01:00:00.000Z,2026-06-15T13:00:00.000Z,Meridian,ID,US,South Eagle Road,83642
3C:71:BF:D9:20:25,Traeger-2025,40.10185623,-111.63200378,3C:71:BF,5,wpa2,2023-04-08T23:00:00.000Z,2025-02-04T20:00:00.000Z,,UT,US,East 600 South,84660
3C:71:BF:D9:21:95,Traeger-2195,30.58964729,-84.25234985,3C:71:BF,5,wpa2,2023-06-11T14:00:00.000Z,2026-08-09T09:00:00.000Z,,FL,US,Bull Headley Road,32312
3C:71:BF:D9:22:E5,Traeger-22E5,41.92817307,-71.53659058,3C:71:BF,5,wpa2,2025-07-04T16:00:00.000Z,2025-07-04T09:00:00.000Z,,RI,US,Douglas Pike,02896
3C:71:BF:D9:23:35,Traeger-2335,42.23820114,-121.78132629,3C:71:BF,5,wpa2,2025-01-22T23:00:00.000Z,2026-05-21T20:00:00.000Z,,OR,US,Shelley Street,97601
3C:71:BF:D9:23:A5,Traeger-23A5,33.49587631,-117.1059494,3C:71:BF,5,wpa2,2024-11-04T00:00:00.000Z,2024-11-14T16:00:00.000Z,Temecula,CA,US,Corte Cabrera,92592
3C:71:BF:D9:23:B5,Traeger-23B5,47.55996704,-121.89431,3C:71:BF,6,wpa2,2025-01-28T20:00:00.000Z,2025-08-24T20:00:00.000Z,,WA,US,Preston Fall City Road Southeast,98024
3C:71:BF:D9:25:D9,Traeger-25D9,35.33779526,-97.53700256,3C:71:BF,5,wpa2,2023-05-25T07:00:00.000Z,2025-03-13T11:00:00.000Z,Oklahoma City,OK,US,Southwest 131st Street,73170
3C:71:BF:D9:29:05,Traeger-2905,48.43920135,-122.38414764,3C:71:BF,5,wpa2,2025-04-12T19:00:00.000Z,2025-10-17T19:00:00.000Z,,WA,US,Memorial Highway,98273
3C:71:BF:D9:2A:9D,Traeger-2A9D,41.28767776,-111.9900589,3C:71:BF,5,wpa2,2025-11-06T20:00:00.000Z,2025-11-13T08:00:00.000Z,Harrisville,UT,US,US 89,84404
3C:71:BF:D9:2B:E5,Traeger-2BE5,36.23232651,-86.56815338,3C:71:BF,5,wpa2,2025-08-18T22:00:00.000Z,2026-04-22T17:00:00.000Z,,TN,US,Overhills Court,37138
3C:71:BF:D9:2C:45,Traeger-2C45,33.42110062,-112.26108551,3C:71:BF,5,wpa2,2025-03-10T13:00:00.000Z,2025-03-12T09:00:00.000Z,Phoenix,AZ,US,West Lower Buckeye Road,
3C:71:BF:D9:2C:D9,Traeger-2CD9,36.3216362,-95.8301239,3C:71:BF,5,wpa2,2024-09-23T16:00:00.000Z,2025-03-22T22:00:00.000Z,,OK,US,North 129th East Avenue,74021
3C:71:BF:D9:2E:6D,Traeger-2E6D,33.58264542,-112.00067139,3C:71:BF,1,wpa2,2020-05-01T01:00:00.000Z,2025-03-09T00:00:00.000Z,Phoenix,AZ,US,East Shea Boulevard,85028
3C:71:BF:D9:32:E1,Traeger-32E1,33.66939926,-112.02799988,3C:71:BF,5,wpa2,2025-05-25T09:00:00.000Z,2025-08-13T00:00:00.000Z,Phoenix,AZ,US,East Beardsley Road,85050
3C:71:BF:D9:33:C1,Traeger-33C1,36.2878418,-115.15855408,3C:71:BF,5,wpa2,2025-09-03T20:00:00.000Z,2025-09-04T14:00:00.000Z,North Las Vegas,NV,US,Hodgson Lane,89084
3C:71:BF:D9:33:E9,Traeger-33E9,39.51600266,-104.78836823,3C:71:BF,5,wpa2,2023-08-28T00:00:00.000Z,2026-07-19T22:00:00.000Z,,CO,US,East Mainstreet,80134
3C:71:BF:D9:36:71,Traeger-3671,43.23106384,-86.25749207,3C:71:BF,11,wpa2,2026-05-02T19:00:00.000Z,2026-05-02T12:00:00.000Z,,MI,US,7th Street,49441
3C:71:BF:D9:36:C5,Traeger-36C5,40.24640274,-111.69519043,3C:71:BF,5,wpa2,2024-08-30T19:00:00.000Z,2024-08-30T14:00:00.000Z,Provo,UT,US,I 15,84601
3C:71:BF:D9:39:01,Traeger-3901,37.66530609,-120.96121216,3C:71:BF,5,wep,2023-08-25T18:00:00.000Z,2025-12-23T16:00:00.000Z,Modesto,CA,US,San Marco Drive,95355
3C:71:BF:D9:3A:4D,Traeger-3A4D,33.37636566,-84.79934692,3C:71:BF,5,wpa2,2026-03-06T23:00:00.000Z,2026-03-06T17:00:00.000Z,,GA,US,Jefferson Street,30263
3C:71:BF:D9:4A:49,ACS_3532C3,52.08740234,20.90556526,3C:71:BF,7,wpa2,2025-04-26T17:00:00.000Z,2025-04-26T18:00:00.000Z,Magdalenka,województwo mazowieckie,PL,Jesionowa,05-506
3C:71:BF:D9:4B:F9,HTVD,46.5381012,11.45981789,3C:71:BF,7,wpa2,2024-09-20T10:00:00.000Z,2024-09-20T03:00:00.000Z,Ritten - Renon,Trentino-Alto Adige/Südtirol,IT,Peter-Mayr-Straße - Via Peter Mayr,39054
3C:71:BF:D9:4C:05,ACS_35392E,52.6720047,13.57007027,3C:71:BF,7,wpa2,2003-11-12T17:00:00.000Z,2026-03-05T11:00:00.000Z,,Brandenburg,DE,Krokusstraße,16321
3C:71:BF:D9:4C:11,ACS_36351F,53.07093811,8.82780266,3C:71:BF,7,wpa2,2024-11-24T14:00:00.000Z,2025-06-21T03:00:00.000Z,Bremen,Bremen,DE,Brunnenstraße,28203
3C:71:BF:D9:4C:25,ACS_36307A,49.6022644,6.13104057,3C:71:BF,7,wpa2,2023-04-08T17:00:00.000Z,2025-11-15T02:00:00.000Z,Luxembourg,Canton Luxembourg,LU,Rue Glesener,1631
3C:71:BF:D9:68:A5,VD1000_3C:71:BF:D9:68:A4,-26.88390541,-49.24504852,3C:71:BF,1,wpa2,2026-07-24T01:00:00.000Z,2026-07-26T03:00:00.000Z,Indaial,Santa Catarina,BR,Rua Vereador Alvin Rauh Júnior,89082-139
3C:71:BF:D9:6F:BD,Traeger-6FBD,39.4683876,-118.70663452,3C:71:BF,5,wpa2,2026-03-06T04:00:00.000Z,2026-03-06T01:00:00.000Z,,NV,US,South Downs Lane,
3C:71:BF:D9:77:5D,Traeger-775D,43.26995468,-95.10942841,3C:71:BF,5,wpa2,2025-05-13T02:00:00.000Z,2026-04-13T16:00:00.000Z,,IA,US,260th Street,51351
3C:71:BF:D9:78:0D,Traeger-780D,41.14948273,-111.98288727,3C:71:BF,5,wpa2,2024-11-17T00:00:00.000Z,2026-07-25T16:00:00.000Z,,UT,US,South Weber Drive,84056
3C:71:BF:D9:78:A9,Traeger-78A9,48.7580719,-122.48126984,3C:71:BF,5,wpa2,2024-03-16T21:00:00.000Z,2026-05-27T20:00:00.000Z,Bellingham,WA,US,Girard Street,98225-3243
3C:71:BF:D9:78:F5,Traeger-78F5,33.0615921,-117.28913116,3C:71:BF,5,wpa2,2026-07-20T00:00:00.000Z,2026-07-20T00:00:00.000Z,,CA,US,Puebla Street,92024
3C:71:BF:D9:79:D5,Traeger-79D5,44.91965103,-92.91843414,3C:71:BF,5,wpa2,2025-12-27T18:00:00.000Z,2026-07-17T14:00:00.000Z,,MN,US,Valley Creek Road,55129
3C:71:BF:D9:7B:0D,Traeger-7B0D,38.98215485,-112.3349762,3C:71:BF,5,wpa2,2024-03-07T15:00:00.000Z,2025-05-01T16:00:00.000Z,,UT,US,I 15,84631
3C:71:BF:D9:7D:65,Traeger-7D65,45.77690506,-108.5970459,3C:71:BF,5,wpa2,2026-08-13T14:00:00.000Z,2026-08-13T08:00:00.000Z,Billings,MT,US,Zimmerman Trail,59102
3C:71:BF:D9:7D:81,Traeger-7D81,43.1764946,-95.66242981,3C:71:BF,5,wpa2,2020-08-08T19:00:00.000Z,2025-05-10T19:00:00.000Z,,IA,US,Sanborn Street,51248
3C:71:BF:D9:7E:59,Traeger-7E59,51.46765518,-109.15830231,3C:71:BF,5,wpa2,2025-06-19T21:00:00.000Z,2025-06-19T15:00:00.000Z,,Saskatchewan,CA,1 Street West,S0L 1S0
3C:71:BF:D9:7E:E5,Traeger-7EE5,40.03178787,-105.2868576,3C:71:BF,5,wpa2,2024-11-30T02:00:00.000Z,2024-11-29T18:00:00.000Z,Boulder,CO,US,8th Street,80306
3C:71:BF:D9:7F:75,Traeger-7F75,40.52899551,-111.47730255,3C:71:BF,5,wpa2,2026-08-09T18:00:00.000Z,2026-08-09T21:00:00.000Z,,UT,US,1050 North Street,84049
3C:71:BF:D9:80:DD,Traeger-80DD,40.28190994,-100.17370605,3C:71:BF,5,wpa2,2023-08-08T07:00:00.000Z,2026-08-10T20:00:00.000Z,,NE,US,Nasby Street,69022
3C:71:BF:D9:81:89,Traeger-8189,32.99866867,-117.19902039,3C:71:BF,5,wpa2,2026-06-01T00:00:00.000Z,2026-07-05T18:00:00.000Z,,CA,US,El Apajo,92091
3C:71:BF:D9:83:25,Traeger-8325,53.64369202,-113.50827789,3C:71:BF,5,wpa2,2026-07-24T23:00:00.000Z,2026-07-24T17:00:00.000Z,Edmonton,Alberta,CA,181 Avenue NW,T5X 4X4
3C:71:BF:D9:83:DD,Traeger-83DD,47.16687775,-122.1328125,3C:71:BF,5,wpa2,2025-04-12T03:00:00.000Z,2025-04-13T17:00:00.000Z,,WA,US,State Route 410 East,98321
3C:71:BF:D9:83:E5,Traeger-83E5,49.07942581,-121.86471558,3C:71:BF,5,wpa2,2025-06-24T03:00:00.000Z,2026-07-20T03:00:00.000Z,Area H (Cultus Lake/Columbia Valley),British Columbia,CA,Chilliwack Lake Road,V4Z 1A6
3C:71:BF:D9:84:79,Traeger-8479,33.10295486,-117.11355591,3C:71:BF,5,wpa2,2026-05-03T20:00:00.000Z,2026-07-28T13:00:00.000Z,Escondido,CA,US,Avenida del Diablo,92029-2132
3C:71:BF:D9:87:89,Traeger-8789,39.65926361,-119.70488739,3C:71:BF,5,wpa2,2024-08-18T01:00:00.000Z,2024-10-20T22:00:00.000Z,,NV,US,Pyramid Way,89441
3C:71:BF:D9:88:1D,Traeger-881D,43.63819504,-116.30427551,3C:71:BF,5,wpa2,2026-01-16T23:00:00.000Z,2026-01-17T12:00:00.000Z,Boise,ID,US,North Mitchell Street,83704
3C:71:BF:D9:88:25,Traeger-8825,35.97166443,-102.44677734,3C:71:BF,5,wpa2,2024-04-12T14:00:00.000Z,2026-07-23T15:00:00.000Z,,TX,US,US 87;US 385,79022
3C:71:BF:D9:89:6D,Traeger-896D,44.86908722,-93.2918396,3C:71:BF,5,wpa2,2026-07-06T19:00:00.000Z,2026-07-06T16:00:00.000Z,,MN,US,West 74th Street,55423
3C:71:BF:D9:89:89,Traeger-8989,40.44461441,-76.45172882,3C:71:BF,5,wpa2,2025-11-04T17:00:00.000Z,2025-11-04T09:00:00.000Z,Bethel Township,PA,US,West Main Street,17026
3C:71:BF:D9:8A:2D,Traeger-8A2D,42.29138947,-71.83939362,3C:71:BF,5,wpa2,2025-09-17T17:00:00.000Z,2025-10-22T18:00:00.000Z,Worcester,MA,US,Moreland Street,01609-1299
3C:71:BF:D9:8D:5D,Traeger-8D5D,49.63723755,-115.95974731,3C:71:BF,5,wpa2,2024-11-08T06:00:00.000Z,2024-11-24T22:00:00.000Z,Kimberley,British Columbia,CA,304th Avenue,V0B 1Z0
3C:71:BF:D9:91:25,Traeger-9125,44.57684326,-123.06190491,3C:71:BF,5,wpa2,2025-04-24T17:00:00.000Z,2026-08-08T14:00:00.000Z,,OR,US,Robert Hugh Baldock Freeway,97322
3C:71:BF:D9:92:31,Traeger-9231,33.6817131,-112.28005981,3C:71:BF,5,wpa2,2024-08-20T16:00:00.000Z,2025-03-19T19:00:00.000Z,Peoria,AZ,US,West Deer Valley Road,85383-1229
3C:71:BF:D9:92:99,Traeger-9299,40.39820862,-111.77335358,3C:71:BF,5,wpa2,2025-12-02T03:00:00.000Z,2026-07-20T23:00:00.000Z,,UT,US,North North County Boulevard,84003
3C:71:BF:D9:92:BD,Traeger-92BD,36.12935257,-115.23349762,3C:71:BF,5,wpa2,2024-05-12T03:00:00.000Z,2026-02-14T09:00:00.000Z,,NV,US,West Desert Inn Road,89146-5228
3C:71:BF:D9:93:51,Traeger-9351,41.77671432,-111.79238892,3C:71:BF,5,wpa2,2026-07-01T18:00:00.000Z,2026-07-01T15:00:00.000Z,,UT,US,2500 North,84341
3C:71:BF:D9:93:65,Traeger-9365,47.7364502,-116.87605286,3C:71:BF,5,wpa2,2025-08-17T12:00:00.000Z,2025-08-17T06:00:00.000Z,,ID,US,East Lyra Lane,
3C:71:BF:D9:98:A5,Traeger-98A5,33.3250351,-111.7249527,3C:71:BF,5,wpa2,2023-12-30T01:00:00.000Z,2024-12-18T21:00:00.000Z,Gilbert,AZ,US,East Agritopia Loop North,85236-4500
3C:71:BF:D9:9B:05,Traeger-9B05,40.53643036,-111.93859863,3C:71:BF,5,wpa2,2025-02-14T23:00:00.000Z,2025-02-15T18:00:00.000Z,,UT,US,Redwood Road,84095
3C:71:BF:D9:9B:65,Traeger-9B65,48.41153336,-123.32563782,3C:71:BF,5,wpa2,2025-04-19T00:00:00.000Z,2026-07-30T16:00:00.000Z,,British Columbia,CA,Crescent Road,V8S 2J8
3C:71:BF:D9:9E:C9,Traeger-9EC9,33.82867813,-118.36499023,3C:71:BF,5,wpa2,2024-12-24T17:00:00.000Z,2024-12-24T16:00:00.000Z,Torrance,CA,US,Laurette Street,90503
3C:71:BF:D9:A0:A9,Traeger-A0A9,45.55623245,-122.8679657,3C:71:BF,5,wpa2,2022-08-05T20:00:00.000Z,2026-04-15T09:00:00.000Z,,OR,US,Rock Creek Trail,97229-8529
3C:71:BF:D9:A1:11,Traeger-A111,31.990839,-81.09244537,3C:71:BF,5,wpa2,2023-05-30T15:00:00.000Z,2026-03-27T16:00:00.000Z,,GA,US,East Montgomery Cross Road,31406
3C:71:BF:D9:A2:29,Traeger-A229,39.17124557,-108.72982025,3C:71:BF,5,wpa2,2026-06-06T19:00:00.000Z,2026-06-06T16:00:00.000Z,,CO,US,Ponderosa Drive,81521
3C:71:BF:D9:CB:0D,ACS_313BB2,54.44200897,11.19851875,3C:71:BF,7,wpa2,2025-12-21T14:00:00.000Z,2026-04-10T06:00:00.000Z,Fehmarn,Schleswig-Holstein,DE,Niendorfer Weg,23769
3C:71:BF:D9:FB:49,HZN: #0305466,42.43304062,-88.43800354,3C:71:BF,3,unknown,2025-12-15T16:00:00.000Z,2025-12-15T09:00:00.000Z,,IL,US,Main Street,60034
3C:71:BF:DA:1D:C9,ESP_DA1DC9,55.65301514,37.50196457,3C:71:BF,1,unknown,2024-04-29T17:00:00.000Z,2024-08-21T02:00:00.000Z,Москва,Москва,RU,улица Миклухо-Маклая,117871
3C:71:BF:DA:21:69,RAINBIRDDA2168,52.23106384,5.1617837,3C:71:BF,1,unknown,2025-04-15T15:00:00.000Z,2025-05-21T07:00:00.000Z,,Noord-Holland,NL,Blijdensteinlaan,1217PD
3C:71:BF:DA:2F:DC,,41.63118362,-81.46659851,3C:71:BF,9,unknown,2024-10-30T17:00:00.000Z,2024-10-30T10:00:00.000Z,,OH,US,East 305th Street,44092
3C:71:BF:DA:48:2D,SEI-482C,40.67362595,-73.87516022,3C:71:BF,5,wpa2,2025-10-17T19:00:00.000Z,2026-03-03T06:00:00.000Z,City of New York,NY,US,Belmont Avenue,11208
3C:71:BF:DA:7B:DD,ESP_DA7BDD,60.7154274,28.72717667,3C:71:BF,1,unknown,2025-07-30T10:00:00.000Z,2025-08-01T03:00:00.000Z,,Ленинградская область,RU,Крепостная улица,188800
3C:71:BF:DA:F5:60,,27.75465202,-82.69788361,3C:71:BF,1,unknown,2025-12-05T23:00:00.000Z,2025-12-08T04:00:00.000Z,Saint Petersburg,FL,US,16th Avenue South,33711
3C:71:BF:DB:09:69,RAINBIRDDB0968,42.23803329,-82.99482727,3C:71:BF,1,wpa2,2006-02-22T19:00:00.000Z,2025-12-24T18:00:00.000Z,Windsor,Ontario,CA,Jessica Way,N9G 3A4
3C:71:BF:DB:4F:4D,SEI-4F4C,43.15211105,-75.41695404,3C:71:BF,5,wpa2,2025-04-25T00:00:00.000Z,2025-04-24T17:00:00.000Z,,NY,US,NY 233,13440
3C:71:BF:DB:4F:B9,SEI-4FB8,35.02326965,-85.11360168,3C:71:BF,5,wpa2,2021-11-19T19:00:00.000Z,2025-08-28T16:00:00.000Z,,TN,US,Banks Road,37421
3C:71:BF:DB:6B:6D,SEI-6B6C,39.76883698,-76.67899323,3C:71:BF,5,wpa2,2021-04-24T17:00:00.000Z,2024-09-01T20:00:00.000Z,,PA,US,South Highland Drive,17361
3C:71:BF:DB:75:A4,,40.93556213,-72.69194794,3C:71:BF,1,unknown,2025-01-05T21:00:00.000Z,2025-01-05T14:00:00.000Z,,NY,US,Middle Road,11901
3C:71:BF:DB:80:51,SEI-8050,33.02967072,-80.0911026,3C:71:BF,5,wpa2,2026-04-25T15:00:00.000Z,2026-08-03T12:00:00.000Z,Goose Creek,SC,US,College Park Road,29456
3C:71:BF:DB:84:4D,SEI-844C,39.33309555,-84.2199173,3C:71:BF,5,wpa2,2021-08-01T14:00:00.000Z,2025-10-04T19:00:00.000Z,,OH,US,SR 48,45039
3C:71:BF:DB:A3:69,SEI-A368,34.03119278,-118.37602234,3C:71:BF,5,wpa2,2024-11-03T22:00:00.000Z,2026-08-02T19:00:00.000Z,,CA,US,Smiley Drive,90292
3C:71:BF:DB:AB:8D,SEI-AB8C,41.95661545,-83.67955017,3C:71:BF,5,wpa2,2024-12-22T14:00:00.000Z,2024-12-22T08:00:00.000Z,,MI,US,Helle Drive,48131-9572
3C:71:BF:DB:B1:11,RAINBIRDDBB110,36.00154495,-115.1499176,3C:71:BF,1,unknown,2026-03-10T15:00:00.000Z,2026-06-23T13:00:00.000Z,,NV,US,,89183
3C:71:BF:DB:BC:0D,SEI-BC0C,36.00953674,-84.05625153,3C:71:BF,5,wpa2,2021-11-27T19:00:00.000Z,2026-07-31T22:00:00.000Z,,TN,US,West Beaver Creek Drive,37849
3C:71:BF:DB:BD:AD,SEI-BDAC,38.80040741,-107.77976227,3C:71:BF,5,wpa2,2025-08-27T01:00:00.000Z,2025-08-26T19:00:00.000Z,,CO,US,State Highway 92,81419
3C:71:BF:DB:BE:0D,SEI-BE0C,43.25130081,-77.18573761,3C:71:BF,5,wpa2,2026-04-25T19:00:00.000Z,2026-07-18T08:00:00.000Z,,NY,US,Lake Avenue,14589
3C:71:BF:DB:BE:95,SEI-BE94,42.3264389,-82.9948349,3C:71:BF,5,wpa2,2023-02-27T20:00:00.000Z,2025-03-28T12:00:00.000Z,Windsor,Ontario,CA,Riverside Drive East,N8Y 2P8
3C:71:BF:DB:BE:CD,SEI-BECC,39.40628815,-76.79923248,3C:71:BF,5,wpa2,2025-12-21T14:00:00.000Z,2025-12-21T07:00:00.000Z,,MD,US,Paragon Way,21117
3C:71:BF:DB:BE:E1,SEI-BEE0,39.28303528,-76.54945374,3C:71:BF,5,wpa2,2021-12-31T08:00:00.000Z,2026-01-24T14:00:00.000Z,Dundalk,MD,US,Highway I95,21224
3C:71:BF:DB:BF:2D,SEI-BF2C,35.96292877,-83.61277771,3C:71:BF,5,wpa2,2026-07-05T16:00:00.000Z,2026-07-05T15:00:00.000Z,,TN,US,Piney Road,37764
3C:71:BF:DB:BF:61,SEI-BF60,32.80381775,-96.71146393,3C:71:BF,5,wpa2,2021-11-20T22:00:00.000Z,2026-03-25T15:00:00.000Z,Dallas,TX,US,Ferguson Road,75228
3C:71:BF:DB:BF:C1,SEI-BFC0,43.1964798,-77.79903412,3C:71:BF,5,wpa2,2024-10-09T05:00:00.000Z,2026-07-17T12:00:00.000Z,,NY,US,Union Street,14559
3C:71:BF:DB:C0:1D,SEI-C01C,40.13584518,-111.61164093,3C:71:BF,5,wpa2,2024-10-02T04:00:00.000Z,2026-06-09T10:00:00.000Z,,UT,US,Eldorado Drive,84663
3C:71:BF:DB:C0:85,SEI-C084,34.46069717,-118.50325012,3C:71:BF,5,wpa2,2025-08-20T22:00:00.000Z,2025-08-20T15:00:00.000Z,Santa Clarita,CA,US,North Buckhorn Lane,91350
3C:71:BF:DB:C0:C5,SEI-C0C4,40.82933426,-74.14417267,3C:71:BF,5,wpa2,2026-03-05T19:00:00.000Z,2026-03-05T14:00:00.000Z,,NJ,US,Main Avenue,07011
3C:71:BF:DB:C2:0D,SEI-C20C,46.90908432,-102.80026245,3C:71:BF,5,wpa2,2026-07-01T16:00:00.000Z,2026-07-01T15:00:00.000Z,Dickinson,ND,US,10th Avenue West,58601
3C:71:BF:DB:C3:BD,SEI-C3BC,38.01730728,-121.88831329,3C:71:BF,5,wpa2,2021-01-04T10:00:00.000Z,2026-05-05T15:00:00.000Z,,CA,US,Avon Street,94565
3C:71:BF:DB:C3:ED,SEI-C3EC,47.61763,-111.98317719,3C:71:BF,5,wpa2,2025-08-05T22:00:00.000Z,2025-10-28T16:00:00.000Z,,MT,US,3rd Avenue North,59436
3C:71:BF:DB:C4:15,SEI-C414,47.57621765,-117.54512787,3C:71:BF,5,wpa2,2025-06-27T00:00:00.000Z,2025-06-27T02:00:00.000Z,,WA,US,West Floyd Drive,
3C:71:BF:DB:C5:C9,SEI-C5C8,40.7959404,-74.2651825,3C:71:BF,5,wpa2,2026-07-17T02:00:00.000Z,2026-07-16T21:00:00.000Z,,NJ,US,Buckingham Road,07052
3C:71:BF:DB:C5:DD,SEI-C5DC,43.22159576,-86.27075195,3C:71:BF,5,wpa2,2026-07-05T03:00:00.000Z,2026-07-04T20:00:00.000Z,,MI,US,Barclay Street,49441
3C:71:BF:DB:C6:31,SEI-C630,43.25127792,-77.6004715,3C:71:BF,5,wpa2,2020-09-12T16:00:00.000Z,2026-06-10T17:00:00.000Z,Town of Irondequoit,NY,US,Parkview Terrace,14617
3C:71:BF:DB:C6:41,SEI-C640,39.14557648,-76.5914917,3C:71:BF,5,wpa2,2026-06-19T19:00:00.000Z,2026-06-23T13:00:00.000Z,,MD,US,Baltimore Annapolis Boulevard,21060
3C:71:BF:DB:C9:15,SEI-C914,33.55116272,-117.21482849,3C:71:BF,5,wpa2,2024-10-19T17:00:00.000Z,2024-10-19T15:00:00.000Z,Murrieta,CA,US,2nd Avenue,92562
3C:71:BF:DB:C9:5D,SEI-C95C,40.0879631,-74.14253998,3C:71:BF,5,wpa2,2024-08-18T15:00:00.000Z,2025-11-20T03:00:00.000Z,,NJ,US,Burrsville Road,08724
3C:71:BF:DB:CC:09,SEI-CC08,33.78510666,-84.37968445,3C:71:BF,5,wpa2,2024-12-03T20:00:00.000Z,2025-05-14T05:00:00.000Z,Atlanta,GA,US,13th Street Northeast,30309
3C:71:BF:DB:CD:11,SEI-CD10,43.05970383,-78.88739777,3C:71:BF,5,wpa2,2022-11-01T15:00:00.000Z,2026-08-13T19:00:00.000Z,,NY,US,Payne Avenue,14120
3C:71:BF:DB:CE:0D,SEI-CE0C,43.56548691,-116.36841583,3C:71:BF,5,wpa2,2026-06-04T21:00:00.000Z,2026-06-17T11:00:00.000Z,Meridian,ID,US,East Wrightwood Drive,83642
3C:71:BF:DB:CE:A9,SEI-CEA8,38.03919601,-122.26537323,3C:71:BF,5,wpa2,2024-10-31T00:00:00.000Z,2024-10-30T20:00:00.000Z,,CA,US,San Pablo Avenue,94572
3C:71:BF:DB:CF:35,SEI-CF34,39.96373367,-75.39663696,3C:71:BF,5,wpa2,2026-05-02T16:00:00.000Z,2026-05-02T11:00:00.000Z,,PA,US,Newtown Street Road,19063
3C:71:BF:DB:CF:69,SEI-CF68,41.35912704,-82.82980347,3C:71:BF,5,wpa2,2025-02-11T20:00:00.000Z,2025-02-11T14:00:00.000Z,,OH,US,SR 269,44811:44824
3C:71:BF:DB:D0:7D,SEI-D07C,34.08613586,-117.87800598,3C:71:BF,5,wpa2,2026-06-26T16:00:00.000Z,2026-06-26T09:00:00.000Z,Covina,CA,US,East Badillo Street,91723
3C:71:BF:DB:D2:69,SEI-D268,38.96870804,-95.28137207,3C:71:BF,5,wpa2,2021-05-06T16:00:00.000Z,2026-04-11T06:00:00.000Z,Lawrence,KS,US,Kasold Drive,66049
3C:71:BF:DB:D5:45,SEI-D544,30.82668495,-89.57814789,3C:71:BF,5,wpa2,2025-08-07T20:00:00.000Z,2025-08-08T21:00:00.000Z,,MS,US,MS 26,39470
3C:71:BF:DB:D8:71,SEI-D870,42.77433777,-71.48788452,3C:71:BF,5,wpa2,2025-04-06T12:00:00.000Z,2025-04-06T14:00:00.000Z,Nashua,NH,US,Amherst Street,03064
3C:71:BF:DB:D8:A9,SEI-D8A8,47.7401123,-122.28920746,3C:71:BF,5,wpa2,2024-04-05T03:00:00.000Z,2026-07-25T20:00:00.000Z,,WA,US,Bothell Way Northeast,98155
3C:71:BF:DB:DA:5D,SEI-DA5C,30.51099205,-87.18212891,3C:71:BF,5,wpa2,2025-08-01T00:00:00.000Z,2025-08-26T10:00:00.000Z,,FL,US,Eastwood Lane,32514
3C:71:BF:DB:DA:69,SEI-DA68,41.61128998,-93.68240356,3C:71:BF,5,wpa2,2023-04-07T14:00:00.000Z,2026-03-03T17:00:00.000Z,Des Moines,IA,US,Franklin Avenue,50310
3C:71:BF:DB:DA:6D,SEI-DA6C,33.83324432,-84.60632324,3C:71:BF,5,wpa2,2026-07-14T21:00:00.000Z,2026-07-14T18:00:00.000Z,,GA,US,Clay Road Southwest,30126
3C:71:BF:DB:DA:A1,SEI-DAA0,39.98893356,-74.79433441,3C:71:BF,5,wpa2,2025-03-09T16:00:00.000Z,2025-03-12T07:00:00.000Z,,NJ,US,Madison Avenue,08060
3C:71:BF:DB:DA:B1,SEI-DAB0,40.05941772,-75.13561249,3C:71:BF,5,wpa2,2024-12-19T01:00:00.000Z,2024-12-18T18:00:00.000Z,Philadelphia,PA,US,70th Avenue,19126
3C:71:BF:DB:DD:49,SEI-DD48,34.74031067,-82.23768616,3C:71:BF,5,wpa2,2025-06-17T18:00:00.000Z,2025-06-27T15:00:00.000Z,Simpsonville,SC,US,East Georgia Road,29681
3C:71:BF:DB:F3:71,,47.27602005,-2.22213578,3C:71:BF,1,wpa2,2026-08-02T15:00:00.000Z,2026-08-02T10:00:00.000Z,,Pays de la Loire,FR,Rue du Commandant Gustave Gaté,44600
3C:71:BF:DB:FB:A9,,47.54620361,-2.89221525,3C:71:BF,1,wpa2,2024-04-30T14:00:00.000Z,2025-09-21T07:00:00.000Z,Arzon,Bretagne,FR,Boulevard de la Résistance,56640
3C:71:BF:DC:01:6D,SEI-016C,42.51603317,-71.11997986,3C:71:BF,5,wpa2,2023-09-03T19:00:00.000Z,2026-01-05T17:00:00.000Z,,MA,US,West Street,01867
3C:71:BF:DC:02:81,SEI-0280,39.17114639,-119.73464966,3C:71:BF,5,wpa2,2026-06-25T13:00:00.000Z,2026-06-25T07:00:00.000Z,Carson City,NV,US,Airport Road,89706
3C:71:BF:DC:02:89,SEI-0288,43.92338943,-116.93659973,3C:71:BF,5,wpa2,2026-05-09T04:00:00.000Z,2026-05-09T09:00:00.000Z,,ID,US,US 95,83619-6500
3C:71:BF:DC:02:B1,SEI-02B0,40.19150162,-76.19207764,3C:71:BF,5,wpa2,2025-05-03T14:00:00.000Z,2025-05-10T19:00:00.000Z,,PA,US,Clearview Avenue,17522
3C:71:BF:DC:03:89,SEI-0388,36.25478745,-115.12866211,3C:71:BF,5,wpa2,2024-06-25T19:00:00.000Z,2025-11-24T16:00:00.000Z,North Las Vegas,NV,US,Jewel Springs Lane,89081
3C:71:BF:DC:03:91,SEI-0390,43.02482605,-77.39959717,3C:71:BF,5,wpa2,2026-07-26T14:00:00.000Z,2026-07-26T09:00:00.000Z,,NY,US,Victor Egypt Road,14564
3C:71:BF:DC:03:DD,SEI-03DC,41.32830429,-73.43736267,3C:71:BF,5,wpa2,2023-06-09T16:00:00.000Z,2025-03-29T19:00:00.000Z,,CT,US,Long Ridge Road,06896
3C:71:BF:DC:04:19,SEI-0418,45.19673157,-93.11619568,3C:71:BF,5,wpa2,2020-05-02T11:00:00.000Z,2026-05-30T14:00:00.000Z,Lino Lakes,MN,US,Main Street,55038
3C:71:BF:DC:04:69,SEI-0468,39.28414917,-86.52147675,3C:71:BF,5,wpa2,2020-04-26T12:00:00.000Z,2025-12-26T16:00:00.000Z,,IN,US,I 69;SR 37,
3C:71:BF:DC:04:6D,SEI-046C,42.25066757,-84.42707062,3C:71:BF,5,wpa2,2025-06-29T09:00:00.000Z,2025-10-17T17:00:00.000Z,,MI,US,North Bowen Street,49202
3C:71:BF:DC:04:A1,SEI-04A0,33.65539932,-78.99451447,3C:71:BF,5,wpa2,2025-02-22T16:00:00.000Z,2025-02-22T09:00:00.000Z,,SC,US,Machrie Loop,29588
3C:71:BF:DC:04:C5,SEI-04C4,39.4018364,-77.19803619,3C:71:BF,5,wpa2,2025-03-30T17:00:00.000Z,2025-03-30T10:00:00.000Z,,MD,US,Old Annapolis Road,21771
3C:71:BF:DC:05:DD,SEI-05DC,40.97536087,-73.83567047,3C:71:BF,5,wpa2,2025-08-28T17:00:00.000Z,2025-08-28T10:00:00.000Z,City of Yonkers,NY,US,Roxbury Drive,10710
3C:71:BF:DC:06:11,SEI-0610,46.59300232,-112.03210449,3C:71:BF,5,wpa2,2026-02-05T21:00:00.000Z,2026-05-02T15:00:00.000Z,Helena,MT,US,East 13th Street,59624
3C:71:BF:DC:06:59,SEI-0658,41.27575684,-95.94864655,3C:71:BF,5,wpa2,2025-08-23T08:00:00.000Z,2025-08-23T03:00:00.000Z,Omaha,NE,US,North 25th Street,68111
3C:71:BF:DC:06:7D,SEI-067C,43.21947861,-77.47645569,3C:71:BF,5,wpa2,2020-11-05T12:00:00.000Z,2026-07-27T03:00:00.000Z,,NY,US,Newberry Lane,14580
3C:71:BF:DC:06:A5,SEI-06A4,42.0798378,-75.90671539,3C:71:BF,5,wpa2,2025-07-26T04:00:00.000Z,2025-07-28T00:00:00.000Z,,NY,US,Lanesboro Street,13903
3C:71:BF:DC:06:B9,SEI-06B8,39.99314117,-74.85986328,3C:71:BF,5,wpa2,2025-04-26T15:00:00.000Z,2025-05-02T11:00:00.000Z,,NJ,US,Timberline Drive,08054
3C:71:BF:DC:07:39,SEI-0738,32.43349457,-111.08363342,3C:71:BF,5,wpa2,2026-06-04T04:00:00.000Z,2026-07-15T07:00:00.000Z,,AZ,US,West Painted Cliff Drive,14000
3C:71:BF:DC:08:51,SEI-0850,42.76071167,-84.73970795,3C:71:BF,5,wpa2,2023-06-30T23:00:00.000Z,2024-11-19T09:00:00.000Z,,MI,US,North Clinton Street,48837
3C:71:BF:DC:08:7D,SEI-087C,38.8111763,-77.10214996,3C:71:BF,5,wpa2,2021-05-12T15:00:00.000Z,2026-07-19T17:00:00.000Z,Alexandria,VA,US,Duke Street,22304
3C:71:BF:DC:08:A1,SEI-08A0,47.18909454,-119.69460297,3C:71:BF,5,wpa2,2025-09-26T21:00:00.000Z,2026-01-22T13:00:00.000Z,,WA,US,WA 283,98848-9429
3C:71:BF:DC:09:05,SEI-0904,41.68700027,-87.82261658,3C:71:BF,5,wpa2,2026-06-09T14:00:00.000Z,2026-06-09T09:00:00.000Z,,IL,US,Cottonwood Drive,60465
3C:71:BF:DC:09:65,SEI-0964,43.18574905,-96.12413025,3C:71:BF,5,wpa2,2021-03-05T13:00:00.000Z,2025-06-27T19:00:00.000Z,,IA,US,Black Forest Road,51239
3C:71:BF:DC:09:6D,SEI-096C,39.77098465,-74.98506165,3C:71:BF,5,wpa2,2026-07-20T14:00:00.000Z,2026-07-20T10:00:00.000Z,,NJ,US,Kearsley Road,08081-4368
3C:71:BF:DC:09:91,SEI-0990,38.8205986,-122.5619278,3C:71:BF,5,wpa2,2024-12-24T19:00:00.000Z,2025-01-06T21:00:00.000Z,,CA,US,Fernwood Road,95467
3C:71:BF:DC:09:D1,SEI-09D0,33.76779175,-84.30951691,3C:71:BF,5,wpa2,2023-07-20T22:00:00.000Z,2025-05-28T16:00:00.000Z,,GA,US,Melrose Avenue,30030
3C:71:BF:DC:0A:11,SEI-0A10,45.16629791,-93.36299896,3C:71:BF,5,wpa2,2022-09-09T19:00:00.000Z,2026-06-30T17:00:00.000Z,,MN,US,117th Avenue North,55316
3C:71:BF:DC:0A:31,SEI-0A30,39.90390778,-75.30071259,3C:71:BF,5,wpa2,2024-10-24T20:00:00.000Z,2024-10-24T17:00:00.000Z,,PA,US,Hibbs Avenue,19036
3C:71:BF:DC:0A:59,SEI-0A58,34.0038681,-118.25460052,3C:71:BF,5,wpa2,2024-11-21T17:00:00.000Z,2024-11-21T16:00:00.000Z,Los Angeles,CA,US,East Vernon Avenue,90058
3C:71:BF:DC:0A:71,SEI-0A70,41.59540939,-93.70463562,3C:71:BF,5,wep,2025-06-30T11:00:00.000Z,2026-06-14T20:00:00.000Z,,IA,US,School Street,50324
3C:71:BF:DC:0A:A9,SEI-0AA8,43.13337708,-77.55303955,3C:71:BF,5,wpa2,2026-06-10T23:00:00.000Z,2026-06-10T17:00:00.000Z,,NY,US,Outer Loop,14610
3C:71:BF:DC:0A:B1,SEI-0AB0,30.13952637,-93.86064911,3C:71:BF,5,wpa2,2025-07-10T16:00:00.000Z,2025-07-10T09:00:00.000Z,,TX,US,Old Buna Road,77631
3C:71:BF:DC:0C:3D,SEI-0C3C,42.10024643,-71.04806519,3C:71:BF,5,wpa2,2026-04-27T20:00:00.000Z,2026-04-27T13:00:00.000Z,Brockton,MA,US,Oak Lane,02301-1816
3C:71:BF:DC:0C:ED,SEI-0CEC,42.82457733,-76.56678009,3C:71:BF,5,wpa2,2022-07-31T10:00:00.000Z,2024-10-06T14:00:00.000Z,,NY,US,South St Road,13021
3C:71:BF:DC:0D:05,SEI-0D04,47.13322067,-122.40519714,3C:71:BF,5,wpa2,2023-05-10T18:00:00.000Z,2024-12-08T21:00:00.000Z,Tacoma,WA,US,Brookdale Road East,98445
3C:71:BF:DC:0E:4D,,48.8927803,2.2893548,3C:71:BF,1,wpa2,2024-09-18T19:00:00.000Z,2024-09-18T12:00:00.000Z,,Île-de-France,FR,Rue Aristide Briand,92300
3C:71:BF:DC:0E:6D,SEI-0E6C,39.15221405,-77.97296906,3C:71:BF,5,wpa2,2024-09-07T20:00:00.000Z,2026-05-23T15:00:00.000Z,,VA,US,East Fairfax Street,22611
3C:71:BF:DC:0E:95,SEI-0E94,28.00803375,-82.43470764,3C:71:BF,5,wpa2,2021-03-02T08:00:00.000Z,2025-01-31T16:00:00.000Z,Tampa,FL,US,North 22nd Street,33610
3C:71:BF:DC:0E:A5,SEI-0EA4,35.73766708,-97.49612427,3C:71:BF,5,wpa2,2025-09-26T03:00:00.000Z,2025-09-25T23:00:00.000Z,Guthrie,OK,US,South Kelley Avenue,
3C:71:BF:DC:0E:D5,,48.82073212,2.20203757,3C:71:BF,1,wpa2,2024-12-07T22:00:00.000Z,2025-03-09T18:00:00.000Z,,Île-de-France,FR,Grande Rue,92310
3C:71:BF:DC:0F:21,SEI-0F20,41.24261475,-73.22470093,3C:71:BF,5,wpa2,2026-07-10T15:00:00.000Z,2026-07-10T09:00:00.000Z,,CT,US,Randolph Place,06611
3C:71:BF:DC:0F:29,SEI-0F28,40.71243668,-73.57009125,3C:71:BF,5,wpa2,2024-11-10T20:00:00.000Z,2024-11-10T13:00:00.000Z,,NY,US,Gates Avenue,11554
3C:71:BF:DC:0F:41,SEI-0F40,47.92288589,-97.0479126,3C:71:BF,5,wpa2,2025-09-25T02:00:00.000Z,2025-09-25T21:00:00.000Z,Grand Forks,ND,US,North 15th Street,58206
3C:71:BF:DC:0F:49,SEI-0F48,35.56714249,-82.63271332,3C:71:BF,5,wpa2,2023-05-26T19:00:00.000Z,2025-04-19T04:00:00.000Z,Asheville,NC,US,Starnes Cove Road,28806
3C:71:BF:DC:0F:81,SEI-0F80,44.97114944,-93.26602936,3C:71:BF,5,wpa2,2021-11-30T11:00:00.000Z,2025-08-22T19:00:00.000Z,Minneapolis,MN,US,Portland Avenue South,55488
3C:71:BF:DC:10:75,SEI-1074,36.45929337,-79.53863525,3C:71:BF,5,wpa2,2024-09-18T21:00:00.000Z,2026-03-28T19:00:00.000Z,,NC,US,US 29,27323
3C:71:BF:DC:10:95,SEI-1094,42.36880112,-89.05266571,3C:71:BF,5,wpa2,2025-10-11T22:00:00.000Z,2025-10-11T22:00:00.000Z,,IL,US,Ralston Road,61115
3C:71:BF:DC:10:A1,SEI-10A0,40.05015182,-76.44678497,3C:71:BF,5,wpa2,2025-03-22T00:00:00.000Z,2025-03-22T17:00:00.000Z,,PA,US,Concordia Road,17554
3C:71:BF:DC:10:CD,SEI-10CC,42.85906601,-70.92526245,3C:71:BF,5,wpa2,2022-01-28T08:00:00.000Z,2026-07-14T22:00:00.000Z,Amesbury,MA,US,Spring Street,01913
3C:71:BF:DC:10:D5,SEI-10D4,39.50681305,-95.19868469,3C:71:BF,5,wpa2,2026-07-08T16:00:00.000Z,2026-08-02T11:00:00.000Z,,KS,US,Osage Road,
3C:71:BF:DC:11:09,SEI-1108,37.50313568,-122.26573181,3C:71:BF,5,wpa2,2019-11-27T11:00:00.000Z,2026-04-23T12:00:00.000Z,San Carlos,CA,US,Prospect Street,94070
3C:71:BF:DC:11:6D,SEI-116C,40.85128403,-74.04515076,3C:71:BF,5,wpa2,2020-03-05T11:00:00.000Z,2024-12-31T10:00:00.000Z,,NJ,US,Paroubek Street,07643
3C:71:BF:DC:11:A1,SEI-11A0,42.50234222,-71.1091156,3C:71:BF,5,wpa2,2024-11-09T04:00:00.000Z,2024-11-08T20:00:00.000Z,,MA,US,Yankee Division Highway,02180
3C:71:BF:DC:12:AD,SEI-12AC,40.80149078,-74.16567993,3C:71:BF,5,wpa2,2023-01-30T01:00:00.000Z,2025-08-02T14:00:00.000Z,,NJ,US,Joralemon Street,07109
3C:71:BF:DC:12:F9,SEI-12F8,41.62514496,-74.10203552,3C:71:BF,5,wpa2,2025-04-19T13:00:00.000Z,2025-04-19T09:00:00.000Z,,NY,US,Forest Road,12589
3C:71:BF:DC:14:31,SEI-1430,37.34576035,-121.92558289,3C:71:BF,5,wpa2,2020-07-09T16:00:00.000Z,2026-01-24T10:00:00.000Z,San Jose,CA,US,Newhall Street,95126
3C:71:BF:DC:14:FD,SEI-14FC,39.15722275,-76.63554382,3C:71:BF,5,wpa2,2026-07-02T17:00:00.000Z,2026-07-02T20:00:00.000Z,,MD,US,Main Avenue Southwest,21061
3C:71:BF:DC:15:19,SEI-1518,41.26745224,-84.38542175,3C:71:BF,5,wpa2,2025-02-22T22:00:00.000Z,2026-02-14T15:00:00.000Z,,OH,US,South Clinton Street,43512
3C:71:BF:DC:20:B1,SEI-20B0,43.00076675,-85.65337372,3C:71:BF,5,wpa2,2025-10-25T22:00:00.000Z,2025-10-25T16:00:00.000Z,Grand Rapids,MI,US,Graceland Street Northeast,49505
3C:71:BF:DC:20:C5,SEI-20C4,47.51469421,-117.42815399,3C:71:BF,5,wpa2,2025-07-15T04:00:00.000Z,2025-07-30T22:00:00.000Z,,WA,US,West Paradise Road,
3C:71:BF:DC:20:F5,SEI-20F4,33.97186661,-118.29602051,3C:71:BF,5,wpa2,2024-11-30T21:00:00.000Z,2024-11-30T17:00:00.000Z,Los Angeles,CA,US,West 75th Street,90044
3C:71:BF:DC:27:01,SEI-2700,39.04305267,-94.60574341,3C:71:BF,5,wpa2,2025-09-07T01:00:00.000Z,2025-11-27T00:00:00.000Z,Kansas City,MO,US,Genesee Street,64112
3C:71:BF:DC:27:1D,SEI-271C,42.67559433,-77.06517029,3C:71:BF,5,wpa2,2022-08-20T10:00:00.000Z,2026-06-16T07:00:00.000Z,,NY,US,State Highway 14A,14527
3C:71:BF:DC:27:49,SEI-2748,30.39347649,-88.87773132,3C:71:BF,5,wpa2,2020-10-04T03:00:00.000Z,2026-01-19T09:00:00.000Z,Biloxi,MS,US,Beach Boulevard,39533-4701
3C:71:BF:DC:27:59,SEI-2758,42.41719818,-83.33542633,3C:71:BF,5,wpa2,2020-03-04T19:00:00.000Z,2026-05-27T11:00:00.000Z,,MI,US,Middlebelt Road,48154
3C:71:BF:DC:27:85,SEI-2784,39.04246521,-94.78573608,3C:71:BF,5,wpa2,2021-10-14T23:00:00.000Z,2024-11-09T07:00:00.000Z,Kansas City,KS,US,Holliday Drive,66218:66226
3C:71:BF:DC:27:95,SEI-2794,41.06524277,-74.07514954,3C:71:BF,5,wpa2,2025-06-01T21:00:00.000Z,2025-06-04T06:00:00.000Z,Upper Saddle River,NJ,US,Huff Terrace,07458
3C:71:BF:DC:27:BD,SEI-27BC,38.79341125,-84.35656738,3C:71:BF,5,wpa2,2026-02-21T15:00:00.000Z,2026-02-21T21:00:00.000Z,,KY,US,KY 177,41006
3C:71:BF:DC:27:C9,SEI-27C8,34.15083313,-118.82590485,3C:71:BF,5,wpa2,2020-01-31T17:00:00.000Z,2025-04-10T10:00:00.000Z,Thousand Oaks,CA,US,Agoura Road,91361
3C:71:BF:DC:2E:19,SEI-2E18,41.44171524,-86.00231171,3C:71:BF,5,wpa2,2025-06-08T20:00:00.000Z,2026-06-14T18:00:00.000Z,Nappanee,IN,US,West Lincoln Street,46550
3C:71:BF:DC:2E:BD,SEI-2EBC,41.53172302,-73.01305389,3C:71:BF,4,wep,2025-12-17T00:00:00.000Z,2025-12-19T15:00:00.000Z,Waterbury,CT,US,Peach Orchard Road,06706
3C:71:BF:DC:2F:85,SEI-2F84,33.57290268,-86.32681274,3C:71:BF,5,wpa2,2026-03-21T16:00:00.000Z,2026-04-10T19:00:00.000Z,,AL,US,Wolf Creek Road South,35125
3C:71:BF:DC:2F:8D,SEI-2F8C,41.2818985,-72.28495026,3C:71:BF,5,wpa2,2024-06-16T20:00:00.000Z,2026-08-01T17:00:00.000Z,,CT,US,West End Drive,06371
3C:71:BF:DC:32:ED,SEI-32EC,34.80249786,-85.46218109,3C:71:BF,5,wpa2,2025-07-12T17:00:00.000Z,2025-07-14T17:00:00.000Z,,GA,US,GA 136,30738
3C:71:BF:DC:36:29,SEI-3628,32.06383514,-110.70649719,3C:71:BF,5,wpa2,2025-01-08T20:00:00.000Z,2025-01-17T08:00:00.000Z,,AZ,US,South Boot Hill Way,85641
3C:71:BF:DC:36:55,SEI-3654,40.8250351,-73.98635864,3C:71:BF,5,wpa2,2021-05-27T18:00:00.000Z,2024-10-31T12:00:00.000Z,,NJ,US,Division Street,07010
3C:71:BF:DC:36:7D,SEI-367C,40.27561569,-76.40679932,3C:71:BF,5,wpa2,2021-12-08T10:00:00.000Z,2026-07-17T14:00:00.000Z,,PA,US,Boyd Street,17016
3C:71:BF:DC:36:9D,SEI-369C,40.31143951,-76.84619141,3C:71:BF,5,wpa2,2024-10-30T21:00:00.000Z,2024-11-16T15:00:00.000Z,,PA,US,Alessandro Boulevard,
3C:71:BF:DC:36:B9,SEI-36B8,40.83784103,-73.32488251,3C:71:BF,5,wpa2,2026-03-17T00:00:00.000Z,2026-06-27T12:00:00.000Z,,NY,US,Daly Road,11731
3C:71:BF:DC:36:C9,SEI-36C8,49.23315048,-123.15503693,3C:71:BF,5,wpa2,2025-12-16T19:00:00.000Z,2025-12-16T11:00:00.000Z,Vancouver,British Columbia,CA,East Boulevard,V6M
3C:71:BF:DC:3C:25,SEI-3C24,27.59601974,-97.23447418,3C:71:BF,5,wpa2,2024-03-07T23:00:00.000Z,2025-02-07T15:00:00.000Z,Corpus Christi,TX,US,Fortuna Bay Drive,78418
3C:71:BF:DC:3D:1D,SEI-3D1C,40.68196487,-73.50186157,3C:71:BF,5,wep,2025-04-06T17:00:00.000Z,2025-04-06T13:00:00.000Z,,NY,US,James Road,11793
3C:71:BF:DC:4B:C5,SEI-4BC4,41.57746887,-87.50203705,3C:71:BF,5,wpa2,2024-02-29T19:00:00.000Z,2026-04-04T03:00:00.000Z,,IN,US,175th Street,46324
3C:71:BF:DC:4B:F9,,44.02376938,5.10648537,3C:71:BF,1,wpa2,2023-12-22T20:00:00.000Z,2025-01-12T06:00:00.000Z,,Provence-Alpes-Côte d'Azur,FR,Route de la Courtoise,84210
3C:71:BF:DC:56:91,SEI-5690,37.77623749,-81.19067383,3C:71:BF,5,wpa2,2024-09-26T20:00:00.000Z,2026-05-22T13:00:00.000Z,Beckley,WV,US,Neville Street,25801
3C:71:BF:DC:5F:79,SEI-5F78,41.94734192,-72.0613327,3C:71:BF,5,wpa2,2023-12-30T17:00:00.000Z,2025-10-15T19:00:00.000Z,,CT,US,Somers Turnpike,06282
3C:71:BF:DC:64:15,SEI-6414,40.99488068,-91.97343445,3C:71:BF,5,wpa2,2026-03-11T09:00:00.000Z,2026-03-11T02:00:00.000Z,,IA,US,Liberty Drive,52556
3C:71:BF:DC:64:41,SEI-6440,36.2494278,-115.12112427,3C:71:BF,5,wpa2,2024-04-24T20:00:00.000Z,2026-02-25T13:00:00.000Z,North Las Vegas,NV,US,North Lawrence Street,89081
3C:71:BF:DC:64:E9,SEI-64E8,33.49272156,-117.09449005,3C:71:BF,5,wpa2,2024-12-20T13:00:00.000Z,2024-12-20T06:00:00.000Z,Temecula,CA,US,Ortona Street,92592
3C:71:BF:DC:65:0D,SEI-650C,33.99680328,-118.42318726,3C:71:BF,5,wpa2,2025-06-28T05:00:00.000Z,2025-06-28T00:00:00.000Z,,CA,US,Lindblade Drive,90066
3C:71:BF:DC:65:25,SEI-6524,41.74536133,-87.76558685,3C:71:BF,5,wpa2,2022-10-15T19:00:00.000Z,2026-04-30T05:00:00.000Z,,IL,US,Menard Avenue,60459
3C:71:BF:DC:65:51,,47.81120682,-3.63088346,3C:71:BF,1,wpa2,2024-08-17T09:00:00.000Z,2024-08-19T09:00:00.000Z,Moëlan-sur-Mer,Bretagne,FR,Rue Kerdiaoulig,29350
3C:71:BF:DC:6E:DD,SEI-6EDC,34.09994507,-118.36390686,3C:71:BF,5,wpa2,2023-02-28T11:00:00.000Z,2026-02-24T20:00:00.000Z,Los Angeles,CA,US,Selma Avenue,90046-2549
3C:71:BF:DC:6E:F1,SEI-6EF0,40.90925598,-73.01673126,3C:71:BF,5,wpa2,2025-02-06T06:00:00.000Z,2025-02-06T00:00:00.000Z,,NY,US,Broadhurst Street,11776
3C:71:BF:DC:6F:09,SEI-6F08,40.78929138,-74.0059433,3C:71:BF,5,wpa2,2021-02-13T14:00:00.000Z,2024-09-12T09:00:00.000Z,,NJ,US,Park Avenue,07093
3C:71:BF:DC:6F:15,SEI-6F14,39.85251999,-75.4414444,3C:71:BF,5,wpa2,2026-05-20T15:00:00.000Z,2026-05-20T22:00:00.000Z,Upper Chichester Township,PA,US,Cherry Tree Road,19014
3C:71:BF:DC:72:D9,ESP_DC72D9,30.72447777,-97.64375305,3C:71:BF,1,unknown,2026-03-27T13:00:00.000Z,2026-03-27T14:00:00.000Z,,TX,US,I 35,
3C:71:BF:DC:75:F9,SEI-75F8,37.55852509,-97.22664642,3C:71:BF,5,wpa2,2026-06-21T14:00:00.000Z,2026-06-26T18:00:00.000Z,,KS,US,North High Park Drive,67037
3C:71:BF:DC:76:09,SEI-7608,47.65171814,-117.14774323,3C:71:BF,5,wpa2,2025-10-16T21:00:00.000Z,2025-10-16T15:00:00.000Z,,WA,US,South Michigan Road,99037-9510
3C:71:BF:DC:76:21,SEI-7620,41.32296753,-75.74719238,3C:71:BF,5,wpa2,2025-11-09T20:00:00.000Z,2025-11-13T12:00:00.000Z,,PA,US,Main Street,18641
3C:71:BF:DC:78:51,SEI-7850,28.61231041,-81.50649261,3C:71:BF,5,wpa2,2024-09-24T00:00:00.000Z,2026-02-24T14:00:00.000Z,,FL,US,Clarcona Ocoee Road,32710
3C:71:BF:DC:7B:09,,48.05342484,-1.79946589,3C:71:BF,6,wpa2,2026-04-04T14:00:00.000Z,2026-04-04T14:00:00.000Z,,Bretagne,FR,Rue de Gavrinis,35310
3C:71:BF:DC:7B:79,SEI-7B78,38.87408829,-94.84936523,3C:71:BF,5,wpa2,2026-07-19T20:00:00.000Z,2026-07-19T18:00:00.000Z,Olathe,KS,US,West Ferrel Drive,66061
3C:71:BF:DC:7C:25,SEI-7C24,41.38558578,-73.06902313,3C:71:BF,5,wpa2,2026-02-10T00:00:00.000Z,2026-04-20T08:00:00.000Z,,CT,US,Maple Street,06483
3C:71:BF:DC:7C:45,SEI-7C44,29.79849434,-95.83264923,3C:71:BF,5,wpa2,2026-07-26T19:00:00.000Z,2026-07-26T17:00:00.000Z,,TX,US,Deer Run Crossing,77493
3C:71:BF:DC:7C:E9,SEI-7CE8,39.62387466,-78.22764587,3C:71:BF,5,wpa2,2024-02-10T00:00:00.000Z,2026-07-29T16:00:00.000Z,,WV,US,South Green Street,25411
3C:71:BF:DC:7D:5D,SEI-7D5C,43.05791092,-89.51768494,3C:71:BF,5,wpa2,2025-06-10T13:00:00.000Z,2025-06-21T17:00:00.000Z,Madison,WI,US,South High Point Road,53719
3C:71:BF:DC:7E:09,SEI-7E08,36.11559296,-84.63449097,3C:71:BF,5,wpa2,2026-05-11T10:00:00.000Z,2026-07-27T14:00:00.000Z,,TN,US,Montgomery Road,37770
3C:71:BF:DC:7E:81,SEI-7E80,40.02558517,-79.58763123,3C:71:BF,5,wpa2,2026-01-20T12:00:00.000Z,2026-01-20T05:00:00.000Z,,PA,US,North 9th Street,15425
3C:71:BF:DC:80:B5,SEI-80B4,42.55353165,-84.83609009,3C:71:BF,5,wpa2,2025-02-23T02:00:00.000Z,2025-02-22T23:00:00.000Z,,MI,US,West Shepherd Street,48813
3C:71:BF:DC:80:C9,SEI-80C8,34.54372787,-112.47988129,3C:71:BF,5,wpa2,2025-08-17T19:00:00.000Z,2026-05-23T18:00:00.000Z,Prescott,AZ,US,Brush Street,86305
3C:71:BF:DC:84:4D,,43.63200378,1.45934618,3C:71:BF,1,wpa2,2025-02-16T15:00:00.000Z,2025-02-16T07:00:00.000Z,Toulouse,Occitanie,FR,Chemin de Lapujade,31200
3C:71:BF:DC:84:61,SEI-8460,39.97268677,-75.85075378,3C:71:BF,5,wpa2,2020-12-29T23:00:00.000Z,2025-02-01T16:00:00.000Z,Valley Township,PA,US,Valley Road,19365
3C:71:BF:DC:84:81,SEI-8480,41.47506332,-87.98654938,3C:71:BF,5,wpa2,2026-04-14T03:00:00.000Z,2026-04-19T17:00:00.000Z,,IL,US,Yamaha Ridge,60451
3C:71:BF:DC:84:85,SEI-8484,36.40790939,-97.85276031,3C:71:BF,5,wpa2,2026-07-12T02:00:00.000Z,2026-07-12T08:00:00.000Z,Enid,OK,US,East Cedar Avenue,73701
3C:71:BF:DC:84:D5,SEI-84D4,30.2231102,-93.21553802,3C:71:BF,5,wpa2,2026-07-01T16:00:00.000Z,2026-07-01T15:00:00.000Z,Lake Charles,LA,US,Hodges Street,70601
3C:71:BF:DC:84:F1,SEI-84F0,33.81334686,-118.29967499,3C:71:BF,5,wpa2,2024-01-23T23:00:00.000Z,2025-06-06T10:00:00.000Z,Los Angeles,CA,US,Clearpool Place,90710
3C:71:BF:DC:86:49,SEI-8648,33.25804901,-96.89981842,3C:71:BF,5,wpa2,2025-08-22T18:00:00.000Z,2025-08-22T15:00:00.000Z,,TX,US,Oak Leaf Court,
3C:71:BF:DC:86:75,SEI-8674,38.40920639,-86.11412048,3C:71:BF,5,wpa2,2026-04-19T20:00:00.000Z,2026-04-19T15:00:00.000Z,,IN,US,US 150,47164
3C:71:BF:DC:86:79,SEI-8678,39.31436539,-77.791008,3C:71:BF,5,wpa2,2022-02-11T22:00:00.000Z,2026-01-31T11:00:00.000Z,,WV,US,US 340,25423
3C:71:BF:DC:87:2D,SEI-872C,38.70578003,-121.25662994,3C:71:BF,5,wpa2,2023-09-09T15:00:00.000Z,2025-03-20T16:00:00.000Z,,CA,US,Villa Oak Drive,95610
3C:71:BF:DC:87:8D,SEI-878C,40.09784698,-111.63092804,3C:71:BF,5,wpa2,2025-09-27T00:00:00.000Z,2025-09-26T18:00:00.000Z,,UT,US,South 1400 East Street,84660
3C:71:BF:DC:87:ED,SEI-87EC,28.51004219,-81.27876282,3C:71:BF,5,wpa2,2026-05-23T00:00:00.000Z,2026-07-28T11:00:00.000Z,,FL,US,Curry Ford Road,32822
3C:71:BF:DC:89:55,SEI-8954,39.23846817,-94.67536163,3C:71:BF,5,wpa2,2026-03-23T02:00:00.000Z,2026-03-22T21:00:00.000Z,Kansas City,MO,US,Northwest 79th Place,64152
3C:71:BF:DC:89:95,SEI-8994,40.23197937,-75.28076935,3C:71:BF,5,wpa2,2023-11-06T20:00:00.000Z,2026-07-18T09:00:00.000Z,,PA,US,East Hancock Street,19446
3C:71:BF:DC:8A:75,SEI-8A74,45.08721161,-93.2956543,3C:71:BF,5,wpa2,2026-04-13T21:00:00.000Z,2026-04-14T16:00:00.000Z,Brooklyn Center,MN,US,73rd Avenue North,55444
3C:71:BF:DC:8A:ED,SEI-8AEC,42.96438599,-85.66683197,3C:71:BF,5,wpa2,2023-08-08T11:00:00.000Z,2026-04-16T10:00:00.000Z,Grand Rapids,MI,US,Library Street Northeast,49503
3C:71:BF:DC:8A:FD,SEI-8AFC,33.08700943,-97.2436142,3C:71:BF,5,wpa2,2025-03-09T17:00:00.000Z,2025-03-09T16:00:00.000Z,,TX,US,Norma Lane,
3C:71:BF:DC:8B:1D,SEI-8B1C,37.64480972,-98.74474335,3C:71:BF,5,wpa2,2026-08-03T16:00:00.000Z,2026-08-03T18:00:00.000Z,,KS,US,South Taylor Street,67124
3C:71:BF:DC:8B:69,SEI-8B68,37.77379608,-120.81771088,3C:71:BF,5,wpa2,2022-05-16T19:00:00.000Z,2026-07-11T13:00:00.000Z,,CA,US,South Stearns Road,95361
3C:71:BF:DC:8B:81,SEI-8B80,47.23556137,-122.51409149,3C:71:BF,5,wpa2,2026-05-12T04:00:00.000Z,2026-05-11T23:00:00.000Z,,WA,US,Berkeley Avenue,98466-6041
3C:71:BF:DC:8B:89,SEI-8B88,34.45952606,-79.6296463,3C:71:BF,5,wpa2,2025-02-21T21:00:00.000Z,2025-08-02T10:00:00.000Z,,SC,US,State Highway 38,29516
3C:71:BF:DC:8B:8D,SEI-8B8C,40.93006897,-72.89355469,3C:71:BF,5,wpa2,2025-01-24T23:00:00.000Z,2025-01-24T18:00:00.000Z,,NY,US,Randall Road,11786
3C:71:BF:DC:8C:39,SEI-8C38,40.1025238,-77.01895905,3C:71:BF,5,wpa2,2024-12-14T22:00:00.000Z,2024-12-14T19:00:00.000Z,,PA,US,Old York Road,17019
3C:71:BF:DC:8C:D9,SEI-8CD8,42.48557281,-71.07859039,3C:71:BF,5,wpa2,2024-07-03T21:00:00.000Z,2025-08-23T13:00:00.000Z,,MA,US,Brookbridge Road,02180
3C:71:BF:DC:8D:E5,SEI-8DE4,32.46747208,-111.11618805,3C:71:BF,5,wpa2,2023-02-18T13:00:00.000Z,2025-05-21T09:00:00.000Z,,AZ,US,West Foothills Acacia Place,14000
3C:71:BF:DC:8E:D1,SEI-8ED0,33.90904236,-84.19798279,3C:71:BF,5,wpa2,2025-05-07T04:00:00.000Z,2025-05-07T06:00:00.000Z,,GA,US,Brookside Oak Circle,30093
3C:71:BF:DC:8E:E9,SEI-8EE8,52.10797501,-106.61305237,3C:71:BF,5,wpa2,2024-09-16T04:00:00.000Z,2024-09-15T22:00:00.000Z,Saskatoon,Saskatchewan,CA,Phillips Crescent,S7H 3K4
3C:71:BF:DC:8F:09,SEI-8F08,38.97766495,-77.40158081,3C:71:BF,5,wpa2,2021-10-16T12:00:00.000Z,2026-07-08T19:00:00.000Z,,VA,US,Page Court,20170
3C:71:BF:DC:8F:1D,SEI-8F1C,41.91915512,-71.08499908,3C:71:BF,5,wpa2,2022-09-10T10:00:00.000Z,2026-07-05T18:00:00.000Z,Taunton,MA,US,Thrasher Street,02780
3C:71:BF:DC:8F:2D,SEI-8F2C,25.73366356,-80.29573822,3C:71:BF,5,wpa2,2026-01-09T14:00:00.000Z,2026-06-12T22:00:00.000Z,,FL,US,Southwest 62nd Court,33155
3C:71:BF:DC:8F:A1,SEI-8FA0,39.8467865,-74.94787598,3C:71:BF,5,wpa2,2024-12-16T20:00:00.000Z,2024-12-16T15:00:00.000Z,,NJ,US,Timberline Drive,08043
3C:71:BF:DC:8F:B1,SEI-8FB0,40.67241669,-80.21777344,3C:71:BF,5,wpa2,2026-07-18T08:00:00.000Z,2026-07-26T01:00:00.000Z,,PA,US,Conway Wallrose Road,15143
3C:71:BF:DC:97:A5,SEI-97A4,45.19064331,-69.23396301,3C:71:BF,5,wpa2,2025-06-14T17:00:00.000Z,2025-08-04T10:00:00.000Z,,ME,US,Park Street,04426
3C:71:BF:DC:97:B9,SEI-97B8,28.95460892,-80.88144684,3C:71:BF,5,wpa2,2025-01-29T14:00:00.000Z,2025-01-29T14:00:00.000Z,,FL,US,Schooner Avenue,32141
3C:71:BF:DC:9D:65,SEI-9D64,39.75130081,-105.0033493,3C:71:BF,5,wpa2,2020-12-02T15:00:00.000Z,2025-01-15T21:00:00.000Z,Denver,CO,US,Wewatta Street,80202
3C:71:BF:DC:9D:8D,SEI-9D8C,35.25719833,-97.4950943,3C:71:BF,5,wpa2,2023-05-23T12:00:00.000Z,2026-07-13T12:00:00.000Z,Norman,OK,US,Carnoustie Drive,73072
3C:71:BF:DC:9F:B1,SEI-9FB0,39.97250748,-74.14852905,3C:71:BF,5,wpa2,2023-07-28T20:00:00.000Z,2026-07-30T13:00:00.000Z,,NJ,US,Audubon Drive,08753
3C:71:BF:DC:A0:29,SEI-A028,41.1399498,-96.04751587,3C:71:BF,5,wpa2,2026-08-04T11:00:00.000Z,2026-08-04T22:00:00.000Z,,NE,US,Highway 370,68046
3C:71:BF:DC:A0:35,SEI-A034,42.06482315,-83.96569061,3C:71:BF,5,wpa2,2023-11-10T00:00:00.000Z,2025-04-22T11:00:00.000Z,,MI,US,Clinton Macon Road,49236
3C:71:BF:DC:A0:89,SEI-A088,42.0065918,-88.00406647,3C:71:BF,5,wpa2,2024-11-12T02:00:00.000Z,2024-11-14T05:00:00.000Z,,IL,US,South Arlington Heights Road,60007-3545
3C:71:BF:DC:A0:A1,SEI-A0A0,38.96903992,-93.73638916,3C:71:BF,5,wpa2,2022-03-19T20:00:00.000Z,2025-11-27T14:00:00.000Z,,MO,US,MO 13,
3C:71:BF:DC:A6:F1,SEI-A6F0,41.49028397,-75.69961548,3C:71:BF,5,wpa2,2024-10-07T18:00:00.000Z,2024-10-07T14:00:00.000Z,,PA,US,Knapp Road,18411
3C:71:BF:DC:A7:C5,SEI-A7C4,32.5969429,-116.99811554,3C:71:BF,5,wpa2,2025-05-25T04:00:00.000Z,2025-05-24T23:00:00.000Z,Chula Vista,CA,US,Avenida Escaya,91911-6069
3C:71:BF:DC:A7:D9,SEI-A7D8,33.56429672,-112.24239349,3C:71:BF,5,wpa2,2026-03-08T16:00:00.000Z,2026-03-08T14:00:00.000Z,Peoria,AZ,US,West Golden Lane,85345-7050
3C:71:BF:DC:A8:4D,SEI-A84C,33.86265564,-117.36672974,3C:71:BF,5,wpa2,2025-05-19T20:00:00.000Z,2025-05-19T17:00:00.000Z,,CA,US,Washington Street,92508
3C:71:BF:DC:A8:A1,SEI-A8A0,37.39810562,-122.0630722,3C:71:BF,5,wpa2,2025-07-18T04:00:00.000Z,2025-10-21T02:00:00.000Z,Mountain View,CA,US,East Middlefield Road,94043-3421
3C:71:BF:DC:A9:65,SEI-A964,40.96940613,-74.07247925,3C:71:BF,5,wpa2,2026-07-17T13:00:00.000Z,2026-07-17T08:00:00.000Z,,NJ,US,Bush Place,07652
3C:71:BF:DC:A9:9D,SEI-A99C,42.98127747,-74.14864349,3C:71:BF,5,wpa2,2024-09-13T15:00:00.000Z,2024-09-13T14:00:00.000Z,,NY,US,North Pawling Street,12010
3C:71:BF:DC:A9:E1,,48.51272964,2.33054233,3C:71:BF,1,wpa2,2026-05-18T20:00:00.000Z,2026-05-18T14:00:00.000Z,Itteville,Île-de-France,FR,Route de Bouray,91760
3C:71:BF:DC:AA:05,SEI-AA04,42.60346985,-83.93204498,3C:71:BF,5,wpa2,2023-05-28T21:00:00.000Z,2026-07-30T16:00:00.000Z,,MI,US,South Michigan Avenue,48843
3C:71:BF:DC:AA:21,SEI-AA20,41.76112366,-93.82515717,3C:71:BF,5,wpa2,2026-01-20T19:00:00.000Z,2026-01-20T18:00:00.000Z,,IA,US,State Street,50109
3C:71:BF:DC:AD:C1,,50.2674675,2.80142117,3C:71:BF,1,wpa2,2024-09-11T18:00:00.000Z,2024-10-03T10:00:00.000Z,,Hauts-de-France,FR,Vieux Chemin d'Arras à Saint-Quentin,62217
3C:71:BF:DC:B1:09,,49.25108719,4.02585459,3C:71:BF,1,wpa2,2024-11-06T16:00:00.000Z,2024-11-21T11:00:00.000Z,Reims,Grand Est,FR,Rue Chabaud,51100
3C:71:BF:DC:B2:DD,SEI-B2DC,33.72470093,-117.87832642,3C:71:BF,5,wpa2,2025-01-28T21:00:00.000Z,2025-01-28T16:00:00.000Z,Santa Ana,CA,US,West Berkeley Street,92707
3C:71:BF:DC:B2:E9,SEI-B2E8,26.24494362,-80.21359253,3C:71:BF,5,wpa2,2025-07-26T03:00:00.000Z,2025-07-26T13:00:00.000Z,,FL,US,Northwest 66th Avenue,33063
3C:71:BF:DC:B3:5D,SEI-B35C,43.08441925,-70.94789124,3C:71:BF,5,wpa2,2025-04-02T17:00:00.000Z,2025-05-09T13:00:00.000Z,,NH,US,Packers Falls Road,03857
3C:71:BF:DC:B3:A1,SEI-B3A0,33.66893768,-117.30072784,3C:71:BF,5,wpa2,2026-02-15T16:00:00.000Z,2026-02-15T12:00:00.000Z,,CA,US,Kimberly Court,92532
3C:71:BF:DC:B4:ED,SEI-B4EC,39.8562088,-76.76717377,3C:71:BF,5,wpa2,2025-03-05T21:00:00.000Z,2025-03-05T14:00:00.000Z,,PA,US,Church Street,17360
3C:71:BF:DC:B6:21,SEI-B620,41.96892929,-88.34165192,3C:71:BF,5,wpa2,2024-11-09T13:00:00.000Z,2024-11-09T05:00:00.000Z,,IL,US,Silver Glen Road,60177
3C:71:BF:DC:B6:79,SEI-B678,40.77656555,-72.97792816,3C:71:BF,5,wpa2,2025-01-14T00:00:00.000Z,2025-01-13T18:00:00.000Z,,NY,US,Hospital Road,11772
3C:71:BF:DC:B6:A1,SEI-B6A0,42.22118378,-83.1830368,3C:71:BF,5,wpa2,2026-03-15T19:00:00.000Z,2026-03-15T23:00:00.000Z,,MI,US,Hubbard Avenue,48146
3C:71:BF:DC:B6:B1,SEI-B6B0,40.43181229,-74.42330933,3C:71:BF,5,wpa2,2024-09-18T22:00:00.000Z,2026-08-12T12:00:00.000Z,,NJ,US,Ryders Lane,08816
3C:71:BF:DC:B6:B5,SEI-B6B4,45.1258316,-93.12731171,3C:71:BF,5,wpa2,2026-05-19T15:00:00.000Z,2026-07-31T10:00:00.000Z,Lino Lakes,MN,US,Hodgson Road,55014
3C:71:BF:DC:B6:E1,SEI-B6E0,43.91868973,-78.85598755,3C:71:BF,5,wpa2,2025-01-05T16:00:00.000Z,2026-07-05T22:00:00.000Z,Oshawa,Ontario,CA,Rossland Road East,L1G 5T6
3C:71:BF:DC:B6:FD,SEI-B6FC,35.10399628,-77.06936646,3C:71:BF,5,wpa2,2025-05-28T20:00:00.000Z,2025-05-28T13:00:00.000Z,New Bern,NC,US,Spencer Avenue,28560
3C:71:BF:DC:B7:01,SEI-B700,34.13693237,-117.85346985,3C:71:BF,5,wpa2,2025-09-10T16:00:00.000Z,2025-09-10T09:00:00.000Z,Glendora,CA,US,East Dalton Avenue,91741
3C:71:BF:DC:B7:09,SEI-B708,33.9764061,-118.05138397,3C:71:BF,5,wpa2,2025-02-16T18:00:00.000Z,2025-08-27T22:00:00.000Z,,CA,US,Walnut Grove Drive,90606
3C:71:BF:DC:B7:D1,RAINBIRDDCB7D0,40.0113945,-86.19367981,3C:71:BF,1,unknown,2026-07-20T01:00:00.000Z,2026-07-20T02:00:00.000Z,,IN,US,Woodford Drive,46069:46074
3C:71:BF:DC:B8:71,SEI-B870,40.82915878,-96.63053894,3C:71:BF,5,wpa2,2021-01-03T16:00:00.000Z,2026-08-07T11:00:00.000Z,Lincoln,NE,US,North Cotner Boulevard,68505
3C:71:BF:DC:B8:91,SEI-B890,34.01282883,-118.31270599,3C:71:BF,5,wpa2,2024-11-15T14:00:00.000Z,2025-09-27T22:00:00.000Z,Los Angeles,CA,US,Leighton Avenue,90062
3C:71:BF:DC:B8:E5,SEI-B8E4,41.59947205,-73.40816498,3C:71:BF,5,wpa2,2024-02-18T00:00:00.000Z,2025-02-01T07:00:00.000Z,,CT,US,Carlson Ridge Court,06776
3C:71:BF:DC:B8:E9,SEI-B8E8,36.03185654,-95.89193726,3C:71:BF,5,wpa2,2023-04-22T18:00:00.000Z,2025-02-01T14:00:00.000Z,Tulsa,OK,US,East 91st Street,74133
3C:71:BF:DC:C6:81,SEI-C680,42.19978714,-87.81251526,3C:71:BF,5,wpa2,2022-03-23T08:00:00.000Z,2026-04-17T03:00:00.000Z,Highwood,IL,US,Prairie Avenue,60040
3C:71:BF:DC:C6:A9,SEI-C6A8,41.81087112,-73.11958313,3C:71:BF,5,wpa2,2023-10-13T21:00:00.000Z,2026-07-08T12:00:00.000Z,Torrington,CT,US,East Elm Street,06790
3C:71:BF:DC:C7:35,SEI-C734,40.84502792,-96.64012146,3C:71:BF,5,wpa2,2025-02-05T17:00:00.000Z,2025-10-23T18:00:00.000Z,Lincoln,NE,US,Touzalin Avenue,68504-2794
3C:71:BF:DC:C7:71,SEI-C770,44.73259735,-85.51879883,3C:71:BF,5,wpa2,2024-10-26T02:00:00.000Z,2024-10-25T20:00:00.000Z,,MI,US,Five Mile Road,49610
3C:71:BF:DC:C7:79,SEI-C778,29.88985825,-90.06612396,3C:71:BF,5,wpa2,2025-10-07T17:00:00.000Z,2025-10-07T12:00:00.000Z,,LA,US,Maplewood Drive,70058
3C:71:BF:DC:C7:B5,SEI-C7B4,33.79337311,-118.11799622,3C:71:BF,5,wpa2,2024-12-10T17:00:00.000Z,2024-12-10T14:00:00.000Z,Long Beach,CA,US,Albury Avenue,90815
3C:71:BF:DC:C7:B9,SEI-C7B8,39.67259598,-80.07790375,3C:71:BF,5,wpa2,2006-08-25T18:00:00.000Z,2026-04-11T22:00:00.000Z,,WV,US,,26527
3C:71:BF:DC:C7:CD,SEI-C7CC,41.92595673,-87.84394073,3C:71:BF,5,wpa2,2025-01-26T19:00:00.000Z,2025-02-11T08:00:00.000Z,,IL,US,Des Plaines River Road,60176
3C:71:BF:DC:C8:69,SEI-C868,28.90243912,-81.28153992,3C:71:BF,5,wpa2,2026-05-17T22:00:00.000Z,2026-05-17T17:00:00.000Z,,FL,US,Cat Tail Lane,32713
3C:71:BF:DC:C8:AD,SEI-C8AC,32.90387344,-96.70048523,3C:71:BF,5,wpa2,2022-07-07T08:00:00.000Z,2026-08-01T19:00:00.000Z,Dallas,TX,US,Plano Road,75042
3C:71:BF:DC:C8:B1,SEI-C8B0,40.80565262,-73.96038055,3C:71:BF,5,wep,2024-10-19T14:00:00.000Z,2024-10-19T09:00:00.000Z,City of New York,NY,US,West 115th Street,10025
3C:71:BF:DC:C8:E9,SEI-C8E8,40.9431839,-73.8684082,3C:71:BF,5,wpa2,2026-04-22T20:00:00.000Z,2026-04-22T21:00:00.000Z,City of Yonkers,NY,US,Palmer Road,10701
3C:71:BF:DC:CA:25,SEI-CA24,34.4173851,-88.4734726,3C:71:BF,5,wpa2,2021-11-07T08:00:00.000Z,2026-06-29T05:00:00.000Z,,MS,US,MS 371,38829:38856
3C:71:BF:DC:CA:31,SEI-CA30,40.70800781,-74.30214691,3C:71:BF,5,wpa2,2026-03-20T13:00:00.000Z,2026-03-20T17:00:00.000Z,,NJ,US,Washington Avenue,07081
3C:71:BF:DC:CA:35,SEI-CA34,33.58216095,-111.94229889,3C:71:BF,5,wpa2,2026-01-26T18:00:00.000Z,2026-01-26T11:00:00.000Z,Scottsdale,AZ,US,East Shea Boulevard,85254
3C:71:BF:DC:CA:75,SEI-CA74,40.97201538,-111.88858795,3C:71:BF,5,wpa2,2026-06-21T01:00:00.000Z,2026-06-20T18:00:00.000Z,,UT,US,50 West,84025
3C:71:BF:DC:CA:BD,SEI-CABC,39.58621597,-105.02342224,3C:71:BF,5,wpa2,2020-03-09T09:00:00.000Z,2026-06-01T12:00:00.000Z,,CO,US,South Santa Fe Drive,80120
3C:71:BF:DC:CA:DD,SEI-CADC,41.15851212,-83.42306519,3C:71:BF,5,wpa2,2025-04-08T16:00:00.000Z,2025-04-08T09:00:00.000Z,,OH,US,West North Street,44830
3C:71:BF:DC:CB:3D,SEI-CB3C,38.21541214,-78.89825439,3C:71:BF,5,wpa2,2024-09-17T14:00:00.000Z,2024-09-17T13:00:00.000Z,,VA,US,Battlefield Road,24441
3C:71:BF:DC:CB:7D,SEI-CB7C,41.73815536,-87.83992004,3C:71:BF,5,wpa2,2026-06-10T15:00:00.000Z,2026-06-10T09:00:00.000Z,,IL,US,84th Street,60458
3C:71:BF:DC:CB:9D,SEI-CB9C,25.74821281,-80.29814911,3C:71:BF,5,wpa2,2020-11-16T10:00:00.000Z,2026-02-21T09:00:00.000Z,Miami,FL,US,Southwest 24th Street,33155
3C:71:BF:DC:CB:A5,SEI-CBA4,41.43886948,-96.50209808,3C:71:BF,5,wpa2,2025-02-13T00:00:00.000Z,2026-06-09T16:00:00.000Z,Fremont,NE,US,North Nye Avenue,68025
3C:71:BF:DC:CB:C1,SEI-CBC0,36.06301498,-115.0532074,3C:71:BF,5,wpa2,2026-04-24T05:00:00.000Z,2026-05-26T14:00:00.000Z,Henderson,NV,US,Chelsea Drive,89014
3C:71:BF:DC:CB:CD,SEI-CBCC,42.58029175,-71.80557251,3C:71:BF,5,wpa2,2025-06-02T14:00:00.000Z,2025-06-02T14:00:00.000Z,Fitchburg,MA,US,Rollstone Street,01420
3C:71:BF:DC:CC:41,SEI-CC40,39.78450775,-86.25324249,3C:71:BF,5,wpa2,2024-11-02T17:00:00.000Z,2024-11-02T11:00:00.000Z,,IN,US,B&O Trail,46224
3C:71:BF:DC:CC:75,SEI-CC74,41.9478035,-87.76148224,3C:71:BF,5,wpa2,2021-12-12T18:00:00.000Z,2025-03-02T20:00:00.000Z,Chicago,IL,US,West Waveland Avenue,60634
3C:71:BF:DC:CC:85,SEI-CC84,38.28260803,-104.646698,3C:71:BF,5,wpa2,2026-02-23T04:00:00.000Z,2026-02-22T21:00:00.000Z,Pueblo,CO,US,West 17th Street,81003
3C:71:BF:DC:CC:89,SEI-CC88,39.76407242,-104.9887619,3C:71:BF,5,wpa2,2025-08-11T23:00:00.000Z,2025-11-10T15:00:00.000Z,Denver,CO,US,Delganey Street,80202
3C:71:BF:DC:CC:D9,SEI-CCD8,36.052845,-115.21013641,3C:71:BF,5,wpa2,2026-06-25T15:00:00.000Z,2026-06-25T13:00:00.000Z,,NV,US,West Desert Dandelion Court,89118
3C:71:BF:DC:CD:31,SEI-CD30,40.72840118,-73.49047852,3C:71:BF,5,wpa2,2025-12-10T12:00:00.000Z,2026-01-02T17:00:00.000Z,Levittown,NY,US,Hicksville Road,11714
3C:71:BF:DC:CD:79,SEI-CD78,44.92442322,-93.22292328,3C:71:BF,5,wpa2,2022-07-01T14:00:00.000Z,2026-01-28T18:00:00.000Z,Minneapolis,MN,US,34th Avenue South,55417
3C:71:BF:DC:CD:A5,SEI-CDA4,29.40244675,-98.78990936,3C:71:BF,5,wpa2,2026-02-13T03:00:00.000Z,2026-02-15T15:00:00.000Z,,TX,US,Ladera Hills,
3C:71:BF:DC:CD:F5,SEI-CDF4,27.7918129,-82.71022797,3C:71:BF,5,wpa2,2021-09-17T18:00:00.000Z,2026-03-07T11:00:00.000Z,Saint Petersburg,FL,US,22nd Avenue North,33710
3C:71:BF:DC:CE:5D,SEI-CE5C,33.94239807,-84.08058167,3C:71:BF,5,wpa2,2025-03-11T05:00:00.000Z,2025-03-10T23:00:00.000Z,,GA,US,Binghampton Lane,30044
3C:71:BF:DC:CF:09,SEI-CF08,43.90630722,-69.98023224,3C:71:BF,5,wpa2,2020-11-05T08:00:00.000Z,2025-04-21T11:00:00.000Z,,ME,US,McKeen Street,04011
3C:71:BF:DC:CF:15,SEI-CF14,42.26501465,-89.05882263,3C:71:BF,5,wpa2,2025-12-26T02:00:00.000Z,2025-12-25T21:00:00.000Z,Rockford,IL,US,2nd Avenue,61108
3C:71:BF:DC:CF:D5,SEI-CFD4,39.2158432,-84.51416779,3C:71:BF,5,wpa2,2021-08-02T10:00:00.000Z,2026-05-27T18:00:00.000Z,,OH,US,West Galbraith Road,45247
3C:71:BF:DC:D0:59,SEI-D058,41.39242172,-82.5581665,3C:71:BF,5,wpa2,2024-02-09T16:00:00.000Z,2025-11-05T05:00:00.000Z,,OH,US,Williams Street,44839
3C:71:BF:DC:D0:A5,SEI-D0A4,41.63284302,-93.62488556,3C:71:BF,5,wpa2,2025-05-01T01:00:00.000Z,2025-10-26T10:00:00.000Z,Des Moines,IA,US,Madison Avenue,50313
3C:71:BF:DC:D0:BD,SEI-D0BC,47.18639755,-122.55996704,3C:71:BF,5,wpa2,2022-11-13T13:00:00.000Z,2025-05-11T02:00:00.000Z,,WA,US,78th Street Southwest,98498
3C:71:BF:DC:D0:C9,SEI-D0C8,33.83934402,-117.90313721,3C:71:BF,5,wpa2,2025-07-25T23:00:00.000Z,2025-07-26T10:00:00.000Z,Anaheim,CA,US,North East Street,92805
3C:71:BF:DC:D0:E1,SEI-D0E0,34.04430389,-118.21411133,3C:71:BF,5,wpa2,2026-02-21T20:00:00.000Z,2026-02-21T23:00:00.000Z,Los Angeles,CA,US,South Saint Louis Street,90023
3C:71:BF:DC:D2:D5,SEI-D2D4,40.84790421,-74.00032043,3C:71:BF,5,wpa2,2024-12-13T16:00:00.000Z,2024-12-13T09:00:00.000Z,,NJ,US,Brinkerhoff Terrace,07650
3C:71:BF:DC:D2:DD,SEI-D2DC,36.17388535,-115.0887146,3C:71:BF,5,wpa2,2025-03-18T18:00:00.000Z,2025-03-20T13:00:00.000Z,Las Vegas,NV,US,East Bonanza Road,89110
3C:71:BF:DC:D2:E5,SEI-D2E4,40.71350479,-73.56890106,3C:71:BF,5,wep,2024-11-10T20:00:00.000Z,2024-11-10T13:00:00.000Z,,NY,US,Berg Avenue,11554
3C:71:BF:DC:D2:F9,,47.2315979,-1.53152001,3C:71:BF,1,wpa2,2026-06-19T15:00:00.000Z,2026-06-19T09:00:00.000Z,Nantes,Pays de la Loire,FR,Rue de l'Ouchette,44000
3C:71:BF:DC:D3:A9,,47.6556015,-1.49940848,3C:71:BF,1,wpa2,2026-02-17T14:00:00.000Z,2026-02-17T13:00:00.000Z,,Pays de la Loire,FR,Rue de la Magdeleine,44590
3C:71:BF:DC:D3:E5,SEI-D3E4,45.63170242,-89.41477203,3C:71:BF,5,wpa2,2023-07-07T12:00:00.000Z,2025-11-18T12:00:00.000Z,Rhinelander,WI,US,Arbutus Street,54501
3C:71:BF:DC:D3:F5,SEI-D3F4,42.76060104,-95.54889679,3C:71:BF,5,wpa2,2025-01-10T20:00:00.000Z,2025-01-10T22:00:00.000Z,,IA,US,Sioux Valley Drive,51012
3C:71:BF:DC:D3:FD,SEI-D3FC,36.54876709,-82.45191193,3C:71:BF,5,wpa2,2024-09-24T01:00:00.000Z,2026-05-25T11:00:00.000Z,Kingsport,TN,US,Memorial Boulevard,37664
3C:71:BF:DC:D4:51,SEI-D450,40.68469238,-73.75682068,3C:71:BF,5,wpa2,2022-12-29T23:00:00.000Z,2025-04-15T16:00:00.000Z,City of New York,NY,US,122nd Avenue,11413
3C:71:BF:DC:D5:35,SEI-D534,34.02840042,-118.39550781,3C:71:BF,5,wpa2,2026-03-14T19:00:00.000Z,2026-05-16T21:00:00.000Z,Los Angeles,CA,US,Exposition Boulevard,90034-4000
3C:71:BF:DC:D5:51,SEI-D550,40.74332809,-96.66040802,3C:71:BF,5,wpa2,2025-08-17T01:00:00.000Z,2026-05-08T11:00:00.000Z,Lincoln,NE,US,South 43rd Street,68516
3C:71:BF:DC:D5:59,SEI-D558,44.27447891,-69.8113327,3C:71:BF,5,wpa2,2025-09-18T19:00:00.000Z,2025-09-18T13:00:00.000Z,,ME,US,Smith Road,04347
3C:71:BF:DC:D5:AD,SEI-D5AC,40.0475502,-75.08745575,3C:71:BF,5,wpa2,2025-08-25T14:00:00.000Z,2025-08-28T17:00:00.000Z,Philadelphia,PA,US,Oxford Avenue,19111
3C:71:BF:DC:D5:CD,SEI-D5CC,39.17350388,-83.99172211,3C:71:BF,5,wpa2,2024-04-05T22:00:00.000Z,2025-01-20T14:00:00.000Z,,OH,US,SR 131,45118
3C:71:BF:DC:D6:9D,SEI-D69C,30.18486595,-95.46990204,3C:71:BF,5,wpa2,2026-01-19T15:00:00.000Z,2026-01-19T13:00:00.000Z,The Woodlands,TX,US,Jadewing Court,77381
3C:71:BF:DC:D6:B9,SEI-D6B8,39.93907928,-75.2738266,3C:71:BF,5,wpa2,2025-11-22T16:00:00.000Z,2026-05-29T18:00:00.000Z,,PA,US,Owen Avenue,19050
3C:71:BF:DC:D6:BD,SEI-D6BC,32.96384048,-117.17293549,3C:71:BF,5,wpa2,2021-03-13T20:00:00.000Z,2026-07-03T13:00:00.000Z,San Diego,CA,US,Solterra Vista Parkway,92130-5404
3C:71:BF:DC:D7:05,SEI-D704,42.99831009,-71.43566132,3C:71:BF,5,wpa2,2020-09-22T20:00:00.000Z,2024-11-24T09:00:00.000Z,Manchester,NH,US,Mammoth Road,03104
3C:71:BF:DC:D7:29,SEI-D728,40.01307678,-86.15516663,3C:71:BF,5,wpa2,2025-02-15T20:00:00.000Z,2025-02-17T10:00:00.000Z,,IN,US,East Bloomfield Lane,46074
3C:71:BF:DC:D7:71,SEI-D770,38.80049896,-77.24983215,3C:71:BF,5,wpa2,2022-11-13T05:00:00.000Z,2026-06-01T10:00:00.000Z,,VA,US,Rolling Road,22015
3C:71:BF:DC:D8:91,SEI-D890,32.84226608,-97.08849335,3C:71:BF,5,wpa2,2025-06-28T00:00:00.000Z,2025-08-27T21:00:00.000Z,Euless,TX,US,Freestone Drive,76039
3C:71:BF:DC:D9:85,SEI-D984,42.81187439,-110.99793243,3C:71:BF,5,wpa2,2025-09-01T18:00:00.000Z,2025-09-01T15:00:00.000Z,,WY,US,WY 238,83111
3C:71:BF:DC:DA:A9,SEI-DAA8,41.73220062,-87.83561707,3C:71:BF,5,wpa2,2026-06-10T15:00:00.000Z,2026-06-10T09:00:00.000Z,,IL,US,Orchard Drive,60457
3C:71:BF:DC:DB:45,SEI-DB44,40.82278824,-73.94547272,3C:71:BF,5,wpa2,2024-10-31T18:00:00.000Z,2024-10-31T12:00:00.000Z,City of New York,NY,US,Saint Nicholas Avenue,10030
3C:71:BF:DC:DB:85,SEI-DB84,36.12976837,-96.00097656,3C:71:BF,5,wpa2,2021-12-15T11:00:00.000Z,2026-07-04T15:00:00.000Z,Tulsa,OK,US,West 23rd Street,74113
3C:71:BF:DC:DB:C5,SEI-DBC4,40.70760727,-74.09275818,3C:71:BF,5,wpa2,2025-01-27T18:00:00.000Z,2025-01-27T10:00:00.000Z,Jersey City,NJ,US,Woodlawn Avenue,07305
3C:71:BF:DC:DC:05,SEI-DC04,34.48632812,-88.20655823,3C:71:BF,5,wpa2,2026-01-18T16:00:00.000Z,2026-01-18T20:00:00.000Z,,MS,US,2nd Street,38827:38847
3C:71:BF:DC:DC:2D,SEI-DC2C,36.21348953,-115.02170563,3C:71:BF,5,wpa2,2025-03-17T13:00:00.000Z,2025-08-13T13:00:00.000Z,,NV,US,,89191
3C:71:BF:DC:DC:39,SEI-DC38,32.5975914,-116.99943542,3C:71:BF,5,wpa2,2025-04-26T16:00:00.000Z,2025-04-26T18:00:00.000Z,Chula Vista,CA,US,Camino Prado,91911-6069
3C:71:BF:DC:DC:85,SEI-DC84,40.21203995,-74.77874756,3C:71:BF,5,wpa2,2024-08-25T18:00:00.000Z,2026-03-31T17:00:00.000Z,,PA,US,North Pennsylvania Avenue,19067
3C:71:BF:DC:DC:E9,SEI-DCE8,38.33295822,-85.69643402,3C:71:BF,5,wpa2,2026-06-16T12:00:00.000Z,2026-07-11T07:00:00.000Z,,IN,US,,47130
3C:71:BF:DC:DC:F1,SEI-DCF0,40.70985413,-75.34371185,3C:71:BF,5,wpa2,2026-07-29T15:00:00.000Z,2026-07-29T11:00:00.000Z,Lower Nazareth Township,PA,US,Rockbridge Road,18064
3C:71:BF:DC:DD:81,SEI-DD80,41.5975647,-73.01438904,3C:71:BF,5,wep,2025-10-17T14:00:00.000Z,2025-10-17T09:00:00.000Z,,CT,US,Lyman Road,06716
3C:71:BF:DC:DE:31,SEI-DE30,29.04292488,-81.30445862,3C:71:BF,5,wpa2,2024-01-11T15:00:00.000Z,2026-06-28T17:00:00.000Z,,FL,US,North Woodland Boulevard,32720
3C:71:BF:DC:DE:69,SEI-DE68,39.58769226,-119.78527069,3C:71:BF,5,wpa2,2025-01-26T01:00:00.000Z,2026-04-15T17:00:00.000Z,,NV,US,Sidehill Drive,89433-7303
3C:71:BF:DC:DE:9D,SEI-DE9C,40.47822189,-79.93160248,3C:71:BF,5,wpa2,2024-02-16T23:00:00.000Z,2026-06-04T12:00:00.000Z,Pittsburgh,PA,US,Kalamazoo Way,15206
3C:71:BF:DC:DE:AD,SEI-DEAC,40.1944313,-74.69546509,3C:71:BF,5,wpa2,2025-04-03T21:00:00.000Z,2025-04-03T14:00:00.000Z,,NJ,US,Gropp Avenue,08610
3C:71:BF:DC:DF:BD,SEI-DFBC,39.10899734,-94.77342987,3C:71:BF,5,wpa2,2025-04-01T23:00:00.000Z,2025-04-01T22:00:00.000Z,Kansas City,KS,US,North 83rd Terrace,66112
3C:71:BF:DC:E1:B1,SEI-E1B0,39.11208725,-77.27502441,3C:71:BF,5,wpa2,2025-04-01T00:00:00.000Z,2025-04-12T15:00:00.000Z,,MD,US,Darnestown Road,20878
3C:71:BF:DC:E1:E5,SEI-E1E4,40.84460449,-74.12633514,3C:71:BF,5,wpa2,2020-02-28T18:00:00.000Z,2026-02-11T15:00:00.000Z,,NJ,US,Park Avenue,07055
3C:71:BF:DC:E1:F1,SEI-E1F0,26.17684746,-80.20858765,3C:71:BF,5,wpa2,2025-07-27T06:00:00.000Z,2025-07-28T19:00:00.000Z,Lauderdale Lakes,FL,US,Northwest 42nd Street,33319
3C:71:BF:DC:E2:19,SEI-E218,33.93196487,-118.21051025,3C:71:BF,5,wpa2,2024-11-16T20:00:00.000Z,2024-11-16T16:00:00.000Z,,CA,US,Los Flores Boulevard,90262
3C:71:BF:DC:E2:29,SEI-E228,34.23171616,-118.53608704,3C:71:BF,5,wpa2,2025-03-02T17:00:00.000Z,2025-03-03T16:00:00.000Z,Los Angeles,CA,US,Reseda Boulevard,91325-3301
3C:71:BF:DC:E2:41,SEI-E240,41.72217178,-84.21678925,3C:71:BF,5,wpa2,2026-03-07T20:00:00.000Z,2026-03-07T14:00:00.000Z,,MI,US,West Congress Street,49256
3C:71:BF:DC:E2:5D,SEI-E25C,34.02235794,-118.49482727,3C:71:BF,1,wpa2,2020-05-10T12:00:00.000Z,2026-02-01T00:00:00.000Z,Santa Monica,CA,US,Lincoln Boulevard,90292
3C:71:BF:DC:E3:01,SEI-E300,47.2107811,-68.22473907,3C:71:BF,5,wpa2,2024-09-18T14:00:00.000Z,2024-09-18T11:00:00.000Z,,ME,US,Lake Shore Road,04773
3C:71:BF:DC:E3:1D,SEI-E31C,35.98936081,-115.25978851,3C:71:BF,5,wpa2,2025-10-09T17:00:00.000Z,2025-10-23T15:00:00.000Z,,NV,US,South Great Sioux Road,89179
3C:71:BF:DC:E3:5D,SEI-E35C,40.64652634,-74.20895386,3C:71:BF,5,wpa2,2026-05-30T18:00:00.000Z,2026-05-30T14:00:00.000Z,Elizabeth,NJ,US,Clifton Street,07202
3C:71:BF:DC:E3:69,SEI-E368,43.00959778,-78.60842896,3C:71:BF,5,wpa2,2002-01-08T04:00:00.000Z,2025-12-08T19:00:00.000Z,,NY,US,Clarence Center Road,14031
3C:71:BF:DC:E4:E5,SEI-E4E4,34.74791336,-82.19519043,3C:71:BF,5,wpa2,2023-09-02T16:00:00.000Z,2025-06-27T15:00:00.000Z,,SC,US,Scuffletown Road,29681
3C:71:BF:DC:E5:D1,SEI-E5D0,39.72550583,-105.0883255,3C:71:BF,5,wpa2,2022-10-29T21:00:00.000Z,2026-03-07T14:00:00.000Z,Lakewood,CO,US,West 6th Avenue Freeway,80226-2975
3C:71:BF:DC:E5:F5,SEI-E5F4,29.30156708,-81.06739044,3C:71:BF,5,wpa2,2024-10-11T12:00:00.000Z,2024-10-19T03:00:00.000Z,,FL,US,North Ridgewood Avenue,32174
3C:71:BF:DC:E7:15,SEI-E714,44.93222046,-93.08911896,3C:71:BF,5,wpa2,2025-09-01T00:00:00.000Z,2025-09-01T18:00:00.000Z,Saint Paul,MN,US,West Congress Street,55107
3C:71:BF:DC:E7:31,SEI-E730,42.5361557,-75.5269928,3C:71:BF,5,wpa2,2021-03-05T17:00:00.000Z,2025-04-23T05:00:00.000Z,,NY,US,Miller Street,13815
3C:71:BF:DC:E7:C5,SEI-E7C4,39.23816681,-84.30603027,3C:71:BF,5,wpa2,2026-07-27T15:00:00.000Z,2026-08-02T17:00:00.000Z,,OH,US,Morganstrace Drive,45140
3C:71:BF:DC:E7:CD,SEI-E7CC,37.02302551,-76.34977722,3C:71:BF,5,wpa2,2026-07-28T21:00:00.000Z,2026-07-28T15:00:00.000Z,Hampton,VA,US,South Armistead Avenue,23669
3C:71:BF:DC:E7:ED,SEI-E7EC,36.70149231,-76.19288635,3C:71:BF,5,wpa2,2025-12-19T01:00:00.000Z,2026-05-28T11:00:00.000Z,Chesapeake,VA,US,Fentress Road,23322
3C:71:BF:DC:E8:29,,48.85011673,2.51244211,3C:71:BF,6,wpa2,2025-09-04T17:00:00.000Z,2025-12-16T14:00:00.000Z,,Île-de-France,FR,Rue des Bateliers,94170
3C:71:BF:DC:E8:B1,SEI-E8B0,36.86810684,-87.47614288,3C:71:BF,5,wpa2,2025-03-21T20:00:00.000Z,2025-03-21T13:00:00.000Z,Hopkinsville,KY,US,Quarry Street,42240
3C:71:BF:DC:E8:BD,SEI-E8BC,39.36724091,-77.99997711,3C:71:BF,5,wpa2,2026-07-09T20:00:00.000Z,2026-07-09T14:00:00.000Z,,WV,US,Shiley Road,25428
3C:71:BF:DC:E9:3D,SEI-E93C,39.75094986,-105.11198425,3C:71:BF,5,wpa2,2026-03-08T22:00:00.000Z,2026-03-08T16:00:00.000Z,Lakewood,CO,US,Lee Street,80215
3C:71:BF:DC:E9:9D,SEI-E99C,35.18695831,-114.00263977,3C:71:BF,5,wpa2,2026-07-23T00:00:00.000Z,2026-07-22T17:00:00.000Z,Kingman,AZ,US,North Central Street,86401
3C:71:BF:DC:E9:D1,SEI-E9D0,39.18542099,-76.83036804,3C:71:BF,5,wpa2,2025-07-26T19:00:00.000Z,2025-07-26T13:00:00.000Z,Columbia,MD,US,Farbell Row,21045
3C:71:BF:DC:EB:D5,SEI-EBD4,40.76541901,-74.04528046,3C:71:BF,5,wpa2,2024-10-24T14:00:00.000Z,2024-10-24T08:00:00.000Z,,NJ,US,Paterson Plank Road,07094
3C:71:BF:DC:EC:8D,SEI-EC8C,33.29824448,-111.70407104,3C:71:BF,5,wpa2,2023-12-29T08:00:00.000Z,2025-11-14T18:00:00.000Z,Gilbert,AZ,US,South Joshua Tree Lane,85297
3C:71:BF:DC:EC:A9,SEI-ECA8,28.66461945,-82.13659668,3C:71:BF,5,wpa2,2025-11-30T15:00:00.000Z,2025-11-30T10:00:00.000Z,,FL,US,County Road 609,33513
3C:71:BF:DC:EC:AD,SEI-ECAC,38.61602402,-121.31838226,3C:71:BF,5,wpa2,2024-09-17T21:00:00.000Z,2024-12-16T17:00:00.000Z,,CA,US,Date Palm Way,95609-0579
3C:71:BF:DC:EE:F5,SEI-EEF4,45.36312103,-86.93027496,3C:71:BF,5,wpa2,2025-07-05T18:00:00.000Z,2025-09-15T22:00:00.000Z,,WI,US,Main Road,54246
3C:71:BF:DC:F1:41,SEI-F140,34.15842438,-118.09767914,3C:71:BF,5,wpa2,2024-10-08T17:00:00.000Z,2024-10-08T12:00:00.000Z,Pasadena,CA,US,East Orange Grove Boulevard,91107
3C:71:BF:DC:F1:55,SEI-F154,37.40956116,-120.85359192,3C:71:BF,4,wep,2024-09-05T19:00:00.000Z,2026-07-18T08:00:00.000Z,,CA,US,3rd Street,95324
3C:71:BF:DC:F1:75,SEI-F174,36.23668289,-82.43635559,3C:71:BF,5,wpa2,2024-10-08T20:00:00.000Z,2026-04-11T09:00:00.000Z,,TN,US,Cherokee Road,37659
3C:71:BF:DC:F2:31,SEI-F230,33.98509979,-118.45446014,3C:71:BF,5,wpa2,2026-01-28T00:00:00.000Z,2026-01-27T22:00:00.000Z,Inglewood,CA,US,Admiralty Way,90292
3C:71:BF:DC:F2:45,SEI-F244,40.55138397,-77.15657043,3C:71:BF,5,wpa2,2020-07-18T12:00:00.000Z,2024-10-12T20:00:00.000Z,,PA,US,Apple Street,17062
3C:71:BF:DC:F3:61,SEI-F360,39.7776947,-74.87036133,3C:71:BF,5,wpa2,2025-03-03T14:00:00.000Z,2025-03-03T06:00:00.000Z,,NJ,US,Jackson Road,08053-7155
3C:71:BF:DC:F7:19,,48.88466644,2.34878993,3C:71:BF,11,wpa2,2024-05-18T15:00:00.000Z,2026-07-23T04:00:00.000Z,Paris,Île-de-France,FR,Rue de Sofia,75018
3C:71:BF:DC:F8:05,SEI-F804,35.07015991,-81.95313263,3C:71:BF,5,wpa2,2026-04-12T02:00:00.000Z,2026-07-05T12:00:00.000Z,,SC,US,Bible Church Road,29316
3C:71:BF:DC:F8:11,SEI-F810,33.13062668,-85.35666656,3C:71:BF,5,wpa2,2024-12-19T19:00:00.000Z,2025-02-28T07:00:00.000Z,,AL,US,US 431,36274
3C:71:BF:DC:F9:29,RAINBIRDDCF928,35.57584381,-97.63975525,3C:71:BF,1,unknown,2026-04-28T12:00:00.000Z,2026-04-28T06:00:00.000Z,Oklahoma City,OK,US,Northwest 102nd Street,73162
3C:71:BF:DC:FA:4C,,39.97657013,-85.91809845,3C:71:BF,1,unknown,2024-04-06T07:00:00.000Z,2024-09-16T12:00:00.000Z,,IN,US,Park Royal Way,
3C:71:BF:DC:FF:49,,49.04436111,2.02735949,3C:71:BF,1,wpa2,2024-09-03T17:00:00.000Z,2025-05-15T10:00:00.000Z,Cergy,Île-de-France,FR,Boulevard de l'Oise,95800
3C:71:BF:DD:02:C1,ESP_DD02C1,52.30539703,21.0805645,3C:71:BF,1,unknown,2025-08-17T22:00:00.000Z,2025-08-17T16:00:00.000Z,Warszawa,województwo mazowieckie,PL,CH Marki 04,03-213
3C:71:BF:DD:03:55,,47.97665405,-1.69055688,3C:71:BF,1,wpa2,2026-02-18T12:00:00.000Z,2026-06-17T13:00:00.000Z,Laillé,Bretagne,FR,Impasse des Fougères,35890
3C:71:BF:DD:03:79,,44.76874924,-0.57333291,3C:71:BF,1,wpa2,2024-09-02T08:00:00.000Z,2024-11-17T00:00:00.000Z,,Nouvelle-Aquitaine,FR,,33140
3C:71:BF:DD:04:55,,45.94022751,4.58648682,3C:71:BF,1,wpa2,2025-03-25T16:00:00.000Z,2025-03-25T12:00:00.000Z,Val d'Oingt,Auvergne-Rhône-Alpes,FR,Route du Layet du Bas,69620
3C:71:BF:DD:05:25,,48.8801651,2.36700964,3C:71:BF,1,wpa2,2021-02-26T14:00:00.000Z,2026-07-05T08:00:00.000Z,Paris,Île-de-France,FR,Quai de Valmy,75010
3C:71:BF:DD:05:45,,48.86268616,2.49535704,3C:71:BF,1,wpa2,2025-09-03T16:00:00.000Z,2025-10-22T13:00:00.000Z,Rosny-sous-Bois,Île-de-France,FR,Rue Lavoisier,93110
3C:71:BF:DD:05:71,,49.04427338,2.02745605,3C:71:BF,1,wpa2,2025-05-15T16:00:00.000Z,2025-05-15T10:00:00.000Z,Cergy,Île-de-France,FR,Boulevard de l'Oise,95800
3C:71:BF:DD:06:4D,,48.83247375,2.49304175,3C:71:BF,1,wpa2,2026-07-29T16:00:00.000Z,2026-08-01T02:00:00.000Z,,Île-de-France,FR,Boulevard Albert 1er,94130
3C:71:BF:DD:07:31,,45.74834061,4.83941841,3C:71:BF,1,wpa2,2022-04-21T17:00:00.000Z,2026-05-14T01:00:00.000Z,Lyon,Auvergne-Rhône-Alpes,FR,Rue Sébastien Gryphe,69007
3C:71:BF:DD:07:75,,47.2672348,6.08884001,3C:71:BF,1,wpa2,2025-05-07T15:00:00.000Z,2025-06-13T17:00:00.000Z,,Bourgogne-Franche-Comté,FR,Rue de la Malate,25220
3C:71:BF:DD:08:49,,45.05997849,4.81964588,3C:71:BF,5,wpa2,2025-02-02T14:00:00.000Z,2025-02-02T10:00:00.000Z,,Auvergne-Rhône-Alpes,FR,Route de Plats,07300
3C:71:BF:DD:08:6D,,47.23292923,-1.57608974,3C:71:BF,1,wpa2,2026-07-18T14:00:00.000Z,2026-07-30T10:00:00.000Z,Nantes,Pays de la Loire,FR,Boulevard des Américains,44036
3C:71:BF:DD:08:F5,,48.77463913,1.99530804,3C:71:BF,1,wpa2,2001-01-01T01:00:00.000Z,2026-08-02T02:00:00.000Z,,Île-de-France,FR,Route de Chartres,78190
3C:71:BF:DD:09:0D,,48.64235306,2.32671046,3C:71:BF,1,wpa2,2020-12-22T17:00:00.000Z,2026-07-18T10:00:00.000Z,Sainte-Geneviève-des-Bois,Île-de-France,FR,Avenue de la Grande Charmille du Parc,91700
3C:71:BF:DD:0B:E1,,50.36693954,4.04724646,3C:71:BF,6,wpa2,2024-06-18T13:00:00.000Z,2024-12-04T10:00:00.000Z,,Hainaut,BE,Route de Beaumont,7041
3C:71:BF:DD:0C:A5,,44.82939911,-0.55900031,3C:71:BF,1,wpa2,2022-05-13T16:00:00.000Z,2025-10-27T06:00:00.000Z,Bordeaux,Nouvelle-Aquitaine,FR,Rue de Tauzia,33800
3C:71:BF:DD:0E:19,,43.41815948,6.84725475,3C:71:BF,6,wpa2,2025-10-19T10:00:00.000Z,2025-10-19T05:00:00.000Z,,Provence-Alpes-Côte d'Azur,FR,Boulevard de la 36e Division d'Infanterie du Texas,83530
3C:71:BF:DD:0E:65,,43.30643082,5.39539433,3C:71:BF,1,wpa2,2025-03-30T12:00:00.000Z,2025-03-30T10:00:00.000Z,Marseille,Provence-Alpes-Côte d'Azur,FR,Boulevard Cassini,13004
3C:71:BF:DD:19:3D,,49.09460831,6.1755023,3C:71:BF,1,wpa2,2025-10-25T16:00:00.000Z,2025-10-25T09:00:00.000Z,Metz,Grand Est,FR,Sente à My,57000
3C:71:BF:DD:1C:3D,PSM_UHF8_A,44.94859314,-93.13339996,3C:71:BF,1,wpa2,2022-11-24T08:00:00.000Z,2025-11-27T07:00:00.000Z,Saint Paul,MN,US,Marshall Avenue,55104
3C:71:BF:DD:1C:49,PSM_UHF8_A,44.97720718,-93.22744751,3C:71:BF,1,wpa2,2021-08-07T08:00:00.000Z,2025-04-06T09:00:00.000Z,Minneapolis,MN,US,Southeast 4th Street,55455
3C:71:BF:DD:1C:99,UHF8_A,44.97644806,-93.2252655,3C:71:BF,1,wpa2,2023-08-19T07:00:00.000Z,2025-04-06T09:00:00.000Z,Minneapolis,MN,US,Southeast 23rd Avenue,55455
3C:71:BF:DD:1E:85,,48.9181633,2.34322762,3C:71:BF,1,wpa2,2026-07-29T09:00:00.000Z,2026-07-29T04:00:00.000Z,Saint-Denis,Île-de-France,FR,Rue du Docteur Finot,93200
3C:71:BF:DD:2A:5D,MiniSOL_3C71BFDD2A5C,50.09896469,20.01350975,3C:71:BF,1,wpa2,2026-03-25T11:00:00.000Z,2026-03-25T08:00:00.000Z,,województwo małopolskie,PL,Piasta Kołodzieja,31-628
3C:71:BF:DD:30:15,,48.14693069,-0.40733108,3C:71:BF,1,wpa2,2026-02-09T09:00:00.000Z,2026-02-09T03:00:00.000Z,,Pays de la Loire,FR,Boulevard du Maréchal de Lattre de Tassigny,53600
3C:71:BF:DD:39:F9,,45.74972153,5.1759634,3C:71:BF,1,wpa2,2023-02-18T16:00:00.000Z,2024-10-22T10:00:00.000Z,Pont-de-Chéruy,Auvergne-Rhône-Alpes,FR,Rue de la République,38230
3C:71:BF:DD:3A:39,,47.22864914,-1.57137024,3C:71:BF,1,wpa2,2026-05-12T16:00:00.000Z,2026-05-12T10:00:00.000Z,Nantes,Pays de la Loire,FR,Rue des Hauts Pavés,44036
3C:71:BF:DD:41:4D,,45.8497467,5.05322313,3C:71:BF,1,wpa2,2024-08-14T08:00:00.000Z,2025-03-18T02:00:00.000Z,Montluel,Auvergne-Rhône-Alpes,FR,Place des Tilleuls,01120
3C:71:BF:DD:55:9C,,38.25284958,-85.65472412,3C:71:BF,0,wpa2,2026-01-29T11:00:00.000Z,2026-01-29T17:00:00.000Z,St. Matthews,KY,US,Shelbyville Road,40207
3C:71:BF:DD:57:25,,48.01504517,-1.70826459,3C:71:BF,6,wpa2,2026-02-07T16:00:00.000Z,2026-03-10T14:00:00.000Z,,Bretagne,FR,Allée François Mauriac,35131
3C:71:BF:DD:58:B9,,48.62707138,2.29015517,3C:71:BF,1,wpa2,2024-06-23T10:00:00.000Z,2025-05-16T04:00:00.000Z,,Île-de-France,FR,Chemin des Robineaux,91310
3C:71:BF:DD:58:D5,,48.87623596,2.7045002,3C:71:BF,6,wpa2,2026-01-10T10:00:00.000Z,2026-01-10T02:00:00.000Z,Lagny-sur-Marne,Île-de-France,FR,Passage des Brebillettes,77400
3C:71:BF:DD:58:DD,3C:71:BF:DD:58:DD,48.89529037,2.57099748,3C:71:BF,1,wpa2,2026-04-10T10:00:00.000Z,2026-08-08T07:00:00.000Z,,Île-de-France,FR,Boulevard de l'Europe,93370
3C:71:BF:DD:59:BD,,48.78494644,2.30895448,3C:71:BF,1,wpa2,2026-07-13T08:00:00.000Z,2026-07-16T02:00:00.000Z,,Île-de-France,FR,Avenue de Bourg-la-Reine,92220
3C:71:BF:DD:59:D9,,48.948349,2.14089632,3C:71:BF,1,wpa2,2025-09-17T16:00:00.000Z,2025-09-17T23:00:00.000Z,,Île-de-France,FR,Rue Jean Mermoz,78600
3C:71:BF:DD:5A:2D,,47.3387146,1.04643488,3C:71:BF,6,wpa2,2026-05-26T16:00:00.000Z,2026-06-01T06:00:00.000Z,,Centre-Val de Loire,FR,Rue d'Amboise,37150
3C:71:BF:DD:5B:15,,50.6405983,3.0914526,3C:71:BF,1,wpa2,2023-04-02T13:00:00.000Z,2026-05-17T05:00:00.000Z,,Hauts-de-France,FR,Voie Rapide Urbaine,59370
3C:71:BF:DD:5B:61,,48.03757858,-1.68085861,3C:71:BF,1,wpa2,2025-07-28T10:00:00.000Z,2026-05-07T14:00:00.000Z,,Bretagne,FR,Rue Bourvil,35230
3C:71:BF:DD:5D:B1,3c:71:bf:dd:5d:b1,48.53131104,2.37828231,3C:71:BF,1,wpa2,2026-04-13T08:00:00.000Z,2026-04-13T02:00:00.000Z,,Île-de-France,FR,Avenue de la Croix Boissée,91610
3C:71:BF:DD:6B:4D,,48.62368011,2.35011601,3C:71:BF,1,wpa2,2025-07-12T17:00:00.000Z,2025-07-12T10:00:00.000Z,Sainte-Geneviève-des-Bois,Île-de-France,FR,Avenue du Hurepoix,91700
3C:71:BF:DD:6B:7D,,49.2543602,4.04560947,3C:71:BF,1,wpa2,2022-02-19T10:00:00.000Z,2024-08-23T13:00:00.000Z,Reims,Grand Est,FR,Boulevard Saint-Marceaux,51100
3C:71:BF:DD:6B:D1,,44.82987213,-0.60673594,3C:71:BF,1,wpa2,2025-09-28T10:00:00.000Z,2026-07-12T06:00:00.000Z,Bordeaux,Nouvelle-Aquitaine,FR,Rue de la Pelouse de Douet,33000
3C:71:BF:DD:6B:F5,,45.77307892,4.80708265,3C:71:BF,9,wpa2,2023-08-06T16:00:00.000Z,2025-02-12T11:00:00.000Z,Lyon,Auvergne-Rhône-Alpes,FR,Rue Saint-Pierre de Vaise,69009
3C:71:BF:DD:6C:BD,,48.51192474,2.33625317,3C:71:BF,1,wpa2,2026-05-18T20:00:00.000Z,2026-07-13T07:00:00.000Z,Itteville,Île-de-France,FR,Route de Bouray,91760
3C:71:BF:DD:6C:F9,,48.83388519,2.35346007,3C:71:BF,1,wpa2,2025-04-13T09:00:00.000Z,2025-04-13T04:00:00.000Z,Paris,Île-de-France,FR,Villa des Gobelins,75013
3C:71:BF:DD:6D:25,,50.71485519,3.16356683,3C:71:BF,1,wpa2,2024-10-21T12:00:00.000Z,2024-10-21T05:00:00.000Z,,Hauts-de-France,FR,Rue de Roubaix,59200
3C:71:BF:DD:6E:19,,48.58416367,2.25048709,3C:71:BF,6,wpa2,2025-06-27T13:00:00.000Z,2025-06-27T07:00:00.000Z,La Norville,Île-de-France,FR,Sentier des Bleuets,91290
3C:71:BF:DD:6E:45,,47.2338829,5.88770962,3C:71:BF,1,wpa2,2025-03-22T14:00:00.000Z,2025-04-13T01:00:00.000Z,Chemaudin et Vaux,Bourgogne-Franche-Comté,FR,Rue de l'Echauguette,25770
3C:71:BF:DD:6E:51,,43.6631546,7.15059042,3C:71:BF,1,wpa2,2026-07-26T16:00:00.000Z,2026-07-26T16:00:00.000Z,,Provence-Alpes-Côte d'Azur,FR,Avenue Hôtel des Postes,06800
3C:71:BF:DD:71:25,,47.25083542,6.03016567,3C:71:BF,6,wpa2,2024-03-09T11:00:00.000Z,2025-11-13T02:00:00.000Z,Besançon,Bourgogne-Franche-Comté,FR,Rue de la Rotonde,25000
3C:71:BF:DD:73:69,,47.35062027,6.36547422,3C:71:BF,6,wpa2,2025-11-15T18:00:00.000Z,2025-12-09T03:00:00.000Z,,Bourgogne-Franche-Comté,FR,Faubourg d'Anroz,25110
3C:71:BF:DD:73:6D,,48.67874527,2.34107304,3C:71:BF,1,wpa2,2025-12-06T15:00:00.000Z,2025-12-06T07:00:00.000Z,,Île-de-France,FR,Rue Henri Dunant,91600
3C:71:BF:DD:73:91,,44.02384567,5.10643435,3C:71:BF,1,wpa2,2023-12-22T20:00:00.000Z,2025-02-03T08:00:00.000Z,,Provence-Alpes-Côte d'Azur,FR,Route de la Courtoise,84210
3C:71:BF:DD:73:C1,,48.37731171,2.81809473,3C:71:BF,1,wpa2,2025-08-24T15:00:00.000Z,2025-08-24T13:00:00.000Z,Moret-Loing-et-Orvanne,Île-de-France,FR,Promenade Pierre Eychart,77250
3C:71:BF:DD:73:C9,,48.01962662,-1.93742847,3C:71:BF,6,wpa2,2025-03-21T14:00:00.000Z,2026-04-04T14:00:00.000Z,,Bretagne,FR,D 69,35310
3C:71:BF:DD:74:BD,,49.57307816,3.89202213,3C:71:BF,1,wpa2,2024-09-16T11:00:00.000Z,2024-09-16T05:00:00.000Z,,Hauts-de-France,FR,Rue du Maréchal de Lattre de Tassigny,02150
3C:71:BF:DD:74:D1,,47.28965759,-1.37174821,3C:71:BF,6,wpa2,2026-08-03T14:00:00.000Z,2026-08-03T07:00:00.000Z,Divatte-sur-Loire,Pays de la Loire,FR,Levée de la Divatte,44450
3C:71:BF:DD:75:C5,,48.89530182,2.57120943,3C:71:BF,1,wpa2,2023-11-25T14:00:00.000Z,2026-08-05T05:00:00.000Z,,Île-de-France,FR,Boulevard de l'Europe,93370
3C:71:BF:DD:75:D1,,49.47917175,0.87087834,3C:71:BF,1,wpa2,2026-05-14T15:00:00.000Z,2026-05-14T11:00:00.000Z,,Normandie,FR,Avenue du Président Coty,76480
3C:71:BF:DD:77:85,,45.75510406,4.87975979,3C:71:BF,1,wpa2,2023-03-14T20:00:00.000Z,2025-03-12T09:00:00.000Z,Villeurbanne,Auvergne-Rhône-Alpes,FR,Rue Galilée,69100
3C:71:BF:DD:77:F9,,48.8431282,2.48919821,3C:71:BF,1,wpa2,2021-01-13T18:00:00.000Z,2026-04-16T16:00:00.000Z,,Île-de-France,FR,Rue de Plaisance,94130
3C:71:BF:DD:78:15,,47.2170105,-1.55633926,3C:71:BF,1,wpa2,2022-07-07T20:00:00.000Z,2025-08-13T10:00:00.000Z,Nantes,Pays de la Loire,FR,Place des Petits Murs,44000
3C:71:BF:DD:78:35,,49.05332184,2.67514443,3C:71:BF,1,wpa2,2025-08-22T18:00:00.000Z,2025-08-22T14:00:00.000Z,,Île-de-France,FR,Rue du Général de Gaulle,77230
3C:71:BF:DD:79:7D,,48.88549042,2.37188244,3C:71:BF,1,wpa2,2025-06-14T14:00:00.000Z,2025-06-14T08:00:00.000Z,Paris,Île-de-France,FR,Quai de la Seine,75019
3C:71:BF:DD:7A:55,,49.77145767,4.7091198,3C:71:BF,1,wpa2,2025-12-13T10:00:00.000Z,2025-12-13T02:00:00.000Z,,Grand Est,FR,Avenue Charles de Gaulle,08000
3C:71:BF:DD:7A:85,,51.22049332,4.40232563,3C:71:BF,1,wpa2,2023-04-21T20:00:00.000Z,2026-05-23T07:00:00.000Z,,Antwerpen,BE,Lijnwaadmarkt,2000
3C:71:BF:DD:7B:01,,48.81229782,2.37847114,3C:71:BF,1,wpa2,2025-09-18T06:00:00.000Z,2025-09-17T23:00:00.000Z,,Île-de-France,FR,Rue Jean Le Galleu,94200
3C:71:BF:DD:7F:49,,45.76023102,4.87529135,3C:71:BF,1,wpa2,2024-08-20T12:00:00.000Z,2024-08-28T23:00:00.000Z,Villeurbanne,Auvergne-Rhône-Alpes,FR,Avenue Marc Sangnier,69100
3C:71:BF:DD:7F:E1,,43.25169373,5.38222694,3C:71:BF,1,wpa2,2024-09-21T08:00:00.000Z,2024-09-23T08:00:00.000Z,Marseille,Provence-Alpes-Côte d'Azur,FR,Boulevard du Sablier,13008
3C:71:BF:DD:80:51,powerbrain-W00-01FF,48.11307907,11.49676991,3C:71:BF,6,wpa2,2026-07-15T19:00:00.000Z,2026-07-15T14:00:00.000Z,München,Bayern,DE,Hans-Grässel-Weg,81375
3C:71:BF:DD:81:D9,,48.93801117,2.05438805,3C:71:BF,1,wpa2,2025-07-27T12:00:00.000Z,2025-07-27T05:00:00.000Z,,Île-de-France,FR,Avenue de Pontoise,78300
3C:71:BF:DD:82:B9,,47.21803284,-1.57527769,3C:71:BF,1,wpa2,2026-04-18T15:00:00.000Z,2026-04-18T10:00:00.000Z,Nantes,Pays de la Loire,FR,Rue de la Chézine,44100
3C:71:BF:DD:85:B1,,48.39212418,-1.90034449,3C:71:BF,11,wpa2,2026-02-11T17:00:00.000Z,2026-02-11T14:00:00.000Z,,Bretagne,FR,Rue de la Vallée,35720
3C:71:BF:DD:85:CD,,46.16831589,-1.18769336,3C:71:BF,1,wpa2,2024-12-29T19:00:00.000Z,2024-12-29T14:00:00.000Z,La Rochelle,Nouvelle-Aquitaine,FR,Rue Eugène Labiche,17000
3C:71:BF:DD:86:19,,48.85343933,2.27425909,3C:71:BF,1,wpa2,2025-03-08T14:00:00.000Z,2025-03-08T09:00:00.000Z,Paris,Île-de-France,FR,Rue de l'Assomption,75016
3C:71:BF:DD:87:29,,48.9291687,2.44239616,3C:71:BF,1,wpa2,2023-10-29T15:00:00.000Z,2026-07-26T11:00:00.000Z,,Île-de-France,FR,Rue Mozart,93700
3C:71:BF:DD:87:31,,48.82265854,2.36083674,3C:71:BF,1,wpa2,2023-09-20T17:00:00.000Z,2025-09-29T10:00:00.000Z,Paris,Île-de-France,FR,Rue Caillaux,75013
3C:71:BF:DD:87:71,,48.04789734,-1.33180392,3C:71:BF,1,wpa2,2026-02-28T11:00:00.000Z,2026-04-22T14:00:00.000Z,,Bretagne,FR,Rue du Beau Soleil,35680
3C:71:BF:DD:8A:65,,43.67632294,4.13755608,3C:71:BF,1,wpa2,2024-09-28T17:00:00.000Z,2024-09-28T11:00:00.000Z,,Occitanie,FR,Boulevard de Strasbourg,34400
3C:71:BF:DD:8A:A9,,48.58216476,2.43551183,3C:71:BF,1,wpa2,2023-04-22T18:00:00.000Z,2024-10-15T09:00:00.000Z,,Île-de-France,FR,Route de Montauger,91090
3C:71:BF:DD:8C:F5,,47.26580811,-2.34111691,3C:71:BF,1,wpa2,2025-07-21T13:00:00.000Z,2025-07-21T06:00:00.000Z,,Pays de la Loire,FR,Avenue de la Chapelle,44380
3C:71:BF:DD:8D:35,,49.25875854,4.0263238,3C:71:BF,1,wpa2,2022-02-19T23:00:00.000Z,2025-12-19T07:00:00.000Z,Reims,Grand Est,FR,Rue du Colonel Driant,51100
3C:71:BF:DD:97:E5,,48.13692856,-1.65883052,3C:71:BF,1,wpa2,2023-08-07T09:00:00.000Z,2025-08-27T09:00:00.000Z,Rennes,Bretagne,FR,Avenue du Général George S. Patton,35700
3C:71:BF:DD:9E:CC,,35.82128143,-90.6922226,3C:71:BF,6,wpa2,2026-07-17T04:00:00.000Z,2026-07-29T22:00:00.000Z,Jonesboro,AR,US,East Highland Drive,72401
3C:71:BF:DD:A6:49,Sensor,35.54191589,51.35395813,3C:71:BF,1,wpa2,2024-04-12T20:00:00.000Z,2024-09-17T17:00:00.000Z,دهستان کهریزک,شهرستان ری,IR,آزادراه خلیج فارس,1813176873
3C:71:BF:DD:AE:71,,43.48291779,-1.56082964,3C:71:BF,1,wpa2,2025-01-24T12:00:00.000Z,2025-02-11T16:00:00.000Z,,Nouvelle-Aquitaine,FR,Place Bellevue,64200
3C:71:BF:DD:B3:05,,45.51353836,6.67856216,3C:71:BF,1,wpa2,2024-01-05T14:00:00.000Z,2025-06-03T09:00:00.000Z,La Plagne-Tarentaise,Auvergne-Rhône-Alpes,FR,Rue des Ingénieurs,73210
3C:71:BF:DD:B4:D5,,43.59681702,5.01121187,3C:71:BF,6,wpa2,2024-02-12T11:00:00.000Z,2026-01-21T00:00:00.000Z,,Provence-Alpes-Côte d'Azur,FR,Avenue de l'Arc-en-Ciel,13140
3C:71:BF:DD:B5:61,CAT_c9035b6b26,51.46632004,0.13372196,3C:71:BF,5,wpa2,2026-07-23T15:00:00.000Z,2026-07-24T16:00:00.000Z,London Borough of Bexley,England,GB,Pickford Lane,DA7 4QW
3C:71:BF:DD:BB:05,,48.39429092,-4.47965717,3C:71:BF,1,wpa2,2023-02-05T18:00:00.000Z,2025-01-01T22:00:00.000Z,Brest,Bretagne,FR,Rue Jean Jaurès,29200
3C:71:BF:DD:BF:F5,,48.05877304,-1.78796649,3C:71:BF,1,wpa2,2026-05-08T15:00:00.000Z,2026-05-22T13:00:00.000Z,,Bretagne,FR,Rue du Fer à Cheval,35310
3C:71:BF:DD:C3:D1,,47.91226196,1.92337501,3C:71:BF,11,wpa2,2025-05-07T18:00:00.000Z,2026-01-31T03:00:00.000Z,Orléans,Centre-Val de Loire,FR,Avenue des Droits de l'Homme,45000
3C:71:BF:DD:C7:B5,,43.60023499,7.09100962,3C:71:BF,1,wpa2,2023-06-10T21:00:00.000Z,2024-10-18T10:00:00.000Z,,Provence-Alpes-Côte d'Azur,FR,Rond-Point Nova Antipolis,06902
3C:71:BF:DD:C9:9D,,49.4356575,3.45347524,3C:71:BF,1,wpa2,2024-08-24T15:00:00.000Z,2024-08-24T11:00:00.000Z,,Hauts-de-France,FR,Rue de la Fontaine Noisetier,02880
3C:71:BF:DD:C9:A1,,45.18098068,5.72379827,3C:71:BF,1,wpa2,2024-04-09T19:00:00.000Z,2026-08-03T07:00:00.000Z,Grenoble,Auvergne-Rhône-Alpes,FR,Boulevard Maréchal Foch,38100
3C:71:BF:DD:D0:55,,48.53546524,-1.56749856,3C:71:BF,1,wpa2,2025-07-22T10:00:00.000Z,2025-07-22T07:00:00.000Z,,Bretagne,FR,Rue de la Briqueterie,35610
3C:71:BF:DD:D0:8D,,48.01505661,-1.70819414,3C:71:BF,6,wpa2,2026-02-07T16:00:00.000Z,2026-03-10T14:00:00.000Z,,Bretagne,FR,Allée François Mauriac,35131
3C:71:BF:DD:D0:A9,,43.70314789,7.30725956,3C:71:BF,1,wpa2,2024-09-15T14:00:00.000Z,2024-09-15T23:00:00.000Z,,Provence-Alpes-Côte d'Azur,FR,Avenue de la Grande-Bretagne,06230
3C:71:BF:DD:DF:B5,,47.97660828,-1.69061041,3C:71:BF,1,wpa2,2026-02-18T12:00:00.000Z,2026-06-17T13:00:00.000Z,Laillé,Bretagne,FR,Impasse des Fougères,35890
3C:71:BF:DD:E0:01,,49.19441986,2.47379565,3C:71:BF,1,wpa2,2025-05-02T09:00:00.000Z,2025-05-02T09:00:00.000Z,,Hauts-de-France,FR,Rue du Connétable,60500
3C:71:BF:DD:E0:55,,50.42372513,2.98495555,3C:71:BF,1,wpa2,2022-08-10T10:00:00.000Z,2025-07-06T09:00:00.000Z,,Hauts-de-France,FR,Autoroute du Nord,62950
3C:71:BF:DD:E2:95,,47.22724915,6.12237215,3C:71:BF,1,wpa2,2025-05-11T09:00:00.000Z,2025-06-01T08:00:00.000Z,,Bourgogne-Franche-Comté,FR,Rue du Hameau,25660
3C:71:BF:DD:E3:55,,47.52068329,-2.58822918,3C:71:BF,1,wpa2,2026-08-04T11:00:00.000Z,2026-08-04T09:00:00.000Z,,Bretagne,FR,Rue du Dendec,56750
3C:71:BF:DD:E6:A1,,43.12011719,5.79718971,3C:71:BF,1,wpa2,2025-07-28T08:00:00.000Z,2025-08-08T12:00:00.000Z,,Provence-Alpes-Côte d'Azur,FR,Chemin des Picotières,83110
3C:71:BF:DD:E9:DD,,49.11371231,6.17234135,3C:71:BF,1,wpa2,2025-10-29T14:00:00.000Z,2025-10-29T10:00:00.000Z,Metz,Grand Est,FR,Avenue Robert Schuman,57000
3C:71:BF:DD:EA:81,,48.02813721,-1.75704014,3C:71:BF,1,wpa2,2026-04-14T11:00:00.000Z,2026-05-22T13:00:00.000Z,Bruz,Bretagne,FR,Mail de l'Île aux Moines,35170
3C:71:BF:DD:EA:B9,,43.46515274,-1.5350647,3C:71:BF,11,wpa2,2026-04-01T10:00:00.000Z,2026-06-04T09:00:00.000Z,,Nouvelle-Aquitaine,FR,Rue de Pitchot,64600
3C:71:BF:DD:EB:D9,,43.96557999,3.85465574,3C:71:BF,1,wpa2,2025-06-09T18:00:00.000Z,2025-06-18T00:00:00.000Z,Saint-Hippolyte-du-Fort,Occitanie,FR,Rue René Cassin,30170
3C:71:BF:DD:EB:E1,,48.09615707,-1.68626738,3C:71:BF,1,wpa2,2026-06-26T16:00:00.000Z,2026-08-07T13:00:00.000Z,Rennes,Bretagne,FR,Rue Jean Jouvenet,35032
3C:71:BF:DD:EB:F1,,48.14710236,-0.40873715,3C:71:BF,1,wpa2,2024-10-12T16:00:00.000Z,2026-02-09T03:00:00.000Z,,Pays de la Loire,FR,,53600
3C:71:BF:DD:EC:59,,49.77510834,4.71956491,3C:71:BF,1,wpa2,2024-09-18T14:00:00.000Z,2024-09-18T07:00:00.000Z,,Grand Est,FR,Rue Noël,08000
3C:71:BF:DD:EC:C9,,47.21048737,-1.62839067,3C:71:BF,1,wpa2,2026-07-25T14:00:00.000Z,2026-07-25T08:00:00.000Z,,Pays de la Loire,FR,Rue du Souvenir Français,44800
3C:71:BF:DD:ED:8D,,47.27709579,-1.43723953,3C:71:BF,1,wpa2,2026-07-30T07:00:00.000Z,2026-07-30T00:00:00.000Z,,Pays de la Loire,FR,Rue de la Vanoise,44470
3C:71:BF:DD:ED:B5,,47.32836914,5.05116177,3C:71:BF,1,wpa2,2025-05-17T12:00:00.000Z,2026-08-10T01:00:00.000Z,Dijon,Bourgogne-Franche-Comté,FR,Place Jean Bouhey,21000
3C:71:BF:DD:ED:ED,,45.75735855,4.8138895,3C:71:BF,6,wpa2,2022-10-12T20:00:00.000Z,2026-05-31T13:00:00.000Z,Lyon,Auvergne-Rhône-Alpes,FR,Montée de Choulans,69005
3C:71:BF:DD:EE:61,,48.84245682,2.31570148,3C:71:BF,1,wpa2,2022-10-21T13:00:00.000Z,2026-03-11T17:00:00.000Z,Paris,Île-de-France,FR,Rue Falguière,75015
3C:71:BF:DD:EE:75,,42.70190811,2.89018655,3C:71:BF,9,wpa2,2025-09-06T16:00:00.000Z,2025-09-14T11:00:00.000Z,Perpignan,Occitanie,FR,Esplanade Méditerranée,66000
3C:71:BF:DD:EE:D9,,43.94877243,4.80660105,3C:71:BF,1,wpa2,2026-06-20T09:00:00.000Z,2026-06-21T10:00:00.000Z,Avignon,Provence-Alpes-Côte d'Azur,FR,Rue des Marchands,84000
3C:71:BF:DD:EF:19,,47.27712631,-1.43720531,3C:71:BF,1,wpa2,2026-07-30T07:00:00.000Z,2026-07-30T00:00:00.000Z,,Pays de la Loire,FR,Rue de la Vanoise,44470
3C:71:BF:DD:EF:75,,47.3132782,5.02720594,3C:71:BF,1,wpa2,2025-05-09T13:00:00.000Z,2026-07-15T02:00:00.000Z,Dijon,Bourgogne-Franche-Comté,FR,Avenue Jean Jaurès,21000
3C:71:BF:DD:EF:E5,,43.63329315,1.43357849,3C:71:BF,1,wpa2,2023-09-15T03:00:00.000Z,2025-09-28T05:00:00.000Z,Toulouse,Occitanie,FR,Rue Paul Verlaine,31200
3C:71:BF:DD:F0:35,,48.41315079,-4.48886681,3C:71:BF,1,wpa2,2024-03-07T12:00:00.000Z,2025-01-01T22:00:00.000Z,Brest,Bretagne,FR,Boulevard de l'Europe,29200
3C:71:BF:DD:F0:4D,,48.72707748,2.23252583,3C:71:BF,1,wpa2,2025-11-30T00:00:00.000Z,2025-11-29T16:00:00.000Z,,Île-de-France,FR,Rue des Billancourtois,91120
3C:71:BF:DD:F0:F9,,47.27216721,-2.20497561,3C:71:BF,1,wpa2,2026-08-02T15:00:00.000Z,2026-08-02T10:00:00.000Z,,Pays de la Loire,FR,Place du Commando,44600
3C:71:BF:DD:F1:05,,48.64532471,2.22342658,3C:71:BF,1,wpa2,2021-03-14T13:00:00.000Z,2026-08-05T09:00:00.000Z,Marcoussis,Île-de-France,FR,Avenue Massénat-Deroche,91460
3C:71:BF:DD:F1:A5,,46.14012146,-1.16511703,3C:71:BF,1,wpa2,2024-11-15T11:00:00.000Z,2024-12-06T06:00:00.000Z,La Rochelle,Nouvelle-Aquitaine,FR,Rue Lucile,17000
3C:71:BF:DD:F2:05,,47.23952484,6.02041101,3C:71:BF,1,wpa2,2023-10-22T14:00:00.000Z,2025-10-16T10:00:00.000Z,Besançon,Bourgogne-Franche-Comté,FR,Pont de Battant,25000
3C:71:BF:DD:F2:7D,,49.25426483,4.03370285,3C:71:BF,1,wpa2,2024-11-06T17:00:00.000Z,2024-11-06T10:00:00.000Z,Reims,Grand Est,FR,Rue du Préau,51100
3C:71:BF:DD:F2:91,,47.33850098,1.04647636,3C:71:BF,6,wpa2,2026-05-26T16:00:00.000Z,2026-06-01T06:00:00.000Z,,Centre-Val de Loire,FR,Rue d'Amboise,37150
3C:71:BF:DD:F2:E5,,50.64249802,2.70461655,3C:71:BF,6,wpa2,2025-06-28T19:00:00.000Z,2025-06-28T14:00:00.000Z,Estaires,Hauts-de-France,FR,Rue de Merville,59940
3C:71:BF:DD:F3:51,,48.8759079,2.42542863,3C:71:BF,6,wpa2,2024-12-17T16:00:00.000Z,2025-03-14T00:00:00.000Z,Bagnolet,Île-de-France,FR,Rue Sadi Carnot,93170
3C:71:BF:DD:F3:81,,45.78538895,4.93050432,3C:71:BF,1,wpa2,2024-10-28T10:00:00.000Z,2024-10-28T03:00:00.000Z,,Auvergne-Rhône-Alpes,FR,Rue de la République,69120
3C:71:BF:DD:F5:21,,43.66302872,7.15039015,3C:71:BF,1,wpa2,2026-07-26T16:00:00.000Z,2026-07-28T19:00:00.000Z,,Provence-Alpes-Côte d'Azur,FR,Passage des Maraîchers,06800
3C:71:BF:DD:F9:F5,,48.55117798,2.27710342,3C:71:BF,11,wpa2,2026-05-23T08:00:00.000Z,2026-05-24T14:00:00.000Z,Cheptainville,Île-de-France,FR,Route d'Arpajon,91630
3C:71:BF:DD:FA:05,,47.22696304,6.12261534,3C:71:BF,1,wpa2,2024-10-28T15:00:00.000Z,2025-08-01T11:00:00.000Z,,Bourgogne-Franche-Comté,FR,Rue du Hameau,25660
3C:71:BF:DD:FA:55,,48.74962616,2.30441236,3C:71:BF,1,wpa2,2021-11-30T20:00:00.000Z,2026-08-02T13:00:00.000Z,,Île-de-France,FR,Avenue Armand Guillebaud,92160
3C:71:BF:DD:FB:B9,3C:71:BF:DD:FB:B9,43.94606018,4.8100605,3C:71:BF,1,wpa2,2026-03-21T18:00:00.000Z,2026-04-03T19:00:00.000Z,Avignon,Provence-Alpes-Côte d'Azur,FR,Rue Noël Antoine Biret,84000
3C:71:BF:DD:FC:7D,,48.84674454,2.28838778,3C:71:BF,1,wpa2,2026-05-24T19:00:00.000Z,2026-05-25T01:00:00.000Z,Paris,Île-de-France,FR,Avenue Émile Zola,75015
3C:71:BF:DD:FC:B1,,44.20559311,0.61881769,3C:71:BF,1,wpa2,2026-05-15T11:00:00.000Z,2026-05-15T07:00:00.000Z,Agen,Nouvelle-Aquitaine,FR,Rue des Héros de la Résistance,47000
3C:71:BF:DD:FC:C5,,51.04280472,2.39583611,3C:71:BF,1,wpa2,2025-04-12T16:00:00.000Z,2025-04-12T10:00:00.000Z,Dunkerque,Hauts-de-France,FR,Boulevard de la République - François Mitterrand,59240
3C:71:BF:DD:FD:39,,48.88362122,2.35001636,3C:71:BF,1,wpa2,2020-10-22T18:00:00.000Z,2026-07-23T04:00:00.000Z,Paris,Île-de-France,FR,Boulevard de la Chapelle,75010
3C:71:BF:DD:FD:45,,49.63835144,-1.62280273,3C:71:BF,3,wpa2,2025-10-25T10:00:00.000Z,2026-01-31T04:00:00.000Z,,Normandie,FR,Place Général de Gaulle,50100
3C:71:BF:DD:FD:ED,,49.26190567,4.05100632,3C:71:BF,1,wpa2,2022-04-02T17:00:00.000Z,2025-02-27T10:00:00.000Z,Reims,Grand Est,FR,Rue de Sébastopol,51100
3C:71:BF:DD:FF:89,,49.57301331,3.89171338,3C:71:BF,1,wpa2,2024-09-16T11:00:00.000Z,2024-09-16T05:00:00.000Z,,Hauts-de-France,FR,Rue du Maréchal de Lattre de Tassigny,02150
3C:71:BF:DD:FF:B1,,44.76789856,-0.57315195,3C:71:BF,1,wpa2,2024-11-16T15:00:00.000Z,2024-11-17T00:00:00.000Z,,Nouvelle-Aquitaine,FR,Rue Jean Bonnardel,33140
3C:71:BF:DD:FF:E5,,48.52974319,-1.91516554,3C:71:BF,1,wpa2,2026-01-09T12:00:00.000Z,2026-01-09T09:00:00.000Z,,Bretagne,FR,Rue de la Liberté,35540
3C:71:BF:DE:02:BD,3C:71:BF:DE:02:BD,48.87844849,2.59192705,3C:71:BF,1,wpa2,2023-11-04T14:00:00.000Z,2026-06-26T02:00:00.000Z,,Île-de-France,FR,Rue Gambetta,77500
3C:71:BF:DE:04:11,,48.05335236,-1.79936695,3C:71:BF,6,wpa2,2026-04-04T14:00:00.000Z,2026-04-04T14:00:00.000Z,,Bretagne,FR,Rue de Gavrinis,35310
3C:71:BF:DE:05:C9,,47.23336792,-1.57490754,3C:71:BF,1,wpa2,2026-08-10T17:00:00.000Z,2026-08-10T11:00:00.000Z,Nantes,Pays de la Loire,FR,Boulevard des Américains,44036
3C:71:BF:DE:06:11,,48.64494324,1.82510555,3C:71:BF,1,wpa2,2026-03-28T13:00:00.000Z,2026-03-28T06:00:00.000Z,Rambouillet,Île-de-France,FR,Rue Georges Clemenceau,78120
3C:71:BF:DE:06:3D,,48.85354996,2.35886955,3C:71:BF,1,wpa2,2023-11-21T20:00:00.000Z,2026-01-16T13:00:00.000Z,Paris,Île-de-France,FR,Rue de l'Hôtel de Ville,75004
3C:71:BF:DE:06:E5,,49.25093079,4.02582884,3C:71:BF,1,wpa2,2024-11-06T16:00:00.000Z,2024-11-21T11:00:00.000Z,Reims,Grand Est,FR,Rue Chabaud,51100
3C:71:BF:DE:07:E1,,48.75057602,2.30434656,3C:71:BF,1,wpa2,2026-07-24T19:00:00.000Z,2026-08-02T13:00:00.000Z,,Île-de-France,FR,Avenue de la Division Leclerc,92160
3C:71:BF:DE:08:09,,49.28538132,-0.31363529,3C:71:BF,1,wpa2,2025-05-05T06:00:00.000Z,2025-05-04T23:00:00.000Z,,Normandie,FR,Grande Rue,14880
3C:71:BF:DE:08:F1,,50.18123245,1.49131191,3C:71:BF,1,wpa2,2025-07-12T10:00:00.000Z,2025-07-13T04:00:00.000Z,,Hauts-de-France,FR,Boulevard du Général Sizaire Bouley,80410
3C:71:BF:DE:09:51,,47.36748886,5.02215624,3C:71:BF,1,wpa2,2026-03-14T10:00:00.000Z,2026-03-16T10:00:00.000Z,,Bourgogne-Franche-Comté,FR,Rue des Grands Clos,21121
3C:71:BF:DE:09:61,,45.76742172,4.85814667,3C:71:BF,1,wpa2,2025-01-16T20:00:00.000Z,2025-01-16T12:00:00.000Z,Lyon,Auvergne-Rhône-Alpes,FR,Place du Général Brosset,69006
3C:71:BF:DE:0A:4D,,48.846035,2.35187793,3C:71:BF,1,wpa2,2022-03-04T15:00:00.000Z,2026-07-18T10:00:00.000Z,Paris,Île-de-France,FR,Rue Monge,75005
3C:71:BF:DE:0A:5D,,50.2675972,2.80119395,3C:71:BF,1,wpa2,2024-09-11T18:00:00.000Z,2026-07-21T05:00:00.000Z,,Hauts-de-France,FR,Rue des Paquerettes,62217
3C:71:BF:DE:0A:A1,,45.75746918,4.88052654,3C:71:BF,1,wpa2,2025-04-05T13:00:00.000Z,2025-08-11T05:00:00.000Z,Villeurbanne,Auvergne-Rhône-Alpes,FR,Rue Florian,69100
3C:71:BF:DE:0A:F1,,43.12232208,5.93344307,3C:71:BF,1,wpa2,2026-03-27T19:00:00.000Z,2026-04-17T11:00:00.000Z,Toulon,Provence-Alpes-Côte d'Azur,FR,Rue Baudin,83000
3C:71:BF:DE:15:1D,,48.02815247,-1.74054933,3C:71:BF,1,wpa2,2026-04-01T11:00:00.000Z,2026-05-22T13:00:00.000Z,Bruz,Bretagne,FR,Rue de l'Acostel,35170
3C:71:BF:DE:15:ED,,51.05599594,2.43652248,3C:71:BF,1,wpa2,2025-09-26T00:00:00.000Z,2026-06-24T22:00:00.000Z,Leffrinckoucke,Hauts-de-France,FR,Boulevard Jean-Baptiste Trystram,59495
3C:71:BF:DE:18:69,,43.55404663,3.96702886,3C:71:BF,11,wpa2,2024-09-26T15:00:00.000Z,2024-09-26T09:00:00.000Z,,Occitanie,FR,Avenue Marcel Pagnol,34470
3C:71:BF:DE:21:A5,,44.33614349,6.38618994,3C:71:BF,1,wpa2,2026-04-29T07:00:00.000Z,2026-04-29T02:00:00.000Z,Seyne,Provence-Alpes-Côte d'Azur,FR,D 900,04140
3C:71:BF:DE:42:19,,48.03755569,-1.68089855,3C:71:BF,1,wpa2,2025-07-28T10:00:00.000Z,2026-05-07T14:00:00.000Z,,Bretagne,FR,Rue Bourvil,35230
3C:71:BF:DE:42:39,,50.43180847,2.82163525,3C:71:BF,1,wpa2,2026-01-28T10:00:00.000Z,2026-01-28T02:00:00.000Z,Lens,Hauts-de-France,FR,Rue Maurice Fréchet,62300
3C:71:BF:DE:42:C1,,47.27694321,-1.4372921,3C:71:BF,1,wpa2,2026-07-30T07:00:00.000Z,2026-07-30T00:00:00.000Z,,Pays de la Loire,FR,Rue de la Vanoise,44470
3C:71:BF:DE:43:01,,47.31631088,5.01912689,3C:71:BF,1,wpa2,2003-11-26T22:00:00.000Z,2025-02-03T09:00:00.000Z,Dijon,Bourgogne-Franche-Comté,FR,Rue Alfred Marpaux,21000
3C:71:BF:DE:43:15,,46.15840912,-1.15565157,3C:71:BF,1,wpa2,2022-07-24T11:00:00.000Z,2026-06-01T06:00:00.000Z,La Rochelle,Nouvelle-Aquitaine,FR,Rue Chef de Ville,17000
3C:71:BF:DE:43:69,,47.27705002,-1.43721819,3C:71:BF,1,wpa2,2026-07-30T07:00:00.000Z,2026-07-30T00:00:00.000Z,,Pays de la Loire,FR,Rue de la Vanoise,44470
3C:71:BF:DE:43:99,,48.3866806,-4.48839188,3C:71:BF,1,wpa2,2021-09-17T11:00:00.000Z,2025-03-15T10:00:00.000Z,Brest,Bretagne,FR,Rue Émile Zola,29200
3C:71:BF:DE:44:39,,45.91417313,3.8472712,3C:71:BF,1,wpa2,2025-08-23T17:00:00.000Z,2025-08-24T07:00:00.000Z,,Auvergne-Rhône-Alpes,FR,Ruelle du Fer à Cheval,42430
3C:71:BF:DE:44:B1,,45.8256073,4.98300552,3C:71:BF,1,wpa2,2025-08-11T11:00:00.000Z,2025-08-11T05:00:00.000Z,Saint-Maurice-de-Beynost,Auvergne-Rhône-Alpes,FR,Chemin de Thil,01700
3C:71:BF:DE:63:11,,48.86346054,2.39004135,3C:71:BF,1,wpa2,2022-09-05T19:00:00.000Z,2025-07-22T02:00:00.000Z,Paris,Île-de-France,FR,Avenue Gambetta,75020
3C:71:BF:DE:63:45,,48.70004654,2.37186551,3C:71:BF,1,wpa2,2025-05-09T04:00:00.000Z,2026-03-08T09:00:00.000Z,Athis-Mons,Île-de-France,FR,Avenue François Mitterrand,91200
3C:71:BF:DE:63:B1,,48.57278824,7.71396828,3C:71:BF,11,wpa2,2024-06-14T18:00:00.000Z,2025-03-12T12:00:00.000Z,Strasbourg,Grand Est,FR,Rue du Schnokeloch,67200
3C:71:BF:DE:63:B9,,47.23177338,-1.57682633,3C:71:BF,6,wpa2,2026-07-08T11:00:00.000Z,2026-08-10T11:00:00.000Z,Nantes,Pays de la Loire,FR,Boulevard Boulay Paty,44093
3C:71:BF:DE:63:CD,,48.83282471,2.32314825,3C:71:BF,1,wpa2,2026-01-27T17:00:00.000Z,2026-01-27T23:00:00.000Z,Paris,Île-de-France,FR,Rue Hippolyte Maindron,75014
3C:71:BF:DE:65:2D,,48.9882164,1.81816745,3C:71:BF,1,wpa2,2024-08-10T07:00:00.000Z,2025-01-06T11:00:00.000Z,,Île-de-France,FR,Avenue de Paris,78440
3C:71:BF:DE:65:79,,50.28385162,2.7898984,3C:71:BF,1,wpa2,2025-07-06T15:00:00.000Z,2025-07-06T09:00:00.000Z,Arras,Hauts-de-France,FR,Rue du Temple,62000
3C:71:BF:DE:79:69,,48.40942001,-4.46531677,3C:71:BF,6,wpa2,2022-02-21T14:00:00.000Z,2025-07-01T22:00:00.000Z,Brest,Bretagne,FR,Rue de la Villeneuve,29200
3C:71:BF:DE:79:99,,45.81762695,4.66540051,3C:71:BF,1,wpa2,2025-03-25T18:00:00.000Z,2025-03-25T12:00:00.000Z,,Auvergne-Rhône-Alpes,FR,Nouvelle Route,69210
3C:71:BF:DE:7A:99,,48.82090378,2.2018075,3C:71:BF,1,wpa2,2024-12-07T22:00:00.000Z,2024-12-07T16:00:00.000Z,,Île-de-France,FR,Grande Rue,92310
3C:71:BF:DE:7B:1D,,48.76240921,2.66450095,3C:71:BF,1,wpa2,2026-07-04T08:00:00.000Z,2026-07-11T02:00:00.000Z,,Île-de-France,FR,Rue de la Ferme du Presbytère,77330
3C:71:BF:DE:81:51,,48.15644455,-4.23218107,3C:71:BF,11,wpa2,2026-07-28T08:00:00.000Z,2026-07-28T02:00:00.000Z,,Bretagne,FR,Rue des Troènes,29550
3C:71:BF:DE:81:71,,45.8819046,6.14194965,3C:71:BF,1,wpa2,2026-07-30T09:00:00.000Z,2026-07-30T03:00:00.000Z,Sevrier,Auvergne-Rhône-Alpes,FR,Route d'Albertville,74320
3C:71:BF:DE:81:DD,,48.57329559,7.77097893,3C:71:BF,1,wpa2,2023-12-29T17:00:00.000Z,2025-06-15T00:00:00.000Z,Strasbourg,Grand Est,FR,Rue Alfred Kastler,67085
3C:71:BF:DE:82:0D,,48.36017609,-4.25976372,3C:71:BF,1,wpa2,2025-04-07T16:00:00.000Z,2025-04-07T09:00:00.000Z,,Bretagne,FR,Route de Quimper,29460
3C:71:BF:DE:82:4D,,48.7916069,1.9609139,3C:71:BF,1,wpa2,2026-03-28T10:00:00.000Z,2026-03-28T05:00:00.000Z,,Île-de-France,FR,Avenue de Chevreuse,78990
3C:71:BF:DE:82:71,,49.10006332,6.17558002,3C:71:BF,11,wpa2,2025-09-10T09:00:00.000Z,2025-10-30T07:00:00.000Z,Metz,Grand Est,FR,Rue Saint-Pierre,57000
3C:71:BF:DE:82:99,,47.31565475,5.02099657,3C:71:BF,1,wpa2,2025-02-03T06:00:00.000Z,2025-02-03T09:00:00.000Z,Dijon,Bourgogne-Franche-Comté,FR,Rue de Larrey,21000
3C:71:BF:DE:83:39,,42.70190811,2.89018655,3C:71:BF,9,wpa2,2025-09-06T16:00:00.000Z,2025-09-14T11:00:00.000Z,Perpignan,Occitanie,FR,Esplanade Méditerranée,66000
3C:71:BF:DE:83:BD,,49.0325737,2.06896043,3C:71:BF,1,wpa2,2025-06-04T17:00:00.000Z,2025-06-21T06:00:00.000Z,Cergy,Île-de-France,FR,Rue du Prieuré,95000
3C:71:BF:DE:83:E9,,45.79293442,3.0635457,3C:71:BF,1,wpa2,2026-01-07T16:00:00.000Z,2026-01-07T13:00:00.000Z,Clermont-Ferrand,Auvergne-Rhône-Alpes,FR,Rue de Nohanent,63100
3C:71:BF:DE:84:69,,48.03507614,-1.71324408,3C:71:BF,1,wpa2,2026-04-03T11:00:00.000Z,2026-04-03T14:00:00.000Z,Chartres-de-Bretagne,Bretagne,FR,Rue des Potériats,35131
3C:71:BF:DE:84:95,,48.39447021,-4.47958708,3C:71:BF,1,wpa2,2022-03-27T18:00:00.000Z,2025-01-01T22:00:00.000Z,Brest,Bretagne,FR,Rue Jean Jaurès,29200
3C:71:BF:DE:87:69,,47.32574081,5.04752827,3C:71:BF,1,wpa2,2025-07-19T20:00:00.000Z,2025-07-25T16:00:00.000Z,Dijon,Bourgogne-Franche-Comté,FR,Rue Jean-Baptiste Lallemand,21000
3C:71:BF:DE:88:9D,,44.81269455,-0.5734967,3C:71:BF,1,wpa2,2022-08-31T07:00:00.000Z,2026-03-31T11:00:00.000Z,Bordeaux,Nouvelle-Aquitaine,FR,Rue Jean Lalanne,33800
3C:71:BF:DE:89:59,,44.38676453,6.65068531,3C:71:BF,1,wpa2,2025-08-09T17:00:00.000Z,2026-06-30T01:00:00.000Z,,Provence-Alpes-Côte d'Azur,FR,Rue Manuel,04400
3C:71:BF:DE:8A:01,,48.84906387,2.78346348,3C:71:BF,1,wpa2,2025-07-26T14:00:00.000Z,2025-07-26T13:00:00.000Z,Serris,Île-de-France,FR,Boulevard du Champ du Moulin,77700
3C:71:BF:DE:8A:25,,45.8827858,6.14195061,3C:71:BF,1,wpa2,2026-07-30T09:00:00.000Z,2026-07-30T03:00:00.000Z,Sevrier,Auvergne-Rhône-Alpes,FR,Route d'Albertville,74320
3C:71:BF:DE:8A:45,,49.25445938,4.04559755,3C:71:BF,1,wpa2,2022-04-02T17:00:00.000Z,2025-04-14T08:00:00.000Z,Reims,Grand Est,FR,Boulevard Saint-Marceaux,51100
3C:71:BF:DE:8A:79,,48.83527756,2.30292249,3C:71:BF,1,wpa2,2023-08-27T12:00:00.000Z,2026-04-18T15:00:00.000Z,Paris,Île-de-France,FR,Rue de Vouillé,75015
3C:71:BF:DE:8B:1D,,47.20489502,-1.65924764,3C:71:BF,1,wpa2,2026-07-25T14:00:00.000Z,2026-07-25T08:00:00.000Z,,Pays de la Loire,FR,Allée de la Bourgonnière,44800
3C:71:BF:DE:8B:81,,48.89857864,2.55100274,3C:71:BF,1,wpa2,2023-11-10T15:00:00.000Z,2026-07-30T04:00:00.000Z,,Île-de-France,FR,Avenue Jean Jaurès,93370
3C:71:BF:DE:8B:D1,,46.14008331,-1.16514468,3C:71:BF,1,wpa2,2024-11-15T11:00:00.000Z,2024-12-08T05:00:00.000Z,La Rochelle,Nouvelle-Aquitaine,FR,Rue Lucile,17000
3C:71:BF:DE:8D:55,,47.26166916,6.04091549,3C:71:BF,1,wpa2,2026-02-24T09:00:00.000Z,2026-02-24T04:00:00.000Z,Besançon,Bourgogne-Franche-Comté,FR,Rue Frédéric Chopin,25000
3C:71:BF:DE:8F:65,,47.71392441,2.2083149,3C:71:BF,2,wpa2,2026-08-07T20:00:00.000Z,2026-08-07T14:00:00.000Z,,Centre-Val de Loire,FR,Route d'Orléans,45510
3C:71:BF:DE:8F:71,,43.89092255,4.90995884,3C:71:BF,1,wpa2,2026-07-22T02:00:00.000Z,2026-07-21T20:00:00.000Z,Avignon,Provence-Alpes-Côte d'Azur,FR,Route de Marseille,84000
3C:71:BF:DE:8F:9D,,47.32795334,5.04946518,3C:71:BF,11,wpa2,2025-12-13T06:00:00.000Z,2025-12-14T21:00:00.000Z,Dijon,Bourgogne-Franche-Comté,FR,Boulevard Georges Clemenceau,21000
3C:71:BF:DE:90:39,,43.7023201,6.03936958,3C:71:BF,1,wpa2,2025-08-28T18:00:00.000Z,2025-08-28T12:00:00.000Z,Quinson,Provence-Alpes-Côte d'Azur,FR,Le Cours,04500
3C:71:BF:DE:90:4D,,43.60227585,7.09878588,3C:71:BF,6,wpa2,2024-12-11T16:00:00.000Z,2026-05-27T12:00:00.000Z,,Provence-Alpes-Côte d'Azur,FR,Chemin des Rastines,06600
3C:71:BF:DE:93:5D,,47.23289108,-1.57609177,3C:71:BF,1,wpa2,2026-05-12T16:00:00.000Z,2026-08-10T11:00:00.000Z,Nantes,Pays de la Loire,FR,Boulevard des Américains,44036
3C:71:BF:DE:93:75,,44.76901627,-0.63026589,3C:71:BF,9,wpa2,2024-03-07T15:00:00.000Z,2024-08-27T08:00:00.000Z,,Nouvelle-Aquitaine,FR,Route de Canéjan,33170
3C:71:BF:DE:94:8D,,48.45635223,-2.02854419,3C:71:BF,1,wpa2,2025-10-25T18:00:00.000Z,2025-11-01T15:00:00.000Z,,Bretagne,FR,Rue de Rennes,22100
3C:71:BF:DE:95:05,,48.84140015,2.324826,3C:71:BF,1,wpa2,2025-11-01T12:00:00.000Z,2026-07-02T00:00:00.000Z,Paris,Île-de-France,FR,Place Stéphane Hessel,75014
3C:71:BF:DE:95:CD,,48.76346207,2.27585244,3C:71:BF,1,wpa2,2026-06-08T05:00:00.000Z,2026-06-08T02:00:00.000Z,,Île-de-France,FR,Avenue de la Division Leclerc,92290
3C:71:BF:DE:96:C5,,47.25514221,6.01870823,3C:71:BF,1,wpa2,2025-05-27T10:00:00.000Z,2025-05-27T04:00:00.000Z,Besançon,Bourgogne-Franche-Comté,FR,Boulevard Léon Blum,25000
3C:71:BF:DE:97:09,,48.66932678,-1.85904002,3C:71:BF,6,wpa2,2026-08-05T11:00:00.000Z,2026-08-05T14:00:00.000Z,,Bretagne,FR,Rue Albert 1er,35260
3C:71:BF:DE:97:75,,48.84119415,2.32482243,3C:71:BF,1,wpa2,2023-09-17T11:00:00.000Z,2026-07-25T03:00:00.000Z,Paris,Île-de-France,FR,,75014
3C:71:BF:DE:9B:1D,,43.48055267,5.4224577,3C:71:BF,1,wpa2,2026-06-01T06:00:00.000Z,2026-08-05T00:00:00.000Z,Aix-en-Provence,Provence-Alpes-Côte d'Azur,FR,Route de Gardanne,13080
3C:71:BF:DE:BE:4D,,48.89273834,2.41267037,3C:71:BF,11,wpa2,2025-03-27T15:00:00.000Z,2025-03-27T09:00:00.000Z,,Île-de-France,FR,Place de l'Église,93500
3C:71:BF:DE:C2:A9,,47.25044632,6.03058767,3C:71:BF,11,wpa2,2023-04-15T19:00:00.000Z,2025-05-08T08:00:00.000Z,Besançon,Bourgogne-Franche-Comté,FR,Rue Marie Louise,25000
3C:71:BF:DE:C9:79,,43.27784348,5.38617992,3C:71:BF,1,wpa2,2026-04-18T09:00:00.000Z,2026-04-18T10:00:00.000Z,Marseille,Provence-Alpes-Côte d'Azur,FR,Rue de Cluny,13008
3C:71:BF:DE:C9:A5,,43.61099243,1.45183229,3C:71:BF,1,wpa2,2001-01-01T00:00:00.000Z,2025-11-30T11:00:00.000Z,Toulouse,Occitanie,FR,Rue de Bayard,31000
3C:71:BF:DE:C9:F1,,47.21868134,-1.56418705,3C:71:BF,9,wpa2,2026-08-06T16:00:00.000Z,2026-08-13T09:00:00.000Z,Nantes,Pays de la Loire,FR,Rue de la Bastille,44093
3C:71:BF:DE:CA:0D,,43.27795792,5.38681126,3C:71:BF,1,wpa2,2026-04-18T09:00:00.000Z,2026-04-21T02:00:00.000Z,Marseille,Provence-Alpes-Côte d'Azur,FR,Rue Florac,13008
3C:71:BF:DE:D2:1D,,47.228508,-1.57120717,3C:71:BF,1,wpa2,2026-04-21T16:00:00.000Z,2026-08-13T09:00:00.000Z,Nantes,Pays de la Loire,FR,Rue des Hauts Pavés,44036
3C:71:BF:DE:D4:DD,KF-3C71BFDED4DD,44.82911682,-0.55889481,3C:71:BF,11,wpa2,2022-05-13T16:00:00.000Z,2026-07-02T13:00:00.000Z,Bordeaux,Nouvelle-Aquitaine,FR,Rue Belle Étoile,33800
3C:71:BF:DE:D8:FD,,44.83695984,-0.5721516,3C:71:BF,6,wpa2,2022-05-13T09:00:00.000Z,2026-05-12T02:00:00.000Z,Bordeaux,Nouvelle-Aquitaine,FR,Rue des Ayres,33000
3C:71:BF:DE:D9:0D,,47.7733345,-3.33364177,3C:71:BF,1,wpa2,2026-07-22T11:00:00.000Z,2026-07-22T09:00:00.000Z,,Bretagne,FR,Chemin du Zulio,56600
3C:71:BF:DE:D9:55,,48.86083984,2.32997727,3C:71:BF,1,wpa2,2024-04-18T19:00:00.000Z,2024-08-21T13:00:00.000Z,Paris,Île-de-France,FR,Terrasse du Bord de l'Eau,75001
3C:71:BF:DE:D9:C1,,48.83313751,2.32343769,3C:71:BF,1,wpa2,2026-01-06T18:00:00.000Z,2026-01-27T23:00:00.000Z,Paris,Île-de-France,FR,Rue Maurice Ripoche,75014
3C:71:BF:DE:D9:FD,,47.32754135,5.04967785,3C:71:BF,1,wpa2,2025-05-18T11:00:00.000Z,2025-07-25T16:00:00.000Z,Dijon,Bourgogne-Franche-Comté,FR,Rue André Malraux,21000
3C:71:BF:DE:DE:65,,45.18134689,5.73189211,3C:71:BF,1,wpa2,2026-07-19T09:00:00.000Z,2026-07-20T07:00:00.000Z,Grenoble,Auvergne-Rhône-Alpes,FR,Avenue Général Champon,38100
3C:71:BF:DE:DE:C1,,51.05159378,2.43146992,3C:71:BF,1,wpa2,2025-04-12T15:00:00.000Z,2025-09-25T22:00:00.000Z,Dunkerque,Hauts-de-France,FR,Rond-Point Malo-Terminus Les Dunes,59240
3C:71:BF:DE:EF:9D,,48.88068008,2.49420357,3C:71:BF,1,wpa2,2026-04-29T14:00:00.000Z,2026-04-29T08:00:00.000Z,,Île-de-France,FR,,77470
3C:71:BF:DE:F2:61,,43.68160248,4.63218594,3C:71:BF,1,wpa2,2026-05-08T18:00:00.000Z,2026-05-11T11:00:00.000Z,,Provence-Alpes-Côte d'Azur,FR,Avenue de Stalingrad,13200
3C:71:BF:DF:93:AD,,48.64949417,-2.02591991,3C:71:BF,6,wpa2,2024-07-20T18:00:00.000Z,2026-08-06T23:00:00.000Z,,Bretagne,FR,Rue de la Blatrerie,35400
3C:71:BF:DF:94:E9,,43.53072739,5.44921017,3C:71:BF,1,wpa2,2024-07-14T09:00:00.000Z,2026-03-08T03:00:00.000Z,Aix-en-Provence,Provence-Alpes-Côte d'Azur,FR,Rue Paul Bert,13626
3C:71:BF:DF:9A:79,,48.89376831,2.31199718,3C:71:BF,1,wpa2,2023-10-19T16:00:00.000Z,2025-04-29T07:00:00.000Z,Paris,Île-de-France,FR,Boulevard Berthier,75017
3C:71:BF:DF:9B:2D,3c:71:bf:df:9b:2d,48.53098297,2.37958002,3C:71:BF,1,wpa2,2026-04-13T09:00:00.000Z,2026-04-13T02:00:00.000Z,,Île-de-France,FR,Avenue de la Croix Boissée,91610
3C:71:BF:DF:9B:A5,,47.11471558,-1.93742943,3C:71:BF,1,wpa2,2026-08-11T17:00:00.000Z,2026-08-11T11:00:00.000Z,Chaumes-en-Retz,Pays de la Loire,FR,Place du Relais,44320
3C:71:BF:DF:9D:C5,,48.45634079,-2.02853465,3C:71:BF,1,wpa2,2025-10-25T18:00:00.000Z,2025-11-01T15:00:00.000Z,,Bretagne,FR,Rue de Rennes,22100
3C:71:BF:DF:A0:69,,44.5774498,4.75429821,3C:71:BF,1,wpa2,2024-12-18T14:00:00.000Z,2024-12-18T12:00:00.000Z,,Auvergne-Rhône-Alpes,FR,Route de Valence,26200
3C:71:BF:DF:A2:ED,,48.89802933,2.26313376,3C:71:BF,1,wpa2,2025-09-05T19:00:00.000Z,2025-10-18T09:00:00.000Z,,Île-de-France,FR,Boulevard de Verdun,92400
3C:71:BF:DF:A3:45,,48.87796783,2.5160234,3C:71:BF,1,wpa2,2026-04-29T14:00:00.000Z,2026-04-29T08:00:00.000Z,,Île-de-France,FR,Rue Louis Armand,93250
3C:71:BF:DF:A7:E9,,46.00241852,4.44498634,3C:71:BF,1,wpa2,2024-02-29T19:00:00.000Z,2026-06-06T13:00:00.000Z,,Auvergne-Rhône-Alpes,FR,Route d'Amplepuis,69870
3C:71:BF:DF:AF:11,,48.30747223,-1.36554325,3C:71:BF,1,wpa2,2025-12-04T22:00:00.000Z,2025-12-05T08:00:00.000Z,Rives-du-Couesnon,Bretagne,FR,D 103,35140
3C:71:BF:DF:AF:B5,,48.86995697,2.37059426,3C:71:BF,1,wpa2,2025-05-28T12:00:00.000Z,2026-04-11T01:00:00.000Z,Paris,Île-de-France,FR,Rue du Faubourg du Temple,75011
3C:71:BF:DF:B0:2D,,50.27740097,2.78569674,3C:71:BF,1,wpa2,2025-07-06T15:00:00.000Z,2025-07-06T09:00:00.000Z,Arras,Hauts-de-France,FR,Rue de l'Abbé Lemire,62000
3C:71:BF:DF:B0:31,3C:71:BF:DF:B0:31,48.89529419,2.57109666,3C:71:BF,1,wpa2,2023-11-18T15:00:00.000Z,2026-08-08T07:00:00.000Z,,Île-de-France,FR,Boulevard de l'Europe,93370
3C:71:BF:DF:B0:7D,,45.92231369,5.12872505,3C:71:BF,1,wpa2,2025-11-10T14:00:00.000Z,2025-11-10T07:00:00.000Z,,Auvergne-Rhône-Alpes,FR,,01800
3C:71:BF:DF:BE:25,EasyStat-FBE24,41.11270142,20.79538727,3C:71:BF,1,unknown,2026-05-23T21:00:00.000Z,2026-05-23T15:00:00.000Z,Охрид,Југозападен СР,MK,Христо Узунов,6000
3C:71:BF:DF:C4:25,,48.87651062,2.3441515,3C:71:BF,1,wpa2,2023-12-15T11:00:00.000Z,2024-12-01T03:00:00.000Z,Paris,Île-de-France,FR,Rue Lamartine,75009
3C:71:BF:DF:C4:A1,,43.64008713,3.84678578,3C:71:BF,1,wpa2,2024-09-29T09:00:00.000Z,2024-09-29T12:00:00.000Z,Montpellier,Occitanie,FR,Avenue des Moulins,34296
3C:71:BF:DF:C5:0D,,48.01535797,-1.70795608,3C:71:BF,11,wpa2,2026-02-07T16:00:00.000Z,2026-05-15T14:00:00.000Z,,Bretagne,FR,Allée François Mauriac,35131
3C:71:BF:DF:C5:59,,43.54696274,1.47686565,3C:71:BF,1,wpa2,2025-03-04T17:00:00.000Z,2025-11-06T08:00:00.000Z,,Occitanie,FR,Place Marnac,31520
3C:71:BF:DF:C5:E5,,50.40969849,2.95735407,3C:71:BF,1,wpa2,2025-10-09T14:00:00.000Z,2025-10-09T08:00:00.000Z,Hénin-Beaumont,Hauts-de-France,FR,Boulevard Fernand Darchicourt,62110
3C:71:BF:DF:C6:C9,,47.74201202,-3.36624694,3C:71:BF,1,wpa2,2026-03-31T14:00:00.000Z,2026-03-31T09:00:00.000Z,,Bretagne,FR,Rue de la Belle-Fontaine,56100
3C:71:BF:DF:C6:F9,,43.423172,6.74491978,3C:71:BF,1,wpa2,2026-04-21T08:00:00.000Z,2026-04-22T08:00:00.000Z,,Provence-Alpes-Côte d'Azur,FR,Avenue Général Edmond Magendie,83370
3C:71:BF:DF:C8:79,,50.02222443,1.32550943,3C:71:BF,1,wpa2,2024-10-05T13:00:00.000Z,2024-10-05T12:00:00.000Z,,Normandie,FR,D 925,76910
3C:71:BF:DF:CA:05,,45.75582123,4.81576204,3C:71:BF,1,wpa2,2023-08-06T01:00:00.000Z,2026-07-27T11:00:00.000Z,Lyon,Auvergne-Rhône-Alpes,FR,Montée de Choulans,69005
3C:71:BF:DF:CA:6D,,46.93509674,0.3068414,3C:71:BF,11,wpa2,2025-05-10T13:00:00.000Z,2025-05-10T07:00:00.000Z,,Nouvelle-Aquitaine,FR,D 757,37120
3C:71:BF:DF:CA:91,,48.11164856,-1.38698721,3C:71:BF,1,wpa2,2021-08-11T19:00:00.000Z,2024-12-10T09:00:00.000Z,,Bretagne,FR,Rue de Vitré,35220
3C:71:BF:DF:CB:79,,47.89911652,1.92184794,3C:71:BF,11,wpa2,2025-08-25T13:00:00.000Z,2025-10-02T04:00:00.000Z,Orléans,Centre-Val de Loire,FR,Quai du Roi,45000
3C:71:BF:DF:CB:91,,48.76996994,2.31147909,3C:71:BF,1,wpa2,2026-06-18T18:00:00.000Z,2026-08-02T13:00:00.000Z,,Île-de-France,FR,Avenue Raymond Aron,92160
3C:71:BF:DF:CC:DD,,43.63200378,1.45934618,3C:71:BF,1,wpa2,2025-02-16T15:00:00.000Z,2025-02-16T07:00:00.000Z,Toulouse,Occitanie,FR,Chemin de Lapujade,31200
3C:71:BF:DF:CD:3D,,44.82947922,-0.62692565,3C:71:BF,1,wpa2,2024-08-27T13:00:00.000Z,2024-08-27T12:00:00.000Z,,Nouvelle-Aquitaine,FR,Rue de la Paix,33700
3C:71:BF:DF:CD:61,,45.74735641,4.71937466,3C:71:BF,1,wpa2,2022-10-10T12:00:00.000Z,2025-04-01T06:00:00.000Z,,Auvergne-Rhône-Alpes,FR,Avenue Pierre Dumond,69290
3C:71:BF:DF:CD:E5,,47.10699081,6.14459991,3C:71:BF,1,wpa2,2025-12-30T14:00:00.000Z,2025-12-31T12:00:00.000Z,,Bourgogne-Franche-Comté,FR,Avenue du Président Wilson,25290
3C:71:BF:DF:CE:71,,43.66332626,7.15065861,3C:71:BF,1,wpa2,2026-07-26T16:00:00.000Z,2026-07-26T16:00:00.000Z,,Provence-Alpes-Côte d'Azur,FR,Avenue Hôtel des Postes,06800
3C:71:BF:DF:D1:1D,,43.84804153,6.51304197,3C:71:BF,1,wpa2,2025-08-24T18:00:00.000Z,2025-08-25T02:00:00.000Z,,Provence-Alpes-Côte d'Azur,FR,Montée de la Poudrière,04120
3C:71:BF:DF:D1:25,,48.82295227,2.46663857,3C:71:BF,1,wpa2,2025-11-18T18:00:00.000Z,2026-04-14T14:00:00.000Z,,Île-de-France,FR,Quai de la Marne,94340
3C:71:BF:DF:D1:91,,49.87136078,0.80108261,3C:71:BF,1,wpa2,2022-09-15T16:00:00.000Z,2024-09-11T04:00:00.000Z,,Normandie,FR,Chemin des Champs Elysées,76980
3C:71:BF:DF:D2:19,RAINBIRDDFD218,32.81748962,-97.20228577,3C:71:BF,1,wpa2,2025-04-12T04:00:00.000Z,2026-05-16T18:00:00.000Z,,TX,US,West Redbud Drive,76053
3C:71:BF:DF:D3:51,,48.63379288,2.31264639,3C:71:BF,1,wpa2,2022-11-27T16:00:00.000Z,2026-08-13T14:00:00.000Z,Saint-Michel-sur-Orge,Île-de-France,FR,Allée de la Pierrelaie,91240
3C:71:BF:DF:D3:9D,,45.1919899,5.73105192,3C:71:BF,1,wpa2,2024-02-09T13:00:00.000Z,2026-01-31T03:00:00.000Z,Grenoble,Auvergne-Rhône-Alpes,FR,Rue Président Sadi Carnot,38000
3C:71:BF:DF:D3:E9,,47.32249069,5.02215004,3C:71:BF,1,wpa2,2025-02-06T14:00:00.000Z,2026-04-12T08:00:00.000Z,Dijon,Bourgogne-Franche-Comté,FR,Avenue Albert 1er,21000
3C:71:BF:DF:D4:01,,48.08077621,-1.71760237,3C:71:BF,1,wpa2,2026-05-08T17:00:00.000Z,2026-05-09T14:00:00.000Z,Saint-Jacques-de-la-Lande,Bretagne,FR,Rue Charles de Gaulle,35136
3C:71:BF:DF:D4:05,,45.61274338,6.85863876,3C:71:BF,1,wpa2,2025-02-05T16:00:00.000Z,2025-06-24T09:00:00.000Z,,Auvergne-Rhône-Alpes,FR,Route des Hameaux,73700
3C:71:BF:DF:D4:59,,49.25700378,4.04577208,3C:71:BF,1,wpa2,2022-07-13T09:00:00.000Z,2025-05-13T05:00:00.000Z,Reims,Grand Est,FR,Rue de Cernay,51100
3C:71:BF:DF:D4:61,,48.40931702,-4.46590281,3C:71:BF,11,wpa2,2021-11-20T14:00:00.000Z,2024-09-28T09:00:00.000Z,Brest,Bretagne,FR,Rue de la Villeneuve,29200
3C:71:BF:DF:D4:71,,48.66188049,2.24053669,3C:71:BF,1,wpa2,2026-05-12T15:00:00.000Z,2026-05-12T10:00:00.000Z,,Île-de-France,FR,Rue de Villarceau,91620
3C:71:BF:DF:FB:81,SensMax TAC-B 051001955,40.6679306,-4.65306807,3C:71:BF,11,wpa2,2025-06-04T08:00:00.000Z,2025-06-05T04:00:00.000Z,Ávila,Castilla y León,ES,Avenida de Juan Carlos I,05004
3C:71:BF:E0:81:DD,RAINBIRDE081DC,33.14328384,-97.25827026,3C:71:BF,2,unknown,2025-07-26T20:00:00.000Z,2025-07-26T17:00:00.000Z,Denton,TX,US,Copper Ore Way,
3C:71:BF:E0:82:65,BasaltAP-E08264,-44.39828873,171.25849915,3C:71:BF,6,wpa2,2025-11-23T15:00:00.000Z,2026-06-04T11:00:00.000Z,,Canterbury,NZ,Hayes Street,7910
3C:71:BF:E0:A0:5D,,48.65702057,-1.98260272,3C:71:BF,1,wpa2,2024-04-17T14:00:00.000Z,2026-07-22T14:00:00.000Z,,Bretagne,FR,Rue des Six Frères Ruellan,35400
3C:71:BF:E0:A0:9D,,47.28213501,5.26199007,3C:71:BF,1,wpa2,2025-06-22T16:00:00.000Z,2025-06-22T11:00:00.000Z,,Bourgogne-Franche-Comté,FR,Grande Rue,21110
3C:71:BF:E0:A1:19,,48.83848572,2.2943511,3C:71:BF,1,wpa2,2024-05-15T15:00:00.000Z,2024-09-26T02:00:00.000Z,Paris,Île-de-France,FR,Rue de Javel,75015
3C:71:BF:E0:A1:29,,51.03988266,2.3819859,3C:71:BF,11,wpa2,2025-09-26T00:00:00.000Z,2026-06-24T22:00:00.000Z,Dunkerque,Hauts-de-France,FR,Rue de la Victoire,59140
3C:71:BF:E0:A2:A1,,48.95902634,2.06608462,3C:71:BF,1,wpa2,2026-03-01T17:00:00.000Z,2026-03-01T10:00:00.000Z,,Île-de-France,FR,Rue du Pasteur Martin Luther King,78260
3C:71:BF:E0:A2:AD,,45.75056839,4.54944229,3C:71:BF,1,wpa2,2024-07-03T16:00:00.000Z,2025-03-28T12:00:00.000Z,,Auvergne-Rhône-Alpes,FR,Route de la Giraudière,69690
3C:71:BF:E0:A2:CD,,47.90906525,1.90156698,3C:71:BF,1,wpa2,2021-12-15T14:00:00.000Z,2026-07-29T08:00:00.000Z,Orléans,Centre-Val de Loire,FR,Rue de Patay,45000
3C:71:BF:E0:A2:F9,,47.88808441,1.894853,3C:71:BF,1,wpa2,2025-10-18T19:00:00.000Z,2025-10-22T04:00:00.000Z,Orléans,Centre-Val de Loire,FR,Rue du Clos Rozé,45100
3C:71:BF:E0:A6:19,,49.47890091,0.87021935,3C:71:BF,1,wpa2,2026-05-14T15:00:00.000Z,2026-05-14T11:00:00.000Z,,Normandie,FR,Avenue du Président Coty,76480
3C:71:BF:E0:A8:1D,,48.89277649,2.41276217,3C:71:BF,11,wpa2,2025-03-27T15:00:00.000Z,2025-03-27T09:00:00.000Z,,Île-de-France,FR,Place de l'Église,93500
3C:71:BF:E0:A9:61,,48.45031738,-2.00751281,3C:71:BF,1,wpa2,2025-10-22T17:00:00.000Z,2025-10-25T12:00:00.000Z,,Bretagne,FR,D 794,35720
3C:71:BF:E0:AA:09,,43.32961655,3.12201905,3C:71:BF,1,wpa2,2025-11-02T09:00:00.000Z,2025-11-12T11:00:00.000Z,,Occitanie,FR,Avenue de Capestang,34310
3C:71:BF:E0:AA:A1,,45.09260941,6.06365347,3C:71:BF,1,wpa2,2025-07-02T08:00:00.000Z,2025-07-02T08:00:00.000Z,,Auvergne-Rhône-Alpes,FR,Route du Signal,38750
3C:71:BF:E0:AA:E5,,48.57872772,7.71084547,3C:71:BF,1,wpa2,2025-11-21T11:00:00.000Z,2025-11-25T02:00:00.000Z,Strasbourg,Grand Est,FR,Route des Romains,67200
3C:71:BF:E0:AB:0D,,47.32248688,5.03906441,3C:71:BF,1,wpa2,2026-04-12T13:00:00.000Z,2026-06-10T08:00:00.000Z,Dijon,Bourgogne-Franche-Comté,FR,Rue François Rude,21000
3C:71:BF:E0:AB:89,,48.58541489,1.9881897,3C:71:BF,6,wpa2,2026-03-28T14:00:00.000Z,2026-03-28T08:00:00.000Z,,Île-de-France,FR,Rue Guy le Rouge,78730
3C:71:BF:E0:AC:01,,46.17785645,-1.11883521,3C:71:BF,1,wpa2,2024-10-15T18:00:00.000Z,2024-12-16T13:00:00.000Z,,Nouvelle-Aquitaine,FR,,17138
3C:71:BF:E0:AC:1D,,47.61927032,-2.99810934,3C:71:BF,1,wpa2,2024-08-25T17:00:00.000Z,2024-08-25T13:00:00.000Z,,Bretagne,FR,Rue de la Fontaine,56950
3C:71:BF:E0:AD:9D,,45.76776505,4.82572079,3C:71:BF,1,wpa2,2024-02-02T16:00:00.000Z,2025-12-16T10:00:00.000Z,Lyon,Auvergne-Rhône-Alpes,FR,Quai de Pierre-Scize,69005
3C:71:BF:E0:AD:AD,,43.26417542,5.39004946,3C:71:BF,1,wpa2,2024-09-29T18:00:00.000Z,2026-03-17T15:00:00.000Z,Marseille,Provence-Alpes-Côte d'Azur,FR,Avenue Alexandre Dumas,13008
3C:71:BF:E0:AD:C9,,48.63579178,2.22737837,3C:71:BF,1,wpa2,2025-01-19T14:00:00.000Z,2026-04-14T10:00:00.000Z,Marcoussis,Île-de-France,FR,Route de Briis,91460
3C:71:BF:E0:AE:25,,45.92148972,-0.96305883,3C:71:BF,1,wpa2,2025-04-20T16:00:00.000Z,2025-04-20T12:00:00.000Z,,Nouvelle-Aquitaine,FR,Avenue du 11 Novembre 1918,17300
3C:71:BF:E0:AF:CD,,43.49145508,-1.47766674,3C:71:BF,1,wpa2,2024-10-31T08:00:00.000Z,2024-10-31T06:00:00.000Z,,Nouvelle-Aquitaine,FR,Allée de la Poterne,64100
3C:71:BF:E0:B2:7D,,48.59812546,2.28816915,3C:71:BF,1,wpa2,2026-04-26T09:00:00.000Z,2026-04-26T02:00:00.000Z,,Île-de-France,FR,Rue du Docteur Babin,91220
3C:71:BF:E0:B3:B1,,48.67013931,-1.85813999,3C:71:BF,1,wpa2,2026-08-05T11:00:00.000Z,2026-08-05T14:00:00.000Z,,Bretagne,FR,Rue Kitchener,35260
3C:71:BF:E0:BE:39,,49.9271431,1.08047044,3C:71:BF,1,wpa2,2022-08-17T13:00:00.000Z,2025-05-06T00:00:00.000Z,Dieppe,Normandie,FR,Rue Vareille,76200
3C:71:BF:E0:BE:59,,46.36812973,6.46804142,3C:71:BF,1,wpa2,2026-04-21T14:00:00.000Z,2026-04-22T11:00:00.000Z,,Auvergne-Rhône-Alpes,FR,Boulevard Bel Air,74200
3C:71:BF:E0:BE:91,,50.60388947,3.3942771,3C:71:BF,1,wpa2,2024-12-06T13:00:00.000Z,2026-01-11T10:00:00.000Z,,Hainaut,BE,Rue Saint-Piat,7500
3C:71:BF:E0:BE:A9,,47.32829666,5.05101442,3C:71:BF,1,wpa2,2025-05-17T13:00:00.000Z,2026-08-10T01:00:00.000Z,Dijon,Bourgogne-Franche-Comté,FR,Place Jean Bouhey,21000
3C:71:BF:E0:BE:D1,,47.2393837,6.02013302,3C:71:BF,1,wpa2,2022-04-22T17:00:00.000Z,2025-10-16T10:00:00.000Z,Besançon,Bourgogne-Franche-Comté,FR,Quai Vauban,25000
3C:71:BF:E0:BE:E9,,48.83388519,2.35346985,3C:71:BF,1,wpa2,2025-04-13T09:00:00.000Z,2025-04-13T04:00:00.000Z,Paris,Île-de-France,FR,Villa des Gobelins,75013
3C:71:BF:E0:C0:4D,,43.57307053,7.08649492,3C:71:BF,10,wpa2,2025-05-31T13:00:00.000Z,2026-01-02T10:00:00.000Z,Vallauris,Provence-Alpes-Côte d'Azur,FR,Avenue de la Liberté,06220
3C:71:BF:E0:C1:2D,,50.7286911,2.74940872,3C:71:BF,1,wpa2,2026-02-22T18:00:00.000Z,2026-02-24T01:00:00.000Z,,Hauts-de-France,FR,Rue de Lille,59270
3C:71:BF:E0:C1:31,,43.00970078,3.05792284,3C:71:BF,1,wpa2,2025-06-24T19:00:00.000Z,2025-07-03T11:00:00.000Z,,Occitanie,FR,Rue Jean Bart,11210
3C:71:BF:E0:C4:5D,,48.53546524,-1.56749868,3C:71:BF,1,wpa2,2025-07-22T10:00:00.000Z,2025-07-22T07:00:00.000Z,,Bretagne,FR,Rue de la Briqueterie,35610
3C:71:BF:E0:C6:99,,48.58512497,1.98822296,3C:71:BF,1,wpa2,2026-03-28T14:00:00.000Z,2026-03-28T08:00:00.000Z,,Île-de-France,FR,Rue Guy le Rouge,78730
3C:71:BF:E0:C7:B1,,48.6771698,-1.85077035,3C:71:BF,6,wpa2,2026-08-05T12:00:00.000Z,2026-08-05T14:00:00.000Z,,Bretagne,FR,Place Jean Bart,35260
3C:71:BF:E0:D0:2D,,43.60878372,3.87455344,3C:71:BF,1,wpa2,2026-05-26T17:00:00.000Z,2026-05-26T11:00:00.000Z,Montpellier,Occitanie,FR,Rue des Balances,34062
3C:71:BF:E0:D0:81,,49.4706192,4.12324381,3C:71:BF,1,wpa2,2024-09-26T07:00:00.000Z,2024-09-27T01:00:00.000Z,,Grand Est,FR,Rue de Chanteraine,08190
3C:71:BF:E0:D0:B5,,43.66751862,1.42850041,3C:71:BF,1,wpa2,2025-11-20T05:00:00.000Z,2026-07-01T06:00:00.000Z,,Occitanie,FR,Place Joseph Nougein,31140
3C:71:BF:E0:D0:E1,,48.38484573,-4.47917128,3C:71:BF,1,wpa2,2023-05-26T19:00:00.000Z,2025-04-27T08:00:00.000Z,Brest,Bretagne,FR,Rue de l'Elorn,29200
3C:71:BF:E0:D1:39,,46.78501511,4.84263706,3C:71:BF,1,wpa2,2025-05-09T09:00:00.000Z,2025-05-09T12:00:00.000Z,Chalon-sur-Saône,Bourgogne-Franche-Comté,FR,Rue du Champ Gaillard,71100
3C:71:BF:E0:D1:61,,50.28291321,2.78258252,3C:71:BF,1,wpa2,2026-03-24T14:00:00.000Z,2026-03-24T07:00:00.000Z,Arras,Hauts-de-France,FR,Rue Guynemer,62000
3C:71:BF:E0:D1:81,,48.04170609,-1.70783699,3C:71:BF,6,wpa2,2026-04-01T10:00:00.000Z,2026-04-01T14:00:00.000Z,Chartres-de-Bretagne,Bretagne,FR,Rue de Bourgogne,35131
3C:71:BF:E0:D2:81,,48.36017609,-4.25976372,3C:71:BF,1,wpa2,2025-04-07T16:00:00.000Z,2025-04-07T09:00:00.000Z,,Bretagne,FR,Route de Quimper,29460
3C:71:BF:E0:D2:8D,,43.50177002,-1.45848739,3C:71:BF,1,wpa2,2026-01-09T18:00:00.000Z,2026-01-09T11:00:00.000Z,,Nouvelle-Aquitaine,FR,Avenue du 14 Avril 1814,64100
3C:71:BF:E0:D9:F1,,44.83210754,-0.58444893,3C:71:BF,1,wpa2,2026-02-06T10:00:00.000Z,2026-03-05T02:00:00.000Z,Bordeaux,Nouvelle-Aquitaine,FR,Cité Mouneyra,33000
3C:71:BF:E0:DA:49,,47.3674469,5.02270317,3C:71:BF,1,wpa2,2025-06-20T16:00:00.000Z,2026-06-10T09:00:00.000Z,,Bourgogne-Franche-Comté,FR,Rue des Grands Clos,21121
3C:71:BF:E0:DA:69,,48.87697983,2.35252023,3C:71:BF,1,wpa2,2022-04-18T17:00:00.000Z,2025-06-20T07:00:00.000Z,Paris,Île-de-France,FR,Rue de Chabrol,75010
3C:71:BF:E0:DA:8D,SensMax TAC-B 051001799,41.3578949,2.10248208,3C:71:BF,4,wpa2,2026-01-01T13:00:00.000Z,2026-04-19T03:00:00.000Z,l'Hospitalet de Llobregat,Catalunya,ES,Avinguda del Carrilet,08901
3C:71:BF:E0:DA:D5,,48.70152664,2.18746305,3C:71:BF,1,wpa2,2024-11-14T16:00:00.000Z,2024-11-14T08:00:00.000Z,,Île-de-France,FR,Rue de la Pacaterie,91400
3C:71:BF:E0:DC:1D,,47.72022629,-1.37614429,3C:71:BF,1,wpa2,2026-05-23T14:00:00.000Z,2026-05-23T14:00:00.000Z,,Pays de la Loire,FR,Rue Aristide Briand,44110
3C:71:BF:E0:DC:5D,,43.2690506,5.38866663,3C:71:BF,1,wpa2,2025-11-15T09:00:00.000Z,2026-08-06T03:00:00.000Z,Marseille,Provence-Alpes-Côte d'Azur,FR,Rue Négresko,13008
3C:71:BF:E0:DC:71,,48.39441681,-4.47962713,3C:71:BF,1,wpa2,2021-09-27T12:00:00.000Z,2026-03-21T04:00:00.000Z,Brest,Bretagne,FR,Rue Jean Jaurès,29200
3C:71:BF:E0:DD:7D,,47.2170105,-1.55631256,3C:71:BF,1,wpa2,2022-07-07T20:00:00.000Z,2025-03-27T08:00:00.000Z,Nantes,Pays de la Loire,FR,Place des Petits Murs,44000
3C:71:BF:E0:DE:49,,43.36148834,-1.399845,3C:71:BF,1,wpa2,2024-11-01T10:00:00.000Z,2024-11-01T04:00:00.000Z,,Nouvelle-Aquitaine,FR,Rue Chiquito de Cambo,64250
3C:71:BF:E0:DE:99,,48.6762619,-1.85394084,3C:71:BF,1,wpa2,2021-12-19T11:00:00.000Z,2026-04-05T03:00:00.000Z,,Bretagne,FR,Avenue du Général de Gaulle,35260
3C:71:BF:E0:DF:5D,,47.25809097,6.04821873,3C:71:BF,1,wpa2,2026-01-25T10:00:00.000Z,2026-01-25T07:00:00.000Z,Besançon,Bourgogne-Franche-Comté,FR,Rue François Rein,25000
3C:71:BF:E0:DF:6D,,48.92175293,2.4450953,3C:71:BF,1,wpa2,2026-01-14T16:00:00.000Z,2026-01-14T11:00:00.000Z,,Île-de-France,FR,Rue de la République,93700
3C:71:BF:E0:DF:C5,,45.9467392,4.58279371,3C:71:BF,6,wpa2,2024-10-23T14:00:00.000Z,2024-10-23T10:00:00.000Z,Val d'Oingt,Auvergne-Rhône-Alpes,FR,Rue Paul Causeret,69620
3C:71:BF:E0:E0:21,,49.77505112,4.71915007,3C:71:BF,1,wpa2,2024-08-16T14:00:00.000Z,2024-09-18T07:00:00.000Z,,Grand Est,FR,Rue du Baron Quinart,08000
3C:71:BF:E0:E0:85,,48.89245224,2.4122541,3C:71:BF,11,wpa2,2025-03-27T15:00:00.000Z,2025-03-27T09:00:00.000Z,,Île-de-France,FR,Rue du 11 Novembre 1918,93500
3C:71:BF:E0:E1:5D,,50.78727722,3.13319778,3C:71:BF,1,wpa2,2026-07-25T13:00:00.000Z,2026-07-25T06:00:00.000Z,,Hauts-de-France,FR,Rue Edgard Quinet,59250
3C:71:BF:E0:E1:99,,47.2820549,5.26200438,3C:71:BF,1,wpa2,2025-06-22T16:00:00.000Z,2025-06-22T11:00:00.000Z,,Bourgogne-Franche-Comté,FR,Grande Rue,21110
3C:71:BF:E0:E3:59,,44.64656448,4.78109217,3C:71:BF,1,wpa2,2025-05-31T14:00:00.000Z,2025-05-31T08:00:00.000Z,La Coucourde,Auvergne-Rhône-Alpes,FR,Route Nationale 7,26740
3C:71:BF:E0:E3:A9,,43.60595322,1.45370519,3C:71:BF,1,wpa2,2025-11-29T21:00:00.000Z,2025-11-29T13:00:00.000Z,Toulouse,Occitanie,FR,Rue Gabriel Péri,31000
3C:71:BF:E0:E4:E5,,48.62369919,2.35002542,3C:71:BF,1,wpa2,2025-07-12T17:00:00.000Z,2025-07-12T10:00:00.000Z,Sainte-Geneviève-des-Bois,Île-de-France,FR,Avenue du Hurepoix,91700
3C:71:BF:E0:E5:11,,44.38698196,6.65136337,3C:71:BF,1,wpa2,2026-06-23T14:00:00.000Z,2026-06-30T01:00:00.000Z,,Provence-Alpes-Côte d'Azur,FR,Rue Émile Donnadieu,04400
3C:71:BF:E1:0A:91,powerbrain-W00-012U,50.98896027,11.34311581,3C:71:BF,11,wpa2,2024-12-28T09:00:00.000Z,2025-01-01T14:00:00.000Z,,Thüringen,DE,Am Viadukt,99425
3C:71:BF:E1:4C:D1,BasaltAP-E14CD0,-44.40473175,171.25642395,3C:71:BF,6,wpa2,2025-12-04T20:00:00.000Z,2026-07-02T05:00:00.000Z,,Canterbury,NZ,High Street,7910
3C:71:BF:E1:5A:91,OpenEVSE_5a90,-33.81685257,18.47781563,3C:71:BF,1,wpa2,2024-09-17T15:00:00.000Z,2024-12-15T03:00:00.000Z,,Western Cape,ZA,Foam Road,7433
3C:71:BF:E1:83:21,SensMax TAC-B 051001351,51.22244263,4.50165272,3C:71:BF,1,wpa2,2023-11-17T14:00:00.000Z,2026-07-06T07:00:00.000Z,,Antwerpen,BE,Turnhoutsebaan,2110
3C:71:BF:E1:93:01,ESP_E19301,37.61769867,-120.84638214,3C:71:BF,1,unknown,2025-08-24T09:00:00.000Z,2025-08-26T15:00:00.000Z,,CA,US,Geer Road,
3C:71:BF:E1:96:E5,IFB-WM-E-E196E5,12.94908619,80.18726349,3C:71:BF,1,unknown,2024-09-14T12:00:00.000Z,2024-09-14T05:00:00.000Z,Chennai,Tamil Nadu,IN,Keelkattalai Flyover,600117
3C:71:BF:E1:FC:39,DMX-Player,53.58930206,10.06061077,3C:71:BF,6,wpa2,2025-08-29T13:00:00.000Z,2025-08-29T07:00:00.000Z,Hamburg,Barmbek-Nord,DE,Habichtstraße,22305
3C:71:BF:E2:B2:D1,SensMax TAC-B 051002017,51.02852249,4.47893333,3C:71:BF,9,wpa2,2024-10-05T17:00:00.000Z,2026-02-28T08:00:00.000Z,Mechelen,Antwerpen,BE,Grote Markt,2800
3C:71:BF:E2:B9:5D,,51.98472595,5.89438915,3C:71:BF,1,wpa2,2023-10-20T12:00:00.000Z,2025-07-24T05:00:00.000Z,Arnhem,Gelderland,NL,Utrechtseweg,6812AH
3C:71:BF:E2:D6:D1,SensMax TAC-B 051002202,52.16031265,4.49245262,3C:71:BF,11,wpa2,2025-01-14T13:00:00.000Z,2026-03-12T00:00:00.000Z,Leiden,Zuid-Holland,NL,Boisotkade,2311MZ
3C:71:BF:E3:05:7D,NerdMinerAP,52.54087448,13.51334572,3C:71:BF,11,wpa2,2025-04-06T11:00:00.000Z,2025-04-23T06:00:00.000Z,Berlin,Lichtenberg,DE,Rhinstraße,13055
3C:71:BF:E3:42:85,SensMax 051001885,60.16569901,24.93515015,3C:71:BF,6,wpa2,2024-02-07T09:00:00.000Z,2026-06-08T20:00:00.000Z,Helsinki,Manner-Suomi,FI,Fredrikinkatu,00100
3C:71:BF:E3:51:F5,SensMax TAC-B 051002200,51.65748978,5.61333942,3C:71:BF,6,wpa2,2026-06-26T14:00:00.000Z,2026-06-26T08:00:00.000Z,,Noord-Brabant,NL,Marktstraat,5401GG
3C:71:BF:E3:69:ED,PROFLAME_AP,47.73897934,-122.65955353,3C:71:BF,3,wpa,2023-10-20T00:00:00.000Z,2024-10-19T17:00:00.000Z,,WA,US,Viking Avenue Northwest,98370
3C:71:BF:E3:7B:4D,espresense-4c7be3,40.07747269,-87.61637115,3C:71:BF,1,unknown,2025-01-11T21:00:00.000Z,2025-02-12T07:00:00.000Z,,IL,US,Atwood Court,61833
3C:71:BF:E3:84:8D,PROFLAME_AP,38.73602295,-75.13899994,3C:71:BF,3,wpa,2024-07-16T18:00:00.000Z,2025-10-12T12:00:00.000Z,,DE,US,Coastal Highway,19958
3C:71:BF:E3:AA:FD,PROFLAME_AP,39.19288254,-76.80039978,3C:71:BF,3,wpa,2025-07-27T00:00:00.000Z,2025-07-26T18:00:00.000Z,Columbia,MD,US,Fire Cloud Court,21045
3C:71:BF:E3:AD:2D,K2AUDIO_AP,51.36262512,-0.34379977,3C:71:BF,1,wpa2,2025-08-24T09:00:00.000Z,2025-08-24T04:00:00.000Z,Elmbridge,England,GB,Meadow Road,KT10 0LZ
3C:71:BF:E4:CA:4D,ESP_E4CA4D,25.72532463,-100.31320953,3C:71:BF,1,unknown,2024-11-25T22:00:00.000Z,2024-12-29T15:00:00.000Z,San Nicolás de los Garza,Nuevo León,MX,Alfonsina Storni,66455
3C:71:BF:E5:2A:09,DAIKINE52A08,-23.01057243,-43.3016777,3C:71:BF,1,wpa2,2026-03-08T23:00:00.000Z,2026-03-08T17:00:00.000Z,Rio de Janeiro,Rio de Janeiro,BR,Avenida Ministro Ivan Lins,22620110
3C:71:BF:E5:56:FD,PROFLAME_AP,42.48820114,-71.12653351,3C:71:BF,3,wpa,2026-03-15T19:00:00.000Z,2026-03-15T13:00:00.000Z,Woburn,MA,US,Montvale Road,01801
3C:71:BF:E5:AB:11,Atom_70001162,45.53486633,-122.91690063,3C:71:BF,1,unknown,2023-12-15T05:00:00.000Z,2025-09-23T21:00:00.000Z,Hillsboro,OR,US,"NE Orenco Station Pkwy, W. sidewalk",97124
3C:71:BF:E5:DE:79,SMARTNAVI_78DEE5BF713C,-7.45749092,109.29975891,3C:71:BF,1,wpa2,2026-05-08T03:00:00.000Z,2026-05-08T03:00:00.000Z,Desa Sokaraja Wetan Kecamatan Sokaraja,Jawa Tengah,ID,Jalan Letnan Jenderal Suprapto,53181
3C:71:BF:E5:E0:F9,JC-017_PELANDA,-25.10260391,-48.72228241,3C:71:BF,10,wpa2,2024-10-12T18:00:00.000Z,2025-01-15T08:00:00.000Z,,Paraná,BR,Rodovia Régis Bittencourt,
3C:71:BF:E5:EE:61,Atom_70000604,33.48559952,-111.99127197,3C:71:BF,11,unknown,2025-04-30T01:00:00.000Z,2025-04-29T21:00:00.000Z,Phoenix,AZ,US,North 42nd Street,85008
3C:71:BF:E5:F2:29,Atom_70003040,39.39429474,-104.89943695,3C:71:BF,1,unknown,2025-12-07T00:00:00.000Z,2025-12-06T17:00:00.000Z,,CO,US,Dragonfly Court,80109
3C:71:BF:E5:FA:B1,Atom_70005464,39.22851562,-76.80088043,3C:71:BF,5,unknown,2024-11-17T16:00:00.000Z,2024-12-14T15:00:00.000Z,,MD,US,Waterloo Road,21043
3C:71:BF:E6:04:09,Atom_70003841,52.25035477,-113.81276703,3C:71:BF,11,none,2026-04-09T21:00:00.000Z,2026-04-09T14:00:00.000Z,City of Red Deer,Alberta,CA,32 Street,T4N 6R5
3C:71:BF:E6:06:11,Atom_70004138,52.18471527,-106.64658356,3C:71:BF,1,unknown,2021-10-29T10:00:00.000Z,2025-06-09T11:00:00.000Z,Saskatoon,Saskatchewan,CA,Millar Avenue,S7K 5X9
3C:71:BF:E6:0A:9D,Atom_70005953,42.38066864,-88.22866821,3C:71:BF,1,unknown,2025-04-24T04:00:00.000Z,2025-04-23T22:00:00.000Z,,IL,US,West River Terrace Drive,60051
3C:71:BF:E6:0B:C1,ESP_E60BC1,34.04214096,-118.03779602,3C:71:BF,9,unknown,2025-02-04T17:00:00.000Z,2025-02-04T17:00:00.000Z,West Covina,CA,US,Michael Hunt Drive,91733
3C:71:BF:E6:10:B1,Atom_70008092,34.0628624,-117.90796661,3C:71:BF,5,none,2025-07-22T04:00:00.000Z,2025-07-23T16:00:00.000Z,West Covina,CA,US,East Mobeck Street,91791
3C:71:BF:E6:11:D5,ESP_E611D5,37.50429916,-120.82137299,3C:71:BF,4,unknown,2025-04-01T01:00:00.000Z,2026-05-06T15:00:00.000Z,Turlock,CA,US,North Quincy Road,95381
3C:71:BF:E6:11:E1,Atom_70006238,33.5318718,-111.99936676,3C:71:BF,6,unknown,2024-06-12T01:00:00.000Z,2025-03-08T21:00:00.000Z,Phoenix,AZ,US,East Lincoln Drive,85018
3C:71:BF:E6:1E:C9,Traeger-1EC9,33.25445175,-111.70850372,3C:71:BF,5,wpa2,2021-10-30T18:00:00.000Z,2025-10-08T09:00:00.000Z,Gilbert,AZ,US,East Carob Drive,85297
3C:71:BF:E6:33:2D,Traeger-332D,41.28010559,-112.02602386,3C:71:BF,5,wpa2,2021-04-18T16:00:00.000Z,2025-12-25T20:00:00.000Z,Marriott-Slaterville,UT,US,I 15;I 84,84404
3C:71:BF:E6:45:4D,Traeger-454D,33.01172638,-96.86589813,3C:71:BF,5,wpa2,2023-07-30T16:00:00.000Z,2025-01-11T11:00:00.000Z,Carrollton,TX,US,Rosemeade Parkway,75287
3C:71:BF:E6:4D:2D,Traeger-4D2D,32.64994049,-116.94941711,3C:71:BF,5,wpa2,2026-06-07T14:00:00.000Z,2026-06-07T07:00:00.000Z,Chula Vista,CA,US,Hunte Parkway,91914
3C:71:BF:E6:6D:55,Traeger-6D55,34.44883347,-119.84284973,3C:71:BF,5,wpa2,2026-07-04T19:00:00.000Z,2026-07-04T13:00:00.000Z,,CA,US,Edgewood Drive,93117
3C:71:BF:E6:86:C9,Traeger-86C9,29.203228,-81.37360382,3C:71:BF,5,wpa2,2022-01-21T23:00:00.000Z,2025-12-23T01:00:00.000Z,,FL,US,East State Road 40,32180
3C:71:BF:E6:86:E5,ESP_E686E5,40.30582047,-79.68894958,3C:71:BF,1,unknown,2025-03-23T21:00:00.000Z,2025-03-23T17:00:00.000Z,North Huntingdon Township,PA,US,Mansfield Lane,15642:15644
3C:71:BF:E6:86:F5,Traeger-86F5,39.974617,-105.13477325,3C:71:BF,5,wpa2,2026-02-14T21:00:00.000Z,2026-07-20T08:00:00.000Z,,CO,US,Hutchinson Street,80027
3C:71:BF:E6:87:41,Traeger-8741,32.41593933,-111.00849152,3C:71:BF,5,wpa2,2025-07-01T14:00:00.000Z,2025-07-07T16:00:00.000Z,,AZ,US,North Via de la Verbenita,85737
3C:71:BF:E6:88:41,Traeger-8841,36.31520462,-92.37173462,3C:71:BF,5,wpa2,2021-06-10T11:00:00.000Z,2025-12-26T15:00:00.000Z,,AR,US,Shield-Hopper Bypass,72653
3C:71:BF:E6:88:C9,Traeger-88C9,35.11526871,-84.86306763,3C:71:BF,5,wpa2,2025-09-08T13:00:00.000Z,2025-11-25T19:00:00.000Z,,TN,US,Dalton Pike,37323
3C:71:BF:E6:89:E9,Traeger-89E9,31.93798065,-110.79265594,3C:71:BF,5,wpa2,2026-07-30T02:00:00.000Z,2026-07-31T11:00:00.000Z,,AZ,US,South Indigo Crest Pass,
3C:71:BF:E6:8A:F9,Traeger-8AF9,27.94325256,-82.47544861,3C:71:BF,5,wpa2,2023-07-25T08:00:00.000Z,2024-09-08T15:00:00.000Z,Tampa,FL,US,West Cleveland Street,33606
3C:71:BF:E6:8B:2D,Traeger-8B2D,46.24205017,-112.13035583,3C:71:BF,5,wpa2,2025-04-26T17:00:00.000Z,2025-05-02T00:00:00.000Z,,MT,US,I 15,59632
3C:71:BF:E6:8C:51,Traeger-8C51,39.89687729,-104.93309021,3C:71:BF,5,wpa2,2022-08-02T12:00:00.000Z,2025-09-29T19:00:00.000Z,Thornton,CO,US,Clermont Drive,80241
3C:71:BF:E6:8C:5D,Traeger-8C5D,33.33073807,-111.82434082,3C:71:BF,5,wpa2,2024-11-17T15:00:00.000Z,2024-11-17T07:00:00.000Z,Chandler,AZ,US,North McQueen Road,85225
3C:71:BF:E6:8D:11,Traeger-8D11,38.52706528,-121.53593445,3C:71:BF,5,wpa2,2023-04-09T17:00:00.000Z,2026-04-14T04:00:00.000Z,,CA,US,Village Parkway,95818
3C:71:BF:E6:8E:15,Traeger-8E15,44.04180527,-123.35184479,3C:71:BF,5,wpa2,2024-03-06T22:00:00.000Z,2025-03-10T16:00:00.000Z,,OR,US,Territorial Highway,97487
3C:71:BF:E6:8F:E9,Traeger-8FE9,36.24485397,-115.26028442,3C:71:BF,5,wpa2,2024-10-17T16:00:00.000Z,2024-10-17T13:00:00.000Z,Las Vegas,NV,US,North Buffalo Drive,89129-6201
3C:71:BF:E6:91:25,Traeger-9125,47.63927841,-117.24291992,3C:71:BF,5,wpa2,2020-01-12T15:00:00.000Z,2026-08-07T14:00:00.000Z,,WA,US,East 20th Avenue,99206
3C:71:BF:E6:91:61,Traeger-9161,40.54836273,-111.92923737,3C:71:BF,5,wpa2,2026-01-26T21:00:00.000Z,2026-01-26T19:00:00.000Z,,UT,US,West White Peach Drive,84095
3C:71:BF:E6:92:35,Traeger-9235,39.39492798,-84.45291138,3C:71:BF,5,wpa2,2024-04-24T21:00:00.000Z,2025-04-02T18:00:00.000Z,,OH,US,Princeton Glendale Road,45246
3C:71:BF:E6:92:75,Traeger-9275,45.47080231,-122.64482117,3C:71:BF,5,wpa2,2024-08-17T14:00:00.000Z,2024-08-17T17:00:00.000Z,Portland,OR,US,Southeast 20th Avenue,97202
3C:71:BF:E6:92:95,Traeger-9295,41.8845787,-88.07250977,3C:71:BF,5,wpa2,2023-09-09T15:00:00.000Z,2026-02-08T09:00:00.000Z,,IL,US,Western Avenue,60137
3C:71:BF:E6:93:41,Traeger-9341,41.47078705,-84.49505615,3C:71:BF,5,wpa2,2024-09-12T20:00:00.000Z,2024-09-30T17:00:00.000Z,,OH,US,County Road D,43506
3C:71:BF:E6:94:A9,Traeger-94A9,40.58983231,-111.96736908,3C:71:BF,5,wpa2,2024-07-05T03:00:00.000Z,2024-08-25T17:00:00.000Z,,UT,US,8890 South,84088
3C:71:BF:E6:95:05,Traeger-9505,41.9933548,-85.63360596,3C:71:BF,5,wpa2,2021-03-20T11:00:00.000Z,2024-09-15T02:00:00.000Z,,MI,US,US-131,49093
3C:71:BF:E6:95:4D,Traeger-954D,48.78262329,-122.19380188,3C:71:BF,5,wpa2,2025-05-09T22:00:00.000Z,2025-05-10T14:00:00.000Z,,WA,US,Valley Highway,98220
3C:71:BF:E6:95:B9,Traeger-95B9,39.19114685,-122.01038361,3C:71:BF,5,wpa2,2024-10-23T18:00:00.000Z,2024-10-23T19:00:00.000Z,,CA,US,Wescott Road,95932
3C:71:BF:E6:97:15,Traeger-9715,33.49370956,-117.10705566,3C:71:BF,5,wpa2,2024-11-04T00:00:00.000Z,2024-11-03T16:00:00.000Z,Temecula,CA,US,Calle Novelda,92592
3C:71:BF:E6:97:3D,Traeger-973D,40.71258163,-111.8204422,3C:71:BF,5,wpa2,2024-07-13T20:00:00.000Z,2026-07-10T08:00:00.000Z,Salt Lake City,UT,US,I 80,84109
3C:71:BF:E6:98:E9,Traeger-98E9,33.32478333,-96.79279327,3C:71:BF,5,wpa2,2026-06-18T00:00:00.000Z,2026-06-18T23:00:00.000Z,Celina,TX,US,West Walnut Street,75009
3C:71:BF:E6:9A:15,Traeger-9A15,47.59740448,-104.24228668,3C:71:BF,5,wpa2,2023-03-20T10:00:00.000Z,2026-08-12T18:00:00.000Z,,MT,US,MT 16,
3C:71:BF:E6:9B:F1,Traeger-9BF1,40.37217712,-104.73049927,3C:71:BF,5,wpa2,2024-06-09T19:00:00.000Z,2024-11-26T11:00:00.000Z,,CO,US,Cedar Lane,80631-6948
3C:71:BF:E6:9C:FD,Traeger-9CFD,47.67498016,-117.2729187,3C:71:BF,5,wpa2,2020-04-26T19:00:00.000Z,2025-03-12T11:00:00.000Z,,WA,US,Spokane Valley Freeway,99212
3C:71:BF:E6:9D:B9,Traeger-9DB9,35.64916992,-97.56801605,3C:71:BF,5,wpa2,2003-09-22T18:00:00.000Z,2026-07-15T09:00:00.000Z,Edmond,OK,US,North May Avenue,73012
3C:71:BF:E6:9E:C5,Traeger-9EC5,44.26366806,-88.25588989,3C:71:BF,5,wpa2,2025-02-08T01:00:00.000Z,2025-02-07T22:00:00.000Z,,WI,US,Woodhaven Lane,54130
3C:71:BF:E6:9F:41,Traeger-9F41,47.1296463,-88.60529327,3C:71:BF,5,wpa2,2025-10-01T14:00:00.000Z,2025-10-01T19:00:00.000Z,,MI,US,Birch Street,49930
3C:71:BF:E6:9F:95,Traeger-9F95,47.03426743,-114.33275604,3C:71:BF,5,wpa2,2025-03-07T18:00:00.000Z,2025-11-20T12:00:00.000Z,,MT,US,I 90,59846
3C:71:BF:E6:A0:71,Traeger-A071,35.23511505,-89.7433548,3C:71:BF,5,wpa2,2026-07-18T23:00:00.000Z,2026-07-18T16:00:00.000Z,,TN,US,Canada Road,38002-9726
3C:71:BF:E6:A2:11,Traeger-A211,34.13615417,-117.83036041,3C:71:BF,5,wpa2,2024-09-05T15:00:00.000Z,2026-06-29T18:00:00.000Z,Glendora,CA,US,East Foothill Boulevard,91741
3C:71:BF:E6:A2:F9,Traeger-A2F9,38.76273346,-104.81864166,3C:71:BF,5,wpa2,2024-03-13T20:00:00.000Z,2026-02-28T10:00:00.000Z,Colorado Springs,CO,US,Broadmoor Bluffs Drive,80902
3C:71:BF:E6:A3:F1,Traeger-A3F1,45.45342255,-122.693573,3C:71:BF,5,wpa2,2024-08-19T18:00:00.000Z,2024-08-19T18:00:00.000Z,Portland,OR,US,Southwest Maplecrest Drive,97219
3C:71:BF:E6:A5:F1,Traeger-A5F1,42.5075531,-88.73186493,3C:71:BF,5,wpa2,2020-11-04T07:00:00.000Z,2025-10-03T15:00:00.000Z,,WI,US,State Highway 67,53585
3C:71:BF:E6:A6:05,Traeger-A605,38.90435028,-94.40696716,3C:71:BF,5,wpa2,2026-06-17T23:00:00.000Z,2026-06-17T19:00:00.000Z,Lee's Summit,MO,US,Southwest Longview Road,64081
3C:71:BF:E6:A6:3D,Traeger-A63D,39.3927269,-104.89910126,3C:71:BF,5,wpa2,2024-10-01T12:00:00.000Z,2025-12-06T17:00:00.000Z,,CO,US,Trailblazer Way,80109
3C:71:BF:E6:A6:8D,Traeger-A68D,45.62823868,-122.64431763,3C:71:BF,5,wpa2,2025-06-04T00:00:00.000Z,2025-06-06T18:00:00.000Z,Vancouver,WA,US,East Mill Plain Boulevard,98663
3C:71:BF:E6:A7:8D,Traeger-A78D,48.16716385,-103.6624527,3C:71:BF,5,wpa2,2024-09-09T00:00:00.000Z,2025-10-05T20:00:00.000Z,Williston,ND,US,,58802
3C:71:BF:E6:A8:BD,Traeger-A8BD,32.39949036,-84.9153595,3C:71:BF,5,wpa2,2025-06-23T17:00:00.000Z,2026-08-08T15:00:00.000Z,Columbus,GA,US,Custer Road,31905
3C:71:BF:E6:A8:E5,Traeger-A8E5,41.77098846,-87.90388489,3C:71:BF,5,wpa2,2025-12-25T19:00:00.000Z,2026-01-04T20:00:00.000Z,,IL,US,Pontiac Drive,60525
3C:71:BF:E6:A9:09,Traeger-A909,40.01126862,-111.8295517,3C:71:BF,5,wpa2,2024-12-23T23:00:00.000Z,2024-12-23T17:00:00.000Z,,UT,US,East 800 North Street,84655
3C:71:BF:E6:AC:01,Traeger-AC01,33.9066391,-118.25138855,3C:71:BF,5,wpa2,2024-12-09T20:00:00.000Z,2024-12-10T14:00:00.000Z,,CA,US,West 138th Street,90222
3C:71:BF:E6:AD:9D,Traeger-AD9D,41.60990906,-87.77446747,3C:71:BF,5,wpa2,2025-12-29T20:00:00.000Z,2025-12-29T12:00:00.000Z,,IL,US,Victoria Drive,60452
3C:71:BF:E6:AE:39,Traeger-AE39,39.14200974,-77.76931,3C:71:BF,5,wpa2,2023-08-19T18:00:00.000Z,2026-08-03T04:00:00.000Z,,VA,US,Woodgrove Road,20132
3C:71:BF:E6:AE:D5,Traeger-AED5,30.610466,-95.1631012,3C:71:BF,5,wpa2,2023-07-30T09:00:00.000Z,2026-07-10T08:00:00.000Z,,TX,US,TX 156,77331
3C:71:BF:E6:AF:09,Traeger-AF09,46.0812645,-118.30175781,3C:71:BF,5,wpa2,2025-10-04T12:00:00.000Z,2026-01-12T17:00:00.000Z,Walla Walla,WA,US,US 12,99362
3C:71:BF:E6:AF:85,Traeger-AF85,39.49291611,-119.73203278,3C:71:BF,5,wpa2,2022-11-13T19:00:00.000Z,2026-08-01T00:00:00.000Z,Reno,NV,US,Veterans Parkway,89431-5025
3C:71:BF:E6:AF:E1,Traeger-AFE1,47.44066238,-122.13062286,3C:71:BF,5,wpa2,2026-01-21T16:00:00.000Z,2026-01-21T09:00:00.000Z,,WA,US,Southeast 179th Street,98058
3C:71:BF:E6:B0:35,Traeger-B035,35.42212677,-99.45566559,3C:71:BF,5,wpa2,2025-08-20T00:00:00.000Z,2025-08-19T17:00:00.000Z,,OK,US,West Country Club,73644
3C:71:BF:E6:B0:71,Traeger-B071,47.29940414,-122.60847473,3C:71:BF,5,wpa2,2025-03-24T07:00:00.000Z,2025-03-24T04:00:00.000Z,,WA,US,Willow Lane Northwest,98335
3C:71:BF:E6:B0:7D,Traeger-B07D,40.32425308,-111.91957855,3C:71:BF,5,wpa2,2025-10-25T20:00:00.000Z,2025-10-25T19:00:00.000Z,Saratoga Springs,UT,US,West Stetson Avenue,84045
3C:71:BF:E6:B0:C1,Traeger-B0C1,34.08982086,-117.93232727,3C:71:BF,5,wpa2,2025-02-18T16:00:00.000Z,2025-02-20T16:00:00.000Z,West Covina,CA,US,San Bernardino Road,91722
3C:71:BF:E6:B2:A1,Traeger-B2A1,44.76815033,-94.04099274,3C:71:BF,5,wpa2,2025-08-06T21:00:00.000Z,2025-08-09T02:00:00.000Z,,MN,US,US 212,55336
3C:71:BF:E6:B3:01,Traeger-B301,36.12509918,-95.97567749,3C:71:BF,5,wpa2,2023-11-18T19:00:00.000Z,2026-05-23T18:00:00.000Z,Tulsa,OK,US,South Peoria Avenue,74113
3C:71:BF:E6:B5:05,Traeger-B505,43.39182663,-87.8758316,3C:71:BF,5,wpa2,2026-01-31T23:00:00.000Z,2026-01-31T17:00:00.000Z,,WI,US,West Jackson Street,53074
3C:71:BF:E6:B6:21,Traeger-B621,45.14069748,-95.04244232,3C:71:BF,5,wpa2,2026-05-28T16:00:00.000Z,2026-05-28T15:00:00.000Z,,MN,US,1st Street North,56201
3C:71:BF:E6:B6:75,Traeger-B675,36.18281937,-94.21427155,3C:71:BF,5,wpa2,2025-09-10T00:00:00.000Z,2025-09-10T06:00:00.000Z,Springdale,AR,US,Jones Road,72762
3C:71:BF:E6:B6:BD,Traeger-B6BD,39.41648483,-123.79148102,3C:71:BF,5,wpa2,2025-07-03T19:00:00.000Z,2025-07-03T16:00:00.000Z,Fort Bragg,CA,US,Fort Bragg-Willits Road,95437
3C:71:BF:E6:BA:1D,Traeger-BA1D,53.68047714,-113.56285095,3C:71:BF,5,wpa2,2026-07-20T14:00:00.000Z,2026-07-20T17:00:00.000Z,,Alberta,CA,Bristol Way,T8N 1B9
3C:71:BF:E6:BA:41,Traeger-BA41,34.98794937,-85.32790375,3C:71:BF,5,wpa2,2026-05-07T23:00:00.000Z,2026-05-08T20:00:00.000Z,Chattanooga,TN,US,Lee Avenue,37410
3C:71:BF:E6:BA:55,Traeger-BA55,53.36214447,-107.51500702,3C:71:BF,5,wpa2,2025-02-22T19:00:00.000Z,2025-02-22T11:00:00.000Z,,Saskatchewan,CA,Memorial Drive,S0J 2M0
3C:71:BF:E6:BB:69,Traeger-BB69,37.68950653,-121.04498291,3C:71:BF,5,wpa2,2023-12-17T20:00:00.000Z,2025-05-12T11:00:00.000Z,Modesto,CA,US,Veneman Avenue,95356
3C:71:BF:E6:BD:8D,Traeger-BD8D,45.58761597,-122.36191559,3C:71:BF,5,wpa2,2026-05-30T22:00:00.000Z,2026-05-30T18:00:00.000Z,,WA,US,K Street,98671
3C:71:BF:E6:BD:D5,Traeger-BDD5,37.55893707,-122.03342438,3C:71:BF,5,wpa2,2026-06-30T15:00:00.000Z,2026-06-30T09:00:00.000Z,Fremont,CA,US,Nimitz Freeway,94555
3C:71:BF:E6:BE:A9,Traeger-BEA9,49.16918564,-122.41403198,3C:71:BF,5,wpa2,2024-08-16T21:00:00.000Z,2026-07-24T20:00:00.000Z,,British Columbia,CA,Lougheed Highway,V4S 1H7
3C:71:BF:E6:BF:91,Traeger-BF91,45.53871536,-122.60048676,3C:71:BF,5,wpa2,2024-08-22T19:00:00.000Z,2024-08-22T21:00:00.000Z,Portland,OR,US,Northeast Thompson Street,97213
3C:71:BF:E6:C1:61,Traeger-C161,36.80263519,-114.12064362,3C:71:BF,5,wpa2,2025-05-01T16:00:00.000Z,2025-05-01T16:00:00.000Z,Mesquite,NV,US,Willies Carrier Canyon,89034
3C:71:BF:E6:C2:B9,Traeger-C2B9,48.26441574,-122.68052673,3C:71:BF,5,wpa2,2025-07-19T20:00:00.000Z,2026-01-05T22:00:00.000Z,,WA,US,Monroe Landing Road,98239-0745
3C:71:BF:E6:C3:BD,Traeger-C3BD,45.00471878,-93.01517487,3C:71:BF,5,wep,2025-01-17T18:00:00.000Z,2025-01-17T12:00:00.000Z,,MN,US,Ariel Street,55109
3C:71:BF:E6:C4:49,Traeger-C449,37.22333908,-80.44984436,3C:71:BF,5,wpa2,2026-06-29T12:00:00.000Z,2026-07-08T11:00:00.000Z,Blacksburg,VA,US,Prices Fork Road,24060
3C:71:BF:E6:C8:09,Traeger-C809,45.51857376,-122.68871307,3C:71:BF,5,wpa2,2024-08-22T16:00:00.000Z,2024-12-12T03:00:00.000Z,Portland,OR,US,Southwest Salmon Street,97205
3C:71:BF:E6:C8:25,Traeger-C825,39.95082474,-85.94304657,3C:71:BF,5,wpa2,2023-04-25T23:00:00.000Z,2024-09-16T13:00:00.000Z,,IN,US,Brooks School Road,46037
3C:71:BF:E6:C8:71,Traeger-C871,30.57107544,-96.29886627,3C:71:BF,5,wpa2,2024-08-22T22:00:00.000Z,2024-08-22T15:00:00.000Z,College Station,TX,US,Brussels Drive,77845
3C:71:BF:E6:C8:CD,Traeger-C8CD,47.63048172,-122.20168304,3C:71:BF,5,wpa2,2024-12-11T21:00:00.000Z,2024-12-12T10:00:00.000Z,Bellevue,WA,US,Bellevue Way Northeast,98004
3C:71:BF:E6:C9:31,Traeger-C931,34.08524323,-117.66461182,3C:71:BF,5,wpa2,2026-06-30T11:00:00.000Z,2026-06-30T05:00:00.000Z,Ontario,CA,US,West 6th Street,91762
3C:71:BF:E6:C9:AD,Traeger-C9AD,40.62563324,-111.8380127,3C:71:BF,5,wpa2,2025-04-12T18:00:00.000Z,2025-09-02T10:00:00.000Z,,UT,US,Village Green Road,84121
3C:71:BF:E6:CD:65,Traeger-CD65,44.22775269,-105.45753479,3C:71:BF,5,wpa2,2020-09-04T01:00:00.000Z,2025-10-11T19:00:00.000Z,Gillette,WY,US,WY 59,
3C:71:BF:E6:CF:D9,Traeger-CFD9,40.57513428,-89.61979675,3C:71:BF,5,wpa2,2026-04-16T03:00:00.000Z,2026-06-06T23:00:00.000Z,,IL,US,Willow Street,61554
3C:71:BF:E6:D0:05,Traeger-D005,39.60957336,-104.90678406,3C:71:BF,5,wpa2,2024-01-04T18:00:00.000Z,2026-01-03T13:00:00.000Z,Centennial,CO,US,East Orchard Road,80111-2508
3C:71:BF:E6:D0:F1,Traeger-D0F1,40.32815552,-79.48913574,3C:71:BF,5,wpa2,2024-08-11T16:00:00.000Z,2024-12-08T11:00:00.000Z,Hempfield Township,PA,US,Georges Station Road,15619
3C:71:BF:E6:D1:B5,Traeger-D1B5,47.73335266,-117.45381927,3C:71:BF,5,wpa2,2026-02-01T22:00:00.000Z,2026-05-07T14:00:00.000Z,Spokane,WA,US,North Five Mile Road,99208
3C:71:BF:E6:D1:E5,Traeger-D1E5,30.44737244,-91.2066803,3C:71:BF,5,wpa2,2026-04-13T11:00:00.000Z,2026-04-19T14:00:00.000Z,,LA,US,Avenue F,70767
3C:71:BF:E6:D2:9D,Traeger-D29D,33.56431961,-111.96918488,3C:71:BF,5,wpa2,2020-12-14T21:00:00.000Z,2025-03-08T20:00:00.000Z,,AZ,US,North 52nd Street,85253
3C:71:BF:E6:D3:4D,Traeger-D34D,39.25045395,-119.98108673,3C:71:BF,5,wpa2,2025-09-05T10:00:00.000Z,2025-09-17T00:00:00.000Z,,NV,US,Tahoe Boulevard,89450
3C:71:BF:E6:D3:C9,Traeger-D3C9,36.61902237,-121.92607117,3C:71:BF,5,wpa2,2024-09-24T20:00:00.000Z,2025-10-25T18:00:00.000Z,Pacific Grove,CA,US,Cedar Street,93950
3C:71:BF:E6:D4:51,Traeger-D451,42.90136337,-88.82723999,3C:71:BF,5,wpa2,2025-07-21T19:00:00.000Z,2025-10-25T14:00:00.000Z,,WI,US,County Road K,53190
3C:71:BF:E6:D4:91,Traeger-D491,33.26517487,-96.79283905,3C:71:BF,5,wpa2,2026-06-21T21:00:00.000Z,2026-06-21T14:00:00.000Z,Celina,TX,US,Cypress Creek Way,75078
3C:71:BF:E6:D5:61,Traeger-D561,34.13624954,-118.1555481,3C:71:BF,5,wpa2,2021-03-16T13:00:00.000Z,2026-06-25T19:00:00.000Z,Pasadena,CA,US,Long Beach Freeway,91105
3C:71:BF:E6:D5:B1,Traeger-D5B1,31.99795151,-102.0943985,3C:71:BF,5,wpa2,2026-01-12T19:00:00.000Z,2026-01-12T14:00:00.000Z,Midland,TX,US,West Ohio Avenue,79701
3C:71:BF:E6:D7:75,Traeger-D775,33.57315826,-111.84928894,3C:71:BF,5,wpa2,2024-03-04T16:00:00.000Z,2024-11-19T15:00:00.000Z,Scottsdale,AZ,US,East Mountain View Road,85259
3C:71:BF:E6:D7:E9,Traeger-D7E9,47.48853683,-122.31700134,3C:71:BF,5,wpa2,2022-03-10T09:00:00.000Z,2025-09-06T01:00:00.000Z,,WA,US,South 128th Street,98168
3C:71:BF:E6:D8:A9,Traeger-D8A9,40.32672119,-76.79501343,3C:71:BF,5,wpa2,2023-02-12T13:00:00.000Z,2025-05-24T09:00:00.000Z,,PA,US,North Lockwillow Avenue,17112
3C:71:BF:E6:D9:19,Traeger-D919,48.16147232,-103.63329315,3C:71:BF,5,wpa2,2024-07-15T21:00:00.000Z,2024-09-09T16:00:00.000Z,Williston,ND,US,18th Street West,58801
3C:71:BF:E6:D9:A9,Traeger-D9A9,38.40632248,-98.75630188,3C:71:BF,5,wpa2,2021-06-04T19:00:00.000Z,2026-08-09T18:00:00.000Z,,KS,US,Northeast 10 Avenue,67530
3C:71:BF:E6:DA:ED,Traeger-DAED,46.67642593,-96.80484009,3C:71:BF,5,wpa2,2025-10-16T04:00:00.000Z,2025-10-17T00:00:00.000Z,,ND,US,County Road 81,
3C:71:BF:E6:DD:25,Traeger-DD25,32.26199341,-110.75006866,3C:71:BF,5,wpa2,2025-08-15T00:00:00.000Z,2025-08-25T08:00:00.000Z,,AZ,US,East Gunsmith Drive,85749
3C:71:BF:E6:DD:49,Traeger-DD49,33.52031326,-117.13695526,3C:71:BF,5,wpa2,2024-11-24T00:00:00.000Z,2024-11-23T17:00:00.000Z,Temecula,CA,US,La Sierra Road,92591
3C:71:BF:E6:E0:F5,Traeger-E0F5,51.01599884,-114.11390686,3C:71:BF,5,wpa2,2026-01-01T00:00:00.000Z,2026-08-11T23:00:00.000Z,Calgary,Alberta,CA,Flanders Avenue SW,T2T 6G2
3C:71:BF:E6:E2:71,Traeger-E271,39.88518143,-105.03794098,3C:71:BF,5,wpa2,2026-01-02T00:00:00.000Z,2026-07-11T11:00:00.000Z,Westminster,CO,US,West 104th Avenue,80031
3C:71:BF:E6:E2:C1,Traeger-E2C1,43.77436829,-123.06565094,3C:71:BF,5,wpa2,2025-03-18T21:00:00.000Z,2025-03-20T10:00:00.000Z,,OR,US,Goddard Lane,97424
3C:71:BF:E6:E4:E5,Traeger-E4E5,43.43783569,-80.43170929,3C:71:BF,5,wpa2,2023-12-02T14:00:00.000Z,2026-04-17T08:00:00.000Z,Kitchener,Ontario,CA,River Road East,N2A 2C4
3C:71:BF:E6:E5:0D,Traeger-E50D,53.36362457,-107.51490021,3C:71:BF,5,wpa2,2025-11-21T14:00:00.000Z,2025-11-21T10:00:00.000Z,,Saskatchewan,CA,3 Street East,S0J 2M0
3C:71:BF:E6:E5:4D,Traeger-E54D,41.33012009,-73.01192474,3C:71:BF,5,wpa2,2026-07-23T19:00:00.000Z,2026-07-29T09:00:00.000Z,,CT,US,Ansonia Road,06525
3C:71:BF:E6:E5:C5,Traeger-E5C5,46.3011322,-119.29587555,3C:71:BF,5,wpa2,2024-12-31T23:00:00.000Z,2026-06-03T19:00:00.000Z,Richland,WA,US,Bypass Highway,99354
3C:71:BF:E6:E5:F1,Traeger-E5F1,45.54504395,-122.99564362,3C:71:BF,5,wpa2,2024-03-15T22:00:00.000Z,2026-05-10T20:00:00.000Z,Hillsboro,OR,US,Northwest Glencoe Road,97124-1658
3C:71:BF:E6:E6:19,Traeger-E619,37.40479279,-120.85019684,3C:71:BF,4,wep,2025-12-11T18:00:00.000Z,2025-12-21T07:00:00.000Z,,CA,US,Lander Avenue,95324
3C:71:BF:E6:E8:FD,Traeger-E8FD,39.06867981,-104.76152802,3C:71:BF,5,wpa2,2024-05-08T15:00:00.000Z,2024-09-26T11:00:00.000Z,,CO,US,State Highway 83,80132-7725
3C:71:BF:E6:E9:D1,Traeger-E9D1,40.52551651,-76.61399841,3C:71:BF,5,wpa2,2025-06-28T22:00:00.000Z,2026-07-22T00:00:00.000Z,,PA,US,Clarks Valley Road,17018
3C:71:BF:E6:EA:19,Traeger-EA19,34.51457977,-82.61808014,3C:71:BF,5,wpa2,2025-07-28T15:00:00.000Z,2025-07-28T13:00:00.000Z,Anderson,SC,US,Palm Branch Way,29621
3C:71:BF:E6:EA:1D,Traeger-EA1D,45.79134369,-108.56243896,3C:71:BF,5,wpa2,2026-02-17T15:00:00.000Z,2026-02-18T11:00:00.000Z,Billings,MT,US,Colton Boulevard,59102
3C:71:BF:E6:EB:45,Traeger-EB45,37.97780228,-121.70304108,3C:71:BF,5,wpa2,2026-04-29T18:00:00.000Z,2026-04-29T12:00:00.000Z,,CA,US,Rustic Court,94561
3C:71:BF:E6:ED:25,Traeger-ED25,35.12677765,-82.54033661,3C:71:BF,5,wpa2,2024-11-19T14:00:00.000Z,2024-11-19T10:00:00.000Z,,SC,US,Duckworth Road,29661
3C:71:BF:E6:EF:4D,Traeger-EF4D,33.94415665,-116.95094299,3C:71:BF,5,wpa2,2024-10-19T19:00:00.000Z,2024-10-19T16:00:00.000Z,,CA,US,Oak Valley Parkway,92223-3166
3C:71:BF:E6:F1:05,Traeger-F105,45.65729904,-122.53511047,3C:71:BF,5,wpa2,2023-08-04T15:00:00.000Z,2026-04-28T13:00:00.000Z,Vancouver,WA,US,Northeast 49th Street,98682
3C:71:BF:E6:F3:FD,Traeger-F3FD,38.00290298,-120.39228821,3C:71:BF,5,wpa2,2020-11-22T14:00:00.000Z,2026-08-01T16:00:00.000Z,,CA,US,Shaws Flat Road,95370
3C:71:BF:E6:F4:25,Traeger-F425,37.72869873,-120.92225647,3C:71:BF,5,wpa2,2023-07-12T05:00:00.000Z,2025-11-03T11:00:00.000Z,,CA,US,Claus Road,95367
3C:71:BF:E6:F4:49,Traeger-F449,33.54084396,-101.99190521,3C:71:BF,5,wpa2,2025-04-29T21:00:00.000Z,2025-05-03T16:00:00.000Z,,TX,US,Alcove Avenue,79382
3C:71:BF:E6:F7:25,Traeger-F725,38.623806,-121.04759979,3C:71:BF,5,wpa2,2024-11-17T16:00:00.000Z,2024-11-17T15:00:00.000Z,,CA,US,Royal Oaks Drive,95762-8008
3C:71:BF:E6:F8:CD,Traeger-F8CD,45.39903259,-122.81271362,3C:71:BF,5,wpa2,2024-08-25T20:00:00.000Z,2024-09-02T14:00:00.000Z,Tigard,OR,US,Southwest Macbeth Drive,97224
3C:71:BF:E6:FA:C5,Traeger-FAC5,45.22639465,-89.67129517,3C:71:BF,5,wpa2,2025-08-17T21:00:00.000Z,2025-08-17T23:00:00.000Z,,WI,US,US 51,54442
3C:71:BF:E6:FC:11,Traeger-FC11,40.64962769,-111.87084961,3C:71:BF,5,wpa2,2021-09-18T22:00:00.000Z,2025-09-22T22:00:00.000Z,,UT,US,5600 South,84107
3C:71:BF:E6:FC:59,Traeger-FC59,45.48400497,-122.67617798,3C:71:BF,5,wpa2,2020-10-18T02:00:00.000Z,2024-08-22T21:00:00.000Z,Portland,OR,US,South Sweeney Street,97239
3C:71:BF:E6:FE:A5,Traeger-FEA5,40.29938889,-110.00372314,3C:71:BF,5,wpa2,2026-08-09T16:00:00.000Z,2026-08-09T21:00:00.000Z,,UT,US,West Lagoon Street,84066
3C:71:BF:E6:FE:D9,Traeger-FED9,47.68106461,-116.75405884,3C:71:BF,5,wpa2,2025-09-30T11:00:00.000Z,2026-06-19T12:00:00.000Z,Coeur d'Alene,ID,US,North 23rd Street,83814-9510
3C:71:BF:E7:02:2D,Traeger-022D,43.62716675,-116.61431885,3C:71:BF,5,wpa2,2022-12-17T05:00:00.000Z,2026-06-08T16:00:00.000Z,,ID,US,Laster Lane,83651
3C:71:BF:E7:06:79,Traeger-0679,35.16419983,-106.4964447,3C:71:BF,5,wpa2,2025-01-25T20:00:00.000Z,2025-01-26T11:00:00.000Z,Albuquerque,NM,US,Tramway Boulevard Northeast,87111
3C:71:BF:E7:06:E9,Traeger-06E9,34.62565613,-98.4609375,3C:71:BF,5,wpa2,2026-07-10T10:00:00.000Z,2026-07-10T12:00:00.000Z,Lawton,OK,US,Northwest Briarwood Way,73505
3C:71:BF:E7:06:FD,Traeger-06FD,43.41726303,-83.18611145,3C:71:BF,5,wpa2,2024-11-23T09:00:00.000Z,2024-11-23T02:00:00.000Z,,MI,US,Washington Street,48741
3C:71:BF:E7:07:71,Traeger-0771,30.62095833,-97.63395691,3C:71:BF,5,wpa2,2026-05-23T17:00:00.000Z,2026-05-23T15:00:00.000Z,,TX,US,Bell Gin Road,78626
3C:71:BF:E7:08:3D,Traeger-083D,37.01634979,-122.02787781,3C:71:BF,5,wpa2,2022-10-16T15:00:00.000Z,2024-11-02T18:00:00.000Z,Santa Cruz,CA,US,Sims Road,95064
3C:71:BF:E7:08:41,Traeger-0841,29.67992973,-95.40853882,3C:71:BF,5,wpa2,2025-02-27T22:00:00.000Z,2025-02-27T21:00:00.000Z,Houston,TX,US,NRG Parkway,77054-1921
3C:71:BF:E7:08:A9,Traeger-08A9,39.67298889,-84.36636353,3C:71:BF,5,wpa2,2024-05-28T22:00:00.000Z,2025-06-04T06:00:00.000Z,,OH,US,Diamond Mill Road,45327
3C:71:BF:E7:0D:1D,Traeger-0D1D,33.88017654,-117.82700348,3C:71:BF,5,wpa2,2025-07-14T03:00:00.000Z,2026-05-13T00:00:00.000Z,,CA,US,Buena Vista Avenue,92886
3C:71:BF:E7:12:C9,Traeger-12C9,37.52794647,-120.8398819,3C:71:BF,5,wep,2026-01-23T22:00:00.000Z,2026-02-09T15:00:00.000Z,Turlock,CA,US,North Olive Avenue,95381
3C:71:BF:E7:1E:15,Traeger-1E15,51.19192123,-114.07581329,3C:71:BF,5,wpa2,2025-06-23T01:00:00.000Z,2025-06-22T19:00:00.000Z,Calgary,Alberta,CA,Lucas Grove NW,T3K 0V6
3C:71:BF:E7:27:A9,Traeger-27A9,41.9821167,-83.26648712,3C:71:BF,5,wpa2,2025-09-30T15:00:00.000Z,2025-10-02T05:00:00.000Z,,MI,US,Trombley Road,48166
3C:71:BF:E7:28:F9,Traeger-28F9,34.29322815,-114.12490845,3C:71:BF,5,wpa2,2024-03-01T22:00:00.000Z,2025-12-01T09:00:00.000Z,,AZ,US,AZ 95,92267
3C:71:BF:E7:30:95,Traeger-3095,44.86286926,-93.53452301,3C:71:BF,5,wpa2,2023-08-08T19:00:00.000Z,2025-03-25T17:00:00.000Z,,MN,US,West 78th Street,55317
3C:71:BF:E7:3B:AD,Traeger-3BAD,41.78595352,-111.91728973,3C:71:BF,5,wpa2,2026-07-11T17:00:00.000Z,2026-07-11T21:00:00.000Z,,UT,US,West 3000 North,
3C:71:BF:E7:3E:95,Traeger-3E95,40.82467651,-89.63074493,3C:71:BF,5,wpa2,2025-06-15T23:00:00.000Z,2025-06-22T09:00:00.000Z,Peoria,IL,US,North Allen Road,61525
3C:71:BF:E7:4E:54,,39.95667267,-86.03083801,3C:71:BF,4,unknown,2024-09-17T02:00:00.000Z,2025-07-16T18:00:00.000Z,,IN,US,Crestview Drive,46038
3C:71:BF:E7:5B:89,Traeger-5B89,47.61868286,-92.55387878,3C:71:BF,5,wpa2,2024-11-25T20:00:00.000Z,2025-10-27T13:00:00.000Z,,MN,US,Speaker Irvin N. Anderson Memorial Highway,55703
3C:71:BF:E7:5B:C0,,47.19847488,-122.31861877,3C:71:BF,11,wpa2,2026-07-31T18:00:00.000Z,2026-07-31T12:00:00.000Z,,WA,US,18th Street Northwest,98371
3C:71:BF:E7:5C:38,,45.50209045,-73.55656433,3C:71:BF,0,unknown,2025-04-16T05:00:00.000Z,2025-04-17T17:00:00.000Z,Montréal,Québec,CA,Rue Saint-Nicolas,H2Y 2R5
3C:71:BF:E7:5C:61,Traeger-5C61,-34.92078781,138.64245605,3C:71:BF,5,wpa2,2025-02-24T14:00:00.000Z,2025-03-31T19:00:00.000Z,Adelaide,South Australia,AU,Union Street,5067
3C:71:BF:E7:6B:3D,Traeger-6B3D,45.67864609,-122.58998108,3C:71:BF,5,wpa2,2025-04-14T00:00:00.000Z,2026-08-13T12:00:00.000Z,Vancouver,WA,US,Northeast 78th Street,98662
3C:71:BF:E7:6E:1D,Traeger-6E1D,33.91201782,-118.34417725,3C:71:BF,5,wpa2,2025-06-07T22:00:00.000Z,2026-04-06T18:00:00.000Z,,CA,US,West 133rd Street,90250
3C:71:BF:E7:78:61,Traeger-7861,36.18302536,-115.26347351,3C:71:BF,5,wpa2,2024-05-16T18:00:00.000Z,2026-08-03T16:00:00.000Z,Las Vegas,NV,US,Calico Vista Boulevard,89128
3C:71:BF:E7:BC:C4,,40.87078857,-73.01335144,3C:71:BF,1,unknown,2024-11-05T13:00:00.000Z,2024-11-05T05:00:00.000Z,,NY,US,Pauls Path,11727
3C:71:BF:E7:CB:0D,Traeger-CB0D,36.30685806,-95.8777771,3C:71:BF,5,wpa2,2024-05-02T17:00:00.000Z,2025-06-04T11:00:00.000Z,,OK,US,East 106th Street North,74055
3C:71:BF:E7:CF:80,,37.69617844,-97.45758057,3C:71:BF,1,unknown,2026-05-15T22:00:00.000Z,2026-05-15T19:00:00.000Z,Wichita,KS,US,Chipper Lane,67212
3C:71:BF:E7:EE:B9,Traeger-EEB9,37.25339127,-107.79567719,3C:71:BF,5,wpa2,2025-03-31T17:00:00.000Z,2026-03-28T12:00:00.000Z,Durango,CO,US,CR 234,
3C:71:BF:E7:F0:95,Traeger-F095,46.24307632,-111.4701004,3C:71:BF,5,wpa2,2025-06-14T20:00:00.000Z,2026-06-13T18:00:00.000Z,,MT,US,US 287,
3C:71:BF:E7:F1:BD,Traeger-F1BD,45.55189896,-122.55789948,3C:71:BF,5,wpa2,2021-04-18T16:00:00.000Z,2026-04-11T12:00:00.000Z,,OR,US,Northeast Shaver Street,97220
3C:71:BF:E7:F3:4D,Traeger-F34D,27.24084282,-82.50598145,3C:71:BF,5,wpa2,2025-05-20T02:00:00.000Z,2025-05-20T14:00:00.000Z,,FL,US,South Tamiami Trail,34238
3C:71:BF:E7:F3:B5,Traeger-F3B5,39.5751915,-119.83062744,3C:71:BF,5,wpa2,2024-02-09T00:00:00.000Z,2026-08-12T15:00:00.000Z,Reno,NV,US,North Virginia Street,89506
3C:71:BF:E7:F4:99,Traeger-F499,37.27581406,-80.39363098,3C:71:BF,5,wpa2,2026-06-18T20:00:00.000Z,2026-07-30T05:00:00.000Z,Blacksburg,VA,US,Mount Tabor Road,24070
3C:71:BF:E7:F4:B1,Traeger-F4B1,39.61687851,-104.88545227,3C:71:BF,5,wpa2,2025-08-09T01:00:00.000Z,2025-08-08T20:00:00.000Z,,CO,US,South Yosemite Street,80111
3C:71:BF:E7:F5:29,Traeger-F529,39.72779083,-75.66403198,3C:71:BF,5,wpa2,2022-11-19T08:00:00.000Z,2025-08-12T17:00:00.000Z,,DE,US,Limestone Road,19707
3C:71:BF:E7:F7:1D,Traeger-F71D,39.63044357,-119.70317841,3C:71:BF,5,wpa2,2023-05-08T20:00:00.000Z,2026-05-01T23:00:00.000Z,,NV,US,,89441
3C:71:BF:E7:FB:A1,Traeger-FBA1,41.62495804,-111.83560181,3C:71:BF,5,wpa2,2024-05-18T19:00:00.000Z,2025-03-10T13:00:00.000Z,,UT,US,East 440 South,84319
3C:71:BF:E7:FC:09,Traeger-FC09,31.0725956,-92.12857819,3C:71:BF,5,wpa2,2026-03-28T17:00:00.000Z,2026-07-12T18:00:00.000Z,,LA,US,Little Corner Road,71341
3C:71:BF:E7:FE:19,Traeger-FE19,38.87837601,-121.3094101,3C:71:BF,5,wep,2026-01-30T23:00:00.000Z,2026-01-30T17:00:00.000Z,Lincoln,CA,US,Joiner Parkway,95648
3C:71:BF:E7:FE:99,Traeger-FE99,35.54854584,-97.54418945,3C:71:BF,5,wpa2,2024-10-12T17:00:00.000Z,2024-10-26T10:00:00.000Z,,OK,US,Northwest Grand Boulevard,73116
3C:71:BF:E8:BB:CC,,41.84603119,-73.69342041,3C:71:BF,4,unknown,2026-03-10T19:00:00.000Z,2026-08-11T10:00:00.000Z,,NY,US,Ernest Road,12581
3C:71:BF:E8:BD:D8,,41.49184799,-81.80515289,3C:71:BF,11,unknown,2025-07-25T19:00:00.000Z,2025-07-26T09:00:00.000Z,,OH,US,Clifton Boulevard,44107
3C:71:BF:E8:D0:94,,40.9485817,-72.99144745,3C:71:BF,6,unknown,2025-02-06T04:00:00.000Z,2025-02-06T00:00:00.000Z,,NY,US,Miller Place Road,11764
3C:71:BF:E8:D7:48,,33.73034286,-117.98179626,3C:71:BF,6,wpa2,2026-08-13T00:00:00.000Z,2026-08-13T10:00:00.000Z,Huntington Beach,CA,US,Edinger Avenue,92655
3C:71:BF:E8:F9:20,,40.8559494,-73.106987,3C:71:BF,8,unknown,2024-11-04T23:00:00.000Z,2024-11-04T16:00:00.000Z,,NY,US,Dianne Avenue,11720
3C:71:BF:E9:3D:B8,,30.10453415,-97.32064819,3C:71:BF,0,unknown,2025-08-30T09:00:00.000Z,2025-08-31T14:00:00.000Z,,TX,US,College Street,78602
3C:71:BF:E9:3D:D0,,39.94039536,-86.01421356,3C:71:BF,6,unknown,2026-08-08T23:00:00.000Z,2026-08-08T18:00:00.000Z,,IN,US,Lantern Road,46038
3C:71:BF:E9:42:48,,40.77381134,-73.98871613,3C:71:BF,11,unknown,2024-10-19T12:00:00.000Z,2024-10-19T05:00:00.000Z,City of New York,NY,US,West End Avenue,10023
3C:71:BF:E9:44:C0,,30.17919922,-96.91299438,3C:71:BF,0,unknown,2025-11-26T12:00:00.000Z,2025-12-01T08:00:00.000Z,,TX,US,East Austin Street,78942
3C:71:BF:E9:4D:54,,40.78110886,-73.41392517,3C:71:BF,5,unknown,2025-10-26T14:00:00.000Z,2025-10-26T07:00:00.000Z,,NY,US,Long Island Expressway,11747
3C:71:BF:E9:D9:94,,39.48060989,-86.05348969,3C:71:BF,13,none,2026-08-05T07:00:00.000Z,2026-08-11T17:00:00.000Z,,IN,US,East Jefferson Street,46131
3C:71:BF:E9:D9:95,ESP_E9D995,39.48059082,-86.05354309,3C:71:BF,1,none,2026-08-05T11:00:00.000Z,2026-08-11T17:00:00.000Z,,IN,US,East Jefferson Street,46131
3C:71:BF:EA:19:AC,,40.5697403,-74.45677948,3C:71:BF,8,unknown,2026-04-26T20:00:00.000Z,2026-04-26T14:00:00.000Z,,NJ,US,Stelton Road,08854
3C:71:BF:EA:83:0D,0559,53.94693756,27.6905632,3C:71:BF,11,wpa2,2023-04-21T11:00:00.000Z,2024-10-22T07:00:00.000Z,Минск,Уручье,BY,проспект Независимости,220125
3C:71:BF:EA:D6:81,OeasyACS9645061,22.68748474,113.77176666,3C:71:BF,6,unknown,2024-08-29T04:00:00.000Z,2025-06-12T17:00:00.000Z,宝安区,广东省,CN,展云路,518100
3C:71:BF:EA:E7:1C,John 3,39.67700577,-75.66578674,3C:71:BF,7,unknown,2024-10-03T17:00:00.000Z,2024-10-04T13:00:00.000Z,,DE,US,Eagle Run Road,19702
3C:71:BF:EB:03:98,<hidden>,43.16005325,-77.80527496,3C:71:BF,1,none,2026-08-01T17:00:00.000Z,2026-08-01T11:00:00.000Z,,NY,US,Union Street,14559
3C:71:BF:EB:3A:A9,OeasyACS9645055,22.68743515,113.77177429,3C:71:BF,6,unknown,2025-06-12T01:00:00.000Z,2025-06-12T17:00:00.000Z,宝安区,广东省,CN,展云路,518100
3C:71:BF:EB:3B:D1,OeasyACS9645013,22.68824387,113.7715683,3C:71:BF,6,unknown,2024-08-29T04:00:00.000Z,2025-06-12T17:00:00.000Z,宝安区,广东省,CN,展云路,518100
3C:71:BF:EB:3D:6D,OeasyACS9645016,22.68752289,113.77186584,3C:71:BF,6,unknown,2025-06-12T01:00:00.000Z,2025-06-12T17:00:00.000Z,宝安区,广东省,CN,展云路,518100
3C:71:BF:EB:B1:00,,47.19219208,-122.2917099,3C:71:BF,6,wpa2,2026-08-05T20:00:00.000Z,2026-08-05T13:00:00.000Z,,WA,US,2nd Street Northeast,98372
3C:71:BF:EB:CE:34,,42.86635971,-70.8914566,3C:71:BF,0,unknown,2025-11-17T07:00:00.000Z,2026-07-16T13:00:00.000Z,,MA,US,I 95,03874
3C:71:BF:EB:D3:24,,30.21285439,-97.1411438,3C:71:BF,0,unknown,2026-05-15T10:00:00.000Z,2026-05-16T16:00:00.000Z,,TX,US,US 290,
3C:71:BF:EB:D9:08,,30.12854767,-97.26763153,3C:71:BF,0,unknown,2024-10-09T10:00:00.000Z,2024-10-09T17:00:00.000Z,,TX,US,TX 21,78602
3C:71:BF:EB:F8:25,350,38.59497833,-94.2482605,3C:71:BF,1,wpa2,2020-10-24T14:00:00.000Z,2026-08-07T06:00:00.000Z,,MO,US,MO 7,64701
3C:71:BF:EC:75:19,Sentry_7519,33.13526917,-117.30334473,3C:71:BF,1,none,2026-07-15T00:00:00.000Z,2026-07-14T21:00:00.000Z,Carlsbad,CA,US,Faraday Avenue,92009-1114
3C:71:BF:EC:76:89,Sentry_7689,37.32707214,-121.81074524,3C:71:BF,4,unknown,2024-02-22T03:00:00.000Z,2024-09-28T19:00:00.000Z,San Jose,CA,US,Eastridge Loop,95122-1204
3C:71:BF:EC:7E:B5,Sentry_7EB5,41.77105331,-88.48912048,3C:71:BF,3,none,2023-06-18T17:00:00.000Z,2025-10-28T16:00:00.000Z,,IL,US,Dugan Road,60554
3C:71:BF:EC:7E:E5,Sentry_7EE5,26.19392395,-80.23976135,3C:71:BF,4,none,2026-02-26T04:00:00.000Z,2026-03-11T09:00:00.000Z,,FL,US,West Commercial Boulevard,33309
3C:71:BF:EC:7F:39,Sentry_7F39,42.95152664,-83.0863266,3C:71:BF,3,unknown,2022-11-08T12:00:00.000Z,2025-03-12T10:00:00.000Z,,MI,US,Muir Road,48428
3C:71:BF:EE:30:AC,Hilton Honors,38.22089005,-85.69810486,3C:71:BF,0,wpa2,2026-02-02T07:00:00.000Z,2026-02-16T19:00:00.000Z,Louisville,KY,US,Harvard Drive,40205
3C:71:BF:EE:60:00,,39.22523117,-94.52437592,3C:71:BF,11,wpa2,2026-07-11T12:00:00.000Z,2026-07-11T06:00:00.000Z,Kansas City,MO,US,North Lawn Avenue,64119
3C:71:BF:EE:70:69,GhostNet,49.59379578,17.27337074,3C:71:BF,6,wpa2,2025-11-24T13:00:00.000Z,2025-11-24T07:00:00.000Z,Olomouc,Střední Morava,CZ,Masarykova třída,779 00
3C:71:BF:EE:72:F4,,39.95664597,-86.02135468,3C:71:BF,0,unknown,2024-06-17T08:00:00.000Z,2024-09-16T12:00:00.000Z,,IN,US,Fishers Pointe Boulevard,46038
3C:71:BF:EE:7D:6C,<hidden>,43.23670197,-77.64892578,3C:71:BF,10,none,2026-07-16T10:00:00.000Z,2026-07-16T04:00:00.000Z,City of Rochester,NY,US,Britton Road,14616
3C:71:BF:EE:8A:E0,,36.04733658,-80.25493622,3C:71:BF,6,wpa2,2026-06-05T13:00:00.000Z,2026-07-14T13:00:00.000Z,Winston-Salem,NC,US,Brewer Road,27127
3C:71:BF:EE:9A:31,ESP_EE9A31,40.69717026,-115.55323029,3C:71:BF,1,unknown,2025-04-25T15:00:00.000Z,2025-04-25T13:00:00.000Z,,NV,US,Thorpe Drive,
3C:71:BF:EE:B4:A0,Acors,37.33843231,-79.22312927,3C:71:BF,7,unknown,2025-10-14T17:00:00.000Z,2026-03-31T02:00:00.000Z,Lynchburg,VA,US,Capstone Drive,24502
3C:71:BF:EE:BC:44,,33.89396286,-118.30961609,3C:71:BF,11,wpa2,2026-05-23T01:00:00.000Z,2026-05-22T19:00:00.000Z,,CA,US,West 152nd Street,90247-3225
3C:71:BF:EE:D8:05,ESP_EED805,39.75436401,-104.96060181,3C:71:BF,1,unknown,2025-08-15T01:00:00.000Z,2025-08-14T18:00:00.000Z,Denver,CO,US,Gaylord Street,80205
3C:71:BF:EE:DB:75,ESP_EEDB75,41.1631546,-111.96766663,3C:71:BF,1,none,2025-12-19T17:00:00.000Z,2025-12-19T10:00:00.000Z,,UT,US,East 5550 South,84408
3C:71:BF:EE:F9:F9,ESP_EEF9F9,41.60153961,-72.98645782,3C:71:BF,1,unknown,2025-10-25T16:00:00.000Z,2025-10-25T12:00:00.000Z,,CT,US,Potuccos Ring Road,06716
3C:71:BF:EF:20:88,,47.24652481,-122.4751358,3C:71:BF,1,wpa2,2026-07-18T02:00:00.000Z,2026-07-18T14:00:00.000Z,Tacoma,WA,US,South 15th Street,98405
3C:71:BF:EF:29:B4,<hidden>,43.13870239,-77.57998657,3C:71:BF,1,none,2026-07-12T12:00:00.000Z,2026-07-12T05:00:00.000Z,City of Rochester,NY,US,Monroe Avenue,14620
3C:71:BF:EF:72:78,,37.68025589,-97.48064423,3C:71:BF,1,unknown,2025-09-01T23:00:00.000Z,2026-05-26T13:00:00.000Z,Wichita,KS,US,South 119th Street West,67235
3C:71:BF:EF:85:E1,ESP_EF85E1,43.69067001,-116.35107422,3C:71:BF,1,unknown,2025-04-05T22:00:00.000Z,2025-04-05T16:00:00.000Z,,ID,US,ID 44;ID 55,83616
3C:71:BF:F0:CD:C9,esphome-ble Fallback Hotspot,47.06469345,15.42435265,3C:71:BF,6,wpa2,2024-10-21T12:00:00.000Z,2024-10-21T05:00:00.000Z,Graz,Steiermark,AT,Idlhofgasse,8020
3C:71:BF:F1:2D:BD,alcd,59.93914795,10.92743301,3C:71:BF,1,unknown,2022-01-26T07:00:00.000Z,2025-11-01T08:00:00.000Z,Oslo,Karihaugen,NO,Strømsveien,1065
3C:71:BF:F1:4D:1D,WLED-AP-ribbon,53.56180954,9.98426914,3C:71:BF,11,wpa2,2023-08-15T00:00:00.000Z,2026-05-16T12:00:00.000Z,Hamburg,Hamburg-Mitte,DE,Johannes-Brahms-Platz,20355
3C:71:BF:F1:5C:19,WLED-AP,49.25267792,-123.04382324,3C:71:BF,1,wpa2,2025-10-05T02:00:00.000Z,2025-10-05T00:00:00.000Z,Vancouver,British Columbia,CA,Renfrew Street,V5M
3C:71:BF:F1:5F:71,WLED-AP,49.25256348,-123.04367828,3C:71:BF,1,wpa2,2025-10-05T02:00:00.000Z,2025-10-05T00:00:00.000Z,Vancouver,British Columbia,CA,Renfrew Street,V5M
3C:71:BF:F1:B5:A5,Brevladan Fallback Hotspot,59.29175568,17.95809937,3C:71:BF,11,wpa2,2026-02-01T21:00:00.000Z,2026-04-22T14:00:00.000Z,Stockholm,Stockholms län,SE,Larsmässgatan,129 44
3C:71:BF:F4:15:65,CFMTDU_71TM0027,50.71680832,9.95502853,3C:71:BF,9,wpa2,2025-04-10T14:00:00.000Z,2025-04-11T00:00:00.000Z,,Thüringen,DE,Bahnhofstraße,36419
3C:71:BF:F4:19:1D,Mysa-f4191c,44.03730392,-83.03027344,3C:71:BF,1,unknown,2026-07-03T19:00:00.000Z,2026-07-03T14:00:00.000Z,,MI,US,Port Austin Road,48467
3C:71:BF:F4:1B:F1,Mysa-f41bf0,49.24966812,-123.12454987,3C:71:BF,1,unknown,2025-07-23T07:00:00.000Z,2026-03-27T01:00:00.000Z,Vancouver,British Columbia,CA,Laurel Street,V5Z
3C:71:BF:F4:27:DD,CFMTDU_71TU0832,52.3850441,16.87901878,3C:71:BF,1,wep,2024-12-20T10:00:00.000Z,2025-12-13T09:00:00.000Z,,województwo wielkopolskie,PL,Augustyna Kordeckiego,60-144
3C:71:BF:F4:2E:55,Mysa-f42e54,38.84718323,-104.80600739,3C:71:BF,1,unknown,2024-08-22T18:00:00.000Z,2026-04-16T08:00:00.000Z,Colorado Springs,CO,US,Custer Avenue,80903
3C:71:BF:F4:3C:21,Mysa-f43c20,47.3995018,-122.29676056,3C:71:BF,11,none,2026-04-20T09:00:00.000Z,2026-07-31T19:00:00.000Z,,WA,US,Pacific Highway South,98198
3C:71:BF:F4:41:C5,CFMTDU_71TU0810,52.27092361,21.05743217,3C:71:BF,1,wpa2,2026-05-11T08:00:00.000Z,2026-05-11T23:00:00.000Z,Warszawa,województwo mazowieckie,PL,Handlowa,03-561
3C:71:BF:F4:47:DD,CFMTDU_71CP0110,49.59723663,17.23697662,3C:71:BF,5,wpa2,2025-06-25T09:00:00.000Z,2025-06-25T02:00:00.000Z,Olomouc,Střední Morava,CZ,Na Šibeníku,77900
3C:71:BF:F4:5F:25,CFMTDU_71HL0093,60.39263916,5.32537699,3C:71:BF,4,wpa2,2021-12-02T18:00:00.000Z,2025-03-29T09:00:00.000Z,Bergen,Vestland,NO,Olav Kyrres gate,5807
3C:71:BF:F4:69:CD,TowerWx,-35.327034,149.04840088,3C:71:BF,1,unknown,2023-07-01T10:00:00.000Z,2026-02-28T21:00:00.000Z,,Weston,AU,Cotter Road,2611
3C:71:BF:F4:9F:35,CFMTDU_71CN0404,38.63428879,15.85307693,3C:71:BF,5,wpa2,2025-10-03T12:00:00.000Z,2025-10-03T08:00:00.000Z,,Calabria,IT,Via Provinciale,89866
3C:71:BF:F4:B2:E1,Mysa-f4b2e0,47.53762817,-122.16575623,3C:71:BF,1,none,2026-07-21T22:00:00.000Z,2026-07-21T16:00:00.000Z,,WA,US,Coal Creek Parkway Southeast,98056-1330
3C:71:BF:F4:CB:21,CFMTDU_71C70244,64.10821533,-21.84217834,3C:71:BF,8,wpa2,2025-06-26T10:00:00.000Z,2025-06-26T04:00:00.000Z,Reykjavíkurborg,Höfuðborgarsvæðið,IS,Þarabakki,109
3C:71:BF:F4:E6:9D,CFMTDU_71TQ0089,51.33646774,9.43921375,3C:71:BF,10,wpa2,2022-01-28T13:00:00.000Z,2026-03-10T09:00:00.000Z,Kassel,Hessen,DE,Wolfhager Straße,34128
3C:71:BF:F5:07:29,CFMTDU_71TU0715,45.60894012,9.24438572,3C:71:BF,8,wpa2,2026-05-20T06:00:00.000Z,2026-05-20T03:00:00.000Z,,Lombardia,IT,Via Antonio Gramsci,20851
3C:71:BF:F5:13:49,CFMTDU_71T80203,31.94916725,35.89180756,3C:71:BF,5,wpa2,2022-09-03T14:00:00.000Z,2025-08-28T04:00:00.000Z,عمان,عمان,JO,شارع القاهرة,11181
3C:71:BF:F5:17:55,CFMTDU_71TL0233,43.70098114,7.2564826,3C:71:BF,10,wpa2,2023-03-18T09:00:00.000Z,2025-02-12T08:00:00.000Z,Nice,Provence-Alpes-Côte d'Azur,FR,Rue Rossini,06000
3C:71:BF:F5:1C:85,CFMTDU_71CN0372,45.47703934,8.99372196,3C:71:BF,11,wpa2,2026-03-27T11:00:00.000Z,2026-03-28T08:00:00.000Z,,Lombardia,IT,Via Giacomo Matteotti,20018
3C:71:BF:F5:32:A1,Mysa-f532a0,45.43479538,-75.79727173,3C:71:BF,1,unknown,2024-09-16T09:00:00.000Z,2024-09-16T03:00:00.000Z,Gatineau,Québec,CA,Boulevard du Plateau,J9J 0E7
3C:71:BF:F5:33:C5,Mysa-f533c4,48.49674988,-123.39427948,3C:71:BF,1,none,2026-05-10T08:00:00.000Z,2026-06-12T12:00:00.000Z,,British Columbia,CA,Travino Lane,V8Z 3G3
3C:71:BF:F5:89:D9,ESP_F589D9,39.98350906,22.62426186,3C:71:BF,1,unknown,2024-09-09T04:00:00.000Z,2024-09-08T22:00:00.000Z,,Αποκεντρωμένη Διοίκηση Μακεδονίας - Θράκης,GR,,60065
3C:71:BF:F5:8A:59,ESP_F58A59,38.36894608,26.13610268,3C:71:BF,1,unknown,2024-09-09T10:00:00.000Z,2025-03-26T12:00:00.000Z,,Αποκεντρωμένη Διοίκηση Αιγαίου,GR,,82131
3C:71:BF:F5:A8:55,Mysa-f5a854,49.10807419,-122.73674774,3C:71:BF,6,none,2026-05-05T16:00:00.000Z,2026-05-05T13:00:00.000Z,Surrey,British Columbia,CA,58 Avenue,V3S 7V2
3C:71:BF:F5:A8:B9,Mysa-f5a8b8,48.49726486,-123.39464569,3C:71:BF,1,unknown,2026-07-04T20:00:00.000Z,2026-07-05T09:00:00.000Z,,British Columbia,CA,Wilkinson Road,V8Z 3G3
3C:71:BF:F5:AA:79,Mysa-f5aa78,49.2693367,-123.04548645,3C:71:BF,1,unknown,2024-12-05T06:00:00.000Z,2024-12-18T17:00:00.000Z,Vancouver,British Columbia,CA,East 1st Avenue,V5M 4P3
3C:71:BF:F5:AC:55,Mysa-f5ac54,49.18377686,-123.97740173,3C:71:BF,11,none,2024-10-05T00:00:00.000Z,2024-10-05T09:00:00.000Z,Nanaimo,British Columbia,CA,Dufferin Crescent,V9S 5T4
3C:71:BF:F5:AC:C9,Mysa-f5acc8,48.49659729,-123.39414978,3C:71:BF,6,unknown,2026-06-12T15:00:00.000Z,2026-06-12T12:00:00.000Z,,British Columbia,CA,Travino Lane,V8Z 3G3
3C:71:BF:F5:AF:35,T009_F5AF34,52.30305862,10.46885681,3C:71:BF,1,unknown,2026-06-10T09:00:00.000Z,2026-06-10T10:00:00.000Z,Braunschweig,Niedersachsen,DE,Masurenweg,38112
3C:71:BF:F5:B6:AD,Mysa-f5b6ac,40.18681335,-74.01025391,3C:71:BF,1,none,2025-08-09T23:00:00.000Z,2025-08-09T23:00:00.000Z,,NJ,US,Ocean Avenue,07717
3C:71:BF:F5:B7:E9,Mysa-f5b7e8,45.54751205,-73.68199921,3C:71:BF,6,unknown,2021-03-10T17:00:00.000Z,2026-06-15T05:00:00.000Z,Montréal,Québec,CA,Boulevard Gouin Ouest,H3L 3W3
3C:71:BF:F5:B9:15,Mysa-f5b914,49.15786362,-123.14372253,3C:71:BF,1,unknown,2025-09-18T02:00:00.000Z,2025-09-17T20:00:00.000Z,Richmond,British Columbia,CA,Moffatt Road,V6Y
3C:71:BF:F5:BA:48,,45.53767014,-73.58500671,3C:71:BF,0,unknown,2025-01-24T08:00:00.000Z,2025-01-24T10:00:00.000Z,Montréal,Québec,CA,Avenue Papineau,H2H 1A3
3C:71:BF:F5:BA:D1,T009_F5BAD0,39.25501633,-8.01689053,3C:71:BF,1,none,2026-04-05T21:00:00.000Z,2026-04-06T11:00:00.000Z,Ponte de Sor,Portalegre,PT,Rua Professora Maria do Ceu Seneca,7400-308
3C:71:BF:F5:BF:3D,CFMTDU_71T40157,46.16305161,21.32300758,3C:71:BF,2,wpa2,2024-02-21T09:00:00.000Z,2024-12-12T05:00:00.000Z,Arad,Arad,RO,Calea Romanilor,310112
3C:71:BF:F5:BF:49,MyStove_3C:71:BF:F5:BF:48,50.63381958,4.19862795,3C:71:BF,1,unknown,2023-12-27T10:00:00.000Z,2025-12-26T16:00:00.000Z,,Brabant wallon,BE,Rue Bruyère de Virginal,1460
3C:71:BF:F5:C0:15,T009_F5C014,51.93228149,4.45861673,3C:71:BF,1,none,2023-04-26T14:00:00.000Z,2025-11-07T13:00:00.000Z,Rotterdam,Zuid-Holland,NL,Van Nideckstraat,3039TM
3C:71:BF:F5:C0:25,T009_F5C024,51.93321228,6.09119415,3C:71:BF,3,unknown,2026-05-08T10:00:00.000Z,2026-05-08T07:00:00.000Z,,Gelderland,NL,Marconistraat,6902PC
3C:71:BF:F5:C0:51,T009_F5C050,52.78328705,7.044209,3C:71:BF,11,none,2025-03-21T10:00:00.000Z,2025-03-22T07:00:00.000Z,,Drenthe,NL,Oosterdiep WZ,7881GX
3C:71:BF:F5:C0:B1,T009_F5C0B0,50.86717606,6.02847528,3C:71:BF,8,unknown,2023-01-31T15:00:00.000Z,2026-03-15T13:00:00.000Z,,Limburg,NL,Singelweg,6467CD
3C:71:BF:F5:C1:99,T009_F5C198,53.0711937,6.45656109,3C:71:BF,10,unknown,2022-08-12T22:00:00.000Z,2025-03-17T09:00:00.000Z,,Drenthe,NL,Dennenlaan,9331CK
3C:71:BF:F5:C1:C1,T009_F5C1C0,52.01224518,5.42821503,3C:71:BF,1,unknown,2024-03-27T15:00:00.000Z,2026-06-23T11:00:00.000Z,,Utrecht,NL,Rijksstraatweg,3956CT
3C:71:BF:F5:C1:DD,T009_F5C1DC,50.07940292,7.74215794,3C:71:BF,1,unknown,2024-02-15T10:00:00.000Z,2025-10-06T10:00:00.000Z,Oberwesel,Rheinland-Pfalz,DE,Pfalzgrafenstraße,55430
3C:71:BF:F5:C2:29,T009_F5C228,52.04119873,5.65714788,3C:71:BF,6,unknown,2023-10-08T16:00:00.000Z,2026-05-06T09:00:00.000Z,Ede,Gelderland,NL,Veenderweg,6712AE
3C:71:BF:F5:C2:65,T009_F5C264,51.89932251,6.37704277,3C:71:BF,9,unknown,2024-08-27T20:00:00.000Z,2024-08-28T09:00:00.000Z,,Gelderland,NL,Doctor Ariënsstraat,7071AJ
3C:71:BF:F5:C3:05,T009_F5C304,51.79889679,5.58445644,3C:71:BF,1,unknown,2021-10-12T12:00:00.000Z,2025-10-20T08:00:00.000Z,,Noord-Brabant,NL,Grotestraat,5368AJ
3C:71:BF:F5:C3:71,T009_F5C370,52.65023804,5.04566765,3C:71:BF,8,unknown,2025-01-14T11:00:00.000Z,2025-02-14T09:00:00.000Z,,Noord-Holland,NL,Keern,1625NG
3C:71:BF:F5:C3:9D,T009_F5C39C,50.98910522,5.85513353,3C:71:BF,1,unknown,2026-02-22T20:00:00.000Z,2026-02-22T13:00:00.000Z,,Limburg,NL,Haagstraat,6133VT
3C:71:BF:F5:C4:B5,Mysa-f5c4b4,45.54745102,-73.68236542,3C:71:BF,1,unknown,2021-03-10T17:00:00.000Z,2026-06-15T05:00:00.000Z,Montréal,Québec,CA,Boulevard Gouin Ouest,H3L 3W3
3C:71:BF:F5:C6:69,Mysa-f5c668,45.5474472,-73.68250275,3C:71:BF,1,unknown,2025-10-23T19:00:00.000Z,2026-06-15T05:00:00.000Z,Montréal,Québec,CA,Boulevard Gouin Ouest,H3L 3W3
3C:71:BF:F5:C8:39,Mysa-f5c838,45.15056229,-93.33589172,3C:71:BF,6,none,2026-05-25T22:00:00.000Z,2026-05-26T16:00:00.000Z,,MN,US,Noble Parkway,55433
3C:71:BF:F5:CA:49,CFMTDU_71TU0811,48.14800644,17.14552307,3C:71:BF,2,wpa2,2023-05-23T12:00:00.000Z,2026-01-19T10:00:00.000Z,Bratislava,Bratislavský kraj,SK,Prievozská,821 09
3C:71:BF:F5:CA:51,CFMTDU_71HB0252,47.04850769,8.30596447,3C:71:BF,5,wpa2,2020-05-18T09:00:00.000Z,2026-04-24T13:00:00.000Z,Luzern,Luzern,CH,Pilatusstrasse,6003
3C:71:BF:F5:CC:3D,T009_F5CC3C,52.56009674,6.55389214,3C:71:BF,1,unknown,2025-04-26T09:00:00.000Z,2025-05-01T09:00:00.000Z,Rheezerveen,Overijssel,NL,Ommerweg,7797RD
3C:71:BF:F5:CD:5D,CFMTDU_71T60121,50.06098938,10.23008537,3C:71:BF,6,wpa2,2026-03-23T15:00:00.000Z,2026-03-23T08:00:00.000Z,,Bayern,DE,Walther-von-der-Vogelweide-Straße,97422
3C:71:BF:F5:CE:61,CFMTDU_71CT0019,53.06758118,-2.52377439,3C:71:BF,10,wpa2,2026-05-13T10:00:00.000Z,2026-05-22T13:00:00.000Z,,England,GB,High Street,CW5 5AR
3C:71:BF:F5:CE:81,CFMTDU_71HF0156,48.72325897,2.4185617,3C:71:BF,4,wpa2,2026-01-15T17:00:00.000Z,2026-01-15T10:00:00.000Z,,Île-de-France,FR,Rue du Bac,94480
3C:71:BF:F5:E5:F1,Daikin!Pf5e5f074,39.86839294,116.36081696,3C:71:BF,1,wpa2,2026-07-26T07:00:00.000Z,2026-07-27T08:00:00.000Z,丰台区,北京市,CN,南二环,100054
3C:71:BF:F6:68:F5,ESP_F668F5,41.677845,-93.75154114,3C:71:BF,1,unknown,2024-09-16T15:00:00.000Z,2024-09-16T11:00:00.000Z,,IA,US,Northwest Newgate Drive,50131
3C:71:BF:F6:BE:45,T009_F6BE44,51.75021744,9.02551556,3C:71:BF,6,none,2024-06-22T11:00:00.000Z,2024-10-21T13:00:00.000Z,,Nordrhein-Westfalen,DE,Nordfeldmark,33014
3C:71:BF:F6:C4:51,T009_F6C450,48.17058945,-1.43658304,3C:71:BF,6,none,2026-05-14T11:00:00.000Z,2026-05-14T14:00:00.000Z,,Bretagne,FR,D 101,35530
3C:71:BF:F6:CD:A5,WiBo-CMC-Box,51.90418625,-2.12248826,3C:71:BF,1,wpa2,2024-02-08T17:00:00.000Z,2026-01-22T01:00:00.000Z,,England,GB,Fiddlers Green Lane,GL51
3C:71:BF:F6:DB:55,Mysa-f6db54,41.06463242,-75.61474609,3C:71:BF,1,unknown,2025-09-14T16:00:00.000Z,2025-09-14T11:00:00.000Z,Kidder Township,PA,US,,18624
3C:71:BF:F6:F4:58,,27.85076332,-82.80007935,3C:71:BF,4,unknown,2025-06-06T21:00:00.000Z,2025-06-06T21:00:00.000Z,,FL,US,86th Avenue North,33776
3C:71:BF:F6:F5:A8,,35.92790222,-78.81279755,3C:71:BF,6,wpa2,2026-06-22T18:00:00.000Z,2026-08-10T06:00:00.000Z,,NC,US,Page Road,27560
3C:71:BF:F7:3B:AD,CFMTDU_71HQ0033,40.64263916,-8.6398859,3C:71:BF,6,wpa2,2026-02-25T17:00:00.000Z,2026-02-25T15:00:00.000Z,Glória e Vera Cruz,Aveiro,PT,Rua Zé Augusto,3800-385
3C:71:BF:F7:3B:D5,CFMTDU_71TV0121,47.51225281,19.0508728,3C:71:BF,8,wpa2,2020-10-01T17:00:00.000Z,2026-06-23T00:00:00.000Z,,Budapest,HU,Szent István körút,1137
3C:71:BF:F7:3C:1D,CFMTDU_71T40133,54.44029617,18.56019974,3C:71:BF,10,wpa2,2022-08-16T14:00:00.000Z,2025-03-12T11:00:00.000Z,,województwo pomorskie,PL,Aleja Niepodległości,81-868
3C:71:BF:F7:3C:4D,CFMTDU_71HA0303,44.49703217,11.33672523,3C:71:BF,11,wpa2,2025-05-27T16:00:00.000Z,2025-05-27T09:00:00.000Z,Bologna,Emilia-Romagna,IT,Via delle Lame,40122
3C:71:BF:F7:3C:99,CFMTDU_71HH0226,47.46634674,19.04943085,3C:71:BF,4,wpa2,2021-05-06T10:00:00.000Z,2026-05-29T02:00:00.000Z,,Budapest,HU,Hauszmann Alajos utca,1117
3C:71:BF:F7:3E:DD,MyStove_3C:71:BF:F7:3E:DC,48.29730988,2.05349541,3C:71:BF,5,unknown,2024-01-10T13:00:00.000Z,2024-10-07T09:00:00.000Z,Le Mérévillois,Île-de-France,FR,Route de Saint-Lubin,91660
3C:71:BF:F7:4C:2D,Mysa-f74c2c,45.5124321,-73.7071991,3C:71:BF,6,unknown,2025-08-04T17:00:00.000Z,2025-08-04T14:00:00.000Z,Montréal,Québec,CA,Rue Charles-Darwin,H4R 2V5
3C:71:BF:F7:4E:81,T009_F74E80,40.63018036,14.54183769,3C:71:BF,11,unknown,2024-10-05T10:00:00.000Z,2025-12-30T02:00:00.000Z,,Campania,IT,Prima Traversa Via San Lorenzo,80051
3C:71:BF:F7:57:49,CFMTDU_71CN0408,41.15753555,-8.64131069,3C:71:BF,2,wpa2,2024-09-05T16:00:00.000Z,2024-12-12T16:00:00.000Z,Porto,Porto,PT,Rua de António Cardoso,4150-082
3C:71:BF:F7:57:4D,CFMTDU_71TU0759,44.54071045,10.81383991,3C:71:BF,11,wpa2,2026-05-14T16:00:00.000Z,2026-05-14T10:00:00.000Z,,Emilia-Romagna,IT,Via Silvio Pellico,41042
3C:71:BF:F7:57:A1,CFMTDU_71CN0402,43.88283157,10.24761868,3C:71:BF,6,wpa2,2025-09-21T14:00:00.000Z,2025-09-25T01:00:00.000Z,Viareggio,Toscana,IT,Via Aurelia Nord,55049
3C:71:BF:F7:57:F1,CFMTDU_71HB0251,47.04854965,8.30578613,3C:71:BF,4,wpa2,2020-03-03T10:00:00.000Z,2026-04-01T11:00:00.000Z,Luzern,Luzern,CH,Pilatusstrasse,6003
3C:71:BF:F7:58:C1,CFMTDU_71ts0025,42.22378159,-8.72627544,3C:71:BF,11,wpa2,2025-04-16T15:00:00.000Z,2025-04-16T09:00:00.000Z,Vigo,Galicia,ES,Rúa Barcelona,36203
3C:71:BF:F7:59:21,CFMTDU_71T60122,50.06113434,10.2302475,3C:71:BF,7,wpa2,2021-07-07T10:00:00.000Z,2026-03-23T08:00:00.000Z,,Bayern,DE,Walther-von-der-Vogelweide-Straße,97422
3C:71:BF:F7:59:29,CFMTDU_71TU0798,54.71263885,18.39426804,3C:71:BF,7,wpa2,2026-04-28T14:00:00.000Z,2026-04-28T10:00:00.000Z,,województwo pomorskie,PL,Adama Mickiewicza,84-100
3C:71:BF:F7:5A:31,Mysa-f75a30,45.67284012,-73.75108337,3C:71:BF,1,unknown,2026-07-25T17:00:00.000Z,2026-07-25T10:00:00.000Z,,Québec,CA,Boulevard Adolphe-Chapleau,J6Z 1J8
3C:71:BF:F7:60:85,Mysa-f76084,49.17031479,-123.13930511,3C:71:BF,1,unknown,2026-02-08T18:00:00.000Z,2026-02-08T13:00:00.000Z,Richmond,British Columbia,CA,Westminster Highway,V6X 1A1
3C:71:BF:F7:61:61,Mysa-f76160,42.03831482,-87.72575378,3C:71:BF,1,none,2026-01-19T19:00:00.000Z,2026-07-25T11:00:00.000Z,,IL,US,Springfield Avenue,60076
3C:71:BF:F7:61:A9,Mysa-f761a8,49.50630951,-115.06121826,3C:71:BF,6,unknown,2026-08-05T20:00:00.000Z,2026-08-08T21:00:00.000Z,Fernie,British Columbia,CA,8th Street,V0B 1M0
3C:71:BF:F7:77:B9,ESP32 WIFI,-8.10980797,-35.10573578,3C:71:BF,9,wpa2,2024-08-17T11:00:00.000Z,2024-11-04T05:00:00.000Z,,Pernambuco,BR,Rodovia Luiz Gonzaga,54800-000
3C:71:BF:F7:7D:E1,ESP_F77DE1,43.9554863,4.92380428,3C:71:BF,11,unknown,2025-01-14T15:00:00.000Z,2025-01-14T07:00:00.000Z,,Provence-Alpes-Côte d'Azur,FR,Route d'Avignon,84450
3C:71:BF:F7:7D:F9,ESP_F77DF9,43.94241333,4.80658436,3C:71:BF,10,unknown,2023-01-13T15:00:00.000Z,2025-03-28T17:00:00.000Z,Avignon,Provence-Alpes-Côte d'Azur,FR,Boulevard Saint-Roch,84000
3C:71:BF:F7:7D:FD,ESP_F77DFD,49.50033188,0.11638641,3C:71:BF,7,none,2025-05-17T17:00:00.000Z,2025-09-15T03:00:00.000Z,Le Havre,Normandie,FR,Avenue Henri Woollett,76600
3C:71:BF:F7:7E:21,ESP_F77E21,-17.55314255,-149.5957489,3C:71:BF,1,unknown,2023-10-28T17:00:00.000Z,2026-04-30T10:00:00.000Z,Faaa,Polynésie Française,FR,Aroa Hennebuise,98704
3C:71:BF:F7:7E:29,ESP_F77E29,-17.58786774,-149.61352539,3C:71:BF,12,unknown,2025-10-20T16:00:00.000Z,2026-07-13T10:00:00.000Z,,Polynésie Française,FR,Route de Ceinture Ouest,98717
3C:71:BF:F7:7E:31,ESP_F77E31,43.6722908,7.23390341,3C:71:BF,9,unknown,2020-07-08T19:00:00.000Z,2024-09-15T23:00:00.000Z,Nice,Provence-Alpes-Côte d'Azur,FR,Allée Charles Martin Sauvagio,06282
3C:71:BF:F7:7E:35,ESP_F77E35,43.97113037,4.86893177,3C:71:BF,1,unknown,2021-07-26T16:00:00.000Z,2025-03-28T17:00:00.000Z,,Provence-Alpes-Côte d'Azur,FR,Impasse du Périgord,84130
3C:71:BF:F7:7E:3D,ESP_F77E3D,45.90365982,6.12888002,3C:71:BF,2,unknown,2001-01-02T18:00:00.000Z,2025-09-12T09:00:00.000Z,Annecy,Auvergne-Rhône-Alpes,FR,Rue de Bonlieu,74000
3C:71:BF:F8:D4:91,Tracker_F8BF713C,-29.70595551,-53.73899841,3C:71:BF,1,wpa2,2023-12-04T15:00:00.000Z,2025-04-16T09:00:00.000Z,Santa Maria,Rio Grande do Sul,BR,Faixa Nova,97105-030
3C:71:BF:F8:E0:49,GAZ0343,3.12006092,101.67436981,3C:71:BF,1,wpa2,2020-06-11T02:00:00.000Z,2025-07-27T01:00:00.000Z,Kuala Lumpur,Bangsar,MY,,50614
3C:71:BF:F9:2C:DD,GAZ0327,3.11919427,101.67360687,3C:71:BF,1,wpa2,2025-06-30T14:00:00.000Z,2025-07-27T01:00:00.000Z,Kuala Lumpur,Bangsar,MY,,50614
3C:71:BF:F9:41:ED,ESP_F941ED,36.13246918,-115.15750885,3C:71:BF,1,unknown,2026-08-07T21:00:00.000Z,2026-08-07T23:00:00.000Z,,NV,US,LVCC Loop,89104-2530
3C:71:BF:F9:4C:A9,GAZ0334,3.11916041,101.67384338,3C:71:BF,1,wpa2,2024-03-10T11:00:00.000Z,2025-07-27T01:00:00.000Z,Kuala Lumpur,Seputeh,MY,Medan Syed Putra Selatan,50614
3C:71:BF:F9:53:39,LM4-1802,-37.89762115,145.26853943,3C:71:BF,6,unknown,2025-09-01T07:00:00.000Z,2025-10-25T00:00:00.000Z,Melbourne,Victoria,AU,Ferny Creek Trail,3156
3C:71:BF:F9:56:91,Maquete,-29.33311653,-49.7254715,3C:71:BF,1,unknown,2025-04-28T10:00:00.000Z,2025-04-28T03:00:00.000Z,,Rio Grande do Sul,BR,Avenida Benjamin Constant,95560-000
3C:71:BF:F9:71:79,GAZ0275,3.14793611,101.71503448,3C:71:BF,1,wpa2,2024-08-08T01:00:00.000Z,2025-06-15T17:00:00.000Z,Kuala Lumpur,Kampung Dollah,MY,Jalan Bukit Bintang,50540
3C:71:BF:F9:E6:CD,GAZ0331,3.11948442,101.67409515,3C:71:BF,1,wpa2,2020-06-11T02:00:00.000Z,2025-07-27T01:00:00.000Z,Kuala Lumpur,Bangsar,MY,Jalan Bangsar,59200
3C:71:BF:FA:85:D4,Jefferton_IoT,34.13465881,-118.35797882,3C:71:BF,6,unknown,2023-06-21T18:00:00.000Z,2025-09-06T11:00:00.000Z,Los Angeles,CA,US,Hollywood Freeway,91608
3C:71:BF:FA:8A:40,,39.95639038,-86.08493042,3C:71:BF,0,unknown,2024-09-17T02:00:00.000Z,2025-07-16T18:00:00.000Z,,IN,US,Woodcreek Drive,46033
3C:71:BF:FA:EB:7D,Traeger-EB7D,44.65924072,-90.17469025,3C:71:BF,5,wpa2,2026-07-10T13:00:00.000Z,2026-07-11T18:00:00.000Z,,WI,US,East 8th Street,54449
3C:71:BF:FA:F5:C5,Traeger-F5C5,39.38594818,-119.65653992,3C:71:BF,5,wpa2,2023-08-09T16:00:00.000Z,2025-06-06T23:00:00.000Z,,NV,US,Cartwright Road,
3C:71:BF:FA:F6:2D,Traeger-F62D,39.34631729,-77.83230591,3C:71:BF,5,wpa2,2023-04-24T14:00:00.000Z,2025-06-15T09:00:00.000Z,,WV,US,Flowing Springs Road,25442
3C:71:BF:FA:F7:C9,Traeger-F7C9,32.93830109,-111.72024536,3C:71:BF,5,wpa2,2023-02-24T11:00:00.000Z,2026-08-04T17:00:00.000Z,,AZ,US,East McCartney Road,85122
3C:71:BF:FB:01:D5,Traeger-01D5,34.62311554,-98.13226318,3C:71:BF,5,wpa2,2026-05-10T20:00:00.000Z,2026-05-10T19:00:00.000Z,,OK,US,Blackburn Road,
3C:71:BF:FB:03:25,Traeger-0325,39.2154007,-89.95415497,3C:71:BF,5,wpa2,2025-02-27T18:00:00.000Z,2025-05-05T08:00:00.000Z,,IL,US,Shipman Road,62685
3C:71:BF:FB:03:29,Traeger-0329,47.59445572,-120.66322327,3C:71:BF,5,wpa2,2024-08-09T21:00:00.000Z,2026-07-05T16:00:00.000Z,,WA,US,Front Street,98826
3C:71:BF:FB:22:6D,Traeger-226D,40.24009705,-76.13599396,3C:71:BF,5,wpa2,2021-10-24T17:00:00.000Z,2026-06-12T12:00:00.000Z,,PA,US,Pennsylvania Turnpike,17517
3C:71:BF:FB:84:A5,FAN30003448,45.41425323,10.97955799,3C:71:BF,1,unknown,2026-01-05T08:00:00.000Z,2026-01-05T00:00:00.000Z,Verona,Veneto,IT,Viale del Lavoro,37136
3C:71:BF:FC:03:0D,my-FC030C,46.52777481,6.60686779,3C:71:BF,1,unknown,2025-03-29T13:00:00.000Z,2025-03-29T07:00:00.000Z,Lausanne,Vaud,CH,Chemin de Renens,1004
3C:71:BF:FC:22:81,my-FC2280,47.54483032,7.61757183,3C:71:BF,1,unknown,2024-01-06T16:00:00.000Z,2025-03-23T05:00:00.000Z,Basel,Basel-Stadt,CH,Ulmenweglein,4127
3C:71:BF:FC:BD:25,NukiHub,53.04562378,8.86385059,3C:71:BF,1,wpa2,2025-05-17T17:00:00.000Z,2025-05-18T12:00:00.000Z,Bremen,Bremen,DE,Deichland,28279
3C:71:BF:FD:0B:41,CERVEAU079,25.67148209,-100.08070374,3C:71:BF,1,wpa2,2024-12-18T00:00:00.000Z,2024-12-18T17:00:00.000Z,,Nuevo León,MX,Periférico Monterrey,67258
3C:71:BF:FD:0E:D9,Marina,27.0977211,56.45252991,3C:71:BF,1,wpa2,2026-02-09T18:00:00.000Z,2026-02-09T11:00:00.000Z,,استان هرمزگان,IR,,
3C:71:BF:FD:2E:E0,BTN_METROCOOP,9.91071033,-84.08580017,3C:71:BF,9,unknown,2025-07-28T17:00:00.000Z,2025-08-12T17:00:00.000Z,,Provincia San José,CR,Avenida 52,10111
3C:71:BF:FD:43:25,Van-Max19,33.88283157,-117.58846283,3C:71:BF,1,wpa2,2024-07-29T18:00:00.000Z,2025-02-21T17:00:00.000Z,Corona,CA,US,Pomona Road,92880-6970
3C:71:BF:FD:8A:4D,WLED-AP,35.65462875,-105.99655151,3C:71:BF,1,unknown,2024-10-13T17:00:00.000Z,2024-10-13T13:00:00.000Z,Santa Fe,NM,US,Rufina Circle,87507
3C:71:BF:FE:F1:DD,,-18.96112061,-48.29489899,3C:71:BF,13,unknown,2025-05-21T22:00:00.000Z,2025-05-28T11:00:00.000Z,Uberlândia,Minas Gerais,BR,Avenida Olímpio Oliveira de Freitas,38411-598
3C:71:BF:FF:24:C5,,-18.92075729,-48.30246735,3C:71:BF,13,unknown,2025-05-30T13:00:00.000Z,2025-07-01T18:00:00.000Z,Uberlândia,Minas Gerais,BR,Ciclovia de Lazer,38400-328
3C:71:BF:FF:26:ED,,-8.04421329,-34.93224716,3C:71:BF,13,none,2025-12-30T14:00:00.000Z,2026-03-06T16:00:00.000Z,Recife,Pernambuco,BR,Corredor Exclusivo BRT Leste - Oeste,50731-900
3C:71:BF:FF:2F:DD,,-8.02417755,-34.96184158,3C:71:BF,13,none,2026-07-03T03:00:00.000Z,2026-07-15T20:00:00.000Z,Recife,Pernambuco,BR,Avenida Joaquim Ribeiro,50980-427
3C:71:BF:FF:37:79,,-8.12062263,-34.8960762,3C:71:BF,13,unknown,2026-05-20T11:00:00.000Z,2026-05-24T13:00:00.000Z,Recife,Pernambuco,BR,Rua dos Navegantes,51021-010
3C:71:BF:FF:3E:E1,,-18.88480186,-48.26667023,3C:71:BF,13,unknown,2025-05-28T17:00:00.000Z,2025-09-11T05:00:00.000Z,Uberlândia,Minas Gerais,BR,Rua Padre Américo Ceppi,38400-734
3C:71:BF:FF:40:DD,,-18.96951866,-48.36576462,3C:71:BF,13,unknown,2025-05-21T21:00:00.000Z,2025-05-29T12:00:00.000Z,Uberlândia,Minas Gerais,BR,Anel Viário,38421637
3C:71:BF:FF:4C:A5,,-8.13272095,-34.91449356,3C:71:BF,13,unknown,2026-08-06T11:00:00.000Z,2026-08-06T19:00:00.000Z,Recife,Pernambuco,BR,Rua Barão de Souza Leão,51030-300
3C:71:BF:FF:55:55,,-18.8995285,-48.24157715,3C:71:BF,13,unknown,2025-05-19T17:00:00.000Z,2025-06-06T11:00:00.000Z,Uberlândia,Minas Gerais,BR,Rua Florestano de Macedo,38400-722
3C:71:BF:FF:59:4D,Kapunyito Hotspot,47.52467728,19.13554001,3C:71:BF,1,wpa2,2025-03-18T15:00:00.000Z,2025-03-18T13:00:00.000Z,,Budapest,HU,Paskál utca,1141
3C:71:BF:FF:5B:9D,T-Printer 32,53.94626999,27.69440842,3C:71:BF,1,wpa2,2024-12-19T13:00:00.000Z,2024-12-25T10:00:00.000Z,Минск,Уручье,BY,проспект Независимости,220141
3C:71:BF:FF:73:35,ESP32Radio,55.18528366,30.1902256,3C:71:BF,11,wpa2,2024-10-25T20:00:00.000Z,2024-10-25T13:00:00.000Z,Витебск,Витебская область,BY,улица Генерала Белобородова,210024
3C:71:BF:FF:86:01,Ilmastointilaite,61.45501709,23.84942245,3C:71:BF,1,wpa2,2024-06-29T13:00:00.000Z,2024-09-11T05:00:00.000Z,Tampere,Manner-Suomi,FI,Tieteenkatu,33720
3C:71:BF:FF:EB:A1,Traeger-EBA1,38.65800095,-121.75261688,3C:71:BF,5,wpa2,2024-09-22T18:00:00.000Z,2026-04-19T18:00:00.000Z,,CA,US,Vic Fazio Highway,95776
3C:71:BF:FF:EB:CD,Traeger-EBCD,37.62656784,-77.37796783,3C:71:BF,5,wpa2,2025-10-13T12:00:00.000Z,2026-05-19T13:00:00.000Z,,VA,US,North Mayfield Lane,23111
3C:71:BF:FF:ED:BD,Traeger-EDBD,47.11893463,-119.27436829,3C:71:BF,5,wpa2,2025-08-28T20:00:00.000Z,2025-08-29T12:00:00.000Z,Moses Lake,WA,US,South Division Street,98837
3C:71:BF:FF:EE:A5,Traeger-EEA5,30.11834717,-81.60879517,3C:71:BF,5,wpa2,2024-12-09T21:00:00.000Z,2024-12-11T19:00:00.000Z,,FL,US,Race Track Road,32259
3C:71:BF:FF:EE:E5,Traeger-EEE5,34.21717453,-118.19224548,3C:71:BF,5,wpa2,2026-07-16T14:00:00.000Z,2026-07-16T08:00:00.000Z,,CA,US,Angeles Crest Highway,91011
3C:71:BF:FF:EF:A1,Traeger-EFA1,29.59541512,-98.59275818,3C:71:BF,5,wpa2,2025-08-23T03:00:00.000Z,2025-08-22T22:00:00.000Z,San Antonio,TX,US,North Loop 1604 West,78257
3C:71:BF:FF:EF:E1,Traeger-EFE1,41.27772903,-96.00959778,3C:71:BF,5,wpa2,2025-10-02T08:00:00.000Z,2025-10-02T04:00:00.000Z,Omaha,NE,US,Blondo Street,68164
3C:71:BF:FF:F2:85,Traeger-F285,35.56283569,-97.68589783,3C:71:BF,5,wpa2,2025-10-19T14:00:00.000Z,2025-10-19T08:00:00.000Z,Oklahoma City,OK,US,Anaum Lane,73123
3C:71:BF:FF:F3:9D,Traeger-F39D,43.87131119,-91.26986694,3C:71:BF,5,wpa2,2026-01-13T16:00:00.000Z,2026-01-16T14:00:00.000Z,,WI,US,Lakeshore Drive,54603
3C:71:BF:FF:F3:C1,Traeger-F3C1,44.89327621,-93.04962921,3C:71:BF,5,wpa2,2021-11-02T21:00:00.000Z,2026-06-21T20:00:00.000Z,,MN,US,13th Avenue North,55075
3C:71:BF:FF:F4:05,Traeger-F405,47.14023972,-122.37522888,3C:71:BF,5,wpa2,2021-02-28T22:00:00.000Z,2026-05-07T18:00:00.000Z,,WA,US,128th Street East,98373-4263
3C:71:BF:FF:F7:91,Traeger-F791,33.39901733,-111.61539459,3C:71:BF,5,wpa2,2023-01-28T13:00:00.000Z,2025-03-05T19:00:00.000Z,Mesa,AZ,US,East Delta Avenue,85208
3C:71:BF:FF:F9:C5,Traeger-F9C5,32.87213135,-96.47472382,3C:71:BF,5,wpa2,2025-11-27T21:00:00.000Z,2025-11-27T14:00:00.000Z,Rockwall,TX,US,Ridge Road,75032
3C:71:BF:FF:F9:E1,Traeger-F9E1,45.58298492,-122.33296204,3C:71:BF,5,wpa2,2026-05-09T17:00:00.000Z,2026-05-13T17:00:00.000Z,,WA,US,I Street,98671
3C:71:BF:FF:F9:ED,Traeger-F9ED,33.49343491,-112.37303162,3C:71:BF,5,wpa2,2023-12-07T00:00:00.000Z,2025-08-30T13:00:00.000Z,,AZ,US,West Wigwam Boulevard,85340
3C:71:BF:FF:FA:D9,Traeger-FAD9,38.59096909,-75.28857422,3C:71:BF,5,wpa2,2026-08-10T12:00:00.000Z,2026-08-10T20:00:00.000Z,,DE,US,East State Street,19966
