{
  "type": "FeatureCollection",
  "features": [
    {
      "type": "Feature",
      "geometry": {
        "type": "Point",
        "coordinates": [
          -1.34126544,
          54.58808136
        ]
      },
      "properties": {
        "netid": "48:27:EA:00:DE:2F",
        "ssid": "AndroidAP1371",
        "oui": "48:27:EA",
        "channel": 6,
        "encryption": "wpa2",
        "firsttime": "2024-10-08T16:00:00.000Z",
        "lasttime": "2025-02-07T08:00:00.000Z",
        "city": null,
        "region": "England",
        "country": "GB",
        "road": "Redhill Road",
        "postalcode": "TS19 9BX"
      }
    },
    {
      "type": "Feature",
      "geometry": {
        "type": "Point",
        "coordinates": [
          -1.80221534,
          53.8150177
        ]
      },
      "properties": {
        "netid": "48:27:EA:00:EA:53",
        "ssid": "Galaxy A3",
        "oui": "48:27:EA",
        "channel": 1,
        "encryption": "wpa2",
        "firsttime": "2024-10-09T14:00:00.000Z",
        "lasttime": "2024-10-09T08:00:00.000Z",
        "city": "Bradford",
        "region": "England",
        "country": "GB",
        "road": "Haworth Road",
        "postalcode": "BD9 6HZ"
      }
    },
    {
      "type": "Feature",
      "geometry": {
        "type": "Point",
        "coordinates": [
          7.6338129,
          51.21463394
        ]
      },
      "properties": {
        "netid": "48:27:EA:00:ED:87",
        "ssid": "HeXeFrEeA3",
        "oui": "48:27:EA",
        "channel": 1,
        "encryption": "wpa2",
        "firsttime": "2024-11-29T11:00:00.000Z",
        "lasttime": "2024-11-29T13:00:00.000Z",
        "city": null,
        "region": "Nordrhein-Westfalen",
        "country": "DE",
        "road": "Turmstra\u00dfe",
        "postalcode": "58511"
      }
    },
    {
      "type": "Feature",
      "geometry": {
        "type": "Point",
        "coordinates": [
          12.40626907,
          51.34547424
        ]
      },
      "properties": {
        "netid": "48:27:EA:04:62:CD",
        "ssid": "Mimo",
        "oui": "48:27:EA",
        "channel": 4,
        "encryption": "wpa2",
        "firsttime": "2025-03-02T19:00:00.000Z",
        "lasttime": "2025-04-15T19:00:00.000Z",
        "city": "Leipzig",
        "region": "Sachsen",
        "country": "DE",
        "road": "Eisenbahnstra\u00dfe",
        "postalcode": "04315"
      }
    },
    {
      "type": "Feature",
      "geometry": {
        "type": "Point",
        "coordinates": [
          11.58939743,
          48.44538116
        ]
      },
      "properties": {
        "netid": "48:27:EA:04:6C:A7",
        "ssid": "AndroidAP6CA7",
        "oui": "48:27:EA",
        "channel": 1,
        "encryption": "wpa2",
        "firsttime": "2025-10-18T01:00:00.000Z",
        "lasttime": "2025-10-18T03:00:00.000Z",
        "city": "Allershausen",
        "region": "Bayern",
        "country": "DE",
        "road": "A 9",
        "postalcode": "85391"
      }
    },
    {
      "type": "Feature",
      "geometry": {
        "type": "Point",
        "coordinates": [
          14.30180931,
          48.29069138
        ]
      },
      "properties": {
        "netid": "48:27:EA:05:22:6B",
        "ssid": "hoferdose",
        "oui": "48:27:EA",
        "channel": 11,
        "encryption": "wpa2",
        "firsttime": "2025-07-04T14:00:00.000Z",
        "lasttime": "2025-07-04T11:00:00.000Z",
        "city": "Linz",
        "region": "Ober\u00f6sterreich",
        "country": "AT",
        "road": "Lenaustra\u00dfe",
        "postalcode": "4020"
      }
    },
    {
      "type": "Feature",
      "geometry": {
        "type": "Point",
        "coordinates": [
          19.51753044,
          41.27175522
        ]
      },
      "properties": {
        "netid": "48:27:EA:05:25:D7",
        "ssid": "AndroidAP",
        "oui": "48:27:EA",
        "channel": 6,
        "encryption": "wpa2",
        "firsttime": "2025-08-09T21:00:00.000Z",
        "lasttime": "2025-08-10T00:00:00.000Z",
        "city": "Bashkia Durr\u00ebs",
        "region": "Shqip\u00ebria Veriore",
        "country": "AL",
        "road": "Rruga Liria",
        "postalcode": "2021"
      }
    },
    {
      "type": "Feature",
      "geometry": {
        "type": "Point",
        "coordinates": [
          4.87929773,
          52.35071182
        ]
      },
      "properties": {
        "netid": "48:27:EA:05:7E:BB",
        "ssid": "AndroidAP7EBB",
        "oui": "48:27:EA",
        "channel": 11,
        "encryption": "wpa2",
        "firsttime": "2026-02-11T15:00:00.000Z",
        "lasttime": "2026-02-11T08:00:00.000Z",
        "city": "Amsterdam",
        "region": "Noord-Holland",
        "country": "NL",
        "road": "Apollolaan",
        "postalcode": "1077BD"
      }
    },
    {
      "type": "Feature",
      "geometry": {
        "type": "Point",
        "coordinates": [
          8.8628149,
          45.80809021
        ]
      },
      "properties": {
        "netid": "48:27:EA:05:8F:C7",
        "ssid": "AndroidAP",
        "oui": "48:27:EA",
        "channel": 6,
        "encryption": "wpa2",
        "firsttime": "2025-09-20T12:00:00.000Z",
        "lasttime": "2025-09-20T07:00:00.000Z",
        "city": "Varese",
        "region": "Lombardia",
        "country": "IT",
        "road": "Viale Belforte",
        "postalcode": "21100"
      }
    },
    {
      "type": "Feature",
      "geometry": {
        "type": "Point",
        "coordinates": [
          12.50060844,
          41.93927002
        ]
      },
      "properties": {
        "netid": "48:27:EA:05:96:77",
        "ssid": "AndroidAP9677",
        "oui": "48:27:EA",
        "channel": 6,
        "encryption": "wpa2",
        "firsttime": "2025-06-14T00:00:00.000Z",
        "lasttime": "2025-06-14T21:00:00.000Z",
        "city": "Roma",
        "region": "Lazio",
        "country": "IT",
        "road": "Via del Foro Italico",
        "postalcode": "00199"
      }
    },
    {
      "type": "Feature",
      "geometry": {
        "type": "Point",
        "coordinates": [
          29.02623558,
          40.9913063
        ]
      },
      "properties": {
        "netid": "48:27:EA:05:A5:BB",
        "ssid": "AndroidAP",
        "oui": "48:27:EA",
        "channel": 6,
        "encryption": "wpa2",
        "firsttime": "2024-12-13T14:00:00.000Z",
        "lasttime": "2024-12-16T12:00:00.000Z",
        "city": null,
        "region": "Marmara B\u00f6lgesi",
        "country": "TR",
        "road": "Ba\u015f\u00e7avu\u015f Soka\u011f\u0131",
        "postalcode": "34714"
      }
    },
    {
      "type": "Feature",
      "geometry": {
        "type": "Point",
        "coordinates": [
          30.88618851,
          36.944664
        ]
      },
      "properties": {
        "netid": "48:27:EA:05:E1:13",
        "ssid": "AndroidAP",
        "oui": "48:27:EA",
        "channel": 1,
        "encryption": "wpa2",
        "firsttime": "2024-09-28T12:00:00.000Z",
        "lasttime": "2024-09-30T00:00:00.000Z",
        "city": null,
        "region": "Akdeniz B\u00f6lgesi",
        "country": "TR",
        "road": "Antalya - Mersin Yolu",
        "postalcode": "07541"
      }
    },
    {
      "type": "Feature",
      "geometry": {
        "type": "Point",
        "coordinates": [
          175.67001343,
          -37.9394722
        ]
      },
      "properties": {
        "netid": "48:27:EA:07:2B:B9",
        "ssid": "AndroidAP2BB9",
        "oui": "48:27:EA",
        "channel": 1,
        "encryption": "wpa2",
        "firsttime": "2024-12-01T22:00:00.000Z",
        "lasttime": "2024-12-02T16:00:00.000Z",
        "city": null,
        "region": "Waikato",
        "country": "NZ",
        "road": "State Highway 29",
        "postalcode": "3494"
      }
    },
    {
      "type": "Feature",
      "geometry": {
        "type": "Point",
        "coordinates": [
          9.57925415,
          53.50806046
        ]
      },
      "properties": {
        "netid": "48:27:EA:07:51:EF",
        "ssid": "AndroidAP51EF",
        "oui": "48:27:EA",
        "channel": 1,
        "encryption": "unknown",
        "firsttime": "2025-12-30T11:00:00.000Z",
        "lasttime": "2025-12-30T09:00:00.000Z",
        "city": null,
        "region": "Niedersachsen",
        "country": "DE",
        "road": "Im Kleinen Sande",
        "postalcode": "21640"
      }
    },
    {
      "type": "Feature",
      "geometry": {
        "type": "Point",
        "coordinates": [
          16.3470993,
          48.17287064
        ]
      },
      "properties": {
        "netid": "48:27:EA:07:64:61",
        "ssid": "AndroidAP",
        "oui": "48:27:EA",
        "channel": 1,
        "encryption": "wpa2",
        "firsttime": "2023-02-27T12:00:00.000Z",
        "lasttime": "2026-05-22T06:00:00.000Z",
        "city": "Wien",
        "region": "Fuchsenfeld",
        "country": "AT",
        "road": "Karplusgasse",
        "postalcode": "1120"
      }
    },
    {
      "type": "Feature",
      "geometry": {
        "type": "Point",
        "coordinates": [
          32.42944336,
          34.83530426
        ]
      },
      "properties": {
        "netid": "48:27:EA:07:76:31",
        "ssid": "AndroidAP",
        "oui": "48:27:EA",
        "channel": 6,
        "encryption": "wpa2",
        "firsttime": "2026-04-18T15:00:00.000Z",
        "lasttime": "2026-04-18T11:00:00.000Z",
        "city": "\u039a\u03bf\u03b9\u03bd\u03cc\u03c4\u03b7\u03c4\u03b1 \u03a4\u03ac\u03bb\u03b1\u03c2",
        "region": "\u039d\u03cc\u03c4\u03b9\u03b1 \u039a\u03cd\u03c0\u03c1\u03bf\u03c2",
        "country": "CY",
        "road": "Leoforos Griva Digeni",
        "postalcode": "8577"
      }
    },
    {
      "type": "Feature",
      "geometry": {
        "type": "Point",
        "coordinates": [
          11.69820976,
          48.16534042
        ]
      },
      "properties": {
        "netid": "48:27:EA:08:F5:E7",
        "ssid": "Tibibusz",
        "oui": "48:27:EA",
        "channel": 11,
        "encryption": "wpa2",
        "firsttime": "2017-10-25T08:00:00.000Z",
        "lasttime": "2025-08-18T20:00:00.000Z",
        "city": null,
        "region": "Bayern",
        "country": "DE",
        "road": "M\u00fcnchner Stra\u00dfe",
        "postalcode": "85609"
      }
    },
    {
      "type": "Feature",
      "geometry": {
        "type": "Point",
        "coordinates": [
          18.91256714,
          50.30506516
        ]
      },
      "properties": {
        "netid": "48:27:EA:08:F6:E7",
        "ssid": "AndroidAP",
        "oui": "48:27:EA",
        "channel": 1,
        "encryption": "wpa2",
        "firsttime": "2024-10-11T15:00:00.000Z",
        "lasttime": "2024-10-11T09:00:00.000Z",
        "city": "\u015awi\u0119toch\u0142owice",
        "region": "wojew\u00f3dztwo \u015bl\u0105skie",
        "country": "PL",
        "road": "Wojciecha Korfantego",
        "postalcode": "41-604"
      }
    },
    {
      "type": "Feature",
      "geometry": {
        "type": "Point",
        "coordinates": [
          7.41300297,
          46.92074585
        ]
      },
      "properties": {
        "netid": "48:27:EA:08:F8:73",
        "ssid": "Androidd",
        "oui": "48:27:EA",
        "channel": 1,
        "encryption": "wpa2",
        "firsttime": "2023-11-30T18:00:00.000Z",
        "lasttime": "2025-01-19T05:00:00.000Z",
        "city": null,
        "region": "Bern/Berne",
        "country": "CH",
        "road": "Schwarzenburgstrasse",
        "postalcode": "3098"
      }
    },
    {
      "type": "Feature",
      "geometry": {
        "type": "Point",
        "coordinates": [
          19.07232857,
          47.65461349
        ]
      },
      "properties": {
        "netid": "48:27:EA:09:0A:71",
        "ssid": "AndroidAP5864",
        "oui": "48:27:EA",
        "channel": 11,
        "encryption": "wpa2",
        "firsttime": "2025-12-18T12:00:00.000Z",
        "lasttime": "2025-12-19T08:00:00.000Z",
        "city": null,
        "region": "K\u00f6z\u00e9p-Magyarorsz\u00e1g",
        "country": "HU",
        "road": "R\u00f3zsa utca",
        "postalcode": "2000"
      }
    },
    {
      "type": "Feature",
      "geometry": {
        "type": "Point",
        "coordinates": [
          12.18327713,
          55.52556992
        ]
      },
      "properties": {
        "netid": "48:27:EA:09:0B:6D",
        "ssid": "AndroidAP0B6D",
        "oui": "48:27:EA",
        "channel": 1,
        "encryption": "wpa2",
        "firsttime": "2020-03-03T15:00:00.000Z",
        "lasttime": "2025-10-16T02:00:00.000Z",
        "city": null,
        "region": "Region Sj\u00e6lland",
        "country": "DK",
        "road": "Lisagerstien",
        "postalcode": "2680"
      }
    },
    {
      "type": "Feature",
      "geometry": {
        "type": "Point",
        "coordinates": [
          2.17180896,
          41.38293457
        ]
      },
      "properties": {
        "netid": "48:27:EA:09:BF:CB",
        "ssid": "AndroidAP",
        "oui": "48:27:EA",
        "channel": 6,
        "encryption": "wpa2",
        "firsttime": "2024-12-31T18:00:00.000Z",
        "lasttime": "2024-12-31T11:00:00.000Z",
        "city": "Barcelona",
        "region": "Catalunya",
        "country": "ES",
        "road": "La Rambla",
        "postalcode": "08002"
      }
    },
    {
      "type": "Feature",
      "geometry": {
        "type": "Point",
        "coordinates": [
          10.84884548,
          49.31508636
        ]
      },
      "properties": {
        "netid": "48:27:EA:09:CF:B7",
        "ssid": "Izabr ",
        "oui": "48:27:EA",
        "channel": 11,
        "encryption": "wpa2",
        "firsttime": "2022-02-27T23:00:00.000Z",
        "lasttime": "2025-06-04T05:00:00.000Z",
        "city": "Heilsbronn",
        "region": "Bayern",
        "country": "DE",
        "road": "A 6",
        "postalcode": "91560"
      }
    },
    {
      "type": "Feature",
      "geometry": {
        "type": "Point",
        "coordinates": [
          19.04487228,
          47.50562286
        ]
      },
      "properties": {
        "netid": "48:27:EA:0A:3E:F3",
        "ssid": "AndroidHotspot3836",
        "oui": "48:27:EA",
        "channel": 6,
        "encryption": "wpa2",
        "firsttime": "2024-06-11T20:00:00.000Z",
        "lasttime": "2024-09-10T09:00:00.000Z",
        "city": null,
        "region": "Budapest",
        "country": "HU",
        "road": "Id. Antall J\u00f3zsef rakpart",
        "postalcode": "1055"
      }
    },
    {
      "type": "Feature",
      "geometry": {
        "type": "Point",
        "coordinates": [
          19.41558456,
          50.48490524
        ]
      },
      "properties": {
        "netid": "48:27:EA:0A:4B:A5",
        "ssid": "Majkofon",
        "oui": "48:27:EA",
        "channel": 6,
        "encryption": "wpa2",
        "firsttime": "2026-06-27T18:00:00.000Z",
        "lasttime": "2026-06-27T13:00:00.000Z",
        "city": null,
        "region": "wojew\u00f3dztwo \u015bl\u0105skie",
        "country": "PL",
        "road": "Obro\u0144c\u00f3w Poczty Gda\u0144skiej",
        "postalcode": "42-400"
      }
    },
    {
      "type": "Feature",
      "geometry": {
        "type": "Point",
        "coordinates": [
          105.84877014,
          21.0361824
        ]
      },
      "properties": {
        "netid": "48:27:EA:0A:B4:EF",
        "ssid": "AndroidAPB4EF",
        "oui": "48:27:EA",
        "channel": 2,
        "encryption": "wpa2",
        "firsttime": "2026-04-12T11:00:00.000Z",
        "lasttime": "2026-04-12T07:00:00.000Z",
        "city": "Th\u00e0nh ph\u1ed1 H\u00e0 N\u1ed9i",
        "region": "Ph\u01b0\u1eddng H\u00e0ng B\u1ed3",
        "country": "VN",
        "road": "Ph\u1ed1 H\u00e0ng C\u00e1",
        "postalcode": "111501"
      }
    },
    {
      "type": "Feature",
      "geometry": {
        "type": "Point",
        "coordinates": [
          1.94143164,
          47.90436172
        ]
      },
      "properties": {
        "netid": "48:27:EA:0B:C2:05",
        "ssid": "AndroidHotspot7535",
        "oui": "48:27:EA",
        "channel": 6,
        "encryption": "wpa2",
        "firsttime": "2025-08-25T13:00:00.000Z",
        "lasttime": "2025-10-02T04:00:00.000Z",
        "city": "Saint-Jean-de-Braye",
        "region": "Centre-Val de Loire",
        "country": "FR",
        "road": "Avenue Charles P\u00e9guy",
        "postalcode": "45800"
      }
    },
    {
      "type": "Feature",
      "geometry": {
        "type": "Point",
        "coordinates": [
          6.91385603,
          50.94483185
        ]
      },
      "properties": {
        "netid": "48:27:EA:0C:7D:B9",
        "ssid": "Speak Friend",
        "oui": "48:27:EA",
        "channel": 4,
        "encryption": "wpa2",
        "firsttime": "2026-06-12T14:00:00.000Z",
        "lasttime": "2026-09-03T01:00:00.000Z",
        "city": "K\u00f6ln",
        "region": "Nordrhein-Westfalen",
        "country": "DE",
        "road": "Weinsbergstra\u00dfe",
        "postalcode": "50823"
      }
    },
    {
      "type": "Feature",
      "geometry": {
        "type": "Point",
        "coordinates": [
          28.99849129,
          41.03939056
        ]
      },
      "properties": {
        "netid": "48:27:EA:0C:AB:D1",
        "ssid": "AndroidAPABD1",
        "oui": "48:27:EA",
        "channel": 2,
        "encryption": "wpa2",
        "firsttime": "2025-05-11T10:00:00.000Z",
        "lasttime": "2025-05-11T09:00:00.000Z",
        "city": null,
        "region": "Marmara B\u00f6lgesi",
        "country": "TR",
        "road": "Dolmabah\u00e7e Caddesi",
        "postalcode": "34357"
      }
    },
    {
      "type": "Feature",
      "geometry": {
        "type": "Point",
        "coordinates": [
          28.36388588,
          37.08593369
        ]
      },
      "properties": {
        "netid": "48:27:EA:0D:A5:29",
        "ssid": ".",
        "oui": "48:27:EA",
        "channel": 6,
        "encryption": "wpa2",
        "firsttime": "2025-11-27T15:00:00.000Z",
        "lasttime": "2025-11-27T08:00:00.000Z",
        "city": null,
        "region": "Ege B\u00f6lgesi",
        "country": "TR",
        "road": "Mu\u011fla - Fethiye Yolu",
        "postalcode": "48640"
      }
    },
    {
      "type": "Feature",
      "geometry": {
        "type": "Point",
        "coordinates": [
          -71.54011536,
          -16.40233421
        ]
      },
      "properties": {
        "netid": "48:27:EA:0D:D4:51",
        "ssid": "SamsungJ9",
        "oui": "48:27:EA",
        "channel": 11,
        "encryption": "wpa2",
        "firsttime": "2024-11-28T00:00:00.000Z",
        "lasttime": "2024-11-27T17:00:00.000Z",
        "city": "Arequipa",
        "region": "Arequipa",
        "country": "PE",
        "road": "Calle Sucre",
        "postalcode": "54"
      }
    },
    {
      "type": "Feature",
      "geometry": {
        "type": "Point",
        "coordinates": [
          23.14185524,
          53.11901093
        ]
      },
      "properties": {
        "netid": "48:27:EA:0E:82:CB",
        "ssid": "AndroidAP",
        "oui": "48:27:EA",
        "channel": 11,
        "encryption": "wpa2",
        "firsttime": "2025-07-31T07:00:00.000Z",
        "lasttime": "2025-12-01T08:00:00.000Z",
        "city": null,
        "region": "wojew\u00f3dztwo podlaskie",
        "country": "PL",
        "road": "Pogodna",
        "postalcode": "15-354"
      }
    },
    {
      "type": "Feature",
      "geometry": {
        "type": "Point",
        "coordinates": [
          22.29266357,
          52.16704178
        ]
      },
      "properties": {
        "netid": "48:27:EA:0E:9B:05",
        "ssid": "AndroidAP9B05",
        "oui": "48:27:EA",
        "channel": 1,
        "encryption": "wpa2",
        "firsttime": "2025-07-06T17:00:00.000Z",
        "lasttime": "2025-07-07T12:00:00.000Z",
        "city": "Siedlce",
        "region": "wojew\u00f3dztwo mazowieckie",
        "country": "PL",
        "road": "Starowiejska",
        "postalcode": "08-100"
      }
    },
    {
      "type": "Feature",
      "geometry": {
        "type": "Point",
        "coordinates": [
          13.93820953,
          51.15997696
        ]
      },
      "properties": {
        "netid": "48:27:EA:0E:9C:F1",
        "ssid": "AndroidAP9CF1",
        "oui": "48:27:EA",
        "channel": 11,
        "encryption": "wpa2",
        "firsttime": "2024-10-08T07:00:00.000Z",
        "lasttime": "2025-01-21T11:00:00.000Z",
        "city": null,
        "region": "Sachsen",
        "country": "DE",
        "road": "A 4",
        "postalcode": "01454"
      }
    },
    {
      "type": "Feature",
      "geometry": {
        "type": "Point",
        "coordinates": [
          49.73228836,
          34.11429596
        ]
      },
      "properties": {
        "netid": "48:27:EA:0F:10:39",
        "ssid": "AndroidAP1039",
        "oui": "48:27:EA",
        "channel": 6,
        "encryption": "wpa2",
        "firsttime": "2024-11-26T10:00:00.000Z",
        "lasttime": "2024-11-26T03:00:00.000Z",
        "city": "\u0634\u0647\u0631 \u0627\u0631\u0627\u06a9",
        "region": "\u0627\u0633\u062a\u0627\u0646 \u0645\u0631\u06a9\u0632\u06cc",
        "country": "IR",
        "road": "\u062c\u0648\u0627\u0646\u0647",
        "postalcode": "3818653333"
      }
    },
    {
      "type": "Feature",
      "geometry": {
        "type": "Point",
        "coordinates": [
          103.75322723,
          1.31474352
        ]
      },
      "properties": {
        "netid": "48:27:EA:0F:1C:E7",
        "ssid": "AndroidAP1CE7",
        "oui": "48:27:EA",
        "channel": 11,
        "encryption": "wpa2",
        "firsttime": "2025-06-13T12:00:00.000Z",
        "lasttime": "2025-08-27T19:00:00.000Z",
        "city": null,
        "region": "Southwest",
        "country": "SG",
        "road": "West Coast Road",
        "postalcode": "127473"
      }
    },
    {
      "type": "Feature",
      "geometry": {
        "type": "Point",
        "coordinates": [
          -6.26453257,
          53.34388351
        ]
      },
      "properties": {
        "netid": "48:27:EA:0F:2D:B1",
        "ssid": "d2B00bXVuYWFiaZGkxODE",
        "oui": "48:27:EA",
        "channel": 11,
        "encryption": "unknown",
        "firsttime": "2026-03-18T19:00:00.000Z",
        "lasttime": "2026-03-18T19:00:00.000Z",
        "city": "Dublin",
        "region": "Leinster",
        "country": "IE",
        "road": "Dame Lane",
        "postalcode": "D02 R220"
      }
    },
    {
      "type": "Feature",
      "geometry": {
        "type": "Point",
        "coordinates": [
          19.01891899,
          50.25616837
        ]
      },
      "properties": {
        "netid": "48:27:EA:10:58:91",
        "ssid": "HOKUSPOKUS",
        "oui": "48:27:EA",
        "channel": 6,
        "encryption": "wpa2",
        "firsttime": "2024-11-16T12:00:00.000Z",
        "lasttime": "2024-11-16T06:00:00.000Z",
        "city": "Katowice",
        "region": "wojew\u00f3dztwo \u015bl\u0105skie",
        "country": "PL",
        "road": "Tadeusza Ko\u015bciuszki",
        "postalcode": "40-031"
      }
    },
    {
      "type": "Feature",
      "geometry": {
        "type": "Point",
        "coordinates": [
          10.16892338,
          53.50411224
        ]
      },
      "properties": {
        "netid": "48:27:EA:10:CC:A3",
        "ssid": "AndroidAP1360",
        "oui": "48:27:EA",
        "channel": 1,
        "encryption": "wpa2",
        "firsttime": "2023-10-31T20:00:00.000Z",
        "lasttime": "2026-07-17T00:00:00.000Z",
        "city": "Hamburg",
        "region": "Billwerder",
        "country": "DE",
        "road": "Billwerder Billdeich",
        "postalcode": "21033"
      }
    },
    {
      "type": "Feature",
      "geometry": {
        "type": "Point",
        "coordinates": [
          21.17379189,
          55.69555664
        ]
      },
      "properties": {
        "netid": "48:27:EA:11:EC:61",
        "ssid": "3",
        "oui": "48:27:EA",
        "channel": 11,
        "encryption": "wpa2",
        "firsttime": "2025-04-19T07:00:00.000Z",
        "lasttime": "2025-04-19T00:00:00.000Z",
        "city": "Klaip\u0117da",
        "region": "Klaip\u0117dos apskritis",
        "country": "LT",
        "road": "\u0160ilut\u0117s pl.",
        "postalcode": "91107"
      }
    },
    {
      "type": "Feature",
      "geometry": {
        "type": "Point",
        "coordinates": [
          16.4019165,
          48.26374435
        ]
      },
      "properties": {
        "netid": "48:27:EA:11:F3:AF",
        "ssid": "AndroidAPF3AF",
        "oui": "48:27:EA",
        "channel": 1,
        "encryption": "wpa2",
        "firsttime": "2024-03-27T07:00:00.000Z",
        "lasttime": "2024-10-19T06:00:00.000Z",
        "city": "Wien",
        "region": "KG Gro\u00dfjedlersdorf II",
        "country": "AT",
        "road": "Br\u00fcnner Stra\u00dfe",
        "postalcode": "1210"
      }
    },
    {
      "type": "Feature",
      "geometry": {
        "type": "Point",
        "coordinates": [
          92.88751984,
          56.02661896
        ]
      },
      "properties": {
        "netid": "48:27:EA:14:81:09",
        "ssid": "RubinBuket",
        "oui": "48:27:EA",
        "channel": 1,
        "encryption": "unknown",
        "firsttime": "2025-12-22T12:00:00.000Z",
        "lasttime": "2026-09-02T07:00:00.000Z",
        "city": "\u041a\u0440\u0430\u0441\u043d\u043e\u044f\u0440\u0441\u043a",
        "region": "\u041a\u0440\u0430\u0441\u043d\u043e\u044f\u0440\u0441\u043a\u0438\u0439 \u043a\u0440\u0430\u0439",
        "country": "RU",
        "road": "\u0443\u043b\u0438\u0446\u0430 \u0428\u0430\u0445\u0442\u0451\u0440\u043e\u0432",
        "postalcode": "660020"
      }
    },
    {
      "type": "Feature",
      "geometry": {
        "type": "Point",
        "coordinates": [
          16.60269737,
          51.04561234
        ]
      },
      "properties": {
        "netid": "48:27:EA:15:14:DD",
        "ssid": "AndroidAP",
        "oui": "48:27:EA",
        "channel": 11,
        "encryption": "wpa2",
        "firsttime": "2024-09-11T11:00:00.000Z",
        "lasttime": "2024-09-13T13:00:00.000Z",
        "city": null,
        "region": "wojew\u00f3dztwo dolno\u015bl\u0105skie",
        "country": "PL",
        "road": null,
        "postalcode": "55-311"
      }
    },
    {
      "type": "Feature",
      "geometry": {
        "type": "Point",
        "coordinates": [
          15.77909851,
          43.75882721
        ]
      },
      "properties": {
        "netid": "48:27:EA:15:15:23",
        "ssid": "Zera",
        "oui": "48:27:EA",
        "channel": 6,
        "encryption": "wpa2",
        "firsttime": "2026-08-20T19:00:00.000Z",
        "lasttime": "2026-08-20T16:00:00.000Z",
        "city": null,
        "region": "\u0160ibensko-kninska \u017eupanija",
        "country": "HR",
        "road": "Artina ulica",
        "postalcode": "22211"
      }
    },
    {
      "type": "Feature",
      "geometry": {
        "type": "Point",
        "coordinates": [
          10.92608356,
          52.28108978
        ]
      },
      "properties": {
        "netid": "48:27:EA:15:1F:A1",
        "ssid": "AndroidAP",
        "oui": "48:27:EA",
        "channel": 6,
        "encryption": "wpa2",
        "firsttime": "2022-05-11T13:00:00.000Z",
        "lasttime": "2026-04-01T11:00:00.000Z",
        "city": null,
        "region": "Niedersachsen",
        "country": "DE",
        "road": "A 2",
        "postalcode": "38350"
      }
    },
    {
      "type": "Feature",
      "geometry": {
        "type": "Point",
        "coordinates": [
          16.58247757,
          52.0615654
        ]
      },
      "properties": {
        "netid": "48:27:EA:15:27:FB",
        "ssid": "AndroidAP",
        "oui": "48:27:EA",
        "channel": 11,
        "encryption": "wpa2",
        "firsttime": "2025-04-17T07:00:00.000Z",
        "lasttime": "2025-04-17T01:00:00.000Z",
        "city": null,
        "region": "wojew\u00f3dztwo wielkopolskie",
        "country": "PL",
        "road": "S5",
        "postalcode": "64-000"
      }
    },
    {
      "type": "Feature",
      "geometry": {
        "type": "Point",
        "coordinates": [
          -8.98524284,
          53.29193878
        ]
      },
      "properties": {
        "netid": "48:27:EA:15:34:B9",
        "ssid": "AndroidAP34B9",
        "oui": "48:27:EA",
        "channel": 11,
        "encryption": "wpa2",
        "firsttime": "2025-08-26T16:00:00.000Z",
        "lasttime": "2025-08-26T10:00:00.000Z",
        "city": "Cathair na Gaillimhe",
        "region": "Connacht",
        "country": "IE",
        "road": "R339",
        "postalcode": "H91 CK18"
      }
    },
    {
      "type": "Feature",
      "geometry": {
        "type": "Point",
        "coordinates": [
          6.42541456,
          50.20563889
        ]
      },
      "properties": {
        "netid": "48:27:EA:15:3B:7D",
        "ssid": "AndroidAP3B7D",
        "oui": "48:27:EA",
        "channel": 11,
        "encryption": "wpa2",
        "firsttime": "2026-07-19T12:00:00.000Z",
        "lasttime": "2026-07-19T13:00:00.000Z",
        "city": null,
        "region": "Rheinland-Pfalz",
        "country": "DE",
        "road": "Bahnhofstra\u00dfe",
        "postalcode": "54595"
      }
    },
    {
      "type": "Feature",
      "geometry": {
        "type": "Point",
        "coordinates": [
          9.21714115,
          48.80355453
        ]
      },
      "properties": {
        "netid": "48:27:EA:15:40:55",
        "ssid": "AndroidAP4055",
        "oui": "48:27:EA",
        "channel": 11,
        "encryption": "wpa2",
        "firsttime": "2006-09-07T13:00:00.000Z",
        "lasttime": "2026-09-01T12:00:00.000Z",
        "city": "Stuttgart",
        "region": "Baden-W\u00fcrttemberg",
        "country": "DE",
        "road": "Wilhelmsplatz",
        "postalcode": "70372"
      }
    },
    {
      "type": "Feature",
      "geometry": {
        "type": "Point",
        "coordinates": [
          -54.57361984,
          -25.54993057
        ]
      },
      "properties": {
        "netid": "48:27:EA:15:58:B7",
        "ssid": "AndroidJess",
        "oui": "48:27:EA",
        "channel": 6,
        "encryption": "wpa2",
        "firsttime": "2026-05-29T01:00:00.000Z",
        "lasttime": "2026-06-20T19:00:00.000Z",
        "city": "Foz do Igua\u00e7u",
        "region": "Paran\u00e1",
        "country": "BR",
        "road": "Avenida das Cataratas",
        "postalcode": "85853000"
      }
    },
    {
      "type": "Feature",
      "geometry": {
        "type": "Point",
        "coordinates": [
          -84.18520355,
          9.94643307
        ]
      },
      "properties": {
        "netid": "48:27:EA:15:88:4B",
        "ssid": "AndroidAP",
        "oui": "48:27:EA",
        "channel": 11,
        "encryption": "wpa2",
        "firsttime": "2026-03-10T18:00:00.000Z",
        "lasttime": "2026-03-10T19:00:00.000Z",
        "city": "Pozos",
        "region": "Provincia San Jos\u00e9",
        "country": "CR",
        "road": "Avenida 31",
        "postalcode": "10903"
      }
    },
    {
      "type": "Feature",
      "geometry": {
        "type": "Point",
        "coordinates": [
          90.40065765,
          23.79198647
        ]
      },
      "properties": {
        "netid": "48:27:EA:15:BA:0D",
        "ssid": "Shakil khan",
        "oui": "48:27:EA",
        "channel": 6,
        "encryption": "wpa2",
        "firsttime": "2025-11-20T10:00:00.000Z",
        "lasttime": "2025-11-20T07:00:00.000Z",
        "city": "\u09a2\u09be\u0995\u09be",
        "region": "\u09a2\u09be\u0995\u09be \u09ac\u09bf\u09ad\u09be\u0997",
        "country": "BD",
        "road": "\u09a8\u09a4\u09c1\u09a8 \u09ac\u09bf\u09ae\u09be\u09a8\u09ac\u09a8\u09cd\u09a6\u09b0 \u09b8\u09dc\u0995",
        "postalcode": "BZHS"
      }
    },
    {
      "type": "Feature",
      "geometry": {
        "type": "Point",
        "coordinates": [
          28.94062996,
          41.03100967
        ]
      },
      "properties": {
        "netid": "48:27:EA:17:03:0D",
        "ssid": "AndroidAP",
        "oui": "48:27:EA",
        "channel": 11,
        "encryption": "wpa2",
        "firsttime": "2024-12-11T18:00:00.000Z",
        "lasttime": "2024-12-16T12:00:00.000Z",
        "city": "\u0130stanbul",
        "region": "Marmara B\u00f6lgesi",
        "country": "TR",
        "road": "Salma Tomruk Caddesi",
        "postalcode": "34087"
      }
    },
    {
      "type": "Feature",
      "geometry": {
        "type": "Point",
        "coordinates": [
          29.09033394,
          41.10736084
        ]
      },
      "properties": {
        "netid": "48:27:EA:17:1C:29",
        "ssid": "AndroidAP1C29",
        "oui": "48:27:EA",
        "channel": 11,
        "encryption": "wpa2",
        "firsttime": "2024-11-25T16:00:00.000Z",
        "lasttime": "2024-11-25T08:00:00.000Z",
        "city": null,
        "region": "Marmara B\u00f6lgesi",
        "country": "TR",
        "road": null,
        "postalcode": "34805"
      }
    },
    {
      "type": "Feature",
      "geometry": {
        "type": "Point",
        "coordinates": [
          7.56664944,
          47.84069443
        ]
      },
      "properties": {
        "netid": "48:27:EA:17:7B:FB",
        "ssid": "AndroidAP-87",
        "oui": "48:27:EA",
        "channel": 7,
        "encryption": "wpa2",
        "firsttime": "2026-03-12T15:00:00.000Z",
        "lasttime": "2026-03-14T12:00:00.000Z",
        "city": null,
        "region": "Baden-W\u00fcrttemberg",
        "country": "DE",
        "road": "A 5",
        "postalcode": "79395"
      }
    },
    {
      "type": "Feature",
      "geometry": {
        "type": "Point",
        "coordinates": [
          1.41558146,
          43.58240128
        ]
      },
      "properties": {
        "netid": "48:27:EA:17:AC:B5",
        "ssid": "AndroidAP3283",
        "oui": "48:27:EA",
        "channel": 9,
        "encryption": "wpa2",
        "firsttime": "2026-02-07T22:00:00.000Z",
        "lasttime": "2026-04-15T02:00:00.000Z",
        "city": "Toulouse",
        "region": "Occitanie",
        "country": "FR",
        "road": "Rue Jules Amilhau",
        "postalcode": "31100"
      }
    },
    {
      "type": "Feature",
      "geometry": {
        "type": "Point",
        "coordinates": [
          19.06381607,
          47.51367569
        ]
      },
      "properties": {
        "netid": "48:27:EA:1A:29:E1",
        "ssid": "AndroidAP",
        "oui": "48:27:EA",
        "channel": 1,
        "encryption": "wpa2",
        "firsttime": "2024-06-14T15:00:00.000Z",
        "lasttime": "2025-04-21T10:00:00.000Z",
        "city": null,
        "region": "Budapest",
        "country": "HU",
        "road": "Ferdin\u00e1nd h\u00edd",
        "postalcode": "1062"
      }
    },
    {
      "type": "Feature",
      "geometry": {
        "type": "Point",
        "coordinates": [
          -0.73942935,
          51.9972229
        ]
      },
      "properties": {
        "netid": "48:27:EA:1A:31:23",
        "ssid": "Pulsay",
        "oui": "48:27:EA",
        "channel": 8,
        "encryption": "wpa2",
        "firsttime": "2025-02-20T12:00:00.000Z",
        "lasttime": "2025-02-20T13:00:00.000Z",
        "city": "Milton Keynes",
        "region": "England",
        "country": "GB",
        "road": "Jemima Way",
        "postalcode": "MK3 6DZ"
      }
    },
    {
      "type": "Feature",
      "geometry": {
        "type": "Point",
        "coordinates": [
          4.8400383,
          51.62051392
        ]
      },
      "properties": {
        "netid": "48:27:EA:1A:33:E7",
        "ssid": "Cardo Black ",
        "oui": "48:27:EA",
        "channel": 7,
        "encryption": "wpa2",
        "firsttime": "2023-07-08T00:00:00.000Z",
        "lasttime": "2026-01-30T11:00:00.000Z",
        "city": null,
        "region": "Noord-Brabant",
        "country": "NL",
        "road": "Tilburgse Baan",
        "postalcode": "4904SP"
      }
    },
    {
      "type": "Feature",
      "geometry": {
        "type": "Point",
        "coordinates": [
          12.08432961,
          57.92934799
        ]
      },
      "properties": {
        "netid": "48:27:EA:1A:3C:9D",
        "ssid": "Bryggeriet",
        "oui": "48:27:EA",
        "channel": 6,
        "encryption": "wpa2",
        "firsttime": "2025-03-30T15:00:00.000Z",
        "lasttime": "2025-03-31T02:00:00.000Z",
        "city": null,
        "region": "V\u00e4stra G\u00f6talands l\u00e4n",
        "country": "SE",
        "road": "E 45",
        "postalcode": "44950"
      }
    },
    {
      "type": "Feature",
      "geometry": {
        "type": "Point",
        "coordinates": [
          9.26076317,
          45.55498123
        ]
      },
      "properties": {
        "netid": "48:27:EA:1A:4E:31",
        "ssid": "AndroidAP4474",
        "oui": "48:27:EA",
        "channel": 1,
        "encryption": "wpa2",
        "firsttime": "2024-09-05T09:00:00.000Z",
        "lasttime": "2025-05-21T08:00:00.000Z",
        "city": "Monza",
        "region": "Lombardia",
        "country": "IT",
        "road": "A4",
        "postalcode": "20916"
      }
    },
    {
      "type": "Feature",
      "geometry": {
        "type": "Point",
        "coordinates": [
          13.16234493,
          38.16802216
        ]
      },
      "properties": {
        "netid": "48:27:EA:1A:D5:65",
        "ssid": "AndroidAP",
        "oui": "48:27:EA",
        "channel": 1,
        "encryption": "wpa2",
        "firsttime": "2026-01-09T14:00:00.000Z",
        "lasttime": "2026-08-13T05:00:00.000Z",
        "city": "Carini",
        "region": "Sicilia",
        "country": "IT",
        "road": null,
        "postalcode": "90044"
      }
    },
    {
      "type": "Feature",
      "geometry": {
        "type": "Point",
        "coordinates": [
          0.40049329,
          52.75076675
        ]
      },
      "properties": {
        "netid": "48:27:EA:1A:E5:09",
        "ssid": "AndroidAP6910",
        "oui": "48:27:EA",
        "channel": 1,
        "encryption": "wpa2",
        "firsttime": "2025-07-04T10:00:00.000Z",
        "lasttime": "2025-07-04T03:00:00.000Z",
        "city": "King's Lynn and West Norfolk",
        "region": "England",
        "country": "GB",
        "road": "Mill Fleet",
        "postalcode": "PE30 5EJ"
      }
    },
    {
      "type": "Feature",
      "geometry": {
        "type": "Point",
        "coordinates": [
          -120.940979,
          37.59617615
        ]
      },
      "properties": {
        "netid": "48:27:EA:1B:06:79",
        "ssid": "Gear 360(0679)",
        "oui": "48:27:EA",
        "channel": 6,
        "encryption": "wpa2",
        "firsttime": "2025-07-14T09:00:00.000Z",
        "lasttime": "2025-08-05T20:00:00.000Z",
        "city": null,
        "region": "CA",
        "country": "US",
        "road": "Louise Avenue",
        "postalcode": "95358"
      }
    },
    {
      "type": "Feature",
      "geometry": {
        "type": "Point",
        "coordinates": [
          15.21438885,
          52.99046707
        ]
      },
      "properties": {
        "netid": "48:27:EA:1B:9B:09",
        "ssid": "HnylytskyiIgor",
        "oui": "48:27:EA",
        "channel": 11,
        "encryption": "wpa2",
        "firsttime": "2024-08-06T15:00:00.000Z",
        "lasttime": "2026-08-18T07:00:00.000Z",
        "city": null,
        "region": "wojew\u00f3dztwo zachodniopomorskie",
        "country": "PL",
        "road": "Niepodleg\u0142o\u015bci",
        "postalcode": "74-320"
      }
    },
    {
      "type": "Feature",
      "geometry": {
        "type": "Point",
        "coordinates": [
          11.6934042,
          47.9535408
        ]
      },
      "properties": {
        "netid": "48:27:EA:1B:9F:51",
        "ssid": "AndroidAP",
        "oui": "48:27:EA",
        "channel": 11,
        "encryption": "wpa2",
        "firsttime": "2026-03-08T12:00:00.000Z",
        "lasttime": "2026-05-08T11:00:00.000Z",
        "city": null,
        "region": "Bayern",
        "country": "DE",
        "road": "A 8",
        "postalcode": "85649"
      }
    },
    {
      "type": "Feature",
      "geometry": {
        "type": "Point",
        "coordinates": [
          14.57512569,
          53.96595001
        ]
      },
      "properties": {
        "netid": "48:27:EA:1C:17:B9",
        "ssid": "AndroidAP17B9",
        "oui": "48:27:EA",
        "channel": 6,
        "encryption": "wpa2",
        "firsttime": "2023-04-29T12:00:00.000Z",
        "lasttime": "2025-06-20T12:00:00.000Z",
        "city": null,
        "region": "wojew\u00f3dztwo zachodniopomorskie",
        "country": "PL",
        "road": "Nowowiejska",
        "postalcode": "72-513"
      }
    },
    {
      "type": "Feature",
      "geometry": {
        "type": "Point",
        "coordinates": [
          9.41695976,
          52.89945984
        ]
      },
      "properties": {
        "netid": "48:27:EA:1C:20:21",
        "ssid": "MaoZ",
        "oui": "48:27:EA",
        "channel": 11,
        "encryption": "wpa2",
        "firsttime": "2023-10-25T12:00:00.000Z",
        "lasttime": "2026-09-02T16:00:00.000Z",
        "city": null,
        "region": "Niedersachsen",
        "country": "DE",
        "road": "A 27",
        "postalcode": "29664"
      }
    },
    {
      "type": "Feature",
      "geometry": {
        "type": "Point",
        "coordinates": [
          25.22864342,
          44.69992065
        ]
      },
      "properties": {
        "netid": "48:27:EA:1E:12:21",
        "ssid": "AndroidAP",
        "oui": "48:27:EA",
        "channel": 6,
        "encryption": "wpa2",
        "firsttime": "2025-06-01T15:00:00.000Z",
        "lasttime": "2025-06-01T11:00:00.000Z",
        "city": null,
        "region": "Arge\u0219",
        "country": "RO",
        "road": "Autostrada Bucure\u0219ti-Pite\u0219ti",
        "postalcode": "117222"
      }
    },
    {
      "type": "Feature",
      "geometry": {
        "type": "Point",
        "coordinates": [
          28.93733788,
          41.03816605
        ]
      },
      "properties": {
        "netid": "48:27:EA:1E:C9:27",
        "ssid": "Nenenn",
        "oui": "48:27:EA",
        "channel": 6,
        "encryption": "wpa2",
        "firsttime": "2024-12-15T19:00:00.000Z",
        "lasttime": "2024-12-16T12:00:00.000Z",
        "city": null,
        "region": "Marmara B\u00f6lgesi",
        "country": "TR",
        "road": "1. \u00c7evreyolu",
        "postalcode": "34050"
      }
    },
    {
      "type": "Feature",
      "geometry": {
        "type": "Point",
        "coordinates": [
          55.36896133,
          25.30336761
        ]
      },
      "properties": {
        "netid": "48:27:EA:1E:E2:0F",
        "ssid": "AndroidAPE20F",
        "oui": "48:27:EA",
        "channel": 11,
        "encryption": "wpa2",
        "firsttime": "2025-02-06T13:00:00.000Z",
        "lasttime": "2025-02-06T11:00:00.000Z",
        "city": "\u0627\u0644\u0634\u0627\u0631\u0642\u0629",
        "region": "\u0627\u0644\u0634\u0627\u0631\u0642\u0629",
        "country": "AE",
        "road": "\u0637\u0631\u064a\u0642 \u0627\u0644\u0627\u062a\u062d\u0627\u062f",
        "postalcode": "81730"
      }
    },
    {
      "type": "Feature",
      "geometry": {
        "type": "Point",
        "coordinates": [
          -8.78409958,
          53.29502106
        ]
      },
      "properties": {
        "netid": "48:27:EA:1F:2F:7F",
        "ssid": "Gear 360(2F7F)",
        "oui": "48:27:EA",
        "channel": 36,
        "encryption": "wpa2",
        "firsttime": "2022-04-30T19:00:00.000Z",
        "lasttime": "2026-07-01T11:00:00.000Z",
        "city": null,
        "region": "Athenry-Oranmore Municipal District",
        "country": "IE",
        "road": "M6",
        "postalcode": "H65 WP68"
      }
    },
    {
      "type": "Feature",
      "geometry": {
        "type": "Point",
        "coordinates": [
          -0.03956465,
          51.51214218
        ]
      },
      "properties": {
        "netid": "48:27:EA:1F:A3:ED",
        "ssid": "AndroidAP",
        "oui": "48:27:EA",
        "channel": 6,
        "encryption": "wpa2",
        "firsttime": "2026-02-14T21:00:00.000Z",
        "lasttime": "2026-03-23T21:00:00.000Z",
        "city": "London",
        "region": "England",
        "country": "GB",
        "road": "Ratcliffe Lane",
        "postalcode": "E14 7JF"
      }
    },
    {
      "type": "Feature",
      "geometry": {
        "type": "Point",
        "coordinates": [
          -70.67195892,
          44.62364197
        ]
      },
      "properties": {
        "netid": "48:27:EA:1F:C0:CD",
        "ssid": "Gear 360(C0CD)",
        "oui": "48:27:EA",
        "channel": 6,
        "encryption": "wpa2",
        "firsttime": "2019-06-06T10:00:00.000Z",
        "lasttime": "2025-03-09T00:00:00.000Z",
        "city": null,
        "region": "ME",
        "country": "US",
        "road": null,
        "postalcode": "04275"
      }
    },
    {
      "type": "Feature",
      "geometry": {
        "type": "Point",
        "coordinates": [
          -112.08245087,
          33.54220581
        ]
      },
      "properties": {
        "netid": "48:27:EA:1F:C2:8B",
        "ssid": "Gear 360(C28B)",
        "oui": "48:27:EA",
        "channel": 6,
        "encryption": "wpa2",
        "firsttime": "2025-03-31T22:00:00.000Z",
        "lasttime": "2025-04-01T12:00:00.000Z",
        "city": "Phoenix",
        "region": "AZ",
        "country": "US",
        "road": "North 7th Avenue",
        "postalcode": "85020-5329"
      }
    },
    {
      "type": "Feature",
      "geometry": {
        "type": "Point",
        "coordinates": [
          -89.563591,
          20.98180199
        ]
      },
      "properties": {
        "netid": "48:27:EA:21:2B:A5",
        "ssid": "AndroidAP",
        "oui": "48:27:EA",
        "channel": 6,
        "encryption": "wpa2",
        "firsttime": "2024-10-06T21:00:00.000Z",
        "lasttime": "2024-10-06T15:00:00.000Z",
        "city": "M\u00e9rida",
        "region": "Yucat\u00e1n",
        "country": "MX",
        "road": "Licenciado Manuel Berzunza",
        "postalcode": "17144"
      }
    },
    {
      "type": "Feature",
      "geometry": {
        "type": "Point",
        "coordinates": [
          -57.35521698,
          -25.39287949
        ]
      },
      "properties": {
        "netid": "48:27:EA:21:2D:DD",
        "ssid": "Guille",
        "oui": "48:27:EA",
        "channel": 11,
        "encryption": "wpa2",
        "firsttime": "2025-02-02T21:00:00.000Z",
        "lasttime": "2025-02-02T14:00:00.000Z",
        "city": null,
        "region": "Regi\u00f3n Oriental",
        "country": "PY",
        "road": "General Marcial Samaniego",
        "postalcode": "2740"
      }
    },
    {
      "type": "Feature",
      "geometry": {
        "type": "Point",
        "coordinates": [
          12.33145046,
          51.3375473
        ]
      },
      "properties": {
        "netid": "48:27:EA:21:33:7B",
        "ssid": "AndroidAP7421",
        "oui": "48:27:EA",
        "channel": 11,
        "encryption": "wpa2",
        "firsttime": "2026-02-23T16:00:00.000Z",
        "lasttime": "2026-06-11T13:00:00.000Z",
        "city": "Leipzig",
        "region": "Sachsen",
        "country": "DE",
        "road": "Demmeringstra\u00dfe",
        "postalcode": "04177"
      }
    },
    {
      "type": "Feature",
      "geometry": {
        "type": "Point",
        "coordinates": [
          2.32756686,
          48.8938942
        ]
      },
      "properties": {
        "netid": "48:27:EA:21:45:FB",
        "ssid": "AndroidAP45FB",
        "oui": "48:27:EA",
        "channel": 1,
        "encryption": "wpa2",
        "firsttime": "2025-04-06T14:00:00.000Z",
        "lasttime": "2026-02-15T03:00:00.000Z",
        "city": "Paris",
        "region": "\u00cele-de-France",
        "country": "FR",
        "road": "Avenue de Saint-Ouen",
        "postalcode": null
      }
    },
    {
      "type": "Feature",
      "geometry": {
        "type": "Point",
        "coordinates": [
          1.95626509,
          41.46162415
        ]
      },
      "properties": {
        "netid": "48:27:EA:21:47:37",
        "ssid": "AndroidAP4737",
        "oui": "48:27:EA",
        "channel": 1,
        "encryption": "wpa2",
        "firsttime": "2025-05-26T11:00:00.000Z",
        "lasttime": "2025-05-26T06:00:00.000Z",
        "city": "Sant Andreu de la Barca",
        "region": "Catalunya",
        "country": "ES",
        "road": "N-IIa",
        "postalcode": "08740"
      }
    },
    {
      "type": "Feature",
      "geometry": {
        "type": "Point",
        "coordinates": [
          -0.50157088,
          44.89160538
        ]
      },
      "properties": {
        "netid": "48:27:EA:21:47:55",
        "ssid": "AndroidAP4755",
        "oui": "48:27:EA",
        "channel": 1,
        "encryption": "wpa2",
        "firsttime": "2024-10-26T11:00:00.000Z",
        "lasttime": "2024-10-26T11:00:00.000Z",
        "city": null,
        "region": "Nouvelle-Aquitaine",
        "country": "FR",
        "road": "L'Aquitaine",
        "postalcode": "33560"
      }
    },
    {
      "type": "Feature",
      "geometry": {
        "type": "Point",
        "coordinates": [
          4.06068277,
          36.70086288
        ]
      },
      "properties": {
        "netid": "48:27:EA:21:4E:F1",
        "ssid": "Bob ma",
        "oui": "48:27:EA",
        "channel": 1,
        "encryption": "wpa2",
        "firsttime": "2025-09-25T09:00:00.000Z",
        "lasttime": "2025-09-27T09:00:00.000Z",
        "city": "Tizi Ouzou \u062a\u064a\u0632\u064a \u0648\u0632\u0648",
        "region": "Da\u00efra Tizi Ouzou \u062f\u0627\u0626\u0631\u0629 \u062a\u064a\u0632\u064a \u0648\u0632\u0648",
        "country": "DZ",
        "road": null,
        "postalcode": "150000"
      }
    },
    {
      "type": "Feature",
      "geometry": {
        "type": "Point",
        "coordinates": [
          13.78829956,
          51.04810333
        ]
      },
      "properties": {
        "netid": "48:27:EA:21:8E:6D",
        "ssid": "Heiko",
        "oui": "48:27:EA",
        "channel": 6,
        "encryption": "unknown",
        "firsttime": "2025-09-04T05:00:00.000Z",
        "lasttime": "2025-09-04T01:00:00.000Z",
        "city": "Dresden",
        "region": "Sachsen",
        "country": "DE",
        "road": "Wittenberger Stra\u00dfe",
        "postalcode": "01309"
      }
    },
    {
      "type": "Feature",
      "geometry": {
        "type": "Point",
        "coordinates": [
          9.8775301,
          51.49702454
        ]
      },
      "properties": {
        "netid": "48:27:EA:21:F7:5B",
        "ssid": "AndroidAP",
        "oui": "48:27:EA",
        "channel": 1,
        "encryption": "wpa2",
        "firsttime": "2025-02-23T12:00:00.000Z",
        "lasttime": "2025-06-03T10:00:00.000Z",
        "city": null,
        "region": "Niedersachsen",
        "country": "DE",
        "road": "A 7",
        "postalcode": "37124"
      }
    },
    {
      "type": "Feature",
      "geometry": {
        "type": "Point",
        "coordinates": [
          -1.21117938,
          52.77245712
        ]
      },
      "properties": {
        "netid": "48:27:EA:23:0C:9D",
        "ssid": "AndroidAP",
        "oui": "48:27:EA",
        "channel": 6,
        "encryption": "wpa2",
        "firsttime": "2025-01-30T11:00:00.000Z",
        "lasttime": "2025-02-18T01:00:00.000Z",
        "city": "Charnwood",
        "region": "England",
        "country": "GB",
        "road": "Ashby Road",
        "postalcode": "LE11 3AA"
      }
    },
    {
      "type": "Feature",
      "geometry": {
        "type": "Point",
        "coordinates": [
          19.02243614,
          50.26105881
        ]
      },
      "properties": {
        "netid": "48:27:EA:23:61:A7",
        "ssid": "AndroidAP",
        "oui": "48:27:EA",
        "channel": 1,
        "encryption": "wpa2",
        "firsttime": "2025-04-25T16:00:00.000Z",
        "lasttime": "2025-04-25T10:00:00.000Z",
        "city": "Katowice",
        "region": "wojew\u00f3dztwo \u015bl\u0105skie",
        "country": "PL",
        "road": "Aleja Wojciecha Korfantego",
        "postalcode": "40-005"
      }
    },
    {
      "type": "Feature",
      "geometry": {
        "type": "Point",
        "coordinates": [
          8.81454086,
          49.96344757
        ]
      },
      "properties": {
        "netid": "48:27:EA:23:66:79",
        "ssid": "AsN Mini",
        "oui": "48:27:EA",
        "channel": 1,
        "encryption": "wpa2",
        "firsttime": "2025-12-16T18:00:00.000Z",
        "lasttime": "2026-06-30T03:00:00.000Z",
        "city": null,
        "region": "Hessen",
        "country": "DE",
        "road": "B 486",
        "postalcode": "63322"
      }
    },
    {
      "type": "Feature",
      "geometry": {
        "type": "Point",
        "coordinates": [
          11.76258183,
          48.78476334
        ]
      },
      "properties": {
        "netid": "48:27:EA:23:76:A7",
        "ssid": "AndroidAP",
        "oui": "48:27:EA",
        "channel": 11,
        "encryption": "wpa2",
        "firsttime": "2025-09-11T06:00:00.000Z",
        "lasttime": "2025-12-18T02:00:00.000Z",
        "city": "Neustadt an der Donau",
        "region": "Bayern",
        "country": "DE",
        "road": "Raffineriestra\u00dfe",
        "postalcode": "93333"
      }
    },
    {
      "type": "Feature",
      "geometry": {
        "type": "Point",
        "coordinates": [
          6.45038652,
          51.19506073
        ]
      },
      "properties": {
        "netid": "48:27:EA:24:03:17",
        "ssid": "AndroidAP8849",
        "oui": "48:27:EA",
        "channel": 9,
        "encryption": "wpa2",
        "firsttime": "2026-03-15T17:00:00.000Z",
        "lasttime": "2026-03-18T04:00:00.000Z",
        "city": "M\u00f6nchengladbach",
        "region": "Nordrhein-Westfalen",
        "country": "DE",
        "road": "Rahracker",
        "postalcode": "41065"
      }
    },
    {
      "type": "Feature",
      "geometry": {
        "type": "Point",
        "coordinates": [
          5.29315996,
          51.68997574
        ]
      },
      "properties": {
        "netid": "48:27:EA:24:1F:85",
        "ssid": "HBD",
        "oui": "48:27:EA",
        "channel": 1,
        "encryption": "wpa2",
        "firsttime": "2026-06-17T14:00:00.000Z",
        "lasttime": "2026-06-17T09:00:00.000Z",
        "city": "'s-Hertogenbosch",
        "region": "Noord-Brabant",
        "country": "NL",
        "road": "Stationspasserelle",
        "postalcode": "5211AZ"
      }
    },
    {
      "type": "Feature",
      "geometry": {
        "type": "Point",
        "coordinates": [
          44.70730209,
          48.81880951
        ]
      },
      "properties": {
        "netid": "48:27:EA:24:A1:4B",
        "ssid": "AZAMAT",
        "oui": "48:27:EA",
        "channel": 1,
        "encryption": "unknown",
        "firsttime": "2025-06-12T07:00:00.000Z",
        "lasttime": "2025-07-03T04:00:00.000Z",
        "city": "\u0412\u043e\u043b\u0436\u0441\u043a\u0438\u0439",
        "region": "\u0412\u043e\u043b\u0433\u043e\u0433\u0440\u0430\u0434\u0441\u043a\u0430\u044f \u043e\u0431\u043b\u0430\u0441\u0442\u044c",
        "country": "RU",
        "road": "\u0420-229",
        "postalcode": "404113"
      }
    },
    {
      "type": "Feature",
      "geometry": {
        "type": "Point",
        "coordinates": [
          18.06700325,
          59.32826614
        ]
      },
      "properties": {
        "netid": "48:27:EA:25:D7:C0",
        "ssid": "SBA",
        "oui": "48:27:EA",
        "channel": 3,
        "encryption": "wpa2",
        "firsttime": "2026-02-07T10:00:00.000Z",
        "lasttime": "2026-02-08T08:00:00.000Z",
        "city": "Stockholm",
        "region": "Stockholms l\u00e4n",
        "country": "SE",
        "road": "Riksgatan",
        "postalcode": "103 21"
      }
    },
    {
      "type": "Feature",
      "geometry": {
        "type": "Point",
        "coordinates": [
          13.2953577,
          53.55712509
        ]
      },
      "properties": {
        "netid": "48:27:EA:26:0A:06",
        "ssid": "AndroidAP",
        "oui": "48:27:EA",
        "channel": 11,
        "encryption": "wpa2",
        "firsttime": "2024-09-14T09:00:00.000Z",
        "lasttime": "2024-09-16T21:00:00.000Z",
        "city": "Neubrandenburg",
        "region": "Mecklenburg-Vorpommern",
        "country": "DE",
        "road": "Woldegker Stra\u00dfe",
        "postalcode": "17036"
      }
    },
    {
      "type": "Feature",
      "geometry": {
        "type": "Point",
        "coordinates": [
          5.53433323,
          52.16379547
        ]
      },
      "properties": {
        "netid": "48:27:EA:26:78:18",
        "ssid": "AndroidAP7818",
        "oui": "48:27:EA",
        "channel": 11,
        "encryption": "wpa2",
        "firsttime": "2025-12-10T07:00:00.000Z",
        "lasttime": "2025-12-10T21:00:00.000Z",
        "city": null,
        "region": "Gelderland",
        "country": "NL",
        "road": "Rijksweg A1",
        "postalcode": "3784VG"
      }
    },
    {
      "type": "Feature",
      "geometry": {
        "type": "Point",
        "coordinates": [
          120.99087524,
          14.52115536
        ]
      },
      "properties": {
        "netid": "48:27:EA:26:83:A2",
        "ssid": "Wifi ni cohen",
        "oui": "48:27:EA",
        "channel": 6,
        "encryption": "wpa2",
        "firsttime": "2025-08-24T04:00:00.000Z",
        "lasttime": "2025-08-23T23:00:00.000Z",
        "city": "Para\u00f1aque",
        "region": "Metro Manila",
        "country": "PH",
        "road": "President Diosdado Macapagal Boulevard",
        "postalcode": "1701"
      }
    },
    {
      "type": "Feature",
      "geometry": {
        "type": "Point",
        "coordinates": [
          6.78776503,
          52.95668411
        ]
      },
      "properties": {
        "netid": "48:27:EA:27:17:BE",
        "ssid": "AndroidAP",
        "oui": "48:27:EA",
        "channel": 1,
        "encryption": "wpa2",
        "firsttime": "2025-08-23T11:00:00.000Z",
        "lasttime": "2025-08-23T10:00:00.000Z",
        "city": null,
        "region": "Drenthe",
        "country": "NL",
        "road": "Gasselterstraat",
        "postalcode": "9533PP"
      }
    },
    {
      "type": "Feature",
      "geometry": {
        "type": "Point",
        "coordinates": [
          9.73421574,
          52.41709137
        ]
      },
      "properties": {
        "netid": "48:27:EA:27:37:EE",
        "ssid": "Die zwei m\u00e4dels",
        "oui": "48:27:EA",
        "channel": 11,
        "encryption": "wpa2",
        "firsttime": "2025-01-14T17:00:00.000Z",
        "lasttime": "2025-01-14T11:00:00.000Z",
        "city": "Hannover",
        "region": "Niedersachsen",
        "country": "DE",
        "road": "Vahrenwalder Stra\u00dfe",
        "postalcode": "30179"
      }
    },
    {
      "type": "Feature",
      "geometry": {
        "type": "Point",
        "coordinates": [
          12.62221622,
          48.93601608
        ]
      },
      "properties": {
        "netid": "48:27:EA:29:B8:00",
        "ssid": "Dyky",
        "oui": "48:27:EA",
        "channel": 8,
        "encryption": "wpa2",
        "firsttime": "2022-10-28T17:00:00.000Z",
        "lasttime": "2024-09-22T13:00:00.000Z",
        "city": "Steinach",
        "region": "Bayern",
        "country": "DE",
        "road": "B 20",
        "postalcode": "94377"
      }
    },
    {
      "type": "Feature",
      "geometry": {
        "type": "Point",
        "coordinates": [
          28.0506382,
          -26.09749222
        ]
      },
      "properties": {
        "netid": "48:27:EA:29:CA:3C",
        "ssid": "NdaziT78",
        "oui": "48:27:EA",
        "channel": 6,
        "encryption": "wpa2",
        "firsttime": "2024-06-13T15:00:00.000Z",
        "lasttime": "2024-10-18T21:00:00.000Z",
        "city": "Johannesburg",
        "region": "Gauteng",
        "country": "ZA",
        "road": "Benmore Road",
        "postalcode": "2196"
      }
    },
    {
      "type": "Feature",
      "geometry": {
        "type": "Point",
        "coordinates": [
          9.49699116,
          51.31378174
        ]
      },
      "properties": {
        "netid": "48:27:EA:29:D1:8E",
        "ssid": "?",
        "oui": "48:27:EA",
        "channel": 11,
        "encryption": "wpa2",
        "firsttime": "2024-09-07T19:00:00.000Z",
        "lasttime": "2024-09-07T14:00:00.000Z",
        "city": "Kassel",
        "region": "Hessen",
        "country": "DE",
        "road": null,
        "postalcode": "34117"
      }
    },
    {
      "type": "Feature",
      "geometry": {
        "type": "Point",
        "coordinates": [
          19.03276443,
          47.49797821
        ]
      },
      "properties": {
        "netid": "48:27:EA:29:D6:90",
        "ssid": "510J-2S",
        "oui": "48:27:EA",
        "channel": 1,
        "encryption": "wpa2",
        "firsttime": "2024-12-03T06:00:00.000Z",
        "lasttime": "2024-12-02T23:00:00.000Z",
        "city": null,
        "region": "Budapest",
        "country": "HU",
        "road": "Attila \u00fat",
        "postalcode": "1013"
      }
    },
    {
      "type": "Feature",
      "geometry": {
        "type": "Point",
        "coordinates": [
          15.45548725,
          49.51687241
        ]
      },
      "properties": {
        "netid": "48:27:EA:29:F0:24",
        "ssid": "AndroidAPF024",
        "oui": "48:27:EA",
        "channel": 4,
        "encryption": "wpa2",
        "firsttime": "2019-12-01T15:00:00.000Z",
        "lasttime": "2026-04-10T02:00:00.000Z",
        "city": null,
        "region": "Jihov\u00fdchod",
        "country": "CZ",
        "road": "D1",
        "postalcode": "58255"
      }
    },
    {
      "type": "Feature",
      "geometry": {
        "type": "Point",
        "coordinates": [
          49.93459702,
          40.41747665
        ]
      },
      "properties": {
        "netid": "48:27:EA:2B:5D:A7",
        "ssid": "AndroidAP5DA7q",
        "oui": "48:27:EA",
        "channel": 6,
        "encryption": "wpa2",
        "firsttime": "2022-10-13T08:00:00.000Z",
        "lasttime": "2025-03-07T08:00:00.000Z",
        "city": "Bak\u0131 \u0130nzibati \u018frazisi",
        "region": "Bak\u0131",
        "country": "AZ",
        "road": "Qara Qarayev pr",
        "postalcode": "AZ 1002"
      }
    },
    {
      "type": "Feature",
      "geometry": {
        "type": "Point",
        "coordinates": [
          76.90039062,
          43.3119812
        ]
      },
      "properties": {
        "netid": "48:27:EA:2B:5E:AB",
        "ssid": "\u0422\u0438\u043b\u0435\u043a",
        "oui": "48:27:EA",
        "channel": 11,
        "encryption": "wpa2",
        "firsttime": "2023-10-06T15:00:00.000Z",
        "lasttime": "2025-02-20T13:00:00.000Z",
        "city": "\u0410\u043b\u043c\u0430\u0442\u044b",
        "region": "\u0410\u0439\u043d\u0430\u0431\u0443\u043b\u0430\u043a",
        "country": "KZ",
        "road": "\u0421\u0435\u0432\u0435\u0440\u043d\u043e\u0435 \u043a\u043e\u043b\u044c\u0446\u043e",
        "postalcode": "50058"
      }
    },
    {
      "type": "Feature",
      "geometry": {
        "type": "Point",
        "coordinates": [
          37.54276657,
          55.5882988
        ]
      },
      "properties": {
        "netid": "48:27:EA:2B:79:75",
        "ssid": "AndroidAP",
        "oui": "48:27:EA",
        "channel": 2,
        "encryption": "unknown",
        "firsttime": "2025-04-17T14:00:00.000Z",
        "lasttime": "2025-04-30T13:00:00.000Z",
        "city": "\u041c\u043e\u0441\u043a\u0432\u0430",
        "region": "\u041c\u043e\u0441\u043a\u0432\u0430",
        "country": "RU",
        "road": "\u041c\u041a\u0410\u0414, 37-\u0439 \u043a\u0438\u043b\u043e\u043c\u0435\u0442\u0440",
        "postalcode": "117463"
      }
    },
    {
      "type": "Feature",
      "geometry": {
        "type": "Point",
        "coordinates": [
          59.61565781,
          36.27971268
        ]
      },
      "properties": {
        "netid": "48:27:EA:2B:EB:51",
        "ssid": "didi",
        "oui": "48:27:EA",
        "channel": 6,
        "encryption": "wpa2",
        "firsttime": "2024-10-31T13:00:00.000Z",
        "lasttime": "2024-10-31T07:00:00.000Z",
        "city": "\u0634\u0647\u0631 \u0645\u0634\u0647\u062f",
        "region": "\u0627\u0633\u062a\u0627\u0646 \u062e\u0631\u0627\u0633\u0627\u0646 \u0631\u0636\u0648\u06cc",
        "country": "IR",
        "road": "\u0639\u06cc\u062f\u06af\u0627\u0647 \u06f1\u06f4",
        "postalcode": "051111"
      }
    },
    {
      "type": "Feature",
      "geometry": {
        "type": "Point",
        "coordinates": [
          79.93606567,
          6.80218267
        ]
      },
      "properties": {
        "netid": "48:27:EA:2C:15:D3",
        "ssid": "AndroidAP",
        "oui": "48:27:EA",
        "channel": 6,
        "encryption": "wpa2",
        "firsttime": "2026-03-08T13:00:00.000Z",
        "lasttime": "2026-03-08T06:00:00.000Z",
        "city": null,
        "region": "\u0db6\u0dc3\u0dca\u0db1\u0dcf\u0dc4\u0dd2\u0dbb \u0db4\u0dc5\u0dcf\u0dad",
        "country": "LK",
        "road": "Piliyandala - Kottawa Road",
        "postalcode": "1280"
      }
    },
    {
      "type": "Feature",
      "geometry": {
        "type": "Point",
        "coordinates": [
          0.23904285,
          51.43764114
        ]
      },
      "properties": {
        "netid": "48:27:EA:2C:61:03",
        "ssid": "AndroidAP",
        "oui": "48:27:EA",
        "channel": 2,
        "encryption": "wpa2",
        "firsttime": "2025-05-30T16:00:00.000Z",
        "lasttime": "2025-08-08T11:00:00.000Z",
        "city": "Dartford",
        "region": "England",
        "country": "GB",
        "road": "Canterbury Way",
        "postalcode": "DA1 1YT"
      }
    },
    {
      "type": "Feature",
      "geometry": {
        "type": "Point",
        "coordinates": [
          19.95368767,
          49.29547501
        ]
      },
      "properties": {
        "netid": "48:27:EA:2D:4C:EB",
        "ssid": "rysiek93",
        "oui": "48:27:EA",
        "channel": 6,
        "encryption": "wpa2",
        "firsttime": "2019-09-18T19:00:00.000Z",
        "lasttime": "2026-02-21T03:00:00.000Z",
        "city": null,
        "region": "wojew\u00f3dztwo ma\u0142opolskie",
        "country": "PL",
        "road": "Tadeusza Ko\u015bciuszki",
        "postalcode": "34-500"
      }
    },
    {
      "type": "Feature",
      "geometry": {
        "type": "Point",
        "coordinates": [
          16.84997749,
          54.56856918
        ]
      },
      "properties": {
        "netid": "48:27:EA:2D:56:79",
        "ssid": "Maltell",
        "oui": "48:27:EA",
        "channel": 6,
        "encryption": "wpa2",
        "firsttime": "2025-11-01T09:00:00.000Z",
        "lasttime": "2025-11-18T10:00:00.000Z",
        "city": null,
        "region": "wojew\u00f3dztwo pomorskie",
        "country": "PL",
        "road": "Dar\u0142owska",
        "postalcode": "76-270"
      }
    },
    {
      "type": "Feature",
      "geometry": {
        "type": "Point",
        "coordinates": [
          9.11317635,
          39.21696472
        ]
      },
      "properties": {
        "netid": "48:27:EA:2D:70:1E",
        "ssid": "AndroidAP",
        "oui": "48:27:EA",
        "channel": 11,
        "encryption": "wpa2",
        "firsttime": "2025-06-23T10:00:00.000Z",
        "lasttime": "2025-06-23T11:00:00.000Z",
        "city": "Cagliari - Casteddu",
        "region": "Sardigna/Sardegna",
        "country": "IT",
        "road": "Largo Carlo Felice",
        "postalcode": "09124"
      }
    },
    {
      "type": "Feature",
      "geometry": {
        "type": "Point",
        "coordinates": [
          7.92566395,
          50.42789078
        ]
      },
      "properties": {
        "netid": "48:27:EA:2D:C3:CC",
        "ssid": "AndroidAP",
        "oui": "48:27:EA",
        "channel": 1,
        "encryption": "wpa2",
        "firsttime": "2026-05-13T14:00:00.000Z",
        "lasttime": "2026-05-16T03:00:00.000Z",
        "city": "Nentershausen",
        "region": "Rheinland-Pfalz",
        "country": "DE",
        "road": "A 3",
        "postalcode": "56412"
      }
    },
    {
      "type": "Feature",
      "geometry": {
        "type": "Point",
        "coordinates": [
          4.48881769,
          51.91738892
        ]
      },
      "properties": {
        "netid": "48:27:EA:2D:CD:34",
        "ssid": "TMNL-84726",
        "oui": "48:27:EA",
        "channel": 2,
        "encryption": "wpa2",
        "firsttime": "2021-04-20T15:00:00.000Z",
        "lasttime": "2026-01-20T07:00:00.000Z",
        "city": "Rotterdam",
        "region": "Zuid-Holland",
        "country": "NL",
        "road": "Wijnhaven",
        "postalcode": "3011WP"
      }
    },
    {
      "type": "Feature",
      "geometry": {
        "type": "Point",
        "coordinates": [
          24.66091919,
          58.4005928
        ]
      },
      "properties": {
        "netid": "48:27:EA:2D:EF:1E",
        "ssid": "YummyDummy",
        "oui": "48:27:EA",
        "channel": 1,
        "encryption": "wpa2",
        "firsttime": "2025-07-10T10:00:00.000Z",
        "lasttime": "2025-07-22T01:00:00.000Z",
        "city": null,
        "region": "P\u00e4rnu maakond",
        "country": "EE",
        "road": "Aia",
        "postalcode": "86704"
      }
    },
    {
      "type": "Feature",
      "geometry": {
        "type": "Point",
        "coordinates": [
          23.74436951,
          37.91539764
        ]
      },
      "properties": {
        "netid": "48:27:EA:2D:FB:34",
        "ssid": "12345678",
        "oui": "48:27:EA",
        "channel": 11,
        "encryption": "wpa2",
        "firsttime": "2025-01-25T16:00:00.000Z",
        "lasttime": "2025-01-25T08:00:00.000Z",
        "city": "\u0394\u03b7\u03bc\u03bf\u03c4\u03b9\u03ba\u03ae \u0395\u03bd\u03cc\u03c4\u03b7\u03c4\u03b1 \u0391\u03c1\u03b3\u03c5\u03c1\u03bf\u03cd\u03c0\u03bf\u03bb\u03b7\u03c2",
        "region": "\u0391\u03c0\u03bf\u03ba\u03b5\u03bd\u03c4\u03c1\u03c9\u03bc\u03ad\u03bd\u03b7 \u0394\u03b9\u03bf\u03af\u03ba\u03b7\u03c3\u03b7 \u0391\u03c4\u03c4\u03b9\u03ba\u03ae\u03c2",
        "country": "GR",
        "road": "\u0392\u03bf\u03c5\u03bb\u03b9\u03b1\u03b3\u03bc\u03ad\u03bd\u03b7\u03c2",
        "postalcode": "16452"
      }
    },
    {
      "type": "Feature",
      "geometry": {
        "type": "Point",
        "coordinates": [
          -2.92302799,
          43.26278687
        ]
      },
      "properties": {
        "netid": "48:27:EA:2E:1E:B4",
        "ssid": "AndroidAP",
        "oui": "48:27:EA",
        "channel": 1,
        "encryption": "wpa2",
        "firsttime": "2025-11-09T18:00:00.000Z",
        "lasttime": "2025-11-10T00:00:00.000Z",
        "city": "Bilbao",
        "region": "Euskadi",
        "country": "ES",
        "road": "Calle Sendeja / Zingira kalea",
        "postalcode": "48001"
      }
    },
    {
      "type": "Feature",
      "geometry": {
        "type": "Point",
        "coordinates": [
          10.04725552,
          53.56773758
        ]
      },
      "properties": {
        "netid": "48:27:EA:2E:3F:B4",
        "ssid": "Luna Stark",
        "oui": "48:27:EA",
        "channel": 11,
        "encryption": "wpa2",
        "firsttime": "2025-06-16T16:00:00.000Z",
        "lasttime": "2025-06-16T10:00:00.000Z",
        "city": "Hamburg",
        "region": "Eilbek",
        "country": "DE",
        "road": "Wandsbeker Chaussee",
        "postalcode": "22089"
      }
    },
    {
      "type": "Feature",
      "geometry": {
        "type": "Point",
        "coordinates": [
          11.60699844,
          48.10112381
        ]
      },
      "properties": {
        "netid": "48:27:EA:2E:41:B6",
        "ssid": "AndroidAP",
        "oui": "48:27:EA",
        "channel": 1,
        "encryption": "wpa2",
        "firsttime": "2026-07-24T18:00:00.000Z",
        "lasttime": "2026-07-24T12:00:00.000Z",
        "city": "M\u00fcnchen",
        "region": "Bayern",
        "country": "DE",
        "road": "Hoch\u00e4ckerstra\u00dfe",
        "postalcode": "81549"
      }
    },
    {
      "type": "Feature",
      "geometry": {
        "type": "Point",
        "coordinates": [
          -0.1916126,
          51.26023483
        ]
      },
      "properties": {
        "netid": "48:27:EA:2E:68:AA",
        "ssid": "AndroidAP",
        "oui": "48:27:EA",
        "channel": 6,
        "encryption": "wpa2",
        "firsttime": "2026-03-11T07:00:00.000Z",
        "lasttime": "2026-03-11T01:00:00.000Z",
        "city": "Reigate and Banstead",
        "region": "England",
        "country": "GB",
        "road": "M25",
        "postalcode": "KT20 7BH"
      }
    },
    {
      "type": "Feature",
      "geometry": {
        "type": "Point",
        "coordinates": [
          68.25727081,
          58.20427704
        ]
      },
      "properties": {
        "netid": "48:27:EA:2F:46:54",
        "ssid": "Galaxy",
        "oui": "48:27:EA",
        "channel": 9,
        "encryption": "unknown",
        "firsttime": "2025-08-22T13:00:00.000Z",
        "lasttime": "2025-08-22T07:00:00.000Z",
        "city": "\u0422\u043e\u0431\u043e\u043b\u044c\u0441\u043a",
        "region": "\u0422\u044e\u043c\u0435\u043d\u0441\u043a\u0430\u044f \u043e\u0431\u043b\u0430\u0441\u0442\u044c",
        "country": "RU",
        "road": "\u0443\u043b\u0438\u0446\u0430 \u0421\u0435\u043c\u0451\u043d\u0430 \u0420\u0435\u043c\u0435\u0437\u043e\u0432\u0430",
        "postalcode": "626152"
      }
    },
    {
      "type": "Feature",
      "geometry": {
        "type": "Point",
        "coordinates": [
          -3.18450618,
          55.94568253
        ]
      },
      "properties": {
        "netid": "48:27:EA:31:37:12",
        "ssid": "AndroidAP9146",
        "oui": "48:27:EA",
        "channel": 1,
        "encryption": "wpa2",
        "firsttime": "2026-01-07T21:00:00.000Z",
        "lasttime": "2026-08-15T04:00:00.000Z",
        "city": "City of Edinburgh",
        "region": "Alba / Scotland",
        "country": "GB",
        "road": "Nicolson Street",
        "postalcode": "EH8 9DT"
      }
    },
    {
      "type": "Feature",
      "geometry": {
        "type": "Point",
        "coordinates": [
          -68.16856384,
          -16.50078773
        ]
      },
      "properties": {
        "netid": "48:27:EA:31:CF:58",
        "ssid": "AndroidAPCF58",
        "oui": "48:27:EA",
        "channel": 6,
        "encryption": "wpa2",
        "firsttime": "2025-05-11T18:00:00.000Z",
        "lasttime": "2025-05-11T14:00:00.000Z",
        "city": "El Alto",
        "region": "La Paz",
        "country": "BO",
        "road": "Calle Arturo Valle",
        "postalcode": "222"
      }
    },
    {
      "type": "Feature",
      "geometry": {
        "type": "Point",
        "coordinates": [
          -79.93934631,
          -2.13948512
        ]
      },
      "properties": {
        "netid": "48:27:EA:31:D1:B6",
        "ssid": "MOVISTAR WIFI6935",
        "oui": "48:27:EA",
        "channel": 11,
        "encryption": "wpa2",
        "firsttime": "2001-01-01T00:00:00.000Z",
        "lasttime": "2025-10-21T18:00:00.000Z",
        "city": "Guayaquil",
        "region": "Guayas",
        "country": "EC",
        "road": "Calle 18G NO",
        "postalcode": "090605"
      }
    },
    {
      "type": "Feature",
      "geometry": {
        "type": "Point",
        "coordinates": [
          6.15883589,
          51.67949295
        ]
      },
      "properties": {
        "netid": "48:27:EA:32:70:09",
        "ssid": "AndroidAP7009",
        "oui": "48:27:EA",
        "channel": 1,
        "encryption": "wpa2",
        "firsttime": "2025-02-12T16:00:00.000Z",
        "lasttime": "2025-02-12T08:00:00.000Z",
        "city": null,
        "region": "Nordrhein-Westfalen",
        "country": "DE",
        "road": "Br\u00fcckenstra\u00dfe",
        "postalcode": "47574"
      }
    },
    {
      "type": "Feature",
      "geometry": {
        "type": "Point",
        "coordinates": [
          10.36212349,
          46.44881058
        ]
      },
      "properties": {
        "netid": "48:27:EA:32:8C:3F",
        "ssid": "Casa",
        "oui": "48:27:EA",
        "channel": 1,
        "encryption": "wpa2",
        "firsttime": "2026-06-27T12:00:00.000Z",
        "lasttime": "2026-07-01T08:00:00.000Z",
        "city": null,
        "region": "Lombardia",
        "country": "IT",
        "road": "SS38",
        "postalcode": "23032"
      }
    },
    {
      "type": "Feature",
      "geometry": {
        "type": "Point",
        "coordinates": [
          -0.15873939,
          51.39307022
        ]
      },
      "properties": {
        "netid": "48:27:EA:32:9D:6D",
        "ssid": "AndroidAP9D6D",
        "oui": "48:27:EA",
        "channel": 1,
        "encryption": "wpa2",
        "firsttime": "2024-12-20T12:00:00.000Z",
        "lasttime": "2024-12-20T05:00:00.000Z",
        "city": "London",
        "region": "England",
        "country": "GB",
        "road": "Carshalton Road",
        "postalcode": "CR4 4HG"
      }
    },
    {
      "type": "Feature",
      "geometry": {
        "type": "Point",
        "coordinates": [
          11.46964359,
          48.25941849
        ]
      },
      "properties": {
        "netid": "48:27:EA:33:A0:B5",
        "ssid": "AndroidAP9556",
        "oui": "48:27:EA",
        "channel": 6,
        "encryption": "wpa2",
        "firsttime": "2025-06-20T11:00:00.000Z",
        "lasttime": "2025-06-20T07:00:00.000Z",
        "city": null,
        "region": "Bayern",
        "country": "DE",
        "road": "Alte R\u00f6merstra\u00dfe",
        "postalcode": "85221"
      }
    },
    {
      "type": "Feature",
      "geometry": {
        "type": "Point",
        "coordinates": [
          21.54436493,
          38.38734818
        ]
      },
      "properties": {
        "netid": "48:27:EA:34:07:B9",
        "ssid": "AndroidAP07B9",
        "oui": "48:27:EA",
        "channel": 11,
        "encryption": "wpa2",
        "firsttime": "2025-05-24T07:00:00.000Z",
        "lasttime": "2025-05-25T17:00:00.000Z",
        "city": "\u0394\u03b7\u03bc\u03bf\u03c4\u03b9\u03ba\u03ae \u0395\u03bd\u03cc\u03c4\u03b7\u03c4\u03b1 \u0399\u03b5\u03c1\u03ac\u03c2 \u03a0\u03cc\u03bb\u03b5\u03c9\u03c2 \u039c\u03b5\u03c3\u03bf\u03bb\u03bf\u03b3\u03b3\u03af\u03bf\u03c5",
        "region": "\u0391\u03c0\u03bf\u03ba\u03b5\u03bd\u03c4\u03c1\u03c9\u03bc\u03ad\u03bd\u03b7 \u0394\u03b9\u03bf\u03af\u03ba\u03b7\u03c3\u03b7 \u03a0\u03b5\u03bb\u03bf\u03c0\u03bf\u03bd\u03bd\u03ae\u03c3\u03bf\u03c5, \u0394\u03c5\u03c4\u03b9\u03ba\u03ae\u03c2 \u0395\u03bb\u03bb\u03ac\u03b4\u03b1\u03c2 \u03ba\u03b1\u03b9 \u0399\u03bf\u03bd\u03af\u03bf\u03c5",
        "country": "GR",
        "road": "\u0399\u03cc\u03bd\u03b9\u03b1 \u039f\u03b4\u03cc\u03c2",
        "postalcode": "30014"
      }
    },
    {
      "type": "Feature",
      "geometry": {
        "type": "Point",
        "coordinates": [
          57.58425522,
          -20.01076889
        ]
      },
      "properties": {
        "netid": "48:27:EA:34:A6:EF",
        "ssid": "AndroidAP7418",
        "oui": "48:27:EA",
        "channel": 1,
        "encryption": "wpa2",
        "firsttime": "2024-11-09T11:00:00.000Z",
        "lasttime": "2024-11-09T07:00:00.000Z",
        "city": null,
        "region": "Rivi\u00e8re du Rempart",
        "country": "MU",
        "road": "Mon Choisy Cap Malheureux Road",
        "postalcode": "30529"
      }
    },
    {
      "type": "Feature",
      "geometry": {
        "type": "Point",
        "coordinates": [
          -1.13386405,
          37.97625351
        ]
      },
      "properties": {
        "netid": "48:27:EA:34:DB:F5",
        "ssid": "Android",
        "oui": "48:27:EA",
        "channel": 1,
        "encryption": "wpa2",
        "firsttime": "2024-09-29T09:00:00.000Z",
        "lasttime": "2024-10-13T14:00:00.000Z",
        "city": "Murcia",
        "region": "Regi\u00f3n de Murcia",
        "country": "ES",
        "road": "Avenida Ciudad de Almer\u00eda",
        "postalcode": "30002"
      }
    },
    {
      "type": "Feature",
      "geometry": {
        "type": "Point",
        "coordinates": [
          23.71264267,
          37.95133972
        ]
      },
      "properties": {
        "netid": "48:27:EA:34:E0:83",
        "ssid": "AndroidAP4994",
        "oui": "48:27:EA",
        "channel": 6,
        "encryption": "wpa2",
        "firsttime": "2026-05-21T04:00:00.000Z",
        "lasttime": "2026-05-21T02:00:00.000Z",
        "city": null,
        "region": "\u0391\u03c0\u03bf\u03ba\u03b5\u03bd\u03c4\u03c1\u03c9\u03bc\u03ad\u03bd\u03b7 \u0394\u03b9\u03bf\u03af\u03ba\u03b7\u03c3\u03b7 \u0391\u03c4\u03c4\u03b9\u03ba\u03ae\u03c2",
        "country": "GR",
        "road": "\u0398\u03c5\u03b1\u03c4\u03b5\u03af\u03c1\u03c9\u03bd",
        "postalcode": "17121"
      }
    },
    {
      "type": "Feature",
      "geometry": {
        "type": "Point",
        "coordinates": [
          18.55936241,
          53.44409943
        ]
      },
      "properties": {
        "netid": "48:27:EA:35:22:BF",
        "ssid": "AndroidAP",
        "oui": "48:27:EA",
        "channel": 6,
        "encryption": "wpa2",
        "firsttime": "2025-03-23T13:00:00.000Z",
        "lasttime": "2025-03-24T12:00:00.000Z",
        "city": null,
        "region": "wojew\u00f3dztwo kujawsko-pomorskie",
        "country": "PL",
        "road": "S5;91",
        "postalcode": "86-100"
      }
    },
    {
      "type": "Feature",
      "geometry": {
        "type": "Point",
        "coordinates": [
          37.65962982,
          55.63217545
        ]
      },
      "properties": {
        "netid": "48:27:EA:37:22:69",
        "ssid": "Android j5",
        "oui": "48:27:EA",
        "channel": 1,
        "encryption": "unknown",
        "firsttime": "2025-06-16T16:00:00.000Z",
        "lasttime": "2025-08-08T01:00:00.000Z",
        "city": "\u041c\u043e\u0441\u043a\u0432\u0430",
        "region": "\u041c\u043e\u0441\u043a\u0432\u0430",
        "country": "RU",
        "road": "\u041f\u0440\u043e\u043b\u0435\u0442\u0430\u0440\u0441\u043a\u0438\u0439 \u043f\u0440\u043e\u0441\u043f\u0435\u043a\u0442",
        "postalcode": "115447"
      }
    },
    {
      "type": "Feature",
      "geometry": {
        "type": "Point",
        "coordinates": [
          37.8058815,
          55.69676971
        ]
      },
      "properties": {
        "netid": "48:27:EA:37:2C:35",
        "ssid": "AndroidAP",
        "oui": "48:27:EA",
        "channel": 1,
        "encryption": "unknown",
        "firsttime": "2024-10-16T19:00:00.000Z",
        "lasttime": "2024-10-27T03:00:00.000Z",
        "city": "\u041c\u043e\u0441\u043a\u0432\u0430",
        "region": "\u041c\u043e\u0441\u043a\u0432\u0430",
        "country": "RU",
        "road": "\u0412\u043e\u043b\u0433\u043e\u0433\u0440\u0430\u0434\u0441\u043a\u0438\u0439 \u043f\u0440\u043e\u0441\u043f\u0435\u043a\u0442",
        "postalcode": "158 ?1"
      }
    },
    {
      "type": "Feature",
      "geometry": {
        "type": "Point",
        "coordinates": [
          21.42102242,
          50.28800964
        ]
      },
      "properties": {
        "netid": "48:27:EA:37:57:EB",
        "ssid": "AndroidAP",
        "oui": "48:27:EA",
        "channel": 1,
        "encryption": "wpa2",
        "firsttime": "2026-08-06T13:00:00.000Z",
        "lasttime": "2026-08-06T10:00:00.000Z",
        "city": null,
        "region": "wojew\u00f3dztwo podkarpackie",
        "country": "PL",
        "road": null,
        "postalcode": "39-313"
      }
    },
    {
      "type": "Feature",
      "geometry": {
        "type": "Point",
        "coordinates": [
          92.84869385,
          56.01138687
        ]
      },
      "properties": {
        "netid": "48:27:EA:39:61:07",
        "ssid": "AndroidAP",
        "oui": "48:27:EA",
        "channel": 11,
        "encryption": "unknown",
        "firsttime": "2024-10-09T12:00:00.000Z",
        "lasttime": "2024-10-09T06:00:00.000Z",
        "city": "\u041a\u0440\u0430\u0441\u043d\u043e\u044f\u0440\u0441\u043a",
        "region": "\u041a\u0440\u0430\u0441\u043d\u043e\u044f\u0440\u0441\u043a\u0438\u0439 \u043a\u0440\u0430\u0439",
        "country": "RU",
        "road": "\u0443\u043b\u0438\u0446\u0430 \u0413\u043e\u0440\u044c\u043a\u043e\u0433\u043e",
        "postalcode": "660000"
      }
    },
    {
      "type": "Feature",
      "geometry": {
        "type": "Point",
        "coordinates": [
          123.89415741,
          10.30785465
        ]
      },
      "properties": {
        "netid": "48:27:EA:39:90:C7",
        "ssid": "AndroidAP",
        "oui": "48:27:EA",
        "channel": 11,
        "encryption": "wpa2",
        "firsttime": "2025-02-20T13:00:00.000Z",
        "lasttime": "2025-02-20T07:00:00.000Z",
        "city": "Cebu City",
        "region": "Central Visayas",
        "country": "PH",
        "road": "Osme\u00f1a Boulevard",
        "postalcode": "6000"
      }
    },
    {
      "type": "Feature",
      "geometry": {
        "type": "Point",
        "coordinates": [
          9.17297268,
          48.49390793
        ]
      },
      "properties": {
        "netid": "48:27:EA:39:FD:C5",
        "ssid": "AndroidAPsshj1690",
        "oui": "48:27:EA",
        "channel": 11,
        "encryption": "wpa2",
        "firsttime": "2025-08-13T08:00:00.000Z",
        "lasttime": "2025-08-13T01:00:00.000Z",
        "city": "Reutlingen",
        "region": "Baden-W\u00fcrttemberg",
        "country": "DE",
        "road": "Breitenbachstra\u00dfe",
        "postalcode": "72770"
      }
    },
    {
      "type": "Feature",
      "geometry": {
        "type": "Point",
        "coordinates": [
          -1.12817371,
          37.98722076
        ]
      },
      "properties": {
        "netid": "48:27:EA:39:FF:05",
        "ssid": "AndroidAPFF05",
        "oui": "48:27:EA",
        "channel": 11,
        "encryption": "wpa2",
        "firsttime": "2025-01-26T20:00:00.000Z",
        "lasttime": "2026-01-04T14:00:00.000Z",
        "city": "Murcia",
        "region": "Regi\u00f3n de Murcia",
        "country": "ES",
        "road": "Calle Alejandro Seiquer",
        "postalcode": "30001"
      }
    },
    {
      "type": "Feature",
      "geometry": {
        "type": "Point",
        "coordinates": [
          7.80741167,
          43.82659912
        ]
      },
      "properties": {
        "netid": "48:27:EA:3A:0B:A7",
        "ssid": "AndroidAP",
        "oui": "48:27:EA",
        "channel": 6,
        "encryption": "wpa2",
        "firsttime": "2025-03-17T08:00:00.000Z",
        "lasttime": "2026-08-24T04:00:00.000Z",
        "city": "Sanremo",
        "region": "Liguria",
        "country": "IT",
        "road": "Via Val d'Olivi",
        "postalcode": "18038"
      }
    },
    {
      "type": "Feature",
      "geometry": {
        "type": "Point",
        "coordinates": [
          14.8075676,
          53.92309189
        ]
      },
      "properties": {
        "netid": "48:27:EA:3A:30:A5",
        "ssid": "AndroidAP",
        "oui": "48:27:EA",
        "channel": 11,
        "encryption": "wpa2",
        "firsttime": "2002-01-02T09:00:00.000Z",
        "lasttime": "2025-04-25T14:00:00.000Z",
        "city": null,
        "region": "wojew\u00f3dztwo zachodniopomorskie",
        "country": "PL",
        "road": "107",
        "postalcode": "72-400"
      }
    },
    {
      "type": "Feature",
      "geometry": {
        "type": "Point",
        "coordinates": [
          -3.01957846,
          53.62906265
        ]
      },
      "properties": {
        "netid": "48:27:EA:3A:4E:89",
        "ssid": "AndroidAP",
        "oui": "48:27:EA",
        "channel": 1,
        "encryption": "wpa2",
        "firsttime": "2026-03-05T13:00:00.000Z",
        "lasttime": "2026-03-05T10:00:00.000Z",
        "city": null,
        "region": "England",
        "country": "GB",
        "road": "Grosvenor Gardens",
        "postalcode": "PR8 2HF"
      }
    },
    {
      "type": "Feature",
      "geometry": {
        "type": "Point",
        "coordinates": [
          24.36143303,
          57.75727463
        ]
      },
      "properties": {
        "netid": "48:27:EA:3B:28:E0",
        "ssid": "Galaxy J528E0",
        "oui": "48:27:EA",
        "channel": 6,
        "encryption": "wpa2",
        "firsttime": "2025-09-25T13:00:00.000Z",
        "lasttime": "2025-09-25T09:00:00.000Z",
        "city": null,
        "region": "Vidzeme",
        "country": "LV",
        "road": "R\u012bga (Baltezers) \u2014 Igaunijas robe\u017ea (Aina\u017ei)",
        "postalcode": "LV-4033"
      }
    },
    {
      "type": "Feature",
      "geometry": {
        "type": "Point",
        "coordinates": [
          9.52120304,
          51.27135849
        ]
      },
      "properties": {
        "netid": "48:27:EA:3B:3F:04",
        "ssid": "AndroidAP",
        "oui": "48:27:EA",
        "channel": 6,
        "encryption": "wpa2",
        "firsttime": "2023-05-30T10:00:00.000Z",
        "lasttime": "2024-11-22T14:00:00.000Z",
        "city": null,
        "region": "Hessen",
        "country": "DE",
        "road": "A 7",
        "postalcode": "34253"
      }
    },
    {
      "type": "Feature",
      "geometry": {
        "type": "Point",
        "coordinates": [
          27.51824379,
          53.90907669
        ]
      },
      "properties": {
        "netid": "48:27:EA:3D:54:46",
        "ssid": "AndroidAP5446",
        "oui": "48:27:EA",
        "channel": 11,
        "encryption": "wpa2",
        "firsttime": "2023-06-16T12:00:00.000Z",
        "lasttime": "2026-05-21T02:00:00.000Z",
        "city": "\u041c\u0438\u043d\u0441\u043a",
        "region": "\u041a\u0430\u043b\u044c\u0432\u0430\u0440\u0438\u044f",
        "country": "BY",
        "road": "\u041a\u0430\u043b\u044c\u0432\u0430\u0440\u0438\u0439\u0441\u043a\u0430\u044f \u0443\u043b\u0438\u0446\u0430",
        "postalcode": "220079"
      }
    },
    {
      "type": "Feature",
      "geometry": {
        "type": "Point",
        "coordinates": [
          16.65918732,
          52.14113998
        ]
      },
      "properties": {
        "netid": "48:27:EA:3D:5D:A6",
        "ssid": "Galaxy J55DA6",
        "oui": "48:27:EA",
        "channel": 11,
        "encryption": "wpa2",
        "firsttime": "2025-08-21T13:00:00.000Z",
        "lasttime": "2025-08-21T09:00:00.000Z",
        "city": null,
        "region": "wojew\u00f3dztwo wielkopolskie",
        "country": "PL",
        "road": "S5",
        "postalcode": "64-020"
      }
    },
    {
      "type": "Feature",
      "geometry": {
        "type": "Point",
        "coordinates": [
          37.71431732,
          55.78334427
        ]
      },
      "properties": {
        "netid": "48:27:EA:3E:04:D8",
        "ssid": "Galaxy J504D8",
        "oui": "48:27:EA",
        "channel": 11,
        "encryption": "unknown",
        "firsttime": "2024-09-21T14:00:00.000Z",
        "lasttime": "2024-09-21T10:00:00.000Z",
        "city": "\u041c\u043e\u0441\u043a\u0432\u0430",
        "region": "\u041c\u043e\u0441\u043a\u0432\u0430",
        "country": "RU",
        "road": "\u0421\u0435\u043c\u0451\u043d\u043e\u0432\u0441\u043a\u0438\u0439 \u043f\u0435\u0440\u0435\u0443\u043b\u043e\u043a",
        "postalcode": "107023"
      }
    },
    {
      "type": "Feature",
      "geometry": {
        "type": "Point",
        "coordinates": [
          -74.08766174,
          4.67477322
        ]
      },
      "properties": {
        "netid": "48:27:EA:3E:3D:DC",
        "ssid": "AndroidAP",
        "oui": "48:27:EA",
        "channel": 1,
        "encryption": "wpa2",
        "firsttime": "2024-09-17T20:00:00.000Z",
        "lasttime": "2024-09-18T10:00:00.000Z",
        "city": "Bogot\u00e1",
        "region": "Localidad Engativ\u00e1",
        "country": "CO",
        "road": "TransMilenio",
        "postalcode": "111061"
      }
    },
    {
      "type": "Feature",
      "geometry": {
        "type": "Point",
        "coordinates": [
          -90.51567841,
          14.6062355
        ]
      },
      "properties": {
        "netid": "48:27:EA:3E:7A:BE",
        "ssid": "AndroidAP",
        "oui": "48:27:EA",
        "channel": 6,
        "encryption": "wpa2",
        "firsttime": "2025-02-08T15:00:00.000Z",
        "lasttime": "2025-02-08T08:00:00.000Z",
        "city": "Ciudad de Guatemala",
        "region": "Departamento de Guatemala",
        "country": "GT",
        "road": "Carril Auxiliar Avenida Reforma",
        "postalcode": "1010"
      }
    },
    {
      "type": "Feature",
      "geometry": {
        "type": "Point",
        "coordinates": [
          -65.46691132,
          -33.68719482
        ]
      },
      "properties": {
        "netid": "48:27:EA:3F:D6:1B",
        "ssid": "Silvia",
        "oui": "48:27:EA",
        "channel": 6,
        "encryption": "wpa2",
        "firsttime": "2025-09-10T13:00:00.000Z",
        "lasttime": "2025-09-14T16:00:00.000Z",
        "city": "Villa Mercedes",
        "region": "San Luis",
        "country": "AR",
        "road": "Riobamba",
        "postalcode": "D5730"
      }
    },
    {
      "type": "Feature",
      "geometry": {
        "type": "Point",
        "coordinates": [
          37.70105743,
          55.84302902
        ]
      },
      "properties": {
        "netid": "48:27:EA:40:26:03",
        "ssid": "AndroidAP2603",
        "oui": "48:27:EA",
        "channel": 11,
        "encryption": "unknown",
        "firsttime": "2024-05-01T09:00:00.000Z",
        "lasttime": "2025-11-23T23:00:00.000Z",
        "city": "\u041c\u043e\u0441\u043a\u0432\u0430",
        "region": "\u041c\u043e\u0441\u043a\u0432\u0430",
        "country": "RU",
        "road": null,
        "postalcode": "107564"
      }
    },
    {
      "type": "Feature",
      "geometry": {
        "type": "Point",
        "coordinates": [
          27.71484375,
          42.69403458
        ]
      },
      "properties": {
        "netid": "48:27:EA:40:58:82",
        "ssid": "AndroidAP",
        "oui": "48:27:EA",
        "channel": 1,
        "encryption": "wpa2",
        "firsttime": "2026-08-12T18:00:00.000Z",
        "lasttime": "2026-08-12T14:00:00.000Z",
        "city": null,
        "region": "\u0411\u0443\u0440\u0433\u0430\u0441",
        "country": "BG",
        "road": "Flower Street",
        "postalcode": "8240"
      }
    },
    {
      "type": "Feature",
      "geometry": {
        "type": "Point",
        "coordinates": [
          -114.46752167,
          42.55847549
        ]
      },
      "properties": {
        "netid": "48:27:EA:40:E0:D2",
        "ssid": "Gear 360(E0D2)",
        "oui": "48:27:EA",
        "channel": 36,
        "encryption": "wpa2",
        "firsttime": "2026-05-31T20:00:00.000Z",
        "lasttime": "2026-05-31T16:00:00.000Z",
        "city": "Twin Falls",
        "region": "ID",
        "country": "US",
        "road": "6th Avenue East",
        "postalcode": "83301"
      }
    },
    {
      "type": "Feature",
      "geometry": {
        "type": "Point",
        "coordinates": [
          15.6352396,
          46.42958832
        ]
      },
      "properties": {
        "netid": "48:27:EA:42:1E:5C",
        "ssid": "AndroidAP",
        "oui": "48:27:EA",
        "channel": 11,
        "encryption": "wpa2",
        "firsttime": "2024-04-11T08:00:00.000Z",
        "lasttime": "2025-01-10T11:00:00.000Z",
        "city": null,
        "region": "Slovenska Bistrica",
        "country": "SI",
        "road": "A1 (Maribor-Ljubljana)",
        "postalcode": "2313"
      }
    },
    {
      "type": "Feature",
      "geometry": {
        "type": "Point",
        "coordinates": [
          -1.23443866,
          54.5728302
        ]
      },
      "properties": {
        "netid": "48:27:EA:43:4C:3C",
        "ssid": "AndroidAP",
        "oui": "48:27:EA",
        "channel": 6,
        "encryption": "wpa2",
        "firsttime": "2025-11-11T18:00:00.000Z",
        "lasttime": "2025-11-15T07:00:00.000Z",
        "city": null,
        "region": "England",
        "country": "GB",
        "road": "Borough Road",
        "postalcode": "TS1 2PX"
      }
    },
    {
      "type": "Feature",
      "geometry": {
        "type": "Point",
        "coordinates": [
          12.33582973,
          51.9292984
        ]
      },
      "properties": {
        "netid": "48:27:EA:43:62:9A",
        "ssid": "AndroidAP",
        "oui": "48:27:EA",
        "channel": 3,
        "encryption": "wpa2",
        "firsttime": "2024-02-16T15:00:00.000Z",
        "lasttime": "2026-05-29T14:00:00.000Z",
        "city": null,
        "region": "Sachsen-Anhalt",
        "country": "DE",
        "road": "K 2002",
        "postalcode": "06869"
      }
    },
    {
      "type": "Feature",
      "geometry": {
        "type": "Point",
        "coordinates": [
          49.67833328,
          34.07743835
        ]
      },
      "properties": {
        "netid": "48:27:EA:43:6E:EB",
        "ssid": "Iphone",
        "oui": "48:27:EA",
        "channel": 1,
        "encryption": "wpa2",
        "firsttime": "2024-11-03T08:00:00.000Z",
        "lasttime": "2024-11-09T06:00:00.000Z",
        "city": "\u0634\u0647\u0631 \u0627\u0631\u0627\u06a9",
        "region": "\u0627\u0633\u062a\u0627\u0646 \u0645\u0631\u06a9\u0632\u06cc",
        "country": "IR",
        "road": "\u067e\u0644 \u0634\u0647\u062f\u0627\u06cc \u0645\u062f\u0627\u0641\u0639 \u062d\u0631\u0645",
        "postalcode": "381914787"
      }
    },
    {
      "type": "Feature",
      "geometry": {
        "type": "Point",
        "coordinates": [
          90.38900757,
          23.92962646
        ]
      },
      "properties": {
        "netid": "48:27:EA:44:59:13",
        "ssid": "Samsung",
        "oui": "48:27:EA",
        "channel": 6,
        "encryption": "wpa2",
        "firsttime": "2025-07-14T09:00:00.000Z",
        "lasttime": "2025-07-29T02:00:00.000Z",
        "city": null,
        "region": "\u09a2\u09be\u0995\u09be \u09ac\u09bf\u09ad\u09be\u0997",
        "country": "BD",
        "road": "\u09ac\u09bf\u0986\u09b0\u099f\u09bf \u09b2\u09be\u0987\u09a8 \u09e9",
        "postalcode": "1711"
      }
    },
    {
      "type": "Feature",
      "geometry": {
        "type": "Point",
        "coordinates": [
          39.72644806,
          43.57868576
        ]
      },
      "properties": {
        "netid": "48:27:EA:44:B5:73",
        "ssid": "AndroidAP",
        "oui": "48:27:EA",
        "channel": 11,
        "encryption": "unknown",
        "firsttime": "2024-12-15T17:00:00.000Z",
        "lasttime": "2024-12-20T00:00:00.000Z",
        "city": "\u0421\u043e\u0447\u0438",
        "region": "\u041a\u0440\u0430\u0441\u043d\u043e\u0434\u0430\u0440\u0441\u043a\u0438\u0439 \u043a\u0440\u0430\u0439",
        "country": "RU",
        "road": "\u0443\u043b\u0438\u0446\u0430 \u041e\u0440\u0434\u0436\u043e\u043d\u0438\u043a\u0438\u0434\u0437\u0435",
        "postalcode": "354000"
      }
    },
    {
      "type": "Feature",
      "geometry": {
        "type": "Point",
        "coordinates": [
          12.57393551,
          47.9373436
        ]
      },
      "properties": {
        "netid": "48:27:EA:44:B9:59",
        "ssid": "AndroidAPB959",
        "oui": "48:27:EA",
        "channel": 11,
        "encryption": "wpa2",
        "firsttime": "2025-03-12T12:00:00.000Z",
        "lasttime": "2026-08-14T04:00:00.000Z",
        "city": null,
        "region": "Bayern",
        "country": "DE",
        "road": null,
        "postalcode": "83301"
      }
    },
    {
      "type": "Feature",
      "geometry": {
        "type": "Point",
        "coordinates": [
          37.63861084,
          55.82888031
        ]
      },
      "properties": {
        "netid": "48:27:EA:44:CA:67",
        "ssid": "B29Q-0L/Qs9C+0YDRiNC90L/Qu9Cz",
        "oui": "48:27:EA",
        "channel": 1,
        "encryption": "unknown",
        "firsttime": "2026-06-28T14:00:00.000Z",
        "lasttime": "2026-06-28T11:00:00.000Z",
        "city": "\u041c\u043e\u0441\u043a\u0432\u0430",
        "region": "\u041c\u043e\u0441\u043a\u0432\u0430",
        "country": "RU",
        "road": "1-\u0439 \u0421\u0435\u0432\u0435\u0440\u043d\u044b\u0439 \u043f\u0440\u043e\u0435\u0437\u0434",
        "postalcode": "129515"
      }
    },
    {
      "type": "Feature",
      "geometry": {
        "type": "Point",
        "coordinates": [
          90.38885498,
          23.99076653
        ]
      },
      "properties": {
        "netid": "48:27:EA:45:66:E6",
        "ssid": "AndroidAP66E6",
        "oui": "48:27:EA",
        "channel": 1,
        "encryption": "wpa2",
        "firsttime": "2025-01-12T05:00:00.000Z",
        "lasttime": "2025-01-12T00:00:00.000Z",
        "city": "\u0997\u09be\u099c\u09c0\u09aa\u09c1\u09b0",
        "region": "\u09a2\u09be\u0995\u09be \u09ac\u09bf\u09ad\u09be\u0997",
        "country": "BD",
        "road": "Gazipur Road",
        "postalcode": "1701"
      }
    },
    {
      "type": "Feature",
      "geometry": {
        "type": "Point",
        "coordinates": [
          -0.18135156,
          51.36254501
        ]
      },
      "properties": {
        "netid": "48:27:EA:45:77:40",
        "ssid": "AndroidAP6398",
        "oui": "48:27:EA",
        "channel": 11,
        "encryption": "wpa2",
        "firsttime": "2026-05-08T20:00:00.000Z",
        "lasttime": "2026-05-09T10:00:00.000Z",
        "city": "London",
        "region": "England",
        "country": "GB",
        "road": "Carshalton Road",
        "postalcode": "SM1 4LH"
      }
    },
    {
      "type": "Feature",
      "geometry": {
        "type": "Point",
        "coordinates": [
          1.0423609,
          49.41751099
        ]
      },
      "properties": {
        "netid": "48:27:EA:45:B4:D8",
        "ssid": "AndroidAP1",
        "oui": "48:27:EA",
        "channel": 11,
        "encryption": "wpa2",
        "firsttime": "2026-05-15T16:00:00.000Z",
        "lasttime": "2026-05-15T10:00:00.000Z",
        "city": "Le Grand-Quevilly",
        "region": "Normandie",
        "country": "FR",
        "road": "Rue Antoine Lavoisier",
        "postalcode": "76120"
      }
    },
    {
      "type": "Feature",
      "geometry": {
        "type": "Point",
        "coordinates": [
          36.87285614,
          55.71217346
        ]
      },
      "properties": {
        "netid": "48:27:EA:46:2D:87",
        "ssid": "A\u0437\u0438\u0437\u0431\u0435\u043a",
        "oui": "48:27:EA",
        "channel": 11,
        "encryption": "unknown",
        "firsttime": "2024-10-17T13:00:00.000Z",
        "lasttime": "2024-10-17T06:00:00.000Z",
        "city": null,
        "region": "\u041c\u043e\u0441\u043a\u043e\u0432\u0441\u043a\u0430\u044f \u043e\u0431\u043b\u0430\u0441\u0442\u044c",
        "country": "RU",
        "road": "\u0426\u0435\u043d\u0442\u0440\u0430\u043b\u044c\u043d\u0430\u044f \u043a\u043e\u043b\u044c\u0446\u0435\u0432\u0430\u044f \u0430\u0432\u0442\u043e\u043c\u043e\u0431\u0438\u043b\u044c\u043d\u0430\u044f \u0434\u043e\u0440\u043e\u0433\u0430",
        "postalcode": "143035"
      }
    },
    {
      "type": "Feature",
      "geometry": {
        "type": "Point",
        "coordinates": [
          49.84630203,
          40.37485886
        ]
      },
      "properties": {
        "netid": "48:27:EA:46:39:73",
        "ssid": "AndroidAP3973",
        "oui": "48:27:EA",
        "channel": 1,
        "encryption": "wpa2",
        "firsttime": "2024-09-28T12:00:00.000Z",
        "lasttime": "2024-09-28T10:00:00.000Z",
        "city": "Bak\u0131 \u0130nzibati \u018frazisi",
        "region": "Bak\u0131",
        "country": "AZ",
        "road": "R\u0259\u015fid Behbudov k\u00fc\u00e7.",
        "postalcode": "AZ1001"
      }
    },
    {
      "type": "Feature",
      "geometry": {
        "type": "Point",
        "coordinates": [
          -74.06082153,
          4.60259295
        ]
      },
      "properties": {
        "netid": "48:27:EA:46:97:B1",
        "ssid": "AndroidAP97B1",
        "oui": "48:27:EA",
        "channel": 1,
        "encryption": "wpa2",
        "firsttime": "2017-12-26T14:00:00.000Z",
        "lasttime": "2026-01-06T08:00:00.000Z",
        "city": "Bogot\u00e1",
        "region": "La Aguas",
        "country": "CO",
        "road": "Avenida Calle 22",
        "postalcode": "111711"
      }
    },
    {
      "type": "Feature",
      "geometry": {
        "type": "Point",
        "coordinates": [
          -3.21867156,
          55.94586182
        ]
      },
      "properties": {
        "netid": "48:27:EA:46:FA:37",
        "ssid": "AndroidAP8021",
        "oui": "48:27:EA",
        "channel": 9,
        "encryption": "wpa2",
        "firsttime": "2023-10-25T12:00:00.000Z",
        "lasttime": "2025-04-11T13:00:00.000Z",
        "city": "City of Edinburgh",
        "region": "Alba / Scotland",
        "country": "GB",
        "road": "Haymarket",
        "postalcode": "EH12 5DR"
      }
    },
    {
      "type": "Feature",
      "geometry": {
        "type": "Point",
        "coordinates": [
          15.0856657,
          49.70606232
        ]
      },
      "properties": {
        "netid": "48:27:EA:47:4B:B8",
        "ssid": "AndroidAP",
        "oui": "48:27:EA",
        "channel": 11,
        "encryption": "wpa2",
        "firsttime": "2025-09-21T15:00:00.000Z",
        "lasttime": "2025-10-21T13:00:00.000Z",
        "city": null,
        "region": "St\u0159edn\u00ed \u010cechy",
        "country": "CZ",
        "road": "D1",
        "postalcode": "25771"
      }
    },
    {
      "type": "Feature",
      "geometry": {
        "type": "Point",
        "coordinates": [
          8.72414017,
          47.49879456
        ]
      },
      "properties": {
        "netid": "48:27:EA:47:EB:90",
        "ssid": null,
        "oui": "48:27:EA",
        "channel": 6,
        "encryption": "wpa2",
        "firsttime": "2025-07-03T12:00:00.000Z",
        "lasttime": "2025-07-31T19:00:00.000Z",
        "city": "Winterthur",
        "region": "Z\u00fcrich",
        "country": "CH",
        "road": "Technikumstrasse",
        "postalcode": "8400"
      }
    },
    {
      "type": "Feature",
      "geometry": {
        "type": "Point",
        "coordinates": [
          35.8865509,
          31.92417526
        ]
      },
      "properties": {
        "netid": "48:27:EA:48:1C:18",
        "ssid": "AndroidAP",
        "oui": "48:27:EA",
        "channel": 1,
        "encryption": "wpa2",
        "firsttime": "2025-09-20T20:00:00.000Z",
        "lasttime": "2025-09-20T16:00:00.000Z",
        "city": "\u0639\u0645\u0627\u0646",
        "region": "\u0639\u0645\u0627\u0646",
        "country": "JO",
        "road": "\u0634\u0627\u0631\u0639 \u0627\u0644\u0623\u0645\u064a\u0631 \u0647\u0627\u0634\u0645 \u0628\u0646 \u0627\u0644\u062d\u0633\u064a\u0646",
        "postalcode": "11623"
      }
    },
    {
      "type": "Feature",
      "geometry": {
        "type": "Point",
        "coordinates": [
          -0.1631936,
          51.5222702
        ]
      },
      "properties": {
        "netid": "48:27:EA:48:C9:AC",
        "ssid": "AndroidAP1061",
        "oui": "48:27:EA",
        "channel": 9,
        "encryption": "wpa2",
        "firsttime": "2025-07-28T06:00:00.000Z",
        "lasttime": "2026-01-27T04:00:00.000Z",
        "city": "London",
        "region": "England",
        "country": "GB",
        "road": "Melcombe Place",
        "postalcode": "NW1 6JJ"
      }
    },
    {
      "type": "Feature",
      "geometry": {
        "type": "Point",
        "coordinates": [
          34.80233383,
          32.16389847
        ]
      },
      "properties": {
        "netid": "48:27:EA:48:E3:24",
        "ssid": "AndroidAP",
        "oui": "48:27:EA",
        "channel": 11,
        "encryption": "unknown",
        "firsttime": "2025-04-20T08:00:00.000Z",
        "lasttime": "2025-04-22T10:00:00.000Z",
        "city": null,
        "region": "\u05de\u05d7\u05d5\u05d6 \u05ea\u05dc \u05d0\u05d1\u05d9\u05d1",
        "country": "IL",
        "road": "\u05e9\u05d3\u05e8\u05d5\u05ea \u05d0\u05d1\u05d0 \u05d0\u05d1\u05df",
        "postalcode": "46733"
      }
    },
    {
      "type": "Feature",
      "geometry": {
        "type": "Point",
        "coordinates": [
          29.27218056,
          40.90018082
        ]
      },
      "properties": {
        "netid": "48:27:EA:49:90:94",
        "ssid": "AndroidAP9094",
        "oui": "48:27:EA",
        "channel": 11,
        "encryption": "wpa2",
        "firsttime": "2024-11-20T10:00:00.000Z",
        "lasttime": "2024-11-20T03:00:00.000Z",
        "city": null,
        "region": "Marmara B\u00f6lgesi",
        "country": "TR",
        "road": "Ankara Caddesi",
        "postalcode": "34909"
      }
    },
    {
      "type": "Feature",
      "geometry": {
        "type": "Point",
        "coordinates": [
          15.22252274,
          37.24660492
        ]
      },
      "properties": {
        "netid": "48:27:EA:49:E4:A2",
        "ssid": "android",
        "oui": "48:27:EA",
        "channel": 11,
        "encryption": "wpa2",
        "firsttime": "2022-03-14T18:00:00.000Z",
        "lasttime": "2025-09-02T04:00:00.000Z",
        "city": "Augusta",
        "region": "Sicilia",
        "country": "IT",
        "road": null,
        "postalcode": "96012"
      }
    },
    {
      "type": "Feature",
      "geometry": {
        "type": "Point",
        "coordinates": [
          27.76071358,
          47.27600098
        ]
      },
      "properties": {
        "netid": "48:27:EA:4A:81:52",
        "ssid": "AndroidAP",
        "oui": "48:27:EA",
        "channel": 1,
        "encryption": "wpa2",
        "firsttime": "2025-02-20T16:00:00.000Z",
        "lasttime": "2025-02-20T09:00:00.000Z",
        "city": null,
        "region": "Raionul Ungheni",
        "country": "MD",
        "road": "Sculeni-Ungheni",
        "postalcode": "MD-3645"
      }
    },
    {
      "type": "Feature",
      "geometry": {
        "type": "Point",
        "coordinates": [
          10.13383198,
          54.33881378
        ]
      },
      "properties": {
        "netid": "48:27:EA:4A:9B:DE",
        "ssid": "Liu",
        "oui": "48:27:EA",
        "channel": 6,
        "encryption": "wpa2",
        "firsttime": "2025-01-11T12:00:00.000Z",
        "lasttime": "2025-01-11T05:00:00.000Z",
        "city": "Kiel",
        "region": "Schleswig-Holstein",
        "country": "DE",
        "road": "Holtenauer Stra\u00dfe",
        "postalcode": "24105"
      }
    },
    {
      "type": "Feature",
      "geometry": {
        "type": "Point",
        "coordinates": [
          37.66632462,
          55.74845123
        ]
      },
      "properties": {
        "netid": "48:27:EA:4B:47:CD",
        "ssid": "AndroidAP",
        "oui": "48:27:EA",
        "channel": 11,
        "encryption": "unknown",
        "firsttime": "2025-08-14T08:00:00.000Z",
        "lasttime": "2025-09-29T16:00:00.000Z",
        "city": "\u041c\u043e\u0441\u043a\u0432\u0430",
        "region": "\u041c\u043e\u0441\u043a\u0432\u0430",
        "country": "RU",
        "road": null,
        "postalcode": "105120"
      }
    },
    {
      "type": "Feature",
      "geometry": {
        "type": "Point",
        "coordinates": [
          12.75479031,
          48.24868011
        ]
      },
      "properties": {
        "netid": "48:27:EA:4B:4D:53",
        "ssid": "AndroidAP",
        "oui": "48:27:EA",
        "channel": 6,
        "encryption": "wpa2",
        "firsttime": "2024-12-29T14:00:00.000Z",
        "lasttime": "2024-12-29T07:00:00.000Z",
        "city": null,
        "region": "Bayern",
        "country": "DE",
        "road": "A 94",
        "postalcode": "84524"
      }
    },
    {
      "type": "Feature",
      "geometry": {
        "type": "Point",
        "coordinates": [
          21.7624855,
          51.7555809
        ]
      },
      "properties": {
        "netid": "48:27:EA:4B:58:43",
        "ssid": "AndroidAP5843",
        "oui": "48:27:EA",
        "channel": 11,
        "encryption": "wpa2",
        "firsttime": "2025-08-03T22:00:00.000Z",
        "lasttime": "2025-08-03T17:00:00.000Z",
        "city": null,
        "region": "wojew\u00f3dztwo mazowieckie",
        "country": "PL",
        "road": "MOP Wola Korycka",
        "postalcode": "08-455"
      }
    },
    {
      "type": "Feature",
      "geometry": {
        "type": "Point",
        "coordinates": [
          4.82384634,
          46.79822922
        ]
      },
      "properties": {
        "netid": "48:27:EA:4B:AB:E3",
        "ssid": "AndroidAP LG",
        "oui": "48:27:EA",
        "channel": 1,
        "encryption": "wpa2",
        "firsttime": "2025-03-02T09:00:00.000Z",
        "lasttime": "2025-03-02T02:00:00.000Z",
        "city": "Ch\u00e2tenoy-le-Royal",
        "region": "Bourgogne-Franche-Comt\u00e9",
        "country": "FR",
        "road": "Autoroute du Soleil",
        "postalcode": "71880"
      }
    },
    {
      "type": "Feature",
      "geometry": {
        "type": "Point",
        "coordinates": [
          85.71494293,
          52.42132568
        ]
      },
      "properties": {
        "netid": "48:27:EA:4B:E8:C1",
        "ssid": "Android j7",
        "oui": "48:27:EA",
        "channel": 11,
        "encryption": "unknown",
        "firsttime": "2026-06-17T11:00:00.000Z",
        "lasttime": "2026-07-29T07:00:00.000Z",
        "city": null,
        "region": "\u0410\u043b\u0442\u0430\u0439\u0441\u043a\u0438\u0439 \u043a\u0440\u0430\u0439",
        "country": "RU",
        "road": "\u0427\u0443\u0439\u0441\u043a\u0430\u044f \u0443\u043b\u0438\u0446\u0430",
        "postalcode": "659375"
      }
    },
    {
      "type": "Feature",
      "geometry": {
        "type": "Point",
        "coordinates": [
          37.68170547,
          55.55011749
        ]
      },
      "properties": {
        "netid": "48:27:EA:4C:1A:B3",
        "ssid": "MAQA",
        "oui": "48:27:EA",
        "channel": 1,
        "encryption": "unknown",
        "firsttime": "2001-01-01T03:00:00.000Z",
        "lasttime": "2026-03-03T00:00:00.000Z",
        "city": null,
        "region": "\u041c\u043e\u0441\u043a\u043e\u0432\u0441\u043a\u0430\u044f \u043e\u0431\u043b\u0430\u0441\u0442\u044c",
        "country": "RU",
        "road": null,
        "postalcode": "115547"
      }
    },
    {
      "type": "Feature",
      "geometry": {
        "type": "Point",
        "coordinates": [
          6.98407459,
          49.24042511
        ]
      },
      "properties": {
        "netid": "48:27:EA:4C:96:01",
        "ssid": "ALKAISAR",
        "oui": "48:27:EA",
        "channel": 6,
        "encryption": "wpa2",
        "firsttime": "2024-05-28T10:00:00.000Z",
        "lasttime": "2025-01-31T09:00:00.000Z",
        "city": "Saarbr\u00fccken",
        "region": "Saarland",
        "country": "DE",
        "road": "St. Johanner Stra\u00dfe",
        "postalcode": "66111"
      }
    },
    {
      "type": "Feature",
      "geometry": {
        "type": "Point",
        "coordinates": [
          65.76693726,
          31.62167549
        ]
      },
      "properties": {
        "netid": "48:27:EA:4C:E6:B1",
        "ssid": "AndroidAP7109",
        "oui": "48:27:EA",
        "channel": 11,
        "encryption": "wpa2",
        "firsttime": "2024-12-18T18:00:00.000Z",
        "lasttime": "2025-05-04T05:00:00.000Z",
        "city": "\u0639\u06cc\u0646\u0648 \u0645\u06d0\u0646\u0647",
        "region": "\u06a9\u0646\u062f\u0647\u0627\u0631 \u0648\u0644\u0627\u064a\u062a",
        "country": "AF",
        "road": null,
        "postalcode": null
      }
    },
    {
      "type": "Feature",
      "geometry": {
        "type": "Point",
        "coordinates": [
          -6.2342,
          53.3405304
        ]
      },
      "properties": {
        "netid": "48:27:EA:4D:4C:07",
        "ssid": "AndroidAP4515",
        "oui": "48:27:EA",
        "channel": 6,
        "encryption": "wpa2",
        "firsttime": "2026-05-25T13:00:00.000Z",
        "lasttime": "2026-05-25T11:00:00.000Z",
        "city": "Dublin",
        "region": "Leinster",
        "country": "IE",
        "road": "Joy Street",
        "postalcode": "D04 R674"
      }
    },
    {
      "type": "Feature",
      "geometry": {
        "type": "Point",
        "coordinates": [
          30.32923889,
          59.93332672
        ]
      },
      "properties": {
        "netid": "48:27:EA:4D:4D:E5",
        "ssid": "AndroidAP",
        "oui": "48:27:EA",
        "channel": 1,
        "encryption": "unknown",
        "firsttime": "2025-07-27T16:00:00.000Z",
        "lasttime": "2025-07-28T02:00:00.000Z",
        "city": "\u0421\u0430\u043d\u043a\u0442-\u041f\u0435\u0442\u0435\u0440\u0431\u0443\u0440\u0433",
        "region": "\u0421\u0430\u043d\u043a\u0442-\u041f\u0435\u0442\u0435\u0440\u0431\u0443\u0440\u0433",
        "country": "RU",
        "road": "\u041d\u0435\u0432\u0441\u043a\u0438\u0439 \u043f\u0440\u043e\u0441\u043f\u0435\u043a\u0442",
        "postalcode": "191023"
      }
    },
    {
      "type": "Feature",
      "geometry": {
        "type": "Point",
        "coordinates": [
          -2.23626733,
          53.08864212
        ]
      },
      "properties": {
        "netid": "48:27:EA:4D:5D:89",
        "ssid": "BT-22C2W3",
        "oui": "48:27:EA",
        "channel": 11,
        "encryption": "wpa2",
        "firsttime": "2026-02-19T13:00:00.000Z",
        "lasttime": "2026-02-19T06:00:00.000Z",
        "city": "Newcastle-under-Lyme",
        "region": "England",
        "country": "GB",
        "road": "Attwood Street",
        "postalcode": "ST7 4BB"
      }
    },
    {
      "type": "Feature",
      "geometry": {
        "type": "Point",
        "coordinates": [
          9.26651192,
          48.69537354
        ]
      },
      "properties": {
        "netid": "48:27:EA:4D:9E:91",
        "ssid": "AndroidAP9E91",
        "oui": "48:27:EA",
        "channel": 6,
        "encryption": "wpa2",
        "firsttime": "2018-05-21T01:00:00.000Z",
        "lasttime": "2026-08-04T17:00:00.000Z",
        "city": null,
        "region": "Baden-W\u00fcrttemberg",
        "country": "DE",
        "road": "A 8",
        "postalcode": "73765"
      }
    },
    {
      "type": "Feature",
      "geometry": {
        "type": "Point",
        "coordinates": [
          12.42495537,
          50.99701691
        ]
      },
      "properties": {
        "netid": "48:27:EA:4D:BC:05",
        "ssid": "AndroidAPBC05",
        "oui": "48:27:EA",
        "channel": 11,
        "encryption": "wpa2",
        "firsttime": "2025-10-18T12:00:00.000Z",
        "lasttime": "2025-11-30T12:00:00.000Z",
        "city": null,
        "region": "Th\u00fcringen",
        "country": "DE",
        "road": "Kauerndorfer Allee",
        "postalcode": "04600"
      }
    },
    {
      "type": "Feature",
      "geometry": {
        "type": "Point",
        "coordinates": [
          7.15232849,
          50.68261337
        ]
      },
      "properties": {
        "netid": "48:27:EA:4D:C5:37",
        "ssid": "AndroidAP",
        "oui": "48:27:EA",
        "channel": 1,
        "encryption": "wpa2",
        "firsttime": "2025-08-25T14:00:00.000Z",
        "lasttime": "2025-08-25T13:00:00.000Z",
        "city": "Bonn",
        "region": "Nordrhein-Westfalen",
        "country": "DE",
        "road": "Am Fronhof",
        "postalcode": "53177"
      }
    },
    {
      "type": "Feature",
      "geometry": {
        "type": "Point",
        "coordinates": [
          20.84045029,
          52.1782074
        ]
      },
      "properties": {
        "netid": "48:27:EA:4D:D7:0F",
        "ssid": "AndroidAPD70F",
        "oui": "48:27:EA",
        "channel": 6,
        "encryption": "wpa2",
        "firsttime": "2025-02-27T09:00:00.000Z",
        "lasttime": "2025-03-04T09:00:00.000Z",
        "city": null,
        "region": "wojew\u00f3dztwo mazowieckie",
        "country": "PL",
        "road": "Aleja Tysi\u0105clecia",
        "postalcode": "05-820"
      }
    },
    {
      "type": "Feature",
      "geometry": {
        "type": "Point",
        "coordinates": [
          19.95308113,
          49.7806778
        ]
      },
      "properties": {
        "netid": "48:27:EA:4D:DB:E9",
        "ssid": "AndroidAP",
        "oui": "48:27:EA",
        "channel": 6,
        "encryption": "unknown",
        "firsttime": "2025-06-24T16:00:00.000Z",
        "lasttime": "2025-06-24T10:00:00.000Z",
        "city": null,
        "region": "wojew\u00f3dztwo ma\u0142opolskie",
        "country": "PL",
        "road": "S7",
        "postalcode": "32-431"
      }
    },
    {
      "type": "Feature",
      "geometry": {
        "type": "Point",
        "coordinates": [
          121.03904724,
          14.65081406
        ]
      },
      "properties": {
        "netid": "48:27:EA:4E:16:C1",
        "ssid": "AndroidAP",
        "oui": "48:27:EA",
        "channel": 6,
        "encryption": "wpa2",
        "firsttime": "2026-01-31T04:00:00.000Z",
        "lasttime": "2026-01-31T03:00:00.000Z",
        "city": "Quezon City",
        "region": "Metro Manila",
        "country": "PH",
        "road": "Agham Road",
        "postalcode": "1100"
      }
    },
    {
      "type": "Feature",
      "geometry": {
        "type": "Point",
        "coordinates": [
          24.80334663,
          60.17614746
        ]
      },
      "properties": {
        "netid": "48:27:EA:4E:FC:AF",
        "ssid": "AndroidAP",
        "oui": "48:27:EA",
        "channel": 1,
        "encryption": "wpa2",
        "firsttime": "2025-07-15T13:00:00.000Z",
        "lasttime": "2025-07-16T10:00:00.000Z",
        "city": "Espoo",
        "region": "Manner-Suomi",
        "country": "FI",
        "road": "L\u00e4nsituuli",
        "postalcode": "02100"
      }
    },
    {
      "type": "Feature",
      "geometry": {
        "type": "Point",
        "coordinates": [
          10.52870941,
          52.26646423
        ]
      },
      "properties": {
        "netid": "48:27:EA:4F:10:01",
        "ssid": "AndroidAP",
        "oui": "48:27:EA",
        "channel": 1,
        "encryption": "wpa2",
        "firsttime": "2026-04-17T13:00:00.000Z",
        "lasttime": "2026-04-18T15:00:00.000Z",
        "city": "Braunschweig",
        "region": "Niedersachsen",
        "country": "DE",
        "road": "Sch\u00f6ppenstedter Stra\u00dfe",
        "postalcode": "38100"
      }
    },
    {
      "type": "Feature",
      "geometry": {
        "type": "Point",
        "coordinates": [
          26.02438545,
          44.42638397
        ]
      },
      "properties": {
        "netid": "48:27:EA:50:76:BD",
        "ssid": "AndroidAP",
        "oui": "48:27:EA",
        "channel": 11,
        "encryption": "wpa2",
        "firsttime": "2025-01-05T07:00:00.000Z",
        "lasttime": "2025-01-08T22:00:00.000Z",
        "city": "Municipiul Bucure\u0219ti",
        "region": "Sector 6",
        "country": "RO",
        "road": "Aleea Valea Boteni",
        "postalcode": "062012"
      }
    },
    {
      "type": "Feature",
      "geometry": {
        "type": "Point",
        "coordinates": [
          20.45943642,
          44.81565857
        ]
      },
      "properties": {
        "netid": "48:27:EA:50:8C:91",
        "ssid": "AndroidAP",
        "oui": "48:27:EA",
        "channel": 1,
        "encryption": "wpa2",
        "firsttime": "2023-11-22T15:00:00.000Z",
        "lasttime": "2025-08-07T16:00:00.000Z",
        "city": "\u0411\u0435\u043e\u0433\u0440\u0430\u0434",
        "region": "\u0426\u0435\u043d\u0442\u0440\u0430\u043b\u043d\u0430 \u0421\u0440\u0431\u0438\u0458\u0430",
        "country": "RS",
        "road": null,
        "postalcode": "11000"
      }
    },
    {
      "type": "Feature",
      "geometry": {
        "type": "Point",
        "coordinates": [
          11.57626534,
          48.13704681
        ]
      },
      "properties": {
        "netid": "48:27:EA:50:9E:11",
        "ssid": "AndroidAPh",
        "oui": "48:27:EA",
        "channel": 6,
        "encryption": "wpa2",
        "firsttime": "2025-03-28T16:00:00.000Z",
        "lasttime": "2025-03-28T11:00:00.000Z",
        "city": "M\u00fcnchen",
        "region": "Bayern",
        "country": "DE",
        "road": "Marienplatz",
        "postalcode": "80331"
      }
    },
    {
      "type": "Feature",
      "geometry": {
        "type": "Point",
        "coordinates": [
          19.02887917,
          47.50800705
        ]
      },
      "properties": {
        "netid": "48:27:EA:50:BF:1D",
        "ssid": "AndroidHotspot3577",
        "oui": "48:27:EA",
        "channel": 6,
        "encryption": "wpa2",
        "firsttime": "2025-03-18T16:00:00.000Z",
        "lasttime": "2025-04-09T09:00:00.000Z",
        "city": "Budapest",
        "region": "Budapest",
        "country": "HU",
        "road": "Csalog\u00e1ny utca",
        "postalcode": "1015"
      }
    },
    {
      "type": "Feature",
      "geometry": {
        "type": "Point",
        "coordinates": [
          19.96797371,
          50.04330826
        ]
      },
      "properties": {
        "netid": "48:27:EA:50:EF:2F",
        "ssid": "AndroidAP",
        "oui": "48:27:EA",
        "channel": 6,
        "encryption": "wpa2",
        "firsttime": "2025-04-29T17:00:00.000Z",
        "lasttime": "2026-01-27T15:00:00.000Z",
        "city": "Krak\u00f3w",
        "region": "wojew\u00f3dztwo ma\u0142opolskie",
        "country": "PL",
        "road": "Powsta\u0144c\u00f3w Wielkopolskich",
        "postalcode": "30-707"
      }
    },
    {
      "type": "Feature",
      "geometry": {
        "type": "Point",
        "coordinates": [
          -86.25331116,
          43.23340607
        ]
      },
      "properties": {
        "netid": "48:27:EA:52:09:E7",
        "ssid": "Gear 360(09E7)",
        "oui": "48:27:EA",
        "channel": 36,
        "encryption": "wpa2",
        "firsttime": "2025-06-14T21:00:00.000Z",
        "lasttime": "2025-06-30T11:00:00.000Z",
        "city": null,
        "region": "MI",
        "country": "US",
        "road": "4th Street",
        "postalcode": "49441"
      }
    },
    {
      "type": "Feature",
      "geometry": {
        "type": "Point",
        "coordinates": [
          -63.18708038,
          -17.79312325
        ]
      },
      "properties": {
        "netid": "48:27:EA:53:11:F5",
        "ssid": "AndroidAP3109",
        "oui": "48:27:EA",
        "channel": 11,
        "encryption": "wpa2",
        "firsttime": "2026-04-06T00:00:00.000Z",
        "lasttime": "2026-04-05T18:00:00.000Z",
        "city": "Municipio Santa Cruz de la Sierra",
        "region": "Santa Cruz",
        "country": "BO",
        "road": "BRT Primer Anillo Externo",
        "postalcode": "951"
      }
    },
    {
      "type": "Feature",
      "geometry": {
        "type": "Point",
        "coordinates": [
          -68.15115356,
          -16.51694107
        ]
      },
      "properties": {
        "netid": "48:27:EA:53:1E:83",
        "ssid": "AndroidAP",
        "oui": "48:27:EA",
        "channel": 6,
        "encryption": "wpa2",
        "firsttime": "2024-11-11T18:00:00.000Z",
        "lasttime": "2024-11-11T12:00:00.000Z",
        "city": "El Alto",
        "region": "La Paz",
        "country": "BO",
        "road": null,
        "postalcode": "0201"
      }
    },
    {
      "type": "Feature",
      "geometry": {
        "type": "Point",
        "coordinates": [
          50.58666229,
          36.03144073
        ]
      },
      "properties": {
        "netid": "48:27:EA:53:8B:A3",
        "ssid": "Mohammad",
        "oui": "48:27:EA",
        "channel": 11,
        "encryption": "wpa2",
        "firsttime": "2024-11-09T20:00:00.000Z",
        "lasttime": "2024-11-10T12:00:00.000Z",
        "city": "\u0645\u0647\u0633\u062a\u0627\u0646",
        "region": "\u0634\u0647\u0631\u0633\u062a\u0627\u0646 \u0633\u0627\u0648\u062c\u0628\u0644\u0627\u063a",
        "country": "IR",
        "road": "\u0622\u0632\u0627\u062f\u0631\u0627\u0647 \u06a9\u0631\u062c - \u0642\u0632\u0648\u06cc\u0646",
        "postalcode": "026"
      }
    },
    {
      "type": "Feature",
      "geometry": {
        "type": "Point",
        "coordinates": [
          49.68838501,
          34.08560562
        ]
      },
      "properties": {
        "netid": "48:27:EA:53:91:21",
        "ssid": "AndroidAP9121",
        "oui": "48:27:EA",
        "channel": 1,
        "encryption": "wpa2",
        "firsttime": "2025-03-19T17:00:00.000Z",
        "lasttime": "2025-03-19T12:00:00.000Z",
        "city": "\u0634\u0647\u0631 \u0627\u0631\u0627\u06a9",
        "region": "\u0627\u0633\u062a\u0627\u0646 \u0645\u0631\u06a9\u0632\u06cc",
        "country": "IR",
        "road": "\u0628\u0647\u0645\u0646",
        "postalcode": "3814999184"
      }
    },
    {
      "type": "Feature",
      "geometry": {
        "type": "Point",
        "coordinates": [
          -4.72689772,
          41.64456177
        ]
      },
      "properties": {
        "netid": "48:27:EA:53:B6:F1",
        "ssid": "AndroidAPNeli",
        "oui": "48:27:EA",
        "channel": 6,
        "encryption": "wpa2",
        "firsttime": "2025-08-23T20:00:00.000Z",
        "lasttime": "2026-01-27T11:00:00.000Z",
        "city": "Valladolid",
        "region": "Castilla y Le\u00f3n",
        "country": "ES",
        "road": "Acera de Recoletos",
        "postalcode": "47007"
      }
    },
    {
      "type": "Feature",
      "geometry": {
        "type": "Point",
        "coordinates": [
          19.0733757,
          47.54845428
        ]
      },
      "properties": {
        "netid": "48:27:EA:53:C5:1F",
        "ssid": "AndroidAP",
        "oui": "48:27:EA",
        "channel": 11,
        "encryption": "wpa2",
        "firsttime": "2025-08-12T09:00:00.000Z",
        "lasttime": "2025-08-12T02:00:00.000Z",
        "city": null,
        "region": "Budapest",
        "country": "HU",
        "road": "Bab\u00e9r utca",
        "postalcode": "1138"
      }
    },
    {
      "type": "Feature",
      "geometry": {
        "type": "Point",
        "coordinates": [
          18.52337646,
          54.44377899
        ]
      },
      "properties": {
        "netid": "48:27:EA:53:DD:7D",
        "ssid": "AndroidAP3185",
        "oui": "48:27:EA",
        "channel": 11,
        "encryption": "wpa2",
        "firsttime": "2025-12-24T21:00:00.000Z",
        "lasttime": "2026-03-19T12:00:00.000Z",
        "city": null,
        "region": "wojew\u00f3dztwo pomorskie",
        "country": "PL",
        "road": "Droga Wielkokacka",
        "postalcode": "81-881"
      }
    },
    {
      "type": "Feature",
      "geometry": {
        "type": "Point",
        "coordinates": [
          17.05259323,
          51.10922623
        ]
      },
      "properties": {
        "netid": "48:27:EA:53:EB:79",
        "ssid": "AndroidAP1686",
        "oui": "48:27:EA",
        "channel": 1,
        "encryption": "wpa2",
        "firsttime": "2024-09-28T16:00:00.000Z",
        "lasttime": "2025-01-03T02:00:00.000Z",
        "city": "Wroc\u0142aw",
        "region": "wojew\u00f3dztwo dolno\u015bl\u0105skie",
        "country": "PL",
        "road": "8;98",
        "postalcode": "50-001"
      }
    },
    {
      "type": "Feature",
      "geometry": {
        "type": "Point",
        "coordinates": [
          -1.01875114,
          37.68888855
        ]
      },
      "properties": {
        "netid": "48:27:EA:54:02:1F",
        "ssid": "AndroidAP",
        "oui": "48:27:EA",
        "channel": 6,
        "encryption": "wpa2",
        "firsttime": "2025-04-12T11:00:00.000Z",
        "lasttime": "2025-04-13T12:00:00.000Z",
        "city": "Cartagena",
        "region": "Regi\u00f3n de Murcia",
        "country": "ES",
        "road": "Autov\u00eda de Murcia",
        "postalcode": "30594"
      }
    },
    {
      "type": "Feature",
      "geometry": {
        "type": "Point",
        "coordinates": [
          -0.03662842,
          51.4756279
        ]
      },
      "properties": {
        "netid": "48:27:EA:54:4E:A3",
        "ssid": "AndroidAP1832",
        "oui": "48:27:EA",
        "channel": 1,
        "encryption": "wpa2",
        "firsttime": "2025-02-21T00:00:00.000Z",
        "lasttime": "2025-02-25T12:00:00.000Z",
        "city": "London",
        "region": "England",
        "country": "GB",
        "road": "Lewisham Way",
        "postalcode": "SE14 6PP"
      }
    },
    {
      "type": "Feature",
      "geometry": {
        "type": "Point",
        "coordinates": [
          12.43128014,
          41.93733978
        ]
      },
      "properties": {
        "netid": "48:27:EA:54:52:87",
        "ssid": "Router8090",
        "oui": "48:27:EA",
        "channel": 6,
        "encryption": "wpa2",
        "firsttime": "2024-10-09T12:00:00.000Z",
        "lasttime": "2024-10-09T06:00:00.000Z",
        "city": "Roma",
        "region": "Lazio",
        "country": "IT",
        "road": "Via Girolamo Nisio",
        "postalcode": "00135"
      }
    },
    {
      "type": "Feature",
      "geometry": {
        "type": "Point",
        "coordinates": [
          9.91651249,
          53.6113205
        ]
      },
      "properties": {
        "netid": "48:27:EA:54:6D:BD",
        "ssid": "MARIAN G5",
        "oui": "48:27:EA",
        "channel": 11,
        "encryption": "wpa2",
        "firsttime": "2025-12-23T12:00:00.000Z",
        "lasttime": "2025-12-23T06:00:00.000Z",
        "city": "Hamburg",
        "region": "Eidelstedt",
        "country": "DE",
        "road": "A 7",
        "postalcode": null
      }
    },
    {
      "type": "Feature",
      "geometry": {
        "type": "Point",
        "coordinates": [
          30.23149681,
          59.94865036
        ]
      },
      "properties": {
        "netid": "48:27:EA:54:90:5B",
        "ssid": "Galaxy J5905B",
        "oui": "48:27:EA",
        "channel": 11,
        "encryption": "unknown",
        "firsttime": "2001-03-19T16:00:00.000Z",
        "lasttime": "2025-11-02T08:00:00.000Z",
        "city": "\u0421\u0430\u043d\u043a\u0442-\u041f\u0435\u0442\u0435\u0440\u0431\u0443\u0440\u0433",
        "region": "\u0421\u0430\u043d\u043a\u0442-\u041f\u0435\u0442\u0435\u0440\u0431\u0443\u0440\u0433",
        "country": "RU",
        "road": "\u041d\u0430\u043b\u0438\u0447\u043d\u0430\u044f \u0443\u043b\u0438\u0446\u0430",
        "postalcode": "199397"
      }
    },
    {
      "type": "Feature",
      "geometry": {
        "type": "Point",
        "coordinates": [
          4.11828995,
          45.81182861
        ]
      },
      "properties": {
        "netid": "48:27:EA:54:A7:9D",
        "ssid": "AndroidAP",
        "oui": "48:27:EA",
        "channel": 1,
        "encryption": "wpa2",
        "firsttime": "2022-07-24T16:00:00.000Z",
        "lasttime": "2026-07-16T23:00:00.000Z",
        "city": null,
        "region": "Auvergne-Rh\u00f4ne-Alpes",
        "country": "FR",
        "road": "A 72",
        "postalcode": "42110"
      }
    },
    {
      "type": "Feature",
      "geometry": {
        "type": "Point",
        "coordinates": [
          40.33229828,
          62.760746
        ]
      },
      "properties": {
        "netid": "48:27:EA:54:B3:6B",
        "ssid": "1",
        "oui": "48:27:EA",
        "channel": 11,
        "encryption": "unknown",
        "firsttime": "2025-05-20T15:00:00.000Z",
        "lasttime": "2025-06-04T09:00:00.000Z",
        "city": null,
        "region": "\u0410\u0440\u0445\u0430\u043d\u0433\u0435\u043b\u044c\u0441\u043a\u0430\u044f \u043e\u0431\u043b\u0430\u0441\u0442\u044c",
        "country": "RU",
        "road": "\u0443\u043b\u0438\u0446\u0430 \u041e\u0432\u0447\u0438\u043d\u043d\u0438\u043a\u043e\u0432\u0430",
        "postalcode": "164171"
      }
    },
    {
      "type": "Feature",
      "geometry": {
        "type": "Point",
        "coordinates": [
          37.71174622,
          55.92147827
        ]
      },
      "properties": {
        "netid": "48:27:EA:54:B5:B9",
        "ssid": "Galaxy J5B5B9",
        "oui": "48:27:EA",
        "channel": 6,
        "encryption": "unknown",
        "firsttime": "2024-12-20T19:00:00.000Z",
        "lasttime": "2024-12-20T15:00:00.000Z",
        "city": "\u041c\u044b\u0442\u0438\u0449\u0438",
        "region": "\u041c\u043e\u0441\u043a\u043e\u0432\u0441\u043a\u0430\u044f \u043e\u0431\u043b\u0430\u0441\u0442\u044c",
        "country": "RU",
        "road": "46\u041d-05847",
        "postalcode": "114021"
      }
    },
    {
      "type": "Feature",
      "geometry": {
        "type": "Point",
        "coordinates": [
          23.96259117,
          55.27894974
        ]
      },
      "properties": {
        "netid": "48:27:EA:55:25:95",
        "ssid": "AndroidAP",
        "oui": "48:27:EA",
        "channel": 1,
        "encryption": "wpa2",
        "firsttime": "2001-01-01T00:00:00.000Z",
        "lasttime": "2026-07-13T03:00:00.000Z",
        "city": null,
        "region": "Kauno apskritis",
        "country": "LT",
        "road": "J. Basanavi\u010diaus g.",
        "postalcode": "57356"
      }
    },
    {
      "type": "Feature",
      "geometry": {
        "type": "Point",
        "coordinates": [
          13.41326427,
          52.55862427
        ]
      },
      "properties": {
        "netid": "48:27:EA:55:33:87",
        "ssid": "Kolibri",
        "oui": "48:27:EA",
        "channel": 11,
        "encryption": "wpa2",
        "firsttime": "2023-06-06T20:00:00.000Z",
        "lasttime": "2026-08-05T09:00:00.000Z",
        "city": "Berlin",
        "region": "Pankow",
        "country": "DE",
        "road": "Berliner Stra\u00dfe",
        "postalcode": "13189"
      }
    },
    {
      "type": "Feature",
      "geometry": {
        "type": "Point",
        "coordinates": [
          10.35071945,
          49.24188614
        ]
      },
      "properties": {
        "netid": "48:27:EA:55:7C:B5",
        "ssid": "AndroidAP",
        "oui": "48:27:EA",
        "channel": 1,
        "encryption": "wpa2",
        "firsttime": "2023-11-05T09:00:00.000Z",
        "lasttime": "2025-10-24T06:00:00.000Z",
        "city": "Aurach",
        "region": "Bayern",
        "country": "DE",
        "road": "Rasthof Frankenh\u00f6he Nord",
        "postalcode": "91589"
      }
    },
    {
      "type": "Feature",
      "geometry": {
        "type": "Point",
        "coordinates": [
          24.05126381,
          56.95855331
        ]
      },
      "properties": {
        "netid": "48:27:EA:55:7E:6F",
        "ssid": "AndroidAP",
        "oui": "48:27:EA",
        "channel": 11,
        "encryption": "wpa2",
        "firsttime": "2025-05-07T04:00:00.000Z",
        "lasttime": "2025-07-10T03:00:00.000Z",
        "city": "R\u012bga",
        "region": "Vidzeme",
        "country": "LV",
        "road": "Dzirciema iela",
        "postalcode": "LV-1083"
      }
    },
    {
      "type": "Feature",
      "geometry": {
        "type": "Point",
        "coordinates": [
          51.4523735,
          35.75400925
        ]
      },
      "properties": {
        "netid": "48:27:EA:56:81:D4",
        "ssid": "AndroidAP",
        "oui": "48:27:EA",
        "channel": 6,
        "encryption": "wpa2",
        "firsttime": "2026-08-26T15:00:00.000Z",
        "lasttime": "2026-08-26T08:00:00.000Z",
        "city": "\u0634\u0647\u0631 \u062a\u0647\u0631\u0627\u0646",
        "region": "\u0634\u0647\u0631\u0633\u062a\u0627\u0646 \u062a\u0647\u0631\u0627\u0646",
        "country": "IR",
        "road": "\u0628\u0632\u0631\u06af\u0631\u0627\u0647 \u0634\u0647\u06cc\u062f \u0647\u0645\u062a",
        "postalcode": "1661918681"
      }
    },
    {
      "type": "Feature",
      "geometry": {
        "type": "Point",
        "coordinates": [
          13.40852547,
          52.66307068
        ]
      },
      "properties": {
        "netid": "48:27:EA:56:9F:F2",
        "ssid": "AndroidAP",
        "oui": "48:27:EA",
        "channel": 1,
        "encryption": "wpa2",
        "firsttime": "2024-04-11T12:00:00.000Z",
        "lasttime": "2025-02-17T21:00:00.000Z",
        "city": "M\u00fchlenbecker Land",
        "region": "Brandenburg",
        "country": "DE",
        "road": "N\u00f6rdlicher Berliner Ring",
        "postalcode": "16567"
      }
    },
    {
      "type": "Feature",
      "geometry": {
        "type": "Point",
        "coordinates": [
          18.92701149,
          50.36885452
        ]
      },
      "properties": {
        "netid": "48:27:EA:56:A0:08",
        "ssid": "AndroidAPA008",
        "oui": "48:27:EA",
        "channel": 6,
        "encryption": "wpa2",
        "firsttime": "2025-09-10T08:00:00.000Z",
        "lasttime": "2026-06-03T01:00:00.000Z",
        "city": "Piekary \u015al\u0105skie",
        "region": "wojew\u00f3dztwo \u015bl\u0105skie",
        "country": "PL",
        "road": "Autostrada Bursztynowa",
        "postalcode": "41-940"
      }
    },
    {
      "type": "Feature",
      "geometry": {
        "type": "Point",
        "coordinates": [
          16.98147202,
          54.00597
        ]
      },
      "properties": {
        "netid": "48:27:EA:56:A8:54",
        "ssid": "AndroidAPA854",
        "oui": "48:27:EA",
        "channel": 11,
        "encryption": "wpa2",
        "firsttime": "2024-09-14T08:00:00.000Z",
        "lasttime": "2024-09-14T02:00:00.000Z",
        "city": null,
        "region": "wojew\u00f3dztwo pomorskie",
        "country": "PL",
        "road": "Genera\u0142a J\u00f3zefa Wybickiego",
        "postalcode": "77-200"
      }
    },
    {
      "type": "Feature",
      "geometry": {
        "type": "Point",
        "coordinates": [
          10.28522968,
          48.43078613
        ]
      },
      "properties": {
        "netid": "48:27:EA:56:C9:4C",
        "ssid": "Scythe Hotspot",
        "oui": "48:27:EA",
        "channel": 6,
        "encryption": "wpa2",
        "firsttime": "2024-08-08T10:00:00.000Z",
        "lasttime": "2025-07-16T08:00:00.000Z",
        "city": null,
        "region": "Bayern",
        "country": "DE",
        "road": "A 8",
        "postalcode": "89312"
      }
    },
    {
      "type": "Feature",
      "geometry": {
        "type": "Point",
        "coordinates": [
          -87.62477875,
          41.8803978
        ]
      },
      "properties": {
        "netid": "48:27:EA:57:78:6E",
        "ssid": "Gear 360(786E)",
        "oui": "48:27:EA",
        "channel": 6,
        "encryption": "wpa2",
        "firsttime": "2026-02-11T22:00:00.000Z",
        "lasttime": "2026-02-14T06:00:00.000Z",
        "city": "Chicago",
        "region": "IL",
        "country": "US",
        "road": "South Michigan Avenue",
        "postalcode": "60603"
      }
    },
    {
      "type": "Feature",
      "geometry": {
        "type": "Point",
        "coordinates": [
          -1.64387226,
          48.08712769
        ]
      },
      "properties": {
        "netid": "48:27:EA:57:90:A4",
        "ssid": "AndroidAP1337",
        "oui": "48:27:EA",
        "channel": 6,
        "encryption": "wpa2",
        "firsttime": "2024-10-29T10:00:00.000Z",
        "lasttime": "2024-10-29T05:00:00.000Z",
        "city": "Rennes",
        "region": "Bretagne",
        "country": "FR",
        "road": "Rue de Vern",
        "postalcode": "35571"
      }
    },
    {
      "type": "Feature",
      "geometry": {
        "type": "Point",
        "coordinates": [
          2.3680737,
          48.77151108
        ]
      },
      "properties": {
        "netid": "48:27:EA:58:7A:2C",
        "ssid": "AndroidAP7690",
        "oui": "48:27:EA",
        "channel": 4,
        "encryption": "wpa2",
        "firsttime": "2025-07-01T06:00:00.000Z",
        "lasttime": "2025-07-23T09:00:00.000Z",
        "city": "Thiais",
        "region": "\u00cele-de-France",
        "country": "FR",
        "road": "Avenue de Fontainebleau",
        "postalcode": "94320"
      }
    },
    {
      "type": "Feature",
      "geometry": {
        "type": "Point",
        "coordinates": [
          26.12865639,
          44.45793152
        ]
      },
      "properties": {
        "netid": "48:27:EA:58:C5:B4",
        "ssid": "AndroidAP",
        "oui": "48:27:EA",
        "channel": 11,
        "encryption": "wpa2",
        "firsttime": "2025-05-22T05:00:00.000Z",
        "lasttime": "2025-05-21T22:00:00.000Z",
        "city": "Municipiul Bucure\u0219ti",
        "region": "Colentina",
        "country": "RO",
        "road": "Strada Ion Berindei",
        "postalcode": "023551"
      }
    },
    {
      "type": "Feature",
      "geometry": {
        "type": "Point",
        "coordinates": [
          2.33342862,
          48.88362503
        ]
      },
      "properties": {
        "netid": "48:27:EA:58:CA:56",
        "ssid": "AndroidAP",
        "oui": "48:27:EA",
        "channel": 6,
        "encryption": "wpa2",
        "firsttime": "2025-07-18T09:00:00.000Z",
        "lasttime": "2025-07-18T03:00:00.000Z",
        "city": "Paris",
        "region": "\u00cele-de-France",
        "country": "FR",
        "road": null,
        "postalcode": "75009"
      }
    },
    {
      "type": "Feature",
      "geometry": {
        "type": "Point",
        "coordinates": [
          27.61524582,
          53.94711685
        ]
      },
      "properties": {
        "netid": "48:27:EA:59:0F:20",
        "ssid": "AndroidAP",
        "oui": "48:27:EA",
        "channel": 1,
        "encryption": "wpa2",
        "firsttime": "2024-11-01T13:00:00.000Z",
        "lasttime": "2024-11-01T14:00:00.000Z",
        "city": "\u041c\u0438\u043d\u0441\u043a",
        "region": "\u041f\u0435\u0440\u0432\u043e\u043c\u0430\u0439\u0441\u043a\u0438\u0439 \u0440\u0430\u0439\u043e\u043d",
        "country": "BY",
        "road": "\u041c\u0435\u0441\u0442\u043d\u044b\u0439 \u043f\u0440\u043e\u0435\u0437\u0434",
        "postalcode": "220090"
      }
    },
    {
      "type": "Feature",
      "geometry": {
        "type": "Point",
        "coordinates": [
          36.25835037,
          33.51932144
        ]
      },
      "properties": {
        "netid": "48:27:EA:59:89:92",
        "ssid": "Abood",
        "oui": "48:27:EA",
        "channel": 11,
        "encryption": "wpa2",
        "firsttime": "2026-01-22T20:00:00.000Z",
        "lasttime": "2026-01-24T15:00:00.000Z",
        "city": null,
        "region": "\u0645\u062d\u0627\u0641\u0638\u0629 \u062f\u0645\u0634\u0642",
        "country": "SY",
        "road": "\u0637\u0631\u064a\u0642 \u0628\u064a\u0631\u0648\u062a",
        "postalcode": "011"
      }
    },
    {
      "type": "Feature",
      "geometry": {
        "type": "Point",
        "coordinates": [
          49.95362854,
          37.41828156
        ]
      },
      "properties": {
        "netid": "48:27:EA:59:9A:F0",
        "ssid": "AndroidAP",
        "oui": "48:27:EA",
        "channel": 6,
        "encryption": "wpa2",
        "firsttime": "2025-04-03T14:00:00.000Z",
        "lasttime": "2025-04-03T08:00:00.000Z",
        "city": "\u062f\u0647\u0633\u062a\u0627\u0646 \u06a9\u06cc\u0627\u0634\u0647\u0631",
        "region": "\u0627\u0633\u062a\u0627\u0646 \u06af\u06cc\u0644\u0627\u0646",
        "country": "IR",
        "road": "\u0633\u0631\u062f\u0627\u0631\u0633\u0644\u06cc\u0645\u0627\u0646\u06cc",
        "postalcode": null
      }
    },
    {
      "type": "Feature",
      "geometry": {
        "type": "Point",
        "coordinates": [
          8.64328766,
          50.11191177
        ]
      },
      "properties": {
        "netid": "48:27:EA:59:F1:F8",
        "ssid": "Galaxy J5F1F8",
        "oui": "48:27:EA",
        "channel": 6,
        "encryption": "wpa2",
        "firsttime": "2025-04-10T08:00:00.000Z",
        "lasttime": "2025-04-10T02:00:00.000Z",
        "city": "Frankfurt am Main",
        "region": "Hessen",
        "country": "DE",
        "road": "Varrentrappstra\u00dfe",
        "postalcode": "60486"
      }
    },
    {
      "type": "Feature",
      "geometry": {
        "type": "Point",
        "coordinates": [
          6.97263718,
          51.42076492
        ]
      },
      "properties": {
        "netid": "48:27:EA:5A:01:CA",
        "ssid": "AndroidAP",
        "oui": "48:27:EA",
        "channel": 11,
        "encryption": "wpa2",
        "firsttime": "2018-04-21T20:00:00.000Z",
        "lasttime": "2024-09-27T04:00:00.000Z",
        "city": "Essen",
        "region": "Nordrhein-Westfalen",
        "country": "DE",
        "road": "Am W\u00fcnnesberg",
        "postalcode": "45149"
      }
    },
    {
      "type": "Feature",
      "geometry": {
        "type": "Point",
        "coordinates": [
          11.09152126,
          47.94964218
        ]
      },
      "properties": {
        "netid": "48:27:EA:5A:4A:0A",
        "ssid": "AndroidAP4A0A",
        "oui": "48:27:EA",
        "channel": 6,
        "encryption": "wpa2",
        "firsttime": "2024-11-23T15:00:00.000Z",
        "lasttime": "2024-11-24T14:00:00.000Z",
        "city": null,
        "region": "Bayern",
        "country": "DE",
        "road": "Fritz-Winter-Stra\u00dfe",
        "postalcode": "86911"
      }
    },
    {
      "type": "Feature",
      "geometry": {
        "type": "Point",
        "coordinates": [
          17.03172112,
          51.09473801
        ]
      },
      "properties": {
        "netid": "48:27:EA:5A:8E:FE",
        "ssid": "AndroidAP9080",
        "oui": "48:27:EA",
        "channel": 1,
        "encryption": "wpa2",
        "firsttime": "2022-03-30T11:00:00.000Z",
        "lasttime": "2025-07-20T03:00:00.000Z",
        "city": "Wroc\u0142aw",
        "region": "wojew\u00f3dztwo dolno\u015bl\u0105skie",
        "country": "PL",
        "road": "Dyrekcyjna",
        "postalcode": "50-001"
      }
    },
    {
      "type": "Feature",
      "geometry": {
        "type": "Point",
        "coordinates": [
          23.80151939,
          38.00757599
        ]
      },
      "properties": {
        "netid": "48:27:EA:5A:B6:10",
        "ssid": "Oropo",
        "oui": "48:27:EA",
        "channel": 1,
        "encryption": "wpa2",
        "firsttime": "2025-10-07T13:00:00.000Z",
        "lasttime": "2026-08-07T02:00:00.000Z",
        "city": null,
        "region": "\u0391\u03c0\u03bf\u03ba\u03b5\u03bd\u03c4\u03c1\u03c9\u03bc\u03ad\u03bd\u03b7 \u0394\u03b9\u03bf\u03af\u03ba\u03b7\u03c3\u03b7 \u0391\u03c4\u03c4\u03b9\u03ba\u03ae\u03c2",
        "country": "GR",
        "road": "\u039c\u03b5\u03c3\u03bf\u03b3\u03b5\u03af\u03c9\u03bd",
        "postalcode": "15562"
      }
    },
    {
      "type": "Feature",
      "geometry": {
        "type": "Point",
        "coordinates": [
          24.3715744,
          45.09205627
        ]
      },
      "properties": {
        "netid": "48:27:EA:5A:C1:A0",
        "ssid": "Galaxy J5C1A0",
        "oui": "48:27:EA",
        "channel": 1,
        "encryption": "wpa2",
        "firsttime": "2026-05-31T08:00:00.000Z",
        "lasttime": "2026-05-31T01:00:00.000Z",
        "city": "R\u00e2mnicu V\u00e2lcea",
        "region": "V\u00e2lcea",
        "country": "RO",
        "road": "Bulevardul Tineretului",
        "postalcode": null
      }
    },
    {
      "type": "Feature",
      "geometry": {
        "type": "Point",
        "coordinates": [
          11.98734283,
          54.00003052
        ]
      },
      "properties": {
        "netid": "48:27:EA:5A:D3:DC",
        "ssid": "Galaxy J5D3DC",
        "oui": "48:27:EA",
        "channel": 11,
        "encryption": "wpa2",
        "firsttime": "2025-04-20T12:00:00.000Z",
        "lasttime": "2025-10-07T13:00:00.000Z",
        "city": null,
        "region": "Mecklenburg-Vorpommern",
        "country": "DE",
        "road": "A 20",
        "postalcode": "18239"
      }
    },
    {
      "type": "Feature",
      "geometry": {
        "type": "Point",
        "coordinates": [
          21.0007534,
          56.50709915
        ]
      },
      "properties": {
        "netid": "48:27:EA:5B:B3:EA",
        "ssid": "AndroidAP",
        "oui": "48:27:EA",
        "channel": 3,
        "encryption": "wpa2",
        "firsttime": "2026-05-21T07:00:00.000Z",
        "lasttime": "2026-05-21T06:00:00.000Z",
        "city": "Liep\u0101ja",
        "region": "Kurzeme",
        "country": "LV",
        "road": "Uliha iela",
        "postalcode": "LV-3401"
      }
    },
    {
      "type": "Feature",
      "geometry": {
        "type": "Point",
        "coordinates": [
          28.98085785,
          41.01613235
        ]
      },
      "properties": {
        "netid": "48:27:EA:5B:CD:16",
        "ssid": "AndroidAPCD16",
        "oui": "48:27:EA",
        "channel": 1,
        "encryption": "wpa2",
        "firsttime": "2024-09-29T14:00:00.000Z",
        "lasttime": "2024-09-29T07:00:00.000Z",
        "city": "\u0130stanbul",
        "region": "Marmara B\u00f6lgesi",
        "country": "TR",
        "road": "Kennedy Caddesi",
        "postalcode": "34110"
      }
    },
    {
      "type": "Feature",
      "geometry": {
        "type": "Point",
        "coordinates": [
          35.28450012,
          37.05139923
        ]
      },
      "properties": {
        "netid": "48:27:EA:5B:CE:52",
        "ssid": "AndroidAPCE52",
        "oui": "48:27:EA",
        "channel": 1,
        "encryption": "wpa2",
        "firsttime": "2025-10-10T14:00:00.000Z",
        "lasttime": "2025-10-13T23:00:00.000Z",
        "city": null,
        "region": "Akdeniz B\u00f6lgesi",
        "country": "TR",
        "road": "Anadolu Lisesi Caddesi",
        "postalcode": "10101"
      }
    },
    {
      "type": "Feature",
      "geometry": {
        "type": "Point",
        "coordinates": [
          17.02347565,
          51.11536026
        ]
      },
      "properties": {
        "netid": "48:27:EA:5C:14:A8",
        "ssid": "Galaxy J514A8",
        "oui": "48:27:EA",
        "channel": 11,
        "encryption": "wpa2",
        "firsttime": "2020-08-06T16:00:00.000Z",
        "lasttime": "2025-11-15T13:00:00.000Z",
        "city": null,
        "region": "wojew\u00f3dztwo dolno\u015bl\u0105skie",
        "country": "PL",
        "road": "Mostowa",
        "postalcode": "50-136"
      }
    },
    {
      "type": "Feature",
      "geometry": {
        "type": "Point",
        "coordinates": [
          40.57663345,
          64.54999542
        ]
      },
      "properties": {
        "netid": "48:27:EA:5C:19:8A",
        "ssid": "Sauron",
        "oui": "48:27:EA",
        "channel": 6,
        "encryption": "unknown",
        "firsttime": "2026-01-22T14:00:00.000Z",
        "lasttime": "2026-02-03T07:00:00.000Z",
        "city": "\u0410\u0440\u0445\u0430\u043d\u0433\u0435\u043b\u044c\u0441\u043a",
        "region": "\u0410\u0440\u0445\u0430\u043d\u0433\u0435\u043b\u044c\u0441\u043a\u0430\u044f \u043e\u0431\u043b\u0430\u0441\u0442\u044c",
        "country": "RU",
        "road": "\u043f\u043b\u043e\u0449\u0430\u0434\u044c 60-\u043b\u0435\u0442\u0438\u044f \u041e\u043a\u0442\u044f\u0431\u0440\u044f",
        "postalcode": "163051"
      }
    },
    {
      "type": "Feature",
      "geometry": {
        "type": "Point",
        "coordinates": [
          12.05613327,
          52.59965515
        ]
      },
      "properties": {
        "netid": "48:27:EA:5C:72:38",
        "ssid": "AndroidAP",
        "oui": "48:27:EA",
        "channel": 6,
        "encryption": "wpa2",
        "firsttime": "2023-11-05T18:00:00.000Z",
        "lasttime": "2026-06-03T14:00:00.000Z",
        "city": null,
        "region": "Sachsen-Anhalt",
        "country": "DE",
        "road": null,
        "postalcode": null
      }
    },
    {
      "type": "Feature",
      "geometry": {
        "type": "Point",
        "coordinates": [
          49.62046432,
          37.2746048
        ]
      },
      "properties": {
        "netid": "48:27:EA:5D:DF:8B",
        "ssid": "AndroidAP",
        "oui": "48:27:EA",
        "channel": 2,
        "encryption": "wpa2",
        "firsttime": "2025-04-21T12:00:00.000Z",
        "lasttime": "2025-05-07T11:00:00.000Z",
        "city": "\u0634\u0647\u0631 \u0631\u0634\u062a",
        "region": "\u0627\u0633\u062a\u0627\u0646 \u06af\u06cc\u0644\u0627\u0646",
        "country": "IR",
        "road": "\u0645\u06cc\u062f\u0627\u0646 \u0627\u0645\u0627\u0645 \u062d\u0633\u06cc\u0646",
        "postalcode": null
      }
    },
    {
      "type": "Feature",
      "geometry": {
        "type": "Point",
        "coordinates": [
          -2.15332055,
          53.39100647
        ]
      },
      "properties": {
        "netid": "48:27:EA:5E:3A:1F",
        "ssid": "AndroidAP",
        "oui": "48:27:EA",
        "channel": 6,
        "encryption": "wpa2",
        "firsttime": "2024-10-13T20:00:00.000Z",
        "lasttime": "2024-10-15T09:00:00.000Z",
        "city": "Stockport",
        "region": "England",
        "country": "GB",
        "road": "Garners Lane",
        "postalcode": "SK3 8PQ"
      }
    },
    {
      "type": "Feature",
      "geometry": {
        "type": "Point",
        "coordinates": [
          39.78905487,
          57.67882919
        ]
      },
      "properties": {
        "netid": "48:27:EA:5F:0F:1D",
        "ssid": "AndroidAP0F1D",
        "oui": "48:27:EA",
        "channel": 6,
        "encryption": "unknown",
        "firsttime": "2024-09-28T05:00:00.000Z",
        "lasttime": "2024-09-27T23:00:00.000Z",
        "city": "\u0433\u043e\u0440\u043e\u0434\u0441\u043a\u043e\u0439 \u043e\u043a\u0440\u0443\u0433 \u042f\u0440\u043e\u0441\u043b\u0430\u0432\u043b\u044c",
        "region": "\u042f\u0440\u043e\u0441\u043b\u0430\u0432\u0441\u043a\u0430\u044f \u043e\u0431\u043b\u0430\u0441\u0442\u044c",
        "country": "RU",
        "road": "\u0443\u043b\u0438\u0446\u0430 \u0423\u0440\u0438\u0446\u043a\u043e\u0433\u043e",
        "postalcode": "150052"
      }
    },
    {
      "type": "Feature",
      "geometry": {
        "type": "Point",
        "coordinates": [
          30.44988823,
          59.98949432
        ]
      },
      "properties": {
        "netid": "48:27:EA:5F:17:3D",
        "ssid": "Magamed757",
        "oui": "48:27:EA",
        "channel": 1,
        "encryption": "unknown",
        "firsttime": "2025-04-04T16:00:00.000Z",
        "lasttime": "2025-04-05T00:00:00.000Z",
        "city": "\u0421\u0430\u043d\u043a\u0442-\u041f\u0435\u0442\u0435\u0440\u0431\u0443\u0440\u0433",
        "region": "\u0421\u0430\u043d\u043a\u0442-\u041f\u0435\u0442\u0435\u0440\u0431\u0443\u0440\u0433",
        "country": "RU",
        "road": "\u0428\u0430\u0444\u0438\u0440\u043e\u0432\u0441\u043a\u0438\u0439 \u043f\u0440\u043e\u0441\u043f\u0435\u043a\u0442",
        "postalcode": "196067"
      }
    },
    {
      "type": "Feature",
      "geometry": {
        "type": "Point",
        "coordinates": [
          40.56797409,
          64.53557587
        ]
      },
      "properties": {
        "netid": "48:27:EA:5F:17:BB",
        "ssid": "\u0421\u043a\u0430\u043d\u0438\u044f",
        "oui": "48:27:EA",
        "channel": 1,
        "encryption": "unknown",
        "firsttime": "2024-09-29T17:00:00.000Z",
        "lasttime": "2024-09-30T07:00:00.000Z",
        "city": "\u0410\u0440\u0445\u0430\u043d\u0433\u0435\u043b\u044c\u0441\u043a",
        "region": "\u0410\u0440\u0445\u0430\u043d\u0433\u0435\u043b\u044c\u0441\u043a\u0430\u044f \u043e\u0431\u043b\u0430\u0441\u0442\u044c",
        "country": "RU",
        "road": "\u043f\u0440\u043e\u0441\u043f\u0435\u043a\u0442 \u041e\u0431\u0432\u043e\u0434\u043d\u044b\u0439 \u041a\u0430\u043d\u0430\u043b",
        "postalcode": "163002"
      }
    },
    {
      "type": "Feature",
      "geometry": {
        "type": "Point",
        "coordinates": [
          6.43000555,
          51.22364807
        ]
      },
      "properties": {
        "netid": "48:27:EA:5F:1F:57",
        "ssid": "Ford Truck",
        "oui": "48:27:EA",
        "channel": 1,
        "encryption": "wpa2",
        "firsttime": "2023-12-22T14:00:00.000Z",
        "lasttime": "2025-12-22T09:00:00.000Z",
        "city": "M\u00f6nchengladbach",
        "region": "Nordrhein-Westfalen",
        "country": "DE",
        "road": "A 52",
        "postalcode": "41063"
      }
    },
    {
      "type": "Feature",
      "geometry": {
        "type": "Point",
        "coordinates": [
          16.54684067,
          38.68804169
        ]
      },
      "properties": {
        "netid": "48:27:EA:5F:A9:31",
        "ssid": "AndroidAPA931",
        "oui": "48:27:EA",
        "channel": 1,
        "encryption": "wpa2",
        "firsttime": "2026-01-18T20:00:00.000Z",
        "lasttime": "2026-09-01T10:00:00.000Z",
        "city": null,
        "region": "Calabria",
        "country": "IT",
        "road": "Via Giovanni XXIII",
        "postalcode": "88068"
      }
    },
    {
      "type": "Feature",
      "geometry": {
        "type": "Point",
        "coordinates": [
          27.57746506,
          53.91929626
        ]
      },
      "properties": {
        "netid": "48:27:EA:5F:B7:CB",
        "ssid": null,
        "oui": "48:27:EA",
        "channel": 11,
        "encryption": "wpa2",
        "firsttime": "2025-08-24T12:00:00.000Z",
        "lasttime": "2025-08-24T14:00:00.000Z",
        "city": "\u041c\u0438\u043d\u0441\u043a",
        "region": "\u041a\u043e\u043c\u0430\u0440\u043e\u0432\u043a\u0430",
        "country": "BY",
        "road": "\u0443\u043b\u0438\u0446\u0430 \u0412\u0435\u0440\u044b \u0425\u043e\u0440\u0443\u0436\u0435\u0439",
        "postalcode": "220100"
      }
    },
    {
      "type": "Feature",
      "geometry": {
        "type": "Point",
        "coordinates": [
          -0.88009065,
          51.51382065
        ]
      },
      "properties": {
        "netid": "48:27:EA:5F:C3:A3",
        "ssid": "AndroidAP",
        "oui": "48:27:EA",
        "channel": 1,
        "encryption": "wpa2",
        "firsttime": "2023-08-04T13:00:00.000Z",
        "lasttime": "2024-11-18T00:00:00.000Z",
        "city": null,
        "region": "England",
        "country": "GB",
        "road": "23",
        "postalcode": "RG10 8EP"
      }
    },
    {
      "type": "Feature",
      "geometry": {
        "type": "Point",
        "coordinates": [
          -2.26315594,
          51.84587479
        ]
      },
      "properties": {
        "netid": "48:27:EA:5F:C6:D1",
        "ssid": "AndroidAP",
        "oui": "48:27:EA",
        "channel": 1,
        "encryption": "wpa2",
        "firsttime": "2024-05-20T15:00:00.000Z",
        "lasttime": "2025-03-03T10:00:00.000Z",
        "city": "Gloucester",
        "region": "England",
        "country": "GB",
        "road": "Ashville Road",
        "postalcode": "GL2 5"
      }
    },
    {
      "type": "Feature",
      "geometry": {
        "type": "Point",
        "coordinates": [
          29.03600693,
          40.99252319
        ]
      },
      "properties": {
        "netid": "48:27:EA:5F:CC:A7",
        "ssid": "AndroidAPCCA7",
        "oui": "48:27:EA",
        "channel": 1,
        "encryption": "wpa2",
        "firsttime": "2026-03-21T09:00:00.000Z",
        "lasttime": "2026-05-05T03:00:00.000Z",
        "city": null,
        "region": "Marmara B\u00f6lgesi",
        "country": "TR",
        "road": null,
        "postalcode": "34722"
      }
    },
    {
      "type": "Feature",
      "geometry": {
        "type": "Point",
        "coordinates": [
          12.09108543,
          47.84819794
        ]
      },
      "properties": {
        "netid": "48:27:EA:60:14:E9",
        "ssid": "AndroidAP14E9",
        "oui": "48:27:EA",
        "channel": 1,
        "encryption": "wpa2",
        "firsttime": "2025-04-04T13:00:00.000Z",
        "lasttime": "2025-04-17T07:00:00.000Z",
        "city": null,
        "region": "Bayern",
        "country": "DE",
        "road": "Georg-Aicher-Stra\u00dfe",
        "postalcode": "83026"
      }
    },
    {
      "type": "Feature",
      "geometry": {
        "type": "Point",
        "coordinates": [
          8.62623692,
          52.97740936
        ]
      },
      "properties": {
        "netid": "48:27:EA:60:22:63",
        "ssid": "AndroidAP2263",
        "oui": "48:27:EA",
        "channel": 6,
        "encryption": "wpa2",
        "firsttime": "2025-10-09T09:00:00.000Z",
        "lasttime": "2026-07-20T07:00:00.000Z",
        "city": null,
        "region": "Niedersachsen",
        "country": "DE",
        "road": "A 1",
        "postalcode": "28816"
      }
    },
    {
      "type": "Feature",
      "geometry": {
        "type": "Point",
        "coordinates": [
          6.27702045,
          51.84129333
        ]
      },
      "properties": {
        "netid": "48:27:EA:60:25:3F",
        "ssid": "AndroidAP253F",
        "oui": "48:27:EA",
        "channel": 11,
        "encryption": "wpa2",
        "firsttime": "2024-09-18T16:00:00.000Z",
        "lasttime": "2026-06-20T05:00:00.000Z",
        "city": null,
        "region": "Nordrhein-Westfalen",
        "country": "DE",
        "road": "Werner-Heisenberg-Stra\u00dfe",
        "postalcode": "46446"
      }
    },
    {
      "type": "Feature",
      "geometry": {
        "type": "Point",
        "coordinates": [
          20.92797661,
          52.19559097
        ]
      },
      "properties": {
        "netid": "48:27:EA:60:28:71",
        "ssid": "AndroidAP2871",
        "oui": "48:27:EA",
        "channel": 1,
        "encryption": "wpa2",
        "firsttime": "2025-08-10T11:00:00.000Z",
        "lasttime": "2025-08-10T07:00:00.000Z",
        "city": "Warszawa",
        "region": "wojew\u00f3dztwo mazowieckie",
        "country": "PL",
        "road": "Aleje Jerozolimskie",
        "postalcode": "02-486"
      }
    },
    {
      "type": "Feature",
      "geometry": {
        "type": "Point",
        "coordinates": [
          21.06173897,
          52.24667358
        ]
      },
      "properties": {
        "netid": "48:27:EA:60:28:DD",
        "ssid": "AndroidAP",
        "oui": "48:27:EA",
        "channel": 11,
        "encryption": "wpa2",
        "firsttime": "2023-02-25T16:00:00.000Z",
        "lasttime": "2026-05-16T04:00:00.000Z",
        "city": "Warszawa",
        "region": "wojew\u00f3dztwo mazowieckie",
        "country": "PL",
        "road": "Grochowska",
        "postalcode": "03-823"
      }
    },
    {
      "type": "Feature",
      "geometry": {
        "type": "Point",
        "coordinates": [
          17.96656036,
          53.11832047
        ]
      },
      "properties": {
        "netid": "48:27:EA:60:2C:4B",
        "ssid": "AndroidAP2C4B",
        "oui": "48:27:EA",
        "channel": 11,
        "encryption": "wpa2",
        "firsttime": "2025-12-12T15:00:00.000Z",
        "lasttime": "2025-12-13T02:00:00.000Z",
        "city": null,
        "region": "wojew\u00f3dztwo kujawsko-pomorskie",
        "country": "PL",
        "road": null,
        "postalcode": null
      }
    },
    {
      "type": "Feature",
      "geometry": {
        "type": "Point",
        "coordinates": [
          23.21027565,
          53.14213181
        ]
      },
      "properties": {
        "netid": "48:27:EA:60:2F:4D",
        "ssid": "AndroidAP2F4D",
        "oui": "48:27:EA",
        "channel": 6,
        "encryption": "wpa2",
        "firsttime": "2023-09-09T11:00:00.000Z",
        "lasttime": "2024-09-28T10:00:00.000Z",
        "city": null,
        "region": "wojew\u00f3dztwo podlaskie",
        "country": "PL",
        "road": "42 Pu\u0142ku Piechoty",
        "postalcode": "15-181"
      }
    },
    {
      "type": "Feature",
      "geometry": {
        "type": "Point",
        "coordinates": [
          19.00220299,
          50.26428604
        ]
      },
      "properties": {
        "netid": "48:27:EA:60:35:A3",
        "ssid": "Szajsung",
        "oui": "48:27:EA",
        "channel": 1,
        "encryption": "wpa2",
        "firsttime": "2025-01-15T19:00:00.000Z",
        "lasttime": "2025-01-16T08:00:00.000Z",
        "city": "Katowice",
        "region": "wojew\u00f3dztwo \u015bl\u0105skie",
        "country": "PL",
        "road": "Gliwicka",
        "postalcode": "40-854"
      }
    },
    {
      "type": "Feature",
      "geometry": {
        "type": "Point",
        "coordinates": [
          -0.82677412,
          38.21052933
        ]
      },
      "properties": {
        "netid": "48:27:EA:60:71:B1",
        "ssid": "AndroidAP71B1",
        "oui": "48:27:EA",
        "channel": 11,
        "encryption": "wpa2",
        "firsttime": "2025-07-26T13:00:00.000Z",
        "lasttime": "2025-08-13T10:00:00.000Z",
        "city": null,
        "region": "Comunitat Valenciana",
        "country": "ES",
        "road": "Autov\u00eda del Mediterr\u00e1neo",
        "postalcode": "03339"
      }
    },
    {
      "type": "Feature",
      "geometry": {
        "type": "Point",
        "coordinates": [
          29.39255333,
          40.95205688
        ]
      },
      "properties": {
        "netid": "48:27:EA:60:7F:4F",
        "ssid": "AndroidAP7F4F",
        "oui": "48:27:EA",
        "channel": 11,
        "encryption": "wpa2",
        "firsttime": "2024-11-20T08:00:00.000Z",
        "lasttime": "2025-10-30T04:00:00.000Z",
        "city": null,
        "region": "Marmara B\u00f6lgesi",
        "country": "TR",
        "road": "Ball\u0131ca Yolu Caddesi",
        "postalcode": "34959"
      }
    },
    {
      "type": "Feature",
      "geometry": {
        "type": "Point",
        "coordinates": [
          22.4499321,
          49.39762878
        ]
      },
      "properties": {
        "netid": "48:27:EA:60:8A:95",
        "ssid": "KS800",
        "oui": "48:27:EA",
        "channel": 11,
        "encryption": "wpa2",
        "firsttime": "2022-08-15T15:00:00.000Z",
        "lasttime": "2025-07-15T08:00:00.000Z",
        "city": null,
        "region": "wojew\u00f3dztwo podkarpackie",
        "country": "PL",
        "road": null,
        "postalcode": "38-610"
      }
    },
    {
      "type": "Feature",
      "geometry": {
        "type": "Point",
        "coordinates": [
          -4.42157269,
          36.71952438
        ]
      },
      "properties": {
        "netid": "48:27:EA:60:9C:37",
        "ssid": "AndroidAP",
        "oui": "48:27:EA",
        "channel": 1,
        "encryption": "wpa2",
        "firsttime": "2020-06-09T17:00:00.000Z",
        "lasttime": "2024-09-13T01:00:00.000Z",
        "city": null,
        "region": "Andaluc\u00eda",
        "country": "ES",
        "road": "Alameda Principal",
        "postalcode": "29001"
      }
    },
    {
      "type": "Feature",
      "geometry": {
        "type": "Point",
        "coordinates": [
          4.95204067,
          51.84902191
        ]
      },
      "properties": {
        "netid": "48:27:EA:60:A3:9B",
        "ssid": "Galaxy J5A39B Nazir",
        "oui": "48:27:EA",
        "channel": 6,
        "encryption": "wpa2",
        "firsttime": "2025-07-12T19:00:00.000Z",
        "lasttime": "2025-07-12T15:00:00.000Z",
        "city": null,
        "region": "Zuid-Holland",
        "country": "NL",
        "road": "A27",
        "postalcode": "4241"
      }
    },
    {
      "type": "Feature",
      "geometry": {
        "type": "Point",
        "coordinates": [
          24.44510078,
          35.36263657
        ]
      },
      "properties": {
        "netid": "48:27:EA:60:A8:79",
        "ssid": "AndroidAP",
        "oui": "48:27:EA",
        "channel": 11,
        "encryption": "wpa2",
        "firsttime": "2024-10-24T14:00:00.000Z",
        "lasttime": "2024-10-24T08:00:00.000Z",
        "city": null,
        "region": "\u0391\u03c0\u03bf\u03ba\u03b5\u03bd\u03c4\u03c1\u03c9\u03bc\u03ad\u03bd\u03b7 \u0394\u03b9\u03bf\u03af\u03ba\u03b7\u03c3\u03b7 \u039a\u03c1\u03ae\u03c4\u03b7\u03c2",
        "country": "GR",
        "road": "\u03a7\u03b1\u03bd\u03af\u03c9\u03bd - \u03a1\u03b5\u03b8\u03cd\u03bc\u03bd\u03bf\u03c5",
        "postalcode": "74132"
      }
    },
    {
      "type": "Feature",
      "geometry": {
        "type": "Point",
        "coordinates": [
          13.21017361,
          38.1620636
        ]
      },
      "properties": {
        "netid": "48:27:EA:60:EB:0B",
        "ssid": "Galaxy J5EB0B",
        "oui": "48:27:EA",
        "channel": 6,
        "encryption": "wpa2",
        "firsttime": "2025-10-07T07:00:00.000Z",
        "lasttime": "2025-10-07T00:00:00.000Z",
        "city": "Carini",
        "region": "Sicilia",
        "country": "IT",
        "road": "Strada Statale 113 Est",
        "postalcode": "90044"
      }
    },
    {
      "type": "Feature",
      "geometry": {
        "type": "Point",
        "coordinates": [
          44.49900436,
          40.80134201
        ]
      },
      "properties": {
        "netid": "48:27:EA:61:03:27",
        "ssid": "AndroidAP",
        "oui": "48:27:EA",
        "channel": 6,
        "encryption": "wpa2",
        "firsttime": "2001-01-01T00:00:00.000Z",
        "lasttime": "2026-04-01T21:00:00.000Z",
        "city": "\u054e\u0561\u0576\u0561\u0571\u0578\u0580",
        "region": "\u053c\u0578\u057c\u0578\u0582 \u0574\u0561\u0580\u0566",
        "country": "AM",
        "road": "\u0536\u0578\u0580\u0561\u057e\u0561\u0580 \u0531\u0576\u0564\u0580\u0561\u0576\u056b\u056f\u056b \u0583\u0578\u0572\u0578\u0581",
        "postalcode": "2007"
      }
    },
    {
      "type": "Feature",
      "geometry": {
        "type": "Point",
        "coordinates": [
          37.77859497,
          55.7043457
        ]
      },
      "properties": {
        "netid": "48:27:EA:61:03:2D",
        "ssid": "Galaxy J5032D",
        "oui": "48:27:EA",
        "channel": 11,
        "encryption": "unknown",
        "firsttime": "2024-10-22T15:00:00.000Z",
        "lasttime": "2024-10-22T09:00:00.000Z",
        "city": "\u041c\u043e\u0441\u043a\u0432\u0430",
        "region": "\u041c\u043e\u0441\u043a\u0432\u0430",
        "country": "RU",
        "road": "\u0412\u043e\u043b\u0433\u043e\u0433\u0440\u0430\u0434\u0441\u043a\u0438\u0439 \u043f\u0440\u043e\u0441\u043f\u0435\u043a\u0442 (\u0434\u0443\u0431\u043b\u0451\u0440)",
        "postalcode": "109443"
      }
    },
    {
      "type": "Feature",
      "geometry": {
        "type": "Point",
        "coordinates": [
          12.14955997,
          51.24023056
        ]
      },
      "properties": {
        "netid": "48:27:EA:61:32:57",
        "ssid": "Galaxy J53257",
        "oui": "48:27:EA",
        "channel": 1,
        "encryption": "wpa2",
        "firsttime": "2024-12-17T13:00:00.000Z",
        "lasttime": "2024-12-17T06:00:00.000Z",
        "city": null,
        "region": "Sachsen-Anhalt",
        "country": "DE",
        "road": "A 38",
        "postalcode": "06686"
      }
    },
    {
      "type": "Feature",
      "geometry": {
        "type": "Point",
        "coordinates": [
          44.4114418,
          48.8354454
        ]
      },
      "properties": {
        "netid": "48:27:EA:61:33:F7",
        "ssid": "Galaxy J533F7",
        "oui": "48:27:EA",
        "channel": 6,
        "encryption": "unknown",
        "firsttime": "2026-01-29T02:00:00.000Z",
        "lasttime": "2026-01-29T10:00:00.000Z",
        "city": null,
        "region": "\u0412\u043e\u043b\u0433\u043e\u0433\u0440\u0430\u0434\u0441\u043a\u0430\u044f \u043e\u0431\u043b\u0430\u0441\u0442\u044c",
        "country": "RU",
        "road": "\u00ab\u041a\u0430\u0441\u043f\u0438\u0439\u00bb",
        "postalcode": "403003"
      }
    },
    {
      "type": "Feature",
      "geometry": {
        "type": "Point",
        "coordinates": [
          38.00902557,
          55.75229263
        ]
      },
      "properties": {
        "netid": "48:27:EA:61:47:27",
        "ssid": "AndroidAP",
        "oui": "48:27:EA",
        "channel": 1,
        "encryption": "unknown",
        "firsttime": "2019-08-12T12:00:00.000Z",
        "lasttime": "2024-10-11T01:00:00.000Z",
        "city": "\u0411\u0430\u043b\u0430\u0448\u0438\u0445\u0430",
        "region": "\u041c\u043e\u0441\u043a\u043e\u0432\u0441\u043a\u0430\u044f \u043e\u0431\u043b\u0430\u0441\u0442\u044c",
        "country": "RU",
        "road": "\u041a\u043e\u043e\u043f\u0435\u0440\u0430\u0442\u0438\u0432\u043d\u0430\u044f \u0443\u043b\u0438\u0446\u0430",
        "postalcode": "143989"
      }
    },
    {
      "type": "Feature",
      "geometry": {
        "type": "Point",
        "coordinates": [
          17.02840042,
          51.10629654
        ]
      },
      "properties": {
        "netid": "48:27:EA:61:D4:9D",
        "ssid": "AndroidAPD49D",
        "oui": "48:27:EA",
        "channel": 1,
        "encryption": "wpa2",
        "firsttime": "2025-09-26T00:00:00.000Z",
        "lasttime": "2026-05-24T13:00:00.000Z",
        "city": null,
        "region": "wojew\u00f3dztwo dolno\u015bl\u0105skie",
        "country": "PL",
        "road": "Plac Wolno\u015bci",
        "postalcode": "50-071"
      }
    },
    {
      "type": "Feature",
      "geometry": {
        "type": "Point",
        "coordinates": [
          -0.75252461,
          52.04443741
        ]
      },
      "properties": {
        "netid": "48:27:EA:61:F8:B5",
        "ssid": "Old phone",
        "oui": "48:27:EA",
        "channel": 8,
        "encryption": "wpa2",
        "firsttime": "2025-11-03T13:00:00.000Z",
        "lasttime": "2025-11-04T05:00:00.000Z",
        "city": "Milton Keynes",
        "region": "England",
        "country": "GB",
        "road": "Secklow Gate",
        "postalcode": "MK9 3AB"
      }
    },
    {
      "type": "Feature",
      "geometry": {
        "type": "Point",
        "coordinates": [
          19.10063171,
          47.56079102
        ]
      },
      "properties": {
        "netid": "48:27:EA:61:FF:89",
        "ssid": "KAB A3",
        "oui": "48:27:EA",
        "channel": 11,
        "encryption": "wpa2",
        "firsttime": "2025-02-22T12:00:00.000Z",
        "lasttime": "2025-02-22T04:00:00.000Z",
        "city": null,
        "region": "Budapest",
        "country": "HU",
        "road": "\u00c1rp\u00e1d \u00fat",
        "postalcode": "1042"
      }
    },
    {
      "type": "Feature",
      "geometry": {
        "type": "Point",
        "coordinates": [
          -1.57725894,
          47.21300125
        ]
      },
      "properties": {
        "netid": "48:27:EA:62:04:59",
        "ssid": "AndroidAP",
        "oui": "48:27:EA",
        "channel": 3,
        "encryption": "wpa2",
        "firsttime": "2026-06-24T13:00:00.000Z",
        "lasttime": "2026-06-24T10:00:00.000Z",
        "city": "Nantes",
        "region": "Pays de la Loire",
        "country": "FR",
        "road": "Rue Nicolas Appert",
        "postalcode": "44093"
      }
    },
    {
      "type": "Feature",
      "geometry": {
        "type": "Point",
        "coordinates": [
          14.45920849,
          50.08788681
        ]
      },
      "properties": {
        "netid": "48:27:EA:62:04:61",
        "ssid": "Minutak",
        "oui": "48:27:EA",
        "channel": 7,
        "encryption": "wpa2",
        "firsttime": "2025-10-27T19:00:00.000Z",
        "lasttime": "2025-11-08T06:00:00.000Z",
        "city": "Hlavn\u00ed m\u011bsto Praha",
        "region": "Praha",
        "country": "CZ",
        "road": "Roh\u00e1\u010dova",
        "postalcode": "13000"
      }
    },
    {
      "type": "Feature",
      "geometry": {
        "type": "Point",
        "coordinates": [
          -9.59403324,
          30.40618706
        ]
      },
      "properties": {
        "netid": "48:27:EA:62:6F:83",
        "ssid": "AndroidAP",
        "oui": "48:27:EA",
        "channel": 1,
        "encryption": "wpa2",
        "firsttime": "2026-04-22T16:00:00.000Z",
        "lasttime": "2026-04-22T09:00:00.000Z",
        "city": "Agadir \u2d30\u2d33\u2d30\u2d37\u2d49\u2d54 \u0623\u06af\u0627\u062f\u06cc\u0631",
        "region": "Souss-Massa \u2d59\u2d53\u2d59\u2d59-\u2d4e\u2d30\u2d59\u2d59\u2d30 \u0633\u0648\u0633-\u0645\u0627\u0633\u0629",
        "country": "MA",
        "road": null,
        "postalcode": "80015"
      }
    },
    {
      "type": "Feature",
      "geometry": {
        "type": "Point",
        "coordinates": [
          44.81674576,
          41.79192352
        ]
      },
      "properties": {
        "netid": "48:27:EA:62:98:C3",
        "ssid": "AndroidAP98C3",
        "oui": "48:27:EA",
        "channel": 11,
        "encryption": "wpa2",
        "firsttime": "2025-10-11T11:00:00.000Z",
        "lasttime": "2025-10-11T05:00:00.000Z",
        "city": "\u10d7\u10d1\u10d8\u10da\u10d8\u10e1\u10d8",
        "region": "\u10d2\u10da\u10d3\u10d0\u10dc\u10d8\u10e1 \u10db\u10d0\u10e1\u10d8\u10d5\u10d8",
        "country": "GE",
        "road": "\u10d8\u10da\u10d8\u10d0 \u10d5\u10d4\u10d9\u10e3\u10d0\u10e1 \u10e5\u10e3\u10e9\u10d0",
        "postalcode": "0106"
      }
    },
    {
      "type": "Feature",
      "geometry": {
        "type": "Point",
        "coordinates": [
          40.38166046,
          56.12036514
        ]
      },
      "properties": {
        "netid": "48:27:EA:62:9E:85",
        "ssid": "AndroidAP",
        "oui": "48:27:EA",
        "channel": 11,
        "encryption": "unknown",
        "firsttime": "2024-07-02T16:00:00.000Z",
        "lasttime": "2024-09-12T06:00:00.000Z",
        "city": "\u0412\u043b\u0430\u0434\u0438\u043c\u0438\u0440",
        "region": "\u0412\u043b\u0430\u0434\u0438\u043c\u0438\u0440\u0441\u043a\u0430\u044f \u043e\u0431\u043b\u0430\u0441\u0442\u044c",
        "country": "RU",
        "road": "\u041e\u0444\u0438\u0446\u0435\u0440\u0441\u043a\u0430\u044f \u0443\u043b\u0438\u0446\u0430",
        "postalcode": "600000"
      }
    },
    {
      "type": "Feature",
      "geometry": {
        "type": "Point",
        "coordinates": [
          10.33830833,
          52.33988571
        ]
      },
      "properties": {
        "netid": "48:27:EA:62:E1:38",
        "ssid": "JosephJoestar",
        "oui": "48:27:EA",
        "channel": 6,
        "encryption": "wpa2",
        "firsttime": "2026-08-26T14:00:00.000Z",
        "lasttime": "2026-09-02T16:00:00.000Z",
        "city": null,
        "region": "Niedersachsen",
        "country": "DE",
        "road": "A 2",
        "postalcode": "38176"
      }
    },
    {
      "type": "Feature",
      "geometry": {
        "type": "Point",
        "coordinates": [
          6.81717348,
          51.4917717
        ]
      },
      "properties": {
        "netid": "48:27:EA:62:E3:EE",
        "ssid": null,
        "oui": "48:27:EA",
        "channel": 10,
        "encryption": "unknown",
        "firsttime": "2024-11-29T16:00:00.000Z",
        "lasttime": "2024-11-29T16:00:00.000Z",
        "city": "Duisburg",
        "region": "Nordrhein-Westfalen",
        "country": "DE",
        "road": "A 3",
        "postalcode": "47167"
      }
    },
    {
      "type": "Feature",
      "geometry": {
        "type": "Point",
        "coordinates": [
          0.07840449,
          51.56245422
        ]
      },
      "properties": {
        "netid": "48:27:EA:62:FE:C4",
        "ssid": "AndroidAP",
        "oui": "48:27:EA",
        "channel": 6,
        "encryption": "wpa2",
        "firsttime": "2026-03-30T19:00:00.000Z",
        "lasttime": "2026-03-30T16:00:00.000Z",
        "city": "London",
        "region": "England",
        "country": "GB",
        "road": "Ley Street",
        "postalcode": "IG1 4BS"
      }
    },
    {
      "type": "Feature",
      "geometry": {
        "type": "Point",
        "coordinates": [
          11.36345196,
          49.01852036
        ]
      },
      "properties": {
        "netid": "48:27:EA:63:72:96",
        "ssid": "AndroidAP604b",
        "oui": "48:27:EA",
        "channel": 1,
        "encryption": "wpa2",
        "firsttime": "2026-05-04T06:00:00.000Z",
        "lasttime": "2026-05-31T13:00:00.000Z",
        "city": null,
        "region": "Bayern",
        "country": "DE",
        "road": "A 9",
        "postalcode": "91171"
      }
    },
    {
      "type": "Feature",
      "geometry": {
        "type": "Point",
        "coordinates": [
          49.85529709,
          40.4035759
        ]
      },
      "properties": {
        "netid": "48:27:EA:64:00:A6",
        "ssid": "Galaxy J500A6",
        "oui": "48:27:EA",
        "channel": 11,
        "encryption": "wpa2",
        "firsttime": "2025-06-29T15:00:00.000Z",
        "lasttime": "2025-06-29T08:00:00.000Z",
        "city": "Bak\u0131 \u0130nzibati \u018frazisi",
        "region": "Bak\u0131",
        "country": "AZ",
        "road": "H\u0259s\u0259n \u018fliyev k\u00fc\u00e7\u0259si",
        "postalcode": "1052"
      }
    },
    {
      "type": "Feature",
      "geometry": {
        "type": "Point",
        "coordinates": [
          103.89206696,
          52.55701447
        ]
      },
      "properties": {
        "netid": "48:27:EA:64:03:3C",
        "ssid": "??????",
        "oui": "48:27:EA",
        "channel": 11,
        "encryption": "unknown",
        "firsttime": "2005-10-12T16:00:00.000Z",
        "lasttime": "2025-06-08T02:00:00.000Z",
        "city": "\u0410\u043d\u0433\u0430\u0440\u0441\u043a",
        "region": "\u0418\u0440\u043a\u0443\u0442\u0441\u043a\u0430\u044f \u043e\u0431\u043b\u0430\u0441\u0442\u044c",
        "country": "RU",
        "road": null,
        "postalcode": "665806"
      }
    },
    {
      "type": "Feature",
      "geometry": {
        "type": "Point",
        "coordinates": [
          19.89319801,
          50.01801682
        ]
      },
      "properties": {
        "netid": "48:27:EA:64:24:F0",
        "ssid": "Galaxy J524F0",
        "oui": "48:27:EA",
        "channel": 1,
        "encryption": "wpa2",
        "firsttime": "2024-12-26T14:00:00.000Z",
        "lasttime": "2025-01-01T13:00:00.000Z",
        "city": null,
        "region": "wojew\u00f3dztwo ma\u0142opolskie",
        "country": "PL",
        "road": "Profesora Micha\u0142a Bobrzy\u0144skiego",
        "postalcode": "30-392"
      }
    },
    {
      "type": "Feature",
      "geometry": {
        "type": "Point",
        "coordinates": [
          83.76813507,
          53.33810425
        ]
      },
      "properties": {
        "netid": "48:27:EA:64:2D:BC",
        "ssid": "AndroidAP",
        "oui": "48:27:EA",
        "channel": 1,
        "encryption": "unknown",
        "firsttime": "2024-07-05T11:00:00.000Z",
        "lasttime": "2024-12-17T06:00:00.000Z",
        "city": "\u0411\u0430\u0440\u043d\u0430\u0443\u043b",
        "region": "\u0410\u043b\u0442\u0430\u0439\u0441\u043a\u0438\u0439 \u043a\u0440\u0430\u0439",
        "country": "RU",
        "road": "\u0443\u043b\u0438\u0446\u0430 \u041f\u0430\u043f\u0430\u043d\u0438\u043d\u0446\u0435\u0432",
        "postalcode": "656049"
      }
    },
    {
      "type": "Feature",
      "geometry": {
        "type": "Point",
        "coordinates": [
          12.65606976,
          51.46735001
        ]
      },
      "properties": {
        "netid": "48:27:EA:64:5E:C8",
        "ssid": "A3-FOR",
        "oui": "48:27:EA",
        "channel": 8,
        "encryption": "wpa2",
        "firsttime": "2026-06-20T09:00:00.000Z",
        "lasttime": "2026-06-21T04:00:00.000Z",
        "city": null,
        "region": "Sachsen",
        "country": "DE",
        "road": "Puschkinstra\u00dfe",
        "postalcode": "04838"
      }
    },
    {
      "type": "Feature",
      "geometry": {
        "type": "Point",
        "coordinates": [
          8.54722214,
          47.3794899
        ]
      },
      "properties": {
        "netid": "48:27:EA:64:5F:EC",
        "ssid": "AndroidAP5705",
        "oui": "48:27:EA",
        "channel": 6,
        "encryption": "wpa2",
        "firsttime": "2026-05-15T12:00:00.000Z",
        "lasttime": "2026-05-15T05:00:00.000Z",
        "city": "Z\u00fcrich",
        "region": "Z\u00fcrich",
        "country": "CH",
        "road": "Culmannstrasse",
        "postalcode": "8006"
      }
    },
    {
      "type": "Feature",
      "geometry": {
        "type": "Point",
        "coordinates": [
          -75.20355988,
          -14.5280323
        ]
      },
      "properties": {
        "netid": "48:27:EA:64:6C:44",
        "ssid": "AndroidAP7185",
        "oui": "48:27:EA",
        "channel": 3,
        "encryption": "wpa2",
        "firsttime": "2024-12-30T03:00:00.000Z",
        "lasttime": "2024-12-30T00:00:00.000Z",
        "city": null,
        "region": "Ica",
        "country": "PE",
        "road": "Panamericana Sur",
        "postalcode": null
      }
    },
    {
      "type": "Feature",
      "geometry": {
        "type": "Point",
        "coordinates": [
          35.34519577,
          37.02968216
        ]
      },
      "properties": {
        "netid": "48:27:EA:64:AB:36",
        "ssid": "AndroidAPAB36",
        "oui": "48:27:EA",
        "channel": 1,
        "encryption": "wpa2",
        "firsttime": "2024-11-01T06:00:00.000Z",
        "lasttime": "2024-10-31T23:00:00.000Z",
        "city": null,
        "region": "Akdeniz B\u00f6lgesi",
        "country": "TR",
        "road": null,
        "postalcode": null
      }
    },
    {
      "type": "Feature",
      "geometry": {
        "type": "Point",
        "coordinates": [
          23.05630112,
          40.73074341
        ]
      },
      "properties": {
        "netid": "48:27:EA:64:CD:BC",
        "ssid": "AndroidAP",
        "oui": "48:27:EA",
        "channel": 6,
        "encryption": "wpa2",
        "firsttime": "2026-04-22T10:00:00.000Z",
        "lasttime": "2026-04-22T10:00:00.000Z",
        "city": null,
        "region": "\u0391\u03c0\u03bf\u03ba\u03b5\u03bd\u03c4\u03c1\u03c9\u03bc\u03ad\u03bd\u03b7 \u0394\u03b9\u03bf\u03af\u03ba\u03b7\u03c3\u03b7 \u039c\u03b1\u03ba\u03b5\u03b4\u03bf\u03bd\u03af\u03b1\u03c2 - \u0398\u03c1\u03ac\u03ba\u03b7\u03c2",
        "country": "GR",
        "road": "\u0397\u03b3\u03bf\u03c5\u03bc\u03b5\u03bd\u03af\u03c4\u03c3\u03b1 - \u0398\u03b5\u03c3\u03c3\u03b1\u03bb\u03bf\u03bd\u03af\u03ba\u03b7 - \u039a\u03ae\u03c0\u03bf\u03b9 \u0388\u03b2\u03c1\u03bf\u03c5",
        "postalcode": "57200"
      }
    },
    {
      "type": "Feature",
      "geometry": {
        "type": "Point",
        "coordinates": [
          4.02821493,
          49.25998688
        ]
      },
      "properties": {
        "netid": "48:27:EA:65:2B:DF",
        "ssid": "AndroidHotspot1634",
        "oui": "48:27:EA",
        "channel": 6,
        "encryption": "wpa2",
        "firsttime": "2022-12-03T18:00:00.000Z",
        "lasttime": "2025-12-19T07:00:00.000Z",
        "city": "Reims",
        "region": "Grand Est",
        "country": "FR",
        "road": "All\u00e9e des 7 et 8 Mai 1945",
        "postalcode": "51100"
      }
    },
    {
      "type": "Feature",
      "geometry": {
        "type": "Point",
        "coordinates": [
          15.21774006,
          37.26344681
        ]
      },
      "properties": {
        "netid": "48:27:EA:65:BD:3D",
        "ssid": "Galaxy J5BD3D",
        "oui": "48:27:EA",
        "channel": 6,
        "encryption": "wpa2",
        "firsttime": "2025-05-20T17:00:00.000Z",
        "lasttime": "2025-05-21T03:00:00.000Z",
        "city": "Augusta",
        "region": "Sicilia",
        "country": "IT",
        "road": "Via Barone Cesare Zuppello",
        "postalcode": "96012"
      }
    },
    {
      "type": "Feature",
      "geometry": {
        "type": "Point",
        "coordinates": [
          15.00801945,
          37.48298264
        ]
      },
      "properties": {
        "netid": "48:27:EA:65:F6:E7",
        "ssid": "Emanuele 84",
        "oui": "48:27:EA",
        "channel": 6,
        "encryption": "wpa2",
        "firsttime": "2024-04-05T07:00:00.000Z",
        "lasttime": "2024-10-16T06:00:00.000Z",
        "city": "Misterbianco",
        "region": "Sicilia",
        "country": "IT",
        "road": "Tangenziale Ovest di Catania",
        "postalcode": "95045"
      }
    },
    {
      "type": "Feature",
      "geometry": {
        "type": "Point",
        "coordinates": [
          20.99797249,
          52.21617889
        ]
      },
      "properties": {
        "netid": "48:27:EA:66:20:A7",
        "ssid": "AndroidAP20A7",
        "oui": "48:27:EA",
        "channel": 6,
        "encryption": "wpa2",
        "firsttime": "2024-10-19T08:00:00.000Z",
        "lasttime": "2024-10-21T12:00:00.000Z",
        "city": "Warszawa",
        "region": "wojew\u00f3dztwo mazowieckie",
        "country": "PL",
        "road": "Wawelska",
        "postalcode": "02-034"
      }
    },
    {
      "type": "Feature",
      "geometry": {
        "type": "Point",
        "coordinates": [
          19.41555023,
          50.48960876
        ]
      },
      "properties": {
        "netid": "48:27:EA:66:20:D5",
        "ssid": "AndroidAP",
        "oui": "48:27:EA",
        "channel": 6,
        "encryption": "wpa2",
        "firsttime": "2023-09-25T12:00:00.000Z",
        "lasttime": "2025-07-16T06:00:00.000Z",
        "city": null,
        "region": "wojew\u00f3dztwo \u015bl\u0105skie",
        "country": "PL",
        "road": "Por\u0119bska",
        "postalcode": "42-400"
      }
    },
    {
      "type": "Feature",
      "geometry": {
        "type": "Point",
        "coordinates": [
          17.04794693,
          51.12663269
        ]
      },
      "properties": {
        "netid": "48:27:EA:66:28:A7",
        "ssid": "AndroidAP",
        "oui": "48:27:EA",
        "channel": 11,
        "encryption": "wpa2",
        "firsttime": "2026-08-02T12:00:00.000Z",
        "lasttime": "2026-08-02T05:00:00.000Z",
        "city": "Wroc\u0142aw",
        "region": "wojew\u00f3dztwo dolno\u015bl\u0105skie",
        "country": "PL",
        "road": "Jedno\u015bci Narodowej",
        "postalcode": "50-001"
      }
    },
    {
      "type": "Feature",
      "geometry": {
        "type": "Point",
        "coordinates": [
          4.81217241,
          45.75673294
        ]
      },
      "properties": {
        "netid": "48:27:EA:66:2B:B5",
        "ssid": "AndroidAP2BB5",
        "oui": "48:27:EA",
        "channel": 11,
        "encryption": "wpa2",
        "firsttime": "2024-09-06T17:00:00.000Z",
        "lasttime": "2024-09-06T10:00:00.000Z",
        "city": "Lyon",
        "region": "Auvergne-Rh\u00f4ne-Alpes",
        "country": "FR",
        "road": "Rue Appian",
        "postalcode": "69005"
      }
    },
    {
      "type": "Feature",
      "geometry": {
        "type": "Point",
        "coordinates": [
          4.86004829,
          45.76063919
        ]
      },
      "properties": {
        "netid": "48:27:EA:66:4C:27",
        "ssid": "Hama1111",
        "oui": "48:27:EA",
        "channel": 6,
        "encryption": "wpa2",
        "firsttime": "2025-09-09T12:00:00.000Z",
        "lasttime": "2025-09-09T12:00:00.000Z",
        "city": "Lyon",
        "region": "Auvergne-Rh\u00f4ne-Alpes",
        "country": "FR",
        "road": "Gare de Lyon Part-Dieu",
        "postalcode": "69003"
      }
    },
    {
      "type": "Feature",
      "geometry": {
        "type": "Point",
        "coordinates": [
          4.31579924,
          52.06212997
        ]
      },
      "properties": {
        "netid": "48:27:EA:66:60:DB",
        "ssid": "AndroidAP60DB",
        "oui": "48:27:EA",
        "channel": 6,
        "encryption": "wpa2",
        "firsttime": "2022-09-04T11:00:00.000Z",
        "lasttime": "2024-10-15T10:00:00.000Z",
        "city": "Den Haag",
        "region": "Zuid-Holland",
        "country": "NL",
        "road": "Verheeskade",
        "postalcode": "2521DG"
      }
    },
    {
      "type": "Feature",
      "geometry": {
        "type": "Point",
        "coordinates": [
          175.82522583,
          -38.19524002
        ]
      },
      "properties": {
        "netid": "48:27:EA:66:87:7B",
        "ssid": "AndroidAP",
        "oui": "48:27:EA",
        "channel": 11,
        "encryption": "wpa2",
        "firsttime": "2024-11-02T02:00:00.000Z",
        "lasttime": "2024-11-14T16:00:00.000Z",
        "city": null,
        "region": "Waikato",
        "country": "NZ",
        "road": "Matanuku Road",
        "postalcode": "3491"
      }
    },
    {
      "type": "Feature",
      "geometry": {
        "type": "Point",
        "coordinates": [
          7.59163809,
          47.54244232
        ]
      },
      "properties": {
        "netid": "48:27:EA:66:A5:2F",
        "ssid": "AndroidAP - Aylin Kurtuldu",
        "oui": "48:27:EA",
        "channel": 4,
        "encryption": "wpa2",
        "firsttime": "2024-02-05T20:00:00.000Z",
        "lasttime": "2025-01-18T04:00:00.000Z",
        "city": "Basel",
        "region": "Basel-Stadt",
        "country": "CH",
        "road": "Dornacherstrasse",
        "postalcode": "4053"
      }
    },
    {
      "type": "Feature",
      "geometry": {
        "type": "Point",
        "coordinates": [
          31.21695328,
          36.8938942
        ]
      },
      "properties": {
        "netid": "48:27:EA:66:AA:17",
        "ssid": "AndroidAP",
        "oui": "48:27:EA",
        "channel": 1,
        "encryption": "wpa2",
        "firsttime": "2024-10-06T12:00:00.000Z",
        "lasttime": "2024-10-09T22:00:00.000Z",
        "city": null,
        "region": "Akdeniz B\u00f6lgesi",
        "country": "TR",
        "road": "Antalya - Mersin Yolu",
        "postalcode": "07550"
      }
    },
    {
      "type": "Feature",
      "geometry": {
        "type": "Point",
        "coordinates": [
          12.31159973,
          51.82497025
        ]
      },
      "properties": {
        "netid": "48:27:EA:67:11:A5",
        "ssid": "VK630CH net",
        "oui": "48:27:EA",
        "channel": 11,
        "encryption": "wpa2",
        "firsttime": "2020-05-29T14:00:00.000Z",
        "lasttime": "2025-04-25T14:00:00.000Z",
        "city": null,
        "region": "Sachsen-Anhalt",
        "country": "DE",
        "road": "A 9",
        "postalcode": "06844"
      }
    },
    {
      "type": "Feature",
      "geometry": {
        "type": "Point",
        "coordinates": [
          8.60280418,
          49.21576691
        ]
      },
      "properties": {
        "netid": "48:27:EA:67:2E:05",
        "ssid": "HellboY",
        "oui": "48:27:EA",
        "channel": 11,
        "encryption": "wpa2",
        "firsttime": "2024-12-26T18:00:00.000Z",
        "lasttime": "2024-12-26T11:00:00.000Z",
        "city": null,
        "region": "Baden-W\u00fcrttemberg",
        "country": "DE",
        "road": "A 5",
        "postalcode": "76709"
      }
    },
    {
      "type": "Feature",
      "geometry": {
        "type": "Point",
        "coordinates": [
          8.2834692,
          48.88690948
        ]
      },
      "properties": {
        "netid": "48:27:EA:67:35:BF",
        "ssid": "AndroidAP",
        "oui": "48:27:EA",
        "channel": 1,
        "encryption": "wpa2",
        "firsttime": "2026-02-17T19:00:00.000Z",
        "lasttime": "2026-02-17T12:00:00.000Z",
        "city": null,
        "region": "Baden-W\u00fcrttemberg",
        "country": "DE",
        "road": "A 5",
        "postalcode": "76470"
      }
    },
    {
      "type": "Feature",
      "geometry": {
        "type": "Point",
        "coordinates": [
          8.95700455,
          54.15879822
        ]
      },
      "properties": {
        "netid": "48:27:EA:67:3B:5B",
        "ssid": "AndroidAP",
        "oui": "48:27:EA",
        "channel": 1,
        "encryption": "wpa2",
        "firsttime": "2025-08-21T15:00:00.000Z",
        "lasttime": "2026-04-11T13:00:00.000Z",
        "city": null,
        "region": "Schleswig-Holstein",
        "country": "DE",
        "road": null,
        "postalcode": "25797"
      }
    },
    {
      "type": "Feature",
      "geometry": {
        "type": "Point",
        "coordinates": [
          -3.67711258,
          40.36170197
        ]
      },
      "properties": {
        "netid": "48:27:EA:68:4F:C1",
        "ssid": "Fenando1980",
        "oui": "48:27:EA",
        "channel": 1,
        "encryption": "wpa2",
        "firsttime": "2024-10-24T10:00:00.000Z",
        "lasttime": "2024-10-24T03:00:00.000Z",
        "city": "Madrid",
        "region": "Comunidad de Madrid",
        "country": "ES",
        "road": "M-40",
        "postalcode": "28041"
      }
    },
    {
      "type": "Feature",
      "geometry": {
        "type": "Point",
        "coordinates": [
          4.91700935,
          52.34666061
        ]
      },
      "properties": {
        "netid": "48:27:EA:68:57:AB",
        "ssid": "Galaxy J557AB",
        "oui": "48:27:EA",
        "channel": 11,
        "encryption": "wpa2",
        "firsttime": "2001-01-01T00:00:00.000Z",
        "lasttime": "2024-10-14T08:00:00.000Z",
        "city": "Amsterdam",
        "region": "Noord-Holland",
        "country": "NL",
        "road": "Amstelhoek",
        "postalcode": "1096HA"
      }
    },
    {
      "type": "Feature",
      "geometry": {
        "type": "Point",
        "coordinates": [
          14.33520412,
          50.06902695
        ]
      },
      "properties": {
        "netid": "48:27:EA:68:6F:2B",
        "ssid": "AndroidAP6F2B",
        "oui": "48:27:EA",
        "channel": 6,
        "encryption": "wpa2",
        "firsttime": "2026-02-02T11:00:00.000Z",
        "lasttime": "2026-02-02T04:00:00.000Z",
        "city": "Hlavn\u00ed m\u011bsto Praha",
        "region": "Praha",
        "country": "CZ",
        "road": "Kukulova",
        "postalcode": "158 00"
      }
    },
    {
      "type": "Feature",
      "geometry": {
        "type": "Point",
        "coordinates": [
          14.4287262,
          50.09091568
        ]
      },
      "properties": {
        "netid": "48:27:EA:68:6F:DD",
        "ssid": "Betka wifi",
        "oui": "48:27:EA",
        "channel": 11,
        "encryption": "wpa2",
        "firsttime": "2025-09-17T14:00:00.000Z",
        "lasttime": "2025-10-24T12:00:00.000Z",
        "city": "Hlavn\u00ed m\u011bsto Praha",
        "region": "Praha",
        "country": "CZ",
        "road": "Soukenick\u00e1",
        "postalcode": "11000"
      }
    },
    {
      "type": "Feature",
      "geometry": {
        "type": "Point",
        "coordinates": [
          71.41081238,
          51.15952301
        ]
      },
      "properties": {
        "netid": "48:27:EA:69:1A:B4",
        "ssid": "AndroidAP1AB4",
        "oui": "48:27:EA",
        "channel": 6,
        "encryption": "wpa2",
        "firsttime": "2023-08-16T06:00:00.000Z",
        "lasttime": "2025-06-27T01:00:00.000Z",
        "city": "\u0410\u0441\u0442\u0430\u043d\u0430",
        "region": "\u0410\u0441\u0442\u0430\u043d\u0430",
        "country": "KZ",
        "road": "\u043f\u0440\u043e\u0441\u043f\u0435\u043a\u0442 \u0421\u0430\u0440\u044b\u0430\u0440\u043a\u0430",
        "postalcode": "010000"
      }
    },
    {
      "type": "Feature",
      "geometry": {
        "type": "Point",
        "coordinates": [
          50.19462585,
          53.24636078
        ]
      },
      "properties": {
        "netid": "48:27:EA:69:1D:60",
        "ssid": "AndroidAP1D60",
        "oui": "48:27:EA",
        "channel": 6,
        "encryption": "unknown",
        "firsttime": "2024-11-13T09:00:00.000Z",
        "lasttime": "2024-11-13T03:00:00.000Z",
        "city": "\u0421\u0430\u043c\u0430\u0440\u0430",
        "region": "\u0421\u0430\u043c\u0430\u0440\u0441\u043a\u0430\u044f \u043e\u0431\u043b\u0430\u0441\u0442\u044c",
        "country": "RU",
        "road": "\u0421\u043e\u043b\u043d\u0435\u0447\u043d\u0430\u044f \u0443\u043b\u0438\u0446\u0430",
        "postalcode": "443028"
      }
    },
    {
      "type": "Feature",
      "geometry": {
        "type": "Point",
        "coordinates": [
          -6.25219774,
          53.34183884
        ]
      },
      "properties": {
        "netid": "48:27:EA:69:2B:3A",
        "ssid": "AndroidAP2B3A",
        "oui": "48:27:EA",
        "channel": 1,
        "encryption": "wpa2",
        "firsttime": "2024-11-08T10:00:00.000Z",
        "lasttime": "2024-11-11T10:00:00.000Z",
        "city": "Dublin",
        "region": "Leinster",
        "country": "IE",
        "road": "Clare Street",
        "postalcode": "D02 FR90"
      }
    },
    {
      "type": "Feature",
      "geometry": {
        "type": "Point",
        "coordinates": [
          105.89655304,
          21.02671623
        ]
      },
      "properties": {
        "netid": "48:27:EA:69:2E:E8",
        "ssid": "AndroidAP",
        "oui": "48:27:EA",
        "channel": 11,
        "encryption": "wpa2",
        "firsttime": "2025-02-18T02:00:00.000Z",
        "lasttime": "2025-02-17T22:00:00.000Z",
        "city": "Th\u00e0nh ph\u1ed1 H\u00e0 N\u1ed9i",
        "region": "Ph\u01b0\u1eddng Long Bi\u00ean",
        "country": "VN",
        "road": "Ph\u1ed1 \u0110\u00e0m Quang Trung",
        "postalcode": "0610"
      }
    },
    {
      "type": "Feature",
      "geometry": {
        "type": "Point",
        "coordinates": [
          13.731884,
          48.17726517
        ]
      },
      "properties": {
        "netid": "48:27:EA:69:35:A0",
        "ssid": "AndroidAP",
        "oui": "48:27:EA",
        "channel": 11,
        "encryption": "wpa2",
        "firsttime": "2023-08-02T16:00:00.000Z",
        "lasttime": "2026-08-26T06:00:00.000Z",
        "city": null,
        "region": "Ober\u00f6sterreich",
        "country": "AT",
        "road": "Innkreis Autobahn",
        "postalcode": "4676"
      }
    },
    {
      "type": "Feature",
      "geometry": {
        "type": "Point",
        "coordinates": [
          14.79907799,
          53.50125122
        ]
      },
      "properties": {
        "netid": "48:27:EA:69:3B:C2",
        "ssid": "kuzmin oleh",
        "oui": "48:27:EA",
        "channel": 11,
        "encryption": "wpa2",
        "firsttime": "2026-09-01T10:00:00.000Z",
        "lasttime": "2026-09-01T06:00:00.000Z",
        "city": null,
        "region": "wojew\u00f3dztwo zachodniopomorskie",
        "country": "PL",
        "road": "S3;S6",
        "postalcode": "72-123"
      }
    },
    {
      "type": "Feature",
      "geometry": {
        "type": "Point",
        "coordinates": [
          20.98042297,
          52.23635483
        ]
      },
      "properties": {
        "netid": "48:27:EA:69:3C:02",
        "ssid": "Abc1",
        "oui": "48:27:EA",
        "channel": 11,
        "encryption": "wpa2",
        "firsttime": "2024-10-28T19:00:00.000Z",
        "lasttime": "2024-10-30T12:00:00.000Z",
        "city": "Warszawa",
        "region": "wojew\u00f3dztwo mazowieckie",
        "country": "PL",
        "road": "Okopowa 07",
        "postalcode": "01-202"
      }
    },
    {
      "type": "Feature",
      "geometry": {
        "type": "Point",
        "coordinates": [
          15.28736019,
          37.07546234
        ]
      },
      "properties": {
        "netid": "48:27:EA:69:6C:58",
        "ssid": "Android e",
        "oui": "48:27:EA",
        "channel": 6,
        "encryption": "wpa2",
        "firsttime": "2024-10-30T07:00:00.000Z",
        "lasttime": "2024-10-30T01:00:00.000Z",
        "city": "Siracusa",
        "region": "Sicilia",
        "country": "IT",
        "road": null,
        "postalcode": "96100"
      }
    },
    {
      "type": "Feature",
      "geometry": {
        "type": "Point",
        "coordinates": [
          14.33101654,
          45.99363708
        ]
      },
      "properties": {
        "netid": "48:27:EA:69:77:68",
        "ssid": "AndroidAP",
        "oui": "48:27:EA",
        "channel": 6,
        "encryption": "wpa2",
        "firsttime": "2025-05-03T14:00:00.000Z",
        "lasttime": "2025-07-10T06:00:00.000Z",
        "city": null,
        "region": "Vrhnika",
        "country": "SI",
        "road": "A1",
        "postalcode": "1360"
      }
    },
    {
      "type": "Feature",
      "geometry": {
        "type": "Point",
        "coordinates": [
          16.988554,
          51.09663773
        ]
      },
      "properties": {
        "netid": "48:27:EA:69:7F:48",
        "ssid": "Jekson",
        "oui": "48:27:EA",
        "channel": 11,
        "encryption": "wpa2",
        "firsttime": "2025-01-13T13:00:00.000Z",
        "lasttime": "2026-08-05T01:00:00.000Z",
        "city": null,
        "region": "wojew\u00f3dztwo dolno\u015bl\u0105skie",
        "country": "PL",
        "road": "Grabiszy\u0144ska",
        "postalcode": "53-235"
      }
    },
    {
      "type": "Feature",
      "geometry": {
        "type": "Point",
        "coordinates": [
          2.90310669,
          51.20371628
        ]
      },
      "properties": {
        "netid": "48:27:EA:69:F6:FA",
        "ssid": "Galaxy J5F6FA",
        "oui": "48:27:EA",
        "channel": 11,
        "encryption": "wpa2",
        "firsttime": "2001-01-01T00:00:00.000Z",
        "lasttime": "2025-08-08T06:00:00.000Z",
        "city": null,
        "region": "West-Vlaanderen",
        "country": "BE",
        "road": "Torhoutsesteenweg",
        "postalcode": "8400"
      }
    },
    {
      "type": "Feature",
      "geometry": {
        "type": "Point",
        "coordinates": [
          23.72672653,
          37.97933578
        ]
      },
      "properties": {
        "netid": "48:27:EA:69:F7:E6",
        "ssid": "AndroidAP",
        "oui": "48:27:EA",
        "channel": 11,
        "encryption": "wpa2",
        "firsttime": "2025-11-24T10:00:00.000Z",
        "lasttime": "2025-11-24T11:00:00.000Z",
        "city": "\u0391\u03b8\u03ae\u03bd\u03b1",
        "region": "\u0391\u03c0\u03bf\u03ba\u03b5\u03bd\u03c4\u03c1\u03c9\u03bc\u03ad\u03bd\u03b7 \u0394\u03b9\u03bf\u03af\u03ba\u03b7\u03c3\u03b7 \u0391\u03c4\u03c4\u03b9\u03ba\u03ae\u03c2",
        "country": "GR",
        "road": "\u0391\u03b8\u03b7\u03bd\u03ac\u03c2",
        "postalcode": "10551"
      }
    },
    {
      "type": "Feature",
      "geometry": {
        "type": "Point",
        "coordinates": [
          30.33938408,
          59.92443848
        ]
      },
      "properties": {
        "netid": "48:27:EA:6A:08:56",
        "ssid": "Galaxy J50856",
        "oui": "48:27:EA",
        "channel": 11,
        "encryption": "unknown",
        "firsttime": "2025-07-25T13:00:00.000Z",
        "lasttime": "2025-12-12T10:00:00.000Z",
        "city": "\u0421\u0430\u043d\u043a\u0442-\u041f\u0435\u0442\u0435\u0440\u0431\u0443\u0440\u0433",
        "region": "\u0421\u0430\u043d\u043a\u0442-\u041f\u0435\u0442\u0435\u0440\u0431\u0443\u0440\u0433",
        "country": "RU",
        "road": "\u0421\u043e\u0446\u0438\u0430\u043b\u0438\u0441\u0442\u0438\u0447\u0435\u0441\u043a\u0430\u044f \u0443\u043b\u0438\u0446\u0430",
        "postalcode": "191126"
      }
    },
    {
      "type": "Feature",
      "geometry": {
        "type": "Point",
        "coordinates": [
          44.61889648,
          48.81710815
        ]
      },
      "properties": {
        "netid": "48:27:EA:6A:0B:6E",
        "ssid": "Galaxy J50B6E",
        "oui": "48:27:EA",
        "channel": 11,
        "encryption": "unknown",
        "firsttime": "2025-03-30T12:00:00.000Z",
        "lasttime": "2025-03-30T11:00:00.000Z",
        "city": "\u0412\u043e\u043b\u0433\u043e\u0433\u0440\u0430\u0434",
        "region": "\u0412\u043e\u043b\u0433\u043e\u0433\u0440\u0430\u0434\u0441\u043a\u0430\u044f \u043e\u0431\u043b\u0430\u0441\u0442\u044c",
        "country": "RU",
        "road": "\u0443\u043b\u0438\u0446\u0430 \u041a\u0440\u043e\u043f\u043e\u0442\u043a\u0438\u043d\u0430",
        "postalcode": "400121"
      }
    },
    {
      "type": "Feature",
      "geometry": {
        "type": "Point",
        "coordinates": [
          37.73190689,
          55.87919235
        ]
      },
      "properties": {
        "netid": "48:27:EA:6A:11:80",
        "ssid": "Android melur",
        "oui": "48:27:EA",
        "channel": 11,
        "encryption": "unknown",
        "firsttime": "2026-06-29T13:00:00.000Z",
        "lasttime": "2026-06-29T08:00:00.000Z",
        "city": "\u041c\u043e\u0441\u043a\u0432\u0430",
        "region": "\u041c\u043e\u0441\u043a\u0432\u0430",
        "country": "RU",
        "road": "\u041c\u041a\u0410\u0414, 95-\u0439 \u043a\u0438\u043b\u043e\u043c\u0435\u0442\u0440",
        "postalcode": "129347"
      }
    },
    {
      "type": "Feature",
      "geometry": {
        "type": "Point",
        "coordinates": [
          11.9549284,
          42.02351761
        ]
      },
      "properties": {
        "netid": "48:27:EA:6A:3E:16",
        "ssid": "AndroidAP3E16",
        "oui": "48:27:EA",
        "channel": 6,
        "encryption": "wpa2",
        "firsttime": "2024-09-29T12:00:00.000Z",
        "lasttime": "2024-09-29T10:00:00.000Z",
        "city": null,
        "region": "Lazio",
        "country": "IT",
        "road": "Viale del Tirreno",
        "postalcode": null
      }
    },
    {
      "type": "Feature",
      "geometry": {
        "type": "Point",
        "coordinates": [
          18.59830284,
          53.0202179
        ]
      },
      "properties": {
        "netid": "48:27:EA:6A:40:22",
        "ssid": "BartekOffice",
        "oui": "48:27:EA",
        "channel": 1,
        "encryption": "wpa2",
        "firsttime": "2025-02-25T07:00:00.000Z",
        "lasttime": "2025-06-01T14:00:00.000Z",
        "city": "Toru\u0144",
        "region": "wojew\u00f3dztwo kujawsko-pomorskie",
        "country": "PL",
        "road": "Szosa Che\u0142mi\u0144ska",
        "postalcode": "87-100"
      }
    },
    {
      "type": "Feature",
      "geometry": {
        "type": "Point",
        "coordinates": [
          -0.07398932,
          51.50924683
        ]
      },
      "properties": {
        "netid": "48:27:EA:6A:84:AC",
        "ssid": "AndroidAP84AC",
        "oui": "48:27:EA",
        "channel": 10,
        "encryption": "wpa2",
        "firsttime": "2025-02-04T14:00:00.000Z",
        "lasttime": "2026-07-04T02:00:00.000Z",
        "city": null,
        "region": "England",
        "country": "GB",
        "road": "Tower Bridge Approach",
        "postalcode": "EC3N 4DX"
      }
    },
    {
      "type": "Feature",
      "geometry": {
        "type": "Point",
        "coordinates": [
          -1.47787035,
          52.91555405
        ]
      },
      "properties": {
        "netid": "48:27:EA:6A:8E:56",
        "ssid": "AndroidAP",
        "oui": "48:27:EA",
        "channel": 1,
        "encryption": "wpa2",
        "firsttime": "2025-04-17T18:00:00.000Z",
        "lasttime": "2025-04-18T05:00:00.000Z",
        "city": "Derby",
        "region": "England",
        "country": "GB",
        "road": "Normanton Road",
        "postalcode": "DE1 2GH"
      }
    },
    {
      "type": "Feature",
      "geometry": {
        "type": "Point",
        "coordinates": [
          11.88059139,
          50.01202393
        ]
      },
      "properties": {
        "netid": "48:27:EA:6A:A7:14",
        "ssid": "AndroidAPA714",
        "oui": "48:27:EA",
        "channel": 6,
        "encryption": "wpa2",
        "firsttime": "2022-06-01T22:00:00.000Z",
        "lasttime": "2025-04-15T08:00:00.000Z",
        "city": "Neubauer Forst-S\u00fcd",
        "region": "Bayern",
        "country": "DE",
        "road": "B 303",
        "postalcode": "95709"
      }
    },
    {
      "type": "Feature",
      "geometry": {
        "type": "Point",
        "coordinates": [
          13.22668457,
          46.06616592
        ]
      },
      "properties": {
        "netid": "48:27:EA:6A:C5:D6",
        "ssid": "AndroidAPC5D6",
        "oui": "48:27:EA",
        "channel": 1,
        "encryption": "wpa2",
        "firsttime": "2026-04-04T16:00:00.000Z",
        "lasttime": "2026-04-04T09:00:00.000Z",
        "city": "Udine",
        "region": "Friuli-Venezia Giulia",
        "country": "IT",
        "road": "Via Marco Volpe",
        "postalcode": "33100"
      }
    },
    {
      "type": "Feature",
      "geometry": {
        "type": "Point",
        "coordinates": [
          4.31620073,
          52.06197357
        ]
      },
      "properties": {
        "netid": "48:27:EA:6A:EA:CA",
        "ssid": "AndroidAP",
        "oui": "48:27:EA",
        "channel": 6,
        "encryption": "wpa2",
        "firsttime": "2023-09-03T13:00:00.000Z",
        "lasttime": "2025-04-13T10:00:00.000Z",
        "city": "Den Haag",
        "region": "Zuid-Holland",
        "country": "NL",
        "road": "Verheeskade",
        "postalcode": "2521BN"
      }
    },
    {
      "type": "Feature",
      "geometry": {
        "type": "Point",
        "coordinates": [
          -2.22066617,
          51.84545135
        ]
      },
      "properties": {
        "netid": "48:27:EA:6A:F1:D2",
        "ssid": "AndroidAP",
        "oui": "48:27:EA",
        "channel": 6,
        "encryption": "wpa2",
        "firsttime": "2025-06-25T16:00:00.000Z",
        "lasttime": "2025-07-10T07:00:00.000Z",
        "city": "Gloucester",
        "region": "England",
        "country": "GB",
        "road": "Painswick Road",
        "postalcode": "GL4 4QX"
      }
    },
    {
      "type": "Feature",
      "geometry": {
        "type": "Point",
        "coordinates": [
          27.71709251,
          42.69839859
        ]
      },
      "properties": {
        "netid": "48:27:EA:6B:32:6A",
        "ssid": "AndroidAP",
        "oui": "48:27:EA",
        "channel": 6,
        "encryption": "wpa2",
        "firsttime": "2026-08-09T18:00:00.000Z",
        "lasttime": "2026-08-09T12:00:00.000Z",
        "city": null,
        "region": "\u0411\u0443\u0440\u0433\u0430\u0441",
        "country": "BG",
        "road": null,
        "postalcode": "8240"
      }
    },
    {
      "type": "Feature",
      "geometry": {
        "type": "Point",
        "coordinates": [
          19.46346283,
          51.75831223
        ]
      },
      "properties": {
        "netid": "48:27:EA:6B:34:7E",
        "ssid": "AgataAP",
        "oui": "48:27:EA",
        "channel": 1,
        "encryption": "wpa2",
        "firsttime": "2025-05-28T10:00:00.000Z",
        "lasttime": "2025-05-28T05:00:00.000Z",
        "city": null,
        "region": "wojew\u00f3dztwo \u0142\u00f3dzkie",
        "country": "PL",
        "road": "Sienkiewicza - Pi\u0142sudskiego",
        "postalcode": "90-306"
      }
    },
    {
      "type": "Feature",
      "geometry": {
        "type": "Point",
        "coordinates": [
          37.69727325,
          55.78205109
        ]
      },
      "properties": {
        "netid": "48:27:EA:6B:45:42",
        "ssid": "AndroidAP",
        "oui": "48:27:EA",
        "channel": 11,
        "encryption": "unknown",
        "firsttime": "2026-03-03T09:00:00.000Z",
        "lasttime": "2026-03-29T12:00:00.000Z",
        "city": "\u041c\u043e\u0441\u043a\u0432\u0430",
        "region": "\u041c\u043e\u0441\u043a\u0432\u0430",
        "country": "RU",
        "road": "\u0411\u043e\u043b\u044c\u0448\u0430\u044f \u041f\u043e\u0447\u0442\u043e\u0432\u0430\u044f \u0443\u043b\u0438\u0446\u0430",
        "postalcode": "105082"
      }
    },
    {
      "type": "Feature",
      "geometry": {
        "type": "Point",
        "coordinates": [
          22.94513512,
          40.58701706
        ]
      },
      "properties": {
        "netid": "48:27:EA:6B:8E:06",
        "ssid": "Galaxy J58E06",
        "oui": "48:27:EA",
        "channel": 1,
        "encryption": "wpa2",
        "firsttime": "2025-08-08T14:00:00.000Z",
        "lasttime": "2025-08-08T08:00:00.000Z",
        "city": null,
        "region": "\u0391\u03c0\u03bf\u03ba\u03b5\u03bd\u03c4\u03c1\u03c9\u03bc\u03ad\u03bd\u03b7 \u0394\u03b9\u03bf\u03af\u03ba\u03b7\u03c3\u03b7 \u039c\u03b1\u03ba\u03b5\u03b4\u03bf\u03bd\u03af\u03b1\u03c2 - \u0398\u03c1\u03ac\u03ba\u03b7\u03c2",
        "country": "GR",
        "road": "\u039a\u03b1\u03c1\u03b1\u03bf\u03bb\u03ae & \u0394\u03b7\u03bc\u03b7\u03c4\u03c1\u03af\u03bf\u03c5",
        "postalcode": "55131"
      }
    },
    {
      "type": "Feature",
      "geometry": {
        "type": "Point",
        "coordinates": [
          2.28969145,
          48.84498215
        ]
      },
      "properties": {
        "netid": "48:27:EA:6B:C4:4A",
        "ssid": "AndroidAP",
        "oui": "48:27:EA",
        "channel": 11,
        "encryption": "wpa2",
        "firsttime": "2024-12-12T20:00:00.000Z",
        "lasttime": "2024-12-12T13:00:00.000Z",
        "city": "Paris",
        "region": "\u00cele-de-France",
        "country": "FR",
        "road": "Rue des Entrepreneurs",
        "postalcode": "75015"
      }
    },
    {
      "type": "Feature",
      "geometry": {
        "type": "Point",
        "coordinates": [
          -0.0930347,
          51.37577438
        ]
      },
      "properties": {
        "netid": "48:27:EA:6B:EC:9A",
        "ssid": "AndroidAP",
        "oui": "48:27:EA",
        "channel": 6,
        "encryption": "wpa2",
        "firsttime": "2026-06-06T14:00:00.000Z",
        "lasttime": "2026-06-06T17:00:00.000Z",
        "city": "London Borough of Croydon",
        "region": "England",
        "country": "GB",
        "road": "Billinton Hill",
        "postalcode": "CR0 6BT"
      }
    },
    {
      "type": "Feature",
      "geometry": {
        "type": "Point",
        "coordinates": [
          -58.7274704,
          -34.45196152
        ]
      },
      "properties": {
        "netid": "48:27:EA:6C:7D:1E",
        "ssid": "AndroidAP7D1E",
        "oui": "48:27:EA",
        "channel": 11,
        "encryption": "wpa2",
        "firsttime": "2025-06-21T19:00:00.000Z",
        "lasttime": "2025-06-21T23:00:00.000Z",
        "city": null,
        "region": "Buenos Aires",
        "country": "AR",
        "road": "Colectora Acceso Norte Ramal Pilar",
        "postalcode": "1616"
      }
    },
    {
      "type": "Feature",
      "geometry": {
        "type": "Point",
        "coordinates": [
          14.26900864,
          50.10720062
        ]
      },
      "properties": {
        "netid": "48:27:EA:6C:C5:6E",
        "ssid": "AndroidAP",
        "oui": "48:27:EA",
        "channel": 11,
        "encryption": "wpa2",
        "firsttime": "2024-02-14T12:00:00.000Z",
        "lasttime": "2025-03-02T01:00:00.000Z",
        "city": "Hlavn\u00ed m\u011bsto Praha",
        "region": "Praha",
        "country": "CZ",
        "road": "Aviatick\u00e1",
        "postalcode": "161 00"
      }
    },
    {
      "type": "Feature",
      "geometry": {
        "type": "Point",
        "coordinates": [
          9.35162163,
          52.11036682
        ]
      },
      "properties": {
        "netid": "48:27:EA:6C:CD:72",
        "ssid": "AndroidAPCD72",
        "oui": "48:27:EA",
        "channel": 1,
        "encryption": "wpa2",
        "firsttime": "2026-07-27T14:00:00.000Z",
        "lasttime": "2026-08-24T01:00:00.000Z",
        "city": null,
        "region": "Niedersachsen",
        "country": "DE",
        "road": "Fischbecker Stra\u00dfe",
        "postalcode": "31785"
      }
    },
    {
      "type": "Feature",
      "geometry": {
        "type": "Point",
        "coordinates": [
          21.01273918,
          52.09078217
        ]
      },
      "properties": {
        "netid": "48:27:EA:6C:DC:02",
        "ssid": "ST2025",
        "oui": "48:27:EA",
        "channel": 1,
        "encryption": "wpa2",
        "firsttime": "2025-09-16T15:00:00.000Z",
        "lasttime": "2025-09-16T09:00:00.000Z",
        "city": null,
        "region": "wojew\u00f3dztwo mazowieckie",
        "country": "PL",
        "road": "Mleczarska",
        "postalcode": "05-500"
      }
    },
    {
      "type": "Feature",
      "geometry": {
        "type": "Point",
        "coordinates": [
          37.55810165,
          44.89564896
        ]
      },
      "properties": {
        "netid": "48:27:EA:6D:22:72",
        "ssid": "Galaxy J52272",
        "oui": "48:27:EA",
        "channel": 6,
        "encryption": "unknown",
        "firsttime": "2025-07-07T11:00:00.000Z",
        "lasttime": "2025-07-07T20:00:00.000Z",
        "city": null,
        "region": "\u041a\u0440\u0430\u0441\u043d\u043e\u0434\u0430\u0440\u0441\u043a\u0438\u0439 \u043a\u0440\u0430\u0439",
        "country": "RU",
        "road": "\u041a\u0440\u0430\u0441\u043d\u0430\u044f \u0443\u043b\u0438\u0446\u0430",
        "postalcode": "353431"
      }
    },
    {
      "type": "Feature",
      "geometry": {
        "type": "Point",
        "coordinates": [
          6.83918047,
          50.76519012
        ]
      },
      "properties": {
        "netid": "48:27:EA:6D:3A:9E",
        "ssid": "AndroidAP",
        "oui": "48:27:EA",
        "channel": 6,
        "encryption": "wpa2",
        "firsttime": "2023-05-31T10:00:00.000Z",
        "lasttime": "2025-07-25T05:00:00.000Z",
        "city": null,
        "region": "Nordrhein-Westfalen",
        "country": "DE",
        "road": "Auf der Hochfahrt",
        "postalcode": "53919"
      }
    },
    {
      "type": "Feature",
      "geometry": {
        "type": "Point",
        "coordinates": [
          9.9825716,
          50.94651794
        ]
      },
      "properties": {
        "netid": "48:27:EA:6D:4D:DE",
        "ssid": "SOSA",
        "oui": "48:27:EA",
        "channel": 11,
        "encryption": "wpa2",
        "firsttime": "2022-12-08T10:00:00.000Z",
        "lasttime": "2025-05-27T00:00:00.000Z",
        "city": null,
        "region": "Hessen",
        "country": "DE",
        "road": "M\u00fchlenstra\u00dfe",
        "postalcode": "36208"
      }
    },
    {
      "type": "Feature",
      "geometry": {
        "type": "Point",
        "coordinates": [
          15.04052544,
          40.61440659
        ]
      },
      "properties": {
        "netid": "48:27:EA:6D:59:3A",
        "ssid": "Kingkekka",
        "oui": "48:27:EA",
        "channel": 1,
        "encryption": "wpa2",
        "firsttime": "2024-12-20T12:00:00.000Z",
        "lasttime": "2024-12-20T15:00:00.000Z",
        "city": null,
        "region": "Campania",
        "country": "IT",
        "road": "Via Cosimo Naponiello",
        "postalcode": "84025"
      }
    },
    {
      "type": "Feature",
      "geometry": {
        "type": "Point",
        "coordinates": [
          18.64920807,
          51.45548248
        ]
      },
      "properties": {
        "netid": "48:27:EA:6D:65:B8",
        "ssid": "AndroidAP65B8",
        "oui": "48:27:EA",
        "channel": 11,
        "encryption": "wpa2",
        "firsttime": "2023-08-09T08:00:00.000Z",
        "lasttime": "2025-06-21T14:00:00.000Z",
        "city": null,
        "region": "wojew\u00f3dztwo \u0142\u00f3dzkie",
        "country": "PL",
        "road": "Trasa Bohater\u00f3w Bitwy Warszawskiej 1920 r.",
        "postalcode": "98-270"
      }
    },
    {
      "type": "Feature",
      "geometry": {
        "type": "Point",
        "coordinates": [
          11.38210964,
          49.37414169
        ]
      },
      "properties": {
        "netid": "48:27:EA:6D:E9:B6",
        "ssid": "AndroidAP",
        "oui": "48:27:EA",
        "channel": 11,
        "encryption": "wpa2",
        "firsttime": "2022-11-11T01:00:00.000Z",
        "lasttime": "2026-07-28T07:00:00.000Z",
        "city": null,
        "region": "Bayern",
        "country": "DE",
        "road": "A 3",
        "postalcode": "90518"
      }
    },
    {
      "type": "Feature",
      "geometry": {
        "type": "Point",
        "coordinates": [
          51.38544846,
          35.72364044
        ]
      },
      "properties": {
        "netid": "48:27:EA:6E:BA:C3",
        "ssid": "Mmmm",
        "oui": "48:27:EA",
        "channel": 6,
        "encryption": "wpa2",
        "firsttime": "2025-04-21T08:00:00.000Z",
        "lasttime": "2025-04-21T02:00:00.000Z",
        "city": "\u0634\u0647\u0631 \u062a\u0647\u0631\u0627\u0646",
        "region": "\u0634\u0647\u0631\u0633\u062a\u0627\u0646 \u062a\u0647\u0631\u0627\u0646",
        "country": "IR",
        "road": "\u0628\u0632\u0631\u06af\u0631\u0627\u0647 \u0634\u0647\u06cc\u062f \u06af\u0645\u0646\u0627\u0645",
        "postalcode": "1439634564"
      }
    },
    {
      "type": "Feature",
      "geometry": {
        "type": "Point",
        "coordinates": [
          18.01805878,
          53.12308121
        ]
      },
      "properties": {
        "netid": "48:27:EA:6E:C0:E5",
        "ssid": "AndroidAP",
        "oui": "48:27:EA",
        "channel": 1,
        "encryption": "wpa2",
        "firsttime": "2025-04-23T13:00:00.000Z",
        "lasttime": "2025-04-23T07:00:00.000Z",
        "city": null,
        "region": "wojew\u00f3dztwo kujawsko-pomorskie",
        "country": "PL",
        "road": "Jagiello\u0144ska",
        "postalcode": "85-097"
      }
    },
    {
      "type": "Feature",
      "geometry": {
        "type": "Point",
        "coordinates": [
          0.3978931,
          52.75393295
        ]
      },
      "properties": {
        "netid": "48:27:EA:6E:C1:9F",
        "ssid": "AndroidAP",
        "oui": "48:27:EA",
        "channel": 6,
        "encryption": "wpa2",
        "firsttime": "2025-11-15T13:00:00.000Z",
        "lasttime": "2025-11-15T05:00:00.000Z",
        "city": "King's Lynn and West Norfolk",
        "region": "England",
        "country": "GB",
        "road": "Broad Street",
        "postalcode": "PE30 1DP"
      }
    },
    {
      "type": "Feature",
      "geometry": {
        "type": "Point",
        "coordinates": [
          23.19427681,
          53.1331749
        ]
      },
      "properties": {
        "netid": "48:27:EA:6E:CB:AF",
        "ssid": "AndroidAPCBAF",
        "oui": "48:27:EA",
        "channel": 1,
        "encryption": "wpa2",
        "firsttime": "2024-09-17T15:00:00.000Z",
        "lasttime": "2024-10-30T23:00:00.000Z",
        "city": null,
        "region": "wojew\u00f3dztwo podlaskie",
        "country": "PL",
        "road": "Piastowska",
        "postalcode": "15-204"
      }
    },
    {
      "type": "Feature",
      "geometry": {
        "type": "Point",
        "coordinates": [
          21.99072266,
          51.41401672
        ]
      },
      "properties": {
        "netid": "48:27:EA:6E:D0:25",
        "ssid": "AndroidAPD025",
        "oui": "48:27:EA",
        "channel": 6,
        "encryption": "wpa2",
        "firsttime": "2001-01-01T00:00:00.000Z",
        "lasttime": "2026-03-14T04:00:00.000Z",
        "city": null,
        "region": "wojew\u00f3dztwo lubelskie",
        "country": "PL",
        "road": "Cyprysowa",
        "postalcode": "24-100"
      }
    },
    {
      "type": "Feature",
      "geometry": {
        "type": "Point",
        "coordinates": [
          21.91288376,
          49.7959404
        ]
      },
      "properties": {
        "netid": "48:27:EA:6E:D0:31",
        "ssid": "AndroidAPD031",
        "oui": "48:27:EA",
        "channel": 1,
        "encryption": "wpa2",
        "firsttime": "2025-08-06T06:00:00.000Z",
        "lasttime": "2025-08-06T01:00:00.000Z",
        "city": null,
        "region": "wojew\u00f3dztwo podkarpackie",
        "country": "PL",
        "road": null,
        "postalcode": "38-112"
      }
    },
    {
      "type": "Feature",
      "geometry": {
        "type": "Point",
        "coordinates": [
          21.09907722,
          52.23016357
        ]
      },
      "properties": {
        "netid": "48:27:EA:6E:D2:E7",
        "ssid": "AndroidAP",
        "oui": "48:27:EA",
        "channel": 6,
        "encryption": "wpa2",
        "firsttime": "2024-09-22T16:00:00.000Z",
        "lasttime": "2024-09-22T09:00:00.000Z",
        "city": "Warszawa",
        "region": "wojew\u00f3dztwo mazowieckie",
        "country": "PL",
        "road": "Stanis\u0142awa Miko\u0142ajczyka",
        "postalcode": "03-984"
      }
    },
    {
      "type": "Feature",
      "geometry": {
        "type": "Point",
        "coordinates": [
          18.07807159,
          53.13745499
        ]
      },
      "properties": {
        "netid": "48:27:EA:6E:DC:A5",
        "ssid": "Polakk90",
        "oui": "48:27:EA",
        "channel": 6,
        "encryption": "wpa2",
        "firsttime": "2025-04-01T10:00:00.000Z",
        "lasttime": "2026-05-03T10:00:00.000Z",
        "city": null,
        "region": "wojew\u00f3dztwo kujawsko-pomorskie",
        "country": "PL",
        "road": "Wy\u015bcigowa",
        "postalcode": "85-744"
      }
    },
    {
      "type": "Feature",
      "geometry": {
        "type": "Point",
        "coordinates": [
          5.09017134,
          52.01293182
        ]
      },
      "properties": {
        "netid": "48:27:EA:6E:E1:4F",
        "ssid": "AndroidAP",
        "oui": "48:27:EA",
        "channel": 11,
        "encryption": "wpa2",
        "firsttime": "2025-04-17T12:00:00.000Z",
        "lasttime": "2025-04-17T11:00:00.000Z",
        "city": null,
        "region": "Utrecht",
        "country": "NL",
        "road": "Graaf Willemlaan",
        "postalcode": "3434RL"
      }
    },
    {
      "type": "Feature",
      "geometry": {
        "type": "Point",
        "coordinates": [
          14.43054867,
          50.08018112
        ]
      },
      "properties": {
        "netid": "48:27:EA:6E:E8:C5",
        "ssid": "AndroidAP",
        "oui": "48:27:EA",
        "channel": 1,
        "encryption": "wpa2",
        "firsttime": "2026-01-10T10:00:00.000Z",
        "lasttime": "2026-01-10T02:00:00.000Z",
        "city": "Hlavn\u00ed m\u011bsto Praha",
        "region": "Praha",
        "country": "CZ",
        "road": "Washingtonova",
        "postalcode": "11000"
      }
    },
    {
      "type": "Feature",
      "geometry": {
        "type": "Point",
        "coordinates": [
          -73.97880554,
          40.76480484
        ]
      },
      "properties": {
        "netid": "48:27:EA:6F:8B:63",
        "ssid": "Gear 360(8B63)",
        "oui": "48:27:EA",
        "channel": 6,
        "encryption": "wpa2",
        "firsttime": "2025-11-27T14:00:00.000Z",
        "lasttime": "2025-11-27T18:00:00.000Z",
        "city": "City of New York",
        "region": "NY",
        "country": "US",
        "road": "West 57th Street",
        "postalcode": "10019"
      }
    },
    {
      "type": "Feature",
      "geometry": {
        "type": "Point",
        "coordinates": [
          12.53847504,
          41.93539047
        ]
      },
      "properties": {
        "netid": "48:27:EA:70:3C:07",
        "ssid": "AndroidAP3C07",
        "oui": "48:27:EA",
        "channel": 1,
        "encryption": "wpa2",
        "firsttime": "2025-08-26T05:00:00.000Z",
        "lasttime": "2026-04-11T03:00:00.000Z",
        "city": "Roma",
        "region": "Lazio",
        "country": "IT",
        "road": "Via della Cisa",
        "postalcode": "00141"
      }
    },
    {
      "type": "Feature",
      "geometry": {
        "type": "Point",
        "coordinates": [
          8.20905972,
          48.84160995
        ]
      },
      "properties": {
        "netid": "48:27:EA:70:52:BB",
        "ssid": "AndroidAP52BB",
        "oui": "48:27:EA",
        "channel": 1,
        "encryption": "wpa2",
        "firsttime": "2023-08-29T16:00:00.000Z",
        "lasttime": "2026-08-26T02:00:00.000Z",
        "city": null,
        "region": "Baden-W\u00fcrttemberg",
        "country": "DE",
        "road": "Hurstweg",
        "postalcode": "76437"
      }
    },
    {
      "type": "Feature",
      "geometry": {
        "type": "Point",
        "coordinates": [
          10.04993343,
          53.50498581
        ]
      },
      "properties": {
        "netid": "48:27:EA:70:56:01",
        "ssid": "AndroidAP5601",
        "oui": "48:27:EA",
        "channel": 3,
        "encryption": "wpa2",
        "firsttime": "2025-08-26T12:00:00.000Z",
        "lasttime": "2026-06-05T14:00:00.000Z",
        "city": "Hamburg",
        "region": "Hamburg-Mitte",
        "country": "DE",
        "road": "Obergeorgswerder Deich",
        "postalcode": "21109"
      }
    },
    {
      "type": "Feature",
      "geometry": {
        "type": "Point",
        "coordinates": [
          6.95104837,
          51.47253418
        ]
      },
      "properties": {
        "netid": "48:27:EA:70:8B:61",
        "ssid": "Mothermaker1",
        "oui": "48:27:EA",
        "channel": 11,
        "encryption": "wpa2",
        "firsttime": "2026-06-01T08:00:00.000Z",
        "lasttime": "2026-08-21T13:00:00.000Z",
        "city": "Essen",
        "region": "Nordrhein-Westfalen",
        "country": "DE",
        "road": "W\u00fcstenh\u00f6ferstra\u00dfe",
        "postalcode": "45355"
      }
    },
    {
      "type": "Feature",
      "geometry": {
        "type": "Point",
        "coordinates": [
          5.97640991,
          50.9706459
        ]
      },
      "properties": {
        "netid": "48:27:EA:70:95:87",
        "ssid": "AndroidAP",
        "oui": "48:27:EA",
        "channel": 11,
        "encryption": "wpa2",
        "firsttime": "2024-09-20T12:00:00.000Z",
        "lasttime": "2024-09-20T07:00:00.000Z",
        "city": null,
        "region": "Limburg",
        "country": "NL",
        "road": "Ter Hallen",
        "postalcode": "6451CE"
      }
    },
    {
      "type": "Feature",
      "geometry": {
        "type": "Point",
        "coordinates": [
          36.29041672,
          33.50033188
        ]
      },
      "properties": {
        "netid": "48:27:EA:70:DB:41",
        "ssid": "AndroidAP",
        "oui": "48:27:EA",
        "channel": 1,
        "encryption": "wpa2",
        "firsttime": "2026-01-22T20:00:00.000Z",
        "lasttime": "2026-01-24T15:00:00.000Z",
        "city": null,
        "region": "\u0645\u062d\u0627\u0641\u0638\u0629 \u062f\u0645\u0634\u0642",
        "country": "SY",
        "road": null,
        "postalcode": "35044"
      }
    },
    {
      "type": "Feature",
      "geometry": {
        "type": "Point",
        "coordinates": [
          14.18169689,
          50.43003082
        ]
      },
      "properties": {
        "netid": "48:27:EA:70:E0:4B",
        "ssid": "Galaxy J5E04B",
        "oui": "48:27:EA",
        "channel": 11,
        "encryption": "wpa2",
        "firsttime": "2026-06-16T05:00:00.000Z",
        "lasttime": "2026-06-17T03:00:00.000Z",
        "city": null,
        "region": "Severoz\u00e1pad",
        "country": "CZ",
        "road": "608",
        "postalcode": "41182"
      }
    },
    {
      "type": "Feature",
      "geometry": {
        "type": "Point",
        "coordinates": [
          20.89964676,
          52.19577408
        ]
      },
      "properties": {
        "netid": "48:27:EA:70:E0:9F",
        "ssid": "Galaxy J5E09F",
        "oui": "48:27:EA",
        "channel": 11,
        "encryption": "wpa2",
        "firsttime": "2022-12-15T20:00:00.000Z",
        "lasttime": "2026-07-22T10:00:00.000Z",
        "city": "Warszawa",
        "region": "wojew\u00f3dztwo mazowieckie",
        "country": "PL",
        "road": "Dzieci Warszawy",
        "postalcode": "02-495"
      }
    },
    {
      "type": "Feature",
      "geometry": {
        "type": "Point",
        "coordinates": [
          -0.71637702,
          52.43500137
        ]
      },
      "properties": {
        "netid": "48:27:EA:71:22:F9",
        "ssid": "Galaxy J522F9",
        "oui": "48:27:EA",
        "channel": 11,
        "encryption": "wpa2",
        "firsttime": "2025-06-27T06:00:00.000Z",
        "lasttime": "2025-08-08T12:00:00.000Z",
        "city": null,
        "region": "England",
        "country": "GB",
        "road": "Grange Road",
        "postalcode": "NN14 1AL"
      }
    },
    {
      "type": "Feature",
      "geometry": {
        "type": "Point",
        "coordinates": [
          8.16093826,
          47.39312744
        ]
      },
      "properties": {
        "netid": "48:27:EA:71:58:F3",
        "ssid": "AndroidHotspot8200",
        "oui": "48:27:EA",
        "channel": 6,
        "encryption": "wpa2",
        "firsttime": "2026-01-05T10:00:00.000Z",
        "lasttime": "2026-01-05T05:00:00.000Z",
        "city": null,
        "region": "Aargau",
        "country": "CH",
        "road": "A1",
        "postalcode": "5603"
      }
    },
    {
      "type": "Feature",
      "geometry": {
        "type": "Point",
        "coordinates": [
          21.93721962,
          47.06419373
        ]
      },
      "properties": {
        "netid": "48:27:EA:71:75:33",
        "ssid": "AndroidAP",
        "oui": "48:27:EA",
        "channel": 11,
        "encryption": "wpa2",
        "firsttime": "2025-11-28T11:00:00.000Z",
        "lasttime": "2025-11-28T05:00:00.000Z",
        "city": "Oradea",
        "region": "Bihor",
        "country": "RO",
        "road": "Strada Republicii",
        "postalcode": "410159"
      }
    },
    {
      "type": "Feature",
      "geometry": {
        "type": "Point",
        "coordinates": [
          121.00310516,
          14.50667191
        ]
      },
      "properties": {
        "netid": "48:27:EA:71:75:3D",
        "ssid": "AndroidAP",
        "oui": "48:27:EA",
        "channel": 11,
        "encryption": "wpa2",
        "firsttime": "2026-03-23T10:00:00.000Z",
        "lasttime": "2026-03-23T04:00:00.000Z",
        "city": "Para\u00f1aque",
        "region": "Metro Manila",
        "country": "PH",
        "road": null,
        "postalcode": "1705"
      }
    },
    {
      "type": "Feature",
      "geometry": {
        "type": "Point",
        "coordinates": [
          6.84780502,
          46.46072769
        ]
      },
      "properties": {
        "netid": "48:27:EA:71:87:1B",
        "ssid": null,
        "oui": "48:27:EA",
        "channel": 11,
        "encryption": "unknown",
        "firsttime": "2024-09-08T18:00:00.000Z",
        "lasttime": "2024-09-08T21:00:00.000Z",
        "city": null,
        "region": "Vaud",
        "country": "CH",
        "road": "Rue du Clos",
        "postalcode": "1800"
      }
    },
    {
      "type": "Feature",
      "geometry": {
        "type": "Point",
        "coordinates": [
          20.70304298,
          49.61373138
        ]
      },
      "properties": {
        "netid": "48:27:EA:71:D2:89",
        "ssid": "AndroidAP",
        "oui": "48:27:EA",
        "channel": 1,
        "encryption": "wpa2",
        "firsttime": "2024-11-12T09:00:00.000Z",
        "lasttime": "2025-05-11T12:00:00.000Z",
        "city": "Nowy S\u0105cz",
        "region": "wojew\u00f3dztwo ma\u0142opolskie",
        "country": "PL",
        "road": "Nawojowska",
        "postalcode": "33-300"
      }
    },
    {
      "type": "Feature",
      "geometry": {
        "type": "Point",
        "coordinates": [
          24.92583847,
          60.17377472
        ]
      },
      "properties": {
        "netid": "48:27:EA:72:3C:49",
        "ssid": "Galaxy J53C49",
        "oui": "48:27:EA",
        "channel": 11,
        "encryption": "wpa2",
        "firsttime": "2020-11-24T15:00:00.000Z",
        "lasttime": "2024-12-25T07:00:00.000Z",
        "city": "Helsinki",
        "region": "Manner-Suomi",
        "country": "FI",
        "road": "Temppelikatu",
        "postalcode": "00260"
      }
    },
    {
      "type": "Feature",
      "geometry": {
        "type": "Point",
        "coordinates": [
          10.75154209,
          59.91353226
        ]
      },
      "properties": {
        "netid": "48:27:EA:72:43:B3",
        "ssid": "Galaxy J543B3",
        "oui": "48:27:EA",
        "channel": 6,
        "encryption": "wpa2",
        "firsttime": "2024-11-15T13:00:00.000Z",
        "lasttime": "2025-04-07T01:00:00.000Z",
        "city": "Oslo",
        "region": "Sentrum",
        "country": "NO",
        "road": "Stenersgata",
        "postalcode": "0184"
      }
    },
    {
      "type": "Feature",
      "geometry": {
        "type": "Point",
        "coordinates": [
          30.80437088,
          36.85411453
        ]
      },
      "properties": {
        "netid": "48:27:EA:72:44:09",
        "ssid": "AndroidAP",
        "oui": "48:27:EA",
        "channel": 1,
        "encryption": "wpa2",
        "firsttime": "2022-08-08T15:00:00.000Z",
        "lasttime": "2025-04-04T04:00:00.000Z",
        "city": "Antalya",
        "region": "Akdeniz B\u00f6lgesi",
        "country": "TR",
        "road": null,
        "postalcode": "07230"
      }
    },
    {
      "type": "Feature",
      "geometry": {
        "type": "Point",
        "coordinates": [
          24.70740128,
          59.41690063
        ]
      },
      "properties": {
        "netid": "48:27:EA:72:4A:A9",
        "ssid": "Atsi",
        "oui": "48:27:EA",
        "channel": 11,
        "encryption": "wpa2",
        "firsttime": "2024-01-29T15:00:00.000Z",
        "lasttime": "2024-10-25T06:00:00.000Z",
        "city": "Tallinn",
        "region": "Harju maakond",
        "country": "EE",
        "road": "R\u00e4\u00e4gu",
        "postalcode": "10621"
      }
    },
    {
      "type": "Feature",
      "geometry": {
        "type": "Point",
        "coordinates": [
          8.20054531,
          49.70149994
        ]
      },
      "properties": {
        "netid": "48:27:EA:72:5E:71",
        "ssid": "AndroidAP ALTA",
        "oui": "48:27:EA",
        "channel": 1,
        "encryption": "wpa2",
        "firsttime": "2021-07-29T16:00:00.000Z",
        "lasttime": "2026-02-14T16:00:00.000Z",
        "city": "Gundersheim",
        "region": "Rheinland-Pfalz",
        "country": "DE",
        "road": "A 61",
        "postalcode": "67598"
      }
    },
    {
      "type": "Feature",
      "geometry": {
        "type": "Point",
        "coordinates": [
          28.95819473,
          41.00325394
        ]
      },
      "properties": {
        "netid": "48:27:EA:73:13:17",
        "ssid": "Galaxy J51317",
        "oui": "48:27:EA",
        "channel": 11,
        "encryption": "wpa2",
        "firsttime": "2025-03-10T09:00:00.000Z",
        "lasttime": "2025-03-10T06:00:00.000Z",
        "city": "\u0130stanbul",
        "region": "Marmara B\u00f6lgesi",
        "country": "TR",
        "road": "Kennedy Caddesi",
        "postalcode": "34130"
      }
    },
    {
      "type": "Feature",
      "geometry": {
        "type": "Point",
        "coordinates": [
          44.48686218,
          40.81556702
        ]
      },
      "properties": {
        "netid": "48:27:EA:73:14:8F",
        "ssid": "Galaxy J5",
        "oui": "48:27:EA",
        "channel": 6,
        "encryption": "wpa2",
        "firsttime": "2025-05-28T07:00:00.000Z",
        "lasttime": "2026-08-08T07:00:00.000Z",
        "city": "\u054e\u0561\u0576\u0561\u0571\u0578\u0580",
        "region": "\u053c\u0578\u057c\u0578\u0582 \u0574\u0561\u0580\u0566",
        "country": "AM",
        "road": "\u053d\u0578\u0580\u0565\u0576\u0561\u0581\u056b \u0583\u0578\u0572\u0578\u0581",
        "postalcode": "2001"
      }
    },
    {
      "type": "Feature",
      "geometry": {
        "type": "Point",
        "coordinates": [
          37.69607544,
          55.61227036
        ]
      },
      "properties": {
        "netid": "48:27:EA:73:14:95",
        "ssid": "Galaxy J51495",
        "oui": "48:27:EA",
        "channel": 11,
        "encryption": "unknown",
        "firsttime": "2024-12-01T18:00:00.000Z",
        "lasttime": "2025-11-17T11:00:00.000Z",
        "city": "\u041c\u043e\u0441\u043a\u0432\u0430",
        "region": "\u041c\u043e\u0441\u043a\u0432\u0430",
        "country": "RU",
        "road": "\u0428\u0438\u043f\u0438\u043b\u043e\u0432\u0441\u043a\u0438\u0439 \u043f\u0440\u043e\u0435\u0437\u0434",
        "postalcode": "115569"
      }
    },
    {
      "type": "Feature",
      "geometry": {
        "type": "Point",
        "coordinates": [
          61.39045715,
          55.16008377
        ]
      },
      "properties": {
        "netid": "48:27:EA:73:18:F5",
        "ssid": "AndroidAP",
        "oui": "48:27:EA",
        "channel": 11,
        "encryption": "unknown",
        "firsttime": "2024-05-28T08:00:00.000Z",
        "lasttime": "2025-05-16T12:00:00.000Z",
        "city": "\u0427\u0435\u043b\u044f\u0431\u0438\u043d\u0441\u043a",
        "region": "\u0427\u0435\u043b\u044f\u0431\u0438\u043d\u0441\u043a\u0430\u044f \u043e\u0431\u043b\u0430\u0441\u0442\u044c",
        "country": "RU",
        "road": "\u043f\u0440\u043e\u0441\u043f\u0435\u043a\u0442 \u041b\u0435\u043d\u0438\u043d\u0430",
        "postalcode": "454092"
      }
    },
    {
      "type": "Feature",
      "geometry": {
        "type": "Point",
        "coordinates": [
          43.95774078,
          56.32628632
        ]
      },
      "properties": {
        "netid": "48:27:EA:73:1A:F3",
        "ssid": "Galaxy J51AF3",
        "oui": "48:27:EA",
        "channel": 6,
        "encryption": "unknown",
        "firsttime": "2024-09-20T13:00:00.000Z",
        "lasttime": "2024-10-09T12:00:00.000Z",
        "city": "\u041d\u0438\u0436\u043d\u0438\u0439 \u041d\u043e\u0432\u0433\u043e\u0440\u043e\u0434",
        "region": "\u041d\u0438\u0436\u0435\u0433\u043e\u0440\u043e\u0434\u0441\u043a\u0430\u044f \u043e\u0431\u043b\u0430\u0441\u0442\u044c",
        "country": "RU",
        "road": "\u0421\u043e\u0432\u043d\u0430\u0440\u043a\u043e\u043c\u043e\u0432\u0441\u043a\u0430\u044f \u0443\u043b\u0438\u0446\u0430",
        "postalcode": "603086"
      }
    },
    {
      "type": "Feature",
      "geometry": {
        "type": "Point",
        "coordinates": [
          19.08936119,
          47.47026825
        ]
      },
      "properties": {
        "netid": "48:27:EA:74:00:19",
        "ssid": "AndroidAP",
        "oui": "48:27:EA",
        "channel": 6,
        "encryption": "wpa2",
        "firsttime": "2025-04-18T10:00:00.000Z",
        "lasttime": "2025-04-18T07:00:00.000Z",
        "city": null,
        "region": "Budapest",
        "country": "HU",
        "road": "K\u00f6nyves K\u00e1lm\u00e1n k\u00f6r\u00fat",
        "postalcode": "1097"
      }
    },
    {
      "type": "Feature",
      "geometry": {
        "type": "Point",
        "coordinates": [
          -1.59661579,
          54.95266342
        ]
      },
      "properties": {
        "netid": "48:27:EA:74:3F:95",
        "ssid": "Galaxy",
        "oui": "48:27:EA",
        "channel": 6,
        "encryption": "wpa2",
        "firsttime": "2024-03-14T15:00:00.000Z",
        "lasttime": "2024-09-05T10:00:00.000Z",
        "city": "Gateshead",
        "region": "England",
        "country": "GB",
        "road": "Cramer Street",
        "postalcode": "NE8 4BB"
      }
    },
    {
      "type": "Feature",
      "geometry": {
        "type": "Point",
        "coordinates": [
          2.35095215,
          48.8702774
        ]
      },
      "properties": {
        "netid": "48:27:EA:74:80:F5",
        "ssid": "AndroidAP80F5",
        "oui": "48:27:EA",
        "channel": 11,
        "encryption": "wpa2",
        "firsttime": "2023-10-16T21:00:00.000Z",
        "lasttime": "2024-10-19T08:00:00.000Z",
        "city": "Paris",
        "region": "\u00cele-de-France",
        "country": "FR",
        "road": "Rue de Mazagran",
        "postalcode": "75010"
      }
    },
    {
      "type": "Feature",
      "geometry": {
        "type": "Point",
        "coordinates": [
          2.78805113,
          36.4690361
        ]
      },
      "properties": {
        "netid": "48:27:EA:74:8A:DD",
        "ssid": "Idriss",
        "oui": "48:27:EA",
        "channel": 1,
        "encryption": "wpa2",
        "firsttime": "2024-12-19T08:00:00.000Z",
        "lasttime": "2025-04-18T09:00:00.000Z",
        "city": "Blida \u2d4d\u2d3b\u2d31\u2d4d\u2d49\u2d38\u2d30 \u0627\u0644\u0628\u0644\u064a\u062f\u0629",
        "region": "Blida \u0627\u0644\u0628\u0644\u064a\u062f\u0629",
        "country": "DZ",
        "road": "Rue du 11 D\u00e9cembre 1960",
        "postalcode": "9000"
      }
    },
    {
      "type": "Feature",
      "geometry": {
        "type": "Point",
        "coordinates": [
          -79.88047791,
          -2.14076662
        ]
      },
      "properties": {
        "netid": "48:27:EA:74:95:A9",
        "ssid": "Machona",
        "oui": "48:27:EA",
        "channel": 1,
        "encryption": "wpa2",
        "firsttime": "2026-04-23T22:00:00.000Z",
        "lasttime": "2026-04-23T15:00:00.000Z",
        "city": "Guayaquil",
        "region": "Guayas",
        "country": "EC",
        "road": "Ciclov\u00eda Benjam\u00edn Rosales",
        "postalcode": "090504"
      }
    },
    {
      "type": "Feature",
      "geometry": {
        "type": "Point",
        "coordinates": [
          -70.64681244,
          -33.43680573
        ]
      },
      "properties": {
        "netid": "48:27:EA:74:D1:5B",
        "ssid": "MOVISTAR WIFI6473",
        "oui": "48:27:EA",
        "channel": 11,
        "encryption": "wpa2",
        "firsttime": "2024-10-10T22:00:00.000Z",
        "lasttime": "2024-10-10T16:00:00.000Z",
        "city": "Santiago",
        "region": "Regi\u00f3n Metropolitana de Santiago",
        "country": "CL",
        "road": "Monjitas",
        "postalcode": "654700"
      }
    },
    {
      "type": "Feature",
      "geometry": {
        "type": "Point",
        "coordinates": [
          11.40286541,
          47.26597214
        ]
      },
      "properties": {
        "netid": "48:27:EA:75:6F:45",
        "ssid": "AndroidAP6F45",
        "oui": "48:27:EA",
        "channel": 1,
        "encryption": "wpa2",
        "firsttime": "2025-01-24T15:00:00.000Z",
        "lasttime": "2025-01-24T22:00:00.000Z",
        "city": "Innsbruck",
        "region": "Tirol",
        "country": "AT",
        "road": "Amraser Stra\u00dfe",
        "postalcode": "6020"
      }
    },
    {
      "type": "Feature",
      "geometry": {
        "type": "Point",
        "coordinates": [
          12.64544678,
          55.62877655
        ]
      },
      "properties": {
        "netid": "48:27:EA:75:6F:85",
        "ssid": "AndroidAP",
        "oui": "48:27:EA",
        "channel": 1,
        "encryption": "wpa2",
        "firsttime": "2025-06-22T15:00:00.000Z",
        "lasttime": "2025-06-22T12:00:00.000Z",
        "city": null,
        "region": "Region Hovedstaden",
        "country": "DK",
        "road": "Terminalvej",
        "postalcode": "2770"
      }
    },
    {
      "type": "Feature",
      "geometry": {
        "type": "Point",
        "coordinates": [
          13.36992931,
          52.51570511
        ]
      },
      "properties": {
        "netid": "48:27:EA:75:84:4D",
        "ssid": "AndroidAP8704",
        "oui": "48:27:EA",
        "channel": 9,
        "encryption": "wpa2",
        "firsttime": "2026-08-15T13:00:00.000Z",
        "lasttime": "2026-08-15T10:00:00.000Z",
        "city": "Berlin",
        "region": "Mitte",
        "country": "DE",
        "road": "Stra\u00dfe des 17. Juni",
        "postalcode": "10785"
      }
    },
    {
      "type": "Feature",
      "geometry": {
        "type": "Point",
        "coordinates": [
          19.94287109,
          50.07346344
        ]
      },
      "properties": {
        "netid": "48:27:EA:75:E4:41",
        "ssid": "AndroidAPE441",
        "oui": "48:27:EA",
        "channel": 6,
        "encryption": "wpa2",
        "firsttime": "2025-06-02T17:00:00.000Z",
        "lasttime": "2025-06-03T16:00:00.000Z",
        "city": "Krak\u00f3w",
        "region": "wojew\u00f3dztwo ma\u0142opolskie",
        "country": "PL",
        "road": "Warszawska",
        "postalcode": "31-404"
      }
    },
    {
      "type": "Feature",
      "geometry": {
        "type": "Point",
        "coordinates": [
          20.99188995,
          52.28593063
        ]
      },
      "properties": {
        "netid": "48:27:EA:75:EA:AD",
        "ssid": "AndroidAPEAAD",
        "oui": "48:27:EA",
        "channel": 6,
        "encryption": "wpa2",
        "firsttime": "2025-06-26T13:00:00.000Z",
        "lasttime": "2025-06-26T07:00:00.000Z",
        "city": "Warszawa",
        "region": "wojew\u00f3dztwo mazowieckie",
        "country": "PL",
        "road": "Toru\u0144ska",
        "postalcode": "03-216"
      }
    },
    {
      "type": "Feature",
      "geometry": {
        "type": "Point",
        "coordinates": [
          -0.65663832,
          38.02353668
        ]
      },
      "properties": {
        "netid": "48:27:EA:75:EC:4B",
        "ssid": "AndroidAP",
        "oui": "48:27:EA",
        "channel": 11,
        "encryption": "wpa2",
        "firsttime": "2025-03-09T13:00:00.000Z",
        "lasttime": "2025-03-16T10:00:00.000Z",
        "city": "Torrevieja",
        "region": "Comunitat Valenciana",
        "country": "ES",
        "road": "Avenida de los Daneses",
        "postalcode": "03188"
      }
    },
    {
      "type": "Feature",
      "geometry": {
        "type": "Point",
        "coordinates": [
          4.86083794,
          45.76049423
        ]
      },
      "properties": {
        "netid": "48:27:EA:75:EC:61",
        "ssid": "AndroidAPEC61",
        "oui": "48:27:EA",
        "channel": 1,
        "encryption": "wpa2",
        "firsttime": "2025-01-06T19:00:00.000Z",
        "lasttime": "2025-01-06T12:00:00.000Z",
        "city": "Lyon",
        "region": "Auvergne-Rh\u00f4ne-Alpes",
        "country": "FR",
        "road": "Gare de Lyon Part-Dieu",
        "postalcode": "69003"
      }
    },
    {
      "type": "Feature",
      "geometry": {
        "type": "Point",
        "coordinates": [
          9.01017094,
          50.06677246
        ]
      },
      "properties": {
        "netid": "48:27:EA:76:07:53",
        "ssid": "NOT4YOU",
        "oui": "48:27:EA",
        "channel": 6,
        "encryption": "wpa2",
        "firsttime": "2026-04-22T15:00:00.000Z",
        "lasttime": "2026-04-22T10:00:00.000Z",
        "city": null,
        "region": "Bayern",
        "country": "DE",
        "road": "Friedhofstra\u00dfe",
        "postalcode": "63796"
      }
    },
    {
      "type": "Feature",
      "geometry": {
        "type": "Point",
        "coordinates": [
          13.34738159,
          49.72723007
        ]
      },
      "properties": {
        "netid": "48:27:EA:76:1A:A3",
        "ssid": "AndroidAP",
        "oui": "48:27:EA",
        "channel": 11,
        "encryption": "wpa2",
        "firsttime": "2025-01-16T18:00:00.000Z",
        "lasttime": "2025-01-16T14:00:00.000Z",
        "city": "Plze\u0148",
        "region": "Jihoz\u00e1pad",
        "country": "CZ",
        "road": "Stavba\u0159sk\u00e1",
        "postalcode": "30100"
      }
    },
    {
      "type": "Feature",
      "geometry": {
        "type": "Point",
        "coordinates": [
          9.10644531,
          53.06318665
        ]
      },
      "properties": {
        "netid": "48:27:EA:76:23:BB",
        "ssid": "AndroidAP",
        "oui": "48:27:EA",
        "channel": 1,
        "encryption": "wpa2",
        "firsttime": "2021-07-18T14:00:00.000Z",
        "lasttime": "2026-05-31T10:00:00.000Z",
        "city": null,
        "region": "Niedersachsen",
        "country": "DE",
        "road": "A 1",
        "postalcode": "28876"
      }
    },
    {
      "type": "Feature",
      "geometry": {
        "type": "Point",
        "coordinates": [
          14.13263226,
          49.30464935
        ]
      },
      "properties": {
        "netid": "48:27:EA:76:37:11",
        "ssid": "AndroidAP",
        "oui": "48:27:EA",
        "channel": 1,
        "encryption": "wpa2",
        "firsttime": "2026-04-15T17:00:00.000Z",
        "lasttime": "2026-04-15T15:00:00.000Z",
        "city": "P\u00edsek",
        "region": "Jihoz\u00e1pad",
        "country": "CZ",
        "road": "U Vod\u00e1rny",
        "postalcode": "39701"
      }
    },
    {
      "type": "Feature",
      "geometry": {
        "type": "Point",
        "coordinates": [
          20.53024673,
          54.73044586
        ]
      },
      "properties": {
        "netid": "48:27:EA:76:B2:31",
        "ssid": "AndroidAPB231",
        "oui": "48:27:EA",
        "channel": 6,
        "encryption": "unknown",
        "firsttime": "2025-08-09T14:00:00.000Z",
        "lasttime": "2025-08-11T13:00:00.000Z",
        "city": "\u041a\u0430\u043b\u0438\u043d\u0438\u043d\u0433\u0440\u0430\u0434",
        "region": "\u041a\u0430\u043b\u0438\u043d\u0438\u043d\u0433\u0440\u0430\u0434\u0441\u043a\u0430\u044f \u043e\u0431\u043b\u0430\u0441\u0442\u044c",
        "country": "RU",
        "road": "\u0443\u043b\u0438\u0446\u0430 \u0410\u043b\u0435\u043a\u0441\u0430\u043d\u0434\u0440\u0430 \u041d\u0435\u0432\u0441\u043a\u043e\u0433\u043e",
        "postalcode": "236000"
      }
    },
    {
      "type": "Feature",
      "geometry": {
        "type": "Point",
        "coordinates": [
          42.33518982,
          42.12856674
        ]
      },
      "properties": {
        "netid": "48:27:EA:76:CC:2D",
        "ssid": "Gega",
        "oui": "48:27:EA",
        "channel": 1,
        "encryption": "wpa2",
        "firsttime": "2026-08-25T13:00:00.000Z",
        "lasttime": "2026-08-25T06:00:00.000Z",
        "city": null,
        "region": "\u10d8\u10db\u10d4\u10e0\u10d4\u10d7\u10d8",
        "country": "GE",
        "road": "\u10e1\u10d0\u10db\u10e2\u10e0\u10d4\u10d3\u10d8\u10d0-\u10da\u10d0\u10dc\u10e9\u10ee\u10e3\u10d7\u10d8-\u10d2\u10e0\u10d8\u10d2\u10dd\u10da\u10d4\u10d7\u10d8",
        "postalcode": "3900"
      }
    },
    {
      "type": "Feature",
      "geometry": {
        "type": "Point",
        "coordinates": [
          14.0980072,
          59.31155777
        ]
      },
      "properties": {
        "netid": "48:27:EA:76:E6:7B",
        "ssid": "Galaxy J5E67B",
        "oui": "48:27:EA",
        "channel": 1,
        "encryption": "wpa2",
        "firsttime": "2025-12-31T13:00:00.000Z",
        "lasttime": "2026-01-02T10:00:00.000Z",
        "city": null,
        "region": "V\u00e4rmlands l\u00e4n",
        "country": "SE",
        "road": "V\u00e4stra Ringv\u00e4gen",
        "postalcode": "681 42"
      }
    },
    {
      "type": "Feature",
      "geometry": {
        "type": "Point",
        "coordinates": [
          23.75976181,
          61.49747467
        ]
      },
      "properties": {
        "netid": "48:27:EA:76:E8:5B",
        "ssid": "DjPreal parasta korvaan",
        "oui": "48:27:EA",
        "channel": 6,
        "encryption": "wpa2",
        "firsttime": "2024-12-09T12:00:00.000Z",
        "lasttime": "2024-12-09T04:00:00.000Z",
        "city": "Tampere",
        "region": "Manner-Suomi",
        "country": "FI",
        "road": "H\u00e4meenkatu",
        "postalcode": "33200"
      }
    },
    {
      "type": "Feature",
      "geometry": {
        "type": "Point",
        "coordinates": [
          18.05506134,
          53.17464066
        ]
      },
      "properties": {
        "netid": "48:27:EA:76:F4:71",
        "ssid": "AndroidAP",
        "oui": "48:27:EA",
        "channel": 11,
        "encryption": "wpa2",
        "firsttime": "2025-05-29T07:00:00.000Z",
        "lasttime": "2025-05-30T08:00:00.000Z",
        "city": null,
        "region": "wojew\u00f3dztwo kujawsko-pomorskie",
        "country": "PL",
        "road": "Aleja Armii Krajowej",
        "postalcode": "85-689"
      }
    },
    {
      "type": "Feature",
      "geometry": {
        "type": "Point",
        "coordinates": [
          20.48955917,
          38.18106842
        ]
      },
      "properties": {
        "netid": "48:27:EA:77:C2:79",
        "ssid": "AndroidAP",
        "oui": "48:27:EA",
        "channel": 1,
        "encryption": "wpa2",
        "firsttime": "2026-08-28T08:00:00.000Z",
        "lasttime": "2026-08-29T06:00:00.000Z",
        "city": null,
        "region": "\u0391\u03c0\u03bf\u03ba\u03b5\u03bd\u03c4\u03c1\u03c9\u03bc\u03ad\u03bd\u03b7 \u0394\u03b9\u03bf\u03af\u03ba\u03b7\u03c3\u03b7 \u03a0\u03b5\u03bb\u03bf\u03c0\u03bf\u03bd\u03bd\u03ae\u03c3\u03bf\u03c5, \u0394\u03c5\u03c4\u03b9\u03ba\u03ae\u03c2 \u0395\u03bb\u03bb\u03ac\u03b4\u03b1\u03c2 \u03ba\u03b1\u03b9 \u0399\u03bf\u03bd\u03af\u03bf\u03c5",
        "country": "GR",
        "road": "\u0399\u03c9\u03ac\u03bd\u03bd\u03b7 \u039c\u03b5\u03c4\u03b1\u03be\u03ac",
        "postalcode": "28100"
      }
    },
    {
      "type": "Feature",
      "geometry": {
        "type": "Point",
        "coordinates": [
          21.40975761,
          50.05541992
        ]
      },
      "properties": {
        "netid": "48:27:EA:77:C5:B5",
        "ssid": "Galaxy J5C5B5",
        "oui": "48:27:EA",
        "channel": 1,
        "encryption": "wpa2",
        "firsttime": "2025-02-25T15:00:00.000Z",
        "lasttime": "2025-03-10T08:00:00.000Z",
        "city": null,
        "region": "wojew\u00f3dztwo podkarpackie",
        "country": "PL",
        "road": "Tadeusza Ko\u015bciuszki",
        "postalcode": "39-200"
      }
    },
    {
      "type": "Feature",
      "geometry": {
        "type": "Point",
        "coordinates": [
          24.64863586,
          60.15056229
        ]
      },
      "properties": {
        "netid": "48:27:EA:77:D5:0F",
        "ssid": "Galaxy J5D50F",
        "oui": "48:27:EA",
        "channel": 11,
        "encryption": "wpa2",
        "firsttime": "2024-11-30T09:00:00.000Z",
        "lasttime": "2024-11-30T10:00:00.000Z",
        "city": "Espoo",
        "region": "Manner-Suomi",
        "country": "FI",
        "road": "Kipparinkatu",
        "postalcode": "02320"
      }
    },
    {
      "type": "Feature",
      "geometry": {
        "type": "Point",
        "coordinates": [
          44.78620529,
          41.70697784
        ]
      },
      "properties": {
        "netid": "48:27:EA:78:2F:89",
        "ssid": "AndroidAP",
        "oui": "48:27:EA",
        "channel": 9,
        "encryption": "wpa2",
        "firsttime": "2024-10-09T14:00:00.000Z",
        "lasttime": "2024-10-09T09:00:00.000Z",
        "city": "\u10d7\u10d1\u10d8\u10da\u10d8\u10e1\u10d8",
        "region": "\u10e4\u10d8\u10e5\u10e0\u10d8\u10e1 \u10d2\u10dd\u10e0\u10d0",
        "country": "GE",
        "road": "\u10db\u10d4\u10e0\u10d0\u10d1 \u10d9\u10dd\u10e1\u10e2\u10d0\u10d5\u10d0\u10e1 \u10e5\u10e3\u10e9\u10d0",
        "postalcode": "017979"
      }
    },
    {
      "type": "Feature",
      "geometry": {
        "type": "Point",
        "coordinates": [
          22.01162529,
          50.03327942
        ]
      },
      "properties": {
        "netid": "48:27:EA:78:40:25",
        "ssid": "Galaxy J54025",
        "oui": "48:27:EA",
        "channel": 6,
        "encryption": "wpa2",
        "firsttime": "2024-07-19T10:00:00.000Z",
        "lasttime": "2024-09-16T08:00:00.000Z",
        "city": "Rzesz\u00f3w",
        "region": "wojew\u00f3dztwo podkarpackie",
        "country": "PL",
        "road": "Podwis\u0142ocze",
        "postalcode": "35-315"
      }
    },
    {
      "type": "Feature",
      "geometry": {
        "type": "Point",
        "coordinates": [
          7.63046741,
          45.01819229
        ]
      },
      "properties": {
        "netid": "48:27:EA:78:81:BD",
        "ssid": "Rete cell Ui",
        "oui": "48:27:EA",
        "channel": 1,
        "encryption": "wpa2",
        "firsttime": "2001-01-01T01:00:00.000Z",
        "lasttime": "2026-08-16T13:00:00.000Z",
        "city": "Torino",
        "region": "Piemonte",
        "country": "IT",
        "road": "Corso Unione Sovietica",
        "postalcode": "10135"
      }
    },
    {
      "type": "Feature",
      "geometry": {
        "type": "Point",
        "coordinates": [
          12.49742985,
          41.89551163
        ]
      },
      "properties": {
        "netid": "48:27:EA:78:86:1B",
        "ssid": "AndroidAP",
        "oui": "48:27:EA",
        "channel": 1,
        "encryption": "wpa2",
        "firsttime": "2025-06-23T23:00:00.000Z",
        "lasttime": "2025-11-03T08:00:00.000Z",
        "city": "Roma",
        "region": "Lazio",
        "country": "IT",
        "road": "Via dei Quattro Cantoni",
        "postalcode": "00184"
      }
    },
    {
      "type": "Feature",
      "geometry": {
        "type": "Point",
        "coordinates": [
          18.16197395,
          40.34873581
        ]
      },
      "properties": {
        "netid": "48:27:EA:78:8A:11",
        "ssid": "AndroidAP",
        "oui": "48:27:EA",
        "channel": 1,
        "encryption": "wpa2",
        "firsttime": "2025-01-25T18:00:00.000Z",
        "lasttime": "2025-01-25T10:00:00.000Z",
        "city": "Lecce",
        "region": "Puglia",
        "country": "IT",
        "road": "Via Rudiae",
        "postalcode": "73100"
      }
    },
    {
      "type": "Feature",
      "geometry": {
        "type": "Point",
        "coordinates": [
          49.60680389,
          37.26259995
        ]
      },
      "properties": {
        "netid": "48:27:EA:78:EA:D7",
        "ssid": "AndroidAP",
        "oui": "48:27:EA",
        "channel": 11,
        "encryption": "wpa2",
        "firsttime": "2024-10-01T16:00:00.000Z",
        "lasttime": "2024-10-01T11:00:00.000Z",
        "city": "\u0631\u0634\u062a",
        "region": "\u0627\u0633\u062a\u0627\u0646 \u06af\u06cc\u0644\u0627\u0646",
        "country": "IR",
        "road": "\u0628\u0632\u0631\u06af\u0631\u0627\u0647 \u0645\u062f\u0631\u0633",
        "postalcode": "4193974187"
      }
    },
    {
      "type": "Feature",
      "geometry": {
        "type": "Point",
        "coordinates": [
          -58.48308182,
          -34.62853241
        ]
      },
      "properties": {
        "netid": "48:27:EA:79:DA:29",
        "ssid": "AndroidAPDA29",
        "oui": "48:27:EA",
        "channel": 11,
        "encryption": "wpa2",
        "firsttime": "2025-12-15T18:00:00.000Z",
        "lasttime": "2026-04-02T08:00:00.000Z",
        "city": "Buenos Aires",
        "region": "Ciudad Aut\u00f3noma de Buenos Aires",
        "country": "AR",
        "road": "Bah\u00eda Blanca",
        "postalcode": "C1407FAQ"
      }
    },
    {
      "type": "Feature",
      "geometry": {
        "type": "Point",
        "coordinates": [
          -57.53297424,
          -36.31411362
        ]
      },
      "properties": {
        "netid": "48:27:EA:79:EC:B1",
        "ssid": "AndroidAP",
        "oui": "48:27:EA",
        "channel": 11,
        "encryption": "wpa2",
        "firsttime": "2025-10-19T23:00:00.000Z",
        "lasttime": "2025-10-23T06:00:00.000Z",
        "city": null,
        "region": "Buenos Aires",
        "country": "AR",
        "road": "Ruta Provincial 63 Bernardo Calderwood",
        "postalcode": null
      }
    },
    {
      "type": "Feature",
      "geometry": {
        "type": "Point",
        "coordinates": [
          -77.0176239,
          -12.07362843
        ]
      },
      "properties": {
        "netid": "48:27:EA:79:F4:73",
        "ssid": "Charito",
        "oui": "48:27:EA",
        "channel": 1,
        "encryption": "wpa2",
        "firsttime": "2024-12-03T20:00:00.000Z",
        "lasttime": "2024-12-03T15:00:00.000Z",
        "city": "La Victoria",
        "region": "Lima",
        "country": "PE",
        "road": "Avenida Mexico",
        "postalcode": "15106"
      }
    },
    {
      "type": "Feature",
      "geometry": {
        "type": "Point",
        "coordinates": [
          -57.51272964,
          -25.34744072
        ]
      },
      "properties": {
        "netid": "48:27:EA:79:F9:41",
        "ssid": "AndroidAPF941",
        "oui": "48:27:EA",
        "channel": 11,
        "encryption": "wpa2",
        "firsttime": "2024-09-15T17:00:00.000Z",
        "lasttime": "2024-09-15T10:00:00.000Z",
        "city": "San Lorenzo",
        "region": "Regi\u00f3n Oriental",
        "country": "PY",
        "road": "Avenida Mariscal Estigarribia",
        "postalcode": "2160"
      }
    },
    {
      "type": "Feature",
      "geometry": {
        "type": "Point",
        "coordinates": [
          8.63542366,
          49.64504242
        ]
      },
      "properties": {
        "netid": "48:27:EA:7A:FE:07",
        "ssid": "du08",
        "oui": "48:27:EA",
        "channel": 1,
        "encryption": "wpa2",
        "firsttime": "2025-12-13T23:00:00.000Z",
        "lasttime": "2025-12-14T06:00:00.000Z",
        "city": null,
        "region": "Hessen",
        "country": "DE",
        "road": "Kettelerstra\u00dfe",
        "postalcode": "64646"
      }
    },
    {
      "type": "Feature",
      "geometry": {
        "type": "Point",
        "coordinates": [
          5.07705784,
          43.74363708
        ]
      },
      "properties": {
        "netid": "48:27:EA:7B:14:67",
        "ssid": "AndroidAP2748",
        "oui": "48:27:EA",
        "channel": 1,
        "encryption": "wpa2",
        "firsttime": "2025-01-20T14:00:00.000Z",
        "lasttime": "2025-01-20T06:00:00.000Z",
        "city": "S\u00e9nas",
        "region": "Provence-Alpes-C\u00f4te d'Azur",
        "country": "FR",
        "road": "Avenue Gabriel P\u00e9ri",
        "postalcode": "13560"
      }
    },
    {
      "type": "Feature",
      "geometry": {
        "type": "Point",
        "coordinates": [
          2.33092833,
          48.6400795
        ]
      },
      "properties": {
        "netid": "48:27:EA:7B:20:43",
        "ssid": "AndroidAP2543",
        "oui": "48:27:EA",
        "channel": 6,
        "encryption": "wpa2",
        "firsttime": "2025-03-14T12:00:00.000Z",
        "lasttime": "2025-03-14T06:00:00.000Z",
        "city": "Sainte-Genevi\u00e8ve-des-Bois",
        "region": "\u00cele-de-France",
        "country": "FR",
        "road": "Avenue de l'\u00c9peron",
        "postalcode": "91700"
      }
    },
    {
      "type": "Feature",
      "geometry": {
        "type": "Point",
        "coordinates": [
          2.32555819,
          48.87413788
        ]
      },
      "properties": {
        "netid": "48:27:EA:7B:22:31",
        "ssid": "AndroidAP8400",
        "oui": "48:27:EA",
        "channel": 6,
        "encryption": "wpa2",
        "firsttime": "2025-12-11T14:00:00.000Z",
        "lasttime": "2025-12-11T09:00:00.000Z",
        "city": "Paris",
        "region": "\u00cele-de-France",
        "country": "FR",
        "road": "Boulevard Haussmann",
        "postalcode": "75008"
      }
    },
    {
      "type": "Feature",
      "geometry": {
        "type": "Point",
        "coordinates": [
          -9.49095535,
          30.17616081
        ]
      },
      "properties": {
        "netid": "48:27:EA:7B:26:93",
        "ssid": "AndroidAPy.",
        "oui": "48:27:EA",
        "channel": 1,
        "encryption": "wpa2",
        "firsttime": "2024-09-12T19:00:00.000Z",
        "lasttime": "2024-09-14T10:00:00.000Z",
        "city": "A\u00eft Amira \u2d30\u2d62\u2d5c \u2d44\u2d4e\u2d49\u2d54\u2d30 \u0622\u064a\u062a \u0627\u0639\u0645\u064a\u0631\u0629",
        "region": "Souss-Massa \u2d59\u2d53\u2d59\u2d59-\u2d4e\u2d30\u2d59\u2d59\u2d30 \u0633\u0648\u0633-\u0645\u0627\u0633\u0629",
        "country": "MA",
        "road": "RP1014",
        "postalcode": "87052"
      }
    },
    {
      "type": "Feature",
      "geometry": {
        "type": "Point",
        "coordinates": [
          0.67970514,
          48.14641571
        ]
      },
      "properties": {
        "netid": "48:27:EA:7B:43:59",
        "ssid": "AndroidAP",
        "oui": "48:27:EA",
        "channel": 6,
        "encryption": "wpa2",
        "firsttime": "2025-08-16T10:00:00.000Z",
        "lasttime": "2025-08-16T09:00:00.000Z",
        "city": "Villaines-la-Gonais",
        "region": "Pays de la Loire",
        "country": "FR",
        "road": "L\u2019Oc\u00e9ane",
        "postalcode": "72400"
      }
    },
    {
      "type": "Feature",
      "geometry": {
        "type": "Point",
        "coordinates": [
          8.97438812,
          53.03824997
        ]
      },
      "properties": {
        "netid": "48:27:EA:7B:5E:E1",
        "ssid": "AndroidAP",
        "oui": "48:27:EA",
        "channel": 11,
        "encryption": "wpa2",
        "firsttime": "2024-07-12T04:00:00.000Z",
        "lasttime": "2025-08-31T12:00:00.000Z",
        "city": null,
        "region": "Niedersachsen",
        "country": "DE",
        "road": "In den Ellern",
        "postalcode": "28832"
      }
    },
    {
      "type": "Feature",
      "geometry": {
        "type": "Point",
        "coordinates": [
          0.26227799,
          51.88933563
        ]
      },
      "properties": {
        "netid": "48:27:EA:7B:68:39",
        "ssid": "AndroidAP",
        "oui": "48:27:EA",
        "channel": 1,
        "encryption": "wpa2",
        "firsttime": "2026-04-22T05:00:00.000Z",
        "lasttime": "2026-04-21T22:00:00.000Z",
        "city": "Uttlesford",
        "region": "England",
        "country": "GB",
        "road": "Terminal Road North",
        "postalcode": "CM24 1RW"
      }
    },
    {
      "type": "Feature",
      "geometry": {
        "type": "Point",
        "coordinates": [
          79.91213226,
          6.92261839
        ]
      },
      "properties": {
        "netid": "48:27:EA:7B:6F:55",
        "ssid": "Pradeep",
        "oui": "48:27:EA",
        "channel": 1,
        "encryption": "wpa2",
        "firsttime": "2026-08-31T13:00:00.000Z",
        "lasttime": "2026-08-31T06:00:00.000Z",
        "city": "\u0d9a\u0ddc\u0dc5\u0db9",
        "region": "\u0db6\u0dc3\u0dca\u0db1\u0dcf\u0dc4\u0dd2\u0dbb \u0db4\u0dc5\u0dcf\u0dad",
        "country": "LK",
        "road": "Buthgamuwa Road",
        "postalcode": "10620"
      }
    },
    {
      "type": "Feature",
      "geometry": {
        "type": "Point",
        "coordinates": [
          -0.05569696,
          51.38595581
        ]
      },
      "properties": {
        "netid": "48:27:EA:7B:72:DD",
        "ssid": "AndroidAP",
        "oui": "48:27:EA",
        "channel": 1,
        "encryption": "wpa2",
        "firsttime": "2025-09-11T16:00:00.000Z",
        "lasttime": "2025-11-29T01:00:00.000Z",
        "city": "London",
        "region": "England",
        "country": "GB",
        "road": null,
        "postalcode": "CR9 8AB"
      }
    },
    {
      "type": "Feature",
      "geometry": {
        "type": "Point",
        "coordinates": [
          -0.08140506,
          51.57944489
        ]
      },
      "properties": {
        "netid": "48:27:EA:7B:74:A1",
        "ssid": "AndroidAP",
        "oui": "48:27:EA",
        "channel": 6,
        "encryption": "wpa2",
        "firsttime": "2025-02-03T19:00:00.000Z",
        "lasttime": "2025-05-20T02:00:00.000Z",
        "city": "London",
        "region": "England",
        "country": "GB",
        "road": "Seven Sisters Road",
        "postalcode": "N15 6SP"
      }
    },
    {
      "type": "Feature",
      "geometry": {
        "type": "Point",
        "coordinates": [
          -0.11439281,
          51.46311569
        ]
      },
      "properties": {
        "netid": "48:27:EA:7B:79:5F",
        "ssid": "AndroidAP",
        "oui": "48:27:EA",
        "channel": 11,
        "encryption": "wpa2",
        "firsttime": "2024-08-02T13:00:00.000Z",
        "lasttime": "2024-09-18T09:00:00.000Z",
        "city": "London",
        "region": "England",
        "country": "GB",
        "road": "Atlantic Road",
        "postalcode": "SW9 8HY"
      }
    },
    {
      "type": "Feature",
      "geometry": {
        "type": "Point",
        "coordinates": [
          -0.09327847,
          51.47360992
        ]
      },
      "properties": {
        "netid": "48:27:EA:7B:79:A1",
        "ssid": "AndroidAP",
        "oui": "48:27:EA",
        "channel": 11,
        "encryption": "wpa2",
        "firsttime": "2025-09-23T13:00:00.000Z",
        "lasttime": "2025-09-23T07:00:00.000Z",
        "city": "London",
        "region": "England",
        "country": "GB",
        "road": "Denmark Hill",
        "postalcode": "SE5 8RZ"
      }
    },
    {
      "type": "Feature",
      "geometry": {
        "type": "Point",
        "coordinates": [
          -1.6995548,
          48.06184006
        ]
      },
      "properties": {
        "netid": "48:27:EA:7B:95:15",
        "ssid": "AndroidAP9515",
        "oui": "48:27:EA",
        "channel": 1,
        "encryption": "wpa2",
        "firsttime": "2025-04-16T15:00:00.000Z",
        "lasttime": "2025-04-16T09:00:00.000Z",
        "city": null,
        "region": "Bretagne",
        "country": "FR",
        "road": "D 837",
        "postalcode": "35230"
      }
    },
    {
      "type": "Feature",
      "geometry": {
        "type": "Point",
        "coordinates": [
          13.38454914,
          52.50884247
        ]
      },
      "properties": {
        "netid": "48:27:EA:7C:76:7A",
        "ssid": "Galaxy J7",
        "oui": "48:27:EA",
        "channel": 11,
        "encryption": "wpa2",
        "firsttime": "2025-04-26T12:00:00.000Z",
        "lasttime": "2025-04-26T08:00:00.000Z",
        "city": "Berlin",
        "region": "Mitte",
        "country": "DE",
        "road": "Wilhelmstra\u00dfe",
        "postalcode": "10117"
      }
    },
    {
      "type": "Feature",
      "geometry": {
        "type": "Point",
        "coordinates": [
          -4.48605394,
          48.39014816
        ]
      },
      "properties": {
        "netid": "48:27:EA:7C:7D:EE",
        "ssid": "AndroidAP7DEE",
        "oui": "48:27:EA",
        "channel": 11,
        "encryption": "wpa2",
        "firsttime": "2001-01-01T00:00:00.000Z",
        "lasttime": "2025-08-17T04:00:00.000Z",
        "city": "Brest",
        "region": "Bretagne",
        "country": "FR",
        "road": "Avenue Georges Clemenceau",
        "postalcode": "29200"
      }
    },
    {
      "type": "Feature",
      "geometry": {
        "type": "Point",
        "coordinates": [
          16.3786087,
          48.17384338
        ]
      },
      "properties": {
        "netid": "48:27:EA:7C:82:48",
        "ssid": "Galaxy J58248",
        "oui": "48:27:EA",
        "channel": 6,
        "encryption": "wpa2",
        "firsttime": "2025-06-21T13:00:00.000Z",
        "lasttime": "2025-06-21T07:00:00.000Z",
        "city": "Wien",
        "region": "Favoriten",
        "country": "AT",
        "road": "Reumannplatz",
        "postalcode": "1100"
      }
    },
    {
      "type": "Feature",
      "geometry": {
        "type": "Point",
        "coordinates": [
          29.00562096,
          41.04174423
        ]
      },
      "properties": {
        "netid": "48:27:EA:7C:E2:AC",
        "ssid": "Brahim lwaa3er",
        "oui": "48:27:EA",
        "channel": 1,
        "encryption": "wpa2",
        "firsttime": "2025-09-20T14:00:00.000Z",
        "lasttime": "2025-09-20T10:00:00.000Z",
        "city": null,
        "region": "Marmara B\u00f6lgesi",
        "country": "TR",
        "road": "Be\u015fikta\u015f Caddesi",
        "postalcode": "34022"
      }
    },
    {
      "type": "Feature",
      "geometry": {
        "type": "Point",
        "coordinates": [
          28.12510681,
          -26.15153122
        ]
      },
      "properties": {
        "netid": "48:27:EA:7D:00:06",
        "ssid": "AndroidAP",
        "oui": "48:27:EA",
        "channel": 1,
        "encryption": "wpa2",
        "firsttime": "2024-11-25T06:00:00.000Z",
        "lasttime": "2024-11-30T10:00:00.000Z",
        "city": "Johannesburg",
        "region": "Gauteng",
        "country": "ZA",
        "road": "Linksfield Road",
        "postalcode": "2001"
      }
    },
    {
      "type": "Feature",
      "geometry": {
        "type": "Point",
        "coordinates": [
          29.78460121,
          62.5933876
        ]
      },
      "properties": {
        "netid": "48:27:EA:7D:35:C8",
        "ssid": null,
        "oui": "48:27:EA",
        "channel": 6,
        "encryption": "wpa2",
        "firsttime": "2025-05-15T11:00:00.000Z",
        "lasttime": "2025-05-15T05:00:00.000Z",
        "city": "Joensuu",
        "region": "Manner-Suomi",
        "country": "FI",
        "road": "Niinivaarantie",
        "postalcode": "80200"
      }
    },
    {
      "type": "Feature",
      "geometry": {
        "type": "Point",
        "coordinates": [
          18.40390778,
          -33.90800858
        ]
      },
      "properties": {
        "netid": "48:27:EA:7D:3C:50",
        "ssid": "SJ52017",
        "oui": "48:27:EA",
        "channel": 11,
        "encryption": "wpa2",
        "firsttime": "2025-11-19T18:00:00.000Z",
        "lasttime": "2025-11-19T10:00:00.000Z",
        "city": "Cape Town",
        "region": "Western Cape",
        "country": "ZA",
        "road": "Saint Georges Road",
        "postalcode": "8005"
      }
    },
    {
      "type": "Feature",
      "geometry": {
        "type": "Point",
        "coordinates": [
          9.53728867,
          45.60788345
        ]
      },
      "properties": {
        "netid": "48:27:EA:7D:44:94",
        "ssid": "AndroidAP",
        "oui": "48:27:EA",
        "channel": 11,
        "encryption": "wpa2",
        "firsttime": "2022-12-03T13:00:00.000Z",
        "lasttime": "2025-05-03T11:00:00.000Z",
        "city": null,
        "region": "Lombardia",
        "country": "IT",
        "road": "Autostrada Serenissima",
        "postalcode": "24041"
      }
    },
    {
      "type": "Feature",
      "geometry": {
        "type": "Point",
        "coordinates": [
          6.69815016,
          49.8015976
        ]
      },
      "properties": {
        "netid": "48:27:EA:7D:5A:2A",
        "ssid": "AndroidAP",
        "oui": "48:27:EA",
        "channel": 1,
        "encryption": "wpa2",
        "firsttime": "2024-01-13T09:00:00.000Z",
        "lasttime": "2025-04-05T02:00:00.000Z",
        "city": "Trier",
        "region": "Rheinland-Pfalz",
        "country": "DE",
        "road": "A 64a",
        "postalcode": "54293"
      }
    },
    {
      "type": "Feature",
      "geometry": {
        "type": "Point",
        "coordinates": [
          18.00011444,
          59.35546112
        ]
      },
      "properties": {
        "netid": "48:27:EA:7D:5A:5A",
        "ssid": "UA ",
        "oui": "48:27:EA",
        "channel": 6,
        "encryption": "wpa2",
        "firsttime": "2002-07-21T16:00:00.000Z",
        "lasttime": "2024-11-15T11:00:00.000Z",
        "city": null,
        "region": "Stockholms l\u00e4n",
        "country": "SE",
        "road": "Sundbybergsv\u00e4gen",
        "postalcode": "171 44"
      }
    },
    {
      "type": "Feature",
      "geometry": {
        "type": "Point",
        "coordinates": [
          14.50050068,
          50.11067581
        ]
      },
      "properties": {
        "netid": "48:27:EA:7D:60:AA",
        "ssid": "AndroidAP pbzz2527 m",
        "oui": "48:27:EA",
        "channel": 11,
        "encryption": "wpa2",
        "firsttime": "2024-05-13T10:00:00.000Z",
        "lasttime": "2025-07-23T02:00:00.000Z",
        "city": "Hlavn\u00ed m\u011bsto Praha",
        "region": "Praha",
        "country": "CZ",
        "road": "Sokolovsk\u00e1",
        "postalcode": "19000"
      }
    },
    {
      "type": "Feature",
      "geometry": {
        "type": "Point",
        "coordinates": [
          37.6766243,
          55.73872757
        ]
      },
      "properties": {
        "netid": "48:27:EA:7D:C3:94",
        "ssid": "AndroidAP",
        "oui": "48:27:EA",
        "channel": 11,
        "encryption": "unknown",
        "firsttime": "2022-04-23T12:00:00.000Z",
        "lasttime": "2025-03-05T01:00:00.000Z",
        "city": "\u041c\u043e\u0441\u043a\u0432\u0430",
        "region": "\u041c\u043e\u0441\u043a\u0432\u0430",
        "country": "RU",
        "road": "\u041d\u0438\u0436\u0435\u0433\u043e\u0440\u043e\u0434\u0441\u043a\u0430\u044f \u0443\u043b\u0438\u0446\u0430",
        "postalcode": "109029"
      }
    },
    {
      "type": "Feature",
      "geometry": {
        "type": "Point",
        "coordinates": [
          8.56455517,
          49.15533829
        ]
      },
      "properties": {
        "netid": "48:27:EA:7E:04:18",
        "ssid": "AndroidAP",
        "oui": "48:27:EA",
        "channel": 11,
        "encryption": "wpa2",
        "firsttime": "2026-05-12T20:00:00.000Z",
        "lasttime": "2026-05-14T06:00:00.000Z",
        "city": null,
        "region": "Baden-W\u00fcrttemberg",
        "country": "DE",
        "road": "A 5",
        "postalcode": "76694"
      }
    },
    {
      "type": "Feature",
      "geometry": {
        "type": "Point",
        "coordinates": [
          18.60482597,
          54.37862778
        ]
      },
      "properties": {
        "netid": "48:27:EA:7E:04:F6",
        "ssid": "AndroidAP",
        "oui": "48:27:EA",
        "channel": 11,
        "encryption": "wpa2",
        "firsttime": "2025-08-07T16:00:00.000Z",
        "lasttime": "2025-08-07T10:00:00.000Z",
        "city": "Gda\u0144sk",
        "region": "wojew\u00f3dztwo pomorskie",
        "country": "PL",
        "road": "Aleja Grunwaldzka",
        "postalcode": "80-244"
      }
    },
    {
      "type": "Feature",
      "geometry": {
        "type": "Point",
        "coordinates": [
          23.8543129,
          37.97361755
        ]
      },
      "properties": {
        "netid": "48:27:EA:7E:67:62",
        "ssid": "AndroidAP",
        "oui": "48:27:EA",
        "channel": 6,
        "encryption": "wpa2",
        "firsttime": "2025-05-04T08:00:00.000Z",
        "lasttime": "2025-05-04T04:00:00.000Z",
        "city": "\u0394\u03b7\u03bc\u03bf\u03c4\u03b9\u03ba\u03ae \u0395\u03bd\u03cc\u03c4\u03b7\u03c4\u03b1 \u03a0\u03b1\u03b9\u03b1\u03bd\u03af\u03b1\u03c2",
        "region": "\u0391\u03c0\u03bf\u03ba\u03b5\u03bd\u03c4\u03c1\u03c9\u03bc\u03ad\u03bd\u03b7 \u0394\u03b9\u03bf\u03af\u03ba\u03b7\u03c3\u03b7 \u0391\u03c4\u03c4\u03b9\u03ba\u03ae\u03c2",
        "country": "GR",
        "road": "\u039b\u03b1\u03c5\u03c1\u03af\u03bf\u03c5",
        "postalcode": "190 02"
      }
    },
    {
      "type": "Feature",
      "geometry": {
        "type": "Point",
        "coordinates": [
          6.67775822,
          50.98706055
        ]
      },
      "properties": {
        "netid": "48:27:EA:7E:6E:0E",
        "ssid": "AndroidAP6E0E",
        "oui": "48:27:EA",
        "channel": 4,
        "encryption": "wpa2",
        "firsttime": "2025-08-28T14:00:00.000Z",
        "lasttime": "2025-10-10T13:00:00.000Z",
        "city": null,
        "region": "Nordrhein-Westfalen",
        "country": "DE",
        "road": "Paulusstra\u00dfe",
        "postalcode": "50129"
      }
    },
    {
      "type": "Feature",
      "geometry": {
        "type": "Point",
        "coordinates": [
          5.84701681,
          51.91702271
        ]
      },
      "properties": {
        "netid": "48:27:EA:7E:C4:EE",
        "ssid": "AndroidAPC4EE",
        "oui": "48:27:EA",
        "channel": 1,
        "encryption": "wpa2",
        "firsttime": "2025-10-05T16:00:00.000Z",
        "lasttime": "2026-04-10T04:00:00.000Z",
        "city": null,
        "region": "Gelderland",
        "country": "NL",
        "road": "Rijksweg-Zuid",
        "postalcode": "6662KE"
      }
    },
    {
      "type": "Feature",
      "geometry": {
        "type": "Point",
        "coordinates": [
          -1.13595176,
          37.99378204
        ]
      },
      "properties": {
        "netid": "48:27:EA:7F:25:6C",
        "ssid": "Samsung",
        "oui": "48:27:EA",
        "channel": 1,
        "encryption": "wpa2",
        "firsttime": "2024-12-02T21:00:00.000Z",
        "lasttime": "2024-12-30T14:00:00.000Z",
        "city": "Murcia",
        "region": "Regi\u00f3n de Murcia",
        "country": "ES",
        "road": "Avenida de los Pinos",
        "postalcode": "30008"
      }
    },
    {
      "type": "Feature",
      "geometry": {
        "type": "Point",
        "coordinates": [
          49.59412384,
          37.27679443
        ]
      },
      "properties": {
        "netid": "48:27:EA:7F:2D:DA",
        "ssid": "mobina",
        "oui": "48:27:EA",
        "channel": 1,
        "encryption": "wpa2",
        "firsttime": "2024-10-22T16:00:00.000Z",
        "lasttime": "2024-10-22T10:00:00.000Z",
        "city": "\u0634\u0647\u0631 \u0631\u0634\u062a",
        "region": "\u0627\u0633\u062a\u0627\u0646 \u06af\u06cc\u0644\u0627\u0646",
        "country": "IR",
        "road": "\u0628\u0627\u062f\u06cc \u0627\u0644\u0644\u0647",
        "postalcode": "4183614361"
      }
    },
    {
      "type": "Feature",
      "geometry": {
        "type": "Point",
        "coordinates": [
          -4.22749043,
          31.44713974
        ]
      },
      "properties": {
        "netid": "48:27:EA:7F:31:86",
        "ssid": "SM07",
        "oui": "48:27:EA",
        "channel": 1,
        "encryption": "wpa2",
        "firsttime": "2024-11-22T16:00:00.000Z",
        "lasttime": "2024-11-22T10:00:00.000Z",
        "city": "Erfoud \u0623\u0631\u0641\u0648\u062f",
        "region": "Dr\u00e2a-Tafilalet \u2d37\u2d30\u2d54\u2d44\u2d30-\u2d5c\u2d30\u2d3c\u2d49\u2d4d\u2d30\u2d4d\u2d5c \u062f\u0631\u0639\u0629 \u062a\u0627\u0641\u064a\u0644\u0627\u0644\u062a",
        "country": "MA",
        "road": "RN17",
        "postalcode": "52200"
      }
    },
    {
      "type": "Feature",
      "geometry": {
        "type": "Point",
        "coordinates": [
          50.00377274,
          36.27473831
        ]
      },
      "properties": {
        "netid": "48:27:EA:7F:36:DE",
        "ssid": "Porya",
        "oui": "48:27:EA",
        "channel": 1,
        "encryption": "wpa2",
        "firsttime": "2026-08-23T11:00:00.000Z",
        "lasttime": "2026-08-24T08:00:00.000Z",
        "city": "\u0634\u0647\u0631 \u0642\u0632\u0648\u06cc\u0646",
        "region": "\u0627\u0633\u062a\u0627\u0646 \u0642\u0632\u0648\u06cc\u0646",
        "country": "IR",
        "road": "\u0641\u0631\u062f\u0648\u0633\u06cc",
        "postalcode": "3413667475"
      }
    },
    {
      "type": "Feature",
      "geometry": {
        "type": "Point",
        "coordinates": [
          39.90932465,
          43.4592247
        ]
      },
      "properties": {
        "netid": "48:27:EA:7F:44:5C",
        "ssid": "AndroidAP",
        "oui": "48:27:EA",
        "channel": 6,
        "encryption": "unknown",
        "firsttime": "2025-06-29T08:00:00.000Z",
        "lasttime": "2025-08-17T02:00:00.000Z",
        "city": "\u0421\u043e\u0447\u0438",
        "region": "\u041a\u0440\u0430\u0441\u043d\u043e\u0434\u0430\u0440\u0441\u043a\u0438\u0439 \u043a\u0440\u0430\u0439",
        "country": "RU",
        "road": "\u0418\u0437\u0443\u043c\u0440\u0443\u0434\u043d\u0430\u044f \u0443\u043b\u0438\u0446\u0430",
        "postalcode": "354382"
      }
    },
    {
      "type": "Feature",
      "geometry": {
        "type": "Point",
        "coordinates": [
          37.55644989,
          55.7410202
        ]
      },
      "properties": {
        "netid": "48:27:EA:7F:4A:68",
        "ssid": "AndroidAP",
        "oui": "48:27:EA",
        "channel": 6,
        "encryption": "unknown",
        "firsttime": "2025-08-27T12:00:00.000Z",
        "lasttime": "2025-08-27T09:00:00.000Z",
        "city": "\u041c\u043e\u0441\u043a\u0432\u0430",
        "region": "\u041c\u043e\u0441\u043a\u0432\u0430",
        "country": "RU",
        "road": "\u041a\u0438\u0435\u0432\u0441\u043a\u0430\u044f \u0443\u043b\u0438\u0446\u0430",
        "postalcode": "????? ????????? ???"
      }
    },
    {
      "type": "Feature",
      "geometry": {
        "type": "Point",
        "coordinates": [
          -56.44228745,
          -25.77853966
        ]
      },
      "properties": {
        "netid": "48:27:EA:7F:D3:B8",
        "ssid": "AndroidAPD3B8",
        "oui": "48:27:EA",
        "channel": 11,
        "encryption": "wpa2",
        "firsttime": "2024-10-17T13:00:00.000Z",
        "lasttime": "2024-10-17T09:00:00.000Z",
        "city": null,
        "region": "Guair\u00e1",
        "country": "PY",
        "road": "Crist\u00f3bal Col\u00f3n",
        "postalcode": "040103"
      }
    },
    {
      "type": "Feature",
      "geometry": {
        "type": "Point",
        "coordinates": [
          19.19131279,
          50.45242691
        ]
      },
      "properties": {
        "netid": "48:27:EA:80:15:40",
        "ssid": "AndroidAP1540",
        "oui": "48:27:EA",
        "channel": 6,
        "encryption": "wpa2",
        "firsttime": "2025-09-28T12:00:00.000Z",
        "lasttime": "2026-07-31T04:00:00.000Z",
        "city": null,
        "region": "wojew\u00f3dztwo \u015bl\u0105skie",
        "country": "PL",
        "road": "Biwakowa",
        "postalcode": "42-460"
      }
    },
    {
      "type": "Feature",
      "geometry": {
        "type": "Point",
        "coordinates": [
          15.56575203,
          49.47373581
        ]
      },
      "properties": {
        "netid": "48:27:EA:80:38:B8",
        "ssid": "AndroidAP",
        "oui": "48:27:EA",
        "channel": 6,
        "encryption": "wpa2",
        "firsttime": "2020-07-15T14:00:00.000Z",
        "lasttime": "2025-06-11T06:00:00.000Z",
        "city": null,
        "region": "Jihov\u00fdchod",
        "country": "CZ",
        "road": "D1",
        "postalcode": "58801"
      }
    },
    {
      "type": "Feature",
      "geometry": {
        "type": "Point",
        "coordinates": [
          11.98509693,
          51.4691925
        ]
      },
      "properties": {
        "netid": "48:27:EA:80:4A:FC",
        "ssid": "AndroidAP",
        "oui": "48:27:EA",
        "channel": 11,
        "encryption": "wpa2",
        "firsttime": "2025-07-15T15:00:00.000Z",
        "lasttime": "2025-07-15T12:00:00.000Z",
        "city": "Halle",
        "region": "Sachsen-Anhalt",
        "country": "DE",
        "road": "Th\u00fcringer Stra\u00dfe",
        "postalcode": "06112"
      }
    },
    {
      "type": "Feature",
      "geometry": {
        "type": "Point",
        "coordinates": [
          -0.09463355,
          51.37721252
        ]
      },
      "properties": {
        "netid": "48:27:EA:80:54:7A",
        "ssid": "AndroidAP",
        "oui": "48:27:EA",
        "channel": 11,
        "encryption": "wpa2",
        "firsttime": "2025-09-19T12:00:00.000Z",
        "lasttime": "2025-12-23T00:00:00.000Z",
        "city": "London",
        "region": "England",
        "country": "GB",
        "road": "Lansdowne Road",
        "postalcode": "CR0 2BX"
      }
    },
    {
      "type": "Feature",
      "geometry": {
        "type": "Point",
        "coordinates": [
          -0.00768725,
          51.53886414
        ]
      },
      "properties": {
        "netid": "48:27:EA:80:54:B2",
        "ssid": "AndroidAP",
        "oui": "48:27:EA",
        "channel": 11,
        "encryption": "wpa2",
        "firsttime": "2025-10-29T16:00:00.000Z",
        "lasttime": "2025-12-23T00:00:00.000Z",
        "city": "London Borough of Newham",
        "region": "England",
        "country": "GB",
        "road": "Carpenters Road",
        "postalcode": "E15 2HX"
      }
    },
    {
      "type": "Feature",
      "geometry": {
        "type": "Point",
        "coordinates": [
          20.05459404,
          47.70416641
        ]
      },
      "properties": {
        "netid": "48:27:EA:80:A0:B8",
        "ssid": "AndroidAPA0B8",
        "oui": "48:27:EA",
        "channel": 6,
        "encryption": "wpa2",
        "firsttime": "2006-01-03T12:00:00.000Z",
        "lasttime": "2025-08-19T13:00:00.000Z",
        "city": null,
        "region": "\u00c9szak-Magyarorsz\u00e1g",
        "country": "HU",
        "road": "M3",
        "postalcode": "3281"
      }
    },
    {
      "type": "Feature",
      "geometry": {
        "type": "Point",
        "coordinates": [
          -0.19496647,
          5.58152723
        ]
      },
      "properties": {
        "netid": "48:27:EA:81:4D:11",
        "ssid": "Osagyefo",
        "oui": "48:27:EA",
        "channel": 6,
        "encryption": "wpa2",
        "firsttime": "2025-11-10T13:00:00.000Z",
        "lasttime": "2025-11-19T05:00:00.000Z",
        "city": "Accra",
        "region": "Greater Accra Region",
        "country": "GH",
        "road": "Hilla Limann Highway",
        "postalcode": "NE2 8AH"
      }
    },
    {
      "type": "Feature",
      "geometry": {
        "type": "Point",
        "coordinates": [
          24.14349937,
          65.84111786
        ]
      },
      "properties": {
        "netid": "48:27:EA:81:62:FF",
        "ssid": "AndroidAP",
        "oui": "48:27:EA",
        "channel": 6,
        "encryption": "wpa2",
        "firsttime": "2025-02-18T12:00:00.000Z",
        "lasttime": "2025-02-22T10:00:00.000Z",
        "city": null,
        "region": "Norrbottens l\u00e4n",
        "country": "SE",
        "road": "E 4",
        "postalcode": "95331"
      }
    },
    {
      "type": "Feature",
      "geometry": {
        "type": "Point",
        "coordinates": [
          11.44000053,
          47.27666092
        ]
      },
      "properties": {
        "netid": "48:27:EA:81:69:E7",
        "ssid": "J5OTTO",
        "oui": "48:27:EA",
        "channel": 11,
        "encryption": "wpa2",
        "firsttime": "2024-02-10T12:00:00.000Z",
        "lasttime": "2025-08-30T05:00:00.000Z",
        "city": "Innsbruck",
        "region": "Tirol",
        "country": "AT",
        "road": "Haller Stra\u00dfe",
        "postalcode": "6020"
      }
    },
    {
      "type": "Feature",
      "geometry": {
        "type": "Point",
        "coordinates": [
          21.92367172,
          47.07282257
        ]
      },
      "properties": {
        "netid": "48:27:EA:81:76:F7",
        "ssid": "Galaxy J576F7",
        "oui": "48:27:EA",
        "channel": 11,
        "encryption": "wpa2",
        "firsttime": "2022-01-20T14:00:00.000Z",
        "lasttime": "2025-01-04T11:00:00.000Z",
        "city": "Oradea",
        "region": "Bihor",
        "country": "RO",
        "road": "Strada Corneliu Coposu",
        "postalcode": "410445"
      }
    },
    {
      "type": "Feature",
      "geometry": {
        "type": "Point",
        "coordinates": [
          42.68120193,
          37.15285492
        ]
      },
      "properties": {
        "netid": "48:27:EA:81:A7:E3",
        "ssid": "AndroidAP22",
        "oui": "48:27:EA",
        "channel": 6,
        "encryption": "wpa2",
        "firsttime": "2001-01-01T03:00:00.000Z",
        "lasttime": "2024-12-21T08:00:00.000Z",
        "city": "\u0632\u0627\u062e\u06c6",
        "region": "\u0647\u06d5\u0631\u06ce\u0645\u06cc \u06a9\u0648\u0631\u062f\u0633\u062a\u0627\u0646",
        "country": "IQ",
        "road": null,
        "postalcode": "42002"
      }
    },
    {
      "type": "Feature",
      "geometry": {
        "type": "Point",
        "coordinates": [
          30.29929543,
          59.96614456
        ]
      },
      "properties": {
        "netid": "48:27:EA:81:B5:03",
        "ssid": "AndroidAPB503",
        "oui": "48:27:EA",
        "channel": 1,
        "encryption": "unknown",
        "firsttime": "2025-02-17T10:00:00.000Z",
        "lasttime": "2025-02-17T02:00:00.000Z",
        "city": "\u0421\u0430\u043d\u043a\u0442-\u041f\u0435\u0442\u0435\u0440\u0431\u0443\u0440\u0433",
        "region": "\u0421\u0430\u043d\u043a\u0442-\u041f\u0435\u0442\u0435\u0440\u0431\u0443\u0440\u0433",
        "country": "RU",
        "road": "\u0427\u043a\u0430\u043b\u043e\u0432\u0441\u043a\u0438\u0439 \u043f\u0440\u043e\u0441\u043f\u0435\u043a\u0442",
        "postalcode": "197136"
      }
    },
    {
      "type": "Feature",
      "geometry": {
        "type": "Point",
        "coordinates": [
          15.44155407,
          47.06694031
        ]
      },
      "properties": {
        "netid": "48:27:EA:82:B5:88",
        "ssid": "ABDULLAH",
        "oui": "48:27:EA",
        "channel": 11,
        "encryption": "wpa2",
        "firsttime": "2026-06-30T19:00:00.000Z",
        "lasttime": "2026-06-30T14:00:00.000Z",
        "city": "Graz",
        "region": "Steiermark",
        "country": "AT",
        "road": "H",
        "postalcode": "8010"
      }
    },
    {
      "type": "Feature",
      "geometry": {
        "type": "Point",
        "coordinates": [
          8.19265079,
          49.7021637
        ]
      },
      "properties": {
        "netid": "48:27:EA:83:AE:C6",
        "ssid": "AndroidAPAEC6",
        "oui": "48:27:EA",
        "channel": 6,
        "encryption": "wpa2",
        "firsttime": "2019-09-10T12:00:00.000Z",
        "lasttime": "2026-08-22T09:00:00.000Z",
        "city": "Gundersheim",
        "region": "Rheinland-Pfalz",
        "country": "DE",
        "road": "A 61",
        "postalcode": "67598"
      }
    },
    {
      "type": "Feature",
      "geometry": {
        "type": "Point",
        "coordinates": [
          18.006464,
          53.12373734
        ]
      },
      "properties": {
        "netid": "48:27:EA:84:23:0A",
        "ssid": "AndroidAP230A",
        "oui": "48:27:EA",
        "channel": 6,
        "encryption": "wpa2",
        "firsttime": "2025-04-15T12:00:00.000Z",
        "lasttime": "2025-05-21T10:00:00.000Z",
        "city": null,
        "region": "wojew\u00f3dztwo kujawsko-pomorskie",
        "country": "PL",
        "road": "Jagiello\u0144ska",
        "postalcode": "85-131"
      }
    },
    {
      "type": "Feature",
      "geometry": {
        "type": "Point",
        "coordinates": [
          39.12882233,
          44.08798981
        ]
      },
      "properties": {
        "netid": "48:27:EA:84:2B:A4",
        "ssid": "EDIK",
        "oui": "48:27:EA",
        "channel": 6,
        "encryption": "unknown",
        "firsttime": "2022-10-07T23:00:00.000Z",
        "lasttime": "2025-05-27T02:00:00.000Z",
        "city": null,
        "region": "\u041a\u0440\u0430\u0441\u043d\u043e\u0434\u0430\u0440\u0441\u043a\u0438\u0439 \u043a\u0440\u0430\u0439",
        "country": "RU",
        "road": "\u0410-147",
        "postalcode": "352814"
      }
    },
    {
      "type": "Feature",
      "geometry": {
        "type": "Point",
        "coordinates": [
          21.38672638,
          50.08178329
        ]
      },
      "properties": {
        "netid": "48:27:EA:84:67:EA",
        "ssid": "AndroidAP",
        "oui": "48:27:EA",
        "channel": 6,
        "encryption": "wpa2",
        "firsttime": "2024-06-29T14:00:00.000Z",
        "lasttime": "2026-08-17T05:00:00.000Z",
        "city": null,
        "region": "wojew\u00f3dztwo podkarpackie",
        "country": "PL",
        "road": null,
        "postalcode": "39-204"
      }
    },
    {
      "type": "Feature",
      "geometry": {
        "type": "Point",
        "coordinates": [
          -8.61176682,
          41.15071869
        ]
      },
      "properties": {
        "netid": "48:27:EA:84:E8:8C",
        "ssid": "Galaxy J5E88C",
        "oui": "48:27:EA",
        "channel": 11,
        "encryption": "wpa2",
        "firsttime": "2024-01-05T13:00:00.000Z",
        "lasttime": "2025-07-29T06:00:00.000Z",
        "city": "Porto",
        "region": "Porto",
        "country": "PT",
        "road": "Rua do Almada",
        "postalcode": "4000-407"
      }
    },
    {
      "type": "Feature",
      "geometry": {
        "type": "Point",
        "coordinates": [
          18.84129906,
          42.29304123
        ]
      },
      "properties": {
        "netid": "48:27:EA:85:28:48",
        "ssid": "Android MV",
        "oui": "48:27:EA",
        "channel": 11,
        "encryption": "wpa2",
        "firsttime": "2024-05-19T14:00:00.000Z",
        "lasttime": "2025-08-22T09:00:00.000Z",
        "city": "Budva",
        "region": "Op\u0161tina Budva",
        "country": "ME",
        "road": "Ivana Milutinovi\u0107a",
        "postalcode": "83510"
      }
    },
    {
      "type": "Feature",
      "geometry": {
        "type": "Point",
        "coordinates": [
          9.7490406,
          52.36920929
        ]
      },
      "properties": {
        "netid": "48:27:EA:85:36:00",
        "ssid": "AndroidAP",
        "oui": "48:27:EA",
        "channel": 1,
        "encryption": "wpa2",
        "firsttime": "2023-08-20T14:00:00.000Z",
        "lasttime": "2026-09-02T23:00:00.000Z",
        "city": "Hannover",
        "region": "Niedersachsen",
        "country": "DE",
        "road": "Marienstra\u00dfe",
        "postalcode": "30171"
      }
    },
    {
      "type": "Feature",
      "geometry": {
        "type": "Point",
        "coordinates": [
          -17.45141029,
          14.6969614
        ]
      },
      "properties": {
        "netid": "48:27:EA:85:94:FC",
        "ssid": "Fear",
        "oui": "48:27:EA",
        "channel": 11,
        "encryption": "wpa2",
        "firsttime": "2024-09-28T11:00:00.000Z",
        "lasttime": "2024-09-28T11:00:00.000Z",
        "city": "Dakar",
        "region": "R\u00e9gion de Dakar",
        "country": "SN",
        "road": "Boulevard Dial Diop",
        "postalcode": "13500"
      }
    },
    {
      "type": "Feature",
      "geometry": {
        "type": "Point",
        "coordinates": [
          8.1709137,
          52.84249496
        ]
      },
      "properties": {
        "netid": "48:27:EA:85:AF:70",
        "ssid": "Galaxy J5AF70",
        "oui": "48:27:EA",
        "channel": 11,
        "encryption": "wpa2",
        "firsttime": "2025-05-14T09:00:00.000Z",
        "lasttime": "2026-01-13T09:00:00.000Z",
        "city": null,
        "region": "Niedersachsen",
        "country": "DE",
        "road": "Planstra\u00dfe",
        "postalcode": "49685"
      }
    },
    {
      "type": "Feature",
      "geometry": {
        "type": "Point",
        "coordinates": [
          27.67599297,
          62.89227295
        ]
      },
      "properties": {
        "netid": "48:27:EA:85:B6:BE",
        "ssid": "Galaxy J5B6BE",
        "oui": "48:27:EA",
        "channel": 6,
        "encryption": "wpa2",
        "firsttime": "2026-08-13T13:00:00.000Z",
        "lasttime": "2026-08-17T06:00:00.000Z",
        "city": "Kuopio",
        "region": "Manner-Suomi",
        "country": "FI",
        "road": "Haapaniemenkatu",
        "postalcode": "70100"
      }
    },
    {
      "type": "Feature",
      "geometry": {
        "type": "Point",
        "coordinates": [
          -9.21046162,
          38.7481575
        ]
      },
      "properties": {
        "netid": "48:27:EA:86:52:44",
        "ssid": "AndroidAP",
        "oui": "48:27:EA",
        "channel": 11,
        "encryption": "unknown",
        "firsttime": "2025-11-01T14:00:00.000Z",
        "lasttime": "2025-11-01T16:00:00.000Z",
        "city": "\u00c1guas Livres",
        "region": "Lisboa",
        "country": "PT",
        "road": "Praceta da Liberdade",
        "postalcode": null
      }
    },
    {
      "type": "Feature",
      "geometry": {
        "type": "Point",
        "coordinates": [
          2.43615222,
          48.91883469
        ]
      },
      "properties": {
        "netid": "48:27:EA:86:C3:70",
        "ssid": "AndroidAP9",
        "oui": "48:27:EA",
        "channel": 6,
        "encryption": "wpa2",
        "firsttime": "2026-06-07T12:00:00.000Z",
        "lasttime": "2026-07-05T08:00:00.000Z",
        "city": null,
        "region": "\u00cele-de-France",
        "country": "FR",
        "road": "Boulevard Saint-Simon",
        "postalcode": "93700"
      }
    },
    {
      "type": "Feature",
      "geometry": {
        "type": "Point",
        "coordinates": [
          92.20521545,
          58.45605469
        ]
      },
      "properties": {
        "netid": "48:27:EA:87:4C:B0",
        "ssid": "Galaxy J54CB0",
        "oui": "48:27:EA",
        "channel": 6,
        "encryption": "unknown",
        "firsttime": "2025-05-07T02:00:00.000Z",
        "lasttime": "2025-05-06T21:00:00.000Z",
        "city": null,
        "region": "\u041a\u0440\u0430\u0441\u043d\u043e\u044f\u0440\u0441\u043a\u0438\u0439 \u043a\u0440\u0430\u0439",
        "country": "RU",
        "road": null,
        "postalcode": "663185"
      }
    },
    {
      "type": "Feature",
      "geometry": {
        "type": "Point",
        "coordinates": [
          -7.81412601,
          52.67908478
        ]
      },
      "properties": {
        "netid": "48:27:EA:87:6C:88",
        "ssid": "AndroidAP",
        "oui": "48:27:EA",
        "channel": 1,
        "encryption": "wpa2",
        "firsttime": "2025-10-15T18:00:00.000Z",
        "lasttime": "2025-10-15T13:00:00.000Z",
        "city": null,
        "region": "The Municipal District of Thurles",
        "country": "IE",
        "road": "Liberty Square",
        "postalcode": "E41 RH29"
      }
    },
    {
      "type": "Feature",
      "geometry": {
        "type": "Point",
        "coordinates": [
          -0.11154333,
          51.5518837
        ]
      },
      "properties": {
        "netid": "48:27:EA:87:93:4A",
        "ssid": "Galaxy J5934A",
        "oui": "48:27:EA",
        "channel": 11,
        "encryption": "wpa2",
        "firsttime": "2026-02-08T16:00:00.000Z",
        "lasttime": "2026-02-08T11:00:00.000Z",
        "city": "London",
        "region": "England",
        "country": "GB",
        "road": "Eden Grove",
        "postalcode": "N1"
      }
    },
    {
      "type": "Feature",
      "geometry": {
        "type": "Point",
        "coordinates": [
          24.92609215,
          60.18157578
        ]
      },
      "properties": {
        "netid": "48:27:EA:88:1C:D2",
        "ssid": "SamsungPhone",
        "oui": "48:27:EA",
        "channel": 6,
        "encryption": "wpa2",
        "firsttime": "2024-01-23T17:00:00.000Z",
        "lasttime": "2024-10-15T23:00:00.000Z",
        "city": "Helsinki",
        "region": "Manner-Suomi",
        "country": "FI",
        "road": "Runeberginkatu",
        "postalcode": "00260"
      }
    },
    {
      "type": "Feature",
      "geometry": {
        "type": "Point",
        "coordinates": [
          24.94254494,
          60.16719818
        ]
      },
      "properties": {
        "netid": "48:27:EA:88:1E:FC",
        "ssid": "Veruskan puhelin 2",
        "oui": "48:27:EA",
        "channel": 6,
        "encryption": "wpa2",
        "firsttime": "2024-11-16T12:00:00.000Z",
        "lasttime": "2024-11-16T05:00:00.000Z",
        "city": "Helsinki",
        "region": "Manner-Suomi",
        "country": "FI",
        "road": "Mannerheimintie",
        "postalcode": "00101"
      }
    },
    {
      "type": "Feature",
      "geometry": {
        "type": "Point",
        "coordinates": [
          19.48121452,
          40.37840271
        ]
      },
      "properties": {
        "netid": "48:27:EA:88:3F:4A",
        "ssid": "Galaxy J53F4A",
        "oui": "48:27:EA",
        "channel": 11,
        "encryption": "wpa2",
        "firsttime": "2025-08-09T15:00:00.000Z",
        "lasttime": "2025-08-10T07:00:00.000Z",
        "city": "Bashkia Vlor\u00eb",
        "region": "Shqip\u00ebria Jugore",
        "country": "AL",
        "road": "Rruga Sali Vranishti",
        "postalcode": "9426"
      }
    },
    {
      "type": "Feature",
      "geometry": {
        "type": "Point",
        "coordinates": [
          13.37201881,
          52.5062027
        ]
      },
      "properties": {
        "netid": "48:27:EA:89:24:4C",
        "ssid": "Cezmi27",
        "oui": "48:27:EA",
        "channel": 11,
        "encryption": "wpa2",
        "firsttime": "2024-05-16T07:00:00.000Z",
        "lasttime": "2026-07-09T07:00:00.000Z",
        "city": "Berlin",
        "region": "Mitte",
        "country": "DE",
        "road": "B 96",
        "postalcode": "10785"
      }
    },
    {
      "type": "Feature",
      "geometry": {
        "type": "Point",
        "coordinates": [
          -1.71123505,
          48.01681137
        ]
      },
      "properties": {
        "netid": "48:27:EA:8A:35:68",
        "ssid": "Maison A2R",
        "oui": "48:27:EA",
        "channel": 6,
        "encryption": "wpa2",
        "firsttime": "2026-02-21T11:00:00.000Z",
        "lasttime": "2026-02-21T19:00:00.000Z",
        "city": null,
        "region": "Bretagne",
        "country": "FR",
        "road": "Avenue Pierre de Coubertin",
        "postalcode": "35131"
      }
    },
    {
      "type": "Feature",
      "geometry": {
        "type": "Point",
        "coordinates": [
          2.35705233,
          48.88049316
        ]
      },
      "properties": {
        "netid": "48:27:EA:8A:B9:40",
        "ssid": "AndroidAP",
        "oui": "48:27:EA",
        "channel": 6,
        "encryption": "wpa2",
        "firsttime": "2023-12-01T17:00:00.000Z",
        "lasttime": "2026-07-20T12:00:00.000Z",
        "city": "Paris",
        "region": "\u00cele-de-France",
        "country": "FR",
        "road": "Rue du Faubourg Saint-Denis",
        "postalcode": "75010"
      }
    },
    {
      "type": "Feature",
      "geometry": {
        "type": "Point",
        "coordinates": [
          6.99645376,
          50.89194107
        ]
      },
      "properties": {
        "netid": "48:27:EA:8B:0A:AA",
        "ssid": "avod4582",
        "oui": "48:27:EA",
        "channel": 11,
        "encryption": "wpa2",
        "firsttime": "2025-11-08T10:00:00.000Z",
        "lasttime": "2025-11-23T03:00:00.000Z",
        "city": "K\u00f6ln",
        "region": "Nordrhein-Westfalen",
        "country": "DE",
        "road": "Rodenkirchen Rathaus",
        "postalcode": "50996"
      }
    },
    {
      "type": "Feature",
      "geometry": {
        "type": "Point",
        "coordinates": [
          9.62173271,
          52.42119217
        ]
      },
      "properties": {
        "netid": "48:27:EA:8B:0F:94",
        "ssid": "AndroidAP0F94",
        "oui": "48:27:EA",
        "channel": 6,
        "encryption": "wpa2",
        "firsttime": "2026-05-30T09:00:00.000Z",
        "lasttime": "2026-05-31T13:00:00.000Z",
        "city": null,
        "region": "Niedersachsen",
        "country": "DE",
        "road": "A 2",
        "postalcode": "30823"
      }
    },
    {
      "type": "Feature",
      "geometry": {
        "type": "Point",
        "coordinates": [
          13.79042816,
          45.62913513
        ]
      },
      "properties": {
        "netid": "48:27:EA:8B:3F:7E",
        "ssid": "AndroidAP",
        "oui": "48:27:EA",
        "channel": 1,
        "encryption": "wpa2",
        "firsttime": "2025-07-23T15:00:00.000Z",
        "lasttime": "2025-07-27T15:00:00.000Z",
        "city": "Trieste",
        "region": "Friuli-Venezia Giulia",
        "country": "IT",
        "road": "Via dei Soncini",
        "postalcode": "34145"
      }
    },
    {
      "type": "Feature",
      "geometry": {
        "type": "Point",
        "coordinates": [
          19.40815353,
          51.76167297
        ]
      },
      "properties": {
        "netid": "48:27:EA:8C:B4:04",
        "ssid": "Botaniczny2025",
        "oui": "48:27:EA",
        "channel": 1,
        "encryption": "wpa2",
        "firsttime": "2025-05-25T10:00:00.000Z",
        "lasttime": "2026-05-18T11:00:00.000Z",
        "city": "\u0141\u00f3d\u017a",
        "region": "wojew\u00f3dztwo \u0142\u00f3dzkie",
        "country": "PL",
        "road": "Krzemieniecka - Konstantynowska",
        "postalcode": "94-302"
      }
    },
    {
      "type": "Feature",
      "geometry": {
        "type": "Point",
        "coordinates": [
          20.14494896,
          51.97324371
        ]
      },
      "properties": {
        "netid": "48:27:EA:8C:B5:8C",
        "ssid": "AndroidAP",
        "oui": "48:27:EA",
        "channel": 1,
        "encryption": "wpa2",
        "firsttime": "2025-03-24T19:00:00.000Z",
        "lasttime": "2025-03-24T13:00:00.000Z",
        "city": "Skierniewice",
        "region": "wojew\u00f3dztwo \u0142\u00f3dzkie",
        "country": "PL",
        "road": "Ksi\u0119dza Kardyna\u0142a Prymasa Stefana Wyszy\u0144skiego",
        "postalcode": "96-100"
      }
    },
    {
      "type": "Feature",
      "geometry": {
        "type": "Point",
        "coordinates": [
          16.03397942,
          45.82360458
        ]
      },
      "properties": {
        "netid": "48:27:EA:8D:13:C6",
        "ssid": "Lavdi",
        "oui": "48:27:EA",
        "channel": 6,
        "encryption": "wpa2",
        "firsttime": "2024-10-28T13:00:00.000Z",
        "lasttime": "2024-10-28T10:00:00.000Z",
        "city": "Zagreb",
        "region": "Ravnice",
        "country": "HR",
        "road": "Sveto\u0161imunska cesta",
        "postalcode": "10000"
      }
    },
    {
      "type": "Feature",
      "geometry": {
        "type": "Point",
        "coordinates": [
          24.989851,
          60.24463654
        ]
      },
      "properties": {
        "netid": "48:27:EA:8D:3E:EC",
        "ssid": "AndroidAP",
        "oui": "48:27:EA",
        "channel": 11,
        "encryption": "wpa2",
        "firsttime": "2021-04-26T16:00:00.000Z",
        "lasttime": "2024-10-29T07:00:00.000Z",
        "city": "Helsinki",
        "region": "Manner-Suomi",
        "country": "FI",
        "road": "Madetojanpolku",
        "postalcode": "00720"
      }
    },
    {
      "type": "Feature",
      "geometry": {
        "type": "Point",
        "coordinates": [
          17.08750534,
          48.16396713
        ]
      },
      "properties": {
        "netid": "48:27:EA:8D:4C:C8",
        "ssid": "AndroidAP",
        "oui": "48:27:EA",
        "channel": 1,
        "encryption": "wpa2",
        "firsttime": "2025-12-22T17:00:00.000Z",
        "lasttime": "2026-07-09T05:00:00.000Z",
        "city": "Bratislava",
        "region": "Bratislavsk\u00fd kraj",
        "country": "SK",
        "road": "Brnianska",
        "postalcode": "811 04"
      }
    },
    {
      "type": "Feature",
      "geometry": {
        "type": "Point",
        "coordinates": [
          11.85471439,
          58.06843948
        ]
      },
      "properties": {
        "netid": "48:27:EA:8D:51:9C",
        "ssid": "AndroidAP",
        "oui": "48:27:EA",
        "channel": 11,
        "encryption": "wpa2",
        "firsttime": "2024-12-22T11:00:00.000Z",
        "lasttime": "2025-01-02T12:00:00.000Z",
        "city": null,
        "region": "V\u00e4stra G\u00f6talands l\u00e4n",
        "country": "SE",
        "road": "Yttre ringleden",
        "postalcode": "444 42"
      }
    },
    {
      "type": "Feature",
      "geometry": {
        "type": "Point",
        "coordinates": [
          4.3157649,
          52.06212997
        ]
      },
      "properties": {
        "netid": "48:27:EA:8E:B1:F4",
        "ssid": "AndroidAPB1F4",
        "oui": "48:27:EA",
        "channel": 9,
        "encryption": "wpa2",
        "firsttime": "2024-10-19T12:00:00.000Z",
        "lasttime": "2024-10-24T02:00:00.000Z",
        "city": "Den Haag",
        "region": "Zuid-Holland",
        "country": "NL",
        "road": "Verheeskade",
        "postalcode": "2521DE"
      }
    },
    {
      "type": "Feature",
      "geometry": {
        "type": "Point",
        "coordinates": [
          56.23855209,
          58.01109695
        ]
      },
      "properties": {
        "netid": "48:27:EA:8F:AB:30",
        "ssid": "AndroidAPAB30",
        "oui": "48:27:EA",
        "channel": 6,
        "encryption": "unknown",
        "firsttime": "2025-06-12T10:00:00.000Z",
        "lasttime": "2025-06-12T04:00:00.000Z",
        "city": "\u041f\u0435\u0440\u043c\u044c",
        "region": "\u041f\u0435\u0440\u043c\u0441\u043a\u0438\u0439 \u043a\u0440\u0430\u0439",
        "country": "RU",
        "road": "\u041a\u043e\u043c\u0441\u043e\u043c\u043e\u043b\u044c\u0441\u043a\u0438\u0439 \u043f\u0440\u043e\u0441\u043f\u0435\u043a\u0442",
        "postalcode": "614600"
      }
    },
    {
      "type": "Feature",
      "geometry": {
        "type": "Point",
        "coordinates": [
          -70.64855957,
          -33.43938446
        ]
      },
      "properties": {
        "netid": "48:27:EA:8F:CE:EE",
        "ssid": "AndroidAPCEEE",
        "oui": "48:27:EA",
        "channel": 6,
        "encryption": "wpa2",
        "firsttime": "2025-06-03T21:00:00.000Z",
        "lasttime": "2025-06-03T15:00:00.000Z",
        "city": "Santiago",
        "region": "Regi\u00f3n Metropolitana de Santiago",
        "country": "CL",
        "road": "Paseo Hu\u00e9rfanos",
        "postalcode": "8320202"
      }
    },
    {
      "type": "Feature",
      "geometry": {
        "type": "Point",
        "coordinates": [
          16.35589981,
          48.19807434
        ]
      },
      "properties": {
        "netid": "48:27:EA:90:68:E2",
        "ssid": "Samsung Nata",
        "oui": "48:27:EA",
        "channel": 3,
        "encryption": "wpa2",
        "firsttime": "2026-07-31T06:00:00.000Z",
        "lasttime": "2026-07-31T15:00:00.000Z",
        "city": "Wien",
        "region": "Untere Windm\u00fchle",
        "country": "AT",
        "road": "Gumpendorfer Stra\u00dfe",
        "postalcode": "1060"
      }
    },
    {
      "type": "Feature",
      "geometry": {
        "type": "Point",
        "coordinates": [
          17.02962303,
          54.47294235
        ]
      },
      "properties": {
        "netid": "48:27:EA:90:8C:78",
        "ssid": "InternetJAV",
        "oui": "48:27:EA",
        "channel": 8,
        "encryption": "wpa2",
        "firsttime": "2026-08-21T12:00:00.000Z",
        "lasttime": "2026-08-21T07:00:00.000Z",
        "city": "S\u0142upsk",
        "region": "wojew\u00f3dztwo pomorskie",
        "country": "PL",
        "road": "Tramwajowa",
        "postalcode": "76-200"
      }
    },
    {
      "type": "Feature",
      "geometry": {
        "type": "Point",
        "coordinates": [
          3.43936586,
          51.53080368
        ]
      },
      "properties": {
        "netid": "48:27:EA:90:95:AE",
        "ssid": "KV216",
        "oui": "48:27:EA",
        "channel": 6,
        "encryption": "wpa2",
        "firsttime": "2026-08-23T15:00:00.000Z",
        "lasttime": "2026-08-23T09:00:00.000Z",
        "city": null,
        "region": "Zeeland",
        "country": "NL",
        "road": "'t Hout",
        "postalcode": "4361CB"
      }
    },
    {
      "type": "Feature",
      "geometry": {
        "type": "Point",
        "coordinates": [
          52.45749664,
          54.09107971
        ]
      },
      "properties": {
        "netid": "48:27:EA:90:AB:DA",
        "ssid": "AndroidAP",
        "oui": "48:27:EA",
        "channel": 6,
        "encryption": "unknown",
        "firsttime": "2024-09-27T10:00:00.000Z",
        "lasttime": "2024-09-27T09:00:00.000Z",
        "city": null,
        "region": "\u041e\u0440\u0435\u043d\u0431\u0443\u0440\u0433\u0441\u043a\u0430\u044f \u043e\u0431\u043b\u0430\u0441\u0442\u044c",
        "country": "RU",
        "road": "\u00ab\u0423\u0440\u0430\u043b\u00bb",
        "postalcode": "446974"
      }
    },
    {
      "type": "Feature",
      "geometry": {
        "type": "Point",
        "coordinates": [
          24.90575409,
          60.1222496
        ]
      },
      "properties": {
        "netid": "48:27:EA:90:B1:EC",
        "ssid": "Galaxy J5B1EC",
        "oui": "48:27:EA",
        "channel": 6,
        "encryption": "wpa2",
        "firsttime": "2024-10-05T05:00:00.000Z",
        "lasttime": "2024-10-05T11:00:00.000Z",
        "city": "Helsinki",
        "region": "Manner-Suomi",
        "country": "FI",
        "road": null,
        "postalcode": null
      }
    },
    {
      "type": "Feature",
      "geometry": {
        "type": "Point",
        "coordinates": [
          9.15704632,
          49.28043747
        ]
      },
      "properties": {
        "netid": "48:27:EA:91:52:31",
        "ssid": "OliverPhilipp",
        "oui": "48:27:EA",
        "channel": 1,
        "encryption": "wpa2",
        "firsttime": "2024-12-07T18:00:00.000Z",
        "lasttime": "2026-03-08T09:00:00.000Z",
        "city": null,
        "region": "Baden-W\u00fcrttemberg",
        "country": "DE",
        "road": "Mosbacher Stra\u00dfe",
        "postalcode": "74831"
      }
    },
    {
      "type": "Feature",
      "geometry": {
        "type": "Point",
        "coordinates": [
          7.41003132,
          50.40013123
        ]
      },
      "properties": {
        "netid": "48:27:EA:91:69:03",
        "ssid": "AndroidAP01",
        "oui": "48:27:EA",
        "channel": 11,
        "encryption": "wpa2",
        "firsttime": "2025-07-28T10:00:00.000Z",
        "lasttime": "2025-07-28T03:00:00.000Z",
        "city": null,
        "region": "Rheinland-Pfalz",
        "country": "DE",
        "road": "Grabenstra\u00dfe",
        "postalcode": "56626"
      }
    },
    {
      "type": "Feature",
      "geometry": {
        "type": "Point",
        "coordinates": [
          9.988657,
          53.46554565
        ]
      },
      "properties": {
        "netid": "48:27:EA:91:D4:39",
        "ssid": "Galaxy J5D439",
        "oui": "48:27:EA",
        "channel": 11,
        "encryption": "wpa2",
        "firsttime": "2025-09-03T10:00:00.000Z",
        "lasttime": "2025-10-27T16:00:00.000Z",
        "city": "Hamburg",
        "region": "Harburg",
        "country": "DE",
        "road": "Theodor-Yorck-Stra\u00dfe",
        "postalcode": "21079"
      }
    },
    {
      "type": "Feature",
      "geometry": {
        "type": "Point",
        "coordinates": [
          44.81615829,
          41.69471359
        ]
      },
      "properties": {
        "netid": "48:27:EA:92:24:CB",
        "ssid": "Galaxy J5 Pro24CB",
        "oui": "48:27:EA",
        "channel": 6,
        "encryption": "wpa2",
        "firsttime": "2024-12-20T11:00:00.000Z",
        "lasttime": "2024-12-23T05:00:00.000Z",
        "city": "\u10d7\u10d1\u10d8\u10da\u10d8\u10e1\u10d8",
        "region": "\u10d8\u10e1\u10dc\u10d8\u10e1 \u10e0\u10d0\u10d8\u10dd\u10dc\u10d8",
        "country": "GE",
        "road": "\u10d9\u10dd\u10dc\u10e1\u10e2\u10d0\u10dc\u10e2\u10d8\u10dc\u10d4 \u10d4\u10e0\u10d8\u10e1\u10d7\u10d0\u10d5\u10d8\u10e1 \u10e5\u10e3\u10e9\u10d0",
        "postalcode": "0100"
      }
    },
    {
      "type": "Feature",
      "geometry": {
        "type": "Point",
        "coordinates": [
          29.36538315,
          40.93785477
        ]
      },
      "properties": {
        "netid": "48:27:EA:92:83:A1",
        "ssid": "AndroidAP",
        "oui": "48:27:EA",
        "channel": 11,
        "encryption": "wpa2",
        "firsttime": "2024-06-10T09:00:00.000Z",
        "lasttime": "2025-03-24T04:00:00.000Z",
        "city": null,
        "region": "Marmara B\u00f6lgesi",
        "country": "TR",
        "road": "\u0130stanbul Park Bulvar\u0131",
        "postalcode": "34959"
      }
    },
    {
      "type": "Feature",
      "geometry": {
        "type": "Point",
        "coordinates": [
          79.92658997,
          6.91982269
        ]
      },
      "properties": {
        "netid": "48:27:EA:93:D5:E9",
        "ssid": "Galaxy J593_D5_E9",
        "oui": "48:27:EA",
        "channel": 1,
        "encryption": "wpa2",
        "firsttime": "2024-09-09T08:00:00.000Z",
        "lasttime": "2024-09-09T20:00:00.000Z",
        "city": null,
        "region": "\u0db6\u0dc3\u0dca\u0db1\u0dcf\u0dc4\u0dd2\u0dbb \u0db4\u0dc5\u0dcf\u0dad",
        "country": "LK",
        "road": "Walpola Road",
        "postalcode": "10620"
      }
    },
    {
      "type": "Feature",
      "geometry": {
        "type": "Point",
        "coordinates": [
          36.21974945,
          33.52445602
        ]
      },
      "properties": {
        "netid": "48:27:EA:94:AB:3D",
        "ssid": "AndroidAPAB3D",
        "oui": "48:27:EA",
        "channel": 1,
        "encryption": "wpa2",
        "firsttime": "2025-09-20T16:00:00.000Z",
        "lasttime": "2025-09-24T01:00:00.000Z",
        "city": null,
        "region": "\u0645\u062d\u0627\u0641\u0638\u0629 \u062f\u0645\u0634\u0642",
        "country": "SY",
        "road": "\u0639\u0628\u062f \u0627\u0644\u063a\u0646\u064a \u0627\u0644\u0639\u0631\u0628\u064a",
        "postalcode": "011"
      }
    },
    {
      "type": "Feature",
      "geometry": {
        "type": "Point",
        "coordinates": [
          124.70317078,
          6.65379524
        ]
      },
      "properties": {
        "netid": "48:27:EA:94:C6:09",
        "ssid": "joswen03",
        "oui": "48:27:EA",
        "channel": 1,
        "encryption": "wpa2",
        "firsttime": "2025-09-06T03:00:00.000Z",
        "lasttime": "2025-09-06T00:00:00.000Z",
        "city": "Tacurong",
        "region": "Sultan Kudarat",
        "country": "PH",
        "road": "Koronadal City-Tacurong City National Highway",
        "postalcode": "9800"
      }
    },
    {
      "type": "Feature",
      "geometry": {
        "type": "Point",
        "coordinates": [
          49.69686127,
          34.11351776
        ]
      },
      "properties": {
        "netid": "48:27:EA:94:E2:A5",
        "ssid": "AndroidAPE2A5",
        "oui": "48:27:EA",
        "channel": 6,
        "encryption": "wpa2",
        "firsttime": "2025-04-10T16:00:00.000Z",
        "lasttime": "2025-04-10T09:00:00.000Z",
        "city": "\u0634\u0647\u0631 \u0627\u0631\u0627\u06a9",
        "region": "\u0627\u0633\u062a\u0627\u0646 \u0645\u0631\u06a9\u0632\u06cc",
        "country": "IR",
        "road": "\u0628\u0644\u0648\u0627\u0631 \u062f\u06a9\u062a\u0631 \u0627\u0633\u0645\u0627\u0639\u06cc\u0644 \u0622\u0634\u062a\u06cc\u0627\u0646\u06cc",
        "postalcode": "38176369"
      }
    },
    {
      "type": "Feature",
      "geometry": {
        "type": "Point",
        "coordinates": [
          50.86647797,
          34.64032745
        ]
      },
      "properties": {
        "netid": "48:27:EA:94:FB:7F",
        "ssid": "AndroidAPFB7F",
        "oui": "48:27:EA",
        "channel": 6,
        "encryption": "wpa2",
        "firsttime": "2026-01-07T16:00:00.000Z",
        "lasttime": "2026-01-08T05:00:00.000Z",
        "city": "\u0634\u0647\u0631 \u0642\u0645",
        "region": "\u0627\u0633\u062a\u0627\u0646 \u0642\u0645",
        "country": "IR",
        "road": "\u0635\u0627\u062d\u0628 \u0627\u0644\u0632\u0645\u0627\u0646",
        "postalcode": "3713744003"
      }
    },
    {
      "type": "Feature",
      "geometry": {
        "type": "Point",
        "coordinates": [
          51.45189667,
          35.75359726
        ]
      },
      "properties": {
        "netid": "48:27:EA:95:02:15",
        "ssid": "AndroidAP0215",
        "oui": "48:27:EA",
        "channel": 6,
        "encryption": "wpa2",
        "firsttime": "2026-08-28T18:00:00.000Z",
        "lasttime": "2026-08-28T16:00:00.000Z",
        "city": "\u0634\u0647\u0631 \u062a\u0647\u0631\u0627\u0646",
        "region": "\u0634\u0647\u0631\u0633\u062a\u0627\u0646 \u062a\u0647\u0631\u0627\u0646",
        "country": "IR",
        "road": "\u0628\u0632\u0631\u06af\u0631\u0627\u0647 \u0634\u0647\u06cc\u062f \u0647\u0645\u062a",
        "postalcode": "1661918681"
      }
    },
    {
      "type": "Feature",
      "geometry": {
        "type": "Point",
        "coordinates": [
          49.67614365,
          34.07077789
        ]
      },
      "properties": {
        "netid": "48:27:EA:95:35:EB",
        "ssid": "AndroidAP35EB",
        "oui": "48:27:EA",
        "channel": 2,
        "encryption": "wpa2",
        "firsttime": "2025-01-18T12:00:00.000Z",
        "lasttime": "2025-02-03T03:00:00.000Z",
        "city": "\u0634\u0647\u0631 \u0627\u0631\u0627\u06a9",
        "region": "\u0627\u0633\u062a\u0627\u0646 \u0645\u0631\u06a9\u0632\u06cc",
        "country": "IR",
        "road": "\u0641\u0631\u062f\u0648\u0633\u06cc",
        "postalcode": "381914787"
      }
    },
    {
      "type": "Feature",
      "geometry": {
        "type": "Point",
        "coordinates": [
          23.16317368,
          53.11874771
        ]
      },
      "properties": {
        "netid": "48:27:EA:95:97:0B",
        "ssid": "AndroidAP",
        "oui": "48:27:EA",
        "channel": 11,
        "encryption": "wpa2",
        "firsttime": "2025-05-29T05:00:00.000Z",
        "lasttime": "2025-05-28T23:00:00.000Z",
        "city": null,
        "region": "wojew\u00f3dztwo podlaskie",
        "country": "PL",
        "road": "Zwierzyniecka",
        "postalcode": "15-237"
      }
    },
    {
      "type": "Feature",
      "geometry": {
        "type": "Point",
        "coordinates": [
          11.25991344,
          48.28540039
        ]
      },
      "properties": {
        "netid": "48:27:EA:95:9D:7F",
        "ssid": "AndroidAP",
        "oui": "48:27:EA",
        "channel": 6,
        "encryption": "wpa2",
        "firsttime": "2024-02-20T17:00:00.000Z",
        "lasttime": "2026-02-22T23:00:00.000Z",
        "city": null,
        "region": "Bayern",
        "country": "DE",
        "road": "A 8",
        "postalcode": "85254"
      }
    },
    {
      "type": "Feature",
      "geometry": {
        "type": "Point",
        "coordinates": [
          29.2713871,
          40.6256218
        ]
      },
      "properties": {
        "netid": "48:27:EA:95:B1:BF",
        "ssid": "TIGER S",
        "oui": "48:27:EA",
        "channel": 6,
        "encryption": "wpa2",
        "firsttime": "2025-11-29T13:00:00.000Z",
        "lasttime": "2025-11-29T06:00:00.000Z",
        "city": "Yalova Merkez",
        "region": "Yalova",
        "country": "TR",
        "road": "Gemlik - Bursa Yolu",
        "postalcode": "77200"
      }
    },
    {
      "type": "Feature",
      "geometry": {
        "type": "Point",
        "coordinates": [
          -73.60643768,
          45.6333847
        ]
      },
      "properties": {
        "netid": "48:27:EA:96:C0:7B",
        "ssid": "Walid walid",
        "oui": "48:27:EA",
        "channel": 1,
        "encryption": "wpa2",
        "firsttime": "2026-02-09T21:00:00.000Z",
        "lasttime": "2026-02-10T13:00:00.000Z",
        "city": "Montr\u00e9al",
        "region": "Qu\u00e9bec",
        "country": "CA",
        "road": "Boulevard Perras",
        "postalcode": "H1G 6L7"
      }
    },
    {
      "type": "Feature",
      "geometry": {
        "type": "Point",
        "coordinates": [
          11.08293247,
          50.95632172
        ]
      },
      "properties": {
        "netid": "48:27:EA:96:DD:1B",
        "ssid": "AndroidAPDD1B",
        "oui": "48:27:EA",
        "channel": 7,
        "encryption": "wpa2",
        "firsttime": "2024-09-29T09:00:00.000Z",
        "lasttime": "2024-09-29T04:00:00.000Z",
        "city": "Erfurt",
        "region": "Th\u00fcringen",
        "country": "DE",
        "road": "Konrad-Adenauer-Stra\u00dfe",
        "postalcode": "99099"
      }
    },
    {
      "type": "Feature",
      "geometry": {
        "type": "Point",
        "coordinates": [
          -2.70321083,
          53.75987625
        ]
      },
      "properties": {
        "netid": "48:27:EA:96:F5:47",
        "ssid": "AndroidAPF547",
        "oui": "48:27:EA",
        "channel": 1,
        "encryption": "wpa2",
        "firsttime": "2026-04-28T18:00:00.000Z",
        "lasttime": "2026-04-28T12:00:00.000Z",
        "city": "Preston",
        "region": "England",
        "country": "GB",
        "road": "Ring Way",
        "postalcode": "PR1 2UT"
      }
    },
    {
      "type": "Feature",
      "geometry": {
        "type": "Point",
        "coordinates": [
          -0.16146629,
          51.15662384
        ]
      },
      "properties": {
        "netid": "48:27:EA:97:7E:83",
        "ssid": "Galaxy J57E83",
        "oui": "48:27:EA",
        "channel": 11,
        "encryption": "wpa2",
        "firsttime": "2025-11-30T09:00:00.000Z",
        "lasttime": "2025-12-01T00:00:00.000Z",
        "city": null,
        "region": "England",
        "country": "GB",
        "road": "Station Approach Road",
        "postalcode": "RH6 0RD"
      }
    },
    {
      "type": "Feature",
      "geometry": {
        "type": "Point",
        "coordinates": [
          49.67742157,
          34.06995392
        ]
      },
      "properties": {
        "netid": "48:27:EA:98:BF:29",
        "ssid": "AndroidAPBF20M",
        "oui": "48:27:EA",
        "channel": 11,
        "encryption": "wpa2",
        "firsttime": "2024-10-09T15:00:00.000Z",
        "lasttime": "2024-10-09T09:00:00.000Z",
        "city": "\u0634\u0647\u0631 \u0627\u0631\u0627\u06a9",
        "region": "\u0627\u0633\u062a\u0627\u0646 \u0645\u0631\u06a9\u0632\u06cc",
        "country": "IR",
        "road": "\u0644\u0627\u0644\u0647 \u0633\u0648\u0645",
        "postalcode": "381914787"
      }
    },
    {
      "type": "Feature",
      "geometry": {
        "type": "Point",
        "coordinates": [
          7.13876534,
          51.49531937
        ]
      },
      "properties": {
        "netid": "48:27:EA:98:FE:B5",
        "ssid": "Galaxy",
        "oui": "48:27:EA",
        "channel": 11,
        "encryption": "wpa2",
        "firsttime": "2024-11-11T16:00:00.000Z",
        "lasttime": "2024-11-11T08:00:00.000Z",
        "city": "Bochum",
        "region": "Nordrhein-Westfalen",
        "country": "DE",
        "road": "Aschenbruch",
        "postalcode": "44866"
      }
    },
    {
      "type": "Feature",
      "geometry": {
        "type": "Point",
        "coordinates": [
          10.10778522,
          51.01227951
        ]
      },
      "properties": {
        "netid": "48:27:EA:99:04:09",
        "ssid": "JuNiHot",
        "oui": "48:27:EA",
        "channel": 11,
        "encryption": "wpa2",
        "firsttime": "2024-08-31T12:00:00.000Z",
        "lasttime": "2025-01-12T10:00:00.000Z",
        "city": null,
        "region": "Hessen",
        "country": "DE",
        "road": "A 4",
        "postalcode": "37293"
      }
    },
    {
      "type": "Feature",
      "geometry": {
        "type": "Point",
        "coordinates": [
          17.08299065,
          51.07833481
        ]
      },
      "properties": {
        "netid": "48:27:EA:99:0C:D5",
        "ssid": "AndroidTT",
        "oui": "48:27:EA",
        "channel": 11,
        "encryption": "wpa2",
        "firsttime": "2021-10-20T20:00:00.000Z",
        "lasttime": "2025-06-23T01:00:00.000Z",
        "city": null,
        "region": "wojew\u00f3dztwo dolno\u015bl\u0105skie",
        "country": "PL",
        "road": "Opolska",
        "postalcode": "52-010"
      }
    },
    {
      "type": "Feature",
      "geometry": {
        "type": "Point",
        "coordinates": [
          26.1489048,
          44.4164505
        ]
      },
      "properties": {
        "netid": "48:27:EA:99:12:1D",
        "ssid": "AndroidAP121D",
        "oui": "48:27:EA",
        "channel": 1,
        "encryption": "wpa2",
        "firsttime": "2024-10-13T14:00:00.000Z",
        "lasttime": "2024-10-13T07:00:00.000Z",
        "city": "Municipiul Bucure\u0219ti",
        "region": "Titan - Balta Alb\u0103",
        "country": "RO",
        "road": "Bulevardul Camil Ressu",
        "postalcode": "031754"
      }
    },
    {
      "type": "Feature",
      "geometry": {
        "type": "Point",
        "coordinates": [
          21.33256912,
          43.57152939
        ]
      },
      "properties": {
        "netid": "48:27:EA:99:2B:D7",
        "ssid": "AndroidAP2BD7",
        "oui": "48:27:EA",
        "channel": 11,
        "encryption": "wpa2",
        "firsttime": "2026-06-18T16:00:00.000Z",
        "lasttime": "2026-06-18T10:00:00.000Z",
        "city": "\u0413\u0440\u0430\u0434 \u041a\u0440\u0443\u0448\u0435\u0432\u0430\u0446",
        "region": "\u0426\u0435\u043d\u0442\u0440\u0430\u043b\u043d\u0430 \u0421\u0440\u0431\u0438\u0458\u0430",
        "country": "RS",
        "road": "\u0427\u0435\u0445\u043e\u0432\u0459\u0435\u0432\u0430",
        "postalcode": "37000"
      }
    },
    {
      "type": "Feature",
      "geometry": {
        "type": "Point",
        "coordinates": [
          -91.49452972,
          14.53473854
        ]
      },
      "properties": {
        "netid": "48:27:EA:99:74:DB",
        "ssid": "UFEMIA ",
        "oui": "48:27:EA",
        "channel": 6,
        "encryption": "wpa2",
        "firsttime": "2025-03-02T21:00:00.000Z",
        "lasttime": "2025-03-02T21:00:00.000Z",
        "city": "Mazatenango",
        "region": "Suchitep\u00e9quez",
        "country": "GT",
        "road": "CA-2",
        "postalcode": "10001"
      }
    },
    {
      "type": "Feature",
      "geometry": {
        "type": "Point",
        "coordinates": [
          19.3296299,
          47.43585587
        ]
      },
      "properties": {
        "netid": "48:27:EA:99:EF:AD",
        "ssid": "Lycamobail.pl",
        "oui": "48:27:EA",
        "channel": 6,
        "encryption": "wpa2",
        "firsttime": "2024-07-09T05:00:00.000Z",
        "lasttime": "2025-06-24T10:00:00.000Z",
        "city": null,
        "region": "K\u00f6z\u00e9p-Magyarorsz\u00e1g",
        "country": "HU",
        "road": "M0",
        "postalcode": "2233"
      }
    },
    {
      "type": "Feature",
      "geometry": {
        "type": "Point",
        "coordinates": [
          -89.6598587,
          21.25388336
        ]
      },
      "properties": {
        "netid": "48:27:EA:9A:6D:B9",
        "ssid": "AndroidAP6DB9",
        "oui": "48:27:EA",
        "channel": 11,
        "encryption": "wpa2",
        "firsttime": "2025-01-02T00:00:00.000Z",
        "lasttime": "2025-01-01T16:00:00.000Z",
        "city": null,
        "region": "Yucat\u00e1n",
        "country": "MX",
        "road": "MEX 261",
        "postalcode": "97320"
      }
    },
    {
      "type": "Feature",
      "geometry": {
        "type": "Point",
        "coordinates": [
          12.85769844,
          50.80317307
        ]
      },
      "properties": {
        "netid": "48:27:EA:9A:94:15",
        "ssid": "AndroidAP9415",
        "oui": "48:27:EA",
        "channel": 1,
        "encryption": "wpa2",
        "firsttime": "2026-01-31T07:00:00.000Z",
        "lasttime": "2026-01-31T06:00:00.000Z",
        "city": "Chemnitz",
        "region": "Sachsen",
        "country": "DE",
        "road": "A 72",
        "postalcode": "09116"
      }
    },
    {
      "type": "Feature",
      "geometry": {
        "type": "Point",
        "coordinates": [
          12.11921215,
          54.07650375
        ]
      },
      "properties": {
        "netid": "48:27:EA:9A:95:FD",
        "ssid": "AndroidAP95FD",
        "oui": "48:27:EA",
        "channel": 1,
        "encryption": "wpa2",
        "firsttime": "2025-01-06T15:00:00.000Z",
        "lasttime": "2025-03-30T13:00:00.000Z",
        "city": "Rostock",
        "region": "Mecklenburg-Vorpommern",
        "country": "DE",
        "road": "Erich-Schlesinger-Stra\u00dfe",
        "postalcode": "18059"
      }
    },
    {
      "type": "Feature",
      "geometry": {
        "type": "Point",
        "coordinates": [
          -0.56640333,
          44.82949448
        ]
      },
      "properties": {
        "netid": "48:27:EA:9A:AD:85",
        "ssid": "AndroidAPAD85",
        "oui": "48:27:EA",
        "channel": 9,
        "encryption": "wpa2",
        "firsttime": "2026-06-18T08:00:00.000Z",
        "lasttime": "2026-07-02T13:00:00.000Z",
        "city": "Bordeaux",
        "region": "Nouvelle-Aquitaine",
        "country": "FR",
        "road": "Cours de la Marne",
        "postalcode": "33800"
      }
    },
    {
      "type": "Feature",
      "geometry": {
        "type": "Point",
        "coordinates": [
          5.99361801,
          51.9695015
        ]
      },
      "properties": {
        "netid": "48:27:EA:9A:C5:11",
        "ssid": "AndroidAPC511",
        "oui": "48:27:EA",
        "channel": 6,
        "encryption": "wpa2",
        "firsttime": "2025-08-27T15:00:00.000Z",
        "lasttime": "2025-08-27T09:00:00.000Z",
        "city": null,
        "region": "Gelderland",
        "country": "NL",
        "road": "Rivierweg",
        "postalcode": "6921"
      }
    },
    {
      "type": "Feature",
      "geometry": {
        "type": "Point",
        "coordinates": [
          18.5179081,
          54.57466888
        ]
      },
      "properties": {
        "netid": "48:27:EA:9A:CC:B5",
        "ssid": "Reptilian HQ",
        "oui": "48:27:EA",
        "channel": 11,
        "encryption": "wpa2",
        "firsttime": "2024-04-14T15:00:00.000Z",
        "lasttime": "2025-07-06T02:00:00.000Z",
        "city": null,
        "region": "wojew\u00f3dztwo pomorskie",
        "country": "PL",
        "road": "Kaszubska",
        "postalcode": "81-198"
      }
    },
    {
      "type": "Feature",
      "geometry": {
        "type": "Point",
        "coordinates": [
          19.01775742,
          50.2576561
        ]
      },
      "properties": {
        "netid": "48:27:EA:9A:CF:45",
        "ssid": "AndroidAP",
        "oui": "48:27:EA",
        "channel": 6,
        "encryption": "wpa2",
        "firsttime": "2024-02-24T15:00:00.000Z",
        "lasttime": "2025-04-25T10:00:00.000Z",
        "city": "Katowice",
        "region": "wojew\u00f3dztwo \u015bl\u0105skie",
        "country": "PL",
        "road": "Ksi\u0119dza Augustyna Kordeckiego",
        "postalcode": "40-061"
      }
    },
    {
      "type": "Feature",
      "geometry": {
        "type": "Point",
        "coordinates": [
          8.73689556,
          52.13064194
        ]
      },
      "properties": {
        "netid": "48:27:EA:9A:DA:01",
        "ssid": "AndroidAPDA01",
        "oui": "48:27:EA",
        "channel": 6,
        "encryption": "wpa2",
        "firsttime": "2024-12-05T16:00:00.000Z",
        "lasttime": "2024-12-05T08:00:00.000Z",
        "city": null,
        "region": "Nordrhein-Westfalen",
        "country": "DE",
        "road": "A 2",
        "postalcode": "32049"
      }
    },
    {
      "type": "Feature",
      "geometry": {
        "type": "Point",
        "coordinates": [
          19.93267632,
          50.01356125
        ]
      },
      "properties": {
        "netid": "48:27:EA:9A:E1:07",
        "ssid": "AndroidAP",
        "oui": "48:27:EA",
        "channel": 11,
        "encryption": "wpa2",
        "firsttime": "2025-06-25T10:00:00.000Z",
        "lasttime": "2026-03-16T10:00:00.000Z",
        "city": null,
        "region": "wojew\u00f3dztwo ma\u0142opolskie",
        "country": "PL",
        "road": "Zakopia\u0144ska",
        "postalcode": "30-418"
      }
    },
    {
      "type": "Feature",
      "geometry": {
        "type": "Point",
        "coordinates": [
          -6.91333675,
          32.89859772
        ]
      },
      "properties": {
        "netid": "48:27:EA:9A:E7:15",
        "ssid": "AndroidAP",
        "oui": "48:27:EA",
        "channel": 1,
        "encryption": "wpa2",
        "firsttime": "2025-11-20T16:00:00.000Z",
        "lasttime": "2025-11-20T08:00:00.000Z",
        "city": "Khouribga \u2d45\u2d6f\u2d54\u2d49\u2d31\u2d33\u2d30 \u062e\u0631\u064a\u0628\u0643\u0629",
        "region": "B\u00e9ni Mellal-Kh\u00e9nifra \u2d30\u2d62\u2d5c \u2d4e\u2d4d\u2d4d\u2d30\u2d4d-\u2d45\u2d4f\u2d49\u2d3c\u2d55\u2d30 \u0628\u0646\u064a \u0645\u0644\u0627\u0644-\u062e\u0646\u064a\u0641\u0631\u0629",
        "country": "MA",
        "road": "RN12",
        "postalcode": "25016"
      }
    },
    {
      "type": "Feature",
      "geometry": {
        "type": "Point",
        "coordinates": [
          29.27835274,
          40.65894318
        ]
      },
      "properties": {
        "netid": "48:27:EA:9A:EB:C3",
        "ssid": "AndroidAPEBC3",
        "oui": "48:27:EA",
        "channel": 1,
        "encryption": "wpa2",
        "firsttime": "2026-05-16T11:00:00.000Z",
        "lasttime": "2026-05-16T09:00:00.000Z",
        "city": "Yalova Merkez",
        "region": "Yalova",
        "country": "TR",
        "road": null,
        "postalcode": "77100"
      }
    },
    {
      "type": "Feature",
      "geometry": {
        "type": "Point",
        "coordinates": [
          24.01950836,
          35.51512527
        ]
      },
      "properties": {
        "netid": "48:27:EA:9B:E6:63",
        "ssid": "AndroidAP",
        "oui": "48:27:EA",
        "channel": 1,
        "encryption": "wpa2",
        "firsttime": "2026-08-06T18:00:00.000Z",
        "lasttime": "2026-08-06T11:00:00.000Z",
        "city": "\u03a7\u03b1\u03bd\u03b9\u03ac",
        "region": "\u0391\u03c0\u03bf\u03ba\u03b5\u03bd\u03c4\u03c1\u03c9\u03bc\u03ad\u03bd\u03b7 \u0394\u03b9\u03bf\u03af\u03ba\u03b7\u03c3\u03b7 \u039a\u03c1\u03ae\u03c4\u03b7\u03c2",
        "country": "GR",
        "road": "\u03a0\u03bf\u03c4\u03b9\u03ad",
        "postalcode": "73132"
      }
    },
    {
      "type": "Feature",
      "geometry": {
        "type": "Point",
        "coordinates": [
          19.9173851,
          50.08914566
        ]
      },
      "properties": {
        "netid": "48:27:EA:9C:00:3F",
        "ssid": "AndroidAP8889",
        "oui": "48:27:EA",
        "channel": 1,
        "encryption": "wpa2",
        "firsttime": "2001-01-01T00:00:00.000Z",
        "lasttime": "2026-07-22T05:00:00.000Z",
        "city": "Krak\u00f3w",
        "region": "wojew\u00f3dztwo ma\u0142opolskie",
        "country": "PL",
        "road": "Jana Palacha",
        "postalcode": "31-325"
      }
    },
    {
      "type": "Feature",
      "geometry": {
        "type": "Point",
        "coordinates": [
          15.59811974,
          49.42367554
        ]
      },
      "properties": {
        "netid": "48:27:EA:9C:18:69",
        "ssid": "AndroidAP",
        "oui": "48:27:EA",
        "channel": 6,
        "encryption": "wpa2",
        "firsttime": "2024-03-11T22:00:00.000Z",
        "lasttime": "2025-11-05T07:00:00.000Z",
        "city": "Jihlava",
        "region": "Jihov\u00fdchod",
        "country": "CZ",
        "road": "P\u00e1vovsk\u00e1",
        "postalcode": "58601"
      }
    },
    {
      "type": "Feature",
      "geometry": {
        "type": "Point",
        "coordinates": [
          15.40210819,
          44.69297791
        ]
      },
      "properties": {
        "netid": "48:27:EA:9C:50:A5",
        "ssid": "AndroidAP_2028",
        "oui": "48:27:EA",
        "channel": 11,
        "encryption": "wpa2",
        "firsttime": "2022-12-14T14:00:00.000Z",
        "lasttime": "2026-08-26T10:00:00.000Z",
        "city": null,
        "region": "Li\u010dko-senjska \u017eupanija",
        "country": "HR",
        "road": "A1",
        "postalcode": "53202"
      }
    },
    {
      "type": "Feature",
      "geometry": {
        "type": "Point",
        "coordinates": [
          19.04610634,
          47.51207352
        ]
      },
      "properties": {
        "netid": "48:27:EA:9C:6E:CF",
        "ssid": "AndroidAP6ECF",
        "oui": "48:27:EA",
        "channel": 1,
        "encryption": "wpa2",
        "firsttime": "2026-03-09T10:00:00.000Z",
        "lasttime": "2026-03-14T05:00:00.000Z",
        "city": null,
        "region": "Budapest",
        "country": "HU",
        "road": "Id. Antall J\u00f3zsef rakpart",
        "postalcode": "1055"
      }
    },
    {
      "type": "Feature",
      "geometry": {
        "type": "Point",
        "coordinates": [
          10.06685162,
          53.57270432
        ]
      },
      "properties": {
        "netid": "48:27:EA:9C:8A:7D",
        "ssid": "gisnet",
        "oui": "48:27:EA",
        "channel": 10,
        "encryption": "wpa2",
        "firsttime": "2025-05-02T11:00:00.000Z",
        "lasttime": "2025-05-02T05:00:00.000Z",
        "city": "Hamburg",
        "region": "Wandsbek",
        "country": "DE",
        "road": "Sch\u00fcnemannstieg",
        "postalcode": "22041"
      }
    },
    {
      "type": "Feature",
      "geometry": {
        "type": "Point",
        "coordinates": [
          10.39985371,
          43.70775604
        ]
      },
      "properties": {
        "netid": "48:27:EA:9C:95:8D",
        "ssid": "AndroidAP4953",
        "oui": "48:27:EA",
        "channel": 1,
        "encryption": "wpa2",
        "firsttime": "2025-10-06T09:00:00.000Z",
        "lasttime": "2025-10-06T10:00:00.000Z",
        "city": null,
        "region": "Toscana",
        "country": "IT",
        "road": "Via Filippo Corridoni",
        "postalcode": "56126"
      }
    },
    {
      "type": "Feature",
      "geometry": {
        "type": "Point",
        "coordinates": [
          -0.97670478,
          51.45135498
        ]
      },
      "properties": {
        "netid": "48:27:EA:9C:DB:6F",
        "ssid": "Joy",
        "oui": "48:27:EA",
        "channel": 6,
        "encryption": "wpa2",
        "firsttime": "2025-09-11T15:00:00.000Z",
        "lasttime": "2025-09-11T12:00:00.000Z",
        "city": null,
        "region": "England",
        "country": "GB",
        "road": "Inner Distribution Road",
        "postalcode": "RG1 6AB"
      }
    },
    {
      "type": "Feature",
      "geometry": {
        "type": "Point",
        "coordinates": [
          15.40186596,
          45.90929413
        ]
      },
      "properties": {
        "netid": "48:27:EA:9D:19:8B",
        "ssid": "MD ..ZALIV''",
        "oui": "48:27:EA",
        "channel": 1,
        "encryption": "wpa2",
        "firsttime": "2020-11-29T11:00:00.000Z",
        "lasttime": "2025-09-05T13:00:00.000Z",
        "city": null,
        "region": "Kr\u0161ko",
        "country": "SI",
        "road": "A2 (Obre\u017eje - Ljubljana)",
        "postalcode": "8274"
      }
    },
    {
      "type": "Feature",
      "geometry": {
        "type": "Point",
        "coordinates": [
          65.75512695,
          31.61833763
        ]
      },
      "properties": {
        "netid": "48:27:EA:9F:1A:BA",
        "ssid": "AndroidAP1ABA",
        "oui": "48:27:EA",
        "channel": 6,
        "encryption": "wpa2",
        "firsttime": "2024-11-24T13:00:00.000Z",
        "lasttime": "2025-05-04T05:00:00.000Z",
        "city": "\u0639\u06cc\u0646\u0648 \u0645\u06d0\u0646\u0647",
        "region": "\u06a9\u0646\u062f\u0647\u0627\u0631 \u0648\u0644\u0627\u064a\u062a",
        "country": "AF",
        "road": null,
        "postalcode": null
      }
    },
    {
      "type": "Feature",
      "geometry": {
        "type": "Point",
        "coordinates": [
          50.49114227,
          26.14562225
        ]
      },
      "properties": {
        "netid": "48:27:EA:9F:21:16",
        "ssid": "Android",
        "oui": "48:27:EA",
        "channel": 1,
        "encryption": "wpa2",
        "firsttime": "2025-01-02T08:00:00.000Z",
        "lasttime": "2025-01-09T18:00:00.000Z",
        "city": "\u0639\u0627\u0644\u064a",
        "region": "\u0627\u0644\u0645\u062d\u0627\u0641\u0638\u0629 \u0627\u0644\u0634\u0645\u0627\u0644\u064a\u0629",
        "country": "BH",
        "road": "\u0634\u0627\u0631\u0639 \u0648\u0644\u064a \u0627\u0644\u0639\u0647\u062f",
        "postalcode": "1203"
      }
    },
    {
      "type": "Feature",
      "geometry": {
        "type": "Point",
        "coordinates": [
          -57.5451088,
          -25.27560806
        ]
      },
      "properties": {
        "netid": "48:27:EA:9F:39:B6",
        "ssid": "Julio",
        "oui": "48:27:EA",
        "channel": 11,
        "encryption": "wpa2",
        "firsttime": "2024-09-13T22:00:00.000Z",
        "lasttime": "2024-09-18T13:00:00.000Z",
        "city": "Asunci\u00f3n",
        "region": "Distrito Capital de Paraguay",
        "country": "PY",
        "road": "Avenida Madame Elisa Alicia Lynch",
        "postalcode": "1401"
      }
    },
    {
      "type": "Feature",
      "geometry": {
        "type": "Point",
        "coordinates": [
          -86.22186279,
          14.66194057
        ]
      },
      "properties": {
        "netid": "48:27:EA:9F:47:02",
        "ssid": "AndroidAP",
        "oui": "48:27:EA",
        "channel": 11,
        "encryption": "wpa2",
        "firsttime": "2024-12-28T19:00:00.000Z",
        "lasttime": "2024-12-28T11:00:00.000Z",
        "city": "Juticalpa",
        "region": "Olancho",
        "country": "HN",
        "road": null,
        "postalcode": "16101"
      }
    },
    {
      "type": "Feature",
      "geometry": {
        "type": "Point",
        "coordinates": [
          -84.17571259,
          10.00657082
        ]
      },
      "properties": {
        "netid": "48:27:EA:9F:60:D6",
        "ssid": "AndroidAP60D6",
        "oui": "48:27:EA",
        "channel": 6,
        "encryption": "wpa2",
        "firsttime": "2025-01-31T00:00:00.000Z",
        "lasttime": "2025-01-30T18:00:00.000Z",
        "city": null,
        "region": "Provincia Alajuela",
        "country": "CR",
        "road": "V\u00eda 3",
        "postalcode": "20109"
      }
    },
    {
      "type": "Feature",
      "geometry": {
        "type": "Point",
        "coordinates": [
          -57.59901428,
          -25.27805519
        ]
      },
      "properties": {
        "netid": "48:27:EA:9F:83:88",
        "ssid": "AndroidAP8388",
        "oui": "48:27:EA",
        "channel": 6,
        "encryption": "wpa2",
        "firsttime": "2026-04-08T12:00:00.000Z",
        "lasttime": "2026-04-13T16:00:00.000Z",
        "city": "Asunci\u00f3n",
        "region": "Distrito Capital de Paraguay",
        "country": "PY",
        "road": "Luis Morales",
        "postalcode": "1575"
      }
    },
    {
      "type": "Feature",
      "geometry": {
        "type": "Point",
        "coordinates": [
          -58.37361908,
          -34.60857391
        ]
      },
      "properties": {
        "netid": "48:27:EA:9F:8A:6E",
        "ssid": "AndroidAP8A6E",
        "oui": "48:27:EA",
        "channel": 11,
        "encryption": "wpa2",
        "firsttime": "2024-11-16T20:00:00.000Z",
        "lasttime": "2024-11-16T15:00:00.000Z",
        "city": "Buenos Aires",
        "region": "Ciudad Aut\u00f3noma de Buenos Aires",
        "country": "AR",
        "road": "Bol\u00edvar",
        "postalcode": "C1066AAA"
      }
    },
    {
      "type": "Feature",
      "geometry": {
        "type": "Point",
        "coordinates": [
          26.1192646,
          44.46184158
        ]
      },
      "properties": {
        "netid": "48:27:EA:9F:ED:0C",
        "ssid": "AndroidAP",
        "oui": "48:27:EA",
        "channel": 1,
        "encryption": "wpa2",
        "firsttime": "2023-07-02T00:00:00.000Z",
        "lasttime": "2024-11-20T12:00:00.000Z",
        "city": "Municipiul Bucure\u0219ti",
        "region": "Tei",
        "country": "RO",
        "road": "Bulevardul Lacul Tei",
        "postalcode": "020383"
      }
    },
    {
      "type": "Feature",
      "geometry": {
        "type": "Point",
        "coordinates": [
          13.20403957,
          47.34812164
        ]
      },
      "properties": {
        "netid": "48:27:EA:9F:FB:46",
        "ssid": "1970",
        "oui": "48:27:EA",
        "channel": 11,
        "encryption": "wpa2",
        "firsttime": "2025-08-24T09:00:00.000Z",
        "lasttime": "2025-08-24T04:00:00.000Z",
        "city": null,
        "region": "Salzburg",
        "country": "AT",
        "road": "Leo-Neumayer-Platz",
        "postalcode": "5600"
      }
    },
    {
      "type": "Feature",
      "geometry": {
        "type": "Point",
        "coordinates": [
          19.40583992,
          47.20053482
        ]
      },
      "properties": {
        "netid": "48:27:EA:9F:FF:5A",
        "ssid": "Samsung Galaxy A3 (2017) M.",
        "oui": "48:27:EA",
        "channel": 1,
        "encryption": "wpa2",
        "firsttime": "2022-11-11T17:00:00.000Z",
        "lasttime": "2024-09-27T00:00:00.000Z",
        "city": null,
        "region": "K\u00f6z\u00e9p-Magyarorsz\u00e1g",
        "country": "HU",
        "road": "46109",
        "postalcode": "2376"
      }
    },
    {
      "type": "Feature",
      "geometry": {
        "type": "Point",
        "coordinates": [
          5.58900452,
          52.10041046
        ]
      },
      "properties": {
        "netid": "48:27:EA:A1:6F:98",
        "ssid": "AndroidAP6F98",
        "oui": "48:27:EA",
        "channel": 1,
        "encryption": "wpa2",
        "firsttime": "2025-05-07T15:00:00.000Z",
        "lasttime": "2025-05-12T11:00:00.000Z",
        "city": null,
        "region": "Gelderland",
        "country": "NL",
        "road": "Rijksweg A30",
        "postalcode": "6741"
      }
    },
    {
      "type": "Feature",
      "geometry": {
        "type": "Point",
        "coordinates": [
          26.1009903,
          44.43000412
        ]
      },
      "properties": {
        "netid": "48:27:EA:A1:72:C8",
        "ssid": "AndroidAP72C8",
        "oui": "48:27:EA",
        "channel": 1,
        "encryption": "wpa2",
        "firsttime": "2024-06-15T14:00:00.000Z",
        "lasttime": "2024-09-29T23:00:00.000Z",
        "city": "Municipiul Bucure\u0219ti",
        "region": "Centrul Istoric",
        "country": "RO",
        "road": "Strada Francez\u0103",
        "postalcode": "030103"
      }
    },
    {
      "type": "Feature",
      "geometry": {
        "type": "Point",
        "coordinates": [
          100.55355835,
          13.74188614
        ]
      },
      "properties": {
        "netid": "48:27:EA:A2:43:B6",
        "ssid": "Manoch",
        "oui": "48:27:EA",
        "channel": 1,
        "encryption": "wpa2",
        "firsttime": "2025-03-16T13:00:00.000Z",
        "lasttime": "2025-03-16T14:00:00.000Z",
        "city": "\u0e01\u0e23\u0e38\u0e07\u0e40\u0e17\u0e1e\u0e21\u0e2b\u0e32\u0e19\u0e04\u0e23",
        "region": "\u0e01\u0e23\u0e38\u0e07\u0e40\u0e17\u0e1e\u0e21\u0e2b\u0e32\u0e19\u0e04\u0e23",
        "country": "TH",
        "road": "\u0e16\u0e19\u0e19\u0e2a\u0e38\u0e02\u0e38\u0e21\u0e27\u0e34\u0e17",
        "postalcode": "10330"
      }
    },
    {
      "type": "Feature",
      "geometry": {
        "type": "Point",
        "coordinates": [
          102.63545227,
          17.98683357
        ]
      },
      "properties": {
        "netid": "48:27:EA:A2:54:B0",
        "ssid": "AndroidAP54B0",
        "oui": "48:27:EA",
        "channel": 11,
        "encryption": "wpa2",
        "firsttime": "2026-08-21T17:00:00.000Z",
        "lasttime": "2026-08-21T04:00:00.000Z",
        "city": "\u0ea7\u0ebd\u0e87\u0e88\u0eb1\u0e99",
        "region": "\u0e99\u0eb0\u0e84\u0ead\u0e99\u0eab\u0ebc\u0ea7\u0e87\u0ea7\u0ebd\u0e87\u0e88\u0eb1\u0e99",
        "country": "LA",
        "road": "Avenue Kaysone Phomvihane",
        "postalcode": "01160"
      }
    },
    {
      "type": "Feature",
      "geometry": {
        "type": "Point",
        "coordinates": [
          -6.26407766,
          53.34648132
        ]
      },
      "properties": {
        "netid": "48:27:EA:A2:5E:D8",
        "ssid": "AndroidAP5ED8",
        "oui": "48:27:EA",
        "channel": 11,
        "encryption": "wpa2",
        "firsttime": "2025-01-18T14:00:00.000Z",
        "lasttime": "2025-01-18T09:00:00.000Z",
        "city": "Dublin",
        "region": "Leinster",
        "country": "IE",
        "road": "Ormond Quay Lower",
        "postalcode": "D02 Y103"
      }
    },
    {
      "type": "Feature",
      "geometry": {
        "type": "Point",
        "coordinates": [
          12.44522381,
          41.86909485
        ]
      },
      "properties": {
        "netid": "48:27:EA:A2:D5:AE",
        "ssid": "AndroidCasa",
        "oui": "48:27:EA",
        "channel": 6,
        "encryption": "wpa2",
        "firsttime": "2025-05-21T09:00:00.000Z",
        "lasttime": "2025-07-26T06:00:00.000Z",
        "city": "Roma",
        "region": "Lazio",
        "country": "IT",
        "road": "Via Maddalena di Canossa",
        "postalcode": "00151"
      }
    },
    {
      "type": "Feature",
      "geometry": {
        "type": "Point",
        "coordinates": [
          21.22461128,
          45.76739883
        ]
      },
      "properties": {
        "netid": "48:27:EA:A2:E6:48",
        "ssid": "AndroidAP",
        "oui": "48:27:EA",
        "channel": 1,
        "encryption": "wpa2",
        "firsttime": "2022-12-13T15:00:00.000Z",
        "lasttime": "2024-11-20T08:00:00.000Z",
        "city": "Timi\u0219oara",
        "region": "Timi\u0219",
        "country": "RO",
        "road": "Calea Aradului",
        "postalcode": "300629"
      }
    },
    {
      "type": "Feature",
      "geometry": {
        "type": "Point",
        "coordinates": [
          -1.12385058,
          52.64814758
        ]
      },
      "properties": {
        "netid": "48:27:EA:A2:F4:38",
        "ssid": "Jihan ",
        "oui": "48:27:EA",
        "channel": 6,
        "encryption": "wpa2",
        "firsttime": "2024-10-19T14:00:00.000Z",
        "lasttime": "2024-10-19T09:00:00.000Z",
        "city": "Leicester",
        "region": "England",
        "country": "GB",
        "road": "Belgrave Road",
        "postalcode": "LE4 6AR"
      }
    },
    {
      "type": "Feature",
      "geometry": {
        "type": "Point",
        "coordinates": [
          19.96023178,
          50.04124451
        ]
      },
      "properties": {
        "netid": "48:27:EA:A3:38:C8",
        "ssid": "Galaxy J538C8",
        "oui": "48:27:EA",
        "channel": 1,
        "encryption": "wpa2",
        "firsttime": "2024-03-02T17:00:00.000Z",
        "lasttime": "2025-08-08T01:00:00.000Z",
        "city": null,
        "region": "wojew\u00f3dztwo ma\u0142opolskie",
        "country": "PL",
        "road": "Plac Przystanek",
        "postalcode": "30-546"
      }
    },
    {
      "type": "Feature",
      "geometry": {
        "type": "Point",
        "coordinates": [
          26.12731552,
          44.44304657
        ]
      },
      "properties": {
        "netid": "48:27:EA:A3:3F:4A",
        "ssid": "AndroidAP",
        "oui": "48:27:EA",
        "channel": 1,
        "encryption": "wpa2",
        "firsttime": "2025-02-04T14:00:00.000Z",
        "lasttime": "2025-02-04T21:00:00.000Z",
        "city": "Municipiul Bucure\u0219ti",
        "region": "Dimitrov",
        "country": "RO",
        "road": "Bulevardul Ferdinand I",
        "postalcode": "021378"
      }
    },
    {
      "type": "Feature",
      "geometry": {
        "type": "Point",
        "coordinates": [
          4.35045195,
          50.86522293
        ]
      },
      "properties": {
        "netid": "48:27:EA:A3:5D:30",
        "ssid": "Samsung klein zwart",
        "oui": "48:27:EA",
        "channel": 6,
        "encryption": "wpa2",
        "firsttime": "2025-04-01T18:00:00.000Z",
        "lasttime": "2025-04-01T13:00:00.000Z",
        "city": null,
        "region": "R\u00e9gion de Bruxelles-Capitale - Brussels Hoofdstedelijk Gewest",
        "country": "BE",
        "road": "Avenue du Port - Havenlaan",
        "postalcode": "1000"
      }
    },
    {
      "type": "Feature",
      "geometry": {
        "type": "Point",
        "coordinates": [
          98.33117676,
          7.85024595
        ]
      },
      "properties": {
        "netid": "48:27:EA:A3:BA:59",
        "ssid": "AndroidAP",
        "oui": "48:27:EA",
        "channel": 11,
        "encryption": "wpa2",
        "firsttime": "2024-08-01T11:00:00.000Z",
        "lasttime": "2025-05-12T21:00:00.000Z",
        "city": null,
        "region": "\u0e08\u0e31\u0e07\u0e2b\u0e27\u0e31\u0e14\u0e20\u0e39\u0e40\u0e01\u0e47\u0e15",
        "country": "TH",
        "road": null,
        "postalcode": "83100"
      }
    },
    {
      "type": "Feature",
      "geometry": {
        "type": "Point",
        "coordinates": [
          4.32376957,
          50.8723259
        ]
      },
      "properties": {
        "netid": "48:27:EA:A4:74:4E",
        "ssid": "AndroidAP7701",
        "oui": "48:27:EA",
        "channel": 1,
        "encryption": "wpa2",
        "firsttime": "2024-09-05T15:00:00.000Z",
        "lasttime": "2024-09-05T08:00:00.000Z",
        "city": null,
        "region": "R\u00e9gion de Bruxelles-Capitale - Brussels Hoofdstedelijk Gewest",
        "country": "BE",
        "road": "Avenue de Jette - Jetse laan",
        "postalcode": "1090"
      }
    },
    {
      "type": "Feature",
      "geometry": {
        "type": "Point",
        "coordinates": [
          5.22051525,
          52.3724556
        ]
      },
      "properties": {
        "netid": "48:27:EA:A4:82:12",
        "ssid": "AndroidAP8212",
        "oui": "48:27:EA",
        "channel": 1,
        "encryption": "wpa2",
        "firsttime": "2024-11-29T11:00:00.000Z",
        "lasttime": "2024-12-01T15:00:00.000Z",
        "city": "Almere",
        "region": "Flevoland",
        "country": "NL",
        "road": "Stationsstraat",
        "postalcode": "1325"
      }
    },
    {
      "type": "Feature",
      "geometry": {
        "type": "Point",
        "coordinates": [
          -0.97562402,
          51.44447327
        ]
      },
      "properties": {
        "netid": "48:27:EA:A4:91:16",
        "ssid": "AndroidAP9116",
        "oui": "48:27:EA",
        "channel": 1,
        "encryption": "wpa2",
        "firsttime": "2025-06-04T14:00:00.000Z",
        "lasttime": "2025-06-17T14:00:00.000Z",
        "city": null,
        "region": "England",
        "country": "GB",
        "road": "A33",
        "postalcode": "RG2 0RR"
      }
    },
    {
      "type": "Feature",
      "geometry": {
        "type": "Point",
        "coordinates": [
          15.44140148,
          47.05527496
        ]
      },
      "properties": {
        "netid": "48:27:EA:A4:AF:2E",
        "ssid": "Kaufdirinternet ",
        "oui": "48:27:EA",
        "channel": 1,
        "encryption": "wpa2",
        "firsttime": "2026-08-12T15:00:00.000Z",
        "lasttime": "2026-08-20T17:00:00.000Z",
        "city": "Graz",
        "region": "Steiermark",
        "country": "AT",
        "road": "Sch\u00f6naugasse",
        "postalcode": "8010"
      }
    },
    {
      "type": "Feature",
      "geometry": {
        "type": "Point",
        "coordinates": [
          4.31579494,
          52.06216812
        ]
      },
      "properties": {
        "netid": "48:27:EA:A4:B2:34",
        "ssid": "Ip110",
        "oui": "48:27:EA",
        "channel": 11,
        "encryption": "wpa2",
        "firsttime": "2024-08-27T06:00:00.000Z",
        "lasttime": "2025-07-16T10:00:00.000Z",
        "city": "Den Haag",
        "region": "Zuid-Holland",
        "country": "NL",
        "road": "Verheeskade",
        "postalcode": "2521DE"
      }
    },
    {
      "type": "Feature",
      "geometry": {
        "type": "Point",
        "coordinates": [
          5.4449439,
          47.04771042
        ]
      },
      "properties": {
        "netid": "48:27:EA:A5:51:32",
        "ssid": "Galaxy J55132",
        "oui": "48:27:EA",
        "channel": 1,
        "encryption": "wpa2",
        "firsttime": "2024-05-22T05:00:00.000Z",
        "lasttime": "2025-01-03T11:00:00.000Z",
        "city": null,
        "region": "Bourgogne-Franche-Comt\u00e9",
        "country": "FR",
        "road": "Autoroute Verte",
        "postalcode": "39100"
      }
    },
    {
      "type": "Feature",
      "geometry": {
        "type": "Point",
        "coordinates": [
          37.33341599,
          55.82039261
        ]
      },
      "properties": {
        "netid": "48:27:EA:A5:6D:04",
        "ssid": "AndroidA98",
        "oui": "48:27:EA",
        "channel": 11,
        "encryption": "unknown",
        "firsttime": "2023-09-12T13:00:00.000Z",
        "lasttime": "2024-10-02T06:00:00.000Z",
        "city": "\u041a\u0440\u0430\u0441\u043d\u043e\u0433\u043e\u0440\u0441\u043a",
        "region": "\u041c\u043e\u0441\u043a\u043e\u0432\u0441\u043a\u0430\u044f \u043e\u0431\u043b\u0430\u0441\u0442\u044c",
        "country": "RU",
        "road": "\u0428\u043a\u043e\u043b\u044c\u043d\u0430\u044f \u0443\u043b\u0438\u0446\u0430",
        "postalcode": "143405"
      }
    },
    {
      "type": "Feature",
      "geometry": {
        "type": "Point",
        "coordinates": [
          71.4087677,
          51.1591835
        ]
      },
      "properties": {
        "netid": "48:27:EA:A5:A1:96",
        "ssid": "AndroidAPA196",
        "oui": "48:27:EA",
        "channel": 6,
        "encryption": "wpa2",
        "firsttime": "2023-07-24T09:00:00.000Z",
        "lasttime": "2026-08-18T01:00:00.000Z",
        "city": "\u0410\u0441\u0442\u0430\u043d\u0430",
        "region": "\u0410\u0441\u0442\u0430\u043d\u0430",
        "country": "KZ",
        "road": "\u0443\u043b\u0438\u0446\u0430 \u0422\u0430\u0440\u0430\u0441\u0430 \u0428\u0435\u0432\u0447\u0435\u043d\u043a\u043e",
        "postalcode": "010000"
      }
    },
    {
      "type": "Feature",
      "geometry": {
        "type": "Point",
        "coordinates": [
          71.40419769,
          51.17210007
        ]
      },
      "properties": {
        "netid": "48:27:EA:A5:AA:FA",
        "ssid": "AndroidAP",
        "oui": "48:27:EA",
        "channel": 6,
        "encryption": "wpa2",
        "firsttime": "2024-12-25T09:00:00.000Z",
        "lasttime": "2025-01-09T21:00:00.000Z",
        "city": "\u0410\u0441\u0442\u0430\u043d\u0430",
        "region": "\u0410\u0441\u0442\u0430\u043d\u0430",
        "country": "KZ",
        "road": "\u0443\u043b\u0438\u0446\u0430 \u0410\u043b\u0438\u0431\u0438 \u0416\u0430\u043d\u0433\u0435\u043b\u044c\u0434\u0438\u043d\u0430",
        "postalcode": "010000"
      }
    },
    {
      "type": "Feature",
      "geometry": {
        "type": "Point",
        "coordinates": [
          21.5109272,
          61.1319809
        ]
      },
      "properties": {
        "netid": "48:27:EA:A5:C3:6C",
        "ssid": "AndroidAP J7",
        "oui": "48:27:EA",
        "channel": 11,
        "encryption": "wpa2",
        "firsttime": "2025-07-09T10:00:00.000Z",
        "lasttime": "2025-07-09T04:00:00.000Z",
        "city": null,
        "region": "Manner-Suomi",
        "country": "FI",
        "road": "Karjalankatu",
        "postalcode": "26100"
      }
    },
    {
      "type": "Feature",
      "geometry": {
        "type": "Point",
        "coordinates": [
          -7.84812164,
          51.95563507
        ]
      },
      "properties": {
        "netid": "48:27:EA:A5:C4:D4",
        "ssid": "AndroidAPC4D4",
        "oui": "48:27:EA",
        "channel": 11,
        "encryption": "wpa2",
        "firsttime": "2024-10-14T08:00:00.000Z",
        "lasttime": "2024-10-17T08:00:00.000Z",
        "city": null,
        "region": "The Municipal District of East Cork",
        "country": "IE",
        "road": "New Catherine Street",
        "postalcode": "P36 WP64"
      }
    },
    {
      "type": "Feature",
      "geometry": {
        "type": "Point",
        "coordinates": [
          19.13417816,
          50.29728317
        ]
      },
      "properties": {
        "netid": "48:27:EA:A6:0A:0B",
        "ssid": "AndroidAP",
        "oui": "48:27:EA",
        "channel": 8,
        "encryption": "wpa2",
        "firsttime": "2025-03-01T11:00:00.000Z",
        "lasttime": "2025-03-01T04:00:00.000Z",
        "city": "Sosnowiec",
        "region": "wojew\u00f3dztwo \u015bl\u0105skie",
        "country": "PL",
        "road": "B\u0119dzi\u0144ska",
        "postalcode": "41-205"
      }
    },
    {
      "type": "Feature",
      "geometry": {
        "type": "Point",
        "coordinates": [
          19.05982399,
          47.50265121
        ]
      },
      "properties": {
        "netid": "48:27:EA:A6:25:B3",
        "ssid": "AndroidAP",
        "oui": "48:27:EA",
        "channel": 1,
        "encryption": "wpa2",
        "firsttime": "2025-10-23T12:00:00.000Z",
        "lasttime": "2025-10-23T08:00:00.000Z",
        "city": "Budapest",
        "region": "Budapest",
        "country": "HU",
        "road": "Andr\u00e1ssy \u00fat",
        "postalcode": "1061"
      }
    },
    {
      "type": "Feature",
      "geometry": {
        "type": "Point",
        "coordinates": [
          4.31518745,
          52.06251907
        ]
      },
      "properties": {
        "netid": "48:27:EA:A6:31:27",
        "ssid": "AndroidAP3127",
        "oui": "48:27:EA",
        "channel": 1,
        "encryption": "wpa2",
        "firsttime": "2025-01-06T12:00:00.000Z",
        "lasttime": "2025-01-12T03:00:00.000Z",
        "city": "Den Haag",
        "region": "Zuid-Holland",
        "country": "NL",
        "road": "Lobattostraat",
        "postalcode": "2521BJ"
      }
    },
    {
      "type": "Feature",
      "geometry": {
        "type": "Point",
        "coordinates": [
          121.5581665,
          25.08358574
        ]
      },
      "properties": {
        "netid": "48:27:EA:A6:B5:0F",
        "ssid": "AndroidAPB50F",
        "oui": "48:27:EA",
        "channel": 11,
        "encryption": "wpa2",
        "firsttime": "2026-04-16T10:00:00.000Z",
        "lasttime": "2026-04-16T22:00:00.000Z",
        "city": "\u81fa\u5317\u5e02",
        "region": "\u81fa\u5317\u5e02",
        "country": "TW",
        "road": "\u656c\u696d\u4e09\u8def",
        "postalcode": "10466"
      }
    },
    {
      "type": "Feature",
      "geometry": {
        "type": "Point",
        "coordinates": [
          100.56126404,
          13.73532963
        ]
      },
      "properties": {
        "netid": "48:27:EA:A6:F9:CD",
        "ssid": "0916973320",
        "oui": "48:27:EA",
        "channel": 11,
        "encryption": "wpa2",
        "firsttime": "2024-11-21T14:00:00.000Z",
        "lasttime": "2024-11-22T12:00:00.000Z",
        "city": "\u0e01\u0e23\u0e38\u0e07\u0e40\u0e17\u0e1e\u0e21\u0e2b\u0e32\u0e19\u0e04\u0e23",
        "region": "\u0e01\u0e23\u0e38\u0e07\u0e40\u0e17\u0e1e\u0e21\u0e2b\u0e32\u0e19\u0e04\u0e23",
        "country": "TH",
        "road": "\u0e16\u0e19\u0e19\u0e23\u0e31\u0e0a\u0e14\u0e32\u0e20\u0e34\u0e40\u0e29\u0e01",
        "postalcode": "10110"
      }
    },
    {
      "type": "Feature",
      "geometry": {
        "type": "Point",
        "coordinates": [
          69.17238617,
          34.5284729
        ]
      },
      "properties": {
        "netid": "48:27:EA:A7:4B:0B",
        "ssid": "Panjshir II",
        "oui": "48:27:EA",
        "channel": 11,
        "encryption": "wpa2",
        "firsttime": "2023-11-25T09:00:00.000Z",
        "lasttime": "2024-09-28T00:00:00.000Z",
        "city": "\u06a9\u0627\u0628\u0644",
        "region": "\u0648\u0644\u0627\u06cc\u062a \u0643\u0627\u0628\u0644",
        "country": "AF",
        "road": "\u06af\u0648\u0647\u0631\u0634\u0627\u062f \u0628\u06cc\u06af\u0645",
        "postalcode": "10013"
      }
    },
    {
      "type": "Feature",
      "geometry": {
        "type": "Point",
        "coordinates": [
          19.93249702,
          50.08432388
        ]
      },
      "properties": {
        "netid": "48:27:EA:A7:58:4D",
        "ssid": "zlotek",
        "oui": "48:27:EA",
        "channel": 1,
        "encryption": "wpa2",
        "firsttime": "2001-01-01T01:00:00.000Z",
        "lasttime": "2024-11-04T07:00:00.000Z",
        "city": "Krak\u00f3w",
        "region": "wojew\u00f3dztwo ma\u0142opolskie",
        "country": "PL",
        "road": "Kluczborska",
        "postalcode": "31-271"
      }
    },
    {
      "type": "Feature",
      "geometry": {
        "type": "Point",
        "coordinates": [
          14.94556618,
          40.62056351
        ]
      },
      "properties": {
        "netid": "48:27:EA:A7:58:5B",
        "ssid": "LEEDS.TK.",
        "oui": "48:27:EA",
        "channel": 6,
        "encryption": "wpa2",
        "firsttime": "2024-10-04T16:00:00.000Z",
        "lasttime": "2024-10-04T09:00:00.000Z",
        "city": null,
        "region": "Campania",
        "country": "IT",
        "road": "Strada Statale 18/Via Roma",
        "postalcode": "84092"
      }
    },
    {
      "type": "Feature",
      "geometry": {
        "type": "Point",
        "coordinates": [
          14.3955822,
          50.08938217
        ]
      },
      "properties": {
        "netid": "48:27:EA:A7:67:55",
        "ssid": "AndroidAP",
        "oui": "48:27:EA",
        "channel": 6,
        "encryption": "wpa2",
        "firsttime": "2025-10-26T14:00:00.000Z",
        "lasttime": "2025-10-26T07:00:00.000Z",
        "city": "Hlavn\u00ed m\u011bsto Praha",
        "region": "Praha",
        "country": "CZ",
        "road": "Hrad\u010dansk\u00e9 n\u00e1m\u011bst\u00ed",
        "postalcode": "11800"
      }
    },
    {
      "type": "Feature",
      "geometry": {
        "type": "Point",
        "coordinates": [
          -3.27816153,
          47.80543518
        ]
      },
      "properties": {
        "netid": "48:27:EA:A7:94:1B",
        "ssid": "AndroidAP",
        "oui": "48:27:EA",
        "channel": 1,
        "encryption": "wpa2",
        "firsttime": "2024-09-06T17:00:00.000Z",
        "lasttime": "2024-09-06T10:00:00.000Z",
        "city": null,
        "region": "Bretagne",
        "country": "FR",
        "road": "Rue du Champ de Foire",
        "postalcode": "56700"
      }
    },
    {
      "type": "Feature",
      "geometry": {
        "type": "Point",
        "coordinates": [
          23.74405479,
          37.9727211
        ]
      },
      "properties": {
        "netid": "48:27:EA:A7:E6:49",
        "ssid": "Galaxy J5E649",
        "oui": "48:27:EA",
        "channel": 11,
        "encryption": "wpa2",
        "firsttime": "2026-05-20T09:00:00.000Z",
        "lasttime": "2026-05-20T08:00:00.000Z",
        "city": "\u0391\u03b8\u03ae\u03bd\u03b1",
        "region": "\u0391\u03c0\u03bf\u03ba\u03b5\u03bd\u03c4\u03c1\u03c9\u03bc\u03ad\u03bd\u03b7 \u0394\u03b9\u03bf\u03af\u03ba\u03b7\u03c3\u03b7 \u0391\u03c4\u03c4\u03b9\u03ba\u03ae\u03c2",
        "country": "GR",
        "road": "\u0392\u03b1\u03c3\u03b9\u03bb\u03ad\u03c9\u03c2 \u0393\u03b5\u03c9\u03c1\u03b3\u03af\u03bf\u03c5 \u0392'",
        "postalcode": "11635"
      }
    },
    {
      "type": "Feature",
      "geometry": {
        "type": "Point",
        "coordinates": [
          -8.85302162,
          31.17308998
        ]
      },
      "properties": {
        "netid": "48:27:EA:A8:27:F1",
        "ssid": "Abdoe",
        "oui": "48:27:EA",
        "channel": 1,
        "encryption": "wpa2",
        "firsttime": "2025-06-09T20:00:00.000Z",
        "lasttime": "2025-06-09T13:00:00.000Z",
        "city": null,
        "region": "Marrakech-Safi \u2d4e\u2d55\u2d55\u2d30\u2d3d\u2d5b-\u2d30\u2d59\u2d3c\u2d49 \u0645\u0631\u0627\u0643\u0634-\u0623\u0633\u0641\u064a",
        "country": "MA",
        "road": null,
        "postalcode": "41052"
      }
    },
    {
      "type": "Feature",
      "geometry": {
        "type": "Point",
        "coordinates": [
          80.65122223,
          7.86744404
        ]
      },
      "properties": {
        "netid": "48:27:EA:A8:B1:41",
        "ssid": "Thari",
        "oui": "48:27:EA",
        "channel": 6,
        "encryption": "wpa2",
        "firsttime": "2024-12-06T08:00:00.000Z",
        "lasttime": "2024-12-06T07:00:00.000Z",
        "city": null,
        "region": "\u0db8\u0db0\u0dca\u200d\u0dba\u0db8 \u0db4\u0dc5\u0dcf\u0dad",
        "country": "LK",
        "road": "Jaffna - Kandy Road",
        "postalcode": "21100"
      }
    },
    {
      "type": "Feature",
      "geometry": {
        "type": "Point",
        "coordinates": [
          100.60033417,
          13.69202042
        ]
      },
      "properties": {
        "netid": "48:27:EA:A9:70:6A",
        "ssid": "AndroidAP706A",
        "oui": "48:27:EA",
        "channel": 11,
        "encryption": "wpa2",
        "firsttime": "2025-04-12T12:00:00.000Z",
        "lasttime": "2025-04-12T06:00:00.000Z",
        "city": "\u0e01\u0e23\u0e38\u0e07\u0e40\u0e17\u0e1e\u0e21\u0e2b\u0e32\u0e19\u0e04\u0e23",
        "region": "\u0e01\u0e23\u0e38\u0e07\u0e40\u0e17\u0e1e\u0e21\u0e2b\u0e32\u0e19\u0e04\u0e23",
        "country": "TH",
        "road": "\u0e17\u0e32\u0e07\u0e1e\u0e34\u0e40\u0e28\u0e29\u0e2a\u0e32\u0e22\u0e1a\u0e32\u0e07\u0e19\u0e32-\u0e2d\u0e32\u0e08\u0e13\u0e23\u0e07\u0e04\u0e4c",
        "postalcode": "10260"
      }
    },
    {
      "type": "Feature",
      "geometry": {
        "type": "Point",
        "coordinates": [
          2.3828733,
          48.83945465
        ]
      },
      "properties": {
        "netid": "48:27:EA:A9:87:2C",
        "ssid": "AndroidAP",
        "oui": "48:27:EA",
        "channel": 11,
        "encryption": "wpa2",
        "firsttime": "2025-10-31T12:00:00.000Z",
        "lasttime": "2025-10-31T06:00:00.000Z",
        "city": "Paris",
        "region": "\u00cele-de-France",
        "country": "FR",
        "road": "Boulevard de Bercy",
        "postalcode": "75012"
      }
    },
    {
      "type": "Feature",
      "geometry": {
        "type": "Point",
        "coordinates": [
          17.0484314,
          51.10831451
        ]
      },
      "properties": {
        "netid": "48:27:EA:AA:7C:62",
        "ssid": "Alvin i \u0142amacz ko\u015bci udowej",
        "oui": "48:27:EA",
        "channel": 7,
        "encryption": "wpa2",
        "firsttime": "2024-11-21T12:00:00.000Z",
        "lasttime": "2025-01-03T02:00:00.000Z",
        "city": "Wroc\u0142aw",
        "region": "wojew\u00f3dztwo dolno\u015bl\u0105skie",
        "country": "PL",
        "road": null,
        "postalcode": "50-001"
      }
    },
    {
      "type": "Feature",
      "geometry": {
        "type": "Point",
        "coordinates": [
          3.85574651,
          43.59025955
        ]
      },
      "properties": {
        "netid": "48:27:EA:AA:7E:8C",
        "ssid": "SamsungMadmat",
        "oui": "48:27:EA",
        "channel": 1,
        "encryption": "wpa2",
        "firsttime": "2026-05-26T15:00:00.000Z",
        "lasttime": "2026-05-26T11:00:00.000Z",
        "city": "Montpellier",
        "region": "Occitanie",
        "country": "FR",
        "road": "Place Flandres-Dunkerque",
        "postalcode": "34070"
      }
    },
    {
      "type": "Feature",
      "geometry": {
        "type": "Point",
        "coordinates": [
          19.138937,
          50.25735855
        ]
      },
      "properties": {
        "netid": "48:27:EA:AA:81:82",
        "ssid": "AndroidAP",
        "oui": "48:27:EA",
        "channel": 1,
        "encryption": "wpa2",
        "firsttime": "2025-11-28T07:00:00.000Z",
        "lasttime": "2026-03-30T05:00:00.000Z",
        "city": "Sosnowiec",
        "region": "wojew\u00f3dztwo \u015bl\u0105skie",
        "country": "PL",
        "road": "planowana DT\u015a wsch\u00f3d - etap 2",
        "postalcode": "41-208"
      }
    },
    {
      "type": "Feature",
      "geometry": {
        "type": "Point",
        "coordinates": [
          -4.3380065,
          48.0956459
        ]
      },
      "properties": {
        "netid": "48:27:EA:AA:97:DC",
        "ssid": "AndroidAP1301",
        "oui": "48:27:EA",
        "channel": 1,
        "encryption": "wpa2",
        "firsttime": "2025-09-03T09:00:00.000Z",
        "lasttime": "2025-09-03T03:00:00.000Z",
        "city": null,
        "region": "Bretagne",
        "country": "FR",
        "road": "Rue Pen ar Vir",
        "postalcode": "29100"
      }
    },
    {
      "type": "Feature",
      "geometry": {
        "type": "Point",
        "coordinates": [
          7.22887182,
          50.57766724
        ]
      },
      "properties": {
        "netid": "48:27:EA:AA:EA:CA",
        "ssid": "AndroidAP",
        "oui": "48:27:EA",
        "channel": 11,
        "encryption": "wpa2",
        "firsttime": "2024-12-24T15:00:00.000Z",
        "lasttime": "2024-12-24T08:00:00.000Z",
        "city": null,
        "region": "Rheinland-Pfalz",
        "country": "DE",
        "road": "Geschwister-Scholl-Stra\u00dfe",
        "postalcode": "53424"
      }
    },
    {
      "type": "Feature",
      "geometry": {
        "type": "Point",
        "coordinates": [
          44.49222565,
          40.80932999
        ]
      },
      "properties": {
        "netid": "48:27:EA:AA:F3:50",
        "ssid": "AndroidAP",
        "oui": "48:27:EA",
        "channel": 1,
        "encryption": "wpa2",
        "firsttime": "2022-07-25T20:00:00.000Z",
        "lasttime": "2025-09-25T06:00:00.000Z",
        "city": "\u054e\u0561\u0576\u0561\u0571\u0578\u0580",
        "region": "\u053c\u0578\u057c\u0578\u0582 \u0574\u0561\u0580\u0566",
        "country": "AM",
        "road": "\u054f\u056b\u0563\u0580\u0561\u0576 \u0544\u0565\u056e\u056b \u057a\u0578\u0572\u0578\u057f\u0561",
        "postalcode": "2021"
      }
    },
    {
      "type": "Feature",
      "geometry": {
        "type": "Point",
        "coordinates": [
          2.15009141,
          41.37357712
        ]
      },
      "properties": {
        "netid": "48:27:EA:AB:39:50",
        "ssid": "AndroidAP",
        "oui": "48:27:EA",
        "channel": 11,
        "encryption": "wpa2",
        "firsttime": "2025-09-28T18:00:00.000Z",
        "lasttime": "2025-09-28T16:00:00.000Z",
        "city": "Barcelona",
        "region": "Catalunya",
        "country": "ES",
        "road": "Pla\u00e7a d'Espanya",
        "postalcode": "08001"
      }
    },
    {
      "type": "Feature",
      "geometry": {
        "type": "Point",
        "coordinates": [
          13.59166145,
          52.54874802
        ]
      },
      "properties": {
        "netid": "48:27:EA:AB:49:5E",
        "ssid": "Celina's nicht kostenloses Wlan",
        "oui": "48:27:EA",
        "channel": 1,
        "encryption": "wpa2",
        "firsttime": "2004-12-10T15:00:00.000Z",
        "lasttime": "2024-12-08T23:00:00.000Z",
        "city": null,
        "region": "Brandenburg",
        "country": "DE",
        "road": "Landsberger Chaussee",
        "postalcode": "16356"
      }
    },
    {
      "type": "Feature",
      "geometry": {
        "type": "Point",
        "coordinates": [
          8.69628716,
          47.85084915
        ]
      },
      "properties": {
        "netid": "48:27:EA:AC:B6:E0",
        "ssid": "AndroidAPB6E0",
        "oui": "48:27:EA",
        "channel": 1,
        "encryption": "wpa2",
        "firsttime": "2025-10-16T08:00:00.000Z",
        "lasttime": "2026-08-07T07:00:00.000Z",
        "city": null,
        "region": "Baden-W\u00fcrttemberg",
        "country": "DE",
        "road": "Schlemsweg",
        "postalcode": "78250"
      }
    },
    {
      "type": "Feature",
      "geometry": {
        "type": "Point",
        "coordinates": [
          -0.19827832,
          46.97833252
        ]
      },
      "properties": {
        "netid": "48:27:EA:AD:07:AE",
        "ssid": "AndroidNetCasa",
        "oui": "48:27:EA",
        "channel": 6,
        "encryption": "wpa2",
        "firsttime": "2018-04-27T17:00:00.000Z",
        "lasttime": "2026-05-17T06:00:00.000Z",
        "city": null,
        "region": "Nouvelle-Aquitaine",
        "country": "FR",
        "road": "Boulevard de Port Gentil",
        "postalcode": "79100"
      }
    },
    {
      "type": "Feature",
      "geometry": {
        "type": "Point",
        "coordinates": [
          11.28824806,
          48.26723099
        ]
      },
      "properties": {
        "netid": "48:27:EA:AD:1A:50",
        "ssid": "Galaxy J17 Florin",
        "oui": "48:27:EA",
        "channel": 5,
        "encryption": "wpa2",
        "firsttime": "2023-02-03T13:00:00.000Z",
        "lasttime": "2024-09-16T19:00:00.000Z",
        "city": null,
        "region": "Bayern",
        "country": "DE",
        "road": "A 8",
        "postalcode": "85232"
      }
    },
    {
      "type": "Feature",
      "geometry": {
        "type": "Point",
        "coordinates": [
          23.59305573,
          46.76898956
        ]
      },
      "properties": {
        "netid": "48:27:EA:AD:3A:7E",
        "ssid": "AndroidAP",
        "oui": "48:27:EA",
        "channel": 1,
        "encryption": "wpa2",
        "firsttime": "2024-10-07T12:00:00.000Z",
        "lasttime": "2024-10-07T08:00:00.000Z",
        "city": "Cluj-Napoca",
        "region": "Cluj",
        "country": "RO",
        "road": "Strada Hermann Oberth",
        "postalcode": "400095"
      }
    },
    {
      "type": "Feature",
      "geometry": {
        "type": "Point",
        "coordinates": [
          106.66414642,
          10.81624222
        ]
      },
      "properties": {
        "netid": "48:27:EA:AD:48:8C",
        "ssid": "mH",
        "oui": "48:27:EA",
        "channel": 1,
        "encryption": "wpa2",
        "firsttime": "2024-11-10T07:00:00.000Z",
        "lasttime": "2024-11-10T06:00:00.000Z",
        "city": null,
        "region": "Th\u00e0nh ph\u1ed1 H\u1ed3 Ch\u00ed Minh",
        "country": "VN",
        "road": "\u0110\u01b0\u1eddng d\u1eabn s\u1ea3nh \u0111i Qu\u1ed1c t\u1ebf",
        "postalcode": "741039"
      }
    },
    {
      "type": "Feature",
      "geometry": {
        "type": "Point",
        "coordinates": [
          9.89141655,
          55.47329712
        ]
      },
      "properties": {
        "netid": "48:27:EA:AD:65:16",
        "ssid": "Samsung J7",
        "oui": "48:27:EA",
        "channel": 6,
        "encryption": "wpa2",
        "firsttime": "2025-11-01T11:00:00.000Z",
        "lasttime": "2025-12-27T06:00:00.000Z",
        "city": null,
        "region": "Region Syddanmark",
        "country": "DK",
        "road": "Fynske Motorvej",
        "postalcode": "5580"
      }
    },
    {
      "type": "Feature",
      "geometry": {
        "type": "Point",
        "coordinates": [
          37.21455383,
          55.78021622
        ]
      },
      "properties": {
        "netid": "48:27:EA:AD:77:26",
        "ssid": "Butcher j7",
        "oui": "48:27:EA",
        "channel": 11,
        "encryption": "unknown",
        "firsttime": "2019-08-25T18:00:00.000Z",
        "lasttime": "2025-04-05T02:00:00.000Z",
        "city": null,
        "region": "\u041c\u043e\u0441\u043a\u043e\u0432\u0441\u043a\u0430\u044f \u043e\u0431\u043b\u0430\u0441\u0442\u044c",
        "country": "RU",
        "road": null,
        "postalcode": "143421"
      }
    },
    {
      "type": "Feature",
      "geometry": {
        "type": "Point",
        "coordinates": [
          8.11352539,
          52.54049301
        ]
      },
      "properties": {
        "netid": "48:27:EA:AD:7D:9E",
        "ssid": "Galaxy J57D9E",
        "oui": "48:27:EA",
        "channel": 11,
        "encryption": "wpa2",
        "firsttime": "2024-11-28T10:00:00.000Z",
        "lasttime": "2024-11-28T07:00:00.000Z",
        "city": null,
        "region": "Niedersachsen",
        "country": "DE",
        "road": "A 1",
        "postalcode": "49451"
      }
    },
    {
      "type": "Feature",
      "geometry": {
        "type": "Point",
        "coordinates": [
          98.54161072,
          8.41448879
        ]
      },
      "properties": {
        "netid": "48:27:EA:AE:12:12",
        "ssid": "AndroidAP1212",
        "oui": "48:27:EA",
        "channel": 11,
        "encryption": "wpa2",
        "firsttime": "2024-09-14T05:00:00.000Z",
        "lasttime": "2024-09-14T00:00:00.000Z",
        "city": null,
        "region": "\u0e08\u0e31\u0e07\u0e2b\u0e27\u0e31\u0e14\u0e1e\u0e31\u0e07\u0e07\u0e32",
        "country": "TH",
        "road": "4311",
        "postalcode": null
      }
    },
    {
      "type": "Feature",
      "geometry": {
        "type": "Point",
        "coordinates": [
          71.44927216,
          51.0915947
        ]
      },
      "properties": {
        "netid": "48:27:EA:AE:76:76",
        "ssid": "AndroidAP7676",
        "oui": "48:27:EA",
        "channel": 11,
        "encryption": "wpa2",
        "firsttime": "2025-06-19T13:00:00.000Z",
        "lasttime": "2025-07-29T04:00:00.000Z",
        "city": "\u0410\u0441\u0442\u0430\u043d\u0430",
        "region": "\u0410\u0441\u0442\u0430\u043d\u0430",
        "country": "KZ",
        "road": "38-\u044f",
        "postalcode": "010000"
      }
    },
    {
      "type": "Feature",
      "geometry": {
        "type": "Point",
        "coordinates": [
          19.10355186,
          50.21984863
        ]
      },
      "properties": {
        "netid": "48:27:EA:AE:9A:08",
        "ssid": "AndroidAP",
        "oui": "48:27:EA",
        "channel": 11,
        "encryption": "wpa2",
        "firsttime": "2025-07-09T09:00:00.000Z",
        "lasttime": "2026-07-10T10:00:00.000Z",
        "city": "Mys\u0142owice",
        "region": "wojew\u00f3dztwo \u015bl\u0105skie",
        "country": "PL",
        "road": "A4",
        "postalcode": "40-457"
      }
    },
    {
      "type": "Feature",
      "geometry": {
        "type": "Point",
        "coordinates": [
          66.93566895,
          39.6806221
        ]
      },
      "properties": {
        "netid": "48:27:EA:AE:9C:AA",
        "ssid": "UMED",
        "oui": "48:27:EA",
        "channel": 6,
        "encryption": "wpa2",
        "firsttime": "2026-06-11T06:00:00.000Z",
        "lasttime": "2026-06-10T23:00:00.000Z",
        "city": "Samarqand",
        "region": "Samarqand Viloyati",
        "country": "UZ",
        "road": "Rudakiy ko'chasi",
        "postalcode": "140100"
      }
    },
    {
      "type": "Feature",
      "geometry": {
        "type": "Point",
        "coordinates": [
          44.01468277,
          56.32677841
        ]
      },
      "properties": {
        "netid": "48:27:EA:AE:A6:94",
        "ssid": "AndroidAP9c2f",
        "oui": "48:27:EA",
        "channel": 11,
        "encryption": "unknown",
        "firsttime": "2024-09-29T12:00:00.000Z",
        "lasttime": "2024-09-29T15:00:00.000Z",
        "city": "\u041d\u0438\u0436\u043d\u0438\u0439 \u041d\u043e\u0432\u0433\u043e\u0440\u043e\u0434",
        "region": "\u041d\u0438\u0436\u0435\u0433\u043e\u0440\u043e\u0434\u0441\u043a\u0430\u044f \u043e\u0431\u043b\u0430\u0441\u0442\u044c",
        "country": "RU",
        "road": "\u0411\u043e\u043b\u044c\u0448\u0430\u044f \u041f\u0435\u0447\u0451\u0440\u0441\u043a\u0430\u044f \u0443\u043b\u0438\u0446\u0430",
        "postalcode": "603600"
      }
    },
    {
      "type": "Feature",
      "geometry": {
        "type": "Point",
        "coordinates": [
          69.34223175,
          38.10345078
        ]
      },
      "properties": {
        "netid": "48:27:EA:AE:AE:18",
        "ssid": "AndroidAPAE18",
        "oui": "48:27:EA",
        "channel": 8,
        "encryption": "wpa2",
        "firsttime": "2025-08-30T16:00:00.000Z",
        "lasttime": "2026-02-04T14:00:00.000Z",
        "city": null,
        "region": "\u0412\u0438\u043b\u043e\u044f\u0442\u0438 \u0425\u0430\u0442\u043b\u043e\u043d",
        "country": "TJ",
        "road": null,
        "postalcode": "735"
      }
    },
    {
      "type": "Feature",
      "geometry": {
        "type": "Point",
        "coordinates": [
          37.55892944,
          55.69565201
        ]
      },
      "properties": {
        "netid": "48:27:EA:AE:AF:92",
        "ssid": "AndroidAPAF92",
        "oui": "48:27:EA",
        "channel": 1,
        "encryption": "unknown",
        "firsttime": "2024-11-26T11:00:00.000Z",
        "lasttime": "2024-11-29T01:00:00.000Z",
        "city": "\u041c\u043e\u0441\u043a\u0432\u0430",
        "region": "\u041c\u043e\u0441\u043a\u0432\u0430",
        "country": "RU",
        "road": "\u041b\u0435\u043d\u0438\u043d\u0441\u043a\u0438\u0439 \u043f\u0440\u043e\u0441\u043f\u0435\u043a\u0442",
        "postalcode": "119333"
      }
    },
    {
      "type": "Feature",
      "geometry": {
        "type": "Point",
        "coordinates": [
          2.25303769,
          48.83657455
        ]
      },
      "properties": {
        "netid": "48:27:EA:AE:E2:60",
        "ssid": "Mouna",
        "oui": "48:27:EA",
        "channel": 7,
        "encryption": "wpa2",
        "firsttime": "2024-10-29T14:00:00.000Z",
        "lasttime": "2024-10-29T09:00:00.000Z",
        "city": "Boulogne-Billancourt",
        "region": "\u00cele-de-France",
        "country": "FR",
        "road": "Avenue \u00c9douard Vaillant",
        "postalcode": "92100"
      }
    },
    {
      "type": "Feature",
      "geometry": {
        "type": "Point",
        "coordinates": [
          2.22100639,
          48.822155
        ]
      },
      "properties": {
        "netid": "48:27:EA:AE:EB:DE",
        "ssid": "AndroidAP6787",
        "oui": "48:27:EA",
        "channel": 5,
        "encryption": "wpa2",
        "firsttime": "2025-06-14T12:00:00.000Z",
        "lasttime": "2025-06-14T06:00:00.000Z",
        "city": null,
        "region": "\u00cele-de-France",
        "country": "FR",
        "road": "Rue des Binelles",
        "postalcode": "92310"
      }
    },
    {
      "type": "Feature",
      "geometry": {
        "type": "Point",
        "coordinates": [
          4.78224659,
          45.77653503
        ]
      },
      "properties": {
        "netid": "48:27:EA:AE:EC:02",
        "ssid": "AndroidAPEC02",
        "oui": "48:27:EA",
        "channel": 1,
        "encryption": "unknown",
        "firsttime": "2026-01-01T15:00:00.000Z",
        "lasttime": "2026-01-01T09:00:00.000Z",
        "city": null,
        "region": "Auvergne-Rh\u00f4ne-Alpes",
        "country": "FR",
        "road": "Autoroute du Soleil",
        "postalcode": "69130"
      }
    },
    {
      "type": "Feature",
      "geometry": {
        "type": "Point",
        "coordinates": [
          13.70796108,
          51.05164337
        ]
      },
      "properties": {
        "netid": "48:27:EA:AE:FC:82",
        "ssid": "Galaxy J5",
        "oui": "48:27:EA",
        "channel": 11,
        "encryption": "wpa2",
        "firsttime": "2023-03-08T19:00:00.000Z",
        "lasttime": "2025-08-04T00:00:00.000Z",
        "city": "Dresden",
        "region": "Sachsen",
        "country": "DE",
        "road": "Cottaer Stra\u00dfe",
        "postalcode": "01159"
      }
    },
    {
      "type": "Feature",
      "geometry": {
        "type": "Point",
        "coordinates": [
          12.57795906,
          55.69959641
        ]
      },
      "properties": {
        "netid": "48:27:EA:AF:0E:98",
        "ssid": "Sut mig",
        "oui": "48:27:EA",
        "channel": 11,
        "encryption": "wpa2",
        "firsttime": "2024-10-01T11:00:00.000Z",
        "lasttime": "2024-10-01T23:00:00.000Z",
        "city": "K\u00f8benhavn",
        "region": "Region Hovedstaden",
        "country": "DK",
        "road": "\u00d8sterbrogade",
        "postalcode": "2100"
      }
    },
    {
      "type": "Feature",
      "geometry": {
        "type": "Point",
        "coordinates": [
          12.28010178,
          58.28116608
        ]
      },
      "properties": {
        "netid": "48:27:EA:AF:3D:AE",
        "ssid": "AndroidAP",
        "oui": "48:27:EA",
        "channel": 1,
        "encryption": "wpa2",
        "firsttime": "2022-04-19T06:00:00.000Z",
        "lasttime": "2025-07-24T08:00:00.000Z",
        "city": null,
        "region": "V\u00e4stra G\u00f6talands l\u00e4n",
        "country": "SE",
        "road": "\u00c5kersbergsv\u00e4gen",
        "postalcode": "46135"
      }
    },
    {
      "type": "Feature",
      "geometry": {
        "type": "Point",
        "coordinates": [
          19.82176781,
          45.2407608
        ]
      },
      "properties": {
        "netid": "48:27:EA:AF:60:74",
        "ssid": "AndroidAP6074",
        "oui": "48:27:EA",
        "channel": 1,
        "encryption": "wpa2",
        "firsttime": "2025-06-10T19:00:00.000Z",
        "lasttime": "2025-06-10T12:00:00.000Z",
        "city": "\u0413\u0440\u0430\u0434 \u041d\u043e\u0432\u0438 \u0421\u0430\u0434",
        "region": "\u0412\u043e\u0458\u0432\u043e\u0434\u0438\u043d\u0430",
        "country": "RS",
        "road": "\u0411\u0443\u043b\u0435\u0432\u0430\u0440 \u0415\u0432\u0440\u043e\u043f\u0435",
        "postalcode": "2100"
      }
    },
    {
      "type": "Feature",
      "geometry": {
        "type": "Point",
        "coordinates": [
          -1.18256438,
          53.60041046
        ]
      },
      "properties": {
        "netid": "48:27:EA:AF:79:78",
        "ssid": "AndroidAP",
        "oui": "48:27:EA",
        "channel": 1,
        "encryption": "wpa2",
        "firsttime": "2025-01-15T17:00:00.000Z",
        "lasttime": "2025-03-19T01:00:00.000Z",
        "city": "Doncaster",
        "region": "England",
        "country": "GB",
        "road": "The Abbe's Walk",
        "postalcode": "DN6 8EF"
      }
    },
    {
      "type": "Feature",
      "geometry": {
        "type": "Point",
        "coordinates": [
          19.09451866,
          47.51345444
        ]
      },
      "properties": {
        "netid": "48:27:EA:AF:91:00",
        "ssid": "AndroidAP_J5_333",
        "oui": "48:27:EA",
        "channel": 1,
        "encryption": "wpa2",
        "firsttime": "2026-03-05T13:00:00.000Z",
        "lasttime": "2026-03-05T07:00:00.000Z",
        "city": null,
        "region": "Budapest",
        "country": "HU",
        "road": "Ajt\u00f3si D\u00fcrer sor",
        "postalcode": "1146"
      }
    },
    {
      "type": "Feature",
      "geometry": {
        "type": "Point",
        "coordinates": [
          26.07260704,
          44.60221863
        ]
      },
      "properties": {
        "netid": "48:27:EA:AF:A0:92",
        "ssid": "Galaxy J5A092",
        "oui": "48:27:EA",
        "channel": 6,
        "encryption": "wpa2",
        "firsttime": "2026-03-31T04:00:00.000Z",
        "lasttime": "2026-03-30T22:00:00.000Z",
        "city": null,
        "region": "Ilfov",
        "country": "RO",
        "road": "Strada Malul Ro\u0219u",
        "postalcode": "77017"
      }
    },
    {
      "type": "Feature",
      "geometry": {
        "type": "Point",
        "coordinates": [
          20.45019722,
          44.81031799
        ]
      },
      "properties": {
        "netid": "48:27:EA:B0:11:4E",
        "ssid": "AndroidAP114E",
        "oui": "48:27:EA",
        "channel": 11,
        "encryption": "wpa2",
        "firsttime": "2022-10-22T13:00:00.000Z",
        "lasttime": "2025-09-14T15:00:00.000Z",
        "city": "\u0411\u0435\u043e\u0433\u0440\u0430\u0434",
        "region": "\u0426\u0435\u043d\u0442\u0440\u0430\u043b\u043d\u0430 \u0421\u0440\u0431\u0438\u0458\u0430",
        "country": "RS",
        "road": "\u0425\u0435\u0440\u0446\u0435\u0433\u043e\u0432\u0430\u0447\u043a\u0430",
        "postalcode": "11000"
      }
    },
    {
      "type": "Feature",
      "geometry": {
        "type": "Point",
        "coordinates": [
          7.62209225,
          47.54824448
        ]
      },
      "properties": {
        "netid": "48:27:EA:B0:85:D8",
        "ssid": "Domashniy",
        "oui": "48:27:EA",
        "channel": 6,
        "encryption": "wpa2",
        "firsttime": "2026-09-02T14:00:00.000Z",
        "lasttime": "2026-09-02T08:00:00.000Z",
        "city": "Basel",
        "region": "Basel-Stadt",
        "country": "CH",
        "road": "Birsstrasse",
        "postalcode": "4052"
      }
    },
    {
      "type": "Feature",
      "geometry": {
        "type": "Point",
        "coordinates": [
          -4.98755264,
          34.05395126
        ]
      },
      "properties": {
        "netid": "48:27:EA:B0:86:D4",
        "ssid": "AndroidAP",
        "oui": "48:27:EA",
        "channel": 6,
        "encryption": "wpa2",
        "firsttime": "2024-11-21T08:00:00.000Z",
        "lasttime": "2024-11-21T08:00:00.000Z",
        "city": null,
        "region": "F\u00e8s-Mekn\u00e8s \u2d3c\u2d30\u2d59-\u2d4e\u2d3d\u2d4f\u2d30\u2d59 \u0641\u0627\u0633-\u0645\u0643\u0646\u0627\u0633",
        "country": "MA",
        "road": null,
        "postalcode": "30100"
      }
    },
    {
      "type": "Feature",
      "geometry": {
        "type": "Point",
        "coordinates": [
          83.03172302,
          54.97700119
        ]
      },
      "properties": {
        "netid": "48:27:EA:B0:D4:8C",
        "ssid": "DEVKALION",
        "oui": "48:27:EA",
        "channel": 11,
        "encryption": "unknown",
        "firsttime": "2025-10-05T10:00:00.000Z",
        "lasttime": "2025-10-05T03:00:00.000Z",
        "city": "\u041d\u043e\u0432\u043e\u0441\u0438\u0431\u0438\u0440\u0441\u043a",
        "region": "\u041d\u043e\u0432\u043e\u0441\u0438\u0431\u0438\u0440\u0441\u043a\u0430\u044f \u043e\u0431\u043b\u0430\u0441\u0442\u044c",
        "country": "RU",
        "road": "\u0411\u043e\u043b\u044c\u0448\u0435\u0432\u0438\u0441\u0442\u0441\u043a\u0430\u044f \u0443\u043b\u0438\u0446\u0430",
        "postalcode": "630000"
      }
    },
    {
      "type": "Feature",
      "geometry": {
        "type": "Point",
        "coordinates": [
          9.43925095,
          51.24166489
        ]
      },
      "properties": {
        "netid": "48:27:EA:B1:5F:BF",
        "ssid": "AndroidAP5FBF",
        "oui": "48:27:EA",
        "channel": 6,
        "encryption": "wpa2",
        "firsttime": "2023-09-19T12:00:00.000Z",
        "lasttime": "2024-09-05T06:00:00.000Z",
        "city": null,
        "region": "Hessen",
        "country": "DE",
        "road": "Wolfsburger Stra\u00dfe",
        "postalcode": "34225"
      }
    },
    {
      "type": "Feature",
      "geometry": {
        "type": "Point",
        "coordinates": [
          44.51197052,
          40.17899704
        ]
      },
      "properties": {
        "netid": "48:27:EA:B1:61:CF",
        "ssid": "Sis Masis",
        "oui": "48:27:EA",
        "channel": 11,
        "encryption": "wpa2",
        "firsttime": "2025-05-20T16:00:00.000Z",
        "lasttime": "2025-05-20T23:00:00.000Z",
        "city": "\u0535\u0580\u0587\u0561\u0576",
        "region": "\u0535\u0580\u0587\u0561\u0576",
        "country": "AM",
        "road": "\u0531\u0574\u056b\u0580\u0575\u0561\u0576 \u0583\u0578\u0572\u0578\u0581",
        "postalcode": "0010"
      }
    },
    {
      "type": "Feature",
      "geometry": {
        "type": "Point",
        "coordinates": [
          8.23118877,
          51.83056259
        ]
      },
      "properties": {
        "netid": "48:27:EA:B1:63:35",
        "ssid": "Huawei mate10",
        "oui": "48:27:EA",
        "channel": 6,
        "encryption": "wpa2",
        "firsttime": "2022-12-05T08:00:00.000Z",
        "lasttime": "2025-12-23T11:00:00.000Z",
        "city": null,
        "region": "Nordrhein-Westfalen",
        "country": "DE",
        "road": "A 2",
        "postalcode": "33378"
      }
    },
    {
      "type": "Feature",
      "geometry": {
        "type": "Point",
        "coordinates": [
          37.6535759,
          55.84470367
        ]
      },
      "properties": {
        "netid": "48:27:EA:B1:64:9D",
        "ssid": "AndroidA",
        "oui": "48:27:EA",
        "channel": 1,
        "encryption": "unknown",
        "firsttime": "2024-12-14T07:00:00.000Z",
        "lasttime": "2024-12-14T01:00:00.000Z",
        "city": "\u041c\u043e\u0441\u043a\u0432\u0430",
        "region": "\u041c\u043e\u0441\u043a\u0432\u0430",
        "country": "RU",
        "road": "\u0421\u0435\u0432\u0435\u0440\u043e-\u0412\u043e\u0441\u0442\u043e\u0447\u043d\u0430\u044f \u0445\u043e\u0440\u0434\u0430",
        "postalcode": "120226"
      }
    },
    {
      "type": "Feature",
      "geometry": {
        "type": "Point",
        "coordinates": [
          -4.63408184,
          55.46244049
        ]
      },
      "properties": {
        "netid": "48:27:EA:B1:74:39",
        "ssid": "AndroidAP7439",
        "oui": "48:27:EA",
        "channel": 1,
        "encryption": "wpa2",
        "firsttime": "2025-02-22T22:00:00.000Z",
        "lasttime": "2025-02-22T14:00:00.000Z",
        "city": null,
        "region": "Alba / Scotland",
        "country": "GB",
        "road": "Sandgate",
        "postalcode": "KA7 1BZ"
      }
    },
    {
      "type": "Feature",
      "geometry": {
        "type": "Point",
        "coordinates": [
          12.59105682,
          55.70681763
        ]
      },
      "properties": {
        "netid": "48:27:EA:B1:A1:F1",
        "ssid": "Pok-Somchai",
        "oui": "48:27:EA",
        "channel": 11,
        "encryption": "wpa2",
        "firsttime": "2023-10-12T12:00:00.000Z",
        "lasttime": "2025-04-07T02:00:00.000Z",
        "city": "K\u00f8benhavn",
        "region": "Region Hovedstaden",
        "country": "DK",
        "road": "Kalkbr\u00e6nderihavnsgade",
        "postalcode": "2150"
      }
    },
    {
      "type": "Feature",
      "geometry": {
        "type": "Point",
        "coordinates": [
          16.0805397,
          51.66273499
        ]
      },
      "properties": {
        "netid": "48:27:EA:B2:1B:37",
        "ssid": "Galaxy J51B37",
        "oui": "48:27:EA",
        "channel": 1,
        "encryption": "wpa2",
        "firsttime": "2026-08-26T14:00:00.000Z",
        "lasttime": "2026-08-26T11:00:00.000Z",
        "city": null,
        "region": "wojew\u00f3dztwo dolno\u015bl\u0105skie",
        "country": "PL",
        "road": "S\u0142owia\u0144ska",
        "postalcode": "67-200"
      }
    },
    {
      "type": "Feature",
      "geometry": {
        "type": "Point",
        "coordinates": [
          6.99586248,
          51.45051193
        ]
      },
      "properties": {
        "netid": "48:27:EA:B2:26:CB",
        "ssid": "LMNTRIX",
        "oui": "48:27:EA",
        "channel": 10,
        "encryption": "wpa2",
        "firsttime": "2026-03-22T07:00:00.000Z",
        "lasttime": "2026-04-12T23:00:00.000Z",
        "city": "Essen",
        "region": "Nordrhein-Westfalen",
        "country": "DE",
        "road": "Schederhofstra\u00dfe",
        "postalcode": "45145"
      }
    },
    {
      "type": "Feature",
      "geometry": {
        "type": "Point",
        "coordinates": [
          121.44711304,
          24.98941994
        ]
      },
      "properties": {
        "netid": "48:27:EA:B2:57:43",
        "ssid": "AAP",
        "oui": "48:27:EA",
        "channel": 11,
        "encryption": "wpa2",
        "firsttime": "2025-10-31T12:00:00.000Z",
        "lasttime": "2026-01-08T02:00:00.000Z",
        "city": "\u65b0\u5317\u5e02",
        "region": "\u65b0\u5317\u5e02",
        "country": "TW",
        "road": "\u4e2d\u83ef\u8def\u4e00\u6bb5",
        "postalcode": "236"
      }
    },
    {
      "type": "Feature",
      "geometry": {
        "type": "Point",
        "coordinates": [
          13.44103336,
          52.68429184
        ]
      },
      "properties": {
        "netid": "48:27:EA:B2:B4:97",
        "ssid": "APJ5",
        "oui": "48:27:EA",
        "channel": 6,
        "encryption": "wpa2",
        "firsttime": "2005-04-13T14:00:00.000Z",
        "lasttime": "2024-12-08T23:00:00.000Z",
        "city": null,
        "region": "Brandenburg",
        "country": "DE",
        "road": "Hauptstra\u00dfe",
        "postalcode": "16348"
      }
    },
    {
      "type": "Feature",
      "geometry": {
        "type": "Point",
        "coordinates": [
          4.80402708,
          45.7127533
        ]
      },
      "properties": {
        "netid": "48:27:EA:B2:D7:A5",
        "ssid": "AndroidAP4441",
        "oui": "48:27:EA",
        "channel": 6,
        "encryption": "wpa2",
        "firsttime": "2023-01-21T19:00:00.000Z",
        "lasttime": "2024-10-04T14:00:00.000Z",
        "city": null,
        "region": "Auvergne-Rh\u00f4ne-Alpes",
        "country": "FR",
        "road": "Rue de la Sarra",
        "postalcode": "69600"
      }
    },
    {
      "type": "Feature",
      "geometry": {
        "type": "Point",
        "coordinates": [
          51.36050415,
          35.78765106
        ]
      },
      "properties": {
        "netid": "48:27:EA:B3:02:48",
        "ssid": "AndroidAP5",
        "oui": "48:27:EA",
        "channel": 1,
        "encryption": "wpa2",
        "firsttime": "2026-05-27T20:00:00.000Z",
        "lasttime": "2026-05-29T10:00:00.000Z",
        "city": "\u0634\u0647\u0631 \u062a\u0647\u0631\u0627\u0646",
        "region": "\u0634\u0647\u0631\u0633\u062a\u0627\u0646 \u0634\u0645\u06cc\u0631\u0627\u0646\u0627\u062a",
        "country": "IR",
        "road": "\u0622\u0647\u0646\u06af\u0631\u0627\u0646\u06cc",
        "postalcode": "1998797959"
      }
    },
    {
      "type": "Feature",
      "geometry": {
        "type": "Point",
        "coordinates": [
          21.55284119,
          41.344944
        ]
      },
      "properties": {
        "netid": "48:27:EA:B3:40:AE",
        "ssid": "1234",
        "oui": "48:27:EA",
        "channel": 1,
        "encryption": "wpa2",
        "firsttime": "2024-04-26T09:00:00.000Z",
        "lasttime": "2024-10-10T13:00:00.000Z",
        "city": "\u041f\u0440\u0438\u043b\u0435\u043f",
        "region": "\u041f\u0435\u043b\u0430\u0433\u043e\u043d\u0438\u0441\u043a\u0438 \u0421\u0420",
        "country": "MK",
        "road": "\u041e\u0440\u0434\u0435 \u0422\u0443\u0442\u0435\u0441\u043a\u0438",
        "postalcode": "7500"
      }
    },
    {
      "type": "Feature",
      "geometry": {
        "type": "Point",
        "coordinates": [
          24.687397,
          59.41106415
        ]
      },
      "properties": {
        "netid": "48:27:EA:B3:44:CC",
        "ssid": "Galaxy J544CC",
        "oui": "48:27:EA",
        "channel": 11,
        "encryption": "wpa2",
        "firsttime": "2024-08-11T10:00:00.000Z",
        "lasttime": "2024-09-26T08:00:00.000Z",
        "city": "Tallinn",
        "region": "Harju maakond",
        "country": "EE",
        "road": "Mustam\u00e4e tee",
        "postalcode": "12913"
      }
    },
    {
      "type": "Feature",
      "geometry": {
        "type": "Point",
        "coordinates": [
          44.47826385,
          48.76784134
        ]
      },
      "properties": {
        "netid": "48:27:EA:B3:5E:EA",
        "ssid": "AndroidAP",
        "oui": "48:27:EA",
        "channel": 11,
        "encryption": "unknown",
        "firsttime": "2025-09-07T14:00:00.000Z",
        "lasttime": "2025-09-08T13:00:00.000Z",
        "city": "\u0412\u043e\u043b\u0433\u043e\u0433\u0440\u0430\u0434",
        "region": "\u0412\u043e\u043b\u0433\u043e\u0433\u0440\u0430\u0434\u0441\u043a\u0430\u044f \u043e\u0431\u043b\u0430\u0441\u0442\u044c",
        "country": "RU",
        "road": "\u041a\u0440\u0430\u0441\u043d\u043e\u043f\u043e\u043b\u044f\u043d\u0441\u043a\u0430\u044f \u0443\u043b\u0438\u0446\u0430",
        "postalcode": "400075"
      }
    },
    {
      "type": "Feature",
      "geometry": {
        "type": "Point",
        "coordinates": [
          13.38566494,
          52.51741791
        ]
      },
      "properties": {
        "netid": "48:27:EA:B3:6A:DE",
        "ssid": "AndroidAP",
        "oui": "48:27:EA",
        "channel": 11,
        "encryption": "wpa2",
        "firsttime": "2026-06-26T08:00:00.000Z",
        "lasttime": "2026-06-26T13:00:00.000Z",
        "city": "Berlin",
        "region": "Mitte",
        "country": "DE",
        "road": "Neust\u00e4dtische Kirchstra\u00dfe",
        "postalcode": "10117"
      }
    },
    {
      "type": "Feature",
      "geometry": {
        "type": "Point",
        "coordinates": [
          49.98646164,
          53.10215759
        ]
      },
      "properties": {
        "netid": "48:27:EA:B3:6E:2E",
        "ssid": "Samsung Galaxy J7",
        "oui": "48:27:EA",
        "channel": 11,
        "encryption": "unknown",
        "firsttime": "2025-05-22T16:00:00.000Z",
        "lasttime": "2025-05-22T10:00:00.000Z",
        "city": "\u041d\u043e\u0432\u043e\u043a\u0443\u0439\u0431\u044b\u0448\u0435\u0432\u0441\u043a",
        "region": "\u0421\u0430\u043c\u0430\u0440\u0441\u043a\u0430\u044f \u043e\u0431\u043b\u0430\u0441\u0442\u044c",
        "country": "RU",
        "road": "\u0416\u0435\u043b\u0435\u0437\u043d\u043e\u0434\u043e\u0440\u043e\u0436\u043d\u0430\u044f \u0443\u043b\u0438\u0446\u0430",
        "postalcode": "446218"
      }
    },
    {
      "type": "Feature",
      "geometry": {
        "type": "Point",
        "coordinates": [
          44.46760559,
          48.69558334
        ]
      },
      "properties": {
        "netid": "48:27:EA:B3:72:68",
        "ssid": "AndroidAP \u0431\u0438.\u043a\u0447\u0440.\u043f. \u0442.",
        "oui": "48:27:EA",
        "channel": 11,
        "encryption": "unknown",
        "firsttime": "2025-06-11T10:00:00.000Z",
        "lasttime": "2025-06-12T06:00:00.000Z",
        "city": "\u0412\u043e\u043b\u0433\u043e\u0433\u0440\u0430\u0434",
        "region": "\u0412\u043e\u043b\u0433\u043e\u0433\u0440\u0430\u0434\u0441\u043a\u0430\u044f \u043e\u0431\u043b\u0430\u0441\u0442\u044c",
        "country": "RU",
        "road": "\u0427\u0435\u0440\u0435\u043f\u043e\u0432\u0435\u0446\u043a\u0430\u044f \u0443\u043b\u0438\u0446\u0430",
        "postalcode": "400054"
      }
    },
    {
      "type": "Feature",
      "geometry": {
        "type": "Point",
        "coordinates": [
          19.08365822,
          47.50215149
        ]
      },
      "properties": {
        "netid": "48:27:EA:B3:79:24",
        "ssid": "Moj telefon ",
        "oui": "48:27:EA",
        "channel": 11,
        "encryption": "wpa2",
        "firsttime": "2024-04-21T12:00:00.000Z",
        "lasttime": "2024-09-27T10:00:00.000Z",
        "city": null,
        "region": "Budapest",
        "country": "HU",
        "road": "Th\u00f6k\u00f6ly \u00fat",
        "postalcode": "1076"
      }
    },
    {
      "type": "Feature",
      "geometry": {
        "type": "Point",
        "coordinates": [
          0.51157254,
          46.79668045
        ]
      },
      "properties": {
        "netid": "48:27:EA:B3:85:30",
        "ssid": "AndroidAP",
        "oui": "48:27:EA",
        "channel": 11,
        "encryption": "wpa2",
        "firsttime": "2024-03-01T09:00:00.000Z",
        "lasttime": "2024-12-10T11:00:00.000Z",
        "city": null,
        "region": "Nouvelle-Aquitaine",
        "country": "FR",
        "road": "L'Aquitaine",
        "postalcode": "86530"
      }
    },
    {
      "type": "Feature",
      "geometry": {
        "type": "Point",
        "coordinates": [
          15.22198582,
          37.25013733
        ]
      },
      "properties": {
        "netid": "48:27:EA:B3:8F:18",
        "ssid": "AndroidAP",
        "oui": "48:27:EA",
        "channel": 1,
        "encryption": "wpa2",
        "firsttime": "2024-09-05T17:00:00.000Z",
        "lasttime": "2024-09-10T05:00:00.000Z",
        "city": "Augusta",
        "region": "Sicilia",
        "country": "IT",
        "road": null,
        "postalcode": "96012"
      }
    },
    {
      "type": "Feature",
      "geometry": {
        "type": "Point",
        "coordinates": [
          -0.105415,
          51.52065659
        ]
      },
      "properties": {
        "netid": "48:27:EA:B4:E2:EE",
        "ssid": "AndroidAP",
        "oui": "48:27:EA",
        "channel": 11,
        "encryption": "wpa2",
        "firsttime": "2026-06-16T19:00:00.000Z",
        "lasttime": "2026-06-16T12:00:00.000Z",
        "city": "London",
        "region": "England",
        "country": "GB",
        "road": "Saffron Hill",
        "postalcode": "EC1N 8QS"
      }
    },
    {
      "type": "Feature",
      "geometry": {
        "type": "Point",
        "coordinates": [
          12.00215912,
          57.73461533
        ]
      },
      "properties": {
        "netid": "48:27:EA:B5:3C:EC",
        "ssid": "Sham",
        "oui": "48:27:EA",
        "channel": 11,
        "encryption": "wpa2",
        "firsttime": "2025-11-03T16:00:00.000Z",
        "lasttime": "2026-05-05T04:00:00.000Z",
        "city": "G\u00f6teborg",
        "region": "V\u00e4stra G\u00f6talands l\u00e4n",
        "country": "SE",
        "road": "E 45",
        "postalcode": "415 02"
      }
    },
    {
      "type": "Feature",
      "geometry": {
        "type": "Point",
        "coordinates": [
          11.71078491,
          45.04143143
        ]
      },
      "properties": {
        "netid": "48:27:EA:B5:A1:3A",
        "ssid": "AndroidAP6122",
        "oui": "48:27:EA",
        "channel": 6,
        "encryption": "wpa2",
        "firsttime": "2025-09-21T13:00:00.000Z",
        "lasttime": "2025-10-15T22:00:00.000Z",
        "city": null,
        "region": "Veneto",
        "country": "IT",
        "road": "Area di Servizio Adige Est",
        "postalcode": "45031"
      }
    },
    {
      "type": "Feature",
      "geometry": {
        "type": "Point",
        "coordinates": [
          -68.13446045,
          -16.51097298
        ]
      },
      "properties": {
        "netid": "48:27:EA:B5:C8:CE",
        "ssid": "Zorro",
        "oui": "48:27:EA",
        "channel": 11,
        "encryption": "wpa2",
        "firsttime": "2025-12-20T17:00:00.000Z",
        "lasttime": "2025-12-20T10:00:00.000Z",
        "city": "La Paz",
        "region": "La Paz",
        "country": "BO",
        "road": "Calle General Lanza",
        "postalcode": "0201"
      }
    },
    {
      "type": "Feature",
      "geometry": {
        "type": "Point",
        "coordinates": [
          11.17613411,
          49.47770691
        ]
      },
      "properties": {
        "netid": "48:27:EA:B6:00:D8",
        "ssid": "AndroidAP",
        "oui": "48:27:EA",
        "channel": 6,
        "encryption": "wpa2",
        "firsttime": "2023-03-17T16:00:00.000Z",
        "lasttime": "2025-07-22T13:00:00.000Z",
        "city": "Behringersdorfer Forst",
        "region": "Bayern",
        "country": "DE",
        "road": "A 3",
        "postalcode": "90571"
      }
    },
    {
      "type": "Feature",
      "geometry": {
        "type": "Point",
        "coordinates": [
          28.84378624,
          47.01689911
        ]
      },
      "properties": {
        "netid": "48:27:EA:B6:09:C8",
        "ssid": "AndroidAP",
        "oui": "48:27:EA",
        "channel": 11,
        "encryption": "wpa2",
        "firsttime": "2025-04-12T16:00:00.000Z",
        "lasttime": "2025-04-18T05:00:00.000Z",
        "city": null,
        "region": "Sectorul Centru",
        "country": "MD",
        "road": "Bulevardul \u0218tefan cel Mare \u0219i Sf\u00e2nt",
        "postalcode": "MD-2001"
      }
    },
    {
      "type": "Feature",
      "geometry": {
        "type": "Point",
        "coordinates": [
          44.50762558,
          40.17234421
        ]
      },
      "properties": {
        "netid": "48:27:EA:B6:0C:3A",
        "ssid": "AndroidAP0C3A",
        "oui": "48:27:EA",
        "channel": 11,
        "encryption": "wpa2",
        "firsttime": "2026-02-27T14:00:00.000Z",
        "lasttime": "2026-03-08T06:00:00.000Z",
        "city": "\u0535\u0580\u0587\u0561\u0576",
        "region": "\u0535\u0580\u0587\u0561\u0576",
        "country": "AM",
        "road": "\u0533\u0580\u056b\u0563\u0578\u0580 \u053c\u0578\u0582\u057d\u0561\u057e\u0578\u0580\u0579\u056b \u0583\u0578\u0572\u0578\u0581",
        "postalcode": "0015"
      }
    },
    {
      "type": "Feature",
      "geometry": {
        "type": "Point",
        "coordinates": [
          121.45195007,
          24.9964962
        ]
      },
      "properties": {
        "netid": "48:27:EA:B6:26:5E",
        "ssid": "AndroidAP265",
        "oui": "48:27:EA",
        "channel": 6,
        "encryption": "wpa2",
        "firsttime": "2026-03-11T08:00:00.000Z",
        "lasttime": "2026-03-11T02:00:00.000Z",
        "city": "\u65b0\u5317\u5e02",
        "region": "\u65b0\u5317\u5e02",
        "country": "TW",
        "road": "\u5357\u96c5\u5357\u8def\u4e8c\u6bb5",
        "postalcode": "220"
      }
    },
    {
      "type": "Feature",
      "geometry": {
        "type": "Point",
        "coordinates": [
          15.02820492,
          37.43596268
        ]
      },
      "properties": {
        "netid": "48:27:EA:B6:6B:4C",
        "ssid": "AndroidAP",
        "oui": "48:27:EA",
        "channel": 11,
        "encryption": "wpa2",
        "firsttime": "2004-05-05T19:00:00.000Z",
        "lasttime": "2024-10-16T06:00:00.000Z",
        "city": "Catania",
        "region": "Sicilia",
        "country": "IT",
        "road": "Tangenziale Ovest di Catania",
        "postalcode": "95121"
      }
    },
    {
      "type": "Feature",
      "geometry": {
        "type": "Point",
        "coordinates": [
          4.83988285,
          46.97066116
        ]
      },
      "properties": {
        "netid": "48:27:EA:B7:5F:CE",
        "ssid": "AndroidAP5FCE",
        "oui": "48:27:EA",
        "channel": 1,
        "encryption": "wpa2",
        "firsttime": "2025-05-30T17:00:00.000Z",
        "lasttime": "2025-05-31T08:00:00.000Z",
        "city": "Merceuil",
        "region": "Bourgogne-Franche-Comt\u00e9",
        "country": "FR",
        "road": "Autoroute du Soleil",
        "postalcode": "21200"
      }
    },
    {
      "type": "Feature",
      "geometry": {
        "type": "Point",
        "coordinates": [
          50.51585007,
          36.05217361
        ]
      },
      "properties": {
        "netid": "48:27:EA:B7:6E:A2",
        "ssid": "Vahid",
        "oui": "48:27:EA",
        "channel": 1,
        "encryption": "wpa2",
        "firsttime": "2026-08-17T16:00:00.000Z",
        "lasttime": "2026-08-24T08:00:00.000Z",
        "city": null,
        "region": "\u0627\u0633\u062a\u0627\u0646 \u0642\u0632\u0648\u06cc\u0646",
        "country": "IR",
        "road": "\u0622\u0632\u0627\u062f\u0631\u0627\u0647 \u06a9\u0631\u062c - \u0642\u0632\u0648\u06cc\u0646",
        "postalcode": null
      }
    },
    {
      "type": "Feature",
      "geometry": {
        "type": "Point",
        "coordinates": [
          103.29555511,
          16.17498779
        ]
      },
      "properties": {
        "netid": "48:27:EA:B7:75:E6",
        "ssid": "??? ???????",
        "oui": "48:27:EA",
        "channel": 1,
        "encryption": "wpa2",
        "firsttime": "2025-02-22T12:00:00.000Z",
        "lasttime": "2025-02-28T08:00:00.000Z",
        "city": null,
        "region": "\u0e08\u0e31\u0e07\u0e2b\u0e27\u0e31\u0e14\u0e21\u0e2b\u0e32\u0e2a\u0e32\u0e23\u0e04\u0e32\u0e21",
        "country": "TH",
        "road": "\u0e16\u0e19\u0e19\u0e1c\u0e14\u0e38\u0e07\u0e27\u0e34\u0e16\u0e35",
        "postalcode": "44000"
      }
    },
    {
      "type": "Feature",
      "geometry": {
        "type": "Point",
        "coordinates": [
          -0.13452841,
          5.7039485
        ]
      },
      "properties": {
        "netid": "48:27:EA:B7:C1:70",
        "ssid": "Mallams phone",
        "oui": "48:27:EA",
        "channel": 1,
        "encryption": "wpa2",
        "firsttime": "2025-03-29T19:00:00.000Z",
        "lasttime": "2025-03-29T14:00:00.000Z",
        "city": null,
        "region": "Greater Accra Region",
        "country": "GH",
        "road": null,
        "postalcode": "PMB 107 MD"
      }
    },
    {
      "type": "Feature",
      "geometry": {
        "type": "Point",
        "coordinates": [
          26.0759716,
          44.40795898
        ]
      },
      "properties": {
        "netid": "48:27:EA:B8:1B:6E",
        "ssid": "AndroidAP",
        "oui": "48:27:EA",
        "channel": 1,
        "encryption": "wpa2",
        "firsttime": "2021-10-05T15:00:00.000Z",
        "lasttime": "2025-01-12T00:00:00.000Z",
        "city": "Municipiul Bucure\u0219ti",
        "region": "Sector 5",
        "country": "RO",
        "road": "Strada Teli\u021ba",
        "postalcode": "051883"
      }
    },
    {
      "type": "Feature",
      "geometry": {
        "type": "Point",
        "coordinates": [
          98.34147644,
          8.1420002
        ]
      },
      "properties": {
        "netid": "48:27:EA:B8:CE:78",
        "ssid": "Pratoom18",
        "oui": "48:27:EA",
        "channel": 11,
        "encryption": "wpa2",
        "firsttime": "2025-09-02T04:00:00.000Z",
        "lasttime": "2025-09-20T08:00:00.000Z",
        "city": null,
        "region": "\u0e08\u0e31\u0e07\u0e2b\u0e27\u0e31\u0e14\u0e20\u0e39\u0e40\u0e01\u0e47\u0e15",
        "country": "TH",
        "road": "\u0e16\u0e19\u0e19\u0e40\u0e17\u0e1e\u0e01\u0e23\u0e30\u0e29\u0e31\u0e15\u0e23\u0e35",
        "postalcode": null
      }
    },
    {
      "type": "Feature",
      "geometry": {
        "type": "Point",
        "coordinates": [
          100.56977844,
          13.712327
        ]
      },
      "properties": {
        "netid": "48:27:EA:B8:D3:D2",
        "ssid": "AndroidAP",
        "oui": "48:27:EA",
        "channel": 6,
        "encryption": "wpa2",
        "firsttime": "2025-03-20T11:00:00.000Z",
        "lasttime": "2025-03-20T05:00:00.000Z",
        "city": "\u0e01\u0e23\u0e38\u0e07\u0e40\u0e17\u0e1e\u0e21\u0e2b\u0e32\u0e19\u0e04\u0e23",
        "region": "\u0e01\u0e23\u0e38\u0e07\u0e40\u0e17\u0e1e\u0e21\u0e2b\u0e32\u0e19\u0e04\u0e23",
        "country": "TH",
        "road": "\u0e17\u0e32\u0e07\u0e1e\u0e34\u0e40\u0e28\u0e29\u0e40\u0e09\u0e25\u0e34\u0e21\u0e21\u0e2b\u0e32\u0e19\u0e04\u0e23",
        "postalcode": "10110"
      }
    },
    {
      "type": "Feature",
      "geometry": {
        "type": "Point",
        "coordinates": [
          103.50402832,
          14.87911701
        ]
      },
      "properties": {
        "netid": "48:27:EA:B8:E1:B0",
        "ssid": "AndroidAP",
        "oui": "48:27:EA",
        "channel": 11,
        "encryption": "wpa2",
        "firsttime": "2025-03-28T04:00:00.000Z",
        "lasttime": "2025-04-25T00:00:00.000Z",
        "city": null,
        "region": "\u0e08\u0e31\u0e07\u0e2b\u0e27\u0e31\u0e14\u0e2a\u0e38\u0e23\u0e34\u0e19\u0e17\u0e23\u0e4c",
        "country": "TH",
        "road": null,
        "postalcode": "32000"
      }
    },
    {
      "type": "Feature",
      "geometry": {
        "type": "Point",
        "coordinates": [
          86.08139801,
          55.31430817
        ]
      },
      "properties": {
        "netid": "48:27:EA:B9:06:52",
        "ssid": "AndroidAP0652",
        "oui": "48:27:EA",
        "channel": 11,
        "encryption": "unknown",
        "firsttime": "2026-07-26T12:00:00.000Z",
        "lasttime": "2026-07-26T08:00:00.000Z",
        "city": "\u041a\u0435\u043c\u0435\u0440\u043e\u0432\u043e",
        "region": "\u041a\u0435\u043c\u0435\u0440\u043e\u0432\u0441\u043a\u0430\u044f \u043e\u0431\u043b\u0430\u0441\u0442\u044c",
        "country": "RU",
        "road": "\u0443\u043b\u0438\u0446\u0430 \u0412\u0435\u0440\u044b \u0412\u043e\u043b\u043e\u0448\u0438\u043d\u043e\u0439",
        "postalcode": "650024"
      }
    },
    {
      "type": "Feature",
      "geometry": {
        "type": "Point",
        "coordinates": [
          36.19425964,
          51.74378967
        ]
      },
      "properties": {
        "netid": "48:27:EA:B9:15:32",
        "ssid": "AndroidAP1532",
        "oui": "48:27:EA",
        "channel": 11,
        "encryption": "unknown",
        "firsttime": "2025-05-24T05:00:00.000Z",
        "lasttime": "2025-05-25T12:00:00.000Z",
        "city": "\u041a\u0443\u0440\u0441\u043a",
        "region": "\u041a\u0443\u0440\u0441\u043a\u0430\u044f \u043e\u0431\u043b\u0430\u0441\u0442\u044c",
        "country": "RU",
        "road": "\u0443\u043b\u0438\u0446\u0430 \u041b\u0435\u043d\u0438\u043d\u0430",
        "postalcode": "305004"
      }
    },
    {
      "type": "Feature",
      "geometry": {
        "type": "Point",
        "coordinates": [
          24.11676979,
          56.94235229
        ]
      },
      "properties": {
        "netid": "48:27:EA:B9:41:D4",
        "ssid": "Galaxy J541D4",
        "oui": "48:27:EA",
        "channel": 11,
        "encryption": "wpa2",
        "firsttime": "2024-09-11T22:00:00.000Z",
        "lasttime": "2025-05-18T07:00:00.000Z",
        "city": "R\u012bga",
        "region": "Vidzeme",
        "country": "LV",
        "road": "Gogo\u013ca iela",
        "postalcode": "LV-1050"
      }
    },
    {
      "type": "Feature",
      "geometry": {
        "type": "Point",
        "coordinates": [
          14.82205105,
          59.25619888
        ]
      },
      "properties": {
        "netid": "48:27:EA:B9:58:7C",
        "ssid": "AndroidAP",
        "oui": "48:27:EA",
        "channel": 11,
        "encryption": "wpa2",
        "firsttime": "2001-01-01T00:00:00.000Z",
        "lasttime": "2024-09-05T09:00:00.000Z",
        "city": null,
        "region": "\u00d6rebro l\u00e4n",
        "country": "SE",
        "road": "E 18",
        "postalcode": "719 93"
      }
    },
    {
      "type": "Feature",
      "geometry": {
        "type": "Point",
        "coordinates": [
          4.33321905,
          50.83528519
        ]
      },
      "properties": {
        "netid": "48:27:EA:B9:5A:6C",
        "ssid": "Android",
        "oui": "48:27:EA",
        "channel": 6,
        "encryption": "wpa2",
        "firsttime": "2024-08-21T10:00:00.000Z",
        "lasttime": "2025-10-26T22:00:00.000Z",
        "city": null,
        "region": "R\u00e9gion de Bruxelles-Capitale - Brussels Hoofdstedelijk Gewest",
        "country": "BE",
        "road": "Rue de France - Frankrijkstraat",
        "postalcode": "1060"
      }
    },
    {
      "type": "Feature",
      "geometry": {
        "type": "Point",
        "coordinates": [
          46.12575531,
          51.50119781
        ]
      },
      "properties": {
        "netid": "48:27:EA:B9:B1:28",
        "ssid": "AndroidAP",
        "oui": "48:27:EA",
        "channel": 1,
        "encryption": "unknown",
        "firsttime": "2026-06-27T11:00:00.000Z",
        "lasttime": "2026-06-27T06:00:00.000Z",
        "city": "\u042d\u043d\u0433\u0435\u043b\u044c\u0441",
        "region": "\u0421\u0430\u0440\u0430\u0442\u043e\u0432\u0441\u043a\u0430\u044f \u043e\u0431\u043b\u0430\u0441\u0442\u044c",
        "country": "RU",
        "road": "\u043f\u043b\u043e\u0449\u0430\u0434\u044c \u0421\u0432\u043e\u0431\u043e\u0434\u044b",
        "postalcode": "413100"
      }
    },
    {
      "type": "Feature",
      "geometry": {
        "type": "Point",
        "coordinates": [
          8.61085892,
          49.9406662
        ]
      },
      "properties": {
        "netid": "48:27:EA:B9:CA:F6",
        "ssid": "AndroidAPCAF6",
        "oui": "48:27:EA",
        "channel": 6,
        "encryption": "wpa2",
        "firsttime": "2025-02-01T15:00:00.000Z",
        "lasttime": "2025-06-18T12:00:00.000Z",
        "city": null,
        "region": "Hessen",
        "country": "DE",
        "road": "A 5",
        "postalcode": "64331"
      }
    },
    {
      "type": "Feature",
      "geometry": {
        "type": "Point",
        "coordinates": [
          54.39191437,
          24.45651436
        ]
      },
      "properties": {
        "netid": "48:27:EA:BA:02:60",
        "ssid": "Kukku",
        "oui": "48:27:EA",
        "channel": 6,
        "encryption": "wpa2",
        "firsttime": "2025-02-12T08:00:00.000Z",
        "lasttime": "2025-02-14T11:00:00.000Z",
        "city": "\u0622\u0644 \u0646\u064e\u0647\u064a\u0627\u0646",
        "region": "\u0623\u0628\u0648 \u0638\u0628\u064a",
        "country": "AE",
        "road": "\u0634\u0627\u0631\u0639 \u0633\u0644\u0637\u0627\u0646 \u0628\u0646 \u0632\u0627\u064a\u062f \u0627\u0644\u0623\u0648\u0644",
        "postalcode": "52799"
      }
    },
    {
      "type": "Feature",
      "geometry": {
        "type": "Point",
        "coordinates": [
          5.51806116,
          51.72505569
        ]
      },
      "properties": {
        "netid": "48:27:EA:BA:0B:DE",
        "ssid": "AndroidAP",
        "oui": "48:27:EA",
        "channel": 1,
        "encryption": "wpa2",
        "firsttime": "2001-01-29T14:00:00.000Z",
        "lasttime": "2026-03-07T04:00:00.000Z",
        "city": null,
        "region": "Noord-Brabant",
        "country": "NL",
        "road": "Meerweg",
        "postalcode": "5384SJ"
      }
    },
    {
      "type": "Feature",
      "geometry": {
        "type": "Point",
        "coordinates": [
          51.83588791,
          35.74976349
        ]
      },
      "properties": {
        "netid": "48:27:EA:BA:73:7A",
        "ssid": "AndroidAP737A",
        "oui": "48:27:EA",
        "channel": 1,
        "encryption": "wpa2",
        "firsttime": "2026-04-13T16:00:00.000Z",
        "lasttime": "2026-05-04T02:00:00.000Z",
        "city": null,
        "region": "\u0634\u0647\u0631\u0633\u062a\u0627\u0646 \u067e\u0631\u062f\u06cc\u0633",
        "country": "IR",
        "road": "\u0628\u0644\u0648\u0627\u0631 \u0634\u0647\u06cc\u062f \u0686\u0645\u0631\u0627\u0646",
        "postalcode": "75918"
      }
    },
    {
      "type": "Feature",
      "geometry": {
        "type": "Point",
        "coordinates": [
          -58.51868057,
          -34.5986824
        ]
      },
      "properties": {
        "netid": "48:27:EA:BA:A2:52",
        "ssid": "Alan",
        "oui": "48:27:EA",
        "channel": 11,
        "encryption": "wpa2",
        "firsttime": "2026-04-18T20:00:00.000Z",
        "lasttime": "2026-05-01T04:00:00.000Z",
        "city": "Buenos Aires",
        "region": "Ciudad Aut\u00f3noma de Buenos Aires",
        "country": "AR",
        "road": "Avenida Lincoln",
        "postalcode": "C1419GGI"
      }
    },
    {
      "type": "Feature",
      "geometry": {
        "type": "Point",
        "coordinates": [
          -1.20376074,
          51.94947433
        ]
      },
      "properties": {
        "netid": "48:27:EA:BA:ED:7E",
        "ssid": "AndroidAP",
        "oui": "48:27:EA",
        "channel": 6,
        "encryption": "wpa2",
        "firsttime": "2025-05-22T17:00:00.000Z",
        "lasttime": "2025-08-09T14:00:00.000Z",
        "city": "Cherwell",
        "region": "England",
        "country": "GB",
        "road": "A43",
        "postalcode": "OX27 7RD"
      }
    },
    {
      "type": "Feature",
      "geometry": {
        "type": "Point",
        "coordinates": [
          37.7419281,
          55.7346077
        ]
      },
      "properties": {
        "netid": "48:27:EA:BB:1C:F5",
        "ssid": "AndroidAP",
        "oui": "48:27:EA",
        "channel": 1,
        "encryption": "unknown",
        "firsttime": "2022-08-27T17:00:00.000Z",
        "lasttime": "2024-10-14T06:00:00.000Z",
        "city": "\u041c\u043e\u0441\u043a\u0432\u0430",
        "region": "\u041c\u043e\u0441\u043a\u0432\u0430",
        "country": "RU",
        "road": "\u041f\u0435\u0440\u043e\u0432\u0441\u043a\u043e\u0435 \u0448\u043e\u0441\u0441\u0435",
        "postalcode": "109202"
      }
    },
    {
      "type": "Feature",
      "geometry": {
        "type": "Point",
        "coordinates": [
          30.4621048,
          59.90972137
        ]
      },
      "properties": {
        "netid": "48:27:EA:BB:24:47",
        "ssid": "AndroidAP",
        "oui": "48:27:EA",
        "channel": 1,
        "encryption": "unknown",
        "firsttime": "2024-11-10T09:00:00.000Z",
        "lasttime": "2024-11-11T11:00:00.000Z",
        "city": "\u0421\u0430\u043d\u043a\u0442-\u041f\u0435\u0442\u0435\u0440\u0431\u0443\u0440\u0433",
        "region": "\u0421\u0430\u043d\u043a\u0442-\u041f\u0435\u0442\u0435\u0440\u0431\u0443\u0440\u0433",
        "country": "RU",
        "road": "\u0443\u043b\u0438\u0446\u0430 \u041f\u043e\u0434\u0432\u043e\u0439\u0441\u043a\u043e\u0433\u043e",
        "postalcode": "193313"
      }
    },
    {
      "type": "Feature",
      "geometry": {
        "type": "Point",
        "coordinates": [
          37.73237991,
          55.81204224
        ]
      },
      "properties": {
        "netid": "48:27:EA:BB:24:79",
        "ssid": ":))",
        "oui": "48:27:EA",
        "channel": 6,
        "encryption": "unknown",
        "firsttime": "2026-06-29T09:00:00.000Z",
        "lasttime": "2026-06-29T09:00:00.000Z",
        "city": "\u041c\u043e\u0441\u043a\u0432\u0430",
        "region": "\u041c\u043e\u0441\u043a\u0432\u0430",
        "country": "RU",
        "road": "\u041e\u0442\u043a\u0440\u044b\u0442\u043e\u0435 \u0448\u043e\u0441\u0441\u0435",
        "postalcode": "107370"
      }
    },
    {
      "type": "Feature",
      "geometry": {
        "type": "Point",
        "coordinates": [
          6.20197105,
          52.64815521
        ]
      },
      "properties": {
        "netid": "48:27:EA:BB:29:2B",
        "ssid": "BTmN-U01KNzMwRk0",
        "oui": "48:27:EA",
        "channel": 6,
        "encryption": "wpa2",
        "firsttime": "2026-03-27T09:00:00.000Z",
        "lasttime": "2026-03-27T04:00:00.000Z",
        "city": null,
        "region": "Overijssel",
        "country": "NL",
        "road": "Burgemeester van de Walstraat",
        "postalcode": "7951AK"
      }
    },
    {
      "type": "Feature",
      "geometry": {
        "type": "Point",
        "coordinates": [
          20.98668289,
          52.22735977
        ]
      },
      "properties": {
        "netid": "48:27:EA:BB:71:2B",
        "ssid": "Galaxy J5712B",
        "oui": "48:27:EA",
        "channel": 6,
        "encryption": "wpa2",
        "firsttime": "2025-06-23T16:00:00.000Z",
        "lasttime": "2025-06-23T10:00:00.000Z",
        "city": "Warszawa",
        "region": "wojew\u00f3dztwo mazowieckie",
        "country": "PL",
        "road": "Towarowa",
        "postalcode": "00-965"
      }
    },
    {
      "type": "Feature",
      "geometry": {
        "type": "Point",
        "coordinates": [
          3.10608864,
          51.18675995
        ]
      },
      "properties": {
        "netid": "48:27:EA:BB:73:B5",
        "ssid": "AndroidAP",
        "oui": "48:27:EA",
        "channel": 1,
        "encryption": "wpa2",
        "firsttime": "2025-09-28T09:00:00.000Z",
        "lasttime": "2025-11-09T00:00:00.000Z",
        "city": null,
        "region": "West-Vlaanderen",
        "country": "BE",
        "road": "E40",
        "postalcode": "8490"
      }
    },
    {
      "type": "Feature",
      "geometry": {
        "type": "Point",
        "coordinates": [
          3.72250199,
          51.05363846
        ]
      },
      "properties": {
        "netid": "48:27:EA:BB:89:25",
        "ssid": "Galaxy J58925",
        "oui": "48:27:EA",
        "channel": 11,
        "encryption": "wpa2",
        "firsttime": "2025-01-30T15:00:00.000Z",
        "lasttime": "2025-01-30T07:00:00.000Z",
        "city": null,
        "region": "Oost-Vlaanderen",
        "country": "BE",
        "road": "Cataloni\u00ebstraat",
        "postalcode": "9000"
      }
    },
    {
      "type": "Feature",
      "geometry": {
        "type": "Point",
        "coordinates": [
          19.94350815,
          50.04780579
        ]
      },
      "properties": {
        "netid": "48:27:EA:BB:8A:C5",
        "ssid": "Galaxy J58AC5",
        "oui": "48:27:EA",
        "channel": 6,
        "encryption": "wpa2",
        "firsttime": "2025-05-09T16:00:00.000Z",
        "lasttime": "2025-11-27T05:00:00.000Z",
        "city": null,
        "region": "wojew\u00f3dztwo ma\u0142opolskie",
        "country": "PL",
        "road": "Skawi\u0144ska",
        "postalcode": "31-066"
      }
    },
    {
      "type": "Feature",
      "geometry": {
        "type": "Point",
        "coordinates": [
          2.29824543,
          48.64439392
        ]
      },
      "properties": {
        "netid": "48:27:EA:BB:8F:57",
        "ssid": "Galaxy J58F57",
        "oui": "48:27:EA",
        "channel": 6,
        "encryption": "wpa2",
        "firsttime": "2025-02-12T13:00:00.000Z",
        "lasttime": "2025-02-12T06:00:00.000Z",
        "city": null,
        "region": "\u00cele-de-France",
        "country": "FR",
        "road": "Route de Longpont",
        "postalcode": "91310"
      }
    },
    {
      "type": "Feature",
      "geometry": {
        "type": "Point",
        "coordinates": [
          11.99147892,
          51.45711899
        ]
      },
      "properties": {
        "netid": "48:27:EA:BB:B4:93",
        "ssid": "\u0160ILE AUTO",
        "oui": "48:27:EA",
        "channel": 1,
        "encryption": "wpa2",
        "firsttime": "2020-11-05T06:00:00.000Z",
        "lasttime": "2024-11-21T10:00:00.000Z",
        "city": "Halle",
        "region": "Sachsen-Anhalt",
        "country": "DE",
        "road": "Dieselstra\u00dfe",
        "postalcode": "06130"
      }
    },
    {
      "type": "Feature",
      "geometry": {
        "type": "Point",
        "coordinates": [
          100.50184631,
          13.7664957
        ]
      },
      "properties": {
        "netid": "48:27:EA:BC:68:23",
        "ssid": "AndroidAP6823",
        "oui": "48:27:EA",
        "channel": 11,
        "encryption": "wpa2",
        "firsttime": "2024-11-22T12:00:00.000Z",
        "lasttime": "2024-11-22T12:00:00.000Z",
        "city": "\u0e01\u0e23\u0e38\u0e07\u0e40\u0e17\u0e1e\u0e21\u0e2b\u0e32\u0e19\u0e04\u0e23",
        "region": "\u0e01\u0e23\u0e38\u0e07\u0e40\u0e17\u0e1e\u0e21\u0e2b\u0e32\u0e19\u0e04\u0e23",
        "country": "TH",
        "road": "\u0e16\u0e19\u0e19\u0e27\u0e34\u0e2a\u0e38\u0e17\u0e18\u0e34\u0e01\u0e29\u0e31\u0e15\u0e23\u0e34\u0e22\u0e4c",
        "postalcode": "10200"
      }
    },
    {
      "type": "Feature",
      "geometry": {
        "type": "Point",
        "coordinates": [
          -1.58314359,
          54.9117012
        ]
      },
      "properties": {
        "netid": "48:27:EA:BC:AC:95",
        "ssid": "AndroidAP9415",
        "oui": "48:27:EA",
        "channel": 9,
        "encryption": "wpa2",
        "firsttime": "2021-12-12T15:00:00.000Z",
        "lasttime": "2024-10-10T09:00:00.000Z",
        "city": "Gateshead",
        "region": "England",
        "country": "GB",
        "road": "Harlow Green",
        "postalcode": "NE9 7UB"
      }
    },
    {
      "type": "Feature",
      "geometry": {
        "type": "Point",
        "coordinates": [
          1.07547963,
          51.28938293
        ]
      },
      "properties": {
        "netid": "48:27:EA:BC:F1:A7",
        "ssid": "AndroidAP",
        "oui": "48:27:EA",
        "channel": 1,
        "encryption": "wpa2",
        "firsttime": "2025-10-04T21:00:00.000Z",
        "lasttime": "2025-11-17T11:00:00.000Z",
        "city": "Canterbury",
        "region": "England",
        "country": "GB",
        "road": "Beaconsfield Road",
        "postalcode": "CT2 7LQ"
      }
    },
    {
      "type": "Feature",
      "geometry": {
        "type": "Point",
        "coordinates": [
          9.66698742,
          55.63236237
        ]
      },
      "properties": {
        "netid": "48:27:EA:BC:F7:FF",
        "ssid": "AndroidAP",
        "oui": "48:27:EA",
        "channel": 6,
        "encryption": "wpa2",
        "firsttime": "2021-09-14T11:00:00.000Z",
        "lasttime": "2025-10-16T02:00:00.000Z",
        "city": null,
        "region": "Region Syddanmark",
        "country": "DK",
        "road": "M\u00f8lleengen",
        "postalcode": "7080"
      }
    },
    {
      "type": "Feature",
      "geometry": {
        "type": "Point",
        "coordinates": [
          -16.71920013,
          13.44299603
        ]
      },
      "properties": {
        "netid": "48:27:EA:BD:19:3F",
        "ssid": "Ghana man world ",
        "oui": "48:27:EA",
        "channel": 6,
        "encryption": "wpa2",
        "firsttime": "2025-01-10T15:00:00.000Z",
        "lasttime": "2025-01-10T21:00:00.000Z",
        "city": "Serrekunda",
        "region": "West Coast",
        "country": "GM",
        "road": "Bertil Harding Highway",
        "postalcode": "1122"
      }
    },
    {
      "type": "Feature",
      "geometry": {
        "type": "Point",
        "coordinates": [
          50.58223343,
          26.22800827
        ]
      },
      "properties": {
        "netid": "48:27:EA:BD:9B:E7",
        "ssid": "Joseph",
        "oui": "48:27:EA",
        "channel": 1,
        "encryption": "wpa2",
        "firsttime": "2024-11-04T15:00:00.000Z",
        "lasttime": "2024-11-06T11:00:00.000Z",
        "city": "\u0627\u0644\u0645\u0646\u0627\u0645\u0629",
        "region": "\u0645\u062d\u0627\u0641\u0638\u0629 \u0627\u0644\u0639\u0627\u0635\u0645\u0629",
        "country": "BH",
        "road": "\u0634\u0627\u0631\u0639 \u0627\u0644\u0634\u064a\u062e \u0639\u064a\u0633\u0649",
        "postalcode": "309"
      }
    },
    {
      "type": "Feature",
      "geometry": {
        "type": "Point",
        "coordinates": [
          99.78443146,
          13.5565834
        ]
      },
      "properties": {
        "netid": "48:27:EA:BD:A8:A3",
        "ssid": "AndroidAP",
        "oui": "48:27:EA",
        "channel": 6,
        "encryption": "wpa2",
        "firsttime": "2024-09-19T09:00:00.000Z",
        "lasttime": "2024-09-19T05:00:00.000Z",
        "city": null,
        "region": "\u0e08\u0e31\u0e07\u0e2b\u0e27\u0e31\u0e14\u0e23\u0e32\u0e0a\u0e1a\u0e38\u0e23\u0e35",
        "country": "TH",
        "road": "3291",
        "postalcode": "70000"
      }
    },
    {
      "type": "Feature",
      "geometry": {
        "type": "Point",
        "coordinates": [
          99.85864258,
          12.6238184
        ]
      },
      "properties": {
        "netid": "48:27:EA:BD:AC:21",
        "ssid": "saopran",
        "oui": "48:27:EA",
        "channel": 1,
        "encryption": "wpa2",
        "firsttime": "2025-07-13T02:00:00.000Z",
        "lasttime": "2025-07-13T07:00:00.000Z",
        "city": null,
        "region": "\u0e08\u0e31\u0e07\u0e2b\u0e27\u0e31\u0e14\u0e40\u0e1e\u0e0a\u0e23\u0e1a\u0e38\u0e23\u0e35",
        "country": "TH",
        "road": "\u0e16\u0e19\u0e19\u0e40\u0e25\u0e35\u0e48\u0e22\u0e07\u0e40\u0e21\u0e37\u0e2d\u0e07",
        "postalcode": "76120"
      }
    },
    {
      "type": "Feature",
      "geometry": {
        "type": "Point",
        "coordinates": [
          99.87591553,
          12.54090977
        ]
      },
      "properties": {
        "netid": "48:27:EA:BD:C4:B9",
        "ssid": "AndroidAP",
        "oui": "48:27:EA",
        "channel": 1,
        "encryption": "wpa2",
        "firsttime": "2025-07-19T05:00:00.000Z",
        "lasttime": "2025-07-19T07:00:00.000Z",
        "city": null,
        "region": "\u0e08\u0e31\u0e07\u0e2b\u0e27\u0e31\u0e14\u0e1b\u0e23\u0e30\u0e08\u0e27\u0e1a\u0e04\u0e35\u0e23\u0e35\u0e02\u0e31\u0e19\u0e18\u0e4c",
        "country": "TH",
        "road": "\u0e16\u0e19\u0e19\u0e40\u0e25\u0e35\u0e48\u0e22\u0e07\u0e40\u0e21\u0e37\u0e2d\u0e07",
        "postalcode": null
      }
    },
    {
      "type": "Feature",
      "geometry": {
        "type": "Point",
        "coordinates": [
          -0.62146938,
          44.81259537
        ]
      },
      "properties": {
        "netid": "48:27:EA:BE:0B:33",
        "ssid": "AndroidAP0B33",
        "oui": "48:27:EA",
        "channel": 3,
        "encryption": "wpa2",
        "firsttime": "2025-06-17T11:00:00.000Z",
        "lasttime": "2025-07-02T16:00:00.000Z",
        "city": null,
        "region": "Nouvelle-Aquitaine",
        "country": "FR",
        "road": "Avenue du Vallon",
        "postalcode": "33700"
      }
    },
    {
      "type": "Feature",
      "geometry": {
        "type": "Point",
        "coordinates": [
          7.00762892,
          50.97008133
        ]
      },
      "properties": {
        "netid": "48:27:EA:BE:25:BF",
        "ssid": "AndroidAP25BF",
        "oui": "48:27:EA",
        "channel": 1,
        "encryption": "wpa2",
        "firsttime": "2025-06-18T15:00:00.000Z",
        "lasttime": "2025-06-18T15:00:00.000Z",
        "city": "K\u00f6ln",
        "region": "Nordrhein-Westfalen",
        "country": "DE",
        "road": "Berliner Stra\u00dfe",
        "postalcode": "51063"
      }
    },
    {
      "type": "Feature",
      "geometry": {
        "type": "Point",
        "coordinates": [
          1.35248864,
          43.66477966
        ]
      },
      "properties": {
        "netid": "48:27:EA:BE:35:27",
        "ssid": "AndroidAP3527",
        "oui": "48:27:EA",
        "channel": 1,
        "encryption": "wpa2",
        "firsttime": "2025-03-20T13:00:00.000Z",
        "lasttime": "2025-11-06T08:00:00.000Z",
        "city": null,
        "region": "Occitanie",
        "country": "FR",
        "road": "Parvis",
        "postalcode": "31700"
      }
    },
    {
      "type": "Feature",
      "geometry": {
        "type": "Point",
        "coordinates": [
          11.51144218,
          48.15529633
        ]
      },
      "properties": {
        "netid": "48:27:EA:BE:40:9B",
        "ssid": "AndroidAP",
        "oui": "48:27:EA",
        "channel": 1,
        "encryption": "wpa2",
        "firsttime": "2026-05-13T10:00:00.000Z",
        "lasttime": "2026-05-13T04:00:00.000Z",
        "city": "M\u00fcnchen",
        "region": "Bayern",
        "country": "DE",
        "road": "Romanplatz",
        "postalcode": "80639"
      }
    },
    {
      "type": "Feature",
      "geometry": {
        "type": "Point",
        "coordinates": [
          7.44935513,
          51.49448013
        ]
      },
      "properties": {
        "netid": "48:27:EA:BE:46:09",
        "ssid": "Peace_ Love and WiFi",
        "oui": "48:27:EA",
        "channel": 6,
        "encryption": "wpa2",
        "firsttime": "2025-04-10T15:00:00.000Z",
        "lasttime": "2025-04-10T13:00:00.000Z",
        "city": "Dortmund",
        "region": "Nordrhein-Westfalen",
        "country": "DE",
        "road": "Strobelallee",
        "postalcode": "44139"
      }
    },
    {
      "type": "Feature",
      "geometry": {
        "type": "Point",
        "coordinates": [
          44.51052475,
          40.18170547
        ]
      },
      "properties": {
        "netid": "48:27:EA:BE:9F:BB",
        "ssid": "AndroidAP",
        "oui": "48:27:EA",
        "channel": 6,
        "encryption": "wpa2",
        "firsttime": "2025-02-09T10:00:00.000Z",
        "lasttime": "2025-02-09T08:00:00.000Z",
        "city": "\u0535\u0580\u0587\u0561\u0576",
        "region": "\u0535\u0580\u0587\u0561\u0576",
        "country": "AM",
        "road": "\u0531\u0580\u0561\u0574\u056b \u0583\u0578\u0572\u0578\u0581",
        "postalcode": "0002"
      }
    },
    {
      "type": "Feature",
      "geometry": {
        "type": "Point",
        "coordinates": [
          6.77691507,
          50.92912674
        ]
      },
      "properties": {
        "netid": "48:27:EA:BE:C9:E3",
        "ssid": "77445769",
        "oui": "48:27:EA",
        "channel": 11,
        "encryption": "wpa2",
        "firsttime": "2025-10-07T15:00:00.000Z",
        "lasttime": "2026-05-18T11:00:00.000Z",
        "city": null,
        "region": "Nordrhein-Westfalen",
        "country": "DE",
        "road": "A 4",
        "postalcode": "50226"
      }
    },
    {
      "type": "Feature",
      "geometry": {
        "type": "Point",
        "coordinates": [
          24.55954361,
          46.53955078
        ]
      },
      "properties": {
        "netid": "48:27:EA:BE:CB:71",
        "ssid": "Galaxy J5CB71",
        "oui": "48:27:EA",
        "channel": 6,
        "encryption": "wpa2",
        "firsttime": "2023-09-06T09:00:00.000Z",
        "lasttime": "2025-09-23T07:00:00.000Z",
        "city": "T\u00e2rgu Mure\u0219",
        "region": "Mure\u0219",
        "country": "RO",
        "road": "Bulevardul 1 Decembrie 1918",
        "postalcode": "540061"
      }
    },
    {
      "type": "Feature",
      "geometry": {
        "type": "Point",
        "coordinates": [
          13.38023186,
          52.51195526
        ]
      },
      "properties": {
        "netid": "48:27:EA:BE:D6:0F",
        "ssid": "Galaxy J5D60F",
        "oui": "48:27:EA",
        "channel": 11,
        "encryption": "wpa2",
        "firsttime": "2023-04-15T17:00:00.000Z",
        "lasttime": "2024-10-17T08:00:00.000Z",
        "city": "Berlin",
        "region": "Mitte",
        "country": "DE",
        "road": "In den Ministerg\u00e4rten",
        "postalcode": "10117"
      }
    },
    {
      "type": "Feature",
      "geometry": {
        "type": "Point",
        "coordinates": [
          8.35230446,
          50.09680557
        ]
      },
      "properties": {
        "netid": "48:27:EA:BE:E9:BD",
        "ssid": "AndroidAP",
        "oui": "48:27:EA",
        "channel": 6,
        "encryption": "wpa2",
        "firsttime": "2024-04-16T09:00:00.000Z",
        "lasttime": "2026-03-12T12:00:00.000Z",
        "city": null,
        "region": "Hessen",
        "country": "DE",
        "road": "A 3",
        "postalcode": "65207"
      }
    },
    {
      "type": "Feature",
      "geometry": {
        "type": "Point",
        "coordinates": [
          121.44264984,
          24.97968292
        ]
      },
      "properties": {
        "netid": "48:27:EA:BF:0A:19",
        "ssid": "AndroidAP",
        "oui": "48:27:EA",
        "channel": 1,
        "encryption": "wpa2",
        "firsttime": "2025-05-30T11:00:00.000Z",
        "lasttime": "2025-05-30T05:00:00.000Z",
        "city": "\u65b0\u5317\u5e02",
        "region": "\u65b0\u5317\u5e02",
        "country": "TW",
        "road": "\u4e2d\u592e\u8def\u4e8c\u6bb5",
        "postalcode": "236030"
      }
    },
    {
      "type": "Feature",
      "geometry": {
        "type": "Point",
        "coordinates": [
          19.07361412,
          47.52054977
        ]
      },
      "properties": {
        "netid": "48:27:EA:BF:25:01",
        "ssid": "AndroidAP2501",
        "oui": "48:27:EA",
        "channel": 1,
        "encryption": "wpa2",
        "firsttime": "2025-04-08T17:00:00.000Z",
        "lasttime": "2025-05-23T06:00:00.000Z",
        "city": null,
        "region": "Budapest",
        "country": "HU",
        "road": "V\u00e1g\u00e1ny utca",
        "postalcode": "1135"
      }
    },
    {
      "type": "Feature",
      "geometry": {
        "type": "Point",
        "coordinates": [
          14.40349674,
          50.06761551
        ]
      },
      "properties": {
        "netid": "48:27:EA:BF:4F:8F",
        "ssid": "AndroidAP",
        "oui": "48:27:EA",
        "channel": 11,
        "encryption": "wpa2",
        "firsttime": "2024-10-15T16:00:00.000Z",
        "lasttime": "2024-10-15T13:00:00.000Z",
        "city": "Hlavn\u00ed m\u011bsto Praha",
        "region": "Praha",
        "country": "CZ",
        "road": "Stroupe\u017enick\u00e9ho",
        "postalcode": "151 34"
      }
    },
    {
      "type": "Feature",
      "geometry": {
        "type": "Point",
        "coordinates": [
          18.44717216,
          54.54509354
        ]
      },
      "properties": {
        "netid": "48:27:EA:C0:2F:97",
        "ssid": "Galaxy J52F97",
        "oui": "48:27:EA",
        "channel": 11,
        "encryption": "wpa2",
        "firsttime": "2026-02-03T12:00:00.000Z",
        "lasttime": "2026-02-03T23:00:00.000Z",
        "city": "Gdynia",
        "region": "wojew\u00f3dztwo pomorskie",
        "country": "PL",
        "road": "Morska",
        "postalcode": "81-002"
      }
    },
    {
      "type": "Feature",
      "geometry": {
        "type": "Point",
        "coordinates": [
          121.31130219,
          24.99468613
        ]
      },
      "properties": {
        "netid": "48:27:EA:C0:43:03",
        "ssid": "AndroidAP4303",
        "oui": "48:27:EA",
        "channel": 11,
        "encryption": "wpa2",
        "firsttime": "2025-01-05T06:00:00.000Z",
        "lasttime": "2025-01-05T00:00:00.000Z",
        "city": null,
        "region": "\u6843\u5712\u5340",
        "country": "TW",
        "road": "\u4e2d\u5c71\u8def",
        "postalcode": "330"
      }
    },
    {
      "type": "Feature",
      "geometry": {
        "type": "Point",
        "coordinates": [
          37.63737106,
          55.80709076
        ]
      },
      "properties": {
        "netid": "48:27:EA:C0:45:73",
        "ssid": "AndroidAP4573",
        "oui": "48:27:EA",
        "channel": 6,
        "encryption": "unknown",
        "firsttime": "2025-02-07T14:00:00.000Z",
        "lasttime": "2025-02-07T08:00:00.000Z",
        "city": "\u041c\u043e\u0441\u043a\u0432\u0430",
        "region": "\u041c\u043e\u0441\u043a\u0432\u0430",
        "country": "RU",
        "road": "\u043f\u0440\u043e\u0441\u043f\u0435\u043a\u0442 \u041c\u0438\u0440\u0430",
        "postalcode": "129626"
      }
    },
    {
      "type": "Feature",
      "geometry": {
        "type": "Point",
        "coordinates": [
          -1.75779676,
          53.77427673
        ]
      },
      "properties": {
        "netid": "48:27:EA:C0:5F:79",
        "ssid": "Android 29",
        "oui": "48:27:EA",
        "channel": 1,
        "encryption": "wpa2",
        "firsttime": "2024-03-10T14:00:00.000Z",
        "lasttime": "2025-04-05T10:00:00.000Z",
        "city": "Bradford",
        "region": "England",
        "country": "GB",
        "road": "Arnside Road",
        "postalcode": "BD5 8DR"
      }
    },
    {
      "type": "Feature",
      "geometry": {
        "type": "Point",
        "coordinates": [
          30.27282906,
          59.79911804
        ]
      },
      "properties": {
        "netid": "48:27:EA:C0:A7:53",
        "ssid": "\u0421\u0435\u0440\u044b\u0439",
        "oui": "48:27:EA",
        "channel": 1,
        "encryption": "unknown",
        "firsttime": "2026-01-04T16:00:00.000Z",
        "lasttime": "2026-01-04T09:00:00.000Z",
        "city": "\u0421\u0430\u043d\u043a\u0442-\u041f\u0435\u0442\u0435\u0440\u0431\u0443\u0440\u0433",
        "region": "\u0421\u0430\u043d\u043a\u0442-\u041f\u0435\u0442\u0435\u0440\u0431\u0443\u0440\u0433",
        "country": "RU",
        "road": "\u0412\u0437\u043b\u0451\u0442\u043d\u0430\u044f \u0443\u043b\u0438\u0446\u0430",
        "postalcode": "196140"
      }
    },
    {
      "type": "Feature",
      "geometry": {
        "type": "Point",
        "coordinates": [
          99.58722687,
          13.78048038
        ]
      },
      "properties": {
        "netid": "48:27:EA:C0:A9:33",
        "ssid": "??????",
        "oui": "48:27:EA",
        "channel": 6,
        "encryption": "wpa2",
        "firsttime": "2024-09-15T04:00:00.000Z",
        "lasttime": "2024-09-15T17:00:00.000Z",
        "city": null,
        "region": "\u0e08\u0e31\u0e07\u0e2b\u0e27\u0e31\u0e14\u0e23\u0e32\u0e0a\u0e1a\u0e38\u0e23\u0e35",
        "country": "TH",
        "road": "3090",
        "postalcode": null
      }
    },
    {
      "type": "Feature",
      "geometry": {
        "type": "Point",
        "coordinates": [
          100.56613922,
          13.71665668
        ]
      },
      "properties": {
        "netid": "48:27:EA:C0:BE:EF",
        "ssid": "Neung.vk",
        "oui": "48:27:EA",
        "channel": 6,
        "encryption": "wpa2",
        "firsttime": "2025-05-14T10:00:00.000Z",
        "lasttime": "2025-05-16T10:00:00.000Z",
        "city": "\u0e01\u0e23\u0e38\u0e07\u0e40\u0e17\u0e1e\u0e21\u0e2b\u0e32\u0e19\u0e04\u0e23",
        "region": "\u0e01\u0e23\u0e38\u0e07\u0e40\u0e17\u0e1e\u0e21\u0e2b\u0e32\u0e19\u0e04\u0e23",
        "country": "TH",
        "road": "\u0e16\u0e19\u0e19\u0e40\u0e01\u0e29\u0e21\u0e23\u0e32\u0e29\u0e0e\u0e23\u0e4c",
        "postalcode": "10110"
      }
    },
    {
      "type": "Feature",
      "geometry": {
        "type": "Point",
        "coordinates": [
          11.59488964,
          50.92858124
        ]
      },
      "properties": {
        "netid": "48:27:EA:C0:EE:4F",
        "ssid": "AndroidAPEE4F",
        "oui": "48:27:EA",
        "channel": 1,
        "encryption": "wpa2",
        "firsttime": "2024-09-16T16:00:00.000Z",
        "lasttime": "2024-10-23T13:00:00.000Z",
        "city": "Jena",
        "region": "Th\u00fcringen",
        "country": "DE",
        "road": "Landfeste",
        "postalcode": "07743"
      }
    },
    {
      "type": "Feature",
      "geometry": {
        "type": "Point",
        "coordinates": [
          19.1111908,
          50.29032898
        ]
      },
      "properties": {
        "netid": "48:27:EA:C1:2D:F3",
        "ssid": "AndroidAP2DF3",
        "oui": "48:27:EA",
        "channel": 11,
        "encryption": "wpa2",
        "firsttime": "2024-12-08T13:00:00.000Z",
        "lasttime": "2024-12-08T06:00:00.000Z",
        "city": "Sosnowiec",
        "region": "wojew\u00f3dztwo \u015bl\u0105skie",
        "country": "PL",
        "road": "S86",
        "postalcode": "41-214"
      }
    },
    {
      "type": "Feature",
      "geometry": {
        "type": "Point",
        "coordinates": [
          2.65517282,
          48.52781296
        ]
      },
      "properties": {
        "netid": "48:27:EA:C1:3A:41",
        "ssid": "AndroidAP",
        "oui": "48:27:EA",
        "channel": 1,
        "encryption": "wpa2",
        "firsttime": "2025-04-17T09:00:00.000Z",
        "lasttime": "2026-06-02T09:00:00.000Z",
        "city": "Melun",
        "region": "\u00cele-de-France",
        "country": "FR",
        "road": "Place Gallieni",
        "postalcode": "77000"
      }
    },
    {
      "type": "Feature",
      "geometry": {
        "type": "Point",
        "coordinates": [
          2.33851147,
          48.63218689
        ]
      },
      "properties": {
        "netid": "48:27:EA:C1:41:83",
        "ssid": "AndroidAP4183",
        "oui": "48:27:EA",
        "channel": 11,
        "encryption": "wpa2",
        "firsttime": "2023-06-17T18:00:00.000Z",
        "lasttime": "2025-06-27T07:00:00.000Z",
        "city": "Sainte-Genevi\u00e8ve-des-Bois",
        "region": "\u00cele-de-France",
        "country": "FR",
        "road": "All\u00e9e Michel Berger",
        "postalcode": "91700"
      }
    },
    {
      "type": "Feature",
      "geometry": {
        "type": "Point",
        "coordinates": [
          2.3335588,
          48.8324585
        ]
      },
      "properties": {
        "netid": "48:27:EA:C1:48:4D",
        "ssid": "Galaxy J5484D",
        "oui": "48:27:EA",
        "channel": 6,
        "encryption": "wpa2",
        "firsttime": "2026-06-02T15:00:00.000Z",
        "lasttime": "2026-06-02T11:00:00.000Z",
        "city": "Paris",
        "region": "\u00cele-de-France",
        "country": "FR",
        "road": "Rue Jean-Claude Arnould",
        "postalcode": "75014"
      }
    },
    {
      "type": "Feature",
      "geometry": {
        "type": "Point",
        "coordinates": [
          17.70956421,
          48.27797699
        ]
      },
      "properties": {
        "netid": "48:27:EA:C1:57:73",
        "ssid": "Galaxy J55773",
        "oui": "48:27:EA",
        "channel": 6,
        "encryption": "wpa2",
        "firsttime": "2024-11-19T19:00:00.000Z",
        "lasttime": "2024-11-19T11:00:00.000Z",
        "city": null,
        "region": "Trnavsk\u00fd kraj",
        "country": "SK",
        "road": "Amazonsk\u00e1",
        "postalcode": "926 01"
      }
    },
    {
      "type": "Feature",
      "geometry": {
        "type": "Point",
        "coordinates": [
          44.51486206,
          40.18278885
        ]
      },
      "properties": {
        "netid": "48:27:EA:C1:BA:D5",
        "ssid": "AndroidAPBAD5",
        "oui": "48:27:EA",
        "channel": 11,
        "encryption": "wpa2",
        "firsttime": "2025-01-01T13:00:00.000Z",
        "lasttime": "2025-01-01T05:00:00.000Z",
        "city": null,
        "region": "\u053f\u0565\u0576\u057f\u0580\u0578\u0576",
        "country": "AM",
        "road": "\u0540\u056b\u0576 \u0535\u0580\u0587\u0561\u0576\u0581\u0578\u0582 \u0583\u0578\u0572\u0578\u0581",
        "postalcode": "010"
      }
    },
    {
      "type": "Feature",
      "geometry": {
        "type": "Point",
        "coordinates": [
          14.32662201,
          51.19976807
        ]
      },
      "properties": {
        "netid": "48:27:EA:C1:BF:7F",
        "ssid": "Samsung 7",
        "oui": "48:27:EA",
        "channel": 6,
        "encryption": "wpa2",
        "firsttime": "2023-07-07T16:00:00.000Z",
        "lasttime": "2026-07-03T00:00:00.000Z",
        "city": null,
        "region": "Sachsen",
        "country": "DE",
        "road": "A 4",
        "postalcode": "02625"
      }
    },
    {
      "type": "Feature",
      "geometry": {
        "type": "Point",
        "coordinates": [
          71.40143585,
          51.16376495
        ]
      },
      "properties": {
        "netid": "48:27:EA:C2:DC:91",
        "ssid": "AndroidAP",
        "oui": "48:27:EA",
        "channel": 11,
        "encryption": "wpa2",
        "firsttime": "2025-04-12T07:00:00.000Z",
        "lasttime": "2025-04-12T00:00:00.000Z",
        "city": "\u0410\u0441\u0442\u0430\u043d\u0430",
        "region": "\u0410\u0441\u0442\u0430\u043d\u0430",
        "country": "KZ",
        "road": null,
        "postalcode": "010000"
      }
    },
    {
      "type": "Feature",
      "geometry": {
        "type": "Point",
        "coordinates": [
          69.19655609,
          41.28613281
        ]
      },
      "properties": {
        "netid": "48:27:EA:C3:08:A9",
        "ssid": "x13\\311\\231hram",
        "oui": "48:27:EA",
        "channel": 1,
        "encryption": "wep",
        "firsttime": "2025-11-09T08:00:00.000Z",
        "lasttime": "2025-11-09T04:00:00.000Z",
        "city": null,
        "region": "Chilonzor Tumani",
        "country": "UZ",
        "road": null,
        "postalcode": "100097"
      }
    },
    {
      "type": "Feature",
      "geometry": {
        "type": "Point",
        "coordinates": [
          37.64662552,
          55.72552109
        ]
      },
      "properties": {
        "netid": "48:27:EA:C3:1E:FF",
        "ssid": "AndroidAP",
        "oui": "48:27:EA",
        "channel": 1,
        "encryption": "unknown",
        "firsttime": "2024-01-22T10:00:00.000Z",
        "lasttime": "2024-09-25T06:00:00.000Z",
        "city": "\u041c\u043e\u0441\u043a\u0432\u0430",
        "region": "\u041c\u043e\u0441\u043a\u0432\u0430",
        "country": "RU",
        "road": "2-\u0439 \u041a\u043e\u0436\u0435\u0432\u043d\u0438\u0447\u0435\u0441\u043a\u0438\u0439 \u043f\u0435\u0440\u0435\u0443\u043b\u043e\u043a",
        "postalcode": "115114"
      }
    },
    {
      "type": "Feature",
      "geometry": {
        "type": "Point",
        "coordinates": [
          21.31486893,
          46.17477036
        ]
      },
      "properties": {
        "netid": "48:27:EA:C3:3B:79",
        "ssid": "Galaxy J53B79",
        "oui": "48:27:EA",
        "channel": 11,
        "encryption": "wpa2",
        "firsttime": "2023-05-23T17:00:00.000Z",
        "lasttime": "2024-09-20T14:00:00.000Z",
        "city": "Arad",
        "region": "Arad",
        "country": "RO",
        "road": "Strada Ilarie Chendi",
        "postalcode": "310024"
      }
    },
    {
      "type": "Feature",
      "geometry": {
        "type": "Point",
        "coordinates": [
          13.72899723,
          45.91494751
        ]
      },
      "properties": {
        "netid": "48:27:EA:C3:58:0D",
        "ssid": "Galaxy J5580D",
        "oui": "48:27:EA",
        "channel": 6,
        "encryption": "wpa2",
        "firsttime": "2025-07-28T10:00:00.000Z",
        "lasttime": "2025-07-28T03:00:00.000Z",
        "city": null,
        "region": "Nova Gorica",
        "country": "SI",
        "road": "H4",
        "postalcode": "5262"
      }
    },
    {
      "type": "Feature",
      "geometry": {
        "type": "Point",
        "coordinates": [
          15.47231674,
          46.90419006
        ]
      },
      "properties": {
        "netid": "48:27:EA:C3:63:C9",
        "ssid": "AndroidAP63C9",
        "oui": "48:27:EA",
        "channel": 1,
        "encryption": "wpa2",
        "firsttime": "2022-08-29T12:00:00.000Z",
        "lasttime": "2025-01-10T11:00:00.000Z",
        "city": null,
        "region": "Steiermark",
        "country": "AT",
        "road": "Pyhrn Autobahn",
        "postalcode": "8410"
      }
    },
    {
      "type": "Feature",
      "geometry": {
        "type": "Point",
        "coordinates": [
          21.15578651,
          52.36434555
        ]
      },
      "properties": {
        "netid": "48:27:EA:C3:C2:3B",
        "ssid": "AndroidAPC23B",
        "oui": "48:27:EA",
        "channel": 6,
        "encryption": "wpa2",
        "firsttime": "2025-06-26T12:00:00.000Z",
        "lasttime": "2025-06-26T07:00:00.000Z",
        "city": null,
        "region": "wojew\u00f3dztwo mazowieckie",
        "country": "PL",
        "road": "Stara",
        "postalcode": "05-270"
      }
    },
    {
      "type": "Feature",
      "geometry": {
        "type": "Point",
        "coordinates": [
          8.03756332,
          48.65882874
        ]
      },
      "properties": {
        "netid": "48:27:EA:C3:C6:BF",
        "ssid": "AndroidAP majk",
        "oui": "48:27:EA",
        "channel": 1,
        "encryption": "wpa2",
        "firsttime": "2026-03-12T17:00:00.000Z",
        "lasttime": "2026-03-14T12:00:00.000Z",
        "city": null,
        "region": "Baden-W\u00fcrttemberg",
        "country": "DE",
        "road": "A 5",
        "postalcode": "77855"
      }
    },
    {
      "type": "Feature",
      "geometry": {
        "type": "Point",
        "coordinates": [
          4.909554,
          45.76395416
        ]
      },
      "properties": {
        "netid": "48:27:EA:C3:D1:7D",
        "ssid": "AndroidAP",
        "oui": "48:27:EA",
        "channel": 11,
        "encryption": "wpa2",
        "firsttime": "2025-01-29T16:00:00.000Z",
        "lasttime": "2025-02-01T10:00:00.000Z",
        "city": "Villeurbanne",
        "region": "Auvergne-Rh\u00f4ne-Alpes",
        "country": "FR",
        "road": "Cours \u00c9mile Zola",
        "postalcode": "69100"
      }
    },
    {
      "type": "Feature",
      "geometry": {
        "type": "Point",
        "coordinates": [
          121.42987823,
          25.05342293
        ]
      },
      "properties": {
        "netid": "48:27:EA:C3:FE:E7",
        "ssid": "AndroidAP",
        "oui": "48:27:EA",
        "channel": 1,
        "encryption": "wpa2",
        "firsttime": "2026-02-19T05:00:00.000Z",
        "lasttime": "2026-02-22T19:00:00.000Z",
        "city": null,
        "region": "\u65b0\u5317\u5e02",
        "country": "TW",
        "road": "\u660e\u5fd7\u8def\u4e8c\u6bb5",
        "postalcode": "243093"
      }
    },
    {
      "type": "Feature",
      "geometry": {
        "type": "Point",
        "coordinates": [
          121.43466187,
          25.012743
        ]
      },
      "properties": {
        "netid": "48:27:EA:C3:FF:7B",
        "ssid": "AndroidAP",
        "oui": "48:27:EA",
        "channel": 11,
        "encryption": "wpa2",
        "firsttime": "2023-01-11T21:00:00.000Z",
        "lasttime": "2025-08-31T00:00:00.000Z",
        "city": null,
        "region": "\u65b0\u5317\u5e02",
        "country": "TW",
        "road": "\u74ca\u6797\u5357\u8def",
        "postalcode": "24262"
      }
    },
    {
      "type": "Feature",
      "geometry": {
        "type": "Point",
        "coordinates": [
          44.80263901,
          41.71474075
        ]
      },
      "properties": {
        "netid": "48:27:EA:C4:21:09",
        "ssid": "Galaxy J52109    ",
        "oui": "48:27:EA",
        "channel": 1,
        "encryption": "wpa2",
        "firsttime": "2024-09-22T05:00:00.000Z",
        "lasttime": "2024-09-24T06:00:00.000Z",
        "city": "\u10d7\u10d1\u10d8\u10da\u10d8\u10e1\u10d8",
        "region": "\u10dd\u10e5\u10e0\u10dd\u10e1 \u10e3\u10d1\u10d0\u10dc\u10d8",
        "country": "GE",
        "road": "\u10d2. \u10e9\u10d8\u10e2\u10d0\u10d8\u10d0\u10e1 \u10e5\u10e3\u10e9\u10d0",
        "postalcode": "0164"
      }
    },
    {
      "type": "Feature",
      "geometry": {
        "type": "Point",
        "coordinates": [
          -69.54412842,
          19.31237221
        ]
      },
      "properties": {
        "netid": "48:27:EA:C4:97:43",
        "ssid": "S22 $$$$",
        "oui": "48:27:EA",
        "channel": 3,
        "encryption": "wpa2",
        "firsttime": "2024-03-26T19:00:00.000Z",
        "lasttime": "2025-06-09T11:00:00.000Z",
        "city": null,
        "region": "Saman\u00e1",
        "country": "DO",
        "road": "Avenida Duarte",
        "postalcode": "3400"
      }
    },
    {
      "type": "Feature",
      "geometry": {
        "type": "Point",
        "coordinates": [
          24.98035622,
          60.18632507
        ]
      },
      "properties": {
        "netid": "48:27:EA:C4:9C:71",
        "ssid": "Hosain",
        "oui": "48:27:EA",
        "channel": 11,
        "encryption": "wpa2",
        "firsttime": "2019-05-09T08:00:00.000Z",
        "lasttime": "2026-03-14T05:00:00.000Z",
        "city": "Helsinki",
        "region": "Manner-Suomi",
        "country": "FI",
        "road": "Englantilaisaukio",
        "postalcode": "00540"
      }
    },
    {
      "type": "Feature",
      "geometry": {
        "type": "Point",
        "coordinates": [
          8.54260159,
          47.3789444
        ]
      },
      "properties": {
        "netid": "48:27:EA:C4:A7:F5",
        "ssid": "AndroidAP7258",
        "oui": "48:27:EA",
        "channel": 6,
        "encryption": "wpa2",
        "firsttime": "2025-11-21T14:00:00.000Z",
        "lasttime": "2025-11-21T07:00:00.000Z",
        "city": "Z\u00fcrich",
        "region": "Z\u00fcrich",
        "country": "CH",
        "road": "Walchestrasse",
        "postalcode": "8001"
      }
    },
    {
      "type": "Feature",
      "geometry": {
        "type": "Point",
        "coordinates": [
          9.95965672,
          53.54961395
        ]
      },
      "properties": {
        "netid": "48:27:EA:C4:A9:D3",
        "ssid": "AndroidAP",
        "oui": "48:27:EA",
        "channel": 6,
        "encryption": "wpa2",
        "firsttime": "2025-02-04T17:00:00.000Z",
        "lasttime": "2025-12-26T14:00:00.000Z",
        "city": "Hamburg",
        "region": "Hamburg-Mitte",
        "country": "DE",
        "road": "Reeperbahn",
        "postalcode": "20359"
      }
    },
    {
      "type": "Feature",
      "geometry": {
        "type": "Point",
        "coordinates": [
          4.33140278,
          50.83441925
        ]
      },
      "properties": {
        "netid": "48:27:EA:C4:D6:33",
        "ssid": "Galaxy J5D633",
        "oui": "48:27:EA",
        "channel": 1,
        "encryption": "wpa2",
        "firsttime": "2024-02-22T10:00:00.000Z",
        "lasttime": "2025-04-25T06:00:00.000Z",
        "city": null,
        "region": "R\u00e9gion de Bruxelles-Capitale - Brussels Hoofdstedelijk Gewest",
        "country": "BE",
        "road": "Rue Bara - Barastraat",
        "postalcode": "1070"
      }
    },
    {
      "type": "Feature",
      "geometry": {
        "type": "Point",
        "coordinates": [
          4.05390263,
          36.69762039
        ]
      },
      "properties": {
        "netid": "48:27:EA:C4:F9:63",
        "ssid": "AndroidAPF963",
        "oui": "48:27:EA",
        "channel": 1,
        "encryption": "wpa2",
        "firsttime": "2026-01-24T13:00:00.000Z",
        "lasttime": "2026-02-21T03:00:00.000Z",
        "city": "Tizi Ouzou \u062a\u064a\u0632\u064a \u0648\u0632\u0648",
        "region": "Da\u00efra Tizi Ouzou \u062f\u0627\u0626\u0631\u0629 \u062a\u064a\u0632\u064a \u0648\u0632\u0648",
        "country": "DZ",
        "road": null,
        "postalcode": "150000"
      }
    },
    {
      "type": "Feature",
      "geometry": {
        "type": "Point",
        "coordinates": [
          80.58435059,
          7.18081141
        ]
      },
      "properties": {
        "netid": "48:27:EA:C5:10:FB",
        "ssid": "AndroidAP10FB",
        "oui": "48:27:EA",
        "channel": 6,
        "encryption": "wpa2",
        "firsttime": "2024-12-10T04:00:00.000Z",
        "lasttime": "2024-12-10T05:00:00.000Z",
        "city": null,
        "region": "\u0db8\u0db0\u0dca\u200d\u0dba\u0db8 \u0db4\u0dc5\u0dcf\u0dad",
        "country": "LK",
        "road": "Kandy - Gampola Road",
        "postalcode": "20500"
      }
    },
    {
      "type": "Feature",
      "geometry": {
        "type": "Point",
        "coordinates": [
          71.43428802,
          51.16928864
        ]
      },
      "properties": {
        "netid": "48:27:EA:C5:34:AB",
        "ssid": "AndroidAP",
        "oui": "48:27:EA",
        "channel": 11,
        "encryption": "wpa2",
        "firsttime": "2024-10-19T07:00:00.000Z",
        "lasttime": "2024-12-23T02:00:00.000Z",
        "city": "\u0410\u0441\u0442\u0430\u043d\u0430",
        "region": "\u0410\u0441\u0442\u0430\u043d\u0430",
        "country": "KZ",
        "road": "\u043f\u0440\u043e\u0441\u043f\u0435\u043a\u0442 \u0410\u0431\u0430\u044f",
        "postalcode": "010000"
      }
    },
    {
      "type": "Feature",
      "geometry": {
        "type": "Point",
        "coordinates": [
          71.42716217,
          51.16258621
        ]
      },
      "properties": {
        "netid": "48:27:EA:C5:36:81",
        "ssid": "Tope",
        "oui": "48:27:EA",
        "channel": 11,
        "encryption": "wpa2",
        "firsttime": "2025-02-25T08:00:00.000Z",
        "lasttime": "2025-02-27T00:00:00.000Z",
        "city": "\u0410\u0441\u0442\u0430\u043d\u0430",
        "region": "\u0410\u0441\u0442\u0430\u043d\u0430",
        "country": "KZ",
        "road": "\u0443\u043b\u0438\u0446\u0430 \u0410\u043c\u0430\u043d\u0433\u0435\u043b\u044c\u0434\u044b \u0418\u043c\u0430\u043d\u043e\u0432\u0430",
        "postalcode": "010000"
      }
    },
    {
      "type": "Feature",
      "geometry": {
        "type": "Point",
        "coordinates": [
          77.01799774,
          43.40969086
        ]
      },
      "properties": {
        "netid": "48:27:EA:C5:59:FB",
        "ssid": "Botakhan",
        "oui": "48:27:EA",
        "channel": 6,
        "encryption": "wpa2",
        "firsttime": "2023-09-27T13:00:00.000Z",
        "lasttime": "2025-02-20T13:00:00.000Z",
        "city": null,
        "region": "\u0410\u043b\u043c\u0430\u0442\u0438\u043d\u0441\u043a\u0430\u044f \u043e\u0431\u043b\u0430\u0441\u0442\u044c",
        "country": "KZ",
        "road": "KB-15",
        "postalcode": "040700"
      }
    },
    {
      "type": "Feature",
      "geometry": {
        "type": "Point",
        "coordinates": [
          77.02918243,
          43.43707657
        ]
      },
      "properties": {
        "netid": "48:27:EA:C5:63:51",
        "ssid": "Sultan bei",
        "oui": "48:27:EA",
        "channel": 6,
        "encryption": "wpa2",
        "firsttime": "2023-10-13T08:00:00.000Z",
        "lasttime": "2025-02-20T13:00:00.000Z",
        "city": null,
        "region": "\u0410\u043b\u043c\u0430\u0442\u0438\u043d\u0441\u043a\u0430\u044f \u043e\u0431\u043b\u0430\u0441\u0442\u044c",
        "country": "KZ",
        "road": "\u0443\u043b\u0438\u0446\u0430 \u0416\u0430\u043d\u0441\u0443\u0433\u0443\u0440\u043e\u0432\u0430",
        "postalcode": "040700"
      }
    },
    {
      "type": "Feature",
      "geometry": {
        "type": "Point",
        "coordinates": [
          30.1763134,
          59.80505371
        ]
      },
      "properties": {
        "netid": "48:27:EA:C5:FB:75",
        "ssid": "AndroidAPFB75",
        "oui": "48:27:EA",
        "channel": 11,
        "encryption": "unknown",
        "firsttime": "2025-05-29T20:00:00.000Z",
        "lasttime": "2025-05-29T23:00:00.000Z",
        "city": "\u0421\u0430\u043d\u043a\u0442-\u041f\u0435\u0442\u0435\u0440\u0431\u0443\u0440\u0433",
        "region": "\u0421\u0430\u043d\u043a\u0442-\u041f\u0435\u0442\u0435\u0440\u0431\u0443\u0440\u0433",
        "country": "RU",
        "road": "\u041a\u0410\u0414",
        "postalcode": "198205"
      }
    },
    {
      "type": "Feature",
      "geometry": {
        "type": "Point",
        "coordinates": [
          100.58661652,
          13.892869
        ]
      },
      "properties": {
        "netid": "48:27:EA:C6:98:27",
        "ssid": "\u0e1b\u0e23\u0e30\u0e17\u0e32\u0e19",
        "oui": "48:27:EA",
        "channel": 6,
        "encryption": "wpa2",
        "firsttime": "2024-11-13T11:00:00.000Z",
        "lasttime": "2024-11-13T03:00:00.000Z",
        "city": null,
        "region": "\u0e01\u0e23\u0e38\u0e07\u0e40\u0e17\u0e1e\u0e21\u0e2b\u0e32\u0e19\u0e04\u0e23",
        "country": "TH",
        "road": "\u0e16\u0e19\u0e19\u0e27\u0e34\u0e20\u0e32\u0e27\u0e14\u0e35\u0e23\u0e31\u0e07\u0e2a\u0e34\u0e15",
        "postalcode": "10210"
      }
    },
    {
      "type": "Feature",
      "geometry": {
        "type": "Point",
        "coordinates": [
          5.71484756,
          45.19125748
        ]
      },
      "properties": {
        "netid": "48:27:EA:C6:D4:09",
        "ssid": "AndroidAP4619",
        "oui": "48:27:EA",
        "channel": 1,
        "encryption": "wpa2",
        "firsttime": "2025-08-11T19:00:00.000Z",
        "lasttime": "2025-08-11T13:00:00.000Z",
        "city": "Grenoble",
        "region": "Auvergne-Rh\u00f4ne-Alpes",
        "country": "FR",
        "road": "Place de la Gare",
        "postalcode": "38000"
      }
    },
    {
      "type": "Feature",
      "geometry": {
        "type": "Point",
        "coordinates": [
          8.57000637,
          47.44351578
        ]
      },
      "properties": {
        "netid": "48:27:EA:C6:E4:45",
        "ssid": "AndroidAP1199",
        "oui": "48:27:EA",
        "channel": 3,
        "encryption": "wpa2",
        "firsttime": "2024-11-18T08:00:00.000Z",
        "lasttime": "2025-05-14T22:00:00.000Z",
        "city": null,
        "region": "Z\u00fcrich",
        "country": "CH",
        "road": "Flughofstrasse",
        "postalcode": "8302"
      }
    },
    {
      "type": "Feature",
      "geometry": {
        "type": "Point",
        "coordinates": [
          19.30936241,
          47.39897919
        ]
      },
      "properties": {
        "netid": "48:27:EA:C6:F6:7B",
        "ssid": "Volvo ws",
        "oui": "48:27:EA",
        "channel": 1,
        "encryption": "wpa2",
        "firsttime": "2026-06-23T12:00:00.000Z",
        "lasttime": "2026-06-23T08:00:00.000Z",
        "city": null,
        "region": "K\u00f6z\u00e9p-Magyarorsz\u00e1g",
        "country": "HU",
        "road": "M0",
        "postalcode": "2225"
      }
    },
    {
      "type": "Feature",
      "geometry": {
        "type": "Point",
        "coordinates": [
          13.51875687,
          52.53312683
        ]
      },
      "properties": {
        "netid": "48:27:EA:C7:07:39",
        "ssid": "Einsam",
        "oui": "48:27:EA",
        "channel": 4,
        "encryption": "wpa2",
        "firsttime": "2026-06-27T16:00:00.000Z",
        "lasttime": "2026-06-27T11:00:00.000Z",
        "city": "Berlin",
        "region": "Marzahn-Hellersdorf",
        "country": "DE",
        "road": "Rhinstra\u00dfe",
        "postalcode": "12681"
      }
    },
    {
      "type": "Feature",
      "geometry": {
        "type": "Point",
        "coordinates": [
          -118.37051392,
          33.98460007
        ]
      },
      "properties": {
        "netid": "48:27:EA:C7:1D:77",
        "ssid": "AndroidAP",
        "oui": "48:27:EA",
        "channel": 1,
        "encryption": "wpa2",
        "firsttime": "2019-09-26T15:00:00.000Z",
        "lasttime": "2025-03-08T20:00:00.000Z",
        "city": "Inglewood",
        "region": "CA",
        "country": "US",
        "road": "South La Cienega Boulevard",
        "postalcode": "90304"
      }
    },
    {
      "type": "Feature",
      "geometry": {
        "type": "Point",
        "coordinates": [
          23.21466064,
          53.1358757
        ]
      },
      "properties": {
        "netid": "48:27:EA:C7:47:E9",
        "ssid": "Samsung. ",
        "oui": "48:27:EA",
        "channel": 6,
        "encryption": "wpa2",
        "firsttime": "2025-12-05T16:00:00.000Z",
        "lasttime": "2026-02-08T00:00:00.000Z",
        "city": null,
        "region": "wojew\u00f3dztwo podlaskie",
        "country": "PL",
        "road": "Pieczurki",
        "postalcode": "15-198"
      }
    },
    {
      "type": "Feature",
      "geometry": {
        "type": "Point",
        "coordinates": [
          19.42741966,
          51.76568985
        ]
      },
      "properties": {
        "netid": "48:27:EA:C7:49:83",
        "ssid": "AndroidAP",
        "oui": "48:27:EA",
        "channel": 6,
        "encryption": "wpa2",
        "firsttime": "2025-09-03T17:00:00.000Z",
        "lasttime": "2025-09-03T14:00:00.000Z",
        "city": "\u0141\u00f3d\u017a",
        "region": "wojew\u00f3dztwo \u0142\u00f3dzkie",
        "country": "PL",
        "road": "Aleja W\u0142\u00f3kniarzy",
        "postalcode": "90-768"
      }
    },
    {
      "type": "Feature",
      "geometry": {
        "type": "Point",
        "coordinates": [
          -0.13855708,
          50.82521057
        ]
      },
      "properties": {
        "netid": "48:27:EA:C8:1E:64",
        "ssid": "Harley.P",
        "oui": "48:27:EA",
        "channel": 9,
        "encryption": "wep",
        "firsttime": "2025-11-01T11:00:00.000Z",
        "lasttime": "2025-11-06T08:00:00.000Z",
        "city": "Brighton",
        "region": "England",
        "country": "GB",
        "road": "Jubilee Street",
        "postalcode": "BN1 1GE"
      }
    },
    {
      "type": "Feature",
      "geometry": {
        "type": "Point",
        "coordinates": [
          7.42491388,
          47.69448471
        ]
      },
      "properties": {
        "netid": "48:27:EA:C8:22:5C",
        "ssid": "AndroidAP",
        "oui": "48:27:EA",
        "channel": 4,
        "encryption": "wpa2",
        "firsttime": "2026-03-14T15:00:00.000Z",
        "lasttime": "2026-03-14T10:00:00.000Z",
        "city": null,
        "region": "Grand Est",
        "country": "FR",
        "road": "All\u00e9e de la Harth",
        "postalcode": "68440"
      }
    },
    {
      "type": "Feature",
      "geometry": {
        "type": "Point",
        "coordinates": [
          28.79205704,
          41.02484512
        ]
      },
      "properties": {
        "netid": "48:27:EA:C8:2D:BA",
        "ssid": "AndroidAP2DBA",
        "oui": "48:27:EA",
        "channel": 1,
        "encryption": "wpa2",
        "firsttime": "2026-06-04T19:00:00.000Z",
        "lasttime": "2026-06-04T12:00:00.000Z",
        "city": null,
        "region": "Marmara B\u00f6lgesi",
        "country": "TR",
        "road": null,
        "postalcode": "34295"
      }
    },
    {
      "type": "Feature",
      "geometry": {
        "type": "Point",
        "coordinates": [
          13.75741863,
          51.04984283
        ]
      },
      "properties": {
        "netid": "48:27:EA:C8:40:98",
        "ssid": "AndroidAP4098",
        "oui": "48:27:EA",
        "channel": 1,
        "encryption": "wpa2",
        "firsttime": "2025-05-01T10:00:00.000Z",
        "lasttime": "2025-06-27T11:00:00.000Z",
        "city": "Dresden",
        "region": "Sachsen",
        "country": "DE",
        "road": "Striesener Stra\u00dfe",
        "postalcode": "01307"
      }
    },
    {
      "type": "Feature",
      "geometry": {
        "type": "Point",
        "coordinates": [
          6.84780502,
          46.46072769
        ]
      },
      "properties": {
        "netid": "48:27:EA:C8:4D:2E",
        "ssid": "Yves",
        "oui": "48:27:EA",
        "channel": 1,
        "encryption": "wpa2",
        "firsttime": "2024-11-03T11:00:00.000Z",
        "lasttime": "2024-11-05T12:00:00.000Z",
        "city": null,
        "region": "Vaud",
        "country": "CH",
        "road": "Rue du Clos",
        "postalcode": "1800"
      }
    },
    {
      "type": "Feature",
      "geometry": {
        "type": "Point",
        "coordinates": [
          -0.04326602,
          51.4592247
        ]
      },
      "properties": {
        "netid": "48:27:EA:C8:5E:6A",
        "ssid": "AndroidAP5E6A",
        "oui": "48:27:EA",
        "channel": 9,
        "encryption": "wpa2",
        "firsttime": "2026-06-29T01:00:00.000Z",
        "lasttime": "2026-07-09T19:00:00.000Z",
        "city": "London",
        "region": "England",
        "country": "GB",
        "road": "St Norbert Road",
        "postalcode": "SE4 2BN"
      }
    },
    {
      "type": "Feature",
      "geometry": {
        "type": "Point",
        "coordinates": [
          15.4407959,
          47.06923676
        ]
      },
      "properties": {
        "netid": "48:27:EA:C8:60:9E",
        "ssid": "AndroidAP1156",
        "oui": "48:27:EA",
        "channel": 1,
        "encryption": "wpa2",
        "firsttime": "2026-06-02T12:00:00.000Z",
        "lasttime": "2026-06-02T06:00:00.000Z",
        "city": "Graz",
        "region": "Steiermark",
        "country": "AT",
        "road": "Herrengasse",
        "postalcode": "8010"
      }
    },
    {
      "type": "Feature",
      "geometry": {
        "type": "Point",
        "coordinates": [
          -7.9882865,
          31.62607956
        ]
      },
      "properties": {
        "netid": "48:27:EA:C8:60:F4",
        "ssid": null,
        "oui": "48:27:EA",
        "channel": 1,
        "encryption": "wpa2",
        "firsttime": "2024-11-15T15:00:00.000Z",
        "lasttime": "2024-11-15T09:00:00.000Z",
        "city": "arrondissement de Marrakech-Medina \u0645\u0631\u0627\u0643\u0634 \u0627\u0644\u0645\u062f\u064a\u0646\u0629",
        "region": "Marrakech-Safi \u2d4e\u2d55\u2d55\u2d30\u2d3d\u2d5b-\u2d30\u2d59\u2d3c\u2d49 \u0645\u0631\u0627\u0643\u0634-\u0623\u0633\u0641\u064a",
        "country": "MA",
        "road": "Jema\u00e2 El Fna",
        "postalcode": "40034"
      }
    },
    {
      "type": "Feature",
      "geometry": {
        "type": "Point",
        "coordinates": [
          6.56167269,
          50.73673248
        ]
      },
      "properties": {
        "netid": "48:27:EA:C8:A2:36",
        "ssid": "J7",
        "oui": "48:27:EA",
        "channel": 6,
        "encryption": "wpa2",
        "firsttime": "2025-04-15T11:00:00.000Z",
        "lasttime": "2025-04-15T10:00:00.000Z",
        "city": null,
        "region": "Nordrhein-Westfalen",
        "country": "DE",
        "road": "B 56",
        "postalcode": "52391"
      }
    },
    {
      "type": "Feature",
      "geometry": {
        "type": "Point",
        "coordinates": [
          10.38103104,
          63.40811539
        ]
      },
      "properties": {
        "netid": "48:27:EA:C8:E9:4C",
        "ssid": "AndroidAP5",
        "oui": "48:27:EA",
        "channel": 3,
        "encryption": "wpa2",
        "firsttime": "2025-01-10T21:00:00.000Z",
        "lasttime": "2026-04-12T19:00:00.000Z",
        "city": null,
        "region": "Tr\u00f8ndelag",
        "country": "NO",
        "road": "Hoemsvegen",
        "postalcode": "7019"
      }
    },
    {
      "type": "Feature",
      "geometry": {
        "type": "Point",
        "coordinates": [
          99.8913269,
          12.48491001
        ]
      },
      "properties": {
        "netid": "48:27:EA:C9:C0:9E",
        "ssid": "AndroidAP",
        "oui": "48:27:EA",
        "channel": 1,
        "encryption": "wpa2",
        "firsttime": "2024-09-15T02:00:00.000Z",
        "lasttime": "2024-09-15T17:00:00.000Z",
        "city": null,
        "region": "\u0e08\u0e31\u0e07\u0e2b\u0e27\u0e31\u0e14\u0e1b\u0e23\u0e30\u0e08\u0e27\u0e1a\u0e04\u0e35\u0e23\u0e35\u0e02\u0e31\u0e19\u0e18\u0e4c",
        "country": "TH",
        "road": "\u0e16\u0e19\u0e19\u0e40\u0e25\u0e35\u0e48\u0e22\u0e07\u0e40\u0e21\u0e37\u0e2d\u0e07",
        "postalcode": null
      }
    },
    {
      "type": "Feature",
      "geometry": {
        "type": "Point",
        "coordinates": [
          99.9536438,
          12.57150936
        ]
      },
      "properties": {
        "netid": "48:27:EA:C9:D5:1A",
        "ssid": "AndroidAPD51A",
        "oui": "48:27:EA",
        "channel": 1,
        "encryption": "wpa2",
        "firsttime": "2025-02-14T14:00:00.000Z",
        "lasttime": "2025-02-14T07:00:00.000Z",
        "city": null,
        "region": "\u0e08\u0e31\u0e07\u0e2b\u0e27\u0e31\u0e14\u0e1b\u0e23\u0e30\u0e08\u0e27\u0e1a\u0e04\u0e35\u0e23\u0e35\u0e02\u0e31\u0e19\u0e18\u0e4c",
        "country": "TH",
        "road": "\u0e16\u0e19\u0e19\u0e1e\u0e23\u0e30\u0e1b\u0e01\u0e40\u0e01\u0e25\u0e49\u0e32",
        "postalcode": "77110"
      }
    },
    {
      "type": "Feature",
      "geometry": {
        "type": "Point",
        "coordinates": [
          20.92106056,
          52.40242767
        ]
      },
      "properties": {
        "netid": "48:27:EA:C9:EF:9C",
        "ssid": "Katerina",
        "oui": "48:27:EA",
        "channel": 11,
        "encryption": "wpa2",
        "firsttime": "2024-10-06T12:00:00.000Z",
        "lasttime": "2025-04-30T11:00:00.000Z",
        "city": null,
        "region": "wojew\u00f3dztwo mazowieckie",
        "country": "PL",
        "road": "Boles\u0142awa Chrobrego",
        "postalcode": "05-120"
      }
    },
    {
      "type": "Feature",
      "geometry": {
        "type": "Point",
        "coordinates": [
          41.30739212,
          41.35403061
        ]
      },
      "properties": {
        "netid": "48:27:EA:C9:F2:DE",
        "ssid": "AndroidAPF2DE",
        "oui": "48:27:EA",
        "channel": 11,
        "encryption": "wpa2",
        "firsttime": "2025-03-23T13:00:00.000Z",
        "lasttime": "2025-03-23T06:00:00.000Z",
        "city": null,
        "region": "Karadeniz B\u00f6lgesi",
        "country": "TR",
        "road": "Karadeniz Sahil Yolu",
        "postalcode": "08200"
      }
    },
    {
      "type": "Feature",
      "geometry": {
        "type": "Point",
        "coordinates": [
          21.00702667,
          52.26003265
        ]
      },
      "properties": {
        "netid": "48:27:EA:CA:48:F6",
        "ssid": "ZuzaFirmowy",
        "oui": "48:27:EA",
        "channel": 6,
        "encryption": "wpa2",
        "firsttime": "2024-12-17T16:00:00.000Z",
        "lasttime": "2024-12-17T08:00:00.000Z",
        "city": "Warszawa",
        "region": "wojew\u00f3dztwo mazowieckie",
        "country": "PL",
        "road": "Bulwar Jana Karskiego",
        "postalcode": "00-221"
      }
    },
    {
      "type": "Feature",
      "geometry": {
        "type": "Point",
        "coordinates": [
          -71.01781464,
          42.36621094
        ]
      },
      "properties": {
        "netid": "48:27:EA:CA:97:20",
        "ssid": "suree_5G",
        "oui": "48:27:EA",
        "channel": 6,
        "encryption": "wpa2",
        "firsttime": "2024-10-06T20:00:00.000Z",
        "lasttime": "2024-10-06T15:00:00.000Z",
        "city": "Boston",
        "region": "MA",
        "country": "US",
        "road": "Harborside Drive",
        "postalcode": "02128"
      }
    },
    {
      "type": "Feature",
      "geometry": {
        "type": "Point",
        "coordinates": [
          17.12536621,
          48.15470123
        ]
      },
      "properties": {
        "netid": "48:27:EA:CA:AB:00",
        "ssid": "AndroidAPAB00",
        "oui": "48:27:EA",
        "channel": 1,
        "encryption": "wpa2",
        "firsttime": "2023-07-12T15:00:00.000Z",
        "lasttime": "2026-03-17T10:00:00.000Z",
        "city": "Bratislava",
        "region": "Bratislavsk\u00fd kraj",
        "country": "SK",
        "road": "Karad\u017ei\u010dova",
        "postalcode": null
      }
    },
    {
      "type": "Feature",
      "geometry": {
        "type": "Point",
        "coordinates": [
          11.77324104,
          47.3901825
        ]
      },
      "properties": {
        "netid": "48:27:EA:CA:AF:88",
        "ssid": "AndroidAP",
        "oui": "48:27:EA",
        "channel": 4,
        "encryption": "wpa2",
        "firsttime": "2024-04-20T15:00:00.000Z",
        "lasttime": "2025-01-25T13:00:00.000Z",
        "city": "Marktgemeinde Jenbach",
        "region": "Tirol",
        "country": "AT",
        "road": "Achenseestra\u00dfe",
        "postalcode": "6200"
      }
    },
    {
      "type": "Feature",
      "geometry": {
        "type": "Point",
        "coordinates": [
          19.05770111,
          47.56328583
        ]
      },
      "properties": {
        "netid": "48:27:EA:CA:B6:42",
        "ssid": "AndroidAP",
        "oui": "48:27:EA",
        "channel": 1,
        "encryption": "wpa2",
        "firsttime": "2022-01-23T18:00:00.000Z",
        "lasttime": "2025-06-15T06:00:00.000Z",
        "city": null,
        "region": "Budapest",
        "country": "HU",
        "road": "G\u00e1zgy\u00e1r utca",
        "postalcode": "1031"
      }
    },
    {
      "type": "Feature",
      "geometry": {
        "type": "Point",
        "coordinates": [
          18.68372726,
          45.55888748
        ]
      },
      "properties": {
        "netid": "48:27:EA:CA:D2:F4",
        "ssid": "Viky-wifi",
        "oui": "48:27:EA",
        "channel": 1,
        "encryption": "wpa2",
        "firsttime": "2001-01-01T01:00:00.000Z",
        "lasttime": "2024-10-28T02:00:00.000Z",
        "city": "Osijek",
        "region": "Osje\u010dko-baranjska \u017eupanija",
        "country": "HR",
        "road": "Ulica Stjepana Radi\u0107a",
        "postalcode": "31108"
      }
    },
    {
      "type": "Feature",
      "geometry": {
        "type": "Point",
        "coordinates": [
          98.80969238,
          8.21394062
        ]
      },
      "properties": {
        "netid": "48:27:EA:CB:03:44",
        "ssid": "AndroidAP",
        "oui": "48:27:EA",
        "channel": 1,
        "encryption": "wpa2",
        "firsttime": "2025-01-13T05:00:00.000Z",
        "lasttime": "2025-01-13T02:00:00.000Z",
        "city": null,
        "region": "\u0e08\u0e31\u0e07\u0e2b\u0e27\u0e31\u0e14\u0e01\u0e23\u0e30\u0e1a\u0e35\u0e48",
        "country": "TH",
        "road": "4",
        "postalcode": "81300"
      }
    },
    {
      "type": "Feature",
      "geometry": {
        "type": "Point",
        "coordinates": [
          21.97341537,
          53.06121445
        ]
      },
      "properties": {
        "netid": "48:27:EA:CB:56:8E",
        "ssid": "Android",
        "oui": "48:27:EA",
        "channel": 6,
        "encryption": "wpa2",
        "firsttime": "2025-03-08T12:00:00.000Z",
        "lasttime": "2025-07-19T14:00:00.000Z",
        "city": null,
        "region": "wojew\u00f3dztwo podlaskie",
        "country": "PL",
        "road": "Via Baltica",
        "postalcode": "18-411"
      }
    },
    {
      "type": "Feature",
      "geometry": {
        "type": "Point",
        "coordinates": [
          21.22218132,
          45.77292633
        ]
      },
      "properties": {
        "netid": "48:27:EA:CB:57:1E",
        "ssid": "AndroidAP",
        "oui": "48:27:EA",
        "channel": 6,
        "encryption": "wpa2",
        "firsttime": "2026-04-09T13:00:00.000Z",
        "lasttime": "2026-04-09T06:00:00.000Z",
        "city": "Timi\u0219oara",
        "region": "Timi\u0219",
        "country": "RO",
        "road": "Calea Aradului",
        "postalcode": "300282"
      }
    },
    {
      "type": "Feature",
      "geometry": {
        "type": "Point",
        "coordinates": [
          135.76747131,
          35.0037117
        ]
      },
      "properties": {
        "netid": "48:27:EA:CB:5B:22",
        "ssid": "AndroidAP5B22",
        "oui": "48:27:EA",
        "channel": 11,
        "encryption": "wpa2",
        "firsttime": "2026-06-23T12:00:00.000Z",
        "lasttime": "2026-06-23T07:00:00.000Z",
        "city": "\u4eac\u90fd\u5e02",
        "region": "\u4eac\u90fd\u5e9c",
        "country": "JP",
        "road": "\u56db\u6761\u901a;\u4eac\u90fd\u5e02\u9053186\u53f7\u5d50\u5c71\u7947\u5712\u7dda",
        "postalcode": "604-8042"
      }
    },
    {
      "type": "Feature",
      "geometry": {
        "type": "Point",
        "coordinates": [
          39.72506714,
          43.58575439
        ]
      },
      "properties": {
        "netid": "48:27:EA:CB:7F:C0",
        "ssid": "AndroidAP",
        "oui": "48:27:EA",
        "channel": 11,
        "encryption": "unknown",
        "firsttime": "2025-11-08T11:00:00.000Z",
        "lasttime": "2025-12-03T05:00:00.000Z",
        "city": "\u0421\u043e\u0447\u0438",
        "region": "\u041a\u0440\u0430\u0441\u043d\u043e\u0434\u0430\u0440\u0441\u043a\u0438\u0439 \u043a\u0440\u0430\u0439",
        "country": "RU",
        "road": "\u0443\u043b\u0438\u0446\u0430 \u0413\u043e\u0440\u044c\u043a\u043e\u0433\u043e",
        "postalcode": "354000"
      }
    },
    {
      "type": "Feature",
      "geometry": {
        "type": "Point",
        "coordinates": [
          9.01224709,
          45.5999794
        ]
      },
      "properties": {
        "netid": "48:27:EA:CC:21:50",
        "ssid": "MedGarden",
        "oui": "48:27:EA",
        "channel": 6,
        "encryption": "wpa2",
        "firsttime": "2024-06-06T11:00:00.000Z",
        "lasttime": "2024-09-28T09:00:00.000Z",
        "city": null,
        "region": "Lombardia",
        "country": "IT",
        "road": "Autostrada Lainate-Como-Chiasso",
        "postalcode": "21040"
      }
    },
    {
      "type": "Feature",
      "geometry": {
        "type": "Point",
        "coordinates": [
          13.37827396,
          38.11222458
        ]
      },
      "properties": {
        "netid": "48:27:EA:CC:39:00",
        "ssid": "AndroidAP",
        "oui": "48:27:EA",
        "channel": 11,
        "encryption": "wpa2",
        "firsttime": "2024-09-12T11:00:00.000Z",
        "lasttime": "2025-01-11T03:00:00.000Z",
        "city": "Palermo",
        "region": "Sicilia",
        "country": "IT",
        "road": "Piazza Vincenzo Tumminello",
        "postalcode": "90123"
      }
    },
    {
      "type": "Feature",
      "geometry": {
        "type": "Point",
        "coordinates": [
          30.28388786,
          60.00965118
        ]
      },
      "properties": {
        "netid": "48:27:EA:CC:BA:11",
        "ssid": "AndroidAP",
        "oui": "48:27:EA",
        "channel": 1,
        "encryption": "unknown",
        "firsttime": "2024-02-24T15:00:00.000Z",
        "lasttime": "2024-10-11T01:00:00.000Z",
        "city": "\u0421\u0430\u043d\u043a\u0442-\u041f\u0435\u0442\u0435\u0440\u0431\u0443\u0440\u0433",
        "region": "\u0421\u0430\u043d\u043a\u0442-\u041f\u0435\u0442\u0435\u0440\u0431\u0443\u0440\u0433",
        "country": "RU",
        "road": "\u0421\u0435\u0440\u0435\u0431\u0440\u0438\u0441\u0442\u044b\u0439 \u0431\u0443\u043b\u044c\u0432\u0430\u0440",
        "postalcode": "197227"
      }
    },
    {
      "type": "Feature",
      "geometry": {
        "type": "Point",
        "coordinates": [
          14.73993683,
          46.13863754
        ]
      },
      "properties": {
        "netid": "48:27:EA:CC:F6:DB",
        "ssid": "Galaxy J5F6DB",
        "oui": "48:27:EA",
        "channel": 11,
        "encryption": "wpa2",
        "firsttime": "2024-07-10T05:00:00.000Z",
        "lasttime": "2025-01-10T11:00:00.000Z",
        "city": null,
        "region": "Upravna Enota Dom\u017eale",
        "country": "SI",
        "road": "Detelova cesta",
        "postalcode": "1251"
      }
    },
    {
      "type": "Feature",
      "geometry": {
        "type": "Point",
        "coordinates": [
          20.41291809,
          49.39545822
        ]
      },
      "properties": {
        "netid": "48:27:EA:CC:FA:3B",
        "ssid": "Disconnected",
        "oui": "48:27:EA",
        "channel": 11,
        "encryption": "wpa2",
        "firsttime": "2024-09-05T12:00:00.000Z",
        "lasttime": "2024-09-06T08:00:00.000Z",
        "city": null,
        "region": "Pre\u0161ovsk\u00fd kraj",
        "country": "SK",
        "road": "543",
        "postalcode": "059 06"
      }
    },
    {
      "type": "Feature",
      "geometry": {
        "type": "Point",
        "coordinates": [
          14.54468346,
          46.06152344
        ]
      },
      "properties": {
        "netid": "48:27:EA:CD:39:07",
        "ssid": "AndroidAP3907",
        "oui": "48:27:EA",
        "channel": 9,
        "encryption": "wpa2",
        "firsttime": "2024-06-07T16:00:00.000Z",
        "lasttime": "2025-01-10T11:00:00.000Z",
        "city": "Ljubljana",
        "region": "\u0160tepanjsko naselje",
        "country": "SI",
        "road": "Letali\u0161ka cesta",
        "postalcode": "1533"
      }
    },
    {
      "type": "Feature",
      "geometry": {
        "type": "Point",
        "coordinates": [
          -2.27078295,
          53.59580994
        ]
      },
      "properties": {
        "netid": "48:27:EA:CD:57:87",
        "ssid": "AndroidAP5787",
        "oui": "48:27:EA",
        "channel": 1,
        "encryption": "wpa2",
        "firsttime": "2025-04-06T12:00:00.000Z",
        "lasttime": "2025-04-06T06:00:00.000Z",
        "city": null,
        "region": "England",
        "country": "GB",
        "road": "M66",
        "postalcode": "BL9 7QT"
      }
    },
    {
      "type": "Feature",
      "geometry": {
        "type": "Point",
        "coordinates": [
          9.16066742,
          47.65913391
        ]
      },
      "properties": {
        "netid": "48:27:EA:CD:8A:BF",
        "ssid": "SHOPOV",
        "oui": "48:27:EA",
        "channel": 11,
        "encryption": "wpa2",
        "firsttime": "2025-04-29T16:00:00.000Z",
        "lasttime": "2026-04-15T07:00:00.000Z",
        "city": null,
        "region": "Thurgau",
        "country": "CH",
        "road": "An der Ersten Strasse",
        "postalcode": "8274"
      }
    },
    {
      "type": "Feature",
      "geometry": {
        "type": "Point",
        "coordinates": [
          18.32350922,
          43.84176636
        ]
      },
      "properties": {
        "netid": "48:27:EA:CD:9C:A7",
        "ssid": "AdisH",
        "oui": "48:27:EA",
        "channel": 11,
        "encryption": "wpa2",
        "firsttime": "2024-09-10T12:00:00.000Z",
        "lasttime": "2024-09-10T10:00:00.000Z",
        "city": null,
        "region": "Federacija Bosne i Hercegovine",
        "country": "BA",
        "road": "D\u017eemala Bijedi\u0107a",
        "postalcode": "71210"
      }
    },
    {
      "type": "Feature",
      "geometry": {
        "type": "Point",
        "coordinates": [
          23.56005287,
          43.20779419
        ]
      },
      "properties": {
        "netid": "48:27:EA:CD:B0:B3",
        "ssid": "Samsung",
        "oui": "48:27:EA",
        "channel": 1,
        "encryption": "wpa2",
        "firsttime": "2026-08-24T17:00:00.000Z",
        "lasttime": "2026-08-26T06:00:00.000Z",
        "city": "\u0412\u0440\u0430\u0446\u0430",
        "region": "\u0412\u0440\u0430\u0446\u0430",
        "country": "BG",
        "road": "\u0431\u0443\u043b. \u0412\u0430\u0441\u0438\u043b \u041a\u044a\u043d\u0447\u043e\u0432",
        "postalcode": "3000"
      }
    },
    {
      "type": "Feature",
      "geometry": {
        "type": "Point",
        "coordinates": [
          23.7857151,
          46.56309891
        ]
      },
      "properties": {
        "netid": "48:27:EA:CD:C4:8D",
        "ssid": "Crisma Trans Srl",
        "oui": "48:27:EA",
        "channel": 6,
        "encryption": "wpa2",
        "firsttime": "2026-05-22T16:00:00.000Z",
        "lasttime": "2026-05-22T12:00:00.000Z",
        "city": "Turda",
        "region": "Cluj",
        "country": "RO",
        "road": "Strada \u0218tefan cel Mare",
        "postalcode": null
      }
    },
    {
      "type": "Feature",
      "geometry": {
        "type": "Point",
        "coordinates": [
          18.08423233,
          48.31052399
        ]
      },
      "properties": {
        "netid": "48:27:EA:CD:C6:1F",
        "ssid": "AndroidAAP",
        "oui": "48:27:EA",
        "channel": 6,
        "encryption": "wpa2",
        "firsttime": "2001-01-01T01:00:00.000Z",
        "lasttime": "2025-05-02T04:00:00.000Z",
        "city": "Nitra",
        "region": "Nitriansky kraj",
        "country": "SK",
        "road": "Piaristick\u00e1",
        "postalcode": "949 01"
      }
    },
    {
      "type": "Feature",
      "geometry": {
        "type": "Point",
        "coordinates": [
          22.95187569,
          40.62465286
        ]
      },
      "properties": {
        "netid": "48:27:EA:CD:D1:95",
        "ssid": "Alps",
        "oui": "48:27:EA",
        "channel": 1,
        "encryption": "wpa2",
        "firsttime": "2025-04-15T05:00:00.000Z",
        "lasttime": "2025-04-14T22:00:00.000Z",
        "city": "\u0394\u03b7\u03bc\u03bf\u03c4\u03b9\u03ba\u03ae \u0395\u03bd\u03cc\u03c4\u03b7\u03c4\u03b1 \u0398\u03b5\u03c3\u03b1\u03bb\u03bf\u03bd\u03af\u03ba\u03b7\u03c2",
        "region": "\u0391\u03c0\u03bf\u03ba\u03b5\u03bd\u03c4\u03c1\u03c9\u03bc\u03ad\u03bd\u03b7 \u0394\u03b9\u03bf\u03af\u03ba\u03b7\u03c3\u03b7 \u039c\u03b1\u03ba\u03b5\u03b4\u03bf\u03bd\u03af\u03b1\u03c2 - \u0398\u03c1\u03ac\u03ba\u03b7\u03c2",
        "country": "GR",
        "road": "\u03a0\u03ac\u03c1\u03ba\u03bf \u03a7\u0391\u039d\u0398",
        "postalcode": "54013"
      }
    },
    {
      "type": "Feature",
      "geometry": {
        "type": "Point",
        "coordinates": [
          2.16890383,
          41.3863945
        ]
      },
      "properties": {
        "netid": "48:27:EA:CD:E4:93",
        "ssid": "Daniela Celu",
        "oui": "48:27:EA",
        "channel": 11,
        "encryption": "wpa2",
        "firsttime": "2025-09-29T09:00:00.000Z",
        "lasttime": "2025-09-29T08:00:00.000Z",
        "city": "Barcelona",
        "region": "Catalunya",
        "country": "ES",
        "road": "Pla\u00e7a Catalunya",
        "postalcode": "08001"
      }
    },
    {
      "type": "Feature",
      "geometry": {
        "type": "Point",
        "coordinates": [
          121.44702148,
          24.99005699
        ]
      },
      "properties": {
        "netid": "48:27:EA:CE:10:69",
        "ssid": "J7 Pro",
        "oui": "48:27:EA",
        "channel": 11,
        "encryption": "wpa2",
        "firsttime": "2024-11-30T08:00:00.000Z",
        "lasttime": "2024-11-30T03:00:00.000Z",
        "city": "\u65b0\u5317\u5e02",
        "region": "\u65b0\u5317\u5e02",
        "country": "TW",
        "road": "\u88d5\u83ef\u8857",
        "postalcode": "23663"
      }
    },
    {
      "type": "Feature",
      "geometry": {
        "type": "Point",
        "coordinates": [
          13.83036232,
          51.94573975
        ]
      },
      "properties": {
        "netid": "48:27:EA:CE:66:17",
        "ssid": "Galaxy J56617",
        "oui": "48:27:EA",
        "channel": 6,
        "encryption": "wpa2",
        "firsttime": "2021-07-07T17:00:00.000Z",
        "lasttime": "2025-09-27T03:00:00.000Z",
        "city": null,
        "region": "Brandenburg",
        "country": "DE",
        "road": "B 115",
        "postalcode": "15907"
      }
    },
    {
      "type": "Feature",
      "geometry": {
        "type": "Point",
        "coordinates": [
          12.45567703,
          41.90761948
        ]
      },
      "properties": {
        "netid": "48:27:EA:CE:A3:25",
        "ssid": "Galaxy J5A325",
        "oui": "48:27:EA",
        "channel": 11,
        "encryption": "wpa2",
        "firsttime": "2026-08-23T12:00:00.000Z",
        "lasttime": "2026-08-23T06:00:00.000Z",
        "city": "Roma",
        "region": "Lazio",
        "country": "IT",
        "road": "Via Leone Quarto",
        "postalcode": "00192"
      }
    },
    {
      "type": "Feature",
      "geometry": {
        "type": "Point",
        "coordinates": [
          24.93075562,
          60.17043304
        ]
      },
      "properties": {
        "netid": "48:27:EA:CF:94:27",
        "ssid": "Galaxy J59427",
        "oui": "48:27:EA",
        "channel": 11,
        "encryption": "wpa2",
        "firsttime": "2024-09-26T10:00:00.000Z",
        "lasttime": "2024-09-28T06:00:00.000Z",
        "city": "Helsinki",
        "region": "Manner-Suomi",
        "country": "FI",
        "road": "Etel\u00e4inen Rautatiekatu",
        "postalcode": "00100"
      }
    },
    {
      "type": "Feature",
      "geometry": {
        "type": "Point",
        "coordinates": [
          -0.62085968,
          52.42655182
        ]
      },
      "properties": {
        "netid": "48:27:EA:CF:A0:DB",
        "ssid": "AndroidAPA0DB",
        "oui": "48:27:EA",
        "channel": 1,
        "encryption": "wpa2",
        "firsttime": "2023-03-20T13:00:00.000Z",
        "lasttime": "2025-09-29T12:00:00.000Z",
        "city": null,
        "region": "England",
        "country": "GB",
        "road": null,
        "postalcode": null
      }
    },
    {
      "type": "Feature",
      "geometry": {
        "type": "Point",
        "coordinates": [
          7.65845156,
          47.47350693
        ]
      },
      "properties": {
        "netid": "48:27:EA:CF:BD:5D",
        "ssid": "AndroidAP",
        "oui": "48:27:EA",
        "channel": 6,
        "encryption": "wpa2",
        "firsttime": "2025-11-13T04:00:00.000Z",
        "lasttime": "2025-11-13T07:00:00.000Z",
        "city": null,
        "region": "Solothurn",
        "country": "CH",
        "road": "Hauptstrasse",
        "postalcode": "4145"
      }
    },
    {
      "type": "Feature",
      "geometry": {
        "type": "Point",
        "coordinates": [
          7.01800203,
          51.07012177
        ]
      },
      "properties": {
        "netid": "48:27:EA:D0:46:AD",
        "ssid": "MEIN WLAN NICHT DEINS",
        "oui": "48:27:EA",
        "channel": 9,
        "encryption": "wpa2",
        "firsttime": "2025-03-13T12:00:00.000Z",
        "lasttime": "2025-05-15T05:00:00.000Z",
        "city": null,
        "region": "Nordrhein-Westfalen",
        "country": "DE",
        "road": "Talstra\u00dfe",
        "postalcode": "51379"
      }
    },
    {
      "type": "Feature",
      "geometry": {
        "type": "Point",
        "coordinates": [
          15.54835033,
          51.93930054
        ]
      },
      "properties": {
        "netid": "48:27:EA:D0:57:17",
        "ssid": "AndroidAP5717",
        "oui": "48:27:EA",
        "channel": 10,
        "encryption": "wpa2",
        "firsttime": "2025-12-16T07:00:00.000Z",
        "lasttime": "2025-12-15T23:00:00.000Z",
        "city": "Zielona G\u00f3ra",
        "region": "wojew\u00f3dztwo lubuskie",
        "country": "PL",
        "road": "S3",
        "postalcode": "65-267"
      }
    },
    {
      "type": "Feature",
      "geometry": {
        "type": "Point",
        "coordinates": [
          4.54566002,
          52.2689476
        ]
      },
      "properties": {
        "netid": "48:27:EA:D0:83:3F",
        "ssid": "AndroidAP",
        "oui": "48:27:EA",
        "channel": 1,
        "encryption": "wpa2",
        "firsttime": "2025-04-18T11:00:00.000Z",
        "lasttime": "2025-04-18T05:00:00.000Z",
        "city": null,
        "region": "Zuid-Holland",
        "country": "NL",
        "road": "Loosterweg Noord",
        "postalcode": "2211"
      }
    },
    {
      "type": "Feature",
      "geometry": {
        "type": "Point",
        "coordinates": [
          44.91172409,
          40.53933716
        ]
      },
      "properties": {
        "netid": "48:27:EA:D0:86:D1",
        "ssid": "AndroidAP",
        "oui": "48:27:EA",
        "channel": 1,
        "encryption": "wpa2",
        "firsttime": "2024-12-05T15:00:00.000Z",
        "lasttime": "2024-12-08T11:00:00.000Z",
        "city": null,
        "region": "\u0533\u0565\u0572\u0561\u0580\u0584\u0578\u0582\u0576\u056b\u0584\u056b \u0574\u0561\u0580\u0566",
        "country": "AM",
        "road": "\u0544-4",
        "postalcode": "1502"
      }
    },
    {
      "type": "Feature",
      "geometry": {
        "type": "Point",
        "coordinates": [
          11.47733212,
          50.03533936
        ]
      },
      "properties": {
        "netid": "48:27:EA:D0:BD:D5",
        "ssid": "Adrian-phone",
        "oui": "48:27:EA",
        "channel": 6,
        "encryption": "wpa2",
        "firsttime": "2026-03-02T10:00:00.000Z",
        "lasttime": "2026-03-02T03:00:00.000Z",
        "city": null,
        "region": "Bayern",
        "country": "DE",
        "road": "A 70",
        "postalcode": "95512"
      }
    },
    {
      "type": "Feature",
      "geometry": {
        "type": "Point",
        "coordinates": [
          19.43112946,
          50.48532486
        ]
      },
      "properties": {
        "netid": "48:27:EA:D1:21:A7",
        "ssid": "gruby15",
        "oui": "48:27:EA",
        "channel": 6,
        "encryption": "wpa2",
        "firsttime": "2024-10-25T16:00:00.000Z",
        "lasttime": "2024-10-26T18:00:00.000Z",
        "city": null,
        "region": "wojew\u00f3dztwo \u015bl\u0105skie",
        "country": "PL",
        "road": "Piastowska",
        "postalcode": "42-401"
      }
    },
    {
      "type": "Feature",
      "geometry": {
        "type": "Point",
        "coordinates": [
          19.01454353,
          50.2641983
        ]
      },
      "properties": {
        "netid": "48:27:EA:D1:45:A7",
        "ssid": "AndroidAP45A7",
        "oui": "48:27:EA",
        "channel": 6,
        "encryption": "wpa2",
        "firsttime": "2024-05-16T17:00:00.000Z",
        "lasttime": "2024-10-10T15:00:00.000Z",
        "city": "Katowice",
        "region": "wojew\u00f3dztwo \u015bl\u0105skie",
        "country": "PL",
        "road": "Sokolska",
        "postalcode": "40-086"
      }
    },
    {
      "type": "Feature",
      "geometry": {
        "type": "Point",
        "coordinates": [
          23.75957489,
          47.98542404
        ]
      },
      "properties": {
        "netid": "48:27:EA:D1:4E:49",
        "ssid": "Camera IP",
        "oui": "48:27:EA",
        "channel": 6,
        "encryption": "wpa2",
        "firsttime": "2006-01-03T20:00:00.000Z",
        "lasttime": "2025-08-27T12:00:00.000Z",
        "city": null,
        "region": "Maramure\u0219",
        "country": "RO",
        "road": "Strada Principal\u0103",
        "postalcode": "437080"
      }
    },
    {
      "type": "Feature",
      "geometry": {
        "type": "Point",
        "coordinates": [
          12.09632015,
          49.08992004
        ]
      },
      "properties": {
        "netid": "48:27:EA:D1:4F:0D",
        "ssid": "SG-J7",
        "oui": "48:27:EA",
        "channel": 1,
        "encryption": "wpa2",
        "firsttime": "2022-12-22T14:00:00.000Z",
        "lasttime": "2026-05-31T13:00:00.000Z",
        "city": null,
        "region": "Bayern",
        "country": "DE",
        "road": "A 93",
        "postalcode": "93197"
      }
    },
    {
      "type": "Feature",
      "geometry": {
        "type": "Point",
        "coordinates": [
          -3.01526809,
          51.68087769
        ]
      },
      "properties": {
        "netid": "48:27:EA:D1:A0:DD",
        "ssid": "Galaxy J5A0DD",
        "oui": "48:27:EA",
        "channel": 11,
        "encryption": "wpa2",
        "firsttime": "2025-11-05T17:00:00.000Z",
        "lasttime": "2025-11-13T03:00:00.000Z",
        "city": null,
        "region": "Cymru / Wales",
        "country": "GB",
        "road": "A4042",
        "postalcode": "NP4"
      }
    },
    {
      "type": "Feature",
      "geometry": {
        "type": "Point",
        "coordinates": [
          15.54972172,
          38.19601822
        ]
      },
      "properties": {
        "netid": "48:27:EA:D1:B5:D5",
        "ssid": "AndroidAP",
        "oui": "48:27:EA",
        "channel": 1,
        "encryption": "wpa2",
        "firsttime": "2024-11-14T09:00:00.000Z",
        "lasttime": "2024-11-15T02:00:00.000Z",
        "city": "Messina",
        "region": "Sicilia",
        "country": "IT",
        "road": "Viale Principe Umberto",
        "postalcode": "98122"
      }
    },
    {
      "type": "Feature",
      "geometry": {
        "type": "Point",
        "coordinates": [
          14.42549419,
          50.09589767
        ]
      },
      "properties": {
        "netid": "48:27:EA:D2:2D:AE",
        "ssid": "rbp",
        "oui": "48:27:EA",
        "channel": 6,
        "encryption": "wpa2",
        "firsttime": "2025-10-19T11:00:00.000Z",
        "lasttime": "2025-10-19T10:00:00.000Z",
        "city": "Hlavn\u00ed m\u011bsto Praha",
        "region": "Praha",
        "country": "CZ",
        "road": "Letensk\u00e9 sady",
        "postalcode": "11005"
      }
    },
    {
      "type": "Feature",
      "geometry": {
        "type": "Point",
        "coordinates": [
          110.43730927,
          -7.72250986
        ]
      },
      "properties": {
        "netid": "48:27:EA:D2:2E:CE",
        "ssid": "AndroidAP2ECE",
        "oui": "48:27:EA",
        "channel": 11,
        "encryption": "wpa2",
        "firsttime": "2024-12-04T04:00:00.000Z",
        "lasttime": "2025-02-02T00:00:00.000Z",
        "city": "Wedomartani",
        "region": "Daerah Istimewa Yogyakarta",
        "country": "ID",
        "road": "Jalan Raya Tajem",
        "postalcode": "55584"
      }
    },
    {
      "type": "Feature",
      "geometry": {
        "type": "Point",
        "coordinates": [
          14.35432529,
          49.01438141
        ]
      },
      "properties": {
        "netid": "48:27:EA:D2:A8:68",
        "ssid": "necokrasneho",
        "oui": "48:27:EA",
        "channel": 11,
        "encryption": "wpa2",
        "firsttime": "2024-03-09T17:00:00.000Z",
        "lasttime": "2025-01-21T15:00:00.000Z",
        "city": null,
        "region": "Jihoz\u00e1pad",
        "country": "CZ",
        "road": "14545",
        "postalcode": "37346"
      }
    },
    {
      "type": "Feature",
      "geometry": {
        "type": "Point",
        "coordinates": [
          1.19955516,
          48.27824402
        ]
      },
      "properties": {
        "netid": "48:27:EA:D2:D7:34",
        "ssid": "AndroidAP_SD",
        "oui": "48:27:EA",
        "channel": 1,
        "encryption": "wpa2",
        "firsttime": "2026-01-02T17:00:00.000Z",
        "lasttime": "2026-01-02T12:00:00.000Z",
        "city": null,
        "region": "Centre-Val de Loire",
        "country": "FR",
        "road": "L\u2019Oc\u00e9ane",
        "postalcode": "28160"
      }
    },
    {
      "type": "Feature",
      "geometry": {
        "type": "Point",
        "coordinates": [
          4.31626701,
          52.0619545
        ]
      },
      "properties": {
        "netid": "48:27:EA:D3:E9:6E",
        "ssid": "AndroidAPE96E",
        "oui": "48:27:EA",
        "channel": 11,
        "encryption": "wpa2",
        "firsttime": "2024-10-27T09:00:00.000Z",
        "lasttime": "2024-10-31T10:00:00.000Z",
        "city": "Den Haag",
        "region": "Zuid-Holland",
        "country": "NL",
        "road": "Verheeskade",
        "postalcode": "2521BN"
      }
    },
    {
      "type": "Feature",
      "geometry": {
        "type": "Point",
        "coordinates": [
          19.05938911,
          47.50213242
        ]
      },
      "properties": {
        "netid": "48:27:EA:D3:F3:00",
        "ssid": "Galaxy J5F300",
        "oui": "48:27:EA",
        "channel": 6,
        "encryption": "wpa2",
        "firsttime": "2023-07-12T18:00:00.000Z",
        "lasttime": "2024-12-19T10:00:00.000Z",
        "city": null,
        "region": "Budapest",
        "country": "HU",
        "road": "Andr\u00e1ssy \u00fat",
        "postalcode": "1061"
      }
    },
    {
      "type": "Feature",
      "geometry": {
        "type": "Point",
        "coordinates": [
          37.48761749,
          55.84080887
        ]
      },
      "properties": {
        "netid": "48:27:EA:D4:26:E8",
        "ssid": "AndroidAP26E8   MTS",
        "oui": "48:27:EA",
        "channel": 11,
        "encryption": "unknown",
        "firsttime": "2024-12-07T05:00:00.000Z",
        "lasttime": "2025-04-30T13:00:00.000Z",
        "city": "\u041c\u043e\u0441\u043a\u0432\u0430",
        "region": "\u041c\u043e\u0441\u043a\u0432\u0430",
        "country": "RU",
        "road": "\u041a\u0440\u043e\u043d\u0448\u0442\u0430\u0434\u0442\u0441\u043a\u0438\u0439 \u0431\u0443\u043b\u044c\u0432\u0430\u0440",
        "postalcode": "125212"
      }
    },
    {
      "type": "Feature",
      "geometry": {
        "type": "Point",
        "coordinates": [
          37.85702896,
          55.87797165
        ]
      },
      "properties": {
        "netid": "48:27:EA:D4:39:AA",
        "ssid": "Galaxy J539AA",
        "oui": "48:27:EA",
        "channel": 11,
        "encryption": "unknown",
        "firsttime": "2024-11-14T19:00:00.000Z",
        "lasttime": "2025-01-02T06:00:00.000Z",
        "city": "\u041a\u043e\u0440\u043e\u043b\u0451\u0432",
        "region": "\u041c\u043e\u0441\u043a\u043e\u0432\u0441\u043a\u0430\u044f \u043e\u0431\u043b\u0430\u0441\u0442\u044c",
        "country": "RU",
        "road": null,
        "postalcode": "141076"
      }
    },
    {
      "type": "Feature",
      "geometry": {
        "type": "Point",
        "coordinates": [
          9.96449184,
          44.11031723
        ]
      },
      "properties": {
        "netid": "48:27:EA:D4:4C:8A",
        "ssid": "AndroidNello",
        "oui": "48:27:EA",
        "channel": 1,
        "encryption": "wpa2",
        "firsttime": "2025-04-27T11:00:00.000Z",
        "lasttime": "2025-04-27T09:00:00.000Z",
        "city": "Sarzana",
        "region": "Liguria",
        "country": "IT",
        "road": "Via Luigi Neri",
        "postalcode": "1903"
      }
    },
    {
      "type": "Feature",
      "geometry": {
        "type": "Point",
        "coordinates": [
          37.53116608,
          55.64814377
        ]
      },
      "properties": {
        "netid": "48:27:EA:D4:99:60",
        "ssid": "White Iverson",
        "oui": "48:27:EA",
        "channel": 6,
        "encryption": "unknown",
        "firsttime": "2025-01-09T11:00:00.000Z",
        "lasttime": "2025-01-09T03:00:00.000Z",
        "city": "\u041c\u043e\u0441\u043a\u0432\u0430",
        "region": "\u041c\u043e\u0441\u043a\u0432\u0430",
        "country": "RU",
        "road": "\u041f\u0440\u043e\u0444\u0441\u043e\u044e\u0437\u043d\u0430\u044f \u0443\u043b\u0438\u0446\u0430",
        "postalcode": "117485"
      }
    },
    {
      "type": "Feature",
      "geometry": {
        "type": "Point",
        "coordinates": [
          -57.60995865,
          -25.30000305
        ]
      },
      "properties": {
        "netid": "48:27:EA:D6:71:CC",
        "ssid": "AndroidAP71CC",
        "oui": "48:27:EA",
        "channel": 11,
        "encryption": "wpa2",
        "firsttime": "2025-04-24T14:00:00.000Z",
        "lasttime": "2025-04-30T05:00:00.000Z",
        "city": "Asunci\u00f3n",
        "region": "Distrito Capital de Paraguay",
        "country": "PY",
        "road": "Celsa Speratti",
        "postalcode": "1590"
      }
    },
    {
      "type": "Feature",
      "geometry": {
        "type": "Point",
        "coordinates": [
          -77.02263641,
          -12.13638783
        ]
      },
      "properties": {
        "netid": "48:27:EA:D6:7C:74",
        "ssid": "AndroidAP7C74",
        "oui": "48:27:EA",
        "channel": 11,
        "encryption": "wpa2",
        "firsttime": "2024-11-29T18:00:00.000Z",
        "lasttime": "2024-11-29T11:00:00.000Z",
        "city": "Barranco",
        "region": "Lima",
        "country": "PE",
        "road": "Avenida Almirante Miguel Grau",
        "postalcode": "15063"
      }
    },
    {
      "type": "Feature",
      "geometry": {
        "type": "Point",
        "coordinates": [
          4.76617193,
          45.6912384
        ]
      },
      "properties": {
        "netid": "48:27:EA:D6:9F:7A",
        "ssid": "AndroidAP9F7A",
        "oui": "48:27:EA",
        "channel": 1,
        "encryption": "wpa2",
        "firsttime": "2025-02-09T21:00:00.000Z",
        "lasttime": "2025-02-09T13:00:00.000Z",
        "city": null,
        "region": "Auvergne-Rh\u00f4ne-Alpes",
        "country": "FR",
        "road": "Route de Brignais",
        "postalcode": "69230"
      }
    },
    {
      "type": "Feature",
      "geometry": {
        "type": "Point",
        "coordinates": [
          80.02586365,
          6.83156586
        ]
      },
      "properties": {
        "netid": "48:27:EA:D6:B9:38",
        "ssid": "AndroidAPB938",
        "oui": "48:27:EA",
        "channel": 1,
        "encryption": "wpa2",
        "firsttime": "2026-08-13T02:00:00.000Z",
        "lasttime": "2026-08-12T20:00:00.000Z",
        "city": null,
        "region": "\u0db6\u0dc3\u0dca\u0db1\u0dcf\u0dc4\u0dd2\u0dbb \u0db4\u0dc5\u0dcf\u0dad",
        "country": "LK",
        "road": "Pitipana-Thalagala Road",
        "postalcode": "2004"
      }
    },
    {
      "type": "Feature",
      "geometry": {
        "type": "Point",
        "coordinates": [
          22.26578903,
          60.45143127
        ]
      },
      "properties": {
        "netid": "48:27:EA:D6:D2:6C",
        "ssid": "AndroidAP",
        "oui": "48:27:EA",
        "channel": 1,
        "encryption": "wpa2",
        "firsttime": "2026-05-05T11:00:00.000Z",
        "lasttime": "2026-07-24T00:00:00.000Z",
        "city": "Turku",
        "region": "Manner-Suomi",
        "country": "FI",
        "road": null,
        "postalcode": "20100"
      }
    },
    {
      "type": "Feature",
      "geometry": {
        "type": "Point",
        "coordinates": [
          4.31595421,
          52.06212234
        ]
      },
      "properties": {
        "netid": "48:27:EA:D7:00:DB",
        "ssid": "AndroidAP",
        "oui": "48:27:EA",
        "channel": 6,
        "encryption": "wpa2",
        "firsttime": "2025-01-24T17:00:00.000Z",
        "lasttime": "2025-03-20T09:00:00.000Z",
        "city": "Den Haag",
        "region": "Zuid-Holland",
        "country": "NL",
        "road": "Verheeskade",
        "postalcode": "2521DG"
      }
    },
    {
      "type": "Feature",
      "geometry": {
        "type": "Point",
        "coordinates": [
          12.25273514,
          41.79239273
        ]
      },
      "properties": {
        "netid": "48:27:EA:D7:19:FF",
        "ssid": "AndroidAP",
        "oui": "48:27:EA",
        "channel": 1,
        "encryption": "wpa2",
        "firsttime": "2025-04-23T13:00:00.000Z",
        "lasttime": "2025-04-23T09:00:00.000Z",
        "city": null,
        "region": "Lazio",
        "country": "IT",
        "road": "Via Francesco Aurelio Di Bella",
        "postalcode": "00054"
      }
    },
    {
      "type": "Feature",
      "geometry": {
        "type": "Point",
        "coordinates": [
          16.3768425,
          48.18698502
        ]
      },
      "properties": {
        "netid": "48:27:EA:D7:72:BF",
        "ssid": "AndroidAP",
        "oui": "48:27:EA",
        "channel": 11,
        "encryption": "wpa2",
        "firsttime": "2025-07-26T14:00:00.000Z",
        "lasttime": "2025-07-26T20:00:00.000Z",
        "city": "Wien",
        "region": "Schaumburgergrund",
        "country": "AT",
        "road": "Wiedner G\u00fcrtel",
        "postalcode": "1040"
      }
    },
    {
      "type": "Feature",
      "geometry": {
        "type": "Point",
        "coordinates": [
          16.22957611,
          47.93665314
        ]
      },
      "properties": {
        "netid": "48:27:EA:D7:76:B3",
        "ssid": "AndroidAP76B3",
        "oui": "48:27:EA",
        "channel": 6,
        "encryption": "wpa2",
        "firsttime": "2024-09-21T07:00:00.000Z",
        "lasttime": "2024-09-21T04:00:00.000Z",
        "city": null,
        "region": "Nieder\u00f6sterreich",
        "country": "AT",
        "road": "S\u00fcdbahnstra\u00dfe",
        "postalcode": "2544"
      }
    },
    {
      "type": "Feature",
      "geometry": {
        "type": "Point",
        "coordinates": [
          12.37984848,
          51.34411621
        ]
      },
      "properties": {
        "netid": "48:27:EA:D7:88:49",
        "ssid": "AndroidAP",
        "oui": "48:27:EA",
        "channel": 11,
        "encryption": "wpa2",
        "firsttime": "2025-06-10T14:00:00.000Z",
        "lasttime": "2025-07-20T03:00:00.000Z",
        "city": "Leipzig",
        "region": "Sachsen",
        "country": "DE",
        "road": "Willy-Brandt-Platz",
        "postalcode": "04109"
      }
    },
    {
      "type": "Feature",
      "geometry": {
        "type": "Point",
        "coordinates": [
          19.10790634,
          47.50120926
        ]
      },
      "properties": {
        "netid": "48:27:EA:D7:90:0D",
        "ssid": "AndroidAP900D",
        "oui": "48:27:EA",
        "channel": 11,
        "encryption": "wpa2",
        "firsttime": "2025-06-10T07:00:00.000Z",
        "lasttime": "2025-07-10T09:00:00.000Z",
        "city": null,
        "region": "Budapest",
        "country": "HU",
        "road": "Hung\u00e1ria k\u00f6r\u00fat",
        "postalcode": "1143"
      }
    },
    {
      "type": "Feature",
      "geometry": {
        "type": "Point",
        "coordinates": [
          5.45855141,
          52.1668396
        ]
      },
      "properties": {
        "netid": "48:27:EA:D7:94:83",
        "ssid": "Pers",
        "oui": "48:27:EA",
        "channel": 11,
        "encryption": "wpa2",
        "firsttime": "2024-10-20T12:00:00.000Z",
        "lasttime": "2025-05-10T05:00:00.000Z",
        "city": "Amersfoort",
        "region": "Utrecht",
        "country": "NL",
        "road": "Rijksweg A1",
        "postalcode": "3871MS"
      }
    },
    {
      "type": "Feature",
      "geometry": {
        "type": "Point",
        "coordinates": [
          71.3996048,
          51.1679306
        ]
      },
      "properties": {
        "netid": "48:27:EA:D8:13:3D",
        "ssid": "Astralis",
        "oui": "48:27:EA",
        "channel": 1,
        "encryption": "wpa2",
        "firsttime": "2023-03-17T17:00:00.000Z",
        "lasttime": "2025-01-09T21:00:00.000Z",
        "city": "\u0410\u0441\u0442\u0430\u043d\u0430",
        "region": "\u0410\u0441\u0442\u0430\u043d\u0430",
        "country": "KZ",
        "road": "\u0443\u043b\u0438\u0446\u0430 \u041a\u0435\u043d\u0436\u0435\u0431\u0435\u043a\u0430 \u041a\u0443\u043c\u0438\u0441\u0431\u0435\u043a\u043e\u0432\u0430",
        "postalcode": "010000"
      }
    },
    {
      "type": "Feature",
      "geometry": {
        "type": "Point",
        "coordinates": [
          6.14990759,
          46.20452118
        ]
      },
      "properties": {
        "netid": "48:27:EA:D8:8C:9D",
        "ssid": "AndroidAP",
        "oui": "48:27:EA",
        "channel": 11,
        "encryption": "wpa2",
        "firsttime": "2025-08-01T20:00:00.000Z",
        "lasttime": "2025-08-01T15:00:00.000Z",
        "city": "Gen\u00e8ve",
        "region": "Gen\u00e8ve",
        "country": "CH",
        "road": "Quai du G\u00e9n\u00e9ral-Guisan",
        "postalcode": "1204"
      }
    },
    {
      "type": "Feature",
      "geometry": {
        "type": "Point",
        "coordinates": [
          37.97406769,
          55.97444534
        ]
      },
      "properties": {
        "netid": "48:27:EA:D8:90:CD",
        "ssid": "AndroidAP90CD",
        "oui": "48:27:EA",
        "channel": 1,
        "encryption": "unknown",
        "firsttime": "2024-10-09T13:00:00.000Z",
        "lasttime": "2024-10-22T03:00:00.000Z",
        "city": null,
        "region": "\u041c\u043e\u0441\u043a\u043e\u0432\u0441\u043a\u0430\u044f \u043e\u0431\u043b\u0430\u0441\u0442\u044c",
        "country": "RU",
        "road": null,
        "postalcode": "141284"
      }
    },
    {
      "type": "Feature",
      "geometry": {
        "type": "Point",
        "coordinates": [
          12.15534019,
          43.08243942
        ]
      },
      "properties": {
        "netid": "48:27:EA:D8:98:81",
        "ssid": "AndroidAP9881",
        "oui": "48:27:EA",
        "channel": 1,
        "encryption": "none",
        "firsttime": "2026-07-22T14:00:00.000Z",
        "lasttime": "2026-07-23T09:00:00.000Z",
        "city": null,
        "region": "Umbria",
        "country": "IT",
        "road": "Via della Sapienza",
        "postalcode": "06063"
      }
    },
    {
      "type": "Feature",
      "geometry": {
        "type": "Point",
        "coordinates": [
          2.27690792,
          48.8593483
        ]
      },
      "properties": {
        "netid": "48:27:EA:D8:99:5F",
        "ssid": "EEE",
        "oui": "48:27:EA",
        "channel": 8,
        "encryption": "wpa2",
        "firsttime": "2025-03-08T16:00:00.000Z",
        "lasttime": "2025-11-07T04:00:00.000Z",
        "city": "Paris",
        "region": "\u00cele-de-France",
        "country": "FR",
        "road": "Rue Faustin H\u00e9lie",
        "postalcode": "75116"
      }
    },
    {
      "type": "Feature",
      "geometry": {
        "type": "Point",
        "coordinates": [
          -1.1704272,
          52.65076447
        ]
      },
      "properties": {
        "netid": "48:27:EA:D8:AD:63",
        "ssid": "AndroidAPAD63",
        "oui": "48:27:EA",
        "channel": 11,
        "encryption": "wpa2",
        "firsttime": "2026-03-13T21:00:00.000Z",
        "lasttime": "2026-03-13T17:00:00.000Z",
        "city": "Leicester",
        "region": "England",
        "country": "GB",
        "road": "Groby Road",
        "postalcode": "LE3 9QJ"
      }
    },
    {
      "type": "Feature",
      "geometry": {
        "type": "Point",
        "coordinates": [
          9.93782711,
          53.47312546
        ]
      },
      "properties": {
        "netid": "48:27:EA:D8:B4:83",
        "ssid": "AndroidAPB483",
        "oui": "48:27:EA",
        "channel": 11,
        "encryption": "wpa2",
        "firsttime": "2025-05-13T07:00:00.000Z",
        "lasttime": "2026-04-19T10:00:00.000Z",
        "city": "Hamburg",
        "region": "Heimfeld",
        "country": "DE",
        "road": "Moorburger Bogen",
        "postalcode": "21079"
      }
    },
    {
      "type": "Feature",
      "geometry": {
        "type": "Point",
        "coordinates": [
          -0.0480821,
          51.47394943
        ]
      },
      "properties": {
        "netid": "48:27:EA:D8:EA:1D",
        "ssid": "Galaxy J5EA1D",
        "oui": "48:27:EA",
        "channel": 11,
        "encryption": "wpa2",
        "firsttime": "2025-05-10T16:00:00.000Z",
        "lasttime": "2025-05-12T11:00:00.000Z",
        "city": "London",
        "region": "England",
        "country": "GB",
        "road": "Queen's Road",
        "postalcode": "SE14 5HD"
      }
    },
    {
      "type": "Feature",
      "geometry": {
        "type": "Point",
        "coordinates": [
          6.17362452,
          49.60248184
        ]
      },
      "properties": {
        "netid": "48:27:EA:D9:0D:C5",
        "ssid": "AndroidAP",
        "oui": "48:27:EA",
        "channel": 6,
        "encryption": "wpa2",
        "firsttime": "2025-07-24T11:00:00.000Z",
        "lasttime": "2025-07-24T04:00:00.000Z",
        "city": null,
        "region": "Canton Luxembourg",
        "country": "LU",
        "road": "Autoroute de Tr\u00e8ves",
        "postalcode": "1348"
      }
    },
    {
      "type": "Feature",
      "geometry": {
        "type": "Point",
        "coordinates": [
          8.97419643,
          54.61445236
        ]
      },
      "properties": {
        "netid": "48:27:EA:D9:2D:3F",
        "ssid": "AndroidAP",
        "oui": "48:27:EA",
        "channel": 1,
        "encryption": "wpa2",
        "firsttime": "2019-12-15T22:00:00.000Z",
        "lasttime": "2024-12-01T01:00:00.000Z",
        "city": null,
        "region": "Schleswig-Holstein",
        "country": "DE",
        "road": "Husumer Stra\u00dfe",
        "postalcode": "25821"
      }
    },
    {
      "type": "Feature",
      "geometry": {
        "type": "Point",
        "coordinates": [
          8.87696934,
          54.49155426
        ]
      },
      "properties": {
        "netid": "48:27:EA:D9:31:D7",
        "ssid": "AndroidAP31D7",
        "oui": "48:27:EA",
        "channel": 11,
        "encryption": "wpa2",
        "firsttime": "2024-04-05T06:00:00.000Z",
        "lasttime": "2025-02-13T04:00:00.000Z",
        "city": null,
        "region": "Schleswig-Holstein",
        "country": "DE",
        "road": "England",
        "postalcode": "25845"
      }
    },
    {
      "type": "Feature",
      "geometry": {
        "type": "Point",
        "coordinates": [
          9.35962486,
          52.28993988
        ]
      },
      "properties": {
        "netid": "48:27:EA:D9:32:77",
        "ssid": "AndroidAP3277",
        "oui": "48:27:EA",
        "channel": 1,
        "encryption": "wpa2",
        "firsttime": "2020-10-09T17:00:00.000Z",
        "lasttime": "2026-08-13T11:00:00.000Z",
        "city": null,
        "region": "Niedersachsen",
        "country": "DE",
        "road": "A 2",
        "postalcode": "31867"
      }
    },
    {
      "type": "Feature",
      "geometry": {
        "type": "Point",
        "coordinates": [
          24.8721447,
          44.85652924
        ]
      },
      "properties": {
        "netid": "48:27:EA:D9:89:93",
        "ssid": "AndroidAP8993",
        "oui": "48:27:EA",
        "channel": 11,
        "encryption": "wpa2",
        "firsttime": "2024-08-19T13:00:00.000Z",
        "lasttime": "2025-06-11T03:00:00.000Z",
        "city": "Pite\u0219ti",
        "region": "Arge\u0219",
        "country": "RO",
        "road": "Bulevardul Republicii",
        "postalcode": "110016"
      }
    },
    {
      "type": "Feature",
      "geometry": {
        "type": "Point",
        "coordinates": [
          10.10436058,
          48.43296051
        ]
      },
      "properties": {
        "netid": "48:27:EA:D9:9E:6B",
        "ssid": "Galaxy J59E6B",
        "oui": "48:27:EA",
        "channel": 6,
        "encryption": "wpa2",
        "firsttime": "2025-12-05T16:00:00.000Z",
        "lasttime": "2025-12-05T12:00:00.000Z",
        "city": null,
        "region": "Bayern",
        "country": "DE",
        "road": "A 7",
        "postalcode": "89278"
      }
    },
    {
      "type": "Feature",
      "geometry": {
        "type": "Point",
        "coordinates": [
          9.83340073,
          49.77034378
        ]
      },
      "properties": {
        "netid": "48:27:EA:D9:E2:B1",
        "ssid": "AndroidAP",
        "oui": "48:27:EA",
        "channel": 6,
        "encryption": "wpa2",
        "firsttime": "2025-05-05T02:00:00.000Z",
        "lasttime": "2025-06-06T05:00:00.000Z",
        "city": null,
        "region": "Bayern",
        "country": "DE",
        "road": "M\u00fcllersweg",
        "postalcode": "97249"
      }
    },
    {
      "type": "Feature",
      "geometry": {
        "type": "Point",
        "coordinates": [
          19.4221096,
          50.48577118
        ]
      },
      "properties": {
        "netid": "48:27:EA:D9:E4:37",
        "ssid": "Galaxy J5E437",
        "oui": "48:27:EA",
        "channel": 6,
        "encryption": "wpa2",
        "firsttime": "2024-09-19T10:00:00.000Z",
        "lasttime": "2024-09-19T03:00:00.000Z",
        "city": null,
        "region": "wojew\u00f3dztwo \u015bl\u0105skie",
        "country": "PL",
        "road": "G\u00f3rno\u015bl\u0105ska",
        "postalcode": "42-400"
      }
    },
    {
      "type": "Feature",
      "geometry": {
        "type": "Point",
        "coordinates": [
          22.25513268,
          52.40494156
        ]
      },
      "properties": {
        "netid": "48:27:EA:D9:F3:37",
        "ssid": "AndroidAP2274",
        "oui": "48:27:EA",
        "channel": 1,
        "encryption": "unknown",
        "firsttime": "2024-10-20T14:00:00.000Z",
        "lasttime": "2024-10-20T19:00:00.000Z",
        "city": null,
        "region": "wojew\u00f3dztwo mazowieckie",
        "country": "PL",
        "road": "D\u0142uga",
        "postalcode": "08-300"
      }
    },
    {
      "type": "Feature",
      "geometry": {
        "type": "Point",
        "coordinates": [
          58.96146393,
          53.37187576
        ]
      },
      "properties": {
        "netid": "48:27:EA:DA:0B:4B",
        "ssid": "AndroidAP0B4B",
        "oui": "48:27:EA",
        "channel": 1,
        "encryption": "unknown",
        "firsttime": "2026-06-10T13:00:00.000Z",
        "lasttime": "2026-06-10T10:00:00.000Z",
        "city": "\u041c\u0430\u0433\u043d\u0438\u0442\u043e\u0433\u043e\u0440\u0441\u043a",
        "region": "\u0427\u0435\u043b\u044f\u0431\u0438\u043d\u0441\u043a\u0430\u044f \u043e\u0431\u043b\u0430\u0441\u0442\u044c",
        "country": "RU",
        "road": "\u0421\u043e\u0432\u0435\u0442\u0441\u043a\u0430\u044f \u0443\u043b\u0438\u0446\u0430",
        "postalcode": "455000"
      }
    },
    {
      "type": "Feature",
      "geometry": {
        "type": "Point",
        "coordinates": [
          44.52079391,
          40.18803406
        ]
      },
      "properties": {
        "netid": "48:27:EA:DA:10:09",
        "ssid": "AndroidAP1009viva.am",
        "oui": "48:27:EA",
        "channel": 6,
        "encryption": "unknown",
        "firsttime": "2024-09-04T04:00:00.000Z",
        "lasttime": "2024-09-11T00:00:00.000Z",
        "city": "\u0535\u0580\u0587\u0561\u0576",
        "region": "\u0535\u0580\u0587\u0561\u0576",
        "country": "AM",
        "road": "\u054f\u0565\u0580\u0575\u0561\u0576 \u0583\u0578\u0572\u0578\u0581",
        "postalcode": "0009"
      }
    },
    {
      "type": "Feature",
      "geometry": {
        "type": "Point",
        "coordinates": [
          -58.42673111,
          -34.57783508
        ]
      },
      "properties": {
        "netid": "48:27:EA:DA:2C:65",
        "ssid": "Lothy",
        "oui": "48:27:EA",
        "channel": 11,
        "encryption": "wpa2",
        "firsttime": "2024-09-29T17:00:00.000Z",
        "lasttime": "2024-09-29T11:00:00.000Z",
        "city": "Buenos Aires",
        "region": "Ciudad Aut\u00f3noma de Buenos Aires",
        "country": "AR",
        "road": "Avenida Santa Fe",
        "postalcode": "C1425BHW"
      }
    },
    {
      "type": "Feature",
      "geometry": {
        "type": "Point",
        "coordinates": [
          -58.45014572,
          -34.55810165
        ]
      },
      "properties": {
        "netid": "48:27:EA:DA:3C:6B",
        "ssid": "AndroidAP3C6B",
        "oui": "48:27:EA",
        "channel": 11,
        "encryption": "wpa2",
        "firsttime": "2025-08-17T19:00:00.000Z",
        "lasttime": "2025-08-17T13:00:00.000Z",
        "city": "Buenos Aires",
        "region": "Ciudad Aut\u00f3noma de Buenos Aires",
        "country": "AR",
        "road": "Avenida Juramento",
        "postalcode": "C1428AID"
      }
    },
    {
      "type": "Feature",
      "geometry": {
        "type": "Point",
        "coordinates": [
          5.19423771,
          43.58898544
        ]
      },
      "properties": {
        "netid": "48:27:EA:DA:86:E5",
        "ssid": "AndroidHotspot6987",
        "oui": "48:27:EA",
        "channel": 6,
        "encryption": "wpa2",
        "firsttime": "2023-12-27T15:00:00.000Z",
        "lasttime": "2025-03-29T16:00:00.000Z",
        "city": "Lan\u00e7on-Provence",
        "region": "Provence-Alpes-C\u00f4te d'Azur",
        "country": "FR",
        "road": "Autoroute du Soleil",
        "postalcode": "13680"
      }
    },
    {
      "type": "Feature",
      "geometry": {
        "type": "Point",
        "coordinates": [
          -4.32461309,
          48.09461212
        ]
      },
      "properties": {
        "netid": "48:27:EA:DA:9D:83",
        "ssid": "AnnaNah internet",
        "oui": "48:27:EA",
        "channel": 6,
        "encryption": "wpa2",
        "firsttime": "2025-09-03T09:00:00.000Z",
        "lasttime": "2025-09-03T03:00:00.000Z",
        "city": null,
        "region": "Bretagne",
        "country": "FR",
        "road": null,
        "postalcode": "29100"
      }
    },
    {
      "type": "Feature",
      "geometry": {
        "type": "Point",
        "coordinates": [
          -1.24188101,
          51.04785156
        ]
      },
      "properties": {
        "netid": "48:27:EA:DA:A3:E1",
        "ssid": "Galaxy J3(2017)589A",
        "oui": "48:27:EA",
        "channel": 6,
        "encryption": "wpa2",
        "firsttime": "2024-09-19T10:00:00.000Z",
        "lasttime": "2024-12-11T00:00:00.000Z",
        "city": "Winchester",
        "region": "England",
        "country": "GB",
        "road": "The Stairs",
        "postalcode": "SO21 1HL"
      }
    },
    {
      "type": "Feature",
      "geometry": {
        "type": "Point",
        "coordinates": [
          104.36339569,
          16.06463623
        ]
      },
      "properties": {
        "netid": "48:27:EA:DB:09:69",
        "ssid": "AndroidAP0969",
        "oui": "48:27:EA",
        "channel": 6,
        "encryption": "wpa2",
        "firsttime": "2026-02-26T02:00:00.000Z",
        "lasttime": "2026-02-25T19:00:00.000Z",
        "city": null,
        "region": "\u0e08\u0e31\u0e07\u0e2b\u0e27\u0e31\u0e14\u0e22\u0e42\u0e2a\u0e18\u0e23",
        "country": "TH",
        "road": "2169",
        "postalcode": "35140"
      }
    },
    {
      "type": "Feature",
      "geometry": {
        "type": "Point",
        "coordinates": [
          15.82046986,
          56.72452927
        ]
      },
      "properties": {
        "netid": "48:27:EA:DB:50:7F",
        "ssid": "AndroidAP507F",
        "oui": "48:27:EA",
        "channel": 11,
        "encryption": "wpa2",
        "firsttime": "2025-02-27T10:00:00.000Z",
        "lasttime": "2025-03-15T05:00:00.000Z",
        "city": null,
        "region": "Kalmar l\u00e4n",
        "country": "SE",
        "road": "25",
        "postalcode": "38296"
      }
    },
    {
      "type": "Feature",
      "geometry": {
        "type": "Point",
        "coordinates": [
          -35.98177338,
          -8.27509689
        ]
      },
      "properties": {
        "netid": "48:27:EA:DB:61:27",
        "ssid": "AndroidAP6127",
        "oui": "48:27:EA",
        "channel": 11,
        "encryption": "wpa2",
        "firsttime": "2025-11-25T15:00:00.000Z",
        "lasttime": "2025-11-27T04:00:00.000Z",
        "city": "Caruaru",
        "region": "Pernambuco",
        "country": "BR",
        "road": "Rua Bahia",
        "postalcode": "55014-220"
      }
    },
    {
      "type": "Feature",
      "geometry": {
        "type": "Point",
        "coordinates": [
          13.65332699,
          50.3659668
        ]
      },
      "properties": {
        "netid": "48:27:EA:DB:6D:03",
        "ssid": "AndroidAP",
        "oui": "48:27:EA",
        "channel": 11,
        "encryption": "wpa2",
        "firsttime": "2026-07-30T14:00:00.000Z",
        "lasttime": "2026-08-13T10:00:00.000Z",
        "city": null,
        "region": "Severoz\u00e1pad",
        "country": "CZ",
        "road": "D7",
        "postalcode": "439 42"
      }
    },
    {
      "type": "Feature",
      "geometry": {
        "type": "Point",
        "coordinates": [
          11.76430511,
          47.38560867
        ]
      },
      "properties": {
        "netid": "48:27:EA:DB:C9:AF",
        "ssid": "Janek INTERNET",
        "oui": "48:27:EA",
        "channel": 6,
        "encryption": "wpa2",
        "firsttime": "2025-07-07T08:00:00.000Z",
        "lasttime": "2025-08-12T08:00:00.000Z",
        "city": "Marktgemeinde Jenbach",
        "region": "Tirol",
        "country": "AT",
        "road": "Inntal Autobahn",
        "postalcode": "6200"
      }
    },
    {
      "type": "Feature",
      "geometry": {
        "type": "Point",
        "coordinates": [
          23.71160889,
          46.28593063
        ]
      },
      "properties": {
        "netid": "48:27:EA:DB:D6:2B",
        "ssid": "AndroidAP",
        "oui": "48:27:EA",
        "channel": 6,
        "encryption": "wpa2",
        "firsttime": "2024-10-05T11:00:00.000Z",
        "lasttime": "2024-10-05T06:00:00.000Z",
        "city": null,
        "region": "Alba",
        "country": "RO",
        "road": null,
        "postalcode": "515200"
      }
    },
    {
      "type": "Feature",
      "geometry": {
        "type": "Point",
        "coordinates": [
          5.52271843,
          52.16279602
        ]
      },
      "properties": {
        "netid": "48:27:EA:DB:DB:1D",
        "ssid": "robertrr",
        "oui": "48:27:EA",
        "channel": 1,
        "encryption": "wpa2",
        "firsttime": "2024-09-27T13:00:00.000Z",
        "lasttime": "2025-02-23T09:00:00.000Z",
        "city": "Amersfoort",
        "region": "Utrecht",
        "country": "NL",
        "road": "Rijksweg A1",
        "postalcode": "3784VG"
      }
    },
    {
      "type": "Feature",
      "geometry": {
        "type": "Point",
        "coordinates": [
          18.4329586,
          47.20195007
        ]
      },
      "properties": {
        "netid": "48:27:EA:DB:E1:AD",
        "ssid": "AC2",
        "oui": "48:27:EA",
        "channel": 1,
        "encryption": "wpa2",
        "firsttime": "2022-04-24T12:00:00.000Z",
        "lasttime": "2026-06-06T05:00:00.000Z",
        "city": "Sz\u00e9kesfeh\u00e9rv\u00e1r",
        "region": "K\u00f6z\u00e9p-Dun\u00e1nt\u00fal",
        "country": "HU",
        "road": "Kadocsa utca",
        "postalcode": "8000"
      }
    },
    {
      "type": "Feature",
      "geometry": {
        "type": "Point",
        "coordinates": [
          23.88002968,
          61.49857712
        ]
      },
      "properties": {
        "netid": "48:27:EA:DB:E8:E9",
        "ssid": "AndroidAP",
        "oui": "48:27:EA",
        "channel": 6,
        "encryption": "unknown",
        "firsttime": "2026-01-27T10:00:00.000Z",
        "lasttime": "2026-01-27T03:00:00.000Z",
        "city": "Tampere",
        "region": "Manner-Suomi",
        "country": "FI",
        "road": "Heikkil\u00e4nkatu",
        "postalcode": "33580"
      }
    },
    {
      "type": "Feature",
      "geometry": {
        "type": "Point",
        "coordinates": [
          49.16823196,
          53.24863815
        ]
      },
      "properties": {
        "netid": "48:27:EA:DD:7C:84",
        "ssid": "Galaxy J57C84",
        "oui": "48:27:EA",
        "channel": 1,
        "encryption": "unknown",
        "firsttime": "2024-09-17T04:00:00.000Z",
        "lasttime": "2024-09-17T07:00:00.000Z",
        "city": null,
        "region": "\u0421\u0430\u043c\u0430\u0440\u0441\u043a\u0430\u044f \u043e\u0431\u043b\u0430\u0441\u0442\u044c",
        "country": "RU",
        "road": "\u041d\u043e\u0432\u043e-\u0421\u0430\u0434\u043e\u0432\u0430\u044f \u0443\u043b\u0438\u0446\u0430",
        "postalcode": null
      }
    },
    {
      "type": "Feature",
      "geometry": {
        "type": "Point",
        "coordinates": [
          38.89463425,
          44.2133255
        ]
      },
      "properties": {
        "netid": "48:27:EA:DD:9A:1C",
        "ssid": "AndroidAP",
        "oui": "48:27:EA",
        "channel": 6,
        "encryption": "unknown",
        "firsttime": "2025-12-14T02:00:00.000Z",
        "lasttime": "2025-12-14T03:00:00.000Z",
        "city": null,
        "region": "\u041a\u0440\u0430\u0441\u043d\u043e\u0434\u0430\u0440\u0441\u043a\u0438\u0439 \u043a\u0440\u0430\u0439",
        "country": "RU",
        "road": "\u0427\u0435\u0440\u043d\u043e\u043c\u043e\u0440\u0441\u043a\u0430\u044f \u0443\u043b\u0438\u0446\u0430",
        "postalcode": "352840"
      }
    },
    {
      "type": "Feature",
      "geometry": {
        "type": "Point",
        "coordinates": [
          27.5820713,
          53.93678665
        ]
      },
      "properties": {
        "netid": "48:27:EA:DD:9F:F8",
        "ssid": "AndroidMVL\u20709",
        "oui": "48:27:EA",
        "channel": 1,
        "encryption": "wpa2",
        "firsttime": "2024-10-31T14:00:00.000Z",
        "lasttime": "2024-11-01T00:00:00.000Z",
        "city": "\u041c\u0438\u043d\u0441\u043a",
        "region": "\u0421\u0435\u043b\u044c\u0445\u043e\u0437\u043f\u043e\u0441\u0451\u043b\u043e\u043a",
        "country": "BY",
        "road": "\u0443\u043b\u0438\u0446\u0430 \u041c\u0430\u043a\u0441\u0438\u043c\u0430 \u0411\u043e\u0433\u0434\u0430\u043d\u043e\u0432\u0438\u0447\u0430",
        "postalcode": "220040"
      }
    },
    {
      "type": "Feature",
      "geometry": {
        "type": "Point",
        "coordinates": [
          19.05161285,
          47.49721909
        ]
      },
      "properties": {
        "netid": "48:27:EA:DD:B8:66",
        "ssid": "Galaxy A039c17",
        "oui": "48:27:EA",
        "channel": 9,
        "encryption": "wpa2",
        "firsttime": "2026-08-01T18:00:00.000Z",
        "lasttime": "2026-08-01T12:00:00.000Z",
        "city": null,
        "region": "Budapest",
        "country": "HU",
        "road": "B\u00e9csi utca",
        "postalcode": "1052"
      }
    },
    {
      "type": "Feature",
      "geometry": {
        "type": "Point",
        "coordinates": [
          2.3900888,
          48.83822632
        ]
      },
      "properties": {
        "netid": "48:27:EA:DD:D3:7E",
        "ssid": "AndroidAPD37E",
        "oui": "48:27:EA",
        "channel": 3,
        "encryption": "wpa2",
        "firsttime": "2024-09-28T15:00:00.000Z",
        "lasttime": "2024-09-28T08:00:00.000Z",
        "city": "Paris",
        "region": "\u00cele-de-France",
        "country": "FR",
        "road": "Rue de Charenton",
        "postalcode": "75012"
      }
    },
    {
      "type": "Feature",
      "geometry": {
        "type": "Point",
        "coordinates": [
          23.58753395,
          46.7831192
        ]
      },
      "properties": {
        "netid": "48:27:EA:DD:F9:C6",
        "ssid": "AndroidAP6229",
        "oui": "48:27:EA",
        "channel": 1,
        "encryption": "wpa2",
        "firsttime": "2025-08-18T13:00:00.000Z",
        "lasttime": "2025-08-21T08:00:00.000Z",
        "city": "Cluj-Napoca",
        "region": "Cluj",
        "country": "RO",
        "road": "Strada Horea",
        "postalcode": "400202"
      }
    },
    {
      "type": "Feature",
      "geometry": {
        "type": "Point",
        "coordinates": [
          -1.91525936,
          53.25462341
        ]
      },
      "properties": {
        "netid": "48:27:EA:DE:19:48",
        "ssid": "AndroidAP",
        "oui": "48:27:EA",
        "channel": 1,
        "encryption": "wpa2",
        "firsttime": "2024-09-21T12:00:00.000Z",
        "lasttime": "2024-09-21T05:00:00.000Z",
        "city": null,
        "region": "England",
        "country": "GB",
        "road": "High Street",
        "postalcode": "SK17 6ET"
      }
    },
    {
      "type": "Feature",
      "geometry": {
        "type": "Point",
        "coordinates": [
          8.71582127,
          49.28075027
        ]
      },
      "properties": {
        "netid": "48:27:EA:DE:94:4A",
        "ssid": "AndroidAP",
        "oui": "48:27:EA",
        "channel": 6,
        "encryption": "wpa2",
        "firsttime": "2025-01-24T12:00:00.000Z",
        "lasttime": "2025-06-07T05:00:00.000Z",
        "city": null,
        "region": "Baden-W\u00fcrttemberg",
        "country": "DE",
        "road": "A 6",
        "postalcode": "69168"
      }
    },
    {
      "type": "Feature",
      "geometry": {
        "type": "Point",
        "coordinates": [
          11.21775723,
          60.329216
        ]
      },
      "properties": {
        "netid": "48:27:EA:DE:97:66",
        "ssid": "AndroidAP",
        "oui": "48:27:EA",
        "channel": 1,
        "encryption": "wpa2",
        "firsttime": "2024-04-02T09:00:00.000Z",
        "lasttime": "2024-09-26T08:00:00.000Z",
        "city": null,
        "region": "Viken",
        "country": "NO",
        "road": "Eidsvollvegen",
        "postalcode": "2080"
      }
    },
    {
      "type": "Feature",
      "geometry": {
        "type": "Point",
        "coordinates": [
          15.69651604,
          48.18522263
        ]
      },
      "properties": {
        "netid": "48:27:EA:DE:AE:E0",
        "ssid": "AndroidAP",
        "oui": "48:27:EA",
        "channel": 11,
        "encryption": "wpa2",
        "firsttime": "2024-08-11T11:00:00.000Z",
        "lasttime": "2025-05-30T08:00:00.000Z",
        "city": "Gemeinde Pyhra",
        "region": "Nieder\u00f6sterreich",
        "country": "AT",
        "road": "West Autobahn",
        "postalcode": "3143"
      }
    },
    {
      "type": "Feature",
      "geometry": {
        "type": "Point",
        "coordinates": [
          -1.54921186,
          53.79325104
        ]
      },
      "properties": {
        "netid": "48:27:EA:DE:DA:36",
        "ssid": "Anna Phone",
        "oui": "48:27:EA",
        "channel": 6,
        "encryption": "wpa2",
        "firsttime": "2024-10-12T11:00:00.000Z",
        "lasttime": "2024-10-13T06:00:00.000Z",
        "city": "Leeds",
        "region": "England",
        "country": "GB",
        "road": "Wharf Approach",
        "postalcode": "LS1 4GS"
      }
    },
    {
      "type": "Feature",
      "geometry": {
        "type": "Point",
        "coordinates": [
          26.07188225,
          44.44283676
        ]
      },
      "properties": {
        "netid": "48:27:EA:DE:F3:24",
        "ssid": "Galaxy J5F324",
        "oui": "48:27:EA",
        "channel": 11,
        "encryption": "wpa2",
        "firsttime": "2025-03-15T10:00:00.000Z",
        "lasttime": "2025-03-15T06:00:00.000Z",
        "city": "Municipiul Bucure\u0219ti",
        "region": "Sector 6",
        "country": "RO",
        "road": "Calea Plevnei",
        "postalcode": "010243"
      }
    },
    {
      "type": "Feature",
      "geometry": {
        "type": "Point",
        "coordinates": [
          -8.70194149,
          41.28644943
        ]
      },
      "properties": {
        "netid": "48:27:EA:DE:F6:D4",
        "ssid": "AndroidAP",
        "oui": "48:27:EA",
        "channel": 1,
        "encryption": "wpa2",
        "firsttime": "2024-10-14T08:00:00.000Z",
        "lasttime": "2024-10-14T06:00:00.000Z",
        "city": "Labruge",
        "region": "Porto",
        "country": "PT",
        "road": "A 28",
        "postalcode": "4485-579"
      }
    },
    {
      "type": "Feature",
      "geometry": {
        "type": "Point",
        "coordinates": [
          -0.57317364,
          44.83406448
        ]
      },
      "properties": {
        "netid": "48:27:EA:DF:1C:36",
        "ssid": "N.u.love68",
        "oui": "48:27:EA",
        "channel": 11,
        "encryption": "wpa2",
        "firsttime": "2026-05-03T12:00:00.000Z",
        "lasttime": "2026-05-04T03:00:00.000Z",
        "city": "Bordeaux",
        "region": "Nouvelle-Aquitaine",
        "country": "FR",
        "road": "Rue Sainte-Catherine",
        "postalcode": "33000"
      }
    },
    {
      "type": "Feature",
      "geometry": {
        "type": "Point",
        "coordinates": [
          80.63451385,
          7.29140425
        ]
      },
      "properties": {
        "netid": "48:27:EA:DF:41:BC",
        "ssid": "AndroidAP",
        "oui": "48:27:EA",
        "channel": 1,
        "encryption": "wpa2",
        "firsttime": "2024-12-08T11:00:00.000Z",
        "lasttime": "2024-12-09T00:00:00.000Z",
        "city": "Kandy",
        "region": "\u0db8\u0db0\u0dca\u200d\u0dba\u0db8 \u0db4\u0dc5\u0dcf\u0dad",
        "country": "LK",
        "road": "H.B. Udurawana Mawatha",
        "postalcode": "20000"
      }
    },
    {
      "type": "Feature",
      "geometry": {
        "type": "Point",
        "coordinates": [
          49.69505692,
          34.07830811
        ]
      },
      "properties": {
        "netid": "48:27:EA:DF:4A:86",
        "ssid": "Saman",
        "oui": "48:27:EA",
        "channel": 1,
        "encryption": "wpa2",
        "firsttime": "2024-11-25T15:00:00.000Z",
        "lasttime": "2024-11-25T08:00:00.000Z",
        "city": "\u0634\u0647\u0631 \u0627\u0631\u0627\u06a9",
        "region": "\u0627\u0633\u062a\u0627\u0646 \u0645\u0631\u06a9\u0632\u06cc",
        "country": "IR",
        "road": "\u0634\u0631\u06cc\u0639\u062a\u06cc",
        "postalcode": "381914787"
      }
    },
    {
      "type": "Feature",
      "geometry": {
        "type": "Point",
        "coordinates": [
          22.53129578,
          51.24846268
        ]
      },
      "properties": {
        "netid": "48:27:EA:DF:C6:90",
        "ssid": "AndroidAP",
        "oui": "48:27:EA",
        "channel": 6,
        "encryption": "wpa2",
        "firsttime": "2026-04-16T15:00:00.000Z",
        "lasttime": "2026-04-16T08:00:00.000Z",
        "city": "Lublin",
        "region": "wojew\u00f3dztwo lubelskie",
        "country": "PL",
        "road": "Weteran\u00f3w",
        "postalcode": "20-044"
      }
    },
    {
      "type": "Feature",
      "geometry": {
        "type": "Point",
        "coordinates": [
          -1.5143559,
          51.41548157
        ]
      },
      "properties": {
        "netid": "48:27:EA:DF:F6:1A",
        "ssid": "AndroidAP",
        "oui": "48:27:EA",
        "channel": 6,
        "encryption": "wpa2",
        "firsttime": "2024-08-02T17:00:00.000Z",
        "lasttime": "2025-04-04T04:00:00.000Z",
        "city": null,
        "region": "England",
        "country": "GB",
        "road": "Everland Road",
        "postalcode": "RG17 0DP"
      }
    },
    {
      "type": "Feature",
      "geometry": {
        "type": "Point",
        "coordinates": [
          29.12628937,
          36.62047577
        ]
      },
      "properties": {
        "netid": "48:27:EA:E0:37:44",
        "ssid": "AndroidAP",
        "oui": "48:27:EA",
        "channel": 6,
        "encryption": "wpa2",
        "firsttime": "2024-09-10T10:00:00.000Z",
        "lasttime": "2024-09-30T08:00:00.000Z",
        "city": null,
        "region": "Ege B\u00f6lgesi",
        "country": "TR",
        "road": "145 Sokak",
        "postalcode": "48300"
      }
    },
    {
      "type": "Feature",
      "geometry": {
        "type": "Point",
        "coordinates": [
          60.50650406,
          41.49716568
        ]
      },
      "properties": {
        "netid": "48:27:EA:E0:51:42",
        "ssid": "AndroidAP5142",
        "oui": "48:27:EA",
        "channel": 1,
        "encryption": "wpa2",
        "firsttime": "2026-06-17T08:00:00.000Z",
        "lasttime": "2026-06-17T01:00:00.000Z",
        "city": null,
        "region": "Xorazm Viloyati",
        "country": "UZ",
        "road": "P158",
        "postalcode": null
      }
    },
    {
      "type": "Feature",
      "geometry": {
        "type": "Point",
        "coordinates": [
          76.93701935,
          43.24386978
        ]
      },
      "properties": {
        "netid": "48:27:EA:E0:96:8C",
        "ssid": "Ami",
        "oui": "48:27:EA",
        "channel": 11,
        "encryption": "wpa2",
        "firsttime": "2023-06-08T09:00:00.000Z",
        "lasttime": "2025-08-01T08:00:00.000Z",
        "city": "\u0410\u043b\u043c\u0430\u0442\u044b",
        "region": "\u0410\u043b\u043c\u0430\u043b\u0438\u043d\u0441\u043a\u0438\u0439 \u0440\u0430\u0439\u043e\u043d",
        "country": "KZ",
        "road": "\u049a\u04b1\u0440\u043c\u0430\u043d\u0493\u0430\u0437\u044b \u043a\u04e9\u0448\u0435\u0441\u0456",
        "postalcode": "050013"
      }
    },
    {
      "type": "Feature",
      "geometry": {
        "type": "Point",
        "coordinates": [
          37.77363205,
          55.70426559
        ]
      },
      "properties": {
        "netid": "48:27:EA:E0:98:2A",
        "ssid": "AndroidAP982A",
        "oui": "48:27:EA",
        "channel": 11,
        "encryption": "unknown",
        "firsttime": "2024-09-18T15:00:00.000Z",
        "lasttime": "2024-09-18T09:00:00.000Z",
        "city": "\u041c\u043e\u0441\u043a\u0432\u0430",
        "region": "\u041c\u043e\u0441\u043a\u0432\u0430",
        "country": "RU",
        "road": "\u0412\u043e\u043b\u0433\u043e\u0433\u0440\u0430\u0434\u0441\u043a\u0438\u0439 \u043f\u0440\u043e\u0441\u043f\u0435\u043a\u0442",
        "postalcode": "109443"
      }
    },
    {
      "type": "Feature",
      "geometry": {
        "type": "Point",
        "coordinates": [
          19.05828476,
          47.48705292
        ]
      },
      "properties": {
        "netid": "48:27:EA:E0:CB:A6",
        "ssid": "AndroidAPCBA6",
        "oui": "48:27:EA",
        "channel": 4,
        "encryption": "wpa2",
        "firsttime": "2024-11-11T12:00:00.000Z",
        "lasttime": "2024-11-11T10:00:00.000Z",
        "city": null,
        "region": "Budapest",
        "country": "HU",
        "road": "V\u00e1mh\u00e1z k\u00f6r\u00fat",
        "postalcode": "1093"
      }
    },
    {
      "type": "Feature",
      "geometry": {
        "type": "Point",
        "coordinates": [
          8.48857021,
          51.90250397
        ]
      },
      "properties": {
        "netid": "48:27:EA:E0:D7:84",
        "ssid": "AndroidAPD784",
        "oui": "48:27:EA",
        "channel": 1,
        "encryption": "wpa2",
        "firsttime": "2025-11-13T16:00:00.000Z",
        "lasttime": "2025-11-13T12:00:00.000Z",
        "city": null,
        "region": "Nordrhein-Westfalen",
        "country": "DE",
        "road": "A 2",
        "postalcode": "33415"
      }
    },
    {
      "type": "Feature",
      "geometry": {
        "type": "Point",
        "coordinates": [
          100.55937958,
          13.72046852
        ]
      },
      "properties": {
        "netid": "48:27:EA:E1:B6:40",
        "ssid": "\u0e19\u0e32\u0e22",
        "oui": "48:27:EA",
        "channel": 11,
        "encryption": "wpa2",
        "firsttime": "2025-12-13T10:00:00.000Z",
        "lasttime": "2025-12-15T06:00:00.000Z",
        "city": "\u0e01\u0e23\u0e38\u0e07\u0e40\u0e17\u0e1e\u0e21\u0e2b\u0e32\u0e19\u0e04\u0e23",
        "region": "\u0e01\u0e23\u0e38\u0e07\u0e40\u0e17\u0e1e\u0e21\u0e2b\u0e32\u0e19\u0e04\u0e23",
        "country": "TH",
        "road": "\u0e16\u0e19\u0e19\u0e23\u0e31\u0e0a\u0e14\u0e32\u0e20\u0e34\u0e40\u0e29\u0e01",
        "postalcode": "10110"
      }
    },
    {
      "type": "Feature",
      "geometry": {
        "type": "Point",
        "coordinates": [
          -9.14977837,
          38.71913528
        ]
      },
      "properties": {
        "netid": "48:27:EA:E1:F9:87",
        "ssid": "RETALIS WI FI",
        "oui": "48:27:EA",
        "channel": 6,
        "encryption": "wpa2",
        "firsttime": "2022-06-08T13:00:00.000Z",
        "lasttime": "2024-09-13T09:00:00.000Z",
        "city": "Lisboa",
        "region": "Lisboa",
        "country": "PT",
        "road": "Entrada do Jardim Bot\u00e2nico",
        "postalcode": "1250-099 S\u00c3O MAMEDE"
      }
    },
    {
      "type": "Feature",
      "geometry": {
        "type": "Point",
        "coordinates": [
          18.43983459,
          47.15145874
        ]
      },
      "properties": {
        "netid": "48:27:EA:E2:08:11",
        "ssid": "AndroidAP",
        "oui": "48:27:EA",
        "channel": 1,
        "encryption": "wpa2",
        "firsttime": "2024-06-09T13:00:00.000Z",
        "lasttime": "2025-09-27T07:00:00.000Z",
        "city": "Sz\u00e9kesfeh\u00e9rv\u00e1r",
        "region": "K\u00f6z\u00e9p-Dun\u00e1nt\u00fal",
        "country": "HU",
        "road": null,
        "postalcode": "8000"
      }
    },
    {
      "type": "Feature",
      "geometry": {
        "type": "Point",
        "coordinates": [
          16.5799675,
          51.84342957
        ]
      },
      "properties": {
        "netid": "48:27:EA:E2:19:EB",
        "ssid": "AndroidAP8482",
        "oui": "48:27:EA",
        "channel": 1,
        "encryption": "wpa2",
        "firsttime": "2026-07-08T16:00:00.000Z",
        "lasttime": "2026-07-08T15:00:00.000Z",
        "city": "Leszno",
        "region": "wojew\u00f3dztwo wielkopolskie",
        "country": "PL",
        "road": "Genera\u0142a Jaros\u0142awa D\u0105browskiego",
        "postalcode": "64-100"
      }
    },
    {
      "type": "Feature",
      "geometry": {
        "type": "Point",
        "coordinates": [
          16.65559578,
          51.81217957
        ]
      },
      "properties": {
        "netid": "48:27:EA:E2:26:49",
        "ssid": "BykuCantona",
        "oui": "48:27:EA",
        "channel": 1,
        "encryption": "wpa2",
        "firsttime": "2024-12-20T09:00:00.000Z",
        "lasttime": "2024-12-27T08:00:00.000Z",
        "city": null,
        "region": "wojew\u00f3dztwo wielkopolskie",
        "country": "PL",
        "road": null,
        "postalcode": "64-130"
      }
    },
    {
      "type": "Feature",
      "geometry": {
        "type": "Point",
        "coordinates": [
          16.99699211,
          51.06155777
        ]
      },
      "properties": {
        "netid": "48:27:EA:E2:2F:63",
        "ssid": "AndroidAP8326",
        "oui": "48:27:EA",
        "channel": 11,
        "encryption": "wpa2",
        "firsttime": "2022-12-18T10:00:00.000Z",
        "lasttime": "2025-10-01T12:00:00.000Z",
        "city": null,
        "region": "wojew\u00f3dztwo dolno\u015bl\u0105skie",
        "country": "PL",
        "road": "Aleja Karkonoska",
        "postalcode": "53-032"
      }
    },
    {
      "type": "Feature",
      "geometry": {
        "type": "Point",
        "coordinates": [
          24.69862366,
          59.44841766
        ]
      },
      "properties": {
        "netid": "48:27:EA:E3:19:81",
        "ssid": "Galaxy J5",
        "oui": "48:27:EA",
        "channel": 11,
        "encryption": "wpa2",
        "firsttime": "2023-11-17T14:00:00.000Z",
        "lasttime": "2026-06-19T00:00:00.000Z",
        "city": "Tallinn",
        "region": "Harju maakond",
        "country": "EE",
        "road": "S\u00f5le",
        "postalcode": "10314"
      }
    },
    {
      "type": "Feature",
      "geometry": {
        "type": "Point",
        "coordinates": [
          80.14311981,
          7.35885906
        ]
      },
      "properties": {
        "netid": "48:27:EA:E3:37:95",
        "ssid": "Nowty ",
        "oui": "48:27:EA",
        "channel": 6,
        "encryption": "wpa2",
        "firsttime": "2024-12-06T04:00:00.000Z",
        "lasttime": "2024-12-06T07:00:00.000Z",
        "city": null,
        "region": "\u0dc0\u0dba\u0db9 \u0db4\u0dc5\u0dcf\u0dad",
        "country": "LK",
        "road": "Kurunegala-Negombo Road",
        "postalcode": "60130"
      }
    },
    {
      "type": "Feature",
      "geometry": {
        "type": "Point",
        "coordinates": [
          30.40686607,
          59.92196274
        ]
      },
      "properties": {
        "netid": "48:27:EA:E3:38:19",
        "ssid": "AndroidAP3819",
        "oui": "48:27:EA",
        "channel": 6,
        "encryption": "unknown",
        "firsttime": "2026-01-24T18:00:00.000Z",
        "lasttime": "2026-01-31T10:00:00.000Z",
        "city": "\u0421\u0430\u043d\u043a\u0442-\u041f\u0435\u0442\u0435\u0440\u0431\u0443\u0440\u0433",
        "region": "\u0421\u0430\u043d\u043a\u0442-\u041f\u0435\u0442\u0435\u0440\u0431\u0443\u0440\u0433",
        "country": "RU",
        "road": "\u041c\u0430\u043b\u043e\u043e\u0445\u0442\u0438\u043d\u0441\u043a\u0438\u0439 \u043f\u0440\u043e\u0441\u043f\u0435\u043a\u0442",
        "postalcode": "195196"
      }
    },
    {
      "type": "Feature",
      "geometry": {
        "type": "Point",
        "coordinates": [
          30.32148933,
          59.8550415
        ]
      },
      "properties": {
        "netid": "48:27:EA:E3:3D:F7",
        "ssid": "AndroidAP3DF7",
        "oui": "48:27:EA",
        "channel": 1,
        "encryption": "unknown",
        "firsttime": "2024-05-04T19:00:00.000Z",
        "lasttime": "2024-09-12T06:00:00.000Z",
        "city": "\u0421\u0430\u043d\u043a\u0442-\u041f\u0435\u0442\u0435\u0440\u0431\u0443\u0440\u0433",
        "region": "\u0421\u0430\u043d\u043a\u0442-\u041f\u0435\u0442\u0435\u0440\u0431\u0443\u0440\u0433",
        "country": "RU",
        "road": "\u041c\u043e\u0441\u043a\u043e\u0432\u0441\u043a\u0438\u0439 \u043f\u0440\u043e\u0441\u043f\u0435\u043a\u0442",
        "postalcode": "196066"
      }
    },
    {
      "type": "Feature",
      "geometry": {
        "type": "Point",
        "coordinates": [
          4.31559372,
          52.0622139
        ]
      },
      "properties": {
        "netid": "48:27:EA:E3:9B:23",
        "ssid": "AndroidAP9B23",
        "oui": "48:27:EA",
        "channel": 1,
        "encryption": "wpa2",
        "firsttime": "2025-03-30T21:00:00.000Z",
        "lasttime": "2025-04-23T08:00:00.000Z",
        "city": "Den Haag",
        "region": "Zuid-Holland",
        "country": "NL",
        "road": "Verheeskade",
        "postalcode": "2521DE"
      }
    },
    {
      "type": "Feature",
      "geometry": {
        "type": "Point",
        "coordinates": [
          -2.94049478,
          54.88580704
        ]
      },
      "properties": {
        "netid": "48:27:EA:E3:A3:8D",
        "ssid": "AndroidAP1326",
        "oui": "48:27:EA",
        "channel": 10,
        "encryption": "wpa2",
        "firsttime": "2026-07-03T17:00:00.000Z",
        "lasttime": "2026-07-03T11:00:00.000Z",
        "city": "Carlisle",
        "region": "England",
        "country": "GB",
        "road": "East Norfolk Street",
        "postalcode": "CA2 5JP"
      }
    },
    {
      "type": "Feature",
      "geometry": {
        "type": "Point",
        "coordinates": [
          6.85438013,
          51.00659561
        ]
      },
      "properties": {
        "netid": "48:27:EA:E4:2C:83",
        "ssid": "12345678",
        "oui": "48:27:EA",
        "channel": 6,
        "encryption": "wpa2",
        "firsttime": "2026-01-02T16:00:00.000Z",
        "lasttime": "2026-01-02T13:00:00.000Z",
        "city": "K\u00f6ln",
        "region": "Nordrhein-Westfalen",
        "country": "DE",
        "road": "Auweilerstra\u00dfe",
        "postalcode": "50765"
      }
    },
    {
      "type": "Feature",
      "geometry": {
        "type": "Point",
        "coordinates": [
          26.10220146,
          44.42963028
        ]
      },
      "properties": {
        "netid": "48:27:EA:E4:38:07",
        "ssid": "AndroidAP3807",
        "oui": "48:27:EA",
        "channel": 11,
        "encryption": "wpa2",
        "firsttime": "2024-06-13T04:00:00.000Z",
        "lasttime": "2025-05-02T01:00:00.000Z",
        "city": "Municipiul Bucure\u0219ti",
        "region": "Centrul Istoric",
        "country": "RO",
        "road": "Strada Francez\u0103",
        "postalcode": "030106"
      }
    },
    {
      "type": "Feature",
      "geometry": {
        "type": "Point",
        "coordinates": [
          10.51292515,
          48.41331863
        ]
      },
      "properties": {
        "netid": "48:27:EA:E4:45:89",
        "ssid": "Samsung J 7",
        "oui": "48:27:EA",
        "channel": 1,
        "encryption": "wpa2",
        "firsttime": "2023-02-02T08:00:00.000Z",
        "lasttime": "2024-10-21T12:00:00.000Z",
        "city": null,
        "region": "Bayern",
        "country": "DE",
        "road": "A 8",
        "postalcode": "89343"
      }
    },
    {
      "type": "Feature",
      "geometry": {
        "type": "Point",
        "coordinates": [
          114.98833466,
          4.97972155
        ]
      },
      "properties": {
        "netid": "48:27:EA:E4:59:95",
        "ssid": "Gilang ramadhan",
        "oui": "48:27:EA",
        "channel": 11,
        "encryption": "wpa2",
        "firsttime": "2024-12-31T08:00:00.000Z",
        "lasttime": "2025-01-05T22:00:00.000Z",
        "city": null,
        "region": "Brunei-Muara",
        "country": "BN",
        "road": "Jalan Muara",
        "postalcode": "BC2115"
      }
    },
    {
      "type": "Feature",
      "geometry": {
        "type": "Point",
        "coordinates": [
          9.67493629,
          54.36203384
        ]
      },
      "properties": {
        "netid": "48:27:EA:E4:5D:53",
        "ssid": "AndroidAP",
        "oui": "48:27:EA",
        "channel": 11,
        "encryption": "wpa2",
        "firsttime": "2024-09-15T12:00:00.000Z",
        "lasttime": "2024-09-15T06:00:00.000Z",
        "city": "Alt Duvenstedt",
        "region": "Schleswig-Holstein",
        "country": "DE",
        "road": "A 7",
        "postalcode": "24791"
      }
    },
    {
      "type": "Feature",
      "geometry": {
        "type": "Point",
        "coordinates": [
          9.67971134,
          50.69131851
        ]
      },
      "properties": {
        "netid": "48:27:EA:E4:5E:9F",
        "ssid": "AndroidAP",
        "oui": "48:27:EA",
        "channel": 1,
        "encryption": "wpa2",
        "firsttime": "2021-10-01T14:00:00.000Z",
        "lasttime": "2025-05-26T06:00:00.000Z",
        "city": null,
        "region": "Hessen",
        "country": "DE",
        "road": "A 7",
        "postalcode": "36151"
      }
    },
    {
      "type": "Feature",
      "geometry": {
        "type": "Point",
        "coordinates": [
          12.08635998,
          51.25873947
        ]
      },
      "properties": {
        "netid": "48:27:EA:E4:5F:57",
        "ssid": "I love money",
        "oui": "48:27:EA",
        "channel": 11,
        "encryption": "wpa2",
        "firsttime": "2024-08-11T09:00:00.000Z",
        "lasttime": "2024-09-05T03:00:00.000Z",
        "city": null,
        "region": "Sachsen-Anhalt",
        "country": "DE",
        "road": "A 9",
        "postalcode": "06231"
      }
    },
    {
      "type": "Feature",
      "geometry": {
        "type": "Point",
        "coordinates": [
          114.18605042,
          22.2799778
        ]
      },
      "properties": {
        "netid": "48:27:EA:E4:B0:97",
        "ssid": "AndroidAP",
        "oui": "48:27:EA",
        "channel": 1,
        "encryption": "wpa2",
        "firsttime": "2025-06-22T09:00:00.000Z",
        "lasttime": "2025-06-25T22:00:00.000Z",
        "city": "\u9999\u6e2f\u5cf6 Hong Kong Island",
        "region": "\u9999\u6e2f Hong Kong",
        "country": "CN",
        "road": "\u6021\u548c\u8857 Yee Wo Street",
        "postalcode": null
      }
    },
    {
      "type": "Feature",
      "geometry": {
        "type": "Point",
        "coordinates": [
          55.43543625,
          25.35073662
        ]
      },
      "properties": {
        "netid": "48:27:EA:E5:37:15",
        "ssid": "AndroidAP",
        "oui": "48:27:EA",
        "channel": 11,
        "encryption": "wpa2",
        "firsttime": "2024-12-30T02:00:00.000Z",
        "lasttime": "2024-12-29T19:00:00.000Z",
        "city": "\u0627\u0644\u0634\u0627\u0631\u0642\u0629",
        "region": "\u0627\u0644\u0634\u0627\u0631\u0642\u0629",
        "country": "AE",
        "road": "\u0633\u0627\u062d\u0629 \u0648\u0627\u0633\u0637",
        "postalcode": null
      }
    },
    {
      "type": "Feature",
      "geometry": {
        "type": "Point",
        "coordinates": [
          -6.91085863,
          30.89936447
        ]
      },
      "properties": {
        "netid": "48:27:EA:E5:3A:05",
        "ssid": "AndroidAP",
        "oui": "48:27:EA",
        "channel": 6,
        "encryption": "wpa2",
        "firsttime": "2026-03-26T09:00:00.000Z",
        "lasttime": "2026-03-27T07:00:00.000Z",
        "city": "Tarmigt \u062a\u0631\u0645\u064a\u06ad\u062a",
        "region": "Dr\u00e2a-Tafilalet \u2d37\u2d30\u2d54\u2d44\u2d30-\u2d5c\u2d30\u2d3c\u2d49\u2d4d\u2d30\u2d4d\u2d5c \u062f\u0631\u0639\u0629 \u062a\u0627\u0641\u064a\u0644\u0627\u0644\u062a",
        "country": "MA",
        "road": "RN9",
        "postalcode": "45006"
      }
    },
    {
      "type": "Feature",
      "geometry": {
        "type": "Point",
        "coordinates": [
          -17.35214615,
          14.74023819
        ]
      },
      "properties": {
        "netid": "48:27:EA:E5:8A:ED",
        "ssid": "AndroidHotspot4025",
        "oui": "48:27:EA",
        "channel": 6,
        "encryption": "wpa2",
        "firsttime": "2024-09-20T15:00:00.000Z",
        "lasttime": "2024-09-21T11:00:00.000Z",
        "city": "Commune de Thiaroye-sur-Mer",
        "region": "R\u00e9gion de Dakar",
        "country": "SN",
        "road": null,
        "postalcode": "10000"
      }
    },
    {
      "type": "Feature",
      "geometry": {
        "type": "Point",
        "coordinates": [
          38.34976578,
          55.98822021
        ]
      },
      "properties": {
        "netid": "48:27:EA:E6:33:EB",
        "ssid": "Corvus",
        "oui": "48:27:EA",
        "channel": 11,
        "encryption": "unknown",
        "firsttime": "2024-10-09T15:00:00.000Z",
        "lasttime": "2024-10-09T12:00:00.000Z",
        "city": null,
        "region": "\u041c\u043e\u0441\u043a\u043e\u0432\u0441\u043a\u0430\u044f \u043e\u0431\u043b\u0430\u0441\u0442\u044c",
        "country": "RU",
        "road": "46\u041a-7230",
        "postalcode": "142432"
      }
    },
    {
      "type": "Feature",
      "geometry": {
        "type": "Point",
        "coordinates": [
          30.39587975,
          59.92075348
        ]
      },
      "properties": {
        "netid": "48:27:EA:E6:3E:2F",
        "ssid": "AndroidAP",
        "oui": "48:27:EA",
        "channel": 1,
        "encryption": "unknown",
        "firsttime": "2024-11-16T15:00:00.000Z",
        "lasttime": "2024-11-16T09:00:00.000Z",
        "city": "\u0421\u0430\u043d\u043a\u0442-\u041f\u0435\u0442\u0435\u0440\u0431\u0443\u0440\u0433",
        "region": "\u0421\u0430\u043d\u043a\u0442-\u041f\u0435\u0442\u0435\u0440\u0431\u0443\u0440\u0433",
        "country": "RU",
        "road": "\u043d\u0430\u0431\u0435\u0440\u0435\u0436\u043d\u0430\u044f \u041e\u0431\u0432\u043e\u0434\u043d\u043e\u0433\u043e \u043a\u0430\u043d\u0430\u043b\u0430",
        "postalcode": "193019"
      }
    },
    {
      "type": "Feature",
      "geometry": {
        "type": "Point",
        "coordinates": [
          28.83847809,
          47.02871704
        ]
      },
      "properties": {
        "netid": "48:27:EA:E6:56:2F",
        "ssid": "AndroidAP",
        "oui": "48:27:EA",
        "channel": 1,
        "encryption": "wpa2",
        "firsttime": "2025-11-24T12:00:00.000Z",
        "lasttime": "2025-11-24T09:00:00.000Z",
        "city": "Chi\u0219in\u0103u",
        "region": "Sectorul R\u00ee\u0219cani",
        "country": "MD",
        "road": "Bulevardul Grigore Vieru",
        "postalcode": "MD-2005"
      }
    },
    {
      "type": "Feature",
      "geometry": {
        "type": "Point",
        "coordinates": [
          4.55128622,
          51.20783234
        ]
      },
      "properties": {
        "netid": "48:27:EA:E6:56:87",
        "ssid": "BOBAH",
        "oui": "48:27:EA",
        "channel": 11,
        "encryption": "wpa2",
        "firsttime": "2026-05-12T17:00:00.000Z",
        "lasttime": "2026-05-12T11:00:00.000Z",
        "city": null,
        "region": "Antwerpen",
        "country": "BE",
        "road": null,
        "postalcode": "2520"
      }
    },
    {
      "type": "Feature",
      "geometry": {
        "type": "Point",
        "coordinates": [
          44.6501503,
          40.99965668
        ]
      },
      "properties": {
        "netid": "48:27:EA:E6:5F:79",
        "ssid": "SAMSUNG AP j7",
        "oui": "48:27:EA",
        "channel": 6,
        "encryption": "wpa2",
        "firsttime": "2025-10-25T14:00:00.000Z",
        "lasttime": "2025-11-01T23:00:00.000Z",
        "city": null,
        "region": "\u053c\u0578\u057c\u0578\u0582 \u0574\u0561\u0580\u0566",
        "country": "AM",
        "road": "\u0544-6",
        "postalcode": "1712"
      }
    },
    {
      "type": "Feature",
      "geometry": {
        "type": "Point",
        "coordinates": [
          9.69312572,
          47.52549362
        ]
      },
      "properties": {
        "netid": "48:27:EA:E6:6B:8D",
        "ssid": "AndroidAP6B8D",
        "oui": "48:27:EA",
        "channel": 6,
        "encryption": "wpa2",
        "firsttime": "2026-05-02T09:00:00.000Z",
        "lasttime": "2026-06-01T09:00:00.000Z",
        "city": null,
        "region": "Vorarlberg",
        "country": "AT",
        "road": null,
        "postalcode": null
      }
    },
    {
      "type": "Feature",
      "geometry": {
        "type": "Point",
        "coordinates": [
          1.40377378,
          43.60544205
        ]
      },
      "properties": {
        "netid": "48:27:EA:E6:90:B1",
        "ssid": "AndroidAP1734",
        "oui": "48:27:EA",
        "channel": 1,
        "encryption": "wpa2",
        "firsttime": "2026-02-24T10:00:00.000Z",
        "lasttime": "2026-04-15T02:00:00.000Z",
        "city": "Toulouse",
        "region": "Occitanie",
        "country": "FR",
        "road": "A 620",
        "postalcode": "31300"
      }
    },
    {
      "type": "Feature",
      "geometry": {
        "type": "Point",
        "coordinates": [
          -8.88724899,
          30.47307396
        ]
      },
      "properties": {
        "netid": "48:27:EA:E6:F1:D7",
        "ssid": "Zhra",
        "oui": "48:27:EA",
        "channel": 11,
        "encryption": "wpa2",
        "firsttime": "2024-11-28T13:00:00.000Z",
        "lasttime": "2024-11-28T05:00:00.000Z",
        "city": "Taroudant \u062a\u0627\u0631\u0648\u062f\u0627\u0646\u062a",
        "region": "Souss-Massa \u2d59\u2d53\u2d59\u2d59-\u2d4e\u2d30\u2d59\u2d59\u2d30 \u0633\u0648\u0633-\u0645\u0627\u0633\u0629",
        "country": "MA",
        "road": "Avenue Bab Targhount",
        "postalcode": "83002"
      }
    },
    {
      "type": "Feature",
      "geometry": {
        "type": "Point",
        "coordinates": [
          103.49327087,
          14.89139748
        ]
      },
      "properties": {
        "netid": "48:27:EA:E7:64:BB",
        "ssid": "AndroidAP",
        "oui": "48:27:EA",
        "channel": 1,
        "encryption": "wpa2",
        "firsttime": "2025-12-21T11:00:00.000Z",
        "lasttime": "2025-12-21T03:00:00.000Z",
        "city": null,
        "region": "\u0e08\u0e31\u0e07\u0e2b\u0e27\u0e31\u0e14\u0e2a\u0e38\u0e23\u0e34\u0e19\u0e17\u0e23\u0e4c",
        "country": "TH",
        "road": "\u0e0b\u0e2d\u0e22\u0e2b\u0e19\u0e2d\u0e07\u0e14\u0e31\u0e21",
        "postalcode": "32000"
      }
    },
    {
      "type": "Feature",
      "geometry": {
        "type": "Point",
        "coordinates": [
          51.41592789,
          35.71875
        ]
      },
      "properties": {
        "netid": "48:27:EA:E7:C4:D6",
        "ssid": "Aez",
        "oui": "48:27:EA",
        "channel": 8,
        "encryption": "wpa2",
        "firsttime": "2025-01-16T08:00:00.000Z",
        "lasttime": "2025-01-16T02:00:00.000Z",
        "city": "\u0634\u0647\u0631 \u062a\u0647\u0631\u0627\u0646",
        "region": "\u0634\u0647\u0631\u0633\u062a\u0627\u0646 \u062a\u0647\u0631\u0627\u0646",
        "country": "IR",
        "road": "\u0634\u0647\u06cc\u062f\u0647 \u0639\u0635\u0645\u062a \u067e\u0648\u0631 \u0627\u0646\u0648\u0631\u06cc",
        "postalcode": "1598718311"
      }
    },
    {
      "type": "Feature",
      "geometry": {
        "type": "Point",
        "coordinates": [
          11.80135345,
          50.44999695
        ]
      },
      "properties": {
        "netid": "48:27:EA:E7:C8:96",
        "ssid": "Galaxy J5C896",
        "oui": "48:27:EA",
        "channel": 6,
        "encryption": "wpa2",
        "firsttime": "2021-08-29T14:00:00.000Z",
        "lasttime": "2025-04-25T14:00:00.000Z",
        "city": null,
        "region": "Th\u00fcringen",
        "country": "DE",
        "road": "K 309",
        "postalcode": "07926"
      }
    },
    {
      "type": "Feature",
      "geometry": {
        "type": "Point",
        "coordinates": [
          -0.74203557,
          51.30368042
        ]
      },
      "properties": {
        "netid": "48:27:EA:E7:F1:8A",
        "ssid": "#",
        "oui": "48:27:EA",
        "channel": 6,
        "encryption": "wpa2",
        "firsttime": "2026-01-02T08:00:00.000Z",
        "lasttime": "2026-01-02T01:00:00.000Z",
        "city": "Surrey Heath",
        "region": "England",
        "country": "GB",
        "road": "A331",
        "postalcode": "GU14 8BX"
      }
    },
    {
      "type": "Feature",
      "geometry": {
        "type": "Point",
        "coordinates": [
          60.62973404,
          56.8373909
        ]
      },
      "properties": {
        "netid": "48:27:EA:E8:7E:1A",
        "ssid": "Rimma1965",
        "oui": "48:27:EA",
        "channel": 1,
        "encryption": "unknown",
        "firsttime": "2024-10-31T10:00:00.000Z",
        "lasttime": "2024-10-31T11:00:00.000Z",
        "city": "\u0415\u043a\u0430\u0442\u0435\u0440\u0438\u043d\u0431\u0443\u0440\u0433",
        "region": "\u0421\u0432\u0435\u0440\u0434\u043b\u043e\u0432\u0441\u043a\u0430\u044f \u043e\u0431\u043b\u0430\u0441\u0442\u044c",
        "country": "RU",
        "road": "\u0443\u043b\u0438\u0446\u0430 \u041c\u0430\u043b\u044b\u0448\u0435\u0432\u0430",
        "postalcode": "620075"
      }
    },
    {
      "type": "Feature",
      "geometry": {
        "type": "Point",
        "coordinates": [
          8.45624065,
          50.03087616
        ]
      },
      "properties": {
        "netid": "48:27:EA:E8:8B:BC",
        "ssid": "AndroidAP8BBC",
        "oui": "48:27:EA",
        "channel": 4,
        "encryption": "wpa2",
        "firsttime": "2026-04-26T14:00:00.000Z",
        "lasttime": "2026-07-05T23:00:00.000Z",
        "city": null,
        "region": "Hessen",
        "country": "DE",
        "road": "A 3",
        "postalcode": "65795"
      }
    },
    {
      "type": "Feature",
      "geometry": {
        "type": "Point",
        "coordinates": [
          27.45793915,
          53.87883377
        ]
      },
      "properties": {
        "netid": "48:27:EA:E8:90:A6",
        "ssid": "AndroidAP",
        "oui": "48:27:EA",
        "channel": 1,
        "encryption": "wpa2",
        "firsttime": "2021-06-25T09:00:00.000Z",
        "lasttime": "2024-12-25T10:00:00.000Z",
        "city": "\u041c\u0438\u043d\u0441\u043a",
        "region": "\u0421\u0443\u0445\u0430\u0440\u0435\u0432\u043e",
        "country": "BY",
        "road": "\u0443\u043b\u0438\u0446\u0430 \u041c\u0430\u043a\u0441\u0438\u043c\u0430 \u0413\u043e\u0440\u0435\u0446\u043a\u043e\u0433\u043e",
        "postalcode": "220098"
      }
    },
    {
      "type": "Feature",
      "geometry": {
        "type": "Point",
        "coordinates": [
          11.97461414,
          51.47861099
        ]
      },
      "properties": {
        "netid": "48:27:EA:E8:9B:F4",
        "ssid": "Galaxy J59BF4",
        "oui": "48:27:EA",
        "channel": 11,
        "encryption": "wpa2",
        "firsttime": "2025-10-01T18:00:00.000Z",
        "lasttime": "2025-10-05T12:00:00.000Z",
        "city": "Halle",
        "region": "Sachsen-Anhalt",
        "country": "DE",
        "road": "Franckeplatz",
        "postalcode": "06110"
      }
    },
    {
      "type": "Feature",
      "geometry": {
        "type": "Point",
        "coordinates": [
          104.48809052,
          15.48494434
        ]
      },
      "properties": {
        "netid": "48:27:EA:E8:B7:B0",
        "ssid": "\u0e2a\u0e21\u0e23",
        "oui": "48:27:EA",
        "channel": 1,
        "encryption": "wpa2",
        "firsttime": "2025-12-29T08:00:00.000Z",
        "lasttime": "2026-01-01T20:00:00.000Z",
        "city": null,
        "region": "\u0e1a\u0e49\u0e32\u0e19\u0e01\u0e2d\u0e01",
        "country": "TH",
        "road": "\u0e16\u0e19\u0e19\u0e41\u0e08\u0e49\u0e07\u0e2a\u0e19\u0e34\u0e17",
        "postalcode": null
      }
    },
    {
      "type": "Feature",
      "geometry": {
        "type": "Point",
        "coordinates": [
          22.16987991,
          52.179245
        ]
      },
      "properties": {
        "netid": "48:27:EA:E8:C3:DA",
        "ssid": "Internet",
        "oui": "48:27:EA",
        "channel": 11,
        "encryption": "wpa2",
        "firsttime": "2023-03-23T21:00:00.000Z",
        "lasttime": "2024-12-27T00:00:00.000Z",
        "city": null,
        "region": "wojew\u00f3dztwo mazowieckie",
        "country": "PL",
        "road": "Warszawska",
        "postalcode": "08-110"
      }
    },
    {
      "type": "Feature",
      "geometry": {
        "type": "Point",
        "coordinates": [
          35.18761826,
          31.78199959
        ]
      },
      "properties": {
        "netid": "48:27:EA:E8:E1:A0",
        "ssid": "AndroidAP",
        "oui": "48:27:EA",
        "channel": 6,
        "encryption": "wpa2",
        "firsttime": "2025-04-28T17:00:00.000Z",
        "lasttime": "2025-11-17T12:00:00.000Z",
        "city": "\u05d9\u05e8\u05d5\u05e9\u05dc\u05d9\u05dd",
        "region": "\u05de\u05d7\u05d5\u05d6 \u05d9\u05e8\u05d5\u05e9\u05dc\u05d9\u05dd",
        "country": "IL",
        "road": "\u05de\u05e8\u05d3\u05db\u05d9 \u05d0\u05d9\u05e9 \u05e9\u05dc\u05d5\u05dd",
        "postalcode": "9546105"
      }
    },
    {
      "type": "Feature",
      "geometry": {
        "type": "Point",
        "coordinates": [
          9.51499844,
          40.90231323
        ]
      },
      "properties": {
        "netid": "48:27:EA:E9:5F:96",
        "ssid": "AndroidAP",
        "oui": "48:27:EA",
        "channel": 11,
        "encryption": "wpa2",
        "firsttime": "2026-05-11T11:00:00.000Z",
        "lasttime": "2026-05-11T04:00:00.000Z",
        "city": null,
        "region": "Sardigna/Sardegna",
        "country": "IT",
        "road": "SS729",
        "postalcode": "07026"
      }
    },
    {
      "type": "Feature",
      "geometry": {
        "type": "Point",
        "coordinates": [
          -1.51689661,
          52.43044281
        ]
      },
      "properties": {
        "netid": "48:27:EA:E9:7F:34",
        "ssid": "AndroidAPdebc4399",
        "oui": "48:27:EA",
        "channel": 11,
        "encryption": "wpa2",
        "firsttime": "2025-04-22T16:00:00.000Z",
        "lasttime": "2025-04-30T08:00:00.000Z",
        "city": "Coventry",
        "region": "England",
        "country": "GB",
        "road": "Jubilee Crescent",
        "postalcode": "CV6 3ES"
      }
    },
    {
      "type": "Feature",
      "geometry": {
        "type": "Point",
        "coordinates": [
          14.29389191,
          48.28982162
        ]
      },
      "properties": {
        "netid": "48:27:EA:EA:0E:8E",
        "ssid": "Brauchst du WIFI?",
        "oui": "48:27:EA",
        "channel": 6,
        "encryption": "wpa2",
        "firsttime": "2023-06-17T14:00:00.000Z",
        "lasttime": "2026-04-25T00:00:00.000Z",
        "city": "Linz",
        "region": "Ober\u00f6sterreich",
        "country": "AT",
        "road": "Verbindungstunnel TS Werk - Hbf Linz",
        "postalcode": "4020"
      }
    },
    {
      "type": "Feature",
      "geometry": {
        "type": "Point",
        "coordinates": [
          4.34000731,
          50.83524323
        ]
      },
      "properties": {
        "netid": "48:27:EA:EA:10:BC",
        "ssid": "Leonard",
        "oui": "48:27:EA",
        "channel": 4,
        "encryption": "wpa2",
        "firsttime": "2026-01-31T17:00:00.000Z",
        "lasttime": "2026-02-04T19:00:00.000Z",
        "city": null,
        "region": "R\u00e9gion de Bruxelles-Capitale - Brussels Hoofdstedelijk Gewest",
        "country": "BE",
        "road": "Rue d'Angleterre - Engelandstraat",
        "postalcode": "1060"
      }
    },
    {
      "type": "Feature",
      "geometry": {
        "type": "Point",
        "coordinates": [
          13.4384985,
          52.41548157
        ]
      },
      "properties": {
        "netid": "48:27:EA:EA:24:9A",
        "ssid": "AndroidAP249A",
        "oui": "48:27:EA",
        "channel": 1,
        "encryption": "wpa2",
        "firsttime": "2025-11-04T15:00:00.000Z",
        "lasttime": "2025-11-04T07:00:00.000Z",
        "city": "Berlin",
        "region": "Neuk\u00f6lln",
        "country": "DE",
        "road": "Buckower Damm",
        "postalcode": "12349"
      }
    },
    {
      "type": "Feature",
      "geometry": {
        "type": "Point",
        "coordinates": [
          18.40782738,
          47.17675781
        ]
      },
      "properties": {
        "netid": "48:27:EA:EA:2B:3C",
        "ssid": "AndroidAP2B3C",
        "oui": "48:27:EA",
        "channel": 9,
        "encryption": "wpa2",
        "firsttime": "2025-08-10T17:00:00.000Z",
        "lasttime": "2025-08-10T11:00:00.000Z",
        "city": "Sz\u00e9kesfeh\u00e9rv\u00e1r",
        "region": "K\u00f6z\u00e9p-Dun\u00e1nt\u00fal",
        "country": "HU",
        "road": "Balatoni \u00fat",
        "postalcode": "8000"
      }
    },
    {
      "type": "Feature",
      "geometry": {
        "type": "Point",
        "coordinates": [
          19.76075745,
          46.10214996
        ]
      },
      "properties": {
        "netid": "48:27:EA:EA:6A:3A",
        "ssid": "AndroidAP6A3A",
        "oui": "48:27:EA",
        "channel": 11,
        "encryption": "wpa2",
        "firsttime": "2024-09-28T14:00:00.000Z",
        "lasttime": "2024-09-28T17:00:00.000Z",
        "city": "\u0413\u0440\u0430\u0434 \u0421\u0443\u0431\u043e\u0442\u0438\u0446\u0430",
        "region": "\u0412\u043e\u0458\u0432\u043e\u0434\u0438\u043d\u0430",
        "country": "RS",
        "road": "\u0425\u043e\u0440\u0433\u043e\u0448\u043a\u0438 \u043f\u0443\u0442",
        "postalcode": "24413"
      }
    },
    {
      "type": "Feature",
      "geometry": {
        "type": "Point",
        "coordinates": [
          26.37008858,
          41.71248245
        ]
      },
      "properties": {
        "netid": "48:27:EA:EA:79:A2",
        "ssid": "AndroidAP",
        "oui": "48:27:EA",
        "channel": 11,
        "encryption": "wpa2",
        "firsttime": "2024-10-18T14:00:00.000Z",
        "lasttime": "2024-10-18T07:00:00.000Z",
        "city": "Kemal K\u00f6y\u00fc",
        "region": "Marmara B\u00f6lgesi",
        "country": "TR",
        "road": "Edirne - Kap\u0131kule Yolu",
        "postalcode": null
      }
    },
    {
      "type": "Feature",
      "geometry": {
        "type": "Point",
        "coordinates": [
          76.83334351,
          43.24377823
        ]
      },
      "properties": {
        "netid": "48:27:EA:EA:8D:12",
        "ssid": "LUIDE",
        "oui": "48:27:EA",
        "channel": 11,
        "encryption": "wpa2",
        "firsttime": "2023-09-11T01:00:00.000Z",
        "lasttime": "2025-02-20T13:00:00.000Z",
        "city": "\u0410\u043b\u043c\u0430\u0442\u044b",
        "region": "\u0410\u043b\u0430\u0442\u0430\u0443\u0441\u043a\u0438\u0439 \u0440\u0430\u0439\u043e\u043d",
        "country": "KZ",
        "road": "\u043f\u0440\u043e\u0441\u043f\u0435\u043a\u0442 \u0420\u0430\u0439\u044b\u043c\u0431\u0435\u043a\u0430",
        "postalcode": "050038"
      }
    },
    {
      "type": "Feature",
      "geometry": {
        "type": "Point",
        "coordinates": [
          -7.52163887,
          33.58475876
        ]
      },
      "properties": {
        "netid": "48:27:EA:EA:F2:B0",
        "ssid": "AndroidAP",
        "oui": "48:27:EA",
        "channel": 1,
        "encryption": "wpa2",
        "firsttime": "2025-08-05T13:00:00.000Z",
        "lasttime": "2025-08-05T06:00:00.000Z",
        "city": "arrondissement de Sidi Moumen \u0645\u0642\u0627\u0637\u0639\u0629 \u0633\u064a\u062f\u064a \u0645\u0648\u0645\u0646",
        "region": "Casablanca-Settat \u2d5c\u2d49\u2d33\u2d4e\u2d49 \u2d5c\u2d53\u2d4e\u2d4d\u2d49\u2d4d\u2d5c-\u2d59\u2d5f\u2d5f\u2d30\u2d5c \u0627\u0644\u062f\u0627\u0631 \u0627\u0644\u0628\u064a\u0636\u0627\u0621-\u0633\u0637\u0627\u062a",
        "country": "MA",
        "road": null,
        "postalcode": "20630"
      }
    },
    {
      "type": "Feature",
      "geometry": {
        "type": "Point",
        "coordinates": [
          100.90518188,
          13.63053513
        ]
      },
      "properties": {
        "netid": "48:27:EA:EB:1E:A2",
        "ssid": "12345",
        "oui": "48:27:EA",
        "channel": 6,
        "encryption": "wpa2",
        "firsttime": "2024-09-06T02:00:00.000Z",
        "lasttime": "2024-09-05T23:00:00.000Z",
        "city": "\u0e15\u0e33\u0e1a\u0e25\u0e1a\u0e49\u0e32\u0e19\u0e23\u0e30\u0e01\u0e32\u0e28",
        "region": "\u0e08\u0e31\u0e07\u0e2b\u0e27\u0e31\u0e14\u0e2a\u0e21\u0e38\u0e17\u0e23\u0e1b\u0e23\u0e32\u0e01\u0e32\u0e23",
        "country": "TH",
        "road": "\u0e16\u0e19\u0e19\u0e01\u0e23\u0e38\u0e07\u0e40\u0e17\u0e1e\u0e2f-\u0e0a\u0e25\u0e1a\u0e38\u0e23\u0e35",
        "postalcode": null
      }
    },
    {
      "type": "Feature",
      "geometry": {
        "type": "Point",
        "coordinates": [
          121.05104828,
          14.56779766
        ]
      },
      "properties": {
        "netid": "48:27:EA:EB:66:C3",
        "ssid": "ma",
        "oui": "48:27:EA",
        "channel": 11,
        "encryption": "wpa2",
        "firsttime": "2024-07-07T03:00:00.000Z",
        "lasttime": "2024-10-18T06:00:00.000Z",
        "city": "Makati",
        "region": "Metro Manila",
        "country": "PH",
        "road": "Jose P. Rizal Avenue",
        "postalcode": "1214"
      }
    },
    {
      "type": "Feature",
      "geometry": {
        "type": "Point",
        "coordinates": [
          120.63865662,
          22.31189346
        ]
      },
      "properties": {
        "netid": "48:27:EA:EB:68:A5",
        "ssid": "AndroidAP68A5",
        "oui": "48:27:EA",
        "channel": 11,
        "encryption": "wpa2",
        "firsttime": "2026-06-19T03:00:00.000Z",
        "lasttime": "2026-06-18T21:00:00.000Z",
        "city": null,
        "region": "\u5c4f\u6771\u7e23",
        "country": "TW",
        "road": "\u5c4f\u9d5d\u516c\u8def",
        "postalcode": "941"
      }
    },
    {
      "type": "Feature",
      "geometry": {
        "type": "Point",
        "coordinates": [
          15.67498684,
          50.81573105
        ]
      },
      "properties": {
        "netid": "48:27:EA:EB:BE:01",
        "ssid": "AndroidAP",
        "oui": "48:27:EA",
        "channel": 1,
        "encryption": "wpa2",
        "firsttime": "2025-07-20T16:00:00.000Z",
        "lasttime": "2025-07-20T11:00:00.000Z",
        "city": null,
        "region": "wojew\u00f3dztwo dolno\u015bl\u0105skie",
        "country": "PL",
        "road": "\u017bo\u0142nierska",
        "postalcode": "58-562"
      }
    },
    {
      "type": "Feature",
      "geometry": {
        "type": "Point",
        "coordinates": [
          71.41139984,
          51.14396286
        ]
      },
      "properties": {
        "netid": "48:27:EA:EB:E7:F7",
        "ssid": "AndroidAPE7F7",
        "oui": "48:27:EA",
        "channel": 11,
        "encryption": "wpa2",
        "firsttime": "2024-06-27T12:00:00.000Z",
        "lasttime": "2024-11-13T23:00:00.000Z",
        "city": "\u0410\u0441\u0442\u0430\u043d\u0430",
        "region": "\u0410\u0441\u0442\u0430\u043d\u0430",
        "country": "KZ",
        "road": "\u0422\u04b1\u0440\u0430\u043d \u0434\u0430\u04a3\u0493\u044b\u043b\u044b",
        "postalcode": "010000"
      }
    },
    {
      "type": "Feature",
      "geometry": {
        "type": "Point",
        "coordinates": [
          37.36683273,
          55.82310486
        ]
      },
      "properties": {
        "netid": "48:27:EA:EC:01:01",
        "ssid": "Galaxy J50101",
        "oui": "48:27:EA",
        "channel": 11,
        "encryption": "unknown",
        "firsttime": "2023-11-05T11:00:00.000Z",
        "lasttime": "2025-11-23T23:00:00.000Z",
        "city": "\u041a\u0440\u0430\u0441\u043d\u043e\u0433\u043e\u0440\u0441\u043a",
        "region": "\u041c\u043e\u0441\u043a\u043e\u0432\u0441\u043a\u0430\u044f \u043e\u0431\u043b\u0430\u0441\u0442\u044c",
        "country": "RU",
        "road": "\u041f\u0430\u0432\u0448\u0438\u043d\u0441\u043a\u0438\u0439 \u0431\u0443\u043b\u044c\u0432\u0430\u0440",
        "postalcode": "143405"
      }
    },
    {
      "type": "Feature",
      "geometry": {
        "type": "Point",
        "coordinates": [
          4.47149277,
          51.92152405
        ]
      },
      "properties": {
        "netid": "48:27:EA:EC:84:11",
        "ssid": "Galaxy J58411nu8 vg7",
        "oui": "48:27:EA",
        "channel": 6,
        "encryption": "wpa2",
        "firsttime": "2025-08-09T10:00:00.000Z",
        "lasttime": "2026-04-09T09:00:00.000Z",
        "city": "Rotterdam",
        "region": "Zuid-Holland",
        "country": "NL",
        "road": "Kruisplein",
        "postalcode": "3014DA"
      }
    },
    {
      "type": "Feature",
      "geometry": {
        "type": "Point",
        "coordinates": [
          4.31589794,
          52.06209183
        ]
      },
      "properties": {
        "netid": "48:27:EA:EC:A9:87",
        "ssid": "AndroidAPA987",
        "oui": "48:27:EA",
        "channel": 11,
        "encryption": "wpa2",
        "firsttime": "2024-10-20T14:00:00.000Z",
        "lasttime": "2024-11-18T06:00:00.000Z",
        "city": "Den Haag",
        "region": "Zuid-Holland",
        "country": "NL",
        "road": "Verheeskade",
        "postalcode": "2521DG"
      }
    },
    {
      "type": "Feature",
      "geometry": {
        "type": "Point",
        "coordinates": [
          4.20090246,
          43.74537659
        ]
      },
      "properties": {
        "netid": "48:27:EA:EC:BF:A7",
        "ssid": "AndroidAP",
        "oui": "48:27:EA",
        "channel": 11,
        "encryption": "wpa2",
        "firsttime": "2025-04-20T15:00:00.000Z",
        "lasttime": "2025-04-22T10:00:00.000Z",
        "city": null,
        "region": "Occitanie",
        "country": "FR",
        "road": "La Languedocienne",
        "postalcode": "30121"
      }
    },
    {
      "type": "Feature",
      "geometry": {
        "type": "Point",
        "coordinates": [
          12.56583405,
          55.69146729
        ]
      },
      "properties": {
        "netid": "48:27:EA:EC:D1:0D",
        "ssid": "AndroidAP",
        "oui": "48:27:EA",
        "channel": 11,
        "encryption": "wpa2",
        "firsttime": "2026-02-07T23:00:00.000Z",
        "lasttime": "2026-02-07T16:00:00.000Z",
        "city": "K\u00f8benhavn",
        "region": "Region Hovedstaden",
        "country": "DK",
        "road": "Ryesgade",
        "postalcode": "2200"
      }
    },
    {
      "type": "Feature",
      "geometry": {
        "type": "Point",
        "coordinates": [
          14.37195396,
          50.052845
        ]
      },
      "properties": {
        "netid": "48:27:EA:EC:EF:1B",
        "ssid": "VAS#6160 VW AG",
        "oui": "48:27:EA",
        "channel": 11,
        "encryption": "wpa2",
        "firsttime": "2001-01-01T01:00:00.000Z",
        "lasttime": "2026-01-09T01:00:00.000Z",
        "city": "Hlavn\u00ed m\u011bsto Praha",
        "region": "Praha",
        "country": "CZ",
        "road": "Pod Vodovodem",
        "postalcode": "15800"
      }
    },
    {
      "type": "Feature",
      "geometry": {
        "type": "Point",
        "coordinates": [
          6.65313101,
          49.75764847
        ]
      },
      "properties": {
        "netid": "48:27:EA:EC:F6:BB",
        "ssid": "AndroidAPF6BB",
        "oui": "48:27:EA",
        "channel": 6,
        "encryption": "wpa2",
        "firsttime": "2026-08-09T07:00:00.000Z",
        "lasttime": "2026-08-09T05:00:00.000Z",
        "city": "Trier",
        "region": "Rheinland-Pfalz",
        "country": "DE",
        "road": "K\u00fcrenzer Stra\u00dfe",
        "postalcode": "54295"
      }
    },
    {
      "type": "Feature",
      "geometry": {
        "type": "Point",
        "coordinates": [
          6.88509464,
          50.94825745
        ]
      },
      "properties": {
        "netid": "48:27:EA:ED:ED:47",
        "ssid": "AndroidAPED48",
        "oui": "48:27:EA",
        "channel": 11,
        "encryption": "wpa2",
        "firsttime": "2025-05-16T16:00:00.000Z",
        "lasttime": "2025-11-10T11:00:00.000Z",
        "city": "K\u00f6ln",
        "region": "Nordrhein-Westfalen",
        "country": "DE",
        "road": "Girlitzweg",
        "postalcode": "50829"
      }
    },
    {
      "type": "Feature",
      "geometry": {
        "type": "Point",
        "coordinates": [
          80.81406403,
          8.0317688
        ]
      },
      "properties": {
        "netid": "48:27:EA:EE:10:1D",
        "ssid": "A$hfaq",
        "oui": "48:27:EA",
        "channel": 6,
        "encryption": "wpa2",
        "firsttime": "2024-12-08T07:00:00.000Z",
        "lasttime": "2024-12-09T00:00:00.000Z",
        "city": null,
        "region": "\u0d8b\u0dad\u0dd4\u0dbb\u0dd4 \u0db8\u0dd0\u0daf \u0db4\u0dc5\u0dcf\u0dad",
        "country": "LK",
        "road": "Habarana-Trincomalee-Batticaloa Road",
        "postalcode": "50150"
      }
    },
    {
      "type": "Feature",
      "geometry": {
        "type": "Point",
        "coordinates": [
          37.80513763,
          55.69618607
        ]
      },
      "properties": {
        "netid": "48:27:EA:EE:55:7D",
        "ssid": "Galaxy J5557D",
        "oui": "48:27:EA",
        "channel": 11,
        "encryption": "unknown",
        "firsttime": "2024-09-23T16:00:00.000Z",
        "lasttime": "2024-09-23T09:00:00.000Z",
        "city": "\u041c\u043e\u0441\u043a\u0432\u0430",
        "region": "\u041c\u043e\u0441\u043a\u0432\u0430",
        "country": "RU",
        "road": null,
        "postalcode": "158 ?1"
      }
    },
    {
      "type": "Feature",
      "geometry": {
        "type": "Point",
        "coordinates": [
          37.93273544,
          56.09030914
        ]
      },
      "properties": {
        "netid": "48:27:EA:EE:55:C9",
        "ssid": "Galaxy J555C9",
        "oui": "48:27:EA",
        "channel": 11,
        "encryption": "unknown",
        "firsttime": "2025-09-16T16:00:00.000Z",
        "lasttime": "2025-09-16T09:00:00.000Z",
        "city": null,
        "region": "\u041c\u043e\u0441\u043a\u043e\u0432\u0441\u043a\u0430\u044f \u043e\u0431\u043b\u0430\u0441\u0442\u044c",
        "country": "RU",
        "road": "\u00ab\u0425\u043e\u043b\u043c\u043e\u0433\u043e\u0440\u044b\u00bb",
        "postalcode": "141231"
      }
    },
    {
      "type": "Feature",
      "geometry": {
        "type": "Point",
        "coordinates": [
          -0.56795055,
          38.19296265
        ]
      },
      "properties": {
        "netid": "48:27:EA:EE:63:0D",
        "ssid": "AndroidAP",
        "oui": "48:27:EA",
        "channel": 6,
        "encryption": "wpa2",
        "firsttime": "2026-08-15T18:00:00.000Z",
        "lasttime": "2026-08-15T12:00:00.000Z",
        "city": null,
        "region": "Comunitat Valenciana",
        "country": "ES",
        "road": "Carrer d'Almansa / Calle de Almansa",
        "postalcode": "03130"
      }
    },
    {
      "type": "Feature",
      "geometry": {
        "type": "Point",
        "coordinates": [
          71.40773773,
          51.16926193
        ]
      },
      "properties": {
        "netid": "48:27:EA:EE:B2:E3",
        "ssid": "AndroidAP",
        "oui": "48:27:EA",
        "channel": 3,
        "encryption": "wpa2",
        "firsttime": "2026-07-16T07:00:00.000Z",
        "lasttime": "2026-07-16T01:00:00.000Z",
        "city": "\u0410\u0441\u0442\u0430\u043d\u0430",
        "region": "\u0410\u0441\u0442\u0430\u043d\u0430",
        "country": "KZ",
        "road": "\u0443\u043b\u0438\u0446\u0430 \u0421\u0430\u043a\u0435\u043d\u0430 \u0421\u0435\u0439\u0444\u0443\u043b\u043b\u0438\u043d\u0430",
        "postalcode": "010000"
      }
    },
    {
      "type": "Feature",
      "geometry": {
        "type": "Point",
        "coordinates": [
          -0.15708764,
          5.672966
        ]
      },
      "properties": {
        "netid": "48:27:EA:EE:C6:47",
        "ssid": "Badddd",
        "oui": "48:27:EA",
        "channel": 1,
        "encryption": "wpa2",
        "firsttime": "2025-03-25T12:00:00.000Z",
        "lasttime": "2025-04-14T07:00:00.000Z",
        "city": null,
        "region": "Greater Accra Region",
        "country": "GH",
        "road": null,
        "postalcode": "050"
      }
    },
    {
      "type": "Feature",
      "geometry": {
        "type": "Point",
        "coordinates": [
          7.60975075,
          47.49954987
        ]
      },
      "properties": {
        "netid": "48:27:EA:EE:D8:FD",
        "ssid": "AndroidAP9518",
        "oui": "48:27:EA",
        "channel": 11,
        "encryption": "wpa2",
        "firsttime": "2025-01-06T16:00:00.000Z",
        "lasttime": "2025-01-06T08:00:00.000Z",
        "city": null,
        "region": "Basel-Landschaft",
        "country": "CH",
        "road": "Talstrasse",
        "postalcode": "4144"
      }
    },
    {
      "type": "Feature",
      "geometry": {
        "type": "Point",
        "coordinates": [
          2.37759876,
          48.88816452
        ]
      },
      "properties": {
        "netid": "48:27:EA:EE:E5:CB",
        "ssid": "Clara",
        "oui": "48:27:EA",
        "channel": 8,
        "encryption": "wpa2",
        "firsttime": "2025-06-25T07:00:00.000Z",
        "lasttime": "2025-06-25T01:00:00.000Z",
        "city": "Paris",
        "region": "\u00cele-de-France",
        "country": "FR",
        "road": "Quai de la Seine",
        "postalcode": "75019"
      }
    },
    {
      "type": "Feature",
      "geometry": {
        "type": "Point",
        "coordinates": [
          9.32962894,
          48.68250275
        ]
      },
      "properties": {
        "netid": "48:27:EA:EE:EB:F9",
        "ssid": "AndroidAP4087",
        "oui": "48:27:EA",
        "channel": 1,
        "encryption": "wpa2",
        "firsttime": "2024-08-22T09:00:00.000Z",
        "lasttime": "2026-01-16T02:00:00.000Z",
        "city": null,
        "region": "Baden-W\u00fcrttemberg",
        "country": "DE",
        "road": "A 8",
        "postalcode": "73770"
      }
    },
    {
      "type": "Feature",
      "geometry": {
        "type": "Point",
        "coordinates": [
          14.46236229,
          50.0951004
        ]
      },
      "properties": {
        "netid": "48:27:EA:EE:EE:3B",
        "ssid": "AndroidAP7519",
        "oui": "48:27:EA",
        "channel": 6,
        "encryption": "wpa2",
        "firsttime": "2023-03-20T18:00:00.000Z",
        "lasttime": "2024-10-23T13:00:00.000Z",
        "city": "Hlavn\u00ed m\u011bsto Praha",
        "region": "Praha",
        "country": "CZ",
        "road": null,
        "postalcode": "18600"
      }
    },
    {
      "type": "Feature",
      "geometry": {
        "type": "Point",
        "coordinates": [
          21.44743729,
          41.99050903
        ]
      },
      "properties": {
        "netid": "48:27:EA:EE:F5:B1",
        "ssid": "Galaxy J5F5B1",
        "oui": "48:27:EA",
        "channel": 11,
        "encryption": "wpa2",
        "firsttime": "2026-04-16T18:00:00.000Z",
        "lasttime": "2026-04-22T06:00:00.000Z",
        "city": "\u0421\u043a\u043e\u043f\u0458\u0435",
        "region": "\u0421\u043a\u043e\u043f\u0441\u043a\u0438 \u0421\u0420",
        "country": "MK",
        "road": "\u0411\u0443\u043b\u0435\u0432\u0430\u0440 \u041a\u0443\u0437\u043c\u0430\u043d \u0408\u043e\u0441\u0438\u0444\u043e\u0432\u0441\u043a\u0438 \u041f\u0438\u0442\u0443",
        "postalcode": "1000"
      }
    },
    {
      "type": "Feature",
      "geometry": {
        "type": "Point",
        "coordinates": [
          -0.49490291,
          51.37570953
        ]
      },
      "properties": {
        "netid": "48:27:EA:EF:36:81",
        "ssid": "My device",
        "oui": "48:27:EA",
        "channel": 11,
        "encryption": "unknown",
        "firsttime": "2024-10-18T17:00:00.000Z",
        "lasttime": "2025-11-12T05:00:00.000Z",
        "city": "Runnymede",
        "region": "England",
        "country": "GB",
        "road": "Douglas Road",
        "postalcode": "KT15 2ED"
      }
    },
    {
      "type": "Feature",
      "geometry": {
        "type": "Point",
        "coordinates": [
          -63.12731552,
          46.2351265
        ]
      },
      "properties": {
        "netid": "48:27:EA:EF:4B:7D",
        "ssid": "Galaxy J5EF_4B_7D",
        "oui": "48:27:EA",
        "channel": 6,
        "encryption": "wpa2",
        "firsttime": "2025-08-19T17:00:00.000Z",
        "lasttime": "2025-08-19T16:00:00.000Z",
        "city": "Charlottetown",
        "region": "Prince Edward Island",
        "country": "CA",
        "road": "Kent Street",
        "postalcode": "C1A 7N2"
      }
    },
    {
      "type": "Feature",
      "geometry": {
        "type": "Point",
        "coordinates": [
          10.12438583,
          53.58778
        ]
      },
      "properties": {
        "netid": "48:27:EA:EF:A5:07",
        "ssid": "AndroidAPA507",
        "oui": "48:27:EA",
        "channel": 11,
        "encryption": "wpa2",
        "firsttime": "2025-09-18T09:00:00.000Z",
        "lasttime": "2025-09-18T04:00:00.000Z",
        "city": "Hamburg",
        "region": "Tonndorf",
        "country": "DE",
        "road": "Sonnenweg",
        "postalcode": "22045"
      }
    },
    {
      "type": "Feature",
      "geometry": {
        "type": "Point",
        "coordinates": [
          -70.65091705,
          -33.43734741
        ]
      },
      "properties": {
        "netid": "48:27:EA:F0:14:95",
        "ssid": "MOVISTAR WIFI8866",
        "oui": "48:27:EA",
        "channel": 11,
        "encryption": "wpa2",
        "firsttime": "2024-12-02T16:00:00.000Z",
        "lasttime": "2024-12-02T10:00:00.000Z",
        "city": "Santiago",
        "region": "Regi\u00f3n Metropolitana de Santiago",
        "country": "CL",
        "road": "Plaza de Armas",
        "postalcode": "8320046"
      }
    },
    {
      "type": "Feature",
      "geometry": {
        "type": "Point",
        "coordinates": [
          69.21155548,
          41.30157089
        ]
      },
      "properties": {
        "netid": "48:27:EA:F0:34:B5",
        "ssid": "BKQK-U00tSjcxMEY",
        "oui": "48:27:EA",
        "channel": 6,
        "encryption": "wpa2",
        "firsttime": "2024-09-11T13:00:00.000Z",
        "lasttime": "2024-09-11T07:00:00.000Z",
        "city": "Toshkent",
        "region": "Oq Tepa",
        "country": "UZ",
        "road": "Gulhaniy ko`chasi",
        "postalcode": "100000"
      }
    },
    {
      "type": "Feature",
      "geometry": {
        "type": "Point",
        "coordinates": [
          36.20251846,
          51.74567413
        ]
      },
      "properties": {
        "netid": "48:27:EA:F0:44:03",
        "ssid": "AndroidAP4403",
        "oui": "48:27:EA",
        "channel": 11,
        "encryption": "unknown",
        "firsttime": "2024-11-16T17:00:00.000Z",
        "lasttime": "2024-12-07T08:00:00.000Z",
        "city": "\u041a\u0443\u0440\u0441\u043a",
        "region": "\u041a\u0443\u0440\u0441\u043a\u0430\u044f \u043e\u0431\u043b\u0430\u0441\u0442\u044c",
        "country": "RU",
        "road": "\u0443\u043b\u0438\u0446\u0430 \u0427\u0443\u043b\u043a\u043e\u0432\u0430 \u0413\u043e\u0440\u0430",
        "postalcode": "305004"
      }
    },
    {
      "type": "Feature",
      "geometry": {
        "type": "Point",
        "coordinates": [
          100.51014709,
          13.74009705
        ]
      },
      "properties": {
        "netid": "48:27:EA:F0:84:CB",
        "ssid": "On samsung",
        "oui": "48:27:EA",
        "channel": 6,
        "encryption": "wpa2",
        "firsttime": "2023-11-04T16:00:00.000Z",
        "lasttime": "2025-04-28T20:00:00.000Z",
        "city": "\u0e01\u0e23\u0e38\u0e07\u0e40\u0e17\u0e1e\u0e21\u0e2b\u0e32\u0e19\u0e04\u0e23",
        "region": "\u0e01\u0e23\u0e38\u0e07\u0e40\u0e17\u0e1e\u0e21\u0e2b\u0e32\u0e19\u0e04\u0e23",
        "country": "TH",
        "road": "\u0e16\u0e19\u0e19\u0e40\u0e22\u0e32\u0e27\u0e23\u0e32\u0e0a",
        "postalcode": "10100"
      }
    },
    {
      "type": "Feature",
      "geometry": {
        "type": "Point",
        "coordinates": [
          98.3216629,
          8.15737343
        ]
      },
      "properties": {
        "netid": "48:27:EA:F0:98:71",
        "ssid": "\u0e0b\u0e31\u0e21\u0e0b\u0e38\u0e07j7 core",
        "oui": "48:27:EA",
        "channel": 6,
        "encryption": "wpa2",
        "firsttime": "2025-06-07T04:00:00.000Z",
        "lasttime": "2025-06-21T23:00:00.000Z",
        "city": null,
        "region": "\u0e08\u0e31\u0e07\u0e2b\u0e27\u0e31\u0e14\u0e20\u0e39\u0e40\u0e01\u0e47\u0e15",
        "country": "TH",
        "road": "\u0e16\u0e19\u0e19\u0e40\u0e17\u0e1e\u0e01\u0e23\u0e30\u0e29\u0e31\u0e15\u0e23\u0e35",
        "postalcode": null
      }
    },
    {
      "type": "Feature",
      "geometry": {
        "type": "Point",
        "coordinates": [
          37.96832657,
          55.61514664
        ]
      },
      "properties": {
        "netid": "48:27:EA:F1:5E:7C",
        "ssid": "AndroidAP",
        "oui": "48:27:EA",
        "channel": 1,
        "encryption": "unknown",
        "firsttime": "2025-11-15T08:00:00.000Z",
        "lasttime": "2025-11-20T02:00:00.000Z",
        "city": null,
        "region": "\u041c\u043e\u0441\u043a\u043e\u0432\u0441\u043a\u0430\u044f \u043e\u0431\u043b\u0430\u0441\u0442\u044c",
        "country": "RU",
        "road": "\u0443\u043b\u0438\u0446\u0430 \u041b\u0435\u043d\u0438\u043d\u0430",
        "postalcode": "140060"
      }
    },
    {
      "type": "Feature",
      "geometry": {
        "type": "Point",
        "coordinates": [
          16.62091637,
          49.1817627
        ]
      },
      "properties": {
        "netid": "48:27:EA:F1:6D:7C",
        "ssid": "AndroidAP",
        "oui": "48:27:EA",
        "channel": 7,
        "encryption": "wpa2",
        "firsttime": "2025-04-23T15:00:00.000Z",
        "lasttime": "2025-04-23T09:00:00.000Z",
        "city": "Brno",
        "region": "Jihov\u00fdchod",
        "country": "CZ",
        "road": "Kalov\u00e1",
        "postalcode": "617 00"
      }
    },
    {
      "type": "Feature",
      "geometry": {
        "type": "Point",
        "coordinates": [
          19.05080414,
          47.48435974
        ]
      },
      "properties": {
        "netid": "48:27:EA:F1:75:2A",
        "ssid": "AndroidAP",
        "oui": "48:27:EA",
        "channel": 1,
        "encryption": "wpa2",
        "firsttime": "2024-08-09T14:00:00.000Z",
        "lasttime": "2025-12-22T10:00:00.000Z",
        "city": null,
        "region": "Budapest",
        "country": "HU",
        "road": "Verejt\u00e9k utca",
        "postalcode": "1118"
      }
    },
    {
      "type": "Feature",
      "geometry": {
        "type": "Point",
        "coordinates": [
          19.05350876,
          47.46972275
        ]
      },
      "properties": {
        "netid": "48:27:EA:F1:7A:E4",
        "ssid": "AndroidAP",
        "oui": "48:27:EA",
        "channel": 1,
        "encryption": "wpa2",
        "firsttime": "2025-03-23T18:00:00.000Z",
        "lasttime": "2025-03-23T13:00:00.000Z",
        "city": "Budapest",
        "region": "Budapest",
        "country": "HU",
        "road": "Domb\u00f3v\u00e1ri \u00fat",
        "postalcode": "1117"
      }
    },
    {
      "type": "Feature",
      "geometry": {
        "type": "Point",
        "coordinates": [
          14.96678257,
          48.76766205
        ]
      },
      "properties": {
        "netid": "48:27:EA:F1:96:18",
        "ssid": "AndroidAP9618",
        "oui": "48:27:EA",
        "channel": 8,
        "encryption": "wpa2",
        "firsttime": "2024-12-23T18:00:00.000Z",
        "lasttime": "2025-03-18T23:00:00.000Z",
        "city": null,
        "region": "Jihoz\u00e1pad",
        "country": "CZ",
        "road": "t\u0159\u00edda \u010csl. legi\u00ed",
        "postalcode": "37810"
      }
    },
    {
      "type": "Feature",
      "geometry": {
        "type": "Point",
        "coordinates": [
          11.88866138,
          53.96603394
        ]
      },
      "properties": {
        "netid": "48:27:EA:F1:C4:12",
        "ssid": "KOik",
        "oui": "48:27:EA",
        "channel": 6,
        "encryption": "wpa2",
        "firsttime": "2005-03-06T13:00:00.000Z",
        "lasttime": "2025-03-30T12:00:00.000Z",
        "city": null,
        "region": "Mecklenburg-Vorpommern",
        "country": "DE",
        "road": "A 20",
        "postalcode": "18246"
      }
    },
    {
      "type": "Feature",
      "geometry": {
        "type": "Point",
        "coordinates": [
          9.40030861,
          49.03193665
        ]
      },
      "properties": {
        "netid": "48:27:EA:F1:E2:FC",
        "ssid": "AndroidAP",
        "oui": "48:27:EA",
        "channel": 11,
        "encryption": "wpa2",
        "firsttime": "2025-03-21T20:00:00.000Z",
        "lasttime": "2025-05-27T23:00:00.000Z",
        "city": "Spiegelberg",
        "region": "Baden-W\u00fcrttemberg",
        "country": "DE",
        "road": null,
        "postalcode": "71579"
      }
    },
    {
      "type": "Feature",
      "geometry": {
        "type": "Point",
        "coordinates": [
          8.77012062,
          49.27169418
        ]
      },
      "properties": {
        "netid": "48:27:EA:F1:E7:52",
        "ssid": "AndroidAP",
        "oui": "48:27:EA",
        "channel": 11,
        "encryption": "wpa2",
        "firsttime": "2025-08-14T09:00:00.000Z",
        "lasttime": "2025-08-14T06:00:00.000Z",
        "city": null,
        "region": "Baden-W\u00fcrttemberg",
        "country": "DE",
        "road": "A 6",
        "postalcode": "69234"
      }
    },
    {
      "type": "Feature",
      "geometry": {
        "type": "Point",
        "coordinates": [
          68.3871994,
          33.47264862
        ]
      },
      "properties": {
        "netid": "48:27:EA:F2:0A:68",
        "ssid": "d2BE12LPZhNian2YUg2LnYstuM2LLZhQ",
        "oui": "48:27:EA",
        "channel": 1,
        "encryption": "unknown",
        "firsttime": "2024-12-26T11:00:00.000Z",
        "lasttime": "2025-05-04T05:00:00.000Z",
        "city": "\u063a\u0632\u0646\u06cc",
        "region": "\u0648\u0644\u0627\u06cc\u062a \u063a\u0632\u0646\u06cc",
        "country": "AF",
        "road": "\u0628\u0632\u0631\u06af\u0631\u0627\u0647 \u063a\u0632\u0646\u06cc - \u0642\u0646\u062f\u0647\u0627\u0631",
        "postalcode": null
      }
    },
    {
      "type": "Feature",
      "geometry": {
        "type": "Point",
        "coordinates": [
          9.19454861,
          51.39937973
        ]
      },
      "properties": {
        "netid": "48:27:EA:F2:0D:7C",
        "ssid": "Ciuperca112",
        "oui": "48:27:EA",
        "channel": 11,
        "encryption": "wpa2",
        "firsttime": "2024-09-18T22:00:00.000Z",
        "lasttime": "2024-10-07T08:00:00.000Z",
        "city": null,
        "region": "Hessen",
        "country": "DE",
        "road": "A 44",
        "postalcode": "34289"
      }
    },
    {
      "type": "Feature",
      "geometry": {
        "type": "Point",
        "coordinates": [
          11.58757973,
          52.05998611
        ]
      },
      "properties": {
        "netid": "48:27:EA:F2:1C:1A",
        "ssid": "Vlad",
        "oui": "48:27:EA",
        "channel": 6,
        "encryption": "wpa2",
        "firsttime": "2024-06-01T04:00:00.000Z",
        "lasttime": "2025-10-25T07:00:00.000Z",
        "city": null,
        "region": "Sachsen-Anhalt",
        "country": "DE",
        "road": "A 14",
        "postalcode": "39171"
      }
    },
    {
      "type": "Feature",
      "geometry": {
        "type": "Point",
        "coordinates": [
          7.64185762,
          44.98396683
        ]
      },
      "properties": {
        "netid": "48:27:EA:F2:A2:12",
        "ssid": "AndroidAP",
        "oui": "48:27:EA",
        "channel": 1,
        "encryption": "wpa2",
        "firsttime": "2021-06-10T18:00:00.000Z",
        "lasttime": "2024-09-08T02:00:00.000Z",
        "city": null,
        "region": "Piemonte",
        "country": "IT",
        "road": "Via Gozzano",
        "postalcode": "10042"
      }
    },
    {
      "type": "Feature",
      "geometry": {
        "type": "Point",
        "coordinates": [
          36.20015335,
          33.46241379
        ]
      },
      "properties": {
        "netid": "48:27:EA:F2:B7:5E",
        "ssid": "AndroidAPB75E",
        "oui": "48:27:EA",
        "channel": 6,
        "encryption": "wpa2",
        "firsttime": "2026-08-31T14:00:00.000Z",
        "lasttime": "2026-08-31T14:00:00.000Z",
        "city": null,
        "region": "\u0645\u062d\u0627\u0641\u0638\u0629 \u0631\u064a\u0641 \u062f\u0645\u0634\u0642",
        "country": "SY",
        "road": null,
        "postalcode": null
      }
    },
    {
      "type": "Feature",
      "geometry": {
        "type": "Point",
        "coordinates": [
          30.34477615,
          59.97881317
        ]
      },
      "properties": {
        "netid": "48:27:EA:F3:45:0E",
        "ssid": "AndroidAP",
        "oui": "48:27:EA",
        "channel": 1,
        "encryption": "unknown",
        "firsttime": "2024-09-07T10:00:00.000Z",
        "lasttime": "2024-09-07T11:00:00.000Z",
        "city": "\u0421\u0430\u043d\u043a\u0442-\u041f\u0435\u0442\u0435\u0440\u0431\u0443\u0440\u0433",
        "region": "\u0421\u0430\u043d\u043a\u0442-\u041f\u0435\u0442\u0435\u0440\u0431\u0443\u0440\u0433",
        "country": "RU",
        "road": "\u041b\u0435\u0441\u043d\u043e\u0439 \u043f\u0440\u043e\u0441\u043f\u0435\u043a\u0442",
        "postalcode": "194100"
      }
    },
    {
      "type": "Feature",
      "geometry": {
        "type": "Point",
        "coordinates": [
          38.6460228,
          44.36812592
        ]
      },
      "properties": {
        "netid": "48:27:EA:F3:4A:2C",
        "ssid": "AndroidAP4A2C",
        "oui": "48:27:EA",
        "channel": 11,
        "encryption": "unknown",
        "firsttime": "2024-12-13T05:00:00.000Z",
        "lasttime": "2024-12-13T04:00:00.000Z",
        "city": null,
        "region": "\u041a\u0440\u0430\u0441\u043d\u043e\u0434\u0430\u0440\u0441\u043a\u0438\u0439 \u043a\u0440\u0430\u0439",
        "country": "RU",
        "road": "\u00ab\u0414\u043e\u043d\u00bb",
        "postalcode": null
      }
    },
    {
      "type": "Feature",
      "geometry": {
        "type": "Point",
        "coordinates": [
          92.88093567,
          55.98323441
        ]
      },
      "properties": {
        "netid": "48:27:EA:F3:4C:12",
        "ssid": "AndroidAP",
        "oui": "48:27:EA",
        "channel": 1,
        "encryption": "unknown",
        "firsttime": "2025-10-15T07:00:00.000Z",
        "lasttime": "2025-10-15T01:00:00.000Z",
        "city": "\u041a\u0440\u0430\u0441\u043d\u043e\u044f\u0440\u0441\u043a",
        "region": "\u041a\u0440\u0430\u0441\u043d\u043e\u044f\u0440\u0441\u043a\u0438\u0439 \u043a\u0440\u0430\u0439",
        "country": "RU",
        "road": "\u0421\u0432\u0435\u0440\u0434\u043b\u043e\u0432\u0441\u043a\u0430\u044f \u0443\u043b\u0438\u0446\u0430",
        "postalcode": "660000"
      }
    },
    {
      "type": "Feature",
      "geometry": {
        "type": "Point",
        "coordinates": [
          -67.92373657,
          -16.3151474
        ]
      },
      "properties": {
        "netid": "48:27:EA:F3:68:CC",
        "ssid": "AndroidAP",
        "oui": "48:27:EA",
        "channel": 1,
        "encryption": "wpa2",
        "firsttime": "2024-10-27T22:00:00.000Z",
        "lasttime": "2024-10-27T18:00:00.000Z",
        "city": "La Paz",
        "region": "La Paz",
        "country": "BO",
        "road": "RN3: La Paz-Cotapata-Caranavi",
        "postalcode": null
      }
    },
    {
      "type": "Feature",
      "geometry": {
        "type": "Point",
        "coordinates": [
          14.29939938,
          48.30525208
        ]
      },
      "properties": {
        "netid": "48:27:EA:F3:8F:8C",
        "ssid": "AndroidAP55F7",
        "oui": "48:27:EA",
        "channel": 1,
        "encryption": "wpa2",
        "firsttime": "2018-06-01T13:00:00.000Z",
        "lasttime": "2025-05-24T09:00:00.000Z",
        "city": "Linz",
        "region": "Ober\u00f6sterreich",
        "country": "AT",
        "road": "Gruberstra\u00dfe",
        "postalcode": "4020"
      }
    },
    {
      "type": "Feature",
      "geometry": {
        "type": "Point",
        "coordinates": [
          -6.91678953,
          32.88709641
        ]
      },
      "properties": {
        "netid": "48:27:EA:F3:AD:EC",
        "ssid": "Samsung",
        "oui": "48:27:EA",
        "channel": 6,
        "encryption": "wpa2",
        "firsttime": "2024-10-19T16:00:00.000Z",
        "lasttime": "2024-10-19T10:00:00.000Z",
        "city": "Khouribga \u2d45\u2d6f\u2d54\u2d49\u2d31\u2d33\u2d30 \u062e\u0631\u064a\u0628\u0643\u0629",
        "region": "B\u00e9ni Mellal-Kh\u00e9nifra \u2d30\u2d62\u2d5c \u2d4e\u2d4d\u2d4d\u2d30\u2d4d-\u2d45\u2d4f\u2d49\u2d3c\u2d55\u2d30 \u0628\u0646\u064a \u0645\u0644\u0627\u0644-\u062e\u0646\u064a\u0641\u0631\u0629",
        "country": "MA",
        "road": null,
        "postalcode": "25016"
      }
    },
    {
      "type": "Feature",
      "geometry": {
        "type": "Point",
        "coordinates": [
          14.28651905,
          48.30549622
        ]
      },
      "properties": {
        "netid": "48:27:EA:F3:B6:1C",
        "ssid": "AndroidAP",
        "oui": "48:27:EA",
        "channel": 6,
        "encryption": "wpa2",
        "firsttime": "2025-06-18T16:00:00.000Z",
        "lasttime": "2025-06-19T02:00:00.000Z",
        "city": "Linz",
        "region": "Ober\u00f6sterreich",
        "country": "AT",
        "road": "Hauptplatz",
        "postalcode": "4020"
      }
    },
    {
      "type": "Feature",
      "geometry": {
        "type": "Point",
        "coordinates": [
          13.55620193,
          48.24081421
        ]
      },
      "properties": {
        "netid": "48:27:EA:F3:E1:90",
        "ssid": "AndroidAP",
        "oui": "48:27:EA",
        "channel": 11,
        "encryption": "wpa2",
        "firsttime": "2021-05-17T16:00:00.000Z",
        "lasttime": "2025-10-09T12:00:00.000Z",
        "city": null,
        "region": "Ober\u00f6sterreich",
        "country": "AT",
        "road": "Innkreis Autobahn",
        "postalcode": "4743"
      }
    },
    {
      "type": "Feature",
      "geometry": {
        "type": "Point",
        "coordinates": [
          27.55077362,
          53.89082718
        ]
      },
      "properties": {
        "netid": "48:27:EA:F3:EA:DE",
        "ssid": "AndroidAP",
        "oui": "48:27:EA",
        "channel": 6,
        "encryption": "wpa2",
        "firsttime": "2026-01-25T12:00:00.000Z",
        "lasttime": "2026-01-25T09:00:00.000Z",
        "city": "\u041c\u0438\u043d\u0441\u043a",
        "region": "\u0423\u0431\u043e\u0440\u043a\u0438",
        "country": "BY",
        "road": "\u041f\u0440\u0438\u0432\u043e\u043a\u0437\u0430\u043b\u044c\u043d\u0430\u044f \u043f\u043b\u043e\u0449\u0430\u0434\u044c",
        "postalcode": "220006"
      }
    },
    {
      "type": "Feature",
      "geometry": {
        "type": "Point",
        "coordinates": [
          9.93114281,
          49.17718124
        ]
      },
      "properties": {
        "netid": "48:27:EA:F3:F8:E8",
        "ssid": "AndroidAP",
        "oui": "48:27:EA",
        "channel": 6,
        "encryption": "wpa2",
        "firsttime": "2025-10-21T17:00:00.000Z",
        "lasttime": "2025-11-15T22:00:00.000Z",
        "city": null,
        "region": "Baden-W\u00fcrttemberg",
        "country": "DE",
        "road": "A 6",
        "postalcode": "74532"
      }
    },
    {
      "type": "Feature",
      "geometry": {
        "type": "Point",
        "coordinates": [
          37.57476044,
          55.76646042
        ]
      },
      "properties": {
        "netid": "48:27:EA:F4:33:0A",
        "ssid": "AndroidAP330A",
        "oui": "48:27:EA",
        "channel": 1,
        "encryption": "unknown",
        "firsttime": "2024-02-21T21:00:00.000Z",
        "lasttime": "2025-08-08T01:00:00.000Z",
        "city": "\u041c\u043e\u0441\u043a\u0432\u0430",
        "region": "\u041c\u043e\u0441\u043a\u0432\u0430",
        "country": "RU",
        "road": "\u041d\u043e\u0432\u043e\u043f\u0440\u0435\u0441\u043d\u0435\u043d\u0441\u043a\u0438\u0439 \u043f\u0435\u0440\u0435\u0443\u043b\u043e\u043a",
        "postalcode": "123557"
      }
    },
    {
      "type": "Feature",
      "geometry": {
        "type": "Point",
        "coordinates": [
          7.02216768,
          46.19327927
        ]
      },
      "properties": {
        "netid": "48:27:EA:F4:57:E2",
        "ssid": "reau telephon",
        "oui": "48:27:EA",
        "channel": 3,
        "encryption": "wpa2",
        "firsttime": "2025-07-24T15:00:00.000Z",
        "lasttime": "2025-10-24T11:00:00.000Z",
        "city": null,
        "region": "Valais/Wallis",
        "country": "CH",
        "road": "A9",
        "postalcode": "1890"
      }
    },
    {
      "type": "Feature",
      "geometry": {
        "type": "Point",
        "coordinates": [
          7.60888195,
          47.53726196
        ]
      },
      "properties": {
        "netid": "48:27:EA:F4:58:28",
        "ssid": "AndroidAP5828",
        "oui": "48:27:EA",
        "channel": 6,
        "encryption": "wpa2",
        "firsttime": "2024-10-09T18:00:00.000Z",
        "lasttime": "2024-10-09T12:00:00.000Z",
        "city": "Basel",
        "region": "Basel-Stadt",
        "country": "CH",
        "road": "Dreispitz",
        "postalcode": "4023"
      }
    },
    {
      "type": "Feature",
      "geometry": {
        "type": "Point",
        "coordinates": [
          18.88440895,
          48.16953659
        ]
      },
      "properties": {
        "netid": "48:27:EA:F4:59:76",
        "ssid": "AndroidAP",
        "oui": "48:27:EA",
        "channel": 4,
        "encryption": "wpa2",
        "firsttime": "2025-02-14T11:00:00.000Z",
        "lasttime": "2025-02-14T06:00:00.000Z",
        "city": null,
        "region": "Banskobystrick\u00fd kraj",
        "country": "SK",
        "road": "Okru\u017en\u00e1",
        "postalcode": "96271"
      }
    },
    {
      "type": "Feature",
      "geometry": {
        "type": "Point",
        "coordinates": [
          19.92975998,
          47.78226471
        ]
      },
      "properties": {
        "netid": "48:27:EA:F4:6F:42",
        "ssid": "123456789",
        "oui": "48:27:EA",
        "channel": 2,
        "encryption": "wpa2",
        "firsttime": "2024-11-10T09:00:00.000Z",
        "lasttime": "2024-11-10T02:00:00.000Z",
        "city": null,
        "region": "\u00c9szak-Magyarorsz\u00e1g",
        "country": "HU",
        "road": "Than K\u00e1roly utca",
        "postalcode": "3200"
      }
    },
    {
      "type": "Feature",
      "geometry": {
        "type": "Point",
        "coordinates": [
          9.05932045,
          50.7069931
        ]
      },
      "properties": {
        "netid": "48:27:EA:F4:81:0E",
        "ssid": "AndroidAP12",
        "oui": "48:27:EA",
        "channel": 1,
        "encryption": "wpa2",
        "firsttime": "2022-02-03T18:00:00.000Z",
        "lasttime": "2024-12-08T07:00:00.000Z",
        "city": null,
        "region": "Hessen",
        "country": "DE",
        "road": "A 5",
        "postalcode": "35329"
      }
    },
    {
      "type": "Feature",
      "geometry": {
        "type": "Point",
        "coordinates": [
          19.04655075,
          47.47426605
        ]
      },
      "properties": {
        "netid": "48:27:EA:F4:86:28",
        "ssid": "AndroidAP",
        "oui": "48:27:EA",
        "channel": 1,
        "encryption": "wpa2",
        "firsttime": "2024-09-02T08:00:00.000Z",
        "lasttime": "2025-03-14T07:00:00.000Z",
        "city": null,
        "region": "Budapest",
        "country": "HU",
        "road": "\u00dajbuda-k\u00f6zpont, alulj\u00e1r\u00f3",
        "postalcode": "1117"
      }
    },
    {
      "type": "Feature",
      "geometry": {
        "type": "Point",
        "coordinates": [
          22.29013443,
          50.61248016
        ]
      },
      "properties": {
        "netid": "48:27:EA:F4:DD:46",
        "ssid": "AndroidAPDD46",
        "oui": "48:27:EA",
        "channel": 11,
        "encryption": "wpa2",
        "firsttime": "2025-10-26T13:00:00.000Z",
        "lasttime": "2025-10-26T12:00:00.000Z",
        "city": null,
        "region": "wojew\u00f3dztwo podkarpackie",
        "country": "PL",
        "road": "Via Carpatia im. Prezydenta RP Lecha Kaczy\u0144skiego",
        "postalcode": "37-405"
      }
    },
    {
      "type": "Feature",
      "geometry": {
        "type": "Point",
        "coordinates": [
          -58.43185806,
          -34.63813782
        ]
      },
      "properties": {
        "netid": "48:27:EA:F5:48:30",
        "ssid": "AndroidAP4830",
        "oui": "48:27:EA",
        "channel": 11,
        "encryption": "wpa2",
        "firsttime": "2026-04-09T12:00:00.000Z",
        "lasttime": "2026-04-11T10:00:00.000Z",
        "city": "Buenos Aires",
        "region": "Ciudad Aut\u00f3noma de Buenos Aires",
        "country": "AR",
        "road": "Saraza",
        "postalcode": "1255"
      }
    },
    {
      "type": "Feature",
      "geometry": {
        "type": "Point",
        "coordinates": [
          -84.03753662,
          9.91234016
        ]
      },
      "properties": {
        "netid": "48:27:EA:F5:4C:04",
        "ssid": "AndroidAP4C04",
        "oui": "48:27:EA",
        "channel": 6,
        "encryption": "wpa2",
        "firsttime": "2025-06-25T13:00:00.000Z",
        "lasttime": "2025-06-25T15:00:00.000Z",
        "city": null,
        "region": "Provincia San Jos\u00e9",
        "country": "CR",
        "road": "Avenida 48",
        "postalcode": "11801"
      }
    },
    {
      "type": "Feature",
      "geometry": {
        "type": "Point",
        "coordinates": [
          6.78525639,
          50.92941666
        ]
      },
      "properties": {
        "netid": "48:27:EA:F5:76:F2",
        "ssid": "AndroidAP",
        "oui": "48:27:EA",
        "channel": 6,
        "encryption": "wpa2",
        "firsttime": "2024-04-29T10:00:00.000Z",
        "lasttime": "2026-06-03T00:00:00.000Z",
        "city": null,
        "region": "Nordrhein-Westfalen",
        "country": "DE",
        "road": "A 4",
        "postalcode": "50226"
      }
    },
    {
      "type": "Feature",
      "geometry": {
        "type": "Point",
        "coordinates": [
          50.63626862,
          26.28771973
        ]
      },
      "properties": {
        "netid": "48:27:EA:F5:C4:B6",
        "ssid": "AndroidAPC4B6",
        "oui": "48:27:EA",
        "channel": 11,
        "encryption": "wpa2",
        "firsttime": "2026-05-24T10:00:00.000Z",
        "lasttime": "2026-05-27T13:00:00.000Z",
        "city": "\u0627\u0644\u0645\u062d\u0631\u0642",
        "region": "\u0645\u062d\u0627\u0641\u0638\u0629 \u0627\u0644\u0645\u062d\u0631\u0642",
        "country": "BH",
        "road": "\u0637\u0631\u064a\u0642 3549",
        "postalcode": "00973"
      }
    },
    {
      "type": "Feature",
      "geometry": {
        "type": "Point",
        "coordinates": [
          -68.14416504,
          -16.49393463
        ]
      },
      "properties": {
        "netid": "48:27:EA:F5:E9:36",
        "ssid": "Claus",
        "oui": "48:27:EA",
        "channel": 11,
        "encryption": "wpa2",
        "firsttime": "2026-02-10T13:00:00.000Z",
        "lasttime": "2026-05-06T14:00:00.000Z",
        "city": "La Paz",
        "region": "La Paz",
        "country": "BO",
        "road": "Calle Uyustus",
        "postalcode": "020101"
      }
    },
    {
      "type": "Feature",
      "geometry": {
        "type": "Point",
        "coordinates": [
          18.41892433,
          47.147686
        ]
      },
      "properties": {
        "netid": "48:27:EA:F6:A2:1A",
        "ssid": "AndroidAP",
        "oui": "48:27:EA",
        "channel": 11,
        "encryption": "wpa2",
        "firsttime": "2025-03-20T18:00:00.000Z",
        "lasttime": "2025-03-20T12:00:00.000Z",
        "city": "Sz\u00e9kesfeh\u00e9rv\u00e1r",
        "region": "K\u00f6z\u00e9p-Dun\u00e1nt\u00fal",
        "country": "HU",
        "road": "8",
        "postalcode": "8000"
      }
    },
    {
      "type": "Feature",
      "geometry": {
        "type": "Point",
        "coordinates": [
          22.33153725,
          56.30437088
        ]
      },
      "properties": {
        "netid": "48:27:EA:F6:C7:7A",
        "ssid": "Go F**ck Yourself",
        "oui": "48:27:EA",
        "channel": 11,
        "encryption": "wpa2",
        "firsttime": "2022-09-08T12:00:00.000Z",
        "lasttime": "2025-08-29T07:00:00.000Z",
        "city": null,
        "region": "Tel\u0161i\u0173 apskritis",
        "country": "LT",
        "road": "Draugyst\u0117s g.",
        "postalcode": "89169"
      }
    },
    {
      "type": "Feature",
      "geometry": {
        "type": "Point",
        "coordinates": [
          40.54044342,
          64.55613708
        ]
      },
      "properties": {
        "netid": "48:27:EA:F6:C8:7A",
        "ssid": "AndroidAPC87A",
        "oui": "48:27:EA",
        "channel": 1,
        "encryption": "unknown",
        "firsttime": "2026-04-22T06:00:00.000Z",
        "lasttime": "2026-04-22T13:00:00.000Z",
        "city": "\u0410\u0440\u0445\u0430\u043d\u0433\u0435\u043b\u044c\u0441\u043a",
        "region": "\u0410\u0440\u0445\u0430\u043d\u0433\u0435\u043b\u044c\u0441\u043a\u0430\u044f \u043e\u0431\u043b\u0430\u0441\u0442\u044c",
        "country": "RU",
        "road": "\u043f\u0440\u043e\u0441\u043f\u0435\u043a\u0442 \u0421\u043e\u0432\u0435\u0442\u0441\u043a\u0438\u0445 \u041a\u043e\u0441\u043c\u043e\u043d\u0430\u0432\u0442\u043e\u0432",
        "postalcode": "163072"
      }
    },
    {
      "type": "Feature",
      "geometry": {
        "type": "Point",
        "coordinates": [
          60.59637833,
          56.81637573
        ]
      },
      "properties": {
        "netid": "48:27:EA:F6:C8:96",
        "ssid": "J7",
        "oui": "48:27:EA",
        "channel": 11,
        "encryption": "unknown",
        "firsttime": "2025-05-08T18:00:00.000Z",
        "lasttime": "2025-06-08T11:00:00.000Z",
        "city": "\u0415\u043a\u0430\u0442\u0435\u0440\u0438\u043d\u0431\u0443\u0440\u0433",
        "region": "\u0421\u0432\u0435\u0440\u0434\u043b\u043e\u0432\u0441\u043a\u0430\u044f \u043e\u0431\u043b\u0430\u0441\u0442\u044c",
        "country": "RU",
        "road": "\u0443\u043b\u0438\u0446\u0430 \u0411\u043e\u043b\u044c\u0448\u0430\u043a\u043e\u0432\u0430",
        "postalcode": "620144"
      }
    },
    {
      "type": "Feature",
      "geometry": {
        "type": "Point",
        "coordinates": [
          30.27737808,
          59.93894196
        ]
      },
      "properties": {
        "netid": "48:27:EA:F6:CB:92",
        "ssid": "AndroidAPCB92",
        "oui": "48:27:EA",
        "channel": 11,
        "encryption": "unknown",
        "firsttime": "2024-10-13T17:00:00.000Z",
        "lasttime": "2024-10-15T08:00:00.000Z",
        "city": "\u0421\u0430\u043d\u043a\u0442-\u041f\u0435\u0442\u0435\u0440\u0431\u0443\u0440\u0433",
        "region": "\u0421\u0430\u043d\u043a\u0442-\u041f\u0435\u0442\u0435\u0440\u0431\u0443\u0440\u0433",
        "country": "RU",
        "road": "10-11-\u044f \u043b\u0438\u043d\u0438\u0438 \u0412.\u041e.",
        "postalcode": "199004"
      }
    },
    {
      "type": "Feature",
      "geometry": {
        "type": "Point",
        "coordinates": [
          -69.91990662,
          18.47366905
        ]
      },
      "properties": {
        "netid": "48:27:EA:F6:D9:7E",
        "ssid": "junior san sung",
        "oui": "48:27:EA",
        "channel": 1,
        "encryption": "wpa2",
        "firsttime": "2025-01-24T19:00:00.000Z",
        "lasttime": "2025-02-01T04:00:00.000Z",
        "city": null,
        "region": "Distrito Nacional",
        "country": "DO",
        "road": "Avenida Ortega y Gasset",
        "postalcode": "10121"
      }
    },
    {
      "type": "Feature",
      "geometry": {
        "type": "Point",
        "coordinates": [
          4.43692255,
          52.04879761
        ]
      },
      "properties": {
        "netid": "48:27:EA:F7:08:92",
        "ssid": "AndroidAP",
        "oui": "48:27:EA",
        "channel": 5,
        "encryption": "wpa2",
        "firsttime": "2024-10-04T11:00:00.000Z",
        "lasttime": "2025-07-16T10:00:00.000Z",
        "city": null,
        "region": "Zuid-Holland",
        "country": "NL",
        "road": "'s-Gravenpad",
        "postalcode": "2631PN"
      }
    },
    {
      "type": "Feature",
      "geometry": {
        "type": "Point",
        "coordinates": [
          14.36744404,
          40.93807983
        ]
      },
      "properties": {
        "netid": "48:27:EA:F7:6E:E6",
        "ssid": "Susy",
        "oui": "48:27:EA",
        "channel": 11,
        "encryption": "wpa2",
        "firsttime": "2024-11-19T17:00:00.000Z",
        "lasttime": "2024-11-19T10:00:00.000Z",
        "city": "Acerra",
        "region": "Campania",
        "country": "IT",
        "road": "Corso Italia",
        "postalcode": "80011"
      }
    },
    {
      "type": "Feature",
      "geometry": {
        "type": "Point",
        "coordinates": [
          71.89391327,
          34.51615143
        ]
      },
      "properties": {
        "netid": "48:27:EA:F7:99:20",
        "ssid": "PTCL- BB",
        "oui": "48:27:EA",
        "channel": 1,
        "encryption": "wpa2",
        "firsttime": "2025-10-31T13:00:00.000Z",
        "lasttime": "2025-11-19T09:00:00.000Z",
        "city": null,
        "region": "\u062e\u06cc\u0628\u0631 \u067e\u062e\u062a\u0648\u0646\u062e\u0648\u0627",
        "country": "PK",
        "road": null,
        "postalcode": null
      }
    },
    {
      "type": "Feature",
      "geometry": {
        "type": "Point",
        "coordinates": [
          -2.16759801,
          52.8829689
        ]
      },
      "properties": {
        "netid": "48:27:EA:F8:01:E1",
        "ssid": "AndroidAPRaluca ",
        "oui": "48:27:EA",
        "channel": 1,
        "encryption": "wpa2",
        "firsttime": "2023-11-10T08:00:00.000Z",
        "lasttime": "2026-05-29T12:00:00.000Z",
        "city": null,
        "region": "England",
        "country": "GB",
        "road": "M6",
        "postalcode": "ST16 1GW"
      }
    },
    {
      "type": "Feature",
      "geometry": {
        "type": "Point",
        "coordinates": [
          22.96341133,
          40.61201477
        ]
      },
      "properties": {
        "netid": "48:27:EA:F8:1C:35",
        "ssid": "J5 2019",
        "oui": "48:27:EA",
        "channel": 11,
        "encryption": "wpa2",
        "firsttime": "2025-04-27T00:00:00.000Z",
        "lasttime": "2025-04-26T19:00:00.000Z",
        "city": "\u0394\u03b7\u03bc\u03bf\u03c4\u03b9\u03ba\u03ae \u0395\u03bd\u03cc\u03c4\u03b7\u03c4\u03b1 \u0398\u03b5\u03c3\u03b1\u03bb\u03bf\u03bd\u03af\u03ba\u03b7\u03c2",
        "region": "\u0391\u03c0\u03bf\u03ba\u03b5\u03bd\u03c4\u03c1\u03c9\u03bc\u03ad\u03bd\u03b7 \u0394\u03b9\u03bf\u03af\u03ba\u03b7\u03c3\u03b7 \u039c\u03b1\u03ba\u03b5\u03b4\u03bf\u03bd\u03af\u03b1\u03c2 - \u0398\u03c1\u03ac\u03ba\u03b7\u03c2",
        "country": "GR",
        "road": "\u039a\u03bb\u03b5\u03ac\u03bd\u03b8\u03bf\u03c5\u03c2",
        "postalcode": "54642"
      }
    },
    {
      "type": "Feature",
      "geometry": {
        "type": "Point",
        "coordinates": [
          -5.4214716,
          31.45496368
        ]
      },
      "properties": {
        "netid": "48:27:EA:F8:1E:B1",
        "ssid": "Aziz",
        "oui": "48:27:EA",
        "channel": 6,
        "encryption": "wpa2",
        "firsttime": "2025-11-13T17:00:00.000Z",
        "lasttime": "2025-11-13T09:00:00.000Z",
        "city": null,
        "region": "Dr\u00e2a-Tafilalet \u2d37\u2d30\u2d54\u2d44\u2d30-\u2d5c\u2d30\u2d3c\u2d49\u2d4d\u2d30\u2d4d\u2d5c \u062f\u0631\u0639\u0629 \u062a\u0627\u0641\u064a\u0644\u0627\u0644\u062a",
        "country": "MA",
        "road": null,
        "postalcode": "45652"
      }
    },
    {
      "type": "Feature",
      "geometry": {
        "type": "Point",
        "coordinates": [
          8.25076008,
          47.48143387
        ]
      },
      "properties": {
        "netid": "48:27:EA:F8:29:13",
        "ssid": "Alstom_ChOe",
        "oui": "48:27:EA",
        "channel": 11,
        "encryption": "wpa2",
        "firsttime": "2024-09-11T13:00:00.000Z",
        "lasttime": "2026-06-17T08:00:00.000Z",
        "city": null,
        "region": "Aargau",
        "country": "CH",
        "road": "Hornweg",
        "postalcode": "5412"
      }
    },
    {
      "type": "Feature",
      "geometry": {
        "type": "Point",
        "coordinates": [
          6.84780502,
          46.46072769
        ]
      },
      "properties": {
        "netid": "48:27:EA:F8:2D:7F",
        "ssid": null,
        "oui": "48:27:EA",
        "channel": 4,
        "encryption": "unknown",
        "firsttime": "2024-02-19T07:00:00.000Z",
        "lasttime": "2024-12-11T23:00:00.000Z",
        "city": null,
        "region": "Vaud",
        "country": "CH",
        "road": "Rue du Clos",
        "postalcode": "1800"
      }
    },
    {
      "type": "Feature",
      "geometry": {
        "type": "Point",
        "coordinates": [
          63.61470795,
          53.19451904
        ]
      },
      "properties": {
        "netid": "48:27:EA:F8:5F:81",
        "ssid": "Galaxy J55F81",
        "oui": "48:27:EA",
        "channel": 6,
        "encryption": "wpa2",
        "firsttime": "2025-08-19T04:00:00.000Z",
        "lasttime": "2025-08-21T00:00:00.000Z",
        "city": "\u049a\u043e\u0441\u0442\u0430\u043d\u0430\u0439",
        "region": "\u049a\u043e\u0441\u0442\u0430\u043d\u0430\u0439 \u043e\u0431\u043b\u044b\u0441\u044b",
        "country": "KZ",
        "road": "\u0410\u0431\u0430\u044f \u043f\u0440\u043e\u0441\u043f\u0435\u043a\u0442",
        "postalcode": "110000"
      }
    },
    {
      "type": "Feature",
      "geometry": {
        "type": "Point",
        "coordinates": [
          4.46843958,
          51.9255867
        ]
      },
      "properties": {
        "netid": "48:27:EA:F8:D2:AB",
        "ssid": "AndroidAP6677",
        "oui": "48:27:EA",
        "channel": 1,
        "encryption": "wpa2",
        "firsttime": "2025-04-02T18:00:00.000Z",
        "lasttime": "2025-04-02T10:00:00.000Z",
        "city": "Rotterdam",
        "region": "Zuid-Holland",
        "country": "NL",
        "road": "Spoorsingel",
        "postalcode": "3033GJ"
      }
    },
    {
      "type": "Feature",
      "geometry": {
        "type": "Point",
        "coordinates": [
          -15.62328339,
          37.57807922
        ]
      },
      "properties": {
        "netid": "48:27:EA:F9:05:01",
        "ssid": "Internet basia",
        "oui": "48:27:EA",
        "channel": 11,
        "encryption": "wpa2",
        "firsttime": "2024-12-05T13:00:00.000Z",
        "lasttime": "2024-12-11T02:00:00.000Z",
        "city": null,
        "region": null,
        "country": null,
        "road": null,
        "postalcode": null
      }
    },
    {
      "type": "Feature",
      "geometry": {
        "type": "Point",
        "coordinates": [
          8.13448048,
          52.6218338
        ]
      },
      "properties": {
        "netid": "48:27:EA:F9:07:F9",
        "ssid": "AndroidAP",
        "oui": "48:27:EA",
        "channel": 1,
        "encryption": "wpa2",
        "firsttime": "2025-10-11T11:00:00.000Z",
        "lasttime": "2025-12-19T13:00:00.000Z",
        "city": null,
        "region": "Niedersachsen",
        "country": "DE",
        "road": "Hansalinie",
        "postalcode": "49413"
      }
    },
    {
      "type": "Feature",
      "geometry": {
        "type": "Point",
        "coordinates": [
          18.40978432,
          47.21092606
        ]
      },
      "properties": {
        "netid": "48:27:EA:F9:08:87",
        "ssid": "Faszkalapka",
        "oui": "48:27:EA",
        "channel": 1,
        "encryption": "wpa2",
        "firsttime": "2024-10-10T13:00:00.000Z",
        "lasttime": "2024-10-10T07:00:00.000Z",
        "city": "Sz\u00e9kesfeh\u00e9rv\u00e1r",
        "region": "K\u00f6z\u00e9p-Dun\u00e1nt\u00fal",
        "country": "HU",
        "road": "M\u00e9sz\u00e1ros L\u00e1z\u00e1r utca",
        "postalcode": "8000"
      }
    },
    {
      "type": "Feature",
      "geometry": {
        "type": "Point",
        "coordinates": [
          20.12335396,
          52.05408096
        ]
      },
      "properties": {
        "netid": "48:27:EA:F9:54:E3",
        "ssid": "AndroidAP",
        "oui": "48:27:EA",
        "channel": 11,
        "encryption": "wpa2",
        "firsttime": "2024-05-06T11:00:00.000Z",
        "lasttime": "2025-03-23T23:00:00.000Z",
        "city": null,
        "region": "wojew\u00f3dztwo \u0142\u00f3dzkie",
        "country": "PL",
        "road": "Autostrada Wolno\u015bci",
        "postalcode": null
      }
    },
    {
      "type": "Feature",
      "geometry": {
        "type": "Point",
        "coordinates": [
          21.00303268,
          52.22814178
        ]
      },
      "properties": {
        "netid": "48:27:EA:F9:57:2B",
        "ssid": "Galaxy J5572B",
        "oui": "48:27:EA",
        "channel": 11,
        "encryption": "wpa2",
        "firsttime": "2026-01-13T17:00:00.000Z",
        "lasttime": "2026-03-03T08:00:00.000Z",
        "city": "Warszawa",
        "region": "wojew\u00f3dztwo mazowieckie",
        "country": "PL",
        "road": "Aleje Jerozolimskie",
        "postalcode": "00-024"
      }
    },
    {
      "type": "Feature",
      "geometry": {
        "type": "Point",
        "coordinates": [
          4.32159233,
          52.06141281
        ]
      },
      "properties": {
        "netid": "48:27:EA:F9:68:B1",
        "ssid": "Michu",
        "oui": "48:27:EA",
        "channel": 11,
        "encryption": "wpa2",
        "firsttime": "2022-09-21T15:00:00.000Z",
        "lasttime": "2024-10-31T10:00:00.000Z",
        "city": "Den Haag",
        "region": "Zuid-Holland",
        "country": "NL",
        "road": "Laakkade",
        "postalcode": "2521XT"
      }
    },
    {
      "type": "Feature",
      "geometry": {
        "type": "Point",
        "coordinates": [
          101.71174622,
          3.07818317
        ]
      },
      "properties": {
        "netid": "48:27:EA:F9:B5:D1",
        "ssid": "AndroidAPB5D1",
        "oui": "48:27:EA",
        "channel": 6,
        "encryption": "wpa2",
        "firsttime": "2025-01-19T02:00:00.000Z",
        "lasttime": "2025-02-04T10:00:00.000Z",
        "city": "Kuala Lumpur",
        "region": "Salak Selatan",
        "country": "MY",
        "road": "To Lobby Utama",
        "postalcode": "57100"
      }
    },
    {
      "type": "Feature",
      "geometry": {
        "type": "Point",
        "coordinates": [
          -57.38014984,
          -25.37967873
        ]
      },
      "properties": {
        "netid": "48:27:EA:FA:C1:29",
        "ssid": "AndroidAP",
        "oui": "48:27:EA",
        "channel": 6,
        "encryption": "wpa2",
        "firsttime": "2025-09-27T16:00:00.000Z",
        "lasttime": "2025-09-27T10:00:00.000Z",
        "city": null,
        "region": "Regi\u00f3n Oriental",
        "country": "PY",
        "road": "Ruta Nacional Mariscal Estigarribia",
        "postalcode": "2740"
      }
    },
    {
      "type": "Feature",
      "geometry": {
        "type": "Point",
        "coordinates": [
          -58.39986801,
          -34.62249756
        ]
      },
      "properties": {
        "netid": "48:27:EA:FA:D0:05",
        "ssid": "AndroidAP",
        "oui": "48:27:EA",
        "channel": 11,
        "encryption": "wpa2",
        "firsttime": "2024-08-28T22:00:00.000Z",
        "lasttime": "2024-09-04T14:00:00.000Z",
        "city": "Buenos Aires",
        "region": "Ciudad Aut\u00f3noma de Buenos Aires",
        "country": "AR",
        "road": "Matheu",
        "postalcode": "C1229AAK"
      }
    },
    {
      "type": "Feature",
      "geometry": {
        "type": "Point",
        "coordinates": [
          -58.45171356,
          -34.55641556
        ]
      },
      "properties": {
        "netid": "48:27:EA:FA:D7:33",
        "ssid": "AndroidAPD733",
        "oui": "48:27:EA",
        "channel": 6,
        "encryption": "wpa2",
        "firsttime": "2025-08-17T18:00:00.000Z",
        "lasttime": "2025-08-17T13:00:00.000Z",
        "city": "Buenos Aires",
        "region": "Ciudad Aut\u00f3noma de Buenos Aires",
        "country": "AR",
        "road": "Arribe\u00f1os",
        "postalcode": "C1426ABB"
      }
    },
    {
      "type": "Feature",
      "geometry": {
        "type": "Point",
        "coordinates": [
          -56.86891937,
          -25.28017998
        ]
      },
      "properties": {
        "netid": "48:27:EA:FB:2C:11",
        "ssid": "Agustin Lopez",
        "oui": "48:27:EA",
        "channel": 6,
        "encryption": "wpa2",
        "firsttime": "2025-02-28T19:00:00.000Z",
        "lasttime": "2025-02-28T14:00:00.000Z",
        "city": null,
        "region": "Departamento de Cordillera",
        "country": "PY",
        "road": "Ruta Isla Puc\u00fa - Caraguatay",
        "postalcode": "3150"
      }
    },
    {
      "type": "Feature",
      "geometry": {
        "type": "Point",
        "coordinates": [
          9.96378136,
          49.17708969
        ]
      },
      "properties": {
        "netid": "48:27:EA:FB:B4:8F",
        "ssid": "Galaxy J5B48F",
        "oui": "48:27:EA",
        "channel": 6,
        "encryption": "wpa2",
        "firsttime": "2023-06-20T20:00:00.000Z",
        "lasttime": "2024-10-08T09:00:00.000Z",
        "city": null,
        "region": "Baden-W\u00fcrttemberg",
        "country": "DE",
        "road": "A 6",
        "postalcode": "74592"
      }
    },
    {
      "type": "Feature",
      "geometry": {
        "type": "Point",
        "coordinates": [
          -63.22664261,
          -17.7911377
        ]
      },
      "properties": {
        "netid": "48:27:EA:FB:C8:5B",
        "ssid": "Wifi TEDY",
        "oui": "48:27:EA",
        "channel": 6,
        "encryption": "wpa2",
        "firsttime": "2026-03-10T17:00:00.000Z",
        "lasttime": "2026-04-01T21:00:00.000Z",
        "city": "Municipio Santa Cruz de la Sierra",
        "region": "Santa Cruz",
        "country": "BO",
        "road": null,
        "postalcode": "2236"
      }
    },
    {
      "type": "Feature",
      "geometry": {
        "type": "Point",
        "coordinates": [
          -84.07646179,
          9.93462944
        ]
      },
      "properties": {
        "netid": "48:27:EA:FB:CD:D9",
        "ssid": "Galaxy J5 ProCDD9",
        "oui": "48:27:EA",
        "channel": 11,
        "encryption": "wpa2",
        "firsttime": "2026-03-30T01:00:00.000Z",
        "lasttime": "2026-03-29T19:00:00.000Z",
        "city": "San Jos\u00e9",
        "region": "Provincia San Jos\u00e9",
        "country": "CR",
        "road": "Avenida Eladio Prado S\u00e1enz",
        "postalcode": "10101"
      }
    },
    {
      "type": "Feature",
      "geometry": {
        "type": "Point",
        "coordinates": [
          22.95119858,
          40.63244629
        ]
      },
      "properties": {
        "netid": "48:27:EA:FB:DB:0D",
        "ssid": "AndroidAP",
        "oui": "48:27:EA",
        "channel": 11,
        "encryption": "wpa2",
        "firsttime": "2025-04-12T18:00:00.000Z",
        "lasttime": "2025-04-12T13:00:00.000Z",
        "city": "\u0394\u03b7\u03bc\u03bf\u03c4\u03b9\u03ba\u03ae \u0395\u03bd\u03cc\u03c4\u03b7\u03c4\u03b1 \u0398\u03b5\u03c3\u03b1\u03bb\u03bf\u03bd\u03af\u03ba\u03b7\u03c2",
        "region": "\u0391\u03c0\u03bf\u03ba\u03b5\u03bd\u03c4\u03c1\u03c9\u03bc\u03ad\u03bd\u03b7 \u0394\u03b9\u03bf\u03af\u03ba\u03b7\u03c3\u03b7 \u039c\u03b1\u03ba\u03b5\u03b4\u03bf\u03bd\u03af\u03b1\u03c2 - \u0398\u03c1\u03ac\u03ba\u03b7\u03c2",
        "country": "GR",
        "road": "\u0395\u03b3\u03bd\u03b1\u03c4\u03af\u03b1",
        "postalcode": "546 35"
      }
    },
    {
      "type": "Feature",
      "geometry": {
        "type": "Point",
        "coordinates": [
          2.28672051,
          48.86348343
        ]
      },
      "properties": {
        "netid": "48:27:EA:FC:B2:91",
        "ssid": "AndroidAP7477",
        "oui": "48:27:EA",
        "channel": 3,
        "encryption": "wpa2",
        "firsttime": "2025-12-01T17:00:00.000Z",
        "lasttime": "2025-12-01T16:00:00.000Z",
        "city": "Paris",
        "region": "\u00cele-de-France",
        "country": "FR",
        "road": "Place du Trocad\u00e9ro et du 11 Novembre 1918",
        "postalcode": "75116"
      }
    },
    {
      "type": "Feature",
      "geometry": {
        "type": "Point",
        "coordinates": [
          19.64836693,
          41.33743668
        ]
      },
      "properties": {
        "netid": "48:27:EA:FD:55:52",
        "ssid": "Galaxy J55552",
        "oui": "48:27:EA",
        "channel": 1,
        "encryption": "wpa2",
        "firsttime": "2026-08-17T06:00:00.000Z",
        "lasttime": "2026-08-17T02:00:00.000Z",
        "city": null,
        "region": "Shqip\u00ebria Qendrore",
        "country": "AL",
        "road": null,
        "postalcode": "1032"
      }
    },
    {
      "type": "Feature",
      "geometry": {
        "type": "Point",
        "coordinates": [
          174.734375,
          -36.89894104
        ]
      },
      "properties": {
        "netid": "48:27:EA:FD:56:AE",
        "ssid": "AndroidAP56AE",
        "oui": "48:27:EA",
        "channel": 11,
        "encryption": "wpa2",
        "firsttime": "2025-05-14T03:00:00.000Z",
        "lasttime": "2025-05-13T21:00:00.000Z",
        "city": "Albert-Eden",
        "region": "Auckland",
        "country": "NZ",
        "road": "Mount Albert Road",
        "postalcode": "1041"
      }
    },
    {
      "type": "Feature",
      "geometry": {
        "type": "Point",
        "coordinates": [
          175.32124329,
          -41.11646652
        ]
      },
      "properties": {
        "netid": "48:27:EA:FD:5A:2E",
        "ssid": "AndroidAP",
        "oui": "48:27:EA",
        "channel": 1,
        "encryption": "wpa2",
        "firsttime": "2025-01-05T23:00:00.000Z",
        "lasttime": "2025-01-05T17:00:00.000Z",
        "city": "Featherston Community",
        "region": "Wellington",
        "country": "NZ",
        "road": "Fitzherbert Street",
        "postalcode": "5710"
      }
    },
    {
      "type": "Feature",
      "geometry": {
        "type": "Point",
        "coordinates": [
          29.27383232,
          40.89178848
        ]
      },
      "properties": {
        "netid": "48:27:EA:FD:60:AA",
        "ssid": "AndroidAP60AA",
        "oui": "48:27:EA",
        "channel": 11,
        "encryption": "wpa2",
        "firsttime": "2024-10-01T10:00:00.000Z",
        "lasttime": "2024-10-01T04:00:00.000Z",
        "city": null,
        "region": "Marmara B\u00f6lgesi",
        "country": "TR",
        "road": "Salk\u0131m Sokak",
        "postalcode": "34899"
      }
    },
    {
      "type": "Feature",
      "geometry": {
        "type": "Point",
        "coordinates": [
          39.92483521,
          43.44364929
        ]
      },
      "properties": {
        "netid": "48:27:EA:FD:C2:90",
        "ssid": "AndroidAP",
        "oui": "48:27:EA",
        "channel": 1,
        "encryption": "unknown",
        "firsttime": "2026-01-15T14:00:00.000Z",
        "lasttime": "2026-02-09T03:00:00.000Z",
        "city": "\u0421\u043e\u0447\u0438",
        "region": "\u041a\u0440\u0430\u0441\u043d\u043e\u0434\u0430\u0440\u0441\u043a\u0438\u0439 \u043a\u0440\u0430\u0439",
        "country": "RU",
        "road": "\u0443\u043b\u0438\u0446\u0430 \u041c\u0438\u0440\u0430",
        "postalcode": "354340"
      }
    },
    {
      "type": "Feature",
      "geometry": {
        "type": "Point",
        "coordinates": [
          23.17894745,
          38.45249939
        ]
      },
      "properties": {
        "netid": "48:27:EA:FE:41:38",
        "ssid": "Hlektra",
        "oui": "48:27:EA",
        "channel": 6,
        "encryption": "wpa2",
        "firsttime": "2024-10-25T13:00:00.000Z",
        "lasttime": "2024-10-25T09:00:00.000Z",
        "city": null,
        "region": "\u0391\u03c0\u03bf\u03ba\u03b5\u03bd\u03c4\u03c1\u03c9\u03bc\u03ad\u03bd\u03b7 \u0394\u03b9\u03bf\u03af\u03ba\u03b7\u03c3\u03b7 \u0398\u03b5\u03c3\u03c3\u03b1\u03bb\u03af\u03b1\u03c2 - \u03a3\u03c4\u03b5\u03c1\u03b5\u03ac\u03c2 \u0395\u03bb\u03bb\u03ac\u03b4\u03bf\u03c2",
        "country": "GR",
        "road": "\u0391\u03b8\u03ae\u03bd\u03b1 - \u0398\u03b5\u03c3\u03c3\u03b1\u03bb\u03bf\u03bd\u03af\u03ba\u03b7 - \u0395\u03cd\u03b6\u03c9\u03bd\u03bf\u03b9",
        "postalcode": null
      }
    },
    {
      "type": "Feature",
      "geometry": {
        "type": "Point",
        "coordinates": [
          74.30952454,
          31.50183296
        ]
      },
      "properties": {
        "netid": "48:27:EA:FE:69:70",
        "ssid": "AndroidAP6970",
        "oui": "48:27:EA",
        "channel": 11,
        "encryption": "wpa2",
        "firsttime": "2025-09-08T14:00:00.000Z",
        "lasttime": "2025-09-08T08:00:00.000Z",
        "city": "\u0644\u0627\u06c1\u0648\u0631",
        "region": "\u067e\u0646\u062c\u0627\u0628",
        "country": "PK",
        "road": "\u0646\u06c1\u0631 \u0633\u0691\u06a9\u200e",
        "postalcode": "54590"
      }
    },
    {
      "type": "Feature",
      "geometry": {
        "type": "Point",
        "coordinates": [
          -7.95942068,
          37.05638123
        ]
      },
      "properties": {
        "netid": "48:27:EA:FE:76:5C",
        "ssid": "AndroidAP",
        "oui": "48:27:EA",
        "channel": 6,
        "encryption": "wpa2",
        "firsttime": "2025-04-21T11:00:00.000Z",
        "lasttime": "2025-06-11T15:00:00.000Z",
        "city": "Faro",
        "region": "Faro",
        "country": "PT",
        "road": "EN 125",
        "postalcode": "8005-412"
      }
    },
    {
      "type": "Feature",
      "geometry": {
        "type": "Point",
        "coordinates": [
          18.81241417,
          54.11080933
        ]
      },
      "properties": {
        "netid": "48:27:EA:FE:AF:24",
        "ssid": "Wietnam",
        "oui": "48:27:EA",
        "channel": 6,
        "encryption": "wpa2",
        "firsttime": "2025-08-16T16:00:00.000Z",
        "lasttime": "2025-08-16T11:00:00.000Z",
        "city": null,
        "region": "wojew\u00f3dztwo pomorskie",
        "country": "PL",
        "road": "Ch\u0142opska",
        "postalcode": "83-110"
      }
    },
    {
      "type": "Feature",
      "geometry": {
        "type": "Point",
        "coordinates": [
          7.652318,
          45.097435
        ]
      },
      "properties": {
        "netid": "48:27:EA:FF:03:6C",
        "ssid": "7",
        "oui": "48:27:EA",
        "channel": 6,
        "encryption": "wpa2",
        "firsttime": "2026-04-06T14:00:00.000Z",
        "lasttime": "2026-04-06T09:00:00.000Z",
        "city": "Torino",
        "region": "Piemonte",
        "country": "IT",
        "road": "Via Borgomasino",
        "postalcode": "10149"
      }
    },
    {
      "type": "Feature",
      "geometry": {
        "type": "Point",
        "coordinates": [
          10.22454166,
          43.89744186
        ]
      },
      "properties": {
        "netid": "48:27:EA:FF:09:42",
        "ssid": "AndroidAP",
        "oui": "48:27:EA",
        "channel": 11,
        "encryption": "wpa2",
        "firsttime": "2024-09-28T15:00:00.000Z",
        "lasttime": "2024-09-28T09:00:00.000Z",
        "city": null,
        "region": "Toscana",
        "country": "IT",
        "road": "Via Francesco Gasparini",
        "postalcode": "55043"
      }
    },
    {
      "type": "Feature",
      "geometry": {
        "type": "Point",
        "coordinates": [
          -1.89152026,
          53.87171555
        ]
      },
      "properties": {
        "netid": "48:27:EA:FF:28:36",
        "ssid": "AndroidAP5316",
        "oui": "48:27:EA",
        "channel": 1,
        "encryption": "wpa2",
        "firsttime": "2024-09-26T17:00:00.000Z",
        "lasttime": "2024-09-26T10:00:00.000Z",
        "city": "Bradford",
        "region": "England",
        "country": "GB",
        "road": "Aire Valley Road",
        "postalcode": "BD21 4DJ"
      }
    },
    {
      "type": "Feature",
      "geometry": {
        "type": "Point",
        "coordinates": [
          4.43674231,
          51.22996521
        ]
      },
      "properties": {
        "netid": "48:27:EA:FF:58:8E",
        "ssid": "AndroidAP588E",
        "oui": "48:27:EA",
        "channel": 6,
        "encryption": "wpa2",
        "firsttime": "2025-03-26T16:00:00.000Z",
        "lasttime": "2025-03-26T10:00:00.000Z",
        "city": null,
        "region": "Antwerpen",
        "country": "BE",
        "road": "Slachthuislaan",
        "postalcode": "2060"
      }
    },
    {
      "type": "Feature",
      "geometry": {
        "type": "Point",
        "coordinates": [
          174.76405334,
          -36.85172653
        ]
      },
      "properties": {
        "netid": "48:27:EA:FF:5A:44",
        "ssid": "AndroidAP",
        "oui": "48:27:EA",
        "channel": 11,
        "encryption": "wpa2",
        "firsttime": "2024-11-28T01:00:00.000Z",
        "lasttime": "2024-11-27T22:00:00.000Z",
        "city": "Auckland",
        "region": "Auckland",
        "country": "NZ",
        "road": "Queen Street",
        "postalcode": "1010"
      }
    },
    {
      "type": "Feature",
      "geometry": {
        "type": "Point",
        "coordinates": [
          29.27256966,
          40.89955902
        ]
      },
      "properties": {
        "netid": "48:27:EA:FF:88:E4",
        "ssid": "Emircan \u0130phone",
        "oui": "48:27:EA",
        "channel": 11,
        "encryption": "wpa2",
        "firsttime": "2024-10-11T10:00:00.000Z",
        "lasttime": "2024-10-11T03:00:00.000Z",
        "city": null,
        "region": "Marmara B\u00f6lgesi",
        "country": "TR",
        "road": "Tando\u011fan Caddesi",
        "postalcode": "34906"
      }
    },
    {
      "type": "Feature",
      "geometry": {
        "type": "Point",
        "coordinates": [
          51.40787125,
          35.72072983
        ]
      },
      "properties": {
        "netid": "48:27:EA:FF:B6:E6",
        "ssid": "AndroidAPB6E6",
        "oui": "48:27:EA",
        "channel": 6,
        "encryption": "wpa2",
        "firsttime": "2025-04-19T16:00:00.000Z",
        "lasttime": "2025-04-19T10:00:00.000Z",
        "city": "\u0634\u0647\u0631 \u062a\u0647\u0631\u0627\u0646",
        "region": "\u0634\u0647\u0631\u0633\u062a\u0627\u0646 \u062a\u0647\u0631\u0627\u0646",
        "country": "IR",
        "road": "\u0641\u0627\u0637\u0645\u06cc",
        "postalcode": "14316-63715"
      }
    }
  ],
  "properties": {
    "generated": "2026-09-04T10:08:29.536397+00:00",
    "oui": "48:27:EA",
    "source": "WiGLE (wigle.net)",
    "project": "flock-finder",
    "total_cameras": 1082
  }
}