netid,ssid,trilat,trilong,oui_match,channel,encryption,firsttime,lasttime,city,region,country,road,postalcode
48:27:EA:00:DE:2F,AndroidAP1371,54.58808136,-1.34126544,48:27:EA,6,wpa2,2024-10-08T16:00:00.000Z,2025-02-07T08:00:00.000Z,,England,GB,Redhill Road,TS19 9BX
48:27:EA:00:EA:53,Galaxy A3,53.8150177,-1.80221534,48:27:EA,1,wpa2,2024-10-09T14:00:00.000Z,2024-10-09T08:00:00.000Z,Bradford,England,GB,Haworth Road,BD9 6HZ
48:27:EA:00:ED:87,HeXeFrEeA3,51.21463394,7.6338129,48:27:EA,1,wpa2,2024-11-29T11:00:00.000Z,2024-11-29T13:00:00.000Z,,Nordrhein-Westfalen,DE,Turmstraße,58511
48:27:EA:04:62:CD,Mimo,51.34547424,12.40626907,48:27:EA,4,wpa2,2025-03-02T19:00:00.000Z,2025-04-15T19:00:00.000Z,Leipzig,Sachsen,DE,Eisenbahnstraße,04315
48:27:EA:04:6C:A7,AndroidAP6CA7,48.44538116,11.58939743,48:27:EA,1,wpa2,2025-10-18T01:00:00.000Z,2025-10-18T03:00:00.000Z,Allershausen,Bayern,DE,A 9,85391
48:27:EA:05:22:6B,hoferdose,48.29069138,14.30180931,48:27:EA,11,wpa2,2025-07-04T14:00:00.000Z,2025-07-04T11:00:00.000Z,Linz,Oberösterreich,AT,Lenaustraße,4020
48:27:EA:05:25:D7,AndroidAP,41.27175522,19.51753044,48:27:EA,6,wpa2,2025-08-09T21:00:00.000Z,2025-08-10T00:00:00.000Z,Bashkia Durrës,Shqipëria Veriore,AL,Rruga Liria,2021
48:27:EA:05:7E:BB,AndroidAP7EBB,52.35071182,4.87929773,48:27:EA,11,wpa2,2026-02-11T15:00:00.000Z,2026-02-11T08:00:00.000Z,Amsterdam,Noord-Holland,NL,Apollolaan,1077BD
48:27:EA:05:8F:C7,AndroidAP,45.80809021,8.8628149,48:27:EA,6,wpa2,2025-09-20T12:00:00.000Z,2025-09-20T07:00:00.000Z,Varese,Lombardia,IT,Viale Belforte,21100
48:27:EA:05:96:77,AndroidAP9677,41.93927002,12.50060844,48:27:EA,6,wpa2,2025-06-14T00:00:00.000Z,2025-06-14T21:00:00.000Z,Roma,Lazio,IT,Via del Foro Italico,00199
48:27:EA:05:A5:BB,AndroidAP,40.9913063,29.02623558,48:27:EA,6,wpa2,2024-12-13T14:00:00.000Z,2024-12-16T12:00:00.000Z,,Marmara Bölgesi,TR,Başçavuş Sokağı,34714
48:27:EA:05:E1:13,AndroidAP,36.944664,30.88618851,48:27:EA,1,wpa2,2024-09-28T12:00:00.000Z,2024-09-30T00:00:00.000Z,,Akdeniz Bölgesi,TR,Antalya - Mersin Yolu,07541
48:27:EA:07:2B:B9,AndroidAP2BB9,-37.9394722,175.67001343,48:27:EA,1,wpa2,2024-12-01T22:00:00.000Z,2024-12-02T16:00:00.000Z,,Waikato,NZ,State Highway 29,3494
48:27:EA:07:51:EF,AndroidAP51EF,53.50806046,9.57925415,48:27:EA,1,unknown,2025-12-30T11:00:00.000Z,2025-12-30T09:00:00.000Z,,Niedersachsen,DE,Im Kleinen Sande,21640
48:27:EA:07:64:61,AndroidAP,48.17287064,16.3470993,48:27:EA,1,wpa2,2023-02-27T12:00:00.000Z,2026-05-22T06:00:00.000Z,Wien,Fuchsenfeld,AT,Karplusgasse,1120
48:27:EA:07:76:31,AndroidAP,34.83530426,32.42944336,48:27:EA,6,wpa2,2026-04-18T15:00:00.000Z,2026-04-18T11:00:00.000Z,Κοινότητα Τάλας,Νότια Κύπρος,CY,Leoforos Griva Digeni,8577
48:27:EA:08:F5:E7,Tibibusz,48.16534042,11.69820976,48:27:EA,11,wpa2,2017-10-25T08:00:00.000Z,2025-08-18T20:00:00.000Z,,Bayern,DE,Münchner Straße,85609
48:27:EA:08:F6:E7,AndroidAP,50.30506516,18.91256714,48:27:EA,1,wpa2,2024-10-11T15:00:00.000Z,2024-10-11T09:00:00.000Z,Świętochłowice,województwo śląskie,PL,Wojciecha Korfantego,41-604
48:27:EA:08:F8:73,Androidd,46.92074585,7.41300297,48:27:EA,1,wpa2,2023-11-30T18:00:00.000Z,2025-01-19T05:00:00.000Z,,Bern/Berne,CH,Schwarzenburgstrasse,3098
48:27:EA:09:0A:71,AndroidAP5864,47.65461349,19.07232857,48:27:EA,11,wpa2,2025-12-18T12:00:00.000Z,2025-12-19T08:00:00.000Z,,Közép-Magyarország,HU,Rózsa utca,2000
48:27:EA:09:0B:6D,AndroidAP0B6D,55.52556992,12.18327713,48:27:EA,1,wpa2,2020-03-03T15:00:00.000Z,2025-10-16T02:00:00.000Z,,Region Sjælland,DK,Lisagerstien,2680
48:27:EA:09:BF:CB,AndroidAP,41.38293457,2.17180896,48:27:EA,6,wpa2,2024-12-31T18:00:00.000Z,2024-12-31T11:00:00.000Z,Barcelona,Catalunya,ES,La Rambla,08002
48:27:EA:09:CF:B7,Izabr ,49.31508636,10.84884548,48:27:EA,11,wpa2,2022-02-27T23:00:00.000Z,2025-06-04T05:00:00.000Z,Heilsbronn,Bayern,DE,A 6,91560
48:27:EA:0A:3E:F3,AndroidHotspot3836,47.50562286,19.04487228,48:27:EA,6,wpa2,2024-06-11T20:00:00.000Z,2024-09-10T09:00:00.000Z,,Budapest,HU,Id. Antall József rakpart,1055
48:27:EA:0A:4B:A5,Majkofon,50.48490524,19.41558456,48:27:EA,6,wpa2,2026-06-27T18:00:00.000Z,2026-06-27T13:00:00.000Z,,województwo śląskie,PL,Obrońców Poczty Gdańskiej,42-400
48:27:EA:0A:B4:EF,AndroidAPB4EF,21.0361824,105.84877014,48:27:EA,2,wpa2,2026-04-12T11:00:00.000Z,2026-04-12T07:00:00.000Z,Thành phố Hà Nội,Phường Hàng Bồ,VN,Phố Hàng Cá,111501
48:27:EA:0B:C2:05,AndroidHotspot7535,47.90436172,1.94143164,48:27:EA,6,wpa2,2025-08-25T13:00:00.000Z,2025-10-02T04:00:00.000Z,Saint-Jean-de-Braye,Centre-Val de Loire,FR,Avenue Charles Péguy,45800
48:27:EA:0C:7D:B9,Speak Friend,50.94480515,6.9136219,48:27:EA,8,wpa2,2026-06-12T14:00:00.000Z,2026-06-13T09:00:00.000Z,Köln,Nordrhein-Westfalen,DE,Weinsbergstraße,50823
48:27:EA:0C:AB:D1,AndroidAPABD1,41.03939056,28.99849129,48:27:EA,2,wpa2,2025-05-11T10:00:00.000Z,2025-05-11T09:00:00.000Z,,Marmara Bölgesi,TR,Dolmabahçe Caddesi,34357
48:27:EA:0D:A5:29,.,37.08593369,28.36388588,48:27:EA,6,wpa2,2025-11-27T15:00:00.000Z,2025-11-27T08:00:00.000Z,,Ege Bölgesi,TR,Muğla - Fethiye Yolu,48640
48:27:EA:0D:D4:51,SamsungJ9,-16.40233421,-71.54011536,48:27:EA,11,wpa2,2024-11-28T00:00:00.000Z,2024-11-27T17:00:00.000Z,Arequipa,Arequipa,PE,Calle Sucre,54
48:27:EA:0E:82:CB,AndroidAP,53.11901093,23.14185524,48:27:EA,11,wpa2,2025-07-31T07:00:00.000Z,2025-12-01T08:00:00.000Z,,województwo podlaskie,PL,Pogodna,15-354
48:27:EA:0E:9B:05,AndroidAP9B05,52.16704178,22.29266357,48:27:EA,1,wpa2,2025-07-06T17:00:00.000Z,2025-07-07T12:00:00.000Z,Siedlce,województwo mazowieckie,PL,Starowiejska,08-100
48:27:EA:0E:9C:F1,AndroidAP9CF1,51.15997696,13.93820953,48:27:EA,11,wpa2,2024-10-08T07:00:00.000Z,2025-01-21T11:00:00.000Z,,Sachsen,DE,A 4,01454
48:27:EA:0F:10:39,AndroidAP1039,34.11429596,49.73228836,48:27:EA,6,wpa2,2024-11-26T10:00:00.000Z,2024-11-26T03:00:00.000Z,شهر اراک,استان مرکزی,IR,جوانه,3818653333
48:27:EA:0F:1C:E7,AndroidAP1CE7,1.31474352,103.75322723,48:27:EA,11,wpa2,2025-06-13T12:00:00.000Z,2025-08-27T19:00:00.000Z,,Southwest,SG,West Coast Road,127473
48:27:EA:0F:2D:B1,d2B00bXVuYWFiaZGkxODE,53.34388351,-6.26453257,48:27:EA,11,unknown,2026-03-18T19:00:00.000Z,2026-03-18T19:00:00.000Z,Dublin,Leinster,IE,Dame Lane,D02 R220
48:27:EA:10:58:91,HOKUSPOKUS,50.25616837,19.01891899,48:27:EA,6,wpa2,2024-11-16T12:00:00.000Z,2024-11-16T06:00:00.000Z,Katowice,województwo śląskie,PL,Tadeusza Kościuszki,40-031
48:27:EA:10:CC:A3,AndroidAP1360,53.50411224,10.16892338,48:27:EA,1,wpa2,2023-10-31T20:00:00.000Z,2026-07-17T00:00:00.000Z,Hamburg,Billwerder,DE,Billwerder Billdeich,21033
48:27:EA:11:EC:61,3,55.69555664,21.17379189,48:27:EA,11,wpa2,2025-04-19T07:00:00.000Z,2025-04-19T00:00:00.000Z,Klaipėda,Klaipėdos apskritis,LT,Šilutės pl.,91107
48:27:EA:11:F3:AF,AndroidAPF3AF,48.26374435,16.4019165,48:27:EA,1,wpa2,2024-03-27T07:00:00.000Z,2024-10-19T06:00:00.000Z,Wien,KG Großjedlersdorf II,AT,Brünner Straße,1210
48:27:EA:14:81:09,RubinBuket,56.02661514,92.88751221,48:27:EA,1,unknown,2025-12-22T12:00:00.000Z,2026-09-01T09:00:00.000Z,Красноярск,Красноярский край,RU,улица Шахтёров,660020
48:27:EA:15:14:DD,AndroidAP,51.04561234,16.60269737,48:27:EA,11,wpa2,2024-09-11T11:00:00.000Z,2024-09-13T13:00:00.000Z,,województwo dolnośląskie,PL,,55-311
48:27:EA:15:15:23,Zera,43.75882721,15.77909851,48:27:EA,6,wpa2,2026-08-20T19:00:00.000Z,2026-08-20T16:00:00.000Z,,Šibensko-kninska županija,HR,Artina ulica,22211
48:27:EA:15:1F:A1,AndroidAP,52.28108978,10.92608356,48:27:EA,6,wpa2,2022-05-11T13:00:00.000Z,2026-04-01T11:00:00.000Z,,Niedersachsen,DE,A 2,38350
48:27:EA:15:27:FB,AndroidAP,52.0615654,16.58247757,48:27:EA,11,wpa2,2025-04-17T07:00:00.000Z,2025-04-17T01:00:00.000Z,,województwo wielkopolskie,PL,S5,64-000
48:27:EA:15:34:B9,AndroidAP34B9,53.29193878,-8.98524284,48:27:EA,11,wpa2,2025-08-26T16:00:00.000Z,2025-08-26T10:00:00.000Z,Cathair na Gaillimhe,Connacht,IE,R339,H91 CK18
48:27:EA:15:3B:7D,AndroidAP3B7D,50.20563889,6.42541456,48:27:EA,11,wpa2,2026-07-19T12:00:00.000Z,2026-07-19T13:00:00.000Z,,Rheinland-Pfalz,DE,Bahnhofstraße,54595
48:27:EA:15:40:55,AndroidAP4055,48.80355453,9.21714115,48:27:EA,11,wpa2,2006-09-07T13:00:00.000Z,2026-09-01T12:00:00.000Z,Stuttgart,Baden-Württemberg,DE,Wilhelmsplatz,70372
48:27:EA:15:58:B7,AndroidJess,-25.54993057,-54.57361984,48:27:EA,6,wpa2,2026-05-29T01:00:00.000Z,2026-06-20T19:00:00.000Z,Foz do Iguaçu,Paraná,BR,Avenida das Cataratas,85853000
48:27:EA:15:88:4B,AndroidAP,9.94643307,-84.18520355,48:27:EA,11,wpa2,2026-03-10T18:00:00.000Z,2026-03-10T19:00:00.000Z,Pozos,Provincia San José,CR,Avenida 31,10903
48:27:EA:15:BA:0D,Shakil khan,23.79198647,90.40065765,48:27:EA,6,wpa2,2025-11-20T10:00:00.000Z,2025-11-20T07:00:00.000Z,ঢাকা,ঢাকা বিভাগ,BD,নতুন বিমানবন্দর সড়ক,BZHS
48:27:EA:17:03:0D,AndroidAP,41.03100967,28.94062996,48:27:EA,11,wpa2,2024-12-11T18:00:00.000Z,2024-12-16T12:00:00.000Z,İstanbul,Marmara Bölgesi,TR,Salma Tomruk Caddesi,34087
48:27:EA:17:1C:29,AndroidAP1C29,41.10736084,29.09033394,48:27:EA,11,wpa2,2024-11-25T16:00:00.000Z,2024-11-25T08:00:00.000Z,,Marmara Bölgesi,TR,,34805
48:27:EA:17:7B:FB,AndroidAP-87,47.84069443,7.56664944,48:27:EA,7,wpa2,2026-03-12T15:00:00.000Z,2026-03-14T12:00:00.000Z,,Baden-Württemberg,DE,A 5,79395
48:27:EA:17:AC:B5,AndroidAP3283,43.58240128,1.41558146,48:27:EA,9,wpa2,2026-02-07T22:00:00.000Z,2026-04-15T02:00:00.000Z,Toulouse,Occitanie,FR,Rue Jules Amilhau,31100
48:27:EA:1A:29:E1,AndroidAP,47.51367569,19.06381607,48:27:EA,1,wpa2,2024-06-14T15:00:00.000Z,2025-04-21T10:00:00.000Z,,Budapest,HU,Ferdinánd híd,1062
48:27:EA:1A:31:23,Pulsay,51.9972229,-0.73942935,48:27:EA,8,wpa2,2025-02-20T12:00:00.000Z,2025-02-20T13:00:00.000Z,Milton Keynes,England,GB,Jemima Way,MK3 6DZ
48:27:EA:1A:33:E7,Cardo Black ,51.62051392,4.8400383,48:27:EA,7,wpa2,2023-07-08T00:00:00.000Z,2026-01-30T11:00:00.000Z,,Noord-Brabant,NL,Tilburgse Baan,4904SP
48:27:EA:1A:3C:9D,Bryggeriet,57.92934799,12.08432961,48:27:EA,6,wpa2,2025-03-30T15:00:00.000Z,2025-03-31T02:00:00.000Z,,Västra Götalands län,SE,E 45,44950
48:27:EA:1A:4E:31,AndroidAP4474,45.55498123,9.26076317,48:27:EA,1,wpa2,2024-09-05T09:00:00.000Z,2025-05-21T08:00:00.000Z,Monza,Lombardia,IT,A4,20916
48:27:EA:1A:D5:65,AndroidAP,38.16802216,13.16234493,48:27:EA,1,wpa2,2026-01-09T14:00:00.000Z,2026-08-13T05:00:00.000Z,Carini,Sicilia,IT,,90044
48:27:EA:1A:E5:09,AndroidAP6910,52.75076675,0.40049329,48:27:EA,1,wpa2,2025-07-04T10:00:00.000Z,2025-07-04T03:00:00.000Z,King's Lynn and West Norfolk,England,GB,Mill Fleet,PE30 5EJ
48:27:EA:1B:06:79,Gear 360(0679),37.59617615,-120.940979,48:27:EA,6,wpa2,2025-07-14T09:00:00.000Z,2025-08-05T20:00:00.000Z,,CA,US,Louise Avenue,95358
48:27:EA:1B:9B:09,HnylytskyiIgor,52.99046707,15.21438885,48:27:EA,11,wpa2,2024-08-06T15:00:00.000Z,2026-08-18T07:00:00.000Z,,województwo zachodniopomorskie,PL,Niepodległości,74-320
48:27:EA:1B:9F:51,AndroidAP,47.9535408,11.6934042,48:27:EA,11,wpa2,2026-03-08T12:00:00.000Z,2026-05-08T11:00:00.000Z,,Bayern,DE,A 8,85649
48:27:EA:1C:17:B9,AndroidAP17B9,53.96595001,14.57512569,48:27:EA,6,wpa2,2023-04-29T12:00:00.000Z,2025-06-20T12:00:00.000Z,,województwo zachodniopomorskie,PL,Nowowiejska,72-513
48:27:EA:1C:20:21,MaoZ,53.50405884,10.03882122,48:27:EA,1,wpa2,2023-10-25T12:00:00.000Z,2026-03-12T06:00:00.000Z,Hamburg,Hamburg-Mitte,DE,A 255,21109
48:27:EA:1E:12:21,AndroidAP,44.69992065,25.22864342,48:27:EA,6,wpa2,2025-06-01T15:00:00.000Z,2025-06-01T11:00:00.000Z,,Argeș,RO,Autostrada București-Pitești,117222
48:27:EA:1E:C9:27,Nenenn,41.03816605,28.93733788,48:27:EA,6,wpa2,2024-12-15T19:00:00.000Z,2024-12-16T12:00:00.000Z,,Marmara Bölgesi,TR,1. Çevreyolu,34050
48:27:EA:1E:E2:0F,AndroidAPE20F,25.30336761,55.36896133,48:27:EA,11,wpa2,2025-02-06T13:00:00.000Z,2025-02-06T11:00:00.000Z,الشارقة,الشارقة,AE,طريق الاتحاد,81730
48:27:EA:1F:2F:7F,Gear 360(2F7F),53.29502106,-8.78409958,48:27:EA,36,wpa2,2022-04-30T19:00:00.000Z,2026-07-01T11:00:00.000Z,,Athenry-Oranmore Municipal District,IE,M6,H65 WP68
48:27:EA:1F:A3:ED,AndroidAP,51.51214218,-0.03956465,48:27:EA,6,wpa2,2026-02-14T21:00:00.000Z,2026-03-23T21:00:00.000Z,London,England,GB,Ratcliffe Lane,E14 7JF
48:27:EA:1F:C0:CD,Gear 360(C0CD),44.62364197,-70.67195892,48:27:EA,6,wpa2,2019-06-06T10:00:00.000Z,2025-03-09T00:00:00.000Z,,ME,US,,04275
48:27:EA:1F:C2:8B,Gear 360(C28B),33.54220581,-112.08245087,48:27:EA,6,wpa2,2025-03-31T22:00:00.000Z,2025-04-01T12:00:00.000Z,Phoenix,AZ,US,North 7th Avenue,85020-5329
48:27:EA:21:2B:A5,AndroidAP,20.98180199,-89.563591,48:27:EA,6,wpa2,2024-10-06T21:00:00.000Z,2024-10-06T15:00:00.000Z,Mérida,Yucatán,MX,Licenciado Manuel Berzunza,17144
48:27:EA:21:2D:DD,Guille,-25.39287949,-57.35521698,48:27:EA,11,wpa2,2025-02-02T21:00:00.000Z,2025-02-02T14:00:00.000Z,,Región Oriental,PY,General Marcial Samaniego,2740
48:27:EA:21:33:7B,AndroidAP7421,51.3375473,12.33145046,48:27:EA,11,wpa2,2026-02-23T16:00:00.000Z,2026-06-11T13:00:00.000Z,Leipzig,Sachsen,DE,Demmeringstraße,04177
48:27:EA:21:45:FB,AndroidAP45FB,48.8938942,2.32756686,48:27:EA,1,wpa2,2025-04-06T14:00:00.000Z,2026-02-15T03:00:00.000Z,Paris,Île-de-France,FR,Avenue de Saint-Ouen,
48:27:EA:21:47:37,AndroidAP4737,41.46162415,1.95626509,48:27:EA,1,wpa2,2025-05-26T11:00:00.000Z,2025-05-26T06:00:00.000Z,Sant Andreu de la Barca,Catalunya,ES,N-IIa,08740
48:27:EA:21:47:55,AndroidAP4755,44.89160538,-0.50157088,48:27:EA,1,wpa2,2024-10-26T11:00:00.000Z,2024-10-26T11:00:00.000Z,,Nouvelle-Aquitaine,FR,L'Aquitaine,33560
48:27:EA:21:4E:F1,Bob ma,36.70086288,4.06068277,48:27:EA,1,wpa2,2025-09-25T09:00:00.000Z,2025-09-27T09:00:00.000Z,Tizi Ouzou تيزي وزو,Daïra Tizi Ouzou دائرة تيزي وزو,DZ,,150000
48:27:EA:21:8E:6D,Heiko,51.04810333,13.78829956,48:27:EA,6,unknown,2025-09-04T05:00:00.000Z,2025-09-04T01:00:00.000Z,Dresden,Sachsen,DE,Wittenberger Straße,01309
48:27:EA:21:F7:5B,AndroidAP,51.49702454,9.8775301,48:27:EA,1,wpa2,2025-02-23T12:00:00.000Z,2025-06-03T10:00:00.000Z,,Niedersachsen,DE,A 7,37124
48:27:EA:23:0C:9D,AndroidAP,52.77245712,-1.21117938,48:27:EA,6,wpa2,2025-01-30T11:00:00.000Z,2025-02-18T01:00:00.000Z,Charnwood,England,GB,Ashby Road,LE11 3AA
48:27:EA:23:61:A7,AndroidAP,50.26105881,19.02243614,48:27:EA,1,wpa2,2025-04-25T16:00:00.000Z,2025-04-25T10:00:00.000Z,Katowice,województwo śląskie,PL,Aleja Wojciecha Korfantego,40-005
48:27:EA:23:66:79,AsN Mini,49.96344757,8.81454086,48:27:EA,1,wpa2,2025-12-16T18:00:00.000Z,2026-06-30T03:00:00.000Z,,Hessen,DE,B 486,63322
48:27:EA:23:76:A7,AndroidAP,48.78476334,11.76258183,48:27:EA,11,wpa2,2025-09-11T06:00:00.000Z,2025-12-18T02:00:00.000Z,Neustadt an der Donau,Bayern,DE,Raffineriestraße,93333
48:27:EA:24:03:17,AndroidAP8849,51.19506073,6.45038652,48:27:EA,9,wpa2,2026-03-15T17:00:00.000Z,2026-03-18T04:00:00.000Z,Mönchengladbach,Nordrhein-Westfalen,DE,Rahracker,41065
48:27:EA:24:1F:85,HBD,51.68997574,5.29315996,48:27:EA,1,wpa2,2026-06-17T14:00:00.000Z,2026-06-17T09:00:00.000Z,'s-Hertogenbosch,Noord-Brabant,NL,Stationspasserelle,5211AZ
48:27:EA:24:A1:4B,AZAMAT,48.81880951,44.70730209,48:27:EA,1,unknown,2025-06-12T07:00:00.000Z,2025-07-03T04:00:00.000Z,Волжский,Волгоградская область,RU,Р-229,404113
48:27:EA:25:D7:C0,SBA,59.32826614,18.06700325,48:27:EA,3,wpa2,2026-02-07T10:00:00.000Z,2026-02-08T08:00:00.000Z,Stockholm,Stockholms län,SE,Riksgatan,103 21
48:27:EA:26:0A:06,AndroidAP,53.55712509,13.2953577,48:27:EA,11,wpa2,2024-09-14T09:00:00.000Z,2024-09-16T21:00:00.000Z,Neubrandenburg,Mecklenburg-Vorpommern,DE,Woldegker Straße,17036
48:27:EA:26:78:18,AndroidAP7818,52.16379547,5.53433323,48:27:EA,11,wpa2,2025-12-10T07:00:00.000Z,2025-12-10T21:00:00.000Z,,Gelderland,NL,Rijksweg A1,3784VG
48:27:EA:26:83:A2,Wifi ni cohen,14.52115536,120.99087524,48:27:EA,6,wpa2,2025-08-24T04:00:00.000Z,2025-08-23T23:00:00.000Z,Parañaque,Metro Manila,PH,President Diosdado Macapagal Boulevard,1701
48:27:EA:27:17:BE,AndroidAP,52.95668411,6.78776503,48:27:EA,1,wpa2,2025-08-23T11:00:00.000Z,2025-08-23T10:00:00.000Z,,Drenthe,NL,Gasselterstraat,9533PP
48:27:EA:27:37:EE,Die zwei mädels,52.41709137,9.73421574,48:27:EA,11,wpa2,2025-01-14T17:00:00.000Z,2025-01-14T11:00:00.000Z,Hannover,Niedersachsen,DE,Vahrenwalder Straße,30179
48:27:EA:29:B8:00,Dyky,48.93601608,12.62221622,48:27:EA,8,wpa2,2022-10-28T17:00:00.000Z,2024-09-22T13:00:00.000Z,Steinach,Bayern,DE,B 20,94377
48:27:EA:29:CA:3C,NdaziT78,-26.09749222,28.0506382,48:27:EA,6,wpa2,2024-06-13T15:00:00.000Z,2024-10-18T21:00:00.000Z,Johannesburg,Gauteng,ZA,Benmore Road,2196
48:27:EA:29:D1:8E,?,51.31378174,9.49699116,48:27:EA,11,wpa2,2024-09-07T19:00:00.000Z,2024-09-07T14:00:00.000Z,Kassel,Hessen,DE,,34117
48:27:EA:29:D6:90,510J-2S,47.49797821,19.03276443,48:27:EA,1,wpa2,2024-12-03T06:00:00.000Z,2024-12-02T23:00:00.000Z,,Budapest,HU,Attila út,1013
48:27:EA:29:F0:24,AndroidAPF024,49.51687241,15.45548725,48:27:EA,4,wpa2,2019-12-01T15:00:00.000Z,2026-04-10T02:00:00.000Z,,Jihovýchod,CZ,D1,58255
48:27:EA:2B:5D:A7,AndroidAP5DA7q,40.41747665,49.93459702,48:27:EA,6,wpa2,2022-10-13T08:00:00.000Z,2025-03-07T08:00:00.000Z,Bakı İnzibati Ərazisi,Bakı,AZ,Qara Qarayev pr,AZ 1002
48:27:EA:2B:5E:AB,Тилек,43.3119812,76.90039062,48:27:EA,11,wpa2,2023-10-06T15:00:00.000Z,2025-02-20T13:00:00.000Z,Алматы,Айнабулак,KZ,Северное кольцо,50058
48:27:EA:2B:79:75,AndroidAP,55.5882988,37.54276657,48:27:EA,2,unknown,2025-04-17T14:00:00.000Z,2025-04-30T13:00:00.000Z,Москва,Москва,RU,"МКАД, 37-й километр",117463
48:27:EA:2B:EB:51,didi,36.27971268,59.61565781,48:27:EA,6,wpa2,2024-10-31T13:00:00.000Z,2024-10-31T07:00:00.000Z,شهر مشهد,استان خراسان رضوی,IR,عیدگاه ۱۴,051111
48:27:EA:2C:15:D3,AndroidAP,6.80218267,79.93606567,48:27:EA,6,wpa2,2026-03-08T13:00:00.000Z,2026-03-08T06:00:00.000Z,,බස්නාහිර පළාත,LK,Piliyandala - Kottawa Road,1280
48:27:EA:2C:61:03,AndroidAP,51.43764114,0.23904285,48:27:EA,2,wpa2,2025-05-30T16:00:00.000Z,2025-08-08T11:00:00.000Z,Dartford,England,GB,Canterbury Way,DA1 1YT
48:27:EA:2D:4C:EB,rysiek93,49.29547501,19.95368767,48:27:EA,6,wpa2,2019-09-18T19:00:00.000Z,2026-02-21T03:00:00.000Z,,województwo małopolskie,PL,Tadeusza Kościuszki,34-500
48:27:EA:2D:56:79,Maltell,54.56856918,16.84997749,48:27:EA,6,wpa2,2025-11-01T09:00:00.000Z,2025-11-18T10:00:00.000Z,,województwo pomorskie,PL,Darłowska,76-270
48:27:EA:2D:70:1E,AndroidAP,39.21696472,9.11317635,48:27:EA,11,wpa2,2025-06-23T10:00:00.000Z,2025-06-23T11:00:00.000Z,Cagliari - Casteddu,Sardigna/Sardegna,IT,Largo Carlo Felice,09124
48:27:EA:2D:C3:CC,AndroidAP,50.42789078,7.92566395,48:27:EA,1,wpa2,2026-05-13T14:00:00.000Z,2026-05-16T03:00:00.000Z,Nentershausen,Rheinland-Pfalz,DE,A 3,56412
48:27:EA:2D:CD:34,TMNL-84726,51.91738892,4.48881769,48:27:EA,2,wpa2,2021-04-20T15:00:00.000Z,2026-01-20T07:00:00.000Z,Rotterdam,Zuid-Holland,NL,Wijnhaven,3011WP
48:27:EA:2D:EF:1E,YummyDummy,58.4005928,24.66091919,48:27:EA,1,wpa2,2025-07-10T10:00:00.000Z,2025-07-22T01:00:00.000Z,,Pärnu maakond,EE,Aia,86704
48:27:EA:2D:FB:34,12345678,37.91539764,23.74436951,48:27:EA,11,wpa2,2025-01-25T16:00:00.000Z,2025-01-25T08:00:00.000Z,Δημοτική Ενότητα Αργυρούπολης,Αποκεντρωμένη Διοίκηση Αττικής,GR,Βουλιαγμένης,16452
48:27:EA:2E:1E:B4,AndroidAP,43.26278687,-2.92302799,48:27:EA,1,wpa2,2025-11-09T18:00:00.000Z,2025-11-10T00:00:00.000Z,Bilbao,Euskadi,ES,Calle Sendeja / Zingira kalea,48001
48:27:EA:2E:3F:B4,Luna Stark,53.56773758,10.04725552,48:27:EA,11,wpa2,2025-06-16T16:00:00.000Z,2025-06-16T10:00:00.000Z,Hamburg,Eilbek,DE,Wandsbeker Chaussee,22089
48:27:EA:2E:41:B6,AndroidAP,48.10112381,11.60699844,48:27:EA,1,wpa2,2026-07-24T18:00:00.000Z,2026-07-24T12:00:00.000Z,München,Bayern,DE,Hochäckerstraße,81549
48:27:EA:2E:68:AA,AndroidAP,51.26023483,-0.1916126,48:27:EA,6,wpa2,2026-03-11T07:00:00.000Z,2026-03-11T01:00:00.000Z,Reigate and Banstead,England,GB,M25,KT20 7BH
48:27:EA:2F:46:54,Galaxy,58.20427704,68.25727081,48:27:EA,9,unknown,2025-08-22T13:00:00.000Z,2025-08-22T07:00:00.000Z,Тобольск,Тюменская область,RU,улица Семёна Ремезова,626152
48:27:EA:31:37:12,AndroidAP9146,55.94568253,-3.18450618,48:27:EA,1,wpa2,2026-01-07T21:00:00.000Z,2026-08-15T04:00:00.000Z,City of Edinburgh,Alba / Scotland,GB,Nicolson Street,EH8 9DT
48:27:EA:31:CF:58,AndroidAPCF58,-16.50078773,-68.16856384,48:27:EA,6,wpa2,2025-05-11T18:00:00.000Z,2025-05-11T14:00:00.000Z,El Alto,La Paz,BO,Calle Arturo Valle,222
48:27:EA:31:D1:B6,MOVISTAR WIFI6935,-2.13948512,-79.93934631,48:27:EA,11,wpa2,2001-01-01T00:00:00.000Z,2025-10-21T18:00:00.000Z,Guayaquil,Guayas,EC,Calle 18G NO,090605
48:27:EA:32:70:09,AndroidAP7009,51.67949295,6.15883589,48:27:EA,1,wpa2,2025-02-12T16:00:00.000Z,2025-02-12T08:00:00.000Z,,Nordrhein-Westfalen,DE,Brückenstraße,47574
48:27:EA:32:8C:3F,Casa,46.44881058,10.36212349,48:27:EA,1,wpa2,2026-06-27T12:00:00.000Z,2026-07-01T08:00:00.000Z,,Lombardia,IT,SS38,23032
48:27:EA:32:9D:6D,AndroidAP9D6D,51.39307022,-0.15873939,48:27:EA,1,wpa2,2024-12-20T12:00:00.000Z,2024-12-20T05:00:00.000Z,London,England,GB,Carshalton Road,CR4 4HG
48:27:EA:33:A0:B5,AndroidAP9556,48.25941849,11.46964359,48:27:EA,6,wpa2,2025-06-20T11:00:00.000Z,2025-06-20T07:00:00.000Z,,Bayern,DE,Alte Römerstraße,85221
48:27:EA:34:07:B9,AndroidAP07B9,38.38734818,21.54436493,48:27:EA,11,wpa2,2025-05-24T07:00:00.000Z,2025-05-25T17:00:00.000Z,Δημοτική Ενότητα Ιεράς Πόλεως Μεσολογγίου,"Αποκεντρωμένη Διοίκηση Πελοποννήσου, Δυτικής Ελλάδας και Ιονίου",GR,Ιόνια Οδός,30014
48:27:EA:34:A6:EF,AndroidAP7418,-20.01076889,57.58425522,48:27:EA,1,wpa2,2024-11-09T11:00:00.000Z,2024-11-09T07:00:00.000Z,,Rivière du Rempart,MU,Mon Choisy Cap Malheureux Road,30529
48:27:EA:34:DB:F5,Android,37.97625351,-1.13386405,48:27:EA,1,wpa2,2024-09-29T09:00:00.000Z,2024-10-13T14:00:00.000Z,Murcia,Región de Murcia,ES,Avenida Ciudad de Almería,30002
48:27:EA:34:E0:83,AndroidAP4994,37.95133972,23.71264267,48:27:EA,6,wpa2,2026-05-21T04:00:00.000Z,2026-05-21T02:00:00.000Z,,Αποκεντρωμένη Διοίκηση Αττικής,GR,Θυατείρων,17121
48:27:EA:35:22:BF,AndroidAP,53.44409943,18.55936241,48:27:EA,6,wpa2,2025-03-23T13:00:00.000Z,2025-03-24T12:00:00.000Z,,województwo kujawsko-pomorskie,PL,S5;91,86-100
48:27:EA:37:22:69,Android j5,55.63217545,37.65962982,48:27:EA,1,unknown,2025-06-16T16:00:00.000Z,2025-08-08T01:00:00.000Z,Москва,Москва,RU,Пролетарский проспект,115447
48:27:EA:37:2C:35,AndroidAP,55.69676971,37.8058815,48:27:EA,1,unknown,2024-10-16T19:00:00.000Z,2024-10-27T03:00:00.000Z,Москва,Москва,RU,Волгоградский проспект,158 ?1
48:27:EA:37:57:EB,AndroidAP,50.28800964,21.42102242,48:27:EA,1,wpa2,2026-08-06T13:00:00.000Z,2026-08-06T10:00:00.000Z,,województwo podkarpackie,PL,,39-313
48:27:EA:39:61:07,AndroidAP,56.01138687,92.84869385,48:27:EA,11,unknown,2024-10-09T12:00:00.000Z,2024-10-09T06:00:00.000Z,Красноярск,Красноярский край,RU,улица Горького,660000
48:27:EA:39:90:C7,AndroidAP,10.30785465,123.89415741,48:27:EA,11,wpa2,2025-02-20T13:00:00.000Z,2025-02-20T07:00:00.000Z,Cebu City,Central Visayas,PH,Osmeña Boulevard,6000
48:27:EA:39:FD:C5,AndroidAPsshj1690,48.49390793,9.17297268,48:27:EA,11,wpa2,2025-08-13T08:00:00.000Z,2025-08-13T01:00:00.000Z,Reutlingen,Baden-Württemberg,DE,Breitenbachstraße,72770
48:27:EA:39:FF:05,AndroidAPFF05,37.98722076,-1.12817371,48:27:EA,11,wpa2,2025-01-26T20:00:00.000Z,2026-01-04T14:00:00.000Z,Murcia,Región de Murcia,ES,Calle Alejandro Seiquer,30001
48:27:EA:3A:0B:A7,AndroidAP,43.82659912,7.80741167,48:27:EA,6,wpa2,2025-03-17T08:00:00.000Z,2026-08-24T04:00:00.000Z,Sanremo,Liguria,IT,Via Val d'Olivi,18038
48:27:EA:3A:30:A5,AndroidAP,53.92309189,14.8075676,48:27:EA,11,wpa2,2002-01-02T09:00:00.000Z,2025-04-25T14:00:00.000Z,,województwo zachodniopomorskie,PL,107,72-400
48:27:EA:3A:4E:89,AndroidAP,53.62906265,-3.01957846,48:27:EA,1,wpa2,2026-03-05T13:00:00.000Z,2026-03-05T10:00:00.000Z,,England,GB,Grosvenor Gardens,PR8 2HF
48:27:EA:3B:28:E0,Galaxy J528E0,57.75727463,24.36143303,48:27:EA,6,wpa2,2025-09-25T13:00:00.000Z,2025-09-25T09:00:00.000Z,,Vidzeme,LV,Rīga (Baltezers) — Igaunijas robeža (Ainaži),LV-4033
48:27:EA:3B:3F:04,AndroidAP,51.27135849,9.52120304,48:27:EA,6,wpa2,2023-05-30T10:00:00.000Z,2024-11-22T14:00:00.000Z,,Hessen,DE,A 7,34253
48:27:EA:3D:54:46,AndroidAP5446,53.90907669,27.51824379,48:27:EA,11,wpa2,2023-06-16T12:00:00.000Z,2026-05-21T02:00:00.000Z,Минск,Кальвария,BY,Кальварийская улица,220079
48:27:EA:3D:5D:A6,Galaxy J55DA6,52.14113998,16.65918732,48:27:EA,11,wpa2,2025-08-21T13:00:00.000Z,2025-08-21T09:00:00.000Z,,województwo wielkopolskie,PL,S5,64-020
48:27:EA:3E:04:D8,Galaxy J504D8,55.78334427,37.71431732,48:27:EA,11,unknown,2024-09-21T14:00:00.000Z,2024-09-21T10:00:00.000Z,Москва,Москва,RU,Семёновский переулок,107023
48:27:EA:3E:3D:DC,AndroidAP,4.67477322,-74.08766174,48:27:EA,1,wpa2,2024-09-17T20:00:00.000Z,2024-09-18T10:00:00.000Z,Bogotá,Localidad Engativá,CO,TransMilenio,111061
48:27:EA:3E:7A:BE,AndroidAP,14.6062355,-90.51567841,48:27:EA,6,wpa2,2025-02-08T15:00:00.000Z,2025-02-08T08:00:00.000Z,Ciudad de Guatemala,Departamento de Guatemala,GT,Carril Auxiliar Avenida Reforma,1010
48:27:EA:3F:D6:1B,Silvia,-33.68719482,-65.46691132,48:27:EA,6,wpa2,2025-09-10T13:00:00.000Z,2025-09-14T16:00:00.000Z,Villa Mercedes,San Luis,AR,Riobamba,D5730
48:27:EA:40:26:03,AndroidAP2603,55.84302902,37.70105743,48:27:EA,11,unknown,2024-05-01T09:00:00.000Z,2025-11-23T23:00:00.000Z,Москва,Москва,RU,,107564
48:27:EA:40:58:82,AndroidAP,42.69403458,27.71484375,48:27:EA,1,wpa2,2026-08-12T18:00:00.000Z,2026-08-12T14:00:00.000Z,,Бургас,BG,Flower Street,8240
48:27:EA:40:E0:D2,Gear 360(E0D2),42.55847549,-114.46752167,48:27:EA,36,wpa2,2026-05-31T20:00:00.000Z,2026-05-31T16:00:00.000Z,Twin Falls,ID,US,6th Avenue East,83301
48:27:EA:42:1E:5C,AndroidAP,46.42958832,15.6352396,48:27:EA,11,wpa2,2024-04-11T08:00:00.000Z,2025-01-10T11:00:00.000Z,,Slovenska Bistrica,SI,A1 (Maribor-Ljubljana),2313
48:27:EA:43:4C:3C,AndroidAP,54.5728302,-1.23443866,48:27:EA,6,wpa2,2025-11-11T18:00:00.000Z,2025-11-15T07:00:00.000Z,,England,GB,Borough Road,TS1 2PX
48:27:EA:43:62:9A,AndroidAP,51.9292984,12.33582973,48:27:EA,3,wpa2,2024-02-16T15:00:00.000Z,2026-05-29T14:00:00.000Z,,Sachsen-Anhalt,DE,K 2002,06869
48:27:EA:43:6E:EB,Iphone,34.07743835,49.67833328,48:27:EA,1,wpa2,2024-11-03T08:00:00.000Z,2024-11-09T06:00:00.000Z,شهر اراک,استان مرکزی,IR,پل شهدای مدافع حرم,381914787
48:27:EA:44:59:13,Samsung,23.92962646,90.38900757,48:27:EA,6,wpa2,2025-07-14T09:00:00.000Z,2025-07-29T02:00:00.000Z,,ঢাকা বিভাগ,BD,বিআরটি লাইন ৩,1711
48:27:EA:44:B5:73,AndroidAP,43.57868576,39.72644806,48:27:EA,11,unknown,2024-12-15T17:00:00.000Z,2024-12-20T00:00:00.000Z,Сочи,Краснодарский край,RU,улица Орджоникидзе,354000
48:27:EA:44:B9:59,AndroidAPB959,47.9373436,12.57393551,48:27:EA,11,wpa2,2025-03-12T12:00:00.000Z,2026-08-14T04:00:00.000Z,,Bayern,DE,,83301
48:27:EA:44:CA:67,B29Q-0L/Qs9C+0YDRiNC90L/Qu9Cz,55.82888031,37.63861084,48:27:EA,1,unknown,2026-06-28T14:00:00.000Z,2026-06-28T11:00:00.000Z,Москва,Москва,RU,1-й Северный проезд,129515
48:27:EA:45:66:E6,AndroidAP66E6,23.99076653,90.38885498,48:27:EA,1,wpa2,2025-01-12T05:00:00.000Z,2025-01-12T00:00:00.000Z,গাজীপুর,ঢাকা বিভাগ,BD,Gazipur Road,1701
48:27:EA:45:77:40,AndroidAP6398,51.36254501,-0.18135156,48:27:EA,11,wpa2,2026-05-08T20:00:00.000Z,2026-05-09T10:00:00.000Z,London,England,GB,Carshalton Road,SM1 4LH
48:27:EA:45:B4:D8,AndroidAP1,49.41751099,1.0423609,48:27:EA,11,wpa2,2026-05-15T16:00:00.000Z,2026-05-15T10:00:00.000Z,Le Grand-Quevilly,Normandie,FR,Rue Antoine Lavoisier,76120
48:27:EA:46:2D:87,Aзизбек,55.71217346,36.87285614,48:27:EA,11,unknown,2024-10-17T13:00:00.000Z,2024-10-17T06:00:00.000Z,,Московская область,RU,Центральная кольцевая автомобильная дорога,143035
48:27:EA:46:39:73,AndroidAP3973,40.37485886,49.84630203,48:27:EA,1,wpa2,2024-09-28T12:00:00.000Z,2024-09-28T10:00:00.000Z,Bakı İnzibati Ərazisi,Bakı,AZ,Rəşid Behbudov küç.,AZ1001
48:27:EA:46:97:B1,AndroidAP97B1,4.60259295,-74.06082153,48:27:EA,1,wpa2,2017-12-26T14:00:00.000Z,2026-01-06T08:00:00.000Z,Bogotá,La Aguas,CO,Avenida Calle 22,111711
48:27:EA:46:FA:37,AndroidAP8021,55.94586182,-3.21867156,48:27:EA,9,wpa2,2023-10-25T12:00:00.000Z,2025-04-11T13:00:00.000Z,City of Edinburgh,Alba / Scotland,GB,Haymarket,EH12 5DR
48:27:EA:47:4B:B8,AndroidAP,49.70606232,15.0856657,48:27:EA,11,wpa2,2025-09-21T15:00:00.000Z,2025-10-21T13:00:00.000Z,,Střední Čechy,CZ,D1,25771
48:27:EA:47:EB:90,,47.49879456,8.72414017,48:27:EA,6,wpa2,2025-07-03T12:00:00.000Z,2025-07-31T19:00:00.000Z,Winterthur,Zürich,CH,Technikumstrasse,8400
48:27:EA:48:1C:18,AndroidAP,31.92417526,35.8865509,48:27:EA,1,wpa2,2025-09-20T20:00:00.000Z,2025-09-20T16:00:00.000Z,عمان,عمان,JO,شارع الأمير هاشم بن الحسين,11623
48:27:EA:48:C9:AC,AndroidAP1061,51.5222702,-0.1631936,48:27:EA,9,wpa2,2025-07-28T06:00:00.000Z,2026-01-27T04:00:00.000Z,London,England,GB,Melcombe Place,NW1 6JJ
48:27:EA:48:E3:24,AndroidAP,32.16389847,34.80233383,48:27:EA,11,unknown,2025-04-20T08:00:00.000Z,2025-04-22T10:00:00.000Z,,מחוז תל אביב,IL,שדרות אבא אבן,46733
48:27:EA:49:90:94,AndroidAP9094,40.90018082,29.27218056,48:27:EA,11,wpa2,2024-11-20T10:00:00.000Z,2024-11-20T03:00:00.000Z,,Marmara Bölgesi,TR,Ankara Caddesi,34909
48:27:EA:49:E4:A2,android,37.24660492,15.22252274,48:27:EA,11,wpa2,2022-03-14T18:00:00.000Z,2025-09-02T04:00:00.000Z,Augusta,Sicilia,IT,,96012
48:27:EA:4A:81:52,AndroidAP,47.27600098,27.76071358,48:27:EA,1,wpa2,2025-02-20T16:00:00.000Z,2025-02-20T09:00:00.000Z,,Raionul Ungheni,MD,Sculeni-Ungheni,MD-3645
48:27:EA:4A:89:AA,AndroidAP,59.41740036,24.68579292,48:27:EA,6,wpa2,2024-08-19T10:00:00.000Z,2024-09-03T07:00:00.000Z,Tallinn,Harju maakond,EE,Artelli,10621
48:27:EA:4A:9B:DE,Liu,54.33881378,10.13383198,48:27:EA,6,wpa2,2025-01-11T12:00:00.000Z,2025-01-11T05:00:00.000Z,Kiel,Schleswig-Holstein,DE,Holtenauer Straße,24105
48:27:EA:4B:47:CD,AndroidAP,55.74845123,37.66632462,48:27:EA,11,unknown,2025-08-14T08:00:00.000Z,2025-09-29T16:00:00.000Z,Москва,Москва,RU,,105120
48:27:EA:4B:4D:53,AndroidAP,48.24868011,12.75479031,48:27:EA,6,wpa2,2024-12-29T14:00:00.000Z,2024-12-29T07:00:00.000Z,,Bayern,DE,A 94,84524
48:27:EA:4B:58:43,AndroidAP5843,51.7555809,21.7624855,48:27:EA,11,wpa2,2025-08-03T22:00:00.000Z,2025-08-03T17:00:00.000Z,,województwo mazowieckie,PL,MOP Wola Korycka,08-455
48:27:EA:4B:AB:E3,AndroidAP LG,46.79822922,4.82384634,48:27:EA,1,wpa2,2025-03-02T09:00:00.000Z,2025-03-02T02:00:00.000Z,Châtenoy-le-Royal,Bourgogne-Franche-Comté,FR,Autoroute du Soleil,71880
48:27:EA:4B:E8:C1,Android j7,52.42132568,85.71494293,48:27:EA,11,unknown,2026-06-17T11:00:00.000Z,2026-07-29T07:00:00.000Z,,Алтайский край,RU,Чуйская улица,659375
48:27:EA:4C:1A:B3,MAQA,55.55011749,37.68170547,48:27:EA,1,unknown,2001-01-01T03:00:00.000Z,2026-03-03T00:00:00.000Z,,Московская область,RU,,115547
48:27:EA:4C:96:01,ALKAISAR,49.24042511,6.98407459,48:27:EA,6,wpa2,2024-05-28T10:00:00.000Z,2025-01-31T09:00:00.000Z,Saarbrücken,Saarland,DE,St. Johanner Straße,66111
48:27:EA:4C:E6:B1,AndroidAP7109,31.62167549,65.76693726,48:27:EA,11,wpa2,2024-12-18T18:00:00.000Z,2025-05-04T05:00:00.000Z,عینو مېنه,کندهار ولايت,AF,,
48:27:EA:4D:4C:07,AndroidAP4515,53.3405304,-6.2342,48:27:EA,6,wpa2,2026-05-25T13:00:00.000Z,2026-05-25T11:00:00.000Z,Dublin,Leinster,IE,Joy Street,D04 R674
48:27:EA:4D:4D:E5,AndroidAP,59.93332672,30.32923889,48:27:EA,1,unknown,2025-07-27T16:00:00.000Z,2025-07-28T02:00:00.000Z,Санкт-Петербург,Санкт-Петербург,RU,Невский проспект,191023
48:27:EA:4D:5D:89,BT-22C2W3,53.08864212,-2.23626733,48:27:EA,11,wpa2,2026-02-19T13:00:00.000Z,2026-02-19T06:00:00.000Z,Newcastle-under-Lyme,England,GB,Attwood Street,ST7 4BB
48:27:EA:4D:9E:91,AndroidAP9E91,48.69537354,9.26651192,48:27:EA,6,wpa2,2018-05-21T01:00:00.000Z,2026-08-04T17:00:00.000Z,,Baden-Württemberg,DE,A 8,73765
48:27:EA:4D:BC:05,AndroidAPBC05,50.99701691,12.42495537,48:27:EA,11,wpa2,2025-10-18T12:00:00.000Z,2025-11-30T12:00:00.000Z,,Thüringen,DE,Kauerndorfer Allee,04600
48:27:EA:4D:C5:37,AndroidAP,50.68261337,7.15232849,48:27:EA,1,wpa2,2025-08-25T14:00:00.000Z,2025-08-25T13:00:00.000Z,Bonn,Nordrhein-Westfalen,DE,Am Fronhof,53177
48:27:EA:4D:D7:0F,AndroidAPD70F,52.1782074,20.84045029,48:27:EA,6,wpa2,2025-02-27T09:00:00.000Z,2025-03-04T09:00:00.000Z,,województwo mazowieckie,PL,Aleja Tysiąclecia,05-820
48:27:EA:4D:DB:E9,AndroidAP,49.7806778,19.95308113,48:27:EA,6,unknown,2025-06-24T16:00:00.000Z,2025-06-24T10:00:00.000Z,,województwo małopolskie,PL,S7,32-431
48:27:EA:4E:16:C1,AndroidAP,14.65081406,121.03904724,48:27:EA,6,wpa2,2026-01-31T04:00:00.000Z,2026-01-31T03:00:00.000Z,Quezon City,Metro Manila,PH,Agham Road,1100
48:27:EA:4E:FC:AF,AndroidAP,60.17614746,24.80334663,48:27:EA,1,wpa2,2025-07-15T13:00:00.000Z,2025-07-16T10:00:00.000Z,Espoo,Manner-Suomi,FI,Länsituuli,02100
48:27:EA:4F:10:01,AndroidAP,52.26646423,10.52870941,48:27:EA,1,wpa2,2026-04-17T13:00:00.000Z,2026-04-18T15:00:00.000Z,Braunschweig,Niedersachsen,DE,Schöppenstedter Straße,38100
48:27:EA:50:76:BD,AndroidAP,44.42638397,26.02438545,48:27:EA,11,wpa2,2025-01-05T07:00:00.000Z,2025-01-08T22:00:00.000Z,Municipiul București,Sector 6,RO,Aleea Valea Boteni,062012
48:27:EA:50:8C:91,AndroidAP,44.81565857,20.45943642,48:27:EA,1,wpa2,2023-11-22T15:00:00.000Z,2025-08-07T16:00:00.000Z,Београд,Централна Србија,RS,,11000
48:27:EA:50:9E:11,AndroidAPh,48.13704681,11.57626534,48:27:EA,6,wpa2,2025-03-28T16:00:00.000Z,2025-03-28T11:00:00.000Z,München,Bayern,DE,Marienplatz,80331
48:27:EA:50:BF:1D,AndroidHotspot3577,47.50800705,19.02887917,48:27:EA,6,wpa2,2025-03-18T16:00:00.000Z,2025-04-09T09:00:00.000Z,Budapest,Budapest,HU,Csalogány utca,1015
48:27:EA:50:EF:2F,AndroidAP,50.04330826,19.96797371,48:27:EA,6,wpa2,2025-04-29T17:00:00.000Z,2026-01-27T15:00:00.000Z,Kraków,województwo małopolskie,PL,Powstańców Wielkopolskich,30-707
48:27:EA:52:09:E7,Gear 360(09E7),43.23340607,-86.25331116,48:27:EA,36,wpa2,2025-06-14T21:00:00.000Z,2025-06-30T11:00:00.000Z,,MI,US,4th Street,49441
48:27:EA:53:11:F5,AndroidAP3109,-17.79312325,-63.18708038,48:27:EA,11,wpa2,2026-04-06T00:00:00.000Z,2026-04-05T18:00:00.000Z,Municipio Santa Cruz de la Sierra,Santa Cruz,BO,BRT Primer Anillo Externo,951
48:27:EA:53:1E:83,AndroidAP,-16.51694107,-68.15115356,48:27:EA,6,wpa2,2024-11-11T18:00:00.000Z,2024-11-11T12:00:00.000Z,El Alto,La Paz,BO,,0201
48:27:EA:53:8B:A3,Mohammad,36.03144073,50.58666229,48:27:EA,11,wpa2,2024-11-09T20:00:00.000Z,2024-11-10T12:00:00.000Z,مهستان,شهرستان ساوجبلاغ,IR,آزادراه کرج - قزوین,026
48:27:EA:53:91:21,AndroidAP9121,34.08560562,49.68838501,48:27:EA,1,wpa2,2025-03-19T17:00:00.000Z,2025-03-19T12:00:00.000Z,شهر اراک,استان مرکزی,IR,بهمن,3814999184
48:27:EA:53:B6:F1,AndroidAPNeli,41.64456177,-4.72689772,48:27:EA,6,wpa2,2025-08-23T20:00:00.000Z,2026-01-27T11:00:00.000Z,Valladolid,Castilla y León,ES,Acera de Recoletos,47007
48:27:EA:53:C5:1F,AndroidAP,47.54845428,19.0733757,48:27:EA,11,wpa2,2025-08-12T09:00:00.000Z,2025-08-12T02:00:00.000Z,,Budapest,HU,Babér utca,1138
48:27:EA:53:DD:7D,AndroidAP3185,54.44377899,18.52337646,48:27:EA,11,wpa2,2025-12-24T21:00:00.000Z,2026-03-19T12:00:00.000Z,,województwo pomorskie,PL,Droga Wielkokacka,81-881
48:27:EA:53:EB:79,AndroidAP1686,51.10922623,17.05259323,48:27:EA,1,wpa2,2024-09-28T16:00:00.000Z,2025-01-03T02:00:00.000Z,Wrocław,województwo dolnośląskie,PL,8;98,50-001
48:27:EA:54:02:1F,AndroidAP,37.68888855,-1.01875114,48:27:EA,6,wpa2,2025-04-12T11:00:00.000Z,2025-04-13T12:00:00.000Z,Cartagena,Región de Murcia,ES,Autovía de Murcia,30594
48:27:EA:54:4E:A3,AndroidAP1832,51.4756279,-0.03662842,48:27:EA,1,wpa2,2025-02-21T00:00:00.000Z,2025-02-25T12:00:00.000Z,London,England,GB,Lewisham Way,SE14 6PP
48:27:EA:54:52:87,Router8090,41.93733978,12.43128014,48:27:EA,6,wpa2,2024-10-09T12:00:00.000Z,2024-10-09T06:00:00.000Z,Roma,Lazio,IT,Via Girolamo Nisio,00135
48:27:EA:54:6D:BD,MARIAN G5,53.6113205,9.91651249,48:27:EA,11,wpa2,2025-12-23T12:00:00.000Z,2025-12-23T06:00:00.000Z,Hamburg,Eidelstedt,DE,A 7,
48:27:EA:54:90:5B,Galaxy J5905B,59.94865036,30.23149681,48:27:EA,11,unknown,2001-03-19T16:00:00.000Z,2025-11-02T08:00:00.000Z,Санкт-Петербург,Санкт-Петербург,RU,Наличная улица,199397
48:27:EA:54:A7:9D,AndroidAP,45.81182861,4.11828995,48:27:EA,1,wpa2,2022-07-24T16:00:00.000Z,2026-07-16T23:00:00.000Z,,Auvergne-Rhône-Alpes,FR,A 72,42110
48:27:EA:54:B3:6B,1,62.760746,40.33229828,48:27:EA,11,unknown,2025-05-20T15:00:00.000Z,2025-06-04T09:00:00.000Z,,Архангельская область,RU,улица Овчинникова,164171
48:27:EA:54:B5:B9,Galaxy J5B5B9,55.92147827,37.71174622,48:27:EA,6,unknown,2024-12-20T19:00:00.000Z,2024-12-20T15:00:00.000Z,Мытищи,Московская область,RU,46Н-05847,114021
48:27:EA:55:25:95,AndroidAP,55.27894974,23.96259117,48:27:EA,1,wpa2,2001-01-01T00:00:00.000Z,2026-07-13T03:00:00.000Z,,Kauno apskritis,LT,J. Basanavičiaus g.,57356
48:27:EA:55:33:87,Kolibri,52.55862427,13.41326427,48:27:EA,11,wpa2,2023-06-06T20:00:00.000Z,2026-08-05T09:00:00.000Z,Berlin,Pankow,DE,Berliner Straße,13189
48:27:EA:55:7C:B5,AndroidAP,49.24188614,10.35071945,48:27:EA,1,wpa2,2023-11-05T09:00:00.000Z,2025-10-24T06:00:00.000Z,Aurach,Bayern,DE,Rasthof Frankenhöhe Nord,91589
48:27:EA:55:7E:6F,AndroidAP,56.95855331,24.05126381,48:27:EA,11,wpa2,2025-05-07T04:00:00.000Z,2025-07-10T03:00:00.000Z,Rīga,Vidzeme,LV,Dzirciema iela,LV-1083
48:27:EA:56:81:D4,AndroidAP,35.75400925,51.4523735,48:27:EA,6,wpa2,2026-08-26T15:00:00.000Z,2026-08-26T08:00:00.000Z,شهر تهران,شهرستان تهران,IR,بزرگراه شهید همت,1661918681
48:27:EA:56:9F:F2,AndroidAP,52.66307068,13.40852547,48:27:EA,1,wpa2,2024-04-11T12:00:00.000Z,2025-02-17T21:00:00.000Z,Mühlenbecker Land,Brandenburg,DE,Nördlicher Berliner Ring,16567
48:27:EA:56:A0:08,AndroidAPA008,50.36885452,18.92701149,48:27:EA,6,wpa2,2025-09-10T08:00:00.000Z,2026-06-03T01:00:00.000Z,Piekary Śląskie,województwo śląskie,PL,Autostrada Bursztynowa,41-940
48:27:EA:56:A8:54,AndroidAPA854,54.00597,16.98147202,48:27:EA,11,wpa2,2024-09-14T08:00:00.000Z,2024-09-14T02:00:00.000Z,,województwo pomorskie,PL,Generała Józefa Wybickiego,77-200
48:27:EA:56:C9:4C,Scythe Hotspot,48.43078613,10.28522968,48:27:EA,6,wpa2,2024-08-08T10:00:00.000Z,2025-07-16T08:00:00.000Z,,Bayern,DE,A 8,89312
48:27:EA:57:78:6E,Gear 360(786E),41.8803978,-87.62477875,48:27:EA,6,wpa2,2026-02-11T22:00:00.000Z,2026-02-14T06:00:00.000Z,Chicago,IL,US,South Michigan Avenue,60603
48:27:EA:57:90:A4,AndroidAP1337,48.08712769,-1.64387226,48:27:EA,6,wpa2,2024-10-29T10:00:00.000Z,2024-10-29T05:00:00.000Z,Rennes,Bretagne,FR,Rue de Vern,35571
48:27:EA:58:7A:2C,AndroidAP7690,48.77151108,2.3680737,48:27:EA,4,wpa2,2025-07-01T06:00:00.000Z,2025-07-23T09:00:00.000Z,Thiais,Île-de-France,FR,Avenue de Fontainebleau,94320
48:27:EA:58:C5:B4,AndroidAP,44.45793152,26.12865639,48:27:EA,11,wpa2,2025-05-22T05:00:00.000Z,2025-05-21T22:00:00.000Z,Municipiul București,Colentina,RO,Strada Ion Berindei,023551
48:27:EA:58:CA:56,AndroidAP,48.88362503,2.33342862,48:27:EA,6,wpa2,2025-07-18T09:00:00.000Z,2025-07-18T03:00:00.000Z,Paris,Île-de-France,FR,,75009
48:27:EA:59:0F:20,AndroidAP,53.94711685,27.61524582,48:27:EA,1,wpa2,2024-11-01T13:00:00.000Z,2024-11-01T14:00:00.000Z,Минск,Первомайский район,BY,Местный проезд,220090
48:27:EA:59:89:92,Abood,33.51932144,36.25835037,48:27:EA,11,wpa2,2026-01-22T20:00:00.000Z,2026-01-24T15:00:00.000Z,,محافظة دمشق,SY,طريق بيروت,011
48:27:EA:59:9A:F0,AndroidAP,37.41828156,49.95362854,48:27:EA,6,wpa2,2025-04-03T14:00:00.000Z,2025-04-03T08:00:00.000Z,دهستان کیاشهر,استان گیلان,IR,سردارسلیمانی,
48:27:EA:59:F1:F8,Galaxy J5F1F8,50.11191177,8.64328766,48:27:EA,6,wpa2,2025-04-10T08:00:00.000Z,2025-04-10T02:00:00.000Z,Frankfurt am Main,Hessen,DE,Varrentrappstraße,60486
48:27:EA:5A:01:CA,AndroidAP,51.42076492,6.97263718,48:27:EA,11,wpa2,2018-04-21T20:00:00.000Z,2024-09-27T04:00:00.000Z,Essen,Nordrhein-Westfalen,DE,Am Wünnesberg,45149
48:27:EA:5A:4A:0A,AndroidAP4A0A,47.94964218,11.09152126,48:27:EA,6,wpa2,2024-11-23T15:00:00.000Z,2024-11-24T14:00:00.000Z,,Bayern,DE,Fritz-Winter-Straße,86911
48:27:EA:5A:8E:FE,AndroidAP9080,51.09473801,17.03172112,48:27:EA,1,wpa2,2022-03-30T11:00:00.000Z,2025-07-20T03:00:00.000Z,Wrocław,województwo dolnośląskie,PL,Dyrekcyjna,50-001
48:27:EA:5A:B6:10,Oropo,38.00757599,23.80151939,48:27:EA,1,wpa2,2025-10-07T13:00:00.000Z,2026-08-07T02:00:00.000Z,,Αποκεντρωμένη Διοίκηση Αττικής,GR,Μεσογείων,15562
48:27:EA:5A:C1:A0,Galaxy J5C1A0,45.09205627,24.3715744,48:27:EA,1,wpa2,2026-05-31T08:00:00.000Z,2026-05-31T01:00:00.000Z,Râmnicu Vâlcea,Vâlcea,RO,Bulevardul Tineretului,
48:27:EA:5A:D3:DC,Galaxy J5D3DC,54.00003052,11.98734283,48:27:EA,11,wpa2,2025-04-20T12:00:00.000Z,2025-10-07T13:00:00.000Z,,Mecklenburg-Vorpommern,DE,A 20,18239
48:27:EA:5B:B3:EA,AndroidAP,56.50709915,21.0007534,48:27:EA,3,wpa2,2026-05-21T07:00:00.000Z,2026-05-21T06:00:00.000Z,Liepāja,Kurzeme,LV,Uliha iela,LV-3401
48:27:EA:5B:CD:16,AndroidAPCD16,41.01613235,28.98085785,48:27:EA,1,wpa2,2024-09-29T14:00:00.000Z,2024-09-29T07:00:00.000Z,İstanbul,Marmara Bölgesi,TR,Kennedy Caddesi,34110
48:27:EA:5B:CE:52,AndroidAPCE52,37.05139923,35.28450012,48:27:EA,1,wpa2,2025-10-10T14:00:00.000Z,2025-10-13T23:00:00.000Z,,Akdeniz Bölgesi,TR,Anadolu Lisesi Caddesi,10101
48:27:EA:5C:14:A8,Galaxy J514A8,51.11536026,17.02347565,48:27:EA,11,wpa2,2020-08-06T16:00:00.000Z,2025-11-15T13:00:00.000Z,,województwo dolnośląskie,PL,Mostowa,50-136
48:27:EA:5C:19:8A,Sauron,64.54999542,40.57663345,48:27:EA,6,unknown,2026-01-22T14:00:00.000Z,2026-02-03T07:00:00.000Z,Архангельск,Архангельская область,RU,площадь 60-летия Октября,163051
48:27:EA:5C:72:38,AndroidAP,52.59965515,12.05613327,48:27:EA,6,wpa2,2023-11-05T18:00:00.000Z,2026-06-03T14:00:00.000Z,,Sachsen-Anhalt,DE,,
48:27:EA:5D:DF:8B,AndroidAP,37.2746048,49.62046432,48:27:EA,2,wpa2,2025-04-21T12:00:00.000Z,2025-05-07T11:00:00.000Z,شهر رشت,استان گیلان,IR,میدان امام حسین,
48:27:EA:5E:3A:1F,AndroidAP,53.39100647,-2.15332055,48:27:EA,6,wpa2,2024-10-13T20:00:00.000Z,2024-10-15T09:00:00.000Z,Stockport,England,GB,Garners Lane,SK3 8PQ
48:27:EA:5F:0F:1D,AndroidAP0F1D,57.67882919,39.78905487,48:27:EA,6,unknown,2024-09-28T05:00:00.000Z,2024-09-27T23:00:00.000Z,городской округ Ярославль,Ярославская область,RU,улица Урицкого,150052
48:27:EA:5F:17:3D,Magamed757,59.98949432,30.44988823,48:27:EA,1,unknown,2025-04-04T16:00:00.000Z,2025-04-05T00:00:00.000Z,Санкт-Петербург,Санкт-Петербург,RU,Шафировский проспект,196067
48:27:EA:5F:17:BB,Скания,64.53557587,40.56797409,48:27:EA,1,unknown,2024-09-29T17:00:00.000Z,2024-09-30T07:00:00.000Z,Архангельск,Архангельская область,RU,проспект Обводный Канал,163002
48:27:EA:5F:1F:57,Ford Truck,51.22364807,6.43000555,48:27:EA,1,wpa2,2023-12-22T14:00:00.000Z,2025-12-22T09:00:00.000Z,Mönchengladbach,Nordrhein-Westfalen,DE,A 52,41063
48:27:EA:5F:A9:31,AndroidAPA931,38.68804169,16.54684067,48:27:EA,1,wpa2,2026-01-18T20:00:00.000Z,2026-09-01T10:00:00.000Z,,Calabria,IT,Via Giovanni XXIII,88068
48:27:EA:5F:B7:CB,,53.91929626,27.57746506,48:27:EA,11,wpa2,2025-08-24T12:00:00.000Z,2025-08-24T14:00:00.000Z,Минск,Комаровка,BY,улица Веры Хоружей,220100
48:27:EA:5F:C3:A3,AndroidAP,51.51382065,-0.88009065,48:27:EA,1,wpa2,2023-08-04T13:00:00.000Z,2024-11-18T00:00:00.000Z,,England,GB,23,RG10 8EP
48:27:EA:5F:C6:D1,AndroidAP,51.84587479,-2.26315594,48:27:EA,1,wpa2,2024-05-20T15:00:00.000Z,2025-03-03T10:00:00.000Z,Gloucester,England,GB,Ashville Road,GL2 5
48:27:EA:5F:CC:A7,AndroidAPCCA7,40.99252319,29.03600693,48:27:EA,1,wpa2,2026-03-21T09:00:00.000Z,2026-05-05T03:00:00.000Z,,Marmara Bölgesi,TR,,34722
48:27:EA:60:14:E9,AndroidAP14E9,47.84819794,12.09108543,48:27:EA,1,wpa2,2025-04-04T13:00:00.000Z,2025-04-17T07:00:00.000Z,,Bayern,DE,Georg-Aicher-Straße,83026
48:27:EA:60:22:63,AndroidAP2263,52.97740936,8.62623692,48:27:EA,6,wpa2,2025-10-09T09:00:00.000Z,2026-07-20T07:00:00.000Z,,Niedersachsen,DE,A 1,28816
48:27:EA:60:25:3F,AndroidAP253F,51.84129333,6.27702045,48:27:EA,11,wpa2,2024-09-18T16:00:00.000Z,2026-06-20T05:00:00.000Z,,Nordrhein-Westfalen,DE,Werner-Heisenberg-Straße,46446
48:27:EA:60:28:71,AndroidAP2871,52.19559097,20.92797661,48:27:EA,1,wpa2,2025-08-10T11:00:00.000Z,2025-08-10T07:00:00.000Z,Warszawa,województwo mazowieckie,PL,Aleje Jerozolimskie,02-486
48:27:EA:60:28:DD,AndroidAP,52.24667358,21.06173897,48:27:EA,11,wpa2,2023-02-25T16:00:00.000Z,2026-05-16T04:00:00.000Z,Warszawa,województwo mazowieckie,PL,Grochowska,03-823
48:27:EA:60:2C:4B,AndroidAP2C4B,53.11832047,17.96656036,48:27:EA,11,wpa2,2025-12-12T15:00:00.000Z,2025-12-13T02:00:00.000Z,,województwo kujawsko-pomorskie,PL,,
48:27:EA:60:2F:4D,AndroidAP2F4D,53.14213181,23.21027565,48:27:EA,6,wpa2,2023-09-09T11:00:00.000Z,2024-09-28T10:00:00.000Z,,województwo podlaskie,PL,42 Pułku Piechoty,15-181
48:27:EA:60:35:A3,Szajsung,50.26428604,19.00220299,48:27:EA,1,wpa2,2025-01-15T19:00:00.000Z,2025-01-16T08:00:00.000Z,Katowice,województwo śląskie,PL,Gliwicka,40-854
48:27:EA:60:71:B1,AndroidAP71B1,38.21052933,-0.82677412,48:27:EA,11,wpa2,2025-07-26T13:00:00.000Z,2025-08-13T10:00:00.000Z,,Comunitat Valenciana,ES,Autovía del Mediterráneo,03339
48:27:EA:60:7F:4F,AndroidAP7F4F,40.95205688,29.39255333,48:27:EA,11,wpa2,2024-11-20T08:00:00.000Z,2025-10-30T04:00:00.000Z,,Marmara Bölgesi,TR,Ballıca Yolu Caddesi,34959
48:27:EA:60:8A:95,KS800,49.39762878,22.4499321,48:27:EA,11,wpa2,2022-08-15T15:00:00.000Z,2025-07-15T08:00:00.000Z,,województwo podkarpackie,PL,,38-610
48:27:EA:60:9C:37,AndroidAP,36.71952438,-4.42157269,48:27:EA,1,wpa2,2020-06-09T17:00:00.000Z,2024-09-13T01:00:00.000Z,,Andalucía,ES,Alameda Principal,29001
48:27:EA:60:A3:9B,Galaxy J5A39B Nazir,51.84902191,4.95204067,48:27:EA,6,wpa2,2025-07-12T19:00:00.000Z,2025-07-12T15:00:00.000Z,,Zuid-Holland,NL,A27,4241
48:27:EA:60:A8:79,AndroidAP,35.36263657,24.44510078,48:27:EA,11,wpa2,2024-10-24T14:00:00.000Z,2024-10-24T08:00:00.000Z,,Αποκεντρωμένη Διοίκηση Κρήτης,GR,Χανίων - Ρεθύμνου,74132
48:27:EA:60:EB:0B,Galaxy J5EB0B,38.1620636,13.21017361,48:27:EA,6,wpa2,2025-10-07T07:00:00.000Z,2025-10-07T00:00:00.000Z,Carini,Sicilia,IT,Strada Statale 113 Est,90044
48:27:EA:61:03:27,AndroidAP,40.80134201,44.49900436,48:27:EA,6,wpa2,2001-01-01T00:00:00.000Z,2026-04-01T21:00:00.000Z,Վանաձոր,Լոռու մարզ,AM,Զորավար Անդրանիկի փողոց,2007
48:27:EA:61:03:2D,Galaxy J5032D,55.7043457,37.77859497,48:27:EA,11,unknown,2024-10-22T15:00:00.000Z,2024-10-22T09:00:00.000Z,Москва,Москва,RU,Волгоградский проспект (дублёр),109443
48:27:EA:61:32:57,Galaxy J53257,51.24023056,12.14955997,48:27:EA,1,wpa2,2024-12-17T13:00:00.000Z,2024-12-17T06:00:00.000Z,,Sachsen-Anhalt,DE,A 38,06686
48:27:EA:61:33:F7,Galaxy J533F7,48.8354454,44.4114418,48:27:EA,6,unknown,2026-01-29T02:00:00.000Z,2026-01-29T10:00:00.000Z,,Волгоградская область,RU,«Каспий»,403003
48:27:EA:61:47:27,AndroidAP,55.75229263,38.00902557,48:27:EA,1,unknown,2019-08-12T12:00:00.000Z,2024-10-11T01:00:00.000Z,Балашиха,Московская область,RU,Кооперативная улица,143989
48:27:EA:61:D4:9D,AndroidAPD49D,51.10629654,17.02840042,48:27:EA,1,wpa2,2025-09-26T00:00:00.000Z,2026-05-24T13:00:00.000Z,,województwo dolnośląskie,PL,Plac Wolności,50-071
48:27:EA:61:F8:B5,Old phone,52.04443741,-0.75252461,48:27:EA,8,wpa2,2025-11-03T13:00:00.000Z,2025-11-04T05:00:00.000Z,Milton Keynes,England,GB,Secklow Gate,MK9 3AB
48:27:EA:61:FF:89,KAB A3,47.56079102,19.10063171,48:27:EA,11,wpa2,2025-02-22T12:00:00.000Z,2025-02-22T04:00:00.000Z,,Budapest,HU,Árpád út,1042
48:27:EA:62:04:59,AndroidAP,47.21300125,-1.57725894,48:27:EA,3,wpa2,2026-06-24T13:00:00.000Z,2026-06-24T10:00:00.000Z,Nantes,Pays de la Loire,FR,Rue Nicolas Appert,44093
48:27:EA:62:04:61,Minutak,50.08788681,14.45920849,48:27:EA,7,wpa2,2025-10-27T19:00:00.000Z,2025-11-08T06:00:00.000Z,Hlavní město Praha,Praha,CZ,Roháčova,13000
48:27:EA:62:6F:83,AndroidAP,30.40618706,-9.59403324,48:27:EA,1,wpa2,2026-04-22T16:00:00.000Z,2026-04-22T09:00:00.000Z,Agadir ⴰⴳⴰⴷⵉⵔ أگادیر,Souss-Massa ⵙⵓⵙⵙ-ⵎⴰⵙⵙⴰ سوس-ماسة,MA,,80015
48:27:EA:62:98:C3,AndroidAP98C3,41.79192352,44.81674576,48:27:EA,11,wpa2,2025-10-11T11:00:00.000Z,2025-10-11T05:00:00.000Z,თბილისი,გლდანის მასივი,GE,ილია ვეკუას ქუჩა,0106
48:27:EA:62:9E:85,AndroidAP,56.12036514,40.38166046,48:27:EA,11,unknown,2024-07-02T16:00:00.000Z,2024-09-12T06:00:00.000Z,Владимир,Владимирская область,RU,Офицерская улица,600000
48:27:EA:62:E3:EE,,51.4917717,6.81717348,48:27:EA,10,unknown,2024-11-29T16:00:00.000Z,2024-11-29T16:00:00.000Z,Duisburg,Nordrhein-Westfalen,DE,A 3,47167
48:27:EA:62:FE:C4,AndroidAP,51.56245422,0.07840449,48:27:EA,6,wpa2,2026-03-30T19:00:00.000Z,2026-03-30T16:00:00.000Z,London,England,GB,Ley Street,IG1 4BS
48:27:EA:63:72:96,AndroidAP604b,49.01852036,11.36345196,48:27:EA,1,wpa2,2026-05-04T06:00:00.000Z,2026-05-31T13:00:00.000Z,,Bayern,DE,A 9,91171
48:27:EA:64:00:A6,Galaxy J500A6,40.4035759,49.85529709,48:27:EA,11,wpa2,2025-06-29T15:00:00.000Z,2025-06-29T08:00:00.000Z,Bakı İnzibati Ərazisi,Bakı,AZ,Həsən Əliyev küçəsi,1052
48:27:EA:64:03:3C,??????,52.55701447,103.89206696,48:27:EA,11,unknown,2005-10-12T16:00:00.000Z,2025-06-08T02:00:00.000Z,Ангарск,Иркутская область,RU,,665806
48:27:EA:64:24:F0,Galaxy J524F0,50.01801682,19.89319801,48:27:EA,1,wpa2,2024-12-26T14:00:00.000Z,2025-01-01T13:00:00.000Z,,województwo małopolskie,PL,Profesora Michała Bobrzyńskiego,30-392
48:27:EA:64:2D:BC,AndroidAP,53.33810425,83.76813507,48:27:EA,1,unknown,2024-07-05T11:00:00.000Z,2024-12-17T06:00:00.000Z,Барнаул,Алтайский край,RU,улица Папанинцев,656049
48:27:EA:64:5E:C8,A3-FOR,51.46735001,12.65606976,48:27:EA,8,wpa2,2026-06-20T09:00:00.000Z,2026-06-21T04:00:00.000Z,,Sachsen,DE,Puschkinstraße,04838
48:27:EA:64:5F:EC,AndroidAP5705,47.3794899,8.54722214,48:27:EA,6,wpa2,2026-05-15T12:00:00.000Z,2026-05-15T05:00:00.000Z,Zürich,Zürich,CH,Culmannstrasse,8006
48:27:EA:64:6C:44,AndroidAP7185,-14.5280323,-75.20355988,48:27:EA,3,wpa2,2024-12-30T03:00:00.000Z,2024-12-30T00:00:00.000Z,,Ica,PE,Panamericana Sur,
48:27:EA:64:AB:36,AndroidAPAB36,37.02968216,35.34519577,48:27:EA,1,wpa2,2024-11-01T06:00:00.000Z,2024-10-31T23:00:00.000Z,,Akdeniz Bölgesi,TR,,
48:27:EA:64:CD:BC,AndroidAP,40.73074341,23.05630112,48:27:EA,6,wpa2,2026-04-22T10:00:00.000Z,2026-04-22T10:00:00.000Z,,Αποκεντρωμένη Διοίκηση Μακεδονίας - Θράκης,GR,Ηγουμενίτσα - Θεσσαλονίκη - Κήποι Έβρου,57200
48:27:EA:65:2B:DF,AndroidHotspot1634,49.25998688,4.02821493,48:27:EA,6,wpa2,2022-12-03T18:00:00.000Z,2025-12-19T07:00:00.000Z,Reims,Grand Est,FR,Allée des 7 et 8 Mai 1945,51100
48:27:EA:65:BD:3D,Galaxy J5BD3D,37.26344681,15.21774006,48:27:EA,6,wpa2,2025-05-20T17:00:00.000Z,2025-05-21T03:00:00.000Z,Augusta,Sicilia,IT,Via Barone Cesare Zuppello,96012
48:27:EA:65:CD:41,Galaxy J5CD41,42.70542145,12.16112423,48:27:EA,11,wpa2,2024-05-07T07:00:00.000Z,2024-09-02T07:00:00.000Z,,Umbria,IT,Autostrada del Sole,05018
48:27:EA:65:F6:E7,Emanuele 84,37.48298264,15.00801945,48:27:EA,6,wpa2,2024-04-05T07:00:00.000Z,2024-10-16T06:00:00.000Z,Misterbianco,Sicilia,IT,Tangenziale Ovest di Catania,95045
48:27:EA:66:20:A7,AndroidAP20A7,52.21617889,20.99797249,48:27:EA,6,wpa2,2024-10-19T08:00:00.000Z,2024-10-21T12:00:00.000Z,Warszawa,województwo mazowieckie,PL,Wawelska,02-034
48:27:EA:66:20:D5,AndroidAP,50.48960876,19.41555023,48:27:EA,6,wpa2,2023-09-25T12:00:00.000Z,2025-07-16T06:00:00.000Z,,województwo śląskie,PL,Porębska,42-400
48:27:EA:66:28:A7,AndroidAP,51.12663269,17.04794693,48:27:EA,11,wpa2,2026-08-02T12:00:00.000Z,2026-08-02T05:00:00.000Z,Wrocław,województwo dolnośląskie,PL,Jedności Narodowej,50-001
48:27:EA:66:2B:B5,AndroidAP2BB5,45.75673294,4.81217241,48:27:EA,11,wpa2,2024-09-06T17:00:00.000Z,2024-09-06T10:00:00.000Z,Lyon,Auvergne-Rhône-Alpes,FR,Rue Appian,69005
48:27:EA:66:4C:27,Hama1111,45.76063919,4.86004829,48:27:EA,6,wpa2,2025-09-09T12:00:00.000Z,2025-09-09T12:00:00.000Z,Lyon,Auvergne-Rhône-Alpes,FR,Gare de Lyon Part-Dieu,69003
48:27:EA:66:60:DB,AndroidAP60DB,52.06212997,4.31579924,48:27:EA,6,wpa2,2022-09-04T11:00:00.000Z,2024-10-15T10:00:00.000Z,Den Haag,Zuid-Holland,NL,Verheeskade,2521DG
48:27:EA:66:87:7B,AndroidAP,-38.19524002,175.82522583,48:27:EA,11,wpa2,2024-11-02T02:00:00.000Z,2024-11-14T16:00:00.000Z,,Waikato,NZ,Matanuku Road,3491
48:27:EA:66:A5:2F,AndroidAP - Aylin Kurtuldu,47.54244232,7.59163809,48:27:EA,4,wpa2,2024-02-05T20:00:00.000Z,2025-01-18T04:00:00.000Z,Basel,Basel-Stadt,CH,Dornacherstrasse,4053
48:27:EA:66:AA:17,AndroidAP,36.8938942,31.21695328,48:27:EA,1,wpa2,2024-10-06T12:00:00.000Z,2024-10-09T22:00:00.000Z,,Akdeniz Bölgesi,TR,Antalya - Mersin Yolu,07550
48:27:EA:67:11:A5,VK630CH net,51.82497025,12.31159973,48:27:EA,11,wpa2,2020-05-29T14:00:00.000Z,2025-04-25T14:00:00.000Z,,Sachsen-Anhalt,DE,A 9,06844
48:27:EA:67:2E:05,HellboY,49.21576691,8.60280418,48:27:EA,11,wpa2,2024-12-26T18:00:00.000Z,2024-12-26T11:00:00.000Z,,Baden-Württemberg,DE,A 5,76709
48:27:EA:67:35:BF,AndroidAP,48.88690948,8.2834692,48:27:EA,1,wpa2,2026-02-17T19:00:00.000Z,2026-02-17T12:00:00.000Z,,Baden-Württemberg,DE,A 5,76470
48:27:EA:67:3B:5B,AndroidAP,54.15879822,8.95700455,48:27:EA,1,wpa2,2025-08-21T15:00:00.000Z,2026-04-11T13:00:00.000Z,,Schleswig-Holstein,DE,,25797
48:27:EA:68:4F:C1,Fenando1980,40.36170197,-3.67711258,48:27:EA,1,wpa2,2024-10-24T10:00:00.000Z,2024-10-24T03:00:00.000Z,Madrid,Comunidad de Madrid,ES,M-40,28041
48:27:EA:68:57:AB,Galaxy J557AB,52.34666061,4.91700935,48:27:EA,11,wpa2,2001-01-01T00:00:00.000Z,2024-10-14T08:00:00.000Z,Amsterdam,Noord-Holland,NL,Amstelhoek,1096HA
48:27:EA:68:6F:2B,AndroidAP6F2B,50.06902695,14.33520412,48:27:EA,6,wpa2,2026-02-02T11:00:00.000Z,2026-02-02T04:00:00.000Z,Hlavní město Praha,Praha,CZ,Kukulova,158 00
48:27:EA:68:6F:DD,Betka wifi,50.09091568,14.4287262,48:27:EA,11,wpa2,2025-09-17T14:00:00.000Z,2025-10-24T12:00:00.000Z,Hlavní město Praha,Praha,CZ,Soukenická,11000
48:27:EA:69:1A:B4,AndroidAP1AB4,51.15952301,71.41081238,48:27:EA,6,wpa2,2023-08-16T06:00:00.000Z,2025-06-27T01:00:00.000Z,Астана,Астана,KZ,проспект Сарыарка,010000
48:27:EA:69:1D:60,AndroidAP1D60,53.24636078,50.19462585,48:27:EA,6,unknown,2024-11-13T09:00:00.000Z,2024-11-13T03:00:00.000Z,Самара,Самарская область,RU,Солнечная улица,443028
48:27:EA:69:2B:3A,AndroidAP2B3A,53.34183884,-6.25219774,48:27:EA,1,wpa2,2024-11-08T10:00:00.000Z,2024-11-11T10:00:00.000Z,Dublin,Leinster,IE,Clare Street,D02 FR90
48:27:EA:69:2E:E8,AndroidAP,21.02671623,105.89655304,48:27:EA,11,wpa2,2025-02-18T02:00:00.000Z,2025-02-17T22:00:00.000Z,Thành phố Hà Nội,Phường Long Biên,VN,Phố Đàm Quang Trung,0610
48:27:EA:69:35:A0,AndroidAP,48.17726517,13.731884,48:27:EA,11,wpa2,2023-08-02T16:00:00.000Z,2026-08-26T06:00:00.000Z,,Oberösterreich,AT,Innkreis Autobahn,4676
48:27:EA:69:3B:C2,kuzmin oleh,53.50125122,14.79907799,48:27:EA,11,wpa2,2026-09-01T10:00:00.000Z,2026-09-01T06:00:00.000Z,,województwo zachodniopomorskie,PL,S3;S6,72-123
48:27:EA:69:3C:02,Abc1,52.23635483,20.98042297,48:27:EA,11,wpa2,2024-10-28T19:00:00.000Z,2024-10-30T12:00:00.000Z,Warszawa,województwo mazowieckie,PL,Okopowa 07,01-202
48:27:EA:69:6C:58,Android e,37.07546234,15.28736019,48:27:EA,6,wpa2,2024-10-30T07:00:00.000Z,2024-10-30T01:00:00.000Z,Siracusa,Sicilia,IT,,96100
48:27:EA:69:77:68,AndroidAP,45.99363708,14.33101654,48:27:EA,6,wpa2,2025-05-03T14:00:00.000Z,2025-07-10T06:00:00.000Z,,Vrhnika,SI,A1,1360
48:27:EA:69:7F:48,Jekson,51.09663773,16.988554,48:27:EA,11,wpa2,2025-01-13T13:00:00.000Z,2026-08-05T01:00:00.000Z,,województwo dolnośląskie,PL,Grabiszyńska,53-235
48:27:EA:69:F6:FA,Galaxy J5F6FA,51.20371628,2.90310669,48:27:EA,11,wpa2,2001-01-01T00:00:00.000Z,2025-08-08T06:00:00.000Z,,West-Vlaanderen,BE,Torhoutsesteenweg,8400
48:27:EA:69:F7:E6,AndroidAP,37.97933578,23.72672653,48:27:EA,11,wpa2,2025-11-24T10:00:00.000Z,2025-11-24T11:00:00.000Z,Αθήνα,Αποκεντρωμένη Διοίκηση Αττικής,GR,Αθηνάς,10551
48:27:EA:6A:08:56,Galaxy J50856,59.92443848,30.33938408,48:27:EA,11,unknown,2025-07-25T13:00:00.000Z,2025-12-12T10:00:00.000Z,Санкт-Петербург,Санкт-Петербург,RU,Социалистическая улица,191126
48:27:EA:6A:0B:6E,Galaxy J50B6E,48.81710815,44.61889648,48:27:EA,11,unknown,2025-03-30T12:00:00.000Z,2025-03-30T11:00:00.000Z,Волгоград,Волгоградская область,RU,улица Кропоткина,400121
48:27:EA:6A:11:80,Android melur,55.87919235,37.73190689,48:27:EA,11,unknown,2026-06-29T13:00:00.000Z,2026-06-29T08:00:00.000Z,Москва,Москва,RU,"МКАД, 95-й километр",129347
48:27:EA:6A:3E:16,AndroidAP3E16,42.02351761,11.9549284,48:27:EA,6,wpa2,2024-09-29T12:00:00.000Z,2024-09-29T10:00:00.000Z,,Lazio,IT,Viale del Tirreno,
48:27:EA:6A:40:22,BartekOffice,53.0202179,18.59830284,48:27:EA,1,wpa2,2025-02-25T07:00:00.000Z,2025-06-01T14:00:00.000Z,Toruń,województwo kujawsko-pomorskie,PL,Szosa Chełmińska,87-100
48:27:EA:6A:84:AC,AndroidAP84AC,51.50924683,-0.07398932,48:27:EA,10,wpa2,2025-02-04T14:00:00.000Z,2026-07-04T02:00:00.000Z,,England,GB,Tower Bridge Approach,EC3N 4DX
48:27:EA:6A:8E:56,AndroidAP,52.91555405,-1.47787035,48:27:EA,1,wpa2,2025-04-17T18:00:00.000Z,2025-04-18T05:00:00.000Z,Derby,England,GB,Normanton Road,DE1 2GH
48:27:EA:6A:A7:14,AndroidAPA714,50.01202393,11.88059139,48:27:EA,6,wpa2,2022-06-01T22:00:00.000Z,2025-04-15T08:00:00.000Z,Neubauer Forst-Süd,Bayern,DE,B 303,95709
48:27:EA:6A:C5:D6,AndroidAPC5D6,46.06616592,13.22668457,48:27:EA,1,wpa2,2026-04-04T16:00:00.000Z,2026-04-04T09:00:00.000Z,Udine,Friuli-Venezia Giulia,IT,Via Marco Volpe,33100
48:27:EA:6A:EA:CA,AndroidAP,52.06197357,4.31620073,48:27:EA,6,wpa2,2023-09-03T13:00:00.000Z,2025-04-13T10:00:00.000Z,Den Haag,Zuid-Holland,NL,Verheeskade,2521BN
48:27:EA:6A:F1:D2,AndroidAP,51.84545135,-2.22066617,48:27:EA,6,wpa2,2025-06-25T16:00:00.000Z,2025-07-10T07:00:00.000Z,Gloucester,England,GB,Painswick Road,GL4 4QX
48:27:EA:6B:32:6A,AndroidAP,42.69839859,27.71709251,48:27:EA,6,wpa2,2026-08-09T18:00:00.000Z,2026-08-09T12:00:00.000Z,,Бургас,BG,,8240
48:27:EA:6B:34:7E,AgataAP,51.75831223,19.46346283,48:27:EA,1,wpa2,2025-05-28T10:00:00.000Z,2025-05-28T05:00:00.000Z,,województwo łódzkie,PL,Sienkiewicza - Piłsudskiego,90-306
48:27:EA:6B:45:42,AndroidAP,55.78205109,37.69727325,48:27:EA,11,unknown,2026-03-03T09:00:00.000Z,2026-03-29T12:00:00.000Z,Москва,Москва,RU,Большая Почтовая улица,105082
48:27:EA:6B:8E:06,Galaxy J58E06,40.58701706,22.94513512,48:27:EA,1,wpa2,2025-08-08T14:00:00.000Z,2025-08-08T08:00:00.000Z,,Αποκεντρωμένη Διοίκηση Μακεδονίας - Θράκης,GR,Καραολή & Δημητρίου,55131
48:27:EA:6B:C4:4A,AndroidAP,48.84498215,2.28969145,48:27:EA,11,wpa2,2024-12-12T20:00:00.000Z,2024-12-12T13:00:00.000Z,Paris,Île-de-France,FR,Rue des Entrepreneurs,75015
48:27:EA:6B:EC:9A,AndroidAP,51.37577438,-0.0930347,48:27:EA,6,wpa2,2026-06-06T14:00:00.000Z,2026-06-06T17:00:00.000Z,London Borough of Croydon,England,GB,Billinton Hill,CR0 6BT
48:27:EA:6C:7D:1E,AndroidAP7D1E,-34.45196152,-58.7274704,48:27:EA,11,wpa2,2025-06-21T19:00:00.000Z,2025-06-21T23:00:00.000Z,,Buenos Aires,AR,Colectora Acceso Norte Ramal Pilar,1616
48:27:EA:6C:C5:6E,AndroidAP,50.10720062,14.26900864,48:27:EA,11,wpa2,2024-02-14T12:00:00.000Z,2025-03-02T01:00:00.000Z,Hlavní město Praha,Praha,CZ,Aviatická,161 00
48:27:EA:6C:CD:72,AndroidAPCD72,52.11036682,9.35162163,48:27:EA,1,wpa2,2026-07-27T14:00:00.000Z,2026-08-24T01:00:00.000Z,,Niedersachsen,DE,Fischbecker Straße,31785
48:27:EA:6C:DC:02,ST2025,52.09078217,21.01273918,48:27:EA,1,wpa2,2025-09-16T15:00:00.000Z,2025-09-16T09:00:00.000Z,,województwo mazowieckie,PL,Mleczarska,05-500
48:27:EA:6D:22:72,Galaxy J52272,44.89564896,37.55810165,48:27:EA,6,unknown,2025-07-07T11:00:00.000Z,2025-07-07T20:00:00.000Z,,Краснодарский край,RU,Красная улица,353431
48:27:EA:6D:3A:9E,AndroidAP,50.76519012,6.83918047,48:27:EA,6,wpa2,2023-05-31T10:00:00.000Z,2025-07-25T05:00:00.000Z,,Nordrhein-Westfalen,DE,Auf der Hochfahrt,53919
48:27:EA:6D:4D:DE,SOSA,50.94651794,9.9825716,48:27:EA,11,wpa2,2022-12-08T10:00:00.000Z,2025-05-27T00:00:00.000Z,,Hessen,DE,Mühlenstraße,36208
48:27:EA:6D:59:3A,Kingkekka,40.61440659,15.04052544,48:27:EA,1,wpa2,2024-12-20T12:00:00.000Z,2024-12-20T15:00:00.000Z,,Campania,IT,Via Cosimo Naponiello,84025
48:27:EA:6D:65:B8,AndroidAP65B8,51.45548248,18.64920807,48:27:EA,11,wpa2,2023-08-09T08:00:00.000Z,2025-06-21T14:00:00.000Z,,województwo łódzkie,PL,Trasa Bohaterów Bitwy Warszawskiej 1920 r.,98-270
48:27:EA:6D:E9:B6,AndroidAP,49.37414169,11.38210964,48:27:EA,11,wpa2,2022-11-11T01:00:00.000Z,2026-07-28T07:00:00.000Z,,Bayern,DE,A 3,90518
48:27:EA:6E:BA:C3,Mmmm,35.72364044,51.38544846,48:27:EA,6,wpa2,2025-04-21T08:00:00.000Z,2025-04-21T02:00:00.000Z,شهر تهران,شهرستان تهران,IR,بزرگراه شهید گمنام,1439634564
48:27:EA:6E:C0:E5,AndroidAP,53.12308121,18.01805878,48:27:EA,1,wpa2,2025-04-23T13:00:00.000Z,2025-04-23T07:00:00.000Z,,województwo kujawsko-pomorskie,PL,Jagiellońska,85-097
48:27:EA:6E:C1:9F,AndroidAP,52.75393295,0.3978931,48:27:EA,6,wpa2,2025-11-15T13:00:00.000Z,2025-11-15T05:00:00.000Z,King's Lynn and West Norfolk,England,GB,Broad Street,PE30 1DP
48:27:EA:6E:CB:AF,AndroidAPCBAF,53.1331749,23.19427681,48:27:EA,1,wpa2,2024-09-17T15:00:00.000Z,2024-10-30T23:00:00.000Z,,województwo podlaskie,PL,Piastowska,15-204
48:27:EA:6E:D0:25,AndroidAPD025,51.41401672,21.99072266,48:27:EA,6,wpa2,2001-01-01T00:00:00.000Z,2026-03-14T04:00:00.000Z,,województwo lubelskie,PL,Cyprysowa,24-100
48:27:EA:6E:D0:31,AndroidAPD031,49.7959404,21.91288376,48:27:EA,1,wpa2,2025-08-06T06:00:00.000Z,2025-08-06T01:00:00.000Z,,województwo podkarpackie,PL,,38-112
48:27:EA:6E:D2:E7,AndroidAP,52.23016357,21.09907722,48:27:EA,6,wpa2,2024-09-22T16:00:00.000Z,2024-09-22T09:00:00.000Z,Warszawa,województwo mazowieckie,PL,Stanisława Mikołajczyka,03-984
48:27:EA:6E:DC:A5,Polakk90,53.13745499,18.07807159,48:27:EA,6,wpa2,2025-04-01T10:00:00.000Z,2026-05-03T10:00:00.000Z,,województwo kujawsko-pomorskie,PL,Wyścigowa,85-744
48:27:EA:6E:E1:4F,AndroidAP,52.01293182,5.09017134,48:27:EA,11,wpa2,2025-04-17T12:00:00.000Z,2025-04-17T11:00:00.000Z,,Utrecht,NL,Graaf Willemlaan,3434RL
48:27:EA:6E:E8:C5,AndroidAP,50.08018112,14.43054867,48:27:EA,1,wpa2,2026-01-10T10:00:00.000Z,2026-01-10T02:00:00.000Z,Hlavní město Praha,Praha,CZ,Washingtonova,11000
48:27:EA:6F:8B:63,Gear 360(8B63),40.76480484,-73.97880554,48:27:EA,6,wpa2,2025-11-27T14:00:00.000Z,2025-11-27T18:00:00.000Z,City of New York,NY,US,West 57th Street,10019
48:27:EA:70:3C:07,AndroidAP3C07,41.93539047,12.53847504,48:27:EA,1,wpa2,2025-08-26T05:00:00.000Z,2026-04-11T03:00:00.000Z,Roma,Lazio,IT,Via della Cisa,00141
48:27:EA:70:52:BB,AndroidAP52BB,48.84160995,8.20905972,48:27:EA,1,wpa2,2023-08-29T16:00:00.000Z,2026-08-26T02:00:00.000Z,,Baden-Württemberg,DE,Hurstweg,76437
48:27:EA:70:56:01,AndroidAP5601,53.50498581,10.04993343,48:27:EA,3,wpa2,2025-08-26T12:00:00.000Z,2026-06-05T14:00:00.000Z,Hamburg,Hamburg-Mitte,DE,Obergeorgswerder Deich,21109
48:27:EA:70:8B:61,Mothermaker1,51.47253418,6.95104837,48:27:EA,11,wpa2,2026-06-01T08:00:00.000Z,2026-08-21T13:00:00.000Z,Essen,Nordrhein-Westfalen,DE,Wüstenhöferstraße,45355
48:27:EA:70:95:87,AndroidAP,50.9706459,5.97640991,48:27:EA,11,wpa2,2024-09-20T12:00:00.000Z,2024-09-20T07:00:00.000Z,,Limburg,NL,Ter Hallen,6451CE
48:27:EA:70:DB:41,AndroidAP,33.50033188,36.29041672,48:27:EA,1,wpa2,2026-01-22T20:00:00.000Z,2026-01-24T15:00:00.000Z,,محافظة دمشق,SY,,35044
48:27:EA:70:E0:4B,Galaxy J5E04B,50.43003082,14.18169689,48:27:EA,11,wpa2,2026-06-16T05:00:00.000Z,2026-06-17T03:00:00.000Z,,Severozápad,CZ,608,41182
48:27:EA:70:E0:9F,Galaxy J5E09F,52.19577408,20.89964676,48:27:EA,11,wpa2,2022-12-15T20:00:00.000Z,2026-07-22T10:00:00.000Z,Warszawa,województwo mazowieckie,PL,Dzieci Warszawy,02-495
48:27:EA:71:22:F9,Galaxy J522F9,52.43500137,-0.71637702,48:27:EA,11,wpa2,2025-06-27T06:00:00.000Z,2025-08-08T12:00:00.000Z,,England,GB,Grange Road,NN14 1AL
48:27:EA:71:58:F3,AndroidHotspot8200,47.39312744,8.16093826,48:27:EA,6,wpa2,2026-01-05T10:00:00.000Z,2026-01-05T05:00:00.000Z,,Aargau,CH,A1,5603
48:27:EA:71:75:33,AndroidAP,47.06419373,21.93721962,48:27:EA,11,wpa2,2025-11-28T11:00:00.000Z,2025-11-28T05:00:00.000Z,Oradea,Bihor,RO,Strada Republicii,410159
48:27:EA:71:75:3D,AndroidAP,14.50667191,121.00310516,48:27:EA,11,wpa2,2026-03-23T10:00:00.000Z,2026-03-23T04:00:00.000Z,Parañaque,Metro Manila,PH,,1705
48:27:EA:71:87:1B,,46.46072769,6.84780502,48:27:EA,11,unknown,2024-09-08T18:00:00.000Z,2024-09-08T21:00:00.000Z,,Vaud,CH,Rue du Clos,1800
48:27:EA:71:D2:89,AndroidAP,49.61373138,20.70304298,48:27:EA,1,wpa2,2024-11-12T09:00:00.000Z,2025-05-11T12:00:00.000Z,Nowy Sącz,województwo małopolskie,PL,Nawojowska,33-300
48:27:EA:72:3C:49,Galaxy J53C49,60.17377472,24.92583847,48:27:EA,11,wpa2,2020-11-24T15:00:00.000Z,2024-12-25T07:00:00.000Z,Helsinki,Manner-Suomi,FI,Temppelikatu,00260
48:27:EA:72:43:B3,Galaxy J543B3,59.91353226,10.75154209,48:27:EA,6,wpa2,2024-11-15T13:00:00.000Z,2025-04-07T01:00:00.000Z,Oslo,Sentrum,NO,Stenersgata,0184
48:27:EA:72:44:09,AndroidAP,36.85411453,30.80437088,48:27:EA,1,wpa2,2022-08-08T15:00:00.000Z,2025-04-04T04:00:00.000Z,Antalya,Akdeniz Bölgesi,TR,,07230
48:27:EA:72:4A:A9,Atsi,59.41690063,24.70740128,48:27:EA,11,wpa2,2024-01-29T15:00:00.000Z,2024-10-25T06:00:00.000Z,Tallinn,Harju maakond,EE,Räägu,10621
48:27:EA:72:5E:71,AndroidAP ALTA,49.70149994,8.20054531,48:27:EA,1,wpa2,2021-07-29T16:00:00.000Z,2026-02-14T16:00:00.000Z,Gundersheim,Rheinland-Pfalz,DE,A 61,67598
48:27:EA:73:13:17,Galaxy J51317,41.00325394,28.95819473,48:27:EA,11,wpa2,2025-03-10T09:00:00.000Z,2025-03-10T06:00:00.000Z,İstanbul,Marmara Bölgesi,TR,Kennedy Caddesi,34130
48:27:EA:73:14:8F,Galaxy J5,40.81556702,44.48686218,48:27:EA,6,wpa2,2025-05-28T07:00:00.000Z,2026-08-08T07:00:00.000Z,Վանաձոր,Լոռու մարզ,AM,Խորենացի փողոց,2001
48:27:EA:73:14:95,Galaxy J51495,55.61227036,37.69607544,48:27:EA,11,unknown,2024-12-01T18:00:00.000Z,2025-11-17T11:00:00.000Z,Москва,Москва,RU,Шипиловский проезд,115569
48:27:EA:73:18:F5,AndroidAP,55.16008377,61.39045715,48:27:EA,11,unknown,2024-05-28T08:00:00.000Z,2025-05-16T12:00:00.000Z,Челябинск,Челябинская область,RU,проспект Ленина,454092
48:27:EA:73:1A:F3,Galaxy J51AF3,56.32628632,43.95774078,48:27:EA,6,unknown,2024-09-20T13:00:00.000Z,2024-10-09T12:00:00.000Z,Нижний Новгород,Нижегородская область,RU,Совнаркомовская улица,603086
48:27:EA:74:00:19,AndroidAP,47.47026825,19.08936119,48:27:EA,6,wpa2,2025-04-18T10:00:00.000Z,2025-04-18T07:00:00.000Z,,Budapest,HU,Könyves Kálmán körút,1097
48:27:EA:74:3F:95,Galaxy,54.95266342,-1.59661579,48:27:EA,6,wpa2,2024-03-14T15:00:00.000Z,2024-09-05T10:00:00.000Z,Gateshead,England,GB,Cramer Street,NE8 4BB
48:27:EA:74:80:F5,AndroidAP80F5,48.8702774,2.35095215,48:27:EA,11,wpa2,2023-10-16T21:00:00.000Z,2024-10-19T08:00:00.000Z,Paris,Île-de-France,FR,Rue de Mazagran,75010
48:27:EA:74:8A:DD,Idriss,36.4690361,2.78805113,48:27:EA,1,wpa2,2024-12-19T08:00:00.000Z,2025-04-18T09:00:00.000Z,Blida ⵍⴻⴱⵍⵉⴸⴰ البليدة,Blida البليدة,DZ,Rue du 11 Décembre 1960,9000
48:27:EA:74:95:A9,Machona,-2.14076662,-79.88047791,48:27:EA,1,wpa2,2026-04-23T22:00:00.000Z,2026-04-23T15:00:00.000Z,Guayaquil,Guayas,EC,Ciclovía Benjamín Rosales,090504
48:27:EA:74:D1:5B,MOVISTAR WIFI6473,-33.43680573,-70.64681244,48:27:EA,11,wpa2,2024-10-10T22:00:00.000Z,2024-10-10T16:00:00.000Z,Santiago,Región Metropolitana de Santiago,CL,Monjitas,654700
48:27:EA:75:6F:45,AndroidAP6F45,47.26597214,11.40286541,48:27:EA,1,wpa2,2025-01-24T15:00:00.000Z,2025-01-24T22:00:00.000Z,Innsbruck,Tirol,AT,Amraser Straße,6020
48:27:EA:75:6F:85,AndroidAP,55.62877655,12.64544678,48:27:EA,1,wpa2,2025-06-22T15:00:00.000Z,2025-06-22T12:00:00.000Z,,Region Hovedstaden,DK,Terminalvej,2770
48:27:EA:75:84:4D,AndroidAP8704,52.51570511,13.36992931,48:27:EA,9,wpa2,2026-08-15T13:00:00.000Z,2026-08-15T10:00:00.000Z,Berlin,Mitte,DE,Straße des 17. Juni,10785
48:27:EA:75:E4:41,AndroidAPE441,50.07346344,19.94287109,48:27:EA,6,wpa2,2025-06-02T17:00:00.000Z,2025-06-03T16:00:00.000Z,Kraków,województwo małopolskie,PL,Warszawska,31-404
48:27:EA:75:EA:AD,AndroidAPEAAD,52.28593063,20.99188995,48:27:EA,6,wpa2,2025-06-26T13:00:00.000Z,2025-06-26T07:00:00.000Z,Warszawa,województwo mazowieckie,PL,Toruńska,03-216
48:27:EA:75:EC:4B,AndroidAP,38.02353668,-0.65663832,48:27:EA,11,wpa2,2025-03-09T13:00:00.000Z,2025-03-16T10:00:00.000Z,Torrevieja,Comunitat Valenciana,ES,Avenida de los Daneses,03188
48:27:EA:75:EC:61,AndroidAPEC61,45.76049423,4.86083794,48:27:EA,1,wpa2,2025-01-06T19:00:00.000Z,2025-01-06T12:00:00.000Z,Lyon,Auvergne-Rhône-Alpes,FR,Gare de Lyon Part-Dieu,69003
48:27:EA:76:07:53,NOT4YOU,50.06677246,9.01017094,48:27:EA,6,wpa2,2026-04-22T15:00:00.000Z,2026-04-22T10:00:00.000Z,,Bayern,DE,Friedhofstraße,63796
48:27:EA:76:1A:A3,AndroidAP,49.72723007,13.34738159,48:27:EA,11,wpa2,2025-01-16T18:00:00.000Z,2025-01-16T14:00:00.000Z,Plzeň,Jihozápad,CZ,Stavbařská,30100
48:27:EA:76:23:BB,AndroidAP,53.06318665,9.10644531,48:27:EA,1,wpa2,2021-07-18T14:00:00.000Z,2026-05-31T10:00:00.000Z,,Niedersachsen,DE,A 1,28876
48:27:EA:76:37:11,AndroidAP,49.30464935,14.13263226,48:27:EA,1,wpa2,2026-04-15T17:00:00.000Z,2026-04-15T15:00:00.000Z,Písek,Jihozápad,CZ,U Vodárny,39701
48:27:EA:76:B2:31,AndroidAPB231,54.73044586,20.53024673,48:27:EA,6,unknown,2025-08-09T14:00:00.000Z,2025-08-11T13:00:00.000Z,Калининград,Калининградская область,RU,улица Александра Невского,236000
48:27:EA:76:CC:2D,Gega,42.12856674,42.33518982,48:27:EA,1,wpa2,2026-08-25T13:00:00.000Z,2026-08-25T06:00:00.000Z,,იმერეთი,GE,სამტრედია-ლანჩხუთი-გრიგოლეთი,3900
48:27:EA:76:E6:7B,Galaxy J5E67B,59.31155777,14.0980072,48:27:EA,1,wpa2,2025-12-31T13:00:00.000Z,2026-01-02T10:00:00.000Z,,Värmlands län,SE,Västra Ringvägen,681 42
48:27:EA:76:E8:5B,DjPreal parasta korvaan,61.49747467,23.75976181,48:27:EA,6,wpa2,2024-12-09T12:00:00.000Z,2024-12-09T04:00:00.000Z,Tampere,Manner-Suomi,FI,Hämeenkatu,33200
48:27:EA:76:F4:71,AndroidAP,53.17464066,18.05506134,48:27:EA,11,wpa2,2025-05-29T07:00:00.000Z,2025-05-30T08:00:00.000Z,,województwo kujawsko-pomorskie,PL,Aleja Armii Krajowej,85-689
48:27:EA:77:C2:79,AndroidAP,38.18106842,20.48955917,48:27:EA,1,wpa2,2026-08-28T08:00:00.000Z,2026-08-29T06:00:00.000Z,,"Αποκεντρωμένη Διοίκηση Πελοποννήσου, Δυτικής Ελλάδας και Ιονίου",GR,Ιωάννη Μεταξά,28100
48:27:EA:77:C5:B5,Galaxy J5C5B5,50.05541992,21.40975761,48:27:EA,1,wpa2,2025-02-25T15:00:00.000Z,2025-03-10T08:00:00.000Z,,województwo podkarpackie,PL,Tadeusza Kościuszki,39-200
48:27:EA:77:D5:0F,Galaxy J5D50F,60.15056229,24.64863586,48:27:EA,11,wpa2,2024-11-30T09:00:00.000Z,2024-11-30T10:00:00.000Z,Espoo,Manner-Suomi,FI,Kipparinkatu,02320
48:27:EA:78:2F:89,AndroidAP,41.70697784,44.78620529,48:27:EA,9,wpa2,2024-10-09T14:00:00.000Z,2024-10-09T09:00:00.000Z,თბილისი,ფიქრის გორა,GE,მერაბ კოსტავას ქუჩა,017979
48:27:EA:78:40:25,Galaxy J54025,50.03327942,22.01162529,48:27:EA,6,wpa2,2024-07-19T10:00:00.000Z,2024-09-16T08:00:00.000Z,Rzeszów,województwo podkarpackie,PL,Podwisłocze,35-315
48:27:EA:78:81:BD,Rete cell Ui,45.01819229,7.63046741,48:27:EA,1,wpa2,2001-01-01T01:00:00.000Z,2026-08-16T13:00:00.000Z,Torino,Piemonte,IT,Corso Unione Sovietica,10135
48:27:EA:78:86:1B,AndroidAP,41.89551163,12.49742985,48:27:EA,1,wpa2,2025-06-23T23:00:00.000Z,2025-11-03T08:00:00.000Z,Roma,Lazio,IT,Via dei Quattro Cantoni,00184
48:27:EA:78:8A:11,AndroidAP,40.34873581,18.16197395,48:27:EA,1,wpa2,2025-01-25T18:00:00.000Z,2025-01-25T10:00:00.000Z,Lecce,Puglia,IT,Via Rudiae,73100
48:27:EA:78:EA:D7,AndroidAP,37.26259995,49.60680389,48:27:EA,11,wpa2,2024-10-01T16:00:00.000Z,2024-10-01T11:00:00.000Z,رشت,استان گیلان,IR,بزرگراه مدرس,4193974187
48:27:EA:79:DA:29,AndroidAPDA29,-34.62853241,-58.48308182,48:27:EA,11,wpa2,2025-12-15T18:00:00.000Z,2026-04-02T08:00:00.000Z,Buenos Aires,Ciudad Autónoma de Buenos Aires,AR,Bahía Blanca,C1407FAQ
48:27:EA:79:EC:B1,AndroidAP,-36.31411362,-57.53297424,48:27:EA,11,wpa2,2025-10-19T23:00:00.000Z,2025-10-23T06:00:00.000Z,,Buenos Aires,AR,Ruta Provincial 63 Bernardo Calderwood,
48:27:EA:79:F4:73,Charito,-12.07362843,-77.0176239,48:27:EA,1,wpa2,2024-12-03T20:00:00.000Z,2024-12-03T15:00:00.000Z,La Victoria,Lima,PE,Avenida Mexico,15106
48:27:EA:79:F9:41,AndroidAPF941,-25.34744072,-57.51272964,48:27:EA,11,wpa2,2024-09-15T17:00:00.000Z,2024-09-15T10:00:00.000Z,San Lorenzo,Región Oriental,PY,Avenida Mariscal Estigarribia,2160
48:27:EA:7A:FE:07,du08,49.64504242,8.63542366,48:27:EA,1,wpa2,2025-12-13T23:00:00.000Z,2025-12-14T06:00:00.000Z,,Hessen,DE,Kettelerstraße,64646
48:27:EA:7B:14:67,AndroidAP2748,43.74363708,5.07705784,48:27:EA,1,wpa2,2025-01-20T14:00:00.000Z,2025-01-20T06:00:00.000Z,Sénas,Provence-Alpes-Côte d'Azur,FR,Avenue Gabriel Péri,13560
48:27:EA:7B:20:43,AndroidAP2543,48.6400795,2.33092833,48:27:EA,6,wpa2,2025-03-14T12:00:00.000Z,2025-03-14T06:00:00.000Z,Sainte-Geneviève-des-Bois,Île-de-France,FR,Avenue de l'Éperon,91700
48:27:EA:7B:22:31,AndroidAP8400,48.87413788,2.32555819,48:27:EA,6,wpa2,2025-12-11T14:00:00.000Z,2025-12-11T09:00:00.000Z,Paris,Île-de-France,FR,Boulevard Haussmann,75008
48:27:EA:7B:26:93,AndroidAPy.,30.17616081,-9.49095535,48:27:EA,1,wpa2,2024-09-12T19:00:00.000Z,2024-09-14T10:00:00.000Z,Aït Amira ⴰⵢⵜ ⵄⵎⵉⵔⴰ آيت اعميرة,Souss-Massa ⵙⵓⵙⵙ-ⵎⴰⵙⵙⴰ سوس-ماسة,MA,RP1014,87052
48:27:EA:7B:43:59,AndroidAP,48.14641571,0.67970514,48:27:EA,6,wpa2,2025-08-16T10:00:00.000Z,2025-08-16T09:00:00.000Z,Villaines-la-Gonais,Pays de la Loire,FR,L’Océane,72400
48:27:EA:7B:5E:E1,AndroidAP,53.03824997,8.97438812,48:27:EA,11,wpa2,2024-07-12T04:00:00.000Z,2025-08-31T12:00:00.000Z,,Niedersachsen,DE,In den Ellern,28832
48:27:EA:7B:68:39,AndroidAP,51.88933563,0.26227799,48:27:EA,1,wpa2,2026-04-22T05:00:00.000Z,2026-04-21T22:00:00.000Z,Uttlesford,England,GB,Terminal Road North,CM24 1RW
48:27:EA:7B:6F:55,Pradeep,6.92261839,79.91213226,48:27:EA,1,wpa2,2026-08-31T13:00:00.000Z,2026-08-31T06:00:00.000Z,කොළඹ,බස්නාහිර පළාත,LK,Buthgamuwa Road,10620
48:27:EA:7B:72:DD,AndroidAP,51.38595581,-0.05569696,48:27:EA,1,wpa2,2025-09-11T16:00:00.000Z,2025-11-29T01:00:00.000Z,London,England,GB,,CR9 8AB
48:27:EA:7B:74:A1,AndroidAP,51.57944489,-0.08140506,48:27:EA,6,wpa2,2025-02-03T19:00:00.000Z,2025-05-20T02:00:00.000Z,London,England,GB,Seven Sisters Road,N15 6SP
48:27:EA:7B:79:5F,AndroidAP,51.46311569,-0.11439281,48:27:EA,11,wpa2,2024-08-02T13:00:00.000Z,2024-09-18T09:00:00.000Z,London,England,GB,Atlantic Road,SW9 8HY
48:27:EA:7B:79:A1,AndroidAP,51.47360992,-0.09327847,48:27:EA,11,wpa2,2025-09-23T13:00:00.000Z,2025-09-23T07:00:00.000Z,London,England,GB,Denmark Hill,SE5 8RZ
48:27:EA:7B:95:15,AndroidAP9515,48.06184006,-1.6995548,48:27:EA,1,wpa2,2025-04-16T15:00:00.000Z,2025-04-16T09:00:00.000Z,,Bretagne,FR,D 837,35230
48:27:EA:7C:76:7A,Galaxy J7,52.50884247,13.38454914,48:27:EA,11,wpa2,2025-04-26T12:00:00.000Z,2025-04-26T08:00:00.000Z,Berlin,Mitte,DE,Wilhelmstraße,10117
48:27:EA:7C:7D:EE,AndroidAP7DEE,48.39014816,-4.48605394,48:27:EA,11,wpa2,2001-01-01T00:00:00.000Z,2025-08-17T04:00:00.000Z,Brest,Bretagne,FR,Avenue Georges Clemenceau,29200
48:27:EA:7C:82:48,Galaxy J58248,48.17384338,16.3786087,48:27:EA,6,wpa2,2025-06-21T13:00:00.000Z,2025-06-21T07:00:00.000Z,Wien,Favoriten,AT,Reumannplatz,1100
48:27:EA:7C:E2:AC,Brahim lwaa3er,41.04174423,29.00562096,48:27:EA,1,wpa2,2025-09-20T14:00:00.000Z,2025-09-20T10:00:00.000Z,,Marmara Bölgesi,TR,Beşiktaş Caddesi,34022
48:27:EA:7D:00:06,AndroidAP,-26.15153122,28.12510681,48:27:EA,1,wpa2,2024-11-25T06:00:00.000Z,2024-11-30T10:00:00.000Z,Johannesburg,Gauteng,ZA,Linksfield Road,2001
48:27:EA:7D:35:C8,,62.5933876,29.78460121,48:27:EA,6,wpa2,2025-05-15T11:00:00.000Z,2025-05-15T05:00:00.000Z,Joensuu,Manner-Suomi,FI,Niinivaarantie,80200
48:27:EA:7D:3C:50,SJ52017,-33.90800858,18.40390778,48:27:EA,11,wpa2,2025-11-19T18:00:00.000Z,2025-11-19T10:00:00.000Z,Cape Town,Western Cape,ZA,Saint Georges Road,8005
48:27:EA:7D:44:94,AndroidAP,45.60788345,9.53728867,48:27:EA,11,wpa2,2022-12-03T13:00:00.000Z,2025-05-03T11:00:00.000Z,,Lombardia,IT,Autostrada Serenissima,24041
48:27:EA:7D:5A:2A,AndroidAP,49.8015976,6.69815016,48:27:EA,1,wpa2,2024-01-13T09:00:00.000Z,2025-04-05T02:00:00.000Z,Trier,Rheinland-Pfalz,DE,A 64a,54293
48:27:EA:7D:5A:5A,UA ,59.35546112,18.00011444,48:27:EA,6,wpa2,2002-07-21T16:00:00.000Z,2024-11-15T11:00:00.000Z,,Stockholms län,SE,Sundbybergsvägen,171 44
48:27:EA:7D:60:AA,AndroidAP pbzz2527 m,50.11067581,14.50050068,48:27:EA,11,wpa2,2024-05-13T10:00:00.000Z,2025-07-23T02:00:00.000Z,Hlavní město Praha,Praha,CZ,Sokolovská,19000
48:27:EA:7D:C3:94,AndroidAP,55.73872757,37.6766243,48:27:EA,11,unknown,2022-04-23T12:00:00.000Z,2025-03-05T01:00:00.000Z,Москва,Москва,RU,Нижегородская улица,109029
48:27:EA:7E:04:18,AndroidAP,49.15533829,8.56455517,48:27:EA,11,wpa2,2026-05-12T20:00:00.000Z,2026-05-14T06:00:00.000Z,,Baden-Württemberg,DE,A 5,76694
48:27:EA:7E:04:F6,AndroidAP,54.37862778,18.60482597,48:27:EA,11,wpa2,2025-08-07T16:00:00.000Z,2025-08-07T10:00:00.000Z,Gdańsk,województwo pomorskie,PL,Aleja Grunwaldzka,80-244
48:27:EA:7E:67:62,AndroidAP,37.97361755,23.8543129,48:27:EA,6,wpa2,2025-05-04T08:00:00.000Z,2025-05-04T04:00:00.000Z,Δημοτική Ενότητα Παιανίας,Αποκεντρωμένη Διοίκηση Αττικής,GR,Λαυρίου,190 02
48:27:EA:7E:6E:0E,AndroidAP6E0E,50.98706055,6.67775822,48:27:EA,4,wpa2,2025-08-28T14:00:00.000Z,2025-10-10T13:00:00.000Z,,Nordrhein-Westfalen,DE,Paulusstraße,50129
48:27:EA:7E:C4:EE,AndroidAPC4EE,51.91702271,5.84701681,48:27:EA,1,wpa2,2025-10-05T16:00:00.000Z,2026-04-10T04:00:00.000Z,,Gelderland,NL,Rijksweg-Zuid,6662KE
48:27:EA:7F:25:6C,Samsung,37.99378204,-1.13595176,48:27:EA,1,wpa2,2024-12-02T21:00:00.000Z,2024-12-30T14:00:00.000Z,Murcia,Región de Murcia,ES,Avenida de los Pinos,30008
48:27:EA:7F:2D:DA,mobina,37.27679443,49.59412384,48:27:EA,1,wpa2,2024-10-22T16:00:00.000Z,2024-10-22T10:00:00.000Z,شهر رشت,استان گیلان,IR,بادی الله,4183614361
48:27:EA:7F:31:86,SM07,31.44713974,-4.22749043,48:27:EA,1,wpa2,2024-11-22T16:00:00.000Z,2024-11-22T10:00:00.000Z,Erfoud أرفود,Drâa-Tafilalet ⴷⴰⵔⵄⴰ-ⵜⴰⴼⵉⵍⴰⵍⵜ درعة تافيلالت,MA,RN17,52200
48:27:EA:7F:36:DE,Porya,36.27473831,50.00377274,48:27:EA,1,wpa2,2026-08-23T11:00:00.000Z,2026-08-24T08:00:00.000Z,شهر قزوین,استان قزوین,IR,فردوسی,3413667475
48:27:EA:7F:44:5C,AndroidAP,43.4592247,39.90932465,48:27:EA,6,unknown,2025-06-29T08:00:00.000Z,2025-08-17T02:00:00.000Z,Сочи,Краснодарский край,RU,Изумрудная улица,354382
48:27:EA:7F:4A:68,AndroidAP,55.7410202,37.55644989,48:27:EA,6,unknown,2025-08-27T12:00:00.000Z,2025-08-27T09:00:00.000Z,Москва,Москва,RU,Киевская улица,????? ????????? ???
48:27:EA:7F:D3:B8,AndroidAPD3B8,-25.77853966,-56.44228745,48:27:EA,11,wpa2,2024-10-17T13:00:00.000Z,2024-10-17T09:00:00.000Z,,Guairá,PY,Cristóbal Colón,040103
48:27:EA:80:15:40,AndroidAP1540,50.45242691,19.19131279,48:27:EA,6,wpa2,2025-09-28T12:00:00.000Z,2026-07-31T04:00:00.000Z,,województwo śląskie,PL,Biwakowa,42-460
48:27:EA:80:38:B8,AndroidAP,49.47373581,15.56575203,48:27:EA,6,wpa2,2020-07-15T14:00:00.000Z,2025-06-11T06:00:00.000Z,,Jihovýchod,CZ,D1,58801
48:27:EA:80:4A:FC,AndroidAP,51.4691925,11.98509693,48:27:EA,11,wpa2,2025-07-15T15:00:00.000Z,2025-07-15T12:00:00.000Z,Halle,Sachsen-Anhalt,DE,Thüringer Straße,06112
48:27:EA:80:54:7A,AndroidAP,51.37721252,-0.09463355,48:27:EA,11,wpa2,2025-09-19T12:00:00.000Z,2025-12-23T00:00:00.000Z,London,England,GB,Lansdowne Road,CR0 2BX
48:27:EA:80:54:B2,AndroidAP,51.53886414,-0.00768725,48:27:EA,11,wpa2,2025-10-29T16:00:00.000Z,2025-12-23T00:00:00.000Z,London Borough of Newham,England,GB,Carpenters Road,E15 2HX
48:27:EA:80:A0:B8,AndroidAPA0B8,47.70416641,20.05459404,48:27:EA,6,wpa2,2006-01-03T12:00:00.000Z,2025-08-19T13:00:00.000Z,,Észak-Magyarország,HU,M3,3281
48:27:EA:81:4D:11,Osagyefo,5.58152723,-0.19496647,48:27:EA,6,wpa2,2025-11-10T13:00:00.000Z,2025-11-19T05:00:00.000Z,Accra,Greater Accra Region,GH,Hilla Limann Highway,NE2 8AH
48:27:EA:81:62:FF,AndroidAP,65.84111786,24.14349937,48:27:EA,6,wpa2,2025-02-18T12:00:00.000Z,2025-02-22T10:00:00.000Z,,Norrbottens län,SE,E 4,95331
48:27:EA:81:69:E7,J5OTTO,47.27666092,11.44000053,48:27:EA,11,wpa2,2024-02-10T12:00:00.000Z,2025-08-30T05:00:00.000Z,Innsbruck,Tirol,AT,Haller Straße,6020
48:27:EA:81:76:F7,Galaxy J576F7,47.07282257,21.92367172,48:27:EA,11,wpa2,2022-01-20T14:00:00.000Z,2025-01-04T11:00:00.000Z,Oradea,Bihor,RO,Strada Corneliu Coposu,410445
48:27:EA:81:A7:E3,AndroidAP22,37.15285492,42.68120193,48:27:EA,6,wpa2,2001-01-01T03:00:00.000Z,2024-12-21T08:00:00.000Z,زاخۆ,هەرێمی کوردستان,IQ,,42002
48:27:EA:81:B5:03,AndroidAPB503,59.96614456,30.29929543,48:27:EA,1,unknown,2025-02-17T10:00:00.000Z,2025-02-17T02:00:00.000Z,Санкт-Петербург,Санкт-Петербург,RU,Чкаловский проспект,197136
48:27:EA:82:B5:88,ABDULLAH,47.06694031,15.44155407,48:27:EA,11,wpa2,2026-06-30T19:00:00.000Z,2026-06-30T14:00:00.000Z,Graz,Steiermark,AT,H,8010
48:27:EA:83:AE:C6,AndroidAPAEC6,49.7021637,8.19265079,48:27:EA,6,wpa2,2019-09-10T12:00:00.000Z,2026-08-22T09:00:00.000Z,Gundersheim,Rheinland-Pfalz,DE,A 61,67598
48:27:EA:84:23:0A,AndroidAP230A,53.12373734,18.006464,48:27:EA,6,wpa2,2025-04-15T12:00:00.000Z,2025-05-21T10:00:00.000Z,,województwo kujawsko-pomorskie,PL,Jagiellońska,85-131
48:27:EA:84:2B:A4,EDIK,44.08798981,39.12882233,48:27:EA,6,unknown,2022-10-07T23:00:00.000Z,2025-05-27T02:00:00.000Z,,Краснодарский край,RU,А-147,352814
48:27:EA:84:67:EA,AndroidAP,50.08178329,21.38672638,48:27:EA,6,wpa2,2024-06-29T14:00:00.000Z,2026-08-17T05:00:00.000Z,,województwo podkarpackie,PL,,39-204
48:27:EA:84:E8:8C,Galaxy J5E88C,41.15071869,-8.61176682,48:27:EA,11,wpa2,2024-01-05T13:00:00.000Z,2025-07-29T06:00:00.000Z,Porto,Porto,PT,Rua do Almada,4000-407
48:27:EA:85:28:48,Android MV,42.29304123,18.84129906,48:27:EA,11,wpa2,2024-05-19T14:00:00.000Z,2025-08-22T09:00:00.000Z,Budva,Opština Budva,ME,Ivana Milutinovića,83510
48:27:EA:85:36:00,AndroidAP,52.36920166,9.74902534,48:27:EA,11,wpa2,2023-08-20T14:00:00.000Z,2026-02-21T18:00:00.000Z,Hannover,Niedersachsen,DE,Marienstraße,30171
48:27:EA:85:94:FC,Fear,14.6969614,-17.45141029,48:27:EA,11,wpa2,2024-09-28T11:00:00.000Z,2024-09-28T11:00:00.000Z,Dakar,Région de Dakar,SN,Boulevard Dial Diop,13500
48:27:EA:85:AF:70,Galaxy J5AF70,52.84249496,8.1709137,48:27:EA,11,wpa2,2025-05-14T09:00:00.000Z,2026-01-13T09:00:00.000Z,,Niedersachsen,DE,Planstraße,49685
48:27:EA:85:B6:BE,Galaxy J5B6BE,62.89227295,27.67599297,48:27:EA,6,wpa2,2026-08-13T13:00:00.000Z,2026-08-17T06:00:00.000Z,Kuopio,Manner-Suomi,FI,Haapaniemenkatu,70100
48:27:EA:86:52:44,AndroidAP,38.7481575,-9.21046162,48:27:EA,11,unknown,2025-11-01T14:00:00.000Z,2025-11-01T16:00:00.000Z,Águas Livres,Lisboa,PT,Praceta da Liberdade,
48:27:EA:86:C3:70,AndroidAP9,48.91883469,2.43615222,48:27:EA,6,wpa2,2026-06-07T12:00:00.000Z,2026-07-05T08:00:00.000Z,,Île-de-France,FR,Boulevard Saint-Simon,93700
48:27:EA:87:4C:B0,Galaxy J54CB0,58.45605469,92.20521545,48:27:EA,6,unknown,2025-05-07T02:00:00.000Z,2025-05-06T21:00:00.000Z,,Красноярский край,RU,,663185
48:27:EA:87:6C:88,AndroidAP,52.67908478,-7.81412601,48:27:EA,1,wpa2,2025-10-15T18:00:00.000Z,2025-10-15T13:00:00.000Z,,The Municipal District of Thurles,IE,Liberty Square,E41 RH29
48:27:EA:87:93:4A,Galaxy J5934A,51.5518837,-0.11154333,48:27:EA,11,wpa2,2026-02-08T16:00:00.000Z,2026-02-08T11:00:00.000Z,London,England,GB,Eden Grove,N1
48:27:EA:88:1C:D2,SamsungPhone,60.18157578,24.92609215,48:27:EA,6,wpa2,2024-01-23T17:00:00.000Z,2024-10-15T23:00:00.000Z,Helsinki,Manner-Suomi,FI,Runeberginkatu,00260
48:27:EA:88:1E:FC,Veruskan puhelin 2,60.16719818,24.94254494,48:27:EA,6,wpa2,2024-11-16T12:00:00.000Z,2024-11-16T05:00:00.000Z,Helsinki,Manner-Suomi,FI,Mannerheimintie,00101
48:27:EA:88:3F:4A,Galaxy J53F4A,40.37840271,19.48121452,48:27:EA,11,wpa2,2025-08-09T15:00:00.000Z,2025-08-10T07:00:00.000Z,Bashkia Vlorë,Shqipëria Jugore,AL,Rruga Sali Vranishti,9426
48:27:EA:89:24:4C,Cezmi27,52.5062027,13.37201881,48:27:EA,11,wpa2,2024-05-16T07:00:00.000Z,2026-07-09T07:00:00.000Z,Berlin,Mitte,DE,B 96,10785
48:27:EA:8A:35:68,Maison A2R,48.01681137,-1.71123505,48:27:EA,6,wpa2,2026-02-21T11:00:00.000Z,2026-02-21T19:00:00.000Z,,Bretagne,FR,Avenue Pierre de Coubertin,35131
48:27:EA:8A:B9:40,AndroidAP,48.88049316,2.35705233,48:27:EA,6,wpa2,2023-12-01T17:00:00.000Z,2026-07-20T12:00:00.000Z,Paris,Île-de-France,FR,Rue du Faubourg Saint-Denis,75010
48:27:EA:8B:0A:AA,avod4582,50.89194107,6.99645376,48:27:EA,11,wpa2,2025-11-08T10:00:00.000Z,2025-11-23T03:00:00.000Z,Köln,Nordrhein-Westfalen,DE,Rodenkirchen Rathaus,50996
48:27:EA:8B:0F:94,AndroidAP0F94,52.42119217,9.62173271,48:27:EA,6,wpa2,2026-05-30T09:00:00.000Z,2026-05-31T13:00:00.000Z,,Niedersachsen,DE,A 2,30823
48:27:EA:8B:3F:7E,AndroidAP,45.62913513,13.79042816,48:27:EA,1,wpa2,2025-07-23T15:00:00.000Z,2025-07-27T15:00:00.000Z,Trieste,Friuli-Venezia Giulia,IT,Via dei Soncini,34145
48:27:EA:8C:B4:04,Botaniczny2025,51.76167297,19.40815353,48:27:EA,1,wpa2,2025-05-25T10:00:00.000Z,2026-05-18T11:00:00.000Z,Łódź,województwo łódzkie,PL,Krzemieniecka - Konstantynowska,94-302
48:27:EA:8C:B5:8C,AndroidAP,51.97324371,20.14494896,48:27:EA,1,wpa2,2025-03-24T19:00:00.000Z,2025-03-24T13:00:00.000Z,Skierniewice,województwo łódzkie,PL,Księdza Kardynała Prymasa Stefana Wyszyńskiego,96-100
48:27:EA:8D:13:C6,Lavdi,45.82360458,16.03397942,48:27:EA,6,wpa2,2024-10-28T13:00:00.000Z,2024-10-28T10:00:00.000Z,Zagreb,Ravnice,HR,Svetošimunska cesta,10000
48:27:EA:8D:3E:EC,AndroidAP,60.24463654,24.989851,48:27:EA,11,wpa2,2021-04-26T16:00:00.000Z,2024-10-29T07:00:00.000Z,Helsinki,Manner-Suomi,FI,Madetojanpolku,00720
48:27:EA:8D:4C:C8,AndroidAP,48.16396713,17.08750534,48:27:EA,1,wpa2,2025-12-22T17:00:00.000Z,2026-07-09T05:00:00.000Z,Bratislava,Bratislavský kraj,SK,Brnianska,811 04
48:27:EA:8D:51:9C,AndroidAP,58.06843948,11.85471439,48:27:EA,11,wpa2,2024-12-22T11:00:00.000Z,2025-01-02T12:00:00.000Z,,Västra Götalands län,SE,Yttre ringleden,444 42
48:27:EA:8E:B1:F4,AndroidAPB1F4,52.06212997,4.3157649,48:27:EA,9,wpa2,2024-10-19T12:00:00.000Z,2024-10-24T02:00:00.000Z,Den Haag,Zuid-Holland,NL,Verheeskade,2521DE
48:27:EA:8F:AB:30,AndroidAPAB30,58.01109695,56.23855209,48:27:EA,6,unknown,2025-06-12T10:00:00.000Z,2025-06-12T04:00:00.000Z,Пермь,Пермский край,RU,Комсомольский проспект,614600
48:27:EA:8F:CE:EE,AndroidAPCEEE,-33.43938446,-70.64855957,48:27:EA,6,wpa2,2025-06-03T21:00:00.000Z,2025-06-03T15:00:00.000Z,Santiago,Región Metropolitana de Santiago,CL,Paseo Huérfanos,8320202
48:27:EA:90:68:E2,Samsung Nata,48.19807434,16.35589981,48:27:EA,3,wpa2,2026-07-31T06:00:00.000Z,2026-07-31T15:00:00.000Z,Wien,Untere Windmühle,AT,Gumpendorfer Straße,1060
48:27:EA:90:8C:78,InternetJAV,54.47294235,17.02962303,48:27:EA,8,wpa2,2026-08-21T12:00:00.000Z,2026-08-21T07:00:00.000Z,Słupsk,województwo pomorskie,PL,Tramwajowa,76-200
48:27:EA:90:95:AE,KV216,51.53080368,3.43936586,48:27:EA,6,wpa2,2026-08-23T15:00:00.000Z,2026-08-23T09:00:00.000Z,,Zeeland,NL,'t Hout,4361CB
48:27:EA:90:AB:DA,AndroidAP,54.09107971,52.45749664,48:27:EA,6,unknown,2024-09-27T10:00:00.000Z,2024-09-27T09:00:00.000Z,,Оренбургская область,RU,«Урал»,446974
48:27:EA:90:B1:EC,Galaxy J5B1EC,60.1222496,24.90575409,48:27:EA,6,wpa2,2024-10-05T05:00:00.000Z,2024-10-05T11:00:00.000Z,Helsinki,Manner-Suomi,FI,,
48:27:EA:91:52:31,OliverPhilipp,49.28043747,9.15704632,48:27:EA,1,wpa2,2024-12-07T18:00:00.000Z,2026-03-08T09:00:00.000Z,,Baden-Württemberg,DE,Mosbacher Straße,74831
48:27:EA:91:69:03,AndroidAP01,50.40013123,7.41003132,48:27:EA,11,wpa2,2025-07-28T10:00:00.000Z,2025-07-28T03:00:00.000Z,,Rheinland-Pfalz,DE,Grabenstraße,56626
48:27:EA:91:D4:39,Galaxy J5D439,53.46554565,9.988657,48:27:EA,11,wpa2,2025-09-03T10:00:00.000Z,2025-10-27T16:00:00.000Z,Hamburg,Harburg,DE,Theodor-Yorck-Straße,21079
48:27:EA:92:24:CB,Galaxy J5 Pro24CB,41.69471359,44.81615829,48:27:EA,6,wpa2,2024-12-20T11:00:00.000Z,2024-12-23T05:00:00.000Z,თბილისი,ისნის რაიონი,GE,კონსტანტინე ერისთავის ქუჩა,0100
48:27:EA:92:83:A1,AndroidAP,40.93785477,29.36538315,48:27:EA,11,wpa2,2024-06-10T09:00:00.000Z,2025-03-24T04:00:00.000Z,,Marmara Bölgesi,TR,İstanbul Park Bulvarı,34959
48:27:EA:93:D5:E9,Galaxy J593_D5_E9,6.91982269,79.92658997,48:27:EA,1,wpa2,2024-09-09T08:00:00.000Z,2024-09-09T20:00:00.000Z,,බස්නාහිර පළාත,LK,Walpola Road,10620
48:27:EA:94:AB:3D,AndroidAPAB3D,33.52445602,36.21974945,48:27:EA,1,wpa2,2025-09-20T16:00:00.000Z,2025-09-24T01:00:00.000Z,,محافظة دمشق,SY,عبد الغني العربي,011
48:27:EA:94:C6:09,joswen03,6.65379524,124.70317078,48:27:EA,1,wpa2,2025-09-06T03:00:00.000Z,2025-09-06T00:00:00.000Z,Tacurong,Sultan Kudarat,PH,Koronadal City-Tacurong City National Highway,9800
48:27:EA:94:E2:A5,AndroidAPE2A5,34.11351776,49.69686127,48:27:EA,6,wpa2,2025-04-10T16:00:00.000Z,2025-04-10T09:00:00.000Z,شهر اراک,استان مرکزی,IR,بلوار دکتر اسماعیل آشتیانی,38176369
48:27:EA:94:FB:7F,AndroidAPFB7F,34.64032745,50.86647797,48:27:EA,6,wpa2,2026-01-07T16:00:00.000Z,2026-01-08T05:00:00.000Z,شهر قم,استان قم,IR,صاحب الزمان,3713744003
48:27:EA:95:02:15,AndroidAP0215,35.75359726,51.45189667,48:27:EA,6,wpa2,2026-08-28T18:00:00.000Z,2026-08-28T16:00:00.000Z,شهر تهران,شهرستان تهران,IR,بزرگراه شهید همت,1661918681
48:27:EA:95:35:EB,AndroidAP35EB,34.07077789,49.67614365,48:27:EA,2,wpa2,2025-01-18T12:00:00.000Z,2025-02-03T03:00:00.000Z,شهر اراک,استان مرکزی,IR,فردوسی,381914787
48:27:EA:95:97:0B,AndroidAP,53.11874771,23.16317368,48:27:EA,11,wpa2,2025-05-29T05:00:00.000Z,2025-05-28T23:00:00.000Z,,województwo podlaskie,PL,Zwierzyniecka,15-237
48:27:EA:95:9D:7F,AndroidAP,48.28540039,11.25991344,48:27:EA,6,wpa2,2024-02-20T17:00:00.000Z,2026-02-22T23:00:00.000Z,,Bayern,DE,A 8,85254
48:27:EA:95:B1:BF,TIGER S,40.6256218,29.2713871,48:27:EA,6,wpa2,2025-11-29T13:00:00.000Z,2025-11-29T06:00:00.000Z,Yalova Merkez,Yalova,TR,Gemlik - Bursa Yolu,77200
48:27:EA:96:C0:7B,Walid walid,45.6333847,-73.60643768,48:27:EA,1,wpa2,2026-02-09T21:00:00.000Z,2026-02-10T13:00:00.000Z,Montréal,Québec,CA,Boulevard Perras,H1G 6L7
48:27:EA:96:DD:1B,AndroidAPDD1B,50.95632172,11.08293247,48:27:EA,7,wpa2,2024-09-29T09:00:00.000Z,2024-09-29T04:00:00.000Z,Erfurt,Thüringen,DE,Konrad-Adenauer-Straße,99099
48:27:EA:96:F5:47,AndroidAPF547,53.75987625,-2.70321083,48:27:EA,1,wpa2,2026-04-28T18:00:00.000Z,2026-04-28T12:00:00.000Z,Preston,England,GB,Ring Way,PR1 2UT
48:27:EA:97:7E:83,Galaxy J57E83,51.15662384,-0.16146629,48:27:EA,11,wpa2,2025-11-30T09:00:00.000Z,2025-12-01T00:00:00.000Z,,England,GB,Station Approach Road,RH6 0RD
48:27:EA:98:BF:29,AndroidAPBF20M,34.06995392,49.67742157,48:27:EA,11,wpa2,2024-10-09T15:00:00.000Z,2024-10-09T09:00:00.000Z,شهر اراک,استان مرکزی,IR,لاله سوم,381914787
48:27:EA:98:FE:B5,Galaxy,51.49531937,7.13876534,48:27:EA,11,wpa2,2024-11-11T16:00:00.000Z,2024-11-11T08:00:00.000Z,Bochum,Nordrhein-Westfalen,DE,Aschenbruch,44866
48:27:EA:99:04:09,JuNiHot,51.01227951,10.10778522,48:27:EA,11,wpa2,2024-08-31T12:00:00.000Z,2025-01-12T10:00:00.000Z,,Hessen,DE,A 4,37293
48:27:EA:99:0C:D5,AndroidTT,51.07833481,17.08299065,48:27:EA,11,wpa2,2021-10-20T20:00:00.000Z,2025-06-23T01:00:00.000Z,,województwo dolnośląskie,PL,Opolska,52-010
48:27:EA:99:12:1D,AndroidAP121D,44.4164505,26.1489048,48:27:EA,1,wpa2,2024-10-13T14:00:00.000Z,2024-10-13T07:00:00.000Z,Municipiul București,Titan - Balta Albă,RO,Bulevardul Camil Ressu,031754
48:27:EA:99:2B:D7,AndroidAP2BD7,43.57152939,21.33256912,48:27:EA,11,wpa2,2026-06-18T16:00:00.000Z,2026-06-18T10:00:00.000Z,Град Крушевац,Централна Србија,RS,Чеховљева,37000
48:27:EA:99:74:DB,UFEMIA ,14.53473854,-91.49452972,48:27:EA,6,wpa2,2025-03-02T21:00:00.000Z,2025-03-02T21:00:00.000Z,Mazatenango,Suchitepéquez,GT,CA-2,10001
48:27:EA:99:EF:AD,Lycamobail.pl,47.43585587,19.3296299,48:27:EA,6,wpa2,2024-07-09T05:00:00.000Z,2025-06-24T10:00:00.000Z,,Közép-Magyarország,HU,M0,2233
48:27:EA:9A:6D:B9,AndroidAP6DB9,21.25388336,-89.6598587,48:27:EA,11,wpa2,2025-01-02T00:00:00.000Z,2025-01-01T16:00:00.000Z,,Yucatán,MX,MEX 261,97320
48:27:EA:9A:94:15,AndroidAP9415,50.80317307,12.85769844,48:27:EA,1,wpa2,2026-01-31T07:00:00.000Z,2026-01-31T06:00:00.000Z,Chemnitz,Sachsen,DE,A 72,09116
48:27:EA:9A:95:FD,AndroidAP95FD,54.07650375,12.11921215,48:27:EA,1,wpa2,2025-01-06T15:00:00.000Z,2025-03-30T13:00:00.000Z,Rostock,Mecklenburg-Vorpommern,DE,Erich-Schlesinger-Straße,18059
48:27:EA:9A:AD:85,AndroidAPAD85,44.82949448,-0.56640333,48:27:EA,9,wpa2,2026-06-18T08:00:00.000Z,2026-07-02T13:00:00.000Z,Bordeaux,Nouvelle-Aquitaine,FR,Cours de la Marne,33800
48:27:EA:9A:C5:11,AndroidAPC511,51.9695015,5.99361801,48:27:EA,6,wpa2,2025-08-27T15:00:00.000Z,2025-08-27T09:00:00.000Z,,Gelderland,NL,Rivierweg,6921
48:27:EA:9A:CC:B5,Reptilian HQ,54.57466888,18.5179081,48:27:EA,11,wpa2,2024-04-14T15:00:00.000Z,2025-07-06T02:00:00.000Z,,województwo pomorskie,PL,Kaszubska,81-198
48:27:EA:9A:CF:45,AndroidAP,50.2576561,19.01775742,48:27:EA,6,wpa2,2024-02-24T15:00:00.000Z,2025-04-25T10:00:00.000Z,Katowice,województwo śląskie,PL,Księdza Augustyna Kordeckiego,40-061
48:27:EA:9A:DA:01,AndroidAPDA01,52.13064194,8.73689556,48:27:EA,6,wpa2,2024-12-05T16:00:00.000Z,2024-12-05T08:00:00.000Z,,Nordrhein-Westfalen,DE,A 2,32049
48:27:EA:9A:E1:07,AndroidAP,50.01356125,19.93267632,48:27:EA,11,wpa2,2025-06-25T10:00:00.000Z,2026-03-16T10:00:00.000Z,,województwo małopolskie,PL,Zakopiańska,30-418
48:27:EA:9A:E7:15,AndroidAP,32.89859772,-6.91333675,48:27:EA,1,wpa2,2025-11-20T16:00:00.000Z,2025-11-20T08:00:00.000Z,Khouribga ⵅⵯⵔⵉⴱⴳⴰ خريبكة,Béni Mellal-Khénifra ⴰⵢⵜ ⵎⵍⵍⴰⵍ-ⵅⵏⵉⴼⵕⴰ بني ملال-خنيفرة,MA,RN12,25016
48:27:EA:9A:EB:C3,AndroidAPEBC3,40.65894318,29.27835274,48:27:EA,1,wpa2,2026-05-16T11:00:00.000Z,2026-05-16T09:00:00.000Z,Yalova Merkez,Yalova,TR,,77100
48:27:EA:9B:E6:63,AndroidAP,35.51512527,24.01950836,48:27:EA,1,wpa2,2026-08-06T18:00:00.000Z,2026-08-06T11:00:00.000Z,Χανιά,Αποκεντρωμένη Διοίκηση Κρήτης,GR,Ποτιέ,73132
48:27:EA:9C:00:3F,AndroidAP8889,50.08914566,19.9173851,48:27:EA,1,wpa2,2001-01-01T00:00:00.000Z,2026-07-22T05:00:00.000Z,Kraków,województwo małopolskie,PL,Jana Palacha,31-325
48:27:EA:9C:18:69,AndroidAP,49.42367554,15.59811974,48:27:EA,6,wpa2,2024-03-11T22:00:00.000Z,2025-11-05T07:00:00.000Z,Jihlava,Jihovýchod,CZ,Pávovská,58601
48:27:EA:9C:50:A5,AndroidAP_2028,44.69297791,15.40210819,48:27:EA,11,wpa2,2022-12-14T14:00:00.000Z,2026-08-26T10:00:00.000Z,,Ličko-senjska županija,HR,A1,53202
48:27:EA:9C:6E:CF,AndroidAP6ECF,47.51207352,19.04610634,48:27:EA,1,wpa2,2026-03-09T10:00:00.000Z,2026-03-14T05:00:00.000Z,,Budapest,HU,Id. Antall József rakpart,1055
48:27:EA:9C:8A:7D,gisnet,53.57270432,10.06685162,48:27:EA,10,wpa2,2025-05-02T11:00:00.000Z,2025-05-02T05:00:00.000Z,Hamburg,Wandsbek,DE,Schünemannstieg,22041
48:27:EA:9C:95:8D,AndroidAP4953,43.70775604,10.39985371,48:27:EA,1,wpa2,2025-10-06T09:00:00.000Z,2025-10-06T10:00:00.000Z,,Toscana,IT,Via Filippo Corridoni,56126
48:27:EA:9C:DB:6F,Joy,51.45135498,-0.97670478,48:27:EA,6,wpa2,2025-09-11T15:00:00.000Z,2025-09-11T12:00:00.000Z,,England,GB,Inner Distribution Road,RG1 6AB
48:27:EA:9D:19:8B,MD ..ZALIV'',45.90929413,15.40186596,48:27:EA,1,wpa2,2020-11-29T11:00:00.000Z,2025-09-05T13:00:00.000Z,,Krško,SI,A2 (Obrežje - Ljubljana),8274
48:27:EA:9F:1A:BA,AndroidAP1ABA,31.61833763,65.75512695,48:27:EA,6,wpa2,2024-11-24T13:00:00.000Z,2025-05-04T05:00:00.000Z,عینو مېنه,کندهار ولايت,AF,,
48:27:EA:9F:21:16,Android,26.14562225,50.49114227,48:27:EA,1,wpa2,2025-01-02T08:00:00.000Z,2025-01-09T18:00:00.000Z,عالي,المحافظة الشمالية,BH,شارع ولي العهد,1203
48:27:EA:9F:39:B6,Julio,-25.27560806,-57.5451088,48:27:EA,11,wpa2,2024-09-13T22:00:00.000Z,2024-09-18T13:00:00.000Z,Asunción,Distrito Capital de Paraguay,PY,Avenida Madame Elisa Alicia Lynch,1401
48:27:EA:9F:47:02,AndroidAP,14.66194057,-86.22186279,48:27:EA,11,wpa2,2024-12-28T19:00:00.000Z,2024-12-28T11:00:00.000Z,Juticalpa,Olancho,HN,,16101
48:27:EA:9F:60:D6,AndroidAP60D6,10.00657082,-84.17571259,48:27:EA,6,wpa2,2025-01-31T00:00:00.000Z,2025-01-30T18:00:00.000Z,,Provincia Alajuela,CR,Vía 3,20109
48:27:EA:9F:83:88,AndroidAP8388,-25.27805519,-57.59901428,48:27:EA,6,wpa2,2026-04-08T12:00:00.000Z,2026-04-13T16:00:00.000Z,Asunción,Distrito Capital de Paraguay,PY,Luis Morales,1575
48:27:EA:9F:8A:6E,AndroidAP8A6E,-34.60857391,-58.37361908,48:27:EA,11,wpa2,2024-11-16T20:00:00.000Z,2024-11-16T15:00:00.000Z,Buenos Aires,Ciudad Autónoma de Buenos Aires,AR,Bolívar,C1066AAA
48:27:EA:9F:ED:0C,AndroidAP,44.46184158,26.1192646,48:27:EA,1,wpa2,2023-07-02T00:00:00.000Z,2024-11-20T12:00:00.000Z,Municipiul București,Tei,RO,Bulevardul Lacul Tei,020383
48:27:EA:9F:FB:46,1970,47.34812164,13.20403957,48:27:EA,11,wpa2,2025-08-24T09:00:00.000Z,2025-08-24T04:00:00.000Z,,Salzburg,AT,Leo-Neumayer-Platz,5600
48:27:EA:9F:FF:5A,Samsung Galaxy A3 (2017) M.,47.20053482,19.40583992,48:27:EA,1,wpa2,2022-11-11T17:00:00.000Z,2024-09-27T00:00:00.000Z,,Közép-Magyarország,HU,46109,2376
48:27:EA:A1:6F:98,AndroidAP6F98,52.10041046,5.58900452,48:27:EA,1,wpa2,2025-05-07T15:00:00.000Z,2025-05-12T11:00:00.000Z,,Gelderland,NL,Rijksweg A30,6741
48:27:EA:A1:72:C8,AndroidAP72C8,44.43000412,26.1009903,48:27:EA,1,wpa2,2024-06-15T14:00:00.000Z,2024-09-29T23:00:00.000Z,Municipiul București,Centrul Istoric,RO,Strada Franceză,030103
48:27:EA:A2:43:B6,Manoch,13.74188614,100.55355835,48:27:EA,1,wpa2,2025-03-16T13:00:00.000Z,2025-03-16T14:00:00.000Z,กรุงเทพมหานคร,กรุงเทพมหานคร,TH,ถนนสุขุมวิท,10330
48:27:EA:A2:54:B0,AndroidAP54B0,17.98683357,102.63545227,48:27:EA,11,wpa2,2026-08-21T17:00:00.000Z,2026-08-21T04:00:00.000Z,ວຽງຈັນ,ນະຄອນຫຼວງວຽງຈັນ,LA,Avenue Kaysone Phomvihane,01160
48:27:EA:A2:5E:D8,AndroidAP5ED8,53.34648132,-6.26407766,48:27:EA,11,wpa2,2025-01-18T14:00:00.000Z,2025-01-18T09:00:00.000Z,Dublin,Leinster,IE,Ormond Quay Lower,D02 Y103
48:27:EA:A2:D5:AE,AndroidCasa,41.86909485,12.44522381,48:27:EA,6,wpa2,2025-05-21T09:00:00.000Z,2025-07-26T06:00:00.000Z,Roma,Lazio,IT,Via Maddalena di Canossa,00151
48:27:EA:A2:E6:48,AndroidAP,45.76739883,21.22461128,48:27:EA,1,wpa2,2022-12-13T15:00:00.000Z,2024-11-20T08:00:00.000Z,Timișoara,Timiș,RO,Calea Aradului,300629
48:27:EA:A2:F4:38,Jihan ,52.64814758,-1.12385058,48:27:EA,6,wpa2,2024-10-19T14:00:00.000Z,2024-10-19T09:00:00.000Z,Leicester,England,GB,Belgrave Road,LE4 6AR
48:27:EA:A3:38:C8,Galaxy J538C8,50.04124451,19.96023178,48:27:EA,1,wpa2,2024-03-02T17:00:00.000Z,2025-08-08T01:00:00.000Z,,województwo małopolskie,PL,Plac Przystanek,30-546
48:27:EA:A3:3F:4A,AndroidAP,44.44304657,26.12731552,48:27:EA,1,wpa2,2025-02-04T14:00:00.000Z,2025-02-04T21:00:00.000Z,Municipiul București,Dimitrov,RO,Bulevardul Ferdinand I,021378
48:27:EA:A3:5D:30,Samsung klein zwart,50.86522293,4.35045195,48:27:EA,6,wpa2,2025-04-01T18:00:00.000Z,2025-04-01T13:00:00.000Z,,Région de Bruxelles-Capitale - Brussels Hoofdstedelijk Gewest,BE,Avenue du Port - Havenlaan,1000
48:27:EA:A3:BA:59,AndroidAP,7.85024595,98.33117676,48:27:EA,11,wpa2,2024-08-01T11:00:00.000Z,2025-05-12T21:00:00.000Z,,จังหวัดภูเก็ต,TH,,83100
48:27:EA:A4:74:4E,AndroidAP7701,50.8723259,4.32376957,48:27:EA,1,wpa2,2024-09-05T15:00:00.000Z,2024-09-05T08:00:00.000Z,,Région de Bruxelles-Capitale - Brussels Hoofdstedelijk Gewest,BE,Avenue de Jette - Jetse laan,1090
48:27:EA:A4:82:12,AndroidAP8212,52.3724556,5.22051525,48:27:EA,1,wpa2,2024-11-29T11:00:00.000Z,2024-12-01T15:00:00.000Z,Almere,Flevoland,NL,Stationsstraat,1325
48:27:EA:A4:91:16,AndroidAP9116,51.44447327,-0.97562402,48:27:EA,1,wpa2,2025-06-04T14:00:00.000Z,2025-06-17T14:00:00.000Z,,England,GB,A33,RG2 0RR
48:27:EA:A4:AF:2E,Kaufdirinternet ,47.05527496,15.44140148,48:27:EA,1,wpa2,2026-08-12T15:00:00.000Z,2026-08-20T17:00:00.000Z,Graz,Steiermark,AT,Schönaugasse,8010
48:27:EA:A4:B2:34,Ip110,52.06216812,4.31579494,48:27:EA,11,wpa2,2024-08-27T06:00:00.000Z,2025-07-16T10:00:00.000Z,Den Haag,Zuid-Holland,NL,Verheeskade,2521DE
48:27:EA:A5:51:32,Galaxy J55132,47.04771042,5.4449439,48:27:EA,1,wpa2,2024-05-22T05:00:00.000Z,2025-01-03T11:00:00.000Z,,Bourgogne-Franche-Comté,FR,Autoroute Verte,39100
48:27:EA:A5:6D:04,AndroidA98,55.82039261,37.33341599,48:27:EA,11,unknown,2023-09-12T13:00:00.000Z,2024-10-02T06:00:00.000Z,Красногорск,Московская область,RU,Школьная улица,143405
48:27:EA:A5:A1:96,AndroidAPA196,51.1591835,71.4087677,48:27:EA,6,wpa2,2023-07-24T09:00:00.000Z,2026-08-18T01:00:00.000Z,Астана,Астана,KZ,улица Тараса Шевченко,010000
48:27:EA:A5:AA:FA,AndroidAP,51.17210007,71.40419769,48:27:EA,6,wpa2,2024-12-25T09:00:00.000Z,2025-01-09T21:00:00.000Z,Астана,Астана,KZ,улица Алиби Жангельдина,010000
48:27:EA:A5:C3:6C,AndroidAP J7,61.1319809,21.5109272,48:27:EA,11,wpa2,2025-07-09T10:00:00.000Z,2025-07-09T04:00:00.000Z,,Manner-Suomi,FI,Karjalankatu,26100
48:27:EA:A5:C4:D4,AndroidAPC4D4,51.95563507,-7.84812164,48:27:EA,11,wpa2,2024-10-14T08:00:00.000Z,2024-10-17T08:00:00.000Z,,The Municipal District of East Cork,IE,New Catherine Street,P36 WP64
48:27:EA:A6:0A:0B,AndroidAP,50.29728317,19.13417816,48:27:EA,8,wpa2,2025-03-01T11:00:00.000Z,2025-03-01T04:00:00.000Z,Sosnowiec,województwo śląskie,PL,Będzińska,41-205
48:27:EA:A6:25:B3,AndroidAP,47.50265121,19.05982399,48:27:EA,1,wpa2,2025-10-23T12:00:00.000Z,2025-10-23T08:00:00.000Z,Budapest,Budapest,HU,Andrássy út,1061
48:27:EA:A6:31:27,AndroidAP3127,52.06251907,4.31518745,48:27:EA,1,wpa2,2025-01-06T12:00:00.000Z,2025-01-12T03:00:00.000Z,Den Haag,Zuid-Holland,NL,Lobattostraat,2521BJ
48:27:EA:A6:B5:0F,AndroidAPB50F,25.08358574,121.5581665,48:27:EA,11,wpa2,2026-04-16T10:00:00.000Z,2026-04-16T22:00:00.000Z,臺北市,臺北市,TW,敬業三路,10466
48:27:EA:A6:F9:CD,0916973320,13.73532963,100.56126404,48:27:EA,11,wpa2,2024-11-21T14:00:00.000Z,2024-11-22T12:00:00.000Z,กรุงเทพมหานคร,กรุงเทพมหานคร,TH,ถนนรัชดาภิเษก,10110
48:27:EA:A7:4B:0B,Panjshir II,34.5284729,69.17238617,48:27:EA,11,wpa2,2023-11-25T09:00:00.000Z,2024-09-28T00:00:00.000Z,کابل,ولایت كابل,AF,گوهرشاد بیگم,10013
48:27:EA:A7:58:4D,zlotek,50.08432388,19.93249702,48:27:EA,1,wpa2,2001-01-01T01:00:00.000Z,2024-11-04T07:00:00.000Z,Kraków,województwo małopolskie,PL,Kluczborska,31-271
48:27:EA:A7:58:5B,LEEDS.TK.,40.62056351,14.94556618,48:27:EA,6,wpa2,2024-10-04T16:00:00.000Z,2024-10-04T09:00:00.000Z,,Campania,IT,Strada Statale 18/Via Roma,84092
48:27:EA:A7:67:55,AndroidAP,50.08938217,14.3955822,48:27:EA,6,wpa2,2025-10-26T14:00:00.000Z,2025-10-26T07:00:00.000Z,Hlavní město Praha,Praha,CZ,Hradčanské náměstí,11800
48:27:EA:A7:94:1B,AndroidAP,47.80543518,-3.27816153,48:27:EA,1,wpa2,2024-09-06T17:00:00.000Z,2024-09-06T10:00:00.000Z,,Bretagne,FR,Rue du Champ de Foire,56700
48:27:EA:A7:E6:49,Galaxy J5E649,37.9727211,23.74405479,48:27:EA,11,wpa2,2026-05-20T09:00:00.000Z,2026-05-20T08:00:00.000Z,Αθήνα,Αποκεντρωμένη Διοίκηση Αττικής,GR,Βασιλέως Γεωργίου Β',11635
48:27:EA:A8:27:F1,Abdoe,31.17308998,-8.85302162,48:27:EA,1,wpa2,2025-06-09T20:00:00.000Z,2025-06-09T13:00:00.000Z,,Marrakech-Safi ⵎⵕⵕⴰⴽⵛ-ⴰⵙⴼⵉ مراكش-أسفي,MA,,41052
48:27:EA:A8:B1:41,Thari,7.86744404,80.65122223,48:27:EA,6,wpa2,2024-12-06T08:00:00.000Z,2024-12-06T07:00:00.000Z,,මධ්‍යම පළාත,LK,Jaffna - Kandy Road,21100
48:27:EA:A9:70:6A,AndroidAP706A,13.69202042,100.60033417,48:27:EA,11,wpa2,2025-04-12T12:00:00.000Z,2025-04-12T06:00:00.000Z,กรุงเทพมหานคร,กรุงเทพมหานคร,TH,ทางพิเศษสายบางนา-อาจณรงค์,10260
48:27:EA:A9:87:2C,AndroidAP,48.83945465,2.3828733,48:27:EA,11,wpa2,2025-10-31T12:00:00.000Z,2025-10-31T06:00:00.000Z,Paris,Île-de-France,FR,Boulevard de Bercy,75012
48:27:EA:AA:7C:62,Alvin i łamacz kości udowej,51.10831451,17.0484314,48:27:EA,7,wpa2,2024-11-21T12:00:00.000Z,2025-01-03T02:00:00.000Z,Wrocław,województwo dolnośląskie,PL,,50-001
48:27:EA:AA:7E:8C,SamsungMadmat,43.59025955,3.85574651,48:27:EA,1,wpa2,2026-05-26T15:00:00.000Z,2026-05-26T11:00:00.000Z,Montpellier,Occitanie,FR,Place Flandres-Dunkerque,34070
48:27:EA:AA:81:82,AndroidAP,50.25735855,19.138937,48:27:EA,1,wpa2,2025-11-28T07:00:00.000Z,2026-03-30T05:00:00.000Z,Sosnowiec,województwo śląskie,PL,planowana DTŚ wschód - etap 2,41-208
48:27:EA:AA:97:DC,AndroidAP1301,48.0956459,-4.3380065,48:27:EA,1,wpa2,2025-09-03T09:00:00.000Z,2025-09-03T03:00:00.000Z,,Bretagne,FR,Rue Pen ar Vir,29100
48:27:EA:AA:EA:CA,AndroidAP,50.57766724,7.22887182,48:27:EA,11,wpa2,2024-12-24T15:00:00.000Z,2024-12-24T08:00:00.000Z,,Rheinland-Pfalz,DE,Geschwister-Scholl-Straße,53424
48:27:EA:AA:F3:50,AndroidAP,40.80932999,44.49222565,48:27:EA,1,wpa2,2022-07-25T20:00:00.000Z,2025-09-25T06:00:00.000Z,Վանաձոր,Լոռու մարզ,AM,Տիգրան Մեծի պողոտա,2021
48:27:EA:AB:39:50,AndroidAP,41.37357712,2.15009141,48:27:EA,11,wpa2,2025-09-28T18:00:00.000Z,2025-09-28T16:00:00.000Z,Barcelona,Catalunya,ES,Plaça d'Espanya,08001
48:27:EA:AB:49:5E,Celina's nicht kostenloses Wlan,52.54874802,13.59166145,48:27:EA,1,wpa2,2004-12-10T15:00:00.000Z,2024-12-08T23:00:00.000Z,,Brandenburg,DE,Landsberger Chaussee,16356
48:27:EA:AC:B6:E0,AndroidAPB6E0,47.85084915,8.69628716,48:27:EA,1,wpa2,2025-10-16T08:00:00.000Z,2026-08-07T07:00:00.000Z,,Baden-Württemberg,DE,Schlemsweg,78250
48:27:EA:AD:07:AE,AndroidNetCasa,46.97833252,-0.19827832,48:27:EA,6,wpa2,2018-04-27T17:00:00.000Z,2026-05-17T06:00:00.000Z,,Nouvelle-Aquitaine,FR,Boulevard de Port Gentil,79100
48:27:EA:AD:1A:50,Galaxy J17 Florin,48.26723099,11.28824806,48:27:EA,5,wpa2,2023-02-03T13:00:00.000Z,2024-09-16T19:00:00.000Z,,Bayern,DE,A 8,85232
48:27:EA:AD:3A:7E,AndroidAP,46.76898956,23.59305573,48:27:EA,1,wpa2,2024-10-07T12:00:00.000Z,2024-10-07T08:00:00.000Z,Cluj-Napoca,Cluj,RO,Strada Hermann Oberth,400095
48:27:EA:AD:48:8C,mH,10.81624222,106.66414642,48:27:EA,1,wpa2,2024-11-10T07:00:00.000Z,2024-11-10T06:00:00.000Z,,Thành phố Hồ Chí Minh,VN,Đường dẫn sảnh đi Quốc tế,741039
48:27:EA:AD:65:16,Samsung J7,55.47329712,9.89141655,48:27:EA,6,wpa2,2025-11-01T11:00:00.000Z,2025-12-27T06:00:00.000Z,,Region Syddanmark,DK,Fynske Motorvej,5580
48:27:EA:AD:77:26,Butcher j7,55.78021622,37.21455383,48:27:EA,11,unknown,2019-08-25T18:00:00.000Z,2025-04-05T02:00:00.000Z,,Московская область,RU,,143421
48:27:EA:AD:7D:9E,Galaxy J57D9E,52.54049301,8.11352539,48:27:EA,11,wpa2,2024-11-28T10:00:00.000Z,2024-11-28T07:00:00.000Z,,Niedersachsen,DE,A 1,49451
48:27:EA:AE:12:12,AndroidAP1212,8.41448879,98.54161072,48:27:EA,11,wpa2,2024-09-14T05:00:00.000Z,2024-09-14T00:00:00.000Z,,จังหวัดพังงา,TH,4311,
48:27:EA:AE:76:76,AndroidAP7676,51.0915947,71.44927216,48:27:EA,11,wpa2,2025-06-19T13:00:00.000Z,2025-07-29T04:00:00.000Z,Астана,Астана,KZ,38-я,010000
48:27:EA:AE:9A:08,AndroidAP,50.21984863,19.10355186,48:27:EA,11,wpa2,2025-07-09T09:00:00.000Z,2026-07-10T10:00:00.000Z,Mysłowice,województwo śląskie,PL,A4,40-457
48:27:EA:AE:9C:AA,UMED,39.6806221,66.93566895,48:27:EA,6,wpa2,2026-06-11T06:00:00.000Z,2026-06-10T23:00:00.000Z,Samarqand,Samarqand Viloyati,UZ,Rudakiy ko'chasi,140100
48:27:EA:AE:A6:94,AndroidAP9c2f,56.32677841,44.01468277,48:27:EA,11,unknown,2024-09-29T12:00:00.000Z,2024-09-29T15:00:00.000Z,Нижний Новгород,Нижегородская область,RU,Большая Печёрская улица,603600
48:27:EA:AE:AE:18,AndroidAPAE18,38.10345078,69.34223175,48:27:EA,8,wpa2,2025-08-30T16:00:00.000Z,2026-02-04T14:00:00.000Z,,Вилояти Хатлон,TJ,,735
48:27:EA:AE:AF:92,AndroidAPAF92,55.69565201,37.55892944,48:27:EA,1,unknown,2024-11-26T11:00:00.000Z,2024-11-29T01:00:00.000Z,Москва,Москва,RU,Ленинский проспект,119333
48:27:EA:AE:E2:60,Mouna,48.83657455,2.25303769,48:27:EA,7,wpa2,2024-10-29T14:00:00.000Z,2024-10-29T09:00:00.000Z,Boulogne-Billancourt,Île-de-France,FR,Avenue Édouard Vaillant,92100
48:27:EA:AE:EB:DE,AndroidAP6787,48.822155,2.22100639,48:27:EA,5,wpa2,2025-06-14T12:00:00.000Z,2025-06-14T06:00:00.000Z,,Île-de-France,FR,Rue des Binelles,92310
48:27:EA:AE:EC:02,AndroidAPEC02,45.77653503,4.78224659,48:27:EA,1,unknown,2026-01-01T15:00:00.000Z,2026-01-01T09:00:00.000Z,,Auvergne-Rhône-Alpes,FR,Autoroute du Soleil,69130
48:27:EA:AE:FC:82,Galaxy J5,51.05164337,13.70796108,48:27:EA,11,wpa2,2023-03-08T19:00:00.000Z,2025-08-04T00:00:00.000Z,Dresden,Sachsen,DE,Cottaer Straße,01159
48:27:EA:AF:0E:98,Sut mig,55.69959641,12.57795906,48:27:EA,11,wpa2,2024-10-01T11:00:00.000Z,2024-10-01T23:00:00.000Z,København,Region Hovedstaden,DK,Østerbrogade,2100
48:27:EA:AF:3D:AE,AndroidAP,58.28116608,12.28010178,48:27:EA,1,wpa2,2022-04-19T06:00:00.000Z,2025-07-24T08:00:00.000Z,,Västra Götalands län,SE,Åkersbergsvägen,46135
48:27:EA:AF:60:74,AndroidAP6074,45.2407608,19.82176781,48:27:EA,1,wpa2,2025-06-10T19:00:00.000Z,2025-06-10T12:00:00.000Z,Град Нови Сад,Војводина,RS,Булевар Европе,2100
48:27:EA:AF:79:78,AndroidAP,53.60041046,-1.18256438,48:27:EA,1,wpa2,2025-01-15T17:00:00.000Z,2025-03-19T01:00:00.000Z,Doncaster,England,GB,The Abbe's Walk,DN6 8EF
48:27:EA:AF:91:00,AndroidAP_J5_333,47.51345444,19.09451866,48:27:EA,1,wpa2,2026-03-05T13:00:00.000Z,2026-03-05T07:00:00.000Z,,Budapest,HU,Ajtósi Dürer sor,1146
48:27:EA:AF:A0:92,Galaxy J5A092,44.60221863,26.07260704,48:27:EA,6,wpa2,2026-03-31T04:00:00.000Z,2026-03-30T22:00:00.000Z,,Ilfov,RO,Strada Malul Roșu,77017
48:27:EA:B0:11:4E,AndroidAP114E,44.81031799,20.45019722,48:27:EA,11,wpa2,2022-10-22T13:00:00.000Z,2025-09-14T15:00:00.000Z,Београд,Централна Србија,RS,Херцеговачка,11000
48:27:EA:B0:86:D4,AndroidAP,34.05395126,-4.98755264,48:27:EA,6,wpa2,2024-11-21T08:00:00.000Z,2024-11-21T08:00:00.000Z,,Fès-Meknès ⴼⴰⵙ-ⵎⴽⵏⴰⵙ فاس-مكناس,MA,,30100
48:27:EA:B0:D4:8C,DEVKALION,54.97700119,83.03172302,48:27:EA,11,unknown,2025-10-05T10:00:00.000Z,2025-10-05T03:00:00.000Z,Новосибирск,Новосибирская область,RU,Большевистская улица,630000
48:27:EA:B1:5F:BF,AndroidAP5FBF,51.24166489,9.43925095,48:27:EA,6,wpa2,2023-09-19T12:00:00.000Z,2024-09-05T06:00:00.000Z,,Hessen,DE,Wolfsburger Straße,34225
48:27:EA:B1:61:CF,Sis Masis,40.17899704,44.51197052,48:27:EA,11,wpa2,2025-05-20T16:00:00.000Z,2025-05-20T23:00:00.000Z,Երևան,Երևան,AM,Ամիրյան փողոց,0010
48:27:EA:B1:63:35,Huawei mate10,51.83056259,8.23118877,48:27:EA,6,wpa2,2022-12-05T08:00:00.000Z,2025-12-23T11:00:00.000Z,,Nordrhein-Westfalen,DE,A 2,33378
48:27:EA:B1:64:9D,AndroidA,55.84470367,37.6535759,48:27:EA,1,unknown,2024-12-14T07:00:00.000Z,2024-12-14T01:00:00.000Z,Москва,Москва,RU,Северо-Восточная хорда,120226
48:27:EA:B1:74:39,AndroidAP7439,55.46244049,-4.63408184,48:27:EA,1,wpa2,2025-02-22T22:00:00.000Z,2025-02-22T14:00:00.000Z,,Alba / Scotland,GB,Sandgate,KA7 1BZ
48:27:EA:B1:A1:F1,Pok-Somchai,55.70681763,12.59105682,48:27:EA,11,wpa2,2023-10-12T12:00:00.000Z,2025-04-07T02:00:00.000Z,København,Region Hovedstaden,DK,Kalkbrænderihavnsgade,2150
48:27:EA:B2:1B:37,Galaxy J51B37,51.66273499,16.0805397,48:27:EA,1,wpa2,2026-08-26T14:00:00.000Z,2026-08-26T11:00:00.000Z,,województwo dolnośląskie,PL,Słowiańska,67-200
48:27:EA:B2:26:CB,LMNTRIX,51.45051193,6.99586248,48:27:EA,10,wpa2,2026-03-22T07:00:00.000Z,2026-04-12T23:00:00.000Z,Essen,Nordrhein-Westfalen,DE,Schederhofstraße,45145
48:27:EA:B2:57:43,AAP,24.98941994,121.44711304,48:27:EA,11,wpa2,2025-10-31T12:00:00.000Z,2026-01-08T02:00:00.000Z,新北市,新北市,TW,中華路一段,236
48:27:EA:B2:B4:97,APJ5,52.68429184,13.44103336,48:27:EA,6,wpa2,2005-04-13T14:00:00.000Z,2024-12-08T23:00:00.000Z,,Brandenburg,DE,Hauptstraße,16348
48:27:EA:B2:D7:A5,AndroidAP4441,45.7127533,4.80402708,48:27:EA,6,wpa2,2023-01-21T19:00:00.000Z,2024-10-04T14:00:00.000Z,,Auvergne-Rhône-Alpes,FR,Rue de la Sarra,69600
48:27:EA:B3:02:48,AndroidAP5,35.78765106,51.36050415,48:27:EA,1,wpa2,2026-05-27T20:00:00.000Z,2026-05-29T10:00:00.000Z,شهر تهران,شهرستان شمیرانات,IR,آهنگرانی,1998797959
48:27:EA:B3:40:AE,1234,41.344944,21.55284119,48:27:EA,1,wpa2,2024-04-26T09:00:00.000Z,2024-10-10T13:00:00.000Z,Прилеп,Пелагониски СР,MK,Орде Тутески,7500
48:27:EA:B3:44:CC,Galaxy J544CC,59.41106415,24.687397,48:27:EA,11,wpa2,2024-08-11T10:00:00.000Z,2024-09-26T08:00:00.000Z,Tallinn,Harju maakond,EE,Mustamäe tee,12913
48:27:EA:B3:5E:EA,AndroidAP,48.76784134,44.47826385,48:27:EA,11,unknown,2025-09-07T14:00:00.000Z,2025-09-08T13:00:00.000Z,Волгоград,Волгоградская область,RU,Краснополянская улица,400075
48:27:EA:B3:6A:DE,AndroidAP,52.51741791,13.38566494,48:27:EA,11,wpa2,2026-06-26T08:00:00.000Z,2026-06-26T13:00:00.000Z,Berlin,Mitte,DE,Neustädtische Kirchstraße,10117
48:27:EA:B3:6E:2E,Samsung Galaxy J7,53.10215759,49.98646164,48:27:EA,11,unknown,2025-05-22T16:00:00.000Z,2025-05-22T10:00:00.000Z,Новокуйбышевск,Самарская область,RU,Железнодорожная улица,446218
48:27:EA:B3:72:68,AndroidAP би.кчр.п. т.,48.69558334,44.46760559,48:27:EA,11,unknown,2025-06-11T10:00:00.000Z,2025-06-12T06:00:00.000Z,Волгоград,Волгоградская область,RU,Череповецкая улица,400054
48:27:EA:B3:79:24,Moj telefon ,47.50215149,19.08365822,48:27:EA,11,wpa2,2024-04-21T12:00:00.000Z,2024-09-27T10:00:00.000Z,,Budapest,HU,Thököly út,1076
48:27:EA:B3:85:30,AndroidAP,46.79668045,0.51157254,48:27:EA,11,wpa2,2024-03-01T09:00:00.000Z,2024-12-10T11:00:00.000Z,,Nouvelle-Aquitaine,FR,L'Aquitaine,86530
48:27:EA:B3:8F:18,AndroidAP,37.25013733,15.22198582,48:27:EA,1,wpa2,2024-09-05T17:00:00.000Z,2024-09-10T05:00:00.000Z,Augusta,Sicilia,IT,,96012
48:27:EA:B4:E2:EE,AndroidAP,51.52065659,-0.105415,48:27:EA,11,wpa2,2026-06-16T19:00:00.000Z,2026-06-16T12:00:00.000Z,London,England,GB,Saffron Hill,EC1N 8QS
48:27:EA:B5:3C:EC,Sham,57.73461533,12.00215912,48:27:EA,11,wpa2,2025-11-03T16:00:00.000Z,2026-05-05T04:00:00.000Z,Göteborg,Västra Götalands län,SE,E 45,415 02
48:27:EA:B5:A1:3A,AndroidAP6122,45.04143143,11.71078491,48:27:EA,6,wpa2,2025-09-21T13:00:00.000Z,2025-10-15T22:00:00.000Z,,Veneto,IT,Area di Servizio Adige Est,45031
48:27:EA:B5:C8:CE,Zorro,-16.51097298,-68.13446045,48:27:EA,11,wpa2,2025-12-20T17:00:00.000Z,2025-12-20T10:00:00.000Z,La Paz,La Paz,BO,Calle General Lanza,0201
48:27:EA:B6:00:D8,AndroidAP,49.47770691,11.17613411,48:27:EA,6,wpa2,2023-03-17T16:00:00.000Z,2025-07-22T13:00:00.000Z,Behringersdorfer Forst,Bayern,DE,A 3,90571
48:27:EA:B6:09:C8,AndroidAP,47.01689911,28.84378624,48:27:EA,11,wpa2,2025-04-12T16:00:00.000Z,2025-04-18T05:00:00.000Z,,Sectorul Centru,MD,Bulevardul Ștefan cel Mare și Sfânt,MD-2001
48:27:EA:B6:0C:3A,AndroidAP0C3A,40.17234421,44.50762558,48:27:EA,11,wpa2,2026-02-27T14:00:00.000Z,2026-03-08T06:00:00.000Z,Երևան,Երևան,AM,Գրիգոր Լուսավորչի փողոց,0015
48:27:EA:B6:26:5E,AndroidAP265,24.9964962,121.45195007,48:27:EA,6,wpa2,2026-03-11T08:00:00.000Z,2026-03-11T02:00:00.000Z,新北市,新北市,TW,南雅南路二段,220
48:27:EA:B6:6B:4C,AndroidAP,37.43596268,15.02820492,48:27:EA,11,wpa2,2004-05-05T19:00:00.000Z,2024-10-16T06:00:00.000Z,Catania,Sicilia,IT,Tangenziale Ovest di Catania,95121
48:27:EA:B7:5F:CE,AndroidAP5FCE,46.97066116,4.83988285,48:27:EA,1,wpa2,2025-05-30T17:00:00.000Z,2025-05-31T08:00:00.000Z,Merceuil,Bourgogne-Franche-Comté,FR,Autoroute du Soleil,21200
48:27:EA:B7:6E:A2,Vahid,36.05217361,50.51585007,48:27:EA,1,wpa2,2026-08-17T16:00:00.000Z,2026-08-24T08:00:00.000Z,,استان قزوین,IR,آزادراه کرج - قزوین,
48:27:EA:B7:75:E6,??? ???????,16.17498779,103.29555511,48:27:EA,1,wpa2,2025-02-22T12:00:00.000Z,2025-02-28T08:00:00.000Z,,จังหวัดมหาสารคาม,TH,ถนนผดุงวิถี,44000
48:27:EA:B7:C1:70,Mallams phone,5.7039485,-0.13452841,48:27:EA,1,wpa2,2025-03-29T19:00:00.000Z,2025-03-29T14:00:00.000Z,,Greater Accra Region,GH,,PMB 107 MD
48:27:EA:B8:1B:6E,AndroidAP,44.40795898,26.0759716,48:27:EA,1,wpa2,2021-10-05T15:00:00.000Z,2025-01-12T00:00:00.000Z,Municipiul București,Sector 5,RO,Strada Telița,051883
48:27:EA:B8:CE:78,Pratoom18,8.1420002,98.34147644,48:27:EA,11,wpa2,2025-09-02T04:00:00.000Z,2025-09-20T08:00:00.000Z,,จังหวัดภูเก็ต,TH,ถนนเทพกระษัตรี,
48:27:EA:B8:D3:D2,AndroidAP,13.712327,100.56977844,48:27:EA,6,wpa2,2025-03-20T11:00:00.000Z,2025-03-20T05:00:00.000Z,กรุงเทพมหานคร,กรุงเทพมหานคร,TH,ทางพิเศษเฉลิมมหานคร,10110
48:27:EA:B8:E1:B0,AndroidAP,14.87911701,103.50402832,48:27:EA,11,wpa2,2025-03-28T04:00:00.000Z,2025-04-25T00:00:00.000Z,,จังหวัดสุรินทร์,TH,,32000
48:27:EA:B9:06:52,AndroidAP0652,55.31430817,86.08139801,48:27:EA,11,unknown,2026-07-26T12:00:00.000Z,2026-07-26T08:00:00.000Z,Кемерово,Кемеровская область,RU,улица Веры Волошиной,650024
48:27:EA:B9:15:32,AndroidAP1532,51.74378967,36.19425964,48:27:EA,11,unknown,2025-05-24T05:00:00.000Z,2025-05-25T12:00:00.000Z,Курск,Курская область,RU,улица Ленина,305004
48:27:EA:B9:41:D4,Galaxy J541D4,56.94235229,24.11676979,48:27:EA,11,wpa2,2024-09-11T22:00:00.000Z,2025-05-18T07:00:00.000Z,Rīga,Vidzeme,LV,Gogoļa iela,LV-1050
48:27:EA:B9:58:7C,AndroidAP,59.25619888,14.82205105,48:27:EA,11,wpa2,2001-01-01T00:00:00.000Z,2024-09-05T09:00:00.000Z,,Örebro län,SE,E 18,719 93
48:27:EA:B9:5A:6C,Android,50.83528519,4.33321905,48:27:EA,6,wpa2,2024-08-21T10:00:00.000Z,2025-10-26T22:00:00.000Z,,Région de Bruxelles-Capitale - Brussels Hoofdstedelijk Gewest,BE,Rue de France - Frankrijkstraat,1060
48:27:EA:B9:B1:28,AndroidAP,51.50119781,46.12575531,48:27:EA,1,unknown,2026-06-27T11:00:00.000Z,2026-06-27T06:00:00.000Z,Энгельс,Саратовская область,RU,площадь Свободы,413100
48:27:EA:B9:CA:F6,AndroidAPCAF6,49.9406662,8.61085892,48:27:EA,6,wpa2,2025-02-01T15:00:00.000Z,2025-06-18T12:00:00.000Z,,Hessen,DE,A 5,64331
48:27:EA:BA:02:60,Kukku,24.45651436,54.39191437,48:27:EA,6,wpa2,2025-02-12T08:00:00.000Z,2025-02-14T11:00:00.000Z,آل نَهيان,أبو ظبي,AE,شارع سلطان بن زايد الأول,52799
48:27:EA:BA:0B:DE,AndroidAP,51.72505569,5.51806116,48:27:EA,1,wpa2,2001-01-29T14:00:00.000Z,2026-03-07T04:00:00.000Z,,Noord-Brabant,NL,Meerweg,5384SJ
48:27:EA:BA:73:7A,AndroidAP737A,35.74976349,51.83588791,48:27:EA,1,wpa2,2026-04-13T16:00:00.000Z,2026-05-04T02:00:00.000Z,,شهرستان پردیس,IR,بلوار شهید چمران,75918
48:27:EA:BA:A2:52,Alan,-34.5986824,-58.51868057,48:27:EA,11,wpa2,2026-04-18T20:00:00.000Z,2026-05-01T04:00:00.000Z,Buenos Aires,Ciudad Autónoma de Buenos Aires,AR,Avenida Lincoln,C1419GGI
48:27:EA:BA:ED:7E,AndroidAP,51.94947433,-1.20376074,48:27:EA,6,wpa2,2025-05-22T17:00:00.000Z,2025-08-09T14:00:00.000Z,Cherwell,England,GB,A43,OX27 7RD
48:27:EA:BB:1C:F5,AndroidAP,55.7346077,37.7419281,48:27:EA,1,unknown,2022-08-27T17:00:00.000Z,2024-10-14T06:00:00.000Z,Москва,Москва,RU,Перовское шоссе,109202
48:27:EA:BB:24:47,AndroidAP,59.90972137,30.4621048,48:27:EA,1,unknown,2024-11-10T09:00:00.000Z,2024-11-11T11:00:00.000Z,Санкт-Петербург,Санкт-Петербург,RU,улица Подвойского,193313
48:27:EA:BB:24:79,:)),55.81204224,37.73237991,48:27:EA,6,unknown,2026-06-29T09:00:00.000Z,2026-06-29T09:00:00.000Z,Москва,Москва,RU,Открытое шоссе,107370
48:27:EA:BB:29:2B,BTmN-U01KNzMwRk0,52.64815521,6.20197105,48:27:EA,6,wpa2,2026-03-27T09:00:00.000Z,2026-03-27T04:00:00.000Z,,Overijssel,NL,Burgemeester van de Walstraat,7951AK
48:27:EA:BB:71:2B,Galaxy J5712B,52.22735977,20.98668289,48:27:EA,6,wpa2,2025-06-23T16:00:00.000Z,2025-06-23T10:00:00.000Z,Warszawa,województwo mazowieckie,PL,Towarowa,00-965
48:27:EA:BB:73:B5,AndroidAP,51.18675995,3.10608864,48:27:EA,1,wpa2,2025-09-28T09:00:00.000Z,2025-11-09T00:00:00.000Z,,West-Vlaanderen,BE,E40,8490
48:27:EA:BB:89:25,Galaxy J58925,51.05363846,3.72250199,48:27:EA,11,wpa2,2025-01-30T15:00:00.000Z,2025-01-30T07:00:00.000Z,,Oost-Vlaanderen,BE,Cataloniëstraat,9000
48:27:EA:BB:8A:C5,Galaxy J58AC5,50.04780579,19.94350815,48:27:EA,6,wpa2,2025-05-09T16:00:00.000Z,2025-11-27T05:00:00.000Z,,województwo małopolskie,PL,Skawińska,31-066
48:27:EA:BB:8F:57,Galaxy J58F57,48.64439392,2.29824543,48:27:EA,6,wpa2,2025-02-12T13:00:00.000Z,2025-02-12T06:00:00.000Z,,Île-de-France,FR,Route de Longpont,91310
48:27:EA:BB:B4:93,ŠILE AUTO,51.45711899,11.99147892,48:27:EA,1,wpa2,2020-11-05T06:00:00.000Z,2024-11-21T10:00:00.000Z,Halle,Sachsen-Anhalt,DE,Dieselstraße,06130
48:27:EA:BC:68:23,AndroidAP6823,13.7664957,100.50184631,48:27:EA,11,wpa2,2024-11-22T12:00:00.000Z,2024-11-22T12:00:00.000Z,กรุงเทพมหานคร,กรุงเทพมหานคร,TH,ถนนวิสุทธิกษัตริย์,10200
48:27:EA:BC:AC:95,AndroidAP9415,54.9117012,-1.58314359,48:27:EA,9,wpa2,2021-12-12T15:00:00.000Z,2024-10-10T09:00:00.000Z,Gateshead,England,GB,Harlow Green,NE9 7UB
48:27:EA:BC:F1:A7,AndroidAP,51.28938293,1.07547963,48:27:EA,1,wpa2,2025-10-04T21:00:00.000Z,2025-11-17T11:00:00.000Z,Canterbury,England,GB,Beaconsfield Road,CT2 7LQ
48:27:EA:BC:F7:FF,AndroidAP,55.63236237,9.66698742,48:27:EA,6,wpa2,2021-09-14T11:00:00.000Z,2025-10-16T02:00:00.000Z,,Region Syddanmark,DK,Mølleengen,7080
48:27:EA:BD:19:3F,Ghana man world ,13.44299603,-16.71920013,48:27:EA,6,wpa2,2025-01-10T15:00:00.000Z,2025-01-10T21:00:00.000Z,Serrekunda,West Coast,GM,Bertil Harding Highway,1122
48:27:EA:BD:9B:E7,Joseph,26.22800827,50.58223343,48:27:EA,1,wpa2,2024-11-04T15:00:00.000Z,2024-11-06T11:00:00.000Z,المنامة,محافظة العاصمة,BH,شارع الشيخ عيسى,309
48:27:EA:BD:A8:A3,AndroidAP,13.5565834,99.78443146,48:27:EA,6,wpa2,2024-09-19T09:00:00.000Z,2024-09-19T05:00:00.000Z,,จังหวัดราชบุรี,TH,3291,70000
48:27:EA:BD:AC:21,saopran,12.6238184,99.85864258,48:27:EA,1,wpa2,2025-07-13T02:00:00.000Z,2025-07-13T07:00:00.000Z,,จังหวัดเพชรบุรี,TH,ถนนเลี่ยงเมือง,76120
48:27:EA:BD:C4:B9,AndroidAP,12.54090977,99.87591553,48:27:EA,1,wpa2,2025-07-19T05:00:00.000Z,2025-07-19T07:00:00.000Z,,จังหวัดประจวบคีรีขันธ์,TH,ถนนเลี่ยงเมือง,
48:27:EA:BE:0B:33,AndroidAP0B33,44.81259537,-0.62146938,48:27:EA,3,wpa2,2025-06-17T11:00:00.000Z,2025-07-02T16:00:00.000Z,,Nouvelle-Aquitaine,FR,Avenue du Vallon,33700
48:27:EA:BE:25:BF,AndroidAP25BF,50.97008133,7.00762892,48:27:EA,1,wpa2,2025-06-18T15:00:00.000Z,2025-06-18T15:00:00.000Z,Köln,Nordrhein-Westfalen,DE,Berliner Straße,51063
48:27:EA:BE:35:27,AndroidAP3527,43.66477966,1.35248864,48:27:EA,1,wpa2,2025-03-20T13:00:00.000Z,2025-11-06T08:00:00.000Z,,Occitanie,FR,Parvis,31700
48:27:EA:BE:40:9B,AndroidAP,48.15529633,11.51144218,48:27:EA,1,wpa2,2026-05-13T10:00:00.000Z,2026-05-13T04:00:00.000Z,München,Bayern,DE,Romanplatz,80639
48:27:EA:BE:46:09,Peace_ Love and WiFi,51.49448013,7.44935513,48:27:EA,6,wpa2,2025-04-10T15:00:00.000Z,2025-04-10T13:00:00.000Z,Dortmund,Nordrhein-Westfalen,DE,Strobelallee,44139
48:27:EA:BE:9F:BB,AndroidAP,40.18170547,44.51052475,48:27:EA,6,wpa2,2025-02-09T10:00:00.000Z,2025-02-09T08:00:00.000Z,Երևան,Երևան,AM,Արամի փողոց,0002
48:27:EA:BE:C9:E3,77445769,50.92912674,6.77691507,48:27:EA,11,wpa2,2025-10-07T15:00:00.000Z,2026-05-18T11:00:00.000Z,,Nordrhein-Westfalen,DE,A 4,50226
48:27:EA:BE:CB:71,Galaxy J5CB71,46.53955078,24.55954361,48:27:EA,6,wpa2,2023-09-06T09:00:00.000Z,2025-09-23T07:00:00.000Z,Târgu Mureș,Mureș,RO,Bulevardul 1 Decembrie 1918,540061
48:27:EA:BE:D6:0F,Galaxy J5D60F,52.51195526,13.38023186,48:27:EA,11,wpa2,2023-04-15T17:00:00.000Z,2024-10-17T08:00:00.000Z,Berlin,Mitte,DE,In den Ministergärten,10117
48:27:EA:BE:E9:BD,AndroidAP,50.09680557,8.35230446,48:27:EA,6,wpa2,2024-04-16T09:00:00.000Z,2026-03-12T12:00:00.000Z,,Hessen,DE,A 3,65207
48:27:EA:BF:0A:19,AndroidAP,24.97968292,121.44264984,48:27:EA,1,wpa2,2025-05-30T11:00:00.000Z,2025-05-30T05:00:00.000Z,新北市,新北市,TW,中央路二段,236030
48:27:EA:BF:25:01,AndroidAP2501,47.52054977,19.07361412,48:27:EA,1,wpa2,2025-04-08T17:00:00.000Z,2025-05-23T06:00:00.000Z,,Budapest,HU,Vágány utca,1135
48:27:EA:BF:4F:8F,AndroidAP,50.06761551,14.40349674,48:27:EA,11,wpa2,2024-10-15T16:00:00.000Z,2024-10-15T13:00:00.000Z,Hlavní město Praha,Praha,CZ,Stroupežnického,151 34
48:27:EA:C0:2F:97,Galaxy J52F97,54.54509354,18.44717216,48:27:EA,11,wpa2,2026-02-03T12:00:00.000Z,2026-02-03T23:00:00.000Z,Gdynia,województwo pomorskie,PL,Morska,81-002
48:27:EA:C0:43:03,AndroidAP4303,24.99468613,121.31130219,48:27:EA,11,wpa2,2025-01-05T06:00:00.000Z,2025-01-05T00:00:00.000Z,,桃園區,TW,中山路,330
48:27:EA:C0:45:73,AndroidAP4573,55.80709076,37.63737106,48:27:EA,6,unknown,2025-02-07T14:00:00.000Z,2025-02-07T08:00:00.000Z,Москва,Москва,RU,проспект Мира,129626
48:27:EA:C0:5F:79,Android 29,53.77427673,-1.75779676,48:27:EA,1,wpa2,2024-03-10T14:00:00.000Z,2025-04-05T10:00:00.000Z,Bradford,England,GB,Arnside Road,BD5 8DR
48:27:EA:C0:A7:53,Серый,59.79911804,30.27282906,48:27:EA,1,unknown,2026-01-04T16:00:00.000Z,2026-01-04T09:00:00.000Z,Санкт-Петербург,Санкт-Петербург,RU,Взлётная улица,196140
48:27:EA:C0:A9:33,??????,13.78048038,99.58722687,48:27:EA,6,wpa2,2024-09-15T04:00:00.000Z,2024-09-15T17:00:00.000Z,,จังหวัดราชบุรี,TH,3090,
48:27:EA:C0:BE:EF,Neung.vk,13.71665668,100.56613922,48:27:EA,6,wpa2,2025-05-14T10:00:00.000Z,2025-05-16T10:00:00.000Z,กรุงเทพมหานคร,กรุงเทพมหานคร,TH,ถนนเกษมราษฎร์,10110
48:27:EA:C0:EE:4F,AndroidAPEE4F,50.92858124,11.59488964,48:27:EA,1,wpa2,2024-09-16T16:00:00.000Z,2024-10-23T13:00:00.000Z,Jena,Thüringen,DE,Landfeste,07743
48:27:EA:C1:2D:F3,AndroidAP2DF3,50.29032898,19.1111908,48:27:EA,11,wpa2,2024-12-08T13:00:00.000Z,2024-12-08T06:00:00.000Z,Sosnowiec,województwo śląskie,PL,S86,41-214
48:27:EA:C1:3A:41,AndroidAP,48.52781296,2.65517282,48:27:EA,1,wpa2,2025-04-17T09:00:00.000Z,2026-06-02T09:00:00.000Z,Melun,Île-de-France,FR,Place Gallieni,77000
48:27:EA:C1:41:83,AndroidAP4183,48.63218689,2.33851147,48:27:EA,11,wpa2,2023-06-17T18:00:00.000Z,2025-06-27T07:00:00.000Z,Sainte-Geneviève-des-Bois,Île-de-France,FR,Allée Michel Berger,91700
48:27:EA:C1:48:4D,Galaxy J5484D,48.8324585,2.3335588,48:27:EA,6,wpa2,2026-06-02T15:00:00.000Z,2026-06-02T11:00:00.000Z,Paris,Île-de-France,FR,Rue Jean-Claude Arnould,75014
48:27:EA:C1:57:73,Galaxy J55773,48.27797699,17.70956421,48:27:EA,6,wpa2,2024-11-19T19:00:00.000Z,2024-11-19T11:00:00.000Z,,Trnavský kraj,SK,Amazonská,926 01
48:27:EA:C1:BA:D5,AndroidAPBAD5,40.18278885,44.51486206,48:27:EA,11,wpa2,2025-01-01T13:00:00.000Z,2025-01-01T05:00:00.000Z,,Կենտրոն,AM,Հին Երևանցու փողոց,010
48:27:EA:C1:BF:7F,Samsung 7,51.19976807,14.32662201,48:27:EA,6,wpa2,2023-07-07T16:00:00.000Z,2026-07-03T00:00:00.000Z,,Sachsen,DE,A 4,02625
48:27:EA:C2:DC:91,AndroidAP,51.16376495,71.40143585,48:27:EA,11,wpa2,2025-04-12T07:00:00.000Z,2025-04-12T00:00:00.000Z,Астана,Астана,KZ,,010000
48:27:EA:C3:08:A9,x13\311\231hram,41.28613281,69.19655609,48:27:EA,1,wep,2025-11-09T08:00:00.000Z,2025-11-09T04:00:00.000Z,,Chilonzor Tumani,UZ,,100097
48:27:EA:C3:1E:FF,AndroidAP,55.72552109,37.64662552,48:27:EA,1,unknown,2024-01-22T10:00:00.000Z,2024-09-25T06:00:00.000Z,Москва,Москва,RU,2-й Кожевнический переулок,115114
48:27:EA:C3:3B:79,Galaxy J53B79,46.17477036,21.31486893,48:27:EA,11,wpa2,2023-05-23T17:00:00.000Z,2024-09-20T14:00:00.000Z,Arad,Arad,RO,Strada Ilarie Chendi,310024
48:27:EA:C3:58:0D,Galaxy J5580D,45.91494751,13.72899723,48:27:EA,6,wpa2,2025-07-28T10:00:00.000Z,2025-07-28T03:00:00.000Z,,Nova Gorica,SI,H4,5262
48:27:EA:C3:63:C9,AndroidAP63C9,46.90419006,15.47231674,48:27:EA,1,wpa2,2022-08-29T12:00:00.000Z,2025-01-10T11:00:00.000Z,,Steiermark,AT,Pyhrn Autobahn,8410
48:27:EA:C3:C2:3B,AndroidAPC23B,52.36434555,21.15578651,48:27:EA,6,wpa2,2025-06-26T12:00:00.000Z,2025-06-26T07:00:00.000Z,,województwo mazowieckie,PL,Stara,05-270
48:27:EA:C3:C6:BF,AndroidAP majk,48.65882874,8.03756332,48:27:EA,1,wpa2,2026-03-12T17:00:00.000Z,2026-03-14T12:00:00.000Z,,Baden-Württemberg,DE,A 5,77855
48:27:EA:C3:D1:7D,AndroidAP,45.76395416,4.909554,48:27:EA,11,wpa2,2025-01-29T16:00:00.000Z,2025-02-01T10:00:00.000Z,Villeurbanne,Auvergne-Rhône-Alpes,FR,Cours Émile Zola,69100
48:27:EA:C3:FE:E7,AndroidAP,25.05342293,121.42987823,48:27:EA,1,wpa2,2026-02-19T05:00:00.000Z,2026-02-22T19:00:00.000Z,,新北市,TW,明志路二段,243093
48:27:EA:C3:FF:7B,AndroidAP,25.012743,121.43466187,48:27:EA,11,wpa2,2023-01-11T21:00:00.000Z,2025-08-31T00:00:00.000Z,,新北市,TW,瓊林南路,24262
48:27:EA:C4:21:09,Galaxy J52109    ,41.71474075,44.80263901,48:27:EA,1,wpa2,2024-09-22T05:00:00.000Z,2024-09-24T06:00:00.000Z,თბილისი,ოქროს უბანი,GE,გ. ჩიტაიას ქუჩა,0164
48:27:EA:C4:97:43,S22 $$$$,19.31237221,-69.54412842,48:27:EA,3,wpa2,2024-03-26T19:00:00.000Z,2025-06-09T11:00:00.000Z,,Samaná,DO,Avenida Duarte,3400
48:27:EA:C4:9C:71,Hosain,60.18632507,24.98035622,48:27:EA,11,wpa2,2019-05-09T08:00:00.000Z,2026-03-14T05:00:00.000Z,Helsinki,Manner-Suomi,FI,Englantilaisaukio,00540
48:27:EA:C4:A7:F5,AndroidAP7258,47.3789444,8.54260159,48:27:EA,6,wpa2,2025-11-21T14:00:00.000Z,2025-11-21T07:00:00.000Z,Zürich,Zürich,CH,Walchestrasse,8001
48:27:EA:C4:A9:D3,AndroidAP,53.54961395,9.95965672,48:27:EA,6,wpa2,2025-02-04T17:00:00.000Z,2025-12-26T14:00:00.000Z,Hamburg,Hamburg-Mitte,DE,Reeperbahn,20359
48:27:EA:C4:D6:33,Galaxy J5D633,50.83441925,4.33140278,48:27:EA,1,wpa2,2024-02-22T10:00:00.000Z,2025-04-25T06:00:00.000Z,,Région de Bruxelles-Capitale - Brussels Hoofdstedelijk Gewest,BE,Rue Bara - Barastraat,1070
48:27:EA:C4:F9:63,AndroidAPF963,36.69762039,4.05390263,48:27:EA,1,wpa2,2026-01-24T13:00:00.000Z,2026-02-21T03:00:00.000Z,Tizi Ouzou تيزي وزو,Daïra Tizi Ouzou دائرة تيزي وزو,DZ,,150000
48:27:EA:C5:10:FB,AndroidAP10FB,7.18081141,80.58435059,48:27:EA,6,wpa2,2024-12-10T04:00:00.000Z,2024-12-10T05:00:00.000Z,,මධ්‍යම පළාත,LK,Kandy - Gampola Road,20500
48:27:EA:C5:34:AB,AndroidAP,51.16928864,71.43428802,48:27:EA,11,wpa2,2024-10-19T07:00:00.000Z,2024-12-23T02:00:00.000Z,Астана,Астана,KZ,проспект Абая,010000
48:27:EA:C5:36:81,Tope,51.16258621,71.42716217,48:27:EA,11,wpa2,2025-02-25T08:00:00.000Z,2025-02-27T00:00:00.000Z,Астана,Астана,KZ,улица Амангельды Иманова,010000
48:27:EA:C5:54:99,AndroidAP,47.25468826,26.55483818,48:27:EA,6,wpa2,2024-09-02T17:00:00.000Z,2024-09-02T16:00:00.000Z,,Iași,RO,DN2,707145
48:27:EA:C5:59:FB,Botakhan,43.40969086,77.01799774,48:27:EA,6,wpa2,2023-09-27T13:00:00.000Z,2025-02-20T13:00:00.000Z,,Алматинская область,KZ,KB-15,040700
48:27:EA:C5:63:51,Sultan bei,43.43707657,77.02918243,48:27:EA,6,wpa2,2023-10-13T08:00:00.000Z,2025-02-20T13:00:00.000Z,,Алматинская область,KZ,улица Жансугурова,040700
48:27:EA:C5:FB:75,AndroidAPFB75,59.80505371,30.1763134,48:27:EA,11,unknown,2025-05-29T20:00:00.000Z,2025-05-29T23:00:00.000Z,Санкт-Петербург,Санкт-Петербург,RU,КАД,198205
48:27:EA:C6:98:27,ประทาน,13.892869,100.58661652,48:27:EA,6,wpa2,2024-11-13T11:00:00.000Z,2024-11-13T03:00:00.000Z,,กรุงเทพมหานคร,TH,ถนนวิภาวดีรังสิต,10210
48:27:EA:C6:D4:09,AndroidAP4619,45.19125748,5.71484756,48:27:EA,1,wpa2,2025-08-11T19:00:00.000Z,2025-08-11T13:00:00.000Z,Grenoble,Auvergne-Rhône-Alpes,FR,Place de la Gare,38000
48:27:EA:C6:E4:45,AndroidAP1199,47.44351578,8.57000637,48:27:EA,3,wpa2,2024-11-18T08:00:00.000Z,2025-05-14T22:00:00.000Z,,Zürich,CH,Flughofstrasse,8302
48:27:EA:C6:F6:7B,Volvo ws,47.39897919,19.30936241,48:27:EA,1,wpa2,2026-06-23T12:00:00.000Z,2026-06-23T08:00:00.000Z,,Közép-Magyarország,HU,M0,2225
48:27:EA:C7:07:39,Einsam,52.53312683,13.51875687,48:27:EA,4,wpa2,2026-06-27T16:00:00.000Z,2026-06-27T11:00:00.000Z,Berlin,Marzahn-Hellersdorf,DE,Rhinstraße,12681
48:27:EA:C7:1D:77,AndroidAP,33.98460007,-118.37051392,48:27:EA,1,wpa2,2019-09-26T15:00:00.000Z,2025-03-08T20:00:00.000Z,Inglewood,CA,US,South La Cienega Boulevard,90304
48:27:EA:C7:47:E9,Samsung. ,53.1358757,23.21466064,48:27:EA,6,wpa2,2025-12-05T16:00:00.000Z,2026-02-08T00:00:00.000Z,,województwo podlaskie,PL,Pieczurki,15-198
48:27:EA:C7:49:83,AndroidAP,51.76568985,19.42741966,48:27:EA,6,wpa2,2025-09-03T17:00:00.000Z,2025-09-03T14:00:00.000Z,Łódź,województwo łódzkie,PL,Aleja Włókniarzy,90-768
48:27:EA:C8:1E:64,Harley.P,50.82521057,-0.13855708,48:27:EA,9,wep,2025-11-01T11:00:00.000Z,2025-11-06T08:00:00.000Z,Brighton,England,GB,Jubilee Street,BN1 1GE
48:27:EA:C8:22:5C,AndroidAP,47.69448471,7.42491388,48:27:EA,4,wpa2,2026-03-14T15:00:00.000Z,2026-03-14T10:00:00.000Z,,Grand Est,FR,Allée de la Harth,68440
48:27:EA:C8:2D:BA,AndroidAP2DBA,41.02484512,28.79205704,48:27:EA,1,wpa2,2026-06-04T19:00:00.000Z,2026-06-04T12:00:00.000Z,,Marmara Bölgesi,TR,,34295
48:27:EA:C8:40:98,AndroidAP4098,51.04984283,13.75741863,48:27:EA,1,wpa2,2025-05-01T10:00:00.000Z,2025-06-27T11:00:00.000Z,Dresden,Sachsen,DE,Striesener Straße,01307
48:27:EA:C8:4D:2E,Yves,46.46072769,6.84780502,48:27:EA,1,wpa2,2024-11-03T11:00:00.000Z,2024-11-05T12:00:00.000Z,,Vaud,CH,Rue du Clos,1800
48:27:EA:C8:5E:6A,AndroidAP5E6A,51.4592247,-0.04326602,48:27:EA,9,wpa2,2026-06-29T01:00:00.000Z,2026-07-09T19:00:00.000Z,London,England,GB,St Norbert Road,SE4 2BN
48:27:EA:C8:60:9E,AndroidAP1156,47.06923676,15.4407959,48:27:EA,1,wpa2,2026-06-02T12:00:00.000Z,2026-06-02T06:00:00.000Z,Graz,Steiermark,AT,Herrengasse,8010
48:27:EA:C8:60:F4,,31.62607956,-7.9882865,48:27:EA,1,wpa2,2024-11-15T15:00:00.000Z,2024-11-15T09:00:00.000Z,arrondissement de Marrakech-Medina مراكش المدينة,Marrakech-Safi ⵎⵕⵕⴰⴽⵛ-ⴰⵙⴼⵉ مراكش-أسفي,MA,Jemaâ El Fna,40034
48:27:EA:C8:A2:36,J7,50.73673248,6.56167269,48:27:EA,6,wpa2,2025-04-15T11:00:00.000Z,2025-04-15T10:00:00.000Z,,Nordrhein-Westfalen,DE,B 56,52391
48:27:EA:C8:E9:4C,AndroidAP5,63.40811539,10.38103104,48:27:EA,3,wpa2,2025-01-10T21:00:00.000Z,2026-04-12T19:00:00.000Z,,Trøndelag,NO,Hoemsvegen,7019
48:27:EA:C9:C0:9E,AndroidAP,12.48491001,99.8913269,48:27:EA,1,wpa2,2024-09-15T02:00:00.000Z,2024-09-15T17:00:00.000Z,,จังหวัดประจวบคีรีขันธ์,TH,ถนนเลี่ยงเมือง,
48:27:EA:C9:D5:1A,AndroidAPD51A,12.57150936,99.9536438,48:27:EA,1,wpa2,2025-02-14T14:00:00.000Z,2025-02-14T07:00:00.000Z,,จังหวัดประจวบคีรีขันธ์,TH,ถนนพระปกเกล้า,77110
48:27:EA:C9:EF:9C,Katerina,52.40242767,20.92106056,48:27:EA,11,wpa2,2024-10-06T12:00:00.000Z,2025-04-30T11:00:00.000Z,,województwo mazowieckie,PL,Bolesława Chrobrego,05-120
48:27:EA:C9:F2:DE,AndroidAPF2DE,41.35403061,41.30739212,48:27:EA,11,wpa2,2025-03-23T13:00:00.000Z,2025-03-23T06:00:00.000Z,,Karadeniz Bölgesi,TR,Karadeniz Sahil Yolu,08200
48:27:EA:CA:48:F6,ZuzaFirmowy,52.26003265,21.00702667,48:27:EA,6,wpa2,2024-12-17T16:00:00.000Z,2024-12-17T08:00:00.000Z,Warszawa,województwo mazowieckie,PL,Bulwar Jana Karskiego,00-221
48:27:EA:CA:97:20,suree_5G,42.36621094,-71.01781464,48:27:EA,6,wpa2,2024-10-06T20:00:00.000Z,2024-10-06T15:00:00.000Z,Boston,MA,US,Harborside Drive,02128
48:27:EA:CA:AB:00,AndroidAPAB00,48.15470123,17.12536621,48:27:EA,1,wpa2,2023-07-12T15:00:00.000Z,2026-03-17T10:00:00.000Z,Bratislava,Bratislavský kraj,SK,Karadžičova,
48:27:EA:CA:AF:88,AndroidAP,47.3901825,11.77324104,48:27:EA,4,wpa2,2024-04-20T15:00:00.000Z,2025-01-25T13:00:00.000Z,Marktgemeinde Jenbach,Tirol,AT,Achenseestraße,6200
48:27:EA:CA:B6:42,AndroidAP,47.56328583,19.05770111,48:27:EA,1,wpa2,2022-01-23T18:00:00.000Z,2025-06-15T06:00:00.000Z,,Budapest,HU,Gázgyár utca,1031
48:27:EA:CA:D2:F4,Viky-wifi,45.55888748,18.68372726,48:27:EA,1,wpa2,2001-01-01T01:00:00.000Z,2024-10-28T02:00:00.000Z,Osijek,Osječko-baranjska županija,HR,Ulica Stjepana Radića,31108
48:27:EA:CB:03:44,AndroidAP,8.21394062,98.80969238,48:27:EA,1,wpa2,2025-01-13T05:00:00.000Z,2025-01-13T02:00:00.000Z,,จังหวัดกระบี่,TH,4,81300
48:27:EA:CB:56:8E,Android,53.06121445,21.97341537,48:27:EA,6,wpa2,2025-03-08T12:00:00.000Z,2025-07-19T14:00:00.000Z,,województwo podlaskie,PL,Via Baltica,18-411
48:27:EA:CB:57:1E,AndroidAP,45.77292633,21.22218132,48:27:EA,6,wpa2,2026-04-09T13:00:00.000Z,2026-04-09T06:00:00.000Z,Timișoara,Timiș,RO,Calea Aradului,300282
48:27:EA:CB:5B:22,AndroidAP5B22,35.0037117,135.76747131,48:27:EA,11,wpa2,2026-06-23T12:00:00.000Z,2026-06-23T07:00:00.000Z,京都市,京都府,JP,四条通;京都市道186号嵐山祇園線,604-8042
48:27:EA:CB:7F:C0,AndroidAP,43.58575439,39.72506714,48:27:EA,11,unknown,2025-11-08T11:00:00.000Z,2025-12-03T05:00:00.000Z,Сочи,Краснодарский край,RU,улица Горького,354000
48:27:EA:CC:21:50,MedGarden,45.5999794,9.01224709,48:27:EA,6,wpa2,2024-06-06T11:00:00.000Z,2024-09-28T09:00:00.000Z,,Lombardia,IT,Autostrada Lainate-Como-Chiasso,21040
48:27:EA:CC:39:00,AndroidAP,38.11222458,13.37827396,48:27:EA,11,wpa2,2024-09-12T11:00:00.000Z,2025-01-11T03:00:00.000Z,Palermo,Sicilia,IT,Piazza Vincenzo Tumminello,90123
48:27:EA:CC:BA:11,AndroidAP,60.00965118,30.28388786,48:27:EA,1,unknown,2024-02-24T15:00:00.000Z,2024-10-11T01:00:00.000Z,Санкт-Петербург,Санкт-Петербург,RU,Серебристый бульвар,197227
48:27:EA:CC:F6:DB,Galaxy J5F6DB,46.13863754,14.73993683,48:27:EA,11,wpa2,2024-07-10T05:00:00.000Z,2025-01-10T11:00:00.000Z,,Upravna Enota Domžale,SI,Detelova cesta,1251
48:27:EA:CC:FA:3B,Disconnected,49.39545822,20.41291809,48:27:EA,11,wpa2,2024-09-05T12:00:00.000Z,2024-09-06T08:00:00.000Z,,Prešovský kraj,SK,543,059 06
48:27:EA:CD:39:07,AndroidAP3907,46.06152344,14.54468346,48:27:EA,9,wpa2,2024-06-07T16:00:00.000Z,2025-01-10T11:00:00.000Z,Ljubljana,Štepanjsko naselje,SI,Letališka cesta,1533
48:27:EA:CD:57:87,AndroidAP5787,53.59580994,-2.27078295,48:27:EA,1,wpa2,2025-04-06T12:00:00.000Z,2025-04-06T06:00:00.000Z,,England,GB,M66,BL9 7QT
48:27:EA:CD:8A:BF,SHOPOV,47.65913391,9.16066742,48:27:EA,11,wpa2,2025-04-29T16:00:00.000Z,2026-04-15T07:00:00.000Z,,Thurgau,CH,An der Ersten Strasse,8274
48:27:EA:CD:9C:A7,AdisH,43.84176636,18.32350922,48:27:EA,11,wpa2,2024-09-10T12:00:00.000Z,2024-09-10T10:00:00.000Z,,Federacija Bosne i Hercegovine,BA,Džemala Bijedića,71210
48:27:EA:CD:B0:B3,Samsung,43.20779419,23.56005287,48:27:EA,1,wpa2,2026-08-24T17:00:00.000Z,2026-08-26T06:00:00.000Z,Враца,Враца,BG,бул. Васил Кънчов,3000
48:27:EA:CD:B9:69,AndroidAP,52.38433075,13.78171825,48:27:EA,6,wpa2,2021-06-04T08:00:00.000Z,2024-09-03T09:00:00.000Z,,Brandenburg,DE,Jägerbude,15537
48:27:EA:CD:C4:8D,Crisma Trans Srl,46.56309891,23.7857151,48:27:EA,6,wpa2,2026-05-22T16:00:00.000Z,2026-05-22T12:00:00.000Z,Turda,Cluj,RO,Strada Ștefan cel Mare,
48:27:EA:CD:C6:1F,AndroidAAP,48.31052399,18.08423233,48:27:EA,6,wpa2,2001-01-01T01:00:00.000Z,2025-05-02T04:00:00.000Z,Nitra,Nitriansky kraj,SK,Piaristická,949 01
48:27:EA:CD:D1:95,Alps,40.62465286,22.95187569,48:27:EA,1,wpa2,2025-04-15T05:00:00.000Z,2025-04-14T22:00:00.000Z,Δημοτική Ενότητα Θεσαλονίκης,Αποκεντρωμένη Διοίκηση Μακεδονίας - Θράκης,GR,Πάρκο ΧΑΝΘ,54013
48:27:EA:CD:E4:93,Daniela Celu,41.3863945,2.16890383,48:27:EA,11,wpa2,2025-09-29T09:00:00.000Z,2025-09-29T08:00:00.000Z,Barcelona,Catalunya,ES,Plaça Catalunya,08001
48:27:EA:CE:10:69,J7 Pro,24.99005699,121.44702148,48:27:EA,11,wpa2,2024-11-30T08:00:00.000Z,2024-11-30T03:00:00.000Z,新北市,新北市,TW,裕華街,23663
48:27:EA:CE:66:17,Galaxy J56617,51.94573975,13.83036232,48:27:EA,6,wpa2,2021-07-07T17:00:00.000Z,2025-09-27T03:00:00.000Z,,Brandenburg,DE,B 115,15907
48:27:EA:CE:A3:25,Galaxy J5A325,41.90761948,12.45567703,48:27:EA,11,wpa2,2026-08-23T12:00:00.000Z,2026-08-23T06:00:00.000Z,Roma,Lazio,IT,Via Leone Quarto,00192
48:27:EA:CF:94:27,Galaxy J59427,60.17043304,24.93075562,48:27:EA,11,wpa2,2024-09-26T10:00:00.000Z,2024-09-28T06:00:00.000Z,Helsinki,Manner-Suomi,FI,Eteläinen Rautatiekatu,00100
48:27:EA:CF:A0:DB,AndroidAPA0DB,52.42655182,-0.62085968,48:27:EA,1,wpa2,2023-03-20T13:00:00.000Z,2025-09-29T12:00:00.000Z,,England,GB,,
48:27:EA:CF:BD:5D,AndroidAP,47.47350693,7.65845156,48:27:EA,6,wpa2,2025-11-13T04:00:00.000Z,2025-11-13T07:00:00.000Z,,Solothurn,CH,Hauptstrasse,4145
48:27:EA:D0:46:AD,MEIN WLAN NICHT DEINS,51.07012177,7.01800203,48:27:EA,9,wpa2,2025-03-13T12:00:00.000Z,2025-05-15T05:00:00.000Z,,Nordrhein-Westfalen,DE,Talstraße,51379
48:27:EA:D0:57:17,AndroidAP5717,51.93930054,15.54835033,48:27:EA,10,wpa2,2025-12-16T07:00:00.000Z,2025-12-15T23:00:00.000Z,Zielona Góra,województwo lubuskie,PL,S3,65-267
48:27:EA:D0:83:3F,AndroidAP,52.2689476,4.54566002,48:27:EA,1,wpa2,2025-04-18T11:00:00.000Z,2025-04-18T05:00:00.000Z,,Zuid-Holland,NL,Loosterweg Noord,2211
48:27:EA:D0:86:D1,AndroidAP,40.53933716,44.91172409,48:27:EA,1,wpa2,2024-12-05T15:00:00.000Z,2024-12-08T11:00:00.000Z,,Գեղարքունիքի մարզ,AM,Մ-4,1502
48:27:EA:D0:BD:D5,Adrian-phone,50.03533936,11.47733212,48:27:EA,6,wpa2,2026-03-02T10:00:00.000Z,2026-03-02T03:00:00.000Z,,Bayern,DE,A 70,95512
48:27:EA:D1:21:A7,gruby15,50.48532486,19.43112946,48:27:EA,6,wpa2,2024-10-25T16:00:00.000Z,2024-10-26T18:00:00.000Z,,województwo śląskie,PL,Piastowska,42-401
48:27:EA:D1:45:A7,AndroidAP45A7,50.2641983,19.01454353,48:27:EA,6,wpa2,2024-05-16T17:00:00.000Z,2024-10-10T15:00:00.000Z,Katowice,województwo śląskie,PL,Sokolska,40-086
48:27:EA:D1:4E:49,Camera IP,47.98542404,23.75957489,48:27:EA,6,wpa2,2006-01-03T20:00:00.000Z,2025-08-27T12:00:00.000Z,,Maramureș,RO,Strada Principală,437080
48:27:EA:D1:4F:0D,SG-J7,49.08992004,12.09632015,48:27:EA,1,wpa2,2022-12-22T14:00:00.000Z,2026-05-31T13:00:00.000Z,,Bayern,DE,A 93,93197
48:27:EA:D1:A0:DD,Galaxy J5A0DD,51.68087769,-3.01526809,48:27:EA,11,wpa2,2025-11-05T17:00:00.000Z,2025-11-13T03:00:00.000Z,,Cymru / Wales,GB,A4042,NP4
48:27:EA:D1:B5:D5,AndroidAP,38.19601822,15.54972172,48:27:EA,1,wpa2,2024-11-14T09:00:00.000Z,2024-11-15T02:00:00.000Z,Messina,Sicilia,IT,Viale Principe Umberto,98122
48:27:EA:D2:2D:AE,rbp,50.09589767,14.42549419,48:27:EA,6,wpa2,2025-10-19T11:00:00.000Z,2025-10-19T10:00:00.000Z,Hlavní město Praha,Praha,CZ,Letenské sady,11005
48:27:EA:D2:2E:CE,AndroidAP2ECE,-7.72250986,110.43730927,48:27:EA,11,wpa2,2024-12-04T04:00:00.000Z,2025-02-02T00:00:00.000Z,Wedomartani,Daerah Istimewa Yogyakarta,ID,Jalan Raya Tajem,55584
48:27:EA:D2:A8:68,necokrasneho,49.01438141,14.35432529,48:27:EA,11,wpa2,2024-03-09T17:00:00.000Z,2025-01-21T15:00:00.000Z,,Jihozápad,CZ,14545,37346
48:27:EA:D2:D7:34,AndroidAP_SD,48.27824402,1.19955516,48:27:EA,1,wpa2,2026-01-02T17:00:00.000Z,2026-01-02T12:00:00.000Z,,Centre-Val de Loire,FR,L’Océane,28160
48:27:EA:D3:E9:6E,AndroidAPE96E,52.0619545,4.31626701,48:27:EA,11,wpa2,2024-10-27T09:00:00.000Z,2024-10-31T10:00:00.000Z,Den Haag,Zuid-Holland,NL,Verheeskade,2521BN
48:27:EA:D3:F3:00,Galaxy J5F300,47.50213242,19.05938911,48:27:EA,6,wpa2,2023-07-12T18:00:00.000Z,2024-12-19T10:00:00.000Z,,Budapest,HU,Andrássy út,1061
48:27:EA:D4:26:E8,AndroidAP26E8   MTS,55.84080887,37.48761749,48:27:EA,11,unknown,2024-12-07T05:00:00.000Z,2025-04-30T13:00:00.000Z,Москва,Москва,RU,Кронштадтский бульвар,125212
48:27:EA:D4:39:AA,Galaxy J539AA,55.87797165,37.85702896,48:27:EA,11,unknown,2024-11-14T19:00:00.000Z,2025-01-02T06:00:00.000Z,Королёв,Московская область,RU,,141076
48:27:EA:D4:4C:8A,AndroidNello,44.11031723,9.96449184,48:27:EA,1,wpa2,2025-04-27T11:00:00.000Z,2025-04-27T09:00:00.000Z,Sarzana,Liguria,IT,Via Luigi Neri,1903
48:27:EA:D4:99:60,White Iverson,55.64814377,37.53116608,48:27:EA,6,unknown,2025-01-09T11:00:00.000Z,2025-01-09T03:00:00.000Z,Москва,Москва,RU,Профсоюзная улица,117485
48:27:EA:D6:4A:7C,AndroidAP4A7C,51.44636536,6.77891636,48:27:EA,6,wpa2,2021-10-29T12:00:00.000Z,2024-09-02T03:00:00.000Z,Duisburg,Nordrhein-Westfalen,DE,A 40,47058
48:27:EA:D6:71:CC,AndroidAP71CC,-25.30000305,-57.60995865,48:27:EA,11,wpa2,2025-04-24T14:00:00.000Z,2025-04-30T05:00:00.000Z,Asunción,Distrito Capital de Paraguay,PY,Celsa Speratti,1590
48:27:EA:D6:7C:74,AndroidAP7C74,-12.13638783,-77.02263641,48:27:EA,11,wpa2,2024-11-29T18:00:00.000Z,2024-11-29T11:00:00.000Z,Barranco,Lima,PE,Avenida Almirante Miguel Grau,15063
48:27:EA:D6:9F:7A,AndroidAP9F7A,45.6912384,4.76617193,48:27:EA,1,wpa2,2025-02-09T21:00:00.000Z,2025-02-09T13:00:00.000Z,,Auvergne-Rhône-Alpes,FR,Route de Brignais,69230
48:27:EA:D6:B9:38,AndroidAPB938,6.83156586,80.02586365,48:27:EA,1,wpa2,2026-08-13T02:00:00.000Z,2026-08-12T20:00:00.000Z,,බස්නාහිර පළාත,LK,Pitipana-Thalagala Road,2004
48:27:EA:D6:D2:6C,AndroidAP,60.45143127,22.26578903,48:27:EA,1,wpa2,2026-05-05T11:00:00.000Z,2026-07-24T00:00:00.000Z,Turku,Manner-Suomi,FI,,20100
48:27:EA:D7:00:DB,AndroidAP,52.06212234,4.31595421,48:27:EA,6,wpa2,2025-01-24T17:00:00.000Z,2025-03-20T09:00:00.000Z,Den Haag,Zuid-Holland,NL,Verheeskade,2521DG
48:27:EA:D7:19:FF,AndroidAP,41.79239273,12.25273514,48:27:EA,1,wpa2,2025-04-23T13:00:00.000Z,2025-04-23T09:00:00.000Z,,Lazio,IT,Via Francesco Aurelio Di Bella,00054
48:27:EA:D7:72:BF,AndroidAP,48.18698502,16.3768425,48:27:EA,11,wpa2,2025-07-26T14:00:00.000Z,2025-07-26T20:00:00.000Z,Wien,Schaumburgergrund,AT,Wiedner Gürtel,1040
48:27:EA:D7:76:B3,AndroidAP76B3,47.93665314,16.22957611,48:27:EA,6,wpa2,2024-09-21T07:00:00.000Z,2024-09-21T04:00:00.000Z,,Niederösterreich,AT,Südbahnstraße,2544
48:27:EA:D7:88:49,AndroidAP,51.34411621,12.37984848,48:27:EA,11,wpa2,2025-06-10T14:00:00.000Z,2025-07-20T03:00:00.000Z,Leipzig,Sachsen,DE,Willy-Brandt-Platz,04109
48:27:EA:D7:90:0D,AndroidAP900D,47.50120926,19.10790634,48:27:EA,11,wpa2,2025-06-10T07:00:00.000Z,2025-07-10T09:00:00.000Z,,Budapest,HU,Hungária körút,1143
48:27:EA:D7:94:83,Pers,52.1668396,5.45855141,48:27:EA,11,wpa2,2024-10-20T12:00:00.000Z,2025-05-10T05:00:00.000Z,Amersfoort,Utrecht,NL,Rijksweg A1,3871MS
48:27:EA:D8:13:3D,Astralis,51.1679306,71.3996048,48:27:EA,1,wpa2,2023-03-17T17:00:00.000Z,2025-01-09T21:00:00.000Z,Астана,Астана,KZ,улица Кенжебека Кумисбекова,010000
48:27:EA:D8:8C:9D,AndroidAP,46.20452118,6.14990759,48:27:EA,11,wpa2,2025-08-01T20:00:00.000Z,2025-08-01T15:00:00.000Z,Genève,Genève,CH,Quai du Général-Guisan,1204
48:27:EA:D8:90:CD,AndroidAP90CD,55.97444534,37.97406769,48:27:EA,1,unknown,2024-10-09T13:00:00.000Z,2024-10-22T03:00:00.000Z,,Московская область,RU,,141284
48:27:EA:D8:98:81,AndroidAP9881,43.08243942,12.15534019,48:27:EA,1,none,2026-07-22T14:00:00.000Z,2026-07-23T09:00:00.000Z,,Umbria,IT,Via della Sapienza,06063
48:27:EA:D8:99:5F,EEE,48.8593483,2.27690792,48:27:EA,8,wpa2,2025-03-08T16:00:00.000Z,2025-11-07T04:00:00.000Z,Paris,Île-de-France,FR,Rue Faustin Hélie,75116
48:27:EA:D8:AD:63,AndroidAPAD63,52.65076447,-1.1704272,48:27:EA,11,wpa2,2026-03-13T21:00:00.000Z,2026-03-13T17:00:00.000Z,Leicester,England,GB,Groby Road,LE3 9QJ
48:27:EA:D8:B4:83,AndroidAPB483,53.47312546,9.93782711,48:27:EA,11,wpa2,2025-05-13T07:00:00.000Z,2026-04-19T10:00:00.000Z,Hamburg,Heimfeld,DE,Moorburger Bogen,21079
48:27:EA:D8:EA:1D,Galaxy J5EA1D,51.47394943,-0.0480821,48:27:EA,11,wpa2,2025-05-10T16:00:00.000Z,2025-05-12T11:00:00.000Z,London,England,GB,Queen's Road,SE14 5HD
48:27:EA:D9:0D:C5,AndroidAP,49.60248184,6.17362452,48:27:EA,6,wpa2,2025-07-24T11:00:00.000Z,2025-07-24T04:00:00.000Z,,Canton Luxembourg,LU,Autoroute de Trèves,1348
48:27:EA:D9:2D:3F,AndroidAP,54.61445236,8.97419643,48:27:EA,1,wpa2,2019-12-15T22:00:00.000Z,2024-12-01T01:00:00.000Z,,Schleswig-Holstein,DE,Husumer Straße,25821
48:27:EA:D9:31:D7,AndroidAP31D7,54.49155426,8.87696934,48:27:EA,11,wpa2,2024-04-05T06:00:00.000Z,2025-02-13T04:00:00.000Z,,Schleswig-Holstein,DE,England,25845
48:27:EA:D9:32:77,AndroidAP3277,52.28993988,9.35962486,48:27:EA,1,wpa2,2020-10-09T17:00:00.000Z,2026-08-13T11:00:00.000Z,,Niedersachsen,DE,A 2,31867
48:27:EA:D9:89:93,AndroidAP8993,44.85652924,24.8721447,48:27:EA,11,wpa2,2024-08-19T13:00:00.000Z,2025-06-11T03:00:00.000Z,Pitești,Argeș,RO,Bulevardul Republicii,110016
48:27:EA:D9:9E:6B,Galaxy J59E6B,48.43296051,10.10436058,48:27:EA,6,wpa2,2025-12-05T16:00:00.000Z,2025-12-05T12:00:00.000Z,,Bayern,DE,A 7,89278
48:27:EA:D9:E2:B1,AndroidAP,49.77034378,9.83340073,48:27:EA,6,wpa2,2025-05-05T02:00:00.000Z,2025-06-06T05:00:00.000Z,,Bayern,DE,Müllersweg,97249
48:27:EA:D9:E4:37,Galaxy J5E437,50.48577118,19.4221096,48:27:EA,6,wpa2,2024-09-19T10:00:00.000Z,2024-09-19T03:00:00.000Z,,województwo śląskie,PL,Górnośląska,42-400
48:27:EA:D9:F3:37,AndroidAP2274,52.40494156,22.25513268,48:27:EA,1,unknown,2024-10-20T14:00:00.000Z,2024-10-20T19:00:00.000Z,,województwo mazowieckie,PL,Długa,08-300
48:27:EA:DA:0B:4B,AndroidAP0B4B,53.37187576,58.96146393,48:27:EA,1,unknown,2026-06-10T13:00:00.000Z,2026-06-10T10:00:00.000Z,Магнитогорск,Челябинская область,RU,Советская улица,455000
48:27:EA:DA:10:09,AndroidAP1009viva.am,40.18803406,44.52079391,48:27:EA,6,unknown,2024-09-04T04:00:00.000Z,2024-09-11T00:00:00.000Z,Երևան,Երևան,AM,Տերյան փողոց,0009
48:27:EA:DA:2C:65,Lothy,-34.57783508,-58.42673111,48:27:EA,11,wpa2,2024-09-29T17:00:00.000Z,2024-09-29T11:00:00.000Z,Buenos Aires,Ciudad Autónoma de Buenos Aires,AR,Avenida Santa Fe,C1425BHW
48:27:EA:DA:3C:6B,AndroidAP3C6B,-34.55810165,-58.45014572,48:27:EA,11,wpa2,2025-08-17T19:00:00.000Z,2025-08-17T13:00:00.000Z,Buenos Aires,Ciudad Autónoma de Buenos Aires,AR,Avenida Juramento,C1428AID
48:27:EA:DA:86:E5,AndroidHotspot6987,43.58898544,5.19423771,48:27:EA,6,wpa2,2023-12-27T15:00:00.000Z,2025-03-29T16:00:00.000Z,Lançon-Provence,Provence-Alpes-Côte d'Azur,FR,Autoroute du Soleil,13680
48:27:EA:DA:9D:83,AnnaNah internet,48.09461212,-4.32461309,48:27:EA,6,wpa2,2025-09-03T09:00:00.000Z,2025-09-03T03:00:00.000Z,,Bretagne,FR,,29100
48:27:EA:DA:A3:E1,Galaxy J3(2017)589A,51.04785156,-1.24188101,48:27:EA,6,wpa2,2024-09-19T10:00:00.000Z,2024-12-11T00:00:00.000Z,Winchester,England,GB,The Stairs,SO21 1HL
48:27:EA:DB:09:69,AndroidAP0969,16.06463623,104.36339569,48:27:EA,6,wpa2,2026-02-26T02:00:00.000Z,2026-02-25T19:00:00.000Z,,จังหวัดยโสธร,TH,2169,35140
48:27:EA:DB:50:7F,AndroidAP507F,56.72452927,15.82046986,48:27:EA,11,wpa2,2025-02-27T10:00:00.000Z,2025-03-15T05:00:00.000Z,,Kalmar län,SE,25,38296
48:27:EA:DB:61:27,AndroidAP6127,-8.27509689,-35.98177338,48:27:EA,11,wpa2,2025-11-25T15:00:00.000Z,2025-11-27T04:00:00.000Z,Caruaru,Pernambuco,BR,Rua Bahia,55014-220
48:27:EA:DB:6D:03,AndroidAP,50.3659668,13.65332699,48:27:EA,11,wpa2,2026-07-30T14:00:00.000Z,2026-08-13T10:00:00.000Z,,Severozápad,CZ,D7,439 42
48:27:EA:DB:79:11,AndroidAP,43.23591614,76.84399414,48:27:EA,11,wpa2,2023-04-14T15:00:00.000Z,2024-09-02T00:00:00.000Z,Алматы,Аксай,KZ,улица Кабдолова,050063
48:27:EA:DB:C9:AF,Janek INTERNET,47.38560867,11.76430511,48:27:EA,6,wpa2,2025-07-07T08:00:00.000Z,2025-08-12T08:00:00.000Z,Marktgemeinde Jenbach,Tirol,AT,Inntal Autobahn,6200
48:27:EA:DB:D6:2B,AndroidAP,46.28593063,23.71160889,48:27:EA,6,wpa2,2024-10-05T11:00:00.000Z,2024-10-05T06:00:00.000Z,,Alba,RO,,515200
48:27:EA:DB:DB:1D,robertrr,52.16279602,5.52271843,48:27:EA,1,wpa2,2024-09-27T13:00:00.000Z,2025-02-23T09:00:00.000Z,Amersfoort,Utrecht,NL,Rijksweg A1,3784VG
48:27:EA:DB:E1:AD,AC2,47.20195007,18.4329586,48:27:EA,1,wpa2,2022-04-24T12:00:00.000Z,2026-06-06T05:00:00.000Z,Székesfehérvár,Közép-Dunántúl,HU,Kadocsa utca,8000
48:27:EA:DB:E8:E9,AndroidAP,61.49857712,23.88002968,48:27:EA,6,unknown,2026-01-27T10:00:00.000Z,2026-01-27T03:00:00.000Z,Tampere,Manner-Suomi,FI,Heikkilänkatu,33580
48:27:EA:DD:7C:84,Galaxy J57C84,53.24863815,49.16823196,48:27:EA,1,unknown,2024-09-17T04:00:00.000Z,2024-09-17T07:00:00.000Z,,Самарская область,RU,Ново-Садовая улица,
48:27:EA:DD:9A:1C,AndroidAP,44.2133255,38.89463425,48:27:EA,6,unknown,2025-12-14T02:00:00.000Z,2025-12-14T03:00:00.000Z,,Краснодарский край,RU,Черноморская улица,352840
48:27:EA:DD:9F:F8,AndroidMVL⁰9,53.93678665,27.5820713,48:27:EA,1,wpa2,2024-10-31T14:00:00.000Z,2024-11-01T00:00:00.000Z,Минск,Сельхозпосёлок,BY,улица Максима Богдановича,220040
48:27:EA:DD:B8:66,Galaxy A039c17,47.49721909,19.05161285,48:27:EA,9,wpa2,2026-08-01T18:00:00.000Z,2026-08-01T12:00:00.000Z,,Budapest,HU,Bécsi utca,1052
48:27:EA:DD:D3:7E,AndroidAPD37E,48.83822632,2.3900888,48:27:EA,3,wpa2,2024-09-28T15:00:00.000Z,2024-09-28T08:00:00.000Z,Paris,Île-de-France,FR,Rue de Charenton,75012
48:27:EA:DD:F9:C6,AndroidAP6229,46.7831192,23.58753395,48:27:EA,1,wpa2,2025-08-18T13:00:00.000Z,2025-08-21T08:00:00.000Z,Cluj-Napoca,Cluj,RO,Strada Horea,400202
48:27:EA:DE:19:48,AndroidAP,53.25462341,-1.91525936,48:27:EA,1,wpa2,2024-09-21T12:00:00.000Z,2024-09-21T05:00:00.000Z,,England,GB,High Street,SK17 6ET
48:27:EA:DE:94:4A,AndroidAP,49.28075027,8.71582127,48:27:EA,6,wpa2,2025-01-24T12:00:00.000Z,2025-06-07T05:00:00.000Z,,Baden-Württemberg,DE,A 6,69168
48:27:EA:DE:97:66,AndroidAP,60.329216,11.21775723,48:27:EA,1,wpa2,2024-04-02T09:00:00.000Z,2024-09-26T08:00:00.000Z,,Viken,NO,Eidsvollvegen,2080
48:27:EA:DE:AE:E0,AndroidAP,48.18522263,15.69651604,48:27:EA,11,wpa2,2024-08-11T11:00:00.000Z,2025-05-30T08:00:00.000Z,Gemeinde Pyhra,Niederösterreich,AT,West Autobahn,3143
48:27:EA:DE:DA:36,Anna Phone,53.79325104,-1.54921186,48:27:EA,6,wpa2,2024-10-12T11:00:00.000Z,2024-10-13T06:00:00.000Z,Leeds,England,GB,Wharf Approach,LS1 4GS
48:27:EA:DE:F3:24,Galaxy J5F324,44.44283676,26.07188225,48:27:EA,11,wpa2,2025-03-15T10:00:00.000Z,2025-03-15T06:00:00.000Z,Municipiul București,Sector 6,RO,Calea Plevnei,010243
48:27:EA:DE:F6:D4,AndroidAP,41.28644943,-8.70194149,48:27:EA,1,wpa2,2024-10-14T08:00:00.000Z,2024-10-14T06:00:00.000Z,Labruge,Porto,PT,A 28,4485-579
48:27:EA:DF:1C:36,N.u.love68,44.83406448,-0.57317364,48:27:EA,11,wpa2,2026-05-03T12:00:00.000Z,2026-05-04T03:00:00.000Z,Bordeaux,Nouvelle-Aquitaine,FR,Rue Sainte-Catherine,33000
48:27:EA:DF:41:BC,AndroidAP,7.29140425,80.63451385,48:27:EA,1,wpa2,2024-12-08T11:00:00.000Z,2024-12-09T00:00:00.000Z,Kandy,මධ්‍යම පළාත,LK,H.B. Udurawana Mawatha,20000
48:27:EA:DF:4A:86,Saman,34.07830811,49.69505692,48:27:EA,1,wpa2,2024-11-25T15:00:00.000Z,2024-11-25T08:00:00.000Z,شهر اراک,استان مرکزی,IR,شریعتی,381914787
48:27:EA:DF:C6:90,AndroidAP,51.24846268,22.53129578,48:27:EA,6,wpa2,2026-04-16T15:00:00.000Z,2026-04-16T08:00:00.000Z,Lublin,województwo lubelskie,PL,Weteranów,20-044
48:27:EA:DF:F6:1A,AndroidAP,51.41548157,-1.5143559,48:27:EA,6,wpa2,2024-08-02T17:00:00.000Z,2025-04-04T04:00:00.000Z,,England,GB,Everland Road,RG17 0DP
48:27:EA:E0:37:44,AndroidAP,36.62047577,29.12628937,48:27:EA,6,wpa2,2024-09-10T10:00:00.000Z,2024-09-30T08:00:00.000Z,,Ege Bölgesi,TR,145 Sokak,48300
48:27:EA:E0:51:42,AndroidAP5142,41.49716568,60.50650406,48:27:EA,1,wpa2,2026-06-17T08:00:00.000Z,2026-06-17T01:00:00.000Z,,Xorazm Viloyati,UZ,P158,
48:27:EA:E0:96:8C,Ami,43.24386978,76.93701935,48:27:EA,11,wpa2,2023-06-08T09:00:00.000Z,2025-08-01T08:00:00.000Z,Алматы,Алмалинский район,KZ,Құрманғазы көшесі,050013
48:27:EA:E0:98:2A,AndroidAP982A,55.70426559,37.77363205,48:27:EA,11,unknown,2024-09-18T15:00:00.000Z,2024-09-18T09:00:00.000Z,Москва,Москва,RU,Волгоградский проспект,109443
48:27:EA:E0:CB:A6,AndroidAPCBA6,47.48705292,19.05828476,48:27:EA,4,wpa2,2024-11-11T12:00:00.000Z,2024-11-11T10:00:00.000Z,,Budapest,HU,Vámház körút,1093
48:27:EA:E0:D7:84,AndroidAPD784,51.90250397,8.48857021,48:27:EA,1,wpa2,2025-11-13T16:00:00.000Z,2025-11-13T12:00:00.000Z,,Nordrhein-Westfalen,DE,A 2,33415
48:27:EA:E1:B6:40,นาย,13.72046852,100.55937958,48:27:EA,11,wpa2,2025-12-13T10:00:00.000Z,2025-12-15T06:00:00.000Z,กรุงเทพมหานคร,กรุงเทพมหานคร,TH,ถนนรัชดาภิเษก,10110
48:27:EA:E1:F9:87,RETALIS WI FI,38.71913528,-9.14977837,48:27:EA,6,wpa2,2022-06-08T13:00:00.000Z,2024-09-13T09:00:00.000Z,Lisboa,Lisboa,PT,Entrada do Jardim Botânico,1250-099 SÃO MAMEDE
48:27:EA:E2:08:11,AndroidAP,47.15145874,18.43983459,48:27:EA,1,wpa2,2024-06-09T13:00:00.000Z,2025-09-27T07:00:00.000Z,Székesfehérvár,Közép-Dunántúl,HU,,8000
48:27:EA:E2:19:EB,AndroidAP8482,51.84342957,16.5799675,48:27:EA,1,wpa2,2026-07-08T16:00:00.000Z,2026-07-08T15:00:00.000Z,Leszno,województwo wielkopolskie,PL,Generała Jarosława Dąbrowskiego,64-100
48:27:EA:E2:26:49,BykuCantona,51.81217957,16.65559578,48:27:EA,1,wpa2,2024-12-20T09:00:00.000Z,2024-12-27T08:00:00.000Z,,województwo wielkopolskie,PL,,64-130
48:27:EA:E2:2F:63,AndroidAP8326,51.06155777,16.99699211,48:27:EA,11,wpa2,2022-12-18T10:00:00.000Z,2025-10-01T12:00:00.000Z,,województwo dolnośląskie,PL,Aleja Karkonoska,53-032
48:27:EA:E3:19:81,Galaxy J5,59.44841766,24.69862366,48:27:EA,11,wpa2,2023-11-17T14:00:00.000Z,2026-06-19T00:00:00.000Z,Tallinn,Harju maakond,EE,Sõle,10314
48:27:EA:E3:37:95,Nowty ,7.35885906,80.14311981,48:27:EA,6,wpa2,2024-12-06T04:00:00.000Z,2024-12-06T07:00:00.000Z,,වයඹ පළාත,LK,Kurunegala-Negombo Road,60130
48:27:EA:E3:38:19,AndroidAP3819,59.92196274,30.40686607,48:27:EA,6,unknown,2026-01-24T18:00:00.000Z,2026-01-31T10:00:00.000Z,Санкт-Петербург,Санкт-Петербург,RU,Малоохтинский проспект,195196
48:27:EA:E3:3D:F7,AndroidAP3DF7,59.8550415,30.32148933,48:27:EA,1,unknown,2024-05-04T19:00:00.000Z,2024-09-12T06:00:00.000Z,Санкт-Петербург,Санкт-Петербург,RU,Московский проспект,196066
48:27:EA:E3:9B:23,AndroidAP9B23,52.0622139,4.31559372,48:27:EA,1,wpa2,2025-03-30T21:00:00.000Z,2025-04-23T08:00:00.000Z,Den Haag,Zuid-Holland,NL,Verheeskade,2521DE
48:27:EA:E3:A3:8D,AndroidAP1326,54.88580704,-2.94049478,48:27:EA,10,wpa2,2026-07-03T17:00:00.000Z,2026-07-03T11:00:00.000Z,Carlisle,England,GB,East Norfolk Street,CA2 5JP
48:27:EA:E4:2C:83,12345678,51.00659561,6.85438013,48:27:EA,6,wpa2,2026-01-02T16:00:00.000Z,2026-01-02T13:00:00.000Z,Köln,Nordrhein-Westfalen,DE,Auweilerstraße,50765
48:27:EA:E4:38:07,AndroidAP3807,44.42963028,26.10220146,48:27:EA,11,wpa2,2024-06-13T04:00:00.000Z,2025-05-02T01:00:00.000Z,Municipiul București,Centrul Istoric,RO,Strada Franceză,030106
48:27:EA:E4:45:89,Samsung J 7,48.41331863,10.51292515,48:27:EA,1,wpa2,2023-02-02T08:00:00.000Z,2024-10-21T12:00:00.000Z,,Bayern,DE,A 8,89343
48:27:EA:E4:59:95,Gilang ramadhan,4.97972155,114.98833466,48:27:EA,11,wpa2,2024-12-31T08:00:00.000Z,2025-01-05T22:00:00.000Z,,Brunei-Muara,BN,Jalan Muara,BC2115
48:27:EA:E4:5D:53,AndroidAP,54.36203384,9.67493629,48:27:EA,11,wpa2,2024-09-15T12:00:00.000Z,2024-09-15T06:00:00.000Z,Alt Duvenstedt,Schleswig-Holstein,DE,A 7,24791
48:27:EA:E4:5E:9F,AndroidAP,50.69131851,9.67971134,48:27:EA,1,wpa2,2021-10-01T14:00:00.000Z,2025-05-26T06:00:00.000Z,,Hessen,DE,A 7,36151
48:27:EA:E4:5F:57,I love money,51.25873947,12.08635998,48:27:EA,11,wpa2,2024-08-11T09:00:00.000Z,2024-09-05T03:00:00.000Z,,Sachsen-Anhalt,DE,A 9,06231
48:27:EA:E4:B0:97,AndroidAP,22.2799778,114.18605042,48:27:EA,1,wpa2,2025-06-22T09:00:00.000Z,2025-06-25T22:00:00.000Z,香港島 Hong Kong Island,香港 Hong Kong,CN,怡和街 Yee Wo Street,
48:27:EA:E5:37:15,AndroidAP,25.35073662,55.43543625,48:27:EA,11,wpa2,2024-12-30T02:00:00.000Z,2024-12-29T19:00:00.000Z,الشارقة,الشارقة,AE,ساحة واسط,
48:27:EA:E5:3A:05,AndroidAP,30.89936447,-6.91085863,48:27:EA,6,wpa2,2026-03-26T09:00:00.000Z,2026-03-27T07:00:00.000Z,Tarmigt ترميڭت,Drâa-Tafilalet ⴷⴰⵔⵄⴰ-ⵜⴰⴼⵉⵍⴰⵍⵜ درعة تافيلالت,MA,RN9,45006
48:27:EA:E5:8A:ED,AndroidHotspot4025,14.74023819,-17.35214615,48:27:EA,6,wpa2,2024-09-20T15:00:00.000Z,2024-09-21T11:00:00.000Z,Commune de Thiaroye-sur-Mer,Région de Dakar,SN,,10000
48:27:EA:E6:33:EB,Corvus,55.98822021,38.34976578,48:27:EA,11,unknown,2024-10-09T15:00:00.000Z,2024-10-09T12:00:00.000Z,,Московская область,RU,46К-7230,142432
48:27:EA:E6:3E:2F,AndroidAP,59.92075348,30.39587975,48:27:EA,1,unknown,2024-11-16T15:00:00.000Z,2024-11-16T09:00:00.000Z,Санкт-Петербург,Санкт-Петербург,RU,набережная Обводного канала,193019
48:27:EA:E6:56:2F,AndroidAP,47.02871704,28.83847809,48:27:EA,1,wpa2,2025-11-24T12:00:00.000Z,2025-11-24T09:00:00.000Z,Chișinău,Sectorul Rîșcani,MD,Bulevardul Grigore Vieru,MD-2005
48:27:EA:E6:56:87,BOBAH,51.20783234,4.55128622,48:27:EA,11,wpa2,2026-05-12T17:00:00.000Z,2026-05-12T11:00:00.000Z,,Antwerpen,BE,,2520
48:27:EA:E6:5F:79,SAMSUNG AP j7,40.99965668,44.6501503,48:27:EA,6,wpa2,2025-10-25T14:00:00.000Z,2025-11-01T23:00:00.000Z,,Լոռու մարզ,AM,Մ-6,1712
48:27:EA:E6:6B:8D,AndroidAP6B8D,47.52549362,9.69312572,48:27:EA,6,wpa2,2026-05-02T09:00:00.000Z,2026-06-01T09:00:00.000Z,,Vorarlberg,AT,,
48:27:EA:E6:90:B1,AndroidAP1734,43.60544205,1.40377378,48:27:EA,1,wpa2,2026-02-24T10:00:00.000Z,2026-04-15T02:00:00.000Z,Toulouse,Occitanie,FR,A 620,31300
48:27:EA:E6:F1:D7,Zhra,30.47307396,-8.88724899,48:27:EA,11,wpa2,2024-11-28T13:00:00.000Z,2024-11-28T05:00:00.000Z,Taroudant تارودانت,Souss-Massa ⵙⵓⵙⵙ-ⵎⴰⵙⵙⴰ سوس-ماسة,MA,Avenue Bab Targhount,83002
48:27:EA:E7:64:BB,AndroidAP,14.89139748,103.49327087,48:27:EA,1,wpa2,2025-12-21T11:00:00.000Z,2025-12-21T03:00:00.000Z,,จังหวัดสุรินทร์,TH,ซอยหนองดัม,32000
48:27:EA:E7:C4:D6,Aez,35.71875,51.41592789,48:27:EA,8,wpa2,2025-01-16T08:00:00.000Z,2025-01-16T02:00:00.000Z,شهر تهران,شهرستان تهران,IR,شهیده عصمت پور انوری,1598718311
48:27:EA:E7:C8:96,Galaxy J5C896,50.44999695,11.80135345,48:27:EA,6,wpa2,2021-08-29T14:00:00.000Z,2025-04-25T14:00:00.000Z,,Thüringen,DE,K 309,07926
48:27:EA:E7:F1:8A,#,51.30368042,-0.74203557,48:27:EA,6,wpa2,2026-01-02T08:00:00.000Z,2026-01-02T01:00:00.000Z,Surrey Heath,England,GB,A331,GU14 8BX
48:27:EA:E8:7E:1A,Rimma1965,56.8373909,60.62973404,48:27:EA,1,unknown,2024-10-31T10:00:00.000Z,2024-10-31T11:00:00.000Z,Екатеринбург,Свердловская область,RU,улица Малышева,620075
48:27:EA:E8:8B:BC,AndroidAP8BBC,50.03087616,8.45624065,48:27:EA,4,wpa2,2026-04-26T14:00:00.000Z,2026-07-05T23:00:00.000Z,,Hessen,DE,A 3,65795
48:27:EA:E8:90:A6,AndroidAP,53.87883377,27.45793915,48:27:EA,1,wpa2,2021-06-25T09:00:00.000Z,2024-12-25T10:00:00.000Z,Минск,Сухарево,BY,улица Максима Горецкого,220098
48:27:EA:E8:9B:F4,Galaxy J59BF4,51.47861099,11.97461414,48:27:EA,11,wpa2,2025-10-01T18:00:00.000Z,2025-10-05T12:00:00.000Z,Halle,Sachsen-Anhalt,DE,Franckeplatz,06110
48:27:EA:E8:B7:B0,สมร,15.48494434,104.48809052,48:27:EA,1,wpa2,2025-12-29T08:00:00.000Z,2026-01-01T20:00:00.000Z,,บ้านกอก,TH,ถนนแจ้งสนิท,
48:27:EA:E8:C3:DA,Internet,52.179245,22.16987991,48:27:EA,11,wpa2,2023-03-23T21:00:00.000Z,2024-12-27T00:00:00.000Z,,województwo mazowieckie,PL,Warszawska,08-110
48:27:EA:E8:E1:A0,AndroidAP,31.78199959,35.18761826,48:27:EA,6,wpa2,2025-04-28T17:00:00.000Z,2025-11-17T12:00:00.000Z,ירושלים,מחוז ירושלים,IL,מרדכי איש שלום,9546105
48:27:EA:E9:5F:96,AndroidAP,40.90231323,9.51499844,48:27:EA,11,wpa2,2026-05-11T11:00:00.000Z,2026-05-11T04:00:00.000Z,,Sardigna/Sardegna,IT,SS729,07026
48:27:EA:E9:7F:34,AndroidAPdebc4399,52.43044281,-1.51689661,48:27:EA,11,wpa2,2025-04-22T16:00:00.000Z,2025-04-30T08:00:00.000Z,Coventry,England,GB,Jubilee Crescent,CV6 3ES
48:27:EA:EA:0E:8E,Brauchst du WIFI?,48.28982162,14.29389191,48:27:EA,6,wpa2,2023-06-17T14:00:00.000Z,2026-04-25T00:00:00.000Z,Linz,Oberösterreich,AT,Verbindungstunnel TS Werk - Hbf Linz,4020
48:27:EA:EA:10:BC,Leonard,50.83524323,4.34000731,48:27:EA,4,wpa2,2026-01-31T17:00:00.000Z,2026-02-04T19:00:00.000Z,,Région de Bruxelles-Capitale - Brussels Hoofdstedelijk Gewest,BE,Rue d'Angleterre - Engelandstraat,1060
48:27:EA:EA:24:9A,AndroidAP249A,52.41548157,13.4384985,48:27:EA,1,wpa2,2025-11-04T15:00:00.000Z,2025-11-04T07:00:00.000Z,Berlin,Neukölln,DE,Buckower Damm,12349
48:27:EA:EA:2B:3C,AndroidAP2B3C,47.17675781,18.40782738,48:27:EA,9,wpa2,2025-08-10T17:00:00.000Z,2025-08-10T11:00:00.000Z,Székesfehérvár,Közép-Dunántúl,HU,Balatoni út,8000
48:27:EA:EA:6A:3A,AndroidAP6A3A,46.10214996,19.76075745,48:27:EA,11,wpa2,2024-09-28T14:00:00.000Z,2024-09-28T17:00:00.000Z,Град Суботица,Војводина,RS,Хоргошки пут,24413
48:27:EA:EA:79:A2,AndroidAP,41.71248245,26.37008858,48:27:EA,11,wpa2,2024-10-18T14:00:00.000Z,2024-10-18T07:00:00.000Z,Kemal Köyü,Marmara Bölgesi,TR,Edirne - Kapıkule Yolu,
48:27:EA:EA:8D:12,LUIDE,43.24377823,76.83334351,48:27:EA,11,wpa2,2023-09-11T01:00:00.000Z,2025-02-20T13:00:00.000Z,Алматы,Алатауский район,KZ,проспект Райымбека,050038
48:27:EA:EA:F2:B0,AndroidAP,33.58475876,-7.52163887,48:27:EA,1,wpa2,2025-08-05T13:00:00.000Z,2025-08-05T06:00:00.000Z,arrondissement de Sidi Moumen مقاطعة سيدي مومن,Casablanca-Settat ⵜⵉⴳⵎⵉ ⵜⵓⵎⵍⵉⵍⵜ-ⵙⵟⵟⴰⵜ الدار البيضاء-سطات,MA,,20630
48:27:EA:EB:1E:A2,12345,13.63053513,100.90518188,48:27:EA,6,wpa2,2024-09-06T02:00:00.000Z,2024-09-05T23:00:00.000Z,ตำบลบ้านระกาศ,จังหวัดสมุทรปราการ,TH,ถนนกรุงเทพฯ-ชลบุรี,
48:27:EA:EB:66:C3,ma,14.56779766,121.05104828,48:27:EA,11,wpa2,2024-07-07T03:00:00.000Z,2024-10-18T06:00:00.000Z,Makati,Metro Manila,PH,Jose P. Rizal Avenue,1214
48:27:EA:EB:68:A5,AndroidAP68A5,22.31189346,120.63865662,48:27:EA,11,wpa2,2026-06-19T03:00:00.000Z,2026-06-18T21:00:00.000Z,,屏東縣,TW,屏鵝公路,941
48:27:EA:EB:BE:01,AndroidAP,50.81573105,15.67498684,48:27:EA,1,wpa2,2025-07-20T16:00:00.000Z,2025-07-20T11:00:00.000Z,,województwo dolnośląskie,PL,Żołnierska,58-562
48:27:EA:EB:E7:F7,AndroidAPE7F7,51.14396286,71.41139984,48:27:EA,11,wpa2,2024-06-27T12:00:00.000Z,2024-11-13T23:00:00.000Z,Астана,Астана,KZ,Тұран даңғылы,010000
48:27:EA:EC:01:01,Galaxy J50101,55.82310486,37.36683273,48:27:EA,11,unknown,2023-11-05T11:00:00.000Z,2025-11-23T23:00:00.000Z,Красногорск,Московская область,RU,Павшинский бульвар,143405
48:27:EA:EC:84:11,Galaxy J58411nu8 vg7,51.92152405,4.47149277,48:27:EA,6,wpa2,2025-08-09T10:00:00.000Z,2026-04-09T09:00:00.000Z,Rotterdam,Zuid-Holland,NL,Kruisplein,3014DA
48:27:EA:EC:A9:87,AndroidAPA987,52.06209183,4.31589794,48:27:EA,11,wpa2,2024-10-20T14:00:00.000Z,2024-11-18T06:00:00.000Z,Den Haag,Zuid-Holland,NL,Verheeskade,2521DG
48:27:EA:EC:BF:A7,AndroidAP,43.74537659,4.20090246,48:27:EA,11,wpa2,2025-04-20T15:00:00.000Z,2025-04-22T10:00:00.000Z,,Occitanie,FR,La Languedocienne,30121
48:27:EA:EC:D1:0D,AndroidAP,55.69146729,12.56583405,48:27:EA,11,wpa2,2026-02-07T23:00:00.000Z,2026-02-07T16:00:00.000Z,København,Region Hovedstaden,DK,Ryesgade,2200
48:27:EA:EC:EF:1B,VAS#6160 VW AG,50.052845,14.37195396,48:27:EA,11,wpa2,2001-01-01T01:00:00.000Z,2026-01-09T01:00:00.000Z,Hlavní město Praha,Praha,CZ,Pod Vodovodem,15800
48:27:EA:EC:F6:BB,AndroidAPF6BB,49.75764847,6.65313101,48:27:EA,6,wpa2,2026-08-09T07:00:00.000Z,2026-08-09T05:00:00.000Z,Trier,Rheinland-Pfalz,DE,Kürenzer Straße,54295
48:27:EA:ED:ED:47,AndroidAPED48,50.94825745,6.88509464,48:27:EA,11,wpa2,2025-05-16T16:00:00.000Z,2025-11-10T11:00:00.000Z,Köln,Nordrhein-Westfalen,DE,Girlitzweg,50829
48:27:EA:EE:10:1D,A$hfaq,8.0317688,80.81406403,48:27:EA,6,wpa2,2024-12-08T07:00:00.000Z,2024-12-09T00:00:00.000Z,,උතුරු මැද පළාත,LK,Habarana-Trincomalee-Batticaloa Road,50150
48:27:EA:EE:55:7D,Galaxy J5557D,55.69618607,37.80513763,48:27:EA,11,unknown,2024-09-23T16:00:00.000Z,2024-09-23T09:00:00.000Z,Москва,Москва,RU,,158 ?1
48:27:EA:EE:55:C9,Galaxy J555C9,56.09030914,37.93273544,48:27:EA,11,unknown,2025-09-16T16:00:00.000Z,2025-09-16T09:00:00.000Z,,Московская область,RU,«Холмогоры»,141231
48:27:EA:EE:63:0D,AndroidAP,38.19296265,-0.56795055,48:27:EA,6,wpa2,2026-08-15T18:00:00.000Z,2026-08-15T12:00:00.000Z,,Comunitat Valenciana,ES,Carrer d'Almansa / Calle de Almansa,03130
48:27:EA:EE:B2:E3,AndroidAP,51.16926193,71.40773773,48:27:EA,3,wpa2,2026-07-16T07:00:00.000Z,2026-07-16T01:00:00.000Z,Астана,Астана,KZ,улица Сакена Сейфуллина,010000
48:27:EA:EE:C6:47,Badddd,5.672966,-0.15708764,48:27:EA,1,wpa2,2025-03-25T12:00:00.000Z,2025-04-14T07:00:00.000Z,,Greater Accra Region,GH,,050
48:27:EA:EE:D8:FD,AndroidAP9518,47.49954987,7.60975075,48:27:EA,11,wpa2,2025-01-06T16:00:00.000Z,2025-01-06T08:00:00.000Z,,Basel-Landschaft,CH,Talstrasse,4144
48:27:EA:EE:E5:CB,Clara,48.88816452,2.37759876,48:27:EA,8,wpa2,2025-06-25T07:00:00.000Z,2025-06-25T01:00:00.000Z,Paris,Île-de-France,FR,Quai de la Seine,75019
48:27:EA:EE:EB:F9,AndroidAP4087,48.68250275,9.32962894,48:27:EA,1,wpa2,2024-08-22T09:00:00.000Z,2026-01-16T02:00:00.000Z,,Baden-Württemberg,DE,A 8,73770
48:27:EA:EE:EE:3B,AndroidAP7519,50.0951004,14.46236229,48:27:EA,6,wpa2,2023-03-20T18:00:00.000Z,2024-10-23T13:00:00.000Z,Hlavní město Praha,Praha,CZ,,18600
48:27:EA:EE:F5:B1,Galaxy J5F5B1,41.99050903,21.44743729,48:27:EA,11,wpa2,2026-04-16T18:00:00.000Z,2026-04-22T06:00:00.000Z,Скопје,Скопски СР,MK,Булевар Кузман Јосифовски Питу,1000
48:27:EA:EF:36:81,My device,51.37570953,-0.49490291,48:27:EA,11,unknown,2024-10-18T17:00:00.000Z,2025-11-12T05:00:00.000Z,Runnymede,England,GB,Douglas Road,KT15 2ED
48:27:EA:EF:4B:7D,Galaxy J5EF_4B_7D,46.2351265,-63.12731552,48:27:EA,6,wpa2,2025-08-19T17:00:00.000Z,2025-08-19T16:00:00.000Z,Charlottetown,Prince Edward Island,CA,Kent Street,C1A 7N2
48:27:EA:EF:A5:07,AndroidAPA507,53.58778,10.12438583,48:27:EA,11,wpa2,2025-09-18T09:00:00.000Z,2025-09-18T04:00:00.000Z,Hamburg,Tonndorf,DE,Sonnenweg,22045
48:27:EA:F0:14:95,MOVISTAR WIFI8866,-33.43734741,-70.65091705,48:27:EA,11,wpa2,2024-12-02T16:00:00.000Z,2024-12-02T10:00:00.000Z,Santiago,Región Metropolitana de Santiago,CL,Plaza de Armas,8320046
48:27:EA:F0:34:B5,BKQK-U00tSjcxMEY,41.30157089,69.21155548,48:27:EA,6,wpa2,2024-09-11T13:00:00.000Z,2024-09-11T07:00:00.000Z,Toshkent,Oq Tepa,UZ,Gulhaniy ko`chasi,100000
48:27:EA:F0:44:03,AndroidAP4403,51.74567413,36.20251846,48:27:EA,11,unknown,2024-11-16T17:00:00.000Z,2024-12-07T08:00:00.000Z,Курск,Курская область,RU,улица Чулкова Гора,305004
48:27:EA:F0:84:CB,On samsung,13.74009705,100.51014709,48:27:EA,6,wpa2,2023-11-04T16:00:00.000Z,2025-04-28T20:00:00.000Z,กรุงเทพมหานคร,กรุงเทพมหานคร,TH,ถนนเยาวราช,10100
48:27:EA:F0:98:71,ซัมซุงj7 core,8.15737343,98.3216629,48:27:EA,6,wpa2,2025-06-07T04:00:00.000Z,2025-06-21T23:00:00.000Z,,จังหวัดภูเก็ต,TH,ถนนเทพกระษัตรี,
48:27:EA:F1:5E:7C,AndroidAP,55.61514664,37.96832657,48:27:EA,1,unknown,2025-11-15T08:00:00.000Z,2025-11-20T02:00:00.000Z,,Московская область,RU,улица Ленина,140060
48:27:EA:F1:6D:7C,AndroidAP,49.1817627,16.62091637,48:27:EA,7,wpa2,2025-04-23T15:00:00.000Z,2025-04-23T09:00:00.000Z,Brno,Jihovýchod,CZ,Kalová,617 00
48:27:EA:F1:75:2A,AndroidAP,47.48435974,19.05080414,48:27:EA,1,wpa2,2024-08-09T14:00:00.000Z,2025-12-22T10:00:00.000Z,,Budapest,HU,Verejték utca,1118
48:27:EA:F1:7A:E4,AndroidAP,47.46972275,19.05350876,48:27:EA,1,wpa2,2025-03-23T18:00:00.000Z,2025-03-23T13:00:00.000Z,Budapest,Budapest,HU,Dombóvári út,1117
48:27:EA:F1:96:18,AndroidAP9618,48.76766205,14.96678257,48:27:EA,8,wpa2,2024-12-23T18:00:00.000Z,2025-03-18T23:00:00.000Z,,Jihozápad,CZ,třída Čsl. legií,37810
48:27:EA:F1:C4:12,KOik,53.96603394,11.88866138,48:27:EA,6,wpa2,2005-03-06T13:00:00.000Z,2025-03-30T12:00:00.000Z,,Mecklenburg-Vorpommern,DE,A 20,18246
48:27:EA:F1:E2:FC,AndroidAP,49.03193665,9.40030861,48:27:EA,11,wpa2,2025-03-21T20:00:00.000Z,2025-05-27T23:00:00.000Z,Spiegelberg,Baden-Württemberg,DE,,71579
48:27:EA:F1:E7:52,AndroidAP,49.27169418,8.77012062,48:27:EA,11,wpa2,2025-08-14T09:00:00.000Z,2025-08-14T06:00:00.000Z,,Baden-Württemberg,DE,A 6,69234
48:27:EA:F2:0A:68,d2BE12LPZhNian2YUg2LnYstuM2LLZhQ,33.47264862,68.3871994,48:27:EA,1,unknown,2024-12-26T11:00:00.000Z,2025-05-04T05:00:00.000Z,غزنی,ولایت غزنی,AF,بزرگراه غزنی - قندهار,
48:27:EA:F2:0D:7C,Ciuperca112,51.39937973,9.19454861,48:27:EA,11,wpa2,2024-09-18T22:00:00.000Z,2024-10-07T08:00:00.000Z,,Hessen,DE,A 44,34289
48:27:EA:F2:1C:1A,Vlad,52.05998611,11.58757973,48:27:EA,6,wpa2,2024-06-01T04:00:00.000Z,2025-10-25T07:00:00.000Z,,Sachsen-Anhalt,DE,A 14,39171
48:27:EA:F2:A2:12,AndroidAP,44.98396683,7.64185762,48:27:EA,1,wpa2,2021-06-10T18:00:00.000Z,2024-09-08T02:00:00.000Z,,Piemonte,IT,Via Gozzano,10042
48:27:EA:F2:B7:5E,AndroidAPB75E,33.46241379,36.20015335,48:27:EA,6,wpa2,2026-08-31T14:00:00.000Z,2026-08-31T14:00:00.000Z,,محافظة ريف دمشق,SY,,
48:27:EA:F3:45:0E,AndroidAP,59.97881317,30.34477615,48:27:EA,1,unknown,2024-09-07T10:00:00.000Z,2024-09-07T11:00:00.000Z,Санкт-Петербург,Санкт-Петербург,RU,Лесной проспект,194100
48:27:EA:F3:4A:2C,AndroidAP4A2C,44.36812592,38.6460228,48:27:EA,11,unknown,2024-12-13T05:00:00.000Z,2024-12-13T04:00:00.000Z,,Краснодарский край,RU,«Дон»,
48:27:EA:F3:4C:12,AndroidAP,55.98323441,92.88093567,48:27:EA,1,unknown,2025-10-15T07:00:00.000Z,2025-10-15T01:00:00.000Z,Красноярск,Красноярский край,RU,Свердловская улица,660000
48:27:EA:F3:68:CC,AndroidAP,-16.3151474,-67.92373657,48:27:EA,1,wpa2,2024-10-27T22:00:00.000Z,2024-10-27T18:00:00.000Z,La Paz,La Paz,BO,RN3: La Paz-Cotapata-Caranavi,
48:27:EA:F3:8F:8C,AndroidAP55F7,48.30525208,14.29939938,48:27:EA,1,wpa2,2018-06-01T13:00:00.000Z,2025-05-24T09:00:00.000Z,Linz,Oberösterreich,AT,Gruberstraße,4020
48:27:EA:F3:AD:EC,Samsung,32.88709641,-6.91678953,48:27:EA,6,wpa2,2024-10-19T16:00:00.000Z,2024-10-19T10:00:00.000Z,Khouribga ⵅⵯⵔⵉⴱⴳⴰ خريبكة,Béni Mellal-Khénifra ⴰⵢⵜ ⵎⵍⵍⴰⵍ-ⵅⵏⵉⴼⵕⴰ بني ملال-خنيفرة,MA,,25016
48:27:EA:F3:B6:1C,AndroidAP,48.30549622,14.28651905,48:27:EA,6,wpa2,2025-06-18T16:00:00.000Z,2025-06-19T02:00:00.000Z,Linz,Oberösterreich,AT,Hauptplatz,4020
48:27:EA:F3:E1:90,AndroidAP,48.24081421,13.55620193,48:27:EA,11,wpa2,2021-05-17T16:00:00.000Z,2025-10-09T12:00:00.000Z,,Oberösterreich,AT,Innkreis Autobahn,4743
48:27:EA:F3:EA:DE,AndroidAP,53.89082718,27.55077362,48:27:EA,6,wpa2,2026-01-25T12:00:00.000Z,2026-01-25T09:00:00.000Z,Минск,Уборки,BY,Привокзальная площадь,220006
48:27:EA:F3:F8:E8,AndroidAP,49.17718124,9.93114281,48:27:EA,6,wpa2,2025-10-21T17:00:00.000Z,2025-11-15T22:00:00.000Z,,Baden-Württemberg,DE,A 6,74532
48:27:EA:F4:33:0A,AndroidAP330A,55.76646042,37.57476044,48:27:EA,1,unknown,2024-02-21T21:00:00.000Z,2025-08-08T01:00:00.000Z,Москва,Москва,RU,Новопресненский переулок,123557
48:27:EA:F4:57:E2,reau telephon,46.19327927,7.02216768,48:27:EA,3,wpa2,2025-07-24T15:00:00.000Z,2025-10-24T11:00:00.000Z,,Valais/Wallis,CH,A9,1890
48:27:EA:F4:58:28,AndroidAP5828,47.53726196,7.60888195,48:27:EA,6,wpa2,2024-10-09T18:00:00.000Z,2024-10-09T12:00:00.000Z,Basel,Basel-Stadt,CH,Dreispitz,4023
48:27:EA:F4:59:76,AndroidAP,48.16953659,18.88440895,48:27:EA,4,wpa2,2025-02-14T11:00:00.000Z,2025-02-14T06:00:00.000Z,,Banskobystrický kraj,SK,Okružná,96271
48:27:EA:F4:6F:42,123456789,47.78226471,19.92975998,48:27:EA,2,wpa2,2024-11-10T09:00:00.000Z,2024-11-10T02:00:00.000Z,,Észak-Magyarország,HU,Than Károly utca,3200
48:27:EA:F4:81:0E,AndroidAP12,50.7069931,9.05932045,48:27:EA,1,wpa2,2022-02-03T18:00:00.000Z,2024-12-08T07:00:00.000Z,,Hessen,DE,A 5,35329
48:27:EA:F4:86:28,AndroidAP,47.47426605,19.04655075,48:27:EA,1,wpa2,2024-09-02T08:00:00.000Z,2025-03-14T07:00:00.000Z,,Budapest,HU,"Újbuda-központ, aluljáró",1117
48:27:EA:F4:DD:46,AndroidAPDD46,50.61248016,22.29013443,48:27:EA,11,wpa2,2025-10-26T13:00:00.000Z,2025-10-26T12:00:00.000Z,,województwo podkarpackie,PL,Via Carpatia im. Prezydenta RP Lecha Kaczyńskiego,37-405
48:27:EA:F5:48:30,AndroidAP4830,-34.63813782,-58.43185806,48:27:EA,11,wpa2,2026-04-09T12:00:00.000Z,2026-04-11T10:00:00.000Z,Buenos Aires,Ciudad Autónoma de Buenos Aires,AR,Saraza,1255
48:27:EA:F5:4C:04,AndroidAP4C04,9.91234016,-84.03753662,48:27:EA,6,wpa2,2025-06-25T13:00:00.000Z,2025-06-25T15:00:00.000Z,,Provincia San José,CR,Avenida 48,11801
48:27:EA:F5:76:F2,AndroidAP,50.92941666,6.78525639,48:27:EA,6,wpa2,2024-04-29T10:00:00.000Z,2026-06-03T00:00:00.000Z,,Nordrhein-Westfalen,DE,A 4,50226
48:27:EA:F5:C4:B6,AndroidAPC4B6,26.28771973,50.63626862,48:27:EA,11,wpa2,2026-05-24T10:00:00.000Z,2026-05-27T13:00:00.000Z,المحرق,محافظة المحرق,BH,طريق 3549,00973
48:27:EA:F5:E9:36,Claus,-16.49393463,-68.14416504,48:27:EA,11,wpa2,2026-02-10T13:00:00.000Z,2026-05-06T14:00:00.000Z,La Paz,La Paz,BO,Calle Uyustus,020101
48:27:EA:F6:A2:1A,AndroidAP,47.147686,18.41892433,48:27:EA,11,wpa2,2025-03-20T18:00:00.000Z,2025-03-20T12:00:00.000Z,Székesfehérvár,Közép-Dunántúl,HU,8,8000
48:27:EA:F6:C7:7A,Go F**ck Yourself,56.30437088,22.33153725,48:27:EA,11,wpa2,2022-09-08T12:00:00.000Z,2025-08-29T07:00:00.000Z,,Telšių apskritis,LT,Draugystės g.,89169
48:27:EA:F6:C8:7A,AndroidAPC87A,64.55613708,40.54044342,48:27:EA,1,unknown,2026-04-22T06:00:00.000Z,2026-04-22T13:00:00.000Z,Архангельск,Архангельская область,RU,проспект Советских Космонавтов,163072
48:27:EA:F6:C8:96,J7,56.81637573,60.59637833,48:27:EA,11,unknown,2025-05-08T18:00:00.000Z,2025-06-08T11:00:00.000Z,Екатеринбург,Свердловская область,RU,улица Большакова,620144
48:27:EA:F6:CB:92,AndroidAPCB92,59.93894196,30.27737808,48:27:EA,11,unknown,2024-10-13T17:00:00.000Z,2024-10-15T08:00:00.000Z,Санкт-Петербург,Санкт-Петербург,RU,10-11-я линии В.О.,199004
48:27:EA:F6:D9:7E,junior san sung,18.47366905,-69.91990662,48:27:EA,1,wpa2,2025-01-24T19:00:00.000Z,2025-02-01T04:00:00.000Z,,Distrito Nacional,DO,Avenida Ortega y Gasset,10121
48:27:EA:F7:08:92,AndroidAP,52.04879761,4.43692255,48:27:EA,5,wpa2,2024-10-04T11:00:00.000Z,2025-07-16T10:00:00.000Z,,Zuid-Holland,NL,'s-Gravenpad,2631PN
48:27:EA:F7:6E:E6,Susy,40.93807983,14.36744404,48:27:EA,11,wpa2,2024-11-19T17:00:00.000Z,2024-11-19T10:00:00.000Z,Acerra,Campania,IT,Corso Italia,80011
48:27:EA:F7:99:20,PTCL- BB,34.51615143,71.89391327,48:27:EA,1,wpa2,2025-10-31T13:00:00.000Z,2025-11-19T09:00:00.000Z,,خیبر پختونخوا,PK,,
48:27:EA:F8:01:E1,AndroidAPRaluca ,52.8829689,-2.16759801,48:27:EA,1,wpa2,2023-11-10T08:00:00.000Z,2026-05-29T12:00:00.000Z,,England,GB,M6,ST16 1GW
48:27:EA:F8:1C:35,J5 2019,40.61201477,22.96341133,48:27:EA,11,wpa2,2025-04-27T00:00:00.000Z,2025-04-26T19:00:00.000Z,Δημοτική Ενότητα Θεσαλονίκης,Αποκεντρωμένη Διοίκηση Μακεδονίας - Θράκης,GR,Κλεάνθους,54642
48:27:EA:F8:1E:B1,Aziz,31.45496368,-5.4214716,48:27:EA,6,wpa2,2025-11-13T17:00:00.000Z,2025-11-13T09:00:00.000Z,,Drâa-Tafilalet ⴷⴰⵔⵄⴰ-ⵜⴰⴼⵉⵍⴰⵍⵜ درعة تافيلالت,MA,,45652
48:27:EA:F8:29:13,Alstom_ChOe,47.48143387,8.25076008,48:27:EA,11,wpa2,2024-09-11T13:00:00.000Z,2026-06-17T08:00:00.000Z,,Aargau,CH,Hornweg,5412
48:27:EA:F8:2D:7F,,46.46072769,6.84780502,48:27:EA,4,unknown,2024-02-19T07:00:00.000Z,2024-12-11T23:00:00.000Z,,Vaud,CH,Rue du Clos,1800
48:27:EA:F8:5F:81,Galaxy J55F81,53.19451904,63.61470795,48:27:EA,6,wpa2,2025-08-19T04:00:00.000Z,2025-08-21T00:00:00.000Z,Қостанай,Қостанай облысы,KZ,Абая проспект,110000
48:27:EA:F8:D2:AB,AndroidAP6677,51.9255867,4.46843958,48:27:EA,1,wpa2,2025-04-02T18:00:00.000Z,2025-04-02T10:00:00.000Z,Rotterdam,Zuid-Holland,NL,Spoorsingel,3033GJ
48:27:EA:F9:05:01,Internet basia,37.57807922,-15.62328339,48:27:EA,11,wpa2,2024-12-05T13:00:00.000Z,2024-12-11T02:00:00.000Z,,,,,
48:27:EA:F9:07:F9,AndroidAP,52.6218338,8.13448048,48:27:EA,1,wpa2,2025-10-11T11:00:00.000Z,2025-12-19T13:00:00.000Z,,Niedersachsen,DE,Hansalinie,49413
48:27:EA:F9:08:87,Faszkalapka,47.21092606,18.40978432,48:27:EA,1,wpa2,2024-10-10T13:00:00.000Z,2024-10-10T07:00:00.000Z,Székesfehérvár,Közép-Dunántúl,HU,Mészáros Lázár utca,8000
48:27:EA:F9:54:E3,AndroidAP,52.05408096,20.12335396,48:27:EA,11,wpa2,2024-05-06T11:00:00.000Z,2025-03-23T23:00:00.000Z,,województwo łódzkie,PL,Autostrada Wolności,
48:27:EA:F9:57:2B,Galaxy J5572B,52.22814178,21.00303268,48:27:EA,11,wpa2,2026-01-13T17:00:00.000Z,2026-03-03T08:00:00.000Z,Warszawa,województwo mazowieckie,PL,Aleje Jerozolimskie,00-024
48:27:EA:F9:68:B1,Michu,52.06141281,4.32159233,48:27:EA,11,wpa2,2022-09-21T15:00:00.000Z,2024-10-31T10:00:00.000Z,Den Haag,Zuid-Holland,NL,Laakkade,2521XT
48:27:EA:F9:B5:D1,AndroidAPB5D1,3.07818317,101.71174622,48:27:EA,6,wpa2,2025-01-19T02:00:00.000Z,2025-02-04T10:00:00.000Z,Kuala Lumpur,Salak Selatan,MY,To Lobby Utama,57100
48:27:EA:FA:C1:29,AndroidAP,-25.37967873,-57.38014984,48:27:EA,6,wpa2,2025-09-27T16:00:00.000Z,2025-09-27T10:00:00.000Z,,Región Oriental,PY,Ruta Nacional Mariscal Estigarribia,2740
48:27:EA:FA:D0:05,AndroidAP,-34.62249756,-58.39986801,48:27:EA,11,wpa2,2024-08-28T22:00:00.000Z,2024-09-04T14:00:00.000Z,Buenos Aires,Ciudad Autónoma de Buenos Aires,AR,Matheu,C1229AAK
48:27:EA:FA:D7:33,AndroidAPD733,-34.55641556,-58.45171356,48:27:EA,6,wpa2,2025-08-17T18:00:00.000Z,2025-08-17T13:00:00.000Z,Buenos Aires,Ciudad Autónoma de Buenos Aires,AR,Arribeños,C1426ABB
48:27:EA:FB:2C:11,Agustin Lopez,-25.28017998,-56.86891937,48:27:EA,6,wpa2,2025-02-28T19:00:00.000Z,2025-02-28T14:00:00.000Z,,Departamento de Cordillera,PY,Ruta Isla Pucú - Caraguatay,3150
48:27:EA:FB:B4:8F,Galaxy J5B48F,49.17708969,9.96378136,48:27:EA,6,wpa2,2023-06-20T20:00:00.000Z,2024-10-08T09:00:00.000Z,,Baden-Württemberg,DE,A 6,74592
48:27:EA:FB:C8:5B,Wifi TEDY,-17.7911377,-63.22664261,48:27:EA,6,wpa2,2026-03-10T17:00:00.000Z,2026-04-01T21:00:00.000Z,Municipio Santa Cruz de la Sierra,Santa Cruz,BO,,2236
48:27:EA:FB:CD:D9,Galaxy J5 ProCDD9,9.93462944,-84.07646179,48:27:EA,11,wpa2,2026-03-30T01:00:00.000Z,2026-03-29T19:00:00.000Z,San José,Provincia San José,CR,Avenida Eladio Prado Sáenz,10101
48:27:EA:FB:DB:0D,AndroidAP,40.63244629,22.95119858,48:27:EA,11,wpa2,2025-04-12T18:00:00.000Z,2025-04-12T13:00:00.000Z,Δημοτική Ενότητα Θεσαλονίκης,Αποκεντρωμένη Διοίκηση Μακεδονίας - Θράκης,GR,Εγνατία,546 35
48:27:EA:FC:B2:91,AndroidAP7477,48.86348343,2.28672051,48:27:EA,3,wpa2,2025-12-01T17:00:00.000Z,2025-12-01T16:00:00.000Z,Paris,Île-de-France,FR,Place du Trocadéro et du 11 Novembre 1918,75116
48:27:EA:FD:55:52,Galaxy J55552,41.33743668,19.64836693,48:27:EA,1,wpa2,2026-08-17T06:00:00.000Z,2026-08-17T02:00:00.000Z,,Shqipëria Qendrore,AL,,1032
48:27:EA:FD:56:AE,AndroidAP56AE,-36.89894104,174.734375,48:27:EA,11,wpa2,2025-05-14T03:00:00.000Z,2025-05-13T21:00:00.000Z,Albert-Eden,Auckland,NZ,Mount Albert Road,1041
48:27:EA:FD:5A:2E,AndroidAP,-41.11646652,175.32124329,48:27:EA,1,wpa2,2025-01-05T23:00:00.000Z,2025-01-05T17:00:00.000Z,Featherston Community,Wellington,NZ,Fitzherbert Street,5710
48:27:EA:FD:60:AA,AndroidAP60AA,40.89178848,29.27383232,48:27:EA,11,wpa2,2024-10-01T10:00:00.000Z,2024-10-01T04:00:00.000Z,,Marmara Bölgesi,TR,Salkım Sokak,34899
48:27:EA:FD:C2:90,AndroidAP,43.44364929,39.92483521,48:27:EA,1,unknown,2026-01-15T14:00:00.000Z,2026-02-09T03:00:00.000Z,Сочи,Краснодарский край,RU,улица Мира,354340
48:27:EA:FE:41:38,Hlektra,38.45249939,23.17894745,48:27:EA,6,wpa2,2024-10-25T13:00:00.000Z,2024-10-25T09:00:00.000Z,,Αποκεντρωμένη Διοίκηση Θεσσαλίας - Στερεάς Ελλάδος,GR,Αθήνα - Θεσσαλονίκη - Εύζωνοι,
48:27:EA:FE:69:70,AndroidAP6970,31.50183296,74.30952454,48:27:EA,11,wpa2,2025-09-08T14:00:00.000Z,2025-09-08T08:00:00.000Z,لاہور,پنجاب,PK,نہر سڑک‎,54590
48:27:EA:FE:76:5C,AndroidAP,37.05638123,-7.95942068,48:27:EA,6,wpa2,2025-04-21T11:00:00.000Z,2025-06-11T15:00:00.000Z,Faro,Faro,PT,EN 125,8005-412
48:27:EA:FE:AF:24,Wietnam,54.11080933,18.81241417,48:27:EA,6,wpa2,2025-08-16T16:00:00.000Z,2025-08-16T11:00:00.000Z,,województwo pomorskie,PL,Chłopska,83-110
48:27:EA:FF:03:6C,7,45.097435,7.652318,48:27:EA,6,wpa2,2026-04-06T14:00:00.000Z,2026-04-06T09:00:00.000Z,Torino,Piemonte,IT,Via Borgomasino,10149
48:27:EA:FF:09:42,AndroidAP,43.89744186,10.22454166,48:27:EA,11,wpa2,2024-09-28T15:00:00.000Z,2024-09-28T09:00:00.000Z,,Toscana,IT,Via Francesco Gasparini,55043
48:27:EA:FF:28:36,AndroidAP5316,53.87171555,-1.89152026,48:27:EA,1,wpa2,2024-09-26T17:00:00.000Z,2024-09-26T10:00:00.000Z,Bradford,England,GB,Aire Valley Road,BD21 4DJ
48:27:EA:FF:58:8E,AndroidAP588E,51.22996521,4.43674231,48:27:EA,6,wpa2,2025-03-26T16:00:00.000Z,2025-03-26T10:00:00.000Z,,Antwerpen,BE,Slachthuislaan,2060
48:27:EA:FF:5A:44,AndroidAP,-36.85172653,174.76405334,48:27:EA,11,wpa2,2024-11-28T01:00:00.000Z,2024-11-27T22:00:00.000Z,Auckland,Auckland,NZ,Queen Street,1010
48:27:EA:FF:88:E4,Emircan İphone,40.89955902,29.27256966,48:27:EA,11,wpa2,2024-10-11T10:00:00.000Z,2024-10-11T03:00:00.000Z,,Marmara Bölgesi,TR,Tandoğan Caddesi,34906
48:27:EA:FF:B6:E6,AndroidAPB6E6,35.72072983,51.40787125,48:27:EA,6,wpa2,2025-04-19T16:00:00.000Z,2025-04-19T10:00:00.000Z,شهر تهران,شهرستان تهران,IR,فاطمی,14316-63715
