{
  "type": "FeatureCollection",
  "features": [
    {
      "type": "Feature",
      "geometry": {
        "type": "Point",
        "coordinates": [
          -73.6161499,
          40.68080521
        ]
      },
      "properties": {
        "netid": "58:00:E3:00:05:54",
        "ssid": null,
        "oui": "58:00:E3",
        "channel": 4,
        "encryption": "unknown",
        "firsttime": "2025-07-27T13:00:00.000Z",
        "lasttime": "2025-07-27T09:00:00.000Z",
        "city": null,
        "region": "NY",
        "country": "US",
        "road": "Stratford Road",
        "postalcode": "11510"
      }
    },
    {
      "type": "Feature",
      "geometry": {
        "type": "Point",
        "coordinates": [
          -98.402565,
          30.27519035
        ]
      },
      "properties": {
        "netid": "58:00:E3:00:1D:EC",
        "ssid": null,
        "oui": "58:00:E3",
        "channel": 0,
        "encryption": "unknown",
        "firsttime": "2026-02-11T09:00:00.000Z",
        "lasttime": "2026-02-11T13:00:00.000Z",
        "city": null,
        "region": "TX",
        "country": "US",
        "road": "South US Highway 281",
        "postalcode": "78636"
      }
    },
    {
      "type": "Feature",
      "geometry": {
        "type": "Point",
        "coordinates": [
          -86.01676941,
          39.96399307
        ]
      },
      "properties": {
        "netid": "58:00:E3:00:6D:4A",
        "ssid": null,
        "oui": "58:00:E3",
        "channel": 6,
        "encryption": "unknown",
        "firsttime": "2024-09-17T03:00:00.000Z",
        "lasttime": "2025-07-16T17:00:00.000Z",
        "city": null,
        "region": "IN",
        "country": "US",
        "road": "Regency Drive",
        "postalcode": "46038"
      }
    },
    {
      "type": "Feature",
      "geometry": {
        "type": "Point",
        "coordinates": [
          -122.75772095,
          45.36969376
        ]
      },
      "properties": {
        "netid": "58:00:E3:00:92:01",
        "ssid": null,
        "oui": "58:00:E3",
        "channel": 6,
        "encryption": "wpa2",
        "firsttime": "2026-08-04T23:00:00.000Z",
        "lasttime": "2026-08-05T07:00:00.000Z",
        "city": null,
        "region": "OR",
        "country": "US",
        "road": "Robert Hugh Baldock Freeway",
        "postalcode": "97062"
      }
    },
    {
      "type": "Feature",
      "geometry": {
        "type": "Point",
        "coordinates": [
          -74.04271698,
          40.75596237
        ]
      },
      "properties": {
        "netid": "58:00:E3:01:7A:6F",
        "ssid": "(no SSID)",
        "oui": "58:00:E3",
        "channel": 48,
        "encryption": "wpa2",
        "firsttime": "2024-12-17T18:00:00.000Z",
        "lasttime": "2024-12-23T09:00:00.000Z",
        "city": null,
        "region": "NJ",
        "country": "US",
        "road": "Central Avenue",
        "postalcode": "07087"
      }
    },
    {
      "type": "Feature",
      "geometry": {
        "type": "Point",
        "coordinates": [
          -122.67575073,
          45.53099442
        ]
      },
      "properties": {
        "netid": "58:00:E3:01:7A:D2",
        "ssid": null,
        "oui": "58:00:E3",
        "channel": 36,
        "encryption": "wpa2",
        "firsttime": "2018-01-01T21:00:00.000Z",
        "lasttime": "2024-09-11T15:00:00.000Z",
        "city": "Portland",
        "region": "OR",
        "country": "US",
        "road": "Northwest Naito Parkway",
        "postalcode": "97240"
      }
    },
    {
      "type": "Feature",
      "geometry": {
        "type": "Point",
        "coordinates": [
          -121.25530243,
          37.93376923
        ]
      },
      "properties": {
        "netid": "58:00:E3:01:7A:F1",
        "ssid": null,
        "oui": "58:00:E3",
        "channel": 1,
        "encryption": "wpa2",
        "firsttime": "2025-01-20T21:00:00.000Z",
        "lasttime": "2025-01-20T14:00:00.000Z",
        "city": "Stockton",
        "region": "CA",
        "country": "US",
        "road": "South B Street",
        "postalcode": "95206"
      }
    },
    {
      "type": "Feature",
      "geometry": {
        "type": "Point",
        "coordinates": [
          -115.09342194,
          36.25273132
        ]
      },
      "properties": {
        "netid": "58:00:E3:01:7B:09",
        "ssid": null,
        "oui": "58:00:E3",
        "channel": 6,
        "encryption": "wpa2",
        "firsttime": "2025-11-13T01:00:00.000Z",
        "lasttime": "2025-11-12T17:00:00.000Z",
        "city": "North Las Vegas",
        "region": "NV",
        "country": "US",
        "road": "Donovan Way",
        "postalcode": "89030"
      }
    },
    {
      "type": "Feature",
      "geometry": {
        "type": "Point",
        "coordinates": [
          -112.16028595,
          33.56600952
        ]
      },
      "properties": {
        "netid": "58:00:E3:01:7B:25",
        "ssid": null,
        "oui": "58:00:E3",
        "channel": 157,
        "encryption": "wpa2",
        "firsttime": "2025-05-04T20:00:00.000Z",
        "lasttime": "2025-05-04T16:00:00.000Z",
        "city": "Glendale",
        "region": "AZ",
        "country": "US",
        "road": "North 47th Avenue",
        "postalcode": "85302"
      }
    },
    {
      "type": "Feature",
      "geometry": {
        "type": "Point",
        "coordinates": [
          -122.61515808,
          45.46572113
        ]
      },
      "properties": {
        "netid": "58:00:E3:01:7B:27",
        "ssid": null,
        "oui": "58:00:E3",
        "channel": 157,
        "encryption": "wpa2",
        "firsttime": "2024-08-18T16:00:00.000Z",
        "lasttime": "2024-08-19T10:00:00.000Z",
        "city": "Portland",
        "region": "OR",
        "country": "US",
        "road": "Southeast 46th Avenue",
        "postalcode": "97206"
      }
    },
    {
      "type": "Feature",
      "geometry": {
        "type": "Point",
        "coordinates": [
          -85.70288849,
          38.31194305
        ]
      },
      "properties": {
        "netid": "58:00:E3:01:7B:5A",
        "ssid": null,
        "oui": "58:00:E3",
        "channel": 6,
        "encryption": "wpa2",
        "firsttime": "2026-06-06T18:00:00.000Z",
        "lasttime": "2026-06-06T12:00:00.000Z",
        "city": null,
        "region": "IN",
        "country": "US",
        "road": "Middle Road",
        "postalcode": "47130"
      }
    },
    {
      "type": "Feature",
      "geometry": {
        "type": "Point",
        "coordinates": [
          -81.32008362,
          28.74051857
        ]
      },
      "properties": {
        "netid": "58:00:E3:01:7B:71",
        "ssid": null,
        "oui": "58:00:E3",
        "channel": 48,
        "encryption": "wpa2",
        "firsttime": "2026-07-10T17:00:00.000Z",
        "lasttime": "2026-07-14T18:00:00.000Z",
        "city": null,
        "region": "FL",
        "country": "US",
        "road": "Country Club Road",
        "postalcode": "32750"
      }
    },
    {
      "type": "Feature",
      "geometry": {
        "type": "Point",
        "coordinates": [
          -81.52185822,
          41.3727684
        ]
      },
      "properties": {
        "netid": "58:00:E3:01:7B:DF",
        "ssid": "DIRECT-roku-286-240951",
        "oui": "58:00:E3",
        "channel": 157,
        "encryption": "wpa2",
        "firsttime": "2024-10-05T23:00:00.000Z",
        "lasttime": "2024-10-05T16:00:00.000Z",
        "city": null,
        "region": "OH",
        "country": "US",
        "road": "Forbes Road",
        "postalcode": "44146"
      }
    },
    {
      "type": "Feature",
      "geometry": {
        "type": "Point",
        "coordinates": [
          -90.15624237,
          38.68684006
        ]
      },
      "properties": {
        "netid": "58:00:E3:01:7C:16",
        "ssid": null,
        "oui": "58:00:E3",
        "channel": 36,
        "encryption": "wpa2",
        "firsttime": "2020-08-19T13:00:00.000Z",
        "lasttime": "2025-11-28T13:00:00.000Z",
        "city": "Madison",
        "region": "IL",
        "country": "US",
        "road": "Madison Avenue",
        "postalcode": "62040"
      }
    },
    {
      "type": "Feature",
      "geometry": {
        "type": "Point",
        "coordinates": [
          -80.15562439,
          25.89228821
        ]
      },
      "properties": {
        "netid": "58:00:E3:01:7C:E5",
        "ssid": null,
        "oui": "58:00:E3",
        "channel": 11,
        "encryption": "wpa2",
        "firsttime": "2026-01-28T20:00:00.000Z",
        "lasttime": "2026-02-03T10:00:00.000Z",
        "city": null,
        "region": "FL",
        "country": "US",
        "road": "Keystone Boulevard",
        "postalcode": "33181"
      }
    },
    {
      "type": "Feature",
      "geometry": {
        "type": "Point",
        "coordinates": [
          -121.7744751,
          42.23474503
        ]
      },
      "properties": {
        "netid": "58:00:E3:01:7D:37",
        "ssid": "DIRECT-roku-473-F34555",
        "oui": "58:00:E3",
        "channel": 157,
        "encryption": "wpa2",
        "firsttime": "2025-01-26T00:00:00.000Z",
        "lasttime": "2025-02-18T15:00:00.000Z",
        "city": null,
        "region": "OR",
        "country": "US",
        "road": "Melrose Street",
        "postalcode": "97601"
      }
    },
    {
      "type": "Feature",
      "geometry": {
        "type": "Point",
        "coordinates": [
          -81.81244659,
          41.46692657
        ]
      },
      "properties": {
        "netid": "58:00:E3:01:7D:C7",
        "ssid": null,
        "oui": "58:00:E3",
        "channel": 10,
        "encryption": "wpa2",
        "firsttime": "2026-06-05T23:00:00.000Z",
        "lasttime": "2026-06-08T18:00:00.000Z",
        "city": "Cleveland",
        "region": "OH",
        "country": "US",
        "road": "Pilgrim Avenue",
        "postalcode": "44111"
      }
    },
    {
      "type": "Feature",
      "geometry": {
        "type": "Point",
        "coordinates": [
          -75.27391052,
          39.89701462
        ]
      },
      "properties": {
        "netid": "58:00:E3:01:7D:DE",
        "ssid": null,
        "oui": "58:00:E3",
        "channel": 11,
        "encryption": "wpa2",
        "firsttime": "2026-05-25T17:00:00.000Z",
        "lasttime": "2026-05-25T11:00:00.000Z",
        "city": null,
        "region": "PA",
        "country": "US",
        "road": "Folcroft Avenue",
        "postalcode": "19032"
      }
    },
    {
      "type": "Feature",
      "geometry": {
        "type": "Point",
        "coordinates": [
          -119.84535217,
          34.44691086
        ]
      },
      "properties": {
        "netid": "58:00:E3:01:7E:3B",
        "ssid": null,
        "oui": "58:00:E3",
        "channel": 3,
        "encryption": "wpa2",
        "firsttime": "2024-10-26T00:00:00.000Z",
        "lasttime": "2024-10-27T17:00:00.000Z",
        "city": null,
        "region": "CA",
        "country": "US",
        "road": "Windsor Avenue",
        "postalcode": "93117"
      }
    },
    {
      "type": "Feature",
      "geometry": {
        "type": "Point",
        "coordinates": [
          -77.30123138,
          38.68516922
        ]
      },
      "properties": {
        "netid": "58:00:E3:01:7E:3D",
        "ssid": null,
        "oui": "58:00:E3",
        "channel": 36,
        "encryption": "wpa2",
        "firsttime": "2023-01-27T10:00:00.000Z",
        "lasttime": "2025-11-10T09:00:00.000Z",
        "city": null,
        "region": "VA",
        "country": "US",
        "road": "Antietam Road",
        "postalcode": "22192"
      }
    },
    {
      "type": "Feature",
      "geometry": {
        "type": "Point",
        "coordinates": [
          -77.06475067,
          38.8088913
        ]
      },
      "properties": {
        "netid": "58:00:E3:01:7E:92",
        "ssid": null,
        "oui": "58:00:E3",
        "channel": 149,
        "encryption": "wpa2",
        "firsttime": "2025-02-11T01:00:00.000Z",
        "lasttime": "2025-02-10T22:00:00.000Z",
        "city": "Alexandria",
        "region": "VA",
        "country": "US",
        "road": "King Street",
        "postalcode": "22314"
      }
    },
    {
      "type": "Feature",
      "geometry": {
        "type": "Point",
        "coordinates": [
          -97.79602814,
          32.42995453
        ]
      },
      "properties": {
        "netid": "58:00:E3:01:7E:E7",
        "ssid": null,
        "oui": "58:00:E3",
        "channel": 1,
        "encryption": "wpa2",
        "firsttime": "2026-05-02T23:00:00.000Z",
        "lasttime": "2026-05-02T18:00:00.000Z",
        "city": "Granbury",
        "region": "TX",
        "country": "US",
        "road": "Lauren Lane",
        "postalcode": "76048"
      }
    },
    {
      "type": "Feature",
      "geometry": {
        "type": "Point",
        "coordinates": [
          -82.42288208,
          27.07899284
        ]
      },
      "properties": {
        "netid": "58:00:E3:01:7F:16",
        "ssid": "DIRECT-roku-643-42BCAF",
        "oui": "58:00:E3",
        "channel": 161,
        "encryption": "wpa2",
        "firsttime": "2026-03-11T11:00:00.000Z",
        "lasttime": "2026-03-19T12:00:00.000Z",
        "city": null,
        "region": "FL",
        "country": "US",
        "road": "Center Road",
        "postalcode": "34293"
      }
    },
    {
      "type": "Feature",
      "geometry": {
        "type": "Point",
        "coordinates": [
          -90.03638458,
          29.92251778
        ]
      },
      "properties": {
        "netid": "58:00:E3:01:7F:32",
        "ssid": "DIRECT-roku-982-58D5BF",
        "oui": "58:00:E3",
        "channel": 36,
        "encryption": "wpa2",
        "firsttime": "2017-11-02T12:00:00.000Z",
        "lasttime": "2025-12-22T12:00:00.000Z",
        "city": null,
        "region": "LA",
        "country": "US",
        "road": "Terry Parkway",
        "postalcode": "70056"
      }
    },
    {
      "type": "Feature",
      "geometry": {
        "type": "Point",
        "coordinates": [
          -118.1852951,
          33.80434799
        ]
      },
      "properties": {
        "netid": "58:00:E3:01:7F:36",
        "ssid": "DIRECT-roku-554-81A2DE",
        "oui": "58:00:E3",
        "channel": 44,
        "encryption": "wpa2",
        "firsttime": "2017-12-29T18:00:00.000Z",
        "lasttime": "2025-10-11T01:00:00.000Z",
        "city": "Long Beach",
        "region": "CA",
        "country": "US",
        "road": "East Willow Street",
        "postalcode": "90806"
      }
    },
    {
      "type": "Feature",
      "geometry": {
        "type": "Point",
        "coordinates": [
          -88.04672241,
          43.0748291
        ]
      },
      "properties": {
        "netid": "58:00:E3:01:7F:85",
        "ssid": null,
        "oui": "58:00:E3",
        "channel": 10,
        "encryption": "wpa2",
        "firsttime": "2024-03-22T20:00:00.000Z",
        "lasttime": "2025-03-03T12:00:00.000Z",
        "city": null,
        "region": "WI",
        "country": "US",
        "road": "West Burleigh Street",
        "postalcode": "53222"
      }
    },
    {
      "type": "Feature",
      "geometry": {
        "type": "Point",
        "coordinates": [
          -92.99686432,
          45.33072662
        ]
      },
      "properties": {
        "netid": "58:00:E3:01:7F:B7",
        "ssid": "DIRECT-roku-785-2585A3",
        "oui": "58:00:E3",
        "channel": 149,
        "encryption": "wpa2",
        "firsttime": "2026-06-08T23:00:00.000Z",
        "lasttime": "2026-07-12T16:00:00.000Z",
        "city": null,
        "region": "MN",
        "country": "US",
        "road": "Forest Boulevard",
        "postalcode": "55069"
      }
    },
    {
      "type": "Feature",
      "geometry": {
        "type": "Point",
        "coordinates": [
          -121.7951889,
          37.00445175
        ]
      },
      "properties": {
        "netid": "58:00:E3:01:7F:E1",
        "ssid": null,
        "oui": "58:00:E3",
        "channel": 157,
        "encryption": "wpa2",
        "firsttime": "2024-10-24T18:00:00.000Z",
        "lasttime": "2024-10-24T18:00:00.000Z",
        "city": "Watsonville",
        "region": "CA",
        "country": "US",
        "road": "Browns Valley Road",
        "postalcode": null
      }
    },
    {
      "type": "Feature",
      "geometry": {
        "type": "Point",
        "coordinates": [
          -75.79154205,
          39.65168381
        ]
      },
      "properties": {
        "netid": "58:00:E3:01:80:79",
        "ssid": "DIRECT-roku-413-65CF47",
        "oui": "58:00:E3",
        "channel": 3,
        "encryption": "wpa2",
        "firsttime": "2024-01-26T19:00:00.000Z",
        "lasttime": "2026-06-28T17:00:00.000Z",
        "city": null,
        "region": "MD",
        "country": "US",
        "road": "Iron Hill Road",
        "postalcode": "19715"
      }
    },
    {
      "type": "Feature",
      "geometry": {
        "type": "Point",
        "coordinates": [
          -121.88671112,
          36.97639084
        ]
      },
      "properties": {
        "netid": "58:00:E3:01:80:F2",
        "ssid": null,
        "oui": "58:00:E3",
        "channel": 36,
        "encryption": "wpa2",
        "firsttime": "2024-10-11T00:00:00.000Z",
        "lasttime": "2024-10-10T18:00:00.000Z",
        "city": null,
        "region": "CA",
        "country": "US",
        "road": "Valencia Avenue",
        "postalcode": "95003"
      }
    },
    {
      "type": "Feature",
      "geometry": {
        "type": "Point",
        "coordinates": [
          -73.67971802,
          45.5316124
        ]
      },
      "properties": {
        "netid": "58:00:E3:01:81:3C",
        "ssid": "DIRECT-roku-259-C2FCA9",
        "oui": "58:00:E3",
        "channel": 36,
        "encryption": "wpa2",
        "firsttime": "2025-10-06T20:00:00.000Z",
        "lasttime": "2026-08-12T13:00:00.000Z",
        "city": "Montr\u00e9al",
        "region": "Qu\u00e9bec",
        "country": "CA",
        "road": "Rue Cr\u00e9peau",
        "postalcode": "H4N 2V4"
      }
    },
    {
      "type": "Feature",
      "geometry": {
        "type": "Point",
        "coordinates": [
          -79.36361694,
          43.71384811
        ]
      },
      "properties": {
        "netid": "58:00:E3:01:81:4C",
        "ssid": "DIRECT-roku-455-AD27F1",
        "oui": "58:00:E3",
        "channel": 36,
        "encryption": "wpa2",
        "firsttime": "2023-08-01T20:00:00.000Z",
        "lasttime": "2026-03-06T14:00:00.000Z",
        "city": "Toronto",
        "region": "Ontario",
        "country": "CA",
        "road": "Eglinton Avenue East",
        "postalcode": "M4G2L1"
      }
    },
    {
      "type": "Feature",
      "geometry": {
        "type": "Point",
        "coordinates": [
          -117.95191956,
          33.79627609
        ]
      },
      "properties": {
        "netid": "58:00:E3:01:81:4E",
        "ssid": null,
        "oui": "58:00:E3",
        "channel": 161,
        "encryption": "wpa2",
        "firsttime": "2024-07-20T01:00:00.000Z",
        "lasttime": "2025-01-24T15:00:00.000Z",
        "city": "Garden Grove",
        "region": "CA",
        "country": "US",
        "road": "Orangewood Avenue",
        "postalcode": "92840"
      }
    },
    {
      "type": "Feature",
      "geometry": {
        "type": "Point",
        "coordinates": [
          -118.02858734,
          33.84392166
        ]
      },
      "properties": {
        "netid": "58:00:E3:01:81:61",
        "ssid": null,
        "oui": "58:00:E3",
        "channel": 6,
        "encryption": "wpa2",
        "firsttime": "2023-11-21T22:00:00.000Z",
        "lasttime": "2025-01-18T15:00:00.000Z",
        "city": null,
        "region": "CA",
        "country": "US",
        "road": "Valley View Street",
        "postalcode": "90620"
      }
    },
    {
      "type": "Feature",
      "geometry": {
        "type": "Point",
        "coordinates": [
          -117.21317291,
          34.06637573
        ]
      },
      "properties": {
        "netid": "58:00:E3:01:81:7C",
        "ssid": null,
        "oui": "58:00:E3",
        "channel": 1,
        "encryption": "wpa2",
        "firsttime": "2026-01-22T01:00:00.000Z",
        "lasttime": "2026-01-26T08:00:00.000Z",
        "city": "Redlands",
        "region": "CA",
        "country": "US",
        "road": "I 10",
        "postalcode": "92403"
      }
    },
    {
      "type": "Feature",
      "geometry": {
        "type": "Point",
        "coordinates": [
          -78.63237762,
          42.95486832
        ]
      },
      "properties": {
        "netid": "58:00:E3:01:81:80",
        "ssid": null,
        "oui": "58:00:E3",
        "channel": 11,
        "encryption": "wpa2",
        "firsttime": "2024-08-13T21:00:00.000Z",
        "lasttime": "2024-12-23T10:00:00.000Z",
        "city": null,
        "region": "NY",
        "country": "US",
        "road": "Gunnville Road",
        "postalcode": "14086"
      }
    },
    {
      "type": "Feature",
      "geometry": {
        "type": "Point",
        "coordinates": [
          -78.63238525,
          42.95505142
        ]
      },
      "properties": {
        "netid": "58:00:E3:01:81:88",
        "ssid": "DIRECT-roku-331-DA68FB",
        "oui": "58:00:E3",
        "channel": 11,
        "encryption": "wpa2",
        "firsttime": "2017-12-27T20:00:00.000Z",
        "lasttime": "2026-07-25T10:00:00.000Z",
        "city": null,
        "region": "NY",
        "country": "US",
        "road": "Gunnville Road",
        "postalcode": "14086"
      }
    },
    {
      "type": "Feature",
      "geometry": {
        "type": "Point",
        "coordinates": [
          -101.80220032,
          35.22866058
        ]
      },
      "properties": {
        "netid": "58:00:E3:01:81:D7",
        "ssid": null,
        "oui": "58:00:E3",
        "channel": 11,
        "encryption": "wpa2",
        "firsttime": "2026-02-27T01:00:00.000Z",
        "lasttime": "2026-02-28T10:00:00.000Z",
        "city": "Amarillo",
        "region": "TX",
        "country": "US",
        "road": "North Marrs Street",
        "postalcode": "79107"
      }
    },
    {
      "type": "Feature",
      "geometry": {
        "type": "Point",
        "coordinates": [
          -92.27437592,
          37.78388596
        ]
      },
      "properties": {
        "netid": "58:00:E3:01:82:64",
        "ssid": null,
        "oui": "58:00:E3",
        "channel": 36,
        "encryption": "wpa2",
        "firsttime": "2026-05-25T14:00:00.000Z",
        "lasttime": "2026-06-25T19:00:00.000Z",
        "city": null,
        "region": "MO",
        "country": "US",
        "road": "I 44",
        "postalcode": "65583"
      }
    },
    {
      "type": "Feature",
      "geometry": {
        "type": "Point",
        "coordinates": [
          -104.86419678,
          39.59175491
        ]
      },
      "properties": {
        "netid": "58:00:E3:01:82:67",
        "ssid": "\u0000\u0000\u0000\u0000\u0000\u0000\u0000\u0000\u0000\u0000\u0000\u0000\u0000\u0000\u0000\u0000\u0000\u0000\u0000\u0000\u0000\u0000",
        "oui": "58:00:E3",
        "channel": 1,
        "encryption": "wpa2",
        "firsttime": "2026-03-06T23:00:00.000Z",
        "lasttime": "2026-03-06T16:00:00.000Z",
        "city": "Centennial",
        "region": "CO",
        "country": "US",
        "road": "East Easter Avenue",
        "postalcode": "80112"
      }
    },
    {
      "type": "Feature",
      "geometry": {
        "type": "Point",
        "coordinates": [
          -82.35662079,
          42.96905899
        ]
      },
      "properties": {
        "netid": "58:00:E3:01:82:8A",
        "ssid": null,
        "oui": "58:00:E3",
        "channel": 157,
        "encryption": "wpa2",
        "firsttime": "2025-04-10T04:00:00.000Z",
        "lasttime": "2025-04-09T22:00:00.000Z",
        "city": "Sarnia",
        "region": "Ontario",
        "country": "CA",
        "road": "York Crescent",
        "postalcode": "N7S 5P5"
      }
    },
    {
      "type": "Feature",
      "geometry": {
        "type": "Point",
        "coordinates": [
          -79.44052124,
          43.69248199
        ]
      },
      "properties": {
        "netid": "58:00:E3:01:82:9D",
        "ssid": null,
        "oui": "58:00:E3",
        "channel": 1,
        "encryption": "wpa2",
        "firsttime": "2025-06-15T20:00:00.000Z",
        "lasttime": "2025-06-15T14:00:00.000Z",
        "city": "Toronto",
        "region": "Ontario",
        "country": "CA",
        "road": "Vaughan Road",
        "postalcode": "M6E 2A2"
      }
    },
    {
      "type": "Feature",
      "geometry": {
        "type": "Point",
        "coordinates": [
          -84.38379669,
          33.76123428
        ]
      },
      "properties": {
        "netid": "58:00:E3:01:82:A4",
        "ssid": null,
        "oui": "58:00:E3",
        "channel": 36,
        "encryption": "wpa2",
        "firsttime": "2020-02-10T23:00:00.000Z",
        "lasttime": "2025-11-09T01:00:00.000Z",
        "city": "Atlanta",
        "region": "GA",
        "country": "US",
        "road": "Courtland Street Northeast",
        "postalcode": "30303"
      }
    },
    {
      "type": "Feature",
      "geometry": {
        "type": "Point",
        "coordinates": [
          -83.40284729,
          42.16287994
        ]
      },
      "properties": {
        "netid": "58:00:E3:01:82:AE",
        "ssid": null,
        "oui": "58:00:E3",
        "channel": 9,
        "encryption": "wpa2",
        "firsttime": "2025-06-20T19:00:00.000Z",
        "lasttime": "2025-06-21T17:00:00.000Z",
        "city": null,
        "region": "MI",
        "country": "US",
        "road": "Huron River Drive",
        "postalcode": "48164"
      }
    },
    {
      "type": "Feature",
      "geometry": {
        "type": "Point",
        "coordinates": [
          -93.29059601,
          45.0163002
        ]
      },
      "properties": {
        "netid": "58:00:E3:01:82:B7",
        "ssid": null,
        "oui": "58:00:E3",
        "channel": 11,
        "encryption": "wpa2",
        "firsttime": "2025-04-04T00:00:00.000Z",
        "lasttime": "2025-04-03T18:00:00.000Z",
        "city": "Minneapolis",
        "region": "MN",
        "country": "US",
        "road": "North Bryant Avenue",
        "postalcode": "55412"
      }
    },
    {
      "type": "Feature",
      "geometry": {
        "type": "Point",
        "coordinates": [
          -77.5714035,
          38.41810226
        ]
      },
      "properties": {
        "netid": "58:00:E3:01:82:DA",
        "ssid": "DIRECT-roku-004-06F4DA",
        "oui": "58:00:E3",
        "channel": 36,
        "encryption": "wpa2",
        "firsttime": "2026-03-12T18:00:00.000Z",
        "lasttime": "2026-03-12T15:00:00.000Z",
        "city": null,
        "region": "VA",
        "country": "US",
        "road": "Hartwood Road",
        "postalcode": "22406"
      }
    },
    {
      "type": "Feature",
      "geometry": {
        "type": "Point",
        "coordinates": [
          -83.95159149,
          42.82387924
        ]
      },
      "properties": {
        "netid": "58:00:E3:01:83:02",
        "ssid": null,
        "oui": "58:00:E3",
        "channel": 149,
        "encryption": "wpa2",
        "firsttime": "2025-09-07T07:00:00.000Z",
        "lasttime": "2025-09-07T01:00:00.000Z",
        "city": null,
        "region": "MI",
        "country": "US",
        "road": "Maple Street",
        "postalcode": "48418"
      }
    },
    {
      "type": "Feature",
      "geometry": {
        "type": "Point",
        "coordinates": [
          -97.02958679,
          32.82868958
        ]
      },
      "properties": {
        "netid": "58:00:E3:01:83:0D",
        "ssid": "DIRECT-roku-505-808DC8",
        "oui": "58:00:E3",
        "channel": 48,
        "encryption": "wpa2",
        "firsttime": "2025-03-20T18:00:00.000Z",
        "lasttime": "2025-10-08T17:00:00.000Z",
        "city": "Irving",
        "region": "TX",
        "country": "US",
        "road": "Valley View Lane",
        "postalcode": "76155"
      }
    },
    {
      "type": "Feature",
      "geometry": {
        "type": "Point",
        "coordinates": [
          -94.36222839,
          38.99968338
        ]
      },
      "properties": {
        "netid": "58:00:E3:01:83:1A",
        "ssid": "\u0000\u0000\u0000\u0000\u0000\u0000\u0000\u0000\u0000\u0000\u0000\u0000\u0000\u0000\u0000\u0000\u0000\u0000\u0000\u0000\u0000\u0000",
        "oui": "58:00:E3",
        "channel": 11,
        "encryption": "none",
        "firsttime": "2026-08-06T11:00:00.000Z",
        "lasttime": "2026-08-06T10:00:00.000Z",
        "city": "Lee's Summit",
        "region": "MO",
        "country": "US",
        "road": "Northeast la Costa Street",
        "postalcode": "64064"
      }
    },
    {
      "type": "Feature",
      "geometry": {
        "type": "Point",
        "coordinates": [
          -98.48381805,
          29.40706062
        ]
      },
      "properties": {
        "netid": "58:00:E3:01:83:57",
        "ssid": null,
        "oui": "58:00:E3",
        "channel": 157,
        "encryption": "wpa2",
        "firsttime": "2023-02-17T14:00:00.000Z",
        "lasttime": "2025-04-15T00:00:00.000Z",
        "city": "San Antonio",
        "region": "TX",
        "country": "US",
        "road": "Carolina Street",
        "postalcode": "78210"
      }
    },
    {
      "type": "Feature",
      "geometry": {
        "type": "Point",
        "coordinates": [
          -95.81871796,
          29.51217461
        ]
      },
      "properties": {
        "netid": "58:00:E3:01:83:7E",
        "ssid": null,
        "oui": "58:00:E3",
        "channel": 44,
        "encryption": "wpa2",
        "firsttime": "2026-06-27T01:00:00.000Z",
        "lasttime": "2026-06-30T22:00:00.000Z",
        "city": null,
        "region": "TX",
        "country": "US",
        "road": "Bishop Hollow Lane",
        "postalcode": "77471"
      }
    },
    {
      "type": "Feature",
      "geometry": {
        "type": "Point",
        "coordinates": [
          -83.11794281,
          40.39261246
        ]
      },
      "properties": {
        "netid": "58:00:E3:01:83:91",
        "ssid": null,
        "oui": "58:00:E3",
        "channel": 48,
        "encryption": "wpa2",
        "firsttime": "2025-10-07T03:00:00.000Z",
        "lasttime": "2025-10-07T08:00:00.000Z",
        "city": null,
        "region": "OH",
        "country": "US",
        "road": "North Section Line Road",
        "postalcode": null
      }
    },
    {
      "type": "Feature",
      "geometry": {
        "type": "Point",
        "coordinates": [
          -84.17095947,
          36.07104111
        ]
      },
      "properties": {
        "netid": "58:00:E3:01:83:C6",
        "ssid": null,
        "oui": "58:00:E3",
        "channel": 44,
        "encryption": "wpa2",
        "firsttime": "2026-01-14T21:00:00.000Z",
        "lasttime": "2026-01-19T14:00:00.000Z",
        "city": null,
        "region": "TN",
        "country": "US",
        "road": "Oak Ridge Highway",
        "postalcode": "37716"
      }
    },
    {
      "type": "Feature",
      "geometry": {
        "type": "Point",
        "coordinates": [
          -93.75182343,
          38.37213135
        ]
      },
      "properties": {
        "netid": "58:00:E3:01:83:EB",
        "ssid": "DIRECT-roku-450-BC58CA",
        "oui": "58:00:E3",
        "channel": 2,
        "encryption": "wpa2",
        "firsttime": "2025-06-22T20:00:00.000Z",
        "lasttime": "2025-11-24T19:00:00.000Z",
        "city": null,
        "region": "MO",
        "country": "US",
        "road": "State Highway 7",
        "postalcode": "64735"
      }
    },
    {
      "type": "Feature",
      "geometry": {
        "type": "Point",
        "coordinates": [
          -93.11502838,
          37.26407623
        ]
      },
      "properties": {
        "netid": "58:00:E3:01:84:12",
        "ssid": null,
        "oui": "58:00:E3",
        "channel": 6,
        "encryption": "wpa2",
        "firsttime": "2026-03-20T10:00:00.000Z",
        "lasttime": "2026-03-20T04:00:00.000Z",
        "city": null,
        "region": "MO",
        "country": "US",
        "road": null,
        "postalcode": "65757"
      }
    },
    {
      "type": "Feature",
      "geometry": {
        "type": "Point",
        "coordinates": [
          -116.37863159,
          33.72134399
        ]
      },
      "properties": {
        "netid": "58:00:E3:01:84:37",
        "ssid": null,
        "oui": "58:00:E3",
        "channel": 40,
        "encryption": "wpa2",
        "firsttime": "2023-01-23T13:00:00.000Z",
        "lasttime": "2026-04-25T14:00:00.000Z",
        "city": null,
        "region": "CA",
        "country": "US",
        "road": "Highway 111",
        "postalcode": "92260-4381"
      }
    },
    {
      "type": "Feature",
      "geometry": {
        "type": "Point",
        "coordinates": [
          -97.30303955,
          32.85937119
        ]
      },
      "properties": {
        "netid": "58:00:E3:01:84:82",
        "ssid": null,
        "oui": "58:00:E3",
        "channel": 44,
        "encryption": "wpa2",
        "firsttime": "2024-12-20T08:00:00.000Z",
        "lasttime": "2024-12-21T12:00:00.000Z",
        "city": "Fort Worth",
        "region": "TX",
        "country": "US",
        "road": "North Riverside Drive",
        "postalcode": "76137"
      }
    },
    {
      "type": "Feature",
      "geometry": {
        "type": "Point",
        "coordinates": [
          -96.88772583,
          32.97249603
        ]
      },
      "properties": {
        "netid": "58:00:E3:01:85:4B",
        "ssid": "DIRECT-roku-410-E19515",
        "oui": "58:00:E3",
        "channel": 44,
        "encryption": "wpa2",
        "firsttime": "2025-01-22T22:00:00.000Z",
        "lasttime": "2025-01-22T17:00:00.000Z",
        "city": "Carrollton",
        "region": "TX",
        "country": "US",
        "road": "Keller Springs Road",
        "postalcode": "75006"
      }
    },
    {
      "type": "Feature",
      "geometry": {
        "type": "Point",
        "coordinates": [
          -84.07308197,
          35.94441223
        ]
      },
      "properties": {
        "netid": "58:00:E3:01:85:55",
        "ssid": "DIRECT-roku-496-2D1DDA",
        "oui": "58:00:E3",
        "channel": 153,
        "encryption": "wpa2",
        "firsttime": "2020-02-08T20:00:00.000Z",
        "lasttime": "2024-12-20T14:00:00.000Z",
        "city": "Knoxville",
        "region": "TN",
        "country": "US",
        "road": "Middlebrook Pike",
        "postalcode": "37909:37923"
      }
    },
    {
      "type": "Feature",
      "geometry": {
        "type": "Point",
        "coordinates": [
          -83.59428406,
          41.69632339
        ]
      },
      "properties": {
        "netid": "58:00:E3:01:85:8F",
        "ssid": null,
        "oui": "58:00:E3",
        "channel": 2,
        "encryption": "wpa2",
        "firsttime": "2026-07-19T20:00:00.000Z",
        "lasttime": "2026-07-19T19:00:00.000Z",
        "city": "Toledo",
        "region": "OH",
        "country": "US",
        "road": "Castlewood Drive",
        "postalcode": "43613"
      }
    },
    {
      "type": "Feature",
      "geometry": {
        "type": "Point",
        "coordinates": [
          -82.78620911,
          39.92613602
        ]
      },
      "properties": {
        "netid": "58:00:E3:01:85:90",
        "ssid": "DIRECT-roku-135-2FBCCA",
        "oui": "58:00:E3",
        "channel": 11,
        "encryption": "wpa2",
        "firsttime": "2026-01-24T02:00:00.000Z",
        "lasttime": "2026-03-10T16:00:00.000Z",
        "city": "Pickerington",
        "region": "OH",
        "country": "US",
        "road": "Hill Road North",
        "postalcode": "43147"
      }
    },
    {
      "type": "Feature",
      "geometry": {
        "type": "Point",
        "coordinates": [
          -83.65042114,
          41.32631302
        ]
      },
      "properties": {
        "netid": "58:00:E3:01:85:93",
        "ssid": null,
        "oui": "58:00:E3",
        "channel": 7,
        "encryption": "wpa2",
        "firsttime": "2025-04-21T14:00:00.000Z",
        "lasttime": "2026-03-05T09:00:00.000Z",
        "city": null,
        "region": "OH",
        "country": "US",
        "road": "South Findlay Pike",
        "postalcode": "43451"
      }
    },
    {
      "type": "Feature",
      "geometry": {
        "type": "Point",
        "coordinates": [
          -83.66481781,
          41.66216278
        ]
      },
      "properties": {
        "netid": "58:00:E3:01:85:9D",
        "ssid": null,
        "oui": "58:00:E3",
        "channel": 6,
        "encryption": "wpa2",
        "firsttime": "2024-11-18T15:00:00.000Z",
        "lasttime": "2024-11-19T06:00:00.000Z",
        "city": null,
        "region": "OH",
        "country": "US",
        "road": "West Bancroft Street",
        "postalcode": "43607"
      }
    },
    {
      "type": "Feature",
      "geometry": {
        "type": "Point",
        "coordinates": [
          -83.66205597,
          41.63491058
        ]
      },
      "properties": {
        "netid": "58:00:E3:01:85:B1",
        "ssid": null,
        "oui": "58:00:E3",
        "channel": 1,
        "encryption": "wpa2",
        "firsttime": "2024-05-03T12:00:00.000Z",
        "lasttime": "2025-11-08T06:00:00.000Z",
        "city": "Toledo",
        "region": "OH",
        "country": "US",
        "road": "Kitchener Drive",
        "postalcode": "43615"
      }
    },
    {
      "type": "Feature",
      "geometry": {
        "type": "Point",
        "coordinates": [
          -118.87023163,
          34.20275879
        ]
      },
      "properties": {
        "netid": "58:00:E3:01:85:CC",
        "ssid": "DIRECT-roku-492-2FA5E2",
        "oui": "58:00:E3",
        "channel": 44,
        "encryption": "wpa2",
        "firsttime": "2025-04-12T00:00:00.000Z",
        "lasttime": "2025-05-11T20:00:00.000Z",
        "city": "Thousand Oaks",
        "region": "CA",
        "country": "US",
        "road": "West Columbia Road",
        "postalcode": "91360"
      }
    },
    {
      "type": "Feature",
      "geometry": {
        "type": "Point",
        "coordinates": [
          -104.82086182,
          39.59363174
        ]
      },
      "properties": {
        "netid": "58:00:E3:01:85:E1",
        "ssid": null,
        "oui": "58:00:E3",
        "channel": 6,
        "encryption": "wpa2",
        "firsttime": "2025-12-07T02:00:00.000Z",
        "lasttime": "2026-08-06T21:00:00.000Z",
        "city": "Centennial",
        "region": "CO",
        "country": "US",
        "road": "South Jordan Road",
        "postalcode": "80111-5711"
      }
    },
    {
      "type": "Feature",
      "geometry": {
        "type": "Point",
        "coordinates": [
          -111.72944641,
          33.30676651
        ]
      },
      "properties": {
        "netid": "58:00:E3:01:85:F3",
        "ssid": "DIRECT-roku-305-CE0B87",
        "oui": "58:00:E3",
        "channel": 11,
        "encryption": "wpa2",
        "firsttime": "2025-02-22T07:00:00.000Z",
        "lasttime": "2026-05-02T22:00:00.000Z",
        "city": "Gilbert",
        "region": "AZ",
        "country": "US",
        "road": "East Williams Field Road",
        "postalcode": "85295"
      }
    },
    {
      "type": "Feature",
      "geometry": {
        "type": "Point",
        "coordinates": [
          -104.88842773,
          39.40313721
        ]
      },
      "properties": {
        "netid": "58:00:E3:01:85:F4",
        "ssid": "DIRECT-roku-096-3DBF42",
        "oui": "58:00:E3",
        "channel": 157,
        "encryption": "wpa2",
        "firsttime": "2024-09-30T13:00:00.000Z",
        "lasttime": "2024-11-08T04:00:00.000Z",
        "city": null,
        "region": "CO",
        "country": "US",
        "road": "Bilberry Street",
        "postalcode": "80109"
      }
    },
    {
      "type": "Feature",
      "geometry": {
        "type": "Point",
        "coordinates": [
          -96.85220337,
          32.9634285
        ]
      },
      "properties": {
        "netid": "58:00:E3:01:86:03",
        "ssid": "DIRECT-roku-059-ADBDB5",
        "oui": "58:00:E3",
        "channel": 157,
        "encryption": "wpa2",
        "firsttime": "2023-10-29T16:00:00.000Z",
        "lasttime": "2025-07-31T18:00:00.000Z",
        "city": "Carrollton",
        "region": "TX",
        "country": "US",
        "road": "Country Square Drive",
        "postalcode": "75006"
      }
    },
    {
      "type": "Feature",
      "geometry": {
        "type": "Point",
        "coordinates": [
          -94.66766357,
          39.01254654
        ]
      },
      "properties": {
        "netid": "58:00:E3:01:86:76",
        "ssid": null,
        "oui": "58:00:E3",
        "channel": 1,
        "encryption": "wpa2",
        "firsttime": "2018-05-05T19:00:00.000Z",
        "lasttime": "2025-10-15T08:00:00.000Z",
        "city": "Overland Park",
        "region": "KS",
        "country": "US",
        "road": "Metcalf Avenue",
        "postalcode": "66202"
      }
    },
    {
      "type": "Feature",
      "geometry": {
        "type": "Point",
        "coordinates": [
          -77.03087616,
          40.38999557
        ]
      },
      "properties": {
        "netid": "58:00:E3:01:86:95",
        "ssid": null,
        "oui": "58:00:E3",
        "channel": 4,
        "encryption": "wpa2",
        "firsttime": "2024-09-21T15:00:00.000Z",
        "lasttime": "2024-09-22T11:00:00.000Z",
        "city": null,
        "region": "PA",
        "country": "US",
        "road": "Cumberland Street",
        "postalcode": "17020"
      }
    },
    {
      "type": "Feature",
      "geometry": {
        "type": "Point",
        "coordinates": [
          -82.8442688,
          27.86013031
        ]
      },
      "properties": {
        "netid": "58:00:E3:01:86:98",
        "ssid": null,
        "oui": "58:00:E3",
        "channel": 36,
        "encryption": "wpa2",
        "firsttime": "2026-03-26T16:00:00.000Z",
        "lasttime": "2026-03-26T10:00:00.000Z",
        "city": null,
        "region": "FL",
        "country": "US",
        "road": null,
        "postalcode": null
      }
    },
    {
      "type": "Feature",
      "geometry": {
        "type": "Point",
        "coordinates": [
          -95.67484283,
          29.96968079
        ]
      },
      "properties": {
        "netid": "58:00:E3:01:86:EA",
        "ssid": null,
        "oui": "58:00:E3",
        "channel": 11,
        "encryption": "wpa2",
        "firsttime": "2026-05-04T16:00:00.000Z",
        "lasttime": "2026-05-04T09:00:00.000Z",
        "city": null,
        "region": "TX",
        "country": "US",
        "road": "Cedar Manor Court",
        "postalcode": "77429"
      }
    },
    {
      "type": "Feature",
      "geometry": {
        "type": "Point",
        "coordinates": [
          -83.1889267,
          42.34384155
        ]
      },
      "properties": {
        "netid": "58:00:E3:01:87:38",
        "ssid": null,
        "oui": "58:00:E3",
        "channel": 6,
        "encryption": "wpa2",
        "firsttime": "2019-11-19T12:00:00.000Z",
        "lasttime": "2025-07-16T21:00:00.000Z",
        "city": "Dearborn",
        "region": "MI",
        "country": "US",
        "road": "West Warren Avenue",
        "postalcode": "48127"
      }
    },
    {
      "type": "Feature",
      "geometry": {
        "type": "Point",
        "coordinates": [
          -84.48377991,
          42.73884583
        ]
      },
      "properties": {
        "netid": "58:00:E3:01:87:39",
        "ssid": "DIRECT-roku-040-F5C7D7",
        "oui": "58:00:E3",
        "channel": 36,
        "encryption": "wpa2",
        "firsttime": "2025-12-05T22:00:00.000Z",
        "lasttime": "2026-01-24T17:00:00.000Z",
        "city": null,
        "region": "MI",
        "country": "US",
        "road": "Abbot Road",
        "postalcode": "48823"
      }
    },
    {
      "type": "Feature",
      "geometry": {
        "type": "Point",
        "coordinates": [
          -81.07297516,
          29.30600166
        ]
      },
      "properties": {
        "netid": "58:00:E3:01:87:5B",
        "ssid": null,
        "oui": "58:00:E3",
        "channel": 1,
        "encryption": "wpa2",
        "firsttime": "2024-10-16T03:00:00.000Z",
        "lasttime": "2024-10-15T21:00:00.000Z",
        "city": null,
        "region": "FL",
        "country": "US",
        "road": "Northbrook Lane",
        "postalcode": "32174"
      }
    },
    {
      "type": "Feature",
      "geometry": {
        "type": "Point",
        "coordinates": [
          -96.92507172,
          35.35742569
        ]
      },
      "properties": {
        "netid": "58:00:E3:01:87:78",
        "ssid": "DIRECT-roku-848-8536B3",
        "oui": "58:00:E3",
        "channel": 6,
        "encryption": "wpa2",
        "firsttime": "2023-03-04T09:00:00.000Z",
        "lasttime": "2025-03-06T13:00:00.000Z",
        "city": null,
        "region": "OK",
        "country": "US",
        "road": "West Midland Street",
        "postalcode": "74804"
      }
    },
    {
      "type": "Feature",
      "geometry": {
        "type": "Point",
        "coordinates": [
          -79.75383759,
          43.7751236
        ]
      },
      "properties": {
        "netid": "58:00:E3:01:87:79",
        "ssid": null,
        "oui": "58:00:E3",
        "channel": 4,
        "encryption": "wpa2",
        "firsttime": "2025-09-14T17:00:00.000Z",
        "lasttime": "2025-09-14T13:00:00.000Z",
        "city": "Brampton",
        "region": "Ontario",
        "country": "CA",
        "road": "Sled Dog Road",
        "postalcode": "L6R 0J6"
      }
    },
    {
      "type": "Feature",
      "geometry": {
        "type": "Point",
        "coordinates": [
          -122.4426651,
          37.75395966
        ]
      },
      "properties": {
        "netid": "58:00:E3:01:87:85",
        "ssid": null,
        "oui": "58:00:E3",
        "channel": 7,
        "encryption": "wpa2",
        "firsttime": "2025-08-17T18:00:00.000Z",
        "lasttime": "2025-12-20T21:00:00.000Z",
        "city": "San Francisco",
        "region": "CA",
        "country": "US",
        "road": "Corbett Avenue",
        "postalcode": "94114-1818"
      }
    },
    {
      "type": "Feature",
      "geometry": {
        "type": "Point",
        "coordinates": [
          -94.60340118,
          39.0572319
        ]
      },
      "properties": {
        "netid": "58:00:E3:01:87:8F",
        "ssid": null,
        "oui": "58:00:E3",
        "channel": 44,
        "encryption": "wpa2",
        "firsttime": "2025-05-14T20:00:00.000Z",
        "lasttime": "2025-07-20T18:00:00.000Z",
        "city": "Kansas City",
        "region": "MO",
        "country": "US",
        "road": "West 39th Street",
        "postalcode": "66160"
      }
    },
    {
      "type": "Feature",
      "geometry": {
        "type": "Point",
        "coordinates": [
          -115.07100677,
          36.08927155
        ]
      },
      "properties": {
        "netid": "58:00:E3:01:87:B5",
        "ssid": "DIRECT-roku-895-057B7B",
        "oui": "58:00:E3",
        "channel": 11,
        "encryption": "wpa2",
        "firsttime": "2017-03-07T14:00:00.000Z",
        "lasttime": "2026-08-09T15:00:00.000Z",
        "city": null,
        "region": "NV",
        "country": "US",
        "road": "Interstate 515",
        "postalcode": "89122"
      }
    },
    {
      "type": "Feature",
      "geometry": {
        "type": "Point",
        "coordinates": [
          -122.2780838,
          37.84912872
        ]
      },
      "properties": {
        "netid": "58:00:E3:01:87:B6",
        "ssid": null,
        "oui": "58:00:E3",
        "channel": 36,
        "encryption": "wpa2",
        "firsttime": "2018-06-20T13:00:00.000Z",
        "lasttime": "2026-06-06T17:00:00.000Z",
        "city": "Berkeley",
        "region": "CA",
        "country": "US",
        "road": "Sacramento Street",
        "postalcode": "94703"
      }
    },
    {
      "type": "Feature",
      "geometry": {
        "type": "Point",
        "coordinates": [
          -90.68987274,
          42.53079605
        ]
      },
      "properties": {
        "netid": "58:00:E3:01:87:B8",
        "ssid": null,
        "oui": "58:00:E3",
        "channel": 6,
        "encryption": "wpa2",
        "firsttime": "2024-03-04T05:00:00.000Z",
        "lasttime": "2025-07-22T22:00:00.000Z",
        "city": "Dubuque",
        "region": "IA",
        "country": "US",
        "road": "Olympic Heights Road",
        "postalcode": "52001"
      }
    },
    {
      "type": "Feature",
      "geometry": {
        "type": "Point",
        "coordinates": [
          -118.28891754,
          33.72519302
        ]
      },
      "properties": {
        "netid": "58:00:E3:01:87:C0",
        "ssid": null,
        "oui": "58:00:E3",
        "channel": 40,
        "encryption": "wpa2",
        "firsttime": "2022-03-29T14:00:00.000Z",
        "lasttime": "2024-12-28T14:00:00.000Z",
        "city": "Los Angeles",
        "region": "CA",
        "country": "US",
        "road": "West 21st Street",
        "postalcode": "90732"
      }
    },
    {
      "type": "Feature",
      "geometry": {
        "type": "Point",
        "coordinates": [
          -84.11655426,
          33.98102951
        ]
      },
      "properties": {
        "netid": "58:00:E3:01:87:C6",
        "ssid": null,
        "oui": "58:00:E3",
        "channel": 36,
        "encryption": "wpa2",
        "firsttime": "2024-11-15T21:00:00.000Z",
        "lasttime": "2024-11-15T16:00:00.000Z",
        "city": null,
        "region": "GA",
        "country": "US",
        "road": "Duluth Highway",
        "postalcode": "30096"
      }
    },
    {
      "type": "Feature",
      "geometry": {
        "type": "Point",
        "coordinates": [
          -73.97930145,
          40.7568779
        ]
      },
      "properties": {
        "netid": "58:00:E3:01:88:0C",
        "ssid": "DIRECT-roku-755-10BA1D",
        "oui": "58:00:E3",
        "channel": 157,
        "encryption": "wpa2",
        "firsttime": "2022-10-16T02:00:00.000Z",
        "lasttime": "2025-09-26T15:00:00.000Z",
        "city": "City of New York",
        "region": "NY",
        "country": "US",
        "road": "East 47th Street",
        "postalcode": "10017"
      }
    },
    {
      "type": "Feature",
      "geometry": {
        "type": "Point",
        "coordinates": [
          -93.77294159,
          44.8391304
        ]
      },
      "properties": {
        "netid": "58:00:E3:01:88:1B",
        "ssid": "DIRECT-roku-132-84A903",
        "oui": "58:00:E3",
        "channel": 6,
        "encryption": "wpa2",
        "firsttime": "2025-06-24T22:00:00.000Z",
        "lasttime": "2025-06-24T15:00:00.000Z",
        "city": null,
        "region": "MN",
        "country": "US",
        "road": "Main Street",
        "postalcode": "55387"
      }
    },
    {
      "type": "Feature",
      "geometry": {
        "type": "Point",
        "coordinates": [
          -73.62291718,
          45.42817307
        ]
      },
      "properties": {
        "netid": "58:00:E3:01:88:C0",
        "ssid": null,
        "oui": "58:00:E3",
        "channel": 44,
        "encryption": "wpa2",
        "firsttime": "2025-06-27T12:00:00.000Z",
        "lasttime": "2025-06-27T15:00:00.000Z",
        "city": "Montr\u00e9al",
        "region": "Qu\u00e9bec",
        "country": "CA",
        "road": "Rue Jean-Brillon",
        "postalcode": "H8N 2P2"
      }
    },
    {
      "type": "Feature",
      "geometry": {
        "type": "Point",
        "coordinates": [
          -87.70280457,
          41.76321793
        ]
      },
      "properties": {
        "netid": "58:00:E3:01:88:F0",
        "ssid": "DIRECT-roku-339-D02F40",
        "oui": "58:00:E3",
        "channel": 149,
        "encryption": "wpa2",
        "firsttime": "2024-12-21T22:00:00.000Z",
        "lasttime": "2024-12-21T16:00:00.000Z",
        "city": "Chicago",
        "region": "IL",
        "country": "US",
        "road": "South Kedzie Avenue",
        "postalcode": "60652"
      }
    },
    {
      "type": "Feature",
      "geometry": {
        "type": "Point",
        "coordinates": [
          -73.72457886,
          40.69037247
        ]
      },
      "properties": {
        "netid": "58:00:E3:01:88:FA",
        "ssid": "DIRECT-roku-501-7DD40B",
        "oui": "58:00:E3",
        "channel": 149,
        "encryption": "wpa2",
        "firsttime": "2023-12-28T12:00:00.000Z",
        "lasttime": "2025-04-15T06:00:00.000Z",
        "city": null,
        "region": "NY",
        "country": "US",
        "road": "Linden Boulevard",
        "postalcode": "11003"
      }
    },
    {
      "type": "Feature",
      "geometry": {
        "type": "Point",
        "coordinates": [
          -118.06948853,
          33.86543655
        ]
      },
      "properties": {
        "netid": "58:00:E3:01:89:13",
        "ssid": null,
        "oui": "58:00:E3",
        "channel": 161,
        "encryption": "wpa2",
        "firsttime": "2024-12-17T18:00:00.000Z",
        "lasttime": "2024-12-17T15:00:00.000Z",
        "city": null,
        "region": "CA",
        "country": "US",
        "road": "La Jara Lane",
        "postalcode": "90703"
      }
    },
    {
      "type": "Feature",
      "geometry": {
        "type": "Point",
        "coordinates": [
          -80.8757019,
          35.18802643
        ]
      },
      "properties": {
        "netid": "58:00:E3:01:89:34",
        "ssid": null,
        "oui": "58:00:E3",
        "channel": 11,
        "encryption": "wpa2",
        "firsttime": "2025-09-20T19:00:00.000Z",
        "lasttime": "2026-01-24T17:00:00.000Z",
        "city": "Charlotte",
        "region": "NC",
        "country": "US",
        "road": "South Boulevard",
        "postalcode": "28273"
      }
    },
    {
      "type": "Feature",
      "geometry": {
        "type": "Point",
        "coordinates": [
          -82.09037781,
          33.42428207
        ]
      },
      "properties": {
        "netid": "58:00:E3:01:89:58",
        "ssid": null,
        "oui": "58:00:E3",
        "channel": 11,
        "encryption": "wpa2",
        "firsttime": "2025-12-18T22:00:00.000Z",
        "lasttime": "2026-01-13T20:00:00.000Z",
        "city": "Augusta",
        "region": "GA",
        "country": "US",
        "road": "Drayton Drive",
        "postalcode": "30906"
      }
    },
    {
      "type": "Feature",
      "geometry": {
        "type": "Point",
        "coordinates": [
          -78.65305328,
          33.86497116
        ]
      },
      "properties": {
        "netid": "58:00:E3:01:89:5E",
        "ssid": null,
        "oui": "58:00:E3",
        "channel": 36,
        "encryption": "wpa2",
        "firsttime": "2025-12-10T23:00:00.000Z",
        "lasttime": "2025-12-11T17:00:00.000Z",
        "city": null,
        "region": "SC",
        "country": "US",
        "road": "US 17",
        "postalcode": "29566"
      }
    },
    {
      "type": "Feature",
      "geometry": {
        "type": "Point",
        "coordinates": [
          -82.70269012,
          27.99369812
        ]
      },
      "properties": {
        "netid": "58:00:E3:01:89:67",
        "ssid": "DIRECT-roku-831-1D2007",
        "oui": "58:00:E3",
        "channel": 44,
        "encryption": "wep",
        "firsttime": "2022-07-16T14:00:00.000Z",
        "lasttime": "2025-11-13T19:00:00.000Z",
        "city": "Palm Harbor",
        "region": "FL",
        "country": "US",
        "road": "4th Street North",
        "postalcode": "34695"
      }
    },
    {
      "type": "Feature",
      "geometry": {
        "type": "Point",
        "coordinates": [
          -77.18965912,
          40.20046616
        ]
      },
      "properties": {
        "netid": "58:00:E3:01:89:7D",
        "ssid": null,
        "oui": "58:00:E3",
        "channel": 149,
        "encryption": "wpa2",
        "firsttime": "2023-01-27T16:00:00.000Z",
        "lasttime": "2024-12-05T16:00:00.000Z",
        "city": null,
        "region": "PA",
        "country": "US",
        "road": "School Avenue",
        "postalcode": "17013"
      }
    },
    {
      "type": "Feature",
      "geometry": {
        "type": "Point",
        "coordinates": [
          -121.22518921,
          38.70492935
        ]
      },
      "properties": {
        "netid": "58:00:E3:01:89:C6",
        "ssid": null,
        "oui": "58:00:E3",
        "channel": 9,
        "encryption": "wep",
        "firsttime": "2021-11-01T20:00:00.000Z",
        "lasttime": "2025-10-24T12:00:00.000Z",
        "city": null,
        "region": "CA",
        "country": "US",
        "road": "Hazel Avenue",
        "postalcode": "95662"
      }
    },
    {
      "type": "Feature",
      "geometry": {
        "type": "Point",
        "coordinates": [
          -112.29740906,
          33.50786972
        ]
      },
      "properties": {
        "netid": "58:00:E3:01:89:C8",
        "ssid": null,
        "oui": "58:00:E3",
        "channel": 44,
        "encryption": "wpa2",
        "firsttime": "2017-06-13T21:00:00.000Z",
        "lasttime": "2026-02-26T07:00:00.000Z",
        "city": "Phoenix",
        "region": "AZ",
        "country": "US",
        "road": "West Camelback Road",
        "postalcode": "85037"
      }
    },
    {
      "type": "Feature",
      "geometry": {
        "type": "Point",
        "coordinates": [
          -115.00007629,
          36.06380081
        ]
      },
      "properties": {
        "netid": "58:00:E3:01:89:D5",
        "ssid": "DIRECT-roku-481-CB1565",
        "oui": "58:00:E3",
        "channel": 11,
        "encryption": "wpa2",
        "firsttime": "2025-12-01T21:00:00.000Z",
        "lasttime": "2026-05-04T23:00:00.000Z",
        "city": "Henderson",
        "region": "NV",
        "country": "US",
        "road": "East Merlayne Drive",
        "postalcode": "89122-7432"
      }
    },
    {
      "type": "Feature",
      "geometry": {
        "type": "Point",
        "coordinates": [
          -75.21591949,
          43.0906601
        ]
      },
      "properties": {
        "netid": "58:00:E3:01:8A:53",
        "ssid": null,
        "oui": "58:00:E3",
        "channel": 40,
        "encryption": "wpa2",
        "firsttime": "2024-09-16T14:00:00.000Z",
        "lasttime": "2024-11-18T13:00:00.000Z",
        "city": "City of Utica",
        "region": "NY",
        "country": "US",
        "road": "South Street",
        "postalcode": "13501"
      }
    },
    {
      "type": "Feature",
      "geometry": {
        "type": "Point",
        "coordinates": [
          -118.92111206,
          35.4009285
        ]
      },
      "properties": {
        "netid": "58:00:E3:01:8A:90",
        "ssid": "DIRECT-roku-127-FCCD35",
        "oui": "58:00:E3",
        "channel": 36,
        "encryption": "wpa2",
        "firsttime": "2025-04-23T19:00:00.000Z",
        "lasttime": "2025-04-23T15:00:00.000Z",
        "city": "Bakersfield",
        "region": "CA",
        "country": "US",
        "road": "Hawk Hill ln",
        "postalcode": "93306"
      }
    },
    {
      "type": "Feature",
      "geometry": {
        "type": "Point",
        "coordinates": [
          -118.32091522,
          33.84685135
        ]
      },
      "properties": {
        "netid": "58:00:E3:01:8A:94",
        "ssid": null,
        "oui": "58:00:E3",
        "channel": 11,
        "encryption": "wpa2",
        "firsttime": "2018-04-03T03:00:00.000Z",
        "lasttime": "2025-03-08T19:00:00.000Z",
        "city": "Torrance",
        "region": "CA",
        "country": "US",
        "road": "Del Amo Boulevard",
        "postalcode": "90503"
      }
    },
    {
      "type": "Feature",
      "geometry": {
        "type": "Point",
        "coordinates": [
          -71.12924194,
          42.43265915
        ]
      },
      "properties": {
        "netid": "58:00:E3:01:8A:9E",
        "ssid": null,
        "oui": "58:00:E3",
        "channel": 1,
        "encryption": "wpa2",
        "firsttime": "2024-06-12T17:00:00.000Z",
        "lasttime": "2025-01-19T17:00:00.000Z",
        "city": "Medford",
        "region": "MA",
        "country": "US",
        "road": "Barbara Lane",
        "postalcode": "01890-3928"
      }
    },
    {
      "type": "Feature",
      "geometry": {
        "type": "Point",
        "coordinates": [
          -77.91268921,
          34.17872238
        ]
      },
      "properties": {
        "netid": "58:00:E3:01:8A:BE",
        "ssid": null,
        "oui": "58:00:E3",
        "channel": 1,
        "encryption": "wpa2",
        "firsttime": "2026-06-03T17:00:00.000Z",
        "lasttime": "2026-06-03T11:00:00.000Z",
        "city": "Wilmington",
        "region": "NC",
        "country": "US",
        "road": "South 17th Street",
        "postalcode": "28412"
      }
    },
    {
      "type": "Feature",
      "geometry": {
        "type": "Point",
        "coordinates": [
          -76.52523804,
          37.16699219
        ]
      },
      "properties": {
        "netid": "58:00:E3:01:8A:EC",
        "ssid": null,
        "oui": "58:00:E3",
        "channel": 157,
        "encryption": "wpa2",
        "firsttime": "2026-04-07T20:00:00.000Z",
        "lasttime": "2026-04-09T17:00:00.000Z",
        "city": null,
        "region": "VA",
        "country": "US",
        "road": "Wilderness Way",
        "postalcode": "23608"
      }
    },
    {
      "type": "Feature",
      "geometry": {
        "type": "Point",
        "coordinates": [
          -73.63790131,
          40.73918915
        ]
      },
      "properties": {
        "netid": "58:00:E3:01:8B:12",
        "ssid": null,
        "oui": "58:00:E3",
        "channel": 161,
        "encryption": "wpa2",
        "firsttime": "2024-11-20T17:00:00.000Z",
        "lasttime": "2024-11-20T11:00:00.000Z",
        "city": null,
        "region": "NY",
        "country": "US",
        "road": "Old Country Road",
        "postalcode": "11501"
      }
    },
    {
      "type": "Feature",
      "geometry": {
        "type": "Point",
        "coordinates": [
          -115.14093781,
          36.09760666
        ]
      },
      "properties": {
        "netid": "58:00:E3:01:8B:18",
        "ssid": null,
        "oui": "58:00:E3",
        "channel": 11,
        "encryption": "wpa2",
        "firsttime": "2024-06-20T16:00:00.000Z",
        "lasttime": "2025-07-16T13:00:00.000Z",
        "city": null,
        "region": "NV",
        "country": "US",
        "road": "Toni Avenue",
        "postalcode": "89119-6304"
      }
    },
    {
      "type": "Feature",
      "geometry": {
        "type": "Point",
        "coordinates": [
          -83.50812531,
          41.79391861
        ]
      },
      "properties": {
        "netid": "58:00:E3:01:8B:6C",
        "ssid": null,
        "oui": "58:00:E3",
        "channel": 1,
        "encryption": "wpa2",
        "firsttime": "2024-03-26T15:00:00.000Z",
        "lasttime": "2026-07-06T10:00:00.000Z",
        "city": null,
        "region": "MI",
        "country": "US",
        "road": "East Erie Road",
        "postalcode": "48133"
      }
    },
    {
      "type": "Feature",
      "geometry": {
        "type": "Point",
        "coordinates": [
          -73.57476807,
          45.52215576
        ]
      },
      "properties": {
        "netid": "58:00:E3:01:8B:71",
        "ssid": null,
        "oui": "58:00:E3",
        "channel": 157,
        "encryption": "wpa2",
        "firsttime": "2024-11-15T20:00:00.000Z",
        "lasttime": "2024-11-15T12:00:00.000Z",
        "city": "Montr\u00e9al",
        "region": "Qu\u00e9bec",
        "country": "CA",
        "road": "Avenue De Chateaubriand",
        "postalcode": "H2J2H5"
      }
    },
    {
      "type": "Feature",
      "geometry": {
        "type": "Point",
        "coordinates": [
          -122.47115326,
          37.68944931
        ]
      },
      "properties": {
        "netid": "58:00:E3:01:8B:CB",
        "ssid": null,
        "oui": "58:00:E3",
        "channel": 1,
        "encryption": "wpa2",
        "firsttime": "2017-04-07T20:00:00.000Z",
        "lasttime": "2026-02-28T16:00:00.000Z",
        "city": "Daly City",
        "region": "CA",
        "country": "US",
        "road": "Briggs Street",
        "postalcode": "94015"
      }
    },
    {
      "type": "Feature",
      "geometry": {
        "type": "Point",
        "coordinates": [
          -83.7159729,
          41.55835342
        ]
      },
      "properties": {
        "netid": "58:00:E3:01:8B:E7",
        "ssid": null,
        "oui": "58:00:E3",
        "channel": 6,
        "encryption": "wpa2",
        "firsttime": "2024-10-28T13:00:00.000Z",
        "lasttime": "2024-10-28T08:00:00.000Z",
        "city": null,
        "region": "OH",
        "country": "US",
        "road": "Harbour Creek Court",
        "postalcode": "43537"
      }
    },
    {
      "type": "Feature",
      "geometry": {
        "type": "Point",
        "coordinates": [
          -79.45053864,
          43.65839005
        ]
      },
      "properties": {
        "netid": "58:00:E3:01:8B:F9",
        "ssid": "DIRECT-roku-176-DCAB16",
        "oui": "58:00:E3",
        "channel": 4,
        "encryption": "wpa2",
        "firsttime": "2026-08-12T19:00:00.000Z",
        "lasttime": "2026-08-12T12:00:00.000Z",
        "city": "Old Toronto",
        "region": "Ontario",
        "country": "CA",
        "road": "Randolph Avenue",
        "postalcode": "M6P"
      }
    },
    {
      "type": "Feature",
      "geometry": {
        "type": "Point",
        "coordinates": [
          -106.67694092,
          46.26610565
        ]
      },
      "properties": {
        "netid": "58:00:E3:01:8C:3E",
        "ssid": null,
        "oui": "58:00:E3",
        "channel": 36,
        "encryption": "wpa2",
        "firsttime": "2024-06-23T00:00:00.000Z",
        "lasttime": "2025-07-21T12:00:00.000Z",
        "city": null,
        "region": "MT",
        "country": "US",
        "road": "Main Street",
        "postalcode": "59327"
      }
    },
    {
      "type": "Feature",
      "geometry": {
        "type": "Point",
        "coordinates": [
          -76.8246994,
          40.33624649
        ]
      },
      "properties": {
        "netid": "58:00:E3:01:8C:57",
        "ssid": "DIRECT-roku-691-F912BD",
        "oui": "58:00:E3",
        "channel": 44,
        "encryption": "wpa2",
        "firsttime": "2017-03-21T16:00:00.000Z",
        "lasttime": "2026-04-04T15:00:00.000Z",
        "city": null,
        "region": "PA",
        "country": "US",
        "road": "Linglestown Road",
        "postalcode": "17112"
      }
    },
    {
      "type": "Feature",
      "geometry": {
        "type": "Point",
        "coordinates": [
          -76.65721893,
          39.29468536
        ]
      },
      "properties": {
        "netid": "58:00:E3:01:8C:5A",
        "ssid": null,
        "oui": "58:00:E3",
        "channel": 1,
        "encryption": "wpa2",
        "firsttime": "2017-04-02T03:00:00.000Z",
        "lasttime": "2026-08-04T11:00:00.000Z",
        "city": "Baltimore",
        "region": "MD",
        "country": "US",
        "road": "Edmondson Avenue",
        "postalcode": "21223"
      }
    },
    {
      "type": "Feature",
      "geometry": {
        "type": "Point",
        "coordinates": [
          -79.54785156,
          43.77005768
        ]
      },
      "properties": {
        "netid": "58:00:E3:01:8C:C6",
        "ssid": null,
        "oui": "58:00:E3",
        "channel": 36,
        "encryption": "wpa2",
        "firsttime": "2024-11-16T18:00:00.000Z",
        "lasttime": "2025-04-12T15:00:00.000Z",
        "city": "Toronto",
        "region": "Ontario",
        "country": "CA",
        "road": "Steeles Avenue West",
        "postalcode": "L4L4Y6"
      }
    },
    {
      "type": "Feature",
      "geometry": {
        "type": "Point",
        "coordinates": [
          -74.04524231,
          45.40431976
        ]
      },
      "properties": {
        "netid": "58:00:E3:01:8C:D5",
        "ssid": null,
        "oui": "58:00:E3",
        "channel": 36,
        "encryption": "wpa2",
        "firsttime": "2022-05-26T11:00:00.000Z",
        "lasttime": "2026-02-23T16:00:00.000Z",
        "city": null,
        "region": "Qu\u00e9bec",
        "country": "CA",
        "road": "Boulevard de la Gare",
        "postalcode": "J7V 8W5"
      }
    },
    {
      "type": "Feature",
      "geometry": {
        "type": "Point",
        "coordinates": [
          -113.40341949,
          53.47142792
        ]
      },
      "properties": {
        "netid": "58:00:E3:01:8C:FC",
        "ssid": null,
        "oui": "58:00:E3",
        "channel": 44,
        "encryption": "wpa2",
        "firsttime": "2021-02-02T21:00:00.000Z",
        "lasttime": "2025-07-19T06:00:00.000Z",
        "city": "Edmonton",
        "region": "Alberta",
        "country": "CA",
        "road": "38 Avenue NW",
        "postalcode": "T6T 1N2"
      }
    },
    {
      "type": "Feature",
      "geometry": {
        "type": "Point",
        "coordinates": [
          -87.95343781,
          41.89033508
        ]
      },
      "properties": {
        "netid": "58:00:E3:01:8D:2D",
        "ssid": null,
        "oui": "58:00:E3",
        "channel": 11,
        "encryption": "wpa2",
        "firsttime": "2025-07-21T14:00:00.000Z",
        "lasttime": "2025-09-13T10:00:00.000Z",
        "city": null,
        "region": "IL",
        "country": "US",
        "road": "West Saint Charles Road",
        "postalcode": "60126"
      }
    },
    {
      "type": "Feature",
      "geometry": {
        "type": "Point",
        "coordinates": [
          -82.95935059,
          39.94960022
        ]
      },
      "properties": {
        "netid": "58:00:E3:01:8D:32",
        "ssid": "DIRECT-roku-673-4D4D66",
        "oui": "58:00:E3",
        "channel": 1,
        "encryption": "wpa2",
        "firsttime": "2019-11-08T07:00:00.000Z",
        "lasttime": "2025-07-17T04:00:00.000Z",
        "city": "Columbus",
        "region": "OH",
        "country": "US",
        "road": "East Livingston Avenue",
        "postalcode": "43205"
      }
    },
    {
      "type": "Feature",
      "geometry": {
        "type": "Point",
        "coordinates": [
          -83.19024658,
          42.20782089
        ]
      },
      "properties": {
        "netid": "58:00:E3:01:8D:46",
        "ssid": null,
        "oui": "58:00:E3",
        "channel": 7,
        "encryption": "wpa2",
        "firsttime": "2026-01-18T17:00:00.000Z",
        "lasttime": "2026-01-18T10:00:00.000Z",
        "city": null,
        "region": "MI",
        "country": "US",
        "road": "Burns Street",
        "postalcode": "48195"
      }
    },
    {
      "type": "Feature",
      "geometry": {
        "type": "Point",
        "coordinates": [
          -112.03827667,
          33.46618652
        ]
      },
      "properties": {
        "netid": "58:00:E3:01:8D:6C",
        "ssid": null,
        "oui": "58:00:E3",
        "channel": 36,
        "encryption": "wpa2",
        "firsttime": "2021-09-16T23:00:00.000Z",
        "lasttime": "2025-03-08T20:00:00.000Z",
        "city": "Phoenix",
        "region": "AZ",
        "country": "US",
        "road": "Piestewa Freeway",
        "postalcode": "85006-3678"
      }
    },
    {
      "type": "Feature",
      "geometry": {
        "type": "Point",
        "coordinates": [
          -82.5190506,
          39.76784897
        ]
      },
      "properties": {
        "netid": "58:00:E3:01:8D:CA",
        "ssid": null,
        "oui": "58:00:E3",
        "channel": 36,
        "encryption": "wpa2",
        "firsttime": "2025-05-07T21:00:00.000Z",
        "lasttime": "2025-07-06T17:00:00.000Z",
        "city": null,
        "region": "OH",
        "country": "US",
        "road": "Coonpath Road Northeast",
        "postalcode": "43130"
      }
    },
    {
      "type": "Feature",
      "geometry": {
        "type": "Point",
        "coordinates": [
          -97.13459778,
          32.81720352
        ]
      },
      "properties": {
        "netid": "58:00:E3:01:8D:EA",
        "ssid": null,
        "oui": "58:00:E3",
        "channel": 36,
        "encryption": "wpa2",
        "firsttime": "2018-12-13T18:00:00.000Z",
        "lasttime": "2024-09-05T08:00:00.000Z",
        "city": "Euless",
        "region": "TX",
        "country": "US",
        "road": "Raider Drive",
        "postalcode": "76022"
      }
    },
    {
      "type": "Feature",
      "geometry": {
        "type": "Point",
        "coordinates": [
          -115.30001831,
          36.28455734
        ]
      },
      "properties": {
        "netid": "58:00:E3:01:8E:06",
        "ssid": "DIRECT-roku-594-A736E4",
        "oui": "58:00:E3",
        "channel": 1,
        "encryption": "wpa2",
        "firsttime": "2025-02-19T01:00:00.000Z",
        "lasttime": "2026-06-03T14:00:00.000Z",
        "city": "Las Vegas",
        "region": "NV",
        "country": "US",
        "road": "West Deer Springs Way",
        "postalcode": "89149"
      }
    },
    {
      "type": "Feature",
      "geometry": {
        "type": "Point",
        "coordinates": [
          -97.27941895,
          37.68815231
        ]
      },
      "properties": {
        "netid": "58:00:E3:01:8E:76",
        "ssid": "DIRECT-roku-140-8A4830",
        "oui": "58:00:E3",
        "channel": 36,
        "encryption": "wpa2",
        "firsttime": "2017-08-04T20:00:00.000Z",
        "lasttime": "2025-04-13T05:00:00.000Z",
        "city": "Wichita",
        "region": "KS",
        "country": "US",
        "road": "North Glendale Street",
        "postalcode": "67208"
      }
    },
    {
      "type": "Feature",
      "geometry": {
        "type": "Point",
        "coordinates": [
          -77.20990753,
          38.80041504
        ]
      },
      "properties": {
        "netid": "58:00:E3:01:8E:7A",
        "ssid": null,
        "oui": "58:00:E3",
        "channel": 1,
        "encryption": "wpa2",
        "firsttime": "2026-01-17T22:00:00.000Z",
        "lasttime": "2026-01-17T17:00:00.000Z",
        "city": null,
        "region": "VA",
        "country": "US",
        "road": "Viceroy Street",
        "postalcode": "22151"
      }
    },
    {
      "type": "Feature",
      "geometry": {
        "type": "Point",
        "coordinates": [
          -97.2806015,
          37.69499207
        ]
      },
      "properties": {
        "netid": "58:00:E3:01:8E:8D",
        "ssid": null,
        "oui": "58:00:E3",
        "channel": 1,
        "encryption": "wpa2",
        "firsttime": "2025-10-21T00:00:00.000Z",
        "lasttime": "2026-02-24T18:00:00.000Z",
        "city": "Wichita",
        "region": "KS",
        "country": "US",
        "road": "North Oliver Street",
        "postalcode": "67208"
      }
    },
    {
      "type": "Feature",
      "geometry": {
        "type": "Point",
        "coordinates": [
          -122.06937408,
          37.39077759
        ]
      },
      "properties": {
        "netid": "58:00:E3:01:8E:B2",
        "ssid": "DIRECT-roku-473-ADDC41",
        "oui": "58:00:E3",
        "channel": 8,
        "encryption": "wpa2",
        "firsttime": "2020-03-28T10:00:00.000Z",
        "lasttime": "2026-05-14T20:00:00.000Z",
        "city": "Mountain View",
        "region": "CA",
        "country": "US",
        "road": "Stevens Creek Trail",
        "postalcode": "94041"
      }
    },
    {
      "type": "Feature",
      "geometry": {
        "type": "Point",
        "coordinates": [
          -74.07642365,
          39.93725586
        ]
      },
      "properties": {
        "netid": "58:00:E3:01:8E:BD",
        "ssid": "DIRECT-roku-395-0E2438",
        "oui": "58:00:E3",
        "channel": 1,
        "encryption": "wpa2",
        "firsttime": "2026-07-19T04:00:00.000Z",
        "lasttime": "2026-07-18T23:00:00.000Z",
        "city": null,
        "region": "NJ",
        "country": "US",
        "road": "East Central Avenue",
        "postalcode": "08751"
      }
    },
    {
      "type": "Feature",
      "geometry": {
        "type": "Point",
        "coordinates": [
          -118.50308228,
          34.01815796
        ]
      },
      "properties": {
        "netid": "58:00:E3:01:8E:DD",
        "ssid": "DIRECT-roku-197-BA7AB8",
        "oui": "58:00:E3",
        "channel": 44,
        "encryption": "wpa2",
        "firsttime": "2025-01-11T23:00:00.000Z",
        "lasttime": "2026-06-02T18:00:00.000Z",
        "city": "Santa Monica",
        "region": "CA",
        "country": "US",
        "road": "California Incline",
        "postalcode": "90292"
      }
    },
    {
      "type": "Feature",
      "geometry": {
        "type": "Point",
        "coordinates": [
          -75.70417786,
          39.84701538
        ]
      },
      "properties": {
        "netid": "58:00:E3:01:8F:31",
        "ssid": "DIRECT-roku-195-D6209E",
        "oui": "58:00:E3",
        "channel": 157,
        "encryption": "wpa2",
        "firsttime": "2023-12-19T15:00:00.000Z",
        "lasttime": "2025-09-11T13:00:00.000Z",
        "city": null,
        "region": "PA",
        "country": "US",
        "road": "South Walnut Street",
        "postalcode": "19348"
      }
    },
    {
      "type": "Feature",
      "geometry": {
        "type": "Point",
        "coordinates": [
          -75.53552246,
          39.76319885
        ]
      },
      "properties": {
        "netid": "58:00:E3:01:8F:42",
        "ssid": null,
        "oui": "58:00:E3",
        "channel": 11,
        "encryption": "wpa2",
        "firsttime": "2024-10-13T21:00:00.000Z",
        "lasttime": "2024-10-13T17:00:00.000Z",
        "city": "Wilmington",
        "region": "DE",
        "country": "US",
        "road": "North Van Buren Street",
        "postalcode": "19802"
      }
    },
    {
      "type": "Feature",
      "geometry": {
        "type": "Point",
        "coordinates": [
          -97.47655487,
          37.67654037
        ]
      },
      "properties": {
        "netid": "58:00:E3:01:8F:70",
        "ssid": null,
        "oui": "58:00:E3",
        "channel": 157,
        "encryption": "wep",
        "firsttime": "2026-05-15T22:00:00.000Z",
        "lasttime": "2026-05-15T19:00:00.000Z",
        "city": "Wichita",
        "region": "KS",
        "country": "US",
        "road": "Valley Hi Drive",
        "postalcode": "67235"
      }
    },
    {
      "type": "Feature",
      "geometry": {
        "type": "Point",
        "coordinates": [
          -80.80501556,
          35.58895493
        ]
      },
      "properties": {
        "netid": "58:00:E3:01:8F:97",
        "ssid": null,
        "oui": "58:00:E3",
        "channel": 36,
        "encryption": "wpa2",
        "firsttime": "2025-02-17T15:00:00.000Z",
        "lasttime": "2025-02-17T12:00:00.000Z",
        "city": null,
        "region": "NC",
        "country": "US",
        "road": "Oak Street",
        "postalcode": "28115"
      }
    },
    {
      "type": "Feature",
      "geometry": {
        "type": "Point",
        "coordinates": [
          -94.90918732,
          39.25578308
        ]
      },
      "properties": {
        "netid": "58:00:E3:01:8F:F3",
        "ssid": null,
        "oui": "58:00:E3",
        "channel": 9,
        "encryption": "wpa2",
        "firsttime": "2026-05-13T00:00:00.000Z",
        "lasttime": "2026-05-13T11:00:00.000Z",
        "city": "Lansing",
        "region": "KS",
        "country": "US",
        "road": "Oakhill Street",
        "postalcode": "66043"
      }
    },
    {
      "type": "Feature",
      "geometry": {
        "type": "Point",
        "coordinates": [
          -84.44670868,
          33.66790009
        ]
      },
      "properties": {
        "netid": "58:00:E3:01:90:0B",
        "ssid": null,
        "oui": "58:00:E3",
        "channel": 36,
        "encryption": "wpa2",
        "firsttime": "2026-01-01T00:00:00.000Z",
        "lasttime": "2026-01-09T01:00:00.000Z",
        "city": "Atlanta",
        "region": "GA",
        "country": "US",
        "road": "Vesta Avenue",
        "postalcode": "30337"
      }
    },
    {
      "type": "Feature",
      "geometry": {
        "type": "Point",
        "coordinates": [
          -80.05634308,
          40.42684555
        ]
      },
      "properties": {
        "netid": "58:00:E3:01:90:22",
        "ssid": null,
        "oui": "58:00:E3",
        "channel": 6,
        "encryption": "wpa2",
        "firsttime": "2025-07-18T13:00:00.000Z",
        "lasttime": "2026-05-22T15:00:00.000Z",
        "city": "Pittsburgh",
        "region": "PA",
        "country": "US",
        "road": "Noblestown Road",
        "postalcode": "15205"
      }
    },
    {
      "type": "Feature",
      "geometry": {
        "type": "Point",
        "coordinates": [
          -82.98388672,
          39.93205261
        ]
      },
      "properties": {
        "netid": "58:00:E3:01:90:38",
        "ssid": "DIRECT-roku-150-31F367",
        "oui": "58:00:E3",
        "channel": 161,
        "encryption": "wpa2",
        "firsttime": "2025-06-11T18:00:00.000Z",
        "lasttime": "2025-06-11T14:00:00.000Z",
        "city": "Columbus",
        "region": "OH",
        "country": "US",
        "road": "Parsons Avenue",
        "postalcode": "43207"
      }
    },
    {
      "type": "Feature",
      "geometry": {
        "type": "Point",
        "coordinates": [
          -118.46299744,
          34.29678345
        ]
      },
      "properties": {
        "netid": "58:00:E3:01:90:3C",
        "ssid": "DIRECT-roku-252-2608C9",
        "oui": "58:00:E3",
        "channel": 157,
        "encryption": "wpa2",
        "firsttime": "2025-03-17T17:00:00.000Z",
        "lasttime": "2025-03-17T17:00:00.000Z",
        "city": "Los Angeles",
        "region": "CA",
        "country": "US",
        "road": "Telfair Avenue",
        "postalcode": "91342"
      }
    },
    {
      "type": "Feature",
      "geometry": {
        "type": "Point",
        "coordinates": [
          -87.09394836,
          41.55012131
        ]
      },
      "properties": {
        "netid": "58:00:E3:01:90:3D",
        "ssid": "DIRECT-roku-158-DA952B",
        "oui": "58:00:E3",
        "channel": 36,
        "encryption": "wpa2",
        "firsttime": "2017-03-17T16:00:00.000Z",
        "lasttime": "2026-05-09T19:00:00.000Z",
        "city": null,
        "region": "IN",
        "country": "US",
        "road": "US 6",
        "postalcode": "46368"
      }
    },
    {
      "type": "Feature",
      "geometry": {
        "type": "Point",
        "coordinates": [
          -83.15371704,
          40.04093933
        ]
      },
      "properties": {
        "netid": "58:00:E3:01:90:75",
        "ssid": null,
        "oui": "58:00:E3",
        "channel": 48,
        "encryption": "wpa2",
        "firsttime": "2024-11-01T00:00:00.000Z",
        "lasttime": "2024-11-01T17:00:00.000Z",
        "city": null,
        "region": "OH",
        "country": "US",
        "road": "Edgeley Drive",
        "postalcode": "43026"
      }
    },
    {
      "type": "Feature",
      "geometry": {
        "type": "Point",
        "coordinates": [
          -97.40428162,
          30.16871643
        ]
      },
      "properties": {
        "netid": "58:00:E3:01:90:8E",
        "ssid": "DIRECT-roku-716-7E4826",
        "oui": "58:00:E3",
        "channel": 36,
        "encryption": "wpa2",
        "firsttime": "2025-04-13T13:00:00.000Z",
        "lasttime": "2025-04-13T08:00:00.000Z",
        "city": null,
        "region": "TX",
        "country": "US",
        "road": null,
        "postalcode": null
      }
    },
    {
      "type": "Feature",
      "geometry": {
        "type": "Point",
        "coordinates": [
          -104.89386749,
          39.74748611
        ]
      },
      "properties": {
        "netid": "58:00:E3:01:90:9A",
        "ssid": null,
        "oui": "58:00:E3",
        "channel": 36,
        "encryption": "wpa2",
        "firsttime": "2025-06-09T18:00:00.000Z",
        "lasttime": "2025-06-09T12:00:00.000Z",
        "city": "Denver",
        "region": "CO",
        "country": "US",
        "road": "East Montview Boulevard",
        "postalcode": "80238"
      }
    },
    {
      "type": "Feature",
      "geometry": {
        "type": "Point",
        "coordinates": [
          -71.47201538,
          42.75296783
        ]
      },
      "properties": {
        "netid": "58:00:E3:01:90:E5",
        "ssid": "DIRECT-roku-372-D5F02D",
        "oui": "58:00:E3",
        "channel": 36,
        "encryption": "wpa2",
        "firsttime": "2020-09-23T18:00:00.000Z",
        "lasttime": "2024-10-06T14:00:00.000Z",
        "city": "Nashua",
        "region": "NH",
        "country": "US",
        "road": "Blossom Street",
        "postalcode": "03060"
      }
    },
    {
      "type": "Feature",
      "geometry": {
        "type": "Point",
        "coordinates": [
          -97.58691406,
          35.53125763
        ]
      },
      "properties": {
        "netid": "58:00:E3:01:90:F9",
        "ssid": "DIRECT-roku-124-B5A44E",
        "oui": "58:00:E3",
        "channel": 44,
        "encryption": "wpa2",
        "firsttime": "2024-01-28T16:00:00.000Z",
        "lasttime": "2024-08-29T04:00:00.000Z",
        "city": "Oklahoma City",
        "region": "OK",
        "country": "US",
        "road": "North Roff Avenue",
        "postalcode": "73112"
      }
    },
    {
      "type": "Feature",
      "geometry": {
        "type": "Point",
        "coordinates": [
          -87.59568787,
          37.83124924
        ]
      },
      "properties": {
        "netid": "58:00:E3:01:91:16",
        "ssid": null,
        "oui": "58:00:E3",
        "channel": 36,
        "encryption": "wpa2",
        "firsttime": "2024-02-27T05:00:00.000Z",
        "lasttime": "2025-10-03T21:00:00.000Z",
        "city": null,
        "region": "KY",
        "country": "US",
        "road": "South Green Street",
        "postalcode": "42420"
      }
    },
    {
      "type": "Feature",
      "geometry": {
        "type": "Point",
        "coordinates": [
          -84.51886749,
          42.72943115
        ]
      },
      "properties": {
        "netid": "58:00:E3:01:91:25",
        "ssid": null,
        "oui": "58:00:E3",
        "channel": 8,
        "encryption": "wpa2",
        "firsttime": "2026-05-10T11:00:00.000Z",
        "lasttime": "2026-05-11T21:00:00.000Z",
        "city": "Lansing",
        "region": "MI",
        "country": "US",
        "road": "South Hayford Avenue",
        "postalcode": "48912"
      }
    },
    {
      "type": "Feature",
      "geometry": {
        "type": "Point",
        "coordinates": [
          -84.90986633,
          38.03371429
        ]
      },
      "properties": {
        "netid": "58:00:E3:01:91:31",
        "ssid": null,
        "oui": "58:00:E3",
        "channel": 149,
        "encryption": "wpa2",
        "firsttime": "2024-09-06T17:00:00.000Z",
        "lasttime": "2024-09-11T13:00:00.000Z",
        "city": "Lawrenceburg",
        "region": "KY",
        "country": "US",
        "road": "West Woodford Street",
        "postalcode": "40342"
      }
    },
    {
      "type": "Feature",
      "geometry": {
        "type": "Point",
        "coordinates": [
          -87.62731171,
          38.01668167
        ]
      },
      "properties": {
        "netid": "58:00:E3:01:91:34",
        "ssid": null,
        "oui": "58:00:E3",
        "channel": 6,
        "encryption": "wpa2",
        "firsttime": "2026-05-08T20:00:00.000Z",
        "lasttime": "2026-05-08T15:00:00.000Z",
        "city": null,
        "region": "IN",
        "country": "US",
        "road": "West Diamond Avenue",
        "postalcode": "47720"
      }
    },
    {
      "type": "Feature",
      "geometry": {
        "type": "Point",
        "coordinates": [
          -75.96640015,
          42.11228561
        ]
      },
      "properties": {
        "netid": "58:00:E3:01:91:4D",
        "ssid": null,
        "oui": "58:00:E3",
        "channel": 6,
        "encryption": "wpa2",
        "firsttime": "2025-07-27T16:00:00.000Z",
        "lasttime": "2025-07-27T23:00:00.000Z",
        "city": null,
        "region": "NY",
        "country": "US",
        "road": "Sergeant Street",
        "postalcode": "13790"
      }
    },
    {
      "type": "Feature",
      "geometry": {
        "type": "Point",
        "coordinates": [
          -73.58639526,
          43.27949142
        ]
      },
      "properties": {
        "netid": "58:00:E3:01:91:52",
        "ssid": null,
        "oui": "58:00:E3",
        "channel": 157,
        "encryption": "wpa2",
        "firsttime": "2024-10-19T16:00:00.000Z",
        "lasttime": "2024-10-19T12:00:00.000Z",
        "city": null,
        "region": "NY",
        "country": "US",
        "road": "Broadway",
        "postalcode": "12828"
      }
    },
    {
      "type": "Feature",
      "geometry": {
        "type": "Point",
        "coordinates": [
          -87.72436523,
          42.0356102
        ]
      },
      "properties": {
        "netid": "58:00:E3:01:91:7E",
        "ssid": null,
        "oui": "58:00:E3",
        "channel": 1,
        "encryption": "wpa2",
        "firsttime": "2024-09-28T18:00:00.000Z",
        "lasttime": "2026-03-28T15:00:00.000Z",
        "city": null,
        "region": "IL",
        "country": "US",
        "road": "Avers Avenue",
        "postalcode": "60076"
      }
    },
    {
      "type": "Feature",
      "geometry": {
        "type": "Point",
        "coordinates": [
          -88.3552475,
          41.68079758
        ]
      },
      "properties": {
        "netid": "58:00:E3:01:92:1B",
        "ssid": null,
        "oui": "58:00:E3",
        "channel": 44,
        "encryption": "wpa2",
        "firsttime": "2025-11-25T04:00:00.000Z",
        "lasttime": "2025-11-24T22:00:00.000Z",
        "city": null,
        "region": "IL",
        "country": "US",
        "road": "South Main Street",
        "postalcode": "60543"
      }
    },
    {
      "type": "Feature",
      "geometry": {
        "type": "Point",
        "coordinates": [
          -79.54801178,
          43.77003479
        ]
      },
      "properties": {
        "netid": "58:00:E3:01:92:33",
        "ssid": null,
        "oui": "58:00:E3",
        "channel": 36,
        "encryption": "wpa2",
        "firsttime": "2024-08-10T18:00:00.000Z",
        "lasttime": "2026-03-09T08:00:00.000Z",
        "city": "Toronto",
        "region": "Ontario",
        "country": "CA",
        "road": "Steeles Avenue West",
        "postalcode": "L4L4Y6"
      }
    },
    {
      "type": "Feature",
      "geometry": {
        "type": "Point",
        "coordinates": [
          -117.56050873,
          33.8832283
        ]
      },
      "properties": {
        "netid": "58:00:E3:01:93:3C",
        "ssid": "DIRECT-roku-946-E79C2F",
        "oui": "58:00:E3",
        "channel": 157,
        "encryption": "wpa2",
        "firsttime": "2018-04-22T11:00:00.000Z",
        "lasttime": "2025-06-04T18:00:00.000Z",
        "city": "Corona",
        "region": "CA",
        "country": "US",
        "road": "East Harrison Street",
        "postalcode": "91719"
      }
    },
    {
      "type": "Feature",
      "geometry": {
        "type": "Point",
        "coordinates": [
          -78.63235474,
          42.95499802
        ]
      },
      "properties": {
        "netid": "58:00:E3:01:93:40",
        "ssid": "DIRECT-roku-398-1B59D3",
        "oui": "58:00:E3",
        "channel": 1,
        "encryption": "wpa2",
        "firsttime": "2019-09-24T23:00:00.000Z",
        "lasttime": "2024-12-23T10:00:00.000Z",
        "city": null,
        "region": "NY",
        "country": "US",
        "road": "Gunnville Road",
        "postalcode": "14086"
      }
    },
    {
      "type": "Feature",
      "geometry": {
        "type": "Point",
        "coordinates": [
          -71.05000305,
          42.61883545
        ]
      },
      "properties": {
        "netid": "58:00:E3:01:93:53",
        "ssid": null,
        "oui": "58:00:E3",
        "channel": 48,
        "encryption": "wpa2",
        "firsttime": "2024-04-21T23:00:00.000Z",
        "lasttime": "2024-08-20T09:00:00.000Z",
        "city": "Middleton",
        "region": "MA",
        "country": "US",
        "road": "North Main Street",
        "postalcode": "01949"
      }
    },
    {
      "type": "Feature",
      "geometry": {
        "type": "Point",
        "coordinates": [
          -73.82414246,
          42.67674255
        ]
      },
      "properties": {
        "netid": "58:00:E3:01:93:75",
        "ssid": "DIRECT-roku-782-2A3C59",
        "oui": "58:00:E3",
        "channel": 11,
        "encryption": "wpa2",
        "firsttime": "2022-07-28T16:00:00.000Z",
        "lasttime": "2026-08-08T21:00:00.000Z",
        "city": "City of Albany",
        "region": "NY",
        "country": "US",
        "road": "Western Avenue",
        "postalcode": "12203"
      }
    },
    {
      "type": "Feature",
      "geometry": {
        "type": "Point",
        "coordinates": [
          -80.78149414,
          35.21264648
        ]
      },
      "properties": {
        "netid": "58:00:E3:01:93:A4",
        "ssid": "DIRECT-roku-599-E38F7D",
        "oui": "58:00:E3",
        "channel": 157,
        "encryption": "wpa2",
        "firsttime": "2026-07-14T23:00:00.000Z",
        "lasttime": "2026-07-14T19:00:00.000Z",
        "city": "Charlotte",
        "region": "NC",
        "country": "US",
        "road": "Eastway Drive",
        "postalcode": "28205"
      }
    },
    {
      "type": "Feature",
      "geometry": {
        "type": "Point",
        "coordinates": [
          -84.90800476,
          39.87015533
        ]
      },
      "properties": {
        "netid": "58:00:E3:01:93:CC",
        "ssid": null,
        "oui": "58:00:E3",
        "channel": 6,
        "encryption": "wpa2",
        "firsttime": "2001-10-15T11:00:00.000Z",
        "lasttime": "2026-07-07T20:00:00.000Z",
        "city": null,
        "region": "IN",
        "country": "US",
        "road": "I 70;US 35",
        "postalcode": "47374"
      }
    },
    {
      "type": "Feature",
      "geometry": {
        "type": "Point",
        "coordinates": [
          -87.77921295,
          41.57059479
        ]
      },
      "properties": {
        "netid": "58:00:E3:01:94:23",
        "ssid": null,
        "oui": "58:00:E3",
        "channel": 6,
        "encryption": "wpa2",
        "firsttime": "2025-04-04T00:00:00.000Z",
        "lasttime": "2026-04-25T16:00:00.000Z",
        "city": null,
        "region": "IL",
        "country": "US",
        "road": "66th Avenue",
        "postalcode": "60477"
      }
    },
    {
      "type": "Feature",
      "geometry": {
        "type": "Point",
        "coordinates": [
          -87.56245422,
          41.74319077
        ]
      },
      "properties": {
        "netid": "58:00:E3:01:94:5A",
        "ssid": null,
        "oui": "58:00:E3",
        "channel": 36,
        "encryption": "wpa2",
        "firsttime": "2026-05-02T03:00:00.000Z",
        "lasttime": "2026-05-02T10:00:00.000Z",
        "city": "Chicago",
        "region": "IL",
        "country": "US",
        "road": "South Kingston Avenue",
        "postalcode": "60617"
      }
    },
    {
      "type": "Feature",
      "geometry": {
        "type": "Point",
        "coordinates": [
          -83.25770569,
          42.28438568
        ]
      },
      "properties": {
        "netid": "58:00:E3:01:94:E5",
        "ssid": null,
        "oui": "58:00:E3",
        "channel": 11,
        "encryption": "wpa2",
        "firsttime": "2026-06-30T13:00:00.000Z",
        "lasttime": "2026-06-30T06:00:00.000Z",
        "city": null,
        "region": "MI",
        "country": "US",
        "road": "Vassar Street",
        "postalcode": "48124"
      }
    },
    {
      "type": "Feature",
      "geometry": {
        "type": "Point",
        "coordinates": [
          -95.641716,
          29.93092346
        ]
      },
      "properties": {
        "netid": "58:00:E3:01:95:3E",
        "ssid": null,
        "oui": "58:00:E3",
        "channel": 6,
        "encryption": "wpa2",
        "firsttime": "2026-04-07T22:00:00.000Z",
        "lasttime": "2026-07-07T18:00:00.000Z",
        "city": null,
        "region": "TX",
        "country": "US",
        "road": "Northwest Freeway",
        "postalcode": "77429"
      }
    },
    {
      "type": "Feature",
      "geometry": {
        "type": "Point",
        "coordinates": [
          -101.77122498,
          35.04869843
        ]
      },
      "properties": {
        "netid": "58:00:E3:01:95:5A",
        "ssid": "\u0000\u0000\u0000\u0000\u0000\u0000\u0000\u0000\u0000\u0000\u0000\u0000\u0000\u0000\u0000\u0000\u0000\u0000\u0000\u0000\u0000\u0000",
        "oui": "58:00:E3",
        "channel": 11,
        "encryption": "wpa2",
        "firsttime": "2026-04-09T13:00:00.000Z",
        "lasttime": "2026-04-09T07:00:00.000Z",
        "city": null,
        "region": "TX",
        "country": "US",
        "road": "North Shore Drive",
        "postalcode": null
      }
    },
    {
      "type": "Feature",
      "geometry": {
        "type": "Point",
        "coordinates": [
          -96.8898468,
          46.84773636
        ]
      },
      "properties": {
        "netid": "58:00:E3:01:95:6B",
        "ssid": "DIRECT-roku-607-036D5A",
        "oui": "58:00:E3",
        "channel": 36,
        "encryption": "wep",
        "firsttime": "2021-08-07T11:00:00.000Z",
        "lasttime": "2026-07-12T21:00:00.000Z",
        "city": null,
        "region": "ND",
        "country": "US",
        "road": "I 94;US 52",
        "postalcode": "58122"
      }
    },
    {
      "type": "Feature",
      "geometry": {
        "type": "Point",
        "coordinates": [
          -115.01230621,
          36.27415466
        ]
      },
      "properties": {
        "netid": "58:00:E3:01:95:F8",
        "ssid": null,
        "oui": "58:00:E3",
        "channel": 36,
        "encryption": "wpa2",
        "firsttime": "2026-03-15T18:00:00.000Z",
        "lasttime": "2026-03-15T18:00:00.000Z",
        "city": null,
        "region": "NV",
        "country": "US",
        "road": "Bergstrom Avenue",
        "postalcode": "89115"
      }
    },
    {
      "type": "Feature",
      "geometry": {
        "type": "Point",
        "coordinates": [
          -115.15270996,
          36.1112175
        ]
      },
      "properties": {
        "netid": "58:00:E3:01:95:FE",
        "ssid": null,
        "oui": "58:00:E3",
        "channel": 44,
        "encryption": "wpa2",
        "firsttime": "2018-04-07T14:00:00.000Z",
        "lasttime": "2025-12-30T19:00:00.000Z",
        "city": null,
        "region": "NV",
        "country": "US",
        "road": "East Hard Rock",
        "postalcode": "89169-6512"
      }
    },
    {
      "type": "Feature",
      "geometry": {
        "type": "Point",
        "coordinates": [
          -118.33275604,
          34.02687454
        ]
      },
      "properties": {
        "netid": "58:00:E3:01:96:0D",
        "ssid": null,
        "oui": "58:00:E3",
        "channel": 153,
        "encryption": "wpa2",
        "firsttime": "2024-11-14T04:00:00.000Z",
        "lasttime": "2024-11-14T14:00:00.000Z",
        "city": "Los Angeles",
        "region": "CA",
        "country": "US",
        "road": "South Norton Avenue",
        "postalcode": "90018"
      }
    },
    {
      "type": "Feature",
      "geometry": {
        "type": "Point",
        "coordinates": [
          -90.00748444,
          38.54390717
        ]
      },
      "properties": {
        "netid": "58:00:E3:01:96:3B",
        "ssid": null,
        "oui": "58:00:E3",
        "channel": 1,
        "encryption": "wpa2",
        "firsttime": "2026-08-01T15:00:00.000Z",
        "lasttime": "2026-08-01T09:00:00.000Z",
        "city": "Belleville",
        "region": "IL",
        "country": "US",
        "road": "Buckingham Road",
        "postalcode": "62226"
      }
    },
    {
      "type": "Feature",
      "geometry": {
        "type": "Point",
        "coordinates": [
          -79.88535309,
          44.14652252
        ]
      },
      "properties": {
        "netid": "58:00:E3:01:97:15",
        "ssid": null,
        "oui": "58:00:E3",
        "channel": 36,
        "encryption": "wpa2",
        "firsttime": "2017-08-13T00:00:00.000Z",
        "lasttime": "2026-01-20T20:00:00.000Z",
        "city": null,
        "region": "Ontario",
        "country": "CA",
        "road": "Industrial Parkway",
        "postalcode": "L9R 0E9"
      }
    },
    {
      "type": "Feature",
      "geometry": {
        "type": "Point",
        "coordinates": [
          -111.94174957,
          40.46377563
        ]
      },
      "properties": {
        "netid": "58:00:E3:01:97:22",
        "ssid": null,
        "oui": "58:00:E3",
        "channel": 11,
        "encryption": "wpa2",
        "firsttime": "2025-02-01T18:00:00.000Z",
        "lasttime": "2025-02-19T18:00:00.000Z",
        "city": null,
        "region": "UT",
        "country": "US",
        "road": "1690 West",
        "postalcode": "84065"
      }
    },
    {
      "type": "Feature",
      "geometry": {
        "type": "Point",
        "coordinates": [
          -111.65995026,
          33.38585281
        ]
      },
      "properties": {
        "netid": "58:00:E3:01:97:24",
        "ssid": null,
        "oui": "58:00:E3",
        "channel": 44,
        "encryption": "wpa2",
        "firsttime": "2021-06-11T02:00:00.000Z",
        "lasttime": "2025-12-09T08:00:00.000Z",
        "city": "Mesa",
        "region": "AZ",
        "country": "US",
        "road": "East Inverness Avenue",
        "postalcode": "85209"
      }
    },
    {
      "type": "Feature",
      "geometry": {
        "type": "Point",
        "coordinates": [
          -115.05570221,
          36.19104004
        ]
      },
      "properties": {
        "netid": "58:00:E3:01:97:48",
        "ssid": null,
        "oui": "58:00:E3",
        "channel": 157,
        "encryption": "wpa2",
        "firsttime": "2024-05-21T14:00:00.000Z",
        "lasttime": "2024-09-09T13:00:00.000Z",
        "city": null,
        "region": "NV",
        "country": "US",
        "road": "Sherwin Lane",
        "postalcode": "89110-5332"
      }
    },
    {
      "type": "Feature",
      "geometry": {
        "type": "Point",
        "coordinates": [
          -95.57736969,
          30.17075157
        ]
      },
      "properties": {
        "netid": "58:00:E3:01:97:84",
        "ssid": "DIRECT-roku-128-86AD5B",
        "oui": "58:00:E3",
        "channel": 10,
        "encryption": "wpa2",
        "firsttime": "2025-12-29T03:00:00.000Z",
        "lasttime": "2025-12-29T01:00:00.000Z",
        "city": null,
        "region": "TX",
        "country": "US",
        "road": "Black Oak Drive",
        "postalcode": "77354"
      }
    },
    {
      "type": "Feature",
      "geometry": {
        "type": "Point",
        "coordinates": [
          -75.74015045,
          41.34003448
        ]
      },
      "properties": {
        "netid": "58:00:E3:01:97:C6",
        "ssid": null,
        "oui": "58:00:E3",
        "channel": 36,
        "encryption": "wpa2",
        "firsttime": "2022-04-06T16:00:00.000Z",
        "lasttime": "2026-04-20T15:00:00.000Z",
        "city": null,
        "region": "PA",
        "country": "US",
        "road": "Main Street",
        "postalcode": "18641"
      }
    },
    {
      "type": "Feature",
      "geometry": {
        "type": "Point",
        "coordinates": [
          -71.33014679,
          42.64927673
        ]
      },
      "properties": {
        "netid": "58:00:E3:01:97:CB",
        "ssid": null,
        "oui": "58:00:E3",
        "channel": 40,
        "encryption": "wpa2",
        "firsttime": "2022-04-16T18:00:00.000Z",
        "lasttime": "2024-10-03T12:00:00.000Z",
        "city": "Lowell",
        "region": "MA",
        "country": "US",
        "road": "School Street",
        "postalcode": "01854-5141"
      }
    },
    {
      "type": "Feature",
      "geometry": {
        "type": "Point",
        "coordinates": [
          -95.35457611,
          29.55890274
        ]
      },
      "properties": {
        "netid": "58:00:E3:01:97:E3",
        "ssid": null,
        "oui": "58:00:E3",
        "channel": 1,
        "encryption": "wpa2",
        "firsttime": "2026-05-28T14:00:00.000Z",
        "lasttime": "2026-05-28T14:00:00.000Z",
        "city": null,
        "region": "TX",
        "country": "US",
        "road": "West Broadway Street",
        "postalcode": "77584"
      }
    },
    {
      "type": "Feature",
      "geometry": {
        "type": "Point",
        "coordinates": [
          -98.48070526,
          29.56383896
        ]
      },
      "properties": {
        "netid": "58:00:E3:01:98:02",
        "ssid": "DIRECT-roku-812-B100D9",
        "oui": "58:00:E3",
        "channel": 157,
        "encryption": "wpa2",
        "firsttime": "2017-07-20T20:00:00.000Z",
        "lasttime": "2025-03-30T20:00:00.000Z",
        "city": "San Antonio",
        "region": "TX",
        "country": "US",
        "road": "East Bitters Road",
        "postalcode": "73232"
      }
    },
    {
      "type": "Feature",
      "geometry": {
        "type": "Point",
        "coordinates": [
          -85.76430511,
          38.21238327
        ]
      },
      "properties": {
        "netid": "58:00:E3:01:98:16",
        "ssid": "DIRECT-roku-603-B91FAB",
        "oui": "58:00:E3",
        "channel": 6,
        "encryption": "wpa2",
        "firsttime": "2025-05-30T22:00:00.000Z",
        "lasttime": "2025-05-30T15:00:00.000Z",
        "city": "Louisville",
        "region": "KY",
        "country": "US",
        "road": "South 4th Street",
        "postalcode": "40208"
      }
    },
    {
      "type": "Feature",
      "geometry": {
        "type": "Point",
        "coordinates": [
          -97.07286072,
          32.93336105
        ]
      },
      "properties": {
        "netid": "58:00:E3:01:98:55",
        "ssid": "DIRECT-roku-769-408050",
        "oui": "58:00:E3",
        "channel": 36,
        "encryption": "wpa2",
        "firsttime": "2019-12-10T14:00:00.000Z",
        "lasttime": "2025-08-20T12:00:00.000Z",
        "city": null,
        "region": "TX",
        "country": "US",
        "road": "South Dooley Street",
        "postalcode": "76051"
      }
    },
    {
      "type": "Feature",
      "geometry": {
        "type": "Point",
        "coordinates": [
          -80.35583496,
          43.39322662
        ]
      },
      "properties": {
        "netid": "58:00:E3:01:98:B5",
        "ssid": "DIRECT-roku-790-01A128",
        "oui": "58:00:E3",
        "channel": 36,
        "encryption": "wpa2",
        "firsttime": "2024-08-16T01:00:00.000Z",
        "lasttime": "2025-12-17T18:00:00.000Z",
        "city": "Cambridge",
        "region": "Ontario",
        "country": "CA",
        "road": "Queenston Road",
        "postalcode": "N3H 3M4"
      }
    },
    {
      "type": "Feature",
      "geometry": {
        "type": "Point",
        "coordinates": [
          -71.29541779,
          46.78861618
        ]
      },
      "properties": {
        "netid": "58:00:E3:01:98:C0",
        "ssid": "DIRECT-roku-953-672A32",
        "oui": "58:00:E3",
        "channel": 36,
        "encryption": "wpa2",
        "firsttime": "2025-12-28T20:00:00.000Z",
        "lasttime": "2025-12-28T14:00:00.000Z",
        "city": "Qu\u00e9bec",
        "region": "Qu\u00e9bec",
        "country": "CA",
        "road": "Boulevard du Versant-Nord",
        "postalcode": "G1V 1A3"
      }
    },
    {
      "type": "Feature",
      "geometry": {
        "type": "Point",
        "coordinates": [
          -71.81313324,
          42.26448441
        ]
      },
      "properties": {
        "netid": "58:00:E3:01:98:DA",
        "ssid": "DIRECT-roku-628-0EE6F1",
        "oui": "58:00:E3",
        "channel": 36,
        "encryption": "wpa2",
        "firsttime": "2018-04-03T12:00:00.000Z",
        "lasttime": "2025-03-08T21:00:00.000Z",
        "city": "Worcester",
        "region": "MA",
        "country": "US",
        "road": "Merrick Street",
        "postalcode": "01609"
      }
    },
    {
      "type": "Feature",
      "geometry": {
        "type": "Point",
        "coordinates": [
          -73.86755371,
          45.53749847
        ]
      },
      "properties": {
        "netid": "58:00:E3:01:98:E3",
        "ssid": null,
        "oui": "58:00:E3",
        "channel": 157,
        "encryption": "wpa2",
        "firsttime": "2020-12-18T08:00:00.000Z",
        "lasttime": "2026-04-24T05:00:00.000Z",
        "city": "Laval (13)",
        "region": "Qu\u00e9bec",
        "country": "CA",
        "road": "Rue Marie-Lefranc",
        "postalcode": "H7R 2C3"
      }
    },
    {
      "type": "Feature",
      "geometry": {
        "type": "Point",
        "coordinates": [
          -84.48001862,
          38.0365181
        ]
      },
      "properties": {
        "netid": "58:00:E3:01:99:6D",
        "ssid": null,
        "oui": "58:00:E3",
        "channel": 161,
        "encryption": "wpa2",
        "firsttime": "2025-02-04T15:00:00.000Z",
        "lasttime": "2025-02-04T12:00:00.000Z",
        "city": "Lexington",
        "region": "KY",
        "country": "US",
        "road": "North Hanover Avenue",
        "postalcode": "40502"
      }
    },
    {
      "type": "Feature",
      "geometry": {
        "type": "Point",
        "coordinates": [
          -84.34822083,
          33.74964905
        ]
      },
      "properties": {
        "netid": "58:00:E3:01:99:82",
        "ssid": null,
        "oui": "58:00:E3",
        "channel": 161,
        "encryption": "wpa2",
        "firsttime": "2023-11-18T14:00:00.000Z",
        "lasttime": "2024-11-02T23:00:00.000Z",
        "city": "Atlanta",
        "region": "GA",
        "country": "US",
        "road": "Mortimer Street Southeast",
        "postalcode": "30317"
      }
    },
    {
      "type": "Feature",
      "geometry": {
        "type": "Point",
        "coordinates": [
          -84.39784241,
          33.31348038
        ]
      },
      "properties": {
        "netid": "58:00:E3:01:99:A4",
        "ssid": "DIRECT-roku-008-C5F4CD",
        "oui": "58:00:E3",
        "channel": 36,
        "encryption": "wpa2",
        "firsttime": "2025-12-07T22:00:00.000Z",
        "lasttime": "2026-07-21T05:00:00.000Z",
        "city": null,
        "region": "GA",
        "country": "US",
        "road": "State Route 92",
        "postalcode": "30215"
      }
    },
    {
      "type": "Feature",
      "geometry": {
        "type": "Point",
        "coordinates": [
          -81.75693512,
          41.4804306
        ]
      },
      "properties": {
        "netid": "58:00:E3:01:99:B8",
        "ssid": null,
        "oui": "58:00:E3",
        "channel": 44,
        "encryption": "wpa2",
        "firsttime": "2024-04-19T05:00:00.000Z",
        "lasttime": "2024-10-19T08:00:00.000Z",
        "city": "Cleveland",
        "region": "OH",
        "country": "US",
        "road": "Detroit Avenue",
        "postalcode": "44102:44111"
      }
    },
    {
      "type": "Feature",
      "geometry": {
        "type": "Point",
        "coordinates": [
          -87.33133698,
          41.40102386
        ]
      },
      "properties": {
        "netid": "58:00:E3:01:99:DF",
        "ssid": null,
        "oui": "58:00:E3",
        "channel": 11,
        "encryption": "wpa2",
        "firsttime": "2024-09-19T01:00:00.000Z",
        "lasttime": "2024-09-18T20:00:00.000Z",
        "city": null,
        "region": "IN",
        "country": "US",
        "road": "Delaware Street",
        "postalcode": "46307"
      }
    },
    {
      "type": "Feature",
      "geometry": {
        "type": "Point",
        "coordinates": [
          -81.92436218,
          26.62697601
        ]
      },
      "properties": {
        "netid": "58:00:E3:01:99:EF",
        "ssid": "DIRECT-roku-987-A29AA1",
        "oui": "58:00:E3",
        "channel": 6,
        "encryption": "wpa2",
        "firsttime": "2026-05-31T21:00:00.000Z",
        "lasttime": "2026-05-31T16:00:00.000Z",
        "city": "Cape Coral",
        "region": "FL",
        "country": "US",
        "road": "Southeast 24th Avenue",
        "postalcode": "33990-1721"
      }
    },
    {
      "type": "Feature",
      "geometry": {
        "type": "Point",
        "coordinates": [
          -82.49758911,
          27.94487381
        ]
      },
      "properties": {
        "netid": "58:00:E3:01:9A:11",
        "ssid": null,
        "oui": "58:00:E3",
        "channel": 36,
        "encryption": "wep",
        "firsttime": "2026-07-27T10:00:00.000Z",
        "lasttime": "2026-07-27T15:00:00.000Z",
        "city": "Tampa",
        "region": "FL",
        "country": "US",
        "road": "West Kennedy Boulevard",
        "postalcode": "33609:33629"
      }
    },
    {
      "type": "Feature",
      "geometry": {
        "type": "Point",
        "coordinates": [
          -70.91168213,
          41.89527512
        ]
      },
      "properties": {
        "netid": "58:00:E3:01:9A:82",
        "ssid": null,
        "oui": "58:00:E3",
        "channel": 6,
        "encryption": "wpa2",
        "firsttime": "2026-06-20T15:00:00.000Z",
        "lasttime": "2026-07-17T15:00:00.000Z",
        "city": null,
        "region": "MA",
        "country": "US",
        "road": "Peirce Street",
        "postalcode": "02346"
      }
    },
    {
      "type": "Feature",
      "geometry": {
        "type": "Point",
        "coordinates": [
          -80.73822784,
          28.2983036
        ]
      },
      "properties": {
        "netid": "58:00:E3:01:9A:83",
        "ssid": null,
        "oui": "58:00:E3",
        "channel": 36,
        "encryption": "wpa2",
        "firsttime": "2024-12-29T02:00:00.000Z",
        "lasttime": "2024-12-28T18:00:00.000Z",
        "city": null,
        "region": "FL",
        "country": "US",
        "road": null,
        "postalcode": "32955"
      }
    },
    {
      "type": "Feature",
      "geometry": {
        "type": "Point",
        "coordinates": [
          -90.3105545,
          32.08608246
        ]
      },
      "properties": {
        "netid": "58:00:E3:01:9A:B4",
        "ssid": "DIRECT-roku-987-DE55B4",
        "oui": "58:00:E3",
        "channel": 149,
        "encryption": "wpa2",
        "firsttime": "2024-08-12T20:00:00.000Z",
        "lasttime": "2026-06-27T11:00:00.000Z",
        "city": null,
        "region": "MS",
        "country": "US",
        "road": "I 55;US 51",
        "postalcode": "39272"
      }
    },
    {
      "type": "Feature",
      "geometry": {
        "type": "Point",
        "coordinates": [
          -86.42728424,
          32.47154236
        ]
      },
      "properties": {
        "netid": "58:00:E3:01:9A:B5",
        "ssid": "DIRECT-roku-265-B4141F",
        "oui": "58:00:E3",
        "channel": 44,
        "encryption": "wpa2",
        "firsttime": "2024-07-26T16:00:00.000Z",
        "lasttime": "2026-01-16T19:00:00.000Z",
        "city": null,
        "region": "AL",
        "country": "US",
        "road": "Jasmine Trail",
        "postalcode": "36066"
      }
    },
    {
      "type": "Feature",
      "geometry": {
        "type": "Point",
        "coordinates": [
          -84.1572113,
          33.41374207
        ]
      },
      "properties": {
        "netid": "58:00:E3:01:9A:C3",
        "ssid": "DIRECT-roku-957-602662",
        "oui": "58:00:E3",
        "channel": 36,
        "encryption": "wpa2",
        "firsttime": "2025-09-21T15:00:00.000Z",
        "lasttime": "2025-09-21T09:00:00.000Z",
        "city": null,
        "region": "GA",
        "country": "US",
        "road": "McDonough Road",
        "postalcode": "30253"
      }
    },
    {
      "type": "Feature",
      "geometry": {
        "type": "Point",
        "coordinates": [
          -98.50565338,
          29.52214622
        ]
      },
      "properties": {
        "netid": "58:00:E3:01:9A:E7",
        "ssid": "\u0000\u0000\u0000\u0000\u0000\u0000\u0000\u0000\u0000\u0000\u0000\u0000\u0000\u0000\u0000\u0000\u0000\u0000\u0000\u0000\u0000\u0000",
        "oui": "58:00:E3",
        "channel": 36,
        "encryption": "wpa2",
        "firsttime": "2026-05-27T15:00:00.000Z",
        "lasttime": "2026-05-27T22:00:00.000Z",
        "city": "San Antonio",
        "region": "TX",
        "country": "US",
        "road": "Blanco Road",
        "postalcode": "78213"
      }
    },
    {
      "type": "Feature",
      "geometry": {
        "type": "Point",
        "coordinates": [
          -83.60192108,
          41.67762756
        ]
      },
      "properties": {
        "netid": "58:00:E3:01:9A:EF",
        "ssid": "DIRECT-roku-302-938DB1",
        "oui": "58:00:E3",
        "channel": 40,
        "encryption": "wpa2",
        "firsttime": "2019-08-20T09:00:00.000Z",
        "lasttime": "2025-12-23T11:00:00.000Z",
        "city": "Toledo",
        "region": "OH",
        "country": "US",
        "road": "West Central Avenue",
        "postalcode": "43606:43615"
      }
    },
    {
      "type": "Feature",
      "geometry": {
        "type": "Point",
        "coordinates": [
          -95.6795578,
          39.05176926
        ]
      },
      "properties": {
        "netid": "58:00:E3:01:9B:0B",
        "ssid": null,
        "oui": "58:00:E3",
        "channel": 11,
        "encryption": "wpa2",
        "firsttime": "2026-06-14T17:00:00.000Z",
        "lasttime": "2026-06-14T13:00:00.000Z",
        "city": "Topeka",
        "region": "KS",
        "country": "US",
        "road": "Southwest 7th Street",
        "postalcode": "66603"
      }
    },
    {
      "type": "Feature",
      "geometry": {
        "type": "Point",
        "coordinates": [
          -94.63931274,
          39.0460701
        ]
      },
      "properties": {
        "netid": "58:00:E3:01:9B:28",
        "ssid": null,
        "oui": "58:00:E3",
        "channel": 11,
        "encryption": "wpa2",
        "firsttime": "2020-09-25T16:00:00.000Z",
        "lasttime": "2026-03-12T12:00:00.000Z",
        "city": "Kansas City",
        "region": "KS",
        "country": "US",
        "road": "Suntree Plaza",
        "postalcode": "66103"
      }
    },
    {
      "type": "Feature",
      "geometry": {
        "type": "Point",
        "coordinates": [
          -85.24771118,
          39.48536301
        ]
      },
      "properties": {
        "netid": "58:00:E3:01:9B:34",
        "ssid": "DIRECT-roku-195-8C90F8",
        "oui": "58:00:E3",
        "channel": 11,
        "encryption": "wpa2",
        "firsttime": "2026-08-03T03:00:00.000Z",
        "lasttime": "2026-08-11T04:00:00.000Z",
        "city": null,
        "region": "IN",
        "country": "US",
        "road": "US 52",
        "postalcode": "46173"
      }
    },
    {
      "type": "Feature",
      "geometry": {
        "type": "Point",
        "coordinates": [
          -84.30656433,
          30.45372581
        ]
      },
      "properties": {
        "netid": "58:00:E3:01:9B:38",
        "ssid": null,
        "oui": "58:00:E3",
        "channel": 6,
        "encryption": "wpa2",
        "firsttime": "2025-02-14T16:00:00.000Z",
        "lasttime": "2025-02-14T08:00:00.000Z",
        "city": "Tallahassee",
        "region": "FL",
        "country": "US",
        "road": "Basin Street",
        "postalcode": "32304"
      }
    },
    {
      "type": "Feature",
      "geometry": {
        "type": "Point",
        "coordinates": [
          -79.8862915,
          43.26519012
        ]
      },
      "properties": {
        "netid": "58:00:E3:01:9B:6A",
        "ssid": null,
        "oui": "58:00:E3",
        "channel": 6,
        "encryption": "wpa2",
        "firsttime": "2026-03-28T15:00:00.000Z",
        "lasttime": "2026-03-28T18:00:00.000Z",
        "city": "Hamilton",
        "region": "Ontario",
        "country": "CA",
        "road": "Florence Street",
        "postalcode": "L8R 1V1"
      }
    },
    {
      "type": "Feature",
      "geometry": {
        "type": "Point",
        "coordinates": [
          -78.8105545,
          43.90944672
        ]
      },
      "properties": {
        "netid": "58:00:E3:01:9B:6C",
        "ssid": null,
        "oui": "58:00:E3",
        "channel": 2,
        "encryption": "wpa2",
        "firsttime": "2020-08-17T13:00:00.000Z",
        "lasttime": "2026-08-03T21:00:00.000Z",
        "city": null,
        "region": "Ontario",
        "country": "CA",
        "road": "Nash Road",
        "postalcode": "L1E 3B4"
      }
    },
    {
      "type": "Feature",
      "geometry": {
        "type": "Point",
        "coordinates": [
          -107.06000519,
          37.26544571
        ]
      },
      "properties": {
        "netid": "58:00:E3:01:9B:83",
        "ssid": "DIRECT-roku-050-8BF5AB",
        "oui": "58:00:E3",
        "channel": 11,
        "encryption": "wpa2",
        "firsttime": "2026-02-21T00:00:00.000Z",
        "lasttime": "2026-02-21T06:00:00.000Z",
        "city": null,
        "region": "CO",
        "country": "US",
        "road": "East Golf Place",
        "postalcode": "81147"
      }
    },
    {
      "type": "Feature",
      "geometry": {
        "type": "Point",
        "coordinates": [
          -84.53869629,
          42.75287628
        ]
      },
      "properties": {
        "netid": "58:00:E3:01:9B:8C",
        "ssid": null,
        "oui": "58:00:E3",
        "channel": 1,
        "encryption": "wpa2",
        "firsttime": "2025-05-09T12:00:00.000Z",
        "lasttime": "2025-05-09T16:00:00.000Z",
        "city": "Lansing",
        "region": "MI",
        "country": "US",
        "road": "North High Street",
        "postalcode": "48906"
      }
    },
    {
      "type": "Feature",
      "geometry": {
        "type": "Point",
        "coordinates": [
          -84.30276489,
          30.44913483
        ]
      },
      "properties": {
        "netid": "58:00:E3:01:9B:A9",
        "ssid": null,
        "oui": "58:00:E3",
        "channel": 1,
        "encryption": "wpa2",
        "firsttime": "2025-05-18T15:00:00.000Z",
        "lasttime": "2025-05-18T09:00:00.000Z",
        "city": "Tallahassee",
        "region": "FL",
        "country": "US",
        "road": "Richmond Street",
        "postalcode": "32304"
      }
    },
    {
      "type": "Feature",
      "geometry": {
        "type": "Point",
        "coordinates": [
          -94.78884125,
          39.11624146
        ]
      },
      "properties": {
        "netid": "58:00:E3:01:9B:B6",
        "ssid": "DIRECT-roku-743-F42CD5",
        "oui": "58:00:E3",
        "channel": 36,
        "encryption": "wpa2",
        "firsttime": "2023-11-15T23:00:00.000Z",
        "lasttime": "2026-03-22T13:00:00.000Z",
        "city": "Kansas City",
        "region": "KS",
        "country": "US",
        "road": "State Avenue",
        "postalcode": "66012"
      }
    },
    {
      "type": "Feature",
      "geometry": {
        "type": "Point",
        "coordinates": [
          -82.95089722,
          40.0850563
        ]
      },
      "properties": {
        "netid": "58:00:E3:01:9B:FA",
        "ssid": null,
        "oui": "58:00:E3",
        "channel": 36,
        "encryption": "wpa2",
        "firsttime": "2024-09-26T22:00:00.000Z",
        "lasttime": "2024-12-08T16:00:00.000Z",
        "city": "Columbus",
        "region": "OH",
        "country": "US",
        "road": "East Dublin Granville Road",
        "postalcode": "43231"
      }
    },
    {
      "type": "Feature",
      "geometry": {
        "type": "Point",
        "coordinates": [
          -93.2026062,
          45.06595612
        ]
      },
      "properties": {
        "netid": "58:00:E3:01:9C:0C",
        "ssid": null,
        "oui": "58:00:E3",
        "channel": 6,
        "encryption": "wpa2",
        "firsttime": "2026-05-04T23:00:00.000Z",
        "lasttime": "2026-05-04T21:00:00.000Z",
        "city": null,
        "region": "MN",
        "country": "US",
        "road": "Long Lake Road",
        "postalcode": "55112"
      }
    },
    {
      "type": "Feature",
      "geometry": {
        "type": "Point",
        "coordinates": [
          -83.51950073,
          44.27487183
        ]
      },
      "properties": {
        "netid": "58:00:E3:01:9C:18",
        "ssid": null,
        "oui": "58:00:E3",
        "channel": 36,
        "encryption": "wpa2",
        "firsttime": "2025-11-06T19:00:00.000Z",
        "lasttime": "2025-11-06T13:00:00.000Z",
        "city": null,
        "region": "MI",
        "country": "US",
        "road": "Anna Drive",
        "postalcode": "48763"
      }
    },
    {
      "type": "Feature",
      "geometry": {
        "type": "Point",
        "coordinates": [
          -71.13111877,
          41.73504257
        ]
      },
      "properties": {
        "netid": "58:00:E3:01:9C:4F",
        "ssid": null,
        "oui": "58:00:E3",
        "channel": 6,
        "encryption": "wpa2",
        "firsttime": "2026-06-20T12:00:00.000Z",
        "lasttime": "2026-06-20T11:00:00.000Z",
        "city": "Fall River",
        "region": "MA",
        "country": "US",
        "road": "Western Fall River Expressway",
        "postalcode": "02720-2996"
      }
    },
    {
      "type": "Feature",
      "geometry": {
        "type": "Point",
        "coordinates": [
          -98.5308075,
          29.37847519
        ]
      },
      "properties": {
        "netid": "58:00:E3:01:9C:54",
        "ssid": null,
        "oui": "58:00:E3",
        "channel": 1,
        "encryption": "wpa2",
        "firsttime": "2026-07-18T16:00:00.000Z",
        "lasttime": "2026-07-18T12:00:00.000Z",
        "city": "San Antonio",
        "region": "TX",
        "country": "US",
        "road": "Nogalitos Street",
        "postalcode": "78225"
      }
    },
    {
      "type": "Feature",
      "geometry": {
        "type": "Point",
        "coordinates": [
          -76.32536316,
          43.15967178
        ]
      },
      "properties": {
        "netid": "58:00:E3:01:9C:7E",
        "ssid": null,
        "oui": "58:00:E3",
        "channel": 153,
        "encryption": "wpa2",
        "firsttime": "2025-05-13T18:00:00.000Z",
        "lasttime": "2025-05-13T13:00:00.000Z",
        "city": null,
        "region": "NY",
        "country": "US",
        "road": "East Genesee Street",
        "postalcode": "13027"
      }
    },
    {
      "type": "Feature",
      "geometry": {
        "type": "Point",
        "coordinates": [
          -115.29472351,
          36.22540283
        ]
      },
      "properties": {
        "netid": "58:00:E3:01:9C:D0",
        "ssid": "DIRECT-roku-197-B0543B",
        "oui": "58:00:E3",
        "channel": 44,
        "encryption": "wpa2",
        "firsttime": "2017-07-26T07:00:00.000Z",
        "lasttime": "2025-10-29T13:00:00.000Z",
        "city": "Las Vegas",
        "region": "NV",
        "country": "US",
        "road": "Mountain Valley Drive",
        "postalcode": "89129"
      }
    },
    {
      "type": "Feature",
      "geometry": {
        "type": "Point",
        "coordinates": [
          -76.77658844,
          42.93618393
        ]
      },
      "properties": {
        "netid": "58:00:E3:01:9C:E0",
        "ssid": null,
        "oui": "58:00:E3",
        "channel": 1,
        "encryption": "wpa2",
        "firsttime": "2026-04-28T13:00:00.000Z",
        "lasttime": "2026-04-28T07:00:00.000Z",
        "city": null,
        "region": "NY",
        "country": "US",
        "road": "Auburn Road",
        "postalcode": "13148"
      }
    },
    {
      "type": "Feature",
      "geometry": {
        "type": "Point",
        "coordinates": [
          -118.27599335,
          34.02021027
        ]
      },
      "properties": {
        "netid": "58:00:E3:01:9C:E3",
        "ssid": "DIRECT-roku-618-719FA6",
        "oui": "58:00:E3",
        "channel": 36,
        "encryption": "wpa2",
        "firsttime": "2024-09-18T20:00:00.000Z",
        "lasttime": "2025-05-04T09:00:00.000Z",
        "city": "Los Angeles",
        "region": "CA",
        "country": "US",
        "road": "West Jefferson Boulevard",
        "postalcode": "90089-0871"
      }
    },
    {
      "type": "Feature",
      "geometry": {
        "type": "Point",
        "coordinates": [
          -121.3675766,
          38.46522522
        ]
      },
      "properties": {
        "netid": "58:00:E3:01:9C:EE",
        "ssid": "DIRECT-roku-652-35C936",
        "oui": "58:00:E3",
        "channel": 44,
        "encryption": "wpa2",
        "firsttime": "2025-04-23T22:00:00.000Z",
        "lasttime": "2026-03-04T19:00:00.000Z",
        "city": "Elk Grove",
        "region": "CA",
        "country": "US",
        "road": "Vintage Park Drive",
        "postalcode": "95829"
      }
    },
    {
      "type": "Feature",
      "geometry": {
        "type": "Point",
        "coordinates": [
          -74.03978729,
          41.06035614
        ]
      },
      "properties": {
        "netid": "58:00:E3:01:9D:15",
        "ssid": null,
        "oui": "58:00:E3",
        "channel": 1,
        "encryption": "wpa2",
        "firsttime": "2024-09-22T22:00:00.000Z",
        "lasttime": "2024-09-28T15:00:00.000Z",
        "city": null,
        "region": "NY",
        "country": "US",
        "road": "Old Pascack Road",
        "postalcode": "10965"
      }
    },
    {
      "type": "Feature",
      "geometry": {
        "type": "Point",
        "coordinates": [
          -118.3602066,
          33.9296608
        ]
      },
      "properties": {
        "netid": "58:00:E3:01:9D:94",
        "ssid": "DIRECT-roku-097-0389A6",
        "oui": "58:00:E3",
        "channel": 44,
        "encryption": "wpa2",
        "firsttime": "2022-08-08T07:00:00.000Z",
        "lasttime": "2024-12-22T17:00:00.000Z",
        "city": null,
        "region": "CA",
        "country": "US",
        "road": "Gale Avenue",
        "postalcode": "90250"
      }
    },
    {
      "type": "Feature",
      "geometry": {
        "type": "Point",
        "coordinates": [
          -110.97219849,
          32.22098541
        ]
      },
      "properties": {
        "netid": "58:00:E3:01:9D:A2",
        "ssid": "DIRECT-roku-888-0778BA",
        "oui": "58:00:E3",
        "channel": 11,
        "encryption": "wpa2",
        "firsttime": "2023-05-20T13:00:00.000Z",
        "lasttime": "2025-12-08T20:00:00.000Z",
        "city": "Tucson",
        "region": "AZ",
        "country": "US",
        "road": "West Broadway Boulevard",
        "postalcode": "85701"
      }
    },
    {
      "type": "Feature",
      "geometry": {
        "type": "Point",
        "coordinates": [
          -117.03216553,
          33.52473831
        ]
      },
      "properties": {
        "netid": "58:00:E3:01:9D:DA",
        "ssid": null,
        "oui": "58:00:E3",
        "channel": 5,
        "encryption": "wpa2",
        "firsttime": "2024-12-27T23:00:00.000Z",
        "lasttime": "2024-12-27T16:00:00.000Z",
        "city": null,
        "region": "CA",
        "country": "US",
        "road": "Meadow Ridge Road",
        "postalcode": null
      }
    },
    {
      "type": "Feature",
      "geometry": {
        "type": "Point",
        "coordinates": [
          -118.39653778,
          34.02986526
        ]
      },
      "properties": {
        "netid": "58:00:E3:01:9D:E0",
        "ssid": "DIRECT-roku-867-8E2FF4",
        "oui": "58:00:E3",
        "channel": 157,
        "encryption": "wpa2",
        "firsttime": "2024-11-03T16:00:00.000Z",
        "lasttime": "2024-11-03T15:00:00.000Z",
        "city": "Los Angeles",
        "region": "CA",
        "country": "US",
        "road": "Bagley Avenue",
        "postalcode": "90034"
      }
    },
    {
      "type": "Feature",
      "geometry": {
        "type": "Point",
        "coordinates": [
          -93.09625244,
          41.32074738
        ]
      },
      "properties": {
        "netid": "58:00:E3:01:9D:F2",
        "ssid": null,
        "oui": "58:00:E3",
        "channel": 8,
        "encryption": "wpa2",
        "firsttime": "2018-05-30T12:00:00.000Z",
        "lasttime": "2025-09-05T10:00:00.000Z",
        "city": null,
        "region": "IA",
        "country": "US",
        "road": "East Pleasant Street",
        "postalcode": "50138"
      }
    },
    {
      "type": "Feature",
      "geometry": {
        "type": "Point",
        "coordinates": [
          -119.73345947,
          36.80128479
        ]
      },
      "properties": {
        "netid": "58:00:E3:01:9E:02",
        "ssid": null,
        "oui": "58:00:E3",
        "channel": 157,
        "encryption": "wpa2",
        "firsttime": "2026-06-25T00:00:00.000Z",
        "lasttime": "2026-06-24T22:00:00.000Z",
        "city": "Fresno",
        "region": "CA",
        "country": "US",
        "road": "East Gettysburg Avenue",
        "postalcode": "93702"
      }
    },
    {
      "type": "Feature",
      "geometry": {
        "type": "Point",
        "coordinates": [
          -91.59114075,
          44.84231567
        ]
      },
      "properties": {
        "netid": "58:00:E3:01:9E:5B",
        "ssid": null,
        "oui": "58:00:E3",
        "channel": 157,
        "encryption": "wpa2",
        "firsttime": "2026-04-30T17:00:00.000Z",
        "lasttime": "2026-06-02T07:00:00.000Z",
        "city": "Eau Claire",
        "region": "WI",
        "country": "US",
        "road": "Truax Lane",
        "postalcode": "54703"
      }
    },
    {
      "type": "Feature",
      "geometry": {
        "type": "Point",
        "coordinates": [
          -71.16371155,
          42.2939415
        ]
      },
      "properties": {
        "netid": "58:00:E3:01:9E:BC",
        "ssid": null,
        "oui": "58:00:E3",
        "channel": 1,
        "encryption": "wpa2",
        "firsttime": "2025-07-07T23:00:00.000Z",
        "lasttime": "2025-07-12T16:00:00.000Z",
        "city": "Boston",
        "region": "MA",
        "country": "US",
        "road": "Corey Street",
        "postalcode": "02467"
      }
    },
    {
      "type": "Feature",
      "geometry": {
        "type": "Point",
        "coordinates": [
          -73.8116684,
          42.6510582
        ]
      },
      "properties": {
        "netid": "58:00:E3:01:9E:D4",
        "ssid": null,
        "oui": "58:00:E3",
        "channel": 6,
        "encryption": "wpa2",
        "firsttime": "2569-06-19T17:00:00.000Z",
        "lasttime": "2026-06-21T13:00:00.000Z",
        "city": "City of Albany",
        "region": "NY",
        "country": "US",
        "road": "Whitehall Road",
        "postalcode": "12208"
      }
    },
    {
      "type": "Feature",
      "geometry": {
        "type": "Point",
        "coordinates": [
          -84.14977264,
          33.94288254
        ]
      },
      "properties": {
        "netid": "58:00:E3:01:9F:5B",
        "ssid": null,
        "oui": "58:00:E3",
        "channel": 44,
        "encryption": "wpa2",
        "firsttime": "2025-03-17T14:00:00.000Z",
        "lasttime": "2025-03-17T13:00:00.000Z",
        "city": null,
        "region": "GA",
        "country": "US",
        "road": "I 85",
        "postalcode": "30096-4590"
      }
    },
    {
      "type": "Feature",
      "geometry": {
        "type": "Point",
        "coordinates": [
          -122.02827454,
          37.36611176
        ]
      },
      "properties": {
        "netid": "58:00:E3:01:9F:81",
        "ssid": "DIRECT-roku-323-324833",
        "oui": "58:00:E3",
        "channel": 153,
        "encryption": "wpa2",
        "firsttime": "2025-12-22T00:00:00.000Z",
        "lasttime": "2025-12-21T16:00:00.000Z",
        "city": "Sunnyvale",
        "region": "CA",
        "country": "US",
        "road": "Cezanne Drive",
        "postalcode": "94086-6345"
      }
    },
    {
      "type": "Feature",
      "geometry": {
        "type": "Point",
        "coordinates": [
          -93.2599411,
          45.18446732
        ]
      },
      "properties": {
        "netid": "58:00:E3:01:9F:A8",
        "ssid": "DIRECT-roku-081-B4FCE9",
        "oui": "58:00:E3",
        "channel": 40,
        "encryption": "wpa2",
        "firsttime": "2025-10-26T05:00:00.000Z",
        "lasttime": "2025-10-26T00:00:00.000Z",
        "city": "Blaine",
        "region": "MN",
        "country": "US",
        "road": "Oak Park Drive Northeast",
        "postalcode": "55434"
      }
    },
    {
      "type": "Feature",
      "geometry": {
        "type": "Point",
        "coordinates": [
          -71.00054932,
          42.24637222
        ]
      },
      "properties": {
        "netid": "58:00:E3:01:A0:12",
        "ssid": null,
        "oui": "58:00:E3",
        "channel": 149,
        "encryption": "wpa2",
        "firsttime": "2020-10-25T12:00:00.000Z",
        "lasttime": "2025-12-16T16:00:00.000Z",
        "city": "Quincy",
        "region": "MA",
        "country": "US",
        "road": "Hancock Street",
        "postalcode": "02169"
      }
    },
    {
      "type": "Feature",
      "geometry": {
        "type": "Point",
        "coordinates": [
          -93.24872589,
          44.98565292
        ]
      },
      "properties": {
        "netid": "58:00:E3:01:A0:49",
        "ssid": "\u0000\u0000\u0000\u0000\u0000\u0000\u0000\u0000\u0000\u0000\u0000\u0000\u0000\u0000\u0000\u0000\u0000\u0000\u0000\u0000\u0000\u0000",
        "oui": "58:00:E3",
        "channel": 36,
        "encryption": "wpa2",
        "firsttime": "2024-11-23T06:00:00.000Z",
        "lasttime": "2026-05-28T16:00:00.000Z",
        "city": "Minneapolis",
        "region": "MN",
        "country": "US",
        "road": "Southeast 4th Street",
        "postalcode": "55414"
      }
    },
    {
      "type": "Feature",
      "geometry": {
        "type": "Point",
        "coordinates": [
          -97.37621307,
          32.84027863
        ]
      },
      "properties": {
        "netid": "58:00:E3:01:A0:5F",
        "ssid": null,
        "oui": "58:00:E3",
        "channel": 36,
        "encryption": "wpa2",
        "firsttime": "2026-07-20T00:00:00.000Z",
        "lasttime": "2026-07-19T23:00:00.000Z",
        "city": "Fort Worth",
        "region": "TX",
        "country": "US",
        "road": "Cats Eye Drive",
        "postalcode": "76131"
      }
    },
    {
      "type": "Feature",
      "geometry": {
        "type": "Point",
        "coordinates": [
          -104.981987,
          39.76384735
        ]
      },
      "properties": {
        "netid": "58:00:E3:01:A0:60",
        "ssid": "DIRECT-roku-674-4206A2",
        "oui": "58:00:E3",
        "channel": 40,
        "encryption": "wpa2",
        "firsttime": "2019-04-14T10:00:00.000Z",
        "lasttime": "2024-08-18T09:00:00.000Z",
        "city": "Denver",
        "region": "CO",
        "country": "US",
        "road": "Blake Street",
        "postalcode": "80205"
      }
    },
    {
      "type": "Feature",
      "geometry": {
        "type": "Point",
        "coordinates": [
          -93.12625122,
          45.0066185
        ]
      },
      "properties": {
        "netid": "58:00:E3:01:A0:DD",
        "ssid": "DIRECT-roku-782-9BF38F",
        "oui": "58:00:E3",
        "channel": 11,
        "encryption": "wpa2",
        "firsttime": "2024-07-20T05:00:00.000Z",
        "lasttime": "2024-11-27T12:00:00.000Z",
        "city": null,
        "region": "MN",
        "country": "US",
        "road": "Reservoir Woods Trail",
        "postalcode": "55117"
      }
    },
    {
      "type": "Feature",
      "geometry": {
        "type": "Point",
        "coordinates": [
          -79.96794128,
          40.3251915
        ]
      },
      "properties": {
        "netid": "58:00:E3:01:A1:33",
        "ssid": null,
        "oui": "58:00:E3",
        "channel": 1,
        "encryption": "wpa2",
        "firsttime": "2024-09-22T18:00:00.000Z",
        "lasttime": "2024-09-22T17:00:00.000Z",
        "city": null,
        "region": "PA",
        "country": "US",
        "road": "West Bruceton Road",
        "postalcode": "15236"
      }
    },
    {
      "type": "Feature",
      "geometry": {
        "type": "Point",
        "coordinates": [
          -94.52991486,
          39.09257507
        ]
      },
      "properties": {
        "netid": "58:00:E3:01:A1:82",
        "ssid": null,
        "oui": "58:00:E3",
        "channel": 11,
        "encryption": "wpa2",
        "firsttime": "2023-03-20T18:00:00.000Z",
        "lasttime": "2026-07-06T04:00:00.000Z",
        "city": "Kansas City",
        "region": "MO",
        "country": "US",
        "road": "East 16th Street",
        "postalcode": "64127"
      }
    },
    {
      "type": "Feature",
      "geometry": {
        "type": "Point",
        "coordinates": [
          -118.25432587,
          33.98706818
        ]
      },
      "properties": {
        "netid": "58:00:E3:01:A1:97",
        "ssid": null,
        "oui": "58:00:E3",
        "channel": 11,
        "encryption": "wpa2",
        "firsttime": "2024-11-24T16:00:00.000Z",
        "lasttime": "2024-11-24T18:00:00.000Z",
        "city": "Inglewood",
        "region": "CA",
        "country": "US",
        "road": "East 59th Street",
        "postalcode": "90001"
      }
    },
    {
      "type": "Feature",
      "geometry": {
        "type": "Point",
        "coordinates": [
          -70.15322113,
          41.66791534
        ]
      },
      "properties": {
        "netid": "58:00:E3:01:A1:EA",
        "ssid": null,
        "oui": "58:00:E3",
        "channel": 36,
        "encryption": "wpa2",
        "firsttime": "2026-06-12T17:00:00.000Z",
        "lasttime": "2026-06-27T10:00:00.000Z",
        "city": null,
        "region": "MA",
        "country": "US",
        "road": "Main Street",
        "postalcode": "02670"
      }
    },
    {
      "type": "Feature",
      "geometry": {
        "type": "Point",
        "coordinates": [
          -71.16404724,
          42.69844437
        ]
      },
      "properties": {
        "netid": "58:00:E3:01:A2:0A",
        "ssid": null,
        "oui": "58:00:E3",
        "channel": 11,
        "encryption": "wpa2",
        "firsttime": "2026-06-28T17:00:00.000Z",
        "lasttime": "2026-06-29T16:00:00.000Z",
        "city": "Lawrence",
        "region": "MA",
        "country": "US",
        "road": "South Broadway",
        "postalcode": "01840"
      }
    },
    {
      "type": "Feature",
      "geometry": {
        "type": "Point",
        "coordinates": [
          -114.01189423,
          50.86331558
        ]
      },
      "properties": {
        "netid": "58:00:E3:01:A2:12",
        "ssid": null,
        "oui": "58:00:E3",
        "channel": 36,
        "encryption": "wpa2",
        "firsttime": "2024-10-12T01:00:00.000Z",
        "lasttime": "2024-10-11T23:00:00.000Z",
        "city": "Calgary",
        "region": "Alberta",
        "country": "CA",
        "road": "Walgrove Commons SE",
        "postalcode": "T2X 0W8"
      }
    },
    {
      "type": "Feature",
      "geometry": {
        "type": "Point",
        "coordinates": [
          -106.57820892,
          52.1437912
        ]
      },
      "properties": {
        "netid": "58:00:E3:01:A2:15",
        "ssid": "DIRECT-roku-631-F003A5",
        "oui": "58:00:E3",
        "channel": 44,
        "encryption": "wpa2",
        "firsttime": "2025-06-26T02:00:00.000Z",
        "lasttime": "2025-06-25T19:00:00.000Z",
        "city": "Saskatoon",
        "region": "Saskatchewan",
        "country": "CA",
        "road": "115 Street East",
        "postalcode": "S7N 4M8"
      }
    },
    {
      "type": "Feature",
      "geometry": {
        "type": "Point",
        "coordinates": [
          -115.2022171,
          36.15291595
        ]
      },
      "properties": {
        "netid": "58:00:E3:01:A2:34",
        "ssid": null,
        "oui": "58:00:E3",
        "channel": 1,
        "encryption": "wpa2",
        "firsttime": "2026-01-25T23:00:00.000Z",
        "lasttime": "2026-01-25T17:00:00.000Z",
        "city": "Las Vegas",
        "region": "NV",
        "country": "US",
        "road": "Exposition Avenue",
        "postalcode": "89102-1504"
      }
    },
    {
      "type": "Feature",
      "geometry": {
        "type": "Point",
        "coordinates": [
          -83.06928253,
          42.46583939
        ]
      },
      "properties": {
        "netid": "58:00:E3:01:A2:4E",
        "ssid": null,
        "oui": "58:00:E3",
        "channel": 40,
        "encryption": "wpa2",
        "firsttime": "2025-12-19T20:00:00.000Z",
        "lasttime": "2025-12-19T13:00:00.000Z",
        "city": "Warren",
        "region": "MI",
        "country": "US",
        "road": "Bart Avenue",
        "postalcode": "48091"
      }
    },
    {
      "type": "Feature",
      "geometry": {
        "type": "Point",
        "coordinates": [
          -78.63239288,
          42.95497513
        ]
      },
      "properties": {
        "netid": "58:00:E3:01:A2:CA",
        "ssid": "DIRECT-roku-116-B8DB32",
        "oui": "58:00:E3",
        "channel": 11,
        "encryption": "wpa2",
        "firsttime": "2018-06-30T02:00:00.000Z",
        "lasttime": "2024-12-23T10:00:00.000Z",
        "city": null,
        "region": "NY",
        "country": "US",
        "road": "Gunnville Road",
        "postalcode": "14086"
      }
    },
    {
      "type": "Feature",
      "geometry": {
        "type": "Point",
        "coordinates": [
          -70.92612457,
          42.53591919
        ]
      },
      "properties": {
        "netid": "58:00:E3:01:A2:E5",
        "ssid": null,
        "oui": "58:00:E3",
        "channel": 149,
        "encryption": "wpa2",
        "firsttime": "2026-04-22T22:00:00.000Z",
        "lasttime": "2026-04-22T16:00:00.000Z",
        "city": "Peabody",
        "region": "MA",
        "country": "US",
        "road": "Gardner Street",
        "postalcode": "01923-3145"
      }
    },
    {
      "type": "Feature",
      "geometry": {
        "type": "Point",
        "coordinates": [
          -66.07485199,
          18.42339134
        ]
      },
      "properties": {
        "netid": "58:00:E3:01:A2:E8",
        "ssid": "DIRECT-roku-916-5821C2",
        "oui": "58:00:E3",
        "channel": 36,
        "encryption": "wpa2",
        "firsttime": "2017-02-23T18:00:00.000Z",
        "lasttime": "2026-05-25T09:00:00.000Z",
        "city": "San Juan",
        "region": "PR",
        "country": "US",
        "road": "Avenida Franklin Delano Roosevelt",
        "postalcode": "00918"
      }
    },
    {
      "type": "Feature",
      "geometry": {
        "type": "Point",
        "coordinates": [
          -81.05619049,
          34.03166199
        ]
      },
      "properties": {
        "netid": "58:00:E3:01:A2:F5",
        "ssid": null,
        "oui": "58:00:E3",
        "channel": 36,
        "encryption": "wpa2",
        "firsttime": "2026-06-08T11:00:00.000Z",
        "lasttime": "2026-06-30T08:00:00.000Z",
        "city": "Columbia",
        "region": "SC",
        "country": "US",
        "road": "Falling Springs Road",
        "postalcode": "29203"
      }
    },
    {
      "type": "Feature",
      "geometry": {
        "type": "Point",
        "coordinates": [
          -71.45851898,
          42.0810318
        ]
      },
      "properties": {
        "netid": "58:00:E3:01:A3:0A",
        "ssid": null,
        "oui": "58:00:E3",
        "channel": 36,
        "encryption": "wpa2",
        "firsttime": "2026-07-24T22:00:00.000Z",
        "lasttime": "2026-07-24T16:00:00.000Z",
        "city": null,
        "region": "MA",
        "country": "US",
        "road": "Maple Brook Road",
        "postalcode": "02019"
      }
    },
    {
      "type": "Feature",
      "geometry": {
        "type": "Point",
        "coordinates": [
          -72.1309967,
          42.0643425
        ]
      },
      "properties": {
        "netid": "58:00:E3:01:A3:1D",
        "ssid": "DIRECT-roku-222-866ED4",
        "oui": "58:00:E3",
        "channel": 1,
        "encryption": "wpa2",
        "firsttime": "2018-08-26T19:00:00.000Z",
        "lasttime": "2025-03-08T20:00:00.000Z",
        "city": null,
        "region": "MA",
        "country": "US",
        "road": "Gladding Lane",
        "postalcode": "01521"
      }
    },
    {
      "type": "Feature",
      "geometry": {
        "type": "Point",
        "coordinates": [
          -78.706604,
          42.8754158
        ]
      },
      "properties": {
        "netid": "58:00:E3:01:A3:4F",
        "ssid": null,
        "oui": "58:00:E3",
        "channel": 36,
        "encryption": "wpa2",
        "firsttime": "2024-02-03T23:00:00.000Z",
        "lasttime": "2026-03-10T15:00:00.000Z",
        "city": "Town of Cheektowaga",
        "region": "NY",
        "country": "US",
        "road": "Davidson Drive",
        "postalcode": "14043"
      }
    },
    {
      "type": "Feature",
      "geometry": {
        "type": "Point",
        "coordinates": [
          -91.46842194,
          44.80488968
        ]
      },
      "properties": {
        "netid": "58:00:E3:01:A3:9C",
        "ssid": "DIRECT-roku-581-D766C3",
        "oui": "58:00:E3",
        "channel": 1,
        "encryption": "wpa2",
        "firsttime": "2024-11-11T17:00:00.000Z",
        "lasttime": "2025-01-06T11:00:00.000Z",
        "city": null,
        "region": "WI",
        "country": "US",
        "road": "Fairfax Street",
        "postalcode": "54720"
      }
    },
    {
      "type": "Feature",
      "geometry": {
        "type": "Point",
        "coordinates": [
          -118.42816925,
          34.22475052
        ]
      },
      "properties": {
        "netid": "58:00:E3:01:A3:B7",
        "ssid": null,
        "oui": "58:00:E3",
        "channel": 44,
        "encryption": "wpa2",
        "firsttime": "2025-03-10T18:00:00.000Z",
        "lasttime": "2025-03-10T15:00:00.000Z",
        "city": "Los Angeles",
        "region": "CA",
        "country": "US",
        "road": "Wentworth Street",
        "postalcode": "91331-6020"
      }
    },
    {
      "type": "Feature",
      "geometry": {
        "type": "Point",
        "coordinates": [
          -96.42586517,
          39.39108276
        ]
      },
      "properties": {
        "netid": "58:00:E3:01:A3:BD",
        "ssid": "DIRECT-roku-733-8981EF",
        "oui": "58:00:E3",
        "channel": 6,
        "encryption": "wpa2",
        "firsttime": "2026-02-01T18:00:00.000Z",
        "lasttime": "2026-02-01T10:00:00.000Z",
        "city": null,
        "region": "KS",
        "country": "US",
        "road": "Flush Road",
        "postalcode": "66549"
      }
    },
    {
      "type": "Feature",
      "geometry": {
        "type": "Point",
        "coordinates": [
          -73.02870941,
          40.87585068
        ]
      },
      "properties": {
        "netid": "58:00:E3:01:A3:D5",
        "ssid": null,
        "oui": "58:00:E3",
        "channel": 161,
        "encryption": "wpa2",
        "firsttime": "2025-03-20T23:00:00.000Z",
        "lasttime": "2025-03-20T16:00:00.000Z",
        "city": null,
        "region": "NY",
        "country": "US",
        "road": "Wyeth Street",
        "postalcode": "11784"
      }
    },
    {
      "type": "Feature",
      "geometry": {
        "type": "Point",
        "coordinates": [
          -73.91914368,
          40.68797684
        ]
      },
      "properties": {
        "netid": "58:00:E3:01:A4:16",
        "ssid": "DIRECT-roku-270-46E159",
        "oui": "58:00:E3",
        "channel": 157,
        "encryption": "wpa2",
        "firsttime": "2024-04-21T22:00:00.000Z",
        "lasttime": "2024-09-17T19:00:00.000Z",
        "city": "City of New York",
        "region": "NY",
        "country": "US",
        "road": "Broadway",
        "postalcode": "11221"
      }
    },
    {
      "type": "Feature",
      "geometry": {
        "type": "Point",
        "coordinates": [
          -116.37123108,
          33.75808716
        ]
      },
      "properties": {
        "netid": "58:00:E3:01:A4:47",
        "ssid": null,
        "oui": "58:00:E3",
        "channel": 6,
        "encryption": "wpa2",
        "firsttime": "2024-10-25T18:00:00.000Z",
        "lasttime": "2024-10-25T13:00:00.000Z",
        "city": null,
        "region": "CA",
        "country": "US",
        "road": "Country Club Drive",
        "postalcode": "92211"
      }
    },
    {
      "type": "Feature",
      "geometry": {
        "type": "Point",
        "coordinates": [
          -121.8130722,
          36.63097382
        ]
      },
      "properties": {
        "netid": "58:00:E3:01:A4:54",
        "ssid": null,
        "oui": "58:00:E3",
        "channel": 11,
        "encryption": "wpa2",
        "firsttime": "2025-12-18T01:00:00.000Z",
        "lasttime": "2025-12-17T19:00:00.000Z",
        "city": "Seaside",
        "region": "CA",
        "country": "US",
        "road": "General Jim Moore Boulevard",
        "postalcode": "93955"
      }
    },
    {
      "type": "Feature",
      "geometry": {
        "type": "Point",
        "coordinates": [
          -118.46555328,
          33.99606705
        ]
      },
      "properties": {
        "netid": "58:00:E3:01:A4:8E",
        "ssid": null,
        "oui": "58:00:E3",
        "channel": 40,
        "encryption": "wpa2",
        "firsttime": "2024-07-12T01:00:00.000Z",
        "lasttime": "2026-02-16T22:00:00.000Z",
        "city": "Los Angeles",
        "region": "CA",
        "country": "US",
        "road": "7th Avenue",
        "postalcode": "90291"
      }
    },
    {
      "type": "Feature",
      "geometry": {
        "type": "Point",
        "coordinates": [
          -79.85597992,
          43.24040604
        ]
      },
      "properties": {
        "netid": "58:00:E3:01:A4:F5",
        "ssid": null,
        "oui": "58:00:E3",
        "channel": 44,
        "encryption": "wpa2",
        "firsttime": "2024-11-03T22:00:00.000Z",
        "lasttime": "2025-05-20T07:00:00.000Z",
        "city": "Hamilton",
        "region": "Ontario",
        "country": "CA",
        "road": "East 19th Street",
        "postalcode": "L9A 1C3"
      }
    },
    {
      "type": "Feature",
      "geometry": {
        "type": "Point",
        "coordinates": [
          -82.7347641,
          42.21508789
        ]
      },
      "properties": {
        "netid": "58:00:E3:01:A5:47",
        "ssid": null,
        "oui": "58:00:E3",
        "channel": 2,
        "encryption": "wpa2",
        "firsttime": "2026-05-23T15:00:00.000Z",
        "lasttime": "2026-05-23T08:00:00.000Z",
        "city": null,
        "region": "Ontario",
        "country": "CA",
        "road": "County Road 46",
        "postalcode": "N0R 1V0"
      }
    },
    {
      "type": "Feature",
      "geometry": {
        "type": "Point",
        "coordinates": [
          -87.39408112,
          30.53034973
        ]
      },
      "properties": {
        "netid": "58:00:E3:01:A5:AF",
        "ssid": null,
        "oui": "58:00:E3",
        "channel": 6,
        "encryption": "wpa2",
        "firsttime": "2026-05-17T20:00:00.000Z",
        "lasttime": "2026-06-24T16:00:00.000Z",
        "city": null,
        "region": "FL",
        "country": "US",
        "road": "Mobile Highway",
        "postalcode": "32526"
      }
    },
    {
      "type": "Feature",
      "geometry": {
        "type": "Point",
        "coordinates": [
          -87.03728485,
          30.62262535
        ]
      },
      "properties": {
        "netid": "58:00:E3:01:A5:C4",
        "ssid": "DIRECT-roku-875-764FA8",
        "oui": "58:00:E3",
        "channel": 36,
        "encryption": "wpa2",
        "firsttime": "2020-04-20T17:00:00.000Z",
        "lasttime": "2025-11-21T05:00:00.000Z",
        "city": null,
        "region": "FL",
        "country": "US",
        "road": "Caroline Street",
        "postalcode": "32572"
      }
    },
    {
      "type": "Feature",
      "geometry": {
        "type": "Point",
        "coordinates": [
          -73.03308868,
          45.52233505
        ]
      },
      "properties": {
        "netid": "58:00:E3:01:A6:26",
        "ssid": null,
        "oui": "58:00:E3",
        "channel": 11,
        "encryption": "wpa2",
        "firsttime": "2026-04-07T23:00:00.000Z",
        "lasttime": "2026-04-20T16:00:00.000Z",
        "city": null,
        "region": "Qu\u00e9bec",
        "country": "CA",
        "road": "Chemin Saint-Louis",
        "postalcode": "J0H 1J0"
      }
    },
    {
      "type": "Feature",
      "geometry": {
        "type": "Point",
        "coordinates": [
          -115.23457336,
          36.04111862
        ]
      },
      "properties": {
        "netid": "58:00:E3:01:A6:5A",
        "ssid": "DIRECT-roku-904-A997C4",
        "oui": "58:00:E3",
        "channel": 6,
        "encryption": "wpa2",
        "firsttime": "2024-05-28T17:00:00.000Z",
        "lasttime": "2026-06-19T14:00:00.000Z",
        "city": null,
        "region": "NV",
        "country": "US",
        "road": "South Torrey Pines Drive",
        "postalcode": "89113-4057"
      }
    },
    {
      "type": "Feature",
      "geometry": {
        "type": "Point",
        "coordinates": [
          -73.77352142,
          45.51999283
        ]
      },
      "properties": {
        "netid": "58:00:E3:01:A6:7F",
        "ssid": "DIRECT-roku-549-4152C5",
        "oui": "58:00:E3",
        "channel": 44,
        "encryption": "wpa2",
        "firsttime": "2025-04-02T16:00:00.000Z",
        "lasttime": "2025-04-02T14:00:00.000Z",
        "city": "Laval (13)",
        "region": "Qu\u00e9bec",
        "country": "CA",
        "road": "Autoroute Chomedey",
        "postalcode": "H8Y 1P6"
      }
    },
    {
      "type": "Feature",
      "geometry": {
        "type": "Point",
        "coordinates": [
          -117.98921204,
          33.6691246
        ]
      },
      "properties": {
        "netid": "58:00:E3:01:A6:B4",
        "ssid": null,
        "oui": "58:00:E3",
        "channel": 149,
        "encryption": "wpa2",
        "firsttime": "2025-01-26T20:00:00.000Z",
        "lasttime": "2025-01-26T14:00:00.000Z",
        "city": "Huntington Beach",
        "region": "CA",
        "country": "US",
        "road": "Lakeside Lane",
        "postalcode": "92648"
      }
    },
    {
      "type": "Feature",
      "geometry": {
        "type": "Point",
        "coordinates": [
          -85.29230499,
          35.00213242
        ]
      },
      "properties": {
        "netid": "58:00:E3:01:A6:E4",
        "ssid": null,
        "oui": "58:00:E3",
        "channel": 36,
        "encryption": "wpa2",
        "firsttime": "2026-05-08T01:00:00.000Z",
        "lasttime": "2026-05-25T13:00:00.000Z",
        "city": "Chattanooga",
        "region": "TN",
        "country": "US",
        "road": "Rossville Boulevard",
        "postalcode": "37407"
      }
    },
    {
      "type": "Feature",
      "geometry": {
        "type": "Point",
        "coordinates": [
          -118.89497375,
          35.3921814
        ]
      },
      "properties": {
        "netid": "58:00:E3:01:A7:6C",
        "ssid": "DIRECT-roku-498-BE46D0",
        "oui": "58:00:E3",
        "channel": 44,
        "encryption": "wpa2",
        "firsttime": "2025-04-22T17:00:00.000Z",
        "lasttime": "2025-04-22T19:00:00.000Z",
        "city": "Bakersfield",
        "region": "CA",
        "country": "US",
        "road": "Kern Canyon Road",
        "postalcode": "93306"
      }
    },
    {
      "type": "Feature",
      "geometry": {
        "type": "Point",
        "coordinates": [
          -98.37547302,
          29.54188347
        ]
      },
      "properties": {
        "netid": "58:00:E3:01:A7:74",
        "ssid": "DIRECT-roku-053-C23C37",
        "oui": "58:00:E3",
        "channel": 6,
        "encryption": "wpa2",
        "firsttime": "2017-03-03T11:00:00.000Z",
        "lasttime": "2026-08-07T09:00:00.000Z",
        "city": "San Antonio",
        "region": "TX",
        "country": "US",
        "road": "North Pan Am Expressway",
        "postalcode": "78233"
      }
    },
    {
      "type": "Feature",
      "geometry": {
        "type": "Point",
        "coordinates": [
          -98.37549591,
          29.54198456
        ]
      },
      "properties": {
        "netid": "58:00:E3:01:A7:7A",
        "ssid": "DIRECT-roku-494-ADB87E",
        "oui": "58:00:E3",
        "channel": 48,
        "encryption": "wpa2",
        "firsttime": "2017-02-25T22:00:00.000Z",
        "lasttime": "2026-01-19T20:00:00.000Z",
        "city": "San Antonio",
        "region": "TX",
        "country": "US",
        "road": "North Pan Am Expressway",
        "postalcode": "78233"
      }
    },
    {
      "type": "Feature",
      "geometry": {
        "type": "Point",
        "coordinates": [
          -89.30834198,
          40.52855301
        ]
      },
      "properties": {
        "netid": "58:00:E3:01:A7:B3",
        "ssid": "DIRECT-roku-511-EBAAAE",
        "oui": "58:00:E3",
        "channel": 6,
        "encryption": "wpa2",
        "firsttime": "2017-10-21T12:00:00.000Z",
        "lasttime": "2025-11-27T20:00:00.000Z",
        "city": null,
        "region": "IL",
        "country": "US",
        "road": "IL 9",
        "postalcode": "61755"
      }
    },
    {
      "type": "Feature",
      "geometry": {
        "type": "Point",
        "coordinates": [
          -95.37479401,
          29.75601768
        ]
      },
      "properties": {
        "netid": "58:00:E3:01:A7:DC",
        "ssid": null,
        "oui": "58:00:E3",
        "channel": 44,
        "encryption": "wpa2",
        "firsttime": "2024-09-03T14:00:00.000Z",
        "lasttime": "2024-09-03T08:00:00.000Z",
        "city": "Houston",
        "region": "TX",
        "country": "US",
        "road": "Main Street",
        "postalcode": "77002-5902"
      }
    },
    {
      "type": "Feature",
      "geometry": {
        "type": "Point",
        "coordinates": [
          -115.3580246,
          51.09758377
        ]
      },
      "properties": {
        "netid": "58:00:E3:01:A7:FA",
        "ssid": "DIRECT-roku-036-A2469E",
        "oui": "58:00:E3",
        "channel": 36,
        "encryption": "wpa2",
        "firsttime": "2025-06-18T17:00:00.000Z",
        "lasttime": "2025-06-19T02:00:00.000Z",
        "city": null,
        "region": "Alberta",
        "country": "CA",
        "road": "Bow Valley Trail",
        "postalcode": "T2H 0H6"
      }
    },
    {
      "type": "Feature",
      "geometry": {
        "type": "Point",
        "coordinates": [
          -97.67484283,
          32.75021744
        ]
      },
      "properties": {
        "netid": "58:00:E3:01:A7:FF",
        "ssid": null,
        "oui": "58:00:E3",
        "channel": 157,
        "encryption": "wpa2",
        "firsttime": "2024-12-04T23:00:00.000Z",
        "lasttime": "2024-12-04T18:00:00.000Z",
        "city": null,
        "region": "TX",
        "country": "US",
        "road": "Mikus Road",
        "postalcode": "76087"
      }
    },
    {
      "type": "Feature",
      "geometry": {
        "type": "Point",
        "coordinates": [
          -64.23712921,
          45.81857681
        ]
      },
      "properties": {
        "netid": "58:00:E3:01:A8:06",
        "ssid": "DIRECT-roku-689-58DACB",
        "oui": "58:00:E3",
        "channel": 1,
        "encryption": "wpa2",
        "firsttime": "2025-07-26T13:00:00.000Z",
        "lasttime": "2025-07-26T23:00:00.000Z",
        "city": null,
        "region": "Nova Scotia",
        "country": "CA",
        "road": "Highway 104",
        "postalcode": "B4H 4B9"
      }
    },
    {
      "type": "Feature",
      "geometry": {
        "type": "Point",
        "coordinates": [
          -98.49278259,
          29.42305565
        ]
      },
      "properties": {
        "netid": "58:00:E3:01:A8:20",
        "ssid": "DIRECT-roku-617-8BDCC4",
        "oui": "58:00:E3",
        "channel": 157,
        "encryption": "wpa2",
        "firsttime": "2020-05-15T15:00:00.000Z",
        "lasttime": "2026-07-07T12:00:00.000Z",
        "city": "San Antonio",
        "region": "TX",
        "country": "US",
        "road": "Villita Street",
        "postalcode": "78205"
      }
    },
    {
      "type": "Feature",
      "geometry": {
        "type": "Point",
        "coordinates": [
          -81.16766357,
          42.79636765
        ]
      },
      "properties": {
        "netid": "58:00:E3:01:A8:84",
        "ssid": null,
        "oui": "58:00:E3",
        "channel": 3,
        "encryption": "wpa2",
        "firsttime": "2026-08-04T19:00:00.000Z",
        "lasttime": "2026-08-09T09:00:00.000Z",
        "city": "St. Thomas",
        "region": "Ontario",
        "country": "CA",
        "road": "Warren Crescent",
        "postalcode": "N5P 4C4"
      }
    },
    {
      "type": "Feature",
      "geometry": {
        "type": "Point",
        "coordinates": [
          -123.12124634,
          49.21699905
        ]
      },
      "properties": {
        "netid": "58:00:E3:01:A8:8C",
        "ssid": "DIRECT-roku-235-2BC6FF",
        "oui": "58:00:E3",
        "channel": 36,
        "encryption": "wpa2",
        "firsttime": "2024-05-29T16:00:00.000Z",
        "lasttime": "2025-08-11T17:00:00.000Z",
        "city": "Vancouver",
        "region": "British Columbia",
        "country": "CA",
        "road": "West 59th Avenue",
        "postalcode": "V6P"
      }
    },
    {
      "type": "Feature",
      "geometry": {
        "type": "Point",
        "coordinates": [
          -74.4512558,
          40.44154358
        ]
      },
      "properties": {
        "netid": "58:00:E3:01:A8:AA",
        "ssid": null,
        "oui": "58:00:E3",
        "channel": 6,
        "encryption": "wpa2",
        "firsttime": "2024-09-10T20:00:00.000Z",
        "lasttime": "2025-05-23T14:00:00.000Z",
        "city": null,
        "region": "NJ",
        "country": "US",
        "road": "Riva Avenue",
        "postalcode": "08902"
      }
    },
    {
      "type": "Feature",
      "geometry": {
        "type": "Point",
        "coordinates": [
          -82.63031769,
          34.53414154
        ]
      },
      "properties": {
        "netid": "58:00:E3:02:0E:D9",
        "ssid": null,
        "oui": "58:00:E3",
        "channel": 11,
        "encryption": "unknown",
        "firsttime": "2025-07-26T22:00:00.000Z",
        "lasttime": "2025-07-28T13:00:00.000Z",
        "city": "Anderson",
        "region": "SC",
        "country": "US",
        "road": null,
        "postalcode": "29621"
      }
    },
    {
      "type": "Feature",
      "geometry": {
        "type": "Point",
        "coordinates": [
          -82.65351868,
          27.86441994
        ]
      },
      "properties": {
        "netid": "58:00:E3:02:12:00",
        "ssid": null,
        "oui": "58:00:E3",
        "channel": 10,
        "encryption": "unknown",
        "firsttime": "2025-04-29T23:00:00.000Z",
        "lasttime": "2025-04-29T20:00:00.000Z",
        "city": "Saint Petersburg",
        "region": "FL",
        "country": "US",
        "road": "14th Street North",
        "postalcode": "33716"
      }
    },
    {
      "type": "Feature",
      "geometry": {
        "type": "Point",
        "coordinates": [
          -82.71292114,
          27.96780205
        ]
      },
      "properties": {
        "netid": "58:00:E3:02:27:79",
        "ssid": null,
        "oui": "58:00:E3",
        "channel": 3,
        "encryption": "unknown",
        "firsttime": "2025-05-22T21:00:00.000Z",
        "lasttime": "2025-05-23T00:00:00.000Z",
        "city": "Clearwater",
        "region": "FL",
        "country": "US",
        "road": "North Bayview Avenue",
        "postalcode": "34619"
      }
    },
    {
      "type": "Feature",
      "geometry": {
        "type": "Point",
        "coordinates": [
          -46.87853241,
          -23.18729019
        ]
      },
      "properties": {
        "netid": "58:00:E3:02:70:51",
        "ssid": "03042",
        "oui": "58:00:E3",
        "channel": 7,
        "encryption": "wpa2",
        "firsttime": "2026-04-08T20:00:00.000Z",
        "lasttime": "2026-04-08T16:00:00.000Z",
        "city": "Jundia\u00ed",
        "region": "S\u00e3o Paulo",
        "country": "BR",
        "road": "Avenida Uni\u00e3o dos Ferrovi\u00e1rios",
        "postalcode": "13201-160"
      }
    },
    {
      "type": "Feature",
      "geometry": {
        "type": "Point",
        "coordinates": [
          -118.48864746,
          34.0155983
        ]
      },
      "properties": {
        "netid": "58:00:E3:03:9C:3C",
        "ssid": "DIRECT-roku-768-353BB0",
        "oui": "58:00:E3",
        "channel": 157,
        "encryption": "wpa2",
        "firsttime": "2025-06-15T05:00:00.000Z",
        "lasttime": "2025-06-15T02:00:00.000Z",
        "city": "Santa Monica",
        "region": "CA",
        "country": "US",
        "road": "7th Street",
        "postalcode": "90292"
      }
    },
    {
      "type": "Feature",
      "geometry": {
        "type": "Point",
        "coordinates": [
          -122.44881439,
          37.73163605
        ]
      },
      "properties": {
        "netid": "58:00:E3:03:9C:71",
        "ssid": "DIRECT-roku-148-14C556",
        "oui": "58:00:E3",
        "channel": 36,
        "encryption": "wpa2",
        "firsttime": "2023-02-21T16:00:00.000Z",
        "lasttime": "2025-10-25T21:00:00.000Z",
        "city": "San Francisco",
        "region": "CA",
        "country": "US",
        "road": "Monterey Boulevard",
        "postalcode": "94112"
      }
    },
    {
      "type": "Feature",
      "geometry": {
        "type": "Point",
        "coordinates": [
          -119.73801422,
          39.39387894
        ]
      },
      "properties": {
        "netid": "58:00:E3:03:9C:B3",
        "ssid": "DIRECT-roku-364-FF426E",
        "oui": "58:00:E3",
        "channel": 1,
        "encryption": "wpa2",
        "firsttime": "2025-07-12T03:00:00.000Z",
        "lasttime": "2025-12-09T20:00:00.000Z",
        "city": null,
        "region": "NV",
        "country": "US",
        "road": "Aries Circle",
        "postalcode": "89521"
      }
    },
    {
      "type": "Feature",
      "geometry": {
        "type": "Point",
        "coordinates": [
          -77.73048401,
          39.6486969
        ]
      },
      "properties": {
        "netid": "58:00:E3:03:9C:CE",
        "ssid": "DIRECT-roku-496-007C47",
        "oui": "58:00:E3",
        "channel": 6,
        "encryption": "wpa2",
        "firsttime": "2021-07-16T12:00:00.000Z",
        "lasttime": "2026-08-08T15:00:00.000Z",
        "city": "Hagerstown",
        "region": "MD",
        "country": "US",
        "road": "West Franklin Street",
        "postalcode": "21740"
      }
    },
    {
      "type": "Feature",
      "geometry": {
        "type": "Point",
        "coordinates": [
          -87.30299377,
          30.53402901
        ]
      },
      "properties": {
        "netid": "58:00:E3:03:9C:F9",
        "ssid": null,
        "oui": "58:00:E3",
        "channel": 1,
        "encryption": "wpa2",
        "firsttime": "2026-03-09T12:00:00.000Z",
        "lasttime": "2026-05-17T15:00:00.000Z",
        "city": null,
        "region": "FL",
        "country": "US",
        "road": "West Nine Mile Road",
        "postalcode": "32534"
      }
    },
    {
      "type": "Feature",
      "geometry": {
        "type": "Point",
        "coordinates": [
          -71.12306976,
          42.39960098
        ]
      },
      "properties": {
        "netid": "58:00:E3:03:9D:1F",
        "ssid": "DIRECT-roku-026-0B12A0",
        "oui": "58:00:E3",
        "channel": 6,
        "encryption": "wpa2",
        "firsttime": "2023-09-21T22:00:00.000Z",
        "lasttime": "2026-04-08T16:00:00.000Z",
        "city": "Somerville",
        "region": "MA",
        "country": "US",
        "road": "Irving Street",
        "postalcode": "02144"
      }
    },
    {
      "type": "Feature",
      "geometry": {
        "type": "Point",
        "coordinates": [
          -76.60647583,
          39.39862061
        ]
      },
      "properties": {
        "netid": "58:00:E3:03:9D:C0",
        "ssid": "DIRECT-roku-905-55D68F",
        "oui": "58:00:E3",
        "channel": 36,
        "encryption": "wpa2",
        "firsttime": "2025-05-14T18:00:00.000Z",
        "lasttime": "2025-09-20T16:00:00.000Z",
        "city": "Towson",
        "region": "MD",
        "country": "US",
        "road": "Courtland Avenue",
        "postalcode": "21204"
      }
    },
    {
      "type": "Feature",
      "geometry": {
        "type": "Point",
        "coordinates": [
          -73.07173157,
          41.25432587
        ]
      },
      "properties": {
        "netid": "58:00:E3:03:9D:D1",
        "ssid": null,
        "oui": "58:00:E3",
        "channel": 10,
        "encryption": "wpa2",
        "firsttime": "2026-01-28T00:00:00.000Z",
        "lasttime": "2026-06-15T06:00:00.000Z",
        "city": null,
        "region": "CT",
        "country": "US",
        "road": "Wilbur Cross Parkway",
        "postalcode": "06461"
      }
    },
    {
      "type": "Feature",
      "geometry": {
        "type": "Point",
        "coordinates": [
          -70.91973114,
          42.08292007
        ]
      },
      "properties": {
        "netid": "58:00:E3:03:9D:DB",
        "ssid": null,
        "oui": "58:00:E3",
        "channel": 6,
        "encryption": "wpa2",
        "firsttime": "2026-02-26T16:00:00.000Z",
        "lasttime": "2026-02-26T11:00:00.000Z",
        "city": null,
        "region": "MA",
        "country": "US",
        "road": "Franklin Street",
        "postalcode": "02382"
      }
    },
    {
      "type": "Feature",
      "geometry": {
        "type": "Point",
        "coordinates": [
          -69.8793335,
          47.84289932
        ]
      },
      "properties": {
        "netid": "58:00:E3:03:9E:04",
        "ssid": "DIRECT-roku-982-6ED4F0",
        "oui": "58:00:E3",
        "channel": 157,
        "encryption": "wpa2",
        "firsttime": "2025-10-13T16:00:00.000Z",
        "lasttime": "2026-03-27T01:00:00.000Z",
        "city": null,
        "region": "Qu\u00e9bec",
        "country": "CA",
        "road": "Rue Saint-Laurent",
        "postalcode": "G0T1X0"
      }
    },
    {
      "type": "Feature",
      "geometry": {
        "type": "Point",
        "coordinates": [
          -79.60417175,
          43.57171249
        ]
      },
      "properties": {
        "netid": "58:00:E3:03:9E:07",
        "ssid": "DIRECT-roku-734-78D306",
        "oui": "58:00:E3",
        "channel": 161,
        "encryption": "wpa2",
        "firsttime": "2019-11-01T17:00:00.000Z",
        "lasttime": "2025-06-30T14:00:00.000Z",
        "city": "Mississauga",
        "region": "Ontario",
        "country": "CA",
        "road": "Hurontario Street",
        "postalcode": "L5B 1M8"
      }
    },
    {
      "type": "Feature",
      "geometry": {
        "type": "Point",
        "coordinates": [
          -73.63943481,
          45.55033493
        ]
      },
      "properties": {
        "netid": "58:00:E3:03:9E:12",
        "ssid": null,
        "oui": "58:00:E3",
        "channel": 36,
        "encryption": "wpa2",
        "firsttime": "2025-12-20T15:00:00.000Z",
        "lasttime": "2025-12-27T16:00:00.000Z",
        "city": "Montr\u00e9al",
        "region": "Qu\u00e9bec",
        "country": "CA",
        "road": "Rue Saint-Hubert",
        "postalcode": "H2M 2E2"
      }
    },
    {
      "type": "Feature",
      "geometry": {
        "type": "Point",
        "coordinates": [
          -75.21029663,
          45.26419449
        ]
      },
      "properties": {
        "netid": "58:00:E3:03:9E:1C",
        "ssid": "DIRECT-roku-303-239489",
        "oui": "58:00:E3",
        "channel": 5,
        "encryption": "wpa2",
        "firsttime": "2026-05-31T01:00:00.000Z",
        "lasttime": "2026-07-01T20:00:00.000Z",
        "city": "The Nation",
        "region": "Ontario",
        "country": "CA",
        "road": "Route 700 West",
        "postalcode": "K0A 1W0"
      }
    },
    {
      "type": "Feature",
      "geometry": {
        "type": "Point",
        "coordinates": [
          -86.75118256,
          40.32307053
        ]
      },
      "properties": {
        "netid": "58:00:E3:03:9E:45",
        "ssid": null,
        "oui": "58:00:E3",
        "channel": 1,
        "encryption": "wpa2",
        "firsttime": "2026-02-08T14:00:00.000Z",
        "lasttime": "2026-02-14T07:00:00.000Z",
        "city": null,
        "region": "IN",
        "country": "US",
        "road": "I 65",
        "postalcode": "47941"
      }
    },
    {
      "type": "Feature",
      "geometry": {
        "type": "Point",
        "coordinates": [
          -97.45162964,
          35.65364838
        ]
      },
      "properties": {
        "netid": "58:00:E3:03:9E:48",
        "ssid": "DIRECT-roku-511-40BF42",
        "oui": "58:00:E3",
        "channel": 1,
        "encryption": "wpa2",
        "firsttime": "2024-06-13T17:00:00.000Z",
        "lasttime": "2025-04-02T09:00:00.000Z",
        "city": "Edmond",
        "region": "OK",
        "country": "US",
        "road": null,
        "postalcode": "73034"
      }
    },
    {
      "type": "Feature",
      "geometry": {
        "type": "Point",
        "coordinates": [
          -102.13677216,
          32.03397751
        ]
      },
      "properties": {
        "netid": "58:00:E3:03:9E:94",
        "ssid": "DIRECT-roku-504-32E2A6",
        "oui": "58:00:E3",
        "channel": 149,
        "encryption": "wpa2",
        "firsttime": "2018-11-17T23:00:00.000Z",
        "lasttime": "2025-06-10T16:00:00.000Z",
        "city": "Midland",
        "region": "TX",
        "country": "US",
        "road": "Gateway Street",
        "postalcode": "79707-3166"
      }
    },
    {
      "type": "Feature",
      "geometry": {
        "type": "Point",
        "coordinates": [
          -73.99887085,
          40.67623901
        ]
      },
      "properties": {
        "netid": "58:00:E3:03:9F:00",
        "ssid": "DIRECT-roku-416-F309AE",
        "oui": "58:00:E3",
        "channel": 149,
        "encryption": "wpa2",
        "firsttime": "2022-02-27T16:00:00.000Z",
        "lasttime": "2025-01-26T12:00:00.000Z",
        "city": "City of New York",
        "region": "NY",
        "country": "US",
        "road": "Court Street",
        "postalcode": "11231"
      }
    },
    {
      "type": "Feature",
      "geometry": {
        "type": "Point",
        "coordinates": [
          -117.90805817,
          33.98057938
        ]
      },
      "properties": {
        "netid": "58:00:E3:03:9F:53",
        "ssid": "DIRECT-roku-363-EA4AAB",
        "oui": "58:00:E3",
        "channel": 11,
        "encryption": "wpa2",
        "firsttime": "2023-10-15T00:00:00.000Z",
        "lasttime": "2025-12-05T15:00:00.000Z",
        "city": "West Covina",
        "region": "CA",
        "country": "US",
        "road": "Fullerton Road",
        "postalcode": "91748"
      }
    },
    {
      "type": "Feature",
      "geometry": {
        "type": "Point",
        "coordinates": [
          -87.73647308,
          41.92247009
        ]
      },
      "properties": {
        "netid": "58:00:E3:03:9F:8E",
        "ssid": "DIRECT-roku-771-569A99",
        "oui": "58:00:E3",
        "channel": 10,
        "encryption": "wpa2",
        "firsttime": "2025-05-20T21:00:00.000Z",
        "lasttime": "2025-05-20T14:00:00.000Z",
        "city": "Chicago",
        "region": "IL",
        "country": "US",
        "road": "North Kostner Avenue",
        "postalcode": "60641"
      }
    },
    {
      "type": "Feature",
      "geometry": {
        "type": "Point",
        "coordinates": [
          -87.62594604,
          41.87520599
        ]
      },
      "properties": {
        "netid": "58:00:E3:03:9F:D0",
        "ssid": null,
        "oui": "58:00:E3",
        "channel": 36,
        "encryption": "wpa2",
        "firsttime": "2022-07-16T19:00:00.000Z",
        "lasttime": "2026-06-05T12:00:00.000Z",
        "city": "Chicago",
        "region": "IL",
        "country": "US",
        "road": "South Wabash Avenue",
        "postalcode": "60605"
      }
    },
    {
      "type": "Feature",
      "geometry": {
        "type": "Point",
        "coordinates": [
          -119.79951477,
          39.48235321
        ]
      },
      "properties": {
        "netid": "58:00:E3:03:9F:D9",
        "ssid": "DIRECT-roku-653-7A67C4",
        "oui": "58:00:E3",
        "channel": 44,
        "encryption": "wpa2",
        "firsttime": "2026-05-30T23:00:00.000Z",
        "lasttime": "2026-07-29T18:00:00.000Z",
        "city": "Reno",
        "region": "NV",
        "country": "US",
        "road": "Redfield Parkway",
        "postalcode": "89502"
      }
    },
    {
      "type": "Feature",
      "geometry": {
        "type": "Point",
        "coordinates": [
          -118.27709198,
          33.98334122
        ]
      },
      "properties": {
        "netid": "58:00:E3:03:A0:0B",
        "ssid": null,
        "oui": "58:00:E3",
        "channel": 1,
        "encryption": "wpa2",
        "firsttime": "2024-11-30T18:00:00.000Z",
        "lasttime": "2024-11-30T17:00:00.000Z",
        "city": "Los Angeles",
        "region": "CA",
        "country": "US",
        "road": "West 62nd Street",
        "postalcode": "90003"
      }
    },
    {
      "type": "Feature",
      "geometry": {
        "type": "Point",
        "coordinates": [
          -118.45662689,
          33.97647095
        ]
      },
      "properties": {
        "netid": "58:00:E3:03:A0:65",
        "ssid": "DIRECT-roku-561-3A9B18",
        "oui": "58:00:E3",
        "channel": 153,
        "encryption": "wpa2",
        "firsttime": "2025-04-19T05:00:00.000Z",
        "lasttime": "2025-04-19T02:00:00.000Z",
        "city": "Inglewood",
        "region": "CA",
        "country": "US",
        "road": "Marquesas Way",
        "postalcode": "90292"
      }
    },
    {
      "type": "Feature",
      "geometry": {
        "type": "Point",
        "coordinates": [
          -84.51753998,
          39.10651398
        ]
      },
      "properties": {
        "netid": "58:00:E3:03:A0:C5",
        "ssid": null,
        "oui": "58:00:E3",
        "channel": 36,
        "encryption": "wpa2",
        "firsttime": "2021-06-13T16:00:00.000Z",
        "lasttime": "2025-10-08T15:00:00.000Z",
        "city": "Cincinnati",
        "region": "OH",
        "country": "US",
        "road": "West Central Parkway",
        "postalcode": "45202"
      }
    },
    {
      "type": "Feature",
      "geometry": {
        "type": "Point",
        "coordinates": [
          -76.65903473,
          39.20722198
        ]
      },
      "properties": {
        "netid": "58:00:E3:03:A1:66",
        "ssid": "DIRECT-roku-038-04726A",
        "oui": "58:00:E3",
        "channel": 6,
        "encryption": "wpa2",
        "firsttime": "2026-02-15T21:00:00.000Z",
        "lasttime": "2026-02-16T09:00:00.000Z",
        "city": null,
        "region": "MD",
        "country": "US",
        "road": "North Hammonds Ferry Road",
        "postalcode": "21090"
      }
    },
    {
      "type": "Feature",
      "geometry": {
        "type": "Point",
        "coordinates": [
          -83.98789978,
          42.91445923
        ]
      },
      "properties": {
        "netid": "58:00:E3:03:A1:F7",
        "ssid": "DIRECT-roku-714-C80EAE",
        "oui": "58:00:E3",
        "channel": 157,
        "encryption": "wpa2",
        "firsttime": "2025-05-14T17:00:00.000Z",
        "lasttime": "2026-06-30T13:00:00.000Z",
        "city": null,
        "region": "MI",
        "country": "US",
        "road": "North Oak Street",
        "postalcode": "48429"
      }
    },
    {
      "type": "Feature",
      "geometry": {
        "type": "Point",
        "coordinates": [
          -120.54082489,
          37.33140564
        ]
      },
      "properties": {
        "netid": "58:00:E3:03:A2:38",
        "ssid": "DIRECT-roku-029-569BD7",
        "oui": "58:00:E3",
        "channel": 157,
        "encryption": "wpa2",
        "firsttime": "2026-08-09T02:00:00.000Z",
        "lasttime": "2026-08-08T20:00:00.000Z",
        "city": null,
        "region": "CA",
        "country": "US",
        "road": "Franklin Road",
        "postalcode": "95348"
      }
    },
    {
      "type": "Feature",
      "geometry": {
        "type": "Point",
        "coordinates": [
          -77.41606903,
          38.92621231
        ]
      },
      "properties": {
        "netid": "58:00:E3:03:A2:B6",
        "ssid": null,
        "oui": "58:00:E3",
        "channel": 36,
        "encryption": "wpa2",
        "firsttime": "2024-12-05T22:00:00.000Z",
        "lasttime": "2024-12-05T14:00:00.000Z",
        "city": null,
        "region": "VA",
        "country": "US",
        "road": "Centreville Road",
        "postalcode": "20171"
      }
    },
    {
      "type": "Feature",
      "geometry": {
        "type": "Point",
        "coordinates": [
          -85.68280029,
          38.16862488
        ]
      },
      "properties": {
        "netid": "58:00:E3:03:A2:B8",
        "ssid": "\u0000\u0000\u0000\u0000\u0000\u0000\u0000\u0000\u0000\u0000\u0000\u0000\u0000\u0000\u0000\u0000\u0000\u0000\u0000\u0000\u0000\u0000",
        "oui": "58:00:E3",
        "channel": 11,
        "encryption": "wpa2",
        "firsttime": "2001-12-31T19:00:00.000Z",
        "lasttime": "2026-05-17T08:00:00.000Z",
        "city": "Louisville",
        "region": "KY",
        "country": "US",
        "road": "Poplar Level Road",
        "postalcode": "40219"
      }
    },
    {
      "type": "Feature",
      "geometry": {
        "type": "Point",
        "coordinates": [
          -74.39614868,
          40.5567894
        ]
      },
      "properties": {
        "netid": "58:00:E3:03:A2:DD",
        "ssid": "DIRECT-roku-406-5630AD",
        "oui": "58:00:E3",
        "channel": 149,
        "encryption": "wpa2",
        "firsttime": "2021-07-13T21:00:00.000Z",
        "lasttime": "2025-05-21T07:00:00.000Z",
        "city": null,
        "region": "NJ",
        "country": "US",
        "road": "Talmadge Road",
        "postalcode": "08854-5309"
      }
    },
    {
      "type": "Feature",
      "geometry": {
        "type": "Point",
        "coordinates": [
          -115.21848297,
          36.16479492
        ]
      },
      "properties": {
        "netid": "58:00:E3:03:A3:2F",
        "ssid": "DIRECT-roku-226-9F33D8",
        "oui": "58:00:E3",
        "channel": 6,
        "encryption": "wpa2",
        "firsttime": "2024-04-12T13:00:00.000Z",
        "lasttime": "2026-05-14T15:00:00.000Z",
        "city": "Las Vegas",
        "region": "NV",
        "country": "US",
        "road": "Heron Avenue",
        "postalcode": "89107-2623"
      }
    },
    {
      "type": "Feature",
      "geometry": {
        "type": "Point",
        "coordinates": [
          -100.52169037,
          49.48456955
        ]
      },
      "properties": {
        "netid": "58:00:E3:03:A3:7C",
        "ssid": null,
        "oui": "58:00:E3",
        "channel": 6,
        "encryption": "wpa2",
        "firsttime": "2021-10-19T14:00:00.000Z",
        "lasttime": "2025-10-30T23:00:00.000Z",
        "city": null,
        "region": "Manitoba",
        "country": "CA",
        "road": "Souris Street",
        "postalcode": "R0M 0X0"
      }
    },
    {
      "type": "Feature",
      "geometry": {
        "type": "Point",
        "coordinates": [
          -92.29331207,
          38.55924988
        ]
      },
      "properties": {
        "netid": "58:00:E3:03:A3:D0",
        "ssid": "DIRECT-roku-849-B13BFA",
        "oui": "58:00:E3",
        "channel": 153,
        "encryption": "wpa2",
        "firsttime": "2025-08-29T23:00:00.000Z",
        "lasttime": "2025-08-29T20:00:00.000Z",
        "city": null,
        "region": "MO",
        "country": "US",
        "road": null,
        "postalcode": "65109"
      }
    },
    {
      "type": "Feature",
      "geometry": {
        "type": "Point",
        "coordinates": [
          -73.75293732,
          40.59424973
        ]
      },
      "properties": {
        "netid": "58:00:E3:03:A4:6D",
        "ssid": null,
        "oui": "58:00:E3",
        "channel": 6,
        "encryption": "wpa2",
        "firsttime": "2024-11-01T23:00:00.000Z",
        "lasttime": "2024-11-08T22:00:00.000Z",
        "city": "City of New York",
        "region": "NY",
        "country": "US",
        "road": "Beach 19th Street",
        "postalcode": "11691"
      }
    },
    {
      "type": "Feature",
      "geometry": {
        "type": "Point",
        "coordinates": [
          -88.98241425,
          40.4831543
        ]
      },
      "properties": {
        "netid": "58:00:E3:03:A4:9C",
        "ssid": null,
        "oui": "58:00:E3",
        "channel": 36,
        "encryption": "wpa2",
        "firsttime": "2023-06-25T20:00:00.000Z",
        "lasttime": "2026-05-24T18:00:00.000Z",
        "city": "Bloomington",
        "region": "IL",
        "country": "US",
        "road": "East Douglas Street",
        "postalcode": "61701"
      }
    },
    {
      "type": "Feature",
      "geometry": {
        "type": "Point",
        "coordinates": [
          -93.2638855,
          45.10248566
        ]
      },
      "properties": {
        "netid": "58:00:E3:03:A4:A1",
        "ssid": null,
        "oui": "58:00:E3",
        "channel": 1,
        "encryption": "wpa2",
        "firsttime": "2024-08-25T16:00:00.000Z",
        "lasttime": "2024-11-28T14:00:00.000Z",
        "city": null,
        "region": "MN",
        "country": "US",
        "road": "University Avenue Northeast",
        "postalcode": "55432"
      }
    },
    {
      "type": "Feature",
      "geometry": {
        "type": "Point",
        "coordinates": [
          -86.11307526,
          40.42737961
        ]
      },
      "properties": {
        "netid": "58:00:E3:03:A4:C7",
        "ssid": null,
        "oui": "58:00:E3",
        "channel": 161,
        "encryption": "wpa2",
        "firsttime": "2025-07-02T23:00:00.000Z",
        "lasttime": "2025-07-03T16:00:00.000Z",
        "city": null,
        "region": "IN",
        "country": "US",
        "road": "Council Ring Boulevard",
        "postalcode": "46902"
      }
    },
    {
      "type": "Feature",
      "geometry": {
        "type": "Point",
        "coordinates": [
          -88.39730835,
          41.68258286
        ]
      },
      "properties": {
        "netid": "58:00:E3:03:A4:DD",
        "ssid": "DIRECT-roku-747-AC1BD2",
        "oui": "58:00:E3",
        "channel": 149,
        "encryption": "wpa2",
        "firsttime": "2025-11-24T06:00:00.000Z",
        "lasttime": "2025-11-24T00:00:00.000Z",
        "city": null,
        "region": "IL",
        "country": "US",
        "road": "Grande Trail",
        "postalcode": "60560"
      }
    },
    {
      "type": "Feature",
      "geometry": {
        "type": "Point",
        "coordinates": [
          -118.07273102,
          33.98624039
        ]
      },
      "properties": {
        "netid": "58:00:E3:03:A5:12",
        "ssid": "DIRECT-roku-134-EB8EE6",
        "oui": "58:00:E3",
        "channel": 1,
        "encryption": "wpa2",
        "firsttime": "2025-02-16T17:00:00.000Z",
        "lasttime": "2025-10-14T16:00:00.000Z",
        "city": "El Monte",
        "region": "CA",
        "country": "US",
        "road": "Bradhurst Street",
        "postalcode": "90606"
      }
    },
    {
      "type": "Feature",
      "geometry": {
        "type": "Point",
        "coordinates": [
          -81.42591095,
          28.37364388
        ]
      },
      "properties": {
        "netid": "58:00:E3:03:A5:35",
        "ssid": "DIRECT-roku-636-2F19DD",
        "oui": "58:00:E3",
        "channel": 44,
        "encryption": "wpa2",
        "firsttime": "2025-01-14T21:00:00.000Z",
        "lasttime": "2025-04-26T15:00:00.000Z",
        "city": null,
        "region": "FL",
        "country": "US",
        "road": "John Young Parkway",
        "postalcode": "32837"
      }
    },
    {
      "type": "Feature",
      "geometry": {
        "type": "Point",
        "coordinates": [
          -83.12722015,
          42.94596863
        ]
      },
      "properties": {
        "netid": "58:00:E3:03:A5:39",
        "ssid": "DIRECT-roku-408-85D228",
        "oui": "58:00:E3",
        "channel": 44,
        "encryption": "wpa2",
        "firsttime": "2024-12-14T03:00:00.000Z",
        "lasttime": "2025-03-04T08:00:00.000Z",
        "city": null,
        "region": "MI",
        "country": "US",
        "road": "East Main Street",
        "postalcode": "48428"
      }
    },
    {
      "type": "Feature",
      "geometry": {
        "type": "Point",
        "coordinates": [
          -83.74850464,
          42.28277969
        ]
      },
      "properties": {
        "netid": "58:00:E3:03:A5:5B",
        "ssid": "DIRECT-roku-223-D2A41D",
        "oui": "58:00:E3",
        "channel": 11,
        "encryption": "wpa2",
        "firsttime": "2021-08-25T07:00:00.000Z",
        "lasttime": "2026-08-01T18:00:00.000Z",
        "city": "Ann Arbor",
        "region": "MI",
        "country": "US",
        "road": "North Main Street",
        "postalcode": "48104"
      }
    },
    {
      "type": "Feature",
      "geometry": {
        "type": "Point",
        "coordinates": [
          -83.74851227,
          42.28279495
        ]
      },
      "properties": {
        "netid": "58:00:E3:03:A5:5E",
        "ssid": "DIRECT-roku-645-978514",
        "oui": "58:00:E3",
        "channel": 36,
        "encryption": "wpa2",
        "firsttime": "2024-12-28T23:00:00.000Z",
        "lasttime": "2025-08-21T12:00:00.000Z",
        "city": "Ann Arbor",
        "region": "MI",
        "country": "US",
        "road": "North Main Street",
        "postalcode": "48104"
      }
    },
    {
      "type": "Feature",
      "geometry": {
        "type": "Point",
        "coordinates": [
          -83.26574707,
          42.8254776
        ]
      },
      "properties": {
        "netid": "58:00:E3:03:A5:70",
        "ssid": "DIRECT-roku-582-714FCB",
        "oui": "58:00:E3",
        "channel": 48,
        "encryption": "wpa2",
        "firsttime": "2026-03-01T23:00:00.000Z",
        "lasttime": "2026-03-01T20:00:00.000Z",
        "city": null,
        "region": "MI",
        "country": "US",
        "road": "North Washington Street",
        "postalcode": "48371"
      }
    },
    {
      "type": "Feature",
      "geometry": {
        "type": "Point",
        "coordinates": [
          -83.2653656,
          42.82509613
        ]
      },
      "properties": {
        "netid": "58:00:E3:03:A5:74",
        "ssid": "DIRECT-roku-763-5074EC",
        "oui": "58:00:E3",
        "channel": 48,
        "encryption": "wpa2",
        "firsttime": "2018-04-27T05:00:00.000Z",
        "lasttime": "2026-03-01T20:00:00.000Z",
        "city": null,
        "region": "MI",
        "country": "US",
        "road": "North Washington Street",
        "postalcode": "48371"
      }
    },
    {
      "type": "Feature",
      "geometry": {
        "type": "Point",
        "coordinates": [
          -121.95362854,
          37.95374298
        ]
      },
      "properties": {
        "netid": "58:00:E3:03:A5:8C",
        "ssid": "DIRECT-roku-774-35085D",
        "oui": "58:00:E3",
        "channel": 36,
        "encryption": "wpa2",
        "firsttime": "2022-03-21T15:00:00.000Z",
        "lasttime": "2025-11-17T21:00:00.000Z",
        "city": null,
        "region": "CA",
        "country": "US",
        "road": "Clayton Road",
        "postalcode": "94517"
      }
    },
    {
      "type": "Feature",
      "geometry": {
        "type": "Point",
        "coordinates": [
          -121.95352173,
          37.95369339
        ]
      },
      "properties": {
        "netid": "58:00:E3:03:A5:8D",
        "ssid": "DIRECT-roku-240-56E1F2",
        "oui": "58:00:E3",
        "channel": 36,
        "encryption": "wpa2",
        "firsttime": "2022-03-21T15:00:00.000Z",
        "lasttime": "2025-11-17T21:00:00.000Z",
        "city": null,
        "region": "CA",
        "country": "US",
        "road": "Clayton Road",
        "postalcode": "94517"
      }
    },
    {
      "type": "Feature",
      "geometry": {
        "type": "Point",
        "coordinates": [
          -122.03430176,
          38.26519394
        ]
      },
      "properties": {
        "netid": "58:00:E3:03:A5:8E",
        "ssid": "DIRECT-roku-205-81CB25",
        "oui": "58:00:E3",
        "channel": 36,
        "encryption": "wpa2",
        "firsttime": "2021-04-03T17:00:00.000Z",
        "lasttime": "2026-03-23T11:00:00.000Z",
        "city": "Fairfield",
        "region": "CA",
        "country": "US",
        "road": "North Texas Street",
        "postalcode": "94533"
      }
    },
    {
      "type": "Feature",
      "geometry": {
        "type": "Point",
        "coordinates": [
          -82.1947403,
          28.98927498
        ]
      },
      "properties": {
        "netid": "58:00:E3:03:A5:B3",
        "ssid": null,
        "oui": "58:00:E3",
        "channel": 6,
        "encryption": "wpa2",
        "firsttime": "2024-07-19T12:00:00.000Z",
        "lasttime": "2026-07-18T12:00:00.000Z",
        "city": null,
        "region": "FL",
        "country": "US",
        "road": "Southwest 44th Circle",
        "postalcode": "34473"
      }
    },
    {
      "type": "Feature",
      "geometry": {
        "type": "Point",
        "coordinates": [
          -118.30917358,
          34.07047272
        ]
      },
      "properties": {
        "netid": "58:00:E3:03:A5:E7",
        "ssid": "DIRECT-roku-029-0CED81",
        "oui": "58:00:E3",
        "channel": 44,
        "encryption": "wpa2",
        "firsttime": "2024-01-08T01:00:00.000Z",
        "lasttime": "2025-04-30T21:00:00.000Z",
        "city": "Los Angeles",
        "region": "CA",
        "country": "US",
        "road": "South Western Avenue",
        "postalcode": "90004"
      }
    },
    {
      "type": "Feature",
      "geometry": {
        "type": "Point",
        "coordinates": [
          -78.31188965,
          33.91024399
        ]
      },
      "properties": {
        "netid": "58:00:E3:03:A6:6C",
        "ssid": null,
        "oui": "58:00:E3",
        "channel": 44,
        "encryption": "wpa2",
        "firsttime": "2026-05-28T12:00:00.000Z",
        "lasttime": "2026-05-28T05:00:00.000Z",
        "city": null,
        "region": "NC",
        "country": "US",
        "road": "Ocean Boulevard West",
        "postalcode": "28462"
      }
    },
    {
      "type": "Feature",
      "geometry": {
        "type": "Point",
        "coordinates": [
          -115.18356323,
          36.12725449
        ]
      },
      "properties": {
        "netid": "58:00:E3:03:A6:7E",
        "ssid": null,
        "oui": "58:00:E3",
        "channel": 157,
        "encryption": "wpa2",
        "firsttime": "2020-01-17T09:00:00.000Z",
        "lasttime": "2026-05-30T13:00:00.000Z",
        "city": null,
        "region": "NV",
        "country": "US",
        "road": "Pollux Avenue",
        "postalcode": "89109-1907"
      }
    },
    {
      "type": "Feature",
      "geometry": {
        "type": "Point",
        "coordinates": [
          -91.00946045,
          30.39015961
        ]
      },
      "properties": {
        "netid": "58:00:E3:03:A6:88",
        "ssid": "DIRECT-roku-960-46EB9E",
        "oui": "58:00:E3",
        "channel": 5,
        "encryption": "wpa2",
        "firsttime": "2022-12-02T15:00:00.000Z",
        "lasttime": "2026-08-09T17:00:00.000Z",
        "city": null,
        "region": "LA",
        "country": "US",
        "road": null,
        "postalcode": "70817"
      }
    },
    {
      "type": "Feature",
      "geometry": {
        "type": "Point",
        "coordinates": [
          -80.21255493,
          26.19181824
        ]
      },
      "properties": {
        "netid": "58:00:E3:03:A6:A0",
        "ssid": null,
        "oui": "58:00:E3",
        "channel": 4,
        "encryption": "wpa2",
        "firsttime": "2024-02-07T01:00:00.000Z",
        "lasttime": "2026-07-09T05:00:00.000Z",
        "city": null,
        "region": "FL",
        "country": "US",
        "road": "Northwest 55th Place",
        "postalcode": "33319"
      }
    },
    {
      "type": "Feature",
      "geometry": {
        "type": "Point",
        "coordinates": [
          -86.34192657,
          40.41742706
        ]
      },
      "properties": {
        "netid": "58:00:E3:03:A7:06",
        "ssid": null,
        "oui": "58:00:E3",
        "channel": 11,
        "encryption": "wpa2",
        "firsttime": "2025-06-22T19:00:00.000Z",
        "lasttime": "2025-07-04T11:00:00.000Z",
        "city": null,
        "region": "IN",
        "country": "US",
        "road": "State Road 26",
        "postalcode": "46979"
      }
    },
    {
      "type": "Feature",
      "geometry": {
        "type": "Point",
        "coordinates": [
          -80.60706329,
          28.27787209
        ]
      },
      "properties": {
        "netid": "58:00:E3:03:A7:17",
        "ssid": null,
        "oui": "58:00:E3",
        "channel": 8,
        "encryption": "wpa2",
        "firsttime": "2023-07-22T14:00:00.000Z",
        "lasttime": "2025-11-14T12:00:00.000Z",
        "city": null,
        "region": "FL",
        "country": "US",
        "road": "South 30th Street",
        "postalcode": "32931"
      }
    },
    {
      "type": "Feature",
      "geometry": {
        "type": "Point",
        "coordinates": [
          -92.36273956,
          38.92895508
        ]
      },
      "properties": {
        "netid": "58:00:E3:03:A7:1D",
        "ssid": "DIRECT-roku-232-03BF4F",
        "oui": "58:00:E3",
        "channel": 36,
        "encryption": "wpa2",
        "firsttime": "2020-02-28T19:00:00.000Z",
        "lasttime": "2026-08-09T17:00:00.000Z",
        "city": "Columbia",
        "region": "MO",
        "country": "US",
        "road": "South Colonial Drive",
        "postalcode": "65203"
      }
    },
    {
      "type": "Feature",
      "geometry": {
        "type": "Point",
        "coordinates": [
          -118.09249878,
          33.90129852
        ]
      },
      "properties": {
        "netid": "58:00:E3:03:A7:E6",
        "ssid": "DIRECT-roku-999-8485AE",
        "oui": "58:00:E3",
        "channel": 44,
        "encryption": "wpa2",
        "firsttime": "2025-01-06T19:00:00.000Z",
        "lasttime": "2025-01-07T17:00:00.000Z",
        "city": "Norwalk",
        "region": "CA",
        "country": "US",
        "road": "Liggett Street",
        "postalcode": "90650"
      }
    },
    {
      "type": "Feature",
      "geometry": {
        "type": "Point",
        "coordinates": [
          -121.53964233,
          38.57710266
        ]
      },
      "properties": {
        "netid": "58:00:E3:03:A8:24",
        "ssid": null,
        "oui": "58:00:E3",
        "channel": 44,
        "encryption": "wpa2",
        "firsttime": "2025-05-29T00:00:00.000Z",
        "lasttime": "2025-05-29T07:00:00.000Z",
        "city": null,
        "region": "CA",
        "country": "US",
        "road": "Evergreen Avenue",
        "postalcode": "95691"
      }
    },
    {
      "type": "Feature",
      "geometry": {
        "type": "Point",
        "coordinates": [
          -110.89198303,
          32.32683182
        ]
      },
      "properties": {
        "netid": "58:00:E3:03:A8:43",
        "ssid": null,
        "oui": "58:00:E3",
        "channel": 36,
        "encryption": "wpa2",
        "firsttime": "2026-04-21T01:00:00.000Z",
        "lasttime": "2026-04-23T02:00:00.000Z",
        "city": null,
        "region": "AZ",
        "country": "US",
        "road": "North Mamaronick Drive",
        "postalcode": "85718-4525"
      }
    },
    {
      "type": "Feature",
      "geometry": {
        "type": "Point",
        "coordinates": [
          -66.07474518,
          18.42329407
        ]
      },
      "properties": {
        "netid": "58:00:E3:03:A8:62",
        "ssid": "DIRECT-roku-329-9C7431",
        "oui": "58:00:E3",
        "channel": 36,
        "encryption": "wpa2",
        "firsttime": "2017-02-23T18:00:00.000Z",
        "lasttime": "2026-05-25T09:00:00.000Z",
        "city": "San Juan",
        "region": "PR",
        "country": "US",
        "road": "Avenida Franklin Delano Roosevelt",
        "postalcode": "00918"
      }
    },
    {
      "type": "Feature",
      "geometry": {
        "type": "Point",
        "coordinates": [
          -90.46294403,
          30.48225403
        ]
      },
      "properties": {
        "netid": "58:00:E3:03:A8:A7",
        "ssid": "DIRECT-roku-550-C4F7A9",
        "oui": "58:00:E3",
        "channel": 149,
        "encryption": "wpa2",
        "firsttime": "2019-02-04T17:00:00.000Z",
        "lasttime": "2025-06-30T08:00:00.000Z",
        "city": null,
        "region": "LA",
        "country": "US",
        "road": "Palace Drive",
        "postalcode": "70403-6131"
      }
    },
    {
      "type": "Feature",
      "geometry": {
        "type": "Point",
        "coordinates": [
          -73.88170624,
          40.74790573
        ]
      },
      "properties": {
        "netid": "58:00:E3:03:A8:C9",
        "ssid": "DIRECT-roku-690-8F8F27",
        "oui": "58:00:E3",
        "channel": 36,
        "encryption": "wpa2",
        "firsttime": "2017-06-06T17:00:00.000Z",
        "lasttime": "2025-07-17T16:00:00.000Z",
        "city": "City of New York",
        "region": "NY",
        "country": "US",
        "road": "Roosevelt Avenue",
        "postalcode": "11372"
      }
    },
    {
      "type": "Feature",
      "geometry": {
        "type": "Point",
        "coordinates": [
          -93.58111572,
          41.75707245
        ]
      },
      "properties": {
        "netid": "58:00:E3:03:A8:DF",
        "ssid": null,
        "oui": "58:00:E3",
        "channel": 36,
        "encryption": "unknown",
        "firsttime": "2026-07-29T08:00:00.000Z",
        "lasttime": "2026-07-29T20:00:00.000Z",
        "city": "Ankeny",
        "region": "IA",
        "country": "US",
        "road": "Northeast Delaware Avenue",
        "postalcode": "50021"
      }
    },
    {
      "type": "Feature",
      "geometry": {
        "type": "Point",
        "coordinates": [
          -93.58106995,
          41.75767136
        ]
      },
      "properties": {
        "netid": "58:00:E3:03:A8:E1",
        "ssid": "DIRECT-roku-639-489BAA",
        "oui": "58:00:E3",
        "channel": 36,
        "encryption": "wep",
        "firsttime": "2022-11-23T13:00:00.000Z",
        "lasttime": "2026-07-29T20:00:00.000Z",
        "city": "Ankeny",
        "region": "IA",
        "country": "US",
        "road": "Northeast Delaware Avenue",
        "postalcode": "50021"
      }
    },
    {
      "type": "Feature",
      "geometry": {
        "type": "Point",
        "coordinates": [
          -111.6868515,
          33.31275558
        ]
      },
      "properties": {
        "netid": "58:00:E3:03:A8:EC",
        "ssid": "DIRECT-roku-807-1A57FD",
        "oui": "58:00:E3",
        "channel": 36,
        "encryption": "wpa2",
        "firsttime": "2017-05-06T13:00:00.000Z",
        "lasttime": "2024-08-30T19:00:00.000Z",
        "city": null,
        "region": "AZ",
        "country": "US",
        "road": "South Power Road",
        "postalcode": "85236-4500"
      }
    },
    {
      "type": "Feature",
      "geometry": {
        "type": "Point",
        "coordinates": [
          -72.96809387,
          41.27830887
        ]
      },
      "properties": {
        "netid": "58:00:E3:03:A9:06",
        "ssid": null,
        "oui": "58:00:E3",
        "channel": 157,
        "encryption": "wpa2",
        "firsttime": "2025-01-03T19:00:00.000Z",
        "lasttime": "2025-01-03T11:00:00.000Z",
        "city": null,
        "region": "CT",
        "country": "US",
        "road": "West Spring Street",
        "postalcode": "06516"
      }
    },
    {
      "type": "Feature",
      "geometry": {
        "type": "Point",
        "coordinates": [
          -66.0748291,
          18.42336464
        ]
      },
      "properties": {
        "netid": "58:00:E3:03:A9:43",
        "ssid": "DIRECT-roku-916-D31DB7",
        "oui": "58:00:E3",
        "channel": 36,
        "encryption": "wpa2",
        "firsttime": "2017-02-23T18:00:00.000Z",
        "lasttime": "2026-05-25T09:00:00.000Z",
        "city": "San Juan",
        "region": "PR",
        "country": "US",
        "road": "Avenida Franklin Delano Roosevelt",
        "postalcode": "00918"
      }
    },
    {
      "type": "Feature",
      "geometry": {
        "type": "Point",
        "coordinates": [
          -97.62516022,
          35.59696579
        ]
      },
      "properties": {
        "netid": "58:00:E3:03:A9:65",
        "ssid": "DIRECT-roku-536-52F2E9",
        "oui": "58:00:E3",
        "channel": 9,
        "encryption": "wpa2",
        "firsttime": "2024-05-08T11:00:00.000Z",
        "lasttime": "2024-09-09T10:00:00.000Z",
        "city": "Oklahoma City",
        "region": "OK",
        "country": "US",
        "road": "Bannockburn Place",
        "postalcode": "73142"
      }
    },
    {
      "type": "Feature",
      "geometry": {
        "type": "Point",
        "coordinates": [
          -120.64084625,
          35.13998032
        ]
      },
      "properties": {
        "netid": "58:00:E3:03:A9:69",
        "ssid": null,
        "oui": "58:00:E3",
        "channel": 1,
        "encryption": "wpa2",
        "firsttime": "2026-05-23T04:00:00.000Z",
        "lasttime": "2026-05-24T13:00:00.000Z",
        "city": null,
        "region": "CA",
        "country": "US",
        "road": "Dolliver Street",
        "postalcode": "93449"
      }
    },
    {
      "type": "Feature",
      "geometry": {
        "type": "Point",
        "coordinates": [
          -96.72794342,
          43.53306198
        ]
      },
      "properties": {
        "netid": "58:00:E3:03:A9:79",
        "ssid": null,
        "oui": "58:00:E3",
        "channel": 48,
        "encryption": "wpa2",
        "firsttime": "2022-11-23T14:00:00.000Z",
        "lasttime": "2025-03-22T18:00:00.000Z",
        "city": "Sioux Falls",
        "region": "SD",
        "country": "US",
        "road": "West 22nd Street",
        "postalcode": "57105"
      }
    },
    {
      "type": "Feature",
      "geometry": {
        "type": "Point",
        "coordinates": [
          -122.07485199,
          37.38116837
        ]
      },
      "properties": {
        "netid": "58:00:E3:03:AA:40",
        "ssid": null,
        "oui": "58:00:E3",
        "channel": 11,
        "encryption": "wpa2",
        "firsttime": "2023-08-17T15:00:00.000Z",
        "lasttime": "2024-09-29T08:00:00.000Z",
        "city": "Mountain View",
        "region": "CA",
        "country": "US",
        "road": "West El Camino Real",
        "postalcode": "94040"
      }
    },
    {
      "type": "Feature",
      "geometry": {
        "type": "Point",
        "coordinates": [
          -80.83568573,
          35.59166718
        ]
      },
      "properties": {
        "netid": "58:00:E3:03:AA:51",
        "ssid": "DIRECT-roku-708-11A209",
        "oui": "58:00:E3",
        "channel": 7,
        "encryption": "wpa2",
        "firsttime": "2025-02-07T19:00:00.000Z",
        "lasttime": "2025-02-07T12:00:00.000Z",
        "city": null,
        "region": "NC",
        "country": "US",
        "road": "Bandit Lane",
        "postalcode": "28117"
      }
    },
    {
      "type": "Feature",
      "geometry": {
        "type": "Point",
        "coordinates": [
          -105.10220337,
          40.16183853
        ]
      },
      "properties": {
        "netid": "58:00:E3:03:AA:53",
        "ssid": null,
        "oui": "58:00:E3",
        "channel": 11,
        "encryption": "wpa2",
        "firsttime": "2026-02-07T21:00:00.000Z",
        "lasttime": "2026-03-02T11:00:00.000Z",
        "city": null,
        "region": "CO",
        "country": "US",
        "road": "2nd Avenue",
        "postalcode": "80501-4919"
      }
    },
    {
      "type": "Feature",
      "geometry": {
        "type": "Point",
        "coordinates": [
          -82.04303741,
          33.52051544
        ]
      },
      "properties": {
        "netid": "58:00:E3:03:AA:69",
        "ssid": null,
        "oui": "58:00:E3",
        "channel": 44,
        "encryption": "wpa2",
        "firsttime": "2026-01-31T16:00:00.000Z",
        "lasttime": "2026-01-31T14:00:00.000Z",
        "city": "Augusta",
        "region": "GA",
        "country": "US",
        "road": "Ridgecrest Drive",
        "postalcode": "30907"
      }
    },
    {
      "type": "Feature",
      "geometry": {
        "type": "Point",
        "coordinates": [
          -76.84495544,
          38.97224808
        ]
      },
      "properties": {
        "netid": "58:00:E3:03:AA:6D",
        "ssid": "DIRECT-roku-867-9EE6A8",
        "oui": "58:00:E3",
        "channel": 40,
        "encryption": "wpa2",
        "firsttime": "2018-11-12T10:00:00.000Z",
        "lasttime": "2025-04-12T08:00:00.000Z",
        "city": null,
        "region": "MD",
        "country": "US",
        "road": "Seabrook Road",
        "postalcode": "20706"
      }
    },
    {
      "type": "Feature",
      "geometry": {
        "type": "Point",
        "coordinates": [
          -76.76904297,
          39.40844345
        ]
      },
      "properties": {
        "netid": "58:00:E3:03:AA:6E",
        "ssid": "\u0000\u0000\u0000\u0000\u0000\u0000\u0000\u0000\u0000\u0000\u0000\u0000\u0000\u0000\u0000\u0000\u0000\u0000\u0000\u0000\u0000\u0000",
        "oui": "58:00:E3",
        "channel": 44,
        "encryption": "wpa2",
        "firsttime": "2026-06-03T14:00:00.000Z",
        "lasttime": "2026-06-03T09:00:00.000Z",
        "city": null,
        "region": "MD",
        "country": "US",
        "road": "Reisterstown Road",
        "postalcode": "21117"
      }
    },
    {
      "type": "Feature",
      "geometry": {
        "type": "Point",
        "coordinates": [
          -122.48092651,
          37.75669479
        ]
      },
      "properties": {
        "netid": "58:00:E3:03:AA:AE",
        "ssid": "DIRECT-roku-134-00ECAE",
        "oui": "58:00:E3",
        "channel": 149,
        "encryption": "wpa2",
        "firsttime": "2023-12-30T23:00:00.000Z",
        "lasttime": "2025-04-17T12:00:00.000Z",
        "city": "San Francisco",
        "region": "CA",
        "country": "US",
        "road": "23rd Avenue",
        "postalcode": "94122-1515"
      }
    },
    {
      "type": "Feature",
      "geometry": {
        "type": "Point",
        "coordinates": [
          -77.10741425,
          38.85569763
        ]
      },
      "properties": {
        "netid": "58:00:E3:03:AB:24",
        "ssid": null,
        "oui": "58:00:E3",
        "channel": 36,
        "encryption": "wpa2",
        "firsttime": "2021-11-08T11:00:00.000Z",
        "lasttime": "2024-08-24T10:00:00.000Z",
        "city": "Arlington",
        "region": "VA",
        "country": "US",
        "road": "Washington & Old Dominion Trail",
        "postalcode": "22204-5360"
      }
    },
    {
      "type": "Feature",
      "geometry": {
        "type": "Point",
        "coordinates": [
          -85.68267822,
          38.16856766
        ]
      },
      "properties": {
        "netid": "58:00:E3:03:AB:35",
        "ssid": "DIRECT-roku-691-4FACA5",
        "oui": "58:00:E3",
        "channel": 36,
        "encryption": "wpa2",
        "firsttime": "2001-12-31T19:00:00.000Z",
        "lasttime": "2025-07-01T17:00:00.000Z",
        "city": "Louisville",
        "region": "KY",
        "country": "US",
        "road": "Poplar Level Road",
        "postalcode": "40219"
      }
    },
    {
      "type": "Feature",
      "geometry": {
        "type": "Point",
        "coordinates": [
          -121.28107452,
          37.95052338
        ]
      },
      "properties": {
        "netid": "58:00:E3:03:AB:BE",
        "ssid": "DIRECT-roku-867-33E687",
        "oui": "58:00:E3",
        "channel": 44,
        "encryption": "wpa2",
        "firsttime": "2018-04-29T11:00:00.000Z",
        "lasttime": "2025-06-26T09:00:00.000Z",
        "city": "Stockton",
        "region": "CA",
        "country": "US",
        "road": "South Stanislaus Street",
        "postalcode": "95202"
      }
    },
    {
      "type": "Feature",
      "geometry": {
        "type": "Point",
        "coordinates": [
          -83.39864349,
          42.51160431
        ]
      },
      "properties": {
        "netid": "58:00:E3:03:AB:CA",
        "ssid": "DIRECT-roku-238-4483BC",
        "oui": "58:00:E3",
        "channel": 9,
        "encryption": "wpa2",
        "firsttime": "2025-06-13T01:00:00.000Z",
        "lasttime": "2025-06-12T18:00:00.000Z",
        "city": null,
        "region": "MI",
        "country": "US",
        "road": "Drake Road",
        "postalcode": "48331"
      }
    },
    {
      "type": "Feature",
      "geometry": {
        "type": "Point",
        "coordinates": [
          -81.29012299,
          28.4697876
        ]
      },
      "properties": {
        "netid": "58:00:E3:03:AC:06",
        "ssid": null,
        "oui": "58:00:E3",
        "channel": 11,
        "encryption": "wep",
        "firsttime": "2026-05-20T02:00:00.000Z",
        "lasttime": "2026-07-14T04:00:00.000Z",
        "city": "Orlando",
        "region": "FL",
        "country": "US",
        "road": "South Goldenrod Road",
        "postalcode": "32822"
      }
    },
    {
      "type": "Feature",
      "geometry": {
        "type": "Point",
        "coordinates": [
          -71.19529724,
          41.72927094
        ]
      },
      "properties": {
        "netid": "58:00:E3:03:AC:17",
        "ssid": "DIRECT-roku-440-CAF591",
        "oui": "58:00:E3",
        "channel": 4,
        "encryption": "wpa2",
        "firsttime": "2020-06-02T19:00:00.000Z",
        "lasttime": "2026-07-02T13:00:00.000Z",
        "city": null,
        "region": "MA",
        "country": "US",
        "road": "Wilbur Avenue",
        "postalcode": "02725"
      }
    },
    {
      "type": "Feature",
      "geometry": {
        "type": "Point",
        "coordinates": [
          -82.33706665,
          40.21284866
        ]
      },
      "properties": {
        "netid": "58:00:E3:03:AC:22",
        "ssid": "DIRECT-roku-045-6CB211",
        "oui": "58:00:E3",
        "channel": 161,
        "encryption": "wpa2",
        "firsttime": "2024-10-24T23:00:00.000Z",
        "lasttime": "2025-04-16T15:00:00.000Z",
        "city": null,
        "region": "OH",
        "country": "US",
        "road": "Purity Road Northeast",
        "postalcode": "43071"
      }
    },
    {
      "type": "Feature",
      "geometry": {
        "type": "Point",
        "coordinates": [
          -96.68389893,
          33.01929474
        ]
      },
      "properties": {
        "netid": "58:00:E3:03:AC:39",
        "ssid": null,
        "oui": "58:00:E3",
        "channel": 48,
        "encryption": "wpa2",
        "firsttime": "2026-06-29T19:00:00.000Z",
        "lasttime": "2026-06-29T12:00:00.000Z",
        "city": "Plano",
        "region": "TX",
        "country": "US",
        "road": "East 15th Street",
        "postalcode": "75074"
      }
    },
    {
      "type": "Feature",
      "geometry": {
        "type": "Point",
        "coordinates": [
          -96.75880432,
          32.79900742
        ]
      },
      "properties": {
        "netid": "58:00:E3:03:AC:50",
        "ssid": "DIRECT-roku-012-6B2D81",
        "oui": "58:00:E3",
        "channel": 36,
        "encryption": "wpa2",
        "firsttime": "2024-09-10T21:00:00.000Z",
        "lasttime": "2024-09-10T14:00:00.000Z",
        "city": "Dallas",
        "region": "TX",
        "country": "US",
        "road": "Columbia Avenue",
        "postalcode": "75246-1191"
      }
    },
    {
      "type": "Feature",
      "geometry": {
        "type": "Point",
        "coordinates": [
          -88.99972534,
          42.24238205
        ]
      },
      "properties": {
        "netid": "58:00:E3:03:AC:72",
        "ssid": "DIRECT-roku-597-99F8EF",
        "oui": "58:00:E3",
        "channel": 6,
        "encryption": "wpa2",
        "firsttime": "2026-01-11T13:00:00.000Z",
        "lasttime": "2026-01-11T07:00:00.000Z",
        "city": "Rockford",
        "region": "IL",
        "country": "US",
        "road": "South Mulford Road",
        "postalcode": "61109"
      }
    },
    {
      "type": "Feature",
      "geometry": {
        "type": "Point",
        "coordinates": [
          -111.81938171,
          41.79635239
        ]
      },
      "properties": {
        "netid": "58:00:E3:03:AC:9D",
        "ssid": null,
        "oui": "58:00:E3",
        "channel": 1,
        "encryption": "wpa2",
        "firsttime": "2026-01-05T16:00:00.000Z",
        "lasttime": "2026-01-06T00:00:00.000Z",
        "city": null,
        "region": "UT",
        "country": "US",
        "road": "Main Street",
        "postalcode": "84318"
      }
    },
    {
      "type": "Feature",
      "geometry": {
        "type": "Point",
        "coordinates": [
          -97.89450073,
          38.0815239
        ]
      },
      "properties": {
        "netid": "58:00:E3:03:AC:FE",
        "ssid": null,
        "oui": "58:00:E3",
        "channel": 157,
        "encryption": "wpa2",
        "firsttime": "2025-03-04T15:00:00.000Z",
        "lasttime": "2025-03-04T12:00:00.000Z",
        "city": "Hutchinson",
        "region": "KS",
        "country": "US",
        "road": "North Waldron Street",
        "postalcode": "67502"
      }
    },
    {
      "type": "Feature",
      "geometry": {
        "type": "Point",
        "coordinates": [
          -83.00809479,
          40.0150032
        ]
      },
      "properties": {
        "netid": "58:00:E3:03:AD:01",
        "ssid": "DIRECT-roku-824-01951B",
        "oui": "58:00:E3",
        "channel": 44,
        "encryption": "wpa2",
        "firsttime": "2024-09-02T23:00:00.000Z",
        "lasttime": "2024-09-02T18:00:00.000Z",
        "city": "Columbus",
        "region": "OH",
        "country": "US",
        "road": "East Hudson Street",
        "postalcode": "43202"
      }
    },
    {
      "type": "Feature",
      "geometry": {
        "type": "Point",
        "coordinates": [
          -81.78213501,
          41.47389603
        ]
      },
      "properties": {
        "netid": "58:00:E3:03:AD:2D",
        "ssid": "DIRECT-roku-207-B515B0",
        "oui": "58:00:E3",
        "channel": 9,
        "encryption": "wpa2",
        "firsttime": "2026-05-31T21:00:00.000Z",
        "lasttime": "2026-06-12T11:00:00.000Z",
        "city": null,
        "region": "OH",
        "country": "US",
        "road": "Athens Avenue",
        "postalcode": "44107"
      }
    },
    {
      "type": "Feature",
      "geometry": {
        "type": "Point",
        "coordinates": [
          -97.52160645,
          35.47337341
        ]
      },
      "properties": {
        "netid": "58:00:E3:03:AD:39",
        "ssid": "DIRECT-roku-636-2AA7E1",
        "oui": "58:00:E3",
        "channel": 40,
        "encryption": "wpa2",
        "firsttime": "2022-06-01T00:00:00.000Z",
        "lasttime": "2024-09-09T10:00:00.000Z",
        "city": "Oklahoma City",
        "region": "OK",
        "country": "US",
        "road": "Northwest 5th Street",
        "postalcode": "73102"
      }
    },
    {
      "type": "Feature",
      "geometry": {
        "type": "Point",
        "coordinates": [
          -80.24578857,
          26.22006989
        ]
      },
      "properties": {
        "netid": "58:00:E3:03:AD:53",
        "ssid": null,
        "oui": "58:00:E3",
        "channel": 6,
        "encryption": "wpa2",
        "firsttime": "2024-07-13T22:00:00.000Z",
        "lasttime": "2026-02-24T23:00:00.000Z",
        "city": null,
        "region": "FL",
        "country": "US",
        "road": "Northwest 79th Street",
        "postalcode": "33321"
      }
    },
    {
      "type": "Feature",
      "geometry": {
        "type": "Point",
        "coordinates": [
          -80.1085968,
          26.23172188
        ]
      },
      "properties": {
        "netid": "58:00:E3:03:AD:78",
        "ssid": "DIRECT-roku-986-DBAEBD",
        "oui": "58:00:E3",
        "channel": 36,
        "encryption": "wpa2",
        "firsttime": "2017-06-28T01:00:00.000Z",
        "lasttime": "2026-05-25T17:00:00.000Z",
        "city": "Pompano Beach",
        "region": "FL",
        "country": "US",
        "road": "East Atlantic Boulevard",
        "postalcode": "33062"
      }
    },
    {
      "type": "Feature",
      "geometry": {
        "type": "Point",
        "coordinates": [
          -122.38817596,
          47.67086792
        ]
      },
      "properties": {
        "netid": "58:00:E3:03:AD:B8",
        "ssid": null,
        "oui": "58:00:E3",
        "channel": 149,
        "encryption": "wpa2",
        "firsttime": "2020-03-06T16:00:00.000Z",
        "lasttime": "2026-07-28T20:00:00.000Z",
        "city": "Seattle",
        "region": "WA",
        "country": "US",
        "road": "Northwest 58th Street",
        "postalcode": "98107"
      }
    },
    {
      "type": "Feature",
      "geometry": {
        "type": "Point",
        "coordinates": [
          -118.1531601,
          33.76369858
        ]
      },
      "properties": {
        "netid": "58:00:E3:03:AD:CB",
        "ssid": null,
        "oui": "58:00:E3",
        "channel": 6,
        "encryption": "wpa2",
        "firsttime": "2020-06-12T15:00:00.000Z",
        "lasttime": "2026-03-06T08:00:00.000Z",
        "city": "Long Beach",
        "region": "CA",
        "country": "US",
        "road": "East 2nd Street",
        "postalcode": "90803"
      }
    },
    {
      "type": "Feature",
      "geometry": {
        "type": "Point",
        "coordinates": [
          -89.64900208,
          39.81886673
        ]
      },
      "properties": {
        "netid": "58:00:E3:03:AD:E8",
        "ssid": null,
        "oui": "58:00:E3",
        "channel": 149,
        "encryption": "wpa2",
        "firsttime": "2001-12-31T18:00:00.000Z",
        "lasttime": "2025-10-28T16:00:00.000Z",
        "city": "Springfield",
        "region": "IL",
        "country": "US",
        "road": "East Eastman Avenue",
        "postalcode": "62702"
      }
    },
    {
      "type": "Feature",
      "geometry": {
        "type": "Point",
        "coordinates": [
          -119.7194519,
          39.57455063
        ]
      },
      "properties": {
        "netid": "58:00:E3:03:AD:F9",
        "ssid": "DIRECT-roku-686-3BA28B",
        "oui": "58:00:E3",
        "channel": 44,
        "encryption": "wpa2",
        "firsttime": "2023-09-23T20:00:00.000Z",
        "lasttime": "2026-06-20T23:00:00.000Z",
        "city": null,
        "region": "NV",
        "country": "US",
        "road": "Caledonian Drive",
        "postalcode": "89436"
      }
    },
    {
      "type": "Feature",
      "geometry": {
        "type": "Point",
        "coordinates": [
          -97.37239075,
          32.84333038
        ]
      },
      "properties": {
        "netid": "58:00:E3:03:AD:FD",
        "ssid": null,
        "oui": "58:00:E3",
        "channel": 48,
        "encryption": "wpa2",
        "firsttime": "2026-07-20T00:00:00.000Z",
        "lasttime": "2026-07-19T23:00:00.000Z",
        "city": "Fort Worth",
        "region": "TX",
        "country": "US",
        "road": "Fox Hunt Trail",
        "postalcode": "76179"
      }
    },
    {
      "type": "Feature",
      "geometry": {
        "type": "Point",
        "coordinates": [
          -118.41163635,
          33.98008728
        ]
      },
      "properties": {
        "netid": "58:00:E3:03:AE:CA",
        "ssid": null,
        "oui": "58:00:E3",
        "channel": 11,
        "encryption": "wpa2",
        "firsttime": "2025-11-03T01:00:00.000Z",
        "lasttime": "2025-11-02T17:00:00.000Z",
        "city": "Los Angeles",
        "region": "CA",
        "country": "US",
        "road": "West Jefferson Boulevard",
        "postalcode": "90096"
      }
    },
    {
      "type": "Feature",
      "geometry": {
        "type": "Point",
        "coordinates": [
          -85.99520874,
          39.9960022
        ]
      },
      "properties": {
        "netid": "58:00:E3:03:AF:7F",
        "ssid": null,
        "oui": "58:00:E3",
        "channel": 6,
        "encryption": "wpa2",
        "firsttime": "2024-09-17T02:00:00.000Z",
        "lasttime": "2025-07-16T19:00:00.000Z",
        "city": null,
        "region": "IN",
        "country": "US",
        "road": "Prarie Meadows Drive",
        "postalcode": "46060"
      }
    },
    {
      "type": "Feature",
      "geometry": {
        "type": "Point",
        "coordinates": [
          -96.71130371,
          43.51918793
        ]
      },
      "properties": {
        "netid": "58:00:E3:03:AF:B6",
        "ssid": null,
        "oui": "58:00:E3",
        "channel": 6,
        "encryption": "wpa2",
        "firsttime": "2022-08-06T15:00:00.000Z",
        "lasttime": "2025-09-26T12:00:00.000Z",
        "city": "Sioux Falls",
        "region": "SD",
        "country": "US",
        "road": "South Cliff Avenue",
        "postalcode": "57105"
      }
    },
    {
      "type": "Feature",
      "geometry": {
        "type": "Point",
        "coordinates": [
          -86.10816193,
          39.69409561
        ]
      },
      "properties": {
        "netid": "58:00:E3:03:B0:1A",
        "ssid": null,
        "oui": "58:00:E3",
        "channel": 6,
        "encryption": "wpa2",
        "firsttime": "2026-07-02T18:00:00.000Z",
        "lasttime": "2026-07-18T20:00:00.000Z",
        "city": "Indianapolis",
        "region": "IN",
        "country": "US",
        "road": "East Thompson Road",
        "postalcode": "46237"
      }
    },
    {
      "type": "Feature",
      "geometry": {
        "type": "Point",
        "coordinates": [
          -83.74845886,
          42.28276825
        ]
      },
      "properties": {
        "netid": "58:00:E3:03:B0:2D",
        "ssid": "DIRECT-roku-662-C8CAE1",
        "oui": "58:00:E3",
        "channel": 40,
        "encryption": "wpa2",
        "firsttime": "2017-06-03T16:00:00.000Z",
        "lasttime": "2026-01-11T16:00:00.000Z",
        "city": "Ann Arbor",
        "region": "MI",
        "country": "US",
        "road": "North Main Street",
        "postalcode": "48104"
      }
    },
    {
      "type": "Feature",
      "geometry": {
        "type": "Point",
        "coordinates": [
          -88.36037445,
          42.39455032
        ]
      },
      "properties": {
        "netid": "58:00:E3:03:B0:3B",
        "ssid": null,
        "oui": "58:00:E3",
        "channel": 1,
        "encryption": "wpa2",
        "firsttime": "2026-02-16T01:00:00.000Z",
        "lasttime": "2026-02-15T19:00:00.000Z",
        "city": null,
        "region": "IL",
        "country": "US",
        "road": "West Wonder Lake Road",
        "postalcode": "60097"
      }
    },
    {
      "type": "Feature",
      "geometry": {
        "type": "Point",
        "coordinates": [
          -82.80568695,
          39.87312317
        ]
      },
      "properties": {
        "netid": "58:00:E3:03:B0:64",
        "ssid": null,
        "oui": "58:00:E3",
        "channel": 1,
        "encryption": "wpa2",
        "firsttime": "2020-08-28T00:00:00.000Z",
        "lasttime": "2026-07-20T01:00:00.000Z",
        "city": "Columbus",
        "region": "OH",
        "country": "US",
        "road": "Winchester Cathedral Drive",
        "postalcode": "43110"
      }
    },
    {
      "type": "Feature",
      "geometry": {
        "type": "Point",
        "coordinates": [
          -96.97650146,
          32.8461647
        ]
      },
      "properties": {
        "netid": "58:00:E3:03:B0:91",
        "ssid": "DIRECT-roku-796-FADCDD",
        "oui": "58:00:E3",
        "channel": 11,
        "encryption": "wpa2",
        "firsttime": "2025-03-06T19:00:00.000Z",
        "lasttime": "2025-03-06T14:00:00.000Z",
        "city": "Irving",
        "region": "TX",
        "country": "US",
        "road": "North Story Road",
        "postalcode": "75062"
      }
    },
    {
      "type": "Feature",
      "geometry": {
        "type": "Point",
        "coordinates": [
          -84.47704315,
          38.06036377
        ]
      },
      "properties": {
        "netid": "58:00:E3:03:B0:9B",
        "ssid": "DIRECT-roku-694-B96A31",
        "oui": "58:00:E3",
        "channel": 44,
        "encryption": "wpa2",
        "firsttime": "2025-01-16T21:00:00.000Z",
        "lasttime": "2025-06-03T13:00:00.000Z",
        "city": "Lexington",
        "region": "KY",
        "country": "US",
        "road": "North Limestone",
        "postalcode": "40542"
      }
    },
    {
      "type": "Feature",
      "geometry": {
        "type": "Point",
        "coordinates": [
          -79.17623138,
          40.61910629
        ]
      },
      "properties": {
        "netid": "58:00:E3:03:B0:BC",
        "ssid": "DIRECT-roku-040-AFF537",
        "oui": "58:00:E3",
        "channel": 36,
        "encryption": "wpa2",
        "firsttime": "2024-08-01T18:00:00.000Z",
        "lasttime": "2025-07-04T11:00:00.000Z",
        "city": "White Township",
        "region": "PA",
        "country": "US",
        "road": "Acorn Street",
        "postalcode": "15701"
      }
    },
    {
      "type": "Feature",
      "geometry": {
        "type": "Point",
        "coordinates": [
          -85.76787567,
          38.29278183
        ]
      },
      "properties": {
        "netid": "58:00:E3:03:B0:E2",
        "ssid": null,
        "oui": "58:00:E3",
        "channel": 11,
        "encryption": "wpa2",
        "firsttime": "2026-06-02T19:00:00.000Z",
        "lasttime": "2026-06-02T14:00:00.000Z",
        "city": null,
        "region": "IN",
        "country": "US",
        "road": "Brown's Station Way",
        "postalcode": "47129"
      }
    },
    {
      "type": "Feature",
      "geometry": {
        "type": "Point",
        "coordinates": [
          -74.26290894,
          40.62659073
        ]
      },
      "properties": {
        "netid": "58:00:E3:03:B1:1D",
        "ssid": null,
        "oui": "58:00:E3",
        "channel": 149,
        "encryption": "wpa2",
        "firsttime": "2019-06-14T21:00:00.000Z",
        "lasttime": "2026-05-15T00:00:00.000Z",
        "city": "Linden",
        "region": "NJ",
        "country": "US",
        "road": "North Stiles Street",
        "postalcode": "07036"
      }
    },
    {
      "type": "Feature",
      "geometry": {
        "type": "Point",
        "coordinates": [
          -86.96477509,
          30.41833305
        ]
      },
      "properties": {
        "netid": "58:00:E3:03:B1:41",
        "ssid": "DIRECT-roku-078-0985E9",
        "oui": "58:00:E3",
        "channel": 48,
        "encryption": "wpa2",
        "firsttime": "2024-12-05T00:00:00.000Z",
        "lasttime": "2024-12-04T19:00:00.000Z",
        "city": null,
        "region": "FL",
        "country": "US",
        "road": "Redberry Drive",
        "postalcode": "32563"
      }
    },
    {
      "type": "Feature",
      "geometry": {
        "type": "Point",
        "coordinates": [
          -83.18442535,
          42.51105499
        ]
      },
      "properties": {
        "netid": "58:00:E3:03:B1:81",
        "ssid": null,
        "oui": "58:00:E3",
        "channel": 6,
        "encryption": "wpa2",
        "firsttime": "2024-08-18T00:00:00.000Z",
        "lasttime": "2024-08-17T17:00:00.000Z",
        "city": null,
        "region": "MI",
        "country": "US",
        "road": "Coolidge Highway",
        "postalcode": "48073"
      }
    },
    {
      "type": "Feature",
      "geometry": {
        "type": "Point",
        "coordinates": [
          -97.06137848,
          32.76854706
        ]
      },
      "properties": {
        "netid": "58:00:E3:03:B2:10",
        "ssid": "DIRECT-roku-298-B204D2",
        "oui": "58:00:E3",
        "channel": 36,
        "encryption": "wpa2",
        "firsttime": "2023-04-25T12:00:00.000Z",
        "lasttime": "2025-05-16T01:00:00.000Z",
        "city": "Grand Prairie",
        "region": "TX",
        "country": "US",
        "road": null,
        "postalcode": "76006"
      }
    },
    {
      "type": "Feature",
      "geometry": {
        "type": "Point",
        "coordinates": [
          -93.77056122,
          30.28517342
        ]
      },
      "properties": {
        "netid": "58:00:E3:03:B2:12",
        "ssid": null,
        "oui": "58:00:E3",
        "channel": 36,
        "encryption": "wpa2",
        "firsttime": "2026-03-20T19:00:00.000Z",
        "lasttime": "2026-03-20T16:00:00.000Z",
        "city": null,
        "region": "TX",
        "country": "US",
        "road": "TX 12",
        "postalcode": null
      }
    },
    {
      "type": "Feature",
      "geometry": {
        "type": "Point",
        "coordinates": [
          -84.47098541,
          42.87353134
        ]
      },
      "properties": {
        "netid": "58:00:E3:03:B2:43",
        "ssid": null,
        "oui": "58:00:E3",
        "channel": 11,
        "encryption": "wpa2",
        "firsttime": "2026-05-17T13:00:00.000Z",
        "lasttime": "2026-05-17T08:00:00.000Z",
        "city": null,
        "region": "MI",
        "country": "US",
        "road": "Round Lake Road",
        "postalcode": "48848"
      }
    },
    {
      "type": "Feature",
      "geometry": {
        "type": "Point",
        "coordinates": [
          -87.65384674,
          34.7399559
        ]
      },
      "properties": {
        "netid": "58:00:E3:03:B2:6F",
        "ssid": null,
        "oui": "58:00:E3",
        "channel": 1,
        "encryption": "wpa2",
        "firsttime": "2025-09-26T16:00:00.000Z",
        "lasttime": "2025-09-26T13:00:00.000Z",
        "city": null,
        "region": "AL",
        "country": "US",
        "road": "Dearborn Avenue",
        "postalcode": "35661"
      }
    },
    {
      "type": "Feature",
      "geometry": {
        "type": "Point",
        "coordinates": [
          -90.7747879,
          38.8139801
        ]
      },
      "properties": {
        "netid": "58:00:E3:03:B3:04",
        "ssid": null,
        "oui": "58:00:E3",
        "channel": 48,
        "encryption": "wpa2",
        "firsttime": "2019-03-15T16:00:00.000Z",
        "lasttime": "2025-04-28T10:00:00.000Z",
        "city": "O\u2019Fallon",
        "region": "MO",
        "country": "US",
        "road": "Keystone Ridge Drive",
        "postalcode": "63366"
      }
    },
    {
      "type": "Feature",
      "geometry": {
        "type": "Point",
        "coordinates": [
          -81.86399078,
          41.13676453
        ]
      },
      "properties": {
        "netid": "58:00:E3:03:B3:0E",
        "ssid": null,
        "oui": "58:00:E3",
        "channel": 36,
        "encryption": "wpa2",
        "firsttime": "2024-12-19T02:00:00.000Z",
        "lasttime": "2025-01-09T01:00:00.000Z",
        "city": null,
        "region": "OH",
        "country": "US",
        "road": "South Court Street",
        "postalcode": "44256"
      }
    },
    {
      "type": "Feature",
      "geometry": {
        "type": "Point",
        "coordinates": [
          -74.00598907,
          40.79947281
        ]
      },
      "properties": {
        "netid": "58:00:E3:03:B3:27",
        "ssid": null,
        "oui": "58:00:E3",
        "channel": 157,
        "encryption": "wpa2",
        "firsttime": "2020-04-18T18:00:00.000Z",
        "lasttime": "2024-11-24T12:00:00.000Z",
        "city": null,
        "region": "NJ",
        "country": "US",
        "road": "77th Street",
        "postalcode": "07047"
      }
    },
    {
      "type": "Feature",
      "geometry": {
        "type": "Point",
        "coordinates": [
          -76.53110504,
          40.02555466
        ]
      },
      "properties": {
        "netid": "58:00:E3:03:B3:70",
        "ssid": "DIRECT-roku-943-28FDE1",
        "oui": "58:00:E3",
        "channel": 153,
        "encryption": "wpa2",
        "firsttime": "2019-09-19T17:00:00.000Z",
        "lasttime": "2024-12-27T11:00:00.000Z",
        "city": null,
        "region": "PA",
        "country": "US",
        "road": "Hellam Street",
        "postalcode": "17368"
      }
    },
    {
      "type": "Feature",
      "geometry": {
        "type": "Point",
        "coordinates": [
          -82.28874969,
          27.78370476
        ]
      },
      "properties": {
        "netid": "58:00:E3:03:B3:AB",
        "ssid": "DIRECT-roku-536-67D9E3",
        "oui": "58:00:E3",
        "channel": 1,
        "encryption": "wpa2",
        "firsttime": "2024-08-11T15:00:00.000Z",
        "lasttime": "2024-09-02T14:00:00.000Z",
        "city": null,
        "region": "FL",
        "country": "US",
        "road": "Pradera Reserve Boulevard",
        "postalcode": "33579"
      }
    },
    {
      "type": "Feature",
      "geometry": {
        "type": "Point",
        "coordinates": [
          -77.74047089,
          40.49752808
        ]
      },
      "properties": {
        "netid": "58:00:E3:03:B3:C3",
        "ssid": null,
        "oui": "58:00:E3",
        "channel": 36,
        "encryption": "wpa2",
        "firsttime": "2017-05-29T10:00:00.000Z",
        "lasttime": "2024-11-16T15:00:00.000Z",
        "city": null,
        "region": "PA",
        "country": "US",
        "road": "US 22;US 522",
        "postalcode": "17054"
      }
    },
    {
      "type": "Feature",
      "geometry": {
        "type": "Point",
        "coordinates": [
          -73.84786224,
          40.8487587
        ]
      },
      "properties": {
        "netid": "58:00:E3:03:B3:DE",
        "ssid": null,
        "oui": "58:00:E3",
        "channel": 161,
        "encryption": "wpa2",
        "firsttime": "2024-10-30T00:00:00.000Z",
        "lasttime": "2024-10-30T00:00:00.000Z",
        "city": "City of New York",
        "region": "NY",
        "country": "US",
        "road": "Hering Avenue",
        "postalcode": "10461"
      }
    },
    {
      "type": "Feature",
      "geometry": {
        "type": "Point",
        "coordinates": [
          -84.36972046,
          39.29217911
        ]
      },
      "properties": {
        "netid": "58:00:E3:03:B4:2E",
        "ssid": null,
        "oui": "58:00:E3",
        "channel": 36,
        "encryption": "wpa2",
        "firsttime": "2025-09-27T19:00:00.000Z",
        "lasttime": "2025-09-27T13:00:00.000Z",
        "city": null,
        "region": "OH",
        "country": "US",
        "road": "Reed Hartman Highway",
        "postalcode": "45241-1211"
      }
    },
    {
      "type": "Feature",
      "geometry": {
        "type": "Point",
        "coordinates": [
          -79.90357971,
          36.17294693
        ]
      },
      "properties": {
        "netid": "58:00:E3:03:B4:3A",
        "ssid": null,
        "oui": "58:00:E3",
        "channel": 2,
        "encryption": "wpa2",
        "firsttime": "2025-12-24T22:00:00.000Z",
        "lasttime": "2026-02-05T13:00:00.000Z",
        "city": null,
        "region": "NC",
        "country": "US",
        "road": "Pleasant Ridge Road",
        "postalcode": "27358"
      }
    },
    {
      "type": "Feature",
      "geometry": {
        "type": "Point",
        "coordinates": [
          -92.17788696,
          38.49482727
        ]
      },
      "properties": {
        "netid": "58:00:E3:03:B4:58",
        "ssid": "DIRECT-roku-579-9A1ED9",
        "oui": "58:00:E3",
        "channel": 5,
        "encryption": "wpa2",
        "firsttime": "2025-09-19T01:00:00.000Z",
        "lasttime": "2025-09-18T20:00:00.000Z",
        "city": null,
        "region": "MO",
        "country": "US",
        "road": "State Highway B",
        "postalcode": null
      }
    },
    {
      "type": "Feature",
      "geometry": {
        "type": "Point",
        "coordinates": [
          -118.18969727,
          34.08251572
        ]
      },
      "properties": {
        "netid": "58:00:E3:03:B4:80",
        "ssid": null,
        "oui": "58:00:E3",
        "channel": 48,
        "encryption": "wpa2",
        "firsttime": "2025-03-01T19:00:00.000Z",
        "lasttime": "2025-03-01T18:00:00.000Z",
        "city": "Los Angeles",
        "region": "CA",
        "country": "US",
        "road": "Huntington Drive South",
        "postalcode": "90032-1940"
      }
    },
    {
      "type": "Feature",
      "geometry": {
        "type": "Point",
        "coordinates": [
          -79.96505737,
          40.42851257
        ]
      },
      "properties": {
        "netid": "58:00:E3:03:B4:A6",
        "ssid": null,
        "oui": "58:00:E3",
        "channel": 157,
        "encryption": "wpa2",
        "firsttime": "2025-02-22T23:00:00.000Z",
        "lasttime": "2025-02-22T17:00:00.000Z",
        "city": "Pittsburgh",
        "region": "PA",
        "country": "US",
        "road": "Tunnel Boulevard",
        "postalcode": "15203-2275"
      }
    },
    {
      "type": "Feature",
      "geometry": {
        "type": "Point",
        "coordinates": [
          -84.31106567,
          30.470047
        ]
      },
      "properties": {
        "netid": "58:00:E3:03:B4:E4",
        "ssid": "DIRECT-roku-951-235362",
        "oui": "58:00:E3",
        "channel": 11,
        "encryption": "wpa2",
        "firsttime": "2023-01-28T16:00:00.000Z",
        "lasttime": "2026-05-15T13:00:00.000Z",
        "city": "Tallahassee",
        "region": "FL",
        "country": "US",
        "road": "Croydon Drive",
        "postalcode": "32303"
      }
    },
    {
      "type": "Feature",
      "geometry": {
        "type": "Point",
        "coordinates": [
          -81.40622711,
          28.68032074
        ]
      },
      "properties": {
        "netid": "58:00:E3:03:B4:E8",
        "ssid": null,
        "oui": "58:00:E3",
        "channel": 6,
        "encryption": "wpa2",
        "firsttime": "2026-03-20T02:00:00.000Z",
        "lasttime": "2026-04-12T13:00:00.000Z",
        "city": null,
        "region": "FL",
        "country": "US",
        "road": "Bloomington Court",
        "postalcode": "32714"
      }
    },
    {
      "type": "Feature",
      "geometry": {
        "type": "Point",
        "coordinates": [
          -96.88375854,
          32.91083527
        ]
      },
      "properties": {
        "netid": "58:00:E3:03:B5:12",
        "ssid": "DIRECT-roku-705-DB6987",
        "oui": "58:00:E3",
        "channel": 40,
        "encryption": "wpa2",
        "firsttime": "2001-12-31T18:00:00.000Z",
        "lasttime": "2026-05-27T14:00:00.000Z",
        "city": null,
        "region": "TX",
        "country": "US",
        "road": "Lyndon B Johnson Freeway",
        "postalcode": "75234"
      }
    },
    {
      "type": "Feature",
      "geometry": {
        "type": "Point",
        "coordinates": [
          -86.50571442,
          42.07525253
        ]
      },
      "properties": {
        "netid": "58:00:E3:03:B5:65",
        "ssid": null,
        "oui": "58:00:E3",
        "channel": 149,
        "encryption": "wpa2",
        "firsttime": "2025-12-28T00:00:00.000Z",
        "lasttime": "2025-12-27T16:00:00.000Z",
        "city": null,
        "region": "MI",
        "country": "US",
        "road": "Lakeshore Drive",
        "postalcode": "49085"
      }
    },
    {
      "type": "Feature",
      "geometry": {
        "type": "Point",
        "coordinates": [
          -80.97529602,
          32.25428009
        ]
      },
      "properties": {
        "netid": "58:00:E3:03:B5:9D",
        "ssid": "DIRECT-roku-103-052D33",
        "oui": "58:00:E3",
        "channel": 5,
        "encryption": "wpa2",
        "firsttime": "2025-11-22T15:00:00.000Z",
        "lasttime": "2025-11-22T07:00:00.000Z",
        "city": null,
        "region": "SC",
        "country": "US",
        "road": "Hulston Landing Road",
        "postalcode": null
      }
    },
    {
      "type": "Feature",
      "geometry": {
        "type": "Point",
        "coordinates": [
          -122.14202881,
          47.83406448
        ]
      },
      "properties": {
        "netid": "58:00:E3:03:B6:20",
        "ssid": "DIRECT-roku-490-056873",
        "oui": "58:00:E3",
        "channel": 149,
        "encryption": "wpa2",
        "firsttime": "2025-12-17T01:00:00.000Z",
        "lasttime": "2025-12-16T18:00:00.000Z",
        "city": null,
        "region": "WA",
        "country": "US",
        "road": "180th Street Southeast",
        "postalcode": "98296-8009"
      }
    },
    {
      "type": "Feature",
      "geometry": {
        "type": "Point",
        "coordinates": [
          -80.11945343,
          26.17299271
        ]
      },
      "properties": {
        "netid": "58:00:E3:03:B6:29",
        "ssid": null,
        "oui": "58:00:E3",
        "channel": 11,
        "encryption": "wpa2",
        "firsttime": "2017-08-30T16:00:00.000Z",
        "lasttime": "2026-03-01T22:00:00.000Z",
        "city": "Fort Lauderdale",
        "region": "FL",
        "country": "US",
        "road": "North Federal Highway",
        "postalcode": "33308"
      }
    },
    {
      "type": "Feature",
      "geometry": {
        "type": "Point",
        "coordinates": [
          -122.68544769,
          45.53362274
        ]
      },
      "properties": {
        "netid": "58:00:E3:03:B6:A0",
        "ssid": null,
        "oui": "58:00:E3",
        "channel": 149,
        "encryption": "wpa2",
        "firsttime": "2025-03-23T05:00:00.000Z",
        "lasttime": "2026-02-09T18:00:00.000Z",
        "city": "Portland",
        "region": "OR",
        "country": "US",
        "road": "Northwest Quimby Street",
        "postalcode": "97209"
      }
    },
    {
      "type": "Feature",
      "geometry": {
        "type": "Point",
        "coordinates": [
          -121.94319916,
          37.34979248
        ]
      },
      "properties": {
        "netid": "58:00:E3:03:B7:7C",
        "ssid": "DIRECT-roku-162-711F2F",
        "oui": "58:00:E3",
        "channel": 36,
        "encryption": "wpa2",
        "firsttime": "2024-01-20T23:00:00.000Z",
        "lasttime": "2026-02-12T08:00:00.000Z",
        "city": "Santa Clara",
        "region": "CA",
        "country": "US",
        "road": "Lafayette Street",
        "postalcode": "95050-9998"
      }
    },
    {
      "type": "Feature",
      "geometry": {
        "type": "Point",
        "coordinates": [
          -84.2538147,
          33.95939255
        ]
      },
      "properties": {
        "netid": "58:00:E3:03:B8:12",
        "ssid": null,
        "oui": "58:00:E3",
        "channel": 8,
        "encryption": "wpa2",
        "firsttime": "2026-05-10T15:00:00.000Z",
        "lasttime": "2026-05-10T16:00:00.000Z",
        "city": null,
        "region": "GA",
        "country": "US",
        "road": "Meadow Rue Drive",
        "postalcode": "30092"
      }
    },
    {
      "type": "Feature",
      "geometry": {
        "type": "Point",
        "coordinates": [
          -80.09145355,
          26.23873138
        ]
      },
      "properties": {
        "netid": "58:00:E3:03:B8:13",
        "ssid": "DIRECT-roku-100-1EE7FE",
        "oui": "58:00:E3",
        "channel": 157,
        "encryption": "wpa2",
        "firsttime": "2024-09-21T00:00:00.000Z",
        "lasttime": "2026-05-25T17:00:00.000Z",
        "city": "Pompano Beach",
        "region": "FL",
        "country": "US",
        "road": "North Riverside Drive",
        "postalcode": "33062"
      }
    },
    {
      "type": "Feature",
      "geometry": {
        "type": "Point",
        "coordinates": [
          -76.27249908,
          43.06911087
        ]
      },
      "properties": {
        "netid": "58:00:E3:03:B8:81",
        "ssid": "DIRECT-roku-320-CBD6E0",
        "oui": "58:00:E3",
        "channel": 6,
        "encryption": "wpa2",
        "firsttime": "2026-03-16T15:00:00.000Z",
        "lasttime": "2026-03-16T11:00:00.000Z",
        "city": null,
        "region": "NY",
        "country": "US",
        "road": "Warners Road",
        "postalcode": "13031"
      }
    },
    {
      "type": "Feature",
      "geometry": {
        "type": "Point",
        "coordinates": [
          -75.21534729,
          40.87353134
        ]
      },
      "properties": {
        "netid": "58:00:E3:03:B8:82",
        "ssid": null,
        "oui": "58:00:E3",
        "channel": 40,
        "encryption": "wpa2",
        "firsttime": "2026-01-15T21:00:00.000Z",
        "lasttime": "2026-08-07T15:00:00.000Z",
        "city": null,
        "region": "PA",
        "country": "US",
        "road": "North 7th Street",
        "postalcode": "18013"
      }
    },
    {
      "type": "Feature",
      "geometry": {
        "type": "Point",
        "coordinates": [
          -92.73273468,
          44.96027374
        ]
      },
      "properties": {
        "netid": "58:00:E3:03:B8:92",
        "ssid": null,
        "oui": "58:00:E3",
        "channel": 1,
        "encryption": "wpa2",
        "firsttime": "2024-04-17T17:00:00.000Z",
        "lasttime": "2026-02-16T11:00:00.000Z",
        "city": null,
        "region": "WI",
        "country": "US",
        "road": "Webster Street",
        "postalcode": "54016"
      }
    },
    {
      "type": "Feature",
      "geometry": {
        "type": "Point",
        "coordinates": [
          -118.85132599,
          34.29557037
        ]
      },
      "properties": {
        "netid": "58:00:E3:03:B9:04",
        "ssid": "DIRECT-roku-978-E19518",
        "oui": "58:00:E3",
        "channel": 36,
        "encryption": "wpa2",
        "firsttime": "2026-03-08T18:00:00.000Z",
        "lasttime": "2026-03-08T12:00:00.000Z",
        "city": null,
        "region": "CA",
        "country": "US",
        "road": "Stanford Street",
        "postalcode": "93021"
      }
    },
    {
      "type": "Feature",
      "geometry": {
        "type": "Point",
        "coordinates": [
          -115.31938171,
          36.30661774
        ]
      },
      "properties": {
        "netid": "58:00:E3:03:B9:9C",
        "ssid": "DIRECT-roku-767-B3EB8E",
        "oui": "58:00:E3",
        "channel": 44,
        "encryption": "wpa2",
        "firsttime": "2025-10-24T20:00:00.000Z",
        "lasttime": "2025-10-24T15:00:00.000Z",
        "city": "Las Vegas",
        "region": "NV",
        "country": "US",
        "road": "Grand Teton Drive",
        "postalcode": "89166"
      }
    },
    {
      "type": "Feature",
      "geometry": {
        "type": "Point",
        "coordinates": [
          -76.93264771,
          40.34304428
        ]
      },
      "properties": {
        "netid": "58:00:E3:03:B9:B5",
        "ssid": null,
        "oui": "58:00:E3",
        "channel": 36,
        "encryption": "wpa2",
        "firsttime": "2024-09-23T00:00:00.000Z",
        "lasttime": "2024-09-22T19:00:00.000Z",
        "city": null,
        "region": "PA",
        "country": "US",
        "road": "Valley Street",
        "postalcode": "17093"
      }
    },
    {
      "type": "Feature",
      "geometry": {
        "type": "Point",
        "coordinates": [
          -93.05651093,
          44.88890076
        ]
      },
      "properties": {
        "netid": "58:00:E3:03:BA:30",
        "ssid": null,
        "oui": "58:00:E3",
        "channel": 1,
        "encryption": "wpa2",
        "firsttime": "2025-07-26T21:00:00.000Z",
        "lasttime": "2025-07-26T16:00:00.000Z",
        "city": null,
        "region": "MN",
        "country": "US",
        "road": "Southview Boulevard",
        "postalcode": "55075"
      }
    },
    {
      "type": "Feature",
      "geometry": {
        "type": "Point",
        "coordinates": [
          -85.64157104,
          42.27272415
        ]
      },
      "properties": {
        "netid": "58:00:E3:03:BA:34",
        "ssid": null,
        "oui": "58:00:E3",
        "channel": 36,
        "encryption": "wpa2",
        "firsttime": "2024-04-13T08:00:00.000Z",
        "lasttime": "2024-10-18T02:00:00.000Z",
        "city": "Kalamazoo",
        "region": "MI",
        "country": "US",
        "road": "Jody Lane",
        "postalcode": "49006"
      }
    },
    {
      "type": "Feature",
      "geometry": {
        "type": "Point",
        "coordinates": [
          -122.63570404,
          45.6665535
        ]
      },
      "properties": {
        "netid": "58:00:E3:03:BA:47",
        "ssid": null,
        "oui": "58:00:E3",
        "channel": 11,
        "encryption": "wpa2",
        "firsttime": "2026-03-20T14:00:00.000Z",
        "lasttime": "2026-05-06T06:00:00.000Z",
        "city": "Vancouver",
        "region": "WA",
        "country": "US",
        "road": "Northeast Minnehaha Street",
        "postalcode": "98661"
      }
    },
    {
      "type": "Feature",
      "geometry": {
        "type": "Point",
        "coordinates": [
          -83.37892151,
          42.51218414
        ]
      },
      "properties": {
        "netid": "58:00:E3:03:BB:1F",
        "ssid": "DIRECT-roku-136-AE5C5D",
        "oui": "58:00:E3",
        "channel": 11,
        "encryption": "wpa2",
        "firsttime": "2021-06-16T11:00:00.000Z",
        "lasttime": "2026-07-25T21:00:00.000Z",
        "city": null,
        "region": "MI",
        "country": "US",
        "road": "Farmington Road",
        "postalcode": "48334"
      }
    },
    {
      "type": "Feature",
      "geometry": {
        "type": "Point",
        "coordinates": [
          -71.79828644,
          42.57860184
        ]
      },
      "properties": {
        "netid": "58:00:E3:03:BB:26",
        "ssid": null,
        "oui": "58:00:E3",
        "channel": 44,
        "encryption": "wpa2",
        "firsttime": "2025-09-01T22:00:00.000Z",
        "lasttime": "2025-09-01T19:00:00.000Z",
        "city": "Fitchburg",
        "region": "MA",
        "country": "US",
        "road": "South Street",
        "postalcode": "01420"
      }
    },
    {
      "type": "Feature",
      "geometry": {
        "type": "Point",
        "coordinates": [
          -74.09261322,
          40.83413315
        ]
      },
      "properties": {
        "netid": "58:00:E3:03:BB:93",
        "ssid": null,
        "oui": "58:00:E3",
        "channel": 6,
        "encryption": "wpa2",
        "firsttime": "2025-06-13T17:00:00.000Z",
        "lasttime": "2025-06-14T07:00:00.000Z",
        "city": "East Rutherford",
        "region": "NJ",
        "country": "US",
        "road": "Vreeland Avenue",
        "postalcode": "07073"
      }
    },
    {
      "type": "Feature",
      "geometry": {
        "type": "Point",
        "coordinates": [
          -118.25317383,
          33.98710251
        ]
      },
      "properties": {
        "netid": "58:00:E3:03:BB:96",
        "ssid": null,
        "oui": "58:00:E3",
        "channel": 44,
        "encryption": "wpa2",
        "firsttime": "2024-11-24T16:00:00.000Z",
        "lasttime": "2024-11-24T17:00:00.000Z",
        "city": "Inglewood",
        "region": "CA",
        "country": "US",
        "road": "East 59th Street",
        "postalcode": "90001"
      }
    },
    {
      "type": "Feature",
      "geometry": {
        "type": "Point",
        "coordinates": [
          -118.16181183,
          33.83813095
        ]
      },
      "properties": {
        "netid": "58:00:E3:03:BB:9B",
        "ssid": null,
        "oui": "58:00:E3",
        "channel": 40,
        "encryption": "wpa2",
        "firsttime": "2024-11-04T19:00:00.000Z",
        "lasttime": "2024-11-04T13:00:00.000Z",
        "city": null,
        "region": "CA",
        "country": "US",
        "road": "Pixie Avenue",
        "postalcode": "90712"
      }
    },
    {
      "type": "Feature",
      "geometry": {
        "type": "Point",
        "coordinates": [
          -81.42746735,
          28.61653137
        ]
      },
      "properties": {
        "netid": "58:00:E3:03:BB:F9",
        "ssid": "DIRECT-roku-153-0DEDA7",
        "oui": "58:00:E3",
        "channel": 44,
        "encryption": "wpa2",
        "firsttime": "2024-03-29T21:00:00.000Z",
        "lasttime": "2025-10-26T14:00:00.000Z",
        "city": null,
        "region": "FL",
        "country": "US",
        "road": "Magnolia Homes Road",
        "postalcode": "32810"
      }
    },
    {
      "type": "Feature",
      "geometry": {
        "type": "Point",
        "coordinates": [
          -92.96949768,
          44.95267105
        ]
      },
      "properties": {
        "netid": "58:00:E3:03:BB:FD",
        "ssid": "DIRECT-roku-195-C27ECD",
        "oui": "58:00:E3",
        "channel": 48,
        "encryption": "wpa2",
        "firsttime": "2022-07-13T21:00:00.000Z",
        "lasttime": "2025-03-29T14:00:00.000Z",
        "city": null,
        "region": "MN",
        "country": "US",
        "road": "3rd Street North",
        "postalcode": "55128"
      }
    },
    {
      "type": "Feature",
      "geometry": {
        "type": "Point",
        "coordinates": [
          -121.46035767,
          38.6477356
        ]
      },
      "properties": {
        "netid": "58:00:E3:03:BC:55",
        "ssid": null,
        "oui": "58:00:E3",
        "channel": 44,
        "encryption": "wpa2",
        "firsttime": "2023-10-24T19:00:00.000Z",
        "lasttime": "2025-08-08T17:00:00.000Z",
        "city": "Sacramento",
        "region": "CA",
        "country": "US",
        "road": "Bell Avenue",
        "postalcode": "95838"
      }
    },
    {
      "type": "Feature",
      "geometry": {
        "type": "Point",
        "coordinates": [
          -93.52207947,
          45.07022095
        ]
      },
      "properties": {
        "netid": "58:00:E3:03:BC:A0",
        "ssid": "DIRECT-roku-957-7AD1B3",
        "oui": "58:00:E3",
        "channel": 149,
        "encryption": "wpa2",
        "firsttime": "2025-04-01T21:00:00.000Z",
        "lasttime": "2025-04-01T15:00:00.000Z",
        "city": null,
        "region": "MN",
        "country": "US",
        "road": "Brockton Lane North",
        "postalcode": "55340-9338"
      }
    },
    {
      "type": "Feature",
      "geometry": {
        "type": "Point",
        "coordinates": [
          -83.64505768,
          41.70185089
        ]
      },
      "properties": {
        "netid": "58:00:E3:03:BC:B4",
        "ssid": null,
        "oui": "58:00:E3",
        "channel": 11,
        "encryption": "wpa2",
        "firsttime": "2025-05-12T16:00:00.000Z",
        "lasttime": "2025-12-03T10:00:00.000Z",
        "city": "Toledo",
        "region": "OH",
        "country": "US",
        "road": "Talmadge Road",
        "postalcode": "43623"
      }
    },
    {
      "type": "Feature",
      "geometry": {
        "type": "Point",
        "coordinates": [
          -84.55556488,
          39.22156143
        ]
      },
      "properties": {
        "netid": "58:00:E3:03:BD:4D",
        "ssid": null,
        "oui": "58:00:E3",
        "channel": 9,
        "encryption": "wpa2",
        "firsttime": "2024-02-03T00:00:00.000Z",
        "lasttime": "2026-07-20T01:00:00.000Z",
        "city": null,
        "region": "OH",
        "country": "US",
        "road": "La Boiteaux Avenue",
        "postalcode": "45231"
      }
    },
    {
      "type": "Feature",
      "geometry": {
        "type": "Point",
        "coordinates": [
          -80.00190735,
          40.44281769
        ]
      },
      "properties": {
        "netid": "58:00:E3:03:BD:57",
        "ssid": "DIRECT-roku-580-8A05FE",
        "oui": "58:00:E3",
        "channel": 44,
        "encryption": "wpa2",
        "firsttime": "2024-09-17T18:00:00.000Z",
        "lasttime": "2024-12-27T19:00:00.000Z",
        "city": "Pittsburgh",
        "region": "PA",
        "country": "US",
        "road": "Penn Avenue",
        "postalcode": "15222"
      }
    },
    {
      "type": "Feature",
      "geometry": {
        "type": "Point",
        "coordinates": [
          -82.91989899,
          39.94620514
        ]
      },
      "properties": {
        "netid": "58:00:E3:03:BD:58",
        "ssid": null,
        "oui": "58:00:E3",
        "channel": 157,
        "encryption": "wpa2",
        "firsttime": "2018-07-03T17:00:00.000Z",
        "lasttime": "2025-01-15T21:00:00.000Z",
        "city": "Columbus",
        "region": "OH",
        "country": "US",
        "road": "East Livingston Avenue",
        "postalcode": "43209"
      }
    },
    {
      "type": "Feature",
      "geometry": {
        "type": "Point",
        "coordinates": [
          -122.40926361,
          37.75444412
        ]
      },
      "properties": {
        "netid": "58:00:E3:03:BD:D7",
        "ssid": "DIRECT-roku-999-2E01EC",
        "oui": "58:00:E3",
        "channel": 161,
        "encryption": "wpa2",
        "firsttime": "2020-04-06T11:00:00.000Z",
        "lasttime": "2025-10-15T16:00:00.000Z",
        "city": "San Francisco",
        "region": "CA",
        "country": "US",
        "road": "Bryant Street",
        "postalcode": "90103"
      }
    },
    {
      "type": "Feature",
      "geometry": {
        "type": "Point",
        "coordinates": [
          -121.31411743,
          37.90808487
        ]
      },
      "properties": {
        "netid": "58:00:E3:03:BD:EF",
        "ssid": null,
        "oui": "58:00:E3",
        "channel": 36,
        "encryption": "wpa2",
        "firsttime": "2023-01-22T22:00:00.000Z",
        "lasttime": "2024-12-26T15:00:00.000Z",
        "city": "Stockton",
        "region": "CA",
        "country": "US",
        "road": "Flatboat Street",
        "postalcode": "95206"
      }
    },
    {
      "type": "Feature",
      "geometry": {
        "type": "Point",
        "coordinates": [
          -117.98419952,
          33.83220291
        ]
      },
      "properties": {
        "netid": "58:00:E3:03:BE:0B",
        "ssid": null,
        "oui": "58:00:E3",
        "channel": 7,
        "encryption": "wpa2",
        "firsttime": "2026-04-09T17:00:00.000Z",
        "lasttime": "2026-04-09T21:00:00.000Z",
        "city": "Anaheim",
        "region": "CA",
        "country": "US",
        "road": "West Lincoln Avenue",
        "postalcode": "90620-3207"
      }
    },
    {
      "type": "Feature",
      "geometry": {
        "type": "Point",
        "coordinates": [
          -119.33164215,
          36.31061172
        ]
      },
      "properties": {
        "netid": "58:00:E3:03:BE:54",
        "ssid": null,
        "oui": "58:00:E3",
        "channel": 1,
        "encryption": "wpa2",
        "firsttime": "2026-07-03T17:00:00.000Z",
        "lasttime": "2026-07-03T10:00:00.000Z",
        "city": "Visalia",
        "region": "CA",
        "country": "US",
        "road": "South Demaree Street",
        "postalcode": "93277"
      }
    },
    {
      "type": "Feature",
      "geometry": {
        "type": "Point",
        "coordinates": [
          -94.66772461,
          39.01192474
        ]
      },
      "properties": {
        "netid": "58:00:E3:03:BE:60",
        "ssid": null,
        "oui": "58:00:E3",
        "channel": 36,
        "encryption": "wpa2",
        "firsttime": "2017-09-01T14:00:00.000Z",
        "lasttime": "2025-01-16T21:00:00.000Z",
        "city": "Overland Park",
        "region": "KS",
        "country": "US",
        "road": "Metcalf Avenue",
        "postalcode": "66202"
      }
    },
    {
      "type": "Feature",
      "geometry": {
        "type": "Point",
        "coordinates": [
          -98.5120697,
          29.4296627
        ]
      },
      "properties": {
        "netid": "58:00:E3:03:BE:B9",
        "ssid": null,
        "oui": "58:00:E3",
        "channel": 157,
        "encryption": "wep",
        "firsttime": "2025-12-15T21:00:00.000Z",
        "lasttime": "2025-12-16T17:00:00.000Z",
        "city": "San Antonio",
        "region": "TX",
        "country": "US",
        "road": "West Salinas Street",
        "postalcode": "78207"
      }
    },
    {
      "type": "Feature",
      "geometry": {
        "type": "Point",
        "coordinates": [
          -96.88553619,
          32.64697647
        ]
      },
      "properties": {
        "netid": "58:00:E3:03:BE:C7",
        "ssid": "58:00:E3:03:BE:C7",
        "oui": "58:00:E3",
        "channel": 11,
        "encryption": "wpa2",
        "firsttime": "2026-02-22T23:00:00.000Z",
        "lasttime": "2026-08-08T23:00:00.000Z",
        "city": null,
        "region": "TX",
        "country": "US",
        "road": "East S.G. Alexander Freeway",
        "postalcode": "75237"
      }
    },
    {
      "type": "Feature",
      "geometry": {
        "type": "Point",
        "coordinates": [
          -87.88362885,
          41.78575897
        ]
      },
      "properties": {
        "netid": "58:00:E3:03:BE:DF",
        "ssid": null,
        "oui": "58:00:E3",
        "channel": 6,
        "encryption": "wpa2",
        "firsttime": "2026-06-18T19:00:00.000Z",
        "lasttime": "2026-07-11T19:00:00.000Z",
        "city": "Countryside",
        "region": "IL",
        "country": "US",
        "road": "West Plainfield Road",
        "postalcode": "60525"
      }
    },
    {
      "type": "Feature",
      "geometry": {
        "type": "Point",
        "coordinates": [
          -119.70780945,
          39.60213852
        ]
      },
      "properties": {
        "netid": "58:00:E3:03:BF:16",
        "ssid": "DIRECT-roku-329-B0175F",
        "oui": "58:00:E3",
        "channel": 6,
        "encryption": "wpa2",
        "firsttime": "2025-10-01T02:00:00.000Z",
        "lasttime": "2025-12-14T22:00:00.000Z",
        "city": null,
        "region": "NV",
        "country": "US",
        "road": null,
        "postalcode": "98436"
      }
    },
    {
      "type": "Feature",
      "geometry": {
        "type": "Point",
        "coordinates": [
          -95.45870209,
          30.12585449
        ]
      },
      "properties": {
        "netid": "58:00:E3:03:BF:1C",
        "ssid": null,
        "oui": "58:00:E3",
        "channel": 11,
        "encryption": "wpa2",
        "firsttime": "2026-01-19T18:00:00.000Z",
        "lasttime": "2026-05-10T15:00:00.000Z",
        "city": "The Woodlands",
        "region": "TX",
        "country": "US",
        "road": "Sawdust Road",
        "postalcode": "77380"
      }
    },
    {
      "type": "Feature",
      "geometry": {
        "type": "Point",
        "coordinates": [
          -108.64263153,
          39.10982895
        ]
      },
      "properties": {
        "netid": "58:00:E3:03:BF:1F",
        "ssid": "DIRECT-roku-899-750617",
        "oui": "58:00:E3",
        "channel": 36,
        "encryption": "wpa2",
        "firsttime": "2022-07-03T20:00:00.000Z",
        "lasttime": "2025-03-29T16:00:00.000Z",
        "city": "Grand Junction",
        "region": "CO",
        "country": "US",
        "road": "Highway 6 & 50",
        "postalcode": "81507"
      }
    },
    {
      "type": "Feature",
      "geometry": {
        "type": "Point",
        "coordinates": [
          -118.30062866,
          33.95824814
        ]
      },
      "properties": {
        "netid": "58:00:E3:03:BF:44",
        "ssid": "DIRECT-roku-331-140009",
        "oui": "58:00:E3",
        "channel": 157,
        "encryption": "wpa2",
        "firsttime": "2024-11-16T21:00:00.000Z",
        "lasttime": "2024-11-16T16:00:00.000Z",
        "city": "Los Angeles",
        "region": "CA",
        "country": "US",
        "road": "West 88th Street",
        "postalcode": "90047"
      }
    },
    {
      "type": "Feature",
      "geometry": {
        "type": "Point",
        "coordinates": [
          -87.64685822,
          41.93544006
        ]
      },
      "properties": {
        "netid": "58:00:E3:03:BF:62",
        "ssid": null,
        "oui": "58:00:E3",
        "channel": 36,
        "encryption": "wpa2",
        "firsttime": "2025-12-30T20:00:00.000Z",
        "lasttime": "2026-01-05T12:00:00.000Z",
        "city": "Chicago",
        "region": "IL",
        "country": "US",
        "road": "West Oakdale Avenue",
        "postalcode": "60657"
      }
    },
    {
      "type": "Feature",
      "geometry": {
        "type": "Point",
        "coordinates": [
          -93.38038635,
          45.03899384
        ]
      },
      "properties": {
        "netid": "58:00:E3:03:BF:7B",
        "ssid": "DIRECT-roku-265-BA857C",
        "oui": "58:00:E3",
        "channel": 36,
        "encryption": "wpa2",
        "firsttime": "2026-01-31T17:00:00.000Z",
        "lasttime": "2026-01-31T12:00:00.000Z",
        "city": null,
        "region": "MN",
        "country": "US",
        "road": "Winnetka Avenue North",
        "postalcode": "55428"
      }
    },
    {
      "type": "Feature",
      "geometry": {
        "type": "Point",
        "coordinates": [
          -85.93999481,
          39.95070648
        ]
      },
      "properties": {
        "netid": "58:00:E3:03:BF:F8",
        "ssid": null,
        "oui": "58:00:E3",
        "channel": 157,
        "encryption": "wpa2",
        "firsttime": "2024-09-17T03:00:00.000Z",
        "lasttime": "2025-07-16T19:00:00.000Z",
        "city": null,
        "region": "IN",
        "country": "US",
        "road": "Desert Glen Drive",
        "postalcode": "46037"
      }
    },
    {
      "type": "Feature",
      "geometry": {
        "type": "Point",
        "coordinates": [
          -72.70623779,
          41.91917038
        ]
      },
      "properties": {
        "netid": "58:00:E3:03:C0:4F",
        "ssid": null,
        "oui": "58:00:E3",
        "channel": 2,
        "encryption": "wpa2",
        "firsttime": "2026-01-12T19:00:00.000Z",
        "lasttime": "2026-01-17T15:00:00.000Z",
        "city": null,
        "region": "CT",
        "country": "US",
        "road": "Rainbow Road",
        "postalcode": "06095"
      }
    },
    {
      "type": "Feature",
      "geometry": {
        "type": "Point",
        "coordinates": [
          -117.59671021,
          34.07038116
        ]
      },
      "properties": {
        "netid": "58:00:E3:03:C0:61",
        "ssid": "DIRECT-roku-505-A91287",
        "oui": "58:00:E3",
        "channel": 44,
        "encryption": "wpa2",
        "firsttime": "2025-02-08T20:00:00.000Z",
        "lasttime": "2025-02-08T16:00:00.000Z",
        "city": "Ontario",
        "region": "CA",
        "country": "US",
        "road": "Inland Empire Boulevard",
        "postalcode": "91743"
      }
    },
    {
      "type": "Feature",
      "geometry": {
        "type": "Point",
        "coordinates": [
          -105.03923035,
          40.56583023
        ]
      },
      "properties": {
        "netid": "58:00:E3:03:C0:A0",
        "ssid": "DIRECT-roku-057-7C6BF8",
        "oui": "58:00:E3",
        "channel": 149,
        "encryption": "wpa2",
        "firsttime": "2026-01-23T21:00:00.000Z",
        "lasttime": "2026-01-23T14:00:00.000Z",
        "city": "Fort Collins",
        "region": "CO",
        "country": "US",
        "road": "South Timberline Road",
        "postalcode": "80525-1305"
      }
    },
    {
      "type": "Feature",
      "geometry": {
        "type": "Point",
        "coordinates": [
          -105.03923035,
          40.56548309
        ]
      },
      "properties": {
        "netid": "58:00:E3:03:C0:A4",
        "ssid": null,
        "oui": "58:00:E3",
        "channel": 149,
        "encryption": "wpa2",
        "firsttime": "2026-01-23T21:00:00.000Z",
        "lasttime": "2026-01-23T14:00:00.000Z",
        "city": "Fort Collins",
        "region": "CO",
        "country": "US",
        "road": "South Timberline Road",
        "postalcode": "80525-1305"
      }
    },
    {
      "type": "Feature",
      "geometry": {
        "type": "Point",
        "coordinates": [
          -86.58557129,
          36.31573486
        ]
      },
      "properties": {
        "netid": "58:00:E3:03:C0:FF",
        "ssid": null,
        "oui": "58:00:E3",
        "channel": 6,
        "encryption": "wpa2",
        "firsttime": "2026-04-02T15:00:00.000Z",
        "lasttime": "2026-04-02T11:00:00.000Z",
        "city": null,
        "region": "TN",
        "country": "US",
        "road": "Country Club Drive",
        "postalcode": "37075"
      }
    },
    {
      "type": "Feature",
      "geometry": {
        "type": "Point",
        "coordinates": [
          -90.5383606,
          41.50588608
        ]
      },
      "properties": {
        "netid": "58:00:E3:03:C1:9C",
        "ssid": null,
        "oui": "58:00:E3",
        "channel": 1,
        "encryption": "wpa2",
        "firsttime": "2025-07-15T01:00:00.000Z",
        "lasttime": "2025-07-14T19:00:00.000Z",
        "city": "Moline",
        "region": "IL",
        "country": "US",
        "road": "6th Avenue",
        "postalcode": "61201"
      }
    },
    {
      "type": "Feature",
      "geometry": {
        "type": "Point",
        "coordinates": [
          -121.41242981,
          38.55137253
        ]
      },
      "properties": {
        "netid": "58:00:E3:03:C2:BF",
        "ssid": "DIRECT-roku-302-F065A5",
        "oui": "58:00:E3",
        "channel": 149,
        "encryption": "wpa2",
        "firsttime": "2026-05-12T17:00:00.000Z",
        "lasttime": "2026-05-12T12:00:00.000Z",
        "city": "Sacramento",
        "region": "CA",
        "country": "US",
        "road": "Hornet Drive",
        "postalcode": "95826-2625"
      }
    },
    {
      "type": "Feature",
      "geometry": {
        "type": "Point",
        "coordinates": [
          -121.38315582,
          38.57166672
        ]
      },
      "properties": {
        "netid": "58:00:E3:03:C2:C7",
        "ssid": null,
        "oui": "58:00:E3",
        "channel": 44,
        "encryption": "wpa2",
        "firsttime": "2020-08-01T13:00:00.000Z",
        "lasttime": "2024-11-20T02:00:00.000Z",
        "city": null,
        "region": "CA",
        "country": "US",
        "road": "Watt Avenue",
        "postalcode": "95864"
      }
    },
    {
      "type": "Feature",
      "geometry": {
        "type": "Point",
        "coordinates": [
          -117.93993378,
          33.93423843
        ]
      },
      "properties": {
        "netid": "58:00:E3:03:C2:DA",
        "ssid": null,
        "oui": "58:00:E3",
        "channel": 44,
        "encryption": "wpa2",
        "firsttime": "2025-01-31T21:00:00.000Z",
        "lasttime": "2025-02-01T13:00:00.000Z",
        "city": null,
        "region": "CA",
        "country": "US",
        "road": "Florence Court",
        "postalcode": "90631"
      }
    },
    {
      "type": "Feature",
      "geometry": {
        "type": "Point",
        "coordinates": [
          -93.0636673,
          44.88759232
        ]
      },
      "properties": {
        "netid": "58:00:E3:03:C2:FC",
        "ssid": null,
        "oui": "58:00:E3",
        "channel": 36,
        "encryption": "wpa2",
        "firsttime": "2025-10-22T21:00:00.000Z",
        "lasttime": "2026-05-29T17:00:00.000Z",
        "city": null,
        "region": "MN",
        "country": "US",
        "road": "Francis Street",
        "postalcode": "55075"
      }
    },
    {
      "type": "Feature",
      "geometry": {
        "type": "Point",
        "coordinates": [
          -111.96788025,
          33.58274078
        ]
      },
      "properties": {
        "netid": "58:00:E3:03:C3:0F",
        "ssid": null,
        "oui": "58:00:E3",
        "channel": 161,
        "encryption": "wpa2",
        "firsttime": "2018-07-01T11:00:00.000Z",
        "lasttime": "2025-03-08T23:00:00.000Z",
        "city": "Scottsdale",
        "region": "AZ",
        "country": "US",
        "road": "East Shea Boulevard",
        "postalcode": "85254"
      }
    },
    {
      "type": "Feature",
      "geometry": {
        "type": "Point",
        "coordinates": [
          -119.99279785,
          39.66299057
        ]
      },
      "properties": {
        "netid": "58:00:E3:03:C3:35",
        "ssid": "DIRECT-roku-656-269D98",
        "oui": "58:00:E3",
        "channel": 36,
        "encryption": "wpa2",
        "firsttime": "2024-09-20T02:00:00.000Z",
        "lasttime": "2024-10-02T20:00:00.000Z",
        "city": null,
        "region": "NV",
        "country": "US",
        "road": "North-South Freeway",
        "postalcode": "89508"
      }
    },
    {
      "type": "Feature",
      "geometry": {
        "type": "Point",
        "coordinates": [
          -118.39762878,
          34.16029739
        ]
      },
      "properties": {
        "netid": "58:00:E3:03:C3:38",
        "ssid": null,
        "oui": "58:00:E3",
        "channel": 1,
        "encryption": "wpa2",
        "firsttime": "2025-10-29T03:00:00.000Z",
        "lasttime": "2025-10-28T22:00:00.000Z",
        "city": "Los Angeles",
        "region": "CA",
        "country": "US",
        "road": "Morrison Street",
        "postalcode": "91607"
      }
    },
    {
      "type": "Feature",
      "geometry": {
        "type": "Point",
        "coordinates": [
          -98.26148987,
          26.05417252
        ]
      },
      "properties": {
        "netid": "58:00:E3:03:C3:5A",
        "ssid": null,
        "oui": "58:00:E3",
        "channel": 7,
        "encryption": "wpa2",
        "firsttime": "2024-02-23T02:00:00.000Z",
        "lasttime": "2025-02-11T22:00:00.000Z",
        "city": "Reynosa",
        "region": "Tamaulipas",
        "country": "MX",
        "road": "Boulevard Libramiento Oriente-Presa Las Adjuntas",
        "postalcode": "88500"
      }
    },
    {
      "type": "Feature",
      "geometry": {
        "type": "Point",
        "coordinates": [
          -86.07974243,
          39.77901077
        ]
      },
      "properties": {
        "netid": "58:00:E3:03:C3:89",
        "ssid": null,
        "oui": "58:00:E3",
        "channel": 44,
        "encryption": "wpa2",
        "firsttime": "2025-10-15T15:00:00.000Z",
        "lasttime": "2025-10-25T15:00:00.000Z",
        "city": "Indianapolis",
        "region": "IN",
        "country": "US",
        "road": "East 9th Street",
        "postalcode": "46219"
      }
    },
    {
      "type": "Feature",
      "geometry": {
        "type": "Point",
        "coordinates": [
          -84.17700195,
          40.28080368
        ]
      },
      "properties": {
        "netid": "58:00:E3:03:C3:C6",
        "ssid": null,
        "oui": "58:00:E3",
        "channel": 36,
        "encryption": "wpa2",
        "firsttime": "2025-07-27T14:00:00.000Z",
        "lasttime": "2025-07-27T10:00:00.000Z",
        "city": null,
        "region": "OH",
        "country": "US",
        "road": "Campbell Road",
        "postalcode": "45365"
      }
    },
    {
      "type": "Feature",
      "geometry": {
        "type": "Point",
        "coordinates": [
          -73.36720276,
          41.57674408
        ]
      },
      "properties": {
        "netid": "58:00:E3:03:C3:F2",
        "ssid": null,
        "oui": "58:00:E3",
        "channel": 11,
        "encryption": "wpa2",
        "firsttime": "2025-09-13T19:00:00.000Z",
        "lasttime": "2025-09-13T12:00:00.000Z",
        "city": null,
        "region": "CT",
        "country": "US",
        "road": "Old Ridge Road",
        "postalcode": "06776"
      }
    },
    {
      "type": "Feature",
      "geometry": {
        "type": "Point",
        "coordinates": [
          -118.34381866,
          33.91085434
        ]
      },
      "properties": {
        "netid": "58:00:E3:03:C3:FF",
        "ssid": null,
        "oui": "58:00:E3",
        "channel": 36,
        "encryption": "wpa2",
        "firsttime": "2019-09-24T14:00:00.000Z",
        "lasttime": "2025-03-09T00:00:00.000Z",
        "city": null,
        "region": "CA",
        "country": "US",
        "road": "Prairie Avenue",
        "postalcode": "90250-4638"
      }
    },
    {
      "type": "Feature",
      "geometry": {
        "type": "Point",
        "coordinates": [
          -84.563797,
          39.41256332
        ]
      },
      "properties": {
        "netid": "58:00:E3:03:C4:58",
        "ssid": null,
        "oui": "58:00:E3",
        "channel": 4,
        "encryption": "wpa2",
        "firsttime": "2023-11-09T12:00:00.000Z",
        "lasttime": "2025-07-16T02:00:00.000Z",
        "city": null,
        "region": "OH",
        "country": "US",
        "road": "Gordon Avenue",
        "postalcode": "45013"
      }
    },
    {
      "type": "Feature",
      "geometry": {
        "type": "Point",
        "coordinates": [
          -82.6526947,
          27.79934502
        ]
      },
      "properties": {
        "netid": "58:00:E3:03:C4:71",
        "ssid": null,
        "oui": "58:00:E3",
        "channel": 44,
        "encryption": "wep",
        "firsttime": "2025-09-23T23:00:00.000Z",
        "lasttime": "2025-10-20T12:00:00.000Z",
        "city": "Saint Petersburg",
        "region": "FL",
        "country": "US",
        "road": "30th Avenue North",
        "postalcode": "33710"
      }
    },
    {
      "type": "Feature",
      "geometry": {
        "type": "Point",
        "coordinates": [
          -83.69852448,
          43.07569885
        ]
      },
      "properties": {
        "netid": "58:00:E3:03:C4:79",
        "ssid": null,
        "oui": "58:00:E3",
        "channel": 36,
        "encryption": "wpa2",
        "firsttime": "2025-11-15T00:00:00.000Z",
        "lasttime": "2025-11-15T10:00:00.000Z",
        "city": null,
        "region": "MI",
        "country": "US",
        "road": "East Carpenter Road",
        "postalcode": "48506"
      }
    },
    {
      "type": "Feature",
      "geometry": {
        "type": "Point",
        "coordinates": [
          -82.62323761,
          39.72476959
        ]
      },
      "properties": {
        "netid": "58:00:E3:03:C4:C6",
        "ssid": "DIRECT-roku-559-C484E4",
        "oui": "58:00:E3",
        "channel": 157,
        "encryption": "wpa2",
        "firsttime": "2025-07-11T00:00:00.000Z",
        "lasttime": "2025-07-27T17:00:00.000Z",
        "city": null,
        "region": "OH",
        "country": "US",
        "road": "West Fair Avenue",
        "postalcode": "43130"
      }
    },
    {
      "type": "Feature",
      "geometry": {
        "type": "Point",
        "coordinates": [
          -80.23142242,
          26.21574211
        ]
      },
      "properties": {
        "netid": "58:00:E3:03:C4:CC",
        "ssid": null,
        "oui": "58:00:E3",
        "channel": 11,
        "encryption": "wpa2",
        "firsttime": "2024-11-10T22:00:00.000Z",
        "lasttime": "2025-07-28T19:00:00.000Z",
        "city": null,
        "region": "FL",
        "country": "US",
        "road": "Southwest 78th Avenue",
        "postalcode": "33068"
      }
    },
    {
      "type": "Feature",
      "geometry": {
        "type": "Point",
        "coordinates": [
          -77.38667297,
          42.97584915
        ]
      },
      "properties": {
        "netid": "58:00:E3:03:C4:DB",
        "ssid": null,
        "oui": "58:00:E3",
        "channel": 149,
        "encryption": "wpa2",
        "firsttime": "2026-04-21T17:00:00.000Z",
        "lasttime": "2026-08-11T09:00:00.000Z",
        "city": null,
        "region": "NY",
        "country": "US",
        "road": "Victor-Manchester Road",
        "postalcode": "14564"
      }
    },
    {
      "type": "Feature",
      "geometry": {
        "type": "Point",
        "coordinates": [
          -87.71559906,
          41.93413162
        ]
      },
      "properties": {
        "netid": "58:00:E3:03:C5:26",
        "ssid": null,
        "oui": "58:00:E3",
        "channel": 36,
        "encryption": "wpa2",
        "firsttime": "2024-02-14T00:00:00.000Z",
        "lasttime": "2024-08-27T22:00:00.000Z",
        "city": "Chicago",
        "region": "IL",
        "country": "US",
        "road": "North Milwaukee Avenue",
        "postalcode": "60618"
      }
    },
    {
      "type": "Feature",
      "geometry": {
        "type": "Point",
        "coordinates": [
          -75.28951263,
          40.08243179
        ]
      },
      "properties": {
        "netid": "58:00:E3:03:C5:49",
        "ssid": "DIRECT-roku-044-F03DAD",
        "oui": "58:00:E3",
        "channel": 157,
        "encryption": "wpa2",
        "firsttime": "2020-12-27T13:00:00.000Z",
        "lasttime": "2025-11-01T19:00:00.000Z",
        "city": null,
        "region": "PA",
        "country": "US",
        "road": "Roberts Avenue",
        "postalcode": "19428"
      }
    },
    {
      "type": "Feature",
      "geometry": {
        "type": "Point",
        "coordinates": [
          -122.4425354,
          48.73233032
        ]
      },
      "properties": {
        "netid": "58:00:E3:03:C5:69",
        "ssid": "58:00:E3:03:C5:69",
        "oui": "58:00:E3",
        "channel": 6,
        "encryption": "wpa2",
        "firsttime": "2026-04-12T00:00:00.000Z",
        "lasttime": "2026-07-29T17:00:00.000Z",
        "city": null,
        "region": "WA",
        "country": "US",
        "road": "Yew Street Road",
        "postalcode": "98229-2482"
      }
    },
    {
      "type": "Feature",
      "geometry": {
        "type": "Point",
        "coordinates": [
          -83.07257843,
          39.98665619
        ]
      },
      "properties": {
        "netid": "58:00:E3:03:C5:A9",
        "ssid": null,
        "oui": "58:00:E3",
        "channel": 6,
        "encryption": "wpa2",
        "firsttime": "2026-07-16T22:00:00.000Z",
        "lasttime": "2026-07-31T18:00:00.000Z",
        "city": "Columbus",
        "region": "OH",
        "country": "US",
        "road": "West Fifth Avenue",
        "postalcode": "43204"
      }
    },
    {
      "type": "Feature",
      "geometry": {
        "type": "Point",
        "coordinates": [
          -76.30968475,
          36.82604218
        ]
      },
      "properties": {
        "netid": "58:00:E3:03:C6:04",
        "ssid": null,
        "oui": "58:00:E3",
        "channel": 6,
        "encryption": "wpa2",
        "firsttime": "2023-12-10T05:00:00.000Z",
        "lasttime": "2025-08-03T12:00:00.000Z",
        "city": "Portsmouth City",
        "region": "VA",
        "country": "US",
        "road": "Randolph Street",
        "postalcode": "23704"
      }
    },
    {
      "type": "Feature",
      "geometry": {
        "type": "Point",
        "coordinates": [
          -81.7694397,
          41.37942886
        ]
      },
      "properties": {
        "netid": "58:00:E3:03:C6:27",
        "ssid": null,
        "oui": "58:00:E3",
        "channel": 6,
        "encryption": "wpa2",
        "firsttime": "2026-06-12T15:00:00.000Z",
        "lasttime": "2026-06-14T08:00:00.000Z",
        "city": "Parma Heights",
        "region": "OH",
        "country": "US",
        "road": "Blossom Avenue",
        "postalcode": "44130"
      }
    },
    {
      "type": "Feature",
      "geometry": {
        "type": "Point",
        "coordinates": [
          -115.16470337,
          36.13171768
        ]
      },
      "properties": {
        "netid": "58:00:E3:03:C6:B4",
        "ssid": null,
        "oui": "58:00:E3",
        "channel": 36,
        "encryption": "wpa2",
        "firsttime": "2026-08-06T01:00:00.000Z",
        "lasttime": "2026-08-07T14:00:00.000Z",
        "city": null,
        "region": "NV",
        "country": "US",
        "road": "South Las Vegas Boulevard",
        "postalcode": "89104-2530"
      }
    },
    {
      "type": "Feature",
      "geometry": {
        "type": "Point",
        "coordinates": [
          -122.68634033,
          45.52433014
        ]
      },
      "properties": {
        "netid": "58:00:E3:03:C7:10",
        "ssid": "DIRECT-roku-010-6AD722",
        "oui": "58:00:E3",
        "channel": 44,
        "encryption": "wpa2",
        "firsttime": "2024-07-05T17:00:00.000Z",
        "lasttime": "2026-07-18T12:00:00.000Z",
        "city": "Portland",
        "region": "OR",
        "country": "US",
        "road": "Northwest 15th Avenue",
        "postalcode": "97209"
      }
    },
    {
      "type": "Feature",
      "geometry": {
        "type": "Point",
        "coordinates": [
          -93.3811264,
          45.08972549
        ]
      },
      "properties": {
        "netid": "58:00:E3:03:C7:19",
        "ssid": null,
        "oui": "58:00:E3",
        "channel": 1,
        "encryption": "wpa2",
        "firsttime": "2023-08-29T19:00:00.000Z",
        "lasttime": "2025-03-08T19:00:00.000Z",
        "city": null,
        "region": "MN",
        "country": "US",
        "road": "Bottineau Boulevard",
        "postalcode": "55445"
      }
    },
    {
      "type": "Feature",
      "geometry": {
        "type": "Point",
        "coordinates": [
          -77.34941101,
          39.05095673
        ]
      },
      "properties": {
        "netid": "58:00:E3:03:C7:5F",
        "ssid": null,
        "oui": "58:00:E3",
        "channel": 7,
        "encryption": "wpa2",
        "firsttime": "2026-06-27T20:00:00.000Z",
        "lasttime": "2026-06-27T14:00:00.000Z",
        "city": null,
        "region": "VA",
        "country": "US",
        "road": "Dunkirk Square",
        "postalcode": "20165"
      }
    },
    {
      "type": "Feature",
      "geometry": {
        "type": "Point",
        "coordinates": [
          -93.98046875,
          44.3116684
        ]
      },
      "properties": {
        "netid": "58:00:E3:03:C7:68",
        "ssid": null,
        "oui": "58:00:E3",
        "channel": 36,
        "encryption": "wpa2",
        "firsttime": "2024-12-24T21:00:00.000Z",
        "lasttime": "2024-12-24T15:00:00.000Z",
        "city": "stp",
        "region": "MN",
        "country": "US",
        "road": "State Highway 99",
        "postalcode": "56082"
      }
    },
    {
      "type": "Feature",
      "geometry": {
        "type": "Point",
        "coordinates": [
          -76.94064331,
          38.95973969
        ]
      },
      "properties": {
        "netid": "58:00:E3:03:C7:97",
        "ssid": "58:00:E3:03:C7:97",
        "oui": "58:00:E3",
        "channel": 6,
        "encryption": "wpa2",
        "firsttime": "2024-07-04T01:00:00.000Z",
        "lasttime": "2026-08-03T17:00:00.000Z",
        "city": null,
        "region": "MD",
        "country": "US",
        "road": "Oglethorpe Street",
        "postalcode": "20781"
      }
    },
    {
      "type": "Feature",
      "geometry": {
        "type": "Point",
        "coordinates": [
          -71.09379578,
          42.2692337
        ]
      },
      "properties": {
        "netid": "58:00:E3:03:C7:C2",
        "ssid": "DIRECT-roku-087-C9E4D8",
        "oui": "58:00:E3",
        "channel": 149,
        "encryption": "wpa2",
        "firsttime": "2025-07-29T13:00:00.000Z",
        "lasttime": "2025-10-16T12:00:00.000Z",
        "city": "Boston",
        "region": "MA",
        "country": "US",
        "road": "Blue Hill Avenue",
        "postalcode": "02126"
      }
    },
    {
      "type": "Feature",
      "geometry": {
        "type": "Point",
        "coordinates": [
          -87.45882416,
          41.48374557
        ]
      },
      "properties": {
        "netid": "58:00:E3:03:C7:DA",
        "ssid": null,
        "oui": "58:00:E3",
        "channel": 157,
        "encryption": "wpa2",
        "firsttime": "2025-04-04T18:00:00.000Z",
        "lasttime": "2025-04-04T13:00:00.000Z",
        "city": null,
        "region": "IN",
        "country": "US",
        "road": "Robinhood Boulevard",
        "postalcode": "46375"
      }
    },
    {
      "type": "Feature",
      "geometry": {
        "type": "Point",
        "coordinates": [
          -74.58200836,
          39.2747345
        ]
      },
      "properties": {
        "netid": "58:00:E3:03:C7:E2",
        "ssid": null,
        "oui": "58:00:E3",
        "channel": 44,
        "encryption": "wpa2",
        "firsttime": "2026-07-15T15:00:00.000Z",
        "lasttime": "2026-07-15T09:00:00.000Z",
        "city": null,
        "region": "NJ",
        "country": "US",
        "road": "Asbury Avenue",
        "postalcode": "08226"
      }
    },
    {
      "type": "Feature",
      "geometry": {
        "type": "Point",
        "coordinates": [
          -71.88405609,
          41.84061813
        ]
      },
      "properties": {
        "netid": "58:00:E3:03:C8:A5",
        "ssid": null,
        "oui": "58:00:E3",
        "channel": 36,
        "encryption": "wpa2",
        "firsttime": "2024-05-17T00:00:00.000Z",
        "lasttime": "2025-07-21T18:00:00.000Z",
        "city": null,
        "region": "CT",
        "country": "US",
        "road": "Killingly Commons Drive",
        "postalcode": "06241"
      }
    },
    {
      "type": "Feature",
      "geometry": {
        "type": "Point",
        "coordinates": [
          -71.00062561,
          42.24632645
        ]
      },
      "properties": {
        "netid": "58:00:E3:03:C8:BC",
        "ssid": null,
        "oui": "58:00:E3",
        "channel": 36,
        "encryption": "wpa2",
        "firsttime": "2025-12-16T19:00:00.000Z",
        "lasttime": "2026-05-07T17:00:00.000Z",
        "city": "Quincy",
        "region": "MA",
        "country": "US",
        "road": "Hancock Street",
        "postalcode": "02169"
      }
    },
    {
      "type": "Feature",
      "geometry": {
        "type": "Point",
        "coordinates": [
          -71.00093842,
          42.24625778
        ]
      },
      "properties": {
        "netid": "58:00:E3:03:C8:BD",
        "ssid": null,
        "oui": "58:00:E3",
        "channel": 36,
        "encryption": "wpa2",
        "firsttime": "2020-09-03T15:00:00.000Z",
        "lasttime": "2026-05-07T17:00:00.000Z",
        "city": "Quincy",
        "region": "MA",
        "country": "US",
        "road": "Hancock Street",
        "postalcode": "02169"
      }
    },
    {
      "type": "Feature",
      "geometry": {
        "type": "Point",
        "coordinates": [
          -71.68450165,
          42.41838455
        ]
      },
      "properties": {
        "netid": "58:00:E3:03:C8:BF",
        "ssid": null,
        "oui": "58:00:E3",
        "channel": 36,
        "encryption": "wpa2",
        "firsttime": "2018-10-17T18:00:00.000Z",
        "lasttime": "2025-10-01T11:00:00.000Z",
        "city": null,
        "region": "MA",
        "country": "US",
        "road": "Pierce Place",
        "postalcode": "01510"
      }
    },
    {
      "type": "Feature",
      "geometry": {
        "type": "Point",
        "coordinates": [
          -123.12276459,
          49.3242836
        ]
      },
      "properties": {
        "netid": "58:00:E3:03:C8:CE",
        "ssid": null,
        "oui": "58:00:E3",
        "channel": 36,
        "encryption": "wpa2",
        "firsttime": "2026-04-18T00:00:00.000Z",
        "lasttime": "2026-05-23T15:00:00.000Z",
        "city": null,
        "region": "British Columbia",
        "country": "CA",
        "road": "Marine Drive",
        "postalcode": "V7P"
      }
    },
    {
      "type": "Feature",
      "geometry": {
        "type": "Point",
        "coordinates": [
          -72.71988678,
          41.68675232
        ]
      },
      "properties": {
        "netid": "58:00:E3:03:C9:09",
        "ssid": null,
        "oui": "58:00:E3",
        "channel": 1,
        "encryption": "wep",
        "firsttime": "2024-11-02T00:00:00.000Z",
        "lasttime": "2025-12-26T14:00:00.000Z",
        "city": null,
        "region": "CT",
        "country": "US",
        "road": "East Robbins Avenue",
        "postalcode": "06111"
      }
    },
    {
      "type": "Feature",
      "geometry": {
        "type": "Point",
        "coordinates": [
          -101.91908264,
          35.18410873
        ]
      },
      "properties": {
        "netid": "58:00:E3:03:C9:27",
        "ssid": "DIRECT-roku-924-925ACD",
        "oui": "58:00:E3",
        "channel": 9,
        "encryption": "wpa2",
        "firsttime": "2025-03-07T16:00:00.000Z",
        "lasttime": "2025-03-07T16:00:00.000Z",
        "city": "Amarillo",
        "region": "TX",
        "country": "US",
        "road": "Gainsborough Drive",
        "postalcode": "79121"
      }
    },
    {
      "type": "Feature",
      "geometry": {
        "type": "Point",
        "coordinates": [
          -71.28978729,
          46.70960236
        ]
      },
      "properties": {
        "netid": "58:00:E3:03:C9:4C",
        "ssid": "DIRECT-roku-249-30D19A",
        "oui": "58:00:E3",
        "channel": 1,
        "encryption": "wpa2",
        "firsttime": "2026-07-14T18:00:00.000Z",
        "lasttime": "2026-07-14T14:00:00.000Z",
        "city": "L\u00e9vis",
        "region": "Qu\u00e9bec",
        "country": "CA",
        "road": "Rue du Sous-Bois",
        "postalcode": "G7A 1C9"
      }
    },
    {
      "type": "Feature",
      "geometry": {
        "type": "Point",
        "coordinates": [
          -123.5304718,
          48.44073868
        ]
      },
      "properties": {
        "netid": "58:00:E3:03:C9:4E",
        "ssid": "DIRECT-roku-235-54D541",
        "oui": "58:00:E3",
        "channel": 157,
        "encryption": "wpa2",
        "firsttime": "2025-05-30T04:00:00.000Z",
        "lasttime": "2025-07-04T20:00:00.000Z",
        "city": "Langford",
        "region": "British Columbia",
        "country": "CA",
        "road": "Parkdale Drive",
        "postalcode": "V9C 2V9"
      }
    },
    {
      "type": "Feature",
      "geometry": {
        "type": "Point",
        "coordinates": [
          -113.50197601,
          53.49223328
        ]
      },
      "properties": {
        "netid": "58:00:E3:03:C9:7A",
        "ssid": null,
        "oui": "58:00:E3",
        "channel": 1,
        "encryption": "wpa2",
        "firsttime": "2025-10-30T17:00:00.000Z",
        "lasttime": "2025-10-30T14:00:00.000Z",
        "city": "Edmonton",
        "region": "Alberta",
        "country": "CA",
        "road": "55 Avenue NW",
        "postalcode": "T6H 4K1"
      }
    },
    {
      "type": "Feature",
      "geometry": {
        "type": "Point",
        "coordinates": [
          -112.8372879,
          49.69748306
        ]
      },
      "properties": {
        "netid": "58:00:E3:03:C9:91",
        "ssid": null,
        "oui": "58:00:E3",
        "channel": 157,
        "encryption": "wpa2",
        "firsttime": "2017-07-28T14:00:00.000Z",
        "lasttime": "2024-09-29T10:00:00.000Z",
        "city": "Lethbridge",
        "region": "Alberta",
        "country": "CA",
        "road": "7 Street S",
        "postalcode": "T1J 2T1"
      }
    },
    {
      "type": "Feature",
      "geometry": {
        "type": "Point",
        "coordinates": [
          -123.35948181,
          48.44348145
        ]
      },
      "properties": {
        "netid": "58:00:E3:03:C9:94",
        "ssid": null,
        "oui": "58:00:E3",
        "channel": 1,
        "encryption": "wpa2",
        "firsttime": "2017-06-13T22:00:00.000Z",
        "lasttime": "2026-06-21T12:00:00.000Z",
        "city": "Victoria",
        "region": "British Columbia",
        "country": "CA",
        "road": "Fifth Street",
        "postalcode": "V8T 4E0"
      }
    },
    {
      "type": "Feature",
      "geometry": {
        "type": "Point",
        "coordinates": [
          -122.67406464,
          53.88441467
        ]
      },
      "properties": {
        "netid": "58:00:E3:03:C9:A1",
        "ssid": null,
        "oui": "58:00:E3",
        "channel": 11,
        "encryption": "wpa2",
        "firsttime": "2025-10-08T21:00:00.000Z",
        "lasttime": "2025-10-08T14:00:00.000Z",
        "city": "Prince George",
        "region": "British Columbia",
        "country": "CA",
        "road": "Airport Road",
        "postalcode": "V2N 2H0"
      }
    },
    {
      "type": "Feature",
      "geometry": {
        "type": "Point",
        "coordinates": [
          -83.28871155,
          42.48976517
        ]
      },
      "properties": {
        "netid": "58:00:E3:03:CA:31",
        "ssid": null,
        "oui": "58:00:E3",
        "channel": 1,
        "encryption": "wpa2",
        "firsttime": "2026-06-12T14:00:00.000Z",
        "lasttime": "2026-06-12T08:00:00.000Z",
        "city": null,
        "region": "MI",
        "country": "US",
        "road": "Northwestern Highway",
        "postalcode": "48334"
      }
    },
    {
      "type": "Feature",
      "geometry": {
        "type": "Point",
        "coordinates": [
          -118.00842285,
          34.09850693
        ]
      },
      "properties": {
        "netid": "58:00:E3:03:CA:47",
        "ssid": null,
        "oui": "58:00:E3",
        "channel": 6,
        "encryption": "wpa2",
        "firsttime": "2018-08-05T20:00:00.000Z",
        "lasttime": "2026-01-25T17:00:00.000Z",
        "city": "El Monte",
        "region": "CA",
        "country": "US",
        "road": "Hammill Road",
        "postalcode": "91732"
      }
    },
    {
      "type": "Feature",
      "geometry": {
        "type": "Point",
        "coordinates": [
          -117.63700104,
          33.8840065
        ]
      },
      "properties": {
        "netid": "58:00:E3:03:CA:62",
        "ssid": null,
        "oui": "58:00:E3",
        "channel": 5,
        "encryption": "wpa2",
        "firsttime": "2021-09-18T14:00:00.000Z",
        "lasttime": "2025-03-08T19:00:00.000Z",
        "city": null,
        "region": "CA",
        "country": "US",
        "road": "Corona Freeway",
        "postalcode": "92880-6970"
      }
    },
    {
      "type": "Feature",
      "geometry": {
        "type": "Point",
        "coordinates": [
          -118.01171112,
          33.90830994
        ]
      },
      "properties": {
        "netid": "58:00:E3:03:CA:66",
        "ssid": null,
        "oui": "58:00:E3",
        "channel": 36,
        "encryption": "wpa2",
        "firsttime": "2025-01-13T21:00:00.000Z",
        "lasttime": "2025-01-13T15:00:00.000Z",
        "city": null,
        "region": "CA",
        "country": "US",
        "road": "La Mirada Boulevard",
        "postalcode": "90638"
      }
    },
    {
      "type": "Feature",
      "geometry": {
        "type": "Point",
        "coordinates": [
          -77.6640625,
          43.04037857
        ]
      },
      "properties": {
        "netid": "58:00:E3:03:CA:71",
        "ssid": "DIRECT-roku-272-1D82FC",
        "oui": "58:00:E3",
        "channel": 149,
        "encryption": "wpa2",
        "firsttime": "2025-03-26T18:00:00.000Z",
        "lasttime": "2025-04-10T13:00:00.000Z",
        "city": null,
        "region": "NY",
        "country": "US",
        "road": "Erie Station Road",
        "postalcode": "14586"
      }
    },
    {
      "type": "Feature",
      "geometry": {
        "type": "Point",
        "coordinates": [
          -88.35536194,
          41.66951752
        ]
      },
      "properties": {
        "netid": "58:00:E3:03:CA:EC",
        "ssid": null,
        "oui": "58:00:E3",
        "channel": 1,
        "encryption": "wpa2",
        "firsttime": "2025-11-24T07:00:00.000Z",
        "lasttime": "2025-11-24T00:00:00.000Z",
        "city": null,
        "region": "IL",
        "country": "US",
        "road": "Saratoga Court",
        "postalcode": "60543"
      }
    },
    {
      "type": "Feature",
      "geometry": {
        "type": "Point",
        "coordinates": [
          -87.78140259,
          41.77495575
        ]
      },
      "properties": {
        "netid": "58:00:E3:03:CB:32",
        "ssid": null,
        "oui": "58:00:E3",
        "channel": 157,
        "encryption": "wpa2",
        "firsttime": "2025-04-27T00:00:00.000Z",
        "lasttime": "2025-04-27T00:00:00.000Z",
        "city": "Chicago",
        "region": "IL",
        "country": "US",
        "road": "West 64th Place",
        "postalcode": "60638"
      }
    },
    {
      "type": "Feature",
      "geometry": {
        "type": "Point",
        "coordinates": [
          -112.15628815,
          33.46823883
        ]
      },
      "properties": {
        "netid": "58:00:E3:03:CB:40",
        "ssid": null,
        "oui": "58:00:E3",
        "channel": 157,
        "encryption": "wpa2",
        "firsttime": "2026-03-01T15:00:00.000Z",
        "lasttime": "2026-03-01T12:00:00.000Z",
        "city": "Phoenix",
        "region": "AZ",
        "country": "US",
        "road": "West Granada Road",
        "postalcode": "85031"
      }
    },
    {
      "type": "Feature",
      "geometry": {
        "type": "Point",
        "coordinates": [
          -71.13550568,
          42.36011505
        ]
      },
      "properties": {
        "netid": "58:00:E3:03:CB:81",
        "ssid": "DIRECT-roku-768-865DD1",
        "oui": "58:00:E3",
        "channel": 36,
        "encryption": "wpa2",
        "firsttime": "2024-11-02T14:00:00.000Z",
        "lasttime": "2024-11-02T07:00:00.000Z",
        "city": "Boston",
        "region": "MA",
        "country": "US",
        "road": "Holton Street",
        "postalcode": "02134"
      }
    },
    {
      "type": "Feature",
      "geometry": {
        "type": "Point",
        "coordinates": [
          -73.97229004,
          40.69607162
        ]
      },
      "properties": {
        "netid": "58:00:E3:03:CB:CF",
        "ssid": null,
        "oui": "58:00:E3",
        "channel": 44,
        "encryption": "wpa2",
        "firsttime": "2024-11-20T03:00:00.000Z",
        "lasttime": "2025-04-25T21:00:00.000Z",
        "city": "City of New York",
        "region": "NY",
        "country": "US",
        "road": "Brooklyn-Queens Expressway",
        "postalcode": "11205"
      }
    },
    {
      "type": "Feature",
      "geometry": {
        "type": "Point",
        "coordinates": [
          -86.09765625,
          39.86737442
        ]
      },
      "properties": {
        "netid": "58:00:E3:03:CC:09",
        "ssid": null,
        "oui": "58:00:E3",
        "channel": 11,
        "encryption": "wpa2",
        "firsttime": "2025-05-17T20:00:00.000Z",
        "lasttime": "2025-05-17T14:00:00.000Z",
        "city": "Indianapolis",
        "region": "IN",
        "country": "US",
        "road": "Allisonville Road",
        "postalcode": "46220"
      }
    },
    {
      "type": "Feature",
      "geometry": {
        "type": "Point",
        "coordinates": [
          -117.91109467,
          34.11621475
        ]
      },
      "properties": {
        "netid": "58:00:E3:03:CC:4B",
        "ssid": "DIRECT-roku-436-BB2962",
        "oui": "58:00:E3",
        "channel": 6,
        "encryption": "wpa2",
        "firsttime": "2025-02-10T16:00:00.000Z",
        "lasttime": "2025-02-10T13:00:00.000Z",
        "city": "Azusa",
        "region": "CA",
        "country": "US",
        "road": "South Grandin Avenue",
        "postalcode": "91702"
      }
    },
    {
      "type": "Feature",
      "geometry": {
        "type": "Point",
        "coordinates": [
          -85.18681335,
          42.34666443
        ]
      },
      "properties": {
        "netid": "58:00:E3:03:CC:D1",
        "ssid": null,
        "oui": "58:00:E3",
        "channel": 36,
        "encryption": "wpa2",
        "firsttime": "2024-08-23T07:00:00.000Z",
        "lasttime": "2024-08-23T02:00:00.000Z",
        "city": "Battle Creek",
        "region": "MI",
        "country": "US",
        "road": "Gardenia Street",
        "postalcode": "49017"
      }
    },
    {
      "type": "Feature",
      "geometry": {
        "type": "Point",
        "coordinates": [
          -118.03159332,
          34.14616013
        ]
      },
      "properties": {
        "netid": "58:00:E3:03:CC:F3",
        "ssid": "DIRECT-roku-368-3FA1FE",
        "oui": "58:00:E3",
        "channel": 44,
        "encryption": "wpa2",
        "firsttime": "2022-02-17T12:00:00.000Z",
        "lasttime": "2025-07-25T14:00:00.000Z",
        "city": "Arcadia",
        "region": "CA",
        "country": "US",
        "road": "Santa Anita Avenue",
        "postalcode": "91006"
      }
    },
    {
      "type": "Feature",
      "geometry": {
        "type": "Point",
        "coordinates": [
          -111.94882965,
          41.1947937
        ]
      },
      "properties": {
        "netid": "58:00:E3:03:CC:FB",
        "ssid": "DIRECT-roku-649-A828DB",
        "oui": "58:00:E3",
        "channel": 44,
        "encryption": "wpa2",
        "firsttime": "2025-06-29T18:00:00.000Z",
        "lasttime": "2025-08-24T18:00:00.000Z",
        "city": "Ogden",
        "region": "UT",
        "country": "US",
        "road": "Harrison Boulevard",
        "postalcode": "84408"
      }
    },
    {
      "type": "Feature",
      "geometry": {
        "type": "Point",
        "coordinates": [
          -118.36219025,
          34.09807587
        ]
      },
      "properties": {
        "netid": "58:00:E3:03:CD:9A",
        "ssid": "DIRECT-roku-236-0C01EE",
        "oui": "58:00:E3",
        "channel": 36,
        "encryption": "wpa2",
        "firsttime": "2017-04-05T12:00:00.000Z",
        "lasttime": "2025-04-06T02:00:00.000Z",
        "city": "Los Angeles",
        "region": "CA",
        "country": "US",
        "road": "West Sunset Boulevard",
        "postalcode": "90046"
      }
    },
    {
      "type": "Feature",
      "geometry": {
        "type": "Point",
        "coordinates": [
          -110.76244354,
          31.94321632
        ]
      },
      "properties": {
        "netid": "58:00:E3:03:CD:A3",
        "ssid": null,
        "oui": "58:00:E3",
        "channel": 153,
        "encryption": "wpa2",
        "firsttime": "2026-04-05T01:00:00.000Z",
        "lasttime": "2026-04-10T20:00:00.000Z",
        "city": null,
        "region": "AZ",
        "country": "US",
        "road": "Melpomene Way",
        "postalcode": null
      }
    },
    {
      "type": "Feature",
      "geometry": {
        "type": "Point",
        "coordinates": [
          -92.08705139,
          30.22156525
        ]
      },
      "properties": {
        "netid": "58:00:E3:03:CE:14",
        "ssid": null,
        "oui": "58:00:E3",
        "channel": 36,
        "encryption": "wpa2",
        "firsttime": "2025-11-28T23:00:00.000Z",
        "lasttime": "2026-02-05T19:00:00.000Z",
        "city": "Scott",
        "region": "LA",
        "country": "US",
        "road": "Westgate Road",
        "postalcode": "70506"
      }
    },
    {
      "type": "Feature",
      "geometry": {
        "type": "Point",
        "coordinates": [
          -77.01694489,
          38.91150665
        ]
      },
      "properties": {
        "netid": "58:00:E3:03:CE:1B",
        "ssid": "DIRECT-roku-261-8BB34F",
        "oui": "58:00:E3",
        "channel": 157,
        "encryption": "wpa2",
        "firsttime": "2025-06-14T18:00:00.000Z",
        "lasttime": "2025-06-14T12:00:00.000Z",
        "city": "Washington",
        "region": "DC",
        "country": "US",
        "road": "New Jersey Avenue Northwest",
        "postalcode": "20001"
      }
    },
    {
      "type": "Feature",
      "geometry": {
        "type": "Point",
        "coordinates": [
          -78.89141846,
          35.83925629
        ]
      },
      "properties": {
        "netid": "58:00:E3:03:CE:8C",
        "ssid": null,
        "oui": "58:00:E3",
        "channel": 44,
        "encryption": "wpa2",
        "firsttime": "2024-09-06T12:00:00.000Z",
        "lasttime": "2024-09-06T06:00:00.000Z",
        "city": "Cary",
        "region": "NC",
        "country": "US",
        "road": "Starlit Sky Ln",
        "postalcode": "27519"
      }
    },
    {
      "type": "Feature",
      "geometry": {
        "type": "Point",
        "coordinates": [
          -111.81921387,
          41.74359894
        ]
      },
      "properties": {
        "netid": "58:00:E3:03:CE:D8",
        "ssid": null,
        "oui": "58:00:E3",
        "channel": 1,
        "encryption": "wpa2",
        "firsttime": "2026-07-07T23:00:00.000Z",
        "lasttime": "2026-07-10T02:00:00.000Z",
        "city": "Logan",
        "region": "UT",
        "country": "US",
        "road": "600 East",
        "postalcode": "84322"
      }
    },
    {
      "type": "Feature",
      "geometry": {
        "type": "Point",
        "coordinates": [
          -97.28952789,
          32.9010582
        ]
      },
      "properties": {
        "netid": "58:00:E3:03:CE:DB",
        "ssid": null,
        "oui": "58:00:E3",
        "channel": 11,
        "encryption": "wpa2",
        "firsttime": "2021-01-17T20:00:00.000Z",
        "lasttime": "2026-08-10T05:00:00.000Z",
        "city": "Fort Worth",
        "region": "TX",
        "country": "US",
        "road": "North Beach Street",
        "postalcode": "76137"
      }
    },
    {
      "type": "Feature",
      "geometry": {
        "type": "Point",
        "coordinates": [
          -118.42459869,
          34.29345703
        ]
      },
      "properties": {
        "netid": "58:00:E3:03:CE:EA",
        "ssid": null,
        "oui": "58:00:E3",
        "channel": 44,
        "encryption": "wpa2",
        "firsttime": "2025-08-18T21:00:00.000Z",
        "lasttime": "2025-08-18T21:00:00.000Z",
        "city": null,
        "region": "CA",
        "country": "US",
        "road": "Macneil Street",
        "postalcode": "91340"
      }
    },
    {
      "type": "Feature",
      "geometry": {
        "type": "Point",
        "coordinates": [
          -104.97875214,
          39.74423599
        ]
      },
      "properties": {
        "netid": "58:00:E3:03:CF:1F",
        "ssid": "DIRECT-roku-116-036205",
        "oui": "58:00:E3",
        "channel": 11,
        "encryption": "wpa2",
        "firsttime": "2024-10-12T13:00:00.000Z",
        "lasttime": "2026-02-12T22:00:00.000Z",
        "city": "Denver",
        "region": "CO",
        "country": "US",
        "road": "Washington Street",
        "postalcode": "80203"
      }
    },
    {
      "type": "Feature",
      "geometry": {
        "type": "Point",
        "coordinates": [
          -115.0977478,
          36.2049942
        ]
      },
      "properties": {
        "netid": "58:00:E3:03:CF:4F",
        "ssid": null,
        "oui": "58:00:E3",
        "channel": 44,
        "encryption": "wpa2",
        "firsttime": "2025-05-09T13:00:00.000Z",
        "lasttime": "2025-05-09T13:00:00.000Z",
        "city": "North Las Vegas",
        "region": "NV",
        "country": "US",
        "road": "Connie Avenue",
        "postalcode": "89030"
      }
    },
    {
      "type": "Feature",
      "geometry": {
        "type": "Point",
        "coordinates": [
          -118.30688477,
          33.9467659
        ]
      },
      "properties": {
        "netid": "58:00:E3:03:CF:68",
        "ssid": null,
        "oui": "58:00:E3",
        "channel": 11,
        "encryption": "wpa2",
        "firsttime": "2024-12-02T19:00:00.000Z",
        "lasttime": "2024-12-02T12:00:00.000Z",
        "city": "Los Angeles",
        "region": "CA",
        "country": "US",
        "road": "West 98th Street",
        "postalcode": "90047"
      }
    },
    {
      "type": "Feature",
      "geometry": {
        "type": "Point",
        "coordinates": [
          -116.99502563,
          32.60551071
        ]
      },
      "properties": {
        "netid": "58:00:E3:03:CF:88",
        "ssid": null,
        "oui": "58:00:E3",
        "channel": 40,
        "encryption": "wpa2",
        "firsttime": "2025-04-26T16:00:00.000Z",
        "lasttime": "2025-04-26T18:00:00.000Z",
        "city": "Chula Vista",
        "region": "CA",
        "country": "US",
        "road": "Spivey Road",
        "postalcode": "91913"
      }
    },
    {
      "type": "Feature",
      "geometry": {
        "type": "Point",
        "coordinates": [
          -117.73597717,
          33.61135483
        ]
      },
      "properties": {
        "netid": "58:00:E3:03:CF:8C",
        "ssid": "DIRECT-roku-308-FBEF69",
        "oui": "58:00:E3",
        "channel": 4,
        "encryption": "wpa2",
        "firsttime": "2025-09-14T07:00:00.000Z",
        "lasttime": "2025-10-27T18:00:00.000Z",
        "city": null,
        "region": "CA",
        "country": "US",
        "road": "Alta Vista",
        "postalcode": "92637"
      }
    },
    {
      "type": "Feature",
      "geometry": {
        "type": "Point",
        "coordinates": [
          -81.58318329,
          30.19713783
        ]
      },
      "properties": {
        "netid": "58:00:E3:03:CF:DA",
        "ssid": "DIRECT-roku-544-FF0ADD",
        "oui": "58:00:E3",
        "channel": 157,
        "encryption": "wpa2",
        "firsttime": "2024-07-02T03:00:00.000Z",
        "lasttime": "2025-05-15T16:00:00.000Z",
        "city": "Jacksonville",
        "region": "FL",
        "country": "US",
        "road": "Hood Road",
        "postalcode": "32257"
      }
    },
    {
      "type": "Feature",
      "geometry": {
        "type": "Point",
        "coordinates": [
          -118.21097565,
          33.90835953
        ]
      },
      "properties": {
        "netid": "58:00:E3:03:D0:01",
        "ssid": "DIRECT-roku-684-9515FC",
        "oui": "58:00:E3",
        "channel": 44,
        "encryption": "wpa2",
        "firsttime": "2024-11-24T18:00:00.000Z",
        "lasttime": "2024-11-24T17:00:00.000Z",
        "city": null,
        "region": "CA",
        "country": "US",
        "road": "East Golden Street",
        "postalcode": "90221"
      }
    },
    {
      "type": "Feature",
      "geometry": {
        "type": "Point",
        "coordinates": [
          -96.71618652,
          40.82960129
        ]
      },
      "properties": {
        "netid": "58:00:E3:03:D0:1E",
        "ssid": null,
        "oui": "58:00:E3",
        "channel": 36,
        "encryption": "wpa2",
        "firsttime": "2019-02-25T17:00:00.000Z",
        "lasttime": "2026-05-05T13:00:00.000Z",
        "city": "Lincoln",
        "region": "NE",
        "country": "US",
        "road": "Oak Lake Bike trail",
        "postalcode": "68588-0300"
      }
    },
    {
      "type": "Feature",
      "geometry": {
        "type": "Point",
        "coordinates": [
          -111.98973846,
          33.34599686
        ]
      },
      "properties": {
        "netid": "58:00:E3:03:D0:3D",
        "ssid": "DIRECT-roku-032-30AC4A",
        "oui": "58:00:E3",
        "channel": 157,
        "encryption": "wpa2",
        "firsttime": "2019-06-24T05:00:00.000Z",
        "lasttime": "2025-03-08T20:00:00.000Z",
        "city": "Phoenix",
        "region": "AZ",
        "country": "US",
        "road": "East Walatowa Street",
        "postalcode": "85076"
      }
    },
    {
      "type": "Feature",
      "geometry": {
        "type": "Point",
        "coordinates": [
          -88.43540955,
          42.59061813
        ]
      },
      "properties": {
        "netid": "58:00:E3:03:D0:6A",
        "ssid": "DIRECT-roku-819-4531B5",
        "oui": "58:00:E3",
        "channel": 36,
        "encryption": "wpa2",
        "firsttime": "2017-07-09T22:00:00.000Z",
        "lasttime": "2026-06-14T05:00:00.000Z",
        "city": null,
        "region": "WI",
        "country": "US",
        "road": "Williams Street",
        "postalcode": "53147"
      }
    },
    {
      "type": "Feature",
      "geometry": {
        "type": "Point",
        "coordinates": [
          -84.24964905,
          33.86824036
        ]
      },
      "properties": {
        "netid": "58:00:E3:03:D0:7C",
        "ssid": null,
        "oui": "58:00:E3",
        "channel": 1,
        "encryption": "wpa2",
        "firsttime": "2026-06-11T17:00:00.000Z",
        "lasttime": "2026-06-11T10:00:00.000Z",
        "city": null,
        "region": "GA",
        "country": "US",
        "road": "Perimeter",
        "postalcode": "30340"
      }
    },
    {
      "type": "Feature",
      "geometry": {
        "type": "Point",
        "coordinates": [
          -86.58573151,
          36.31572723
        ]
      },
      "properties": {
        "netid": "58:00:E3:03:D0:D8",
        "ssid": null,
        "oui": "58:00:E3",
        "channel": 6,
        "encryption": "wpa2",
        "firsttime": "2026-04-02T15:00:00.000Z",
        "lasttime": "2026-04-02T11:00:00.000Z",
        "city": null,
        "region": "TN",
        "country": "US",
        "road": null,
        "postalcode": "37075"
      }
    },
    {
      "type": "Feature",
      "geometry": {
        "type": "Point",
        "coordinates": [
          -105.03923035,
          40.56548309
        ]
      },
      "properties": {
        "netid": "58:00:E3:03:D1:1B",
        "ssid": null,
        "oui": "58:00:E3",
        "channel": 149,
        "encryption": "wpa2",
        "firsttime": "2026-01-23T21:00:00.000Z",
        "lasttime": "2026-01-23T14:00:00.000Z",
        "city": "Fort Collins",
        "region": "CO",
        "country": "US",
        "road": "South Timberline Road",
        "postalcode": "80525-1305"
      }
    },
    {
      "type": "Feature",
      "geometry": {
        "type": "Point",
        "coordinates": [
          -118.37607574,
          33.84596252
        ]
      },
      "properties": {
        "netid": "58:00:E3:03:D1:28",
        "ssid": null,
        "oui": "58:00:E3",
        "channel": 36,
        "encryption": "wpa2",
        "firsttime": "2022-03-13T13:00:00.000Z",
        "lasttime": "2026-07-04T15:00:00.000Z",
        "city": "Torrance",
        "region": "CA",
        "country": "US",
        "road": "Marialinda Street",
        "postalcode": "90503"
      }
    },
    {
      "type": "Feature",
      "geometry": {
        "type": "Point",
        "coordinates": [
          -86.11746979,
          42.81457138
        ]
      },
      "properties": {
        "netid": "58:00:E3:03:D1:CF",
        "ssid": null,
        "oui": "58:00:E3",
        "channel": 36,
        "encryption": "wpa2",
        "firsttime": "2025-05-01T18:00:00.000Z",
        "lasttime": "2025-05-01T15:00:00.000Z",
        "city": null,
        "region": "MI",
        "country": "US",
        "road": "136th Avenue",
        "postalcode": "49424"
      }
    },
    {
      "type": "Feature",
      "geometry": {
        "type": "Point",
        "coordinates": [
          -82.59520721,
          39.71351624
        ]
      },
      "properties": {
        "netid": "58:00:E3:03:D1:D1",
        "ssid": "DIRECT-roku-140-347DD0",
        "oui": "58:00:E3",
        "channel": 8,
        "encryption": "wpa2",
        "firsttime": "2025-09-20T15:00:00.000Z",
        "lasttime": "2026-08-03T14:00:00.000Z",
        "city": null,
        "region": "OH",
        "country": "US",
        "road": "East Main Street",
        "postalcode": "43130"
      }
    },
    {
      "type": "Feature",
      "geometry": {
        "type": "Point",
        "coordinates": [
          -87.9184494,
          42.03766632
        ]
      },
      "properties": {
        "netid": "58:00:E3:03:D2:09",
        "ssid": null,
        "oui": "58:00:E3",
        "channel": 44,
        "encryption": "wpa2",
        "firsttime": "2024-11-14T14:00:00.000Z",
        "lasttime": "2026-05-17T09:00:00.000Z",
        "city": null,
        "region": "IL",
        "country": "US",
        "road": "East Thacker Street",
        "postalcode": "60016"
      }
    },
    {
      "type": "Feature",
      "geometry": {
        "type": "Point",
        "coordinates": [
          -122.42694855,
          37.79073715
        ]
      },
      "properties": {
        "netid": "58:00:E3:03:D2:24",
        "ssid": "DIRECT-roku-488-485C67",
        "oui": "58:00:E3",
        "channel": 44,
        "encryption": "wpa2",
        "firsttime": "2024-03-09T03:00:00.000Z",
        "lasttime": "2025-11-15T10:00:00.000Z",
        "city": "San Francisco",
        "region": "CA",
        "country": "US",
        "road": "Sacramento Street",
        "postalcode": "94164"
      }
    },
    {
      "type": "Feature",
      "geometry": {
        "type": "Point",
        "coordinates": [
          -81.88735962,
          41.41740036
        ]
      },
      "properties": {
        "netid": "58:00:E3:03:D2:43",
        "ssid": "DIRECT-roku-040-F5CE40",
        "oui": "58:00:E3",
        "channel": 11,
        "encryption": "wpa2",
        "firsttime": "2026-04-20T14:00:00.000Z",
        "lasttime": "2026-08-09T11:00:00.000Z",
        "city": null,
        "region": "OH",
        "country": "US",
        "road": "I 480",
        "postalcode": "44039:44145"
      }
    },
    {
      "type": "Feature",
      "geometry": {
        "type": "Point",
        "coordinates": [
          -77.38518524,
          38.10790634
        ]
      },
      "properties": {
        "netid": "58:00:E3:03:D2:65",
        "ssid": "\u0000\u0000\u0000\u0000\u0000\u0000\u0000\u0000\u0000\u0000\u0000\u0000\u0000\u0000\u0000\u0000\u0000\u0000\u0000\u0000\u0000\u0000",
        "oui": "58:00:E3",
        "channel": 9,
        "encryption": "wpa2",
        "firsttime": "2026-06-19T19:00:00.000Z",
        "lasttime": "2026-06-19T13:00:00.000Z",
        "city": null,
        "region": "VA",
        "country": "US",
        "road": "Fredericksburg Turnpike",
        "postalcode": "22580"
      }
    },
    {
      "type": "Feature",
      "geometry": {
        "type": "Point",
        "coordinates": [
          -98.57450104,
          29.54883003
        ]
      },
      "properties": {
        "netid": "58:00:E3:03:D2:77",
        "ssid": "DIRECT-roku-863-510EDB",
        "oui": "58:00:E3",
        "channel": 6,
        "encryption": "wpa2",
        "firsttime": "2018-11-10T19:00:00.000Z",
        "lasttime": "2026-07-16T20:00:00.000Z",
        "city": "San Antonio",
        "region": "TX",
        "country": "US",
        "road": "Huebner Road",
        "postalcode": "78230"
      }
    },
    {
      "type": "Feature",
      "geometry": {
        "type": "Point",
        "coordinates": [
          -87.7282486,
          42.02347183
        ]
      },
      "properties": {
        "netid": "58:00:E3:03:D2:97",
        "ssid": "DIRECT-roku-293-123929",
        "oui": "58:00:E3",
        "channel": 1,
        "encryption": "wpa2",
        "firsttime": "2001-05-09T18:00:00.000Z",
        "lasttime": "2026-07-25T11:00:00.000Z",
        "city": null,
        "region": "IL",
        "country": "US",
        "road": "Crawford Avenue",
        "postalcode": "60076"
      }
    },
    {
      "type": "Feature",
      "geometry": {
        "type": "Point",
        "coordinates": [
          -70.92767334,
          42.05665588
        ]
      },
      "properties": {
        "netid": "58:00:E3:03:D2:E0",
        "ssid": null,
        "oui": "58:00:E3",
        "channel": 36,
        "encryption": "wpa2",
        "firsttime": "2026-06-23T18:00:00.000Z",
        "lasttime": "2026-06-29T16:00:00.000Z",
        "city": null,
        "region": "MA",
        "country": "US",
        "road": "Washington Street",
        "postalcode": "02333"
      }
    },
    {
      "type": "Feature",
      "geometry": {
        "type": "Point",
        "coordinates": [
          -115.3033905,
          36.10765457
        ]
      },
      "properties": {
        "netid": "58:00:E3:03:D2:FD",
        "ssid": null,
        "oui": "58:00:E3",
        "channel": 161,
        "encryption": "wpa2",
        "firsttime": "2018-07-04T23:00:00.000Z",
        "lasttime": "2025-09-30T13:00:00.000Z",
        "city": null,
        "region": "NV",
        "country": "US",
        "road": "Peace Way",
        "postalcode": "89147-5745"
      }
    },
    {
      "type": "Feature",
      "geometry": {
        "type": "Point",
        "coordinates": [
          -118.34938812,
          34.03553391
        ]
      },
      "properties": {
        "netid": "58:00:E3:03:D3:04",
        "ssid": "DIRECT-roku-573-71286D",
        "oui": "58:00:E3",
        "channel": 6,
        "encryption": "wpa2",
        "firsttime": "2024-08-18T20:00:00.000Z",
        "lasttime": "2026-02-05T14:00:00.000Z",
        "city": "Los Angeles",
        "region": "CA",
        "country": "US",
        "road": "La Brea Avenue",
        "postalcode": "90016-1417"
      }
    },
    {
      "type": "Feature",
      "geometry": {
        "type": "Point",
        "coordinates": [
          -81.34794617,
          28.36893654
        ]
      },
      "properties": {
        "netid": "58:00:E3:03:D3:08",
        "ssid": "DIRECT-roku-406-E78897",
        "oui": "58:00:E3",
        "channel": 36,
        "encryption": "wpa2",
        "firsttime": "2025-12-02T00:00:00.000Z",
        "lasttime": "2025-12-01T19:00:00.000Z",
        "city": null,
        "region": "FL",
        "country": "US",
        "road": "Central Florida GreeneWay",
        "postalcode": "32824"
      }
    },
    {
      "type": "Feature",
      "geometry": {
        "type": "Point",
        "coordinates": [
          -74.19422913,
          39.93657303
        ]
      },
      "properties": {
        "netid": "58:00:E3:03:D3:43",
        "ssid": "DIRECT-roku-292-E28FBC",
        "oui": "58:00:E3",
        "channel": 44,
        "encryption": "wpa2",
        "firsttime": "2026-06-18T22:00:00.000Z",
        "lasttime": "2026-08-09T07:00:00.000Z",
        "city": null,
        "region": "NJ",
        "country": "US",
        "road": "Beachwood Boulevard",
        "postalcode": "08722"
      }
    },
    {
      "type": "Feature",
      "geometry": {
        "type": "Point",
        "coordinates": [
          -118.29367065,
          34.15736389
        ]
      },
      "properties": {
        "netid": "58:00:E3:03:D3:61",
        "ssid": null,
        "oui": "58:00:E3",
        "channel": 36,
        "encryption": "wpa2",
        "firsttime": "2025-02-22T17:00:00.000Z",
        "lasttime": "2025-02-22T13:00:00.000Z",
        "city": "Glendale",
        "region": "CA",
        "country": "US",
        "road": "Garden Street",
        "postalcode": "91201"
      }
    },
    {
      "type": "Feature",
      "geometry": {
        "type": "Point",
        "coordinates": [
          -118.26423645,
          34.08979416
        ]
      },
      "properties": {
        "netid": "58:00:E3:03:D3:6F",
        "ssid": "DIRECT-roku-059-985331",
        "oui": "58:00:E3",
        "channel": 44,
        "encryption": "wpa2",
        "firsttime": "2025-09-27T17:00:00.000Z",
        "lasttime": "2025-09-27T10:00:00.000Z",
        "city": "Los Angeles",
        "region": "CA",
        "country": "US",
        "road": "Branden Street",
        "postalcode": "90026-3148"
      }
    },
    {
      "type": "Feature",
      "geometry": {
        "type": "Point",
        "coordinates": [
          -94.72363281,
          38.94723511
        ]
      },
      "properties": {
        "netid": "58:00:E3:03:D3:8B",
        "ssid": "DIRECT-roku-261-A9190B",
        "oui": "58:00:E3",
        "channel": 36,
        "encryption": "wpa2",
        "firsttime": "2025-01-23T21:00:00.000Z",
        "lasttime": "2025-01-23T22:00:00.000Z",
        "city": "Overland Park",
        "region": "KS",
        "country": "US",
        "road": "Quivira Road",
        "postalcode": "66215"
      }
    },
    {
      "type": "Feature",
      "geometry": {
        "type": "Point",
        "coordinates": [
          -80.75006104,
          35.22278976
        ]
      },
      "properties": {
        "netid": "58:00:E3:03:D3:C1",
        "ssid": null,
        "oui": "58:00:E3",
        "channel": 1,
        "encryption": "wpa2",
        "firsttime": "2023-12-06T22:00:00.000Z",
        "lasttime": "2026-01-14T17:00:00.000Z",
        "city": "Charlotte",
        "region": "NC",
        "country": "US",
        "road": "North Sharon Amity Road",
        "postalcode": "28205"
      }
    },
    {
      "type": "Feature",
      "geometry": {
        "type": "Point",
        "coordinates": [
          -77.25548553,
          37.43809128
        ]
      },
      "properties": {
        "netid": "58:00:E3:03:D4:24",
        "ssid": null,
        "oui": "58:00:E3",
        "channel": 44,
        "encryption": "wpa2",
        "firsttime": "2025-04-12T15:00:00.000Z",
        "lasttime": "2025-04-12T13:00:00.000Z",
        "city": null,
        "region": "VA",
        "country": "US",
        "road": "Long Bridge Road",
        "postalcode": "23231"
      }
    },
    {
      "type": "Feature",
      "geometry": {
        "type": "Point",
        "coordinates": [
          -118.30804443,
          34.09077072
        ]
      },
      "properties": {
        "netid": "58:00:E3:03:D4:6B",
        "ssid": "DIRECT-roku-700-2D3083",
        "oui": "58:00:E3",
        "channel": 36,
        "encryption": "wpa2",
        "firsttime": "2019-09-07T19:00:00.000Z",
        "lasttime": "2026-06-17T09:00:00.000Z",
        "city": "Los Angeles",
        "region": "CA",
        "country": "US",
        "road": "Santa Monica Boulevard",
        "postalcode": "90029-3737"
      }
    },
    {
      "type": "Feature",
      "geometry": {
        "type": "Point",
        "coordinates": [
          -84.3026123,
          30.47710991
        ]
      },
      "properties": {
        "netid": "58:00:E3:03:D4:81",
        "ssid": "DIRECT-roku-600-DDBF26",
        "oui": "58:00:E3",
        "channel": 11,
        "encryption": "wpa2",
        "firsttime": "2026-04-05T16:00:00.000Z",
        "lasttime": "2026-04-20T06:00:00.000Z",
        "city": "Tallahassee",
        "region": "FL",
        "country": "US",
        "road": "West Lakeshore Drive",
        "postalcode": "32312"
      }
    },
    {
      "type": "Feature",
      "geometry": {
        "type": "Point",
        "coordinates": [
          -88.06950378,
          41.98152924
        ]
      },
      "properties": {
        "netid": "58:00:E3:03:D4:A4",
        "ssid": null,
        "oui": "58:00:E3",
        "channel": 6,
        "encryption": "wpa2",
        "firsttime": "2026-01-26T17:00:00.000Z",
        "lasttime": "2026-01-26T14:00:00.000Z",
        "city": null,
        "region": "IL",
        "country": "US",
        "road": "Irving Park Road",
        "postalcode": "60172"
      }
    },
    {
      "type": "Feature",
      "geometry": {
        "type": "Point",
        "coordinates": [
          -88.10267639,
          41.89512634
        ]
      },
      "properties": {
        "netid": "58:00:E3:03:D4:B4",
        "ssid": "DIRECT-roku-261-931E88",
        "oui": "58:00:E3",
        "channel": 48,
        "encryption": "wpa2",
        "firsttime": "2022-11-26T11:00:00.000Z",
        "lasttime": "2026-01-29T15:00:00.000Z",
        "city": null,
        "region": "IL",
        "country": "US",
        "road": "South Schmale Road",
        "postalcode": "60188"
      }
    },
    {
      "type": "Feature",
      "geometry": {
        "type": "Point",
        "coordinates": [
          -86.27075195,
          39.83847427
        ]
      },
      "properties": {
        "netid": "58:00:E3:03:D5:00",
        "ssid": "DIRECT-roku-980-BE4E3E",
        "oui": "58:00:E3",
        "channel": 4,
        "encryption": "wep",
        "firsttime": "2026-04-11T10:00:00.000Z",
        "lasttime": "2026-04-11T22:00:00.000Z",
        "city": "Indianapolis",
        "region": "IN",
        "country": "US",
        "road": "North High School Road",
        "postalcode": "46254"
      }
    },
    {
      "type": "Feature",
      "geometry": {
        "type": "Point",
        "coordinates": [
          -75.50576782,
          39.10398102
        ]
      },
      "properties": {
        "netid": "58:00:E3:03:D5:41",
        "ssid": "DIRECT-roku-281-EC4071",
        "oui": "58:00:E3",
        "channel": 36,
        "encryption": "wpa2",
        "firsttime": "2026-06-17T16:00:00.000Z",
        "lasttime": "2026-06-17T10:00:00.000Z",
        "city": null,
        "region": "DE",
        "country": "US",
        "road": "Rhode Island Drive",
        "postalcode": "19901"
      }
    },
    {
      "type": "Feature",
      "geometry": {
        "type": "Point",
        "coordinates": [
          -113.06304169,
          37.6631012
        ]
      },
      "properties": {
        "netid": "58:00:E3:03:D5:AD",
        "ssid": "DIRECT-roku-625-06F208",
        "oui": "58:00:E3",
        "channel": 48,
        "encryption": "wpa2",
        "firsttime": "2022-10-08T14:00:00.000Z",
        "lasttime": "2024-10-28T17:00:00.000Z",
        "city": "Cedar City",
        "region": "UT",
        "country": "US",
        "road": "West 820 South",
        "postalcode": "84720"
      }
    },
    {
      "type": "Feature",
      "geometry": {
        "type": "Point",
        "coordinates": [
          -111.61225891,
          40.11936188
        ]
      },
      "properties": {
        "netid": "58:00:E3:03:D5:C3",
        "ssid": null,
        "oui": "58:00:E3",
        "channel": 149,
        "encryption": "wpa2",
        "firsttime": "2026-05-25T21:00:00.000Z",
        "lasttime": "2026-05-25T14:00:00.000Z",
        "city": null,
        "region": "UT",
        "country": "US",
        "road": "North Spanish Fork Parkway",
        "postalcode": "84660"
      }
    },
    {
      "type": "Feature",
      "geometry": {
        "type": "Point",
        "coordinates": [
          -114.96364594,
          36.05147171
        ]
      },
      "properties": {
        "netid": "58:00:E3:03:D5:C7",
        "ssid": "DIRECT-roku-078-2A99A7",
        "oui": "58:00:E3",
        "channel": 157,
        "encryption": "wpa2",
        "firsttime": "2020-11-13T14:00:00.000Z",
        "lasttime": "2025-09-08T14:00:00.000Z",
        "city": "Henderson",
        "region": "NV",
        "country": "US",
        "road": "Shonto Place",
        "postalcode": "89009-0625"
      }
    },
    {
      "type": "Feature",
      "geometry": {
        "type": "Point",
        "coordinates": [
          -111.92589569,
          40.7826004
        ]
      },
      "properties": {
        "netid": "58:00:E3:03:D5:CE",
        "ssid": null,
        "oui": "58:00:E3",
        "channel": 48,
        "encryption": "wpa2",
        "firsttime": "2018-11-11T00:00:00.000Z",
        "lasttime": "2025-06-06T11:00:00.000Z",
        "city": "Salt Lake City",
        "region": "UT",
        "country": "US",
        "road": "600 North",
        "postalcode": "84116"
      }
    },
    {
      "type": "Feature",
      "geometry": {
        "type": "Point",
        "coordinates": [
          -97.75125885,
          30.26621246
        ]
      },
      "properties": {
        "netid": "58:00:E3:03:D6:31",
        "ssid": "DIRECT-roku-163-723F19",
        "oui": "58:00:E3",
        "channel": 36,
        "encryption": "wpa2",
        "firsttime": "2020-03-04T00:00:00.000Z",
        "lasttime": "2025-10-12T20:00:00.000Z",
        "city": "Austin",
        "region": "TX",
        "country": "US",
        "road": "West 2nd Street",
        "postalcode": "78701"
      }
    },
    {
      "type": "Feature",
      "geometry": {
        "type": "Point",
        "coordinates": [
          -83.00723267,
          36.37359238
        ]
      },
      "properties": {
        "netid": "58:00:E3:03:D6:43",
        "ssid": "DIRECT-roku-530-2320CE",
        "oui": "58:00:E3",
        "channel": 44,
        "encryption": "wpa2",
        "firsttime": "2026-04-04T15:00:00.000Z",
        "lasttime": "2026-04-04T10:00:00.000Z",
        "city": null,
        "region": "TN",
        "country": "US",
        "road": "McKinney Chapel Road",
        "postalcode": "37857"
      }
    },
    {
      "type": "Feature",
      "geometry": {
        "type": "Point",
        "coordinates": [
          -96.87080383,
          33.00956345
        ]
      },
      "properties": {
        "netid": "58:00:E3:03:D6:AB",
        "ssid": "DIRECT-roku-498-BB3B5A",
        "oui": "58:00:E3",
        "channel": 36,
        "encryption": "wpa2",
        "firsttime": "2025-09-25T15:00:00.000Z",
        "lasttime": "2025-09-25T17:00:00.000Z",
        "city": "Carrollton",
        "region": "TX",
        "country": "US",
        "road": "Lymington Road",
        "postalcode": "75187"
      }
    },
    {
      "type": "Feature",
      "geometry": {
        "type": "Point",
        "coordinates": [
          -116.22335815,
          43.64813995
        ]
      },
      "properties": {
        "netid": "58:00:E3:03:D6:AD",
        "ssid": null,
        "oui": "58:00:E3",
        "channel": 40,
        "encryption": "wpa2",
        "firsttime": "2025-03-27T20:00:00.000Z",
        "lasttime": "2025-03-27T13:00:00.000Z",
        "city": "Boise",
        "region": "ID",
        "country": "US",
        "road": "West Taft Street",
        "postalcode": "83703"
      }
    },
    {
      "type": "Feature",
      "geometry": {
        "type": "Point",
        "coordinates": [
          -112.43549347,
          37.82320786
        ]
      },
      "properties": {
        "netid": "58:00:E3:03:D6:C4",
        "ssid": "DIRECT-roku-622-9476E3",
        "oui": "58:00:E3",
        "channel": 11,
        "encryption": "wpa2",
        "firsttime": "2024-06-29T22:00:00.000Z",
        "lasttime": "2026-05-27T19:00:00.000Z",
        "city": null,
        "region": "UT",
        "country": "US",
        "road": "North Main Street",
        "postalcode": "84759"
      }
    },
    {
      "type": "Feature",
      "geometry": {
        "type": "Point",
        "coordinates": [
          -81.54914856,
          41.06878662
        ]
      },
      "properties": {
        "netid": "58:00:E3:03:D6:CB",
        "ssid": "DIRECT-roku-186-F231E4",
        "oui": "58:00:E3",
        "channel": 7,
        "encryption": "wpa2",
        "firsttime": "2025-03-14T22:00:00.000Z",
        "lasttime": "2025-06-08T18:00:00.000Z",
        "city": "Akron",
        "region": "OH",
        "country": "US",
        "road": "East Avenue",
        "postalcode": "44314"
      }
    },
    {
      "type": "Feature",
      "geometry": {
        "type": "Point",
        "coordinates": [
          -116.29589081,
          43.66690445
        ]
      },
      "properties": {
        "netid": "58:00:E3:03:D6:E6",
        "ssid": null,
        "oui": "58:00:E3",
        "channel": 149,
        "encryption": "wpa2",
        "firsttime": "2025-03-28T18:00:00.000Z",
        "lasttime": "2025-03-28T15:00:00.000Z",
        "city": null,
        "region": "ID",
        "country": "US",
        "road": "West Riverside Drive",
        "postalcode": "83714"
      }
    },
    {
      "type": "Feature",
      "geometry": {
        "type": "Point",
        "coordinates": [
          -85.99452972,
          42.39427948
        ]
      },
      "properties": {
        "netid": "58:00:E3:03:D6:F7",
        "ssid": null,
        "oui": "58:00:E3",
        "channel": 36,
        "encryption": "wpa2",
        "firsttime": "2025-04-09T03:00:00.000Z",
        "lasttime": "2025-04-08T22:00:00.000Z",
        "city": null,
        "region": "MI",
        "country": "US",
        "road": "County Road 388",
        "postalcode": "49026"
      }
    },
    {
      "type": "Feature",
      "geometry": {
        "type": "Point",
        "coordinates": [
          -84.02928925,
          42.30902481
        ]
      },
      "properties": {
        "netid": "58:00:E3:03:D7:12",
        "ssid": null,
        "oui": "58:00:E3",
        "channel": 4,
        "encryption": "wpa2",
        "firsttime": "2019-12-28T13:00:00.000Z",
        "lasttime": "2026-03-02T11:00:00.000Z",
        "city": null,
        "region": "MI",
        "country": "US",
        "road": "Wilkinson Street",
        "postalcode": "48118"
      }
    },
    {
      "type": "Feature",
      "geometry": {
        "type": "Point",
        "coordinates": [
          -82.11489868,
          33.46214676
        ]
      },
      "properties": {
        "netid": "58:00:E3:03:D8:08",
        "ssid": "\u0000\u0000\u0000\u0000\u0000\u0000\u0000\u0000\u0000\u0000\u0000\u0000\u0000\u0000\u0000\u0000\u0000\u0000\u0000\u0000\u0000\u0000",
        "oui": "58:00:E3",
        "channel": 6,
        "encryption": "wpa2",
        "firsttime": "2026-05-21T16:00:00.000Z",
        "lasttime": "2026-05-29T17:00:00.000Z",
        "city": "Augusta",
        "region": "GA",
        "country": "US",
        "road": "Mabus Drive",
        "postalcode": null
      }
    },
    {
      "type": "Feature",
      "geometry": {
        "type": "Point",
        "coordinates": [
          -97.20628357,
          27.60964394
        ]
      },
      "properties": {
        "netid": "58:00:E3:03:D8:61",
        "ssid": "DIRECT-roku-847-A3E725",
        "oui": "58:00:E3",
        "channel": 157,
        "encryption": "wpa2",
        "firsttime": "2024-05-06T19:00:00.000Z",
        "lasttime": "2025-02-07T15:00:00.000Z",
        "city": "Corpus Christi",
        "region": "TX",
        "country": "US",
        "road": "Windward Drive",
        "postalcode": "78418"
      }
    },
    {
      "type": "Feature",
      "geometry": {
        "type": "Point",
        "coordinates": [
          -74.0111084,
          40.78645706
        ]
      },
      "properties": {
        "netid": "58:00:E3:03:D8:6E",
        "ssid": "DIRECT-roku-671-C2E4A9",
        "oui": "58:00:E3",
        "channel": 40,
        "encryption": "wpa2",
        "firsttime": "2020-01-15T15:00:00.000Z",
        "lasttime": "2025-03-27T09:00:00.000Z",
        "city": null,
        "region": "NJ",
        "country": "US",
        "road": "60th Street",
        "postalcode": "07093"
      }
    },
    {
      "type": "Feature",
      "geometry": {
        "type": "Point",
        "coordinates": [
          -74.18714142,
          40.65615463
        ]
      },
      "properties": {
        "netid": "58:00:E3:03:D8:85",
        "ssid": null,
        "oui": "58:00:E3",
        "channel": 1,
        "encryption": "wpa2",
        "firsttime": "2024-11-08T15:00:00.000Z",
        "lasttime": "2024-11-08T12:00:00.000Z",
        "city": "Elizabeth",
        "region": "NJ",
        "country": "US",
        "road": "Pine Street",
        "postalcode": "07206"
      }
    },
    {
      "type": "Feature",
      "geometry": {
        "type": "Point",
        "coordinates": [
          -69.40827942,
          44.93468094
        ]
      },
      "properties": {
        "netid": "58:00:E3:03:D8:EE",
        "ssid": "DIRECT-roku-374-FA5734",
        "oui": "58:00:E3",
        "channel": 11,
        "encryption": "wpa2",
        "firsttime": "2022-10-07T13:00:00.000Z",
        "lasttime": "2025-08-17T12:00:00.000Z",
        "city": null,
        "region": "ME",
        "country": "US",
        "road": "Todds Corner Road",
        "postalcode": "04971"
      }
    },
    {
      "type": "Feature",
      "geometry": {
        "type": "Point",
        "coordinates": [
          -79.9712677,
          40.41973114
        ]
      },
      "properties": {
        "netid": "58:00:E3:03:D9:12",
        "ssid": "DIRECT-roku-880-5557CA",
        "oui": "58:00:E3",
        "channel": 161,
        "encryption": "wpa2",
        "firsttime": "2019-09-15T13:00:00.000Z",
        "lasttime": "2024-09-22T17:00:00.000Z",
        "city": "Pittsburgh",
        "region": "PA",
        "country": "US",
        "road": "Berg Street",
        "postalcode": "15203"
      }
    },
    {
      "type": "Feature",
      "geometry": {
        "type": "Point",
        "coordinates": [
          -116.62608337,
          31.86107635
        ]
      },
      "properties": {
        "netid": "58:00:E3:03:D9:3A",
        "ssid": "DIRECT-roku-308-FEA042",
        "oui": "58:00:E3",
        "channel": 149,
        "encryption": "wpa2",
        "firsttime": "2026-07-29T20:00:00.000Z",
        "lasttime": "2026-07-29T15:00:00.000Z",
        "city": "Ensenada",
        "region": "Baja California",
        "country": "MX",
        "road": "Avenida La Marina",
        "postalcode": "2800"
      }
    },
    {
      "type": "Feature",
      "geometry": {
        "type": "Point",
        "coordinates": [
          -157.84040833,
          21.28123283
        ]
      },
      "properties": {
        "netid": "58:00:E3:03:D9:54",
        "ssid": "DIRECT-roku-409-76720E",
        "oui": "58:00:E3",
        "channel": 36,
        "encryption": "wpa2",
        "firsttime": "2025-10-29T03:00:00.000Z",
        "lasttime": "2025-10-28T23:00:00.000Z",
        "city": "Honolulu",
        "region": "HI",
        "country": "US",
        "road": "Holomoana Street",
        "postalcode": "96841"
      }
    },
    {
      "type": "Feature",
      "geometry": {
        "type": "Point",
        "coordinates": [
          -86.08859253,
          39.85822296
        ]
      },
      "properties": {
        "netid": "58:00:E3:03:D9:94",
        "ssid": null,
        "oui": "58:00:E3",
        "channel": 44,
        "encryption": "wpa2",
        "firsttime": "2024-09-17T03:00:00.000Z",
        "lasttime": "2025-07-16T20:00:00.000Z",
        "city": "Indianapolis",
        "region": "IN",
        "country": "US",
        "road": "Kessler Boulevard East Drive",
        "postalcode": "46220"
      }
    },
    {
      "type": "Feature",
      "geometry": {
        "type": "Point",
        "coordinates": [
          -84.20568085,
          42.24419022
        ]
      },
      "properties": {
        "netid": "58:00:E3:03:D9:AD",
        "ssid": null,
        "oui": "58:00:E3",
        "channel": 9,
        "encryption": "wpa2",
        "firsttime": "2025-04-21T01:00:00.000Z",
        "lasttime": "2025-04-20T19:00:00.000Z",
        "city": null,
        "region": "MI",
        "country": "US",
        "road": "Pinewood",
        "postalcode": "49240"
      }
    },
    {
      "type": "Feature",
      "geometry": {
        "type": "Point",
        "coordinates": [
          -112.01705933,
          33.37795258
        ]
      },
      "properties": {
        "netid": "58:00:E3:03:DA:06",
        "ssid": null,
        "oui": "58:00:E3",
        "channel": 44,
        "encryption": "wpa2",
        "firsttime": "2024-10-05T21:00:00.000Z",
        "lasttime": "2025-07-08T00:00:00.000Z",
        "city": "Phoenix",
        "region": "AZ",
        "country": "US",
        "road": "East Baseline Road",
        "postalcode": "85042"
      }
    },
    {
      "type": "Feature",
      "geometry": {
        "type": "Point",
        "coordinates": [
          -122.26685333,
          37.80685043
        ]
      },
      "properties": {
        "netid": "58:00:E3:03:DA:14",
        "ssid": null,
        "oui": "58:00:E3",
        "channel": 48,
        "encryption": "wpa2",
        "firsttime": "2026-01-12T06:00:00.000Z",
        "lasttime": "2026-01-11T22:00:00.000Z",
        "city": "Oakland",
        "region": "CA",
        "country": "US",
        "road": "19th Street",
        "postalcode": "94612"
      }
    },
    {
      "type": "Feature",
      "geometry": {
        "type": "Point",
        "coordinates": [
          -72.89183044,
          41.36687088
        ]
      },
      "properties": {
        "netid": "58:00:E3:03:DA:27",
        "ssid": null,
        "oui": "58:00:E3",
        "channel": 1,
        "encryption": "wpa2",
        "firsttime": "2025-10-11T19:00:00.000Z",
        "lasttime": "2025-10-11T13:00:00.000Z",
        "city": null,
        "region": "CT",
        "country": "US",
        "road": "Hartford Turnpike",
        "postalcode": "06473"
      }
    },
    {
      "type": "Feature",
      "geometry": {
        "type": "Point",
        "coordinates": [
          -81.04551697,
          29.26332092
        ]
      },
      "properties": {
        "netid": "58:00:E3:03:DA:2E",
        "ssid": null,
        "oui": "58:00:E3",
        "channel": 153,
        "encryption": "wpa2",
        "firsttime": "2025-04-10T00:00:00.000Z",
        "lasttime": "2025-04-09T18:00:00.000Z",
        "city": null,
        "region": "FL",
        "country": "US",
        "road": "Plaza Grande Avenue",
        "postalcode": "32174"
      }
    },
    {
      "type": "Feature",
      "geometry": {
        "type": "Point",
        "coordinates": [
          -84.17188263,
          34.20702744
        ]
      },
      "properties": {
        "netid": "58:00:E3:03:DA:8B",
        "ssid": "DIRECT-roku-966-9CDB66",
        "oui": "58:00:E3",
        "channel": 157,
        "encryption": "wpa2",
        "firsttime": "2024-11-05T22:00:00.000Z",
        "lasttime": "2025-03-07T16:00:00.000Z",
        "city": null,
        "region": "GA",
        "country": "US",
        "road": "Kelly Mill Road",
        "postalcode": "30040"
      }
    },
    {
      "type": "Feature",
      "geometry": {
        "type": "Point",
        "coordinates": [
          -80.15549469,
          26.16617012
        ]
      },
      "properties": {
        "netid": "58:00:E3:03:DA:AE",
        "ssid": "DIRECT-roku-984-672F23",
        "oui": "58:00:E3",
        "channel": 1,
        "encryption": "wpa2",
        "firsttime": "2024-09-01T18:00:00.000Z",
        "lasttime": "2026-08-02T14:00:00.000Z",
        "city": "Wilton Manors",
        "region": "FL",
        "country": "US",
        "road": "West Oakland Park Boulevard",
        "postalcode": "33311"
      }
    },
    {
      "type": "Feature",
      "geometry": {
        "type": "Point",
        "coordinates": [
          -95.22442627,
          30.13626289
        ]
      },
      "properties": {
        "netid": "58:00:E3:03:DA:FB",
        "ssid": null,
        "oui": "58:00:E3",
        "channel": 149,
        "encryption": "wpa2",
        "firsttime": "2025-03-10T14:00:00.000Z",
        "lasttime": "2025-03-10T14:00:00.000Z",
        "city": null,
        "region": "TX",
        "country": "US",
        "road": "Cuttler Road",
        "postalcode": "77357"
      }
    },
    {
      "type": "Feature",
      "geometry": {
        "type": "Point",
        "coordinates": [
          -87.74671173,
          41.81282806
        ]
      },
      "properties": {
        "netid": "58:00:E3:03:DB:1D",
        "ssid": "DIRECT-roku-799-06CD2B",
        "oui": "58:00:E3",
        "channel": 149,
        "encryption": "wpa2",
        "firsttime": "2020-08-07T17:00:00.000Z",
        "lasttime": "2024-12-09T12:00:00.000Z",
        "city": "Chicago",
        "region": "IL",
        "country": "US",
        "road": "West 44th Street",
        "postalcode": "60638"
      }
    },
    {
      "type": "Feature",
      "geometry": {
        "type": "Point",
        "coordinates": [
          -93.44220734,
          45.11355591
        ]
      },
      "properties": {
        "netid": "58:00:E3:03:DB:C3",
        "ssid": null,
        "oui": "58:00:E3",
        "channel": 149,
        "encryption": "wpa2",
        "firsttime": "2025-04-12T16:00:00.000Z",
        "lasttime": "2025-04-12T12:00:00.000Z",
        "city": null,
        "region": "MN",
        "country": "US",
        "road": "87th Avenue North",
        "postalcode": "55369"
      }
    },
    {
      "type": "Feature",
      "geometry": {
        "type": "Point",
        "coordinates": [
          -70.58318329,
          43.30429077
        ]
      },
      "properties": {
        "netid": "58:00:E3:03:DC:05",
        "ssid": null,
        "oui": "58:00:E3",
        "channel": 6,
        "encryption": "wpa2",
        "firsttime": "2021-04-04T11:00:00.000Z",
        "lasttime": "2025-03-08T19:00:00.000Z",
        "city": null,
        "region": "ME",
        "country": "US",
        "road": "Mile Road",
        "postalcode": "04090"
      }
    },
    {
      "type": "Feature",
      "geometry": {
        "type": "Point",
        "coordinates": [
          -71.85855865,
          42.36857605
        ]
      },
      "properties": {
        "netid": "58:00:E3:03:DC:3D",
        "ssid": null,
        "oui": "58:00:E3",
        "channel": 7,
        "encryption": "wpa2",
        "firsttime": "2021-10-15T13:00:00.000Z",
        "lasttime": "2025-03-08T22:00:00.000Z",
        "city": null,
        "region": "MA",
        "country": "US",
        "road": "Quinapoxet Street",
        "postalcode": "01522"
      }
    },
    {
      "type": "Feature",
      "geometry": {
        "type": "Point",
        "coordinates": [
          -82.84060669,
          39.991642
        ]
      },
      "properties": {
        "netid": "58:00:E3:03:DC:41",
        "ssid": null,
        "oui": "58:00:E3",
        "channel": 11,
        "encryption": "wpa2",
        "firsttime": "2025-07-29T13:00:00.000Z",
        "lasttime": "2025-07-29T07:00:00.000Z",
        "city": null,
        "region": "OH",
        "country": "US",
        "road": "Taylor Station Road",
        "postalcode": "43230"
      }
    },
    {
      "type": "Feature",
      "geometry": {
        "type": "Point",
        "coordinates": [
          -88.27682495,
          40.11027527
        ]
      },
      "properties": {
        "netid": "58:00:E3:03:DC:82",
        "ssid": null,
        "oui": "58:00:E3",
        "channel": 11,
        "encryption": "wpa2",
        "firsttime": "2025-08-12T15:00:00.000Z",
        "lasttime": "2025-08-13T07:00:00.000Z",
        "city": "Champaign",
        "region": "IL",
        "country": "US",
        "road": "Frank Drive",
        "postalcode": "61821"
      }
    },
    {
      "type": "Feature",
      "geometry": {
        "type": "Point",
        "coordinates": [
          -96.8274231,
          33.08182144
        ]
      },
      "properties": {
        "netid": "58:00:E3:03:DC:A7",
        "ssid": null,
        "oui": "58:00:E3",
        "channel": 36,
        "encryption": "wpa2",
        "firsttime": "2025-03-25T03:00:00.000Z",
        "lasttime": "2026-03-28T18:00:00.000Z",
        "city": "Plano",
        "region": "TX",
        "country": "US",
        "road": "Communications Parkway",
        "postalcode": "75024"
      }
    },
    {
      "type": "Feature",
      "geometry": {
        "type": "Point",
        "coordinates": [
          -118.26272583,
          34.04420471
        ]
      },
      "properties": {
        "netid": "58:00:E3:03:DC:AF",
        "ssid": "DIRECT-roku-148-88CEC6",
        "oui": "58:00:E3",
        "channel": 40,
        "encryption": "wpa2",
        "firsttime": "2024-05-02T05:00:00.000Z",
        "lasttime": "2026-03-30T05:00:00.000Z",
        "city": "Los Angeles",
        "region": "CA",
        "country": "US",
        "road": "West 5th Street",
        "postalcode": "90071"
      }
    },
    {
      "type": "Feature",
      "geometry": {
        "type": "Point",
        "coordinates": [
          -82.39338684,
          27.9996624
        ]
      },
      "properties": {
        "netid": "58:00:E3:03:DC:BD",
        "ssid": null,
        "oui": "58:00:E3",
        "channel": 36,
        "encryption": "wpa2",
        "firsttime": "2025-10-04T21:00:00.000Z",
        "lasttime": "2026-01-03T20:00:00.000Z",
        "city": null,
        "region": "FL",
        "country": "US",
        "road": "North 56th Street",
        "postalcode": "33617"
      }
    },
    {
      "type": "Feature",
      "geometry": {
        "type": "Point",
        "coordinates": [
          -95.54818726,
          29.65192604
        ]
      },
      "properties": {
        "netid": "58:00:E3:03:DC:E4",
        "ssid": null,
        "oui": "58:00:E3",
        "channel": 36,
        "encryption": "wpa2",
        "firsttime": "2026-05-15T13:00:00.000Z",
        "lasttime": "2026-05-15T17:00:00.000Z",
        "city": "Houston",
        "region": "TX",
        "country": "US",
        "road": "South Sam Houston Tollway West",
        "postalcode": "77031:77035"
      }
    },
    {
      "type": "Feature",
      "geometry": {
        "type": "Point",
        "coordinates": [
          -95.54786682,
          29.65177155
        ]
      },
      "properties": {
        "netid": "58:00:E3:03:DC:EB",
        "ssid": null,
        "oui": "58:00:E3",
        "channel": 36,
        "encryption": "wpa2",
        "firsttime": "2017-10-10T09:00:00.000Z",
        "lasttime": "2026-07-11T19:00:00.000Z",
        "city": "Houston",
        "region": "TX",
        "country": "US",
        "road": "South Sam Houston Tollway West",
        "postalcode": "77031:77035"
      }
    },
    {
      "type": "Feature",
      "geometry": {
        "type": "Point",
        "coordinates": [
          -87.21135712,
          30.44187927
        ]
      },
      "properties": {
        "netid": "58:00:E3:03:DD:0B",
        "ssid": null,
        "oui": "58:00:E3",
        "channel": 1,
        "encryption": "wpa2",
        "firsttime": "2018-12-07T23:00:00.000Z",
        "lasttime": "2026-03-18T17:00:00.000Z",
        "city": "Pensacola",
        "region": "FL",
        "country": "US",
        "road": "North 9th Avenue",
        "postalcode": "32503"
      }
    },
    {
      "type": "Feature",
      "geometry": {
        "type": "Point",
        "coordinates": [
          -71.18995667,
          42.61013412
        ]
      },
      "properties": {
        "netid": "58:00:E3:03:DD:70",
        "ssid": "DIRECT-roku-763-8A9DCA",
        "oui": "58:00:E3",
        "channel": 6,
        "encryption": "wpa2",
        "firsttime": "2023-03-30T18:00:00.000Z",
        "lasttime": "2026-08-01T20:00:00.000Z",
        "city": null,
        "region": "MA",
        "country": "US",
        "road": "Shawsheen Street",
        "postalcode": "01876-0841"
      }
    },
    {
      "type": "Feature",
      "geometry": {
        "type": "Point",
        "coordinates": [
          -89.99766541,
          35.11634445
        ]
      },
      "properties": {
        "netid": "58:00:E3:03:DD:E6",
        "ssid": null,
        "oui": "58:00:E3",
        "channel": 1,
        "encryption": "wpa2",
        "firsttime": "2026-01-29T16:00:00.000Z",
        "lasttime": "2026-01-29T19:00:00.000Z",
        "city": "Memphis",
        "region": "TN",
        "country": "US",
        "road": "Southern Avenue",
        "postalcode": "38111"
      }
    },
    {
      "type": "Feature",
      "geometry": {
        "type": "Point",
        "coordinates": [
          -71.08818817,
          42.28240585
        ]
      },
      "properties": {
        "netid": "58:00:E3:03:DD:F2",
        "ssid": null,
        "oui": "58:00:E3",
        "channel": 157,
        "encryption": "wpa2",
        "firsttime": "2025-04-16T16:00:00.000Z",
        "lasttime": "2025-04-16T10:00:00.000Z",
        "city": "Boston",
        "region": "MA",
        "country": "US",
        "road": "Morton Street",
        "postalcode": "02126"
      }
    },
    {
      "type": "Feature",
      "geometry": {
        "type": "Point",
        "coordinates": [
          -93.24401093,
          37.18502808
        ]
      },
      "properties": {
        "netid": "58:00:E3:03:DE:12",
        "ssid": null,
        "oui": "58:00:E3",
        "channel": 1,
        "encryption": "wep",
        "firsttime": "2024-01-04T18:00:00.000Z",
        "lasttime": "2026-04-02T03:00:00.000Z",
        "city": "Springfield",
        "region": "MO",
        "country": "US",
        "road": "East Linwood Drive",
        "postalcode": "65804"
      }
    },
    {
      "type": "Feature",
      "geometry": {
        "type": "Point",
        "coordinates": [
          -73.91854858,
          41.29588318
        ]
      },
      "properties": {
        "netid": "58:00:E3:03:DE:3E",
        "ssid": null,
        "oui": "58:00:E3",
        "channel": 1,
        "encryption": "wpa2",
        "firsttime": "2026-08-09T23:00:00.000Z",
        "lasttime": "2026-08-09T17:00:00.000Z",
        "city": null,
        "region": "NY",
        "country": "US",
        "road": "North Division Street",
        "postalcode": "10566"
      }
    },
    {
      "type": "Feature",
      "geometry": {
        "type": "Point",
        "coordinates": [
          -95.14582825,
          29.78876114
        ]
      },
      "properties": {
        "netid": "58:00:E3:03:DE:40",
        "ssid": null,
        "oui": "58:00:E3",
        "channel": 44,
        "encryption": "wpa2",
        "firsttime": "2025-02-07T19:00:00.000Z",
        "lasttime": "2025-02-07T13:00:00.000Z",
        "city": null,
        "region": "TX",
        "country": "US",
        "road": "Woodforest Boulevard",
        "postalcode": "77530"
      }
    },
    {
      "type": "Feature",
      "geometry": {
        "type": "Point",
        "coordinates": [
          -106.65174103,
          35.00053787
        ]
      },
      "properties": {
        "netid": "58:00:E3:03:DE:4E",
        "ssid": null,
        "oui": "58:00:E3",
        "channel": 36,
        "encryption": "wpa2",
        "firsttime": "2025-05-13T02:00:00.000Z",
        "lasttime": "2026-01-19T13:00:00.000Z",
        "city": null,
        "region": "NM",
        "country": "US",
        "road": "Broadway Boulevard Southeast",
        "postalcode": "87105"
      }
    },
    {
      "type": "Feature",
      "geometry": {
        "type": "Point",
        "coordinates": [
          -72.64933777,
          41.76938629
        ]
      },
      "properties": {
        "netid": "58:00:E3:03:DE:6A",
        "ssid": "DIRECT-roku-653-9AA981",
        "oui": "58:00:E3",
        "channel": 44,
        "encryption": "wpa2",
        "firsttime": "2026-04-23T00:00:00.000Z",
        "lasttime": "2026-04-22T17:00:00.000Z",
        "city": null,
        "region": "CT",
        "country": "US",
        "road": "Connecticut Boulevard",
        "postalcode": "06108"
      }
    },
    {
      "type": "Feature",
      "geometry": {
        "type": "Point",
        "coordinates": [
          -111.83876801,
          40.77118683
        ]
      },
      "properties": {
        "netid": "58:00:E3:03:DE:85",
        "ssid": "DIRECT-roku-238-371B97",
        "oui": "58:00:E3",
        "channel": 36,
        "encryption": "wpa2",
        "firsttime": "2019-07-01T14:00:00.000Z",
        "lasttime": "2026-08-05T20:00:00.000Z",
        "city": "Salt Lake City",
        "region": "UT",
        "country": "US",
        "road": "Mario Capecchi Drive",
        "postalcode": "84113"
      }
    },
    {
      "type": "Feature",
      "geometry": {
        "type": "Point",
        "coordinates": [
          -111.83878326,
          40.77121353
        ]
      },
      "properties": {
        "netid": "58:00:E3:03:DE:88",
        "ssid": "DIRECT-roku-937-699BB3",
        "oui": "58:00:E3",
        "channel": 36,
        "encryption": "wpa2",
        "firsttime": "2019-06-24T14:00:00.000Z",
        "lasttime": "2026-08-12T17:00:00.000Z",
        "city": "Salt Lake City",
        "region": "UT",
        "country": "US",
        "road": "Mario Capecchi Drive",
        "postalcode": "84113"
      }
    },
    {
      "type": "Feature",
      "geometry": {
        "type": "Point",
        "coordinates": [
          -74.00270844,
          40.72848511
        ]
      },
      "properties": {
        "netid": "58:00:E3:03:DE:A0",
        "ssid": "DIRECT-roku-815-639458",
        "oui": "58:00:E3",
        "channel": 44,
        "encryption": "wpa2",
        "firsttime": "2021-10-31T17:00:00.000Z",
        "lasttime": "2024-10-31T19:00:00.000Z",
        "city": "City of New York",
        "region": "NY",
        "country": "US",
        "road": "West Houston Street",
        "postalcode": "10014"
      }
    },
    {
      "type": "Feature",
      "geometry": {
        "type": "Point",
        "coordinates": [
          -88.96977997,
          42.27524185
        ]
      },
      "properties": {
        "netid": "58:00:E3:03:DE:C0",
        "ssid": "DIRECT-roku-806-894C99",
        "oui": "58:00:E3",
        "channel": 36,
        "encryption": "wpa2",
        "firsttime": "2026-01-11T12:00:00.000Z",
        "lasttime": "2026-04-08T00:00:00.000Z",
        "city": "Rockford",
        "region": "IL",
        "country": "US",
        "road": "Clark Drive",
        "postalcode": "61107"
      }
    },
    {
      "type": "Feature",
      "geometry": {
        "type": "Point",
        "coordinates": [
          -94.63882446,
          38.99317551
        ]
      },
      "properties": {
        "netid": "58:00:E3:03:DE:D6",
        "ssid": null,
        "oui": "58:00:E3",
        "channel": 149,
        "encryption": "wpa2",
        "firsttime": "2025-02-06T03:00:00.000Z",
        "lasttime": "2025-02-06T02:00:00.000Z",
        "city": null,
        "region": "KS",
        "country": "US",
        "road": "West 75th Street",
        "postalcode": "66208"
      }
    },
    {
      "type": "Feature",
      "geometry": {
        "type": "Point",
        "coordinates": [
          -87.67919159,
          42.03301239
        ]
      },
      "properties": {
        "netid": "58:00:E3:03:DF:1E",
        "ssid": "DIRECT-roku-852-901621",
        "oui": "58:00:E3",
        "channel": 6,
        "encryption": "wpa2",
        "firsttime": "2022-10-12T09:00:00.000Z",
        "lasttime": "2026-02-21T00:00:00.000Z",
        "city": null,
        "region": "IL",
        "country": "US",
        "road": "Chicago Avenue",
        "postalcode": "60202"
      }
    },
    {
      "type": "Feature",
      "geometry": {
        "type": "Point",
        "coordinates": [
          -76.61035919,
          40.16769409
        ]
      },
      "properties": {
        "netid": "58:00:E3:03:DF:30",
        "ssid": null,
        "oui": "58:00:E3",
        "channel": 157,
        "encryption": "wpa2",
        "firsttime": "2023-03-16T20:00:00.000Z",
        "lasttime": "2025-05-20T14:00:00.000Z",
        "city": null,
        "region": "PA",
        "country": "US",
        "road": "Rockwood Drive",
        "postalcode": "17022"
      }
    },
    {
      "type": "Feature",
      "geometry": {
        "type": "Point",
        "coordinates": [
          -96.66574097,
          40.82073212
        ]
      },
      "properties": {
        "netid": "58:00:E3:03:DF:94",
        "ssid": "DIRECT-roku-627-DC2C15",
        "oui": "58:00:E3",
        "channel": 6,
        "encryption": "wpa2",
        "firsttime": "2025-08-25T16:00:00.000Z",
        "lasttime": "2025-08-25T20:00:00.000Z",
        "city": "Lincoln",
        "region": "NE",
        "country": "US",
        "road": "Vine Street",
        "postalcode": "68583-0997"
      }
    },
    {
      "type": "Feature",
      "geometry": {
        "type": "Point",
        "coordinates": [
          -94.82215881,
          39.94271088
        ]
      },
      "properties": {
        "netid": "58:00:E3:03:DF:96",
        "ssid": null,
        "oui": "58:00:E3",
        "channel": 36,
        "encryption": "wpa2",
        "firsttime": "2025-04-26T19:00:00.000Z",
        "lasttime": "2025-04-30T08:00:00.000Z",
        "city": null,
        "region": "MO",
        "country": "US",
        "road": "East Pearl Street",
        "postalcode": "64485"
      }
    },
    {
      "type": "Feature",
      "geometry": {
        "type": "Point",
        "coordinates": [
          -95.41530609,
          29.80063248
        ]
      },
      "properties": {
        "netid": "58:00:E3:03:E0:63",
        "ssid": null,
        "oui": "58:00:E3",
        "channel": 11,
        "encryption": "wpa2",
        "firsttime": "2026-04-04T19:00:00.000Z",
        "lasttime": "2026-04-04T13:00:00.000Z",
        "city": "Houston",
        "region": "TX",
        "country": "US",
        "road": "West 17th Street",
        "postalcode": "77008"
      }
    },
    {
      "type": "Feature",
      "geometry": {
        "type": "Point",
        "coordinates": [
          -95.09268951,
          29.99519539
        ]
      },
      "properties": {
        "netid": "58:00:E3:03:E0:7B",
        "ssid": "DIRECT-roku-239-F75418",
        "oui": "58:00:E3",
        "channel": 44,
        "encryption": "wpa2",
        "firsttime": "2025-01-08T23:00:00.000Z",
        "lasttime": "2025-01-08T16:00:00.000Z",
        "city": null,
        "region": "TX",
        "country": "US",
        "road": "Crosby Huffman Road",
        "postalcode": null
      }
    },
    {
      "type": "Feature",
      "geometry": {
        "type": "Point",
        "coordinates": [
          -87.47138214,
          41.44995117
        ]
      },
      "properties": {
        "netid": "58:00:E3:03:E0:FE",
        "ssid": null,
        "oui": "58:00:E3",
        "channel": 36,
        "encryption": "wpa2",
        "firsttime": "2025-03-05T06:00:00.000Z",
        "lasttime": "2025-03-04T22:00:00.000Z",
        "city": null,
        "region": "IN",
        "country": "US",
        "road": "West 93rd Avenue",
        "postalcode": "46373"
      }
    },
    {
      "type": "Feature",
      "geometry": {
        "type": "Point",
        "coordinates": [
          -103.13620758,
          32.70057678
        ]
      },
      "properties": {
        "netid": "58:00:E3:03:E1:57",
        "ssid": null,
        "oui": "58:00:E3",
        "channel": 36,
        "encryption": "wpa2",
        "firsttime": "2025-05-13T13:00:00.000Z",
        "lasttime": "2026-04-24T23:00:00.000Z",
        "city": "Hobbs",
        "region": "NM",
        "country": "US",
        "road": "South Turner Street",
        "postalcode": "88214"
      }
    },
    {
      "type": "Feature",
      "geometry": {
        "type": "Point",
        "coordinates": [
          -96.89022064,
          46.84752274
        ]
      },
      "properties": {
        "netid": "58:00:E3:03:E1:6E",
        "ssid": "DIRECT-roku-107-086B4B",
        "oui": "58:00:E3",
        "channel": 36,
        "encryption": "wpa2",
        "firsttime": "2021-08-07T16:00:00.000Z",
        "lasttime": "2025-12-06T06:00:00.000Z",
        "city": null,
        "region": "ND",
        "country": "US",
        "road": "I 94;US 52",
        "postalcode": "58122"
      }
    },
    {
      "type": "Feature",
      "geometry": {
        "type": "Point",
        "coordinates": [
          -94.62985992,
          43.98889542
        ]
      },
      "properties": {
        "netid": "58:00:E3:03:E2:08",
        "ssid": null,
        "oui": "58:00:E3",
        "channel": 6,
        "encryption": "wpa2",
        "firsttime": "2024-12-22T04:00:00.000Z",
        "lasttime": "2024-12-21T22:00:00.000Z",
        "city": null,
        "region": "MN",
        "country": "US",
        "road": "Armstrong Boulevard North",
        "postalcode": "56081"
      }
    },
    {
      "type": "Feature",
      "geometry": {
        "type": "Point",
        "coordinates": [
          -121.78410339,
          37.67865753
        ]
      },
      "properties": {
        "netid": "58:00:E3:03:E2:8A",
        "ssid": "DIRECT-roku-418-7A0C0D",
        "oui": "58:00:E3",
        "channel": 36,
        "encryption": "wpa2",
        "firsttime": "2018-08-28T09:00:00.000Z",
        "lasttime": "2025-04-09T19:00:00.000Z",
        "city": null,
        "region": "CA",
        "country": "US",
        "road": "East Stanley Boulevard",
        "postalcode": "94551"
      }
    },
    {
      "type": "Feature",
      "geometry": {
        "type": "Point",
        "coordinates": [
          -86.09036255,
          40.00227737
        ]
      },
      "properties": {
        "netid": "58:00:E3:03:E2:8D",
        "ssid": "DIRECT-roku-339-79E9A3",
        "oui": "58:00:E3",
        "channel": 157,
        "encryption": "wpa2",
        "firsttime": "2024-11-04T18:00:00.000Z",
        "lasttime": "2024-11-04T12:00:00.000Z",
        "city": null,
        "region": "IN",
        "country": "US",
        "road": "Market Center Drive",
        "postalcode": "46033"
      }
    },
    {
      "type": "Feature",
      "geometry": {
        "type": "Point",
        "coordinates": [
          -118.39662933,
          34.00778198
        ]
      },
      "properties": {
        "netid": "58:00:E3:03:E2:9D",
        "ssid": "DIRECT-roku-284-7FB8FE",
        "oui": "58:00:E3",
        "channel": 36,
        "encryption": "wpa2",
        "firsttime": "2019-05-18T13:00:00.000Z",
        "lasttime": "2026-04-02T23:00:00.000Z",
        "city": null,
        "region": "CA",
        "country": "US",
        "road": "Overland Avenue",
        "postalcode": "90230"
      }
    },
    {
      "type": "Feature",
      "geometry": {
        "type": "Point",
        "coordinates": [
          -83.91767883,
          43.40856552
        ]
      },
      "properties": {
        "netid": "58:00:E3:03:E2:A4",
        "ssid": null,
        "oui": "58:00:E3",
        "channel": 6,
        "encryption": "wpa2",
        "firsttime": "2025-12-07T00:00:00.000Z",
        "lasttime": "2025-12-07T13:00:00.000Z",
        "city": "City of Saginaw",
        "region": "MI",
        "country": "US",
        "road": "East Genesee Avenue",
        "postalcode": "48601"
      }
    },
    {
      "type": "Feature",
      "geometry": {
        "type": "Point",
        "coordinates": [
          -97.33870697,
          32.84251404
        ]
      },
      "properties": {
        "netid": "58:00:E3:03:E2:AC",
        "ssid": null,
        "oui": "58:00:E3",
        "channel": 6,
        "encryption": "wpa2",
        "firsttime": "2026-07-22T08:00:00.000Z",
        "lasttime": "2026-07-22T20:00:00.000Z",
        "city": "Fort Worth",
        "region": "TX",
        "country": "US",
        "road": "Jim Wright Freeway",
        "postalcode": "76131"
      }
    },
    {
      "type": "Feature",
      "geometry": {
        "type": "Point",
        "coordinates": [
          -71.84333801,
          42.24243164
        ]
      },
      "properties": {
        "netid": "58:00:E3:03:E2:DB",
        "ssid": "DIRECT-roku-884-51F7D4",
        "oui": "58:00:E3",
        "channel": 157,
        "encryption": "wpa2",
        "firsttime": "2025-04-17T18:00:00.000Z",
        "lasttime": "2026-08-04T15:00:00.000Z",
        "city": "Worcester",
        "region": "MA",
        "country": "US",
        "road": "Main Street",
        "postalcode": "01603"
      }
    },
    {
      "type": "Feature",
      "geometry": {
        "type": "Point",
        "coordinates": [
          -74.02020264,
          40.95030975
        ]
      },
      "properties": {
        "netid": "58:00:E3:03:E3:07",
        "ssid": null,
        "oui": "58:00:E3",
        "channel": 149,
        "encryption": "wpa2",
        "firsttime": "2024-08-17T16:00:00.000Z",
        "lasttime": "2026-03-17T14:00:00.000Z",
        "city": "Oradell",
        "region": "NJ",
        "country": "US",
        "road": "Grand Street",
        "postalcode": "07646"
      }
    },
    {
      "type": "Feature",
      "geometry": {
        "type": "Point",
        "coordinates": [
          -71.79721069,
          42.18959427
        ]
      },
      "properties": {
        "netid": "58:00:E3:03:E3:0E",
        "ssid": "DIRECT-roku-346-05C65A",
        "oui": "58:00:E3",
        "channel": 1,
        "encryption": "wpa2",
        "firsttime": "2025-09-27T18:00:00.000Z",
        "lasttime": "2025-09-27T12:00:00.000Z",
        "city": null,
        "region": "MA",
        "country": "US",
        "road": "Auburn Road",
        "postalcode": "01527"
      }
    },
    {
      "type": "Feature",
      "geometry": {
        "type": "Point",
        "coordinates": [
          -73.95580292,
          40.77609634
        ]
      },
      "properties": {
        "netid": "58:00:E3:03:E3:3D",
        "ssid": "DIRECT-roku-440-2BFED6",
        "oui": "58:00:E3",
        "channel": 40,
        "encryption": "wpa2",
        "firsttime": "2026-07-19T20:00:00.000Z",
        "lasttime": "2026-07-20T01:00:00.000Z",
        "city": "City of New York",
        "region": "NY",
        "country": "US",
        "road": "East 82nd Street",
        "postalcode": "10028"
      }
    },
    {
      "type": "Feature",
      "geometry": {
        "type": "Point",
        "coordinates": [
          -74.60327148,
          39.26054382
        ]
      },
      "properties": {
        "netid": "58:00:E3:03:E3:4D",
        "ssid": "DIRECT-roku-765-B9160B",
        "oui": "58:00:E3",
        "channel": 149,
        "encryption": "wpa2",
        "firsttime": "2025-05-27T21:00:00.000Z",
        "lasttime": "2025-05-27T14:00:00.000Z",
        "city": null,
        "region": "NJ",
        "country": "US",
        "road": "27th Street",
        "postalcode": "08226"
      }
    },
    {
      "type": "Feature",
      "geometry": {
        "type": "Point",
        "coordinates": [
          -81.63362122,
          41.53000641
        ]
      },
      "properties": {
        "netid": "58:00:E3:03:E3:51",
        "ssid": null,
        "oui": "58:00:E3",
        "channel": 4,
        "encryption": "wpa2",
        "firsttime": "2026-06-09T17:00:00.000Z",
        "lasttime": "2026-06-11T10:00:00.000Z",
        "city": "Cleveland",
        "region": "OH",
        "country": "US",
        "road": "East 79th Street",
        "postalcode": "44103"
      }
    },
    {
      "type": "Feature",
      "geometry": {
        "type": "Point",
        "coordinates": [
          -77.6169281,
          43.08795547
        ]
      },
      "properties": {
        "netid": "58:00:E3:03:E3:54",
        "ssid": null,
        "oui": "58:00:E3",
        "channel": 40,
        "encryption": "wpa2",
        "firsttime": "2025-06-11T15:00:00.000Z",
        "lasttime": "2025-06-13T21:00:00.000Z",
        "city": "City of Rochester",
        "region": "NY",
        "country": "US",
        "road": "Clay Road",
        "postalcode": "14623"
      }
    },
    {
      "type": "Feature",
      "geometry": {
        "type": "Point",
        "coordinates": [
          -76.74219513,
          37.3151741
        ]
      },
      "properties": {
        "netid": "58:00:E3:03:E3:C7",
        "ssid": "DIRECT-roku-678-866884",
        "oui": "58:00:E3",
        "channel": 36,
        "encryption": "wpa2",
        "firsttime": "2026-02-22T21:00:00.000Z",
        "lasttime": "2026-02-22T13:00:00.000Z",
        "city": null,
        "region": "VA",
        "country": "US",
        "road": "Olde Towne Road",
        "postalcode": "23188"
      }
    },
    {
      "type": "Feature",
      "geometry": {
        "type": "Point",
        "coordinates": [
          -84.36186981,
          33.16860962
        ]
      },
      "properties": {
        "netid": "58:00:E3:03:E3:D7",
        "ssid": null,
        "oui": "58:00:E3",
        "channel": 1,
        "encryption": "wpa2",
        "firsttime": "2026-02-13T17:00:00.000Z",
        "lasttime": "2026-02-13T15:00:00.000Z",
        "city": null,
        "region": "GA",
        "country": "US",
        "road": "Reidsboro Road",
        "postalcode": "30292"
      }
    },
    {
      "type": "Feature",
      "geometry": {
        "type": "Point",
        "coordinates": [
          -111.93383789,
          33.58206558
        ]
      },
      "properties": {
        "netid": "58:00:E3:03:E3:FB",
        "ssid": null,
        "oui": "58:00:E3",
        "channel": 36,
        "encryption": "wpa2",
        "firsttime": "2020-02-18T23:00:00.000Z",
        "lasttime": "2025-03-09T00:00:00.000Z",
        "city": "Scottsdale",
        "region": "AZ",
        "country": "US",
        "road": "East Shea Boulevard",
        "postalcode": "85254"
      }
    },
    {
      "type": "Feature",
      "geometry": {
        "type": "Point",
        "coordinates": [
          -72.93177795,
          41.68815613
        ]
      },
      "properties": {
        "netid": "58:00:E3:03:E4:30",
        "ssid": null,
        "oui": "58:00:E3",
        "channel": 36,
        "encryption": "wpa2",
        "firsttime": "2024-05-12T16:00:00.000Z",
        "lasttime": "2026-03-24T13:00:00.000Z",
        "city": "Bristol",
        "region": "CT",
        "country": "US",
        "road": "Farmington Avenue",
        "postalcode": "06010"
      }
    },
    {
      "type": "Feature",
      "geometry": {
        "type": "Point",
        "coordinates": [
          -72.9855957,
          41.27244186
        ]
      },
      "properties": {
        "netid": "58:00:E3:03:E4:71",
        "ssid": null,
        "oui": "58:00:E3",
        "channel": 161,
        "encryption": "wpa2",
        "firsttime": "2026-01-31T17:00:00.000Z",
        "lasttime": "2026-02-05T17:00:00.000Z",
        "city": null,
        "region": "CT",
        "country": "US",
        "road": "Bull Hill Lane",
        "postalcode": "06516"
      }
    },
    {
      "type": "Feature",
      "geometry": {
        "type": "Point",
        "coordinates": [
          -73.8239975,
          42.67666245
        ]
      },
      "properties": {
        "netid": "58:00:E3:03:E4:8B",
        "ssid": "DIRECT-roku-332-DEFE3A",
        "oui": "58:00:E3",
        "channel": 157,
        "encryption": "wpa2",
        "firsttime": "2022-11-01T15:00:00.000Z",
        "lasttime": "2026-08-08T22:00:00.000Z",
        "city": "City of Albany",
        "region": "NY",
        "country": "US",
        "road": "Western Avenue",
        "postalcode": "12203"
      }
    },
    {
      "type": "Feature",
      "geometry": {
        "type": "Point",
        "coordinates": [
          -69.63100433,
          44.55165863
        ]
      },
      "properties": {
        "netid": "58:00:E3:03:E4:8F",
        "ssid": null,
        "oui": "58:00:E3",
        "channel": 149,
        "encryption": "wpa2",
        "firsttime": "2025-04-19T15:00:00.000Z",
        "lasttime": "2025-04-19T09:00:00.000Z",
        "city": "Waterville",
        "region": "ME",
        "country": "US",
        "road": "Main Street",
        "postalcode": "04901"
      }
    },
    {
      "type": "Feature",
      "geometry": {
        "type": "Point",
        "coordinates": [
          -94.64194489,
          39.1032486
        ]
      },
      "properties": {
        "netid": "58:00:E3:03:E4:A8",
        "ssid": null,
        "oui": "58:00:E3",
        "channel": 149,
        "encryption": "wpa2",
        "firsttime": "2025-04-02T23:00:00.000Z",
        "lasttime": "2025-04-02T19:00:00.000Z",
        "city": "Kansas City",
        "region": "KS",
        "country": "US",
        "road": "Central Avenue",
        "postalcode": "66102"
      }
    },
    {
      "type": "Feature",
      "geometry": {
        "type": "Point",
        "coordinates": [
          -84.48485565,
          39.09059525
        ]
      },
      "properties": {
        "netid": "58:00:E3:03:E4:C6",
        "ssid": null,
        "oui": "58:00:E3",
        "channel": 3,
        "encryption": "wpa2",
        "firsttime": "2024-08-25T15:00:00.000Z",
        "lasttime": "2024-08-31T16:00:00.000Z",
        "city": null,
        "region": "KY",
        "country": "US",
        "road": "Park Avenue",
        "postalcode": "41071"
      }
    },
    {
      "type": "Feature",
      "geometry": {
        "type": "Point",
        "coordinates": [
          -92.15478516,
          38.55244064
        ]
      },
      "properties": {
        "netid": "58:00:E3:03:E4:D0",
        "ssid": "DIRECT-roku-760-2F2006",
        "oui": "58:00:E3",
        "channel": 36,
        "encryption": "wpa2",
        "firsttime": "2025-09-20T01:00:00.000Z",
        "lasttime": "2025-09-19T20:00:00.000Z",
        "city": "Jefferson City",
        "region": "MO",
        "country": "US",
        "road": "Lasbrisa Drive",
        "postalcode": "65101"
      }
    },
    {
      "type": "Feature",
      "geometry": {
        "type": "Point",
        "coordinates": [
          -92.32550812,
          38.9565773
        ]
      },
      "properties": {
        "netid": "58:00:E3:03:E4:E4",
        "ssid": null,
        "oui": "58:00:E3",
        "channel": 36,
        "encryption": "wpa2",
        "firsttime": "2024-09-11T06:00:00.000Z",
        "lasttime": "2024-09-10T23:00:00.000Z",
        "city": "Columbia",
        "region": "MO",
        "country": "US",
        "road": "North 10th Street",
        "postalcode": "65201"
      }
    },
    {
      "type": "Feature",
      "geometry": {
        "type": "Point",
        "coordinates": [
          -118.29628754,
          34.05705643
        ]
      },
      "properties": {
        "netid": "58:00:E3:03:E4:F3",
        "ssid": "DIRECT-roku-835-533C94",
        "oui": "58:00:E3",
        "channel": 161,
        "encryption": "wpa2",
        "firsttime": "2023-04-26T14:00:00.000Z",
        "lasttime": "2025-09-09T19:00:00.000Z",
        "city": "Los Angeles",
        "region": "CA",
        "country": "US",
        "road": "South Kenmore Avenue",
        "postalcode": "90005"
      }
    },
    {
      "type": "Feature",
      "geometry": {
        "type": "Point",
        "coordinates": [
          -87.92055511,
          43.07101059
        ]
      },
      "properties": {
        "netid": "58:00:E3:03:E5:2C",
        "ssid": null,
        "oui": "58:00:E3",
        "channel": 36,
        "encryption": "wpa2",
        "firsttime": "2023-05-18T08:00:00.000Z",
        "lasttime": "2025-07-03T12:00:00.000Z",
        "city": "Milwaukee",
        "region": "WI",
        "country": "US",
        "road": "North 7th Street",
        "postalcode": "53209"
      }
    },
    {
      "type": "Feature",
      "geometry": {
        "type": "Point",
        "coordinates": [
          -88.25460815,
          43.04164886
        ]
      },
      "properties": {
        "netid": "58:00:E3:03:E5:2D",
        "ssid": null,
        "oui": "58:00:E3",
        "channel": 36,
        "encryption": "wpa2",
        "firsttime": "2024-09-04T19:00:00.000Z",
        "lasttime": "2024-09-04T14:00:00.000Z",
        "city": null,
        "region": "WI",
        "country": "US",
        "road": "Silvernail Road",
        "postalcode": "53188"
      }
    },
    {
      "type": "Feature",
      "geometry": {
        "type": "Point",
        "coordinates": [
          -117.9101181,
          34.09729004
        ]
      },
      "properties": {
        "netid": "58:00:E3:03:E5:5A",
        "ssid": null,
        "oui": "58:00:E3",
        "channel": 36,
        "encryption": "wpa2",
        "firsttime": "2025-02-04T16:00:00.000Z",
        "lasttime": "2025-02-04T17:00:00.000Z",
        "city": "Covina",
        "region": "CA",
        "country": "US",
        "road": "West Benwood Street",
        "postalcode": "91722"
      }
    },
    {
      "type": "Feature",
      "geometry": {
        "type": "Point",
        "coordinates": [
          -81.90789795,
          38.44828415
        ]
      },
      "properties": {
        "netid": "58:00:E3:03:E5:A2",
        "ssid": "DIRECT-roku-852-BE98CD",
        "oui": "58:00:E3",
        "channel": 6,
        "encryption": "wpa2",
        "firsttime": "2018-05-10T12:00:00.000Z",
        "lasttime": "2026-08-03T09:00:00.000Z",
        "city": null,
        "region": "WV",
        "country": "US",
        "road": "County Route 33",
        "postalcode": "25560"
      }
    },
    {
      "type": "Feature",
      "geometry": {
        "type": "Point",
        "coordinates": [
          -79.99546051,
          40.4276886
        ]
      },
      "properties": {
        "netid": "58:00:E3:03:E5:C2",
        "ssid": null,
        "oui": "58:00:E3",
        "channel": 1,
        "encryption": "wpa2",
        "firsttime": "2024-12-16T05:00:00.000Z",
        "lasttime": "2024-12-17T20:00:00.000Z",
        "city": "Pittsburgh",
        "region": "PA",
        "country": "US",
        "road": "Arlington Avenue",
        "postalcode": "15282"
      }
    },
    {
      "type": "Feature",
      "geometry": {
        "type": "Point",
        "coordinates": [
          -111.95220184,
          41.20479202
        ]
      },
      "properties": {
        "netid": "58:00:E3:03:E5:D8",
        "ssid": "DIRECT-roku-096-3F5BC9",
        "oui": "58:00:E3",
        "channel": 6,
        "encryption": "wpa2",
        "firsttime": "2021-02-25T15:00:00.000Z",
        "lasttime": "2024-12-18T16:00:00.000Z",
        "city": "Ogden",
        "region": "UT",
        "country": "US",
        "road": "Chatelain Road",
        "postalcode": "84403"
      }
    },
    {
      "type": "Feature",
      "geometry": {
        "type": "Point",
        "coordinates": [
          -93.29006958,
          37.20419312
        ]
      },
      "properties": {
        "netid": "58:00:E3:03:E5:E6",
        "ssid": null,
        "oui": "58:00:E3",
        "channel": 3,
        "encryption": "wpa2",
        "firsttime": "2025-09-06T14:00:00.000Z",
        "lasttime": "2025-09-06T18:00:00.000Z",
        "city": "Springfield",
        "region": "MO",
        "country": "US",
        "road": "South Jefferson Avenue",
        "postalcode": "65806"
      }
    },
    {
      "type": "Feature",
      "geometry": {
        "type": "Point",
        "coordinates": [
          -77.48719788,
          39.42217255
        ]
      },
      "properties": {
        "netid": "58:00:E3:03:E5:E8",
        "ssid": "DIRECT-roku-418-EDA00C",
        "oui": "58:00:E3",
        "channel": 44,
        "encryption": "wpa2",
        "firsttime": "2024-02-26T03:00:00.000Z",
        "lasttime": "2025-05-15T05:00:00.000Z",
        "city": null,
        "region": "MD",
        "country": "US",
        "road": "Old National Pike",
        "postalcode": "21714"
      }
    },
    {
      "type": "Feature",
      "geometry": {
        "type": "Point",
        "coordinates": [
          -97.56262207,
          35.35101318
        ]
      },
      "properties": {
        "netid": "58:00:E3:03:E6:26",
        "ssid": "DIRECT-roku-265-517E25",
        "oui": "58:00:E3",
        "channel": 48,
        "encryption": "wpa2",
        "firsttime": "2024-03-08T10:00:00.000Z",
        "lasttime": "2025-03-13T11:00:00.000Z",
        "city": "Oklahoma City",
        "region": "OK",
        "country": "US",
        "road": "Southwest 116th Street",
        "postalcode": "73170"
      }
    },
    {
      "type": "Feature",
      "geometry": {
        "type": "Point",
        "coordinates": [
          -76.48278809,
          39.30512619
        ]
      },
      "properties": {
        "netid": "58:00:E3:03:E6:70",
        "ssid": "\u0000\u0000\u0000\u0000\u0000\u0000\u0000\u0000\u0000\u0000\u0000\u0000\u0000\u0000\u0000\u0000\u0000\u0000\u0000\u0000\u0000\u0000",
        "oui": "58:00:E3",
        "channel": 3,
        "encryption": "wpa2",
        "firsttime": "2026-01-08T21:00:00.000Z",
        "lasttime": "2026-07-19T07:00:00.000Z",
        "city": null,
        "region": "MD",
        "country": "US",
        "road": "Eastern Boulevard",
        "postalcode": "21221"
      }
    },
    {
      "type": "Feature",
      "geometry": {
        "type": "Point",
        "coordinates": [
          -122.55496216,
          45.48501587
        ]
      },
      "properties": {
        "netid": "58:00:E3:03:E6:B9",
        "ssid": null,
        "oui": "58:00:E3",
        "channel": 44,
        "encryption": "wpa2",
        "firsttime": "2024-08-18T17:00:00.000Z",
        "lasttime": "2024-08-19T10:00:00.000Z",
        "city": "Portland",
        "region": "OR",
        "country": "US",
        "road": "Southeast Mitchell Street",
        "postalcode": "97266"
      }
    },
    {
      "type": "Feature",
      "geometry": {
        "type": "Point",
        "coordinates": [
          -71.63312531,
          42.37379837
        ]
      },
      "properties": {
        "netid": "58:00:E3:03:E7:28",
        "ssid": null,
        "oui": "58:00:E3",
        "channel": 36,
        "encryption": "wpa2",
        "firsttime": "2025-09-16T20:00:00.000Z",
        "lasttime": "2025-10-10T05:00:00.000Z",
        "city": null,
        "region": "MA",
        "country": "US",
        "road": "Pleasant Street",
        "postalcode": "01503"
      }
    },
    {
      "type": "Feature",
      "geometry": {
        "type": "Point",
        "coordinates": [
          -101.42984772,
          34.12464905
        ]
      },
      "properties": {
        "netid": "58:00:E3:03:E7:3E",
        "ssid": null,
        "oui": "58:00:E3",
        "channel": 36,
        "encryption": "wpa2",
        "firsttime": "2022-10-06T11:00:00.000Z",
        "lasttime": "2024-09-18T07:00:00.000Z",
        "city": null,
        "region": "TX",
        "country": "US",
        "road": "Farm to Market Road 97",
        "postalcode": "79241"
      }
    },
    {
      "type": "Feature",
      "geometry": {
        "type": "Point",
        "coordinates": [
          -82.87805176,
          42.59849548
        ]
      },
      "properties": {
        "netid": "58:00:E3:03:E7:46",
        "ssid": "DIRECT-roku-774-69CAB9",
        "oui": "58:00:E3",
        "channel": 2,
        "encryption": "wpa2",
        "firsttime": "2025-09-03T22:00:00.000Z",
        "lasttime": "2025-09-03T19:00:00.000Z",
        "city": null,
        "region": "MI",
        "country": "US",
        "road": "North Walnut Street",
        "postalcode": "48043"
      }
    },
    {
      "type": "Feature",
      "geometry": {
        "type": "Point",
        "coordinates": [
          -71.06147766,
          42.4132843
        ]
      },
      "properties": {
        "netid": "58:00:E3:03:E7:FA",
        "ssid": "DIRECT-roku-150-AAF75D",
        "oui": "58:00:E3",
        "channel": 161,
        "encryption": "wpa2",
        "firsttime": "2022-12-06T18:00:00.000Z",
        "lasttime": "2025-02-24T18:00:00.000Z",
        "city": null,
        "region": "MA",
        "country": "US",
        "road": "Bucknam Street",
        "postalcode": "02149-2512"
      }
    },
    {
      "type": "Feature",
      "geometry": {
        "type": "Point",
        "coordinates": [
          -71.77669525,
          42.31820679
        ]
      },
      "properties": {
        "netid": "58:00:E3:03:E8:1F",
        "ssid": "DIRECT-roku-236-78414C",
        "oui": "58:00:E3",
        "channel": 1,
        "encryption": "wpa2",
        "firsttime": "2018-10-13T15:00:00.000Z",
        "lasttime": "2025-03-08T20:00:00.000Z",
        "city": "Worcester",
        "region": "MA",
        "country": "US",
        "road": "Mountain Street East",
        "postalcode": "01606"
      }
    },
    {
      "type": "Feature",
      "geometry": {
        "type": "Point",
        "coordinates": [
          -73.41468811,
          41.1161232
        ]
      },
      "properties": {
        "netid": "58:00:E3:03:E8:29",
        "ssid": null,
        "oui": "58:00:E3",
        "channel": 36,
        "encryption": "wpa2",
        "firsttime": "2024-01-23T00:00:00.000Z",
        "lasttime": "2024-12-10T18:00:00.000Z",
        "city": "Norwalk",
        "region": "CT",
        "country": "US",
        "road": "West Avenue",
        "postalcode": "06850"
      }
    },
    {
      "type": "Feature",
      "geometry": {
        "type": "Point",
        "coordinates": [
          -85.00849152,
          39.41885757
        ]
      },
      "properties": {
        "netid": "58:00:E3:03:E8:5C",
        "ssid": null,
        "oui": "58:00:E3",
        "channel": 1,
        "encryption": "wpa2",
        "firsttime": "2025-03-12T01:00:00.000Z",
        "lasttime": "2025-04-27T03:00:00.000Z",
        "city": null,
        "region": "IN",
        "country": "US",
        "road": "East 4th Street",
        "postalcode": "47012"
      }
    },
    {
      "type": "Feature",
      "geometry": {
        "type": "Point",
        "coordinates": [
          -84.01462555,
          39.82212448
        ]
      },
      "properties": {
        "netid": "58:00:E3:03:E8:65",
        "ssid": null,
        "oui": "58:00:E3",
        "channel": 149,
        "encryption": "wpa2",
        "firsttime": "2019-03-16T23:00:00.000Z",
        "lasttime": "2025-04-23T12:00:00.000Z",
        "city": null,
        "region": "OH",
        "country": "US",
        "road": "East Xenia Drive",
        "postalcode": "45324"
      }
    },
    {
      "type": "Feature",
      "geometry": {
        "type": "Point",
        "coordinates": [
          -83.09468079,
          39.94280243
        ]
      },
      "properties": {
        "netid": "58:00:E3:03:E8:84",
        "ssid": "\u0000\u0000\u0000\u0000\u0000\u0000\u0000\u0000\u0000\u0000\u0000\u0000\u0000\u0000\u0000\u0000\u0000\u0000\u0000\u0000\u0000\u0000",
        "oui": "58:00:E3",
        "channel": 36,
        "encryption": "wpa2",
        "firsttime": "2018-01-09T17:00:00.000Z",
        "lasttime": "2026-06-12T09:00:00.000Z",
        "city": "Columbus",
        "region": "OH",
        "country": "US",
        "road": "Ternstedt Lane",
        "postalcode": "43228"
      }
    },
    {
      "type": "Feature",
      "geometry": {
        "type": "Point",
        "coordinates": [
          -80.01625061,
          40.45884705
        ]
      },
      "properties": {
        "netid": "58:00:E3:03:E8:8A",
        "ssid": "DIRECT-roku-282-AC5311",
        "oui": "58:00:E3",
        "channel": 157,
        "encryption": "wpa2",
        "firsttime": "2024-10-20T04:00:00.000Z",
        "lasttime": "2024-10-19T23:00:00.000Z",
        "city": "Pittsburgh",
        "region": "PA",
        "country": "US",
        "road": "Brighton Road",
        "postalcode": "15290"
      }
    },
    {
      "type": "Feature",
      "geometry": {
        "type": "Point",
        "coordinates": [
          -87.64041138,
          41.50115585
        ]
      },
      "properties": {
        "netid": "58:00:E3:03:E9:07",
        "ssid": "DIRECT-roku-341-9E42CB",
        "oui": "58:00:E3",
        "channel": 36,
        "encryption": "wpa2",
        "firsttime": "2025-01-17T16:00:00.000Z",
        "lasttime": "2025-01-17T12:00:00.000Z",
        "city": null,
        "region": "IL",
        "country": "US",
        "road": "Chicago Road",
        "postalcode": "60411"
      }
    },
    {
      "type": "Feature",
      "geometry": {
        "type": "Point",
        "coordinates": [
          -75.16262054,
          39.94639587
        ]
      },
      "properties": {
        "netid": "58:00:E3:03:E9:4F",
        "ssid": null,
        "oui": "58:00:E3",
        "channel": 36,
        "encryption": "wpa2",
        "firsttime": "2026-05-21T20:00:00.000Z",
        "lasttime": "2026-08-01T20:00:00.000Z",
        "city": "Philadelphia",
        "region": "PA",
        "country": "US",
        "road": "Cypress Street",
        "postalcode": "19107"
      }
    },
    {
      "type": "Feature",
      "geometry": {
        "type": "Point",
        "coordinates": [
          -71.79017639,
          42.28649902
        ]
      },
      "properties": {
        "netid": "58:00:E3:03:E9:75",
        "ssid": null,
        "oui": "58:00:E3",
        "channel": 48,
        "encryption": "wpa2",
        "firsttime": "2023-08-16T16:00:00.000Z",
        "lasttime": "2026-08-13T09:00:00.000Z",
        "city": "Worcester",
        "region": "MA",
        "country": "US",
        "road": "Shattuck Street",
        "postalcode": "01653"
      }
    },
    {
      "type": "Feature",
      "geometry": {
        "type": "Point",
        "coordinates": [
          -71.09329224,
          42.28582764
        ]
      },
      "properties": {
        "netid": "58:00:E3:03:E9:84",
        "ssid": null,
        "oui": "58:00:E3",
        "channel": 40,
        "encryption": "wpa2",
        "firsttime": "2026-08-02T21:00:00.000Z",
        "lasttime": "2026-08-02T15:00:00.000Z",
        "city": "Boston",
        "region": "MA",
        "country": "US",
        "road": "Morton Street",
        "postalcode": "02126"
      }
    },
    {
      "type": "Feature",
      "geometry": {
        "type": "Point",
        "coordinates": [
          -77.3859024,
          35.52823639
        ]
      },
      "properties": {
        "netid": "58:00:E3:03:E9:A3",
        "ssid": null,
        "oui": "58:00:E3",
        "channel": 1,
        "encryption": "wpa2",
        "firsttime": "2026-07-17T19:00:00.000Z",
        "lasttime": "2026-07-17T13:00:00.000Z",
        "city": null,
        "region": "NC",
        "country": "US",
        "road": "East Main Street",
        "postalcode": "28590"
      }
    },
    {
      "type": "Feature",
      "geometry": {
        "type": "Point",
        "coordinates": [
          -118.57576752,
          34.17052078
        ]
      },
      "properties": {
        "netid": "58:00:E3:03:E9:BD",
        "ssid": null,
        "oui": "58:00:E3",
        "channel": 48,
        "encryption": "wep",
        "firsttime": "2023-02-03T13:00:00.000Z",
        "lasttime": "2026-06-18T22:00:00.000Z",
        "city": "Los Angeles",
        "region": "CA",
        "country": "US",
        "road": "Ventura Freeway",
        "postalcode": "91365"
      }
    },
    {
      "type": "Feature",
      "geometry": {
        "type": "Point",
        "coordinates": [
          -85.69521332,
          38.25915527
        ]
      },
      "properties": {
        "netid": "58:00:E3:03:EA:14",
        "ssid": null,
        "oui": "58:00:E3",
        "channel": 36,
        "encryption": "wpa2",
        "firsttime": "2025-06-28T21:00:00.000Z",
        "lasttime": "2025-06-28T15:00:00.000Z",
        "city": "Louisville",
        "region": "KY",
        "country": "US",
        "road": "Brownsboro Road",
        "postalcode": "40206"
      }
    },
    {
      "type": "Feature",
      "geometry": {
        "type": "Point",
        "coordinates": [
          -75.2890625,
          39.94187546
        ]
      },
      "properties": {
        "netid": "58:00:E3:03:EA:2C",
        "ssid": "DIRECT-roku-922-133966",
        "oui": "58:00:E3",
        "channel": 36,
        "encryption": "wpa2",
        "firsttime": "2025-10-09T05:00:00.000Z",
        "lasttime": "2025-12-03T13:00:00.000Z",
        "city": null,
        "region": "PA",
        "country": "US",
        "road": "Shadeland Avenue",
        "postalcode": "19026"
      }
    },
    {
      "type": "Feature",
      "geometry": {
        "type": "Point",
        "coordinates": [
          -82.73664093,
          42.79436111
        ]
      },
      "properties": {
        "netid": "58:00:E3:03:EA:43",
        "ssid": null,
        "oui": "58:00:E3",
        "channel": 1,
        "encryption": "wpa2",
        "firsttime": "2026-07-18T14:00:00.000Z",
        "lasttime": "2026-07-25T07:00:00.000Z",
        "city": null,
        "region": "MI",
        "country": "US",
        "road": "Gratiot Avenue",
        "postalcode": "48048"
      }
    },
    {
      "type": "Feature",
      "geometry": {
        "type": "Point",
        "coordinates": [
          -117.83760071,
          34.08366394
        ]
      },
      "properties": {
        "netid": "58:00:E3:03:EA:45",
        "ssid": "DIRECT-roku-967-4EF9DF",
        "oui": "58:00:E3",
        "channel": 153,
        "encryption": "wpa2",
        "firsttime": "2025-02-09T17:00:00.000Z",
        "lasttime": "2025-10-03T07:00:00.000Z",
        "city": "San Dimas",
        "region": "CA",
        "country": "US",
        "road": "Avenida Loma Vista",
        "postalcode": "91773"
      }
    },
    {
      "type": "Feature",
      "geometry": {
        "type": "Point",
        "coordinates": [
          -118.41509247,
          34.01888275
        ]
      },
      "properties": {
        "netid": "58:00:E3:03:EA:5B",
        "ssid": null,
        "oui": "58:00:E3",
        "channel": 157,
        "encryption": "wpa2",
        "firsttime": "2025-09-26T01:00:00.000Z",
        "lasttime": "2025-09-25T21:00:00.000Z",
        "city": "Los Angeles",
        "region": "CA",
        "country": "US",
        "road": "Veteran Avenue",
        "postalcode": "90034"
      }
    },
    {
      "type": "Feature",
      "geometry": {
        "type": "Point",
        "coordinates": [
          -97.69352722,
          35.57090378
        ]
      },
      "properties": {
        "netid": "58:00:E3:03:EA:6F",
        "ssid": "DIRECT-roku-343-F79692",
        "oui": "58:00:E3",
        "channel": 1,
        "encryption": "wpa2",
        "firsttime": "2026-02-12T18:00:00.000Z",
        "lasttime": "2026-02-12T12:00:00.000Z",
        "city": "Oklahoma City",
        "region": "OK",
        "country": "US",
        "road": "Nortwest 99th Street",
        "postalcode": "73123"
      }
    },
    {
      "type": "Feature",
      "geometry": {
        "type": "Point",
        "coordinates": [
          -82.9186554,
          39.95206451
        ]
      },
      "properties": {
        "netid": "58:00:E3:03:EA:76",
        "ssid": "DIRECT-roku-199-A5E6DD",
        "oui": "58:00:E3",
        "channel": 44,
        "encryption": "wpa2",
        "firsttime": "2025-05-04T21:00:00.000Z",
        "lasttime": "2025-05-04T17:00:00.000Z",
        "city": "Columbus",
        "region": "OH",
        "country": "US",
        "road": "Eastmoor Boulevard",
        "postalcode": "43209"
      }
    },
    {
      "type": "Feature",
      "geometry": {
        "type": "Point",
        "coordinates": [
          -83.87150574,
          43.57705688
        ]
      },
      "properties": {
        "netid": "58:00:E3:03:EA:98",
        "ssid": null,
        "oui": "58:00:E3",
        "channel": 149,
        "encryption": "wpa2",
        "firsttime": "2026-06-01T04:00:00.000Z",
        "lasttime": "2026-06-01T10:00:00.000Z",
        "city": null,
        "region": "MI",
        "country": "US",
        "road": "South Johnson Street",
        "postalcode": "48708"
      }
    },
    {
      "type": "Feature",
      "geometry": {
        "type": "Point",
        "coordinates": [
          -81.79039764,
          26.45601273
        ]
      },
      "properties": {
        "netid": "58:00:E3:03:EA:A6",
        "ssid": null,
        "oui": "58:00:E3",
        "channel": 36,
        "encryption": "wpa2",
        "firsttime": "2026-07-12T10:00:00.000Z",
        "lasttime": "2026-07-12T04:00:00.000Z",
        "city": null,
        "region": "FL",
        "country": "US",
        "road": "Country Oaks Drive",
        "postalcode": "33912"
      }
    },
    {
      "type": "Feature",
      "geometry": {
        "type": "Point",
        "coordinates": [
          -90.23834229,
          38.63760757
        ]
      },
      "properties": {
        "netid": "58:00:E3:03:EA:B7",
        "ssid": "DIRECT-roku-165-0CD180",
        "oui": "58:00:E3",
        "channel": 157,
        "encryption": "wpa2",
        "firsttime": "2020-02-26T20:00:00.000Z",
        "lasttime": "2025-09-01T11:00:00.000Z",
        "city": "Saint Louis",
        "region": "MO",
        "country": "US",
        "road": "West Pine Mall",
        "postalcode": "63108"
      }
    },
    {
      "type": "Feature",
      "geometry": {
        "type": "Point",
        "coordinates": [
          -99.23480988,
          30.75007248
        ]
      },
      "properties": {
        "netid": "58:00:E3:03:EA:D2",
        "ssid": "\\000\\000\\000\\200\\003\\000\\000\\000\\000\\000\\000\\000\\0",
        "oui": "58:00:E3",
        "channel": 11,
        "encryption": "wpa2",
        "firsttime": "2022-01-22T12:00:00.000Z",
        "lasttime": "2025-06-27T17:00:00.000Z",
        "city": "Mason",
        "region": "TX",
        "country": "US",
        "road": "Fort McKavitt Street",
        "postalcode": "76856"
      }
    },
    {
      "type": "Feature",
      "geometry": {
        "type": "Point",
        "coordinates": [
          -84.38375092,
          33.76146317
        ]
      },
      "properties": {
        "netid": "58:00:E3:03:EA:E1",
        "ssid": "DIRECT-roku-739-E0CA3B",
        "oui": "58:00:E3",
        "channel": 36,
        "encryption": "wpa2",
        "firsttime": "2020-02-10T23:00:00.000Z",
        "lasttime": "2026-05-10T17:00:00.000Z",
        "city": "Atlanta",
        "region": "GA",
        "country": "US",
        "road": "Courtland Street Northeast",
        "postalcode": "30303"
      }
    },
    {
      "type": "Feature",
      "geometry": {
        "type": "Point",
        "coordinates": [
          -104.92076111,
          39.66760254
        ]
      },
      "properties": {
        "netid": "58:00:E3:03:EB:47",
        "ssid": "DIRECT-roku-617-068A18",
        "oui": "58:00:E3",
        "channel": 6,
        "encryption": "wpa2",
        "firsttime": "2022-08-18T14:00:00.000Z",
        "lasttime": "2024-10-05T20:00:00.000Z",
        "city": null,
        "region": "CO",
        "country": "US",
        "road": "East Yale Avenue",
        "postalcode": "80222"
      }
    },
    {
      "type": "Feature",
      "geometry": {
        "type": "Point",
        "coordinates": [
          -115.30284119,
          36.07397461
        ]
      },
      "properties": {
        "netid": "58:00:E3:03:EB:7B",
        "ssid": "DIRECT-roku-635-EDA02C",
        "oui": "58:00:E3",
        "channel": 44,
        "encryption": "wpa2",
        "firsttime": "2025-06-16T16:00:00.000Z",
        "lasttime": "2026-08-03T16:00:00.000Z",
        "city": null,
        "region": "NV",
        "country": "US",
        "road": "West Post Road",
        "postalcode": "89148"
      }
    },
    {
      "type": "Feature",
      "geometry": {
        "type": "Point",
        "coordinates": [
          -97.75314331,
          30.19102859
        ]
      },
      "properties": {
        "netid": "58:00:E3:03:EB:A7",
        "ssid": null,
        "oui": "58:00:E3",
        "channel": 6,
        "encryption": "wpa2",
        "firsttime": "2024-12-11T02:00:00.000Z",
        "lasttime": "2025-06-02T11:00:00.000Z",
        "city": "Austin",
        "region": "TX",
        "country": "US",
        "road": "Dovemeadow Drive",
        "postalcode": "78744"
      }
    },
    {
      "type": "Feature",
      "geometry": {
        "type": "Point",
        "coordinates": [
          -84.54494476,
          34.08393478
        ]
      },
      "properties": {
        "netid": "58:00:E3:03:EB:C5",
        "ssid": "DIRECT-roku-719-AA3DAE",
        "oui": "58:00:E3",
        "channel": 161,
        "encryption": "wpa2",
        "firsttime": "2024-02-14T21:00:00.000Z",
        "lasttime": "2025-11-19T13:00:00.000Z",
        "city": null,
        "region": "GA",
        "country": "US",
        "road": "Woodstock Square Avenue",
        "postalcode": "30188-3915"
      }
    },
    {
      "type": "Feature",
      "geometry": {
        "type": "Point",
        "coordinates": [
          -119.26176453,
          34.25815201
        ]
      },
      "properties": {
        "netid": "58:00:E3:03:EB:C7",
        "ssid": null,
        "oui": "58:00:E3",
        "channel": 36,
        "encryption": "wpa2",
        "firsttime": "2024-11-11T03:00:00.000Z",
        "lasttime": "2024-11-12T20:00:00.000Z",
        "city": "Ventura",
        "region": "CA",
        "country": "US",
        "road": "East Harbor Boulevard",
        "postalcode": "93003"
      }
    },
    {
      "type": "Feature",
      "geometry": {
        "type": "Point",
        "coordinates": [
          -116.88488007,
          47.80378723
        ]
      },
      "properties": {
        "netid": "58:00:E3:03:EB:E6",
        "ssid": null,
        "oui": "58:00:E3",
        "channel": 149,
        "encryption": "wpa2",
        "firsttime": "2025-09-13T10:00:00.000Z",
        "lasttime": "2025-09-13T06:00:00.000Z",
        "city": null,
        "region": "ID",
        "country": "US",
        "road": "North Wright Street",
        "postalcode": "83858"
      }
    },
    {
      "type": "Feature",
      "geometry": {
        "type": "Point",
        "coordinates": [
          -71.14951324,
          42.48085403
        ]
      },
      "properties": {
        "netid": "58:00:E3:03:EC:11",
        "ssid": "DIRECT-roku-334-104D93",
        "oui": "58:00:E3",
        "channel": 36,
        "encryption": "wpa2",
        "firsttime": "2018-01-18T18:00:00.000Z",
        "lasttime": "2026-05-14T17:00:00.000Z",
        "city": "Woburn",
        "region": "MA",
        "country": "US",
        "road": "Everett Street",
        "postalcode": "01801"
      }
    },
    {
      "type": "Feature",
      "geometry": {
        "type": "Point",
        "coordinates": [
          -73.96645355,
          40.80341339
        ]
      },
      "properties": {
        "netid": "58:00:E3:03:EC:12",
        "ssid": "DIRECT-roku-221-F07B91",
        "oui": "58:00:E3",
        "channel": 157,
        "encryption": "wpa2",
        "firsttime": "2024-10-26T16:00:00.000Z",
        "lasttime": "2024-11-30T21:00:00.000Z",
        "city": "City of New York",
        "region": "NY",
        "country": "US",
        "road": "West 109th Street",
        "postalcode": "10025"
      }
    },
    {
      "type": "Feature",
      "geometry": {
        "type": "Point",
        "coordinates": [
          -118.25015259,
          34.15119934
        ]
      },
      "properties": {
        "netid": "58:00:E3:03:EC:3E",
        "ssid": "DIRECT-roku-913-1CC083",
        "oui": "58:00:E3",
        "channel": 1,
        "encryption": "wpa",
        "firsttime": "2025-11-16T01:00:00.000Z",
        "lasttime": "2025-11-20T17:00:00.000Z",
        "city": "Glendale",
        "region": "CA",
        "country": "US",
        "road": "North Jackson Street",
        "postalcode": "91203"
      }
    },
    {
      "type": "Feature",
      "geometry": {
        "type": "Point",
        "coordinates": [
          -81.71153259,
          41.38425827
        ]
      },
      "properties": {
        "netid": "58:00:E3:03:EC:60",
        "ssid": null,
        "oui": "58:00:E3",
        "channel": 4,
        "encryption": "wpa2",
        "firsttime": "2026-07-01T12:00:00.000Z",
        "lasttime": "2026-07-07T15:00:00.000Z",
        "city": "Parma",
        "region": "OH",
        "country": "US",
        "road": "State Road",
        "postalcode": "44133"
      }
    },
    {
      "type": "Feature",
      "geometry": {
        "type": "Point",
        "coordinates": [
          -83.05023956,
          42.33352661
        ]
      },
      "properties": {
        "netid": "58:00:E3:03:EC:9E",
        "ssid": "DIRECT-roku-971-D77626",
        "oui": "58:00:E3",
        "channel": 157,
        "encryption": "wpa2",
        "firsttime": "2020-07-04T04:00:00.000Z",
        "lasttime": "2026-07-18T08:00:00.000Z",
        "city": "Detroit",
        "region": "MI",
        "country": "US",
        "road": "Washington Boulevard",
        "postalcode": "48226"
      }
    },
    {
      "type": "Feature",
      "geometry": {
        "type": "Point",
        "coordinates": [
          -72.6179657,
          41.7781105
        ]
      },
      "properties": {
        "netid": "58:00:E3:03:ED:5E",
        "ssid": null,
        "oui": "58:00:E3",
        "channel": 36,
        "encryption": "wpa2",
        "firsttime": "2026-03-08T02:00:00.000Z",
        "lasttime": "2026-03-07T18:00:00.000Z",
        "city": null,
        "region": "CT",
        "country": "US",
        "road": "Burnside Avenue",
        "postalcode": "06108"
      }
    },
    {
      "type": "Feature",
      "geometry": {
        "type": "Point",
        "coordinates": [
          -73.93289948,
          40.68151474
        ]
      },
      "properties": {
        "netid": "58:00:E3:03:ED:5F",
        "ssid": "DIRECT-roku-194-07BF0A",
        "oui": "58:00:E3",
        "channel": 157,
        "encryption": "wpa2",
        "firsttime": "2025-03-10T19:00:00.000Z",
        "lasttime": "2026-08-12T18:00:00.000Z",
        "city": "City of New York",
        "region": "NY",
        "country": "US",
        "road": "Decatur Street",
        "postalcode": "11233"
      }
    },
    {
      "type": "Feature",
      "geometry": {
        "type": "Point",
        "coordinates": [
          -77.58667755,
          38.78342438
        ]
      },
      "properties": {
        "netid": "58:00:E3:03:ED:8F",
        "ssid": null,
        "oui": "58:00:E3",
        "channel": 11,
        "encryption": "wpa2",
        "firsttime": "2026-06-27T20:00:00.000Z",
        "lasttime": "2026-06-27T20:00:00.000Z",
        "city": null,
        "region": "VA",
        "country": "US",
        "road": "University Boulevard",
        "postalcode": "20155"
      }
    },
    {
      "type": "Feature",
      "geometry": {
        "type": "Point",
        "coordinates": [
          -75.85979462,
          41.2512207
        ]
      },
      "properties": {
        "netid": "58:00:E3:03:ED:BE",
        "ssid": null,
        "oui": "58:00:E3",
        "channel": 44,
        "encryption": "wpa2",
        "firsttime": "2020-12-29T13:00:00.000Z",
        "lasttime": "2025-10-02T17:00:00.000Z",
        "city": "Wilkes-Barre",
        "region": "PA",
        "country": "US",
        "road": "Wilkes-Barre Boulevard",
        "postalcode": "18702"
      }
    },
    {
      "type": "Feature",
      "geometry": {
        "type": "Point",
        "coordinates": [
          -83.08096313,
          39.8971138
        ]
      },
      "properties": {
        "netid": "58:00:E3:03:ED:CA",
        "ssid": "DIRECT-roku-580-15FB04",
        "oui": "58:00:E3",
        "channel": 44,
        "encryption": "wpa2",
        "firsttime": "2025-05-10T22:00:00.000Z",
        "lasttime": "2025-05-10T16:00:00.000Z",
        "city": null,
        "region": "OH",
        "country": "US",
        "road": "Broadway",
        "postalcode": "43123"
      }
    },
    {
      "type": "Feature",
      "geometry": {
        "type": "Point",
        "coordinates": [
          -73.76239014,
          40.6920166
        ]
      },
      "properties": {
        "netid": "58:00:E3:03:ED:EE",
        "ssid": null,
        "oui": "58:00:E3",
        "channel": 36,
        "encryption": "wpa2",
        "firsttime": "2024-08-31T17:00:00.000Z",
        "lasttime": "2024-09-05T08:00:00.000Z",
        "city": "City of New York",
        "region": "NY",
        "country": "US",
        "road": "Farmers Boulevard",
        "postalcode": "11434"
      }
    },
    {
      "type": "Feature",
      "geometry": {
        "type": "Point",
        "coordinates": [
          -78.83599854,
          43.02600098
        ]
      },
      "properties": {
        "netid": "58:00:E3:03:EE:23",
        "ssid": "DIRECT-roku-155-990C32",
        "oui": "58:00:E3",
        "channel": 3,
        "encryption": "wpa2",
        "firsttime": "2003-01-19T11:00:00.000Z",
        "lasttime": "2025-08-27T23:00:00.000Z",
        "city": null,
        "region": "NY",
        "country": "US",
        "road": "Sweeney Street",
        "postalcode": "14120"
      }
    },
    {
      "type": "Feature",
      "geometry": {
        "type": "Point",
        "coordinates": [
          -92.1915741,
          44.63289261
        ]
      },
      "properties": {
        "netid": "58:00:E3:03:EE:4E",
        "ssid": null,
        "oui": "58:00:E3",
        "channel": 149,
        "encryption": "wpa2",
        "firsttime": "2025-07-24T16:00:00.000Z",
        "lasttime": "2025-10-25T13:00:00.000Z",
        "city": null,
        "region": "WI",
        "country": "US",
        "road": "County Road S",
        "postalcode": "54740"
      }
    },
    {
      "type": "Feature",
      "geometry": {
        "type": "Point",
        "coordinates": [
          -118.39051819,
          33.9658432
        ]
      },
      "properties": {
        "netid": "58:00:E3:03:EE:79",
        "ssid": null,
        "oui": "58:00:E3",
        "channel": 11,
        "encryption": "wpa2",
        "firsttime": "2019-09-11T04:00:00.000Z",
        "lasttime": "2025-03-08T22:00:00.000Z",
        "city": "Los Angeles",
        "region": "CA",
        "country": "US",
        "road": "Airlane Avenue",
        "postalcode": "90045"
      }
    },
    {
      "type": "Feature",
      "geometry": {
        "type": "Point",
        "coordinates": [
          -70.20830536,
          44.08684158
        ]
      },
      "properties": {
        "netid": "58:00:E3:03:EE:7D",
        "ssid": null,
        "oui": "58:00:E3",
        "channel": 11,
        "encryption": "wpa2",
        "firsttime": "2020-01-21T17:00:00.000Z",
        "lasttime": "2026-02-26T17:00:00.000Z",
        "city": "Lewiston",
        "region": "ME",
        "country": "US",
        "road": "Lisbon Street",
        "postalcode": "04240"
      }
    },
    {
      "type": "Feature",
      "geometry": {
        "type": "Point",
        "coordinates": [
          -119.17176056,
          34.23405457
        ]
      },
      "properties": {
        "netid": "58:00:E3:03:EE:96",
        "ssid": "DIRECT-roku-636-0C1737",
        "oui": "58:00:E3",
        "channel": 48,
        "encryption": "wpa2",
        "firsttime": "2001-12-31T16:00:00.000Z",
        "lasttime": "2025-03-08T19:00:00.000Z",
        "city": "Oxnard",
        "region": "CA",
        "country": "US",
        "road": "North Vineyard Avenue",
        "postalcode": "93036"
      }
    },
    {
      "type": "Feature",
      "geometry": {
        "type": "Point",
        "coordinates": [
          -97.6902771,
          30.63146973
        ]
      },
      "properties": {
        "netid": "58:00:E3:03:EE:E2",
        "ssid": null,
        "oui": "58:00:E3",
        "channel": 36,
        "encryption": "wpa2",
        "firsttime": "2024-09-29T03:00:00.000Z",
        "lasttime": "2024-09-28T20:00:00.000Z",
        "city": null,
        "region": "TX",
        "country": "US",
        "road": "South Interstate 35",
        "postalcode": "78626"
      }
    },
    {
      "type": "Feature",
      "geometry": {
        "type": "Point",
        "coordinates": [
          -118.34445953,
          34.0182724
        ]
      },
      "properties": {
        "netid": "58:00:E3:03:EF:10",
        "ssid": null,
        "oui": "58:00:E3",
        "channel": 149,
        "encryption": "wpa2",
        "firsttime": "2024-11-11T14:00:00.000Z",
        "lasttime": "2024-11-26T16:00:00.000Z",
        "city": "Los Angeles",
        "region": "CA",
        "country": "US",
        "road": "Coliseum Street",
        "postalcode": "90018-4168"
      }
    },
    {
      "type": "Feature",
      "geometry": {
        "type": "Point",
        "coordinates": [
          -73.95969391,
          40.57918549
        ]
      },
      "properties": {
        "netid": "58:00:E3:03:EF:15",
        "ssid": "DIRECT-roku-442-98BD25",
        "oui": "58:00:E3",
        "channel": 149,
        "encryption": "wpa2",
        "firsttime": "2019-02-10T14:00:00.000Z",
        "lasttime": "2025-05-25T20:00:00.000Z",
        "city": "City of New York",
        "region": "NY",
        "country": "US",
        "road": "Coney Island Avenue",
        "postalcode": "11235"
      }
    },
    {
      "type": "Feature",
      "geometry": {
        "type": "Point",
        "coordinates": [
          -81.99394226,
          28.08049965
        ]
      },
      "properties": {
        "netid": "58:00:E3:03:EF:1C",
        "ssid": null,
        "oui": "58:00:E3",
        "channel": 36,
        "encryption": "wpa2",
        "firsttime": "2018-03-27T11:00:00.000Z",
        "lasttime": "2024-12-07T16:00:00.000Z",
        "city": "Lakeland",
        "region": "FL",
        "country": "US",
        "road": "Griffin Road",
        "postalcode": "33810"
      }
    },
    {
      "type": "Feature",
      "geometry": {
        "type": "Point",
        "coordinates": [
          -81.73451996,
          41.40758133
        ]
      },
      "properties": {
        "netid": "58:00:E3:03:EF:73",
        "ssid": null,
        "oui": "58:00:E3",
        "channel": 149,
        "encryption": "wpa2",
        "firsttime": "2025-12-13T00:00:00.000Z",
        "lasttime": "2026-04-27T15:00:00.000Z",
        "city": "Parma",
        "region": "OH",
        "country": "US",
        "road": "Ridge Road",
        "postalcode": "44133"
      }
    },
    {
      "type": "Feature",
      "geometry": {
        "type": "Point",
        "coordinates": [
          -80.03200531,
          35.99514389
        ]
      },
      "properties": {
        "netid": "58:00:E3:03:EF:7E",
        "ssid": "DIRECT-roku-729-0B9D0D",
        "oui": "58:00:E3",
        "channel": 6,
        "encryption": "wpa2",
        "firsttime": "2025-01-19T01:00:00.000Z",
        "lasttime": "2026-03-13T18:00:00.000Z",
        "city": "High Point",
        "region": "NC",
        "country": "US",
        "road": "North Main Street",
        "postalcode": "27265"
      }
    },
    {
      "type": "Feature",
      "geometry": {
        "type": "Point",
        "coordinates": [
          -71.10832977,
          42.33320236
        ]
      },
      "properties": {
        "netid": "58:00:E3:03:EF:90",
        "ssid": null,
        "oui": "58:00:E3",
        "channel": 1,
        "encryption": "wpa2",
        "firsttime": "2026-06-19T15:00:00.000Z",
        "lasttime": "2026-06-19T10:00:00.000Z",
        "city": "Boston",
        "region": "MA",
        "country": "US",
        "road": "Huntington Avenue",
        "postalcode": "02120"
      }
    },
    {
      "type": "Feature",
      "geometry": {
        "type": "Point",
        "coordinates": [
          -74.0354538,
          40.61608505
        ]
      },
      "properties": {
        "netid": "58:00:E3:03:EF:DE",
        "ssid": null,
        "oui": "58:00:E3",
        "channel": 36,
        "encryption": "wpa2",
        "firsttime": "2024-09-21T01:00:00.000Z",
        "lasttime": "2024-09-20T23:00:00.000Z",
        "city": "City of New York",
        "region": "NY",
        "country": "US",
        "road": "97th Street",
        "postalcode": "11209"
      }
    },
    {
      "type": "Feature",
      "geometry": {
        "type": "Point",
        "coordinates": [
          -72.82527161,
          41.53148651
        ]
      },
      "properties": {
        "netid": "58:00:E3:03:EF:FB",
        "ssid": null,
        "oui": "58:00:E3",
        "channel": 6,
        "encryption": "wep",
        "firsttime": "2025-12-24T14:00:00.000Z",
        "lasttime": "2025-12-26T14:00:00.000Z",
        "city": "Meriden",
        "region": "CT",
        "country": "US",
        "road": "Glen Hills Road",
        "postalcode": "06451"
      }
    },
    {
      "type": "Feature",
      "geometry": {
        "type": "Point",
        "coordinates": [
          -71.126091,
          42.49552155
        ]
      },
      "properties": {
        "netid": "58:00:E3:03:F0:09",
        "ssid": null,
        "oui": "58:00:E3",
        "channel": 48,
        "encryption": "wpa2",
        "firsttime": "2019-05-21T16:00:00.000Z",
        "lasttime": "2024-11-21T14:00:00.000Z",
        "city": "Woburn",
        "region": "MA",
        "country": "US",
        "road": "Cedar Drive",
        "postalcode": "01801"
      }
    },
    {
      "type": "Feature",
      "geometry": {
        "type": "Point",
        "coordinates": [
          -83.9706955,
          41.54983521
        ]
      },
      "properties": {
        "netid": "58:00:E3:03:F0:40",
        "ssid": "DIRECT-roku-934-A69992",
        "oui": "58:00:E3",
        "channel": 36,
        "encryption": "wpa2",
        "firsttime": "2025-07-10T00:00:00.000Z",
        "lasttime": "2025-08-05T17:00:00.000Z",
        "city": null,
        "region": "OH",
        "country": "US",
        "road": "County Road 5-2",
        "postalcode": "43515"
      }
    },
    {
      "type": "Feature",
      "geometry": {
        "type": "Point",
        "coordinates": [
          -87.60864258,
          33.00992584
        ]
      },
      "properties": {
        "netid": "58:00:E3:03:F0:A8",
        "ssid": "DIRECT-roku-960-25BB1B",
        "oui": "58:00:E3",
        "channel": 7,
        "encryption": "wpa2",
        "firsttime": "2018-06-10T15:00:00.000Z",
        "lasttime": "2026-02-27T08:00:00.000Z",
        "city": null,
        "region": "AL",
        "country": "US",
        "road": "AL-69",
        "postalcode": "35474"
      }
    },
    {
      "type": "Feature",
      "geometry": {
        "type": "Point",
        "coordinates": [
          -80.12914276,
          33.04176712
        ]
      },
      "properties": {
        "netid": "58:00:E3:03:F0:AD",
        "ssid": null,
        "oui": "58:00:E3",
        "channel": 5,
        "encryption": "wpa2",
        "firsttime": "2026-05-13T16:00:00.000Z",
        "lasttime": "2026-07-25T17:00:00.000Z",
        "city": null,
        "region": "SC",
        "country": "US",
        "road": "Longstreet Street",
        "postalcode": "29483"
      }
    },
    {
      "type": "Feature",
      "geometry": {
        "type": "Point",
        "coordinates": [
          -115.06135559,
          36.13340759
        ]
      },
      "properties": {
        "netid": "58:00:E3:03:F0:C9",
        "ssid": "DIRECT-roku-786-1346E1",
        "oui": "58:00:E3",
        "channel": 157,
        "encryption": "wpa2",
        "firsttime": "2025-11-07T15:00:00.000Z",
        "lasttime": "2025-11-09T16:00:00.000Z",
        "city": null,
        "region": "NV",
        "country": "US",
        "road": null,
        "postalcode": null
      }
    },
    {
      "type": "Feature",
      "geometry": {
        "type": "Point",
        "coordinates": [
          -112.0632782,
          33.52192307
        ]
      },
      "properties": {
        "netid": "58:00:E3:03:F0:DF",
        "ssid": null,
        "oui": "58:00:E3",
        "channel": 3,
        "encryption": "wpa2",
        "firsttime": "2026-03-24T14:00:00.000Z",
        "lasttime": "2026-03-24T14:00:00.000Z",
        "city": "Phoenix",
        "region": "AZ",
        "country": "US",
        "road": "East Palo Verde Drive",
        "postalcode": "85014"
      }
    },
    {
      "type": "Feature",
      "geometry": {
        "type": "Point",
        "coordinates": [
          -117.03028107,
          32.53324509
        ]
      },
      "properties": {
        "netid": "58:00:E3:03:F1:36",
        "ssid": "DIRECT-roku-888-BEFEC4",
        "oui": "58:00:E3",
        "channel": 6,
        "encryption": "wpa2",
        "firsttime": "2020-11-19T01:00:00.000Z",
        "lasttime": "2024-08-31T23:00:00.000Z",
        "city": "Tijuana",
        "region": "Baja California",
        "country": "MX",
        "road": "Boulevard General Rodolfo S\u00e1nchez Taboada",
        "postalcode": "22010"
      }
    },
    {
      "type": "Feature",
      "geometry": {
        "type": "Point",
        "coordinates": [
          -98.29785919,
          29.85976601
        ]
      },
      "properties": {
        "netid": "58:00:E3:03:F1:61",
        "ssid": null,
        "oui": "58:00:E3",
        "channel": 1,
        "encryption": "wpa2",
        "firsttime": "2024-08-05T15:00:00.000Z",
        "lasttime": "2024-08-15T13:00:00.000Z",
        "city": null,
        "region": "TX",
        "country": "US",
        "road": "Overhill Street",
        "postalcode": "78133"
      }
    },
    {
      "type": "Feature",
      "geometry": {
        "type": "Point",
        "coordinates": [
          -93.02067566,
          44.9901886
        ]
      },
      "properties": {
        "netid": "58:00:E3:03:F1:97",
        "ssid": "DIRECT-roku-886-1DE427",
        "oui": "58:00:E3",
        "channel": 40,
        "encryption": "wpa2",
        "firsttime": "2026-07-18T14:00:00.000Z",
        "lasttime": "2026-07-19T09:00:00.000Z",
        "city": "Saint Paul",
        "region": "MN",
        "country": "US",
        "road": "East Idaho Avenue",
        "postalcode": "55119"
      }
    },
    {
      "type": "Feature",
      "geometry": {
        "type": "Point",
        "coordinates": [
          -115.13474274,
          36.09100723
        ]
      },
      "properties": {
        "netid": "58:00:E3:03:F1:BA",
        "ssid": "DIRECT-roku-687-9EC9A1",
        "oui": "58:00:E3",
        "channel": 36,
        "encryption": "wpa2",
        "firsttime": "2017-05-25T12:00:00.000Z",
        "lasttime": "2025-07-16T23:00:00.000Z",
        "city": null,
        "region": "NV",
        "country": "US",
        "road": "Escondido Street",
        "postalcode": "89119-6304"
      }
    },
    {
      "type": "Feature",
      "geometry": {
        "type": "Point",
        "coordinates": [
          -84.41843414,
          39.15961075
        ]
      },
      "properties": {
        "netid": "58:00:E3:03:F1:FD",
        "ssid": null,
        "oui": "58:00:E3",
        "channel": 149,
        "encryption": "wpa2",
        "firsttime": "2026-01-20T00:00:00.000Z",
        "lasttime": "2026-01-19T17:00:00.000Z",
        "city": "Cincinnati",
        "region": "OH",
        "country": "US",
        "road": "Camberwell Road",
        "postalcode": "45209"
      }
    },
    {
      "type": "Feature",
      "geometry": {
        "type": "Point",
        "coordinates": [
          -86.47555542,
          30.38790131
        ]
      },
      "properties": {
        "netid": "58:00:E3:03:F2:0A",
        "ssid": "DIRECT-roku-895-64D31F",
        "oui": "58:00:E3",
        "channel": 11,
        "encryption": "wpa2",
        "firsttime": "2023-04-29T16:00:00.000Z",
        "lasttime": "2025-06-24T06:00:00.000Z",
        "city": null,
        "region": "FL",
        "country": "US",
        "road": "Harbor Boulevard",
        "postalcode": "32541"
      }
    },
    {
      "type": "Feature",
      "geometry": {
        "type": "Point",
        "coordinates": [
          -93.62929535,
          41.59412766
        ]
      },
      "properties": {
        "netid": "58:00:E3:03:F2:3C",
        "ssid": null,
        "oui": "58:00:E3",
        "channel": 161,
        "encryption": "wpa2",
        "firsttime": "2024-10-17T11:00:00.000Z",
        "lasttime": "2024-10-19T16:00:00.000Z",
        "city": "Des Moines",
        "region": "IA",
        "country": "US",
        "road": "9th Street",
        "postalcode": "50309"
      }
    },
    {
      "type": "Feature",
      "geometry": {
        "type": "Point",
        "coordinates": [
          -73.00909424,
          40.90904999
        ]
      },
      "properties": {
        "netid": "58:00:E3:03:F2:4E",
        "ssid": null,
        "oui": "58:00:E3",
        "channel": 44,
        "encryption": "wpa2",
        "firsttime": "2025-02-06T05:00:00.000Z",
        "lasttime": "2025-02-06T00:00:00.000Z",
        "city": null,
        "region": "NY",
        "country": "US",
        "road": "Osborne Avenue",
        "postalcode": "11766"
      }
    },
    {
      "type": "Feature",
      "geometry": {
        "type": "Point",
        "coordinates": [
          -97.68323517,
          30.32225037
        ]
      },
      "properties": {
        "netid": "58:00:E3:03:F2:76",
        "ssid": "DIRECT-roku-916-D73E6A",
        "oui": "58:00:E3",
        "channel": 36,
        "encryption": "wpa2",
        "firsttime": "2023-11-06T10:00:00.000Z",
        "lasttime": "2026-06-29T18:00:00.000Z",
        "city": "Austin",
        "region": "TX",
        "country": "US",
        "road": "US 290",
        "postalcode": "78753:78754"
      }
    },
    {
      "type": "Feature",
      "geometry": {
        "type": "Point",
        "coordinates": [
          -96.77832794,
          33.05831528
        ]
      },
      "properties": {
        "netid": "58:00:E3:03:F2:9A",
        "ssid": "DIRECT-roku-108-D1D6C1",
        "oui": "58:00:E3",
        "channel": 44,
        "encryption": "wpa2",
        "firsttime": "2024-12-26T02:00:00.000Z",
        "lasttime": "2024-12-28T12:00:00.000Z",
        "city": "Plano",
        "region": "TX",
        "country": "US",
        "road": "Crown Ridge Drive",
        "postalcode": "75024"
      }
    },
    {
      "type": "Feature",
      "geometry": {
        "type": "Point",
        "coordinates": [
          -71.12623596,
          43.27046585
        ]
      },
      "properties": {
        "netid": "58:00:E3:03:F2:A9",
        "ssid": "\" (Cloaked)",
        "oui": "58:00:E3",
        "channel": 48,
        "encryption": "wpa2",
        "firsttime": "2021-03-16T09:00:00.000Z",
        "lasttime": "2025-08-04T10:00:00.000Z",
        "city": null,
        "region": "NH",
        "country": "US",
        "road": "Roller Coaster Road",
        "postalcode": "03815"
      }
    },
    {
      "type": "Feature",
      "geometry": {
        "type": "Point",
        "coordinates": [
          -73.07931519,
          41.32827759
        ]
      },
      "properties": {
        "netid": "58:00:E3:03:F2:C0",
        "ssid": null,
        "oui": "58:00:E3",
        "channel": 157,
        "encryption": "wpa2",
        "firsttime": "2026-07-23T19:00:00.000Z",
        "lasttime": "2026-07-23T13:00:00.000Z",
        "city": null,
        "region": "CT",
        "country": "US",
        "road": "Derby Avenue",
        "postalcode": "06418"
      }
    },
    {
      "type": "Feature",
      "geometry": {
        "type": "Point",
        "coordinates": [
          -73.61967468,
          40.66939545
        ]
      },
      "properties": {
        "netid": "58:00:E3:03:F2:C1",
        "ssid": null,
        "oui": "58:00:E3",
        "channel": 149,
        "encryption": "wpa2",
        "firsttime": "2025-07-27T19:00:00.000Z",
        "lasttime": "2025-07-27T14:00:00.000Z",
        "city": null,
        "region": "NY",
        "country": "US",
        "road": "Berkeley Avenue",
        "postalcode": "11510"
      }
    },
    {
      "type": "Feature",
      "geometry": {
        "type": "Point",
        "coordinates": [
          -118.10801697,
          33.7714119
        ]
      },
      "properties": {
        "netid": "58:00:E3:03:F2:DB",
        "ssid": "DIRECT-roku-949-36E73D",
        "oui": "58:00:E3",
        "channel": 11,
        "encryption": "wpa2",
        "firsttime": "2025-01-20T19:00:00.000Z",
        "lasttime": "2025-01-20T15:00:00.000Z",
        "city": "Long Beach",
        "region": "CA",
        "country": "US",
        "road": "Linares Avenue",
        "postalcode": "90803"
      }
    },
    {
      "type": "Feature",
      "geometry": {
        "type": "Point",
        "coordinates": [
          -95.28364563,
          29.69159126
        ]
      },
      "properties": {
        "netid": "58:00:E3:03:F2:DF",
        "ssid": null,
        "oui": "58:00:E3",
        "channel": 6,
        "encryption": "wpa2",
        "firsttime": "2024-11-10T22:00:00.000Z",
        "lasttime": "2025-02-24T14:00:00.000Z",
        "city": "Houston",
        "region": "TX",
        "country": "US",
        "road": "Gulf Freeway",
        "postalcode": "77087"
      }
    },
    {
      "type": "Feature",
      "geometry": {
        "type": "Point",
        "coordinates": [
          -74.04156494,
          40.87927246
        ]
      },
      "properties": {
        "netid": "58:00:E3:03:F3:35",
        "ssid": "DIRECT-roku-932-0AE526",
        "oui": "58:00:E3",
        "channel": 36,
        "encryption": "wpa2",
        "firsttime": "2018-02-19T12:00:00.000Z",
        "lasttime": "2024-09-12T09:00:00.000Z",
        "city": null,
        "region": "NJ",
        "country": "US",
        "road": "River Street",
        "postalcode": "07601"
      }
    },
    {
      "type": "Feature",
      "geometry": {
        "type": "Point",
        "coordinates": [
          -87.65512085,
          41.98587799
        ]
      },
      "properties": {
        "netid": "58:00:E3:03:F3:66",
        "ssid": "DIRECT-roku-768-54A596",
        "oui": "58:00:E3",
        "channel": 1,
        "encryption": "wpa2",
        "firsttime": "2019-05-25T13:00:00.000Z",
        "lasttime": "2026-06-17T11:00:00.000Z",
        "city": "Chicago",
        "region": "IL",
        "country": "US",
        "road": "North Sheridan Road",
        "postalcode": "60660"
      }
    },
    {
      "type": "Feature",
      "geometry": {
        "type": "Point",
        "coordinates": [
          -122.67615509,
          38.32854462
        ]
      },
      "properties": {
        "netid": "58:00:E3:03:F3:71",
        "ssid": "DIRECT-roku-655-2F484D",
        "oui": "58:00:E3",
        "channel": 36,
        "encryption": "wpa2",
        "firsttime": "2020-04-17T18:00:00.000Z",
        "lasttime": "2026-07-20T22:00:00.000Z",
        "city": null,
        "region": "CA",
        "country": "US",
        "road": "Bodway Parkway",
        "postalcode": "94928"
      }
    },
    {
      "type": "Feature",
      "geometry": {
        "type": "Point",
        "coordinates": [
          -76.59531403,
          39.29938126
        ]
      },
      "properties": {
        "netid": "58:00:E3:03:F3:CA",
        "ssid": "DIRECT-roku-980-2538E7",
        "oui": "58:00:E3",
        "channel": 36,
        "encryption": "wpa2",
        "firsttime": "2026-02-02T12:00:00.000Z",
        "lasttime": "2026-05-08T17:00:00.000Z",
        "city": "Baltimore",
        "region": "MD",
        "country": "US",
        "road": "East Madison Street",
        "postalcode": "21205"
      }
    },
    {
      "type": "Feature",
      "geometry": {
        "type": "Point",
        "coordinates": [
          -93.25956726,
          44.98110199
        ]
      },
      "properties": {
        "netid": "58:00:E3:03:F4:00",
        "ssid": "DIRECT-roku-374-65431B",
        "oui": "58:00:E3",
        "channel": 149,
        "encryption": "wpa2",
        "firsttime": "2023-07-22T11:00:00.000Z",
        "lasttime": "2025-10-18T18:00:00.000Z",
        "city": "Minneapolis",
        "region": "MN",
        "country": "US",
        "road": "West River Parkway Trail",
        "postalcode": "55415:55454"
      }
    },
    {
      "type": "Feature",
      "geometry": {
        "type": "Point",
        "coordinates": [
          -74.03625488,
          40.23192215
        ]
      },
      "properties": {
        "netid": "58:00:E3:03:F4:6B",
        "ssid": null,
        "oui": "58:00:E3",
        "channel": 6,
        "encryption": "wpa2",
        "firsttime": "2026-06-26T18:00:00.000Z",
        "lasttime": "2026-06-26T11:00:00.000Z",
        "city": null,
        "region": "NJ",
        "country": "US",
        "road": "Logan Road",
        "postalcode": "07712"
      }
    },
    {
      "type": "Feature",
      "geometry": {
        "type": "Point",
        "coordinates": [
          -89.23162842,
          44.05844498
        ]
      },
      "properties": {
        "netid": "58:00:E3:03:F4:75",
        "ssid": null,
        "oui": "58:00:E3",
        "channel": 44,
        "encryption": "wpa2",
        "firsttime": "2026-07-24T22:00:00.000Z",
        "lasttime": "2026-07-26T16:00:00.000Z",
        "city": null,
        "region": "WI",
        "country": "US",
        "road": "State Highway 21",
        "postalcode": "54982"
      }
    },
    {
      "type": "Feature",
      "geometry": {
        "type": "Point",
        "coordinates": [
          -81.31529236,
          28.2251606
        ]
      },
      "properties": {
        "netid": "58:00:E3:03:F4:F0",
        "ssid": null,
        "oui": "58:00:E3",
        "channel": 44,
        "encryption": "wpa2",
        "firsttime": "2024-02-05T22:00:00.000Z",
        "lasttime": "2024-11-01T14:00:00.000Z",
        "city": null,
        "region": "FL",
        "country": "US",
        "road": "Sawyers Circle",
        "postalcode": "34772"
      }
    },
    {
      "type": "Feature",
      "geometry": {
        "type": "Point",
        "coordinates": [
          -81.61031342,
          41.01645279
        ]
      },
      "properties": {
        "netid": "58:00:E3:03:F5:1D",
        "ssid": "DIRECT-roku-355-CD0D11",
        "oui": "58:00:E3",
        "channel": 3,
        "encryption": "wpa2",
        "firsttime": "2025-11-10T23:00:00.000Z",
        "lasttime": "2026-02-23T15:00:00.000Z",
        "city": null,
        "region": "OH",
        "country": "US",
        "road": "West Lake Avenue",
        "postalcode": "44203"
      }
    },
    {
      "type": "Feature",
      "geometry": {
        "type": "Point",
        "coordinates": [
          -105.94133759,
          35.68597794
        ]
      },
      "properties": {
        "netid": "58:00:E3:03:F5:78",
        "ssid": null,
        "oui": "58:00:E3",
        "channel": 36,
        "encryption": "wpa2",
        "firsttime": "2021-07-06T11:00:00.000Z",
        "lasttime": "2026-04-11T15:00:00.000Z",
        "city": "Santa Fe",
        "region": "NM",
        "country": "US",
        "road": "Galisteo Street",
        "postalcode": "87504-5102"
      }
    },
    {
      "type": "Feature",
      "geometry": {
        "type": "Point",
        "coordinates": [
          -118.04577637,
          33.98812485
        ]
      },
      "properties": {
        "netid": "58:00:E3:03:F5:9C",
        "ssid": null,
        "oui": "58:00:E3",
        "channel": 48,
        "encryption": "wpa2",
        "firsttime": "2020-01-16T15:00:00.000Z",
        "lasttime": "2025-02-20T16:00:00.000Z",
        "city": null,
        "region": "CA",
        "country": "US",
        "road": "Beverly Boulevard",
        "postalcode": "90601"
      }
    },
    {
      "type": "Feature",
      "geometry": {
        "type": "Point",
        "coordinates": [
          -73.92991638,
          40.58415604
        ]
      },
      "properties": {
        "netid": "58:00:E3:03:F5:DE",
        "ssid": null,
        "oui": "58:00:E3",
        "channel": 36,
        "encryption": "wpa2",
        "firsttime": "2024-11-10T20:00:00.000Z",
        "lasttime": "2024-11-10T16:00:00.000Z",
        "city": "City of New York",
        "region": "NY",
        "country": "US",
        "road": "Shore Parkway Greenway",
        "postalcode": "11235-2012"
      }
    },
    {
      "type": "Feature",
      "geometry": {
        "type": "Point",
        "coordinates": [
          -74.48001862,
          40.2657547
        ]
      },
      "properties": {
        "netid": "58:00:E3:03:F5:E8",
        "ssid": null,
        "oui": "58:00:E3",
        "channel": 157,
        "encryption": "wpa2",
        "firsttime": "2024-09-14T01:00:00.000Z",
        "lasttime": "2025-12-25T18:00:00.000Z",
        "city": null,
        "region": "NJ",
        "country": "US",
        "road": "Renaissance Boulevard",
        "postalcode": "18520"
      }
    },
    {
      "type": "Feature",
      "geometry": {
        "type": "Point",
        "coordinates": [
          -118.26663208,
          33.87585449
        ]
      },
      "properties": {
        "netid": "58:00:E3:03:F5:F4",
        "ssid": null,
        "oui": "58:00:E3",
        "channel": 153,
        "encryption": "wpa2",
        "firsttime": "2024-11-04T20:00:00.000Z",
        "lasttime": "2024-12-13T15:00:00.000Z",
        "city": "Carson",
        "region": "CA",
        "country": "US",
        "road": "East Walnut Street",
        "postalcode": "90746"
      }
    },
    {
      "type": "Feature",
      "geometry": {
        "type": "Point",
        "coordinates": [
          -104.78530121,
          39.54280853
        ]
      },
      "properties": {
        "netid": "58:00:E3:03:F6:1D",
        "ssid": "DIRECT-roku-059-4919CC",
        "oui": "58:00:E3",
        "channel": 157,
        "encryption": "wpa2",
        "firsttime": "2024-11-04T01:00:00.000Z",
        "lasttime": "2024-11-03T22:00:00.000Z",
        "city": null,
        "region": "CO",
        "country": "US",
        "road": "South Wintergreen Parkway",
        "postalcode": "80134"
      }
    },
    {
      "type": "Feature",
      "geometry": {
        "type": "Point",
        "coordinates": [
          -104.98709106,
          39.75196838
        ]
      },
      "properties": {
        "netid": "58:00:E3:03:F6:27",
        "ssid": "DIRECT-roku-051-F762E7",
        "oui": "58:00:E3",
        "channel": 36,
        "encryption": "wpa2",
        "firsttime": "2018-02-26T16:00:00.000Z",
        "lasttime": "2025-07-25T20:00:00.000Z",
        "city": "Denver",
        "region": "CO",
        "country": "US",
        "road": "Broadway",
        "postalcode": "80205"
      }
    },
    {
      "type": "Feature",
      "geometry": {
        "type": "Point",
        "coordinates": [
          -73.4881134,
          44.69670486
        ]
      },
      "properties": {
        "netid": "58:00:E3:03:F6:B1",
        "ssid": null,
        "oui": "58:00:E3",
        "channel": 36,
        "encryption": "wpa2",
        "firsttime": "2017-11-24T05:00:00.000Z",
        "lasttime": "2026-05-22T22:00:00.000Z",
        "city": "City of Plattsburgh",
        "region": "NY",
        "country": "US",
        "road": "State Route 3",
        "postalcode": "12901"
      }
    },
    {
      "type": "Feature",
      "geometry": {
        "type": "Point",
        "coordinates": [
          -122.08054352,
          47.35814285
        ]
      },
      "properties": {
        "netid": "58:00:E3:03:F7:0A",
        "ssid": "DIRECT-roku-862-B4DE52",
        "oui": "58:00:E3",
        "channel": 44,
        "encryption": "wpa2",
        "firsttime": "2025-07-05T23:00:00.000Z",
        "lasttime": "2025-07-05T17:00:00.000Z",
        "city": null,
        "region": "WA",
        "country": "US",
        "road": "Southeast 272nd Street",
        "postalcode": "98042"
      }
    },
    {
      "type": "Feature",
      "geometry": {
        "type": "Point",
        "coordinates": [
          -119.71064758,
          34.42032623
        ]
      },
      "properties": {
        "netid": "58:00:E3:03:F7:1A",
        "ssid": null,
        "oui": "58:00:E3",
        "channel": 40,
        "encryption": "wpa2",
        "firsttime": "2024-09-30T23:00:00.000Z",
        "lasttime": "2024-09-30T17:00:00.000Z",
        "city": "Santa Barbara",
        "region": "CA",
        "country": "US",
        "road": "Castillo Street",
        "postalcode": "93101"
      }
    },
    {
      "type": "Feature",
      "geometry": {
        "type": "Point",
        "coordinates": [
          -115.23654938,
          36.17921448
        ]
      },
      "properties": {
        "netid": "58:00:E3:03:F7:22",
        "ssid": null,
        "oui": "58:00:E3",
        "channel": 9,
        "encryption": "wpa2",
        "firsttime": "2025-12-15T15:00:00.000Z",
        "lasttime": "2025-12-15T19:00:00.000Z",
        "city": "Las Vegas",
        "region": "NV",
        "country": "US",
        "road": "Fandwood Lane",
        "postalcode": "89107-2657"
      }
    },
    {
      "type": "Feature",
      "geometry": {
        "type": "Point",
        "coordinates": [
          -111.70718384,
          33.37924576
        ]
      },
      "properties": {
        "netid": "58:00:E3:03:F7:72",
        "ssid": "\u0000\u0000\u0000\u0000\u0000\u0000\u0000\u0000\u0000\u0000\u0000\u0000\u0000\u0000\u0000\u0000\u0000\u0000\u0000\u0000\u0000\u0000",
        "oui": "58:00:E3",
        "channel": 149,
        "encryption": "wpa2",
        "firsttime": "2026-06-14T04:00:00.000Z",
        "lasttime": "2026-06-14T13:00:00.000Z",
        "city": "Gilbert",
        "region": "AZ",
        "country": "US",
        "road": "East Baseline Road",
        "postalcode": "85206"
      }
    },
    {
      "type": "Feature",
      "geometry": {
        "type": "Point",
        "coordinates": [
          -75.3032608,
          39.92879105
        ]
      },
      "properties": {
        "netid": "58:00:E3:03:F7:91",
        "ssid": null,
        "oui": "58:00:E3",
        "channel": 36,
        "encryption": "wpa2",
        "firsttime": "2025-03-07T00:00:00.000Z",
        "lasttime": "2025-12-11T16:00:00.000Z",
        "city": null,
        "region": "PA",
        "country": "US",
        "road": "North Oak Avenue",
        "postalcode": "19018"
      }
    },
    {
      "type": "Feature",
      "geometry": {
        "type": "Point",
        "coordinates": [
          -80.69107819,
          41.1541214
        ]
      },
      "properties": {
        "netid": "58:00:E3:03:F8:39",
        "ssid": null,
        "oui": "58:00:E3",
        "channel": 157,
        "encryption": "wpa2",
        "firsttime": "2025-08-28T08:00:00.000Z",
        "lasttime": "2025-08-28T01:00:00.000Z",
        "city": null,
        "region": "OH",
        "country": "US",
        "road": "East Liberty Street",
        "postalcode": "44420"
      }
    },
    {
      "type": "Feature",
      "geometry": {
        "type": "Point",
        "coordinates": [
          -78.78604889,
          42.94493484
        ]
      },
      "properties": {
        "netid": "58:00:E3:03:F8:40",
        "ssid": "DIRECT-roku-016-C21B66",
        "oui": "58:00:E3",
        "channel": 6,
        "encryption": "wpa2",
        "firsttime": "2003-03-22T00:00:00.000Z",
        "lasttime": "2026-03-10T03:00:00.000Z",
        "city": "Town of Cheektowaga",
        "region": "NY",
        "country": "US",
        "road": "Cleveland Drive",
        "postalcode": "14215"
      }
    },
    {
      "type": "Feature",
      "geometry": {
        "type": "Point",
        "coordinates": [
          -75.56082916,
          39.08735657
        ]
      },
      "properties": {
        "netid": "58:00:E3:03:F8:67",
        "ssid": "DIRECT-roku-213-DE81C1",
        "oui": "58:00:E3",
        "channel": 157,
        "encryption": "wpa2",
        "firsttime": "2026-04-22T11:00:00.000Z",
        "lasttime": "2026-06-20T09:00:00.000Z",
        "city": null,
        "region": "DE",
        "country": "US",
        "road": "Derby Circle",
        "postalcode": "19934"
      }
    },
    {
      "type": "Feature",
      "geometry": {
        "type": "Point",
        "coordinates": [
          -92.02557373,
          46.82980347
        ]
      },
      "properties": {
        "netid": "58:00:E3:03:F8:8C",
        "ssid": "DIRECT-roku-095-66C7EC",
        "oui": "58:00:E3",
        "channel": 157,
        "encryption": "wpa2",
        "firsttime": "2025-03-08T00:00:00.000Z",
        "lasttime": "2025-03-16T03:00:00.000Z",
        "city": "Duluth",
        "region": "MN",
        "country": "US",
        "road": "London Road",
        "postalcode": "55804"
      }
    },
    {
      "type": "Feature",
      "geometry": {
        "type": "Point",
        "coordinates": [
          -115.19371796,
          36.12379074
        ]
      },
      "properties": {
        "netid": "58:00:E3:03:F8:F9",
        "ssid": null,
        "oui": "58:00:E3",
        "channel": 6,
        "encryption": "wpa2",
        "firsttime": "2025-08-22T18:00:00.000Z",
        "lasttime": "2025-08-22T13:00:00.000Z",
        "city": null,
        "region": "NV",
        "country": "US",
        "road": "Gaylord Drive",
        "postalcode": "89103-4009"
      }
    },
    {
      "type": "Feature",
      "geometry": {
        "type": "Point",
        "coordinates": [
          -115.07687378,
          36.17938614
        ]
      },
      "properties": {
        "netid": "58:00:E3:03:F9:1E",
        "ssid": "DIRECT-roku-284-32D9E9",
        "oui": "58:00:E3",
        "channel": 157,
        "encryption": "wpa2",
        "firsttime": "2025-08-04T14:00:00.000Z",
        "lasttime": "2025-08-04T13:00:00.000Z",
        "city": "Las Vegas",
        "region": "NV",
        "country": "US",
        "road": null,
        "postalcode": "89110"
      }
    },
    {
      "type": "Feature",
      "geometry": {
        "type": "Point",
        "coordinates": [
          -83.07489777,
          40.57600021
        ]
      },
      "properties": {
        "netid": "58:00:E3:03:F9:B5",
        "ssid": null,
        "oui": "58:00:E3",
        "channel": 157,
        "encryption": "wpa2",
        "firsttime": "2025-04-29T15:00:00.000Z",
        "lasttime": "2025-04-29T10:00:00.000Z",
        "city": null,
        "region": "OH",
        "country": "US",
        "road": "US 23",
        "postalcode": "43302"
      }
    },
    {
      "type": "Feature",
      "geometry": {
        "type": "Point",
        "coordinates": [
          -73.63312531,
          45.58707809
        ]
      },
      "properties": {
        "netid": "58:00:E3:04:4C:60",
        "ssid": null,
        "oui": "58:00:E3",
        "channel": 0,
        "encryption": "unknown",
        "firsttime": "2025-01-10T17:00:00.000Z",
        "lasttime": "2025-01-14T15:00:00.000Z",
        "city": "Montr\u00e9al",
        "region": "Qu\u00e9bec",
        "country": "CA",
        "road": "Boulevard Pie-IX",
        "postalcode": "H1H 3Z7"
      }
    },
    {
      "type": "Feature",
      "geometry": {
        "type": "Point",
        "coordinates": [
          -82.64014435,
          27.87098694
        ]
      },
      "properties": {
        "netid": "58:00:E3:04:5B:38",
        "ssid": null,
        "oui": "58:00:E3",
        "channel": 3,
        "encryption": "unknown",
        "firsttime": "2025-03-10T21:00:00.000Z",
        "lasttime": "2025-03-10T19:00:00.000Z",
        "city": "Saint Petersburg",
        "region": "FL",
        "country": "US",
        "road": "110th Avenue North",
        "postalcode": "33716"
      }
    },
    {
      "type": "Feature",
      "geometry": {
        "type": "Point",
        "coordinates": [
          -80.67856598,
          52.48899841
        ]
      },
      "properties": {
        "netid": "58:00:E3:04:5C:6C",
        "ssid": null,
        "oui": "58:00:E3",
        "channel": 1,
        "encryption": "unknown",
        "firsttime": "2024-10-19T20:00:00.000Z",
        "lasttime": "2024-10-19T14:00:00.000Z",
        "city": null,
        "region": "\u14c4\u14c7\u1557\u1466 Nunavut",
        "country": "CA",
        "road": null,
        "postalcode": null
      }
    },
    {
      "type": "Feature",
      "geometry": {
        "type": "Point",
        "coordinates": [
          -123.18756104,
          44.07804489
        ]
      },
      "properties": {
        "netid": "58:00:E3:07:E2:26",
        "ssid": null,
        "oui": "58:00:E3",
        "channel": 8,
        "encryption": "wpa2",
        "firsttime": "2025-11-07T18:00:00.000Z",
        "lasttime": "2025-11-07T13:00:00.000Z",
        "city": "Eugene",
        "region": "OR",
        "country": "US",
        "road": "Firewood Loop",
        "postalcode": "97402"
      }
    },
    {
      "type": "Feature",
      "geometry": {
        "type": "Point",
        "coordinates": [
          -117.66464233,
          33.50063324
        ]
      },
      "properties": {
        "netid": "58:00:E3:07:E2:31",
        "ssid": null,
        "oui": "58:00:E3",
        "channel": 157,
        "encryption": "wpa2",
        "firsttime": "2025-02-02T23:00:00.000Z",
        "lasttime": "2025-04-14T18:00:00.000Z",
        "city": null,
        "region": "CA",
        "country": "US",
        "road": "Paseo Adelanto",
        "postalcode": "92675"
      }
    },
    {
      "type": "Feature",
      "geometry": {
        "type": "Point",
        "coordinates": [
          -94.72386169,
          39.00633621
        ]
      },
      "properties": {
        "netid": "58:00:E3:07:E2:69",
        "ssid": null,
        "oui": "58:00:E3",
        "channel": 149,
        "encryption": "wpa2",
        "firsttime": "2025-01-23T01:00:00.000Z",
        "lasttime": "2025-03-12T21:00:00.000Z",
        "city": null,
        "region": "KS",
        "country": "US",
        "road": "Quivira Road",
        "postalcode": "66062"
      }
    },
    {
      "type": "Feature",
      "geometry": {
        "type": "Point",
        "coordinates": [
          -118.35791779,
          33.95485687
        ]
      },
      "properties": {
        "netid": "58:00:E3:07:E2:7C",
        "ssid": null,
        "oui": "58:00:E3",
        "channel": 44,
        "encryption": "wpa2",
        "firsttime": "2024-12-22T19:00:00.000Z",
        "lasttime": "2024-12-22T17:00:00.000Z",
        "city": "Inglewood",
        "region": "CA",
        "country": "US",
        "road": "South Fir Avenue",
        "postalcode": "90301"
      }
    },
    {
      "type": "Feature",
      "geometry": {
        "type": "Point",
        "coordinates": [
          -75.229599,
          40.2374115
        ]
      },
      "properties": {
        "netid": "58:00:E3:07:E2:AD",
        "ssid": null,
        "oui": "58:00:E3",
        "channel": 44,
        "encryption": "wpa2",
        "firsttime": "2025-10-20T21:00:00.000Z",
        "lasttime": "2025-10-20T14:00:00.000Z",
        "city": null,
        "region": "PA",
        "country": "US",
        "road": "Devon Court",
        "postalcode": "19454"
      }
    },
    {
      "type": "Feature",
      "geometry": {
        "type": "Point",
        "coordinates": [
          -75.65208435,
          40.24931717
        ]
      },
      "properties": {
        "netid": "58:00:E3:07:E2:DF",
        "ssid": null,
        "oui": "58:00:E3",
        "channel": 36,
        "encryption": "wpa2",
        "firsttime": "2024-08-06T22:00:00.000Z",
        "lasttime": "2024-11-26T23:00:00.000Z",
        "city": null,
        "region": "PA",
        "country": "US",
        "road": "North York Street",
        "postalcode": "19464"
      }
    },
    {
      "type": "Feature",
      "geometry": {
        "type": "Point",
        "coordinates": [
          -118.53786469,
          34.26203156
        ]
      },
      "properties": {
        "netid": "58:00:E3:07:E3:25",
        "ssid": "DIRECT-roku-376-F3B93D",
        "oui": "58:00:E3",
        "channel": 157,
        "encryption": "wpa2",
        "firsttime": "2025-03-13T20:00:00.000Z",
        "lasttime": "2025-03-13T16:00:00.000Z",
        "city": "Los Angeles",
        "region": "CA",
        "country": "US",
        "road": "Baird Avenue",
        "postalcode": "91324-2036"
      }
    },
    {
      "type": "Feature",
      "geometry": {
        "type": "Point",
        "coordinates": [
          -118.42051697,
          34.01244354
        ]
      },
      "properties": {
        "netid": "58:00:E3:07:E3:34",
        "ssid": "DIRECT-roku-514-3D9D3F",
        "oui": "58:00:E3",
        "channel": 36,
        "encryption": "wpa2",
        "firsttime": "2023-08-03T17:00:00.000Z",
        "lasttime": "2025-04-11T02:00:00.000Z",
        "city": "Los Angeles",
        "region": "CA",
        "country": "US",
        "road": "Sawtelle Boulevard",
        "postalcode": "90066-3941"
      }
    },
    {
      "type": "Feature",
      "geometry": {
        "type": "Point",
        "coordinates": [
          -97.5526123,
          35.58430481
        ]
      },
      "properties": {
        "netid": "58:00:E3:07:E3:4B",
        "ssid": "DIRECT-roku-935-0F5563",
        "oui": "58:00:E3",
        "channel": 153,
        "encryption": "wpa2",
        "firsttime": "2024-09-24T10:00:00.000Z",
        "lasttime": "2026-04-09T11:00:00.000Z",
        "city": "Oklahoma City",
        "region": "OK",
        "country": "US",
        "road": "Northwest 113th Place",
        "postalcode": "73120"
      }
    },
    {
      "type": "Feature",
      "geometry": {
        "type": "Point",
        "coordinates": [
          -81.40564728,
          28.29283524
        ]
      },
      "properties": {
        "netid": "58:00:E3:07:E3:6A",
        "ssid": null,
        "oui": "58:00:E3",
        "channel": 36,
        "encryption": "wpa2",
        "firsttime": "2025-09-01T17:00:00.000Z",
        "lasttime": "2025-09-01T11:00:00.000Z",
        "city": "Kissimmee",
        "region": "FL",
        "country": "US",
        "road": "East Monument Avenue",
        "postalcode": "34741"
      }
    },
    {
      "type": "Feature",
      "geometry": {
        "type": "Point",
        "coordinates": [
          -90.38170624,
          38.72784424
        ]
      },
      "properties": {
        "netid": "58:00:E3:07:E3:A6",
        "ssid": null,
        "oui": "58:00:E3",
        "channel": 40,
        "encryption": "wpa2",
        "firsttime": "2018-03-23T17:00:00.000Z",
        "lasttime": "2025-04-01T09:00:00.000Z",
        "city": "St. Ann",
        "region": "MO",
        "country": "US",
        "road": "Saint Charles Rock Road",
        "postalcode": "63074"
      }
    },
    {
      "type": "Feature",
      "geometry": {
        "type": "Point",
        "coordinates": [
          -82.42036438,
          34.90535736
        ]
      },
      "properties": {
        "netid": "58:00:E3:07:E3:CD",
        "ssid": null,
        "oui": "58:00:E3",
        "channel": 153,
        "encryption": "wpa2",
        "firsttime": "2020-11-30T12:00:00.000Z",
        "lasttime": "2026-08-06T18:00:00.000Z",
        "city": null,
        "region": "SC",
        "country": "US",
        "road": "Poinsett Highway",
        "postalcode": "29613"
      }
    },
    {
      "type": "Feature",
      "geometry": {
        "type": "Point",
        "coordinates": [
          -86.10166931,
          39.71689987
        ]
      },
      "properties": {
        "netid": "58:00:E3:07:E4:6D",
        "ssid": null,
        "oui": "58:00:E3",
        "channel": 2,
        "encryption": "wpa2",
        "firsttime": "2026-07-02T17:00:00.000Z",
        "lasttime": "2026-07-03T22:00:00.000Z",
        "city": null,
        "region": "IN",
        "country": "US",
        "road": "Sherman Drive",
        "postalcode": "46107"
      }
    },
    {
      "type": "Feature",
      "geometry": {
        "type": "Point",
        "coordinates": [
          -76.9621582,
          38.2507782
        ]
      },
      "properties": {
        "netid": "58:00:E3:07:E4:A8",
        "ssid": null,
        "oui": "58:00:E3",
        "channel": 40,
        "encryption": "wpa2",
        "firsttime": "2024-08-30T22:00:00.000Z",
        "lasttime": "2024-08-30T15:00:00.000Z",
        "city": null,
        "region": "VA",
        "country": "US",
        "road": "North Irving Avenue",
        "postalcode": "22443"
      }
    },
    {
      "type": "Feature",
      "geometry": {
        "type": "Point",
        "coordinates": [
          -82.88625336,
          39.85351181
        ]
      },
      "properties": {
        "netid": "58:00:E3:07:E4:B3",
        "ssid": "DIRECT-roku-726-FBE668",
        "oui": "58:00:E3",
        "channel": 1,
        "encryption": "wpa2",
        "firsttime": "2001-01-01T00:00:00.000Z",
        "lasttime": "2024-08-18T18:00:00.000Z",
        "city": null,
        "region": "OH",
        "country": "US",
        "road": "Hamilton Road",
        "postalcode": "43125"
      }
    },
    {
      "type": "Feature",
      "geometry": {
        "type": "Point",
        "coordinates": [
          -77.16268921,
          39.11321259
        ]
      },
      "properties": {
        "netid": "58:00:E3:07:E4:C5",
        "ssid": null,
        "oui": "58:00:E3",
        "channel": 8,
        "encryption": "wpa2",
        "firsttime": "2017-11-24T13:00:00.000Z",
        "lasttime": "2024-12-14T10:00:00.000Z",
        "city": "Rockville",
        "region": "MD",
        "country": "US",
        "road": "Frederick Road",
        "postalcode": "20850"
      }
    },
    {
      "type": "Feature",
      "geometry": {
        "type": "Point",
        "coordinates": [
          -73.25260925,
          40.82853317
        ]
      },
      "properties": {
        "netid": "58:00:E3:07:E4:D9",
        "ssid": null,
        "oui": "58:00:E3",
        "channel": 149,
        "encryption": "wpa2",
        "firsttime": "2025-02-20T16:00:00.000Z",
        "lasttime": "2025-02-20T09:00:00.000Z",
        "city": null,
        "region": "NY",
        "country": "US",
        "road": "Camelia Place",
        "postalcode": "11788"
      }
    },
    {
      "type": "Feature",
      "geometry": {
        "type": "Point",
        "coordinates": [
          -73.73406219,
          40.68955231
        ]
      },
      "properties": {
        "netid": "58:00:E3:07:E4:E7",
        "ssid": null,
        "oui": "58:00:E3",
        "channel": 48,
        "encryption": "wpa2",
        "firsttime": "2024-09-12T22:00:00.000Z",
        "lasttime": "2024-09-19T15:00:00.000Z",
        "city": "City of New York",
        "region": "NY",
        "country": "US",
        "road": "119th Avenue",
        "postalcode": "11411"
      }
    },
    {
      "type": "Feature",
      "geometry": {
        "type": "Point",
        "coordinates": [
          -76.60577393,
          40.14968491
        ]
      },
      "properties": {
        "netid": "58:00:E3:07:E5:53",
        "ssid": "DIRECT-roku-956-9348AB",
        "oui": "58:00:E3",
        "channel": 36,
        "encryption": "wpa2",
        "firsttime": "2025-08-22T16:00:00.000Z",
        "lasttime": "2025-12-03T14:00:00.000Z",
        "city": null,
        "region": "PA",
        "country": "US",
        "road": "Peach Alley",
        "postalcode": "17022"
      }
    },
    {
      "type": "Feature",
      "geometry": {
        "type": "Point",
        "coordinates": [
          -73.97955322,
          40.73820877
        ]
      },
      "properties": {
        "netid": "58:00:E3:07:E5:6D",
        "ssid": "DIRECT-roku-950-85A06B",
        "oui": "58:00:E3",
        "channel": 44,
        "encryption": "wpa2",
        "firsttime": "2024-05-03T19:00:00.000Z",
        "lasttime": "2024-09-19T08:00:00.000Z",
        "city": "City of New York",
        "region": "NY",
        "country": "US",
        "road": "East 24th Street",
        "postalcode": "10010"
      }
    },
    {
      "type": "Feature",
      "geometry": {
        "type": "Point",
        "coordinates": [
          -80.21154785,
          26.20287132
        ]
      },
      "properties": {
        "netid": "58:00:E3:07:E5:FB",
        "ssid": null,
        "oui": "58:00:E3",
        "channel": 10,
        "encryption": "wpa2",
        "firsttime": "2025-08-01T23:00:00.000Z",
        "lasttime": "2025-08-03T14:00:00.000Z",
        "city": null,
        "region": "FL",
        "country": "US",
        "road": "Southwest 19th Street",
        "postalcode": "33068"
      }
    },
    {
      "type": "Feature",
      "geometry": {
        "type": "Point",
        "coordinates": [
          -111.9394455,
          41.08959198
        ]
      },
      "properties": {
        "netid": "58:00:E3:07:E6:33",
        "ssid": null,
        "oui": "58:00:E3",
        "channel": 36,
        "encryption": "wpa2",
        "firsttime": "2024-09-12T03:00:00.000Z",
        "lasttime": "2024-11-26T03:00:00.000Z",
        "city": "Layton",
        "region": "UT",
        "country": "US",
        "road": "North 1450 East",
        "postalcode": "84040"
      }
    },
    {
      "type": "Feature",
      "geometry": {
        "type": "Point",
        "coordinates": [
          -76.87875366,
          38.8277626
        ]
      },
      "properties": {
        "netid": "58:00:E3:07:E6:7B",
        "ssid": null,
        "oui": "58:00:E3",
        "channel": 36,
        "encryption": "wpa2",
        "firsttime": "2024-12-15T15:00:00.000Z",
        "lasttime": "2026-01-29T08:00:00.000Z",
        "city": null,
        "region": "MD",
        "country": "US",
        "road": "Forestville Road",
        "postalcode": "20747"
      }
    },
    {
      "type": "Feature",
      "geometry": {
        "type": "Point",
        "coordinates": [
          -106.64975739,
          31.87104416
        ]
      },
      "properties": {
        "netid": "58:00:E3:07:E6:F1",
        "ssid": "DIRECT-roku-379-15E501",
        "oui": "58:00:E3",
        "channel": 6,
        "encryption": "wpa2",
        "firsttime": "2026-01-11T04:00:00.000Z",
        "lasttime": "2026-03-05T04:00:00.000Z",
        "city": null,
        "region": "NM",
        "country": "US",
        "road": "McNutt Road",
        "postalcode": "88008"
      }
    },
    {
      "type": "Feature",
      "geometry": {
        "type": "Point",
        "coordinates": [
          -112.31746674,
          34.60964966
        ]
      },
      "properties": {
        "netid": "58:00:E3:07:E7:98",
        "ssid": null,
        "oui": "58:00:E3",
        "channel": 149,
        "encryption": "wpa2",
        "firsttime": "2024-12-04T22:00:00.000Z",
        "lasttime": "2024-12-04T16:00:00.000Z",
        "city": null,
        "region": "AZ",
        "country": "US",
        "road": "East Spouse Drive",
        "postalcode": "86314"
      }
    },
    {
      "type": "Feature",
      "geometry": {
        "type": "Point",
        "coordinates": [
          -80.01278687,
          40.49778748
        ]
      },
      "properties": {
        "netid": "58:00:E3:07:E7:D1",
        "ssid": null,
        "oui": "58:00:E3",
        "channel": 4,
        "encryption": "wpa2",
        "firsttime": "2026-08-02T23:00:00.000Z",
        "lasttime": "2026-08-02T17:00:00.000Z",
        "city": "Pittsburgh",
        "region": "PA",
        "country": "US",
        "road": "McKnight Road",
        "postalcode": "15214"
      }
    },
    {
      "type": "Feature",
      "geometry": {
        "type": "Point",
        "coordinates": [
          -73.94503784,
          40.66904449
        ]
      },
      "properties": {
        "netid": "58:00:E3:07:E8:8B",
        "ssid": "DIRECT-roku-790-83D05A",
        "oui": "58:00:E3",
        "channel": 11,
        "encryption": "wpa2",
        "firsttime": "2023-10-30T01:00:00.000Z",
        "lasttime": "2026-06-30T19:00:00.000Z",
        "city": "City of New York",
        "region": "NY",
        "country": "US",
        "road": "Brooklyn Avenue",
        "postalcode": "11213"
      }
    },
    {
      "type": "Feature",
      "geometry": {
        "type": "Point",
        "coordinates": [
          -87.70188904,
          41.89797974
        ]
      },
      "properties": {
        "netid": "58:00:E3:07:E8:C1",
        "ssid": null,
        "oui": "58:00:E3",
        "channel": 6,
        "encryption": "wpa2",
        "firsttime": "2025-04-12T16:00:00.000Z",
        "lasttime": "2025-05-12T14:00:00.000Z",
        "city": "Chicago",
        "region": "IL",
        "country": "US",
        "road": "North Sacramento Boulevard",
        "postalcode": "60622"
      }
    },
    {
      "type": "Feature",
      "geometry": {
        "type": "Point",
        "coordinates": [
          -74.12945557,
          40.56521606
        ]
      },
      "properties": {
        "netid": "58:00:E3:07:E8:F8",
        "ssid": null,
        "oui": "58:00:E3",
        "channel": 11,
        "encryption": "wpa2",
        "firsttime": "2024-08-07T20:00:00.000Z",
        "lasttime": "2026-06-09T09:00:00.000Z",
        "city": "City of New York",
        "region": "NY",
        "country": "US",
        "road": "Guyon Avenue",
        "postalcode": "10306"
      }
    },
    {
      "type": "Feature",
      "geometry": {
        "type": "Point",
        "coordinates": [
          -80.23073578,
          26.21497154
        ]
      },
      "properties": {
        "netid": "58:00:E3:07:E9:10",
        "ssid": null,
        "oui": "58:00:E3",
        "channel": 1,
        "encryption": "wpa2",
        "firsttime": "2025-10-17T21:00:00.000Z",
        "lasttime": "2025-10-21T13:00:00.000Z",
        "city": null,
        "region": "FL",
        "country": "US",
        "road": "Tam Oshanter Boulevard",
        "postalcode": "33068"
      }
    },
    {
      "type": "Feature",
      "geometry": {
        "type": "Point",
        "coordinates": [
          -84.30125427,
          33.7873497
        ]
      },
      "properties": {
        "netid": "58:00:E3:07:E9:AE",
        "ssid": null,
        "oui": "58:00:E3",
        "channel": 44,
        "encryption": "wpa2",
        "firsttime": "2025-10-05T16:00:00.000Z",
        "lasttime": "2025-10-05T10:00:00.000Z",
        "city": null,
        "region": "GA",
        "country": "US",
        "road": "Landover Drive",
        "postalcode": "30030"
      }
    },
    {
      "type": "Feature",
      "geometry": {
        "type": "Point",
        "coordinates": [
          -97.11514282,
          32.63742828
        ]
      },
      "properties": {
        "netid": "58:00:E3:07:E9:FA",
        "ssid": "DIRECT-roku-226-25F3A9",
        "oui": "58:00:E3",
        "channel": 6,
        "encryption": "wpa2",
        "firsttime": "2025-01-10T20:00:00.000Z",
        "lasttime": "2026-02-12T08:00:00.000Z",
        "city": null,
        "region": "TX",
        "country": "US",
        "road": "Matlock Road",
        "postalcode": "76002"
      }
    },
    {
      "type": "Feature",
      "geometry": {
        "type": "Point",
        "coordinates": [
          -74.14064789,
          40.90827942
        ]
      },
      "properties": {
        "netid": "58:00:E3:07:EA:1E",
        "ssid": "DIRECT-roku-740-CCCF2F",
        "oui": "58:00:E3",
        "channel": 36,
        "encryption": "wpa2",
        "firsttime": "2018-02-13T10:00:00.000Z",
        "lasttime": "2024-09-01T12:00:00.000Z",
        "city": "Paterson",
        "region": "NJ",
        "country": "US",
        "road": "19th Avenue",
        "postalcode": "07504"
      }
    },
    {
      "type": "Feature",
      "geometry": {
        "type": "Point",
        "coordinates": [
          -83.51392365,
          43.02138519
        ]
      },
      "properties": {
        "netid": "58:00:E3:07:EA:C4",
        "ssid": null,
        "oui": "58:00:E3",
        "channel": 2,
        "encryption": "wpa2",
        "firsttime": "2025-10-17T20:00:00.000Z",
        "lasttime": "2025-10-17T15:00:00.000Z",
        "city": null,
        "region": "MI",
        "country": "US",
        "road": "Fitzner Drive",
        "postalcode": "48423"
      }
    },
    {
      "type": "Feature",
      "geometry": {
        "type": "Point",
        "coordinates": [
          -73.96009827,
          40.65679169
        ]
      },
      "properties": {
        "netid": "58:00:E3:07:EB:23",
        "ssid": "DIRECT-roku-797-3A7EE3",
        "oui": "58:00:E3",
        "channel": 149,
        "encryption": "wpa2",
        "firsttime": "2025-08-31T22:00:00.000Z",
        "lasttime": "2025-08-31T15:00:00.000Z",
        "city": "City of New York",
        "region": "NY",
        "country": "US",
        "road": "Flatbush Avenue",
        "postalcode": "11225"
      }
    },
    {
      "type": "Feature",
      "geometry": {
        "type": "Point",
        "coordinates": [
          -72.13349915,
          44.94825363
        ]
      },
      "properties": {
        "netid": "58:00:E3:07:EB:3C",
        "ssid": null,
        "oui": "58:00:E3",
        "channel": 6,
        "encryption": "wpa2",
        "firsttime": "2026-04-23T19:00:00.000Z",
        "lasttime": "2026-04-23T13:00:00.000Z",
        "city": "Derby",
        "region": "VT",
        "country": "US",
        "road": "Main Street Derby Center",
        "postalcode": "05829"
      }
    },
    {
      "type": "Feature",
      "geometry": {
        "type": "Point",
        "coordinates": [
          -97.62940216,
          35.50598907
        ]
      },
      "properties": {
        "netid": "58:00:E3:07:EB:A0",
        "ssid": "DIRECT-roku-098-629AC3",
        "oui": "58:00:E3",
        "channel": 48,
        "encryption": "wpa2",
        "firsttime": "2023-04-25T05:00:00.000Z",
        "lasttime": "2025-03-10T11:00:00.000Z",
        "city": null,
        "region": "OK",
        "country": "US",
        "road": "Northwest 34th Street",
        "postalcode": "73008"
      }
    },
    {
      "type": "Feature",
      "geometry": {
        "type": "Point",
        "coordinates": [
          -122.40550995,
          37.79339981
        ]
      },
      "properties": {
        "netid": "58:00:E3:07:EB:C4",
        "ssid": null,
        "oui": "58:00:E3",
        "channel": 149,
        "encryption": "wpa2",
        "firsttime": "2024-11-26T19:00:00.000Z",
        "lasttime": "2024-11-26T15:00:00.000Z",
        "city": "San Francisco",
        "region": "CA",
        "country": "US",
        "road": "Sacramento Street",
        "postalcode": "90104"
      }
    },
    {
      "type": "Feature",
      "geometry": {
        "type": "Point",
        "coordinates": [
          -118.28126526,
          33.81339264
        ]
      },
      "properties": {
        "netid": "58:00:E3:07:EC:89",
        "ssid": null,
        "oui": "58:00:E3",
        "channel": 36,
        "encryption": "wpa2",
        "firsttime": "2024-12-28T19:00:00.000Z",
        "lasttime": "2024-12-28T14:00:00.000Z",
        "city": "Carson",
        "region": "CA",
        "country": "US",
        "road": "West 234th Street",
        "postalcode": "90745"
      }
    },
    {
      "type": "Feature",
      "geometry": {
        "type": "Point",
        "coordinates": [
          -122.43149567,
          38.24624634
        ]
      },
      "properties": {
        "netid": "58:00:E3:07:EC:B0",
        "ssid": "DIRECT-roku-689-131CCD",
        "oui": "58:00:E3",
        "channel": 36,
        "encryption": "wpa2",
        "firsttime": "2025-07-03T20:00:00.000Z",
        "lasttime": "2025-07-03T13:00:00.000Z",
        "city": null,
        "region": "CA",
        "country": "US",
        "road": "Fremont Drive",
        "postalcode": null
      }
    },
    {
      "type": "Feature",
      "geometry": {
        "type": "Point",
        "coordinates": [
          -84.15630341,
          39.16838074
        ]
      },
      "properties": {
        "netid": "58:00:E3:07:ED:8D",
        "ssid": "DIRECT-roku-939-C599BD",
        "oui": "58:00:E3",
        "channel": 36,
        "encryption": "wpa2",
        "firsttime": "2026-01-10T17:00:00.000Z",
        "lasttime": "2026-01-11T00:00:00.000Z",
        "city": null,
        "region": "OH",
        "country": "US",
        "road": "State Route 132",
        "postalcode": "45122-9316"
      }
    },
    {
      "type": "Feature",
      "geometry": {
        "type": "Point",
        "coordinates": [
          -93.21664429,
          44.81317902
        ]
      },
      "properties": {
        "netid": "58:00:E3:07:EE:0C",
        "ssid": "\u0000\u0000\u0000\u0000\u0000\u0000\u0000\u0000\u0000\u0000\u0000\u0000\u0000\u0000\u0000\u0000\u0000\u0000\u0000\u0000\u0000\u0000",
        "oui": "58:00:E3",
        "channel": 9,
        "encryption": "wpa2",
        "firsttime": "2026-06-22T12:00:00.000Z",
        "lasttime": "2026-06-22T19:00:00.000Z",
        "city": null,
        "region": "MN",
        "country": "US",
        "road": "Cedar Grove Parkway",
        "postalcode": "55122"
      }
    },
    {
      "type": "Feature",
      "geometry": {
        "type": "Point",
        "coordinates": [
          -112.09960175,
          33.57733917
        ]
      },
      "properties": {
        "netid": "58:00:E3:07:EE:35",
        "ssid": null,
        "oui": "58:00:E3",
        "channel": 1,
        "encryption": "wpa2",
        "firsttime": "2018-11-06T07:00:00.000Z",
        "lasttime": "2025-03-08T18:00:00.000Z",
        "city": "Phoenix",
        "region": "AZ",
        "country": "US",
        "road": "North 19th Avenue",
        "postalcode": "85021"
      }
    },
    {
      "type": "Feature",
      "geometry": {
        "type": "Point",
        "coordinates": [
          -79.99679565,
          40.44145203
        ]
      },
      "properties": {
        "netid": "58:00:E3:07:EE:36",
        "ssid": null,
        "oui": "58:00:E3",
        "channel": 36,
        "encryption": "wpa2",
        "firsttime": "2025-02-28T14:00:00.000Z",
        "lasttime": "2025-07-04T12:00:00.000Z",
        "city": "Pittsburgh",
        "region": "PA",
        "country": "US",
        "road": "William Penn Place",
        "postalcode": "15222"
      }
    },
    {
      "type": "Feature",
      "geometry": {
        "type": "Point",
        "coordinates": [
          -75.16584015,
          39.94983673
        ]
      },
      "properties": {
        "netid": "58:00:E3:07:EE:8F",
        "ssid": null,
        "oui": "58:00:E3",
        "channel": 36,
        "encryption": "wpa2",
        "firsttime": "2025-07-19T00:00:00.000Z",
        "lasttime": "2025-07-18T21:00:00.000Z",
        "city": "Philadelphia",
        "region": "PA",
        "country": "US",
        "road": "South 15th Street",
        "postalcode": "19102"
      }
    },
    {
      "type": "Feature",
      "geometry": {
        "type": "Point",
        "coordinates": [
          -78.85248566,
          38.44438934
        ]
      },
      "properties": {
        "netid": "58:00:E3:07:EE:D5",
        "ssid": "DIRECT-roku-654-8515B5",
        "oui": "58:00:E3",
        "channel": 1,
        "encryption": "wpa2",
        "firsttime": "2023-05-25T18:00:00.000Z",
        "lasttime": "2026-02-03T16:00:00.000Z",
        "city": "Harrisonburg",
        "region": "VA",
        "country": "US",
        "road": "North Carlton Street",
        "postalcode": "22802"
      }
    },
    {
      "type": "Feature",
      "geometry": {
        "type": "Point",
        "coordinates": [
          -74.44893646,
          40.49900818
        ]
      },
      "properties": {
        "netid": "58:00:E3:07:F0:3A",
        "ssid": null,
        "oui": "58:00:E3",
        "channel": 11,
        "encryption": "wpa2",
        "firsttime": "2025-01-10T00:00:00.000Z",
        "lasttime": "2025-02-03T14:00:00.000Z",
        "city": "New Brunswick",
        "region": "NJ",
        "country": "US",
        "road": "Wall Street",
        "postalcode": "08901"
      }
    },
    {
      "type": "Feature",
      "geometry": {
        "type": "Point",
        "coordinates": [
          -80.04669952,
          40.37070084
        ]
      },
      "properties": {
        "netid": "58:00:E3:07:F0:5D",
        "ssid": null,
        "oui": "58:00:E3",
        "channel": 1,
        "encryption": "wpa2",
        "firsttime": "2024-09-22T20:00:00.000Z",
        "lasttime": "2024-09-22T17:00:00.000Z",
        "city": null,
        "region": "PA",
        "country": "US",
        "road": "Outlook Drive",
        "postalcode": "15228"
      }
    },
    {
      "type": "Feature",
      "geometry": {
        "type": "Point",
        "coordinates": [
          -87.57627869,
          41.7650032
        ]
      },
      "properties": {
        "netid": "58:00:E3:07:F0:9D",
        "ssid": "DIRECT-roku-816-6F9D58",
        "oui": "58:00:E3",
        "channel": 36,
        "encryption": "wpa2",
        "firsttime": "2026-07-25T00:00:00.000Z",
        "lasttime": "2026-07-24T21:00:00.000Z",
        "city": "Chicago",
        "region": "IL",
        "country": "US",
        "road": "South Jeffery Boulevard",
        "postalcode": "60617"
      }
    },
    {
      "type": "Feature",
      "geometry": {
        "type": "Point",
        "coordinates": [
          -71.08413696,
          42.77784348
        ]
      },
      "properties": {
        "netid": "58:00:E3:07:F1:10",
        "ssid": "DIRECT-roku-658-913E78",
        "oui": "58:00:E3",
        "channel": 149,
        "encryption": "wpa2",
        "firsttime": "2025-07-23T13:00:00.000Z",
        "lasttime": "2025-07-24T17:00:00.000Z",
        "city": "Haverhill",
        "region": "MA",
        "country": "US",
        "road": "Winter Street",
        "postalcode": "01830"
      }
    },
    {
      "type": "Feature",
      "geometry": {
        "type": "Point",
        "coordinates": [
          -85.33520508,
          31.33542824
        ]
      },
      "properties": {
        "netid": "58:00:E3:07:F1:31",
        "ssid": null,
        "oui": "58:00:E3",
        "channel": 1,
        "encryption": "wpa2",
        "firsttime": "2025-09-13T04:00:00.000Z",
        "lasttime": "2025-09-12T21:00:00.000Z",
        "city": "Headland",
        "region": "AL",
        "country": "US",
        "road": "US 431",
        "postalcode": "36345"
      }
    },
    {
      "type": "Feature",
      "geometry": {
        "type": "Point",
        "coordinates": [
          -84.48429108,
          38.01252365
        ]
      },
      "properties": {
        "netid": "58:00:E3:07:F1:C0",
        "ssid": "DIRECT-roku-402-72A366",
        "oui": "58:00:E3",
        "channel": 149,
        "encryption": "wpa2",
        "firsttime": "2025-01-28T15:00:00.000Z",
        "lasttime": "2025-04-01T14:00:00.000Z",
        "city": "Lexington",
        "region": "KY",
        "country": "US",
        "road": "Chinoe Road",
        "postalcode": "40502"
      }
    },
    {
      "type": "Feature",
      "geometry": {
        "type": "Point",
        "coordinates": [
          -121.30970001,
          38.28672791
        ]
      },
      "properties": {
        "netid": "58:00:E3:07:F2:99",
        "ssid": null,
        "oui": "58:00:E3",
        "channel": 1,
        "encryption": "wpa2",
        "firsttime": "2024-09-23T00:00:00.000Z",
        "lasttime": "2026-07-13T22:00:00.000Z",
        "city": "Galt",
        "region": "CA",
        "country": "US",
        "road": "South Sacramento Freeway",
        "postalcode": "95632"
      }
    },
    {
      "type": "Feature",
      "geometry": {
        "type": "Point",
        "coordinates": [
          -83.12632751,
          42.9678154
        ]
      },
      "properties": {
        "netid": "58:00:E3:07:F2:C3",
        "ssid": null,
        "oui": "58:00:E3",
        "channel": 1,
        "encryption": "wpa2",
        "firsttime": "2026-05-28T04:00:00.000Z",
        "lasttime": "2026-05-27T21:00:00.000Z",
        "city": null,
        "region": "MI",
        "country": "US",
        "road": "North Mill Road",
        "postalcode": "48428"
      }
    },
    {
      "type": "Feature",
      "geometry": {
        "type": "Point",
        "coordinates": [
          -87.48649597,
          41.54986191
        ]
      },
      "properties": {
        "netid": "58:00:E3:07:F2:C9",
        "ssid": null,
        "oui": "58:00:E3",
        "channel": 44,
        "encryption": "wpa2",
        "firsttime": "2024-03-14T01:00:00.000Z",
        "lasttime": "2025-03-14T20:00:00.000Z",
        "city": null,
        "region": "IN",
        "country": "US",
        "road": "Hudson Court",
        "postalcode": "46321"
      }
    },
    {
      "type": "Feature",
      "geometry": {
        "type": "Point",
        "coordinates": [
          -84.48892975,
          38.02051544
        ]
      },
      "properties": {
        "netid": "58:00:E3:07:F3:41",
        "ssid": null,
        "oui": "58:00:E3",
        "channel": 48,
        "encryption": "wpa2",
        "firsttime": "2025-01-23T14:00:00.000Z",
        "lasttime": "2025-01-23T09:00:00.000Z",
        "city": "Lexington",
        "region": "KY",
        "country": "US",
        "road": "Colony Boulevard",
        "postalcode": "40502"
      }
    },
    {
      "type": "Feature",
      "geometry": {
        "type": "Point",
        "coordinates": [
          -89.94528961,
          35.12518692
        ]
      },
      "properties": {
        "netid": "58:00:E3:07:F3:61",
        "ssid": null,
        "oui": "58:00:E3",
        "channel": 36,
        "encryption": "wpa2",
        "firsttime": "2025-05-10T02:00:00.000Z",
        "lasttime": "2025-05-09T22:00:00.000Z",
        "city": "Memphis",
        "region": "TN",
        "country": "US",
        "road": "South Highland Street",
        "postalcode": "38111"
      }
    },
    {
      "type": "Feature",
      "geometry": {
        "type": "Point",
        "coordinates": [
          -87.92485809,
          42.98822021
        ]
      },
      "properties": {
        "netid": "58:00:E3:07:F4:21",
        "ssid": null,
        "oui": "58:00:E3",
        "channel": 1,
        "encryption": "wpa2",
        "firsttime": "2024-11-29T21:00:00.000Z",
        "lasttime": "2026-02-17T04:00:00.000Z",
        "city": "Milwaukee",
        "region": "WI",
        "country": "US",
        "road": "West Oklahoma Avenue",
        "postalcode": "53215"
      }
    },
    {
      "type": "Feature",
      "geometry": {
        "type": "Point",
        "coordinates": [
          -77.12566376,
          38.77816391
        ]
      },
      "properties": {
        "netid": "58:00:E3:07:F4:63",
        "ssid": null,
        "oui": "58:00:E3",
        "channel": 6,
        "encryption": "wpa2",
        "firsttime": "2026-01-22T22:00:00.000Z",
        "lasttime": "2026-02-09T19:00:00.000Z",
        "city": null,
        "region": "VA",
        "country": "US",
        "road": "Sutcliffe Drive",
        "postalcode": "22310"
      }
    },
    {
      "type": "Feature",
      "geometry": {
        "type": "Point",
        "coordinates": [
          -93.24376678,
          44.85458374
        ]
      },
      "properties": {
        "netid": "58:00:E3:07:F4:88",
        "ssid": "DIRECT-roku-576-23B08A",
        "oui": "58:00:E3",
        "channel": 36,
        "encryption": "wpa2",
        "firsttime": "2024-11-24T23:00:00.000Z",
        "lasttime": "2024-11-24T16:00:00.000Z",
        "city": null,
        "region": "MN",
        "country": "US",
        "road": "East Broadway",
        "postalcode": "55425"
      }
    },
    {
      "type": "Feature",
      "geometry": {
        "type": "Point",
        "coordinates": [
          -75.29933167,
          40.24430084
        ]
      },
      "properties": {
        "netid": "58:00:E3:07:F5:0A",
        "ssid": null,
        "oui": "58:00:E3",
        "channel": 40,
        "encryption": "wpa2",
        "firsttime": "2022-10-15T00:00:00.000Z",
        "lasttime": "2025-05-20T11:00:00.000Z",
        "city": null,
        "region": "PA",
        "country": "US",
        "road": "South Valley Forge Road",
        "postalcode": "19446"
      }
    },
    {
      "type": "Feature",
      "geometry": {
        "type": "Point",
        "coordinates": [
          -75.35237885,
          40.43843842
        ]
      },
      "properties": {
        "netid": "58:00:E3:07:F5:1E",
        "ssid": null,
        "oui": "58:00:E3",
        "channel": 8,
        "encryption": "wpa2",
        "firsttime": "2024-03-29T20:00:00.000Z",
        "lasttime": "2025-01-07T17:00:00.000Z",
        "city": null,
        "region": "PA",
        "country": "US",
        "road": "South Main Street",
        "postalcode": "18951"
      }
    },
    {
      "type": "Feature",
      "geometry": {
        "type": "Point",
        "coordinates": [
          -94.38406372,
          39.06296158
        ]
      },
      "properties": {
        "netid": "58:00:E3:07:F5:2A",
        "ssid": null,
        "oui": "58:00:E3",
        "channel": 9,
        "encryption": "wpa2",
        "firsttime": "2025-05-20T19:00:00.000Z",
        "lasttime": "2025-11-15T00:00:00.000Z",
        "city": "Independence",
        "region": "MO",
        "country": "US",
        "road": "Erin Lane",
        "postalcode": "64055"
      }
    },
    {
      "type": "Feature",
      "geometry": {
        "type": "Point",
        "coordinates": [
          -61.32777023,
          10.63346577
        ]
      },
      "properties": {
        "netid": "58:00:E3:07:F5:58",
        "ssid": null,
        "oui": "58:00:E3",
        "channel": 36,
        "encryption": "wpa2",
        "firsttime": "2024-10-28T23:00:00.000Z",
        "lasttime": "2024-10-28T16:00:00.000Z",
        "city": null,
        "region": "Tunapuna-Piarco",
        "country": "TT",
        "road": "Priority Bus Route",
        "postalcode": "00129"
      }
    },
    {
      "type": "Feature",
      "geometry": {
        "type": "Point",
        "coordinates": [
          -83.8674469,
          39.79515076
        ]
      },
      "properties": {
        "netid": "58:00:E3:07:F5:8C",
        "ssid": null,
        "oui": "58:00:E3",
        "channel": 1,
        "encryption": "wpa2",
        "firsttime": "2024-01-16T16:00:00.000Z",
        "lasttime": "2025-07-02T16:00:00.000Z",
        "city": null,
        "region": "OH",
        "country": "US",
        "road": "SR 370",
        "postalcode": "45387"
      }
    },
    {
      "type": "Feature",
      "geometry": {
        "type": "Point",
        "coordinates": [
          -72.60027313,
          42.58623505
        ]
      },
      "properties": {
        "netid": "58:00:E3:07:F5:9A",
        "ssid": null,
        "oui": "58:00:E3",
        "channel": 44,
        "encryption": "wpa2",
        "firsttime": "2019-09-26T16:00:00.000Z",
        "lasttime": "2026-07-25T15:00:00.000Z",
        "city": "Greenfield",
        "region": "MA",
        "country": "US",
        "road": "Olive Street",
        "postalcode": "01301"
      }
    },
    {
      "type": "Feature",
      "geometry": {
        "type": "Point",
        "coordinates": [
          -74.12329865,
          40.85569382
        ]
      },
      "properties": {
        "netid": "58:00:E3:07:F5:D5",
        "ssid": "DIRECT-roku-706-783CA8",
        "oui": "58:00:E3",
        "channel": 48,
        "encryption": "wpa2",
        "firsttime": "2018-01-21T13:00:00.000Z",
        "lasttime": "2026-07-28T08:00:00.000Z",
        "city": null,
        "region": "NJ",
        "country": "US",
        "road": "Main Avenue",
        "postalcode": "07011"
      }
    },
    {
      "type": "Feature",
      "geometry": {
        "type": "Point",
        "coordinates": [
          -96.84403229,
          32.82813644
        ]
      },
      "properties": {
        "netid": "58:00:E3:07:F7:1D",
        "ssid": "\u0000\u0000\u0000\u0000\u0000\u0000\u0000\u0000\u0000\u0000\u0000\u0000\u0000\u0000\u0000\u0000\u0000\u0000\u0000\u0000\u0000\u0000",
        "oui": "58:00:E3",
        "channel": 3,
        "encryption": "wpa2",
        "firsttime": "2023-08-12T21:00:00.000Z",
        "lasttime": "2026-08-10T03:00:00.000Z",
        "city": "Dallas",
        "region": "TX",
        "country": "US",
        "road": "West Mockingbird Lane",
        "postalcode": "75235"
      }
    },
    {
      "type": "Feature",
      "geometry": {
        "type": "Point",
        "coordinates": [
          -97.40115356,
          37.69461823
        ]
      },
      "properties": {
        "netid": "58:00:E3:07:F7:B6",
        "ssid": null,
        "oui": "58:00:E3",
        "channel": 1,
        "encryption": "wep",
        "firsttime": "2025-05-07T17:00:00.000Z",
        "lasttime": "2026-05-02T18:00:00.000Z",
        "city": "Wichita",
        "region": "KS",
        "country": "US",
        "road": "West Central Avenue",
        "postalcode": "67203"
      }
    },
    {
      "type": "Feature",
      "geometry": {
        "type": "Point",
        "coordinates": [
          -85.90557098,
          39.2175293
        ]
      },
      "properties": {
        "netid": "58:00:E3:07:F7:E0",
        "ssid": null,
        "oui": "58:00:E3",
        "channel": 157,
        "encryption": "wpa2",
        "firsttime": "2026-07-18T20:00:00.000Z",
        "lasttime": "2026-08-10T12:00:00.000Z",
        "city": null,
        "region": "IN",
        "country": "US",
        "road": "19th Street",
        "postalcode": "47203-2562"
      }
    },
    {
      "type": "Feature",
      "geometry": {
        "type": "Point",
        "coordinates": [
          -82.29801941,
          34.78346634
        ]
      },
      "properties": {
        "netid": "58:00:E3:07:F8:05",
        "ssid": null,
        "oui": "58:00:E3",
        "channel": 1,
        "encryption": "wpa2",
        "firsttime": "2026-01-12T22:00:00.000Z",
        "lasttime": "2026-05-28T04:00:00.000Z",
        "city": "Mauldin",
        "region": "SC",
        "country": "US",
        "road": "East Butler Road",
        "postalcode": "29662"
      }
    },
    {
      "type": "Feature",
      "geometry": {
        "type": "Point",
        "coordinates": [
          -93.30686188,
          44.84179688
        ]
      },
      "properties": {
        "netid": "58:00:E3:07:F8:4F",
        "ssid": null,
        "oui": "58:00:E3",
        "channel": 1,
        "encryption": "wpa2",
        "firsttime": "2021-04-30T17:00:00.000Z",
        "lasttime": "2026-05-01T18:00:00.000Z",
        "city": null,
        "region": "MN",
        "country": "US",
        "road": "Newton Avenue South",
        "postalcode": "55431"
      }
    },
    {
      "type": "Feature",
      "geometry": {
        "type": "Point",
        "coordinates": [
          -81.39864349,
          28.3967247
        ]
      },
      "properties": {
        "netid": "58:00:E3:07:F8:E0",
        "ssid": null,
        "oui": "58:00:E3",
        "channel": 48,
        "encryption": "wpa2",
        "firsttime": "2024-09-10T11:00:00.000Z",
        "lasttime": "2024-09-10T15:00:00.000Z",
        "city": null,
        "region": "FL",
        "country": "US",
        "road": null,
        "postalcode": "32837"
      }
    },
    {
      "type": "Feature",
      "geometry": {
        "type": "Point",
        "coordinates": [
          -83.64955902,
          43.33527756
        ]
      },
      "properties": {
        "netid": "58:00:E3:07:F9:E9",
        "ssid": null,
        "oui": "58:00:E3",
        "channel": 6,
        "encryption": "wpa2",
        "firsttime": "2025-10-22T19:00:00.000Z",
        "lasttime": "2025-11-09T19:00:00.000Z",
        "city": null,
        "region": "MI",
        "country": "US",
        "road": "Van Cleve Road",
        "postalcode": "48734"
      }
    },
    {
      "type": "Feature",
      "geometry": {
        "type": "Point",
        "coordinates": [
          -89.0357666,
          42.67884064
        ]
      },
      "properties": {
        "netid": "58:00:E3:07:FA:00",
        "ssid": null,
        "oui": "58:00:E3",
        "channel": 157,
        "encryption": "wpa2",
        "firsttime": "2025-08-22T03:00:00.000Z",
        "lasttime": "2025-08-21T20:00:00.000Z",
        "city": "Janesville",
        "region": "WI",
        "country": "US",
        "road": "South Pearl Street",
        "postalcode": "53548"
      }
    },
    {
      "type": "Feature",
      "geometry": {
        "type": "Point",
        "coordinates": [
          -97.47507477,
          35.65115738
        ]
      },
      "properties": {
        "netid": "58:00:E3:07:FA:13",
        "ssid": null,
        "oui": "58:00:E3",
        "channel": 11,
        "encryption": "wpa2",
        "firsttime": "2026-05-14T22:00:00.000Z",
        "lasttime": "2026-07-16T12:00:00.000Z",
        "city": "Edmond",
        "region": "OK",
        "country": "US",
        "road": "South University Drive",
        "postalcode": "73034"
      }
    },
    {
      "type": "Feature",
      "geometry": {
        "type": "Point",
        "coordinates": [
          -77.1887207,
          40.20409393
        ]
      },
      "properties": {
        "netid": "58:00:E3:07:FA:3F",
        "ssid": "DIRECT-roku-755-9B6E75",
        "oui": "58:00:E3",
        "channel": 2,
        "encryption": "wpa2",
        "firsttime": "2017-10-21T13:00:00.000Z",
        "lasttime": "2026-08-02T10:00:00.000Z",
        "city": null,
        "region": "PA",
        "country": "US",
        "road": "North Hanover Street",
        "postalcode": "17013"
      }
    },
    {
      "type": "Feature",
      "geometry": {
        "type": "Point",
        "coordinates": [
          -66.07247162,
          18.35528755
        ]
      },
      "properties": {
        "netid": "58:00:E3:07:FA:B6",
        "ssid": null,
        "oui": "58:00:E3",
        "channel": 11,
        "encryption": "wpa2",
        "firsttime": "2026-07-22T16:00:00.000Z",
        "lasttime": "2026-07-22T17:00:00.000Z",
        "city": "San Juan",
        "region": "PR",
        "country": "US",
        "road": "Calle B",
        "postalcode": "00826"
      }
    },
    {
      "type": "Feature",
      "geometry": {
        "type": "Point",
        "coordinates": [
          -97.39605713,
          27.70535278
        ]
      },
      "properties": {
        "netid": "58:00:E3:07:FA:CF",
        "ssid": "DIRECT-roku-147-67CF75",
        "oui": "58:00:E3",
        "channel": 36,
        "encryption": "wpa2",
        "firsttime": "2024-08-17T23:00:00.000Z",
        "lasttime": "2025-02-07T15:00:00.000Z",
        "city": "Corpus Christi",
        "region": "TX",
        "country": "US",
        "road": "Schanen Boulevard",
        "postalcode": "78413"
      }
    },
    {
      "type": "Feature",
      "geometry": {
        "type": "Point",
        "coordinates": [
          -121.87496185,
          37.31573486
        ]
      },
      "properties": {
        "netid": "58:00:E3:07:FA:F3",
        "ssid": "DIRECT-roku-034-3AE3E1",
        "oui": "58:00:E3",
        "channel": 1,
        "encryption": "wpa2",
        "firsttime": "2023-08-08T07:00:00.000Z",
        "lasttime": "2026-03-07T09:00:00.000Z",
        "city": "San Jose",
        "region": "CA",
        "country": "US",
        "road": "West Alma Avenue",
        "postalcode": "95110"
      }
    },
    {
      "type": "Feature",
      "geometry": {
        "type": "Point",
        "coordinates": [
          -122.35539246,
          47.68582916
        ]
      },
      "properties": {
        "netid": "58:00:E3:07:FB:1E",
        "ssid": "DIRECT-roku-040-FCDF33",
        "oui": "58:00:E3",
        "channel": 149,
        "encryption": "wpa2",
        "firsttime": "2025-03-26T01:00:00.000Z",
        "lasttime": "2025-05-10T19:00:00.000Z",
        "city": "Seattle",
        "region": "WA",
        "country": "US",
        "road": "Greenwood Avenue North",
        "postalcode": "98103"
      }
    },
    {
      "type": "Feature",
      "geometry": {
        "type": "Point",
        "coordinates": [
          -94.74147797,
          38.94515991
        ]
      },
      "properties": {
        "netid": "58:00:E3:07:FB:29",
        "ssid": null,
        "oui": "58:00:E3",
        "channel": 1,
        "encryption": "wpa2",
        "firsttime": "2026-06-23T11:00:00.000Z",
        "lasttime": "2026-06-23T07:00:00.000Z",
        "city": "Lenexa",
        "region": "KS",
        "country": "US",
        "road": "Lenexa Drive",
        "postalcode": "66215"
      }
    },
    {
      "type": "Feature",
      "geometry": {
        "type": "Point",
        "coordinates": [
          -82.07530975,
          28.7282238
        ]
      },
      "properties": {
        "netid": "58:00:E3:07:FB:45",
        "ssid": "DIRECT-roku-175-96431A",
        "oui": "58:00:E3",
        "channel": 6,
        "encryption": "wpa2",
        "firsttime": "2024-08-08T22:00:00.000Z",
        "lasttime": "2026-07-11T16:00:00.000Z",
        "city": null,
        "region": "FL",
        "country": "US",
        "road": "US 301",
        "postalcode": "33585"
      }
    },
    {
      "type": "Feature",
      "geometry": {
        "type": "Point",
        "coordinates": [
          -80.26110077,
          25.71260834
        ]
      },
      "properties": {
        "netid": "58:00:E3:07:FB:58",
        "ssid": null,
        "oui": "58:00:E3",
        "channel": 1,
        "encryption": "wpa2",
        "firsttime": "2024-11-30T18:00:00.000Z",
        "lasttime": "2024-11-30T11:00:00.000Z",
        "city": "Miami",
        "region": "FL",
        "country": "US",
        "road": "Southwest 42nd Avenue",
        "postalcode": "33146"
      }
    },
    {
      "type": "Feature",
      "geometry": {
        "type": "Point",
        "coordinates": [
          -80.86729431,
          35.57436752
        ]
      },
      "properties": {
        "netid": "58:00:E3:07:FB:A9",
        "ssid": null,
        "oui": "58:00:E3",
        "channel": 36,
        "encryption": "wpa2",
        "firsttime": "2025-02-18T14:00:00.000Z",
        "lasttime": "2025-02-18T12:00:00.000Z",
        "city": null,
        "region": "NC",
        "country": "US",
        "road": "Sandusky Lane",
        "postalcode": "28117"
      }
    },
    {
      "type": "Feature",
      "geometry": {
        "type": "Point",
        "coordinates": [
          -97.17079926,
          35.47082138
        ]
      },
      "properties": {
        "netid": "58:00:E3:07:FB:C9",
        "ssid": null,
        "oui": "58:00:E3",
        "channel": 1,
        "encryption": "wpa2",
        "firsttime": "2026-04-11T18:00:00.000Z",
        "lasttime": "2026-04-11T12:00:00.000Z",
        "city": null,
        "region": "OK",
        "country": "US",
        "road": "Palmer Road",
        "postalcode": null
      }
    },
    {
      "type": "Feature",
      "geometry": {
        "type": "Point",
        "coordinates": [
          -97.40433502,
          27.79836464
        ]
      },
      "properties": {
        "netid": "58:00:E3:07:FB:EC",
        "ssid": null,
        "oui": "58:00:E3",
        "channel": 36,
        "encryption": "wpa2",
        "firsttime": "2026-05-10T16:00:00.000Z",
        "lasttime": "2026-05-12T19:00:00.000Z",
        "city": "Corpus Christi",
        "region": "TX",
        "country": "US",
        "road": "Martin Luther King Drive",
        "postalcode": "78401"
      }
    },
    {
      "type": "Feature",
      "geometry": {
        "type": "Point",
        "coordinates": [
          -82.24559784,
          28.26799965
        ]
      },
      "properties": {
        "netid": "58:00:E3:07:FC:98",
        "ssid": null,
        "oui": "58:00:E3",
        "channel": 1,
        "encryption": "wpa2",
        "firsttime": "2025-07-19T15:00:00.000Z",
        "lasttime": "2025-07-19T09:00:00.000Z",
        "city": null,
        "region": "FL",
        "country": "US",
        "road": "Handcart Road",
        "postalcode": "33525"
      }
    },
    {
      "type": "Feature",
      "geometry": {
        "type": "Point",
        "coordinates": [
          -75.21258545,
          39.94678116
        ]
      },
      "properties": {
        "netid": "58:00:E3:07:FC:A8",
        "ssid": null,
        "oui": "58:00:E3",
        "channel": 3,
        "encryption": "wpa2",
        "firsttime": "2025-12-04T21:00:00.000Z",
        "lasttime": "2026-08-07T13:00:00.000Z",
        "city": "Philadelphia",
        "region": "PA",
        "country": "US",
        "road": "South 46th Street",
        "postalcode": "19143"
      }
    },
    {
      "type": "Feature",
      "geometry": {
        "type": "Point",
        "coordinates": [
          -112.32365417,
          33.63667297
        ]
      },
      "properties": {
        "netid": "58:00:E3:07:FC:BC",
        "ssid": null,
        "oui": "58:00:E3",
        "channel": 1,
        "encryption": "wpa2",
        "firsttime": "2025-01-19T23:00:00.000Z",
        "lasttime": "2026-02-08T17:00:00.000Z",
        "city": "Surprise",
        "region": "AZ",
        "country": "US",
        "road": "North El Mirage Road",
        "postalcode": "85378"
      }
    },
    {
      "type": "Feature",
      "geometry": {
        "type": "Point",
        "coordinates": [
          -83.28063965,
          42.23182678
        ]
      },
      "properties": {
        "netid": "58:00:E3:07:FC:CE",
        "ssid": null,
        "oui": "58:00:E3",
        "channel": 48,
        "encryption": "wpa2",
        "firsttime": "2026-01-25T17:00:00.000Z",
        "lasttime": "2026-01-25T10:00:00.000Z",
        "city": null,
        "region": "MI",
        "country": "US",
        "road": "Cherokee Avenue",
        "postalcode": "48180"
      }
    },
    {
      "type": "Feature",
      "geometry": {
        "type": "Point",
        "coordinates": [
          -118.36632538,
          34.15121841
        ]
      },
      "properties": {
        "netid": "58:00:E3:07:FD:8E",
        "ssid": "DIRECT-roku-979-4BF349",
        "oui": "58:00:E3",
        "channel": 157,
        "encryption": "wpa2",
        "firsttime": "2018-05-01T17:00:00.000Z",
        "lasttime": "2024-10-05T17:00:00.000Z",
        "city": "Los Angeles",
        "region": "CA",
        "country": "US",
        "road": "Lankershim Boulevard",
        "postalcode": "91602"
      }
    },
    {
      "type": "Feature",
      "geometry": {
        "type": "Point",
        "coordinates": [
          -95.9743576,
          36.02254868
        ]
      },
      "properties": {
        "netid": "58:00:E3:07:FD:9F",
        "ssid": null,
        "oui": "58:00:E3",
        "channel": 11,
        "encryption": "wpa2",
        "firsttime": "2026-06-08T22:00:00.000Z",
        "lasttime": "2026-06-12T11:00:00.000Z",
        "city": null,
        "region": "OK",
        "country": "US",
        "road": "West Main Street",
        "postalcode": "74037"
      }
    },
    {
      "type": "Feature",
      "geometry": {
        "type": "Point",
        "coordinates": [
          -97.32302856,
          30.39092445
        ]
      },
      "properties": {
        "netid": "58:00:E3:07:FD:C2",
        "ssid": null,
        "oui": "58:00:E3",
        "channel": 1,
        "encryption": "wep",
        "firsttime": "2026-06-15T07:00:00.000Z",
        "lasttime": "2026-06-15T01:00:00.000Z",
        "city": null,
        "region": "TX",
        "country": "US",
        "road": "Pleasant Grove Road",
        "postalcode": null
      }
    },
    {
      "type": "Feature",
      "geometry": {
        "type": "Point",
        "coordinates": [
          -81.35149384,
          28.50048447
        ]
      },
      "properties": {
        "netid": "58:00:E3:07:FD:F7",
        "ssid": "DIRECT-roku-315-65E0B9",
        "oui": "58:00:E3",
        "channel": 36,
        "encryption": "wpa2",
        "firsttime": "2024-12-21T00:00:00.000Z",
        "lasttime": "2025-01-14T19:00:00.000Z",
        "city": null,
        "region": "FL",
        "country": "US",
        "road": "South Bumby Avenue",
        "postalcode": "32806"
      }
    },
    {
      "type": "Feature",
      "geometry": {
        "type": "Point",
        "coordinates": [
          -86.81616211,
          33.36437988
        ]
      },
      "properties": {
        "netid": "58:00:E3:07:FE:1F",
        "ssid": null,
        "oui": "58:00:E3",
        "channel": 6,
        "encryption": "wpa2",
        "firsttime": "2026-02-03T20:00:00.000Z",
        "lasttime": "2026-02-05T10:00:00.000Z",
        "city": "Hoover",
        "region": "AL",
        "country": "US",
        "road": "Galleria Woods Drive",
        "postalcode": "35244"
      }
    },
    {
      "type": "Feature",
      "geometry": {
        "type": "Point",
        "coordinates": [
          -78.6188736,
          43.0102272
        ]
      },
      "properties": {
        "netid": "58:00:E3:07:FE:26",
        "ssid": null,
        "oui": "58:00:E3",
        "channel": 44,
        "encryption": "wpa2",
        "firsttime": "2022-11-29T19:00:00.000Z",
        "lasttime": "2025-03-22T03:00:00.000Z",
        "city": null,
        "region": "NY",
        "country": "US",
        "road": "Clarence Center Road",
        "postalcode": "14032"
      }
    },
    {
      "type": "Feature",
      "geometry": {
        "type": "Point",
        "coordinates": [
          -84.46154022,
          39.19786835
        ]
      },
      "properties": {
        "netid": "58:00:E3:07:FE:B6",
        "ssid": null,
        "oui": "58:00:E3",
        "channel": 1,
        "encryption": "wpa2",
        "firsttime": "2026-06-10T19:00:00.000Z",
        "lasttime": "2026-06-10T16:00:00.000Z",
        "city": "Cincinnati",
        "region": "OH",
        "country": "US",
        "road": "Section Road",
        "postalcode": "45236"
      }
    },
    {
      "type": "Feature",
      "geometry": {
        "type": "Point",
        "coordinates": [
          -77.05097198,
          42.13963699
        ]
      },
      "properties": {
        "netid": "58:00:E3:07:FE:BE",
        "ssid": "DIRECT-roku-846-1E4364",
        "oui": "58:00:E3",
        "channel": 153,
        "encryption": "wpa2",
        "firsttime": "2025-04-17T22:00:00.000Z",
        "lasttime": "2025-04-17T16:00:00.000Z",
        "city": null,
        "region": "NY",
        "country": "US",
        "road": "East 2nd Street",
        "postalcode": "14830"
      }
    },
    {
      "type": "Feature",
      "geometry": {
        "type": "Point",
        "coordinates": [
          -71.56807709,
          43.26359558
        ]
      },
      "properties": {
        "netid": "58:00:E3:07:FF:01",
        "ssid": null,
        "oui": "58:00:E3",
        "channel": 1,
        "encryption": "wpa2",
        "firsttime": "2021-05-31T16:00:00.000Z",
        "lasttime": "2025-09-10T12:00:00.000Z",
        "city": "Concord",
        "region": "NH",
        "country": "US",
        "road": "Sewalls Falls Road",
        "postalcode": null
      }
    },
    {
      "type": "Feature",
      "geometry": {
        "type": "Point",
        "coordinates": [
          -97.47431946,
          35.65278244
        ]
      },
      "properties": {
        "netid": "58:00:E3:07:FF:72",
        "ssid": null,
        "oui": "58:00:E3",
        "channel": 6,
        "encryption": "wpa2",
        "firsttime": "2024-10-19T17:00:00.000Z",
        "lasttime": "2026-07-16T12:00:00.000Z",
        "city": "Edmond",
        "region": "OK",
        "country": "US",
        "road": "East 2nd Street",
        "postalcode": "73083"
      }
    },
    {
      "type": "Feature",
      "geometry": {
        "type": "Point",
        "coordinates": [
          -92.42399597,
          30.79530525
        ]
      },
      "properties": {
        "netid": "58:00:E3:07:FF:98",
        "ssid": "DIRECT-roku-350-C75CB0",
        "oui": "58:00:E3",
        "channel": 9,
        "encryption": "wpa2",
        "firsttime": "2025-11-15T23:00:00.000Z",
        "lasttime": "2026-01-19T09:00:00.000Z",
        "city": null,
        "region": "LA",
        "country": "US",
        "road": "Veterans Memorial Highway",
        "postalcode": "70576"
      }
    },
    {
      "type": "Feature",
      "geometry": {
        "type": "Point",
        "coordinates": [
          -74.19704437,
          42.94315338
        ]
      },
      "properties": {
        "netid": "58:00:E3:07:FF:E3",
        "ssid": "DIRECT-roku-369-DBBEB2",
        "oui": "58:00:E3",
        "channel": 44,
        "encryption": "wpa2",
        "firsttime": "2025-09-05T15:00:00.000Z",
        "lasttime": "2025-10-23T11:00:00.000Z",
        "city": null,
        "region": "NY",
        "country": "US",
        "road": "Guy Park Avenue",
        "postalcode": "12010"
      }
    },
    {
      "type": "Feature",
      "geometry": {
        "type": "Point",
        "coordinates": [
          -112.05084991,
          33.5128746
        ]
      },
      "properties": {
        "netid": "58:00:E3:07:FF:EC",
        "ssid": null,
        "oui": "58:00:E3",
        "channel": 161,
        "encryption": "wpa2",
        "firsttime": "2025-09-17T15:00:00.000Z",
        "lasttime": "2025-11-05T22:00:00.000Z",
        "city": "Phoenix",
        "region": "AZ",
        "country": "US",
        "road": "East Colter Street",
        "postalcode": "85014"
      }
    },
    {
      "type": "Feature",
      "geometry": {
        "type": "Point",
        "coordinates": [
          -73.90205383,
          40.6423378
        ]
      },
      "properties": {
        "netid": "58:00:E3:07:FF:EF",
        "ssid": null,
        "oui": "58:00:E3",
        "channel": 36,
        "encryption": "wpa2",
        "firsttime": "2025-09-30T03:00:00.000Z",
        "lasttime": "2025-09-30T02:00:00.000Z",
        "city": "City of New York",
        "region": "NY",
        "country": "US",
        "road": "East 95th Street",
        "postalcode": "11236"
      }
    },
    {
      "type": "Feature",
      "geometry": {
        "type": "Point",
        "coordinates": [
          -76.60866547,
          39.14739609
        ]
      },
      "properties": {
        "netid": "58:00:E3:07:FF:F6",
        "ssid": null,
        "oui": "58:00:E3",
        "channel": 6,
        "encryption": "wpa2",
        "firsttime": "2026-06-12T04:00:00.000Z",
        "lasttime": "2026-08-11T19:00:00.000Z",
        "city": null,
        "region": "MD",
        "country": "US",
        "road": "East Way",
        "postalcode": "21060"
      }
    },
    {
      "type": "Feature",
      "geometry": {
        "type": "Point",
        "coordinates": [
          -115.19837189,
          36.23717499
        ]
      },
      "properties": {
        "netid": "58:00:E3:08:00:85",
        "ssid": "DIRECT-roku-108-38A3A9",
        "oui": "58:00:E3",
        "channel": 36,
        "encryption": "wpa2",
        "firsttime": "2026-03-24T13:00:00.000Z",
        "lasttime": "2026-03-24T19:00:00.000Z",
        "city": "North Las Vegas",
        "region": "NV",
        "country": "US",
        "road": "Valley Drive",
        "postalcode": "89032"
      }
    },
    {
      "type": "Feature",
      "geometry": {
        "type": "Point",
        "coordinates": [
          -87.67608643,
          41.96440887
        ]
      },
      "properties": {
        "netid": "58:00:E3:08:01:4A",
        "ssid": null,
        "oui": "58:00:E3",
        "channel": 44,
        "encryption": "wpa2",
        "firsttime": "2025-08-04T21:00:00.000Z",
        "lasttime": "2025-09-13T15:00:00.000Z",
        "city": "Chicago",
        "region": "IL",
        "country": "US",
        "road": "North Wolcott Avenue",
        "postalcode": "60640"
      }
    },
    {
      "type": "Feature",
      "geometry": {
        "type": "Point",
        "coordinates": [
          -78.95158386,
          33.62845993
        ]
      },
      "properties": {
        "netid": "58:00:E3:08:01:5E",
        "ssid": null,
        "oui": "58:00:E3",
        "channel": 1,
        "encryption": "wpa2",
        "firsttime": "2026-07-20T02:00:00.000Z",
        "lasttime": "2026-08-05T04:00:00.000Z",
        "city": null,
        "region": "SC",
        "country": "US",
        "road": "2nd Street",
        "postalcode": "29575"
      }
    },
    {
      "type": "Feature",
      "geometry": {
        "type": "Point",
        "coordinates": [
          -75.13448334,
          39.97888947
        ]
      },
      "properties": {
        "netid": "58:00:E3:08:01:86",
        "ssid": null,
        "oui": "58:00:E3",
        "channel": 161,
        "encryption": "wpa2",
        "firsttime": "2024-08-16T23:00:00.000Z",
        "lasttime": "2024-08-17T17:00:00.000Z",
        "city": "Philadelphia",
        "region": "PA",
        "country": "US",
        "road": "North Howard Street",
        "postalcode": "19133"
      }
    },
    {
      "type": "Feature",
      "geometry": {
        "type": "Point",
        "coordinates": [
          -76.01799011,
          36.73791122
        ]
      },
      "properties": {
        "netid": "58:00:E3:08:01:EF",
        "ssid": null,
        "oui": "58:00:E3",
        "channel": 48,
        "encryption": "wpa2",
        "firsttime": "2026-06-24T19:00:00.000Z",
        "lasttime": "2026-06-24T13:00:00.000Z",
        "city": "Virginia Beach",
        "region": "VA",
        "country": "US",
        "road": "Kittridge Drive",
        "postalcode": "23456"
      }
    },
    {
      "type": "Feature",
      "geometry": {
        "type": "Point",
        "coordinates": [
          -92.65222931,
          32.52144623
        ]
      },
      "properties": {
        "netid": "58:00:E3:08:02:4E",
        "ssid": null,
        "oui": "58:00:E3",
        "channel": 3,
        "encryption": "wpa2",
        "firsttime": "2026-03-07T17:00:00.000Z",
        "lasttime": "2026-03-08T18:00:00.000Z",
        "city": null,
        "region": "LA",
        "country": "US",
        "road": "Tech Drive",
        "postalcode": "71272"
      }
    },
    {
      "type": "Feature",
      "geometry": {
        "type": "Point",
        "coordinates": [
          -96.94718933,
          32.83680344
        ]
      },
      "properties": {
        "netid": "58:00:E3:08:03:01",
        "ssid": null,
        "oui": "58:00:E3",
        "channel": 1,
        "encryption": "wep",
        "firsttime": "2025-12-12T20:00:00.000Z",
        "lasttime": "2026-05-13T21:00:00.000Z",
        "city": "Irving",
        "region": "TX",
        "country": "US",
        "road": "Airport Freeway",
        "postalcode": "75061"
      }
    },
    {
      "type": "Feature",
      "geometry": {
        "type": "Point",
        "coordinates": [
          -94.2768631,
          45.30096817
        ]
      },
      "properties": {
        "netid": "58:00:E3:08:03:1D",
        "ssid": null,
        "oui": "58:00:E3",
        "channel": 6,
        "encryption": "wpa2",
        "firsttime": "2026-05-20T19:00:00.000Z",
        "lasttime": "2026-05-23T11:00:00.000Z",
        "city": null,
        "region": "MN",
        "country": "US",
        "road": "MN 24;MN 55",
        "postalcode": "55353"
      }
    },
    {
      "type": "Feature",
      "geometry": {
        "type": "Point",
        "coordinates": [
          -118.59173584,
          34.19246292
        ]
      },
      "properties": {
        "netid": "58:00:E3:08:03:28",
        "ssid": "DIRECT-roku-427-D85017",
        "oui": "58:00:E3",
        "channel": 157,
        "encryption": "wpa2",
        "firsttime": "2025-08-10T19:00:00.000Z",
        "lasttime": "2025-08-10T19:00:00.000Z",
        "city": "Los Angeles",
        "region": "CA",
        "country": "US",
        "road": "Variel Avenue",
        "postalcode": "91303-2211"
      }
    },
    {
      "type": "Feature",
      "geometry": {
        "type": "Point",
        "coordinates": [
          -119.71639252,
          39.65294266
        ]
      },
      "properties": {
        "netid": "58:00:E3:08:03:42",
        "ssid": "DIRECT-roku-336-7950A9",
        "oui": "58:00:E3",
        "channel": 48,
        "encryption": "wpa2",
        "firsttime": "2025-03-23T01:00:00.000Z",
        "lasttime": "2025-05-03T22:00:00.000Z",
        "city": null,
        "region": "NV",
        "country": "US",
        "road": null,
        "postalcode": "89441"
      }
    },
    {
      "type": "Feature",
      "geometry": {
        "type": "Point",
        "coordinates": [
          -73.85695648,
          40.85178757
        ]
      },
      "properties": {
        "netid": "58:00:E3:08:03:8B",
        "ssid": null,
        "oui": "58:00:E3",
        "channel": 40,
        "encryption": "wpa2",
        "firsttime": "2024-10-30T01:00:00.000Z",
        "lasttime": "2024-10-30T00:00:00.000Z",
        "city": "City of New York",
        "region": "NY",
        "country": "US",
        "road": "Hone Avenue",
        "postalcode": "10461"
      }
    },
    {
      "type": "Feature",
      "geometry": {
        "type": "Point",
        "coordinates": [
          -118.09962463,
          34.09854889
        ]
      },
      "properties": {
        "netid": "58:00:E3:08:03:C1",
        "ssid": "DIRECT-roku-987-9D5303",
        "oui": "58:00:E3",
        "channel": 44,
        "encryption": "wpa2",
        "firsttime": "2024-11-30T19:00:00.000Z",
        "lasttime": "2025-01-04T12:00:00.000Z",
        "city": "San Gabriel",
        "region": "CA",
        "country": "US",
        "road": "Del Mar Avenue",
        "postalcode": "91778"
      }
    },
    {
      "type": "Feature",
      "geometry": {
        "type": "Point",
        "coordinates": [
          -71.49378204,
          41.57219696
        ]
      },
      "properties": {
        "netid": "58:00:E3:08:04:04",
        "ssid": "DIRECT-roku-730-28B8E7",
        "oui": "58:00:E3",
        "channel": 1,
        "encryption": "wpa2",
        "firsttime": "2020-05-14T22:00:00.000Z",
        "lasttime": "2026-04-12T13:00:00.000Z",
        "city": null,
        "region": "RI",
        "country": "US",
        "road": "Col Rodman Highway",
        "postalcode": "02852"
      }
    },
    {
      "type": "Feature",
      "geometry": {
        "type": "Point",
        "coordinates": [
          -94.8094101,
          38.88362885
        ]
      },
      "properties": {
        "netid": "58:00:E3:08:04:7A",
        "ssid": null,
        "oui": "58:00:E3",
        "channel": 40,
        "encryption": "wpa2",
        "firsttime": "2025-08-31T07:00:00.000Z",
        "lasttime": "2026-04-05T11:00:00.000Z",
        "city": "Olathe",
        "region": "KS",
        "country": "US",
        "road": "East Santa Fe Street",
        "postalcode": "66062"
      }
    },
    {
      "type": "Feature",
      "geometry": {
        "type": "Point",
        "coordinates": [
          -98.14933777,
          29.71142387
        ]
      },
      "properties": {
        "netid": "58:00:E3:08:04:A5",
        "ssid": "DIRECT-roku-754-1B2277",
        "oui": "58:00:E3",
        "channel": 48,
        "encryption": "wpa2",
        "firsttime": "2024-08-13T16:00:00.000Z",
        "lasttime": "2026-07-30T14:00:00.000Z",
        "city": "New Braunfels",
        "region": "TX",
        "country": "US",
        "road": "North Walnut Avenue",
        "postalcode": "78130"
      }
    },
    {
      "type": "Feature",
      "geometry": {
        "type": "Point",
        "coordinates": [
          -90.47970581,
          38.68857956
        ]
      },
      "properties": {
        "netid": "58:00:E3:08:05:6C",
        "ssid": null,
        "oui": "58:00:E3",
        "channel": 11,
        "encryption": "wpa2",
        "firsttime": "2026-06-16T22:00:00.000Z",
        "lasttime": "2026-06-17T05:00:00.000Z",
        "city": null,
        "region": "MO",
        "country": "US",
        "road": "Summit Ridge Drive",
        "postalcode": "63146"
      }
    },
    {
      "type": "Feature",
      "geometry": {
        "type": "Point",
        "coordinates": [
          -77.09562683,
          38.86727142
        ]
      },
      "properties": {
        "netid": "58:00:E3:08:05:95",
        "ssid": "DIRECT-roku-606-3C2402",
        "oui": "58:00:E3",
        "channel": 1,
        "encryption": "wpa2",
        "firsttime": "2024-01-28T17:00:00.000Z",
        "lasttime": "2024-09-15T18:00:00.000Z",
        "city": "Arlington",
        "region": "VA",
        "country": "US",
        "road": "South Glebe Road",
        "postalcode": "22204"
      }
    },
    {
      "type": "Feature",
      "geometry": {
        "type": "Point",
        "coordinates": [
          -104.85132599,
          39.72563934
        ]
      },
      "properties": {
        "netid": "58:00:E3:08:05:BD",
        "ssid": "DIRECT-roku-075-212C53",
        "oui": "58:00:E3",
        "channel": 157,
        "encryption": "wpa2",
        "firsttime": "2024-09-10T04:00:00.000Z",
        "lasttime": "2024-09-09T22:00:00.000Z",
        "city": "Aurora",
        "region": "CO",
        "country": "US",
        "road": "East 6th Avenue",
        "postalcode": "80247-1314"
      }
    },
    {
      "type": "Feature",
      "geometry": {
        "type": "Point",
        "coordinates": [
          -85.95490265,
          39.75556946
        ]
      },
      "properties": {
        "netid": "58:00:E3:08:05:CC",
        "ssid": null,
        "oui": "58:00:E3",
        "channel": 11,
        "encryption": "wpa2",
        "firsttime": "2026-06-23T21:00:00.000Z",
        "lasttime": "2026-06-23T14:00:00.000Z",
        "city": "Indianapolis",
        "region": "IN",
        "country": "US",
        "road": "East Prospect Street",
        "postalcode": "46239"
      }
    },
    {
      "type": "Feature",
      "geometry": {
        "type": "Point",
        "coordinates": [
          -93.28177643,
          44.84057617
        ]
      },
      "properties": {
        "netid": "58:00:E3:08:05:DF",
        "ssid": null,
        "oui": "58:00:E3",
        "channel": 36,
        "encryption": "wpa2",
        "firsttime": "2021-04-20T17:00:00.000Z",
        "lasttime": "2024-11-30T09:00:00.000Z",
        "city": null,
        "region": "MN",
        "country": "US",
        "road": "Pillsbury Avenue South",
        "postalcode": "55420"
      }
    },
    {
      "type": "Feature",
      "geometry": {
        "type": "Point",
        "coordinates": [
          -82.02898407,
          34.9383316
        ]
      },
      "properties": {
        "netid": "58:00:E3:08:06:6A",
        "ssid": null,
        "oui": "58:00:E3",
        "channel": 1,
        "encryption": "wpa2",
        "firsttime": "2026-06-06T06:00:00.000Z",
        "lasttime": "2026-06-26T13:00:00.000Z",
        "city": "Wellford",
        "region": "SC",
        "country": "US",
        "road": "Warren H Abernathy Highway",
        "postalcode": "29301"
      }
    },
    {
      "type": "Feature",
      "geometry": {
        "type": "Point",
        "coordinates": [
          -84.47719574,
          37.99151611
        ]
      },
      "properties": {
        "netid": "58:00:E3:08:06:E7",
        "ssid": "DIRECT-roku-353-57A9C5",
        "oui": "58:00:E3",
        "channel": 1,
        "encryption": "wpa2",
        "firsttime": "2025-04-30T16:00:00.000Z",
        "lasttime": "2025-04-30T12:00:00.000Z",
        "city": "Lexington",
        "region": "KY",
        "country": "US",
        "road": "Sutherland Drive",
        "postalcode": "40517"
      }
    },
    {
      "type": "Feature",
      "geometry": {
        "type": "Point",
        "coordinates": [
          -121.27152252,
          38.68279266
        ]
      },
      "properties": {
        "netid": "58:00:E3:08:07:57",
        "ssid": null,
        "oui": "58:00:E3",
        "channel": 36,
        "encryption": "wpa2",
        "firsttime": "2017-11-16T19:00:00.000Z",
        "lasttime": "2026-01-24T21:00:00.000Z",
        "city": null,
        "region": "CA",
        "country": "US",
        "road": "Sunrise Boulevard",
        "postalcode": "95610"
      }
    },
    {
      "type": "Feature",
      "geometry": {
        "type": "Point",
        "coordinates": [
          -106.61025238,
          35.080513
        ]
      },
      "properties": {
        "netid": "58:00:E3:08:07:63",
        "ssid": "DIRECT-roku-275-58CD8D",
        "oui": "58:00:E3",
        "channel": 36,
        "encryption": "wpa2",
        "firsttime": "2025-01-02T19:00:00.000Z",
        "lasttime": "2025-10-07T19:00:00.000Z",
        "city": "Albuquerque",
        "region": "NM",
        "country": "US",
        "road": "Central Avenue Southeast",
        "postalcode": "87106"
      }
    },
    {
      "type": "Feature",
      "geometry": {
        "type": "Point",
        "coordinates": [
          -82.98768616,
          40.08360291
        ]
      },
      "properties": {
        "netid": "58:00:E3:08:07:79",
        "ssid": null,
        "oui": "58:00:E3",
        "channel": 44,
        "encryption": "wpa2",
        "firsttime": "2024-12-01T22:00:00.000Z",
        "lasttime": "2024-12-03T09:00:00.000Z",
        "city": "Columbus",
        "region": "OH",
        "country": "US",
        "road": "I 71",
        "postalcode": "43229"
      }
    },
    {
      "type": "Feature",
      "geometry": {
        "type": "Point",
        "coordinates": [
          -86.11257172,
          39.77450943
        ]
      },
      "properties": {
        "netid": "58:00:E3:08:07:8C",
        "ssid": "DIRECT-roku-256-E27C04",
        "oui": "58:00:E3",
        "channel": 44,
        "encryption": "wpa2",
        "firsttime": "2026-07-21T11:00:00.000Z",
        "lasttime": "2026-07-21T05:00:00.000Z",
        "city": "Indianapolis",
        "region": "IN",
        "country": "US",
        "road": "East Michigan Street",
        "postalcode": "46201"
      }
    },
    {
      "type": "Feature",
      "geometry": {
        "type": "Point",
        "coordinates": [
          -84.10116577,
          39.69392014
        ]
      },
      "properties": {
        "netid": "58:00:E3:08:08:1C",
        "ssid": "DIRECT-roku-458-ABA16B",
        "oui": "58:00:E3",
        "channel": 10,
        "encryption": "wpa2",
        "firsttime": "2017-11-27T14:00:00.000Z",
        "lasttime": "2026-08-01T10:00:00.000Z",
        "city": null,
        "region": "OH",
        "country": "US",
        "road": "Holly Drive",
        "postalcode": "45440"
      }
    },
    {
      "type": "Feature",
      "geometry": {
        "type": "Point",
        "coordinates": [
          -121.84488678,
          37.33758163
        ]
      },
      "properties": {
        "netid": "58:00:E3:08:08:23",
        "ssid": null,
        "oui": "58:00:E3",
        "channel": 11,
        "encryption": "wpa2",
        "firsttime": "2026-07-31T22:00:00.000Z",
        "lasttime": "2026-07-31T16:00:00.000Z",
        "city": "San Jose",
        "region": "CA",
        "country": "US",
        "road": "Knox Avenue",
        "postalcode": "95122"
      }
    },
    {
      "type": "Feature",
      "geometry": {
        "type": "Point",
        "coordinates": [
          -78.68595886,
          43.15373993
        ]
      },
      "properties": {
        "netid": "58:00:E3:08:08:83",
        "ssid": null,
        "oui": "58:00:E3",
        "channel": 8,
        "encryption": "wpa2",
        "firsttime": "2022-10-20T21:00:00.000Z",
        "lasttime": "2025-09-15T19:00:00.000Z",
        "city": null,
        "region": "NY",
        "country": "US",
        "road": "Locust Street",
        "postalcode": "14094"
      }
    },
    {
      "type": "Feature",
      "geometry": {
        "type": "Point",
        "coordinates": [
          -115.20985413,
          36.14124298
        ]
      },
      "properties": {
        "netid": "58:00:E3:08:08:D7",
        "ssid": "DIRECT-roku-586-063597",
        "oui": "58:00:E3",
        "channel": 157,
        "encryption": "wpa2",
        "firsttime": "2019-01-18T18:00:00.000Z",
        "lasttime": "2025-07-31T13:00:00.000Z",
        "city": null,
        "region": "NV",
        "country": "US",
        "road": "Eldora Avenue",
        "postalcode": "89146-3031"
      }
    },
    {
      "type": "Feature",
      "geometry": {
        "type": "Point",
        "coordinates": [
          -112.0346756,
          33.54260254
        ]
      },
      "properties": {
        "netid": "58:00:E3:08:09:13",
        "ssid": "DIRECT-roku-934-6FC920",
        "oui": "58:00:E3",
        "channel": 149,
        "encryption": "wpa2",
        "firsttime": "2020-08-16T17:00:00.000Z",
        "lasttime": "2025-03-08T21:00:00.000Z",
        "city": "Phoenix",
        "region": "AZ",
        "country": "US",
        "road": "North 22nd Street",
        "postalcode": "85020"
      }
    },
    {
      "type": "Feature",
      "geometry": {
        "type": "Point",
        "coordinates": [
          -117.68172455,
          34.01308441
        ]
      },
      "properties": {
        "netid": "58:00:E3:08:09:26",
        "ssid": "DIRECT-roku-940-3A9056",
        "oui": "58:00:E3",
        "channel": 1,
        "encryption": "wpa2",
        "firsttime": "2025-10-02T04:00:00.000Z",
        "lasttime": "2025-10-01T22:00:00.000Z",
        "city": null,
        "region": "CA",
        "country": "US",
        "road": "14th Street",
        "postalcode": "91710"
      }
    },
    {
      "type": "Feature",
      "geometry": {
        "type": "Point",
        "coordinates": [
          -118.12910461,
          33.87913132
        ]
      },
      "properties": {
        "netid": "58:00:E3:08:09:48",
        "ssid": "DIRECT-roku-073-3CC349",
        "oui": "58:00:E3",
        "channel": 11,
        "encryption": "wpa2",
        "firsttime": "2024-01-28T18:00:00.000Z",
        "lasttime": "2026-04-13T09:00:00.000Z",
        "city": null,
        "region": "CA",
        "country": "US",
        "road": "Ardmore Avenue",
        "postalcode": "90706"
      }
    },
    {
      "type": "Feature",
      "geometry": {
        "type": "Point",
        "coordinates": [
          -76.68718719,
          40.19144821
        ]
      },
      "properties": {
        "netid": "58:00:E3:08:09:CA",
        "ssid": "\u0000\u0000\u0000\u0000\u0000\u0000\u0000\u0000\u0000\u0000\u0000\u0000\u0000\u0000\u0000\u0000\u0000\u0000\u0000\u0000\u0000\u0000",
        "oui": "58:00:E3",
        "channel": 36,
        "encryption": "wpa2",
        "firsttime": "2020-09-30T17:00:00.000Z",
        "lasttime": "2026-08-09T15:00:00.000Z",
        "city": null,
        "region": "PA",
        "country": "US",
        "road": "Harrisburg Pike",
        "postalcode": "17033:17057"
      }
    },
    {
      "type": "Feature",
      "geometry": {
        "type": "Point",
        "coordinates": [
          -91.04310608,
          30.48494911
        ]
      },
      "properties": {
        "netid": "58:00:E3:08:0A:4A",
        "ssid": null,
        "oui": "58:00:E3",
        "channel": 6,
        "encryption": "wpa2",
        "firsttime": "2019-11-30T14:00:00.000Z",
        "lasttime": "2026-07-29T11:00:00.000Z",
        "city": null,
        "region": "LA",
        "country": "US",
        "road": "Norwich Drive",
        "postalcode": "70814"
      }
    },
    {
      "type": "Feature",
      "geometry": {
        "type": "Point",
        "coordinates": [
          -87.88991547,
          41.77377319
        ]
      },
      "properties": {
        "netid": "58:00:E3:08:0A:59",
        "ssid": null,
        "oui": "58:00:E3",
        "channel": 157,
        "encryption": "wpa2",
        "firsttime": "2025-04-27T01:00:00.000Z",
        "lasttime": "2025-04-26T23:00:00.000Z",
        "city": null,
        "region": "IL",
        "country": "US",
        "road": "Deercrest Square",
        "postalcode": "60525"
      }
    },
    {
      "type": "Feature",
      "geometry": {
        "type": "Point",
        "coordinates": [
          -89.81250763,
          38.76245117
        ]
      },
      "properties": {
        "netid": "58:00:E3:08:0A:86",
        "ssid": null,
        "oui": "58:00:E3",
        "channel": 1,
        "encryption": "wpa2",
        "firsttime": "2025-01-16T14:00:00.000Z",
        "lasttime": "2025-01-22T12:00:00.000Z",
        "city": null,
        "region": "IL",
        "country": "US",
        "road": "I 70",
        "postalcode": "62061"
      }
    },
    {
      "type": "Feature",
      "geometry": {
        "type": "Point",
        "coordinates": [
          -97.44143677,
          35.44844055
        ]
      },
      "properties": {
        "netid": "58:00:E3:08:0A:D1",
        "ssid": null,
        "oui": "58:00:E3",
        "channel": 1,
        "encryption": "wpa2",
        "firsttime": "2023-01-28T11:00:00.000Z",
        "lasttime": "2025-10-11T10:00:00.000Z",
        "city": null,
        "region": "OK",
        "country": "US",
        "road": "South Sunnylane Road",
        "postalcode": "73135"
      }
    },
    {
      "type": "Feature",
      "geometry": {
        "type": "Point",
        "coordinates": [
          -87.97074127,
          43.14679718
        ]
      },
      "properties": {
        "netid": "58:00:E3:08:0A:E6",
        "ssid": null,
        "oui": "58:00:E3",
        "channel": 1,
        "encryption": "wpa2",
        "firsttime": "2026-03-08T05:00:00.000Z",
        "lasttime": "2026-03-08T05:00:00.000Z",
        "city": "Milwaukee",
        "region": "WI",
        "country": "US",
        "road": "West Rochelle Avenue",
        "postalcode": "53223"
      }
    },
    {
      "type": "Feature",
      "geometry": {
        "type": "Point",
        "coordinates": [
          -73.92695618,
          41.71171188
        ]
      },
      "properties": {
        "netid": "58:00:E3:08:0B:21",
        "ssid": "DIRECT-roku-811-F56B83",
        "oui": "58:00:E3",
        "channel": 44,
        "encryption": "wpa2",
        "firsttime": "2020-10-17T14:00:00.000Z",
        "lasttime": "2025-05-17T08:00:00.000Z",
        "city": null,
        "region": "NY",
        "country": "US",
        "road": "Dutchess Rail Trail",
        "postalcode": "12601"
      }
    },
    {
      "type": "Feature",
      "geometry": {
        "type": "Point",
        "coordinates": [
          -118.88185883,
          35.39420319
        ]
      },
      "properties": {
        "netid": "58:00:E3:08:0B:34",
        "ssid": "DIRECT-roku-062-BB10D5",
        "oui": "58:00:E3",
        "channel": 44,
        "encryption": "wpa2",
        "firsttime": "2019-01-23T12:00:00.000Z",
        "lasttime": "2025-06-04T16:00:00.000Z",
        "city": "Bakersfield",
        "region": "CA",
        "country": "US",
        "road": "Fangio Court",
        "postalcode": "93306"
      }
    },
    {
      "type": "Feature",
      "geometry": {
        "type": "Point",
        "coordinates": [
          -83.00569153,
          39.97699738
        ]
      },
      "properties": {
        "netid": "58:00:E3:08:0B:8E",
        "ssid": "DIRECT-roku-543-486BC9",
        "oui": "58:00:E3",
        "channel": 40,
        "encryption": "wpa2",
        "firsttime": "2021-12-11T10:00:00.000Z",
        "lasttime": "2025-07-02T21:00:00.000Z",
        "city": "Columbus",
        "region": "OH",
        "country": "US",
        "road": "Buttles Avenue",
        "postalcode": "43215"
      }
    },
    {
      "type": "Feature",
      "geometry": {
        "type": "Point",
        "coordinates": [
          -121.61604309,
          36.71061707
        ]
      },
      "properties": {
        "netid": "58:00:E3:08:0C:88",
        "ssid": null,
        "oui": "58:00:E3",
        "channel": 40,
        "encryption": "wpa2",
        "firsttime": "2023-05-22T08:00:00.000Z",
        "lasttime": "2025-09-16T15:00:00.000Z",
        "city": "Salinas",
        "region": "CA",
        "country": "US",
        "road": "Nantucket Boulevard",
        "postalcode": "93905-4613"
      }
    },
    {
      "type": "Feature",
      "geometry": {
        "type": "Point",
        "coordinates": [
          -104.99868774,
          39.73564911
        ]
      },
      "properties": {
        "netid": "58:00:E3:08:0C:97",
        "ssid": null,
        "oui": "58:00:E3",
        "channel": 36,
        "encryption": "wpa2",
        "firsttime": "2026-06-05T04:00:00.000Z",
        "lasttime": "2026-06-04T22:00:00.000Z",
        "city": "Denver",
        "region": "CO",
        "country": "US",
        "road": "Santa Fe Drive",
        "postalcode": "80204"
      }
    },
    {
      "type": "Feature",
      "geometry": {
        "type": "Point",
        "coordinates": [
          -94.44854736,
          39.02732468
        ]
      },
      "properties": {
        "netid": "58:00:E3:08:0C:9C",
        "ssid": null,
        "oui": "58:00:E3",
        "channel": 36,
        "encryption": "wpa2",
        "firsttime": "2022-03-06T23:00:00.000Z",
        "lasttime": "2026-08-07T00:00:00.000Z",
        "city": "Raytown",
        "region": "MO",
        "country": "US",
        "road": "Sterling Avenue",
        "postalcode": "64133"
      }
    },
    {
      "type": "Feature",
      "geometry": {
        "type": "Point",
        "coordinates": [
          -97.94992828,
          26.1566124
        ]
      },
      "properties": {
        "netid": "58:00:E3:08:0C:9E",
        "ssid": "DIRECT-roku-795-9C1542",
        "oui": "58:00:E3",
        "channel": 40,
        "encryption": "wpa2",
        "firsttime": "2025-04-30T19:00:00.000Z",
        "lasttime": "2026-03-03T13:00:00.000Z",
        "city": null,
        "region": "TX",
        "country": "US",
        "road": "Expressway 83",
        "postalcode": "78570"
      }
    },
    {
      "type": "Feature",
      "geometry": {
        "type": "Point",
        "coordinates": [
          -93.06032562,
          45.03347397
        ]
      },
      "properties": {
        "netid": "58:00:E3:08:0C:B8",
        "ssid": null,
        "oui": "58:00:E3",
        "channel": 149,
        "encryption": "wpa2",
        "firsttime": "2024-09-29T15:00:00.000Z",
        "lasttime": "2024-09-29T09:00:00.000Z",
        "city": null,
        "region": "MN",
        "country": "US",
        "road": "Labore Road",
        "postalcode": "55110:55117"
      }
    },
    {
      "type": "Feature",
      "geometry": {
        "type": "Point",
        "coordinates": [
          -84.80012512,
          39.25912094
        ]
      },
      "properties": {
        "netid": "58:00:E3:08:0C:CE",
        "ssid": "DIRECT-roku-062-1069CB",
        "oui": "58:00:E3",
        "channel": 157,
        "encryption": "wpa2",
        "firsttime": "2025-10-10T10:00:00.000Z",
        "lasttime": "2025-11-04T20:00:00.000Z",
        "city": null,
        "region": "OH",
        "country": "US",
        "road": "New Haven Road",
        "postalcode": "45030"
      }
    },
    {
      "type": "Feature",
      "geometry": {
        "type": "Point",
        "coordinates": [
          -83.04728699,
          42.35039139
        ]
      },
      "properties": {
        "netid": "58:00:E3:08:0D:82",
        "ssid": null,
        "oui": "58:00:E3",
        "channel": 1,
        "encryption": "wpa2",
        "firsttime": "2026-08-09T18:00:00.000Z",
        "lasttime": "2026-08-09T12:00:00.000Z",
        "city": "Detroit",
        "region": "MI",
        "country": "US",
        "road": "Walter P. Chrysler Freeway",
        "postalcode": "48201"
      }
    },
    {
      "type": "Feature",
      "geometry": {
        "type": "Point",
        "coordinates": [
          -71.11048889,
          42.41843414
        ]
      },
      "properties": {
        "netid": "58:00:E3:08:0D:B9",
        "ssid": null,
        "oui": "58:00:E3",
        "channel": 11,
        "encryption": "wpa2",
        "firsttime": "2024-01-31T00:00:00.000Z",
        "lasttime": "2025-02-22T15:00:00.000Z",
        "city": "Medford",
        "region": "MA",
        "country": "US",
        "road": "High Street",
        "postalcode": "02155"
      }
    },
    {
      "type": "Feature",
      "geometry": {
        "type": "Point",
        "coordinates": [
          -75.74512482,
          41.32484818
        ]
      },
      "properties": {
        "netid": "58:00:E3:08:0D:F9",
        "ssid": null,
        "oui": "58:00:E3",
        "channel": 36,
        "encryption": "wpa2",
        "firsttime": "2021-05-17T19:00:00.000Z",
        "lasttime": "2025-11-09T17:00:00.000Z",
        "city": null,
        "region": "PA",
        "country": "US",
        "road": "PA 315",
        "postalcode": "18641"
      }
    },
    {
      "type": "Feature",
      "geometry": {
        "type": "Point",
        "coordinates": [
          -115.38712311,
          32.63163376
        ]
      },
      "properties": {
        "netid": "58:00:E3:08:0E:BD",
        "ssid": "DIRECT-roku-436-E8AB0B",
        "oui": "58:00:E3",
        "channel": 157,
        "encryption": "wpa2",
        "firsttime": "2025-08-28T06:00:00.000Z",
        "lasttime": "2025-09-04T03:00:00.000Z",
        "city": "Mexicali",
        "region": "Baja California",
        "country": "MX",
        "road": "Calle Novena",
        "postalcode": "21000"
      }
    },
    {
      "type": "Feature",
      "geometry": {
        "type": "Point",
        "coordinates": [
          -93.26902771,
          44.95477295
        ]
      },
      "properties": {
        "netid": "58:00:E3:08:0E:E7",
        "ssid": null,
        "oui": "58:00:E3",
        "channel": 6,
        "encryption": "wpa2",
        "firsttime": "2024-06-07T22:00:00.000Z",
        "lasttime": "2025-07-26T18:00:00.000Z",
        "city": "Minneapolis",
        "region": "MN",
        "country": "US",
        "road": "5th Avenue South",
        "postalcode": "55419"
      }
    },
    {
      "type": "Feature",
      "geometry": {
        "type": "Point",
        "coordinates": [
          -88.01888275,
          42.26749802
        ]
      },
      "properties": {
        "netid": "58:00:E3:08:0F:02",
        "ssid": "DIRECT-roku-758-7C4243",
        "oui": "58:00:E3",
        "channel": 11,
        "encryption": "wpa2",
        "firsttime": "2025-08-07T06:00:00.000Z",
        "lasttime": "2025-08-18T17:00:00.000Z",
        "city": null,
        "region": "IL",
        "country": "US",
        "road": "North Midlothian Road",
        "postalcode": "60060"
      }
    },
    {
      "type": "Feature",
      "geometry": {
        "type": "Point",
        "coordinates": [
          -93.25657654,
          44.84793091
        ]
      },
      "properties": {
        "netid": "58:00:E3:08:0F:06",
        "ssid": null,
        "oui": "58:00:E3",
        "channel": 11,
        "encryption": "wpa2",
        "firsttime": "2020-07-22T20:00:00.000Z",
        "lasttime": "2026-05-09T17:00:00.000Z",
        "city": null,
        "region": "MN",
        "country": "US",
        "road": "East 86th Street",
        "postalcode": "55420:55425"
      }
    },
    {
      "type": "Feature",
      "geometry": {
        "type": "Point",
        "coordinates": [
          -80.09211731,
          40.3958168
        ]
      },
      "properties": {
        "netid": "58:00:E3:08:0F:32",
        "ssid": null,
        "oui": "58:00:E3",
        "channel": 6,
        "encryption": "wpa2",
        "firsttime": "2024-09-22T23:00:00.000Z",
        "lasttime": "2025-08-29T11:00:00.000Z",
        "city": null,
        "region": "PA",
        "country": "US",
        "road": "Sampson Way",
        "postalcode": "15106"
      }
    },
    {
      "type": "Feature",
      "geometry": {
        "type": "Point",
        "coordinates": [
          -84.24990845,
          33.84907532
        ]
      },
      "properties": {
        "netid": "58:00:E3:08:0F:4D",
        "ssid": null,
        "oui": "58:00:E3",
        "channel": 11,
        "encryption": "wpa2",
        "firsttime": "2026-01-16T04:00:00.000Z",
        "lasttime": "2026-01-15T20:00:00.000Z",
        "city": null,
        "region": "GA",
        "country": "US",
        "road": null,
        "postalcode": "30033-3350"
      }
    },
    {
      "type": "Feature",
      "geometry": {
        "type": "Point",
        "coordinates": [
          -104.90316772,
          39.63866043
        ]
      },
      "properties": {
        "netid": "58:00:E3:08:0F:50",
        "ssid": "DIRECT-roku-772-2A9C22",
        "oui": "58:00:E3",
        "channel": 36,
        "encryption": "wpa2",
        "firsttime": "2024-01-04T19:00:00.000Z",
        "lasttime": "2025-10-14T21:00:00.000Z",
        "city": "Denver",
        "region": "CO",
        "country": "US",
        "road": "East Quincy Avenue",
        "postalcode": "80237"
      }
    },
    {
      "type": "Feature",
      "geometry": {
        "type": "Point",
        "coordinates": [
          -83.92424011,
          34.19863129
        ]
      },
      "properties": {
        "netid": "58:00:E3:08:0F:9F",
        "ssid": null,
        "oui": "58:00:E3",
        "channel": 48,
        "encryption": "wpa2",
        "firsttime": "2024-11-13T21:00:00.000Z",
        "lasttime": "2024-11-13T15:00:00.000Z",
        "city": null,
        "region": "GA",
        "country": "US",
        "road": "McEver Road",
        "postalcode": "30542"
      }
    },
    {
      "type": "Feature",
      "geometry": {
        "type": "Point",
        "coordinates": [
          -80.54743195,
          41.92360306
        ]
      },
      "properties": {
        "netid": "58:00:E3:08:2A:57",
        "ssid": "0H`l",
        "oui": "58:00:E3",
        "channel": 2,
        "encryption": "none",
        "firsttime": "2026-07-02T21:00:00.000Z",
        "lasttime": "2026-07-02T16:00:00.000Z",
        "city": null,
        "region": "OH",
        "country": "US",
        "road": "I 90",
        "postalcode": "44030"
      }
    },
    {
      "type": "Feature",
      "geometry": {
        "type": "Point",
        "coordinates": [
          -92.83724213,
          44.7129631
        ]
      },
      "properties": {
        "netid": "58:00:E3:09:40:76",
        "ssid": null,
        "oui": "58:00:E3",
        "channel": 157,
        "encryption": "wpa2",
        "firsttime": "2024-07-05T14:00:00.000Z",
        "lasttime": "2025-10-06T15:00:00.000Z",
        "city": null,
        "region": "MN",
        "country": "US",
        "road": "Amelia Avenue",
        "postalcode": "55033"
      }
    },
    {
      "type": "Feature",
      "geometry": {
        "type": "Point",
        "coordinates": [
          -95.02989197,
          29.58830452
        ]
      },
      "properties": {
        "netid": "58:00:E3:09:40:C5",
        "ssid": null,
        "oui": "58:00:E3",
        "channel": 11,
        "encryption": "wpa2",
        "firsttime": "2025-12-30T16:00:00.000Z",
        "lasttime": "2026-05-27T12:00:00.000Z",
        "city": null,
        "region": "TX",
        "country": "US",
        "road": "Red Bluff Road",
        "postalcode": "77586"
      }
    },
    {
      "type": "Feature",
      "geometry": {
        "type": "Point",
        "coordinates": [
          -111.92609406,
          33.51003265
        ]
      },
      "properties": {
        "netid": "58:00:E3:09:40:C7",
        "ssid": "DIRECT-roku-311-F054A4",
        "oui": "58:00:E3",
        "channel": 36,
        "encryption": "wpa2",
        "firsttime": "2017-07-14T06:00:00.000Z",
        "lasttime": "2025-03-08T22:00:00.000Z",
        "city": "Scottsdale",
        "region": "AZ",
        "country": "US",
        "road": "North Scottsdale Road",
        "postalcode": "85251"
      }
    },
    {
      "type": "Feature",
      "geometry": {
        "type": "Point",
        "coordinates": [
          -111.01007843,
          31.87906647
        ]
      },
      "properties": {
        "netid": "58:00:E3:09:40:F4",
        "ssid": null,
        "oui": "58:00:E3",
        "channel": 3,
        "encryption": "wpa2",
        "firsttime": "2026-03-08T11:00:00.000Z",
        "lasttime": "2026-04-10T20:00:00.000Z",
        "city": null,
        "region": "AZ",
        "country": "US",
        "road": "North Tunitcha Drive",
        "postalcode": "85614"
      }
    },
    {
      "type": "Feature",
      "geometry": {
        "type": "Point",
        "coordinates": [
          -75.41043854,
          39.82196045
        ]
      },
      "properties": {
        "netid": "58:00:E3:09:41:21",
        "ssid": "DIRECT-roku-661-FCA2C2",
        "oui": "58:00:E3",
        "channel": 157,
        "encryption": "wpa2",
        "firsttime": "2025-03-27T23:00:00.000Z",
        "lasttime": "2025-03-27T17:00:00.000Z",
        "city": null,
        "region": "PA",
        "country": "US",
        "road": "East 10th Street",
        "postalcode": "19061"
      }
    },
    {
      "type": "Feature",
      "geometry": {
        "type": "Point",
        "coordinates": [
          -111.88075256,
          33.34077835
        ]
      },
      "properties": {
        "netid": "58:00:E3:09:41:37",
        "ssid": null,
        "oui": "58:00:E3",
        "channel": 1,
        "encryption": "wpa2",
        "firsttime": "2018-01-07T21:00:00.000Z",
        "lasttime": "2025-03-08T21:00:00.000Z",
        "city": "Chandler",
        "region": "AZ",
        "country": "US",
        "road": "West Sagebrush Drive",
        "postalcode": "85224"
      }
    },
    {
      "type": "Feature",
      "geometry": {
        "type": "Point",
        "coordinates": [
          -84.46795654,
          33.92174149
        ]
      },
      "properties": {
        "netid": "58:00:E3:09:41:46",
        "ssid": null,
        "oui": "58:00:E3",
        "channel": 36,
        "encryption": "wpa2",
        "firsttime": "2021-09-22T18:00:00.000Z",
        "lasttime": "2026-03-08T16:00:00.000Z",
        "city": "Marietta",
        "region": "GA",
        "country": "US",
        "road": "Powers Ferry Commons Southeast",
        "postalcode": "30067"
      }
    },
    {
      "type": "Feature",
      "geometry": {
        "type": "Point",
        "coordinates": [
          -84.1519165,
          33.90388107
        ]
      },
      "properties": {
        "netid": "58:00:E3:09:41:4C",
        "ssid": null,
        "oui": "58:00:E3",
        "channel": 11,
        "encryption": "wpa2",
        "firsttime": "2025-05-12T08:00:00.000Z",
        "lasttime": "2025-05-12T01:00:00.000Z",
        "city": null,
        "region": "GA",
        "country": "US",
        "road": "Indian Trail Lilburn Road Northwest",
        "postalcode": "30047"
      }
    },
    {
      "type": "Feature",
      "geometry": {
        "type": "Point",
        "coordinates": [
          -115.13541412,
          36.1699791
        ]
      },
      "properties": {
        "netid": "58:00:E3:09:41:6A",
        "ssid": "DIRECT-roku-170-215825",
        "oui": "58:00:E3",
        "channel": 36,
        "encryption": "wpa2",
        "firsttime": "2023-08-24T04:00:00.000Z",
        "lasttime": "2025-03-28T22:00:00.000Z",
        "city": "Las Vegas",
        "region": "NV",
        "country": "US",
        "road": "East Stewart Avenue",
        "postalcode": "89101"
      }
    },
    {
      "type": "Feature",
      "geometry": {
        "type": "Point",
        "coordinates": [
          -81.56546783,
          30.24746704
        ]
      },
      "properties": {
        "netid": "58:00:E3:09:41:C5",
        "ssid": "DIRECT-roku-340-ED6BF6",
        "oui": "58:00:E3",
        "channel": 11,
        "encryption": "wpa2",
        "firsttime": "2025-07-25T19:00:00.000Z",
        "lasttime": "2026-06-15T11:00:00.000Z",
        "city": "Jacksonville",
        "region": "FL",
        "country": "US",
        "road": "A. C. Skinner Parkway",
        "postalcode": "32256"
      }
    },
    {
      "type": "Feature",
      "geometry": {
        "type": "Point",
        "coordinates": [
          -91.07559204,
          30.41044426
        ]
      },
      "properties": {
        "netid": "58:00:E3:09:42:35",
        "ssid": null,
        "oui": "58:00:E3",
        "channel": 6,
        "encryption": "wpa2",
        "firsttime": "2024-12-05T19:00:00.000Z",
        "lasttime": "2024-12-05T11:00:00.000Z",
        "city": null,
        "region": "LA",
        "country": "US",
        "road": "Jefferson Highway",
        "postalcode": "70809"
      }
    },
    {
      "type": "Feature",
      "geometry": {
        "type": "Point",
        "coordinates": [
          -98.71434784,
          29.42696953
        ]
      },
      "properties": {
        "netid": "58:00:E3:09:42:50",
        "ssid": null,
        "oui": "58:00:E3",
        "channel": 11,
        "encryption": "wpa2",
        "firsttime": "2026-07-11T19:00:00.000Z",
        "lasttime": "2026-08-07T10:00:00.000Z",
        "city": "San Antonio",
        "region": "TX",
        "country": "US",
        "road": "Empresario Drive",
        "postalcode": "78245"
      }
    },
    {
      "type": "Feature",
      "geometry": {
        "type": "Point",
        "coordinates": [
          -121.98822021,
          37.28878403
        ]
      },
      "properties": {
        "netid": "58:00:E3:09:42:61",
        "ssid": null,
        "oui": "58:00:E3",
        "channel": 1,
        "encryption": "wpa2",
        "firsttime": "2020-10-31T16:00:00.000Z",
        "lasttime": "2024-09-28T20:00:00.000Z",
        "city": "San Jose",
        "region": "CA",
        "country": "US",
        "road": "Campbell Avenue",
        "postalcode": "95130"
      }
    },
    {
      "type": "Feature",
      "geometry": {
        "type": "Point",
        "coordinates": [
          -82.82107544,
          27.89667511
        ]
      },
      "properties": {
        "netid": "58:00:E3:09:42:84",
        "ssid": null,
        "oui": "58:00:E3",
        "channel": 161,
        "encryption": "wep",
        "firsttime": "2025-04-16T23:00:00.000Z",
        "lasttime": "2025-10-23T13:00:00.000Z",
        "city": "Largo",
        "region": "FL",
        "country": "US",
        "road": "21st Place Southwest",
        "postalcode": "33774"
      }
    },
    {
      "type": "Feature",
      "geometry": {
        "type": "Point",
        "coordinates": [
          -122.12670135,
          48.05754471
        ]
      },
      "properties": {
        "netid": "58:00:E3:09:43:2A",
        "ssid": "DIRECT-roku-210-2F4724",
        "oui": "58:00:E3",
        "channel": 44,
        "encryption": "wpa2",
        "firsttime": "2024-04-13T12:00:00.000Z",
        "lasttime": "2025-03-25T11:00:00.000Z",
        "city": null,
        "region": "WA",
        "country": "US",
        "road": "68th Street Northeast",
        "postalcode": "98270"
      }
    },
    {
      "type": "Feature",
      "geometry": {
        "type": "Point",
        "coordinates": [
          -80.89553833,
          43.04031754
        ]
      },
      "properties": {
        "netid": "58:00:E3:09:43:5A",
        "ssid": "DIRECT-roku-919-3D0B6B",
        "oui": "58:00:E3",
        "channel": 36,
        "encryption": "wpa2",
        "firsttime": "2026-05-11T15:00:00.000Z",
        "lasttime": "2026-07-09T09:00:00.000Z",
        "city": null,
        "region": "Ontario",
        "country": "CA",
        "road": "Bell Street",
        "postalcode": "N5C 2P7"
      }
    },
    {
      "type": "Feature",
      "geometry": {
        "type": "Point",
        "coordinates": [
          -93.25034332,
          44.79047394
        ]
      },
      "properties": {
        "netid": "58:00:E3:09:43:C9",
        "ssid": null,
        "oui": "58:00:E3",
        "channel": 44,
        "encryption": "wpa2",
        "firsttime": "2025-02-02T17:00:00.000Z",
        "lasttime": "2025-03-16T11:00:00.000Z",
        "city": null,
        "region": "MN",
        "country": "US",
        "road": "Cliff Road East",
        "postalcode": "55337"
      }
    }
  ],
  "properties": {
    "generated": "2026-08-14T07:09:55.374658+00:00",
    "oui": "58:00:E3",
    "source": "WiGLE (wigle.net)",
    "project": "flock-finder",
    "total_cameras": 973
  }
}