netid,ssid,trilat,trilong,oui_match,channel,encryption,firsttime,lasttime,city,region,country,road,postalcode
5C:93:A2:00:03:CD,PS4-9B09E8426A34,42.275177,-71.0934906,5C:93:A2,6,wpa2,2026-08-02T17:00:00.000Z,2026-08-02T11:00:00.000Z,Boston,MA,US,Blue Hill Avenue,02126
5C:93:A2:00:0C:4D,PS4-3185561CACE3,41.10003281,-85.08853912,5C:93:A2,6,wpa2,2025-06-16T07:00:00.000Z,2025-07-01T00:00:00.000Z,Fort Wayne,IN,US,North Coliseum Boulevard,46803
5C:93:A2:00:20:FD,PS4-B0AC08ECFAF3,51.93092346,4.47363901,5C:93:A2,7,wpa2,2025-06-19T15:00:00.000Z,2025-06-19T08:00:00.000Z,Rotterdam,Zuid-Holland,NL,Vijverhofstraat,3032SJ
5C:93:A2:00:35:C5,PS4-BF0F7139D17F,41.97106934,-88.19061279,5C:93:A2,6,wpa2,2025-06-14T17:00:00.000Z,2025-10-28T16:00:00.000Z,,IL,US,Juniper Lane,60103
5C:93:A2:00:39:D3,PS4-AD7E7A63A4FE,53.58921051,10.05337334,5C:93:A2,6,wpa2,2025-12-19T17:00:00.000Z,2025-12-19T10:00:00.000Z,Hamburg,Barmbek-Nord,DE,Bramfelder Straße,22305
5C:93:A2:00:40:DB,PS4-00FE2C550F4C,49.21522522,-123.11680603,5C:93:A2,6,wpa2,2025-06-12T23:00:00.000Z,2025-06-12T16:00:00.000Z,Vancouver,British Columbia,CA,Cambie Street,V5X
5C:93:A2:00:41:31,PS4-0539F9382F7A,35.64686203,139.74276733,5C:93:A2,5,wpa2,2018-01-13T21:00:00.000Z,2024-10-30T04:00:00.000Z,港区,三田四丁目,JP,聖坂,108-0014
5C:93:A2:00:4B:3F,PS4-6680C558A1E0,44.68179703,-63.50083542,5C:93:A2,11,wpa2,2025-02-20T14:00:00.000Z,2025-03-04T08:00:00.000Z,Dartmouth,Nova Scotia,CA,Valkyrie Crescent,B2W 5B7
5C:93:A2:00:52:E7,PS4-B319CEFC3DA4,42.26995468,-71.82328033,5C:93:A2,11,wpa2,2018-11-04T21:00:00.000Z,2025-03-09T07:00:00.000Z,Worcester,MA,US,Highland Street,01602
5C:93:A2:00:60:3D,PS4-5174A0F1BBFC,45.55167007,-73.62713623,5C:93:A2,6,wpa2,2026-06-05T19:00:00.000Z,2026-06-07T14:00:00.000Z,Montréal,Québec,CA,Boulevard Crémazie Est,H2M 2P2
5C:93:A2:00:60:75,PS4-F8FAF51BD26E,40.5237999,-74.29972839,5C:93:A2,1,wpa2,2024-10-24T11:00:00.000Z,2024-10-28T16:00:00.000Z,,NJ,US,Garden State Parkway,08832
5C:93:A2:00:73:05,PS4-81B4958983EA,39.8962059,-75.4953537,5C:93:A2,6,wpa2,2025-07-31T18:00:00.000Z,2026-05-22T11:00:00.000Z,Concord Township,PA,US,Baltimore Pike,19342
5C:93:A2:00:77:8B,PS4-B860DA6EEF15,53.55111313,-113.40595245,5C:93:A2,1,wpa2,2024-11-26T20:00:00.000Z,2024-11-26T14:00:00.000Z,Edmonton,Alberta,CA,40 Street NW,T5A 1J8
5C:93:A2:00:83:C7,PS4-36BC43D1508E,49.24035645,6.96782732,5C:93:A2,11,wpa2,2023-11-27T09:00:00.000Z,2025-07-24T09:00:00.000Z,Saarbrücken,Saarland,DE,Breite Straße,66115
5C:93:A2:00:88:0F,PS4-03BB7A06C967,55.64458466,37.49376297,5C:93:A2,2,unknown,2025-09-30T19:00:00.000Z,2025-09-30T17:00:00.000Z,Москва,Москва,RU,улица Островитянова,117198
5C:93:A2:00:8B:2F,PS4-78582631868B,48.71229935,9.62121582,5C:93:A2,6,wpa2,2026-03-27T11:00:00.000Z,2026-03-27T05:00:00.000Z,,Baden-Württemberg,DE,Rechberghäuser Straße,73035
5C:93:A2:00:92:D3,PS4-188DA17BC390,51.44465637,6.85447454,5C:93:A2,11,wpa2,2025-07-09T08:00:00.000Z,2025-07-09T02:00:00.000Z,Mülheim an der Ruhr,Nordrhein-Westfalen,DE,Moritzstraße,45476
5C:93:A2:00:95:CF,PS4-6687E6052848,58.17828369,68.2591629,5C:93:A2,13,unknown,2019-05-11T12:00:00.000Z,2026-03-30T03:00:00.000Z,Тобольск,Тюменская область,RU,улица Ленина,626153
5C:93:A2:00:A8:81,PS4-3AE0AF646FB6,41.89055634,-87.88388062,5C:93:A2,6,wpa2,2016-05-28T16:00:00.000Z,2025-03-08T21:00:00.000Z,,IL,US,Erie Street,60104
5C:93:A2:00:A9:29,PS4-858D3D4516D1,42.27989197,-71.36022186,5C:93:A2,6,wpa2,2026-08-02T18:00:00.000Z,2026-08-02T11:00:00.000Z,,MA,US,Pond Street,01760
5C:93:A2:00:AA:93,PS4-091669673638,29.70149612,-95.83285522,5C:93:A2,11,wpa2,2026-07-13T02:00:00.000Z,2026-07-12T20:00:00.000Z,,TX,US,Applewood Forest Drive,25826
5C:93:A2:00:AD:93,PS4-27ECF0D23B61,43.25300217,-2.90162706,5C:93:A2,6,wpa2,2025-02-17T08:00:00.000Z,2025-04-15T08:00:00.000Z,Bilbao,Euskadi,ES,Julian Gaiarre etorbidea,48004
5C:93:A2:00:AF:2F,PS4-DA4243C005DC,39.05047989,-84.92189026,5C:93:A2,6,wpa2,2025-03-16T09:00:00.000Z,2025-03-16T04:00:00.000Z,,IN,US,US 50,47018
5C:93:A2:00:C4:AD,PS4-29D4A6CADFB8,45.26844406,-92.98907471,5C:93:A2,9,wpa2,2025-08-16T21:00:00.000Z,2025-08-16T16:00:00.000Z,,MN,US,11th Avenue Southwest,55025
5C:93:A2:00:C7:EF,PS4-C4947B0BD5FE,33.4374733,-111.92839813,5C:93:A2,1,wpa2,2017-01-30T20:00:00.000Z,2025-03-08T18:00:00.000Z,Tempe,AZ,US,East Gilbert Drive,85281
5C:93:A2:00:C8:E5,,41.62896347,-83.52508545,5C:93:A2,6,none,2026-08-26T18:00:00.000Z,2026-08-26T21:00:00.000Z,Toledo,OH,US,Oak Street,43605
5C:93:A2:00:CD:53,PS4-585E924DD815,53.65270615,9.82948875,5C:93:A2,1,wpa2,2025-08-03T11:00:00.000Z,2025-08-05T13:00:00.000Z,Rellingen,Schleswig-Holstein,DE,Tangstedter Chaussee,25462
5C:93:A2:00:D1:CD,,34.09608841,-117.66000366,5C:93:A2,5,none,2026-08-20T13:00:00.000Z,2026-08-20T19:00:00.000Z,,CA,US,9th Street,91786
5C:93:A2:00:DD:69,PS4-CD5E12B45951,30.25820732,-97.70519257,5C:93:A2,1,wpa2,2025-09-10T02:00:00.000Z,2026-01-10T22:00:00.000Z,Austin,TX,US,East 7th Street,78702
5C:93:A2:00:E4:C7,PS4-676026715EA9,48.76050949,9.25397873,5C:93:A2,1,wpa2,2025-08-24T18:00:00.000Z,2025-10-27T16:00:00.000Z,Stuttgart,Baden-Württemberg,DE,Hedelfinger Straße,70329
5C:93:A2:00:EE:65,PS4-73E674D21CA4,41.08916473,-85.1344986,5C:93:A2,11,wpa2,2019-05-03T17:00:00.000Z,2025-10-04T11:00:00.000Z,Fort Wayne,IN,US,Spy Run Avenue,46805
5C:93:A2:00:F1:2D,PS4-C0152BB72A17,33.43202972,-112.23077393,5C:93:A2,11,wpa2,2026-03-17T17:00:00.000Z,2026-03-17T13:00:00.000Z,Phoenix,AZ,US,West Mohave Street,85043
5C:93:A2:01:12:D3,PS4-B2A7D3BE00A4,60.93000031,76.59412384,5C:93:A2,10,unknown,2025-11-04T14:00:00.000Z,2025-11-04T09:00:00.000Z,Нижневартовск,Ханты-Мансийский автономный округ — Югра,RU,улица Дружбы Народов,628605
5C:93:A2:01:15:4D,PS4-3EC1E5303AB3,26.22499275,-80.23875427,5C:93:A2,6,wpa2,2024-05-26T06:00:00.000Z,2025-07-22T00:00:00.000Z,,FL,US,Southwest 4th Place,33068
5C:93:A2:01:1A:95,PS4-AD7B49F7577A,55.7339592,37.7410965,5C:93:A2,4,unknown,2024-02-19T14:00:00.000Z,2024-10-13T05:00:00.000Z,Москва,Москва,RU,Перовское шоссе,109202
5C:93:A2:01:26:1B,PS4-259C026DE03E,42.3078804,-71.08353424,5C:93:A2,6,wpa2,2026-04-18T17:00:00.000Z,2026-04-18T12:00:00.000Z,Boston,MA,US,Blue Hill Avenue,02121
5C:93:A2:01:2D:BD,PS4-ED0F53FF973F,41.92986679,-70.8477478,5C:93:A2,6,wpa2,2026-05-28T17:00:00.000Z,2026-07-03T21:00:00.000Z,,MA,US,Cedar Street,02367
5C:93:A2:01:36:57,PS4-0B5855348147,36.34936523,-94.3074646,5C:93:A2,1,wpa2,2023-03-30T11:00:00.000Z,2026-07-18T18:00:00.000Z,,AR,US,Abbey Lane,72719
5C:93:A2:01:49:EB,PS4-C94E4499F653,39.95550537,-75.21475983,5C:93:A2,11,wpa2,2026-03-04T03:00:00.000Z,2026-08-10T15:00:00.000Z,Philadelphia,PA,US,South Farragut Street,19139
5C:93:A2:01:66:CB,PS4-AA18952A7F03,42.31315231,-83.02027893,5C:93:A2,1,wpa2,2026-01-30T14:00:00.000Z,2026-01-30T13:00:00.000Z,Windsor,Ontario,CA,Parent Avenue,N9A 4E8
5C:93:A2:01:73:23,PS4-E913A9D0427B,48.08636093,-1.66671896,5C:93:A2,11,wpa2,2026-05-27T14:00:00.000Z,2026-05-27T13:00:00.000Z,Rennes,Bretagne,FR,Rue de Suisse,35200
5C:93:A2:01:75:2D,PS4-4528FB213CFD,46.34048462,-79.5785141,5C:93:A2,11,wpa2,2018-09-29T18:00:00.000Z,2026-05-23T10:00:00.000Z,,Ontario,CA,Highway 17,P1B 8G5
5C:93:A2:01:75:BD,PS4-176766E667E5,44.11656952,-103.2302475,5C:93:A2,6,wpa2,2019-02-16T15:00:00.000Z,2024-12-10T18:00:00.000Z,Rapid City,SD,US,Bunker Drive,57709
5C:93:A2:01:76:41,PS4-B6AAB249C65A,49.51331329,8.65641022,5C:93:A2,6,wpa2,2024-12-04T15:00:00.000Z,2025-08-27T11:00:00.000Z,,Baden-Württemberg,DE,Landstraße,69493
5C:93:A2:01:8F:51,PS4-FCF91AF2C9B1,36.71118927,-81.98697662,5C:93:A2,1,wpa2,2020-09-26T14:00:00.000Z,2024-09-19T04:00:00.000Z,,VA,US,Russell Road Northwest,24210
5C:93:A2:01:97:A9,PS4-514FC9C66870,38.67123032,-121.36339569,5C:93:A2,6,wpa2,2022-06-12T16:00:00.000Z,2024-11-07T20:00:00.000Z,,CA,US,Calcutta Way,95660
5C:93:A2:01:A1:0F,PS4-82C5A06CEF25,50.97409821,6.92704344,5C:93:A2,11,wpa2,2025-02-28T10:00:00.000Z,2025-02-28T03:00:00.000Z,Köln,Nordrhein-Westfalen,DE,Vogesenstraße,50739
5C:93:A2:01:A5:31,PS4-6528EE0C0B88,31.2009449,-97.30548859,5C:93:A2,6,wpa2,2025-07-18T06:00:00.000Z,2025-11-26T23:00:00.000Z,Troy,TX,US,I 35,76579
5C:93:A2:01:AC:F1,PS4-651DF4238BB2,47.83666611,13.07276917,5C:93:A2,11,wpa2,2025-12-13T14:00:00.000Z,2025-12-14T02:00:00.000Z,,Salzburg,AT,Söllheimer Straße,5300
5C:93:A2:01:AF:2F,PS4-88C290BF399B,44.31709671,-78.31996155,5C:93:A2,6,wpa2,2025-08-04T19:00:00.000Z,2026-08-16T18:00:00.000Z,Peterborough,Ontario,CA,George Street North,K9H 3S1
5C:93:A2:01:B3:A1,PS4-6B77C3F82D08,52.25431061,4.55214596,5C:93:A2,6,wpa2,2016-09-12T16:00:00.000Z,2026-08-10T05:00:00.000Z,,Zuid-Holland,NL,Laan van Rijckevorsel,2161KR
5C:93:A2:01:D1:37,PS4-2AFD9DF0319A,32.46408844,-86.47031403,5C:93:A2,1,wpa2,2025-10-01T15:00:00.000Z,2025-10-01T14:00:00.000Z,,AL,US,East 5th Street,36067
5C:93:A2:01:D1:FB,PS4-04DAEFC64D6E,53.61563492,-113.46958923,5C:93:A2,6,wpa2,2025-03-02T23:00:00.000Z,2025-03-02T16:00:00.000Z,Edmonton,Alberta,CA,152C Avenue NW,T5Z 3P1
5C:93:A2:01:E5:35,PS4-39C050C8CC29,26.25917625,-80.28051758,5C:93:A2,5,wpa2,2025-05-07T17:00:00.000Z,2025-05-07T13:00:00.000Z,Coral Springs,FL,US,Royal Palm Boulevard,33065
5C:93:A2:01:E8:27,PS4-AB1752E2A9B2,53.51365662,-113.59667969,5C:93:A2,6,wpa2,2020-05-03T18:00:00.000Z,2026-04-21T20:00:00.000Z,Edmonton,Alberta,CA,159 Street NW,T5R4G7
5C:93:A2:01:EF:8D,PS4-57344243240F,39.52609253,-119.86276245,5C:93:A2,6,wpa2,2025-11-17T23:00:00.000Z,2025-11-29T10:00:00.000Z,Reno,NV,US,North McCarran Boulevard,89523
5C:93:A2:01:F7:BB,PS4-8A9E6C0CFD6E,40.64662552,-74.00173187,5C:93:A2,11,wpa2,2026-08-05T23:00:00.000Z,2026-08-05T18:00:00.000Z,City of New York,NY,US,7th Avenue,11232
5C:93:A2:01:FC:CB,PS4-AEA4E655A371,43.91700363,-69.97104645,5C:93:A2,11,wpa2,2026-05-09T14:00:00.000Z,2026-08-13T18:00:00.000Z,,ME,US,Oak Street,04011
5C:93:A2:01:FE:8B,PS4-B0461205C3DC,54.30409622,10.10352516,5C:93:A2,1,wpa2,2025-10-13T21:00:00.000Z,2025-10-18T04:00:00.000Z,Kiel,Schleswig-Holstein,DE,Rendsburger Landstraße,24113
5C:93:A2:02:02:29,PS4-886630039B9F,39.78691864,-86.13961792,5C:93:A2,3,wpa2,2023-01-18T11:00:00.000Z,2025-10-28T16:00:00.000Z,Indianapolis,IN,US,Lewis Street,46202
5C:93:A2:02:2C:CB,PS4-94096105BB33,33.94342041,-84.32644653,5C:93:A2,6,wpa2,2025-08-12T17:00:00.000Z,2025-08-16T14:00:00.000Z,,GA,US,Womack Road,30338
5C:93:A2:02:3F:F3,PS4-9695C0833465,38.43058777,-105.82836914,5C:93:A2,1,wpa2,2019-02-26T08:00:00.000Z,2024-09-24T20:00:00.000Z,,CO,US,US 50,81233
5C:93:A2:02:41:4D,PS4-14A8603D715D,45.3760643,-73.58863068,5C:93:A2,11,wpa2,2025-01-08T17:00:00.000Z,2025-01-08T17:00:00.000Z,,Québec,CA,Rue Thibert,J5A 2S4
5C:93:A2:02:42:D3,PS4-FB79AFE02C22,41.08805466,-84.72676849,5C:93:A2,11,wpa2,2025-07-06T21:00:00.000Z,2025-07-06T17:00:00.000Z,,OH,US,SR 49,45813
5C:93:A2:02:47:03,PS4-C9029BF4E6AE,36.08877945,-115.13711548,5C:93:A2,4,wpa2,2015-08-06T00:00:00.000Z,2025-03-08T20:00:00.000Z,,NV,US,Russell Road,89111
5C:93:A2:02:54:01,PS4-C1D71B98A345,41.04379654,-111.94927979,5C:93:A2,11,wpa2,2024-05-15T22:00:00.000Z,2025-01-03T19:00:00.000Z,,UT,US,North Main Street,84037
5C:93:A2:02:56:E7,PS4-A5ECE3C5AA54,34.03204727,-118.32878113,5C:93:A2,4,wpa2,2021-04-23T17:00:00.000Z,2024-11-14T14:00:00.000Z,Los Angeles,CA,US,Edgehill Drive,90018
5C:93:A2:02:5B:C7,PS4-284D9434B5F6,45.61967087,-73.62696075,5C:93:A2,11,wpa2,2025-12-11T23:00:00.000Z,2025-12-11T17:00:00.000Z,Montréal,Québec,CA,Boulevard Léger,H1G 6K8
5C:93:A2:02:5E:37,PS4-F84112548008,42.56502533,-82.88891602,5C:93:A2,2,wpa2,2024-12-03T03:00:00.000Z,2024-12-02T20:00:00.000Z,Clinton Township,MI,US,Thomson Street,48035
5C:93:A2:02:6C:E7,PS4-946698BDACB0,33.91625214,-118.25767517,5C:93:A2,1,wpa2,2024-11-09T20:00:00.000Z,2026-07-29T22:00:00.000Z,Carson,CA,US,East El Segundo Boulevard,90059
5C:93:A2:02:8B:99,PS4-586C73108296,50.41697311,-104.5977478,5C:93:A2,1,wpa2,2025-09-23T19:00:00.000Z,2025-09-25T18:00:00.000Z,Regina,Saskatchewan,CA,McNiven Avenue,S4S 5W4
5C:93:A2:02:9A:3F,PS4-98B6A00CEE6F,60.7514801,22.83249474,5C:93:A2,6,wpa2,2015-05-14T16:00:00.000Z,2024-09-10T08:00:00.000Z,,Manner-Suomi,FI,Valtatie,
5C:93:A2:02:A3:61,PS4-ED7438C5CCEC,32.27243042,-110.93346405,5C:93:A2,5,wpa2,2025-08-26T13:00:00.000Z,2026-02-08T14:00:00.000Z,Tucson,AZ,US,East Prince Road,85719
5C:93:A2:02:A9:2B,PS4-5DFEC01277DD,37.64914703,-92.67066956,5C:93:A2,6,wpa2,2025-12-31T00:00:00.000Z,2026-02-21T08:00:00.000Z,,MO,US,Route 66,65722
5C:93:A2:02:AC:51,PS4-66D64AA0324E,39.99616623,-82.79574585,5C:93:A2,1,wpa2,2024-12-14T15:00:00.000Z,2024-12-14T08:00:00.000Z,Columbus,OH,US,Sharar Field Drive,43004
5C:93:A2:02:B0:2B,,41.54441071,-81.33776855,5C:93:A2,1,unknown,2025-07-27T13:00:00.000Z,2025-07-27T08:00:00.000Z,,OH,US,Chillicothe Road,44023
5C:93:A2:02:C1:D5,PS4-9C1B594E0516,50.85445786,6.02243805,5C:93:A2,11,wpa2,2026-05-09T15:00:00.000Z,2026-06-11T12:00:00.000Z,,Limburg,NL,Apostelstraat,6466LS
5C:93:A2:02:C3:C7,PS4-DFE4DBB4FD24,40.68321228,-73.63211823,5C:93:A2,2,wep,2025-07-26T12:00:00.000Z,2025-07-26T13:00:00.000Z,,NY,US,Allen Road,11570
5C:93:A2:02:CA:09,PS4-7B76D477A678,35.17105484,-111.6625061,5C:93:A2,11,wpa2,2019-09-01T20:00:00.000Z,2025-03-08T19:00:00.000Z,Flagstaff,AZ,US,Arizona Veterans Highway,86005
5C:93:A2:02:CF:AD,PS4-7E790E2F60E9,51.43953705,11.97379494,5C:93:A2,6,wpa2,2026-05-16T16:00:00.000Z,2026-05-31T12:00:00.000Z,,Sachsen-Anhalt,DE,Weißenfelser Straße,06132
5C:93:A2:02:D6:C1,PS4-0C94158A6D40,32.19380569,-110.91960907,5C:93:A2,6,wpa2,2015-03-14T20:00:00.000Z,2025-03-09T07:00:00.000Z,Tucson,AZ,US,East 34th Street,85716-5400
5C:93:A2:02:D8:DD,PS4-F98EC6D85054,34.06157684,-86.23809814,5C:93:A2,1,wpa2,2026-01-30T04:00:00.000Z,2026-02-03T10:00:00.000Z,,AL,US,Thompson Bridge Road,35990
5C:93:A2:02:E1:99,PS4-24F778ABDB99,51.47441483,-109.16701508,5C:93:A2,6,wpa2,2024-09-28T20:00:00.000Z,2024-09-28T14:00:00.000Z,,Saskatchewan,CA,11 Avenue,S0L 1S0
5C:93:A2:02:E2:85,PS4-60340DF2F0F5,30.5769062,-96.3019104,5C:93:A2,5,wpa2,2021-11-08T17:00:00.000Z,2026-08-01T08:00:00.000Z,College Station,TX,US,Rock Prairie Road,77845
5C:93:A2:02:F1:45,PS4-0E702AA66177,30.62286568,-110.96985626,5C:93:A2,11,wpa2,2025-05-25T07:00:00.000Z,2025-05-27T13:00:00.000Z,,Sonora,MX,Calle Ignacio Leal Pesqueira,
5C:93:A2:02:F6:7F,PS4-5DD889BEA24F,47.9757309,-4.12724495,5C:93:A2,6,wpa2,2024-09-15T17:00:00.000Z,2024-09-15T11:00:00.000Z,,Bretagne,FR,Avenue Pierre Mendès-France,29000
5C:93:A2:02:F7:F1,PS4-81A816540FA2,-21.78104782,-52.11476517,5C:93:A2,10,wpa2,2025-02-11T05:00:00.000Z,2025-02-10T21:00:00.000Z,,São Paulo,BR,Rua José Ramos Júnior,19470-000
5C:93:A2:03:06:B1,PS4-3F07A78E1F32,10.0019474,-84.11473083,5C:93:A2,6,wpa2,2026-04-14T21:00:00.000Z,2026-09-02T05:00:00.000Z,Heredia,Provincia Heredia,CR,Avenida 7,40101
5C:93:A2:03:0D:ED,,36.61664963,-121.82826996,5C:93:A2,3,none,2026-08-30T14:00:00.000Z,2026-08-30T14:00:00.000Z,Seaside,CA,US,La Salle Avenue,93955
5C:93:A2:03:18:45,PS4-3A6EBB279124,38.56654358,-121.48795319,5C:93:A2,4,wpa2,2015-07-11T17:00:00.000Z,2026-06-20T09:00:00.000Z,Sacramento,CA,US,T Street,95816
5C:93:A2:03:1E:F5,PS4-D2754218D6EA,37.58564758,-78.50085449,5C:93:A2,6,wpa2,2025-04-25T23:00:00.000Z,2025-04-25T16:00:00.000Z,,VA,US,South Constitution Route,
5C:93:A2:03:21:8D,PS4-6BB111AF0AD7,45.78777313,4.91472197,5C:93:A2,11,wpa2,2024-11-29T13:00:00.000Z,2024-11-29T06:00:00.000Z,,Auvergne-Rhône-Alpes,FR,Avenue du 8 Mai 1945,69120
5C:93:A2:03:27:F7,PS4-4A14CC4D4F25,42.25207138,-84.39571381,5C:93:A2,11,wpa2,2024-02-19T13:00:00.000Z,2025-05-17T18:00:00.000Z,,MI,US,Homewild Avenue,49202
5C:93:A2:03:33:31,PS4-680BD0097E60,47.0031662,-123.4285202,5C:93:A2,6,wpa2,2016-05-20T15:00:00.000Z,2025-04-25T23:00:00.000Z,Elma,WA,US,Monte Elma Road,98541
5C:93:A2:03:34:A5,PS4-9E090547F4BD,29.32758522,-98.47743225,5C:93:A2,6,wpa2,2026-05-07T08:00:00.000Z,2026-05-12T11:00:00.000Z,San Antonio,TX,US,Rilling Road,78235
5C:93:A2:03:35:C7,PS4-3461B9126D98,55.85884476,-3.97714877,5C:93:A2,6,wpa2,2026-01-04T19:00:00.000Z,2026-01-08T17:00:00.000Z,,Alba / Scotland,GB,Hillfoot Road,ML6
5C:93:A2:03:3D:17,PS4-52B47A67E52D,30.71706772,-86.6108017,5C:93:A2,1,wpa2,2025-12-11T15:00:00.000Z,2025-12-15T07:00:00.000Z,,FL,US,Antioch Road,32537
5C:93:A2:03:42:0D,PS4-AC4363E6904F,45.42544174,-75.73351288,5C:93:A2,6,wpa2,2024-10-06T18:00:00.000Z,2026-09-01T12:00:00.000Z,Gatineau,Québec,CA,Boulevard Saint-Joseph,J8Y 3V8
5C:93:A2:03:45:15,PS4-B7381274F278,34.02970886,-84.760849,5C:93:A2,1,wpa2,2026-07-19T17:00:00.000Z,2026-07-20T21:00:00.000Z,,GA,US,Seven Hills Connector,30101
5C:93:A2:03:48:3D,PS4-3868FBF53C59,47.25892258,11.38718796,5C:93:A2,9,wpa2,2024-12-13T13:00:00.000Z,2024-12-13T07:00:00.000Z,Innsbruck,Tirol,AT,Freisingstraße,6020
5C:93:A2:03:4D:B9,PS4-6AD5129624DE,34.04073715,-118.37902832,5C:93:A2,6,wpa2,2024-11-14T15:00:00.000Z,2024-11-14T15:00:00.000Z,Los Angeles,CA,US,Guthrie Avenue,90034
5C:93:A2:03:58:FB,PS4-03674070237E,41.8751564,12.4700985,5C:93:A2,6,wpa2,2026-05-10T17:00:00.000Z,2026-05-11T22:00:00.000Z,Roma,Lazio,IT,Largo Giovanni Battista Marzi,00153
5C:93:A2:03:5C:B7,PS4-F136BB10F65D,39.083992,-94.53839874,5C:93:A2,6,wpa2,2025-12-02T11:00:00.000Z,2025-12-02T04:00:00.000Z,Kansas City,MO,US,Cleveland Avenue,64127
5C:93:A2:03:85:33,PS4-19F8D7C1875B,53.63123322,-113.43690491,5C:93:A2,1,wpa2,2024-04-22T05:00:00.000Z,2026-02-12T21:00:00.000Z,Edmonton,Alberta,CA,McConachie Boulevard NW,T5Y 3N1
5C:93:A2:03:88:27,PS4-D28FA557C2F8,45.43118668,-75.68969727,5C:93:A2,1,wpa2,2023-10-12T22:00:00.000Z,2024-12-13T16:00:00.000Z,(Old) Ottawa,Ontario,CA,Cumberland Street,K1N 8Y3
5C:93:A2:03:89:69,PS4-D4C8E040E040,38.92762375,-78.15510559,5C:93:A2,6,wpa2,2023-08-20T00:00:00.000Z,2025-06-22T19:00:00.000Z,,VA,US,Happy Creek Road,22630
5C:93:A2:03:8E:5D,PS4-CEA91AC018A9,32.69169235,-92.65682983,5C:93:A2,1,wpa2,2026-07-31T21:00:00.000Z,2026-08-01T16:00:00.000Z,,LA,US,McMullen Street,71235
5C:93:A2:03:9C:DB,PS4-9860B98012B5,40.46772003,22.85693169,5C:93:A2,4,wpa2,2026-04-14T00:00:00.000Z,2026-04-13T17:00:00.000Z,,Αποκεντρωμένη Διοίκηση Μακεδονίας - Θράκης,GR,Περαίας - Νέας Μηχανιώνας,57004
5C:93:A2:03:A9:B1,PS4-D78F55DC8E24,40.92196655,-75.36394501,5C:93:A2,6,wpa2,2025-11-04T19:00:00.000Z,2026-06-06T10:00:00.000Z,,PA,US,US 209,18322
5C:93:A2:03:B3:A9,PS4-0DD25C6B7AB3,46.057724,14.58389759,5C:93:A2,11,wpa2,2024-10-15T12:00:00.000Z,2024-10-30T03:00:00.000Z,Ljubljana,Polje,SI,Polje,1260
5C:93:A2:03:B9:2F,,37.49951935,-120.86373901,5C:93:A2,11,unknown,2024-09-10T18:00:00.000Z,2024-09-10T16:00:00.000Z,Turlock,CA,US,Lambert Way,95381
5C:93:A2:03:C0:5F,PS4-E7013A3ED8C7,36.2579422,-115.16012573,5C:93:A2,1,wpa2,2026-04-06T17:00:00.000Z,2026-05-11T15:00:00.000Z,North Las Vegas,NV,US,North Emerald Basin Street,89031
5C:93:A2:03:C3:9D,PS4-61CB6428E820,51.34371567,9.62351894,5C:93:A2,5,wpa2,2024-08-10T07:00:00.000Z,2024-09-17T02:00:00.000Z,,Niedersachsen,DE,Uschlager Straße,34355
5C:93:A2:03:C5:37,PS4-FB887A708027,37.76805115,-122.20849609,5C:93:A2,1,wpa2,2018-07-04T14:00:00.000Z,2025-04-22T20:00:00.000Z,Oakland,CA,US,51st Avenue,94601
5C:93:A2:03:CE:2B,PS4-26B1D2DD5060,43.22460175,-77.6269455,5C:93:A2,1,wpa2,2026-07-19T14:00:00.000Z,2026-08-15T01:00:00.000Z,City of Rochester,NY,US,Lake Avenue,14612
5C:93:A2:03:CE:65,PS4-9E69A1EA8BF8,51.4543457,-0.94370884,5C:93:A2,9,wpa2,2025-09-11T15:00:00.000Z,2025-09-23T04:00:00.000Z,,England,GB,London Road,RG1 3NZ
5C:93:A2:03:D4:AF,PS4-3B9D0A88CFD4,39.67277145,-104.82645416,5C:93:A2,1,wpa2,2024-08-26T03:00:00.000Z,2024-09-09T07:00:00.000Z,Aurora,CO,US,East Harvard Avenue,80014
5C:93:A2:03:D6:73,PS4-16569A4D9DA6,40.59927368,-73.97799683,5C:93:A2,7,wpa2,2026-07-13T17:00:00.000Z,2026-07-13T11:00:00.000Z,City of New York,NY,US,West 6th Street,11223
5C:93:A2:03:DA:BB,,31.31765366,-94.70035553,5C:93:A2,13,none,2026-08-14T14:00:00.000Z,2026-08-14T21:00:00.000Z,Lufkin,TX,US,Ponderosa Drive,75901
5C:93:A2:03:DB:49,PS4-0ADC7E3ADD1C,42.53837585,-76.50941467,5C:93:A2,11,wpa2,2025-03-12T13:00:00.000Z,2025-04-25T22:00:00.000Z,,NY,US,Ridge Road,14882
5C:93:A2:03:E2:45,PS4-F43F10FE627F,36.0896759,-95.97267151,5C:93:A2,6,wpa2,2026-06-03T18:00:00.000Z,2026-06-15T08:00:00.000Z,Tulsa,OK,US,Skelly Bypass,74105
5C:93:A2:03:ED:B3,PS4-D916D679A82C,49.21103668,-123.10176086,5C:93:A2,11,wpa2,2022-01-14T17:00:00.000Z,2024-12-10T17:00:00.000Z,Vancouver,British Columbia,CA,Southeast Marine Drive,V5X
5C:93:A2:03:F4:A9,PS4-CB8802BF0A94,45.52183151,-73.79089355,5C:93:A2,6,wpa2,2022-10-16T06:00:00.000Z,2024-09-17T10:00:00.000Z,Laval (13),Québec,CA,Boulevard Samson,H7X 3E6
5C:93:A2:03:F8:5D,PS4-58266D439B91,34.19393921,-118.41809082,5C:93:A2,5,wpa2,2024-10-27T19:00:00.000Z,2026-04-11T11:00:00.000Z,Los Angeles,CA,US,Vanowen Street,91605
5C:93:A2:03:F9:99,PS4-F920B6EA9BA0,40.77677536,-73.56489563,5C:93:A2,10,wpa2,2025-05-14T13:00:00.000Z,2025-05-14T06:00:00.000Z,,NY,US,Hillary Lane,11590
5C:93:A2:04:0A:45,PS4-DB2B8CE1A962,35.6362381,139.62174988,5C:93:A2,6,wpa2,2016-07-15T09:00:00.000Z,2025-10-17T23:00:00.000Z,世田谷区,上用賀六丁目,JP,環八通り,157-8510
5C:93:A2:04:0D:D5,PS4-A88414B5BAE6,48.14880753,11.46112061,5C:93:A2,6,wpa2,2015-10-29T20:00:00.000Z,2026-05-10T20:00:00.000Z,München,Bayern,DE,Pasinger Bahnhofsplatz,81241
5C:93:A2:04:11:D1,PS4-93DDB4E86731,43.68494034,-79.83926392,5C:93:A2,6,wpa2,2026-05-20T19:00:00.000Z,2026-05-20T22:00:00.000Z,Brampton,Ontario,CA,Sandalwood Trail,L7A 0X5
5C:93:A2:04:14:7D,PS4-A2B948B9DF9F,45.41259766,-75.69243622,5C:93:A2,11,wpa2,2026-05-22T21:00:00.000Z,2026-05-22T22:00:00.000Z,(Old) Ottawa,Ontario,CA,Gladstone Avenue,K2P 1Y8
5C:93:A2:04:1A:4B,PS4-2CB2F29A36ED,42.28409958,-85.59434509,5C:93:A2,1,wpa2,2024-11-01T20:00:00.000Z,2024-11-02T09:00:00.000Z,Kalamazoo,MI,US,West Vine Street,49008
5C:93:A2:04:26:2D,PS4-7B87CF98E200,43.77291489,-79.19330597,5C:93:A2,11,wpa2,2026-08-21T16:00:00.000Z,2026-08-21T10:00:00.000Z,Toronto,Ontario,CA,Pickford Road,M1E 3G3
5C:93:A2:04:2B:23,PS4-984615C4359B,34.2192421,-118.36480713,5C:93:A2,6,wpa2,2001-12-28T21:00:00.000Z,2025-03-09T16:00:00.000Z,Los Angeles,CA,US,Clybourn Avenue,91352-2054
5C:93:A2:04:2D:8B,PS4-540750EE6948,43.72694778,-79.26555634,5C:93:A2,6,wpa2,2025-10-28T18:00:00.000Z,2025-10-28T20:00:00.000Z,Toronto,Ontario,CA,Kennedy Road,M1K 3M6
5C:93:A2:04:34:AB,PS4-8FCA03DD0071,52.32468033,-2.04515243,5C:93:A2,6,wpa2,2024-10-03T16:00:00.000Z,2024-10-03T10:00:00.000Z,Bromsgrove,England,GB,Finstall Road,B60 2EP
5C:93:A2:04:35:25,PS4-825B83AC51E7,53.54497528,-113.41999054,5C:93:A2,6,wpa2,2024-12-23T22:00:00.000Z,2025-04-03T13:00:00.000Z,Edmonton,Alberta,CA,52 Street NW,T6A 2J2
5C:93:A2:04:39:5D,PS4-46525971614C,48.16554642,-103.60723114,5C:93:A2,6,wpa2,2024-10-29T19:00:00.000Z,2026-07-17T21:00:00.000Z,Williston,ND,US,East Dakota Parkway,58801
5C:93:A2:04:3B:0D,PS4-DEFFC05F9613,35.10503769,-106.64963531,5C:93:A2,6,wpa2,2024-10-14T08:00:00.000Z,2024-12-16T19:00:00.000Z,Albuquerque,NM,US,6th Street Northwest,81702
5C:93:A2:04:48:0D,PS4-FA165C05840D,53.47232437,-113.66823578,5C:93:A2,6,wpa2,2024-11-06T21:00:00.000Z,2024-11-06T14:00:00.000Z,Edmonton,Alberta,CA,Elston Lane NW,T6M 0M4
5C:93:A2:04:48:4B,PS4-7B596C13053B,38.1222496,-121.58561707,5C:93:A2,6,wpa2,2025-04-03T22:00:00.000Z,2025-04-03T15:00:00.000Z,,CA,US,Brannan Island Road,
5C:93:A2:04:4A:03,PS4-401D67778A52,43.05843353,-83.30910492,5C:93:A2,6,wpa2,2025-02-27T16:00:00.000Z,2025-02-27T09:00:00.000Z,,MI,US,East Oregon Street,48446
5C:93:A2:04:53:B7,PS4-9F66F69BE239,49.0060463,12.06081772,5C:93:A2,1,wpa2,2024-11-14T19:00:00.000Z,2024-11-14T15:00:00.000Z,,Bayern,DE,A 93,93051
5C:93:A2:04:55:E5,PS4-F863FCD30781,54.30724716,10.14251518,5C:93:A2,1,wpa2,2025-04-21T19:00:00.000Z,2025-05-17T08:00:00.000Z,Kiel,Schleswig-Holstein,DE,Preetzer Straße,24143
5C:93:A2:04:66:0B,PS4-E00F7B254A15,37.39073181,-122.01239777,5C:93:A2,11,wpa2,2024-01-05T09:00:00.000Z,2025-09-19T07:00:00.000Z,Sunnyvale,CA,US,Johanna Avenue,94085-3411
5C:93:A2:04:6D:83,PS4-2549865D69C9,-34.41368484,-58.68907928,5C:93:A2,4,wpa2,2026-08-19T21:00:00.000Z,2026-08-19T22:00:00.000Z,,Buenos Aires,AR,Ituzaingó,1621
5C:93:A2:04:7E:49,,39.98972321,-85.98352814,5C:93:A2,2,unknown,2024-09-17T02:00:00.000Z,2025-07-16T17:00:00.000Z,,IN,US,Meadow Lake Drive,46060
5C:93:A2:04:7E:5B,PS4-F866D2F77F61,38.97962189,-76.84960175,5C:93:A2,11,wpa2,2025-12-19T23:00:00.000Z,2026-01-16T13:00:00.000Z,,MD,US,Good Luck Road,20706
5C:93:A2:04:81:BB,PS4-B490C9DFD1D9,47.18411255,-122.52326202,5C:93:A2,4,wpa2,2023-08-01T21:00:00.000Z,2026-08-19T07:00:00.000Z,,WA,US,Custer Road Southwest,98499-8398
5C:93:A2:04:83:1B,PS4-A496309BFCF3,9.97137928,-84.12083435,5C:93:A2,1,wpa2,2025-05-25T20:00:00.000Z,2025-05-26T10:00:00.000Z,Ulloa,Provincia Heredia,CR,Calle 6,40104
5C:93:A2:04:86:E7,PS4-23C1CE84C249,38.54563141,-90.27181244,5C:93:A2,1,wpa2,2025-05-11T10:00:00.000Z,2026-03-26T15:00:00.000Z,,MO,US,River City Boulevard,63111:63125
5C:93:A2:04:89:A3,PS4-24D227AEF347,35.04275894,-97.9381485,5C:93:A2,1,wpa2,2026-07-02T18:00:00.000Z,2026-07-03T05:00:00.000Z,,OK,US,South 5th Street,73018
5C:93:A2:04:89:F5,PS4-3802DA5273D8,33.86110687,-118.0867157,5C:93:A2,1,wpa2,2024-12-07T20:00:00.000Z,2026-05-16T20:00:00.000Z,,CA,US,Wright Place,90703-6612
5C:93:A2:04:8F:C1,PS4-EC9726A23376,33.41326904,-112.18476868,5C:93:A2,2,wpa2,2026-03-11T16:00:00.000Z,2026-03-11T13:00:00.000Z,Phoenix,AZ,US,West Illini Street,85043
5C:93:A2:04:95:E1,PS4-DE6F3D0BDF99,48.16627884,16.36700439,5C:93:A2,6,wpa2,2025-06-06T08:00:00.000Z,2025-06-06T02:00:00.000Z,Wien,Wienerfeld,AT,Migerkastraße,1100
5C:93:A2:04:98:A5,PS4-E63EFB4D1389,47.4446907,8.34239292,5C:93:A2,11,wpa2,2025-06-02T15:00:00.000Z,2025-06-06T02:00:00.000Z,,Aargau,CH,A1;A3,8956
5C:93:A2:04:99:5D,PS4-E99B130490C7,27.82100677,-82.73323822,5C:93:A2,11,wpa2,2025-02-06T00:00:00.000Z,2025-04-29T17:00:00.000Z,,FL,US,54th Avenue North,33709
5C:93:A2:04:A6:4B,PS4-DD3E752553CC,32.308918,-110.84810638,5C:93:A2,6,wpa2,2025-04-28T14:00:00.000Z,2025-05-06T09:00:00.000Z,,AZ,US,East Sunrise Drive,85750
5C:93:A2:04:AA:8B,PS4-01B27B5D1437,30.18785667,-82.69270325,5C:93:A2,1,wpa2,2025-08-05T17:00:00.000Z,2025-08-09T16:00:00.000Z,,FL,US,I 75,32055
5C:93:A2:04:B1:F1,PS4-B429896A31BD,49.31094742,-124.31243896,5C:93:A2,2,wpa2,2024-10-31T01:00:00.000Z,2024-10-30T19:00:00.000Z,Parksville,British Columbia,CA,Meridian Way,V9P 2H3
5C:93:A2:04:B4:07,PS4-25987A40212A,34.19724274,-85.08041382,5C:93:A2,11,wpa2,2026-05-10T21:00:00.000Z,2026-05-10T15:00:00.000Z,,GA,US,Chulio Road Southeast,30161
5C:93:A2:04:B7:85,PS4-8F5220332E63,52.14692688,-106.60405731,5C:93:A2,6,wpa2,2025-04-27T21:00:00.000Z,2025-06-25T08:00:00.000Z,Saskatoon,Saskatchewan,CA,Reid Road,S7N 2K8
5C:93:A2:04:D3:1B,PS4-A4C3CA925C41,33.43159866,-112.55621338,5C:93:A2,6,wpa2,2024-09-07T03:00:00.000Z,2024-09-09T02:00:00.000Z,Buckeye,AZ,US,South Watson Road,
5C:93:A2:04:D8:8F,PS4-0A8C59052E7C,39.57148361,3.20128393,5C:93:A2,8,wpa2,2024-06-11T11:00:00.000Z,2025-06-17T05:00:00.000Z,,Illes Balears,ES,Carrer de la Mare de Déu del Carme,07500
5C:93:A2:04:EC:BF,PS4-B45FF1373AF9,37.54867554,-77.40558624,5C:93:A2,11,wpa2,2026-06-29T12:00:00.000Z,2026-06-29T06:00:00.000Z,Richmond,VA,US,Rosetta Street,23223
5C:93:A2:04:EF:85,PS4-162CDA5D2A15,43.89705276,-78.8433609,5C:93:A2,11,wpa2,2021-01-02T16:00:00.000Z,2025-05-11T16:00:00.000Z,Oshawa,Ontario,CA,Eulalie Avenue,L1H 2C6
5C:93:A2:04:F0:13,PS4-9E1A962563EE,49.26151276,-123.15062714,5C:93:A2,11,wpa2,2026-08-01T04:00:00.000Z,2026-07-31T22:00:00.000Z,Vancouver,British Columbia,CA,Maple Street,V6J
5C:93:A2:04:F8:43,PS4-BBA3C9B6FE5D,40.71591949,-73.2816925,5C:93:A2,1,wep,2024-10-08T02:00:00.000Z,2024-10-07T21:00:00.000Z,,NY,US,Carll Drive,11706
5C:93:A2:04:FA:E3,PS4-903B958F9734,41.41803741,2.21581078,5C:93:A2,11,wpa2,2025-12-25T14:00:00.000Z,2025-12-25T11:00:00.000Z,Barcelona,Catalunya,ES,Carrer de Cristòfol de Moura,08019
5C:93:A2:05:18:99,PS4-EE94BEA8C1F1,45.39314651,-92.84247589,5C:93:A2,3,wpa2,2026-06-17T19:00:00.000Z,2026-06-17T18:00:00.000Z,,MN,US,3rd Avenue North,55045
5C:93:A2:05:1B:1F,PS4-7E844F2FEF0E,33.94535828,-118.17093658,5C:93:A2,11,wpa2,2025-10-30T17:00:00.000Z,2025-10-30T14:00:00.000Z,,CA,US,Long Beach Freeway,90222
5C:93:A2:05:2F:FD,PS4-58279F79E16C,32.32456589,-106.81741333,5C:93:A2,6,wpa2,2019-09-19T21:00:00.000Z,2024-12-02T16:00:00.000Z,Las Cruces,NM,US,Magdalena Drive,88005-2232
5C:93:A2:05:37:47,PS4-C11F6AF77875,26.40198517,-80.13150024,5C:93:A2,11,wpa2,2020-02-26T11:00:00.000Z,2025-07-26T13:00:00.000Z,Boca Raton,FL,US,Northwest 60th Street,33496
5C:93:A2:05:3A:83,,40.01138687,-85.96218872,5C:93:A2,6,unknown,2026-07-25T22:00:00.000Z,2026-07-25T19:00:00.000Z,,IN,US,Greenfield Avenue,46060
5C:93:A2:05:41:01,PS4-F535283FE119,47.90114594,9.51546764,5C:93:A2,1,wpa2,2024-11-18T12:00:00.000Z,2025-01-22T04:00:00.000Z,,Baden-Württemberg,DE,Oberhofstraße,88370
5C:93:A2:05:4A:1B,PS4-B104A7146F0E,45.9391098,-66.63007355,5C:93:A2,11,wpa2,2026-04-08T14:00:00.000Z,2026-04-08T07:00:00.000Z,,New Brunswick / Nouveau-Brunswick,CA,Chemin Lincoln,E3B 4K9
5C:93:A2:05:4D:09,PS4-D8193618A806,-24.6695652,-65.05149841,5C:93:A2,1,wpa2,2025-08-17T14:00:00.000Z,2025-08-18T12:00:00.000Z,,Salta,AR,Calixto Luna,A4430
5C:93:A2:05:50:2B,PS4-1FFD7F130916,46.32976151,-72.58938599,5C:93:A2,11,wpa2,2025-01-10T13:00:00.000Z,2025-01-10T05:00:00.000Z,Trois-Rivières,Québec,CA,Rue Gagnon,G8Z 4B4
5C:93:A2:05:51:41,PS4-5B6A3822731E,30.20126534,-82.71737671,5C:93:A2,6,wpa2,2026-08-25T23:00:00.000Z,2026-08-25T18:00:00.000Z,,FL,US,Northwest Brown Road,32055
5C:93:A2:05:51:B7,PS4-43CD861B55EB,33.58053207,-117.17964172,5C:93:A2,11,wpa2,2025-04-26T18:00:00.000Z,2025-04-26T23:00:00.000Z,Murrieta,CA,US,Ashwood Lane,92563
5C:93:A2:05:83:E9,PS4-29C19B924AA9,33.73785019,-118.29004669,5C:93:A2,6,wpa2,2019-08-06T05:00:00.000Z,2025-03-08T21:00:00.000Z,Los Angeles,CA,US,West 7th Street,90732
5C:93:A2:05:8A:03,PS4-B77ABF7A824B,49.95204926,-97.13388824,5C:93:A2,3,wpa2,2025-11-08T17:00:00.000Z,2026-04-19T10:00:00.000Z,Winnipeg,Manitoba,CA,Sinclair Street,R2V 3J5
5C:93:A2:05:8F:01,PS4-4AE4346AAF8A,36.22288513,-115.20613098,5C:93:A2,1,wpa2,2026-02-16T08:00:00.000Z,2026-02-16T00:00:00.000Z,North Las Vegas,NV,US,Stable,89032
5C:93:A2:05:9A:C5,PS4-BEDCA4D66FAD,46.79444122,-122.75364685,5C:93:A2,6,wpa2,2015-12-03T15:00:00.000Z,2025-04-26T13:00:00.000Z,,WA,US,Johnson Creek Road Southeast,
5C:93:A2:05:9C:17,PS4-42AC79CF672E,35.46040726,-97.38419342,5C:93:A2,6,wpa2,2025-04-14T19:00:00.000Z,2025-04-15T12:00:00.000Z,,OK,US,North Towry Drive,73110
5C:93:A2:05:9D:1D,PS4-F7E76A98C564,33.84277725,-118.35360718,5C:93:A2,1,wpa2,2022-08-23T17:00:00.000Z,2025-03-08T22:00:00.000Z,Torrance,CA,US,Hawthorne Boulevard,90503
5C:93:A2:05:AA:59,PS4-5960422DDD22,49.86934662,-119.44760895,5C:93:A2,1,wpa2,2025-01-18T23:00:00.000Z,2025-01-18T16:00:00.000Z,Kelowna,British Columbia,CA,Benvoulin Road,V1W 2E1
5C:93:A2:05:B0:93,PS4-3E5A339EAF02,-31.64110184,-60.71199799,5C:93:A2,6,wpa2,2025-09-08T18:00:00.000Z,2025-09-09T23:00:00.000Z,Santa Fe,Santa Fe,AR,Hipólito Yrigoyen,S3000
5C:93:A2:05:B3:7B,PS4-184AA70E8C87,50.86226654,6.02161694,5C:93:A2,6,wpa2,2025-05-06T18:00:00.000Z,2025-05-06T12:00:00.000Z,,Limburg,NL,Elbereveldstraat,6466KJ
5C:93:A2:05:BA:DF,PS4-FC3D1A1BA5E6,33.62638474,-112.01795197,5C:93:A2,1,wpa2,2016-08-23T00:00:00.000Z,2025-03-08T20:00:00.000Z,Phoenix,AZ,US,East Greenway Road,85032
5C:93:A2:05:BC:C1,PS4-B34E8F704343,32.4242363,-93.69458771,5C:93:A2,10,wpa2,2026-06-15T20:00:00.000Z,2026-06-16T04:00:00.000Z,Shreveport,LA,US,East Kings Highway,71115
5C:93:A2:05:C0:3B,PS4-68B52EB3A50D,36.13386154,-115.09343719,5C:93:A2,1,wpa2,2024-02-28T21:00:00.000Z,2026-03-21T05:00:00.000Z,,NV,US,Greenbriar Townhouse Way,89121-2510
5C:93:A2:05:CC:39,PS4-9E33576D6656,43.16121292,-80.27293396,5C:93:A2,9,wpa2,2023-11-02T16:00:00.000Z,2024-10-30T16:00:00.000Z,Brantford,Ontario,CA,Borden Street,N3R 4J9
5C:93:A2:05:D5:5B,PS4-E54F07D175F5,47.61996841,-122.34243011,5C:93:A2,6,wpa2,2024-06-20T17:00:00.000Z,2025-03-26T18:00:00.000Z,Seattle,WA,US,Dexter Avenue North,98109
5C:93:A2:05:DC:27,PS4-36C84440036F,33.97537613,-118.22253418,5C:93:A2,3,wpa2,2024-11-22T22:00:00.000Z,2024-11-22T17:00:00.000Z,,CA,US,Seville Avenue,90255
5C:93:A2:05:F3:B3,PS4-6B33726E847C,39.82637024,-75.42510223,5C:93:A2,6,wpa2,2026-02-02T20:00:00.000Z,2026-05-09T14:00:00.000Z,Lower Chichester Township,PA,US,Chichester Avenue,19061
5C:93:A2:05:F4:DF,PS4-EF615C93A529,42.79088211,-71.08238983,5C:93:A2,1,wpa2,2025-10-16T00:00:00.000Z,2026-08-25T08:00:00.000Z,Haverhill,MA,US,Main Street,01830
5C:93:A2:05:FB:F3,PS4-FEAD5775AFA0,40.66806793,-73.8079071,5C:93:A2,9,wpa2,2026-02-04T19:00:00.000Z,2026-02-04T12:00:00.000Z,City of New York,NY,US,135th Avenue,11420
5C:93:A2:06:01:85,PS4-BF29B7938100,43.57671738,-80.24682617,5C:93:A2,11,wpa2,2024-04-02T21:00:00.000Z,2026-04-06T15:00:00.000Z,Guelph,Ontario,CA,Brant Avenue,N1E 1G2
5C:93:A2:06:09:55,PS4-8FDF15361562,31.42220497,-103.49529266,5C:93:A2,6,wpa2,2021-02-25T01:00:00.000Z,2026-01-21T16:00:00.000Z,,TX,US,West 6th Street,
5C:93:A2:06:09:91,PS4-2DAF39052784,44.95658875,-93.29314423,5C:93:A2,6,wpa2,2025-01-02T23:00:00.000Z,2025-03-09T19:00:00.000Z,Minneapolis,MN,US,Dupont Avenue South,55408
5C:93:A2:06:0B:45,PS4-C5F6CA48F9F2,43.59084702,-116.1885376,5C:93:A2,6,wpa2,2025-03-18T17:00:00.000Z,2025-03-18T10:00:00.000Z,Boise,ID,US,South Division Avenue,83706
5C:93:A2:06:0F:73,PS4-985287D7D6F1,30.26084709,-91.31364441,5C:93:A2,6,wpa2,2026-02-05T19:00:00.000Z,2026-02-05T14:00:00.000Z,,LA,US,Bayou Jacob Road,70764
5C:93:A2:06:15:93,PS4-CB6D4758F408,-22.84940529,-43.39546967,5C:93:A2,3,wpa2,2025-07-22T11:00:00.000Z,2025-07-30T12:00:00.000Z,Rio de Janeiro,Rio de Janeiro,BR,Estrada Marechal Alencastro,21640-010
5C:93:A2:06:16:19,PS4-4FE1A300D193,36.1298027,-80.11611176,5C:93:A2,11,wpa2,2025-04-22T20:00:00.000Z,2025-04-22T19:00:00.000Z,,NC,US,Hopkins Road,27284
5C:93:A2:06:26:BF,PS4-EEE28A0039CB,37.60704422,-120.85804749,5C:93:A2,11,wep,2026-05-15T16:00:00.000Z,2026-06-28T12:00:00.000Z,,CA,US,Morgan Lynn Lane,
5C:93:A2:06:29:93,PS4-517232C694C2,51.16807175,13.48110485,5C:93:A2,6,wpa2,2026-02-14T18:00:00.000Z,2026-03-12T11:00:00.000Z,,Sachsen,DE,Gustav-Graf-Straße,01662
5C:93:A2:06:2F:B3,PS4-8C6B24B015DB,60.18856812,24.91643333,5C:93:A2,6,wpa2,2026-06-03T13:00:00.000Z,2026-06-03T07:00:00.000Z,Helsinki,Manner-Suomi,FI,Päivärinnankatu,00250
5C:93:A2:06:33:B7,PS4-4EA11A6E4E59,43.49023056,-112.03205109,5C:93:A2,6,wpa2,2018-08-14T20:00:00.000Z,2024-12-11T10:00:00.000Z,Idaho Falls,ID,US,8th Street,83403
5C:93:A2:06:34:73,PS4-DD17105BBBAE,36.09545135,-96.01451874,5C:93:A2,6,wpa2,2026-08-20T15:00:00.000Z,2026-08-20T14:00:00.000Z,Tulsa,OK,US,West 47th Street,74107
5C:93:A2:06:3B:9F,PS4-C597CC13037F,-26.24366951,28.00768089,5C:93:A2,9,wpa2,2026-04-09T07:00:00.000Z,2026-08-27T09:00:00.000Z,Johannesburg,Gauteng,ZA,M1,2001
5C:93:A2:06:3D:E7,PS4-B5888BDB0F3D,-26.11331177,27.98411751,5C:93:A2,1,wpa2,2024-03-30T12:00:00.000Z,2024-11-26T23:00:00.000Z,Johannesburg,Gauteng,ZA,Ottawa Avenue,2001
5C:93:A2:06:52:85,PS4-C6824E8172D2,42.97308731,-87.88069153,5C:93:A2,6,wpa2,2025-02-03T23:00:00.000Z,2025-05-04T13:00:00.000Z,,WI,US,John R. Plewa Memorial Lake Parkway,53207:53235
5C:93:A2:06:59:7B,PS4-5761EB9101CF,51.54597855,5.09790325,5C:93:A2,6,wpa2,2026-01-05T09:00:00.000Z,2026-02-22T10:00:00.000Z,Tilburg,Noord-Brabant,NL,Ringbaan-Zuid,5022AH
5C:93:A2:06:60:3D,PS4-305A52D69DDF,47.08242798,-122.4140625,5C:93:A2,6,wpa2,2022-10-26T13:00:00.000Z,2024-09-23T12:00:00.000Z,,WA,US,192nd Street East,98387-8412
5C:93:A2:06:7F:47,PS4-1043AF0D71AE,49.24975204,11.09443951,5C:93:A2,1,wpa2,2025-09-03T17:00:00.000Z,2026-04-13T02:00:00.000Z,,Bayern,DE,Allersberger Straße,91154
5C:93:A2:06:8A:71,PS4-A05D59025C43,49.16567612,-122.8275528,5C:93:A2,6,wpa2,2025-10-11T23:00:00.000Z,2025-10-11T17:00:00.000Z,Surrey,British Columbia,CA,89A Avenue,V3W 3L5
5C:93:A2:06:8B:A7,PS4-9AAC8E9EC7BE,29.59638596,-95.10687256,5C:93:A2,1,wpa2,2026-06-16T18:00:00.000Z,2026-08-29T19:00:00.000Z,Houston,TX,US,Middlebrook Drive,77059
5C:93:A2:06:8B:A9,PS4-CBE7B9FDDFBD,-35.42619705,149.11282349,5C:93:A2,1,wpa2,2025-08-06T07:00:00.000Z,2025-08-06T00:00:00.000Z,,Richardson,AU,Clift Crescent,2905
5C:93:A2:06:9F:6F,PS4-021EC5B542CE,47.43280029,7.71360016,5C:93:A2,6,wpa2,2025-09-12T16:00:00.000Z,2025-09-12T09:00:00.000Z,,Basel-Landschaft,CH,Hauptstrasse,4417
5C:93:A2:06:A2:99,PS4-907A39E8F6C3,51.06075668,-114.0133667,5C:93:A2,6,wpa2,2023-03-01T06:00:00.000Z,2026-05-26T08:00:00.000Z,Calgary,Alberta,CA,19 Street NE,T2E 4X7
5C:93:A2:06:A9:37,PS4-DC0A6F98A538,-26.1327095,28.11086273,5C:93:A2,1,wpa2,2026-02-26T14:00:00.000Z,2026-02-27T00:00:00.000Z,Johannesburg,Gauteng,ZA,Swemmen Road,2001
5C:93:A2:06:AA:4D,PS4-6317341DCE0C,-25.85903931,28.17965698,5C:93:A2,10,wpa2,2026-03-28T09:00:00.000Z,2026-03-28T03:00:00.000Z,,Gauteng,ZA,Hendrik Verwoerd Drive,0157
5C:93:A2:06:B0:79,PS4-5BF8425EA1D9,47.47598267,19.04225731,5C:93:A2,11,wpa2,2025-05-04T08:00:00.000Z,2026-06-21T06:00:00.000Z,Budapest,Budapest,HU,Bartók Béla út,1114
5C:93:A2:06:C3:BF,PS4-A4F029CDF447,39.82725143,-76.89657593,5C:93:A2,1,wpa2,2023-11-19T19:00:00.000Z,2025-07-25T10:00:00.000Z,Heidelberg Township,PA,US,Porters Road,17362-7507
5C:93:A2:06:CC:07,PS4-7A7E2DB9E82B,48.17419052,16.37303543,5C:93:A2,8,wpa2,2025-12-29T21:00:00.000Z,2025-12-29T13:00:00.000Z,Wien,Favoriten,AT,Laxenburger Straße,1100
5C:93:A2:06:CC:1D,PS4-448BA017CA71,-37.82448578,145.24163818,5C:93:A2,6,wpa2,2025-07-23T10:00:00.000Z,2026-05-22T00:00:00.000Z,Melbourne,Victoria,AU,Heathmont Road,3135
5C:93:A2:06:E0:E3,PS4-7E956BB122E4,48.45098877,-123.36263275,5C:93:A2,6,wpa2,2021-11-16T20:00:00.000Z,2025-05-11T11:00:00.000Z,,British Columbia,CA,Glasgow Avenue,V8X 1G4
5C:93:A2:06:E9:99,PS4-1B265F785725,29.45111275,-98.50443268,5C:93:A2,1,wpa2,2023-05-04T19:00:00.000Z,2025-02-16T12:00:00.000Z,San Antonio,TX,US,Ripley Avenue,78212
5C:93:A2:06:EB:DF,PS4-0FA0C5FFE10E,53.52550125,-113.45751953,5C:93:A2,6,wpa2,2025-05-20T20:00:00.000Z,2025-05-20T18:00:00.000Z,Edmonton,Alberta,CA,85 Street NW,T6C 1N8
5C:93:A2:06:EC:13,PS4-B545537C0B3A,45.41995239,-73.64871979,5C:93:A2,6,wpa2,2026-05-11T16:00:00.000Z,2026-05-11T16:00:00.000Z,Montréal,Québec,CA,Avenue Orchard,H8R 1Z8
5C:93:A2:06:FB:01,PS4-AC98FBEE09D3,38.40922546,-96.17882538,5C:93:A2,3,wpa2,2025-11-07T15:00:00.000Z,2025-11-07T15:00:00.000Z,Emporia,KS,US,Mechanic Street,66801
5C:93:A2:07:02:27,PS4-42F8F0852A9B,54.32825851,10.18719482,5C:93:A2,6,wpa2,2025-07-26T13:00:00.000Z,2025-07-26T07:00:00.000Z,Kiel,Schleswig-Holstein,DE,An der Holsatiamühle,24149
5C:93:A2:07:09:BF,PS4-68BA4285FAE1,53.33898544,9.85896969,5C:93:A2,11,wpa2,2026-05-26T13:00:00.000Z,2026-05-26T07:00:00.000Z,,Niedersachsen,DE,Steinbecker Straße,21244
5C:93:A2:07:0A:EB,PS4-8707A1992599,51.78764725,19.43824005,5C:93:A2,9,wpa2,2016-04-17T18:00:00.000Z,2026-08-04T04:00:00.000Z,,województwo łódzkie,PL,Wrześnieńska,91-042
5C:93:A2:07:16:75,PS4-1A6F2B941997,39.70050812,-104.79968262,5C:93:A2,1,wpa2,2025-04-13T20:00:00.000Z,2025-05-13T22:00:00.000Z,Aurora,CO,US,East Kentucky Avenue,80017
5C:93:A2:07:25:99,PS4-AC0EBB4E6B76,41.50792313,-93.61444092,5C:93:A2,6,wpa2,2025-11-28T20:00:00.000Z,2025-11-28T18:00:00.000Z,Des Moines,IA,US,Palomino Parkway,50320
5C:93:A2:07:2D:C7,PS4-E0DA189BED43,36.27607346,-115.30371094,5C:93:A2,1,wpa2,2016-06-29T09:00:00.000Z,2026-02-28T00:00:00.000Z,Las Vegas,NV,US,North Park Street,89149
5C:93:A2:07:35:25,PS4-CFB45AE1E202,47.26321793,11.41069508,5C:93:A2,12,wpa2,2025-12-29T14:00:00.000Z,2025-12-29T06:00:00.000Z,Innsbruck,Tirol,AT,Pradler Straße,6020
5C:93:A2:07:38:E7,PS4-022B112BFDEE,41.71772385,-87.77984619,5C:93:A2,6,wpa2,2016-05-04T16:00:00.000Z,2026-07-01T12:00:00.000Z,,IL,US,South Ridgeland Avenue,60463
5C:93:A2:07:3F:11,PS4-E18B09261FC8,43.66482925,-79.32307434,5C:93:A2,1,wpa2,2025-06-18T22:00:00.000Z,2025-07-01T13:00:00.000Z,Old Toronto,Ontario,CA,Queen Street East,M4L 1E2
5C:93:A2:07:46:BF,PS4-A8B9FEDC25C7,40.75112152,-74.03863525,5C:93:A2,6,none,2023-12-28T22:00:00.000Z,2024-12-06T22:00:00.000Z,,NJ,US,South Wing Viaduct,07030
5C:93:A2:07:47:2D,PS4-200A5297A7F0,43.32154465,-79.80218506,5C:93:A2,1,wpa2,2025-07-28T23:00:00.000Z,2025-07-28T17:00:00.000Z,Burlington,Ontario,CA,Elgin Street,L7S 1L8
5C:93:A2:07:47:D7,PS4-824D061FDB5B,45.32780075,-73.26503754,5C:93:A2,6,wpa2,2026-01-05T03:00:00.000Z,2026-01-04T19:00:00.000Z,Saint-Jean-sur-Richelieu,Québec,CA,Rue Content,J3B 8J3
5C:93:A2:07:52:69,PS4-85C82C4A8F37,33.60601807,-111.8653717,5C:93:A2,2,wpa2,2016-03-01T11:00:00.000Z,2025-03-08T22:00:00.000Z,Scottsdale,AZ,US,North 100th Street,85260
5C:93:A2:07:68:77,PS4-F1E26D04D94E,47.09386444,-122.30605316,5C:93:A2,11,wpa2,2024-09-30T02:00:00.000Z,2024-09-30T09:00:00.000Z,,WA,US,178th Stct East,98375
5C:93:A2:07:6A:55,,35.1501503,-90.37168121,5C:93:A2,6,unknown,2026-05-30T19:00:00.000Z,2026-06-03T20:00:00.000Z,,AR,US,I 40,
5C:93:A2:07:6E:89,PS4-EB5A21D92E6A,52.1004715,7.67673397,5C:93:A2,1,wpa2,2025-03-21T20:00:00.000Z,2025-03-23T09:00:00.000Z,,Nordrhein-Westfalen,DE,A 1,48268
5C:93:A2:07:73:AF,PS4-DAD4E11CC934,48.37992859,-71.20632172,5C:93:A2,3,wpa2,2024-11-19T14:00:00.000Z,2025-07-13T07:00:00.000Z,Saguenay,Québec,CA,Chemin Saint-Damien,G7X 0M4
5C:93:A2:07:74:ED,PS4-0C017B8A3D27,-30.02925491,-51.21948624,5C:93:A2,6,wpa2,2024-09-16T22:00:00.000Z,2024-11-08T15:00:00.000Z,Porto Alegre,Rio Grande do Sul,BR,Elevada da Conceição,90035-070
5C:93:A2:07:81:4D,PS4-9CC7400DA621,45.12861252,-93.04688263,5C:93:A2,1,wpa2,2019-05-10T21:00:00.000Z,2026-09-03T03:00:00.000Z,Lino Lakes,MN,US,I 35E,55038
5C:93:A2:07:88:35,PS4-89D00868F929,48.04317856,-1.55387843,5C:93:A2,6,wpa2,2026-04-15T14:00:00.000Z,2026-04-28T14:00:00.000Z,,Bretagne,FR,Rue Michel Colucci,35410
5C:93:A2:07:8B:A5,PS4-891104FB1056,32.73131561,-97.46929932,5C:93:A2,11,wpa2,2019-03-04T17:00:00.000Z,2026-07-29T21:00:00.000Z,Fort Worth,TX,US,North Normandale Street,76116
5C:93:A2:07:AE:25,PS4-2E6FF3279781,33.86915588,-118.34384918,5C:93:A2,6,wpa2,2019-04-21T20:00:00.000Z,2025-03-08T18:00:00.000Z,Torrance,CA,US,Prairie Avenue,90504
5C:93:A2:07:B4:71,PS4-552901A3D02A,33.97198868,-81.14334106,5C:93:A2,1,wpa2,2026-07-25T16:00:00.000Z,2026-09-05T15:00:00.000Z,,SC,US,Augusta Road,20973
5C:93:A2:07:BC:D5,PS4-E4E358A52317,34.58043671,-82.60207367,5C:93:A2,6,wpa2,2026-08-28T14:00:00.000Z,2026-08-28T08:00:00.000Z,,SC,US,Bree Drive,
5C:93:A2:07:CF:D7,,39.41382599,-81.43904114,5C:93:A2,10,none,2026-08-01T19:00:00.000Z,2026-08-01T17:00:00.000Z,,OH,US,Pike Street,45750
5C:93:A2:07:D5:CF,PS4-2431CFB242FE,29.63987923,-82.39762115,5C:93:A2,7,none,2017-10-07T18:00:00.000Z,2026-08-25T13:00:00.000Z,Gainesville,FL,US,Southwest 20th Avenue,32607
5C:93:A2:07:DB:4B,PS4-892A44AE9A12,49.47504044,8.48141575,5C:93:A2,11,wpa2,2025-11-15T15:00:00.000Z,2025-11-15T14:00:00.000Z,Mannheim,Baden-Württemberg,DE,Schwetzinger Straße,68165
5C:93:A2:07:E1:7B,,49.63886261,8.62917614,5C:93:A2,1,wpa2,2025-12-13T01:00:00.000Z,2025-12-14T06:00:00.000Z,,Hessen,DE,Mozartstraße,64646
5C:93:A2:08:21:9B,PS4-CFC82D3E8632,47.20999146,-1.5716722,5C:93:A2,6,wpa2,2026-04-02T07:00:00.000Z,2026-08-07T03:00:00.000Z,Nantes,Pays de la Loire,FR,Boulevard de Launay,44100
5C:93:A2:08:26:33,PS4-59741466E207,38.93138885,-77.03330231,5C:93:A2,10,wpa2,2026-05-10T02:00:00.000Z,2026-05-09T21:00:00.000Z,Washington,DC,US,Monroe Street Northwest,20010
5C:93:A2:08:27:71,PS4-4406532A0437,47.01533508,8.17317581,5C:93:A2,11,wpa2,2024-12-15T18:00:00.000Z,2024-12-15T10:00:00.000Z,,Luzern,CH,Dorfstrasse,6103
5C:93:A2:08:2D:1F,PS4-9C62EA1BF24A,53.55045319,-113.49365997,5C:93:A2,1,wpa2,2026-04-09T20:00:00.000Z,2026-05-08T04:00:00.000Z,Edmonton,Alberta,CA,101 Street NW,T5H 4L4
5C:93:A2:08:2F:D1,,40.66584015,-73.57804108,5C:93:A2,7,unknown,2025-07-28T00:00:00.000Z,2025-07-27T18:00:00.000Z,,NY,US,Rutland Road,11520
5C:93:A2:08:35:41,PS4-9CD60B88476B,50.32184601,19.19433784,5C:93:A2,6,wpa2,2023-10-14T16:00:00.000Z,2025-04-22T16:00:00.000Z,Dąbrowa Górnicza,województwo śląskie,PL,Królowej Jadwigi,41-300
5C:93:A2:08:3A:11,PS4-B621E246D292,49.00899124,8.41579342,5C:93:A2,1,wpa2,2026-02-23T19:00:00.000Z,2026-02-23T14:00:00.000Z,Karlsruhe,Baden-Württemberg,DE,Kaiserstraße,76131
5C:93:A2:08:3A:31,PS4-438B2B02BDD2,50.82309341,15.53154278,5C:93:A2,6,wpa2,2024-12-12T19:00:00.000Z,2024-12-12T12:00:00.000Z,,województwo dolnośląskie,PL,1 Maja,58-580
5C:93:A2:08:47:2F,PS4-3BFDDEFBFE63,50.04309082,15.82456017,5C:93:A2,6,wpa2,2025-11-22T15:00:00.000Z,2025-11-22T09:00:00.000Z,Spojil,Severovýchod,CZ,K Hájovně,53002
5C:93:A2:08:48:F3,PS4-DC47E631CF8A,49.12585449,-122.8010788,5C:93:A2,1,wpa2,2022-06-20T07:00:00.000Z,2024-09-30T11:00:00.000Z,Surrey,British Columbia,CA,152 Street,V3S 3C3
5C:93:A2:08:4F:45,PS4-79E53518BF7E,39.45743561,-77.30569458,5C:93:A2,1,wpa2,2024-10-27T20:00:00.000Z,2024-11-29T15:00:00.000Z,,MD,US,Liberty Road,21701
5C:93:A2:08:50:93,PS4-09F6EC99DACF,-27.79703522,153.12115479,5C:93:A2,6,wpa2,2025-02-09T07:00:00.000Z,2025-02-24T23:00:00.000Z,Logan City,Queensland,AU,Rosewood Circuit,
5C:93:A2:08:5A:97,PS4-F530F996C1A8,43.31085968,-86.26928711,5C:93:A2,6,wpa2,2026-05-09T21:00:00.000Z,2026-05-09T15:00:00.000Z,,MI,US,West McMillan Road,49445
5C:93:A2:08:61:21,PS4-1CB8FBACAAC0,55.67490768,12.59309673,5C:93:A2,11,wpa2,2015-05-06T14:00:00.000Z,2024-11-22T18:00:00.000Z,København,Region Hovedstaden,DK,Wildersgade,1408
5C:93:A2:08:64:E3,PS4-5F7121CB2D99,32.69883728,-97.00747681,5C:93:A2,7,wpa2,2018-09-29T07:00:00.000Z,2025-10-10T16:00:00.000Z,Grand Prairie,TX,US,Stonehenge Drive,75051
5C:93:A2:08:73:69,PS4-83ECFFFDF603,31.59416199,-97.09445953,5C:93:A2,5,wpa2,2024-11-16T11:00:00.000Z,2024-11-16T05:00:00.000Z,,TX,US,Ida Street,76705
5C:93:A2:08:74:8F,PS4-D1949D1B94A2,34.03087616,-118.4307785,5C:93:A2,6,wpa2,2025-12-02T04:00:00.000Z,2025-12-01T20:00:00.000Z,Los Angeles,CA,US,Sepulveda Boulevard,90064-1508
5C:93:A2:08:7B:ED,PS4-4CFC0D207D58,44.53199005,-88.06518555,5C:93:A2,1,wpa2,2022-10-02T20:00:00.000Z,2025-11-10T15:00:00.000Z,Green Bay,WI,US,Shawano Avenue,54303
5C:93:A2:08:7D:1F,PS4-CC408A07505B,49.13646317,-122.33827972,5C:93:A2,6,wpa2,2025-12-07T22:00:00.000Z,2025-12-07T16:00:00.000Z,,British Columbia,CA,Wren Street,V2V 1A3
5C:93:A2:08:8C:53,PS4-D7C96FBC0DEC,43.65630722,-79.37850189,5C:93:A2,1,wpa2,2016-02-27T03:00:00.000Z,2024-12-15T19:00:00.000Z,Old Toronto,Ontario,CA,Dundas Street East,M5B 1C6
5C:93:A2:08:8F:D3,PS4-837126A988DD,40.65650177,-73.92987823,5C:93:A2,6,wep,2023-02-09T17:00:00.000Z,2025-09-30T02:00:00.000Z,City of New York,NY,US,East 51st Street,11203
5C:93:A2:08:8F:F9,PS4-637DD0D1E115,45.02292633,-93.17717743,5C:93:A2,6,wpa2,2022-07-17T22:00:00.000Z,2025-03-13T15:00:00.000Z,,MN,US,Fairview Avenue North,55113
5C:93:A2:08:97:7B,PS4-5F607C222D46,49.95576477,8.31218529,5C:93:A2,1,wpa2,2026-06-26T15:00:00.000Z,2026-06-26T13:00:00.000Z,Mainz,Rheinland-Pfalz,DE,Parkstraße,55130
5C:93:A2:08:98:C5,PS4-4F7EA396FBA6,48.11198425,11.54621696,5C:93:A2,6,wpa2,2015-05-23T16:00:00.000Z,2024-12-30T13:00:00.000Z,München,Bayern,DE,Brudermühltunnel,81371
5C:93:A2:08:99:47,PS4-2D06FFA85EDB,46.31571579,9.39835262,5C:93:A2,11,wpa2,2019-06-23T14:00:00.000Z,2026-08-01T12:00:00.000Z,,Lombardia,IT,Strada di Tanno,23020
5C:93:A2:08:B9:61,PS4-AD8C69801D18,51.06889343,13.0283699,5C:93:A2,6,wpa2,2025-06-14T07:00:00.000Z,2025-06-15T08:00:00.000Z,,Sachsen,DE,Turmstraße,04736
5C:93:A2:08:B9:7D,PS4-D07E78A8C9FF,32.95248795,-117.07136536,5C:93:A2,6,wpa2,2025-01-04T17:00:00.000Z,2025-01-04T10:00:00.000Z,Poway,CA,US,Dorathea Terrace,92064
5C:93:A2:08:C2:73,PS4-7D6D158FF779,49.88412857,20.45110893,5C:93:A2,6,wpa2,2026-07-12T16:00:00.000Z,2026-07-12T11:00:00.000Z,,województwo małopolskie,PL,Limanowska,32-722
5C:93:A2:08:C3:55,PS4-00FC80B2931A,39.39422607,-74.52153015,5C:93:A2,6,wpa2,2024-12-15T18:00:00.000Z,2024-12-15T10:00:00.000Z,,NJ,US,Linden Avenue,08232
5C:93:A2:08:C6:43,PS4-2481CDA2087D,52.16406631,20.8046608,5C:93:A2,1,wpa2,2025-05-27T18:00:00.000Z,2025-06-13T09:00:00.000Z,,województwo mazowieckie,PL,Aleja Wojska Polskiego,05-800
5C:93:A2:08:D2:BF,PS4-2C922CBB42CA,33.9830513,-84.46296692,5C:93:A2,6,wpa2,2026-05-12T13:00:00.000Z,2026-05-12T19:00:00.000Z,,GA,US,Sewell Mill Road,30062
5C:93:A2:08:D3:29,,45.57471848,-73.60988617,5C:93:A2,0,unknown,2025-01-10T17:00:00.000Z,2025-02-13T14:00:00.000Z,Montréal,Québec,CA,Boulevard Pie-IX,H1Z 3Z8
5C:93:A2:08:DB:6F,PS4-7E6AE6864BB8,49.45683289,11.09947777,5C:93:A2,6,wpa2,2026-06-20T13:00:00.000Z,2026-06-20T14:00:00.000Z,Nürnberg,Bayern,DE,Georg-Strobel-Straße,90489
5C:93:A2:08:DE:A3,,41.59534073,-81.48940277,5C:93:A2,6,unknown,2024-10-19T18:00:00.000Z,2024-10-19T12:00:00.000Z,Euclid,OH,US,Euclid Avenue,44132
5C:93:A2:08:E8:71,PS4-DC0A41A62DF2,32.25264359,-90.24099731,5C:93:A2,10,wpa2,2025-04-09T01:00:00.000Z,2025-04-10T19:00:00.000Z,Jackson,MS,US,Heatherwood Drive,39212
5C:93:A2:09:08:71,PS4-21DDF7F4863B,53.22270966,6.00140619,5C:93:A2,6,wpa2,2021-02-03T13:00:00.000Z,2026-06-16T08:00:00.000Z,,Fryslân,NL,Hanegraaffweg,9257VV
5C:93:A2:09:09:B7,PS4-84E86C29640D,42.79670334,-73.89324951,5C:93:A2,6,wpa2,2023-10-29T20:00:00.000Z,2024-11-12T20:00:00.000Z,,NY,US,Balltown Road,12308:12309
5C:93:A2:09:1C:55,PS4-D1AAC73F8BF7,52.11749649,-106.57529449,5C:93:A2,6,wpa2,2016-12-25T19:00:00.000Z,2025-06-23T20:00:00.000Z,Saskatoon,Saskatchewan,CA,Boychuk Drive,S7H 4W9
5C:93:A2:09:1C:8B,PS4-38B362BFB6A9,54.30935669,10.14927864,5C:93:A2,9,wpa2,2024-12-19T20:00:00.000Z,2025-07-27T03:00:00.000Z,Kiel,Schleswig-Holstein,DE,Helmholtzstraße,24143
5C:93:A2:09:1D:01,PS4-C9AE30617C91,50.0493927,8.23920441,5C:93:A2,2,wpa2,2024-12-22T11:00:00.000Z,2024-12-22T06:00:00.000Z,Wiesbaden,Hessen,DE,Brunnengasse,65203
5C:93:A2:09:1D:1B,PS4-676A1CF22496,-15.75086117,-47.88536835,5C:93:A2,1,wpa2,2024-04-02T17:00:00.000Z,2024-09-07T15:00:00.000Z,Brasília,Distrito Federal,BR,SQN 212,70863-520
5C:93:A2:09:30:9F,,47.73537064,12.88025284,5C:93:A2,11,none,2026-08-20T17:00:00.000Z,2026-08-20T14:00:00.000Z,,Bayern,DE,Loferer Straße,83435
5C:93:A2:09:34:05,PS4-E1F24872D261,30.29905891,-97.70041656,5C:93:A2,6,wpa2,2024-12-29T19:00:00.000Z,2024-12-29T22:00:00.000Z,Austin,TX,US,Berkman Drive,78723
5C:93:A2:09:38:7B,PS4-359C2D8E4182,52.30369949,9.81465912,5C:93:A2,11,wpa2,2025-05-30T15:00:00.000Z,2025-06-29T07:00:00.000Z,,Niedersachsen,DE,Erich-Panitz-Straße,30880
5C:93:A2:09:39:8D,PS4-EFE48C4A1383,45.53586578,-73.92564392,5C:93:A2,1,wpa2,2025-03-28T18:00:00.000Z,2025-04-03T15:00:00.000Z,,Québec,CA,Rue Mychline,J0N1P0
5C:93:A2:09:3A:EF,PS4-41F9EA4E3CFD,28.26838112,-82.72661591,5C:93:A2,5,wpa2,2019-04-26T02:00:00.000Z,2025-03-08T21:00:00.000Z,,FL,US,US Highway 19,34652:34655
5C:93:A2:09:42:C7,PS4-BC146D2B2EAB,45.48891068,-92.94886017,5C:93:A2,11,wpa2,2026-06-09T19:00:00.000Z,2026-06-09T13:00:00.000Z,,MN,US,Heritage Way,55056
5C:93:A2:09:6A:53,PS4-5988F346F6B1,39.29587555,-76.57613373,5C:93:A2,1,wpa2,2024-06-26T15:00:00.000Z,2025-05-18T16:00:00.000Z,Baltimore,MD,US,Orleans Street,21224-1437
5C:93:A2:09:85:31,,27.79162407,-82.72408295,5C:93:A2,5,unknown,2025-11-27T01:00:00.000Z,2025-11-28T03:00:00.000Z,Saint Petersburg,FL,US,22nd Avenue North,33710
5C:93:A2:09:93:AB,PS4-ECE5D8A32ED7,39.74032593,-104.72828674,5C:93:A2,6,wpa2,2024-11-27T21:00:00.000Z,2024-11-30T20:00:00.000Z,,CO,US,I 70,80019
5C:93:A2:09:AB:39,PS4-2B71D506FEAF,41.51290131,-72.08281708,5C:93:A2,11,wpa2,2015-03-20T20:00:00.000Z,2026-07-02T13:00:00.000Z,Norwich,CT,US,West Thames Street,06360
5C:93:A2:09:AC:F1,PS4-F8B3BB3EF650,38.01259995,-84.41275787,5C:93:A2,6,wpa2,2025-03-18T21:00:00.000Z,2025-03-18T17:00:00.000Z,Lexington,KY,US,Brighton East Rail Trail,40509-2429
5C:93:A2:09:BB:A3,PS4-43D6F3692BEB,38.13312912,13.18918705,5C:93:A2,13,wpa2,2026-06-01T15:00:00.000Z,2026-06-03T13:00:00.000Z,Carini,Sicilia,IT,Via Giannella,90044
5C:93:A2:09:C7:2B,PS4-5DC5686AC208,33.61500549,-112.12513733,5C:93:A2,1,wpa2,2016-12-24T09:00:00.000Z,2025-03-08T22:00:00.000Z,Phoenix,AZ,US,North 31st Avenue,85023-4221
5C:93:A2:09:CF:C7,PS4-7F7E2E8B8C8E,42.31171417,-82.90720367,5C:93:A2,5,wpa2,2026-01-08T20:00:00.000Z,2026-01-08T12:00:00.000Z,Windsor,Ontario,CA,Atwater Crescent,N8R 1A8
5C:93:A2:09:D9:4F,PS4-92D5E9C89367,52.57446671,13.31447411,5C:93:A2,6,wpa2,2024-10-28T13:00:00.000Z,2024-10-28T06:00:00.000Z,Berlin,Reinickendorf,DE,Eichborndamm,13403
5C:93:A2:09:DA:BF,PS4-32F25AEBAD5F,33.39596558,-81.39466095,5C:93:A2,1,wpa2,2026-08-15T01:00:00.000Z,2026-08-14T21:00:00.000Z,,SC,US,Willis Pond Road,29853
5C:93:A2:09:E1:1D,PS4-0976B512E6FB,33.46533585,-111.99996948,5C:93:A2,1,wpa2,2017-01-31T23:00:00.000Z,2025-03-09T00:00:00.000Z,Phoenix,AZ,US,North 38th Street,85008
5C:93:A2:09:F7:F9,PS4-883AEFDA7E2B,53.48719788,-2.08082843,5C:93:A2,11,wpa2,2023-09-23T15:00:00.000Z,2026-08-12T02:00:00.000Z,Tameside,England,GB,Stamford Street,OL6 6NX
5C:93:A2:0A:1A:37,PS4-9D1F9F826FB1,45.11990356,-72.98730469,5C:93:A2,1,wpa2,2025-09-27T17:00:00.000Z,2025-10-24T12:00:00.000Z,,Québec,CA,Rue de la Rivière,J0J 1A0
5C:93:A2:0A:1C:1D,PS4-2DBE073F4715,38.97365189,-94.72549438,5C:93:A2,11,wpa2,2026-08-18T21:00:00.000Z,2026-08-19T05:00:00.000Z,Lenexa,KS,US,Monrovia Street,66215
5C:93:A2:0A:29:3D,,44.93161774,-93.09747314,5C:93:A2,1,wpa2,2026-07-19T11:00:00.000Z,2026-07-19T21:00:00.000Z,Saint Paul,MN,US,Ohio Street,55107
5C:93:A2:0A:3C:2F,PS4-2102AAF85763,51.28304291,-114.02516174,5C:93:A2,6,wpa2,2025-12-13T06:00:00.000Z,2025-12-12T22:00:00.000Z,Airdrie,Alberta,CA,8 Street SW,T4B 4L3
5C:93:A2:0A:3F:8B,PS4-B4C21BD70232,44.80458832,-0.79345435,5C:93:A2,11,wpa2,2024-02-09T21:00:00.000Z,2025-04-08T13:00:00.000Z,,Nouvelle-Aquitaine,FR,Impasse des Mouettes,33127
5C:93:A2:0A:43:77,PS4-C759584917E7,40.37533188,-79.99077606,5C:93:A2,6,wpa2,2024-09-15T21:00:00.000Z,2024-09-15T17:00:00.000Z,,PA,US,Bel Air Drive,15227
5C:93:A2:0A:5C:B9,PS4-F49C5DE274F1,49.24152756,-122.86222839,5C:93:A2,11,wpa2,2022-03-04T13:00:00.000Z,2026-06-02T11:00:00.000Z,Coquitlam,British Columbia,CA,Marmont Street,V3K 1E0
5C:93:A2:0A:6C:B1,PS4-4FF817FAB602,36.2313652,-115.24916077,5C:93:A2,11,wpa2,2024-10-11T13:00:00.000Z,2024-10-11T12:00:00.000Z,Las Vegas,NV,US,Dalecrest Drive,89129-6239
5C:93:A2:0A:72:F1,PS4-B5F000F021E7,46.83673859,-92.21522522,5C:93:A2,6,wpa2,2024-11-07T18:00:00.000Z,2024-11-07T14:00:00.000Z,,MN,US,Miller Trunk Highway,55811
5C:93:A2:0A:7A:F3,PS4-C685E036C0F9,53.64699936,-113.46169281,5C:93:A2,6,wpa2,2024-11-03T05:00:00.000Z,2026-07-27T00:00:00.000Z,Edmonton,Alberta,CA,Anthony Henday Drive NW,T5Y 3V9
5C:93:A2:0A:83:A7,PS4-8D16A2201EF4,39.50227737,-119.85468292,5C:93:A2,1,wpa2,2025-09-22T02:00:00.000Z,2026-06-19T13:00:00.000Z,Reno,NV,US,West Plumb Lane,89509
5C:93:A2:0A:8B:55,PS4-61EC40E32605,34.10422897,-118.05134583,5C:93:A2,1,wpa2,2018-07-01T13:00:00.000Z,2025-03-09T00:00:00.000Z,Arcadia,CA,US,West Live Oak Avenue,91780
5C:93:A2:0A:98:7B,PS4-6C440E1D4E72,-25.69851875,28.23180962,5C:93:A2,9,wpa2,2026-01-29T06:00:00.000Z,2026-01-28T23:00:00.000Z,Pretoria,Gauteng,ZA,28th Avenue,0135
5C:93:A2:0A:AA:BD,PS4-3B2D3788209B,48.99784851,8.35407734,5C:93:A2,6,wpa2,2025-08-16T18:00:00.000Z,2025-08-16T12:00:00.000Z,Karlsruhe,Baden-Württemberg,DE,Pulverhausstraße,76189
5C:93:A2:0A:BC:81,PS4-5A9297863EF9,34.16093063,-99.29100037,5C:93:A2,4,wpa2,2026-07-02T19:00:00.000Z,2026-07-02T16:00:00.000Z,,TX,US,US 70;US 287,76384
5C:93:A2:0A:C9:FB,PS4-2F255BC63F4D,42.24282455,-71.8507843,5C:93:A2,2,wpa2,2019-02-04T17:00:00.000Z,2025-03-08T21:00:00.000Z,Worcester,MA,US,Crest Circle,01603
5C:93:A2:0A:CA:59,PS4-EECB8AD3C031,32.35020065,-111.10383606,5C:93:A2,8,wpa2,2021-02-08T12:00:00.000Z,2024-11-06T04:00:00.000Z,,AZ,US,North Silverbell Road,85652
5C:93:A2:0A:D4:F3,PS4-6EB2ED3E84A6,50.61131287,8.06695366,5C:93:A2,6,wpa2,2026-07-24T14:00:00.000Z,2026-07-24T08:00:00.000Z,,Rheinland-Pfalz,DE,Hauptstraße,56477
5C:93:A2:0A:DA:E7,PS4-BC1D7A5F87CE,41.74200058,-87.57506561,5C:93:A2,6,wpa2,2016-05-09T16:00:00.000Z,2025-03-09T07:00:00.000Z,Chicago,IL,US,Chicago Skyway,60617
5C:93:A2:0A:DC:97,PS4-7DD491FEF31B,39.89606094,-104.84873199,5C:93:A2,11,wpa2,2025-07-10T01:00:00.000Z,2025-07-09T18:00:00.000Z,,CO,US,I 76,80640
5C:93:A2:0A:E1:43,PS4-97F51DE0B3AF,41.43850708,-81.70531464,5C:93:A2,10,wpa2,2026-06-11T20:00:00.000Z,2026-06-14T08:00:00.000Z,Cleveland,OH,US,Altoona Road,44109
5C:93:A2:0A:EA:7F,PS4-B92F02C4D683,53.28032684,-9.01422405,5C:93:A2,11,wpa2,2004-01-13T16:00:00.000Z,2024-10-29T11:00:00.000Z,Cathair na Gaillimhe,Connacht,IE,Saint James Crescent,H91 F62K
5C:93:A2:0A:EE:6D,PS4-738027ED33E8,49.26348877,-123.09447479,5C:93:A2,6,wpa2,2020-03-01T12:00:00.000Z,2025-10-14T19:00:00.000Z,Vancouver,British Columbia,CA,East 8th Avenue,V5T
5C:93:A2:0A:F6:A3,PS4-E4B5C7890FB9,42.25737381,-84.43790436,5C:93:A2,11,wpa2,2021-12-18T14:00:00.000Z,2025-10-17T17:00:00.000Z,,MI,US,Lowell Avenue,49202
5C:93:A2:0A:F8:E7,PS4-139EC0DF9365,42.28606033,-82.99661255,5C:93:A2,11,wpa2,2025-11-06T18:00:00.000Z,2025-11-06T14:00:00.000Z,Windsor,Ontario,CA,Reading Street,N8X 3H8
5C:93:A2:0B:03:C9,Villareal,9.93093014,-84.08848572,5C:93:A2,11,unknown,2025-08-02T00:00:00.000Z,2025-08-12T17:00:00.000Z,San José,Provincia San José,CR,Calle Jorge Vargas Gené,10103
5C:93:A2:0B:06:23,PS4-838F4DF59FD3,47.51250458,7.61831617,5C:93:A2,4,wpa2,2025-01-01T16:00:00.000Z,2025-01-01T09:00:00.000Z,,Basel-Landschaft,CH,Känelmattstrasse,4142
5C:93:A2:0B:0F:2F,PS4-A15DC62520C9,52.83393478,-110.86061096,5C:93:A2,6,wpa2,2024-01-04T19:00:00.000Z,2025-06-08T22:00:00.000Z,,Alberta,CA,10 Street,T9W 1C5
5C:93:A2:0B:13:3B,PS4-3BFA60C217EF,44.07853699,-81.00185394,5C:93:A2,1,wpa2,2022-06-02T12:00:00.000Z,2026-07-21T22:00:00.000Z,West Grey,Ontario,CA,David Winkler Parkway,N0G 2M0
5C:93:A2:0B:13:F5,PS4-99E47FBA3586,27.79166603,-82.69998169,5C:93:A2,11,wpa2,2019-04-26T01:00:00.000Z,2025-03-08T20:00:00.000Z,Saint Petersburg,FL,US,49th Street North,33710
5C:93:A2:0B:1F:85,PS4-0AD3E3A61D34,53.50288773,-113.47473145,5C:93:A2,6,wpa2,2018-01-22T17:00:00.000Z,2026-08-16T18:00:00.000Z,Edmonton,Alberta,CA,66 Avenue NW,T6E 0M2
5C:93:A2:0B:23:4D,PS4-792FB6BD9D1E,35.34613419,-80.89938354,5C:93:A2,11,wpa2,2016-07-02T11:00:00.000Z,2026-03-12T05:00:00.000Z,Charlotte,NC,US,Mount Holly-Huntersville Road,28216
5C:93:A2:0B:31:6F,PS4-D607324452C1,28.5438385,-81.36010742,5C:93:A2,1,wpa2,2026-08-12T18:00:00.000Z,2026-09-03T11:00:00.000Z,Orlando,FL,US,Fern Creek Avenue,32803-4806
5C:93:A2:0B:3B:45,PS4-BE1E221C0CAE,33.45866013,-112.08132172,5C:93:A2,6,wpa2,2015-05-16T22:00:00.000Z,2025-03-08T19:00:00.000Z,Phoenix,AZ,US,West Roosevelt Street,85003-1333
5C:93:A2:0B:3D:1D,PS4-14C048ED29BD,38.88004303,-77.36908722,5C:93:A2,1,wpa2,2022-09-05T12:00:00.000Z,2025-02-18T07:00:00.000Z,,VA,US,West Ox Road,22033
5C:93:A2:0B:4F:79,PS4-96A621A7B5E1,33.00750351,-96.70275879,5C:93:A2,1,wpa2,2019-05-11T03:00:00.000Z,2025-12-20T09:00:00.000Z,Plano,TX,US,East Plano Parkway,75074
5C:93:A2:0B:50:4D,PS4-144BAA62CE36,29.40437317,-95.24559021,5C:93:A2,6,wpa2,2026-02-22T18:00:00.000Z,2026-02-22T11:00:00.000Z,,TX,US,Koster Road,77511
5C:93:A2:0B:52:B5,PS4-7E7E5A4B6C7B,43.87740326,-79.4584198,5C:93:A2,11,wpa2,2024-11-23T01:00:00.000Z,2024-11-22T18:00:00.000Z,Richmond Hill,Ontario,CA,Willett Crescent,L4C 4B9
5C:93:A2:0B:54:57,PS4-D5AEBEB4DC08,34.04990768,-118.24280548,5C:93:A2,6,wpa2,2022-04-23T10:00:00.000Z,2026-07-12T23:00:00.000Z,Los Angeles,CA,US,East 2nd Street,90012
5C:93:A2:0B:59:4D,PS4-1AB74C797824,33.89708328,-118.20944977,5C:93:A2,2,wpa2,2025-01-06T21:00:00.000Z,2025-01-07T17:00:00.000Z,,CA,US,North Poinsettia Avenue,90221
5C:93:A2:0B:5B:89,PS4-BA5D3A2F3BE3,33.94916534,-118.27825928,5C:93:A2,6,wpa2,2024-11-30T18:00:00.000Z,2025-01-14T15:00:00.000Z,Los Angeles,CA,US,West Colden Avenue,90044
5C:93:A2:0B:68:BD,PS4-9035C440165F,51.50585938,-0.73308301,5C:93:A2,1,wpa2,2026-01-24T12:00:00.000Z,2026-02-03T01:00:00.000Z,,England,GB,A404(M),SL6 4FJ
5C:93:A2:0B:6E:29,PS4-86FCA666A012,51.05170059,13.7184,5C:93:A2,13,wpa2,2026-01-31T18:00:00.000Z,2026-01-31T14:00:00.000Z,Dresden,Sachsen,DE,Bauhofstraße,01159
5C:93:A2:0B:6E:ED,,31.08680153,-97.65442657,5C:93:A2,7,none,2026-09-02T14:00:00.000Z,2026-09-02T14:00:00.000Z,Harker Heights,TX,US,East Veterans Memorial Boulevard,76548
5C:93:A2:0B:6F:35,PS4-CBCC23922187,28.56387329,-81.2002182,5C:93:A2,6,wpa2,2026-07-30T22:00:00.000Z,2026-07-30T16:00:00.000Z,,FL,US,River Reach Drive,32828
5C:93:A2:0B:77:5B,PS4-244B10089150,40.48630905,-74.49303436,5C:93:A2,11,wpa2,2026-08-16T23:00:00.000Z,2026-08-18T08:00:00.000Z,,NJ,US,Hamilton Street,08873
5C:93:A2:0B:79:D3,PS4-E4689CBEB774,40.65877533,-73.64794922,5C:93:A2,1,wpa2,2025-07-26T18:00:00.000Z,2026-02-04T12:00:00.000Z,,NY,US,North Village Avenue,11570
5C:93:A2:0B:7C:ED,PS4-12376DD13918,45.3658371,-75.63077545,5C:93:A2,3,wpa2,2024-09-18T18:00:00.000Z,2024-09-18T15:00:00.000Z,Ottawa,Ontario,CA,Kimito Private,K1T 3J6
5C:93:A2:0B:84:1F,PS4-824521BFCB3F,32.97043228,-97.15379333,5C:93:A2,6,wpa2,2025-02-27T19:00:00.000Z,2025-03-20T04:00:00.000Z,Southlake,TX,US,West Dove Road,76092
5C:93:A2:0B:89:AB,PS4-A166AB78D205,33.95805359,-118.32374573,5C:93:A2,6,wpa2,2024-11-04T15:00:00.000Z,2024-12-22T17:00:00.000Z,Inglewood,CA,US,West 88th Street,90305
5C:93:A2:0B:98:15,PS4-0348DF1F2DDE,51.16241074,6.94529295,5C:93:A2,6,wpa2,2026-06-04T15:00:00.000Z,2026-06-04T13:00:00.000Z,,Nordrhein-Westfalen,DE,Hegelstraße,40723
5C:93:A2:0B:9E:07,PS4-D6162B63DE6E,47.70053864,-117.36551666,5C:93:A2,6,wpa2,2018-07-07T10:00:00.000Z,2026-07-24T10:00:00.000Z,Spokane,WA,US,East Wellesley Avenue,99217
5C:93:A2:0B:BD:EB,PS4-7DED2B3874B7,37.63780594,-120.98729706,5C:93:A2,11,wpa2,2023-12-19T19:00:00.000Z,2025-02-18T12:00:00.000Z,Modesto,CA,US,Groveland Street,95354
5C:93:A2:0B:BE:D9,PS4-40590C1B7659,-23.50388527,-46.71125031,5C:93:A2,6,wpa2,2026-03-28T00:00:00.000Z,2026-03-27T19:00:00.000Z,São Paulo,São Paulo,BR,Rua Pedro Bonilha,02913-040
5C:93:A2:0B:CB:A7,PS4-EE8FD6BF2D5C,52.13883972,-106.59300995,5C:93:A2,11,wpa2,2026-02-19T16:00:00.000Z,2026-02-19T08:00:00.000Z,Saskatoon,Saskatchewan,CA,Gray Avenue,S7N 3Y5
5C:93:A2:0B:CF:2B,PS4-2DC2623FC93B,44.95510483,-93.08862305,5C:93:A2,1,wpa2,2026-07-10T17:00:00.000Z,2026-07-11T19:00:00.000Z,Saint Paul,MN,US,North Pine Street,55101
5C:93:A2:0B:CF:45,,38.41006851,-85.46022797,5C:93:A2,5,unknown,2024-06-17T22:00:00.000Z,2024-09-16T13:00:00.000Z,,KY,US,Cedar Point Road,40031
5C:93:A2:0B:D4:65,PS4-4890F7AF468D,28.04480743,-82.45121002,5C:93:A2,1,wpa2,2021-08-28T17:00:00.000Z,2025-11-18T14:00:00.000Z,Tampa,FL,US,North Nebraska Avenue,33612
5C:93:A2:0B:D8:27,PS4-D112BB3102D8,42.74557495,-87.83336639,5C:93:A2,6,wpa2,2025-05-16T22:00:00.000Z,2025-05-17T14:00:00.000Z,,WI,US,North Green Bay Road,53405
5C:93:A2:0B:E1:D7,PS4-DDBFDD17A226,44.97292328,-89.63926697,5C:93:A2,6,wpa2,2024-01-30T22:00:00.000Z,2024-09-19T14:00:00.000Z,Wausau,WI,US,North 3rd Avenue,54401
5C:93:A2:0B:E6:69,PS4-C81C4B1F54D2,45.70371246,-122.69945526,5C:93:A2,11,wpa2,2018-09-21T14:00:00.000Z,2026-07-27T00:00:00.000Z,Vancouver,WA,US,Northwest 115th Street,98685
5C:93:A2:0B:F3:BF,PS4-42D85B829C12,40.59998703,-112.47714233,5C:93:A2,1,wpa2,2024-08-20T14:00:00.000Z,2025-04-25T09:00:00.000Z,,UT,US,West Main Street,84029
5C:93:A2:0B:FD:AD,PS4-2598184D78A1,35.51368332,-97.57135773,5C:93:A2,11,wpa2,2026-05-15T16:00:00.000Z,2026-05-15T13:00:00.000Z,Oklahoma City,OK,US,Northwest 41st Street,73112
5C:93:A2:0B:FE:57,PS4-F8A876802E50,42.10549927,-71.63691711,5C:93:A2,1,wpa2,2015-07-31T15:00:00.000Z,2025-08-24T13:00:00.000Z,,MA,US,,01538
5C:93:A2:0C:02:F7,PS4-AE6B5FD72B30,38.85677338,-77.22869873,5C:93:A2,1,wpa2,2025-09-05T15:00:00.000Z,2026-08-31T22:00:00.000Z,,VA,US,Gallows Road,22042
5C:93:A2:0C:04:E7,PS4-518F61BA16C8,29.40299988,-98.72634125,5C:93:A2,11,wpa2,2023-03-12T02:00:00.000Z,2026-07-20T19:00:00.000Z,,TX,US,Grosenbacher Road,78245
5C:93:A2:0C:0C:81,PS4-6624CECF422D,26.17832184,-80.20970154,5C:93:A2,6,wpa2,2025-07-27T06:00:00.000Z,2025-07-27T01:00:00.000Z,Lauderdale Lakes,FL,US,Northwest 43rd Street,33319
5C:93:A2:0C:12:AD,PS4-B1D7FDD5FE9A,48.16204834,-122.11769104,5C:93:A2,2,wpa2,2025-07-01T14:00:00.000Z,2025-07-01T14:00:00.000Z,,WA,US,State Highway 9 Southeast,98223
5C:93:A2:0C:13:69,PS4-86DCAB3E3059,44.45734024,26.1166153,5C:93:A2,11,wpa2,2024-09-24T03:00:00.000Z,2024-09-23T20:00:00.000Z,Municipiul București,Tei,RO,Strada Ispravnicului,023741
5C:93:A2:0C:1D:81,PS4-1D652BE9A84B,43.84371567,-79.30448151,5C:93:A2,6,wpa2,2015-04-07T14:00:00.000Z,2025-03-13T17:00:00.000Z,Markham,Ontario,CA,14th Avenue,L3R 0A7
5C:93:A2:0C:20:61,PS4-7476AC306BDA,51.43015289,6.77835417,5C:93:A2,6,wpa2,2022-05-28T16:00:00.000Z,2025-12-02T11:00:00.000Z,Duisburg,Nordrhein-Westfalen,DE,Neudorfer Straße,47057
5C:93:A2:0C:26:69,PS4-74BE395EE781,10.4986639,-61.40656662,5C:93:A2,7,wpa2,2024-06-13T13:00:00.000Z,2024-10-12T05:00:00.000Z,,Couva-Tabaquite-Talparo,TT,Sir Solomon Hochoy Highway,500125
5C:93:A2:0C:2E:23,PS4-FC486428ECBF,49.31352615,-123.05914307,5C:93:A2,11,wpa2,2023-09-26T21:00:00.000Z,2025-02-22T07:00:00.000Z,North Vancouver,British Columbia,CA,East Keith Road,V7L
5C:93:A2:0C:2F:AD,PS4-8B726123913D,43.77824783,-116.81208038,5C:93:A2,11,wpa2,2026-02-09T21:00:00.000Z,2026-02-09T15:00:00.000Z,,ID,US,Market Road,
5C:93:A2:0C:30:15,PS4-2E4E27D8C9F4,50.84528351,7.97091675,5C:93:A2,6,wpa2,2025-05-26T23:00:00.000Z,2025-10-05T18:00:00.000Z,Siegen,Nordrhein-Westfalen,DE,Siegtalstraße,57080
5C:93:A2:0C:38:EF,PS4-25AF2A4F0D4C,46.2125206,14.22018623,5C:93:A2,6,wpa2,2026-04-22T09:00:00.000Z,2026-04-22T02:00:00.000Z,,Železniki,SI,403,4227
5C:93:A2:0C:3A:BF,PS4-4B97D9E9E2AB,44.1537323,-81.02868652,5C:93:A2,11,wpa2,2026-04-20T03:00:00.000Z,2026-04-19T21:00:00.000Z,,Ontario,CA,12th Street,N4N 1P3
5C:93:A2:0C:44:4F,PS4-4C455E2DE3E2,29.71041298,-95.8401947,5C:93:A2,11,wpa2,2026-02-12T19:00:00.000Z,2026-02-12T12:00:00.000Z,,TX,US,Pine Hills Drive,25826
5C:93:A2:0C:46:2F,PS4-E163A1E51C8C,35.58323288,-105.21759796,5C:93:A2,7,wpa2,2017-07-02T03:00:00.000Z,2025-03-08T19:00:00.000Z,,NM,US,South Grand Avenue,87701
5C:93:A2:0C:49:1D,PS4-4DB2BF595BBA,39.80825424,-86.16428375,5C:93:A2,6,wpa2,2024-07-20T15:00:00.000Z,2026-02-01T16:00:00.000Z,Indianapolis,IN,US,West 29th Street,46208
5C:93:A2:0C:54:AD,PS4-604FA5293A20,41.99716568,-87.81047058,5C:93:A2,9,wpa2,2020-12-04T13:00:00.000Z,2026-07-18T23:00:00.000Z,Chicago,IL,US,North Avondale Avenue,60631
5C:93:A2:0C:56:D5,PS4-7BB88966F79B,30.21006775,-97.81427765,5C:93:A2,1,wpa2,2023-06-20T15:00:00.000Z,2025-01-11T22:00:00.000Z,Austin,TX,US,West Gate Boulevard,78745
5C:93:A2:0C:60:7D,PS4-509444E30C52,37.42139053,-120.7882309,5C:93:A2,1,wep,2024-09-04T02:00:00.000Z,2026-08-12T15:00:00.000Z,,CA,US,Emerson Street,95315
5C:93:A2:0C:6F:5B,PS4-3194EC04B5B7,35.56456375,-97.56000519,5C:93:A2,6,wpa2,2023-12-16T18:00:00.000Z,2025-09-07T13:00:00.000Z,,OK,US,Mahler Place,73120
5C:93:A2:0C:6F:A5,PS4-DEBA08AA1B39,53.54214478,-113.4678421,5C:93:A2,6,wpa2,2025-07-25T01:00:00.000Z,2025-07-24T19:00:00.000Z,Edmonton,Alberta,CA,100 Avenue NW,T5H 4P4
5C:93:A2:0C:79:73,PS4-FA6602862395,36.79449844,-76.10455322,5C:93:A2,6,wpa2,2026-05-03T16:00:00.000Z,2026-05-06T06:00:00.000Z,Virginia Beach,VA,US,Lynnhaven Parkway,23453
5C:93:A2:0C:80:E3,PS4-3163BBC0AF51,43.59681702,-79.52339935,5C:93:A2,11,wpa2,2024-10-20T21:00:00.000Z,2024-10-20T17:00:00.000Z,Toronto,Ontario,CA,Lake Shore Boulevard West,M8W 1N2
5C:93:A2:0C:89:81,PS4-AA047D80A8ED,38.89966965,-75.43968964,5C:93:A2,6,wpa2,2024-02-23T20:00:00.000Z,2024-09-28T22:00:00.000Z,Milford,DE,US,Seabury Avenue,19963
5C:93:A2:0C:94:AF,,40.16094208,-104.93425751,5C:93:A2,6,unknown,2025-10-06T01:00:00.000Z,2025-10-05T19:00:00.000Z,,CO,US,Firestone Boulevard,80504
5C:93:A2:0C:9A:1D,PS4-92807176001A,47.63187027,-122.20058441,5C:93:A2,6,wpa2,2022-09-29T17:00:00.000Z,2026-06-08T16:00:00.000Z,Bellevue,WA,US,Northeast 24th Street,98004
5C:93:A2:0C:A7:BD,PS4-61C7ACE5801A,30.30656624,-81.64805603,5C:93:A2,11,wpa2,2025-04-08T18:00:00.000Z,2025-04-08T23:00:00.000Z,Jacksonville,FL,US,Olevia Street,32207
5C:93:A2:0C:A8:E5,,44.97138596,-123.02545929,5C:93:A2,6,wpa2,2026-06-26T13:00:00.000Z,2026-07-31T18:00:00.000Z,Salem,OR,US,Doctor Martin Luther King Junior Parkway,97303
5C:93:A2:0C:AE:65,InlandGuest,34.09992218,-118.31573486,5C:93:A2,7,unknown,2025-01-18T18:00:00.000Z,2025-02-14T18:00:00.000Z,Los Angeles,CA,US,Hollywood Freeway,90028-5420
5C:93:A2:0C:B0:23,PS4-5A8FF68D2DC1,-16.95431137,145.74671936,5C:93:A2,1,wpa2,2026-08-20T23:00:00.000Z,2026-08-22T21:00:00.000Z,Cairns,Queensland,AU,Bruce Highway,4868
5C:93:A2:0C:B3:B1,,-34.96015549,138.56092834,5C:93:A2,1,none,2026-08-28T11:00:00.000Z,2026-08-27T20:00:00.000Z,Adelaide,South Australia,AU,Anzac Highway,5038
5C:93:A2:0C:B4:05,PS4-553AE4ADB8E0,50.46126175,13.41344357,5C:93:A2,6,wpa2,2024-09-06T15:00:00.000Z,2024-10-21T11:00:00.000Z,Chomutov,Severozápad,CZ,Palackého,43001
5C:93:A2:0C:B8:9F,PS4-1C2D84468DEF,51.95484161,8.90716076,5C:93:A2,11,wpa2,2026-01-14T18:00:00.000Z,2026-01-23T09:00:00.000Z,,Nordrhein-Westfalen,DE,Braker Straße,32758
5C:93:A2:0C:CE:1B,PS4-9833B193C427,41.75239944,-87.94691467,5C:93:A2,1,wpa2,2017-12-22T10:00:00.000Z,2026-01-19T10:00:00.000Z,,IL,US,75th Street,60527
5C:93:A2:0C:CF:99,PS4-ADC47172B4D7,41.66913223,-87.73483276,5C:93:A2,1,wpa2,2025-09-09T19:00:00.000Z,2026-07-08T11:00:00.000Z,,IL,US,West 123rd Street,60803
5C:93:A2:0C:CF:FF,PS4-FE7AE97EB66E,42.38959885,-83.11903381,5C:93:A2,6,wpa2,2025-04-09T23:00:00.000Z,2025-04-20T19:00:00.000Z,Detroit,MI,US,Leslie Street,48238
5C:93:A2:0C:DB:F9,PS4-F963A38AB30E,53.57439423,-113.38640594,5C:93:A2,11,wpa2,2024-05-13T04:00:00.000Z,2025-04-26T08:00:00.000Z,Edmonton,Alberta,CA,Yellowhead Trail NW,T5W 1Z5
5C:93:A2:0C:E4:CB,PS4-CA72D34E370B,31.87747955,-102.31267548,5C:93:A2,11,wpa2,2024-11-16T16:00:00.000Z,2024-11-18T10:00:00.000Z,Odessa,TX,US,Bobwhite Drive,79761
5C:93:A2:0C:F6:25,PS4-6E7C62A77A97,43.66256332,-79.40437317,5C:93:A2,1,wpa2,2025-03-07T20:00:00.000Z,2025-05-16T12:00:00.000Z,Old Toronto,Ontario,CA,Harbord Street,M5S 1G4
5C:93:A2:0C:F8:37,PS4-EADE9317D853,33.26293564,-96.82954407,5C:93:A2,6,wpa2,2026-07-07T23:00:00.000Z,2026-07-07T18:00:00.000Z,Prosper,TX,US,West Frontier Parkway,75078
5C:93:A2:0D:09:0F,PS4-DA76D0AFEAC7,51.62704468,-3.93901467,5C:93:A2,6,wpa2,2026-04-24T15:00:00.000Z,2026-06-04T00:00:00.000Z,Swansea,Cymru / Wales,GB,Elephant Street,SA1 2DN
5C:93:A2:0D:09:D9,PS4-DBCDC6E371C1,45.00741196,-93.03048706,5C:93:A2,1,wpa2,2025-02-28T17:00:00.000Z,2025-02-28T11:00:00.000Z,Maplewood,MN,US,Sandhurst Avenue,55109
5C:93:A2:0D:0B:9D,PS4-D00AE347344A,37.4562149,-122.43296051,5C:93:A2,3,wpa2,2025-08-23T19:00:00.000Z,2026-08-17T12:00:00.000Z,Half Moon Bay,CA,US,Cabrillo Highway South,94019
5C:93:A2:0D:11:F1,PS4-23C985E40DDA,32.23364639,-94.85128784,5C:93:A2,6,wpa2,2023-01-07T15:00:00.000Z,2025-03-18T20:00:00.000Z,,TX,US,US 259,75653
5C:93:A2:0D:17:DD,PS4-DCE23D6FA033,40.46063614,-86.92857361,5C:93:A2,6,wpa2,2019-02-03T22:00:00.000Z,2026-03-03T14:00:00.000Z,West Lafayette,IN,US,Cumberland Avenue,47906
5C:93:A2:0D:19:5F,PS4-7892683335FF,39.08400726,-94.38256073,5C:93:A2,6,wpa2,2025-05-07T17:00:00.000Z,2025-05-07T12:00:00.000Z,Independence,MO,US,Ellison Way,64050
5C:93:A2:0D:1E:2B,PS4-7CF1FFAEFF27,37.34365463,-120.59450531,5C:93:A2,5,wep,2026-07-09T19:00:00.000Z,2026-07-09T15:00:00.000Z,Atwater,CA,US,Branco Avenue,95301
5C:93:A2:0D:20:B9,,27.96796608,-82.72652435,5C:93:A2,4,unknown,2025-05-30T22:00:00.000Z,2025-05-30T21:00:00.000Z,Clearwater,FL,US,Drew Street,33755
5C:93:A2:0D:26:05,PS4-1E6847FD2D57,38.28381348,-112.65050507,5C:93:A2,1,wpa2,2024-11-02T17:00:00.000Z,2025-04-26T21:00:00.000Z,,UT,US,I 15,
5C:93:A2:0D:27:AD,PS4-9257D58110A0,43.63388443,-116.18080902,5C:93:A2,10,wpa2,2024-10-11T22:00:00.000Z,2024-10-11T16:00:00.000Z,Boise,ID,US,North Pleasant Hill Way,83702
5C:93:A2:0D:33:39,PS4-5B134D38BFF9,40.07590103,-82.42849731,5C:93:A2,5,wpa2,2024-07-04T01:00:00.000Z,2024-10-23T18:00:00.000Z,,OH,US,North 21st Street,43055
5C:93:A2:0D:33:F5,PS4-F49A20F85183,41.62028885,-87.73220062,5C:93:A2,6,wpa2,2024-11-07T01:00:00.000Z,2024-12-19T12:00:00.000Z,,IL,US,Kenton Avenue,60452
5C:93:A2:0D:36:89,PS4-9901FE4056AB,36.78236389,-119.7694931,5C:93:A2,6,wpa2,2026-04-10T21:00:00.000Z,2026-04-11T08:00:00.000Z,Fresno,CA,US,East Cortland Avenue,93702
5C:93:A2:0D:3B:2F,PS4-7555C5BC950F,33.99350739,-118.25707245,5C:93:A2,6,wpa2,2024-11-24T16:00:00.000Z,2024-11-24T18:00:00.000Z,Los Angeles,CA,US,East 54th Street,90011
5C:93:A2:0D:3E:B7,PS4-73976174728E,41.5421524,-87.4962616,5C:93:A2,6,wpa2,2016-11-03T00:00:00.000Z,2025-03-09T06:00:00.000Z,,IN,US,Fran Lin Parkway,46321
5C:93:A2:0D:44:DD,PS4-2074E5FC024F,36.17570114,-115.13201141,5C:93:A2,1,wpa2,2026-07-30T18:00:00.000Z,2026-08-04T16:00:00.000Z,Las Vegas,NV,US,East Wilson Avenue,89101
5C:93:A2:0D:4C:1F,PS4-0D8040351999,34.27828217,-118.74649811,5C:93:A2,6,wpa2,2025-09-26T23:00:00.000Z,2025-09-27T22:00:00.000Z,Simi Valley,CA,US,Angela Street,93063-2364
5C:93:A2:0D:4F:29,PS4-FF998C807C52,-43.52705002,172.60620117,5C:93:A2,1,wpa2,2024-12-22T05:00:00.000Z,2025-08-23T20:00:00.000Z,Christchurch,Canterbury,NZ,Kilmarnock Street,8011
5C:93:A2:0D:5D:97,PS4-F3133036B2DF,34.15019608,-118.00585938,5C:93:A2,9,wpa2,2024-10-07T19:00:00.000Z,2024-10-07T16:00:00.000Z,Monrovia,CA,US,Linwood Avenue,91016
5C:93:A2:0D:61:EF,,30.35148811,-97.45635223,5C:93:A2,0,unknown,2025-01-16T13:00:00.000Z,2025-01-26T15:00:00.000Z,,TX,US,US Highway 290,78621
5C:93:A2:0D:62:E9,PS4-ABB3E7C33B4F,31.9786644,-81.14966583,5C:93:A2,6,wpa2,2020-02-03T16:00:00.000Z,2024-10-22T15:00:00.000Z,Savannah,GA,US,Largo Drive,31419
5C:93:A2:0D:63:D1,PS4-AC91D7FFDA11,32.99634933,-117.0860672,5C:93:A2,1,wpa2,2023-12-19T17:00:00.000Z,2025-09-10T17:00:00.000Z,San Diego,CA,US,Paseo Ajanta,92129
5C:93:A2:0D:6D:B1,PS4-1502B0D24680,39.19792938,-84.3733139,5C:93:A2,5,wpa2,2026-08-05T17:00:00.000Z,2026-08-17T01:00:00.000Z,,OH,US,Quailhollow Road,45243
5C:93:A2:0D:71:A3,PS4-0E3D078D1B2D,35.83467484,-89.16339874,5C:93:A2,1,wpa2,2024-11-27T17:00:00.000Z,2024-11-27T11:00:00.000Z,,TN,US,Nichols Rd,38021
5C:93:A2:0D:76:4F,PS4-D72DC8475DB3,34.27352524,-118.74474335,5C:93:A2,6,wpa2,2026-04-26T00:00:00.000Z,2026-04-25T20:00:00.000Z,Simi Valley,CA,US,Clover Street,93063-2364
5C:93:A2:0D:77:31,PS4-04849252B342,35.21469116,-111.65042877,5C:93:A2,13,wpa2,2024-08-29T20:00:00.000Z,2024-11-13T09:00:00.000Z,Flagstaff,AZ,US,North Fort Valley Road,86001
5C:93:A2:0D:78:DF,PS4-41D9F537AF55,40.79225922,-73.17282104,5C:93:A2,6,wpa2,2022-06-08T21:00:00.000Z,2026-02-26T18:00:00.000Z,,NY,US,Connetquot Avenue,11722
5C:93:A2:0D:82:F5,PS4-37D3F979A72E,33.04721069,-85.03322601,5C:93:A2,6,wpa2,2025-07-09T19:00:00.000Z,2025-07-29T07:00:00.000Z,,GA,US,Highland Avenue,30240
5C:93:A2:0D:8D:33,PS4-8D56FC05C8F8,-1.41531301,-48.47465897,5C:93:A2,8,wpa2,2026-05-12T01:00:00.000Z,2026-05-11T19:00:00.000Z,Belém,Pará,BR,Avenida Senador Lemos,66120-000
5C:93:A2:0D:8F:6D,PS4-F39BD0210AEC,39.8507843,-82.80317688,5C:93:A2,11,wpa2,2023-06-23T21:00:00.000Z,2025-07-28T00:00:00.000Z,,OH,US,Southeast Expressway,43110
5C:93:A2:0D:9F:91,PS4-51FFA45EEC6B,32.7904129,-97.37750244,5C:93:A2,2,wpa2,2018-10-01T17:00:00.000Z,2026-03-03T17:00:00.000Z,Fort Worth,TX,US,Northwest 22nd Street,76106
5C:93:A2:0D:A0:DB,PS4-C6752F732E1D,39.18233871,-84.42919159,5C:93:A2,1,wpa2,2026-02-07T21:00:00.000Z,2026-02-08T18:00:00.000Z,Cincinnati,OH,US,Losantiville Avenue,45213
5C:93:A2:0D:A4:83,PS4-9016F8DBF868,51.10667038,-113.94075775,5C:93:A2,1,wpa2,2017-05-11T18:00:00.000Z,2026-01-19T13:00:00.000Z,Calgary,Alberta,CA,Falshire Drive NE,T3J 1W8
5C:93:A2:0D:AC:B5,PS4-FFC4A1100E12,-23.48218918,-46.75897598,5C:93:A2,6,wpa2,2024-12-25T15:00:00.000Z,2025-09-21T08:00:00.000Z,São Paulo,São Paulo,BR,Rua Coronel José Venancio Dias,05160-030
5C:93:A2:0D:AE:3B,PS4-01C0AF14B194,50.37634277,4.36896181,5C:93:A2,6,wpa2,2024-07-05T16:00:00.000Z,2025-02-10T06:00:00.000Z,,Hainaut,BE,Rue de Gozée,6110
5C:93:A2:0D:B2:B5,PS4-46EA109A8A6D,-37.76268387,175.29905701,5C:93:A2,10,wpa2,2025-10-04T07:00:00.000Z,2025-10-04T00:00:00.000Z,,Waikato,NZ,Wairere Drive,3214
5C:93:A2:0D:B5:77,PS4-2D33DE051EFF,42.27489853,-71.80445862,5C:93:A2,6,wpa2,2025-08-31T22:00:00.000Z,2026-04-23T13:00:00.000Z,Worcester,MA,US,Salisbury Street,01605
5C:93:A2:0D:C3:4F,PS4-D2C082FFDAE8,39.9437561,-82.97527313,5C:93:A2,6,wpa2,2025-07-03T18:00:00.000Z,2025-07-03T11:00:00.000Z,Columbus,OH,US,East Whittier Street,43206
5C:93:A2:0D:CD:D7,PS4-358D9C1AA97E,44.92821503,-93.07872009,5C:93:A2,1,wpa2,2018-07-09T01:00:00.000Z,2026-07-26T18:00:00.000Z,Saint Paul,MN,US,South Oakdale Avenue,55107
5C:93:A2:0D:D7:4B,PS4-610AABD1F5CF,51.51499939,-0.31024945,5C:93:A2,11,wpa2,2025-10-23T09:00:00.000Z,2025-10-23T04:00:00.000Z,London Borough of Ealing,England,GB,Carlton Gardens,W5 2RJ
5C:93:A2:0D:D7:AB,PS4-32FE9E3F0AB3,50.95581818,10.71121025,5C:93:A2,6,wpa2,2024-12-02T11:00:00.000Z,2024-12-02T03:00:00.000Z,,Thüringen,DE,Kindleber Straße,99867
5C:93:A2:0D:DF:1D,PS4-EF48C8C20F10,33.51684189,-112.1384964,5C:93:A2,6,wpa2,2025-11-02T16:00:00.000Z,2025-11-02T09:00:00.000Z,Phoenix,AZ,US,North 37th Avenue,85019
5C:93:A2:0D:DF:35,PS4-E67C227E22EA,-19.27096176,146.73995972,5C:93:A2,11,wpa2,2022-12-21T07:00:00.000Z,2024-10-23T09:00:00.000Z,Townsville,Queensland,AU,Bayswater Road,4814
5C:93:A2:0D:F4:B5,PS4-E8022D2F35C5,52.91388321,12.77464581,5C:93:A2,7,wpa2,2017-09-13T18:00:00.000Z,2025-09-28T08:00:00.000Z,,Brandenburg,DE,Bechliner Chaussee,16816
5C:93:A2:0D:FA:6B,PS4-5EBCCD099D9F,50.8458252,12.90353584,5C:93:A2,11,wpa2,2025-12-20T14:00:00.000Z,2025-12-20T12:00:00.000Z,Chemnitz,Sachsen,DE,Leipziger Straße,09113
5C:93:A2:0D:FF:13,PS4-A94B292AF3FA,-26.10752296,28.0028038,5C:93:A2,3,wpa2,2026-04-06T08:00:00.000Z,2026-08-19T13:00:00.000Z,Randburg,Gauteng,ZA,Hunter Street,2001
5C:93:A2:0E:0D:6B,PS4-5F9E4110854B,38.78477859,-90.59540558,5C:93:A2,5,wpa2,2024-10-03T00:00:00.000Z,2024-10-02T23:00:00.000Z,,MO,US,Dogwood Lane,63376
5C:93:A2:0E:2A:BF,,39.91342163,-75.17229462,5C:93:A2,4,wpa2,2026-06-02T14:00:00.000Z,2026-06-02T10:00:00.000Z,Philadelphia,PA,US,South Broad Street,19145
5C:93:A2:0E:2B:67,PS4-7C11750FD682,-26.13495064,27.9480648,5C:93:A2,6,wpa2,2026-03-14T09:00:00.000Z,2026-03-14T02:00:00.000Z,Johannesburg,Gauteng,ZA,Willson Street,2001
5C:93:A2:0E:3F:23,PS4-2DB652F56E58,32.72776413,-102.64792633,5C:93:A2,1,wpa2,2025-11-04T15:00:00.000Z,2026-02-01T19:00:00.000Z,,TX,US,Northwest 3rd,79360
5C:93:A2:0E:4F:55,PS4-A9029919404D,37.58550644,-120.97357941,5C:93:A2,6,wep,2025-09-02T19:00:00.000Z,2026-09-01T18:00:00.000Z,,CA,US,Vanessa Court,95358
5C:93:A2:0E:50:97,PS4-B1C5B1B04BEC,52.40818405,4.61151838,5C:93:A2,6,wpa2,2026-03-21T14:00:00.000Z,2026-06-14T09:00:00.000Z,,Noord-Holland,NL,Lage Duin en Daalseweg,2061BA
5C:93:A2:0E:68:49,PS4-2790D0504B64,-34.88144684,138.50379944,5C:93:A2,8,wpa2,2025-08-10T19:00:00.000Z,2025-08-10T14:00:00.000Z,Adelaide,South Australia,AU,Frederick Road,5023
5C:93:A2:0E:69:39,PS4-C69422397068,39.76014709,-105.03459167,5C:93:A2,11,wpa2,2026-04-22T14:00:00.000Z,2026-04-22T16:00:00.000Z,Denver,CO,US,Lowell Boulevard,80211
5C:93:A2:0E:6C:C9,PS4-E21385431C21,53.58978271,10.05974579,5C:93:A2,11,wpa2,2025-07-04T15:00:00.000Z,2025-07-04T09:00:00.000Z,Hamburg,Barmbek-Nord,DE,Habichtstraße,22305
5C:93:A2:0E:8A:A5,PS4-A853E7D9E8E8,45.5499382,-75.36660767,5C:93:A2,1,wpa2,2025-11-29T17:00:00.000Z,2025-11-29T14:00:00.000Z,Gatineau,Québec,CA,Chemin de Montréal Est,J8M 1R1
5C:93:A2:0E:99:35,PS4-002EB06D01CE,38.48749161,-121.43628693,5C:93:A2,10,wpa2,2020-11-17T20:00:00.000Z,2024-11-17T14:00:00.000Z,Elk Grove,CA,US,South Sacramento Freeway,95823
5C:93:A2:0E:99:47,PS4-DCA81248F9DA,53.04285431,8.89249802,5C:93:A2,5,wpa2,2025-04-18T16:00:00.000Z,2025-04-20T14:00:00.000Z,Bremen,Bremen,DE,Angeln,28309
5C:93:A2:0E:9F:FF,PS4-2ACCECDCC609,31.96952057,-110.97599792,5C:93:A2,11,wpa2,2025-04-15T13:00:00.000Z,2025-04-17T12:00:00.000Z,,AZ,US,Camino Tunera,85629
5C:93:A2:0E:A0:9B,PS4-E55B29E48961,35.08441162,-106.62999725,5C:93:A2,6,wpa2,2025-05-09T01:00:00.000Z,2025-05-08T20:00:00.000Z,Albuquerque,NM,US,Doctor Martin Luther King Junior Avenue Northeast,87106
5C:93:A2:0E:B5:4F,PS4-8AE301E642F4,37.89697266,-122.30885315,5C:93:A2,6,wpa2,2026-04-11T22:00:00.000Z,2026-08-06T15:00:00.000Z,,CA,US,Eastshore Freeway,94530-2947
5C:93:A2:0E:B8:B9,PS4-B872DD6F82D8,47.9640007,-116.86422729,5C:93:A2,4,wpa2,2026-07-04T00:00:00.000Z,2026-07-03T18:00:00.000Z,Spirit Lake,ID,US,8th Avenue,83869
5C:93:A2:0E:C0:EB,PS4-9BF241AA5FF5,-27.68002319,153.10020447,5C:93:A2,11,wpa2,2024-09-16T04:00:00.000Z,2024-09-15T21:00:00.000Z,Logan City,Queensland,AU,First Avenue,4132
5C:93:A2:0E:C2:15,PS4-8562D9B7B5BB,47.71582031,-117.41136932,5C:93:A2,6,wpa2,2017-12-23T19:00:00.000Z,2026-05-24T06:00:00.000Z,Spokane,WA,US,North Division Street,99208-1213
5C:93:A2:0E:C2:D1,PS4-C2092C8E5654,32.3657341,-91.51023102,5C:93:A2,11,wpa2,2026-05-29T12:00:00.000Z,2026-05-29T10:00:00.000Z,,LA,US,Highway 17,71232
5C:93:A2:0E:C3:11,PS4-E9E30C76C68D,40.69394684,-73.97198486,5C:93:A2,6,wpa2,2025-04-04T18:00:00.000Z,2025-04-25T21:00:00.000Z,City of New York,NY,US,Adelphi Street,11238
5C:93:A2:0E:C4:B9,PS4-ED810685225E,39.96392822,-76.68080139,5C:93:A2,11,wpa2,2026-07-18T15:00:00.000Z,2026-09-04T09:00:00.000Z,Springettsbury Township,PA,US,Haines Road,17402
5C:93:A2:0E:C5:43,PS4-5460D6EA7022,-37.99802017,145.31243896,5C:93:A2,9,wpa2,2016-10-31T11:00:00.000Z,2026-09-02T23:00:00.000Z,Melbourne,Victoria,AU,Narre Warren North Road,3805
5C:93:A2:0E:C8:49,PS4-9D71C8D56653,46.23786545,-63.12275314,5C:93:A2,11,wpa2,2024-10-23T18:00:00.000Z,2024-12-03T13:00:00.000Z,Charlottetown,Prince Edward Island,CA,Grafton Street,C1A 0G6
5C:93:A2:0E:CC:7D,PS4-2699A945385C,40.05564499,-74.94207764,5C:93:A2,1,wpa,2025-12-07T12:00:00.000Z,2025-12-07T13:00:00.000Z,,NJ,US,Burlington Avenue,08075
5C:93:A2:0E:CD:A5,PS4-11D4F837688B,33.61389923,-111.97790527,5C:93:A2,7,wpa2,2015-04-30T11:00:00.000Z,2025-03-08T22:00:00.000Z,Phoenix,AZ,US,North Tatum Boulevard,85032-6853
5C:93:A2:0E:DD:A1,PS4-55E9F157858D,33.54859161,-117.15033722,5C:93:A2,1,wpa2,2026-05-17T03:00:00.000Z,2026-05-17T21:00:00.000Z,Temecula,CA,US,Date Street,92563
5C:93:A2:0E:FB:7D,PS4-A7E7D3E0FFB0,39.7545929,-104.97827911,5C:93:A2,6,wpa2,2023-11-10T15:00:00.000Z,2026-07-28T10:00:00.000Z,Denver,CO,US,Welton Street,80205
5C:93:A2:0F:0B:1F,PS4-7A785173B94B,40.74646378,-75.54083252,5C:93:A2,11,wpa2,2021-08-10T09:00:00.000Z,2024-12-26T18:00:00.000Z,Lehigh Township,PA,US,Longacre Drive,18035
5C:93:A2:0F:0B:E1,PS4-6030440EA879,37.06958771,-94.51643372,5C:93:A2,11,wpa2,2026-05-08T23:00:00.000Z,2026-08-04T08:00:00.000Z,Joplin,MO,US,West 20th Street,64804
5C:93:A2:0F:1C:45,PS4-E90D906E2391,52.73900986,4.75522423,5C:93:A2,6,wpa2,2025-04-16T15:00:00.000Z,2025-04-16T10:00:00.000Z,,Noord-Holland,NL,De Zeelt,1747
5C:93:A2:0F:22:7F,PS4-BC3E7561B8A6,33.4950943,-112.01965332,5C:93:A2,6,wpa2,2026-05-24T15:00:00.000Z,2026-05-24T09:00:00.000Z,Phoenix,AZ,US,East Indian School Road,85018-8830
5C:93:A2:0F:24:51,PS4-4D63DBE4A910,49.46492004,17.00797462,5C:93:A2,5,wpa2,2024-11-25T16:00:00.000Z,2025-01-14T10:00:00.000Z,,Střední Morava,CZ,377,79803
5C:93:A2:0F:24:83,PS4-D710B2C34ED3,43.74232483,-87.71881104,5C:93:A2,11,wpa2,2026-03-07T23:00:00.000Z,2026-03-18T20:00:00.000Z,Sheboygan,WI,US,Kentucky Avenue,53081
5C:93:A2:0F:34:15,PS4-20422C1E595A,40.77948761,-74.01702118,5C:93:A2,1,wpa2,2021-02-13T15:00:00.000Z,2025-06-01T11:00:00.000Z,,NJ,US,48th Street,07087
5C:93:A2:0F:35:6F,PS4-2063AA6057CA,45.48625565,-75.51992798,5C:93:A2,6,wpa2,2025-09-16T21:00:00.000Z,2025-09-16T15:00:00.000Z,,Ontario,CA,Balsam Drive,K1E 1A3
5C:93:A2:0F:54:B5,PS4-FB38E84EBC61,32.12493134,-111.10529327,5C:93:A2,1,wpa2,2025-01-19T23:00:00.000Z,2025-02-02T05:00:00.000Z,,AZ,US,South Mission Springs Drive,85757
5C:93:A2:0F:6A:A3,PS4-625D758235A6,30.2176075,-92.01529694,5C:93:A2,1,wpa2,2026-03-09T01:00:00.000Z,2026-03-13T08:00:00.000Z,Lafayette,LA,US,Cleveland Street,70501
5C:93:A2:0F:73:83,PS4-E6BE68FB92D4,51.08935547,13.70246887,5C:93:A2,6,wpa2,2024-11-27T19:00:00.000Z,2026-06-28T16:00:00.000Z,Dresden,Sachsen,DE,Roscherstraße,01139
5C:93:A2:0F:74:8F,PS4-A7CBBC9F6067,42.24954224,-71.82511139,5C:93:A2,10,wpa2,2025-11-30T01:00:00.000Z,2025-11-30T06:00:00.000Z,Worcester,MA,US,Beaver Street,01610
5C:93:A2:0F:76:1D,PS4-B7D4131B2E46,53.16673279,7.83859587,5C:93:A2,6,wpa2,2024-09-20T14:00:00.000Z,2024-09-20T09:00:00.000Z,,Niedersachsen,DE,Edewechter Straße,26689
5C:93:A2:0F:82:67,PS4-86149BE29887,-33.41939926,-70.67917633,5C:93:A2,6,wpa2,2024-10-26T01:00:00.000Z,2024-10-25T19:00:00.000Z,Renca,Región Metropolitana de Santiago,CL,Avenida Presidente Eduardo Frei Montalva,8390450
5C:93:A2:0F:8B:CB,PS4-CF997380D77A,49.80971146,6.68531942,5C:93:A2,1,wpa2,2024-09-28T16:00:00.000Z,2024-09-28T10:00:00.000Z,Trier,Rheinland-Pfalz,DE,Kyllstraße,54293
5C:93:A2:0F:A3:87,PS4-4BE32F7CB462,33.32223892,-111.91847992,5C:93:A2,6,wpa2,2022-08-09T20:00:00.000Z,2025-03-09T07:00:00.000Z,Chandler,AZ,US,North Lakeshore Drive,85284-3206
5C:93:A2:0F:A9:0F,PS4-79D57888521B,33.620327,-112.17085266,5C:93:A2,1,wpa2,2026-02-24T20:00:00.000Z,2026-02-24T15:00:00.000Z,Glendale,AZ,US,North 52nd Avenue,85306
5C:93:A2:0F:B5:DB,PS4-85D8FF4B917A,51.44476318,0.00993248,5C:93:A2,6,wpa2,2017-01-27T19:00:00.000Z,2026-07-09T19:00:00.000Z,London Borough of Lewisham,England,GB,Rayford Avenue,SE12 0SU
5C:93:A2:0F:B6:9B,PS4-BA9B67714D2B,38.97270203,-94.47283936,5C:93:A2,6,wpa2,2024-12-19T14:00:00.000Z,2024-12-19T08:00:00.000Z,Raytown,MO,US,East 83rd Street,64138
5C:93:A2:0F:BE:5B,PS4-04663E4067C1,33.56141281,-112.24015045,5C:93:A2,11,wpa2,2026-03-08T16:00:00.000Z,2026-03-08T14:00:00.000Z,Peoria,AZ,US,North 84th Avenue,85345
5C:93:A2:0F:C9:C3,PS4-1E220DDEB853,48.80370331,19.6445961,5C:93:A2,9,wpa2,2024-12-23T15:00:00.000Z,2024-12-23T08:00:00.000Z,,Banskobystrický kraj,SK,Šrámkova,977 01
5C:93:A2:0F:CB:71,PS4-B33BCBF8F816,34.15771103,-118.4473877,5C:93:A2,9,wpa2,2025-03-20T06:00:00.000Z,2025-03-20T00:00:00.000Z,Los Angeles,CA,US,Riverside Drive,91423
5C:93:A2:0F:CD:1F,PS4-319C934649FA,43.76081085,-79.73990631,5C:93:A2,6,wpa2,2025-09-14T16:00:00.000Z,2025-09-14T13:00:00.000Z,Brampton,Ontario,CA,Rocky Mountain Crescent,L6R 1J1
5C:93:A2:0F:D1:AB,PS4-BDCBEFF7D414,46.86422348,-113.9723053,5C:93:A2,6,wpa2,2025-08-07T19:00:00.000Z,2025-10-28T16:00:00.000Z,Missoula,MT,US,East Broadway Street,59702
5C:93:A2:0F:D5:07,PS4-F5D4E094AFB7,39.63548279,-106.05174255,5C:93:A2,4,wpa2,2021-06-09T03:00:00.000Z,2025-08-16T14:00:00.000Z,,CO,US,I 70,80497
5C:93:A2:0F:E4:33,PS4-98184E3EFA58,52.44854736,-1.87381756,5C:93:A2,6,wpa2,2025-07-12T14:00:00.000Z,2025-07-12T08:00:00.000Z,Birmingham,England,GB,Woodstock Road,B13 9BL
5C:93:A2:0F:E5:75,PS4-D46AC461ED75,34.03248215,-118.29811859,5C:93:A2,1,wpa2,2024-11-25T17:00:00.000Z,2024-11-25T14:00:00.000Z,Los Angeles,CA,US,Raymond Avenue,90007
5C:93:A2:0F:F6:15,PS4-24C655FFB587,-37.97677994,145.24151611,5C:93:A2,6,wpa2,2023-01-05T13:00:00.000Z,2026-01-28T23:00:00.000Z,Melbourne,Victoria,AU,Power Road,3802
5C:93:A2:10:00:F9,PS4-B2C4B54C8851,33.9374733,-118.01193237,5C:93:A2,11,wpa2,2020-04-04T17:00:00.000Z,2025-02-06T22:00:00.000Z,,CA,US,La Mirada Boulevard,90638
5C:93:A2:10:0E:05,PS4-C0F88577E9E8,41.45811462,-81.76894379,5C:93:A2,1,wpa2,2025-10-22T01:00:00.000Z,2025-10-23T06:00:00.000Z,Cleveland,OH,US,West 117th Street,44111
5C:93:A2:10:0F:91,PS4-D9B4AA60CCFB,39.7437973,-104.86636353,5C:93:A2,11,wpa2,2026-05-10T20:00:00.000Z,2026-05-10T16:00:00.000Z,Aurora,CO,US,East 17th Avenue,80010
5C:93:A2:10:1B:E1,PS4-544B67D25D08,37.67345047,21.44208717,5C:93:A2,7,wpa2,2022-10-15T12:00:00.000Z,2026-03-25T08:00:00.000Z,,"Αποκεντρωμένη Διοίκηση Πελοποννήσου, Δυτικής Ελλάδας και Ιονίου",GR,,27131
5C:93:A2:10:21:9F,PS4-20469B4C4203,45.51351547,-122.67802429,5C:93:A2,6,wpa2,2025-10-08T01:00:00.000Z,2025-10-07T19:00:00.000Z,Portland,OR,US,Southwest 3rd Avenue,97201
5C:93:A2:10:21:A9,PS4-39B30A8F627E,34.0862236,-117.90289307,5C:93:A2,6,wpa2,2025-01-31T19:00:00.000Z,2025-02-20T16:00:00.000Z,Covina,CA,US,South Armel Drive,91722
5C:93:A2:10:29:61,PS4-AB6A450B7F0D,36.08259964,-115.08966064,5C:93:A2,6,wpa2,2026-08-17T14:00:00.000Z,2026-08-17T14:00:00.000Z,,NV,US,Placita del Lazo,89120
5C:93:A2:10:32:31,PS4-C877AE9C8C55,33.82624054,-118.12451172,5C:93:A2,6,wpa2,2024-12-18T19:00:00.000Z,2024-12-18T14:00:00.000Z,Long Beach,CA,US,Marber Avenue,90808
5C:93:A2:10:35:77,PS4-03FE89E6B62B,43.1438446,-77.6004715,5C:93:A2,9,wpa2,2025-02-05T01:00:00.000Z,2025-02-24T12:00:00.000Z,City of Rochester,NY,US,South Clinton Avenue,14620
5C:93:A2:10:36:D7,PS4-59433591FC7D,33.77240372,-117.97329712,5C:93:A2,3,wpa2,2023-09-16T15:00:00.000Z,2025-11-24T21:00:00.000Z,Garden Grove,CA,US,Magnolia Street,92844
5C:93:A2:10:49:E7,PS4-3CC26F9730FA,33.56348801,-112.24863434,5C:93:A2,6,wpa2,2021-11-20T10:00:00.000Z,2026-03-08T14:00:00.000Z,Peoria,AZ,US,West Lawrence Lane,85345-7050
5C:93:A2:10:55:41,PS4-30E4FF2BE5F6,54.42021179,-6.14462852,5C:93:A2,1,wpa2,2017-09-10T17:00:00.000Z,2025-09-14T11:00:00.000Z,,Northern Ireland,GB,A1,BT25 1BD
5C:93:A2:10:5C:07,PS4-F2D7AB1DE9F4,33.18859482,-117.23829651,5C:93:A2,1,wpa2,2023-10-01T16:00:00.000Z,2024-10-13T11:00:00.000Z,Vista,CA,US,CA 78,92083
5C:93:A2:10:5C:11,PS4-86C8443D27D9,39.5405426,-119.81961823,5C:93:A2,11,wpa2,2024-12-23T03:00:00.000Z,2025-01-17T23:00:00.000Z,Reno,NV,US,North Sierra Street,89557
5C:93:A2:10:61:F9,PS4-1DCB462923D0,42.28721619,-83.78048706,5C:93:A2,11,wpa2,2016-05-23T02:00:00.000Z,2025-06-13T08:00:00.000Z,Ann Arbor,MI,US,North Maple Road,48103
5C:93:A2:10:67:CF,PS4-44F91A077238,33.57721329,-117.18614197,5C:93:A2,1,wpa2,2025-04-26T18:00:00.000Z,2025-04-26T23:00:00.000Z,Murrieta,CA,US,Sunrose Drive,92562
5C:93:A2:10:69:0F,PS4-586804FC6C59,41.21468735,-111.97898102,5C:93:A2,1,wpa2,2021-11-10T14:00:00.000Z,2026-01-20T13:00:00.000Z,Ogden,UT,US,Wall Avenue,84408
5C:93:A2:10:6C:43,PS4-F39F2ED2AA3B,40.56949615,-112.45130157,5C:93:A2,4,wpa2,2025-05-24T16:00:00.000Z,2025-05-24T16:00:00.000Z,,UT,US,Davenport Drive,
5C:93:A2:10:78:6B,PS4-E7C44FD0E4EC,40.14104462,-76.67629242,5C:93:A2,1,wpa2,2024-09-05T20:00:00.000Z,2024-09-16T16:00:00.000Z,,PA,US,Turnpike Road,17022
5C:93:A2:10:7A:2B,PS4-FFB611703D22,38.43992233,-81.99217987,5C:93:A2,2,wpa2,2018-06-22T11:00:00.000Z,2026-04-15T11:00:00.000Z,,WV,US,Teays Valley Road,25526-9054
5C:93:A2:10:7C:F7,,39.790905,-86.0345993,5C:93:A2,1,unknown,2024-06-18T03:00:00.000Z,2024-09-16T13:00:00.000Z,Indianapolis,IN,US,I 465,46219
5C:93:A2:10:89:5F,,47.72169876,-116.78677368,5C:93:A2,6,none,2026-08-23T12:00:00.000Z,2026-08-23T13:00:00.000Z,Coeur d'Alene,ID,US,North Government Way,83835
5C:93:A2:10:8C:E7,PS4-855D4D71A6D2,42.61247635,-83.87488556,5C:93:A2,1,wpa2,2026-07-23T21:00:00.000Z,2026-07-27T16:00:00.000Z,,MI,US,Latson Road,48855
5C:93:A2:10:92:2B,PS4-A529DBB7CC8E,45.37513733,-73.98936462,5C:93:A2,1,wpa2,2026-08-22T18:00:00.000Z,2026-08-22T12:00:00.000Z,,Québec,CA,Avenue Monseigneur-Langlois,J7V 7C2
5C:93:A2:10:94:C5,PS4-8EB957E053B4,45.66536713,-118.81409454,5C:93:A2,11,wpa2,2025-07-08T09:00:00.000Z,2025-07-08T03:00:00.000Z,,OR,US,Old Oregon Trail Highway,97801
5C:93:A2:10:97:75,PS4-C3D0F4854D43,49.03229523,-118.44367218,5C:93:A2,6,wpa2,2025-08-07T20:00:00.000Z,2026-08-22T19:00:00.000Z,,British Columbia,CA,Central Avenue,V0H 3H0
5C:93:A2:10:9C:19,PS4-31D7B4B5F0DB,35.45466232,-97.39313507,5C:93:A2,11,wpa2,2025-06-13T20:00:00.000Z,2025-06-13T14:00:00.000Z,,OK,US,East Steed Drive,73110
5C:93:A2:10:AD:E3,PS4-D9745DE7913A,33.09710693,-97.22660828,5C:93:A2,1,wpa2,2024-03-10T20:00:00.000Z,2025-12-18T13:00:00.000Z,,TX,US,Oasis Drive,
5C:93:A2:10:AF:C7,PS4-13EED039BCED,49.78277588,18.43022537,5C:93:A2,4,wpa2,2025-08-30T16:00:00.000Z,2025-08-30T09:00:00.000Z,Havířov,Moravskoslezsko,CZ,Jana Wericha,73601
5C:93:A2:10:C3:75,PS4-EDC90F4CBAAE,39.5394783,-104.86863708,5C:93:A2,11,wpa2,2024-02-20T17:00:00.000Z,2026-04-01T00:00:00.000Z,,CO,US,I 25,80124-5644
5C:93:A2:10:C9:01,PS4-C716EF6ECEB1,59.26992035,10.41016006,5C:93:A2,13,wpa2,2025-05-24T11:00:00.000Z,2025-05-24T06:00:00.000Z,Tønsberg,Vestfold og Telemark,NO,Stoltenbergs gate,3110
5C:93:A2:10:D1:DF,PS4-5624FF32D66E,39.10616684,-76.74240112,5C:93:A2,9,wpa2,2026-05-22T20:00:00.000Z,2026-05-23T12:00:00.000Z,,MD,US,Wigle Road,20755
5C:93:A2:10:D9:31,,40.8065834,-73.20800018,5C:93:A2,4,unknown,2025-02-22T19:00:00.000Z,2025-02-22T12:00:00.000Z,,NY,US,Woodbury Road,11788
5C:93:A2:10:DB:59,PS4-FB9EBD1332B7,40.67663956,-75.24368286,5C:93:A2,6,wpa2,2025-08-07T17:00:00.000Z,2025-08-11T09:00:00.000Z,,PA,US,Balata Street,18042
5C:93:A2:10:DC:E5,PS4-A41EBF0BA281,44.8783989,-123.02773285,5C:93:A2,9,wpa2,2026-05-17T21:00:00.000Z,2026-05-17T14:00:00.000Z,Salem,OR,US,Commercial Street Southeast,97306
5C:93:A2:10:E2:C9,PS4-CE450C6F41AA,33.50219727,-112.02789307,5C:93:A2,6,wpa2,2015-09-05T22:00:00.000Z,2025-03-08T20:00:00.000Z,Phoenix,AZ,US,East Campbell Avenue,85016
5C:93:A2:10:F9:7B,PS4-A98B6F8947D1,32.25056458,-110.87584686,5C:93:A2,4,wpa2,2017-09-17T17:00:00.000Z,2025-03-09T00:00:00.000Z,Tucson,AZ,US,East Grant Road,85712
5C:93:A2:11:0D:7F,PS4-8EF7E184A2C5,39.29021835,-84.32038116,5C:93:A2,1,wpa2,2001-07-03T17:00:00.000Z,2025-02-28T12:00:00.000Z,,OH,US,Northeast Expressway,45249-1736
5C:93:A2:11:0F:09,PS4-5A5B4380474D,57.14780426,-2.09351373,5C:93:A2,11,wpa2,2021-04-10T23:00:00.000Z,2024-09-22T08:00:00.000Z,Aberdeen City,Alba / Scotland,GB,Castle Street,AB11 5BB
5C:93:A2:11:13:97,PS4-04E75572FA59,39.68439484,-104.81936646,5C:93:A2,6,wpa2,2018-06-12T10:00:00.000Z,2026-07-25T21:00:00.000Z,Aurora,CO,US,South Sable Boulevard,80014-1319
5C:93:A2:11:20:9F,PS4-E4202F21BAC1,44.54252243,-73.26809692,5C:93:A2,6,wpa2,2026-01-19T00:00:00.000Z,2026-09-05T14:00:00.000Z,,VT,US,Grey Birch Drive,05408
5C:93:A2:11:2D:75,PS4-A9F68F1427BD,34.24665451,-119.19359589,5C:93:A2,9,wpa2,2026-03-24T16:00:00.000Z,2026-03-24T10:00:00.000Z,Ventura,CA,US,Johnson Drive,93036-2007
5C:93:A2:11:3D:55,PS4-CD2BE1EF197E,59.30230713,17.97642136,5C:93:A2,8,wpa2,2025-10-17T14:00:00.000Z,2025-10-19T13:00:00.000Z,,Stockholms län,SE,Sankt Mickelsgatan,129 35
5C:93:A2:11:48:2F,PS4-7013DD8C723B,43.78137207,-79.44976044,5C:93:A2,6,wpa2,2024-01-07T08:00:00.000Z,2025-09-04T15:00:00.000Z,Toronto,Ontario,CA,Antibes Drive,M2R 1Y8
5C:93:A2:11:5D:73,PS4-B817C4808B17,30.71704102,-95.55247498,5C:93:A2,6,wpa2,2024-11-10T20:00:00.000Z,2024-11-10T12:00:00.000Z,,TX,US,17th Street,77340
5C:93:A2:11:72:F9,PS4-B9497152C9A8,33.21575928,-97.09069061,5C:93:A2,1,wpa2,2024-10-15T01:00:00.000Z,2025-08-08T06:00:00.000Z,Denton,TX,US,North Loop 288,76209-1540
5C:93:A2:11:73:B1,PS4-0ACC40B188AA,37.84234238,-90.49373627,5C:93:A2,11,wpa2,2024-08-15T20:00:00.000Z,2025-02-03T07:00:00.000Z,,MO,US,St Joe Drive,63601
5C:93:A2:11:75:2D,PS4-96C11C6C6930,36.22278214,-119.33277893,5C:93:A2,11,wpa2,2024-11-19T20:00:00.000Z,2024-11-20T13:00:00.000Z,,CA,US,Golden State Highway,93274
5C:93:A2:11:7B:53,PS4-14647E09F9AE,42.29745865,-71.80368805,5C:93:A2,1,wpa2,2025-09-06T20:00:00.000Z,2026-03-21T08:00:00.000Z,Worcester,MA,US,I 190,01606
5C:93:A2:11:7C:43,PS4-13311838A278,36.14746475,-115.0344696,5C:93:A2,6,wpa2,2024-06-11T18:00:00.000Z,2025-03-20T13:00:00.000Z,,NV,US,Falling Rain Drive,89142
5C:93:A2:11:7D:BD,PS4-351A7DD6BCDE,43.74336243,-79.2530899,5C:93:A2,11,wpa2,2025-02-22T18:00:00.000Z,2025-02-22T16:00:00.000Z,Toronto,Ontario,CA,Gully Drive,M1J 1B5
5C:93:A2:11:7D:E9,PS4-4A1C42154B4F,33.47686005,-112.09554291,5C:93:A2,1,wpa2,2020-09-07T23:00:00.000Z,2025-03-09T00:00:00.000Z,Phoenix,AZ,US,West Virginia Avenue,85007
5C:93:A2:11:89:EF,PS4-D415B2748D17,26.21584129,-80.2321167,5C:93:A2,1,wpa2,2026-02-04T01:00:00.000Z,2026-08-30T22:00:00.000Z,,FL,US,Southwest 10th Court,33068
5C:93:A2:11:8B:97,PS4-6E250CF996E5,36.11356354,-86.78214264,5C:93:A2,1,wpa2,2026-04-03T14:00:00.000Z,2026-04-03T10:00:00.000Z,Nashville-Davidson,TN,US,Sutton Hill Road,37204
5C:93:A2:11:8C:ED,PS4-9888E1E79E38,36.30880737,-115.30586243,5C:93:A2,2,wpa2,2024-04-16T17:00:00.000Z,2025-12-16T14:00:00.000Z,Las Vegas,NV,US,North Grand Canyon Drive,89143
5C:93:A2:11:8C:F5,PS4-E82E0BFEEA05,42.14847183,-71.23570251,5C:93:A2,3,wpa2,2022-11-09T14:00:00.000Z,2026-08-27T07:00:00.000Z,Walpole,MA,US,East Street,02081-3712
5C:93:A2:11:9C:CF,PS4-3E349D950EC3,49.11167908,-122.75666046,5C:93:A2,6,wpa2,2017-08-17T17:00:00.000Z,2024-10-05T18:00:00.000Z,Surrey,British Columbia,CA,168 Street,V3S 0Z2
5C:93:A2:11:9F:59,PS4-22382AF14F7B,42.29838181,-83.03427887,5C:93:A2,3,wpa2,2016-12-01T11:00:00.000Z,2026-08-21T13:00:00.000Z,Windsor,Ontario,CA,Shepherd Street West,N8X 1P1
5C:93:A2:11:A2:41,PS4-0A0DE99F7824,38.92460251,-94.55109406,5C:93:A2,11,wpa2,2025-11-27T16:00:00.000Z,2026-08-27T11:00:00.000Z,Kansas City,MO,US,East Red Bridge Road,64134
5C:93:A2:11:B8:8B,PS4-969D5BEBA373,39.32416916,-82.10429382,5C:93:A2,1,wpa2,2024-04-05T23:00:00.000Z,2024-12-29T18:00:00.000Z,,OH,US,Horse Barn Lane,45701
5C:93:A2:11:BB:87,PS4-2BE8190492D4,36.6715126,136.80473328,5C:93:A2,6,wpa2,2025-08-16T05:00:00.000Z,2025-08-15T22:00:00.000Z,,石川県,JP,刈安安楽寺線,
5C:93:A2:11:BF:F5,PS4-8DB93E1CF7A2,43.08530045,-89.37503815,5C:93:A2,6,wpa2,2024-12-05T20:00:00.000Z,2025-06-21T17:00:00.000Z,Madison,WI,US,East Johnson Street,53704
5C:93:A2:11:C8:4D,PS4-2DE25FDD723F,37.53059387,-77.42531586,5C:93:A2,3,wpa2,2015-09-08T08:00:00.000Z,2025-12-08T10:00:00.000Z,Richmond,VA,US,East Cary Street,23223
5C:93:A2:11:CC:01,PS4-0204E9361759,50.88674927,4.698668,5C:93:A2,6,wpa2,2025-08-12T20:00:00.000Z,2026-07-18T02:00:00.000Z,Leuven,Vlaams-Brabant,BE,Glasblazerijstraat,3000
5C:93:A2:11:CD:AF,PS4-B177C25246E6,39.24868011,-84.35366821,5C:93:A2,2,wpa2,2026-08-31T16:00:00.000Z,2026-08-31T22:00:00.000Z,,OH,US,Pfeiffer Road,45242
5C:93:A2:11:CF:B5,PS4-68A8E66BD6DE,39.61660767,-119.86180115,5C:93:A2,6,wpa2,2026-03-06T16:00:00.000Z,2026-03-06T08:00:00.000Z,Reno,NV,US,North-South Freeway,89506
5C:93:A2:11:F1:2B,PS4-52B02FD0F171,40.76433945,-73.9929657,5C:93:A2,1,wpa2,2024-11-06T18:00:00.000Z,2024-12-18T09:00:00.000Z,City of New York,NY,US,West 49th Street,10019
5C:93:A2:12:04:DB,PS4-123C05617EB4,40.76226044,-74.18874359,5C:93:A2,8,wpa2,2026-08-13T06:00:00.000Z,2026-08-20T03:00:00.000Z,,NJ,US,4th Avenue,07107
5C:93:A2:12:0D:1B,PS4-19794D533C13,37.5664711,-121.18103027,5C:93:A2,1,wpa2,2025-04-17T21:00:00.000Z,2025-04-17T20:00:00.000Z,,CA,US,Hito Drive,
5C:93:A2:12:24:E7,PS4-FE28234E0460,33.46596146,-112.19313812,5C:93:A2,1,wpa2,2015-07-04T21:00:00.000Z,2025-03-09T07:00:00.000Z,Phoenix,AZ,US,West McDowell Road,85035
5C:93:A2:12:2B:25,,42.28050995,-71.07476044,5C:93:A2,6,wpa2,2026-07-15T02:00:00.000Z,2026-07-14T22:00:00.000Z,Boston,MA,US,Fairmount Street,02124
5C:93:A2:12:33:1D,PS4-E07CF72D6E64,-33.39453888,-70.63095856,5C:93:A2,3,wpa2,2025-10-23T17:00:00.000Z,2025-12-15T08:00:00.000Z,Recoleta,Región Metropolitana de Santiago,CL,Avenida Los Zapadores,7690000
5C:93:A2:12:39:C3,PS4-C86B35126D15,44.09038162,-70.14699554,5C:93:A2,11,wpa2,2025-03-22T16:00:00.000Z,2025-03-22T11:00:00.000Z,Lewiston,ME,US,Grove Street,04240
5C:93:A2:12:41:9F,PS4-441CAF285D25,35.05088043,-85.15260315,5C:93:A2,6,wpa2,2026-09-03T09:00:00.000Z,2026-09-03T12:00:00.000Z,Chattanooga,TN,US,Lee Highway,37421
5C:93:A2:12:47:3F,PS4-51C9260931FA,34.03661346,-118.28895569,5C:93:A2,6,wpa2,2024-01-12T19:00:00.000Z,2026-06-16T18:00:00.000Z,Los Angeles,CA,US,Santa Monica Freeway,90007
5C:93:A2:12:48:95,PS4-D3FF7FF0886E,36.13949966,-115.13230896,5C:93:A2,6,wpa2,2025-07-10T19:00:00.000Z,2025-07-10T13:00:00.000Z,,NV,US,La Canada Street,89104-1671
5C:93:A2:12:4E:8F,PS4-A87073F6F85A,45.43694687,-73.67029572,5C:93:A2,1,wpa2,2026-04-13T20:00:00.000Z,2026-04-13T15:00:00.000Z,Montréal,Québec,CA,7e Avenue,H8S 2C5
5C:93:A2:12:54:4B,PS4-EC43C5745D52,32.35119629,-111.01423645,5C:93:A2,6,wpa2,2025-04-22T14:00:00.000Z,2025-05-06T09:00:00.000Z,,AZ,US,North la Cholla Boulevard,85741
5C:93:A2:12:56:B5,PS4-DD9912F2DCF5,45.41120148,-75.70582581,5C:93:A2,6,wpa2,2024-04-14T17:00:00.000Z,2025-09-07T18:00:00.000Z,Ottawa,Ontario,CA,Somerset Street West,K1R 6P3
5C:93:A2:12:5C:4B,PS4-2D64FB985E77,33.75840759,-118.02431488,5C:93:A2,11,wpa2,2022-05-07T19:00:00.000Z,2025-07-03T21:00:00.000Z,,CA,US,Springdale Street,92649
5C:93:A2:12:5D:25,PS4-428CAACC3C94,36.29048157,-115.16628265,5C:93:A2,10,wpa2,2025-07-25T14:00:00.000Z,2025-07-25T12:00:00.000Z,North Las Vegas,NV,US,Calvert Cliffs Street,89084
5C:93:A2:12:66:B5,PS4-870C033F137F,48.15005112,17.1090374,5C:93:A2,1,wpa2,2025-02-09T05:00:00.000Z,2025-05-14T01:00:00.000Z,Bratislava,Bratislavský kraj,SK,Banskobystrická,811 06
5C:93:A2:12:77:49,PS4-AC44A5936356,29.9155407,-97.15440369,5C:93:A2,10,wpa2,2015-02-20T07:00:00.000Z,2025-01-08T16:00:00.000Z,,TX,US,,
5C:93:A2:12:7B:F1,PS4-37972263D596,29.74005508,-95.49158478,5C:93:A2,6,wpa2,2026-01-23T19:00:00.000Z,2026-01-23T18:00:00.000Z,Houston,TX,US,Briar Ridge Drive,77057
5C:93:A2:12:8D:03,PS4-A0CCEE59320E,40.78658295,-77.87003326,5C:93:A2,10,wpa2,2025-04-28T21:00:00.000Z,2025-04-29T17:00:00.000Z,State College,PA,US,South Buckhout Street,16801
5C:93:A2:12:8E:AB,PS4-600D66D30F72,49.19171906,16.59630585,5C:93:A2,11,wpa2,2024-11-02T16:00:00.000Z,2026-02-21T18:00:00.000Z,Brno,Jihovýchod,CZ,Pekařská,60200
5C:93:A2:12:99:6B,PS4-71740444DA37,33.84496307,-118.16548157,5C:93:A2,6,wpa2,2024-04-29T01:00:00.000Z,2024-12-07T16:00:00.000Z,,CA,US,Clair del Avenue,90805
5C:93:A2:12:A9:53,PS4-546F2F8874AE,40.70385742,-73.65972137,5C:93:A2,11,wpa2,2026-06-27T15:00:00.000Z,2026-06-27T12:00:00.000Z,,NY,US,Maxwell Street,11552
5C:93:A2:12:AB:97,PS4-4B75DAF257AD,33.84601212,-118.14968872,5C:93:A2,6,wpa2,2024-12-17T16:00:00.000Z,2024-12-17T15:00:00.000Z,,CA,US,Allred Street,90712
5C:93:A2:12:AC:D5,PS4-2A23E9EAE186,45.10377884,-95.02703094,5C:93:A2,11,wpa2,2025-05-23T02:00:00.000Z,2025-05-23T19:00:00.000Z,,MN,US,19th Avenue Southeast,56201
5C:93:A2:12:B7:77,PS4-AE90E65DF2A8,53.46335983,9.79722786,5C:93:A2,1,wpa2,2026-01-03T16:00:00.000Z,2026-01-16T12:00:00.000Z,,Niedersachsen,DE,Hauptstraße,21629
5C:93:A2:12:C0:3B,PS4-F7B4FE7B483B,46.8108902,-100.88179016,5C:93:A2,6,wpa2,2026-05-10T18:00:00.000Z,2026-05-10T13:00:00.000Z,,ND,US,7th Avenue Southeast,58554
5C:93:A2:12:CA:B1,PS4-3D3C32BBC3DA,32.85983658,-96.63121796,5C:93:A2,3,wpa2,2025-04-17T01:00:00.000Z,2025-04-16T20:00:00.000Z,Garland,TX,US,Clearfield Drive,75043
5C:93:A2:12:D1:91,PS4-A65749E03F3F,53.55575943,-113.5475235,5C:93:A2,5,wpa2,2025-06-19T20:00:00.000Z,2025-06-19T14:00:00.000Z,Edmonton,Alberta,CA,131 Street NW,T5M 0J2
5C:93:A2:12:E0:41,PS4-A4736E4DB76F,51.24705505,22.50743103,5C:93:A2,4,wpa2,2025-04-16T18:00:00.000Z,2025-06-08T06:00:00.000Z,Lublin,województwo lubelskie,PL,Wojciechowska,20-705
5C:93:A2:13:05:F7,PS4-79C38A20DC54,35.24753189,-113.98480988,5C:93:A2,11,wpa2,2026-08-22T02:00:00.000Z,2026-08-21T23:00:00.000Z,,AZ,US,Able Drive,86401
5C:93:A2:13:09:A7,PS4-AF34B0D52CE5,36.29496384,-115.26573944,5C:93:A2,11,wpa2,2024-05-07T13:00:00.000Z,2024-09-11T14:00:00.000Z,Las Vegas,NV,US,Sparrowgate Avenue,89131
5C:93:A2:13:0D:A3,PS4-8CABDF09C385,50.68644714,15.98327446,5C:93:A2,2,wpa2,2026-03-29T10:00:00.000Z,2026-08-03T01:00:00.000Z,,Severovýchod,CZ,16,54203
5C:93:A2:13:0F:47,PS4-DA550D154A4A,52.05767441,4.23716927,5C:93:A2,6,wpa2,2024-09-21T13:00:00.000Z,2024-09-21T06:00:00.000Z,Den Haag,Zuid-Holland,NL,Duke Ellingtonstraat,2551WE
5C:93:A2:13:13:6B,PS4-5E1106A44D28,41.91300964,-87.70155334,5C:93:A2,6,wpa2,2025-05-25T23:00:00.000Z,2025-05-25T16:00:00.000Z,Chicago,IL,US,North Humboldt Boulevard,60647
5C:93:A2:13:1A:49,PS4-7BD95D31F335,54.37577057,18.60668564,5C:93:A2,6,wpa2,2025-04-07T20:00:00.000Z,2025-06-08T13:00:00.000Z,Gdańsk,województwo pomorskie,PL,Jaśkowa Dolina,80-252
5C:93:A2:13:1C:8B,PS4-9E29B22749F0,35.18386078,-101.84679413,5C:93:A2,7,wpa2,2026-07-27T23:00:00.000Z,2026-07-27T16:00:00.000Z,Amarillo,TX,US,Southwest 28th Avenue,79102
5C:93:A2:13:1D:F3,PS4-1D72DB533A1B,27.74921227,-97.45252228,5C:93:A2,1,wpa2,2025-11-14T07:00:00.000Z,2025-11-19T03:00:00.000Z,Corpus Christi,TX,US,South Padre Island Drive,78416
5C:93:A2:13:1E:19,PS4-BB158169BDBC,41.50091171,-121.15081024,5C:93:A2,9,wpa2,2025-11-25T22:00:00.000Z,2026-01-18T17:00:00.000Z,,CA,US,,
5C:93:A2:13:38:11,PS4-3A9707446766,42.57158279,-83.59942627,5C:93:A2,1,wpa2,2025-02-12T15:00:00.000Z,2025-02-17T09:00:00.000Z,,MI,US,South Hill Road,48381
5C:93:A2:13:42:DB,PS4-B2AF87BE2CD8,33.53856277,-112.06420135,5C:93:A2,11,wpa2,2020-01-28T00:00:00.000Z,2025-03-09T00:00:00.000Z,Phoenix,AZ,US,East Glendale Avenue,85020
5C:93:A2:13:46:45,PS4-84693AF1A571,-21.78011703,-43.32598877,5C:93:A2,9,wpa2,2024-09-22T02:00:00.000Z,2024-09-21T21:00:00.000Z,Juiz de Fora,Minas Gerais,BR,Rua Doutor João Viêira,36021380
5C:93:A2:13:49:5D,PS4-98179E04CB52,38.98057938,-94.72376251,5C:93:A2,6,wpa2,2025-01-24T02:00:00.000Z,2025-01-24T00:00:00.000Z,Lenexa,KS,US,Quivira Road,66062
5C:93:A2:13:4D:9F,PS4-0FA8AFFB43FF,38.42885208,-81.81407166,5C:93:A2,1,wpa2,2026-05-06T16:00:00.000Z,2026-05-06T13:00:00.000Z,Nitro,WV,US,,25143
5C:93:A2:13:56:77,PS4-EA9EC7FAA927,34.25260925,-86.18966675,5C:93:A2,6,wpa2,2025-01-02T12:00:00.000Z,2025-01-05T15:00:00.000Z,,AL,US,Baltimore Avenue,35950
5C:93:A2:13:61:F3,PS4-5FB109F677CF,44.97694778,-92.95672607,5C:93:A2,6,wpa2,2025-01-15T00:00:00.000Z,2025-11-09T14:00:00.000Z,,MN,US,Helena Road North,55128
5C:93:A2:13:67:C7,PS4-3CF01A4E51AA,38.95734787,-95.23592377,5C:93:A2,2,wpa2,2018-10-07T18:00:00.000Z,2025-03-10T06:00:00.000Z,Lawrence,KS,US,Massachusetts Street,66044
5C:93:A2:13:68:69,,39.72454834,-86.14309692,5C:93:A2,6,wpa2,2026-06-16T12:00:00.000Z,2026-06-16T12:00:00.000Z,Indianapolis,IN,US,East Berwyn Street,46203
5C:93:A2:13:74:BD,PS4-E2987AD9D757,33.42692566,-111.95495605,5C:93:A2,6,wpa2,2015-04-18T00:00:00.000Z,2025-03-09T00:00:00.000Z,Tempe,AZ,US,South Robert Road,85287
5C:93:A2:13:74:FF,PS4-7A61A9D3FA27,29.93246651,-98.40493011,5C:93:A2,11,wpa2,2025-12-29T19:00:00.000Z,2025-12-30T09:00:00.000Z,,TX,US,Puter Creek Road,
5C:93:A2:13:7B:A3,PS4-E7DB3746CF54,36.23060226,-115.28102875,5C:93:A2,11,wpa2,2025-03-14T18:00:00.000Z,2025-03-14T13:00:00.000Z,Las Vegas,NV,US,West Gilmore Avenue,89129
5C:93:A2:13:7C:D9,PS4-F58E0B49D318,48.73014832,44.5437355,5C:93:A2,11,unknown,2023-07-09T22:00:00.000Z,2026-07-30T11:00:00.000Z,Волгоград,Волгоградская область,RU,Батальонная улица,400005
5C:93:A2:13:83:BB,PS4-1AD4C1272251,33.6326828,-112.11193848,5C:93:A2,2,wpa2,2025-12-08T14:00:00.000Z,2025-12-09T06:00:00.000Z,Phoenix,AZ,US,West Paradise Lane,85023
5C:93:A2:13:8A:0B,PS4-B4FF43AA4770,39.15085983,-74.69399261,5C:93:A2,11,wpa2,2026-08-02T20:00:00.000Z,2026-08-02T13:00:00.000Z,,NJ,US,Pleasure Avenue,08243
5C:93:A2:13:A0:0D,PS4-5291A69488B7,33.79645538,-118.27526855,5C:93:A2,4,wpa2,2019-08-22T03:00:00.000Z,2025-03-09T07:00:00.000Z,Los Angeles,CA,US,North Wilmington Boulevard,90744
5C:93:A2:13:A5:4B,PS4-1C90FC7EED50,46.85247421,-100.77902985,5C:93:A2,6,wpa2,2026-05-12T00:00:00.000Z,2026-05-11T17:00:00.000Z,Bismarck,ND,US,East 43rd Avenue,58503
5C:93:A2:13:AA:4D,PS4-67288A8CBA6B,42.48348618,-96.06930542,5C:93:A2,3,wpa2,2026-04-11T08:00:00.000Z,2026-04-24T02:00:00.000Z,,IA,US,South 4th Street,51039
5C:93:A2:13:AE:2F,PS4-F141B0301FDA,59.36153793,16.5026207,5C:93:A2,6,wpa2,2026-08-19T19:00:00.000Z,2026-08-29T10:00:00.000Z,Eskilstuna,Södermanlands län,SE,Gillbergavägen,63229
5C:93:A2:13:B9:C5,PS4-8B65E3FE1101,-23.53930473,-46.73108673,5C:93:A2,6,wpa2,2025-08-24T04:00:00.000Z,2025-08-23T21:00:00.000Z,São Paulo,São Paulo,BR,,05317-000
5C:93:A2:13:C9:2D,PS4-8540B7FBBD1F,9.99573421,-84.13718414,5C:93:A2,1,wpa2,2001-01-01T00:00:00.000Z,2026-01-09T19:00:00.000Z,San Francisco,Provincia Heredia,CR,Calle Torres,40103
5C:93:A2:13:D7:9F,PS4-4052CD5FB312,37.50563812,-120.86660004,5C:93:A2,2,wep,2026-04-22T17:00:00.000Z,2026-08-21T17:00:00.000Z,Turlock,CA,US,Tawny Lane,95382
5C:93:A2:13:D8:D9,PS4-79B744B0E39B,36.34811401,-76.15455627,5C:93:A2,7,wpa2,2025-05-05T17:00:00.000Z,2025-05-11T13:00:00.000Z,,NC,US,US 158,27921
5C:93:A2:13:DF:51,PS4-406FD7A8CF32,-34.33552551,-56.70504761,5C:93:A2,10,wpa2,2025-02-11T01:00:00.000Z,2025-03-17T15:00:00.000Z,San José,San José,UY,Doctor Emilio Frugoni,80000
5C:93:A2:13:F0:55,PS4-03E5D3CCD013,49.03756714,8.29917812,5C:93:A2,11,wpa2,2018-09-15T15:00:00.000Z,2025-03-16T05:00:00.000Z,,Rheinland-Pfalz,DE,B 10,76744
5C:93:A2:13:F6:C3,PS4-FA43D0586C21,47.01356506,16.20005417,5C:93:A2,1,wpa2,2019-03-24T16:00:00.000Z,2025-01-22T04:00:00.000Z,,Burgenland,AT,Haarbergstraße,7562
5C:93:A2:13:FD:7D,PS4-19910B75E719,36.1896286,-115.23635864,5C:93:A2,6,wpa2,2025-12-17T19:00:00.000Z,2025-12-20T18:00:00.000Z,Las Vegas,NV,US,Neptune Drive,89108-7049
5C:93:A2:13:FE:3D,PS4-7CFE0425A877,36.28727722,-97.29294586,5C:93:A2,11,wpa2,2025-07-25T23:00:00.000Z,2025-08-22T07:00:00.000Z,,OK,US,Delaware Street,73077
5C:93:A2:14:06:B5,PS4-6D390D871868,36.14315033,-115.2995224,5C:93:A2,11,wpa2,2026-05-18T20:00:00.000Z,2026-05-18T13:00:00.000Z,Las Vegas,NV,US,Renwick Circle,89117-5351
5C:93:A2:14:0D:21,PS4-2061E2C84D2C,35.16949844,-106.52441406,5C:93:A2,11,wpa2,2019-02-28T19:00:00.000Z,2025-03-08T20:00:00.000Z,Albuquerque,NM,US,Eubank Boulevard Northeast,87122
5C:93:A2:14:15:BD,PS4-68AD4A7E37B4,49.9707489,-98.29179382,5C:93:A2,1,wpa2,2025-03-20T18:00:00.000Z,2026-04-22T15:00:00.000Z,Portage la Prairie,Manitoba,CA,Dufferin Avenue West,R1N 1T8
5C:93:A2:14:15:F1,PS4-B2C59D2B45C6,42.20413208,-111.40112305,5C:93:A2,6,wpa2,2025-09-04T20:00:00.000Z,2025-09-04T14:00:00.000Z,Bloomington,ID,US,North Main Street,
5C:93:A2:14:1B:01,PS4-FE13F126CA09,48.14679718,8.78841209,5C:93:A2,6,wpa2,2026-02-02T06:00:00.000Z,2026-02-02T04:00:00.000Z,,Baden-Württemberg,DE,Wörthstraße,78564
5C:93:A2:14:1F:07,PS4-0A2AFD5EF05F,36.92170715,-93.9352417,5C:93:A2,1,wpa2,2024-12-16T18:00:00.000Z,2024-12-16T10:00:00.000Z,,MO,US,West Cale Street,65708
5C:93:A2:14:25:E3,PS4-734B433B0B86,32.31465149,-106.82040405,5C:93:A2,1,wpa2,2025-03-10T01:00:00.000Z,2025-03-09T20:00:00.000Z,Las Cruces,NM,US,Roadrunner Lane,88005-2422
5C:93:A2:14:27:D3,PS4-138F5DBD89BC,33.65104294,-112.20009613,5C:93:A2,6,wpa2,2026-02-24T19:00:00.000Z,2026-02-24T15:00:00.000Z,Glendale,AZ,US,North 65th Avenue,85308
5C:93:A2:14:2F:03,PS4-85E29CBACC02,42.98344421,-90.64862823,5C:93:A2,4,wpa2,2022-07-22T16:00:00.000Z,2025-07-19T09:00:00.000Z,,WI,US,9th Street,53809
5C:93:A2:14:39:7B,PS4-463D2F35C9CF,43.67071915,-79.30656433,5C:93:A2,1,wpa2,2026-04-20T23:00:00.000Z,2026-04-20T16:00:00.000Z,Old Toronto,Ontario,CA,Woodbine Avenue,M4L 1P3
5C:93:A2:14:39:D7,PS4-1A6CA6F0FF00,28.33172607,-81.38411713,5C:93:A2,10,wpa2,2024-11-05T12:00:00.000Z,2024-11-05T13:00:00.000Z,Kissimmee,FL,US,Dana Lane,32837-6600
5C:93:A2:14:3F:55,,41.58449173,-93.78538513,5C:93:A2,10,unknown,2026-04-03T23:00:00.000Z,2026-04-03T18:00:00.000Z,West Des Moines,IA,US,Ashworth Road,50266
5C:93:A2:14:41:27,PS4-A210B996DA23,63.40562057,10.3293438,5C:93:A2,13,wpa2,2025-12-22T19:00:00.000Z,2026-04-12T20:00:00.000Z,Trondheim,Trøndelag,NO,Bjørnebyvegen,7025
5C:93:A2:14:4F:BD,PS4-34BF054D1DDC,38.04399109,-121.35910797,5C:93:A2,11,wpa2,2024-11-09T15:00:00.000Z,2024-11-09T07:00:00.000Z,Stockton,CA,US,Iron Canyon Circle,95209
5C:93:A2:14:54:37,PS4-ED285118FBC5,43.15988922,-77.55968475,5C:93:A2,4,none,2024-01-21T09:00:00.000Z,2026-07-08T22:00:00.000Z,City of Rochester,NY,US,East Main Street,14609
5C:93:A2:14:6A:51,PS4-4AA980A953F9,40.48847198,-88.94496155,5C:93:A2,11,wpa2,2021-10-28T19:00:00.000Z,2026-06-23T11:00:00.000Z,Bloomington,IL,US,East Empire Street,61702
5C:93:A2:14:6C:95,PS4-09F23DFF9231,34.19395828,-118.47813416,5C:93:A2,11,wpa2,2025-03-07T21:00:00.000Z,2026-02-03T22:00:00.000Z,Los Angeles,CA,US,Vanowen Street,91406
5C:93:A2:14:82:19,PS4-D449404B8DBD,-34.6227951,-58.42210007,5C:93:A2,9,wpa2,2024-07-29T03:00:00.000Z,2026-01-01T14:00:00.000Z,Buenos Aires,Ciudad Autónoma de Buenos Aires,AR,Quintino Bocayuva,C1126AAS
5C:93:A2:14:83:BB,PS4-10FEEA28F4F9,44.02810669,-92.47518158,5C:93:A2,11,wpa2,2024-07-12T13:00:00.000Z,2024-12-30T15:00:00.000Z,Rochester,MN,US,Civic Center Drive Northwest,55903
5C:93:A2:14:86:DF,PS4-6B5DDA988727,33.24133682,-97.14621735,5C:93:A2,2,wpa2,2026-08-26T07:00:00.000Z,2026-08-26T00:00:00.000Z,Denton,TX,US,West Windsor Drive,76207
5C:93:A2:14:89:F7,PS4-F6DBCE5E1C41,41.33595276,21.5651474,5C:93:A2,10,wpa2,2025-03-27T10:00:00.000Z,2025-03-27T05:00:00.000Z,Прилеп,Пелагониски СР,MK,Вера Циривири - Трена,7500
5C:93:A2:14:8E:C1,PS4-C7B536405FFF,33.66890717,-112.1255722,5C:93:A2,6,wpa2,2015-12-30T16:00:00.000Z,2025-03-08T21:00:00.000Z,Phoenix,AZ,US,Agua Fria Freeway,85027
5C:93:A2:14:A5:B7,PS4-BCBF996BDA9F,33.51125717,-84.40828705,5C:93:A2,1,wpa2,2026-07-13T18:00:00.000Z,2026-07-13T11:00:00.000Z,,GA,US,Thomas Road,30238
5C:93:A2:14:AE:A5,PS4-D95D15006808,52.07089615,4.32523155,5C:93:A2,1,wpa2,2017-05-22T13:00:00.000Z,2026-07-14T07:00:00.000Z,Den Haag,Zuid-Holland,NL,Rijswijkseweg,2515RN
5C:93:A2:14:B6:4D,PS4-0DA1C475791E,29.53688049,-98.33304596,5C:93:A2,6,wpa2,2026-07-22T20:00:00.000Z,2026-08-04T09:00:00.000Z,,TX,US,Toepperwein Road,78109
5C:93:A2:14:C4:A7,PS4-CCF0362CE8FA,41.66390991,-83.54855347,5C:93:A2,3,wpa2,2024-03-09T22:00:00.000Z,2025-02-14T06:00:00.000Z,Toledo,OH,US,Putnam Street,43620
5C:93:A2:14:C5:CF,PS4-2E2D51F5EAD8,33.40758514,-111.87889862,5C:93:A2,11,wpa2,2023-12-22T23:00:00.000Z,2026-08-17T14:00:00.000Z,Mesa,AZ,US,West Broadway Road,85202
5C:93:A2:14:C7:27,PS4-EAFBFE785D7E,42.94631958,-76.15961456,5C:93:A2,6,wpa2,2026-08-03T14:00:00.000Z,2026-08-03T07:00:00.000Z,,NY,US,Syracuse Tully Valley Road,13120
5C:93:A2:14:D1:41,PS4-477981AD21AA,33.17158127,-96.49401855,5C:93:A2,11,wpa2,2025-02-08T18:00:00.000Z,2025-02-08T10:00:00.000Z,Princeton,TX,US,East Hazelwood Street,75407
5C:93:A2:14:D2:C9,PS4-508EC2864C6E,33.99997711,-84.54595947,5C:93:A2,11,wpa2,2024-12-18T22:00:00.000Z,2024-12-23T08:00:00.000Z,Marietta,GA,US,Bells Ferry Road Northeast,30066-3861
5C:93:A2:14:D4:EF,PS4-ACA1F09F1BAC,39.06314468,-94.44745636,5C:93:A2,6,wpa2,2025-04-10T00:00:00.000Z,2025-04-09T21:00:00.000Z,Independence,MO,US,,64052
5C:93:A2:14:D8:3B,PS4-963F6B3358BA,-25.28523254,-57.60464859,5C:93:A2,6,wpa2,2024-07-31T19:00:00.000Z,2024-09-23T12:00:00.000Z,Asunción,Distrito Capital de Paraguay,PY,República de Siria,1441
5C:93:A2:14:E8:AD,PS4-2AE9E4E88FEE,51.31959915,7.32302713,5C:93:A2,6,wpa2,2025-01-30T15:00:00.000Z,2025-12-08T09:00:00.000Z,,Nordrhein-Westfalen,DE,Haßlinghauser Straße,58285
5C:93:A2:14:EE:A5,PS4-DA539D67DBDC,41.75546265,-124.20115662,5C:93:A2,11,wpa2,2026-07-16T00:00:00.000Z,2026-07-15T20:00:00.000Z,Crescent City,CA,US,8th Street,95531-4416
5C:93:A2:14:F3:AB,PS4-9C175C776BCE,58.4740448,12.26794529,5C:93:A2,1,wpa2,2024-10-12T07:00:00.000Z,2024-10-12T11:00:00.000Z,,Västra Götalands län,SE,E 45,
5C:93:A2:14:F9:0B,PS4-A04235A43BCC,33.49282837,-112.0729599,5C:93:A2,1,wpa2,2019-03-13T02:00:00.000Z,2025-03-08T21:00:00.000Z,Phoenix,AZ,US,North Central Avenue,85012
5C:93:A2:14:FF:63,PS4-ACD334E76F22,48.90110016,8.70815659,5C:93:A2,11,wpa2,2006-08-24T14:00:00.000Z,2026-04-09T13:00:00.000Z,Pforzheim,Baden-Württemberg,DE,Heinrich-Wieland-Allee,75177
5C:93:A2:15:00:61,PS4-EC635C4666EA,51.05492783,13.72110367,5C:93:A2,6,wpa2,2015-01-03T19:00:00.000Z,2025-02-04T05:00:00.000Z,Dresden,Sachsen,DE,Schweriner Straße,01067
5C:93:A2:15:06:63,PS4-DF872AF640A7,40.89749527,-73.9810791,5C:93:A2,1,wpa2,2024-08-24T17:00:00.000Z,2024-09-11T12:00:00.000Z,,NJ,US,West Palisade Avenue,07631
5C:93:A2:15:1E:F7,PS4-3A9A36B5ED8D,32.66575623,-96.2611618,5C:93:A2,11,wpa2,2026-03-25T13:00:00.000Z,2026-03-25T12:00:00.000Z,,TX,US,North State Highway 34,75161
5C:93:A2:15:20:67,,41.63433456,-93.73646545,5C:93:A2,8,unknown,2026-08-21T19:00:00.000Z,2026-08-21T20:00:00.000Z,Urbandale,IA,US,86th Street,50322
5C:93:A2:15:2D:A7,PS4-34497985A27B,42.0686264,-93.87507629,5C:93:A2,1,wpa2,2025-03-08T02:00:00.000Z,2025-03-07T18:00:00.000Z,,IA,US,Benton Street,50036
5C:93:A2:15:39:DD,PS4-CBC131470E8E,46.01229095,-73.15310669,5C:93:A2,1,wpa2,2026-09-01T16:00:00.000Z,2026-09-01T13:00:00.000Z,Sorel-Tracy,Québec,CA,Rue d'Angoulême,J3R 5M7
5C:93:A2:15:3C:BD,PS4-6362DEBAD67A,40.5283432,-74.41598511,5C:93:A2,4,wep,2016-09-09T18:00:00.000Z,2026-03-18T15:00:00.000Z,,NJ,US,Plainfield Avenue,08817
5C:93:A2:15:42:77,PS4-392631576C0F,33.87746048,-118.11720276,5C:93:A2,11,wpa2,2016-01-07T09:00:00.000Z,2026-03-02T14:00:00.000Z,,CA,US,Beach Street,90706
5C:93:A2:15:53:9F,PS4-2D9C737D7C48,47.47593307,19.07512283,5C:93:A2,6,wpa2,2026-01-28T21:00:00.000Z,2026-01-28T13:00:00.000Z,,Budapest,HU,Haller utca,1096
5C:93:A2:15:54:7D,PS4-ED93DFBB26D6,34.01476288,-117.88619232,5C:93:A2,11,wpa2,2024-11-12T00:00:00.000Z,2025-01-22T07:00:00.000Z,West Covina,CA,US,Nogales Street,91792
5C:93:A2:15:5D:AF,PS4-F676ABDFEE67,44.86379242,-93.2782135,5C:93:A2,1,wpa2,2025-02-22T16:00:00.000Z,2025-02-22T09:00:00.000Z,,MN,US,East 77th Street,55423-3926
5C:93:A2:15:74:F5,PS4-020D54AD7275,33.45682526,-112.25713348,5C:93:A2,1,wpa2,2026-07-20T14:00:00.000Z,2026-07-20T10:00:00.000Z,Tolleson,AZ,US,West Baden Street,85353
5C:93:A2:15:78:97,PS4-D8A577C7F69B,53.34523392,83.6596756,5C:93:A2,5,unknown,2026-06-18T15:00:00.000Z,2026-06-18T08:00:00.000Z,Барнаул,Алтайский край,RU,,656000
5C:93:A2:15:81:1D,PS4-4083C2595281,38.97172165,-94.68606567,5C:93:A2,11,wpa2,2026-07-16T16:00:00.000Z,2026-09-01T19:00:00.000Z,Overland Park,KS,US,Antioch Road,66085
5C:93:A2:15:89:01,PS4-485F854A6570,54.86705017,69.15063477,5C:93:A2,3,wpa2,2026-02-25T08:00:00.000Z,2026-04-02T01:00:00.000Z,Петропавл,Солтүстік Қазақстан облысы,KZ,ул. Абая,150000
5C:93:A2:15:89:ED,PS4-C77D53C2FAD0,37.09127808,-76.45711517,5C:93:A2,1,wpa2,2024-09-17T09:00:00.000Z,2024-09-17T12:00:00.000Z,,VA,US,Louise Drive,23601
5C:93:A2:15:97:EB,PS4-50A026F3943B,49.2595253,-123.06603241,5C:93:A2,1,wpa2,2026-05-02T00:00:00.000Z,2026-05-27T21:00:00.000Z,Vancouver,British Columbia,CA,East 12th Avenue,V5N
5C:93:A2:15:9A:61,PS4-912D3FA3572B,47.28385162,11.50825882,5C:93:A2,6,wpa2,2025-03-08T13:00:00.000Z,2025-03-08T06:00:00.000Z,,Tirol,AT,Bruckergasse,6060
5C:93:A2:15:A3:1B,PS4-151828208E79,51.45442581,-0.98614484,5C:93:A2,13,wpa2,2024-12-29T10:00:00.000Z,2024-12-29T03:00:00.000Z,,England,GB,Prospect Street,RG1 7YQ
5C:93:A2:15:A6:FD,PS4-2E3F350DABC1,40.80970383,-74.4666214,5C:93:A2,6,wpa2,2024-11-02T12:00:00.000Z,2026-01-02T15:00:00.000Z,Morris Township,NJ,US,East Hanover Avenue,07927
5C:93:A2:15:B2:DB,PS4-5ADADE051867,48.1924057,-122.1203537,5C:93:A2,6,wpa2,2026-03-17T21:00:00.000Z,2026-03-19T00:00:00.000Z,,WA,US,East 1st Street,98223
5C:93:A2:15:B2:EB,PS4-3887C5214584,48.1548233,17.13384438,5C:93:A2,11,wpa2,2022-11-06T16:00:00.000Z,2026-03-18T11:00:00.000Z,Bratislava,Bratislavský kraj,SK,Záhradnícka,
5C:93:A2:15:B6:2B,PS4-0CAEA8C48A86,37.75384903,-121.12774658,5C:93:A2,4,wep,2017-04-04T11:00:00.000Z,2026-02-09T15:00:00.000Z,,CA,US,Colony Road,95366
5C:93:A2:15:B8:AD,PS4-D3B981DE395A,50.36235809,12.92961693,5C:93:A2,6,wpa2,2017-07-06T15:00:00.000Z,2024-10-21T12:00:00.000Z,,Severozápad,CZ,třída Dukelských hrdinů,36251
5C:93:A2:15:C1:5B,PS4-0461991696D6,41.27412033,-72.80519104,5C:93:A2,11,wpa2,2026-08-08T18:00:00.000Z,2026-08-08T12:00:00.000Z,,CT,US,South Montowese Street,06405
5C:93:A2:15:C5:35,PS4-1077F6C7C3F1,33.81080246,-84.35807037,5C:93:A2,3,wpa2,2026-08-24T19:00:00.000Z,2026-08-24T17:00:00.000Z,Atlanta,GA,US,Cheshire Bridge Road,30324
5C:93:A2:15:D1:7D,PS4-10BC2E38B066,45.37613678,-75.64382172,5C:93:A2,6,wpa2,2024-09-18T20:00:00.000Z,2024-09-18T15:00:00.000Z,Ottawa,Ontario,CA,Heatherington Road,K1V 9P5
5C:93:A2:15:D6:93,PS4-AE27E4883D61,36.82463074,-76.34112549,5C:93:A2,6,wpa2,2026-05-21T07:00:00.000Z,2026-05-21T04:00:00.000Z,Portsmouth City,VA,US,Winchester Drive,23707
5C:93:A2:15:DE:2B,PS4-8163332C9C54,52.14320755,-106.67019653,5C:93:A2,11,wpa2,2018-01-29T16:00:00.000Z,2025-05-15T14:00:00.000Z,Saskatoon,Saskatchewan,CA,Idylwyld Drive North,S7L 0Z9
5C:93:A2:15:E2:9F,,45.53107452,-73.63230133,5C:93:A2,0,unknown,2025-04-23T19:00:00.000Z,2025-04-25T17:00:00.000Z,Montréal,Québec,CA,Avenue Querbes,H3N 2B7
5C:93:A2:15:E4:6D,PS4-AAC0F23F1EC7,47.64858627,9.16292381,5C:93:A2,11,wpa2,2022-07-09T15:00:00.000Z,2025-01-01T07:00:00.000Z,,Thurgau,CH,Konstanzerstrasse,8280
5C:93:A2:15:EB:A9,PS4-841F835A0593,36.00553131,-114.9586792,5C:93:A2,1,wpa2,2025-05-20T19:00:00.000Z,2025-05-20T13:00:00.000Z,Henderson,NV,US,Cherry Drive,89002
5C:93:A2:15:EC:41,PS4-7B188CED4796,28.98703384,-81.98907471,5C:93:A2,11,wpa2,2025-07-27T19:00:00.000Z,2025-07-27T17:00:00.000Z,,FL,US,Southeast 161st Place,34491
5C:93:A2:15:FE:5D,PS4-EE12CB4649C0,47.05885696,15.4371891,5C:93:A2,6,wpa2,2025-07-15T11:00:00.000Z,2025-07-15T09:00:00.000Z,Graz,Steiermark,AT,Leitnergasse,8010
5C:93:A2:15:FF:1F,PS4-BCBE11C11283,36.52084351,-119.49494171,5C:93:A2,2,wpa2,2025-05-06T22:00:00.000Z,2025-05-08T16:00:00.000Z,,CA,US,Aspen Avenue,93631
5C:93:A2:15:FF:4B,PS4-B134FFE00014,44.06027222,-123.0311203,5C:93:A2,11,wpa2,2025-02-24T05:00:00.000Z,2025-02-23T22:00:00.000Z,Springfield,OR,US,Kelly Boulevard,97477-2635
5C:93:A2:16:03:85,PS4-7AF449AD4565,49.13349533,-123.11730957,5C:93:A2,6,wpa2,2024-09-21T02:00:00.000Z,2024-09-20T22:00:00.000Z,Richmond,British Columbia,CA,Steveston Highway,V7A 2W5
5C:93:A2:16:05:75,PS4-0D9352598D00,51.40410233,6.76468754,5C:93:A2,8,wpa2,2024-11-23T06:00:00.000Z,2026-08-21T04:00:00.000Z,Duisburg,Nordrhein-Westfalen,DE,Buchholzstraße,47055
5C:93:A2:16:0E:B7,PS4-3693EAC75F38,40.07686996,-74.86106873,5C:93:A2,6,wpa2,2024-01-08T21:00:00.000Z,2026-04-20T15:00:00.000Z,,NJ,US,West Broad Street,08016
5C:93:A2:16:11:79,PS4-5330FFEAF159,48.434021,-123.33522034,5C:93:A2,6,wpa2,2026-07-28T02:00:00.000Z,2026-08-02T12:00:00.000Z,Victoria,British Columbia,CA,Bay Street,V8R 2L1
5C:93:A2:16:1C:6D,PS4-AD8FB820F777,45.56157303,-122.64533234,5C:93:A2,6,wpa2,2019-07-18T15:00:00.000Z,2026-08-09T19:00:00.000Z,Portland,OR,US,Northeast Emerson Street,97211
5C:93:A2:16:1C:C1,PS4-DFF44C710DAD,34.11157608,-117.5946579,5C:93:A2,6,wpa2,2025-02-08T18:00:00.000Z,2025-02-08T16:00:00.000Z,Rancho Cucamonga,CA,US,Jadeite Avenue,91730
5C:93:A2:16:1E:A3,PS4-142B9CA82D82,4.69431114,-74.10011292,5C:93:A2,1,wpa2,2026-08-27T03:00:00.000Z,2026-08-26T22:00:00.000Z,Bogotá,Tabora,CO,Carrera 80,111051
5C:93:A2:16:25:9B,PS4-6050DF1A51D9,36.34070206,-86.55379486,5C:93:A2,6,wpa2,2026-04-19T01:00:00.000Z,2026-04-18T19:00:00.000Z,,TN,US,,
5C:93:A2:16:28:FD,PS4-010E25C3CEB1,41.24158096,-95.98610687,5C:93:A2,11,wpa2,2016-06-09T16:00:00.000Z,2024-11-19T00:00:00.000Z,Omaha,NE,US,Center Street,68106
5C:93:A2:16:2C:61,PS4-2AA90B73239D,47.6022644,19.34268379,5C:93:A2,6,wpa2,2026-08-05T19:00:00.000Z,2026-08-05T13:00:00.000Z,,Közép-Magyarország,HU,Dózsa György út,2100
5C:93:A2:16:3E:53,PS4-1EDD54B125B4,57.69836426,11.93487167,5C:93:A2,4,wpa2,2016-10-14T18:00:00.000Z,2025-09-06T07:00:00.000Z,Göteborg,Västra Götalands län,SE,Kjellmansgatan,41463
5C:93:A2:16:3E:C9,PS4-96EF7F8B32CF,26.17648506,-80.21124268,5C:93:A2,11,wpa2,2025-07-27T07:00:00.000Z,2025-07-27T01:00:00.000Z,Lauderdale Lakes,FL,US,Northwest 41st Place,33319
5C:93:A2:16:47:2B,PS4-C9084C4FCCDB,33.60654831,-114.62665558,5C:93:A2,6,wpa2,2017-04-04T12:00:00.000Z,2025-03-08T20:00:00.000Z,,CA,US,I 10,92226
5C:93:A2:16:4B:B7,PS4-99275BB50AE9,35.59371948,-114.26917267,5C:93:A2,11,wpa2,2026-03-30T21:00:00.000Z,2026-04-03T10:00:00.000Z,,AZ,US,Pierce Ferry Road,86441
5C:93:A2:16:58:59,PS4-A8E4F4FF3046,53.86647034,-1.93458879,5C:93:A2,11,wpa2,2024-09-08T18:00:00.000Z,2024-09-08T12:00:00.000Z,Bradford,England,GB,North Dean Road,BD22 6JB
5C:93:A2:16:74:0B,PS4-BEC526A7B663,33.5879631,-111.96927643,5C:93:A2,6,wpa2,2016-06-06T01:00:00.000Z,2025-03-08T20:00:00.000Z,Scottsdale,AZ,US,North 52nd Street,85254
5C:93:A2:16:79:E7,PS4-6E6A404690B1,36.60243607,-121.83746338,5C:93:A2,1,wpa2,2018-01-15T03:00:00.000Z,2025-09-17T21:00:00.000Z,Seaside,CA,US,Hilby Avenue,93955
5C:93:A2:16:7B:0F,PS4-64D981E65351,40.74266052,-73.9776535,5C:93:A2,6,wpa2,2024-02-20T17:00:00.000Z,2024-10-24T16:00:00.000Z,City of New York,NY,US,2nd Avenue,10016
5C:93:A2:16:7B:B5,PS4-F74D26AA9996,48.43588257,-123.32852936,5C:93:A2,11,wpa2,2026-05-06T15:00:00.000Z,2026-09-03T22:00:00.000Z,,British Columbia,CA,Richmond Road,V8R 4S8
5C:93:A2:16:86:67,PS4-06C8FA0FC857,40.91810989,-74.09194183,5C:93:A2,11,wpa2,2026-07-01T14:00:00.000Z,2026-07-01T09:00:00.000Z,,NJ,US,Saddle River Road,07663
5C:93:A2:16:8E:6F,PS4-5EBF0489A030,37.21937943,-93.29481506,5C:93:A2,6,wpa2,2020-07-02T00:00:00.000Z,2025-03-29T05:00:00.000Z,Springfield,MO,US,North Lyon Avenue,65802
5C:93:A2:16:8E:91,PS4-42D71EE1351A,37.6510582,-120.99929047,5C:93:A2,1,wpa2,2022-08-02T15:00:00.000Z,2026-04-21T17:00:00.000Z,Modesto,CA,US,West Morris Avenue,95354
5C:93:A2:16:96:4F,PS4-A898A18DA0EA,41.00111008,-74.33712006,5C:93:A2,10,wpa2,2016-07-01T12:00:00.000Z,2026-02-21T17:00:00.000Z,,NJ,US,High Street,07405
5C:93:A2:16:96:CB,PS4-39D2692A8240,51.4385643,16.83500481,5C:93:A2,11,wpa2,2021-10-16T16:00:00.000Z,2024-12-11T02:00:00.000Z,,województwo dolnośląskie,PL,,55-110
5C:93:A2:16:9C:AD,PS4-FBC289F88BD2,33.29713058,-111.69967651,5C:93:A2,5,wpa2,2023-11-14T23:00:00.000Z,2025-03-09T07:00:00.000Z,Gilbert,AZ,US,South Rittenhouse Road,85297
5C:93:A2:16:A3:7D,PS4-4C1F1AC41CC2,56.81624222,60.61530304,5C:93:A2,3,unknown,2024-11-07T13:00:00.000Z,2024-11-07T06:00:00.000Z,Екатеринбург,Свердловская область,RU,улица Фурманова,620142
5C:93:A2:16:AB:EF,PS4-4902B9347618,40.81246185,-96.65853119,5C:93:A2,6,wpa2,2022-03-09T17:00:00.000Z,2026-01-18T16:00:00.000Z,Lincoln,NE,US,South 44th Street,68510
5C:93:A2:16:B7:45,PS4-5EB4314DA482,-37.84368134,144.98535156,5C:93:A2,8,wpa2,2024-11-07T11:00:00.000Z,2024-11-20T15:00:00.000Z,Melbourne,Victoria,AU,Punt Road,3141
5C:93:A2:16:C2:83,PS4-C1DA58D4E79C,39.12478256,-94.42182922,5C:93:A2,1,wpa2,2024-06-11T14:00:00.000Z,2025-06-14T18:00:00.000Z,Independence,MO,US,North Delaware Street,64050
5C:93:A2:16:C5:0F,PS4-E75DB8008A95,45.74952316,-122.6216507,5C:93:A2,11,wpa2,2016-04-27T17:00:00.000Z,2026-09-04T11:00:00.000Z,Vancouver,WA,US,Northeast 50th Avenue,98686
5C:93:A2:16:C6:CD,PS4-1DD1105F121B,33.89925003,-118.08774567,5C:93:A2,6,wpa2,2025-01-06T19:00:00.000Z,2025-01-07T15:00:00.000Z,Norwalk,CA,US,Potter Street,90650
5C:93:A2:16:C7:47,PS4-A8687C523532,60.39884949,5.30494404,5C:93:A2,6,wpa2,2025-08-22T07:00:00.000Z,2025-08-22T02:00:00.000Z,Bergen,Vestland,NO,Haugeveien,5005
5C:93:A2:16:C9:8F,PS4-BDF2469EF59B,35.23020554,-81.21723938,5C:93:A2,1,wpa2,2026-08-31T10:00:00.000Z,2026-08-31T08:00:00.000Z,Gastonia,NC,US,Davis Park Road,28052
5C:93:A2:16:CF:55,PS4-E69DFC257446,30.4957962,-97.67871857,5C:93:A2,2,wpa2,2026-07-14T01:00:00.000Z,2026-07-26T18:00:00.000Z,Round Rock,TX,US,South Interstate 35,78664
5C:93:A2:16:D2:69,PS4-1949C551CA5B,-33.40670776,-70.7171936,5C:93:A2,7,wpa2,2025-10-22T20:00:00.000Z,2025-12-16T15:00:00.000Z,Renca,Región Metropolitana de Santiago,CL,Valle de la Luna,9100277
5C:93:A2:16:D3:63,PS4-E9A376710BD0,34.01166534,-84.47299957,5C:93:A2,6,wpa2,2015-08-16T16:00:00.000Z,2025-04-28T23:00:00.000Z,,GA,US,Post Oak Tritt Road Northeast,30075
5C:93:A2:16:D9:45,PS4-773E2BAC8A31,41.89070129,-87.63568878,5C:93:A2,4,wpa2,2025-01-02T05:00:00.000Z,2025-01-01T22:00:00.000Z,Chicago,IL,US,West Illinois Street,60654
5C:93:A2:16:E9:A1,PS4-33B8905A407E,55.80164719,37.54296875,5C:93:A2,6,unknown,2017-03-05T00:00:00.000Z,2026-08-10T12:00:00.000Z,Москва,Москва,RU,Красноармейская улица,125167
5C:93:A2:16:EB:6F,PS4-D3912BBBF6BA,39.99712753,-75.10300446,5C:93:A2,6,wpa2,2025-04-03T22:00:00.000Z,2025-04-03T21:00:00.000Z,Philadelphia,PA,US,Frankford Avenue,19114:19134
5C:93:A2:16:ED:4D,PS4-B9A6F0B0927A,26.20840836,-80.27103424,5C:93:A2,6,wpa2,2025-08-25T15:00:00.000Z,2025-08-25T09:00:00.000Z,,FL,US,West McNab Road,33321
5C:93:A2:16:EE:BB,PS4-EA27438D0321,28.61535072,-80.82175446,5C:93:A2,1,wep,2026-07-03T16:00:00.000Z,2026-07-18T19:00:00.000Z,,FL,US,Garden Street,32796
5C:93:A2:16:F3:59,PS4-732F55E401E5,48.25947189,16.43839073,5C:93:A2,7,wpa2,2024-11-15T22:00:00.000Z,2025-06-07T01:00:00.000Z,Wien,Leopoldau,AT,Eipeldauer Straße,1220
5C:93:A2:16:FA:57,PS4-412457CFE874,50.64850998,4.15933561,5C:93:A2,6,wpa2,2022-12-07T12:00:00.000Z,2024-09-19T06:00:00.000Z,Rebecq-Rognon,Brabant wallon,BE,Route de Bruxelles,1430
5C:93:A2:16:FF:1D,PS4-08AA29CBEEA6,51.36567688,6.7518034,5C:93:A2,6,wpa2,2023-10-23T13:00:00.000Z,2024-09-23T03:00:00.000Z,Duisburg,Nordrhein-Westfalen,DE,Düsseldorfer Landstraße,47259
5C:93:A2:17:09:AF,PS4-EA882817C271,45.52413559,-73.9439621,5C:93:A2,6,wpa2,2024-11-15T22:00:00.000Z,2024-11-15T14:00:00.000Z,,Québec,CA,34e Avenue,J0N 1P0
5C:93:A2:17:15:CF,PS4-DA45DC438850,35.62033463,-97.53165436,5C:93:A2,1,wpa2,2026-03-06T13:00:00.000Z,2026-03-06T06:00:00.000Z,Oklahoma City,OK,US,North Western Avenue,73003
5C:93:A2:17:2E:FF,PS4-C87B73002A49,39.48279953,-119.74429321,5C:93:A2,6,wpa2,2018-09-20T14:00:00.000Z,2026-05-28T18:00:00.000Z,Reno,NV,US,Mediterranean Avenue,89521
5C:93:A2:17:31:9B,PS4-A3FD15B6075B,34.1640892,-118.31085205,5C:93:A2,6,wpa2,2015-09-16T18:00:00.000Z,2024-11-08T21:00:00.000Z,Burbank,CA,US,West Alameda Avenue,91506
5C:93:A2:17:35:27,PS4-61A9F6AA2F7F,33.41287994,-111.92405701,5C:93:A2,6,wpa2,2016-05-15T20:00:00.000Z,2025-03-09T00:00:00.000Z,Tempe,AZ,US,East Spence Avenue,85287
5C:93:A2:17:36:E5,PS4-8638E0AD7F18,50.6699791,17.98710632,5C:93:A2,11,wpa2,2025-02-24T15:00:00.000Z,2025-02-25T01:00:00.000Z,Opole,województwo opolskie,PL,Thomasa Wilsona,45-429
5C:93:A2:17:38:0B,PS4-DFAF694D5263,41.71694565,-87.63385773,5C:93:A2,6,wpa2,2016-12-05T05:00:00.000Z,2025-03-08T21:00:00.000Z,Chicago,IL,US,South Eggleston Avenue,60628
5C:93:A2:17:3E:DF,PS4-3B2C6438A89D,1.38639796,103.76004791,5C:93:A2,6,wpa2,2024-11-09T13:00:00.000Z,2025-05-25T07:00:00.000Z,,Northwest,SG,Running Track,670625
5C:93:A2:17:3F:E1,PS4-D312D56B4D78,38.04341888,-84.47071838,5C:93:A2,1,wpa2,2025-04-16T16:00:00.000Z,2025-04-16T14:00:00.000Z,Lexington,KY,US,East Seventh Street,40505-4011
5C:93:A2:17:44:BD,PS4-2FBC9C2533FC,52.13315582,4.62876606,5C:93:A2,1,wpa2,2026-05-19T14:00:00.000Z,2026-07-25T07:00:00.000Z,,Zuid-Holland,NL,Maatschapslaan,2404CL
5C:93:A2:17:4E:F1,PS4-C6D7390F987E,34.10543442,-118.09973145,5C:93:A2,6,wpa2,2020-12-26T12:00:00.000Z,2026-08-20T20:00:00.000Z,San Gabriel,CA,US,Del Mar Avenue,91778
5C:93:A2:17:52:71,PS4-7C2E64DCEC37,54.35245895,18.54979515,5C:93:A2,1,wpa2,2026-05-23T14:00:00.000Z,2026-05-23T13:00:00.000Z,Gdańsk,województwo pomorskie,PL,Generała Władysława Andersa,80-283
5C:93:A2:17:52:A7,PS4-A06E6658DA24,36.42713928,-77.59841156,5C:93:A2,1,wpa2,2025-09-02T16:00:00.000Z,2025-09-02T15:00:00.000Z,,NC,US,West 3rd Street,27890
5C:93:A2:17:54:65,PS4-792743D07463,33.33164597,-84.18312073,5C:93:A2,1,wpa2,2026-04-18T21:00:00.000Z,2026-04-18T15:00:00.000Z,,GA,US,Fincher Road,30248
5C:93:A2:17:57:FF,PS4-010A4BEA9125,50.06646729,14.28970337,5C:93:A2,1,wpa2,2026-05-28T21:00:00.000Z,2026-08-11T12:00:00.000Z,Hlavní město Praha,Praha,CZ,Strojírenská,15521
5C:93:A2:17:59:7D,PS4-4C1A90AD34BC,4.58295488,-74.12425232,5C:93:A2,11,wpa2,2026-01-11T00:00:00.000Z,2026-02-04T06:00:00.000Z,Bogotá,Inglés,CO,Diagonal 41A Sur,111811
5C:93:A2:17:63:99,PS4-71D8F129583B,41.92350769,-88.78372955,5C:93:A2,1,wpa2,2021-10-25T12:00:00.000Z,2024-10-05T14:00:00.000Z,,IL,US,Farmstead Lane,60115
5C:93:A2:17:69:51,,40.59211731,-91.42470551,5C:93:A2,3,unknown,2026-08-01T17:00:00.000Z,2026-08-01T13:00:00.000Z,,IA,US,US 61,52627
5C:93:A2:17:76:9F,PS4-5EC27E95CB62,35.67628098,139.59721375,5C:93:A2,6,wpa2,2025-11-30T02:00:00.000Z,2025-11-30T07:00:00.000Z,世田谷区,北烏山六丁目,JP,,157-0061
5C:93:A2:17:87:09,PS4-4C646EC7F900,46.13494873,-90.57637787,5C:93:A2,11,wpa2,2025-08-14T00:00:00.000Z,2025-08-15T10:00:00.000Z,,WI,US,East Broadway,54527
5C:93:A2:17:8D:5D,PS4-AE18968C11F4,-39.64077377,-72.3271637,5C:93:A2,6,wpa2,2024-09-16T16:00:00.000Z,2024-09-17T10:00:00.000Z,,Región de Los Ríos,CL,Ramón Freire,
5C:93:A2:17:90:11,PS4-8CAB3630D807,19.28225899,-81.3739624,5C:93:A2,6,wpa2,2025-10-01T22:00:00.000Z,2025-10-10T14:00:00.000Z,,George Town,KY,Fairbanks Road,KY1-9000
5C:93:A2:17:A1:B9,PS4-F16AFEDC8256,35.00025177,-91.98168182,5C:93:A2,1,wpa2,2025-01-31T09:00:00.000Z,2025-03-01T00:00:00.000Z,,AR,US,West Allison Street,72007
5C:93:A2:17:A9:0B,PS4-EA8997F84C08,38.14188766,13.34746933,5C:93:A2,6,wpa2,2025-10-30T09:00:00.000Z,2025-10-30T02:00:00.000Z,Palermo,Sicilia,IT,Via Marchese di Roccaforte,90143
5C:93:A2:17:AB:2F,PS4-CAF0D8A8ACC5,42.3540802,-71.13021088,5C:93:A2,6,wpa2,2024-07-21T19:00:00.000Z,2025-03-06T19:00:00.000Z,Boston,MA,US,Linden Street,02134
5C:93:A2:17:C2:DF,PS4-1A549021E8D2,33.64722061,-117.75844574,5C:93:A2,11,wpa2,2025-08-03T20:00:00.000Z,2025-08-03T14:00:00.000Z,Irvine,CA,US,Bianco,92618
5C:93:A2:17:C6:65,PS4-009F018D5648,32.61318588,-85.47436523,5C:93:A2,11,wpa2,2024-09-26T00:00:00.000Z,2024-09-25T18:00:00.000Z,Auburn,AL,US,Opelika Road,36830
5C:93:A2:17:CC:A9,PS4-87B11CCBC3F7,40.75065613,-74.04548645,5C:93:A2,11,wpa2,2025-02-22T20:00:00.000Z,2025-02-22T15:00:00.000Z,Jersey City,NJ,US,Congress Street,07307
5C:93:A2:17:D8:89,PS4-3687EB44470E,40.04412079,-75.22901154,5C:93:A2,11,wpa2,2024-03-01T17:00:00.000Z,2026-01-31T19:00:00.000Z,Philadelphia,PA,US,Ridge Avenue,19128
5C:93:A2:17:D9:15,PS4-EA5BF2165D3D,56.95772552,24.12548637,5C:93:A2,6,wpa2,2024-10-05T11:00:00.000Z,2025-06-20T14:00:00.000Z,Rīga,Vidzeme,LV,Stabu iela,LV-1011
5C:93:A2:17:DD:DB,PS4-969495608DA1,42.25566483,-71.82302094,5C:93:A2,1,wpa2,2019-07-15T03:00:00.000Z,2026-07-15T06:00:00.000Z,Worcester,MA,US,Dewey Street,01610
5C:93:A2:17:E5:B7,PS4-96776C92FB50,48.44958496,-123.39849091,5C:93:A2,11,wpa2,2024-07-01T00:00:00.000Z,2025-11-24T11:00:00.000Z,,British Columbia,CA,Tillicum Road,V9A 1M7
5C:93:A2:17:EA:2D,PS4-B13779D3FB59,42.27323532,-83.74937439,5C:93:A2,6,wpa2,2025-06-16T23:00:00.000Z,2025-06-16T17:00:00.000Z,Ann Arbor,MI,US,South Main Street,48103
5C:93:A2:17:F5:7F,PS4-967EE946330B,52.91282654,12.80149651,5C:93:A2,1,wpa2,2021-07-31T11:00:00.000Z,2026-04-21T00:00:00.000Z,,Brandenburg,DE,Fehrbelliner Straße,16816
5C:93:A2:17:FA:57,PS4-6410A7C26FBD,50.09653473,14.4064579,5C:93:A2,2,wpa2,2022-01-21T23:00:00.000Z,2025-03-26T15:00:00.000Z,Hlavní město Praha,Praha,CZ,Na Valech,16000
5C:93:A2:18:00:99,PS4-F7CD7CFE4AD0,32.45898056,-99.7492218,5C:93:A2,11,wpa2,2026-01-08T15:00:00.000Z,2026-01-08T17:00:00.000Z,Abilene,TX,US,State Street,79603
5C:93:A2:18:01:67,Frontier2576,28.02742577,-82.2447052,5C:93:A2,11,none,2026-09-01T04:00:00.000Z,2026-09-01T00:00:00.000Z,,FL,US,McIntosh Road,33592
5C:93:A2:18:02:4F,PS4-ED55EC757FBA,33.83278275,-118.08920288,5C:93:A2,6,wpa2,2017-08-29T21:00:00.000Z,2025-03-08T20:00:00.000Z,,CA,US,216th Street,90716
5C:93:A2:18:09:63,PS4-BBFCE31BAB7E,48.81115723,9.32733822,5C:93:A2,11,wpa2,2025-04-03T06:00:00.000Z,2026-05-22T04:00:00.000Z,,Baden-Württemberg,DE,Beinsteiner Straße,71394
5C:93:A2:18:0B:45,PS4-E3AFFC1BA52B,46.51503754,-84.33353424,5C:93:A2,1,wpa2,2026-02-23T14:00:00.000Z,2026-02-23T07:00:00.000Z,Sault Ste. Marie,Ontario,CA,Bruce Street,P6A 1Y9
5C:93:A2:18:14:93,PS4-2B795B2E5461,53.53431702,-1.04916286,5C:93:A2,2,wpa2,2026-02-04T10:00:00.000Z,2026-08-25T16:00:00.000Z,Doncaster,England,GB,Nutwell Lane,DN3 3DL
5C:93:A2:18:15:C9,PS4-5B45A9132BCF,59.80298233,10.82321358,5C:93:A2,1,wpa2,2026-05-12T10:00:00.000Z,2026-05-18T07:00:00.000Z,,Viken,NO,Harald Hårfagres vei,1412
5C:93:A2:18:26:03,PS4-89FE7AC8208E,44.23845291,-76.53061676,5C:93:A2,1,wpa2,2025-06-02T01:00:00.000Z,2025-06-03T15:00:00.000Z,Kingston,Ontario,CA,Eldon Hall Place,K7M 1Y3
5C:93:A2:18:2B:7D,PS4-3AF1687E9AF7,4.61556101,-74.1164856,5C:93:A2,6,wpa2,2025-11-08T12:00:00.000Z,2025-12-14T10:00:00.000Z,Bogotá,Barcelona,CO,Transversal 53A,111621
5C:93:A2:18:50:09,PS4-5100B95005C6,52.09984589,-106.56598663,5C:93:A2,1,wpa2,2019-01-09T14:00:00.000Z,2026-07-12T22:00:00.000Z,Saskatoon,Saskatchewan,CA,Herold Road,S7V 0A7
5C:93:A2:18:5D:F3,PS4-85447BEAC9F8,38.93412018,-104.76835632,5C:93:A2,6,wpa2,2020-06-14T17:00:00.000Z,2025-01-24T16:00:00.000Z,Colorado Springs,CO,US,East Woodmen Road,80920
5C:93:A2:18:5E:D5,PS4-5FF697E22581,38.89022064,-75.43956757,5C:93:A2,3,wpa2,2017-02-10T05:00:00.000Z,2026-06-19T15:00:00.000Z,Milford,DE,US,Dupont Boulevard,19960
5C:93:A2:18:61:C5,PS4-B94AEE16CB42,51.52140427,0.0123899,5C:93:A2,1,wpa2,2026-08-26T18:00:00.000Z,2026-09-04T12:00:00.000Z,London,England,GB,Hermit Road,E16 4LE
5C:93:A2:18:6E:63,PS4-422EB15A1E3C,40.45190048,-79.7062912,5C:93:A2,6,wpa2,2025-03-28T18:00:00.000Z,2025-03-28T12:00:00.000Z,,PA,US,Logan Ferry Road,15239
5C:93:A2:18:72:6B,PS4-9F74E7A18362,33.36635971,-111.97355652,5C:93:A2,6,wpa2,2017-12-16T02:00:00.000Z,2025-03-08T20:00:00.000Z,Phoenix,AZ,US,South Arizona Grand Parkway,85044
5C:93:A2:18:76:A5,PS4-E7585DA15F88,45.51380157,-122.49905396,5C:93:A2,11,wpa2,2003-01-05T18:00:00.000Z,2026-04-11T12:00:00.000Z,Portland,OR,US,Southeast Main Street,97233
5C:93:A2:18:8B:C5,PS4-4A31C21A782B,33.60498047,-112.16851807,5C:93:A2,11,wpa2,2014-12-17T16:00:00.000Z,2025-03-08T21:00:00.000Z,Phoenix,AZ,US,North 51st Avenue,85304
5C:93:A2:18:91:DD,PS4-27A63FED0857,43.42573929,-70.76456451,5C:93:A2,11,wpa2,2026-07-25T13:00:00.000Z,2026-07-25T14:00:00.000Z,Sanford,ME,US,Breary Avenue,04073
5C:93:A2:18:A5:29,PS4-5DD264E4DD08,32.24993896,-110.94750214,5C:93:A2,1,wpa2,2025-08-01T23:00:00.000Z,2026-02-18T15:00:00.000Z,Tucson,AZ,US,East Grant Road,85724
5C:93:A2:18:C4:8D,PS4-D3C32A4E9516,43.47507095,-83.92093658,5C:93:A2,11,wpa2,2026-08-11T21:00:00.000Z,2026-08-15T16:00:00.000Z,,MI,US,South Adams Street,48604
5C:93:A2:18:D5:7F,PS4-20ECD88CD4DE,42.90998077,-85.57495117,5C:93:A2,6,wpa2,2026-06-22T16:00:00.000Z,2026-06-22T16:00:00.000Z,,MI,US,Lake Eastbrook Boulevard Southeast,49512
5C:93:A2:18:E8:B9,PS4-CB86637D7750,35.23168564,-89.94216156,5C:93:A2,1,wpa2,2025-11-09T18:00:00.000Z,2025-11-10T10:00:00.000Z,Memphis,TN,US,Hawkins Mill Road,38128
5C:93:A2:18:ED:43,PS4-34CE393E0F08,53.44540024,-113.38062286,5C:93:A2,11,wpa2,2026-02-04T17:00:00.000Z,2026-02-04T16:00:00.000Z,Edmonton,Alberta,CA,,T6T 2C1
5C:93:A2:18:F2:09,PS4-B33341DE5D1F,33.89097214,-117.49298096,5C:93:A2,6,wpa2,2018-10-31T06:00:00.000Z,2024-10-28T16:00:00.000Z,Riverside,CA,US,Dressage Lane,92515
5C:93:A2:18:F3:AD,PS4-3E174D771172,42.52865219,-92.44538879,5C:93:A2,3,wpa2,2026-07-15T13:00:00.000Z,2026-07-17T15:00:00.000Z,Cedar Falls,IA,US,East 11th Street,50613
5C:93:A2:18:F5:39,PS4-B2A87151377C,60.1870079,24.95462418,5C:93:A2,6,wpa2,2026-01-20T17:00:00.000Z,2026-01-20T10:00:00.000Z,Helsinki,Manner-Suomi,FI,Helsinginkatu,00530
5C:93:A2:19:01:E3,PS4-225FEBC9EB4A,36.28210068,-115.11416626,5C:93:A2,6,wpa2,2025-09-02T18:00:00.000Z,2025-09-02T13:00:00.000Z,North Las Vegas,NV,US,Jade Jaguar Street,89086
5C:93:A2:19:0A:CD,PS4-1690698DCCF2,33.52611542,-111.90020752,5C:93:A2,11,wpa2,2025-02-24T17:00:00.000Z,2025-03-23T12:00:00.000Z,Scottsdale,AZ,US,East Valley Vista Drive,85250
5C:93:A2:19:10:87,PS4-2F1B9D2E3DD0,37.95524597,-121.26021576,5C:93:A2,11,wpa2,2024-10-20T02:00:00.000Z,2024-12-26T15:00:00.000Z,Stockton,CA,US,East Main Street,95215
5C:93:A2:19:12:FB,PS4-C94C66EBF45A,42.91986465,-89.39304352,5C:93:A2,1,wpa2,2025-07-13T04:00:00.000Z,2025-08-07T10:00:00.000Z,,WI,US,Lisa Court,53575
5C:93:A2:19:19:31,PS4-8CC78D7069F6,45.51226044,-73.82776642,5C:93:A2,8,wpa2,2025-12-03T02:00:00.000Z,2025-12-06T15:00:00.000Z,Montréal,Québec,CA,Rue Pavillon,H8Z 1C2
5C:93:A2:19:19:C7,PS4-D48B8017037D,33.82449341,-118.02591705,5C:93:A2,6,wpa2,2023-02-11T00:00:00.000Z,2025-08-09T09:00:00.000Z,,CA,US,Orange Avenue,90630
5C:93:A2:19:22:57,PS4-85193B9623D1,33.47307587,-111.99203491,5C:93:A2,1,wpa2,2019-01-11T22:00:00.000Z,2025-03-09T00:00:00.000Z,Phoenix,AZ,US,East Oak Street,85008
5C:93:A2:19:35:75,PS4-0BF6A4CA4288,34.06497192,-118.45399475,5C:93:A2,6,wpa2,2019-06-23T13:00:00.000Z,2025-09-20T21:00:00.000Z,Los Angeles,CA,US,Veteran Avenue,90024
5C:93:A2:19:3E:85,PS4-F65DC1EEDB93,43.71359634,-79.42841339,5C:93:A2,6,wpa2,2022-01-01T20:00:00.000Z,2026-08-21T13:00:00.000Z,Toronto,Ontario,CA,Bathurst Street,M6B 3B1
5C:93:A2:19:3E:9D,PS4-3A4295F47B9C,48.12618637,-77.83444977,5C:93:A2,6,wpa2,2026-01-10T21:00:00.000Z,2026-01-10T14:00:00.000Z,Val-d'Or,Québec,CA,Rue de la Grève,J9P 0B9
5C:93:A2:19:49:1D,PS4-3DDF34FACD70,46.56205368,-120.59401703,5C:93:A2,6,wpa2,2025-11-05T01:00:00.000Z,2025-11-04T18:00:00.000Z,,WA,US,South 64th Avenue,98908
5C:93:A2:19:51:0B,PS4-FEF1A8D60322,-25.52829361,-49.24956894,5C:93:A2,9,wpa2,2023-11-27T17:00:00.000Z,2025-11-09T16:00:00.000Z,Curitiba,Paraná,BR,Rua Francisco Derosso,81770120
5C:93:A2:19:6E:37,PS4-E5DD9C2F5C34,47.64434052,-122.14307404,5C:93:A2,1,wpa2,2021-10-11T07:00:00.000Z,2024-10-09T16:00:00.000Z,Bellevue,WA,US,148th Avenue Northeast,98052-6800
5C:93:A2:19:74:49,PS4-DD17C9BEC55D,53.25808334,-113.56160736,5C:93:A2,11,wpa2,2024-11-24T02:00:00.000Z,2024-11-23T21:00:00.000Z,City of Leduc,Alberta,CA,Queen Elizabeth II Highway,T9E 8C4
5C:93:A2:19:76:AD,PS4-4D4C01D6E941,52.44483185,-1.84223819,5C:93:A2,1,wpa2,2025-04-06T16:00:00.000Z,2025-04-06T13:00:00.000Z,Birmingham,England,GB,Cateswell Road,B11 3DZ
5C:93:A2:19:7A:61,PS4-FEC42D79D133,33.39935684,-111.87060547,5C:93:A2,6,wpa2,2024-11-20T16:00:00.000Z,2025-01-03T06:00:00.000Z,Mesa,AZ,US,South Sycamore,85202
5C:93:A2:19:90:25,PS4-E7E99D3AB093,48.24318695,14.5096817,5C:93:A2,1,wpa2,2025-02-05T17:00:00.000Z,2025-02-05T11:00:00.000Z,,Oberösterreich,AT,B3,4310
5C:93:A2:19:93:33,PS4-5C57B9DEA022,39.58935928,2.67712855,5C:93:A2,6,wpa2,2026-05-10T16:00:00.000Z,2026-05-10T12:00:00.000Z,,Illes Balears,ES,Carrer d'Aragó,07008
5C:93:A2:19:99:5F,,53.69620132,10.78325272,5C:93:A2,6,unknown,2025-07-06T09:00:00.000Z,2025-07-06T07:00:00.000Z,,Schleswig-Holstein,DE,Schweriner Straße,23909
5C:93:A2:19:B8:07,PS4-39636EC0226C,43.79850388,-123.04587555,5C:93:A2,6,wpa2,2026-08-30T21:00:00.000Z,2026-08-30T15:00:00.000Z,,OR,US,I 5,97424
5C:93:A2:19:BD:71,PS4-ED5C51DD8F01,-26.16384888,28.08844948,5C:93:A2,1,wpa2,2024-03-17T11:00:00.000Z,2025-03-26T08:00:00.000Z,Johannesburg,Gauteng,ZA,8th Street,2001
5C:93:A2:19:BF:79,PS4-7B7393C8B76A,34.94696808,-86.58724213,5C:93:A2,10,wpa2,2025-12-09T00:00:00.000Z,2025-12-10T18:00:00.000Z,,AL,US,Charity Lane,35750
5C:93:A2:19:C9:4D,PS4-005C05D52EBB,41.95413208,-87.68375397,5C:93:A2,6,wpa2,2015-01-10T22:00:00.000Z,2025-03-08T20:00:00.000Z,Chicago,IL,US,West Irving Park Road,60625
5C:93:A2:19:CA:D5,PS4-2102C2466A2E,38.21870041,-104.63235474,5C:93:A2,6,wpa2,2026-03-20T03:00:00.000Z,2026-03-20T04:00:00.000Z,Pueblo,CO,US,West Pueblo Boulevard,81005
5C:93:A2:19:D0:1D,PS4-B43B5443E900,42.90084839,-87.88175964,5C:93:A2,1,wpa2,2018-07-19T20:00:00.000Z,2026-06-23T17:00:00.000Z,,WI,US,Drexel Boulevard,53172
5C:93:A2:19:D0:8D,PS4-B7E9B5537134,49.9286499,-98.00289154,5C:93:A2,6,wpa2,2025-03-22T04:00:00.000Z,2025-03-22T02:00:00.000Z,Rural Municipality of Portage la Prairie,Manitoba,CA,Second Street,R0H 0Y0
5C:93:A2:19:D0:F1,PS4-A91BD3FD8F83,26.23531723,-80.25384521,5C:93:A2,1,wpa2,2024-10-18T23:00:00.000Z,2025-02-07T20:00:00.000Z,Coral Springs,FL,US,North University Drive,33321
5C:93:A2:19:E4:DD,PS4-007E047DD921,52.09353638,5.11345005,5C:93:A2,6,wpa2,2019-02-13T03:00:00.000Z,2026-07-17T07:00:00.000Z,Utrecht,Utrecht,NL,Lange Koestraat,3511RM
5C:93:A2:19:EF:FB,PS4-546A7C5FC823,29.56548119,-82.47628021,5C:93:A2,6,wpa2,2024-08-03T00:00:00.000Z,2025-04-06T16:00:00.000Z,,FL,US,Archer Road,32608:32618
5C:93:A2:19:F2:41,PS4-E5DBB28200AA,33.49235916,-112.0738678,5C:93:A2,1,wpa2,2019-12-13T01:00:00.000Z,2025-03-08T20:00:00.000Z,Phoenix,AZ,US,West Clarendon Avenue,85012
5C:93:A2:19:F2:55,PS4-84B8B8DE0852,29.28038025,-94.82273102,5C:93:A2,1,wpa2,2026-05-31T16:00:00.000Z,2026-05-31T11:00:00.000Z,Galveston,TX,US,Mary Moody Northern Boulevard - 53rd Street,77551
5C:93:A2:19:F5:61,PS4-0107BC2153ED,40.65559006,-75.29341125,5C:93:A2,11,wpa2,2020-10-15T16:00:00.000Z,2025-07-21T19:00:00.000Z,Bethlehem Township,PA,US,Milan Street,18042:18045
5C:93:A2:19:F8:75,PS4-3CF13C6C4AFC,36.30383682,-115.19424438,5C:93:A2,10,wpa2,2025-11-17T14:00:00.000Z,2026-02-01T19:00:00.000Z,North Las Vegas,NV,US,Lody Fern Avenue,
5C:93:A2:1A:09:D1,PS4-AE94D09A49B6,33.49478912,-112.08236694,5C:93:A2,6,wpa2,2021-08-03T10:00:00.000Z,2025-03-08T21:00:00.000Z,Phoenix,AZ,US,West Indian School Road,85013
5C:93:A2:1A:0B:FF,PS4-B9AF2720B744,33.5402298,-112.099617,5C:93:A2,6,wpa2,2014-12-13T15:00:00.000Z,2025-03-08T20:00:00.000Z,Phoenix,AZ,US,North 19th Avenue,85021-5155
5C:93:A2:1A:0D:03,PS4-DA14F7360BE9,39.40483093,-75.01509094,5C:93:A2,1,wpa2,2025-06-07T15:00:00.000Z,2025-06-11T07:00:00.000Z,,NJ,US,NJ 55,07332
5C:93:A2:1A:0D:19,PS4-87EB103AA87B,39.42259598,-84.5815506,5C:93:A2,6,wpa2,2025-10-03T11:00:00.000Z,2025-12-09T12:00:00.000Z,,OH,US,Northwest Washington Boulevard,45013
5C:93:A2:1A:16:C3,,27.88105965,-82.6544342,5C:93:A2,9,unknown,2025-06-18T23:00:00.000Z,2025-06-18T21:00:00.000Z,Saint Petersburg,FL,US,I 275,33716
5C:93:A2:1A:18:A9,PS4-50FB29E6BE2D,42.25357437,-71.83354187,5C:93:A2,6,wpa2,2015-03-23T17:00:00.000Z,2025-03-08T21:00:00.000Z,Worcester,MA,US,Columbus Street,01603
5C:93:A2:1A:19:95,PS4-8CADC38CAC7F,42.21082306,-88.24433136,5C:93:A2,8,wpa2,2015-11-02T09:00:00.000Z,2026-07-07T11:00:00.000Z,,IL,US,Northwest Highway,60013
5C:93:A2:1A:1D:F5,PS4-9FB2DFE833CF,52.20678329,7.02785301,5C:93:A2,11,wpa2,2025-06-20T10:00:00.000Z,2025-07-10T11:00:00.000Z,,Nordrhein-Westfalen,DE,Eper Straße,48599
5C:93:A2:1A:24:ED,PS4-8EDA5A6321E1,46.50781631,-95.35327911,5C:93:A2,1,wpa2,2025-05-26T08:00:00.000Z,2025-05-26T17:00:00.000Z,,MN,US,US 10,56518
5C:93:A2:1A:2C:45,PS4-F47E7800D531,52.52595139,13.44817924,5C:93:A2,6,wpa2,2017-05-20T19:00:00.000Z,2024-09-10T22:00:00.000Z,Berlin,Hausburgviertel,DE,Petersburger Straße,10249
5C:93:A2:1A:36:97,PS4-7194F960498D,51.4980011,7.25722504,5C:93:A2,1,wpa2,2025-07-13T14:00:00.000Z,2025-07-13T09:00:00.000Z,Bochum,Nordrhein-Westfalen,DE,Castroper Hellweg,44805
5C:93:A2:1A:4A:AD,PS4-EC1DADD4D6C9,43.82184982,-111.79589844,5C:93:A2,6,wpa2,2026-05-25T21:00:00.000Z,2026-09-05T03:00:00.000Z,,ID,US,West 2nd South,83440
5C:93:A2:1A:4D:DD,PS4-C85C5BE59525,47.34518051,8.70745945,5C:93:A2,6,wpa2,2023-05-26T13:00:00.000Z,2024-10-28T09:00:00.000Z,,Zürich,CH,,8612
5C:93:A2:1A:55:65,PS4-6509619D7736,46.68588638,7.84105015,5C:93:A2,6,wpa2,2026-06-22T15:00:00.000Z,2026-06-22T10:00:00.000Z,,Bern/Berne,CH,Seidenfadenstrasse,3800
5C:93:A2:1A:5A:4D,PS4-D0FC89D6024B,40.42017746,-86.03130341,5C:93:A2,11,wpa2,2026-07-07T11:00:00.000Z,2026-07-07T05:00:00.000Z,,IN,US,East County Road 400 South,46936
5C:93:A2:1A:62:31,,43.99064636,-72.13002014,5C:93:A2,9,none,2026-08-26T16:00:00.000Z,2026-08-27T11:00:00.000Z,,VT,US,South Main Street,05033
5C:93:A2:1A:68:27,PS4-89FA317932F8,60.52552414,26.8815403,5C:93:A2,6,wpa2,2024-11-30T12:00:00.000Z,2024-11-30T10:00:00.000Z,Kotka,Manner-Suomi,FI,Karpalopolku,48710
5C:93:A2:1A:74:EB,PS4-A760C7567B49,34.04902649,-118.22573853,5C:93:A2,1,wpa2,2024-11-21T21:00:00.000Z,2024-11-21T16:00:00.000Z,Los Angeles,CA,US,Park Paseo,90033
5C:93:A2:1A:77:45,PS4-7576AE0DDB5F,37.22492218,-93.26915741,5C:93:A2,6,wpa2,2025-03-18T17:00:00.000Z,2025-03-19T13:00:00.000Z,Springfield,MO,US,Jordan Creek Greenway,65897
5C:93:A2:1A:7F:8F,PS4-7B07582B03FA,40.00117111,-75.11023712,5C:93:A2,11,wpa2,2026-03-13T14:00:00.000Z,2026-03-25T15:00:00.000Z,Philadelphia,PA,US,I Street,19124
5C:93:A2:1A:80:77,PS4-6D4742A55194,37.77275848,-122.27053833,5C:93:A2,6,wpa2,2025-05-07T23:00:00.000Z,2025-05-07T16:00:00.000Z,,CA,US,Ninth Street,94501
5C:93:A2:1A:83:07,PS4-6335FB5097E6,41.87127304,12.52699852,5C:93:A2,13,wpa2,2024-12-31T19:00:00.000Z,2024-12-31T11:00:00.000Z,Roma,Lazio,IT,Via Appia Nuova,00181
5C:93:A2:1A:94:BF,PS4-8C25537F38DB,32.94505692,-96.81938934,5C:93:A2,6,wpa2,2025-01-07T14:00:00.000Z,2025-01-07T06:00:00.000Z,Dallas,TX,US,Dallas Parkway,75001
5C:93:A2:1A:98:1D,PS4-B8A19B389F93,44.84549332,-93.38891602,5C:93:A2,11,wpa2,2025-06-14T20:00:00.000Z,2026-08-12T16:00:00.000Z,,MN,US,West Bush Lake Road,55438
5C:93:A2:1A:AA:8D,PS4-152BAE806A99,32.98892975,-117.06890106,5C:93:A2,1,wpa2,2023-10-14T00:00:00.000Z,2026-06-04T08:00:00.000Z,San Diego,CA,US,Camino del Norte,92128
5C:93:A2:1A:B7:59,PS4-1859A5D3FB15,47.55551147,13.69314957,5C:93:A2,6,wpa2,2025-05-02T16:00:00.000Z,2025-05-02T10:00:00.000Z,,Oberösterreich,AT,Hallstätterseestraße,4831
5C:93:A2:1A:B8:43,PS4-405814F2E7D6,-1.66068423,-78.65683746,5C:93:A2,6,wpa2,2024-01-03T19:00:00.000Z,2024-09-06T10:00:00.000Z,Riobamba,Chimborazo,EC,Los Cipreses,060105
5C:93:A2:1A:B8:AB,PS4-CA1BDD88F5C3,36.29903793,-115.31482697,5C:93:A2,3,wpa2,2026-07-07T23:00:00.000Z,2026-07-21T17:00:00.000Z,Las Vegas,NV,US,North Hualapai Way,89166
5C:93:A2:1A:E4:57,PS4-77E2AFC78CAF,47.57814407,-122.68645477,5C:93:A2,11,wpa2,2026-01-26T22:00:00.000Z,2026-01-26T18:00:00.000Z,Bremerton,WA,US,Shorewood Drive,98312
5C:93:A2:1A:E7:5B,PS4-EC17616DF802,36.09548187,-115.10704041,5C:93:A2,1,wpa2,2025-10-15T17:00:00.000Z,2026-06-16T13:00:00.000Z,,NV,US,Casey Drive,89120
5C:93:A2:1B:00:89,,36.60914612,-82.21416473,5C:93:A2,0,unknown,2024-12-23T09:00:00.000Z,2025-01-20T11:00:00.000Z,Bristol,VA,US,I 81;US 58,37621
5C:93:A2:1B:03:4F,PS4-EE7174D5CA4C,45.6964798,-122.54499817,5C:93:A2,1,wpa2,2025-12-22T02:00:00.000Z,2025-12-21T22:00:00.000Z,Vancouver,WA,US,Northeast 124th Avenue,98682
5C:93:A2:1B:05:03,PS4-B583BA52599B,32.19015503,-110.84617615,5C:93:A2,1,wpa2,2026-04-12T00:00:00.000Z,2026-04-23T02:00:00.000Z,Tucson,AZ,US,East 38th Street,85707-3529
5C:93:A2:1B:0A:45,PS4-04F94C15C112,40.16307068,-76.28504944,5C:93:A2,6,wpa2,2025-09-02T15:00:00.000Z,2025-09-02T17:00:00.000Z,,PA,US,Creekside Lane,17543
5C:93:A2:1B:11:45,PS4-5086EC2598ED,42.24306488,-85.53824615,5C:93:A2,1,wpa2,2024-05-18T05:00:00.000Z,2024-10-23T08:00:00.000Z,,MI,US,Bernies Boulevard,49002
5C:93:A2:1B:14:E7,PS4-2FC38CBAFCC7,40.73921585,-73.66676331,5C:93:A2,6,wpa2,2026-06-11T18:00:00.000Z,2026-06-11T15:00:00.000Z,,NY,US,Jericho Tpke,11040
5C:93:A2:1B:1A:07,PS4-DF4C47C3D56D,-25.50615501,-49.25778961,5C:93:A2,6,wpa2,2025-01-08T23:00:00.000Z,2025-06-14T15:00:00.000Z,Curitiba,Paraná,BR,Rua Elizeu Faria,81720140
5C:93:A2:1B:2D:65,PS4-02F3CB34A392,35.4881897,-97.64060211,5C:93:A2,6,wpa2,2026-08-09T22:00:00.000Z,2026-08-09T20:00:00.000Z,,OK,US,North Wilburn Avenue,73008
5C:93:A2:1B:2F:59,PS4-C25D2C2AEBB2,42.46175003,-83.12939453,5C:93:A2,1,wpa2,2024-09-23T23:00:00.000Z,2024-09-23T22:00:00.000Z,,MI,US,Vester Street,48220
5C:93:A2:1B:31:8B,PS4-20E269FAB721,41.4793396,2.0792594,5C:93:A2,4,wpa2,2026-04-05T17:00:00.000Z,2026-04-05T10:00:00.000Z,,Catalunya,ES,Carrer del Pont de Can Vernet,08173
5C:93:A2:1B:3E:21,PS4-B6DA1AD53B0F,30.27038956,-97.72833252,5C:93:A2,11,wpa2,2018-11-23T02:00:00.000Z,2026-04-08T20:00:00.000Z,Austin,TX,US,Waller Street,78702
5C:93:A2:1B:42:AB,PS4-7FA4554F78E3,37.23702621,-121.8068161,5C:93:A2,1,wpa2,2023-06-30T09:00:00.000Z,2026-03-19T23:00:00.000Z,San Jose,CA,US,Santa Teresa Boulevard,95123-3620
5C:93:A2:1B:46:C1,PS4-9FDDBC067254,40.84576797,-115.77748871,5C:93:A2,6,wpa2,2024-02-26T19:00:00.000Z,2025-02-18T14:00:00.000Z,,NV,US,North Hollow Circle,89801
5C:93:A2:1B:47:1D,PS4-F0876EDE5059,38.69469833,-77.29911804,5C:93:A2,11,wpa2,2016-06-01T14:00:00.000Z,2026-06-08T16:00:00.000Z,,VA,US,Cotton Mill Drive,22192
5C:93:A2:1B:49:39,PS4-0AF61345D192,48.8231163,-123.65140533,5C:93:A2,6,wpa2,2025-03-02T21:00:00.000Z,2025-03-02T16:00:00.000Z,North Cowichan,British Columbia,CA,Herd Road,V9L 5W9
5C:93:A2:1B:5C:87,PS4-B921C7F6A7CC,49.81432343,8.78156281,5C:93:A2,11,wpa2,2015-09-18T17:00:00.000Z,2025-06-07T05:00:00.000Z,,Hessen,DE,Reinheimer Straße,64372
5C:93:A2:1B:5E:F3,PS4-A4C09B4BFB3D,37.67227936,-120.96349335,5C:93:A2,6,wpa2,2024-11-16T21:00:00.000Z,2024-11-16T15:00:00.000Z,Modesto,CA,US,Celeste Drive,95355
5C:93:A2:1B:65:BF,PS4-F09602D2C66F,43.05249023,-87.90720367,5C:93:A2,11,wpa2,2024-07-29T15:00:00.000Z,2025-04-03T07:00:00.000Z,Milwaukee,WI,US,North RiverWalk Way,53212
5C:93:A2:1B:76:85,PS4-A97399F15CB7,-29.88316536,-51.12974548,5C:93:A2,6,wpa2,2026-03-22T13:00:00.000Z,2026-03-22T06:00:00.000Z,Canoas,Rio Grande do Sul,BR,Avenida Hispânica,92420-690
5C:93:A2:1B:7E:89,PS4-53DB3B9D68C4,28.25796127,-81.34934998,5C:93:A2,6,wpa2,2024-11-13T11:00:00.000Z,2024-11-13T15:00:00.000Z,,FL,US,Cross Prairie Parkway,34744-5452
5C:93:A2:1B:91:FD,PS4-B601872D4025,39.8405571,-105.05748749,5C:93:A2,11,wpa2,2015-10-12T17:00:00.000Z,2025-09-15T12:00:00.000Z,,CO,US,Chase Circle,80003
5C:93:A2:1B:96:0B,PS4-08AF901333F0,44.98657608,-93.23970795,5C:93:A2,11,wpa2,2024-11-28T18:00:00.000Z,2025-03-09T17:00:00.000Z,Minneapolis,MN,US,Interstate Highway 35W,55403-2006
5C:93:A2:1B:98:7B,PS4-2010E06DF009,34.26623535,-119.25614166,5C:93:A2,6,wpa2,2025-07-26T18:00:00.000Z,2025-07-26T15:00:00.000Z,Ventura,CA,US,South Dos Caminos Avenue,93003
5C:93:A2:1B:BA:A5,PS4-9B1A45A4D46A,51.06240463,13.67996025,5C:93:A2,11,wpa2,2025-01-05T17:00:00.000Z,2025-01-25T07:00:00.000Z,Dresden,Sachsen,DE,Meißner Landstraße,01157
5C:93:A2:1B:CC:BF,PS4-E8B569689787,34.11021423,-117.65111542,5C:93:A2,1,wpa2,2026-05-10T19:00:00.000Z,2026-07-27T16:00:00.000Z,,CA,US,Euclid Avenue Bridle Path,91786
5C:93:A2:1B:CE:B1,PS4-C234C27ECFE4,45.51649857,-73.62747955,5C:93:A2,6,wpa2,2025-03-06T15:00:00.000Z,2025-03-06T14:00:00.000Z,Montréal,Québec,CA,Avenue de Vimy,H3S 2R9
5C:93:A2:1B:CF:77,PS4-4922C2D74E8C,35.42966461,-86.78923035,5C:93:A2,11,wpa2,2026-07-31T19:00:00.000Z,2026-08-01T07:00:00.000Z,,TN,US,South Ellington Parkway,37091
5C:93:A2:1B:D0:73,PS4-7CD5D8C31CCD,47.4933815,-122.24047852,5C:93:A2,6,wpa2,2025-06-18T00:00:00.000Z,2025-12-26T17:00:00.000Z,Seattle,WA,US,Renton Avenue South,98178
5C:93:A2:1B:E8:5B,PS4-685F00D7FD90,32.51599121,-86.12844849,5C:93:A2,6,wpa2,2024-12-17T12:00:00.000Z,2024-12-17T06:00:00.000Z,,AL,US,Firetower Road,36092
5C:93:A2:1B:E9:9F,PS4-2B038089CF1A,25.7862072,-100.2931366,5C:93:A2,8,wpa2,2025-11-04T21:00:00.000Z,2025-11-04T15:00:00.000Z,General Escobedo,Nuevo León,MX,Avenida la Concordia,66059
5C:93:A2:1B:E9:C3,PS4-15CFF619595F,-27.48415565,-48.64743423,5C:93:A2,5,wpa2,2022-01-26T06:00:00.000Z,2025-03-02T12:00:00.000Z,,Santa Catarina,BR,Rodovia Governador Mário Covas,88160-178
5C:93:A2:1B:EF:01,PS4-123B5F4BE985,40.67955017,-73.94692993,5C:93:A2,1,wpa2,2019-03-02T11:00:00.000Z,2025-02-14T12:00:00.000Z,City of New York,NY,US,New York Avenue,11216
5C:93:A2:1B:F3:EF,PS4-2711DEBD2C46,50.7253418,-121.27950287,5C:93:A2,6,wpa2,2025-02-02T20:00:00.000Z,2025-02-02T15:00:00.000Z,,British Columbia,CA,Railway Avenue,V0K 1A0
5C:93:A2:1B:F7:B9,PS4-BD01A7A8A865,33.38338089,-111.97722626,5C:93:A2,11,wpa2,2026-09-02T04:00:00.000Z,2026-09-02T12:00:00.000Z,Tempe,AZ,US,West Carter Drive,85283-1045
5C:93:A2:1B:F8:69,PS4-4812AF6A65A2,33.79418564,-118.34654999,5C:93:A2,6,wpa2,2019-08-22T13:00:00.000Z,2025-03-08T21:00:00.000Z,Torrance,CA,US,Rolling Hills Road,90274
5C:93:A2:1C:09:15,PS4-2854357B08E8,37.80744171,-121.25266266,5C:93:A2,9,wpa2,2021-07-14T15:00:00.000Z,2024-09-19T15:00:00.000Z,Manteca,CA,US,Airport Way,95337
5C:93:A2:1C:0D:3B,PS4-9637841C8696,24.69071198,46.68961716,5C:93:A2,4,wpa2,2026-02-25T22:00:00.000Z,2026-03-14T18:00:00.000Z,,منطقة الرياض,SA,Al Amir Sultan Ibn Abdul Aziz,12211
5C:93:A2:1C:12:B3,PS4-9CBE9957AB90,36.18761826,-115.17446136,5C:93:A2,1,wpa2,2026-02-14T07:00:00.000Z,2026-02-14T01:00:00.000Z,Las Vegas,NV,US,Goldhill Way,89106
5C:93:A2:1C:13:4B,PS4-20D9974A1959,33.43325043,-111.92629242,5C:93:A2,6,wpa2,2016-03-01T08:00:00.000Z,2025-03-08T18:00:00.000Z,Tempe,AZ,US,North Scottsdale Road,85281
5C:93:A2:1C:17:35,PS4-FE95A7E57906,45.34815216,-76.00817108,5C:93:A2,6,wpa2,2024-11-24T21:00:00.000Z,2024-12-02T12:00:00.000Z,West Carleton,Ontario,CA,Glennview Place,K0A1L0
5C:93:A2:1C:1D:B9,PS4-F9565F61D1D2,36.21977615,-115.08950043,5C:93:A2,3,wpa2,2026-07-17T19:00:00.000Z,2026-07-17T14:00:00.000Z,Las Vegas,NV,US,Las Vegas Boulevard North,89115
5C:93:A2:1C:20:CD,PS4-C1811D2E048D,43.07299042,-73.15124512,5C:93:A2,6,wpa2,2026-06-14T18:00:00.000Z,2026-08-30T10:00:00.000Z,,VT,US,Munn Terrace,05250
5C:93:A2:1C:29:FB,PS4-322531064E5A,36.08214569,-79.96390533,5C:93:A2,6,wpa2,2024-12-30T16:00:00.000Z,2024-12-30T10:00:00.000Z,Greensboro,NC,US,I 40;US 421,27409
5C:93:A2:1C:2A:55,PS4-A2E61CCBF8FF,33.60500717,-111.98199463,5C:93:A2,10,wpa2,2019-03-13T17:00:00.000Z,2025-03-09T07:00:00.000Z,Phoenix,AZ,US,East Paradise Village Parkway North,85032-6853
5C:93:A2:1C:2D:FF,PS4-66F810E90AFC,52.91392899,-0.64295381,5C:93:A2,11,wpa2,2025-02-08T14:00:00.000Z,2025-09-10T11:00:00.000Z,,England,GB,Vine Street,NG31 6RQ
5C:93:A2:1C:38:4F,PS4-65C1C41DE6FF,39.49461365,-119.79860687,5C:93:A2,11,wpa2,2025-07-04T02:00:00.000Z,2025-07-03T20:00:00.000Z,Reno,NV,US,Gentry Way,89502
5C:93:A2:1C:46:F5,PS4-1E775E450AA2,39.5492363,-119.801651,5C:93:A2,11,wpa2,2024-09-30T04:00:00.000Z,2025-01-05T11:00:00.000Z,Reno,NV,US,Timber Way,89512
5C:93:A2:1C:53:25,PS4-0A49D1928E32,31.80701256,-106.51235199,5C:93:A2,11,wpa2,2026-03-03T04:00:00.000Z,2026-03-03T02:00:00.000Z,El Paso,TX,US,West Castellano Drive,79902
5C:93:A2:1C:5F:83,PS4-3B00DC7D7554,33.57736588,-117.13739014,5C:93:A2,1,wpa2,2026-08-29T01:00:00.000Z,2026-08-29T11:00:00.000Z,Murrieta,CA,US,Hydrus Place,92589
5C:93:A2:1C:64:1B,PS4-7DF3A027B050,51.14342499,6.35669088,5C:93:A2,1,wpa2,2025-07-22T08:00:00.000Z,2025-08-01T12:00:00.000Z,Mönchengladbach,Nordrhein-Westfalen,DE,L 370,41179
5C:93:A2:1C:67:8B,,47.28256989,-122.31317139,5C:93:A2,11,wpa2,2026-08-01T21:00:00.000Z,2026-08-01T15:00:00.000Z,Federal Way,WA,US,South 356th Street,98003-8325
5C:93:A2:1C:75:79,PS4-075A8030310E,35.45583344,-97.38488007,5C:93:A2,3,wpa2,2025-06-13T20:00:00.000Z,2025-06-13T14:00:00.000Z,,OK,US,Hedge Drive,73110
5C:93:A2:1C:7C:4B,PS4-3C57377E50F5,24.98407173,121.44538879,5C:93:A2,6,wpa2,2025-03-25T14:00:00.000Z,2025-03-25T07:00:00.000Z,新北市,新北市,TW,明德路二段,23660
5C:93:A2:1C:7F:93,PS4-F870EAD21DF8,33.89469528,-118.35409546,5C:93:A2,6,wpa2,2015-10-21T11:00:00.000Z,2025-03-09T07:00:00.000Z,,CA,US,Marine Avenue,90292
5C:93:A2:1C:86:DF,PS4-8552F83F9202,37.26761627,-107.00746155,5C:93:A2,6,wpa2,2021-07-04T12:00:00.000Z,2025-06-02T21:00:00.000Z,,CO,US,Hermosa Street,88147
5C:93:A2:1C:8D:B7,PS4-D855D062136D,30.22021866,-81.68340302,5C:93:A2,6,wpa2,2026-03-18T14:00:00.000Z,2026-03-18T08:00:00.000Z,Jacksonville,FL,US,Mustin Road,32214
5C:93:A2:1C:90:1D,PS4-673BC9D1975E,36.08819962,-79.89557648,5C:93:A2,11,wpa2,2024-12-02T19:00:00.000Z,2024-12-02T17:00:00.000Z,Greensboro,NC,US,West Friendly Avenue,27410
5C:93:A2:1C:A8:05,PS4-6AD5788C5D8C,38.45212173,-77.41951752,5C:93:A2,7,wep,2017-05-10T14:00:00.000Z,2026-07-10T18:00:00.000Z,,VA,US,Brittany Lane,22554
5C:93:A2:1C:B0:97,PS4-3AE8AB211258,36.06506348,-79.98946381,5C:93:A2,6,wpa2,2024-10-25T23:00:00.000Z,2024-10-25T17:00:00.000Z,High Point,NC,US,Clinard Farms Road,27265
5C:93:A2:1C:B5:7B,PS4-0F335E897BB1,33.39351273,-117.59365845,5C:93:A2,1,wpa2,2024-04-26T04:00:00.000Z,2025-01-25T10:00:00.000Z,,CA,US,Casey Street,92054
5C:93:A2:1C:B9:43,PS4-521B091FFCEC,43.17606354,-77.56793976,5C:93:A2,1,wpa2,2026-05-06T14:00:00.000Z,2026-07-08T22:00:00.000Z,City of Rochester,NY,US,Clifford Avenue,14609
5C:93:A2:1C:C6:1B,PS4-26CEC7D0338E,41.97761536,-87.69255066,5C:93:A2,6,wpa2,2021-12-10T00:00:00.000Z,2025-09-13T15:00:00.000Z,Chicago,IL,US,North Lincoln Avenue,60625
5C:93:A2:1C:D2:49,PS4-E800F278C233,29.95452881,-92.03787231,5C:93:A2,8,wpa2,2026-01-27T22:00:00.000Z,2026-02-01T20:00:00.000Z,,LA,US,South Kibbe Street,70533
5C:93:A2:1C:DA:77,PS4-EF0798136879,51.21234512,-102.46929932,5C:93:A2,1,wpa2,2025-05-19T08:00:00.000Z,2025-05-19T22:00:00.000Z,Yorkton,Saskatchewan,CA,Smith Street W,S3N 2A6
5C:93:A2:1C:DC:7F,PS4-7D582213D8EF,44.75440979,-93.35983276,5C:93:A2,9,wpa2,2024-06-04T20:00:00.000Z,2025-02-08T17:00:00.000Z,,MN,US,Connelly Parkway,55378
5C:93:A2:1C:E1:8D,PS4-D0F93E43BB17,32.87195969,-97.32846832,5C:93:A2,6,wpa2,2026-08-27T14:00:00.000Z,2026-09-02T20:00:00.000Z,Fort Worth,TX,US,Basswood Boulevard,76131
5C:93:A2:1C:EB:CB,PS4-2D114EF0F190,33.41596222,-111.93019867,5C:93:A2,6,wpa2,2026-02-22T18:00:00.000Z,2026-02-22T17:00:00.000Z,Tempe,AZ,US,South McAllister Avenue,85287
5C:93:A2:1C:F5:A1,PS4-9A85A9E122D6,35.04571152,-85.17446899,5C:93:A2,6,wpa2,2025-07-21T02:00:00.000Z,2026-05-03T18:00:00.000Z,Chattanooga,TN,US,Pine Manor Drive,37421
5C:93:A2:1C:F9:0B,PS4-B49DA1AE60C8,-12.04828548,-77.00437927,5C:93:A2,3,wpa2,2026-02-06T14:00:00.000Z,2026-02-06T06:00:00.000Z,El Agustino,Lima,PE,Jirón Chiquian,15006
5C:93:A2:1C:FE:15,PS4-F29BE0E98955,39.04294205,-94.4548111,5C:93:A2,1,wpa2,2026-06-16T19:00:00.000Z,2026-06-16T13:00:00.000Z,Kansas City,MO,US,,64055-4081
5C:93:A2:1D:02:EF,PS4-64273FBD55A2,25.04474258,121.44935608,5C:93:A2,6,wpa2,2026-04-25T03:00:00.000Z,2026-04-25T06:00:00.000Z,新北市,新北市,TW,永樂街,242
5C:93:A2:1D:07:5D,PS4-1EC32B9CAE5C,36.09006882,-115.02406311,5C:93:A2,11,wpa2,2026-02-04T22:00:00.000Z,2026-02-04T16:00:00.000Z,,NV,US,East Cross Meadow Lane,89122-7432
5C:93:A2:1D:0D:C7,PS4-013B67EB434E,39.77022934,-121.88430023,5C:93:A2,11,wpa2,2023-11-02T04:00:00.000Z,2026-09-05T01:00:00.000Z,Chico,CA,US,West Eaton Road,95973-9401
5C:93:A2:1D:0F:6D,PS4-322939F88BC7,31.5433712,-91.369133,5C:93:A2,11,wpa2,2026-02-27T23:00:00.000Z,2026-02-27T18:00:00.000Z,,MS,US,Passbach Street,39120
5C:93:A2:1D:14:99,PS4-9185F276DD38,46.71638489,-117.00293732,5C:93:A2,6,wpa2,2026-07-25T21:00:00.000Z,2026-07-26T18:00:00.000Z,,ID,US,South Main Street,83843
5C:93:A2:1D:16:45,PS4-E32C65EBC6AC,30.41314888,-84.25140381,5C:93:A2,6,wpa2,2016-12-22T08:00:00.000Z,2025-08-03T09:00:00.000Z,Tallahassee,FL,US,Kay Avenue,32301
5C:93:A2:1D:2D:23,PS4-F38F56596F41,-26.85560608,-49.09653091,5C:93:A2,11,wpa2,2026-08-16T04:00:00.000Z,2026-08-29T05:00:00.000Z,Blumenau,Santa Catarina,BR,Rua Alberto Kath,89066-350
5C:93:A2:1D:32:5F,PS4-2996E85E25AE,38.00518417,-121.32150269,5C:93:A2,11,wpa2,2024-12-28T03:00:00.000Z,2024-12-28T19:00:00.000Z,Stockton,CA,US,North Gettysburg Place,95207-4115
5C:93:A2:1D:39:79,PS4-A1B7CDE7AFBB,45.53655624,-73.63267517,5C:93:A2,11,wpa2,2021-04-08T13:00:00.000Z,2025-12-05T06:00:00.000Z,Montréal,Québec,CA,Rue Jarry Ouest,H2P 2L8
5C:93:A2:1D:53:B9,PS4-B18E2AE870A2,33.53491592,-112.09967804,5C:93:A2,1,wpa2,2017-09-04T17:00:00.000Z,2025-03-08T21:00:00.000Z,Phoenix,AZ,US,North 19th Avenue,85020-5329
5C:93:A2:1D:54:5B,PS4-EE574EBC0CAC,43.09050751,-86.24223328,5C:93:A2,1,wpa2,2025-04-19T10:00:00.000Z,2025-04-19T04:00:00.000Z,,MI,US,Woodland Ridge Apartments,49409
5C:93:A2:1D:6F:AB,PS4-D11E747562B5,33.63238525,-111.97818756,5C:93:A2,6,wpa2,2016-03-30T10:00:00.000Z,2025-03-08T19:00:00.000Z,Phoenix,AZ,US,North Tatum Boulevard,85032-4817
5C:93:A2:1D:75:7F,PS4-18764242FFFA,36.10438156,-115.05535889,5C:93:A2,11,wpa2,2024-08-20T15:00:00.000Z,2025-07-17T13:00:00.000Z,,NV,US,Boulder Highway,89122
5C:93:A2:1D:83:61,,37.50581741,-120.8734436,5C:93:A2,7,unknown,2024-09-13T19:00:00.000Z,2024-09-13T13:00:00.000Z,Turlock,CA,US,Roth Way,95382
5C:93:A2:1D:8B:39,PS4-063FC1AE61C0,51.42799759,-0.09596602,5C:93:A2,1,wpa2,2023-02-27T14:00:00.000Z,2026-05-04T19:00:00.000Z,London,England,GB,Gipsy Road,SE27 9TT
5C:93:A2:1D:91:BB,PS4-59C7E77F99F2,48.43817902,-89.22374725,5C:93:A2,6,wpa2,2024-12-16T19:00:00.000Z,2024-12-16T19:00:00.000Z,Thunder Bay,Ontario,CA,Van Norman Street,P7B 5G7
5C:93:A2:1D:93:03,PS4-DEE4F5720E7F,35.83623505,-78.59286499,5C:93:A2,8,wpa2,2025-10-23T09:00:00.000Z,2025-11-17T19:00:00.000Z,Raleigh,NC,US,Green Road,27604-2533
5C:93:A2:1D:94:71,PS4-5A11500A0862,-30.04047203,-51.19378662,5C:93:A2,1,wpa2,2024-10-26T13:00:00.000Z,2024-11-09T06:00:00.000Z,Porto Alegre,Rio Grande do Sul,BR,Corredor de Transporte Coletivo Protásio Alves,90410-005
5C:93:A2:1D:97:8D,PS4-5D0A875FCB9D,30.41443825,-91.1578064,5C:93:A2,11,wpa2,2025-02-10T12:00:00.000Z,2025-02-25T04:00:00.000Z,Baton Rouge,LA,US,Stanford Avenue,70808
5C:93:A2:1D:9E:69,PS4-85A4969E0E55,38.39632797,-96.17514801,5C:93:A2,9,wpa2,2018-05-27T20:00:00.000Z,2025-02-24T18:00:00.000Z,Emporia,KS,US,South Exchange Street,66801
5C:93:A2:1D:B4:4F,PS4-C46DBD54582D,40.87862396,-73.03742218,5C:93:A2,6,wep,2025-03-20T23:00:00.000Z,2025-03-20T16:00:00.000Z,,NY,US,Dare Road,11784
5C:93:A2:1D:B8:49,PS4-C9F7BCBC56A8,43.66568756,-116.69542694,5C:93:A2,11,wpa2,2021-01-29T01:00:00.000Z,2026-03-14T14:00:00.000Z,,ID,US,Everett Street,83605
5C:93:A2:1D:BA:71,PS4-140303EA0F9D,42.34431839,-83.05587769,5C:93:A2,1,wpa2,2025-02-22T03:00:00.000Z,2025-08-09T20:00:00.000Z,Detroit,MI,US,Charlotte Street,48201
5C:93:A2:1D:BA:EF,PS4-4A3B1C5C07A2,44.78555298,-76.71499634,5C:93:A2,6,wpa2,2024-11-25T16:00:00.000Z,2024-11-25T09:00:00.000Z,Central Frontenac,Ontario,CA,Highway 7,K0H 2E0
5C:93:A2:1D:BC:8B,PS4-5F6CDDD64F74,33.95895767,-117.55820465,5C:93:A2,11,wpa2,2018-02-16T15:00:00.000Z,2026-08-29T00:00:00.000Z,,CA,US,Hamner Avenue,92880
5C:93:A2:1D:C2:79,PS4-8962068E6435,46.88085175,-71.27339935,5C:93:A2,1,wpa2,2026-07-07T21:00:00.000Z,2026-07-07T14:00:00.000Z,Québec,Québec,CA,Rue des Sureaux,G1G 1S5
5C:93:A2:1D:CF:CB,PS4-323D54CDED5F,33.86130142,-118.40093231,5C:93:A2,6,wpa2,2021-10-28T15:00:00.000Z,2025-03-08T21:00:00.000Z,,CA,US,11th Street,90254
5C:93:A2:1D:E3:75,PS4-43D80AFAD1D4,42.10984421,-87.97541046,5C:93:A2,6,wpa2,2026-06-04T11:00:00.000Z,2026-08-31T05:00:00.000Z,,IL,US,Palatine Road,60004
5C:93:A2:1D:ED:DD,PS4-D036CC75EC2B,34.05340576,-80.93595123,5C:93:A2,5,wpa2,2026-08-03T06:00:00.000Z,2026-08-03T00:00:00.000Z,,SC,US,Wynnewood Road,29223
5C:93:A2:1D:F1:6D,PS4-7161CFD83A55,52.12894821,5.42537785,5C:93:A2,13,wpa2,2023-04-22T11:00:00.000Z,2025-07-10T13:00:00.000Z,,Utrecht,NL,Dissel,3833CX
5C:93:A2:1D:F2:45,PS4-BD26D36907E1,33.31892776,-111.87049866,5C:93:A2,8,wpa2,2015-11-25T16:00:00.000Z,2025-03-08T20:00:00.000Z,Chandler,AZ,US,North Andersen Boulevard,85244
5C:93:A2:1D:F9:3F,PS4-F19610BCB637,55.60671616,13.01285267,5C:93:A2,6,wpa2,2025-06-23T15:00:00.000Z,2025-06-23T09:00:00.000Z,Malmö,Skåne län,SE,Grönegatan,21127
5C:93:A2:1D:FD:AD,PS4-BC51B403AB5C,28.09561539,-81.71968079,5C:93:A2,6,wpa2,2025-04-21T22:00:00.000Z,2025-04-22T18:00:00.000Z,,FL,US,Alfred Street,33850
5C:93:A2:1E:08:E5,PS4-4A4E9A019153,-12.14247799,-77.0039444,5C:93:A2,6,wpa2,2025-02-05T00:00:00.000Z,2025-02-05T07:00:00.000Z,Santiago de Surco,Lima,PE,Calle Doña Delmira,15049
5C:93:A2:1E:15:A5,PS4-32E9D86840AC,40.45767212,-111.94042969,5C:93:A2,11,wpa2,2025-04-26T21:00:00.000Z,2025-04-26T22:00:00.000Z,,UT,US,Redwood Road,84065
5C:93:A2:1E:16:41,PS4-9A45434ABC6D,29.99932289,-95.2184906,5C:93:A2,6,wpa2,2024-12-15T22:00:00.000Z,2024-12-15T14:00:00.000Z,Houston,TX,US,FM 1960 East Bypass,77338:77346
5C:93:A2:1E:1D:41,PS4-37A9CD7E6924,49.20591354,-123.14060974,5C:93:A2,11,wpa2,2025-09-28T22:00:00.000Z,2026-09-03T23:00:00.000Z,Vancouver,British Columbia,CA,Granville Street,V6P
5C:93:A2:1E:3C:D9,PS4-D8C666FAF926,52.7650032,15.26690483,5C:93:A2,6,wpa2,2024-10-02T08:00:00.000Z,2024-12-28T14:00:00.000Z,Gorzów Wielkopolski,województwo lubuskie,PL,Obrońców Pokoju,66-400
5C:93:A2:1E:41:A1,PS4-D192334AF9D4,39.02721786,-104.80863953,5C:93:A2,10,wpa2,2018-05-06T16:00:00.000Z,2026-02-01T18:00:00.000Z,Colorado Springs,CO,US,North Gate Boulevard,80921
5C:93:A2:1E:42:73,PS4-8BB2C2E3A189,43.72415924,-79.50132751,5C:93:A2,1,wpa2,2025-05-19T21:00:00.000Z,2025-05-19T16:00:00.000Z,Toronto,Ontario,CA,Tumpane Street,M3M 1L8
5C:93:A2:1E:46:DF,PS4-068991026179,30.1692009,-81.74282074,5C:93:A2,11,wpa2,2025-09-26T01:00:00.000Z,2026-08-07T20:00:00.000Z,,FL,US,Bonnlyn Drive,32073-6755
5C:93:A2:1E:50:B1,PS4-5A11FE1363AF,36.00341797,-115.2338562,5C:93:A2,6,wpa2,2026-04-14T19:00:00.000Z,2026-04-14T14:00:00.000Z,,NV,US,West Robusta Court,89179
5C:93:A2:1E:52:33,PS4-D5493CF0D02C,41.03230667,-8.55733204,5C:93:A2,6,wpa2,2024-11-17T17:00:00.000Z,2024-11-17T16:00:00.000Z,Pedroso e Seixezelo,Porto,PT,Rua de Ernesto Gonçalves,4415-932
5C:93:A2:1E:53:C7,PS4-55C36A705911,-26.16283035,28.08584595,5C:93:A2,1,wpa2,2026-05-07T06:00:00.000Z,2026-05-07T07:00:00.000Z,Johannesburg,Gauteng,ZA,9th Street,2001
5C:93:A2:1E:57:31,PS4-AFE81BA25851,41.15031815,-112.09398651,5C:93:A2,3,wpa2,2017-11-26T15:00:00.000Z,2025-03-28T09:00:00.000Z,,UT,US,Cranefield Road,84315
5C:93:A2:1E:6C:61,PS4-05AD700D183F,50.83992386,4.34024429,5C:93:A2,11,wpa2,2025-02-25T14:00:00.000Z,2025-03-07T12:00:00.000Z,,Région de Bruxelles-Capitale - Brussels Hoofdstedelijk Gewest,BE,Boulevard Poincaré - Poincarélaan,1060
5C:93:A2:1E:76:03,PS4-29E2EACB3235,35.31547165,-80.8392868,5C:93:A2,10,wpa2,2020-07-07T16:00:00.000Z,2026-04-08T00:00:00.000Z,Charlotte,NC,US,Statesville Road,28031
5C:93:A2:1E:7E:6F,PS4-1ACD775DA4AB,41.94521713,-87.93954468,5C:93:A2,6,wpa2,2016-04-28T22:00:00.000Z,2025-03-08T22:00:00.000Z,,IL,US,South York Road,60106
5C:93:A2:1E:7F:7F,PS4-1C40C03BFC07,38.79879761,-77.25553894,5C:93:A2,10,wpa2,2026-05-05T22:00:00.000Z,2026-07-20T14:00:00.000Z,,VA,US,Lake Braddock Drive,22015
5C:93:A2:1E:84:EB,PS4-9BABB2D0F188,37.51667404,-120.86721802,5C:93:A2,1,wep,2024-10-15T23:00:00.000Z,2025-10-24T12:00:00.000Z,Turlock,CA,US,North Walnut Road,95382
5C:93:A2:1E:8B:E5,PS4-A5553003FA78,43.61455917,13.50508118,5C:93:A2,5,wpa2,2025-04-11T20:00:00.000Z,2025-08-11T18:00:00.000Z,Ancona,Marche,IT,Molo Sud,60125
5C:93:A2:1E:8C:55,PS4-FF3857A3235C,38.15978622,13.17055988,5C:93:A2,6,wpa2,2026-02-08T10:00:00.000Z,2026-02-08T06:00:00.000Z,Carini,Sicilia,IT,,90044
5C:93:A2:1E:93:51,PS4-9FC8C220AE3C,39.62423706,-104.90592957,5C:93:A2,1,wpa2,2026-06-28T19:00:00.000Z,2026-08-23T00:00:00.000Z,Denver,CO,US,East Belleview Avenue,80237
5C:93:A2:1E:97:17,PS4-F163B3A861C3,56.10557938,40.35099792,5C:93:A2,2,unknown,2024-07-16T17:00:00.000Z,2024-09-12T06:00:00.000Z,Владимир,Владимирская область,RU,улица Нижняя Дуброва,600000
5C:93:A2:1E:A8:BB,PS4-8AE0B8592E9E,34.19271469,-118.58745575,5C:93:A2,6,wpa2,2025-03-04T16:00:00.000Z,2025-03-04T16:00:00.000Z,Los Angeles,CA,US,Gretchen Street,91303-2211
5C:93:A2:1E:A9:F1,PS4-3A90EB8D46EC,30.43882179,-81.76057434,5C:93:A2,6,wpa2,2025-02-03T00:00:00.000Z,2025-02-23T20:00:00.000Z,Jacksonville,FL,US,Rolling River Boulevard,32219
5C:93:A2:1E:AA:E1,PS4-4A94E056C014,36.91691208,-76.22962952,5C:93:A2,10,wpa2,2026-02-08T14:00:00.000Z,2026-08-29T11:00:00.000Z,Norfolk,VA,US,East Little Creek Road,23518
5C:93:A2:1E:AB:C7,PS4-95358C24D4C3,53.60385513,-113.53817749,5C:93:A2,11,wpa2,2024-10-30T18:00:00.000Z,2024-10-30T18:00:00.000Z,Edmonton,Alberta,CA,140 Avenue NW,T5L 4Y5
5C:93:A2:1E:AD:71,PS4-304D0E3E2AA1,44.53673553,-123.25683594,5C:93:A2,11,wpa2,2018-08-06T15:00:00.000Z,2026-08-30T12:00:00.000Z,Corvallis,OR,US,Southeast Goodnight Avenue,97333
5C:93:A2:1E:AE:4B,PS4-3CE59BEA1719,-23.16044807,-47.03715134,5C:93:A2,1,wpa2,2026-06-09T09:00:00.000Z,2026-06-09T11:00:00.000Z,Itupeva,São Paulo,BR,Rua José Virillo,13295000
5C:93:A2:1E:B8:09,PS4-1F6A313D1838,35.76065063,139.80682373,5C:93:A2,6,wpa2,2024-11-01T23:00:00.000Z,2025-08-10T04:00:00.000Z,足立区,足立二丁目,JP,平和橋通り,120-0015
5C:93:A2:1E:BE:CB,PS4-E93ED066FBBD,42.31224823,-82.9947052,5C:93:A2,6,wpa2,2026-08-28T01:00:00.000Z,2026-08-27T21:00:00.000Z,Windsor,Ontario,CA,Seminole Street,N8Y 4P2
5C:93:A2:1E:C6:F3,PS4-D98AAD8E3659,41.99848557,-88.06981659,5C:93:A2,11,wpa2,2017-03-14T23:00:00.000Z,2025-03-09T00:00:00.000Z,,IL,US,East Nerge Road,60172
5C:93:A2:1E:D0:53,PS4-5CD10129ED43,33.38780212,-111.84870148,5C:93:A2,6,wpa2,2015-09-19T16:00:00.000Z,2025-03-08T20:00:00.000Z,Mesa,AZ,US,South Westwood,85210
5C:93:A2:1E:DB:D1,PS4-A128250572E5,42.09656906,-71.02274323,5C:93:A2,11,wpa2,2026-07-29T21:00:00.000Z,2026-07-29T15:00:00.000Z,Brockton,MA,US,Fairmount Avenue,02401
5C:93:A2:1E:DE:11,PS4-E2A19BB32B13,53.20637512,5.80696249,5C:93:A2,6,wpa2,2024-10-02T15:00:00.000Z,2024-10-02T09:00:00.000Z,Leeuwarden,Fryslân,NL,Cambuursterpad,8921LT
5C:93:A2:1E:E1:87,PS4-34DB5065D541,34.01626968,-118.34178162,5C:93:A2,1,wpa2,2016-11-20T09:00:00.000Z,2024-11-26T16:00:00.000Z,Los Angeles,CA,US,West Boulevard,90016
5C:93:A2:1E:FE:DB,PS4-71FE1903EB00,46.51144791,-80.98971558,5C:93:A2,1,wpa2,2024-07-20T21:00:00.000Z,2025-07-20T12:00:00.000Z,Greater Sudbury,Ontario,CA,Cambrian Heights Drive,P3C 5L8
5C:93:A2:1F:0C:C1,PS4-A7C5615784F2,40.72822189,-111.86536407,5C:93:A2,1,wpa2,2025-03-21T17:00:00.000Z,2025-03-22T06:00:00.000Z,Salt Lake City,UT,US,900 East,84105
5C:93:A2:1F:0F:29,PS4-2428839E5E97,48.1078949,11.6039629,5C:93:A2,1,wpa2,2025-08-26T17:00:00.000Z,2025-08-26T13:00:00.000Z,München,Bayern,DE,Balanstraße,81549
5C:93:A2:1F:19:49,PS4-5CE43B1F402D,42.49013901,-95.54580688,5C:93:A2,6,wpa2,2023-09-09T16:00:00.000Z,2025-04-18T11:00:00.000Z,,IA,US,West 1st Street,51025
5C:93:A2:1F:26:07,PS4-FAB308529572,33.586689,-112.39794159,5C:93:A2,6,wpa2,2026-02-20T20:00:00.000Z,2026-02-21T04:00:00.000Z,Surprise,AZ,US,North 157th Avenue,85379
5C:93:A2:1F:26:21,PS4-B973F0875F3E,62.25033188,25.71793365,5C:93:A2,11,wpa2,2024-08-11T14:00:00.000Z,2025-10-25T10:00:00.000Z,Jyväskylä,Manner-Suomi,FI,Wilhelm Schildtin katu,40740
5C:93:A2:1F:2F:47,PS4-8584B3477398,37.52096558,-120.84651947,5C:93:A2,6,wep,2023-05-14T18:00:00.000Z,2025-05-12T15:00:00.000Z,Turlock,CA,US,Hayes Drive,95382
5C:93:A2:1F:34:B9,PS4-DCA0BC946629,30.70562172,-95.54990387,5C:93:A2,6,wpa2,2023-09-06T21:00:00.000Z,2024-09-08T19:00:00.000Z,,TX,US,Lake Road,77340
5C:93:A2:1F:39:6F,PS4-72231554837B,54.21690369,45.11979675,5C:93:A2,12,unknown,2024-11-07T14:00:00.000Z,2024-11-11T09:00:00.000Z,Саранск,Мордовия,RU,улица Коваленко,430000
5C:93:A2:1F:43:93,PS4-63DEDF1609BD,47.05488586,-122.81016541,5C:93:A2,6,wpa2,2024-06-10T21:00:00.000Z,2025-02-11T11:00:00.000Z,,WA,US,I 5,98509
5C:93:A2:1F:5E:87,PS4-32D7960F5BC8,39.03805542,-108.5246048,5C:93:A2,1,wpa2,2026-05-01T23:00:00.000Z,2026-05-01T18:00:00.000Z,Grand Junction,CO,US,28 1/2 Road,81503
5C:93:A2:1F:65:87,PS4-8BB39A387AC7,4.6596384,-74.11761475,5C:93:A2,6,wpa2,2025-10-11T23:00:00.000Z,2026-03-09T04:00:00.000Z,Bogotá,Localidad Fontibón,CO,Avenida Carrera 72,110931
5C:93:A2:1F:6A:53,SpectrumSetup-18,40.73971176,-73.8171463,5C:93:A2,4,unknown,2022-06-28T01:00:00.000Z,2024-10-19T05:00:00.000Z,City of New York,NY,US,Horace Harding Expressway,11355
5C:93:A2:1F:86:C5,PS4-6ACCFD4645E8,36.07565689,-115.0758667,5C:93:A2,11,wpa2,2025-11-03T17:00:00.000Z,2025-11-03T13:00:00.000Z,,NV,US,Ramrod Avenue,89014-2132
5C:93:A2:1F:89:4D,PS4-65CD6724796C,37.46216202,140.57458496,5C:93:A2,6,wpa2,2024-09-16T11:00:00.000Z,2024-10-20T02:00:00.000Z,田村市,福島県,JP,国道349号,963-4312
5C:93:A2:1F:96:5B,,36.30683517,-115.31224823,5C:93:A2,0,unknown,2025-05-21T06:00:00.000Z,2025-05-23T17:00:00.000Z,Las Vegas,NV,US,Grand Teton Drive,89143
5C:93:A2:1F:96:89,PS4-74B401170689,40.5366478,-111.97672272,5C:93:A2,6,wpa2,2026-02-12T03:00:00.000Z,2026-02-11T20:00:00.000Z,,UT,US,3600 West,84065
5C:93:A2:1F:99:B1,PS4-ADAF3B5B69EB,29.32858849,-96.12015533,5C:93:A2,6,wpa2,2026-08-25T22:00:00.000Z,2026-08-25T17:00:00.000Z,,TX,US,US Highway 59,77488
5C:93:A2:1F:9A:47,PS4-7F9B2A3B721A,35.09392929,-106.52124023,5C:93:A2,6,wpa2,2017-11-13T22:00:00.000Z,2025-03-08T19:00:00.000Z,Albuquerque,NM,US,Ralph Avenue Northeast,87112
5C:93:A2:1F:9B:B7,PS4-EE43144848C7,42.24604034,-71.83678436,5C:93:A2,1,wpa2,2019-02-28T12:00:00.000Z,2025-03-08T21:00:00.000Z,Worcester,MA,US,Lakewood Street,01603
5C:93:A2:1F:A8:AB,PS4-18E5EB26DAC5,33.93740845,-118.2720108,5C:93:A2,6,wpa2,2024-11-06T16:00:00.000Z,2024-11-06T15:00:00.000Z,Los Angeles,CA,US,East 109th Street,90061
5C:93:A2:1F:BC:19,PS4-64F09575EBE6,47.20636368,-122.43017578,5C:93:A2,6,wpa2,2024-09-29T22:00:00.000Z,2024-09-30T01:00:00.000Z,Tacoma,WA,US,East 56th Street,98408
5C:93:A2:1F:C5:07,PS4-B5502E67F738,33.88783264,-118.29192352,5C:93:A2,6,wpa2,2024-12-01T16:00:00.000Z,2024-12-01T12:00:00.000Z,,CA,US,South Vermont Avenue,90247
5C:93:A2:1F:D9:7F,PS4-F4B755209531,42.88188934,-82.14830017,5C:93:A2,1,wpa2,2025-03-18T12:00:00.000Z,2025-03-30T09:00:00.000Z,,Ontario,CA,Albany Street,N0N 1R0
5C:93:A2:1F:DA:35,PS4-AA4993479FBA,35.14585876,-90.05213165,5C:93:A2,4,wpa2,2026-05-19T21:00:00.000Z,2026-05-20T11:00:00.000Z,Memphis,TN,US,South Court Avenue,38103
5C:93:A2:1F:DD:23,PS4-78DD4976D05C,31.1042881,-97.51094055,5C:93:A2,3,wpa2,2025-09-01T23:00:00.000Z,2025-12-15T13:00:00.000Z,Belton,TX,US,FM 439,
5C:93:A2:1F:E1:77,PS4-A6C802D61920,47.28379822,7.42700005,5C:93:A2,6,wpa2,2026-06-21T10:00:00.000Z,2026-06-21T04:00:00.000Z,,Bern/Berne,CH,Grand-Rue,2745
5C:93:A2:1F:F2:03,PS4-2107B557E81B,33.37666702,-111.80434418,5C:93:A2,1,wpa2,2018-12-06T00:00:00.000Z,2025-03-09T00:00:00.000Z,Gilbert,AZ,US,North Stonehenge Drive,85233
5C:93:A2:1F:F6:2D,PS4-BF481D450983,33.89461136,-118.3369751,5C:93:A2,6,wpa2,2019-02-14T01:00:00.000Z,2025-03-09T00:00:00.000Z,Torrance,CA,US,Marine Avenue,90506
5C:93:A2:1F:F6:9B,PS4-9060AE7FD076,40.40851974,-111.87014771,5C:93:A2,1,wpa2,2024-12-28T23:00:00.000Z,2024-12-28T16:00:00.000Z,Lehi,UT,US,West 1775 North,84043
5C:93:A2:1F:F8:AB,PS4-47F736DA72BE,33.92169189,-118.19589233,5C:93:A2,6,wpa2,2025-01-06T22:00:00.000Z,2025-01-07T16:00:00.000Z,,CA,US,Lugo Avenue,90262
5C:93:A2:1F:F8:CB,PS4-AAD5AEC7F146,38.54419327,-122.80205536,5C:93:A2,6,wpa2,2026-08-05T18:00:00.000Z,2026-08-05T11:00:00.000Z,,CA,US,Bluebird Drive,95492
5C:93:A2:1F:F9:F7,PS4-BD3CB0580C59,37.593853,-120.98132324,5C:93:A2,10,wep,2026-08-14T17:00:00.000Z,2026-08-17T17:00:00.000Z,,CA,US,Honeylocust Drive,95358
5C:93:A2:1F:FD:11,PS4-F108B8122515,38.42924881,-82.40857697,5C:93:A2,6,wpa2,2023-09-11T11:00:00.000Z,2024-12-28T16:00:00.000Z,Huntington,WV,US,3rd Avenue,25703
5C:93:A2:20:23:6D,PS4-C457F77AE00E,34.59116745,-112.35765076,5C:93:A2,4,wpa2,2021-02-26T18:00:00.000Z,2025-02-01T16:00:00.000Z,,AZ,US,North Prescott East Highway,86134
5C:93:A2:20:26:59,PS4-4B716DFDFC94,41.92102051,-88.36351013,5C:93:A2,6,wpa2,2025-06-14T14:00:00.000Z,2025-10-28T16:00:00.000Z,,IL,US,,60151
5C:93:A2:20:2A:65,PS4-F85AF8B24076,34.01277542,-118.07506561,5C:93:A2,1,wpa2,2025-02-04T18:00:00.000Z,2025-02-04T17:00:00.000Z,,CA,US,Harrell Street,90660
5C:93:A2:20:37:8F,PS4-8397289D40E4,55.97520828,-3.18410778,5C:93:A2,6,wpa2,2016-10-19T16:00:00.000Z,2025-10-25T08:00:00.000Z,City of Edinburgh,Alba / Scotland,GB,North Fort Street,EH6 4DN
5C:93:A2:20:3B:73,PS4-EC813F614C2D,33.14972687,-97.17195892,5C:93:A2,11,wpa2,2026-06-29T20:00:00.000Z,2026-07-03T08:00:00.000Z,,TX,US,Agarita Avenue,76226
5C:93:A2:20:3D:69,PS4-ADD0A9484C56,34.00069427,-117.83403015,5C:93:A2,11,wpa2,2021-05-01T16:00:00.000Z,2025-03-08T20:00:00.000Z,Diamond Bar,CA,US,Golden Springs Drive,91789-3924
5C:93:A2:20:41:79,PS4-5E8EA7F73D1C,49.16664124,-123.14929199,5C:93:A2,6,wpa2,2025-09-08T22:00:00.000Z,2025-09-08T15:00:00.000Z,Richmond,British Columbia,CA,Gilbert Road,V6Y 3W5
5C:93:A2:20:48:11,PS4-54AC58C230BF,34.42113495,-119.71530914,5C:93:A2,6,wpa2,2024-10-01T17:00:00.000Z,2024-10-01T15:00:00.000Z,Santa Barbara,CA,US,West Arrellaga Street,93101
5C:93:A2:20:51:05,PS4-B1CAE5055F6F,45.48001099,-73.63687897,5C:93:A2,6,wpa2,2016-02-08T10:00:00.000Z,2025-12-16T21:00:00.000Z,,Québec,CA,Rue Ellerdale,H3X 1S8
5C:93:A2:20:57:2D,PS4-9CB42B79CED6,43.90265656,-78.85027313,5C:93:A2,11,wpa2,2023-11-10T00:00:00.000Z,2025-07-18T15:00:00.000Z,Oshawa,Ontario,CA,Bond Street East,L1H 5W2
5C:93:A2:20:57:37,PS4-ACDC782BB953,48.17225266,-103.65229797,5C:93:A2,1,wpa2,2024-09-14T01:00:00.000Z,2024-09-13T19:00:00.000Z,Williston,ND,US,Pheasant Run Parkway,58802
5C:93:A2:20:58:DF,PS4-17FE561B3B5E,39.20798874,-85.91875458,5C:93:A2,6,wpa2,2025-11-14T02:00:00.000Z,2025-11-13T19:00:00.000Z,,IN,US,Lafayette Avenue,
5C:93:A2:20:6E:A9,PS4-D99381BEADB9,34.08201599,-117.70748138,5C:93:A2,11,wpa2,2026-06-12T18:00:00.000Z,2026-06-13T21:00:00.000Z,,CA,US,San Bernardino Freeway,91763
5C:93:A2:20:72:F9,PS4-1D7E985B42F7,33.5087471,-112.2353363,5C:93:A2,6,wpa2,2017-04-20T19:00:00.000Z,2025-03-09T07:00:00.000Z,Glendale,AZ,US,West Camelback Road,85033
5C:93:A2:20:7B:FB,PS4-86522CE236AE,38.38181686,-75.61464691,5C:93:A2,6,wpa2,2019-02-08T14:00:00.000Z,2025-07-11T07:00:00.000Z,,MD,US,Mineola Avenue,21801
5C:93:A2:20:83:61,PS4-6BB89294B6E7,38.00522995,-121.32459259,5C:93:A2,11,wpa2,2025-01-07T04:00:00.000Z,2025-01-20T14:00:00.000Z,Stockton,CA,US,Porterfield Court,95207-4115
5C:93:A2:20:89:21,,47.19073105,-122.29523468,5C:93:A2,6,wpa2,2026-07-23T00:00:00.000Z,2026-08-11T13:00:00.000Z,,WA,US,2nd Street Southwest,98371
5C:93:A2:20:95:1D,PS4-F4D4D3869D48,27.75576782,-97.39891052,5C:93:A2,1,wpa2,2024-07-05T11:00:00.000Z,2025-11-23T02:00:00.000Z,Corpus Christi,TX,US,South Staples Street,78412
5C:93:A2:20:97:11,PS4-266780F86093,53.85193253,-1.91717219,5C:93:A2,11,wpa2,2025-07-01T20:00:00.000Z,2025-07-01T15:00:00.000Z,Bradford,England,GB,Halifax Road,BD21 5EH
5C:93:A2:20:9D:1D,PS4-82B1E75E5A3A,42.4361763,-76.50348663,5C:93:A2,1,wpa2,2026-04-17T20:00:00.000Z,2026-04-18T12:00:00.000Z,,NY,US,South Plain Street,14850
5C:93:A2:20:9E:CB,PS4-6895515C24BC,-21.7722168,-43.38479233,5C:93:A2,6,wpa2,2023-07-14T23:00:00.000Z,2024-12-09T19:00:00.000Z,Juiz de Fora,Minas Gerais,BR,Rua Rafael Vargas,36037-490
5C:93:A2:20:A6:F7,PS4-75D4555FBC94,43.34262085,-89.0169754,5C:93:A2,1,wpa2,2024-04-18T18:00:00.000Z,2025-10-25T13:00:00.000Z,,WI,US,North Birdsey Street,53925
5C:93:A2:20:A9:BF,PS4-E0E31306C4F9,34.73278427,-77.32000732,5C:93:A2,1,wpa2,2025-07-27T23:00:00.000Z,2025-07-27T20:00:00.000Z,,NC,US,Rocky Run Road,28546
5C:93:A2:20:B3:F3,,44.97154999,-123.02465057,5C:93:A2,11,wpa2,2026-08-12T23:00:00.000Z,2026-08-13T07:00:00.000Z,Salem,OR,US,Doctor Martin Luther King Junior Parkway,97303
5C:93:A2:20:BC:9B,PS4-CBA114B2C709,36.46328735,-78.91850281,5C:93:A2,1,wpa2,2026-05-17T22:00:00.000Z,2026-05-18T14:00:00.000Z,,NC,US,Boston Road,
5C:93:A2:20:C7:BD,PS4-A16BD51E43AF,34.59311676,-111.8760376,5C:93:A2,1,wpa2,2019-09-01T19:00:00.000Z,2025-03-09T00:00:00.000Z,,AZ,US,Arizona Veterans Highway,86322
5C:93:A2:20:C9:61,,36.01265717,-114.94097137,5C:93:A2,0,unknown,2026-04-12T19:00:00.000Z,2026-04-18T14:00:00.000Z,Henderson,NV,US,Equestrian Drive,89002
5C:93:A2:20:D5:77,PS4-5C3755A3FF6E,51.42235565,7.27805948,5C:93:A2,6,wpa2,2019-05-08T16:00:00.000Z,2025-05-17T08:00:00.000Z,,Nordrhein-Westfalen,DE,Wittener Straße,58456
5C:93:A2:20:E0:49,PS4-92FD2C04BD31,47.17293549,-122.42103577,5C:93:A2,1,wpa2,2022-06-04T15:00:00.000Z,2026-07-08T20:00:00.000Z,Tacoma,WA,US,East 93rd Street,98444-6240
5C:93:A2:20:E7:B7,PS4-83AAC7936D12,29.40916061,-94.92119598,5C:93:A2,1,wpa2,2026-04-29T01:00:00.000Z,2026-04-28T18:00:00.000Z,,TX,US,,77590
5C:93:A2:20:E8:AD,PS4-FF655C19EB40,55.71261978,37.81613159,5C:93:A2,11,unknown,2020-06-28T12:00:00.000Z,2026-04-04T03:00:00.000Z,Москва,Москва,RU,Рязанский проспект,109542
5C:93:A2:20:F3:33,PS4-617455BA742B,49.81484985,-99.94468689,5C:93:A2,6,wpa2,2025-01-24T22:00:00.000Z,2025-01-24T14:00:00.000Z,Brandon,Manitoba,CA,Portola Drive,R7A 0T1
5C:93:A2:20:F6:09,PS4-3CC4ACC8FBCD,52.19245911,6.85920048,5C:93:A2,6,wpa2,2026-07-23T21:00:00.000Z,2026-07-28T09:00:00.000Z,Enschede,Overijssel,NL,Huttensmidhoek,7546AW
5C:93:A2:20:F9:01,,36.13555908,-115.06816101,5C:93:A2,0,unknown,2025-05-14T00:00:00.000Z,2025-05-23T17:00:00.000Z,,NV,US,Woodland Avenue,89121-2510
5C:93:A2:21:18:2B,,44.97895813,-122.99738312,5C:93:A2,11,wpa2,2026-08-17T14:00:00.000Z,2026-08-19T15:00:00.000Z,Salem,OR,US,Portland Road Northeast,97309
5C:93:A2:21:1B:85,PS4-F48936F457F2,33.83126068,-118.33748627,5C:93:A2,11,wpa2,2020-01-03T07:00:00.000Z,2026-06-25T02:00:00.000Z,Torrance,CA,US,West Carson Street,90501
5C:93:A2:21:1B:8D,PS4-E0506ED98FDE,37.62464142,-97.36322021,5C:93:A2,11,wpa2,2025-10-11T18:00:00.000Z,2025-10-14T07:00:00.000Z,Wichita,KS,US,,67217-1400
5C:93:A2:21:25:B7,PS4-FC86CDEC0B99,42.68939209,-76.53190613,5C:93:A2,11,wpa2,2022-04-03T10:00:00.000Z,2025-08-29T15:00:00.000Z,,NY,US,South St Road,13071
5C:93:A2:21:26:8B,PS4-3B4303AE0467,47.72842026,-117.37550354,5C:93:A2,1,wpa2,2026-08-13T18:00:00.000Z,2026-08-13T12:00:00.000Z,,WA,US,North Altamont Street,99217
5C:93:A2:21:28:31,PS4-E0717223527F,35.86459732,139.94262695,5C:93:A2,4,wpa2,2024-12-15T07:00:00.000Z,2025-02-26T07:00:00.000Z,流山市,千葉県,JP,,270-0121
5C:93:A2:21:2B:6D,PS4-283383BEA12D,38.67282867,-121.23532867,5C:93:A2,6,wpa2,2025-04-14T09:00:00.000Z,2025-04-14T03:00:00.000Z,,CA,US,Quail Oak Way,95662
5C:93:A2:21:2D:31,PS4-989A12ABE150,29.83986664,-95.4753952,5C:93:A2,4,wpa2,2025-11-09T16:00:00.000Z,2026-04-17T14:00:00.000Z,Houston,TX,US,Reno Drive,77092
5C:93:A2:21:2D:93,PS4-2ABD85AB0716,38.24940491,-85.79334259,5C:93:A2,6,wpa2,2026-04-14T18:00:00.000Z,2026-04-27T14:00:00.000Z,Louisville,KY,US,West Broadway,40211
5C:93:A2:21:2F:2B,PS4-365B84EA7B01,30.49764633,-87.25550842,5C:93:A2,5,wpa2,2026-01-01T02:00:00.000Z,2026-06-14T23:00:00.000Z,,FL,US,North Palafox Street,32505
5C:93:A2:21:30:07,PS4-4F8272646571,45.52545929,-122.67537689,5C:93:A2,11,wpa2,2015-10-24T07:00:00.000Z,2025-06-09T13:00:00.000Z,Portland,OR,US,Northwest 5th Avenue,97209
5C:93:A2:21:32:4B,PS4-1828837D66CC,43.95101166,-66.12463379,5C:93:A2,6,wpa2,2026-02-06T14:00:00.000Z,2026-02-06T06:00:00.000Z,,Nova Scotia,CA,Highway 1,B5A 5T3
5C:93:A2:21:38:83,PS4-24FC444CDDCC,59.87190247,30.36911774,5C:93:A2,12,unknown,2026-03-12T07:00:00.000Z,2026-03-12T01:00:00.000Z,Санкт-Петербург,Санкт-Петербург,RU,Будапештская улица,192212
5C:93:A2:21:40:2D,PS4-1123E43F8D77,47.5553093,7.62257433,5C:93:A2,11,wpa2,2025-12-28T19:00:00.000Z,2025-12-28T12:00:00.000Z,,Basel-Landschaft,CH,Kirchstrasse,4127
5C:93:A2:21:4D:97,PS4-A006A43C2618,40.50488281,-112.00125885,5C:93:A2,11,wpa2,2017-04-30T12:00:00.000Z,2026-06-25T22:00:00.000Z,,UT,US,,84096
5C:93:A2:21:74:93,PS4-8A706234BE1E,29.47418404,-95.24425507,5C:93:A2,1,wpa2,2026-01-15T17:00:00.000Z,2026-06-05T15:00:00.000Z,Friendswood,TX,US,Moore Road,
5C:93:A2:21:77:4D,PS4-C83BBA4A663A,-21.77492905,-43.35082626,5C:93:A2,4,wpa2,2025-02-02T03:00:00.000Z,2025-09-12T22:00:00.000Z,Juiz de Fora,Minas Gerais,BR,Rua Taváres Bastos,36016-321
5C:93:A2:21:79:5F,PS4-5DD928F317A3,39.70792389,-104.88676453,5C:93:A2,1,wpa2,2025-06-07T04:00:00.000Z,2026-07-12T23:00:00.000Z,Denver,CO,US,East Alameda Avenue,80230
5C:93:A2:21:96:A9,PS4-1E7E574F011B,55.85895157,-4.26317263,5C:93:A2,7,wpa2,2025-09-24T19:00:00.000Z,2025-09-24T13:00:00.000Z,Glasgow,Alba / Scotland,GB,Argyle Street,G2 8LT
5C:93:A2:21:A3:8D,PS4-BDC16BEA5096,36.60294724,-121.83769226,5C:93:A2,10,wpa2,2025-07-30T00:00:00.000Z,2025-07-29T21:00:00.000Z,Seaside,CA,US,Noche Buena Street,93955
5C:93:A2:21:A8:49,PS4-15BD5259B830,34.00938416,-118.07824707,5C:93:A2,11,wpa2,2025-02-04T18:00:00.000Z,2025-02-04T17:00:00.000Z,,CA,US,Lindsey Avenue,90660
5C:93:A2:21:AB:83,PS4-3A5B359392CB,39.80789566,-75.02060699,5C:93:A2,6,wpa2,2001-12-31T19:00:00.000Z,2025-03-05T15:00:00.000Z,,NJ,US,Laurel Road,08021
5C:93:A2:21:B3:A1,PS4-B7780DD28E0B,34.96949387,-120.5737381,5C:93:A2,10,wpa2,2024-09-29T17:00:00.000Z,2024-09-30T16:00:00.000Z,,CA,US,Guadalupe Street,93434
5C:93:A2:21:C6:AF,PS4-ECECF72AEAB9,33.54094696,-117.15100861,5C:93:A2,6,wpa2,2024-12-11T14:00:00.000Z,2024-12-18T05:00:00.000Z,Temecula,CA,US,Hudson Court,92390
5C:93:A2:21:C9:89,PS4-364B3F5E5DAD,39.77283859,-83.05854034,5C:93:A2,11,wpa2,2026-08-28T17:00:00.000Z,2026-08-28T18:00:00.000Z,,OH,US,Borror Road,43116
5C:93:A2:21:CD:67,PS4-DCAC0BD03EBD,38.96372986,-95.23905945,5C:93:A2,6,wpa2,2021-03-19T14:00:00.000Z,2026-05-29T19:00:00.000Z,Lawrence,KS,US,West 11th Street,66045
5C:93:A2:21:D5:91,PS4-D5B08F97A176,40.33946228,-79.98014832,5C:93:A2,6,wpa2,2024-09-22T19:00:00.000Z,2024-09-22T17:00:00.000Z,,PA,US,Keeport Drive,15236
5C:93:A2:21:D5:BF,PS4-5C41703A70A4,43.19636917,-89.22570038,5C:93:A2,1,wpa2,2025-03-23T21:00:00.000Z,2025-04-27T09:00:00.000Z,Sun Prairie,WI,US,North Bird Street,53590
5C:93:A2:21:D7:63,PS4-E708D0B67418,41.36184311,-73.72213745,5C:93:A2,1,wpa2,2025-04-20T18:00:00.000Z,2025-04-23T20:00:00.000Z,,NY,US,Kennicut Hill Road,10541
5C:93:A2:21:D8:85,PS4-D2ED2AD57DF5,40.65457153,-75.29376221,5C:93:A2,10,wpa2,2025-11-11T00:00:00.000Z,2025-11-20T12:00:00.000Z,Bethlehem Township,PA,US,Milan Street,18042:18045
5C:93:A2:21:DC:F7,PS4-6713965F8C60,31.14962959,-97.45534515,5C:93:A2,6,wpa2,2026-06-13T01:00:00.000Z,2026-06-12T18:00:00.000Z,Morgans Point Resort,TX,US,Lake Forest Drive,
5C:93:A2:21:E0:BF,PS4-09F40879739C,44.46397018,-88.05012512,5C:93:A2,6,wpa2,2022-09-18T01:00:00.000Z,2024-10-26T14:00:00.000Z,Green Bay,WI,US,Riverside Drive,54301
5C:93:A2:21:E5:01,PS4-71DF4C514CEC,35.49191666,-97.60449982,5C:93:A2,11,wpa2,2025-03-08T19:00:00.000Z,2025-03-08T14:00:00.000Z,Oklahoma City,OK,US,North Minnie Lane,73127
5C:93:A2:21:E7:F7,PS4-895E06840AB8,51.17695999,-114.09598541,5C:93:A2,6,wpa2,2024-12-15T18:00:00.000Z,2025-01-12T12:00:00.000Z,Calgary,Alberta,CA,Evansglen Drive NW,T3P 0J9
5C:93:A2:21:EA:9B,PS4-E9393950E505,40.16980362,-77.57120514,5C:93:A2,6,wpa2,2024-12-26T18:00:00.000Z,2025-01-18T14:00:00.000Z,,PA,US,Pennsylvania Turnpike,17240
5C:93:A2:21:ED:37,PS4-E9821C80AA64,38.83349991,-104.81417084,5C:93:A2,6,wpa2,2022-07-04T15:00:00.000Z,2026-08-07T11:00:00.000Z,Colorado Springs,CO,US,East Pikes Peak Avenue,80903
5C:93:A2:21:EF:8F,PS4-A8CF53D6B400,36.0117569,-115.29382324,5C:93:A2,6,wpa2,2024-03-11T02:00:00.000Z,2025-09-30T13:00:00.000Z,,NV,US,South Bedstraw Street,89141
5C:93:A2:22:1C:D1,PS4-F8698A5272E4,36.19349289,-115.23311615,5C:93:A2,6,wpa2,2025-03-13T17:00:00.000Z,2025-06-01T15:00:00.000Z,Las Vegas,NV,US,North Torrey Pines Drive,89108
5C:93:A2:22:23:8D,PS4-3F0E9023B304,42.48288727,-76.37527466,5C:93:A2,6,wpa2,2026-04-22T13:00:00.000Z,2026-08-10T18:00:00.000Z,,NY,US,Bill's Way,13068
5C:93:A2:22:31:C1,PS4-1BBA88D85570,35.35420227,-96.92744446,5C:93:A2,6,wpa2,2023-03-04T08:00:00.000Z,2026-03-21T12:00:00.000Z,,OK,US,North Park Street,74804
5C:93:A2:22:39:2F,PS4-DF2C09664815,45.51112366,-122.40003204,5C:93:A2,1,wpa2,2016-07-03T21:00:00.000Z,2025-05-10T15:00:00.000Z,Gresham,OR,US,Northeast Kane Drive,97030
5C:93:A2:22:3B:CB,PS4-95E8617A75EF,40.38011551,-111.82440186,5C:93:A2,6,wpa2,2023-04-25T01:00:00.000Z,2025-04-26T21:00:00.000Z,,UT,US,I 15,84003
5C:93:A2:22:3F:61,PS4-4443CE920F6F,32.35935593,-111.08161163,5C:93:A2,1,wpa2,2026-03-03T22:00:00.000Z,2026-05-28T10:00:00.000Z,,AZ,US,West Cortaro Farms Road,85652
5C:93:A2:22:3F:85,PS4-E4C480187FA8,43.33945465,-79.81897736,5C:93:A2,6,wpa2,2001-12-31T19:00:00.000Z,2026-05-05T11:00:00.000Z,Burlington,Ontario,CA,Brant Street,L7R 0B2
5C:93:A2:22:48:29,PS4-14C2D8A6F452,45.52206039,-122.67346954,5C:93:A2,1,wpa2,2026-08-16T20:00:00.000Z,2026-08-20T20:00:00.000Z,Portland,OR,US,Japanese American Historical Plaza,97240
5C:93:A2:22:49:C9,PS4-F34A4C744B8E,42.69908142,-71.14154816,5C:93:A2,6,wpa2,2018-12-13T16:00:00.000Z,2025-03-08T21:00:00.000Z,,MA,US,I 495,01842
5C:93:A2:22:4D:4B,PS4-30F5FF3C14DA,53.58485031,-113.5562439,5C:93:A2,6,wpa2,2025-07-20T12:00:00.000Z,2025-07-20T08:00:00.000Z,Edmonton,Alberta,CA,Dunvegan Road NW,T5L 4N8
5C:93:A2:22:4E:45,PS4-A3F48E228CEE,40.63792038,-111.83446503,5C:93:A2,11,wpa2,2024-12-21T00:00:00.000Z,2025-04-26T20:00:00.000Z,,UT,US,Highland Drive,84121
5C:93:A2:22:55:61,PS4-1BE9048BD87A,33.9946785,-118.27723694,5C:93:A2,7,wpa2,2024-11-30T17:00:00.000Z,2024-11-30T17:00:00.000Z,Los Angeles,CA,US,West 52nd Place,90037
5C:93:A2:22:55:C1,PS4-56423C39A596,47.25617599,-122.45110321,5C:93:A2,6,wpa2,2018-02-26T13:00:00.000Z,2025-04-03T19:00:00.000Z,Tacoma,WA,US,South J Street,98403-1926
5C:93:A2:22:57:C1,PS4-C1363C162EC9,52.11470413,-106.67047119,5C:93:A2,6,wpa2,2026-04-05T18:00:00.000Z,2026-08-29T21:00:00.000Z,Saskatoon,Saskatchewan,CA,Lorne Avenue,S7H 1X8
5C:93:A2:22:61:D1,PS4-DCA006A5DC58,41.24507904,-95.93245697,5C:93:A2,4,wpa2,2024-09-15T22:00:00.000Z,2024-09-15T21:00:00.000Z,Omaha,NE,US,William Street,68108
5C:93:A2:22:6D:AD,PS4-7638D25D99EE,42.00367737,-88.18573761,5C:93:A2,11,wpa2,2024-09-28T18:00:00.000Z,2024-09-28T11:00:00.000Z,,IL,US,West Lake Street,60107
5C:93:A2:22:70:E1,PS4-DFD86B160D81,26.22099304,-98.36758423,5C:93:A2,6,wpa2,2025-01-01T16:00:00.000Z,2025-01-01T09:00:00.000Z,Palmview,TX,US,East Loop 374,78572
5C:93:A2:22:84:35,PS4-3831287DFDA5,38.30699158,-122.31467438,5C:93:A2,1,wpa2,2026-07-30T15:00:00.000Z,2026-07-30T08:00:00.000Z,Napa,CA,US,Lone Oak Avenue,A
5C:93:A2:22:86:B5,PS4-AB754545E9AA,36.10271072,-115.06847382,5C:93:A2,1,wpa2,2024-09-18T15:00:00.000Z,2024-09-18T14:00:00.000Z,,NV,US,East Newton Drive,89122
5C:93:A2:22:8B:37,PS4-C401D5E22BA0,43.94119263,-78.88640594,5C:93:A2,6,wpa2,2025-01-27T13:00:00.000Z,2025-07-02T05:00:00.000Z,Oshawa,Ontario,CA,Simcoe Street North,L1G 4Y3
5C:93:A2:22:90:2B,PS4-471E31B9DA0F,45.58493805,-73.59416962,5C:93:A2,2,wpa2,2015-02-22T11:00:00.000Z,2026-08-31T18:00:00.000Z,Montréal,Québec,CA,Boulevard Lacordaire,H1R 3A9
5C:93:A2:22:99:9B,PS4-5EAB5C682DD9,37.09112549,-113.57364655,5C:93:A2,11,wep,2017-11-05T11:00:00.000Z,2026-08-11T17:00:00.000Z,St. George,UT,US,Veterans Memorial Highway,84690
5C:93:A2:22:A4:75,PS4-6666B716CC46,40.91473389,8.71183109,5C:93:A2,6,wpa2,2025-06-12T17:00:00.000Z,2025-06-22T08:00:00.000Z,,Sardigna/Sardegna,IT,Via 4 novembre,07031
5C:93:A2:22:A5:21,PS4-A8EBCB3612BD,39.07334518,-108.53726959,5C:93:A2,6,none,2026-08-31T12:00:00.000Z,2026-08-31T12:00:00.000Z,Grand Junction,CO,US,Gunnison Avenue,81501
5C:93:A2:22:AD:6B,PS4-E2C11DC2AF9E,40.83630371,-73.00183868,5C:93:A2,6,wep,2021-10-16T19:00:00.000Z,2024-11-05T05:00:00.000Z,,NY,US,,
5C:93:A2:22:B2:3B,PS4-9D390237014B,39.51426697,-119.80848694,5C:93:A2,11,wpa2,2022-06-20T10:00:00.000Z,2026-06-24T19:00:00.000Z,Reno,NV,US,Haskell Street,89509-1633
5C:93:A2:22:B5:CF,PS4-B299A7BB7F89,41.39454651,-81.64916992,5C:93:A2,6,wpa2,2024-12-03T21:00:00.000Z,2024-12-09T15:00:00.000Z,,OH,US,Rockside Woods Boulevard South,44131
5C:93:A2:22:C6:09,PS4-C13D1FD536AC,50.96883774,6.93788147,5C:93:A2,1,wpa2,2025-10-05T14:00:00.000Z,2025-10-06T10:00:00.000Z,Köln,Nordrhein-Westfalen,DE,Ravensburger Straße,50739
5C:93:A2:22:CE:25,,36.74879456,-121.66251373,5C:93:A2,6,none,2026-08-25T12:00:00.000Z,2026-08-26T15:00:00.000Z,,CA,US,El Camino Real,93907
5C:93:A2:22:CE:35,,27.97264671,-82.72225952,5C:93:A2,9,unknown,2025-05-30T22:00:00.000Z,2025-05-30T21:00:00.000Z,Clearwater,FL,US,Brigadoon Drive,33759
5C:93:A2:22:DC:EB,PS4-F9F6FAEE4FAC,30.49022293,-91.14051056,5C:93:A2,1,wpa2,2026-08-12T18:00:00.000Z,2026-08-13T04:00:00.000Z,Baton Rouge,LA,US,North Foster Drive,70811
5C:93:A2:22:DE:7B,PS4-A3DEE489CBBD,33.58812332,-111.98178864,5C:93:A2,1,wpa2,2016-01-11T00:00:00.000Z,2025-03-08T22:00:00.000Z,Phoenix,AZ,US,East Shangri La Road,85028
5C:93:A2:23:0A:03,PS4-8BD7906D16DE,39.60217285,-119.72624969,5C:93:A2,4,wpa2,2024-04-29T00:00:00.000Z,2026-08-20T06:00:00.000Z,,NV,US,Silver Coyote Drive,98436
5C:93:A2:23:15:CF,PS4-8E76B90CDB51,10.51431561,-61.39239883,5C:93:A2,6,wpa2,2015-09-18T12:00:00.000Z,2025-03-21T20:00:00.000Z,Chaguanas,Lendore,TT,Maraj Street,500125
5C:93:A2:23:1A:A7,PS4-5724D82C4D83,42.34851074,-71.10700226,5C:93:A2,11,wpa2,2015-10-17T17:00:00.000Z,2025-07-02T06:00:00.000Z,,MA,US,Saint Mary's Street,02215
5C:93:A2:23:1B:F9,PS4-F96F1DC45619,27.6625309,-97.35621643,5C:93:A2,5,wpa2,2024-09-11T02:00:00.000Z,2024-09-10T23:00:00.000Z,Corpus Christi,TX,US,Brooke Road,78414
5C:93:A2:23:1E:5F,PS4-CF0D79F919C1,45.49038696,-73.82872772,5C:93:A2,6,wpa2,2025-02-15T15:00:00.000Z,2025-02-15T10:00:00.000Z,,Québec,CA,Rue Fredmir,H9A 2R3
5C:93:A2:23:1F:A7,(no SSID),40.58030319,-74.22680664,5C:93:A2,8,none,2025-04-24T18:00:00.000Z,2025-04-26T12:00:00.000Z,Carteret,NJ,US,Washington Avenue,07008
5C:93:A2:23:20:5F,PS4-AE8448F74033,40.27690506,-96.74777222,5C:93:A2,1,wpa2,2024-10-11T18:00:00.000Z,2024-10-11T11:00:00.000Z,Beatrice,NE,US,North 5th Street,63810
5C:93:A2:23:24:45,PS4-2C92F7465D7F,33.91042328,-118.20745087,5C:93:A2,6,wpa2,2017-02-05T14:00:00.000Z,2025-03-26T19:00:00.000Z,,CA,US,North Long Beach Boulevard,90221
5C:93:A2:23:27:27,PS4-F0233098C5DF,26.25088501,-98.23114777,5C:93:A2,11,wpa2,2020-09-18T12:00:00.000Z,2026-09-03T06:00:00.000Z,McAllen,TX,US,North Bicentennial Boulevard,78501
5C:93:A2:23:3F:F7,PS4-8ED3B29B4B2A,53.55377197,10.01057148,5C:93:A2,4,wpa2,2025-05-24T13:00:00.000Z,2026-04-12T09:00:00.000Z,Hamburg,Hamburg-Mitte,DE,Bremer Reihe,20099
5C:93:A2:23:42:69,PS4-74196187EC17,49.68592453,8.15718651,5C:93:A2,9,wpa2,2026-07-18T10:00:00.000Z,2026-09-01T07:00:00.000Z,Ober-Flörsheim,Rheinland-Pfalz,DE,Weedengasse,55234
5C:93:A2:23:47:97,PS4-FF578ECCDFA2,45.61335754,-73.81729889,5C:93:A2,6,wpa2,2026-07-01T12:00:00.000Z,2026-07-01T05:00:00.000Z,Boisbriand,Québec,CA,Rue des Pins,J7G 1B9
5C:93:A2:23:57:CB,PS4-D2DEEE50A689,33.50080872,-112.03514862,5C:93:A2,8,wpa2,2016-03-10T09:00:00.000Z,2025-03-09T00:00:00.000Z,Phoenix,AZ,US,East Turney Avenue,85016
5C:93:A2:23:71:6D,PS4-B5C47FFF64B1,39.67277908,-84.21746826,5C:93:A2,11,wpa2,2026-03-15T22:00:00.000Z,2026-07-20T22:00:00.000Z,,OH,US,West Alexandersville Bellbrook Road,45459
5C:93:A2:23:77:3F,PS4-53938CBBFA73,45.54334259,-73.77979279,5C:93:A2,1,wpa2,2020-08-27T15:00:00.000Z,2026-01-07T13:00:00.000Z,Laval (13),Québec,CA,Rue Paul-Émile-Duplessis,H7W 5N3
5C:93:A2:23:79:21,PS4-9567BC0545F6,38.77467346,-77.21315002,5C:93:A2,6,wpa2,2026-01-01T01:00:00.000Z,2025-12-31T17:00:00.000Z,,VA,US,Old Keene Mill Road,22152
5C:93:A2:23:7B:C3,PS4-647FBE4E682F,40.3822937,-111.81022644,5C:93:A2,6,wpa2,2025-02-02T22:00:00.000Z,2025-02-10T13:00:00.000Z,,UT,US,West Pacific Drive,84003
5C:93:A2:23:84:35,PS4-0ACE2897E1DE,36.06106186,-95.82661438,5C:93:A2,10,wpa2,2015-02-13T19:00:00.000Z,2024-11-15T11:00:00.000Z,,OK,US,West Kenosha Street,74012-9565
5C:93:A2:23:85:59,PS4-354BD47FAF13,53.53184509,10.13773918,5C:93:A2,11,wpa2,2024-11-14T15:00:00.000Z,2024-11-14T09:00:00.000Z,Hamburg,Hamburg-Mitte,DE,A 1,22115
5C:93:A2:23:8E:0D,PS4-EDBE6DD89CAB,41.89974213,-87.67002869,5C:93:A2,6,wpa2,2017-07-19T09:00:00.000Z,2025-03-18T10:00:00.000Z,Chicago,IL,US,West Augusta Boulevard,60651
5C:93:A2:23:8E:29,PS4-D79273FD035E,38.05158234,-103.71193695,5C:93:A2,3,wpa2,2024-08-17T00:00:00.000Z,2025-11-29T15:00:00.000Z,,CO,US,Swink Avenue,81067
5C:93:A2:23:93:F7,PS4-AC9F80F3CEAE,39.50072861,-119.79398346,5C:93:A2,6,wpa2,2023-05-19T16:00:00.000Z,2025-01-05T11:00:00.000Z,Reno,NV,US,East Grove Street,89502
5C:93:A2:23:B8:AB,PS4-E13B9BB19EED,47.71925735,-117.39550018,5C:93:A2,6,wpa2,2024-07-15T23:00:00.000Z,2025-08-16T10:00:00.000Z,Spokane,WA,US,East Beacon Avenue,99208-1213
5C:93:A2:23:C0:13,PS4-150719C566F4,36.93515778,-76.22399902,5C:93:A2,6,wpa2,2026-06-13T21:00:00.000Z,2026-07-14T11:00:00.000Z,Norfolk,VA,US,Capeview Avenue,23503
5C:93:A2:23:C0:AB,PS4-E2727E97F0D9,33.5993576,-117.16500092,5C:93:A2,6,wpa2,2026-04-18T18:00:00.000Z,2026-06-17T12:00:00.000Z,Murrieta,CA,US,Triese Street,92563
5C:93:A2:23:C4:A1,PS4-2AABFEF63665,33.64559937,-112.09963989,5C:93:A2,1,wpa2,2018-11-07T17:00:00.000Z,2025-03-08T22:00:00.000Z,Phoenix,AZ,US,West Angela Drive,85023-2569
5C:93:A2:23:CB:B3,,34.22283936,-118.4723587,5C:93:A2,11,none,2026-08-25T06:00:00.000Z,2026-08-25T12:00:00.000Z,Los Angeles,CA,US,Orion Avenue,91343
5C:93:A2:23:CC:D9,PS4-83F73C9C9374,36.16607666,-115.19424438,5C:93:A2,6,wpa2,2026-03-04T15:00:00.000Z,2026-07-02T13:00:00.000Z,Las Vegas,NV,US,Starfire Lane,89102-1634
5C:93:A2:23:CD:75,PS4-EC4D698F35FA,33.61093903,-112.14148712,5C:93:A2,1,wpa2,2017-11-03T17:00:00.000Z,2025-03-08T21:00:00.000Z,Phoenix,AZ,US,West Thunderbird Road,85029
5C:93:A2:23:CE:B9,PS4-95CB17D8310C,50.49235535,-104.68267059,5C:93:A2,1,wpa2,2018-09-29T21:00:00.000Z,2025-12-23T19:00:00.000Z,Regina,Saskatchewan,CA,Blakeney Drive,S4X 3E2
5C:93:A2:23:DA:41,PS4-083EB5358916,33.50001907,-111.91602325,5C:93:A2,1,wpa2,2018-07-23T20:00:00.000Z,2025-03-08T19:00:00.000Z,Scottsdale,AZ,US,East Montecito Avenue,85251
5C:93:A2:23:DA:B7,PS4-21FB5F491C22,45.52706528,-122.89039612,5C:93:A2,11,wpa2,2023-03-04T17:00:00.000Z,2024-10-24T22:00:00.000Z,Hillsboro,OR,US,Northeast Wilkins Street,97124-9433
5C:93:A2:23:DE:DB,PS4-CBA4C00B822E,37.88451385,-90.60787201,5C:93:A2,6,wpa2,2024-09-20T17:00:00.000Z,2024-09-20T15:00:00.000Z,,MO,US,Judy Circle,63628
5C:93:A2:23:E5:45,,51.1271286,-114.13308716,5C:93:A2,3,unknown,2025-11-28T20:00:00.000Z,2025-11-28T15:00:00.000Z,Calgary,Alberta,CA,Shaganappi Trail NW,T3A 5R9
5C:93:A2:23:E9:6D,PS4-29ED0BE6E225,42.98550797,-83.68177795,5C:93:A2,6,wpa2,2021-01-19T06:00:00.000Z,2025-11-15T10:00:00.000Z,Flint,MI,US,South Grand Traverse Street,48529
5C:93:A2:24:00:D5,PS4-6A254361C5C1,36.05644608,-115.13800812,5C:93:A2,1,wpa2,2022-07-11T14:00:00.000Z,2025-05-03T21:00:00.000Z,,NV,US,East Warm Springs Road,89123
5C:93:A2:24:18:EF,PS4-11E1C3F8E7B6,-12.14339066,-77.01754761,5C:93:A2,2,wpa2,2024-12-04T05:00:00.000Z,2025-03-06T15:00:00.000Z,Barranco,Lima,PE,Jirón Garcia y Garcia,15049
5C:93:A2:24:1B:F7,PS4-C5B82773E2DF,45.17165375,-74.96685791,5C:93:A2,6,wpa2,2001-10-13T20:00:00.000Z,2025-03-07T13:00:00.000Z,North Stormont,Ontario,CA,Main Street,K0C 1C0
5C:93:A2:24:23:0F,PS4-68E71BB2812E,49.7013092,20.44958115,5C:93:A2,1,wpa2,2024-12-09T21:00:00.000Z,2025-05-11T12:00:00.000Z,,województwo małopolskie,PL,,34-600
5C:93:A2:24:2B:CB,PS4-F0E3DD1F2591,28.62208939,-81.24734497,5C:93:A2,6,wpa2,2026-06-05T16:00:00.000Z,2026-06-06T12:00:00.000Z,,FL,US,FL 426,32765-9348
5C:93:A2:24:2D:9F,PS4-AAEB2AD5ADA9,38.58648682,-90.56716919,5C:93:A2,6,wpa2,2024-10-29T21:00:00.000Z,2024-10-29T15:00:00.000Z,,MO,US,Reinke Road,63021
5C:93:A2:24:31:2B,PS4-553E6C59EC4A,33.9019928,-118.29896545,5C:93:A2,1,wpa2,2018-04-25T01:00:00.000Z,2025-03-08T22:00:00.000Z,,CA,US,Rosecrans Avenue,90247-3225
5C:93:A2:24:43:F1,PS4-AE6C9F9E9D73,40.02847672,-83.01148224,5C:93:A2,1,wpa2,2026-03-03T18:00:00.000Z,2026-03-31T09:00:00.000Z,Columbus,OH,US,East Como Avenue,43202
5C:93:A2:24:45:9B,PS4-3B95A35786AC,48.84645844,2.3263545,5C:93:A2,1,wpa2,2025-08-02T07:00:00.000Z,2026-03-10T00:00:00.000Z,Paris,Île-de-France,FR,Rue de Rennes,75006
5C:93:A2:24:47:C5,PS4-13BBE4A044F0,33.86650467,-118.17636871,5C:93:A2,1,wpa2,2024-12-23T17:00:00.000Z,2024-12-23T16:00:00.000Z,Long Beach,CA,US,Brayton Avenue,90805
5C:93:A2:24:49:29,PS4-5E616F383576,33.40216064,-111.84754944,5C:93:A2,1,wpa2,2025-08-12T04:00:00.000Z,2026-07-26T04:00:00.000Z,Mesa,AZ,US,South Santa Fe Villas,85210-4913
5C:93:A2:24:4C:97,PS4-73C2436C5CE4,40.05107498,-105.20636749,5C:93:A2,6,wpa2,2023-10-11T15:00:00.000Z,2025-11-13T09:00:00.000Z,,CO,US,Jay Road,80301
5C:93:A2:24:50:5B,PS4-0514988066D4,34.00197601,-118.3024826,5C:93:A2,11,wpa2,2024-11-12T14:00:00.000Z,2024-11-26T16:00:00.000Z,Los Angeles,CA,US,West 46th Street,90062
5C:93:A2:24:51:07,PS4-3AE556B86568,32.95084,-96.85579681,5C:93:A2,6,wpa2,2023-01-11T10:00:00.000Z,2026-06-29T09:00:00.000Z,Addison,TX,US,Marsh Lane,75001
5C:93:A2:24:52:69,PS4-891F5F069501,48.42693329,-122.31341553,5C:93:A2,1,wpa2,2019-10-16T07:00:00.000Z,2026-05-20T17:00:00.000Z,,WA,US,North Laventure Road,98273
5C:93:A2:24:5B:A7,PS4-1D5998528C07,37.70858002,-97.1366806,5C:93:A2,10,wpa2,2025-05-13T15:00:00.000Z,2025-05-20T12:00:00.000Z,,KS,US,West 13th Street,67002
5C:93:A2:24:6B:6D,PS4-5FC9B8585665,-33.80876541,151.01478577,5C:93:A2,7,wpa2,2024-03-05T08:00:00.000Z,2024-09-12T23:00:00.000Z,Sydney,New South Wales,AU,Victoria Road,2150
5C:93:A2:24:78:91,PS4-26B67C447A02,50.99171066,12.43950748,5C:93:A2,6,wpa2,2024-02-18T08:00:00.000Z,2026-08-29T15:00:00.000Z,,Thüringen,DE,Johann-Sebastian-Bach-Straße,04600
5C:93:A2:24:7A:93,PS4-D6F597197E1A,37.97600174,-121.71957397,5C:93:A2,6,wpa2,2026-08-19T17:00:00.000Z,2026-08-19T22:00:00.000Z,,CA,US,Carpenter Road,94561
5C:93:A2:24:85:39,PS4-FEF9D4F88449,51.12379074,-114.17227936,5C:93:A2,6,wpa2,2018-06-28T06:00:00.000Z,2026-05-02T10:00:00.000Z,Calgary,Alberta,CA,John Laurie Boulevard NW,T3G 3B7
5C:93:A2:24:86:47,PS4-E829CA340511,40.98633575,-75.20031738,5C:93:A2,1,wpa2,2023-04-16T17:00:00.000Z,2026-03-30T09:00:00.000Z,,PA,US,North 10th Street,18360
5C:93:A2:24:8A:D1,PS4-77EBDF52D7BF,38.83953857,-77.31110382,5C:93:A2,1,wpa2,2024-12-30T20:00:00.000Z,2024-12-30T12:00:00.000Z,Fairfax,VA,US,Chain Bridge Road,22030
5C:93:A2:24:91:09,PS4-0DDF26F09CAF,32.96344757,-96.85186768,5C:93:A2,3,wpa2,2023-10-29T16:00:00.000Z,2025-02-20T10:00:00.000Z,Carrollton,TX,US,Country Square Drive,75006
5C:93:A2:24:98:05,PS4-5D4609A6ED09,41.30793381,-73.09773254,5C:93:A2,11,wpa2,2023-12-25T00:00:00.000Z,2026-08-24T16:00:00.000Z,,CT,US,General Samuel Jaskilka Highway,06484-6416
5C:93:A2:24:9B:F5,PS4-E5BEBEEE94B2,32.15031815,-111.02612305,5C:93:A2,11,wpa2,2025-09-06T02:00:00.000Z,2026-02-11T14:00:00.000Z,,AZ,US,West Holladay Street,85746
5C:93:A2:24:A1:F7,PS4-B567402BBAE5,33.66936493,-117.99105835,5C:93:A2,6,wpa2,2025-01-26T20:00:00.000Z,2025-01-26T14:00:00.000Z,Huntington Beach,CA,US,Arch Lane,92648
5C:93:A2:24:AA:07,PS4-08615DF14F5F,-34.60725021,-58.44760132,5C:93:A2,3,wpa2,2017-01-29T19:00:00.000Z,2025-10-03T11:00:00.000Z,Buenos Aires,Ciudad Autónoma de Buenos Aires,AR,Avenida San Martín,C1416CRO
5C:93:A2:24:B0:C5,PS4-BA8CE69CB3BC,37.36362076,-121.9675293,5C:93:A2,7,wpa2,2025-06-27T03:00:00.000Z,2025-06-27T23:00:00.000Z,Santa Clara,CA,US,Monroe Street,95051-1880
5C:93:A2:24:B4:C7,PS4-DE8F73FB2D37,-0.19082916,-78.38864136,5C:93:A2,1,wpa2,2025-10-01T22:00:00.000Z,2025-10-01T16:00:00.000Z,,Pichincha,EC,E2D Río Toachi,170902
5C:93:A2:24:B7:B7,PS4-C22AABF922BB,32.65598297,-97.12137604,5C:93:A2,11,wpa2,2026-04-26T17:00:00.000Z,2026-08-02T17:00:00.000Z,Arlington,TX,US,Blossomwood Court,76017
5C:93:A2:24:C0:EB,PS4-20384879B668,43.02985001,-76.14156342,5C:93:A2,6,wpa2,2024-09-29T18:00:00.000Z,2024-09-29T17:00:00.000Z,City of Syracuse,NY,US,I 81,13205-9211
5C:93:A2:24:CA:5D,PS4-CAD00DCCB0C5,49.10383224,8.74714279,5C:93:A2,5,wpa2,2025-11-29T20:00:00.000Z,2026-02-21T00:00:00.000Z,,Baden-Württemberg,DE,Hauptstraße,76703
5C:93:A2:24:D2:AB,PS4-D40A2694A880,34.88615799,-117.01540375,5C:93:A2,8,wpa2,2025-07-30T06:00:00.000Z,2025-07-31T12:00:00.000Z,,CA,US,Mojave Freeway,92311
5C:93:A2:24:D5:E9,PS4-F368C23CDB38,20.87252235,-156.4745636,5C:93:A2,11,wpa2,2023-10-16T15:00:00.000Z,2025-01-16T09:00:00.000Z,,HI,US,West Papa Avenue,96732-3509
5C:93:A2:24:EC:5D,PS4-84B186F69A58,42.07941437,-71.03237915,5C:93:A2,11,wpa2,2026-07-27T10:00:00.000Z,2026-07-27T03:00:00.000Z,Brockton,MA,US,Belmont Avenue,02301
5C:93:A2:24:ED:85,PS4-DBA76E9F5C6F,26.21205711,-80.23410034,5C:93:A2,1,wpa2,2024-10-05T23:00:00.000Z,2025-03-26T02:00:00.000Z,,FL,US,Hampton Boulevard,33068
5C:93:A2:24:F3:5F,PS4-63D9B67B30C9,-22.89969063,-43.53920364,5C:93:A2,5,wpa2,2025-06-06T17:00:00.000Z,2025-07-11T12:00:00.000Z,Rio de Janeiro,Rio de Janeiro,BR,Estrada do Pré,23013-520
5C:93:A2:24:F4:AF,,49.26194382,-123.16828918,5C:93:A2,13,wpa2,2026-08-08T19:00:00.000Z,2026-08-08T18:00:00.000Z,Vancouver,British Columbia,CA,Macdonald Street,V6K
5C:93:A2:24:FF:4F,PS4-BCE5FDEBC6A6,53.79367065,-1.78321636,5C:93:A2,6,wpa2,2025-10-06T11:00:00.000Z,2025-10-16T09:00:00.000Z,Bradford,England,GB,Princeville Road,BD7 2AT
5C:93:A2:25:01:5D,PS4-F2AAC348639D,34.78397369,-91.90799713,5C:93:A2,1,wep,2026-05-30T18:00:00.000Z,2026-06-03T20:00:00.000Z,,AR,US,Front Street Southwest,72086
5C:93:A2:25:05:77,PS4-DCE93825D09E,32.71113205,-96.87565613,5C:93:A2,1,wpa2,2026-01-04T21:00:00.000Z,2026-01-04T19:00:00.000Z,Dallas,TX,US,Spruce Valley Lane,75233
5C:93:A2:25:12:69,PS4-F11A2E09031F,45.43436432,-75.67861176,5C:93:A2,6,wpa2,2023-04-12T19:00:00.000Z,2024-12-05T19:00:00.000Z,(Old) Ottawa,Ontario,CA,Heney Street,K1N 8Z7
5C:93:A2:25:18:77,PS4-7F0AFBC47DB6,42.35069275,-71.22283173,5C:93:A2,6,wpa2,2026-06-05T16:00:00.000Z,2026-06-05T10:00:00.000Z,Newton,MA,US,Watertown Street,02465-2130
5C:93:A2:25:31:7D,PS4-0E2BB89E9F1A,41.87510681,-87.73529816,5C:93:A2,6,wpa2,2025-03-31T17:00:00.000Z,2025-04-12T20:00:00.000Z,Chicago,IL,US,South Kostner Avenue,60623
5C:93:A2:25:3A:C7,PS4-C0741151FD69,44.93904114,-93.2933197,5C:93:A2,11,wpa2,2024-08-05T22:00:00.000Z,2025-09-24T17:00:00.000Z,Minneapolis,MN,US,Dupont Avenue South,55408
5C:93:A2:25:3A:FF,PS4-C0C9B913186C,51.36559677,12.42242813,5C:93:A2,13,wpa2,2024-04-14T21:00:00.000Z,2025-04-15T19:00:00.000Z,Leipzig,Sachsen,DE,Theklaer Straße,04347
5C:93:A2:25:41:47,PS4-D2BB48B4A683,46.39889908,-72.53277588,5C:93:A2,8,wpa2,2026-08-09T13:00:00.000Z,2026-08-09T06:00:00.000Z,Trois-Rivières,Québec,CA,Rue Saint-Maurice,G8V 2M7
5C:93:A2:25:47:D9,PS4-93D9AAA8ADF6,33.25853729,-111.54980469,5C:93:A2,11,wpa2,2025-10-27T23:00:00.000Z,2025-12-28T00:00:00.000Z,,AZ,US,East Westbrooke Road,85140
5C:93:A2:25:53:03,PS4-B15C4001AFD3,45.28356171,-75.72543335,5C:93:A2,11,wpa2,2018-09-16T14:00:00.000Z,2025-12-22T17:00:00.000Z,Ottawa,Ontario,CA,Queensbury Drive,K2J 5B6
5C:93:A2:25:55:49,PS4-1E61E23B04BE,18.46029854,-69.94511414,5C:93:A2,9,wpa2,2025-06-25T21:00:00.000Z,2025-07-01T11:00:00.000Z,,Distrito Nacional,DO,Calle Licenciado José Tapia Brea,10145
5C:93:A2:25:58:03,PS4-020D3DA90DA4,37.32933426,-108.60691833,5C:93:A2,6,wpa2,2018-06-14T13:00:00.000Z,2025-03-08T19:00:00.000Z,,CO,US,South Broadway,81321-3299
5C:93:A2:25:5C:3B,PS4-07029CD64645,46.37641907,-72.61877441,5C:93:A2,6,wpa2,2025-04-18T23:00:00.000Z,2025-04-18T16:00:00.000Z,Trois-Rivières,Québec,CA,Rue du Lac-Caché,G8Y 4W2
5C:93:A2:25:61:47,PS4-DB16CA70BA85,35.13067245,-106.56212616,5C:93:A2,6,wpa2,2019-03-29T19:00:00.000Z,2025-03-08T20:00:00.000Z,Albuquerque,NM,US,Montgomery Boulevard Northeast,87109-1577
5C:93:A2:25:62:DF,PS4-85E8A8ADCD89,29.65754318,-95.22737122,5C:93:A2,11,wpa2,2026-01-27T16:00:00.000Z,2026-02-19T19:00:00.000Z,South Houston,TX,US,Texas Street,77587
5C:93:A2:25:65:35,PS4-E94FF69A6B88,35.97535706,-115.16264343,5C:93:A2,11,wpa2,2026-01-30T19:00:00.000Z,2026-02-01T18:00:00.000Z,,NV,US,,89183
5C:93:A2:25:66:BF,PS4-6929C3CE9568,34.74657059,-92.26933289,5C:93:A2,11,wpa2,2022-09-01T07:00:00.000Z,2025-05-28T17:00:00.000Z,Little Rock,AR,US,Scott Street,72206
5C:93:A2:25:69:97,PS4-3CFCED5DD7B3,10.66233158,-61.51750946,5C:93:A2,6,wpa2,2015-11-07T23:00:00.000Z,2026-03-05T11:00:00.000Z,Port of Spain,Port of Spain,TT,Woodford Street,190130
5C:93:A2:25:6F:33,PS4-CAF1F7DFDEFB,27.69960022,-82.67921448,5C:93:A2,11,wpa2,2025-03-14T13:00:00.000Z,2025-03-14T15:00:00.000Z,Saint Petersburg,FL,US,I 275;US 19,33715
5C:93:A2:25:70:BB,PS4-1DB68A85FD4F,38.4944725,-121.52399445,5C:93:A2,6,wpa2,2025-07-24T22:00:00.000Z,2025-08-01T08:00:00.000Z,Sacramento,CA,US,Greenhaven Drive,95831
5C:93:A2:25:75:DF,PS4-407553E37446,38.27089691,-85.93563843,5C:93:A2,5,wpa2,2026-01-17T20:00:00.000Z,2026-01-17T17:00:00.000Z,,IN,US,Nance Lane,47136
5C:93:A2:25:78:F7,PS4-199493A645BE,37.36096191,-121.95855713,5C:93:A2,11,wpa2,2025-06-26T22:00:00.000Z,2025-08-09T01:00:00.000Z,Santa Clara,CA,US,Monroe Street,95050-3653
5C:93:A2:25:79:ED,PS4-137EDDAFC17B,39.81807327,-84.02908325,5C:93:A2,11,wpa2,2023-12-12T17:00:00.000Z,2026-04-23T19:00:00.000Z,,OH,US,Ohio Street,45324
5C:93:A2:25:7A:C3,PS4-F651F37AF4CC,33.59624863,-111.92490387,5C:93:A2,1,wpa2,2015-07-02T00:00:00.000Z,2025-03-08T21:00:00.000Z,Scottsdale,AZ,US,East Paradise Drive,85260-8516
5C:93:A2:25:95:FB,PS4-097B4A615627,45.52466583,-122.69960022,5C:93:A2,8,wpa2,2024-12-28T22:00:00.000Z,2025-09-13T02:00:00.000Z,Portland,OR,US,Northwest Westover Road,97205
5C:93:A2:25:97:15,PS4-25514ACF9AAC,43.17801666,-89.24073792,5C:93:A2,6,wpa2,2025-04-14T18:00:00.000Z,2025-04-27T10:00:00.000Z,Sun Prairie,WI,US,West Main Street,53590
5C:93:A2:25:9B:E5,PS4-F85ECDC03DD3,46.99957657,-120.54988861,5C:93:A2,1,wpa2,2016-05-13T14:00:00.000Z,2024-09-21T21:00:00.000Z,,WA,US,West University Way,98926
5C:93:A2:25:A0:65,PS4-CAE5ACD41C95,33.94229507,-118.30337524,5C:93:A2,6,wpa2,2024-11-04T16:00:00.000Z,2024-11-04T15:00:00.000Z,Inglewood,CA,US,West 104th Street,90292
5C:93:A2:25:A1:9F,PS4-1D7612029F08,46.58699417,-111.99997711,5C:93:A2,1,wpa2,2022-09-20T00:00:00.000Z,2025-07-07T19:00:00.000Z,Helena,MT,US,East 6th Avenue,59620
5C:93:A2:25:A1:C1,PS4-C95E26A994B9,40.10913086,-88.24057007,5C:93:A2,11,wpa2,2024-09-07T12:00:00.000Z,2024-09-22T02:00:00.000Z,Champaign,IL,US,East John Street,61820
5C:93:A2:25:A6:93,PS4-D013718F318D,40.6783905,-73.95026398,5C:93:A2,11,wpa2,2025-03-10T21:00:00.000Z,2026-08-22T22:00:00.000Z,City of New York,NY,US,Atlantic Avenue,11216
5C:93:A2:25:A7:53,PS4-8687B8EF2DAD,51.19791794,6.39734125,5C:93:A2,11,wpa2,2016-06-10T17:00:00.000Z,2026-01-24T11:00:00.000Z,Mönchengladbach,Nordrhein-Westfalen,DE,Roermonder Straße,41068
5C:93:A2:25:BA:31,BlackBox#44,39.18772507,-77.9302063,5C:93:A2,9,unknown,2024-12-29T13:00:00.000Z,2025-02-14T19:00:00.000Z,,VA,US,Lord Fairfax Highway,25441
5C:93:A2:25:C3:53,PS4-DE7112D78C4D,21.33520126,-158.02359009,5C:93:A2,6,wpa2,2026-06-16T16:00:00.000Z,2026-07-23T10:00:00.000Z,,HI,US,Fort Weaver Road,96706
5C:93:A2:25:C6:B7,PS4-097295450628,39.41440201,-81.45280457,5C:93:A2,11,wpa2,2021-03-02T10:00:00.000Z,2025-05-27T05:00:00.000Z,,OH,US,Union Street,45750
5C:93:A2:25:CC:71,PS4-6BB024C74EF5,49.16934204,-122.82349396,5C:93:A2,11,wpa2,2025-01-26T02:00:00.000Z,2026-08-14T21:00:00.000Z,Surrey,British Columbia,CA,,V3R 7K4
5C:93:A2:25:CC:89,PS4-4CC1B1EB42B2,37.66495132,-122.46051025,5C:93:A2,1,wpa2,2019-09-29T04:00:00.000Z,2026-08-02T18:00:00.000Z,Daly City,CA,US,Hickey Boulevard,94014
5C:93:A2:25:CC:9D,PS4-01BDCDFE28DC,35.53304672,-80.78167725,5C:93:A2,8,wpa2,2024-11-18T17:00:00.000Z,2025-02-13T12:00:00.000Z,,NC,US,Karlstad Lane,28115
5C:93:A2:25:D1:41,PS4-C12CB0941603,37.64229965,-122.49256897,5C:93:A2,8,wpa2,2019-09-15T02:00:00.000Z,2026-08-02T18:00:00.000Z,,CA,US,Palmetto Avenue,94044
5C:93:A2:25:DB:59,PS4-970491014F0F,41.7729454,-88.01229095,5C:93:A2,2,wpa2,2025-12-21T07:00:00.000Z,2025-12-21T01:00:00.000Z,,IL,US,63rd Street,60516
5C:93:A2:25:DB:99,PS4-EE001BF5EEFB,35.03682709,-85.30241394,5C:93:A2,6,wpa2,2022-08-23T13:00:00.000Z,2025-04-21T07:00:00.000Z,Chattanooga,TN,US,Passenger Street,37408
5C:93:A2:25:E2:69,PS4-CD96E2EFD5E4,54.51408386,18.54014778,5C:93:A2,11,wpa2,2025-01-02T12:00:00.000Z,2025-01-13T03:00:00.000Z,Gdynia,województwo pomorskie,PL,Świętojańska,81-391
5C:93:A2:25:FC:77,PS4-C44EDAC21610,42.66466522,23.31684303,5C:93:A2,9,wpa2,2024-07-11T19:00:00.000Z,2026-07-30T12:00:00.000Z,София,София-град,BG,бул. Никола Й. Вапцаров,1407
5C:93:A2:26:09:9F,PS4-E24712B07028,-16.5141983,-68.12306976,5C:93:A2,6,wpa2,2024-11-16T19:00:00.000Z,2024-11-23T11:00:00.000Z,La Paz,La Paz,BO,Avenida Mariscal Bernardino Bilbao Rioja,282
5C:93:A2:26:0D:D9,PS4-1F1BFBE8FF97,38.46504593,-121.44683838,5C:93:A2,1,wpa2,2024-09-10T23:00:00.000Z,2026-08-30T07:00:00.000Z,Sacramento,CA,US,Franklin Boulevard,95823
5C:93:A2:26:1A:3F,PS4-DED63B3C3284,40.22413254,-74.02970886,5C:93:A2,1,wpa2,2024-02-11T02:00:00.000Z,2025-08-30T19:00:00.000Z,,NJ,US,Asbury Avenue,07712
5C:93:A2:26:1C:2D,PS4-15CDFF2DD01A,30.50646973,-96.31440735,5C:93:A2,6,wpa2,2026-05-02T17:00:00.000Z,2026-05-02T20:00:00.000Z,,TX,US,Straub Road,77845
5C:93:A2:26:22:B9,PS4-51D7F7807ADF,43.3704834,-92.12016296,5C:93:A2,2,wpa2,2026-04-29T15:00:00.000Z,2026-04-29T10:00:00.000Z,,IA,US,3rd Street Southwest,52136
5C:93:A2:26:2E:C7,PS4-BD2FD116CB9F,39.16953278,-119.72405243,5C:93:A2,6,wpa2,2026-02-19T21:00:00.000Z,2026-02-21T06:00:00.000Z,Carson City,NV,US,Fairview Drive,89702
5C:93:A2:26:35:F7,PS4-84ED871428BB,32.87771988,-111.68706512,5C:93:A2,3,wpa2,2016-10-29T18:00:00.000Z,2025-03-09T00:00:00.000Z,,AZ,US,I 10,85194
5C:93:A2:26:40:D1,PS4-448B7CBAE459,29.61893272,-95.73019409,5C:93:A2,1,wpa2,2026-05-17T20:00:00.000Z,2026-05-17T15:00:00.000Z,,TX,US,Morton League,77469
5C:93:A2:26:48:C5,PS4-FE57F80E14B0,36.12963486,-115.09832001,5C:93:A2,11,wpa2,2023-01-30T11:00:00.000Z,2026-02-04T16:00:00.000Z,,NV,US,East Desert Inn Road,89121-2510
5C:93:A2:26:4F:7D,PS4-0EF64FC49294,36.18848038,-115.13648987,5C:93:A2,1,wpa2,2026-08-13T19:00:00.000Z,2026-08-13T15:00:00.000Z,North Las Vegas,NV,US,West Owens Avenue,89101
5C:93:A2:26:57:39,PS4-765E65D3605A,43.66625214,-116.65678406,5C:93:A2,9,wpa2,2026-03-21T22:00:00.000Z,2026-03-31T00:00:00.000Z,,ID,US,Syringa Place,83607
5C:93:A2:26:5E:B5,PS4-FD784ABCBCA9,42.48905563,-83.171875,5C:93:A2,11,wpa2,2018-04-04T08:00:00.000Z,2026-06-23T05:00:00.000Z,,MI,US,11 Mile Road,48070
5C:93:A2:26:65:6D,PS4-7DE263AFEBB6,34.0225563,-83.97320557,5C:93:A2,1,wpa2,2023-10-20T07:00:00.000Z,2024-12-12T14:00:00.000Z,,GA,US,Pinyon Place,30043
5C:93:A2:26:74:1F,PS4-AFE9A25A21CC,34.09926224,-117.67042542,5C:93:A2,6,wpa2,2018-09-29T09:00:00.000Z,2026-08-31T16:00:00.000Z,,CA,US,North Mountain Avenue,91786-7032
5C:93:A2:26:82:DD,PS4-55E02C51C33B,-32.89558411,151.71394348,5C:93:A2,4,wpa2,2023-11-08T03:00:00.000Z,2025-09-04T03:00:00.000Z,Newcastle,New South Wales,AU,Queen Street,2298
5C:93:A2:26:84:D7,PS4-E2E914AE74A8,51.46046066,-109.16722107,5C:93:A2,1,wpa2,2024-09-28T21:00:00.000Z,2024-09-28T18:00:00.000Z,,Saskatchewan,CA,7 Street West,S0L 1S0
5C:93:A2:26:A2:25,PS4-3B5DE422A188,39.15174103,-75.56486511,5C:93:A2,6,wpa2,2026-03-22T17:00:00.000Z,2026-03-22T13:00:00.000Z,Dover,DE,US,Westover Drive,19904
5C:93:A2:26:B1:03,PS4-CE514C5E030D,38.67258453,-121.33661652,5C:93:A2,3,wpa2,2024-09-17T00:00:00.000Z,2024-09-30T09:00:00.000Z,,CA,US,Garfield Avenue,95842
5C:93:A2:26:B5:CB,PS4-AFF0854C30DB,33.04916763,-96.76275635,5C:93:A2,11,wpa2,2024-11-08T01:00:00.000Z,2025-06-09T16:00:00.000Z,Plano,TX,US,Cross Bend Road,75023
5C:93:A2:26:B6:CD,PS4-CDB4555A44BC,40.85406494,-73.32097626,5C:93:A2,1,wpa2,2026-06-09T13:00:00.000Z,2026-06-27T12:00:00.000Z,,NY,US,Thadford Street,11731
5C:93:A2:26:EE:61,PS4-15628997AF41,40.03755951,-75.35394287,5C:93:A2,11,wpa2,2022-11-18T18:00:00.000Z,2026-08-02T11:00:00.000Z,Radnor Township,PA,US,Mid County Expressway,19085
5C:93:A2:26:EE:AD,PS4-E214D934F466,42.91473389,-78.83976746,5C:93:A2,6,wpa2,2026-02-20T21:00:00.000Z,2026-07-22T00:00:00.000Z,Buffalo,NY,US,East Ferry Street,14208
5C:93:A2:27:09:03,PS4-4195C7C0494F,32.10846329,-110.78396606,5C:93:A2,11,wpa2,2021-01-06T17:00:00.000Z,2026-08-18T13:00:00.000Z,Tucson,AZ,US,South Tarbela Avenue,85747
5C:93:A2:27:09:09,PS4-A6BA48D03062,42.29725647,-71.11540222,5C:93:A2,11,wpa2,2023-10-11T03:00:00.000Z,2026-06-28T14:00:00.000Z,Boston,MA,US,Hyde Park Avenue,02130
5C:93:A2:27:0E:9B,PS4-15AF62AC3525,49.19459534,16.60839844,5C:93:A2,9,wpa2,2024-04-18T13:00:00.000Z,2024-10-19T02:00:00.000Z,Brno,Jihovýchod,CZ,náměstí Svobody,60200
5C:93:A2:27:23:1D,PS4-6E7EC1C6EB5D,38.44742584,-78.86566162,5C:93:A2,6,wpa2,2025-11-26T18:00:00.000Z,2026-05-19T19:00:00.000Z,Harrisonburg,VA,US,Newman Avenue,22801
5C:93:A2:27:24:A1,PS4-4941B8F08E71,37.83110809,27.84010315,5C:93:A2,4,wpa2,2026-04-11T08:00:00.000Z,2026-05-16T03:00:00.000Z,,Ege Bölgesi,TR,Batı Çevre Bulvarı,09000
5C:93:A2:27:29:D1,PS4-BD4CE16459F3,35.01840591,137.01507568,5C:93:A2,8,wpa2,2025-04-26T01:00:00.000Z,2025-04-27T00:00:00.000Z,刈谷市,愛知県,JP,知立バイパス,448-0031
5C:93:A2:27:2D:AB,PS4-3211D4B990FF,44.86156464,13.83186722,5C:93:A2,6,wpa2,2026-07-28T18:00:00.000Z,2026-07-28T13:00:00.000Z,Pula,Istarska županija,HR,Ulica Katalinića Jeretova,52100
5C:93:A2:27:36:85,PS4-6F685FF508D6,40.76404572,-73.83336639,5C:93:A2,6,wpa2,2026-07-18T18:00:00.000Z,2026-07-18T12:00:00.000Z,City of New York,NY,US,35th Avenue,11354
5C:93:A2:27:38:4F,PS4-5927E0426061,42.09520721,-72.72031403,5C:93:A2,6,wpa2,2026-02-26T21:00:00.000Z,2026-02-26T18:00:00.000Z,Westfield,MA,US,Falley Drive,01085
5C:93:A2:27:39:B5,,36.04763412,-80.24248505,5C:93:A2,11,wpa2,2026-06-02T14:00:00.000Z,2026-06-02T07:00:00.000Z,Winston-Salem,NC,US,West Clemmonsville Road,27127
5C:93:A2:27:3E:F5,PS4-4F940C3700A3,30.0678997,-97.78118134,5C:93:A2,2,wpa2,2026-01-19T19:00:00.000Z,2026-01-19T14:00:00.000Z,,TX,US,South Turnersville Road,78640
5C:93:A2:27:4E:97,PS4-4F573F78C6E7,42.78299713,11.1097908,5C:93:A2,6,wpa2,2026-01-15T06:00:00.000Z,2026-01-16T10:00:00.000Z,Grosseto,Toscana,IT,Via Stati Uniti d'America,58100
5C:93:A2:27:55:E5,PS4-AEF38A13D32D,39.81375504,-105.0345993,5C:93:A2,1,wpa2,2025-07-28T04:00:00.000Z,2025-07-27T22:00:00.000Z,,CO,US,Lowell Boulevard,80221
5C:93:A2:27:63:EF,,41.62931824,-83.51548004,5C:93:A2,11,none,2026-08-26T18:00:00.000Z,2026-08-26T21:00:00.000Z,Toledo,OH,US,East Broadway,43605
5C:93:A2:27:84:2B,PS4-89D4A8115F0E,33.54846954,-112.06520081,5C:93:A2,6,wpa2,2016-10-04T16:00:00.000Z,2025-03-09T07:00:00.000Z,Phoenix,AZ,US,North 7th Street,85020
5C:93:A2:27:85:19,PS4-2E5486357228,33.94498444,-83.972229,5C:93:A2,11,wpa2,2025-10-11T21:00:00.000Z,2025-10-11T16:00:00.000Z,,GA,US,New Hope Road,30045
5C:93:A2:27:8C:25,PS4-A6CC52259D3E,40.6364975,-75.32104492,5C:93:A2,11,wpa2,2026-07-23T16:00:00.000Z,2026-07-23T10:00:00.000Z,Bethlehem Township,PA,US,Timothy Lane,18020-4567
5C:93:A2:27:98:07,PS4-E649732C33B2,51.45710373,11.95613003,5C:93:A2,1,wpa2,2024-11-24T18:00:00.000Z,2026-01-13T02:00:00.000Z,Halle,Sachsen-Anhalt,DE,Diesterwegstraße,06128
5C:93:A2:27:9D:03,PS4-9B3614B3B4B6,37.15359497,-113.68367767,5C:93:A2,1,wpa2,2020-04-10T12:00:00.000Z,2026-02-14T22:00:00.000Z,,UT,US,Old Highway 91,84738
5C:93:A2:27:9D:55,PS4-B074318B7C29,51.97794724,20.14843941,5C:93:A2,6,wpa2,2025-03-07T18:00:00.000Z,2025-03-07T10:00:00.000Z,Skierniewice,województwo łódzkie,PL,Cypriana Kamila Norwida,96-100
5C:93:A2:27:A4:05,PS4-68A78396F6AC,50.79888535,14.41017723,5C:93:A2,4,wpa2,2025-03-01T15:00:00.000Z,2025-03-01T07:00:00.000Z,,Severozápad,CZ,Děčínská,40721
5C:93:A2:27:CF:F1,PS4-0D783FE83F10,51.18070984,7.10687351,5C:93:A2,11,wpa2,2025-12-02T19:00:00.000Z,2025-12-02T11:00:00.000Z,Solingen,Nordrhein-Westfalen,DE,Hasselstraße,42651
5C:93:A2:27:E0:95,PS4-8C9D682DEDE2,35.92238235,139.92021179,5C:93:A2,1,wpa2,2025-06-26T02:00:00.000Z,2025-06-26T07:00:00.000Z,野田市,千葉県,JP,東京環状,278-0015
5C:93:A2:27:EE:9D,PS4-E3CFD04E3E67,45.51889801,-73.61806488,5C:93:A2,6,wpa2,2024-11-15T18:00:00.000Z,2024-11-15T13:00:00.000Z,Montréal,Québec,CA,Avenue McEachran,H2V 3E6
5C:93:A2:27:F0:1F,PS4-0D2953E064D6,36.20361328,-115.14859772,5C:93:A2,2,wpa2,2024-07-08T18:00:00.000Z,2025-08-04T13:00:00.000Z,North Las Vegas,NV,US,Sand Sage Avenue,89106
5C:93:A2:27:F1:F5,PS4-EF61F0910FEC,55.76153564,12.45370388,5C:93:A2,11,wpa2,2025-11-13T16:00:00.000Z,2025-11-13T08:00:00.000Z,,Region Hovedstaden,DK,Bindeledet,2880
5C:93:A2:27:F4:EB,PS4-87A863A75592,48.42809677,-123.35891724,5C:93:A2,7,wpa2,2026-05-10T07:00:00.000Z,2026-09-04T15:00:00.000Z,Victoria,British Columbia,CA,Quadra Street,V8W 2L4
5C:93:A2:27:F8:99,PS4-60BA399ECD6D,49.88545609,8.63056946,5C:93:A2,6,wpa2,2023-11-02T07:00:00.000Z,2025-06-02T00:00:00.000Z,Darmstadt,Hessen,DE,Pfnorstraße,64293
5C:93:A2:27:FF:8B,PS4-2EB1DE2DD3C0,45.32524109,9.10304737,5C:93:A2,6,wpa2,2024-03-15T13:00:00.000Z,2025-05-06T06:00:00.000Z,Casarile,Lombardia,IT,Strada provinciale ex SS 35 dei Giovi,20084
5C:93:A2:28:08:69,PS4-F6C34B2A4D17,51.55015564,7.28481913,5C:93:A2,1,wpa2,2025-07-04T00:00:00.000Z,2025-07-03T18:00:00.000Z,Herne,Nordrhein-Westfalen,DE,Bruchstraße,44627
5C:93:A2:28:0B:6F,PS4-401D387C0CFD,49.2161293,-122.94126892,5C:93:A2,6,wpa2,2024-03-26T17:00:00.000Z,2025-07-27T18:00:00.000Z,Burnaby,British Columbia,CA,Kingsway,V3N 3E4
5C:93:A2:28:0D:5B,PS4-9FE58517B5C4,-18.84213257,-41.91915131,5C:93:A2,8,wpa2,2024-06-14T01:00:00.000Z,2024-10-25T21:00:00.000Z,Governador Valadares,Minas Gerais,BR,Rua Israel Pinheiro,35020-220
5C:93:A2:28:1D:91,PS4-D9E60C4DA463,36.12453461,-95.90462494,5C:93:A2,1,wpa2,2025-03-06T16:00:00.000Z,2025-03-06T13:00:00.000Z,Tulsa,OK,US,South Sheridan Road,74112
5C:93:A2:28:1D:F7,PS4-266FFFD28EAA,33.4004631,-111.84801483,5C:93:A2,6,wpa2,2016-03-19T00:00:00.000Z,2025-03-08T19:00:00.000Z,Mesa,AZ,US,West 8th Avenue,85210-4913
5C:93:A2:28:22:83,PS4-3E2626B8B35C,39.71612167,-104.97344971,5C:93:A2,6,wpa2,2018-06-16T13:00:00.000Z,2025-03-08T22:00:00.000Z,Denver,CO,US,South Downing Street,80209
5C:93:A2:28:57:81,PS4-4E80F746C13D,29.50937843,-98.66705322,5C:93:A2,6,wpa2,2026-06-08T15:00:00.000Z,2026-06-12T15:00:00.000Z,San Antonio,TX,US,Dover Ridge,78250
5C:93:A2:28:5B:07,PS4-559040BBC1EC,40.66354752,-73.9949646,5C:93:A2,1,wpa2,2022-03-17T22:00:00.000Z,2025-03-16T12:00:00.000Z,City of New York,NY,US,4th Avenue,11232
5C:93:A2:28:7C:4F,PS4-2583595C9E40,60.23860168,24.98839378,5C:93:A2,6,wpa2,2026-01-25T18:00:00.000Z,2026-08-27T05:00:00.000Z,Helsinki,Manner-Suomi,FI,Vanha Puroniityntie,00720
5C:93:A2:28:84:43,PS4-EE3B8029AF2F,47.4450531,8.62081146,5C:93:A2,6,wpa2,2026-04-03T16:00:00.000Z,2026-04-30T22:00:00.000Z,,Zürich,CH,Talgüetlistrasse,8303
5C:93:A2:28:89:EB,PS4-A393BD439B07,33.96568298,-118.26507568,5C:93:A2,6,wpa2,2024-12-01T18:00:00.000Z,2024-12-13T15:00:00.000Z,Los Angeles,CA,US,Avalon Boulevard,90003
5C:93:A2:28:93:0D,,40.86233902,-74.11426544,5C:93:A2,6,none,2026-08-24T08:00:00.000Z,2026-08-24T06:00:00.000Z,,NJ,US,Passaic Street,07055
5C:93:A2:28:A3:6F,PS4-B5BC5E11BD85,41.20410156,-74.70594025,5C:93:A2,6,wpa2,2024-10-20T16:00:00.000Z,2024-10-20T15:00:00.000Z,Frankford Township,NJ,US,Wantage Avenue,07826
5C:93:A2:28:C1:75,PS4-1465EC66EF64,40.51764297,-89.00167847,5C:93:A2,6,wpa2,2026-03-25T15:00:00.000Z,2026-03-25T11:00:00.000Z,,IL,US,North Adelaide Street,61790
5C:93:A2:28:D8:79,PS4-AC2B20561035,41.55388641,-89.46160889,5C:93:A2,3,wpa2,2025-09-19T18:00:00.000Z,2025-09-19T16:00:00.000Z,,IL,US,South Main Street,61349
5C:93:A2:28:E2:33,PS4-ACB6FD597C37,33.51688004,-112.09699249,5C:93:A2,11,wpa2,2019-05-27T11:00:00.000Z,2025-03-08T21:00:00.000Z,Phoenix,AZ,US,West Missouri Avenue,85013-2207
5C:93:A2:28:E6:D5,PS4-95411785AFB8,32.46504211,-90.11960602,5C:93:A2,1,wpa2,2025-08-03T18:00:00.000Z,2025-08-03T13:00:00.000Z,,MS,US,Madison Parkway,39130
5C:93:A2:28:F0:29,PS4-AD257F8CDCF5,42.65250015,-83.12929535,5C:93:A2,3,wpa2,2016-11-16T14:00:00.000Z,2026-07-30T16:00:00.000Z,,MI,US,East Hamlin Road,48307
5C:93:A2:28:F1:11,PS4-37E979F2B983,35.86505508,139.62976074,5C:93:A2,6,wpa2,2025-10-14T22:00:00.000Z,2025-10-14T17:00:00.000Z,さいたま市,埼玉県,JP,,338-0832
5C:93:A2:28:F4:8D,PS4-03DB72BED0AA,51.93058014,4.45929003,5C:93:A2,6,wpa2,2025-08-02T16:00:00.000Z,2026-06-18T08:00:00.000Z,Rotterdam,Zuid-Holland,NL,Stadhoudersweg,3039EG
5C:93:A2:28:FB:B3,PS4-77F476576EDA,29.9438343,-95.71221161,5C:93:A2,11,wpa2,2026-08-23T05:00:00.000Z,2026-08-23T00:00:00.000Z,,TX,US,Durango Falls Lane,77433
5C:93:A2:28:FF:4F,PS4-D28C66E8A00A,36.06397247,-115.14097595,5C:93:A2,5,wpa2,2024-03-05T18:00:00.000Z,2026-05-22T15:00:00.000Z,,NV,US,Paradise Road,89123
5C:93:A2:29:13:71,PS4-3037E26349E3,41.72203827,-83.55886841,5C:93:A2,6,wpa2,2025-04-11T12:00:00.000Z,2026-04-30T11:00:00.000Z,Toledo,OH,US,West Benalex Drive,43612
5C:93:A2:29:1A:6F,PS4-64CEB802766B,52.02991104,4.37642479,5C:93:A2,1,wpa2,2025-11-23T08:00:00.000Z,2025-11-23T12:00:00.000Z,Den Haag,Zuid-Holland,NL,Middelweg,2498ZC
5C:93:A2:29:33:1B,PS4-A3D617004B7B,33.05067825,-80.11851501,5C:93:A2,1,wpa2,2026-04-09T22:00:00.000Z,2026-07-01T09:00:00.000Z,Goose Creek,SC,US,Clydesdale Circle,29486
5C:93:A2:29:45:59,PS4-851874DC3301,40.40284348,-80.08416748,5C:93:A2,1,wpa2,2024-09-22T22:00:00.000Z,2024-09-22T17:00:00.000Z,,PA,US,Capitol Drive,15106
5C:93:A2:29:4E:B5,PS4-6EBD479A9243,39.82961273,-104.99047852,5C:93:A2,6,wpa2,2025-11-01T23:00:00.000Z,2026-05-14T06:00:00.000Z,,CO,US,Greenwood Boulevard,80216-8470
5C:93:A2:29:4F:73,PS4-4399457E1580,32.39907074,-106.73306274,5C:93:A2,6,wpa2,2024-12-14T15:00:00.000Z,2024-12-14T14:00:00.000Z,Las Cruces,NM,US,Silver Spur Street,88012
5C:93:A2:29:58:0F,PS4-14301CB045DB,50.09923935,14.40187931,5C:93:A2,3,wpa2,2024-10-20T09:00:00.000Z,2024-10-20T03:00:00.000Z,Hlavní město Praha,Praha,CZ,Národní obrany,160 00
5C:93:A2:29:58:E5,PS4-B0254487493D,33.71400452,-118.00668335,5C:93:A2,11,wpa2,2025-05-19T02:00:00.000Z,2025-08-29T00:00:00.000Z,Huntington Beach,CA,US,Goldenwest Street,92647
5C:93:A2:29:5B:6B,PS4-29F7A2DD2921,42.62196732,-71.43474579,5C:93:A2,3,wpa2,2024-05-04T17:00:00.000Z,2025-01-23T06:00:00.000Z,,MA,US,Groton Road,08163
5C:93:A2:29:5E:C7,PS4-EEF4A0A030C5,-22.98329163,-43.22351074,5C:93:A2,5,wpa2,2026-01-21T21:00:00.000Z,2026-01-21T15:00:00.000Z,,Rio de Janeiro,BR,Avenida Bartolomeu Mitre,22431-040
5C:93:A2:29:70:75,PS4-F8F891B5002E,47.05028152,15.45449829,5C:93:A2,1,wpa2,2025-11-21T12:00:00.000Z,2025-11-23T16:00:00.000Z,Graz,Steiermark,AT,Evangelimanngasse,8010
5C:93:A2:29:7A:81,PS4-E23FC8A78DEC,-27.30205154,152.99523926,5C:93:A2,6,wpa2,2026-02-21T12:00:00.000Z,2026-02-28T22:00:00.000Z,,Queensland,AU,Harvey Street,4501
5C:93:A2:29:98:43,PS4-EBFEC6540E15,59.38909531,17.93453789,5C:93:A2,11,wpa2,2025-05-07T10:00:00.000Z,2025-05-07T04:00:00.000Z,,Stockholms län,SE,Hjulstavägen,16376
5C:93:A2:29:9E:B5,,47.25707245,8.80108738,5C:93:A2,1,unknown,2025-10-16T06:00:00.000Z,2025-10-24T06:00:00.000Z,,Zürich,CH,Wolfhausen Zentrum,8633
5C:93:A2:29:C0:B7,PS4-E84101949595,47.41584778,-122.18978119,5C:93:A2,6,wpa2,2025-07-14T17:00:00.000Z,2025-07-14T12:00:00.000Z,,WA,US,Southeast 208th Street,98031
5C:93:A2:29:C4:35,PS4-B1FB8BBB65A8,29.70415497,-95.84342194,5C:93:A2,11,wpa2,2026-07-13T02:00:00.000Z,2026-07-12T20:00:00.000Z,,TX,US,Westheimer Lakes North Drive,25826
5C:93:A2:29:CA:6B,PS4-23641AB7196A,34.8009758,135.43231201,5C:93:A2,6,wpa2,2025-02-23T04:00:00.000Z,2025-02-22T21:00:00.000Z,池田市,大阪府,JP,西国街道,563-0031
5C:93:A2:29:DB:5F,PS4-4D5A1B04DE78,37.30812454,-121.83538818,5C:93:A2,6,wpa2,2026-09-03T01:00:00.000Z,2026-09-02T23:00:00.000Z,San Jose,CA,US,Sherlock Drive,95121
5C:93:A2:29:EA:83,PS4-17629F01C879,28.57258987,-81.19848633,5C:93:A2,6,wpa2,2026-07-29T23:00:00.000Z,2026-07-29T17:00:00.000Z,,FL,US,Challenger Parkway,32826
5C:93:A2:29:ED:C3,PS4-EBF5CDEAD290,35.69225311,139.68295288,5C:93:A2,2,wpa2,2016-04-23T18:00:00.000Z,2024-10-24T02:00:00.000Z,中野区,本町一丁目,JP,宝橋通り,164-8622
5C:93:A2:29:FA:EF,PS4-700144A051B5,36.24358368,-115.18331909,5C:93:A2,11,wpa2,2026-04-24T14:00:00.000Z,2026-04-24T15:00:00.000Z,North Las Vegas,NV,US,Bradford Hill Avenue,89032
5C:93:A2:2A:03:CF,PS4-79E95C05E9ED,41.78555679,-87.62135315,5C:93:A2,1,wpa2,2025-04-21T18:00:00.000Z,2025-04-26T06:00:00.000Z,Chicago,IL,US,East 60th Street,60637
5C:93:A2:2A:09:67,PS4-0FECD910ADED,-40.35657501,175.57215881,5C:93:A2,7,wpa2,2024-09-13T02:00:00.000Z,2024-09-12T22:00:00.000Z,,Manawatū-Whanganui,NZ,Tremaine Avenue,4412
5C:93:A2:2A:1F:17,PS4-7FAE148F5852,-43.55269241,172.68600464,5C:93:A2,6,wpa2,2025-11-25T06:00:00.000Z,2025-12-22T20:00:00.000Z,Christchurch,Canterbury,NZ,Rutherford Street,8007
5C:93:A2:2A:39:07,PS4-A387926745C7,35.42930984,-97.50787354,5C:93:A2,6,wpa2,2025-11-15T18:00:00.000Z,2025-11-15T12:00:00.000Z,Oklahoma City,OK,US,Southeast 35th Street,73129
5C:93:A2:2A:3A:09,PS4-D1FA4E903BBA,36.05155945,-115.21156311,5C:93:A2,8,wpa2,2025-08-18T13:00:00.000Z,2026-06-25T13:00:00.000Z,,NV,US,West Maulding Avenue,89119-4016
5C:93:A2:2A:3A:8B,PS4-6E82D2181BAE,-29.16410065,-51.51588058,5C:93:A2,6,wpa2,2026-04-25T16:00:00.000Z,2026-04-25T09:00:00.000Z,Bento Gonçalves,Rio Grande do Sul,BR,Rua Ramiro Barcelos,95700-064
5C:93:A2:2A:44:79,PS4-ABDF15B1A0C0,51.87815475,6.91475487,5C:93:A2,11,wpa2,2024-01-04T14:00:00.000Z,2024-11-02T17:00:00.000Z,,Nordrhein-Westfalen,DE,Borkener Straße,46342
5C:93:A2:2A:49:83,PS4-5EDC983ABBAE,-33.82868195,151.20143127,5C:93:A2,3,wpa2,2019-03-05T22:00:00.000Z,2024-09-12T01:00:00.000Z,,New South Wales,AU,Pacific Highway,2065
5C:93:A2:2A:53:4F,PS4-5F2DEFF25E33,52.70962524,-2.72169614,5C:93:A2,1,wpa2,2025-08-12T09:00:00.000Z,2025-08-12T07:00:00.000Z,,England,GB,Belvidere Lane,SY2 5LA
5C:93:A2:2A:57:C7,PS4-A2CFEF328433,32.62795258,-115.44688416,5C:93:A2,7,wpa2,2025-02-13T23:00:00.000Z,2025-02-13T22:00:00.000Z,Mexicali,Baja California,MX,Avenida Sofía,21280
5C:93:A2:2A:67:11,PS4-A417E7F87A09,34.40586853,-118.55432129,5C:93:A2,6,wpa2,2026-06-30T18:00:00.000Z,2026-06-30T19:00:00.000Z,Santa Clarita,CA,US,McBean Parkway,91355
5C:93:A2:2A:82:BB,PS4-A09756A10E1B,53.91264343,27.58109093,5C:93:A2,1,wpa2,2024-02-22T18:00:00.000Z,2025-08-08T13:00:00.000Z,Минск,Золотая Горка,BY,проспект Независимости,220005
5C:93:A2:2A:82:DD,,28.17839813,-82.6627655,5C:93:A2,7,none,2026-09-03T06:00:00.000Z,2026-09-03T04:00:00.000Z,,FL,US,Trinity Boulevard,35655
5C:93:A2:2A:8E:97,PS4-A1F66D6762E4,30.19255447,-90.87757111,5C:93:A2,9,wpa2,2025-08-22T11:00:00.000Z,2025-08-22T06:00:00.000Z,,LA,US,Brittany Road,70778
5C:93:A2:2A:9D:47,PS4-1CC91E08D250,29.50840759,-95.82397461,5C:93:A2,1,wpa2,2026-06-27T01:00:00.000Z,2026-06-30T22:00:00.000Z,,TX,US,Zephyr Lane,77471
5C:93:A2:2A:9D:F7,PS4-3C177A4605F9,33.99685287,-118.30482483,5C:93:A2,1,wpa2,2024-11-04T15:00:00.000Z,2024-11-15T13:00:00.000Z,Los Angeles,CA,US,West 51st Street,90062
5C:93:A2:2A:AE:8B,PS4-3E1CEEC7A06F,32.91869354,-96.74245453,5C:93:A2,11,wpa2,2026-03-07T12:00:00.000Z,2026-08-23T11:00:00.000Z,Dallas,TX,US,Greenville Avenue,75243
5C:93:A2:2A:B4:AB,PS4-945C04D99BE1,53.74010849,12.75586796,5C:93:A2,1,wpa2,2024-10-31T11:00:00.000Z,2024-10-31T08:00:00.000Z,,Mecklenburg-Vorpommern,DE,Rudolf-Fritz-Straße,17139
5C:93:A2:2A:B7:47,PS4-5AFB2434906E,48.62710571,9.34302044,5C:93:A2,11,wpa2,2025-02-08T15:00:00.000Z,2025-02-08T07:00:00.000Z,,Baden-Württemberg,DE,Plochinger Straße,72622
5C:93:A2:2A:B8:3D,PS4-88B40949BD3C,35.91104507,139.60990906,5C:93:A2,6,wpa2,2026-04-19T22:00:00.000Z,2026-04-22T00:00:00.000Z,さいたま市,埼玉県,JP,,3310825
5C:93:A2:2A:C4:3D,PS4-EA390C0008B2,38.19108963,-0.55598783,5C:93:A2,6,wpa2,2023-08-30T18:00:00.000Z,2024-09-14T13:00:00.000Z,,Comunitat Valenciana,ES,Carrer del Moll / Calle del Muelle,03130
5C:93:A2:2A:C9:DD,PS4-603A43A998B7,33.05989456,-97.04970551,5C:93:A2,11,wpa2,2026-01-05T02:00:00.000Z,2026-04-15T17:00:00.000Z,Flower Mound,TX,US,Carriage Court,75028
5C:93:A2:2A:DF:61,PS4-32D672F6DDF0,6.26257944,-75.55971527,5C:93:A2,2,wpa2,2025-02-06T00:00:00.000Z,2025-02-05T16:00:00.000Z,Medellín,Antioquia,CO,Calle 66,0500
5C:93:A2:2A:E5:99,PS4-A524C6DFA17C,33.74243164,-118.29606628,5C:93:A2,6,wpa2,2019-08-07T13:00:00.000Z,2025-03-08T19:00:00.000Z,Los Angeles,CA,US,West 2nd Street,90732
5C:93:A2:2A:E9:23,PS4-DADAC1A0A502,33.93912125,-117.95343781,5C:93:A2,6,wpa2,2025-02-07T06:00:00.000Z,2025-02-06T22:00:00.000Z,,CA,US,West Whittier Boulevard,90631
5C:93:A2:2A:EB:47,PS4-A6074B510DA8,43.27738953,-83.66234589,5C:93:A2,11,wpa2,2025-07-20T16:00:00.000Z,2026-01-16T19:00:00.000Z,,MI,US,Bray Road,48768
5C:93:A2:2A:EF:E7,PS4-9B1F2307DA77,33.70594025,-111.89070129,5C:93:A2,6,wpa2,2017-12-23T19:00:00.000Z,2025-03-09T06:00:00.000Z,Scottsdale,AZ,US,North Pima Road,85255-3589
5C:93:A2:2A:F5:73,PS4-A99794A0AFA2,32.22026062,-110.8709259,5C:93:A2,11,wpa2,2017-07-21T08:00:00.000Z,2026-08-31T20:00:00.000Z,Tucson,AZ,US,South Van Buren Avenue,85784
5C:93:A2:2A:F7:91,PS4-4FD427FD0A0D,34.04223251,-118.30076599,5C:93:A2,4,wpa2,2020-07-21T14:00:00.000Z,2025-02-02T01:00:00.000Z,Los Angeles,CA,US,South Normandie Avenue,90006
5C:93:A2:2A:FC:A3,PS4-BD9CC021DF01,49.23276138,-123.03730011,5C:93:A2,1,wpa2,2022-10-25T09:00:00.000Z,2026-06-30T21:00:00.000Z,Vancouver,British Columbia,CA,Joyce Street,V5R
5C:93:A2:2A:FE:2B,PS4-6D6EB1DB94E9,36.17409134,-115.05457306,5C:93:A2,9,wpa2,2024-06-11T18:00:00.000Z,2026-05-07T15:00:00.000Z,,NV,US,East Bonanza Road,89110-5308
5C:93:A2:2B:0C:B3,PS4-530FA04DDB77,40.67890549,-111.89672852,5C:93:A2,11,wpa2,2026-04-16T19:00:00.000Z,2026-04-16T21:00:00.000Z,,UT,US,West 4250 South,84107
5C:93:A2:2B:10:A1,PS4-00E2C48EAA24,37.78637695,-122.19478607,5C:93:A2,11,wpa2,2025-10-18T19:00:00.000Z,2025-10-18T14:00:00.000Z,Oakland,CA,US,MacArthur Freeway,94619
5C:93:A2:2B:14:3B,PS4-544C048A21C0,38.78961182,-77.5059967,5C:93:A2,1,wpa2,2021-08-03T20:00:00.000Z,2026-05-13T14:00:00.000Z,,VA,US,Sudley Manor Drive,20109
5C:93:A2:2B:21:67,PS4-C7B0E0671536,40.22151566,140.36849976,5C:93:A2,8,wpa2,2025-06-15T04:00:00.000Z,2025-06-14T21:00:00.000Z,北秋田市,秋田県,JP,,
5C:93:A2:2B:43:D5,PS4-B0A443B0D7FF,-38.0422287,145.33258057,5C:93:A2,11,wpa2,2024-11-10T05:00:00.000Z,2024-11-09T22:00:00.000Z,Melbourne,Victoria,AU,Sing Crescent,3806
5C:93:A2:2B:54:A9,PS4-8E30CB7DCAB7,45.73783493,4.77124977,5C:93:A2,1,wpa2,2016-09-12T13:00:00.000Z,2024-12-11T11:00:00.000Z,,Auvergne-Rhône-Alpes,FR,Grande Rue,69340
5C:93:A2:2B:61:C1,PS4-162216916390,57.77772141,40.9227829,5C:93:A2,2,unknown,2025-11-03T18:00:00.000Z,2025-11-03T11:00:00.000Z,Кострома,Костромская область,RU,улица Козуева,156000
5C:93:A2:2B:63:07,PS4-D3C58948C18C,41.82217407,-87.86688995,5C:93:A2,1,wpa2,2026-03-01T01:00:00.000Z,2026-03-02T08:00:00.000Z,,IL,US,Homestead Road,60526
5C:93:A2:2B:7C:55,,51.06898499,-0.32220158,5C:93:A2,6,unknown,2026-05-22T15:00:00.000Z,2026-05-27T01:00:00.000Z,,England,GB,Hurst Road,RH12 2DN
5C:93:A2:2B:8B:E1,PS4-C61755FAB636,34.10229492,-118.34687042,5C:93:A2,9,wpa2,2023-02-28T11:00:00.000Z,2024-11-29T16:00:00.000Z,Los Angeles,CA,US,Hollywood Boulevard,90046-4101
5C:93:A2:2B:8F:4F,PS4-F63529124E02,-37.84985733,145.11454773,5C:93:A2,12,wpa2,2026-01-29T07:00:00.000Z,2026-01-28T23:00:00.000Z,Melbourne,Victoria,AU,Burwood Highway,3125
5C:93:A2:2B:D0:8D,PS4-61B9AFF1F5B9,45.54459763,-122.87433624,5C:93:A2,9,wpa2,2024-09-23T16:00:00.000Z,2024-09-23T23:00:00.000Z,Hillsboro,OR,US,Northwest Sunset Highway,97229-8529
5C:93:A2:2B:EE:F7,PS4-864FF418BBAD,40.18192291,-80.26526642,5C:93:A2,11,wpa2,2026-02-23T16:00:00.000Z,2026-02-23T09:00:00.000Z,,PA,US,West Wylie Avenue,15301
5C:93:A2:2B:F6:5F,PS4-C808B421F366,38.87035751,-6.97823381,5C:93:A2,5,wpa2,2025-04-29T14:00:00.000Z,2025-04-29T08:00:00.000Z,Badajoz,Extremadura,ES,Avenida Juan Pereda Pila,60005
5C:93:A2:2B:F8:B1,PS4-8E192AE75FE2,49.18420029,-122.80033875,5C:93:A2,11,wpa2,2023-10-25T17:00:00.000Z,2024-09-09T18:00:00.000Z,Surrey,British Columbia,CA,100 Avenue,V3R 8X2
5C:93:A2:2B:FF:3D,PS4-E2FF17B8F824,39.70373154,-75.5428009,5C:93:A2,1,wpa2,2024-10-13T17:00:00.000Z,2024-10-13T17:00:00.000Z,,DE,US,East Avenue,19720
5C:93:A2:2C:03:37,PS4-20BFC6001AAF,48.9202652,2.54646707,5C:93:A2,6,wpa2,2026-04-18T15:00:00.000Z,2026-04-18T09:00:00.000Z,,Île-de-France,FR,Rue du Docteur Herpin,93190
5C:93:A2:2C:0B:AB,PS4-40C789EFB0AA,36.58721924,140.31925964,5C:93:A2,11,wpa2,2024-10-20T04:00:00.000Z,2024-10-19T21:00:00.000Z,常陸大宮市,茨城県,JP,常陸大宮御前山線,311-4503
5C:93:A2:2C:0E:21,PS4-90C252C109F8,33.91736984,-117.59149933,5C:93:A2,6,wpa2,2026-08-19T00:00:00.000Z,2026-08-19T06:00:00.000Z,,CA,US,River Road,92860
5C:93:A2:2C:1D:23,PS4-FDC1C4606726,61.51543045,23.65086174,5C:93:A2,11,wpa2,2024-06-03T12:00:00.000Z,2025-11-14T05:00:00.000Z,Tampere,Manner-Suomi,FI,Epilänkatu,33420
5C:93:A2:2C:1D:93,PS4-3F7867F73B24,33.91867065,-116.78092194,5C:93:A2,1,wpa2,2017-01-08T00:00:00.000Z,2025-03-08T19:00:00.000Z,,CA,US,Christopher Columbus Transcontinental Highway,92230
5C:93:A2:2C:24:A1,PS4-3B5F5FF7C73F,48.59635925,2.25460768,5C:93:A2,5,wpa2,2021-06-25T15:00:00.000Z,2026-09-04T05:00:00.000Z,Saint-Germain-lès-Arpajon,Île-de-France,FR,Rue de Chanteloup,91180
5C:93:A2:2C:2A:13,PS4-F180F135FE5D,50.27594376,19.13216019,5C:93:A2,1,wpa2,2021-12-23T15:00:00.000Z,2025-03-15T10:00:00.000Z,Sosnowiec,województwo śląskie,PL,Kościelna,41-200
5C:93:A2:2C:38:DF,PS4-8D07EEB79BE9,41.95646286,12.53317928,5C:93:A2,6,wpa2,2025-06-24T00:00:00.000Z,2025-07-01T06:00:00.000Z,Roma,Lazio,IT,Via Giovanni Conti,00139
5C:93:A2:2C:42:35,PS4-6148DEF238EC,47.55551529,7.56146765,5C:93:A2,11,wpa2,2025-02-23T10:00:00.000Z,2025-02-23T02:00:00.000Z,,Basel-Landschaft,CH,Schützenweg,4123
5C:93:A2:2C:48:6D,PS4-CA0A778A21AD,37.99989319,-1.13798213,5C:93:A2,6,wpa2,2024-10-31T21:00:00.000Z,2024-12-30T14:00:00.000Z,Murcia,Región de Murcia,ES,Avenida Juan Carlos I,30009
5C:93:A2:2C:51:05,PS4-26DBD412EBE2,58.74905777,17.00687027,5C:93:A2,1,wpa2,2025-03-01T15:00:00.000Z,2025-03-01T08:00:00.000Z,,Södermanlands län,SE,Kungsgatan,61131
5C:93:A2:2C:65:5D,PS4-79A19CDE4DCE,60.40974808,25.08234978,5C:93:A2,1,wpa2,2026-03-03T13:00:00.000Z,2026-08-07T07:00:00.000Z,,Manner-Suomi,FI,Tuusulantie,04340
5C:93:A2:2C:65:6D,PS4-E9E807D3F850,53.71086884,-1.89786506,5C:93:A2,11,wpa2,2025-08-28T17:00:00.000Z,2025-11-01T11:00:00.000Z,Calderdale,England,GB,Wakefield Road,HX6 2AP
5C:93:A2:2C:78:AD,PS4-228CBB74E4E5,51.45247269,12.02794838,5C:93:A2,6,wpa2,2016-07-31T17:00:00.000Z,2026-02-08T05:00:00.000Z,,Sachsen-Anhalt,DE,Dürrenberger Straße,06116
5C:93:A2:2C:8E:31,PS4-4604686EFBEA,35.87239838,10.56775093,5C:93:A2,1,wpa2,2025-03-17T21:00:00.000Z,2025-03-17T14:00:00.000Z,,ولاية سوسة,TN,شارع البيئة,4022
5C:93:A2:2C:91:BD,PS4-8ABBFDBCB29C,51.47143173,6.88605356,5C:93:A2,1,wpa2,2025-03-29T19:00:00.000Z,2025-11-26T08:00:00.000Z,Oberhausen,Nordrhein-Westfalen,DE,Mellinghofer Straße,46047
5C:93:A2:2C:9B:13,PS4-31C9760C0548,36.92016983,14.69629669,5C:93:A2,13,wpa2,2025-11-28T06:00:00.000Z,2025-11-27T23:00:00.000Z,Ragusa,Sicilia,IT,Via Ingegner Donato Rondinone,97010
5C:93:A2:2C:AB:8F,PS4-FF402F1D787D,36.0483284,-95.92204285,5C:93:A2,11,wpa2,2025-01-07T23:00:00.000Z,2025-03-06T13:00:00.000Z,Tulsa,OK,US,South Yale Avenue,74137
5C:93:A2:2C:AD:E9,PS4-794EA03499C4,37.60045242,-77.36868286,5C:93:A2,6,wpa2,2025-09-05T16:00:00.000Z,2025-09-07T13:00:00.000Z,,VA,US,Stonewall Parkway,23111
5C:93:A2:2C:BC:9F,PS4-2803C0C4C300,50.8323822,-0.20768818,5C:93:A2,6,wpa2,2025-07-06T07:00:00.000Z,2025-07-06T01:00:00.000Z,,England,GB,Boundary Road,BN3 4EF
5C:93:A2:2C:BC:CD,PS4-96BAA6E03FB1,47.55365372,8.52796173,5C:93:A2,6,wpa2,2015-12-14T21:00:00.000Z,2025-06-25T10:00:00.000Z,,Zürich,CH,Weiacherstrasse,8193
5C:93:A2:2C:C9:3F,PS4-F893A143F21A,56.06150818,92.93466187,5C:93:A2,6,unknown,2024-10-08T07:00:00.000Z,2024-10-08T01:00:00.000Z,Красноярск,Красноярский край,RU,Комсомольский проспект,660000
5C:93:A2:2C:DF:C1,PS4-684DA30A58F8,28.12824059,-16.7558918,5C:93:A2,6,wpa2,2025-03-04T17:00:00.000Z,2025-03-04T10:00:00.000Z,Adeje,Santa Cruz de Tenerife,ES,Calle Augustin Millares,38677
5C:93:A2:2C:E6:85,PS4-91411E399F97,38.09286118,-1.79952502,5C:93:A2,1,wpa2,2025-02-16T10:00:00.000Z,2025-02-17T03:00:00.000Z,Cehegín,Región de Murcia,ES,Carretera de Murcia,30430
5C:93:A2:2C:EB:C3,PS4-98DA0AB2FCF5,50.01617432,8.77308846,5C:93:A2,6,wpa2,2025-02-20T18:00:00.000Z,2025-02-20T10:00:00.000Z,,Hessen,DE,Frankfurter Straße,63128
5C:93:A2:2D:12:F5,PS4-4BCA6C13A5A1,52.55118561,13.46381664,5C:93:A2,11,wpa2,2025-05-24T08:00:00.000Z,2025-05-24T03:00:00.000Z,Berlin,Pankow,DE,Berliner Allee,13088
5C:93:A2:2D:1F:B7,PS4-1648A2837E1F,48.59361649,9.3597641,5C:93:A2,7,wpa2,2022-11-07T15:00:00.000Z,2024-11-28T07:00:00.000Z,,Baden-Württemberg,DE,Untere Straße,72636
5C:93:A2:2D:2C:3B,PS4-EF46348702E1,60.04711914,30.33138847,5C:93:A2,6,unknown,2022-11-04T16:00:00.000Z,2025-01-22T04:00:00.000Z,Санкт-Петербург,Санкт-Петербург,RU,проспект Энгельса,194356
5C:93:A2:2D:53:E9,PS4-95A043681328,33.38938141,-111.93958282,5C:93:A2,1,wpa2,2015-06-17T08:00:00.000Z,2025-03-08T22:00:00.000Z,Tempe,AZ,US,South Mill Avenue,85252
5C:93:A2:2D:5B:B1,PS4-43EED12B4D7C,34.1566925,-118.34157562,5C:93:A2,8,wpa2,2019-12-02T20:00:00.000Z,2025-08-20T23:00:00.000Z,Burbank,CA,US,North Hollywood Way,91522
5C:93:A2:2D:5C:5F,PS4-D7305491946B,35.16196823,138.67906189,5C:93:A2,4,wpa2,2025-09-23T04:00:00.000Z,2025-09-23T06:00:00.000Z,富士市,静岡県,JP,三島富士線,417-0052
5C:93:A2:2D:82:B1,PS4-36BD3099DBDC,34.1203537,-84.03025818,5C:93:A2,6,wpa2,2026-06-04T03:00:00.000Z,2026-06-03T21:00:00.000Z,,GA,US,Hillcrest Drive,30158
5C:93:A2:2D:8A:99,PS4-239D5771AA6F,51.97226334,8.45284271,5C:93:A2,6,wpa2,2026-07-05T19:00:00.000Z,2026-07-05T15:00:00.000Z,Bielefeld,Nordrhein-Westfalen,DE,Brockhagener Straße,33649
5C:93:A2:2D:91:15,PS4-0439872B47E0,5.0,5.0,5C:93:A2,6,wpa2,2026-03-24T23:00:00.000Z,2026-03-24T20:00:00.000Z,,,,,
5C:93:A2:2D:9D:A5,PS4-9F04E9EE2515,47.75106049,-116.79858398,5C:93:A2,1,wpa2,2025-09-12T11:00:00.000Z,2025-09-12T06:00:00.000Z,,ID,US,West Woodlawn Drive,83835
5C:93:A2:2D:BA:C3,PS4-86AAC6545EB9,55.80451965,37.75107956,5C:93:A2,11,unknown,2025-07-15T15:00:00.000Z,2025-08-13T04:00:00.000Z,Москва,Москва,RU,Амурская улица,107143
5C:93:A2:2D:BB:07,PS4-CA6ACF76F3FE,51.92900848,-0.24424715,5C:93:A2,6,wpa2,2026-05-28T06:00:00.000Z,2026-05-29T12:00:00.000Z,North Hertfordshire,England,GB,Blakemore End Road,SG4 7JJ
5C:93:A2:2D:E6:51,PS4-4FF553AE4A97,48.15117264,11.50399113,5C:93:A2,4,wpa2,2017-09-22T18:00:00.000Z,2024-09-07T03:00:00.000Z,München,Bayern,DE,Wotanstraße,80639
5C:93:A2:2D:F5:31,PS4-F7881DF5E9B6,56.11968231,92.92482758,5C:93:A2,2,unknown,2026-04-10T06:00:00.000Z,2026-04-09T23:00:00.000Z,Красноярск,Красноярский край,RU,Молодёжный проспект,660119
5C:93:A2:2E:00:27,PS4-B4206CA22609,49.86456299,8.55892944,5C:93:A2,6,wpa2,2025-03-30T12:00:00.000Z,2025-03-30T06:00:00.000Z,,Hessen,DE,Sandgasse,64347
5C:93:A2:2E:3A:21,PS4-93FEA5ABC0EA,35.18458939,-77.56031036,5C:93:A2,6,wpa2,2016-01-17T11:00:00.000Z,2026-03-14T04:00:00.000Z,,NC,US,NC 58,28504
5C:93:A2:2E:44:DB,PS4-0FE475E35128,55.89707565,37.55405807,5C:93:A2,6,unknown,2025-03-22T15:00:00.000Z,2025-03-22T08:00:00.000Z,Москва,Москва,RU,Лианозовский проезд,127253
5C:93:A2:2E:53:3D,PS4-4790BAB73806,48.8058815,9.21281052,5C:93:A2,1,wpa2,2024-03-15T20:00:00.000Z,2026-04-23T09:00:00.000Z,Stuttgart,Baden-Württemberg,DE,Badstraße,70372
5C:93:A2:2E:5C:81,PS4-AB5CF2B7FB5C,46.6842804,7.8580718,5C:93:A2,11,wpa2,2001-01-01T01:00:00.000Z,2026-06-22T15:00:00.000Z,,Bern/Berne,CH,Alpenstrasse,3800
5C:93:A2:2E:61:A1,PS4-ACC33D1A4E69,59.93598557,30.36425018,5C:93:A2,4,unknown,2022-04-20T11:00:00.000Z,2026-08-24T12:00:00.000Z,Санкт-Петербург,Санкт-Петербург,RU,Лиговский проспект,191194
5C:93:A2:2E:67:81,PS4-00AFDFBB4123,55.88286209,37.69177246,5C:93:A2,6,unknown,2021-06-26T00:00:00.000Z,2025-06-06T04:00:00.000Z,Москва,Москва,RU,улица Малыгина,129345
5C:93:A2:2E:74:9B,PS4-FE25099E32A6,51.32094955,7.34286308,5C:93:A2,1,wpa2,2017-07-16T15:00:00.000Z,2026-08-05T09:00:00.000Z,,Nordrhein-Westfalen,DE,Mühlenstraße,58285
5C:93:A2:2E:78:E7,PS4-F53F0A9C8E89,59.71648407,30.42525673,5C:93:A2,1,unknown,2017-02-25T12:00:00.000Z,2024-09-06T01:00:00.000Z,Пушкин,Санкт-Петербург,RU,улица Глинки,198608
5C:93:A2:2E:83:0B,PS4-40ABDB9603BD,55.83093643,37.36037827,5C:93:A2,6,unknown,2026-06-01T15:00:00.000Z,2026-06-01T09:00:00.000Z,Москва,Москва,RU,улица Рословка,125222
5C:93:A2:2E:8A:7D,PS4-972D30A93A54,46.13831711,-122.91378784,5C:93:A2,6,wpa2,2025-08-26T20:00:00.000Z,2025-10-25T13:00:00.000Z,,WA,US,South Pacific Avenue,98626
5C:93:A2:2E:8F:95,PS4-5F07DCA3E83C,39.39932251,-104.85123444,5C:93:A2,6,wpa2,2024-10-06T22:00:00.000Z,2024-10-17T12:00:00.000Z,,CO,US,Black Feather Trail,80108
5C:93:A2:2E:90:BD,PS4-9A8D5CEB7440,33.92003632,-84.49223328,5C:93:A2,10,wpa2,2025-11-20T17:00:00.000Z,2025-11-24T13:00:00.000Z,Marietta,GA,US,Franklin Gateway Southeast,30067
5C:93:A2:2E:A6:CD,PS4-6BCE11D8C73B,44.95563889,-93.28959656,5C:93:A2,4,wpa2,2021-11-29T22:00:00.000Z,2025-06-26T20:00:00.000Z,Minneapolis,MN,US,West 26th Street,55405
5C:93:A2:2E:C1:C9,PS4-2C3B93957E45,55.69430542,37.62088394,5C:93:A2,4,unknown,2018-12-08T14:00:00.000Z,2025-02-28T05:00:00.000Z,Москва,Москва,RU,Варшавское шоссе,115191
5C:93:A2:2E:C3:3F,PS4-28739971E335,55.82307434,49.10112,5C:93:A2,6,unknown,2023-11-04T10:00:00.000Z,2024-09-18T10:00:00.000Z,Казань,Татарстан,RU,улица Короленко,420066
5C:93:A2:2E:C5:5F,PS4-753FAF085887,52.20934296,-0.26761743,5C:93:A2,11,wpa2,2026-05-28T17:00:00.000Z,2026-05-28T11:00:00.000Z,,England,GB,,
5C:93:A2:2E:CD:E5,PS4-9AB4E6602D42,41.07508087,-81.52182007,5C:93:A2,6,wpa2,2022-02-13T17:00:00.000Z,2025-06-08T18:00:00.000Z,Akron,OH,US,East Cedar Street,44311
5C:93:A2:2E:D1:A3,PS4-65CCF5D3F0D6,40.64608002,-74.27360535,5C:93:A2,11,wpa2,2024-11-11T19:00:00.000Z,2024-11-11T13:00:00.000Z,Roselle,NJ,US,West 9th Avenue,07203
5C:93:A2:2E:F2:3D,PS4-21C0E964BE91,35.74057388,-81.6050415,5C:93:A2,6,wpa2,2025-12-05T15:00:00.000Z,2026-03-02T05:00:00.000Z,,NC,US,Drexel Road,28619
5C:93:A2:2E:F4:BD,PS4-508D6A14F1ED,53.71456909,-1.36231792,5C:93:A2,6,wpa2,2001-12-29T12:00:00.000Z,2026-02-24T14:00:00.000Z,Wakefield,England,GB,Leeds Road,WF10 5HE
5C:93:A2:2E:FF:47,PS4-46F62680F79A,49.24173355,-124.05217743,5C:93:A2,11,wpa2,2026-05-10T18:00:00.000Z,2026-05-14T11:00:00.000Z,Nanaimo,British Columbia,CA,Dover Road,V9V 1P6
5C:93:A2:2F:01:F5,PS4-5F5E5F17F621,36.12392426,-115.05233002,5C:93:A2,11,wpa2,2024-08-20T16:00:00.000Z,2025-07-16T23:00:00.000Z,,NV,US,Golden Leaf Avenue,89142
5C:93:A2:2F:11:A1,PS4-AD7C7E48566E,53.69827652,-2.70145011,5C:93:A2,5,wpa2,2025-04-27T12:00:00.000Z,2026-08-02T06:00:00.000Z,South Ribble,England,GB,Golden Hill Lane,PR25 2YE
5C:93:A2:2F:1C:CD,PS4-62C21A81EA3F,42.05698395,19.13439369,5C:93:A2,7,wpa2,2026-08-15T14:00:00.000Z,2026-08-15T10:00:00.000Z,,Opština Bar,ME,R-29,85353
5C:93:A2:2F:26:CB,,40.64011765,-73.92719269,5C:93:A2,2,unknown,2025-09-30T07:00:00.000Z,2025-09-30T02:00:00.000Z,City of New York,NY,US,East 52nd Street,11203
5C:93:A2:2F:38:45,PS4-F71C61F91BD4,48.63193893,2.33431005,5C:93:A2,1,wpa2,2025-02-20T12:00:00.000Z,2025-05-21T14:00:00.000Z,Sainte-Geneviève-des-Bois,Île-de-France,FR,Rue du Plessis,91700
5C:93:A2:2F:46:0F,PS4-E7A466A81974,-43.60557175,172.36001587,5C:93:A2,1,wpa2,2025-09-20T01:00:00.000Z,2025-09-19T19:00:00.000Z,,Canterbury,NZ,Slate Street,7677
5C:93:A2:2F:4C:37,PS4-794397BA9DE5,39.48266983,-119.71678162,5C:93:A2,3,wpa2,2001-04-22T19:00:00.000Z,2025-01-08T00:00:00.000Z,,NV,US,Sumrall Way,
5C:93:A2:2F:5A:6D,PS4-702975DA11ED,51.6999588,-3.03848147,5C:93:A2,6,wpa2,2023-10-22T09:00:00.000Z,2026-06-22T05:00:00.000Z,,Cymru / Wales,GB,Clarence Street,NP4 6LG
5C:93:A2:2F:6C:D5,PS4-034293E06A95,41.45518494,-81.72240448,5C:93:A2,6,wpa2,2026-05-16T06:00:00.000Z,2026-05-22T04:00:00.000Z,Cleveland,OH,US,West 49th Street,44102
5C:93:A2:2F:6D:C9,PS4-CA505F158A7C,41.56541061,-87.78401947,5C:93:A2,6,wpa2,2021-09-18T08:00:00.000Z,2025-03-08T19:00:00.000Z,,IL,US,Oak Park Avenue,60477
5C:93:A2:2F:74:4B,PS4-F38B765FD2EA,32.9140892,-80.07855225,5C:93:A2,1,wpa2,2025-08-17T11:00:00.000Z,2025-08-17T14:00:00.000Z,North Charleston,SC,US,High Maple Circle,29420
5C:93:A2:2F:76:25,PS4-37149F2CD5F5,38.90942383,-77.00302124,5C:93:A2,6,wpa2,2024-09-09T21:00:00.000Z,2024-09-09T15:00:00.000Z,Washington,DC,US,New York Avenue Northeast,20554
5C:93:A2:2F:77:9B,PS4-E0B0EB6EDEA7,30.68342972,-87.90759277,5C:93:A2,6,wpa2,2024-10-17T21:00:00.000Z,2024-10-17T15:00:00.000Z,,AL,US,Spanish Main,36527
5C:93:A2:2F:79:DD,PS4-A02FC8C4CDB7,33.86507416,-84.099617,5C:93:A2,6,wpa2,2025-07-20T00:00:00.000Z,2025-07-21T19:00:00.000Z,,GA,US,Cedar Bluff Trail,30047
5C:93:A2:2F:7F:A7,PS4-6F9C10358204,-25.26365089,-57.49213791,5C:93:A2,1,wpa2,2021-10-25T22:00:00.000Z,2025-07-19T18:00:00.000Z,Luque,Región Oriental,PY,Vice Presidente Sánchez,110930
5C:93:A2:2F:85:71,PS4-1ABB856CB47E,32.8806572,-96.96995544,5C:93:A2,1,wpa2,2025-05-06T22:00:00.000Z,2025-05-06T16:00:00.000Z,Irving,TX,US,Hidden Ridge,75038
5C:93:A2:2F:91:65,PS4-9EA8A57873F6,42.17819214,-71.68230438,5C:93:A2,1,wpa2,2018-09-12T17:00:00.000Z,2026-04-08T17:00:00.000Z,,MA,US,Providence Road,01519
5C:93:A2:2F:95:05,PS4-F4748116DF18,37.53276062,-120.85369873,5C:93:A2,1,wpa2,2018-08-19T12:00:00.000Z,2025-04-11T15:00:00.000Z,Turlock,CA,US,Windam Court,95382
5C:93:A2:2F:99:47,PS4-BCD112E54FAE,41.96479034,-76.53338623,5C:93:A2,6,wpa2,2026-06-22T23:00:00.000Z,2026-07-14T20:00:00.000Z,,PA,US,US 220,18810
5C:93:A2:2F:9C:C7,PS4-386793738D3C,36.10736084,-115.25640869,5C:93:A2,1,wpa2,2026-08-24T19:00:00.000Z,2026-08-24T13:00:00.000Z,,NV,US,Kitrin Court,89147-4759
5C:93:A2:2F:9F:AF,PS4-C6E411410E71,34.27168655,-118.67403412,5C:93:A2,9,wpa2,2026-07-04T19:00:00.000Z,2026-07-04T20:00:00.000Z,Simi Valley,CA,US,East Los Angeles Avenue,93063
5C:93:A2:2F:A6:35,PS4-9CCDB07DD485,41.53829575,-81.57826996,5C:93:A2,1,wpa2,2026-06-09T12:00:00.000Z,2026-06-11T10:00:00.000Z,,OH,US,Ardenall Avenue,44112
5C:93:A2:2F:A7:6D,PS4-C6B57EA439EF,41.38275909,2.15776324,5C:93:A2,1,wpa2,2026-01-03T19:00:00.000Z,2026-01-03T16:00:00.000Z,Barcelona,Catalunya,ES,Carrer del Comte d'Urgell,08001
5C:93:A2:2F:A8:4D,PS4-7E0F0BEF735C,42.97592163,-85.80483246,5C:93:A2,3,wpa2,2024-02-14T20:00:00.000Z,2025-10-29T14:00:00.000Z,,MI,US,8th Avenue,49544
5C:93:A2:2F:A9:1B,PS4-7A6C3D1EE7A3,43.97878647,-94.61984253,5C:93:A2,11,wpa2,2025-01-09T22:00:00.000Z,2026-04-19T22:00:00.000Z,,MN,US,7th Avenue South,56081
5C:93:A2:2F:AD:F7,PS4-D2F2F90F0552,35.65842819,-97.532547,5C:93:A2,11,wpa2,2026-03-31T23:00:00.000Z,2026-03-31T17:00:00.000Z,Oklahoma City,OK,US,Willow Oak Lane,73003
5C:93:A2:2F:B1:2B,PS4-228F1FFDC3FB,35.10092926,-90.05554199,5C:93:A2,11,wpa2,2026-01-14T20:00:00.000Z,2026-01-14T16:00:00.000Z,Memphis,TN,US,South Third Street,38109
5C:93:A2:2F:B5:65,PS4-C55203009E1F,41.94549179,-83.3087616,5C:93:A2,6,wpa2,2024-12-02T14:00:00.000Z,2024-12-02T07:00:00.000Z,,MI,US,Lakeview Drive,48162
5C:93:A2:2F:C2:C3,PS4-6847C7C63D01,30.01681137,-95.2555542,5C:93:A2,11,wpa2,2025-01-10T15:00:00.000Z,2025-02-08T17:00:00.000Z,,TX,US,Townsen Boulevard,77338
5C:93:A2:2F:C8:07,PS4-77FB766DED12,40.8307457,-73.90251923,5C:93:A2,11,wpa2,2026-03-28T19:00:00.000Z,2026-03-29T13:00:00.000Z,City of New York,NY,US,Franklin Avenue,10456
5C:93:A2:2F:C9:CD,PS4-06DC599F8A38,34.01671982,-118.4104538,5C:93:A2,11,wpa2,2024-08-19T15:00:00.000Z,2024-09-24T14:00:00.000Z,Los Angeles,CA,US,Venice Boulevard,90292
5C:93:A2:2F:D2:BF,PS4-4622487D52C2,38.42427063,-78.86684418,5C:93:A2,11,wpa2,2025-12-29T19:00:00.000Z,2025-12-29T13:00:00.000Z,Harrisonburg,VA,US,Devon Lane,22801
5C:93:A2:2F:D3:13,PS4-AADD333F899D,38.53701019,-121.55197906,5C:93:A2,6,wpa2,2018-01-02T23:00:00.000Z,2025-04-26T01:00:00.000Z,,CA,US,Jefferson Boulevard,95691
5C:93:A2:2F:D5:15,,34.14333725,-117.92408752,5C:93:A2,6,none,2026-08-19T15:00:00.000Z,2026-08-20T00:00:00.000Z,Azusa,CA,US,West Sierra Madre Avenue,91702-3221
5C:93:A2:2F:D5:35,PS4-01AAF92C2932,35.2673111,-81.02777863,5C:93:A2,6,wpa2,2024-12-21T22:00:00.000Z,2024-12-23T19:00:00.000Z,,NC,US,Beatty Drive,28012
5C:93:A2:2F:D5:93,PS4-129AEB2A22B3,41.38806152,-82.81343079,5C:93:A2,6,wpa2,2024-01-23T14:00:00.000Z,2025-02-11T14:00:00.000Z,,OH,US,SR 269,44811:44824
5C:93:A2:2F:D7:9F,PS4-41E74E67E3AF,33.42295074,-111.87435913,5C:93:A2,1,wpa2,2025-10-08T15:00:00.000Z,2025-10-15T06:00:00.000Z,Mesa,AZ,US,North Dobson Road,85201
5C:93:A2:2F:D7:D9,PS4-610767FC7E5D,32.84066391,-97.14829254,5C:93:A2,11,wpa2,2024-02-06T18:00:00.000Z,2025-03-06T19:00:00.000Z,,TX,US,Bedford Road,76021
5C:93:A2:2F:ED:47,PS4-65E475832A60,45.7482605,4.85415125,5C:93:A2,11,wpa2,2024-09-17T13:00:00.000Z,2024-09-17T10:00:00.000Z,Lyon,Auvergne-Rhône-Alpes,FR,Rue Domer,69007
5C:93:A2:2F:EE:97,PS4-C9B3A27FBCE0,34.24100494,-118.44207764,5C:93:A2,6,wpa2,2018-12-02T17:00:00.000Z,2025-06-04T18:00:00.000Z,Los Angeles,CA,US,Terra Bella Street,91331-6020
5C:93:A2:2F:F1:51,PS4-468096EB2FA0,52.45022202,13.30633163,5C:93:A2,6,wpa2,2023-10-28T15:00:00.000Z,2025-05-04T05:00:00.000Z,Berlin,Steglitz-Zehlendorf,DE,Unter den Eichen,12203
5C:93:A2:2F:F6:55,PS4-FA8C909697F7,9.99412346,-84.12353516,5C:93:A2,9,wpa2,2025-08-09T17:00:00.000Z,2026-08-23T12:00:00.000Z,Heredia,Provincia Heredia,CR,Calle 16,40101
5C:93:A2:30:00:25,PS4-6A7ED9F538C9,44.30948639,-88.34033203,5C:93:A2,2,wpa2,2025-03-03T00:00:00.000Z,2025-03-02T18:00:00.000Z,,WI,US,,54140
5C:93:A2:30:01:95,PS4-DE3E148AE806,44.06982803,-123.01016235,5C:93:A2,11,wpa2,2025-08-14T05:00:00.000Z,2025-08-18T12:00:00.000Z,Springfield,OR,US,Hayden Bridge Road,97477-2635
5C:93:A2:30:06:1B,PS4-8CC2A19DD3DB,37.60786057,-122.40175629,5C:93:A2,6,wpa2,2017-08-21T16:00:00.000Z,2024-11-23T15:00:00.000Z,,CA,US,Ludeman Lane,94030
5C:93:A2:30:11:B1,PS4-D0A8C444EB33,40.72288132,-73.9945755,5C:93:A2,1,wpa2,2026-06-13T18:00:00.000Z,2026-06-13T11:00:00.000Z,City of New York,NY,US,Prince Street,10012
5C:93:A2:30:15:E3,PS4-4312375A96DD,37.13700485,-121.66318512,5C:93:A2,6,wpa2,2026-07-27T20:00:00.000Z,2026-08-02T20:00:00.000Z,,CA,US,Del Monte Avenue,95037-4368
5C:93:A2:30:16:81,PS4-07339A328FD7,42.47315216,-83.22990417,5C:93:A2,6,wpa2,2025-06-18T22:00:00.000Z,2026-04-19T12:00:00.000Z,,MI,US,West 10 Mile Road,48075
5C:93:A2:30:22:AF,PS4-2A11907379BE,32.85243607,-97.09378815,5C:93:A2,6,wpa2,2024-12-30T21:00:00.000Z,2024-12-30T13:00:00.000Z,Euless,TX,US,Donley Drive,76039
5C:93:A2:30:29:61,PS4-0644028822EE,34.04402161,-84.13868713,5C:93:A2,11,wpa2,2024-08-27T22:00:00.000Z,2024-10-27T20:00:00.000Z,Johns Creek,GA,US,Rogers Circle,30095
5C:93:A2:30:2B:9B,PS4-6274115749A4,39.34983444,-85.49175262,5C:93:A2,11,wpa2,2025-03-26T05:00:00.000Z,2025-03-26T01:00:00.000Z,,IN,US,North Carver Street,47240
5C:93:A2:30:2D:07,PS4-5BB716C6D675,33.85978699,-117.5776825,5C:93:A2,1,wpa2,2024-10-28T22:00:00.000Z,2024-10-28T16:00:00.000Z,Corona,CA,US,Capistrano Street,92882
5C:93:A2:30:2E:DB,PS4-EBE9F150BC01,41.58546448,-87.53941345,5C:93:A2,6,wpa2,2016-05-31T22:00:00.000Z,2025-03-09T00:00:00.000Z,,IL,US,South Burnham Avenue,60411
5C:93:A2:30:41:8F,PS4-003DF60D27C1,42.13019562,-71.04174805,5C:93:A2,1,wpa2,2025-07-02T15:00:00.000Z,2025-07-03T05:00:00.000Z,Avon,MA,US,West Main Street,02322
5C:93:A2:30:41:A1,PS4-4958DA56D702,29.98581123,-90.15592957,5C:93:A2,11,wpa2,2017-04-25T15:00:00.000Z,2024-12-08T11:00:00.000Z,,LA,US,North Causeway Boulevard,70001
5C:93:A2:30:43:47,PS4-67911C3F2BF3,39.93374634,-82.84495544,5C:93:A2,6,wpa2,2024-10-19T22:00:00.000Z,2025-07-17T00:00:00.000Z,Columbus,OH,US,East Freeway,43068-3983
5C:93:A2:30:51:DF,PS4-0620A25E38BE,43.81496048,-70.18193054,5C:93:A2,11,wpa2,2026-04-30T19:00:00.000Z,2026-05-23T04:00:00.000Z,,ME,US,North Road,04096
5C:93:A2:30:56:33,PS4-1F55B8D32B4C,32.61605835,-97.38018036,5C:93:A2,11,wpa2,2026-08-22T14:00:00.000Z,2026-08-22T07:00:00.000Z,Fort Worth,TX,US,West Risinger Road,76123
5C:93:A2:30:56:77,PS4-534B4A5971C5,35.78252792,-83.89626312,5C:93:A2,4,wpa2,2024-10-07T23:00:00.000Z,2025-05-11T21:00:00.000Z,,TN,US,Sevierville Road,37804
5C:93:A2:30:5E:B7,PS4-2243C8FE91CB,40.89148331,-74.00645447,5C:93:A2,1,wpa2,2021-04-09T14:00:00.000Z,2025-10-29T06:00:00.000Z,,NJ,US,NJ 4,07666
5C:93:A2:30:5F:21,PS4-6054DD3463C7,32.13680649,-111.14090729,5C:93:A2,1,wpa2,2024-12-31T00:00:00.000Z,2025-05-06T09:00:00.000Z,,AZ,US,West Screech Owl Drive,85735
5C:93:A2:30:60:1F,PS4-79D4D43D5E97,41.25479507,-111.94788361,5C:93:A2,6,wpa2,2024-12-01T22:00:00.000Z,2025-04-26T21:00:00.000Z,Ogden,UT,US,South Harrison Boulevard,
5C:93:A2:30:6F:AB,PS4-0FD537585C82,33.74812317,-118.10836792,5C:93:A2,6,wpa2,2021-12-11T02:00:00.000Z,2025-03-08T18:00:00.000Z,,CA,US,1st Street,90740
5C:93:A2:30:75:91,PS4-1931657137A4,42.08752441,-70.98791504,5C:93:A2,6,wpa2,2025-05-23T15:00:00.000Z,2025-07-03T05:00:00.000Z,Brockton,MA,US,Quincy Street,02302
5C:93:A2:30:7C:DF,PS4-E464B6718C8C,48.83211517,9.15757751,5C:93:A2,1,wpa2,2024-05-03T17:00:00.000Z,2025-01-09T13:00:00.000Z,Stuttgart,Baden-Württemberg,DE,Marconistraße,70435
5C:93:A2:30:8B:63,,39.95493698,-75.23205566,5C:93:A2,1,wpa2,2026-08-13T18:00:00.000Z,2026-08-15T13:00:00.000Z,Philadelphia,PA,US,South 55th Street,19142:19143
5C:93:A2:30:90:73,PS4-35EF1DC1B6BE,55.81031799,37.73067856,5C:93:A2,6,unknown,2021-04-07T19:00:00.000Z,2026-03-29T13:00:00.000Z,Москва,Москва,RU,Открытое шоссе,107370
5C:93:A2:30:AF:F5,PS4-1DA7FF8F9FF6,45.37923813,-73.99053192,5C:93:A2,11,wpa2,2020-06-15T12:00:00.000Z,2026-08-22T12:00:00.000Z,,Québec,CA,Boulevard Cardinal-Léger,J7V 7C2
5C:93:A2:30:B4:65,PS4-929EEDF4FA1D,34.06304932,-117.22689056,5C:93:A2,6,wpa2,2018-11-30T13:00:00.000Z,2025-03-09T00:00:00.000Z,Loma Linda,CA,US,Redlands Boulevard,92403
5C:93:A2:30:C7:F5,PS4-08AF6A284746,37.76676941,-77.47847748,5C:93:A2,6,wpa2,2026-05-24T21:00:00.000Z,2026-05-24T17:00:00.000Z,,VA,US,North Center Street,23005
5C:93:A2:30:CE:A3,PS4-675A9F0A08F9,33.59542084,-117.83586884,5C:93:A2,6,wpa2,2023-07-13T18:00:00.000Z,2025-02-21T17:00:00.000Z,,CA,US,Pelican Hill Road,92657
5C:93:A2:30:D4:E7,PS4-6D3B113CA259,40.43502808,-74.42272186,5C:93:A2,1,wpa2,2024-09-10T12:00:00.000Z,2025-02-28T17:00:00.000Z,,NJ,US,Ryders Lane,08816
5C:93:A2:30:DC:75,PS4-DBFD62474A91,39.51131821,-119.80575562,5C:93:A2,6,wpa2,2025-10-13T23:00:00.000Z,2026-07-02T10:00:00.000Z,Reno,NV,US,South Virginia Street,89509-1633
5C:93:A2:30:E0:73,PS4-D377D9542F77,39.20429993,-76.69134521,5C:93:A2,1,wpa2,2024-01-26T01:00:00.000Z,2024-09-15T17:00:00.000Z,,MD,US,Baltimore-Washington Parkway,21075:21090
5C:93:A2:30:E1:C9,,33.82455826,-118.00930786,5C:93:A2,11,wpa2,2026-07-25T02:00:00.000Z,2026-07-31T13:00:00.000Z,Anaheim,CA,US,West Orange Avenue,92804
5C:93:A2:30:E4:95,PS4-7669094EAB1F,32.7151947,-96.85085297,5C:93:A2,6,wpa2,2026-08-27T12:00:00.000Z,2026-09-01T18:00:00.000Z,Dallas,TX,US,South Montreal Avenue,75224
5C:93:A2:30:ED:6D,PS4-D4399DB681FF,24.97957039,121.54494476,5C:93:A2,4,wpa2,2024-01-14T10:00:00.000Z,2026-03-01T05:00:00.000Z,新北市,新北市,TW,中興路三段,231
5C:93:A2:30:ED:7F,PS4-5C4D528CBA0C,42.41800308,-83.09648895,5C:93:A2,6,wpa2,2025-12-22T00:00:00.000Z,2025-12-24T07:00:00.000Z,,MI,US,East McNichols Road,48203
5C:93:A2:31:06:67,,27.88081169,-82.24433136,5C:93:A2,11,none,2026-08-19T13:00:00.000Z,2026-08-20T12:00:00.000Z,,FL,US,Culbreath Road,33594
5C:93:A2:31:06:87,PS4-CEA725F25CEB,37.97566986,-121.68518829,5C:93:A2,6,wpa2,2026-04-28T17:00:00.000Z,2026-04-28T11:00:00.000Z,,CA,US,Malicoat Avenue,94548
5C:93:A2:31:09:A5,PS4-136347B1B4E5,40.63764572,-74.11218262,5C:93:A2,6,wpa2,2024-10-24T20:00:00.000Z,2024-10-24T13:00:00.000Z,City of New York,NY,US,Henderson Avenue,10310
5C:93:A2:31:0D:D9,PS4-71C5AC9181C5,31.74494362,-95.59776306,5C:93:A2,11,wpa2,2024-08-02T15:00:00.000Z,2024-10-19T12:00:00.000Z,,TX,US,FM 323,75801
5C:93:A2:31:15:E7,PS4-4FC626174861,38.7593956,-77.08374786,5C:93:A2,11,wpa2,2019-05-16T21:00:00.000Z,2026-06-08T11:00:00.000Z,,VA,US,Richmond Highway,22036
5C:93:A2:31:1C:47,PS4-D567788A972B,-22.11707306,-43.19238281,5C:93:A2,6,wpa2,2024-09-18T20:00:00.000Z,2024-11-01T08:00:00.000Z,,Rio de Janeiro,BR,Avenida Zoello Sola,25802-100
5C:93:A2:31:1D:C7,PS4-C7EE210D85F6,18.4413414,-69.97015381,5C:93:A2,10,wpa2,2025-02-12T20:00:00.000Z,2025-03-01T12:00:00.000Z,,Distrito Nacional,DO,Cibao Oeste,11108
5C:93:A2:31:20:F9,PS4-6DFDD7CD3A5A,33.85474396,-117.98857117,5C:93:A2,1,wpa2,2025-01-03T16:00:00.000Z,2025-01-03T14:00:00.000Z,,CA,US,Portulaca Way,90620
5C:93:A2:31:21:1F,PS4-599301DADEB3,34.19956207,-118.48362732,5C:93:A2,4,wpa2,2026-02-04T04:00:00.000Z,2026-06-21T22:00:00.000Z,Los Angeles,CA,US,Woodley Avenue,91406
5C:93:A2:31:2A:8B,PS4-0C5F51313C9B,45.08042526,-93.24867249,5C:93:A2,6,wpa2,2016-05-22T12:00:00.000Z,2026-08-01T21:00:00.000Z,,MN,US,Moore Lake Drive West,55432
5C:93:A2:31:3B:25,PS4-3D59D7D8C67E,34.08903122,-118.17729187,5C:93:A2,1,wpa2,2025-04-30T00:00:00.000Z,2025-04-29T17:00:00.000Z,Los Angeles,CA,US,Novgorod Street,90032-1940
5C:93:A2:31:3F:1B,PS4-31687D5FEBC2,38.11190796,-87.03039551,5C:93:A2,6,wpa2,2025-07-13T03:00:00.000Z,2025-08-02T14:00:00.000Z,,IN,US,Rockport Street,47537
5C:93:A2:31:4F:15,PS4-1E5BD5830706,37.66637039,-122.46427917,5C:93:A2,6,wpa2,2019-07-20T13:00:00.000Z,2026-08-02T18:00:00.000Z,Daly City,CA,US,Imperial Way,94014
5C:93:A2:31:51:AF,PS4-0E5B4A4A1A19,42.31235123,-83.10913086,5C:93:A2,11,wpa2,2026-01-09T02:00:00.000Z,2026-01-13T15:00:00.000Z,Detroit,MI,US,Infantry Street,48209
5C:93:A2:31:52:31,PS4-049E9F2E7B69,40.62506866,-75.37902069,5C:93:A2,8,wpa2,2023-08-24T19:00:00.000Z,2024-12-14T21:00:00.000Z,Bethlehem,PA,US,West Union Boulevard,18018
5C:93:A2:31:54:57,PS4-572BA404CFD8,37.3459549,-92.92015076,5C:93:A2,6,wpa2,2023-03-13T14:00:00.000Z,2026-03-22T11:00:00.000Z,Marshfield,MO,US,Pine Ridge Street,65706
5C:93:A2:31:5D:27,PS4-5E38656EA480,30.22378731,-97.28290558,5C:93:A2,1,wpa,2017-09-17T09:00:00.000Z,2026-04-21T10:00:00.000Z,,TX,US,FM 2336,78650
5C:93:A2:31:61:01,PS4-90FF8B9803EC,35.80373001,139.0921936,5C:93:A2,6,wpa2,2023-08-26T07:00:00.000Z,2026-05-05T02:00:00.000Z,東京都,小留浦,JP,青梅街道,198-0212
5C:93:A2:31:6A:09,PS4-077E3B0BA8EA,39.72400284,-121.82189941,5C:93:A2,6,wpa2,2024-06-17T01:00:00.000Z,2025-07-22T02:00:00.000Z,Chico,CA,US,Elm Street,95928
5C:93:A2:31:6D:93,PS4-44D388ED3175,34.08639145,-118.38283539,5C:93:A2,6,wpa2,2020-02-05T15:00:00.000Z,2025-05-04T09:00:00.000Z,,CA,US,Palm Avenue,90069
5C:93:A2:31:70:67,PS4-A42A6DBBC8BB,28.46669006,-16.25480652,5C:93:A2,6,wpa2,2025-07-04T17:00:00.000Z,2025-07-04T11:00:00.000Z,Santa Cruz de Tenerife,Santa Cruz de Tenerife,ES,Calle Carmen Monteverde,38003
5C:93:A2:31:7D:E1,PS4-76B594554F86,32.94416809,-96.89390564,5C:93:A2,1,wpa2,2024-10-16T15:00:00.000Z,2024-10-16T08:00:00.000Z,Carrollton,TX,US,Pleasant Run Road,75006
5C:93:A2:31:80:DD,PS4-B8E1A8F3774B,33.89353943,-118.20541382,5C:93:A2,6,wpa2,2024-11-24T21:00:00.000Z,2024-11-24T17:00:00.000Z,,CA,US,South Ward Avenue,90221
5C:93:A2:31:87:CD,PS4-EFA607A90F0E,26.27812576,-81.54325867,5C:93:A2,6,wpa2,2026-03-23T13:00:00.000Z,2026-03-24T15:00:00.000Z,,FL,US,Randall Boulevard,34120
5C:93:A2:31:88:F9,,39.95226669,-86.0138092,5C:93:A2,4,unknown,2024-09-17T03:00:00.000Z,2025-07-16T18:00:00.000Z,,IN,US,Lantern Road,46038
5C:93:A2:31:8D:8F,PS4-0DC34681BD5F,37.98213959,-84.50685883,5C:93:A2,6,wpa2,2025-05-05T18:00:00.000Z,2025-05-05T12:00:00.000Z,Lexington,KY,US,Laredo Drive,40517
5C:93:A2:31:8F:2B,PS4-D801B4CA1C13,34.10324097,-117.61927795,5C:93:A2,7,wpa2,2026-07-18T00:00:00.000Z,2026-07-17T18:00:00.000Z,Rancho Cucamonga,CA,US,Mondavi Place,91730
5C:93:A2:31:8F:65,PS4-06755D639AF0,37.82840347,-122.26753998,5C:93:A2,1,wpa2,2025-04-24T11:00:00.000Z,2025-04-24T04:00:00.000Z,Oakland,CA,US,Grove Shafter Freeway,94609
5C:93:A2:31:91:BD,PS4-AB8DB8AC7FFA,36.25071716,-115.16408539,5C:93:A2,6,wpa2,2024-09-19T13:00:00.000Z,2024-09-19T13:00:00.000Z,North Las Vegas,NV,US,Los Alamos Drive,89031
5C:93:A2:31:9D:3D,PS4-84F1A8F299AA,43.15880585,-76.10703278,5C:93:A2,1,wpa2,2025-09-21T16:00:00.000Z,2025-09-21T12:00:00.000Z,,NY,US,Darby Road,13039
5C:93:A2:31:A4:79,PS4-D00444A05F44,33.20972824,-96.97484589,5C:93:A2,9,wpa2,2025-01-02T19:00:00.000Z,2025-01-02T12:00:00.000Z,,TX,US,Oak Grove Parkway,75068
5C:93:A2:31:C7:8F,PS4-7F20E291F650,44.92973328,-93.08246613,5C:93:A2,6,wpa2,2026-05-14T16:00:00.000Z,2026-08-23T17:00:00.000Z,Saint Paul,MN,US,East George Street,55107
5C:93:A2:31:CB:FD,PS4-96D479FFCED5,34.46130371,-96.06313324,5C:93:A2,6,wpa2,2025-01-01T02:00:00.000Z,2025-11-26T23:00:00.000Z,,OK,US,US 69,74569
5C:93:A2:31:DB:E1,PS4-1A98DC1AF796,33.37031174,-111.84926605,5C:93:A2,11,wpa2,2019-03-13T00:00:00.000Z,2025-03-08T19:00:00.000Z,Mesa,AZ,US,West Mendoza Circle,85210
5C:93:A2:31:DC:AD,PS4-B7DB6B6943C4,32.40272522,-106.69824982,5C:93:A2,11,wpa2,2025-07-20T21:00:00.000Z,2025-07-20T19:00:00.000Z,Las Cruces,NM,US,Peachtree Hills Road,88012
5C:93:A2:31:EB:21,PS4-C7C07ADE6EA9,34.03918839,-118.3627243,5C:93:A2,3,wpa2,2024-11-25T20:00:00.000Z,2024-11-25T14:00:00.000Z,Los Angeles,CA,US,South Marvin Avenue,90016
5C:93:A2:31:F8:17,PS4-57EE71794E51,36.00402069,-106.08666992,5C:93:A2,5,wpa2,2025-04-18T15:00:00.000Z,2025-04-18T13:00:00.000Z,,NM,US,North Paseo de Oñate,87532
5C:93:A2:32:02:99,PS4-23F45CB81182,29.50515175,-98.51566315,5C:93:A2,1,wpa2,2026-05-15T18:00:00.000Z,2026-05-16T11:00:00.000Z,San Antonio,TX,US,Montview Drive,78213
5C:93:A2:32:05:E3,PS4-2363CB6E410C,30.43299484,-81.67020416,5C:93:A2,11,wpa2,2025-03-03T16:00:00.000Z,2025-06-20T02:00:00.000Z,Jacksonville,FL,US,1333-2 Dunn Ap,32218
5C:93:A2:32:12:FD,PS4-E3BFF272321A,43.49320984,-112.05654144,5C:93:A2,4,wpa2,2025-12-14T04:00:00.000Z,2026-03-02T20:00:00.000Z,Idaho Falls,ID,US,Albany Street,83402
5C:93:A2:32:19:C7,PS4-BCD2D00B8BE3,45.06639481,-92.82087708,5C:93:A2,6,wpa2,2025-01-11T20:00:00.000Z,2026-09-03T18:00:00.000Z,,MN,US,Owens Street North,55082
5C:93:A2:32:24:ED,PS4-F6E1B4B44BFC,33.21245575,-117.24767303,5C:93:A2,4,wpa2,2026-05-23T06:00:00.000Z,2026-05-23T00:00:00.000Z,Vista,CA,US,West Los Angeles Drive,92083
5C:93:A2:32:34:2B,PS4-B4EA8D9E82C5,35.86559296,-84.58776093,5C:93:A2,6,wpa2,2024-09-14T16:00:00.000Z,2025-05-01T17:00:00.000Z,,TN,US,Roane State Highway,
5C:93:A2:32:34:9F,PS4-8841D9D55D45,33.65416718,-112.19490051,5C:93:A2,3,wpa2,2023-06-28T22:00:00.000Z,2025-10-07T09:00:00.000Z,Glendale,AZ,US,,85308
5C:93:A2:32:46:E3,PS4-A4D5B79F7188,33.55448151,-117.15351868,5C:93:A2,6,wpa2,2024-12-12T13:00:00.000Z,2024-12-12T06:00:00.000Z,Murrieta,CA,US,Via Princesa,92563
5C:93:A2:32:4C:55,PS4-88677A0B5856,-34.58712387,-58.4417572,5C:93:A2,11,wpa2,2026-03-11T00:00:00.000Z,2026-03-10T17:00:00.000Z,Buenos Aires,Ciudad Autónoma de Buenos Aires,AR,Bonpland,C1414BBQ
5C:93:A2:32:57:67,PS4-AFA07863BA0C,41.96901703,-91.67276001,5C:93:A2,10,wpa2,2017-11-23T15:00:00.000Z,2025-08-14T22:00:00.000Z,Cedar Rapids,IA,US,L Street Southwest,52401
5C:93:A2:32:58:43,PS4-A8B7AEE081E9,33.53481674,-112.13289642,5C:93:A2,1,wpa2,2025-04-28T01:00:00.000Z,2025-04-27T21:00:00.000Z,Phoenix,AZ,US,West Ocotillo Road,85017
5C:93:A2:32:58:5B,PS4-0EA59670E197,30.36207008,-97.69488525,5C:93:A2,6,wep,2025-11-01T17:00:00.000Z,2025-11-03T15:00:00.000Z,Austin,TX,US,West Rundberg Lane,78753-4150
5C:93:A2:32:5D:AD,PS4-9B93BD644004,47.25479889,-1.46677053,5C:93:A2,6,wpa2,2026-08-31T16:00:00.000Z,2026-09-02T11:00:00.000Z,,Pays de la Loire,FR,Rue Olympe de Gouges,44980
5C:93:A2:32:61:A9,PS4-8EC4D192EC12,41.53667831,-72.08833313,5C:93:A2,10,wpa2,2024-09-23T19:00:00.000Z,2024-09-23T18:00:00.000Z,Norwich,CT,US,Lincoln Avenue,06360
5C:93:A2:32:69:B7,PS4-CD50CEB9A442,33.73755646,-117.97554779,5C:93:A2,11,wpa2,2015-03-13T16:00:00.000Z,2025-07-20T14:00:00.000Z,,CA,US,McFadden Avenue,92644
5C:93:A2:32:73:1F,PS4-082FF4151B0B,33.61722565,-112.09980774,5C:93:A2,4,wpa2,2025-10-06T21:00:00.000Z,2025-10-06T16:00:00.000Z,Phoenix,AZ,US,North 19th Avenue,85023
5C:93:A2:32:79:93,PS4-6B9EB1B342FE,42.88057327,-73.17369843,5C:93:A2,6,wpa2,2026-08-27T18:00:00.000Z,2026-08-28T11:00:00.000Z,,VT,US,Main Street,05201-1923
5C:93:A2:32:7D:AD,PS4-98E094E10E07,38.34584808,140.37875366,5C:93:A2,6,wpa2,2025-06-14T03:00:00.000Z,2025-06-13T20:00:00.000Z,天童市,山形県,JP,山形バイパス,994-0049
5C:93:A2:32:84:D7,PS4-8A29179BB69C,29.81609535,-95.55492401,5C:93:A2,8,wpa2,2026-05-18T18:00:00.000Z,2026-05-19T10:00:00.000Z,Houston,TX,US,Manila Lane,77043
5C:93:A2:32:8D:91,PS4-2193A12DF0E5,32.78146744,-117.13169861,5C:93:A2,1,wpa2,2026-05-07T01:00:00.000Z,2026-07-15T13:00:00.000Z,San Diego,CA,US,Fenton Parkway,92108-3803
5C:93:A2:32:8F:17,PS4-5CEC80CC80CB,38.83478165,-77.1999054,5C:93:A2,1,wpa2,2026-01-08T19:00:00.000Z,2026-01-08T12:00:00.000Z,,VA,US,Whitney Street,22003
5C:93:A2:32:90:89,PS4-37E71C7CBFAA,39.69044876,-104.76303864,5C:93:A2,6,wpa2,2024-08-26T15:00:00.000Z,2024-09-26T11:00:00.000Z,Aurora,CO,US,South Dunkirk Street,80017
5C:93:A2:32:92:C1,PS4-9D234CB74B10,23.46524429,120.6900177,5C:93:A2,6,wpa2,2026-04-18T01:00:00.000Z,2026-04-18T05:00:00.000Z,,臺灣省,TW,阿里山公路,605
5C:93:A2:32:93:AB,PS4-0E99CA0FF3D2,48.79232788,9.20061111,5C:93:A2,6,wpa2,2016-04-17T16:00:00.000Z,2024-09-28T16:00:00.000Z,Stuttgart,Baden-Württemberg,DE,Neckarstraße,70190
5C:93:A2:32:95:39,PS4-06B27A39676E,41.94761658,-80.4713974,5C:93:A2,3,wpa2,2024-04-12T00:00:00.000Z,2026-02-21T01:00:00.000Z,,PA,US,West Ridge Road,16443
5C:93:A2:32:A5:17,,36.64126968,-121.81391144,5C:93:A2,8,none,2026-08-30T11:00:00.000Z,2026-08-30T14:00:00.000Z,Seaside,CA,US,7th Division Place,93933
5C:93:A2:32:B6:2B,PS4-4644D403B56D,25.90643883,-80.24795532,5C:93:A2,3,wpa2,2026-06-29T20:00:00.000Z,2026-06-30T06:00:00.000Z,,FL,US,Ahmad Street,33054
5C:93:A2:32:B6:67,PS4-EE57971B84B2,28.56884003,-81.20334625,5C:93:A2,6,wpa2,2026-08-14T12:00:00.000Z,2026-08-14T05:00:00.000Z,,FL,US,Orpington Street,32826
5C:93:A2:32:C4:1D,,33.99163437,-118.45774078,5C:93:A2,6,wpa2,2026-07-05T02:00:00.000Z,2026-07-05T10:00:00.000Z,Los Angeles,CA,US,Venice Boulevard,90291-3879
5C:93:A2:32:C5:AB,PS4-3CFAF5753E32,27.79033852,-82.31846619,5C:93:A2,8,wpa2,2023-09-15T22:00:00.000Z,2025-09-12T10:00:00.000Z,,FL,US,Laraway Drive,33569
5C:93:A2:32:C7:9D,PS4-FE8A358EECFD,35.08728027,-106.74394226,5C:93:A2,11,wpa2,2026-08-05T14:00:00.000Z,2026-08-05T09:00:00.000Z,Albuquerque,NM,US,Coronado Freeway,87120-1367
5C:93:A2:32:C8:59,PS4-ACFC9EC2AA4B,34.19593811,-118.15550995,5C:93:A2,6,wpa2,2024-10-09T14:00:00.000Z,2024-10-09T16:00:00.000Z,,CA,US,West Terrace Street,91001
5C:93:A2:32:C8:E1,PS4-7420E5998705,33.49475098,-112.06676483,5C:93:A2,11,wpa2,2019-03-10T06:00:00.000Z,2025-03-08T22:00:00.000Z,Phoenix,AZ,US,East Indian School Road,85012
5C:93:A2:32:CA:DB,PS4-1992570B446C,49.12419128,-122.68535614,5C:93:A2,1,wpa2,2026-06-13T18:00:00.000Z,2026-06-13T12:00:00.000Z,Surrey,British Columbia,CA,194 Street,V4N 1N2
5C:93:A2:32:CB:03,PS4-C8E0EBF773CA,43.43719482,-80.50193787,5C:93:A2,1,wpa2,2025-04-01T21:00:00.000Z,2025-04-09T21:00:00.000Z,Kitchener,Ontario,CA,Queen's Boulevard,N2M 1B2
5C:93:A2:32:EB:E1,PS4-ED1293E7E6FA,51.08641434,-113.93518829,5C:93:A2,1,wpa2,2025-12-12T18:00:00.000Z,2026-06-09T11:00:00.000Z,Calgary,Alberta,CA,68 Street NE,T1Y 5N9
5C:93:A2:33:0B:33,PS4-7BB65DA1CE5F,33.88360214,-118.40583038,5C:93:A2,6,wpa2,2025-01-25T22:00:00.000Z,2025-01-25T16:00:00.000Z,,CA,US,North Valley Drive,90266
5C:93:A2:33:0B:41,PS4-EDD3438C26F2,37.04430008,-76.31333923,5C:93:A2,6,wpa2,2018-01-07T17:00:00.000Z,2025-06-13T19:00:00.000Z,Hampton,VA,US,Andrews Boulevard,23663
5C:93:A2:33:11:A1,PS4-B6699D82E91C,39.78800201,-83.05748749,5C:93:A2,6,wpa2,2026-08-28T17:00:00.000Z,2026-08-28T18:00:00.000Z,,OH,US,Borror Road,43116
5C:93:A2:33:29:0B,PS4-4CCB5FDBDA3A,36.06416702,-115.08504486,5C:93:A2,6,wpa2,2026-04-19T07:00:00.000Z,2026-04-19T00:00:00.000Z,,NV,US,La Mesa Drive,89014-2132
5C:93:A2:33:29:4D,PS4-86A71856391C,40.57850647,-73.98937225,5C:93:A2,1,wpa2,2026-07-03T14:00:00.000Z,2026-07-12T10:00:00.000Z,City of New York,NY,US,Neptune Avenue,11224
5C:93:A2:33:29:BF,PS4-167F0DC39A5C,39.1292038,-94.33894348,5C:93:A2,11,wpa2,2026-06-19T09:00:00.000Z,2026-06-19T03:00:00.000Z,Independence,MO,US,Hanover Avenue,64056
5C:93:A2:33:37:C1,PS4-38110BF6861A,29.47057152,-95.04685211,5C:93:A2,1,wpa2,2026-09-02T16:00:00.000Z,2026-09-02T16:00:00.000Z,,TX,US,Dickinson Avenue,77539
5C:93:A2:33:3D:A9,PS4-B1818D5A069B,32.83448792,-104.4002533,5C:93:A2,1,wpa2,2024-09-22T23:00:00.000Z,2024-09-22T17:00:00.000Z,,NM,US,Garst Avenue,88210
5C:93:A2:33:48:0D,PS4-1CB9483217C9,36.15904617,-115.06256866,5C:93:A2,1,wpa2,2023-06-19T18:00:00.000Z,2026-09-04T19:00:00.000Z,Las Vegas,NV,US,East Charleston Boulevard,89110
5C:93:A2:33:4B:D3,PS4-2EA3384D5583,36.2168808,-115.21815491,5C:93:A2,6,wpa2,2024-07-31T13:00:00.000Z,2024-10-25T12:00:00.000Z,Las Vegas,NV,US,West Cheyenne Avenue,89107
5C:93:A2:33:4D:B1,PS4-DC2D71FADA73,30.14266968,-94.00997925,5C:93:A2,1,wpa2,2026-08-22T23:00:00.000Z,2026-08-22T20:00:00.000Z,,TX,US,East Tram Road,77662
5C:93:A2:33:4E:55,PS4-D9CF8B1AE764,25.03981781,121.45245361,5C:93:A2,7,wpa2,2026-05-09T05:00:00.000Z,2026-05-09T07:00:00.000Z,新北市,新北市,TW,中華路一段,24202
5C:93:A2:33:5D:73,PS4-2499B3A6CC7D,43.88551712,-80.85475922,5C:93:A2,7,wpa2,2025-12-01T14:00:00.000Z,2025-12-01T19:00:00.000Z,,Ontario,CA,County Road 5,N0G 1Z0
5C:93:A2:33:5E:09,PS4-3FB3EB675090,29.19704437,-82.07930756,5C:93:A2,11,wpa2,2025-12-30T19:00:00.000Z,2026-01-28T11:00:00.000Z,Ocala,FL,US,Northeast 41st Avenue,34470
5C:93:A2:33:60:07,PS4-53DFA3B8F1E4,42.24827194,-71.81599426,5C:93:A2,11,wpa2,2018-06-06T06:00:00.000Z,2025-03-08T21:00:00.000Z,Worcester,MA,US,Canterbury Street,01608-2216
5C:93:A2:33:62:99,PS4-99559FA0E951,33.90266037,-118.21615601,5C:93:A2,7,wpa2,2025-01-06T21:00:00.000Z,2025-01-07T17:00:00.000Z,,CA,US,Santa Fe Avenue,90222
5C:93:A2:33:65:25,PS4-C53946F5232C,40.23392868,-111.69264221,5C:93:A2,11,wpa2,2024-12-04T16:00:00.000Z,2024-12-04T12:00:00.000Z,Provo,UT,US,West Center Street,84601
5C:93:A2:33:65:83,PS4-967D6ADB8AB3,47.64868546,-122.35691071,5C:93:A2,6,wpa2,2025-01-03T22:00:00.000Z,2025-03-30T03:00:00.000Z,Seattle,WA,US,Dravus Street,98109
5C:93:A2:33:67:67,PS4-DF406C58C4AB,37.42281723,-77.62076569,5C:93:A2,6,wpa2,2025-11-12T11:00:00.000Z,2025-11-12T04:00:00.000Z,,VA,US,Wescott Drive,23112
5C:93:A2:33:6D:B5,PS4-DC8539B987E5,36.18790054,-115.14060974,5C:93:A2,6,wpa2,2026-04-24T06:00:00.000Z,2026-05-08T02:00:00.000Z,Las Vegas,NV,US,West Owens Avenue,89101
5C:93:A2:33:72:CF,PS4-51AC138756E0,42.05548859,-88.08123779,5C:93:A2,6,wpa2,2025-02-15T07:00:00.000Z,2025-02-16T08:00:00.000Z,,IL,US,Valley Lake Drive,60195
5C:93:A2:33:7C:3B,PS4-125AC0A44DEC,33.13097,-80.13582611,5C:93:A2,6,wpa2,2026-07-12T13:00:00.000Z,2026-07-12T07:00:00.000Z,,SC,US,Old Winter Road,
5C:93:A2:33:81:C9,PS4-0C211204CB49,42.05784988,-71.01296997,5C:93:A2,6,wpa2,2026-05-07T19:00:00.000Z,2026-05-07T17:00:00.000Z,Brockton,MA,US,Main Street,02303
5C:93:A2:33:89:25,PS4-07E8DCE72DF2,42.73686218,-71.46602631,5C:93:A2,1,wpa2,2015-07-14T13:00:00.000Z,2025-07-02T11:00:00.000Z,Nashua,NH,US,East Dunstable Road,03060
5C:93:A2:33:8C:4F,PS4-12F3DEA54F00,33.98487473,-118.26961517,5C:93:A2,6,wpa2,2024-11-06T15:00:00.000Z,2024-11-06T15:00:00.000Z,Los Angeles,CA,US,South San Pedro Street,90003-1526
5C:93:A2:33:B4:B7,PS4-A3BF8FA94F7E,44.95449448,-93.04824829,5C:93:A2,11,wpa2,2015-09-22T21:00:00.000Z,2025-03-08T20:00:00.000Z,Saint Paul,MN,US,Johnson Parkway,55106:55119
5C:93:A2:33:B6:47,PS4-5091757CAF14,32.23556519,-110.80918121,5C:93:A2,6,wpa2,2025-09-30T02:00:00.000Z,2025-10-07T15:00:00.000Z,Tucson,AZ,US,East Speedway Boulevard,85710
5C:93:A2:33:B7:71,PS4-15F5BD7DD9D7,33.59243393,-111.94329834,5C:93:A2,6,wpa2,2016-03-25T18:00:00.000Z,2025-03-09T07:00:00.000Z,Scottsdale,AZ,US,North 64th Street,85254
5C:93:A2:33:BE:13,,41.68442154,-83.54298401,5C:93:A2,11,none,2026-08-26T17:00:00.000Z,2026-08-26T20:00:00.000Z,Toledo,OH,US,Lagrange Street,43608
5C:93:A2:33:D9:AD,PS4-67D51936EB2C,49.22150421,-123.07746887,5C:93:A2,6,wpa2,2018-06-23T21:00:00.000Z,2026-05-20T18:00:00.000Z,Vancouver,British Columbia,CA,Knight Street,
5C:93:A2:33:DB:BD,PS4-72196E9D12F7,33.76940155,-118.17050171,5C:93:A2,6,wpa2,2016-04-02T16:00:00.000Z,2026-07-24T22:00:00.000Z,Long Beach,CA,US,East 3rd Street,90802
5C:93:A2:33:E4:7B,PS4-86794014925B,29.4961834,-98.54560089,5C:93:A2,11,wpa2,2026-06-12T23:00:00.000Z,2026-06-15T09:00:00.000Z,San Antonio,TX,US,Dewhurst Road,78213
5C:93:A2:33:E7:47,PS4-13A09D3848D5,29.9537487,-90.07410431,5C:93:A2,11,wpa2,2025-05-28T21:00:00.000Z,2025-05-28T15:00:00.000Z,New Orleans,LA,US,South Rampart Street,70113
5C:93:A2:33:F4:93,,30.16370583,-97.69187927,5C:93:A2,2,unknown,2026-05-30T02:00:00.000Z,2026-05-31T18:00:00.000Z,,TX,US,FM 812,78719
5C:93:A2:34:06:71,PS4-C0088FA10963,33.37028885,-84.55392456,5C:93:A2,6,wpa2,2025-08-12T14:00:00.000Z,2025-08-12T11:00:00.000Z,,GA,US,Balmoral Chase Circle,30269
5C:93:A2:34:09:23,PS4-D4F8828AB8D1,38.8302536,-104.76685333,5C:93:A2,1,wpa2,2024-09-16T18:00:00.000Z,2025-11-29T16:00:00.000Z,Colorado Springs,CO,US,South Chelton Road,80910
5C:93:A2:34:0F:7B,PS4-A7D800DB51E2,26.1844883,-80.25075531,5C:93:A2,11,wpa2,2024-07-28T05:00:00.000Z,2026-01-08T21:00:00.000Z,,FL,US,Northwest 75th Avenue,33319:33321
5C:93:A2:34:11:93,PS4-18B774E97F8B,32.19767761,-110.99791718,5C:93:A2,11,wpa2,2019-02-27T03:00:00.000Z,2026-05-23T11:00:00.000Z,Tucson,AZ,US,South Mission Road,85713
5C:93:A2:34:16:5F,,34.27829361,-118.75479126,5C:93:A2,8,none,2026-08-15T15:00:00.000Z,2026-08-15T16:00:00.000Z,Simi Valley,CA,US,North Justin Avenue,93065-6278
5C:93:A2:34:1F:65,PS4-E04B9A361CA8,49.23239517,7.00339508,5C:93:A2,6,wpa2,2025-01-29T17:00:00.000Z,2025-01-29T09:00:00.000Z,Saarbrücken,Saarland,DE,Kleine Rosenstraße,66111
5C:93:A2:34:22:B5,PS4-8B4516023820,18.3763752,-65.98748016,5C:93:A2,6,wpa2,2026-01-12T12:00:00.000Z,2026-01-12T04:00:00.000Z,,PR,US,PR-8860,00987
5C:93:A2:34:2D:0B,PS4-6BAED2526573,41.52163315,-93.61754608,5C:93:A2,11,wpa2,2026-08-25T12:00:00.000Z,2026-08-25T05:00:00.000Z,Des Moines,IA,US,Thayer Street,50315
5C:93:A2:34:39:B5,PS4-8EE48949E84B,41.83418274,-86.25418854,5C:93:A2,6,wpa2,2023-08-29T17:00:00.000Z,2024-12-19T14:00:00.000Z,,MI,US,North 5th Street,49120
5C:93:A2:34:39:E5,PS4-39F8392E17BC,33.80089188,-118.27066803,5C:93:A2,9,wpa2,2024-12-28T21:00:00.000Z,2024-12-28T14:00:00.000Z,Carson,CA,US,Marbella Avenue,90744-4522
5C:93:A2:34:3A:6B,PS4-E27908745C28,38.05317688,23.77902794,5C:93:A2,6,wpa2,2026-07-31T10:00:00.000Z,2026-08-04T11:00:00.000Z,,Αποκεντρωμένη Διοίκηση Αττικής,GR,Αττική Οδός,14123
5C:93:A2:34:3C:F5,PS4-6FEA2FE7AC2D,30.42620468,-86.63939667,5C:93:A2,6,wpa2,2019-09-07T14:00:00.000Z,2026-02-21T03:00:00.000Z,,FL,US,Wright Parkway Northwest,32548
5C:93:A2:34:40:EF,PS4-6D39D9B5C819,36.09068298,-115.32273865,5C:93:A2,6,wpa2,2024-07-11T16:00:00.000Z,2026-06-05T16:00:00.000Z,,NV,US,Harvest Wind Drive,89148
5C:93:A2:34:44:1B,PS4-C66014CD04A6,34.24794388,-118.52674103,5C:93:A2,6,wpa2,2025-03-18T19:00:00.000Z,2025-03-18T15:00:00.000Z,Los Angeles,CA,US,Nordhoff Street,91330
5C:93:A2:34:58:D5,PS4-DE54997D31B8,45.08725739,-93.30277252,5C:93:A2,6,wpa2,2026-04-13T21:00:00.000Z,2026-04-14T16:00:00.000Z,Brooklyn Center,MN,US,73rd Avenue North,55444
5C:93:A2:34:70:A3,PS4-D94EDDE93B26,34.5971756,-92.48538971,5C:93:A2,6,wpa2,2024-01-26T13:00:00.000Z,2024-11-21T22:00:00.000Z,,AR,US,North Laurel Street,72022
5C:93:A2:34:71:7F,PS4-2AC7E0744115,34.19752884,-118.33354187,5C:93:A2,1,wpa2,2024-10-16T18:00:00.000Z,2024-10-16T12:00:00.000Z,Burbank,CA,US,North Keystone Street,91504
5C:93:A2:34:77:3B,PS4-9F7CE2C9685A,47.35254669,8.57566833,5C:93:A2,6,wpa2,2025-05-29T16:00:00.000Z,2025-05-29T13:00:00.000Z,Zürich,Zürich,CH,Lenggfussweg,8008
5C:93:A2:34:7A:99,PS4-725FF39A85E3,38.54819107,-121.73617554,5C:93:A2,8,wpa2,2025-09-17T10:00:00.000Z,2025-09-17T09:00:00.000Z,,CA,US,5th Street,95616
5C:93:A2:34:80:51,PS4-0B9802A759F4,35.73164368,-83.99433136,5C:93:A2,6,wpa2,2026-01-09T17:00:00.000Z,2026-01-09T10:00:00.000Z,,TN,US,Old Niles Ferry Road,37803
5C:93:A2:34:88:C7,PS4-53923C1DA8D1,40.29904556,-74.36441803,5C:93:A2,7,wpa2,2025-02-25T22:00:00.000Z,2026-08-12T12:00:00.000Z,,NJ,US,Wood Avenue,07726
5C:93:A2:34:89:13,PS4-90B3FED34A80,39.59872055,-119.2443924,5C:93:A2,11,wpa2,2023-05-14T16:00:00.000Z,2024-12-09T15:00:00.000Z,,NV,US,Shadow Lane,89408
5C:93:A2:34:8E:A3,PS4-A82971411FFB,37.26597214,-121.80175781,5C:93:A2,1,wpa2,2025-04-03T18:00:00.000Z,2025-06-20T17:00:00.000Z,San Jose,CA,US,Bayshore Freeway,95111-3870
5C:93:A2:34:95:7B,PS4-C881E5D86D08,28.09778595,-81.95358276,5C:93:A2,11,wpa2,2024-10-13T23:00:00.000Z,2024-10-15T14:00:00.000Z,Lakeland,FL,US,Lakeland Park Drive,33809
5C:93:A2:34:96:5D,PS4-BDA5A036B33F,35.84204865,-78.84336853,5C:93:A2,9,wpa2,2026-06-04T14:00:00.000Z,2026-09-05T02:00:00.000Z,,NC,US,McCrimmon Parkway,27560-9533
5C:93:A2:34:AC:CD,PS4-533886477C91,36.20224762,-115.2469101,5C:93:A2,1,wpa2,2024-09-03T14:00:00.000Z,2026-05-28T14:00:00.000Z,Las Vegas,NV,US,North Rock Springs Drive,89108-7049
5C:93:A2:34:B4:09,PS4-3C0D1376A002,42.48302078,-70.93890381,5C:93:A2,1,wpa2,2026-04-14T19:00:00.000Z,2026-08-06T16:00:00.000Z,Lynn,MA,US,Eastern Avenue,01907-1832
5C:93:A2:34:B8:45,PS4-61BD63033094,30.35866165,-97.73015594,5C:93:A2,1,wpa2,2025-07-09T21:00:00.000Z,2025-07-09T16:00:00.000Z,Austin,TX,US,Burnet Road,78757
5C:93:A2:34:BD:25,PS4-C41C98EE165B,42.24137115,-85.54091644,5C:93:A2,1,wpa2,2022-09-04T22:00:00.000Z,2024-10-23T08:00:00.000Z,,MI,US,South Valley Circle,49002
5C:93:A2:34:C2:DD,PS4-6BE95DD29C3C,31.25597191,-92.17562866,5C:93:A2,6,wpa2,2026-06-17T20:00:00.000Z,2026-06-25T11:00:00.000Z,,LA,US,Effie Highway,71328
5C:93:A2:34:C3:AD,PS4-F24EBA4E1B29,35.35951996,-94.43465424,5C:93:A2,1,wpa2,2020-10-08T18:00:00.000Z,2025-04-03T06:00:00.000Z,,OK,US,Main Street,74901
5C:93:A2:34:CA:53,PS4-79D946407F8D,41.70079803,-71.52278137,5C:93:A2,11,wpa2,2025-12-07T13:00:00.000Z,2025-12-07T09:00:00.000Z,,RI,US,Main Street,02893
5C:93:A2:34:D2:6D,PS4-D83859308BA4,59.91930771,10.76395416,5C:93:A2,11,wpa2,2025-04-21T16:00:00.000Z,2025-04-21T10:00:00.000Z,Oslo,Sofienberg,NO,Jens Bjelkes gate,0560
5C:93:A2:34:DF:E7,PS4-6DA2CCAE9E1E,59.28424072,11.10776234,5C:93:A2,1,wpa2,2025-08-02T12:00:00.000Z,2025-08-02T06:00:00.000Z,Sarpsborg,Viken,NO,Roald Amundsens gate,1723
5C:93:A2:34:E1:B1,PS4-F4FD4B2893D5,40.7989502,-96.65883636,5C:93:A2,8,wpa2,2021-03-21T10:00:00.000Z,2026-01-19T20:00:00.000Z,Lincoln,NE,US,A Street,68461
5C:93:A2:34:E8:93,PS4-8B5148A4C6DF,51.12436676,1.30523205,5C:93:A2,6,wpa2,2026-08-06T12:00:00.000Z,2026-08-06T10:00:00.000Z,,England,GB,Clarendon Road,CT17 9QA
5C:93:A2:34:F0:D5,PS4-0895A2F35751,33.47991562,-117.08449554,5C:93:A2,6,wpa2,2024-11-03T01:00:00.000Z,2024-11-02T18:00:00.000Z,Temecula,CA,US,Romero Drive,92592
5C:93:A2:34:F4:F9,PS4-99685A0483D5,10.00245094,-84.11676788,5C:93:A2,8,wpa2,2026-07-30T00:00:00.000Z,2026-07-29T18:00:00.000Z,Heredia,Provincia Heredia,CR,Calle Franklin D. Roosevelt,40101
5C:93:A2:34:F5:01,PS4-E1F29165FEBC,35.40442276,-118.92896271,5C:93:A2,11,wpa2,2025-04-23T19:00:00.000Z,2025-04-23T15:00:00.000Z,Bakersfield,CA,US,Suncrest Drive,93306
5C:93:A2:34:F8:DB,PS4-8EE2D35581AB,33.51887512,-112.09560394,5C:93:A2,6,wpa2,2025-11-01T02:00:00.000Z,2025-12-24T11:00:00.000Z,Phoenix,AZ,US,North 17th Avenue,85015-3809
5C:93:A2:34:F9:9F,PS4-63032E2D6EC4,40.63692856,22.9456501,5C:93:A2,6,wpa2,2021-01-28T15:00:00.000Z,2026-04-12T11:00:00.000Z,Δημοτική Ενότητα Θεσαλονίκης,Αποκεντρωμένη Διοίκηση Μακεδονίας - Θράκης,GR,Φιλίππου,546 31
5C:93:A2:35:02:61,PS4-FC74C2702C93,40.15475082,-74.93574524,5C:93:A2,1,wpa2,2025-11-07T23:00:00.000Z,2026-09-05T18:00:00.000Z,Middletown Township,PA,US,Lincoln Highway,19047
5C:93:A2:35:09:27,PS4-E38356E6C6EA,38.60697556,-90.35647583,5C:93:A2,1,wpa2,2025-02-23T00:00:00.000Z,2025-05-01T13:00:00.000Z,,MO,US,West Waymire Avenue,63119
5C:93:A2:35:17:79,PS4-4A806269C270,33.62818527,-112.02848053,5C:93:A2,6,wpa2,2016-01-02T19:00:00.000Z,2025-03-09T00:00:00.000Z,Phoenix,AZ,US,North 25th Street,85032
5C:93:A2:35:1C:D1,PS4-88F3BA654C67,35.19417572,-101.8388443,5C:93:A2,11,wpa2,2024-06-27T22:00:00.000Z,2025-03-30T14:00:00.000Z,Amarillo,TX,US,Canyon Drive,79102
5C:93:A2:35:20:D3,PS4-4C537B014610,-37.79411697,144.9756012,5C:93:A2,11,wpa2,2023-07-04T07:00:00.000Z,2026-05-09T21:00:00.000Z,Melbourne,Victoria,AU,Nicholson Street,3065
5C:93:A2:35:21:33,PS4-1B46F0322438,42.70275497,23.29898453,5C:93:A2,11,wpa2,2025-05-29T06:00:00.000Z,2025-05-29T00:00:00.000Z,София,София-град,BG,Зайчар,1309
5C:93:A2:35:2A:23,PS4-43DEC438C0D9,32.80899811,-97.16305542,5C:93:A2,1,wpa2,2026-06-03T18:00:00.000Z,2026-06-03T13:00:00.000Z,,TX,US,East Euless Boulevard,76053
5C:93:A2:35:2A:4F,PS4-4F85F217AF1D,50.29862213,19.15482712,5C:93:A2,6,wpa2,2025-04-09T19:00:00.000Z,2025-04-09T12:00:00.000Z,Sosnowiec,województwo śląskie,PL,Jana Matejki,41-219
5C:93:A2:35:37:49,PS4-03DF156484B0,45.85625458,-122.82860565,5C:93:A2,6,wpa2,2025-01-16T01:00:00.000Z,2025-01-16T05:00:00.000Z,,OR,US,Elm Street,97051
5C:93:A2:35:40:85,PS4-1047F7D438DC,-17.75845337,-63.18273163,5C:93:A2,4,wpa2,2026-03-13T15:00:00.000Z,2026-03-13T09:00:00.000Z,Municipio Santa Cruz de la Sierra,Santa Cruz,BO,Tercer Anillo Externo,2395
5C:93:A2:35:55:73,,29.42018509,-98.57344818,5C:93:A2,7,unknown,2025-12-15T20:00:00.000Z,2025-12-16T17:00:00.000Z,San Antonio,TX,US,Eldridge Avenue,78237
5C:93:A2:35:56:8F,,40.84022141,-73.88553619,5C:93:A2,4,unknown,2024-11-08T10:00:00.000Z,2024-11-08T05:00:00.000Z,City of New York,NY,US,Cross Bronx Expressway,10460
5C:93:A2:35:70:D1,PS4-73685424FE7A,54.38579178,18.60431862,5C:93:A2,6,wpa2,2021-01-22T18:00:00.000Z,2026-05-19T08:00:00.000Z,Gdańsk,województwo pomorskie,PL,Tadeusza Kościuszki,80-451
5C:93:A2:35:75:9B,PS4-6432128EACA7,52.1651535,22.36626434,5C:93:A2,11,wpa2,2016-06-04T13:00:00.000Z,2024-11-01T17:00:00.000Z,,województwo mazowieckie,PL,Siedlecka,08-110
5C:93:A2:35:76:FB,PS4-20760D8A61B6,45.15441132,5.71506596,5C:93:A2,6,wpa2,2025-05-02T15:00:00.000Z,2025-05-02T08:00:00.000Z,,Auvergne-Rhône-Alpes,FR,Rocade Sud,38130
5C:93:A2:35:88:E9,PS4-19AAD3BF2F82,33.78687286,-118.30740356,5C:93:A2,1,wpa2,2015-06-22T12:00:00.000Z,2025-03-09T07:00:00.000Z,Los Angeles,CA,US,West Anaheim Street,90710
5C:93:A2:35:8D:7B,PS4-E429A6CD36CC,38.68470001,-121.27742767,5C:93:A2,11,wpa2,2025-09-29T01:00:00.000Z,2025-09-28T23:00:00.000Z,,CA,US,Sayonara Drive,95610
5C:93:A2:35:98:BD,PS4-413BFF062CF6,40.44369507,-74.12950897,5C:93:A2,1,wpa2,2023-07-08T17:00:00.000Z,2026-08-16T14:00:00.000Z,Keansburg,NJ,US,Main Street,07734
5C:93:A2:35:9E:E9,PS4-D739E3C2348D,33.21240997,-97.17350006,5C:93:A2,6,wpa2,2026-04-16T20:00:00.000Z,2026-05-27T23:00:00.000Z,Denton,TX,US,Precision Drive,76207
5C:93:A2:35:A0:11,PS4-C35405644A76,42.87982178,-77.24564362,5C:93:A2,11,wpa2,2025-02-10T14:00:00.000Z,2026-09-06T01:00:00.000Z,Town of Canandaigua,NY,US,County Road 10,14424
5C:93:A2:35:A8:7F,PS4-0EC078F72231,35.34288025,-97.52173615,5C:93:A2,6,wpa2,2025-03-13T15:00:00.000Z,2025-03-13T11:00:00.000Z,Oklahoma City,OK,US,Wandering Way,73170
5C:93:A2:35:AD:45,PS4-E6E1589798F6,37.56140137,-77.50003052,5C:93:A2,9,wpa2,2025-11-30T15:00:00.000Z,2025-11-30T08:00:00.000Z,Richmond,VA,US,Cary Street Road,23226
5C:93:A2:35:B1:7D,PS4-78668A589A9E,36.29207611,-115.20057678,5C:93:A2,11,wpa2,2026-07-28T18:00:00.000Z,2026-07-28T13:00:00.000Z,North Las Vegas,NV,US,Fire Glow Avenue,89131
5C:93:A2:35:BE:21,PS4-44EC8FB83DEE,47.53858185,7.61168623,5C:93:A2,6,wpa2,2025-10-14T18:00:00.000Z,2026-05-10T04:00:00.000Z,Basel,Basel-Stadt,CH,Walkeweg,4053
5C:93:A2:35:C0:85,PS4-DD5FCC54ADC7,34.25722885,-118.45904541,5C:93:A2,1,wpa2,2025-10-30T15:00:00.000Z,2025-10-30T14:00:00.000Z,Los Angeles,CA,US,Devonshire Street,91345
5C:93:A2:35:DF:61,PS4-DF3249D385C1,41.96323013,-87.68237305,5C:93:A2,1,wpa2,2024-11-22T14:00:00.000Z,2024-11-23T13:00:00.000Z,Chicago,IL,US,West Sunnyside Avenue,60640
5C:93:A2:35:F1:35,PS4-F45599483FF2,51.38114929,-0.10553382,5C:93:A2,1,wpa2,2015-12-20T15:00:00.000Z,2025-05-15T13:00:00.000Z,London,England,GB,London Road,CR0 2TE
5C:93:A2:35:FB:FF,PS4-7091355F26E0,33.51314545,-112.11710358,5C:93:A2,1,wpa2,2025-04-16T02:00:00.000Z,2025-04-15T20:00:00.000Z,Phoenix,AZ,US,West Colter Street,85017
5C:93:A2:36:00:A1,PS4-FE090B223DED,27.98214722,-81.96094513,5C:93:A2,1,wpa2,2026-08-28T05:00:00.000Z,2026-09-04T20:00:00.000Z,Lakeland,FL,US,West Alamo Drive,33813
5C:93:A2:36:0D:AB,PS4-B49C0438FFA8,36.81578827,-119.71295929,5C:93:A2,11,wpa2,2016-05-05T18:00:00.000Z,2026-06-01T01:00:00.000Z,,CA,US,West Barstow Avenue,93612
5C:93:A2:36:12:13,PS4-5528651F2459,42.77402878,-96.93243408,5C:93:A2,6,wpa2,2024-09-27T00:00:00.000Z,2024-10-03T16:00:00.000Z,Vermillion,SD,US,West Broadway Street,57069
5C:93:A2:36:29:AF,PS4-72A39D036A07,40.70435715,-73.37234497,5C:93:A2,6,wpa2,2022-10-01T03:00:00.000Z,2025-08-02T22:00:00.000Z,,NY,US,Sunrise Highway,11757
5C:93:A2:36:3E:53,PS4-FC00B6AF92BC,52.3872757,16.85471535,5C:93:A2,6,wpa2,2017-04-14T00:00:00.000Z,2026-05-22T05:00:00.000Z,,województwo wielkopolskie,PL,Pogorzelska,60-162
5C:93:A2:36:45:EF,PS4-6C719FB84330,43.77074432,-79.4539032,5C:93:A2,1,wpa2,2024-10-05T13:00:00.000Z,2024-10-05T07:00:00.000Z,Toronto,Ontario,CA,Finch Avenue West,M2R 2C1
5C:93:A2:36:56:AD,PS4-79D8A14357C0,35.65822601,139.77745056,5C:93:A2,10,wpa2,2018-07-20T12:00:00.000Z,2024-10-24T02:00:00.000Z,中央区,築地六丁目,JP,れいめい橋,104-0054
5C:93:A2:36:5A:55,PS4-EBA6FC9FA97A,49.19049835,-122.55682373,5C:93:A2,11,wpa2,2025-07-27T23:00:00.000Z,2025-07-27T17:00:00.000Z,Maple Ridge,British Columbia,CA,240 Street,V2W 0E7
5C:93:A2:36:62:A1,PS4-9D98199EF1F7,33.83139801,-118.03227997,5C:93:A2,8,wpa2,2024-12-03T18:00:00.000Z,2024-12-03T16:00:00.000Z,,CA,US,Lincoln Avenue,90630
5C:93:A2:36:68:61,PS4-9E44758ABFC3,45.52746964,-73.82530975,5C:93:A2,11,wpa,2018-12-04T11:00:00.000Z,2025-07-17T14:00:00.000Z,Laval (13),Québec,CA,Rue Principale,H7X 1G1
5C:93:A2:36:6A:2D,PS4-94D3FA30CFE4,39.96095276,-75.24523163,5C:93:A2,11,wpa2,2026-06-24T07:00:00.000Z,2026-06-24T02:00:00.000Z,Philadelphia,PA,US,Chestnut Street,19151
5C:93:A2:36:6C:8D,PS4-F48196736E89,38.03899002,-84.47738647,5C:93:A2,6,wpa2,2024-12-13T18:00:00.000Z,2025-05-07T13:00:00.000Z,Lexington,KY,US,Given Avenue,40502
5C:93:A2:36:79:4B,PS4-21D4B7846E4F,51.76462555,19.44671249,5C:93:A2,13,wpa2,2025-10-26T14:00:00.000Z,2025-10-26T08:00:00.000Z,Łódź,województwo łódzkie,PL,Andrzeja Struga,90-420
5C:93:A2:36:9F:3F,PS4-04D38479F609,36.69526291,-121.66331482,5C:93:A2,11,wpa2,2025-02-19T22:00:00.000Z,2025-04-13T00:00:00.000Z,Salinas,CA,US,El Camino Real,93901
5C:93:A2:36:C4:E3,PS4-344917129172,37.43083572,-122.12527466,5C:93:A2,5,wpa2,2024-05-24T06:00:00.000Z,2025-01-25T00:00:00.000Z,Palo Alto,CA,US,Middlefield Road,94306-2335
5C:93:A2:36:D0:C9,PS4-76178A2B9C4D,40.72127151,-74.0483551,5C:93:A2,6,wpa2,2026-04-29T19:00:00.000Z,2026-04-29T13:00:00.000Z,Jersey City,NJ,US,Christopher Columbus Drive,07302
5C:93:A2:36:DD:BD,PS4-676229B79243,-26.87713051,-52.40782166,5C:93:A2,9,wpa2,2026-02-01T13:00:00.000Z,2026-02-01T05:00:00.000Z,Xanxerê,Santa Catarina,BR,Avenida La Salle,89820-000
5C:93:A2:36:E0:13,PS4-17D85F4F202B,31.64345741,-106.28107452,5C:93:A2,5,wpa2,2024-07-22T18:00:00.000Z,2025-02-27T17:00:00.000Z,,TX,US,Alameda Avenue,79836
5C:93:A2:36:E8:43,PS4-11A0970337E7,34.06759644,-117.77323151,5C:93:A2,11,wpa2,2025-02-23T18:00:00.000Z,2025-02-23T16:00:00.000Z,Pomona,CA,US,Weber Street,91768
5C:93:A2:36:EE:15,PS4-6D8098263937,39.86341095,-104.98773956,5C:93:A2,3,wpa2,2025-04-26T16:00:00.000Z,2025-12-18T16:00:00.000Z,Thornton,CO,US,North Valley Highway,80229
5C:93:A2:36:F3:CB,PS4-6C4EBBA4EC76,43.62208939,-116.224617,5C:93:A2,8,wpa2,2019-05-14T14:00:00.000Z,2025-09-29T16:00:00.000Z,Boise,ID,US,West Main Street,83702
5C:93:A2:37:19:F1,PS4-9DE765C37E8E,21.01883698,-101.25693512,5C:93:A2,5,wpa2,2025-09-29T00:00:00.000Z,2025-09-28T17:00:00.000Z,Guanajuato,Guanajuato,MX,Calle Pósitos,36000
5C:93:A2:37:41:59,PS4-B079A19A903F,44.92185974,142.58302307,5C:93:A2,6,wpa2,2025-05-16T04:00:00.000Z,2025-05-17T06:00:00.000Z,,宗谷総合振興局,JP,ウエンナイ幌内保線,098-5805
5C:93:A2:37:42:7D,PS4-AA2A5BBA2405,35.67246246,139.82627869,5C:93:A2,9,wpa2,2025-04-06T12:00:00.000Z,2025-04-06T08:00:00.000Z,江東区,南砂四丁目,JP,明治通り,136-0076
5C:93:A2:37:4D:1F,PS4-429C89A3E5ED,38.41567612,-78.88053131,5C:93:A2,6,wpa2,2023-10-24T13:00:00.000Z,2025-06-09T14:00:00.000Z,Harrisonburg,VA,US,Stone Spring Road,22801
5C:93:A2:37:65:A3,PS4-9CCEE93E9699,39.61055374,-119.71990204,5C:93:A2,4,wpa2,2025-02-01T03:00:00.000Z,2025-03-01T23:00:00.000Z,,NV,US,Kiley Parkway,98436
5C:93:A2:37:82:37,PS4-C3D014E96F01,45.99880981,-112.53446198,5C:93:A2,6,wpa2,2016-06-06T02:00:00.000Z,2025-03-24T08:00:00.000Z,Butte,MT,US,Kaw Avenue,59701
5C:93:A2:37:9E:43,PS4-928ACD245D65,34.00384903,-117.35818481,5C:93:A2,6,wpa2,2022-04-27T17:00:00.000Z,2024-10-28T16:00:00.000Z,Riverside,CA,US,Orange Street,92501
5C:93:A2:37:C6:DB,PS4-7BBE72352F40,34.39960098,-117.57982635,5C:93:A2,6,wpa2,2022-06-14T03:00:00.000Z,2025-03-09T08:00:00.000Z,,CA,US,CA 138,
5C:93:A2:37:CB:91,PS4-A79542C3E3C8,29.85103989,-95.51342773,5C:93:A2,6,wpa2,2026-04-27T09:00:00.000Z,2026-05-01T18:00:00.000Z,Houston,TX,US,West Tidwell Road,77040
5C:93:A2:37:CE:0D,PS4-56DB23043B7B,28.27587128,-81.60665131,5C:93:A2,11,wpa2,2018-07-11T20:00:00.000Z,2025-04-17T21:00:00.000Z,,FL,US,Castle Pines Court,33896
5C:93:A2:37:DF:01,PS4-580B4C2B8908,41.34678268,-72.10546875,5C:93:A2,6,wpa2,2025-07-12T19:00:00.000Z,2026-07-02T13:00:00.000Z,New London,CT,US,Montauk Avenue,06320
5C:93:A2:37:E0:0B,PS4-4BA7965AC5E0,33.93357849,-117.00828552,5C:93:A2,11,wpa2,2016-11-22T16:00:00.000Z,2025-03-09T07:00:00.000Z,,CA,US,Moreno Valley Expressway,92223
5C:93:A2:37:E3:7D,PS4-8527D9FD8981,35.01929855,-91.95921326,5C:93:A2,3,wpa2,2026-09-03T14:00:00.000Z,2026-09-05T23:00:00.000Z,,AR,US,Peyton Street,72007
5C:93:A2:37:E3:87,PS4-71A1FF923553,39.55519104,-104.77833557,5C:93:A2,1,wpa2,2024-10-07T03:00:00.000Z,2024-12-18T02:00:00.000Z,,CO,US,South Parker Road,80138
5C:93:A2:37:EB:99,PS4-74750EECA694,51.85326004,19.1695137,5C:93:A2,1,wpa2,2024-07-11T11:00:00.000Z,2025-12-07T09:00:00.000Z,,województwo łódzkie,PL,72,99-205
5C:93:A2:37:ED:83,PS4-780AABB77549,37.6299324,-77.55576324,5C:93:A2,11,wpa2,2025-10-26T03:00:00.000Z,2025-10-25T23:00:00.000Z,,VA,US,Beacontree Lane,23294
5C:93:A2:37:F9:5D,PS4-319D915059EA,29.44408417,-98.60146332,5C:93:A2,6,wpa2,2025-10-21T13:00:00.000Z,2025-10-21T07:00:00.000Z,San Antonio,TX,US,Callaghan Road,78228
5C:93:A2:38:12:81,PS4-CC65A39AD50E,48.63642883,2.30946183,5C:93:A2,6,wpa2,2019-07-17T15:00:00.000Z,2025-06-21T08:00:00.000Z,Saint-Michel-sur-Orge,Île-de-France,FR,Rue Saint-Exupéry,91240
5C:93:A2:38:18:27,PS4-086C1617D62C,39.19734192,-77.24938202,5C:93:A2,11,wpa2,2024-12-22T17:00:00.000Z,2025-01-20T12:00:00.000Z,,MD,US,Shakespeare Boulevard,20876-4134
5C:93:A2:38:45:79,PS4-098C03A014DA,34.07587814,-117.73645782,5C:93:A2,6,wpa2,2025-09-16T11:00:00.000Z,2025-09-16T05:00:00.000Z,Pomona,CA,US,San Bernardino Avenue,91767
5C:93:A2:38:58:4F,PS4-A6215C85B8CE,30.45643616,-91.00934601,5C:93:A2,1,wpa2,2015-09-21T09:00:00.000Z,2026-07-06T14:00:00.000Z,,LA,US,Sedona Pines Drive,70819
5C:93:A2:38:5B:77,PS4-CF464FFF280B,35.49607468,-97.58642578,5C:93:A2,6,wpa2,2025-03-10T13:00:00.000Z,2025-03-10T11:00:00.000Z,Oklahoma City,OK,US,Northwest 26th Street,73107
5C:93:A2:38:61:2F,PS4-E260312721E9,33.91115952,-84.19116211,5C:93:A2,11,wpa2,2026-04-27T19:00:00.000Z,2026-04-27T16:00:00.000Z,,GA,US,Pirkle Road,30093
5C:93:A2:38:61:55,PS4-91BCD19B7AF1,33.5059166,-112.09411621,5C:93:A2,6,wpa2,2025-10-27T01:00:00.000Z,2025-10-26T18:00:00.000Z,Phoenix,AZ,US,West Highland Avenue,85015-3809
5C:93:A2:38:68:C3,PS4-255B2CDA66F4,42.24771881,-71.93776703,5C:93:A2,1,wpa2,2016-10-23T15:00:00.000Z,2025-10-31T14:00:00.000Z,,MA,US,Main Street,01652
5C:93:A2:38:7A:47,PS4-F7447817E86C,39.66878891,-104.82607269,5C:93:A2,6,wpa2,2026-08-23T00:00:00.000Z,2026-08-22T23:00:00.000Z,Aurora,CO,US,South Anaheim Street,80014-1319
5C:93:A2:38:7F:71,PS4-62AA5920C9C4,39.34640503,-75.63882446,5C:93:A2,6,wpa2,2025-07-19T23:00:00.000Z,2025-07-19T16:00:00.000Z,,DE,US,South Dupont Parkway,19734
5C:93:A2:38:9D:B9,PS4-B5252F36689D,42.24179077,-71.84767151,5C:93:A2,11,wpa2,2022-11-25T19:00:00.000Z,2025-03-08T22:00:00.000Z,Worcester,MA,US,Main Street,01603
5C:93:A2:38:AC:67,PS4-732F003FF9CC,30.62205315,-89.62821198,5C:93:A2,9,wpa2,2026-03-06T23:00:00.000Z,2026-03-09T07:00:00.000Z,,MS,US,King Road,39426
5C:93:A2:38:AE:6B,PS4-6020FB461168,33.80625153,-117.89798737,5C:93:A2,10,wpa2,2021-03-06T10:00:00.000Z,2024-11-10T22:00:00.000Z,Anaheim,CA,US,South Lewis Street,92805
5C:93:A2:38:AF:0D,PS4-1D135A857807,39.73007584,-104.93653107,5C:93:A2,6,wpa2,2025-09-21T23:00:00.000Z,2025-09-21T17:00:00.000Z,Denver,CO,US,Birch Street,80206
5C:93:A2:38:B2:4F,,27.22281837,-80.3399353,5C:93:A2,1,unknown,2026-06-06T20:00:00.000Z,2026-06-07T09:00:00.000Z,Port Saint Lucie,FL,US,Florida's Turnpike,34984
5C:93:A2:38:B4:AF,PS4-9E650C665A73,33.50018692,-117.08402252,5C:93:A2,4,wpa2,2024-11-02T20:00:00.000Z,2024-11-02T15:00:00.000Z,Temecula,CA,US,Crowne Hill Drive,92592
5C:93:A2:38:BF:5B,PS4-C2BF35430DA1,27.87545776,-82.85024261,5C:93:A2,11,wpa2,2015-03-14T13:00:00.000Z,2025-03-08T20:00:00.000Z,,FL,US,Gulf Boulevard,33785
5C:93:A2:38:C3:83,PS4-D07705910468,41.96483612,-88.1009903,5C:93:A2,1,wpa2,2026-05-27T19:00:00.000Z,2026-06-08T23:00:00.000Z,,IL,US,West Lake Street,60172
5C:93:A2:38:CE:ED,PS4-DF453C8A6F7A,43.46072769,-1.5469985,5C:93:A2,1,wpa2,2026-07-13T12:00:00.000Z,2026-08-01T11:00:00.000Z,,Nouvelle-Aquitaine,FR,D 810,64200
5C:93:A2:38:D6:13,PS4-F7C6361B7AA4,54.69861603,25.29290199,5C:93:A2,9,wpa2,2025-06-14T08:00:00.000Z,2025-07-11T03:00:00.000Z,Vilnius,Vilniaus apskritis,LT,Tuskulėnų g.,09218
5C:93:A2:38:DF:B7,PS4-2DF3911E9B7F,41.96446991,-88.4271698,5C:93:A2,1,wpa2,2021-04-25T17:00:00.000Z,2025-10-28T16:00:00.000Z,,IL,US,Burlington Road,60175
5C:93:A2:38:E2:8D,PS4-5C5C44952C2A,42.04103088,-87.72484589,5C:93:A2,8,wpa2,2021-03-01T13:00:00.000Z,2026-04-12T17:00:00.000Z,,IL,US,Dempster Street,60076
5C:93:A2:38:E5:ED,PS4-B17584AC26E7,42.04037857,-71.08712769,5C:93:A2,8,wpa2,2025-08-02T02:00:00.000Z,2026-06-04T15:00:00.000Z,,MA,US,Depot Street,02375
5C:93:A2:38:EA:8D,PS4-2730D6241B8D,37.96710587,-121.27738953,5C:93:A2,1,wpa2,2024-12-01T22:00:00.000Z,2024-12-26T15:00:00.000Z,Stockton,CA,US,Airport Way,95202
5C:93:A2:38:EA:BD,PS4-17EC2A1F914F,47.70665741,-122.35548401,5C:93:A2,6,wpa2,2021-09-11T17:00:00.000Z,2025-07-02T11:00:00.000Z,Seattle,WA,US,Greenwood Avenue North,98133
5C:93:A2:38:EF:2D,,30.8944397,-102.93139648,5C:93:A2,0,unknown,2024-12-10T10:00:00.000Z,2024-12-10T13:00:00.000Z,,TX,US,I 10;US 67,79735
5C:93:A2:38:F0:C7,PS4-8D3609F0A1CB,42.99533844,-87.9080658,5C:93:A2,2,wpa2,2025-04-09T18:00:00.000Z,2025-12-11T05:00:00.000Z,Milwaukee,WI,US,South Burrell Street,53207
5C:93:A2:38:FD:21,PS4-6D1154383A59,29.55303764,-98.51501465,5C:93:A2,1,wpa2,2021-01-23T13:00:00.000Z,2026-06-11T14:00:00.000Z,San Antonio,TX,US,Foxtail Lane,78216
5C:93:A2:39:06:59,PS4-CB959986423A,39.65318298,-104.78249359,5C:93:A2,1,wpa2,2026-05-03T17:00:00.000Z,2026-07-25T15:00:00.000Z,Aurora,CO,US,East Hampden Avenue,80013
5C:93:A2:39:06:65,PS4-5A8EBBF87F45,39.67795944,-86.1315155,5C:93:A2,11,wpa2,2023-01-24T14:00:00.000Z,2026-07-31T20:00:00.000Z,Indianapolis,IN,US,Madison Avenue,46227
5C:93:A2:39:08:91,PS4-8C9C7EF257BD,39.01322556,-104.81273651,5C:93:A2,11,wpa2,2023-10-30T02:00:00.000Z,2025-07-18T21:00:00.000Z,Colorado Springs,CO,US,Sybilla Lane,80921
5C:93:A2:39:17:93,PS4-C8C9BC417779,30.16597939,-81.62216187,5C:93:A2,5,wpa2,2025-09-08T17:00:00.000Z,2025-09-08T11:00:00.000Z,Jacksonville,FL,US,Mandarin Glen Drive,32223
5C:93:A2:39:1B:13,PS4-4CA17C0B9B33,41.1419754,-104.74768829,5C:93:A2,6,wpa2,2025-04-03T00:00:00.000Z,2025-06-08T18:00:00.000Z,Cheyenne,WY,US,Sunny Hill Drive,82001-6440
5C:93:A2:39:20:EF,PS4-98AC2A1E6F50,41.47315216,-87.38241577,5C:93:A2,6,wpa2,2026-04-04T06:00:00.000Z,2026-04-04T03:00:00.000Z,,IN,US,West 80th Avenue,46410
5C:93:A2:39:2D:6B,PS4-7EF5145D372D,41.95666885,-87.98952484,5C:93:A2,6,wpa2,2025-04-16T21:00:00.000Z,2025-04-16T15:00:00.000Z,,IL,US,North Addison Road,60191-1983
5C:93:A2:39:31:6B,PS4-EECBD473E552,53.12018585,17.9970665,5C:93:A2,1,wpa2,2025-03-19T21:00:00.000Z,2025-03-19T15:00:00.000Z,,województwo kujawsko-pomorskie,PL,Wały Jagiellońskie,85-036
5C:93:A2:39:32:C9,PS4-38D96C1BB523,30.13670921,-97.47650909,5C:93:A2,6,wpa2,2026-02-20T21:00:00.000Z,2026-02-21T03:00:00.000Z,,TX,US,South Pope Bend Road,78612
5C:93:A2:39:39:BD,PS4-8C781E06C75B,18.50167656,-69.77990723,5C:93:A2,9,wpa2,2025-01-13T23:00:00.000Z,2025-01-14T02:00:00.000Z,,Santo Domingo,DO,,11808
5C:93:A2:39:3D:63,PS4-424D6B516332,33.26855087,-97.1179657,5C:93:A2,6,wpa2,2026-08-22T17:00:00.000Z,2026-09-05T13:00:00.000Z,,TX,US,Elk Ridge Drive,76209-1540
5C:93:A2:39:4F:DB,PS4-691D7393B34B,33.8992424,-118.09035492,5C:93:A2,11,wpa2,2025-01-06T19:00:00.000Z,2025-01-07T16:00:00.000Z,Norwalk,CA,US,Potter Street,90650
5C:93:A2:39:55:8D,PS4-195DA9EEA297,37.28326797,-121.93371582,5C:93:A2,6,wpa2,2026-07-20T02:00:00.000Z,2026-07-20T02:00:00.000Z,,CA,US,Apricot Avenue,95008
5C:93:A2:39:68:61,PS4-34068C45911A,44.46346283,26.12656975,5C:93:A2,9,wpa2,2026-05-04T14:00:00.000Z,2026-05-04T07:00:00.000Z,Municipiul București,Teiul Doamnei,RO,Aleea Teiul Doamnei,023588
5C:93:A2:39:6D:67,PS4-7367A50E9666,50.07225037,14.39593506,5C:93:A2,13,wpa2,2026-01-09T17:00:00.000Z,2026-01-11T07:00:00.000Z,Hlavní město Praha,Praha,CZ,Tomáškova,15000
5C:93:A2:39:77:73,PS4-3E983C1404CA,38.88153076,141.56762695,5C:93:A2,11,wpa2,2025-07-13T07:00:00.000Z,2025-07-13T01:00:00.000Z,気仙沼市,宮城県,JP,気仙沼バイパス,988-0053
5C:93:A2:39:A4:85,PS4-64FF6BA80923,47.3274498,7.95087814,5C:93:A2,6,wpa2,2025-05-08T16:00:00.000Z,2025-05-08T10:00:00.000Z,,Solothurn,CH,Krähenthal,5746
5C:93:A2:39:CE:61,PS4-F4FFAF07727E,30.34170151,-81.60339355,5C:93:A2,1,wpa2,2017-01-23T03:00:00.000Z,2026-05-03T15:00:00.000Z,Jacksonville,FL,US,North Dickson Road,32211
5C:93:A2:39:D9:8D,PS4-C3497BD3FA84,36.05351257,-115.22431183,5C:93:A2,11,wpa2,2024-09-17T18:00:00.000Z,2024-10-14T13:00:00.000Z,,NV,US,South Almansor Street,89113-4057
5C:93:A2:39:E5:EB,PS4-5485EAC9C923,35.66166687,139.52308655,5C:93:A2,6,wpa2,2025-08-09T07:00:00.000Z,2025-08-09T06:00:00.000Z,調布市,飛田給一丁目,JP,旧甲州街道,182-0036
5C:93:A2:39:E6:1B,PS4-AB6196D805B9,47.52692032,7.64323092,5C:93:A2,11,wpa2,2025-11-02T16:00:00.000Z,2025-11-02T12:00:00.000Z,,Basel-Landschaft,CH,Sevogelstrasse,4132
5C:93:A2:39:F1:AD,PS4-70CBC5A0570B,55.75411987,37.86993027,5C:93:A2,6,unknown,2017-07-25T23:00:00.000Z,2026-02-01T05:00:00.000Z,,Московская область,RU,улица Октября,143969
5C:93:A2:39:F7:01,PS4-AF1F42017014,60.11816406,31.39266777,5C:93:A2,10,unknown,2017-04-16T15:00:00.000Z,2026-06-24T08:00:00.000Z,,Ленинградская область,RU,,
5C:93:A2:3A:01:CB,PS4-46A53C1F239C,53.57908249,9.96460915,5C:93:A2,6,wpa2,2024-04-01T16:00:00.000Z,2025-04-27T10:00:00.000Z,Hamburg,Hoheluft-West,DE,Mansteinstraße,20253
5C:93:A2:3A:09:DB,PS4-F3646EEB6C20,35.68257523,139.40350342,5C:93:A2,11,wpa2,2021-08-06T21:00:00.000Z,2025-05-05T23:00:00.000Z,日野市,日野本町六丁目,JP,,191-0011
5C:93:A2:3A:16:81,PS4-8A9FBD4DF711,-27.44574547,-48.42357254,5C:93:A2,6,wpa2,2025-02-22T12:00:00.000Z,2025-02-22T04:00:00.000Z,Florianópolis,Santa Catarina,BR,Estrada Anarolina Silveira Santos,88056-590
5C:93:A2:3A:2B:FB,PS4-A4C046350CBD,29.76695061,-95.40176392,5C:93:A2,1,wpa2,2026-05-05T18:00:00.000Z,2026-05-06T17:00:00.000Z,Houston,TX,US,Gibson Street,77007
5C:93:A2:3A:2F:45,PS4-ACAE9D5F88B6,54.84979248,-1.58378136,5C:93:A2,9,wpa2,2024-12-25T13:00:00.000Z,2024-12-25T06:00:00.000Z,,England,GB,Cleveland Avenue,DH2 3BA
5C:93:A2:3A:59:19,PS4-9D16108BF39C,35.49809647,139.66371155,5C:93:A2,4,wpa2,2026-02-01T02:00:00.000Z,2026-01-31T22:00:00.000Z,横浜市,神奈川県,JP,,231-0017
5C:93:A2:3A:5F:AF,PS4-5741A0F89B07,43.21050262,-83.07751465,5C:93:A2,6,wpa2,2023-03-03T04:00:00.000Z,2026-04-01T01:00:00.000Z,,MI,US,East Burnside Road,48416
5C:93:A2:3A:6C:7D,PS4-3F3F34C0CC00,-15.74965191,-47.89183044,5C:93:A2,5,wpa2,2026-01-31T00:00:00.000Z,2026-02-02T18:00:00.000Z,Brasília,Distrito Federal,BR,W1 Norte,70762-540
5C:93:A2:3A:82:E9,PS4-E174036B93B4,36.0042572,-114.9514389,5C:93:A2,3,wpa2,2026-08-14T15:00:00.000Z,2026-08-14T15:00:00.000Z,Henderson,NV,US,Marsh Creek Court,89002
5C:93:A2:3A:83:29,PS4-C018843CDD51,50.45754242,4.24661779,5C:93:A2,6,wpa2,2024-11-29T10:00:00.000Z,2024-12-02T09:00:00.000Z,,Hainaut,BE,,7140
5C:93:A2:3A:96:AB,PS4-494E33EA5AD2,33.27817535,-96.78894043,5C:93:A2,2,wpa2,2026-07-19T22:00:00.000Z,2026-07-20T05:00:00.000Z,Celina,TX,US,Etta Terrace,75078
5C:93:A2:3A:C7:71,PS4-19E0D01F8C83,-23.5494442,-46.53489685,5C:93:A2,1,wpa2,2024-07-19T22:00:00.000Z,2026-08-30T11:00:00.000Z,São Paulo,São Paulo,BR,Rua Trapicheiro,03402-002
5C:93:A2:3A:E6:ED,PS4-5AFA02BED56F,50.30657196,18.7661953,5C:93:A2,1,wpa2,2024-12-30T15:00:00.000Z,2025-10-05T22:00:00.000Z,Zabrze,województwo śląskie,PL,Dionizego Trocera,41-800
5C:93:A2:3A:EC:B1,PS4-141B17630ABA,52.58389282,-2.14703918,5C:93:A2,11,wpa2,2023-08-13T20:00:00.000Z,2025-03-14T13:00:00.000Z,Wolverhampton,England,GB,Merridale Road,WV3 9SB
5C:93:A2:3B:02:3D,PS4-BBC4F99F24D8,59.9307518,10.78294945,5C:93:A2,6,wpa2,2025-02-18T21:00:00.000Z,2026-04-12T19:00:00.000Z,Oslo,Sinsen,NO,Olaf Schous vei,0572
5C:93:A2:3B:31:49,PS4-707BA8DAF245,53.65336609,-2.61372495,5C:93:A2,1,wpa2,2026-02-11T13:00:00.000Z,2026-02-11T06:00:00.000Z,Chorley,England,GB,Haworth Road,PR6 9FG
5C:93:A2:3B:39:EB,PS4-B384B7ACFCE5,51.57592773,0.0695047,5C:93:A2,6,wpa2,2025-12-13T14:00:00.000Z,2026-05-02T12:00:00.000Z,London,England,GB,Eastern Avenue,IG2 6PE
5C:93:A2:3B:84:6F,PS4-3E6294587678,51.77474976,-3.24823713,5C:93:A2,11,wpa2,2025-04-19T12:00:00.000Z,2025-07-02T06:00:00.000Z,,Cymru / Wales,GB,Earl Street,NP22 3RF
5C:93:A2:3B:85:F7,PS4-D27E403D4B99,44.74643326,-93.20230103,5C:93:A2,11,wpa2,2025-01-04T15:00:00.000Z,2025-01-05T09:00:00.000Z,,MN,US,140th Street West,55124
5C:93:A2:3B:9E:0F,PS4-C19148684D0C,34.46681976,135.37539673,5C:93:A2,6,wpa2,2024-07-27T03:00:00.000Z,2024-09-14T00:00:00.000Z,岸和田市,大阪府,JP,紀州街道,596-0014
5C:93:A2:3B:A0:55,PS4-099737AF094F,35.69487381,139.67655945,5C:93:A2,1,wpa2,2022-06-11T15:00:00.000Z,2024-12-21T23:00:00.000Z,中野区,本町三丁目,JP,,164-8622
5C:93:A2:3B:A1:85,PS4-3A881F242029,-35.01294327,138.63365173,5C:93:A2,6,wpa2,2018-04-21T20:00:00.000Z,2025-06-24T01:00:00.000Z,Adelaide,South Australia,AU,Upper Sturt Road,5052
5C:93:A2:3B:A1:D9,PS4-DAAC2954C7D4,32.96738052,-117.23649597,5C:93:A2,8,wpa2,2024-12-31T17:00:00.000Z,2026-07-27T17:00:00.000Z,San Diego,CA,US,El Camino Real,92014
5C:93:A2:3B:AA:15,PS4-1584A8743A3A,52.82784271,-1.42826462,5C:93:A2,6,wpa2,2015-11-05T23:00:00.000Z,2026-07-20T16:00:00.000Z,South Derbyshire,England,GB,Queensway,DE73 8FE
5C:93:A2:3B:B4:ED,PS4-AB83351B1B06,51.42016983,-0.18576755,5C:93:A2,4,wpa2,2025-06-30T12:00:00.000Z,2025-08-26T03:00:00.000Z,London Borough of Merton,England,GB,Woburn Close,SW19 1BU
5C:93:A2:3B:DE:E3,,34.08487701,-117.61627197,5C:93:A2,9,none,2026-08-20T13:00:00.000Z,2026-08-20T19:00:00.000Z,Ontario,CA,US,6th Street,91764
5C:93:A2:3B:E7:ED,PS4-A30E1B55E696,60.21566772,25.09749222,5C:93:A2,5,wpa2,2022-03-11T18:00:00.000Z,2025-10-03T06:00:00.000Z,Helsinki,Manner-Suomi,FI,Rantakartanontie,00910
5C:93:A2:3B:F1:2B,PS4-29654264EAE3,50.69263077,11.59506798,5C:93:A2,13,wpa2,2025-05-10T10:00:00.000Z,2025-07-09T10:00:00.000Z,,Thüringen,DE,Edwin-Hörnle-Weg,07381
5C:93:A2:3C:09:F5,PS4-70FCAB130DA3,51.47398376,-0.09478933,5C:93:A2,1,wpa2,2024-09-22T18:00:00.000Z,2025-10-12T07:00:00.000Z,London,England,GB,Warner Road,SE5 9LU
5C:93:A2:3C:21:59,PS4-1637B4A74111,3.00444937,101.53458405,5C:93:A2,1,wpa2,2024-12-22T05:00:00.000Z,2024-12-21T21:00:00.000Z,Shah Alam,Selangor,MY,Persiaran Anggerik Vanilla,40460
5C:93:A2:3C:31:C9,PS4-C6467C9B86F9,-32.86161423,151.70509338,5C:93:A2,10,wpa2,2018-07-30T16:00:00.000Z,2026-08-12T20:00:00.000Z,Newcastle,New South Wales,AU,Maitland Road,2307
5C:93:A2:3C:41:45,PS4-E7E333EF358A,49.7036972,8.32055759,5C:93:A2,11,wpa2,2026-08-29T10:00:00.000Z,2026-08-29T04:00:00.000Z,Osthofen,Rheinland-Pfalz,DE,Friedrich-Ebert-Straße,67574
5C:93:A2:3C:4C:A7,PS4-DE0198DB2363,-26.89987755,-49.0609436,5C:93:A2,5,wpa2,2026-06-24T22:00:00.000Z,2026-08-25T21:00:00.000Z,Blumenau,Santa Catarina,BR,Rua das Missões,89051-001
5C:93:A2:3C:50:D7,PS4-F04A46A34A3F,52.65720367,-8.62766075,5C:93:A2,1,wpa2,2026-07-09T12:00:00.000Z,2026-07-09T06:00:00.000Z,Limerick,Munster,IE,,V94 23T8
5C:93:A2:3C:63:DF,PS4-41258F85B930,-37.83173752,145.02104187,5C:93:A2,7,wpa2,2025-08-24T08:00:00.000Z,2025-08-24T07:00:00.000Z,Melbourne,Victoria,AU,Main Yarra Trail Capital City Trail,3121
5C:93:A2:3C:64:5B,PS4-6FE43FFD0FAD,51.59168243,0.02799625,5C:93:A2,10,wpa2,2023-08-17T17:00:00.000Z,2024-09-28T06:00:00.000Z,London,England,GB,George Lane,E18 1JJ
5C:93:A2:3C:6E:C1,PS4-F671DE959076,-34.60905075,-58.37960815,5C:93:A2,6,wpa2,2026-06-04T01:00:00.000Z,2026-06-03T18:00:00.000Z,Buenos Aires,Ciudad Autónoma de Buenos Aires,AR,Avenida de Mayo,1084
5C:93:A2:3C:7D:B1,PS4-C6C6C2CCE2A2,59.91721725,30.35699844,5C:93:A2,9,unknown,2026-04-05T16:00:00.000Z,2026-04-05T10:00:00.000Z,Санкт-Петербург,Санкт-Петербург,RU,улица Черняховского,191119
5C:93:A2:3C:86:E5,PS4-E77174D6D9A6,35.66008377,139.69020081,5C:93:A2,9,wpa2,2026-04-23T07:00:00.000Z,2026-04-23T02:00:00.000Z,渋谷区,松濤二丁目,JP,,150-0045
5C:93:A2:3C:9B:7D,PS4-DB614C1E4CB4,29.40615654,-95.06430817,5C:93:A2,11,wpa2,2026-03-28T16:00:00.000Z,2026-03-28T12:00:00.000Z,,TX,US,Lago Crossing,77539-9332
5C:93:A2:3C:9C:FD,PS4-F7D57E16248E,51.38825607,-0.57720858,5C:93:A2,9,wpa2,2025-03-11T12:00:00.000Z,2025-04-09T09:00:00.000Z,Runnymede,England,GB,Trumps Green Road,GU25 4HT
5C:93:A2:3C:A6:CD,PS4-10DE56D6A8CF,49.45751572,11.00879765,5C:93:A2,1,wpa2,2026-06-05T14:00:00.000Z,2026-08-14T14:00:00.000Z,Fürth,Bayern,DE,Waldstraße,90763
5C:93:A2:3C:AF:21,PS4-039ADCF35C36,-37.87697601,145.23429871,5C:93:A2,4,wpa2,2017-12-13T18:00:00.000Z,2025-07-08T15:00:00.000Z,Melbourne,Victoria,AU,High Street Road,3152
5C:93:A2:3C:C6:3F,PS4-60F6B5A3AFDF,35.62023544,139.71949768,5C:93:A2,6,wpa2,2022-12-08T15:00:00.000Z,2025-10-11T01:00:00.000Z,品川区,西五反田七丁目,JP,第二京浜,141-0031
5C:93:A2:3C:CE:5B,PS4-A6B46071E365,48.6601944,2.32932472,5C:93:A2,6,wpa2,2025-03-29T12:00:00.000Z,2025-03-29T07:00:00.000Z,Villemoisson-sur-Orge,Île-de-France,FR,Allée du Bocage,91360
5C:93:A2:3C:DF:E1,PS4-79DE5AD63116,33.5960083,-117.19110107,5C:93:A2,10,wpa2,2019-01-01T13:00:00.000Z,2024-11-11T22:00:00.000Z,Murrieta,CA,US,Clinton Keith Road,92562
5C:93:A2:3C:E4:31,PS4-3364A983E9AE,35.12973785,138.92506409,5C:93:A2,6,wpa2,2026-04-06T02:00:00.000Z,2026-04-06T00:00:00.000Z,三島市,静岡県,JP,,411-0000
5C:93:A2:3C:E9:1B,PS4-7B6D419845B2,53.25013351,50.2039032,5C:93:A2,7,unknown,2024-12-09T08:00:00.000Z,2025-12-09T03:00:00.000Z,Самара,Самарская область,RU,Ново-Вокзальная улица,443029
5C:93:A2:3C:F6:93,PS4-86131FB97DDC,49.77155685,18.43839645,5C:93:A2,8,wpa2,2025-02-22T20:00:00.000Z,2025-02-28T12:00:00.000Z,Havířov,Moravskoslezsko,CZ,Na Nábřeží,73601
5C:93:A2:3C:F7:71,PS4-9AB212F15FD9,47.48271942,7.54566145,5C:93:A2,8,wpa2,2025-01-01T15:00:00.000Z,2025-01-01T09:00:00.000Z,,Basel-Landschaft,CH,Hauptstrasse,4107
5C:93:A2:3C:F8:39,PS4-5E122C8D1274,34.79885101,135.80731201,5C:93:A2,6,wpa2,2025-04-05T01:00:00.000Z,2025-04-04T18:00:00.000Z,,京都府,JP,上狛城陽線,610-0302
5C:93:A2:3D:09:17,PS4-4887C27CD7A7,34.0908432,-118.30236816,5C:93:A2,6,wpa2,2024-05-27T14:00:00.000Z,2025-05-14T14:00:00.000Z,Los Angeles,CA,US,Santa Monica Boulevard,90029-2631
5C:93:A2:3D:2B:FB,PS4-EB7FDE855D05,37.07413864,-8.10739422,5C:93:A2,2,wpa2,2024-06-06T18:00:00.000Z,2025-01-17T11:00:00.000Z,Quarteira,Faro,PT,,8125-256 QUARTEIRA
5C:93:A2:3D:33:37,PS4-65BAFBC543A4,47.08862686,-122.20148468,5C:93:A2,1,wpa2,2025-01-25T04:00:00.000Z,2026-06-03T09:00:00.000Z,,WA,US,Balmer Street Southwest,98360
5C:93:A2:3D:37:7B,PS4-0376BA4AF92C,35.76291275,139.32113647,5C:93:A2,11,wpa2,2022-10-22T13:00:00.000Z,2025-05-05T23:00:00.000Z,羽村市,五ノ神三丁目,JP,,205-0013
5C:93:A2:3D:37:BB,PS4-66101916B8ED,36.02974701,139.53497314,5C:93:A2,6,wpa2,2025-10-01T01:00:00.000Z,2025-09-30T19:00:00.000Z,北本市,埼玉県,JP,,364-0006
5C:93:A2:3D:3F:2D,PS4-C0FD2AC12069,53.01128769,18.61876678,5C:93:A2,6,wpa2,2025-01-18T10:00:00.000Z,2025-07-04T02:00:00.000Z,Toruń,województwo kujawsko-pomorskie,PL,Plac 18 Stycznia,87-100
5C:93:A2:3D:40:C3,PS4-97FA3246E65E,51.1845932,6.45718622,5C:93:A2,6,wpa2,2024-11-07T07:00:00.000Z,2025-12-05T18:00:00.000Z,Mönchengladbach,Nordrhein-Westfalen,DE,Grevenbroicher Straße,41065
5C:93:A2:3D:44:29,PS4-B3F54BC75F55,36.13394547,-115.06667328,5C:93:A2,6,wpa2,2024-10-10T18:00:00.000Z,2024-10-10T12:00:00.000Z,,NV,US,Happy Valley Avenue,89121-2510
5C:93:A2:3D:48:F1,PS4-0454D52564E5,52.50165939,13.42666912,5C:93:A2,1,wpa2,2026-08-01T14:00:00.000Z,2026-08-01T07:00:00.000Z,Berlin,Luisenstadt,DE,Waldemarstraße,10997
5C:93:A2:3D:53:4F,PS4-788668E056C9,41.64442444,-91.52784729,5C:93:A2,6,wpa2,2025-05-06T15:00:00.000Z,2025-05-06T09:00:00.000Z,Iowa City,IA,US,Highway 6 East,52240
5C:93:A2:3D:58:FD,PS4-AB8E3418DFFC,51.87682343,4.51708412,5C:93:A2,11,wpa2,2025-07-30T19:00:00.000Z,2025-07-30T12:00:00.000Z,Rotterdam,Zuid-Holland,NL,Spinozaweg,3076
5C:93:A2:3D:65:61,PS4-480FB59D7B30,29.52302361,-98.48108673,5C:93:A2,1,wpa2,2026-03-25T20:00:00.000Z,2026-03-26T20:00:00.000Z,San Antonio,TX,US,McAllister Freeway,78216
5C:93:A2:3D:68:B3,PS4-BB2DF883C11F,32.56415939,-111.33517456,5C:93:A2,4,wpa2,2026-02-27T11:00:00.000Z,2026-04-10T19:00:00.000Z,,AZ,US,Treasure Road,85145
5C:93:A2:3D:6F:0F,PS4-16B16874AB17,-37.85739899,144.99143982,5C:93:A2,2,wpa2,2025-07-15T22:00:00.000Z,2025-08-04T19:00:00.000Z,Melbourne,Victoria,AU,Queens Way,3182
5C:93:A2:3D:73:AF,PS4-37D5FD4D5EA6,43.54177475,-96.74874115,5C:93:A2,1,wpa2,2024-11-10T04:00:00.000Z,2025-09-19T23:00:00.000Z,Sioux Falls,SD,US,South Hawthorne Avenue,57115
5C:93:A2:3D:7C:CD,PS4-3CE820447667,35.72558212,139.27166748,5C:93:A2,6,wpa2,2025-12-28T08:00:00.000Z,2025-12-28T02:00:00.000Z,あきる野市,渕上,JP,五日市街道,197-0834
5C:93:A2:3D:9F:EF,PS4-16BACAE793CA,33.88791656,-118.23928833,5C:93:A2,6,wpa2,2024-12-09T21:00:00.000Z,2024-12-09T14:00:00.000Z,,CA,US,South Kemp Avenue,90220
5C:93:A2:3D:A0:E3,PS4-4B3C89F71590,38.70407104,-93.25809479,5C:93:A2,6,wpa2,2025-12-17T14:00:00.000Z,2025-12-19T23:00:00.000Z,Sedalia,MO,US,Kay Avenue,65301
5C:93:A2:3D:A3:3B,PS4-8CFF6AF9B87F,33.91405106,-118.15927124,5C:93:A2,1,wpa2,2024-12-20T20:00:00.000Z,2024-12-20T15:00:00.000Z,South Gate,CA,US,Paramount Boulevard,90723
5C:93:A2:3D:A9:8F,PS4-CFB00CC80CA5,37.78647232,-122.22173309,5C:93:A2,11,wpa2,2025-02-15T00:00:00.000Z,2025-02-14T16:00:00.000Z,Oakland,CA,US,Fruitvale Avenue,94601
5C:93:A2:3D:AB:53,PS4-58A6A85D87E0,37.65422058,-122.09998322,5C:93:A2,2,wpa2,2023-10-30T23:00:00.000Z,2026-06-14T22:00:00.000Z,Hayward,CA,US,Nimitz Freeway,94545
5C:93:A2:3D:DE:63,PS4-1DEA09B6554B,32.22873306,-110.77277374,5C:93:A2,1,wpa2,2025-08-09T13:00:00.000Z,2025-08-25T08:00:00.000Z,Tucson,AZ,US,North Houghton Road,85748
5C:93:A2:3D:E6:57,PS4-DD09BE566871,38.97312164,-94.46504211,5C:93:A2,11,wpa2,2023-04-11T17:00:00.000Z,2024-10-20T08:00:00.000Z,Raytown,MO,US,South Raytown Road,64134
5C:93:A2:3D:E7:CD,PS4-DD168043924F,48.19707108,16.35943031,5C:93:A2,11,wpa2,2023-09-26T22:00:00.000Z,2025-09-13T05:00:00.000Z,Wien,Freihausviertel,AT,Mühlgasse,1040
5C:93:A2:3D:F8:A1,PS4-9AEFF04D7FAC,28.57414246,-81.44629669,5C:93:A2,1,wpa2,2025-09-13T16:00:00.000Z,2025-11-15T20:00:00.000Z,,FL,US,Betty Sue Terrace,32808
5C:93:A2:3D:F9:0B,,30.34045029,-97.70158386,5C:93:A2,6,none,2026-09-01T19:00:00.000Z,2026-09-01T19:00:00.000Z,Austin,TX,US,US 183,78752
5C:93:A2:3E:05:1F,PS4-46E964D2C0EE,32.78363037,130.73022461,5C:93:A2,6,wpa2,2025-12-14T03:00:00.000Z,2025-12-13T20:00:00.000Z,熊本市,熊本県,JP,,860-8601
5C:93:A2:3E:06:5D,PS4-1307E5B650BC,33.74341202,-117.86512756,5C:93:A2,5,wpa2,2025-01-28T20:00:00.000Z,2025-01-28T16:00:00.000Z,Santa Ana,CA,US,East Pine Street,92701
5C:93:A2:3E:0A:27,PS4-F00ED75B441E,39.08714294,-84.44869995,5C:93:A2,6,wpa2,2019-12-17T16:00:00.000Z,2025-10-08T15:00:00.000Z,,KY,US,North Fort Thomas Avenue,41075
5C:93:A2:3E:0F:4B,PS4-839D158EBF35,40.20627213,-8.40268421,5C:93:A2,6,wpa2,2026-02-12T17:00:00.000Z,2026-03-02T14:00:00.000Z,Santo António dos Olivais,Coimbra,PT,Rua Infanta Dona Maria,3030-330
5C:93:A2:3E:4C:F3,PS4-D557CDA80FFA,33.9816246,-118.24837494,5C:93:A2,6,wpa2,2024-11-13T14:00:00.000Z,2024-11-13T13:00:00.000Z,Los Angeles,CA,US,East 64th Street,90001
5C:93:A2:3E:51:B9,PS4-89F755643AA6,39.00483704,-94.28682709,5C:93:A2,6,wpa2,2020-05-21T20:00:00.000Z,2024-11-10T08:00:00.000Z,Blue Springs,MO,US,Southwest 19th Street,64015
5C:93:A2:3E:53:B3,PS4-6F31CEAD0E79,29.99293709,-95.44610596,5C:93:A2,9,wpa2,2026-08-13T16:00:00.000Z,2026-08-13T17:00:00.000Z,,TX,US,West Richey Road,77090
5C:93:A2:3E:55:ED,PS4-9DAEF7C3EB38,33.4655571,-117.07538605,5C:93:A2,2,wpa2,2024-11-09T00:00:00.000Z,2024-11-08T17:00:00.000Z,,CA,US,Zander Court,92592
5C:93:A2:3E:60:25,PS4-A500CEC72606,34.12156677,-117.62398529,5C:93:A2,1,wpa2,2026-08-13T21:00:00.000Z,2026-08-28T21:00:00.000Z,,CA,US,16th Street,91701
5C:93:A2:3E:66:A9,PS4-00FE91BF1F78,44.77904129,-93.33716583,5C:93:A2,1,wpa2,2026-08-22T19:00:00.000Z,2026-08-22T14:00:00.000Z,,MN,US,MN 13,55378
5C:93:A2:3E:6A:93,PS4-887F2B174F69,34.70131683,135.1920929,5C:93:A2,13,wpa2,2017-10-09T15:00:00.000Z,2025-02-01T01:00:00.000Z,神戸市,兵庫県,JP,不動坂 (Fudo saka),650-0002
5C:93:A2:3E:6B:1D,PS4-C2E320BB7E98,35.34346771,136.40179443,5C:93:A2,8,wpa2,2025-05-05T07:00:00.000Z,2025-11-15T00:00:00.000Z,米原市,滋賀県,JP,中山道,521-0243
5C:93:A2:3E:7F:8D,PS4-8769425A15BF,35.1004715,139.0756073,5C:93:A2,11,wpa2,2026-02-18T03:00:00.000Z,2026-05-11T08:00:00.000Z,熱海市,静岡県,JP,,413-0005
5C:93:A2:3E:81:B3,PS4-743171B98D37,43.05348587,141.3429718,5C:93:A2,6,wpa2,2026-07-24T08:00:00.000Z,2026-07-24T02:00:00.000Z,札幌市,石狩振興局,JP,,064-0806
5C:93:A2:3E:8B:51,PS4-1182A629DC6B,35.71674347,139.56336975,5C:93:A2,6,wpa2,2024-11-29T01:00:00.000Z,2024-11-28T17:00:00.000Z,武蔵野市,緑町,JP,,180-0012
5C:93:A2:3E:8B:65,PS4-FD0BB0547D73,59.89102173,29.10020447,5C:93:A2,1,unknown,2026-08-09T14:00:00.000Z,2026-08-09T11:00:00.000Z,,Ленинградская область,RU,Пионерская улица,188544
5C:93:A2:3E:8D:87,PS4-D5FDD140F866,50.2648201,-5.05602837,5C:93:A2,1,wpa2,2022-07-30T10:00:00.000Z,2025-11-04T02:00:00.000Z,Truro,England,GB,Union Street,TR1 3AJ
5C:93:A2:3E:9E:9F,PS4-2F4027BA08C4,43.090065,141.50839233,5C:93:A2,6,wpa2,2025-05-15T23:00:00.000Z,2025-05-17T06:00:00.000Z,江別市,石狩振興局,JP,道央自動車道,069-0867
5C:93:A2:3E:B3:2F,PS4-306B23F3AE56,-34.62263107,-58.50544357,5C:93:A2,2,wpa2,2018-04-14T13:00:00.000Z,2026-02-28T20:00:00.000Z,Buenos Aires,Ciudad Autónoma de Buenos Aires,AR,Bermúdez,C1407GPO
5C:93:A2:3E:C2:F9,PS4-02713A149521,38.9685936,-94.64899445,5C:93:A2,6,wpa2,2024-04-22T02:00:00.000Z,2025-02-15T05:00:00.000Z,,KS,US,Nall Avenue,66085
5C:93:A2:3E:C4:01,PS4-3E7BE770BF16,37.37556839,-121.87462616,5C:93:A2,6,wpa2,2026-07-24T17:00:00.000Z,2026-07-24T11:00:00.000Z,San Jose,CA,US,Lundy Avenue,95131
5C:93:A2:3E:C5:21,PS4-BF2DE94BCC0E,35.64081192,139.72042847,5C:93:A2,1,wpa2,2018-07-03T12:00:00.000Z,2025-02-03T08:00:00.000Z,港区,白金台五丁目,JP,,???????
5C:93:A2:3E:DC:9D,PS4-815E37F462D9,34.81205368,-82.6945343,5C:93:A2,11,wpa2,2025-03-17T01:00:00.000Z,2025-03-16T19:00:00.000Z,,SC,US,Moorefield Memorial Highway,29657
5C:93:A2:3E:DF:C3,PS4-A04E9668C88A,33.48646164,-112.02482605,5C:93:A2,6,wpa2,2018-11-24T23:00:00.000Z,2025-03-08T21:00:00.000Z,Phoenix,AZ,US,North 26th Place,85034
5C:93:A2:3E:E3:75,PS4-86638585518D,48.9176178,2.36254311,5C:93:A2,11,wpa2,2025-09-17T10:00:00.000Z,2025-09-17T05:00:00.000Z,Saint-Denis,Île-de-France,FR,Impasse Duchefdelaville,93210
5C:93:A2:3E:EC:49,PS4-3B2994F15AF8,35.68239594,139.682724,5C:93:A2,6,wpa2,2024-10-19T06:00:00.000Z,2025-04-06T01:00:00.000Z,渋谷区,本町二丁目,JP,角筈和泉町線,151-0071
5C:93:A2:3E:EC:53,PS4-C11014B5D679,43.0568428,141.37333679,5C:93:A2,6,wpa2,2024-09-30T08:00:00.000Z,2024-09-30T17:00:00.000Z,札幌市,石狩振興局,JP,南1条通,003-0802
5C:93:A2:3E:F6:99,PS4-50477F5E4021,-29.18404007,-51.2164917,5C:93:A2,5,wpa2,2025-05-15T01:00:00.000Z,2025-05-14T19:00:00.000Z,Caxias do Sul,Rio Grande do Sul,BR,Rua Benjamin Custódio de Oliveira,95110-195
5C:93:A2:3E:F8:67,PS4-327751DD4903,29.74894333,-90.82413483,5C:93:A2,6,wpa2,2024-09-28T18:00:00.000Z,2024-09-28T14:00:00.000Z,,LA,US,North Main Project Road,70301
5C:93:A2:3F:0D:BD,PS4-E5EABC175F00,34.27313614,-118.42595673,5C:93:A2,11,wpa2,2018-06-01T02:00:00.000Z,2025-03-08T20:00:00.000Z,Los Angeles,CA,US,Paxton Street,91331-2536
5C:93:A2:3F:18:2D,PS4-8E78617A4AF3,32.57518768,-117.10553741,5C:93:A2,9,wpa2,2026-06-20T04:00:00.000Z,2026-06-19T21:00:00.000Z,,CA,US,13th Street,91932
5C:93:A2:3F:2A:A9,PS4-E08453A8DD24,34.16083908,-84.16791534,5C:93:A2,10,wpa2,2026-05-11T12:00:00.000Z,2026-05-11T06:00:00.000Z,,GA,US,Georgia 400,30041
5C:93:A2:3F:2B:D7,PS4-59550758D64C,51.17028046,4.45533228,5C:93:A2,12,wpa2,2026-01-18T18:00:00.000Z,2026-01-22T07:00:00.000Z,,Antwerpen,BE,Statielei,2640
5C:93:A2:3F:67:F5,PS4-3ADF9F379A33,-41.3089447,174.79763794,5C:93:A2,13,wpa2,2024-10-13T02:00:00.000Z,2024-10-12T20:00:00.000Z,Wellington,Wellington,NZ,Evans Bay Parade,6021
5C:93:A2:3F:83:5F,PS4-9A87C607C9B4,32.28487015,-110.95110321,5C:93:A2,6,wpa2,2025-07-22T01:00:00.000Z,2025-07-21T21:00:00.000Z,Tucson,AZ,US,East Prospect Lane,85718-7631
5C:93:A2:3F:8A:3B,PS4-D78323267D42,35.13071823,-106.55664062,5C:93:A2,6,wpa2,2026-05-14T23:00:00.000Z,2026-08-27T18:00:00.000Z,Albuquerque,NM,US,Montgomery Boulevard Northeast,87191
5C:93:A2:3F:A8:4F,PS4-A58E648E63CC,51.45003128,-0.21923544,5C:93:A2,11,wpa2,2026-02-20T02:00:00.000Z,2026-03-23T21:00:00.000Z,London Borough of Wandsworth,England,GB,A3,SW19 6RW
5C:93:A2:3F:B1:C1,PS4-F23FAD3A4927,37.22927094,-120.36647034,5C:93:A2,1,wpa2,2024-11-17T00:00:00.000Z,2024-11-16T17:00:00.000Z,,CA,US,Le Grand Road,95341
5C:93:A2:3F:C8:F9,PS4-5565725C0280,39.31466675,-82.10571289,5C:93:A2,1,wpa2,2022-06-05T15:00:00.000Z,2025-04-06T12:00:00.000Z,,OH,US,Richland Avenue,45701
5C:93:A2:3F:D7:65,,34.28184891,-118.77854156,5C:93:A2,4,none,2026-08-15T11:00:00.000Z,2026-08-22T15:00:00.000Z,Simi Valley,CA,US,Ronald Reagan Freeway,93065-6278
5C:93:A2:3F:DD:23,PS4-55D79836BBD4,39.99430847,-76.99356079,5C:93:A2,11,wpa2,2026-02-13T13:00:00.000Z,2026-02-13T06:00:00.000Z,Washington Township,PA,US,Baltimore Pike,17019
5C:93:A2:3F:DE:7F,PS4-427E4AF1A760,48.227314,-122.08800507,5C:93:A2,1,wpa2,2024-11-20T19:00:00.000Z,2025-07-01T14:00:00.000Z,,WA,US,Oso Slide Memorial Highway,98223
5C:93:A2:3F:E9:9F,PS4-7A62FB3F6808,29.67177391,-95.49240875,5C:93:A2,4,wpa2,2026-06-23T14:00:00.000Z,2026-09-01T17:00:00.000Z,Houston,TX,US,Hillcroft Avenue,77085
5C:93:A2:3F:F0:1B,PS4-4B66B16CE1F4,32.82156754,-97.38178253,5C:93:A2,11,wpa2,2026-07-22T09:00:00.000Z,2026-07-22T20:00:00.000Z,Fort Worth,TX,US,Tosoro Circle,76106
5C:93:A2:3F:F3:B5,PS4-DB5688696D3A,42.64816284,-76.18088531,5C:93:A2,6,wpa2,2026-08-26T10:00:00.000Z,2026-08-27T16:00:00.000Z,,NY,US,Lora Lane,13077
5C:93:A2:40:08:6D,PS4-D6567A52ECFE,36.19646835,-115.2641983,5C:93:A2,1,wpa2,2024-03-08T19:00:00.000Z,2024-09-20T13:00:00.000Z,Las Vegas,NV,US,,89128-6634
5C:93:A2:40:0F:69,PS4-44FB150FB245,47.65852737,-117.15161896,5C:93:A2,6,wpa2,2025-08-09T23:00:00.000Z,2025-08-10T17:00:00.000Z,,WA,US,East Valleyway Court,99037-9510
5C:93:A2:40:1E:71,PS4-E63A865C0DC7,41.78390503,-87.59630585,5C:93:A2,11,wpa2,2016-07-06T12:00:00.000Z,2026-05-03T00:00:00.000Z,Chicago,IL,US,South Woodlawn Avenue,60637
5C:93:A2:40:33:AB,PS4-CCEE3A4B74B0,35.36883926,-118.92715454,5C:93:A2,6,wpa2,2024-08-27T19:00:00.000Z,2026-07-09T08:00:00.000Z,,CA,US,Pioneer Drive,93306
5C:93:A2:40:34:EB,PS4-5376985C6067,39.61683655,-77.41603088,5C:93:A2,1,wpa2,2025-02-07T21:00:00.000Z,2025-02-07T14:00:00.000Z,,MD,US,Frederick Road,21788
5C:93:A2:40:38:5F,PS4-195BA14D2C70,39.94373322,-83.15592194,5C:93:A2,6,wpa2,2026-08-13T11:00:00.000Z,2026-08-13T12:00:00.000Z,Columbus,OH,US,Galloway Road,43119
5C:93:A2:40:3D:43,PS4-EF1A3D78CC68,48.79114151,-1.39240098,5C:93:A2,11,wpa2,2026-08-26T14:00:00.000Z,2026-08-27T04:00:00.000Z,La Lucerne-d'Outremer,Normandie,FR,Rue de la Planche,50320
5C:93:A2:40:3E:F7,PS4-B9E4A51E7DFE,38.58108139,-121.49031067,5C:93:A2,6,wpa2,2023-12-16T21:00:00.000Z,2026-06-11T07:00:00.000Z,Sacramento,CA,US,12th Street,95814
5C:93:A2:40:58:71,PS4-14B19CAE4D2D,42.0007019,-83.30696869,5C:93:A2,6,wpa2,2026-03-23T00:00:00.000Z,2026-03-23T06:00:00.000Z,,MI,US,Swan Creek Road,48166
5C:93:A2:40:5F:29,PS4-AF31B29C6287,39.87923431,-75.32989502,5C:93:A2,6,wpa2,2019-01-17T07:00:00.000Z,2026-05-22T06:00:00.000Z,,PA,US,West Dupont Avenue,19078
5C:93:A2:40:60:0F,PS4-FAF3E3CFB9D8,48.37246704,-114.17734528,5C:93:A2,6,wpa2,2024-09-19T01:00:00.000Z,2024-09-28T03:00:00.000Z,,MT,US,7th Street East,59912
5C:93:A2:40:60:FD,PS4-D2BD88A3934D,41.05947495,-111.94946289,5C:93:A2,1,wpa2,2024-03-16T16:00:00.000Z,2025-09-13T11:00:00.000Z,Layton,UT,US,East Elm Street,84041
5C:93:A2:40:64:77,PS4-462FEC4A7401,53.04402924,8.91623497,5C:93:A2,6,wpa2,2023-12-19T08:00:00.000Z,2025-04-06T13:00:00.000Z,Bremen,Bremen,DE,Ortwisch,28307
5C:93:A2:40:75:F1,PS4-8DD079681726,46.75320053,23.56046104,5C:93:A2,10,wpa2,2025-07-16T07:00:00.000Z,2025-08-15T23:00:00.000Z,Cluj-Napoca,Cluj,RO,Strada Mehedinți,400680
5C:93:A2:40:77:61,PS4-986442686102,44.35774612,-69.14308929,5C:93:A2,11,wpa2,2024-12-29T19:00:00.000Z,2024-12-29T12:00:00.000Z,,ME,US,Lincolnville Avenue,04973
5C:93:A2:40:7D:11,PS4-B714971C554F,33.33018494,130.48294067,5C:93:A2,6,wpa2,2026-04-13T07:00:00.000Z,2026-06-14T23:00:00.000Z,久留米市,福岡県,JP,福岡県道145号江口長門石江島線,830-0023
5C:93:A2:40:83:21,PS4-18790736861E,42.4235878,-76.51540375,5C:93:A2,1,wpa2,2024-09-20T20:00:00.000Z,2024-09-26T05:00:00.000Z,,NY,US,Elmira Road,14850
5C:93:A2:40:84:1B,PS4-53C4D48CEC1B,39.53800964,-119.73669434,5C:93:A2,6,wpa2,2026-07-25T14:00:00.000Z,2026-07-25T07:00:00.000Z,,NV,US,Alley No 2,89341
5C:93:A2:40:84:7B,,30.633461,-97.66355133,5C:93:A2,0,unknown,2024-10-17T12:00:00.000Z,2024-10-17T15:00:00.000Z,,TX,US,East University Avenue,78626
5C:93:A2:40:90:9D,PS4-4F043027825D,34.60927582,135.56654358,5C:93:A2,6,wpa2,2024-09-16T00:00:00.000Z,2024-09-15T19:00:00.000Z,大阪市,大阪府,JP,大阪羽曳野線,5470021
5C:93:A2:40:96:53,PS4-E7D62E5D870F,49.59885025,6.12412214,5C:93:A2,1,wpa2,2026-09-03T17:00:00.000Z,2026-09-04T17:00:00.000Z,Luxembourg,Canton Luxembourg,LU,Rue de Hollerich,1741
5C:93:A2:40:98:C9,PS4-B606CF931285,49.28583145,7.07190847,5C:93:A2,1,wpa2,2025-02-15T14:00:00.000Z,2025-02-15T06:00:00.000Z,,Saarland,DE,Hochstraße,66280
5C:93:A2:40:B0:AD,PS4-5CDB2443477C,51.53852463,0.70779133,5C:93:A2,6,wpa2,2024-09-08T11:00:00.000Z,2024-09-08T11:00:00.000Z,Southend-on-Sea,England,GB,Ashburnham Road,SS1 1NX
5C:93:A2:40:D9:B1,PS4-AE7ECC0C0E30,33.77318192,-118.27323914,5C:93:A2,4,wpa2,2024-12-11T21:00:00.000Z,2024-12-28T14:00:00.000Z,Los Angeles,CA,US,West D Street,90744-4522
5C:93:A2:40:E0:DD,PS4-E244D1CDCACB,38.33688736,-85.65523529,5C:93:A2,10,wpa2,2026-06-20T15:00:00.000Z,2026-06-20T11:00:00.000Z,,IN,US,Old Salem Road,47130
5C:93:A2:40:E2:05,PS4-BC4DD69A42B3,41.05717087,-81.7974472,5C:93:A2,9,wpa2,2022-07-03T15:00:00.000Z,2025-01-09T01:00:00.000Z,,OH,US,Wadsworth Road,
5C:93:A2:40:EB:C7,PS4-A1B1BC6982AA,47.34804916,11.70648289,5C:93:A2,3,wpa2,2019-03-14T18:00:00.000Z,2025-03-01T13:00:00.000Z,,Tirol,AT,Innpromenade,6130
5C:93:A2:40:F1:61,PS4-1E29BD78CF65,30.47275162,-84.31110382,5C:93:A2,1,wpa2,2017-01-04T14:00:00.000Z,2024-12-19T17:00:00.000Z,Tallahassee,FL,US,Old Bainbridge Road,32303
5C:93:A2:40:F4:49,PS4-AE6978FA42B9,40.42831421,-3.71933389,5C:93:A2,6,wpa2,2025-10-22T12:00:00.000Z,2026-01-04T16:00:00.000Z,Madrid,Comunidad de Madrid,ES,Calle de Ferraz,28008
5C:93:A2:40:F7:2F,PS4-1DD590E53EDC,33.77695084,-118.26570129,5C:93:A2,6,wpa2,2024-12-11T21:00:00.000Z,2024-12-11T16:00:00.000Z,Los Angeles,CA,US,West F Street,90744-4522
5C:93:A2:40:FA:ED,PS4-BC44AE162CA8,38.91304398,-77.02407074,5C:93:A2,6,wpa2,2024-12-31T21:00:00.000Z,2024-12-31T16:00:00.000Z,Washington,DC,US,9th Street Northwest,20001
5C:93:A2:41:11:ED,PS4-8E465775116C,33.94139099,-84.30335236,5C:93:A2,11,wpa2,2023-01-13T22:00:00.000Z,2025-03-15T05:00:00.000Z,,GA,US,Tillingham Court,30338
5C:93:A2:41:20:4B,PS4-5B6CE955BF46,-25.33115387,-57.62671661,5C:93:A2,5,wpa2,2024-07-21T22:00:00.000Z,2024-10-06T09:00:00.000Z,Asunción,Distrito Capital de Paraguay,PY,Capitán Ezequiel D. Gonzalez,110705
5C:93:A2:41:23:B9,PS4-420466B5E6A3,35.61414337,-97.56546783,5C:93:A2,6,wpa2,2026-07-15T12:00:00.000Z,2026-07-15T09:00:00.000Z,Oklahoma City,OK,US,,73134
5C:93:A2:41:25:67,PS4-5F005154D298,36.27408981,-115.08061981,5C:93:A2,1,wpa2,2024-09-09T17:00:00.000Z,2024-09-19T13:00:00.000Z,North Las Vegas,NV,US,,89081
5C:93:A2:41:26:A5,PS4-D4C05EBD2443,47.50711823,-122.35042572,5C:93:A2,9,wpa2,2017-07-27T02:00:00.000Z,2024-12-21T18:00:00.000Z,,WA,US,Southwest 107th Street,98146
5C:93:A2:41:28:0B,PS4-7120987D6525,48.08901978,-121.99029541,5C:93:A2,10,wpa2,2025-07-24T22:00:00.000Z,2025-07-24T16:00:00.000Z,,WA,US,Quarry Road,98252
5C:93:A2:41:31:B7,PS4-CACA088AC57D,34.15044022,-118.38491058,5C:93:A2,11,wpa2,2024-07-13T23:00:00.000Z,2024-11-04T19:00:00.000Z,Los Angeles,CA,US,Moorpark Street,91604
5C:93:A2:41:39:A9,PS4-A3BAE0FA59F4,34.1131897,-118.2832489,5C:93:A2,11,wpa2,2024-11-20T19:00:00.000Z,2025-10-03T20:00:00.000Z,Los Angeles,CA,US,Nella Vista Avenue,90027-2526
5C:93:A2:41:49:91,PS4-2966F96EFB17,35.16457748,-101.8157196,5C:93:A2,9,wpa2,2020-08-08T18:00:00.000Z,2026-07-04T00:00:00.000Z,Amarillo,TX,US,Pine Street,79103
5C:93:A2:41:4E:07,PS4-EF0737EACE1F,41.58824158,-87.76156616,5C:93:A2,2,wpa2,2016-12-01T22:00:00.000Z,2025-07-20T11:00:00.000Z,,IL,US,167th Street,60477
5C:93:A2:41:57:4F,PS4-4D7D3523447B,36.25688171,-115.2440567,5C:93:A2,11,wpa2,2024-09-20T18:00:00.000Z,2026-02-14T09:00:00.000Z,Las Vegas,NV,US,Painted Canyon Court,89130
5C:93:A2:41:60:03,PS4-4CF4A7067985,51.02647781,13.79964638,5C:93:A2,6,wpa2,2024-12-30T16:00:00.000Z,2025-08-10T08:00:00.000Z,Dresden,Sachsen,DE,Rennplatzstraße,01237
5C:93:A2:41:63:55,PS4-16AB5913777A,47.73435974,-117.48137665,5C:93:A2,6,wpa2,2022-01-17T02:00:00.000Z,2024-12-18T17:00:00.000Z,Spokane,WA,US,West Indian Trail Road,99208
5C:93:A2:41:7F:49,PS4-0450B8A0FBB4,38.93930817,-76.91617584,5C:93:A2,1,wpa2,2025-10-27T20:00:00.000Z,2025-10-27T17:00:00.000Z,,MD,US,Annapolis Road,20710
5C:93:A2:41:84:23,PS4-851F861F7AAE,41.65881348,-83.55289459,5C:93:A2,11,wpa2,2015-10-04T11:00:00.000Z,2024-10-29T09:00:00.000Z,Toledo,OH,US,22nd Street,43624
5C:93:A2:41:A9:DD,,36.91107559,-121.74820709,5C:93:A2,6,none,2026-09-02T13:00:00.000Z,2026-09-02T15:00:00.000Z,Watsonville,CA,US,Grant Street,95076
5C:93:A2:41:B0:6B,PS4-6008421D29DB,51.16218567,71.40343475,5C:93:A2,11,wpa2,2025-05-06T08:00:00.000Z,2025-11-04T22:00:00.000Z,Астана,Астана,KZ,улица Кенесары,010000
5C:93:A2:41:C9:0B,,34.11942291,-117.75658417,5C:93:A2,6,none,2026-08-18T15:00:00.000Z,2026-08-18T21:00:00.000Z,La Verne,CA,US,Foothill Freeway,91750-2944
5C:93:A2:41:CF:C7,PS4-E40FAA504E2A,31.29097176,-92.4155426,5C:93:A2,6,wpa2,2026-08-05T23:00:00.000Z,2026-08-05T17:00:00.000Z,Alexandria,LA,US,3rd Street,71302
5C:93:A2:41:E3:C5,PS4-B13AB702D7A4,-29.79819298,-50.04305267,5C:93:A2,6,wpa2,2025-12-31T00:00:00.000Z,2025-12-30T17:00:00.000Z,,Rio Grande do Sul,BR,Rua Rio Camisas,95588-000
5C:93:A2:41:F5:33,PS4-064FB2EA81D2,38.65698242,-121.32961273,5C:93:A2,11,wpa2,2024-11-01T01:00:00.000Z,2024-10-31T22:00:00.000Z,,CA,US,Greenberry Drive,95608
5C:93:A2:42:11:3F,PS4-8207DF11F5B5,40.75261307,-75.61380768,5C:93:A2,6,wpa2,2026-06-02T18:00:00.000Z,2026-06-02T12:00:00.000Z,,PA,US,Willow Avenue,18080
5C:93:A2:42:12:7D,PS4-EAE79BAE5050,53.41010666,-2.93118715,5C:93:A2,11,wpa2,2024-04-25T18:00:00.000Z,2025-03-29T09:00:00.000Z,Liverpool,England,GB,Edge Lane,L7 9LG
5C:93:A2:42:2E:C3,PS4-0540CAF9E3C9,35.00205612,135.72903442,5C:93:A2,6,wpa2,2019-10-09T08:00:00.000Z,2026-08-30T02:00:00.000Z,京都市,京都府,JP,,615-0024
5C:93:A2:42:36:45,PS4-AE81221055F5,-25.53152275,-54.55079269,5C:93:A2,9,wpa2,2026-06-13T20:00:00.000Z,2026-06-20T19:00:00.000Z,Foz do Iguaçu,Paraná,BR,Avenida Pôr do Sol,85.857-620
5C:93:A2:42:38:09,PS4-70776E9D8915,41.54200363,-73.04502106,5C:93:A2,5,wep,2025-12-05T00:00:00.000Z,2025-12-19T15:00:00.000Z,Waterbury,CT,US,Charles Street,06708
5C:93:A2:42:3C:75,PS4-10E90BEF2234,40.61989975,-79.14196014,5C:93:A2,1,wpa2,2024-04-25T21:00:00.000Z,2024-10-27T12:00:00.000Z,,PA,US,South Walnut Street,15701
5C:93:A2:42:3F:5B,PS4-C8295525F570,40.79780197,-76.41345215,5C:93:A2,11,wpa2,2025-10-26T21:00:00.000Z,2025-10-26T18:00:00.000Z,,PA,US,North Oak Street,17851
5C:93:A2:42:3F:5F,PS4-E41C3B06DE6B,40.14936447,-76.58143616,5C:93:A2,11,wpa2,2023-02-04T13:00:00.000Z,2025-05-14T16:00:00.000Z,Elizabethtown Borough,PA,US,Groff Avenue,17022
5C:93:A2:42:3F:BB,PS4-399E1E0B6067,-37.66334152,145.0723114,5C:93:A2,5,wpa2,2021-12-15T19:00:00.000Z,2024-10-24T22:00:00.000Z,Melbourne,Victoria,AU,Plenty Road,3032
5C:93:A2:42:4A:7B,PS4-4819B3D1263D,43.04970169,141.34098816,5C:93:A2,8,wpa2,2026-04-25T08:00:00.000Z,2026-04-25T01:00:00.000Z,札幌市,石狩振興局,JP,,064-0811
5C:93:A2:42:4F:D9,PS4-B001D236AA66,48.31727982,-102.38768768,5C:93:A2,11,wpa2,2026-06-28T15:00:00.000Z,2026-06-28T15:00:00.000Z,,ND,US,2nd Avenue Southeast,
5C:93:A2:42:52:3D,PS4-C5C54E4BBB80,41.0879097,-112.05096436,5C:93:A2,4,wpa2,2024-11-28T01:00:00.000Z,2024-11-27T18:00:00.000Z,,UT,US,West 1875 South,84075
5C:93:A2:42:5C:7F,PS4-6CC1D935250A,32.99816895,-117.08783722,5C:93:A2,6,wpa2,2017-11-28T01:00:00.000Z,2024-10-18T10:00:00.000Z,San Diego,CA,US,Paseo Montanoso,92127
5C:93:A2:42:70:67,PS4-84FC64507AD3,33.45874405,-112.081604,5C:93:A2,6,wpa2,2025-04-26T05:00:00.000Z,2025-04-25T23:00:00.000Z,Phoenix,AZ,US,West Roosevelt Street,85003-1333
5C:93:A2:42:75:65,PS4-0A9D3C284F37,-34.81435013,138.67478943,5C:93:A2,4,wpa2,2025-02-10T10:00:00.000Z,2025-02-10T05:00:00.000Z,Adelaide,South Australia,AU,Noya Avenue,5092
5C:93:A2:42:7A:57,PS4-37B71E6DBDA6,-37.79278564,175.2409668,5C:93:A2,6,wpa2,2018-04-15T11:00:00.000Z,2025-10-08T21:00:00.000Z,,Waikato,NZ,Hazelwood Avenue,3204
5C:93:A2:42:7C:71,PS4-0154BAEA5EB5,33.92397308,-118.30898285,5C:93:A2,1,wpa2,2024-12-22T17:00:00.000Z,2024-12-22T17:00:00.000Z,Inglewood,CA,US,West 120th Street,90047
5C:93:A2:42:8E:F7,PS4-14FAF95B81D2,52.28611755,-0.59529996,5C:93:A2,6,wpa2,2024-03-20T18:00:00.000Z,2025-09-28T14:00:00.000Z,,England,GB,High Street South,NN10 0RA
5C:93:A2:42:96:57,PS4-09CABDD5811B,39.35919189,-78.01863098,5C:93:A2,6,wpa2,2026-04-10T06:00:00.000Z,2026-04-12T01:00:00.000Z,,WV,US,Marlowe Drive,25428
5C:93:A2:42:A4:A9,PS4-A33DD122AAAB,36.37095642,-94.3085556,5C:93:A2,6,wpa2,2026-07-18T19:00:00.000Z,2026-07-18T13:00:00.000Z,,AR,US,Queen Street,72719
5C:93:A2:42:A5:75,PS4-68746DA6E1A7,52.64938354,9.21497345,5C:93:A2,1,wpa2,2025-09-23T13:00:00.000Z,2025-09-23T12:00:00.000Z,,Niedersachsen,DE,Verdener Landstraße,31582
5C:93:A2:42:A8:D1,PS4-6B406379331A,30.33959389,-81.65471649,5C:93:A2,6,wpa2,2025-11-09T02:00:00.000Z,2025-11-08T21:00:00.000Z,Jacksonville,FL,US,Main Street,32206
5C:93:A2:42:A9:F1,PS4-E70ED6039A87,41.93647766,-79.64567566,5C:93:A2,11,wpa2,2024-06-13T19:00:00.000Z,2024-10-17T18:00:00.000Z,,PA,US,West Columbus Avenue,16407
5C:93:A2:42:B7:85,PS4-630AAE21B8B3,40.31880188,-80.59564972,5C:93:A2,6,wpa2,2026-08-19T15:00:00.000Z,2026-08-19T16:00:00.000Z,,WV,US,Main Street,26037
5C:93:A2:42:B8:87,PS4-7E49DA836A6F,39.35844803,-84.09191132,5C:93:A2,1,wpa2,2020-10-23T18:00:00.000Z,2024-11-08T15:00:00.000Z,,OH,US,US 22;SR 3,45113
5C:93:A2:42:C3:CF,PS4-9E9C4240E12D,4.67111397,-74.12614441,5C:93:A2,6,wpa2,2024-09-24T20:00:00.000Z,2024-09-24T14:00:00.000Z,Bogotá,Ferrocaja Fontibón,CO,Avenida Carrera 86,110911
5C:93:A2:42:CA:9D,PS4-EB351083FFDB,54.55858994,-1.18445408,5C:93:A2,6,wpa2,2025-01-16T16:00:00.000Z,2025-01-18T16:00:00.000Z,,England,GB,Carisbrooke Avenue,TS3 9QE
5C:93:A2:42:CB:1B,PS4-1ECD747CE0CA,-25.3017292,-57.60045242,5C:93:A2,11,wpa2,2026-03-18T10:00:00.000Z,2026-03-20T09:00:00.000Z,Asunción,Distrito Capital de Paraguay,PY,Felix de Azara,1590
5C:93:A2:42:D0:EB,PS4-D93FECC50254,36.63319778,-97.07588196,5C:93:A2,1,wpa2,2025-05-20T21:00:00.000Z,2025-05-24T10:00:00.000Z,,OK,US,US 177,
5C:93:A2:42:DC:37,PS4-8AE028BE9BC5,37.38061905,-121.95874786,5C:93:A2,6,wpa2,2015-05-30T18:00:00.000Z,2026-03-10T18:00:00.000Z,Santa Clara,CA,US,Bayshore Freeway,95054
5C:93:A2:42:DD:69,PS4-12C648F826B6,40.24597168,-111.66074371,5C:93:A2,11,wpa2,2018-04-14T19:00:00.000Z,2026-02-19T09:00:00.000Z,Provo,UT,US,West 880 North,84604
5C:93:A2:42:E1:2D,PS4-185044972CC0,55.84926224,-4.226336,5C:93:A2,6,wpa2,2024-09-11T12:00:00.000Z,2024-09-11T06:00:00.000Z,Glasgow,Alba / Scotland,GB,Orr Street,G40 2QH
5C:93:A2:42:E6:0F,PS4-A0833B032FE8,33.72388077,-84.322052,5C:93:A2,11,wpa2,2026-03-14T17:00:00.000Z,2026-03-14T12:00:00.000Z,,GA,US,,30317
5C:93:A2:42:F0:71,PS4-1075B95F5194,37.70907974,-122.46737671,5C:93:A2,1,wpa2,2019-03-13T11:00:00.000Z,2026-08-02T18:00:00.000Z,Daly City,CA,US,John F Foran Freeway,94132
5C:93:A2:42:F6:03,PS4-0D8BA5BA8152,39.06462097,-100.23856354,5C:93:A2,6,wpa2,2024-08-05T16:00:00.000Z,2026-08-28T17:00:00.000Z,,KS,US,West 8th Street,67752
5C:93:A2:43:0D:B1,PS4-490BCB41D72C,40.74038696,-74.17928314,5C:93:A2,11,wpa2,2025-04-20T23:00:00.000Z,2025-04-21T08:00:00.000Z,Newark,NJ,US,New Street,07102
5C:93:A2:43:12:1B,PS4-89688A37FDEB,41.76389694,-124.21392059,5C:93:A2,1,wpa2,2026-05-31T19:00:00.000Z,2026-08-27T15:00:00.000Z,,CA,US,McNamara Avenue,95531-4416
5C:93:A2:43:1F:5D,PS4-AC7F00CFB572,43.21627808,-123.38227844,5C:93:A2,11,wpa2,2025-02-19T17:00:00.000Z,2025-03-06T16:00:00.000Z,,OR,US,West Shenandoah Street,97471
5C:93:A2:43:28:57,PS4-D4508A3B9948,34.27455139,-118.68550873,5C:93:A2,11,wpa2,2023-11-15T00:00:00.000Z,2026-09-05T03:00:00.000Z,Simi Valley,CA,US,Springtime Cndo,93063
5C:93:A2:43:2C:FF,PS4-1C6C8F9D7942,47.61031723,-122.31578064,5C:93:A2,3,wpa2,2024-04-05T04:00:00.000Z,2025-01-15T11:00:00.000Z,Seattle,WA,US,East Marion Street,98122
5C:93:A2:43:40:23,PS4-4F3CD67535C1,33.42204666,-111.88787079,5C:93:A2,6,wpa2,2015-08-14T21:00:00.000Z,2025-03-08T20:00:00.000Z,Tempe,AZ,US,East University Drive,85201
5C:93:A2:43:42:6F,PS4-E15CBD091F3E,42.98062897,-84.11790466,5C:93:A2,6,wpa2,2025-12-09T01:00:00.000Z,2025-12-24T00:00:00.000Z,,MI,US,North Shiawassee Street,48817
5C:93:A2:43:64:3F,PS4-B128A72A7307,41.00657272,-74.1401825,5C:93:A2,6,wpa2,2026-01-12T17:00:00.000Z,2026-01-12T09:00:00.000Z,,NJ,US,Park Avenue,07432:07481
5C:93:A2:43:65:79,PS4-FC829EA32942,39.26189804,-94.55973053,5C:93:A2,6,wpa2,2026-05-31T00:00:00.000Z,2026-05-30T18:00:00.000Z,Kansas City,MO,US,Northeast 92nd Terrace,64155
5C:93:A2:43:6D:8B,PS4-4B1EF38CA87B,32.69261932,-97.12801361,5C:93:A2,6,wpa2,2026-07-17T13:00:00.000Z,2026-07-19T12:00:00.000Z,Arlington,TX,US,South Cooper Street,76015
5C:93:A2:43:6F:9B,PS4-4A5B0B5796DE,39.43344116,-84.21555328,5C:93:A2,1,wpa2,2024-02-01T23:00:00.000Z,2024-12-09T04:00:00.000Z,,OH,US,South West Street,45036
5C:93:A2:43:74:3F,,39.0320015,-82.06422424,5C:93:A2,6,none,2026-08-15T20:00:00.000Z,2026-08-15T19:00:00.000Z,,OH,US,SR 7;SR 124,45760
5C:93:A2:43:7D:0D,PS4-BEBC19571C33,41.45328903,-72.85668182,5C:93:A2,11,wpa2,2018-03-07T14:00:00.000Z,2025-12-24T03:00:00.000Z,,CT,US,Cook Hill Road,06492
5C:93:A2:43:82:D5,PS4-395AC91265A4,33.47305298,-112.19961548,5C:93:A2,11,wpa2,2025-10-08T15:00:00.000Z,2026-03-25T11:00:00.000Z,Phoenix,AZ,US,West Encanto Boulevard,85035
5C:93:A2:43:84:DD,PS4-19C2CACB5D51,33.50818253,-112.28785706,5C:93:A2,6,wpa2,2015-03-22T01:00:00.000Z,2025-03-08T20:00:00.000Z,Phoenix,AZ,US,West Camelback Road,85037
5C:93:A2:43:8A:77,PS4-E0492E42F39E,46.81171036,-96.87261963,5C:93:A2,6,wpa2,2026-03-27T12:00:00.000Z,2026-03-27T06:00:00.000Z,Fargo,ND,US,Bluestem Court South,58104-7203
5C:93:A2:43:91:09,PS4-B4A96D327FD6,-37.86310959,145.29660034,5C:93:A2,1,wpa2,2025-07-23T08:00:00.000Z,2025-07-25T21:00:00.000Z,Melbourne,Victoria,AU,Boronia Road,3154
5C:93:A2:43:BB:03,PS4-DE620073F30F,47.21037674,18.45809746,5C:93:A2,13,wpa2,2025-02-14T12:00:00.000Z,2026-03-04T05:00:00.000Z,Székesfehérvár,Közép-Dunántúl,HU,Pöstyéni utca,8000
5C:93:A2:43:CF:13,PS4-42951E1CB4B9,52.38483429,4.83747959,5C:93:A2,11,wpa2,2023-03-31T15:00:00.000Z,2025-08-30T13:00:00.000Z,Amsterdam,Noord-Holland,NL,Haarlemmerweg,1063CE
5C:93:A2:43:D5:73,PS4-2BAB8A61AC35,-27.42708206,153.00242615,5C:93:A2,6,wpa2,2024-07-18T12:00:00.000Z,2026-07-15T22:00:00.000Z,Brisbane City,Queensland,AU,Enoggera Road,4051
5C:93:A2:43:D9:15,PS4-EEE69078139E,54.32447433,9.68849182,5C:93:A2,6,wpa2,2025-09-20T17:00:00.000Z,2025-09-20T11:00:00.000Z,,Schleswig-Holstein,DE,Konrad-Adenauer-Straße,24782
5C:93:A2:43:DA:FD,PS4-209998BE5DAE,50.43697357,19.1397171,5C:93:A2,5,wpa2,2025-03-02T07:00:00.000Z,2025-03-02T03:00:00.000Z,,województwo śląskie,PL,Widokowa,42-460
5C:93:A2:44:03:ED,PS4-08499F0F3CA9,40.7897644,-73.94820404,5C:93:A2,1,wpa2,2025-04-10T23:00:00.000Z,2025-04-10T17:00:00.000Z,City of New York,NY,US,East 102nd Street,10029
5C:93:A2:44:11:39,PS4-79D7924FB0EE,35.02532196,-110.68215942,5C:93:A2,11,wpa2,2017-10-18T09:00:00.000Z,2025-03-09T06:00:00.000Z,,AZ,US,Purple Heart Trail,86047-4122
5C:93:A2:44:4A:69,PS4-A47519ED7A1A,48.80828857,2.48768425,5C:93:A2,6,wpa2,2024-11-23T00:00:00.000Z,2024-11-22T16:00:00.000Z,,Île-de-France,FR,Avenue Pierre Brossolette,94100
5C:93:A2:44:54:01,PS4-99DA501761D2,36.52842712,136.62313843,5C:93:A2,1,wpa2,2023-09-17T08:00:00.000Z,2025-06-09T18:00:00.000Z,野々市市,石川県,JP,,939-1600
5C:93:A2:44:62:4B,PS4-E2D7AF2E2E2E,46.21506119,6.12527323,5C:93:A2,1,wpa2,2025-09-04T19:00:00.000Z,2025-09-04T13:00:00.000Z,Genève,Genève,CH,Route de Meyrin,1211
5C:93:A2:44:93:9F,PS4-22BE02F6C6F9,51.50799179,0.0237393,5C:93:A2,6,wpa2,2017-02-26T12:00:00.000Z,2025-04-13T02:00:00.000Z,London,England,GB,Western Gateway,E16 1BD
5C:93:A2:44:A4:B3,PS4-9C95C2D2BECC,54.3057785,10.11959076,5C:93:A2,6,wpa2,2026-02-25T17:00:00.000Z,2026-09-04T07:00:00.000Z,Kiel,Schleswig-Holstein,DE,Hamburger Chaussee,24113
5C:93:A2:44:A4:D1,PS4-35792A9FE02D,47.50279999,7.56080103,5C:93:A2,6,wpa2,2024-11-06T17:00:00.000Z,2024-11-06T09:00:00.000Z,,Basel-Landschaft,CH,Baslerstrasse,4106
5C:93:A2:44:A7:8F,PS4-104E21B4B8FA,50.81193161,4.4275775,5C:93:A2,1,wpa2,2024-12-24T14:00:00.000Z,2025-04-09T09:00:00.000Z,,Région de Bruxelles-Capitale - Brussels Hoofdstedelijk Gewest,BE,Boulevard du Souverain - Vorstlaan,1160
5C:93:A2:44:CB:A3,PS4-17EB0E8DCC75,50.80571747,4.40651655,5C:93:A2,1,wpa2,2015-10-17T17:00:00.000Z,2025-03-16T06:00:00.000Z,,Région de Bruxelles-Capitale - Brussels Hoofdstedelijk Gewest,BE,Rue des Épicéas - Epiceastraat,1170
5C:93:A2:44:ED:09,PS4-883D88DE3792,47.57009888,7.59789991,5C:93:A2,1,wpa2,2017-12-27T17:00:00.000Z,2026-03-07T04:00:00.000Z,Basel,Basel-Stadt,CH,Riehenring,4058
5C:93:A2:44:F8:8B,PS4-1535C3AF2CF8,52.01129532,4.35966444,5C:93:A2,6,wpa2,2026-01-31T09:00:00.000Z,2026-02-07T05:00:00.000Z,Delft,Zuid-Holland,NL,Jacob Gerritstraat,2611ES
5C:93:A2:44:F8:A9,PS4-5F3AFE8AD26E,52.2765007,20.97997284,5C:93:A2,1,wpa2,2025-12-01T14:00:00.000Z,2025-12-01T07:00:00.000Z,Warszawa,województwo mazowieckie,PL,Adama Mickiewicza,01-625
5C:93:A2:45:35:D7,PS4-E36A7C47D8B0,48.31116104,14.28213692,5C:93:A2,6,wpa2,2025-08-18T06:00:00.000Z,2026-04-26T04:00:00.000Z,Linz,Oberösterreich,AT,Rudolfstraße,4040
5C:93:A2:45:7D:35,PS4-DA82C779FC02,55.97034836,37.16612625,5C:93:A2,6,unknown,2020-12-01T17:00:00.000Z,2024-09-15T07:00:00.000Z,Зеленоград,Москва,RU,Георгиевский проспект,124365
5C:93:A2:45:7D:AB,PS4-83C2B77FD6AB,55.17921448,30.22853088,5C:93:A2,6,wpa2,2025-12-25T16:00:00.000Z,2025-12-25T10:00:00.000Z,Витебск,Витебская область,BY,Смоленская улица,210029
5C:93:A2:45:C1:0D,PS4-B95C8C1275F4,39.97921753,-82.94464874,5C:93:A2,1,wpa2,2024-07-16T17:00:00.000Z,2024-11-06T22:00:00.000Z,Columbus,OH,US,North Nelson Road,43219
5C:93:A2:46:36:1B,PS4-63107E147EB6,68.79664612,16.53702927,5C:93:A2,1,wpa2,2025-04-22T09:00:00.000Z,2026-05-20T01:00:00.000Z,,Troms og Finnmark,NO,6. Divisjons gate,9406
5C:93:A2:46:56:33,PS4-CBB6AAA5D7FA,51.74979019,-1.2118572,5C:93:A2,1,wpa2,2026-02-12T07:00:00.000Z,2026-05-18T01:00:00.000Z,Oxford,England,GB,Roosevelt Drive,OX3 7DQ
5C:93:A2:46:63:C3,PS4-330F89189A60,34.80524826,137.44692993,5C:93:A2,6,wpa2,2026-08-10T23:00:00.000Z,2026-08-10T21:00:00.000Z,豊橋市,愛知県,JP,姫街道,442-0812
5C:93:A2:46:70:B5,PS4-B447DF792846,55.79597092,37.27049255,5C:93:A2,11,unknown,2024-09-14T12:00:00.000Z,2024-09-16T01:00:00.000Z,,Московская область,RU,Новорижское шоссе,143420
5C:93:A2:46:71:67,PS4-4C7AB1E0D2B7,51.01319504,13.81127834,5C:93:A2,11,wpa2,2026-08-12T19:00:00.000Z,2026-08-12T12:00:00.000Z,Dresden,Sachsen,DE,Breitscheidstraße,01237
5C:93:A2:46:CA:8D,PS4-34F0E3430176,35.72169495,139.75317383,5C:93:A2,4,wpa2,2018-07-16T12:00:00.000Z,2025-06-16T13:00:00.000Z,文京区,白山五丁目,JP,国道17号,113-0001
5C:93:A2:46:DC:7B,PS4-2EB72B75D6D2,47.4363327,9.40433407,5C:93:A2,6,wpa2,2025-03-01T09:00:00.000Z,2025-03-01T01:00:00.000Z,Sankt Gallen,Sankt Gallen,CH,Rorschacher Strasse,9006
5C:93:A2:46:EF:01,PS4-2E7EFDB5DFCC,-37.01105881,174.88534546,5C:93:A2,3,wpa2,2025-03-02T23:00:00.000Z,2025-03-06T22:00:00.000Z,Manurewa,Auckland,NZ,Browns Road,2102
5C:93:A2:47:06:3B,PS4-453997943747,47.51059723,19.06445503,5C:93:A2,6,wpa2,2023-10-11T17:00:00.000Z,2024-09-26T02:00:00.000Z,,Budapest,HU,Szondi utca,1067
5C:93:A2:47:06:C1,PS4-9DED88E9038E,47.55387497,7.58477688,5C:93:A2,6,wpa2,2024-11-04T07:00:00.000Z,2025-04-23T21:00:00.000Z,Basel,Basel-Stadt,CH,Leonhardsstrasse,4051
5C:93:A2:47:26:BD,PS4-DF7EA7191D2B,46.64545822,11.17891121,5C:93:A2,13,wpa2,2025-04-28T14:00:00.000Z,2025-04-28T08:00:00.000Z,,Trentino-Alto Adige/Südtirol,IT,Damiano-Chiesa-Straße - Via Damiano Chiesa,39012
5C:93:A2:47:35:2F,PS4-95599A22978E,50.10246658,14.47617245,5C:93:A2,1,wpa2,2025-12-01T07:00:00.000Z,2026-02-21T18:00:00.000Z,Hlavní město Praha,Praha,CZ,Sokolovská,18000
5C:93:A2:47:3D:F7,PS4-26EA0F09C5DA,35.6071434,139.520401,5C:93:A2,11,wpa2,2026-03-23T01:00:00.000Z,2026-03-23T00:00:00.000Z,川崎市,神奈川県,JP,,215-0003
5C:93:A2:47:6E:B3,PS4-EA13920314C7,40.56453323,140.48583984,5C:93:A2,6,wpa2,2025-03-15T07:00:00.000Z,2025-03-16T07:00:00.000Z,弘前市,青森県,JP,石川土手町線,036-8127
5C:93:A2:47:77:91,PS4-105A60CA3168,53.37887955,-3.01498246,5C:93:A2,6,wpa2,2026-01-03T11:00:00.000Z,2026-05-08T15:00:00.000Z,,England,GB,Union Street,CH41 9BW
5C:93:A2:47:7D:21,PS4-50E6E65707F2,35.35119247,136.79399109,5C:93:A2,2,wpa2,2026-06-12T08:00:00.000Z,2026-06-12T02:00:00.000Z,一宮市,愛知県,JP,,491-0132
5C:93:A2:47:97:4B,PS4-E171F1ABD277,45.49219894,9.22941113,5C:93:A2,1,wpa2,2017-05-22T20:00:00.000Z,2025-07-21T11:00:00.000Z,Milano,Lombardia,IT,Piazza Sire Raul,20127
5C:93:A2:47:98:25,PS4-72F4905A6266,51.30749512,12.32666206,5C:93:A2,11,wpa2,2022-04-10T00:00:00.000Z,2025-12-30T13:00:00.000Z,Leipzig,Sachsen,DE,Dieskaustraße,04249
5C:93:A2:47:AE:B9,PS4-82381857E0CA,52.37605667,5.23440075,5C:93:A2,6,wpa2,2016-10-26T15:00:00.000Z,2025-05-28T16:00:00.000Z,,Flevoland,NL,Veluwedreef,1325CX
5C:93:A2:47:C3:59,PS4-068580F6F7FD,48.67377472,15.17117786,5C:93:A2,1,wpa2,2026-03-25T13:00:00.000Z,2026-07-09T03:00:00.000Z,Gemeinde Zwettl-Niederösterreich,Niederösterreich,AT,B36,
5C:93:A2:47:C3:F9,PS4-65DB6B450A79,43.76576233,11.27483749,5C:93:A2,6,wpa2,2016-12-12T15:00:00.000Z,2026-07-17T12:00:00.000Z,Firenze,Toscana,IT,Lungarno del Tempio,50121
5C:93:A2:47:CE:AF,PS4-0394DEA743B5,43.77758408,7.50672817,5C:93:A2,11,wpa2,2026-03-31T09:00:00.000Z,2026-03-31T09:00:00.000Z,,Provence-Alpes-Côte d'Azur,FR,Rue du Vieux Château,06500
5C:93:A2:47:EA:9F,PS4-AFD03A0D069C,35.70228577,139.79695129,5C:93:A2,6,wpa2,2025-07-30T10:00:00.000Z,2025-08-10T23:00:00.000Z,墨田区,本所一丁目,JP,清澄通り,130-8644
5C:93:A2:47:F3:B1,PS4-94DCECF80D6C,35.60269928,139.71295166,5C:93:A2,1,wpa2,2022-05-31T18:00:00.000Z,2025-04-01T08:00:00.000Z,品川区,中延六丁目,JP,三間通り,142-0053
5C:93:A2:47:F6:01,PS4-DB93621F8375,35.69617462,139.68009949,5C:93:A2,6,wpa2,2023-02-03T12:00:00.000Z,2025-06-11T21:00:00.000Z,中野区,本町二丁目,JP,,164-8622
5C:93:A2:48:21:39,PS4-A40B217A4186,52.29165649,13.42017174,5C:93:A2,11,wpa2,2025-07-23T22:00:00.000Z,2025-08-12T06:00:00.000Z,,Brandenburg,DE,Seebadallee,15834
5C:93:A2:48:30:73,PS4-0BD92DCC6ADE,35.8669548,139.97900391,5C:93:A2,6,wpa2,2025-05-12T07:00:00.000Z,2025-05-17T03:00:00.000Z,柏市,千葉県,JP,,277-0841
5C:93:A2:48:38:53,PS4-21A1296F18F7,33.31939316,130.42669678,5C:93:A2,7,wpa2,2026-03-19T04:00:00.000Z,2026-03-28T01:00:00.000Z,,佐賀県,JP,坊所城島線,849-0101
5C:93:A2:48:53:73,PS4-AECA6FC1C35A,35.0537529,138.52763367,5C:93:A2,1,wpa2,2026-05-03T02:00:00.000Z,2026-05-02T22:00:00.000Z,静岡市,静岡県,JP,東海道,424-8701
5C:93:A2:48:61:73,PS4-0751DBCFEA06,47.49523163,19.06453896,5C:93:A2,6,wpa2,2025-03-16T09:00:00.000Z,2025-03-16T08:00:00.000Z,,Budapest,HU,Rákóczi út,1088
5C:93:A2:48:6D:AD,PS4-79C8F3654B76,-23.1850872,-49.39062881,5C:93:A2,6,wpa2,2026-05-16T10:00:00.000Z,2026-05-16T04:00:00.000Z,,São Paulo,BR,Avenida Vereador Eduardo Cassanho,18800-001
5C:93:A2:48:AE:43,PS4-4F03E89EE6CD,51.48659515,11.90815258,5C:93:A2,1,wpa2,2024-12-13T18:00:00.000Z,2024-12-15T04:00:00.000Z,,Sachsen-Anhalt,DE,Heidestraße,06126
5C:93:A2:48:B1:E7,PS4-E00952CF43B1,35.76615906,139.9981842,5C:93:A2,6,wpa2,2026-04-01T23:00:00.000Z,2026-04-02T02:00:00.000Z,鎌ケ谷市,千葉県,JP,船橋我孫子線,273-0102
5C:93:A2:48:B5:FB,PS4-13CF8A505DE8,34.72301865,137.71916199,5C:93:A2,1,wpa2,2025-09-02T04:00:00.000Z,2025-09-10T20:00:00.000Z,浜松市,静岡県,JP,,432-8011
5C:93:A2:48:B7:87,PS4-676DE2C00785,47.25224686,6.02741098,5C:93:A2,1,wpa2,2025-05-09T19:00:00.000Z,2026-02-24T04:00:00.000Z,Besançon,Bourgogne-Franche-Comté,FR,Rue du Docteur Émile Ledoux,25000
5C:93:A2:48:BE:6B,PS4-63405775A1CC,53.10344315,5.47185802,5C:93:A2,1,wpa2,2026-02-15T11:00:00.000Z,2026-02-15T07:00:00.000Z,,Fryslân,NL,Menno Simonsstraat,8748AK
5C:93:A2:48:C1:51,PS4-11D2E5A3B73D,35.12340164,136.93511963,5C:93:A2,11,wpa2,2017-02-09T12:00:00.000Z,2026-05-02T07:00:00.000Z,名古屋市,愛知県,JP,,467-0066
5C:93:A2:48:C9:B3,PS4-42FFF765E740,33.20595169,133.14257812,5C:93:A2,11,wpa2,2025-04-29T22:00:00.000Z,2025-05-04T00:00:00.000Z,,高知県,JP,国道56号,7860008
5C:93:A2:48:FE:07,PS4-3E0C6DA49B26,55.96621704,-3.17319202,5C:93:A2,11,wpa2,2025-04-15T14:00:00.000Z,2025-05-01T08:00:00.000Z,City of Edinburgh,Alba / Scotland,GB,Lorne Street,EH6 8JT
5C:93:A2:49:53:ED,PS4-3EABDDF76FF2,51.37505341,-0.07825847,5C:93:A2,6,wpa2,2015-10-18T15:00:00.000Z,2026-08-26T05:00:00.000Z,London,England,GB,Addiscombe Road,CR0 5DE
5C:93:A2:49:58:E9,PS4-86414E5C643C,60.22474289,24.9437294,5C:93:A2,6,wpa2,2026-07-17T19:00:00.000Z,2026-07-17T12:00:00.000Z,Helsinki,Manner-Suomi,FI,Puusuutarintie,00620
5C:93:A2:49:64:0B,PS4-68A02B72C9AC,54.868927,8.90980053,5C:93:A2,6,wpa2,2025-07-04T16:00:00.000Z,2025-07-05T00:00:00.000Z,Süderlügum,Schleswig-Holstein,DE,Osterstraße,25923
5C:93:A2:49:66:29,PS4-5C8039AB7638,51.10666656,17.12347984,5C:93:A2,6,wpa2,2025-07-04T16:00:00.000Z,2025-07-04T12:00:00.000Z,,województwo dolnośląskie,PL,Ameriga Vespucciego,51-505
5C:93:A2:49:99:0F,PS4-BD87900FF252,48.98654556,12.19810009,5C:93:A2,11,wpa2,2025-04-01T12:00:00.000Z,2025-04-01T08:00:00.000Z,Neutraubling,Bayern,DE,Bayerwaldstraße,93073
5C:93:A2:49:BE:BD,PS4-695576BCA737,48.20158386,16.3380928,5C:93:A2,8,wpa2,2025-11-27T17:00:00.000Z,2025-11-27T15:00:00.000Z,Wien,Schottenfeld,AT,Urban-Loritz-Platz,1070
5C:93:A2:49:DC:AD,PS4-D23350EEB5C8,51.23314667,5.36149025,5C:93:A2,3,wpa2,2019-02-27T12:00:00.000Z,2026-07-31T07:00:00.000Z,,Limburg,BE,Lutlommel,3920
5C:93:A2:49:E5:9B,,43.83435822,7.85238647,5C:93:A2,11,none,2026-08-23T16:00:00.000Z,2026-08-23T07:00:00.000Z,,Liguria,IT,Via Cristoforo Colombo,18011
5C:93:A2:49:ED:FD,PS4-329D84425F95,52.2681694,6.1424222,5C:93:A2,6,wpa2,2024-12-17T09:00:00.000Z,2024-12-17T08:00:00.000Z,Deventer,Overijssel,NL,Zwolseweg,7412AH
5C:93:A2:49:FC:99,PS4-6EF01785ACB9,50.9009285,10.55984402,5C:93:A2,6,wpa2,2022-10-27T17:00:00.000Z,2024-10-26T08:00:00.000Z,,Thüringen,DE,Bahnhofstraße,99880
5C:93:A2:49:FE:F3,PS4-3B416C5F35C9,54.51907349,18.53087044,5C:93:A2,13,wpa2,2020-05-23T20:00:00.000Z,2026-07-24T06:00:00.000Z,Gdynia,województwo pomorskie,PL,Podjazd,81-317
5C:93:A2:4A:13:AD,PS4-3C35B5F35B1A,51.02455521,6.90072393,5C:93:A2,11,wpa2,2026-01-02T14:00:00.000Z,2026-01-02T13:00:00.000Z,Köln,Nordrhein-Westfalen,DE,Kopenhagener Straße,50765
5C:93:A2:4A:16:29,PS4-67781DF63EF8,33.28052521,131.49476624,5C:93:A2,10,wpa2,2023-09-15T20:00:00.000Z,2025-07-13T02:00:00.000Z,別府市,大分県,JP,,874-0933
5C:93:A2:4A:27:57,PS4-12BD69F84CBA,52.97291183,-2.1067462,5C:93:A2,9,wpa2,2025-01-15T15:00:00.000Z,2025-01-18T04:00:00.000Z,Stoke-on-Trent,England,GB,Sandon Road,ST3 7DJ
5C:93:A2:4A:34:5D,PS4-8B561473DF77,53.4714241,9.83162785,5C:93:A2,10,wpa2,2023-07-02T20:00:00.000Z,2025-05-04T08:00:00.000Z,Hamburg,Neugraben-Fischbek,DE,Cuxhavener Straße,21149
5C:93:A2:4A:91:C3,PS4-DB1B429C3A24,50.21946335,8.23396969,5C:93:A2,13,wpa2,2025-11-17T16:00:00.000Z,2025-11-17T09:00:00.000Z,Idstein,Hessen,DE,Talstraße,65510
5C:93:A2:4A:B0:F5,PS4-1F7A82451A5D,50.32388306,11.91933441,5C:93:A2,7,wpa2,2025-07-01T13:00:00.000Z,2025-07-01T07:00:00.000Z,,Bayern,DE,Graben,95028
5C:93:A2:4A:C6:E7,PS4-375C70D6E500,34.66799164,135.17488098,5C:93:A2,6,wpa2,2025-04-29T04:00:00.000Z,2025-04-29T01:00:00.000Z,神戸市,兵庫県,JP,,652?0809
5C:93:A2:4A:D6:FB,PS4-99D384F568B3,50.55024719,8.48019123,5C:93:A2,6,wpa2,2025-06-11T11:00:00.000Z,2025-07-22T10:00:00.000Z,,Hessen,DE,Braunfelser Straße,35578
5C:93:A2:4A:DE:41,PS4-96D9754E5EBE,51.28421402,7.29131413,5C:93:A2,11,wpa2,2026-04-17T09:00:00.000Z,2026-04-17T04:00:00.000Z,,Nordrhein-Westfalen,DE,Bahnhofstraße,58332
5C:93:A2:4A:FA:95,PS4-DE773AB88184,40.63150024,22.9648056,5C:93:A2,4,wpa2,2025-05-13T21:00:00.000Z,2025-05-13T17:00:00.000Z,Δημοτική Ενότητα Θεσαλονίκης,Αποκεντρωμένη Διοίκηση Μακεδονίας - Θράκης,GR,Ανακτορίου,54636
5C:93:A2:4B:17:B7,PS4-1D17DBF7EB0E,52.16846466,21.07427025,5C:93:A2,6,wpa2,2026-08-15T11:00:00.000Z,2026-08-17T02:00:00.000Z,Warszawa,województwo mazowieckie,PL,Aleja Wilanowska,02-954
5C:93:A2:4B:2C:BD,PS4-816235F411A7,53.9740715,-1.08507621,5C:93:A2,6,wpa2,2026-08-11T07:00:00.000Z,2026-08-11T00:00:00.000Z,York,England,GB,Crichton Avenue,YO30 6EG
5C:93:A2:4B:36:B3,PS4-409C62B79055,34.52112579,135.51268005,5C:93:A2,1,wpa2,2025-11-01T06:00:00.000Z,2025-11-07T18:00:00.000Z,堺市,大阪府,JP,泉大津美原線,599-8247
5C:93:A2:4B:50:A9,PS4-50EBF77EFFD4,50.30334473,18.78022575,5C:93:A2,1,wpa2,2025-11-25T18:00:00.000Z,2025-11-25T10:00:00.000Z,Zabrze,województwo śląskie,PL,Gabriela Narutowicza,41-800
5C:93:A2:4B:78:21,PS4-05CFA87265A7,50.98403549,12.421525,5C:93:A2,6,wpa2,2025-01-04T13:00:00.000Z,2025-01-06T12:00:00.000Z,,Thüringen,DE,Runkwitzstraße,04600
5C:93:A2:4B:87:A1,PS4-95982FED4B02,33.27476883,131.50019836,5C:93:A2,8,wpa2,2026-02-11T03:00:00.000Z,2026-02-10T23:00:00.000Z,別府市,大分県,JP,,874-0944
5C:93:A2:4B:88:93,PS4-1C20EB7F1A78,34.3547554,132.33161926,5C:93:A2,2,wpa2,2023-08-28T01:00:00.000Z,2024-12-27T03:00:00.000Z,廿日市市,広島県,JP,,738-0034
5C:93:A2:4B:8C:F5,PS4-6AF74E48F76E,49.40210342,8.68042278,5C:93:A2,5,wpa2,2025-11-08T18:00:00.000Z,2025-11-08T10:00:00.000Z,Heidelberg,Baden-Württemberg,DE,Ringstraße,69115
5C:93:A2:4B:98:E7,PS4-E4CC3A8DFCEE,34.6829071,133.91590881,5C:93:A2,6,wpa2,2025-06-15T05:00:00.000Z,2025-07-03T04:00:00.000Z,岡山市,岡山県,JP,,700-0085
5C:93:A2:4B:C7:15,PS4-E812AD837482,50.07704544,14.45585918,5C:93:A2,6,wpa2,2003-03-31T02:00:00.000Z,2026-07-06T15:00:00.000Z,Hlavní město Praha,Praha,CZ,Kolínská,13000
5C:93:A2:4B:C7:E1,PS4-96FAE951C459,44.78416061,19.22294426,5C:93:A2,11,wpa2,2025-08-25T10:00:00.000Z,2025-10-03T05:00:00.000Z,,Република Српска / Republika Srpska,BA,L.BN,76300
5C:93:A2:4B:D6:3F,PS4-DDE6ED4ADFC4,49.84514999,6.09844446,5C:93:A2,6,wpa2,2025-05-20T08:00:00.000Z,2025-05-20T07:00:00.000Z,,Canton Diekirch,LU,Grand-Rue,9050
5C:93:A2:4B:DC:6D,PS4-BEA6B29C07DF,51.49037552,-0.30292222,5C:93:A2,1,wpa2,2024-10-23T11:00:00.000Z,2025-04-04T05:00:00.000Z,London,England,GB,Ealing Road,TW8 0LN
5C:93:A2:4B:DE:25,PS4-852C0302F073,47.38640976,8.5277338,5C:93:A2,6,wpa2,2025-06-04T15:00:00.000Z,2025-06-04T08:00:00.000Z,Zürich,Zürich,CH,Heinrichstrasse,8005
5C:93:A2:4C:02:45,PS4-A88AF964F394,35.74867249,139.64468384,5C:93:A2,6,wpa2,2026-07-11T12:00:00.000Z,2026-07-11T06:00:00.000Z,練馬区,春日町一丁目,JP,,179-0074
5C:93:A2:4C:0E:35,PS4-177825EEFC2A,38.46497345,27.16151047,5C:93:A2,6,wpa2,2024-09-24T17:00:00.000Z,2024-09-24T11:00:00.000Z,,Ege Bölgesi,TR,Altınyol,
5C:93:A2:4C:1D:15,PS4-C70E835B969F,53.51815414,-2.02659106,5C:93:A2,11,wpa2,2025-05-15T18:00:00.000Z,2025-05-18T15:00:00.000Z,Tameside,England,GB,Huddersfield Road,OL5 9LR
5C:93:A2:4C:39:61,PS4-1080D5BC26B0,50.72081375,12.75039482,5C:93:A2,6,wpa2,2025-04-24T13:00:00.000Z,2025-07-11T14:00:00.000Z,,Sachsen,DE,Lichtensteiner Straße,09399
5C:93:A2:4C:3E:1F,PS4-9B02B10F2CEE,35.2949028,135.13844299,5C:93:A2,1,wpa2,2025-01-24T05:00:00.000Z,2025-01-27T19:00:00.000Z,福知山市,京都府,JP,,620-0856
5C:93:A2:4C:3F:C1,PS4-2F1410E4C6D9,35.1126709,136.72512817,5C:93:A2,6,wpa2,2026-02-27T07:00:00.000Z,2026-02-27T00:00:00.000Z,弥富市,愛知県,JP,,498-8799
5C:93:A2:4C:41:31,PS4-277044F84E2F,50.06042862,10.22046661,5C:93:A2,1,wpa2,2025-06-29T21:00:00.000Z,2025-06-29T14:00:00.000Z,,Bayern,DE,Ludwig-Thoma-Straße,97422
5C:93:A2:4C:8F:A3,PS4-7656FC429E6E,49.56689453,8.15875053,5C:93:A2,5,wpa2,2026-07-09T12:00:00.000Z,2026-07-09T06:00:00.000Z,,Rheinland-Pfalz,DE,Nordring,67269
5C:93:A2:4C:96:8F,PS4-D51CE72251D9,54.37767792,18.60893822,5C:93:A2,6,wpa2,2025-06-26T14:00:00.000Z,2026-06-01T05:00:00.000Z,Gdańsk,województwo pomorskie,PL,Aleja Grunwaldzka,80-241
5C:93:A2:4C:9B:F1,PS4-CCFF87E42801,52.16798401,5.28312492,5C:93:A2,9,wpa2,2025-05-21T12:00:00.000Z,2025-12-11T23:00:00.000Z,,Utrecht,NL,Willaertstraat,3766CR
5C:93:A2:4C:A3:65,PS4-4B86DE745036,52.84935379,5.05284309,5C:93:A2,6,wpa2,2025-05-06T09:00:00.000Z,2025-05-20T06:00:00.000Z,,Noord-Holland,NL,Zeugweg,1771MB
5C:93:A2:4C:AD:DF,PS4-F1ABA418E350,52.08309937,4.33024454,5C:93:A2,1,wpa2,2025-04-24T18:00:00.000Z,2025-04-24T10:00:00.000Z,Den Haag,Zuid-Holland,NL,Theresiastraat,2593AA
5C:93:A2:4C:D0:27,PS4-D8A3CD3ECD5C,51.34675598,12.3189373,5C:93:A2,6,wpa2,2025-06-14T07:00:00.000Z,2026-05-06T06:00:00.000Z,Leipzig,Sachsen,DE,William-Zipperer-Straße,04179
5C:93:A2:4C:DC:2F,PS4-92952F71267F,52.15988159,9.91461468,5C:93:A2,6,wpa2,2024-10-14T01:00:00.000Z,2025-09-04T09:00:00.000Z,Hildesheim,Niedersachsen,DE,Hoher Turm,31137
5C:93:A2:4C:DF:19,PS4-939BA855D40D,53.11977005,7.97332907,5C:93:A2,6,wpa2,2024-11-30T15:00:00.000Z,2025-01-26T11:00:00.000Z,,Niedersachsen,DE,Hauptstraße,26188
5C:93:A2:4C:FE:8D,PS4-5266CFD382C3,51.21821213,7.59322548,5C:93:A2,6,wpa2,2025-06-21T05:00:00.000Z,2025-08-01T07:00:00.000Z,,Nordrhein-Westfalen,DE,Im Stoberg,58509
5C:93:A2:4D:23:AB,PS4-E42DC82DFE1A,52.35144043,4.92687893,5C:93:A2,11,wpa2,2024-09-29T13:00:00.000Z,2025-01-09T07:00:00.000Z,Amsterdam,Noord-Holland,NL,Ornsteinstraat,1097CZ
5C:93:A2:4D:2D:71,PS4-B894ADAC0526,52.06243896,4.33228779,5C:93:A2,6,wpa2,2026-06-21T11:00:00.000Z,2026-07-23T21:00:00.000Z,Den Haag,Zuid-Holland,NL,Rijswijkseweg,2516HH
5C:93:A2:4D:30:F3,PS4-E0F9C3E5BD0C,33.766922,-118.16536713,5C:93:A2,6,wpa2,2023-01-21T14:00:00.000Z,2024-12-12T15:00:00.000Z,Long Beach,CA,US,East Broadway,90803
5C:93:A2:4D:3D:D7,PS4-A84B8DC27F97,52.22566605,21.01910782,5C:93:A2,2,wpa2,2025-04-03T14:00:00.000Z,2025-04-03T09:00:00.000Z,Warszawa,województwo mazowieckie,PL,Wilcza,00-538
5C:93:A2:4D:44:43,PS4-BEE4BE6AF6D5,47.98423004,23.75726509,5C:93:A2,6,wpa2,2025-08-19T18:00:00.000Z,2025-08-27T12:00:00.000Z,,Maramureș,RO,Strada Principală,437080
5C:93:A2:4D:4D:39,PS4-A633B2A09F9B,49.46536255,11.10092163,5C:93:A2,6,wpa2,2020-04-03T19:00:00.000Z,2025-04-03T05:00:00.000Z,Nürnberg,Bayern,DE,Welserstraße,90489
5C:93:A2:4D:56:91,PS4-512A1F3D6CED,35.86971664,139.97555542,5C:93:A2,5,wpa2,2023-06-25T20:00:00.000Z,2024-09-23T07:00:00.000Z,柏市,千葉県,JP,東京環状,277-0841
5C:93:A2:4D:62:57,PS4-6A4F569CEE58,47.4851799,19.07206154,5C:93:A2,6,wpa2,2016-07-13T02:00:00.000Z,2025-05-01T07:00:00.000Z,,Budapest,HU,Üllői út,1082
5C:93:A2:4D:6C:65,PS4-12AD1920B5AC,51.16256332,4.38597727,5C:93:A2,8,wpa2,2026-07-25T13:00:00.000Z,2026-07-25T11:00:00.000Z,,Antwerpen,BE,Boomsesteenweg,2610
5C:93:A2:4D:75:DD,PS4-C64F3EC25CA2,50.85038757,4.35484219,5C:93:A2,5,wpa2,2026-05-14T03:00:00.000Z,2026-05-15T09:00:00.000Z,Bruxelles - Brussel,Région de Bruxelles-Capitale - Brussels Hoofdstedelijk Gewest,BE,Rue du Fossé aux Loups - Wolvengracht,1000
5C:93:A2:4D:76:63,PS4-4D767A09C378,37.99108887,-1.10591304,5C:93:A2,6,wpa2,2025-01-11T10:00:00.000Z,2026-01-04T14:00:00.000Z,Murcia,Región de Murcia,ES,Calle Mimosas,30006
5C:93:A2:4D:D9:6F,PS4-FBB4B53AE3EA,52.48705673,6.11593008,5C:93:A2,2,wpa2,2015-12-29T05:00:00.000Z,2024-12-20T01:00:00.000Z,Zwolle,Overijssel,NL,Splijtloffpad,8014GK
5C:93:A2:4E:04:0D,PS4-25176065DFE2,50.34637451,18.91529083,5C:93:A2,6,wpa2,2024-09-12T18:00:00.000Z,2024-09-29T05:00:00.000Z,Bytom,województwo śląskie,PL,Powstańców Warszawskich,41-902
5C:93:A2:4E:2A:2B,PS4-36FCE47C491D,49.49361801,0.136159,5C:93:A2,1,wpa2,2025-05-17T17:00:00.000Z,2025-05-21T11:00:00.000Z,Le Havre,Normandie,FR,Boulevard Winston Churchill,76600
5C:93:A2:4E:30:D5,PS4-1195A7EABC79,51.00221634,5.50812769,5C:93:A2,6,wpa2,2018-08-15T22:00:00.000Z,2025-12-04T14:00:00.000Z,,Limburg,BE,Hoevenzavellaan,3600
5C:93:A2:4E:33:9B,PS4-9F57E048A7AB,51.53250504,7.61243296,5C:93:A2,7,wpa2,2025-06-24T16:00:00.000Z,2025-08-11T23:00:00.000Z,Dortmund,Nordrhein-Westfalen,DE,Wickeder Hellweg,44319
5C:93:A2:4E:35:91,PS4-13C64D87AE45,46.49774551,11.34546757,5C:93:A2,12,wpa2,2019-09-08T16:00:00.000Z,2025-06-13T09:00:00.000Z,Bolzano - Bozen,Trentino-Alto Adige/Südtirol,IT,Viale Venezia - Venediger Straße,39100
5C:93:A2:4E:38:67,PS4-00394628B657,60.39609909,5.31558657,5C:93:A2,11,wpa2,2025-10-01T11:00:00.000Z,2025-10-01T05:00:00.000Z,Bergen,Vestland,NO,Strandgaten,5004
5C:93:A2:4E:43:51,PS4-0263B0815E1C,47.2266922,-1.51945972,5C:93:A2,11,wpa2,2026-08-25T07:00:00.000Z,2026-08-25T00:00:00.000Z,Nantes,Pays de la Loire,FR,Boulevard Louis Millet,44021
5C:93:A2:4E:64:57,PS4-17B2A8461F6F,51.07621002,12.46411324,5C:93:A2,11,wpa2,2024-02-03T11:00:00.000Z,2025-11-09T08:00:00.000Z,,Sachsen,DE,B 93,04552
5C:93:A2:4E:65:F1,PS4-B22A4221818C,49.14351273,8.6686945,5C:93:A2,11,wpa2,2026-03-13T18:00:00.000Z,2026-04-29T05:00:00.000Z,,Baden-Württemberg,DE,Friedrichsplatz,76703
5C:93:A2:4E:81:A1,PS4-6004EF195415,33.1729126,131.647995,5C:93:A2,6,wpa2,2025-10-29T05:00:00.000Z,2025-10-28T23:00:00.000Z,大分市,大分県,JP,,879-7761
5C:93:A2:4E:C1:47,PS4-2D14151561FD,35.11087418,-78.91249084,5C:93:A2,6,wpa2,2025-11-23T22:00:00.000Z,2025-11-23T14:00:00.000Z,Fayetteville,NC,US,,
5C:93:A2:4E:EF:41,PS4-4DDF9FF2159E,26.37490654,50.07168198,5C:93:A2,6,wpa2,2025-08-30T18:00:00.000Z,2026-02-16T12:00:00.000Z,الدمام,المنطقة الشرقية,SA,,32273
5C:93:A2:4F:12:B7,PS4-11ADFA9A2606,24.73801613,46.60946274,5C:93:A2,3,wpa2,2025-09-06T01:00:00.000Z,2026-02-16T12:00:00.000Z,,منطقة الرياض,SA,,12393 4057
5C:93:A2:4F:17:C1,PS4-83FC8ABFD723,51.51885605,7.46649313,5C:93:A2,1,wpa2,2025-06-17T12:00:00.000Z,2025-06-19T13:00:00.000Z,Dortmund,Nordrhein-Westfalen,DE,Kapellenstraße,44145
5C:93:A2:4F:1E:7F,PS4-75724D0B6F72,55.94748306,-3.18872428,5C:93:A2,6,wpa2,2019-07-05T15:00:00.000Z,2024-09-25T07:00:00.000Z,City of Edinburgh,Alba / Scotland,GB,Chambers Street,EH1 1JF
5C:93:A2:4F:20:6D,PS4-8AA3487475CA,26.41142654,50.1246109,5C:93:A2,6,wpa2,2026-05-12T13:00:00.000Z,2026-05-12T11:00:00.000Z,الدمام,المنطقة الشرقية,SA,fatma alzahra street,32252
5C:93:A2:4F:21:69,PS4-A59E6D406C90,52.03396225,4.33042622,5C:93:A2,11,wpa2,2026-04-02T08:00:00.000Z,2026-05-15T04:00:00.000Z,,Zuid-Holland,NL,Polakweg,2288GG
5C:93:A2:4F:31:09,PS4-880785E3A4EA,35.65042496,139.7538147,5C:93:A2,7,wpa2,2021-12-11T08:00:00.000Z,2026-05-17T08:00:00.000Z,港区,芝一丁目,JP,,1058575
5C:93:A2:4F:5A:4D,PS4-4037DB5FC6E3,50.10321426,14.42055798,5C:93:A2,11,wpa2,2017-11-09T11:00:00.000Z,2026-08-09T22:00:00.000Z,Hlavní město Praha,Praha,CZ,náměstí Borise Němcova,17021
5C:93:A2:4F:84:1D,PS4-53707996A06E,44.72337341,10.17198944,5C:93:A2,7,wpa2,2026-03-23T17:00:00.000Z,2026-03-23T14:00:00.000Z,,Emilia-Romagna,IT,Strada Statale 62 della Cisa,
5C:93:A2:4F:A3:79,PS4-DAD9FBFF627B,33.38391495,130.51490784,5C:93:A2,6,wpa2,2026-04-14T01:00:00.000Z,2026-04-13T20:00:00.000Z,鳥栖市,佐賀県,JP,,840-0032
5C:93:A2:4F:BA:8B,PS4-EDD45F6C73F6,44.37815475,-100.32198334,5C:93:A2,6,wpa2,2024-11-09T15:00:00.000Z,2024-11-09T08:00:00.000Z,Pierre,SD,US,Manchester Drive,57501
5C:93:A2:4F:CE:11,PS4-863853A0E311,35.68201828,139.78620911,5C:93:A2,6,wpa2,2026-06-05T22:00:00.000Z,2026-06-06T00:00:00.000Z,中央区,日本橋箱崎町,JP,水天宮通り,103-8520
5C:93:A2:4F:EA:79,PS4-25FCFE87E931,-6.21660471,106.815979,5C:93:A2,6,wpa2,2025-03-06T10:00:00.000Z,2025-03-06T02:00:00.000Z,Daerah Khusus Ibukota Jakarta,Karet Semanggi,ID,Trans Jakarta Busway Koridor 1,10270
5C:93:A2:50:01:AF,PS4-7858CEAEC670,50.83971786,4.3222599,5C:93:A2,11,wpa2,2025-03-29T20:00:00.000Z,2026-03-31T20:00:00.000Z,,Région de Bruxelles-Capitale - Brussels Hoofdstedelijk Gewest,BE,Rue des Matériaux - Materiaalstraat,1070
5C:93:A2:50:11:9B,PS4-A1E7F872D123,33.3120842,131.48600769,5C:93:A2,2,wpa2,2023-03-16T11:00:00.000Z,2025-02-10T23:00:00.000Z,別府市,大分県,JP,,874-0835
5C:93:A2:50:40:D5,PS4-DF9E2DBC8990,47.42474747,19.03934288,5C:93:A2,8,wpa2,2024-09-21T21:00:00.000Z,2024-09-21T15:00:00.000Z,,Budapest,HU,Kossuth Lajos utca,1221
5C:93:A2:50:60:61,PS4-42AB50109052,35.50449371,139.61767578,5C:93:A2,6,wpa2,2025-09-25T08:00:00.000Z,2026-06-14T08:00:00.000Z,横浜市,神奈川県,JP,,231-0017
5C:93:A2:50:78:27,PS4-2D8274689D35,54.3877182,18.59773254,5C:93:A2,5,wpa2,2025-10-10T11:00:00.000Z,2025-10-12T13:00:00.000Z,Gdańsk,województwo pomorskie,PL,Dywizjonu 303,80-465
5C:93:A2:50:78:9B,PS4-0B5604FA8B51,47.30463028,5.02364779,5C:93:A2,6,wpa2,2024-10-12T15:00:00.000Z,2024-10-13T09:00:00.000Z,Dijon,Bourgogne-Franche-Comté,FR,Boulevard Edmé Nicolas Machureau,21000
5C:93:A2:50:7D:2F,PS4-B9C624E1AB99,51.41762543,-0.4218477,5C:93:A2,5,wpa2,2017-05-12T21:00:00.000Z,2025-11-07T09:00:00.000Z,,England,GB,M3,TW16 7AZ
5C:93:A2:50:7D:A9,PS4-C7BD15863CBE,46.26013184,6.10981369,5C:93:A2,6,wpa2,2024-11-28T19:00:00.000Z,2025-07-25T16:00:00.000Z,Ferney-Voltaire,Auvergne-Rhône-Alpes,FR,Voie BHNS,01210
5C:93:A2:50:87:C1,PS4-9F475D9D58E2,50.26809692,19.13630295,5C:93:A2,6,wpa2,2026-03-10T14:00:00.000Z,2026-04-09T06:00:00.000Z,Sosnowiec,województwo śląskie,PL,Ostrogórska,41-200
5C:93:A2:50:99:11,PS4-02C69B10C592,52.47439194,13.38567352,5C:93:A2,11,wpa2,2026-05-06T11:00:00.000Z,2026-06-15T10:00:00.000Z,Berlin,Gartenstadt Neu-Tempelhof,DE,Tempelhofer Damm,12101
5C:93:A2:50:9E:D5,PS4-0E97E26DC2AA,50.83437347,4.36193371,5C:93:A2,1,wpa2,2025-03-29T18:00:00.000Z,2025-06-03T14:00:00.000Z,,Région de Bruxelles-Capitale - Brussels Hoofdstedelijk Gewest,BE,Rue Keyenveld - Keienveldstraat,1050
5C:93:A2:50:CA:05,PS4-057ACA8577C2,53.08119965,7.47637415,5C:93:A2,6,wpa2,2023-04-03T21:00:00.000Z,2026-08-03T01:00:00.000Z,,Niedersachsen,DE,Erste Wiek links,26871
5C:93:A2:50:D4:3B,PS4-E8BEDD990AE9,38.04673386,23.84532547,5C:93:A2,6,wpa2,2024-09-25T16:00:00.000Z,2024-10-09T12:00:00.000Z,,Αποκεντρωμένη Διοίκηση Αττικής,GR,Αθανασίου Διάκου,15238
5C:93:A2:50:E2:5B,PS4-01EE8513F66E,50.81388855,4.38865328,5C:93:A2,6,wpa2,2023-11-11T12:00:00.000Z,2024-09-07T04:00:00.000Z,,Région de Bruxelles-Capitale - Brussels Hoofdstedelijk Gewest,BE,Avenue Général Médecin Derache - Generaal Geneesheer Derachelaan,1050
5C:93:A2:50:E8:2F,PS4-98D142208297,59.44226074,24.72806549,5C:93:A2,9,wpa2,2026-07-03T18:00:00.000Z,2026-07-03T11:00:00.000Z,Tallinn,Harju maakond,EE,Kopli,10412
5C:93:A2:50:E8:A5,PS4-F2F0BA92ACFC,35.68459702,139.38067627,5C:93:A2,10,wpa2,2021-03-13T12:00:00.000Z,2024-12-08T23:00:00.000Z,日野市,新町五丁目,JP,,191-0003
5C:93:A2:50:F4:23,PS4-32C6DED31B56,49.73867035,6.62878942,5C:93:A2,6,wpa2,2025-11-21T10:00:00.000Z,2025-11-21T08:00:00.000Z,Trier,Rheinland-Pfalz,DE,Pacelliufer,54290
5C:93:A2:51:2F:B7,PS4-ECD7269D49D9,51.65919495,-0.26743227,5C:93:A2,2,wpa2,2026-01-13T07:00:00.000Z,2026-01-13T00:00:00.000Z,Hertsmere,England,GB,Maxwell Road,WD6 1JJ
5C:93:A2:51:45:B1,PS4-CCD3BBACC034,47.13752747,11.44331932,5C:93:A2,1,wpa2,2026-04-11T16:00:00.000Z,2026-04-12T02:00:00.000Z,,Tirol,AT,Obfeldes,6143
5C:93:A2:51:56:AD,PS4-074FADA45078,47.0316925,8.29359531,5C:93:A2,1,wpa2,2025-05-12T07:00:00.000Z,2025-05-26T01:00:00.000Z,,Luzern,CH,Arsenalstrasse,6010
5C:93:A2:51:5B:0F,PS4-A834B552C52A,43.04215622,141.38647461,5C:93:A2,9,wpa2,2025-07-14T05:00:00.000Z,2025-07-14T00:00:00.000Z,札幌市,石狩振興局,JP,月寒通,062-0020
5C:93:A2:51:5F:57,PS4-C3D30E5259EB,50.539505,7.11018229,5C:93:A2,6,wpa2,2025-01-07T18:00:00.000Z,2025-01-07T10:00:00.000Z,,Rheinland-Pfalz,DE,Königstraße,53474
5C:93:A2:51:66:39,PS4-19EAD154B10B,35.71471405,140.12850952,5C:93:A2,1,wpa2,2020-05-28T21:00:00.000Z,2026-07-01T08:00:00.000Z,八千代市,千葉県,JP,,278-0020
5C:93:A2:51:76:49,PS4-156D17C38FF9,52.96316147,10.558465,5C:93:A2,1,wpa2,2026-08-25T20:00:00.000Z,2026-08-25T14:00:00.000Z,,Niedersachsen,DE,Veerßer Straße,29525
5C:93:A2:51:90:4D,PS4-07472B6DDC5A,53.55129623,9.96238804,5C:93:A2,6,wpa2,2017-01-16T19:00:00.000Z,2025-02-23T07:00:00.000Z,Hamburg,Karolinenviertel,DE,Hein-Hoyer-Straße,20359
5C:93:A2:51:9B:3D,PS4-B5FE9EEAF02F,52.04722977,5.62725353,5C:93:A2,3,wpa2,2023-05-02T19:00:00.000Z,2026-01-06T17:00:00.000Z,Ede,Gelderland,NL,Molenveen,6718MP
5C:93:A2:51:C7:09,PS4-51A9ECCF0CA3,31.92242241,35.88646698,5C:93:A2,6,wpa2,2025-11-14T21:00:00.000Z,2025-11-14T18:00:00.000Z,,عمان,JO,شارع قويدر خريسات,11623
5C:93:A2:51:CF:45,PS4-4361C3A2D44B,47.49398041,8.89530849,5C:93:A2,1,wpa2,2025-03-12T16:00:00.000Z,2025-04-30T05:00:00.000Z,,Thurgau,CH,Morgentalstrasse,8355
5C:93:A2:51:DE:67,PS4-8097140BCDD3,47.49697495,9.72537518,5C:93:A2,11,wpa2,2017-02-12T10:00:00.000Z,2024-10-05T02:00:00.000Z,,Vorarlberg,AT,Rheinstraße,6900
5C:93:A2:51:E1:ED,PS4-9ED55F67BC9C,53.57415009,-0.67928451,5C:93:A2,1,wpa2,2026-05-21T15:00:00.000Z,2026-06-03T08:00:00.000Z,,England,GB,West Common Lane,DN17 1QX
5C:93:A2:51:E9:C7,PS4-A1CD549BFFED,29.6203537,-82.42251587,5C:93:A2,6,wpa2,2024-01-15T12:00:00.000Z,2024-11-13T13:00:00.000Z,,FL,US,Southwest 75th Street,32608
5C:93:A2:52:0E:25,PS4-DB4AB6BAE4D7,59.24677658,18.09565544,5C:93:A2,10,wpa2,2025-05-26T15:00:00.000Z,2025-05-27T06:00:00.000Z,,Stockholms län,SE,Färnebogatan,12342
5C:93:A2:52:1F:5D,PS4-B0F5A94A03CD,51.26248932,22.54705429,5C:93:A2,6,wpa2,2026-01-21T20:00:00.000Z,2026-08-17T12:00:00.000Z,Lublin,województwo lubelskie,PL,Braci Wieniawskich,20-844
5C:93:A2:52:2A:63,PS4-80E56F9D232A,50.91993332,4.50649643,5C:93:A2,6,wpa2,2025-06-10T17:00:00.000Z,2025-09-07T04:00:00.000Z,,Vlaams-Brabant,BE,Keistraat,1820
5C:93:A2:52:2F:55,PS4-600953AB37DC,41.3987236,2.19435096,5C:93:A2,6,wpa2,2026-05-28T07:00:00.000Z,2026-05-28T10:00:00.000Z,Barcelona,Catalunya,ES,Carrer d'Àvila,08001
5C:93:A2:52:81:5D,PS4-58663BAAAAEB,49.58924103,10.99370193,5C:93:A2,5,wpa2,2024-10-26T14:00:00.000Z,2024-10-27T00:00:00.000Z,Erlangen,Bayern,DE,Frankenschnellweg,91052
5C:93:A2:52:8A:C9,PS4-59A5B6879C9F,43.60435104,3.88084173,5C:93:A2,11,wpa2,2024-05-04T23:00:00.000Z,2025-11-16T23:00:00.000Z,Montpellier,Occitanie,FR,Rue des Deux Ponts,34064
5C:93:A2:52:8E:67,PS4-C2327679994C,50.76133347,6.63619614,5C:93:A2,6,wpa2,2025-01-31T14:00:00.000Z,2025-01-31T10:00:00.000Z,,Nordrhein-Westfalen,DE,Petrusstraße,52391
5C:93:A2:52:92:A9,PS4-91F3B4BF1E06,47.22947311,-1.58899319,5C:93:A2,11,wpa2,2026-07-02T11:00:00.000Z,2026-08-13T08:00:00.000Z,Nantes,Pays de la Loire,FR,Boulevard Pierre de Coubertin,44100
5C:93:A2:52:A0:15,PS4-28863D65281F,48.10348129,-1.66243112,5C:93:A2,6,wpa2,2024-12-21T17:00:00.000Z,2024-12-21T10:00:00.000Z,Rennes,Bretagne,FR,Rue Saint-Hélier,35000|35700|35200
5C:93:A2:52:A1:99,PS4-028C29DB1DE6,53.20698929,5.79319763,5C:93:A2,6,wpa2,2024-09-11T15:00:00.000Z,2024-10-02T09:00:00.000Z,Leeuwarden,Fryslân,NL,Spanjaardslaan,8917AL
5C:93:A2:52:B5:97,PS4-3D499E4D51D5,47.21522522,-1.55690777,5C:93:A2,6,wpa2,2026-08-28T16:00:00.000Z,2026-08-31T08:00:00.000Z,Nantes,Pays de la Loire,FR,Place Fernand-Soil,44003
5C:93:A2:53:08:8D,PS4-CE3382AAD6B0,48.7919693,2.26779723,5C:93:A2,1,wpa2,2024-12-06T13:00:00.000Z,2024-12-06T12:00:00.000Z,,Île-de-France,FR,Avenue du Général de Gaulle,92140
5C:93:A2:53:0F:AB,PS4-AB8684FF4052,35.70217133,139.80323792,5C:93:A2,1,wpa2,2024-05-01T23:00:00.000Z,2026-04-06T23:00:00.000Z,墨田区,本所三丁目,JP,,130-0004
5C:93:A2:53:12:D1,PS4-540A6F652712,48.1362114,11.58756638,5C:93:A2,3,wpa2,2026-07-10T17:00:00.000Z,2026-07-10T11:00:00.000Z,München,Bayern,DE,Thierschstraße,80538
5C:93:A2:53:4C:F3,PS4-2455FD2A9DE5,51.51781082,-0.47451153,5C:93:A2,1,wpa2,2017-05-03T07:00:00.000Z,2025-06-27T01:00:00.000Z,London,England,GB,Celandine Route,UB7 7XW
5C:93:A2:53:52:B5,PS4-15FBD2117E11,53.54226303,8.87039375,5C:93:A2,11,wpa2,2026-04-22T08:00:00.000Z,2026-07-06T14:00:00.000Z,Geestland,Niedersachsen,DE,Dorfstraße-West,27624
5C:93:A2:53:74:1D,PS4-0C27EA1A142C,51.38508224,-0.06416985,5C:93:A2,11,wpa2,2024-06-13T20:00:00.000Z,2025-05-21T09:00:00.000Z,London,England,GB,Lower Addiscombe Road,CR0 7AG
5C:93:A2:53:77:29,PS4-B8807B47F3E1,53.89894867,30.33994293,5C:93:A2,4,wpa2,2024-09-21T11:00:00.000Z,2024-09-23T03:00:00.000Z,Могилёв,Могилёвская область,BY,Пионерская улица,212030
5C:93:A2:53:88:11,PS4-0559AB2516C5,50.05393982,8.70316029,5C:93:A2,6,wpa2,2024-03-10T12:00:00.000Z,2025-09-27T06:00:00.000Z,,Hessen,DE,Offenbacher Straße,63263
5C:93:A2:53:BE:39,PS4-2020A42860A8,35.71546936,139.80180359,5C:93:A2,6,wpa2,2023-03-04T11:00:00.000Z,2025-05-15T23:00:00.000Z,台東区,浅草六丁目,JP,吉野通り,111-0032
5C:93:A2:53:D2:DB,PS4-1F219543059E,54.07426453,-4.73784447,5C:93:A2,11,wpa2,2025-08-28T10:00:00.000Z,2025-08-28T05:00:00.000Z,,Rushen,IM,Shore Road/The Underway,IM9 5DW
5C:93:A2:53:E5:93,PS4-E435DA3A8ADA,62.93466187,27.6584568,5C:93:A2,6,wpa2,2026-08-05T14:00:00.000Z,2026-08-05T08:00:00.000Z,Kuopio,Manner-Suomi,FI,Metsäkummuntie,70420
5C:93:A2:53:E9:D5,PS4-4C8145C5B082,51.97021484,4.44815302,5C:93:A2,6,wpa2,2025-05-14T16:00:00.000Z,2025-07-21T03:00:00.000Z,,Zuid-Holland,NL,Rodenrijseweg,2651AP
5C:93:A2:54:21:39,PS4-A7B4B785E6CD,34.72750092,135.30874634,5C:93:A2,1,wpa2,2025-04-19T02:00:00.000Z,2025-04-18T21:00:00.000Z,芦屋市,兵庫県,JP,国道43号,659-8501
5C:93:A2:54:2E:AD,PS4-F86E52A98C7C,25.0566597,121.55451202,5C:93:A2,6,wpa2,2025-12-25T14:00:00.000Z,2025-12-25T20:00:00.000Z,臺北市,臺北市,TW,民生東路四段112巷7弄,10574
5C:93:A2:54:34:01,PS4-79FB44771C08,33.11141586,131.78330994,5C:93:A2,6,wpa2,2020-01-01T22:00:00.000Z,2025-01-08T01:00:00.000Z,臼杵市,大分県,JP,国道502号,875-0052
5C:93:A2:54:3E:E3,PS4-F68F7E0A5013,35.70547485,139.79437256,5C:93:A2,5,wpa2,2024-12-01T05:00:00.000Z,2024-12-01T04:00:00.000Z,台東区,両国二丁目,JP,江戸通り,111-0043
5C:93:A2:54:41:AB,PS4-2E80BAB80567,24.99613571,121.46198273,5C:93:A2,1,wpa2,2025-04-26T05:00:00.000Z,2025-04-26T01:00:00.000Z,新北市,新北市,TW,國慶路,22062
5C:93:A2:54:48:E7,PS4-2BD9E74CD092,14.32376003,120.89215851,5C:93:A2,11,wpa2,2023-08-30T15:00:00.000Z,2025-12-09T17:00:00.000Z,General Trias,Cavite,PH,Governor Luis Ferrer Avenue,4107
5C:93:A2:54:6A:4D,PS4-C02E13297AAC,35.79056931,139.90309143,5C:93:A2,6,wpa2,2023-11-05T10:00:00.000Z,2024-10-25T10:00:00.000Z,松戸市,千葉県,JP,松戸柏線,271-0077
5C:93:A2:54:6A:E9,,30.10508347,-97.32611847,5C:93:A2,0,unknown,2025-09-06T07:00:00.000Z,2025-09-15T12:00:00.000Z,,TX,US,State Highway 71 West,78602
5C:93:A2:54:8F:15,PS4-411EDAC19981,38.80460739,140.32107544,5C:93:A2,6,wpa2,2024-08-28T09:00:00.000Z,2024-10-16T20:00:00.000Z,新庄市,山形県,JP,国道13号,999-5103
5C:93:A2:54:9C:69,PS4-BEC13300C5D1,35.73726654,140.66026306,5C:93:A2,6,wpa2,2025-10-16T08:00:00.000Z,2026-05-06T07:00:00.000Z,旭市,千葉県,JP,,289-2614
5C:93:A2:54:A8:1B,PS4-AECB91184DD5,39.83853531,-2.99683332,5C:93:A2,6,wpa2,2026-07-12T19:00:00.000Z,2026-07-12T12:00:00.000Z,Horcajo de Santiago,Castilla-La Mancha,ES,Calle Molino Viento,16410
5C:93:A2:54:A8:5F,PS4-1945A4AF6803,22.52004623,114.07055664,5C:93:A2,4,wpa2,2026-07-05T13:00:00.000Z,2026-07-05T09:00:00.000Z,,广东省,CN,,518000
5C:93:A2:54:C7:5B,PS4-7AA2FB84F90F,32.59782028,130.70240784,5C:93:A2,10,wpa2,2024-02-24T05:00:00.000Z,2026-01-23T22:00:00.000Z,宇城市,熊本県,JP,国道3号,869-4803
5C:93:A2:54:D3:AD,PS4-71542B4EEF69,25.38522911,55.46062088,5C:93:A2,11,wpa2,2026-05-03T17:00:00.000Z,2026-05-10T10:00:00.000Z,عجمان,إمارة عجمان,AE,شارع الكويت,5163
5C:93:A2:54:F5:59,PS4-19DD00B83A13,33.80794525,132.75976562,5C:93:A2,6,wpa2,2023-11-11T01:00:00.000Z,2025-05-25T15:00:00.000Z,松山市,愛媛県,JP,,790-0943
5C:93:A2:54:F6:E1,PS4-D274F6B3B73F,50.60688782,3.66007781,5C:93:A2,11,wpa2,2024-06-20T09:00:00.000Z,2024-12-30T12:00:00.000Z,,Hainaut,BE,Chaussée de Bruxelles,7903
5C:93:A2:54:F9:A3,PS4-34176A510506,33.22249985,-97.16482544,5C:93:A2,6,wpa2,2025-06-01T18:00:00.000Z,2025-06-01T17:00:00.000Z,Denton,TX,US,Eastpark Boulevard,76207
5C:93:A2:55:22:11,PS4-5096BD40FEE7,24.99837494,121.5269165,5C:93:A2,4,wpa2,2023-04-15T19:00:00.000Z,2025-08-23T01:00:00.000Z,,新北市,TW,成功路二段121巷,235085
5C:93:A2:55:3C:21,PS4-2495FF20B463,-43.59651947,172.56446838,5C:93:A2,3,wpa2,2025-04-12T22:00:00.000Z,2025-04-26T01:00:00.000Z,Christchurch,Canterbury,NZ,,8025
5C:93:A2:55:77:9D,PS4-4869987906B1,43.09258652,143.2288208,5C:93:A2,1,wpa2,2024-11-01T02:00:00.000Z,2024-11-02T02:00:00.000Z,,十勝総合振興局,JP,国道241号,0800101
5C:93:A2:55:98:1F,PS4-A3DBB52F7705,35.6968689,139.37561035,5C:93:A2,6,wpa2,2016-06-05T11:00:00.000Z,2024-12-08T23:00:00.000Z,昭島市,中神町三丁目,JP,新奥多摩街道,196-0024
5C:93:A2:55:DA:A3,PS4-C40E61121F82,53.01564026,-2.1695931,5C:93:A2,11,wpa2,2026-01-05T18:00:00.000Z,2026-01-07T00:00:00.000Z,,England,GB,Joiners Square Roundabout,ST1 3EH
5C:93:A2:55:E7:69,PS4-E08998A46B07,55.70954895,37.61901855,5C:93:A2,9,unknown,2018-04-12T20:00:00.000Z,2025-03-27T02:00:00.000Z,Москва,Москва,RU,Малая Тульская улица,115191
5C:93:A2:55:FA:45,PS4-5620A118688C,-37.81820679,145.123703,5C:93:A2,6,wpa2,2025-01-30T23:00:00.000Z,2025-01-30T19:00:00.000Z,Melbourne,Victoria,AU,Whitehorse Road,3131
5C:93:A2:56:10:13,PS4-56ADCAA6CC92,35.69654465,139.77084351,5C:93:A2,9,wpa2,2026-03-27T10:00:00.000Z,2026-08-31T07:00:00.000Z,千代田区,神田須田町一丁目,JP,中央通り,101-0041
5C:93:A2:56:1C:69,PS4-3F60FD913B0F,35.72557831,139.46942139,5C:93:A2,1,wpa2,2023-10-16T01:00:00.000Z,2025-04-29T03:00:00.000Z,小平市,津田町三丁目,JP,,187-0045
5C:93:A2:56:1F:59,PS4-418E0B3A4961,35.76398468,139.8658905,5C:93:A2,10,wpa2,2019-07-04T10:00:00.000Z,2025-03-23T04:00:00.000Z,葛飾区,金町一丁目,JP,,1125-0042
5C:93:A2:56:4B:B9,PS4-9E52E635FCD0,47.03479004,28.84402084,5C:93:A2,5,wpa2,2026-08-26T15:00:00.000Z,2026-08-26T09:00:00.000Z,,Centrul Istoric,MD,,MD-2005
5C:93:A2:56:74:D5,PS4-67093D4F6E78,-26.14371681,28.33883858,5C:93:A2,3,wpa2,2026-05-22T14:00:00.000Z,2026-05-22T08:00:00.000Z,,Gauteng,ZA,Retief Street,1514
5C:93:A2:56:8B:93,PS4-465109FB4E28,48.8054657,9.52519131,5C:93:A2,11,wpa2,2025-12-21T12:00:00.000Z,2025-12-21T05:00:00.000Z,,Baden-Württemberg,DE,Bei der Grafenkelter,73614
5C:93:A2:56:A5:01,PS4-070BFD3BFA12,54.51513672,30.38379097,5C:93:A2,3,wpa2,2024-08-04T17:00:00.000Z,2025-11-02T07:00:00.000Z,Орша,Витебская область,BY,улица Василия Молокова,211381
5C:93:A2:56:A8:83,PS4-83FFD236C3BF,35.75204849,139.8085022,5C:93:A2,6,wpa2,2024-10-11T23:00:00.000Z,2024-10-12T05:00:00.000Z,足立区,足立二丁目,JP,新荒川堤防線,120-0022
5C:93:A2:56:AE:DB,PS4-556E01C40A4D,38.73675919,-9.14934826,5C:93:A2,4,wpa2,2016-12-02T00:00:00.000Z,2025-08-12T12:00:00.000Z,Lisboa,Lisboa,PT,Avenida Marquês de Tomar,1050-156
5C:93:A2:56:B4:09,PS4-13C74D7EE109,49.47464371,5.93859911,5C:93:A2,6,wpa2,2026-08-17T19:00:00.000Z,2026-08-18T03:00:00.000Z,,Grand Est,FR,Avenue Salvador Allende,57390
5C:93:A2:57:02:6B,PS4-653F4EE8D678,32.72414398,-100.8895874,5C:93:A2,6,wpa2,2026-05-06T14:00:00.000Z,2026-06-29T13:00:00.000Z,,TX,US,North Highway 84,79549
5C:93:A2:57:03:D3,PS4-36EBBA86289E,53.21086121,5.94122076,5C:93:A2,11,wpa2,2025-10-04T15:00:00.000Z,2025-12-09T11:00:00.000Z,,Fryslân,NL,Burgemeester Drijberweg,9254BL
5C:93:A2:57:11:D5,,50.92334366,-0.99825698,5C:93:A2,3,unknown,2026-01-09T11:00:00.000Z,2026-01-13T12:00:00.000Z,East Hampshire,England,GB,London Road,PO8 0JE
5C:93:A2:57:36:87,PS4-BF65E1E096A7,53.26393127,-6.21774149,5C:93:A2,11,wpa2,2025-06-02T08:00:00.000Z,2025-06-02T07:00:00.000Z,,Leinster,IE,Sandyford Hall Rise,D18 W5W9
5C:93:A2:57:47:A7,PS4-44F208DDA003,37.96844864,139.36248779,5C:93:A2,6,wpa2,2025-06-12T14:00:00.000Z,2025-07-03T02:00:00.000Z,新発田市,新潟県,JP,加治川バイパス,
5C:93:A2:57:90:6F,PS4-11467F07C641,38.52843857,-8.90057087,5C:93:A2,6,wpa2,2025-10-04T09:00:00.000Z,2026-06-18T08:00:00.000Z,"Setúbal (São Julião, Nossa Senhora da Anunciada e Santa Maria da Graça)",Setúbal,PT,Rua de Brancanes,2900-345
5C:93:A2:57:95:B9,PS4-D38AEE41D49B,48.1566925,17.13602448,5C:93:A2,13,wpa2,2023-04-17T00:00:00.000Z,2026-02-04T04:00:00.000Z,Bratislava,Bratislavský kraj,SK,Jégého,
5C:93:A2:57:9F:55,PS4-3809B4F17215,56.89785767,12.52381706,5C:93:A2,1,wpa2,2024-10-12T13:00:00.000Z,2024-10-21T12:00:00.000Z,,Hallands län,SE,Halmstadvägen,31140
5C:93:A2:57:AF:11,PS4-055260BA28FA,48.94178009,2.14279699,5C:93:A2,1,wpa2,2024-09-15T07:00:00.000Z,2024-09-15T00:00:00.000Z,,Île-de-France,FR,Rue Johnson,78600
5C:93:A2:57:B6:D1,PS4-1A79E7DE58F9,35.60746002,139.47845459,5C:93:A2,7,wpa2,2025-11-22T05:00:00.000Z,2025-11-22T00:00:00.000Z,川崎市,神奈川県,JP,,2150033
5C:93:A2:57:CA:D7,PS4-63986DB1DA71,51.48268127,0.14645974,5C:93:A2,3,wpa2,2026-07-14T16:00:00.000Z,2026-07-24T16:00:00.000Z,London,England,GB,Nuxley Road,DA17 6HB
5C:93:A2:57:CC:A5,PS4-E8435DD30139,-22.25509644,166.46464539,5C:93:A2,6,wpa2,2025-10-10T23:00:00.000Z,2025-10-10T17:00:00.000Z,Nouméa,Province Sud,FR,Rue Pierre Puech,98800
5C:93:A2:57:E1:39,PS4-700F9A54C001,52.72649002,5.74398851,5C:93:A2,6,wpa2,2024-03-11T22:00:00.000Z,2025-06-09T16:00:00.000Z,Emmeloord,Flevoland,NL,Jeanne d'Arclaan,8302ZB
5C:93:A2:57:E5:0F,PS4-5D89275A9058,36.63266373,-119.44876099,5C:93:A2,6,wpa2,2024-03-08T19:00:00.000Z,2025-06-18T20:00:00.000Z,Reedley,CA,US,South Frankwood Avenue,93654
5C:93:A2:57:E8:2B,PS4-DAB7FA183B91,52.0769043,4.76031828,5C:93:A2,6,wpa2,2016-02-28T16:00:00.000Z,2026-02-14T07:00:00.000Z,,Zuid-Holland,NL,Broekveldselaan,2411PS
5C:93:A2:57:F7:15,PS4-578F68129215,47.51457214,19.09345245,5C:93:A2,9,wpa2,2017-11-25T19:00:00.000Z,2024-12-03T09:00:00.000Z,,Budapest,HU,Hermina út,1146
5C:93:A2:58:06:CB,PS4-D689B5212DBF,24.67928886,46.69950104,5C:93:A2,5,wpa2,2026-06-27T06:00:00.000Z,2026-06-27T06:00:00.000Z,,منطقة الرياض,SA,أبي الفرج بن علي,11526
5C:93:A2:58:1B:AF,PS4-A79A220CCF31,25.00557327,121.30426788,5C:93:A2,2,wpa2,2024-11-04T05:00:00.000Z,2024-11-03T22:00:00.000Z,,桃園區,TW,中正路648巷,330
5C:93:A2:58:27:95,PS4-9377C67E03FE,46.98634338,17.09776306,5C:93:A2,6,wpa2,2025-10-31T11:00:00.000Z,2025-11-02T11:00:00.000Z,,Nyugat-Dunántúl,HU,Kossuth Lajos utca,8796
5C:93:A2:58:31:39,PS4-7E4E747D3FB3,22.56806564,120.35125732,5C:93:A2,8,wpa2,2025-06-24T12:00:00.000Z,2025-11-09T09:00:00.000Z,高雄市,高雄市,TW,康莊路,812
5C:93:A2:58:3A:D3,PS4-0E6EE7539C4E,35.74705887,139.81268311,5C:93:A2,2,wpa2,2026-08-31T10:00:00.000Z,2026-08-31T03:00:00.000Z,足立区,柳原一丁目,JP,,120-0022
5C:93:A2:58:51:37,PS4-D4A0EE295B5D,53.7973671,-3.03026724,5C:93:A2,6,wpa2,2025-04-28T18:00:00.000Z,2025-05-05T08:00:00.000Z,,England,GB,Hawes Side Lane,FY4 4AS
5C:93:A2:58:51:5D,PS4-CB7D544750EB,41.08786011,-111.99398804,5C:93:A2,10,wpa2,2025-02-27T18:00:00.000Z,2025-12-07T08:00:00.000Z,Layton,UT,US,West 1920 North,84041
5C:93:A2:58:66:7B,PS4-084EDEE068D9,48.70741272,2.46488261,5C:93:A2,4,wpa2,2026-04-23T16:00:00.000Z,2026-04-23T21:00:00.000Z,,Île-de-France,FR,Rue Bastier de Bez,91230
5C:93:A2:58:9F:B7,PS4-7D5406D35C4B,53.56698608,9.90764332,5C:93:A2,6,wpa2,2025-11-11T13:00:00.000Z,2025-11-11T07:00:00.000Z,Hamburg,Bahrenfeld,DE,Bahrenfelder Chaussee,22761
5C:93:A2:58:BB:79,PS4-4BC3E30498F2,45.74158859,4.86117172,5C:93:A2,1,wpa2,2025-07-05T14:00:00.000Z,2025-07-05T07:00:00.000Z,Lyon,Auvergne-Rhône-Alpes,FR,Rue Marius Berliet,69008
5C:93:A2:58:DC:F5,PS4-C2BC86914DE2,-34.42609787,-58.57637024,5C:93:A2,6,wpa2,2025-05-09T00:00:00.000Z,2025-05-09T04:00:00.000Z,,Buenos Aires,AR,Avenida Daniel M. Cazón,B1648EWZ
5C:93:A2:58:DE:1B,PS4-418CD6C2CEDD,51.80609894,-0.81245327,5C:93:A2,11,wpa2,2024-02-17T18:00:00.000Z,2024-09-21T12:00:00.000Z,,England,GB,Old Stoke Road,HP21 8JB
5C:93:A2:59:3B:9F,PS4-91755DB6B706,60.48947144,15.41976929,5C:93:A2,6,wpa2,2024-10-28T16:00:00.000Z,2024-11-20T05:00:00.000Z,,Dalarnas län,SE,Röda vägen,780 40
5C:93:A2:59:60:5D,PS4-A0CB58872705,53.35548401,-2.99144149,5C:93:A2,6,wpa2,2026-02-13T20:00:00.000Z,2026-07-04T04:00:00.000Z,,England,GB,New Ferry By-pass,CH62 5HE
5C:93:A2:59:97:97,PS4-664EA1BB5211,57.29062271,-2.36735559,5C:93:A2,1,wpa2,2023-02-13T16:00:00.000Z,2025-03-29T11:00:00.000Z,,Alba / Scotland,GB,Uryside Drive,AB51 6AJ
5C:93:A2:59:98:51,PS4-4EA22C126358,44.81532288,-0.62681425,5C:93:A2,6,wpa2,2018-03-01T11:00:00.000Z,2025-03-10T15:00:00.000Z,,Nouvelle-Aquitaine,FR,Rue Albert Gombert,33700
5C:93:A2:59:A6:AD,PS4-32D7D4464750,51.74178696,19.38322449,5C:93:A2,1,wpa2,2026-03-21T19:00:00.000Z,2026-03-22T03:00:00.000Z,Łódź,województwo łódzkie,PL,Księdza Jerzego Popiełuszki,94-053
5C:93:A2:59:B4:75,PS4-D2B0BFC47621,61.4964447,23.80223083,5C:93:A2,12,wpa2,2021-08-03T07:00:00.000Z,2024-12-02T06:00:00.000Z,Tampere,Manner-Suomi,FI,Sammonkatu,33540
5C:93:A2:59:B5:51,PS4-81479D9DCD19,51.40473175,6.76001692,5C:93:A2,6,wpa2,2025-05-03T12:00:00.000Z,2025-05-03T05:00:00.000Z,Duisburg,Nordrhein-Westfalen,DE,Markusstraße,47055
5C:93:A2:59:C4:8F,PS4-DDA56814CEB1,60.61000061,15.63555145,5C:93:A2,11,wpa2,2025-12-16T13:00:00.000Z,2025-12-16T06:00:00.000Z,Falun,Dalarnas län,SE,Daljunkaregatan,791 37
5C:93:A2:59:C6:25,PS4-3BDF3A24014D,43.02613449,141.37280273,5C:93:A2,6,wpa2,2026-04-18T06:00:00.000Z,2026-05-01T03:00:00.000Z,札幌市,石狩振興局,JP,白石藻岩通,062-0931
5C:93:A2:59:C9:A3,PS4-577510E03648,47.51660156,8.58925056,5C:93:A2,11,wpa2,2026-06-27T22:00:00.000Z,2026-06-30T01:00:00.000Z,,Zürich,CH,Stationsstrasse,8424
5C:93:A2:59:D4:2F,PS4-EDE636520049,46.95604706,10.51311588,5C:93:A2,9,wpa2,2026-08-17T08:00:00.000Z,2026-08-20T15:00:00.000Z,,Tirol,AT,Reschenstraße,6542
5C:93:A2:59:EF:8B,PS4-BC0A08EA406A,52.47364044,-1.84886479,5C:93:A2,12,wpa2,2020-05-18T15:00:00.000Z,2025-08-08T15:00:00.000Z,Birmingham,England,GB,Imperial Road,B10 9NY
5C:93:A2:59:FB:FB,PS4-B350DC34C927,32.98707962,131.58654785,5C:93:A2,6,wpa2,2023-07-11T15:00:00.000Z,2026-05-25T02:00:00.000Z,豊後大野市,大分県,JP,三重新殿線,
5C:93:A2:5A:05:6D,PS4-1636A0DE29E1,51.59048843,-0.01859417,5C:93:A2,6,wpa2,2026-08-29T18:00:00.000Z,2026-08-31T08:00:00.000Z,London,England,GB,Forest Road,E17 4PH
5C:93:A2:5A:13:31,PS4-4A3A3D63DEB5,53.38801956,-6.24512482,5C:93:A2,1,wpa2,2001-01-01T01:00:00.000Z,2024-10-02T09:00:00.000Z,,Leinster,IE,Swords Road,D09 KP73
5C:93:A2:5A:1D:2D,PS4-34347289E2F2,47.52577972,19.10464287,5C:93:A2,11,wpa2,2018-06-09T20:00:00.000Z,2026-03-27T17:00:00.000Z,,Budapest,HU,,1142
5C:93:A2:5A:3A:6B,PS4-F95A1858D529,26.44443321,50.10932541,5C:93:A2,3,wpa2,2026-04-25T13:00:00.000Z,2026-05-10T09:00:00.000Z,الدمام,المنطقة الشرقية,SA,,32415
5C:93:A2:5A:3A:BD,PS4-EC587476B080,51.13724899,16.95798874,5C:93:A2,9,wpa2,2026-06-13T16:00:00.000Z,2026-08-26T11:00:00.000Z,Wrocław,województwo dolnośląskie,PL,Górnicza,54-136
5C:93:A2:5A:3F:C1,PS4-EFB5683F37F6,53.2864151,-6.16567183,5C:93:A2,1,wpa2,2026-04-19T09:00:00.000Z,2026-04-19T12:00:00.000Z,,Leinster,IE,Monkstown Link Road,A94 X942
5C:93:A2:5A:4D:C5,PS4-05D1A377524A,34.65007019,135.50120544,5C:93:A2,1,wpa2,2024-11-09T00:00:00.000Z,2026-03-03T23:00:00.000Z,大阪市,大阪府,JP,,557-0002
5C:93:A2:5A:6A:31,PS4-E0F38BCBB1A6,35.72473145,139.8843689,5C:93:A2,1,wpa2,2024-03-15T04:00:00.000Z,2025-01-05T22:00:00.000Z,江戸川区,南小岩二丁目,JP,,1330056
5C:93:A2:5A:6D:9B,PS4-49DBCC57B07F,51.2611084,7.11944008,5C:93:A2,11,wpa2,2024-10-18T13:00:00.000Z,2024-10-18T08:00:00.000Z,Wuppertal,Nordrhein-Westfalen,DE,Katernberger Straße,42115
5C:93:A2:5A:96:9D,PS4-3654EF800AFA,51.39259338,5.47655821,5C:93:A2,1,wpa2,2026-01-22T14:00:00.000Z,2026-01-22T07:00:00.000Z,,Noord-Brabant,NL,Koningin Wilhelminalaan,5583AK
5C:93:A2:5A:98:4B,PS4-35EFF175BA0B,49.97526169,20.43279839,5C:93:A2,6,wpa2,2025-04-13T09:00:00.000Z,2025-04-13T03:00:00.000Z,,województwo małopolskie,PL,Świętego Leonarda,32-700
5C:93:A2:5A:99:43,PS4-461A8CCF268F,60.22652054,25.00831795,5C:93:A2,6,wpa2,2025-10-24T13:00:00.000Z,2026-08-04T07:00:00.000Z,Helsinki,Manner-Suomi,FI,Viikinportti,00790
5C:93:A2:5A:A2:75,PS4-5B1A0EA2152A,55.84781265,-4.03562307,5C:93:A2,11,wpa2,2016-05-04T14:00:00.000Z,2025-07-05T23:00:00.000Z,,Alba / Scotland,GB,Dunblane Place,ML5
5C:93:A2:5A:D0:DF,PS4-CB1531D54568,33.3131218,131.49520874,5C:93:A2,7,wpa2,2021-02-25T13:00:00.000Z,2025-03-16T00:00:00.000Z,別府市,大分県,JP,,8740033
5C:93:A2:5A:DF:A1,PS4-321BCF79672D,35.92934418,139.88002014,5C:93:A2,13,wpa2,2026-02-13T23:00:00.000Z,2026-02-14T03:00:00.000Z,野田市,千葉県,JP,,278-0026
5C:93:A2:5A:E1:63,PS4-88BA1A9ACCAD,43.17907333,-83.71580505,5C:93:A2,6,wpa2,2026-03-23T18:00:00.000Z,2026-03-30T18:00:00.000Z,,MI,US,North Saginaw Road,48420
5C:93:A2:5A:EE:D1,PS4-D2717FAF7076,52.62045288,-1.16109276,5C:93:A2,11,wpa2,2026-03-02T20:00:00.000Z,2026-03-02T14:00:00.000Z,Leicester,England,GB,Fosse Road South,LE3 5PU
5C:93:A2:5B:05:B1,PS4-8B6FA3C791AC,52.2273941,21.00260353,5C:93:A2,6,wpa2,2025-05-27T10:00:00.000Z,2025-05-28T04:00:00.000Z,Warszawa,województwo mazowieckie,PL,Aleje Jerozolimskie,02-002
5C:93:A2:5B:1F:C5,PS4-C1CF4C7ABC56,41.64426804,-8.43537521,5C:93:A2,11,wpa2,2024-04-04T17:00:00.000Z,2025-02-26T08:00:00.000Z,Vila Verde e Barbudo,Braga,PT,EN 101,4730-709
5C:93:A2:5B:3A:51,PS4-5B6B0720CF33,52.58504486,-2.14233327,5C:93:A2,6,wpa2,2023-03-19T14:00:00.000Z,2024-10-20T07:00:00.000Z,Wolverhampton,England,GB,Merridale Road,WV3 9RX
5C:93:A2:5B:3D:4D,PS4-A7D45586FB33,34.62316895,133.9342041,5C:93:A2,8,wpa2,2025-06-13T04:00:00.000Z,2025-07-03T04:00:00.000Z,岡山市,岡山県,JP,洲崎米倉線,700-8607
5C:93:A2:5B:4B:69,PS4-A90ED128BC47,35.69718552,139.83724976,5C:93:A2,11,wpa2,2025-02-01T02:00:00.000Z,2025-02-01T02:00:00.000Z,江東区,亀戸七丁目,JP,京葉道路,136-0071
5C:93:A2:5B:92:13,PS4-A45C8E4E18AA,35.00511551,135.76564026,5C:93:A2,6,wpa2,2025-02-28T17:00:00.000Z,2026-05-08T00:00:00.000Z,京都市,京都府,JP,麩屋町通,604-8092
5C:93:A2:5B:97:75,PS4-170781A7D982,52.23876953,21.0633049,5C:93:A2,1,wpa2,2025-07-24T17:00:00.000Z,2025-07-24T13:00:00.000Z,Warszawa,województwo mazowieckie,PL,Międzynarodowa,03-922
5C:93:A2:5B:AF:BB,PS4-D2589CC79410,51.47596741,-3.17100883,5C:93:A2,6,wpa2,2026-07-28T06:00:00.000Z,2026-07-28T17:00:00.000Z,Cardiff,Cymru / Wales,GB,Tyndall Street,CF
5C:93:A2:5B:B2:31,PS4-41D471B927A2,23.14331245,89.23751068,5C:93:A2,6,wpa2,2025-10-01T00:00:00.000Z,2025-09-30T20:00:00.000Z,যশোর,খুলনা বিভাগ,BD,Jessoe-Khulna Hwy,7400
5C:93:A2:5B:D8:E9,PS4-87009C92A237,51.50957108,-0.32899386,5C:93:A2,11,wpa2,2025-10-20T08:00:00.000Z,2025-10-20T15:00:00.000Z,London,England,GB,Broadway,W7 3PS
5C:93:A2:5B:DA:7B,PS4-0332DFD20332,35.7949295,139.6302948,5C:93:A2,11,wpa2,2026-08-18T09:00:00.000Z,2026-08-18T03:00:00.000Z,和光市,埼玉県,JP,,351-0111
5C:93:A2:5C:10:D3,PS4-31F00CFED280,68.74733734,15.33331013,5C:93:A2,10,wpa2,2025-12-07T18:00:00.000Z,2025-12-09T03:00:00.000Z,,Nordland,NO,Vesterålsveien,8416
5C:93:A2:5C:13:53,PS4-A3093CB9C90F,34.94290543,135.68145752,5C:93:A2,6,wpa2,2017-06-04T12:00:00.000Z,2024-12-15T22:00:00.000Z,長岡京市,京都府,JP,,610-1113
5C:93:A2:5C:2A:43,PS4-CF3B5C06986C,44.83893585,24.8985939,5C:93:A2,11,wpa2,2024-10-28T11:00:00.000Z,2025-06-11T03:00:00.000Z,Pitești,Argeș,RO,,110180
5C:93:A2:5C:39:E1,PS4-373ED5FA7320,35.64262009,139.73684692,5C:93:A2,6,wpa2,2022-08-28T20:00:00.000Z,2025-04-18T05:00:00.000Z,港区,白金一丁目,JP,魚籃坂,1080074
5C:93:A2:5C:49:B5,PS4-0764FA5091BE,51.61396408,-0.64725798,5C:93:A2,11,wpa2,2024-09-25T16:00:00.000Z,2024-09-26T10:00:00.000Z,,England,GB,Ledborough Lane,HP9 2PZ
5C:93:A2:5C:52:15,PS4-0278DCEA5B16,-35.26156616,149.13400269,5C:93:A2,11,wpa2,2025-06-10T06:00:00.000Z,2026-02-28T21:00:00.000Z,,District of Canberra Central,AU,Lowanna Street,2612
5C:93:A2:5C:7C:31,PS4-46A2AEB37CEB,1.6275332,-75.60588837,5C:93:A2,11,wpa2,2026-02-11T00:00:00.000Z,2026-04-09T11:00:00.000Z,Perímetro Urbano Florencia,Caquetá,CO,Carrera 3,180002
5C:93:A2:5C:84:3D,PS4-EDFA787BCD35,52.20712662,21.00541687,5C:93:A2,11,wpa2,2022-08-20T14:00:00.000Z,2025-03-03T08:00:00.000Z,Warszawa,województwo mazowieckie,PL,Rakowiecka,02-528
5C:93:A2:5C:85:4D,PS4-4A29D503473D,52.07740021,4.29750204,5C:93:A2,6,wpa2,2024-12-08T18:00:00.000Z,2024-12-08T11:00:00.000Z,Den Haag,Zuid-Holland,NL,Noordwal,2513DX
5C:93:A2:5C:9F:05,PS4-D9ACB59A09E4,43.7057724,7.26655531,5C:93:A2,1,wpa2,2024-12-27T14:00:00.000Z,2024-12-27T06:00:00.000Z,Nice,Provence-Alpes-Côte d'Azur,FR,Rue Assalit,06000
5C:93:A2:5C:B7:B9,PS4-AC970AA1207B,-34.99097443,138.53440857,5C:93:A2,1,wpa2,2025-04-24T04:00:00.000Z,2025-04-24T01:00:00.000Z,Adelaide,South Australia,AU,Bells Road,5044
5C:93:A2:5C:C3:11,PS4-E111611C4F98,59.27964783,18.13637543,5C:93:A2,6,wpa2,2024-11-15T19:00:00.000Z,2024-11-15T11:00:00.000Z,,Stockholms län,SE,Byälvsvägen,128 47
5C:93:A2:5C:C3:D7,PS4-21D4A9B77869,52.72265625,-2.74042106,5C:93:A2,6,wpa2,2024-03-18T10:00:00.000Z,2025-03-31T05:00:00.000Z,,England,GB,Wingfield Close,SY1 4BD
5C:93:A2:5C:C5:13,PS4-8BA8E55B0284,-37.09756851,174.948349,5C:93:A2,13,wpa2,2026-04-22T01:00:00.000Z,2026-04-21T21:00:00.000Z,Papakura,Auckland,NZ,Great South Road,2113
5C:93:A2:5C:D4:E5,PS4-D202014927BE,53.68012619,-1.73838949,5C:93:A2,1,wpa2,2020-06-16T11:00:00.000Z,2024-11-22T23:00:00.000Z,Kirklees,England,GB,Leeds Road,HD2 1RQ
5C:93:A2:5C:D6:C5,PS4-5C41581A6F22,59.4316597,17.99358749,5C:93:A2,13,wpa2,2025-05-13T12:00:00.000Z,2025-05-25T03:00:00.000Z,,Stockholms län,SE,Danderydsvägen,192 55
5C:93:A2:5C:F6:D9,PS4-04C9C6C91DFC,51.47719574,-0.07279441,5C:93:A2,1,wpa2,2024-09-30T20:00:00.000Z,2024-10-03T18:00:00.000Z,London,England,GB,Commercial Way,SE15 5GQ
5C:93:A2:5D:23:6F,PS4-97F22C7DF5FA,51.39720535,7.76002312,5C:93:A2,11,wpa2,2025-05-15T12:00:00.000Z,2025-05-17T13:00:00.000Z,,Nordrhein-Westfalen,DE,Geitbecke,58675
5C:93:A2:5D:2C:AB,PS4-6CBD40AD1E70,49.17647934,16.59562874,5C:93:A2,3,wpa2,2024-03-26T09:00:00.000Z,2024-11-22T09:00:00.000Z,Brno,Jihovýchod,CZ,Vídeňská,63900
5C:93:A2:5D:30:F9,PS4-99E50F055B49,51.86871338,6.47909975,5C:93:A2,11,wpa2,2024-09-14T17:00:00.000Z,2024-09-19T14:00:00.000Z,Dinxperlo,Gelderland,NL,Beggelderdijk,7091HH
5C:93:A2:5D:32:A5,PS4-0FCD33AB292C,41.39417648,2.18178296,5C:93:A2,13,wpa2,2024-10-29T10:00:00.000Z,2025-08-14T05:00:00.000Z,Barcelona,Catalunya,ES,Carrer d'Alí Bei,08001
5C:93:A2:5D:34:7D,,47.25181961,8.77964401,5C:93:A2,1,unknown,2025-10-16T06:00:00.000Z,2025-10-24T06:00:00.000Z,,Zürich,CH,Etzelstrasse,8634
5C:93:A2:5D:34:CF,PS4-834BCAE43D06,-34.88250732,138.66085815,5C:93:A2,6,wpa2,2024-06-07T02:00:00.000Z,2025-03-31T19:00:00.000Z,Adelaide,South Australia,AU,Lower North East Road,5074
5C:93:A2:5D:3C:83,PS4-798A5516FC4C,52.12368393,-0.47237274,5C:93:A2,8,wpa2,2026-04-29T18:00:00.000Z,2026-04-30T12:00:00.000Z,,England,GB,Ampthill Road,MK42 9PU
5C:93:A2:5D:49:37,PS4-C792AFFD0912,48.67682266,2.38508034,5C:93:A2,6,wpa2,2024-02-20T16:00:00.000Z,2025-03-07T05:00:00.000Z,,Île-de-France,FR,Rue des Mazières,91170
5C:93:A2:5D:58:C7,PS4-080DF1473C26,52.43994522,-1.83425891,5C:93:A2,4,wpa2,2023-03-19T17:00:00.000Z,2026-05-17T02:00:00.000Z,Birmingham,England,GB,Fox Hollies Road,B27 7PX
5C:93:A2:5D:63:B1,PS4-1B3D6E08EBAB,53.6391716,-2.99623895,5C:93:A2,6,wpa2,2024-01-09T19:00:00.000Z,2026-05-31T09:00:00.000Z,,England,GB,Southbank Road,PR8 6TH
5C:93:A2:5D:6C:AD,PS4-925B974384D4,55.9738121,-3.26072216,5C:93:A2,11,wpa2,2025-04-25T14:00:00.000Z,2025-12-26T08:00:00.000Z,City of Edinburgh,Alba / Scotland,GB,Muirhouse Parkway,EH4 4SE
5C:93:A2:5D:7A:91,PS4-A73DE209AEEA,24.49758911,54.3766861,5C:93:A2,1,wpa2,2025-08-28T16:00:00.000Z,2025-08-28T09:00:00.000Z,أبو ظبي,أبو ظبي,AE,شارع فَاقِي,103
5C:93:A2:5D:A9:AD,PS4-9544C5F816E8,51.27510452,1.08014846,5C:93:A2,6,wpa2,2025-05-13T11:00:00.000Z,2025-05-22T11:00:00.000Z,Canterbury,England,GB,Rhodaus Town,CT1 2YA
5C:93:A2:5D:AC:BD,PS4-FE23B66B8B15,45.81361771,15.95259476,5C:93:A2,6,wpa2,2025-04-21T13:00:00.000Z,2025-04-24T12:00:00.000Z,Zagreb,Gradska četvrt Črnomerec,HR,Podolje,10109
5C:93:A2:5D:C6:FD,PS4-A438F3266C65,51.46938324,-0.0178118,5C:93:A2,6,wpa2,2024-09-23T14:00:00.000Z,2026-03-02T00:00:00.000Z,London,England,GB,Bliss Crescent,SE13 7RQ
5C:93:A2:5D:CB:ED,PS4-B0A6CF32D06B,47.65295029,20.34024239,5C:93:A2,11,wpa2,2025-05-17T07:00:00.000Z,2025-05-17T02:00:00.000Z,,Észak-Magyarország,HU,Fő út,3359
5C:93:A2:5D:DA:BD,PS4-3D210A3C0719,46.97192764,10.54365921,5C:93:A2,1,wpa2,2024-10-23T14:00:00.000Z,2024-10-23T07:00:00.000Z,,Tirol,AT,Reschenstraße,6542
5C:93:A2:5E:0B:41,PS4-FE03615B9D8D,-41.22383881,174.80140686,5C:93:A2,9,wpa2,2025-07-04T22:00:00.000Z,2025-07-04T17:00:00.000Z,Wellington,Wellington,NZ,Phillip Street,6037
5C:93:A2:5E:1A:0D,PS4-1814733BEFF2,54.41770554,18.56747055,5C:93:A2,6,wpa2,2026-05-16T18:00:00.000Z,2026-05-30T15:00:00.000Z,Gdańsk,województwo pomorskie,PL,Admirała Arenda Dickmana,80-339
5C:93:A2:5E:3A:C3,PS4-244FCA448825,61.46988297,23.78775215,5C:93:A2,6,wpa2,2025-04-09T16:00:00.000Z,2025-04-09T09:00:00.000Z,Tampere,Manner-Suomi,FI,Nirvankatu,33800
5C:93:A2:5E:47:71,PS4-5F8D1637BBD0,53.33750534,-6.26560879,5C:93:A2,11,wpa2,2020-09-23T19:00:00.000Z,2024-09-28T14:00:00.000Z,Dublin,Leinster,IE,Wexford Street,D02 HY84
5C:93:A2:5E:6B:DF,PS4-3C5591855BF3,53.11485291,18.04949951,5C:93:A2,5,wpa2,2025-01-13T16:00:00.000Z,2025-01-17T21:00:00.000Z,,województwo kujawsko-pomorskie,PL,Nowotoruńska,85-856
5C:93:A2:5E:6F:1F,PS4-7E89B8ABDDB2,-33.3931694,148.00593567,5C:93:A2,9,wpa2,2020-12-12T10:00:00.000Z,2025-06-09T02:00:00.000Z,,New South Wales,AU,Young Street,2871
5C:93:A2:5E:84:E9,PS4-A2AAF14C16E4,50.68239975,4.20978689,5C:93:A2,6,wpa2,2022-09-01T06:00:00.000Z,2026-03-28T09:00:00.000Z,,Brabant wallon,BE,Rue des Frères Taymans,1480
5C:93:A2:5E:88:11,PS4-1E493B9D66AC,-27.64221954,152.8480072,5C:93:A2,6,wpa2,2023-12-24T23:00:00.000Z,2025-07-26T01:00:00.000Z,Ipswich City,Queensland,AU,,4301
5C:93:A2:5E:8F:45,PS4-E9E6764624D8,37.38888931,-5.98823452,5C:93:A2,6,wpa2,2024-10-17T19:00:00.000Z,2024-11-03T05:00:00.000Z,Sevilla,Andalucía,ES,Calle Conde de Ibarra,41004
5C:93:A2:5E:B3:69,PS4-967019AF131A,55.66374588,12.52100182,5C:93:A2,10,wpa2,2026-01-30T23:00:00.000Z,2026-01-30T16:00:00.000Z,København,Region Hovedstaden,DK,Banevolden,2500
5C:93:A2:5E:D0:83,PS4-744B361C7036,54.5928421,-1.34151804,5C:93:A2,3,wpa2,2024-09-28T19:00:00.000Z,2025-02-07T08:00:00.000Z,,England,GB,Ragpath Lane,TS19 9JX
5C:93:A2:5E:DF:B5,PS4-9787FE40C3C2,42.47227097,18.76464272,5C:93:A2,11,wpa2,2025-02-02T09:00:00.000Z,2025-02-02T02:00:00.000Z,,Opština Kotor,ME,M-1,85335
5C:93:A2:5E:E7:73,PS4-79E43BB863D7,50.1604538,9.09159756,5C:93:A2,1,wpa2,2025-11-30T14:00:00.000Z,2025-11-30T06:00:00.000Z,,Hessen,DE,Jahnstraße,63594
5C:93:A2:5E:F4:29,PS4-DA0024F8273E,50.48879242,19.43298531,5C:93:A2,4,wpa2,2021-09-25T12:00:00.000Z,2025-08-29T03:00:00.000Z,,województwo śląskie,PL,Franciszka Szymańskiego,42-400
5C:93:A2:5E:F4:85,PS4-21AE6FA8BFD9,52.055233,-2.70356107,5C:93:A2,6,wpa2,2026-06-12T12:00:00.000Z,2026-06-12T23:00:00.000Z,Hereford,England,GB,Ledbury Court,HR1 2SZ
5C:93:A2:5E:F6:29,PS4-844AFF59B383,-37.76459503,175.27807617,5C:93:A2,3,wpa2,2026-05-30T06:00:00.000Z,2026-06-05T16:00:00.000Z,,Waikato,NZ,Bankwood Road,3210
5C:93:A2:5F:00:99,PS4-FDF34A422ADF,55.60713196,-4.49516249,5C:93:A2,1,wpa2,2024-03-29T20:00:00.000Z,2025-01-16T09:00:00.000Z,,Alba / Scotland,GB,Sturrock Street,KA1 1JU
5C:93:A2:5F:0E:F9,PS4-15A17E392636,-27.57032394,152.95387268,5C:93:A2,6,wpa2,2025-08-21T05:00:00.000Z,2026-03-05T18:00:00.000Z,Brisbane City,Queensland,AU,Winslow Street,4076
5C:93:A2:5F:5D:9B,PS4-690D1330BE90,43.58007431,7.11305046,5C:93:A2,6,wpa2,2022-04-27T12:00:00.000Z,2026-03-09T12:00:00.000Z,,Provence-Alpes-Côte d'Azur,FR,D 6107,06160
5C:93:A2:5F:6F:A7,PS4-3865AF80B43D,49.15433121,7.02738047,5C:93:A2,11,wpa2,2024-05-12T17:00:00.000Z,2024-12-05T04:00:00.000Z,Grosbliederstroff,Grand Est,FR,,57520
5C:93:A2:5F:7C:15,PS4-FA5A07054932,54.08541107,19.30632782,5C:93:A2,11,wpa2,2025-03-19T17:00:00.000Z,2025-03-19T12:00:00.000Z,,województwo warmińsko-mazurskie,PL,Elbląska,82-335
5C:93:A2:5F:8B:41,PS4-1071DD257E91,51.46170807,11.98374176,5C:93:A2,6,wpa2,2025-09-23T09:00:00.000Z,2026-05-31T12:00:00.000Z,Halle,Sachsen-Anhalt,DE,Merseburger Straße,06110
5C:93:A2:5F:A8:FF,PS4-980BB7D32EEE,51.50021362,-0.2220636,5C:93:A2,6,wpa2,2025-04-03T20:00:00.000Z,2025-04-03T13:00:00.000Z,London,England,GB,Shepherds Bush Road,W6 7PH
5C:93:A2:5F:B0:CF,PS4-935F7737E043,51.4720192,11.97882652,5C:93:A2,1,wpa2,2024-10-17T12:00:00.000Z,2024-10-19T05:00:00.000Z,Halle,Sachsen-Anhalt,DE,Pfännerhöhe,06110
5C:93:A2:5F:B4:45,PS4-4D0393127390,51.20674896,3.21929145,5C:93:A2,13,wpa2,2024-12-16T14:00:00.000Z,2025-01-16T11:00:00.000Z,Brugge,West-Vlaanderen,BE,Noordzandstraat,8000
5C:93:A2:5F:C0:07,PS4-6A1A9E811E72,51.56340027,0.08095815,5C:93:A2,11,wpa2,2025-01-17T21:00:00.000Z,2025-01-17T17:00:00.000Z,London,England,GB,Ley Street,IG1 4BS
5C:93:A2:5F:C0:F9,PS4-3CA7E8BDD867,52.94475555,4.7818923,5C:93:A2,9,wpa2,2024-11-25T07:00:00.000Z,2024-11-27T06:00:00.000Z,,Noord-Holland,NL,Andromeda,1785DS
5C:93:A2:5F:F8:01,PS4-500E26FD7DBE,47.27305984,11.23802376,5C:93:A2,11,wpa2,2026-06-05T20:00:00.000Z,2026-07-19T13:00:00.000Z,,Tirol,AT,Franz-Plattner-Straße,6170
5C:93:A2:60:0F:8B,PS4-F09C1FBACBFD,48.90141678,8.5742979,5C:93:A2,6,wpa2,2025-02-15T13:00:00.000Z,2025-02-15T07:00:00.000Z,,Baden-Württemberg,DE,Ettlinger Straße,75210
5C:93:A2:60:1B:AB,PS4-95F9C2278D39,54.5676651,-1.35765171,5C:93:A2,1,wpa2,2026-05-24T11:00:00.000Z,2026-06-03T12:00:00.000Z,,England,GB,Fairfield Road,TS19 7PL
5C:93:A2:60:2B:03,PS4-07F0EEDC1B8F,-43.3096199,172.69207764,5C:93:A2,2,wpa2,2025-12-29T02:00:00.000Z,2025-12-28T19:00:00.000Z,,Canterbury,NZ,Aroha Street,7612
5C:93:A2:60:2F:23,PS4-A0BFCAE62210,-38.05753708,145.25088501,5C:93:A2,1,wpa2,2026-07-05T21:00:00.000Z,2026-07-05T15:00:00.000Z,Melbourne,Victoria,AU,Paterson Drive,3975
5C:93:A2:60:52:A5,PS4-3DBD5A6E9CF8,50.12643814,18.98335457,5C:93:A2,7,wpa2,2024-09-15T12:00:00.000Z,2026-02-13T09:00:00.000Z,Tychy,województwo śląskie,PL,Stefana Batorego,43-100
5C:93:A2:60:62:67,PS4-2312B4D031B0,-40.35138321,175.59841919,5C:93:A2,3,wpa2,2025-06-14T01:00:00.000Z,2025-06-13T22:00:00.000Z,,Manawatū-Whanganui,NZ,Wood Street,4440
5C:93:A2:60:7E:7F,PS4-62459D4DBC2E,47.4985199,19.03191948,5C:93:A2,5,wpa2,2023-10-11T19:00:00.000Z,2024-12-02T23:00:00.000Z,,Budapest,HU,Attila út,1013
5C:93:A2:60:7E:E1,PS4-DB56FCF595B0,55.85202408,-4.01822662,5C:93:A2,1,wpa2,2017-11-24T16:00:00.000Z,2025-07-05T23:00:00.000Z,,Alba / Scotland,GB,Calder Street,ML5 4
5C:93:A2:60:90:FD,PS4-E88C1D58A986,47.72718048,-1.74859011,5C:93:A2,5,wpa2,2026-02-17T16:00:00.000Z,2026-05-21T14:00:00.000Z,,Bretagne,FR,D 54,35390
5C:93:A2:60:B1:01,PS4-DC7331B863D4,52.15625763,20.68618393,5C:93:A2,2,wpa2,2025-08-26T08:00:00.000Z,2026-07-05T04:00:00.000Z,Kotowice,województwo mazowieckie,PL,MOP Brwinów Północ,05-840
5C:93:A2:60:B4:3B,PS4-F0E6A46D7C1E,51.33467865,12.3911829,5C:93:A2,7,wpa2,2017-08-27T13:00:00.000Z,2026-07-11T14:00:00.000Z,Leipzig,Sachsen,DE,Prager Straße,04103
5C:93:A2:60:C1:35,PS4-58E509D9F52E,-34.80053711,138.65951538,5C:93:A2,6,wpa2,2019-08-24T15:00:00.000Z,2026-01-05T02:00:00.000Z,Adelaide,South Australia,AU,McIntyre Road,5096
5C:93:A2:60:D5:17,PS4-8F79289FCC08,-37.98130798,145.06594849,5C:93:A2,11,wpa2,2017-04-24T08:00:00.000Z,2025-02-24T00:00:00.000Z,Melbourne,Victoria,AU,Balcombe Road,3194
5C:93:A2:60:E5:EF,PS4-B38D1B14896B,-37.62003708,144.71450806,5C:93:A2,9,wpa2,2024-08-17T21:00:00.000Z,2025-05-20T21:00:00.000Z,Melbourne,Victoria,AU,Calder Freeway,3427
5C:93:A2:60:E7:97,PS4-DF7DCBBD70E0,47.55450058,7.8052001,5C:93:A2,1,wpa2,2025-11-29T19:00:00.000Z,2025-11-29T12:00:00.000Z,,Aargau,CH,Riburgerstrasse,4310
5C:93:A2:60:EB:6D,PS4-ACD7353E69AA,46.82813263,12.75749969,5C:93:A2,6,wpa2,2025-09-14T10:00:00.000Z,2025-09-14T07:00:00.000Z,Stadt Lienz,Tirol,AT,Albin Egger-Straße,9900
5C:93:A2:60:EC:F9,PS4-816396E48596,47.52339935,7.70933008,5C:93:A2,11,wpa2,2025-02-28T21:00:00.000Z,2025-02-28T13:00:00.000Z,,Basel-Landschaft,CH,Krummeneichstrasse,4133
5C:93:A2:60:FC:6D,PS4-B532F1255090,53.20263672,5.81691742,5C:93:A2,6,wpa2,2025-12-12T14:00:00.000Z,2026-06-08T22:00:00.000Z,Leeuwarden,Fryslân,NL,Noord-/Zuidvliet,8921HG
5C:93:A2:61:09:D1,PS4-4EF902B449DB,51.10828018,17.10732651,5C:93:A2,9,wpa2,2025-06-25T18:00:00.000Z,2026-03-10T11:00:00.000Z,,województwo dolnośląskie,PL,Monte Cassino,51-681
5C:93:A2:61:1C:E1,PS4-2C25CDD0D114,59.96974564,10.92555904,5C:93:A2,3,wpa2,2026-08-19T19:00:00.000Z,2026-08-19T20:00:00.000Z,Oslo,Nordre Holen,NO,Vestlisvingen,0969
5C:93:A2:61:1F:87,PS4-CC45D8606808,55.8571701,-4.00368738,5C:93:A2,6,wpa2,2023-09-05T18:00:00.000Z,2025-07-05T22:00:00.000Z,,Alba / Scotland,GB,Locks Street,ML5 4
5C:93:A2:61:37:D9,PS4-7D3B4241A913,53.54836655,14.56833744,5C:93:A2,6,wpa2,2024-02-18T16:00:00.000Z,2025-04-11T00:00:00.000Z,,województwo zachodniopomorskie,PL,Mieczysława Niedziałkowskiego,72-010
5C:93:A2:61:45:71,PS4-ACE3C1712E86,35.58435822,139.66549683,5C:93:A2,6,wpa2,2022-08-02T22:00:00.000Z,2026-04-29T03:00:00.000Z,川崎市,神奈川県,JP,多摩沿線道路,211-0005
5C:93:A2:61:6F:D7,PS4-2635DA9DAA27,60.22826004,24.85011864,5C:93:A2,1,wpa2,2025-07-08T14:00:00.000Z,2025-10-08T06:00:00.000Z,Helsinki,Manner-Suomi,FI,Konalantie,00370
5C:93:A2:61:7A:57,PS4-C0E51EBA0FE4,52.06690598,4.27135944,5C:93:A2,6,wpa2,2026-08-21T12:00:00.000Z,2026-08-28T03:00:00.000Z,Den Haag,Zuid-Holland,NL,Loosduinsekade,2571CL
5C:93:A2:61:7F:A1,PS4-205BAA90E2D7,68.78594971,16.57285118,5C:93:A2,5,wpa2,2025-02-23T08:00:00.000Z,2026-06-09T21:00:00.000Z,,Troms og Finnmark,NO,Stokkemyrveien,9409
5C:93:A2:61:AD:1D,PS4-3B38D02DC355,35.95344162,139.3868866,5C:93:A2,1,wpa2,2025-07-26T11:00:00.000Z,2025-08-20T07:00:00.000Z,坂戸市,埼玉県,JP,関越自動車道,350-0235
5C:93:A2:61:B4:95,PS4-EAC231B445AD,51.88956451,0.91293687,5C:93:A2,6,wpa2,2017-07-19T11:00:00.000Z,2026-05-08T11:00:00.000Z,Colchester,England,GB,Brook Street,CO1 2QZ
5C:93:A2:61:B4:CB,PS4-F55A1208DA4E,52.06624222,4.27077103,5C:93:A2,6,wpa2,2025-12-22T16:00:00.000Z,2026-06-03T10:00:00.000Z,Den Haag,Zuid-Holland,NL,Soestdijksekade,2574AM
5C:93:A2:61:BE:0D,PS4-B835008BFC87,35.74202728,139.67965698,5C:93:A2,6,wpa2,2024-12-09T02:00:00.000Z,2024-12-08T20:00:00.000Z,板橋区,向原二丁目,JP,,1730036
5C:93:A2:61:D3:13,PS4-F9963388BA29,53.41059875,-2.97583723,5C:93:A2,11,wpa2,2025-11-23T18:00:00.000Z,2026-01-31T01:00:00.000Z,Liverpool,England,GB,Norton Street,L3 8LR
5C:93:A2:61:DE:D9,PS4-42E090780B6D,52.63985443,13.20780754,5C:93:A2,4,wpa2,2025-02-20T16:00:00.000Z,2026-08-22T09:00:00.000Z,,Brandenburg,DE,Berliner Straße,16761
5C:93:A2:62:41:69,PS4-870759EA793C,35.45343781,139.61283875,5C:93:A2,6,wpa2,2024-09-21T05:00:00.000Z,2024-09-23T14:00:00.000Z,横浜市,神奈川県,JP,県道81号線,231-0017
5C:93:A2:62:4A:BB,PS4-059F68DF2FAD,26.25722504,50.62880707,5C:93:A2,9,wpa2,2026-05-02T19:00:00.000Z,2026-05-10T09:00:00.000Z,,محافظة المحرق,BH,شارع الشيخ إبراهيم بن محمد,00000
5C:93:A2:62:77:31,PS4-9781DB33DF60,35.61749268,139.68919373,5C:93:A2,6,wpa2,2026-04-11T02:00:00.000Z,2026-04-11T08:00:00.000Z,目黒区,南一丁目,JP,,152-0003
5C:93:A2:62:79:D7,PS4-AEAC9A449B81,41.27788544,16.41934204,5C:93:A2,6,wpa2,2025-10-03T11:00:00.000Z,2025-10-03T06:00:00.000Z,Trani,Puglia,IT,Vico Maria Ciardi,76125
5C:93:A2:62:A9:CD,PS4-EE8EFA3A7C4A,34.73450089,135.33813477,5C:93:A2,6,wpa2,2025-03-22T02:00:00.000Z,2025-03-21T20:00:00.000Z,西宮市,兵庫県,JP,,662-8567
5C:93:A2:62:CA:5D,PS4-0DFAD4667288,5.68543005,-0.21030065,5C:93:A2,6,wpa2,2025-04-26T11:00:00.000Z,2025-04-27T04:00:00.000Z,,Greater Accra Region,GH,,GH-GE328-3680
5C:93:A2:62:D2:4F,PS4-690850897415,45.43957138,9.09102249,5C:93:A2,6,wpa2,2026-06-12T14:00:00.000Z,2026-08-19T06:00:00.000Z,,Lombardia,IT,Via dei Tigli,20090
5C:93:A2:62:DB:59,PS4-0E0B9FE52D33,35.23864365,139.6799469,5C:93:A2,6,wpa2,2026-08-26T07:00:00.000Z,2026-08-26T01:00:00.000Z,横須賀市,神奈川県,JP,横浜横須賀道路,238-8550
5C:93:A2:62:DD:A5,PS4-132D4A5EC7E1,47.28908539,7.71453667,5C:93:A2,6,wpa2,2024-09-26T10:00:00.000Z,2024-09-27T14:00:00.000Z,,Solothurn,CH,Solothurnstrasse,4702
5C:93:A2:62:FC:F7,PS4-FDED3FD21029,47.39006805,8.19042206,5C:93:A2,6,wpa2,2025-03-26T01:00:00.000Z,2025-03-25T18:00:00.000Z,,Aargau,CH,Brauereiweg,5600
5C:93:A2:63:14:5F,PS4-ED822B7D75C4,47.52108383,7.70781136,5C:93:A2,6,wpa2,2024-11-18T14:00:00.000Z,2024-11-18T07:00:00.000Z,,Basel-Landschaft,CH,Mühleweg,4133
5C:93:A2:63:23:8B,,52.2970314,-3.76691937,5C:93:A2,3,unknown,2025-11-29T22:00:00.000Z,2025-12-04T08:00:00.000Z,,Cymru / Wales,GB,,
5C:93:A2:63:53:6F,PS4-869C555B6A6D,49.02981567,8.38864326,5C:93:A2,6,wpa2,2026-07-18T19:00:00.000Z,2026-07-19T04:00:00.000Z,Karlsruhe,Baden-Württemberg,DE,Kanalweg,76149
5C:93:A2:63:65:AD,PS4-3BADEDC28484,50.9408226,6.5733633,5C:93:A2,6,wpa2,2026-01-28T18:00:00.000Z,2026-01-28T13:00:00.000Z,,Nordrhein-Westfalen,DE,Desdorfer Straße,50189
5C:93:A2:63:95:8F,PS4-1200D0B53468,49.19845581,10.17805672,5C:93:A2,3,wpa2,2026-02-03T22:00:00.000Z,2026-02-06T07:00:00.000Z,Schnelldorf,Bayern,DE,Rothenburger Straße,91625
5C:93:A2:63:97:D1,PS4-51B3D976623B,52.70510864,7.93612814,5C:93:A2,6,wpa2,2024-10-28T10:00:00.000Z,2024-11-15T21:00:00.000Z,,Niedersachsen,DE,An der Bahn,49632
5C:93:A2:63:A0:61,PS4-F26262F0E820,52.23623657,10.47813129,5C:93:A2,6,wpa2,2019-02-20T23:00:00.000Z,2024-12-09T04:00:00.000Z,Braunschweig,Niedersachsen,DE,Steinbrink,38122
5C:93:A2:63:D3:83,PS4-AAEC4AB1DA85,54.17471695,18.70138741,5C:93:A2,6,wpa2,2025-12-25T16:00:00.000Z,2025-12-25T12:00:00.000Z,,województwo pomorskie,PL,Dworcowa,83-032
5C:93:A2:64:05:07,PS4-90ED0B2456FB,38.84562683,-9.19970417,5C:93:A2,7,wpa2,2025-01-01T21:00:00.000Z,2025-01-07T07:00:00.000Z,Loures,Lisboa,PT,Rua Combatentes do Ultramar,2670-347
5C:93:A2:64:05:F3,PS4-BC9BABF7A813,40.81907654,0.52355301,5C:93:A2,11,wpa2,2024-11-17T10:00:00.000Z,2024-11-17T03:00:00.000Z,Tortosa,Catalunya,ES,Rambla de Felip Pedrell,43500
5C:93:A2:64:1B:0F,PS4-707137AAD711,45.0752182,14.67407036,5C:93:A2,11,wpa2,2025-07-21T14:00:00.000Z,2025-07-21T10:00:00.000Z,,Primorsko-goranska županija,HR,Grohot,51516
5C:93:A2:64:36:0F,PS4-758B7F2D15C6,50.08056259,14.45270538,5C:93:A2,6,wpa2,2024-11-03T13:00:00.000Z,2026-05-16T22:00:00.000Z,Hlavní město Praha,Praha,CZ,Ondříčkova,13000
5C:93:A2:64:3E:29,PS4-6E07F37E080E,51.48085785,-0.46025804,5C:93:A2,1,wpa2,2025-08-06T12:00:00.000Z,2025-11-11T14:00:00.000Z,London Borough of Hillingdon,England,GB,Bath Road,UB7 0DQ
5C:93:A2:64:44:7F,PS4-74431AFF6EFA,-36.78190231,174.75189209,5C:93:A2,5,wpa2,2023-07-19T09:00:00.000Z,2026-06-25T17:00:00.000Z,Devonport-Takapuna,Auckland,NZ,Wairau Road,0620
5C:93:A2:64:46:03,PS4-5820BD4039D4,51.38267899,-0.07778338,5C:93:A2,3,wpa2,2024-07-26T17:00:00.000Z,2025-07-13T12:00:00.000Z,London Borough of Croydon,England,GB,Addiscombe Railway Park,CR0 6HD
5C:93:A2:64:48:97,PS4-58D2B143C888,52.39366913,9.71834564,5C:93:A2,3,wpa2,2025-06-17T05:00:00.000Z,2025-06-21T03:00:00.000Z,Hannover,Niedersachsen,DE,Engelbosteler Damm,30167
5C:93:A2:64:72:59,PS4-60AAE2D3A17D,47.57213593,7.57497501,5C:93:A2,6,wpa2,2024-05-05T08:00:00.000Z,2025-12-13T01:00:00.000Z,Basel,Basel-Stadt,CH,Beckenstrasse,4056
5C:93:A2:64:78:1B,PS4-5D206DE5D94B,51.52270508,-0.21304514,5C:93:A2,9,wpa2,2026-05-30T14:00:00.000Z,2026-08-31T08:00:00.000Z,London,England,GB,Ladbroke Grove,W10 5LP
5C:93:A2:64:B2:2D,PS4-4ECF2A0DF8DD,49.87232208,21.79321671,5C:93:A2,1,wpa2,2026-04-15T12:00:00.000Z,2026-04-18T05:00:00.000Z,,województwo podkarpackie,PL,Zawale,38-100
5C:93:A2:64:B5:71,PS4-A377BC4C5A25,51.52777481,-0.46424893,5C:93:A2,4,wpa2,2024-11-19T17:00:00.000Z,2025-08-13T09:00:00.000Z,London Borough of Hillingdon,England,GB,Pield Heath Road,UB8 3NJ
5C:93:A2:64:BB:AD,PS4-2679A3C9A58F,51.52935791,-0.72224927,5C:93:A2,6,wpa2,2023-11-03T18:00:00.000Z,2024-10-26T16:00:00.000Z,,England,GB,Cookham Road,SL6 8BD
5C:93:A2:64:DA:49,,47.47937012,-92.23394775,5C:93:A2,0,unknown,2024-10-04T23:00:00.000Z,2024-10-08T21:00:00.000Z,,MN,US,County Highway 100,55705
5C:93:A2:64:E7:FB,PS4-BD3442AE25B0,38.57883072,-90.23978424,5C:93:A2,1,wpa2,2025-01-05T18:00:00.000Z,2025-10-28T15:00:00.000Z,Saint Louis,MO,US,Chariton Street,63111
5C:93:A2:65:33:69,PS4-78BA99C97F91,45.73042679,4.83686304,5C:93:A2,6,wpa2,2025-11-17T17:00:00.000Z,2026-07-22T23:00:00.000Z,Lyon,Auvergne-Rhône-Alpes,FR,Rue Simon Fryd,69007
5C:93:A2:65:3F:A9,PS4-61A972600F44,51.54573441,-0.136026,5C:93:A2,1,wpa2,2026-05-10T13:00:00.000Z,2026-05-11T02:00:00.000Z,London,England,GB,Bartholomew Road,NW5 2AJ
5C:93:A2:65:4A:C1,PS4-6FF88B602AA6,52.94876862,-1.0240891,5C:93:A2,6,wep,2025-07-28T08:00:00.000Z,2026-07-25T14:00:00.000Z,Rushcliffe,England,GB,Brickyard Lane,NG12 2HS
5C:93:A2:65:58:E3,PS4-196DF67CA041,51.98675156,5.0294795,5C:93:A2,6,wpa2,2024-10-02T16:00:00.000Z,2024-10-02T10:00:00.000Z,,Utrecht,NL,Lopikerweg oost,3412KC
5C:93:A2:65:63:43,PS4-465BD2A50C4A,34.71630478,135.63742065,5C:93:A2,6,wpa2,2024-11-11T03:00:00.000Z,2024-11-12T22:00:00.000Z,大東市,大阪府,JP,国道170号,5740074
5C:93:A2:65:70:0F,PS4-88CB2599F041,52.22520828,9.83742523,5C:93:A2,11,wpa2,2025-03-22T17:00:00.000Z,2025-03-22T11:00:00.000Z,,Niedersachsen,DE,Giebelstiegstraße,31157
5C:93:A2:65:75:F5,PS4-09A761DD4952,52.6835556,0.19057751,5C:93:A2,6,wpa2,2023-03-21T14:00:00.000Z,2026-02-17T11:00:00.000Z,King's Lynn and West Norfolk,England,GB,Lynn Road,PE14 7DA
5C:93:A2:65:78:37,PS4-ECDC6E71489C,52.96173096,-1.15059364,5C:93:A2,3,wpa2,2023-11-18T21:00:00.000Z,2025-07-08T16:00:00.000Z,City of Nottingham,England,GB,Mansfield Road,NG1 3HL
5C:93:A2:65:83:1D,PS4-E51993B8F386,-36.79272842,174.74697876,5C:93:A2,7,wpa2,2025-02-16T02:00:00.000Z,2025-02-16T02:00:00.000Z,Kaipātiki,Auckland,NZ,Northcote Road Shared Path,0627
5C:93:A2:65:8A:F5,PS4-CAE1E465CF89,34.67159271,135.53063965,5C:93:A2,6,wpa2,2024-06-15T06:00:00.000Z,2025-07-09T04:00:00.000Z,大阪市,大阪府,JP,玉造筋,543-0013
5C:93:A2:65:90:BF,PS4-D075EB6FE230,53.18478775,6.16687155,5C:93:A2,1,wpa2,2025-02-22T16:00:00.000Z,2025-02-22T08:00:00.000Z,,Fryslân,NL,Torenvalk,9231KN
5C:93:A2:65:AA:29,PS4-DA91E0C742F4,-26.23903847,28.42482567,5C:93:A2,3,wpa2,2025-06-25T09:00:00.000Z,2025-10-05T08:00:00.000Z,,Gauteng,ZA,Paul Kruger Road,1559
5C:93:A2:65:BA:1D,PS4-F2696663BED7,53.72968292,-1.50548387,5C:93:A2,10,wpa2,2021-06-06T17:00:00.000Z,2024-12-22T03:00:00.000Z,Leeds,England,GB,M62,WF3 3PS
5C:93:A2:65:BB:53,PS4-6EFFC31224D8,51.29351807,-0.23088092,5C:93:A2,8,wpa2,2022-08-12T18:00:00.000Z,2025-07-01T10:00:00.000Z,Reigate and Banstead,England,GB,Tadorne Road,KT20 5TD
5C:93:A2:65:C2:E3,PS4-FD3E608DF77E,53.47250748,-2.2574482,5C:93:A2,10,wpa2,2024-09-29T15:00:00.000Z,2025-01-01T12:00:00.000Z,Manchester,England,GB,Deansgate Interchange,M15 4ST
5C:93:A2:65:CB:AD,PS4-DE63F9E52C81,57.78152466,14.18194389,5C:93:A2,1,wpa2,2024-10-18T15:00:00.000Z,2024-10-18T09:00:00.000Z,Jönköping,Jönköpings län,SE,Östra Storgatan,553 20
5C:93:A2:65:DE:7B,PS4-2B877C059359,52.2359314,20.93515587,5C:93:A2,1,wpa2,2025-05-20T18:00:00.000Z,2025-06-04T11:00:00.000Z,Warszawa,województwo mazowieckie,PL,Jana Olbrachta,01-111
5C:93:A2:65:EA:F7,PS4-9474839DA9AB,26.15049553,50.50848007,5C:93:A2,2,wpa2,2026-06-14T16:00:00.000Z,2026-07-08T10:00:00.000Z,عالي,المحافظة الشمالية,BH,شارع الشيخ خليفة بن سلمان,38886
5C:93:A2:65:FA:A7,PS4-D64CB7E387D5,-26.09812355,28.11964417,5C:93:A2,6,wpa2,2026-09-04T08:00:00.000Z,2026-09-04T06:00:00.000Z,Sandton,Gauteng,ZA,Eastern Bypass,2065
5C:93:A2:66:1F:7B,PS4-88F6BBAD8A37,51.92443085,8.76573849,5C:93:A2,6,wpa2,2025-04-12T12:00:00.000Z,2025-05-10T15:00:00.000Z,,Nordrhein-Westfalen,DE,Am Ehberg,32832
5C:93:A2:66:27:4F,PS4-FAC4A2AC4DAF,48.73940659,2.24697757,5C:93:A2,1,wpa2,2026-06-30T11:00:00.000Z,2026-06-30T12:00:00.000Z,,Île-de-France,FR,Rue de Paris,91370
5C:93:A2:66:2D:67,PS4-DF96BF377475,-7.09300995,110.27214813,5C:93:A2,10,wpa2,2024-07-21T03:00:00.000Z,2025-03-29T06:00:00.000Z,,Jawa Tengah,ID,Jalan Raya Kaliwungu-Boja,
5C:93:A2:66:4B:5D,PS4-655CF5F6D883,-35.18231583,149.12406921,5C:93:A2,10,wpa2,2018-04-29T13:00:00.000Z,2026-08-18T00:00:00.000Z,,Ngunnawal,AU,Kurrama Close,2913
5C:93:A2:66:65:DD,PS4-54B575F9B880,36.70197296,4.05685854,5C:93:A2,6,wpa2,2025-03-10T20:00:00.000Z,2025-09-27T09:00:00.000Z,Tizi Ouzou تيزي وزو,Daïra Tizi Ouzou دائرة تيزي وزو,DZ,,150000
5C:93:A2:66:96:CD,PS4-46E1CA209287,37.98413849,-1.12963188,5C:93:A2,6,wpa2,2021-11-13T21:00:00.000Z,2024-12-30T14:00:00.000Z,Murcia,Región de Murcia,ES,Plaza del Cardenal Belluga,30001
5C:93:A2:66:99:D9,PS4-C345B04DC4FB,-37.69739914,145.05589294,5C:93:A2,6,wpa2,2025-06-01T08:00:00.000Z,2025-09-27T01:00:00.000Z,Melbourne,Victoria,AU,Settlement Road,3083
5C:93:A2:66:A0:A1,PS4-33DED04EAF4F,51.61058426,-1.22607839,5C:93:A2,11,wpa2,2024-12-27T16:00:00.000Z,2024-12-27T14:00:00.000Z,South Oxfordshire,England,GB,Abingdon Road,OX11 7SL
5C:93:A2:66:BE:25,PS4-52BCDA91230D,43.87101364,-78.94134521,5C:93:A2,11,wpa2,2021-01-05T17:00:00.000Z,2024-11-01T18:00:00.000Z,Whitby,Ontario,CA,Burns Street West,L1N 1H8
5C:93:A2:66:C8:8F,PS4-424E038F519A,-33.79870987,151.1337738,5C:93:A2,6,wpa2,2024-05-28T16:00:00.000Z,2024-11-27T00:00:00.000Z,Sydney,New South Wales,AU,Blenheim Road,2113
5C:93:A2:66:E8:7B,PS4-1764D3631E93,47.2268486,8.81861019,5C:93:A2,8,wpa2,2024-10-16T15:00:00.000Z,2024-10-16T11:00:00.000Z,Rapperswil-Jona,Sankt Gallen,CH,Obere Bahnhofstrasse,8640
5C:93:A2:66:EE:11,PS4-E50A45F1C989,-37.77885056,144.87506104,5C:93:A2,3,wpa2,2017-10-10T16:00:00.000Z,2025-05-29T20:00:00.000Z,Melbourne,Victoria,AU,Hampstead Road,3019
5C:93:A2:66:F4:F1,PS4-A8860AB12B8A,41.65972137,-0.89916742,5C:93:A2,8,wpa2,2025-12-27T12:00:00.000Z,2025-12-27T07:00:00.000Z,Zaragoza,Aragón,ES,Calle de la Reina Felicia,50003
5C:93:A2:66:F6:C9,PS4-FA459E487BEE,45.08344269,7.63972855,5C:93:A2,6,wpa2,2026-01-12T18:00:00.000Z,2026-01-12T11:00:00.000Z,Torino,Piemonte,IT,Via Michele Lessona,10145
5C:93:A2:67:18:55,PS4-AFA0A8B21F5E,47.22800827,4.99477148,5C:93:A2,6,wpa2,2025-08-24T12:00:00.000Z,2025-08-24T06:00:00.000Z,,Bourgogne-Franche-Comté,FR,Avenue de Spy,21220
5C:93:A2:67:22:01,PS4-9EB661AD82BC,47.1211319,8.50247478,5C:93:A2,6,wpa2,2018-11-23T16:00:00.000Z,2025-03-22T13:00:00.000Z,,Zug,CH,Stächpalmeggweg,6318
5C:93:A2:67:2A:21,PS4-1BFC2C18C73B,45.19289017,5.70845079,5C:93:A2,6,wpa2,2025-11-28T10:00:00.000Z,2025-12-03T12:00:00.000Z,Grenoble,Auvergne-Rhône-Alpes,FR,Rue Félix Esclangon,38000
5C:93:A2:67:41:F7,PS4-F92219C9D455,37.24149704,15.22037029,5C:93:A2,8,wpa2,2025-02-18T18:00:00.000Z,2026-08-30T23:00:00.000Z,Augusta,Sicilia,IT,Via Giovanni Lavaggi,96012
5C:93:A2:67:4F:C1,PS4-904701AF2950,52.02577591,8.89415169,5C:93:A2,3,wpa2,2025-08-23T18:00:00.000Z,2025-08-23T12:00:00.000Z,,Nordrhein-Westfalen,DE,Engelbert-Kämpfer-Straße,32657
5C:93:A2:67:54:C1,PS4-8941F24D578E,45.21624756,5.69184637,5C:93:A2,11,wpa2,2025-08-31T14:00:00.000Z,2025-08-31T12:00:00.000Z,,Auvergne-Rhône-Alpes,FR,Rue Félix Faure,38950
5C:93:A2:67:5D:47,PS4-CE74AED3DD58,47.8098793,13.04040432,5C:93:A2,1,wpa2,2025-01-02T11:00:00.000Z,2025-01-03T21:00:00.000Z,Salzburg,Salzburg,AT,Plainstraße,5020
5C:93:A2:67:7F:DF,PS4-181A2FE6F9F7,50.96954727,-1.36634815,5C:93:A2,9,wpa2,2017-03-14T16:00:00.000Z,2026-08-16T01:00:00.000Z,,England,GB,Copper Close,SO50 9DX
5C:93:A2:67:8F:F1,PS4-FC0B482A889A,25.03329468,121.50179291,5C:93:A2,11,wpa2,2024-09-15T03:00:00.000Z,2024-09-15T00:00:00.000Z,臺北市,臺北市,TW,艋舺大道,108
5C:93:A2:67:E5:85,PS4-3F40952FC626,52.08145905,5.18895435,5C:93:A2,11,wpa2,2016-10-09T15:00:00.000Z,2025-12-03T12:00:00.000Z,Utrecht,Utrecht,NL,Limalaan,3584CK
5C:93:A2:68:2D:6B,PS4-5B77D5712547,52.51231003,-1.47143054,5C:93:A2,6,wpa2,2022-04-09T09:00:00.000Z,2025-08-09T07:00:00.000Z,Nuneaton and Bedworth,England,GB,Chilvers Rise,CV10 7BQ
5C:93:A2:68:46:EF,PS4-5458E7CDC712,35.57350922,139.73220825,5C:93:A2,4,wpa2,2025-08-08T14:00:00.000Z,2025-08-08T20:00:00.000Z,大田区,大森西三丁目,JP,,143-0014
5C:93:A2:68:85:F3,PS4-320BB964B02B,24.98792076,121.44779205,5C:93:A2,6,wpa2,2025-09-30T23:00:00.000Z,2026-07-19T04:00:00.000Z,新北市,新北市,TW,中央路一段121巷,23663
5C:93:A2:68:A2:4F,PS4-7627576A1311,40.3776474,49.85133362,5C:93:A2,11,wpa2,2025-03-07T15:00:00.000Z,2025-03-07T08:00:00.000Z,Bakı İnzibati Ərazisi,Bakı,AZ,28 May küçəsi,AZ1000
5C:93:A2:68:C5:2B,PS4-08FA721E9DA8,35.76494598,139.35464478,5C:93:A2,6,wpa2,2024-03-09T07:00:00.000Z,2026-08-31T02:00:00.000Z,東京都,岸一丁目,JP,新青梅街道,190-1213
5C:93:A2:68:CA:1D,PS4-211AA848F944,51.93715286,4.42687559,5C:93:A2,6,wpa2,2025-07-14T14:00:00.000Z,2025-07-14T13:00:00.000Z,Rotterdam,Zuid-Holland,NL,Burgemeester Baumannlaan,3043AR
5C:93:A2:68:CC:69,PS4-470A338F5DC9,50.83512497,12.89379597,5C:93:A2,6,wpa2,2020-08-27T17:00:00.000Z,2026-07-21T07:00:00.000Z,Chemnitz,Sachsen,DE,Horst-Menzel-Straße,09112
5C:93:A2:68:D3:69,PS4-BFA3C9F21976,36.97276688,126.9914093,5C:93:A2,10,wpa2,2025-11-20T21:00:00.000Z,2025-11-23T03:00:00.000Z,평택시,경기도,KR,3rd Street,17927
5C:93:A2:68:EF:37,PS4-2E05F0805D12,35.57427979,139.40675354,5C:93:A2,11,wpa2,2025-10-18T09:00:00.000Z,2025-10-18T04:00:00.000Z,相模原市,神奈川県,JP,芝溝街道,194-0038
5C:93:A2:68:F6:E9,PS4-7B8F989E320A,35.00819778,135.76251221,5C:93:A2,6,wpa2,2024-09-10T07:00:00.000Z,2024-09-10T01:00:00.000Z,京都市,京都府,JP,高倉通,604-8112
5C:93:A2:69:08:59,PS4-438E09AC9838,35.0195694,135.96365356,5C:93:A2,6,wpa2,2025-09-06T03:00:00.000Z,2025-09-13T20:00:00.000Z,草津市,滋賀県,JP,下笠大路井線,525-0032
5C:93:A2:69:1F:C1,PS4-FA20BFFF1EF5,42.23143387,-8.71653652,5C:93:A2,1,wpa2,2024-10-18T19:00:00.000Z,2026-01-22T19:00:00.000Z,Vigo,Galicia,ES,Rúa de Venezuela,36204
5C:93:A2:69:2F:0F,PS4-150E260A6CA1,50.82854843,4.33520555,5C:93:A2,1,wpa2,2025-03-24T22:00:00.000Z,2025-03-24T15:00:00.000Z,,Région de Bruxelles-Capitale - Brussels Hoofdstedelijk Gewest,BE,Rue de Serbie - Serviëstraat,1060
5C:93:A2:69:3A:99,PS4-1E4FB6AED0E3,51.38168335,-0.39571586,5C:93:A2,6,wpa2,2002-06-24T11:00:00.000Z,2025-10-31T03:00:00.000Z,Elmbridge,England,GB,Rydens Road,KT12 3LN
5C:93:A2:69:48:71,PS4-8BD9DAD23380,51.12076187,-0.20256115,5C:93:A2,6,wpa2,2026-07-05T10:00:00.000Z,2026-07-05T04:00:00.000Z,,England,GB,Crawley Avenue,RH11 0AQ
5C:93:A2:69:4B:5D,PS4-39E4A1DD9870,50.85456085,2.87393665,5C:93:A2,6,wpa2,2026-07-26T17:00:00.000Z,2026-07-27T05:00:00.000Z,,West-Vlaanderen,BE,Haiglaan,8900
5C:93:A2:69:8B:0B,PS4-598F1BE18CAD,34.18890381,135.1631012,5C:93:A2,6,wpa2,2024-10-25T23:00:00.000Z,2025-04-25T23:00:00.000Z,和歌山市,和歌山県,JP,新和歌浦線,640-8511
5C:93:A2:69:94:8D,PS4-4FB7E652C9B2,51.0201683,-3.07319021,5C:93:A2,6,wpa2,2001-01-01T00:00:00.000Z,2026-09-02T19:00:00.000Z,Somerset West and Taunton,England,GB,Bridgwater Road,TA1 2DT
5C:93:A2:69:97:53,PS4-90B6D6A07E72,50.95423889,-4.13781214,5C:93:A2,1,wpa2,2021-08-23T10:00:00.000Z,2025-02-19T03:00:00.000Z,Torridge,England,GB,Calf Street,EX38 8
5C:93:A2:69:9C:E3,PS4-4B6891BEE524,45.7814064,4.88623905,5C:93:A2,6,wpa2,2025-03-28T18:00:00.000Z,2025-04-01T11:00:00.000Z,Villeurbanne,Auvergne-Rhône-Alpes,FR,Avenue Roger Salengro,69100
5C:93:A2:69:A8:51,PS4-939B8DAD4754,52.09726334,13.17931175,5C:93:A2,1,wpa2,2025-01-02T12:00:00.000Z,2025-01-04T08:00:00.000Z,,Brandenburg,DE,Schützenstraße,14943
5C:93:A2:69:AE:D5,PS4-B2AA11CDE8AB,52.09174728,5.06819677,5C:93:A2,6,wpa2,2026-03-19T17:00:00.000Z,2026-08-15T11:00:00.000Z,Utrecht,Utrecht,NL,Kerrieweg,3541RM
5C:93:A2:69:AF:E7,PS4-BBCB69553F80,25.01572609,121.53119659,5C:93:A2,9,wpa2,2016-01-17T11:00:00.000Z,2026-08-09T06:00:00.000Z,臺北市,臺北市,TW,汀州路三段,100
5C:93:A2:69:C6:13,PS4-10A30B497C1D,49.084198,16.19400787,5C:93:A2,1,wpa2,2022-10-30T17:00:00.000Z,2026-07-26T14:00:00.000Z,,Jihovýchod,CZ,,67556
5C:93:A2:69:C6:EB,PS4-92E0963D4AC6,43.47053146,-80.53277588,5C:93:A2,6,wpa2,2025-02-10T04:00:00.000Z,2025-04-03T19:00:00.000Z,Waterloo,Ontario,CA,Seagram Drive,N2L 3B6
5C:93:A2:69:D1:35,PS4-363B97094943,59.86745071,17.66478539,5C:93:A2,1,wpa2,2024-09-07T06:00:00.000Z,2024-09-07T03:00:00.000Z,Uppsala,Uppsala län,SE,Årstagatan,754 34
5C:93:A2:69:D2:5F,PS4-F65DC1EEDB93,43.71360397,-79.42842865,5C:93:A2,6,wpa2,2021-02-15T19:00:00.000Z,2025-01-18T17:00:00.000Z,Toronto,Ontario,CA,Bathurst Street,M6B 3B1
5C:93:A2:69:DF:11,PS4-0352C5C581FA,41.49458313,-74.01296997,5C:93:A2,6,wpa2,2025-06-09T14:00:00.000Z,2025-06-09T07:00:00.000Z,,NY,US,South Lander Street,12550
5C:93:A2:69:EA:3D,PS4-DFB159B4A52A,50.08721542,14.3645792,5C:93:A2,6,wpa2,2024-10-15T19:00:00.000Z,2025-10-25T10:00:00.000Z,Hlavní město Praha,Praha,CZ,Radimova,16900
5C:93:A2:6A:01:AF,PS4-92D0B2FAF402,-26.06141281,27.99734879,5C:93:A2,7,wpa2,2025-09-12T09:00:00.000Z,2026-07-18T01:00:00.000Z,Randburg,Gauteng,ZA,Mandeville Road,2021
5C:93:A2:6A:26:C9,PS4-C01E0F4F8E86,51.41057587,-0.29480717,5C:93:A2,11,wpa2,2025-08-20T13:00:00.000Z,2025-08-20T09:00:00.000Z,London,England,GB,London Road,KT2 6PX
5C:93:A2:6A:37:C1,PS4-EFF880F4F182,33.89030838,-84.17763519,5C:93:A2,6,wpa2,2024-10-03T23:00:00.000Z,2026-08-17T22:00:00.000Z,,GA,US,Rockbridge Road,30093
5C:93:A2:6A:43:3B,PS4-EE62A6D15592,-34.114151,18.8322258,5C:93:A2,6,wpa2,2025-07-04T14:00:00.000Z,2025-07-04T10:00:00.000Z,,Western Cape,ZA,Main Road,7130
5C:93:A2:6A:44:DB,PS4-8424C6DA40B9,41.40330124,2.19927788,5C:93:A2,6,wpa2,2024-06-24T03:00:00.000Z,2025-09-27T13:00:00.000Z,Barcelona,Catalunya,ES,Passatge de Bosch i Labrús,08005
5C:93:A2:6A:49:9B,PS4-78A41D29DFB3,40.43208694,-86.88310242,5C:93:A2,6,wpa2,2024-12-24T17:00:00.000Z,2024-12-24T14:00:00.000Z,Lafayette,IN,US,Greenbush Street,47904
5C:93:A2:6A:49:B7,(no SSID),40.79695892,-74.16106415,5C:93:A2,1,none,2025-01-16T14:00:00.000Z,2025-08-14T18:00:00.000Z,,NJ,US,Joralemon Street,07109
5C:93:A2:6A:55:5F,PS4-41F37E2343F9,48.33493423,17.31136131,5C:93:A2,11,wpa2,2019-10-19T13:00:00.000Z,2024-12-03T09:00:00.000Z,,Bratislavský kraj,SK,Štúrova,900 01
5C:93:A2:6A:5A:A1,PS4-DF53FC91CDD2,43.07173157,141.35464478,5C:93:A2,2,wpa2,2025-02-25T06:00:00.000Z,2025-05-15T05:00:00.000Z,札幌市,石狩振興局,JP,創成川通,060-0909
5C:93:A2:6A:6E:D3,PS4-0AD7B3F0E4C9,28.46290207,-16.25311852,5C:93:A2,11,wpa2,2026-01-29T00:00:00.000Z,2026-01-28T16:00:00.000Z,Santa Cruz de Tenerife,Santa Cruz de Tenerife,ES,Calle de Fernández Navarro,38003
5C:93:A2:6A:7D:95,PS4-9B34CF33BBBC,48.69461441,9.5676899,5C:93:A2,13,wpa2,2026-03-26T06:00:00.000Z,2026-03-26T04:00:00.000Z,,Baden-Württemberg,DE,Uhinger Straße,73095
5C:93:A2:6A:7F:7B,iPhone,55.9245491,-3.28179502,5C:93:A2,10,unknown,2025-09-28T18:00:00.000Z,2025-10-10T07:00:00.000Z,City of Edinburgh,Alba / Scotland,GB,Broomhouse Road,EH11 4AL
5C:93:A2:6A:84:BB,PS4-B71730D576BB,51.29893112,7.31685162,5C:93:A2,5,wpa2,2025-11-13T18:00:00.000Z,2026-09-02T02:00:00.000Z,,Nordrhein-Westfalen,DE,Wuppermannstraße,58256
5C:93:A2:6A:BA:65,PS4-BD8377EE44F0,51.45673752,11.97040844,5C:93:A2,11,wpa2,2025-07-08T12:00:00.000Z,2026-08-13T11:00:00.000Z,Halle,Sachsen-Anhalt,DE,Vogelweide,06130
5C:93:A2:6A:EF:B7,PS4-D38F2B967EC2,52.65747452,5.04330397,5C:93:A2,6,wpa2,2022-09-06T22:00:00.000Z,2025-01-14T06:00:00.000Z,,Noord-Holland,NL,Keern,1689PA
5C:93:A2:6A:F6:F7,MyAltice 1e8917,40.84157181,-73.89151001,5C:93:A2,10,unknown,2024-10-02T17:00:00.000Z,2024-10-04T13:00:00.000Z,City of New York,NY,US,Prospect Avenue,10460
5C:93:A2:6B:0D:25,PS4-45C81B913DBC,45.74908066,21.24340057,5C:93:A2,6,wpa2,2024-10-24T19:00:00.000Z,2024-10-24T13:00:00.000Z,Timișoara,Timiș,RO,Strada Daliei,300559
5C:93:A2:6B:16:E9,PS4-CD817C8DCA95,51.74435806,0.50934494,5C:93:A2,1,wpa2,2024-09-07T09:00:00.000Z,2024-09-07T13:00:00.000Z,Chelmsford,England,GB,Chelmer Village Way,CM2 6SN
5C:93:A2:6B:17:67,PS4-9363655EF066,38.93192673,-76.97597504,5C:93:A2,6,wpa2,2025-03-23T14:00:00.000Z,2025-03-24T21:00:00.000Z,Washington,DC,US,Lawrence Street Northeast,20018
5C:93:A2:6B:2E:2F,PS4-5686A63B7CD9,41.87774277,12.52287674,5C:93:A2,11,wpa2,2018-09-16T08:00:00.000Z,2026-04-10T11:00:00.000Z,Roma,Lazio,IT,Via Tarquinio Prisco,00181
5C:93:A2:6B:5D:AB,PS4-C0056FFD4C39,51.39429092,-0.06723374,5C:93:A2,3,wpa2,2025-01-18T23:00:00.000Z,2025-02-07T11:00:00.000Z,London,England,GB,Portland Road,SE25 4PT
5C:93:A2:6B:60:21,PS4-914DA0878134,52.42448425,9.43022728,5C:93:A2,6,wpa2,2024-01-17T18:00:00.000Z,2026-05-01T12:00:00.000Z,,Niedersachsen,DE,Südstraße,31515
5C:93:A2:6B:68:3F,PS4-AA5F622C7A86,51.57518387,0.07381255,5C:93:A2,6,wpa2,2025-11-30T19:00:00.000Z,2026-03-22T15:00:00.000Z,London Borough of Redbridge,England,GB,Eastern Avenue,IG2 6PE
5C:93:A2:6B:6D:31,PS4-C96170030507,55.70277786,12.55849266,5C:93:A2,13,wpa2,2026-01-25T19:00:00.000Z,2026-01-25T11:00:00.000Z,København,Region Hovedstaden,DK,Jagtvej,2200
5C:93:A2:6B:84:B9,PS4-53AC6C9C696E,51.48999786,-0.14885364,5C:93:A2,6,wpa2,2024-06-28T13:00:00.000Z,2025-12-23T01:00:00.000Z,London,England,GB,Ebury Bridge,SW1W 8SH
5C:93:A2:6B:93:E7,PS4-B0D4A1201410,50.98345947,12.43919373,5C:93:A2,4,wpa2,2024-12-28T19:00:00.000Z,2024-12-28T12:00:00.000Z,,Thüringen,DE,Mauerstraße,04600
5C:93:A2:6B:A6:43,PS4-0442611BF3AE,43.28061295,5.40777636,5C:93:A2,6,wpa2,2025-02-07T14:00:00.000Z,2026-05-16T09:00:00.000Z,Marseille,Provence-Alpes-Côte d'Azur,FR,Avenue de la Capelette,13010
5C:93:A2:6B:B8:1B,PS4-4D02A559EA80,35.73048401,139.51176453,5C:93:A2,6,wpa2,2024-02-18T07:00:00.000Z,2024-09-20T00:00:00.000Z,小平市,花小金井六丁目,JP,青梅街道,187-8510
5C:93:A2:6B:DF:41,PS4-8A876FE7DDE6,51.86067581,15.98787403,5C:93:A2,6,wpa2,2026-09-01T15:00:00.000Z,2026-09-01T10:00:00.000Z,,województwo lubuskie,PL,,67-410
5C:93:A2:6C:13:71,PS4-162081EFFF8A,34.67871475,135.60441589,5C:93:A2,6,wpa2,2024-12-26T06:00:00.000Z,2024-12-26T00:00:00.000Z,東大阪市,大阪府,JP,国道308号,577-0013
5C:93:A2:6C:35:AF,PS4-8CD603280AD2,35.48517609,139.62722778,5C:93:A2,6,wpa2,2025-07-08T11:00:00.000Z,2025-07-08T04:00:00.000Z,横浜市,神奈川県,JP,横浜上麻生道路,231-0017
5C:93:A2:6C:52:AF,PS4-A41E193FB96C,36.30272293,-115.26472473,5C:93:A2,10,wpa2,2026-01-10T07:00:00.000Z,2026-01-10T00:00:00.000Z,Las Vegas,NV,US,Palm Grove Road,89131
5C:93:A2:6C:5E:91,PS4-F48FF39E8A62,51.12350464,13.57949924,5C:93:A2,6,wpa2,2024-11-30T18:00:00.000Z,2025-11-30T13:00:00.000Z,,Sachsen,DE,Bahnhofstraße,01640
5C:93:A2:6C:66:6D,PS4-9B432D5C9CA6,42.34313583,-1.64865959,5C:93:A2,6,wpa2,2026-06-03T10:00:00.000Z,2026-06-05T05:00:00.000Z,,Navarra - Nafarroa,ES,Calle Zalduendo,
5C:93:A2:6C:76:A7,PS4-B4F77593E92B,41.36215591,-8.19537735,5C:93:A2,11,wpa2,2025-09-15T13:00:00.000Z,2026-04-04T12:00:00.000Z,"Margaride (Santa Eulália), Várzea, Lagares, Varziela e Moure",Porto,PT,Avenida Doutor Ribeiro de Magalhães,4610-266
5C:93:A2:6C:76:AF,PS4-7AB67E3FF8F3,49.77180862,17.37250519,5C:93:A2,6,wpa2,2026-01-03T16:00:00.000Z,2026-02-02T21:00:00.000Z,,Střední Morava,CZ,,78305
5C:93:A2:6C:91:29,PS4-9C7175574F25,50.07886887,14.43689728,5C:93:A2,2,wpa2,2024-10-06T11:00:00.000Z,2024-11-01T10:00:00.000Z,Hlavní město Praha,Praha,CZ,Italská,12000
5C:93:A2:6C:95:5F,PS4-916441892461,51.29906082,6.85824919,5C:93:A2,6,wpa2,2025-05-09T14:00:00.000Z,2025-05-12T22:00:00.000Z,,Nordrhein-Westfalen,DE,Wilhelmring,40878
5C:93:A2:6C:A2:CB,PS4-815DEC983AA9,49.90940094,8.13313198,5C:93:A2,11,wpa2,2025-12-03T13:00:00.000Z,2025-12-04T05:00:00.000Z,Stadecken-Elsheim,Rheinland-Pfalz,DE,Kreuznacher Straße,55271
5C:93:A2:6C:A4:9D,PS4-BB28038648CF,49.59204865,17.23433113,5C:93:A2,1,wpa2,2026-01-05T07:00:00.000Z,2026-01-05T00:00:00.000Z,Olomouc,Střední Morava,CZ,Foerstrova,77900
5C:93:A2:6C:CB:6F,PS4-9AC0A9F66C61,50.08508682,19.90612411,5C:93:A2,5,wpa2,2024-09-10T15:00:00.000Z,2024-09-10T08:00:00.000Z,Kraków,województwo małopolskie,PL,Gnieźnieńska,31-317
5C:93:A2:6C:F9:D5,PS4-2F54D3514BFF,47.22333908,9.58045959,5C:93:A2,11,wpa2,2024-10-25T14:00:00.000Z,2024-10-31T10:00:00.000Z,,Vorarlberg,AT,Kehrstraße,6800
5C:93:A2:6D:19:9F,PS4-407141BB5BBA,48.82556152,2.24680066,5C:93:A2,11,wpa2,2026-07-29T10:00:00.000Z,2026-08-02T13:00:00.000Z,Boulogne-Billancourt,Île-de-France,FR,Rue Yves Kermen,92100
5C:93:A2:6D:37:B9,PS4-E2EADC6A224F,42.22283554,-83.22961426,5C:93:A2,5,wpa2,2026-07-28T22:00:00.000Z,2026-08-15T18:00:00.000Z,,MI,US,Allen Road,48195
5C:93:A2:6D:73:31,PS4-16495FA5259E,52.2252121,9.8377037,5C:93:A2,11,wpa2,2025-03-22T17:00:00.000Z,2025-03-22T11:00:00.000Z,,Niedersachsen,DE,Giebelstiegstraße,31157
5C:93:A2:6D:8D:FD,PS4-A382BF64FFF3,49.5423851,8.59786606,5C:93:A2,11,wpa2,2025-05-23T08:00:00.000Z,2025-05-23T03:00:00.000Z,,Hessen,DE,Adolf-Loos-Weg,68519
5C:93:A2:6D:A0:9F,PS4-E0FF438D4A44,35.7122879,139.80534363,5C:93:A2,6,wpa2,2025-05-08T13:00:00.000Z,2026-02-14T03:00:00.000Z,墨田区,向島一丁目,JP,,130-8640
5C:93:A2:6E:14:E7,PS4-23D84678BFFB,35.60879517,138.93795776,5C:93:A2,5,wpa2,2025-12-18T10:00:00.000Z,2025-12-22T05:00:00.000Z,大月市,山梨県,JP,富士みち,402-0001
5C:93:A2:6E:24:9D,PS4-CC6C5FBB8022,54.35869598,18.64953423,5C:93:A2,3,wpa2,2025-02-21T22:00:00.000Z,2026-08-25T11:00:00.000Z,Gdańsk,województwo pomorskie,PL,Łagiewniki,80-855
5C:93:A2:6E:36:B1,PS4-C2D7C428B918,49.33143997,-123.14717865,5C:93:A2,6,wpa2,2024-07-07T19:00:00.000Z,2025-01-31T15:00:00.000Z,West Vancouver,British Columbia,CA,Fulton Avenue,V7T 1N7
5C:93:A2:78:85:55,,53.47145081,9.78997612,5C:93:A2,1,unknown,2023-10-21T19:00:00.000Z,2025-07-20T13:00:00.000Z,,Niedersachsen,DE,Bahnhofstraße,21629
5C:93:A2:78:95:11,LASER_WFQ10_789511_AJ,-31.90659332,115.96849823,5C:93:A2,6,unknown,2018-12-24T14:00:00.000Z,2026-02-13T20:00:00.000Z,,Western Australia,AU,Great Eastern Highway,6935
5C:93:A2:78:96:55,LASER_WFQ30_789655_AJ,10.94552326,124.02462006,5C:93:A2,6,unknown,2023-09-17T05:00:00.000Z,2025-06-24T22:00:00.000Z,,Cebu,PH,,
5C:93:A2:78:98:19,LASER_WFQ10_789819_AJ,-26.39717484,153.09048462,5C:93:A2,6,unknown,2025-01-21T02:00:00.000Z,2025-01-21T03:00:00.000Z,,Queensland,AU,Sunshine Beach Road,4567
5C:93:A2:78:99:49,LASER_WFQ10_789949_AJ,-32.04731369,115.80737305,5C:93:A2,6,unknown,2017-02-27T16:00:00.000Z,2026-05-19T02:00:00.000Z,,Western Australia,AU,Leach Highway,6154
5C:93:A2:78:9B:FF,LASER_WFQ10_789bff_AJ,-33.81159592,151.16114807,5C:93:A2,6,unknown,2025-03-23T04:00:00.000Z,2025-04-29T02:00:00.000Z,,New South Wales,AU,Centennial Avenue,2066
5C:93:A2:78:9C:0B,Hitachi W200 789c0b_AJ,37.33680725,-108.60167694,5C:93:A2,6,unknown,2021-02-25T22:00:00.000Z,2025-03-08T19:00:00.000Z,,CO,US,South Broadway,81321
5C:93:A2:78:A6:D3,LASER_WFQ50_78a6d3_AJ,-34.42816925,150.87908936,5C:93:A2,6,unknown,2025-08-14T03:00:00.000Z,2025-08-22T17:00:00.000Z,Wollongong City Council,New South Wales,AU,Crana Place,2500
5C:93:A2:78:A7:7F,LASER_WFQ10_78a77f_AJ,-32.94574356,151.6967926,5C:93:A2,6,unknown,2025-11-08T09:00:00.000Z,2025-11-08T01:00:00.000Z,Newcastle,New South Wales,AU,Joslin Street,2289
5C:93:A2:78:A8:CB,LASER_WFQ10_78a8cb_AJ,-37.80651093,144.89111328,5C:93:A2,6,unknown,2026-01-23T03:00:00.000Z,2026-03-24T17:00:00.000Z,Melbourne,Victoria,AU,Charles Street,3011
5C:93:A2:78:AD:AD,Hitachi W200 78adad_AJ,26.932724,-82.2845993,5C:93:A2,6,unknown,2025-05-19T13:00:00.000Z,2025-05-21T11:00:00.000Z,,FL,US,South McCall Road,34223
5C:93:A2:78:B2:B9,LASER_WFQ30_78b2b9_AJ,-34.80815887,138.69967651,5C:93:A2,6,unknown,2026-05-20T12:00:00.000Z,2026-05-29T10:00:00.000Z,Adelaide,South Australia,AU,Possingham Avenue,5097
5C:93:A2:78:B2:D7,LASER_WFQ10_78b2d7_AJ,-37.82867813,144.92747498,5C:93:A2,6,unknown,2025-04-30T03:00:00.000Z,2025-04-29T22:00:00.000Z,Melbourne,Victoria,AU,Citylink In-West Gate Out Ramp,3207
5C:93:A2:81:4E:5F,Hitachi W200 814e5f_AJ,43.32514572,-73.56912994,5C:93:A2,6,none,2026-07-22T23:00:00.000Z,2026-07-24T09:00:00.000Z,,NY,US,Moss Street,12839
5C:93:A2:81:4F:E7,LASER_WFQ50_814fe7_AJ,-34.80382538,138.61851501,5C:93:A2,6,wep,2026-04-25T20:00:00.000Z,2026-05-29T10:00:00.000Z,Adelaide,South Australia,AU,Atiu Street,5095
5C:93:A2:81:50:59,LASER_WFQ50_815059_AJ,-38.13317108,145.12582397,5C:93:A2,6,unknown,2025-11-01T04:00:00.000Z,2025-11-08T04:00:00.000Z,Melbourne,Victoria,AU,Tooyal Street,3199
5C:93:A2:81:64:31,LASER_WFQ50_816431_AJ,-37.9526825,145.04321289,5C:93:A2,6,unknown,2026-05-12T16:00:00.000Z,2026-06-02T10:00:00.000Z,Melbourne,Victoria,AU,Dunkley Avenue,3190
5C:93:A2:81:6C:E1,Hitachi W100 816ce1_AJ,45.510746,-92.99635315,5C:93:A2,6,unknown,2025-12-04T19:00:00.000Z,2025-12-04T13:00:00.000Z,,MN,US,Flink Avenue,55056
5C:93:A2:81:71:FB,Hitachi W50 8171fb_AJ,47.45620346,-122.28138733,5C:93:A2,6,unknown,2025-10-31T07:00:00.000Z,2026-01-31T23:00:00.000Z,,WA,US,South 164th Street,98188
5C:93:A2:81:77:B1,Hitachi W200 8177b1_AJ,44.92843246,-92.87963867,5C:93:A2,6,none,2024-12-13T23:00:00.000Z,2026-07-17T14:00:00.000Z,,MN,US,Sandcastle Drive,55129
5C:93:A2:83:C5:F7,Hitachi W100 83c5f7_AJ,34.74389267,-92.28200531,5C:93:A2,6,unknown,2025-05-25T01:00:00.000Z,2025-05-24T18:00:00.000Z,Little Rock,AR,US,South Chester Street,72201
5C:93:A2:83:C6:11,Hitachi W100 83c611_AJ,41.49675369,-87.69020844,5C:93:A2,6,unknown,2016-10-25T14:00:00.000Z,2025-03-09T07:00:00.000Z,,IL,US,Ludeman Drive,60461
5C:93:A2:83:C7:3F,Hitachi W200 83c73f_AJ,26.19727135,-80.20397949,5C:93:A2,6,none,2024-09-08T03:00:00.000Z,2024-09-08T00:00:00.000Z,,FL,US,State Road 7,33068
5C:93:A2:83:CA:5B,Hitachi W100 83ca5b_AJ,28.02021599,-81.92075348,5C:93:A2,6,unknown,2025-06-15T20:00:00.000Z,2026-07-31T18:00:00.000Z,Lakeland,FL,US,Bartow Road,33801
5C:93:A2:83:CB:23,Hitachi W100 83cb23_AJ,40.76667023,-74.17404938,5C:93:A2,6,unknown,2017-12-08T10:00:00.000Z,2025-03-08T18:00:00.000Z,Newark,NJ,US,Parker Street,07104
5C:93:A2:83:CC:15,Hitachi W100 83cc15_AJ,42.0841217,-75.91398621,5C:93:A2,6,none,2025-07-26T04:00:00.000Z,2025-07-28T00:00:00.000Z,,NY,US,Mitchell Avenue,13903
5C:93:A2:83:CC:83,Hitachi W100 83cc83_AJ,39.77425003,-84.07269287,5C:93:A2,6,unknown,2025-03-03T22:00:00.000Z,2025-09-11T18:00:00.000Z,,OH,US,Germany Lane,45431
5C:93:A2:83:CD:3F,Hitachi W100 83cd3f_AJ,28.80391693,-82.54512024,5C:93:A2,6,unknown,2024-05-28T22:00:00.000Z,2025-08-08T07:00:00.000Z,,FL,US,West Grover Cleveland Boulevard,34446
5C:93:A2:83:CE:4B,Hitachi W200 83ce4b_AJ,39.04948044,-81.59535217,5C:93:A2,6,none,2025-06-14T23:00:00.000Z,2025-07-28T00:00:00.000Z,,WV,US,I 77;WV 2,
5C:93:A2:83:D5:6D,Hitachi W100 83d56d_AJ,44.47647476,-103.80163574,5C:93:A2,6,unknown,2026-02-19T16:00:00.000Z,2026-02-19T14:00:00.000Z,Spearfish,SD,US,Purple Heart Memorial Highway,57783
5C:93:A2:83:D6:DB,Hitachi W100 83d6db_AJ,44.91412735,-93.25273132,5C:93:A2,6,none,2024-11-26T17:00:00.000Z,2024-11-26T15:00:00.000Z,Minneapolis,MN,US,East Minnehaha Parkway,55417:55419
5C:93:A2:83:E6:2F,Hitachi W100 83e62f_AJ,40.05761719,-85.65206146,5C:93:A2,6,unknown,2025-05-24T22:00:00.000Z,2025-05-24T15:00:00.000Z,,IN,US,Scatterfield Road,46013
5C:93:A2:83:EA:15,Hitachi W100 83ea15_AJ,40.52833939,-75.51160431,5C:93:A2,6,none,2016-07-03T18:00:00.000Z,2025-03-08T20:00:00.000Z,,PA,US,Eagle Drive,18049
5C:93:A2:89:D3:67,,37.68283081,-97.34043121,5C:93:A2,2,unknown,2025-09-01T22:00:00.000Z,2025-09-01T17:00:00.000Z,Wichita,KS,US,South Waco Street,67202
5C:93:A2:8A:6B:42,DIRECT-roku-062-375097,33.50946426,-112.14723206,5C:93:A2,149,wpa2,2025-09-04T20:00:00.000Z,2026-03-12T23:00:00.000Z,Phoenix,AZ,US,West Camelback Road,85019
5C:93:A2:8A:6B:84,DIRECT-roku-782-85DB71,36.27632141,-115.18871307,5C:93:A2,157,wpa2,2025-07-08T02:00:00.000Z,2026-09-05T22:00:00.000Z,North Las Vegas,NV,US,North Allen Lane,89031
5C:93:A2:8A:6B:B2,,42.50439835,-90.74091339,5C:93:A2,6,wpa2,2026-06-14T18:00:00.000Z,2026-06-14T13:00:00.000Z,Dubuque,IA,US,Northwest Arterial,52002
5C:93:A2:8A:6B:EE,,38.85979462,-104.68945312,5C:93:A2,157,wpa2,2024-11-23T20:00:00.000Z,2024-11-23T13:00:00.000Z,,CO,US,Colorado Tech Drive,80922
5C:93:A2:8A:6C:14,DIRECT-roku-204-2B63C1,40.84690094,-74.08273315,5C:93:A2,40,wpa2,2015-11-14T11:00:00.000Z,2025-09-19T11:00:00.000Z,,NJ,US,Hackensack Street,07073
5C:93:A2:8A:6C:27,,40.87093735,-111.87380981,5C:93:A2,10,wpa2,2017-10-20T15:00:00.000Z,2025-11-21T22:00:00.000Z,Bountiful,UT,US,Orchard Drive,84010
5C:93:A2:8A:6C:38,,33.47455978,-112.1428833,5C:93:A2,149,wpa2,2026-03-06T17:00:00.000Z,2026-03-06T13:00:00.000Z,Phoenix,AZ,US,West Lewis Avenue,85009
5C:93:A2:8A:6C:40,,36.05063629,-115.05524445,5C:93:A2,36,wpa2,2023-09-12T19:00:00.000Z,2024-11-04T11:00:00.000Z,Henderson,NV,US,,89014
5C:93:A2:8A:6C:6C,DIRECT-roku-458-9E0F21,36.16687012,-115.11008453,5C:93:A2,40,wpa2,2025-04-14T16:00:00.000Z,2025-07-05T05:00:00.000Z,Las Vegas,NV,US,,89104
5C:93:A2:8A:6D:00,,37.33671188,-122.03212738,5C:93:A2,36,wpa2,2023-11-25T17:00:00.000Z,2024-09-28T14:00:00.000Z,Cupertino,CA,US,North De Anza Boulevard,95014-7004
5C:93:A2:8A:6D:5D,DIRECT-roku-714-4BC57A,44.92841721,-92.93297577,5C:93:A2,48,wpa2,2023-02-10T15:00:00.000Z,2025-10-31T22:00:00.000Z,,MN,US,Surrey Lane,55125
5C:93:A2:8A:6D:AB,,40.72436142,-85.78197479,5C:93:A2,149,wpa2,2025-04-13T17:00:00.000Z,2025-04-13T11:00:00.000Z,,IN,US,East 700 South,46992
5C:93:A2:8A:6D:B6,DIRECT-roku-270-9DAD53,38.14466095,-85.68767548,5C:93:A2,157,wpa2,2024-12-06T03:00:00.000Z,2024-12-05T22:00:00.000Z,Louisville,KY,US,McCawley Road,40219
5C:93:A2:8A:6D:B8,,33.45593262,-112.06520844,5C:93:A2,2,wpa2,2019-11-03T10:00:00.000Z,2025-03-08T23:00:00.000Z,Phoenix,AZ,US,North 7th Street,85004-1905
5C:93:A2:8A:6D:D9,,43.09740829,-89.35813904,5C:93:A2,11,wpa2,2025-08-02T01:00:00.000Z,2026-08-05T11:00:00.000Z,Madison,WI,US,East Johnson Street,53704
5C:93:A2:8A:6E:EE,,45.51395035,-92.97631836,5C:93:A2,6,wpa2,2026-08-25T19:00:00.000Z,2026-08-26T19:00:00.000Z,,MN,US,Cedar Street,55056
5C:93:A2:8A:6F:45,DIRECT-roku-497-1DF8B9,36.82701492,-119.67292023,5C:93:A2,36,wpa2,2026-02-04T15:00:00.000Z,2026-02-04T07:00:00.000Z,,CA,US,Armstrong Avenue,93611-0530
5C:93:A2:8A:6F:4F,DIRECT-roku-062-E07F11,37.28971481,-121.87939453,5C:93:A2,157,wpa2,2026-01-09T02:00:00.000Z,2026-07-25T21:00:00.000Z,San Jose,CA,US,Rinconada Drive,95125
5C:93:A2:8A:6F:53,,37.49565125,-120.8713913,5C:93:A2,44,wpa2,2023-08-01T16:00:00.000Z,2025-05-01T17:00:00.000Z,Turlock,CA,US,CA 99,95381
5C:93:A2:8A:6F:AC,DIRECT-roku-591-9F648F,38.63348389,-90.20063782,5C:93:A2,48,wpa2,2025-07-26T19:00:00.000Z,2025-07-26T14:00:00.000Z,Saint Louis,MO,US,North 16th Street,63103
5C:93:A2:8A:6F:B2,,33.48590851,-112.08332825,5C:93:A2,11,wpa2,2020-03-25T19:00:00.000Z,2025-03-08T21:00:00.000Z,Phoenix,AZ,US,West Flower Street,85013
5C:93:A2:8A:6F:B4,,36.08831406,-115.31238556,5C:93:A2,157,wpa2,2026-06-12T19:00:00.000Z,2026-06-12T14:00:00.000Z,,NV,US,Golden Palms Court,89148
5C:93:A2:8A:6F:E1,,41.06213379,-111.94239044,5C:93:A2,8,wpa2,2025-09-08T22:00:00.000Z,2025-09-22T21:00:00.000Z,Layton,UT,US,East Gentile Street,84040
5C:93:A2:8A:70:63,DIRECT-roku-087-EED6B7,47.25350571,-93.61496735,5C:93:A2,6,wpa2,2025-05-05T21:00:00.000Z,2025-05-06T00:00:00.000Z,,MN,US,River Road,55721
5C:93:A2:8A:71:09,DIRECT-roku-879-72DE30,46.5447731,-87.39733887,5C:93:A2,157,wpa2,2024-12-29T20:00:00.000Z,2024-12-29T20:00:00.000Z,Marquette,MI,US,North 4th Street,49855
5C:93:A2:8A:71:49,                      ,38.8532486,-78.59286499,5C:93:A2,1,wpa2,2026-06-27T20:00:00.000Z,2026-06-27T13:00:00.000Z,,VA,US,Stoneburner Road,22824
5C:93:A2:8A:71:65,,37.58056259,-106.15545654,5C:93:A2,1,wpa2,2026-08-22T19:00:00.000Z,2026-08-30T18:00:00.000Z,,CO,US,1st Avenue,81144
5C:93:A2:8A:71:71,,40.733181,-111.93090057,5C:93:A2,1,wpa2,2022-10-28T16:00:00.000Z,2025-10-04T16:00:00.000Z,Salt Lake City,UT,US,1700 South,84104
5C:93:A2:8A:72:2B,,47.67198181,-117.43401337,5C:93:A2,1,wpa2,2001-07-09T15:00:00.000Z,2026-07-29T12:00:00.000Z,Spokane,WA,US,North Walnut Street,99205-4529
5C:93:A2:8A:72:92,,40.45198822,-89.02508545,5C:93:A2,36,wep,2024-09-16T02:00:00.000Z,2024-09-15T20:00:00.000Z,Bloomington,IL,US,Ginger Trail,61705
5C:93:A2:8A:72:B5,,47.70080185,-117.46076965,5C:93:A2,44,wpa2,2026-04-13T22:00:00.000Z,2026-07-08T12:00:00.000Z,Spokane,WA,US,North Driscoll Boulevard,99205
5C:93:A2:8A:72:CD,,39.37585068,-77.23246002,5C:93:A2,2,wpa2,2026-02-13T15:00:00.000Z,2026-02-13T08:00:00.000Z,,MD,US,I 70;US 40,21174
5C:93:A2:8A:72:CE,DIRECT-roku-097-D50AAA,39.62918091,-77.70005035,5C:93:A2,36,wpa2,2025-12-13T18:00:00.000Z,2026-01-13T11:00:00.000Z,Hagerstown,MD,US,Dual Highway,21740
5C:93:A2:8A:73:3C,DIRECT-roku-104-734701,44.77920151,-91.46076965,5C:93:A2,44,wpa2,2023-12-03T23:00:00.000Z,2025-02-17T14:00:00.000Z,Eau Claire,WI,US,State Highway 93,54701
5C:93:A2:8A:73:59,,39.56553268,-78.79673004,5C:93:A2,44,wpa2,2025-11-01T17:00:00.000Z,2025-11-01T17:00:00.000Z,,WV,US,Frankfort Highway,26753
5C:93:A2:8A:73:6D,DIRECT-roku-270-63632E,39.67159653,-119.71507263,5C:93:A2,157,wpa2,2022-12-08T18:00:00.000Z,2025-10-03T22:00:00.000Z,,NV,US,Ruddy Way,89441
5C:93:A2:8A:73:8E,DIRECT-roku-436-AB0625,47.50393295,-92.70994568,5C:93:A2,36,wpa2,2016-07-11T18:00:00.000Z,2025-03-02T00:00:00.000Z,,MN,US,,55758
5C:93:A2:8A:74:0B,DIRECT-roku-292-A0CC28,41.58597565,-84.43604279,5C:93:A2,157,wpa2,2022-05-25T20:00:00.000Z,2025-11-21T07:00:00.000Z,,OH,US,South Defiance Street,43570
5C:93:A2:8A:74:21,,49.05852509,-122.36203766,5C:93:A2,157,wpa2,2026-05-23T18:00:00.000Z,2026-05-23T12:00:00.000Z,Abbotsford,British Columbia,CA,Heron Avenue,V2T 6X5
5C:93:A2:8A:74:86,,36.132164,-105.66950226,5C:93:A2,8,wpa2,2025-04-18T13:00:00.000Z,2025-04-18T13:00:00.000Z,,NM,US,Upper Llano Road,87553
5C:93:A2:8A:75:67,                      ,47.6643219,-117.22125244,5C:93:A2,6,wpa2,2026-06-13T19:00:00.000Z,2026-06-13T13:00:00.000Z,,WA,US,East Broadway Avenue,99216
5C:93:A2:8A:75:A9,,41.53302383,-72.97956085,5C:93:A2,6,wep,2025-11-20T20:00:00.000Z,2025-12-19T15:00:00.000Z,,CT,US,Scott Road,06712
5C:93:A2:8A:75:B8,,33.66217804,-117.99401855,5C:93:A2,1,wpa2,2025-01-26T20:00:00.000Z,2025-01-26T14:00:00.000Z,Huntington Beach,CA,US,Frankfort Avenue,92648
5C:93:A2:8A:76:58,DIRECT-roku-899-3F61E5,39.16577911,-86.5145874,5C:93:A2,6,wpa2,2025-07-10T02:00:00.000Z,2025-07-10T11:00:00.000Z,Bloomington,IN,US,South Eagleson Avenue,47406
5C:93:A2:8A:76:75,DIRECT-roku-839-2D64D2,39.76922607,-105.12633514,5C:93:A2,44,wpa2,2025-04-17T13:00:00.000Z,2025-04-17T06:00:00.000Z,,CO,US,West 38th Avenue,80033
5C:93:A2:8A:76:8F,,37.33476257,-92.90906525,5C:93:A2,149,wep,2026-03-22T08:00:00.000Z,2026-03-22T11:00:00.000Z,Marshfield,MO,US,West 2nd Street,65706
5C:93:A2:8A:76:91,,37.38793945,-92.8317337,5C:93:A2,11,wep,2026-03-22T15:00:00.000Z,2026-03-22T11:00:00.000Z,,MO,US,East Madison Street,65713
5C:93:A2:8A:76:AF,,47.80033875,-103.27076721,5C:93:A2,11,wpa2,2026-06-26T02:00:00.000Z,2026-06-25T21:00:00.000Z,Watford City,ND,US,2nd Avenue Southeast,
5C:93:A2:8A:76:FD,DIRECT-roku-487-FE53ED,45.96324158,-86.25421906,5C:93:A2,36,wpa2,2025-05-19T20:00:00.000Z,2025-05-19T15:00:00.000Z,,MI,US,Deer Street,49854
5C:93:A2:8A:77:53,,33.97367859,-118.295578,5C:93:A2,11,wpa2,2024-11-30T21:00:00.000Z,2024-11-30T17:00:00.000Z,Los Angeles,CA,US,West 73rd Street,90044
5C:93:A2:8A:77:B9,,44.79422379,-106.9485321,5C:93:A2,157,wpa2,2024-10-13T18:00:00.000Z,2024-10-13T14:00:00.000Z,Sheridan,WY,US,Park Street,82801
5C:93:A2:8A:78:3E,DIRECT-roku-452-5F030F,37.12149429,-113.50348663,5C:93:A2,9,wpa2,2025-10-06T21:00:00.000Z,2025-10-06T15:00:00.000Z,,UT,US,Staheli Drive,
5C:93:A2:8A:78:61,,47.66788101,-117.43455505,5C:93:A2,1,wpa2,2018-06-21T18:00:00.000Z,2026-07-28T15:00:00.000Z,Spokane,WA,US,West Boone Avenue,99205-4529
5C:93:A2:8A:78:66,,38.3317337,-88.85488892,5C:93:A2,44,wpa2,2025-02-01T20:00:00.000Z,2025-02-06T15:00:00.000Z,,IL,US,East Fairfield Road,62864
5C:93:A2:8A:78:C1,,38.93862152,-94.67649078,5C:93:A2,36,wpa2,2026-04-10T03:00:00.000Z,2026-04-09T22:00:00.000Z,Overland Park,KS,US,Indian Creek Trail,66212-1804
5C:93:A2:8A:78:F3,,42.25635147,-71.78800201,5C:93:A2,1,wpa2,2026-01-30T16:00:00.000Z,2026-08-02T06:00:00.000Z,Worcester,MA,US,Grafton Street,01655
5C:93:A2:8A:79:00,5C:93:A2:8A:79:00,43.04675293,-77.08859253,5C:93:A2,6,wpa2,2026-03-25T13:00:00.000Z,2026-08-19T18:00:00.000Z,,NY,US,East Union Street,14513
5C:93:A2:8A:79:55,,29.55822372,-95.52784729,5C:93:A2,6,wpa2,2018-02-02T21:00:00.000Z,2025-10-15T10:00:00.000Z,Missouri City,TX,US,Misty Hollow Drive,77459
5C:93:A2:8A:7A:4F,,39.09053421,-84.46224213,5C:93:A2,6,wpa2,2024-11-28T19:00:00.000Z,2024-11-30T11:00:00.000Z,,KY,US,Waterworks Road,41075
5C:93:A2:8A:7A:97,,41.55091095,-90.52144623,5C:93:A2,1,wpa2,2025-06-21T17:00:00.000Z,2025-06-21T10:00:00.000Z,Bettendorf,IA,US,I 74,52807
5C:93:A2:8A:7B:6A,,33.45992661,-112.06215668,5C:93:A2,1,wpa2,2018-11-07T22:00:00.000Z,2025-03-08T19:00:00.000Z,Phoenix,AZ,US,East Portland Street,85004
5C:93:A2:8A:7B:7C,,39.32564545,-104.83375549,5C:93:A2,157,wpa2,2025-03-21T21:00:00.000Z,2025-03-25T05:00:00.000Z,,CO,US,Silver Hare Court,80184
5C:93:A2:8A:7B:DF,,43.17284775,-88.10791016,5C:93:A2,7,wpa2,2025-01-02T18:00:00.000Z,2026-08-02T17:00:00.000Z,,WI,US,Appleton Avenue,53051
5C:93:A2:8A:7C:0C,DIRECT-roku-915-EA6DC5,40.81476974,-96.7077179,5C:93:A2,11,wpa2,2025-06-18T21:00:00.000Z,2025-06-18T15:00:00.000Z,Lincoln,NE,US,P Street,68508
5C:93:A2:8A:7C:11,,39.09666824,-86.51163483,5C:93:A2,5,wpa2,2025-08-15T23:00:00.000Z,2025-09-04T22:00:00.000Z,,IN,US,East Dutcherman Drive,47401
5C:93:A2:8A:7C:2B,DIRECT-roku-184-6455AC,39.75608826,-86.1988678,5C:93:A2,10,wpa2,2016-03-04T21:00:00.000Z,2026-06-17T11:00:00.000Z,Indianapolis,IN,US,I 70,46202-5816
5C:93:A2:8A:7C:2F,,47.49055481,-117.57298279,5C:93:A2,6,wpa2,2025-08-11T18:00:00.000Z,2025-10-25T13:00:00.000Z,,WA,US,2nd Street,99004
5C:93:A2:8A:7C:8D,,39.63843155,-78.84944153,5C:93:A2,153,wpa2,2023-11-29T18:00:00.000Z,2026-05-30T08:00:00.000Z,,MD,US,Sixmile Road,
5C:93:A2:8A:7C:BC,,39.76018906,-104.83068848,5C:93:A2,6,wpa2,2024-01-28T21:00:00.000Z,2026-05-10T16:00:00.000Z,Aurora,CO,US,Worchester Street,80045
5C:93:A2:8A:7C:E6,,43.58633804,-116.21001434,5C:93:A2,48,wpa2,2025-03-12T10:00:00.000Z,2025-07-15T02:00:00.000Z,Boise,ID,US,South Jessie Street,83705
5C:93:A2:8A:7C:F4,,47.47659302,-122.22749329,5C:93:A2,11,wpa2,2025-03-12T21:00:00.000Z,2025-03-12T20:00:00.000Z,,WA,US,,98057
5C:93:A2:8A:7D:18,,47.40658951,-120.2634201,5C:93:A2,1,wpa2,2025-09-01T04:00:00.000Z,2026-07-28T01:00:00.000Z,,WA,US,North Kansas Avenue,98802
5C:93:A2:8A:7D:56,,45.17370605,-89.73452759,5C:93:A2,10,wpa2,2025-10-04T00:00:00.000Z,2025-10-12T16:00:00.000Z,,WI,US,South Alexander Street,54452
5C:93:A2:8A:7D:60,,40.92492676,-98.383461,5C:93:A2,1,wpa2,2025-05-13T14:00:00.000Z,2026-07-09T10:00:00.000Z,Grand Island,NE,US,Highway 281,68803
5C:93:A2:8A:7D:6F,,40.66904831,-74.12635803,5C:93:A2,1,wpa2,2024-02-21T17:00:00.000Z,2024-10-23T19:00:00.000Z,Bayonne,NJ,US,West 24th Street,07002
5C:93:A2:8A:7D:80,,33.56195831,-112.07150269,5C:93:A2,44,wpa2,2021-02-07T22:00:00.000Z,2025-03-08T22:00:00.000Z,Phoenix,AZ,US,East Orchid Lane,85020
5C:93:A2:8A:7D:88,DIRECT-roku-160-BCC1CA,33.43542862,-112.31095123,5C:93:A2,44,wpa2,2024-07-26T23:00:00.000Z,2026-08-27T06:00:00.000Z,Avondale,AZ,US,West Buckeye Road,85323
5C:93:A2:8A:7D:BE,DIRECT-roku-437-4A894F,33.46187592,-112.41446686,5C:93:A2,3,wpa2,2021-06-21T04:00:00.000Z,2025-03-09T07:00:00.000Z,,AZ,US,Papago Freeway,85338-3031
5C:93:A2:8A:7D:D0,,40.5648613,-111.87950134,5C:93:A2,149,wpa2,2025-05-13T15:00:00.000Z,2025-10-28T18:00:00.000Z,Sandy,UT,US,Calnette Drive,84070
5C:93:A2:8A:7D:DB,,37.7585144,-122.17646027,5C:93:A2,44,wpa2,2025-11-10T22:00:00.000Z,2025-11-10T18:00:00.000Z,Oakland,CA,US,Plymouth Street,94621
5C:93:A2:8A:7E:01,,43.32149506,-95.14998627,5C:93:A2,161,wpa2,2016-02-16T19:00:00.000Z,2024-12-20T20:00:00.000Z,,IA,US,Okoboji Avenue,51351
5C:93:A2:8A:7F:F4,,41.60483932,-90.43325043,5C:93:A2,11,wpa2,2025-04-13T16:00:00.000Z,2025-04-13T15:00:00.000Z,Bettendorf,IA,US,Indiana Avenue,52722
5C:93:A2:8A:80:0F,,29.50513649,-98.473526,5C:93:A2,36,wpa2,2026-05-17T08:00:00.000Z,2026-05-17T04:00:00.000Z,San Antonio,TX,US,Treeline Park,78209
5C:93:A2:8A:80:57,DIRECT-roku-708-937795,37.02732849,-93.22870636,5C:93:A2,149,wpa2,2024-10-29T00:00:00.000Z,2025-08-09T18:00:00.000Z,,MO,US,US 65,65721
5C:93:A2:8A:80:77,DIRECT-roku-009-3BCCD1,30.25753784,-97.8067627,5C:93:A2,4,wpa2,2023-09-16T17:00:00.000Z,2026-07-20T17:00:00.000Z,Austin,TX,US,Tamarron Boulevard,78746
5C:93:A2:8A:80:BB,,33.21155167,-111.86891174,5C:93:A2,1,wpa2,2025-11-30T18:00:00.000Z,2025-11-30T14:00:00.000Z,,AZ,US,South Dartford Drive,85248
5C:93:A2:8A:80:BE,,36.55256271,-119.39964294,5C:93:A2,1,wpa2,2026-02-27T01:00:00.000Z,2026-03-01T19:00:00.000Z,,CA,US,Ashley Avenue,93618
5C:93:A2:8D:7E:D2,,40.53197098,-74.33178711,5C:93:A2,1,wpa2,2026-08-02T20:00:00.000Z,2026-08-02T13:00:00.000Z,,NJ,US,New Jersey Turnpike,08837
5C:93:A2:8E:D3:37,,-27.60086823,151.93588257,5C:93:A2,0,none,2026-06-19T05:00:00.000Z,2026-06-25T22:00:00.000Z,Toowoomba,Queensland,AU,West Street,4250
5C:93:A2:8F:21:92,Koogold-2192,49.23060226,-123.00499725,5C:93:A2,1,wpa2,2025-05-01T06:00:00.000Z,2025-05-02T18:00:00.000Z,Burnaby,British Columbia,CA,Kingsway,V5H2A1
5C:93:A2:8F:93:26,,40.5722084,-74.09300995,5C:93:A2,149,wpa2,2023-08-01T13:00:00.000Z,2025-10-29T14:00:00.000Z,City of New York,NY,US,Midland Avenue,10306
5C:93:A2:8F:93:B3,,36.112957,-115.21726227,5C:93:A2,1,wpa2,2026-01-18T07:00:00.000Z,2026-01-18T00:00:00.000Z,,NV,US,South Lindell Road,89139
5C:93:A2:8F:94:90,DIRECT-roku-944-145DC3,40.75836563,-73.92897797,5C:93:A2,44,wpa2,2023-06-13T17:00:00.000Z,2024-10-04T16:00:00.000Z,City of New York,NY,US,35th Avenue,11106
5C:93:A2:8F:94:A5,,35.49646759,-97.61340332,5C:93:A2,157,wpa2,2025-03-10T15:00:00.000Z,2025-03-10T11:00:00.000Z,Oklahoma City,OK,US,Northwest 25th Street,73127
5C:93:A2:8F:94:D9,,34.06636047,-118.42711639,5C:93:A2,11,wpa2,2025-08-18T02:00:00.000Z,2026-02-10T23:00:00.000Z,Los Angeles,CA,US,Ashton Avenue,90024
5C:93:A2:8F:95:92,,35.06111145,-82.18847656,5C:93:A2,149,wpa2,2025-09-03T11:00:00.000Z,2025-09-11T10:00:00.000Z,,SC,US,Mount Lebanon Road,29322
5C:93:A2:8F:95:B3,,32.65997696,-97.37693787,5C:93:A2,6,wpa2,2026-02-03T03:00:00.000Z,2026-02-09T15:00:00.000Z,Fort Worth,TX,US,Wilkie Way,76133
5C:93:A2:8F:96:11,DIRECT-roku-975-6A0005,42.2645607,-71.83405304,5C:93:A2,6,wpa2,2025-06-20T13:00:00.000Z,2026-02-22T14:00:00.000Z,Worcester,MA,US,Chandler Street,01602
5C:93:A2:8F:96:24,,34.16191101,-84.80175018,5C:93:A2,11,wpa2,2026-06-09T15:00:00.000Z,2026-06-09T08:00:00.000Z,,GA,US,Etowah Drive,30120
5C:93:A2:8F:96:AE,,40.20653152,-79.76906586,5C:93:A2,157,wpa2,2025-03-10T03:00:00.000Z,2025-10-26T11:00:00.000Z,,PA,US,South 3rd Street,15089
5C:93:A2:8F:97:55,DIRECT-roku-655-157383,35.48430634,-97.52986908,5C:93:A2,44,wpa2,2016-07-23T14:00:00.000Z,2025-06-09T07:00:00.000Z,Oklahoma City,OK,US,North Classen Boulevard,73106
5C:93:A2:8F:97:F2,,30.69512939,-95.54794312,5C:93:A2,36,wpa2,2024-12-04T23:00:00.000Z,2024-12-20T22:00:00.000Z,,TX,US,Molly,77340
5C:93:A2:8F:98:03,,33.50212479,-111.91533661,5C:93:A2,6,wpa2,2018-04-25T13:00:00.000Z,2025-03-08T20:00:00.000Z,Scottsdale,AZ,US,North Parkway Avenue,85251
5C:93:A2:8F:98:0F,,33.61710739,-112.20252991,5C:93:A2,1,wpa2,2016-08-10T18:00:00.000Z,2025-03-08T20:00:00.000Z,Peoria,AZ,US,North 67th Avenue,85381
5C:93:A2:8F:98:C0,,40.64070511,-74.41678619,5C:93:A2,10,wpa2,2018-01-01T04:00:00.000Z,2026-05-28T07:00:00.000Z,,NJ,US,US 22,07062
5C:93:A2:8F:98:E0,,35.10895538,-101.35657501,5C:93:A2,6,wpa2,2018-01-04T17:00:00.000Z,2025-10-20T08:00:00.000Z,,TX,US,East 1st Street,79019
5C:93:A2:8F:98:E8,,37.69394684,-97.45774841,5C:93:A2,6,wep,2026-05-15T22:00:00.000Z,2026-05-15T19:00:00.000Z,Wichita,KS,US,West Central Avenue,67212
5C:93:A2:8F:98:F4,,29.18702698,-98.58969879,5C:93:A2,36,wpa2,2025-07-10T21:00:00.000Z,2025-07-10T16:00:00.000Z,,TX,US,Tiera,78073
5C:93:A2:8F:99:36,DIRECT-roku-953-7CA6D7,45.05412292,-92.81232452,5C:93:A2,6,wpa2,2025-10-11T19:00:00.000Z,2025-10-11T13:00:00.000Z,,MN,US,6th Street South,55082
5C:93:A2:8F:99:3E,DIRECT-roku-880-A31C11,38.22458649,-104.66820526,5C:93:A2,36,wpa2,2023-07-20T22:00:00.000Z,2026-03-24T00:00:00.000Z,Pueblo,CO,US,Starlite Drive,81005
5C:93:A2:8F:99:40,,39.65299606,-104.80300903,5C:93:A2,1,wpa2,2024-06-30T00:00:00.000Z,2025-11-09T21:00:00.000Z,Aurora,CO,US,East Hampden Avenue,80014-1319
5C:93:A2:8F:99:41,DIRECT-roku-619-F64629,27.64398193,-97.38575745,5C:93:A2,1,wpa2,2026-03-06T01:00:00.000Z,2026-03-05T19:00:00.000Z,Corpus Christi,TX,US,Radial Court,78414
5C:93:A2:8F:99:45,,29.97781754,-95.42295074,5C:93:A2,11,wpa2,2025-12-24T01:00:00.000Z,2025-12-25T15:00:00.000Z,,TX,US,North Freeway Frontage Road,77073
5C:93:A2:8F:99:5A,DIRECT-roku-142-EEB0F2,40.79909134,-73.93295288,5C:93:A2,40,wpa2,2023-11-05T18:00:00.000Z,2024-10-26T12:00:00.000Z,City of New York,NY,US,1st Avenue,10035-3501
5C:93:A2:8F:99:B5,,40.65952682,-73.90904236,5C:93:A2,1,wpa2,2026-08-14T21:00:00.000Z,2026-08-14T22:00:00.000Z,City of New York,NY,US,Newport Street,11212
5C:93:A2:8F:99:CC,,19.53490448,-154.98381042,5C:93:A2,1,wpa2,2025-12-20T22:00:00.000Z,2025-12-21T03:00:00.000Z,,HI,US,Hilonani Drive,96749
5C:93:A2:8F:9A:3E,,30.50007629,-97.68141174,5C:93:A2,36,wpa2,2026-01-14T17:00:00.000Z,2026-01-14T11:00:00.000Z,Round Rock,TX,US,I 35,78680
5C:93:A2:8F:9A:47,,36.11077499,-80.24717712,5C:93:A2,11,wpa2,2021-09-10T20:00:00.000Z,2026-08-21T11:00:00.000Z,Winston-Salem,NC,US,West Northwest Boulevard,27101-4331
5C:93:A2:8F:9A:73,,44.36531448,-100.33158875,5C:93:A2,11,wpa2,2024-10-20T18:00:00.000Z,2024-10-20T11:00:00.000Z,Pierre,SD,US,East Cabot Street,57501
5C:93:A2:8F:9A:B5,,33.63182831,-112.32040405,5C:93:A2,36,wpa2,2025-01-20T00:00:00.000Z,2025-01-19T16:00:00.000Z,Surprise,AZ,US,North El Mirage Road,85378
5C:93:A2:8F:9A:E3,DIRECT-roku-213-F3C8CF,36.17135239,-115.09284973,5C:93:A2,5,wpa2,2026-08-13T15:00:00.000Z,2026-08-13T15:00:00.000Z,Las Vegas,NV,US,North Honolulu Street,89104-5202
5C:93:A2:8F:9A:F9,,40.49323273,-74.45506287,5C:93:A2,11,wep,2026-03-18T14:00:00.000Z,2026-03-18T15:00:00.000Z,New Brunswick,NJ,US,James Street,08901
5C:93:A2:8F:9B:4A,DIRECT-roku-137-4D8A18,33.51449203,-112.09366608,5C:93:A2,8,wpa2,2022-05-23T09:00:00.000Z,2025-03-09T07:00:00.000Z,Phoenix,AZ,US,West Georgia Avenue,85013-2207
5C:93:A2:8F:9B:8B,,39.0337677,-94.3644104,5C:93:A2,1,wpa2,2023-11-15T06:00:00.000Z,2025-04-09T13:00:00.000Z,Independence,MO,US,Corporal M.E. Webster Memorial Parkway,64136
5C:93:A2:8F:9B:90,,51.15200424,-114.06848145,5C:93:A2,1,wpa2,2025-10-11T22:00:00.000Z,2025-10-26T11:00:00.000Z,Calgary,Alberta,CA,Country Hills Boulevard NW,T3K 5J9
5C:93:A2:8F:9B:A7,DIRECT-roku-706-0E456C,34.09762573,-118.2592392,5C:93:A2,157,wpa2,2020-06-28T18:00:00.000Z,2026-03-27T13:00:00.000Z,Los Angeles,CA,US,Glendale Boulevard,90039-2720
5C:93:A2:8F:9B:E4,DIRECT-roku-032-4932DE,39.90013885,-104.96997833,5C:93:A2,5,wpa2,2025-09-16T04:00:00.000Z,2025-09-16T20:00:00.000Z,,CO,US,East 112th Place,80233
5C:93:A2:8F:9B:F8,,32.11752701,-111.03535461,5C:93:A2,1,wpa2,2026-02-11T20:00:00.000Z,2026-02-11T14:00:00.000Z,,AZ,US,South Camino Bello,85746
5C:93:A2:8F:9C:1D,,30.16973877,-85.78231049,5C:93:A2,149,wpa2,2025-07-04T02:00:00.000Z,2025-07-03T19:00:00.000Z,,FL,US,Laurie Avenue,32408
5C:93:A2:8F:9C:2C,,38.23598099,-104.63909149,5C:93:A2,36,wpa2,2026-02-21T05:00:00.000Z,2026-02-21T10:00:00.000Z,Pueblo,CO,US,Acero Avenue,81003
5C:93:A2:8F:9C:D0,,32.97218704,-96.33391571,5C:93:A2,2,wpa2,2025-02-16T19:00:00.000Z,2025-02-16T11:00:00.000Z,Royse City,TX,US,New Street,75189
5C:93:A2:8F:9C:E0,DIRECT-roku-059-FE515C,35.15655899,-90.0381012,5C:93:A2,149,wpa2,2025-10-13T13:00:00.000Z,2025-10-13T07:00:00.000Z,Memphis,TN,US,Mill Avenue,38105
5C:93:A2:8F:9D:1D,,29.7808075,-95.78509521,5C:93:A2,157,wpa2,2026-04-26T17:00:00.000Z,2026-04-26T11:00:00.000Z,,TX,US,Ernstes Road,77494
5C:93:A2:8F:9D:2A,,35.03856659,-106.7284317,5C:93:A2,6,wpa2,2026-03-25T22:00:00.000Z,2026-03-25T17:00:00.000Z,Albuquerque,NM,US,Blake Road Southwest,87121
5C:93:A2:8F:9D:44,DIRECT-roku-601-A20D68,34.73960495,-82.24318695,5C:93:A2,11,wpa2,2024-03-10T14:00:00.000Z,2026-08-01T13:00:00.000Z,Simpsonville,SC,US,East Curtis Street,29681
5C:93:A2:8F:9D:8C,DIRECT-roku-588-B1EF5C,36.04751587,-115.03540039,5C:93:A2,36,wpa2,2026-06-17T17:00:00.000Z,2026-06-17T14:00:00.000Z,Henderson,NV,US,Sweet Jewel Street,89014-2612
5C:93:A2:8F:9D:AA,DIRECT-roku-585-C78457,29.51321983,-98.662323,5C:93:A2,6,wpa2,2023-09-13T03:00:00.000Z,2026-07-08T04:00:00.000Z,San Antonio,TX,US,Tezel Road,78250
5C:93:A2:8F:9D:E4,,35.10838699,-78.93768311,5C:93:A2,44,wpa2,2025-09-03T14:00:00.000Z,2025-09-17T09:00:00.000Z,Fayetteville,NC,US,Shaw Road,28303
5C:93:A2:8F:9D:F6,,39.70773697,-105.02979279,5C:93:A2,1,wpa2,2026-04-23T19:00:00.000Z,2026-04-23T18:00:00.000Z,Denver,CO,US,South Irving Street,80219
5C:93:A2:8F:9E:57,,41.05724716,-86.59877777,5C:93:A2,44,wpa2,2025-07-27T22:00:00.000Z,2026-08-15T16:00:00.000Z,,IN,US,SR 14,46996
5C:93:A2:8F:9E:99,,33.58496857,-117.1834259,5C:93:A2,44,wpa2,2025-04-26T18:00:00.000Z,2025-04-26T23:00:00.000Z,Murrieta,CA,US,Via Las Sintras,92562
5C:93:A2:8F:9E:A6,,50.48088455,-104.65740967,5C:93:A2,9,wpa2,2017-03-06T12:00:00.000Z,2025-12-23T19:00:00.000Z,Regina,Saskatchewan,CA,7th Avenue North,S4R 7M2
5C:93:A2:8F:9E:BB,,39.01306152,-94.21801758,5C:93:A2,48,wpa2,2025-06-25T00:00:00.000Z,2025-06-24T17:00:00.000Z,,MO,US,Northwest Willow Drive,64029
5C:93:A2:8F:9E:CB,,34.89651108,-82.78179169,5C:93:A2,6,wpa2,2026-07-25T20:00:00.000Z,2026-07-27T08:00:00.000Z,,SC,US,Shady Grove Road,29685
5C:93:A2:8F:9F:23,,34.19668579,-118.84238434,5C:93:A2,7,none,2026-08-17T12:00:00.000Z,2026-08-17T21:00:00.000Z,Thousand Oaks,CA,US,Erbes Road,91362
5C:93:A2:8F:9F:25,                      ,34.1968689,-118.84237671,5C:93:A2,6,wpa2,2024-02-21T22:00:00.000Z,2026-08-17T21:00:00.000Z,Thousand Oaks,CA,US,Erbes Road,91362
5C:93:A2:8F:9F:4C,DIRECT-roku-172-A07724,49.26637268,-123.00390625,5C:93:A2,153,wpa2,2025-12-31T20:00:00.000Z,2025-12-31T14:00:00.000Z,Burnaby,British Columbia,CA,Lougheed Highway,V5C 0J3
5C:93:A2:8F:9F:A9,DIRECT-roku-302-1AEFBD,33.46459198,-112.23465729,5C:93:A2,6,wpa2,2026-07-20T18:00:00.000Z,2026-07-20T13:00:00.000Z,Phoenix,AZ,US,West Lynwood Street,85353
5C:93:A2:8F:A0:28,,29.93969727,-95.31290436,5C:93:A2,6,wpa2,2025-09-25T13:00:00.000Z,2025-11-18T17:00:00.000Z,Houston,TX,US,North Sam Houston Parkway East,73032
5C:93:A2:8F:A0:54,5C:93:A2:8F:A0:54,29.53017426,-95.41667938,5C:93:A2,44,wpa2,2026-01-20T03:00:00.000Z,2026-09-04T20:00:00.000Z,,TX,US,North Airline Road,77583
5C:93:A2:8F:A0:58,DIRECT-roku-836-11D60A,39.89328003,-104.82781982,5C:93:A2,40,wpa2,2026-08-26T23:00:00.000Z,2026-08-31T22:00:00.000Z,,CO,US,Potomac Street,80640
5C:93:A2:8F:A0:95,,39.60909653,-105.00683594,5C:93:A2,44,wpa2,2026-08-23T21:00:00.000Z,2026-08-23T16:00:00.000Z,,CO,US,South Windermere Street,80120
5C:93:A2:8F:A0:9E,,29.52613068,-98.41075134,5C:93:A2,36,wpa2,2024-09-18T16:00:00.000Z,2024-11-02T13:00:00.000Z,San Antonio,TX,US,Sun Gate Street,78217
5C:93:A2:8F:A0:B0,,29.50641251,-98.52777863,5C:93:A2,36,wpa2,2025-01-21T00:00:00.000Z,2025-03-03T03:00:00.000Z,San Antonio,TX,US,Trudell Drive,78213
5C:93:A2:8F:A0:E9,DIRECT-roku-900-EF8FBB,38.22463226,-104.66809082,5C:93:A2,157,wpa2,2024-04-02T02:00:00.000Z,2026-04-08T10:00:00.000Z,Pueblo,CO,US,Starlite Drive,81005
5C:93:A2:8F:A0:FD,,35.59394455,-97.49829102,5C:93:A2,3,wpa2,2025-03-23T14:00:00.000Z,2025-03-23T08:00:00.000Z,Oklahoma City,OK,US,Northeast 122nd Street,73114
5C:93:A2:8F:A1:2F,DIRECT-roku-470-F55715,29.5474472,-98.54545593,5C:93:A2,11,wpa2,2023-07-31T22:00:00.000Z,2026-08-14T10:00:00.000Z,San Antonio,TX,US,Wurzbach Road,78230-1898
5C:93:A2:8F:A1:5E,,31.00750542,-86.33157349,5C:93:A2,36,wpa2,2024-03-13T23:00:00.000Z,2024-12-19T22:00:00.000Z,,AL,US,West 5th Avenue,36442
5C:93:A2:8F:A2:26,DIRECT-roku-416-0AB5DE,26.58801079,-81.67932129,5C:93:A2,48,wpa2,2024-10-21T20:00:00.000Z,2026-07-21T08:00:00.000Z,,FL,US,28th Street Southwest,33971
5C:93:A2:8F:A2:6A,,40.99178314,-72.53555298,5C:93:A2,48,wpa2,2025-06-01T02:00:00.000Z,2026-08-16T19:00:00.000Z,,NY,US,Pike Street,11952
5C:93:A2:8F:A2:6E,DIRECT-roku-239-5079A9,34.03055573,-117.65244293,5C:93:A2,44,wpa2,2004-04-25T23:00:00.000Z,2025-11-08T21:00:00.000Z,Ontario,CA,US,Pomona Freeway,91761
5C:93:A2:8F:A2:78,DIRECT-roku-083-B2A5A9,44.98644638,-93.25405121,5C:93:A2,157,wpa2,2017-01-21T10:00:00.000Z,2026-05-16T23:00:00.000Z,Minneapolis,MN,US,Southeast University Avenue,55414
5C:93:A2:8F:A2:DE,DIRECT-roku-158-F98B28,26.20066071,-80.26101685,5C:93:A2,11,wpa2,2024-06-27T17:00:00.000Z,2025-02-20T21:00:00.000Z,,FL,US,Northwest 61st Street,33321
5C:93:A2:8F:A2:E6,DIRECT-roku-685-5AAA28,39.44840622,-87.38671875,5C:93:A2,11,wpa2,2019-08-27T18:00:00.000Z,2026-08-30T11:00:00.000Z,Terre Haute,IN,US,Hulman Street,47803
5C:93:A2:8F:A3:C6,,35.2277565,-80.86154175,5C:93:A2,6,wpa2,2026-09-04T16:00:00.000Z,2026-09-04T12:00:00.000Z,Charlotte,NC,US,I 77;US 21,28281
5C:93:A2:8F:A4:A5,DIRECT-roku-178-72B357,42.29124451,-83.74088287,5C:93:A2,157,wpa2,2025-08-24T17:00:00.000Z,2025-08-24T15:00:00.000Z,Ann Arbor,MI,US,Long Shore Drive,48105
5C:93:A2:8F:A5:71,,33.19313431,-117.24623871,5C:93:A2,11,wpa2,2024-10-13T06:00:00.000Z,2024-10-13T12:00:00.000Z,Vista,CA,US,CA 78,92083
5C:93:A2:8F:A5:B0,DIRECT-roku-905-CC72A8,30.46546364,-84.28263855,5C:93:A2,6,wpa2,2026-05-02T21:00:00.000Z,2026-05-02T15:00:00.000Z,Tallahassee,FL,US,Glenview Drive,32303
5C:93:A2:8F:A6:59,DIRECT-roku-020-5D7677,33.44064713,-112.07558441,5C:93:A2,4,wpa2,2017-12-05T08:00:00.000Z,2025-03-09T00:00:00.000Z,Phoenix,AZ,US,South 1st Avenue,85007-4209
5C:93:A2:8F:A6:73,,29.80319977,-95.54493713,5C:93:A2,1,wpa2,2026-06-30T18:00:00.000Z,2026-06-30T18:00:00.000Z,Houston,TX,US,Gessner Road,77043
5C:93:A2:8F:A6:81,,37.08337021,-77.99641418,5C:93:A2,36,wpa2,2025-03-26T22:00:00.000Z,2025-05-14T19:00:00.000Z,,VA,US,North Main Street,
5C:93:A2:8F:A6:9E,,29.39958572,-98.53203583,5C:93:A2,36,wpa2,2022-12-29T21:00:00.000Z,2026-01-18T01:00:00.000Z,San Antonio,TX,US,Cleto Rodriguez Freeway,78225
5C:93:A2:8F:A7:62,,33.35964584,-112.07762146,5C:93:A2,48,wpa2,2019-07-02T20:00:00.000Z,2025-03-08T22:00:00.000Z,Phoenix,AZ,US,West Piedmont Road,85041
5C:93:A2:8F:A7:80,,40.68304062,-73.90660858,5C:93:A2,48,wpa2,2021-08-25T09:00:00.000Z,2024-12-20T21:00:00.000Z,City of New York,NY,US,Bushwick Avenue,11207
5C:93:A2:8F:A7:CC,,33.27195358,-96.89972687,5C:93:A2,48,wpa2,2025-01-29T19:00:00.000Z,2025-04-18T15:00:00.000Z,,TX,US,Paintbrush Way,
5C:93:A2:8F:A8:10,DIRECT-roku-245-62FA4D,33.45701599,-112.26621246,5C:93:A2,6,wpa2,2026-05-19T17:00:00.000Z,2026-05-19T13:00:00.000Z,Tolleson,AZ,US,North 96th Avenue,85353
5C:93:A2:8F:A8:75,DIRECT-roku-653-A3F604,36.12360764,-115.07230377,5C:93:A2,2,wpa2,2023-11-22T11:00:00.000Z,2025-12-12T16:00:00.000Z,,NV,US,Indios Avenue,89121-2510
5C:93:A2:8F:A8:78,DIRECT-roku-355-8D7DE2,36.26736069,-115.18419647,5C:93:A2,10,wpa2,2024-12-10T18:00:00.000Z,2026-05-23T17:00:00.000Z,North Las Vegas,NV,US,North Ferrell Street,89032
5C:93:A2:8F:A8:91,DIRECT-roku-554-7B79B9,36.15047836,-115.077034,5C:93:A2,9,wpa2,2025-06-14T06:00:00.000Z,2025-06-17T00:00:00.000Z,,NV,US,East Chicago Avenue,89104-5202
5C:93:A2:8F:A8:DD,,28.04635811,-82.38062286,5C:93:A2,153,wpa2,2026-01-12T01:00:00.000Z,2026-01-11T17:00:00.000Z,,FL,US,Nantucket Drive,33617
5C:93:A2:8F:A8:F9,DIRECT-roku-644-D43958,25.74058151,-80.25419617,5C:93:A2,149,wpa2,2026-02-24T22:00:00.000Z,2026-02-24T21:00:00.000Z,Miami,FL,US,Southwest 37th Avenue,33133
5C:93:A2:8F:A9:2E,DIRECT-roku-225-4138DF,34.00130463,-84.34820557,5C:93:A2,157,wpa2,2024-11-09T02:00:00.000Z,2026-05-18T07:00:00.000Z,Sandy Springs,GA,US,North River Parkway,30350
5C:93:A2:8F:A9:98,,28.46616745,-81.29234314,5C:93:A2,7,wep,2026-05-15T02:00:00.000Z,2026-07-14T04:00:00.000Z,Orlando,FL,US,Lee Vista Boulevard,32822
5C:93:A2:8F:A9:A2,,33.50842667,-111.91744995,5C:93:A2,7,wpa2,2016-11-21T16:00:00.000Z,2025-03-09T00:00:00.000Z,Scottsdale,AZ,US,North Miller Road,85251
5C:93:A2:8F:A9:A5,,42.92581177,-76.63334656,5C:93:A2,36,wpa2,2025-07-09T12:00:00.000Z,2026-09-06T01:00:00.000Z,,NY,US,Clark Street Road,13021
5C:93:A2:8F:A9:DD,,38.98666763,-76.9106369,5C:93:A2,1,wpa2,2026-07-27T20:00:00.000Z,2026-07-27T15:00:00.000Z,,MD,US,Charlton Avenue,20740
5C:93:A2:8F:AA:1F,,34.99266815,-90.0235672,5C:93:A2,40,wpa2,2024-09-20T23:00:00.000Z,2025-02-21T21:00:00.000Z,Southaven,MS,US,US 51,38671
5C:93:A2:8F:AA:F5,DIRECT-roku-090-31A738,38.99641418,-77.34454346,5C:93:A2,6,wpa2,2026-04-22T23:00:00.000Z,2026-08-03T04:00:00.000Z,,VA,US,Reston Avenue,20170
5C:93:A2:8F:AB:01,DIRECT-roku-147-642D84,36.12796783,-95.9486618,5C:93:A2,11,wpa2,2026-08-30T16:00:00.000Z,2026-08-30T10:00:00.000Z,Tulsa,OK,US,South Delaware Place,74114
5C:93:A2:8F:AB:35,DIRECT-roku-923-8BC9F0,30.28516769,-97.74570465,5C:93:A2,2,wpa2,2017-02-01T19:00:00.000Z,2026-05-24T09:00:00.000Z,Austin,TX,US,West 22nd Street,78705
5C:93:A2:8F:AB:41,DIRECT-roku-608-67606F,45.16817856,-93.25650024,5C:93:A2,157,wpa2,2023-08-30T02:00:00.000Z,2025-10-26T00:00:00.000Z,Blaine,MN,US,109th Avenue Northeast,55434
5C:93:A2:8F:AB:6B,DIRECT-roku-301-E4D106,37.8236618,-122.265625,5C:93:A2,36,wpa2,2026-03-30T17:00:00.000Z,2026-09-03T08:00:00.000Z,Oakland,CA,US,MacArthur Freeway,94609
5C:93:A2:8F:AB:94,DIRECT-roku-026-5F1B04,35.24419022,-81.17137146,5C:93:A2,3,wpa2,2026-08-31T14:00:00.000Z,2026-09-01T12:00:00.000Z,Gastonia,NC,US,Union Road,28056
5C:93:A2:8F:AC:4B,DIRECT-roku-490-94EB4B,45.67576218,-122.51950073,5C:93:A2,3,wpa2,2015-10-18T14:00:00.000Z,2026-06-24T20:00:00.000Z,,WA,US,Northeast Ward Road,98682
5C:93:A2:8F:AC:8A,DIRECT-roku-050-079723,38.07873535,-97.94685364,5C:93:A2,157,wpa2,2025-07-24T20:00:00.000Z,2025-07-24T13:00:00.000Z,Hutchinson,KS,US,West 23rd Avenue,67502
5C:93:A2:8F:AC:91,DIRECT-roku-041-8D5101,33.42232513,-84.77342987,5C:93:A2,1,wpa2,2025-05-31T18:00:00.000Z,2026-07-30T16:00:00.000Z,,GA,US,Hal Jones Road,30263
5C:93:A2:8F:AC:F3,,41.8822937,-71.10311127,5C:93:A2,161,wpa2,2026-08-14T20:00:00.000Z,2026-08-14T14:00:00.000Z,Taunton,MA,US,Highland Street,02780
5C:93:A2:8F:AD:10,DIRECT-roku-444-E5C3CA,36.17178726,-115.07131195,5C:93:A2,157,wpa2,2025-09-10T16:00:00.000Z,2025-09-10T13:00:00.000Z,Las Vegas,NV,US,Marion Drive,89110
5C:93:A2:8F:AD:2E,,33.40942001,-111.89041901,5C:93:A2,6,wpa2,2026-05-24T19:00:00.000Z,2026-05-24T13:00:00.000Z,Tempe,AZ,US,South Price Road,85202
5C:93:A2:8F:AD:6F,,41.62267303,-87.54839325,5C:93:A2,36,wpa2,2016-04-27T00:00:00.000Z,2025-03-08T20:00:00.000Z,,IL,US,Sibley Boulevard,60409
5C:93:A2:8F:AD:A8,,35.12894821,-106.5997467,5C:93:A2,36,wpa2,2018-12-28T18:00:00.000Z,2025-03-08T19:00:00.000Z,Albuquerque,NM,US,Morningside Drive Northeast,87109-2201
5C:93:A2:8F:AD:E2,DIRECT-roku-034-2D6628,36.2223587,-115.29645538,5C:93:A2,44,wpa2,2024-09-26T21:00:00.000Z,2026-01-24T01:00:00.000Z,Las Vegas,NV,US,West Buckskin Avenue,89129
5C:93:A2:8F:AE:2D,,25.83098412,-80.1844635,5C:93:A2,11,wpa2,2016-10-24T14:00:00.000Z,2025-12-17T15:00:00.000Z,Miami,FL,US,Biscayne Boulevard,33137
5C:93:A2:8F:AF:23,DIRECT-roku-944-A33EE6,30.38845062,-87.07613373,5C:93:A2,6,wpa2,2024-08-01T16:00:00.000Z,2025-04-08T13:00:00.000Z,,FL,US,Gulf Breeze Parkway,32561:32563
5C:93:A2:8F:AF:2F,,32.49830246,-97.36436462,5C:93:A2,157,wpa2,2026-04-26T17:00:00.000Z,2026-04-26T16:00:00.000Z,,TX,US,Crawford Drive,76028
5C:93:A2:8F:AF:38,,41.77758408,-88.1463623,5C:93:A2,157,wpa2,2024-11-23T22:00:00.000Z,2024-11-23T15:00:00.000Z,Naperville,IL,US,East School Street,60540-4511
5C:93:A2:8F:AF:44,,40.77654648,-74.0258255,5C:93:A2,36,wpa2,2023-07-13T10:00:00.000Z,2026-05-09T13:00:00.000Z,,NJ,US,Bergenline Avenue,07047-2227
5C:93:A2:8F:AF:EC,,52.84409332,-110.82614899,5C:93:A2,6,wpa2,2025-05-23T22:00:00.000Z,2025-05-27T08:00:00.000Z,,Alberta,CA,Buffalo Trail,T9W 1V5
5C:93:A2:8F:B0:94,,42.19599152,-83.18014526,5C:93:A2,6,wpa2,2026-02-09T23:00:00.000Z,2026-05-18T16:00:00.000Z,,MI,US,Fort Street,48192
5C:93:A2:8F:B1:01,DIRECT-roku-312-70D9B8,35.49131393,-80.60048676,5C:93:A2,4,wpa2,2019-09-01T14:00:00.000Z,2025-12-01T17:00:00.000Z,Kannapolis,NC,US,North Little Texas Road,28083
5C:93:A2:8F:B1:4F,,35.0992012,-89.92987061,5C:93:A2,6,wpa2,2020-06-27T16:00:00.000Z,2026-08-07T23:00:00.000Z,Memphis,TN,US,Rhodes Avenue,38117
5C:93:A2:8F:B1:AA,,26.27182579,-80.21208191,5C:93:A2,161,wpa2,2026-08-16T04:00:00.000Z,2026-08-17T22:00:00.000Z,,FL,US,North Bay Drive,33063
5C:93:A2:8F:B1:EB,,39.96072006,-75.35002899,5C:93:A2,44,wpa2,2025-02-07T01:00:00.000Z,2025-05-06T16:00:00.000Z,,PA,US,Parkway Boulevard,08065
5C:93:A2:8F:B1:FF,,30.50027466,-92.41635895,5C:93:A2,44,wpa2,2026-01-17T16:00:00.000Z,2026-01-17T18:00:00.000Z,,LA,US,North 2nd Street,70535
5C:93:A2:8F:B2:05,,36.17636871,-115.05010986,5C:93:A2,6,wpa2,2024-10-08T22:00:00.000Z,2026-01-27T19:00:00.000Z,,NV,US,North Hickock Street,89110-5308
5C:93:A2:8F:B2:35,5C:93:A2:8F:B2:35,43.09354019,-76.1946106,5C:93:A2,1,wpa2,2024-03-09T16:00:00.000Z,2026-06-29T12:00:00.000Z,,NY,US,Old Liverpool Road,13088
5C:93:A2:8F:B2:AE,,39.17025375,-86.50022125,5C:93:A2,7,wpa2,2026-06-15T23:00:00.000Z,2026-06-15T20:00:00.000Z,Bloomington,IN,US,East Amy Lane,47408
5C:93:A2:8F:B2:BD,,39.99588776,-75.17879486,5C:93:A2,6,wpa2,2025-10-26T20:00:00.000Z,2025-10-27T09:00:00.000Z,Philadelphia,PA,US,West Harold Street,19132
5C:93:A2:8F:B3:18,,44.82649231,-93.35663605,5C:93:A2,44,wpa2,2025-08-18T17:00:00.000Z,2025-08-18T11:00:00.000Z,,MN,US,West 98th 1/2 Street,55437
5C:93:A2:8F:B3:22,,38.96165848,-94.49777222,5C:93:A2,157,wpa2,2022-05-24T20:00:00.000Z,2024-11-05T00:00:00.000Z,Kansas City,MO,US,Blue Ridge Boulevard,64030
5C:93:A2:8F:B3:2C,DIRECT-roku-759-42C903,33.76343918,-84.43773651,5C:93:A2,36,wpa2,2025-03-10T05:00:00.000Z,2025-07-17T05:00:00.000Z,Atlanta,GA,US,Holly Road Northwest,30314
5C:93:A2:8F:B3:7D,DIRECT-roku-726-F82962,44.08080673,-76.1512146,5C:93:A2,157,wpa2,2024-10-06T19:00:00.000Z,2025-03-28T07:00:00.000Z,,NY,US,Millens Bay Road,13622
5C:93:A2:8F:B3:82,,25.77357483,-80.32237244,5C:93:A2,157,wpa2,2023-05-27T11:00:00.000Z,2024-09-07T15:00:00.000Z,,FL,US,West Flagler Street,33144
5C:93:A2:8F:C1:5D,,37.10332489,-113.62373352,5C:93:A2,8,none,2026-09-02T17:00:00.000Z,2026-09-02T19:00:00.000Z,St. George,UT,US,South Dixie Drive,84770-1858
5C:93:A2:90:96:E6,,30.89578247,-102.9072876,5C:93:A2,0,unknown,2024-12-19T10:00:00.000Z,2024-12-23T17:00:00.000Z,,TX,US,West Dickinson Boulevard,79735
5C:93:A2:91:1A:83,STCP | PortoDigital,41.15483475,-8.62962437,5C:93:A2,6,none,2018-06-25T20:00:00.000Z,2025-10-03T02:00:00.000Z,Porto,Porto,PT,Rua Gonçalo Sampaio,4150-365
5C:93:A2:92:38:83,0`,43.26931381,-77.37917328,5C:93:A2,10,none,2026-07-10T01:00:00.000Z,2026-08-06T18:00:00.000Z,,NY,US,Lake Road,14580
5C:93:A2:92:F8:04,ola-HP-Notebook,59.81786728,10.27008438,5C:93:A2,6,wpa3,2025-07-01T09:00:00.000Z,2025-09-21T09:00:00.000Z,,Viken,NO,Haugerudbråtan,3408
5C:93:A2:93:1A:BE,DIRECT-roku-128-33624F,40.37898254,-74.38869476,5C:93:A2,6,wpa2,2024-09-10T12:00:00.000Z,2026-08-12T12:00:00.000Z,,NJ,US,Spotswood-Englishtown Road,08831
5C:93:A2:93:1B:27,DIRECT-roku-517-AE4C02,46.5499382,-120.37173462,5C:93:A2,44,wpa2,2025-11-03T00:00:00.000Z,2025-11-02T18:00:00.000Z,,WA,US,Millenium Avenue,98936
5C:93:A2:93:1C:A7,DIRECT-roku-707-4338A2,43.07038879,-89.30968475,5C:93:A2,10,wpa2,2025-09-29T01:00:00.000Z,2026-04-06T12:00:00.000Z,Madison,WI,US,South Stoughton Road,53716
5C:93:A2:93:1E:8B,,43.52481461,-96.73278809,5C:93:A2,6,wpa2,2026-02-17T10:00:00.000Z,2026-06-04T18:00:00.000Z,Sioux Falls,SD,US,South Spring Avenue,57105
5C:93:A2:93:1E:93,,38.36740112,-85.97288513,5C:93:A2,44,wpa2,2026-06-20T17:00:00.000Z,2026-06-20T11:00:00.000Z,,IN,US,US 150,47124
5C:93:A2:93:1E:E8,,40.24373627,-79.45935822,5C:93:A2,1,wpa2,2023-12-19T22:00:00.000Z,2024-09-26T16:00:00.000Z,Unity Township,PA,US,Main Street,15676
5C:93:A2:93:1F:61,,40.15901947,-75.23193359,5C:93:A2,157,wpa2,2025-03-03T12:00:00.000Z,2025-04-09T14:00:00.000Z,Whitpain Township,PA,US,West Mount Pleasant Avenue,19002
5C:93:A2:93:1F:67,,34.0182457,-118.29478455,5C:93:A2,149,wpa2,2024-11-30T16:00:00.000Z,2024-12-01T12:00:00.000Z,Los Angeles,CA,US,Exposition Boulevard,90089-0374
5C:93:A2:93:1F:95,DIRECT-roku-549-01D860,42.2504921,-88.83760834,5C:93:A2,36,wpa2,2026-02-15T01:00:00.000Z,2026-04-07T23:00:00.000Z,,IL,US,Whitney Boulevard,61008
5C:93:A2:93:20:0C,DIRECT-roku-928-FB915D,34.09747696,-117.45365906,5C:93:A2,149,wpa2,2016-07-27T16:00:00.000Z,2026-08-30T16:00:00.000Z,Fontana,CA,US,Citrus Avenue,92336
5C:93:A2:93:20:4B,DIRECT-roku-348-9E2F25,33.64749146,-111.89855957,5C:93:A2,36,wpa2,2025-05-20T23:00:00.000Z,2026-02-06T13:00:00.000Z,Scottsdale,AZ,US,North Perimeter Drive,85255
5C:93:A2:93:20:AA,DIRECT-roku-197-B2424B,40.06414795,-76.35873413,5C:93:A2,11,wpa2,2017-08-27T15:00:00.000Z,2024-11-16T10:00:00.000Z,,PA,US,Rohrerstown Road,17601
5C:93:A2:93:20:CE,,41.37005997,-83.65048218,5C:93:A2,1,wpa2,2026-05-08T15:00:00.000Z,2026-05-08T10:00:00.000Z,,OH,US,South Main Street,43402
5C:93:A2:93:20:F4,DIRECT-roku-428-AA28B2,38.22021866,-84.47148895,5C:93:A2,6,wpa2,2026-07-21T18:00:00.000Z,2026-07-21T12:00:00.000Z,,KY,US,Paris Pike,40361:41031
5C:93:A2:93:21:11,,41.82958221,-86.26308441,5C:93:A2,157,wpa2,2024-04-14T14:00:00.000Z,2025-07-20T09:00:00.000Z,,MI,US,West Main Street,49120
5C:93:A2:93:21:61,,42.007267,-87.78462982,5C:93:A2,6,wpa2,2026-06-05T02:00:00.000Z,2026-06-04T20:00:00.000Z,Chicago,IL,US,North McAlpin Avenue,60646
5C:93:A2:93:21:DC,,43.04899979,-89.34053802,5C:93:A2,1,wpa2,2024-10-24T05:00:00.000Z,2024-10-23T22:00:00.000Z,Madison,WI,US,Waunona Woods Court,53708
5C:93:A2:93:22:38,,41.16439056,-73.86173248,5C:93:A2,157,wpa2,2020-10-23T12:00:00.000Z,2024-11-28T19:00:00.000Z,,NY,US,North Highland Avenue,10562
5C:93:A2:93:22:5B,,40.46763611,-74.45969391,5C:93:A2,36,wpa2,2026-07-29T16:00:00.000Z,2026-07-29T09:00:00.000Z,,NJ,US,Hermann Road,08902
5C:93:A2:93:22:6A,,40.15534592,-104.94185638,5C:93:A2,1,wpa2,2023-12-30T01:00:00.000Z,2025-10-11T11:00:00.000Z,,CO,US,Colorado Boulevard,80504
5C:93:A2:93:22:95,,32.13650513,-111.13951874,5C:93:A2,44,wpa2,2025-01-22T22:00:00.000Z,2025-05-06T09:00:00.000Z,,AZ,US,West Booted Eagle Court,85735
5C:93:A2:93:22:BD,,33.60533905,-112.09953308,5C:93:A2,6,wpa2,2019-02-14T18:00:00.000Z,2025-04-29T00:00:00.000Z,Phoenix,AZ,US,North 19th Avenue,85029
5C:93:A2:93:22:BF,,33.3661232,-111.8662796,5C:93:A2,6,wpa2,2016-03-19T01:00:00.000Z,2025-03-08T20:00:00.000Z,Mesa,AZ,US,West Keating Avenue,85202
5C:93:A2:93:22:C4,DIRECT-roku-117-E292EC,44.30158234,-84.64624023,5C:93:A2,36,wpa2,2025-06-07T22:00:00.000Z,2025-07-19T10:00:00.000Z,,MI,US,West Houghton Lake Drive,48651
5C:93:A2:93:22:D0,DIRECT-roku-519-970CCB,40.5525322,-74.53014374,5C:93:A2,6,wpa2,2026-05-08T20:00:00.000Z,2026-05-08T14:00:00.000Z,,NJ,US,Edgewood Terrace,08880
5C:93:A2:93:23:F7,DIRECT-roku-477-B9CEDB,40.70337677,-74.0904541,5C:93:A2,3,wpa2,2024-10-24T03:00:00.000Z,2024-10-24T00:00:00.000Z,Jersey City,NJ,US,John F. Kennedy Boulevard,07305
5C:93:A2:93:24:3F,,34.71767426,-111.92190552,5C:93:A2,36,wpa2,2026-05-21T04:00:00.000Z,2026-06-29T22:00:00.000Z,,AZ,US,East Cornville Road,86325
5C:93:A2:93:24:4C,,36.95949173,-76.53664398,5C:93:A2,44,wpa2,2025-10-31T23:00:00.000Z,2025-10-31T16:00:00.000Z,,VA,US,Tradewinds Drive,23314
5C:93:A2:93:24:63,DIRECT-roku-744-C49F04,47.02325058,-91.67111969,5C:93:A2,157,wpa2,2019-04-14T16:00:00.000Z,2025-02-01T08:00:00.000Z,,MN,US,Waterfront Drive,55616
5C:93:A2:93:24:E7,,41.62886047,-83.56987,5C:93:A2,11,wpa2,2025-10-07T13:00:00.000Z,2025-11-23T10:00:00.000Z,Toledo,OH,US,Anthony Wayne Trail,43609
5C:93:A2:93:25:7C,DIRECT-roku-192-B2510B,42.40449524,-71.14073944,5C:93:A2,6,wpa2,2017-02-03T20:00:00.000Z,2026-03-26T11:00:00.000Z,,MA,US,Massachusetts Avenue,02475
5C:93:A2:93:25:7D,DIRECT-roku-865-96FA13,38.76844788,-93.73500061,5C:93:A2,157,wpa2,2021-08-24T07:00:00.000Z,2026-08-29T02:00:00.000Z,Warrensburg,MO,US,North Maguire Street,64093
5C:93:A2:93:25:CA,DIRECT-roku-228-0A8D8E,32.12744522,-111.03118134,5C:93:A2,149,wpa2,2025-09-06T02:00:00.000Z,2026-02-11T14:00:00.000Z,,AZ,US,West Via Cuervo,85746
5C:93:A2:93:25:CC,,46.14547729,-122.92446899,5C:93:A2,153,wpa2,2026-08-26T21:00:00.000Z,2026-08-29T00:00:00.000Z,,WA,US,Washington Way,98626
5C:93:A2:93:25:E4,DIRECT-roku-571-CCC9ED,40.67889404,-73.79899597,5C:93:A2,44,wpa2,2001-01-01T00:00:00.000Z,2025-04-15T11:00:00.000Z,City of New York,NY,US,Foch Boulevard,11436
5C:93:A2:93:26:6B,,40.75602341,-111.88944244,5C:93:A2,11,wpa2,2026-06-13T16:00:00.000Z,2026-06-13T09:00:00.000Z,Salt Lake City,UT,US,Restricted Access Garge Door,84111
5C:93:A2:93:26:87,,37.28501892,-121.86676788,5C:93:A2,11,wpa2,2026-07-26T02:00:00.000Z,2026-07-25T21:00:00.000Z,San Jose,CA,US,Nagel Way,95136
5C:93:A2:93:26:96,,33.52169418,-112.16016388,5C:93:A2,10,wpa2,2019-09-02T23:00:00.000Z,2025-03-08T22:00:00.000Z,Glendale,AZ,US,West Solano Drive North,85301
5C:93:A2:93:26:AB,,32.74740601,-117.25197601,5C:93:A2,1,wpa2,2022-08-19T11:00:00.000Z,2024-12-30T05:00:00.000Z,San Diego,CA,US,Newport Avenue,92107
5C:93:A2:93:26:BB,DIRECT-roku-357-E46B3B,47.70196533,-116.89447784,5C:93:A2,1,wpa2,2025-08-16T23:00:00.000Z,2026-08-16T15:00:00.000Z,,ID,US,East Ponderosa Boulevard,83854
5C:93:A2:93:27:04,,43.09791565,-89.35181427,5C:93:A2,6,wpa2,2024-10-13T23:00:00.000Z,2024-10-30T21:00:00.000Z,Madison,WI,US,East Washington Avenue,54704
5C:93:A2:93:27:74,DIRECT-roku-508-09D45F,45.5020256,-122.86737823,5C:93:A2,153,wpa2,2019-09-15T16:00:00.000Z,2025-08-02T23:00:00.000Z,,OR,US,Southwest 185th Avenue,97003
5C:93:A2:93:27:E6,,44.01781845,-88.54711914,5C:93:A2,36,wep,2026-01-18T18:00:00.000Z,2026-01-18T19:00:00.000Z,Oshkosh,WI,US,Marion Road,54903
5C:93:A2:93:28:24,,40.92889786,-74.12691498,5C:93:A2,6,wpa2,2026-07-01T15:00:00.000Z,2026-07-01T09:00:00.000Z,,NJ,US,Bellair Avenue,07410
5C:93:A2:93:28:2D,DIRECT-roku-649-9F460B,40.98907471,-75.19180298,5C:93:A2,11,wpa2,2021-02-24T10:00:00.000Z,2026-08-21T16:00:00.000Z,,PA,US,North 5th Street,18360
5C:93:A2:93:28:55,DIRECT-roku-137-89AD51,39.46530914,-118.78896332,5C:93:A2,157,wpa2,2025-02-10T22:00:00.000Z,2025-05-06T20:00:00.000Z,,NV,US,Concord Avenue,89406
5C:93:A2:93:28:C1,,44.3120079,-88.34557343,5C:93:A2,6,wpa2,2025-01-21T10:00:00.000Z,2025-01-22T04:00:00.000Z,Appleton,WI,US,Fuji Drive,54140
5C:93:A2:93:28:F5,,39.38279724,-84.37666321,5C:93:A2,9,wpa2,2025-08-31T02:00:00.000Z,2025-08-30T19:00:00.000Z,,OH,US,Wyandot Lane,45044
5C:93:A2:93:29:22,,41.2706604,-75.83009338,5C:93:A2,6,wpa2,2025-12-24T22:00:00.000Z,2026-06-20T11:00:00.000Z,Plains Township,PA,US,1st Street,18705
5C:93:A2:93:29:3B,DIRECT-roku-505-9085A1,45.98045731,-123.93115997,5C:93:A2,9,wpa2,2025-03-27T03:00:00.000Z,2025-04-04T16:00:00.000Z,,OR,US,South Downing Street,97138
5C:93:A2:93:29:9E,,33.85326385,-117.90667725,5C:93:A2,11,wpa2,2023-06-17T20:00:00.000Z,2025-03-08T20:00:00.000Z,Anaheim,CA,US,North East Street,92805
5C:93:A2:93:29:C0,,45.30665207,-93.55613708,5C:93:A2,6,wpa2,2026-01-06T21:00:00.000Z,2026-01-07T03:00:00.000Z,,MN,US,US Highway 169,55330-4793
5C:93:A2:93:29:E6,""" (Cloaked)",33.7424736,-112.12374115,5C:93:A2,5,wpa2,2017-07-02T00:00:00.000Z,2026-05-09T19:00:00.000Z,Phoenix,AZ,US,Black Canyon Freeway,85083
5C:93:A2:93:2A:13,DIRECT-roku-589-93C30C,32.95043564,-96.81864929,5C:93:A2,157,wpa2,2024-12-07T04:00:00.000Z,2024-12-06T20:00:00.000Z,Addison,TX,US,Montfort Drive,75254
5C:93:A2:93:2A:6E,,33.48046112,-112.12890625,5C:93:A2,161,wpa2,2024-09-10T19:00:00.000Z,2024-09-10T12:00:00.000Z,Phoenix,AZ,US,West Thomas Road,85009
5C:93:A2:93:2A:C9,DIRECT-roku-636-7355EF,34.0483017,-117.5605545,5C:93:A2,9,wpa2,2025-01-17T22:00:00.000Z,2025-08-28T03:00:00.000Z,Ontario,CA,US,East Jurupa Street,91743
5C:93:A2:93:2A:DE,DIRECT-roku-445-E7A4B3,44.9066925,-89.60260773,5C:93:A2,11,wpa2,2024-09-11T16:00:00.000Z,2024-09-11T17:00:00.000Z,,WI,US,Normandy Street,54476
5C:93:A2:93:2B:41,,40.07432938,-76.2048111,5C:93:A2,6,wpa2,2026-06-07T21:00:00.000Z,2026-06-17T04:00:00.000Z,,PA,US,Hellers Church Road,17505
5C:93:A2:93:2B:AC,,42.91553879,-70.81043243,5C:93:A2,1,wpa2,2019-05-15T02:00:00.000Z,2026-07-29T12:00:00.000Z,Hampton,NH,US,Church Street,03842
5C:93:A2:93:2C:27,,39.35397339,-76.53561401,5C:93:A2,157,wep,2026-07-18T09:00:00.000Z,2026-07-20T10:00:00.000Z,Baltimore,MD,US,Brook Avenue,21206
5C:93:A2:93:2C:A0,,39.32762146,-76.55218506,5C:93:A2,44,wep,2026-05-29T04:00:00.000Z,2026-06-05T00:00:00.000Z,Baltimore,MD,US,Sipple Avenue,21206
5C:93:A2:93:2C:FD,,40.61455536,-74.28047943,5C:93:A2,44,wpa2,2024-11-11T19:00:00.000Z,2024-11-11T13:00:00.000Z,,NJ,US,West Grand Avenue,07065
5C:93:A2:93:2D:8E,,30.47640038,-83.89455414,5C:93:A2,4,wpa2,2023-08-06T20:00:00.000Z,2025-03-08T10:00:00.000Z,,FL,US,I 10,32344
5C:93:A2:93:2D:BA,,37.13827515,-76.53660583,5C:93:A2,1,wpa2,2026-08-13T13:00:00.000Z,2026-08-17T14:00:00.000Z,,VA,US,Circuit Lane,23608
5C:93:A2:93:2D:ED,,35.81215286,-83.58349609,5C:93:A2,6,wpa2,2026-07-03T20:00:00.000Z,2026-07-04T10:00:00.000Z,Pigeon Forge,TN,US,Henderson Chapel Road,37863
5C:93:A2:93:2E:0F,,40.72275543,-74.16942596,5C:93:A2,6,wpa2,2026-05-01T01:00:00.000Z,2026-04-30T22:00:00.000Z,Newark,NJ,US,Pennington Street,07105
5C:93:A2:93:2E:65,DIRECT-roku-920-25BDF9,41.58969879,-84.32976532,5C:93:A2,48,wpa2,2017-04-14T18:00:00.000Z,2026-02-14T15:00:00.000Z,,OH,US,Ohio Turnpike,43502:43570
5C:93:A2:93:2E:7E,DIRECT-roku-045-EF0779,43.75905228,-70.52223969,5C:93:A2,11,wpa2,2026-08-13T22:00:00.000Z,2026-08-13T19:00:00.000Z,,ME,US,Fort Hill Road,04084
5C:93:A2:93:2E:BE,,41.1423645,-73.27427673,5C:93:A2,11,wpa2,2024-10-16T13:00:00.000Z,2026-01-28T17:00:00.000Z,,CT,US,Governor John Davis Lodge Turnpike,06890
5C:93:A2:93:2E:E8,,37.57886887,-78.49795532,5C:93:A2,36,wpa2,2025-03-03T00:00:00.000Z,2025-03-02T17:00:00.000Z,,VA,US,South Constitution Route,
5C:93:A2:93:2E:FD,,42.15893936,-78.68074036,5C:93:A2,11,wpa2,2025-11-07T14:00:00.000Z,2026-09-01T08:00:00.000Z,,NY,US,Killbuck Road,14748
5C:93:A2:93:2E:FF,,39.94726944,-76.75811768,5C:93:A2,6,wpa2,2020-03-30T11:00:00.000Z,2025-12-06T18:00:00.000Z,,PA,US,South Adams Street,17404
5C:93:A2:93:2F:32,DIRECT-roku-998-32B032,43.84749222,-88.84374237,5C:93:A2,1,wpa2,2026-06-13T21:00:00.000Z,2026-06-13T14:00:00.000Z,,WI,US,West Fond du Lac Street,54971
5C:93:A2:93:2F:41,,33.78224945,-118.27056122,5C:93:A2,149,wpa2,2024-12-11T23:00:00.000Z,2024-12-11T16:00:00.000Z,Los Angeles,CA,US,West Opp Street,90744-4522
5C:93:A2:93:2F:49,,34.07423782,-117.61502838,5C:93:A2,11,wpa2,2025-02-08T21:00:00.000Z,2025-02-08T16:00:00.000Z,Ontario,CA,US,North Orange Avenue,91764
5C:93:A2:93:2F:66,(no SSID),40.75923538,-74.18941498,5C:93:A2,36,wpa2,2023-01-12T16:00:00.000Z,2025-02-16T15:00:00.000Z,Newark,NJ,US,Roseville Avenue,07107
5C:93:A2:93:2F:D4,DIRECT-roku-338-1AB674,42.7703743,-71.08943939,5C:93:A2,157,wpa2,2025-07-24T23:00:00.000Z,2025-07-24T17:00:00.000Z,Haverhill,MA,US,River Street,01832
5C:93:A2:93:30:2A,DIRECT-roku-972-F59AA4,42.99486923,-77.35413361,5C:93:A2,11,wpa2,2019-11-18T05:00:00.000Z,2026-08-10T10:00:00.000Z,,NY,US,New York State Thruway,14504
5C:93:A2:93:30:68,DIRECT-roku-815-6D586A,33.76771927,-116.94399261,5C:93:A2,36,wpa2,2025-10-08T23:00:00.000Z,2025-10-08T17:00:00.000Z,,CA,US,Cascadian Way,92583-5181
5C:93:A2:93:30:7A,,36.20088577,-115.21847534,5C:93:A2,6,wpa2,2026-02-13T08:00:00.000Z,2026-02-13T02:00:00.000Z,Las Vegas,NV,US,West Bartlett Avenue,89107
5C:93:A2:93:30:8C,,39.73454285,-104.87188721,5C:93:A2,1,wpa2,2026-09-04T02:00:00.000Z,2026-09-03T22:00:00.000Z,Aurora,CO,US,East 12th Avenue,80010
5C:93:A2:93:30:8D,,37.39092255,-121.99402618,5C:93:A2,6,wpa2,2025-07-19T03:00:00.000Z,2026-07-14T13:00:00.000Z,Sunnyvale,CA,US,Wildwood Avenue,94089-2701
5C:93:A2:93:31:39,,41.66013718,-83.53464508,5C:93:A2,1,wpa2,2026-06-13T13:00:00.000Z,2026-06-16T13:00:00.000Z,Toledo,OH,US,Cherry Street,43605
5C:93:A2:93:31:9B,DIRECT-roku-224-D4AD0E,36.19992065,-115.24678802,5C:93:A2,1,wpa2,2025-03-10T16:00:00.000Z,2026-06-03T15:00:00.000Z,Las Vegas,NV,US,North Rock Springs Drive,89108-7049
5C:93:A2:93:31:A5,DIRECT-roku-813-E7BF4D,39.60394669,-119.72118378,5C:93:A2,4,wpa2,2024-05-05T03:00:00.000Z,2026-08-30T23:00:00.000Z,,NV,US,Cotton Rosser Road,98436
5C:93:A2:93:31:B2,DIRECT-roku-789-98302A,33.50466919,-112.04759216,5C:93:A2,157,wpa2,2024-12-07T23:00:00.000Z,2026-02-21T08:00:00.000Z,Phoenix,AZ,US,North 16th Street,85016
5C:93:A2:93:32:44,,46.13599014,-122.92881775,5C:93:A2,44,wpa2,2020-06-03T16:00:00.000Z,2025-02-27T22:00:00.000Z,,WA,US,Hudson Street,98626
5C:93:A2:93:32:6E,DIRECT-roku-087-5DE2C3,45.01328278,-93.30646515,5C:93:A2,8,wpa2,2022-03-19T15:00:00.000Z,2026-08-05T19:00:00.000Z,Minneapolis,MN,US,North Lowry Avenue,55411
5C:93:A2:93:32:C6,DIRECT-roku-142-3649F4,33.9600029,-118.31928253,5C:93:A2,36,wpa2,2024-10-28T06:00:00.000Z,2025-03-20T06:00:00.000Z,Inglewood,CA,US,West Manchester Boulevard,90292
5C:93:A2:93:33:89,,37.78190231,-122.48551178,5C:93:A2,11,wpa2,2025-03-06T21:00:00.000Z,2025-03-06T14:00:00.000Z,San Francisco,CA,US,Clement Street,94121
5C:93:A2:93:33:A7,,44.72543335,-93.29070282,5C:93:A2,153,wep,2021-08-31T20:00:00.000Z,2026-05-16T20:00:00.000Z,,MN,US,Greenhaven Lane,55306
5C:93:A2:93:33:CE,,32.57609177,-85.47205353,5C:93:A2,1,none,2026-09-03T21:00:00.000Z,2026-09-03T21:00:00.000Z,Auburn,AL,US,Wrights Mill Road,36830
5C:93:A2:93:33:D0,DIRECT-roku-831-FFC7E7,32.57478333,-85.47298431,5C:93:A2,2,none,2026-09-03T21:00:00.000Z,2026-09-03T21:00:00.000Z,Auburn,AL,US,Wrights Mill Road,36830
5C:93:A2:93:34:A8,,43.50885773,-112.04649353,5C:93:A2,1,wpa2,2025-08-29T22:00:00.000Z,2025-08-29T18:00:00.000Z,Idaho Falls,ID,US,Rigby Highway,83403
5C:93:A2:93:34:BE,                      ,34.18393707,-118.60102844,5C:93:A2,1,wpa2,2019-09-06T16:00:00.000Z,2026-04-29T13:00:00.000Z,Los Angeles,CA,US,Owensmouth Avenue,91367
5C:93:A2:93:34:D4,DIRECT-roku-566-CA8D65,36.18361282,-115.0823288,5C:93:A2,157,wpa2,2026-07-24T14:00:00.000Z,2026-07-29T14:00:00.000Z,Las Vegas,NV,US,,89156
5C:93:A2:93:35:01,DIRECT-roku-056-78C678,45.71522522,-108.63820648,5C:93:A2,44,wpa2,2019-01-30T14:00:00.000Z,2025-07-16T15:00:00.000Z,,MT,US,I 90;US 212,
5C:93:A2:93:35:36,,36.77443314,-88.6439209,5C:93:A2,11,wpa2,2025-12-11T16:00:00.000Z,2025-12-11T15:00:00.000Z,,KY,US,US 45,42066
5C:93:A2:93:35:CD,,41.94565582,-91.70850372,5C:93:A2,1,wpa2,2025-04-29T15:00:00.000Z,2025-04-29T11:00:00.000Z,Cedar Rapids,IA,US,33rd Avenue Southwest,52404
5C:93:A2:93:35:DD,,40.13247681,-75.38002777,5C:93:A2,1,wpa2,2025-10-29T22:00:00.000Z,2025-10-29T21:00:00.000Z,West Norriton Township,PA,US,Egypt Road,19453
5C:93:A2:93:36:C6,,42.75292587,-84.56784058,5C:93:A2,9,wpa2,2025-09-28T18:00:00.000Z,2025-09-28T21:00:00.000Z,Lansing,MI,US,Greenwood Street,48915
5C:93:A2:93:36:ED,,42.08588409,-71.02980042,5C:93:A2,11,wpa2,2026-05-31T23:00:00.000Z,2026-05-31T17:00:00.000Z,Brockton,MA,US,Simmons Avenue,02301
5C:93:A2:93:36:F6,DIRECT-roku-396-3AE992,32.63864899,-117.07580566,5C:93:A2,6,wpa2,2025-11-02T01:00:00.000Z,2025-11-01T19:00:00.000Z,Chula Vista,CA,US,G Street,91910
5C:93:A2:93:37:1C,DIRECT-roku-330-48E7FB,34.06454086,-117.76353455,5C:93:A2,44,wpa2,2025-08-30T17:00:00.000Z,2025-08-30T10:00:00.000Z,Pomona,CA,US,North Hamilton Boulevard,91768
5C:93:A2:93:37:95,,40.56536102,-74.41757202,5C:93:A2,6,wpa2,2024-02-18T17:00:00.000Z,2025-04-21T08:00:00.000Z,,NJ,US,Hamilton Boulevard,07080
5C:93:A2:93:37:9A,,46.00050735,-123.91204834,5C:93:A2,6,wpa2,2016-05-08T14:00:00.000Z,2026-05-19T18:00:00.000Z,,OR,US,North Wahanna Road,
5C:93:A2:93:37:D2,DIRECT-roku-998-480FA4,40.39149094,-111.91269684,5C:93:A2,6,wpa2,2026-01-12T02:00:00.000Z,2026-06-15T21:00:00.000Z,Saratoga Springs,UT,US,North Catagena Parkway,84043
5C:93:A2:93:37:F4,,46.80196381,-92.08625793,5C:93:A2,1,wpa2,2025-11-11T22:00:00.000Z,2025-11-11T15:00:00.000Z,Duluth,MN,US,North 13th Avenue East,55805
5C:93:A2:93:38:0D,,34.04314423,-118.24659729,5C:93:A2,36,wpa2,2026-06-18T00:00:00.000Z,2026-06-17T17:00:00.000Z,Los Angeles,CA,US,East 6th Street,90014-2312
5C:93:A2:93:38:E6,DIRECT-roku-381-BB8952,38.4305191,-90.99057007,5C:93:A2,11,wpa2,2023-01-17T17:00:00.000Z,2026-06-14T12:00:00.000Z,,MO,US,S Highway 47,63084
5C:93:A2:93:39:3B,,47.05285263,-94.53150177,5C:93:A2,1,wpa2,2026-08-22T21:00:00.000Z,2026-08-22T19:00:00.000Z,,MN,US,State Highway 200 Northwest,56484
5C:93:A2:93:39:58,,33.89775085,-118.30750275,5C:93:A2,40,wpa2,2025-02-11T00:00:00.000Z,2025-03-26T19:00:00.000Z,,CA,US,147th Street,90247-3225
5C:93:A2:93:39:94,,40.61994171,-111.82055664,5C:93:A2,36,wpa2,2025-05-12T20:00:00.000Z,2025-10-28T18:00:00.000Z,,UT,US,2485 East,84121
5C:93:A2:93:39:E7,,39.23230362,-76.46142578,5C:93:A2,1,wpa2,2026-01-24T17:00:00.000Z,2026-01-24T14:00:00.000Z,,MD,US,Sparrows Point Road,21219
5C:93:A2:93:39:E8,,39.94541168,-82.82180023,5C:93:A2,48,wpa2,2024-10-06T02:00:00.000Z,2024-10-05T20:00:00.000Z,,OH,US,Stouder Drive,43068
5C:93:A2:93:3A:19,,38.73381424,-89.67767334,5C:93:A2,153,wpa2,2024-12-04T18:00:00.000Z,2025-01-26T11:00:00.000Z,,IL,US,Pine Street,62249
5C:93:A2:93:3A:71,DIRECT-roku-784-B75178,47.71572876,-117.48614502,5C:93:A2,40,wpa2,2016-04-29T19:00:00.000Z,2025-08-06T13:00:00.000Z,Spokane,WA,US,North Hartley Street,99208
5C:93:A2:93:3A:78,,33.73853683,-117.82407379,5C:93:A2,11,wpa2,2017-09-11T11:00:00.000Z,2024-09-22T03:00:00.000Z,Tustin,CA,US,El Camino Real,92780
5C:93:A2:93:3A:7D,,34.0736618,-118.38967133,5C:93:A2,149,wpa2,2024-11-28T18:00:00.000Z,2024-11-28T14:00:00.000Z,Los Angeles,CA,US,South Doheny Drive,90048
5C:93:A2:93:3A:A4,DIRECT-roku-848-5E22BD,33.97636032,-118.24367523,5C:93:A2,44,wpa2,2024-11-27T16:00:00.000Z,2024-11-27T17:00:00.000Z,Inglewood,CA,US,East 70th Street,90001
5C:93:A2:93:3A:C6,,40.39475632,-111.81244659,5C:93:A2,9,wpa2,2026-06-06T01:00:00.000Z,2026-06-08T10:00:00.000Z,,UT,US,West 900 North,84003
5C:93:A2:93:3B:71,DIRECT-roku-072-3CDF9E,39.61322021,-119.67084503,5C:93:A2,10,wpa2,2024-10-13T23:00:00.000Z,2026-05-09T23:00:00.000Z,,NV,US,Sportoletti Drive,
5C:93:A2:93:3B:89,,47.22556686,-122.45787048,5C:93:A2,48,wpa2,2024-09-29T07:00:00.000Z,2025-05-20T10:00:00.000Z,Tacoma,WA,US,South Alaska Street,98418-3920
5C:93:A2:93:3B:9E,,33.52620697,-112.14204407,5C:93:A2,36,wpa2,2026-03-21T14:00:00.000Z,2026-03-21T13:00:00.000Z,Phoenix,AZ,US,West Cavalier Drive,85019
5C:93:A2:93:3B:A2,DIRECT-roku-194-5A2BDC,33.8215065,-118.29477692,5C:93:A2,11,wpa2,2024-01-30T00:00:00.000Z,2024-12-28T14:00:00.000Z,Carson,CA,US,Meyler Street,90502
5C:93:A2:93:3B:C3,DIRECT-roku-438-8BCB3C,33.46225357,-112.04808807,5C:93:A2,1,wpa2,2017-10-29T16:00:00.000Z,2025-03-08T20:00:00.000Z,Phoenix,AZ,US,Papago Freeway,85006-3678
5C:93:A2:93:3C:32,,33.73785782,-118.29205322,5C:93:A2,6,wpa2,2019-12-28T19:00:00.000Z,2025-03-08T19:00:00.000Z,Los Angeles,CA,US,West 7th Street,90732
5C:93:A2:93:3C:E5,DIRECT-roku-792-AB5AD4,37.73766708,-122.18170929,5C:93:A2,48,wpa2,2018-12-01T13:00:00.000Z,2025-03-09T16:00:00.000Z,Oakland,CA,US,98th Avenue,94621
5C:93:A2:93:3C:F5,,33.59331512,-111.93584442,5C:93:A2,6,wep,2016-08-23T15:00:00.000Z,2025-03-08T22:00:00.000Z,Scottsdale,AZ,US,East Paradise Drive,85254
5C:93:A2:93:3D:DC,,47.2850914,-122.29760742,5C:93:A2,11,wpa2,2026-08-14T15:00:00.000Z,2026-08-14T08:00:00.000Z,Federal Way,WA,US,28th Avenue South,98003
5C:93:A2:93:3E:33,,39.53859329,-77.31575775,5C:93:A2,153,wpa2,2025-05-28T10:00:00.000Z,2025-05-28T06:00:00.000Z,,MD,US,Creagerstown Road,21798
5C:93:A2:93:3E:4E,,39.1050148,-75.54782867,5C:93:A2,6,wpa2,2025-12-23T23:00:00.000Z,2025-12-23T18:00:00.000Z,,DE,US,Jacks Way,19934-1365
5C:93:A2:93:3E:F2,,40.15181351,-75.33379364,5C:93:A2,48,wpa2,2023-09-18T20:00:00.000Z,2025-04-09T14:00:00.000Z,East Norriton Township,PA,US,North Wales Road,19401
5C:93:A2:93:3F:99,DIRECT-roku-643-F87385,44.36523056,-100.35090637,5C:93:A2,40,wpa2,2026-06-04T18:00:00.000Z,2026-06-05T11:00:00.000Z,Pierre,SD,US,East Sioux Avenue,57501
5C:93:A2:93:40:83,DIRECT-roku-326-DF9552,38.44396591,-78.87166595,5C:93:A2,36,wpa2,2023-03-17T19:00:00.000Z,2025-11-17T12:00:00.000Z,Harrisonburg,VA,US,South Main Street,22801
5C:93:A2:93:40:B0,,39.32826614,-76.44023132,5C:93:A2,4,wpa2,2025-11-23T19:00:00.000Z,2026-07-19T22:00:00.000Z,,MD,US,Kingston Road,21220
5C:93:A2:93:41:60,,41.37384415,-89.45069122,5C:93:A2,6,wpa2,2024-10-01T11:00:00.000Z,2024-11-28T03:00:00.000Z,,IL,US,Eastmor Drive,61356
5C:93:A2:93:41:89,,38.68704605,-75.12430573,5C:93:A2,1,wpa2,2025-08-24T03:00:00.000Z,2025-08-23T20:00:00.000Z,,DE,US,Bay Drive,19971
5C:93:A2:93:41:C8,,33.79088593,-118.26594543,5C:93:A2,149,wpa2,2024-12-11T22:00:00.000Z,2024-12-11T16:00:00.000Z,Los Angeles,CA,US,Pacific Coast Highway,90744-4522
5C:93:A2:93:41:CE,DIRECT-roku-630-C10A2E,34.26368332,-118.78760529,5C:93:A2,36,wpa2,2024-12-25T00:00:00.000Z,2024-12-24T19:00:00.000Z,Simi Valley,CA,US,Sinaloa Road,93065
5C:93:A2:93:42:1C,,42.69692993,-71.16825867,5C:93:A2,1,wpa2,2025-02-22T21:00:00.000Z,2025-02-28T09:00:00.000Z,Lawrence,MA,US,Everett Street,01840
5C:93:A2:93:42:2E,                      ,40.06918716,-82.29470062,5C:93:A2,6,wpa2,2022-10-09T20:00:00.000Z,2026-07-28T08:00:00.000Z,,OH,US,Brownsville Road Southeast,
5C:93:A2:93:42:48,,42.48026276,-82.9240799,5C:93:A2,6,wpa2,2026-08-10T01:00:00.000Z,2026-08-09T22:00:00.000Z,,MI,US,East 10 Mile Road,48080
5C:93:A2:93:42:7F,,41.25367737,-83.59281921,5C:93:A2,153,wpa2,2024-12-04T13:00:00.000Z,2024-12-04T08:00:00.000Z,,OH,US,Main Street,43413:43462:43466
5C:93:A2:93:42:AE,,33.48001099,-111.96120453,5C:93:A2,1,wpa2,2024-02-15T21:00:00.000Z,2025-05-21T17:00:00.000Z,Phoenix,AZ,US,East Thomas Road,85257-1102
5C:93:A2:93:42:C8,,38.52497482,-121.46328735,5C:93:A2,157,wpa2,2025-05-07T22:00:00.000Z,2025-05-07T21:00:00.000Z,Sacramento,CA,US,Fruitridge Road,95820
5C:93:A2:93:42:DC,,33.68174362,-112.28908539,5C:93:A2,6,wpa2,2018-05-14T00:00:00.000Z,2025-03-08T19:00:00.000Z,Peoria,AZ,US,West Deer Valley Road,85373
5C:93:A2:93:43:06,,42.59398651,-72.22966766,5C:93:A2,36,wpa2,2025-05-24T14:00:00.000Z,2025-08-01T06:00:00.000Z,,MA,US,Main Street,01331-1915
5C:93:A2:93:43:4F,,40.28384018,-75.98117065,5C:93:A2,11,wpa2,2026-03-30T21:00:00.000Z,2026-06-19T15:00:00.000Z,,PA,US,South Church Street,19540
5C:93:A2:93:43:6E,,38.05383682,-84.50299072,5C:93:A2,2,wpa2,2025-05-10T15:00:00.000Z,2025-05-10T16:00:00.000Z,Lexington,KY,US,Ballard Street,40508
5C:93:A2:93:43:C0,DIRECT-roku-153-60CCA1,33.87163162,-118.38212585,5C:93:A2,157,wpa2,2016-02-20T16:00:00.000Z,2025-03-08T20:00:00.000Z,,CA,US,Aviation Boulevard,90278
5C:93:A2:93:43:E2,,41.48170471,-71.31448364,5C:93:A2,44,wpa2,2026-07-24T19:00:00.000Z,2026-07-24T15:00:00.000Z,Newport,RI,US,Thames Street,02840
5C:93:A2:93:44:0C,,41.18198013,-83.30214691,5C:93:A2,10,wpa2,2026-05-19T15:00:00.000Z,2026-05-19T10:00:00.000Z,,OH,US,Cr592,44883
5C:93:A2:93:44:B3,DIRECT-roku-549-47D74D,38.71644974,-90.37293243,5C:93:A2,157,wpa2,2026-04-26T03:00:00.000Z,2026-04-25T21:00:00.000Z,Breckenridge Hills,MO,US,Tennyson Avenue,63114
5C:93:A2:93:44:E3,DIRECT-roku-559-FCB638,41.47332764,-84.54370117,5C:93:A2,153,wpa2,2024-09-14T17:00:00.000Z,2024-09-30T17:00:00.000Z,,OH,US,East Butler Street,43506
5C:93:A2:93:45:16,DIRECT-roku-341-F44B28,40.53253174,-111.88168335,5C:93:A2,44,wpa2,2025-02-05T00:00:00.000Z,2025-02-04T19:00:00.000Z,,UT,US,12000 South,84020
5C:93:A2:93:45:22,,39.99275208,-75.13820648,5C:93:A2,1,wpa2,2024-10-12T20:00:00.000Z,2024-10-12T15:00:00.000Z,Philadelphia,PA,US,West Lehigh Avenue,19133
5C:93:A2:93:45:35,,39.78106689,-76.96541595,5C:93:A2,1,wpa2,2026-07-31T14:00:00.000Z,2026-07-31T08:00:00.000Z,Penn Township,PA,US,Clover Lane,17331
5C:93:A2:93:45:83,                      ,41.17599106,-80.71115875,5C:93:A2,1,none,2021-02-22T13:00:00.000Z,2026-08-30T13:00:00.000Z,,OH,US,Youngstown Warren Road,44446
5C:93:A2:93:45:C9,,42.07444,-78.44146729,5C:93:A2,1,wpa2,2026-06-14T15:00:00.000Z,2026-07-28T11:00:00.000Z,,NY,US,Irving Street,14760
5C:93:A2:93:46:B2,DIRECT-roku-333-4A46E0,41.10175323,-78.89787292,5C:93:A2,44,wpa2,2025-08-29T00:00:00.000Z,2025-09-04T19:00:00.000Z,,PA,US,West Main Street,15851
5C:93:A2:93:46:C3,DIRECT-roku-583-91A854,39.45059204,-83.82829285,5C:93:A2,161,wpa2,2022-11-08T18:00:00.000Z,2024-10-13T08:00:00.000Z,,OH,US,North South Street,45177
5C:93:A2:93:46:D3,,32.64276886,-116.96140289,5C:93:A2,44,wpa2,2025-06-10T21:00:00.000Z,2025-06-10T14:00:00.000Z,Chula Vista,CA,US,Clubhouse Drive,91915
5C:93:A2:93:46:EB,,36.19177628,-115.07136536,5C:93:A2,36,wpa2,2026-01-28T19:00:00.000Z,2026-02-01T18:00:00.000Z,,NV,US,East Solar Eclipse Drive,89156
5C:93:A2:93:47:0F,,43.11088943,-88.02358246,5C:93:A2,36,wpa2,2023-04-24T16:00:00.000Z,2024-10-01T17:00:00.000Z,Milwaukee,WI,US,West Appleton Avenue,53225
5C:93:A2:93:47:18,DIRECT-roku-366-7070F5,33.54374695,-112.09970856,5C:93:A2,11,wpa2,2025-04-23T02:00:00.000Z,2025-11-26T12:00:00.000Z,Phoenix,AZ,US,North 19th Avenue,85021-5155
5C:93:A2:93:47:1D,,32.69272995,-117.13726807,5C:93:A2,48,wpa2,2018-10-10T01:00:00.000Z,2025-06-13T20:00:00.000Z,San Diego,CA,US,Main Street,92113
5C:93:A2:93:47:83,,43.82074738,-111.79807281,5C:93:A2,1,wpa2,2026-05-25T21:00:00.000Z,2026-05-25T15:00:00.000Z,,ID,US,South 5th West,83440
5C:93:A2:93:47:A3,,34.58432388,-112.34702301,5C:93:A2,149,wpa2,2026-02-09T05:00:00.000Z,2026-02-08T23:00:00.000Z,,AZ,US,North Mountain View Drive,86314
5C:93:A2:93:48:2C,DIRECT-roku-323-09D53B,36.15996933,-115.23770142,5C:93:A2,6,wpa2,2024-05-20T14:00:00.000Z,2026-08-20T17:00:00.000Z,Las Vegas,NV,US,West Charleston Boulevard,89146-1126
5C:93:A2:93:48:90,,34.08161163,-117.89603424,5C:93:A2,153,wpa2,2025-02-08T23:00:00.000Z,2025-02-08T16:00:00.000Z,Covina,CA,US,South Albertson Avenue,91723
5C:93:A2:93:48:E0,DIRECT-roku-817-2C0FC4,43.20055008,-96.29473114,5C:93:A2,36,wpa2,2021-07-23T19:00:00.000Z,2025-10-03T22:00:00.000Z,,IA,US,16th Avenue,51247
5C:93:A2:93:48:FA,,33.73561096,-117.86516571,5C:93:A2,157,wpa2,2025-01-28T20:00:00.000Z,2025-01-28T17:00:00.000Z,Santa Ana,CA,US,South Orange Avenue,92701
5C:93:A2:93:48:FE,,36.78305054,-119.82161713,5C:93:A2,149,wpa2,2026-02-14T16:00:00.000Z,2026-02-14T08:00:00.000Z,Fresno,CA,US,West Dayton Avenue,93702
5C:93:A2:93:9B:C5,Flock,43.19090271,-79.01774597,5C:93:A2,9,none,2026-08-28T17:00:00.000Z,2026-09-01T16:00:00.000Z,,NY,US,Creek Road,14092
5C:93:A2:93:A8:95,,46.2957077,-63.18048096,5C:93:A2,0,unknown,2024-10-08T13:00:00.000Z,2024-12-03T12:00:00.000Z,Charlottetown,Prince Edward Island,CA,Malpeque Road,C0A 2H0
5C:93:A2:94:F5:D3,,39.93008804,-75.26921844,5C:93:A2,1,wpa2,2026-04-22T16:00:00.000Z,2026-08-20T05:00:00.000Z,,PA,US,South Lansdowne Avenue,19050
5C:93:A2:94:F5:DD,,37.77589417,-81.18376923,5C:93:A2,6,wpa2,2001-01-01T00:00:00.000Z,2026-02-11T10:00:00.000Z,Beckley,WV,US,South Kanawha Street,25801
5C:93:A2:94:F5:F1,,39.18610001,-78.11355591,5C:93:A2,157,wpa2,2026-01-13T18:00:00.000Z,2026-01-15T16:00:00.000Z,,VA,US,Greenwood Road,22656
5C:93:A2:94:F6:DF,,47.62310791,-122.12554932,5C:93:A2,157,wpa2,2023-11-19T01:00:00.000Z,2025-02-04T13:00:00.000Z,Bellevue,WA,US,162nd Lane Northeast,98008
5C:93:A2:94:F7:52,                      ,38.94873428,-122.63114166,5C:93:A2,149,wpa2,2018-07-17T09:00:00.000Z,2026-06-02T15:00:00.000Z,,CA,US,Yarrington Court,95422
5C:93:A2:94:F7:8D,DIRECT-roku-513-470E27,34.62657166,-98.43242645,5C:93:A2,157,wpa2,2026-07-10T16:00:00.000Z,2026-07-10T12:00:00.000Z,Lawton,OK,US,Northwest 32nd Street,73505
5C:93:A2:94:F7:94,,38.43818665,-90.35693359,5C:93:A2,6,wpa2,2024-12-13T01:00:00.000Z,2024-12-12T18:00:00.000Z,,MO,US,Berrywine Lane,63010
5C:93:A2:94:F7:A7,DIRECT-roku-301-0CD291,38.54970169,-90.32325745,5C:93:A2,5,wpa2,2024-10-17T23:00:00.000Z,2024-10-17T18:00:00.000Z,,MO,US,Mackenzie Road,63123
5C:93:A2:94:F8:EF,,39.36099625,-77.15437317,5C:93:A2,11,wpa2,2025-11-11T00:00:00.000Z,2025-11-10T17:00:00.000Z,,MD,US,I 70;US 40,21771-5307
5C:93:A2:94:F9:D7,DIRECT-roku-216-79C23D,37.39347076,-77.77490997,5C:93:A2,157,wpa2,2024-11-29T15:00:00.000Z,2024-12-07T14:00:00.000Z,,VA,US,Hull Street Road,23120
5C:93:A2:94:FA:0C,,39.18017197,-78.14867401,5C:93:A2,36,wpa2,2025-07-05T15:00:00.000Z,2025-07-05T12:00:00.000Z,Winchester,VA,US,Allen Drive,22601
5C:93:A2:94:FA:11,5C:93:A2:94:FA:11,39.15848541,-75.52862549,5C:93:A2,1,wpa2,2026-03-20T19:00:00.000Z,2026-03-24T15:00:00.000Z,Dover,DE,US,South New Street,19901
5C:93:A2:94:FA:80,                      ,39.28076935,-76.64654541,5C:93:A2,6,wpa2,2026-05-22T17:00:00.000Z,2026-08-31T19:00:00.000Z,Baltimore,MD,US,South Monroe Street,21223
5C:93:A2:94:FA:8A,,40.94325256,-72.88420868,5C:93:A2,36,wpa2,2024-11-05T23:00:00.000Z,2024-11-05T17:00:00.000Z,,NY,US,Vee Jay Drive,11786
5C:93:A2:94:FA:BF,,34.11391449,-117.91637421,5C:93:A2,6,wpa2,2026-07-29T12:00:00.000Z,2026-07-29T09:00:00.000Z,Azusa,CA,US,Lark Ellen Avenue,91702
5C:93:A2:94:FA:D3,,37.15981674,-113.30079651,5C:93:A2,153,wpa2,2025-10-22T02:00:00.000Z,2025-10-22T18:00:00.000Z,,UT,US,South 700 West,84745
5C:93:A2:94:FA:FD,,33.50910568,-112.09122467,5C:93:A2,10,wpa2,2024-05-25T03:00:00.000Z,2025-05-01T14:00:00.000Z,Phoenix,AZ,US,North 15th Avenue,85013-2207
5C:93:A2:94:FB:12,DIRECT-roku-155-40C8FA,39.47135925,-118.77439117,5C:93:A2,3,wpa2,2025-05-07T00:00:00.000Z,2025-05-06T20:00:00.000Z,,NV,US,East Stillwater Avenue,89406
5C:93:A2:94:FB:95,,39.85630417,-75.45563507,5C:93:A2,6,wpa2,2026-02-02T13:00:00.000Z,2026-02-02T08:00:00.000Z,Upper Chichester Township,PA,US,Chichester Avenue,19061
5C:93:A2:94:FB:FE,,39.31737518,-76.56986237,5C:93:A2,6,wpa2,2026-05-31T18:00:00.000Z,2026-08-02T11:00:00.000Z,Baltimore,MD,US,Erdman Avenue,21213
5C:93:A2:94:FC:73,,41.59802246,-83.70611572,5C:93:A2,2,wpa2,2023-12-07T01:00:00.000Z,2024-10-28T13:00:00.000Z,,OH,US,Heather Cove Place,43537
5C:93:A2:94:FC:9C,,47.17243195,-122.40544891,5C:93:A2,44,wpa2,2025-11-22T20:00:00.000Z,2026-05-07T18:00:00.000Z,,WA,US,East Portland Avenue,98445-3949
5C:93:A2:94:FC:AA,DIRECT-roku-771-7E36B7,38.93581009,-77.3804245,5C:93:A2,2,wpa2,2024-05-21T20:00:00.000Z,2026-05-23T15:00:00.000Z,,VA,US,Fox Mill Road,20171
5C:93:A2:94:FD:28,DIRECT-roku-519-C5DBB7,36.09217072,-115.30488586,5C:93:A2,11,wpa2,2025-09-19T18:00:00.000Z,2026-06-01T15:00:00.000Z,,NV,US,Vista Crest Avenue,89148
5C:93:A2:94:FD:64,,35.6105423,-77.28429413,5C:93:A2,6,wpa2,2025-07-27T20:00:00.000Z,2025-07-27T21:00:00.000Z,Greenville,NC,US,Sunnyside Road,27834
5C:93:A2:94:FD:83,,38.69254684,-121.37484741,5C:93:A2,48,wpa2,2025-10-15T05:00:00.000Z,2025-10-14T23:00:00.000Z,,CA,US,Elkhorn Boulevard,95843
5C:93:A2:94:FE:15,,34.12730789,-117.91580963,5C:93:A2,11,wpa2,2021-03-25T12:00:00.000Z,2025-04-26T16:00:00.000Z,Azusa,CA,US,North Vernon Avenue,91702
5C:93:A2:94:FE:81,,37.96246338,-87.56003571,5C:93:A2,36,wpa2,2026-07-03T12:00:00.000Z,2026-07-03T08:00:00.000Z,Evansville,IN,US,Adams Avenue,47714
5C:93:A2:94:FE:A4,,36.02360535,-95.88983917,5C:93:A2,6,wpa2,2024-11-08T21:00:00.000Z,2025-11-11T21:00:00.000Z,Tulsa,OK,US,South 78th East Avenue,74133:74137
5C:93:A2:94:FE:DD,DIRECT-roku-882-0FF113,37.96291733,-87.55747986,5C:93:A2,157,wpa2,2024-05-03T17:00:00.000Z,2025-02-06T07:00:00.000Z,Evansville,IN,US,Washington Avenue,47715
5C:93:A2:94:FE:F0,,41.04792023,-73.54899597,5C:93:A2,40,wpa2,2025-09-20T03:00:00.000Z,2025-09-19T22:00:00.000Z,Stamford,CT,US,Richmond Hill Avenue,06902
5C:93:A2:94:FF:B2,,45.52687073,-122.41313171,5C:93:A2,6,wpa2,2026-07-26T18:00:00.000Z,2026-07-26T13:00:00.000Z,,OR,US,Northeast 242nd Drive,97060
5C:93:A2:94:FF:C1,,42.72310257,-73.70057678,5C:93:A2,11,wpa2,2024-12-26T13:00:00.000Z,2025-05-08T07:00:00.000Z,,NY,US,I 787,12180-8368
5C:93:A2:95:01:65,DIRECT-roku-420-444E08,39.07292175,-78.21169281,5C:93:A2,36,wpa2,2026-09-03T18:00:00.000Z,2026-09-03T12:00:00.000Z,,VA,US,Garden Gate Drive,22655
5C:93:A2:95:01:73,,41.91524506,-77.48023987,5C:93:A2,1,wpa2,2026-02-14T20:00:00.000Z,2026-02-15T18:00:00.000Z,,PA,US,PA 249,
5C:93:A2:95:01:7B,,39.15839386,-76.51331329,5C:93:A2,1,wpa2,2026-04-18T17:00:00.000Z,2026-04-18T13:00:00.000Z,,MD,US,Summit Road,21122
5C:93:A2:95:01:8A,,40.64297485,-74.22403717,5C:93:A2,36,wpa2,2024-11-11T16:00:00.000Z,2024-11-11T13:00:00.000Z,Elizabeth,NJ,US,Klem Avenue,07036
5C:93:A2:95:01:8D,,40.31288528,-75.63444519,5C:93:A2,6,wpa2,2024-02-22T12:00:00.000Z,2025-02-03T17:00:00.000Z,Douglass Township,PA,US,Swinehart Road,19512
5C:93:A2:95:02:28,<hidden>,43.19976807,-77.5905838,5C:93:A2,3,none,2026-08-14T11:00:00.000Z,2026-08-14T05:00:00.000Z,Town of Irondequoit,NY,US,Seth Land Drive,14617
5C:93:A2:95:02:2A,,43.19976044,-77.59085846,5C:93:A2,44,wpa2,2026-08-14T11:00:00.000Z,2026-08-14T05:00:00.000Z,Town of Irondequoit,NY,US,Seth Land Drive,14617
5C:93:A2:95:02:40,<hidden>,43.266716,-76.99188995,5C:93:A2,7,none,2026-07-26T11:00:00.000Z,2026-07-26T06:00:00.000Z,,NY,US,NY 14,14555
5C:93:A2:95:02:48,,42.45508194,-71.39444733,5C:93:A2,10,wpa2,2023-11-19T22:00:00.000Z,2024-10-19T14:00:00.000Z,,MA,US,Main Street,01742
5C:93:A2:95:02:4B,,40.78800201,-73.20123291,5C:93:A2,11,wpa2,2022-10-31T18:00:00.000Z,2026-08-19T00:00:00.000Z,,NY,US,Carleton Avenue,11722
5C:93:A2:95:02:99,DIRECT-roku-677-EC6DCD,44.47216034,-88.03036499,5C:93:A2,5,wpa2,2024-12-18T02:00:00.000Z,2025-03-16T00:00:00.000Z,Green Bay,WI,US,South Webster Avenue,54301
5C:93:A2:95:02:D7,,36.91292572,-76.27555084,5C:93:A2,1,wpa2,2026-08-05T21:00:00.000Z,2026-08-05T15:00:00.000Z,Norfolk,VA,US,North Shore Road,23505
5C:93:A2:95:02:F5,,39.33188629,-76.54163361,5C:93:A2,1,wep,2026-08-16T18:00:00.000Z,2026-08-17T20:00:00.000Z,Baltimore,MD,US,Willshire Avenue,21206
5C:93:A2:95:03:0D,DIRECT-roku-061-B0D6E0,44.94740677,-93.09610748,5C:93:A2,44,wpa2,2025-07-24T14:00:00.000Z,2025-07-24T13:00:00.000Z,Saint Paul,MN,US,Wabasha Street North,55155
5C:93:A2:95:03:21,DIRECT-roku-878-2F5F98,47.73796463,-116.95037842,5C:93:A2,157,wpa2,2025-08-15T11:00:00.000Z,2025-08-15T05:00:00.000Z,,ID,US,North Treaty Rock Boulevard,83877-0010
5C:93:A2:95:03:D1,,40.62871552,-74.31415558,5C:93:A2,1,wpa2,2026-02-25T21:00:00.000Z,2026-02-26T05:00:00.000Z,,NJ,US,Raritan Road,07066
5C:93:A2:95:03:E8,DIRECT-roku-410-083CA0,38.96619797,-77.02760315,5C:93:A2,9,wpa2,2026-03-27T00:00:00.000Z,2026-03-27T10:00:00.000Z,Washington,DC,US,Georgia Avenue Northwest,20012
5C:93:A2:95:04:D9,DIRECT-roku-853-89CB40,36.26668549,-76.20119476,5C:93:A2,1,wpa2,2026-04-21T01:00:00.000Z,2026-08-26T19:00:00.000Z,Elizabeth City,NC,US,Weeksville Road,27909
5C:93:A2:95:04:DB,DIRECT-roku-773-337DEC,38.43660355,-78.88634491,5C:93:A2,44,wpa2,2023-05-19T14:00:00.000Z,2025-05-20T15:00:00.000Z,Harrisonburg,VA,US,Central Avenue,22801
5C:93:A2:95:04:EE,,39.7662735,-75.49897003,5C:93:A2,11,wpa2,2024-10-18T00:00:00.000Z,2024-10-17T18:00:00.000Z,,DE,US,Rosedale Avenue,19809
5C:93:A2:95:05:15,DIRECT-roku-335-7BD866,18.3976059,-66.15736389,5C:93:A2,36,wpa2,2025-10-08T16:00:00.000Z,2025-10-08T10:00:00.000Z,Bayamón,PR,US,Calle Marginal,00960
5C:93:A2:95:05:46,                      ,39.14622879,-76.59677887,5C:93:A2,36,wpa2,2023-05-28T22:00:00.000Z,2026-08-22T10:00:00.000Z,,MD,US,Marley Station Road,21060
5C:93:A2:95:05:AC,DIRECT-roku-202-D8830D,37.55919647,-77.48256683,5C:93:A2,44,wpa2,2025-10-25T18:00:00.000Z,2025-10-25T12:00:00.000Z,Richmond,VA,US,Hanover Avenue,23221
5C:93:A2:95:05:C6,,39.42362213,-76.2953949,5C:93:A2,3,wpa2,2026-08-30T13:00:00.000Z,2026-08-30T07:00:00.000Z,,MD,US,Edgewood Road,21015
5C:93:A2:95:05:FD,,46.40082932,-117.07394409,5C:93:A2,11,wpa2,2026-08-20T00:00:00.000Z,2026-08-21T01:00:00.000Z,,WA,US,Scenic Way,99403
5C:93:A2:95:06:01,,46.41651917,-117.08460999,5C:93:A2,6,wpa2,2026-07-28T04:00:00.000Z,2026-07-27T22:00:00.000Z,,WA,US,Bridge Street,99403
5C:93:A2:95:06:73,,34.64472961,-112.43278503,5C:93:A2,9,wpa2,2018-04-29T02:00:00.000Z,2025-03-08T22:00:00.000Z,Prescott,AZ,US,AZ 89,
5C:93:A2:95:06:7A,,40.75445175,-111.89948273,5C:93:A2,3,wpa2,2023-04-06T02:00:00.000Z,2025-04-26T20:00:00.000Z,Salt Lake City,UT,US,300 West,84101
5C:93:A2:95:06:98,,32.5802269,-117.05028534,5C:93:A2,161,wpa2,2026-06-02T21:00:00.000Z,2026-06-05T01:00:00.000Z,San Diego,CA,US,Piccard Avenue,92154
5C:93:A2:95:06:E8,DIRECT-roku-591-489C51,34.09755325,-117.92125702,5C:93:A2,157,wpa2,2018-08-16T16:00:00.000Z,2025-02-25T15:00:00.000Z,El Monte,CA,US,East Benwood Street,91722
5C:93:A2:95:06:F7,,46.83945084,-96.75738525,5C:93:A2,36,wpa2,2025-04-18T00:00:00.000Z,2025-04-26T10:00:00.000Z,Moorhead,MN,US,14th Street South,56560
5C:93:A2:95:06:FC,DIRECT-roku-620-2C848B,33.83450317,-118.07569885,5C:93:A2,11,wpa2,2025-01-18T16:00:00.000Z,2026-01-29T09:00:00.000Z,,CA,US,Juan Avenue,90716
5C:93:A2:95:07:04,,38.70620728,-121.2883606,5C:93:A2,157,wpa2,2025-09-21T08:00:00.000Z,2025-10-05T03:00:00.000Z,,CA,US,Antelope Road,95621
5C:93:A2:95:07:27,,40.62908173,-75.3529892,5C:93:A2,6,wpa2,2020-03-04T15:00:00.000Z,2026-06-30T10:00:00.000Z,Bethlehem,PA,US,Pembroke Road,18017
5C:93:A2:95:07:4D,,41.65291595,-83.61763,5C:93:A2,1,wpa2,2025-10-01T14:00:00.000Z,2026-04-23T11:00:00.000Z,Toledo,OH,US,Dorr Street,43615
5C:93:A2:95:07:5A,DIRECT-roku-922-DC5BEF,33.81992722,-118.01255035,5C:93:A2,157,wpa2,2025-01-01T16:00:00.000Z,2025-01-01T17:00:00.000Z,Anaheim,CA,US,West Savanna Street,92804
5C:93:A2:95:07:98,,37.68731689,-92.6810379,5C:93:A2,157,wep,2026-08-31T02:00:00.000Z,2026-08-31T03:00:00.000Z,,MO,US,Laclede Street,65536
5C:93:A2:95:07:DC,,46.32185745,-95.44591522,5C:93:A2,9,wpa2,2025-10-08T23:00:00.000Z,2025-10-08T23:00:00.000Z,,MN,US,Douglas Avenue,56551
5C:93:A2:95:08:54,DIRECT-roku-115-1F2BE6,40.06032562,-74.11158752,5C:93:A2,1,wpa2,2026-06-16T07:00:00.000Z,2026-06-16T05:00:00.000Z,,NJ,US,Princeton Avenue,08724
5C:93:A2:95:08:55,DIRECT-roku-188-334057,39.27499771,-81.51963043,5C:93:A2,5,wpa2,2025-12-11T00:00:00.000Z,2025-12-13T13:00:00.000Z,Parkersburg,WV,US,Fairview Avenue,26104
5C:93:A2:95:08:AB,DIRECT-roku-953-A3DBDF,45.50217056,-122.86747742,5C:93:A2,4,wpa2,2023-07-18T21:00:00.000Z,2025-08-02T23:00:00.000Z,,OR,US,Southwest 185th Avenue,97003
5C:93:A2:95:08:C1,,38.67084503,-121.228508,5C:93:A2,6,wpa2,2025-11-02T23:00:00.000Z,2025-11-03T01:00:00.000Z,,CA,US,Pershing Avenue,95662
5C:93:A2:95:08:FA,DIRECT-roku-067-3607CA,41.52915192,-88.05130768,5C:93:A2,11,wpa2,2026-04-12T07:00:00.000Z,2026-04-16T10:00:00.000Z,Joliet,IL,US,Cass Street,60432
5C:93:A2:95:09:07,,43.81372452,-111.79238892,5C:93:A2,11,wpa2,2026-05-16T22:00:00.000Z,2026-08-11T23:00:00.000Z,,ID,US,South 3rd West,83440
5C:93:A2:95:09:5C,DIRECT-roku-118-C8B5C8,41.62673569,-84.06333923,5C:93:A2,1,wpa2,2024-07-16T19:00:00.000Z,2024-09-30T17:00:00.000Z,,OH,US,County Road L,43515
5C:93:A2:95:09:E6,,39.31594849,-76.66796875,5C:93:A2,1,wpa2,2026-09-02T16:00:00.000Z,2026-09-02T10:00:00.000Z,Baltimore,MD,US,North Longwood Street,21216
5C:93:A2:95:09:E8,DIRECT-roku-156-D24EC8,39.33158875,-76.4885788,5C:93:A2,11,wpa2,2026-01-15T16:00:00.000Z,2026-07-20T09:00:00.000Z,,MD,US,Pulaski Highway,21237
5C:93:A2:95:0A:58,,40.78492737,-81.53224945,5C:93:A2,157,wpa2,2025-04-08T23:00:00.000Z,2025-04-27T05:00:00.000Z,,OH,US,Webb Avenue Southwest,44647
5C:93:A2:95:0A:65,DIRECT-roku-412-5ED028,40.67892075,-73.79892731,5C:93:A2,44,wpa2,2023-10-27T18:00:00.000Z,2025-10-21T05:00:00.000Z,City of New York,NY,US,Foch Boulevard,11436
5C:93:A2:95:0A:9E,DIRECT-roku-178-45F985,42.89481735,-85.66526031,5C:93:A2,44,wpa2,2021-03-26T07:00:00.000Z,2025-12-30T10:00:00.000Z,,MI,US,Division Avenue South,49548
5C:93:A2:95:0A:C6,DIRECT-roku-112-3F0033,33.9493866,-118.27677155,5C:93:A2,157,wpa2,2024-11-30T18:00:00.000Z,2024-11-30T17:00:00.000Z,Los Angeles,CA,US,South Spring Street,90044
5C:93:A2:95:0A:F8,,37.56422424,-75.79945374,5C:93:A2,11,wpa2,2026-03-31T14:00:00.000Z,2026-03-31T08:00:00.000Z,,VA,US,Lankford Highway,23415
5C:93:A2:95:0B:08,,32.78617859,-117.19942474,5C:93:A2,4,wpa2,2025-10-26T00:00:00.000Z,2025-10-25T19:00:00.000Z,San Diego,CA,US,Hartford Street,92110
5C:93:A2:95:0B:1B,,43.45049286,-70.7541275,5C:93:A2,1,wpa2,2026-03-14T16:00:00.000Z,2026-03-14T18:00:00.000Z,Sanford,ME,US,Grammar Road,04073
5C:93:A2:95:0B:6D,,40.68260193,-74.10582733,5C:93:A2,157,wpa2,2024-02-19T17:00:00.000Z,2025-03-08T12:00:00.000Z,Bayonne,NJ,US,Avenue C,07305
5C:93:A2:95:0B:73,DIRECT-roku-326-7ED1EB,34.06383896,-118.23728943,5C:93:A2,36,wpa2,2019-09-28T13:00:00.000Z,2024-10-13T15:00:00.000Z,Los Angeles,CA,US,North Broadway,90012
5C:93:A2:95:0B:C6,,42.24090195,-71.84965515,5C:93:A2,1,wpa2,2019-02-12T13:00:00.000Z,2025-03-09T06:00:00.000Z,Worcester,MA,US,Eureka Street,01603
5C:93:A2:95:0C:96,,43.03591919,-71.07331848,5C:93:A2,149,wpa2,2021-07-25T11:00:00.000Z,2024-12-03T14:00:00.000Z,,NH,US,Moore Street,03042
5C:93:A2:95:0C:C2,,40.66091919,-75.27984619,5C:93:A2,149,wpa2,2025-08-07T18:00:00.000Z,2026-08-06T11:00:00.000Z,Bethlehem Township,PA,US,Concord Drive,18045
5C:93:A2:95:2B:5C,,40.73658752,-73.52430725,5C:93:A2,2,unknown,2025-02-23T20:00:00.000Z,2025-02-23T15:00:00.000Z,Levittown,NY,US,Orchid Road,11756
5C:93:A2:95:64:E3,,41.47498703,-81.75554657,5C:93:A2,11,unknown,2025-07-25T21:00:00.000Z,2025-07-25T16:00:00.000Z,Cleveland,OH,US,West Boulevard,44111
5C:93:A2:95:BB:6B,Hitachi W50 95bb6b_AJ,32.64093399,-116.97678375,5C:93:A2,6,none,2026-02-21T22:00:00.000Z,2026-02-21T21:00:00.000Z,Chula Vista,CA,US,Padding River Road,91913
5C:93:A2:95:BB:7B,Hitachi W200 95bb7b_AJ,36.20268631,-115.23177338,5C:93:A2,6,unknown,2026-02-13T09:00:00.000Z,2026-02-13T01:00:00.000Z,Las Vegas,NV,US,Decosta Circle,89108
5C:93:A2:95:C1:C5,Hitachi W200 95c1c5_AJ,44.72740173,-117.78170013,5C:93:A2,6,unknown,2023-08-31T22:00:00.000Z,2026-03-09T22:00:00.000Z,,OR,US,Old Oregon Trail Highway,97814
5C:93:A2:95:C2:23,Hitachi W100 95c223_AJ,34.27749634,-77.85617065,5C:93:A2,6,none,2017-09-15T19:00:00.000Z,2026-07-08T16:00:00.000Z,,NC,US,Lake Emerald Drive East,28411
5C:93:A2:95:C2:D9,Hitachi W200 95c2d9_AJ,47.17700577,-122.52354431,5C:93:A2,6,none,2025-09-27T15:00:00.000Z,2026-08-04T23:00:00.000Z,,WA,US,88th Street Court Southwest,98499-1705
5C:93:A2:95:C4:33,Hitachi W50 95c433_AJ,33.626194,-111.97375488,5C:93:A2,6,unknown,2016-08-01T14:00:00.000Z,2025-03-08T20:00:00.000Z,Phoenix,AZ,US,East Greenway Road,85032-4817
5C:93:A2:95:C4:C7,Hitachi W50 95c4c7_AJ,43.36526871,-80.29192352,5C:93:A2,6,none,2017-09-24T12:00:00.000Z,2026-08-01T09:00:00.000Z,Cambridge,Ontario,CA,Franklin Boulevard,N1R 5H6
5C:93:A2:95:C6:61,Hitachi W50 95c661_AJ,44.97869873,-89.62156677,5C:93:A2,6,unknown,2024-01-15T00:00:00.000Z,2025-04-06T17:00:00.000Z,Wausau,WI,US,Brown Street,54403
5C:93:A2:95:C6:AB,Hitachi W50 95c6ab_AJ,45.53298569,-73.64707947,5C:93:A2,6,unknown,2004-01-09T12:00:00.000Z,2025-11-30T19:00:00.000Z,Montréal,Québec,CA,Boulevard Crémazie Ouest,H4N 3M5
5C:93:A2:95:C8:31,Hitachi W50 95c831_AJ,40.41212082,-105.02102661,5C:93:A2,6,unknown,2025-06-24T03:00:00.000Z,2025-06-23T21:00:00.000Z,,CO,US,North Boyd Lake Avenue,80538-9083
5C:93:A2:95:C8:E5,Hitachi W50 95c8e5_AJ,34.03718948,-84.23477173,5C:93:A2,6,unknown,2023-03-30T18:00:00.000Z,2026-06-02T18:00:00.000Z,Johns Creek,GA,US,Buice Road,30022
5C:93:A2:95:F3:9F,Hitachi W50 95f39f_AJ,39.73692322,-104.96877289,5C:93:A2,6,none,2024-10-30T01:00:00.000Z,2026-03-19T17:00:00.000Z,Denver,CO,US,Franklin Street,80218
5C:93:A2:95:F6:5D,Hitachi W100 95f65d_AJ,41.81755829,-88.18545532,5C:93:A2,6,unknown,2015-09-05T09:00:00.000Z,2024-11-09T15:00:00.000Z,Warrenville,IL,US,Burk Avenue,60555
5C:93:A2:95:F7:33,Hitachi W50 95f733_AJ,33.49828339,-112.04382324,5C:93:A2,6,unknown,2018-09-04T14:00:00.000Z,2025-03-08T20:00:00.000Z,Phoenix,AZ,US,Piestewa Freeway,85016
5C:93:A2:96:36:63,Hitachi W50 963663_AJ,28.84882927,-100.53359985,5C:93:A2,6,unknown,2024-01-29T22:00:00.000Z,2024-09-19T18:00:00.000Z,,TX,US,US 277,
5C:93:A2:96:37:B3,Hitachi W200 9637b3_AJ,29.57113457,-98.27510071,5C:93:A2,6,unknown,2019-11-09T18:00:00.000Z,2025-01-06T11:00:00.000Z,,TX,US,Mesa Verde,78154
5C:93:A2:96:38:23,Hitachi W50 963823_AJ,42.28802872,-71.79073334,5C:93:A2,6,unknown,2025-04-17T20:00:00.000Z,2025-09-17T16:00:00.000Z,Worcester,MA,US,Burncoat Street,01653
5C:93:A2:96:3A:67,Hitachi W200 963a67_AJ,35.13008118,-106.36606598,5C:93:A2,6,unknown,2021-08-12T17:00:00.000Z,2026-08-17T17:00:00.000Z,,NM,US,SH 14,87008
5C:93:A2:96:3A:CD,Hitachi W200 963acd_AJ,27.23129845,-81.92182159,5C:93:A2,6,unknown,2018-07-02T14:00:00.000Z,2025-04-30T18:00:00.000Z,,FL,US,FL 70,34265
5C:93:A2:96:3F:1F,Hitachi W200 963f1f_AJ,38.56570435,-92.19035339,5C:93:A2,6,unknown,2025-06-15T02:00:00.000Z,2025-08-26T19:00:00.000Z,Jefferson City,MO,US,Stadium Boulevard,65102
5C:93:A2:96:82:17,Hitachi W200 968217_AJ,28.42341423,-81.50362396,5C:93:A2,6,unknown,2024-09-02T16:00:00.000Z,2026-07-11T22:00:00.000Z,,FL,US,Apopka Vineland Road,32836
5C:93:A2:96:88:87,Hitachi W200 968887_AJ,33.83283615,-111.94042206,5C:93:A2,6,unknown,2019-10-25T22:00:00.000Z,2025-03-08T19:00:00.000Z,,AZ,US,East Cave Creek Road,85377
5C:93:A2:96:88:8B,Hitachi W200 96888b_AJ,39.92318726,-83.78311157,5C:93:A2,6,none,2024-11-13T14:00:00.000Z,2026-04-19T13:00:00.000Z,Springfield,OH,US,East Main Street,45505
5C:93:A2:96:89:A5,Hitachi W200 9689a5_AJ,39.07745743,-108.5594635,5C:93:A2,6,unknown,2025-10-18T23:00:00.000Z,2025-10-18T19:00:00.000Z,Grand Junction,CO,US,North Avenue,81501
5C:93:A2:99:C6:07,ALL5CD99c607_AJ,51.39585114,5.47932816,5C:93:A2,6,unknown,2024-04-15T15:00:00.000Z,2026-02-01T12:00:00.000Z,,Noord-Brabant,NL,Emmastraat,5583BL
5C:93:A2:99:D2:57,ALL5CD99d257_AJ,51.86816406,4.7804451,5C:93:A2,6,none,2026-08-05T15:00:00.000Z,2026-08-28T11:00:00.000Z,,Zuid-Holland,NL,Van Beukelaarweg,2971VL
5C:93:A2:9E:52:1F,,35.92512512,-78.8091507,5C:93:A2,1,wpa2,2026-06-22T18:00:00.000Z,2026-06-22T14:00:00.000Z,Durham,NC,US,Lumley Road,27703
5C:93:A2:A0:97:3D,,30.21026421,-97.11914062,5C:93:A2,0,unknown,2025-03-01T12:00:00.000Z,2025-03-01T14:00:00.000Z,,TX,US,US 290,
5C:93:A2:A5:86:76,Xbox Connection,56.13020325,-3.93502545,5C:93:A2,1,wpa2,2025-03-02T15:00:00.000Z,2025-03-02T07:00:00.000Z,Stirling,Alba / Scotland,GB,Cornton Road,FK9 5AE
5C:93:A2:A5:E6:82,DIRECT-PYDESKTOP-H1TIOVImsDR,53.35144043,-3.01943946,5C:93:A2,6,wpa2,2025-12-17T14:00:00.000Z,2025-12-17T07:00:00.000Z,,England,GB,Kingsville Road,CH63 2NW
5C:93:A2:A5:E9:59,DIRECT-BWLENOVO-DESKTOP-msXY,52.20538712,5.98757935,5C:93:A2,13,wpa2,2022-07-27T17:00:00.000Z,2025-10-22T07:00:00.000Z,Apeldoorn,Gelderland,NL,Olieslagershorst,7328NM
5C:93:A2:A6:92:95,,41.73894119,-71.3169632,5C:93:A2,1,wpa2,2026-06-18T11:00:00.000Z,2026-06-18T19:00:00.000Z,,RI,US,Maple Avenue,02806
5C:93:A2:A7:96:74,,49.26873016,-123.18628693,5C:93:A2,11,wpa2,2026-09-01T17:00:00.000Z,2026-09-01T11:00:00.000Z,Vancouver,British Columbia,CA,West 4th Avenue,V6R
5C:93:A2:A8:9F:10,TELUS2769,49.19372177,-122.80111694,5C:93:A2,1,none,2026-08-04T23:00:00.000Z,2026-08-16T02:00:00.000Z,Surrey,British Columbia,CA,152 Street,V3R 1J8
5C:93:A2:A8:BE:8F,,40.73324585,-74.06295013,5C:93:A2,11,unknown,2025-07-28T18:00:00.000Z,2025-07-29T20:00:00.000Z,Jersey City,NJ,US,John F. Kennedy Boulevard,07306
5C:93:A2:AA:B6:1A,,48.22235489,16.38225555,5C:93:A2,48,unknown,2026-02-08T10:00:00.000Z,2026-02-08T03:00:00.000Z,Wien,Volkertviertel,AT,Klanggasse,1020
5C:93:A2:AB:35:A4,,39.9855957,-85.88535309,5C:93:A2,10,unknown,2026-07-25T22:00:00.000Z,2026-07-25T19:00:00.000Z,,IN,US,Eastpark Circle,
5C:93:A2:AB:38:47,,45.445961,-73.63175964,5C:93:A2,0,unknown,2025-06-11T11:00:00.000Z,2025-07-11T18:00:00.000Z,Montréal,Québec,CA,Rue Saint-Patrick,H8N 2Y9
5C:93:A2:AF:0D:BD,,36.23226547,-115.08945465,5C:93:A2,0,unknown,2025-05-14T22:00:00.000Z,2025-05-16T15:00:00.000Z,North Las Vegas,NV,US,North Walnut Road,89030
5C:93:A2:AF:0E:52,,27.82527161,-82.65496826,5C:93:A2,1,unknown,2025-10-29T19:00:00.000Z,2025-10-30T15:00:00.000Z,Saint Petersburg,FL,US,16th Street North,33702
5C:93:A2:AF:13:C9,,40.66652298,-73.57510376,5C:93:A2,7,unknown,2025-07-27T22:00:00.000Z,2025-07-27T18:00:00.000Z,,NY,US,Lessing Place,11520
5C:93:A2:AF:15:2A,,45.52037048,-122.8447876,5C:93:A2,11,wpa2,2024-01-15T19:00:00.000Z,2026-05-23T12:00:00.000Z,Beaverton,OR,US,Northwest Schendel Avenue,97006
5C:93:A2:AF:15:2D,,47.00606155,-122.91012573,5C:93:A2,6,wpa2,2017-08-04T13:00:00.000Z,2025-04-26T13:00:00.000Z,Tumwater,WA,US,2nd Avenue Southwest,98501-5801
5C:93:A2:AF:15:45,,42.92899323,-112.46608734,5C:93:A2,149,wpa2,2024-04-05T15:00:00.000Z,2025-01-02T21:00:00.000Z,Chubbuck,ID,US,Park Lawn Avenue,83202
5C:93:A2:AF:15:60,,33.83451843,-118.09137726,5C:93:A2,1,wpa2,2025-01-01T19:00:00.000Z,2025-01-01T17:00:00.000Z,,CA,US,Longworth Avenue,90715
5C:93:A2:AF:15:63,DIRECT-roku-518-06156F,33.5774498,-112.06624603,5C:93:A2,1,wpa2,2015-12-30T00:00:00.000Z,2025-03-08T22:00:00.000Z,Phoenix,AZ,US,East Ironwood Drive,85020
5C:93:A2:AF:15:98,,47.00577164,-122.91028595,5C:93:A2,11,wpa2,2025-04-19T23:00:00.000Z,2026-01-02T17:00:00.000Z,Tumwater,WA,US,2nd Avenue Southwest,98501-5801
5C:93:A2:AF:16:40,DIRECT-roku-505-5446B5,33.64015198,-112.07227325,5C:93:A2,11,wpa2,2015-11-12T18:00:00.000Z,2025-03-08T21:00:00.000Z,Phoenix,AZ,US,East Bell Road,85023-1502
5C:93:A2:AF:16:69,,45.68149567,-122.58239746,5C:93:A2,44,wpa2,2024-11-29T17:00:00.000Z,2024-11-29T10:00:00.000Z,Vancouver,WA,US,Northeast 89th Avenue,98662
5C:93:A2:AF:16:79,,47.45070648,-122.82744598,5C:93:A2,7,wpa2,2025-05-20T14:00:00.000Z,2025-07-19T14:00:00.000Z,,WA,US,Northeast State Route 3,98528
5C:93:A2:AF:16:94,DIRECT-roku-891-58563B,40.71976089,-115.56234741,5C:93:A2,48,wpa2,2025-04-25T13:00:00.000Z,2025-04-25T13:00:00.000Z,,NV,US,Westcott Drive,89815
5C:93:A2:AF:16:CB,DIRECT-roku-989-8D93FC,40.80445862,-115.6699295,5C:93:A2,4,wpa2,2018-10-17T17:00:00.000Z,2025-01-15T12:00:00.000Z,,NV,US,Lynx Drive,
5C:93:A2:AF:16:CF,DIRECT-roku-082-DBE74A,39.66042328,-104.99369049,5C:93:A2,6,wpa2,2019-09-13T07:00:00.000Z,2026-02-21T07:00:00.000Z,,CO,US,West Dartmouth Avenue,80113-1525
5C:93:A2:AF:16:E0,,33.40647125,-112.26869965,5C:93:A2,6,wpa2,2026-06-08T12:00:00.000Z,2026-06-08T11:00:00.000Z,Avondale,AZ,US,AZ-30,85323
5C:93:A2:AF:17:9D,,36.09519958,-115.06072998,5C:93:A2,9,wpa2,2026-05-04T19:00:00.000Z,2026-05-04T23:00:00.000Z,,NV,US,Laurelwood Avenue,89122-6081
5C:93:A2:AF:17:9E,,33.74326324,-118.28279877,5C:93:A2,1,wpa2,2019-08-22T04:00:00.000Z,2025-03-08T21:00:00.000Z,Los Angeles,CA,US,West 1st Street,90732
5C:93:A2:AF:17:A9,,37.77748871,-119.07788849,5C:93:A2,4,wpa2,2026-08-10T23:00:00.000Z,2026-08-10T16:00:00.000Z,,CA,US,Golden Pine RV Park,93529
5C:93:A2:AF:17:AB,DIRECT-roku-461-39DB9D,38.26207733,-104.61663818,5C:93:A2,4,wpa2,2026-01-25T04:00:00.000Z,2026-04-24T18:00:00.000Z,Pueblo,CO,US,South Union Avenue,81003
5C:93:A2:AF:17:C8,,36.16640091,-115.10879517,5C:93:A2,36,wpa2,2025-03-29T23:00:00.000Z,2025-03-29T16:00:00.000Z,Las Vegas,NV,US,East Stewart Avenue,89104
5C:93:A2:AF:17:F9,DIRECT-roku-050-166C83,41.22880936,-111.95381927,5C:93:A2,157,wpa2,2017-03-25T14:00:00.000Z,2025-03-21T08:00:00.000Z,Ogden,UT,US,21st Street,84403
5C:93:A2:AF:18:3D,,32.16250992,-110.95150757,5C:93:A2,149,wpa2,2025-05-26T13:00:00.000Z,2025-05-26T10:00:00.000Z,Tucson,AZ,US,East Nevada Drive,85714
5C:93:A2:AF:18:5A,,33.98168182,-118.2283783,5C:93:A2,6,wpa2,2025-12-05T15:00:00.000Z,2025-12-05T08:00:00.000Z,,CA,US,Gage Avenue,90255
5C:93:A2:AF:18:93,,33.30875015,-111.85943604,5C:93:A2,1,wpa2,2026-01-10T22:00:00.000Z,2026-01-10T14:00:00.000Z,Chandler,AZ,US,West Flint Street,85244
5C:93:A2:AF:18:9C,,33.67084122,-116.3125,5C:93:A2,36,wpa2,2024-10-25T15:00:00.000Z,2024-10-25T09:00:00.000Z,,CA,US,Avenida Carranza,92253
5C:93:A2:AF:18:A5,,33.83936691,-117.89942169,5C:93:A2,149,wpa2,2021-08-27T21:00:00.000Z,2026-01-19T15:00:00.000Z,Anaheim,CA,US,East Lincoln Avenue,92805
5C:93:A2:AF:18:C5,DIRECT-roku-785-C264BF,34.06291962,-117.76963806,5C:93:A2,44,wpa2,2025-09-13T05:00:00.000Z,2025-09-13T06:00:00.000Z,Pomona,CA,US,North Lewis Street,91768
5C:93:A2:AF:18:CC,DIRECT-roku-472-2BBF85,33.90734482,-117.1578598,5C:93:A2,44,wpa2,2025-08-01T20:00:00.000Z,2025-08-01T17:00:00.000Z,Moreno Valley,CA,US,John F Kennedy Drive,92555
5C:93:A2:AF:18:E0,,43.59241486,-83.89378357,5C:93:A2,10,wpa2,2026-07-04T00:00:00.000Z,2026-08-08T18:00:00.000Z,,MI,US,East Main Street,48708
5C:93:A2:AF:19:06,DIRECT-roku-362-EAAB42,43.0791893,-88.25840759,5C:93:A2,44,wpa2,2017-07-08T11:00:00.000Z,2024-11-07T14:00:00.000Z,,WI,US,Main Street,53072
5C:93:A2:AF:19:0D,DIRECT-roku-902-E7AA88,34.44602966,-118.55343628,5C:93:A2,9,wpa2,2026-06-30T20:00:00.000Z,2026-06-30T19:00:00.000Z,Santa Clarita,CA,US,McBean Parkway,91354
5C:93:A2:AF:19:25,,43.61156845,-116.40301514,5C:93:A2,36,wpa2,2025-04-16T21:00:00.000Z,2025-04-16T15:00:00.000Z,Meridian,ID,US,Northwest 7th Street,83642
5C:93:A2:AF:19:67,DIRECT-roku-942-9AB5D9,34.1828537,-118.31041718,5C:93:A2,157,wpa2,2015-07-16T09:00:00.000Z,2025-10-21T19:00:00.000Z,Burbank,CA,US,East Palm Avenue,91502
5C:93:A2:AF:19:76,                      ,37.28665924,-121.83999634,5C:93:A2,6,wpa2,2026-05-14T01:00:00.000Z,2026-05-13T19:00:00.000Z,San Jose,CA,US,Singleton Road,95111
5C:93:A2:AF:19:96,DIRECT-roku-661-8B24A0,39.3377533,-119.23136902,5C:93:A2,1,wpa2,2024-03-01T06:00:00.000Z,2024-10-30T22:00:00.000Z,,NV,US,Elm Street,89429
5C:93:A2:AF:19:AA,DIRECT-roku-030-C14C19,47.74969482,-117.01644135,5C:93:A2,44,wpa2,2025-09-22T22:00:00.000Z,2025-09-22T16:00:00.000Z,Hauser,ID,US,North Rock Pillar,99025
5C:93:A2:AF:19:B9,DIRECT-roku-503-593FA6,38.5888176,-121.51284027,5C:93:A2,161,wpa2,2022-10-11T14:00:00.000Z,2026-06-22T15:00:00.000Z,,CA,US,C Street,95605
5C:93:A2:AF:19:DF,,33.39195251,-112.18550873,5C:93:A2,36,wpa2,2024-10-06T00:00:00.000Z,2024-10-05T20:00:00.000Z,Phoenix,AZ,US,West Southern Avenue,85339
5C:93:A2:AF:19:EA,,39.53410721,-110.59275818,5C:93:A2,6,wpa2,2024-05-04T22:00:00.000Z,2024-09-14T09:00:00.000Z,,UT,US,US 6;US 191,
5C:93:A2:AF:1A:49,DIRECT-roku-392-B452B1,40.51276398,-78.4050293,5C:93:A2,149,wpa2,2024-09-24T00:00:00.000Z,2026-08-31T16:00:00.000Z,Altoona,PA,US,16th Street,16660
5C:93:A2:AF:1A:B2,DIRECT-roku-827-CE7559,39.62191391,-119.72297668,5C:93:A2,6,wpa2,2023-12-19T01:00:00.000Z,2026-08-22T09:00:00.000Z,,NV,US,Serena Springs Court,89441
5C:93:A2:AF:1A:C5,DIRECT-roku-144-81BA4D,39.41272354,-119.22202301,5C:93:A2,157,wpa2,2015-08-18T17:00:00.000Z,2025-04-22T23:00:00.000Z,,NV,US,Lahontan Street,
5C:93:A2:AF:1B:22,,34.0774231,-117.98604584,5C:93:A2,44,wpa2,2025-02-04T17:00:00.000Z,2025-02-04T17:00:00.000Z,Baldwin Park,CA,US,Francisquito Avenue,91706
5C:93:A2:AF:1B:46,DIRECT-roku-851-BA3D3C,33.50004578,-112.09759521,5C:93:A2,157,wpa2,2015-05-20T08:00:00.000Z,2025-03-08T20:00:00.000Z,Phoenix,AZ,US,West Montecito Avenue,85015
5C:93:A2:AF:1B:4B,,36.63087845,-93.21618652,5C:93:A2,1,wpa2,2025-07-21T21:00:00.000Z,2025-07-21T14:00:00.000Z,,MO,US,US 65 Bus,65673
5C:93:A2:AF:1B:60,,33.63265991,-111.99604034,5C:93:A2,2,wpa2,2018-05-26T17:00:00.000Z,2025-03-08T20:00:00.000Z,Phoenix,AZ,US,North 40th Street,85032
5C:93:A2:AF:1B:76,,33.79069138,-113.59853363,5C:93:A2,9,wpa2,2018-03-31T17:00:00.000Z,2025-03-08T21:00:00.000Z,,AZ,US,US 60,
5C:93:A2:AF:1B:93,,37.4869957,-120.85043335,5C:93:A2,48,wep,2026-04-15T17:00:00.000Z,2026-06-28T12:00:00.000Z,Turlock,CA,US,Angelus Street,95381
5C:93:A2:AF:1B:D3,,33.55039978,-112.10433197,5C:93:A2,36,wpa2,2025-05-08T20:00:00.000Z,2026-03-19T13:00:00.000Z,Phoenix,AZ,US,West Hayward Avenue,85021
5C:93:A2:AF:1B:DE,,33.62487411,-111.9960022,5C:93:A2,48,wpa2,2018-11-18T09:00:00.000Z,2025-03-09T06:00:00.000Z,Phoenix,AZ,US,North 40th Street,85032
5C:93:A2:AF:1B:DF,,34.16686249,-118.61495972,5C:93:A2,149,wpa2,2019-04-02T09:00:00.000Z,2025-09-30T12:00:00.000Z,Los Angeles,CA,US,Avenue San Luis,91364
5C:93:A2:AF:1B:FC,,36.11032104,-115.28752136,5C:93:A2,149,wpa2,2019-11-22T10:00:00.000Z,2025-03-08T18:00:00.000Z,,NV,US,Spooner Lake Circle,89147-5745
5C:93:A2:AF:1C:0D,,35.96559143,-85.26721191,5C:93:A2,6,wpa2,2026-02-27T02:00:00.000Z,2026-02-26T20:00:00.000Z,,TN,US,Crossville Highway,
5C:93:A2:AF:1C:AD,,43.44924164,-88.63327026,5C:93:A2,44,wpa2,2026-07-19T01:00:00.000Z,2026-07-25T07:00:00.000Z,,WI,US,Barstow Street,53032
5C:93:A2:AF:1C:C1,,33.51130676,-112.09393311,5C:93:A2,6,wpa2,2025-09-29T14:00:00.000Z,2025-09-29T08:00:00.000Z,Phoenix,AZ,US,North 16th Drive,85015-3809
5C:93:A2:AF:1D:0B,,33.46573257,-112.00037384,5C:93:A2,36,wpa2,2025-11-06T03:00:00.000Z,2026-03-17T13:00:00.000Z,Phoenix,AZ,US,East McDowell Road,85008
5C:93:A2:AF:1D:31,,36.60878372,-119.5567627,5C:93:A2,36,wpa2,2025-04-01T19:00:00.000Z,2025-04-11T21:00:00.000Z,,CA,US,South Academy Avenue,93648
5C:93:A2:AF:1D:88,,29.84479904,-95.68051147,5C:93:A2,11,wpa2,2026-05-23T02:00:00.000Z,2026-05-23T07:00:00.000Z,,TX,US,Farnsfield Drive,77084
5C:93:A2:AF:1D:EE,DIRECT-roku-445-D39FC1,34.1217041,-118.20798492,5C:93:A2,5,wpa2,2023-11-28T01:00:00.000Z,2025-09-04T19:00:00.000Z,Los Angeles,CA,US,York Boulevard,90041-3327
5C:93:A2:AF:1D:F9,,33.72734451,-117.90277863,5C:93:A2,36,wpa2,2016-06-04T13:00:00.000Z,2025-01-19T16:00:00.000Z,Santa Ana,CA,US,West Edinger Avenue,92704
5C:93:A2:AF:1E:0F,DIRECT-roku-469-F1E3FA,33.49298859,-117.14885712,5C:93:A2,44,wpa2,2017-02-21T13:00:00.000Z,2024-12-19T11:00:00.000Z,Temecula,CA,US,Main Street,92530-2703
5C:93:A2:AF:1E:70,DIRECT-roku-162-254900,34.44586945,-118.55336761,5C:93:A2,9,wpa2,2018-06-12T18:00:00.000Z,2026-06-30T19:00:00.000Z,Santa Clarita,CA,US,McBean Parkway,91354
5C:93:A2:AF:1E:74,DIRECT-roku-713-915907,33.46115875,-112.0413208,5C:93:A2,1,wpa2,2016-01-27T18:00:00.000Z,2025-03-08T21:00:00.000Z,Phoenix,AZ,US,Red Mountain Freeway,85006-3678
5C:93:A2:AF:1E:BA,                      ,43.62306976,-116.29424286,5C:93:A2,6,wpa2,2023-12-12T16:00:00.000Z,2026-07-20T11:00:00.000Z,Boise,ID,US,North Maple Grove Road,83704
5C:93:A2:AF:1E:EA,,36.29309845,-115.21125793,5C:93:A2,1,wpa2,2023-10-16T04:00:00.000Z,2026-02-21T05:00:00.000Z,Las Vegas,NV,US,Platinum Creek Street,89131
5C:93:A2:AF:1F:38,,36.17629242,-115.17295837,5C:93:A2,157,wpa2,2025-04-15T19:00:00.000Z,2025-07-26T11:00:00.000Z,Las Vegas,NV,US,West Bonanza Road,89106
5C:93:A2:AF:1F:3B,,44.08593369,-121.30627441,5C:93:A2,36,wpa2,2026-06-08T17:00:00.000Z,2026-08-18T13:00:00.000Z,Bend,OR,US,Northeast 3rd Street,97703
5C:93:A2:AF:1F:54,,40.65478134,-73.9296875,5C:93:A2,149,wpa2,2025-09-30T07:00:00.000Z,2025-09-30T01:00:00.000Z,City of New York,NY,US,East 51st Street,11203
5C:93:A2:AF:1F:66,,33.95188904,-117.42523956,5C:93:A2,6,wpa2,2025-01-02T19:00:00.000Z,2025-01-02T14:00:00.000Z,Riverside,CA,US,Phoenix Avenue,92504
5C:93:A2:AF:1F:C8,,41.11507034,-104.81118774,5C:93:A2,3,wpa2,2025-06-19T07:00:00.000Z,2025-07-08T20:00:00.000Z,Cheyenne,WY,US,Derr Avenue,82007
5C:93:A2:AF:1F:E9,DIRECT-roku-932-6BF0C3,39.60601425,-119.72067261,5C:93:A2,11,wpa2,2023-08-07T19:00:00.000Z,2026-08-30T23:00:00.000Z,,NV,US,Kiley Parkway,98436
5C:93:A2:AF:1F:EB,DIRECT-roku-821-EDDE57,36.03904724,-114.9828949,5C:93:A2,36,wpa2,2025-12-30T02:00:00.000Z,2025-12-29T19:00:00.000Z,Henderson,NV,US,Lake Mead Parkway,89015
5C:93:A2:AF:20:19,,34.0790863,-117.93055725,5C:93:A2,1,wpa2,2025-02-03T23:00:00.000Z,2025-02-03T16:00:00.000Z,West Covina,CA,US,West Rowland Avenue,91790
5C:93:A2:AF:20:B1,,37.36642075,-121.9834137,5C:93:A2,1,wpa2,2025-01-21T03:00:00.000Z,2025-08-09T01:00:00.000Z,Santa Clara,CA,US,Monroe Street,95051-2203
5C:93:A2:AF:20:E7,,47.6554985,-117.13682556,5C:93:A2,44,wpa2,2025-10-16T20:00:00.000Z,2025-10-16T15:00:00.000Z,,WA,US,East 1st Court,99019
5C:93:A2:AF:20:EF,DIRECT-roku-925-F9B376,47.93110275,-122.22314453,5C:93:A2,11,wpa2,2025-07-06T05:00:00.000Z,2025-07-17T20:00:00.000Z,Everett,WA,US,75th Street Southeast,98203
5C:93:A2:AF:20:FA,,38.3399353,-81.61569977,5C:93:A2,6,wpa2,2026-07-27T16:00:00.000Z,2026-07-27T14:00:00.000Z,Charleston,WV,US,Washington Street East,25311
5C:93:A2:AF:21:44,,33.6349144,-112.22844696,5C:93:A2,44,wpa2,2025-05-24T07:00:00.000Z,2025-05-24T08:00:00.000Z,Peoria,AZ,US,West Paradise Lane,85382
5C:93:A2:AF:21:4C,,33.86608124,-118.18011475,5C:93:A2,161,wpa2,2024-12-23T18:00:00.000Z,2024-12-23T16:00:00.000Z,Long Beach,CA,US,Lewis Avenue,90805
5C:93:A2:AF:21:62,,40.31758499,-105.08952332,5C:93:A2,157,wpa2,2026-08-07T20:00:00.000Z,2026-08-07T14:00:00.000Z,,CO,US,Lake View Avenue,80513-2229
5C:93:A2:AF:21:BD,,33.53096008,-112.04763031,5C:93:A2,1,wpa2,2025-12-04T19:00:00.000Z,2025-12-04T14:00:00.000Z,Phoenix,AZ,US,East Maryland Avenue,85016
5C:93:A2:AF:22:28,DIRECT-roku-157-378152,34.96376038,-110.39949799,5C:93:A2,6,wpa2,2019-03-10T01:00:00.000Z,2025-03-08T20:00:00.000Z,,AZ,US,Purple Heart Trail,
5C:93:A2:AF:22:40,,41.77638245,-124.20648956,5C:93:A2,11,wpa2,2026-08-17T23:00:00.000Z,2026-08-18T03:00:00.000Z,,CA,US,West Jefferson Street,95531
5C:93:A2:AF:22:55,,41.5983963,-109.25147247,5C:93:A2,153,wpa2,2026-07-09T14:00:00.000Z,2026-07-09T15:00:00.000Z,Rock Springs,WY,US,Carter Avenue,82901
5C:93:A2:AF:22:60,,37.35010147,-122.01434326,5C:93:A2,3,wpa2,2025-11-26T04:00:00.000Z,2025-11-30T19:00:00.000Z,Sunnyvale,CA,US,South Wolfe Road,95014-0607
5C:93:A2:AF:22:67,DIRECT-roku-924-45B540,34.14597321,-117.99674988,5C:93:A2,11,wpa2,2024-10-07T18:00:00.000Z,2025-06-20T16:00:00.000Z,Monrovia,CA,US,East Colorado Boulevard,91016
5C:93:A2:AF:22:7F,,35.99584579,-115.1961441,5C:93:A2,10,wpa2,2026-07-17T22:00:00.000Z,2026-07-17T16:00:00.000Z,,NV,US,West Somerset Hills Avenue,
5C:93:A2:AF:22:83,,40.65633392,-118.16474152,5C:93:A2,153,wpa2,2026-03-13T05:00:00.000Z,2026-03-13T01:00:00.000Z,,NV,US,Pacific Avenue,
5C:93:A2:AF:22:95,,33.42296219,-112.2358551,5C:93:A2,149,wpa2,2026-01-02T13:00:00.000Z,2026-01-02T08:00:00.000Z,Phoenix,AZ,US,West Lower Buckeye Road,85043
5C:93:A2:AF:22:B2,,36.0848999,-115.096138,5C:93:A2,36,wpa2,2017-05-26T13:00:00.000Z,2025-08-12T15:00:00.000Z,,NV,US,Pearl Street,89120
5C:93:A2:AF:22:CB,,33.49304199,-111.93560791,5C:93:A2,157,wpa2,2020-08-17T00:00:00.000Z,2025-03-09T07:00:00.000Z,Scottsdale,AZ,US,East 1st Avenue,85257-1102
5C:93:A2:AF:22:DC,,37.98804092,-121.32958984,5C:93:A2,149,wpa2,2026-05-12T21:00:00.000Z,2026-05-13T00:00:00.000Z,Stockton,CA,US,Grouse Run Drive,95207
5C:93:A2:AF:23:2C,,36.07704926,-114.98059082,5C:93:A2,157,wpa2,2026-09-03T14:00:00.000Z,2026-09-03T16:00:00.000Z,Henderson,NV,US,Cable View Avenue,89011
5C:93:A2:AF:23:4A,DIRECT-roku-418-4726F2,33.42231369,-111.56048584,5C:93:A2,6,wpa2,2015-08-14T22:00:00.000Z,2025-03-08T20:00:00.000Z,,AZ,US,West Superstition Boulevard,85120
5C:93:A2:AF:23:71,DIRECT-roku-612-A8262C,41.75359344,-124.19367218,5C:93:A2,44,wpa2,2025-12-28T00:00:00.000Z,2026-09-05T02:00:00.000Z,Crescent City,CA,US,L Street,95531
5C:93:A2:AF:23:AE,,43.55073547,-96.7469101,5C:93:A2,8,wpa2,2021-08-05T23:00:00.000Z,2025-09-19T23:00:00.000Z,Sioux Falls,SD,US,North West Avenue,57115
5C:93:A2:AF:23:BD,DIRECT-roku-496-6C33E7,33.54115677,-112.11250305,5C:93:A2,11,wpa2,2023-03-11T23:00:00.000Z,2026-07-23T12:00:00.000Z,Phoenix,AZ,US,Black Canyon Freeway,85051
5C:93:A2:AF:23:C7,,36.02340317,-115.3013916,5C:93:A2,157,wpa2,2026-06-18T18:00:00.000Z,2026-06-18T13:00:00.000Z,,NV,US,South Blanco Vista Street,89141
5C:93:A2:AF:23:ED,,33.88583374,-118.00788116,5C:93:A2,5,wpa2,2026-05-23T21:00:00.000Z,2026-05-23T16:00:00.000Z,,CA,US,Stage Road,90621
5C:93:A2:AF:24:11,,33.47715759,-112.02155304,5C:93:A2,36,wpa2,2025-12-23T03:00:00.000Z,2025-12-24T11:00:00.000Z,Phoenix,AZ,US,North 28th Street,85008-4905
5C:93:A2:AF:24:25,,32.9262886,-117.0164566,5C:93:A2,11,wpa2,2025-03-24T14:00:00.000Z,2025-11-19T19:00:00.000Z,San Diego,CA,US,Stonebridge Parkway,92145
5C:93:A2:AF:24:42,,40.16805649,-111.60189819,5C:93:A2,6,wpa2,2025-08-15T21:00:00.000Z,2025-08-15T18:00:00.000Z,,UT,US,East 100 North Street,84663-1602
5C:93:A2:AF:24:73,,38.69814682,-121.32862854,5C:93:A2,44,wpa2,2025-04-14T05:00:00.000Z,2025-04-14T03:00:00.000Z,,CA,US,Tupelo Drive,95621
5C:93:A2:AF:24:AD,,37.96274567,-121.9874115,5C:93:A2,157,wpa2,2025-05-24T23:00:00.000Z,2025-05-24T17:00:00.000Z,Concord,CA,US,Clayton Road,94521
5C:93:A2:AF:24:B6,,48.73907089,-122.47061157,5C:93:A2,11,wpa2,2025-05-10T02:00:00.000Z,2025-05-10T14:00:00.000Z,Bellingham,WA,US,Otis Street,98225-8225
5C:93:A2:AF:24:DA,DIRECT-roku-557-6DF25D,47.47897339,-122.20095825,5C:93:A2,157,wpa2,2021-12-12T16:00:00.000Z,2025-07-31T10:00:00.000Z,,WA,US,Renton Avenue South,98057
5C:93:A2:AF:25:0A,DIRECT-roku-796-04146B,33.46160126,-112.45674896,5C:93:A2,2,wpa2,2016-05-25T02:00:00.000Z,2025-03-08T19:00:00.000Z,,AZ,US,Pearl Harbor Memorial Highway,
5C:93:A2:AF:25:0C,,33.78995514,-118.20131683,5C:93:A2,157,wpa2,2025-06-13T20:00:00.000Z,2025-06-13T14:00:00.000Z,Long Beach,CA,US,Pacific Coast Highway,90806
5C:93:A2:AF:25:21,DIRECT-roku-995-748EB7,36.22214508,-115.06465149,5C:93:A2,11,wpa2,2026-08-12T20:00:00.000Z,2026-08-12T17:00:00.000Z,,NV,US,Nellis Oasis Lane,89156
5C:93:A2:AF:25:30,,55.12809753,-131.58467102,5C:93:A2,36,wpa2,2025-08-27T22:00:00.000Z,2025-09-06T19:00:00.000Z,,AK,US,Western Avenue,99926
5C:93:A2:AF:25:70,,34.00421906,-117.95422363,5C:93:A2,36,wpa2,2025-02-11T20:00:00.000Z,2025-02-16T15:00:00.000Z,El Monte,CA,US,Pomona Freeway,91745
5C:93:A2:AF:25:7F,DIRECT-roku-801-9217C8,36.01948166,-114.95563507,5C:93:A2,40,wpa2,2025-09-12T19:00:00.000Z,2025-09-12T13:00:00.000Z,Henderson,NV,US,Cozy Valley Street,89009-0625
5C:93:A2:AF:26:11,,33.9286232,-118.12921143,5C:93:A2,1,wpa2,2025-07-16T01:00:00.000Z,2026-07-17T21:00:00.000Z,Downey,CA,US,Lakewood Boulevard,90241-5204
5C:93:A2:AF:26:1B,,39.11992264,-94.64692688,5C:93:A2,11,wpa2,2026-01-15T04:00:00.000Z,2026-02-25T10:00:00.000Z,Kansas City,KS,US,Washington Boulevard,66102
5C:93:A2:AF:26:5D,,33.29892349,-111.84500885,5C:93:A2,149,wpa2,2018-04-15T22:00:00.000Z,2025-03-08T20:00:00.000Z,Chandler,AZ,US,West Frye Road,85225-7872
5C:93:A2:AF:26:CA,,34.02624512,-118.3374176,5C:93:A2,44,wpa2,2024-11-25T20:00:00.000Z,2024-11-25T14:00:00.000Z,Los Angeles,CA,US,Somerset Drive,90016
5C:93:A2:AF:26:D3,DIRECT-roku-056-8C8936,34.01889801,-118.25247192,5C:93:A2,157,wpa2,2024-11-21T17:00:00.000Z,2024-11-21T16:00:00.000Z,Los Angeles,CA,US,East 25th Street,90011
5C:93:A2:AF:27:10,,36.83754349,-119.75940704,5C:93:A2,3,wpa2,2026-08-30T22:00:00.000Z,2026-08-30T18:00:00.000Z,,CA,US,East Frontage Road North,93720
5C:93:A2:AF:27:58,,39.56536102,-119.79154968,5C:93:A2,6,wpa2,2026-08-13T02:00:00.000Z,2026-08-13T06:00:00.000Z,Reno,NV,US,Loki Court,89433
5C:93:A2:AF:27:73,,38.42491531,-105.2297287,5C:93:A2,36,wpa2,2026-06-24T22:00:00.000Z,2026-06-24T16:00:00.000Z,,CO,US,Elm Avenue,81215
5C:93:A2:AF:27:B2,,41.61384964,-109.23099518,5C:93:A2,11,wpa2,2026-07-10T12:00:00.000Z,2026-07-10T05:00:00.000Z,Rock Springs,WY,US,Elk Street,82901
5C:93:A2:AF:28:21,,33.54385376,-112.13847351,5C:93:A2,36,wpa2,2025-04-11T21:00:00.000Z,2025-04-11T14:00:00.000Z,Phoenix,AZ,US,North 37th Avenue,85051
5C:93:A2:AF:28:51,DIRECT-roku-350-43E2A3,38.34264755,-122.51133728,5C:93:A2,1,wpa2,2020-07-24T14:00:00.000Z,2026-08-14T18:00:00.000Z,,CA,US,Marty Drive,95431
5C:93:A2:AF:28:77,DIRECT-roku-048-CCDB8F,38.82515335,-104.74865723,5C:93:A2,6,wpa2,2024-06-26T22:00:00.000Z,2026-09-05T04:00:00.000Z,Colorado Springs,CO,US,South Murray Boulevard,80916
5C:93:A2:AF:28:89,DIRECT-roku-931-BEDD89,40.16654587,-111.60337067,5C:93:A2,1,wpa2,2018-02-01T20:00:00.000Z,2026-06-06T08:00:00.000Z,,UT,US,South 400 East Street,84663-1602
5C:93:A2:AF:28:A4,DIRECT-roku-403-D021E7,32.19207382,-110.84111786,5C:93:A2,36,wpa2,2024-10-31T16:00:00.000Z,2024-11-01T04:00:00.000Z,Tucson,AZ,US,South Kolb Road,85730
5C:93:A2:AF:29:6E,,38.3446846,-122.71800232,5C:93:A2,157,wpa2,2026-01-17T22:00:00.000Z,2026-01-17T16:00:00.000Z,,CA,US,Soria Court,94928
5C:93:A2:AF:2A:1D,,32.75136948,-117.09600067,5C:93:A2,36,wpa2,2018-02-03T15:00:00.000Z,2024-12-30T18:00:00.000Z,San Diego,CA,US,Polk Avenue,92105
5C:93:A2:AF:2A:28,DIRECT-roku-145-B5DFEB,41.83779144,-89.46424866,5C:93:A2,161,wpa2,2026-03-03T00:00:00.000Z,2026-08-29T07:00:00.000Z,,IL,US,Franklin Grove Road,61021
5C:93:A2:AF:2A:58,DIRECT-roku-410-E69703,38.65672302,-121.12581635,5C:93:A2,44,wpa2,2022-07-09T11:00:00.000Z,2025-10-25T20:00:00.000Z,Folsom,CA,US,East Bidwell Street,95630
5C:93:A2:AF:2A:B1,,61.15868378,-149.83465576,5C:93:A2,44,wpa2,2024-08-06T06:00:00.000Z,2026-07-15T15:00:00.000Z,Anchorage,AK,US,Lake Otis Parkway,99507
5C:93:A2:AF:2A:E1,DIRECT-roku-766-AF8854,38.21596527,-104.66277313,5C:93:A2,6,wpa2,2026-02-24T19:00:00.000Z,2026-04-07T10:00:00.000Z,Pueblo,CO,US,Starlite Drive,81005
5C:93:A2:AF:2A:F5,,39.07855606,-108.55592346,5C:93:A2,1,wpa2,2026-02-18T01:00:00.000Z,2026-02-19T13:00:00.000Z,Grand Junction,CO,US,Cannell Avenue,81502
5C:93:A2:AF:2A:F8,,33.96639633,-118.32565308,5C:93:A2,6,wpa2,2024-11-04T15:00:00.000Z,2024-11-04T14:00:00.000Z,Inglewood,CA,US,West 80th Street,90305
5C:93:A2:AF:2B:17,DIRECT-roku-200-2586D4,37.10660934,-113.62213898,5C:93:A2,1,wpa2,2018-10-06T11:00:00.000Z,2026-03-18T23:00:00.000Z,St. George,UT,US,South Dixie Drive,84770-1858
5C:93:A2:AF:2B:2B,,41.27054977,-110.97704315,5C:93:A2,3,wpa2,2025-08-15T04:00:00.000Z,2025-08-14T22:00:00.000Z,Evanston,WY,US,West Center Street,82930-3204
5C:93:A2:AF:2B:4A,,33.4716835,-112.04767609,5C:93:A2,7,wpa2,2026-03-09T19:00:00.000Z,2026-03-11T13:00:00.000Z,Phoenix,AZ,US,North 16th Street,85006
5C:93:A2:AF:2B:65,,45.5949707,-121.18811035,5C:93:A2,10,wpa2,2026-03-02T13:00:00.000Z,2026-03-27T20:00:00.000Z,,OR,US,East 10th Street,98617
5C:93:A2:AF:2B:91,5C:93:A2:AF:2B:91,29.65991783,-95.3868103,5C:93:A2,11,wpa2,2026-03-27T23:00:00.000Z,2026-05-01T16:00:00.000Z,Houston,TX,US,TX 288 Toll,77054
5C:93:A2:AF:2B:AB,,32.57103348,-84.96216583,5C:93:A2,36,wpa2,2020-06-20T12:00:00.000Z,2025-03-06T19:00:00.000Z,Columbus,GA,US,I 185,31904-1604
5C:93:A2:AF:2B:DD,DIRECT-roku-925-283BE8,33.72249985,-117.86769867,5C:93:A2,44,wpa2,2025-01-08T22:00:00.000Z,2025-01-28T17:00:00.000Z,Santa Ana,CA,US,East Saint Andrew Place,92707
5C:93:A2:AF:2C:02,DIRECT-roku-516-0FDC12,37.72209167,-120.95484924,5C:93:A2,1,wpa2,2025-11-01T02:00:00.000Z,2025-10-31T20:00:00.000Z,,CA,US,Novi Drive,95367
5C:93:A2:AF:2C:15,DIRECT-roku-948-E53422,40.90563965,-74.14738464,5C:93:A2,6,wpa2,2015-09-16T17:00:00.000Z,2025-11-08T10:00:00.000Z,Paterson,NJ,US,East 30th Street,07513
5C:93:A2:AF:2C:21,,43.59158325,-116.42220306,5C:93:A2,6,wpa2,2026-01-30T19:00:00.000Z,2026-07-23T18:00:00.000Z,Meridian,ID,US,West Overland Road,83642
5C:93:A2:AF:2C:3D,,40.87862015,-111.86309052,5C:93:A2,44,wpa2,2025-10-19T13:00:00.000Z,2025-11-02T12:00:00.000Z,Bountiful,UT,US,South Davis Boulevard,84010
5C:93:A2:AF:2C:3F,                      ,21.3795166,-158.02865601,5C:93:A2,6,wpa2,2022-05-21T14:00:00.000Z,2026-06-09T09:00:00.000Z,Waipahu,HI,US,Fort Weaver Road,96797
5C:93:A2:AF:2C:52,,32.62266159,-117.03686523,5C:93:A2,1,wpa2,2026-07-27T16:00:00.000Z,2026-07-31T14:00:00.000Z,Chula Vista,CA,US,Oleander Avenue,91911
5C:93:A2:AF:2C:5B,,33.68078613,-112.12577057,5C:93:A2,44,wpa2,2026-03-03T17:00:00.000Z,2026-03-03T12:00:00.000Z,Phoenix,AZ,US,West Lone Cactus Drive,85027
5C:93:A2:AF:2C:72,DIRECT-roku-889-A442FC,34.11215591,-118.15289307,5C:93:A2,153,wpa2,2023-11-28T01:00:00.000Z,2026-04-26T13:00:00.000Z,South Pasadena,CA,US,Monterey Road,91030
5C:93:A2:AF:2C:A3,DIRECT-roku-986-57A6BF,46.35039139,-94.19585419,5C:93:A2,1,wpa2,2024-11-12T02:00:00.000Z,2024-11-16T21:00:00.000Z,,MN,US,Quince Street,56401
5C:93:A2:AF:2C:B9,,39.73461914,-121.86639404,5C:93:A2,11,wpa2,2026-06-02T14:00:00.000Z,2026-06-06T15:00:00.000Z,Chico,CA,US,Nord Avenue,95926
5C:93:A2:AF:2C:DC,,40.58804321,-105.05381775,5C:93:A2,157,wpa2,2026-05-24T18:00:00.000Z,2026-06-10T11:00:00.000Z,Fort Collins,CO,US,East Lincoln Avenue,80524-2728
5C:93:A2:AF:2D:64,,34.89826202,-120.41960144,5C:93:A2,6,wpa2,2022-01-10T15:00:00.000Z,2025-09-17T22:00:00.000Z,,CA,US,Roadrunner Drive,93455
5C:93:A2:AF:2D:6D,,42.33615875,-112.03142548,5C:93:A2,6,wpa2,2026-08-15T20:00:00.000Z,2026-08-15T19:00:00.000Z,,ID,US,US 91,
5C:93:A2:AF:2D:E9,DIRECT-roku-673-2F3C36,34.14872742,-117.99066162,5C:93:A2,44,wpa2,2025-02-10T17:00:00.000Z,2025-02-10T12:00:00.000Z,Monrovia,CA,US,Oakdale Avenue,91016
5C:93:A2:AF:2E:1C,,37.35014343,-120.58437347,5C:93:A2,10,wep,2026-07-09T20:00:00.000Z,2026-07-09T15:00:00.000Z,Atwater,CA,US,Huntingdale Way,95301
5C:93:A2:AF:2E:1D,,19.73402023,-155.04093933,5C:93:A2,6,wpa2,2026-08-09T00:00:00.000Z,2026-08-08T22:00:00.000Z,Hilo CDP,HI,US,Kalanianaole Street,96720
5C:93:A2:AF:2E:63,,33.36594772,-111.67081451,5C:93:A2,3,wpa2,2024-11-17T01:00:00.000Z,2024-11-16T19:00:00.000Z,Mesa,AZ,US,South Sossaman Road,85209
5C:93:A2:AF:2E:68,DIRECT-roku-314-FFDCBD,39.60546112,-119.23513794,5C:93:A2,157,wpa2,2015-10-21T08:00:00.000Z,2026-03-07T01:00:00.000Z,,NV,US,East Main Street,89408
5C:93:A2:AF:2E:96,,39.47928619,-119.75552368,5C:93:A2,44,wpa2,2001-03-18T17:00:00.000Z,2025-01-31T22:00:00.000Z,Reno,NV,US,Spring Drive,89510
5C:93:A2:AF:2E:E6,DIRECT-roku-551-2EA1E6,36.23696899,-115.13930511,5C:93:A2,149,wpa2,2024-03-25T17:00:00.000Z,2026-08-05T18:00:00.000Z,North Las Vegas,NV,US,Newburg Avenue,89031
5C:93:A2:AF:2F:0E,                      ,38.67818451,-121.31241608,5C:93:A2,6,wpa2,2024-12-29T04:00:00.000Z,2026-05-18T07:00:00.000Z,,CA,US,Greenback Lane,95621
5C:93:A2:AF:2F:29,,37.70634079,-121.73812866,5C:93:A2,2,wpa2,2019-10-14T08:00:00.000Z,2024-11-04T11:00:00.000Z,,CA,US,Bluebell Drive,94550
5C:93:A2:AF:2F:35,,36.11165619,-115.2147522,5C:93:A2,6,wpa2,2025-12-09T19:00:00.000Z,2026-01-18T00:00:00.000Z,,NV,US,Retablo Avenue,89139
5C:93:A2:AF:2F:7F,DIRECT-roku-418-B9A2A6,33.4706192,-112.0368042,5C:93:A2,6,wpa2,2015-09-18T00:00:00.000Z,2025-03-08T19:00:00.000Z,Phoenix,AZ,US,North 21st Street,85034
5C:93:A2:AF:2F:AE,,33.50114822,-112.17327118,5C:93:A2,157,wpa2,2019-01-11T23:00:00.000Z,2026-04-20T03:00:00.000Z,Phoenix,AZ,US,North Maryvale Parkway,85031-2607
5C:93:A2:AF:2F:DC,,40.0967598,-111.64038086,5C:93:A2,48,wpa2,2024-12-22T22:00:00.000Z,2024-12-22T15:00:00.000Z,,UT,US,South 820 East,84660
5C:93:A2:AF:2F:E0,,34.23088074,-118.566185,5C:93:A2,1,none,2026-08-15T13:00:00.000Z,2026-08-15T16:00:00.000Z,Los Angeles,CA,US,Gresham Street,91324-2509
5C:93:A2:AF:30:22,                      ,34.13573837,-117.89830017,5C:93:A2,6,none,2026-08-23T10:00:00.000Z,2026-08-23T13:00:00.000Z,Azusa,CA,US,East Foothill Boulevard,91702
5C:93:A2:AF:30:E3,,48.14452362,-103.62148285,5C:93:A2,153,wpa2,2017-10-17T15:00:00.000Z,2024-10-22T10:00:00.000Z,Williston,ND,US,Main Street,58801
5C:93:A2:AF:30:E9,DIRECT-roku-322-78939F,37.66144562,-121.00756836,5C:93:A2,48,wpa2,2017-09-21T14:00:00.000Z,2025-05-22T13:00:00.000Z,Modesto,CA,US,College Avenue,95350
5C:93:A2:AF:31:08,,36.34604263,-105.63957977,5C:93:A2,11,wpa2,2021-07-03T06:00:00.000Z,2025-03-08T21:00:00.000Z,,NM,US,NM 68,87557
5C:93:A2:AF:31:22,DIRECT-roku-301-AF505B,43.78706741,-123.05439758,5C:93:A2,44,wpa2,2023-07-06T16:00:00.000Z,2025-03-03T17:00:00.000Z,,OR,US,South 13th Street,97424
5C:93:A2:AF:31:8B,,34.18265533,-118.45236969,5C:93:A2,48,wpa2,2025-03-09T16:00:00.000Z,2025-03-09T16:00:00.000Z,Los Angeles,CA,US,Delano Street,91401-2649
5C:93:A2:AF:31:91,,36.08895493,-115.13411713,5C:93:A2,11,wpa2,2019-06-08T15:00:00.000Z,2026-02-07T12:00:00.000Z,,NV,US,Russell Road,89119-6304
5C:93:A2:B1:6B:1E,,45.51332092,-73.65943909,5C:93:A2,0,unknown,2025-07-10T18:00:00.000Z,2025-07-11T18:00:00.000Z,Montréal,Québec,CA,Chemin de la Côte-de-Liesse,H4N 3C2
5C:93:A2:B2:1C:25,,46.259552,-63.15511322,5C:93:A2,0,unknown,2024-10-08T12:00:00.000Z,2024-12-03T12:00:00.000Z,Charlottetown,Prince Edward Island,CA,North River Road,C1E 1J8
5C:93:A2:B6:BD:8D,,27.84072113,-82.7870636,5C:93:A2,3,unknown,2025-07-07T22:00:00.000Z,2025-07-07T20:00:00.000Z,,FL,US,Seminole Boulevard,33778
5C:93:A2:BA:BD:7C,,40.74291229,-73.7762146,5C:93:A2,6,unknown,2025-08-17T00:00:00.000Z,2025-08-16T20:00:00.000Z,City of New York,NY,US,Horace Harding Expressway,11365
5C:93:A2:BD:F2:61,Flock,40.17564392,-122.24042511,5C:93:A2,4,none,2026-08-29T12:00:00.000Z,2026-08-29T14:00:00.000Z,Red Bluff,CA,US,Walnut Street,96080
5C:93:A2:BE:7F:58,,41.99914932,-72.57378387,5C:93:A2,3,unknown,2025-12-18T23:00:00.000Z,2026-01-02T08:00:00.000Z,,CT,US,Elm Street,06082
5C:93:A2:BE:91:9A,,27.74850464,-82.63606262,5C:93:A2,9,unknown,2025-09-11T22:00:00.000Z,2025-09-11T18:00:00.000Z,Saint Petersburg,FL,US,22nd Avenue South,33711
5C:93:A2:C0:5E:B6,,48.11423492,11.65174961,5C:93:A2,6,unknown,2025-05-29T18:00:00.000Z,2025-05-29T12:00:00.000Z,München,Bayern,DE,Bajuwarenstraße,81825
5C:93:A2:C2:3A:ED,,-27.6420002,152.85533142,5C:93:A2,3,unknown,2025-07-27T02:00:00.000Z,2025-07-26T20:00:00.000Z,Ipswich City,Queensland,AU,McLean Street,4301
5C:93:A2:C2:AB:EB,,37.68629074,-97.34590149,5C:93:A2,1,unknown,2025-09-01T22:00:00.000Z,2026-05-23T11:00:00.000Z,Wichita,KS,US,Mc Lean Boulevard,67202
5C:93:A2:CF:DA:97,,37.49324799,-120.83983612,5C:93:A2,1,unknown,2024-08-27T08:00:00.000Z,2024-09-13T13:00:00.000Z,Turlock,CA,US,North Minaret Avenue,95381
5C:93:A2:D1:86:35,,40.8689003,-74.11354065,5C:93:A2,11,none,2026-08-18T08:00:00.000Z,2026-08-18T07:00:00.000Z,,NJ,US,Monroe Street,07055
5C:93:A2:D9:C5:20,DIRECT-LTLENOVO-PC_PEImsOF,32.14144135,-110.93134308,5C:93:A2,9,wpa2,2025-08-13T23:00:00.000Z,2025-08-25T08:00:00.000Z,Tucson,AZ,US,East Bilby Road,85706
5C:93:A2:DB:45:BA,,40.99579239,-75.24485016,5C:93:A2,149,wpa2,2025-11-25T11:00:00.000Z,2025-11-25T17:00:00.000Z,,PA,US,Pocono Commons Drive,18360
5C:93:A2:DB:45:EA,DIRECT-roku-999-E9B244,42.25932693,-71.12423706,5C:93:A2,11,wpa2,2025-07-16T20:00:00.000Z,2025-07-16T13:00:00.000Z,Boston,MA,US,Summer Street,02136
5C:93:A2:DB:45:EC,DIRECT-roku-000-CAB5FD,30.44803047,-86.62519836,5C:93:A2,149,wpa2,2024-12-03T00:00:00.000Z,2024-12-02T20:00:00.000Z,,FL,US,Air Force Street,32547
5C:93:A2:DB:45:F0,DIRECT-roku-528-2DD552,34.48817062,-83.56030273,5C:93:A2,6,wpa2,2026-04-28T02:00:00.000Z,2026-04-27T20:00:00.000Z,,GA,US,Duncan Bridge Road,30531
5C:93:A2:DB:45:FF,,35.60567856,-80.79946899,5C:93:A2,40,wpa2,2025-02-17T18:00:00.000Z,2025-02-17T12:00:00.000Z,,NC,US,Bellelaine Drive,28115
5C:93:A2:DB:46:91,DIRECT-roku-861-CF6144,38.43390274,-81.78330231,5C:93:A2,10,wpa2,2018-05-02T03:00:00.000Z,2026-07-22T03:00:00.000Z,,WV,US,Morning Dove Lane,25313
5C:93:A2:DB:47:CE,DIRECT-roku-504-776031,34.23668289,-77.94889069,5C:93:A2,153,wpa2,2023-03-17T22:00:00.000Z,2026-07-26T14:00:00.000Z,Wilmington,NC,US,North Front Street,28401
5C:93:A2:DB:47:FA,DIRECT-roku-394-CAA072,18.48408318,-66.9417572,5C:93:A2,10,wpa2,2015-09-02T13:00:00.000Z,2026-07-30T14:00:00.000Z,,PR,US,Carretera Militar,00678
5C:93:A2:DB:48:3D,,40.88835526,-74.1388855,5C:93:A2,149,wpa2,2025-03-23T17:00:00.000Z,2025-03-23T11:00:00.000Z,,NJ,US,Lakeview Avenue,07011
5C:93:A2:DB:48:CA,,32.91028214,-97.23532867,5C:93:A2,11,wpa2,2026-07-22T20:00:00.000Z,2026-07-22T13:00:00.000Z,,TX,US,Saint Andrew's Lane,76248
5C:93:A2:DB:48:E6,,41.89595032,-71.06642914,5C:93:A2,161,wpa2,2025-07-15T01:00:00.000Z,2025-07-14T19:00:00.000Z,Taunton,MA,US,Donna Terrace,02767-5171
5C:93:A2:DB:48:EA,,42.26475143,-71.8109436,5C:93:A2,36,wpa2,2026-02-04T16:00:00.000Z,2026-05-07T19:00:00.000Z,Worcester,MA,US,Fruit Street,01609
5C:93:A2:DB:49:08,,18.43353081,-66.12202454,5C:93:A2,36,wpa2,2025-01-08T14:00:00.000Z,2025-01-08T11:00:00.000Z,,PR,US,Calle Hermandad,00963
5C:93:A2:DB:49:A7,,36.66158676,-121.65283203,5C:93:A2,149,wpa2,2024-05-07T21:00:00.000Z,2024-11-20T15:00:00.000Z,Salinas,CA,US,East Romie Lane,93901
5C:93:A2:DB:49:E4,DIRECT-roku-567-2E97A2,38.44108582,-105.24139404,5C:93:A2,157,wpa2,2021-08-20T19:00:00.000Z,2025-05-17T14:00:00.000Z,,CO,US,North 5th Street,81212
5C:93:A2:DB:49:EB,DIRECT-roku-766-1D06B7,33.78944397,-118.30776978,5C:93:A2,40,wpa2,2019-06-26T01:00:00.000Z,2025-03-09T07:00:00.000Z,Los Angeles,CA,US,Pacific Coast Highway,90710
5C:93:A2:DB:49:F1,,44.95632935,-93.04484558,5C:93:A2,36,wpa2,2025-05-25T15:00:00.000Z,2025-05-25T11:00:00.000Z,Saint Paul,MN,US,Conway Street,55106
5C:93:A2:DB:49:F2,,40.66721725,-111.99359131,5C:93:A2,7,wpa2,2017-12-05T20:00:00.000Z,2025-04-26T20:00:00.000Z,West Valley City,UT,US,4715 South,84118
5C:93:A2:DB:4A:26,,35.0606842,-80.81272888,5C:93:A2,11,wpa2,2025-11-16T17:00:00.000Z,2026-02-28T19:00:00.000Z,Charlotte,NC,US,Piper Station Drive,28277
5C:93:A2:DB:4A:43,,41.20701981,-75.90696716,5C:93:A2,44,wpa2,2024-10-06T19:00:00.000Z,2026-07-31T16:00:00.000Z,Hanover Township,PA,US,South Main Street,18706
5C:93:A2:DB:4A:5F,,39.41880798,-84.16216278,5C:93:A2,10,wpa2,2025-05-20T21:00:00.000Z,2025-05-20T14:00:00.000Z,,OH,US,SR 123,45036
5C:93:A2:DB:4A:6E,,41.10736847,-74.15309143,5C:93:A2,149,wpa2,2025-12-01T22:00:00.000Z,2025-12-01T17:00:00.000Z,,NJ,US,Long Avenue,07430
5C:93:A2:DB:4A:D2,DIRECT-roku-861-03F80B,39.07598114,-108.46317291,5C:93:A2,1,wpa2,2026-08-15T01:00:00.000Z,2026-09-03T16:00:00.000Z,Grand Junction,CO,US,Bing Street,81504
5C:93:A2:DB:4A:D6,DIRECT-roku-037-F3EB2C,37.11566925,-113.61991119,5C:93:A2,48,wpa2,2025-12-27T19:00:00.000Z,2026-03-04T13:00:00.000Z,St. George,UT,US,West 360 North,84770
5C:93:A2:DB:4B:06,,40.63168335,-74.25307465,5C:93:A2,153,wpa2,2026-08-22T02:00:00.000Z,2026-08-21T20:00:00.000Z,Linden,NJ,US,East Price Street,07036
5C:93:A2:DB:4B:5B,DIRECT-roku-505-29FDA7,28.14585114,-82.75563049,5C:93:A2,40,wpa2,2020-03-07T15:00:00.000Z,2026-05-13T12:00:00.000Z,,FL,US,East Court Street,34689
5C:93:A2:DB:4B:B5,,38.95540237,-78.11872101,5C:93:A2,1,wep,2018-01-07T13:00:00.000Z,2025-11-08T19:00:00.000Z,,VA,US,Howellsville Road,22630
5C:93:A2:DB:4B:DE,,34.88170242,-82.3037262,5C:93:A2,6,wpa2,2026-07-22T16:00:00.000Z,2026-07-22T12:00:00.000Z,,SC,US,Great Glen Road,29615
5C:93:A2:DB:4B:E6,DIRECT-roku-525-11CDC4,39.94627762,-83.06067657,5C:93:A2,44,wpa2,2017-07-27T22:00:00.000Z,2025-10-27T09:00:00.000Z,Columbus,OH,US,Sullivant Avenue,43228
5C:93:A2:DB:4C:28,DIRECT-roku-669-AF6A5F,38.45273972,-78.84020996,5C:93:A2,149,wpa2,2023-05-06T12:00:00.000Z,2025-04-15T12:00:00.000Z,Harrisonburg,VA,US,Oriole Lane,22802
5C:93:A2:DB:4C:32,DIRECT-roku-771-540368,40.53262329,-85.67070007,5C:93:A2,11,wpa2,2020-11-03T17:00:00.000Z,2026-06-28T19:00:00.000Z,,IN,US,South Carey Street,46953
5C:93:A2:DB:4C:63,,42.16563034,-71.05592346,5C:93:A2,36,wpa2,2026-05-18T13:00:00.000Z,2026-07-31T10:00:00.000Z,,MA,US,Mazzeo Drive,02368
5C:93:A2:DB:4C:AF,DIRECT-roku-394-B4CF18,44.42537308,-72.01437378,5C:93:A2,11,wpa2,2015-07-30T15:00:00.000Z,2024-11-02T17:00:00.000Z,Saint Johnsbury,VT,US,Mill Street,05818
5C:93:A2:DB:4D:14,,40.95131302,-72.99917603,5C:93:A2,1,wep,2025-02-06T04:00:00.000Z,2025-02-06T00:00:00.000Z,,NY,US,Sylvan Avenue,11764
5C:93:A2:DB:4D:2A,DIRECT-roku-559-9AB483,41.19364929,-74.48542786,5C:93:A2,1,wpa2,2024-07-07T12:00:00.000Z,2025-09-20T15:00:00.000Z,,NJ,US,CR 515,07462
5C:93:A2:DB:4D:56,,40.03420258,-82.98940277,5C:93:A2,11,wpa2,2026-07-11T08:00:00.000Z,2026-07-11T19:00:00.000Z,Columbus,OH,US,Maize Road,43224
5C:93:A2:DB:4D:63,,40.83323669,-73.93534088,5C:93:A2,149,wpa2,2024-03-10T16:00:00.000Z,2024-09-17T14:00:00.000Z,City of New York,NY,US,Harlem River Drive,10032
5C:93:A2:DB:4E:04,DIRECT-roku-720-77A303,36.09194565,-96.01161194,5C:93:A2,11,wpa2,2025-08-28T14:00:00.000Z,2025-08-28T16:00:00.000Z,Tulsa,OK,US,South Union Avenue,74132
5C:93:A2:DB:4E:0E,,42.82621384,-73.63082123,5C:93:A2,44,wpa2,2024-02-25T21:00:00.000Z,2025-07-24T08:00:00.000Z,City of Troy,NY,US,Calhoun Drive,12182
5C:93:A2:DB:4E:37,,40.84169006,-73.92480469,5C:93:A2,149,wpa2,2025-08-30T03:00:00.000Z,2025-09-02T09:00:00.000Z,City of New York,NY,US,Ogden Avenue,10452
5C:93:A2:DB:4E:77,,39.90900803,-83.80993652,5C:93:A2,157,wpa2,2024-11-14T17:00:00.000Z,2024-11-14T12:00:00.000Z,Springfield,OH,US,South Limestone Street,45505
5C:93:A2:DB:4E:7E,DIRECT-roku-871-9C5B28,40.41506577,-81.35105133,5C:93:A2,1,wpa2,2016-02-28T22:00:00.000Z,2026-04-26T15:00:00.000Z,,OH,US,US 250;SR 800,44653
5C:93:A2:DB:4E:C0,DIRECT-roku-554-105A61,41.37022781,-72.19831848,5C:93:A2,10,wpa2,2015-05-19T11:00:00.000Z,2024-12-06T06:00:00.000Z,,CT,US,Boston Post Road,06333
5C:93:A2:DB:4F:7F,,41.10276413,-74.69405365,5C:93:A2,6,wpa2,2022-08-31T14:00:00.000Z,2025-05-05T20:00:00.000Z,Lafayette Township,NJ,US,Lafayette Road,07848
5C:93:A2:DB:4F:A1,,40.58047104,-76.61981964,5C:93:A2,1,wpa2,2024-04-22T10:00:00.000Z,2025-03-09T19:00:00.000Z,,PA,US,Grubb Street,17098
5C:93:A2:DB:50:09,DIRECT-roku-320-7905A3,40.51192856,-74.27042389,5C:93:A2,48,wpa2,2024-09-03T17:00:00.000Z,2025-12-31T15:00:00.000Z,Perth Amboy,NJ,US,New Brunswick Avenue,08863
5C:93:A2:DB:50:0F,,40.8549881,-73.96988678,5C:93:A2,36,wpa2,2026-06-01T11:00:00.000Z,2026-06-01T07:00:00.000Z,Fort Lee,NJ,US,I 95,07024
5C:93:A2:DB:50:11,,39.28029633,-76.66822052,5C:93:A2,8,wpa2,2026-06-11T21:00:00.000Z,2026-07-22T11:00:00.000Z,Baltimore,MD,US,Frederick Avenue,21223
5C:93:A2:DB:50:2D,,40.16168594,-79.88500977,5C:93:A2,1,wpa2,2024-07-30T23:00:00.000Z,2025-02-17T15:00:00.000Z,,PA,US,Donner Avenue,15062
5C:93:A2:DB:50:78,DIRECT-roku-275-FBFE55,33.97156525,-84.20879364,5C:93:A2,11,wpa2,2024-03-15T10:00:00.000Z,2026-04-27T16:00:00.000Z,,GA,US,Western Gwinnett Bikeway,30071
5C:93:A2:DB:50:90,,43.77908325,-116.73179626,5C:93:A2,4,wpa2,2026-04-26T03:00:00.000Z,2026-04-25T21:00:00.000Z,,ID,US,Sand Hollow Road,
5C:93:A2:DB:50:A2,DIRECT-roku-883-7F5B71,39.35202408,-76.79955292,5C:93:A2,11,wpa2,2025-12-18T12:00:00.000Z,2026-07-18T10:00:00.000Z,,MD,US,Old Court Road,21244
5C:93:A2:DB:51:21,,43.62239075,-116.31423187,5C:93:A2,11,wpa2,2025-09-18T14:00:00.000Z,2025-09-18T07:00:00.000Z,Boise,ID,US,North Five Mile Road,83713
5C:93:A2:DB:51:26,,40.81904984,-73.90067291,5C:93:A2,149,wpa2,2020-04-03T12:00:00.000Z,2025-10-06T20:00:00.000Z,City of New York,NY,US,Longwood Avenue,10459
5C:93:A2:DB:51:A8,,39.45845413,-77.97414398,5C:93:A2,36,wpa2,2023-09-05T23:00:00.000Z,2024-09-16T16:00:00.000Z,Martinsburg,WV,US,West King Street,25401
5C:93:A2:DB:51:BD,DIRECT-roku-426-44DEB3,38.96414185,-77.38745117,5C:93:A2,6,wpa2,2026-03-09T02:00:00.000Z,2026-03-08T19:00:00.000Z,,VA,US,Fairfax Lane,20170
5C:93:A2:DB:52:6E,,27.78306007,-82.63603973,5C:93:A2,6,wep,2025-12-05T02:00:00.000Z,2025-12-05T04:00:00.000Z,Saint Petersburg,FL,US,11th Avenue North,33701
5C:93:A2:DB:52:AC,DIRECT-roku-470-5D526E,32.8142128,-98.11293793,5C:93:A2,36,wpa2,2026-07-07T20:00:00.000Z,2026-07-07T17:00:00.000Z,,TX,US,North Oak Avenue,76067
5C:93:A2:DB:52:B7,,40.07767105,-77.48796082,5C:93:A2,1,wpa2,2026-07-24T15:00:00.000Z,2026-07-24T09:00:00.000Z,,PA,US,Newville Road,17257
5C:93:A2:DB:52:BE,DIRECT-roku-973-C95EC0,33.67424774,-83.98923492,5C:93:A2,44,wpa2,2017-12-11T13:00:00.000Z,2026-08-30T09:00:00.000Z,,GA,US,Sigman Road Northeast,30012
5C:93:A2:DB:52:CC,DIRECT-roku-372-948982,26.65221977,-81.72055054,5C:93:A2,1,wpa2,2025-05-01T01:00:00.000Z,2026-07-05T14:00:00.000Z,,FL,US,Buckingham Road,33971
5C:93:A2:DB:53:2B,DIRECT-roku-284-172EE2,39.44716263,-77.41151428,5C:93:A2,1,wpa2,2025-07-13T19:00:00.000Z,2026-01-17T12:00:00.000Z,Frederick,MD,US,Opossumtown Pike,21702-3077
5C:93:A2:DB:53:7F,,40.0753212,-75.28528595,5C:93:A2,44,wpa2,2025-10-21T21:00:00.000Z,2025-10-21T15:00:00.000Z,,PA,US,Station Avenue,19428
5C:93:A2:DB:54:70,,27.24864769,-80.36254883,5C:93:A2,11,wpa2,2026-07-03T13:00:00.000Z,2026-07-05T14:00:00.000Z,Port Saint Lucie,FL,US,Southwest Eastport Circle,34953
5C:93:A2:DB:54:74,,43.16456223,-77.71018219,5C:93:A2,1,wpa2,2026-05-22T14:00:00.000Z,2026-07-14T23:00:00.000Z,City of Rochester,NY,US,Lyell Road,14606
5C:93:A2:DB:54:96,5C:93:A2:DB:54:96,17.96432304,-66.37837982,5C:93:A2,5,wpa2,2026-04-13T19:00:00.000Z,2026-04-13T14:00:00.000Z,,PR,US,Carretera Salinas - Santa Isabel,00757
5C:93:A2:DB:54:9B,,26.20537376,-80.23234558,5C:93:A2,36,wpa2,2025-06-15T00:00:00.000Z,2026-07-16T23:00:00.000Z,,FL,US,Belmont Lane,33321-2916
5C:93:A2:DB:54:C8,,18.14553261,-65.81240082,5C:93:A2,36,wpa2,2025-01-09T15:00:00.000Z,2026-06-24T08:00:00.000Z,,PR,US,Carretera Ceiba - Humacao,00791
5C:93:A2:DB:54:F4,,42.88508606,-78.81420898,5C:93:A2,36,wpa2,2025-12-11T13:00:00.000Z,2026-02-12T11:00:00.000Z,Buffalo,NY,US,Bailey Avenue,14206
5C:93:A2:DB:55:12,,40.86849976,-74.55235291,5C:93:A2,149,wpa2,2025-10-02T23:00:00.000Z,2025-10-02T17:00:00.000Z,Randolph Township,NJ,US,Quaker Church Road,07869
5C:93:A2:DB:55:34,DIRECT-roku-003-7E98F0,40.66315842,-73.93766022,5C:93:A2,11,wpa2,2023-02-07T17:00:00.000Z,2026-08-30T14:00:00.000Z,City of New York,NY,US,Lefferts Avenue,11203
5C:93:A2:DB:55:99,,43.16683197,-78.71074677,5C:93:A2,11,wpa2,2018-11-25T20:00:00.000Z,2026-07-29T10:00:00.000Z,,NY,US,West Avenue,14094
5C:93:A2:DB:56:15,DIRECT-roku-177-E1B178,40.9019165,-81.12812042,5C:93:A2,48,wpa2,2025-04-08T20:00:00.000Z,2026-07-11T10:00:00.000Z,,OH,US,West State Street,44601
5C:93:A2:DB:56:28,DIRECT-roku-987-4309D4,34.44984818,-83.11420441,5C:93:A2,6,wpa2,2021-09-26T22:00:00.000Z,2026-08-28T04:00:00.000Z,,GA,US,I 85,20553
5C:93:A2:DB:56:9D,,30.26178169,-82.75032043,5C:93:A2,1,wpa2,2026-05-31T15:00:00.000Z,2026-08-07T06:00:00.000Z,,FL,US,NW Lake Jeffery Road,32055
5C:93:A2:DB:56:FA,,40.04492188,-82.42196655,5C:93:A2,11,wpa2,2024-07-07T03:00:00.000Z,2024-10-23T18:00:00.000Z,,OH,US,Seneca Drive,43055
5C:93:A2:DB:57:1C,,42.93947601,-83.66542816,5C:93:A2,153,wpa2,2025-10-28T01:00:00.000Z,2025-10-27T21:00:00.000Z,,MI,US,Fox Hill Drive,48529
5C:93:A2:DB:57:3B,DIRECT-roku-261-B7E345,37.2201767,-77.43067169,5C:93:A2,2,wpa2,2025-05-26T17:00:00.000Z,2025-05-26T20:00:00.000Z,Petersburg,VA,US,McKenney Street,23803
5C:93:A2:DB:57:99,DIRECT-roku-964-A81246,37.86526871,-77.36293793,5C:93:A2,6,wpa2,2023-06-20T22:00:00.000Z,2025-08-09T09:00:00.000Z,,VA,US,Richmond Turnpike,22546
5C:93:A2:DB:57:BD,,43.18520737,-77.58418274,5C:93:A2,11,wpa2,2026-07-07T16:00:00.000Z,2026-07-10T16:00:00.000Z,City of Rochester,NY,US,Portland Avenue,14621
5C:93:A2:DB:57:ED,DIRECT-roku-785-09B19D,35.58600235,-97.6468811,5C:93:A2,36,wpa2,2025-11-30T15:00:00.000Z,2025-11-30T08:00:00.000Z,Oklahoma City,OK,US,Condor Terrace,73162
5C:93:A2:DB:58:02,,33.13863754,-117.08904266,5C:93:A2,1,wpa2,2023-12-09T21:00:00.000Z,2026-02-27T13:00:00.000Z,Escondido,CA,US,North Broadway,92026
5C:93:A2:DB:58:39,DIRECT-roku-310-C0E193,34.12530136,-117.88575745,5C:93:A2,44,wpa2,2020-01-18T11:00:00.000Z,2024-10-19T21:00:00.000Z,Azusa,CA,US,Calera Avenue,91702
5C:93:A2:DB:58:41,DIRECT-roku-923-3E6016,33.86215591,-117.9515686,5C:93:A2,36,wpa2,2025-01-25T18:00:00.000Z,2025-01-25T18:00:00.000Z,Fullerton,CA,US,West Olive Avenue,92833
5C:93:A2:DB:58:59,DIRECT-roku-029-7258DF,39.45326233,-119.75829315,5C:93:A2,36,wpa2,2024-09-16T04:00:00.000Z,2024-09-15T21:00:00.000Z,Reno,NV,US,Double R Boulevard,89521
5C:93:A2:DB:58:D6,,40.79545975,-72.98886871,5C:93:A2,149,wpa2,2025-01-13T22:00:00.000Z,2025-03-27T19:00:00.000Z,,NY,US,East Woodside Avenue,11763
5C:93:A2:DB:59:31,DIRECT-roku-245-D6152E,34.71289444,-77.48138428,5C:93:A2,157,wpa2,2015-06-19T21:00:00.000Z,2026-05-28T10:00:00.000Z,,NC,US,Wilmington Highway,28540
5C:93:A2:DB:59:43,DIRECT-roku-523-6009CA,34.92060471,-85.14811707,5C:93:A2,9,wpa2,2026-03-31T15:00:00.000Z,2026-07-02T15:00:00.000Z,,GA,US,I 75,30736
5C:93:A2:DB:59:5D,DIRECT-roku-020-BD3D42,38.87248611,-77.42971802,5C:93:A2,6,wpa2,2017-10-27T16:00:00.000Z,2026-07-28T13:00:00.000Z,,VA,US,Walney Road,20120
5C:93:A2:DB:59:6B,,26.28536797,-81.5418396,5C:93:A2,1,wpa2,2026-02-20T22:00:00.000Z,2026-02-22T15:00:00.000Z,,FL,US,29th Avenue Northeast,34120
5C:93:A2:DB:59:6E,,40.62144852,-79.15838623,5C:93:A2,11,wpa2,2024-09-23T19:00:00.000Z,2025-04-02T14:00:00.000Z,,PA,US,South 10th Street,15701
5C:93:A2:DB:5A:16,DIRECT-roku-969-8D4386,30.37077141,-87.27341461,5C:93:A2,157,wpa2,2025-04-08T15:00:00.000Z,2025-04-08T13:00:00.000Z,,FL,US,Palomar Drive,32507
5C:93:A2:DB:5A:FC,,42.77349472,-73.70832825,5C:93:A2,161,wep,2025-01-19T00:00:00.000Z,2025-01-18T17:00:00.000Z,,NY,US,Broadway,12047
5C:93:A2:DB:5B:6B,,33.94826508,-118.23466492,5C:93:A2,1,wpa2,2024-12-13T21:00:00.000Z,2026-03-14T15:00:00.000Z,Los Angeles,CA,US,East 97th Street,90002-3024
5C:93:A2:DB:5B:9E,,39.90457535,-105.06987762,5C:93:A2,157,wpa2,2025-10-06T20:00:00.000Z,2026-03-26T12:00:00.000Z,Westminster,CO,US,West 115th Avenue,80020
5C:93:A2:DB:5B:A2,DIRECT-roku-639-38B7F2,39.02222443,-94.4675293,5C:93:A2,3,wpa2,2025-04-24T22:00:00.000Z,2025-04-24T21:00:00.000Z,Raytown,MO,US,Raytown Road,64133
5C:93:A2:DB:5C:3D,,40.81940079,-74.4743576,5C:93:A2,36,wpa2,2026-02-18T14:00:00.000Z,2026-08-20T03:00:00.000Z,Morris Plains,NJ,US,East Hanover Avenue,07927
5C:93:A2:DB:5C:4D,,34.34225082,-86.30955505,5C:93:A2,44,wpa2,2025-01-30T13:00:00.000Z,2025-04-11T10:00:00.000Z,,AL,US,Obrig Avenue,35976
5C:93:A2:DB:5C:65,,37.64037704,-120.97962189,5C:93:A2,1,wep,2026-08-25T19:00:00.000Z,2026-08-25T21:00:00.000Z,Modesto,CA,US,Village Road,95354
5C:93:A2:DB:5C:9E,,33.72248077,-118.28929138,5C:93:A2,157,wpa2,2024-12-27T17:00:00.000Z,2024-12-28T14:00:00.000Z,Los Angeles,CA,US,West 24th Street,90731
5C:93:A2:DB:5D:1E,DIRECT-roku-349-F10379,39.67705917,-75.68666077,5C:93:A2,11,wpa2,2017-02-04T20:00:00.000Z,2026-05-02T10:00:00.000Z,,DE,US,South Brownleaf Road,19713
5C:93:A2:DB:5D:21,,32.81441116,-97.44528961,5C:93:A2,1,wpa2,2026-08-04T00:00:00.000Z,2026-08-03T17:00:00.000Z,,TX,US,Foster Drive,76135
5C:93:A2:DB:5D:69,,40.64287949,-74.01654816,5C:93:A2,157,wpa2,2025-09-30T20:00:00.000Z,2025-10-01T07:00:00.000Z,City of New York,NY,US,4th Avenue,11220
5C:93:A2:DB:5D:8F,DIRECT-roku-397-2C49DD,34.74403381,-77.37327576,5C:93:A2,44,wpa2,2025-07-25T19:00:00.000Z,2025-07-25T15:00:00.000Z,Jacksonville,NC,US,Liberty Drive,28543
5C:93:A2:DB:5E:54,,38.42755127,-81.78401184,5C:93:A2,1,wpa2,2026-04-14T07:00:00.000Z,2026-04-14T03:00:00.000Z,,WV,US,Big Tyler Road,25313
5C:93:A2:DB:5E:D6,,39.51635742,-104.76226807,5C:93:A2,1,wpa2,2026-01-12T02:00:00.000Z,2026-05-04T16:00:00.000Z,,CO,US,South Pikes Peak Drive,80134
5C:93:A2:DB:5F:0D,DIRECT-roku-360-CF067A,42.10454178,-76.26306915,5C:93:A2,36,wpa2,2018-04-15T11:00:00.000Z,2025-10-05T11:00:00.000Z,,NY,US,North Avenue,13827
5C:93:A2:DB:5F:4F,,40.36574936,-79.81324768,5C:93:A2,11,wpa2,2025-02-11T09:00:00.000Z,2025-02-11T02:00:00.000Z,,PA,US,Naysmith Road,15137
5C:93:A2:DB:60:39,                      ,39.50213242,-77.93811035,5C:93:A2,11,wpa2,2026-04-24T20:00:00.000Z,2026-07-20T19:00:00.000Z,Martinsburg,WV,US,Williamsport Pike,25404
5C:93:A2:DB:60:61,,43.49280548,-70.46678925,5C:93:A2,3,wpa2,2025-09-16T18:00:00.000Z,2025-09-16T12:00:00.000Z,Biddeford,ME,US,South Street,04005
5C:93:A2:DB:60:6D,,44.63469315,-73.15720367,5C:93:A2,44,wpa2,2024-03-18T14:00:00.000Z,2025-02-24T08:00:00.000Z,,VT,US,West Milton Road,05468
5C:93:A2:DB:60:88,,43.00374603,-78.20026398,5C:93:A2,6,wpa2,2024-06-12T13:00:00.000Z,2026-08-08T18:00:00.000Z,,NY,US,West Main Street,14020
5C:93:A2:DB:60:91,,40.12664032,-82.94813538,5C:93:A2,157,wpa2,2019-04-09T17:00:00.000Z,2024-12-23T12:00:00.000Z,,OH,US,North Cleveland Avenue,43081
5C:93:A2:DB:60:9D,,38.58234787,-82.03206635,5C:93:A2,11,wpa2,2026-06-19T14:00:00.000Z,2026-06-19T11:00:00.000Z,,WV,US,County Route 20,25082
5C:93:A2:DB:60:B0,DIRECT-roku-499-B166C5,40.9234848,-74.18505096,5C:93:A2,149,wpa2,2025-11-08T18:00:00.000Z,2025-11-08T10:00:00.000Z,Paterson,NJ,US,Jasper Street,07522
5C:93:A2:DB:60:C0,,39.92873001,-77.25274658,5C:93:A2,36,wpa2,2026-03-20T16:00:00.000Z,2026-03-21T12:00:00.000Z,,PA,US,West Hanover Street,17307
5C:93:A2:DB:60:E3,,40.67769241,-75.21520996,5C:93:A2,40,wpa2,2025-08-15T19:00:00.000Z,2025-08-15T20:00:00.000Z,Easton,PA,US,Seitz Street,18042
5C:93:A2:DB:61:0F,                      ,36.47179794,-82.51550293,5C:93:A2,1,wpa2,2026-05-24T04:00:00.000Z,2026-06-12T19:00:00.000Z,,TN,US,Kendrick Creek Road,37663
5C:93:A2:DB:61:B4,DIRECT-roku-779-1721C2,18.42726326,-65.85067749,5C:93:A2,161,wpa2,2025-02-21T18:00:00.000Z,2025-09-21T18:00:00.000Z,,PR,US,Carretera Loíza - Río Grande,00772
5C:93:A2:DB:61:C8,,40.30190277,-109.84879303,5C:93:A2,11,wpa2,2026-08-01T21:00:00.000Z,2026-08-01T20:00:00.000Z,,UT,US,200 North,84026
5C:93:A2:DB:62:14,DIRECT-roku-320-1A25E0,47.70284271,-116.91973877,5C:93:A2,44,wpa2,2025-08-10T00:00:00.000Z,2026-08-01T09:00:00.000Z,,ID,US,East Plaza Drive,83854
5C:93:A2:DB:62:2E,,39.28189468,-86.7000885,5C:93:A2,7,wpa2,2025-08-31T17:00:00.000Z,2025-12-25T15:00:00.000Z,,IN,US,State Road 46,47464
5C:93:A2:DB:62:39,,41.06042862,-112.03530121,5C:93:A2,9,wpa2,2021-01-15T13:00:00.000Z,2026-01-15T16:00:00.000Z,Layton,UT,US,West Gentile Street,84041
5C:93:A2:DB:62:4B,,42.92142487,-76.78969574,5C:93:A2,44,wpa2,2026-09-05T20:00:00.000Z,2026-09-06T01:00:00.000Z,,NY,US,Auburn Street,13148
5C:93:A2:DB:62:9C,,18.42658043,-66.16517639,5C:93:A2,1,wpa2,2026-02-20T01:00:00.000Z,2026-05-17T07:00:00.000Z,Bayamón,PR,US,Av. Ramón Luis Rivera (Av. Comerío),00961
5C:93:A2:DB:62:E8,Flock ALPR [wifi_receiver_oui;low],29.56454659,-98.33724976,5C:93:A2,1,unknown,2026-08-22T19:00:00.000Z,2026-08-25T22:00:00.000Z,,TX,US,North Pan Am Expressway,78233
5C:93:A2:DC:70:DF,,27.79046822,-82.7270813,5C:93:A2,1,unknown,2025-10-23T21:00:00.000Z,2025-10-24T11:00:00.000Z,Saint Petersburg,FL,US,Tyrone Boulevard North,33710
5C:93:A2:DC:87:87,,32.27612686,-110.96113586,5C:93:A2,6,none,2026-09-04T18:00:00.000Z,2026-09-05T00:00:00.000Z,Tucson,AZ,US,North 1st Avenue,85718-5730
5C:93:A2:DD:A3:11,Pixel ,33.23826981,-117.29832458,5C:93:A2,6,wpa3,2025-04-04T11:00:00.000Z,2025-04-06T12:00:00.000Z,Oceanside,CA,US,Frazee Road,92057
5C:93:A2:EB:91:9B,,39.11766052,-84.48527527,5C:93:A2,2,wpa2,2026-06-20T20:00:00.000Z,2026-06-20T13:00:00.000Z,Cincinnati,OH,US,Columbia Parkway,45226
5C:93:A2:EB:CE:90,,33.82301331,-118.32861328,5C:93:A2,6,wpa2,2026-05-26T23:00:00.000Z,2026-05-26T16:00:00.000Z,Torrance,CA,US,Crenshaw Boulevard,90501
5C:93:A2:EB:D2:08,,40.58079147,-74.6050415,5C:93:A2,11,unknown,2026-06-17T15:00:00.000Z,2026-06-17T09:00:00.000Z,,NJ,US,US 22,08807
5C:93:A2:EC:A2:91,,27.81929016,-82.66493988,5C:93:A2,5,unknown,2025-09-23T23:00:00.000Z,2025-09-24T12:00:00.000Z,Saint Petersburg,FL,US,I 275,33714
5C:93:A2:F0:11:82,DIRECT-roku-341-591773,43.16823578,-79.04367065,5C:93:A2,2,wpa2,2026-07-26T06:00:00.000Z,2026-07-26T00:00:00.000Z,,NY,US,Tuscarora Street,14092
5C:93:A2:F0:11:8E,,39.75885391,-75.53956604,5C:93:A2,149,wpa2,2024-10-13T21:00:00.000Z,2024-10-13T17:00:00.000Z,Wilmington,DE,US,North Madison Street,19802
5C:93:A2:F0:11:BF,,33.62111664,-111.8800354,5C:93:A2,1,wep,2016-10-18T01:00:00.000Z,2025-03-08T22:00:00.000Z,Scottsdale,AZ,US,North 93rd Street,85260
5C:93:A2:F0:12:0D,,36.0019989,-78.90083313,5C:93:A2,1,wpa2,2024-06-15T18:00:00.000Z,2026-07-20T02:00:00.000Z,Durham,NC,US,West Corporation Street,27701
5C:93:A2:F0:12:14,,40.79858398,-74.01780701,5C:93:A2,1,wpa2,2021-02-13T16:00:00.000Z,2026-07-09T14:00:00.000Z,,NJ,US,70th Street,07047
5C:93:A2:F0:12:73,,41.17788315,-73.21730042,5C:93:A2,6,wpa2,2024-06-23T01:00:00.000Z,2024-09-24T06:00:00.000Z,Bridgeport,CT,US,North Avenue,06604
5C:93:A2:F0:13:32,,40.84374619,-84.34426117,5C:93:A2,153,wpa2,2024-05-20T21:00:00.000Z,2024-09-14T09:00:00.000Z,,OH,US,West 2nd Street,45833
5C:93:A2:F0:13:3C,DIRECT-roku-214-2C1894,33.07210541,-96.67329407,5C:93:A2,1,wpa2,2023-10-12T23:00:00.000Z,2026-07-27T14:00:00.000Z,Plano,TX,US,Jupiter Road,75074
5C:93:A2:F0:13:3D,,34.16306305,-80.95599365,5C:93:A2,11,wpa2,2026-07-25T00:00:00.000Z,2026-07-24T19:00:00.000Z,,SC,US,Farrow Road,29016
5C:93:A2:F0:13:6B,,40.31374741,-76.80177307,5C:93:A2,6,wpa2,2025-04-29T10:00:00.000Z,2025-06-05T17:00:00.000Z,,PA,US,Carolyn Street,17109
5C:93:A2:F0:13:9D,DIRECT-roku-700-E58918,35.99516296,-83.94463348,5C:93:A2,157,wpa2,2026-07-17T00:00:00.000Z,2026-07-16T22:00:00.000Z,Knoxville,TN,US,Atlantic Avenue Northeast,37917
5C:93:A2:F0:13:AA,,41.33379745,-75.78398132,5C:93:A2,36,wpa2,2025-05-14T00:00:00.000Z,2025-05-13T17:00:00.000Z,,PA,US,Wilford Street,18640
5C:93:A2:F0:13:C9,,37.55805969,-77.35882568,5C:93:A2,6,wpa2,2025-11-04T01:00:00.000Z,2025-11-05T17:00:00.000Z,,VA,US,Meadow Run,23223
5C:93:A2:F0:14:22,,37.51709366,-77.4502182,5C:93:A2,1,wpa2,2025-11-15T12:00:00.000Z,2025-11-15T04:00:00.000Z,Richmond,VA,US,Hull Street,23224
5C:93:A2:F0:14:6A,DIRECT-roku-210-CD7AC4,37.68426895,-113.07342529,5C:93:A2,36,wpa2,2017-07-01T10:00:00.000Z,2025-03-08T21:00:00.000Z,Cedar City,UT,US,West 400 North,83721
5C:93:A2:F0:14:AE,DIRECT-roku-537-3B86F0,32.3518486,-110.9945755,5C:93:A2,1,wpa2,2022-07-18T12:00:00.000Z,2025-07-11T14:00:00.000Z,,AZ,US,West Magee Road,85704
5C:93:A2:F0:14:BB,DIRECT-roku-014-A8EAF3,36.16850662,-115.13244629,5C:93:A2,6,wpa2,2026-06-09T18:00:00.000Z,2026-06-09T14:00:00.000Z,Las Vegas,NV,US,North 11th Street,89101
5C:93:A2:F0:14:E8,,36.14647675,-115.19223785,5C:93:A2,11,wpa2,2025-06-17T16:00:00.000Z,2025-06-17T13:00:00.000Z,Las Vegas,NV,US,El Camino Avenue,89102-3715
5C:93:A2:F0:15:07,,42.89758301,-77.2790451,5C:93:A2,1,wpa2,2026-03-18T15:00:00.000Z,2026-09-01T09:00:00.000Z,,NY,US,Fort Hill Avenue,14424
5C:93:A2:F0:15:57,,38.31571198,-77.49633026,5C:93:A2,1,wpa2,2016-10-01T16:00:00.000Z,2025-12-17T21:00:00.000Z,Fredericksburg,VA,US,Fall Hill Avenue,22402
5C:93:A2:F0:15:B0,,33.86946869,-117.99167633,5C:93:A2,6,wpa2,2025-01-15T22:00:00.000Z,2025-01-15T15:00:00.000Z,,CA,US,Los Robles Avenue,90621
5C:93:A2:F0:15:B3,DIRECT-roku-750-08C46B,34.23734283,-117.23697662,5C:93:A2,6,wpa2,2026-01-23T02:00:00.000Z,2026-01-22T19:00:00.000Z,,CA,US,North Road,92391
5C:93:A2:F0:15:FA,,40.34966278,-84.37662506,5C:93:A2,1,wpa2,2026-06-02T15:00:00.000Z,2026-06-08T18:00:00.000Z,,OH,US,West Park Street,45845
5C:93:A2:F0:16:1C,,35.0014267,-82.43064117,5C:93:A2,153,wpa2,2025-01-02T18:00:00.000Z,2025-01-02T16:00:00.000Z,Travelers Rest,SC,US,Camp Road,29690
5C:93:A2:F0:16:25,,40.68527603,-73.91992188,5C:93:A2,6,wpa2,2024-02-29T04:00:00.000Z,2025-02-06T11:00:00.000Z,City of New York,NY,US,Halsey Street,11233
5C:93:A2:F0:16:B0,                      ,33.48958969,-82.15058136,5C:93:A2,3,wpa2,2026-05-24T00:00:00.000Z,2026-06-04T19:00:00.000Z,,GA,US,Crown Mill Drive,30907
5C:93:A2:F0:16:B6,DIRECT-roku-107-C559AF,30.44809341,-86.56658936,5C:93:A2,1,wpa2,2024-12-08T02:00:00.000Z,2024-12-07T19:00:00.000Z,,FL,US,12th Avenue,32579
5C:93:A2:F0:16:C1,DIRECT-roku-171-8D3843,33.87298584,-118.13194275,5C:93:A2,44,wpa2,2024-01-07T23:00:00.000Z,2024-12-07T16:00:00.000Z,,CA,US,Ramona Street,90706
5C:93:A2:F0:16:CF,,40.73135757,-73.53232574,5C:93:A2,3,unknown,2025-02-23T20:00:00.000Z,2025-02-23T15:00:00.000Z,Levittown,NY,US,Blue Spruce Road,11756
5C:93:A2:F0:17:8E,DIRECT-roku-005-2EA1A6,41.11610031,-81.5331955,5C:93:A2,6,wpa2,2025-07-20T15:00:00.000Z,2025-08-05T17:00:00.000Z,Akron,OH,US,Megglen Avenue,44303
5C:93:A2:F0:18:A5,,36.43288422,-77.53555298,5C:93:A2,8,wpa2,2025-07-28T12:00:00.000Z,2025-08-02T10:00:00.000Z,,NC,US,US 158,27831
5C:93:A2:F0:18:AB,,42.98001862,-71.65193176,5C:93:A2,11,wpa2,2018-03-21T17:00:00.000Z,2026-05-01T14:00:00.000Z,,NH,US,Bedford Road,03070
5C:93:A2:F0:18:D6,DIRECT-roku-661-4240C7,39.42578506,-81.46195221,5C:93:A2,10,wpa2,2017-03-22T18:00:00.000Z,2025-05-05T19:00:00.000Z,,OH,US,Pioneer Lane,45750
5C:93:A2:F0:19:00,,41.4335289,-74.03630066,5C:93:A2,6,wpa2,2024-10-04T14:00:00.000Z,2024-10-04T07:00:00.000Z,,NY,US,Continental Road,12518
5C:93:A2:F0:19:03,,45.41821289,-75.68812561,5C:93:A2,44,wpa2,2025-06-07T04:00:00.000Z,2025-06-22T20:00:00.000Z,(Old) Ottawa,Ontario,CA,Cartier Street,K2P 0H3
5C:93:A2:F0:19:29,,36.79060364,-76.00517273,5C:93:A2,6,wpa2,2023-05-02T01:00:00.000Z,2024-12-29T18:00:00.000Z,Virginia Beach,VA,US,Eaglewood Drive,23454
5C:93:A2:F0:19:50,,37.13674545,-80.55603027,5C:93:A2,11,wpa2,2025-09-07T14:00:00.000Z,2025-09-24T18:00:00.000Z,,VA,US,Fairfax Street,24141
5C:93:A2:F0:19:51,DIRECT-roku-165-56352A,43.06930161,-76.10536957,5C:93:A2,6,wpa2,2025-07-06T17:00:00.000Z,2025-07-06T11:00:00.000Z,City of Syracuse,NY,US,North Midler Avenue,13206
5C:93:A2:F0:19:65,                      ,39.2858696,-76.65823364,5C:93:A2,36,wpa2,2026-06-19T14:00:00.000Z,2026-06-19T09:00:00.000Z,Baltimore,MD,US,South Franklintown Road,21223
5C:93:A2:F0:19:81,DIRECT-roku-742-79F099,34.63501358,-98.41353607,5C:93:A2,2,wpa2,2026-07-10T15:00:00.000Z,2026-07-10T12:00:00.000Z,Lawton,OK,US,,73507
5C:93:A2:F0:19:F4,,40.03210068,-82.98027039,5C:93:A2,1,wpa2,2017-11-09T15:00:00.000Z,2026-07-31T18:00:00.000Z,Columbus,OH,US,Oakland Park Avenue,43224
5C:93:A2:F0:1A:BA,,42.65034103,-73.73531342,5C:93:A2,157,wpa2,2022-03-16T19:00:00.000Z,2025-07-28T18:00:00.000Z,,NY,US,Second Street,12144
5C:93:A2:F0:1A:DA,,40.77389526,-74.02220917,5C:93:A2,157,wpa2,2023-08-14T11:00:00.000Z,2024-12-19T09:00:00.000Z,,NJ,US,39th Street,07087
5C:93:A2:F0:1A:E2,DIRECT-roku-151-A74C39,42.71357346,-78.57978058,5C:93:A2,11,wpa2,2026-08-16T01:00:00.000Z,2026-08-15T22:00:00.000Z,,NY,US,Olean Road,14139
5C:93:A2:F0:1A:F4,DIRECT-roku-414-F6F821,40.67752838,-73.95901489,5C:93:A2,161,wpa2,2020-08-13T18:00:00.000Z,2026-09-01T19:00:00.000Z,City of New York,NY,US,Bergen Street,11238
5C:93:A2:F0:1B:18,,41.1656456,-73.19910431,5C:93:A2,36,wpa2,2025-09-20T02:00:00.000Z,2025-09-19T22:00:00.000Z,Bridgeport,CT,US,Cole Street,06604
5C:93:A2:F0:1B:BF,,28.080616,-82.42284393,5C:93:A2,6,unknown,2026-06-15T04:00:00.000Z,2026-06-18T03:00:00.000Z,,FL,US,Bruce B Downs Boulevard,33613-4649
5C:93:A2:F0:1B:C1,                      ,28.08057022,-82.4227829,5C:93:A2,11,none,2026-06-15T04:00:00.000Z,2026-09-05T21:00:00.000Z,,FL,US,Bruce B Downs Boulevard,33613-4649
5C:93:A2:F0:1B:E9,,32.8516922,-96.35914612,5C:93:A2,11,wpa2,2025-11-03T14:00:00.000Z,2025-11-03T06:00:00.000Z,Rockwall,TX,US,Edwards Road,
5C:93:A2:F0:1C:4A,,39.32794952,-76.52822876,5C:93:A2,157,wep,2026-07-25T06:00:00.000Z,2026-07-25T20:00:00.000Z,,MD,US,Nahant Road,21206
5C:93:A2:F0:1C:83,DIRECT-roku-461-9D7E24,40.00048828,-74.27145386,5C:93:A2,1,wpa2,2026-06-15T08:00:00.000Z,2026-06-15T04:00:00.000Z,,NJ,US,Commonwealth Boulevard,08759
5C:93:A2:F0:1C:8A,DIRECT-roku-579-08BFB3,33.2430687,-80.50741577,5C:93:A2,1,wpa2,2026-06-11T19:00:00.000Z,2026-06-18T08:00:00.000Z,,SC,US,West Main Street,29448
5C:93:A2:F0:1C:9C,DIRECT-roku-138-0CBD49,40.89418411,-74.15913391,5C:93:A2,44,wpa2,2020-05-19T15:00:00.000Z,2024-10-08T12:00:00.000Z,Paterson,NJ,US,Main Street,07503
5C:93:A2:F0:1C:E4,,43.1821785,-76.89057159,5C:93:A2,157,wpa2,2021-12-15T07:00:00.000Z,2024-09-13T11:00:00.000Z,,NY,US,South Main Street,14516
5C:93:A2:F0:1C:EC,,42.93851089,-78.88912964,5C:93:A2,149,wpa2,2025-11-04T01:00:00.000Z,2026-05-16T04:00:00.000Z,Buffalo,NY,US,Amherst Street,14207
5C:93:A2:F0:1C:FA,,43.06510544,-77.31282806,5C:93:A2,1,wpa2,2026-06-22T21:00:00.000Z,2026-06-22T15:00:00.000Z,,NY,US,Pittsford-Palmyra Road,14502
5C:93:A2:F0:1C:FE,,18.34843063,-65.89724731,5C:93:A2,157,wpa2,2026-05-23T22:00:00.000Z,2026-08-08T02:00:00.000Z,,PR,US,Carretera Canóvanas - Juncos,00729
5C:93:A2:F0:1D:2A,DIRECT-roku-726-F407CC,41.9241333,-71.91816711,5C:93:A2,44,wpa2,2023-03-28T20:00:00.000Z,2025-07-21T18:00:00.000Z,Putnam,CT,US,Woodstock Avenue,06260
5C:93:A2:F0:1E:C6,,28.02692604,-82.70074463,5C:93:A2,11,wpa2,2025-04-26T20:00:00.000Z,2025-04-26T17:00:00.000Z,Palm Harbor,FL,US,FL 580,34677
5C:93:A2:F0:1E:DE,,43.77160645,-103.5958252,5C:93:A2,1,wpa2,2024-11-13T20:00:00.000Z,2025-05-03T16:00:00.000Z,,SD,US,Montgomery Street,57730
5C:93:A2:F0:1F:72,DIRECT-roku-643-E5E9E9,28.06849289,-82.39086914,5C:93:A2,153,wpa2,2025-06-03T02:00:00.000Z,2025-06-02T20:00:00.000Z,Tampa,FL,US,Dottie Drive,33617
5C:93:A2:F0:1F:DC,,28.53314972,-81.33210754,5C:93:A2,36,wpa2,2025-02-21T22:00:00.000Z,2025-02-21T15:00:00.000Z,Orlando,FL,US,Conway Road,32807
5C:93:A2:F0:20:42,DIRECT-roku-042-63CFA9,36.09258652,-115.22802734,5C:93:A2,36,wpa2,2025-05-02T13:00:00.000Z,2026-07-01T17:00:00.000Z,,NV,US,West Hacienda Avenue,89147-4705
5C:93:A2:F0:20:D9,DIRECT-roku-965-EFEDB3,33.51060867,-82.1031723,5C:93:A2,36,wpa2,2024-12-27T00:00:00.000Z,2025-09-24T10:00:00.000Z,,GA,US,Washington Road,30802
5C:93:A2:F0:21:3F,DIRECT-roku-383-CF20AF,44.81655884,-69.88671112,5C:93:A2,1,wpa2,2015-07-11T02:00:00.000Z,2025-03-08T18:00:00.000Z,,ME,US,River Road,04958
5C:93:A2:F0:21:53,,28.11184311,-81.91493225,5C:93:A2,1,wpa2,2026-02-06T03:00:00.000Z,2026-02-06T06:00:00.000Z,Lakeland,FL,US,Lakeland Hills Boulevard,33805
5C:93:A2:F0:21:5F,DIRECT-roku-973-A862F0,41.30882263,-82.54301453,5C:93:A2,2,wpa2,2015-10-21T09:00:00.000Z,2026-03-21T16:00:00.000Z,,OH,US,Wikel Road,44839
5C:93:A2:F0:21:6D,DIRECT-roku-654-48AD96,40.31956482,-75.62791443,5C:93:A2,36,wpa2,2025-10-25T16:00:00.000Z,2025-10-25T17:00:00.000Z,Douglass Township,PA,US,Swinehart Road,19512
5C:93:A2:F0:22:82,,26.20573425,-80.21840668,5C:93:A2,7,wpa2,2001-01-01T03:00:00.000Z,2024-09-15T01:00:00.000Z,,FL,US,Southwest 70th Avenue,33068
5C:93:A2:F0:22:97,,40.57501984,-74.12175751,5C:93:A2,44,wpa2,2024-08-10T17:00:00.000Z,2026-08-09T11:00:00.000Z,City of New York,NY,US,Richmond Road,10306
5C:93:A2:F0:23:0E,,27.26415062,-81.83857727,5C:93:A2,6,wpa2,2026-02-22T17:00:00.000Z,2026-02-22T16:00:00.000Z,,FL,US,US 17,
5C:93:A2:F0:23:47,,27.7555542,-82.69259644,5C:93:A2,11,wpa2,2026-01-12T22:00:00.000Z,2026-01-12T19:00:00.000Z,Saint Petersburg,FL,US,15th Avenue South,33707
5C:93:A2:F0:23:98,,35.16333389,-85.31865692,5C:93:A2,6,wpa2,2025-11-09T19:00:00.000Z,2025-11-09T13:00:00.000Z,,TN,US,Taft Highway,37377
5C:93:A2:F0:23:9B,,32.77418518,-97.21514893,5C:93:A2,36,wpa2,2026-03-08T22:00:00.000Z,2026-04-12T21:00:00.000Z,Fort Worth,TX,US,Bridgewood Drive,76112
5C:93:A2:F0:23:E1,,32.85110855,-97.15550232,5C:93:A2,6,wpa2,2026-06-20T14:00:00.000Z,2026-06-20T09:00:00.000Z,,TX,US,Spring Valley Drive,76021
5C:93:A2:F0:24:02,,28.55313492,-81.37563324,5C:93:A2,36,wpa2,2026-07-11T16:00:00.000Z,2026-08-01T09:00:00.000Z,Orlando,FL,US,East Colonial Drive,32801
5C:93:A2:F0:24:57,,33.00002289,-96.75843811,5C:93:A2,8,wpa2,2026-08-31T00:00:00.000Z,2026-08-30T21:00:00.000Z,Richardson,TX,US,President George Bush Turnpike,75075
5C:93:A2:F0:24:64,,34.90557861,-76.9337616,5C:93:A2,44,wpa2,2025-06-10T13:00:00.000Z,2025-06-13T06:00:00.000Z,,NC,US,US 70,28532
5C:93:A2:F0:24:6C,DIRECT-roku-880-C47877,35.37418365,-77.939888,5C:93:A2,1,wpa2,2025-02-25T22:00:00.000Z,2025-02-25T16:00:00.000Z,,NC,US,Langston Drive,27534
5C:93:A2:F0:25:A3,DIRECT-roku-934-15338E,35.73217392,-81.70670319,5C:93:A2,2,wpa2,2023-05-14T18:00:00.000Z,2025-10-10T11:00:00.000Z,Morganton,NC,US,Fleming Drive,28655
5C:93:A2:F0:25:AD,DIRECT-roku-480-6375AF,35.78056717,-78.69352722,5C:93:A2,1,wpa2,2024-11-14T00:00:00.000Z,2026-03-12T13:00:00.000Z,Raleigh,NC,US,Greenleaf Street,27606
5C:93:A2:F0:25:D8,,30.16783714,-85.66479492,5C:93:A2,1,wpa2,2026-06-17T16:00:00.000Z,2026-08-07T21:00:00.000Z,,FL,US,Mulberry Avenue,32401
5C:93:A2:F0:26:46,,35.81604767,-78.46598053,5C:93:A2,6,wpa2,2025-05-30T23:00:00.000Z,2025-05-30T20:00:00.000Z,,NC,US,Onyx Lane,27545
5C:93:A2:F0:26:4D,,29.64508438,-82.42318726,5C:93:A2,157,wpa2,2026-08-25T12:00:00.000Z,2026-08-25T14:00:00.000Z,,FL,US,Southwest 8th Avenue,32607
5C:93:A2:F0:26:65,DIRECT-roku-002-C3AC3D,31.78126717,-106.41578674,5C:93:A2,48,wep,2024-12-12T19:00:00.000Z,2026-05-16T18:00:00.000Z,El Paso,TX,US,Gateway Boulevard West,79925-1826
5C:93:A2:F0:26:B4,DIRECT-roku-378-0EF5D6,36.5620575,-82.59684753,5C:93:A2,8,wpa2,2025-09-09T20:00:00.000Z,2025-09-09T14:00:00.000Z,Kingsport,TN,US,Granby Road,37660-3000
5C:93:A2:F0:26:B7,,32.09746933,-84.60131073,5C:93:A2,3,wpa2,2026-01-11T15:00:00.000Z,2026-03-30T18:00:00.000Z,,GA,US,Nicholson Street,
5C:93:A2:F0:26:BD,,28.51803398,-81.33106995,5C:93:A2,11,wep,2026-06-30T17:00:00.000Z,2026-07-14T06:00:00.000Z,Orlando,FL,US,Conway Road,32812
5C:93:A2:F0:26:E5,DIRECT-roku-041-21B749,35.05139542,-82.06900024,5C:93:A2,6,wpa2,2026-07-17T00:00:00.000Z,2026-07-16T20:00:00.000Z,Inman,SC,US,Clark Road,29349
5C:93:A2:F0:27:7E,DIRECT-roku-256-D2B0E9,41.8297081,-89.47659302,5C:93:A2,36,wpa2,2021-06-11T23:00:00.000Z,2025-01-24T15:00:00.000Z,,IL,US,South Galena Avenue,61021
5C:93:A2:F0:27:B6,,38.52542496,-90.28562164,5C:93:A2,1,wpa2,2018-10-21T18:00:00.000Z,2026-02-02T18:00:00.000Z,,MO,US,Telegraph Road,63125
5C:93:A2:F0:27:C6,DIRECT-roku-496-D5EEFC,28.75570107,-82.11593628,5C:93:A2,36,wpa2,2026-01-01T17:00:00.000Z,2026-05-15T10:00:00.000Z,,FL,US,,33538
5C:93:A2:F0:27:ED,,33.44289017,-82.13931274,5C:93:A2,10,wpa2,2024-09-15T21:00:00.000Z,2025-02-06T13:00:00.000Z,Augusta,GA,US,,30905
5C:93:A2:F0:29:12,,35.91385651,-79.97159576,5C:93:A2,44,wpa2,2024-11-27T20:00:00.000Z,2025-02-03T15:00:00.000Z,Archdale,NC,US,North Main Street,27263
5C:93:A2:F0:29:37,,35.58215714,-80.84951782,5C:93:A2,11,wpa2,2025-02-18T12:00:00.000Z,2025-02-18T12:00:00.000Z,,NC,US,Reed Creek Road,28117
5C:93:A2:F0:29:40,,33.56613159,-81.76481628,5C:93:A2,1,wpa2,2026-08-10T18:00:00.000Z,2026-08-31T05:00:00.000Z,,SC,US,University Parkway,29801
5C:93:A2:F0:2A:05,,39.89201736,-82.04111481,5C:93:A2,36,wpa2,2025-09-14T22:00:00.000Z,2025-10-04T16:00:00.000Z,,OH,US,Maysville Pike,43701
5C:93:A2:F0:2A:23,DIRECT-roku-239-F145D5,39.73441696,-104.86585236,5C:93:A2,11,wpa2,2025-01-30T16:00:00.000Z,2026-08-17T12:00:00.000Z,Aurora,CO,US,Havana Street,80010
5C:93:A2:F0:2A:2B,,36.18983841,-82.04447937,5C:93:A2,44,wpa2,2026-04-05T16:00:00.000Z,2026-04-05T11:00:00.000Z,,TN,US,US 19E,37687
5C:93:A2:F0:2A:55,DIRECT-roku-019-1A67B3,39.90051651,-105.08045959,5C:93:A2,6,wpa2,2023-12-04T02:00:00.000Z,2026-05-14T19:00:00.000Z,Westminster,CO,US,Denver-Boulder Turnpike,80021
5C:93:A2:F0:2A:59,,37.235569,-81.11174774,5C:93:A2,6,wpa2,2023-06-15T12:00:00.000Z,2024-11-10T08:00:00.000Z,,VA,US,Clear Fork Creek Road,
5C:93:A2:F0:2A:8B,DIRECT-roku-600-B967E5,35.31970978,-81.85861206,5C:93:A2,36,wpa2,2026-04-17T17:00:00.000Z,2026-04-17T12:00:00.000Z,,NC,US,South Broadway Street,28043
5C:93:A2:F0:2A:CC,,27.88458443,-82.50124359,5C:93:A2,11,wpa2,2025-04-07T19:00:00.000Z,2025-04-19T11:00:00.000Z,Tampa,FL,US,Leila Avenue,33611
5C:93:A2:F0:2A:D1,DIRECT-roku-449-981933,36.19584656,-115.09780884,5C:93:A2,157,wpa2,2019-08-16T11:00:00.000Z,2025-07-16T23:00:00.000Z,,NV,US,East Lake Mead Boulevard,89156
5C:93:A2:F0:2B:2F,DIRECT-roku-251-70EE69,26.6574173,-81.91700745,5C:93:A2,44,wpa2,2026-05-31T21:00:00.000Z,2026-05-31T16:00:00.000Z,,FL,US,Jolly Road,33903
5C:93:A2:F0:2B:3E,,34.74107361,-84.94245911,5C:93:A2,11,wpa2,2025-07-26T17:00:00.000Z,2025-08-28T16:00:00.000Z,,GA,US,Wendell Street,30721
5C:93:A2:F0:2B:9F,,34.14836502,-83.81734467,5C:93:A2,6,wpa2,2026-05-10T00:00:00.000Z,2026-05-09T19:00:00.000Z,,GA,US,Road Atlanta Racetrack,
5C:93:A2:F0:2C:21,,39.30041122,-76.58476257,5C:93:A2,149,wpa2,2024-01-19T21:00:00.000Z,2025-04-26T13:00:00.000Z,Baltimore,MD,US,North Bradford Street,21205
5C:93:A2:F0:2C:3F,,37.23955536,-84.63442993,5C:93:A2,149,wpa2,2025-10-17T20:00:00.000Z,2025-11-29T19:00:00.000Z,,KY,US,US 27,42567
5C:93:A2:F0:2C:AB,,27.97591782,-82.71636963,5C:93:A2,6,wpa2,2025-05-21T20:00:00.000Z,2025-05-22T01:00:00.000Z,Clearwater,FL,US,Melonwood Avenue,33759
5C:93:A2:F0:2C:D8,                      ,35.23250198,-97.74207306,5C:93:A2,11,wpa2,2026-04-23T22:00:00.000Z,2026-04-23T18:00:00.000Z,,OK,US,Bridge Creek Road,
5C:93:A2:F0:2C:F8,DIRECT-roku-590-42DE1E,33.89788818,-84.52351379,5C:93:A2,9,wpa2,2026-03-22T21:00:00.000Z,2026-03-22T15:00:00.000Z,Smyrna,GA,US,Belmont Circle Southeast,30080
5C:93:A2:F0:2D:A5,,30.30504417,-81.64008331,5C:93:A2,11,wpa2,2025-04-08T18:00:00.000Z,2025-04-08T23:00:00.000Z,Jacksonville,FL,US,Ridgewood Road,32207
5C:93:A2:F0:2D:AF,                      ,35.05527496,-81.78898621,5C:93:A2,1,wpa2,2026-06-05T14:00:00.000Z,2026-06-12T16:00:00.000Z,,SC,US,I 85,29330:29341
5C:93:A2:F0:2E:9B,DIRECT-roku-091-16E72E,26.59192467,-81.89311981,5C:93:A2,6,wpa2,2026-06-17T21:00:00.000Z,2026-06-26T07:00:00.000Z,,FL,US,Riviera Avenue,33919
5C:93:A2:F0:2E:AF,DIRECT-roku-277-B7B29B,28.75678635,-81.9912796,5C:93:A2,11,wpa2,2026-05-23T17:00:00.000Z,2026-05-24T12:00:00.000Z,,FL,US,CR 470,33585:34762
5C:93:A2:F0:2F:93,,35.22140884,-89.86377716,5C:93:A2,4,wpa2,2024-04-10T00:00:00.000Z,2025-03-21T10:00:00.000Z,,TN,US,Billy Maher Road,38135
5C:93:A2:F0:2F:AD,                      ,35.31649399,-97.73064423,5C:93:A2,11,wpa2,2026-04-26T20:00:00.000Z,2026-04-26T19:00:00.000Z,Tuttle,OK,US,Riverside Drive,73089
5C:93:A2:F0:2F:C2,DIRECT-roku-141-7C60AB,34.75233459,-92.34305573,5C:93:A2,36,wpa2,2023-07-26T20:00:00.000Z,2026-03-31T08:00:00.000Z,Little Rock,AR,US,West Markham Street,72205
5C:93:A2:F0:30:1A,DIRECT-roku-751-135FBE,40.01674271,-76.16407013,5C:93:A2,1,wpa2,2015-11-08T10:00:00.000Z,2026-06-21T09:00:00.000Z,,PA,US,Lincoln Highway East,17572
5C:93:A2:F0:30:27,,33.24238968,-96.10128021,5C:93:A2,4,wpa2,2026-07-01T22:00:00.000Z,2026-07-01T15:00:00.000Z,Greenville,TX,US,TX 34,75401
5C:93:A2:F0:30:7D,DIRECT-roku-290-681781,27.07457924,-82.39772797,5C:93:A2,6,wpa2,2026-03-04T23:00:00.000Z,2026-04-07T19:00:00.000Z,,FL,US,Shamrock Boulevard,34293
5C:93:A2:F0:30:D2,DIRECT-roku-112-1FB036,33.94854736,-84.55073547,5C:93:A2,157,wpa2,2025-07-27T23:00:00.000Z,2025-07-27T18:00:00.000Z,Marietta,GA,US,South Marietta Parkway,30064
5C:93:A2:F0:30:D9,DIRECT-roku-217-E189FE,41.98674774,-88.68849182,5C:93:A2,1,wpa2,2024-02-10T16:00:00.000Z,2026-06-05T18:00:00.000Z,,IL,US,West High Street,60178
5C:93:A2:F0:31:7D,DIRECT-roku-624-DFF587,33.65712738,-85.81515503,5C:93:A2,40,wpa2,2024-12-29T20:00:00.000Z,2024-12-29T14:00:00.000Z,Anniston,AL,US,East 10th Street,36207
5C:93:A2:F0:32:21,DIRECT-roku-725-F82252,35.93718719,-84.54762268,5C:93:A2,157,wpa2,2024-09-15T19:00:00.000Z,2024-12-09T09:00:00.000Z,,TN,US,North Roane Street,37748
5C:93:A2:F0:32:37,,39.95491028,-82.92401886,5C:93:A2,6,wpa2,2024-09-21T17:00:00.000Z,2024-09-21T13:00:00.000Z,Columbus,OH,US,Kenwick Road,43209
5C:93:A2:F0:32:6D,,30.32193375,-81.71131897,5C:93:A2,161,wpa2,2024-12-17T03:00:00.000Z,2024-12-16T20:00:00.000Z,Jacksonville,FL,US,Lenox Avenue,32254
5C:93:A2:F0:32:9A,,27.8945179,-82.77117157,5C:93:A2,6,unknown,2025-08-14T20:00:00.000Z,2025-10-24T11:00:00.000Z,Clearwater,FL,US,Ulmerton Road,33771
5C:93:A2:F0:33:3B,,39.57066345,-76.9889679,5C:93:A2,157,wpa2,2026-09-05T22:00:00.000Z,2026-09-06T02:00:00.000Z,Westminster,MD,US,Court Lane,21157-2941
5C:93:A2:F0:34:95,,35.92984772,-80.02539825,5C:93:A2,1,wpa2,2025-02-16T19:00:00.000Z,2025-09-30T17:00:00.000Z,High Point,NC,US,West Market Center Drive,27261
5C:93:A2:F0:5D:4E,,45.54479218,-73.54446411,5C:93:A2,0,unknown,2025-02-18T20:00:00.000Z,2025-02-21T12:00:00.000Z,Montréal,Québec,CA,Rue Joliette,H1W 1R8
5C:93:A2:F2:36:45,,40.83050156,-73.0916748,5C:93:A2,4,unknown,2024-10-07T22:00:00.000Z,2025-07-13T05:00:00.000Z,,NY,US,Portion Road,11779
5C:93:A2:F3:58:EC,DIRECT-roku-510-134C6A,34.27850723,-77.80515289,5C:93:A2,11,wpa2,2017-08-06T13:00:00.000Z,2026-07-08T16:00:00.000Z,,NC,US,Bayshore Drive,28411
5C:93:A2:F3:59:A3,,34.53746796,-83.30134583,5C:93:A2,6,wpa2,2026-01-16T16:00:00.000Z,2026-02-13T17:00:00.000Z,,GA,US,Liberty Hill Road,30577
5C:93:A2:F3:59:A4,,41.29009247,-72.9365921,5C:93:A2,1,wpa2,2026-02-04T13:00:00.000Z,2026-02-04T08:00:00.000Z,New Haven,CT,US,Lamberton Street,06519
5C:93:A2:F3:5A:62,5C:93:A2:F3:5A:62,35.28042603,-81.16822815,5C:93:A2,10,wpa2,2025-10-31T21:00:00.000Z,2026-09-05T15:00:00.000Z,Gastonia,NC,US,Sen Marshall Arthur Rauch Highway,28054
5C:93:A2:F3:5A:C0,,39.9985733,-76.06231689,5C:93:A2,40,wpa2,2025-06-19T13:00:00.000Z,2025-07-04T11:00:00.000Z,,PA,US,Lincoln Highway East,17529:17562
5C:93:A2:F3:5A:E6,DIRECT-roku-260-1060CE,32.37623596,-81.25225067,5C:93:A2,36,wpa2,2018-05-26T14:00:00.000Z,2024-11-10T11:00:00.000Z,,GA,US,Stillwell Road,31329
5C:93:A2:F3:5B:79,,26.26161575,-80.2531662,5C:93:A2,6,wpa2,2026-01-27T00:00:00.000Z,2026-02-06T13:00:00.000Z,Coral Springs,FL,US,Northwest 24th Court,33065
5C:93:A2:F3:5B:BB,,43.30876923,-88.39445496,5C:93:A2,3,wpa2,2026-07-02T15:00:00.000Z,2026-07-02T09:00:00.000Z,,WI,US,West Monroe Avenue,53027
5C:93:A2:F3:5B:CF,,18.5002861,-67.06653595,5C:93:A2,11,wpa2,2026-03-05T20:00:00.000Z,2026-03-13T12:00:00.000Z,,PR,US,Carretera Jobos,00690
5C:93:A2:F3:5C:51,DIRECT-roku-635-512526,18.43008041,-65.99402618,5C:93:A2,6,wpa2,2024-02-03T01:00:00.000Z,2026-07-21T13:00:00.000Z,,PR,US,Expreso Román Baldorioty de Castro,00979
5C:93:A2:F3:5C:BF,ParkviewDeli1,39.36804962,-76.54760742,5C:93:A2,5,unknown,2024-06-25T01:00:00.000Z,2026-08-30T20:00:00.000Z,Baltimore,MD,US,Rosalie Avenue,21234
5C:93:A2:F3:5C:C1,DIRECT-roku-796-C2EA57,39.36798096,-76.54782867,5C:93:A2,6,wep,2016-09-26T12:00:00.000Z,2026-08-30T20:00:00.000Z,Baltimore,MD,US,Harford Road,21234
5C:93:A2:F3:5D:8E,,34.61341476,-86.56272125,5C:93:A2,44,wpa2,2026-08-30T18:00:00.000Z,2026-08-30T12:00:00.000Z,Huntsville,AL,US,Chicamauga Trail Southeast,35803
5C:93:A2:F3:5D:A6,DIRECT-roku-004-979350,34.12511063,-117.89324188,5C:93:A2,6,none,2026-08-23T12:00:00.000Z,2026-08-23T14:00:00.000Z,Azusa,CA,US,North Fenimore Avenue,91702
5C:93:A2:F3:5E:91,DIRECT-roku-026-E8A13E,35.65856171,-81.2634201,5C:93:A2,6,wpa2,2026-07-31T01:00:00.000Z,2026-07-30T18:00:00.000Z,Conover,NC,US,Old Conover Startown Road,28658
5C:93:A2:F3:5E:92,,36.12042236,-79.81735992,5C:93:A2,6,wpa2,2026-02-24T19:00:00.000Z,2026-02-26T02:00:00.000Z,Greensboro,NC,US,Pisgah Church Road,27455
5C:93:A2:F3:5E:A5,,38.50392151,-90.65090179,5C:93:A2,1,wpa2,2026-08-07T14:00:00.000Z,2026-08-07T08:00:00.000Z,,MO,US,I 44;US 50,63025
5C:93:A2:F3:5E:A9,,41.76075745,-77.21881866,5C:93:A2,11,wpa2,2026-07-10T23:00:00.000Z,2026-07-10T18:00:00.000Z,,PA,US,Route 6,16901
5C:93:A2:F3:5E:B8,DIRECT-roku-916-4B640E,32.96981049,-80.16912842,5C:93:A2,44,wpa2,2024-02-01T21:00:00.000Z,2025-02-25T17:00:00.000Z,,SC,US,Old Trolley Road,29485
5C:93:A2:F3:5E:BA,,35.0508728,-80.80706024,5C:93:A2,1,wpa2,2026-03-22T21:00:00.000Z,2026-03-22T17:00:00.000Z,Charlotte,NC,US,Reavencrest Park Drive,28277
5C:93:A2:F3:5E:FB,,34.06401062,-85.23280334,5C:93:A2,1,wpa2,2026-06-27T01:00:00.000Z,2026-09-04T20:00:00.000Z,,GA,US,Rome Highway,30125
5C:93:A2:F3:5F:20,,35.2217865,-88.32966614,5C:93:A2,44,wpa2,2017-01-05T11:00:00.000Z,2025-03-07T20:00:00.000Z,,TN,US,US 64;SR 22,38327
5C:93:A2:F3:5F:46,DIRECT-roku-347-717F57,33.61394119,-85.81698608,5C:93:A2,6,wpa2,2024-12-27T20:00:00.000Z,2026-08-19T17:00:00.000Z,,AL,US,Hamric Drive East,36203
5C:93:A2:F3:5F:55,,31.02541161,-83.18302917,5C:93:A2,2,wpa2,2026-01-05T21:00:00.000Z,2026-01-20T09:00:00.000Z,,GA,US,GA 122,31635
5C:93:A2:F3:60:48,,30.20874596,-95.4192276,5C:93:A2,1,wpa2,2025-07-22T04:00:00.000Z,2025-07-27T09:00:00.000Z,,TX,US,TX 242,77385
5C:93:A2:F3:60:6D,,40.80799484,-74.20738983,5C:93:A2,11,wpa2,2024-03-20T23:00:00.000Z,2026-07-19T13:00:00.000Z,,NJ,US,Glenridge Avenue,07042
5C:93:A2:F3:60:DF,,38.77949142,-77.3555069,5C:93:A2,1,wpa2,2021-08-06T20:00:00.000Z,2026-06-19T10:00:00.000Z,,VA,US,Chapel Road,20124
5C:93:A2:F3:61:90,,38.09202576,-84.52766418,5C:93:A2,40,wpa2,2025-03-14T17:00:00.000Z,2025-03-14T17:00:00.000Z,Lexington,KY,US,Greendale Road,40511
5C:93:A2:F3:62:27,,41.30828094,-72.93805695,5C:93:A2,9,wpa2,2026-08-17T20:00:00.000Z,2026-08-17T15:00:00.000Z,New Haven,CT,US,Howe Street,06511
5C:93:A2:F3:62:CF,,40.0598793,-75.04592896,5C:93:A2,6,wpa2,2018-06-06T15:00:00.000Z,2026-08-21T13:00:00.000Z,Philadelphia,PA,US,Solly Avenue,19152
5C:93:A2:F3:62:E6,,39.29175949,-76.82236481,5C:93:A2,157,wpa2,2025-04-29T00:00:00.000Z,2026-01-04T13:00:00.000Z,,MD,US,Heartlands Drive,20140
5C:93:A2:F3:63:17,,34.59117126,-98.40296173,5C:93:A2,36,wpa2,2026-07-10T13:00:00.000Z,2026-07-10T12:00:00.000Z,Lawton,OK,US,Southwest Monroe Avenue,73501
5C:93:A2:F3:63:18,,33.35811234,-97.19753265,5C:93:A2,1,wpa2,2026-08-19T05:00:00.000Z,2026-08-19T07:00:00.000Z,,TX,US,Caddo Trail,76266
5C:93:A2:F3:63:A2,,41.13996506,-104.82997894,5C:93:A2,44,wpa2,2026-07-20T02:00:00.000Z,2026-07-20T02:00:00.000Z,Cheyenne,WY,US,Snyder Avenue,82001-2549
5C:93:A2:F3:64:0F,,43.56782913,-116.16905212,5C:93:A2,2,wpa2,2025-03-18T18:00:00.000Z,2026-04-29T17:00:00.000Z,Boise,ID,US,East Bergeson Street,83706
5C:93:A2:F3:64:18,DIRECT-roku-388-96BAA9,40.82924652,-73.97255707,5C:93:A2,7,wpa2,2016-02-07T16:00:00.000Z,2025-05-09T03:00:00.000Z,Edgewater,NJ,US,State Route 5,07020
5C:93:A2:F3:64:1E,,42.89002228,-73.1810379,5C:93:A2,6,wpa2,2026-05-23T20:00:00.000Z,2026-05-23T15:00:00.000Z,,VT,US,North Branch Street,05201
5C:93:A2:F3:64:6A,,44.80591202,-73.08529663,5C:93:A2,36,wpa2,2020-10-31T18:00:00.000Z,2025-09-13T20:00:00.000Z,,VT,US,South Main Street,05478
5C:93:A2:F3:64:D8,,39.30436707,-75.6042099,5C:93:A2,1,wpa2,2025-12-17T00:00:00.000Z,2026-01-04T13:00:00.000Z,,DE,US,Georges Alley,19977
5C:93:A2:F3:64:DB,,39.70580673,-78.37436676,5C:93:A2,5,wpa2,2025-11-01T19:00:00.000Z,2025-11-01T17:00:00.000Z,,MD,US,National Pike,21766
5C:93:A2:F3:65:05,,40.24028778,-76.13733673,5C:93:A2,6,wpa2,2024-12-22T20:00:00.000Z,2025-03-21T16:00:00.000Z,,PA,US,Pennsylvania Turnpike,17517
5C:93:A2:F3:65:47,,40.61837387,-79.15685272,5C:93:A2,149,wpa2,2024-10-03T16:00:00.000Z,2024-11-20T13:00:00.000Z,,PA,US,Maple Street,15705
5C:93:A2:F3:65:C9,DIRECT-roku-775-DDB568,40.19953156,-75.67003632,5C:93:A2,157,wpa2,2024-12-26T18:00:00.000Z,2024-12-26T13:00:00.000Z,North Coventry Township,PA,US,Laurelwood Road,19465
5C:93:A2:F3:66:1C,,41.78164673,-79.09534454,5C:93:A2,8,wpa2,2026-07-20T00:00:00.000Z,2026-07-19T23:00:00.000Z,,PA,US,North Main Street,16313
5C:93:A2:F3:66:50,,33.81806183,-117.93978882,5C:93:A2,44,wpa2,2025-01-23T18:00:00.000Z,2025-01-24T15:00:00.000Z,Anaheim,CA,US,South Roberts Street,92802
5C:93:A2:F3:66:A4,DIRECT-roku-524-280FEB,41.04667282,-81.51387024,5C:93:A2,6,wpa2,2018-03-14T16:00:00.000Z,2026-07-11T10:00:00.000Z,Akron,OH,US,East Archwood Avenue,44306
5C:93:A2:F3:66:C3,DIRECT-roku-805-2A2DE8,39.57743073,-76.84068298,5C:93:A2,149,wpa2,2018-03-25T11:00:00.000Z,2026-07-29T08:00:00.000Z,,MD,US,Hanover Pike,21136:21155
5C:93:A2:F3:66:D4,,39.07069397,-75.62097931,5C:93:A2,11,wpa2,2025-12-27T02:00:00.000Z,2025-12-26T19:00:00.000Z,,DE,US,Willow Grove Road,19934
5C:93:A2:F3:66:D6,,40.33533859,-75.92185974,5C:93:A2,149,wpa2,2024-12-07T00:00:00.000Z,2024-12-06T17:00:00.000Z,Reading,PA,US,Penn Street,19602
5C:93:A2:F3:67:56,,41.93058395,-77.504776,5C:93:A2,6,wpa2,2026-02-15T14:00:00.000Z,2026-02-22T09:00:00.000Z,,PA,US,PA 49,
5C:93:A2:F3:67:62,DIRECT-roku-850-220CD4,40.66923141,-73.99289703,5C:93:A2,6,wpa2,2021-05-08T14:00:00.000Z,2026-07-13T15:00:00.000Z,City of New York,NY,US,3rd Avenue,11215
5C:93:A2:F3:67:BE,,43.86871719,-69.9822464,5C:93:A2,1,wpa2,2022-10-01T19:00:00.000Z,2026-04-12T11:00:00.000Z,,ME,US,Rossmore Road,04011
5C:93:A2:F3:67:CF,,45.57256317,-122.32375336,5C:93:A2,6,wpa2,2026-05-08T13:00:00.000Z,2026-05-08T06:00:00.000Z,,WA,US,Southeast Lewis and Clark Highway,98671
5C:93:A2:F3:68:92,DIRECT-roku-471-19738B,36.17409134,-94.54866028,5C:93:A2,157,wpa2,2025-03-23T02:00:00.000Z,2025-03-22T19:00:00.000Z,,AR,US,US 412,72761
5C:93:A2:F3:68:A8,,35.98189926,-83.92900085,5C:93:A2,36,wpa2,2023-10-14T19:00:00.000Z,2025-03-27T04:00:00.000Z,Knoxville,TN,US,East Anderson Avenue,37917
5C:93:A2:F3:68:CF,,39.44578934,-79.74610138,5C:93:A2,1,wpa2,2024-10-04T22:00:00.000Z,2024-10-04T16:00:00.000Z,,WV,US,Old Rte 26-Howesville,
5C:93:A2:F3:68:DB,,38.89914322,-78.21960449,5C:93:A2,6,wpa2,2025-12-05T17:00:00.000Z,2026-06-17T19:00:00.000Z,,VA,US,Stonewall Jackson Highway,
5C:93:A2:F3:68:F1,,30.1854763,-96.97949219,5C:93:A2,0,unknown,2026-05-16T10:00:00.000Z,2026-05-16T16:00:00.000Z,,TX,US,US 290,78942
5C:93:A2:F3:69:3E,                      ,35.03262711,-97.95185089,5C:93:A2,6,wpa2,2026-04-16T19:00:00.000Z,2026-08-02T19:00:00.000Z,,OK,US,South 15th Street,73018
5C:93:A2:F3:69:BF,DIRECT-roku-784-6FEB9A,35.47863007,-97.51409912,5C:93:A2,1,wpa2,2024-03-23T16:00:00.000Z,2026-07-17T12:00:00.000Z,Oklahoma City,OK,US,North Broadway Avenue,73103
5C:93:A2:F3:69:F6,DIRECT-roku-864-09E88F,30.24317741,-87.72389221,5C:93:A2,11,wpa2,2025-04-05T01:00:00.000Z,2025-04-10T01:00:00.000Z,,AL,US,West Beach Boulevard,36542
5C:93:A2:F3:6A:08,                      ,31.32543182,-92.38027954,5C:93:A2,6,wpa2,2026-04-01T21:00:00.000Z,2026-07-22T17:00:00.000Z,,LA,US,Stilley Road,71360
5C:93:A2:F3:6A:0F,,42.3920517,-83.32442474,5C:93:A2,6,wpa2,2026-03-23T17:00:00.000Z,2026-03-23T17:00:00.000Z,,MI,US,Harrison Street,48154
5C:93:A2:F3:6A:32,,36.14429474,-115.08596039,5C:93:A2,0,unknown,2025-05-20T21:00:00.000Z,2025-05-23T17:00:00.000Z,,NV,US,East Sahara Avenue,89104-5202
5C:93:A2:F3:6A:75,,30.65413666,-98.43939209,5C:93:A2,6,wpa2,2026-06-19T19:00:00.000Z,2026-06-20T19:00:00.000Z,,TX,US,Williams Street,78639
5C:93:A2:F3:6B:19,                      ,32.96709442,-96.58860016,5C:93:A2,44,wpa2,2026-03-26T03:00:00.000Z,2026-03-26T07:00:00.000Z,Sachse,TX,US,Orchard Drive,75048
5C:93:A2:F3:6B:29,,39.94995499,-75.59994507,5C:93:A2,6,wpa2,2025-06-10T19:00:00.000Z,2025-06-10T14:00:00.000Z,,PA,US,Joseph Alley,19383
5C:93:A2:F3:6B:95,,41.63817596,-80.14671326,5C:93:A2,11,wpa2,2026-04-01T06:00:00.000Z,2026-04-01T05:00:00.000Z,Meadville,PA,US,Center Lane,16335
5C:93:A2:F3:6C:02,DIRECT-roku-749-38CF55,33.28372192,-86.87718201,5C:93:A2,6,wpa2,2025-11-03T12:00:00.000Z,2025-11-12T05:00:00.000Z,Helena,AL,US,Old Cahaba Parkway,35080
5C:93:A2:F3:6C:4B,,44.10199738,-88.53106689,5C:93:A2,1,wpa2,2019-09-11T09:00:00.000Z,2026-07-27T20:00:00.000Z,,WI,US,I 41;US 41,54985
5C:93:A2:F3:6C:58,,42.09257507,-75.90014648,5C:93:A2,44,wpa2,2025-07-26T03:00:00.000Z,2025-07-27T23:00:00.000Z,,NY,US,Evans Street,13903
5C:93:A2:F3:6C:9B,                      ,38.96455383,-76.10641479,5C:93:A2,11,wpa2,2017-07-08T10:00:00.000Z,2026-07-26T10:00:00.000Z,,MD,US,Ocean Gateway,21679
5C:93:A2:F3:6D:17,,41.92828369,-71.89809418,5C:93:A2,11,wpa2,2023-11-29T00:00:00.000Z,2025-03-03T17:00:00.000Z,Putnam,CT,US,Mechanics Street,06260
5C:93:A2:F3:6D:18,""" (Cloaked)",39.87775421,-75.10400391,5C:93:A2,44,wpa2,2019-04-23T20:00:00.000Z,2025-05-12T13:00:00.000Z,,NJ,US,I 295,08031
5C:93:A2:F3:6D:39,,41.67361832,-72.59926605,5C:93:A2,157,wpa2,2024-10-19T15:00:00.000Z,2025-08-24T17:00:00.000Z,,CT,US,Main Street,06073
5C:93:A2:F3:6D:7E,,38.94250107,-74.92858124,5C:93:A2,2,wpa2,2025-09-27T13:00:00.000Z,2025-09-30T11:00:00.000Z,,NJ,US,Central Avenue,08204
5C:93:A2:F3:6D:8B,,43.03636169,-76.1631546,5C:93:A2,44,wpa2,2024-09-17T20:00:00.000Z,2024-09-17T19:00:00.000Z,City of Syracuse,NY,US,West Onondaga Street,13204
5C:93:A2:F3:6D:C5,,37.3501091,-79.92279816,5C:93:A2,1,wpa2,2025-08-18T17:00:00.000Z,2025-08-18T10:00:00.000Z,,VA,US,Stone House Lane,24019
5C:93:A2:F3:6D:F3,,40.4003334,-79.42240143,5C:93:A2,6,wpa2,2024-08-06T16:00:00.000Z,2024-12-08T11:00:00.000Z,Derry Township,PA,US,State Route 981,15670
5C:93:A2:F3:6E:9C,,34.24125671,-85.16201019,5C:93:A2,1,wpa2,2026-06-10T03:00:00.000Z,2026-08-31T21:00:00.000Z,,GA,US,East 9th Street,30161
5C:93:A2:F3:6F:05,,35.77658081,-83.95009613,5C:93:A2,3,wpa2,2024-12-02T16:00:00.000Z,2025-04-19T14:00:00.000Z,,TN,US,Brown School Road,37804
5C:93:A2:F3:6F:64,DIRECT-roku-949-E7D21A,37.7508812,-84.27935028,5C:93:A2,44,wpa2,2024-04-12T21:00:00.000Z,2025-03-23T09:00:00.000Z,Richmond,KY,US,Four Mile Avenue,40475
5C:93:A2:F3:6F:96,,35.60866547,-117.68784332,5C:93:A2,6,wpa2,2023-11-13T18:00:00.000Z,2025-07-31T16:00:00.000Z,,CA,US,South Downs Street,93555
5C:93:A2:F6:AD:AE,TP-Link_D958-EXT,47.50865173,19.07530022,5C:93:A2,8,wpa2,2025-02-14T12:00:00.000Z,2026-08-29T11:00:00.000Z,,Budapest,HU,Városligeti fasor,1071
5C:93:A2:F6:F1:27,,29.51216507,-98.6698761,5C:93:A2,6,wpa2,2026-06-09T14:00:00.000Z,2026-06-12T15:00:00.000Z,San Antonio,TX,US,Sidbury Circle,78250
5C:93:A2:F6:F2:6D,DIRECT-roku-366-F5C514,32.85470963,-96.98540497,5C:93:A2,44,wpa2,2025-03-21T20:00:00.000Z,2025-03-21T14:00:00.000Z,Irving,TX,US,Harvard Street North,75062
5C:93:A2:F6:F2:AC,5C:93:A2:F6:F2:AC,29.67445946,-95.18726349,5C:93:A2,6,wpa2,2026-03-25T15:00:00.000Z,2026-03-25T13:00:00.000Z,Pasadena,TX,US,Fresa Road,77502
5C:93:A2:F6:F2:CF,DIRECT-roku-432-388CAB,36.06100845,-96.0292511,5C:93:A2,149,wpa2,2024-10-05T00:00:00.000Z,2024-11-26T03:00:00.000Z,Tulsa,OK,US,West 71st Street,74132
5C:93:A2:F6:F3:1A,,30.09226799,-93.77705383,5C:93:A2,11,wpa2,2026-06-22T17:00:00.000Z,2026-08-31T14:00:00.000Z,,TX,US,North 37th Street,77630
5C:93:A2:F6:F3:2A,,41.31733322,-72.93068695,5C:93:A2,149,wpa2,2026-05-25T20:00:00.000Z,2026-05-25T13:00:00.000Z,New Haven,CT,US,Webster Street,06511
5C:93:A2:F6:F3:70,,29.51319885,-95.08152771,5C:93:A2,36,wpa2,2026-03-21T17:00:00.000Z,2026-03-28T09:00:00.000Z,,TX,US,East Walker Street,77573
5C:93:A2:F6:F3:79,,41.98212814,-70.69478607,5C:93:A2,48,wpa2,2026-07-28T14:00:00.000Z,2026-07-28T08:00:00.000Z,,MA,US,Main Street,02360-7310
5C:93:A2:F6:F3:88,DIRECT-roku-941-EC183B,43.66103363,-70.56620789,5C:93:A2,36,wpa2,2026-02-18T09:00:00.000Z,2026-02-18T02:00:00.000Z,,ME,US,Long Plains Road,04093
5C:93:A2:F6:F3:E0,DIRECT-roku-908-40C5C6,32.54738617,-95.86308289,5C:93:A2,36,wpa2,2018-06-15T18:00:00.000Z,2026-06-11T08:00:00.000Z,,TX,US,South Trade Days Boulevard,75103
5C:93:A2:F6:F4:10,,42.77322388,-73.71015167,5C:93:A2,44,wep,2024-07-21T19:00:00.000Z,2025-01-18T17:00:00.000Z,,NY,US,Walnut Street,12047
5C:93:A2:F6:F4:30,,42.26705551,-71.84606171,5C:93:A2,149,wpa2,2017-10-31T14:00:00.000Z,2025-03-08T21:00:00.000Z,Worcester,MA,US,Marcy Street,01602
5C:93:A2:F6:F4:46,,31.33199692,-89.33312988,5C:93:A2,1,wpa2,2026-08-21T21:00:00.000Z,2026-08-22T13:00:00.000Z,Hattiesburg,MS,US,West 4th Street,39401-5838
5C:93:A2:F6:F4:6D,DIRECT-roku-864-5AAB81,42.36495209,-71.10933685,5C:93:A2,1,wpa2,2017-12-05T07:00:00.000Z,2025-01-27T23:00:00.000Z,Cambridge,MA,US,Western Avenue,02139
5C:93:A2:F6:F4:86,,29.49916077,-98.61110687,5C:93:A2,9,wpa2,2026-06-09T15:00:00.000Z,2026-06-16T17:00:00.000Z,,TX,US,Evers Road,78238-9998
5C:93:A2:F6:F4:EF,                      ,35.10667419,-77.03540039,5C:93:A2,1,wpa2,2026-01-14T21:00:00.000Z,2026-01-16T08:00:00.000Z,New Bern,NC,US,,28519
5C:93:A2:F6:F5:79,                      ,34.64706802,-97.96691132,5C:93:A2,1,wpa2,2026-06-21T18:00:00.000Z,2026-06-21T22:00:00.000Z,,OK,US,South 9th Street,73055
5C:93:A2:F6:F5:A5,DIRECT-roku-962-59B91B,34.11334991,-118.17650604,5C:93:A2,44,wpa2,2020-01-07T00:00:00.000Z,2025-11-01T23:00:00.000Z,Los Angeles,CA,US,Arroyo Seco Parkway,90042-4229
5C:93:A2:F6:F5:B1,,29.29275322,-94.81697083,5C:93:A2,48,wpa2,2025-05-11T01:00:00.000Z,2025-05-10T18:00:00.000Z,Galveston,TX,US,45th Street,77550
5C:93:A2:F6:F5:F7,,33.73797607,-118.30952454,5C:93:A2,5,wpa2,2019-07-10T13:00:00.000Z,2025-03-08T21:00:00.000Z,Los Angeles,CA,US,West 7th Street,90732
5C:93:A2:F6:F6:2F,,43.04538345,-78.39772797,5C:93:A2,44,wpa2,2024-09-11T10:00:00.000Z,2026-04-17T13:00:00.000Z,,NY,US,Ledge Road,14013
5C:93:A2:F6:F6:95,,35.14462662,-90.03492737,5C:93:A2,44,wpa2,2017-01-27T00:00:00.000Z,2025-03-09T06:00:00.000Z,Memphis,TN,US,North Manassas Street,38107
5C:93:A2:F6:F6:C7,DIRECT-roku-419-3214D1,30.37097931,-97.69260406,5C:93:A2,10,wpa2,2021-04-05T14:00:00.000Z,2026-08-04T21:00:00.000Z,Austin,TX,US,North Lamar Boulevard,78758
5C:93:A2:F6:F7:B3,,33.01969147,-96.70536804,5C:93:A2,6,wpa2,2023-11-28T03:00:00.000Z,2025-09-10T20:00:00.000Z,Plano,TX,US,East 15th Street,75074
5C:93:A2:F6:F8:D6,                      ,47.70025635,-117.19765472,5C:93:A2,157,none,2025-08-14T22:00:00.000Z,2026-09-03T13:00:00.000Z,,WA,US,East Wellesley Avenue,99216
5C:93:A2:F6:F8:E5,,41.51535034,-81.36192322,5C:93:A2,44,wpa2,2025-07-28T19:00:00.000Z,2025-07-28T15:00:00.000Z,,OH,US,Caves Road,44026
5C:93:A2:F6:F8:F4,,34.08082199,-118.38275146,5C:93:A2,149,wpa2,2024-11-28T17:00:00.000Z,2025-10-14T20:00:00.000Z,,CA,US,North San Vicente Boulevard,90069
5C:93:A2:F6:F9:87,                      ,32.79194641,-96.60429382,5C:93:A2,6,none,2026-08-23T13:00:00.000Z,2026-08-23T16:00:00.000Z,Mesquite,TX,US,US 80,75149
5C:93:A2:F6:F9:B4,,33.10443878,-96.47882843,5C:93:A2,6,wpa2,2024-12-24T20:00:00.000Z,2024-12-24T14:00:00.000Z,Princeton,TX,US,County Road 953,75407
5C:93:A2:F6:F9:E9,DIRECT-roku-958-F212DB,42.88233566,-73.2069397,5C:93:A2,6,wpa2,2025-11-08T21:00:00.000Z,2025-11-08T21:00:00.000Z,,VT,US,Main Street,05201-1923
5C:93:A2:F6:FA:58,DIRECT-roku-362-45CBEE,35.22171402,-97.45303345,5C:93:A2,10,wpa2,2024-02-24T16:00:00.000Z,2026-07-22T11:00:00.000Z,Norman,OK,US,North Flood Avenue,73069
5C:93:A2:F6:FA:C8,,41.89617157,-80.71225739,5C:93:A2,44,wpa2,2025-09-19T17:00:00.000Z,2025-09-19T10:00:00.000Z,,OH,US,West Center Street,44004
5C:93:A2:F6:FA:DF,,39.20362473,-84.40444946,5C:93:A2,11,wpa2,2026-04-09T10:00:00.000Z,2026-07-14T21:00:00.000Z,,OH,US,Saint Johns Terrace,45236
5C:93:A2:F6:FB:7B,,33.3921814,-111.80553436,5C:93:A2,36,wpa2,2025-01-25T00:00:00.000Z,2025-03-08T20:00:00.000Z,Mesa,AZ,US,South Stapley Drive,85204
5C:93:A2:F6:FB:A9,,40.72710037,-79.92586517,5C:93:A2,6,wpa2,2024-10-26T20:00:00.000Z,2026-09-04T20:00:00.000Z,,PA,US,Pittsburgh Road,
5C:93:A2:F6:FB:CC,                      ,29.13196564,-81.84577179,5C:93:A2,1,none,2026-08-29T16:00:00.000Z,2026-08-30T00:00:00.000Z,,FL,US,Levy Hammock Road,34488
5C:93:A2:F6:FB:CD,DIRECT-roku-328-A9C954,38.99161911,-105.04891205,5C:93:A2,10,wpa2,2019-05-04T13:00:00.000Z,2025-05-03T13:00:00.000Z,,CO,US,US 24,80863
5C:93:A2:F6:FB:FA,DIRECT-roku-690-44DA8E,40.86379623,-74.15816498,5C:93:A2,149,wpa2,2018-03-17T10:00:00.000Z,2025-02-10T10:00:00.000Z,,NJ,US,Runyon Road,07013
5C:93:A2:F6:FC:28,,41.51560593,-83.80278015,5C:93:A2,11,wpa2,2017-04-26T21:00:00.000Z,2026-06-19T08:00:00.000Z,,OH,US,Providence Street,43571
5C:93:A2:F6:FC:69,,41.15814209,-81.24368286,5C:93:A2,157,wpa2,2024-09-22T00:00:00.000Z,2024-09-21T20:00:00.000Z,,OH,US,West Locust Lane,44266
5C:93:A2:F6:FC:6C,                      ,31.28595543,-92.47429657,5C:93:A2,6,wpa2,2023-11-30T21:00:00.000Z,2026-08-11T11:00:00.000Z,Alexandria,LA,US,Macarthur Drive,71301
5C:93:A2:F6:FC:B1,DIRECT-roku-787-7BBA10,40.21126175,-77.19502258,5C:93:A2,44,wpa2,2019-02-16T08:00:00.000Z,2024-12-22T22:00:00.000Z,,PA,US,North College Street,17013
5C:93:A2:F6:FD:09,DIRECT-roku-936-B1F2A8,35.06838226,-106.52185059,5C:93:A2,1,wpa2,2026-08-07T18:00:00.000Z,2026-09-01T21:00:00.000Z,Albuquerque,NM,US,Miravista Place Southeast,87123-2887
5C:93:A2:F6:FD:3B,,38.87763214,-94.8164444,5C:93:A2,44,wpa2,2025-09-06T04:00:00.000Z,2025-09-05T21:00:00.000Z,Olathe,KS,US,East Elm Street,66061
5C:93:A2:F6:FD:5F,,33.94126129,-84.1238327,5C:93:A2,36,wpa2,2025-09-29T20:00:00.000Z,2025-09-29T14:00:00.000Z,,GA,US,Club Drive,30044
5C:93:A2:F6:FD:64,,31.30764008,-92.4631958,5C:93:A2,6,wpa2,2025-01-09T16:00:00.000Z,2025-01-11T20:00:00.000Z,Alexandria,LA,US,Levin Street,71301
5C:93:A2:F6:FD:9E,DIRECT-roku-402-365903,40.37034225,-79.78167725,5C:93:A2,11,wpa2,2018-02-24T16:00:00.000Z,2025-02-14T03:00:00.000Z,,PA,US,Dix Drive,15137
5C:93:A2:F6:FD:B3,,43.91604233,-69.80162048,5C:93:A2,153,wpa2,2025-08-31T00:00:00.000Z,2025-12-21T20:00:00.000Z,,ME,US,Main Street,04579
5C:93:A2:F6:FD:E2,,29.59953308,-90.70097351,5C:93:A2,4,wpa2,2026-02-15T23:00:00.000Z,2026-02-28T09:00:00.000Z,,LA,US,Slatter Street,70363
5C:93:A2:F6:FE:55,,27.87169456,-97.21237183,5C:93:A2,6,wpa2,2026-08-29T12:00:00.000Z,2026-08-29T06:00:00.000Z,,TX,US,South Main Street,78362
5C:93:A2:F6:FE:A8,,33.95540237,-117.41858673,5C:93:A2,153,wpa2,2025-04-17T18:00:00.000Z,2025-04-17T12:00:00.000Z,Riverside,CA,US,Streeter Avenue,92504
5C:93:A2:F6:FE:DA,DIRECT-roku-616-9ACE73,27.43176842,-99.46852112,5C:93:A2,5,wpa2,2026-01-20T15:00:00.000Z,2026-01-20T07:00:00.000Z,Laredo,TX,US,Cielito Lindo Boulevard,78046
5C:93:A2:F6:FF:1B,,30.65055084,-91.10480499,5C:93:A2,11,wpa2,2025-03-13T12:00:00.000Z,2025-03-13T12:00:00.000Z,,LA,US,Plank Road,70791
5C:93:A2:F6:FF:50,DIRECT-roku-443-C505C7,47.18029022,-122.48383331,5C:93:A2,36,wpa2,2024-12-12T20:00:00.000Z,2024-12-12T13:00:00.000Z,,WA,US,South Tacoma Way,98409
5C:93:A2:F6:FF:66,,43.44403458,-84.01255035,5C:93:A2,3,wpa2,2025-11-09T16:00:00.000Z,2025-11-09T19:00:00.000Z,,MI,US,Weiss Street,48603
5C:93:A2:F6:FF:D1,DIRECT-roku-307-53DCA7,40.12879944,-77.20135498,5C:93:A2,161,wpa2,2024-12-22T18:00:00.000Z,2024-12-22T11:00:00.000Z,,PA,US,Pine Road,17013
5C:93:A2:F7:00:2C,,36.1102829,-80.09091949,5C:93:A2,11,wpa2,2024-10-13T13:00:00.000Z,2024-10-13T11:00:00.000Z,,NC,US,Salem Parkway,27284
5C:93:A2:F7:00:75,,35.3927002,-97.55973816,5C:93:A2,157,wpa2,2025-01-04T16:00:00.000Z,2025-01-04T10:00:00.000Z,Oklahoma City,OK,US,Southwest Expressway,73159
5C:93:A2:F7:00:E1,,31.8793354,-102.31967926,5C:93:A2,36,wpa2,2024-11-16T16:00:00.000Z,2024-11-18T10:00:00.000Z,Odessa,TX,US,Laguna Place,79761
5C:93:A2:F7:01:D4,DIRECT-roku-193-4E5B0E,41.24570084,-95.93370056,5C:93:A2,157,wpa2,2023-09-23T06:00:00.000Z,2025-10-30T00:00:00.000Z,Omaha,NE,US,William Street,68108
5C:93:A2:F7:02:A1,,30.59244537,-97.4129715,5C:93:A2,0,unknown,2025-03-11T08:00:00.000Z,2025-03-11T18:00:00.000Z,Taylor City Limits,TX,US,North Main Street,76574
5C:93:A2:F7:02:FC,,32.77508545,-97.80135345,5C:93:A2,11,wpa2,2026-08-10T16:00:00.000Z,2026-08-10T09:00:00.000Z,,TX,US,West 5th Street,76086
5C:93:A2:F7:03:3C,,40.40520096,-79.87175751,5C:93:A2,11,wpa2,2025-03-02T23:00:00.000Z,2026-07-25T12:00:00.000Z,,PA,US,Braddock Avenue,15104
5C:93:A2:F7:03:58,5C:93:A2:F7:03:58,40.50841904,-80.2150116,5C:93:A2,157,wpa2,2026-03-29T17:00:00.000Z,2026-04-01T11:00:00.000Z,,PA,US,Pillar Drive,15046
5C:93:A2:F7:03:61,DIRECT-roku-286-5D8216,32.68545914,-97.3693924,5C:93:A2,1,wpa2,2001-01-01T00:00:00.000Z,2026-08-25T19:00:00.000Z,Fort Worth,TX,US,West Seminary Drive,76109
5C:93:A2:F7:03:64,,33.19665909,-96.67330933,5C:93:A2,6,wpa2,2025-12-28T05:00:00.000Z,2026-01-06T20:00:00.000Z,McKinney,TX,US,Virginia Parkway,75070
5C:93:A2:F7:03:77,DIRECT-roku-779-10C45F,32.32009888,-106.77574158,5C:93:A2,157,wpa2,2025-05-29T13:00:00.000Z,2025-05-29T18:00:00.000Z,Las Cruces,NM,US,North Tornillo Street,88005-2624
5C:93:A2:F7:03:91,DIRECT-roku-822-93361B,35.36444473,-97.5538559,5C:93:A2,2,wpa2,2023-05-27T05:00:00.000Z,2025-03-12T09:00:00.000Z,Oklahoma City,OK,US,Southwest 103rd Street,73159
5C:93:A2:F7:03:D8,DIRECT-roku-623-DBDC86,39.04127884,-77.05155945,5C:93:A2,36,wpa2,2016-07-05T17:00:00.000Z,2026-03-06T19:00:00.000Z,,MD,US,Georgia Avenue,20902
5C:93:A2:F7:04:11,DIRECT-roku-707-5F2909,40.69816971,-89.5872879,5C:93:A2,36,wpa2,2025-05-01T16:00:00.000Z,2025-05-17T14:00:00.000Z,Peoria,IL,US,Northeast Monroe Street,61603
5C:93:A2:F7:04:FE,,34.64919662,-99.33669281,5C:93:A2,1,wpa2,2001-10-24T21:00:00.000Z,2026-05-12T15:00:00.000Z,,OK,US,North Lee Street,73521
5C:93:A2:F7:05:42,,30.49804497,-92.40976715,5C:93:A2,1,wpa2,2026-07-09T22:00:00.000Z,2026-07-09T17:00:00.000Z,,LA,US,North Saint George Street,70535
5C:93:A2:F7:05:4F,,35.35029984,-97.50437927,5C:93:A2,149,wpa2,2025-02-19T10:00:00.000Z,2025-02-21T00:00:00.000Z,,OK,US,North Norman Avenue,73160
5C:93:A2:F7:05:9C,DIRECT-roku-672-5B100C,32.73074722,-97.47878265,5C:93:A2,6,wpa2,2026-02-15T18:00:00.000Z,2026-04-19T14:00:00.000Z,Fort Worth,TX,US,Saddlehorn Drive,76116
5C:93:A2:F7:05:E2,,39.82972336,-77.23462677,5C:93:A2,6,wpa2,2016-06-23T20:00:00.000Z,2025-11-08T09:00:00.000Z,,PA,US,West Middle Street,17325
5C:93:A2:F7:05:FB,,40.48334122,-78.0072937,5C:93:A2,48,wpa2,2025-01-18T05:00:00.000Z,2025-01-17T22:00:00.000Z,,PA,US,Penn Street,16652
5C:93:A2:F7:06:2C,,31.09152603,-97.52648926,5C:93:A2,48,wpa2,2025-03-14T03:00:00.000Z,2025-03-20T16:00:00.000Z,Belton,TX,US,FM 439,
5C:93:A2:F7:06:49,,41.1901474,-79.10492706,5C:93:A2,36,wpa2,2026-08-02T19:00:00.000Z,2026-08-24T03:00:00.000Z,Barnett Township,PA,US,PA 36,15860
5C:93:A2:F7:06:98,DIRECT-roku-364-6C0CDF,33.18533707,-96.53793335,5C:93:A2,157,wpa2,2020-06-21T01:00:00.000Z,2026-09-05T16:00:00.000Z,Lowry Crossing,TX,US,West Princeton Drive,75407
5C:93:A2:F7:06:B8,,39.36964798,-84.37255859,5C:93:A2,1,wpa2,2025-04-19T14:00:00.000Z,2025-04-19T07:00:00.000Z,,OH,US,Bales Street,45069-2798
5C:93:A2:F7:07:52,,37.06627655,-94.54013824,5C:93:A2,1,wpa2,2026-03-04T23:00:00.000Z,2026-03-04T15:00:00.000Z,Joplin,MO,US,South Willard Avenue,64804
5C:93:A2:F7:07:6E,,30.18123436,-95.45259857,5C:93:A2,11,wpa2,2026-04-27T13:00:00.000Z,2026-05-01T10:00:00.000Z,,TX,US,Interstate 45 South Frontage Road,77384-5317
5C:93:A2:F7:08:10,,45.10085678,-93.4666748,5C:93:A2,36,wpa2,2025-04-13T18:00:00.000Z,2025-04-13T13:00:00.000Z,,MN,US,80th Place North,55311-1566
5C:93:A2:F7:08:1E,DIRECT-roku-508-6645AF,29.68420601,-95.34558105,5C:93:A2,10,wpa2,2026-01-16T22:00:00.000Z,2026-07-22T18:00:00.000Z,Houston,TX,US,South Loop East,77033
5C:93:A2:F7:08:5C,,32.85511398,-97.39875031,5C:93:A2,11,wpa2,2026-08-25T23:00:00.000Z,2026-08-25T18:00:00.000Z,Fort Worth,TX,US,Stonewater Bend Trail,76179
5C:93:A2:F7:08:B5,,40.65755844,-74.53053284,5C:93:A2,6,wpa2,2006-01-14T12:00:00.000Z,2026-07-24T18:00:00.000Z,,NJ,US,King George Road,07946
5C:93:A2:F7:08:E7,DIRECT-roku-716-638480,36.15155411,-115.06377411,5C:93:A2,36,wpa2,2025-08-15T14:00:00.000Z,2025-11-14T14:00:00.000Z,,NV,US,Wyoming Avenue,89142
5C:93:A2:F7:09:A6,,42.5776825,-71.80527496,5C:93:A2,157,wpa2,2025-09-01T21:00:00.000Z,2025-10-25T08:00:00.000Z,Fitchburg,MA,US,Walton Street,01420
5C:93:A2:F7:0A:83,,41.69684601,-87.79767609,5C:93:A2,36,wpa2,2016-07-08T20:00:00.000Z,2025-03-08T20:00:00.000Z,,IL,US,Harlem Avenue,60482
5C:93:A2:F7:0A:8E,DIRECT-roku-457-E33891,30.62160873,-87.04557037,5C:93:A2,153,wpa2,2025-08-22T23:00:00.000Z,2025-08-24T19:00:00.000Z,,FL,US,Caroline Street,32572
5C:93:A2:F7:0A:D4,,43.15108871,-87.95745087,5C:93:A2,6,wpa2,2024-10-01T18:00:00.000Z,2024-10-01T17:00:00.000Z,Milwaukee,WI,US,North Teutonia Avenue,53209
5C:93:A2:F7:0A:DC,DIRECT-roku-619-6F756C,29.84884644,-95.50566101,5C:93:A2,44,wpa2,2016-03-11T06:00:00.000Z,2026-08-26T20:00:00.000Z,Houston,TX,US,Hollister Street,77040
5C:93:A2:F7:0B:16,,33.23254776,-96.89439392,5C:93:A2,1,wpa2,2025-03-13T23:00:00.000Z,2025-11-25T17:00:00.000Z,Prosper,TX,US,,
5C:93:A2:F7:0B:35,DIRECT-roku-762-E4FF25,34.6254425,-98.46990204,5C:93:A2,8,wpa2,2026-07-10T10:00:00.000Z,2026-07-10T12:00:00.000Z,Lawton,OK,US,Northwest Cheyenne Drive,73505
5C:93:A2:F7:51:15,,46.6196785,-112.02102661,5C:93:A2,11,none,2026-08-21T11:00:00.000Z,2026-08-21T10:00:00.000Z,Helena,MT,US,North Montana Avenue,59602-1217
5C:93:A2:F7:9A:45,,33.80425262,-118.34944916,5C:93:A2,6,wpa2,2026-05-27T23:00:00.000Z,2026-05-27T16:00:00.000Z,Torrance,CA,US,Pacific Coast Highway,90505
5C:93:A2:F9:99:8B,Flock,34.05432892,-117.62809753,5C:93:A2,11,none,2026-08-22T21:00:00.000Z,2026-08-22T23:00:00.000Z,Ontario,CA,US,Mission Boulevard,91761
5C:93:A2:FA:38:66,Flock,47.93971634,12.9359026,5C:93:A2,1,none,2026-08-20T15:00:00.000Z,2026-08-20T10:00:00.000Z,,Bayern,DE,Landratsstraße,83410
5C:93:A2:FA:9B:47,Flock,34.07125092,-118.12545776,5C:93:A2,6,none,2026-08-25T14:00:00.000Z,2026-08-25T18:00:00.000Z,Alhambra,CA,US,South 3rd Street,91801
5C:93:A2:FA:9F:E8,,37.65539169,-97.46652985,5C:93:A2,1,unknown,2026-05-15T22:00:00.000Z,2026-05-23T11:00:00.000Z,Wichita,KS,US,South Lark Lane,67215
5C:93:A2:FB:97:92,,36.26654434,-115.27882385,5C:93:A2,0,unknown,2025-05-29T21:00:00.000Z,2025-06-01T15:00:00.000Z,Las Vegas,NV,US,West el Campo Grande Avenue,89149
5C:93:A2:FF:31:70,DIRECT-LGDESKTOP-L0IGGR6msYo,59.94831848,30.34357452,5C:93:A2,1,unknown,2025-05-11T09:00:00.000Z,2025-05-11T03:00:00.000Z,Санкт-Петербург,Санкт-Петербург,RU,Шпалерная улица,191187
