{
  "type": "FeatureCollection",
  "features": [
    {
      "type": "Feature",
      "geometry": {
        "type": "Point",
        "coordinates": [
          -111.88066864,
          40.76551437
        ]
      },
      "properties": {
        "netid": "70:C9:4E:00:00:00",
        "ssid": "Flock-6361",
        "oui": "70:C9:4E",
        "channel": 11,
        "encryption": "wep",
        "firsttime": "2026-01-30T02:00:00.000Z",
        "lasttime": "2026-01-30T01:00:00.000Z",
        "city": "Salt Lake City",
        "region": "UT",
        "country": "US",
        "road": "200 South",
        "postalcode": "84111"
      }
    },
    {
      "type": "Feature",
      "geometry": {
        "type": "Point",
        "coordinates": [
          151.28315735,
          -33.79861069
        ]
      },
      "properties": {
        "netid": "70:C9:4E:00:09:B1",
        "ssid": "Flock",
        "oui": "70:C9:4E",
        "channel": 1,
        "encryption": "wpa2",
        "firsttime": "2026-08-22T06:00:00.000Z",
        "lasttime": "2026-08-22T00:00:00.000Z",
        "city": "Sydney",
        "region": "New South Wales",
        "country": "AU",
        "road": "West Esplanade",
        "postalcode": "2095"
      }
    },
    {
      "type": "Feature",
      "geometry": {
        "type": "Point",
        "coordinates": [
          -71.08449554,
          42.30656433
        ]
      },
      "properties": {
        "netid": "70:C9:4E:05:97:4D",
        "ssid": null,
        "oui": "70:C9:4E",
        "channel": 10,
        "encryption": "wpa2",
        "firsttime": "2026-06-04T01:00:00.000Z",
        "lasttime": "2026-06-03T19:00:00.000Z",
        "city": "Boston",
        "region": "MA",
        "country": "US",
        "road": "Blue Hill Avenue",
        "postalcode": "02121"
      }
    },
    {
      "type": "Feature",
      "geometry": {
        "type": "Point",
        "coordinates": [
          -80.38843536,
          36.03699493
        ]
      },
      "properties": {
        "netid": "70:C9:4E:05:9F:10",
        "ssid": null,
        "oui": "70:C9:4E",
        "channel": 1,
        "encryption": "wpa2",
        "firsttime": "2026-06-02T18:00:00.000Z",
        "lasttime": "2026-06-02T13:00:00.000Z",
        "city": null,
        "region": "NC",
        "country": "US",
        "road": "Jessie Lane",
        "postalcode": "27012"
      }
    },
    {
      "type": "Feature",
      "geometry": {
        "type": "Point",
        "coordinates": [
          -73.58950043,
          40.68869019
        ]
      },
      "properties": {
        "netid": "70:C9:4E:05:A0:75",
        "ssid": null,
        "oui": "70:C9:4E",
        "channel": 5,
        "encryption": "unknown",
        "firsttime": "2025-07-26T12:00:00.000Z",
        "lasttime": "2025-07-27T09:00:00.000Z",
        "city": null,
        "region": "NY",
        "country": "US",
        "road": "Howard Avenue",
        "postalcode": "11575"
      }
    },
    {
      "type": "Feature",
      "geometry": {
        "type": "Point",
        "coordinates": [
          -84.85755157,
          41.66813278
        ]
      },
      "properties": {
        "netid": "70:C9:4E:07:90:64",
        "ssid": null,
        "oui": "70:C9:4E",
        "channel": 11,
        "encryption": "none",
        "firsttime": "2026-08-17T18:00:00.000Z",
        "lasttime": "2026-08-17T18:00:00.000Z",
        "city": null,
        "region": "IN",
        "country": "US",
        "road": "Indiana Toll Road",
        "postalcode": "46737"
      }
    },
    {
      "type": "Feature",
      "geometry": {
        "type": "Point",
        "coordinates": [
          -0.93752098,
          51.00755692
        ]
      },
      "properties": {
        "netid": "70:C9:4E:08:DF:29",
        "ssid": null,
        "oui": "70:C9:4E",
        "channel": 3,
        "encryption": "unknown",
        "firsttime": "2026-02-27T12:00:00.000Z",
        "lasttime": "2026-05-07T05:00:00.000Z",
        "city": "East Hampshire",
        "region": "England",
        "country": "GB",
        "road": "Osborne Road",
        "postalcode": "GU32 3EJ"
      }
    },
    {
      "type": "Feature",
      "geometry": {
        "type": "Point",
        "coordinates": [
          -77.65859985,
          43.22389603
        ]
      },
      "properties": {
        "netid": "70:C9:4E:09:3D:70",
        "ssid": "0`",
        "oui": "70:C9:4E",
        "channel": 1,
        "encryption": "none",
        "firsttime": "2026-07-16T10:00:00.000Z",
        "lasttime": "2026-07-19T09:00:00.000Z",
        "city": "City of Rochester",
        "region": "NY",
        "country": "US",
        "road": "Maiden Lane",
        "postalcode": "14616"
      }
    },
    {
      "type": "Feature",
      "geometry": {
        "type": "Point",
        "coordinates": [
          -71.11295319,
          42.30261993
        ]
      },
      "properties": {
        "netid": "70:C9:4E:09:A6:C4",
        "ssid": null,
        "oui": "70:C9:4E",
        "channel": 6,
        "encryption": "wpa2",
        "firsttime": "2026-06-05T20:00:00.000Z",
        "lasttime": "2026-07-05T16:00:00.000Z",
        "city": "Boston",
        "region": "MA",
        "country": "US",
        "road": "Pierre Lallement Bike Path",
        "postalcode": "02130"
      }
    },
    {
      "type": "Feature",
      "geometry": {
        "type": "Point",
        "coordinates": [
          7.85244131,
          43.83560562
        ]
      },
      "properties": {
        "netid": "70:C9:4E:09:AD:D4",
        "ssid": "Flock",
        "oui": "70:C9:4E",
        "channel": 10,
        "encryption": "none",
        "firsttime": "2026-08-23T13:00:00.000Z",
        "lasttime": "2026-08-23T04:00:00.000Z",
        "city": null,
        "region": "Liguria",
        "country": "IT",
        "road": "Via Aurelia",
        "postalcode": "18011"
      }
    },
    {
      "type": "Feature",
      "geometry": {
        "type": "Point",
        "coordinates": [
          37.60974503,
          55.73052597
        ]
      },
      "properties": {
        "netid": "70:C9:4E:0A:1D:91",
        "ssid": "Alex100",
        "oui": "70:C9:4E",
        "channel": 11,
        "encryption": "unknown",
        "firsttime": "2024-06-18T19:00:00.000Z",
        "lasttime": "2026-01-08T10:00:00.000Z",
        "city": "\u041c\u043e\u0441\u043a\u0432\u0430",
        "region": "\u041c\u043e\u0441\u043a\u0432\u0430",
        "country": "RU",
        "road": "\u0443\u043b\u0438\u0446\u0430 \u041a\u0440\u044b\u043c\u0441\u043a\u0438\u0439 \u0412\u0430\u043b",
        "postalcode": "119049"
      }
    },
    {
      "type": "Feature",
      "geometry": {
        "type": "Point",
        "coordinates": [
          18.07886314,
          59.33886719
        ]
      },
      "properties": {
        "netid": "70:C9:4E:0B:41:46",
        "ssid": "Flock",
        "oui": "70:C9:4E",
        "channel": 1,
        "encryption": "wpa2",
        "firsttime": "2026-06-23T10:00:00.000Z",
        "lasttime": "2026-06-23T06:00:00.000Z",
        "city": null,
        "region": "Stockholms l\u00e4n",
        "country": "SE",
        "road": "Kommend\u00f6rsgatan",
        "postalcode": "114 60"
      }
    },
    {
      "type": "Feature",
      "geometry": {
        "type": "Point",
        "coordinates": [
          8.03492165,
          43.89058685
        ]
      },
      "properties": {
        "netid": "70:C9:4E:0B:45:F8",
        "ssid": null,
        "oui": "70:C9:4E",
        "channel": 1,
        "encryption": "none",
        "firsttime": "2026-08-31T09:00:00.000Z",
        "lasttime": "2026-08-31T00:00:00.000Z",
        "city": "Imperia",
        "region": "Liguria",
        "country": "IT",
        "road": "Ponte Impero",
        "postalcode": "18100"
      }
    },
    {
      "type": "Feature",
      "geometry": {
        "type": "Point",
        "coordinates": [
          -77.07323456,
          42.95220566
        ]
      },
      "properties": {
        "netid": "70:C9:4E:0B:57:97",
        "ssid": "<hidden>",
        "oui": "70:C9:4E",
        "channel": 11,
        "encryption": "none",
        "firsttime": "2026-07-26T12:00:00.000Z",
        "lasttime": "2026-07-26T06:00:00.000Z",
        "city": null,
        "region": "NY",
        "country": "US",
        "road": "Melvin Hill Road",
        "postalcode": "14532"
      }
    },
    {
      "type": "Feature",
      "geometry": {
        "type": "Point",
        "coordinates": [
          -77.4213562,
          43.23965836
        ]
      },
      "properties": {
        "netid": "70:C9:4E:0B:5E:B3",
        "ssid": "<hidden>",
        "oui": "70:C9:4E",
        "channel": 3,
        "encryption": "none",
        "firsttime": "2026-07-13T17:00:00.000Z",
        "lasttime": "2026-07-13T11:00:00.000Z",
        "city": null,
        "region": "NY",
        "country": "US",
        "road": "Morning Glory Drive",
        "postalcode": "14580"
      }
    },
    {
      "type": "Feature",
      "geometry": {
        "type": "Point",
        "coordinates": [
          -71.08156586,
          42.32004166
        ]
      },
      "properties": {
        "netid": "70:C9:4E:0B:68:A1",
        "ssid": null,
        "oui": "70:C9:4E",
        "channel": 1,
        "encryption": "wpa2",
        "firsttime": "2026-06-04T01:00:00.000Z",
        "lasttime": "2026-06-03T19:00:00.000Z",
        "city": "Boston",
        "region": "MA",
        "country": "US",
        "road": "Warren Street",
        "postalcode": "02119"
      }
    },
    {
      "type": "Feature",
      "geometry": {
        "type": "Point",
        "coordinates": [
          -73.92494965,
          40.65481949
        ]
      },
      "properties": {
        "netid": "70:C9:4E:0B:78:DB",
        "ssid": null,
        "oui": "70:C9:4E",
        "channel": 2,
        "encryption": "unknown",
        "firsttime": "2025-09-30T07:00:00.000Z",
        "lasttime": "2025-09-30T02:00:00.000Z",
        "city": "City of New York",
        "region": "NY",
        "country": "US",
        "road": "East 56th Street",
        "postalcode": "11203"
      }
    },
    {
      "type": "Feature",
      "geometry": {
        "type": "Point",
        "coordinates": [
          -80.69286346,
          28.35780907
        ]
      },
      "properties": {
        "netid": "70:C9:4E:0B:7A:11",
        "ssid": null,
        "oui": "70:C9:4E",
        "channel": 11,
        "encryption": "wpa2",
        "firsttime": "2026-07-07T23:00:00.000Z",
        "lasttime": "2026-07-14T14:00:00.000Z",
        "city": null,
        "region": "FL",
        "country": "US",
        "road": "East Merritt Island Causeway",
        "postalcode": "32952"
      }
    },
    {
      "type": "Feature",
      "geometry": {
        "type": "Point",
        "coordinates": [
          -80.97353363,
          29.15397453
        ]
      },
      "properties": {
        "netid": "70:C9:4E:0B:7F:91",
        "ssid": null,
        "oui": "70:C9:4E",
        "channel": 1,
        "encryption": "unknown",
        "firsttime": "2026-06-28T18:00:00.000Z",
        "lasttime": "2026-07-18T19:00:00.000Z",
        "city": null,
        "region": "FL",
        "country": "US",
        "road": "South Peninsula Drive",
        "postalcode": "32118"
      }
    },
    {
      "type": "Feature",
      "geometry": {
        "type": "Point",
        "coordinates": [
          -75.52391815,
          42.53147507
        ]
      },
      "properties": {
        "netid": "70:C9:4E:0B:80:A7",
        "ssid": null,
        "oui": "70:C9:4E",
        "channel": 11,
        "encryption": "wpa2",
        "firsttime": "2026-08-28T11:00:00.000Z",
        "lasttime": "2026-08-28T04:00:00.000Z",
        "city": null,
        "region": "NY",
        "country": "US",
        "road": "North Broad Street",
        "postalcode": "13815"
      }
    },
    {
      "type": "Feature",
      "geometry": {
        "type": "Point",
        "coordinates": [
          -73.90202332,
          40.64012527
        ]
      },
      "properties": {
        "netid": "70:C9:4E:0B:83:3B",
        "ssid": null,
        "oui": "70:C9:4E",
        "channel": 1,
        "encryption": "unknown",
        "firsttime": "2025-09-30T03:00:00.000Z",
        "lasttime": "2025-09-29T22:00:00.000Z",
        "city": "City of New York",
        "region": "NY",
        "country": "US",
        "road": "East 93rd Street",
        "postalcode": "11236"
      }
    },
    {
      "type": "Feature",
      "geometry": {
        "type": "Point",
        "coordinates": [
          -74.18860626,
          40.81103134
        ]
      },
      "properties": {
        "netid": "70:C9:4E:0B:83:78",
        "ssid": null,
        "oui": "70:C9:4E",
        "channel": 2,
        "encryption": "unknown",
        "firsttime": "2025-06-06T13:00:00.000Z",
        "lasttime": "2025-07-07T07:00:00.000Z",
        "city": null,
        "region": "NJ",
        "country": "US",
        "road": "Hoover Avenue",
        "postalcode": "07003"
      }
    },
    {
      "type": "Feature",
      "geometry": {
        "type": "Point",
        "coordinates": [
          151.03286743,
          -33.83690643
        ]
      },
      "properties": {
        "netid": "70:C9:4E:0C:E9:CF",
        "ssid": null,
        "oui": "70:C9:4E",
        "channel": 3,
        "encryption": "unknown",
        "firsttime": "2024-05-04T04:00:00.000Z",
        "lasttime": "2024-09-07T07:00:00.000Z",
        "city": "Sydney",
        "region": "New South Wales",
        "country": "AU",
        "road": "Western Motorway",
        "postalcode": "2128"
      }
    },
    {
      "type": "Feature",
      "geometry": {
        "type": "Point",
        "coordinates": [
          -118.7043457,
          34.28747559
        ]
      },
      "properties": {
        "netid": "70:C9:4E:0E:C5:2C",
        "ssid": "Flock",
        "oui": "70:C9:4E",
        "channel": 4,
        "encryption": "none",
        "firsttime": "2026-08-16T10:00:00.000Z",
        "lasttime": "2026-08-17T06:00:00.000Z",
        "city": "Simi Valley",
        "region": "CA",
        "country": "US",
        "road": "El Paso Avenue",
        "postalcode": "93062"
      }
    },
    {
      "type": "Feature",
      "geometry": {
        "type": "Point",
        "coordinates": [
          -97.43455505,
          37.67223358
        ]
      },
      "properties": {
        "netid": "70:C9:4E:0E:C6:33",
        "ssid": null,
        "oui": "70:C9:4E",
        "channel": 1,
        "encryption": "unknown",
        "firsttime": "2026-08-25T13:00:00.000Z",
        "lasttime": "2026-08-26T19:00:00.000Z",
        "city": "Wichita",
        "region": "KS",
        "country": "US",
        "road": "Vietnam Veterans Memorial Highway",
        "postalcode": "67209"
      }
    },
    {
      "type": "Feature",
      "geometry": {
        "type": "Point",
        "coordinates": [
          -118.85101318,
          34.17808914
        ]
      },
      "properties": {
        "netid": "70:C9:4E:0E:C7:71",
        "ssid": "Flock",
        "oui": "70:C9:4E",
        "channel": 5,
        "encryption": "none",
        "firsttime": "2026-08-17T18:00:00.000Z",
        "lasttime": "2026-08-17T21:00:00.000Z",
        "city": "Thousand Oaks",
        "region": "CA",
        "country": "US",
        "road": "Erbes Road",
        "postalcode": "91362"
      }
    },
    {
      "type": "Feature",
      "geometry": {
        "type": "Point",
        "coordinates": [
          -118.33956909,
          33.79619217
        ]
      },
      "properties": {
        "netid": "70:C9:4E:0E:C9:67",
        "ssid": null,
        "oui": "70:C9:4E",
        "channel": 1,
        "encryption": "wpa2",
        "firsttime": "2026-07-20T01:00:00.000Z",
        "lasttime": "2026-07-20T01:00:00.000Z",
        "city": "Torrance",
        "region": "CA",
        "country": "US",
        "road": "Newton Street",
        "postalcode": "90505"
      }
    },
    {
      "type": "Feature",
      "geometry": {
        "type": "Point",
        "coordinates": [
          -79.94570923,
          40.49517822
        ]
      },
      "properties": {
        "netid": "70:C9:4E:10:B0:21",
        "ssid": "Flock",
        "oui": "70:C9:4E",
        "channel": 1,
        "encryption": "wpa2",
        "firsttime": "2026-08-26T11:00:00.000Z",
        "lasttime": "2026-08-27T05:00:00.000Z",
        "city": null,
        "region": "PA",
        "country": "US",
        "road": "Butler Street",
        "postalcode": "15223"
      }
    },
    {
      "type": "Feature",
      "geometry": {
        "type": "Point",
        "coordinates": [
          -86.28606415,
          33.60577393
        ]
      },
      "properties": {
        "netid": "70:C9:4E:12:AD:79",
        "ssid": null,
        "oui": "70:C9:4E",
        "channel": 1,
        "encryption": "unknown",
        "firsttime": "2026-05-31T00:00:00.000Z",
        "lasttime": "2026-06-03T20:00:00.000Z",
        "city": null,
        "region": "AL",
        "country": "US",
        "road": "I 20",
        "postalcode": "35125"
      }
    },
    {
      "type": "Feature",
      "geometry": {
        "type": "Point",
        "coordinates": [
          -121.25806427,
          38.66413498
        ]
      },
      "properties": {
        "netid": "70:C9:4E:12:B0:05",
        "ssid": "Flock",
        "oui": "70:C9:4E",
        "channel": 1,
        "encryption": "wpa2",
        "firsttime": "2026-08-23T02:00:00.000Z",
        "lasttime": "2026-08-22T22:00:00.000Z",
        "city": null,
        "region": "CA",
        "country": "US",
        "road": "Madison Avenue",
        "postalcode": "95628"
      }
    },
    {
      "type": "Feature",
      "geometry": {
        "type": "Point",
        "coordinates": [
          -117.26404572,
          47.62797546
        ]
      },
      "properties": {
        "netid": "70:C9:4E:12:CE:39",
        "ssid": "Flock",
        "oui": "70:C9:4E",
        "channel": 1,
        "encryption": "wpa2",
        "firsttime": "2026-07-09T02:00:00.000Z",
        "lasttime": "2026-07-22T18:00:00.000Z",
        "city": null,
        "region": "WA",
        "country": "US",
        "road": "East 32nd Avenue",
        "postalcode": "99206"
      }
    },
    {
      "type": "Feature",
      "geometry": {
        "type": "Point",
        "coordinates": [
          -79.94121552,
          40.49629974
        ]
      },
      "properties": {
        "netid": "70:C9:4E:13:FA:E5",
        "ssid": "Flock",
        "oui": "70:C9:4E",
        "channel": 1,
        "encryption": "wpa2",
        "firsttime": "2026-08-17T12:00:00.000Z",
        "lasttime": "2026-08-21T05:00:00.000Z",
        "city": null,
        "region": "PA",
        "country": "US",
        "road": "Sycamore Street",
        "postalcode": "15223"
      }
    },
    {
      "type": "Feature",
      "geometry": {
        "type": "Point",
        "coordinates": [
          147.13414001,
          -41.43297195
        ]
      },
      "properties": {
        "netid": "70:C9:4E:14:1B:4A",
        "ssid": null,
        "oui": "70:C9:4E",
        "channel": 10,
        "encryption": "unknown",
        "firsttime": "2025-12-02T11:00:00.000Z",
        "lasttime": "2025-12-02T03:00:00.000Z",
        "city": "Launceston",
        "region": "Tasmania",
        "country": "AU",
        "road": "St John Street",
        "postalcode": "7250"
      }
    },
    {
      "type": "Feature",
      "geometry": {
        "type": "Point",
        "coordinates": [
          -121.8780365,
          37.370327
        ]
      },
      "properties": {
        "netid": "70:C9:4E:16:BC:89",
        "ssid": "Flock",
        "oui": "70:C9:4E",
        "channel": 1,
        "encryption": "wpa2",
        "firsttime": "2026-05-30T00:00:00.000Z",
        "lasttime": "2026-05-30T00:00:00.000Z",
        "city": "San Jose",
        "region": "CA",
        "country": "US",
        "road": "Berryessa Road",
        "postalcode": "95131"
      }
    },
    {
      "type": "Feature",
      "geometry": {
        "type": "Point",
        "coordinates": [
          -81.81391144,
          41.48203278
        ]
      },
      "properties": {
        "netid": "70:C9:4E:17:12:B5",
        "ssid": null,
        "oui": "70:C9:4E",
        "channel": 4,
        "encryption": "unknown",
        "firsttime": "2025-07-26T16:00:00.000Z",
        "lasttime": "2025-07-26T11:00:00.000Z",
        "city": null,
        "region": "OH",
        "country": "US",
        "road": "Lauderdale Avenue",
        "postalcode": "44107"
      }
    },
    {
      "type": "Feature",
      "geometry": {
        "type": "Point",
        "coordinates": [
          -98.55949402,
          29.44845963
        ]
      },
      "properties": {
        "netid": "70:C9:4E:17:96:7B",
        "ssid": null,
        "oui": "70:C9:4E",
        "channel": 1,
        "encryption": "unknown",
        "firsttime": "2025-12-10T05:00:00.000Z",
        "lasttime": "2025-12-10T07:00:00.000Z",
        "city": "San Antonio",
        "region": "TX",
        "country": "US",
        "road": "Culebra Road",
        "postalcode": "78228"
      }
    },
    {
      "type": "Feature",
      "geometry": {
        "type": "Point",
        "coordinates": [
          -122.87519073,
          45.15065765
        ]
      },
      "properties": {
        "netid": "70:C9:4E:19:5C:80",
        "ssid": null,
        "oui": "70:C9:4E",
        "channel": 1,
        "encryption": "wpa2",
        "firsttime": "2026-07-05T00:00:00.000Z",
        "lasttime": "2026-07-04T17:00:00.000Z",
        "city": null,
        "region": "OR",
        "country": "US",
        "road": "Newberg Highway",
        "postalcode": "97071"
      }
    },
    {
      "type": "Feature",
      "geometry": {
        "type": "Point",
        "coordinates": [
          -118.68932343,
          47.33317184
        ]
      },
      "properties": {
        "netid": "70:C9:4E:19:5C:E5",
        "ssid": "Flock",
        "oui": "70:C9:4E",
        "channel": 1,
        "encryption": "wpa2",
        "firsttime": "2026-08-25T19:00:00.000Z",
        "lasttime": "2026-08-25T20:00:00.000Z",
        "city": null,
        "region": "WA",
        "country": "US",
        "road": "East 1st Avenue",
        "postalcode": "99159"
      }
    },
    {
      "type": "Feature",
      "geometry": {
        "type": "Point",
        "coordinates": [
          115.84515381,
          -31.94265556
        ]
      },
      "properties": {
        "netid": "70:C9:4E:19:60:CC",
        "ssid": "Flock",
        "oui": "70:C9:4E",
        "channel": 1,
        "encryption": "wpa2",
        "firsttime": "2026-07-21T00:00:00.000Z",
        "lasttime": "2026-08-31T07:00:00.000Z",
        "city": "Perth",
        "region": "Western Australia",
        "country": "AU",
        "road": "Loftus Street Exit",
        "postalcode": "6005"
      }
    },
    {
      "type": "Feature",
      "geometry": {
        "type": "Point",
        "coordinates": [
          1.27514935,
          52.6226387
        ]
      },
      "properties": {
        "netid": "70:C9:4E:1D:73:0B",
        "ssid": "Flock",
        "oui": "70:C9:4E",
        "channel": 1,
        "encryption": "wpa2",
        "firsttime": "2026-08-24T16:00:00.000Z",
        "lasttime": "2026-08-27T10:00:00.000Z",
        "city": "Norwich",
        "region": "England",
        "country": "GB",
        "road": "Unthank Road",
        "postalcode": "NR2 2PG"
      }
    },
    {
      "type": "Feature",
      "geometry": {
        "type": "Point",
        "coordinates": [
          1.28868902,
          52.63583755
        ]
      },
      "properties": {
        "netid": "70:C9:4E:1D:76:95",
        "ssid": "Flock",
        "oui": "70:C9:4E",
        "channel": 1,
        "encryption": "wpa2",
        "firsttime": "2026-08-24T16:00:00.000Z",
        "lasttime": "2026-08-24T10:00:00.000Z",
        "city": "Norwich",
        "region": "England",
        "country": "GB",
        "road": "Oak Street",
        "postalcode": "NR3 3BP"
      }
    },
    {
      "type": "Feature",
      "geometry": {
        "type": "Point",
        "coordinates": [
          -3.0310328,
          53.74764252
        ]
      },
      "properties": {
        "netid": "70:C9:4E:1D:7E:1A",
        "ssid": "Flock",
        "oui": "70:C9:4E",
        "channel": 1,
        "encryption": "wpa2",
        "firsttime": "2026-05-12T09:00:00.000Z",
        "lasttime": "2026-05-13T11:00:00.000Z",
        "city": "Fylde",
        "region": "England",
        "country": "GB",
        "road": "South Promenade",
        "postalcode": "FY8 1LS"
      }
    },
    {
      "type": "Feature",
      "geometry": {
        "type": "Point",
        "coordinates": [
          151.62332153,
          -32.94965363
        ]
      },
      "properties": {
        "netid": "70:C9:4E:1F:CA:CE",
        "ssid": "Flock",
        "oui": "70:C9:4E",
        "channel": 1,
        "encryption": "wpa2",
        "firsttime": "2026-07-18T08:00:00.000Z",
        "lasttime": "2026-07-19T01:00:00.000Z",
        "city": "Newcastle-Maitland",
        "region": "New South Wales",
        "country": "AU",
        "road": "Main Road",
        "postalcode": "2284"
      }
    },
    {
      "type": "Feature",
      "geometry": {
        "type": "Point",
        "coordinates": [
          19.93924713,
          50.07206345
        ]
      },
      "properties": {
        "netid": "70:C9:4E:21:1B:71",
        "ssid": null,
        "oui": "70:C9:4E",
        "channel": 5,
        "encryption": "none",
        "firsttime": "2026-08-30T19:00:00.000Z",
        "lasttime": "2026-08-30T11:00:00.000Z",
        "city": "Krak\u00f3w",
        "region": "wojew\u00f3dztwo ma\u0142opolskie",
        "country": "PL",
        "road": "P\u0119dzich\u00f3w",
        "postalcode": "31-153"
      }
    },
    {
      "type": "Feature",
      "geometry": {
        "type": "Point",
        "coordinates": [
          19.93922043,
          50.07189178
        ]
      },
      "properties": {
        "netid": "70:C9:4E:21:1C:12",
        "ssid": null,
        "oui": "70:C9:4E",
        "channel": 13,
        "encryption": "none",
        "firsttime": "2026-08-30T19:00:00.000Z",
        "lasttime": "2026-08-30T11:00:00.000Z",
        "city": "Krak\u00f3w",
        "region": "wojew\u00f3dztwo ma\u0142opolskie",
        "country": "PL",
        "road": "P\u0119dzich\u00f3w",
        "postalcode": "31-153"
      }
    },
    {
      "type": "Feature",
      "geometry": {
        "type": "Point",
        "coordinates": [
          -117.8724823,
          34.12056351
        ]
      },
      "properties": {
        "netid": "70:C9:4E:21:2E:4C",
        "ssid": "Flock",
        "oui": "70:C9:4E",
        "channel": 9,
        "encryption": "none",
        "firsttime": "2026-08-30T06:00:00.000Z",
        "lasttime": "2026-08-30T16:00:00.000Z",
        "city": "Glendora",
        "region": "CA",
        "country": "US",
        "road": "Foothill Freeway",
        "postalcode": "91740"
      }
    },
    {
      "type": "Feature",
      "geometry": {
        "type": "Point",
        "coordinates": [
          -95.62840271,
          29.95186043
        ]
      },
      "properties": {
        "netid": "70:C9:4E:21:30:FA",
        "ssid": "Flock",
        "oui": "70:C9:4E",
        "channel": 1,
        "encryption": "wpa2",
        "firsttime": "2026-05-05T23:00:00.000Z",
        "lasttime": "2026-05-05T16:00:00.000Z",
        "city": null,
        "region": "TX",
        "country": "US",
        "road": "Birdcall Lane",
        "postalcode": "77429"
      }
    },
    {
      "type": "Feature",
      "geometry": {
        "type": "Point",
        "coordinates": [
          -96.40896606,
          39.39176941
        ]
      },
      "properties": {
        "netid": "70:C9:4E:21:40:33",
        "ssid": null,
        "oui": "70:C9:4E",
        "channel": 2,
        "encryption": "none",
        "firsttime": "2026-07-29T13:00:00.000Z",
        "lasttime": "2026-07-29T11:00:00.000Z",
        "city": null,
        "region": "KS",
        "country": "US",
        "road": "State Street",
        "postalcode": "66549"
      }
    },
    {
      "type": "Feature",
      "geometry": {
        "type": "Point",
        "coordinates": [
          9.63092709,
          51.28403473
        ]
      },
      "properties": {
        "netid": "70:C9:4E:21:50:A3",
        "ssid": null,
        "oui": "70:C9:4E",
        "channel": 6,
        "encryption": "unknown",
        "firsttime": "2026-02-08T19:00:00.000Z",
        "lasttime": "2026-02-16T09:00:00.000Z",
        "city": null,
        "region": "Hessen",
        "country": "DE",
        "road": "Leipziger Stra\u00dfe",
        "postalcode": "34260"
      }
    },
    {
      "type": "Feature",
      "geometry": {
        "type": "Point",
        "coordinates": [
          -80.20953369,
          40.43680573
        ]
      },
      "properties": {
        "netid": "70:C9:4E:21:50:CB",
        "ssid": "Flock",
        "oui": "70:C9:4E",
        "channel": 1,
        "encryption": "wpa2",
        "firsttime": "2026-08-21T01:00:00.000Z",
        "lasttime": "2026-08-21T02:00:00.000Z",
        "city": null,
        "region": "PA",
        "country": "US",
        "road": "Penn-Lincoln Parkway West",
        "postalcode": "15275"
      }
    },
    {
      "type": "Feature",
      "geometry": {
        "type": "Point",
        "coordinates": [
          -122.96356964,
          45.03775787
        ]
      },
      "properties": {
        "netid": "70:C9:4E:23:15:0E",
        "ssid": "Flock",
        "oui": "70:C9:4E",
        "channel": 1,
        "encryption": "wpa2",
        "firsttime": "2026-08-07T21:00:00.000Z",
        "lasttime": "2026-08-08T14:00:00.000Z",
        "city": null,
        "region": "OR",
        "country": "US",
        "road": "Portland Road Northeast",
        "postalcode": "97305"
      }
    },
    {
      "type": "Feature",
      "geometry": {
        "type": "Point",
        "coordinates": [
          -80.5458374,
          35.58775711
        ]
      },
      "properties": {
        "netid": "70:C9:4E:24:20:9F",
        "ssid": null,
        "oui": "70:C9:4E",
        "channel": 1,
        "encryption": "wpa2",
        "firsttime": "2026-08-31T12:00:00.000Z",
        "lasttime": "2026-08-31T07:00:00.000Z",
        "city": null,
        "region": "NC",
        "country": "US",
        "road": "I 85;US 601",
        "postalcode": "28146:28147"
      }
    },
    {
      "type": "Feature",
      "geometry": {
        "type": "Point",
        "coordinates": [
          -78.28687286,
          41.82012939
        ]
      },
      "properties": {
        "netid": "70:C9:4E:24:2C:B7",
        "ssid": "Flock",
        "oui": "70:C9:4E",
        "channel": 1,
        "encryption": "wpa2",
        "firsttime": "2026-07-23T22:00:00.000Z",
        "lasttime": "2026-07-23T19:00:00.000Z",
        "city": null,
        "region": "PA",
        "country": "US",
        "road": "North Main Street",
        "postalcode": "16743"
      }
    },
    {
      "type": "Feature",
      "geometry": {
        "type": "Point",
        "coordinates": [
          120.88280487,
          14.36166859
        ]
      },
      "properties": {
        "netid": "70:C9:4E:24:48:26",
        "ssid": "DIRECT-ZMLAPTOP-VPPJ09KPmsTk",
        "oui": "70:C9:4E",
        "channel": 11,
        "encryption": "wpa2",
        "firsttime": "2025-04-23T02:00:00.000Z",
        "lasttime": "2025-04-23T22:00:00.000Z",
        "city": "General Trias",
        "region": "Cavite",
        "country": "PH",
        "road": null,
        "postalcode": "4107"
      }
    },
    {
      "type": "Feature",
      "geometry": {
        "type": "Point",
        "coordinates": [
          -77.29263306,
          43.12428284
        ]
      },
      "properties": {
        "netid": "70:C9:4E:25:7F:1A",
        "ssid": null,
        "oui": "70:C9:4E",
        "channel": 1,
        "encryption": "none",
        "firsttime": "2026-07-24T00:00:00.000Z",
        "lasttime": "2026-07-23T18:00:00.000Z",
        "city": null,
        "region": "NY",
        "country": "US",
        "road": "Ontario Center Road",
        "postalcode": "14568"
      }
    },
    {
      "type": "Feature",
      "geometry": {
        "type": "Point",
        "coordinates": [
          -90.01290131,
          38.67723083
        ]
      },
      "properties": {
        "netid": "70:C9:4E:25:81:5D",
        "ssid": null,
        "oui": "70:C9:4E",
        "channel": 6,
        "encryption": "wpa2",
        "firsttime": "2026-07-12T05:00:00.000Z",
        "lasttime": "2026-08-10T12:00:00.000Z",
        "city": null,
        "region": "IL",
        "country": "US",
        "road": "Collinsville Crossing Boulevard",
        "postalcode": "62234"
      }
    },
    {
      "type": "Feature",
      "geometry": {
        "type": "Point",
        "coordinates": [
          -75.0895462,
          39.91729736
        ]
      },
      "properties": {
        "netid": "70:C9:4E:25:82:E8",
        "ssid": null,
        "oui": "70:C9:4E",
        "channel": 11,
        "encryption": "wpa2",
        "firsttime": "2026-06-02T14:00:00.000Z",
        "lasttime": "2026-06-02T10:00:00.000Z",
        "city": "Woodlynne",
        "region": "NJ",
        "country": "US",
        "road": "Crescent Boulevard",
        "postalcode": "08107-1950"
      }
    },
    {
      "type": "Feature",
      "geometry": {
        "type": "Point",
        "coordinates": [
          -118.30961609,
          33.89396286
        ]
      },
      "properties": {
        "netid": "70:C9:4E:26:BA:6B",
        "ssid": null,
        "oui": "70:C9:4E",
        "channel": 1,
        "encryption": "wpa2",
        "firsttime": "2026-05-23T01:00:00.000Z",
        "lasttime": "2026-05-22T19:00:00.000Z",
        "city": null,
        "region": "CA",
        "country": "US",
        "road": "West 152nd Street",
        "postalcode": "90247-3225"
      }
    },
    {
      "type": "Feature",
      "geometry": {
        "type": "Point",
        "coordinates": [
          -79.95999908,
          40.47157669
        ]
      },
      "properties": {
        "netid": "70:C9:4E:26:BF:15",
        "ssid": "Flock",
        "oui": "70:C9:4E",
        "channel": 1,
        "encryption": "wpa2",
        "firsttime": "2026-07-18T22:00:00.000Z",
        "lasttime": "2026-07-31T05:00:00.000Z",
        "city": "Pittsburgh",
        "region": "PA",
        "country": "US",
        "road": "44th Street",
        "postalcode": "15201"
      }
    },
    {
      "type": "Feature",
      "geometry": {
        "type": "Point",
        "coordinates": [
          -73.81890869,
          40.71729279
        ]
      },
      "properties": {
        "netid": "70:C9:4E:26:C0:3F",
        "ssid": "HomeWifi",
        "oui": "70:C9:4E",
        "channel": 4,
        "encryption": "unknown",
        "firsttime": "2021-11-04T01:00:00.000Z",
        "lasttime": "2025-09-14T10:00:00.000Z",
        "city": "City of New York",
        "region": "NY",
        "country": "US",
        "road": "Union Turnpike",
        "postalcode": "11435"
      }
    },
    {
      "type": "Feature",
      "geometry": {
        "type": "Point",
        "coordinates": [
          -70.86817169,
          42.66490173
        ]
      },
      "properties": {
        "netid": "70:C9:4E:26:C1:39",
        "ssid": null,
        "oui": "70:C9:4E",
        "channel": 0,
        "encryption": "unknown",
        "firsttime": "2024-08-28T04:00:00.000Z",
        "lasttime": "2024-10-04T10:00:00.000Z",
        "city": null,
        "region": "MA",
        "country": "US",
        "road": "Topsfield Road",
        "postalcode": "01938-1665"
      }
    },
    {
      "type": "Feature",
      "geometry": {
        "type": "Point",
        "coordinates": [
          9.0886879,
          53.82009506
        ]
      },
      "properties": {
        "netid": "70:C9:4E:27:58:A3",
        "ssid": null,
        "oui": "70:C9:4E",
        "channel": 1,
        "encryption": "unknown",
        "firsttime": "2024-11-12T15:00:00.000Z",
        "lasttime": "2024-11-12T08:00:00.000Z",
        "city": null,
        "region": "Niedersachsen",
        "country": "DE",
        "road": "Itzw\u00f6rdener Stra\u00dfe",
        "postalcode": "21730"
      }
    },
    {
      "type": "Feature",
      "geometry": {
        "type": "Point",
        "coordinates": [
          -80.72760773,
          28.32293701
        ]
      },
      "properties": {
        "netid": "70:C9:4E:27:69:2D",
        "ssid": "Flock",
        "oui": "70:C9:4E",
        "channel": 149,
        "encryption": "none",
        "firsttime": "2026-08-17T19:00:00.000Z",
        "lasttime": "2026-08-17T18:00:00.000Z",
        "city": null,
        "region": "FL",
        "country": "US",
        "road": "Hamilton Avenue",
        "postalcode": "32955"
      }
    },
    {
      "type": "Feature",
      "geometry": {
        "type": "Point",
        "coordinates": [
          -82.13366699,
          28.97725487
        ]
      },
      "properties": {
        "netid": "70:C9:4E:28:8D:D1",
        "ssid": null,
        "oui": "70:C9:4E",
        "channel": 1,
        "encryption": "unknown",
        "firsttime": "2026-05-31T16:00:00.000Z",
        "lasttime": "2026-06-03T20:00:00.000Z",
        "city": null,
        "region": "FL",
        "country": "US",
        "road": "I 75",
        "postalcode": "34484"
      }
    },
    {
      "type": "Feature",
      "geometry": {
        "type": "Point",
        "coordinates": [
          -118.29653931,
          34.07221985
        ]
      },
      "properties": {
        "netid": "70:C9:4E:28:A7:F4",
        "ssid": null,
        "oui": "70:C9:4E",
        "channel": 6,
        "encryption": "wpa2",
        "firsttime": "2026-07-26T00:00:00.000Z",
        "lasttime": "2026-07-25T21:00:00.000Z",
        "city": "Los Angeles",
        "region": "CA",
        "country": "US",
        "road": "South Kenmore Avenue",
        "postalcode": "90004"
      }
    },
    {
      "type": "Feature",
      "geometry": {
        "type": "Point",
        "coordinates": [
          -75.02630615,
          40.48199081
        ]
      },
      "properties": {
        "netid": "70:C9:4E:28:AA:7D",
        "ssid": "ELUX_70:c9:4e:28:aa:7d",
        "oui": "70:C9:4E",
        "channel": 6,
        "encryption": "unknown",
        "firsttime": "2022-06-14T18:00:00.000Z",
        "lasttime": "2025-09-27T15:00:00.000Z",
        "city": null,
        "region": "NJ",
        "country": "US",
        "road": "Kingwood Own Road",
        "postalcode": "08825"
      }
    },
    {
      "type": "Feature",
      "geometry": {
        "type": "Point",
        "coordinates": [
          -53.79243088,
          -29.68852234
        ]
      },
      "properties": {
        "netid": "70:C9:4E:2B:14:F3",
        "ssid": null,
        "oui": "70:C9:4E",
        "channel": 2,
        "encryption": "none",
        "firsttime": "2026-09-02T17:00:00.000Z",
        "lasttime": "2026-09-02T19:00:00.000Z",
        "city": "Santa Maria",
        "region": "Rio Grande do Sul",
        "country": "BR",
        "road": "Rua Euclides da Cunha",
        "postalcode": "97090-000"
      }
    },
    {
      "type": "Feature",
      "geometry": {
        "type": "Point",
        "coordinates": [
          -74.1714325,
          40.83433533
        ]
      },
      "properties": {
        "netid": "70:C9:4E:2B:2A:AA",
        "ssid": "(no SSID)",
        "oui": "70:C9:4E",
        "channel": 11,
        "encryption": "none",
        "firsttime": "2024-06-23T22:00:00.000Z",
        "lasttime": "2026-01-02T08:00:00.000Z",
        "city": null,
        "region": "NJ",
        "country": "US",
        "road": "Ferncliff Road",
        "postalcode": "07003"
      }
    },
    {
      "type": "Feature",
      "geometry": {
        "type": "Point",
        "coordinates": [
          -73.7735672,
          40.74451065
        ]
      },
      "properties": {
        "netid": "70:C9:4E:2B:2B:30",
        "ssid": null,
        "oui": "70:C9:4E",
        "channel": 1,
        "encryption": "unknown",
        "firsttime": "2024-10-19T11:00:00.000Z",
        "lasttime": "2024-10-19T05:00:00.000Z",
        "city": "City of New York",
        "region": "NY",
        "country": "US",
        "road": "Horace Harding Expressway",
        "postalcode": "11364"
      }
    },
    {
      "type": "Feature",
      "geometry": {
        "type": "Point",
        "coordinates": [
          -105.04039764,
          39.98047256
        ]
      },
      "properties": {
        "netid": "70:C9:4E:2B:4B:0A",
        "ssid": "Flock",
        "oui": "70:C9:4E",
        "channel": 1,
        "encryption": "wpa2",
        "firsttime": "2026-06-24T14:00:00.000Z",
        "lasttime": "2026-06-24T07:00:00.000Z",
        "city": null,
        "region": "CO",
        "country": "US",
        "road": "Northwest Parkway",
        "postalcode": "80032"
      }
    },
    {
      "type": "Feature",
      "geometry": {
        "type": "Point",
        "coordinates": [
          -91.02622223,
          45.47700882
        ]
      },
      "properties": {
        "netid": "70:C9:4E:2B:51:7F",
        "ssid": null,
        "oui": "70:C9:4E",
        "channel": 11,
        "encryption": "wpa2",
        "firsttime": "2026-08-01T13:00:00.000Z",
        "lasttime": "2026-08-01T12:00:00.000Z",
        "city": null,
        "region": "WI",
        "country": "US",
        "road": "US 8",
        "postalcode": "54848"
      }
    },
    {
      "type": "Feature",
      "geometry": {
        "type": "Point",
        "coordinates": [
          -117.07885742,
          33.02473831
        ]
      },
      "properties": {
        "netid": "70:C9:4E:2B:66:15",
        "ssid": "Flock",
        "oui": "70:C9:4E",
        "channel": 1,
        "encryption": "wpa2",
        "firsttime": "2026-05-16T18:00:00.000Z",
        "lasttime": "2026-05-19T23:00:00.000Z",
        "city": "San Diego",
        "region": "CA",
        "country": "US",
        "road": "I-15 Express Lanes",
        "postalcode": "92128"
      }
    },
    {
      "type": "Feature",
      "geometry": {
        "type": "Point",
        "coordinates": [
          -118.39362335,
          33.98067474
        ]
      },
      "properties": {
        "netid": "70:C9:4E:2B:6F:75",
        "ssid": null,
        "oui": "70:C9:4E",
        "channel": 6,
        "encryption": "wpa2",
        "firsttime": "2026-08-01T05:00:00.000Z",
        "lasttime": "2026-07-31T22:00:00.000Z",
        "city": null,
        "region": "CA",
        "country": "US",
        "road": "San Diego Freeway",
        "postalcode": "90292"
      }
    },
    {
      "type": "Feature",
      "geometry": {
        "type": "Point",
        "coordinates": [
          -73.6110611,
          45.42384338
        ]
      },
      "properties": {
        "netid": "70:C9:4E:2B:A5:F6",
        "ssid": null,
        "oui": "70:C9:4E",
        "channel": 0,
        "encryption": "unknown",
        "firsttime": "2025-03-31T05:00:00.000Z",
        "lasttime": "2025-04-03T15:00:00.000Z",
        "city": "Montr\u00e9al",
        "region": "Qu\u00e9bec",
        "country": "CA",
        "road": "Rue George",
        "postalcode": "H8P 1B3"
      }
    },
    {
      "type": "Feature",
      "geometry": {
        "type": "Point",
        "coordinates": [
          152.85783386,
          -27.64341164
        ]
      },
      "properties": {
        "netid": "70:C9:4E:2B:C9:5C",
        "ssid": null,
        "oui": "70:C9:4E",
        "channel": 4,
        "encryption": "unknown",
        "firsttime": "2025-07-27T02:00:00.000Z",
        "lasttime": "2025-07-26T20:00:00.000Z",
        "city": null,
        "region": "Queensland",
        "country": "AU",
        "road": "Glen Noble Avenue",
        "postalcode": "4301"
      }
    },
    {
      "type": "Feature",
      "geometry": {
        "type": "Point",
        "coordinates": [
          -88.98310852,
          40.51779175
        ]
      },
      "properties": {
        "netid": "70:C9:4E:2B:FC:A7",
        "ssid": "Flock",
        "oui": "70:C9:4E",
        "channel": 1,
        "encryption": "wpa2",
        "firsttime": "2026-06-19T03:00:00.000Z",
        "lasttime": "2026-06-18T21:00:00.000Z",
        "city": null,
        "region": "IL",
        "country": "US",
        "road": "North Linden Street",
        "postalcode": "61761"
      }
    },
    {
      "type": "Feature",
      "geometry": {
        "type": "Point",
        "coordinates": [
          -118.04936981,
          34.57270813
        ]
      },
      "properties": {
        "netid": "70:C9:4E:2B:FC:F9",
        "ssid": "Flock",
        "oui": "70:C9:4E",
        "channel": 1,
        "encryption": "wpa2",
        "firsttime": "2026-05-06T18:00:00.000Z",
        "lasttime": "2026-05-06T20:00:00.000Z",
        "city": "Palmdale",
        "region": "CA",
        "country": "US",
        "road": "45th Street East",
        "postalcode": "93552"
      }
    },
    {
      "type": "Feature",
      "geometry": {
        "type": "Point",
        "coordinates": [
          -97.85599518,
          27.51290321
        ]
      },
      "properties": {
        "netid": "70:C9:4E:2C:04:20",
        "ssid": "Flock",
        "oui": "70:C9:4E",
        "channel": 1,
        "encryption": "wpa2",
        "firsttime": "2026-05-01T15:00:00.000Z",
        "lasttime": "2026-05-01T11:00:00.000Z",
        "city": null,
        "region": "TX",
        "country": "US",
        "road": "South 14th Street",
        "postalcode": "78363"
      }
    },
    {
      "type": "Feature",
      "geometry": {
        "type": "Point",
        "coordinates": [
          -84.24191284,
          9.99376297
        ]
      },
      "properties": {
        "netid": "70:C9:4E:2C:32:6B",
        "ssid": "Fam zu",
        "oui": "70:C9:4E",
        "channel": 7,
        "encryption": "unknown",
        "firsttime": "2025-07-28T00:00:00.000Z",
        "lasttime": "2025-08-12T17:00:00.000Z",
        "city": "San Antonio",
        "region": "Provincia Alajuela",
        "country": "CR",
        "road": "Autopista Bernardo Soto",
        "postalcode": "20104"
      }
    },
    {
      "type": "Feature",
      "geometry": {
        "type": "Point",
        "coordinates": [
          120.91110992,
          14.29227734
        ]
      },
      "properties": {
        "netid": "70:C9:4E:2C:3C:C3",
        "ssid": "DROP-OFF 2846",
        "oui": "70:C9:4E",
        "channel": 1,
        "encryption": "wpa2",
        "firsttime": "2024-09-28T08:00:00.000Z",
        "lasttime": "2024-09-30T10:00:00.000Z",
        "city": "General Trias",
        "region": "Cavite",
        "country": "PH",
        "road": "Crisanto M. delos Reyes Avenue",
        "postalcode": "4107"
      }
    },
    {
      "type": "Feature",
      "geometry": {
        "type": "Point",
        "coordinates": [
          121.49824524,
          13.94643021
        ]
      },
      "properties": {
        "netid": "70:C9:4E:2C:62:5A",
        "ssid": "huawei-wifi",
        "oui": "70:C9:4E",
        "channel": 5,
        "encryption": "wpa2",
        "firsttime": "2025-05-28T03:00:00.000Z",
        "lasttime": "2025-06-06T02:00:00.000Z",
        "city": null,
        "region": "Calabarzon",
        "country": "PH",
        "road": "Maharlika Highway",
        "postalcode": "4322"
      }
    },
    {
      "type": "Feature",
      "geometry": {
        "type": "Point",
        "coordinates": [
          151.62333679,
          -32.94963074
        ]
      },
      "properties": {
        "netid": "70:C9:4E:2D:F3:D6",
        "ssid": "Flock",
        "oui": "70:C9:4E",
        "channel": 1,
        "encryption": "wpa2",
        "firsttime": "2026-07-18T08:00:00.000Z",
        "lasttime": "2026-07-19T01:00:00.000Z",
        "city": "Newcastle-Maitland",
        "region": "New South Wales",
        "country": "AU",
        "road": "Main Road",
        "postalcode": "2284"
      }
    },
    {
      "type": "Feature",
      "geometry": {
        "type": "Point",
        "coordinates": [
          -122.6653595,
          45.53071594
        ]
      },
      "properties": {
        "netid": "70:C9:4E:2E:27:0B",
        "ssid": null,
        "oui": "70:C9:4E",
        "channel": 1,
        "encryption": "wpa2",
        "firsttime": "2026-08-17T19:00:00.000Z",
        "lasttime": "2026-08-20T20:00:00.000Z",
        "city": "Portland",
        "region": "OR",
        "country": "US",
        "road": "I 5;US 30",
        "postalcode": "97240"
      }
    },
    {
      "type": "Feature",
      "geometry": {
        "type": "Point",
        "coordinates": [
          -74.17240143,
          40.83051682
        ]
      },
      "properties": {
        "netid": "70:C9:4E:2E:2B:45",
        "ssid": null,
        "oui": "70:C9:4E",
        "channel": 6,
        "encryption": "unknown",
        "firsttime": "2025-07-22T02:00:00.000Z",
        "lasttime": "2025-08-14T18:00:00.000Z",
        "city": null,
        "region": "NJ",
        "country": "US",
        "road": "Andover Place",
        "postalcode": "07003"
      }
    },
    {
      "type": "Feature",
      "geometry": {
        "type": "Point",
        "coordinates": [
          -73.90589905,
          40.84493637
        ]
      },
      "properties": {
        "netid": "70:C9:4E:2F:76:71",
        "ssid": null,
        "oui": "70:C9:4E",
        "channel": 8,
        "encryption": "unknown",
        "firsttime": "2025-10-10T09:00:00.000Z",
        "lasttime": "2025-10-10T05:00:00.000Z",
        "city": "City of New York",
        "region": "NY",
        "country": "US",
        "road": "Cross Bronx Expressway",
        "postalcode": "10457"
      }
    },
    {
      "type": "Feature",
      "geometry": {
        "type": "Point",
        "coordinates": [
          -87.78067017,
          41.96035385
        ]
      },
      "properties": {
        "netid": "70:C9:4E:2F:7A:1A",
        "ssid": "Flock",
        "oui": "70:C9:4E",
        "channel": 1,
        "encryption": "wpa2",
        "firsttime": "2026-09-02T21:00:00.000Z",
        "lasttime": "2026-09-02T15:00:00.000Z",
        "city": "Chicago",
        "region": "IL",
        "country": "US",
        "road": "North Moody Avenue",
        "postalcode": "60630"
      }
    },
    {
      "type": "Feature",
      "geometry": {
        "type": "Point",
        "coordinates": [
          -78.72589111,
          41.67756653
        ]
      },
      "properties": {
        "netid": "70:C9:4E:2F:95:49",
        "ssid": "Flock",
        "oui": "70:C9:4E",
        "channel": 1,
        "encryption": "wpa2",
        "firsttime": "2026-07-23T23:00:00.000Z",
        "lasttime": "2026-07-23T19:00:00.000Z",
        "city": "Wetmore Township",
        "region": "PA",
        "country": "US",
        "road": "Kane Lantz Corners Road",
        "postalcode": null
      }
    },
    {
      "type": "Feature",
      "geometry": {
        "type": "Point",
        "coordinates": [
          -70.16808319,
          44.17855835
        ]
      },
      "properties": {
        "netid": "70:C9:4E:2F:98:11",
        "ssid": "Flock",
        "oui": "70:C9:4E",
        "channel": 1,
        "encryption": "wpa2",
        "firsttime": "2026-08-06T15:00:00.000Z",
        "lasttime": "2026-08-07T16:00:00.000Z",
        "city": null,
        "region": "ME",
        "country": "US",
        "road": "Route 202",
        "postalcode": "04236"
      }
    },
    {
      "type": "Feature",
      "geometry": {
        "type": "Point",
        "coordinates": [
          -97.3915863,
          31.10722542
        ]
      },
      "properties": {
        "netid": "70:C9:4E:2F:A6:BE",
        "ssid": null,
        "oui": "70:C9:4E",
        "channel": 0,
        "encryption": "unknown",
        "firsttime": "2026-04-10T15:00:00.000Z",
        "lasttime": "2026-04-10T20:00:00.000Z",
        "city": null,
        "region": "TX",
        "country": "US",
        "road": "Southwest H K Dodgen Loop",
        "postalcode": "76502"
      }
    },
    {
      "type": "Feature",
      "geometry": {
        "type": "Point",
        "coordinates": [
          6.99923801,
          50.93396759
        ]
      },
      "properties": {
        "netid": "70:C9:4E:30:32:A5",
        "ssid": "Flock",
        "oui": "70:C9:4E",
        "channel": 1,
        "encryption": "wpa2",
        "firsttime": "2026-06-29T04:00:00.000Z",
        "lasttime": "2026-07-01T13:00:00.000Z",
        "city": "K\u00f6ln",
        "region": "Nordrhein-Westfalen",
        "country": "DE",
        "road": "Usingerstra\u00dfe",
        "postalcode": "51105"
      }
    },
    {
      "type": "Feature",
      "geometry": {
        "type": "Point",
        "coordinates": [
          -83.2026825,
          42.68025208
        ]
      },
      "properties": {
        "netid": "70:C9:4E:30:AF:96",
        "ssid": null,
        "oui": "70:C9:4E",
        "channel": 1,
        "encryption": "none",
        "firsttime": "2026-08-25T18:00:00.000Z",
        "lasttime": "2026-08-25T19:00:00.000Z",
        "city": null,
        "region": "MI",
        "country": "US",
        "road": "East Walton Boulevard",
        "postalcode": "48309-4430"
      }
    },
    {
      "type": "Feature",
      "geometry": {
        "type": "Point",
        "coordinates": [
          150.97547913,
          -33.91456985
        ]
      },
      "properties": {
        "netid": "70:C9:4E:30:C3:B0",
        "ssid": null,
        "oui": "70:C9:4E",
        "channel": 3,
        "encryption": "unknown",
        "firsttime": "2024-09-06T02:00:00.000Z",
        "lasttime": "2024-09-06T01:00:00.000Z",
        "city": "Sydney",
        "region": "New South Wales",
        "country": "AU",
        "road": "Henry Lawson Drive",
        "postalcode": "2198"
      }
    },
    {
      "type": "Feature",
      "geometry": {
        "type": "Point",
        "coordinates": [
          151.25698853,
          -33.89293289
        ]
      },
      "properties": {
        "netid": "70:C9:4E:30:E2:30",
        "ssid": "Flock",
        "oui": "70:C9:4E",
        "channel": 1,
        "encryption": "wpa2",
        "firsttime": "2026-08-25T09:00:00.000Z",
        "lasttime": "2026-08-26T18:00:00.000Z",
        "city": null,
        "region": "New South Wales",
        "country": "AU",
        "road": "Bondi Road",
        "postalcode": "2022"
      }
    },
    {
      "type": "Feature",
      "geometry": {
        "type": "Point",
        "coordinates": [
          -79.38376617,
          43.64565659
        ]
      },
      "properties": {
        "netid": "70:C9:4E:30:E5:01",
        "ssid": null,
        "oui": "70:C9:4E",
        "channel": 5,
        "encryption": "unknown",
        "firsttime": "2026-07-26T17:00:00.000Z",
        "lasttime": "2026-07-26T15:00:00.000Z",
        "city": "Old Toronto",
        "region": "Ontario",
        "country": "CA",
        "road": "Front Street West",
        "postalcode": "M5J 1T1"
      }
    },
    {
      "type": "Feature",
      "geometry": {
        "type": "Point",
        "coordinates": [
          -94.10426331,
          30.09612274
        ]
      },
      "properties": {
        "netid": "70:C9:4E:31:2D:C5",
        "ssid": "Flock",
        "oui": "70:C9:4E",
        "channel": 1,
        "encryption": "wpa2",
        "firsttime": "2026-09-01T11:00:00.000Z",
        "lasttime": "2026-09-01T10:00:00.000Z",
        "city": "Beaumont",
        "region": "TX",
        "country": "US",
        "road": "I 10",
        "postalcode": "77701"
      }
    },
    {
      "type": "Feature",
      "geometry": {
        "type": "Point",
        "coordinates": [
          -97.38359833,
          30.34668541
        ]
      },
      "properties": {
        "netid": "70:C9:4E:31:48:ED",
        "ssid": null,
        "oui": "70:C9:4E",
        "channel": 0,
        "encryption": "unknown",
        "firsttime": "2021-03-02T13:00:00.000Z",
        "lasttime": "2026-04-01T05:00:00.000Z",
        "city": "Elgin",
        "region": "TX",
        "country": "US",
        "road": "Lee Dildy Boulevard",
        "postalcode": "78621"
      }
    },
    {
      "type": "Feature",
      "geometry": {
        "type": "Point",
        "coordinates": [
          -81.76292419,
          41.48194504
        ]
      },
      "properties": {
        "netid": "70:C9:4E:31:4D:EA",
        "ssid": null,
        "oui": "70:C9:4E",
        "channel": 1,
        "encryption": "unknown",
        "firsttime": "2025-07-26T17:00:00.000Z",
        "lasttime": "2025-07-26T11:00:00.000Z",
        "city": "Cleveland",
        "region": "OH",
        "country": "US",
        "road": "West 110th Street",
        "postalcode": "44102"
      }
    },
    {
      "type": "Feature",
      "geometry": {
        "type": "Point",
        "coordinates": [
          -98.60292816,
          29.49858093
        ]
      },
      "properties": {
        "netid": "70:C9:4E:31:4E:31",
        "ssid": null,
        "oui": "70:C9:4E",
        "channel": 4,
        "encryption": "unknown",
        "firsttime": "2025-12-10T04:00:00.000Z",
        "lasttime": "2025-12-10T07:00:00.000Z",
        "city": null,
        "region": "TX",
        "country": "US",
        "road": "Forest Park Street",
        "postalcode": "78240"
      }
    },
    {
      "type": "Feature",
      "geometry": {
        "type": "Point",
        "coordinates": [
          -3.18210602,
          51.49155045
        ]
      },
      "properties": {
        "netid": "70:C9:4E:31:6E:4F",
        "ssid": "Flock",
        "oui": "70:C9:4E",
        "channel": 1,
        "encryption": "wpa2",
        "firsttime": "2026-07-30T16:00:00.000Z",
        "lasttime": "2026-08-29T19:00:00.000Z",
        "city": "Cardiff",
        "region": "Cymru / Wales",
        "country": "GB",
        "road": "Maindy Road",
        "postalcode": "CF24 4HQ"
      }
    },
    {
      "type": "Feature",
      "geometry": {
        "type": "Point",
        "coordinates": [
          91.43679047,
          53.73657608
        ]
      },
      "properties": {
        "netid": "70:C9:4E:31:AA:FF",
        "ssid": null,
        "oui": "70:C9:4E",
        "channel": 9,
        "encryption": "unknown",
        "firsttime": "2026-04-25T06:00:00.000Z",
        "lasttime": "2026-04-26T07:00:00.000Z",
        "city": "\u0410\u0431\u0430\u043a\u0430\u043d",
        "region": "\u0420\u0435\u0441\u043f\u0443\u0431\u043b\u0438\u043a\u0430 \u0425\u0430\u043a\u0430\u0441\u0438\u044f",
        "country": "RU",
        "road": "\u043f\u0440\u043e\u0441\u043f\u0435\u043a\u0442 \u0414\u0440\u0443\u0436\u0431\u044b \u041d\u0430\u0440\u043e\u0434\u043e\u0432",
        "postalcode": "655010"
      }
    },
    {
      "type": "Feature",
      "geometry": {
        "type": "Point",
        "coordinates": [
          -122.75645447,
          45.37208176
        ]
      },
      "properties": {
        "netid": "70:C9:4E:34:B2:2D",
        "ssid": null,
        "oui": "70:C9:4E",
        "channel": 2,
        "encryption": "wpa2",
        "firsttime": "2026-08-11T23:00:00.000Z",
        "lasttime": "2026-08-12T17:00:00.000Z",
        "city": null,
        "region": "OR",
        "country": "US",
        "road": "Robert Hugh Baldock Freeway",
        "postalcode": "97062"
      }
    },
    {
      "type": "Feature",
      "geometry": {
        "type": "Point",
        "coordinates": [
          151.21130371,
          -33.91508102
        ]
      },
      "properties": {
        "netid": "70:C9:4E:35:15:B9",
        "ssid": null,
        "oui": "70:C9:4E",
        "channel": 1,
        "encryption": "unknown",
        "firsttime": "2024-09-09T23:00:00.000Z",
        "lasttime": "2024-10-03T04:00:00.000Z",
        "city": "Sydney",
        "region": "New South Wales",
        "country": "AU",
        "road": null,
        "postalcode": "2018"
      }
    },
    {
      "type": "Feature",
      "geometry": {
        "type": "Point",
        "coordinates": [
          144.7429657,
          -37.6918869
        ]
      },
      "properties": {
        "netid": "70:C9:4E:35:18:FE",
        "ssid": null,
        "oui": "70:C9:4E",
        "channel": 11,
        "encryption": "none",
        "firsttime": "2026-09-02T22:00:00.000Z",
        "lasttime": "2026-09-02T05:00:00.000Z",
        "city": "Melbourne",
        "region": "Victoria",
        "country": "AU",
        "road": "Melton Highway",
        "postalcode": "3037"
      }
    },
    {
      "type": "Feature",
      "geometry": {
        "type": "Point",
        "coordinates": [
          115.93837738,
          -31.98231506
        ]
      },
      "properties": {
        "netid": "70:C9:4E:35:1C:36",
        "ssid": "Flock",
        "oui": "70:C9:4E",
        "channel": 1,
        "encryption": "wpa2",
        "firsttime": "2026-07-21T00:00:00.000Z",
        "lasttime": "2026-08-31T07:00:00.000Z",
        "city": null,
        "region": "Western Australia",
        "country": "AU",
        "road": "Leach Highway",
        "postalcode": "6105"
      }
    },
    {
      "type": "Feature",
      "geometry": {
        "type": "Point",
        "coordinates": [
          -89.88807678,
          44.31742477
        ]
      },
      "properties": {
        "netid": "70:C9:4E:35:39:B8",
        "ssid": null,
        "oui": "70:C9:4E",
        "channel": 5,
        "encryption": "wpa2",
        "firsttime": "2026-08-01T10:00:00.000Z",
        "lasttime": "2026-08-01T12:00:00.000Z",
        "city": null,
        "region": "WI",
        "country": "US",
        "road": "Prospect Avenue",
        "postalcode": "54469"
      }
    },
    {
      "type": "Feature",
      "geometry": {
        "type": "Point",
        "coordinates": [
          -82.62865448,
          34.53238678
        ]
      },
      "properties": {
        "netid": "70:C9:4E:35:48:FD",
        "ssid": null,
        "oui": "70:C9:4E",
        "channel": 1,
        "encryption": "unknown",
        "firsttime": "2025-07-26T22:00:00.000Z",
        "lasttime": "2025-07-28T13:00:00.000Z",
        "city": "Anderson",
        "region": "SC",
        "country": "US",
        "road": "Annadale Drive",
        "postalcode": "29621"
      }
    },
    {
      "type": "Feature",
      "geometry": {
        "type": "Point",
        "coordinates": [
          10.63650799,
          53.60931015
        ]
      },
      "properties": {
        "netid": "70:C9:4E:35:51:AF",
        "ssid": null,
        "oui": "70:C9:4E",
        "channel": 48,
        "encryption": "unknown",
        "firsttime": "2025-07-06T10:00:00.000Z",
        "lasttime": "2025-07-06T07:00:00.000Z",
        "city": "Breitenfelde",
        "region": "Schleswig-Holstein",
        "country": "DE",
        "road": "Bundesstra\u00dfe",
        "postalcode": "23881"
      }
    },
    {
      "type": "Feature",
      "geometry": {
        "type": "Point",
        "coordinates": [
          -84.39556885,
          39.23781586
        ]
      },
      "properties": {
        "netid": "70:C9:4E:35:57:77",
        "ssid": null,
        "oui": "70:C9:4E",
        "channel": 1,
        "encryption": "unknown",
        "firsttime": "2026-06-01T20:00:00.000Z",
        "lasttime": "2026-06-01T14:00:00.000Z",
        "city": null,
        "region": "OH",
        "country": "US",
        "road": "Cooper Road",
        "postalcode": "45242"
      }
    },
    {
      "type": "Feature",
      "geometry": {
        "type": "Point",
        "coordinates": [
          -86.15389252,
          39.73108673
        ]
      },
      "properties": {
        "netid": "70:C9:4E:35:59:8C",
        "ssid": null,
        "oui": "70:C9:4E",
        "channel": 6,
        "encryption": "wpa2",
        "firsttime": "2026-06-16T12:00:00.000Z",
        "lasttime": "2026-06-16T12:00:00.000Z",
        "city": "Indianapolis",
        "region": "IN",
        "country": "US",
        "road": "Madison Avenue",
        "postalcode": "46227"
      }
    },
    {
      "type": "Feature",
      "geometry": {
        "type": "Point",
        "coordinates": [
          -75.30508423,
          39.93183136
        ]
      },
      "properties": {
        "netid": "70:C9:4E:35:5C:10",
        "ssid": "Flock",
        "oui": "70:C9:4E",
        "channel": 1,
        "encryption": "wpa2",
        "firsttime": "2026-05-25T17:00:00.000Z",
        "lasttime": "2026-05-25T11:00:00.000Z",
        "city": null,
        "region": "PA",
        "country": "US",
        "road": "West Wyncliff Avenue",
        "postalcode": "19018"
      }
    },
    {
      "type": "Feature",
      "geometry": {
        "type": "Point",
        "coordinates": [
          -76.47232056,
          39.3529129
        ]
      },
      "properties": {
        "netid": "70:C9:4E:35:69:99",
        "ssid": null,
        "oui": "70:C9:4E",
        "channel": 44,
        "encryption": "unknown",
        "firsttime": "2026-08-08T17:00:00.000Z",
        "lasttime": "2026-08-09T14:00:00.000Z",
        "city": null,
        "region": "MD",
        "country": "US",
        "road": "Oswald Way",
        "postalcode": "21237"
      }
    },
    {
      "type": "Feature",
      "geometry": {
        "type": "Point",
        "coordinates": [
          -96.916008,
          33.23099518
        ]
      },
      "properties": {
        "netid": "70:C9:4E:35:6A:19",
        "ssid": null,
        "oui": "70:C9:4E",
        "channel": 165,
        "encryption": "wpa2",
        "firsttime": "2026-07-11T16:00:00.000Z",
        "lasttime": "2026-07-11T11:00:00.000Z",
        "city": null,
        "region": "TX",
        "country": "US",
        "road": "Wilmington Lane",
        "postalcode": "76227"
      }
    },
    {
      "type": "Feature",
      "geometry": {
        "type": "Point",
        "coordinates": [
          -100.45639801,
          20.70872307
        ]
      },
      "properties": {
        "netid": "70:C9:4E:36:4E:F3",
        "ssid": "Flock",
        "oui": "70:C9:4E",
        "channel": 1,
        "encryption": "wpa2",
        "firsttime": "2026-07-02T00:00:00.000Z",
        "lasttime": "2026-07-06T11:00:00.000Z",
        "city": null,
        "region": "Municipio de Quer\u00e9taro",
        "country": "MX",
        "road": "Boulevard Villas del Mes\u00f3n",
        "postalcode": "76100"
      }
    },
    {
      "type": "Feature",
      "geometry": {
        "type": "Point",
        "coordinates": [
          151.26841736,
          -33.88513184
        ]
      },
      "properties": {
        "netid": "70:C9:4E:36:92:4E",
        "ssid": "Flock",
        "oui": "70:C9:4E",
        "channel": 1,
        "encryption": "wpa2",
        "firsttime": "2026-08-25T09:00:00.000Z",
        "lasttime": "2026-08-25T12:00:00.000Z",
        "city": null,
        "region": "New South Wales",
        "country": "AU",
        "road": "Curlewis Street",
        "postalcode": "2026"
      }
    },
    {
      "type": "Feature",
      "geometry": {
        "type": "Point",
        "coordinates": [
          -94.35889435,
          45.98503876
        ]
      },
      "properties": {
        "netid": "70:C9:4E:36:F0:05",
        "ssid": "S2060w-62637171",
        "oui": "70:C9:4E",
        "channel": 6,
        "encryption": "unknown",
        "firsttime": "2025-07-26T14:00:00.000Z",
        "lasttime": "2025-10-28T16:00:00.000Z",
        "city": null,
        "region": "MN",
        "country": "US",
        "road": "1st Street Northeast",
        "postalcode": "56345"
      }
    },
    {
      "type": "Feature",
      "geometry": {
        "type": "Point",
        "coordinates": [
          -38.51579666,
          -12.98835945
        ]
      },
      "properties": {
        "netid": "70:C9:4E:36:F2:61",
        "ssid": "S2060w-62637454",
        "oui": "70:C9:4E",
        "channel": 6,
        "encryption": "unknown",
        "firsttime": "2026-08-27T20:00:00.000Z",
        "lasttime": "2026-08-27T15:00:00.000Z",
        "city": "Salvador",
        "region": "Bahia",
        "country": "BR",
        "road": "Ladeira da Fonte",
        "postalcode": "40070-055"
      }
    },
    {
      "type": "Feature",
      "geometry": {
        "type": "Point",
        "coordinates": [
          23.72232819,
          37.98510742
        ]
      },
      "properties": {
        "netid": "70:C9:4E:36:F3:D6",
        "ssid": "S2060w-62637007",
        "oui": "70:C9:4E",
        "channel": 6,
        "encryption": "unknown",
        "firsttime": "2024-10-21T07:00:00.000Z",
        "lasttime": "2025-03-04T12:00:00.000Z",
        "city": "\u0391\u03b8\u03ae\u03bd\u03b1",
        "region": "\u0391\u03c0\u03bf\u03ba\u03b5\u03bd\u03c4\u03c1\u03c9\u03bc\u03ad\u03bd\u03b7 \u0394\u03b9\u03bf\u03af\u03ba\u03b7\u03c3\u03b7 \u0391\u03c4\u03c4\u03b9\u03ba\u03ae\u03c2",
        "country": "GR",
        "road": "\u0391\u03b3\u03af\u03bf\u03c5 \u039a\u03c9\u03bd\u03c3\u03c4\u03b1\u03bd\u03c4\u03af\u03bd\u03bf\u03c5",
        "postalcode": "10437"
      }
    },
    {
      "type": "Feature",
      "geometry": {
        "type": "Point",
        "coordinates": [
          -63.90583038,
          -8.75143814
        ]
      },
      "properties": {
        "netid": "70:C9:4E:36:F3:D9",
        "ssid": "S2080w-64636009",
        "oui": "70:C9:4E",
        "channel": 6,
        "encryption": "unknown",
        "firsttime": "2026-01-30T20:00:00.000Z",
        "lasttime": "2026-02-20T03:00:00.000Z",
        "city": "Porto Velho",
        "region": "Rond\u00f4nia",
        "country": "BR",
        "road": "Rua Jamari",
        "postalcode": "76801-917"
      }
    },
    {
      "type": "Feature",
      "geometry": {
        "type": "Point",
        "coordinates": [
          -38.51495743,
          -12.98388958
        ]
      },
      "properties": {
        "netid": "70:C9:4E:37:00:08",
        "ssid": "S2060w-62637513",
        "oui": "70:C9:4E",
        "channel": 6,
        "encryption": "unknown",
        "firsttime": "2026-04-16T16:00:00.000Z",
        "lasttime": "2026-04-16T11:00:00.000Z",
        "city": "Salvador",
        "region": "Bahia",
        "country": "BR",
        "road": "Pra\u00e7a da Piedade",
        "postalcode": "40070010"
      }
    },
    {
      "type": "Feature",
      "geometry": {
        "type": "Point",
        "coordinates": [
          -95.52674866,
          29.86053848
        ]
      },
      "properties": {
        "netid": "70:C9:4E:37:F8:39",
        "ssid": "Flock",
        "oui": "70:C9:4E",
        "channel": 1,
        "encryption": "wpa2",
        "firsttime": "2026-08-26T20:00:00.000Z",
        "lasttime": "2026-08-26T19:00:00.000Z",
        "city": "Houston",
        "region": "TX",
        "country": "US",
        "road": "Northwest Freeway",
        "postalcode": "77040"
      }
    },
    {
      "type": "Feature",
      "geometry": {
        "type": "Point",
        "coordinates": [
          -76.51764679,
          39.32805634
        ]
      },
      "properties": {
        "netid": "70:C9:4E:38:77:56",
        "ssid": null,
        "oui": "70:C9:4E",
        "channel": 2,
        "encryption": "unknown",
        "firsttime": "2026-06-12T21:00:00.000Z",
        "lasttime": "2026-08-02T20:00:00.000Z",
        "city": null,
        "region": "MD",
        "country": "US",
        "road": "Chesaco Avenue",
        "postalcode": "21237"
      }
    },
    {
      "type": "Feature",
      "geometry": {
        "type": "Point",
        "coordinates": [
          -77.13725281,
          38.81775284
        ]
      },
      "properties": {
        "netid": "70:C9:4E:38:7C:8B",
        "ssid": null,
        "oui": "70:C9:4E",
        "channel": 40,
        "encryption": "unknown",
        "firsttime": "2026-04-06T04:00:00.000Z",
        "lasttime": "2026-05-13T15:00:00.000Z",
        "city": "Alexandria",
        "region": "VA",
        "country": "US",
        "road": "Lincolnia Road",
        "postalcode": "22312"
      }
    },
    {
      "type": "Feature",
      "geometry": {
        "type": "Point",
        "coordinates": [
          -82.78643036,
          27.95202827
        ]
      },
      "properties": {
        "netid": "70:C9:4E:38:7E:ED",
        "ssid": null,
        "oui": "70:C9:4E",
        "channel": 0,
        "encryption": "unknown",
        "firsttime": "2025-09-24T21:00:00.000Z",
        "lasttime": "2025-09-25T13:00:00.000Z",
        "city": "Clearwater",
        "region": "FL",
        "country": "US",
        "road": "South Lincoln Avenue",
        "postalcode": "33756"
      }
    },
    {
      "type": "Feature",
      "geometry": {
        "type": "Point",
        "coordinates": [
          19.82396126,
          45.25876999
        ]
      },
      "properties": {
        "netid": "70:C9:4E:38:AC:38",
        "ssid": null,
        "oui": "70:C9:4E",
        "channel": 0,
        "encryption": "unknown",
        "firsttime": "2024-09-18T09:00:00.000Z",
        "lasttime": "2024-09-18T15:00:00.000Z",
        "city": "\u0413\u0440\u0430\u0434 \u041d\u043e\u0432\u0438 \u0421\u0430\u0434",
        "region": "\u0412\u043e\u0458\u0432\u043e\u0434\u0438\u043d\u0430",
        "country": "RS",
        "road": "\u041c\u0438\u0447\u0443\u0440\u0438\u043d\u043e\u0432\u0430",
        "postalcode": "21101"
      }
    },
    {
      "type": "Feature",
      "geometry": {
        "type": "Point",
        "coordinates": [
          -122.88774872,
          45.14434433
        ]
      },
      "properties": {
        "netid": "70:C9:4E:3A:6B:B7",
        "ssid": null,
        "oui": "70:C9:4E",
        "channel": 11,
        "encryption": "wpa2",
        "firsttime": "2026-08-07T13:00:00.000Z",
        "lasttime": "2026-08-07T07:00:00.000Z",
        "city": null,
        "region": "OR",
        "country": "US",
        "road": "Robert Hugh Baldock Freeway",
        "postalcode": "97305"
      }
    },
    {
      "type": "Feature",
      "geometry": {
        "type": "Point",
        "coordinates": [
          -74.11601257,
          40.86792374
        ]
      },
      "properties": {
        "netid": "70:C9:4E:3A:A9:B4",
        "ssid": "Flock",
        "oui": "70:C9:4E",
        "channel": 7,
        "encryption": "none",
        "firsttime": "2026-08-18T09:00:00.000Z",
        "lasttime": "2026-08-18T07:00:00.000Z",
        "city": null,
        "region": "NJ",
        "country": "US",
        "road": "3rd Street",
        "postalcode": "07055"
      }
    },
    {
      "type": "Feature",
      "geometry": {
        "type": "Point",
        "coordinates": [
          -91.89978027,
          34.78773117
        ]
      },
      "properties": {
        "netid": "70:C9:4E:3A:AC:DE",
        "ssid": null,
        "oui": "70:C9:4E",
        "channel": 1,
        "encryption": "unknown",
        "firsttime": "2026-05-30T18:00:00.000Z",
        "lasttime": "2026-06-03T20:00:00.000Z",
        "city": null,
        "region": "AR",
        "country": "US",
        "road": "East 5th Street",
        "postalcode": "72086"
      }
    },
    {
      "type": "Feature",
      "geometry": {
        "type": "Point",
        "coordinates": [
          -83.39484406,
          35.12657166
        ]
      },
      "properties": {
        "netid": "70:C9:4E:3A:D8:33",
        "ssid": null,
        "oui": "70:C9:4E",
        "channel": 11,
        "encryption": "none",
        "firsttime": "2026-08-31T21:00:00.000Z",
        "lasttime": "2026-08-31T22:00:00.000Z",
        "city": null,
        "region": "NC",
        "country": "US",
        "road": "Georgia Road",
        "postalcode": "28734-9285"
      }
    },
    {
      "type": "Feature",
      "geometry": {
        "type": "Point",
        "coordinates": [
          -81.46483612,
          41.58378983
        ]
      },
      "properties": {
        "netid": "70:C9:4E:3A:DB:E1",
        "ssid": null,
        "oui": "70:C9:4E",
        "channel": 9,
        "encryption": "unknown",
        "firsttime": "2024-10-19T14:00:00.000Z",
        "lasttime": "2024-10-19T08:00:00.000Z",
        "city": null,
        "region": "OH",
        "country": "US",
        "road": "Chardon Road",
        "postalcode": "44094"
      }
    },
    {
      "type": "Feature",
      "geometry": {
        "type": "Point",
        "coordinates": [
          10.10511208,
          54.30458832
        ]
      },
      "properties": {
        "netid": "70:C9:4E:3A:FF:74",
        "ssid": "DIRECT-SSDESKTOP-U6GLS22msD3",
        "oui": "70:C9:4E",
        "channel": 11,
        "encryption": "wpa2",
        "firsttime": "2025-05-03T13:00:00.000Z",
        "lasttime": "2025-05-03T06:00:00.000Z",
        "city": "Kiel",
        "region": "Schleswig-Holstein",
        "country": "DE",
        "road": "Rendsburger Landstra\u00dfe",
        "postalcode": "24113"
      }
    },
    {
      "type": "Feature",
      "geometry": {
        "type": "Point",
        "coordinates": [
          -97.46434784,
          37.67200851
        ]
      },
      "properties": {
        "netid": "70:C9:4E:3B:BC:4B",
        "ssid": null,
        "oui": "70:C9:4E",
        "channel": 1,
        "encryption": "unknown",
        "firsttime": "2026-05-15T22:00:00.000Z",
        "lasttime": "2026-05-15T19:00:00.000Z",
        "city": "Wichita",
        "region": "KS",
        "country": "US",
        "road": "West Hidden Valley Street",
        "postalcode": "67235"
      }
    },
    {
      "type": "Feature",
      "geometry": {
        "type": "Point",
        "coordinates": [
          -105.12992096,
          39.71952438
        ]
      },
      "properties": {
        "netid": "70:C9:4E:3B:C1:27",
        "ssid": null,
        "oui": "70:C9:4E",
        "channel": 0,
        "encryption": "unknown",
        "firsttime": "2024-09-27T11:00:00.000Z",
        "lasttime": "2024-09-27T18:00:00.000Z",
        "city": null,
        "region": "CO",
        "country": "US",
        "road": "West 2nd Place",
        "postalcode": "80225"
      }
    },
    {
      "type": "Feature",
      "geometry": {
        "type": "Point",
        "coordinates": [
          -73.62464905,
          45.52643585
        ]
      },
      "properties": {
        "netid": "70:C9:4E:3B:C2:FC",
        "ssid": null,
        "oui": "70:C9:4E",
        "channel": 0,
        "encryption": "unknown",
        "firsttime": "2022-06-23T02:00:00.000Z",
        "lasttime": "2025-06-14T11:00:00.000Z",
        "city": "Montr\u00e9al",
        "region": "Qu\u00e9bec",
        "country": "CA",
        "road": "Rue Jean-Talon Ouest",
        "postalcode": "H3N 1S2"
      }
    },
    {
      "type": "Feature",
      "geometry": {
        "type": "Point",
        "coordinates": [
          -82.73153687,
          27.78779793
        ]
      },
      "properties": {
        "netid": "70:C9:4E:3B:C8:DE",
        "ssid": null,
        "oui": "70:C9:4E",
        "channel": 0,
        "encryption": "unknown",
        "firsttime": "2025-03-31T23:00:00.000Z",
        "lasttime": "2025-03-31T19:00:00.000Z",
        "city": "Saint Petersburg",
        "region": "FL",
        "country": "US",
        "road": "16th Place North",
        "postalcode": "33710"
      }
    },
    {
      "type": "Feature",
      "geometry": {
        "type": "Point",
        "coordinates": [
          152.85945129,
          -27.64059258
        ]
      },
      "properties": {
        "netid": "70:C9:4E:3C:60:84",
        "ssid": null,
        "oui": "70:C9:4E",
        "channel": 7,
        "encryption": "unknown",
        "firsttime": "2025-07-27T02:00:00.000Z",
        "lasttime": "2025-07-26T20:00:00.000Z",
        "city": "Ipswich City",
        "region": "Queensland",
        "country": "AU",
        "road": "Coleen Court",
        "postalcode": "4301"
      }
    },
    {
      "type": "Feature",
      "geometry": {
        "type": "Point",
        "coordinates": [
          -3.22797894,
          55.93884277
        ]
      },
      "properties": {
        "netid": "70:C9:4E:3C:69:8F",
        "ssid": null,
        "oui": "70:C9:4E",
        "channel": 2,
        "encryption": "unknown",
        "firsttime": "2023-10-25T11:00:00.000Z",
        "lasttime": "2025-04-11T13:00:00.000Z",
        "city": "City of Edinburgh",
        "region": "Alba / Scotland",
        "country": "GB",
        "road": "Gorgie Road",
        "postalcode": "EH11 2LA"
      }
    },
    {
      "type": "Feature",
      "geometry": {
        "type": "Point",
        "coordinates": [
          -89.99726105,
          38.69168854
        ]
      },
      "properties": {
        "netid": "70:C9:4E:3C:75:8B",
        "ssid": null,
        "oui": "70:C9:4E",
        "channel": 1,
        "encryption": "wpa2",
        "firsttime": "2026-08-10T19:00:00.000Z",
        "lasttime": "2026-08-10T12:00:00.000Z",
        "city": null,
        "region": "IL",
        "country": "US",
        "road": "Beltline Road",
        "postalcode": "62234"
      }
    },
    {
      "type": "Feature",
      "geometry": {
        "type": "Point",
        "coordinates": [
          -80.99271393,
          29.14632034
        ]
      },
      "properties": {
        "netid": "70:C9:4E:3C:89:AF",
        "ssid": "Flock",
        "oui": "70:C9:4E",
        "channel": 1,
        "encryption": "wpa2",
        "firsttime": "2026-08-25T21:00:00.000Z",
        "lasttime": "2026-08-28T21:00:00.000Z",
        "city": null,
        "region": "FL",
        "country": "US",
        "road": "Charles Street",
        "postalcode": "32129"
      }
    },
    {
      "type": "Feature",
      "geometry": {
        "type": "Point",
        "coordinates": [
          -117.06144714,
          46.3985672
        ]
      },
      "properties": {
        "netid": "70:C9:4E:3C:8B:A5",
        "ssid": "Flock",
        "oui": "70:C9:4E",
        "channel": 1,
        "encryption": "wpa2",
        "firsttime": "2026-07-24T23:00:00.000Z",
        "lasttime": "2026-07-24T18:00:00.000Z",
        "city": null,
        "region": "WA",
        "country": "US",
        "road": "13th Street",
        "postalcode": "99403"
      }
    },
    {
      "type": "Feature",
      "geometry": {
        "type": "Point",
        "coordinates": [
          -80.73505402,
          28.31440353
        ]
      },
      "properties": {
        "netid": "70:C9:4E:3C:8C:7F",
        "ssid": null,
        "oui": "70:C9:4E",
        "channel": 44,
        "encryption": "none",
        "firsttime": "2026-08-28T20:00:00.000Z",
        "lasttime": "2026-08-28T21:00:00.000Z",
        "city": null,
        "region": "FL",
        "country": "US",
        "road": "Bartlett Lane",
        "postalcode": "32955"
      }
    },
    {
      "type": "Feature",
      "geometry": {
        "type": "Point",
        "coordinates": [
          36.6918869,
          -3.36132073
        ]
      },
      "properties": {
        "netid": "70:C9:4E:3C:C0:3F",
        "ssid": "Amani Fundi",
        "oui": "70:C9:4E",
        "channel": 8,
        "encryption": "wpa2",
        "firsttime": "2025-07-31T11:00:00.000Z",
        "lasttime": "2025-07-31T06:00:00.000Z",
        "city": "Arusha",
        "region": "Arusha",
        "country": "TZ",
        "road": "Nairobi-Moshi Road",
        "postalcode": "23104"
      }
    },
    {
      "type": "Feature",
      "geometry": {
        "type": "Point",
        "coordinates": [
          28.12144089,
          -26.1901741
        ]
      },
      "properties": {
        "netid": "70:C9:4E:3C:CC:ED",
        "ssid": "DIRECT-LSLAPTOP-6K2EPA9CmsDR",
        "oui": "70:C9:4E",
        "channel": 1,
        "encryption": "wpa2",
        "firsttime": "2025-05-20T09:00:00.000Z",
        "lasttime": "2025-05-23T14:00:00.000Z",
        "city": null,
        "region": "Gauteng",
        "country": "ZA",
        "road": "Bradford Road",
        "postalcode": "2007"
      }
    },
    {
      "type": "Feature",
      "geometry": {
        "type": "Point",
        "coordinates": [
          10.39605427,
          55.38447571
        ]
      },
      "properties": {
        "netid": "70:C9:4E:3D:C6:DF",
        "ssid": "Flock",
        "oui": "70:C9:4E",
        "channel": 1,
        "encryption": "wpa2",
        "firsttime": "2026-07-05T19:00:00.000Z",
        "lasttime": "2026-07-10T07:00:00.000Z",
        "city": "Odense",
        "region": "Region Syddanmark",
        "country": "DK",
        "road": "Chr. Sonnes Vej",
        "postalcode": "5230"
      }
    },
    {
      "type": "Feature",
      "geometry": {
        "type": "Point",
        "coordinates": [
          18.69909477,
          64.60574341
        ]
      },
      "properties": {
        "netid": "70:C9:4E:3D:DD:24",
        "ssid": "Flock",
        "oui": "70:C9:4E",
        "channel": 1,
        "encryption": "wpa2",
        "firsttime": "2026-08-29T09:00:00.000Z",
        "lasttime": "2026-08-29T14:00:00.000Z",
        "city": null,
        "region": "V\u00e4sterbottens l\u00e4n",
        "country": "SE",
        "road": "Sorselev\u00e4gen",
        "postalcode": "92145"
      }
    },
    {
      "type": "Feature",
      "geometry": {
        "type": "Point",
        "coordinates": [
          17.99552345,
          59.36591339
        ]
      },
      "properties": {
        "netid": "70:C9:4E:3D:EF:79",
        "ssid": "Flock",
        "oui": "70:C9:4E",
        "channel": 1,
        "encryption": "wpa2",
        "firsttime": "2026-05-30T13:00:00.000Z",
        "lasttime": "2026-05-30T08:00:00.000Z",
        "city": null,
        "region": "Stockholms l\u00e4n",
        "country": "SE",
        "road": "Tottv\u00e4gen",
        "postalcode": "16954"
      }
    },
    {
      "type": "Feature",
      "geometry": {
        "type": "Point",
        "coordinates": [
          144.89883423,
          -37.76418686
        ]
      },
      "properties": {
        "netid": "70:C9:4E:3E:44:37",
        "ssid": null,
        "oui": "70:C9:4E",
        "channel": 6,
        "encryption": "unknown",
        "firsttime": "2024-09-17T03:00:00.000Z",
        "lasttime": "2024-09-16T21:00:00.000Z",
        "city": "Melbourne",
        "region": "Victoria",
        "country": "AU",
        "road": "The Boulevard",
        "postalcode": "3032"
      }
    },
    {
      "type": "Feature",
      "geometry": {
        "type": "Point",
        "coordinates": [
          -82.67193604,
          27.80650902
        ]
      },
      "properties": {
        "netid": "70:C9:4E:3E:56:29",
        "ssid": null,
        "oui": "70:C9:4E",
        "channel": 7,
        "encryption": "unknown",
        "firsttime": "2025-03-26T00:00:00.000Z",
        "lasttime": "2025-11-20T13:00:00.000Z",
        "city": "Saint Petersburg",
        "region": "FL",
        "country": "US",
        "road": "38th Avenue North",
        "postalcode": "33710"
      }
    },
    {
      "type": "Feature",
      "geometry": {
        "type": "Point",
        "coordinates": [
          -81.45074463,
          41.51702881
        ]
      },
      "properties": {
        "netid": "70:C9:4E:3E:5D:60",
        "ssid": null,
        "oui": "70:C9:4E",
        "channel": 9,
        "encryption": "unknown",
        "firsttime": "2023-09-08T16:00:00.000Z",
        "lasttime": "2024-10-16T12:00:00.000Z",
        "city": null,
        "region": "OH",
        "country": "US",
        "road": "Golden Gate Plaza",
        "postalcode": "44124"
      }
    },
    {
      "type": "Feature",
      "geometry": {
        "type": "Point",
        "coordinates": [
          -82.05371857,
          29.16380882
        ]
      },
      "properties": {
        "netid": "70:C9:4E:3E:65:14",
        "ssid": "Flock",
        "oui": "70:C9:4E",
        "channel": 161,
        "encryption": "none",
        "firsttime": "2026-09-02T18:00:00.000Z",
        "lasttime": "2026-09-02T16:00:00.000Z",
        "city": null,
        "region": "FL",
        "country": "US",
        "road": "Southeast 58th Avenue",
        "postalcode": "34470-5001"
      }
    },
    {
      "type": "Feature",
      "geometry": {
        "type": "Point",
        "coordinates": [
          -82.69385529,
          27.78093719
        ]
      },
      "properties": {
        "netid": "70:C9:4E:3E:65:66",
        "ssid": null,
        "oui": "70:C9:4E",
        "channel": 165,
        "encryption": "unknown",
        "firsttime": "2025-06-04T21:00:00.000Z",
        "lasttime": "2025-06-05T12:00:00.000Z",
        "city": "Saint Petersburg",
        "region": "FL",
        "country": "US",
        "road": "9th Avenue North",
        "postalcode": "33713"
      }
    },
    {
      "type": "Feature",
      "geometry": {
        "type": "Point",
        "coordinates": [
          -78.97210693,
          43.09447098
        ]
      },
      "properties": {
        "netid": "70:C9:4E:3E:71:72",
        "ssid": null,
        "oui": "70:C9:4E",
        "channel": 8,
        "encryption": "none",
        "firsttime": "2026-08-22T14:00:00.000Z",
        "lasttime": "2026-08-22T13:00:00.000Z",
        "city": null,
        "region": "NY",
        "country": "US",
        "road": "Military Road",
        "postalcode": "14304"
      }
    },
    {
      "type": "Feature",
      "geometry": {
        "type": "Point",
        "coordinates": [
          10.37539673,
          63.37773514
        ]
      },
      "properties": {
        "netid": "70:C9:4E:3E:E3:0E",
        "ssid": "Flock",
        "oui": "70:C9:4E",
        "channel": 1,
        "encryption": "wpa2",
        "firsttime": "2026-08-30T15:00:00.000Z",
        "lasttime": "2026-08-30T08:00:00.000Z",
        "city": null,
        "region": "Tr\u00f8ndelag",
        "country": "NO",
        "road": "E 6",
        "postalcode": "7028"
      }
    },
    {
      "type": "Feature",
      "geometry": {
        "type": "Point",
        "coordinates": [
          -76.26450348,
          36.68658447
        ]
      },
      "properties": {
        "netid": "70:C9:4E:3F:1A:67",
        "ssid": "Flock",
        "oui": "70:C9:4E",
        "channel": 1,
        "encryption": "wpa2",
        "firsttime": "2026-08-27T23:00:00.000Z",
        "lasttime": "2026-08-27T18:00:00.000Z",
        "city": "Chesapeake",
        "region": "VA",
        "country": "US",
        "road": "Fairhaven Road",
        "postalcode": "23322"
      }
    },
    {
      "type": "Feature",
      "geometry": {
        "type": "Point",
        "coordinates": [
          -73.91699219,
          40.80338669
        ]
      },
      "properties": {
        "netid": "70:C9:4E:3F:1B:E5",
        "ssid": "Elefante",
        "oui": "70:C9:4E",
        "channel": 3,
        "encryption": "unknown",
        "firsttime": "2024-10-01T16:00:00.000Z",
        "lasttime": "2024-10-04T13:00:00.000Z",
        "city": "City of New York",
        "region": "NY",
        "country": "US",
        "road": "Bruckner Boulevard",
        "postalcode": "10454"
      }
    },
    {
      "type": "Feature",
      "geometry": {
        "type": "Point",
        "coordinates": [
          7.85343933,
          43.85837173
        ]
      },
      "properties": {
        "netid": "70:C9:4E:3F:B4:02",
        "ssid": null,
        "oui": "70:C9:4E",
        "channel": 2,
        "encryption": "none",
        "firsttime": "2026-08-24T07:00:00.000Z",
        "lasttime": "2026-08-23T22:00:00.000Z",
        "city": null,
        "region": "Liguria",
        "country": "IT",
        "road": "Via Goffredo Mameli",
        "postalcode": "18018"
      }
    },
    {
      "type": "Feature",
      "geometry": {
        "type": "Point",
        "coordinates": [
          -95.42163849,
          29.68505669
        ]
      },
      "properties": {
        "netid": "70:C9:4E:3F:C6:44",
        "ssid": "Flock",
        "oui": "70:C9:4E",
        "channel": 1,
        "encryption": "wpa2",
        "firsttime": "2026-05-12T00:00:00.000Z",
        "lasttime": "2026-08-13T20:00:00.000Z",
        "city": "Houston",
        "region": "TX",
        "country": "US",
        "road": "South Main Street",
        "postalcode": "77025"
      }
    },
    {
      "type": "Feature",
      "geometry": {
        "type": "Point",
        "coordinates": [
          -118.33665466,
          34.1761322
        ]
      },
      "properties": {
        "netid": "70:C9:4E:40:96:4F",
        "ssid": "dave",
        "oui": "70:C9:4E",
        "channel": 1,
        "encryption": "unknown",
        "firsttime": "2025-11-14T19:00:00.000Z",
        "lasttime": "2025-11-20T17:00:00.000Z",
        "city": "Burbank",
        "region": "CA",
        "country": "US",
        "road": "North Buena Vista Street",
        "postalcode": "91505"
      }
    },
    {
      "type": "Feature",
      "geometry": {
        "type": "Point",
        "coordinates": [
          12.74048424,
          47.76120758
        ]
      },
      "properties": {
        "netid": "70:C9:4E:40:B3:2F",
        "ssid": "Flock",
        "oui": "70:C9:4E",
        "channel": 13,
        "encryption": "none",
        "firsttime": "2026-08-20T18:00:00.000Z",
        "lasttime": "2026-08-20T14:00:00.000Z",
        "city": null,
        "region": "Bayern",
        "country": "DE",
        "road": "Schmelzer Stra\u00dfe",
        "postalcode": "83334"
      }
    },
    {
      "type": "Feature",
      "geometry": {
        "type": "Point",
        "coordinates": [
          121.47329712,
          -30.74684525
        ]
      },
      "properties": {
        "netid": "70:C9:4E:41:A6:41",
        "ssid": "i1150WN-58339421",
        "oui": "70:C9:4E",
        "channel": 6,
        "encryption": "unknown",
        "firsttime": "2022-10-04T18:00:00.000Z",
        "lasttime": "2026-02-14T00:00:00.000Z",
        "city": "Kalgoorlie",
        "region": "Western Australia",
        "country": "AU",
        "road": "Hannan Street",
        "postalcode": "6432"
      }
    },
    {
      "type": "Feature",
      "geometry": {
        "type": "Point",
        "coordinates": [
          150.93878174,
          -33.89357376
        ]
      },
      "properties": {
        "netid": "70:C9:4E:43:DD:85",
        "ssid": "Flock",
        "oui": "70:C9:4E",
        "channel": 1,
        "encryption": "wpa2",
        "firsttime": "2026-06-27T01:00:00.000Z",
        "lasttime": "2026-06-26T20:00:00.000Z",
        "city": "Sydney",
        "region": "New South Wales",
        "country": "AU",
        "road": "Railway Parade",
        "postalcode": "2166"
      }
    },
    {
      "type": "Feature",
      "geometry": {
        "type": "Point",
        "coordinates": [
          147.13452148,
          -41.4331665
        ]
      },
      "properties": {
        "netid": "70:C9:4E:43:ED:E0",
        "ssid": null,
        "oui": "70:C9:4E",
        "channel": 10,
        "encryption": "unknown",
        "firsttime": "2025-12-02T11:00:00.000Z",
        "lasttime": "2025-12-02T03:00:00.000Z",
        "city": "Launceston",
        "region": "Tasmania",
        "country": "AU",
        "road": "St John Street",
        "postalcode": "7250"
      }
    },
    {
      "type": "Feature",
      "geometry": {
        "type": "Point",
        "coordinates": [
          145.03660583,
          -38.23371124
        ]
      },
      "properties": {
        "netid": "70:C9:4E:43:F3:15",
        "ssid": "Flock",
        "oui": "70:C9:4E",
        "channel": 1,
        "encryption": "wpa2",
        "firsttime": "2026-06-19T06:00:00.000Z",
        "lasttime": "2026-06-20T23:00:00.000Z",
        "city": "Melbourne",
        "region": "Victoria",
        "country": "AU",
        "road": "Mitchell Street",
        "postalcode": "3931"
      }
    },
    {
      "type": "Feature",
      "geometry": {
        "type": "Point",
        "coordinates": [
          151.94036865,
          -27.57675171
        ]
      },
      "properties": {
        "netid": "70:C9:4E:43:FB:73",
        "ssid": null,
        "oui": "70:C9:4E",
        "channel": 8,
        "encryption": "none",
        "firsttime": "2026-06-23T07:00:00.000Z",
        "lasttime": "2026-06-24T02:00:00.000Z",
        "city": "Toowoomba",
        "region": "Queensland",
        "country": "AU",
        "road": "West Street",
        "postalcode": "4250"
      }
    },
    {
      "type": "Feature",
      "geometry": {
        "type": "Point",
        "coordinates": [
          -122.65346527,
          45.52316666
        ]
      },
      "properties": {
        "netid": "70:C9:4E:43:FF:BB",
        "ssid": null,
        "oui": "70:C9:4E",
        "channel": 6,
        "encryption": "wpa2",
        "firsttime": "2026-08-17T01:00:00.000Z",
        "lasttime": "2026-08-20T20:00:00.000Z",
        "city": "Portland",
        "region": "OR",
        "country": "US",
        "road": "Northeast 12th Avenue",
        "postalcode": "97214"
      }
    },
    {
      "type": "Feature",
      "geometry": {
        "type": "Point",
        "coordinates": [
          145.03666687,
          -38.23376083
        ]
      },
      "properties": {
        "netid": "70:C9:4E:44:16:EB",
        "ssid": "Flock",
        "oui": "70:C9:4E",
        "channel": 1,
        "encryption": "wpa2",
        "firsttime": "2026-06-19T04:00:00.000Z",
        "lasttime": "2026-06-20T23:00:00.000Z",
        "city": "Melbourne",
        "region": "Victoria",
        "country": "AU",
        "road": "Mitchell Street",
        "postalcode": "3931"
      }
    },
    {
      "type": "Feature",
      "geometry": {
        "type": "Point",
        "coordinates": [
          -81.05900574,
          29.33170319
        ]
      },
      "properties": {
        "netid": "70:C9:4E:44:BD:BB",
        "ssid": "Flock",
        "oui": "70:C9:4E",
        "channel": 1,
        "encryption": "wpa2",
        "firsttime": "2026-08-29T20:00:00.000Z",
        "lasttime": "2026-08-29T20:00:00.000Z",
        "city": null,
        "region": "FL",
        "country": "US",
        "road": "Ocean Shore Boulevard",
        "postalcode": "32176"
      }
    },
    {
      "type": "Feature",
      "geometry": {
        "type": "Point",
        "coordinates": [
          151.10391235,
          -33.87610245
        ]
      },
      "properties": {
        "netid": "70:C9:4E:45:89:91",
        "ssid": "i1150WN-58338960",
        "oui": "70:C9:4E",
        "channel": 6,
        "encryption": "none",
        "firsttime": "2020-07-23T12:00:00.000Z",
        "lasttime": "2026-06-06T23:00:00.000Z",
        "city": "Sydney",
        "region": "New South Wales",
        "country": "AU",
        "road": "Burwood Road",
        "postalcode": "2134"
      }
    },
    {
      "type": "Feature",
      "geometry": {
        "type": "Point",
        "coordinates": [
          -75.34502411,
          39.8776741
        ]
      },
      "properties": {
        "netid": "70:C9:4E:45:FB:53",
        "ssid": "Flock",
        "oui": "70:C9:4E",
        "channel": 1,
        "encryption": "wpa2",
        "firsttime": "2026-07-31T16:00:00.000Z",
        "lasttime": "2026-07-31T11:00:00.000Z",
        "city": "Ridley Township",
        "region": "PA",
        "country": "US",
        "road": "Macdade Boulevard",
        "postalcode": "19094"
      }
    },
    {
      "type": "Feature",
      "geometry": {
        "type": "Point",
        "coordinates": [
          -82.75579834,
          34.59999847
        ]
      },
      "properties": {
        "netid": "70:C9:4E:46:4E:D9",
        "ssid": null,
        "oui": "70:C9:4E",
        "channel": 1,
        "encryption": "unknown",
        "firsttime": "2025-07-25T21:00:00.000Z",
        "lasttime": "2025-07-27T11:00:00.000Z",
        "city": null,
        "region": "SC",
        "country": "US",
        "road": "Clemson Highway",
        "postalcode": "29670"
      }
    },
    {
      "type": "Feature",
      "geometry": {
        "type": "Point",
        "coordinates": [
          -97.46022034,
          37.6503067
        ]
      },
      "properties": {
        "netid": "70:C9:4E:46:55:B0",
        "ssid": null,
        "oui": "70:C9:4E",
        "channel": 153,
        "encryption": "unknown",
        "firsttime": "2026-05-23T04:00:00.000Z",
        "lasttime": "2026-05-23T11:00:00.000Z",
        "city": "Wichita",
        "region": "KS",
        "country": "US",
        "road": "West Pawnee Street",
        "postalcode": "67215"
      }
    },
    {
      "type": "Feature",
      "geometry": {
        "type": "Point",
        "coordinates": [
          144.74285889,
          -37.69189453
        ]
      },
      "properties": {
        "netid": "70:C9:4E:46:D5:69",
        "ssid": "Flock",
        "oui": "70:C9:4E",
        "channel": 1,
        "encryption": "none",
        "firsttime": "2026-09-03T16:00:00.000Z",
        "lasttime": "2026-09-03T00:00:00.000Z",
        "city": "Melbourne",
        "region": "Victoria",
        "country": "AU",
        "road": "Melton Highway",
        "postalcode": "3037"
      }
    },
    {
      "type": "Feature",
      "geometry": {
        "type": "Point",
        "coordinates": [
          -118.46057129,
          33.98207474
        ]
      },
      "properties": {
        "netid": "70:C9:4E:47:D1:A1",
        "ssid": null,
        "oui": "70:C9:4E",
        "channel": 6,
        "encryption": "wpa2",
        "firsttime": "2026-06-30T01:00:00.000Z",
        "lasttime": "2026-07-11T23:00:00.000Z",
        "city": "Inglewood",
        "region": "CA",
        "country": "US",
        "road": "Via Marina",
        "postalcode": "90292"
      }
    },
    {
      "type": "Feature",
      "geometry": {
        "type": "Point",
        "coordinates": [
          -82.35206604,
          34.82262421
        ]
      },
      "properties": {
        "netid": "70:C9:4E:47:DC:42",
        "ssid": "Flock",
        "oui": "70:C9:4E",
        "channel": 1,
        "encryption": "wpa2",
        "firsttime": "2026-07-20T21:00:00.000Z",
        "lasttime": "2026-08-31T19:00:00.000Z",
        "city": "Greenville",
        "region": "SC",
        "country": "US",
        "road": "Henderson Road",
        "postalcode": "29607"
      }
    },
    {
      "type": "Feature",
      "geometry": {
        "type": "Point",
        "coordinates": [
          -75.28028107,
          38.80841064
        ]
      },
      "properties": {
        "netid": "70:C9:4E:47:E4:00",
        "ssid": null,
        "oui": "70:C9:4E",
        "channel": 1,
        "encryption": "wpa2",
        "firsttime": "2026-08-08T14:00:00.000Z",
        "lasttime": "2026-08-08T08:00:00.000Z",
        "city": null,
        "region": "DE",
        "country": "US",
        "road": "Coastal Highway",
        "postalcode": "19968"
      }
    },
    {
      "type": "Feature",
      "geometry": {
        "type": "Point",
        "coordinates": [
          106.57326508,
          29.55987167
        ]
      },
      "properties": {
        "netid": "70:C9:4E:48:1E:8D",
        "ssid": "TOSHIBA-AP4294",
        "oui": "70:C9:4E",
        "channel": 64,
        "encryption": "wpa2",
        "firsttime": "2024-03-29T09:00:00.000Z",
        "lasttime": "2024-11-21T01:00:00.000Z",
        "city": "\u6e1d\u4e2d\u533a",
        "region": "\u91cd\u5e86\u5e02",
        "country": "CN",
        "road": "\u89e3\u653e\u7891\u5730\u4e0b\u73af\u9053",
        "postalcode": "400000"
      }
    },
    {
      "type": "Feature",
      "geometry": {
        "type": "Point",
        "coordinates": [
          -82.72215271,
          27.7817173
        ]
      },
      "properties": {
        "netid": "70:C9:4E:48:59:80",
        "ssid": null,
        "oui": "70:C9:4E",
        "channel": 40,
        "encryption": "unknown",
        "firsttime": "2025-02-11T23:00:00.000Z",
        "lasttime": "2025-02-11T19:00:00.000Z",
        "city": "Saint Petersburg",
        "region": "FL",
        "country": "US",
        "road": "9th Avenue North",
        "postalcode": "33710"
      }
    },
    {
      "type": "Feature",
      "geometry": {
        "type": "Point",
        "coordinates": [
          -81.03430176,
          33.99842072
        ]
      },
      "properties": {
        "netid": "70:C9:4E:48:5D:AB",
        "ssid": null,
        "oui": "70:C9:4E",
        "channel": 36,
        "encryption": "wpa2",
        "firsttime": "2026-05-05T14:00:00.000Z",
        "lasttime": "2026-05-05T14:00:00.000Z",
        "city": "Columbia",
        "region": "SC",
        "country": "US",
        "road": "Assembly Street",
        "postalcode": "29201"
      }
    },
    {
      "type": "Feature",
      "geometry": {
        "type": "Point",
        "coordinates": [
          -97.75866699,
          29.98740768
        ]
      },
      "properties": {
        "netid": "70:C9:4E:48:5F:57",
        "ssid": null,
        "oui": "70:C9:4E",
        "channel": 161,
        "encryption": "unknown",
        "firsttime": "2026-03-03T16:00:00.000Z",
        "lasttime": "2026-03-03T09:00:00.000Z",
        "city": "Niederwald",
        "region": "TX",
        "country": "US",
        "road": "Camino Real",
        "postalcode": null
      }
    },
    {
      "type": "Feature",
      "geometry": {
        "type": "Point",
        "coordinates": [
          -97.80053711,
          32.42200851
        ]
      },
      "properties": {
        "netid": "70:C9:4E:48:64:4D",
        "ssid": null,
        "oui": "70:C9:4E",
        "channel": 44,
        "encryption": "none",
        "firsttime": "2026-08-23T12:00:00.000Z",
        "lasttime": "2026-08-23T11:00:00.000Z",
        "city": "Granbury",
        "region": "TX",
        "country": "US",
        "road": "Spanish Flower Drive",
        "postalcode": "76048"
      }
    },
    {
      "type": "Feature",
      "geometry": {
        "type": "Point",
        "coordinates": [
          -71.06575775,
          42.28001404
        ]
      },
      "properties": {
        "netid": "70:C9:4E:48:6A:F5",
        "ssid": null,
        "oui": "70:C9:4E",
        "channel": 1,
        "encryption": "wpa2",
        "firsttime": "2026-06-28T02:00:00.000Z",
        "lasttime": "2026-06-27T19:00:00.000Z",
        "city": "Boston",
        "region": "MA",
        "country": "US",
        "road": "Gallivan Boulevard",
        "postalcode": "02124"
      }
    },
    {
      "type": "Feature",
      "geometry": {
        "type": "Point",
        "coordinates": [
          -85.57161713,
          38.20020676
        ]
      },
      "properties": {
        "netid": "70:C9:4E:49:91:6E",
        "ssid": null,
        "oui": "70:C9:4E",
        "channel": 0,
        "encryption": "wpa2",
        "firsttime": "2026-04-01T09:00:00.000Z",
        "lasttime": "2026-04-01T11:00:00.000Z",
        "city": null,
        "region": "KY",
        "country": "US",
        "road": "Taylorsville Road",
        "postalcode": "40299"
      }
    },
    {
      "type": "Feature",
      "geometry": {
        "type": "Point",
        "coordinates": [
          -98.12633514,
          37.64369965
        ]
      },
      "properties": {
        "netid": "70:C9:4E:49:92:AB",
        "ssid": null,
        "oui": "70:C9:4E",
        "channel": 1,
        "encryption": "unknown",
        "firsttime": "2026-07-20T15:00:00.000Z",
        "lasttime": "2026-07-20T13:00:00.000Z",
        "city": null,
        "region": "KS",
        "country": "US",
        "road": "Ninnescah",
        "postalcode": "67068"
      }
    },
    {
      "type": "Feature",
      "geometry": {
        "type": "Point",
        "coordinates": [
          -73.5963974,
          41.84438705
        ]
      },
      "properties": {
        "netid": "70:C9:4E:49:C8:07",
        "ssid": null,
        "oui": "70:C9:4E",
        "channel": 0,
        "encryption": "none",
        "firsttime": "2024-06-17T20:00:00.000Z",
        "lasttime": "2025-10-03T11:00:00.000Z",
        "city": null,
        "region": "NY",
        "country": "US",
        "road": "US 44",
        "postalcode": "12545"
      }
    },
    {
      "type": "Feature",
      "geometry": {
        "type": "Point",
        "coordinates": [
          7.29845095,
          49.97161484
        ]
      },
      "properties": {
        "netid": "70:C9:4E:4A:02:33",
        "ssid": "Flock",
        "oui": "70:C9:4E",
        "channel": 1,
        "encryption": "wpa2",
        "firsttime": "2026-08-17T13:00:00.000Z",
        "lasttime": "2026-08-22T07:00:00.000Z",
        "city": null,
        "region": "Rheinland-Pfalz",
        "country": "DE",
        "road": "L 193",
        "postalcode": "56858"
      }
    },
    {
      "type": "Feature",
      "geometry": {
        "type": "Point",
        "coordinates": [
          -117.88516235,
          33.72810745
        ]
      },
      "properties": {
        "netid": "70:C9:4E:4A:3E:1E",
        "ssid": null,
        "oui": "70:C9:4E",
        "channel": 1,
        "encryption": "wpa2",
        "firsttime": "2026-08-12T23:00:00.000Z",
        "lasttime": "2026-08-13T10:00:00.000Z",
        "city": "Santa Ana",
        "region": "CA",
        "country": "US",
        "road": "Bristol Street",
        "postalcode": "72707"
      }
    },
    {
      "type": "Feature",
      "geometry": {
        "type": "Point",
        "coordinates": [
          11.86339188,
          47.1668129
        ]
      },
      "properties": {
        "netid": "70:C9:4E:4A:52:0D",
        "ssid": null,
        "oui": "70:C9:4E",
        "channel": 7,
        "encryption": "unknown",
        "firsttime": "2024-10-25T13:00:00.000Z",
        "lasttime": "2024-10-25T06:00:00.000Z",
        "city": null,
        "region": "Tirol",
        "country": "AT",
        "road": "Pfarrer-Krapf-Stra\u00dfe",
        "postalcode": "6290"
      }
    },
    {
      "type": "Feature",
      "geometry": {
        "type": "Point",
        "coordinates": [
          5.448071,
          51.42078781
        ]
      },
      "properties": {
        "netid": "70:C9:4E:4A:7E:B6",
        "ssid": "Flock",
        "oui": "70:C9:4E",
        "channel": 1,
        "encryption": "wpa2",
        "firsttime": "2026-08-23T12:00:00.000Z",
        "lasttime": "2026-08-23T07:00:00.000Z",
        "city": "Eindhoven",
        "region": "Noord-Brabant",
        "country": "NL",
        "road": "Karel de Grotelaan",
        "postalcode": "5653HD"
      }
    },
    {
      "type": "Feature",
      "geometry": {
        "type": "Point",
        "coordinates": [
          22.5510788,
          51.26424408
        ]
      },
      "properties": {
        "netid": "70:C9:4E:4A:80:31",
        "ssid": "Flock",
        "oui": "70:C9:4E",
        "channel": 1,
        "encryption": "wpa2",
        "firsttime": "2026-07-30T11:00:00.000Z",
        "lasttime": "2026-08-13T12:00:00.000Z",
        "city": "Lublin",
        "region": "wojew\u00f3dztwo lubelskie",
        "country": "PL",
        "road": "Kompozytor\u00f3w Polskich",
        "postalcode": "20-864"
      }
    },
    {
      "type": "Feature",
      "geometry": {
        "type": "Point",
        "coordinates": [
          12.28424263,
          41.73291779
        ]
      },
      "properties": {
        "netid": "70:C9:4E:4A:D6:67",
        "ssid": "Flock",
        "oui": "70:C9:4E",
        "channel": 1,
        "encryption": "wpa2",
        "firsttime": "2026-08-13T05:00:00.000Z",
        "lasttime": "2026-08-29T13:00:00.000Z",
        "city": "Roma",
        "region": "Lazio",
        "country": "IT",
        "road": "Piazzale della Stazione del Lido",
        "postalcode": "00122"
      }
    },
    {
      "type": "Feature",
      "geometry": {
        "type": "Point",
        "coordinates": [
          9.02051544,
          56.56695557
        ]
      },
      "properties": {
        "netid": "70:C9:4E:4A:DA:10",
        "ssid": "Flock",
        "oui": "70:C9:4E",
        "channel": 1,
        "encryption": "wpa2",
        "firsttime": "2026-07-25T15:00:00.000Z",
        "lasttime": "2026-07-25T14:00:00.000Z",
        "city": null,
        "region": "Region Midtjylland",
        "country": "DK",
        "road": "M\u00f8llegade",
        "postalcode": "7800"
      }
    },
    {
      "type": "Feature",
      "geometry": {
        "type": "Point",
        "coordinates": [
          9.08551407,
          45.43135834
        ]
      },
      "properties": {
        "netid": "70:C9:4E:4A:DD:AB",
        "ssid": "Flock",
        "oui": "70:C9:4E",
        "channel": 1,
        "encryption": "wpa2",
        "firsttime": "2026-07-15T09:00:00.000Z",
        "lasttime": "2026-08-09T07:00:00.000Z",
        "city": "Corsico",
        "region": "Lombardia",
        "country": "IT",
        "road": "SS494",
        "postalcode": "20090"
      }
    },
    {
      "type": "Feature",
      "geometry": {
        "type": "Point",
        "coordinates": [
          -82.65188599,
          27.78797722
        ]
      },
      "properties": {
        "netid": "70:C9:4E:4A:F5:8B",
        "ssid": null,
        "oui": "70:C9:4E",
        "channel": 0,
        "encryption": "unknown",
        "firsttime": "2025-09-12T22:00:00.000Z",
        "lasttime": "2025-09-15T19:00:00.000Z",
        "city": "Saint Petersburg",
        "region": "FL",
        "country": "US",
        "road": "17th Avenue North",
        "postalcode": "33704"
      }
    },
    {
      "type": "Feature",
      "geometry": {
        "type": "Point",
        "coordinates": [
          -74.0668335,
          40.72011948
        ]
      },
      "properties": {
        "netid": "70:C9:4E:4A:F7:80",
        "ssid": null,
        "oui": "70:C9:4E",
        "channel": 1,
        "encryption": "unknown",
        "firsttime": "2025-06-02T14:00:00.000Z",
        "lasttime": "2025-07-07T07:00:00.000Z",
        "city": "Jersey City",
        "region": "NJ",
        "country": "US",
        "road": "Summit Avenue",
        "postalcode": "07302:07306"
      }
    },
    {
      "type": "Feature",
      "geometry": {
        "type": "Point",
        "coordinates": [
          -116.81162262,
          47.73215485
        ]
      },
      "properties": {
        "netid": "70:C9:4E:4C:83:C1",
        "ssid": null,
        "oui": "70:C9:4E",
        "channel": 10,
        "encryption": "none",
        "firsttime": "2026-08-21T15:00:00.000Z",
        "lasttime": "2026-08-21T16:00:00.000Z",
        "city": "Coeur d'Alene",
        "region": "ID",
        "country": "US",
        "road": "West Shaker Court",
        "postalcode": "83815"
      }
    },
    {
      "type": "Feature",
      "geometry": {
        "type": "Point",
        "coordinates": [
          -76.52198792,
          39.35129547
        ]
      },
      "properties": {
        "netid": "70:C9:4E:4C:A6:A9",
        "ssid": null,
        "oui": "70:C9:4E",
        "channel": 10,
        "encryption": "unknown",
        "firsttime": "2026-05-23T21:00:00.000Z",
        "lasttime": "2026-08-23T20:00:00.000Z",
        "city": null,
        "region": "MD",
        "country": "US",
        "road": "Dale Avenue",
        "postalcode": "21206"
      }
    },
    {
      "type": "Feature",
      "geometry": {
        "type": "Point",
        "coordinates": [
          -82.65547943,
          34.51943207
        ]
      },
      "properties": {
        "netid": "70:C9:4E:4C:AD:DB",
        "ssid": null,
        "oui": "70:C9:4E",
        "channel": 13,
        "encryption": "unknown",
        "firsttime": "2025-07-25T20:00:00.000Z",
        "lasttime": "2025-07-25T14:00:00.000Z",
        "city": "Anderson",
        "region": "SC",
        "country": "US",
        "road": "North Main Street",
        "postalcode": "29621"
      }
    },
    {
      "type": "Feature",
      "geometry": {
        "type": "Point",
        "coordinates": [
          -93.74188232,
          41.58040237
        ]
      },
      "properties": {
        "netid": "70:C9:4E:4C:B1:AC",
        "ssid": null,
        "oui": "70:C9:4E",
        "channel": 5,
        "encryption": "unknown",
        "firsttime": "2026-07-03T01:00:00.000Z",
        "lasttime": "2026-07-02T19:00:00.000Z",
        "city": "West Des Moines",
        "region": "IA",
        "country": "US",
        "road": "Vine Street",
        "postalcode": "50265"
      }
    },
    {
      "type": "Feature",
      "geometry": {
        "type": "Point",
        "coordinates": [
          -82.67023468,
          27.71927452
        ]
      },
      "properties": {
        "netid": "70:C9:4E:4C:C5:C9",
        "ssid": null,
        "oui": "70:C9:4E",
        "channel": 8,
        "encryption": "unknown",
        "firsttime": "2025-08-15T21:00:00.000Z",
        "lasttime": "2025-11-26T13:00:00.000Z",
        "city": "Saint Petersburg",
        "region": "FL",
        "country": "US",
        "road": "54th Avenue South",
        "postalcode": "33712"
      }
    },
    {
      "type": "Feature",
      "geometry": {
        "type": "Point",
        "coordinates": [
          -81.44033051,
          39.41437149
        ]
      },
      "properties": {
        "netid": "70:C9:4E:4C:CD:E0",
        "ssid": null,
        "oui": "70:C9:4E",
        "channel": 4,
        "encryption": "none",
        "firsttime": "2026-08-03T10:00:00.000Z",
        "lasttime": "2026-08-03T19:00:00.000Z",
        "city": null,
        "region": "OH",
        "country": "US",
        "road": "Pike Street",
        "postalcode": "45750"
      }
    },
    {
      "type": "Feature",
      "geometry": {
        "type": "Point",
        "coordinates": [
          -122.6619873,
          45.52295685
        ]
      },
      "properties": {
        "netid": "70:C9:4E:4C:DA:2B",
        "ssid": null,
        "oui": "70:C9:4E",
        "channel": 1,
        "encryption": "wpa2",
        "firsttime": "2026-08-16T22:00:00.000Z",
        "lasttime": "2026-08-20T20:00:00.000Z",
        "city": "Portland",
        "region": "OR",
        "country": "US",
        "road": "East Burnside Street",
        "postalcode": "97240"
      }
    },
    {
      "type": "Feature",
      "geometry": {
        "type": "Point",
        "coordinates": [
          -97.95597076,
          34.01924515
        ]
      },
      "properties": {
        "netid": "70:C9:4E:4C:DA:E3",
        "ssid": "Flock",
        "oui": "70:C9:4E",
        "channel": 1,
        "encryption": "wpa2",
        "firsttime": "2026-06-04T20:00:00.000Z",
        "lasttime": "2026-07-25T14:00:00.000Z",
        "city": null,
        "region": "OK",
        "country": "US",
        "road": "6th Street",
        "postalcode": "73565"
      }
    },
    {
      "type": "Feature",
      "geometry": {
        "type": "Point",
        "coordinates": [
          -93.59683228,
          41.54689407
        ]
      },
      "properties": {
        "netid": "70:C9:4E:4C:DA:FE",
        "ssid": null,
        "oui": "70:C9:4E",
        "channel": 1,
        "encryption": "unknown",
        "firsttime": "2026-08-13T10:00:00.000Z",
        "lasttime": "2026-08-13T18:00:00.000Z",
        "city": "Des Moines",
        "region": "IA",
        "country": "US",
        "road": "Southeast 14th Street",
        "postalcode": "50320"
      }
    },
    {
      "type": "Feature",
      "geometry": {
        "type": "Point",
        "coordinates": [
          -92.31941223,
          41.69555664
        ]
      },
      "properties": {
        "netid": "70:C9:4E:4C:E4:86",
        "ssid": null,
        "oui": "70:C9:4E",
        "channel": 7,
        "encryption": "unknown",
        "firsttime": "2022-07-30T20:00:00.000Z",
        "lasttime": "2026-08-09T20:00:00.000Z",
        "city": null,
        "region": "IA",
        "country": "US",
        "road": "I 80",
        "postalcode": "52347"
      }
    },
    {
      "type": "Feature",
      "geometry": {
        "type": "Point",
        "coordinates": [
          -115.03436279,
          36.0877533
        ]
      },
      "properties": {
        "netid": "70:C9:4E:4C:EC:46",
        "ssid": null,
        "oui": "70:C9:4E",
        "channel": 0,
        "encryption": "unknown",
        "firsttime": "2025-05-16T22:00:00.000Z",
        "lasttime": "2025-05-20T15:00:00.000Z",
        "city": null,
        "region": "NV",
        "country": "US",
        "road": "Boulder Highway",
        "postalcode": "89122-7451"
      }
    },
    {
      "type": "Feature",
      "geometry": {
        "type": "Point",
        "coordinates": [
          -70.26538849,
          44.25875854
        ]
      },
      "properties": {
        "netid": "70:C9:4E:4C:FE:D2",
        "ssid": null,
        "oui": "70:C9:4E",
        "channel": 6,
        "encryption": "none",
        "firsttime": "2026-08-27T09:00:00.000Z",
        "lasttime": "2026-08-27T09:00:00.000Z",
        "city": null,
        "region": "ME",
        "country": "US",
        "road": "Buckfield Road",
        "postalcode": "04282"
      }
    },
    {
      "type": "Feature",
      "geometry": {
        "type": "Point",
        "coordinates": [
          -77.76566315,
          34.32164764
        ]
      },
      "properties": {
        "netid": "70:C9:4E:4D:0C:DB",
        "ssid": "Flock",
        "oui": "70:C9:4E",
        "channel": 1,
        "encryption": "wpa2",
        "firsttime": "2026-08-03T02:00:00.000Z",
        "lasttime": "2026-08-02T19:00:00.000Z",
        "city": null,
        "region": "NC",
        "country": "US",
        "road": "US 17",
        "postalcode": "28443"
      }
    },
    {
      "type": "Feature",
      "geometry": {
        "type": "Point",
        "coordinates": [
          44.51688004,
          40.18474197
        ]
      },
      "properties": {
        "netid": "70:C9:4E:4D:50:76",
        "ssid": "ESC-425 7957",
        "oui": "70:C9:4E",
        "channel": 11,
        "encryption": "wpa2",
        "firsttime": "2026-02-15T12:00:00.000Z",
        "lasttime": "2026-02-16T04:00:00.000Z",
        "city": "\u0535\u0580\u0587\u0561\u0576",
        "region": "\u0535\u0580\u0587\u0561\u0576",
        "country": "AM",
        "road": "\u054f\u0565\u0580\u0575\u0561\u0576 \u0583\u0578\u0572\u0578\u0581",
        "postalcode": "0001"
      }
    },
    {
      "type": "Feature",
      "geometry": {
        "type": "Point",
        "coordinates": [
          10.86655998,
          59.9274292
        ]
      },
      "properties": {
        "netid": "70:C9:4E:4E:0E:13",
        "ssid": "DIRECT-LZLAPTOP-2AQ2IJV5msYS",
        "oui": "70:C9:4E",
        "channel": 1,
        "encryption": "wpa2",
        "firsttime": "2024-08-31T16:00:00.000Z",
        "lasttime": "2025-10-18T02:00:00.000Z",
        "city": "Oslo",
        "region": "Bjerkly",
        "country": "NO",
        "road": "Pilestien",
        "postalcode": "0675"
      }
    },
    {
      "type": "Feature",
      "geometry": {
        "type": "Point",
        "coordinates": [
          27.98302269,
          -26.24285316
        ]
      },
      "properties": {
        "netid": "70:C9:4E:4E:19:40",
        "ssid": "DIRECT-WOLAPTOP-D9DAJKA1msFJ",
        "oui": "70:C9:4E",
        "channel": 4,
        "encryption": "wpa2",
        "firsttime": "2024-09-03T13:00:00.000Z",
        "lasttime": "2024-09-14T04:00:00.000Z",
        "city": "Johannesburg",
        "region": "Gauteng",
        "country": "ZA",
        "road": "Recreation Road",
        "postalcode": "2001"
      }
    },
    {
      "type": "Feature",
      "geometry": {
        "type": "Point",
        "coordinates": [
          -106.1581192,
          35.5268631
        ]
      },
      "properties": {
        "netid": "70:C9:4E:4E:38:82",
        "ssid": "DIRECT-QLLAPTOP-E2CO0CHDmsGM",
        "oui": "70:C9:4E",
        "channel": 11,
        "encryption": "wpa2",
        "firsttime": "2019-12-28T17:00:00.000Z",
        "lasttime": "2025-03-08T22:00:00.000Z",
        "city": null,
        "region": "NM",
        "country": "US",
        "road": "I 25",
        "postalcode": null
      }
    },
    {
      "type": "Feature",
      "geometry": {
        "type": "Point",
        "coordinates": [
          -100.94918823,
          25.54321671
        ]
      },
      "properties": {
        "netid": "70:C9:4E:50:1E:47",
        "ssid": "i-Scan@80CE624878B",
        "oui": "70:C9:4E",
        "channel": 1,
        "encryption": "wpa2",
        "firsttime": "2023-03-16T19:00:00.000Z",
        "lasttime": "2024-10-24T17:00:00.000Z",
        "city": null,
        "region": "Coahuila",
        "country": "MX",
        "road": "Calle Gustavo Espinosa Mireles",
        "postalcode": "25900"
      }
    },
    {
      "type": "Feature",
      "geometry": {
        "type": "Point",
        "coordinates": [
          -99.146698,
          19.37218094
        ]
      },
      "properties": {
        "netid": "70:C9:4E:50:31:39",
        "ssid": "DESKTOP-OVOG3QN 7711",
        "oui": "70:C9:4E",
        "channel": 11,
        "encryption": "wpa2",
        "firsttime": "2025-02-03T00:00:00.000Z",
        "lasttime": "2025-02-11T17:00:00.000Z",
        "city": "Ciudad de M\u00e9xico",
        "region": "Colonia Albert",
        "country": "MX",
        "road": "Calle Santa Cruz",
        "postalcode": "03660"
      }
    },
    {
      "type": "Feature",
      "geometry": {
        "type": "Point",
        "coordinates": [
          17.13876343,
          48.16389084
        ]
      },
      "properties": {
        "netid": "70:C9:4E:50:32:2B",
        "ssid": "recepcia3-wifi",
        "oui": "70:C9:4E",
        "channel": 11,
        "encryption": "wpa2",
        "firsttime": "2019-03-27T16:00:00.000Z",
        "lasttime": "2026-04-02T07:00:00.000Z",
        "city": "Bratislava",
        "region": "Bratislavsk\u00fd kraj",
        "country": "SK",
        "road": "Bajkalsk\u00e1",
        "postalcode": "831 04"
      }
    },
    {
      "type": "Feature",
      "geometry": {
        "type": "Point",
        "coordinates": [
          -77.20809937,
          40.19996262
        ]
      },
      "properties": {
        "netid": "70:C9:4E:50:4A:C9",
        "ssid": null,
        "oui": "70:C9:4E",
        "channel": 1,
        "encryption": "none",
        "firsttime": "2026-09-02T10:00:00.000Z",
        "lasttime": "2026-09-02T08:00:00.000Z",
        "city": null,
        "region": "PA",
        "country": "US",
        "road": "West South Street",
        "postalcode": "17013"
      }
    },
    {
      "type": "Feature",
      "geometry": {
        "type": "Point",
        "coordinates": [
          -99.16181946,
          19.44086075
        ]
      },
      "properties": {
        "netid": "70:C9:4E:50:4B:3B",
        "ssid": "6597",
        "oui": "70:C9:4E",
        "channel": 11,
        "encryption": "wpa2",
        "firsttime": "2025-07-24T19:00:00.000Z",
        "lasttime": "2026-07-16T14:00:00.000Z",
        "city": "Ciudad de M\u00e9xico",
        "region": "Colonia San Rafael Ticom\u00e1n",
        "country": "MX",
        "road": "Calle Ignacio Altamirano",
        "postalcode": "06470"
      }
    },
    {
      "type": "Feature",
      "geometry": {
        "type": "Point",
        "coordinates": [
          11.98392868,
          51.45553589
        ]
      },
      "properties": {
        "netid": "70:C9:4E:50:F3:3E",
        "ssid": null,
        "oui": "70:C9:4E",
        "channel": 255,
        "encryption": "unknown",
        "firsttime": "2026-03-15T12:00:00.000Z",
        "lasttime": "2026-07-31T09:00:00.000Z",
        "city": "Halle",
        "region": "Sachsen-Anhalt",
        "country": "DE",
        "road": "Merseburger Stra\u00dfe",
        "postalcode": "06130"
      }
    },
    {
      "type": "Feature",
      "geometry": {
        "type": "Point",
        "coordinates": [
          -122.20681763,
          47.8794632
        ]
      },
      "properties": {
        "netid": "70:C9:4E:51:D9:3D",
        "ssid": "DIRECT-NTDESKTOP-RIH869NmsM1",
        "oui": "70:C9:4E",
        "channel": 1,
        "encryption": "wpa2",
        "firsttime": "2023-07-26T12:00:00.000Z",
        "lasttime": "2025-04-14T05:00:00.000Z",
        "city": "Everett",
        "region": "WA",
        "country": "US",
        "road": "Bothell-Everett Highway",
        "postalcode": "98208"
      }
    },
    {
      "type": "Feature",
      "geometry": {
        "type": "Point",
        "coordinates": [
          -122.38167572,
          47.55031967
        ]
      },
      "properties": {
        "netid": "70:C9:4E:51:D9:CF",
        "ssid": "DESKTOP-P9451PM 0686",
        "oui": "70:C9:4E",
        "channel": 11,
        "encryption": "wpa2",
        "firsttime": "2021-03-23T12:00:00.000Z",
        "lasttime": "2025-01-15T11:00:00.000Z",
        "city": "Seattle",
        "region": "WA",
        "country": "US",
        "road": "39th Avenue Southwest",
        "postalcode": "98126"
      }
    },
    {
      "type": "Feature",
      "geometry": {
        "type": "Point",
        "coordinates": [
          -82.65732574,
          34.52704239
        ]
      },
      "properties": {
        "netid": "70:C9:4E:51:FB:C5",
        "ssid": null,
        "oui": "70:C9:4E",
        "channel": 1,
        "encryption": "unknown",
        "firsttime": "2025-07-28T13:00:00.000Z",
        "lasttime": "2025-07-28T13:00:00.000Z",
        "city": "Anderson",
        "region": "SC",
        "country": "US",
        "road": "Bailey Court",
        "postalcode": "19621"
      }
    },
    {
      "type": "Feature",
      "geometry": {
        "type": "Point",
        "coordinates": [
          -110.95054626,
          29.08089447
        ]
      },
      "properties": {
        "netid": "70:C9:4E:52:0D:E9",
        "ssid": "TERAPIA3 6702",
        "oui": "70:C9:4E",
        "channel": 11,
        "encryption": "wpa2",
        "firsttime": "2024-08-30T02:00:00.000Z",
        "lasttime": "2024-10-24T17:00:00.000Z",
        "city": "Hermosillo",
        "region": "Sonora",
        "country": "MX",
        "road": "Luis Donaldo Colosio",
        "postalcode": "83190"
      }
    },
    {
      "type": "Feature",
      "geometry": {
        "type": "Point",
        "coordinates": [
          -116.81362152,
          43.54533005
        ]
      },
      "properties": {
        "netid": "70:C9:4E:52:23:BB",
        "ssid": "DIRECT-MXDESKTOP-35CQGE1msaP",
        "oui": "70:C9:4E",
        "channel": 11,
        "encryption": "wpa2",
        "firsttime": "2025-03-08T22:00:00.000Z",
        "lasttime": "2025-03-09T01:00:00.000Z",
        "city": "Marsing",
        "region": "ID",
        "country": "US",
        "road": "Main Street",
        "postalcode": null
      }
    },
    {
      "type": "Feature",
      "geometry": {
        "type": "Point",
        "coordinates": [
          19.93280602,
          50.07745743
        ]
      },
      "properties": {
        "netid": "70:C9:4E:54:5D:AF",
        "ssid": null,
        "oui": "70:C9:4E",
        "channel": 9,
        "encryption": "none",
        "firsttime": "2026-08-30T19:00:00.000Z",
        "lasttime": "2026-08-30T11:00:00.000Z",
        "city": "Krak\u00f3w",
        "region": "wojew\u00f3dztwo ma\u0142opolskie",
        "country": "PL",
        "road": "Iwona Odrow\u0105\u017ca",
        "postalcode": "30-009"
      }
    },
    {
      "type": "Feature",
      "geometry": {
        "type": "Point",
        "coordinates": [
          -109.45357513,
          41.50187683
        ]
      },
      "properties": {
        "netid": "70:C9:4E:54:A1:47",
        "ssid": null,
        "oui": "70:C9:4E",
        "channel": 48,
        "encryption": "none",
        "firsttime": "2026-05-30T21:00:00.000Z",
        "lasttime": "2026-05-30T15:00:00.000Z",
        "city": null,
        "region": "WY",
        "country": "US",
        "road": "East Teton Boulevard",
        "postalcode": "82935"
      }
    },
    {
      "type": "Feature",
      "geometry": {
        "type": "Point",
        "coordinates": [
          113.75569153,
          -8.09591389
        ]
      },
      "properties": {
        "netid": "70:C9:4E:55:A6:FB",
        "ssid": "111",
        "oui": "70:C9:4E",
        "channel": 10,
        "encryption": "wpa2",
        "firsttime": "2024-09-15T10:00:00.000Z",
        "lasttime": "2024-09-15T05:00:00.000Z",
        "city": null,
        "region": "Jawa Timur",
        "country": "ID",
        "road": "JI-210",
        "postalcode": "68262"
      }
    },
    {
      "type": "Feature",
      "geometry": {
        "type": "Point",
        "coordinates": [
          7.59366322,
          51.22431183
        ]
      },
      "properties": {
        "netid": "70:C9:4E:56:A6:4F",
        "ssid": null,
        "oui": "70:C9:4E",
        "channel": 1,
        "encryption": "unknown",
        "firsttime": "2025-06-16T08:00:00.000Z",
        "lasttime": "2025-06-17T01:00:00.000Z",
        "city": null,
        "region": "Nordrhein-Westfalen",
        "country": "DE",
        "road": "Orffstra\u00dfe",
        "postalcode": "58509"
      }
    },
    {
      "type": "Feature",
      "geometry": {
        "type": "Point",
        "coordinates": [
          -117.9539566,
          34.04006958
        ]
      },
      "properties": {
        "netid": "70:C9:4E:59:0A:01",
        "ssid": null,
        "oui": "70:C9:4E",
        "channel": 7,
        "encryption": "wpa2",
        "firsttime": "2026-05-24T20:00:00.000Z",
        "lasttime": "2026-07-20T01:00:00.000Z",
        "city": "La Puente",
        "region": "CA",
        "country": "US",
        "road": "Aldgate Avenue",
        "postalcode": "91744"
      }
    },
    {
      "type": "Feature",
      "geometry": {
        "type": "Point",
        "coordinates": [
          -112.34003448,
          33.42556
        ]
      },
      "properties": {
        "netid": "70:C9:4E:59:6D:31",
        "ssid": null,
        "oui": "70:C9:4E",
        "channel": 36,
        "encryption": "wep",
        "firsttime": "2026-05-19T21:00:00.000Z",
        "lasttime": "2026-05-19T14:00:00.000Z",
        "city": "Avondale",
        "region": "AZ",
        "country": "US",
        "road": "South 9th Street",
        "postalcode": "85323"
      }
    },
    {
      "type": "Feature",
      "geometry": {
        "type": "Point",
        "coordinates": [
          -73.95430756,
          40.77812958
        ]
      },
      "properties": {
        "netid": "70:C9:4E:59:9D:CF",
        "ssid": null,
        "oui": "70:C9:4E",
        "channel": 40,
        "encryption": "wep",
        "firsttime": "2025-11-17T01:00:00.000Z",
        "lasttime": "2025-11-16T20:00:00.000Z",
        "city": "City of New York",
        "region": "NY",
        "country": "US",
        "road": "East 85th Street",
        "postalcode": "10028"
      }
    },
    {
      "type": "Feature",
      "geometry": {
        "type": "Point",
        "coordinates": [
          77.5488739,
          13.00540352
        ]
      },
      "properties": {
        "netid": "70:C9:4E:5A:17:D1",
        "ssid": "Bajaj Finance",
        "oui": "70:C9:4E",
        "channel": 11,
        "encryption": "wpa2",
        "firsttime": "2024-12-29T11:00:00.000Z",
        "lasttime": "2026-03-29T08:00:00.000Z",
        "city": "Bengaluru",
        "region": "Karnataka",
        "country": "IN",
        "road": "Chord Road",
        "postalcode": "560086"
      }
    },
    {
      "type": "Feature",
      "geometry": {
        "type": "Point",
        "coordinates": [
          -94.42198944,
          35.35617828
        ]
      },
      "properties": {
        "netid": "70:C9:4E:5A:4B:21",
        "ssid": null,
        "oui": "70:C9:4E",
        "channel": 1,
        "encryption": "unknown",
        "firsttime": "2026-07-18T17:00:00.000Z",
        "lasttime": "2026-07-18T19:00:00.000Z",
        "city": "Fort Smith",
        "region": "AR",
        "country": "US",
        "road": "Towson Avenue",
        "postalcode": "72901"
      }
    },
    {
      "type": "Feature",
      "geometry": {
        "type": "Point",
        "coordinates": [
          -74.06109619,
          40.71055984
        ]
      },
      "properties": {
        "netid": "70:C9:4E:5A:5A:0F",
        "ssid": null,
        "oui": "70:C9:4E",
        "channel": 5,
        "encryption": "unknown",
        "firsttime": "2025-06-06T18:00:00.000Z",
        "lasttime": "2025-07-07T07:00:00.000Z",
        "city": "Jersey City",
        "region": "NJ",
        "country": "US",
        "road": "Pine Street",
        "postalcode": "07304"
      }
    },
    {
      "type": "Feature",
      "geometry": {
        "type": "Point",
        "coordinates": [
          -85.60822296,
          38.21907425
        ]
      },
      "properties": {
        "netid": "70:C9:4E:5A:CB:09",
        "ssid": null,
        "oui": "70:C9:4E",
        "channel": 0,
        "encryption": "wpa2",
        "firsttime": "2026-04-01T10:00:00.000Z",
        "lasttime": "2026-04-01T11:00:00.000Z",
        "city": "Louisville",
        "region": "KY",
        "country": "US",
        "road": "Taylorsville Road",
        "postalcode": "40220"
      }
    },
    {
      "type": "Feature",
      "geometry": {
        "type": "Point",
        "coordinates": [
          4.41263914,
          51.19190979
        ]
      },
      "properties": {
        "netid": "70:C9:4E:5B:80:AB",
        "ssid": "Flock",
        "oui": "70:C9:4E",
        "channel": 1,
        "encryption": "wpa2",
        "firsttime": "2026-08-20T15:00:00.000Z",
        "lasttime": "2026-08-20T14:00:00.000Z",
        "city": null,
        "region": "Antwerpen",
        "country": "BE",
        "road": "N155",
        "postalcode": "2018"
      }
    },
    {
      "type": "Feature",
      "geometry": {
        "type": "Point",
        "coordinates": [
          4.41104984,
          51.19051743
        ]
      },
      "properties": {
        "netid": "70:C9:4E:5B:84:C3",
        "ssid": "Flock",
        "oui": "70:C9:4E",
        "channel": 1,
        "encryption": "wpa2",
        "firsttime": "2026-08-20T15:00:00.000Z",
        "lasttime": "2026-08-20T14:00:00.000Z",
        "city": null,
        "region": "Antwerpen",
        "country": "BE",
        "road": "R1",
        "postalcode": "2020"
      }
    },
    {
      "type": "Feature",
      "geometry": {
        "type": "Point",
        "coordinates": [
          74.99422455,
          12.50785637
        ]
      },
      "properties": {
        "netid": "70:C9:4E:5B:DD:0D",
        "ssid": "DESKTOP-H1VQB5H 1042",
        "oui": "70:C9:4E",
        "channel": 11,
        "encryption": "wpa2",
        "firsttime": "2025-11-27T13:00:00.000Z",
        "lasttime": "2025-11-27T06:00:00.000Z",
        "city": null,
        "region": "Kerala",
        "country": "IN",
        "road": "kotakani road",
        "postalcode": "671121"
      }
    },
    {
      "type": "Feature",
      "geometry": {
        "type": "Point",
        "coordinates": [
          106.80040741,
          -6.22700977
        ]
      },
      "properties": {
        "netid": "70:C9:4E:5C:7F:5F",
        "ssid": "AGUSPC 0276",
        "oui": "70:C9:4E",
        "channel": 11,
        "encryption": "wpa2",
        "firsttime": "2024-11-11T04:00:00.000Z",
        "lasttime": "2024-11-11T06:00:00.000Z",
        "city": "Daerah Khusus Ibukota Jakarta",
        "region": "Gelora",
        "country": "ID",
        "road": "Jalan Jenderal Sudirman",
        "postalcode": "10270"
      }
    },
    {
      "type": "Feature",
      "geometry": {
        "type": "Point",
        "coordinates": [
          -118.02708435,
          34.06313705
        ]
      },
      "properties": {
        "netid": "70:C9:4E:5C:8B:29",
        "ssid": "Flock",
        "oui": "70:C9:4E",
        "channel": 11,
        "encryption": "none",
        "firsttime": "2026-08-31T15:00:00.000Z",
        "lasttime": "2026-08-31T17:00:00.000Z",
        "city": "El Monte",
        "region": "CA",
        "country": "US",
        "road": "Meeker Avenue",
        "postalcode": "91732"
      }
    },
    {
      "type": "Feature",
      "geometry": {
        "type": "Point",
        "coordinates": [
          -78.29755402,
          -0.11233168
        ]
      },
      "properties": {
        "netid": "70:C9:4E:5C:90:EF",
        "ssid": "DIRECT-NFDESKTOP-K154UBOmsRJ",
        "oui": "70:C9:4E",
        "channel": 1,
        "encryption": "wpa2",
        "firsttime": "2025-04-12T19:00:00.000Z",
        "lasttime": "2025-04-12T17:00:00.000Z",
        "city": null,
        "region": "Pichincha",
        "country": "EC",
        "road": "El Quinche",
        "postalcode": "170911"
      }
    },
    {
      "type": "Feature",
      "geometry": {
        "type": "Point",
        "coordinates": [
          103.59928894,
          1.37899673
        ]
      },
      "properties": {
        "netid": "70:C9:4E:5C:A5:FF",
        "ssid": "DIRECT-ULDESKTOP-KUC4CKRmseJ",
        "oui": "70:C9:4E",
        "channel": 6,
        "encryption": "wpa2",
        "firsttime": "2023-10-28T15:00:00.000Z",
        "lasttime": "2024-12-29T19:00:00.000Z",
        "city": "Iskandar Puteri",
        "region": "Johor",
        "country": "MY",
        "road": "CIQ Sultan Abu Bakar Tanjung Kupang ke Malaysia (Motosikal)",
        "postalcode": "79250"
      }
    },
    {
      "type": "Feature",
      "geometry": {
        "type": "Point",
        "coordinates": [
          -123.9146347,
          46.14528275
        ]
      },
      "properties": {
        "netid": "70:C9:4E:5C:A9:13",
        "ssid": null,
        "oui": "70:C9:4E",
        "channel": 6,
        "encryption": "wpa2",
        "firsttime": "2026-08-15T23:00:00.000Z",
        "lasttime": "2026-08-15T19:00:00.000Z",
        "city": null,
        "region": "OR",
        "country": "US",
        "road": "Ensign Lane",
        "postalcode": "97146"
      }
    },
    {
      "type": "Feature",
      "geometry": {
        "type": "Point",
        "coordinates": [
          -90.24224091,
          38.62665176
        ]
      },
      "properties": {
        "netid": "70:C9:4E:5C:B1:B9",
        "ssid": null,
        "oui": "70:C9:4E",
        "channel": 11,
        "encryption": "wpa2",
        "firsttime": "2026-08-29T17:00:00.000Z",
        "lasttime": "2026-08-29T11:00:00.000Z",
        "city": "Saint Louis",
        "region": "MO",
        "country": "US",
        "road": "South 39th Street",
        "postalcode": "63110"
      }
    },
    {
      "type": "Feature",
      "geometry": {
        "type": "Point",
        "coordinates": [
          109.27850342,
          -7.44909048
        ]
      },
      "properties": {
        "netid": "70:C9:4E:5E:1D:89",
        "ssid": "PC 17",
        "oui": "70:C9:4E",
        "channel": 11,
        "encryption": "wpa2",
        "firsttime": "2026-04-14T05:00:00.000Z",
        "lasttime": "2026-04-14T01:00:00.000Z",
        "city": null,
        "region": "Jawa Tengah",
        "country": "ID",
        "road": "Jalan Supardjo Rustam",
        "postalcode": "53146"
      }
    },
    {
      "type": "Feature",
      "geometry": {
        "type": "Point",
        "coordinates": [
          -115.05355835,
          36.08028412
        ]
      },
      "properties": {
        "netid": "70:C9:4E:5E:1E:CB",
        "ssid": null,
        "oui": "70:C9:4E",
        "channel": 0,
        "encryption": "unknown",
        "firsttime": "2026-04-12T14:00:00.000Z",
        "lasttime": "2026-04-18T15:00:00.000Z",
        "city": "Henderson",
        "region": "NV",
        "country": "US",
        "road": "Whitney Ranch Drive",
        "postalcode": "89112"
      }
    },
    {
      "type": "Feature",
      "geometry": {
        "type": "Point",
        "coordinates": [
          -116.36289215,
          43.59416962
        ]
      },
      "properties": {
        "netid": "70:C9:4E:5E:1F:37",
        "ssid": "Flock",
        "oui": "70:C9:4E",
        "channel": 1,
        "encryption": "wpa2",
        "firsttime": "2026-08-13T13:00:00.000Z",
        "lasttime": "2026-08-21T18:00:00.000Z",
        "city": "Meridian",
        "region": "ID",
        "country": "US",
        "road": "Vietnam Veterans Memorial Highway",
        "postalcode": "83642"
      }
    },
    {
      "type": "Feature",
      "geometry": {
        "type": "Point",
        "coordinates": [
          -87.83482361,
          41.90333557
        ]
      },
      "properties": {
        "netid": "70:C9:4E:5E:2B:5D",
        "ssid": "Namira's hotspot",
        "oui": "70:C9:4E",
        "channel": 11,
        "encryption": "wpa2",
        "firsttime": "2025-01-26T19:00:00.000Z",
        "lasttime": "2025-02-11T08:00:00.000Z",
        "city": null,
        "region": "IL",
        "country": "US",
        "road": "1st Avenue",
        "postalcode": "60305"
      }
    },
    {
      "type": "Feature",
      "geometry": {
        "type": "Point",
        "coordinates": [
          55.38911438,
          25.35893822
        ]
      },
      "properties": {
        "netid": "70:C9:4E:5E:32:AF",
        "ssid": "AL SALAMA",
        "oui": "70:C9:4E",
        "channel": 7,
        "encryption": "wpa2",
        "firsttime": "2021-09-09T13:00:00.000Z",
        "lasttime": "2024-12-20T07:00:00.000Z",
        "city": "\u0627\u0644\u0634\u0627\u0631\u0642\u0629",
        "region": "\u0627\u0644\u0634\u0627\u0631\u0642\u0629",
        "country": "AE",
        "road": null,
        "postalcode": "20268"
      }
    },
    {
      "type": "Feature",
      "geometry": {
        "type": "Point",
        "coordinates": [
          22.54255867,
          51.26702499
        ]
      },
      "properties": {
        "netid": "70:C9:4E:5E:44:49",
        "ssid": "Flock",
        "oui": "70:C9:4E",
        "channel": 1,
        "encryption": "wpa2",
        "firsttime": "2026-07-29T15:00:00.000Z",
        "lasttime": "2026-07-29T14:00:00.000Z",
        "city": "Lublin",
        "region": "wojew\u00f3dztwo lubelskie",
        "country": "PL",
        "road": "Koncertowa",
        "postalcode": "20-843"
      }
    },
    {
      "type": "Feature",
      "geometry": {
        "type": "Point",
        "coordinates": [
          106.80500031,
          -6.59993315
        ]
      },
      "properties": {
        "netid": "70:C9:4E:5E:62:91",
        "ssid": "hscipb2",
        "oui": "70:C9:4E",
        "channel": 11,
        "encryption": "wpa2",
        "firsttime": "2020-11-26T13:00:00.000Z",
        "lasttime": "2025-05-11T02:00:00.000Z",
        "city": "Bogor",
        "region": "Jawa Barat",
        "country": "ID",
        "road": "Jalan Raya Pajajaran",
        "postalcode": "16127"
      }
    },
    {
      "type": "Feature",
      "geometry": {
        "type": "Point",
        "coordinates": [
          46.68887329,
          24.68202782
        ]
      },
      "properties": {
        "netid": "70:C9:4E:5E:7E:FD",
        "ssid": "DESKTOP",
        "oui": "70:C9:4E",
        "channel": 9,
        "encryption": "wpa2",
        "firsttime": "2026-03-08T21:00:00.000Z",
        "lasttime": "2026-04-17T05:00:00.000Z",
        "city": null,
        "region": "\u0645\u0646\u0637\u0642\u0629 \u0627\u0644\u0631\u064a\u0627\u0636",
        "country": "SA",
        "road": null,
        "postalcode": "12211"
      }
    },
    {
      "type": "Feature",
      "geometry": {
        "type": "Point",
        "coordinates": [
          -117.8349762,
          33.72289276
        ]
      },
      "properties": {
        "netid": "70:C9:4E:60:7A:75",
        "ssid": null,
        "oui": "70:C9:4E",
        "channel": 1,
        "encryption": "wpa2",
        "firsttime": "2026-08-12T23:00:00.000Z",
        "lasttime": "2026-08-13T10:00:00.000Z",
        "city": "Tustin",
        "region": "CA",
        "country": "US",
        "road": "Newport Avenue",
        "postalcode": "92780"
      }
    },
    {
      "type": "Feature",
      "geometry": {
        "type": "Point",
        "coordinates": [
          -74.03257751,
          40.40491867
        ]
      },
      "properties": {
        "netid": "70:C9:4E:60:91:C7",
        "ssid": "Flock",
        "oui": "70:C9:4E",
        "channel": 1,
        "encryption": "wpa2",
        "firsttime": "2026-07-25T20:00:00.000Z",
        "lasttime": "2026-07-25T18:00:00.000Z",
        "city": null,
        "region": "NJ",
        "country": "US",
        "road": "Memorial Parkway",
        "postalcode": "07716"
      }
    },
    {
      "type": "Feature",
      "geometry": {
        "type": "Point",
        "coordinates": [
          8.52528667,
          47.53263855
        ]
      },
      "properties": {
        "netid": "70:C9:4E:60:95:19",
        "ssid": "DIRECT-SCDESKTOP-20I3JA2msFE",
        "oui": "70:C9:4E",
        "channel": 6,
        "encryption": "wpa2",
        "firsttime": "2025-06-24T16:00:00.000Z",
        "lasttime": "2025-07-31T19:00:00.000Z",
        "city": null,
        "region": "Z\u00fcrich",
        "country": "CH",
        "road": "Chellerhalsstrasse",
        "postalcode": "8180"
      }
    },
    {
      "type": "Feature",
      "geometry": {
        "type": "Point",
        "coordinates": [
          -97.33296204,
          37.68548965
        ]
      },
      "properties": {
        "netid": "70:C9:4E:60:98:65",
        "ssid": null,
        "oui": "70:C9:4E",
        "channel": 1,
        "encryption": "unknown",
        "firsttime": "2026-05-03T05:00:00.000Z",
        "lasttime": "2026-05-09T18:00:00.000Z",
        "city": "Wichita",
        "region": "KS",
        "country": "US",
        "road": "South Emporia Street",
        "postalcode": "67202"
      }
    },
    {
      "type": "Feature",
      "geometry": {
        "type": "Point",
        "coordinates": [
          -96.87641144,
          19.51206207
        ]
      },
      "properties": {
        "netid": "70:C9:4E:60:D3:61",
        "ssid": "LUGANO",
        "oui": "70:C9:4E",
        "channel": 11,
        "encryption": "wpa2",
        "firsttime": "2024-12-29T22:00:00.000Z",
        "lasttime": "2024-12-29T15:00:00.000Z",
        "city": "Xalapa",
        "region": "Veracruz",
        "country": "MX",
        "road": "Calle Lago de P\u00e1tzcuaro",
        "postalcode": "91193"
      }
    },
    {
      "type": "Feature",
      "geometry": {
        "type": "Point",
        "coordinates": [
          -100.37133026,
          25.70042801
        ]
      },
      "properties": {
        "netid": "70:C9:4E:60:D3:A3",
        "ssid": "DIASA_CEDIS01 8194",
        "oui": "70:C9:4E",
        "channel": 11,
        "encryption": "wpa2",
        "firsttime": "2026-02-27T21:00:00.000Z",
        "lasttime": "2026-02-27T13:00:00.000Z",
        "city": "Monterrey",
        "region": "Nuevo Le\u00f3n",
        "country": "MX",
        "road": "Boulevard Rogelio Cant\u00fa G\u00f3mez",
        "postalcode": "64610"
      }
    },
    {
      "type": "Feature",
      "geometry": {
        "type": "Point",
        "coordinates": [
          -74.06978607,
          4.62090588
        ]
      },
      "properties": {
        "netid": "70:C9:4E:61:1A:45",
        "ssid": "yoryina",
        "oui": "70:C9:4E",
        "channel": 11,
        "encryption": "wpa2",
        "firsttime": "2026-02-09T18:00:00.000Z",
        "lasttime": "2026-02-09T12:00:00.000Z",
        "city": "Bogot\u00e1",
        "region": "UPZs Localidad Santa Fe",
        "country": "CO",
        "road": "Avenida Carrera 14",
        "postalcode": "110311"
      }
    },
    {
      "type": "Feature",
      "geometry": {
        "type": "Point",
        "coordinates": [
          106.87758636,
          -6.24069452
        ]
      },
      "properties": {
        "netid": "70:C9:4E:61:1F:95",
        "ssid": "DIRECT-WVDIVISI2-KEU-06msky",
        "oui": "70:C9:4E",
        "channel": 1,
        "encryption": "wpa2",
        "firsttime": "2024-10-10T07:00:00.000Z",
        "lasttime": "2024-10-26T17:00:00.000Z",
        "city": "Daerah Khusus Ibukota Jakarta",
        "region": "Jatinegara",
        "country": "ID",
        "road": "Trans Jakarta Busway Koridor 10",
        "postalcode": "13420"
      }
    },
    {
      "type": "Feature",
      "geometry": {
        "type": "Point",
        "coordinates": [
          -82.63879395,
          27.8500824
        ]
      },
      "properties": {
        "netid": "70:C9:4E:61:37:89",
        "ssid": "111",
        "oui": "70:C9:4E",
        "channel": 1,
        "encryption": "wpa2",
        "firsttime": "2019-05-06T21:00:00.000Z",
        "lasttime": "2025-03-08T21:00:00.000Z",
        "city": "Saint Petersburg",
        "region": "FL",
        "country": "US",
        "road": "4th Street North",
        "postalcode": "33702"
      }
    },
    {
      "type": "Feature",
      "geometry": {
        "type": "Point",
        "coordinates": [
          -85.08779144,
          41.09780121
        ]
      },
      "properties": {
        "netid": "70:C9:4E:61:45:33",
        "ssid": "Flock",
        "oui": "70:C9:4E",
        "channel": 1,
        "encryption": "wpa2",
        "firsttime": "2026-07-28T20:00:00.000Z",
        "lasttime": "2026-07-29T06:00:00.000Z",
        "city": "Fort Wayne",
        "region": "IN",
        "country": "US",
        "road": "East State Boulevard",
        "postalcode": "46815"
      }
    },
    {
      "type": "Feature",
      "geometry": {
        "type": "Point",
        "coordinates": [
          37.47305679,
          55.7626915
        ]
      },
      "properties": {
        "netid": "70:C9:4E:61:5A:05",
        "ssid": "SIGNALNIYPC 4230",
        "oui": "70:C9:4E",
        "channel": 11,
        "encryption": "unknown",
        "firsttime": "2026-01-29T17:00:00.000Z",
        "lasttime": "2026-01-29T11:00:00.000Z",
        "city": "\u041c\u043e\u0441\u043a\u0432\u0430",
        "region": "\u041c\u043e\u0441\u043a\u0432\u0430",
        "country": "RU",
        "road": "\u043f\u0440\u043e\u0435\u043a\u0442\u0438\u0440\u0443\u0435\u043c\u044b\u0439 \u043f\u0440\u043e\u0435\u0437\u0434 \u2116 1166",
        "postalcode": "123423"
      }
    },
    {
      "type": "Feature",
      "geometry": {
        "type": "Point",
        "coordinates": [
          -116.39349365,
          43.64696121
        ]
      },
      "properties": {
        "netid": "70:C9:4E:63:32:FB",
        "ssid": null,
        "oui": "70:C9:4E",
        "channel": 44,
        "encryption": "wep",
        "firsttime": "2025-01-09T22:00:00.000Z",
        "lasttime": "2025-01-09T14:00:00.000Z",
        "city": "Meridian",
        "region": "ID",
        "country": "US",
        "road": "North Meridian Road",
        "postalcode": "83646"
      }
    },
    {
      "type": "Feature",
      "geometry": {
        "type": "Point",
        "coordinates": [
          -73.59038544,
          45.63360214
        ]
      },
      "properties": {
        "netid": "70:C9:4E:65:72:E7",
        "ssid": null,
        "oui": "70:C9:4E",
        "channel": 0,
        "encryption": "unknown",
        "firsttime": "2025-06-09T17:00:00.000Z",
        "lasttime": "2025-06-14T11:00:00.000Z",
        "city": "Montr\u00e9al",
        "region": "Qu\u00e9bec",
        "country": "CA",
        "road": "Avenue Cl\u00e9ment Ader",
        "postalcode": "H1E 5M9"
      }
    },
    {
      "type": "Feature",
      "geometry": {
        "type": "Point",
        "coordinates": [
          12.48490429,
          48.63822174
        ]
      },
      "properties": {
        "netid": "70:C9:4E:65:AA:E0",
        "ssid": null,
        "oui": "70:C9:4E",
        "channel": 165,
        "encryption": "unknown",
        "firsttime": "2025-02-26T17:00:00.000Z",
        "lasttime": "2025-02-27T01:00:00.000Z",
        "city": null,
        "region": "Bayern",
        "country": "DE",
        "road": "Brumather Stra\u00dfe",
        "postalcode": "84130"
      }
    },
    {
      "type": "Feature",
      "geometry": {
        "type": "Point",
        "coordinates": [
          -79.39582062,
          43.78404236
        ]
      },
      "properties": {
        "netid": "70:C9:4E:67:E5:85",
        "ssid": "Flock",
        "oui": "70:C9:4E",
        "channel": 1,
        "encryption": "wpa2",
        "firsttime": "2026-06-14T14:00:00.000Z",
        "lasttime": "2026-06-18T10:00:00.000Z",
        "city": "Toronto",
        "region": "Ontario",
        "country": "CA",
        "road": "Finch Avenue East",
        "postalcode": "M2N 4S5"
      }
    },
    {
      "type": "Feature",
      "geometry": {
        "type": "Point",
        "coordinates": [
          12.13274479,
          48.21220779
        ]
      },
      "properties": {
        "netid": "70:C9:4E:68:F3:40",
        "ssid": null,
        "oui": "70:C9:4E",
        "channel": 3,
        "encryption": "unknown",
        "firsttime": "2025-02-26T15:00:00.000Z",
        "lasttime": "2025-02-27T01:00:00.000Z",
        "city": "Sankt Wolfgang",
        "region": "Bayern",
        "country": "DE",
        "road": "Lappacher Stra\u00dfe",
        "postalcode": "84427"
      }
    },
    {
      "type": "Feature",
      "geometry": {
        "type": "Point",
        "coordinates": [
          138.54606628,
          -34.96972275
        ]
      },
      "properties": {
        "netid": "70:C9:4E:69:0D:6B",
        "ssid": null,
        "oui": "70:C9:4E",
        "channel": 11,
        "encryption": "none",
        "firsttime": "2026-08-31T17:00:00.000Z",
        "lasttime": "2026-08-31T01:00:00.000Z",
        "city": "Adelaide",
        "region": "South Australia",
        "country": "AU",
        "road": "Anzac Highway",
        "postalcode": "5038"
      }
    },
    {
      "type": "Feature",
      "geometry": {
        "type": "Point",
        "coordinates": [
          17.31396675,
          51.0259552
        ]
      },
      "properties": {
        "netid": "70:C9:4E:69:48:FB",
        "ssid": null,
        "oui": "70:C9:4E",
        "channel": 1,
        "encryption": "none",
        "firsttime": "2026-09-02T12:00:00.000Z",
        "lasttime": "2026-09-02T08:00:00.000Z",
        "city": null,
        "region": "wojew\u00f3dztwo dolno\u015bl\u0105skie",
        "country": "PL",
        "road": "Technik\u00f3w",
        "postalcode": "55-220"
      }
    },
    {
      "type": "Feature",
      "geometry": {
        "type": "Point",
        "coordinates": [
          106.82704926,
          -6.24016094
        ]
      },
      "properties": {
        "netid": "70:C9:4E:69:B9:3D",
        "ssid": "KEPO LO !!",
        "oui": "70:C9:4E",
        "channel": 11,
        "encryption": "wpa2",
        "firsttime": "2001-01-01T00:00:00.000Z",
        "lasttime": "2025-06-27T04:00:00.000Z",
        "city": "Daerah Khusus Ibukota Jakarta",
        "region": "Mampang Prapatan",
        "country": "ID",
        "road": "Jalan Kapten Tendean",
        "postalcode": "12790"
      }
    },
    {
      "type": "Feature",
      "geometry": {
        "type": "Point",
        "coordinates": [
          18.43753242,
          -33.73180389
        ]
      },
      "properties": {
        "netid": "70:C9:4E:6A:C3:97",
        "ssid": null,
        "oui": "70:C9:4E",
        "channel": 161,
        "encryption": "wep",
        "firsttime": "2026-08-30T09:00:00.000Z",
        "lasttime": "2026-08-31T01:00:00.000Z",
        "city": null,
        "region": "Western Cape",
        "country": "ZA",
        "road": "2nd Avenue",
        "postalcode": null
      }
    },
    {
      "type": "Feature",
      "geometry": {
        "type": "Point",
        "coordinates": [
          -72.46477509,
          41.33325577
        ]
      },
      "properties": {
        "netid": "70:C9:4E:6A:E1:59",
        "ssid": null,
        "oui": "70:C9:4E",
        "channel": 48,
        "encryption": "none",
        "firsttime": "2026-08-20T20:00:00.000Z",
        "lasttime": "2026-08-20T19:00:00.000Z",
        "city": null,
        "region": "CT",
        "country": "US",
        "road": "Lynne Road",
        "postalcode": "06498"
      }
    },
    {
      "type": "Feature",
      "geometry": {
        "type": "Point",
        "coordinates": [
          9.45290947,
          51.30954361
        ]
      },
      "properties": {
        "netid": "70:C9:4E:6C:52:F7",
        "ssid": null,
        "oui": "70:C9:4E",
        "channel": 1,
        "encryption": "unknown",
        "firsttime": "2026-02-18T11:00:00.000Z",
        "lasttime": "2026-02-18T08:00:00.000Z",
        "city": "Kassel",
        "region": "Hessen",
        "country": "DE",
        "road": "Virchowstra\u00dfe",
        "postalcode": "34121"
      }
    },
    {
      "type": "Feature",
      "geometry": {
        "type": "Point",
        "coordinates": [
          -73.9848175,
          40.77169037
        ]
      },
      "properties": {
        "netid": "70:C9:4E:6D:CB:2F",
        "ssid": null,
        "oui": "70:C9:4E",
        "channel": 8,
        "encryption": "unknown",
        "firsttime": "2024-10-19T12:00:00.000Z",
        "lasttime": "2024-10-19T05:00:00.000Z",
        "city": "City of New York",
        "region": "NY",
        "country": "US",
        "road": "West 62nd Street",
        "postalcode": "10023"
      }
    },
    {
      "type": "Feature",
      "geometry": {
        "type": "Point",
        "coordinates": [
          -73.569664,
          45.50298691
        ]
      },
      "properties": {
        "netid": "70:C9:4E:6D:CB:41",
        "ssid": null,
        "oui": "70:C9:4E",
        "channel": 0,
        "encryption": "unknown",
        "firsttime": "2025-04-17T06:00:00.000Z",
        "lasttime": "2025-04-17T17:00:00.000Z",
        "city": "Montr\u00e9al",
        "region": "Qu\u00e9bec",
        "country": "CA",
        "road": "Boulevard Robert-Bourassa",
        "postalcode": "H3B 1M7"
      }
    },
    {
      "type": "Feature",
      "geometry": {
        "type": "Point",
        "coordinates": [
          -93.77189636,
          41.60037613
        ]
      },
      "properties": {
        "netid": "70:C9:4E:6D:CF:CB",
        "ssid": null,
        "oui": "70:C9:4E",
        "channel": 48,
        "encryption": "unknown",
        "firsttime": "2026-08-20T11:00:00.000Z",
        "lasttime": "2026-08-21T00:00:00.000Z",
        "city": "West Des Moines",
        "region": "IA",
        "country": "US",
        "road": "University Avenue",
        "postalcode": "50325"
      }
    },
    {
      "type": "Feature",
      "geometry": {
        "type": "Point",
        "coordinates": [
          -89.98041534,
          38.78922653
        ]
      },
      "properties": {
        "netid": "70:C9:4E:6D:D6:05",
        "ssid": null,
        "oui": "70:C9:4E",
        "channel": 11,
        "encryption": "wpa2",
        "firsttime": "2026-07-22T22:00:00.000Z",
        "lasttime": "2026-07-22T15:00:00.000Z",
        "city": "Edwardsville",
        "region": "IL",
        "country": "US",
        "road": "Commerce Drive",
        "postalcode": "62025-4702"
      }
    },
    {
      "type": "Feature",
      "geometry": {
        "type": "Point",
        "coordinates": [
          -95.41491699,
          29.68848991
        ]
      },
      "properties": {
        "netid": "70:C9:4E:6D:DA:B9",
        "ssid": "Flock",
        "oui": "70:C9:4E",
        "channel": 1,
        "encryption": "wpa2",
        "firsttime": "2026-08-13T22:00:00.000Z",
        "lasttime": "2026-08-13T20:00:00.000Z",
        "city": "Houston",
        "region": "TX",
        "country": "US",
        "road": "Lantern Point Drive",
        "postalcode": "77025-9998"
      }
    },
    {
      "type": "Feature",
      "geometry": {
        "type": "Point",
        "coordinates": [
          -73.75023651,
          45.5688858
        ]
      },
      "properties": {
        "netid": "70:C9:4E:6D:E2:1B",
        "ssid": null,
        "oui": "70:C9:4E",
        "channel": 0,
        "encryption": "unknown",
        "firsttime": "2025-04-10T05:00:00.000Z",
        "lasttime": "2025-04-10T16:00:00.000Z",
        "city": "Laval (13)",
        "region": "Qu\u00e9bec",
        "country": "CA",
        "road": "All\u00e9e int\u00e9rieure Carrefour Laval",
        "postalcode": "H7T 1C7"
      }
    },
    {
      "type": "Feature",
      "geometry": {
        "type": "Point",
        "coordinates": [
          -98.10559082,
          30.19696426
        ]
      },
      "properties": {
        "netid": "70:C9:4E:6D:EF:33",
        "ssid": null,
        "oui": "70:C9:4E",
        "channel": 0,
        "encryption": "unknown",
        "firsttime": "2026-02-11T10:00:00.000Z",
        "lasttime": "2026-02-11T13:00:00.000Z",
        "city": "Dripping Springs",
        "region": "TX",
        "country": "US",
        "road": "West US Highway 290",
        "postalcode": "78620"
      }
    },
    {
      "type": "Feature",
      "geometry": {
        "type": "Point",
        "coordinates": [
          -97.39351654,
          30.34976959
        ]
      },
      "properties": {
        "netid": "70:C9:4E:6D:F1:97",
        "ssid": null,
        "oui": "70:C9:4E",
        "channel": 0,
        "encryption": "unknown",
        "firsttime": "2025-01-13T12:00:00.000Z",
        "lasttime": "2025-01-18T12:00:00.000Z",
        "city": "Elgin",
        "region": "TX",
        "country": "US",
        "road": "Roy Rivers Road",
        "postalcode": "78621"
      }
    },
    {
      "type": "Feature",
      "geometry": {
        "type": "Point",
        "coordinates": [
          91.44815826,
          53.72064209
        ]
      },
      "properties": {
        "netid": "70:C9:4E:70:2A:01",
        "ssid": null,
        "oui": "70:C9:4E",
        "channel": 5,
        "encryption": "unknown",
        "firsttime": "2026-04-15T11:00:00.000Z",
        "lasttime": "2026-04-15T07:00:00.000Z",
        "city": "\u0410\u0431\u0430\u043a\u0430\u043d",
        "region": "\u0420\u0435\u0441\u043f\u0443\u0431\u043b\u0438\u043a\u0430 \u0425\u0430\u043a\u0430\u0441\u0438\u044f",
        "country": "RU",
        "road": "\u0443\u043b\u0438\u0446\u0430 \u0412\u044f\u0442\u043a\u0438\u043d\u0430",
        "postalcode": "655019"
      }
    },
    {
      "type": "Feature",
      "geometry": {
        "type": "Point",
        "coordinates": [
          -94.45624542,
          39.09421158
        ]
      },
      "properties": {
        "netid": "70:C9:4E:70:F9:CB",
        "ssid": "Olszanski-5G-ext",
        "oui": "70:C9:4E",
        "channel": 157,
        "encryption": "wpa2",
        "firsttime": "2024-10-20T14:00:00.000Z",
        "lasttime": "2024-10-20T08:00:00.000Z",
        "city": "Independence",
        "region": "MO",
        "country": "US",
        "road": "South Ash Avenue",
        "postalcode": "64052"
      }
    },
    {
      "type": "Feature",
      "geometry": {
        "type": "Point",
        "coordinates": [
          106.79192352,
          -6.24528837
        ]
      },
      "properties": {
        "netid": "70:C9:4E:71:13:77",
        "ssid": "DESKTOP-TFDBGHK 2570",
        "oui": "70:C9:4E",
        "channel": 1,
        "encryption": "wpa2",
        "firsttime": "2026-07-29T08:00:00.000Z",
        "lasttime": "2026-08-02T20:00:00.000Z",
        "city": "Daerah Khusus Ibukota Jakarta",
        "region": "Blok D",
        "country": "ID",
        "road": "Jalan Langsat III",
        "postalcode": "12120"
      }
    },
    {
      "type": "Feature",
      "geometry": {
        "type": "Point",
        "coordinates": [
          27.94609261,
          -26.09188271
        ]
      },
      "properties": {
        "netid": "70:C9:4E:71:38:93",
        "ssid": "DESKTOP-T5G1586 7198",
        "oui": "70:C9:4E",
        "channel": 11,
        "encryption": "wpa2",
        "firsttime": "2024-02-21T04:00:00.000Z",
        "lasttime": "2024-10-05T07:00:00.000Z",
        "city": "Randburg",
        "region": "Gauteng",
        "country": "ZA",
        "road": "Kelly Avenue",
        "postalcode": "2118"
      }
    },
    {
      "type": "Feature",
      "geometry": {
        "type": "Point",
        "coordinates": [
          -73.59424591,
          45.5236702
        ]
      },
      "properties": {
        "netid": "70:C9:4E:72:08:79",
        "ssid": null,
        "oui": "70:C9:4E",
        "channel": 0,
        "encryption": "unknown",
        "firsttime": "2023-06-05T10:00:00.000Z",
        "lasttime": "2025-04-03T15:00:00.000Z",
        "city": "Montr\u00e9al",
        "region": "Qu\u00e9bec",
        "country": "CA",
        "road": "Boulevard Saint-Laurent",
        "postalcode": "H2T 1R9"
      }
    },
    {
      "type": "Feature",
      "geometry": {
        "type": "Point",
        "coordinates": [
          -81.34767914,
          41.10998917
        ]
      },
      "properties": {
        "netid": "70:C9:4E:72:16:E7",
        "ssid": "DESKTOP-SUJVCJN 5011",
        "oui": "70:C9:4E",
        "channel": 11,
        "encryption": "wpa2",
        "firsttime": "2024-11-09T19:00:00.000Z",
        "lasttime": "2026-07-19T21:00:00.000Z",
        "city": null,
        "region": "OH",
        "country": "US",
        "road": "State Route 43",
        "postalcode": "44240"
      }
    },
    {
      "type": "Feature",
      "geometry": {
        "type": "Point",
        "coordinates": [
          -74.16143036,
          4.76264811
        ]
      },
      "properties": {
        "netid": "70:C9:4E:72:47:3D",
        "ssid": "LOGIKA II",
        "oui": "70:C9:4E",
        "channel": 11,
        "encryption": "wpa2",
        "firsttime": "2025-10-25T20:00:00.000Z",
        "lasttime": "2025-11-06T14:00:00.000Z",
        "city": null,
        "region": "Cundinamarca",
        "country": "CO",
        "road": "Autopista Medellin - La Punta - Siberia",
        "postalcode": "250017"
      }
    },
    {
      "type": "Feature",
      "geometry": {
        "type": "Point",
        "coordinates": [
          -75.5949173,
          6.2391367
        ]
      },
      "properties": {
        "netid": "70:C9:4E:72:4A:BD",
        "ssid": "ARCHIVO 3",
        "oui": "70:C9:4E",
        "channel": 11,
        "encryption": "wpa2",
        "firsttime": "2025-01-24T21:00:00.000Z",
        "lasttime": "2025-01-24T15:00:00.000Z",
        "city": null,
        "region": "Antioquia",
        "country": "CO",
        "road": "Calle 33",
        "postalcode": "0500"
      }
    },
    {
      "type": "Feature",
      "geometry": {
        "type": "Point",
        "coordinates": [
          -82.7087326,
          27.78082275
        ]
      },
      "properties": {
        "netid": "70:C9:4E:72:50:35",
        "ssid": null,
        "oui": "70:C9:4E",
        "channel": 44,
        "encryption": "unknown",
        "firsttime": "2025-08-13T21:00:00.000Z",
        "lasttime": "2025-08-14T11:00:00.000Z",
        "city": "Saint Petersburg",
        "region": "FL",
        "country": "US",
        "road": "9th Avenue North",
        "postalcode": "33710"
      }
    },
    {
      "type": "Feature",
      "geometry": {
        "type": "Point",
        "coordinates": [
          -95.6423111,
          29.94631195
        ]
      },
      "properties": {
        "netid": "70:C9:4E:74:B7:11",
        "ssid": "Flock",
        "oui": "70:C9:4E",
        "channel": 1,
        "encryption": "wpa2",
        "firsttime": "2026-08-08T14:00:00.000Z",
        "lasttime": "2026-08-08T11:00:00.000Z",
        "city": null,
        "region": "TX",
        "country": "US",
        "road": "Cypress North Houston Road",
        "postalcode": "77429"
      }
    },
    {
      "type": "Feature",
      "geometry": {
        "type": "Point",
        "coordinates": [
          -76.44402313,
          39.40626144
        ]
      },
      "properties": {
        "netid": "70:C9:4E:74:BA:47",
        "ssid": null,
        "oui": "70:C9:4E",
        "channel": 9,
        "encryption": "unknown",
        "firsttime": "2020-07-20T17:00:00.000Z",
        "lasttime": "2024-12-12T15:00:00.000Z",
        "city": null,
        "region": "MD",
        "country": "US",
        "road": "Scott Moore Way",
        "postalcode": "21128"
      }
    },
    {
      "type": "Feature",
      "geometry": {
        "type": "Point",
        "coordinates": [
          37.64819717,
          55.73825073
        ]
      },
      "properties": {
        "netid": "70:C9:4E:75:F0:11",
        "ssid": "AHO 1505",
        "oui": "70:C9:4E",
        "channel": 11,
        "encryption": "unknown",
        "firsttime": "2024-10-05T11:00:00.000Z",
        "lasttime": "2024-10-05T06:00:00.000Z",
        "city": "\u041c\u043e\u0441\u043a\u0432\u0430",
        "region": "\u041c\u043e\u0441\u043a\u0432\u0430",
        "country": "RU",
        "road": "\u0413\u043e\u043d\u0447\u0430\u0440\u043d\u044b\u0439 \u043f\u0440\u043e\u0435\u0437\u0434",
        "postalcode": "115172"
      }
    },
    {
      "type": "Feature",
      "geometry": {
        "type": "Point",
        "coordinates": [
          -98.23667145,
          19.06433487
        ]
      },
      "properties": {
        "netid": "70:C9:4E:76:0B:D3",
        "ssid": "X",
        "oui": "70:C9:4E",
        "channel": 11,
        "encryption": "wpa2",
        "firsttime": "2025-05-21T16:00:00.000Z",
        "lasttime": "2025-05-21T12:00:00.000Z",
        "city": "Municipio de Puebla",
        "region": "Puebla",
        "country": "MX",
        "road": "Boulevard Esteban de Antu\u00f1ano",
        "postalcode": "72150"
      }
    },
    {
      "type": "Feature",
      "geometry": {
        "type": "Point",
        "coordinates": [
          -74.08569336,
          4.56916094
        ]
      },
      "properties": {
        "netid": "70:C9:4E:76:22:53",
        "ssid": "DESKTOP-D36MTC5 9287",
        "oui": "70:C9:4E",
        "channel": 11,
        "encryption": "wpa2",
        "firsttime": "2025-09-26T00:00:00.000Z",
        "lasttime": "2026-03-07T03:00:00.000Z",
        "city": "Bogot\u00e1",
        "region": "San Blas",
        "country": "CO",
        "road": "Carrera 3 Este",
        "postalcode": "110421"
      }
    },
    {
      "type": "Feature",
      "geometry": {
        "type": "Point",
        "coordinates": [
          -81.34272766,
          24.6688385
        ]
      },
      "properties": {
        "netid": "70:C9:4E:76:31:A1",
        "ssid": null,
        "oui": "70:C9:4E",
        "channel": 11,
        "encryption": "unknown",
        "firsttime": "2024-10-06T17:00:00.000Z",
        "lasttime": "2024-10-06T11:00:00.000Z",
        "city": null,
        "region": "FL",
        "country": "US",
        "road": "Overseas Highway",
        "postalcode": "33043"
      }
    },
    {
      "type": "Feature",
      "geometry": {
        "type": "Point",
        "coordinates": [
          12.49656487,
          51.12285233
        ]
      },
      "properties": {
        "netid": "70:C9:4E:76:43:D5",
        "ssid": "DESKTOP-A06MA6K 3206",
        "oui": "70:C9:4E",
        "channel": 11,
        "encryption": "wpa2",
        "firsttime": "2023-10-30T12:00:00.000Z",
        "lasttime": "2025-04-01T08:00:00.000Z",
        "city": null,
        "region": "Sachsen",
        "country": "DE",
        "road": "Bahnhofstra\u00dfe",
        "postalcode": "04552"
      }
    },
    {
      "type": "Feature",
      "geometry": {
        "type": "Point",
        "coordinates": [
          -81.11440277,
          35.60617447
        ]
      },
      "properties": {
        "netid": "70:C9:4E:77:24:B3",
        "ssid": null,
        "oui": "70:C9:4E",
        "channel": 48,
        "encryption": "none",
        "firsttime": "2026-07-30T00:00:00.000Z",
        "lasttime": "2026-07-29T21:00:00.000Z",
        "city": null,
        "region": "NC",
        "country": "US",
        "road": "NC 16",
        "postalcode": null
      }
    },
    {
      "type": "Feature",
      "geometry": {
        "type": "Point",
        "coordinates": [
          50.52228546,
          26.22148514
        ]
      },
      "properties": {
        "netid": "70:C9:4E:77:B8:A9",
        "ssid": "DESKTOP-TK8984M 7411",
        "oui": "70:C9:4E",
        "channel": 11,
        "encryption": "wpa2",
        "firsttime": "2025-01-06T10:00:00.000Z",
        "lasttime": "2025-01-09T18:00:00.000Z",
        "city": null,
        "region": "\u0645\u062d\u0627\u0641\u0638\u0629 \u0627\u0644\u0639\u0627\u0635\u0645\u0629",
        "country": "BH",
        "road": "\u0634\u0627\u0631\u0639 \u0627\u0644\u0634\u064a\u062e \u062e\u0644\u064a\u0641\u0629 \u0628\u0646 \u0633\u0644\u0645\u0627\u0646",
        "postalcode": "426"
      }
    },
    {
      "type": "Feature",
      "geometry": {
        "type": "Point",
        "coordinates": [
          -89.56056976,
          21.00279617
        ]
      },
      "properties": {
        "netid": "70:C9:4E:77:C0:F7",
        "ssid": "AUDI-AUDITOR1 9339",
        "oui": "70:C9:4E",
        "channel": 11,
        "encryption": "wpa2",
        "firsttime": "2025-06-24T20:00:00.000Z",
        "lasttime": "2025-07-28T13:00:00.000Z",
        "city": "M\u00e9rida",
        "region": "Yucat\u00e1n",
        "country": "MX",
        "road": "Calle 2",
        "postalcode": "97138"
      }
    },
    {
      "type": "Feature",
      "geometry": {
        "type": "Point",
        "coordinates": [
          50.52239227,
          26.22187805
        ]
      },
      "properties": {
        "netid": "70:C9:4E:77:DA:A7",
        "ssid": "DESKTOP 9286",
        "oui": "70:C9:4E",
        "channel": 11,
        "encryption": "wpa2",
        "firsttime": "2025-09-22T12:00:00.000Z",
        "lasttime": "2025-10-06T20:00:00.000Z",
        "city": null,
        "region": "\u0645\u062d\u0627\u0641\u0638\u0629 \u0627\u0644\u0639\u0627\u0635\u0645\u0629",
        "country": "BH",
        "road": "\u0634\u0627\u0631\u0639 \u0627\u0644\u0634\u064a\u062e \u062e\u0644\u064a\u0641\u0629 \u0628\u0646 \u0633\u0644\u0645\u0627\u0646",
        "postalcode": "426"
      }
    },
    {
      "type": "Feature",
      "geometry": {
        "type": "Point",
        "coordinates": [
          -73.7199173,
          45.48946381
        ]
      },
      "properties": {
        "netid": "70:C9:4E:77:DB:6D",
        "ssid": null,
        "oui": "70:C9:4E",
        "channel": 0,
        "encryption": "unknown",
        "firsttime": "2022-03-07T23:00:00.000Z",
        "lasttime": "2025-07-08T15:00:00.000Z",
        "city": "Montr\u00e9al",
        "region": "Qu\u00e9bec",
        "country": "CA",
        "road": "Route Transcanadienne",
        "postalcode": "H4S 1C8"
      }
    },
    {
      "type": "Feature",
      "geometry": {
        "type": "Point",
        "coordinates": [
          -89.57875824,
          21.02161598
        ]
      },
      "properties": {
        "netid": "70:C9:4E:78:0D:5F",
        "ssid": "01-PC-0100 0826",
        "oui": "70:C9:4E",
        "channel": 11,
        "encryption": "wpa2",
        "firsttime": "2026-07-21T20:00:00.000Z",
        "lasttime": "2026-07-21T14:00:00.000Z",
        "city": "M\u00e9rida",
        "region": "Yucat\u00e1n",
        "country": "MX",
        "road": "Calle 7",
        "postalcode": "97130"
      }
    },
    {
      "type": "Feature",
      "geometry": {
        "type": "Point",
        "coordinates": [
          -115.27362823,
          36.15792465
        ]
      },
      "properties": {
        "netid": "70:C9:4E:78:3E:C9",
        "ssid": null,
        "oui": "70:C9:4E",
        "channel": 44,
        "encryption": "wep",
        "firsttime": "2025-10-03T22:00:00.000Z",
        "lasttime": "2025-10-03T15:00:00.000Z",
        "city": "Las Vegas",
        "region": "NV",
        "country": "US",
        "road": "South Tomsik Street",
        "postalcode": "89145"
      }
    },
    {
      "type": "Feature",
      "geometry": {
        "type": "Point",
        "coordinates": [
          -73.65613556,
          45.51833344
        ]
      },
      "properties": {
        "netid": "70:C9:4E:78:EF:C9",
        "ssid": null,
        "oui": "70:C9:4E",
        "channel": 0,
        "encryption": "unknown",
        "firsttime": "2025-04-04T10:00:00.000Z",
        "lasttime": "2025-07-11T18:00:00.000Z",
        "city": null,
        "region": "Qu\u00e9bec",
        "country": "CA",
        "road": "Chemin Athlone",
        "postalcode": "H4N2P1"
      }
    },
    {
      "type": "Feature",
      "geometry": {
        "type": "Point",
        "coordinates": [
          -82.73918152,
          27.99132156
        ]
      },
      "properties": {
        "netid": "70:C9:4E:79:80:3F",
        "ssid": null,
        "oui": "70:C9:4E",
        "channel": 9,
        "encryption": "unknown",
        "firsttime": "2025-02-11T00:00:00.000Z",
        "lasttime": "2025-02-10T18:00:00.000Z",
        "city": "Palm Harbor",
        "region": "FL",
        "country": "US",
        "road": "Michael Lane",
        "postalcode": "33763"
      }
    },
    {
      "type": "Feature",
      "geometry": {
        "type": "Point",
        "coordinates": [
          -80.12639618,
          26.76043892
        ]
      },
      "properties": {
        "netid": "70:C9:4E:79:94:37",
        "ssid": null,
        "oui": "70:C9:4E",
        "channel": 6,
        "encryption": "wpa2",
        "firsttime": "2026-07-07T17:00:00.000Z",
        "lasttime": "2026-07-07T12:00:00.000Z",
        "city": "West Palm Beach",
        "region": "FL",
        "country": "US",
        "road": "Premier Park Drive",
        "postalcode": "33417"
      }
    },
    {
      "type": "Feature",
      "geometry": {
        "type": "Point",
        "coordinates": [
          -74.12997437,
          4.68501186
        ]
      },
      "properties": {
        "netid": "70:C9:4E:79:C5:2B",
        "ssid": "estamosricos.com",
        "oui": "70:C9:4E",
        "channel": 11,
        "encryption": "wpa2",
        "firsttime": "2025-04-10T18:00:00.000Z",
        "lasttime": "2025-12-09T06:00:00.000Z",
        "city": "Bogot\u00e1",
        "region": "San Jos\u00e9 de Fontib\u00f3n",
        "country": "CO",
        "road": "Carrera 99",
        "postalcode": "110911"
      }
    },
    {
      "type": "Feature",
      "geometry": {
        "type": "Point",
        "coordinates": [
          151.95172119,
          -27.56283569
        ]
      },
      "properties": {
        "netid": "70:C9:4E:7A:98:1B",
        "ssid": null,
        "oui": "70:C9:4E",
        "channel": 0,
        "encryption": "none",
        "firsttime": "2026-06-25T23:00:00.000Z",
        "lasttime": "2026-06-25T22:00:00.000Z",
        "city": "Toowoomba",
        "region": "Queensland",
        "country": "AU",
        "road": "Duggan Street",
        "postalcode": "4350"
      }
    },
    {
      "type": "Feature",
      "geometry": {
        "type": "Point",
        "coordinates": [
          69.12577057,
          54.8768425
        ]
      },
      "properties": {
        "netid": "70:C9:4E:7A:A0:6F",
        "ssid": "DESKTOP-A5C1QM8 3006",
        "oui": "70:C9:4E",
        "channel": 11,
        "encryption": "wpa2",
        "firsttime": "2026-08-18T09:00:00.000Z",
        "lasttime": "2026-09-01T04:00:00.000Z",
        "city": "\u041f\u0435\u0442\u0440\u043e\u043f\u0430\u0432\u043b",
        "region": "\u0421\u043e\u043b\u0442\u04af\u0441\u0442\u0456\u043a \u049a\u0430\u0437\u0430\u049b\u0441\u0442\u0430\u043d \u043e\u0431\u043b\u044b\u0441\u044b",
        "country": "KZ",
        "road": "\u0443\u043b. \u0422\u0435\u0430\u0442\u0440\u0430\u043b\u044c\u043d\u0430\u044f",
        "postalcode": "150000"
      }
    },
    {
      "type": "Feature",
      "geometry": {
        "type": "Point",
        "coordinates": [
          -85.77161407,
          40.00969315
        ]
      },
      "properties": {
        "netid": "70:C9:4E:7A:A1:B3",
        "ssid": null,
        "oui": "70:C9:4E",
        "channel": 8,
        "encryption": "unknown",
        "firsttime": "2024-04-06T11:00:00.000Z",
        "lasttime": "2024-09-16T12:00:00.000Z",
        "city": null,
        "region": "IN",
        "country": "US",
        "road": "Corporation Drive",
        "postalcode": "46064"
      }
    },
    {
      "type": "Feature",
      "geometry": {
        "type": "Point",
        "coordinates": [
          -68.14086914,
          -16.49403954
        ]
      },
      "properties": {
        "netid": "70:C9:4E:7A:A3:4B",
        "ssid": "i-Scan@70C94E7AA34",
        "oui": "70:C9:4E",
        "channel": 1,
        "encryption": "wpa2",
        "firsttime": "2026-06-18T19:00:00.000Z",
        "lasttime": "2026-06-18T14:00:00.000Z",
        "city": "La Paz",
        "region": "La Paz",
        "country": "BO",
        "road": "Plaza Eguino",
        "postalcode": "020101"
      }
    },
    {
      "type": "Feature",
      "geometry": {
        "type": "Point",
        "coordinates": [
          -75.59677124,
          1.62783551
        ]
      },
      "properties": {
        "netid": "70:C9:4E:7A:AF:93",
        "ssid": "cancha p3",
        "oui": "70:C9:4E",
        "channel": 11,
        "encryption": "wpa2",
        "firsttime": "2026-03-01T01:00:00.000Z",
        "lasttime": "2026-03-21T22:00:00.000Z",
        "city": "Per\u00edmetro Urbano Florencia",
        "region": "Caquet\u00e1",
        "country": "CO",
        "road": "Calle 16",
        "postalcode": "180002"
      }
    },
    {
      "type": "Feature",
      "geometry": {
        "type": "Point",
        "coordinates": [
          -75.60434723,
          1.61555672
        ]
      },
      "properties": {
        "netid": "70:C9:4E:7A:C6:B1",
        "ssid": "EDUC-SALA1PC32 6399",
        "oui": "70:C9:4E",
        "channel": 4,
        "encryption": "wpa2",
        "firsttime": "2025-08-02T00:00:00.000Z",
        "lasttime": "2025-08-01T18:00:00.000Z",
        "city": "Per\u00edmetro Urbano Florencia",
        "region": "Caquet\u00e1",
        "country": "CO",
        "road": "Transversal 6",
        "postalcode": "180002"
      }
    },
    {
      "type": "Feature",
      "geometry": {
        "type": "Point",
        "coordinates": [
          -75.60449982,
          1.61508048
        ]
      },
      "properties": {
        "netid": "70:C9:4E:7A:C8:F7",
        "ssid": "EDUC-SALA1PC7 9429",
        "oui": "70:C9:4E",
        "channel": 10,
        "encryption": "wpa2",
        "firsttime": "2026-02-26T23:00:00.000Z",
        "lasttime": "2026-02-26T20:00:00.000Z",
        "city": "Per\u00edmetro Urbano Florencia",
        "region": "Caquet\u00e1",
        "country": "CO",
        "road": null,
        "postalcode": "180002"
      }
    },
    {
      "type": "Feature",
      "geometry": {
        "type": "Point",
        "coordinates": [
          -70.61557007,
          -33.42622757
        ]
      },
      "properties": {
        "netid": "70:C9:4E:7A:CB:C5",
        "ssid": "i-Scan@70C94E7ACBC",
        "oui": "70:C9:4E",
        "channel": 6,
        "encryption": "wpa2",
        "firsttime": "2026-07-01T17:00:00.000Z",
        "lasttime": "2026-07-01T12:00:00.000Z",
        "city": "Providencia",
        "region": "Regi\u00f3n Metropolitana de Santiago",
        "country": "CL",
        "road": "Avenida Providencia",
        "postalcode": "7500000"
      }
    },
    {
      "type": "Feature",
      "geometry": {
        "type": "Point",
        "coordinates": [
          115.88162994,
          -32.05707932
        ]
      },
      "properties": {
        "netid": "70:C9:4E:7B:27:A9",
        "ssid": "Flock",
        "oui": "70:C9:4E",
        "channel": 1,
        "encryption": "wpa2",
        "firsttime": "2026-07-15T11:00:00.000Z",
        "lasttime": "2026-08-31T07:00:00.000Z",
        "city": null,
        "region": "Western Australia",
        "country": "AU",
        "road": "Burrendah Boulevard",
        "postalcode": "6149"
      }
    },
    {
      "type": "Feature",
      "geometry": {
        "type": "Point",
        "coordinates": [
          18.02562714,
          59.36861038
        ]
      },
      "properties": {
        "netid": "70:C9:4E:7B:81:AB",
        "ssid": "Flock",
        "oui": "70:C9:4E",
        "channel": 1,
        "encryption": "wpa2",
        "firsttime": "2026-05-18T10:00:00.000Z",
        "lasttime": "2026-05-18T05:00:00.000Z",
        "city": null,
        "region": "Stockholms l\u00e4n",
        "country": "SE",
        "road": "Haga baksidan",
        "postalcode": "169 70"
      }
    },
    {
      "type": "Feature",
      "geometry": {
        "type": "Point",
        "coordinates": [
          18.02560806,
          59.36861038
        ]
      },
      "properties": {
        "netid": "70:C9:4E:7B:83:5F",
        "ssid": "Flock",
        "oui": "70:C9:4E",
        "channel": 1,
        "encryption": "wpa2",
        "firsttime": "2026-05-18T10:00:00.000Z",
        "lasttime": "2026-05-18T05:00:00.000Z",
        "city": null,
        "region": "Stockholms l\u00e4n",
        "country": "SE",
        "road": "Haga baksidan",
        "postalcode": "169 70"
      }
    },
    {
      "type": "Feature",
      "geometry": {
        "type": "Point",
        "coordinates": [
          -77.5406723,
          43.18309021
        ]
      },
      "properties": {
        "netid": "70:C9:4E:7E:44:EF",
        "ssid": "<hidden>",
        "oui": "70:C9:4E",
        "channel": 48,
        "encryption": "none",
        "firsttime": "2026-08-06T14:00:00.000Z",
        "lasttime": "2026-08-09T14:00:00.000Z",
        "city": "Town of Irondequoit",
        "region": "NY",
        "country": "US",
        "road": "Stonehenge Road",
        "postalcode": "14609"
      }
    },
    {
      "type": "Feature",
      "geometry": {
        "type": "Point",
        "coordinates": [
          -111.77787781,
          43.85108566
        ]
      },
      "properties": {
        "netid": "70:C9:4E:7E:95:C9",
        "ssid": "Flock",
        "oui": "70:C9:4E",
        "channel": 1,
        "encryption": "wpa2",
        "firsttime": "2026-08-19T23:00:00.000Z",
        "lasttime": "2026-08-20T03:00:00.000Z",
        "city": null,
        "region": "ID",
        "country": "US",
        "road": "North 2nd East",
        "postalcode": "83440"
      }
    },
    {
      "type": "Feature",
      "geometry": {
        "type": "Point",
        "coordinates": [
          14.41666889,
          50.08494186
        ]
      },
      "properties": {
        "netid": "70:C9:4E:7E:AF:E1",
        "ssid": "8CC815061F-W10 9718",
        "oui": "70:C9:4E",
        "channel": 11,
        "encryption": "wpa2",
        "firsttime": "2025-08-08T18:00:00.000Z",
        "lasttime": "2025-10-21T08:00:00.000Z",
        "city": "Hlavn\u00ed m\u011bsto Praha",
        "region": "Praha",
        "country": "CZ",
        "road": "Zlat\u00e1",
        "postalcode": "11000"
      }
    },
    {
      "type": "Feature",
      "geometry": {
        "type": "Point",
        "coordinates": [
          -111.92575836,
          33.44708633
        ]
      },
      "properties": {
        "netid": "70:C9:4E:7E:C4:1D",
        "ssid": "DIRECT-AQDESKTOP-PPE5ARPmsVH",
        "oui": "70:C9:4E",
        "channel": 11,
        "encryption": "wpa2",
        "firsttime": "2019-08-19T20:00:00.000Z",
        "lasttime": "2025-03-08T20:00:00.000Z",
        "city": "Tempe",
        "region": "AZ",
        "country": "US",
        "road": "North Scottsdale Road",
        "postalcode": "85281"
      }
    },
    {
      "type": "Feature",
      "geometry": {
        "type": "Point",
        "coordinates": [
          -111.78263092,
          40.37228775
        ]
      },
      "properties": {
        "netid": "70:C9:4E:7E:C9:0F",
        "ssid": "Flock",
        "oui": "70:C9:4E",
        "channel": 1,
        "encryption": "wpa2",
        "firsttime": "2026-06-18T12:00:00.000Z",
        "lasttime": "2026-07-02T10:00:00.000Z",
        "city": null,
        "region": "UT",
        "country": "US",
        "road": "South 600 East",
        "postalcode": "84003"
      }
    },
    {
      "type": "Feature",
      "geometry": {
        "type": "Point",
        "coordinates": [
          -80.84494781,
          28.55376244
        ]
      },
      "properties": {
        "netid": "70:C9:4E:7F:5E:DB",
        "ssid": null,
        "oui": "70:C9:4E",
        "channel": 120,
        "encryption": "unknown",
        "firsttime": "2026-07-03T13:00:00.000Z",
        "lasttime": "2026-07-18T19:00:00.000Z",
        "city": null,
        "region": "FL",
        "country": "US",
        "road": "Columbia Boulevard",
        "postalcode": "32780-2502"
      }
    },
    {
      "type": "Feature",
      "geometry": {
        "type": "Point",
        "coordinates": [
          -82.32042694,
          34.80355835
        ]
      },
      "properties": {
        "netid": "70:C9:4E:7F:5F:99",
        "ssid": "Flock",
        "oui": "70:C9:4E",
        "channel": 1,
        "encryption": "wpa2",
        "firsttime": "2026-06-24T13:00:00.000Z",
        "lasttime": "2026-07-20T22:00:00.000Z",
        "city": "Greenville",
        "region": "SC",
        "country": "US",
        "road": "Laurens Road",
        "postalcode": "29607"
      }
    },
    {
      "type": "Feature",
      "geometry": {
        "type": "Point",
        "coordinates": [
          -118.07836914,
          34.10340881
        ]
      },
      "properties": {
        "netid": "70:C9:4E:7F:60:DD",
        "ssid": "Flock",
        "oui": "70:C9:4E",
        "channel": 1,
        "encryption": "wpa2",
        "firsttime": "2026-07-16T23:00:00.000Z",
        "lasttime": "2026-07-16T20:00:00.000Z",
        "city": "San Gabriel",
        "region": "CA",
        "country": "US",
        "road": "Las Tunas Drive",
        "postalcode": "91775:91776"
      }
    },
    {
      "type": "Feature",
      "geometry": {
        "type": "Point",
        "coordinates": [
          -86.82299805,
          33.65229416
        ]
      },
      "properties": {
        "netid": "70:C9:4E:7F:61:01",
        "ssid": null,
        "oui": "70:C9:4E",
        "channel": 48,
        "encryption": "unknown",
        "firsttime": "2025-03-11T21:00:00.000Z",
        "lasttime": "2025-03-12T13:00:00.000Z",
        "city": null,
        "region": "AL",
        "country": "US",
        "road": "Fieldstown Road",
        "postalcode": "35071"
      }
    },
    {
      "type": "Feature",
      "geometry": {
        "type": "Point",
        "coordinates": [
          -88.23655701,
          40.13491821
        ]
      },
      "properties": {
        "netid": "70:C9:4E:7F:62:3F",
        "ssid": null,
        "oui": "70:C9:4E",
        "channel": 1,
        "encryption": "wpa2",
        "firsttime": "2026-08-25T17:00:00.000Z",
        "lasttime": "2026-08-25T15:00:00.000Z",
        "city": "Champaign",
        "region": "IL",
        "country": "US",
        "road": "I 74",
        "postalcode": "61820-7817"
      }
    },
    {
      "type": "Feature",
      "geometry": {
        "type": "Point",
        "coordinates": [
          -71.03514862,
          42.25683594
        ]
      },
      "properties": {
        "netid": "70:C9:4E:7F:64:E1",
        "ssid": "Flock",
        "oui": "70:C9:4E",
        "channel": 1,
        "encryption": "wpa2",
        "firsttime": "2026-05-04T21:00:00.000Z",
        "lasttime": "2026-05-05T08:00:00.000Z",
        "city": null,
        "region": "MA",
        "country": "US",
        "road": "Adams Street",
        "postalcode": "02171"
      }
    },
    {
      "type": "Feature",
      "geometry": {
        "type": "Point",
        "coordinates": [
          -97.32765961,
          37.68522644
        ]
      },
      "properties": {
        "netid": "70:C9:4E:7F:65:D7",
        "ssid": null,
        "oui": "70:C9:4E",
        "channel": 44,
        "encryption": "unknown",
        "firsttime": "2026-04-28T07:00:00.000Z",
        "lasttime": "2026-04-28T08:00:00.000Z",
        "city": "Wichita",
        "region": "KS",
        "country": "US",
        "road": "South Rock Island",
        "postalcode": "67202"
      }
    },
    {
      "type": "Feature",
      "geometry": {
        "type": "Point",
        "coordinates": [
          -122.4737854,
          37.80569458
        ]
      },
      "properties": {
        "netid": "70:C9:4E:7F:67:15",
        "ssid": "Flock",
        "oui": "70:C9:4E",
        "channel": 1,
        "encryption": "wpa2",
        "firsttime": "2026-07-13T00:00:00.000Z",
        "lasttime": "2026-07-17T10:00:00.000Z",
        "city": "San Francisco",
        "region": "CA",
        "country": "US",
        "road": "Presidio Parkway",
        "postalcode": "94129"
      }
    },
    {
      "type": "Feature",
      "geometry": {
        "type": "Point",
        "coordinates": [
          -121.52010345,
          38.65602112
        ]
      },
      "properties": {
        "netid": "70:C9:4E:7F:69:0D",
        "ssid": "Flock",
        "oui": "70:C9:4E",
        "channel": 1,
        "encryption": "wpa2",
        "firsttime": "2026-06-13T14:00:00.000Z",
        "lasttime": "2026-07-06T20:00:00.000Z",
        "city": "Sacramento",
        "region": "CA",
        "country": "US",
        "road": "Del Paso Road",
        "postalcode": "95835"
      }
    },
    {
      "type": "Feature",
      "geometry": {
        "type": "Point",
        "coordinates": [
          -82.64649963,
          27.71947861
        ]
      },
      "properties": {
        "netid": "70:C9:4E:7F:6B:AB",
        "ssid": null,
        "oui": "70:C9:4E",
        "channel": 36,
        "encryption": "unknown",
        "firsttime": "2025-03-04T20:00:00.000Z",
        "lasttime": "2025-03-13T20:00:00.000Z",
        "city": "Saint Petersburg",
        "region": "FL",
        "country": "US",
        "road": "54th Avenue South",
        "postalcode": "33712"
      }
    },
    {
      "type": "Feature",
      "geometry": {
        "type": "Point",
        "coordinates": [
          -82.64660645,
          27.75940704
        ]
      },
      "properties": {
        "netid": "70:C9:4E:7F:6B:DD",
        "ssid": null,
        "oui": "70:C9:4E",
        "channel": 104,
        "encryption": "unknown",
        "firsttime": "2025-02-27T22:00:00.000Z",
        "lasttime": "2025-03-14T19:00:00.000Z",
        "city": "Saint Petersburg",
        "region": "FL",
        "country": "US",
        "road": "Doctor Martin Luther King Junior Street South",
        "postalcode": "33705-1903"
      }
    },
    {
      "type": "Feature",
      "geometry": {
        "type": "Point",
        "coordinates": [
          -86.80379486,
          33.22825623
        ]
      },
      "properties": {
        "netid": "70:C9:4E:7F:6C:07",
        "ssid": null,
        "oui": "70:C9:4E",
        "channel": 40,
        "encryption": "unknown",
        "firsttime": "2026-03-21T19:00:00.000Z",
        "lasttime": "2026-03-22T08:00:00.000Z",
        "city": null,
        "region": "AL",
        "country": "US",
        "road": "1st Street South",
        "postalcode": "35007"
      }
    },
    {
      "type": "Feature",
      "geometry": {
        "type": "Point",
        "coordinates": [
          -117.95930481,
          33.85915375
        ]
      },
      "properties": {
        "netid": "70:C9:4E:7F:6C:9B",
        "ssid": "Flock",
        "oui": "70:C9:4E",
        "channel": 1,
        "encryption": "wpa2",
        "firsttime": "2026-07-14T05:00:00.000Z",
        "lasttime": "2026-07-17T10:00:00.000Z",
        "city": "Fullerton",
        "region": "CA",
        "country": "US",
        "road": "Brookhurst Road",
        "postalcode": "92833"
      }
    },
    {
      "type": "Feature",
      "geometry": {
        "type": "Point",
        "coordinates": [
          -86.22517395,
          39.7615509
        ]
      },
      "properties": {
        "netid": "70:C9:4E:7F:6D:47",
        "ssid": null,
        "oui": "70:C9:4E",
        "channel": 2,
        "encryption": "wpa2",
        "firsttime": "2026-07-09T13:00:00.000Z",
        "lasttime": "2026-07-09T07:00:00.000Z",
        "city": "Indianapolis",
        "region": "IN",
        "country": "US",
        "road": "South Holt Road",
        "postalcode": "46222"
      }
    },
    {
      "type": "Feature",
      "geometry": {
        "type": "Point",
        "coordinates": [
          -97.73722839,
          30.00276566
        ]
      },
      "properties": {
        "netid": "70:C9:4E:80:4B:99",
        "ssid": null,
        "oui": "70:C9:4E",
        "channel": 157,
        "encryption": "unknown",
        "firsttime": "2026-03-28T15:00:00.000Z",
        "lasttime": "2026-03-28T12:00:00.000Z",
        "city": "Niederwald",
        "region": "TX",
        "country": "US",
        "road": "Camino Real",
        "postalcode": null
      }
    },
    {
      "type": "Feature",
      "geometry": {
        "type": "Point",
        "coordinates": [
          -80.11595917,
          26.7755127
        ]
      },
      "properties": {
        "netid": "70:C9:4E:80:62:81",
        "ssid": null,
        "oui": "70:C9:4E",
        "channel": 11,
        "encryption": "wpa2",
        "firsttime": "2026-07-02T03:00:00.000Z",
        "lasttime": "2026-07-01T21:00:00.000Z",
        "city": "West Palm Beach",
        "region": "FL",
        "country": "US",
        "road": "Haverhill Road",
        "postalcode": "33407"
      }
    },
    {
      "type": "Feature",
      "geometry": {
        "type": "Point",
        "coordinates": [
          -81.28358459,
          28.24294281
        ]
      },
      "properties": {
        "netid": "70:C9:4E:82:DA:0D",
        "ssid": null,
        "oui": "70:C9:4E",
        "channel": 44,
        "encryption": "wep",
        "firsttime": "2026-08-08T23:00:00.000Z",
        "lasttime": "2026-08-08T17:00:00.000Z",
        "city": null,
        "region": "FL",
        "country": "US",
        "road": "New York Avenue",
        "postalcode": "34769"
      }
    },
    {
      "type": "Feature",
      "geometry": {
        "type": "Point",
        "coordinates": [
          -66.7849884,
          18.48771286
        ]
      },
      "properties": {
        "netid": "70:C9:4E:83:44:EF",
        "ssid": "A-HATILLO 0317",
        "oui": "70:C9:4E",
        "channel": 11,
        "encryption": "wpa2",
        "firsttime": "2024-01-29T15:00:00.000Z",
        "lasttime": "2025-02-04T11:00:00.000Z",
        "city": null,
        "region": "PR",
        "country": "US",
        "road": "Carretera Militar",
        "postalcode": "00613"
      }
    },
    {
      "type": "Feature",
      "geometry": {
        "type": "Point",
        "coordinates": [
          -74.62052155,
          4.22839499
        ]
      },
      "properties": {
        "netid": "70:C9:4E:83:71:F1",
        "ssid": "COOVERACRUZZ",
        "oui": "70:C9:4E",
        "channel": 11,
        "encryption": "wpa2",
        "firsttime": "2026-01-06T20:00:00.000Z",
        "lasttime": "2026-01-06T18:00:00.000Z",
        "city": null,
        "region": "Tolima",
        "country": "CO",
        "road": "40",
        "postalcode": "734001"
      }
    },
    {
      "type": "Feature",
      "geometry": {
        "type": "Point",
        "coordinates": [
          106.79810333,
          -6.24592447
        ]
      },
      "properties": {
        "netid": "70:C9:4E:83:76:F3",
        "ssid": "DIRECT-EUDESKTOP-88QSKC0ARYB",
        "oui": "70:C9:4E",
        "channel": 1,
        "encryption": "wpa2",
        "firsttime": "2024-11-01T08:00:00.000Z",
        "lasttime": "2024-11-30T03:00:00.000Z",
        "city": "Daerah Khusus Ibukota Jakarta",
        "region": "Melawai",
        "country": "ID",
        "road": "Jalan Panglima Polim Raya",
        "postalcode": "12160"
      }
    },
    {
      "type": "Feature",
      "geometry": {
        "type": "Point",
        "coordinates": [
          -74.02091217,
          40.93809891
        ]
      },
      "properties": {
        "netid": "70:C9:4E:83:9E:83",
        "ssid": "verizon-5G-ext",
        "oui": "70:C9:4E",
        "channel": 157,
        "encryption": "wpa2",
        "firsttime": "2026-06-09T13:00:00.000Z",
        "lasttime": "2026-06-09T16:00:00.000Z",
        "city": null,
        "region": "NJ",
        "country": "US",
        "road": "Mc Kinley Avenue",
        "postalcode": "07646"
      }
    },
    {
      "type": "Feature",
      "geometry": {
        "type": "Point",
        "coordinates": [
          -118.13869476,
          34.04987717
        ]
      },
      "properties": {
        "netid": "70:C9:4E:83:FA:FB",
        "ssid": null,
        "oui": "70:C9:4E",
        "channel": 9,
        "encryption": "none",
        "firsttime": "2026-08-25T14:00:00.000Z",
        "lasttime": "2026-09-02T20:00:00.000Z",
        "city": null,
        "region": "CA",
        "country": "US",
        "road": "South Atlantic Boulevard",
        "postalcode": "91754"
      }
    },
    {
      "type": "Feature",
      "geometry": {
        "type": "Point",
        "coordinates": [
          -89.95089722,
          38.80178833
        ]
      },
      "properties": {
        "netid": "70:C9:4E:83:FC:0D",
        "ssid": null,
        "oui": "70:C9:4E",
        "channel": 6,
        "encryption": "wpa2",
        "firsttime": "2026-07-24T17:00:00.000Z",
        "lasttime": "2026-07-24T11:00:00.000Z",
        "city": "Edwardsville",
        "region": "IL",
        "country": "US",
        "road": "Troy Road",
        "postalcode": "62025"
      }
    },
    {
      "type": "Feature",
      "geometry": {
        "type": "Point",
        "coordinates": [
          -97.68600464,
          30.21787262
        ]
      },
      "properties": {
        "netid": "70:C9:4E:84:4D:7F",
        "ssid": null,
        "oui": "70:C9:4E",
        "channel": 165,
        "encryption": "none",
        "firsttime": "2026-08-23T04:00:00.000Z",
        "lasttime": "2026-08-22T23:00:00.000Z",
        "city": "Austin",
        "region": "TX",
        "country": "US",
        "road": "Olmos Drive",
        "postalcode": "78744"
      }
    },
    {
      "type": "Feature",
      "geometry": {
        "type": "Point",
        "coordinates": [
          -122.47432709,
          47.21487045
        ]
      },
      "properties": {
        "netid": "70:C9:4E:84:DF:C3",
        "ssid": null,
        "oui": "70:C9:4E",
        "channel": 48,
        "encryption": "wep",
        "firsttime": "2025-06-21T18:00:00.000Z",
        "lasttime": "2025-06-21T18:00:00.000Z",
        "city": "Tacoma",
        "region": "WA",
        "country": "US",
        "road": "South 47th Street",
        "postalcode": "98409"
      }
    },
    {
      "type": "Feature",
      "geometry": {
        "type": "Point",
        "coordinates": [
          -73.95180511,
          40.66314697
        ]
      },
      "properties": {
        "netid": "70:C9:4E:87:E6:FD",
        "ssid": null,
        "oui": "70:C9:4E",
        "channel": 44,
        "encryption": "wep",
        "firsttime": "2025-02-07T20:00:00.000Z",
        "lasttime": "2025-02-07T12:00:00.000Z",
        "city": "City of New York",
        "region": "NY",
        "country": "US",
        "road": "Sterling Street",
        "postalcode": "11225"
      }
    },
    {
      "type": "Feature",
      "geometry": {
        "type": "Point",
        "coordinates": [
          13.00078487,
          52.42545319
        ]
      },
      "properties": {
        "netid": "70:C9:4E:88:88:9D",
        "ssid": "DIRECT-GP06PC-FRANKmsVj",
        "oui": "70:C9:4E",
        "channel": 1,
        "encryption": "wpa2",
        "firsttime": "2026-05-25T12:00:00.000Z",
        "lasttime": "2026-05-25T07:00:00.000Z",
        "city": "Potsdam",
        "region": "Brandenburg",
        "country": "DE",
        "road": "R\u00fcckertstra\u00dfe",
        "postalcode": "14469"
      }
    },
    {
      "type": "Feature",
      "geometry": {
        "type": "Point",
        "coordinates": [
          40.5209198,
          64.57335663
        ]
      },
      "properties": {
        "netid": "70:C9:4E:88:8A:D9",
        "ssid": "DESKTOP-PK58CSJ 9040",
        "oui": "70:C9:4E",
        "channel": 1,
        "encryption": "unknown",
        "firsttime": "2025-07-08T17:00:00.000Z",
        "lasttime": "2025-07-09T04:00:00.000Z",
        "city": "\u0410\u0440\u0445\u0430\u043d\u0433\u0435\u043b\u044c\u0441\u043a",
        "region": "\u0410\u0440\u0445\u0430\u043d\u0433\u0435\u043b\u044c\u0441\u043a\u0430\u044f \u043e\u0431\u043b\u0430\u0441\u0442\u044c",
        "country": "RU",
        "road": "\u0443\u043b\u0438\u0446\u0430 \u0417\u0430\u043a\u0435\u043c\u043e\u0432\u0441\u043a\u043e\u0433\u043e",
        "postalcode": "163020"
      }
    },
    {
      "type": "Feature",
      "geometry": {
        "type": "Point",
        "coordinates": [
          -112.68538666,
          34.50407028
        ]
      },
      "properties": {
        "netid": "70:C9:4E:88:AB:19",
        "ssid": "DIRECT-PIDESKTOP-5GSAQGNmsKf",
        "oui": "70:C9:4E",
        "channel": 1,
        "encryption": "wpa2",
        "firsttime": "2019-09-22T00:00:00.000Z",
        "lasttime": "2025-03-08T20:00:00.000Z",
        "city": null,
        "region": "AZ",
        "country": "US",
        "road": "Old Highway",
        "postalcode": null
      }
    },
    {
      "type": "Feature",
      "geometry": {
        "type": "Point",
        "coordinates": [
          -61.51131439,
          10.650033
        ]
      },
      "properties": {
        "netid": "70:C9:4E:88:B2:4B",
        "ssid": "IT_MGR2 0696",
        "oui": "70:C9:4E",
        "channel": 11,
        "encryption": "wpa2",
        "firsttime": "2025-08-25T17:00:00.000Z",
        "lasttime": "2025-08-25T10:00:00.000Z",
        "city": "Port of Spain",
        "region": "Port of Spain",
        "country": "TT",
        "road": "Independence Square",
        "postalcode": "150123"
      }
    },
    {
      "type": "Feature",
      "geometry": {
        "type": "Point",
        "coordinates": [
          120.96595764,
          14.82246304
        ]
      },
      "properties": {
        "netid": "70:C9:4E:88:CC:C1",
        "ssid": "Davideolabster",
        "oui": "70:C9:4E",
        "channel": 11,
        "encryption": "wpa2",
        "firsttime": "2025-08-12T05:00:00.000Z",
        "lasttime": "2025-08-11T23:00:00.000Z",
        "city": null,
        "region": "Bulacan",
        "country": "PH",
        "road": "J.P. Rizal Street",
        "postalcode": "3022"
      }
    },
    {
      "type": "Feature",
      "geometry": {
        "type": "Point",
        "coordinates": [
          101.58718872,
          3.04773521
        ]
      },
      "properties": {
        "netid": "70:C9:4E:88:E3:ED",
        "ssid": "QHC OPD WFI",
        "oui": "70:C9:4E",
        "channel": 11,
        "encryption": "wpa2",
        "firsttime": "2025-04-06T11:00:00.000Z",
        "lasttime": "2025-05-11T03:00:00.000Z",
        "city": "Subang Jaya",
        "region": "Selangor",
        "country": "MY",
        "road": "Jalan USJ 9/5S",
        "postalcode": "47610"
      }
    },
    {
      "type": "Feature",
      "geometry": {
        "type": "Point",
        "coordinates": [
          -70.93937683,
          42.65074921
        ]
      },
      "properties": {
        "netid": "70:C9:4E:89:DB:E3",
        "ssid": null,
        "oui": "70:C9:4E",
        "channel": 0,
        "encryption": "unknown",
        "firsttime": "2024-12-04T15:00:00.000Z",
        "lasttime": "2025-02-10T08:00:00.000Z",
        "city": null,
        "region": "MA",
        "country": "US",
        "road": "Ipswich Road",
        "postalcode": "01983"
      }
    },
    {
      "type": "Feature",
      "geometry": {
        "type": "Point",
        "coordinates": [
          -0.10802641,
          51.46294022
        ]
      },
      "properties": {
        "netid": "70:C9:4E:8B:F3:DF",
        "ssid": null,
        "oui": "70:C9:4E",
        "channel": 157,
        "encryption": "wep",
        "firsttime": "2026-04-03T09:00:00.000Z",
        "lasttime": "2026-07-20T16:00:00.000Z",
        "city": "London",
        "region": "England",
        "country": "GB",
        "road": "Coldharbour Lane",
        "postalcode": "SW9 8QH"
      }
    },
    {
      "type": "Feature",
      "geometry": {
        "type": "Point",
        "coordinates": [
          -88.66641998,
          34.4466362
        ]
      },
      "properties": {
        "netid": "70:C9:4E:8C:1E:83",
        "ssid": null,
        "oui": "70:C9:4E",
        "channel": 44,
        "encryption": "none",
        "firsttime": "2026-08-03T16:00:00.000Z",
        "lasttime": "2026-08-04T20:00:00.000Z",
        "city": null,
        "region": "MS",
        "country": "US",
        "road": "MS 145",
        "postalcode": "38849"
      }
    },
    {
      "type": "Feature",
      "geometry": {
        "type": "Point",
        "coordinates": [
          17.19763565,
          48.199646
        ]
      },
      "properties": {
        "netid": "70:C9:4E:8D:40:57",
        "ssid": "DESKTOP-11NKV3U 8028",
        "oui": "70:C9:4E",
        "channel": 11,
        "encryption": "wpa2",
        "firsttime": "2022-10-08T11:00:00.000Z",
        "lasttime": "2026-08-02T04:00:00.000Z",
        "city": "Bratislava",
        "region": "Bratislavsk\u00fd kraj",
        "country": "SK",
        "road": "Pri starom letisku",
        "postalcode": "830 06"
      }
    },
    {
      "type": "Feature",
      "geometry": {
        "type": "Point",
        "coordinates": [
          -77.70760345,
          34.37071228
        ]
      },
      "properties": {
        "netid": "70:C9:4E:8D:4B:D9",
        "ssid": "Flock",
        "oui": "70:C9:4E",
        "channel": 1,
        "encryption": "wpa2",
        "firsttime": "2026-08-03T02:00:00.000Z",
        "lasttime": "2026-08-02T19:00:00.000Z",
        "city": null,
        "region": "NC",
        "country": "US",
        "road": "US 17;NC 210",
        "postalcode": "28443"
      }
    },
    {
      "type": "Feature",
      "geometry": {
        "type": "Point",
        "coordinates": [
          46.1243248,
          51.44932556
        ]
      },
      "properties": {
        "netid": "70:C9:4E:8D:4E:73",
        "ssid": "PZM07 1258",
        "oui": "70:C9:4E",
        "channel": 11,
        "encryption": "unknown",
        "firsttime": "2026-07-18T17:00:00.000Z",
        "lasttime": "2026-07-18T11:00:00.000Z",
        "city": "\u042d\u043d\u0433\u0435\u043b\u044c\u0441",
        "region": "\u0421\u0430\u0440\u0430\u0442\u043e\u0432\u0441\u043a\u0430\u044f \u043e\u0431\u043b\u0430\u0441\u0442\u044c",
        "country": "RU",
        "road": "\u041f\u0440\u043e\u043c\u044b\u0448\u043b\u0435\u043d\u043d\u0430\u044f \u0443\u043b\u0438\u0446\u0430",
        "postalcode": "413100"
      }
    },
    {
      "type": "Feature",
      "geometry": {
        "type": "Point",
        "coordinates": [
          -111.77650452,
          43.84365463
        ]
      },
      "properties": {
        "netid": "70:C9:4E:8D:52:3B",
        "ssid": "Flock",
        "oui": "70:C9:4E",
        "channel": 1,
        "encryption": "wpa2",
        "firsttime": "2026-08-27T01:00:00.000Z",
        "lasttime": "2026-08-26T23:00:00.000Z",
        "city": null,
        "region": "ID",
        "country": "US",
        "road": "ID 33",
        "postalcode": "83440"
      }
    },
    {
      "type": "Feature",
      "geometry": {
        "type": "Point",
        "coordinates": [
          -76.71962738,
          39.15268707
        ]
      },
      "properties": {
        "netid": "70:C9:4E:8E:F2:3D",
        "ssid": "Flock",
        "oui": "70:C9:4E",
        "channel": 1,
        "encryption": "wpa2",
        "firsttime": "2026-07-28T20:00:00.000Z",
        "lasttime": "2026-09-02T16:00:00.000Z",
        "city": null,
        "region": "MD",
        "country": "US",
        "road": "Teague Road",
        "postalcode": "21076"
      }
    },
    {
      "type": "Feature",
      "geometry": {
        "type": "Point",
        "coordinates": [
          80.28964996,
          13.09083462
        ]
      },
      "properties": {
        "netid": "70:C9:4E:90:7D:43",
        "ssid": "sharan",
        "oui": "70:C9:4E",
        "channel": 11,
        "encryption": "wpa2",
        "firsttime": "2024-09-15T10:00:00.000Z",
        "lasttime": "2024-09-15T07:00:00.000Z",
        "city": "Chennai",
        "region": "Tamil Nadu",
        "country": "IN",
        "road": "Errabalu Chetty Street",
        "postalcode": "600001"
      }
    },
    {
      "type": "Feature",
      "geometry": {
        "type": "Point",
        "coordinates": [
          38.96815491,
          45.02365875
        ]
      },
      "properties": {
        "netid": "70:C9:4E:90:80:81",
        "ssid": "DIRECT-G2DESKTOP-B3E7B66msCI",
        "oui": "70:C9:4E",
        "channel": 11,
        "encryption": "unknown",
        "firsttime": "2025-08-05T13:00:00.000Z",
        "lasttime": "2025-08-05T06:00:00.000Z",
        "city": "\u041a\u0440\u0430\u0441\u043d\u043e\u0434\u0430\u0440",
        "region": "\u041a\u0440\u0430\u0441\u043d\u043e\u0434\u0430\u0440\u0441\u043a\u0438\u0439 \u043a\u0440\u0430\u0439",
        "country": "RU",
        "road": "\u0420\u0430\u0448\u043f\u0438\u043b\u0435\u0432\u0441\u043a\u0430\u044f \u0443\u043b\u0438\u0446\u0430",
        "postalcode": "350000"
      }
    },
    {
      "type": "Feature",
      "geometry": {
        "type": "Point",
        "coordinates": [
          -95.50255585,
          29.6899662
        ]
      },
      "properties": {
        "netid": "70:C9:4E:90:86:63",
        "ssid": "Flock",
        "oui": "70:C9:4E",
        "channel": 1,
        "encryption": "wpa2",
        "firsttime": "2026-05-11T01:00:00.000Z",
        "lasttime": "2026-07-25T17:00:00.000Z",
        "city": "Houston",
        "region": "TX",
        "country": "US",
        "road": "Bissonnet Street",
        "postalcode": "77099"
      }
    },
    {
      "type": "Feature",
      "geometry": {
        "type": "Point",
        "coordinates": [
          151.86956787,
          -27.59801292
        ]
      },
      "properties": {
        "netid": "70:C9:4E:92:FA:F3",
        "ssid": null,
        "oui": "70:C9:4E",
        "channel": 149,
        "encryption": "none",
        "firsttime": "2026-06-23T04:00:00.000Z",
        "lasttime": "2026-06-22T22:00:00.000Z",
        "city": null,
        "region": "Queensland",
        "country": "AU",
        "road": "Maculan Crescent",
        "postalcode": null
      }
    },
    {
      "type": "Feature",
      "geometry": {
        "type": "Point",
        "coordinates": [
          -86.11194611,
          39.88713837
        ]
      },
      "properties": {
        "netid": "70:C9:4E:95:C4:D1",
        "ssid": null,
        "oui": "70:C9:4E",
        "channel": 44,
        "encryption": "unknown",
        "firsttime": "2026-08-08T21:00:00.000Z",
        "lasttime": "2026-08-08T18:00:00.000Z",
        "city": "Indianapolis",
        "region": "IN",
        "country": "US",
        "road": "North Oakland Avenue",
        "postalcode": "46240"
      }
    },
    {
      "type": "Feature",
      "geometry": {
        "type": "Point",
        "coordinates": [
          -85.63348389,
          42.92323303
        ]
      },
      "properties": {
        "netid": "70:C9:4E:96:12:51",
        "ssid": "2146home-5G-ext",
        "oui": "70:C9:4E",
        "channel": 157,
        "encryption": "wpa2",
        "firsttime": "2025-05-08T22:00:00.000Z",
        "lasttime": "2025-05-08T18:00:00.000Z",
        "city": "Grand Rapids",
        "region": "MI",
        "country": "US",
        "road": "Kalamazoo Avenue Southeast",
        "postalcode": "49508"
      }
    },
    {
      "type": "Feature",
      "geometry": {
        "type": "Point",
        "coordinates": [
          -112.18013763,
          33.49998856
        ]
      },
      "properties": {
        "netid": "70:C9:4E:96:26:7F",
        "ssid": "DESKTOP-5KECO1M 2443",
        "oui": "70:C9:4E",
        "channel": 11,
        "encryption": "wpa2",
        "firsttime": "2026-03-21T17:00:00.000Z",
        "lasttime": "2026-03-21T13:00:00.000Z",
        "city": "Phoenix",
        "region": "AZ",
        "country": "US",
        "road": "West Roma Avenue",
        "postalcode": "85031-2607"
      }
    },
    {
      "type": "Feature",
      "geometry": {
        "type": "Point",
        "coordinates": [
          -77.01994324,
          -12.06207752
        ]
      },
      "properties": {
        "netid": "70:C9:4E:96:3E:B1",
        "ssid": "DESKTOP-CS9S3JN 3475",
        "oui": "70:C9:4E",
        "channel": 11,
        "encryption": "wpa2",
        "firsttime": "2026-02-16T14:00:00.000Z",
        "lasttime": "2026-02-17T07:00:00.000Z",
        "city": "La Victoria",
        "region": "Lima",
        "country": "PE",
        "road": "Prolongaci\u00f3n Huamanga",
        "postalcode": "15011"
      }
    },
    {
      "type": "Feature",
      "geometry": {
        "type": "Point",
        "coordinates": [
          -121.97050476,
          38.33574677
        ]
      },
      "properties": {
        "netid": "70:C9:4E:96:48:F7",
        "ssid": "DESKTOP-I7LJ45U 7600",
        "oui": "70:C9:4E",
        "channel": 11,
        "encryption": "wpa2",
        "firsttime": "2025-06-23T03:00:00.000Z",
        "lasttime": "2025-06-22T21:00:00.000Z",
        "city": "Vacaville",
        "region": "CA",
        "country": "US",
        "road": "Peabody Road",
        "postalcode": "95687"
      }
    },
    {
      "type": "Feature",
      "geometry": {
        "type": "Point",
        "coordinates": [
          -111.78492737,
          33.36457825
        ]
      },
      "properties": {
        "netid": "70:C9:4E:96:49:77",
        "ssid": "Flock",
        "oui": "70:C9:4E",
        "channel": 1,
        "encryption": "wpa2",
        "firsttime": "2026-05-19T21:00:00.000Z",
        "lasttime": "2026-05-20T15:00:00.000Z",
        "city": "Gilbert",
        "region": "AZ",
        "country": "US",
        "road": "East Guadalupe Road",
        "postalcode": "85234"
      }
    },
    {
      "type": "Feature",
      "geometry": {
        "type": "Point",
        "coordinates": [
          -85.75480652,
          38.28491974
        ]
      },
      "properties": {
        "netid": "70:C9:4E:96:6E:11",
        "ssid": "Influncer channel",
        "oui": "70:C9:4E",
        "channel": 6,
        "encryption": "wpa2",
        "firsttime": "2025-06-05T13:00:00.000Z",
        "lasttime": "2025-06-11T23:00:00.000Z",
        "city": null,
        "region": "IN",
        "country": "US",
        "road": "I 65",
        "postalcode": "47129"
      }
    },
    {
      "type": "Feature",
      "geometry": {
        "type": "Point",
        "coordinates": [
          121.01064301,
          14.5221777
        ]
      },
      "properties": {
        "netid": "70:C9:4E:96:71:E7",
        "ssid": "MnlRampT3",
        "oui": "70:C9:4E",
        "channel": 11,
        "encryption": "wpa2",
        "firsttime": "2021-08-05T04:00:00.000Z",
        "lasttime": "2024-09-30T10:00:00.000Z",
        "city": "Pasay",
        "region": "Metro Manila",
        "country": "PH",
        "road": "Andrews Avenue",
        "postalcode": "1309"
      }
    },
    {
      "type": "Feature",
      "geometry": {
        "type": "Point",
        "coordinates": [
          -76.80451965,
          39.74928665
        ]
      },
      "properties": {
        "netid": "70:C9:4E:96:85:DD",
        "ssid": null,
        "oui": "70:C9:4E",
        "channel": 6,
        "encryption": "unknown",
        "firsttime": "2025-02-17T16:00:00.000Z",
        "lasttime": "2025-02-20T17:00:00.000Z",
        "city": "Codorus Township",
        "region": "PA",
        "country": "US",
        "road": "Sticks Road",
        "postalcode": "17327"
      }
    },
    {
      "type": "Feature",
      "geometry": {
        "type": "Point",
        "coordinates": [
          80.20059967,
          9.799119
        ]
      },
      "properties": {
        "netid": "70:C9:4E:96:99:A5",
        "ssid": "Flock",
        "oui": "70:C9:4E",
        "channel": 1,
        "encryption": "wpa2",
        "firsttime": "2026-08-08T12:00:00.000Z",
        "lasttime": "2026-08-08T07:00:00.000Z",
        "city": null,
        "region": "\u0bb5\u0b9f \u0bae\u0bbe\u0b95\u0bbe\u0ba3\u0bae\u0bcd",
        "country": "LK",
        "road": "Alvai - Nelliady - Tunnalai",
        "postalcode": "40600"
      }
    },
    {
      "type": "Feature",
      "geometry": {
        "type": "Point",
        "coordinates": [
          -80.27783966,
          26.23779869
        ]
      },
      "properties": {
        "netid": "70:C9:4E:98:DC:99",
        "ssid": "ATT4grz6tP-5G-ext",
        "oui": "70:C9:4E",
        "channel": 157,
        "encryption": "wpa2",
        "firsttime": "2026-06-13T14:00:00.000Z",
        "lasttime": "2026-06-15T17:00:00.000Z",
        "city": "Coral Springs",
        "region": "FL",
        "country": "US",
        "road": "Coral Ridge Drive",
        "postalcode": "33071"
      }
    },
    {
      "type": "Feature",
      "geometry": {
        "type": "Point",
        "coordinates": [
          -119.70084381,
          39.62295151
        ]
      },
      "properties": {
        "netid": "70:C9:4E:98:DD:6B",
        "ssid": "foster0822-5G-ext",
        "oui": "70:C9:4E",
        "channel": 149,
        "encryption": "wpa2",
        "firsttime": "2024-04-18T23:00:00.000Z",
        "lasttime": "2026-09-01T23:00:00.000Z",
        "city": null,
        "region": "NV",
        "country": "US",
        "road": "Fen Way",
        "postalcode": "89441"
      }
    },
    {
      "type": "Feature",
      "geometry": {
        "type": "Point",
        "coordinates": [
          -73.7641983,
          40.76661301
        ]
      },
      "properties": {
        "netid": "70:C9:4E:98:EF:99",
        "ssid": "Gan-Outside-5G-ext",
        "oui": "70:C9:4E",
        "channel": 157,
        "encryption": "wpa2",
        "firsttime": "2025-04-14T16:00:00.000Z",
        "lasttime": "2025-04-14T12:00:00.000Z",
        "city": "City of New York",
        "region": "NY",
        "country": "US",
        "road": "39th Avenue",
        "postalcode": "11361"
      }
    },
    {
      "type": "Feature",
      "geometry": {
        "type": "Point",
        "coordinates": [
          -85.48776245,
          39.34076691
        ]
      },
      "properties": {
        "netid": "70:C9:4E:99:80:CB",
        "ssid": "WiFi Extender 5G",
        "oui": "70:C9:4E",
        "channel": 157,
        "encryption": "unknown",
        "firsttime": "2025-03-07T01:00:00.000Z",
        "lasttime": "2025-03-06T23:00:00.000Z",
        "city": null,
        "region": "IN",
        "country": "US",
        "road": "North Michigan Avenue",
        "postalcode": "47240"
      }
    },
    {
      "type": "Feature",
      "geometry": {
        "type": "Point",
        "coordinates": [
          -119.78526306,
          39.59044266
        ]
      },
      "properties": {
        "netid": "70:C9:4E:9C:16:7D",
        "ssid": null,
        "oui": "70:C9:4E",
        "channel": 44,
        "encryption": "wep",
        "firsttime": "2026-03-24T00:00:00.000Z",
        "lasttime": "2026-03-29T21:00:00.000Z",
        "city": null,
        "region": "NV",
        "country": "US",
        "road": "Sidehill Drive",
        "postalcode": "89433-7303"
      }
    },
    {
      "type": "Feature",
      "geometry": {
        "type": "Point",
        "coordinates": [
          -78.87257385,
          38.42372894
        ]
      },
      "properties": {
        "netid": "70:C9:4E:9C:6F:53",
        "ssid": null,
        "oui": "70:C9:4E",
        "channel": 165,
        "encryption": "wep",
        "firsttime": "2025-06-06T19:00:00.000Z",
        "lasttime": "2025-06-06T16:00:00.000Z",
        "city": "Harrisonburg",
        "region": "VA",
        "country": "US",
        "road": "Port Republic Road",
        "postalcode": "22801"
      }
    },
    {
      "type": "Feature",
      "geometry": {
        "type": "Point",
        "coordinates": [
          8.51619911,
          47.38549423
        ]
      },
      "properties": {
        "netid": "70:C9:4E:9C:DB:7F",
        "ssid": "ClickShare-1873205721",
        "oui": "70:C9:4E",
        "channel": 36,
        "encryption": "wpa2",
        "firsttime": "2025-09-04T12:00:00.000Z",
        "lasttime": "2025-09-10T08:00:00.000Z",
        "city": "Z\u00fcrich",
        "region": "Z\u00fcrich",
        "country": "CH",
        "road": "Gleisbogen",
        "postalcode": "8010"
      }
    },
    {
      "type": "Feature",
      "geometry": {
        "type": "Point",
        "coordinates": [
          7.07895994,
          51.16291428
        ]
      },
      "properties": {
        "netid": "70:C9:4E:9D:01:43",
        "ssid": "Raum Zwilling - Clickshare",
        "oui": "70:C9:4E",
        "channel": 36,
        "encryption": "wpa2",
        "firsttime": "2022-11-22T14:00:00.000Z",
        "lasttime": "2026-04-17T03:00:00.000Z",
        "city": null,
        "region": "Nordrhein-Westfalen",
        "country": "DE",
        "road": "Gr\u00fcnewalder Stra\u00dfe",
        "postalcode": "42657"
      }
    },
    {
      "type": "Feature",
      "geometry": {
        "type": "Point",
        "coordinates": [
          6.14961529,
          46.22259903
        ]
      },
      "properties": {
        "netid": "70:C9:4E:9D:09:77",
        "ssid": "ClickShare-AJF",
        "oui": "70:C9:4E",
        "channel": 36,
        "encryption": "wpa2",
        "firsttime": "2025-08-01T21:00:00.000Z",
        "lasttime": "2025-08-01T15:00:00.000Z",
        "city": "Gen\u00e8ve",
        "region": "Gen\u00e8ve",
        "country": "CH",
        "road": "Rue de Lausanne",
        "postalcode": "1202"
      }
    },
    {
      "type": "Feature",
      "geometry": {
        "type": "Point",
        "coordinates": [
          14.29908466,
          48.31235504
        ]
      },
      "properties": {
        "netid": "70:C9:4E:9D:11:27",
        "ssid": "ClickShare-EPIC",
        "oui": "70:C9:4E",
        "channel": 1,
        "encryption": "wpa2",
        "firsttime": "2022-01-21T14:00:00.000Z",
        "lasttime": "2026-03-04T23:00:00.000Z",
        "city": "Linz",
        "region": "Ober\u00f6sterreich",
        "country": "AT",
        "road": "Peter-Behrens-Platz",
        "postalcode": "4020"
      }
    },
    {
      "type": "Feature",
      "geometry": {
        "type": "Point",
        "coordinates": [
          11.40096283,
          47.25217819
        ]
      },
      "properties": {
        "netid": "70:C9:4E:9D:17:59",
        "ssid": "Click-Share-Bespr. klein 1.OG",
        "oui": "70:C9:4E",
        "channel": 36,
        "encryption": "wpa2",
        "firsttime": "2020-01-10T06:00:00.000Z",
        "lasttime": "2026-08-09T05:00:00.000Z",
        "city": "Innsbruck",
        "region": "Tirol",
        "country": "AT",
        "road": "Klostergasse",
        "postalcode": "6020"
      }
    },
    {
      "type": "Feature",
      "geometry": {
        "type": "Point",
        "coordinates": [
          8.24252415,
          50.08187866
        ]
      },
      "properties": {
        "netid": "70:C9:4E:9D:17:7B",
        "ssid": "ClickShare-FDP-Meeting-Room",
        "oui": "70:C9:4E",
        "channel": 36,
        "encryption": "wpa2",
        "firsttime": "2022-11-26T18:00:00.000Z",
        "lasttime": "2025-10-10T03:00:00.000Z",
        "city": "Wiesbaden",
        "region": "Hessen",
        "country": "DE",
        "road": "Schlossplatz",
        "postalcode": "65183"
      }
    },
    {
      "type": "Feature",
      "geometry": {
        "type": "Point",
        "coordinates": [
          7.05759764,
          52.42419434
        ]
      },
      "properties": {
        "netid": "70:C9:4E:9D:19:E5",
        "ssid": "ClickShare-DRK-Nordhorn",
        "oui": "70:C9:4E",
        "channel": 6,
        "encryption": "wpa2",
        "firsttime": "2024-12-27T11:00:00.000Z",
        "lasttime": "2026-07-25T02:00:00.000Z",
        "city": null,
        "region": "Niedersachsen",
        "country": "DE",
        "road": "Kanalweg",
        "postalcode": "48529"
      }
    },
    {
      "type": "Feature",
      "geometry": {
        "type": "Point",
        "coordinates": [
          13.34237766,
          52.50490189
        ]
      },
      "properties": {
        "netid": "70:C9:4E:9D:26:DD",
        "ssid": "ClickShare-Besprechungsraum Gr.",
        "oui": "70:C9:4E",
        "channel": 36,
        "encryption": "wpa2",
        "firsttime": "2021-09-03T23:00:00.000Z",
        "lasttime": "2026-08-16T18:00:00.000Z",
        "city": "Berlin",
        "region": "Tiergarten",
        "country": "DE",
        "road": "Kurf\u00fcrstenstra\u00dfe",
        "postalcode": "10787"
      }
    },
    {
      "type": "Feature",
      "geometry": {
        "type": "Point",
        "coordinates": [
          9.15618229,
          47.67379761
        ]
      },
      "properties": {
        "netid": "70:C9:4E:9D:26:F3",
        "ssid": "ClickShare-1873205626",
        "oui": "70:C9:4E",
        "channel": 36,
        "encryption": "wpa2",
        "firsttime": "2021-08-06T07:00:00.000Z",
        "lasttime": "2026-04-11T10:00:00.000Z",
        "city": "Konstanz",
        "region": "Baden-W\u00fcrttemberg",
        "country": "DE",
        "road": "Reichenaustra\u00dfe",
        "postalcode": "78467"
      }
    },
    {
      "type": "Feature",
      "geometry": {
        "type": "Point",
        "coordinates": [
          24.90064049,
          60.20762253
        ]
      },
      "properties": {
        "netid": "70:C9:4E:9D:27:09",
        "ssid": "ClickShare-FI-HEL-K772",
        "oui": "70:C9:4E",
        "channel": 40,
        "encryption": "wpa2",
        "firsttime": "2021-01-06T00:00:00.000Z",
        "lasttime": "2026-08-28T17:00:00.000Z",
        "city": "Helsinki",
        "region": "Manner-Suomi",
        "country": "FI",
        "road": "Nauvontie",
        "postalcode": "00280"
      }
    },
    {
      "type": "Feature",
      "geometry": {
        "type": "Point",
        "coordinates": [
          8.29515362,
          47.03259277
        ]
      },
      "properties": {
        "netid": "70:C9:4E:9D:27:4B",
        "ssid": "ClickShare-1873205824",
        "oui": "70:C9:4E",
        "channel": 36,
        "encryption": "wpa2",
        "firsttime": "2024-06-01T02:00:00.000Z",
        "lasttime": "2025-02-16T23:00:00.000Z",
        "city": null,
        "region": "Luzern",
        "country": "CH",
        "road": "A2",
        "postalcode": "6011"
      }
    },
    {
      "type": "Feature",
      "geometry": {
        "type": "Point",
        "coordinates": [
          16.3299427,
          48.16946411
        ]
      },
      "properties": {
        "netid": "70:C9:4E:9D:27:6B",
        "ssid": "ClickShare-1873205619",
        "oui": "70:C9:4E",
        "channel": 36,
        "encryption": "wpa2",
        "firsttime": "2024-04-14T07:00:00.000Z",
        "lasttime": "2024-10-21T04:00:00.000Z",
        "city": "Wien",
        "region": "KG Altmannsdorf",
        "country": "AT",
        "road": "Franz-Siller-Weg",
        "postalcode": "1120"
      }
    },
    {
      "type": "Feature",
      "geometry": {
        "type": "Point",
        "coordinates": [
          11.40098572,
          47.25215912
        ]
      },
      "properties": {
        "netid": "70:C9:4E:9D:42:D1",
        "ssid": "ClickShare-Bespr. gross 1.OG",
        "oui": "70:C9:4E",
        "channel": 48,
        "encryption": "wpa2",
        "firsttime": "2019-11-22T06:00:00.000Z",
        "lasttime": "2026-08-09T05:00:00.000Z",
        "city": "Innsbruck",
        "region": "Tirol",
        "country": "AT",
        "road": "Klostergasse",
        "postalcode": "6020"
      }
    },
    {
      "type": "Feature",
      "geometry": {
        "type": "Point",
        "coordinates": [
          4.5402379,
          51.26622009
        ]
      },
      "properties": {
        "netid": "70:C9:4E:9E:7D:8B",
        "ssid": "Flock",
        "oui": "70:C9:4E",
        "channel": 1,
        "encryption": "wpa2",
        "firsttime": "2026-08-23T12:00:00.000Z",
        "lasttime": "2026-08-23T07:00:00.000Z",
        "city": null,
        "region": "Antwerpen",
        "country": "BE",
        "road": "Botermelkbaan",
        "postalcode": "2900"
      }
    },
    {
      "type": "Feature",
      "geometry": {
        "type": "Point",
        "coordinates": [
          -115.03469086,
          36.07461548
        ]
      },
      "properties": {
        "netid": "70:C9:4E:A0:59:8B",
        "ssid": null,
        "oui": "70:C9:4E",
        "channel": 165,
        "encryption": "wep",
        "firsttime": "2025-08-29T19:00:00.000Z",
        "lasttime": "2025-08-29T14:00:00.000Z",
        "city": "Henderson",
        "region": "NV",
        "country": "US",
        "road": null,
        "postalcode": "89122-7451"
      }
    },
    {
      "type": "Feature",
      "geometry": {
        "type": "Point",
        "coordinates": [
          19.89129448,
          50.0161972
        ]
      },
      "properties": {
        "netid": "70:C9:4E:A0:9D:2B",
        "ssid": null,
        "oui": "70:C9:4E",
        "channel": 40,
        "encryption": "wep",
        "firsttime": "2025-10-19T14:00:00.000Z",
        "lasttime": "2025-10-19T08:00:00.000Z",
        "city": null,
        "region": "wojew\u00f3dztwo ma\u0142opolskie",
        "country": "PL",
        "road": null,
        "postalcode": "30-392"
      }
    },
    {
      "type": "Feature",
      "geometry": {
        "type": "Point",
        "coordinates": [
          -111.90391541,
          40.50755692
        ]
      },
      "properties": {
        "netid": "70:C9:4E:A2:3D:05",
        "ssid": null,
        "oui": "70:C9:4E",
        "channel": 44,
        "encryption": "none",
        "firsttime": "2026-08-03T23:00:00.000Z",
        "lasttime": "2026-08-03T16:00:00.000Z",
        "city": null,
        "region": "UT",
        "country": "US",
        "road": "Vista Station Boulevard",
        "postalcode": "84020"
      }
    },
    {
      "type": "Feature",
      "geometry": {
        "type": "Point",
        "coordinates": [
          9.63814831,
          48.71037292
        ]
      },
      "properties": {
        "netid": "70:C9:4E:A2:AB:93",
        "ssid": null,
        "oui": "70:C9:4E",
        "channel": 0,
        "encryption": "unknown",
        "firsttime": "2024-09-17T17:00:00.000Z",
        "lasttime": "2024-09-17T11:00:00.000Z",
        "city": null,
        "region": "Baden-W\u00fcrttemberg",
        "country": "DE",
        "road": "N\u00f6rdliche Ringstra\u00dfe",
        "postalcode": "73033"
      }
    },
    {
      "type": "Feature",
      "geometry": {
        "type": "Point",
        "coordinates": [
          -73.77262878,
          40.59586716
        ]
      },
      "properties": {
        "netid": "70:C9:4E:A3:39:BF",
        "ssid": null,
        "oui": "70:C9:4E",
        "channel": 36,
        "encryption": "none",
        "firsttime": "2026-08-08T17:00:00.000Z",
        "lasttime": "2026-08-08T15:00:00.000Z",
        "city": "City of New York",
        "region": "NY",
        "country": "US",
        "road": "Beach Channel Drive",
        "postalcode": "11692"
      }
    },
    {
      "type": "Feature",
      "geometry": {
        "type": "Point",
        "coordinates": [
          -71.56703186,
          41.68648911
        ]
      },
      "properties": {
        "netid": "70:C9:4E:A5:C0:E7",
        "ssid": null,
        "oui": "70:C9:4E",
        "channel": 48,
        "encryption": "none",
        "firsttime": "2026-08-24T23:00:00.000Z",
        "lasttime": "2026-08-24T17:00:00.000Z",
        "city": null,
        "region": "RI",
        "country": "US",
        "road": "South Main Street",
        "postalcode": "02816"
      }
    },
    {
      "type": "Feature",
      "geometry": {
        "type": "Point",
        "coordinates": [
          -86.63526917,
          30.40705109
        ]
      },
      "properties": {
        "netid": "70:C9:4E:AB:07:49",
        "ssid": null,
        "oui": "70:C9:4E",
        "channel": 11,
        "encryption": "wep",
        "firsttime": "2026-07-09T15:00:00.000Z",
        "lasttime": "2026-07-13T15:00:00.000Z",
        "city": null,
        "region": "FL",
        "country": "US",
        "road": "Miracle Strip Pkwy Southwest",
        "postalcode": "32548"
      }
    },
    {
      "type": "Feature",
      "geometry": {
        "type": "Point",
        "coordinates": [
          -117.86156464,
          33.72209549
        ]
      },
      "properties": {
        "netid": "70:C9:4E:AB:67:AB",
        "ssid": null,
        "oui": "70:C9:4E",
        "channel": 161,
        "encryption": "wep",
        "firsttime": "2025-01-28T21:00:00.000Z",
        "lasttime": "2025-01-28T16:00:00.000Z",
        "city": "Santa Ana",
        "region": "CA",
        "country": "US",
        "road": "South Kilson Drive",
        "postalcode": "92707"
      }
    },
    {
      "type": "Feature",
      "geometry": {
        "type": "Point",
        "coordinates": [
          -73.05875397,
          40.86006165
        ]
      },
      "properties": {
        "netid": "70:C9:4E:AB:89:5D",
        "ssid": null,
        "oui": "70:C9:4E",
        "channel": 48,
        "encryption": "wep",
        "firsttime": "2026-05-12T22:00:00.000Z",
        "lasttime": "2026-05-12T18:00:00.000Z",
        "city": null,
        "region": "NY",
        "country": "US",
        "road": "Paula Boulevard",
        "postalcode": "11784"
      }
    },
    {
      "type": "Feature",
      "geometry": {
        "type": "Point",
        "coordinates": [
          -77.63869476,
          39.282341
        ]
      },
      "properties": {
        "netid": "70:C9:4E:AC:08:6B",
        "ssid": null,
        "oui": "70:C9:4E",
        "channel": 153,
        "encryption": "wep",
        "firsttime": "2026-04-21T21:00:00.000Z",
        "lasttime": "2026-04-21T16:00:00.000Z",
        "city": null,
        "region": "VA",
        "country": "US",
        "road": "Cooper Run Street",
        "postalcode": "20180"
      }
    },
    {
      "type": "Feature",
      "geometry": {
        "type": "Point",
        "coordinates": [
          -99.16339874,
          19.40696335
        ]
      },
      "properties": {
        "netid": "70:C9:4E:AC:09:F1",
        "ssid": null,
        "oui": "70:C9:4E",
        "channel": 157,
        "encryption": "wep",
        "firsttime": "2025-11-13T19:00:00.000Z",
        "lasttime": "2025-11-13T18:00:00.000Z",
        "city": "Ciudad de M\u00e9xico",
        "region": "Colonia Roma Sur",
        "country": "MX",
        "road": "Medell\u00edn",
        "postalcode": "06760"
      }
    },
    {
      "type": "Feature",
      "geometry": {
        "type": "Point",
        "coordinates": [
          13.03825665,
          47.80596161
        ]
      },
      "properties": {
        "netid": "70:C9:4E:AE:F5:D4",
        "ssid": null,
        "oui": "70:C9:4E",
        "channel": 149,
        "encryption": "none",
        "firsttime": "2026-08-22T22:00:00.000Z",
        "lasttime": "2026-08-22T16:00:00.000Z",
        "city": "Salzburg",
        "region": "Salzburg",
        "country": "AT",
        "road": "Elisabethkai",
        "postalcode": "5020"
      }
    },
    {
      "type": "Feature",
      "geometry": {
        "type": "Point",
        "coordinates": [
          -82.86151886,
          39.92856979
        ]
      },
      "properties": {
        "netid": "70:C9:4E:AF:62:A1",
        "ssid": null,
        "oui": "70:C9:4E",
        "channel": 1,
        "encryption": "wpa2",
        "firsttime": "2026-08-12T18:00:00.000Z",
        "lasttime": "2026-08-12T17:00:00.000Z",
        "city": "Columbus",
        "region": "OH",
        "country": "US",
        "road": "Jack Nicklaus Freeway",
        "postalcode": "43232"
      }
    },
    {
      "type": "Feature",
      "geometry": {
        "type": "Point",
        "coordinates": [
          -118.29302979,
          34.23514175
        ]
      },
      "properties": {
        "netid": "70:C9:4E:AF:E1:73",
        "ssid": "Flock",
        "oui": "70:C9:4E",
        "channel": 6,
        "encryption": "none",
        "firsttime": "2026-08-23T13:00:00.000Z",
        "lasttime": "2026-08-23T14:00:00.000Z",
        "city": "Los Angeles",
        "region": "CA",
        "country": "US",
        "road": "Foothill Freeway",
        "postalcode": "91040"
      }
    },
    {
      "type": "Feature",
      "geometry": {
        "type": "Point",
        "coordinates": [
          -84.31430054,
          33.61059189
        ]
      },
      "properties": {
        "netid": "70:C9:4E:B0:68:05",
        "ssid": null,
        "oui": "70:C9:4E",
        "channel": 40,
        "encryption": "none",
        "firsttime": "2026-07-24T10:00:00.000Z",
        "lasttime": "2026-07-24T04:00:00.000Z",
        "city": null,
        "region": "GA",
        "country": "US",
        "road": "Forest Parkway",
        "postalcode": "30260-1250"
      }
    },
    {
      "type": "Feature",
      "geometry": {
        "type": "Point",
        "coordinates": [
          -81.53386688,
          30.31352997
        ]
      },
      "properties": {
        "netid": "70:C9:4E:B0:DF:09",
        "ssid": null,
        "oui": "70:C9:4E",
        "channel": 161,
        "encryption": "wep",
        "firsttime": "2026-08-14T17:00:00.000Z",
        "lasttime": "2026-08-14T17:00:00.000Z",
        "city": "Jacksonville",
        "region": "FL",
        "country": "US",
        "road": "Debutante Drive",
        "postalcode": "32246"
      }
    },
    {
      "type": "Feature",
      "geometry": {
        "type": "Point",
        "coordinates": [
          -117.61320496,
          34.12924194
        ]
      },
      "properties": {
        "netid": "70:C9:4E:B0:E4:23",
        "ssid": null,
        "oui": "70:C9:4E",
        "channel": 40,
        "encryption": "none",
        "firsttime": "2026-05-21T03:00:00.000Z",
        "lasttime": "2026-05-21T17:00:00.000Z",
        "city": "Rancho Cucamonga",
        "region": "CA",
        "country": "US",
        "road": "Holly Street",
        "postalcode": "91701"
      }
    },
    {
      "type": "Feature",
      "geometry": {
        "type": "Point",
        "coordinates": [
          13.6311903,
          51.10811234
        ]
      },
      "properties": {
        "netid": "70:C9:4E:B1:11:8F",
        "ssid": null,
        "oui": "70:C9:4E",
        "channel": 48,
        "encryption": "wep",
        "firsttime": "2025-03-04T23:00:00.000Z",
        "lasttime": "2025-03-04T17:00:00.000Z",
        "city": null,
        "region": "Sachsen",
        "country": "DE",
        "road": "Mei\u00dfner Stra\u00dfe",
        "postalcode": "01445"
      }
    },
    {
      "type": "Feature",
      "geometry": {
        "type": "Point",
        "coordinates": [
          -103.81346893,
          41.94023895
        ]
      },
      "properties": {
        "netid": "70:C9:4E:B1:56:BD",
        "ssid": null,
        "oui": "70:C9:4E",
        "channel": 165,
        "encryption": "wep",
        "firsttime": "2026-06-14T02:00:00.000Z",
        "lasttime": "2026-06-13T19:00:00.000Z",
        "city": null,
        "region": "NE",
        "country": "US",
        "road": "19th Avenue",
        "postalcode": "69357"
      }
    },
    {
      "type": "Feature",
      "geometry": {
        "type": "Point",
        "coordinates": [
          -74.04117584,
          40.76191711
        ]
      },
      "properties": {
        "netid": "70:C9:4E:B1:A1:CF",
        "ssid": null,
        "oui": "70:C9:4E",
        "channel": 44,
        "encryption": "wep",
        "firsttime": "2026-09-03T02:00:00.000Z",
        "lasttime": "2026-09-02T23:00:00.000Z",
        "city": null,
        "region": "NJ",
        "country": "US",
        "road": "13th Street",
        "postalcode": "07047"
      }
    },
    {
      "type": "Feature",
      "geometry": {
        "type": "Point",
        "coordinates": [
          -92.67684174,
          37.68132019
        ]
      },
      "properties": {
        "netid": "70:C9:4E:B1:FE:E3",
        "ssid": null,
        "oui": "70:C9:4E",
        "channel": 48,
        "encryption": "wep",
        "firsttime": "2026-05-26T06:00:00.000Z",
        "lasttime": "2026-08-29T11:00:00.000Z",
        "city": null,
        "region": "MO",
        "country": "US",
        "road": "Hoover Avenue",
        "postalcode": "65536"
      }
    },
    {
      "type": "Feature",
      "geometry": {
        "type": "Point",
        "coordinates": [
          9.74111176,
          45.68527985
        ]
      },
      "properties": {
        "netid": "70:C9:4E:B3:87:BB",
        "ssid": "Flock",
        "oui": "70:C9:4E",
        "channel": 1,
        "encryption": "wpa2",
        "firsttime": "2026-08-16T16:00:00.000Z",
        "lasttime": "2026-08-16T12:00:00.000Z",
        "city": null,
        "region": "Lombardia",
        "country": "IT",
        "road": "Via Stella Alpina",
        "postalcode": "24066"
      }
    },
    {
      "type": "Feature",
      "geometry": {
        "type": "Point",
        "coordinates": [
          -69.90815735,
          18.47574997
        ]
      },
      "properties": {
        "netid": "70:C9:4E:B8:9B:25",
        "ssid": "DESKTOP-4E5H7FH 1313",
        "oui": "70:C9:4E",
        "channel": 11,
        "encryption": "wpa2",
        "firsttime": "2024-07-25T19:00:00.000Z",
        "lasttime": "2025-03-26T13:00:00.000Z",
        "city": null,
        "region": "Distrito Nacional",
        "country": "DO",
        "road": "Elevado 27 de Febrero",
        "postalcode": "10203"
      }
    },
    {
      "type": "Feature",
      "geometry": {
        "type": "Point",
        "coordinates": [
          152.98440552,
          -27.28790855
        ]
      },
      "properties": {
        "netid": "70:C9:4E:B8:BD:5F",
        "ssid": "DIRECT-SSJANISAKENTSPCmsED",
        "oui": "70:C9:4E",
        "channel": 10,
        "encryption": "wpa2",
        "firsttime": "2024-05-26T02:00:00.000Z",
        "lasttime": "2024-09-09T16:00:00.000Z",
        "city": null,
        "region": "Queensland",
        "country": "AU",
        "road": "Gympie Road",
        "postalcode": "4501"
      }
    },
    {
      "type": "Feature",
      "geometry": {
        "type": "Point",
        "coordinates": [
          151.91833496,
          -27.59217644
        ]
      },
      "properties": {
        "netid": "70:C9:4E:B8:EE:D7",
        "ssid": null,
        "oui": "70:C9:4E",
        "channel": 149,
        "encryption": "none",
        "firsttime": "2026-06-23T00:00:00.000Z",
        "lasttime": "2026-06-22T22:00:00.000Z",
        "city": "Toowoomba",
        "region": "Queensland",
        "country": "AU",
        "road": "Ball Street",
        "postalcode": "4250"
      }
    },
    {
      "type": "Feature",
      "geometry": {
        "type": "Point",
        "coordinates": [
          -76.51592255,
          39.32271194
        ]
      },
      "properties": {
        "netid": "70:C9:4E:B9:CD:33",
        "ssid": null,
        "oui": "70:C9:4E",
        "channel": 1,
        "encryption": "unknown",
        "firsttime": "2026-08-01T07:00:00.000Z",
        "lasttime": "2026-08-01T19:00:00.000Z",
        "city": null,
        "region": "MD",
        "country": "US",
        "road": "Chesaco Avenue",
        "postalcode": "21237"
      }
    },
    {
      "type": "Feature",
      "geometry": {
        "type": "Point",
        "coordinates": [
          -95.56358337,
          29.79907608
        ]
      },
      "properties": {
        "netid": "70:C9:4E:BB:E9:87",
        "ssid": "Flock",
        "oui": "70:C9:4E",
        "channel": 1,
        "encryption": "wpa2",
        "firsttime": "2026-07-30T21:00:00.000Z",
        "lasttime": "2026-07-30T20:00:00.000Z",
        "city": "Houston",
        "region": "TX",
        "country": "US",
        "road": "West Sam Houston Tollway North",
        "postalcode": "77043"
      }
    },
    {
      "type": "Feature",
      "geometry": {
        "type": "Point",
        "coordinates": [
          -85.98383331,
          39.99786758
        ]
      },
      "properties": {
        "netid": "70:C9:4E:C1:10:01",
        "ssid": null,
        "oui": "70:C9:4E",
        "channel": 0,
        "encryption": "unknown",
        "firsttime": "2024-06-17T09:00:00.000Z",
        "lasttime": "2024-09-16T13:00:00.000Z",
        "city": null,
        "region": "IN",
        "country": "US",
        "road": "Cotton Blossom Drive",
        "postalcode": "46038"
      }
    },
    {
      "type": "Feature",
      "geometry": {
        "type": "Point",
        "coordinates": [
          -100.4127121,
          20.56521416
        ]
      },
      "properties": {
        "netid": "70:C9:4E:C3:A0:29",
        "ssid": "DESKTOP-HP3NLU5 0157",
        "oui": "70:C9:4E",
        "channel": 11,
        "encryption": "wpa2",
        "firsttime": "2025-04-16T17:00:00.000Z",
        "lasttime": "2025-07-25T15:00:00.000Z",
        "city": "Santiago de Quer\u00e9taro",
        "region": "Municipio de Quer\u00e9taro",
        "country": "MX",
        "road": "Calle Hacienda Santill\u00e1n",
        "postalcode": "76180"
      }
    },
    {
      "type": "Feature",
      "geometry": {
        "type": "Point",
        "coordinates": [
          -73.57926178,
          45.59861755
        ]
      },
      "properties": {
        "netid": "70:C9:4E:C5:CD:CF",
        "ssid": null,
        "oui": "70:C9:4E",
        "channel": 0,
        "encryption": "unknown",
        "firsttime": "2025-02-26T05:00:00.000Z",
        "lasttime": "2025-02-28T15:00:00.000Z",
        "city": "Montr\u00e9al",
        "region": "Qu\u00e9bec",
        "country": "CA",
        "road": "Rue Pascal-Gagnon",
        "postalcode": "H1P 2X4"
      }
    },
    {
      "type": "Feature",
      "geometry": {
        "type": "Point",
        "coordinates": [
          -115.23400879,
          36.20852661
        ]
      },
      "properties": {
        "netid": "70:C9:4E:C8:05:CD",
        "ssid": null,
        "oui": "70:C9:4E",
        "channel": 161,
        "encryption": "wep",
        "firsttime": "2026-03-05T15:00:00.000Z",
        "lasttime": "2026-03-05T16:00:00.000Z",
        "city": "Las Vegas",
        "region": "NV",
        "country": "US",
        "road": "Bretton Mews",
        "postalcode": "89108-4577"
      }
    },
    {
      "type": "Feature",
      "geometry": {
        "type": "Point",
        "coordinates": [
          -92.4646759,
          31.27765846
        ]
      },
      "properties": {
        "netid": "70:C9:4E:C8:96:21",
        "ssid": "Lee Stars",
        "oui": "70:C9:4E",
        "channel": 11,
        "encryption": "wpa2",
        "firsttime": "2024-10-31T02:00:00.000Z",
        "lasttime": "2026-07-16T06:00:00.000Z",
        "city": "Alexandria",
        "region": "LA",
        "country": "US",
        "road": "Masonic Drive",
        "postalcode": "71301"
      }
    },
    {
      "type": "Feature",
      "geometry": {
        "type": "Point",
        "coordinates": [
          -110.31503296,
          24.15966225
        ]
      },
      "properties": {
        "netid": "70:C9:4E:C8:CE:5B",
        "ssid": "CAJA-N 3672",
        "oui": "70:C9:4E",
        "channel": 9,
        "encryption": "wpa2",
        "firsttime": "2024-11-26T19:00:00.000Z",
        "lasttime": "2024-11-29T15:00:00.000Z",
        "city": "La Paz",
        "region": "Baja California Sur",
        "country": "MX",
        "road": "Calle Revoluci\u00f3n de 1910",
        "postalcode": "23000"
      }
    },
    {
      "type": "Feature",
      "geometry": {
        "type": "Point",
        "coordinates": [
          12.73983383,
          47.7611084
        ]
      },
      "properties": {
        "netid": "70:C9:4E:CB:CA:B4",
        "ssid": null,
        "oui": "70:C9:4E",
        "channel": 13,
        "encryption": "none",
        "firsttime": "2026-08-20T18:00:00.000Z",
        "lasttime": "2026-08-20T14:00:00.000Z",
        "city": null,
        "region": "Bayern",
        "country": "DE",
        "road": "Schmelzer Stra\u00dfe",
        "postalcode": "83334"
      }
    },
    {
      "type": "Feature",
      "geometry": {
        "type": "Point",
        "coordinates": [
          7.80053616,
          47.46430588
        ]
      },
      "properties": {
        "netid": "70:C9:4E:CB:D8:7C",
        "ssid": null,
        "oui": "70:C9:4E",
        "channel": 1,
        "encryption": "unknown",
        "firsttime": "2025-10-22T13:00:00.000Z",
        "lasttime": "2025-10-24T06:00:00.000Z",
        "city": null,
        "region": "Basel-Landschaft",
        "country": "CH",
        "road": "A2",
        "postalcode": "4450"
      }
    },
    {
      "type": "Feature",
      "geometry": {
        "type": "Point",
        "coordinates": [
          145.28721619,
          -37.8007431
        ]
      },
      "properties": {
        "netid": "70:C9:4E:CF:E6:D7",
        "ssid": null,
        "oui": "70:C9:4E",
        "channel": 149,
        "encryption": "wep",
        "firsttime": "2026-05-31T06:00:00.000Z",
        "lasttime": "2026-05-31T00:00:00.000Z",
        "city": "Melbourne",
        "region": "Victoria",
        "country": "AU",
        "road": "Norton Road",
        "postalcode": "3136"
      }
    },
    {
      "type": "Feature",
      "geometry": {
        "type": "Point",
        "coordinates": [
          -73.58846283,
          45.64536285
        ]
      },
      "properties": {
        "netid": "70:C9:4E:DD:A7:87",
        "ssid": null,
        "oui": "70:C9:4E",
        "channel": 0,
        "encryption": "unknown",
        "firsttime": "2025-08-19T16:00:00.000Z",
        "lasttime": "2025-10-08T14:00:00.000Z",
        "city": "Montr\u00e9al",
        "region": "Qu\u00e9bec",
        "country": "CA",
        "road": "Avenue Rita-Levi-Montalcini",
        "postalcode": "H1E 4M7"
      }
    },
    {
      "type": "Feature",
      "geometry": {
        "type": "Point",
        "coordinates": [
          -80.82930756,
          35.2737999
        ]
      },
      "properties": {
        "netid": "70:C9:4E:DF:96:EF",
        "ssid": null,
        "oui": "70:C9:4E",
        "channel": 11,
        "encryption": "wpa2",
        "firsttime": "2026-08-31T13:00:00.000Z",
        "lasttime": "2026-08-31T07:00:00.000Z",
        "city": "Charlotte",
        "region": "NC",
        "country": "US",
        "road": "I 85",
        "postalcode": "28206"
      }
    },
    {
      "type": "Feature",
      "geometry": {
        "type": "Point",
        "coordinates": [
          -82.63852692,
          27.79117584
        ]
      },
      "properties": {
        "netid": "70:C9:4E:E0:3E:C5",
        "ssid": null,
        "oui": "70:C9:4E",
        "channel": 9,
        "encryption": "unknown",
        "firsttime": "2025-07-25T22:00:00.000Z",
        "lasttime": "2025-08-14T18:00:00.000Z",
        "city": "Saint Petersburg",
        "region": "FL",
        "country": "US",
        "road": "4th Street North",
        "postalcode": "33704"
      }
    },
    {
      "type": "Feature",
      "geometry": {
        "type": "Point",
        "coordinates": [
          -96.39099884,
          30.17026711
        ]
      },
      "properties": {
        "netid": "70:C9:4E:E0:F2:03",
        "ssid": null,
        "oui": "70:C9:4E",
        "channel": 6,
        "encryption": "wpa2",
        "firsttime": "2026-08-05T17:00:00.000Z",
        "lasttime": "2026-08-05T12:00:00.000Z",
        "city": "Brenham",
        "region": "TX",
        "country": "US",
        "road": "North Chappell Hill Street",
        "postalcode": "77833"
      }
    },
    {
      "type": "Feature",
      "geometry": {
        "type": "Point",
        "coordinates": [
          -80.68502808,
          28.35829353
        ]
      },
      "properties": {
        "netid": "70:C9:4E:E9:AC:6D",
        "ssid": null,
        "oui": "70:C9:4E",
        "channel": 1,
        "encryption": "wpa2",
        "firsttime": "2026-07-21T22:00:00.000Z",
        "lasttime": "2026-08-19T00:00:00.000Z",
        "city": null,
        "region": "FL",
        "country": "US",
        "road": "South Sykes Creek Parkway",
        "postalcode": "32952"
      }
    },
    {
      "type": "Feature",
      "geometry": {
        "type": "Point",
        "coordinates": [
          -118.70878601,
          34.27903748
        ]
      },
      "properties": {
        "netid": "70:C9:4E:E9:ED:C7",
        "ssid": "Flock",
        "oui": "70:C9:4E",
        "channel": 11,
        "encryption": "none",
        "firsttime": "2026-08-23T18:00:00.000Z",
        "lasttime": "2026-08-23T19:00:00.000Z",
        "city": "Simi Valley",
        "region": "CA",
        "country": "US",
        "road": "Cochran Street",
        "postalcode": "93062"
      }
    },
    {
      "type": "Feature",
      "geometry": {
        "type": "Point",
        "coordinates": [
          -73.63616943,
          43.33069611
        ]
      },
      "properties": {
        "netid": "70:C9:4E:ED:A7:C9",
        "ssid": "Flock",
        "oui": "70:C9:4E",
        "channel": 1,
        "encryption": "wpa2",
        "firsttime": "2026-05-13T20:00:00.000Z",
        "lasttime": "2026-05-13T15:00:00.000Z",
        "city": null,
        "region": "NY",
        "country": "US",
        "road": "Quaker Road",
        "postalcode": "12804"
      }
    },
    {
      "type": "Feature",
      "geometry": {
        "type": "Point",
        "coordinates": [
          -120.79844666,
          37.53216934
        ]
      },
      "properties": {
        "netid": "70:C9:4E:ED:C5:1F",
        "ssid": null,
        "oui": "70:C9:4E",
        "channel": 6,
        "encryption": "unknown",
        "firsttime": "2024-09-03T09:00:00.000Z",
        "lasttime": "2024-09-03T15:00:00.000Z",
        "city": null,
        "region": "CA",
        "country": "US",
        "road": "North Sperry Road",
        "postalcode": null
      }
    },
    {
      "type": "Feature",
      "geometry": {
        "type": "Point",
        "coordinates": [
          -73.98881531,
          40.75028229
        ]
      },
      "properties": {
        "netid": "70:C9:4E:ED:CB:E5",
        "ssid": null,
        "oui": "70:C9:4E",
        "channel": 7,
        "encryption": "unknown",
        "firsttime": "2024-07-10T07:00:00.000Z",
        "lasttime": "2024-10-19T05:00:00.000Z",
        "city": "City of New York",
        "region": "NY",
        "country": "US",
        "road": "West 34th Street",
        "postalcode": "10001"
      }
    },
    {
      "type": "Feature",
      "geometry": {
        "type": "Point",
        "coordinates": [
          3.91031289,
          43.6313324
        ]
      },
      "properties": {
        "netid": "70:C9:4E:ED:EB:B7",
        "ssid": "sebastian-hotspot",
        "oui": "70:C9:4E",
        "channel": 1,
        "encryption": "wep",
        "firsttime": "2026-03-14T10:00:00.000Z",
        "lasttime": "2026-07-05T10:00:00.000Z",
        "city": null,
        "region": "Occitanie",
        "country": "FR",
        "road": "Impasse des Salvias",
        "postalcode": "34170"
      }
    },
    {
      "type": "Feature",
      "geometry": {
        "type": "Point",
        "coordinates": [
          -81.56923676,
          39.2850647
        ]
      },
      "properties": {
        "netid": "70:C9:4E:EF:8C:99",
        "ssid": null,
        "oui": "70:C9:4E",
        "channel": 11,
        "encryption": "none",
        "firsttime": "2026-08-15T20:00:00.000Z",
        "lasttime": "2026-08-15T19:00:00.000Z",
        "city": null,
        "region": "OH",
        "country": "US",
        "road": "SR 7",
        "postalcode": "45714"
      }
    },
    {
      "type": "Feature",
      "geometry": {
        "type": "Point",
        "coordinates": [
          -85.68461609,
          38.20025635
        ]
      },
      "properties": {
        "netid": "70:C9:4E:EF:96:CD",
        "ssid": null,
        "oui": "70:C9:4E",
        "channel": 0,
        "encryption": "wpa2",
        "firsttime": "2026-03-31T20:00:00.000Z",
        "lasttime": "2026-04-01T11:00:00.000Z",
        "city": "Louisville",
        "region": "KY",
        "country": "US",
        "road": "Goldsmith Lane",
        "postalcode": "40218"
      }
    },
    {
      "type": "Feature",
      "geometry": {
        "type": "Point",
        "coordinates": [
          -85.6532135,
          38.25208282
        ]
      },
      "properties": {
        "netid": "70:C9:4E:F0:A4:A7",
        "ssid": null,
        "oui": "70:C9:4E",
        "channel": 0,
        "encryption": "wpa2",
        "firsttime": "2026-01-29T11:00:00.000Z",
        "lasttime": "2026-02-16T19:00:00.000Z",
        "city": "Louisville",
        "region": "KY",
        "country": "US",
        "road": "Willis Avenue",
        "postalcode": "40207"
      }
    },
    {
      "type": "Feature",
      "geometry": {
        "type": "Point",
        "coordinates": [
          -122.99471283,
          45.00933838
        ]
      },
      "properties": {
        "netid": "70:C9:4E:F0:F1:17",
        "ssid": null,
        "oui": "70:C9:4E",
        "channel": 6,
        "encryption": "wpa2",
        "firsttime": "2026-08-14T13:00:00.000Z",
        "lasttime": "2026-08-14T07:00:00.000Z",
        "city": "Salem",
        "region": "OR",
        "country": "US",
        "road": "Robert Hugh Baldock Freeway",
        "postalcode": "97303"
      }
    },
    {
      "type": "Feature",
      "geometry": {
        "type": "Point",
        "coordinates": [
          16.37375069,
          48.22348785
        ]
      },
      "properties": {
        "netid": "70:C9:4E:F3:25:3B",
        "ssid": null,
        "oui": "70:C9:4E",
        "channel": 0,
        "encryption": "unknown",
        "firsttime": "2026-02-08T09:00:00.000Z",
        "lasttime": "2026-02-08T03:00:00.000Z",
        "city": "Wien",
        "region": "Rembrandtviertel",
        "country": "AT",
        "road": "Rembrandtstra\u00dfe",
        "postalcode": "1020"
      }
    },
    {
      "type": "Feature",
      "geometry": {
        "type": "Point",
        "coordinates": [
          -118.31038666,
          33.88019943
        ]
      },
      "properties": {
        "netid": "70:C9:4E:F5:0B:53",
        "ssid": null,
        "oui": "70:C9:4E",
        "channel": 11,
        "encryption": "wpa2",
        "firsttime": "2026-05-22T22:00:00.000Z",
        "lasttime": "2026-05-22T15:00:00.000Z",
        "city": null,
        "region": "CA",
        "country": "US",
        "road": "Manhattan Place",
        "postalcode": "90247-3225"
      }
    },
    {
      "type": "Feature",
      "geometry": {
        "type": "Point",
        "coordinates": [
          -114.14818573,
          51.03602219
        ]
      },
      "properties": {
        "netid": "70:C9:4E:F5:37:5D",
        "ssid": null,
        "oui": "70:C9:4E",
        "channel": 11,
        "encryption": "unknown",
        "firsttime": "2025-11-16T07:00:00.000Z",
        "lasttime": "2025-11-16T08:00:00.000Z",
        "city": "Calgary",
        "region": "Alberta",
        "country": "CA",
        "road": "Grand Oaks Drive SW",
        "postalcode": "T3C 0Y8"
      }
    },
    {
      "type": "Feature",
      "geometry": {
        "type": "Point",
        "coordinates": [
          -77.47973633,
          37.55417252
        ]
      },
      "properties": {
        "netid": "70:C9:4E:FB:A4:71",
        "ssid": null,
        "oui": "70:C9:4E",
        "channel": 5,
        "encryption": "unknown",
        "firsttime": "2024-12-12T19:00:00.000Z",
        "lasttime": "2025-02-14T18:00:00.000Z",
        "city": "Richmond",
        "region": "VA",
        "country": "US",
        "road": "Ellwood Avenue",
        "postalcode": "23221"
      }
    },
    {
      "type": "Feature",
      "geometry": {
        "type": "Point",
        "coordinates": [
          -117.6600647,
          34.03060532
        ]
      },
      "properties": {
        "netid": "70:C9:4E:FC:28:59",
        "ssid": "Flock",
        "oui": "70:C9:4E",
        "channel": 11,
        "encryption": "none",
        "firsttime": "2026-09-02T04:00:00.000Z",
        "lasttime": "2026-09-02T20:00:00.000Z",
        "city": null,
        "region": "CA",
        "country": "US",
        "road": "Pomona Freeway",
        "postalcode": "91782"
      }
    },
    {
      "type": "Feature",
      "geometry": {
        "type": "Point",
        "coordinates": [
          -122.76019287,
          45.38363266
        ]
      },
      "properties": {
        "netid": "70:C9:4E:FD:9E:7F",
        "ssid": null,
        "oui": "70:C9:4E",
        "channel": 7,
        "encryption": "wpa2",
        "firsttime": "2026-08-29T18:00:00.000Z",
        "lasttime": "2026-08-29T15:00:00.000Z",
        "city": null,
        "region": "OR",
        "country": "US",
        "road": "Southwest Seneca Street",
        "postalcode": "97062"
      }
    },
    {
      "type": "Feature",
      "geometry": {
        "type": "Point",
        "coordinates": [
          -110.9535675,
          32.22152328
        ]
      },
      "properties": {
        "netid": "70:C9:4E:FF:9A:83",
        "ssid": null,
        "oui": "70:C9:4E",
        "channel": 44,
        "encryption": "none",
        "firsttime": "2026-08-28T14:00:00.000Z",
        "lasttime": "2026-08-28T21:00:00.000Z",
        "city": "Tucson",
        "region": "AZ",
        "country": "US",
        "road": "East Broadway Boulevard",
        "postalcode": "85721-0078"
      }
    }
  ],
  "properties": {
    "generated": "2026-09-03T10:20:00.465855+00:00",
    "oui": "70:C9:4E",
    "source": "WiGLE (wigle.net)",
    "project": "flock-finder",
    "total_cameras": 453
  }
}