{
  "type": "FeatureCollection",
  "features": [
    {
      "type": "Feature",
      "geometry": {
        "type": "Point",
        "coordinates": [
          -85.69234467,
          38.22232819
        ]
      },
      "properties": {
        "netid": "90:35:EA:04:2A:49",
        "ssid": null,
        "oui": "90:35:EA",
        "channel": 0,
        "encryption": "unknown",
        "firsttime": "2026-01-08T07:00:00.000Z",
        "lasttime": "2026-01-21T05:00:00.000Z",
        "city": "Louisville",
        "region": "KY",
        "country": "US",
        "road": "Dundee Road",
        "postalcode": "40205"
      }
    },
    {
      "type": "Feature",
      "geometry": {
        "type": "Point",
        "coordinates": [
          -82.97980499,
          42.36249924
        ]
      },
      "properties": {
        "netid": "90:35:EA:08:FD:C9",
        "ssid": "MLG53640",
        "oui": "90:35:EA",
        "channel": 6,
        "encryption": "none",
        "firsttime": "2025-02-12T01:00:00.000Z",
        "lasttime": "2026-08-06T18:00:00.000Z",
        "city": "Detroit",
        "region": "MI",
        "country": "US",
        "road": "East Jefferson Avenue",
        "postalcode": "48214"
      }
    },
    {
      "type": "Feature",
      "geometry": {
        "type": "Point",
        "coordinates": [
          -90.24799347,
          30.00904465
        ]
      },
      "properties": {
        "netid": "90:35:EA:08:FD:E5",
        "ssid": "MLG53647",
        "oui": "90:35:EA",
        "channel": 11,
        "encryption": "unknown",
        "firsttime": "2025-01-13T16:00:00.000Z",
        "lasttime": "2025-01-19T07:00:00.000Z",
        "city": null,
        "region": "LA",
        "country": "US",
        "road": "I 10",
        "postalcode": "70062"
      }
    },
    {
      "type": "Feature",
      "geometry": {
        "type": "Point",
        "coordinates": [
          -95.36454773,
          37.52918625
        ]
      },
      "properties": {
        "netid": "90:35:EA:08:FD:EF",
        "ssid": "MLG53660",
        "oui": "90:35:EA",
        "channel": 6,
        "encryption": "unknown",
        "firsttime": "2025-12-05T01:00:00.000Z",
        "lasttime": "2026-04-30T17:00:00.000Z",
        "city": null,
        "region": "KS",
        "country": "US",
        "road": "110th Road",
        "postalcode": "66733"
      }
    },
    {
      "type": "Feature",
      "geometry": {
        "type": "Point",
        "coordinates": [
          -82.61196899,
          35.46374893
        ]
      },
      "properties": {
        "netid": "90:35:EA:08:FE:3B",
        "ssid": "MLG55618",
        "oui": "90:35:EA",
        "channel": 6,
        "encryption": "unknown",
        "firsttime": "2025-03-28T20:00:00.000Z",
        "lasttime": "2025-03-28T15:00:00.000Z",
        "city": null,
        "region": "NC",
        "country": "US",
        "road": "Walnut Valley Parkway",
        "postalcode": null
      }
    },
    {
      "type": "Feature",
      "geometry": {
        "type": "Point",
        "coordinates": [
          -95.6501236,
          29.9338932
        ]
      },
      "properties": {
        "netid": "90:35:EA:08:FE:3D",
        "ssid": "MLG55557",
        "oui": "90:35:EA",
        "channel": 6,
        "encryption": "none",
        "firsttime": "2026-01-02T18:00:00.000Z",
        "lasttime": "2026-08-23T09:00:00.000Z",
        "city": null,
        "region": "TX",
        "country": "US",
        "road": "Telge Road",
        "postalcode": "77095"
      }
    },
    {
      "type": "Feature",
      "geometry": {
        "type": "Point",
        "coordinates": [
          -75.25268555,
          40.56292725
        ]
      },
      "properties": {
        "netid": "90:35:EA:08:FE:81",
        "ssid": "MLG54172",
        "oui": "90:35:EA",
        "channel": 6,
        "encryption": "none",
        "firsttime": "2025-08-11T16:00:00.000Z",
        "lasttime": "2026-07-10T18:00:00.000Z",
        "city": "Springfield Township",
        "region": "PA",
        "country": "US",
        "road": "Haupts Bridge Road",
        "postalcode": "18077"
      }
    },
    {
      "type": "Feature",
      "geometry": {
        "type": "Point",
        "coordinates": [
          -121.95063019,
          36.592453
        ]
      },
      "properties": {
        "netid": "90:35:EA:08:FE:D1",
        "ssid": "MLG56525",
        "oui": "90:35:EA",
        "channel": 11,
        "encryption": "none",
        "firsttime": "2025-07-31T01:00:00.000Z",
        "lasttime": "2026-07-16T21:00:00.000Z",
        "city": null,
        "region": "CA",
        "country": "US",
        "road": "Hermitage Road",
        "postalcode": "93953"
      }
    },
    {
      "type": "Feature",
      "geometry": {
        "type": "Point",
        "coordinates": [
          -73.56073761,
          40.71661377
        ]
      },
      "properties": {
        "netid": "90:35:EA:08:FE:D5",
        "ssid": "MLG55474",
        "oui": "90:35:EA",
        "channel": 6,
        "encryption": "unknown",
        "firsttime": "2024-11-10T20:00:00.000Z",
        "lasttime": "2024-11-10T13:00:00.000Z",
        "city": null,
        "region": "NY",
        "country": "US",
        "road": "Cole Drive",
        "postalcode": "11554"
      }
    },
    {
      "type": "Feature",
      "geometry": {
        "type": "Point",
        "coordinates": [
          -84.1037674,
          9.92944527
        ]
      },
      "properties": {
        "netid": "90:35:EA:08:FE:F3",
        "ssid": "MLG56421",
        "oui": "90:35:EA",
        "channel": 1,
        "encryption": "unknown",
        "firsttime": "2025-03-31T04:00:00.000Z",
        "lasttime": "2026-08-27T22:00:00.000Z",
        "city": null,
        "region": "Provincia San Jos\u00e9",
        "country": "CR",
        "road": "Calle Morenos",
        "postalcode": "10108"
      }
    },
    {
      "type": "Feature",
      "geometry": {
        "type": "Point",
        "coordinates": [
          -90.70235443,
          29.63093567
        ]
      },
      "properties": {
        "netid": "90:35:EA:08:FF:0D",
        "ssid": "MLG54707",
        "oui": "90:35:EA",
        "channel": 6,
        "encryption": "none",
        "firsttime": "2023-11-16T20:00:00.000Z",
        "lasttime": "2026-03-12T19:00:00.000Z",
        "city": null,
        "region": "LA",
        "country": "US",
        "road": "Coteau Road",
        "postalcode": "70364"
      }
    },
    {
      "type": "Feature",
      "geometry": {
        "type": "Point",
        "coordinates": [
          -116.55699921,
          48.30042267
        ]
      },
      "properties": {
        "netid": "90:35:EA:08:FF:5D",
        "ssid": "MLG62277",
        "oui": "90:35:EA",
        "channel": 6,
        "encryption": "unknown",
        "firsttime": "2025-02-28T21:00:00.000Z",
        "lasttime": "2025-02-28T15:00:00.000Z",
        "city": null,
        "region": "ID",
        "country": "US",
        "road": "North Boyer Avenue",
        "postalcode": "83852"
      }
    },
    {
      "type": "Feature",
      "geometry": {
        "type": "Point",
        "coordinates": [
          -85.95241547,
          39.67225266
        ]
      },
      "properties": {
        "netid": "90:35:EA:0D:47:55",
        "ssid": "MLG54200",
        "oui": "90:35:EA",
        "channel": 11,
        "encryption": "none",
        "firsttime": "2024-08-17T20:00:00.000Z",
        "lasttime": "2025-10-09T16:00:00.000Z",
        "city": "Indianapolis",
        "region": "IN",
        "country": "US",
        "road": "Carroll Road",
        "postalcode": "46259"
      }
    },
    {
      "type": "Feature",
      "geometry": {
        "type": "Point",
        "coordinates": [
          -99.50818634,
          32.41529083
        ]
      },
      "properties": {
        "netid": "90:35:EA:0D:47:61",
        "ssid": "MLG54334",
        "oui": "90:35:EA",
        "channel": 6,
        "encryption": "unknown",
        "firsttime": "2026-02-10T20:00:00.000Z",
        "lasttime": "2026-06-27T09:00:00.000Z",
        "city": null,
        "region": "TX",
        "country": "US",
        "road": "I 20",
        "postalcode": "79510"
      }
    },
    {
      "type": "Feature",
      "geometry": {
        "type": "Point",
        "coordinates": [
          -97.31980896,
          29.32015038
        ]
      },
      "properties": {
        "netid": "90:35:EA:0D:47:85",
        "ssid": "MLG54313",
        "oui": "90:35:EA",
        "channel": 11,
        "encryption": "unknown",
        "firsttime": "2025-05-02T19:00:00.000Z",
        "lasttime": "2026-08-03T10:00:00.000Z",
        "city": null,
        "region": "TX",
        "country": "US",
        "road": "Braden",
        "postalcode": "78629"
      }
    },
    {
      "type": "Feature",
      "geometry": {
        "type": "Point",
        "coordinates": [
          -81.79280853,
          26.25004387
        ]
      },
      "properties": {
        "netid": "90:35:EA:0D:47:97",
        "ssid": "MLG54370",
        "oui": "90:35:EA",
        "channel": 11,
        "encryption": "none",
        "firsttime": "2026-05-01T16:00:00.000Z",
        "lasttime": "2026-05-04T20:00:00.000Z",
        "city": null,
        "region": "FL",
        "country": "US",
        "road": "Vanderbilt Beach Road",
        "postalcode": "34108"
      }
    },
    {
      "type": "Feature",
      "geometry": {
        "type": "Point",
        "coordinates": [
          -97.99817657,
          26.17392159
        ]
      },
      "properties": {
        "netid": "90:35:EA:0D:47:D7",
        "ssid": "MLG56025",
        "oui": "90:35:EA",
        "channel": 1,
        "encryption": "none",
        "firsttime": "2025-07-26T20:00:00.000Z",
        "lasttime": "2026-08-26T04:00:00.000Z",
        "city": null,
        "region": "TX",
        "country": "US",
        "road": "West Expressway 83",
        "postalcode": "78537"
      }
    },
    {
      "type": "Feature",
      "geometry": {
        "type": "Point",
        "coordinates": [
          -90.06261444,
          35.13552094
        ]
      },
      "properties": {
        "netid": "90:35:EA:0D:47:F9",
        "ssid": "MLG53772",
        "oui": "90:35:EA",
        "channel": 1,
        "encryption": "unknown",
        "firsttime": "2025-04-25T18:00:00.000Z",
        "lasttime": "2025-04-25T12:00:00.000Z",
        "city": "Memphis",
        "region": "TN",
        "country": "US",
        "road": "Riverwalk",
        "postalcode": "38103"
      }
    },
    {
      "type": "Feature",
      "geometry": {
        "type": "Point",
        "coordinates": [
          -82.03941345,
          35.71591949
        ]
      },
      "properties": {
        "netid": "90:35:EA:0D:48:03",
        "ssid": "MLG53873",
        "oui": "90:35:EA",
        "channel": 11,
        "encryption": "none",
        "firsttime": "2024-05-25T19:00:00.000Z",
        "lasttime": "2026-08-14T12:00:00.000Z",
        "city": null,
        "region": "NC",
        "country": "US",
        "road": "US 221;NC 226",
        "postalcode": "28657"
      }
    },
    {
      "type": "Feature",
      "geometry": {
        "type": "Point",
        "coordinates": [
          -95.42673492,
          30.2559967
        ]
      },
      "properties": {
        "netid": "90:35:EA:0D:48:1D",
        "ssid": "MLG55976",
        "oui": "90:35:EA",
        "channel": 1,
        "encryption": "none",
        "firsttime": "2026-07-20T22:00:00.000Z",
        "lasttime": "2026-08-15T13:00:00.000Z",
        "city": null,
        "region": "TX",
        "country": "US",
        "road": "Kidd Road",
        "postalcode": "77302"
      }
    },
    {
      "type": "Feature",
      "geometry": {
        "type": "Point",
        "coordinates": [
          -82.79795074,
          27.96197128
        ]
      },
      "properties": {
        "netid": "90:35:EA:0D:48:33",
        "ssid": "MLG55492",
        "oui": "90:35:EA",
        "channel": 6,
        "encryption": "none",
        "firsttime": "2026-06-26T22:00:00.000Z",
        "lasttime": "2026-06-26T16:00:00.000Z",
        "city": "Clearwater",
        "region": "FL",
        "country": "US",
        "road": "Court Street",
        "postalcode": "33756"
      }
    },
    {
      "type": "Feature",
      "geometry": {
        "type": "Point",
        "coordinates": [
          -118.78459167,
          45.67242432
        ]
      },
      "properties": {
        "netid": "90:35:EA:0D:48:7F",
        "ssid": "MLG60859",
        "oui": "90:35:EA",
        "channel": 6,
        "encryption": "unknown",
        "firsttime": "2025-02-22T14:00:00.000Z",
        "lasttime": "2025-02-24T19:00:00.000Z",
        "city": null,
        "region": "OR",
        "country": "US",
        "road": "Southeast Dorion Avenue",
        "postalcode": "97801"
      }
    },
    {
      "type": "Feature",
      "geometry": {
        "type": "Point",
        "coordinates": [
          -74.06895447,
          40.07318115
        ]
      },
      "properties": {
        "netid": "90:35:EA:0D:48:A1",
        "ssid": "MLG56382",
        "oui": "90:35:EA",
        "channel": 2,
        "encryption": "unknown",
        "firsttime": "2025-08-22T11:00:00.000Z",
        "lasttime": "2025-11-20T03:00:00.000Z",
        "city": null,
        "region": "NJ",
        "country": "US",
        "road": "Edgar Road",
        "postalcode": "08742"
      }
    },
    {
      "type": "Feature",
      "geometry": {
        "type": "Point",
        "coordinates": [
          -80.90549469,
          29.05082703
        ]
      },
      "properties": {
        "netid": "90:35:EA:0D:49:67",
        "ssid": "MLG54003",
        "oui": "90:35:EA",
        "channel": 11,
        "encryption": "unknown",
        "firsttime": "2024-09-22T15:00:00.000Z",
        "lasttime": "2024-09-22T09:00:00.000Z",
        "city": "New Smyrna Beach",
        "region": "FL",
        "country": "US",
        "road": "North Peninsula Avenue",
        "postalcode": "32169"
      }
    },
    {
      "type": "Feature",
      "geometry": {
        "type": "Point",
        "coordinates": [
          -74.61557007,
          40.8299408
        ]
      },
      "properties": {
        "netid": "90:35:EA:0D:49:8D",
        "ssid": "MLG54510",
        "oui": "90:35:EA",
        "channel": 11,
        "encryption": "none",
        "firsttime": "2024-04-28T15:00:00.000Z",
        "lasttime": "2026-07-31T09:00:00.000Z",
        "city": "Randolph Township",
        "region": "NJ",
        "country": "US",
        "road": "Randolph Trails",
        "postalcode": "07869"
      }
    },
    {
      "type": "Feature",
      "geometry": {
        "type": "Point",
        "coordinates": [
          -104.82979584,
          31.30999184
        ]
      },
      "properties": {
        "netid": "90:35:EA:0D:49:CD",
        "ssid": "MLG55473",
        "oui": "90:35:EA",
        "channel": 11,
        "encryption": "unknown",
        "firsttime": "2026-01-18T17:00:00.000Z",
        "lasttime": "2026-03-19T14:00:00.000Z",
        "city": null,
        "region": "TX",
        "country": "US",
        "road": "State Highway 54",
        "postalcode": "79855"
      }
    },
    {
      "type": "Feature",
      "geometry": {
        "type": "Point",
        "coordinates": [
          -85.25306702,
          46.57900238
        ]
      },
      "properties": {
        "netid": "90:35:EA:0D:49:D5",
        "ssid": "MLG55171",
        "oui": "90:35:EA",
        "channel": 1,
        "encryption": "unknown",
        "firsttime": "2026-06-04T14:00:00.000Z",
        "lasttime": "2026-07-25T21:00:00.000Z",
        "city": null,
        "region": "MI",
        "country": "US",
        "road": "Falls Road",
        "postalcode": "49768"
      }
    },
    {
      "type": "Feature",
      "geometry": {
        "type": "Point",
        "coordinates": [
          -84.04270935,
          41.8627739
        ]
      },
      "properties": {
        "netid": "90:35:EA:0D:49:E1",
        "ssid": "MLG56489",
        "oui": "90:35:EA",
        "channel": 6,
        "encryption": "none",
        "firsttime": "2024-11-20T12:00:00.000Z",
        "lasttime": "2026-06-05T18:00:00.000Z",
        "city": null,
        "region": "MI",
        "country": "US",
        "road": "South Adrian Highway",
        "postalcode": "49221"
      }
    },
    {
      "type": "Feature",
      "geometry": {
        "type": "Point",
        "coordinates": [
          -73.90625,
          41.21298218
        ]
      },
      "properties": {
        "netid": "90:35:EA:0D:4A:55",
        "ssid": "MLG55965",
        "oui": "90:35:EA",
        "channel": 11,
        "encryption": "none",
        "firsttime": "2025-03-24T20:00:00.000Z",
        "lasttime": "2026-08-17T06:00:00.000Z",
        "city": null,
        "region": "NY",
        "country": "US",
        "road": "US 9",
        "postalcode": "10520"
      }
    },
    {
      "type": "Feature",
      "geometry": {
        "type": "Point",
        "coordinates": [
          -97.10571289,
          33.05381775
        ]
      },
      "properties": {
        "netid": "90:35:EA:0D:4A:FB",
        "ssid": "MLG56017",
        "oui": "90:35:EA",
        "channel": 11,
        "encryption": "none",
        "firsttime": "2026-07-13T10:00:00.000Z",
        "lasttime": "2026-07-13T04:00:00.000Z",
        "city": "Flower Mound",
        "region": "TX",
        "country": "US",
        "road": "Remington Park Drive",
        "postalcode": "75028"
      }
    },
    {
      "type": "Feature",
      "geometry": {
        "type": "Point",
        "coordinates": [
          -80.25338745,
          35.83708954
        ]
      },
      "properties": {
        "netid": "90:35:EA:0D:5E:6F",
        "ssid": "MLG53562",
        "oui": "90:35:EA",
        "channel": 6,
        "encryption": "unknown",
        "firsttime": "2025-07-10T19:00:00.000Z",
        "lasttime": "2025-09-26T20:00:00.000Z",
        "city": "Lexington",
        "region": "NC",
        "country": "US",
        "road": "Winston Road",
        "postalcode": null
      }
    },
    {
      "type": "Feature",
      "geometry": {
        "type": "Point",
        "coordinates": [
          -77.11100006,
          38.98708344
        ]
      },
      "properties": {
        "netid": "90:35:EA:0D:5E:E5",
        "ssid": "MLG55294",
        "oui": "90:35:EA",
        "channel": 6,
        "encryption": "none",
        "firsttime": "2026-06-20T18:00:00.000Z",
        "lasttime": "2026-06-21T22:00:00.000Z",
        "city": "Bethesda",
        "region": "MD",
        "country": "US",
        "road": "Wilson Lane",
        "postalcode": "22814"
      }
    },
    {
      "type": "Feature",
      "geometry": {
        "type": "Point",
        "coordinates": [
          -81.73202515,
          26.67292786
        ]
      },
      "properties": {
        "netid": "90:35:EA:0D:5E:E7",
        "ssid": "MLG55127",
        "oui": "90:35:EA",
        "channel": 11,
        "encryption": "unknown",
        "firsttime": "2025-05-01T00:00:00.000Z",
        "lasttime": "2025-06-03T16:00:00.000Z",
        "city": null,
        "region": "FL",
        "country": "US",
        "road": "Buckingham Road",
        "postalcode": null
      }
    },
    {
      "type": "Feature",
      "geometry": {
        "type": "Point",
        "coordinates": [
          -95.50800323,
          29.75162697
        ]
      },
      "properties": {
        "netid": "90:35:EA:0D:5F:1F",
        "ssid": "MLG56219",
        "oui": "90:35:EA",
        "channel": 1,
        "encryption": "none",
        "firsttime": "2022-12-23T14:00:00.000Z",
        "lasttime": "2026-03-06T11:00:00.000Z",
        "city": "Piney Point Village",
        "region": "TX",
        "country": "US",
        "road": "San Felipe Street",
        "postalcode": "77063"
      }
    },
    {
      "type": "Feature",
      "geometry": {
        "type": "Point",
        "coordinates": [
          -83.60974884,
          42.3192482
        ]
      },
      "properties": {
        "netid": "90:35:EA:0D:5F:9B",
        "ssid": "MLG62246",
        "oui": "90:35:EA",
        "channel": 7,
        "encryption": "none",
        "firsttime": "2025-10-22T16:00:00.000Z",
        "lasttime": "2026-08-28T08:00:00.000Z",
        "city": null,
        "region": "MI",
        "country": "US",
        "road": "Ford Road",
        "postalcode": "48198"
      }
    },
    {
      "type": "Feature",
      "geometry": {
        "type": "Point",
        "coordinates": [
          -78.65383148,
          43.89973831
        ]
      },
      "properties": {
        "netid": "90:35:EA:0D:60:0F",
        "ssid": "MLG53130",
        "oui": "90:35:EA",
        "channel": 11,
        "encryption": "unknown",
        "firsttime": "2025-07-14T18:00:00.000Z",
        "lasttime": "2025-12-03T10:00:00.000Z",
        "city": "Clarington",
        "region": "Ontario",
        "country": "CA",
        "road": "South Service Road",
        "postalcode": "L1C4P8"
      }
    },
    {
      "type": "Feature",
      "geometry": {
        "type": "Point",
        "coordinates": [
          -93.95376587,
          38.99794769
        ]
      },
      "properties": {
        "netid": "90:35:EA:0D:60:17",
        "ssid": "MLG54030",
        "oui": "90:35:EA",
        "channel": 11,
        "encryption": "unknown",
        "firsttime": "2026-08-08T16:00:00.000Z",
        "lasttime": "2026-08-09T13:00:00.000Z",
        "city": null,
        "region": "MO",
        "country": "US",
        "road": "South 2nd Street",
        "postalcode": "64076"
      }
    },
    {
      "type": "Feature",
      "geometry": {
        "type": "Point",
        "coordinates": [
          -79.09939575,
          34.6042366
        ]
      },
      "properties": {
        "netid": "90:35:EA:0D:60:19",
        "ssid": "MLG54216",
        "oui": "90:35:EA",
        "channel": 6,
        "encryption": "none",
        "firsttime": "2024-06-15T10:00:00.000Z",
        "lasttime": "2026-08-21T16:00:00.000Z",
        "city": null,
        "region": "NC",
        "country": "US",
        "road": "I 95;US 301",
        "postalcode": "28360:28372"
      }
    },
    {
      "type": "Feature",
      "geometry": {
        "type": "Point",
        "coordinates": [
          -83.42157745,
          41.9109726
        ]
      },
      "properties": {
        "netid": "90:35:EA:0D:60:29",
        "ssid": "MLG54309",
        "oui": "90:35:EA",
        "channel": 1,
        "encryption": "none",
        "firsttime": "2025-04-29T13:00:00.000Z",
        "lasttime": "2026-07-06T10:00:00.000Z",
        "city": null,
        "region": "MI",
        "country": "US",
        "road": "South Telegraph Road",
        "postalcode": "48161"
      }
    },
    {
      "type": "Feature",
      "geometry": {
        "type": "Point",
        "coordinates": [
          -112.764328,
          35.27452087
        ]
      },
      "properties": {
        "netid": "90:35:EA:0D:60:61",
        "ssid": "MLG55400",
        "oui": "90:35:EA",
        "channel": 6,
        "encryption": "none",
        "firsttime": "2024-06-15T20:00:00.000Z",
        "lasttime": "2025-04-26T13:00:00.000Z",
        "city": null,
        "region": "AZ",
        "country": "US",
        "road": "Purple Heart Trail",
        "postalcode": null
      }
    },
    {
      "type": "Feature",
      "geometry": {
        "type": "Point",
        "coordinates": [
          -115.97945404,
          43.65379333
        ]
      },
      "properties": {
        "netid": "90:35:EA:0D:60:8D",
        "ssid": "MLG53711",
        "oui": "90:35:EA",
        "channel": 11,
        "encryption": "unknown",
        "firsttime": "2025-02-22T19:00:00.000Z",
        "lasttime": "2025-02-22T12:00:00.000Z",
        "city": null,
        "region": "ID",
        "country": "US",
        "road": "Ponderosa Pine Scenic Route",
        "postalcode": null
      }
    },
    {
      "type": "Feature",
      "geometry": {
        "type": "Point",
        "coordinates": [
          -80.60957336,
          35.39928436
        ]
      },
      "properties": {
        "netid": "90:35:EA:0D:60:99",
        "ssid": "MLG53507",
        "oui": "90:35:EA",
        "channel": 1,
        "encryption": "unknown",
        "firsttime": "2025-06-13T19:00:00.000Z",
        "lasttime": "2025-06-13T12:00:00.000Z",
        "city": "Concord",
        "region": "NC",
        "country": "US",
        "road": "Concord Parkway South",
        "postalcode": "28027"
      }
    },
    {
      "type": "Feature",
      "geometry": {
        "type": "Point",
        "coordinates": [
          -73.33159637,
          41.13853836
        ]
      },
      "properties": {
        "netid": "90:35:EA:0D:60:9D",
        "ssid": "MLG54489",
        "oui": "90:35:EA",
        "channel": 6,
        "encryption": "unknown",
        "firsttime": "2024-08-27T23:00:00.000Z",
        "lasttime": "2024-10-11T18:00:00.000Z",
        "city": null,
        "region": "CT",
        "country": "US",
        "road": "Post Road East",
        "postalcode": "06880"
      }
    },
    {
      "type": "Feature",
      "geometry": {
        "type": "Point",
        "coordinates": [
          -81.79932404,
          24.55821228
        ]
      },
      "properties": {
        "netid": "90:35:EA:0D:60:AD",
        "ssid": "MLG54347",
        "oui": "90:35:EA",
        "channel": 11,
        "encryption": "unknown",
        "firsttime": "2024-09-25T20:00:00.000Z",
        "lasttime": "2025-08-10T12:00:00.000Z",
        "city": null,
        "region": "FL",
        "country": "US",
        "road": "William Street",
        "postalcode": "33040"
      }
    },
    {
      "type": "Feature",
      "geometry": {
        "type": "Point",
        "coordinates": [
          -82.70018005,
          27.86745644
        ]
      },
      "properties": {
        "netid": "90:35:EA:0D:60:B3",
        "ssid": "MLG54171",
        "oui": "90:35:EA",
        "channel": 6,
        "encryption": "unknown",
        "firsttime": "2024-03-27T12:00:00.000Z",
        "lasttime": "2025-06-15T10:00:00.000Z",
        "city": "Pinellas Park",
        "region": "FL",
        "country": "US",
        "road": "49th Street",
        "postalcode": "33782"
      }
    },
    {
      "type": "Feature",
      "geometry": {
        "type": "Point",
        "coordinates": [
          -80.75778198,
          40.87798309
        ]
      },
      "properties": {
        "netid": "90:35:EA:0D:60:BF",
        "ssid": "MLG53995",
        "oui": "90:35:EA",
        "channel": 6,
        "encryption": "unknown",
        "firsttime": "2024-08-29T18:00:00.000Z",
        "lasttime": "2025-12-29T19:00:00.000Z",
        "city": null,
        "region": "OH",
        "country": "US",
        "road": "Walnut Street",
        "postalcode": "44490"
      }
    },
    {
      "type": "Feature",
      "geometry": {
        "type": "Point",
        "coordinates": [
          -81.78936768,
          26.26806641
        ]
      },
      "properties": {
        "netid": "90:35:EA:0D:60:F1",
        "ssid": "MLG54094",
        "oui": "90:35:EA",
        "channel": 11,
        "encryption": "unknown",
        "firsttime": "2026-06-19T13:00:00.000Z",
        "lasttime": "2026-06-19T07:00:00.000Z",
        "city": null,
        "region": "FL",
        "country": "US",
        "road": "Goodlette-Frank Road",
        "postalcode": "34109"
      }
    },
    {
      "type": "Feature",
      "geometry": {
        "type": "Point",
        "coordinates": [
          -80.84172821,
          37.84624863
        ]
      },
      "properties": {
        "netid": "90:35:EA:0D:60:FD",
        "ssid": "MLG56006",
        "oui": "90:35:EA",
        "channel": 6,
        "encryption": "unknown",
        "firsttime": "2024-10-18T17:00:00.000Z",
        "lasttime": "2024-10-18T14:00:00.000Z",
        "city": null,
        "region": "WV",
        "country": "US",
        "road": "WV 20",
        "postalcode": "25976"
      }
    },
    {
      "type": "Feature",
      "geometry": {
        "type": "Point",
        "coordinates": [
          -117.29698181,
          47.66408157
        ]
      },
      "properties": {
        "netid": "90:35:EA:0D:60:FF",
        "ssid": "MLG60710",
        "oui": "90:35:EA",
        "channel": 1,
        "encryption": "unknown",
        "firsttime": "2025-12-05T17:00:00.000Z",
        "lasttime": "2025-12-05T11:00:00.000Z",
        "city": null,
        "region": "WA",
        "country": "US",
        "road": "East Broadway Avenue",
        "postalcode": "99212"
      }
    },
    {
      "type": "Feature",
      "geometry": {
        "type": "Point",
        "coordinates": [
          -86.08138275,
          39.90017319
        ]
      },
      "properties": {
        "netid": "90:35:EA:0D:61:01",
        "ssid": "MLG55305",
        "oui": "90:35:EA",
        "channel": 1,
        "encryption": "unknown",
        "firsttime": "2025-05-04T19:00:00.000Z",
        "lasttime": "2025-05-04T12:00:00.000Z",
        "city": "Indianapolis",
        "region": "IN",
        "country": "US",
        "road": "Allisonville Road",
        "postalcode": "46250"
      }
    },
    {
      "type": "Feature",
      "geometry": {
        "type": "Point",
        "coordinates": [
          -71.09174347,
          41.90339661
        ]
      },
      "properties": {
        "netid": "90:35:EA:0D:61:3F",
        "ssid": "MLG53871",
        "oui": "90:35:EA",
        "channel": 6,
        "encryption": "unknown",
        "firsttime": "2025-06-01T21:00:00.000Z",
        "lasttime": "2025-12-06T16:00:00.000Z",
        "city": "Taunton",
        "region": "MA",
        "country": "US",
        "road": "School Street",
        "postalcode": "02780"
      }
    },
    {
      "type": "Feature",
      "geometry": {
        "type": "Point",
        "coordinates": [
          -98.81730652,
          30.30835533
        ]
      },
      "properties": {
        "netid": "90:35:EA:0D:61:5B",
        "ssid": "MLG54168",
        "oui": "90:35:EA",
        "channel": 6,
        "encryption": "unknown",
        "firsttime": "2025-10-08T15:00:00.000Z",
        "lasttime": "2025-10-12T15:00:00.000Z",
        "city": null,
        "region": "TX",
        "country": "US",
        "road": "State Highway 16",
        "postalcode": null
      }
    },
    {
      "type": "Feature",
      "geometry": {
        "type": "Point",
        "coordinates": [
          -97.32835388,
          33.03451157
        ]
      },
      "properties": {
        "netid": "90:35:EA:0D:61:5F",
        "ssid": "MLG53970",
        "oui": "90:35:EA",
        "channel": 1,
        "encryption": "none",
        "firsttime": "2025-04-24T20:00:00.000Z",
        "lasttime": "2026-08-04T04:00:00.000Z",
        "city": "Fort Worth",
        "region": "TX",
        "country": "US",
        "road": "State Highway 114",
        "postalcode": null
      }
    },
    {
      "type": "Feature",
      "geometry": {
        "type": "Point",
        "coordinates": [
          -84.47631073,
          38.02374268
        ]
      },
      "properties": {
        "netid": "90:35:EA:0D:64:AB",
        "ssid": "MLG55485",
        "oui": "90:35:EA",
        "channel": 1,
        "encryption": "unknown",
        "firsttime": "2025-01-28T15:00:00.000Z",
        "lasttime": "2025-01-30T11:00:00.000Z",
        "city": "Lexington",
        "region": "KY",
        "country": "US",
        "road": "Culpepper Road",
        "postalcode": "40502"
      }
    },
    {
      "type": "Feature",
      "geometry": {
        "type": "Point",
        "coordinates": [
          -83.47574615,
          41.83195877
        ]
      },
      "properties": {
        "netid": "90:35:EA:0D:64:AD",
        "ssid": "MLG53238",
        "oui": "90:35:EA",
        "channel": 1,
        "encryption": "unknown",
        "firsttime": "2026-04-04T17:00:00.000Z",
        "lasttime": "2026-04-04T18:00:00.000Z",
        "city": null,
        "region": "MI",
        "country": "US",
        "road": "South Dixie Highway",
        "postalcode": "48161"
      }
    },
    {
      "type": "Feature",
      "geometry": {
        "type": "Point",
        "coordinates": [
          -73.74919891,
          45.48766327
        ]
      },
      "properties": {
        "netid": "90:35:EA:0D:64:AF",
        "ssid": "MLG55481",
        "oui": "90:35:EA",
        "channel": 11,
        "encryption": "unknown",
        "firsttime": "2025-05-07T12:00:00.000Z",
        "lasttime": "2025-05-07T15:00:00.000Z",
        "city": "Montr\u00e9al",
        "region": "Qu\u00e9bec",
        "country": "CA",
        "road": "Rue Halpern",
        "postalcode": "H4S 1P8"
      }
    },
    {
      "type": "Feature",
      "geometry": {
        "type": "Point",
        "coordinates": [
          -65.92868042,
          18.23819923
        ]
      },
      "properties": {
        "netid": "90:35:EA:0D:65:0B",
        "ssid": "MLG56168",
        "oui": "90:35:EA",
        "channel": 6,
        "encryption": "unknown",
        "firsttime": "2026-05-23T22:00:00.000Z",
        "lasttime": "2026-08-08T02:00:00.000Z",
        "city": null,
        "region": "PR",
        "country": "US",
        "road": "Expreso Cruz Ort\u00edz Stella",
        "postalcode": "00777"
      }
    },
    {
      "type": "Feature",
      "geometry": {
        "type": "Point",
        "coordinates": [
          -82.43218994,
          42.25881577
        ]
      },
      "properties": {
        "netid": "90:35:EA:0D:65:29",
        "ssid": "MLG55993",
        "oui": "90:35:EA",
        "channel": 5,
        "encryption": "unknown",
        "firsttime": "2025-05-14T12:00:00.000Z",
        "lasttime": "2025-05-14T07:00:00.000Z",
        "city": null,
        "region": "Ontario",
        "country": "CA",
        "road": "Queen Street South",
        "postalcode": "N0P 2L0"
      }
    },
    {
      "type": "Feature",
      "geometry": {
        "type": "Point",
        "coordinates": [
          -106.27935028,
          35.2218132
        ]
      },
      "properties": {
        "netid": "90:35:EA:0D:65:33",
        "ssid": "MLG55974",
        "oui": "90:35:EA",
        "channel": 6,
        "encryption": "unknown",
        "firsttime": "2025-05-13T03:00:00.000Z",
        "lasttime": "2026-08-22T20:00:00.000Z",
        "city": null,
        "region": "NM",
        "country": "US",
        "road": "NM 14",
        "postalcode": "87047"
      }
    },
    {
      "type": "Feature",
      "geometry": {
        "type": "Point",
        "coordinates": [
          -76.35144806,
          42.39427567
        ]
      },
      "properties": {
        "netid": "90:35:EA:0D:65:53",
        "ssid": "MLG55970",
        "oui": "90:35:EA",
        "channel": 1,
        "encryption": "none",
        "firsttime": "2024-04-08T20:00:00.000Z",
        "lasttime": "2026-08-27T16:00:00.000Z",
        "city": null,
        "region": "NY",
        "country": "US",
        "road": "Slaterville Road",
        "postalcode": "14881"
      }
    },
    {
      "type": "Feature",
      "geometry": {
        "type": "Point",
        "coordinates": [
          -77.98085785,
          39.15081024
        ]
      },
      "properties": {
        "netid": "90:35:EA:0D:65:5D",
        "ssid": "MLG55755",
        "oui": "90:35:EA",
        "channel": 1,
        "encryption": "none",
        "firsttime": "2026-03-29T16:00:00.000Z",
        "lasttime": "2026-08-18T19:00:00.000Z",
        "city": null,
        "region": "VA",
        "country": "US",
        "road": "East Main Street",
        "postalcode": "22611"
      }
    },
    {
      "type": "Feature",
      "geometry": {
        "type": "Point",
        "coordinates": [
          -89.72544861,
          45.88558197
        ]
      },
      "properties": {
        "netid": "90:35:EA:0D:65:71",
        "ssid": "MLG55902",
        "oui": "90:35:EA",
        "channel": 6,
        "encryption": "none",
        "firsttime": "2024-10-26T15:00:00.000Z",
        "lasttime": "2026-08-04T10:00:00.000Z",
        "city": null,
        "region": "WI",
        "country": "US",
        "road": "WI 70",
        "postalcode": "54548"
      }
    },
    {
      "type": "Feature",
      "geometry": {
        "type": "Point",
        "coordinates": [
          -101.97083282,
          35.86539078
        ]
      },
      "properties": {
        "netid": "90:35:EA:0D:66:9F",
        "ssid": "MLG56270",
        "oui": "90:35:EA",
        "channel": 11,
        "encryption": "unknown",
        "firsttime": "2026-03-29T15:00:00.000Z",
        "lasttime": "2026-03-29T15:00:00.000Z",
        "city": null,
        "region": "TX",
        "country": "US",
        "road": "East 1st Street",
        "postalcode": "79029"
      }
    },
    {
      "type": "Feature",
      "geometry": {
        "type": "Point",
        "coordinates": [
          -82.40070343,
          27.38658333
        ]
      },
      "properties": {
        "netid": "90:35:EA:0D:66:ED",
        "ssid": "MLG55629",
        "oui": "90:35:EA",
        "channel": 6,
        "encryption": "unknown",
        "firsttime": "2026-04-02T20:00:00.000Z",
        "lasttime": "2026-04-16T16:00:00.000Z",
        "city": null,
        "region": "FL",
        "country": "US",
        "road": "University Parkway",
        "postalcode": "34202"
      }
    },
    {
      "type": "Feature",
      "geometry": {
        "type": "Point",
        "coordinates": [
          -97.75740051,
          30.29089165
        ]
      },
      "properties": {
        "netid": "90:35:EA:0D:67:23",
        "ssid": "MLG55673",
        "oui": "90:35:EA",
        "channel": 5,
        "encryption": "unknown",
        "firsttime": "2025-02-26T04:00:00.000Z",
        "lasttime": "2025-10-17T09:00:00.000Z",
        "city": "Austin",
        "region": "TX",
        "country": "US",
        "road": "Windsor Road",
        "postalcode": "78703"
      }
    },
    {
      "type": "Feature",
      "geometry": {
        "type": "Point",
        "coordinates": [
          -74.04508972,
          40.06469727
        ]
      },
      "properties": {
        "netid": "90:35:EA:0D:67:81",
        "ssid": "MLG62249",
        "oui": "90:35:EA",
        "channel": 11,
        "encryption": "unknown",
        "firsttime": "2026-06-03T21:00:00.000Z",
        "lasttime": "2026-07-04T14:00:00.000Z",
        "city": null,
        "region": "NJ",
        "country": "US",
        "road": "Ocean Avenue",
        "postalcode": "08742"
      }
    },
    {
      "type": "Feature",
      "geometry": {
        "type": "Point",
        "coordinates": [
          -95.20792389,
          29.66855812
        ]
      },
      "properties": {
        "netid": "90:35:EA:0D:67:85",
        "ssid": "MLG55375",
        "oui": "90:35:EA",
        "channel": 2,
        "encryption": "none",
        "firsttime": "2026-03-25T18:00:00.000Z",
        "lasttime": "2026-03-25T13:00:00.000Z",
        "city": "Pasadena",
        "region": "TX",
        "country": "US",
        "road": "South Shaver Street",
        "postalcode": "77502"
      }
    },
    {
      "type": "Feature",
      "geometry": {
        "type": "Point",
        "coordinates": [
          -120.92878723,
          40.13574982
        ]
      },
      "properties": {
        "netid": "90:35:EA:0D:67:9F",
        "ssid": "MLG59101",
        "oui": "90:35:EA",
        "channel": 11,
        "encryption": "unknown",
        "firsttime": "2025-02-13T00:00:00.000Z",
        "lasttime": "2026-08-15T22:00:00.000Z",
        "city": null,
        "region": "CA",
        "country": "US",
        "road": "Ann Street",
        "postalcode": "95947"
      }
    },
    {
      "type": "Feature",
      "geometry": {
        "type": "Point",
        "coordinates": [
          -97.15355682,
          33.48783493
        ]
      },
      "properties": {
        "netid": "90:35:EA:0D:67:CF",
        "ssid": "MLG55265",
        "oui": "90:35:EA",
        "channel": 11,
        "encryption": "none",
        "firsttime": "2024-12-07T23:00:00.000Z",
        "lasttime": "2026-08-12T04:00:00.000Z",
        "city": null,
        "region": "TX",
        "country": "US",
        "road": "South Pecan Trail",
        "postalcode": "76272"
      }
    },
    {
      "type": "Feature",
      "geometry": {
        "type": "Point",
        "coordinates": [
          -83.67053986,
          41.95889664
        ]
      },
      "properties": {
        "netid": "90:35:EA:0D:67:DD",
        "ssid": "MLG55180",
        "oui": "90:35:EA",
        "channel": 6,
        "encryption": "none",
        "firsttime": "2025-11-26T04:00:00.000Z",
        "lasttime": "2026-08-24T11:00:00.000Z",
        "city": null,
        "region": "MI",
        "country": "US",
        "road": "Tecumseh Street",
        "postalcode": "48131"
      }
    },
    {
      "type": "Feature",
      "geometry": {
        "type": "Point",
        "coordinates": [
          -79.39891052,
          43.68070221
        ]
      },
      "properties": {
        "netid": "90:35:EA:0D:67:E1",
        "ssid": "MLG54992",
        "oui": "90:35:EA",
        "channel": 1,
        "encryption": "unknown",
        "firsttime": "2024-03-29T17:00:00.000Z",
        "lasttime": "2026-07-17T14:00:00.000Z",
        "city": "Old Toronto",
        "region": "Ontario",
        "country": "CA",
        "road": "Avenue Road",
        "postalcode": "M4V 2G9"
      }
    },
    {
      "type": "Feature",
      "geometry": {
        "type": "Point",
        "coordinates": [
          -92.04164886,
          30.12296104
        ]
      },
      "properties": {
        "netid": "90:35:EA:0D:67:FB",
        "ssid": "MLG55172",
        "oui": "90:35:EA",
        "channel": 1,
        "encryption": "unknown",
        "firsttime": "2025-11-28T22:00:00.000Z",
        "lasttime": "2025-12-02T13:00:00.000Z",
        "city": null,
        "region": "LA",
        "country": "US",
        "road": "Soulanges Road",
        "postalcode": "70508"
      }
    },
    {
      "type": "Feature",
      "geometry": {
        "type": "Point",
        "coordinates": [
          -95.6987381,
          29.54544067
        ]
      },
      "properties": {
        "netid": "90:35:EA:0D:67:FF",
        "ssid": "MLG55518",
        "oui": "90:35:EA",
        "channel": 11,
        "encryption": "unknown",
        "firsttime": "2025-01-17T18:00:00.000Z",
        "lasttime": "2025-11-05T16:00:00.000Z",
        "city": null,
        "region": "TX",
        "country": "US",
        "road": "Crabb River Road",
        "postalcode": null
      }
    },
    {
      "type": "Feature",
      "geometry": {
        "type": "Point",
        "coordinates": [
          -84.34483337,
          39.18666077
        ]
      },
      "properties": {
        "netid": "90:35:EA:0D:68:11",
        "ssid": "MLG53620",
        "oui": "90:35:EA",
        "channel": 1,
        "encryption": "unknown",
        "firsttime": "2025-03-20T20:00:00.000Z",
        "lasttime": "2026-08-27T13:00:00.000Z",
        "city": null,
        "region": "OH",
        "country": "US",
        "road": "Drake Road",
        "postalcode": "45243-3310"
      }
    },
    {
      "type": "Feature",
      "geometry": {
        "type": "Point",
        "coordinates": [
          -83.80276489,
          42.58744431
        ]
      },
      "properties": {
        "netid": "90:35:EA:0D:68:17",
        "ssid": "MLG53706",
        "oui": "90:35:EA",
        "channel": 11,
        "encryption": "unknown",
        "firsttime": "2025-02-01T18:00:00.000Z",
        "lasttime": "2025-02-01T17:00:00.000Z",
        "city": null,
        "region": "MI",
        "country": "US",
        "road": "McClements Road",
        "postalcode": "48114"
      }
    },
    {
      "type": "Feature",
      "geometry": {
        "type": "Point",
        "coordinates": [
          -73.88996887,
          42.73028946
        ]
      },
      "properties": {
        "netid": "90:35:EA:0D:68:39",
        "ssid": "MLG61407",
        "oui": "90:35:EA",
        "channel": 11,
        "encryption": "unknown",
        "firsttime": "2025-02-04T19:00:00.000Z",
        "lasttime": "2025-02-04T12:00:00.000Z",
        "city": "City of Schenectady",
        "region": "NY",
        "country": "US",
        "road": "Ryan Place",
        "postalcode": "12303"
      }
    },
    {
      "type": "Feature",
      "geometry": {
        "type": "Point",
        "coordinates": [
          -86.24946594,
          42.45092773
        ]
      },
      "properties": {
        "netid": "90:35:EA:0D:68:4D",
        "ssid": "MLG61403",
        "oui": "90:35:EA",
        "channel": 1,
        "encryption": "unknown",
        "firsttime": "2025-07-26T17:00:00.000Z",
        "lasttime": "2025-07-26T13:00:00.000Z",
        "city": null,
        "region": "MI",
        "country": "US",
        "road": "Blue Star Highway",
        "postalcode": "49408"
      }
    },
    {
      "type": "Feature",
      "geometry": {
        "type": "Point",
        "coordinates": [
          -95.07232666,
          29.92874718
        ]
      },
      "properties": {
        "netid": "90:35:EA:0D:68:7F",
        "ssid": "MLG53954",
        "oui": "90:35:EA",
        "channel": 6,
        "encryption": "none",
        "firsttime": "2025-01-08T22:00:00.000Z",
        "lasttime": "2026-05-28T09:00:00.000Z",
        "city": null,
        "region": "TX",
        "country": "US",
        "road": "FM 2100",
        "postalcode": "77532"
      }
    },
    {
      "type": "Feature",
      "geometry": {
        "type": "Point",
        "coordinates": [
          -97.34346771,
          33.34545135
        ]
      },
      "properties": {
        "netid": "90:35:EA:0D:68:9B",
        "ssid": "MLG53852",
        "oui": "90:35:EA",
        "channel": 6,
        "encryption": "unknown",
        "firsttime": "2025-05-11T17:00:00.000Z",
        "lasttime": "2025-05-11T10:00:00.000Z",
        "city": null,
        "region": "TX",
        "country": "US",
        "road": "FM 1173",
        "postalcode": "76249"
      }
    },
    {
      "type": "Feature",
      "geometry": {
        "type": "Point",
        "coordinates": [
          -84.33094025,
          39.19625854
        ]
      },
      "properties": {
        "netid": "90:35:EA:0D:68:D5",
        "ssid": "MLG53615",
        "oui": "90:35:EA",
        "channel": 1,
        "encryption": "unknown",
        "firsttime": "2025-12-08T22:00:00.000Z",
        "lasttime": "2026-08-12T11:00:00.000Z",
        "city": null,
        "region": "OH",
        "country": "US",
        "road": "Kugler Mill Road",
        "postalcode": "45243"
      }
    },
    {
      "type": "Feature",
      "geometry": {
        "type": "Point",
        "coordinates": [
          -83.26998138,
          39.94483948
        ]
      },
      "properties": {
        "netid": "90:35:EA:0D:68:ED",
        "ssid": "MLG56365",
        "oui": "90:35:EA",
        "channel": 11,
        "encryption": "none",
        "firsttime": "2026-06-09T01:00:00.000Z",
        "lasttime": "2026-06-10T18:00:00.000Z",
        "city": null,
        "region": "OH",
        "country": "US",
        "road": "Main Street",
        "postalcode": "43162"
      }
    },
    {
      "type": "Feature",
      "geometry": {
        "type": "Point",
        "coordinates": [
          -89.23332977,
          39.5484581
        ]
      },
      "properties": {
        "netid": "90:35:EA:0D:69:09",
        "ssid": null,
        "oui": "90:35:EA",
        "channel": 11,
        "encryption": "unknown",
        "firsttime": "2026-02-22T18:00:00.000Z",
        "lasttime": "2026-02-22T16:00:00.000Z",
        "city": null,
        "region": "IL",
        "country": "US",
        "road": "Lincoln Trail",
        "postalcode": "62568"
      }
    },
    {
      "type": "Feature",
      "geometry": {
        "type": "Point",
        "coordinates": [
          -87.84833527,
          41.49094391
        ]
      },
      "properties": {
        "netid": "90:35:EA:0D:69:0F",
        "ssid": "MLG55925",
        "oui": "90:35:EA",
        "channel": 1,
        "encryption": "none",
        "firsttime": "2024-12-05T23:00:00.000Z",
        "lasttime": "2026-04-30T10:00:00.000Z",
        "city": null,
        "region": "IL",
        "country": "US",
        "road": "Center Road",
        "postalcode": "60423"
      }
    },
    {
      "type": "Feature",
      "geometry": {
        "type": "Point",
        "coordinates": [
          -81.17870331,
          43.01062012
        ]
      },
      "properties": {
        "netid": "90:35:EA:0D:69:51",
        "ssid": "MLG56364",
        "oui": "90:35:EA",
        "channel": 6,
        "encryption": "unknown",
        "firsttime": "2026-04-20T00:00:00.000Z",
        "lasttime": "2026-06-15T04:00:00.000Z",
        "city": "London",
        "region": "Ontario",
        "country": "CA",
        "road": "Clarke Road",
        "postalcode": "N5V 3N4"
      }
    },
    {
      "type": "Feature",
      "geometry": {
        "type": "Point",
        "coordinates": [
          -96.06278229,
          29.63218689
        ]
      },
      "properties": {
        "netid": "90:35:EA:0D:6C:C9",
        "ssid": "MLG54275",
        "oui": "90:35:EA",
        "channel": 1,
        "encryption": "unknown",
        "firsttime": "2026-02-18T23:00:00.000Z",
        "lasttime": "2026-02-18T17:00:00.000Z",
        "city": "Wallis",
        "region": "TX",
        "country": "US",
        "road": "North 1st Street",
        "postalcode": "77485"
      }
    },
    {
      "type": "Feature",
      "geometry": {
        "type": "Point",
        "coordinates": [
          -71.4325943,
          43.61592865
        ]
      },
      "properties": {
        "netid": "90:35:EA:14:56:7F",
        "ssid": "MLG53242",
        "oui": "90:35:EA",
        "channel": 8,
        "encryption": "unknown",
        "firsttime": "2026-07-25T17:00:00.000Z",
        "lasttime": "2026-07-25T11:00:00.000Z",
        "city": null,
        "region": "NH",
        "country": "US",
        "road": "Edgewater Drive",
        "postalcode": "03249"
      }
    },
    {
      "type": "Feature",
      "geometry": {
        "type": "Point",
        "coordinates": [
          -81.2036438,
          48.48710632
        ]
      },
      "properties": {
        "netid": "90:35:EA:14:56:89",
        "ssid": "MLG54147",
        "oui": "90:35:EA",
        "channel": 6,
        "encryption": "none",
        "firsttime": "2025-10-09T19:00:00.000Z",
        "lasttime": "2026-08-21T05:00:00.000Z",
        "city": "Timmins",
        "region": "Ontario",
        "country": "CA",
        "road": "Highway 101",
        "postalcode": "P0N 1H0"
      }
    },
    {
      "type": "Feature",
      "geometry": {
        "type": "Point",
        "coordinates": [
          -77.10296631,
          43.0396347
        ]
      },
      "properties": {
        "netid": "90:35:EA:14:56:8D",
        "ssid": "MLG54266",
        "oui": "90:35:EA",
        "channel": 1,
        "encryption": "none",
        "firsttime": "2026-04-09T15:00:00.000Z",
        "lasttime": "2026-08-19T18:00:00.000Z",
        "city": null,
        "region": "NY",
        "country": "US",
        "road": "West Maple Avenue",
        "postalcode": "14513"
      }
    },
    {
      "type": "Feature",
      "geometry": {
        "type": "Point",
        "coordinates": [
          -78.65288544,
          35.79794312
        ]
      },
      "properties": {
        "netid": "90:35:EA:14:56:8F",
        "ssid": "MLG53876",
        "oui": "90:35:EA",
        "channel": 6,
        "encryption": "unknown",
        "firsttime": "2024-12-17T22:00:00.000Z",
        "lasttime": "2024-12-22T16:00:00.000Z",
        "city": "Raleigh",
        "region": "NC",
        "country": "US",
        "road": "Saint Marys Street",
        "postalcode": "27608-2347"
      }
    },
    {
      "type": "Feature",
      "geometry": {
        "type": "Point",
        "coordinates": [
          -97.6346817,
          26.12875938
        ]
      },
      "properties": {
        "netid": "90:35:EA:14:56:A9",
        "ssid": "MLG54265",
        "oui": "90:35:EA",
        "channel": 6,
        "encryption": "unknown",
        "firsttime": "2026-06-20T11:00:00.000Z",
        "lasttime": "2026-06-20T08:00:00.000Z",
        "city": "San Benito",
        "region": "TX",
        "country": "US",
        "road": "South Sam Houston Boulevard",
        "postalcode": "78586"
      }
    },
    {
      "type": "Feature",
      "geometry": {
        "type": "Point",
        "coordinates": [
          -95.356987,
          29.87095642
        ]
      },
      "properties": {
        "netid": "90:35:EA:14:56:E9",
        "ssid": "MLG54196",
        "oui": "90:35:EA",
        "channel": 6,
        "encryption": "none",
        "firsttime": "2026-07-31T16:00:00.000Z",
        "lasttime": "2026-07-31T11:00:00.000Z",
        "city": "Houston",
        "region": "TX",
        "country": "US",
        "road": "Little York Road",
        "postalcode": "77093"
      }
    },
    {
      "type": "Feature",
      "geometry": {
        "type": "Point",
        "coordinates": [
          -80.74080658,
          40.01922226
        ]
      },
      "properties": {
        "netid": "90:35:EA:14:56:FB",
        "ssid": "MLG54394",
        "oui": "90:35:EA",
        "channel": 11,
        "encryption": "none",
        "firsttime": "2026-06-24T18:00:00.000Z",
        "lasttime": "2026-08-27T15:00:00.000Z",
        "city": null,
        "region": "OH",
        "country": "US",
        "road": "37th Street",
        "postalcode": "43906"
      }
    },
    {
      "type": "Feature",
      "geometry": {
        "type": "Point",
        "coordinates": [
          -67.94602966,
          47.14287949
        ]
      },
      "properties": {
        "netid": "90:35:EA:14:57:03",
        "ssid": "MLG54417",
        "oui": "90:35:EA",
        "channel": 6,
        "encryption": "unknown",
        "firsttime": "2025-03-12T20:00:00.000Z",
        "lasttime": "2025-03-14T05:00:00.000Z",
        "city": null,
        "region": "ME",
        "country": "US",
        "road": "State Street",
        "postalcode": "04785"
      }
    },
    {
      "type": "Feature",
      "geometry": {
        "type": "Point",
        "coordinates": [
          -83.50128174,
          42.49490738
        ]
      },
      "properties": {
        "netid": "90:35:EA:14:57:4D",
        "ssid": "MLG56349",
        "oui": "90:35:EA",
        "channel": 1,
        "encryption": "unknown",
        "firsttime": "2024-06-18T20:00:00.000Z",
        "lasttime": "2024-09-04T09:00:00.000Z",
        "city": null,
        "region": "MI",
        "country": "US",
        "road": "West 12 Mile Road",
        "postalcode": "48377"
      }
    },
    {
      "type": "Feature",
      "geometry": {
        "type": "Point",
        "coordinates": [
          -95.5619812,
          29.61849976
        ]
      },
      "properties": {
        "netid": "90:35:EA:14:57:51",
        "ssid": "MLG56122",
        "oui": "90:35:EA",
        "channel": 4,
        "encryption": "unknown",
        "firsttime": "2025-05-29T00:00:00.000Z",
        "lasttime": "2025-05-28T18:00:00.000Z",
        "city": "Stafford",
        "region": "TX",
        "country": "US",
        "road": "North Main Street",
        "postalcode": "77477"
      }
    },
    {
      "type": "Feature",
      "geometry": {
        "type": "Point",
        "coordinates": [
          -91.02069092,
          30.35030746
        ]
      },
      "properties": {
        "netid": "90:35:EA:14:57:71",
        "ssid": "MLG55556",
        "oui": "90:35:EA",
        "channel": 1,
        "encryption": "unknown",
        "firsttime": "2024-03-11T16:00:00.000Z",
        "lasttime": "2024-10-04T10:00:00.000Z",
        "city": null,
        "region": "LA",
        "country": "US",
        "road": "Petroleum Drive",
        "postalcode": "70809"
      }
    },
    {
      "type": "Feature",
      "geometry": {
        "type": "Point",
        "coordinates": [
          -93.49641418,
          39.35840607
        ]
      },
      "properties": {
        "netid": "90:35:EA:14:57:D7",
        "ssid": "MLG54418",
        "oui": "90:35:EA",
        "channel": 11,
        "encryption": "unknown",
        "firsttime": "2026-03-17T00:00:00.000Z",
        "lasttime": "2026-03-16T18:00:00.000Z",
        "city": null,
        "region": "MO",
        "country": "US",
        "road": "South Main Street",
        "postalcode": "64633"
      }
    },
    {
      "type": "Feature",
      "geometry": {
        "type": "Point",
        "coordinates": [
          -78.8237915,
          42.77812576
        ]
      },
      "properties": {
        "netid": "90:35:EA:14:57:F1",
        "ssid": "MLG54287",
        "oui": "90:35:EA",
        "channel": 11,
        "encryption": "unknown",
        "firsttime": "2025-05-07T16:00:00.000Z",
        "lasttime": "2025-05-07T09:00:00.000Z",
        "city": "Buffalo",
        "region": "NY",
        "country": "US",
        "road": "South Park Avenue",
        "postalcode": "14219"
      }
    },
    {
      "type": "Feature",
      "geometry": {
        "type": "Point",
        "coordinates": [
          -84.36960602,
          42.19311523
        ]
      },
      "properties": {
        "netid": "90:35:EA:14:58:0B",
        "ssid": "MLG54234",
        "oui": "90:35:EA",
        "channel": 11,
        "encryption": "unknown",
        "firsttime": "2024-03-18T00:00:00.000Z",
        "lasttime": "2025-12-14T17:00:00.000Z",
        "city": null,
        "region": "MI",
        "country": "US",
        "road": "US 127;M 50",
        "postalcode": "49201"
      }
    },
    {
      "type": "Feature",
      "geometry": {
        "type": "Point",
        "coordinates": [
          -98.45018768,
          29.47136879
        ]
      },
      "properties": {
        "netid": "90:35:EA:14:58:15",
        "ssid": "MLG54226",
        "oui": "90:35:EA",
        "channel": 1,
        "encryption": "none",
        "firsttime": "2026-06-15T17:00:00.000Z",
        "lasttime": "2026-06-16T18:00:00.000Z",
        "city": null,
        "region": "TX",
        "country": "US",
        "road": "Terrell Road",
        "postalcode": "78209"
      }
    },
    {
      "type": "Feature",
      "geometry": {
        "type": "Point",
        "coordinates": [
          -94.6536026,
          31.63928413
        ]
      },
      "properties": {
        "netid": "90:35:EA:14:58:19",
        "ssid": "MLG54103",
        "oui": "90:35:EA",
        "channel": 1,
        "encryption": "none",
        "firsttime": "2025-01-23T19:00:00.000Z",
        "lasttime": "2025-01-23T13:00:00.000Z",
        "city": "Nacogdoches",
        "region": "TX",
        "country": "US",
        "road": "Wortham Drive",
        "postalcode": "75965"
      }
    },
    {
      "type": "Feature",
      "geometry": {
        "type": "Point",
        "coordinates": [
          -90.20715332,
          30.00518036
        ]
      },
      "properties": {
        "netid": "90:35:EA:14:58:2F",
        "ssid": "MLG54328",
        "oui": "90:35:EA",
        "channel": 11,
        "encryption": "none",
        "firsttime": "2024-08-08T13:00:00.000Z",
        "lasttime": "2026-07-13T11:00:00.000Z",
        "city": null,
        "region": "LA",
        "country": "US",
        "road": "Veterans Memorial Boulevard",
        "postalcode": "70003"
      }
    },
    {
      "type": "Feature",
      "geometry": {
        "type": "Point",
        "coordinates": [
          -76.09788513,
          36.89012909
        ]
      },
      "properties": {
        "netid": "90:35:EA:14:58:3B",
        "ssid": "MLG53981",
        "oui": "90:35:EA",
        "channel": 6,
        "encryption": "none",
        "firsttime": "2026-07-09T20:00:00.000Z",
        "lasttime": "2026-07-09T15:00:00.000Z",
        "city": "Virginia Beach",
        "region": "VA",
        "country": "US",
        "road": "Little Neck Point",
        "postalcode": "23452"
      }
    },
    {
      "type": "Feature",
      "geometry": {
        "type": "Point",
        "coordinates": [
          -87.94760895,
          17.94120979
        ]
      },
      "properties": {
        "netid": "90:35:EA:14:58:3F",
        "ssid": "MLG54165",
        "oui": "90:35:EA",
        "channel": 1,
        "encryption": "unknown",
        "firsttime": "2025-02-09T17:00:00.000Z",
        "lasttime": "2025-02-09T18:00:00.000Z",
        "city": null,
        "region": "Belize District",
        "country": "BZ",
        "road": null,
        "postalcode": null
      }
    },
    {
      "type": "Feature",
      "geometry": {
        "type": "Point",
        "coordinates": [
          -91.15467072,
          30.3900032
        ]
      },
      "properties": {
        "netid": "90:35:EA:14:58:43",
        "ssid": "MLG53985",
        "oui": "90:35:EA",
        "channel": 1,
        "encryption": "none",
        "firsttime": "2024-12-01T18:00:00.000Z",
        "lasttime": "2026-07-21T17:00:00.000Z",
        "city": "Baton Rouge",
        "region": "LA",
        "country": "US",
        "road": "Highland Road",
        "postalcode": "70820"
      }
    },
    {
      "type": "Feature",
      "geometry": {
        "type": "Point",
        "coordinates": [
          -74.03687286,
          41.51737595
        ]
      },
      "properties": {
        "netid": "90:35:EA:18:AD:83",
        "ssid": null,
        "oui": "90:35:EA",
        "channel": 0,
        "encryption": "none",
        "firsttime": "2025-06-21T00:00:00.000Z",
        "lasttime": "2025-06-21T06:00:00.000Z",
        "city": null,
        "region": "NY",
        "country": "US",
        "road": "I 84;NY 52",
        "postalcode": "12550"
      }
    },
    {
      "type": "Feature",
      "geometry": {
        "type": "Point",
        "coordinates": [
          -75.37380219,
          39.85173798
        ]
      },
      "properties": {
        "netid": "90:35:EA:1A:ED:72",
        "ssid": null,
        "oui": "90:35:EA",
        "channel": 0,
        "encryption": "none",
        "firsttime": "2023-10-18T16:00:00.000Z",
        "lasttime": "2025-06-22T07:00:00.000Z",
        "city": null,
        "region": "PA",
        "country": "US",
        "road": "Delaware Expressway",
        "postalcode": "19013"
      }
    },
    {
      "type": "Feature",
      "geometry": {
        "type": "Point",
        "coordinates": [
          -76.3625946,
          39.4422226
        ]
      },
      "properties": {
        "netid": "90:35:EA:1C:1D:17",
        "ssid": null,
        "oui": "90:35:EA",
        "channel": 0,
        "encryption": "none",
        "firsttime": "2025-06-16T14:00:00.000Z",
        "lasttime": "2025-06-16T12:00:00.000Z",
        "city": null,
        "region": "MD",
        "country": "US",
        "road": "John F. Kennedy Memorial Highway",
        "postalcode": "21085"
      }
    },
    {
      "type": "Feature",
      "geometry": {
        "type": "Point",
        "coordinates": [
          -75.68805695,
          39.66549301
        ]
      },
      "properties": {
        "netid": "90:35:EA:1C:22:6A",
        "ssid": null,
        "oui": "90:35:EA",
        "channel": 0,
        "encryption": "none",
        "firsttime": "2025-06-16T13:00:00.000Z",
        "lasttime": "2025-06-16T07:00:00.000Z",
        "city": null,
        "region": "DE",
        "country": "US",
        "road": "Delaware Turnpike",
        "postalcode": "19702"
      }
    },
    {
      "type": "Feature",
      "geometry": {
        "type": "Point",
        "coordinates": [
          -74.423172,
          40.8545723
        ]
      },
      "properties": {
        "netid": "90:35:EA:1C:28:28",
        "ssid": null,
        "oui": "90:35:EA",
        "channel": 0,
        "encryption": "none",
        "firsttime": "2024-09-11T15:00:00.000Z",
        "lasttime": "2024-09-11T08:00:00.000Z",
        "city": null,
        "region": "NJ",
        "country": "US",
        "road": "I 287",
        "postalcode": "07054"
      }
    },
    {
      "type": "Feature",
      "geometry": {
        "type": "Point",
        "coordinates": [
          -73.79902649,
          41.75213623
        ]
      },
      "properties": {
        "netid": "90:35:EA:1D:C2:F7",
        "ssid": null,
        "oui": "90:35:EA",
        "channel": 0,
        "encryption": "none",
        "firsttime": "2025-03-26T22:00:00.000Z",
        "lasttime": "2025-03-26T15:00:00.000Z",
        "city": null,
        "region": "NY",
        "country": "US",
        "road": "US 44",
        "postalcode": "12569"
      }
    },
    {
      "type": "Feature",
      "geometry": {
        "type": "Point",
        "coordinates": [
          147.74436951,
          -33.8444519
        ]
      },
      "properties": {
        "netid": "90:35:EA:2A:E5:B1",
        "ssid": "IRIDIUM-58262",
        "oui": "90:35:EA",
        "channel": 5,
        "encryption": "unknown",
        "firsttime": "2025-08-27T22:00:00.000Z",
        "lasttime": "2025-10-15T19:00:00.000Z",
        "city": null,
        "region": "New South Wales",
        "country": "AU",
        "road": "Wyalong Street",
        "postalcode": "2810"
      }
    },
    {
      "type": "Feature",
      "geometry": {
        "type": "Point",
        "coordinates": [
          -82.64560699,
          28.90139198
        ]
      },
      "properties": {
        "netid": "90:35:EA:2A:E5:B9",
        "ssid": "IRIDIUM-58122",
        "oui": "90:35:EA",
        "channel": 5,
        "encryption": "none",
        "firsttime": "2024-09-01T21:00:00.000Z",
        "lasttime": "2024-09-30T15:00:00.000Z",
        "city": null,
        "region": "FL",
        "country": "US",
        "road": "West Fort Island Trail",
        "postalcode": null
      }
    },
    {
      "type": "Feature",
      "geometry": {
        "type": "Point",
        "coordinates": [
          168.31427002,
          -17.74183846
        ]
      },
      "properties": {
        "netid": "90:35:EA:2A:E8:CE",
        "ssid": "Class A AIS 0119",
        "oui": "90:35:EA",
        "channel": 6,
        "encryption": "wpa2",
        "firsttime": "2026-07-10T22:00:00.000Z",
        "lasttime": "2026-07-20T17:00:00.000Z",
        "city": "Port Vila",
        "region": "Shefa",
        "country": "VU",
        "road": "Kumul Highway",
        "postalcode": "PMB 9054"
      }
    },
    {
      "type": "Feature",
      "geometry": {
        "type": "Point",
        "coordinates": [
          174.78520203,
          -36.82965088
        ]
      },
      "properties": {
        "netid": "90:35:EA:2A:EA:1D",
        "ssid": "IRIDIUM-RUA",
        "oui": "90:35:EA",
        "channel": 5,
        "encryption": "wpa2",
        "firsttime": "2026-06-25T20:00:00.000Z",
        "lasttime": "2026-06-25T17:00:00.000Z",
        "city": "Devonport-Takapuna",
        "region": "Auckland",
        "country": "NZ",
        "road": "Mozeley Avenue",
        "postalcode": "0624"
      }
    },
    {
      "type": "Feature",
      "geometry": {
        "type": "Point",
        "coordinates": [
          -81.29943085,
          28.24891853
        ]
      },
      "properties": {
        "netid": "90:35:EA:2A:F1:57",
        "ssid": "IRIDIUM-58100",
        "oui": "90:35:EA",
        "channel": 5,
        "encryption": "unknown",
        "firsttime": "2024-10-08T20:00:00.000Z",
        "lasttime": "2024-10-08T16:00:00.000Z",
        "city": null,
        "region": "FL",
        "country": "US",
        "road": "10th Street",
        "postalcode": "34769"
      }
    },
    {
      "type": "Feature",
      "geometry": {
        "type": "Point",
        "coordinates": [
          4.89087534,
          52.39754868
        ]
      },
      "properties": {
        "netid": "90:35:EA:2A:F4:55",
        "ssid": "IRIDIUM-58958",
        "oui": "90:35:EA",
        "channel": 5,
        "encryption": "unknown",
        "firsttime": "2025-09-01T10:00:00.000Z",
        "lasttime": "2025-09-01T04:00:00.000Z",
        "city": "Amsterdam",
        "region": "Noord-Holland",
        "country": "NL",
        "road": "ms. van Riemsdijkweg",
        "postalcode": "1033RC"
      }
    },
    {
      "type": "Feature",
      "geometry": {
        "type": "Point",
        "coordinates": [
          12.45011711,
          41.90699768
        ]
      },
      "properties": {
        "netid": "90:35:EA:2A:F5:A8",
        "ssid": "HS3_FPPTA",
        "oui": "90:35:EA",
        "channel": 1,
        "encryption": "unknown",
        "firsttime": "2025-04-17T06:00:00.000Z",
        "lasttime": "2025-04-16T23:00:00.000Z",
        "city": "Roma",
        "region": "Lazio",
        "country": "IT",
        "road": "Via Vittor Pisani",
        "postalcode": "00136"
      }
    },
    {
      "type": "Feature",
      "geometry": {
        "type": "Point",
        "coordinates": [
          14.16552925,
          40.85367203
        ]
      },
      "properties": {
        "netid": "90:35:EA:2A:F5:F2",
        "ssid": "HS3_BXNAA",
        "oui": "90:35:EA",
        "channel": 1,
        "encryption": "unknown",
        "firsttime": "2025-01-23T10:00:00.000Z",
        "lasttime": "2025-01-29T01:00:00.000Z",
        "city": "Napoli",
        "region": "Campania",
        "country": "IT",
        "road": "Via Montagna Spaccata",
        "postalcode": "80126"
      }
    },
    {
      "type": "Feature",
      "geometry": {
        "type": "Point",
        "coordinates": [
          -87.91072083,
          30.66863632
        ]
      },
      "properties": {
        "netid": "90:35:EA:2A:F7:8D",
        "ssid": "Flock",
        "oui": "90:35:EA",
        "channel": 1,
        "encryption": "wpa2",
        "firsttime": "2026-07-08T02:00:00.000Z",
        "lasttime": "2026-08-25T23:00:00.000Z",
        "city": null,
        "region": "AL",
        "country": "US",
        "road": "Spanish Fort Boulevard",
        "postalcode": "36527"
      }
    },
    {
      "type": "Feature",
      "geometry": {
        "type": "Point",
        "coordinates": [
          12.4308157,
          50.97986603
        ]
      },
      "properties": {
        "netid": "90:35:EA:2A:F8:FD",
        "ssid": "24392495",
        "oui": "90:35:EA",
        "channel": 11,
        "encryption": "wpa2",
        "firsttime": "2024-06-30T09:00:00.000Z",
        "lasttime": "2026-08-23T05:00:00.000Z",
        "city": null,
        "region": "Th\u00fcringen",
        "country": "DE",
        "road": "Geschwister-Scholl-Stra\u00dfe",
        "postalcode": "04600"
      }
    },
    {
      "type": "Feature",
      "geometry": {
        "type": "Point",
        "coordinates": [
          18.16348076,
          59.31596756
        ]
      },
      "properties": {
        "netid": "90:35:EA:2A:F8:FE",
        "ssid": "24437539",
        "oui": "90:35:EA",
        "channel": 11,
        "encryption": "wpa2",
        "firsttime": "2023-04-15T10:00:00.000Z",
        "lasttime": "2025-08-12T01:00:00.000Z",
        "city": null,
        "region": "Stockholms l\u00e4n",
        "country": "SE",
        "road": "Cylinderv\u00e4gen",
        "postalcode": "131 52"
      }
    },
    {
      "type": "Feature",
      "geometry": {
        "type": "Point",
        "coordinates": [
          7.7744503,
          51.02470016
        ]
      },
      "properties": {
        "netid": "90:35:EA:2A:F9:2E",
        "ssid": "24061902",
        "oui": "90:35:EA",
        "channel": 11,
        "encryption": "wpa2",
        "firsttime": "2023-07-02T13:00:00.000Z",
        "lasttime": "2025-05-17T05:00:00.000Z",
        "city": "Drolshagen",
        "region": "Nordrhein-Westfalen",
        "country": "DE",
        "road": "Gartenstra\u00dfe",
        "postalcode": "57489"
      }
    },
    {
      "type": "Feature",
      "geometry": {
        "type": "Point",
        "coordinates": [
          6.81575108,
          51.47367859
        ]
      },
      "properties": {
        "netid": "90:35:EA:2A:F9:46",
        "ssid": "PurWallbox",
        "oui": "90:35:EA",
        "channel": 11,
        "encryption": "wpa2",
        "firsttime": "2023-08-21T13:00:00.000Z",
        "lasttime": "2025-04-14T11:00:00.000Z",
        "city": "Oberhausen",
        "region": "Nordrhein-Westfalen",
        "country": "DE",
        "road": "A 3",
        "postalcode": "47138"
      }
    },
    {
      "type": "Feature",
      "geometry": {
        "type": "Point",
        "coordinates": [
          8.6286602,
          48.16499329
        ]
      },
      "properties": {
        "netid": "90:35:EA:2A:F9:59",
        "ssid": "24052621",
        "oui": "90:35:EA",
        "channel": 11,
        "encryption": "wpa2",
        "firsttime": "2026-08-01T09:00:00.000Z",
        "lasttime": "2026-08-01T11:00:00.000Z",
        "city": null,
        "region": "Baden-W\u00fcrttemberg",
        "country": "DE",
        "road": "K\u00f6nigstra\u00dfe",
        "postalcode": "78628"
      }
    },
    {
      "type": "Feature",
      "geometry": {
        "type": "Point",
        "coordinates": [
          6.92964888,
          51.48636627
        ]
      },
      "properties": {
        "netid": "90:35:EA:2A:F9:62",
        "ssid": "24039877",
        "oui": "90:35:EA",
        "channel": 11,
        "encryption": "wpa2",
        "firsttime": "2023-07-12T18:00:00.000Z",
        "lasttime": "2025-08-04T12:00:00.000Z",
        "city": "Essen",
        "region": "Nordrhein-Westfalen",
        "country": "DE",
        "road": "Blitzstra\u00dfe",
        "postalcode": "45357"
      }
    },
    {
      "type": "Feature",
      "geometry": {
        "type": "Point",
        "coordinates": [
          10.1136713,
          53.63085938
        ]
      },
      "properties": {
        "netid": "90:35:EA:2A:F9:99",
        "ssid": "24039894",
        "oui": "90:35:EA",
        "channel": 11,
        "encryption": "wpa2",
        "firsttime": "2025-11-16T15:00:00.000Z",
        "lasttime": "2025-11-16T07:00:00.000Z",
        "city": "Hamburg",
        "region": "Bramfeld",
        "country": "DE",
        "road": "Carsten-Reimers-Ring",
        "postalcode": "22175"
      }
    },
    {
      "type": "Feature",
      "geometry": {
        "type": "Point",
        "coordinates": [
          12.96483994,
          50.64268112
        ]
      },
      "properties": {
        "netid": "90:35:EA:2A:F9:CA",
        "ssid": "24165910",
        "oui": "90:35:EA",
        "channel": 11,
        "encryption": "wpa2",
        "firsttime": "2024-11-01T11:00:00.000Z",
        "lasttime": "2024-12-08T23:00:00.000Z",
        "city": null,
        "region": "Sachsen",
        "country": "DE",
        "road": "Thomas-Mann-Stra\u00dfe",
        "postalcode": "09427"
      }
    },
    {
      "type": "Feature",
      "geometry": {
        "type": "Point",
        "coordinates": [
          22.43013763,
          49.37175369
        ]
      },
      "properties": {
        "netid": "90:35:EA:2A:F9:EC",
        "ssid": "24076979",
        "oui": "90:35:EA",
        "channel": 11,
        "encryption": "wpa2",
        "firsttime": "2026-05-22T17:00:00.000Z",
        "lasttime": "2026-05-22T13:00:00.000Z",
        "city": null,
        "region": "wojew\u00f3dztwo podkarpackie",
        "country": "PL",
        "road": "Zdrojowa",
        "postalcode": "38-610"
      }
    },
    {
      "type": "Feature",
      "geometry": {
        "type": "Point",
        "coordinates": [
          22.43181801,
          49.37234497
        ]
      },
      "properties": {
        "netid": "90:35:EA:2A:F9:F1",
        "ssid": "24076980",
        "oui": "90:35:EA",
        "channel": 11,
        "encryption": "wpa2",
        "firsttime": "2022-08-26T12:00:00.000Z",
        "lasttime": "2026-05-22T13:00:00.000Z",
        "city": null,
        "region": "wojew\u00f3dztwo podkarpackie",
        "country": "PL",
        "road": "Zdrojowa",
        "postalcode": "38-610"
      }
    },
    {
      "type": "Feature",
      "geometry": {
        "type": "Point",
        "coordinates": [
          8.40232468,
          48.94546509
        ]
      },
      "properties": {
        "netid": "90:35:EA:2A:F9:FE",
        "ssid": "24029689",
        "oui": "90:35:EA",
        "channel": 11,
        "encryption": "wpa2",
        "firsttime": "2023-07-24T07:00:00.000Z",
        "lasttime": "2026-05-31T12:00:00.000Z",
        "city": null,
        "region": "Baden-W\u00fcrttemberg",
        "country": "DE",
        "road": "Scheffelstra\u00dfe",
        "postalcode": "76275"
      }
    },
    {
      "type": "Feature",
      "geometry": {
        "type": "Point",
        "coordinates": [
          7.19226265,
          51.93419266
        ]
      },
      "properties": {
        "netid": "90:35:EA:2A:FA:0A",
        "ssid": "24260313",
        "oui": "90:35:EA",
        "channel": 11,
        "encryption": "wpa2",
        "firsttime": "2026-04-29T19:00:00.000Z",
        "lasttime": "2026-04-29T12:00:00.000Z",
        "city": "Coesfeld",
        "region": "Nordrhein-Westfalen",
        "country": "DE",
        "road": "Sommerkamp",
        "postalcode": "48653"
      }
    },
    {
      "type": "Feature",
      "geometry": {
        "type": "Point",
        "coordinates": [
          10.75645256,
          54.02707672
        ]
      },
      "properties": {
        "netid": "90:35:EA:2A:FA:30",
        "ssid": "24969686",
        "oui": "90:35:EA",
        "channel": 11,
        "encryption": "wpa2",
        "firsttime": "2025-11-12T15:00:00.000Z",
        "lasttime": "2025-11-12T11:00:00.000Z",
        "city": "Scharbeutz",
        "region": "Schleswig-Holstein",
        "country": "DE",
        "road": "Strandallee",
        "postalcode": "23683"
      }
    },
    {
      "type": "Feature",
      "geometry": {
        "type": "Point",
        "coordinates": [
          9.85149002,
          47.68094635
        ]
      },
      "properties": {
        "netid": "90:35:EA:2A:FA:34",
        "ssid": "24969904",
        "oui": "90:35:EA",
        "channel": 11,
        "encryption": "wpa2",
        "firsttime": "2024-02-19T10:00:00.000Z",
        "lasttime": "2024-11-15T06:00:00.000Z",
        "city": null,
        "region": "Baden-W\u00fcrttemberg",
        "country": "DE",
        "road": "Sigmannser Weg",
        "postalcode": "88239"
      }
    },
    {
      "type": "Feature",
      "geometry": {
        "type": "Point",
        "coordinates": [
          8.6826067,
          54.88280869
        ]
      },
      "properties": {
        "netid": "90:35:EA:2A:FA:3C",
        "ssid": "24969683",
        "oui": "90:35:EA",
        "channel": 11,
        "encryption": "wpa2",
        "firsttime": "2025-05-09T09:00:00.000Z",
        "lasttime": "2025-05-10T11:00:00.000Z",
        "city": "Roden\u00e4s",
        "region": "Schleswig-Holstein",
        "country": "DE",
        "road": "Neudorf",
        "postalcode": "25924"
      }
    },
    {
      "type": "Feature",
      "geometry": {
        "type": "Point",
        "coordinates": [
          8.55770779,
          48.84740067
        ]
      },
      "properties": {
        "netid": "90:35:EA:2A:FA:3E",
        "ssid": "24692488",
        "oui": "90:35:EA",
        "channel": 11,
        "encryption": "wpa2",
        "firsttime": "2024-10-20T15:00:00.000Z",
        "lasttime": "2024-10-20T09:00:00.000Z",
        "city": null,
        "region": "Baden-W\u00fcrttemberg",
        "country": "DE",
        "road": "Hauptstra\u00dfe",
        "postalcode": "75334"
      }
    },
    {
      "type": "Feature",
      "geometry": {
        "type": "Point",
        "coordinates": [
          5.01246357,
          51.41337967
        ]
      },
      "properties": {
        "netid": "90:35:EA:2A:FA:5A",
        "ssid": "24562655",
        "oui": "90:35:EA",
        "channel": 11,
        "encryption": "wpa2",
        "firsttime": "2024-11-26T00:00:00.000Z",
        "lasttime": "2024-11-25T17:00:00.000Z",
        "city": null,
        "region": "Antwerpen",
        "country": "BE",
        "road": "Oude Kerkweg",
        "postalcode": "2381"
      }
    },
    {
      "type": "Feature",
      "geometry": {
        "type": "Point",
        "coordinates": [
          7.65158415,
          47.52326965
        ]
      },
      "properties": {
        "netid": "90:35:EA:2A:FA:71",
        "ssid": "24558556",
        "oui": "90:35:EA",
        "channel": 11,
        "encryption": "wpa2",
        "firsttime": "2024-12-05T13:00:00.000Z",
        "lasttime": "2024-12-05T07:00:00.000Z",
        "city": null,
        "region": "Basel-Landschaft",
        "country": "CH",
        "road": "St. Arbogast-Strasse",
        "postalcode": "4132"
      }
    },
    {
      "type": "Feature",
      "geometry": {
        "type": "Point",
        "coordinates": [
          9.19053268,
          47.64730072
        ]
      },
      "properties": {
        "netid": "90:35:EA:2A:FA:73",
        "ssid": "24558550",
        "oui": "90:35:EA",
        "channel": 11,
        "encryption": "wpa2",
        "firsttime": "2026-04-11T08:00:00.000Z",
        "lasttime": "2026-04-11T02:00:00.000Z",
        "city": null,
        "region": "Thurgau",
        "country": "CH",
        "road": "Promenadenstrasse",
        "postalcode": "8280"
      }
    },
    {
      "type": "Feature",
      "geometry": {
        "type": "Point",
        "coordinates": [
          9.96848106,
          53.59375381
        ]
      },
      "properties": {
        "netid": "90:35:EA:2A:FA:A4",
        "ssid": "24969634",
        "oui": "90:35:EA",
        "channel": 11,
        "encryption": "wpa2",
        "firsttime": "2024-09-22T12:00:00.000Z",
        "lasttime": "2025-06-01T14:00:00.000Z",
        "city": "Hamburg",
        "region": "Lokstedt",
        "country": "DE",
        "road": "S\u00fcderfeldstra\u00dfe",
        "postalcode": "22529"
      }
    },
    {
      "type": "Feature",
      "geometry": {
        "type": "Point",
        "coordinates": [
          6.73998022,
          52.31156158
        ]
      },
      "properties": {
        "netid": "90:35:EA:2A:FA:A5",
        "ssid": "24558637",
        "oui": "90:35:EA",
        "channel": 11,
        "encryption": "wpa2",
        "firsttime": "2023-01-11T12:00:00.000Z",
        "lasttime": "2025-09-27T13:00:00.000Z",
        "city": null,
        "region": "Overijssel",
        "country": "NL",
        "road": "Zenderensestraat",
        "postalcode": "7625TE"
      }
    },
    {
      "type": "Feature",
      "geometry": {
        "type": "Point",
        "coordinates": [
          11.11581898,
          47.7752037
        ]
      },
      "properties": {
        "netid": "90:35:EA:2A:FA:AE",
        "ssid": "24969663",
        "oui": "90:35:EA",
        "channel": 11,
        "encryption": "wpa2",
        "firsttime": "2023-10-07T07:00:00.000Z",
        "lasttime": "2026-08-06T14:00:00.000Z",
        "city": null,
        "region": "Bayern",
        "country": "DE",
        "road": "Eyacher Stra\u00dfe",
        "postalcode": "82386"
      }
    },
    {
      "type": "Feature",
      "geometry": {
        "type": "Point",
        "coordinates": [
          13.28587151,
          52.64126968
        ]
      },
      "properties": {
        "netid": "90:35:EA:2A:FA:B5",
        "ssid": "24969845",
        "oui": "90:35:EA",
        "channel": 11,
        "encryption": "wpa2",
        "firsttime": "2024-02-18T15:00:00.000Z",
        "lasttime": "2026-03-07T11:00:00.000Z",
        "city": "Berlin",
        "region": "Reinickendorf",
        "country": "DE",
        "road": "Sch\u00f6nflie\u00dfer Stra\u00dfe",
        "postalcode": "13465"
      }
    },
    {
      "type": "Feature",
      "geometry": {
        "type": "Point",
        "coordinates": [
          5.03270388,
          51.06509399
        ]
      },
      "properties": {
        "netid": "90:35:EA:2A:FA:E5",
        "ssid": "24558618",
        "oui": "90:35:EA",
        "channel": 11,
        "encryption": "wpa2",
        "firsttime": "2026-04-21T19:00:00.000Z",
        "lasttime": "2026-08-15T12:00:00.000Z",
        "city": null,
        "region": "Limburg",
        "country": "BE",
        "road": "Everslag",
        "postalcode": "3980"
      }
    },
    {
      "type": "Feature",
      "geometry": {
        "type": "Point",
        "coordinates": [
          10.88022232,
          53.97144699
        ]
      },
      "properties": {
        "netid": "90:35:EA:2A:FA:EA",
        "ssid": "24649770",
        "oui": "90:35:EA",
        "channel": 11,
        "encryption": "wpa2",
        "firsttime": "2026-01-18T13:00:00.000Z",
        "lasttime": "2026-01-18T12:00:00.000Z",
        "city": "L\u00fcbeck",
        "region": "Schleswig-Holstein",
        "country": "DE",
        "road": "Strandredder",
        "postalcode": "23570"
      }
    },
    {
      "type": "Feature",
      "geometry": {
        "type": "Point",
        "coordinates": [
          9.44362736,
          48.64192963
        ]
      },
      "properties": {
        "netid": "90:35:EA:2A:FA:F9",
        "ssid": "24592569",
        "oui": "90:35:EA",
        "channel": 11,
        "encryption": "wpa2",
        "firsttime": "2025-01-16T12:00:00.000Z",
        "lasttime": "2025-01-16T09:00:00.000Z",
        "city": null,
        "region": "Baden-W\u00fcrttemberg",
        "country": "DE",
        "road": "Holbeinweg",
        "postalcode": "73230"
      }
    },
    {
      "type": "Feature",
      "geometry": {
        "type": "Point",
        "coordinates": [
          8.64292812,
          49.29516602
        ]
      },
      "properties": {
        "netid": "90:35:EA:2A:FB:1D",
        "ssid": "24117780",
        "oui": "90:35:EA",
        "channel": 11,
        "encryption": "wpa2",
        "firsttime": "2024-02-13T12:00:00.000Z",
        "lasttime": "2026-08-20T06:00:00.000Z",
        "city": null,
        "region": "Baden-W\u00fcrttemberg",
        "country": "DE",
        "road": "Hasso-Plattner-Ring",
        "postalcode": "69190"
      }
    },
    {
      "type": "Feature",
      "geometry": {
        "type": "Point",
        "coordinates": [
          8.79615211,
          53.05656815
        ]
      },
      "properties": {
        "netid": "90:35:EA:2A:FB:39",
        "ssid": "24117320",
        "oui": "90:35:EA",
        "channel": 11,
        "encryption": "wpa2",
        "firsttime": "2024-03-19T07:00:00.000Z",
        "lasttime": "2026-07-17T00:00:00.000Z",
        "city": "Bremen",
        "region": "Bremen",
        "country": "DE",
        "road": "Cornelius-Edzard-Stra\u00dfe",
        "postalcode": "28199"
      }
    },
    {
      "type": "Feature",
      "geometry": {
        "type": "Point",
        "coordinates": [
          7.8861537,
          54.17987823
        ]
      },
      "properties": {
        "netid": "90:35:EA:2A:FB:42",
        "ssid": "24029692",
        "oui": "90:35:EA",
        "channel": 11,
        "encryption": "wpa2",
        "firsttime": "2022-07-03T11:00:00.000Z",
        "lasttime": "2025-05-01T11:00:00.000Z",
        "city": "Helgoland - de\u00e4t Lun",
        "region": "Schleswig-Holstein",
        "country": "DE",
        "road": "Invasorenpfad",
        "postalcode": "27498"
      }
    },
    {
      "type": "Feature",
      "geometry": {
        "type": "Point",
        "coordinates": [
          10.15981293,
          53.40535355
        ]
      },
      "properties": {
        "netid": "90:35:EA:2A:FB:47",
        "ssid": "24592469",
        "oui": "90:35:EA",
        "channel": 11,
        "encryption": "wpa2",
        "firsttime": "2025-12-03T13:00:00.000Z",
        "lasttime": "2025-12-03T07:00:00.000Z",
        "city": "Hamburg",
        "region": "Kirchwerder",
        "country": "DE",
        "road": "Zollenspieker-Hauptdeich",
        "postalcode": "21037"
      }
    },
    {
      "type": "Feature",
      "geometry": {
        "type": "Point",
        "coordinates": [
          3.47751331,
          51.12937546
        ]
      },
      "properties": {
        "netid": "90:35:EA:2A:FB:82",
        "ssid": "24558663",
        "oui": "90:35:EA",
        "channel": 11,
        "encryption": "wpa2",
        "firsttime": "2025-08-04T16:00:00.000Z",
        "lasttime": "2026-06-13T06:00:00.000Z",
        "city": null,
        "region": "Oost-Vlaanderen",
        "country": "BE",
        "road": "Urselseweg",
        "postalcode": "9910"
      }
    },
    {
      "type": "Feature",
      "geometry": {
        "type": "Point",
        "coordinates": [
          9.21301651,
          48.25246048
        ]
      },
      "properties": {
        "netid": "90:35:EA:2A:FB:8C",
        "ssid": "24699422",
        "oui": "90:35:EA",
        "channel": 11,
        "encryption": "wpa2",
        "firsttime": "2026-01-19T11:00:00.000Z",
        "lasttime": "2026-08-15T03:00:00.000Z",
        "city": null,
        "region": "Baden-W\u00fcrttemberg",
        "country": "DE",
        "road": "Reutlinger Stra\u00dfe",
        "postalcode": "72501"
      }
    },
    {
      "type": "Feature",
      "geometry": {
        "type": "Point",
        "coordinates": [
          11.76094913,
          47.88680649
        ]
      },
      "properties": {
        "netid": "90:35:EA:2A:FB:8E",
        "ssid": "24592510",
        "oui": "90:35:EA",
        "channel": 11,
        "encryption": "wpa2",
        "firsttime": "2025-09-01T15:00:00.000Z",
        "lasttime": "2025-09-01T09:00:00.000Z",
        "city": null,
        "region": "Bayern",
        "country": "DE",
        "road": "Holzkirchner Stra\u00dfe",
        "postalcode": "83626"
      }
    },
    {
      "type": "Feature",
      "geometry": {
        "type": "Point",
        "coordinates": [
          5.10436964,
          51.89014435
        ]
      },
      "properties": {
        "netid": "90:35:EA:2A:FB:97",
        "ssid": "24577807",
        "oui": "90:35:EA",
        "channel": 11,
        "encryption": "wpa2",
        "firsttime": "2026-02-14T09:00:00.000Z",
        "lasttime": "2026-02-14T08:00:00.000Z",
        "city": "Leerdam",
        "region": "Utrecht",
        "country": "NL",
        "road": "Horndijk",
        "postalcode": "4141MA"
      }
    },
    {
      "type": "Feature",
      "geometry": {
        "type": "Point",
        "coordinates": [
          11.09335518,
          49.24512863
        ]
      },
      "properties": {
        "netid": "90:35:EA:2A:FB:9C",
        "ssid": "24567373",
        "oui": "90:35:EA",
        "channel": 11,
        "encryption": "wpa2",
        "firsttime": "2023-09-22T17:00:00.000Z",
        "lasttime": "2026-04-13T02:00:00.000Z",
        "city": null,
        "region": "Bayern",
        "country": "DE",
        "road": "St\u00e4dtlerstra\u00dfe",
        "postalcode": "91154"
      }
    },
    {
      "type": "Feature",
      "geometry": {
        "type": "Point",
        "coordinates": [
          17.74124718,
          47.63786316
        ]
      },
      "properties": {
        "netid": "90:35:EA:2A:FB:B7",
        "ssid": "24562624",
        "oui": "90:35:EA",
        "channel": 11,
        "encryption": "wpa2",
        "firsttime": "2024-09-09T18:00:00.000Z",
        "lasttime": "2026-06-12T08:00:00.000Z",
        "city": null,
        "region": "Nyugat-Dun\u00e1nt\u00fal",
        "country": "HU",
        "road": "Pet\u0151fi S\u00e1ndor \u00fat",
        "postalcode": "9086"
      }
    },
    {
      "type": "Feature",
      "geometry": {
        "type": "Point",
        "coordinates": [
          11.4695797,
          49.28946304
        ]
      },
      "properties": {
        "netid": "90:35:EA:2A:FB:B8",
        "ssid": "24077250",
        "oui": "90:35:EA",
        "channel": 11,
        "encryption": "wpa2",
        "firsttime": "2025-02-15T14:00:00.000Z",
        "lasttime": "2025-02-15T09:00:00.000Z",
        "city": null,
        "region": "Bayern",
        "country": "DE",
        "road": "Adolf-Menzel-Stra\u00dfe",
        "postalcode": "92318"
      }
    },
    {
      "type": "Feature",
      "geometry": {
        "type": "Point",
        "coordinates": [
          7.03885698,
          52.20711517
        ]
      },
      "properties": {
        "netid": "90:35:EA:2A:FB:C2",
        "ssid": "24077205",
        "oui": "90:35:EA",
        "channel": 11,
        "encryption": "wpa2",
        "firsttime": "2025-04-18T09:00:00.000Z",
        "lasttime": "2026-08-09T10:00:00.000Z",
        "city": null,
        "region": "Nordrhein-Westfalen",
        "country": "DE",
        "road": "Hermann-Ehlers-Stra\u00dfe",
        "postalcode": "48599"
      }
    },
    {
      "type": "Feature",
      "geometry": {
        "type": "Point",
        "coordinates": [
          6.98610783,
          52.2486496
        ]
      },
      "properties": {
        "netid": "90:35:EA:2A:FB:C5",
        "ssid": "24699426",
        "oui": "90:35:EA",
        "channel": 11,
        "encryption": "wpa2",
        "firsttime": "2023-10-26T14:00:00.000Z",
        "lasttime": "2026-02-06T08:00:00.000Z",
        "city": null,
        "region": "Overijssel",
        "country": "NL",
        "road": "Zoekerweg",
        "postalcode": "7582PW"
      }
    },
    {
      "type": "Feature",
      "geometry": {
        "type": "Point",
        "coordinates": [
          8.84812832,
          46.70201874
        ]
      },
      "properties": {
        "netid": "90:35:EA:2A:FB:D6",
        "ssid": "24109833",
        "oui": "90:35:EA",
        "channel": 11,
        "encryption": "wpa2",
        "firsttime": "2024-08-28T09:00:00.000Z",
        "lasttime": "2024-08-28T13:00:00.000Z",
        "city": null,
        "region": "Graub\u00fcnden/Grischun/Grigioni",
        "country": "CH",
        "road": "Via Alpsu",
        "postalcode": "7180"
      }
    },
    {
      "type": "Feature",
      "geometry": {
        "type": "Point",
        "coordinates": [
          7.55537891,
          50.98983383
        ]
      },
      "properties": {
        "netid": "90:35:EA:2A:FB:D8",
        "ssid": "24304207",
        "oui": "90:35:EA",
        "channel": 11,
        "encryption": "wpa2",
        "firsttime": "2024-02-16T12:00:00.000Z",
        "lasttime": "2025-02-20T03:00:00.000Z",
        "city": null,
        "region": "Nordrhein-Westfalen",
        "country": "DE",
        "road": "Vollmerhauser Stra\u00dfe",
        "postalcode": "51645"
      }
    },
    {
      "type": "Feature",
      "geometry": {
        "type": "Point",
        "coordinates": [
          9.12458611,
          47.68923187
        ]
      },
      "properties": {
        "netid": "90:35:EA:2A:FB:DF",
        "ssid": "24109829",
        "oui": "90:35:EA",
        "channel": 11,
        "encryption": "wpa2",
        "firsttime": "2023-06-13T10:00:00.000Z",
        "lasttime": "2026-05-03T12:00:00.000Z",
        "city": null,
        "region": "Baden-W\u00fcrttemberg",
        "country": "DE",
        "road": "Kindlebildstra\u00dfe",
        "postalcode": "78479"
      }
    },
    {
      "type": "Feature",
      "geometry": {
        "type": "Point",
        "coordinates": [
          -0.7995944,
          43.82786942
        ]
      },
      "properties": {
        "netid": "90:35:EA:2A:FB:EB",
        "ssid": "24103885",
        "oui": "90:35:EA",
        "channel": 11,
        "encryption": "wpa2",
        "firsttime": "2025-04-28T15:00:00.000Z",
        "lasttime": "2025-10-18T08:00:00.000Z",
        "city": null,
        "region": "Nouvelle-Aquitaine",
        "country": "FR",
        "road": "Route Dax Bayonne",
        "postalcode": "40400"
      }
    },
    {
      "type": "Feature",
      "geometry": {
        "type": "Point",
        "coordinates": [
          7.24168825,
          50.46272659
        ]
      },
      "properties": {
        "netid": "90:35:EA:2A:FB:FC",
        "ssid": "24117323",
        "oui": "90:35:EA",
        "channel": 11,
        "encryption": "wpa2",
        "firsttime": "2024-01-06T11:00:00.000Z",
        "lasttime": "2026-02-06T01:00:00.000Z",
        "city": null,
        "region": "Rheinland-Pfalz",
        "country": "DE",
        "road": "Brohltalstra\u00dfe",
        "postalcode": "56651"
      }
    },
    {
      "type": "Feature",
      "geometry": {
        "type": "Point",
        "coordinates": [
          12.1913414,
          51.39888382
        ]
      },
      "properties": {
        "netid": "90:35:EA:2A:FC:07",
        "ssid": "24117327",
        "oui": "90:35:EA",
        "channel": 11,
        "encryption": "wpa2",
        "firsttime": "2023-10-13T11:00:00.000Z",
        "lasttime": "2026-08-13T12:00:00.000Z",
        "city": null,
        "region": "Sachsen",
        "country": "DE",
        "road": "Bierweg",
        "postalcode": "04435"
      }
    },
    {
      "type": "Feature",
      "geometry": {
        "type": "Point",
        "coordinates": [
          7.11752605,
          50.31142426
        ]
      },
      "properties": {
        "netid": "90:35:EA:2A:FC:19",
        "ssid": "24117324",
        "oui": "90:35:EA",
        "channel": 11,
        "encryption": "wpa2",
        "firsttime": "2024-10-28T10:00:00.000Z",
        "lasttime": "2024-10-28T10:00:00.000Z",
        "city": null,
        "region": "Rheinland-Pfalz",
        "country": "DE",
        "road": "Weidenstra\u00dfe",
        "postalcode": "56729"
      }
    },
    {
      "type": "Feature",
      "geometry": {
        "type": "Point",
        "coordinates": [
          8.506073,
          50.14174652
        ]
      },
      "properties": {
        "netid": "90:35:EA:2A:FC:1D",
        "ssid": "24077373",
        "oui": "90:35:EA",
        "channel": 11,
        "encryption": "wpa2",
        "firsttime": "2024-06-18T18:00:00.000Z",
        "lasttime": "2024-09-07T10:00:00.000Z",
        "city": null,
        "region": "Hessen",
        "country": "DE",
        "road": "Salinenstra\u00dfe",
        "postalcode": "65812"
      }
    },
    {
      "type": "Feature",
      "geometry": {
        "type": "Point",
        "coordinates": [
          13.15051746,
          48.10947037
        ]
      },
      "properties": {
        "netid": "90:35:EA:2A:FC:20",
        "ssid": "24115793",
        "oui": "90:35:EA",
        "channel": 11,
        "encryption": "wpa2",
        "firsttime": "2022-09-16T10:00:00.000Z",
        "lasttime": "2026-07-23T11:00:00.000Z",
        "city": null,
        "region": "Ober\u00f6sterreich",
        "country": "AT",
        "road": "Braunauer Stra\u00dfe",
        "postalcode": "5230"
      }
    },
    {
      "type": "Feature",
      "geometry": {
        "type": "Point",
        "coordinates": [
          9.99232101,
          54.68470383
        ]
      },
      "properties": {
        "netid": "90:35:EA:2A:FC:2D",
        "ssid": "24117356",
        "oui": "90:35:EA",
        "channel": 11,
        "encryption": "wpa2",
        "firsttime": "2024-10-23T11:00:00.000Z",
        "lasttime": "2024-11-13T01:00:00.000Z",
        "city": null,
        "region": "Schleswig-Holstein",
        "country": "DE",
        "road": "Uleweg",
        "postalcode": "24404"
      }
    },
    {
      "type": "Feature",
      "geometry": {
        "type": "Point",
        "coordinates": [
          10.41488838,
          51.92433929
        ]
      },
      "properties": {
        "netid": "90:35:EA:2A:FC:3A",
        "ssid": "24117355",
        "oui": "90:35:EA",
        "channel": 11,
        "encryption": "wpa2",
        "firsttime": "2024-01-20T16:00:00.000Z",
        "lasttime": "2025-12-28T15:00:00.000Z",
        "city": null,
        "region": "Niedersachsen",
        "country": "DE",
        "road": "Bornhardtstra\u00dfe",
        "postalcode": "38644"
      }
    },
    {
      "type": "Feature",
      "geometry": {
        "type": "Point",
        "coordinates": [
          8.55221367,
          52.02525711
        ]
      },
      "properties": {
        "netid": "90:35:EA:2A:FC:47",
        "ssid": "24117326",
        "oui": "90:35:EA",
        "channel": 11,
        "encryption": "wpa2",
        "firsttime": "2025-12-13T17:00:00.000Z",
        "lasttime": "2026-02-17T09:00:00.000Z",
        "city": "Bielefeld",
        "region": "Nordrhein-Westfalen",
        "country": "DE",
        "road": "Werner-Bock-Stra\u00dfe",
        "postalcode": "33602"
      }
    },
    {
      "type": "Feature",
      "geometry": {
        "type": "Point",
        "coordinates": [
          8.64303017,
          49.29508972
        ]
      },
      "properties": {
        "netid": "90:35:EA:2A:FC:59",
        "ssid": "24117774",
        "oui": "90:35:EA",
        "channel": 11,
        "encryption": "wpa2",
        "firsttime": "2024-02-13T12:00:00.000Z",
        "lasttime": "2026-08-20T06:00:00.000Z",
        "city": null,
        "region": "Baden-W\u00fcrttemberg",
        "country": "DE",
        "road": "Hasso-Plattner-Ring",
        "postalcode": "69190"
      }
    },
    {
      "type": "Feature",
      "geometry": {
        "type": "Point",
        "coordinates": [
          12.6930933,
          47.80719376
        ]
      },
      "properties": {
        "netid": "90:35:EA:2A:FC:67",
        "ssid": "24117770",
        "oui": "90:35:EA",
        "channel": 40,
        "encryption": "none",
        "firsttime": "2026-08-20T18:00:00.000Z",
        "lasttime": "2026-08-20T14:00:00.000Z",
        "city": null,
        "region": "Bayern",
        "country": "DE",
        "road": "Obermayerweg",
        "postalcode": "83313"
      }
    },
    {
      "type": "Feature",
      "geometry": {
        "type": "Point",
        "coordinates": [
          8.64441776,
          49.29564667
        ]
      },
      "properties": {
        "netid": "90:35:EA:2A:FC:85",
        "ssid": "24117776",
        "oui": "90:35:EA",
        "channel": 11,
        "encryption": "wpa2",
        "firsttime": "2025-08-12T14:00:00.000Z",
        "lasttime": "2026-01-29T09:00:00.000Z",
        "city": null,
        "region": "Baden-W\u00fcrttemberg",
        "country": "DE",
        "road": "Industriestra\u00dfe",
        "postalcode": "69190"
      }
    },
    {
      "type": "Feature",
      "geometry": {
        "type": "Point",
        "coordinates": [
          8.64309788,
          49.29505539
        ]
      },
      "properties": {
        "netid": "90:35:EA:2A:FC:89",
        "ssid": "24117775",
        "oui": "90:35:EA",
        "channel": 11,
        "encryption": "wpa2",
        "firsttime": "2024-02-13T12:00:00.000Z",
        "lasttime": "2026-08-20T06:00:00.000Z",
        "city": null,
        "region": "Baden-W\u00fcrttemberg",
        "country": "DE",
        "road": "Hasso-Plattner-Ring",
        "postalcode": "69190"
      }
    },
    {
      "type": "Feature",
      "geometry": {
        "type": "Point",
        "coordinates": [
          9.67209625,
          48.69337463
        ]
      },
      "properties": {
        "netid": "90:35:EA:2A:FC:8B",
        "ssid": "24029708",
        "oui": "90:35:EA",
        "channel": 11,
        "encryption": "wpa2",
        "firsttime": "2026-05-08T11:00:00.000Z",
        "lasttime": "2026-05-08T11:00:00.000Z",
        "city": null,
        "region": "Baden-W\u00fcrttemberg",
        "country": "DE",
        "road": "Julius-Keck-Stra\u00dfe",
        "postalcode": "73037"
      }
    },
    {
      "type": "Feature",
      "geometry": {
        "type": "Point",
        "coordinates": [
          9.91902447,
          53.57534409
        ]
      },
      "properties": {
        "netid": "90:35:EA:2A:FC:8D",
        "ssid": "24029706",
        "oui": "90:35:EA",
        "channel": 11,
        "encryption": "wpa2",
        "firsttime": "2023-06-24T14:00:00.000Z",
        "lasttime": "2026-08-16T09:00:00.000Z",
        "city": "Hamburg",
        "region": "Bahrenfeld",
        "country": "DE",
        "road": "Schnackenburgallee",
        "postalcode": "22525"
      }
    },
    {
      "type": "Feature",
      "geometry": {
        "type": "Point",
        "coordinates": [
          15.36646938,
          47.11593628
        ]
      },
      "properties": {
        "netid": "90:35:EA:2A:FC:90",
        "ssid": "24117779",
        "oui": "90:35:EA",
        "channel": 11,
        "encryption": "wpa2",
        "firsttime": "2026-01-02T13:00:00.000Z",
        "lasttime": "2026-01-02T06:00:00.000Z",
        "city": "Graz",
        "region": "Steiermark",
        "country": "AT",
        "road": "Judendorfer Stra\u00dfe",
        "postalcode": "8051"
      }
    },
    {
      "type": "Feature",
      "geometry": {
        "type": "Point",
        "coordinates": [
          8.61506939,
          49.89768982
        ]
      },
      "properties": {
        "netid": "90:35:EA:2A:FC:91",
        "ssid": "24190424",
        "oui": "90:35:EA",
        "channel": 11,
        "encryption": "wpa2",
        "firsttime": "2023-02-25T21:00:00.000Z",
        "lasttime": "2026-07-12T00:00:00.000Z",
        "city": null,
        "region": "Hessen",
        "country": "DE",
        "road": "In der Kr\u00fcmme",
        "postalcode": "64331"
      }
    },
    {
      "type": "Feature",
      "geometry": {
        "type": "Point",
        "coordinates": [
          16.85269356,
          47.97491837
        ]
      },
      "properties": {
        "netid": "90:35:EA:2A:FC:A8",
        "ssid": "24190186",
        "oui": "90:35:EA",
        "channel": 11,
        "encryption": "wpa2",
        "firsttime": "2003-08-06T18:00:00.000Z",
        "lasttime": "2026-08-26T06:00:00.000Z",
        "city": null,
        "region": "Burgenland",
        "country": "AT",
        "road": "Ostautobahn",
        "postalcode": "7111"
      }
    },
    {
      "type": "Feature",
      "geometry": {
        "type": "Point",
        "coordinates": [
          7.88378048,
          54.18400574
        ]
      },
      "properties": {
        "netid": "90:35:EA:2A:FC:AA",
        "ssid": "24029701",
        "oui": "90:35:EA",
        "channel": 11,
        "encryption": "wpa2",
        "firsttime": "2022-07-03T13:00:00.000Z",
        "lasttime": "2025-05-01T11:00:00.000Z",
        "city": "Helgoland - de\u00e4t Lun",
        "region": "Schleswig-Holstein",
        "country": "DE",
        "road": "G\u00e4tkestra\u00dfe",
        "postalcode": "27498"
      }
    },
    {
      "type": "Feature",
      "geometry": {
        "type": "Point",
        "coordinates": [
          8.19147015,
          47.2622261
        ]
      },
      "properties": {
        "netid": "90:35:EA:2A:FC:AF",
        "ssid": "24124994",
        "oui": "90:35:EA",
        "channel": 11,
        "encryption": "wpa2",
        "firsttime": "2026-03-29T19:00:00.000Z",
        "lasttime": "2026-03-29T12:00:00.000Z",
        "city": null,
        "region": "Aargau",
        "country": "CH",
        "road": "Beinwilerstrasse",
        "postalcode": "5734"
      }
    },
    {
      "type": "Feature",
      "geometry": {
        "type": "Point",
        "coordinates": [
          22.73897171,
          63.67629623
        ]
      },
      "properties": {
        "netid": "90:35:EA:2A:FC:B5",
        "ssid": "24124915",
        "oui": "90:35:EA",
        "channel": 11,
        "encryption": "wpa2",
        "firsttime": "2025-08-01T19:00:00.000Z",
        "lasttime": "2025-10-09T10:00:00.000Z",
        "city": null,
        "region": "Manner-Suomi",
        "country": "FI",
        "road": "Permosv\u00e4ngen",
        "postalcode": "68600"
      }
    },
    {
      "type": "Feature",
      "geometry": {
        "type": "Point",
        "coordinates": [
          13.89563465,
          47.96813583
        ]
      },
      "properties": {
        "netid": "90:35:EA:2A:FC:C1",
        "ssid": "ELLACHARGEPOINT_KH",
        "oui": "90:35:EA",
        "channel": 11,
        "encryption": "wpa2",
        "firsttime": "2023-05-30T12:00:00.000Z",
        "lasttime": "2026-02-01T07:00:00.000Z",
        "city": null,
        "region": "Ober\u00f6sterreich",
        "country": "AT",
        "road": "Vorchdorfer Bezirksstra\u00dfe",
        "postalcode": "4656"
      }
    },
    {
      "type": "Feature",
      "geometry": {
        "type": "Point",
        "coordinates": [
          9.06917763,
          48.42674255
        ]
      },
      "properties": {
        "netid": "90:35:EA:2A:FC:DB",
        "ssid": "24077258",
        "oui": "90:35:EA",
        "channel": 11,
        "encryption": "wpa2",
        "firsttime": "2024-02-11T14:00:00.000Z",
        "lasttime": "2026-02-15T07:00:00.000Z",
        "city": null,
        "region": "Baden-W\u00fcrttemberg",
        "country": "DE",
        "road": "Reutlinger Stra\u00dfe",
        "postalcode": "72147"
      }
    },
    {
      "type": "Feature",
      "geometry": {
        "type": "Point",
        "coordinates": [
          12.59649086,
          48.88378525
        ]
      },
      "properties": {
        "netid": "90:35:EA:2A:FC:E6",
        "ssid": "24077254",
        "oui": "90:35:EA",
        "channel": 11,
        "encryption": "wpa2",
        "firsttime": "2023-11-22T16:00:00.000Z",
        "lasttime": "2026-06-28T07:00:00.000Z",
        "city": null,
        "region": "Bayern",
        "country": "DE",
        "road": "Pfauenstra\u00dfe",
        "postalcode": "94315"
      }
    },
    {
      "type": "Feature",
      "geometry": {
        "type": "Point",
        "coordinates": [
          13.34658813,
          50.92301178
        ]
      },
      "properties": {
        "netid": "90:35:EA:2A:FC:EA",
        "ssid": "24039785",
        "oui": "90:35:EA",
        "channel": 11,
        "encryption": "wpa2",
        "firsttime": "2024-01-12T15:00:00.000Z",
        "lasttime": "2025-08-05T10:00:00.000Z",
        "city": null,
        "region": "Sachsen",
        "country": "DE",
        "road": "M\u00fcnzbachtal",
        "postalcode": "09599"
      }
    },
    {
      "type": "Feature",
      "geometry": {
        "type": "Point",
        "coordinates": [
          11.70520973,
          48.10584641
        ]
      },
      "properties": {
        "netid": "90:35:EA:2A:FC:FB",
        "ssid": "24077265",
        "oui": "90:35:EA",
        "channel": 11,
        "encryption": "wpa2",
        "firsttime": "2026-07-26T20:00:00.000Z",
        "lasttime": "2026-07-26T20:00:00.000Z",
        "city": "M\u00fcnchen",
        "region": "Bayern",
        "country": "DE",
        "road": "Lebzelterstra\u00dfe",
        "postalcode": "81827"
      }
    },
    {
      "type": "Feature",
      "geometry": {
        "type": "Point",
        "coordinates": [
          9.85671139,
          52.24349976
        ]
      },
      "properties": {
        "netid": "90:35:EA:2A:FD:03",
        "ssid": "24176214",
        "oui": "90:35:EA",
        "channel": 11,
        "encryption": "wpa2",
        "firsttime": "2025-03-22T17:00:00.000Z",
        "lasttime": "2025-03-22T11:00:00.000Z",
        "city": null,
        "region": "Niedersachsen",
        "country": "DE",
        "road": "R\u00f6ntgenstra\u00dfe",
        "postalcode": "31157"
      }
    },
    {
      "type": "Feature",
      "geometry": {
        "type": "Point",
        "coordinates": [
          12.23136139,
          48.16664124
        ]
      },
      "properties": {
        "netid": "90:35:EA:2A:FD:04",
        "ssid": "24660290",
        "oui": "90:35:EA",
        "channel": 11,
        "encryption": "wpa2",
        "firsttime": "2023-05-06T16:00:00.000Z",
        "lasttime": "2026-02-12T07:00:00.000Z",
        "city": "Reichertsheim",
        "region": "Bayern",
        "country": "DE",
        "road": "M\u00dc 50",
        "postalcode": "84437"
      }
    },
    {
      "type": "Feature",
      "geometry": {
        "type": "Point",
        "coordinates": [
          13.28502083,
          52.41736221
        ]
      },
      "properties": {
        "netid": "90:35:EA:2A:FD:16",
        "ssid": "24248095",
        "oui": "90:35:EA",
        "channel": 11,
        "encryption": "wpa2",
        "firsttime": "2025-03-08T11:00:00.000Z",
        "lasttime": "2025-03-08T09:00:00.000Z",
        "city": "Berlin",
        "region": "Schweizer Viertel",
        "country": "DE",
        "road": "Goerzallee",
        "postalcode": "14167"
      }
    },
    {
      "type": "Feature",
      "geometry": {
        "type": "Point",
        "coordinates": [
          16.0122242,
          46.93529892
        ]
      },
      "properties": {
        "netid": "90:35:EA:2A:FD:1F",
        "ssid": "24190506",
        "oui": "90:35:EA",
        "channel": 11,
        "encryption": "wpa2",
        "firsttime": "2025-12-09T14:00:00.000Z",
        "lasttime": "2025-12-09T06:00:00.000Z",
        "city": "Fehring",
        "region": "Steiermark",
        "country": "AT",
        "road": "Ungarnstra\u00dfe",
        "postalcode": "8350"
      }
    },
    {
      "type": "Feature",
      "geometry": {
        "type": "Point",
        "coordinates": [
          8.91655064,
          52.3039093
        ]
      },
      "properties": {
        "netid": "90:35:EA:2A:FD:28",
        "ssid": "24200640",
        "oui": "90:35:EA",
        "channel": 11,
        "encryption": "wpa2",
        "firsttime": "2024-05-04T14:00:00.000Z",
        "lasttime": "2026-01-03T11:00:00.000Z",
        "city": null,
        "region": "Nordrhein-Westfalen",
        "country": "DE",
        "road": "Marienstra\u00dfe",
        "postalcode": "32425"
      }
    },
    {
      "type": "Feature",
      "geometry": {
        "type": "Point",
        "coordinates": [
          6.07729721,
          53.1146698
        ]
      },
      "properties": {
        "netid": "90:35:EA:2A:FD:34",
        "ssid": "24117201",
        "oui": "90:35:EA",
        "channel": 11,
        "encryption": "wpa2",
        "firsttime": "2024-05-03T12:00:00.000Z",
        "lasttime": "2026-01-24T10:00:00.000Z",
        "city": null,
        "region": "Frysl\u00e2n",
        "country": "NL",
        "road": "De Roef",
        "postalcode": "9206AK"
      }
    },
    {
      "type": "Feature",
      "geometry": {
        "type": "Point",
        "coordinates": [
          5.06771183,
          51.3181572
        ]
      },
      "properties": {
        "netid": "90:35:EA:2A:FD:46",
        "ssid": "24117211",
        "oui": "90:35:EA",
        "channel": 11,
        "encryption": "wpa2",
        "firsttime": "2026-02-17T19:00:00.000Z",
        "lasttime": "2026-02-17T11:00:00.000Z",
        "city": null,
        "region": "Antwerpen",
        "country": "BE",
        "road": "Bergen",
        "postalcode": "2370"
      }
    },
    {
      "type": "Feature",
      "geometry": {
        "type": "Point",
        "coordinates": [
          7.36322689,
          53.06459045
        ]
      },
      "properties": {
        "netid": "90:35:EA:2A:FD:6A",
        "ssid": "24109928",
        "oui": "90:35:EA",
        "channel": 11,
        "encryption": "wpa2",
        "firsttime": "2026-02-19T18:00:00.000Z",
        "lasttime": "2026-04-05T03:00:00.000Z",
        "city": null,
        "region": "Niedersachsen",
        "country": "DE",
        "road": "Emdener Stra\u00dfe",
        "postalcode": "26871"
      }
    },
    {
      "type": "Feature",
      "geometry": {
        "type": "Point",
        "coordinates": [
          8.62222004,
          49.69249344
        ]
      },
      "properties": {
        "netid": "90:35:EA:2A:FD:70",
        "ssid": "24110085",
        "oui": "90:35:EA",
        "channel": 11,
        "encryption": "wpa2",
        "firsttime": "2026-01-21T06:00:00.000Z",
        "lasttime": "2026-01-21T01:00:00.000Z",
        "city": null,
        "region": "Hessen",
        "country": "DE",
        "road": "Darmst\u00e4dter Stra\u00dfe",
        "postalcode": "64625"
      }
    },
    {
      "type": "Feature",
      "geometry": {
        "type": "Point",
        "coordinates": [
          13.78705692,
          47.91143036
        ]
      },
      "properties": {
        "netid": "90:35:EA:2A:FD:7F",
        "ssid": "24110083",
        "oui": "90:35:EA",
        "channel": 11,
        "encryption": "wpa2",
        "firsttime": "2025-08-30T12:00:00.000Z",
        "lasttime": "2026-06-11T07:00:00.000Z",
        "city": null,
        "region": "Ober\u00f6sterreich",
        "country": "AT",
        "road": "Pfahlbauweg",
        "postalcode": "4810"
      }
    },
    {
      "type": "Feature",
      "geometry": {
        "type": "Point",
        "coordinates": [
          9.46804237,
          51.03158569
        ]
      },
      "properties": {
        "netid": "90:35:EA:2A:FD:86",
        "ssid": "Hotspot",
        "oui": "90:35:EA",
        "channel": 11,
        "encryption": "wpa2",
        "firsttime": "2024-03-08T15:00:00.000Z",
        "lasttime": "2024-09-26T03:00:00.000Z",
        "city": null,
        "region": "Hessen",
        "country": "DE",
        "road": "Pre\u00dfnitzer Stra\u00dfe",
        "postalcode": "34576"
      }
    },
    {
      "type": "Feature",
      "geometry": {
        "type": "Point",
        "coordinates": [
          13.41761208,
          52.41712189
        ]
      },
      "properties": {
        "netid": "90:35:EA:2A:FD:C8",
        "ssid": "24117089",
        "oui": "90:35:EA",
        "channel": 11,
        "encryption": "wpa2",
        "firsttime": "2024-11-12T15:00:00.000Z",
        "lasttime": "2024-11-12T07:00:00.000Z",
        "city": "Berlin",
        "region": "Neuk\u00f6lln",
        "country": "DE",
        "road": "Drusenheimer Weg",
        "postalcode": "12349"
      }
    },
    {
      "type": "Feature",
      "geometry": {
        "type": "Point",
        "coordinates": [
          15.36372757,
          46.75389481
        ]
      },
      "properties": {
        "netid": "90:35:EA:2A:FD:F2",
        "ssid": "24137135",
        "oui": "90:35:EA",
        "channel": 11,
        "encryption": "wpa2",
        "firsttime": "2024-10-10T15:00:00.000Z",
        "lasttime": "2024-10-10T21:00:00.000Z",
        "city": null,
        "region": "Steiermark",
        "country": "AT",
        "road": "Sulmtal Stra\u00dfe",
        "postalcode": "8443"
      }
    },
    {
      "type": "Feature",
      "geometry": {
        "type": "Point",
        "coordinates": [
          8.48656654,
          50.03630447
        ]
      },
      "properties": {
        "netid": "90:35:EA:2A:FD:F3",
        "ssid": "24110088",
        "oui": "90:35:EA",
        "channel": 11,
        "encryption": "wpa2",
        "firsttime": "2024-01-05T17:00:00.000Z",
        "lasttime": "2025-11-21T18:00:00.000Z",
        "city": null,
        "region": "Hessen",
        "country": "DE",
        "road": "R\u00fcsselsheimer Stra\u00dfe",
        "postalcode": "65451"
      }
    },
    {
      "type": "Feature",
      "geometry": {
        "type": "Point",
        "coordinates": [
          4.43290281,
          52.24174118
        ]
      },
      "properties": {
        "netid": "90:35:EA:2A:FE:11",
        "ssid": "24531222",
        "oui": "90:35:EA",
        "channel": 11,
        "encryption": "wpa2",
        "firsttime": "2026-06-12T12:00:00.000Z",
        "lasttime": "2026-06-12T06:00:00.000Z",
        "city": null,
        "region": "Zuid-Holland",
        "country": "NL",
        "road": "Huis ter Duinstraat",
        "postalcode": "2202CV"
      }
    },
    {
      "type": "Feature",
      "geometry": {
        "type": "Point",
        "coordinates": [
          8.49999714,
          50.29407883
        ]
      },
      "properties": {
        "netid": "90:35:EA:2A:FE:18",
        "ssid": "24567413",
        "oui": "90:35:EA",
        "channel": 11,
        "encryption": "wpa2",
        "firsttime": "2026-04-06T08:00:00.000Z",
        "lasttime": "2026-04-06T01:00:00.000Z",
        "city": null,
        "region": "Hessen",
        "country": "DE",
        "road": "Rod am Berger Stra\u00dfe",
        "postalcode": "61267"
      }
    },
    {
      "type": "Feature",
      "geometry": {
        "type": "Point",
        "coordinates": [
          12.96687603,
          50.67359924
        ]
      },
      "properties": {
        "netid": "90:35:EA:2A:FE:44",
        "ssid": "24176912",
        "oui": "90:35:EA",
        "channel": 11,
        "encryption": "wpa2",
        "firsttime": "2005-03-14T10:00:00.000Z",
        "lasttime": "2024-10-30T12:00:00.000Z",
        "city": null,
        "region": "Sachsen",
        "country": "DE",
        "road": "Knochenweg",
        "postalcode": "09419"
      }
    },
    {
      "type": "Feature",
      "geometry": {
        "type": "Point",
        "coordinates": [
          6.65538549,
          50.60860062
        ]
      },
      "properties": {
        "netid": "90:35:EA:2A:FE:56",
        "ssid": "24094158",
        "oui": "90:35:EA",
        "channel": 11,
        "encryption": "wpa2",
        "firsttime": "2022-10-21T12:00:00.000Z",
        "lasttime": "2025-06-28T22:00:00.000Z",
        "city": "Mechernich",
        "region": "Nordrhein-Westfalen",
        "country": "DE",
        "road": "St.-Vinzenz-Stra\u00dfe",
        "postalcode": "53894"
      }
    },
    {
      "type": "Feature",
      "geometry": {
        "type": "Point",
        "coordinates": [
          8.89713001,
          51.61867523
        ]
      },
      "properties": {
        "netid": "90:35:EA:2A:FE:58",
        "ssid": "24039766",
        "oui": "90:35:EA",
        "channel": 11,
        "encryption": "wpa2",
        "firsttime": "2024-07-30T07:00:00.000Z",
        "lasttime": "2024-10-21T14:00:00.000Z",
        "city": null,
        "region": "Nordrhein-Westfalen",
        "country": "DE",
        "road": "Driburger Stra\u00dfe",
        "postalcode": "33165"
      }
    },
    {
      "type": "Feature",
      "geometry": {
        "type": "Point",
        "coordinates": [
          7.14824677,
          51.93471146
        ]
      },
      "properties": {
        "netid": "90:35:EA:2A:FE:70",
        "ssid": "24115786",
        "oui": "90:35:EA",
        "channel": 11,
        "encryption": "wpa2",
        "firsttime": "2026-04-22T20:00:00.000Z",
        "lasttime": "2026-04-22T14:00:00.000Z",
        "city": "Coesfeld",
        "region": "Nordrhein-Westfalen",
        "country": "DE",
        "road": "Buddenkamp",
        "postalcode": "48653"
      }
    },
    {
      "type": "Feature",
      "geometry": {
        "type": "Point",
        "coordinates": [
          11.21606731,
          53.44158554
        ]
      },
      "properties": {
        "netid": "90:35:EA:2A:FE:78",
        "ssid": "24109863",
        "oui": "90:35:EA",
        "channel": 11,
        "encryption": "wpa2",
        "firsttime": "2026-01-14T14:00:00.000Z",
        "lasttime": "2026-01-14T07:00:00.000Z",
        "city": null,
        "region": "Mecklenburg-Vorpommern",
        "country": "DE",
        "road": "Sudenhofer Stra\u00dfe",
        "postalcode": "19230"
      }
    },
    {
      "type": "Feature",
      "geometry": {
        "type": "Point",
        "coordinates": [
          6.84508085,
          51.30142593
        ]
      },
      "properties": {
        "netid": "90:35:EA:2A:FE:81",
        "ssid": "24692478",
        "oui": "90:35:EA",
        "channel": 11,
        "encryption": "wpa2",
        "firsttime": "2024-09-22T18:00:00.000Z",
        "lasttime": "2024-09-22T12:00:00.000Z",
        "city": null,
        "region": "Nordrhein-Westfalen",
        "country": "DE",
        "road": "Hauser Ring",
        "postalcode": "40878"
      }
    },
    {
      "type": "Feature",
      "geometry": {
        "type": "Point",
        "coordinates": [
          9.36489391,
          48.64738464
        ]
      },
      "properties": {
        "netid": "90:35:EA:2A:FE:82",
        "ssid": "24115906",
        "oui": "90:35:EA",
        "channel": 11,
        "encryption": "wpa2",
        "firsttime": "2023-04-03T18:00:00.000Z",
        "lasttime": "2024-12-22T07:00:00.000Z",
        "city": "Oberboihingen",
        "region": "Baden-W\u00fcrttemberg",
        "country": "DE",
        "road": "K1200",
        "postalcode": "72644"
      }
    },
    {
      "type": "Feature",
      "geometry": {
        "type": "Point",
        "coordinates": [
          13.78757381,
          47.92667007
        ]
      },
      "properties": {
        "netid": "90:35:EA:2A:FF:18",
        "ssid": "24109873",
        "oui": "90:35:EA",
        "channel": 11,
        "encryption": "wpa2",
        "firsttime": "2022-11-30T19:00:00.000Z",
        "lasttime": "2025-06-25T06:00:00.000Z",
        "city": null,
        "region": "Ober\u00f6sterreich",
        "country": "AT",
        "road": "B145",
        "postalcode": "4810"
      }
    },
    {
      "type": "Feature",
      "geometry": {
        "type": "Point",
        "coordinates": [
          8.24112701,
          50.05767441
        ]
      },
      "properties": {
        "netid": "90:35:EA:2A:FF:2F",
        "ssid": "24109881",
        "oui": "90:35:EA",
        "channel": 11,
        "encryption": "wpa2",
        "firsttime": "2024-12-15T11:00:00.000Z",
        "lasttime": "2024-12-15T06:00:00.000Z",
        "city": "Wiesbaden",
        "region": "Hessen",
        "country": "DE",
        "road": "Gallierweg",
        "postalcode": "65187"
      }
    },
    {
      "type": "Feature",
      "geometry": {
        "type": "Point",
        "coordinates": [
          12.14805222,
          48.55046463
        ]
      },
      "properties": {
        "netid": "90:35:EA:2A:FF:31",
        "ssid": "24190168",
        "oui": "90:35:EA",
        "channel": 11,
        "encryption": "wpa2",
        "firsttime": "2025-01-18T15:00:00.000Z",
        "lasttime": "2026-02-09T09:00:00.000Z",
        "city": null,
        "region": "Bayern",
        "country": "DE",
        "road": "Liebigstra\u00dfe",
        "postalcode": "84030"
      }
    },
    {
      "type": "Feature",
      "geometry": {
        "type": "Point",
        "coordinates": [
          11.39334869,
          50.93648911
        ]
      },
      "properties": {
        "netid": "90:35:EA:2A:FF:39",
        "ssid": "24124956",
        "oui": "90:35:EA",
        "channel": 11,
        "encryption": "wpa2",
        "firsttime": "2024-09-03T17:00:00.000Z",
        "lasttime": "2026-07-18T18:00:00.000Z",
        "city": null,
        "region": "Th\u00fcringen",
        "country": "DE",
        "road": "Umgehungsstra\u00dfe",
        "postalcode": "99441"
      }
    },
    {
      "type": "Feature",
      "geometry": {
        "type": "Point",
        "coordinates": [
          14.24634266,
          47.56187057
        ]
      },
      "properties": {
        "netid": "90:35:EA:2A:FF:3B",
        "ssid": "24124963",
        "oui": "90:35:EA",
        "channel": 11,
        "encryption": "wpa2",
        "firsttime": "2024-08-01T21:00:00.000Z",
        "lasttime": "2026-08-16T11:00:00.000Z",
        "city": null,
        "region": "Steiermark",
        "country": "AT",
        "road": "Ges\u00e4usestra\u00dfe",
        "postalcode": "8940"
      }
    },
    {
      "type": "Feature",
      "geometry": {
        "type": "Point",
        "coordinates": [
          4.85751057,
          51.58969116
        ]
      },
      "properties": {
        "netid": "90:35:EA:2A:FF:49",
        "ssid": "24822104",
        "oui": "90:35:EA",
        "channel": 11,
        "encryption": "wpa2",
        "firsttime": "2025-12-30T10:00:00.000Z",
        "lasttime": "2026-02-22T10:00:00.000Z",
        "city": null,
        "region": "Noord-Brabant",
        "country": "NL",
        "road": "Rijksweg",
        "postalcode": "4849BN"
      }
    },
    {
      "type": "Feature",
      "geometry": {
        "type": "Point",
        "coordinates": [
          20.88763428,
          49.97290421
        ]
      },
      "properties": {
        "netid": "90:35:EA:2A:FF:5E",
        "ssid": "24874560",
        "oui": "90:35:EA",
        "channel": 11,
        "encryption": "wpa2",
        "firsttime": "2024-10-29T11:00:00.000Z",
        "lasttime": "2025-05-11T12:00:00.000Z",
        "city": null,
        "region": "wojew\u00f3dztwo ma\u0142opolskie",
        "country": "PL",
        "road": "Krakowska",
        "postalcode": "33-113"
      }
    },
    {
      "type": "Feature",
      "geometry": {
        "type": "Point",
        "coordinates": [
          8.19789791,
          53.1390419
        ]
      },
      "properties": {
        "netid": "90:35:EA:2A:FF:72",
        "ssid": "24115749",
        "oui": "90:35:EA",
        "channel": 11,
        "encryption": "wpa2",
        "firsttime": "2025-06-30T08:00:00.000Z",
        "lasttime": "2025-07-07T01:00:00.000Z",
        "city": null,
        "region": "Niedersachsen",
        "country": "DE",
        "road": "Tirpitzstra\u00dfe",
        "postalcode": "26122"
      }
    },
    {
      "type": "Feature",
      "geometry": {
        "type": "Point",
        "coordinates": [
          10.02980423,
          53.61600876
        ]
      },
      "properties": {
        "netid": "90:35:EA:2A:FF:84",
        "ssid": "24110093",
        "oui": "90:35:EA",
        "channel": 11,
        "encryption": "wpa2",
        "firsttime": "2022-12-15T05:00:00.000Z",
        "lasttime": "2026-08-03T13:00:00.000Z",
        "city": "Hamburg",
        "region": "Alsterdorf",
        "country": "DE",
        "road": "Alsterdorfer Stra\u00dfe",
        "postalcode": "22337"
      }
    },
    {
      "type": "Feature",
      "geometry": {
        "type": "Point",
        "coordinates": [
          9.96421242,
          48.39416122
        ]
      },
      "properties": {
        "netid": "90:35:EA:2A:FF:8A",
        "ssid": "24115895",
        "oui": "90:35:EA",
        "channel": 11,
        "encryption": "wpa2",
        "firsttime": "2023-10-01T05:00:00.000Z",
        "lasttime": "2025-02-11T12:00:00.000Z",
        "city": "Ulm",
        "region": "Baden-W\u00fcrttemberg",
        "country": "DE",
        "road": "Magirusstra\u00dfe",
        "postalcode": "89077"
      }
    },
    {
      "type": "Feature",
      "geometry": {
        "type": "Point",
        "coordinates": [
          4.48788691,
          50.87398148
        ]
      },
      "properties": {
        "netid": "90:35:EA:2A:FF:90",
        "ssid": "24117204",
        "oui": "90:35:EA",
        "channel": 11,
        "encryption": "wpa2",
        "firsttime": "2025-07-28T10:00:00.000Z",
        "lasttime": "2025-07-28T03:00:00.000Z",
        "city": null,
        "region": "Vlaams-Brabant",
        "country": "BE",
        "road": "Leuvensesteenweg",
        "postalcode": "1930"
      }
    },
    {
      "type": "Feature",
      "geometry": {
        "type": "Point",
        "coordinates": [
          10.16725349,
          46.21663666
        ]
      },
      "properties": {
        "netid": "90:35:EA:2A:FF:9D",
        "ssid": "24117218",
        "oui": "90:35:EA",
        "channel": 11,
        "encryption": "wpa2",
        "firsttime": "2024-10-24T10:00:00.000Z",
        "lasttime": "2024-10-25T11:00:00.000Z",
        "city": null,
        "region": "Lombardia",
        "country": "IT",
        "road": "Via Pedrotti",
        "postalcode": "23037"
      }
    },
    {
      "type": "Feature",
      "geometry": {
        "type": "Point",
        "coordinates": [
          5.68073463,
          52.04433441
        ]
      },
      "properties": {
        "netid": "90:35:EA:2A:FF:AB",
        "ssid": "24117207",
        "oui": "90:35:EA",
        "channel": 11,
        "encryption": "wpa2",
        "firsttime": "2026-02-25T14:00:00.000Z",
        "lasttime": "2026-02-25T07:00:00.000Z",
        "city": "Ede",
        "region": "Gelderland",
        "country": "NL",
        "road": "Van Okeghemlaan",
        "postalcode": "6711EC"
      }
    },
    {
      "type": "Feature",
      "geometry": {
        "type": "Point",
        "coordinates": [
          11.15998268,
          47.83994293
        ]
      },
      "properties": {
        "netid": "90:35:EA:2A:FF:B4",
        "ssid": "24117085",
        "oui": "90:35:EA",
        "channel": 11,
        "encryption": "wpa2",
        "firsttime": "2025-09-09T16:00:00.000Z",
        "lasttime": "2026-08-11T10:00:00.000Z",
        "city": null,
        "region": "Bayern",
        "country": "DE",
        "road": "Hans-Korntheuer-Stra\u00dfe",
        "postalcode": "82362"
      }
    },
    {
      "type": "Feature",
      "geometry": {
        "type": "Point",
        "coordinates": [
          4.49274254,
          50.87501144
        ]
      },
      "properties": {
        "netid": "90:35:EA:2A:FF:BF",
        "ssid": "24117210",
        "oui": "90:35:EA",
        "channel": 11,
        "encryption": "wpa2",
        "firsttime": "2025-03-30T08:00:00.000Z",
        "lasttime": "2025-03-30T02:00:00.000Z",
        "city": null,
        "region": "Vlaams-Brabant",
        "country": "BE",
        "road": "Leuvensesteenweg",
        "postalcode": "1930"
      }
    },
    {
      "type": "Feature",
      "geometry": {
        "type": "Point",
        "coordinates": [
          7.59167767,
          51.44861603
        ]
      },
      "properties": {
        "netid": "90:35:EA:2A:FF:C1",
        "ssid": "24136007",
        "oui": "90:35:EA",
        "channel": 11,
        "encryption": "wpa2",
        "firsttime": "2024-12-20T14:00:00.000Z",
        "lasttime": "2025-01-07T14:00:00.000Z",
        "city": null,
        "region": "Nordrhein-Westfalen",
        "country": "DE",
        "road": "Gr\u00fcnstra\u00dfe",
        "postalcode": "58239"
      }
    },
    {
      "type": "Feature",
      "geometry": {
        "type": "Point",
        "coordinates": [
          9.74820614,
          47.92271423
        ]
      },
      "properties": {
        "netid": "90:35:EA:2A:FF:CE",
        "ssid": "24052491",
        "oui": "90:35:EA",
        "channel": 11,
        "encryption": "wpa2",
        "firsttime": "2025-05-10T15:00:00.000Z",
        "lasttime": "2026-06-13T09:00:00.000Z",
        "city": null,
        "region": "Baden-W\u00fcrttemberg",
        "country": "DE",
        "road": "Br\u00fchlweg",
        "postalcode": "88339"
      }
    },
    {
      "type": "Feature",
      "geometry": {
        "type": "Point",
        "coordinates": [
          7.37704039,
          52.12294769
        ]
      },
      "properties": {
        "netid": "90:35:EA:2A:FF:D6",
        "ssid": "24052526",
        "oui": "90:35:EA",
        "channel": 11,
        "encryption": "wpa2",
        "firsttime": "2023-04-30T12:00:00.000Z",
        "lasttime": "2025-03-08T03:00:00.000Z",
        "city": null,
        "region": "Nordrhein-Westfalen",
        "country": "DE",
        "road": "Klosterstra\u00dfe",
        "postalcode": "48565"
      }
    },
    {
      "type": "Feature",
      "geometry": {
        "type": "Point",
        "coordinates": [
          8.90671539,
          53.10112762
        ]
      },
      "properties": {
        "netid": "90:35:EA:2B:00:68",
        "ssid": "24143517",
        "oui": "90:35:EA",
        "channel": 11,
        "encryption": "wpa2",
        "firsttime": "2025-04-05T18:00:00.000Z",
        "lasttime": "2026-01-13T13:00:00.000Z",
        "city": "Bremen",
        "region": "Bremen",
        "country": "DE",
        "road": "Oberneulander Heerstra\u00dfe",
        "postalcode": "28355"
      }
    },
    {
      "type": "Feature",
      "geometry": {
        "type": "Point",
        "coordinates": [
          8.64332962,
          49.29518509
        ]
      },
      "properties": {
        "netid": "90:35:EA:2B:00:75",
        "ssid": "24479145",
        "oui": "90:35:EA",
        "channel": 11,
        "encryption": "wpa2",
        "firsttime": "2024-03-12T06:00:00.000Z",
        "lasttime": "2026-08-20T06:00:00.000Z",
        "city": null,
        "region": "Baden-W\u00fcrttemberg",
        "country": "DE",
        "road": "Hasso-Plattner-Ring",
        "postalcode": "69190"
      }
    },
    {
      "type": "Feature",
      "geometry": {
        "type": "Point",
        "coordinates": [
          11.58259583,
          50.80696106
        ]
      },
      "properties": {
        "netid": "90:35:EA:2B:00:88",
        "ssid": "24479151",
        "oui": "90:35:EA",
        "channel": 11,
        "encryption": "wpa2",
        "firsttime": "2024-09-15T17:00:00.000Z",
        "lasttime": "2024-10-23T13:00:00.000Z",
        "city": null,
        "region": "Th\u00fcringen",
        "country": "DE",
        "road": "Moskauer Stra\u00dfe",
        "postalcode": "07768"
      }
    },
    {
      "type": "Feature",
      "geometry": {
        "type": "Point",
        "coordinates": [
          5.59838486,
          51.60246658
        ]
      },
      "properties": {
        "netid": "90:35:EA:2B:00:E1",
        "ssid": "24874600",
        "oui": "90:35:EA",
        "channel": 11,
        "encryption": "wpa2",
        "firsttime": "2026-07-04T11:00:00.000Z",
        "lasttime": "2026-07-07T17:00:00.000Z",
        "city": null,
        "region": "Noord-Brabant",
        "country": "NL",
        "road": "Veghelsedijk",
        "postalcode": "5469"
      }
    },
    {
      "type": "Feature",
      "geometry": {
        "type": "Point",
        "coordinates": [
          8.31272793,
          48.9751358
        ]
      },
      "properties": {
        "netid": "90:35:EA:2B:00:EE",
        "ssid": "24660245",
        "oui": "90:35:EA",
        "channel": 11,
        "encryption": "wpa2",
        "firsttime": "2026-05-24T14:00:00.000Z",
        "lasttime": "2026-06-23T08:00:00.000Z",
        "city": null,
        "region": "Baden-W\u00fcrttemberg",
        "country": "DE",
        "road": "Karlsruher Stra\u00dfe",
        "postalcode": "76287"
      }
    },
    {
      "type": "Feature",
      "geometry": {
        "type": "Point",
        "coordinates": [
          6.68985224,
          51.16786575
        ]
      },
      "properties": {
        "netid": "90:35:EA:2B:00:F7",
        "ssid": "24847925",
        "oui": "90:35:EA",
        "channel": 11,
        "encryption": "wpa2",
        "firsttime": "2026-03-31T11:00:00.000Z",
        "lasttime": "2026-03-31T05:00:00.000Z",
        "city": "Neuss",
        "region": "Nordrhein-Westfalen",
        "country": "DE",
        "road": "Mohnstra\u00dfe",
        "postalcode": "41466"
      }
    },
    {
      "type": "Feature",
      "geometry": {
        "type": "Point",
        "coordinates": [
          6.70331192,
          51.43046188
        ]
      },
      "properties": {
        "netid": "90:35:EA:2B:00:F9",
        "ssid": "24339224",
        "oui": "90:35:EA",
        "channel": 11,
        "encryption": "wpa2",
        "firsttime": "2025-03-24T05:00:00.000Z",
        "lasttime": "2025-03-24T10:00:00.000Z",
        "city": "Duisburg",
        "region": "Nordrhein-Westfalen",
        "country": "DE",
        "road": "Dr.-Detlev-Karsten-Rohwedder-Stra\u00dfe",
        "postalcode": "47228"
      }
    },
    {
      "type": "Feature",
      "geometry": {
        "type": "Point",
        "coordinates": [
          5.03164673,
          51.08023071
        ]
      },
      "properties": {
        "netid": "90:35:EA:2B:01:00",
        "ssid": "24874579",
        "oui": "90:35:EA",
        "channel": 11,
        "encryption": "wpa2",
        "firsttime": "2025-05-16T16:00:00.000Z",
        "lasttime": "2025-05-16T09:00:00.000Z",
        "city": null,
        "region": "Antwerpen",
        "country": "BE",
        "road": "Smissestraat",
        "postalcode": "2430"
      }
    },
    {
      "type": "Feature",
      "geometry": {
        "type": "Point",
        "coordinates": [
          4.32588577,
          43.80416107
        ]
      },
      "properties": {
        "netid": "90:35:EA:2B:01:13",
        "ssid": "24339086",
        "oui": "90:35:EA",
        "channel": 11,
        "encryption": "wpa2",
        "firsttime": "2023-06-23T19:00:00.000Z",
        "lasttime": "2026-08-15T07:00:00.000Z",
        "city": null,
        "region": "Occitanie",
        "country": "FR",
        "road": "La Languedocienne",
        "postalcode": "30540"
      }
    },
    {
      "type": "Feature",
      "geometry": {
        "type": "Point",
        "coordinates": [
          4.83304119,
          45.26765823
        ]
      },
      "properties": {
        "netid": "90:35:EA:2B:01:23",
        "ssid": "24103870",
        "oui": "90:35:EA",
        "channel": 11,
        "encryption": "wpa2",
        "firsttime": "2003-03-10T22:00:00.000Z",
        "lasttime": "2025-02-02T10:00:00.000Z",
        "city": null,
        "region": "Auvergne-Rh\u00f4ne-Alpes",
        "country": "FR",
        "road": "Route de la Valloire",
        "postalcode": "26140"
      }
    },
    {
      "type": "Feature",
      "geometry": {
        "type": "Point",
        "coordinates": [
          4.79309702,
          45.35746384
        ]
      },
      "properties": {
        "netid": "90:35:EA:2B:01:28",
        "ssid": "24109883",
        "oui": "90:35:EA",
        "channel": 11,
        "encryption": "wpa2",
        "firsttime": "2026-02-14T10:00:00.000Z",
        "lasttime": "2026-02-14T13:00:00.000Z",
        "city": null,
        "region": "Auvergne-Rh\u00f4ne-Alpes",
        "country": "FR",
        "road": "Route de Sablons",
        "postalcode": "38550"
      }
    },
    {
      "type": "Feature",
      "geometry": {
        "type": "Point",
        "coordinates": [
          8.84547234,
          53.1084137
        ]
      },
      "properties": {
        "netid": "90:35:EA:2B:01:68",
        "ssid": "24077384",
        "oui": "90:35:EA",
        "channel": 11,
        "encryption": "wpa2",
        "firsttime": "2025-09-20T07:00:00.000Z",
        "lasttime": "2025-09-21T10:00:00.000Z",
        "city": "Bremen",
        "region": "Bremen",
        "country": "DE",
        "road": "Fahrenheitstra\u00dfe",
        "postalcode": "28359"
      }
    },
    {
      "type": "Feature",
      "geometry": {
        "type": "Point",
        "coordinates": [
          13.10687351,
          48.66354752
        ]
      },
      "properties": {
        "netid": "90:35:EA:2B:01:97",
        "ssid": "24190159",
        "oui": "90:35:EA",
        "channel": 11,
        "encryption": "wpa2",
        "firsttime": "2024-08-19T09:00:00.000Z",
        "lasttime": "2026-08-18T04:00:00.000Z",
        "city": "Vilshofen an der Donau",
        "region": "Bayern",
        "country": "DE",
        "road": "B 8",
        "postalcode": "94474"
      }
    },
    {
      "type": "Feature",
      "geometry": {
        "type": "Point",
        "coordinates": [
          12.60879898,
          48.88340378
        ]
      },
      "properties": {
        "netid": "90:35:EA:2B:01:BC",
        "ssid": "24329372",
        "oui": "90:35:EA",
        "channel": 11,
        "encryption": "wpa2",
        "firsttime": "2023-12-03T13:00:00.000Z",
        "lasttime": "2026-08-03T15:00:00.000Z",
        "city": null,
        "region": "Bayern",
        "country": "DE",
        "road": "McDrive",
        "postalcode": "94315"
      }
    },
    {
      "type": "Feature",
      "geometry": {
        "type": "Point",
        "coordinates": [
          6.7657485,
          51.44842148
        ]
      },
      "properties": {
        "netid": "90:35:EA:2B:01:C8",
        "ssid": "24052601",
        "oui": "90:35:EA",
        "channel": 11,
        "encryption": "wpa2",
        "firsttime": "2025-04-12T09:00:00.000Z",
        "lasttime": "2025-04-12T03:00:00.000Z",
        "city": "Duisburg",
        "region": "Nordrhein-Westfalen",
        "country": "DE",
        "road": "Pontwert",
        "postalcode": "47059"
      }
    },
    {
      "type": "Feature",
      "geometry": {
        "type": "Point",
        "coordinates": [
          9.30935764,
          48.74311066
        ]
      },
      "properties": {
        "netid": "90:35:EA:2B:01:F8",
        "ssid": "LS_Augustinerstr",
        "oui": "90:35:EA",
        "channel": 11,
        "encryption": "wpa2",
        "firsttime": "2023-05-24T16:00:00.000Z",
        "lasttime": "2025-12-22T04:00:00.000Z",
        "city": null,
        "region": "Baden-W\u00fcrttemberg",
        "country": "DE",
        "road": "Augustinerstra\u00dfe",
        "postalcode": "73728"
      }
    },
    {
      "type": "Feature",
      "geometry": {
        "type": "Point",
        "coordinates": [
          8.64270401,
          49.29581451
        ]
      },
      "properties": {
        "netid": "90:35:EA:2B:02:04",
        "ssid": "24117778",
        "oui": "90:35:EA",
        "channel": 11,
        "encryption": "wpa2",
        "firsttime": "2024-03-12T06:00:00.000Z",
        "lasttime": "2026-02-12T08:00:00.000Z",
        "city": null,
        "region": "Baden-W\u00fcrttemberg",
        "country": "DE",
        "road": null,
        "postalcode": "69190"
      }
    },
    {
      "type": "Feature",
      "geometry": {
        "type": "Point",
        "coordinates": [
          -1.76388741,
          48.14793396
        ]
      },
      "properties": {
        "netid": "90:35:EA:2B:02:17",
        "ssid": "24338572",
        "oui": "90:35:EA",
        "channel": 11,
        "encryption": "wpa2",
        "firsttime": "2025-11-11T15:00:00.000Z",
        "lasttime": "2025-11-11T10:00:00.000Z",
        "city": null,
        "region": "Bretagne",
        "country": "FR",
        "road": "Boulevard Patrice Dumaine de la Josserie",
        "postalcode": "35740"
      }
    },
    {
      "type": "Feature",
      "geometry": {
        "type": "Point",
        "coordinates": [
          8.64307308,
          49.29513931
        ]
      },
      "properties": {
        "netid": "90:35:EA:2B:02:25",
        "ssid": "24117767",
        "oui": "90:35:EA",
        "channel": 11,
        "encryption": "wpa2",
        "firsttime": "2024-02-13T12:00:00.000Z",
        "lasttime": "2026-08-20T06:00:00.000Z",
        "city": null,
        "region": "Baden-W\u00fcrttemberg",
        "country": "DE",
        "road": "Hasso-Plattner-Ring",
        "postalcode": "69190"
      }
    },
    {
      "type": "Feature",
      "geometry": {
        "type": "Point",
        "coordinates": [
          16.3402977,
          48.21364975
        ]
      },
      "properties": {
        "netid": "90:35:EA:2B:02:2A",
        "ssid": "24117766",
        "oui": "90:35:EA",
        "channel": 11,
        "encryption": "wpa2",
        "firsttime": "2023-03-19T22:00:00.000Z",
        "lasttime": "2026-08-19T15:00:00.000Z",
        "city": "Wien",
        "region": "Breitenfeld",
        "country": "AT",
        "road": "Hernalser G\u00fcrtel",
        "postalcode": "1080"
      }
    },
    {
      "type": "Feature",
      "geometry": {
        "type": "Point",
        "coordinates": [
          -1.46924949,
          47.27482224
        ]
      },
      "properties": {
        "netid": "90:35:EA:2B:02:34",
        "ssid": "24339089",
        "oui": "90:35:EA",
        "channel": 11,
        "encryption": "wpa2",
        "firsttime": "2026-04-16T07:00:00.000Z",
        "lasttime": "2026-04-16T01:00:00.000Z",
        "city": null,
        "region": "Pays de la Loire",
        "country": "FR",
        "road": "M 723",
        "postalcode": "44980"
      }
    },
    {
      "type": "Feature",
      "geometry": {
        "type": "Point",
        "coordinates": [
          8.64317799,
          49.29503632
        ]
      },
      "properties": {
        "netid": "90:35:EA:2B:02:36",
        "ssid": "24117773",
        "oui": "90:35:EA",
        "channel": 11,
        "encryption": "wpa2",
        "firsttime": "2024-02-13T12:00:00.000Z",
        "lasttime": "2026-08-20T06:00:00.000Z",
        "city": null,
        "region": "Baden-W\u00fcrttemberg",
        "country": "DE",
        "road": "Hasso-Plattner-Ring",
        "postalcode": "69190"
      }
    },
    {
      "type": "Feature",
      "geometry": {
        "type": "Point",
        "coordinates": [
          15.84570694,
          46.95467377
        ]
      },
      "properties": {
        "netid": "90:35:EA:2B:02:39",
        "ssid": "24339133",
        "oui": "90:35:EA",
        "channel": 11,
        "encryption": "wpa2",
        "firsttime": "2024-04-26T06:00:00.000Z",
        "lasttime": "2024-10-15T23:00:00.000Z",
        "city": null,
        "region": "Steiermark",
        "country": "AT",
        "road": "Berndorferstra\u00dfe",
        "postalcode": "8341"
      }
    },
    {
      "type": "Feature",
      "geometry": {
        "type": "Point",
        "coordinates": [
          4.33056259,
          45.396492
        ]
      },
      "properties": {
        "netid": "90:35:EA:2B:02:3E",
        "ssid": "24339095",
        "oui": "90:35:EA",
        "channel": 11,
        "encryption": "wpa2",
        "firsttime": "2024-08-24T09:00:00.000Z",
        "lasttime": "2024-10-13T09:00:00.000Z",
        "city": null,
        "region": "Auvergne-Rh\u00f4ne-Alpes",
        "country": "FR",
        "road": "Rue Jules Michelet",
        "postalcode": "42500"
      }
    },
    {
      "type": "Feature",
      "geometry": {
        "type": "Point",
        "coordinates": [
          6.13835096,
          46.35621262
        ]
      },
      "properties": {
        "netid": "90:35:EA:2B:02:49",
        "ssid": "24109884",
        "oui": "90:35:EA",
        "channel": 11,
        "encryption": "wpa2",
        "firsttime": "2025-11-27T16:00:00.000Z",
        "lasttime": "2025-12-28T06:00:00.000Z",
        "city": "Divonne-les-Bains",
        "region": "Auvergne-Rh\u00f4ne-Alpes",
        "country": "FR",
        "road": "Rue Fontaine",
        "postalcode": "01220"
      }
    },
    {
      "type": "Feature",
      "geometry": {
        "type": "Point",
        "coordinates": [
          13.84143257,
          50.98221207
        ]
      },
      "properties": {
        "netid": "90:35:EA:2B:02:4C",
        "ssid": "24029777",
        "oui": "90:35:EA",
        "channel": 11,
        "encryption": "wpa2",
        "firsttime": "2024-02-22T19:00:00.000Z",
        "lasttime": "2025-08-03T14:00:00.000Z",
        "city": null,
        "region": "Sachsen",
        "country": "DE",
        "road": "Gro\u00dflugaer Stra\u00dfe",
        "postalcode": "01809"
      }
    },
    {
      "type": "Feature",
      "geometry": {
        "type": "Point",
        "coordinates": [
          16.21091461,
          47.27937317
        ]
      },
      "properties": {
        "netid": "90:35:EA:2B:02:4D",
        "ssid": "24190195",
        "oui": "90:35:EA",
        "channel": 11,
        "encryption": "wpa2",
        "firsttime": "2026-01-02T11:00:00.000Z",
        "lasttime": "2026-01-02T04:00:00.000Z",
        "city": null,
        "region": "Burgenland",
        "country": "AT",
        "road": "Messel\u00e4nde",
        "postalcode": "7400"
      }
    },
    {
      "type": "Feature",
      "geometry": {
        "type": "Point",
        "coordinates": [
          10.43637276,
          48.43436813
        ]
      },
      "properties": {
        "netid": "90:35:EA:2B:02:5B",
        "ssid": "24029745",
        "oui": "90:35:EA",
        "channel": 11,
        "encryption": "wpa2",
        "firsttime": "2025-10-25T06:00:00.000Z",
        "lasttime": "2026-04-22T17:00:00.000Z",
        "city": null,
        "region": "Bayern",
        "country": "DE",
        "road": "St 2025",
        "postalcode": "89356"
      }
    },
    {
      "type": "Feature",
      "geometry": {
        "type": "Point",
        "coordinates": [
          6.27349758,
          51.13669205
        ]
      },
      "properties": {
        "netid": "90:35:EA:2B:02:C7",
        "ssid": "24117265",
        "oui": "90:35:EA",
        "channel": 11,
        "encryption": "wpa2",
        "firsttime": "2026-04-07T05:00:00.000Z",
        "lasttime": "2026-04-20T10:00:00.000Z",
        "city": null,
        "region": "Nordrhein-Westfalen",
        "country": "DE",
        "road": "T\u00fcschenbroicher Stra\u00dfe",
        "postalcode": "41844"
      }
    },
    {
      "type": "Feature",
      "geometry": {
        "type": "Point",
        "coordinates": [
          7.85953283,
          48.01007843
        ]
      },
      "properties": {
        "netid": "90:35:EA:2B:02:EB",
        "ssid": "24117174",
        "oui": "90:35:EA",
        "channel": 11,
        "encryption": "wpa2",
        "firsttime": "2026-04-03T16:00:00.000Z",
        "lasttime": "2026-04-03T09:00:00.000Z",
        "city": "Freiburg im Breisgau",
        "region": "Baden-W\u00fcrttemberg",
        "country": "DE",
        "road": "Brahmsstra\u00dfe",
        "postalcode": "79104"
      }
    },
    {
      "type": "Feature",
      "geometry": {
        "type": "Point",
        "coordinates": [
          6.94825363,
          46.24980545
        ]
      },
      "properties": {
        "netid": "90:35:EA:2B:02:ED",
        "ssid": "24117128",
        "oui": "90:35:EA",
        "channel": 11,
        "encryption": "wpa2",
        "firsttime": "2025-08-03T13:00:00.000Z",
        "lasttime": "2025-11-11T14:00:00.000Z",
        "city": "Monthey",
        "region": "Valais/Wallis",
        "country": "CH",
        "road": null,
        "postalcode": "1870"
      }
    },
    {
      "type": "Feature",
      "geometry": {
        "type": "Point",
        "coordinates": [
          18.44876099,
          54.45621109
        ]
      },
      "properties": {
        "netid": "90:35:EA:2B:02:EF",
        "ssid": "24117232",
        "oui": "90:35:EA",
        "channel": 11,
        "encryption": "wpa2",
        "firsttime": "2024-03-23T14:00:00.000Z",
        "lasttime": "2026-08-13T13:00:00.000Z",
        "city": "Gdynia",
        "region": "wojew\u00f3dztwo pomorskie",
        "country": "PL",
        "road": "Trasa Kaszubska",
        "postalcode": "81-571"
      }
    },
    {
      "type": "Feature",
      "geometry": {
        "type": "Point",
        "coordinates": [
          11.11500454,
          47.48827362
        ]
      },
      "properties": {
        "netid": "90:35:EA:2B:03:08",
        "ssid": "24117132",
        "oui": "90:35:EA",
        "channel": 11,
        "encryption": "wpa2",
        "firsttime": "2024-05-12T14:00:00.000Z",
        "lasttime": "2026-07-24T09:00:00.000Z",
        "city": null,
        "region": "Bayern",
        "country": "DE",
        "road": "Mittenwalder Stra\u00dfe",
        "postalcode": "82467"
      }
    },
    {
      "type": "Feature",
      "geometry": {
        "type": "Point",
        "coordinates": [
          9.73055935,
          47.395298
        ]
      },
      "properties": {
        "netid": "90:35:EA:2B:03:09",
        "ssid": "24117226",
        "oui": "90:35:EA",
        "channel": 11,
        "encryption": "wpa2",
        "firsttime": "2023-11-21T15:00:00.000Z",
        "lasttime": "2024-12-28T12:00:00.000Z",
        "city": "Stadt Dornbirn",
        "region": "Vorarlberg",
        "country": "AT",
        "road": "Wallenmahd",
        "postalcode": "6850"
      }
    },
    {
      "type": "Feature",
      "geometry": {
        "type": "Point",
        "coordinates": [
          4.37328148,
          52.07248688
        ]
      },
      "properties": {
        "netid": "90:35:EA:2B:03:61",
        "ssid": "24117000",
        "oui": "90:35:EA",
        "channel": 11,
        "encryption": "wpa2",
        "firsttime": "2026-03-07T11:00:00.000Z",
        "lasttime": "2026-04-07T04:00:00.000Z",
        "city": null,
        "region": "Zuid-Holland",
        "country": "NL",
        "road": "Oranje Nassaustraat",
        "postalcode": "2271SJ"
      }
    },
    {
      "type": "Feature",
      "geometry": {
        "type": "Point",
        "coordinates": [
          19.85640907,
          41.28292084
        ]
      },
      "properties": {
        "netid": "90:35:EA:2B:03:6C",
        "ssid": "24136737",
        "oui": "90:35:EA",
        "channel": 11,
        "encryption": "wpa2",
        "firsttime": "2026-07-29T08:00:00.000Z",
        "lasttime": "2026-07-29T03:00:00.000Z",
        "city": "Bashkia Tiran\u00eb",
        "region": "Shqip\u00ebria Qendrore",
        "country": "AL",
        "road": "SH3",
        "postalcode": "1000"
      }
    },
    {
      "type": "Feature",
      "geometry": {
        "type": "Point",
        "coordinates": [
          10.13403606,
          54.3055687
        ]
      },
      "properties": {
        "netid": "90:35:EA:2B:03:6E",
        "ssid": "24147702",
        "oui": "90:35:EA",
        "channel": 11,
        "encryption": "wpa2",
        "firsttime": "2024-04-07T12:00:00.000Z",
        "lasttime": "2025-01-31T23:00:00.000Z",
        "city": "Kiel",
        "region": "Schleswig-Holstein",
        "country": "DE",
        "road": "Bahnhofstra\u00dfe",
        "postalcode": "24143"
      }
    },
    {
      "type": "Feature",
      "geometry": {
        "type": "Point",
        "coordinates": [
          8.80922318,
          50.05995178
        ]
      },
      "properties": {
        "netid": "90:35:EA:2B:03:7B",
        "ssid": "24135874",
        "oui": "90:35:EA",
        "channel": 11,
        "encryption": "wpa2",
        "firsttime": "2024-03-02T09:00:00.000Z",
        "lasttime": "2026-01-16T11:00:00.000Z",
        "city": null,
        "region": "Hessen",
        "country": "DE",
        "road": "Wiesenbornweg",
        "postalcode": "63150"
      }
    },
    {
      "type": "Feature",
      "geometry": {
        "type": "Point",
        "coordinates": [
          10.69417286,
          53.90851974
        ]
      },
      "properties": {
        "netid": "90:35:EA:2B:03:80",
        "ssid": "24135866",
        "oui": "90:35:EA",
        "channel": 11,
        "encryption": "wpa2",
        "firsttime": "2025-07-01T12:00:00.000Z",
        "lasttime": "2026-03-23T20:00:00.000Z",
        "city": null,
        "region": "Schleswig-Holstein",
        "country": "DE",
        "road": "A 1",
        "postalcode": "23611"
      }
    },
    {
      "type": "Feature",
      "geometry": {
        "type": "Point",
        "coordinates": [
          10.04830837,
          54.30321884
        ]
      },
      "properties": {
        "netid": "90:35:EA:2B:03:82",
        "ssid": "24135877",
        "oui": "90:35:EA",
        "channel": 11,
        "encryption": "wpa2",
        "firsttime": "2024-10-05T16:00:00.000Z",
        "lasttime": "2025-10-05T09:00:00.000Z",
        "city": "Kiel",
        "region": "Schleswig-Holstein",
        "country": "DE",
        "road": "Rendsburger Landstra\u00dfe",
        "postalcode": "24111"
      }
    },
    {
      "type": "Feature",
      "geometry": {
        "type": "Point",
        "coordinates": [
          13.39834976,
          52.36576843
        ]
      },
      "properties": {
        "netid": "90:35:EA:2B:03:8B",
        "ssid": "24117142",
        "oui": "90:35:EA",
        "channel": 11,
        "encryption": "wpa2",
        "firsttime": "2024-07-31T17:00:00.000Z",
        "lasttime": "2025-10-08T11:00:00.000Z",
        "city": null,
        "region": "Brandenburg",
        "country": "DE",
        "road": "Berliner Stra\u00dfe",
        "postalcode": "15831"
      }
    },
    {
      "type": "Feature",
      "geometry": {
        "type": "Point",
        "coordinates": [
          8.79182816,
          54.30338669
        ]
      },
      "properties": {
        "netid": "90:35:EA:2B:03:98",
        "ssid": "24135868",
        "oui": "90:35:EA",
        "channel": 11,
        "encryption": "wpa2",
        "firsttime": "2024-11-12T08:00:00.000Z",
        "lasttime": "2024-11-12T02:00:00.000Z",
        "city": null,
        "region": "Schleswig-Holstein",
        "country": "DE",
        "road": "Dorfstra\u00dfe",
        "postalcode": "25836"
      }
    },
    {
      "type": "Feature",
      "geometry": {
        "type": "Point",
        "coordinates": [
          7.00238895,
          51.45285416
        ]
      },
      "properties": {
        "netid": "90:35:EA:2B:03:AD",
        "ssid": "24115809",
        "oui": "90:35:EA",
        "channel": 11,
        "encryption": "wpa2",
        "firsttime": "2023-11-14T03:00:00.000Z",
        "lasttime": "2025-09-11T01:00:00.000Z",
        "city": "Essen",
        "region": "Nordrhein-Westfalen",
        "country": "DE",
        "road": "Lazarettstra\u00dfe",
        "postalcode": "45127"
      }
    },
    {
      "type": "Feature",
      "geometry": {
        "type": "Point",
        "coordinates": [
          10.07495308,
          54.30633163
        ]
      },
      "properties": {
        "netid": "90:35:EA:2B:03:B4",
        "ssid": "24137153",
        "oui": "90:35:EA",
        "channel": 11,
        "encryption": "wpa2",
        "firsttime": "2025-05-03T12:00:00.000Z",
        "lasttime": "2025-05-03T06:00:00.000Z",
        "city": "Kiel",
        "region": "Schleswig-Holstein",
        "country": "DE",
        "road": "Wannseebogen",
        "postalcode": "24111"
      }
    },
    {
      "type": "Feature",
      "geometry": {
        "type": "Point",
        "coordinates": [
          9.1689043,
          52.19837189
        ]
      },
      "properties": {
        "netid": "90:35:EA:2B:03:B8",
        "ssid": "24137146",
        "oui": "90:35:EA",
        "channel": 11,
        "encryption": "wpa2",
        "firsttime": "2023-08-20T16:00:00.000Z",
        "lasttime": "2025-10-05T03:00:00.000Z",
        "city": null,
        "region": "Niedersachsen",
        "country": "DE",
        "road": "Alte Heerstra\u00dfe",
        "postalcode": "31737"
      }
    },
    {
      "type": "Feature",
      "geometry": {
        "type": "Point",
        "coordinates": [
          7.57917929,
          51.56066513
        ]
      },
      "properties": {
        "netid": "90:35:EA:2B:03:F3",
        "ssid": "23398409",
        "oui": "90:35:EA",
        "channel": 11,
        "encryption": "wpa2",
        "firsttime": "2024-11-01T12:00:00.000Z",
        "lasttime": "2025-10-26T11:00:00.000Z",
        "city": "Dortmund",
        "region": "Nordrhein-Westfalen",
        "country": "DE",
        "road": "Kurler Stra\u00dfe",
        "postalcode": "44329"
      }
    },
    {
      "type": "Feature",
      "geometry": {
        "type": "Point",
        "coordinates": [
          6.35097551,
          50.68593597
        ]
      },
      "properties": {
        "netid": "90:35:EA:2B:03:F5",
        "ssid": "23419592",
        "oui": "90:35:EA",
        "channel": 11,
        "encryption": "wpa2",
        "firsttime": "2026-05-24T18:00:00.000Z",
        "lasttime": "2026-05-25T01:00:00.000Z",
        "city": "H\u00fcrtgenwald",
        "region": "Nordrhein-Westfalen",
        "country": "DE",
        "road": "Germeter",
        "postalcode": "52393"
      }
    },
    {
      "type": "Feature",
      "geometry": {
        "type": "Point",
        "coordinates": [
          10.734828,
          52.40672684
        ]
      },
      "properties": {
        "netid": "90:35:EA:2B:03:F6",
        "ssid": "23419569",
        "oui": "90:35:EA",
        "channel": 11,
        "encryption": "wpa2",
        "firsttime": "2024-02-11T21:00:00.000Z",
        "lasttime": "2026-07-21T10:00:00.000Z",
        "city": "Wolfsburg",
        "region": "Niedersachsen",
        "country": "DE",
        "road": "Dresdener Ring",
        "postalcode": "38444"
      }
    },
    {
      "type": "Feature",
      "geometry": {
        "type": "Point",
        "coordinates": [
          9.71913624,
          52.37854385
        ]
      },
      "properties": {
        "netid": "90:35:EA:2B:03:FE",
        "ssid": "23472537",
        "oui": "90:35:EA",
        "channel": 11,
        "encryption": "wpa2",
        "firsttime": "2023-09-01T12:00:00.000Z",
        "lasttime": "2026-06-28T10:00:00.000Z",
        "city": "Hannover",
        "region": "Niedersachsen",
        "country": "DE",
        "road": "Fischerstra\u00dfe",
        "postalcode": "30167"
      }
    },
    {
      "type": "Feature",
      "geometry": {
        "type": "Point",
        "coordinates": [
          8.92091274,
          53.04111481
        ]
      },
      "properties": {
        "netid": "90:35:EA:2B:04:68",
        "ssid": "24504635",
        "oui": "90:35:EA",
        "channel": 11,
        "encryption": "wpa2",
        "firsttime": "2024-02-03T09:00:00.000Z",
        "lasttime": "2025-11-16T13:00:00.000Z",
        "city": "Bremen",
        "region": "Bremen",
        "country": "DE",
        "road": "Colshornstra\u00dfe",
        "postalcode": "28307"
      }
    },
    {
      "type": "Feature",
      "geometry": {
        "type": "Point",
        "coordinates": [
          12.15771198,
          47.58717346
        ]
      },
      "properties": {
        "netid": "90:35:EA:2B:04:D9",
        "ssid": "24516906",
        "oui": "90:35:EA",
        "channel": 11,
        "encryption": "wpa2",
        "firsttime": "2026-02-22T05:00:00.000Z",
        "lasttime": "2026-04-06T10:00:00.000Z",
        "city": null,
        "region": "Tirol",
        "country": "AT",
        "road": "Inntal Autobahn",
        "postalcode": "6330"
      }
    },
    {
      "type": "Feature",
      "geometry": {
        "type": "Point",
        "coordinates": [
          10.50600243,
          53.82323837
        ]
      },
      "properties": {
        "netid": "90:35:EA:2B:04:ED",
        "ssid": "24395457",
        "oui": "90:35:EA",
        "channel": 11,
        "encryption": "wpa2",
        "firsttime": "2024-04-19T11:00:00.000Z",
        "lasttime": "2026-07-26T10:00:00.000Z",
        "city": null,
        "region": "Schleswig-Holstein",
        "country": "DE",
        "road": "Stubbendorfer Ring",
        "postalcode": "23858"
      }
    },
    {
      "type": "Feature",
      "geometry": {
        "type": "Point",
        "coordinates": [
          9.15919495,
          48.72346115
        ]
      },
      "properties": {
        "netid": "90:35:EA:2B:05:01",
        "ssid": "24516945",
        "oui": "90:35:EA",
        "channel": 11,
        "encryption": "wpa2",
        "firsttime": "2024-08-01T09:00:00.000Z",
        "lasttime": "2026-08-17T10:00:00.000Z",
        "city": "Stuttgart",
        "region": "Baden-W\u00fcrttemberg",
        "country": "DE",
        "road": "Plieninger Stra\u00dfe",
        "postalcode": "70567"
      }
    },
    {
      "type": "Feature",
      "geometry": {
        "type": "Point",
        "coordinates": [
          8.64832211,
          49.59315109
        ]
      },
      "properties": {
        "netid": "90:35:EA:2B:05:03",
        "ssid": "24473251",
        "oui": "90:35:EA",
        "channel": 11,
        "encryption": "wpa2",
        "firsttime": "2024-12-15T11:00:00.000Z",
        "lasttime": "2024-12-15T12:00:00.000Z",
        "city": null,
        "region": "Baden-W\u00fcrttemberg",
        "country": "DE",
        "road": "An der Schie\u00dfmauer",
        "postalcode": "69502"
      }
    },
    {
      "type": "Feature",
      "geometry": {
        "type": "Point",
        "coordinates": [
          8.62151337,
          53.27527237
        ]
      },
      "properties": {
        "netid": "90:35:EA:2B:05:0D",
        "ssid": "24473253",
        "oui": "90:35:EA",
        "channel": 11,
        "encryption": "wpa2",
        "firsttime": "2025-07-12T15:00:00.000Z",
        "lasttime": "2025-07-12T09:00:00.000Z",
        "city": null,
        "region": "Niedersachsen",
        "country": "DE",
        "road": "Brakland",
        "postalcode": "28790"
      }
    },
    {
      "type": "Feature",
      "geometry": {
        "type": "Point",
        "coordinates": [
          11.29898167,
          51.47159958
        ]
      },
      "properties": {
        "netid": "90:35:EA:2B:05:17",
        "ssid": "24473243",
        "oui": "90:35:EA",
        "channel": 11,
        "encryption": "wpa2",
        "firsttime": "2023-08-02T11:00:00.000Z",
        "lasttime": "2025-03-02T05:00:00.000Z",
        "city": null,
        "region": "Sachsen-Anhalt",
        "country": "DE",
        "road": "Alte Promenade",
        "postalcode": "06526"
      }
    },
    {
      "type": "Feature",
      "geometry": {
        "type": "Point",
        "coordinates": [
          8.2162838,
          50.02515793
        ]
      },
      "properties": {
        "netid": "90:35:EA:2B:05:19",
        "ssid": "24473241",
        "oui": "90:35:EA",
        "channel": 11,
        "encryption": "wpa2",
        "firsttime": "2025-04-04T15:00:00.000Z",
        "lasttime": "2025-04-04T12:00:00.000Z",
        "city": "Mainz",
        "region": "Rheinland-Pfalz",
        "country": "DE",
        "road": "Hauptstra\u00dfe",
        "postalcode": "55120"
      }
    },
    {
      "type": "Feature",
      "geometry": {
        "type": "Point",
        "coordinates": [
          13.21913242,
          52.56019211
        ]
      },
      "properties": {
        "netid": "90:35:EA:2B:05:24",
        "ssid": "24516895",
        "oui": "90:35:EA",
        "channel": 11,
        "encryption": "wpa2",
        "firsttime": "2024-12-18T09:00:00.000Z",
        "lasttime": "2026-08-16T23:00:00.000Z",
        "city": "Berlin",
        "region": "Spandau",
        "country": "DE",
        "road": "Rauchstra\u00dfe",
        "postalcode": "13587"
      }
    },
    {
      "type": "Feature",
      "geometry": {
        "type": "Point",
        "coordinates": [
          10.52150059,
          52.16372681
        ]
      },
      "properties": {
        "netid": "90:35:EA:2B:05:37",
        "ssid": "24479100",
        "oui": "90:35:EA",
        "channel": 11,
        "encryption": "wpa2",
        "firsttime": "2024-11-02T15:00:00.000Z",
        "lasttime": "2026-02-23T00:00:00.000Z",
        "city": null,
        "region": "Niedersachsen",
        "country": "DE",
        "road": "Gebr\u00fcder-Welger-Stra\u00dfe",
        "postalcode": "38304"
      }
    },
    {
      "type": "Feature",
      "geometry": {
        "type": "Point",
        "coordinates": [
          13.29546165,
          47.33393097
        ]
      },
      "properties": {
        "netid": "90:35:EA:2B:05:3B",
        "ssid": "24473247",
        "oui": "90:35:EA",
        "channel": 11,
        "encryption": "wpa2",
        "firsttime": "2024-06-27T10:00:00.000Z",
        "lasttime": "2024-09-14T13:00:00.000Z",
        "city": null,
        "region": "Salzburg",
        "country": "AT",
        "road": "Markt",
        "postalcode": "5602"
      }
    },
    {
      "type": "Feature",
      "geometry": {
        "type": "Point",
        "coordinates": [
          10.93244267,
          48.70346069
        ]
      },
      "properties": {
        "netid": "90:35:EA:2B:05:81",
        "ssid": "24463341",
        "oui": "90:35:EA",
        "channel": 11,
        "encryption": "wpa2",
        "firsttime": "2023-09-24T12:00:00.000Z",
        "lasttime": "2024-10-21T11:00:00.000Z",
        "city": "Rain",
        "region": "Bayern",
        "country": "DE",
        "road": "B 16",
        "postalcode": "86641"
      }
    },
    {
      "type": "Feature",
      "geometry": {
        "type": "Point",
        "coordinates": [
          14.28314781,
          48.31858444
        ]
      },
      "properties": {
        "netid": "90:35:EA:2B:05:AB",
        "ssid": "P30_boem_11",
        "oui": "90:35:EA",
        "channel": 11,
        "encryption": "wpa2",
        "firsttime": "2023-12-28T03:00:00.000Z",
        "lasttime": "2024-11-09T00:00:00.000Z",
        "city": "Linz",
        "region": "Ober\u00f6sterreich",
        "country": "AT",
        "road": "Schwarzstra\u00dfe",
        "postalcode": "4020"
      }
    },
    {
      "type": "Feature",
      "geometry": {
        "type": "Point",
        "coordinates": [
          7.21488714,
          51.62079239
        ]
      },
      "properties": {
        "netid": "90:35:EA:2B:05:C0",
        "ssid": "24516883",
        "oui": "90:35:EA",
        "channel": 11,
        "encryption": "wpa2",
        "firsttime": "2025-09-09T10:00:00.000Z",
        "lasttime": "2026-06-01T05:00:00.000Z",
        "city": "Recklinghausen",
        "region": "Nordrhein-Westfalen",
        "country": "DE",
        "road": "Bromberger Stra\u00dfe",
        "postalcode": "45665"
      }
    },
    {
      "type": "Feature",
      "geometry": {
        "type": "Point",
        "coordinates": [
          8.14035988,
          51.82230759
        ]
      },
      "properties": {
        "netid": "90:35:EA:2B:06:07",
        "ssid": "23443457",
        "oui": "90:35:EA",
        "channel": 11,
        "encryption": "wpa2",
        "firsttime": "2025-06-19T18:00:00.000Z",
        "lasttime": "2026-05-30T07:00:00.000Z",
        "city": null,
        "region": "Nordrhein-Westfalen",
        "country": "DE",
        "road": "Im Kapellengarten",
        "postalcode": "59302"
      }
    },
    {
      "type": "Feature",
      "geometry": {
        "type": "Point",
        "coordinates": [
          6.43656445,
          51.20963287
        ]
      },
      "properties": {
        "netid": "90:35:EA:2B:06:17",
        "ssid": "23443437",
        "oui": "90:35:EA",
        "channel": 11,
        "encryption": "wpa2",
        "firsttime": "2024-05-20T20:00:00.000Z",
        "lasttime": "2025-03-07T10:00:00.000Z",
        "city": "M\u00f6nchengladbach",
        "region": "Nordrhein-Westfalen",
        "country": "DE",
        "road": "Sch\u00fcrenweg",
        "postalcode": "41063"
      }
    },
    {
      "type": "Feature",
      "geometry": {
        "type": "Point",
        "coordinates": [
          6.33085012,
          51.20919037
        ]
      },
      "properties": {
        "netid": "90:35:EA:2B:06:21",
        "ssid": "23443431",
        "oui": "90:35:EA",
        "channel": 11,
        "encryption": "wpa2",
        "firsttime": "2024-04-11T08:00:00.000Z",
        "lasttime": "2025-06-24T09:00:00.000Z",
        "city": "M\u00f6nchengladbach",
        "region": "Nordrhein-Westfalen",
        "country": "DE",
        "road": "Tomphecke",
        "postalcode": "41169"
      }
    },
    {
      "type": "Feature",
      "geometry": {
        "type": "Point",
        "coordinates": [
          12.89702129,
          43.90000153
        ]
      },
      "properties": {
        "netid": "90:35:EA:2B:06:27",
        "ssid": "23443443",
        "oui": "90:35:EA",
        "channel": 11,
        "encryption": "wpa2",
        "firsttime": "2025-05-03T16:00:00.000Z",
        "lasttime": "2025-05-03T08:00:00.000Z",
        "city": "Pesaro",
        "region": "Marche",
        "country": "IT",
        "road": "Via Amilcare Ponchielli",
        "postalcode": "61122"
      }
    },
    {
      "type": "Feature",
      "geometry": {
        "type": "Point",
        "coordinates": [
          11.13949203,
          42.68442535
        ]
      },
      "properties": {
        "netid": "90:35:EA:2B:06:32",
        "ssid": "23443444",
        "oui": "90:35:EA",
        "channel": 11,
        "encryption": "wpa2",
        "firsttime": "2026-07-11T13:00:00.000Z",
        "lasttime": "2026-07-12T23:00:00.000Z",
        "city": "Grosseto",
        "region": "Toscana",
        "country": "IT",
        "road": "Via Aurelia",
        "postalcode": null
      }
    },
    {
      "type": "Feature",
      "geometry": {
        "type": "Point",
        "coordinates": [
          8.10753632,
          52.21895218
        ]
      },
      "properties": {
        "netid": "90:35:EA:2B:06:39",
        "ssid": "23443472",
        "oui": "90:35:EA",
        "channel": 11,
        "encryption": "wpa2",
        "firsttime": "2025-12-21T12:00:00.000Z",
        "lasttime": "2025-12-21T08:00:00.000Z",
        "city": "Osnabr\u00fcck",
        "region": "Niedersachsen",
        "country": "DE",
        "road": "A 33",
        "postalcode": "49124"
      }
    },
    {
      "type": "Feature",
      "geometry": {
        "type": "Point",
        "coordinates": [
          12.38731194,
          51.20298004
        ]
      },
      "properties": {
        "netid": "90:35:EA:2B:06:46",
        "ssid": "23443483",
        "oui": "90:35:EA",
        "channel": 11,
        "encryption": "wpa2",
        "firsttime": "2024-05-31T14:00:00.000Z",
        "lasttime": "2024-11-16T10:00:00.000Z",
        "city": null,
        "region": "Sachsen",
        "country": "DE",
        "road": "Karl-Marx-Stra\u00dfe",
        "postalcode": "04564"
      }
    },
    {
      "type": "Feature",
      "geometry": {
        "type": "Point",
        "coordinates": [
          10.43035698,
          51.917202
        ]
      },
      "properties": {
        "netid": "90:35:EA:2B:06:4B",
        "ssid": "23443458",
        "oui": "90:35:EA",
        "channel": 11,
        "encryption": "wpa2",
        "firsttime": "2025-01-31T13:00:00.000Z",
        "lasttime": "2025-01-31T06:00:00.000Z",
        "city": null,
        "region": "Niedersachsen",
        "country": "DE",
        "road": "Hoher Brink",
        "postalcode": "38640"
      }
    },
    {
      "type": "Feature",
      "geometry": {
        "type": "Point",
        "coordinates": [
          6.40613365,
          51.13630295
        ]
      },
      "properties": {
        "netid": "90:35:EA:2B:06:50",
        "ssid": "23443440",
        "oui": "90:35:EA",
        "channel": 11,
        "encryption": "wpa2",
        "firsttime": "2023-02-17T17:00:00.000Z",
        "lasttime": "2026-08-20T17:00:00.000Z",
        "city": "M\u00f6nchengladbach",
        "region": "Nordrhein-Westfalen",
        "country": "DE",
        "road": "Adolf-Kempken-Weg",
        "postalcode": "41189"
      }
    },
    {
      "type": "Feature",
      "geometry": {
        "type": "Point",
        "coordinates": [
          9.20248604,
          48.62696457
        ]
      },
      "properties": {
        "netid": "90:35:EA:2B:06:76",
        "ssid": "23472461",
        "oui": "90:35:EA",
        "channel": 11,
        "encryption": "wpa2",
        "firsttime": "2023-10-13T11:00:00.000Z",
        "lasttime": "2025-11-25T04:00:00.000Z",
        "city": "Aichtal",
        "region": "Baden-W\u00fcrttemberg",
        "country": "DE",
        "road": "Sch\u00f6naicher Stra\u00dfe",
        "postalcode": "72631"
      }
    },
    {
      "type": "Feature",
      "geometry": {
        "type": "Point",
        "coordinates": [
          11.35125446,
          47.26424408
        ]
      },
      "properties": {
        "netid": "90:35:EA:2B:06:7D",
        "ssid": "24329354",
        "oui": "90:35:EA",
        "channel": 11,
        "encryption": "wpa2",
        "firsttime": "2023-08-05T14:00:00.000Z",
        "lasttime": "2025-11-22T09:00:00.000Z",
        "city": "Innsbruck",
        "region": "Tirol",
        "country": "AT",
        "road": "Technikerstra\u00dfe",
        "postalcode": "6020"
      }
    },
    {
      "type": "Feature",
      "geometry": {
        "type": "Point",
        "coordinates": [
          11.36133766,
          47.26953506
        ]
      },
      "properties": {
        "netid": "90:35:EA:2B:06:82",
        "ssid": "24329365",
        "oui": "90:35:EA",
        "channel": 11,
        "encryption": "wpa2",
        "firsttime": "2024-12-13T14:00:00.000Z",
        "lasttime": "2026-03-20T09:00:00.000Z",
        "city": "Innsbruck",
        "region": "Tirol",
        "country": "AT",
        "road": "Schneeburggasse",
        "postalcode": "6020"
      }
    },
    {
      "type": "Feature",
      "geometry": {
        "type": "Point",
        "coordinates": [
          9.12448502,
          47.68938828
        ]
      },
      "properties": {
        "netid": "90:35:EA:2B:06:84",
        "ssid": "24029656",
        "oui": "90:35:EA",
        "channel": 11,
        "encryption": "wpa2",
        "firsttime": "2023-03-11T13:00:00.000Z",
        "lasttime": "2026-05-03T12:00:00.000Z",
        "city": null,
        "region": "Baden-W\u00fcrttemberg",
        "country": "DE",
        "road": "Kindlebildstra\u00dfe",
        "postalcode": "78479"
      }
    },
    {
      "type": "Feature",
      "geometry": {
        "type": "Point",
        "coordinates": [
          9.1244173,
          47.68955612
        ]
      },
      "properties": {
        "netid": "90:35:EA:2B:06:89",
        "ssid": "24029658",
        "oui": "90:35:EA",
        "channel": 11,
        "encryption": "wpa2",
        "firsttime": "2023-04-09T13:00:00.000Z",
        "lasttime": "2026-05-03T12:00:00.000Z",
        "city": null,
        "region": "Baden-W\u00fcrttemberg",
        "country": "DE",
        "road": "Kindlebildstra\u00dfe",
        "postalcode": "78479"
      }
    },
    {
      "type": "Feature",
      "geometry": {
        "type": "Point",
        "coordinates": [
          9.12417316,
          47.68940735
        ]
      },
      "properties": {
        "netid": "90:35:EA:2B:06:8C",
        "ssid": "24029670",
        "oui": "90:35:EA",
        "channel": 11,
        "encryption": "wpa2",
        "firsttime": "2023-06-13T10:00:00.000Z",
        "lasttime": "2026-05-03T12:00:00.000Z",
        "city": null,
        "region": "Baden-W\u00fcrttemberg",
        "country": "DE",
        "road": "Kindlebildstra\u00dfe",
        "postalcode": "78479"
      }
    },
    {
      "type": "Feature",
      "geometry": {
        "type": "Point",
        "coordinates": [
          11.44734955,
          47.26977539
        ]
      },
      "properties": {
        "netid": "90:35:EA:2B:06:8E",
        "ssid": "24329360",
        "oui": "90:35:EA",
        "channel": 11,
        "encryption": "wpa2",
        "firsttime": "2022-11-19T13:00:00.000Z",
        "lasttime": "2025-11-22T09:00:00.000Z",
        "city": "Innsbruck",
        "region": "Tirol",
        "country": "AT",
        "road": "Kugelfangweg",
        "postalcode": "6020"
      }
    },
    {
      "type": "Feature",
      "geometry": {
        "type": "Point",
        "coordinates": [
          9.12435532,
          47.68950272
        ]
      },
      "properties": {
        "netid": "90:35:EA:2B:06:8F",
        "ssid": "24029636",
        "oui": "90:35:EA",
        "channel": 11,
        "encryption": "wpa2",
        "firsttime": "2023-06-13T10:00:00.000Z",
        "lasttime": "2026-05-03T12:00:00.000Z",
        "city": null,
        "region": "Baden-W\u00fcrttemberg",
        "country": "DE",
        "road": "Kindlebildstra\u00dfe",
        "postalcode": "78479"
      }
    },
    {
      "type": "Feature",
      "geometry": {
        "type": "Point",
        "coordinates": [
          11.47609997,
          48.09425354
        ]
      },
      "properties": {
        "netid": "90:35:EA:2B:06:90",
        "ssid": "24029657",
        "oui": "90:35:EA",
        "channel": 11,
        "encryption": "wpa2",
        "firsttime": "2023-01-02T19:00:00.000Z",
        "lasttime": "2025-01-25T10:00:00.000Z",
        "city": "M\u00fcnchen",
        "region": "Bayern",
        "country": "DE",
        "road": "Appenzeller Stra\u00dfe",
        "postalcode": "81475"
      }
    },
    {
      "type": "Feature",
      "geometry": {
        "type": "Point",
        "coordinates": [
          9.08206272,
          52.23546982
        ]
      },
      "properties": {
        "netid": "90:35:EA:2B:06:97",
        "ssid": "24117786",
        "oui": "90:35:EA",
        "channel": 11,
        "encryption": "wpa2",
        "firsttime": "2026-02-13T04:00:00.000Z",
        "lasttime": "2026-02-12T21:00:00.000Z",
        "city": null,
        "region": "Niedersachsen",
        "country": "DE",
        "road": "Bundesstra\u00dfe",
        "postalcode": "31711"
      }
    },
    {
      "type": "Feature",
      "geometry": {
        "type": "Point",
        "coordinates": [
          8.74412537,
          50.13198853
        ]
      },
      "properties": {
        "netid": "90:35:EA:2B:06:98",
        "ssid": "24029672",
        "oui": "90:35:EA",
        "channel": 11,
        "encryption": "wpa2",
        "firsttime": "2025-07-19T17:00:00.000Z",
        "lasttime": "2026-05-24T08:00:00.000Z",
        "city": "Frankfurt am Main",
        "region": "Hessen",
        "country": "DE",
        "road": "W\u00e4chtersbacher Stra\u00dfe",
        "postalcode": "60386"
      }
    },
    {
      "type": "Feature",
      "geometry": {
        "type": "Point",
        "coordinates": [
          7.22983074,
          51.28811264
        ]
      },
      "properties": {
        "netid": "90:35:EA:2B:06:9C",
        "ssid": "24029665",
        "oui": "90:35:EA",
        "channel": 11,
        "encryption": "wpa2",
        "firsttime": "2024-05-10T15:00:00.000Z",
        "lasttime": "2024-12-07T09:00:00.000Z",
        "city": "Wuppertal",
        "region": "Nordrhein-Westfalen",
        "country": "DE",
        "road": "Vor der Beule",
        "postalcode": "42277"
      }
    },
    {
      "type": "Feature",
      "geometry": {
        "type": "Point",
        "coordinates": [
          11.40307808,
          51.94078445
        ]
      },
      "properties": {
        "netid": "90:35:EA:2B:06:A0",
        "ssid": "24029659",
        "oui": "90:35:EA",
        "channel": 11,
        "encryption": "wpa2",
        "firsttime": "2023-12-27T11:00:00.000Z",
        "lasttime": "2025-07-11T08:00:00.000Z",
        "city": null,
        "region": "Sachsen-Anhalt",
        "country": "DE",
        "road": "B 81",
        "postalcode": "39435"
      }
    },
    {
      "type": "Feature",
      "geometry": {
        "type": "Point",
        "coordinates": [
          10.02745056,
          53.61544418
        ]
      },
      "properties": {
        "netid": "90:35:EA:2B:06:B8",
        "ssid": "24110104",
        "oui": "90:35:EA",
        "channel": 11,
        "encryption": "wpa2",
        "firsttime": "2023-09-18T17:00:00.000Z",
        "lasttime": "2025-04-17T06:00:00.000Z",
        "city": "Hamburg",
        "region": "Alsterdorf",
        "country": "DE",
        "road": "Elisabeth-Fl\u00fcgge-Stra\u00dfe",
        "postalcode": "22337"
      }
    },
    {
      "type": "Feature",
      "geometry": {
        "type": "Point",
        "coordinates": [
          8.7270546,
          50.10913849
        ]
      },
      "properties": {
        "netid": "90:35:EA:2B:06:E9",
        "ssid": "24077208",
        "oui": "90:35:EA",
        "channel": 11,
        "encryption": "wpa2",
        "firsttime": "2023-06-17T10:00:00.000Z",
        "lasttime": "2025-08-05T07:00:00.000Z",
        "city": "Frankfurt am Main",
        "region": "Hessen",
        "country": "DE",
        "road": "Franziusstra\u00dfe",
        "postalcode": "60314"
      }
    },
    {
      "type": "Feature",
      "geometry": {
        "type": "Point",
        "coordinates": [
          10.09501266,
          54.34286499
        ]
      },
      "properties": {
        "netid": "90:35:EA:2B:06:F0",
        "ssid": "24029727",
        "oui": "90:35:EA",
        "channel": 11,
        "encryption": "wpa2",
        "firsttime": "2024-11-06T16:00:00.000Z",
        "lasttime": "2026-01-21T07:00:00.000Z",
        "city": null,
        "region": "Schleswig-Holstein",
        "country": "DE",
        "road": "Kopperpahler Allee",
        "postalcode": "24119"
      }
    },
    {
      "type": "Feature",
      "geometry": {
        "type": "Point",
        "coordinates": [
          9.72038364,
          50.5469017
        ]
      },
      "properties": {
        "netid": "90:35:EA:2B:07:06",
        "ssid": "24124795",
        "oui": "90:35:EA",
        "channel": 11,
        "encryption": "wpa2",
        "firsttime": "2025-03-21T11:00:00.000Z",
        "lasttime": "2025-03-28T05:00:00.000Z",
        "city": null,
        "region": "Hessen",
        "country": "DE",
        "road": "Hinterburg",
        "postalcode": "36093"
      }
    },
    {
      "type": "Feature",
      "geometry": {
        "type": "Point",
        "coordinates": [
          7.67182589,
          47.60978699
        ]
      },
      "properties": {
        "netid": "90:35:EA:2B:07:4E",
        "ssid": "24165991",
        "oui": "90:35:EA",
        "channel": 11,
        "encryption": "wpa2",
        "firsttime": "2025-04-16T09:00:00.000Z",
        "lasttime": "2025-04-16T03:00:00.000Z",
        "city": "L\u00f6rrach",
        "region": "Baden-W\u00fcrttemberg",
        "country": "DE",
        "road": "Wallbrunnstra\u00dfe",
        "postalcode": "79539"
      }
    },
    {
      "type": "Feature",
      "geometry": {
        "type": "Point",
        "coordinates": [
          10.98059654,
          48.2557106
        ]
      },
      "properties": {
        "netid": "90:35:EA:2B:07:74",
        "ssid": "24122795",
        "oui": "90:35:EA",
        "channel": 11,
        "encryption": "wpa2",
        "firsttime": "2024-05-16T11:00:00.000Z",
        "lasttime": "2024-10-21T13:00:00.000Z",
        "city": null,
        "region": "Bayern",
        "country": "DE",
        "road": "B 2",
        "postalcode": "86415"
      }
    },
    {
      "type": "Feature",
      "geometry": {
        "type": "Point",
        "coordinates": [
          9.16326523,
          48.82897568
        ]
      },
      "properties": {
        "netid": "90:35:EA:2B:07:9B",
        "ssid": "24077035",
        "oui": "90:35:EA",
        "channel": 11,
        "encryption": "wpa2",
        "firsttime": "2024-02-29T18:00:00.000Z",
        "lasttime": "2025-08-12T21:00:00.000Z",
        "city": "Stuttgart",
        "region": "Baden-W\u00fcrttemberg",
        "country": "DE",
        "road": "Franklinstra\u00dfe",
        "postalcode": "70435"
      }
    },
    {
      "type": "Feature",
      "geometry": {
        "type": "Point",
        "coordinates": [
          -105.23623657,
          39.99847031
        ]
      },
      "properties": {
        "netid": "90:35:EA:2D:17:32",
        "ssid": "MISSING SN",
        "oui": "90:35:EA",
        "channel": 255,
        "encryption": "unknown",
        "firsttime": "2024-02-28T21:00:00.000Z",
        "lasttime": "2025-01-03T11:00:00.000Z",
        "city": "Boulder",
        "region": "CO",
        "country": "US",
        "road": "Mohawk Drive",
        "postalcode": "80303"
      }
    },
    {
      "type": "Feature",
      "geometry": {
        "type": "Point",
        "coordinates": [
          -85.98432159,
          39.98607254
        ]
      },
      "properties": {
        "netid": "90:35:EA:37:5A:84",
        "ssid": null,
        "oui": "90:35:EA",
        "channel": 9,
        "encryption": "unknown",
        "firsttime": "2024-09-17T03:00:00.000Z",
        "lasttime": "2025-07-16T17:00:00.000Z",
        "city": null,
        "region": "IN",
        "country": "US",
        "road": "Grapevine Lane",
        "postalcode": "46037"
      }
    },
    {
      "type": "Feature",
      "geometry": {
        "type": "Point",
        "coordinates": [
          -90.13803101,
          35.15420151
        ]
      },
      "properties": {
        "netid": "90:35:EA:38:78:64",
        "ssid": "Flock",
        "oui": "90:35:EA",
        "channel": 2,
        "encryption": "none",
        "firsttime": "2026-08-15T09:00:00.000Z",
        "lasttime": "2026-08-15T19:00:00.000Z",
        "city": null,
        "region": "AR",
        "country": "US",
        "road": "Martin Luther King Drive",
        "postalcode": "72301"
      }
    },
    {
      "type": "Feature",
      "geometry": {
        "type": "Point",
        "coordinates": [
          -76.94568634,
          39.20653534
        ]
      },
      "properties": {
        "netid": "90:35:EA:38:E1:0C",
        "ssid": "W40;PYo00kOJ0&42-E(6+-531,)(%-`<",
        "oui": "90:35:EA",
        "channel": 1,
        "encryption": "wpa2",
        "firsttime": "2026-01-06T15:00:00.000Z",
        "lasttime": "2026-02-04T15:00:00.000Z",
        "city": "Columbia",
        "region": "MD",
        "country": "US",
        "road": "Ten Oaks Road",
        "postalcode": "21029"
      }
    },
    {
      "type": "Feature",
      "geometry": {
        "type": "Point",
        "coordinates": [
          150.81362915,
          -34.5731163
        ]
      },
      "properties": {
        "netid": "90:35:EA:38:EA:2C",
        "ssid": "SOLIX 10 MSI+ G3_211019030264",
        "oui": "90:35:EA",
        "channel": 1,
        "encryption": "wpa2",
        "firsttime": "2025-06-15T03:00:00.000Z",
        "lasttime": "2025-06-14T22:00:00.000Z",
        "city": null,
        "region": "New South Wales",
        "country": "AU",
        "road": "Colden Drive",
        "postalcode": "2527"
      }
    },
    {
      "type": "Feature",
      "geometry": {
        "type": "Point",
        "coordinates": [
          -121.71291351,
          36.64722443
        ]
      },
      "properties": {
        "netid": "90:35:EA:38:F3:78",
        "ssid": "InCommand",
        "oui": "90:35:EA",
        "channel": 9,
        "encryption": "none",
        "firsttime": "2024-06-22T00:00:00.000Z",
        "lasttime": "2025-06-06T09:00:00.000Z",
        "city": null,
        "region": "CA",
        "country": "US",
        "road": "Reservation Road",
        "postalcode": null
      }
    },
    {
      "type": "Feature",
      "geometry": {
        "type": "Point",
        "coordinates": [
          -75.0049057,
          39.83515549
        ]
      },
      "properties": {
        "netid": "90:35:EA:38:F5:90",
        "ssid": "W4A<PI^<0ZS:0&4B3E&30F;41%.('%b@",
        "oui": "90:35:EA",
        "channel": 1,
        "encryption": "wpa2",
        "firsttime": "2026-07-24T14:00:00.000Z",
        "lasttime": "2026-07-24T10:00:00.000Z",
        "city": null,
        "region": "NJ",
        "country": "US",
        "road": "Station Avenue",
        "postalcode": "08083"
      }
    },
    {
      "type": "Feature",
      "geometry": {
        "type": "Point",
        "coordinates": [
          -118.22463989,
          34.03458023
        ]
      },
      "properties": {
        "netid": "90:35:EA:38:F5:98",
        "ssid": "W41604d60:9508B290'%C+,,+,)%,)2T",
        "oui": "90:35:EA",
        "channel": 1,
        "encryption": "wpa2",
        "firsttime": "2024-10-01T19:00:00.000Z",
        "lasttime": "2024-10-01T17:00:00.000Z",
        "city": "Los Angeles",
        "region": "CA",
        "country": "US",
        "road": "East 7th Street",
        "postalcode": "90021-2932"
      }
    },
    {
      "type": "Feature",
      "geometry": {
        "type": "Point",
        "coordinates": [
          -118.24005127,
          34.04019928
        ]
      },
      "properties": {
        "netid": "90:35:EA:38:F6:50",
        "ssid": "W416PM6?0?h30&4B4F&3*):94&%.'+Bj",
        "oui": "90:35:EA",
        "channel": 1,
        "encryption": "wpa2",
        "firsttime": "2026-04-21T21:00:00.000Z",
        "lasttime": "2026-04-23T12:00:00.000Z",
        "city": "Los Angeles",
        "region": "CA",
        "country": "US",
        "road": "South Central Avenue",
        "postalcode": "90013"
      }
    },
    {
      "type": "Feature",
      "geometry": {
        "type": "Point",
        "coordinates": [
          -76.78044128,
          39.19330597
        ]
      },
      "properties": {
        "netid": "90:35:EA:38:F6:54",
        "ssid": "W40;03d00eEB0'1)8@5/5.4@*,+,,-0j",
        "oui": "90:35:EA",
        "channel": 1,
        "encryption": "wpa2",
        "firsttime": "2024-10-17T14:00:00.000Z",
        "lasttime": "2024-10-17T07:00:00.000Z",
        "city": null,
        "region": "MD",
        "country": "US",
        "road": "Mayfield Avenue",
        "postalcode": "21075"
      }
    },
    {
      "type": "Feature",
      "geometry": {
        "type": "Point",
        "coordinates": [
          -75.14929962,
          39.95456314
        ]
      },
      "properties": {
        "netid": "90:35:EA:38:F7:70",
        "ssid": "W4A<Pb910>EG0&4;*9-/0+<50)%%)*@f",
        "oui": "90:35:EA",
        "channel": 1,
        "encryption": "wpa2",
        "firsttime": "2026-03-29T20:00:00.000Z",
        "lasttime": "2026-03-29T15:00:00.000Z",
        "city": "Philadelphia",
        "region": "PA",
        "country": "US",
        "road": "Race Street",
        "postalcode": "19106"
      }
    },
    {
      "type": "Feature",
      "geometry": {
        "type": "Point",
        "coordinates": [
          -76.82421875,
          39.20921326
        ]
      },
      "properties": {
        "netid": "90:35:EA:38:F9:18",
        "ssid": "W40;P?110@AP0&4;*9-/@*65/')))-0]",
        "oui": "90:35:EA",
        "channel": 1,
        "encryption": "wpa2",
        "firsttime": "2026-04-27T10:00:00.000Z",
        "lasttime": "2026-04-29T03:00:00.000Z",
        "city": "Columbia",
        "region": "MD",
        "country": "US",
        "road": "Rouse Parkway",
        "postalcode": "21045"
      }
    },
    {
      "type": "Feature",
      "geometry": {
        "type": "Point",
        "coordinates": [
          -76.87481689,
          39.18159485
        ]
      },
      "properties": {
        "netid": "90:35:EA:38:F9:7C",
        "ssid": "W40;Pg810j?G0&4B3E&>)%991*))-%P4",
        "oui": "90:35:EA",
        "channel": 1,
        "encryption": "wpa2",
        "firsttime": "2025-04-03T11:00:00.000Z",
        "lasttime": "2025-04-03T16:00:00.000Z",
        "city": "Columbia",
        "region": "MD",
        "country": "US",
        "road": "Patuxent Freeway",
        "postalcode": "20723-6099"
      }
    },
    {
      "type": "Feature",
      "geometry": {
        "type": "Point",
        "coordinates": [
          -119.75493622,
          36.68463135
        ]
      },
      "properties": {
        "netid": "90:35:EA:38:F9:A0",
        "ssid": "W4J5PbN10lnA0(0>2:'%F&<4&&('%_DA",
        "oui": "90:35:EA",
        "channel": 1,
        "encryption": "wpa2",
        "firsttime": "2026-08-14T17:00:00.000Z",
        "lasttime": "2026-08-14T13:00:00.000Z",
        "city": "Fresno",
        "region": "CA",
        "country": "US",
        "road": "South Cedar Avenue",
        "postalcode": "93702"
      }
    },
    {
      "type": "Feature",
      "geometry": {
        "type": "Point",
        "coordinates": [
          -119.79547119,
          39.47512054
        ]
      },
      "properties": {
        "netid": "90:35:EA:38:FA:44",
        "ssid": "W4e4PXI00YF>0&1)@2845(<1&-)&-(P5",
        "oui": "90:35:EA",
        "channel": 1,
        "encryption": "wpa2",
        "firsttime": "2025-11-15T23:00:00.000Z",
        "lasttime": "2026-01-25T18:00:00.000Z",
        "city": "Reno",
        "region": "NV",
        "country": "US",
        "road": "Sierra Rose Drive",
        "postalcode": "89502"
      }
    },
    {
      "type": "Feature",
      "geometry": {
        "type": "Point",
        "coordinates": [
          -98.68114471,
          29.5615654
        ]
      },
      "properties": {
        "netid": "90:35:EA:38:FB:C4",
        "ssid": "W4M1PAK10Oo90&1+@@+4B%<A&+&(+.`7",
        "oui": "90:35:EA",
        "channel": 1,
        "encryption": "none",
        "firsttime": "2026-07-01T16:00:00.000Z",
        "lasttime": "2026-07-01T11:00:00.000Z",
        "city": null,
        "region": "TX",
        "country": "US",
        "road": "Bandera Road",
        "postalcode": "78023"
      }
    },
    {
      "type": "Feature",
      "geometry": {
        "type": "Point",
        "coordinates": [
          -76.85018158,
          39.18336487
        ]
      },
      "properties": {
        "netid": "90:35:EA:38:FC:7C",
        "ssid": "W40;0e`004m@0&4;1C*9(F/91%)&'%01",
        "oui": "90:35:EA",
        "channel": 1,
        "encryption": "wpa2",
        "firsttime": "2025-07-26T19:00:00.000Z",
        "lasttime": "2025-07-26T18:00:00.000Z",
        "city": "Columbia",
        "region": "MD",
        "country": "US",
        "road": "Broken Land Parkway",
        "postalcode": "21046"
      }
    },
    {
      "type": "Feature",
      "geometry": {
        "type": "Point",
        "coordinates": [
          -95.90848541,
          40.6714859
        ]
      },
      "properties": {
        "netid": "90:35:EA:38:FD:2C",
        "ssid": "InCommand",
        "oui": "90:35:EA",
        "channel": 9,
        "encryption": "unknown",
        "firsttime": "2025-11-19T20:00:00.000Z",
        "lasttime": "2025-11-19T20:00:00.000Z",
        "city": null,
        "region": "NE",
        "country": "US",
        "road": "Highway 2",
        "postalcode": "68454"
      }
    },
    {
      "type": "Feature",
      "geometry": {
        "type": "Point",
        "coordinates": [
          -76.8297348,
          39.27888489
        ]
      },
      "properties": {
        "netid": "90:35:EA:38:FD:6C",
        "ssid": "W40;0Z?20<e?0&4;*9-/E+;</%_%)&@e",
        "oui": "90:35:EA",
        "channel": 1,
        "encryption": "wpa2",
        "firsttime": "2026-08-17T16:00:00.000Z",
        "lasttime": "2026-08-17T11:00:00.000Z",
        "city": null,
        "region": "MD",
        "country": "US",
        "road": "Baltimore National Pike",
        "postalcode": "21042"
      }
    },
    {
      "type": "Feature",
      "geometry": {
        "type": "Point",
        "coordinates": [
          -98.44526672,
          29.56158066
        ]
      },
      "properties": {
        "netid": "90:35:EA:38:FE:00",
        "ssid": "W4k1Pfd;0m@D0&4;*9-/0)<5/)-,**DJ",
        "oui": "90:35:EA",
        "channel": 1,
        "encryption": "wpa2",
        "firsttime": "2024-12-01T23:00:00.000Z",
        "lasttime": "2026-03-16T14:00:00.000Z",
        "city": "San Antonio",
        "region": "TX",
        "country": "US",
        "road": "Blue Loop",
        "postalcode": "78217"
      }
    },
    {
      "type": "Feature",
      "geometry": {
        "type": "Point",
        "coordinates": [
          -89.36888123,
          43.08406067
        ]
      },
      "properties": {
        "netid": "90:35:EA:38:FE:18",
        "ssid": "W4V6PnN001P30&5<A9:32->@(&&-(*P:",
        "oui": "90:35:EA",
        "channel": 1,
        "encryption": "wep",
        "firsttime": "2024-11-14T19:00:00.000Z",
        "lasttime": "2025-01-13T04:00:00.000Z",
        "city": "Madison",
        "region": "WI",
        "country": "US",
        "road": "South Ingersoll Street",
        "postalcode": "53703"
      }
    },
    {
      "type": "Feature",
      "geometry": {
        "type": "Point",
        "coordinates": [
          -79.97450256,
          32.85455704
        ]
      },
      "properties": {
        "netid": "90:35:EA:38:FE:68",
        "ssid": "W46<P]?00O:80'1(12F/B';6++)&%&@d",
        "oui": "90:35:EA",
        "channel": 1,
        "encryption": "wpa2",
        "firsttime": "2025-04-09T21:00:00.000Z",
        "lasttime": "2025-04-09T16:00:00.000Z",
        "city": "North Charleston",
        "region": "SC",
        "country": "US",
        "road": "Carver Avenue",
        "postalcode": "29405"
      }
    },
    {
      "type": "Feature",
      "geometry": {
        "type": "Point",
        "coordinates": [
          -118.24843597,
          34.05136871
        ]
      },
      "properties": {
        "netid": "90:35:EA:38:FE:6C",
        "ssid": "W466PoYA0WD30&4B0E.15'<9/%*,+*S=",
        "oui": "90:35:EA",
        "channel": 1,
        "encryption": "wpa2",
        "firsttime": "2024-11-27T15:00:00.000Z",
        "lasttime": "2025-07-21T15:00:00.000Z",
        "city": "Los Angeles",
        "region": "CA",
        "country": "US",
        "road": "South Broadway",
        "postalcode": "90012"
      }
    },
    {
      "type": "Feature",
      "geometry": {
        "type": "Point",
        "coordinates": [
          -98.36893463,
          29.54564667
        ]
      },
      "properties": {
        "netid": "90:35:EA:38:FE:7C",
        "ssid": "W4k1Pmc;05bB0&4;*9-/0F;51((%*'fI",
        "oui": "90:35:EA",
        "channel": 1,
        "encryption": "wpa2",
        "firsttime": "2024-12-21T20:00:00.000Z",
        "lasttime": "2024-12-21T13:00:00.000Z",
        "city": "San Antonio",
        "region": "TX",
        "country": "US",
        "road": "O'Connor Road",
        "postalcode": "78233"
      }
    },
    {
      "type": "Feature",
      "geometry": {
        "type": "Point",
        "coordinates": [
          -80.12898254,
          33.04217529
        ]
      },
      "properties": {
        "netid": "90:35:EA:38:FE:BC",
        "ssid": "W46<Pb?008`80'1(12F/B';6+-&.)-`m",
        "oui": "90:35:EA",
        "channel": 1,
        "encryption": "wpa2",
        "firsttime": "2025-06-25T12:00:00.000Z",
        "lasttime": "2025-06-25T15:00:00.000Z",
        "city": null,
        "region": "SC",
        "country": "US",
        "road": "Longstreet Street",
        "postalcode": "29483"
      }
    },
    {
      "type": "Feature",
      "geometry": {
        "type": "Point",
        "coordinates": [
          -119.69854736,
          36.74213409
        ]
      },
      "properties": {
        "netid": "90:35:EA:38:FF:E4",
        "ssid": "W4l50dO10Ph>0*G43>;/3.<>(''*,'QF",
        "oui": "90:35:EA",
        "channel": 1,
        "encryption": "wpa2",
        "firsttime": "2026-05-20T18:00:00.000Z",
        "lasttime": "2026-05-21T19:00:00.000Z",
        "city": "Fresno",
        "region": "CA",
        "country": "US",
        "road": "South Clovis Avenue",
        "postalcode": "93702"
      }
    },
    {
      "type": "Feature",
      "geometry": {
        "type": "Point",
        "coordinates": [
          -80.1182785,
          32.92072678
        ]
      },
      "properties": {
        "netid": "90:35:EA:39:00:68",
        "ssid": "W46<P0@00>_:0'1(12F/B);6++-,((0c",
        "oui": "90:35:EA",
        "channel": 1,
        "encryption": "wpa2",
        "firsttime": "2025-04-10T13:00:00.000Z",
        "lasttime": "2025-04-11T04:00:00.000Z",
        "city": "North Charleston",
        "region": "SC",
        "country": "US",
        "road": "Dorchester Road",
        "postalcode": "29420"
      }
    },
    {
      "type": "Feature",
      "geometry": {
        "type": "Point",
        "coordinates": [
          -98.50370026,
          29.42976761
        ]
      },
      "properties": {
        "netid": "90:35:EA:39:02:10",
        "ssid": "W4k1Pnc;0I650&4;*9-/0.;51(('&.6<",
        "oui": "90:35:EA",
        "channel": 1,
        "encryption": "wpa2",
        "firsttime": "2025-03-10T02:00:00.000Z",
        "lasttime": "2025-03-10T04:00:00.000Z",
        "city": "San Antonio",
        "region": "TX",
        "country": "US",
        "road": "North Frio Street",
        "postalcode": "78207"
      }
    },
    {
      "type": "Feature",
      "geometry": {
        "type": "Point",
        "coordinates": [
          -119.74378204,
          36.79796982
        ]
      },
      "properties": {
        "netid": "90:35:EA:39:02:9C",
        "ssid": "W4l503P1069:0&4B;4&30F<92-*-(,1j",
        "oui": "90:35:EA",
        "channel": 1,
        "encryption": "wpa2",
        "firsttime": "2025-04-10T15:00:00.000Z",
        "lasttime": "2025-04-11T21:00:00.000Z",
        "city": "Fresno",
        "region": "CA",
        "country": "US",
        "road": "Sierra Freeway",
        "postalcode": "93702"
      }
    },
    {
      "type": "Feature",
      "geometry": {
        "type": "Point",
        "coordinates": [
          -98.50475311,
          29.42513084
        ]
      },
      "properties": {
        "netid": "90:35:EA:39:05:4C",
        "ssid": "W4k1PR7;0E9=0&1+@@+95&8A'..,%'00",
        "oui": "90:35:EA",
        "channel": 1,
        "encryption": "wpa2",
        "firsttime": "2024-10-29T13:00:00.000Z",
        "lasttime": "2024-11-30T15:00:00.000Z",
        "city": "San Antonio",
        "region": "TX",
        "country": "US",
        "road": "Buena Vista Street",
        "postalcode": "78205"
      }
    },
    {
      "type": "Feature",
      "geometry": {
        "type": "Point",
        "coordinates": [
          -84.40965271,
          33.77313614
        ]
      },
      "properties": {
        "netid": "90:35:EA:39:06:EC",
        "ssid": "W4A=PI]00Wm90&5<A1:32'<@&..+&&@A",
        "oui": "90:35:EA",
        "channel": 1,
        "encryption": "wpa2",
        "firsttime": "2026-01-07T18:00:00.000Z",
        "lasttime": "2026-01-08T13:00:00.000Z",
        "city": "Atlanta",
        "region": "GA",
        "country": "US",
        "road": "Donald Lee Hollowell Parkway Northwest",
        "postalcode": "30318:30332"
      }
    },
    {
      "type": "Feature",
      "geometry": {
        "type": "Point",
        "coordinates": [
          -98.53334045,
          29.47151375
        ]
      },
      "properties": {
        "netid": "90:35:EA:39:07:18",
        "ssid": "W4k1Pfc;0;1F0&4;*9-/0.<5/).&*+T:",
        "oui": "90:35:EA",
        "channel": 1,
        "encryption": "wpa2",
        "firsttime": "2024-12-26T15:00:00.000Z",
        "lasttime": "2025-08-09T00:00:00.000Z",
        "city": "San Antonio",
        "region": "TX",
        "country": "US",
        "road": "Babcock Station",
        "postalcode": null
      }
    },
    {
      "type": "Feature",
      "geometry": {
        "type": "Point",
        "coordinates": [
          -80.23806763,
          25.95454788
        ]
      },
      "properties": {
        "netid": "90:35:EA:39:07:90",
        "ssid": "W4G0PaJF09h50&4;*9-/0+<50,-'+'04",
        "oui": "90:35:EA",
        "channel": 1,
        "encryption": "wpa2",
        "firsttime": "2024-10-19T04:00:00.000Z",
        "lasttime": "2024-10-19T07:00:00.000Z",
        "city": null,
        "region": "FL",
        "country": "US",
        "road": "101",
        "postalcode": "33056"
      }
    },
    {
      "type": "Feature",
      "geometry": {
        "type": "Point",
        "coordinates": [
          -76.99607849,
          38.93249893
        ]
      },
      "properties": {
        "netid": "90:35:EA:39:07:94",
        "ssid": "W4A;PJb30AQ50&6B3E;;;F>6(-),,-PE",
        "oui": "90:35:EA",
        "channel": 1,
        "encryption": "wpa2",
        "firsttime": "2025-01-11T00:00:00.000Z",
        "lasttime": "2025-01-12T09:00:00.000Z",
        "city": "Washington",
        "region": "DC",
        "country": "US",
        "road": "Monroe Street Northeast",
        "postalcode": "20017"
      }
    },
    {
      "type": "Feature",
      "geometry": {
        "type": "Point",
        "coordinates": [
          -98.62216187,
          29.46639252
        ]
      },
      "properties": {
        "netid": "90:35:EA:39:07:E8",
        "ssid": "W4k1PLc;0J9?0&4;*9-/0.<5/)-,&-F9",
        "oui": "90:35:EA",
        "channel": 1,
        "encryption": "wep",
        "firsttime": "2025-03-11T01:00:00.000Z",
        "lasttime": "2025-08-07T04:00:00.000Z",
        "city": "San Antonio",
        "region": "TX",
        "country": "US",
        "road": "Wurzbach Road",
        "postalcode": "78238"
      }
    },
    {
      "type": "Feature",
      "geometry": {
        "type": "Point",
        "coordinates": [
          -118.34443665,
          34.06230164
        ]
      },
      "properties": {
        "netid": "90:35:EA:39:08:6C",
        "ssid": "W416Pk\\A0kd40*B2G@931&>A&)..*(PQ",
        "oui": "90:35:EA",
        "channel": 1,
        "encryption": "wpa2",
        "firsttime": "2025-09-14T22:00:00.000Z",
        "lasttime": "2025-09-14T16:00:00.000Z",
        "city": "Los Angeles",
        "region": "CA",
        "country": "US",
        "road": "Wilshire Boulevard",
        "postalcode": "90036-2829"
      }
    },
    {
      "type": "Feature",
      "geometry": {
        "type": "Point",
        "coordinates": [
          -72.67019653,
          40.91153336
        ]
      },
      "properties": {
        "netid": "90:35:EA:39:08:B0",
        "ssid": "W4b90;Vm0Ki50(1)<82/<FAB**+&+)`I",
        "oui": "90:35:EA",
        "channel": 1,
        "encryption": "wep",
        "firsttime": "2025-11-09T22:00:00.000Z",
        "lasttime": "2026-05-12T18:00:00.000Z",
        "city": null,
        "region": "NY",
        "country": "US",
        "road": "Center Drive South",
        "postalcode": "11901"
      }
    },
    {
      "type": "Feature",
      "geometry": {
        "type": "Point",
        "coordinates": [
          -75.07780457,
          39.99277115
        ]
      },
      "properties": {
        "netid": "90:35:EA:39:08:F8",
        "ssid": "W4A<PF8506YC0&42-E(6+&43/-()&&B`",
        "oui": "90:35:EA",
        "channel": 1,
        "encryption": "wpa2",
        "firsttime": "2026-03-31T12:00:00.000Z",
        "lasttime": "2026-04-02T14:00:00.000Z",
        "city": "Philadelphia",
        "region": "PA",
        "country": "US",
        "road": "Betsy Ross Bridge",
        "postalcode": "19137"
      }
    },
    {
      "type": "Feature",
      "geometry": {
        "type": "Point",
        "coordinates": [
          -76.83177948,
          39.27704239
        ]
      },
      "properties": {
        "netid": "90:35:EA:39:0E:24",
        "ssid": "W40;Pe810C:A0&4;*9-/@&95/+*&+*Pc",
        "oui": "90:35:EA",
        "channel": 1,
        "encryption": "wpa2",
        "firsttime": "2024-11-17T15:00:00.000Z",
        "lasttime": "2024-11-17T09:00:00.000Z",
        "city": null,
        "region": "MD",
        "country": "US",
        "road": "Baltimore National Pike",
        "postalcode": "21042"
      }
    },
    {
      "type": "Feature",
      "geometry": {
        "type": "Point",
        "coordinates": [
          -77.03916168,
          38.90196991
        ]
      },
      "properties": {
        "netid": "90:35:EA:39:0E:28",
        "ssid": "W4A;P3c30BS:0&6B3E;;;'<6(-)__'@8",
        "oui": "90:35:EA",
        "channel": 1,
        "encryption": "wpa2",
        "firsttime": "2026-05-13T14:00:00.000Z",
        "lasttime": "2026-05-14T07:00:00.000Z",
        "city": "Washington",
        "region": "DC",
        "country": "US",
        "road": "17th Street Northwest",
        "postalcode": "20009"
      }
    },
    {
      "type": "Feature",
      "geometry": {
        "type": "Point",
        "coordinates": [
          -118.2917099,
          34.09923935
        ]
      },
      "properties": {
        "netid": "90:35:EA:39:0F:48",
        "ssid": "W4160mfA0N=10&5<A9:32->@(%'-'_26",
        "oui": "90:35:EA",
        "channel": 1,
        "encryption": "wpa2",
        "firsttime": "2026-01-15T18:00:00.000Z",
        "lasttime": "2026-01-15T17:00:00.000Z",
        "city": "Los Angeles",
        "region": "CA",
        "country": "US",
        "road": "Maubert Avenue",
        "postalcode": "90027-5517"
      }
    },
    {
      "type": "Feature",
      "geometry": {
        "type": "Point",
        "coordinates": [
          -121.22039795,
          37.82618332
        ]
      },
      "properties": {
        "netid": "90:35:EA:39:10:00",
        "ssid": "W4H5PbC00hg90(51<E/34);5)(&)&,P>",
        "oui": "90:35:EA",
        "channel": 1,
        "encryption": "wpa2",
        "firsttime": "2026-05-06T21:00:00.000Z",
        "lasttime": "2026-05-09T19:00:00.000Z",
        "city": "Manteca",
        "region": "CA",
        "country": "US",
        "road": "Crestwood Avenue",
        "postalcode": "95336"
      }
    },
    {
      "type": "Feature",
      "geometry": {
        "type": "Point",
        "coordinates": [
          -118.26506042,
          33.77064896
        ]
      },
      "properties": {
        "netid": "90:35:EA:39:10:64",
        "ssid": "W4660mYA0n950&4B0E.15.<9/%*,+(c9",
        "oui": "90:35:EA",
        "channel": 1,
        "encryption": "wpa2",
        "firsttime": "2025-10-14T17:00:00.000Z",
        "lasttime": "2026-04-29T23:00:00.000Z",
        "city": "Los Angeles",
        "region": "CA",
        "country": "US",
        "road": "West Harry Bridges Boulevard",
        "postalcode": "90744-4522"
      }
    },
    {
      "type": "Feature",
      "geometry": {
        "type": "Point",
        "coordinates": [
          -96.60382843,
          33.20916748
        ]
      },
      "properties": {
        "netid": "90:35:EA:39:11:5C",
        "ssid": "W4W4PQA00X8T0&;'/<)5G%>;%(*''*e2",
        "oui": "90:35:EA",
        "channel": 1,
        "encryption": "wpa2",
        "firsttime": "2024-02-12T14:00:00.000Z",
        "lasttime": "2025-12-31T12:00:00.000Z",
        "city": "McKinney",
        "region": "TX",
        "country": "US",
        "road": "Woodlawn Road",
        "postalcode": "75071"
      }
    },
    {
      "type": "Feature",
      "geometry": {
        "type": "Point",
        "coordinates": [
          -77.0440979,
          38.88438034
        ]
      },
      "properties": {
        "netid": "90:35:EA:39:11:CC",
        "ssid": "W4A;PQb30d[20&6B3E;;;-<6(-),,*@J",
        "oui": "90:35:EA",
        "channel": 1,
        "encryption": "wpa2",
        "firsttime": "2025-03-31T01:00:00.000Z",
        "lasttime": "2025-03-30T19:00:00.000Z",
        "city": "Washington",
        "region": "DC",
        "country": "US",
        "road": "West Basin Drive Southwest",
        "postalcode": "20002"
      }
    },
    {
      "type": "Feature",
      "geometry": {
        "type": "Point",
        "coordinates": [
          -76.80858612,
          39.1428833
        ]
      },
      "properties": {
        "netid": "90:35:EA:39:12:34",
        "ssid": "W40;Pb;10Jd=0&4;*9-/E':50%,+'*00",
        "oui": "90:35:EA",
        "channel": 1,
        "encryption": "wep",
        "firsttime": "2025-04-01T20:00:00.000Z",
        "lasttime": "2025-04-01T14:00:00.000Z",
        "city": null,
        "region": "MD",
        "country": "US",
        "road": "Guilford Road",
        "postalcode": "20701"
      }
    },
    {
      "type": "Feature",
      "geometry": {
        "type": "Point",
        "coordinates": [
          -81.79620361,
          30.50250244
        ]
      },
      "properties": {
        "netid": "90:35:EA:39:12:64",
        "ssid": "W4<=POJ103m;0&5<3@:9E(<8&,&)%%`5",
        "oui": "90:35:EA",
        "channel": 1,
        "encryption": "wep",
        "firsttime": "2026-01-12T21:00:00.000Z",
        "lasttime": "2026-01-13T13:00:00.000Z",
        "city": "Jacksonville",
        "region": "FL",
        "country": "US",
        "road": "Riley Road",
        "postalcode": "32219"
      }
    },
    {
      "type": "Feature",
      "geometry": {
        "type": "Point",
        "coordinates": [
          -76.84783173,
          39.17782593
        ]
      },
      "properties": {
        "netid": "90:35:EA:39:13:10",
        "ssid": "W40;Pi9109e30'B(;E@4D':E%+&()'07",
        "oui": "90:35:EA",
        "channel": 1,
        "encryption": "wpa2",
        "firsttime": "2026-07-28T16:00:00.000Z",
        "lasttime": "2026-08-13T09:00:00.000Z",
        "city": "Columbia",
        "region": "MD",
        "country": "US",
        "road": "Snowden River Parkway",
        "postalcode": "21046"
      }
    },
    {
      "type": "Feature",
      "geometry": {
        "type": "Point",
        "coordinates": [
          -119.77708435,
          36.74436951
        ]
      },
      "properties": {
        "netid": "90:35:EA:39:13:54",
        "ssid": "W4l5`CP10FM20&4;A9,06%<50(%(.-Q8",
        "oui": "90:35:EA",
        "channel": 1,
        "encryption": "wep",
        "firsttime": "2024-11-20T19:00:00.000Z",
        "lasttime": "2024-11-20T13:00:00.000Z",
        "city": "Fresno",
        "region": "CA",
        "country": "US",
        "road": "Dwight David Eisenhower Memorial Freeway",
        "postalcode": "93702"
      }
    },
    {
      "type": "Feature",
      "geometry": {
        "type": "Point",
        "coordinates": [
          -98.47683716,
          29.52061081
        ]
      },
      "properties": {
        "netid": "90:35:EA:39:13:5C",
        "ssid": "W4k1PYd;0JWH0&4;*9-/0.<5/).'..@F",
        "oui": "90:35:EA",
        "channel": 1,
        "encryption": "wpa2",
        "firsttime": "2025-04-22T11:00:00.000Z",
        "lasttime": "2025-04-22T15:00:00.000Z",
        "city": "San Antonio",
        "region": "TX",
        "country": "US",
        "road": "Airport Boulevard",
        "postalcode": "78216"
      }
    },
    {
      "type": "Feature",
      "geometry": {
        "type": "Point",
        "coordinates": [
          -119.81142426,
          39.53944778
        ]
      },
      "properties": {
        "netid": "90:35:EA:39:13:70",
        "ssid": "W4e4P^I00<N;0&516B03/%<&'(&,,-0o",
        "oui": "90:35:EA",
        "channel": 1,
        "encryption": "wpa2",
        "firsttime": "2025-10-15T00:00:00.000Z",
        "lasttime": "2025-10-14T17:00:00.000Z",
        "city": "Reno",
        "region": "NV",
        "country": "US",
        "road": "Evans Avenue",
        "postalcode": "89557"
      }
    },
    {
      "type": "Feature",
      "geometry": {
        "type": "Point",
        "coordinates": [
          -111.91746521,
          33.50178909
        ]
      },
      "properties": {
        "netid": "90:35:EA:39:13:78",
        "ssid": "W4B3PPi00k=80&4;*9-/0F<5/+(&('A8",
        "oui": "90:35:EA",
        "channel": 1,
        "encryption": "wpa2",
        "firsttime": "2025-04-01T18:00:00.000Z",
        "lasttime": "2026-07-21T04:00:00.000Z",
        "city": "Scottsdale",
        "region": "AZ",
        "country": "US",
        "road": "North Miller Road",
        "postalcode": "85251"
      }
    },
    {
      "type": "Feature",
      "geometry": {
        "type": "Point",
        "coordinates": [
          -111.91088104,
          33.50938034
        ]
      },
      "properties": {
        "netid": "90:35:EA:39:13:7C",
        "ssid": "W4B3P7k00d]20&42@4(/+(<34.&&*&@0",
        "oui": "90:35:EA",
        "channel": 1,
        "encryption": "wpa2",
        "firsttime": "2025-01-15T21:00:00.000Z",
        "lasttime": "2025-01-17T13:00:00.000Z",
        "city": "Scottsdale",
        "region": "AZ",
        "country": "US",
        "road": "East Chaparral Road",
        "postalcode": "85251"
      }
    },
    {
      "type": "Feature",
      "geometry": {
        "type": "Point",
        "coordinates": [
          -111.91300964,
          33.47272491
        ]
      },
      "properties": {
        "netid": "90:35:EA:39:14:50",
        "ssid": "W4B3P7l002Z40&42@4(3<+>31+'&-,@k",
        "oui": "90:35:EA",
        "channel": 1,
        "encryption": "wep",
        "firsttime": "2025-06-06T17:00:00.000Z",
        "lasttime": "2026-06-23T11:00:00.000Z",
        "city": "Scottsdale",
        "region": "AZ",
        "country": "US",
        "road": "East Oak Street",
        "postalcode": "85257"
      }
    },
    {
      "type": "Feature",
      "geometry": {
        "type": "Point",
        "coordinates": [
          -111.89031219,
          33.55804443
        ]
      },
      "properties": {
        "netid": "90:35:EA:39:14:64",
        "ssid": "W4B3Pnj00;O30&50%5@4,-<&'-&,%(@l",
        "oui": "90:35:EA",
        "channel": 1,
        "encryption": "wpa2",
        "firsttime": "2024-05-28T13:00:00.000Z",
        "lasttime": "2024-10-08T17:00:00.000Z",
        "city": null,
        "region": "AZ",
        "country": "US",
        "road": "East Del Camino",
        "postalcode": "85258"
      }
    },
    {
      "type": "Feature",
      "geometry": {
        "type": "Point",
        "coordinates": [
          -111.89871979,
          33.55440521
        ]
      },
      "properties": {
        "netid": "90:35:EA:39:14:6C",
        "ssid": "W4B3P9k00`^40&42@4(/+%<34.%,'%00",
        "oui": "90:35:EA",
        "channel": 1,
        "encryption": "wpa2",
        "firsttime": "2025-05-29T20:00:00.000Z",
        "lasttime": "2025-06-06T12:00:00.000Z",
        "city": "Scottsdale",
        "region": "AZ",
        "country": "US",
        "road": "North Hayden Road",
        "postalcode": "85258"
      }
    },
    {
      "type": "Feature",
      "geometry": {
        "type": "Point",
        "coordinates": [
          -111.90299988,
          33.52246475
        ]
      },
      "properties": {
        "netid": "90:35:EA:39:14:A4",
        "ssid": "W4B3Pej00BU20&4B04'/+*<34-,())P3",
        "oui": "90:35:EA",
        "channel": 1,
        "encryption": "wpa2",
        "firsttime": "2024-03-13T20:00:00.000Z",
        "lasttime": "2025-05-15T14:00:00.000Z",
        "city": "Scottsdale",
        "region": "AZ",
        "country": "US",
        "road": "Chateau Devie 6 Apt Access Roa",
        "postalcode": "85250"
      }
    },
    {
      "type": "Feature",
      "geometry": {
        "type": "Point",
        "coordinates": [
          -96.56209564,
          33.28306961
        ]
      },
      "properties": {
        "netid": "90:35:EA:39:14:B0",
        "ssid": "W4W4PEC00JUJ0&;'/<)5G)@;%))-&.E5",
        "oui": "90:35:EA",
        "channel": 1,
        "encryption": "wpa2",
        "firsttime": "2024-09-13T14:00:00.000Z",
        "lasttime": "2025-11-07T09:00:00.000Z",
        "city": "Melissa",
        "region": "TX",
        "country": "US",
        "road": "Sam Rayburn Highway",
        "postalcode": "75454"
      }
    },
    {
      "type": "Feature",
      "geometry": {
        "type": "Point",
        "coordinates": [
          -119.7021637,
          36.83707809
        ]
      },
      "properties": {
        "netid": "90:35:EA:39:14:B4",
        "ssid": "W4l5P<P10h050&4;A9-06)<5/(..&+17",
        "oui": "90:35:EA",
        "channel": 1,
        "encryption": "wpa2",
        "firsttime": "2024-09-10T20:00:00.000Z",
        "lasttime": "2024-09-11T15:00:00.000Z",
        "city": null,
        "region": "CA",
        "country": "US",
        "road": "Herndon Avenue",
        "postalcode": "93611"
      }
    },
    {
      "type": "Feature",
      "geometry": {
        "type": "Point",
        "coordinates": [
          -111.88957214,
          33.56420517
        ]
      },
      "properties": {
        "netid": "90:35:EA:39:15:04",
        "ssid": "W4B3P9E00X6@0&4B@4&''F+91%&-.*0d",
        "oui": "90:35:EA",
        "channel": 1,
        "encryption": "wpa2",
        "firsttime": "2025-05-12T18:00:00.000Z",
        "lasttime": "2025-05-16T11:00:00.000Z",
        "city": null,
        "region": "AZ",
        "country": "US",
        "road": "North Pima Road",
        "postalcode": "85258"
      }
    },
    {
      "type": "Feature",
      "geometry": {
        "type": "Point",
        "coordinates": [
          -112.2063446,
          33.45320129
        ]
      },
      "properties": {
        "netid": "90:35:EA:39:15:84",
        "ssid": "W4B30:j00Ic40&4B3E&10+<92+--,-01",
        "oui": "90:35:EA",
        "channel": 1,
        "encryption": "wep",
        "firsttime": "2024-11-20T13:00:00.000Z",
        "lasttime": "2025-01-28T09:00:00.000Z",
        "city": "Phoenix",
        "region": "AZ",
        "country": "US",
        "road": "West Van Buren Street",
        "postalcode": "85043"
      }
    },
    {
      "type": "Feature",
      "geometry": {
        "type": "Point",
        "coordinates": [
          -83.14807892,
          42.57738876
        ]
      },
      "properties": {
        "netid": "90:35:EA:39:17:80",
        "ssid": "W4h8PD6008i40&42@4(6+)<33'+((%Pj",
        "oui": "90:35:EA",
        "channel": 1,
        "encryption": "wpa2",
        "firsttime": "2026-02-03T14:00:00.000Z",
        "lasttime": "2026-02-03T16:00:00.000Z",
        "city": null,
        "region": "MI",
        "country": "US",
        "road": "East Wattles Road",
        "postalcode": "48085"
      }
    },
    {
      "type": "Feature",
      "geometry": {
        "type": "Point",
        "coordinates": [
          -76.95291138,
          39.30505753
        ]
      },
      "properties": {
        "netid": "90:35:EA:39:17:90",
        "ssid": "W40;@YD101A10)4;CA&-&)>@*'-('-T]",
        "oui": "90:35:EA",
        "channel": 1,
        "encryption": "wep",
        "firsttime": "2025-08-20T18:00:00.000Z",
        "lasttime": "2025-08-20T13:00:00.000Z",
        "city": null,
        "region": "MD",
        "country": "US",
        "road": "Sykesville Road",
        "postalcode": "21794"
      }
    },
    {
      "type": "Feature",
      "geometry": {
        "type": "Point",
        "coordinates": [
          -89.36138916,
          43.094944
        ]
      },
      "properties": {
        "netid": "90:35:EA:39:17:98",
        "ssid": "W4V6PVK00FY?0&4;*9-/E.;</&+-&_0:",
        "oui": "90:35:EA",
        "channel": 1,
        "encryption": "wpa2",
        "firsttime": "2024-11-01T23:00:00.000Z",
        "lasttime": "2025-04-27T08:00:00.000Z",
        "city": "Madison",
        "region": "WI",
        "country": "US",
        "road": "East Johnson Street",
        "postalcode": "53704"
      }
    },
    {
      "type": "Feature",
      "geometry": {
        "type": "Point",
        "coordinates": [
          -117.8253479,
          33.70100784
        ]
      },
      "properties": {
        "netid": "90:35:EA:39:17:D4",
        "ssid": "W4D50_A50@a60*B20H@06,<A'*,.*,`6",
        "oui": "90:35:EA",
        "channel": 1,
        "encryption": "wpa2",
        "firsttime": "2023-04-06T07:00:00.000Z",
        "lasttime": "2025-06-03T06:00:00.000Z",
        "city": "Tustin",
        "region": "CA",
        "country": "US",
        "road": "Tustin Ranch Road",
        "postalcode": "92606"
      }
    },
    {
      "type": "Feature",
      "geometry": {
        "type": "Point",
        "coordinates": [
          -76.58853149,
          39.35964966
        ]
      },
      "properties": {
        "netid": "90:35:EA:39:18:60",
        "ssid": "W4P0P0000\\l<0&4;*9-/E(<</%.*.%0o",
        "oui": "90:35:EA",
        "channel": 1,
        "encryption": "wpa2",
        "firsttime": "2025-03-05T17:00:00.000Z",
        "lasttime": "2025-09-18T05:00:00.000Z",
        "city": "Baltimore",
        "region": "MD",
        "country": "US",
        "road": "Loch Raven Boulevard",
        "postalcode": "21239"
      }
    },
    {
      "type": "Feature",
      "geometry": {
        "type": "Point",
        "coordinates": [
          -111.92575073,
          33.53109741
        ]
      },
      "properties": {
        "netid": "90:35:EA:39:18:8C",
        "ssid": "W4B3P@j00e1<0&4;*9-/0&<5/*'&-&@i",
        "oui": "90:35:EA",
        "channel": 1,
        "encryption": "wpa2",
        "firsttime": "2025-04-07T17:00:00.000Z",
        "lasttime": "2025-04-07T14:00:00.000Z",
        "city": "Scottsdale",
        "region": "AZ",
        "country": "US",
        "road": "North Scottsdale Road",
        "postalcode": "85253"
      }
    },
    {
      "type": "Feature",
      "geometry": {
        "type": "Point",
        "coordinates": [
          -76.56221771,
          39.28471756
        ]
      },
      "properties": {
        "netid": "90:35:EA:39:18:A8",
        "ssid": "W4P001J20\\G80&4;*9-/E%<</&)(.&0b",
        "oui": "90:35:EA",
        "channel": 1,
        "encryption": "wpa2",
        "firsttime": "2024-03-23T23:00:00.000Z",
        "lasttime": "2025-04-22T09:00:00.000Z",
        "city": "Baltimore",
        "region": "MD",
        "country": "US",
        "road": "South Haven Street",
        "postalcode": "21224"
      }
    },
    {
      "type": "Feature",
      "geometry": {
        "type": "Point",
        "coordinates": [
          -73.32070923,
          40.76932144
        ]
      },
      "properties": {
        "netid": "90:35:EA:39:19:2C",
        "ssid": "W4b9PgO50KE50)B(:E@4D,<C%,-.+&@K",
        "oui": "90:35:EA",
        "channel": 1,
        "encryption": "wpa2",
        "firsttime": "2024-06-12T14:00:00.000Z",
        "lasttime": "2025-08-21T12:00:00.000Z",
        "city": null,
        "region": "NY",
        "country": "US",
        "road": "Carlls Path",
        "postalcode": "11729"
      }
    },
    {
      "type": "Feature",
      "geometry": {
        "type": "Point",
        "coordinates": [
          -84.26893616,
          33.98557663
        ]
      },
      "properties": {
        "netid": "90:35:EA:39:1A:20",
        "ssid": "W4A=P2a00l]80'1(12F1B(<6'(*()%`5",
        "oui": "90:35:EA",
        "channel": 1,
        "encryption": "wpa2",
        "firsttime": "2025-04-22T11:00:00.000Z",
        "lasttime": "2025-04-22T20:00:00.000Z",
        "city": "Roswell",
        "region": "GA",
        "country": "US",
        "road": "Barnwell Road",
        "postalcode": "30092-4207"
      }
    },
    {
      "type": "Feature",
      "geometry": {
        "type": "Point",
        "coordinates": [
          -73.02117157,
          40.8271637
        ]
      },
      "properties": {
        "netid": "90:35:EA:39:1A:28",
        "ssid": "W4b9PeO503T20)B(:E@4D)<C%,-.-'`G",
        "oui": "90:35:EA",
        "channel": 1,
        "encryption": "wpa2",
        "firsttime": "2024-11-01T17:00:00.000Z",
        "lasttime": "2024-11-01T10:00:00.000Z",
        "city": null,
        "region": "NY",
        "country": "US",
        "road": "North Ocean Avenue",
        "postalcode": "11738"
      }
    },
    {
      "type": "Feature",
      "geometry": {
        "type": "Point",
        "coordinates": [
          -119.79849243,
          39.52682877
        ]
      },
      "properties": {
        "netid": "90:35:EA:39:1A:60",
        "ssid": "W4e4P1J00H0=0&1)@2845*<1&-)&-)`b",
        "oui": "90:35:EA",
        "channel": 1,
        "encryption": "wpa2",
        "firsttime": "2023-10-09T19:00:00.000Z",
        "lasttime": "2026-05-09T23:00:00.000Z",
        "city": "Reno",
        "region": "NV",
        "country": "US",
        "road": "Kirman Avenue",
        "postalcode": "89505"
      }
    },
    {
      "type": "Feature",
      "geometry": {
        "type": "Point",
        "coordinates": [
          -119.74384308,
          39.57662582
        ]
      },
      "properties": {
        "netid": "90:35:EA:39:1A:6C",
        "ssid": "W4e4P0000_:50&50%E:3,F<4'&).'-`h",
        "oui": "90:35:EA",
        "channel": 1,
        "encryption": "wpa2",
        "firsttime": "2025-07-29T01:00:00.000Z",
        "lasttime": "2025-07-28T21:00:00.000Z",
        "city": null,
        "region": "NV",
        "country": "US",
        "road": "Disc Drive",
        "postalcode": "89436"
      }
    },
    {
      "type": "Feature",
      "geometry": {
        "type": "Point",
        "coordinates": [
          -76.58374023,
          39.28605652
        ]
      },
      "properties": {
        "netid": "90:35:EA:39:1A:9C",
        "ssid": "W4P0PaI20Cb50&4;*9-/E.<</&)'.'`7",
        "oui": "90:35:EA",
        "channel": 1,
        "encryption": "wpa2",
        "firsttime": "2023-12-03T22:00:00.000Z",
        "lasttime": "2025-02-11T11:00:00.000Z",
        "city": "Baltimore",
        "region": "MD",
        "country": "US",
        "road": "Eastern Avenue",
        "postalcode": "21224"
      }
    },
    {
      "type": "Feature",
      "geometry": {
        "type": "Point",
        "coordinates": [
          -76.70193481,
          39.3633194
        ]
      },
      "properties": {
        "netid": "90:35:EA:39:1A:D0",
        "ssid": "W4P0P0000S670&4;*9-/E)<</&)'+)`\\",
        "oui": "90:35:EA",
        "channel": 1,
        "encryption": "wpa2",
        "firsttime": "2023-10-18T11:00:00.000Z",
        "lasttime": "2025-04-08T17:00:00.000Z",
        "city": "Baltimore",
        "region": "MD",
        "country": "US",
        "road": "Labyrinth Road",
        "postalcode": "21215"
      }
    },
    {
      "type": "Feature",
      "geometry": {
        "type": "Point",
        "coordinates": [
          -76.58374786,
          39.28604507
        ]
      },
      "properties": {
        "netid": "90:35:EA:39:1A:DC",
        "ssid": "W4P0P0000A>60&4;*9-/E(<</%.*%-0[",
        "oui": "90:35:EA",
        "channel": 1,
        "encryption": "wpa2",
        "firsttime": "2023-11-28T17:00:00.000Z",
        "lasttime": "2025-02-20T18:00:00.000Z",
        "city": "Baltimore",
        "region": "MD",
        "country": "US",
        "road": "Eastern Avenue",
        "postalcode": "21224"
      }
    },
    {
      "type": "Feature",
      "geometry": {
        "type": "Point",
        "coordinates": [
          -119.74739075,
          39.48994827
        ]
      },
      "properties": {
        "netid": "90:35:EA:39:1A:FC",
        "ssid": "W4e400000AU50&516A03<*<&'%,,-,`[",
        "oui": "90:35:EA",
        "channel": 1,
        "encryption": "wpa2",
        "firsttime": "2023-09-11T17:00:00.000Z",
        "lasttime": "2026-05-03T01:00:00.000Z",
        "city": "Reno",
        "region": "NV",
        "country": "US",
        "road": "Mira Loma Park Loop Trail",
        "postalcode": "89510"
      }
    },
    {
      "type": "Feature",
      "geometry": {
        "type": "Point",
        "coordinates": [
          -73.92700958,
          40.84519577
        ]
      },
      "properties": {
        "netid": "90:35:EA:39:1B:AC",
        "ssid": "W4b9P=P50f_70)B(:E@4DF<C%-%%%-PQ",
        "oui": "90:35:EA",
        "channel": 1,
        "encryption": "wpa2",
        "firsttime": "2025-06-02T17:00:00.000Z",
        "lasttime": "2025-06-03T06:00:00.000Z",
        "city": "City of New York",
        "region": "NY",
        "country": "US",
        "road": "Major Deegan Expressway",
        "postalcode": "10452"
      }
    },
    {
      "type": "Feature",
      "geometry": {
        "type": "Point",
        "coordinates": [
          -97.72257996,
          30.23462677
        ]
      },
      "properties": {
        "netid": "90:35:EA:39:1B:D4",
        "ssid": "W404PXe00CMX1%%%%%%%%%%,-.-*'(@R",
        "oui": "90:35:EA",
        "channel": 1,
        "encryption": "wep",
        "firsttime": "2024-10-12T02:00:00.000Z",
        "lasttime": "2024-10-11T23:00:00.000Z",
        "city": "Austin",
        "region": "TX",
        "country": "US",
        "road": "East Riverside Drive",
        "postalcode": "78741"
      }
    },
    {
      "type": "Feature",
      "geometry": {
        "type": "Point",
        "coordinates": [
          -111.891716,
          33.51267242
        ]
      },
      "properties": {
        "netid": "90:35:EA:39:1C:10",
        "ssid": "W4B3P<Y003=C0(1,E@;08+55'&-)'%Pc",
        "oui": "90:35:EA",
        "channel": 1,
        "encryption": "wpa2",
        "firsttime": "2024-07-23T16:00:00.000Z",
        "lasttime": "2025-03-30T15:00:00.000Z",
        "city": "Scottsdale",
        "region": "AZ",
        "country": "US",
        "road": "North Terrace Place",
        "postalcode": "85250"
      }
    },
    {
      "type": "Feature",
      "geometry": {
        "type": "Point",
        "coordinates": [
          -111.9087677,
          33.49514008
        ]
      },
      "properties": {
        "netid": "90:35:EA:39:1C:40",
        "ssid": "W4B3P^l00Jd30&4B@4(//+>31*&.*+P=",
        "oui": "90:35:EA",
        "channel": 1,
        "encryption": "wpa2",
        "firsttime": "2024-04-17T15:00:00.000Z",
        "lasttime": "2026-01-11T16:00:00.000Z",
        "city": "Scottsdale",
        "region": "AZ",
        "country": "US",
        "road": "North Hayden Road",
        "postalcode": "85251"
      }
    },
    {
      "type": "Feature",
      "geometry": {
        "type": "Point",
        "coordinates": [
          -96.60938263,
          29.69299507
        ]
      },
      "properties": {
        "netid": "90:35:EA:39:1C:44",
        "ssid": "W404Pce00dOJ1%%%%%%%%%%,.%.''(`W",
        "oui": "90:35:EA",
        "channel": 1,
        "encryption": "wpa2",
        "firsttime": "2023-07-08T14:00:00.000Z",
        "lasttime": "2025-03-01T13:00:00.000Z",
        "city": null,
        "region": "TX",
        "country": "US",
        "road": "Colorado County Eastbound Rest Area",
        "postalcode": null
      }
    },
    {
      "type": "Feature",
      "geometry": {
        "type": "Point",
        "coordinates": [
          -119.81009674,
          39.52046967
        ]
      },
      "properties": {
        "netid": "90:35:EA:39:1C:48",
        "ssid": "W4e4P_I00F=:0&516B03/F<&'(&,+.P5",
        "oui": "90:35:EA",
        "channel": 1,
        "encryption": "wpa2",
        "firsttime": "2024-10-04T21:00:00.000Z",
        "lasttime": "2026-07-07T14:00:00.000Z",
        "city": "Reno",
        "region": "NV",
        "country": "US",
        "road": "South Virginia Street",
        "postalcode": "89501"
      }
    },
    {
      "type": "Feature",
      "geometry": {
        "type": "Point",
        "coordinates": [
          -76.82186127,
          39.29091644
        ]
      },
      "properties": {
        "netid": "90:35:EA:39:1C:4C",
        "ssid": "W40;`X;10bRI0&42C4*6BF92/'*%*)P>",
        "oui": "90:35:EA",
        "channel": 1,
        "encryption": "wpa2",
        "firsttime": "2025-06-16T23:00:00.000Z",
        "lasttime": "2025-06-16T16:00:00.000Z",
        "city": null,
        "region": "MD",
        "country": "US",
        "road": "North Ridge Road",
        "postalcode": "21043"
      }
    },
    {
      "type": "Feature",
      "geometry": {
        "type": "Point",
        "coordinates": [
          -119.82353973,
          39.53271866
        ]
      },
      "properties": {
        "netid": "90:35:EA:39:1C:60",
        "ssid": "W4e4P0J00b6>0'1(12F95+>6*&,%)(Dm",
        "oui": "90:35:EA",
        "channel": 1,
        "encryption": "wpa2",
        "firsttime": "2024-11-21T01:00:00.000Z",
        "lasttime": "2026-03-20T01:00:00.000Z",
        "city": "Reno",
        "region": "NV",
        "country": "US",
        "road": "I 80",
        "postalcode": "89503"
      }
    },
    {
      "type": "Feature",
      "geometry": {
        "type": "Point",
        "coordinates": [
          -119.81446838,
          39.50933075
        ]
      },
      "properties": {
        "netid": "90:35:EA:39:1C:64",
        "ssid": "W4e4PUI002l40&50%E:3,'<4(%((.'00",
        "oui": "90:35:EA",
        "channel": 1,
        "encryption": "wpa2",
        "firsttime": "2025-07-18T20:00:00.000Z",
        "lasttime": "2026-03-18T14:00:00.000Z",
        "city": "Reno",
        "region": "NV",
        "country": "US",
        "road": "Mount Rose Street",
        "postalcode": "89509-1633"
      }
    },
    {
      "type": "Feature",
      "geometry": {
        "type": "Point",
        "coordinates": [
          -73.11740875,
          40.78644943
        ]
      },
      "properties": {
        "netid": "90:35:EA:39:1C:A0",
        "ssid": "W4b9P`Vm09S40&4;1C.5<)@C0'*%'+PN",
        "oui": "90:35:EA",
        "channel": 1,
        "encryption": "wpa2",
        "firsttime": "2026-04-10T15:00:00.000Z",
        "lasttime": "2026-04-10T08:00:00.000Z",
        "city": null,
        "region": "NY",
        "country": "US",
        "road": "Veterans Memorial Highway",
        "postalcode": "11716"
      }
    },
    {
      "type": "Feature",
      "geometry": {
        "type": "Point",
        "coordinates": [
          -89.40113068,
          43.07241821
        ]
      },
      "properties": {
        "netid": "90:35:EA:39:1C:B4",
        "ssid": "W4V6PoN008430&5<A9:32,>@(%--%%`4",
        "oui": "90:35:EA",
        "channel": 1,
        "encryption": "wpa2",
        "firsttime": "2024-09-08T18:00:00.000Z",
        "lasttime": "2024-09-16T16:00:00.000Z",
        "city": "Madison",
        "region": "WI",
        "country": "US",
        "road": "University Avenue",
        "postalcode": "53706"
      }
    },
    {
      "type": "Feature",
      "geometry": {
        "type": "Point",
        "coordinates": [
          -111.88665771,
          33.56922913
        ]
      },
      "properties": {
        "netid": "90:35:EA:39:1D:58",
        "ssid": "W4B3Pmj00IJ30&4B;4&10,<94%-,**`:",
        "oui": "90:35:EA",
        "channel": 1,
        "encryption": "wpa2",
        "firsttime": "2024-03-13T20:00:00.000Z",
        "lasttime": "2024-09-10T10:00:00.000Z",
        "city": "Scottsdale",
        "region": "AZ",
        "country": "US",
        "road": "East Via Linda",
        "postalcode": "85258"
      }
    },
    {
      "type": "Feature",
      "geometry": {
        "type": "Point",
        "coordinates": [
          -121.32307434,
          38.0178299
        ]
      },
      "properties": {
        "netid": "90:35:EA:39:1D:60",
        "ssid": "W4m5POC000e20&4B3@&36&<:2(__++@7",
        "oui": "90:35:EA",
        "channel": 1,
        "encryption": "wep",
        "firsttime": "2024-10-31T20:00:00.000Z",
        "lasttime": "2024-11-01T19:00:00.000Z",
        "city": "Stockton",
        "region": "CA",
        "country": "US",
        "road": "North Pacific Avenue",
        "postalcode": "95207-4115"
      }
    },
    {
      "type": "Feature",
      "geometry": {
        "type": "Point",
        "coordinates": [
          -119.76496124,
          36.82300186
        ]
      },
      "properties": {
        "netid": "90:35:EA:39:1D:A0",
        "ssid": "W4J5P0000lY;0(0>2:'%F+<4&&('%)`e",
        "oui": "90:35:EA",
        "channel": 1,
        "encryption": "wpa2",
        "firsttime": "2025-05-07T21:00:00.000Z",
        "lasttime": "2025-05-08T16:00:00.000Z",
        "city": "Fresno",
        "region": "CA",
        "country": "US",
        "road": "East Bullard Avenue",
        "postalcode": "93702"
      }
    },
    {
      "type": "Feature",
      "geometry": {
        "type": "Point",
        "coordinates": [
          -72.99674225,
          40.82457352
        ]
      },
      "properties": {
        "netid": "90:35:EA:39:1D:A4",
        "ssid": null,
        "oui": "90:35:EA",
        "channel": 9,
        "encryption": "unknown",
        "firsttime": "2025-08-27T16:00:00.000Z",
        "lasttime": "2025-08-27T10:00:00.000Z",
        "city": null,
        "region": "NY",
        "country": "US",
        "road": "Express Drive North",
        "postalcode": "11763"
      }
    },
    {
      "type": "Feature",
      "geometry": {
        "type": "Point",
        "coordinates": [
          -85.69677734,
          38.26393509
        ]
      },
      "properties": {
        "netid": "90:35:EA:39:1D:BC",
        "ssid": "W46=P58003k50&4;1C.5++;C/-'''-@d",
        "oui": "90:35:EA",
        "channel": 1,
        "encryption": "wpa2",
        "firsttime": "2025-04-17T22:00:00.000Z",
        "lasttime": "2026-05-20T13:00:00.000Z",
        "city": "Louisville",
        "region": "KY",
        "country": "US",
        "road": "Cleveland Boulevard",
        "postalcode": "40206"
      }
    },
    {
      "type": "Feature",
      "geometry": {
        "type": "Point",
        "coordinates": [
          -76.5838089,
          39.28601837
        ]
      },
      "properties": {
        "netid": "90:35:EA:39:1D:D8",
        "ssid": "W4P0P5L20`h;0(0>>6;,F,94*.'*-(0=",
        "oui": "90:35:EA",
        "channel": 1,
        "encryption": "wpa2",
        "firsttime": "2023-11-28T18:00:00.000Z",
        "lasttime": "2025-02-18T13:00:00.000Z",
        "city": "Baltimore",
        "region": "MD",
        "country": "US",
        "road": "Eastern Avenue",
        "postalcode": "21224"
      }
    },
    {
      "type": "Feature",
      "geometry": {
        "type": "Point",
        "coordinates": [
          -119.82052612,
          39.53059769
        ]
      },
      "properties": {
        "netid": "90:35:EA:39:1E:08",
        "ssid": "W4e4PJJ003n40&50%E:3,%<4(%((+%Pl",
        "oui": "90:35:EA",
        "channel": 1,
        "encryption": "wpa2",
        "firsttime": "2026-04-10T14:00:00.000Z",
        "lasttime": "2026-04-21T20:00:00.000Z",
        "city": "Reno",
        "region": "NV",
        "country": "US",
        "road": "Nevada Street",
        "postalcode": "89503"
      }
    },
    {
      "type": "Feature",
      "geometry": {
        "type": "Point",
        "coordinates": [
          -80.025383,
          32.7926178
        ]
      },
      "properties": {
        "netid": "90:35:EA:39:1E:0C",
        "ssid": "W46<0U@00KP10&5&H2*AB&<4&,-+'+@c",
        "oui": "90:35:EA",
        "channel": 1,
        "encryption": "wpa2",
        "firsttime": "2025-10-03T16:00:00.000Z",
        "lasttime": "2025-10-03T09:00:00.000Z",
        "city": "Charleston",
        "region": "SC",
        "country": "US",
        "road": "Dupont Road",
        "postalcode": "29407"
      }
    },
    {
      "type": "Feature",
      "geometry": {
        "type": "Point",
        "coordinates": [
          -73.04039764,
          40.91868591
        ]
      },
      "properties": {
        "netid": "90:35:EA:39:1E:10",
        "ssid": "W4b90\\V507040&4;A9-00.<51)(+')@i",
        "oui": "90:35:EA",
        "channel": 1,
        "encryption": "wpa2",
        "firsttime": "2025-09-14T19:00:00.000Z",
        "lasttime": "2025-09-17T22:00:00.000Z",
        "city": null,
        "region": "NY",
        "country": "US",
        "road": "Route 112",
        "postalcode": "11776"
      }
    },
    {
      "type": "Feature",
      "geometry": {
        "type": "Point",
        "coordinates": [
          -81.4989624,
          30.32223892
        ]
      },
      "properties": {
        "netid": "90:35:EA:39:1E:4C",
        "ssid": "W4<=P_400`B30&4;*9-/0+@5/',**+Pi",
        "oui": "90:35:EA",
        "channel": 1,
        "encryption": "wpa2",
        "firsttime": "2024-12-09T23:00:00.000Z",
        "lasttime": "2025-08-18T13:00:00.000Z",
        "city": "Jacksonville",
        "region": "FL",
        "country": "US",
        "road": "Atlantic Boulevard",
        "postalcode": "32246"
      }
    },
    {
      "type": "Feature",
      "geometry": {
        "type": "Point",
        "coordinates": [
          -98.30466461,
          29.26749992
        ]
      },
      "properties": {
        "netid": "90:35:EA:39:1E:E4",
        "ssid": "W4k1PZT:0jTM0)B&02&49*4C&,+)%+0G",
        "oui": "90:35:EA",
        "channel": 1,
        "encryption": "wpa2",
        "firsttime": "2025-06-06T20:00:00.000Z",
        "lasttime": "2025-08-31T23:00:00.000Z",
        "city": null,
        "region": "TX",
        "country": "US",
        "road": "Laguna Road",
        "postalcode": null
      }
    },
    {
      "type": "Feature",
      "geometry": {
        "type": "Point",
        "coordinates": [
          -76.84899902,
          39.18283844
        ]
      },
      "properties": {
        "netid": "90:35:EA:39:1E:E8",
        "ssid": "W40;00=10XRI0&4B4F&3**;92'(+((`_",
        "oui": "90:35:EA",
        "channel": 1,
        "encryption": "wep",
        "firsttime": "2025-07-26T19:00:00.000Z",
        "lasttime": "2026-07-30T09:00:00.000Z",
        "city": "Columbia",
        "region": "MD",
        "country": "US",
        "road": "Broken Land Parkway",
        "postalcode": "21046"
      }
    },
    {
      "type": "Feature",
      "geometry": {
        "type": "Point",
        "coordinates": [
          -98.58555603,
          29.56989479
        ]
      },
      "properties": {
        "netid": "90:35:EA:39:1F:64",
        "ssid": "W4k1PWn:0SRB0(1+(@(5B'85&(+').4C",
        "oui": "90:35:EA",
        "channel": 1,
        "encryption": "wpa2",
        "firsttime": "2024-11-20T16:00:00.000Z",
        "lasttime": "2024-11-20T09:00:00.000Z",
        "city": "San Antonio",
        "region": "TX",
        "country": "US",
        "road": "Vance Jackson Road",
        "postalcode": "78249-1620"
      }
    },
    {
      "type": "Feature",
      "geometry": {
        "type": "Point",
        "coordinates": [
          -80.17284393,
          25.7428875
        ]
      },
      "properties": {
        "netid": "90:35:EA:39:1F:88",
        "ssid": "W4G0PO`E02WE0&1)@2845(:1))',+)02",
        "oui": "90:35:EA",
        "channel": 1,
        "encryption": "wpa2",
        "firsttime": "2026-02-15T19:00:00.000Z",
        "lasttime": "2026-02-15T14:00:00.000Z",
        "city": "Miami",
        "region": "FL",
        "country": "US",
        "road": "Rickenbacker Causeway",
        "postalcode": "33131"
      }
    },
    {
      "type": "Feature",
      "geometry": {
        "type": "Point",
        "coordinates": [
          -83.12872314,
          42.57477188
        ]
      },
      "properties": {
        "netid": "90:35:EA:39:1F:E8",
        "ssid": "W4h8PF300d9;0&4B_F'0+F<33'+*_&`5",
        "oui": "90:35:EA",
        "channel": 1,
        "encryption": "wpa2",
        "firsttime": "2024-06-26T11:00:00.000Z",
        "lasttime": "2025-09-10T13:00:00.000Z",
        "city": null,
        "region": "MI",
        "country": "US",
        "road": "Rochester Road",
        "postalcode": "48084"
      }
    },
    {
      "type": "Feature",
      "geometry": {
        "type": "Point",
        "coordinates": [
          -118.26389313,
          33.94679642
        ]
      },
      "properties": {
        "netid": "90:35:EA:39:20:60",
        "ssid": "W416PC:B0[@00(0>2:6%F%A4&&+*%(Rc",
        "oui": "90:35:EA",
        "channel": 1,
        "encryption": "wep",
        "firsttime": "2024-12-13T18:00:00.000Z",
        "lasttime": "2024-12-13T15:00:00.000Z",
        "city": "Los Angeles",
        "region": "CA",
        "country": "US",
        "road": "East 99th Street",
        "postalcode": "90002"
      }
    },
    {
      "type": "Feature",
      "geometry": {
        "type": "Point",
        "coordinates": [
          -89.93219757,
          35.18375778
        ]
      },
      "properties": {
        "netid": "90:35:EA:39:20:7C",
        "ssid": "W4i<PJZ00P?80&4B4E&3*.<93(+.*,f>",
        "oui": "90:35:EA",
        "channel": 1,
        "encryption": "wep",
        "firsttime": "2025-01-31T21:00:00.000Z",
        "lasttime": "2025-01-31T17:00:00.000Z",
        "city": "Memphis",
        "region": "TN",
        "country": "US",
        "road": "Jackson Avenue",
        "postalcode": "38128"
      }
    },
    {
      "type": "Feature",
      "geometry": {
        "type": "Point",
        "coordinates": [
          -119.71902466,
          36.80820084
        ]
      },
      "properties": {
        "netid": "90:35:EA:39:21:A4",
        "ssid": "W4l5PdP10OU10&4B3@&36'<:2(.&*)1B",
        "oui": "90:35:EA",
        "channel": 1,
        "encryption": "wep",
        "firsttime": "2024-11-27T18:00:00.000Z",
        "lasttime": "2024-12-09T20:00:00.000Z",
        "city": null,
        "region": "CA",
        "country": "US",
        "road": "West Shaw Avenue",
        "postalcode": "93612"
      }
    },
    {
      "type": "Feature",
      "geometry": {
        "type": "Point",
        "coordinates": [
          -76.77814484,
          39.36177826
        ]
      },
      "properties": {
        "netid": "90:35:EA:39:22:08",
        "ssid": "W40;`9010Ni71(1,E@<1:%55&)-)).0l",
        "oui": "90:35:EA",
        "channel": 1,
        "encryption": "wep",
        "firsttime": "2025-12-18T18:00:00.000Z",
        "lasttime": "2025-12-19T01:00:00.000Z",
        "city": null,
        "region": "MD",
        "country": "US",
        "road": "Old Court Road",
        "postalcode": "21133"
      }
    },
    {
      "type": "Feature",
      "geometry": {
        "type": "Point",
        "coordinates": [
          -89.29078674,
          43.11523438
        ]
      },
      "properties": {
        "netid": "90:35:EA:39:22:74",
        "ssid": "WS3SW0CQhMJkSw1EFv6@0lz0",
        "oui": "90:35:EA",
        "channel": 1,
        "encryption": "wep",
        "firsttime": "2001-01-01T00:00:00.000Z",
        "lasttime": "2025-06-21T15:00:00.000Z",
        "city": "Madison",
        "region": "WI",
        "country": "US",
        "road": "Esker Drive",
        "postalcode": "53718"
      }
    },
    {
      "type": "Feature",
      "geometry": {
        "type": "Point",
        "coordinates": [
          -76.6087265,
          39.29322815
        ]
      },
      "properties": {
        "netid": "90:35:EA:39:22:F0",
        "ssid": "W4P0PoG204J60&4;*9-/E*<</%.*--@3",
        "oui": "90:35:EA",
        "channel": 1,
        "encryption": "wpa2",
        "firsttime": "2023-09-24T20:00:00.000Z",
        "lasttime": "2026-03-05T09:00:00.000Z",
        "city": "Baltimore",
        "region": "MD",
        "country": "US",
        "road": "North Gay Street",
        "postalcode": "21202"
      }
    },
    {
      "type": "Feature",
      "geometry": {
        "type": "Point",
        "coordinates": [
          -98.50391388,
          29.42713356
        ]
      },
      "properties": {
        "netid": "90:35:EA:39:22:F4",
        "ssid": "W4k1PAf;0Uh80)B&1(&/9)>C+%&'&'`;",
        "oui": "90:35:EA",
        "channel": 1,
        "encryption": "wpa2",
        "firsttime": "2025-03-24T17:00:00.000Z",
        "lasttime": "2025-03-24T16:00:00.000Z",
        "city": "San Antonio",
        "region": "TX",
        "country": "US",
        "road": "West Travis Street",
        "postalcode": "78205"
      }
    },
    {
      "type": "Feature",
      "geometry": {
        "type": "Point",
        "coordinates": [
          -119.78070831,
          36.73417282
        ]
      },
      "properties": {
        "netid": "90:35:EA:39:22:FC",
        "ssid": "W4l5P:Q10@a00&4B;4&10'<93++)-%A4",
        "oui": "90:35:EA",
        "channel": 1,
        "encryption": "wpa2",
        "firsttime": "2024-12-03T22:00:00.000Z",
        "lasttime": "2024-12-09T20:00:00.000Z",
        "city": "Fresno",
        "region": "CA",
        "country": "US",
        "road": "O Street",
        "postalcode": "93721"
      }
    },
    {
      "type": "Feature",
      "geometry": {
        "type": "Point",
        "coordinates": [
          -85.68486786,
          38.25464249
        ]
      },
      "properties": {
        "netid": "90:35:EA:39:23:84",
        "ssid": "W46=PX600`eW0&42@4(6BF633-+)%%PB",
        "oui": "90:35:EA",
        "channel": 1,
        "encryption": "wpa2",
        "firsttime": "2026-04-29T20:00:00.000Z",
        "lasttime": "2026-04-29T14:00:00.000Z",
        "city": "Louisville",
        "region": "KY",
        "country": "US",
        "road": "Frankfort Avenue",
        "postalcode": "40207"
      }
    },
    {
      "type": "Feature",
      "geometry": {
        "type": "Point",
        "coordinates": [
          -76.35652161,
          39.78408051
        ]
      },
      "properties": {
        "netid": "90:35:EA:39:23:88",
        "ssid": "W4P00BJ20Po<0&4;*9-/E'<</&)(&(@m",
        "oui": "90:35:EA",
        "channel": 1,
        "encryption": "wpa2",
        "firsttime": "2026-03-29T22:00:00.000Z",
        "lasttime": "2026-03-29T17:00:00.000Z",
        "city": "Lower Chanceford Township",
        "region": "PA",
        "country": "US",
        "road": "Delta Road",
        "postalcode": "17302"
      }
    },
    {
      "type": "Feature",
      "geometry": {
        "type": "Point",
        "coordinates": [
          -76.81835938,
          39.25688171
        ]
      },
      "properties": {
        "netid": "90:35:EA:39:24:08",
        "ssid": "W40;P<910`MN0&42@4(0+)933*-'__@g",
        "oui": "90:35:EA",
        "channel": 1,
        "encryption": "wpa2",
        "firsttime": "2026-08-20T13:00:00.000Z",
        "lasttime": "2026-08-20T12:00:00.000Z",
        "city": null,
        "region": "MD",
        "country": "US",
        "road": "Old Columbia Pike",
        "postalcode": "21043"
      }
    },
    {
      "type": "Feature",
      "geometry": {
        "type": "Point",
        "coordinates": [
          -119.80451965,
          39.50201797
        ]
      },
      "properties": {
        "netid": "90:35:EA:39:24:0C",
        "ssid": "W4e4PTI00@G50&516A03<(<&'%,,)&@l",
        "oui": "90:35:EA",
        "channel": 1,
        "encryption": "wpa2",
        "firsttime": "2025-09-17T21:00:00.000Z",
        "lasttime": "2025-09-17T19:00:00.000Z",
        "city": "Reno",
        "region": "NV",
        "country": "US",
        "road": "Lymbery Street",
        "postalcode": "89502"
      }
    },
    {
      "type": "Feature",
      "geometry": {
        "type": "Point",
        "coordinates": [
          -120.34945679,
          36.13711929
        ]
      },
      "properties": {
        "netid": "90:35:EA:39:24:80",
        "ssid": "W4l50]P10KiL0&4B_E'0+'<33.&_*+A?",
        "oui": "90:35:EA",
        "channel": 1,
        "encryption": "wpa2",
        "firsttime": "2026-04-28T21:00:00.000Z",
        "lasttime": "2026-05-01T08:00:00.000Z",
        "city": null,
        "region": "CA",
        "country": "US",
        "road": "North Garfield Street",
        "postalcode": null
      }
    },
    {
      "type": "Feature",
      "geometry": {
        "type": "Point",
        "coordinates": [
          -119.78916931,
          36.73500824
        ]
      },
      "properties": {
        "netid": "90:35:EA:39:24:8C",
        "ssid": "W4l50EP10`O60&4;A9,06*<5/)-.+%17",
        "oui": "90:35:EA",
        "channel": 1,
        "encryption": "wpa2",
        "firsttime": "2026-08-18T15:00:00.000Z",
        "lasttime": "2026-08-19T16:00:00.000Z",
        "city": "Fresno",
        "region": "CA",
        "country": "US",
        "road": "Van Ness Avenue",
        "postalcode": "93721"
      }
    },
    {
      "type": "Feature",
      "geometry": {
        "type": "Point",
        "coordinates": [
          -98.64768219,
          29.43326759
        ]
      },
      "properties": {
        "netid": "90:35:EA:39:24:C4",
        "ssid": "W4M1PFK10DSE0&1+@@\\054AB*<A&..+&(`7",
        "oui": "90:35:EA",
        "channel": 3,
        "encryption": "wpa2",
        "firsttime": "2025-05-01T16:00:00.000Z",
        "lasttime": "2025-05-01T16:00:00.000Z",
        "city": "San Antonio",
        "region": "TX",
        "country": "US",
        "road": "State Highway 151",
        "postalcode": "78251-2101"
      }
    },
    {
      "type": "Feature",
      "geometry": {
        "type": "Point",
        "coordinates": [
          -77.01642609,
          38.88695526
        ]
      },
      "properties": {
        "netid": "90:35:EA:39:25:0C",
        "ssid": "W4A;PMb30h^30&4.*%,*(-;6&)%.%,@k",
        "oui": "90:35:EA",
        "channel": 1,
        "encryption": "wpa2",
        "firsttime": "2024-11-30T01:00:00.000Z",
        "lasttime": "2026-01-29T08:00:00.000Z",
        "city": "Washington",
        "region": "DC",
        "country": "US",
        "road": "3rd Street Southwest",
        "postalcode": "20024"
      }
    },
    {
      "type": "Feature",
      "geometry": {
        "type": "Point",
        "coordinates": [
          -78.90876007,
          36.68383026
        ]
      },
      "properties": {
        "netid": "90:35:EA:39:25:64",
        "ssid": "W4><`m<80L=30&:%+&'%;6<6&)*+--Tg",
        "oui": "90:35:EA",
        "channel": 1,
        "encryption": "wpa2",
        "firsttime": "2025-06-26T11:00:00.000Z",
        "lasttime": "2025-07-08T12:00:00.000Z",
        "city": null,
        "region": "VA",
        "country": "US",
        "road": "Philpott Road",
        "postalcode": "25862"
      }
    },
    {
      "type": "Feature",
      "geometry": {
        "type": "Point",
        "coordinates": [
          -119.79129791,
          39.55893326
        ]
      },
      "properties": {
        "netid": "90:35:EA:39:25:B4",
        "ssid": "W4e4PdI00=i=0&1)@2845F<1&-)&-&0A",
        "oui": "90:35:EA",
        "channel": 1,
        "encryption": "wep",
        "firsttime": "2023-02-07T14:00:00.000Z",
        "lasttime": "2025-07-26T22:00:00.000Z",
        "city": "Reno",
        "region": "NV",
        "country": "US",
        "road": "North-South Freeway",
        "postalcode": "89512"
      }
    },
    {
      "type": "Feature",
      "geometry": {
        "type": "Point",
        "coordinates": [
          -119.81091309,
          39.55243301
        ]
      },
      "properties": {
        "netid": "90:35:EA:39:25:BC",
        "ssid": "W4e4PcI00O:@0&1)@2845.<1&-)&-+P5",
        "oui": "90:35:EA",
        "channel": 1,
        "encryption": "wpa2",
        "firsttime": "2024-10-05T04:00:00.000Z",
        "lasttime": "2025-11-21T19:00:00.000Z",
        "city": "Reno",
        "region": "NV",
        "country": "US",
        "road": "North McCarran Boulevard",
        "postalcode": "89557"
      }
    },
    {
      "type": "Feature",
      "geometry": {
        "type": "Point",
        "coordinates": [
          -119.71824646,
          36.82296753
        ]
      },
      "properties": {
        "netid": "90:35:EA:39:26:00",
        "ssid": "W4J5P@G10oY70&4B,E'/+,:33%-+',45",
        "oui": "90:35:EA",
        "channel": 1,
        "encryption": "wep",
        "firsttime": "2025-08-25T23:00:00.000Z",
        "lasttime": "2025-08-28T10:00:00.000Z",
        "city": null,
        "region": "CA",
        "country": "US",
        "road": "West Bullard Avenue",
        "postalcode": "93612"
      }
    },
    {
      "type": "Feature",
      "geometry": {
        "type": "Point",
        "coordinates": [
          -83.10857391,
          40.0970726
        ]
      },
      "properties": {
        "netid": "90:35:EA:39:27:58",
        "ssid": "W468P4;00ZA>0&4;*9-/EF<</%,+'+Pj",
        "oui": "90:35:EA",
        "channel": 1,
        "encryption": "wpa2",
        "firsttime": "2025-07-18T23:00:00.000Z",
        "lasttime": "2025-07-19T07:00:00.000Z",
        "city": null,
        "region": "OH",
        "country": "US",
        "road": "Riverside Drive",
        "postalcode": "43017"
      }
    },
    {
      "type": "Feature",
      "geometry": {
        "type": "Point",
        "coordinates": [
          -119.79478455,
          39.48732376
        ]
      },
      "properties": {
        "netid": "90:35:EA:39:27:D8",
        "ssid": "W4e4PmI00d=:0'1(12F95&<6&*(-)%0;",
        "oui": "90:35:EA",
        "channel": 1,
        "encryption": "wpa2",
        "firsttime": "2024-11-17T00:00:00.000Z",
        "lasttime": "2026-05-29T10:00:00.000Z",
        "city": "Reno",
        "region": "NV",
        "country": "US",
        "road": "West Peckham Lane",
        "postalcode": "89502"
      }
    },
    {
      "type": "Feature",
      "geometry": {
        "type": "Point",
        "coordinates": [
          -119.69947815,
          36.74313736
        ]
      },
      "properties": {
        "netid": "90:35:EA:39:28:90",
        "ssid": "W4l5`lO10[J20&4;*9-/0.<50'..*.aD",
        "oui": "90:35:EA",
        "channel": 1,
        "encryption": "wpa2",
        "firsttime": "2026-05-04T20:00:00.000Z",
        "lasttime": "2026-05-09T00:00:00.000Z",
        "city": "Fresno",
        "region": "CA",
        "country": "US",
        "road": "South Clovis Avenue",
        "postalcode": "93702"
      }
    },
    {
      "type": "Feature",
      "geometry": {
        "type": "Point",
        "coordinates": [
          -119.84351349,
          39.51950836
        ]
      },
      "properties": {
        "netid": "90:35:EA:39:28:F0",
        "ssid": "W4e4PEK00go60&516A03<,<&'%,,--`@",
        "oui": "90:35:EA",
        "channel": 1,
        "encryption": "wpa2",
        "firsttime": "2026-03-31T20:00:00.000Z",
        "lasttime": "2026-04-13T08:00:00.000Z",
        "city": "Reno",
        "region": "NV",
        "country": "US",
        "road": "Dana Kristin Lane",
        "postalcode": "89503"
      }
    },
    {
      "type": "Feature",
      "geometry": {
        "type": "Point",
        "coordinates": [
          -98.39115143,
          29.53128815
        ]
      },
      "properties": {
        "netid": "90:35:EA:39:29:90",
        "ssid": "W4k1PUe;0g7@0&4;*9-/0(<5/),)(*`>",
        "oui": "90:35:EA",
        "channel": 1,
        "encryption": "wpa2",
        "firsttime": "2025-05-03T09:00:00.000Z",
        "lasttime": "2025-05-03T02:00:00.000Z",
        "city": "San Antonio",
        "region": "TX",
        "country": "US",
        "road": "North Pan Am Expressway",
        "postalcode": "78217"
      }
    },
    {
      "type": "Feature",
      "geometry": {
        "type": "Point",
        "coordinates": [
          -76.61840057,
          39.32966995
        ]
      },
      "properties": {
        "netid": "90:35:EA:39:29:94",
        "ssid": "WSakmf8tEKec7LJPBZF54@@U",
        "oui": "90:35:EA",
        "channel": 1,
        "encryption": "wpa2",
        "firsttime": "2024-03-11T23:00:00.000Z",
        "lasttime": "2026-07-14T16:00:00.000Z",
        "city": "Baltimore",
        "region": "MD",
        "country": "US",
        "road": "North Charles Street",
        "postalcode": "21218"
      }
    },
    {
      "type": "Feature",
      "geometry": {
        "type": "Point",
        "coordinates": [
          -76.63799286,
          39.3171463
        ]
      },
      "properties": {
        "netid": "90:35:EA:39:2B:5C",
        "ssid": "W4P00LJ20k<50&4;*9-/E.<</&)&)+`j",
        "oui": "90:35:EA",
        "channel": 1,
        "encryption": "wpa2",
        "firsttime": "2025-02-16T13:00:00.000Z",
        "lasttime": "2026-03-26T12:00:00.000Z",
        "city": "Baltimore",
        "region": "MD",
        "country": "US",
        "road": null,
        "postalcode": "21217-1820"
      }
    },
    {
      "type": "Feature",
      "geometry": {
        "type": "Point",
        "coordinates": [
          -119.699646,
          36.74265671
        ]
      },
      "properties": {
        "netid": "90:35:EA:39:2B:70",
        "ssid": "W4J50IQ10id90&4B;4&10.<92...%.4:",
        "oui": "90:35:EA",
        "channel": 1,
        "encryption": "wep",
        "firsttime": "2026-05-19T17:00:00.000Z",
        "lasttime": "2026-05-21T19:00:00.000Z",
        "city": "Fresno",
        "region": "CA",
        "country": "US",
        "road": "South Clovis Avenue",
        "postalcode": "93702"
      }
    },
    {
      "type": "Feature",
      "geometry": {
        "type": "Point",
        "coordinates": [
          -96.57217407,
          33.2767601
        ]
      },
      "properties": {
        "netid": "90:35:EA:39:2B:74",
        "ssid": "W4W4PPA00X?Z0&;'/<)5G(>;%(*''&U5",
        "oui": "90:35:EA",
        "channel": 1,
        "encryption": "wpa2",
        "firsttime": "2024-05-10T20:00:00.000Z",
        "lasttime": "2026-08-21T00:00:00.000Z",
        "city": "Melissa",
        "region": "TX",
        "country": "US",
        "road": "Sam Rayburn Highway",
        "postalcode": "75454"
      }
    },
    {
      "type": "Feature",
      "geometry": {
        "type": "Point",
        "coordinates": [
          -80.26501465,
          25.80508041
        ]
      },
      "properties": {
        "netid": "90:35:EA:39:2B:AC",
        "ssid": "W4G00_<F0l7?0&5&H1*AB&<4&+)'',`n",
        "oui": "90:35:EA",
        "channel": 1,
        "encryption": "wpa2",
        "firsttime": "2026-05-06T11:00:00.000Z",
        "lasttime": "2026-05-06T05:00:00.000Z",
        "city": null,
        "region": "FL",
        "country": "US",
        "road": "Airport Expressway",
        "postalcode": "33266"
      }
    },
    {
      "type": "Feature",
      "geometry": {
        "type": "Point",
        "coordinates": [
          -83.14849854,
          42.57726669
        ]
      },
      "properties": {
        "netid": "90:35:EA:39:2B:CC",
        "ssid": "W4h8PG300\\a;0&4B,F'0+&<33'+*,'@6",
        "oui": "90:35:EA",
        "channel": 1,
        "encryption": "wpa2",
        "firsttime": "2025-10-13T13:00:00.000Z",
        "lasttime": "2025-10-13T06:00:00.000Z",
        "city": null,
        "region": "MI",
        "country": "US",
        "road": "West Wattles Road",
        "postalcode": "48098"
      }
    },
    {
      "type": "Feature",
      "geometry": {
        "type": "Point",
        "coordinates": [
          -77.00975037,
          38.89786148
        ]
      },
      "properties": {
        "netid": "90:35:EA:39:2B:D4",
        "ssid": "W4A;P4H00J:10*B4>F)3<F1F%&('%.dm",
        "oui": "90:35:EA",
        "channel": 1,
        "encryption": "wpa2",
        "firsttime": "2025-08-27T12:00:00.000Z",
        "lasttime": "2025-08-27T05:00:00.000Z",
        "city": "Washington",
        "region": "DC",
        "country": "US",
        "road": "Massachusetts Avenue Northwest",
        "postalcode": "20001"
      }
    },
    {
      "type": "Feature",
      "geometry": {
        "type": "Point",
        "coordinates": [
          -96.53827667,
          29.69291687
        ]
      },
      "properties": {
        "netid": "90:35:EA:39:2B:D8",
        "ssid": "W4040de009jC2%%%%%%%%%%,.&%&'(@H",
        "oui": "90:35:EA",
        "channel": 1,
        "encryption": "wpa2",
        "firsttime": "2024-10-25T21:00:00.000Z",
        "lasttime": "2025-12-26T16:00:00.000Z",
        "city": null,
        "region": "TX",
        "country": "US",
        "road": "I 10",
        "postalcode": "78934"
      }
    },
    {
      "type": "Feature",
      "geometry": {
        "type": "Point",
        "coordinates": [
          -76.61621094,
          39.28997803
        ]
      },
      "properties": {
        "netid": "90:35:EA:39:2B:EC",
        "ssid": "W4P0PSJ20l970&4;*9-/EF<</&(,&,@;",
        "oui": "90:35:EA",
        "channel": 1,
        "encryption": "wpa2",
        "firsttime": "2024-06-25T11:00:00.000Z",
        "lasttime": "2025-06-04T04:00:00.000Z",
        "city": "Baltimore",
        "region": "MD",
        "country": "US",
        "road": "West Baltimore Street",
        "postalcode": "21201"
      }
    },
    {
      "type": "Feature",
      "geometry": {
        "type": "Point",
        "coordinates": [
          -111.90836334,
          33.53850174
        ]
      },
      "properties": {
        "netid": "90:35:EA:39:2B:F0",
        "ssid": "W4B3Pgj00J940&4B3F&10F<94%.&,(@=",
        "oui": "90:35:EA",
        "channel": 1,
        "encryption": "wpa2",
        "firsttime": "2024-08-09T19:00:00.000Z",
        "lasttime": "2025-05-09T18:00:00.000Z",
        "city": "Scottsdale",
        "region": "AZ",
        "country": "US",
        "road": "East Indian Bend Road",
        "postalcode": "85250"
      }
    },
    {
      "type": "Feature",
      "geometry": {
        "type": "Point",
        "coordinates": [
          -85.67178345,
          38.16001892
        ]
      },
      "properties": {
        "netid": "90:35:EA:39:2C:08",
        "ssid": "W46=P;700=ZB0&42@4(6B(92/%&(()0a",
        "oui": "90:35:EA",
        "channel": 1,
        "encryption": "wpa2",
        "firsttime": "2025-01-19T23:00:00.000Z",
        "lasttime": "2025-04-12T17:00:00.000Z",
        "city": "Louisville",
        "region": "KY",
        "country": "US",
        "road": "Poplar Level Road",
        "postalcode": "40219"
      }
    },
    {
      "type": "Feature",
      "geometry": {
        "type": "Point",
        "coordinates": [
          -76.83197784,
          39.27750778
        ]
      },
      "properties": {
        "netid": "90:35:EA:39:2C:0C",
        "ssid": "W40;PQ510]MB0&4;*9-/@-850*.&,&0k",
        "oui": "90:35:EA",
        "channel": 1,
        "encryption": "wpa2",
        "firsttime": "2025-11-13T00:00:00.000Z",
        "lasttime": "2025-12-31T18:00:00.000Z",
        "city": null,
        "region": "MD",
        "country": "US",
        "road": "Baltimore National Pike",
        "postalcode": "21042"
      }
    },
    {
      "type": "Feature",
      "geometry": {
        "type": "Point",
        "coordinates": [
          -89.93114471,
          35.1158638
        ]
      },
      "properties": {
        "netid": "90:35:EA:39:2C:10",
        "ssid": "W4i<0KY00Je80&4B04'/+*<32,-)',f5",
        "oui": "90:35:EA",
        "channel": 1,
        "encryption": "wpa2",
        "firsttime": "2026-01-05T04:00:00.000Z",
        "lasttime": "2026-01-04T21:00:00.000Z",
        "city": "Memphis",
        "region": "TN",
        "country": "US",
        "road": "Southern Avenue",
        "postalcode": "38117"
      }
    },
    {
      "type": "Feature",
      "geometry": {
        "type": "Point",
        "coordinates": [
          -117.81697083,
          33.67644501
        ]
      },
      "properties": {
        "netid": "90:35:EA:39:2C:70",
        "ssid": "W4D5PiA50HK20&40/F'G-.>9/%,,,-@4",
        "oui": "90:35:EA",
        "channel": 1,
        "encryption": "wpa2",
        "firsttime": "2023-09-15T22:00:00.000Z",
        "lasttime": "2024-11-20T17:00:00.000Z",
        "city": "Irvine",
        "region": "CA",
        "country": "US",
        "road": "Main Street",
        "postalcode": "92614"
      }
    },
    {
      "type": "Feature",
      "geometry": {
        "type": "Point",
        "coordinates": [
          -76.8246994,
          39.30176544
        ]
      },
      "properties": {
        "netid": "90:35:EA:39:2C:80",
        "ssid": "W40;P8810OVC0&4;*9-/@.950&*%'&Pa",
        "oui": "90:35:EA",
        "channel": 1,
        "encryption": "wep",
        "firsttime": "2026-06-07T23:00:00.000Z",
        "lasttime": "2026-06-07T16:00:00.000Z",
        "city": null,
        "region": "MD",
        "country": "US",
        "road": "Columbia Pike",
        "postalcode": "21043:21244"
      }
    },
    {
      "type": "Feature",
      "geometry": {
        "type": "Point",
        "coordinates": [
          -97.00911713,
          30.18414116
        ]
      },
      "properties": {
        "netid": "90:35:EA:39:2C:84",
        "ssid": "W4040je00e7D1%%%%%%%%%%,.&+''(`I",
        "oui": "90:35:EA",
        "channel": 1,
        "encryption": "wep",
        "firsttime": "2024-08-31T19:00:00.000Z",
        "lasttime": "2025-10-01T19:00:00.000Z",
        "city": null,
        "region": "TX",
        "country": "US",
        "road": "US 290",
        "postalcode": null
      }
    },
    {
      "type": "Feature",
      "geometry": {
        "type": "Point",
        "coordinates": [
          -76.60948181,
          39.32486343
        ]
      },
      "properties": {
        "netid": "90:35:EA:39:2C:C0",
        "ssid": "W4P0PHJ20@Q90&4;*9-/E&<</&)(&-Pk",
        "oui": "90:35:EA",
        "channel": 1,
        "encryption": "wpa2",
        "firsttime": "2025-03-06T23:00:00.000Z",
        "lasttime": "2025-09-18T05:00:00.000Z",
        "city": "Baltimore",
        "region": "MD",
        "country": "US",
        "road": "Greenmount Avenue",
        "postalcode": "21218"
      }
    },
    {
      "type": "Feature",
      "geometry": {
        "type": "Point",
        "coordinates": [
          -118.43088531,
          33.99920273
        ]
      },
      "properties": {
        "netid": "90:35:EA:39:2C:C4",
        "ssid": "W4160^i50o[70&52;-1&5++4)'-.&%bm",
        "oui": "90:35:EA",
        "channel": 1,
        "encryption": "wpa2",
        "firsttime": "2026-01-14T17:00:00.000Z",
        "lasttime": "2026-01-14T16:00:00.000Z",
        "city": null,
        "region": "CA",
        "country": "US",
        "road": "Washington Place",
        "postalcode": "90066"
      }
    },
    {
      "type": "Feature",
      "geometry": {
        "type": "Point",
        "coordinates": [
          -98.48805237,
          29.41883659
        ]
      },
      "properties": {
        "netid": "90:35:EA:39:2D:80",
        "ssid": "W4k1Pgd;0DC;0&4;*9-/0.<5/*-(_)6@",
        "oui": "90:35:EA",
        "channel": 1,
        "encryption": "wep",
        "firsttime": "2025-07-13T19:00:00.000Z",
        "lasttime": "2025-07-13T15:00:00.000Z",
        "city": "San Antonio",
        "region": "TX",
        "country": "US",
        "road": "Hemisfair Boulevard",
        "postalcode": "78205"
      }
    },
    {
      "type": "Feature",
      "geometry": {
        "type": "Point",
        "coordinates": [
          -119.80104828,
          36.75788498
        ]
      },
      "properties": {
        "netid": "90:35:EA:39:2D:BC",
        "ssid": "W4J5PVF10Dk:0&4;*9-/0F:51(*+.%d8",
        "oui": "90:35:EA",
        "channel": 1,
        "encryption": "wpa2",
        "firsttime": "2026-06-22T14:00:00.000Z",
        "lasttime": "2026-06-22T07:00:00.000Z",
        "city": "Fresno",
        "region": "CA",
        "country": "US",
        "road": "North Wishon Avenue",
        "postalcode": "93702"
      }
    },
    {
      "type": "Feature",
      "geometry": {
        "type": "Point",
        "coordinates": [
          -111.90879059,
          33.49469757
        ]
      },
      "properties": {
        "netid": "90:35:EA:39:2D:CC",
        "ssid": "W4B3P>k00dY30&42-F(/+%<34.&&-&01",
        "oui": "90:35:EA",
        "channel": 1,
        "encryption": "wpa2",
        "firsttime": "2024-09-04T16:00:00.000Z",
        "lasttime": "2026-03-21T16:00:00.000Z",
        "city": "Scottsdale",
        "region": "AZ",
        "country": "US",
        "road": "North Hayden Road",
        "postalcode": "85251"
      }
    },
    {
      "type": "Feature",
      "geometry": {
        "type": "Point",
        "coordinates": [
          -98.49803925,
          29.45230675
        ]
      },
      "properties": {
        "netid": "90:35:EA:39:2E:0C",
        "ssid": "W4k1PKe;0J680&4;*9-/0)<5/)-(%)02",
        "oui": "90:35:EA",
        "channel": 1,
        "encryption": "wpa2",
        "firsttime": "2025-11-04T07:00:00.000Z",
        "lasttime": "2025-11-16T23:00:00.000Z",
        "city": "San Antonio",
        "region": "TX",
        "country": "US",
        "road": "West Craig Place",
        "postalcode": "78201"
      }
    },
    {
      "type": "Feature",
      "geometry": {
        "type": "Point",
        "coordinates": [
          -76.59524536,
          39.31673813
        ]
      },
      "properties": {
        "netid": "90:35:EA:39:2F:08",
        "ssid": "W4P0P>J20jR:0&4;*9-/E,<</&)''+05",
        "oui": "90:35:EA",
        "channel": 1,
        "encryption": "wep",
        "firsttime": "2025-03-17T15:00:00.000Z",
        "lasttime": "2025-09-18T05:00:00.000Z",
        "city": "Baltimore",
        "region": "MD",
        "country": "US",
        "road": "East 25th Street",
        "postalcode": "21213"
      }
    },
    {
      "type": "Feature",
      "geometry": {
        "type": "Point",
        "coordinates": [
          -119.73615265,
          36.76512146
        ]
      },
      "properties": {
        "netid": "90:35:EA:39:2F:DC",
        "ssid": "W4J5P4Q10Rf50&<9H:8%F%>8'()-..T<",
        "oui": "90:35:EA",
        "channel": 1,
        "encryption": "wpa2",
        "firsttime": "2025-06-27T16:00:00.000Z",
        "lasttime": "2025-06-27T16:00:00.000Z",
        "city": "Fresno",
        "region": "CA",
        "country": "US",
        "road": "East McKinley Avenue",
        "postalcode": "93702"
      }
    },
    {
      "type": "Feature",
      "geometry": {
        "type": "Point",
        "coordinates": [
          -76.67085266,
          39.35655975
        ]
      },
      "properties": {
        "netid": "90:35:EA:39:30:14",
        "ssid": "W4P0PAJ205370&4;*9-/E-<</&)'.,@b",
        "oui": "90:35:EA",
        "channel": 1,
        "encryption": "wep",
        "firsttime": "2026-04-09T12:00:00.000Z",
        "lasttime": "2026-04-10T09:00:00.000Z",
        "city": "Baltimore",
        "region": "MD",
        "country": "US",
        "road": "West Northern Parkway",
        "postalcode": "21215"
      }
    },
    {
      "type": "Feature",
      "geometry": {
        "type": "Point",
        "coordinates": [
          -76.57661438,
          39.28589249
        ]
      },
      "properties": {
        "netid": "90:35:EA:39:30:A4",
        "ssid": "W4P0P0000K]=0&4;*9-/E,<</&(,+.0i",
        "oui": "90:35:EA",
        "channel": 1,
        "encryption": "wpa2",
        "firsttime": "2024-03-27T20:00:00.000Z",
        "lasttime": "2025-12-31T10:00:00.000Z",
        "city": "Baltimore",
        "region": "MD",
        "country": "US",
        "road": "South Streeper Street",
        "postalcode": "21224"
      }
    },
    {
      "type": "Feature",
      "geometry": {
        "type": "Point",
        "coordinates": [
          -72.91677094,
          40.83256912
        ]
      },
      "properties": {
        "netid": "90:35:EA:39:30:A8",
        "ssid": "W4b9PACm02220&4B0E'G--A9/.-+*'`:",
        "oui": "90:35:EA",
        "channel": 1,
        "encryption": "wpa2",
        "firsttime": "2026-08-14T16:00:00.000Z",
        "lasttime": "2026-08-20T02:00:00.000Z",
        "city": null,
        "region": "NY",
        "country": "US",
        "road": "Long Island Expressway",
        "postalcode": "11980"
      }
    },
    {
      "type": "Feature",
      "geometry": {
        "type": "Point",
        "coordinates": [
          -73.13332367,
          40.78807068
        ]
      },
      "properties": {
        "netid": "90:35:EA:39:31:04",
        "ssid": "W4b9P?O50DS80'1)@1&15)<@'%()._`m",
        "oui": "90:35:EA",
        "channel": 1,
        "encryption": "wep",
        "firsttime": "2026-03-20T16:00:00.000Z",
        "lasttime": "2026-03-24T12:00:00.000Z",
        "city": null,
        "region": "NY",
        "country": "US",
        "road": "Veterans Memorial Highway",
        "postalcode": "11779"
      }
    },
    {
      "type": "Feature",
      "geometry": {
        "type": "Point",
        "coordinates": [
          -75.18955994,
          39.92192841
        ]
      },
      "properties": {
        "netid": "90:35:EA:39:32:14",
        "ssid": "W4A<Pcn10b]>0&4B4F&34-493)(-,)BL",
        "oui": "90:35:EA",
        "channel": 7,
        "encryption": "wpa2",
        "firsttime": "2024-09-01T20:00:00.000Z",
        "lasttime": "2024-09-01T20:00:00.000Z",
        "city": "Philadelphia",
        "region": "PA",
        "country": "US",
        "road": "Passyunk Avenue",
        "postalcode": "19145"
      }
    },
    {
      "type": "Feature",
      "geometry": {
        "type": "Point",
        "coordinates": [
          -118.24465942,
          34.03998947
        ]
      },
      "properties": {
        "netid": "90:35:EA:39:32:B8",
        "ssid": "WSg5W:4wiqlJWUsF00iAWln0",
        "oui": "90:35:EA",
        "channel": 1,
        "encryption": "wpa2",
        "firsttime": "2024-10-01T22:00:00.000Z",
        "lasttime": "2024-10-01T18:00:00.000Z",
        "city": "Los Angeles",
        "region": "CA",
        "country": "US",
        "road": "Towne Avenue",
        "postalcode": "90021"
      }
    },
    {
      "type": "Feature",
      "geometry": {
        "type": "Point",
        "coordinates": [
          -76.86354828,
          39.20838165
        ]
      },
      "properties": {
        "netid": "90:35:EA:39:33:08",
        "ssid": "W40;PE?20ILE0&4;*9-/E+:50%_+(%`e",
        "oui": "90:35:EA",
        "channel": 1,
        "encryption": "wpa2",
        "firsttime": "2025-05-23T21:00:00.000Z",
        "lasttime": "2026-08-25T08:00:00.000Z",
        "city": "Columbia",
        "region": "MD",
        "country": "US",
        "road": "Dennis Lane",
        "postalcode": "21044"
      }
    },
    {
      "type": "Feature",
      "geometry": {
        "type": "Point",
        "coordinates": [
          -89.27124786,
          43.10288239
        ]
      },
      "properties": {
        "netid": "90:35:EA:39:33:4C",
        "ssid": "W4V6P6P00IgE0&4;*9-/E*:51.'_(_`7",
        "oui": "90:35:EA",
        "channel": 1,
        "encryption": "wpa2",
        "firsttime": "2023-10-12T22:00:00.000Z",
        "lasttime": "2024-12-29T09:00:00.000Z",
        "city": "Madison",
        "region": "WI",
        "country": "US",
        "road": "I 94",
        "postalcode": "53718"
      }
    },
    {
      "type": "Feature",
      "geometry": {
        "type": "Point",
        "coordinates": [
          -76.8059845,
          39.20732498
        ]
      },
      "properties": {
        "netid": "90:35:EA:39:34:6C",
        "ssid": "W40;Pil00>:D0<;%:A_/<)/B%&&_%*04",
        "oui": "90:35:EA",
        "channel": 1,
        "encryption": "wpa2",
        "firsttime": "2024-09-16T12:00:00.000Z",
        "lasttime": "2024-09-16T18:00:00.000Z",
        "city": "Columbia",
        "region": "MD",
        "country": "US",
        "road": "Snowden River Parkway",
        "postalcode": "21045-1986"
      }
    },
    {
      "type": "Feature",
      "geometry": {
        "type": "Point",
        "coordinates": [
          -83.35865784,
          42.49901199
        ]
      },
      "properties": {
        "netid": "90:35:EA:39:34:80",
        "ssid": "W40;PS@10a;N0&1)@84/5';1\\054.).*-0m",
        "oui": "90:35:EA",
        "channel": 1,
        "encryption": "wep",
        "firsttime": "2025-07-16T11:00:00.000Z",
        "lasttime": "2025-07-16T05:00:00.000Z",
        "city": null,
        "region": "MI",
        "country": "US",
        "road": "Orchard Lake Road",
        "postalcode": "48334"
      }
    },
    {
      "type": "Feature",
      "geometry": {
        "type": "Point",
        "coordinates": [
          -119.78072357,
          39.51885986
        ]
      },
      "properties": {
        "netid": "90:35:EA:39:35:B4",
        "ssid": "W4e4PSI00mK60&516A03<)<&'%,,((09",
        "oui": "90:35:EA",
        "channel": 1,
        "encryption": "wpa2",
        "firsttime": "2026-03-10T21:00:00.000Z",
        "lasttime": "2026-03-10T14:00:00.000Z",
        "city": "Reno",
        "region": "NV",
        "country": "US",
        "road": "Mill Street",
        "postalcode": "89502"
      }
    },
    {
      "type": "Feature",
      "geometry": {
        "type": "Point",
        "coordinates": [
          -76.9431076,
          39.20658112
        ]
      },
      "properties": {
        "netid": "90:35:EA:39:35:F4",
        "ssid": "W40;PUE105C30,;C40/05+@D%(%(()@c",
        "oui": "90:35:EA",
        "channel": 1,
        "encryption": "wpa2",
        "firsttime": "2026-01-08T15:00:00.000Z",
        "lasttime": "2026-01-08T08:00:00.000Z",
        "city": "Columbia",
        "region": "MD",
        "country": "US",
        "road": "Ten Oaks Road",
        "postalcode": "21029"
      }
    },
    {
      "type": "Feature",
      "geometry": {
        "type": "Point",
        "coordinates": [
          -76.78044128,
          39.19330597
        ]
      },
      "properties": {
        "netid": "90:35:EA:39:36:2C",
        "ssid": "W40;PG=10k830&4B04'0+F;32*&)('Pe",
        "oui": "90:35:EA",
        "channel": 1,
        "encryption": "wep",
        "firsttime": "2024-10-17T14:00:00.000Z",
        "lasttime": "2024-10-17T07:00:00.000Z",
        "city": null,
        "region": "MD",
        "country": "US",
        "road": "Mayfield Avenue",
        "postalcode": "21075"
      }
    },
    {
      "type": "Feature",
      "geometry": {
        "type": "Point",
        "coordinates": [
          -76.84824371,
          39.17804718
        ]
      },
      "properties": {
        "netid": "90:35:EA:39:36:8C",
        "ssid": "W40;P@o00f@:0&4;1C.52-6C/\\054+()%P6",
        "oui": "90:35:EA",
        "channel": 8,
        "encryption": "wpa2",
        "firsttime": "2024-01-15T18:00:00.000Z",
        "lasttime": "2025-03-08T10:00:00.000Z",
        "city": "Columbia",
        "region": "MD",
        "country": "US",
        "road": "Broken Land Parkway",
        "postalcode": "21046"
      }
    },
    {
      "type": "Feature",
      "geometry": {
        "type": "Point",
        "coordinates": [
          -75.04708099,
          39.97611618
        ]
      },
      "properties": {
        "netid": "90:35:EA:39:36:F4",
        "ssid": "W4A<PWO00k^@0&4;*9-/0%>5/&,&*&`7",
        "oui": "90:35:EA",
        "channel": 1,
        "encryption": "wpa2",
        "firsttime": "2026-02-14T14:00:00.000Z",
        "lasttime": "2026-04-15T14:00:00.000Z",
        "city": null,
        "region": "NJ",
        "country": "US",
        "road": "NJ 90",
        "postalcode": "08110"
      }
    },
    {
      "type": "Feature",
      "geometry": {
        "type": "Point",
        "coordinates": [
          -75.08532715,
          39.87405014
        ]
      },
      "properties": {
        "netid": "90:35:EA:39:37:A0",
        "ssid": "W4A<PS310jmE0&4;*9-/0->5/&_&)&P6",
        "oui": "90:35:EA",
        "channel": 1,
        "encryption": "wpa2",
        "firsttime": "2025-07-27T02:00:00.000Z",
        "lasttime": "2026-06-03T06:00:00.000Z",
        "city": null,
        "region": "NJ",
        "country": "US",
        "road": "Glover Avenue",
        "postalcode": "08059"
      }
    },
    {
      "type": "Feature",
      "geometry": {
        "type": "Point",
        "coordinates": [
          -75.66416168,
          39.68033981
        ]
      },
      "properties": {
        "netid": "90:35:EA:39:37:D4",
        "ssid": "W4A<0Hj40G5E0&4;1C.5+*:C0'*(,)0l",
        "oui": "90:35:EA",
        "channel": 1,
        "encryption": "wpa2",
        "firsttime": "2024-11-08T22:00:00.000Z",
        "lasttime": "2024-11-20T11:00:00.000Z",
        "city": null,
        "region": "DE",
        "country": "US",
        "road": "Delaware Turnpike",
        "postalcode": "19713:19720"
      }
    },
    {
      "type": "Feature",
      "geometry": {
        "type": "Point",
        "coordinates": [
          -97.72249603,
          30.23475647
        ]
      },
      "properties": {
        "netid": "90:35:EA:39:38:B4",
        "ssid": "W404PLb00CV61%%%%%%%%%%,-.(*'(0G",
        "oui": "90:35:EA",
        "channel": 1,
        "encryption": "wpa2",
        "firsttime": "2024-05-15T04:00:00.000Z",
        "lasttime": "2024-10-11T08:00:00.000Z",
        "city": "Austin",
        "region": "TX",
        "country": "US",
        "road": "East Riverside Drive",
        "postalcode": "78741"
      }
    },
    {
      "type": "Feature",
      "geometry": {
        "type": "Point",
        "coordinates": [
          -75.13130188,
          39.95244217
        ]
      },
      "properties": {
        "netid": "90:35:EA:39:39:28",
        "ssid": "W4A<PH600g]:0&4B;4&34*593-)-)+`4",
        "oui": "90:35:EA",
        "channel": 1,
        "encryption": "wep",
        "firsttime": "2026-07-11T17:00:00.000Z",
        "lasttime": "2026-07-11T11:00:00.000Z",
        "city": "Philadelphia",
        "region": "PA",
        "country": "US",
        "road": "Race Street",
        "postalcode": "19106"
      }
    },
    {
      "type": "Feature",
      "geometry": {
        "type": "Point",
        "coordinates": [
          -118.40255737,
          33.90062332
        ]
      },
      "properties": {
        "netid": "90:35:EA:39:3A:90",
        "ssid": "W4b5PG800Ao50&4;*9-/0&<50)*.)*Pn",
        "oui": "90:35:EA",
        "channel": 1,
        "encryption": "wpa2",
        "firsttime": "2024-10-04T19:00:00.000Z",
        "lasttime": "2025-01-29T23:00:00.000Z",
        "city": null,
        "region": "CA",
        "country": "US",
        "road": "Maple Avenue",
        "postalcode": "90266"
      }
    },
    {
      "type": "Feature",
      "geometry": {
        "type": "Point",
        "coordinates": [
          -80.18494415,
          25.89943314
        ]
      },
      "properties": {
        "netid": "90:35:EA:39:3B:00",
        "ssid": "W4[0P@F00hI:0<;%5A.3',<&*(*-'%@n",
        "oui": "90:35:EA",
        "channel": 1,
        "encryption": "wpa2",
        "firsttime": "2026-06-02T18:00:00.000Z",
        "lasttime": "2026-06-02T11:00:00.000Z",
        "city": null,
        "region": "FL",
        "country": "US",
        "road": "Northeast 135th Street",
        "postalcode": "33161"
      }
    },
    {
      "type": "Feature",
      "geometry": {
        "type": "Point",
        "coordinates": [
          -75.18335724,
          39.91340637
        ]
      },
      "properties": {
        "netid": "90:35:EA:39:3B:0C",
        "ssid": "W4A<04U?0B]90&6BE2//@+26('&()(bh",
        "oui": "90:35:EA",
        "channel": 1,
        "encryption": "wpa2",
        "firsttime": "2026-02-12T14:00:00.000Z",
        "lasttime": "2026-02-12T14:00:00.000Z",
        "city": "Philadelphia",
        "region": "PA",
        "country": "US",
        "road": "Schuylkill Expressway",
        "postalcode": "19145"
      }
    },
    {
      "type": "Feature",
      "geometry": {
        "type": "Point",
        "coordinates": [
          -76.89318848,
          39.23912811
        ]
      },
      "properties": {
        "netid": "90:35:EA:39:3B:78",
        "ssid": "W40;P:410AFB0&4;*9-/B,85/,'.+.`^",
        "oui": "90:35:EA",
        "channel": 1,
        "encryption": "wep",
        "firsttime": "2023-01-27T13:00:00.000Z",
        "lasttime": "2026-05-22T09:00:00.000Z",
        "city": "Columbia",
        "region": "MD",
        "country": "US",
        "road": "Clarksville Pike",
        "postalcode": "21029"
      }
    },
    {
      "type": "Feature",
      "geometry": {
        "type": "Point",
        "coordinates": [
          -76.87483215,
          39.21463776
        ]
      },
      "properties": {
        "netid": "90:35:EA:39:3B:CC",
        "ssid": "W40;0`510RdE0&4;*9-/@'850.'(',0i",
        "oui": "90:35:EA",
        "channel": 1,
        "encryption": "wpa2",
        "firsttime": "2024-11-19T21:00:00.000Z",
        "lasttime": "2024-11-19T14:00:00.000Z",
        "city": "Columbia",
        "region": "MD",
        "country": "US",
        "road": "Little Patuxent Parkway",
        "postalcode": "21044"
      }
    },
    {
      "type": "Feature",
      "geometry": {
        "type": "Point",
        "coordinates": [
          -80.32525635,
          25.91343307
        ]
      },
      "properties": {
        "netid": "90:35:EA:39:3C:38",
        "ssid": "W4G0P@5F0N490'1(12F/B+;6++-+''`c",
        "oui": "90:35:EA",
        "channel": 1,
        "encryption": "wpa2",
        "firsttime": "2026-06-08T18:00:00.000Z",
        "lasttime": "2026-06-08T18:00:00.000Z",
        "city": null,
        "region": "FL",
        "country": "US",
        "road": "Northwest 154th Street",
        "postalcode": "33014"
      }
    },
    {
      "type": "Feature",
      "geometry": {
        "type": "Point",
        "coordinates": [
          -75.00497437,
          39.8347702
        ]
      },
      "properties": {
        "netid": "90:35:EA:39:3C:9C",
        "ssid": "W4A<0Dj30_g30&42%E*5<F:32.+))%@;",
        "oui": "90:35:EA",
        "channel": 1,
        "encryption": "wpa2",
        "firsttime": "2026-07-06T15:00:00.000Z",
        "lasttime": "2026-07-06T11:00:00.000Z",
        "city": null,
        "region": "NJ",
        "country": "US",
        "road": "White Horse Road West",
        "postalcode": "08043"
      }
    },
    {
      "type": "Feature",
      "geometry": {
        "type": "Point",
        "coordinates": [
          -118.39138794,
          34.24103928
        ]
      },
      "properties": {
        "netid": "90:35:EA:39:3D:20",
        "ssid": "W466P5ZA0O>20&4B0E.15F<9/*-%&-33",
        "oui": "90:35:EA",
        "channel": 1,
        "encryption": "wep",
        "firsttime": "2024-10-17T21:00:00.000Z",
        "lasttime": "2024-10-17T15:00:00.000Z",
        "city": "Los Angeles",
        "region": "CA",
        "country": "US",
        "road": "Sheldon Street",
        "postalcode": "91352"
      }
    },
    {
      "type": "Feature",
      "geometry": {
        "type": "Point",
        "coordinates": [
          -76.84989166,
          39.18400574
        ]
      },
      "properties": {
        "netid": "90:35:EA:39:3D:24",
        "ssid": "W40;Pg:10RD90&4B4E&3*_:40'%)('Ph",
        "oui": "90:35:EA",
        "channel": 1,
        "encryption": "wpa2",
        "firsttime": "2026-08-10T16:00:00.000Z",
        "lasttime": "2026-08-20T12:00:00.000Z",
        "city": "Columbia",
        "region": "MD",
        "country": "US",
        "road": "Broken Land Parkway",
        "postalcode": "21046"
      }
    },
    {
      "type": "Feature",
      "geometry": {
        "type": "Point",
        "coordinates": [
          -75.15100098,
          39.90987396
        ]
      },
      "properties": {
        "netid": "90:35:EA:39:3D:7C",
        "ssid": "W4A<PKI10lID0&4;*9-/0.>5/&_&((`1",
        "oui": "90:35:EA",
        "channel": 1,
        "encryption": "wpa2",
        "firsttime": "2026-08-07T10:00:00.000Z",
        "lasttime": "2026-08-07T13:00:00.000Z",
        "city": "Philadelphia",
        "region": "PA",
        "country": "US",
        "road": "South Front Street",
        "postalcode": "19148"
      }
    },
    {
      "type": "Feature",
      "geometry": {
        "type": "Point",
        "coordinates": [
          -80.08888245,
          26.35054398
        ]
      },
      "properties": {
        "netid": "90:35:EA:39:3D:E4",
        "ssid": "W4Z<PEW102P50&4;*9-/0)<5/%+.%.0j",
        "oui": "90:35:EA",
        "channel": 1,
        "encryption": "wep",
        "firsttime": "2025-11-20T15:00:00.000Z",
        "lasttime": "2025-12-04T18:00:00.000Z",
        "city": "Boca Raton",
        "region": "FL",
        "country": "US",
        "road": "West Palmetto Park Road",
        "postalcode": "33432"
      }
    },
    {
      "type": "Feature",
      "geometry": {
        "type": "Point",
        "coordinates": [
          -76.82417297,
          39.18016815
        ]
      },
      "properties": {
        "netid": "90:35:EA:39:3E:F8",
        "ssid": "W40;Poo20;]?0&4;1C.5F%3C1%&%.(PA",
        "oui": "90:35:EA",
        "channel": 1,
        "encryption": "wpa2",
        "firsttime": "2026-07-14T16:00:00.000Z",
        "lasttime": "2026-07-14T11:00:00.000Z",
        "city": "Columbia",
        "region": "MD",
        "country": "US",
        "road": "Snowden River Parkway",
        "postalcode": "21046"
      }
    },
    {
      "type": "Feature",
      "geometry": {
        "type": "Point",
        "coordinates": [
          -98.54118347,
          29.42765427
        ]
      },
      "properties": {
        "netid": "90:35:EA:39:3F:14",
        "ssid": null,
        "oui": "90:35:EA",
        "channel": 5,
        "encryption": "unknown",
        "firsttime": "2025-12-15T15:00:00.000Z",
        "lasttime": "2025-12-16T17:00:00.000Z",
        "city": "San Antonio",
        "region": "TX",
        "country": "US",
        "road": "West Commerce Street",
        "postalcode": "78207"
      }
    },
    {
      "type": "Feature",
      "geometry": {
        "type": "Point",
        "coordinates": [
          -76.81674957,
          39.25592422
        ]
      },
      "properties": {
        "netid": "90:35:EA:39:3F:68",
        "ssid": "W40;0NC10A;108/)B*B/.'>H%+%..%0Z",
        "oui": "90:35:EA",
        "channel": 1,
        "encryption": "wpa2",
        "firsttime": "2024-12-19T14:00:00.000Z",
        "lasttime": "2025-02-19T09:00:00.000Z",
        "city": null,
        "region": "MD",
        "country": "US",
        "road": "Crest Place",
        "postalcode": "21043"
      }
    },
    {
      "type": "Feature",
      "geometry": {
        "type": "Point",
        "coordinates": [
          -118.23648071,
          34.06560898
        ]
      },
      "properties": {
        "netid": "90:35:EA:39:3F:CC",
        "ssid": "W4160jb503R>0&5955'*C)*&'*--%*0`",
        "oui": "90:35:EA",
        "channel": 1,
        "encryption": "wpa2",
        "firsttime": "2026-06-11T19:00:00.000Z",
        "lasttime": "2026-06-11T13:00:00.000Z",
        "city": "Los Angeles",
        "region": "CA",
        "country": "US",
        "road": "North Broadway",
        "postalcode": "90012"
      }
    },
    {
      "type": "Feature",
      "geometry": {
        "type": "Point",
        "coordinates": [
          -75.15366364,
          39.90776062
        ]
      },
      "properties": {
        "netid": "90:35:EA:39:40:BC",
        "ssid": "W4A<P1`>0FI=0&B43F&3-+641)+&'-Bn",
        "oui": "90:35:EA",
        "channel": 1,
        "encryption": "wpa2",
        "firsttime": "2026-02-26T15:00:00.000Z",
        "lasttime": "2026-02-26T19:00:00.000Z",
        "city": "Philadelphia",
        "region": "PA",
        "country": "US",
        "road": "South 3rd Street",
        "postalcode": "19148"
      }
    },
    {
      "type": "Feature",
      "geometry": {
        "type": "Point",
        "coordinates": [
          -118.26435852,
          34.14024734
        ]
      },
      "properties": {
        "netid": "90:35:EA:39:41:8C",
        "ssid": "W456PWA00Eo00(4BBE-6(.A@/+((*'@8",
        "oui": "90:35:EA",
        "channel": 1,
        "encryption": "wep",
        "firsttime": "2026-08-05T00:00:00.000Z",
        "lasttime": "2026-08-04T22:00:00.000Z",
        "city": "Glendale",
        "region": "CA",
        "country": "US",
        "road": "South Pacific Avenue",
        "postalcode": "91204"
      }
    },
    {
      "type": "Feature",
      "geometry": {
        "type": "Point",
        "coordinates": [
          -73.02189636,
          40.82750702
        ]
      },
      "properties": {
        "netid": "90:35:EA:39:42:D4",
        "ssid": "W4b9`fM50oB40&4;A9-00,<5/).*%%`F",
        "oui": "90:35:EA",
        "channel": 1,
        "encryption": "wep",
        "firsttime": "2024-11-26T17:00:00.000Z",
        "lasttime": "2024-11-27T13:00:00.000Z",
        "city": null,
        "region": "NY",
        "country": "US",
        "road": "North Ocean Avenue",
        "postalcode": "11738"
      }
    },
    {
      "type": "Feature",
      "geometry": {
        "type": "Point",
        "coordinates": [
          -98.53585815,
          29.55999184
        ]
      },
      "properties": {
        "netid": "90:35:EA:39:43:20",
        "ssid": "W4M1P9K106?50&1+@@+4B+<A&+&(+&0b",
        "oui": "90:35:EA",
        "channel": 1,
        "encryption": "wpa2",
        "firsttime": "2026-05-29T13:00:00.000Z",
        "lasttime": "2026-05-29T08:00:00.000Z",
        "city": "San Antonio",
        "region": "TX",
        "country": "US",
        "road": "Fairfield Bend Drive",
        "postalcode": "78231"
      }
    },
    {
      "type": "Feature",
      "geometry": {
        "type": "Point",
        "coordinates": [
          -118.22953796,
          34.05593109
        ]
      },
      "properties": {
        "netid": "90:35:EA:39:43:2C",
        "ssid": "WSfjVZX9KbYAO0l003xXscoE",
        "oui": "90:35:EA",
        "channel": 1,
        "encryption": "wpa2",
        "firsttime": "2026-06-05T19:00:00.000Z",
        "lasttime": "2026-06-05T17:00:00.000Z",
        "city": "Los Angeles",
        "region": "CA",
        "country": "US",
        "road": "East Cesar E Chavez Avenue",
        "postalcode": "90012"
      }
    },
    {
      "type": "Feature",
      "geometry": {
        "type": "Point",
        "coordinates": [
          -118.29157257,
          34.09153366
        ]
      },
      "properties": {
        "netid": "90:35:EA:39:43:68",
        "ssid": "WSWE02tuROGhE495Y50IfAOk",
        "oui": "90:35:EA",
        "channel": 1,
        "encryption": "wpa2",
        "firsttime": "2024-05-15T00:00:00.000Z",
        "lasttime": "2026-02-04T13:00:00.000Z",
        "city": "Los Angeles",
        "region": "CA",
        "country": "US",
        "road": "North Vermont Avenue",
        "postalcode": "90029-2615"
      }
    },
    {
      "type": "Feature",
      "geometry": {
        "type": "Point",
        "coordinates": [
          -118.24042511,
          34.05385208
        ]
      },
      "properties": {
        "netid": "90:35:EA:39:43:90",
        "ssid": "WS::fh9BVVIB44FMF40eMfZk",
        "oui": "90:35:EA",
        "channel": 1,
        "encryption": "wpa2",
        "firsttime": "2025-10-14T16:00:00.000Z",
        "lasttime": "2025-10-14T14:00:00.000Z",
        "city": "Los Angeles",
        "region": "CA",
        "country": "US",
        "road": "North Los Angeles Street",
        "postalcode": "90012"
      }
    },
    {
      "type": "Feature",
      "geometry": {
        "type": "Point",
        "coordinates": [
          -76.83837891,
          39.22031021
        ]
      },
      "properties": {
        "netid": "90:35:EA:39:43:BC",
        "ssid": "W40;Po8101kT0&4;*9-/@&950'()(+P1",
        "oui": "90:35:EA",
        "channel": 1,
        "encryption": "wpa2",
        "firsttime": "2025-07-20T17:00:00.000Z",
        "lasttime": "2025-07-20T12:00:00.000Z",
        "city": "Columbia",
        "region": "MD",
        "country": "US",
        "road": "Rouse Parkway",
        "postalcode": "21045"
      }
    },
    {
      "type": "Feature",
      "geometry": {
        "type": "Point",
        "coordinates": [
          -118.22966003,
          34.05599594
        ]
      },
      "properties": {
        "netid": "90:35:EA:39:45:14",
        "ssid": "WScW81ETmsZEg3Z555010260",
        "oui": "90:35:EA",
        "channel": 1,
        "encryption": "wpa2",
        "firsttime": "2024-10-31T15:00:00.000Z",
        "lasttime": "2024-10-31T21:00:00.000Z",
        "city": "Los Angeles",
        "region": "CA",
        "country": "US",
        "road": "East Cesar E Chavez Avenue",
        "postalcode": "90012"
      }
    },
    {
      "type": "Feature",
      "geometry": {
        "type": "Point",
        "coordinates": [
          -76.92771912,
          38.98305893
        ]
      },
      "properties": {
        "netid": "90:35:EA:39:46:34",
        "ssid": "W40;P\\610]b80&51CG232)9H&,&).&@8",
        "oui": "90:35:EA",
        "channel": 1,
        "encryption": "wpa2",
        "firsttime": "2024-12-13T16:00:00.000Z",
        "lasttime": "2024-12-17T09:00:00.000Z",
        "city": null,
        "region": "MD",
        "country": "US",
        "road": "Campus Drive",
        "postalcode": "20742"
      }
    },
    {
      "type": "Feature",
      "geometry": {
        "type": "Point",
        "coordinates": [
          -76.9445343,
          39.30789948
        ]
      },
      "properties": {
        "netid": "90:35:EA:39:46:3C",
        "ssid": "W40;0c=10kK@0&4B@4(0+%;32*&..(Pk",
        "oui": "90:35:EA",
        "channel": 1,
        "encryption": "wpa2",
        "firsttime": "2026-04-22T13:00:00.000Z",
        "lasttime": "2026-04-22T14:00:00.000Z",
        "city": null,
        "region": "MD",
        "country": "US",
        "road": "I 70;US 40",
        "postalcode": "21794"
      }
    },
    {
      "type": "Feature",
      "geometry": {
        "type": "Point",
        "coordinates": [
          -118.25053406,
          34.14893723
        ]
      },
      "properties": {
        "netid": "90:35:EA:39:46:48",
        "ssid": "W456PI?00eT10&4;*9-/E)<</&&%%-@j",
        "oui": "90:35:EA",
        "channel": 1,
        "encryption": "wpa2",
        "firsttime": "2025-10-30T18:00:00.000Z",
        "lasttime": "2025-10-30T14:00:00.000Z",
        "city": "Glendale",
        "region": "CA",
        "country": "US",
        "road": "North Jackson Street",
        "postalcode": "91203"
      }
    },
    {
      "type": "Feature",
      "geometry": {
        "type": "Point",
        "coordinates": [
          -118.29808044,
          33.97468185
        ]
      },
      "properties": {
        "netid": "90:35:EA:39:46:A8",
        "ssid": "WS0IjSa1o1cFEEI010:W8Ug0",
        "oui": "90:35:EA",
        "channel": 1,
        "encryption": "wpa2",
        "firsttime": "2026-01-22T15:00:00.000Z",
        "lasttime": "2026-01-22T17:00:00.000Z",
        "city": "Los Angeles",
        "region": "CA",
        "country": "US",
        "road": "Raymond Avenue",
        "postalcode": "90044"
      }
    },
    {
      "type": "Feature",
      "geometry": {
        "type": "Point",
        "coordinates": [
          -72.90075684,
          40.94840622
        ]
      },
      "properties": {
        "netid": "90:35:EA:39:47:70",
        "ssid": "W4b9PKX50:650&4B4E&>--<93-&.)*`5",
        "oui": "90:35:EA",
        "channel": 1,
        "encryption": "wpa2",
        "firsttime": "2026-07-11T23:00:00.000Z",
        "lasttime": "2026-07-14T17:00:00.000Z",
        "city": null,
        "region": "NY",
        "country": "US",
        "road": "Tesla Street",
        "postalcode": "11786"
      }
    },
    {
      "type": "Feature",
      "geometry": {
        "type": "Point",
        "coordinates": [
          -111.99729919,
          33.51631165
        ]
      },
      "properties": {
        "netid": "90:35:EA:39:47:74",
        "ssid": "W4B30?j00:i@0&4;A9,06)<50'.*&)Pn",
        "oui": "90:35:EA",
        "channel": 1,
        "encryption": "wpa2",
        "firsttime": "2025-02-21T22:00:00.000Z",
        "lasttime": "2025-12-17T11:00:00.000Z",
        "city": null,
        "region": "AZ",
        "country": "US",
        "road": "East Stanford Drive",
        "postalcode": "85018-8830"
      }
    },
    {
      "type": "Feature",
      "geometry": {
        "type": "Point",
        "coordinates": [
          -98.58794403,
          29.5917244
        ]
      },
      "properties": {
        "netid": "90:35:EA:39:47:90",
        "ssid": "W4M1P>K10Yf90&1+@@+4B*<A&+&(++`7",
        "oui": "90:35:EA",
        "channel": 1,
        "encryption": "wep",
        "firsttime": "2025-04-18T11:00:00.000Z",
        "lasttime": "2025-04-18T04:00:00.000Z",
        "city": "San Antonio",
        "region": "TX",
        "country": "US",
        "road": "North Loop 1604 West",
        "postalcode": "78249"
      }
    },
    {
      "type": "Feature",
      "geometry": {
        "type": "Point",
        "coordinates": [
          -73.04683685,
          40.86433792
        ]
      },
      "properties": {
        "netid": "90:35:EA:39:47:E4",
        "ssid": "W4c:PC400EF70&4B,F'0+,<33)&.*&@h",
        "oui": "90:35:EA",
        "channel": 1,
        "encryption": "wpa2",
        "firsttime": "2025-09-19T16:00:00.000Z",
        "lasttime": "2025-09-19T22:00:00.000Z",
        "city": null,
        "region": "NY",
        "country": "US",
        "road": "Middle Country Road",
        "postalcode": "11784"
      }
    },
    {
      "type": "Feature",
      "geometry": {
        "type": "Point",
        "coordinates": [
          -118.235672,
          34.14637756
        ]
      },
      "properties": {
        "netid": "90:35:EA:39:48:10",
        "ssid": "W456P=?00Jj80&4B3@&36'<:2'%)+%Uj",
        "oui": "90:35:EA",
        "channel": 1,
        "encryption": "wpa2",
        "firsttime": "2026-08-19T15:00:00.000Z",
        "lasttime": "2026-08-21T02:00:00.000Z",
        "city": "Glendale",
        "region": "CA",
        "country": "US",
        "road": "East Broadway",
        "postalcode": "91206"
      }
    },
    {
      "type": "Feature",
      "geometry": {
        "type": "Point",
        "coordinates": [
          -76.84554291,
          39.17774582
        ]
      },
      "properties": {
        "netid": "90:35:EA:39:48:B0",
        "ssid": "W40;P`>10=`D0&4B4F&3*(;93%++-+P1",
        "oui": "90:35:EA",
        "channel": 1,
        "encryption": "none",
        "firsttime": "2026-08-24T14:00:00.000Z",
        "lasttime": "2026-08-24T08:00:00.000Z",
        "city": "Columbia",
        "region": "MD",
        "country": "US",
        "road": "Minstrel Way",
        "postalcode": "21045"
      }
    },
    {
      "type": "Feature",
      "geometry": {
        "type": "Point",
        "coordinates": [
          -81.68172455,
          30.31563568
        ]
      },
      "properties": {
        "netid": "90:35:EA:39:48:B8",
        "ssid": "W4<=PJJ10Z760&5&H1*AB*<4&+(%.*0k",
        "oui": "90:35:EA",
        "channel": 1,
        "encryption": "wep",
        "firsttime": "2025-03-24T20:00:00.000Z",
        "lasttime": "2025-03-27T22:00:00.000Z",
        "city": "Jacksonville",
        "region": "FL",
        "country": "US",
        "road": "Post Street",
        "postalcode": "32205"
      }
    },
    {
      "type": "Feature",
      "geometry": {
        "type": "Point",
        "coordinates": [
          -119.79151154,
          36.73670959
        ]
      },
      "properties": {
        "netid": "90:35:EA:39:48:D4",
        "ssid": "W4J5PBA100oC0&4B;4&10)894+'+,&4n",
        "oui": "90:35:EA",
        "channel": 1,
        "encryption": "wpa2",
        "firsttime": "2026-08-19T15:00:00.000Z",
        "lasttime": "2026-08-19T16:00:00.000Z",
        "city": "Fresno",
        "region": "CA",
        "country": "US",
        "road": "Van Ness Avenue",
        "postalcode": "93721"
      }
    },
    {
      "type": "Feature",
      "geometry": {
        "type": "Point",
        "coordinates": [
          -80.13491058,
          26.18140411
        ]
      },
      "properties": {
        "netid": "90:35:EA:39:48:D8",
        "ssid": "W4Z<PaW104:90&5<3@59E+<8&.'%'(@8",
        "oui": "90:35:EA",
        "channel": 1,
        "encryption": "wpa2",
        "firsttime": "2025-12-20T23:00:00.000Z",
        "lasttime": "2025-12-20T18:00:00.000Z",
        "city": null,
        "region": "FL",
        "country": "US",
        "road": "Northeast 44th Street",
        "postalcode": "33334"
      }
    },
    {
      "type": "Feature",
      "geometry": {
        "type": "Point",
        "coordinates": [
          -80.10923004,
          26.3635807
        ]
      },
      "properties": {
        "netid": "90:35:EA:39:49:24",
        "ssid": "W4Z<PbW10k100*)21)8&2'>A'%+(,)@1",
        "oui": "90:35:EA",
        "channel": 1,
        "encryption": "wpa2",
        "firsttime": "2026-05-07T15:00:00.000Z",
        "lasttime": "2026-05-18T10:00:00.000Z",
        "city": "Boca Raton",
        "region": "FL",
        "country": "US",
        "road": "Northwest 15th Street",
        "postalcode": "33486"
      }
    },
    {
      "type": "Feature",
      "geometry": {
        "type": "Point",
        "coordinates": [
          -73.42362213,
          40.76508331
        ]
      },
      "properties": {
        "netid": "90:35:EA:39:4A:F8",
        "ssid": "W4b9PYg50gl=0&4;*9-/0&>50-)+(*0L",
        "oui": "90:35:EA",
        "channel": 1,
        "encryption": "wpa2",
        "firsttime": "2025-02-05T15:00:00.000Z",
        "lasttime": "2025-02-12T15:00:00.000Z",
        "city": null,
        "region": "NY",
        "country": "US",
        "road": "Broad Hollow Road",
        "postalcode": "11747"
      }
    },
    {
      "type": "Feature",
      "geometry": {
        "type": "Point",
        "coordinates": [
          -119.71510315,
          39.53834915
        ]
      },
      "properties": {
        "netid": "90:35:EA:39:4B:24",
        "ssid": "W4e4PkI00[o60(B;1H*/<F<;*%%+'%0R",
        "oui": "90:35:EA",
        "channel": 1,
        "encryption": "wpa2",
        "firsttime": "2023-09-23T20:00:00.000Z",
        "lasttime": "2025-04-08T23:00:00.000Z",
        "city": "Sparks",
        "region": "NV",
        "country": "US",
        "road": "Sparks Boulevard",
        "postalcode": "89341"
      }
    },
    {
      "type": "Feature",
      "geometry": {
        "type": "Point",
        "coordinates": [
          -80.23608398,
          26.20842552
        ]
      },
      "properties": {
        "netid": "90:35:EA:39:4B:40",
        "ssid": "W4G0P`bE0?ZA0&1)@2845-:1))'+__`;",
        "oui": "90:35:EA",
        "channel": 1,
        "encryption": "wpa2",
        "firsttime": "2025-09-01T04:00:00.000Z",
        "lasttime": "2025-09-05T20:00:00.000Z",
        "city": null,
        "region": "FL",
        "country": "US",
        "road": "West McNab Road",
        "postalcode": "33321"
      }
    },
    {
      "type": "Feature",
      "geometry": {
        "type": "Point",
        "coordinates": [
          -80.31219482,
          25.97878838
        ]
      },
      "properties": {
        "netid": "90:35:EA:39:4B:78",
        "ssid": "W4G0P;=F06H:0&5&H1*AB%<4&-()+)@d",
        "oui": "90:35:EA",
        "channel": 1,
        "encryption": "wpa2",
        "firsttime": "2026-06-12T00:00:00.000Z",
        "lasttime": "2026-06-12T10:00:00.000Z",
        "city": "Miramar",
        "region": "FL",
        "country": "US",
        "road": "Miramar Parkway",
        "postalcode": "33025"
      }
    },
    {
      "type": "Feature",
      "geometry": {
        "type": "Point",
        "coordinates": [
          -77.52161407,
          37.53809738
        ]
      },
      "properties": {
        "netid": "90:35:EA:39:4C:64",
        "ssid": "W4P00W0009LO0&4B4E&34*294*).+)`f",
        "oui": "90:35:EA",
        "channel": 1,
        "encryption": "wpa2",
        "firsttime": "2023-04-11T14:00:00.000Z",
        "lasttime": "2024-09-10T19:00:00.000Z",
        "city": "Richmond",
        "region": "VA",
        "country": "US",
        "road": "Forest Hill Avenue",
        "postalcode": "23225"
      }
    },
    {
      "type": "Feature",
      "geometry": {
        "type": "Point",
        "coordinates": [
          -76.5617981,
          39.36693192
        ]
      },
      "properties": {
        "netid": "90:35:EA:39:4C:B8",
        "ssid": "W4P0PIM206390&4;89'/-'>3/'.),)@_",
        "oui": "90:35:EA",
        "channel": 1,
        "encryption": "wpa2",
        "firsttime": "2025-01-10T15:00:00.000Z",
        "lasttime": "2025-09-18T05:00:00.000Z",
        "city": "Baltimore",
        "region": "MD",
        "country": "US",
        "road": "East Northern Parkway",
        "postalcode": "21214"
      }
    },
    {
      "type": "Feature",
      "geometry": {
        "type": "Point",
        "coordinates": [
          -76.60962677,
          39.34677887
        ]
      },
      "properties": {
        "netid": "90:35:EA:39:4C:BC",
        "ssid": "W4P0P[700:g_0&4B<4&34&193(-%&&05",
        "oui": "90:35:EA",
        "channel": 1,
        "encryption": "wpa2",
        "firsttime": "2025-03-25T22:00:00.000Z",
        "lasttime": "2025-09-18T05:00:00.000Z",
        "city": "Baltimore",
        "region": "MD",
        "country": "US",
        "road": "York Road",
        "postalcode": "21212"
      }
    },
    {
      "type": "Feature",
      "geometry": {
        "type": "Point",
        "coordinates": [
          -73.01277161,
          40.88841248
        ]
      },
      "properties": {
        "netid": "90:35:EA:39:4D:C8",
        "ssid": "W4c:P=:00T5C0&4;*9-/0.<5/','*)`g",
        "oui": "90:35:EA",
        "channel": 1,
        "encryption": "wpa2",
        "firsttime": "2025-06-02T17:00:00.000Z",
        "lasttime": "2026-04-03T10:00:00.000Z",
        "city": null,
        "region": "NY",
        "country": "US",
        "road": "Route 112",
        "postalcode": "11727"
      }
    },
    {
      "type": "Feature",
      "geometry": {
        "type": "Point",
        "coordinates": [
          -72.67327118,
          40.93522644
        ]
      },
      "properties": {
        "netid": "90:35:EA:39:4D:D4",
        "ssid": "W4b9PZn00d<c0&4D/1E2C)465:(--,P[",
        "oui": "90:35:EA",
        "channel": 1,
        "encryption": "wpa2",
        "firsttime": "2024-12-23T17:00:00.000Z",
        "lasttime": "2024-12-23T19:00:00.000Z",
        "city": null,
        "region": "NY",
        "country": "US",
        "road": "Roanoke Avenue",
        "postalcode": "11901"
      }
    },
    {
      "type": "Feature",
      "geometry": {
        "type": "Point",
        "coordinates": [
          -98.44267273,
          29.3624382
        ]
      },
      "properties": {
        "netid": "90:35:EA:39:4E:14",
        "ssid": "W4M10;K10:\\?0&1+@@+4BF<A&+&(+(Pl",
        "oui": "90:35:EA",
        "channel": 1,
        "encryption": "none",
        "firsttime": "2026-05-18T16:00:00.000Z",
        "lasttime": "2026-05-21T03:00:00.000Z",
        "city": "San Antonio",
        "region": "TX",
        "country": "US",
        "road": "Pecan Valley Drive",
        "postalcode": "78223"
      }
    },
    {
      "type": "Feature",
      "geometry": {
        "type": "Point",
        "coordinates": [
          -73.12750244,
          40.8644104
        ]
      },
      "properties": {
        "netid": "90:35:EA:39:4E:1C",
        "ssid": "W4b9`6K50M_i0&4;*9-/0.<5/',&&&@?",
        "oui": "90:35:EA",
        "channel": 1,
        "encryption": "wep",
        "firsttime": "2025-03-01T00:00:00.000Z",
        "lasttime": "2025-02-28T21:00:00.000Z",
        "city": null,
        "region": "NY",
        "country": "US",
        "road": "Burr Lane",
        "postalcode": "11755-1106"
      }
    },
    {
      "type": "Feature",
      "geometry": {
        "type": "Point",
        "coordinates": [
          -80.44298553,
          25.67156029
        ]
      },
      "properties": {
        "netid": "90:35:EA:39:4E:70",
        "ssid": "W4G0P?=F0SQ50&5&H1*AB'<4&-(+(%`l",
        "oui": "90:35:EA",
        "channel": 1,
        "encryption": "wpa2",
        "firsttime": "2026-07-27T17:00:00.000Z",
        "lasttime": "2026-07-28T12:00:00.000Z",
        "city": null,
        "region": "FL",
        "country": "US",
        "road": "Hammocks Boulevard",
        "postalcode": "33196"
      }
    },
    {
      "type": "Feature",
      "geometry": {
        "type": "Point",
        "coordinates": [
          -73.0222168,
          40.87334061
        ]
      },
      "properties": {
        "netid": "90:35:EA:39:4E:E8",
        "ssid": null,
        "oui": "90:35:EA",
        "channel": 3,
        "encryption": "unknown",
        "firsttime": "2025-08-06T15:00:00.000Z",
        "lasttime": "2025-08-06T09:00:00.000Z",
        "city": null,
        "region": "NY",
        "country": "US",
        "road": "Patchogue-Mount Sinai Road",
        "postalcode": "11784-2500"
      }
    },
    {
      "type": "Feature",
      "geometry": {
        "type": "Point",
        "coordinates": [
          -80.10971832,
          26.35825157
        ]
      },
      "properties": {
        "netid": "90:35:EA:39:4F:28",
        "ssid": "W4Z<P[W10TT30&4D/1F41%>6C3*,&(0H",
        "oui": "90:35:EA",
        "channel": 1,
        "encryption": "wep",
        "firsttime": "2025-11-20T16:00:00.000Z",
        "lasttime": "2025-12-04T18:00:00.000Z",
        "city": "Boca Raton",
        "region": "FL",
        "country": "US",
        "road": "Northwest 12th Avenue",
        "postalcode": "33486"
      }
    },
    {
      "type": "Feature",
      "geometry": {
        "type": "Point",
        "coordinates": [
          -119.80864716,
          36.78464508
        ]
      },
      "properties": {
        "netid": "90:35:EA:39:4F:40",
        "ssid": "W4J5P0000YU80(0>2:'%F*<4&&('%.@`",
        "oui": "90:35:EA",
        "channel": 1,
        "encryption": "wpa2",
        "firsttime": "2025-05-23T18:00:00.000Z",
        "lasttime": "2025-05-25T23:00:00.000Z",
        "city": "Fresno",
        "region": "CA",
        "country": "US",
        "road": "North Palm Avenue",
        "postalcode": "93702"
      }
    },
    {
      "type": "Feature",
      "geometry": {
        "type": "Point",
        "coordinates": [
          -76.58374786,
          39.28598785
        ]
      },
      "properties": {
        "netid": "90:35:EA:39:50:94",
        "ssid": "W4P0Po700O[L0&4B<4&14+193(,..%0<",
        "oui": "90:35:EA",
        "channel": 1,
        "encryption": "wpa2",
        "firsttime": "2025-04-17T15:00:00.000Z",
        "lasttime": "2025-04-17T22:00:00.000Z",
        "city": "Baltimore",
        "region": "MD",
        "country": "US",
        "road": "Eastern Avenue",
        "postalcode": "21224"
      }
    },
    {
      "type": "Feature",
      "geometry": {
        "type": "Point",
        "coordinates": [
          -76.56887817,
          39.27977753
        ]
      },
      "properties": {
        "netid": "90:35:EA:39:51:04",
        "ssid": "W4P00E800N;:0&6B;9/H@(26&_+.*_Pf",
        "oui": "90:35:EA",
        "channel": 1,
        "encryption": "wpa2",
        "firsttime": "2024-08-02T14:00:00.000Z",
        "lasttime": "2026-06-11T22:00:00.000Z",
        "city": "Baltimore",
        "region": "MD",
        "country": "US",
        "road": "South Highland Avenue",
        "postalcode": "21224"
      }
    },
    {
      "type": "Feature",
      "geometry": {
        "type": "Point",
        "coordinates": [
          -119.76296997,
          36.78815079
        ]
      },
      "properties": {
        "netid": "90:35:EA:39:51:4C",
        "ssid": "W4J5P:T10k3J0&42/F'1-%<9/)*'*&dl",
        "oui": "90:35:EA",
        "channel": 1,
        "encryption": "wpa2",
        "firsttime": "2024-05-30T18:00:00.000Z",
        "lasttime": "2025-12-08T17:00:00.000Z",
        "city": "Fresno",
        "region": "CA",
        "country": "US",
        "road": "North Millbrook Avenue",
        "postalcode": "93702"
      }
    },
    {
      "type": "Feature",
      "geometry": {
        "type": "Point",
        "coordinates": [
          -80.21370697,
          26.04198074
        ]
      },
      "properties": {
        "netid": "90:35:EA:39:51:54",
        "ssid": "W4G0PX;F0I770&4C85(4;)>6<F+_&%@6",
        "oui": "90:35:EA",
        "channel": 1,
        "encryption": "wpa2",
        "firsttime": "2025-02-06T18:00:00.000Z",
        "lasttime": "2025-02-06T13:00:00.000Z",
        "city": null,
        "region": "FL",
        "country": "US",
        "road": "Parkway Lane",
        "postalcode": "33021"
      }
    },
    {
      "type": "Feature",
      "geometry": {
        "type": "Point",
        "coordinates": [
          -98.46498108,
          29.45693398
        ]
      },
      "properties": {
        "netid": "90:35:EA:39:51:D4",
        "ssid": "W4M1P6K10hZ80&1+@@+4B+<A&+&(*-`6",
        "oui": "90:35:EA",
        "channel": 1,
        "encryption": "wpa2",
        "firsttime": "2023-05-31T07:00:00.000Z",
        "lasttime": "2024-12-10T14:00:00.000Z",
        "city": "San Antonio",
        "region": "TX",
        "country": "US",
        "road": "Claremont Avenue",
        "postalcode": "78209"
      }
    },
    {
      "type": "Feature",
      "geometry": {
        "type": "Point",
        "coordinates": [
          -77.73030853,
          38.54136276
        ]
      },
      "properties": {
        "netid": "90:35:EA:39:51:DC",
        "ssid": "W4><PL880^[90&4B3F&30';41+*&.,25",
        "oui": "90:35:EA",
        "channel": 1,
        "encryption": "wep",
        "firsttime": "2025-05-21T13:00:00.000Z",
        "lasttime": "2025-05-26T10:00:00.000Z",
        "city": null,
        "region": "VA",
        "country": "US",
        "road": "Marsh Road",
        "postalcode": "22720"
      }
    },
    {
      "type": "Feature",
      "geometry": {
        "type": "Point",
        "coordinates": [
          -72.66913605,
          40.91227722
        ]
      },
      "properties": {
        "netid": "90:35:EA:39:52:4C",
        "ssid": "W4b90CP50=j709:,.;<A:,>0%((-&+@7",
        "oui": "90:35:EA",
        "channel": 1,
        "encryption": "wpa2",
        "firsttime": "2026-05-12T20:00:00.000Z",
        "lasttime": "2026-05-12T18:00:00.000Z",
        "city": null,
        "region": "NY",
        "country": "US",
        "road": "Center Drive South",
        "postalcode": "11901"
      }
    },
    {
      "type": "Feature",
      "geometry": {
        "type": "Point",
        "coordinates": [
          -76.58376312,
          39.28604126
        ]
      },
      "properties": {
        "netid": "90:35:EA:39:52:50",
        "ssid": "W4P0Pbc00ZUl0&42C4*6B-230+)%&*0L",
        "oui": "90:35:EA",
        "channel": 1,
        "encryption": "wpa2",
        "firsttime": "2025-03-14T03:00:00.000Z",
        "lasttime": "2025-03-16T20:00:00.000Z",
        "city": "Baltimore",
        "region": "MD",
        "country": "US",
        "road": "Eastern Avenue",
        "postalcode": "21224"
      }
    },
    {
      "type": "Feature",
      "geometry": {
        "type": "Point",
        "coordinates": [
          -80.09013367,
          26.36140633
        ]
      },
      "properties": {
        "netid": "90:35:EA:39:52:54",
        "ssid": "W4Z<P]W10UN00)B&5(&/9%<C%))%%+P2",
        "oui": "90:35:EA",
        "channel": 1,
        "encryption": "wpa2",
        "firsttime": "2025-05-19T20:00:00.000Z",
        "lasttime": "2025-05-28T16:00:00.000Z",
        "city": "Boca Raton",
        "region": "FL",
        "country": "US",
        "road": "Northwest 2nd Avenue",
        "postalcode": "33432"
      }
    },
    {
      "type": "Feature",
      "geometry": {
        "type": "Point",
        "coordinates": [
          -72.91172028,
          40.79816818
        ]
      },
      "properties": {
        "netid": "90:35:EA:39:52:5C",
        "ssid": "W4b9P[N50=eB0&4B4F&34)242--%'(`?",
        "oui": "90:35:EA",
        "channel": 1,
        "encryption": "wpa2",
        "firsttime": "2024-09-16T22:00:00.000Z",
        "lasttime": "2024-09-16T16:00:00.000Z",
        "city": null,
        "region": "NY",
        "country": "US",
        "road": "Horseblock Road",
        "postalcode": "11719"
      }
    },
    {
      "type": "Feature",
      "geometry": {
        "type": "Point",
        "coordinates": [
          -111.90903473,
          33.47932053
        ]
      },
      "properties": {
        "netid": "90:35:EA:39:53:F8",
        "ssid": "W4B3PLi00\\m70&42C4)5<'<32))&-)@?",
        "oui": "90:35:EA",
        "channel": 1,
        "encryption": "wpa2",
        "firsttime": "2024-04-05T19:00:00.000Z",
        "lasttime": "2025-12-08T10:00:00.000Z",
        "city": "Scottsdale",
        "region": "AZ",
        "country": "US",
        "road": "North Hayden Road",
        "postalcode": "85257"
      }
    },
    {
      "type": "Feature",
      "geometry": {
        "type": "Point",
        "coordinates": [
          -119.80251312,
          36.8228302
        ]
      },
      "properties": {
        "netid": "90:35:EA:39:54:6C",
        "ssid": "W4J5Pb<101HP0&4;*9-/@&652*._%_dm",
        "oui": "90:35:EA",
        "channel": 1,
        "encryption": "wpa2",
        "firsttime": "2024-12-14T19:00:00.000Z",
        "lasttime": "2026-07-08T20:00:00.000Z",
        "city": "Fresno",
        "region": "CA",
        "country": "US",
        "road": "West Bullard Avenue",
        "postalcode": "93702"
      }
    },
    {
      "type": "Feature",
      "geometry": {
        "type": "Point",
        "coordinates": [
          -73.36264038,
          40.83360291
        ]
      },
      "properties": {
        "netid": "90:35:EA:39:54:8C",
        "ssid": "W4b9`bJ50KEC1&4;*9-/0*<5/'+.--0>",
        "oui": "90:35:EA",
        "channel": 1,
        "encryption": "wpa2",
        "firsttime": "2026-03-26T13:00:00.000Z",
        "lasttime": "2026-03-26T06:00:00.000Z",
        "city": null,
        "region": "NY",
        "country": "US",
        "road": "Park Avenue",
        "postalcode": "11743"
      }
    },
    {
      "type": "Feature",
      "geometry": {
        "type": "Point",
        "coordinates": [
          -83.13336945,
          40.10520554
        ]
      },
      "properties": {
        "netid": "90:35:EA:39:54:A4",
        "ssid": "W468P3;005560&4;*9-/E)<</%,+'(0T",
        "oui": "90:35:EA",
        "channel": 1,
        "encryption": "wep",
        "firsttime": "2025-08-03T13:00:00.000Z",
        "lasttime": "2025-08-27T11:00:00.000Z",
        "city": null,
        "region": "OH",
        "country": "US",
        "road": "Coffman Park Drive",
        "postalcode": "43016"
      }
    },
    {
      "type": "Feature",
      "geometry": {
        "type": "Point",
        "coordinates": [
          -73.23040771,
          40.82450867
        ]
      },
      "properties": {
        "netid": "90:35:EA:39:54:B0",
        "ssid": "W4b9`9M50?E00&4;1C.4+*<C/)*,+.04",
        "oui": "90:35:EA",
        "channel": 1,
        "encryption": "wpa2",
        "firsttime": "2024-11-01T16:00:00.000Z",
        "lasttime": "2025-02-28T21:00:00.000Z",
        "city": null,
        "region": "NY",
        "country": "US",
        "road": "Veterans Memorial Highway",
        "postalcode": "11788"
      }
    },
    {
      "type": "Feature",
      "geometry": {
        "type": "Point",
        "coordinates": [
          -76.69371796,
          39.29308319
        ]
      },
      "properties": {
        "netid": "90:35:EA:39:55:60",
        "ssid": "W4P0P\\I20_C80&4;*9-/E%<</&(,--P6",
        "oui": "90:35:EA",
        "channel": 1,
        "encryption": "wep",
        "firsttime": "2024-11-04T16:00:00.000Z",
        "lasttime": "2024-11-04T09:00:00.000Z",
        "city": "Baltimore",
        "region": "MD",
        "country": "US",
        "road": "Old Frederick Road",
        "postalcode": "21229"
      }
    },
    {
      "type": "Feature",
      "geometry": {
        "type": "Point",
        "coordinates": [
          -111.90866089,
          33.51538086
        ]
      },
      "properties": {
        "netid": "90:35:EA:39:55:78",
        "ssid": "W4B30kj008n20&4B;4&10%<94%,.&+P4",
        "oui": "90:35:EA",
        "channel": 1,
        "encryption": "wpa2",
        "firsttime": "2024-11-21T18:00:00.000Z",
        "lasttime": "2025-04-15T09:00:00.000Z",
        "city": "Scottsdale",
        "region": "AZ",
        "country": "US",
        "road": "North Hayden Road",
        "postalcode": "85250"
      }
    },
    {
      "type": "Feature",
      "geometry": {
        "type": "Point",
        "coordinates": [
          -98.50569916,
          29.52184486
        ]
      },
      "properties": {
        "netid": "90:35:EA:39:55:BC",
        "ssid": "W4k1PMc;02D<0&4;*9-/0(<5/).&+,f3",
        "oui": "90:35:EA",
        "channel": 1,
        "encryption": "wpa2",
        "firsttime": "2025-10-08T22:00:00.000Z",
        "lasttime": "2025-10-08T17:00:00.000Z",
        "city": "San Antonio",
        "region": "TX",
        "country": "US",
        "road": "Blanco Road",
        "postalcode": "78213"
      }
    },
    {
      "type": "Feature",
      "geometry": {
        "type": "Point",
        "coordinates": [
          -81.62188721,
          30.1964283
        ]
      },
      "properties": {
        "netid": "90:35:EA:39:55:D4",
        "ssid": "W4<=PUJ10j@;0&5&H1*AB*<4&-)'+-P6",
        "oui": "90:35:EA",
        "channel": 1,
        "encryption": "wpa2",
        "firsttime": "2025-02-07T16:00:00.000Z",
        "lasttime": "2025-04-03T05:00:00.000Z",
        "city": "Jacksonville",
        "region": "FL",
        "country": "US",
        "road": "San Jose Boulevard",
        "postalcode": "32257"
      }
    },
    {
      "type": "Feature",
      "geometry": {
        "type": "Point",
        "coordinates": [
          -119.82672119,
          39.52658463
        ]
      },
      "properties": {
        "netid": "90:35:EA:39:55:D8",
        "ssid": "W4e4P6J007O20&50(GA3,.<4'&+%%-0f",
        "oui": "90:35:EA",
        "channel": 1,
        "encryption": "wpa2",
        "firsttime": "2026-04-03T18:00:00.000Z",
        "lasttime": "2026-04-03T14:00:00.000Z",
        "city": "Reno",
        "region": "NV",
        "country": "US",
        "road": "Keystone Avenue",
        "postalcode": "89503"
      }
    },
    {
      "type": "Feature",
      "geometry": {
        "type": "Point",
        "coordinates": [
          -98.487854,
          29.41861153
        ]
      },
      "properties": {
        "netid": "90:35:EA:39:56:08",
        "ssid": "W4k1P@d;0G_30&4;*9-/0-<5/)-_'+@:",
        "oui": "90:35:EA",
        "channel": 1,
        "encryption": "wep",
        "firsttime": "2025-07-13T20:00:00.000Z",
        "lasttime": "2025-07-13T15:00:00.000Z",
        "city": "San Antonio",
        "region": "TX",
        "country": "US",
        "road": "Hemisfair Boulevard",
        "postalcode": "78205"
      }
    },
    {
      "type": "Feature",
      "geometry": {
        "type": "Point",
        "coordinates": [
          -98.30442047,
          29.26778412
        ]
      },
      "properties": {
        "netid": "90:35:EA:39:56:24",
        "ssid": "W4k1Ple;0^M80)B&1(&/9*>C+%%&.+6F",
        "oui": "90:35:EA",
        "channel": 1,
        "encryption": "wpa2",
        "firsttime": "2025-06-06T11:00:00.000Z",
        "lasttime": "2025-08-31T23:00:00.000Z",
        "city": null,
        "region": "TX",
        "country": "US",
        "road": "Laguna Road",
        "postalcode": null
      }
    },
    {
      "type": "Feature",
      "geometry": {
        "type": "Point",
        "coordinates": [
          -80.01551819,
          32.86658096
        ]
      },
      "properties": {
        "netid": "90:35:EA:39:56:28",
        "ssid": "W46<`ZM10;iU0(1,E@94:%;5+..('*bB",
        "oui": "90:35:EA",
        "channel": 1,
        "encryption": "wpa2",
        "firsttime": "2025-02-14T22:00:00.000Z",
        "lasttime": "2025-02-14T17:00:00.000Z",
        "city": "North Charleston",
        "region": "SC",
        "country": "US",
        "road": "International Boulevard",
        "postalcode": "29405"
      }
    },
    {
      "type": "Feature",
      "geometry": {
        "type": "Point",
        "coordinates": [
          -98.47254181,
          29.45248413
        ]
      },
      "properties": {
        "netid": "90:35:EA:39:56:38",
        "ssid": "W4k1Pdc;0J390&4;*9-/0+<5/)-*)+`9",
        "oui": "90:35:EA",
        "channel": 1,
        "encryption": "wpa2",
        "firsttime": "2025-09-01T18:00:00.000Z",
        "lasttime": "2025-09-01T12:00:00.000Z",
        "city": "San Antonio",
        "region": "TX",
        "country": "US",
        "road": "Broadway",
        "postalcode": "78215"
      }
    },
    {
      "type": "Feature",
      "geometry": {
        "type": "Point",
        "coordinates": [
          -77.07350922,
          38.96102524
        ]
      },
      "properties": {
        "netid": "90:35:EA:39:56:54",
        "ssid": "W4A;P3g30Oj30&4.*%,*(F;6&)%.%-@i",
        "oui": "90:35:EA",
        "channel": 1,
        "encryption": "wpa2",
        "firsttime": "2024-06-22T22:00:00.000Z",
        "lasttime": "2024-10-13T14:00:00.000Z",
        "city": "Washington",
        "region": "DC",
        "country": "US",
        "road": "Military Road Northwest",
        "postalcode": "20015"
      }
    },
    {
      "type": "Feature",
      "geometry": {
        "type": "Point",
        "coordinates": [
          -80.26808929,
          25.77594948
        ]
      },
      "properties": {
        "netid": "90:35:EA:39:56:70",
        "ssid": "W4[0P?F00oY80<;%5A.3'.<&*(*-&-P5",
        "oui": "90:35:EA",
        "channel": 1,
        "encryption": "wpa2",
        "firsttime": "2025-08-20T11:00:00.000Z",
        "lasttime": "2026-01-15T12:00:00.000Z",
        "city": "Miami",
        "region": "FL",
        "country": "US",
        "road": "Northwest 44th Avenue",
        "postalcode": "33126"
      }
    },
    {
      "type": "Feature",
      "geometry": {
        "type": "Point",
        "coordinates": [
          -76.86136627,
          39.27795029
        ]
      },
      "properties": {
        "netid": "90:35:EA:39:56:AC",
        "ssid": "W40;P5;10l7=0&4;*9-/EF:50%,+'.`j",
        "oui": "90:35:EA",
        "channel": 1,
        "encryption": "wpa2",
        "firsttime": "2024-10-19T13:00:00.000Z",
        "lasttime": "2024-10-19T06:00:00.000Z",
        "city": null,
        "region": "MD",
        "country": "US",
        "road": "Frederick Road",
        "postalcode": "21042"
      }
    },
    {
      "type": "Feature",
      "geometry": {
        "type": "Point",
        "coordinates": [
          -83.1258316,
          40.09764862
        ]
      },
      "properties": {
        "netid": "90:35:EA:39:56:D0",
        "ssid": "W468P5;00P]@0&4;*9-/E%<</%_+'&@f",
        "oui": "90:35:EA",
        "channel": 1,
        "encryption": "wpa2",
        "firsttime": "2026-07-07T02:00:00.000Z",
        "lasttime": "2026-07-06T20:00:00.000Z",
        "city": null,
        "region": "OH",
        "country": "US",
        "road": "Upper Metro Place",
        "postalcode": "43017"
      }
    },
    {
      "type": "Feature",
      "geometry": {
        "type": "Point",
        "coordinates": [
          -118.21481323,
          34.06014633
        ]
      },
      "properties": {
        "netid": "90:35:EA:39:56:D8",
        "ssid": "W456PM?00J230(1,E@90:F<5(,,.(&Gk",
        "oui": "90:35:EA",
        "channel": 1,
        "encryption": "wep",
        "firsttime": "2025-06-30T23:00:00.000Z",
        "lasttime": "2025-06-30T17:00:00.000Z",
        "city": "Los Angeles",
        "region": "CA",
        "country": "US",
        "road": "Golden State Freeway",
        "postalcode": "90031"
      }
    },
    {
      "type": "Feature",
      "geometry": {
        "type": "Point",
        "coordinates": [
          -76.87303162,
          39.17818069
        ]
      },
      "properties": {
        "netid": "90:35:EA:39:56:E4",
        "ssid": "W40;P\\1105AS0&4B3F&3-(640-+,'-`e",
        "oui": "90:35:EA",
        "channel": 1,
        "encryption": "wpa2",
        "firsttime": "2025-10-28T16:00:00.000Z",
        "lasttime": "2025-11-04T18:00:00.000Z",
        "city": "Columbia",
        "region": "MD",
        "country": "US",
        "road": "Riverwood Drive",
        "postalcode": "21046"
      }
    },
    {
      "type": "Feature",
      "geometry": {
        "type": "Point",
        "coordinates": [
          -119.81733704,
          39.5054245
        ]
      },
      "properties": {
        "netid": "90:35:EA:39:57:08",
        "ssid": "W4e4P6L002_10&50(GA3,*@4)('-.*2m",
        "oui": "90:35:EA",
        "channel": 1,
        "encryption": "wpa2",
        "firsttime": "2026-03-26T15:00:00.000Z",
        "lasttime": "2026-03-26T09:00:00.000Z",
        "city": "Reno",
        "region": "NV",
        "country": "US",
        "road": "West Plumb Lane",
        "postalcode": "89509-1633"
      }
    },
    {
      "type": "Feature",
      "geometry": {
        "type": "Point",
        "coordinates": [
          -119.80348206,
          39.52720261
        ]
      },
      "properties": {
        "netid": "90:35:EA:39:57:20",
        "ssid": "W4e4PbI00go?0&1)@2845-<1&-)&-%PF",
        "oui": "90:35:EA",
        "channel": 1,
        "encryption": "wpa2",
        "firsttime": "2026-03-04T20:00:00.000Z",
        "lasttime": "2026-03-04T15:00:00.000Z",
        "city": "Reno",
        "region": "NV",
        "country": "US",
        "road": "South Wells Avenue",
        "postalcode": "89505"
      }
    },
    {
      "type": "Feature",
      "geometry": {
        "type": "Point",
        "coordinates": [
          -119.78135681,
          39.55783463
        ]
      },
      "properties": {
        "netid": "90:35:EA:39:57:24",
        "ssid": "W4e4P3J00NY=0'1(12F95)<6&,%)(,00",
        "oui": "90:35:EA",
        "channel": 1,
        "encryption": "wpa2",
        "firsttime": "2026-03-30T03:00:00.000Z",
        "lasttime": "2026-05-03T01:00:00.000Z",
        "city": "Reno",
        "region": "NV",
        "country": "US",
        "road": "Northtowne Lane",
        "postalcode": "89512"
      }
    },
    {
      "type": "Feature",
      "geometry": {
        "type": "Point",
        "coordinates": [
          -83.14796448,
          42.56754684
        ]
      },
      "properties": {
        "netid": "90:35:EA:39:57:2C",
        "ssid": "W4h8P7?00<c:0'1(12F95(;6*,'%+&Pl",
        "oui": "90:35:EA",
        "channel": 1,
        "encryption": "wpa2",
        "firsttime": "2026-02-02T20:00:00.000Z",
        "lasttime": "2026-02-02T15:00:00.000Z",
        "city": null,
        "region": "MI",
        "country": "US",
        "road": "Livernois Road",
        "postalcode": "48098"
      }
    },
    {
      "type": "Feature",
      "geometry": {
        "type": "Point",
        "coordinates": [
          -98.53074646,
          29.51475334
        ]
      },
      "properties": {
        "netid": "90:35:EA:39:57:40",
        "ssid": "CVR_W4_2207190400001004501",
        "oui": "90:35:EA",
        "channel": 1,
        "encryption": "wep",
        "firsttime": "2026-08-11T16:00:00.000Z",
        "lasttime": "2026-08-11T11:00:00.000Z",
        "city": "San Antonio",
        "region": "TX",
        "country": "US",
        "road": "Connally Loop",
        "postalcode": "78213"
      }
    },
    {
      "type": "Feature",
      "geometry": {
        "type": "Point",
        "coordinates": [
          -76.5730896,
          39.31082916
        ]
      },
      "properties": {
        "netid": "90:35:EA:39:57:BC",
        "ssid": "W4P0P7H20e`=0&4;*9-/E)<</%.*&,`6",
        "oui": "90:35:EA",
        "channel": 1,
        "encryption": "wpa2",
        "firsttime": "2026-01-29T15:00:00.000Z",
        "lasttime": "2026-01-30T04:00:00.000Z",
        "city": "Baltimore",
        "region": "MD",
        "country": "US",
        "road": "Edison Highway",
        "postalcode": "21213"
      }
    },
    {
      "type": "Feature",
      "geometry": {
        "type": "Point",
        "coordinates": [
          -80.18663025,
          25.89093018
        ]
      },
      "properties": {
        "netid": "90:35:EA:39:57:C4",
        "ssid": "W4[0PfE00]Y20&5&H1*AB%<4&-%-&%P:",
        "oui": "90:35:EA",
        "channel": 1,
        "encryption": "wpa2",
        "firsttime": "2025-11-13T19:00:00.000Z",
        "lasttime": "2025-11-13T12:00:00.000Z",
        "city": null,
        "region": "FL",
        "country": "US",
        "road": "Northeast 6th Avenue",
        "postalcode": "33162"
      }
    },
    {
      "type": "Feature",
      "geometry": {
        "type": "Point",
        "coordinates": [
          -80.26499176,
          25.81620979
        ]
      },
      "properties": {
        "netid": "90:35:EA:39:57:C8",
        "ssid": "W4G0PiEF0<c30(4BBE-3.F<@/-+,)-`J",
        "oui": "90:35:EA",
        "channel": 1,
        "encryption": "wpa2",
        "firsttime": "2025-02-25T02:00:00.000Z",
        "lasttime": "2025-08-03T02:00:00.000Z",
        "city": "Hialeah",
        "region": "FL",
        "country": "US",
        "road": "Southeast 8th Avenue",
        "postalcode": "33010"
      }
    },
    {
      "type": "Feature",
      "geometry": {
        "type": "Point",
        "coordinates": [
          -80.23912048,
          25.95446014
        ]
      },
      "properties": {
        "netid": "90:35:EA:39:58:3C",
        "ssid": "W4G0P@<F0le20&4;*9-/EF<</%)((,0?",
        "oui": "90:35:EA",
        "channel": 1,
        "encryption": "wpa2",
        "firsttime": "2024-10-19T04:00:00.000Z",
        "lasttime": "2024-10-19T07:00:00.000Z",
        "city": null,
        "region": "FL",
        "country": "US",
        "road": "101",
        "postalcode": "33056"
      }
    },
    {
      "type": "Feature",
      "geometry": {
        "type": "Point",
        "coordinates": [
          -75.0045166,
          39.83508301
        ]
      },
      "properties": {
        "netid": "90:35:EA:39:58:60",
        "ssid": "W4A<P2c=0mo?0&42%E*5G-43/..%-(`C",
        "oui": "90:35:EA",
        "channel": 1,
        "encryption": "wpa2",
        "firsttime": "2026-07-24T15:00:00.000Z",
        "lasttime": "2026-07-24T10:00:00.000Z",
        "city": null,
        "region": "NJ",
        "country": "US",
        "road": "White Horse Road West",
        "postalcode": "08043"
      }
    },
    {
      "type": "Feature",
      "geometry": {
        "type": "Point",
        "coordinates": [
          -76.85183716,
          39.19783401
        ]
      },
      "properties": {
        "netid": "90:35:EA:39:58:68",
        "ssid": "W40;PAE10Ya20&4B-F(0/*@31-(&*.@m",
        "oui": "90:35:EA",
        "channel": 1,
        "encryption": "wpa2",
        "firsttime": "2026-08-11T13:00:00.000Z",
        "lasttime": "2026-08-11T06:00:00.000Z",
        "city": "Columbia",
        "region": "MD",
        "country": "US",
        "road": "Broken Land Parkway",
        "postalcode": "21046"
      }
    },
    {
      "type": "Feature",
      "geometry": {
        "type": "Point",
        "coordinates": [
          -98.48773956,
          29.41859245
        ]
      },
      "properties": {
        "netid": "90:35:EA:39:58:74",
        "ssid": "W4k1PSe;0@M?0&4;*9-/0+<5/*_.%.@<",
        "oui": "90:35:EA",
        "channel": 1,
        "encryption": "wep",
        "firsttime": "2025-07-13T20:00:00.000Z",
        "lasttime": "2025-07-13T15:00:00.000Z",
        "city": "San Antonio",
        "region": "TX",
        "country": "US",
        "road": "Hemisfair Boulevard",
        "postalcode": "78205"
      }
    },
    {
      "type": "Feature",
      "geometry": {
        "type": "Point",
        "coordinates": [
          -118.59643555,
          34.21992874
        ]
      },
      "properties": {
        "netid": "90:35:EA:39:58:A0",
        "ssid": "W416Ph3?0Vo30&4B,E'/+(;31.')%-24",
        "oui": "90:35:EA",
        "channel": 1,
        "encryption": "wpa2",
        "firsttime": "2024-06-03T21:00:00.000Z",
        "lasttime": "2026-03-31T18:00:00.000Z",
        "city": "Los Angeles",
        "region": "CA",
        "country": "US",
        "road": "Roscoe Boulevard",
        "postalcode": "91303"
      }
    },
    {
      "type": "Feature",
      "geometry": {
        "type": "Point",
        "coordinates": [
          -80.3713913,
          25.82693672
        ]
      },
      "properties": {
        "netid": "90:35:EA:39:58:E4",
        "ssid": "W4G00=<F0^a80&4;*9-/E)<</%)&(-`k",
        "oui": "90:35:EA",
        "channel": 1,
        "encryption": "wpa2",
        "firsttime": "2026-01-16T14:00:00.000Z",
        "lasttime": "2026-01-16T12:00:00.000Z",
        "city": null,
        "region": "FL",
        "country": "US",
        "road": "Northwest 107th Court",
        "postalcode": "33178"
      }
    },
    {
      "type": "Feature",
      "geometry": {
        "type": "Point",
        "coordinates": [
          -76.62908173,
          39.28426743
        ]
      },
      "properties": {
        "netid": "90:35:EA:39:58:EC",
        "ssid": "W4P0PnG20X[C0&4;*9-/E(<</%.*-,`B",
        "oui": "90:35:EA",
        "channel": 1,
        "encryption": "wpa2",
        "firsttime": "2025-03-28T09:00:00.000Z",
        "lasttime": "2026-01-05T08:00:00.000Z",
        "city": "Baltimore",
        "region": "MD",
        "country": "US",
        "road": "Scott Street",
        "postalcode": "21230"
      }
    },
    {
      "type": "Feature",
      "geometry": {
        "type": "Point",
        "coordinates": [
          -76.59003448,
          39.28292465
        ]
      },
      "properties": {
        "netid": "90:35:EA:39:59:24",
        "ssid": "W4P0P>H20iI70&4;*9-/E'<</%.-')02",
        "oui": "90:35:EA",
        "channel": 1,
        "encryption": "wpa2",
        "firsttime": "2023-12-31T14:00:00.000Z",
        "lasttime": "2025-04-14T14:00:00.000Z",
        "city": "Baltimore",
        "region": "MD",
        "country": "US",
        "road": "South Wolfe Street",
        "postalcode": "21231"
      }
    },
    {
      "type": "Feature",
      "geometry": {
        "type": "Point",
        "coordinates": [
          -118.26931,
          33.77076721
        ]
      },
      "properties": {
        "netid": "90:35:EA:39:59:2C",
        "ssid": "W466PM_A0hP60&4D65(43F>6C:(+.,SM",
        "oui": "90:35:EA",
        "channel": 1,
        "encryption": "wep",
        "firsttime": "2024-12-27T18:00:00.000Z",
        "lasttime": "2024-12-28T14:00:00.000Z",
        "city": "Los Angeles",
        "region": "CA",
        "country": "US",
        "road": "West Harry Bridges Boulevard",
        "postalcode": "90744-4522"
      }
    },
    {
      "type": "Feature",
      "geometry": {
        "type": "Point",
        "coordinates": [
          -76.61616516,
          39.32835007
        ]
      },
      "properties": {
        "netid": "90:35:EA:39:59:84",
        "ssid": "W4P0P^I20Mh@0&4;*9-/E-<</&)&)%P;",
        "oui": "90:35:EA",
        "channel": 1,
        "encryption": "wpa2",
        "firsttime": "2026-06-14T17:00:00.000Z",
        "lasttime": "2026-06-15T04:00:00.000Z",
        "city": "Baltimore",
        "region": "MD",
        "country": "US",
        "road": "Saint Paul Street",
        "postalcode": "21218"
      }
    },
    {
      "type": "Feature",
      "geometry": {
        "type": "Point",
        "coordinates": [
          -119.72454834,
          36.79407501
        ]
      },
      "properties": {
        "netid": "90:35:EA:39:5D:B8",
        "ssid": "W4l5Pn>104U?0&4/6>'2-*85&'(,(,Q1",
        "oui": "90:35:EA",
        "channel": 1,
        "encryption": "wpa2",
        "firsttime": "2023-06-13T10:00:00.000Z",
        "lasttime": "2025-06-19T10:00:00.000Z",
        "city": null,
        "region": "CA",
        "country": "US",
        "road": "East Ashlan Avenue",
        "postalcode": "93726"
      }
    },
    {
      "type": "Feature",
      "geometry": {
        "type": "Point",
        "coordinates": [
          -89.39261627,
          43.05580902
        ]
      },
      "properties": {
        "netid": "90:35:EA:39:5D:BC",
        "ssid": "W4V6P0K00T@30&4;*9-/E-<</%-.+,Pl",
        "oui": "90:35:EA",
        "channel": 1,
        "encryption": "wep",
        "firsttime": "2025-05-22T21:00:00.000Z",
        "lasttime": "2025-09-05T16:00:00.000Z",
        "city": "Madison",
        "region": "WI",
        "country": "US",
        "road": "West Lakeside Street",
        "postalcode": "53715"
      }
    },
    {
      "type": "Feature",
      "geometry": {
        "type": "Point",
        "coordinates": [
          -98.53768921,
          29.5632782
        ]
      },
      "properties": {
        "netid": "90:35:EA:39:5F:20",
        "ssid": "W4k1PBc;08@60(1+C@)68.<5')+**'@3",
        "oui": "90:35:EA",
        "channel": 1,
        "encryption": "wpa2",
        "firsttime": "2024-10-23T13:00:00.000Z",
        "lasttime": "2024-10-23T06:00:00.000Z",
        "city": "San Antonio",
        "region": "TX",
        "country": "US",
        "road": "Northwest Military Highway",
        "postalcode": "78231"
      }
    },
    {
      "type": "Feature",
      "geometry": {
        "type": "Point",
        "coordinates": [
          -73.12132263,
          40.81237793
        ]
      },
      "properties": {
        "netid": "90:35:EA:39:64:74",
        "ssid": null,
        "oui": "90:35:EA",
        "channel": 5,
        "encryption": "unknown",
        "firsttime": "2025-05-17T19:00:00.000Z",
        "lasttime": "2025-07-13T05:00:00.000Z",
        "city": null,
        "region": "NY",
        "country": "US",
        "road": "Long Island Expressway",
        "postalcode": "11779"
      }
    },
    {
      "type": "Feature",
      "geometry": {
        "type": "Point",
        "coordinates": [
          -80.01885986,
          32.83745575
        ]
      },
      "properties": {
        "netid": "90:35:EA:39:64:78",
        "ssid": "W46<P_@00^E40(5</F93D)<A'&___%P8",
        "oui": "90:35:EA",
        "channel": 1,
        "encryption": "wpa2",
        "firsttime": "2024-01-08T13:00:00.000Z",
        "lasttime": "2025-01-11T16:00:00.000Z",
        "city": "North Charleston",
        "region": "SC",
        "country": "US",
        "road": "Bridge View Drive",
        "postalcode": "29405"
      }
    },
    {
      "type": "Feature",
      "geometry": {
        "type": "Point",
        "coordinates": [
          -119.70561218,
          39.55853271
        ]
      },
      "properties": {
        "netid": "90:35:EA:39:64:D4",
        "ssid": "W4e4P2J003MB0&1)@2845%<1&-)&-,`e",
        "oui": "90:35:EA",
        "channel": 1,
        "encryption": "wpa2",
        "firsttime": "2025-01-25T03:00:00.000Z",
        "lasttime": "2026-05-15T23:00:00.000Z",
        "city": "Sparks",
        "region": "NV",
        "country": "US",
        "road": "Vista Boulevard",
        "postalcode": "89434"
      }
    },
    {
      "type": "Feature",
      "geometry": {
        "type": "Point",
        "coordinates": [
          -76.58856201,
          39.35958862
        ]
      },
      "properties": {
        "netid": "90:35:EA:39:65:28",
        "ssid": "W4P0PbI20F]20&4;*9-/E+<</&)(&*05",
        "oui": "90:35:EA",
        "channel": 1,
        "encryption": "wpa2",
        "firsttime": "2023-10-07T20:00:00.000Z",
        "lasttime": "2025-09-18T05:00:00.000Z",
        "city": "Baltimore",
        "region": "MD",
        "country": "US",
        "road": "Loch Raven Boulevard",
        "postalcode": "21239"
      }
    },
    {
      "type": "Feature",
      "geometry": {
        "type": "Point",
        "coordinates": [
          -85.99991608,
          39.87937546
        ]
      },
      "properties": {
        "netid": "90:35:EA:39:7F:80",
        "ssid": null,
        "oui": "90:35:EA",
        "channel": 5,
        "encryption": "unknown",
        "firsttime": "2024-04-06T04:00:00.000Z",
        "lasttime": "2024-09-16T12:00:00.000Z",
        "city": null,
        "region": "IN",
        "country": "US",
        "road": "Lee Road",
        "postalcode": "46236"
      }
    },
    {
      "type": "Feature",
      "geometry": {
        "type": "Point",
        "coordinates": [
          -1.42983317,
          50.91002274
        ]
      },
      "properties": {
        "netid": "90:35:EA:3B:21:40",
        "ssid": "CAT EXTENDER (3929743680)",
        "oui": "90:35:EA",
        "channel": 11,
        "encryption": "wpa2",
        "firsttime": "2025-04-04T13:00:00.000Z",
        "lasttime": "2025-04-06T12:00:00.000Z",
        "city": "Southampton",
        "region": "England",
        "country": "GB",
        "road": "Mountbatten Way",
        "postalcode": "SO15 3BW"
      }
    },
    {
      "type": "Feature",
      "geometry": {
        "type": "Point",
        "coordinates": [
          -133.93533325,
          57.82108307
        ]
      },
      "properties": {
        "netid": "90:35:EA:3B:23:58",
        "ssid": "CAT ROT (3929744216)",
        "oui": "90:35:EA",
        "channel": 1,
        "encryption": "wpa2",
        "firsttime": "2025-06-05T05:00:00.000Z",
        "lasttime": "2025-06-05T14:00:00.000Z",
        "city": null,
        "region": "AK",
        "country": "US",
        "road": null,
        "postalcode": null
      }
    },
    {
      "type": "Feature",
      "geometry": {
        "type": "Point",
        "coordinates": [
          151.20368958,
          -33.85314178
        ]
      },
      "properties": {
        "netid": "90:35:EA:3B:24:E0",
        "ssid": "CAT ROT (3929744608)",
        "oui": "90:35:EA",
        "channel": 6,
        "encryption": "wpa2",
        "firsttime": "2023-10-16T20:00:00.000Z",
        "lasttime": "2025-10-11T00:00:00.000Z",
        "city": "Sydney",
        "region": "New South Wales",
        "country": "AU",
        "road": "Towns Place",
        "postalcode": "2000"
      }
    },
    {
      "type": "Feature",
      "geometry": {
        "type": "Point",
        "coordinates": [
          -96.27571869,
          43.43295288
        ]
      },
      "properties": {
        "netid": "90:35:EA:3B:27:E4",
        "ssid": "InCommand",
        "oui": "90:35:EA",
        "channel": 9,
        "encryption": "unknown",
        "firsttime": "2025-09-26T20:00:00.000Z",
        "lasttime": "2025-09-26T19:00:00.000Z",
        "city": null,
        "region": "IA",
        "country": "US",
        "road": "150th Street",
        "postalcode": "51246"
      }
    },
    {
      "type": "Feature",
      "geometry": {
        "type": "Point",
        "coordinates": [
          -1.34481788,
          50.86626434
        ]
      },
      "properties": {
        "netid": "90:35:EA:3B:29:10",
        "ssid": "CAT PRO (3929745680)",
        "oui": "90:35:EA",
        "channel": 11,
        "encryption": "wpa2",
        "firsttime": "2025-08-09T11:00:00.000Z",
        "lasttime": "2025-08-10T08:00:00.000Z",
        "city": null,
        "region": "England",
        "country": "GB",
        "road": "Nightingale Walk",
        "postalcode": "SO31 5GA"
      }
    },
    {
      "type": "Feature",
      "geometry": {
        "type": "Point",
        "coordinates": [
          -74.00019836,
          41.52031326
        ]
      },
      "properties": {
        "netid": "90:35:EA:3B:2C:94",
        "ssid": "CAT EXTENDER (3929746580)",
        "oui": "90:35:EA",
        "channel": 11,
        "encryption": "wpa2",
        "firsttime": "2025-08-16T14:00:00.000Z",
        "lasttime": "2025-08-16T14:00:00.000Z",
        "city": null,
        "region": "NY",
        "country": "US",
        "road": "I 84;NY 52",
        "postalcode": "12508"
      }
    },
    {
      "type": "Feature",
      "geometry": {
        "type": "Point",
        "coordinates": [
          -123.06175995,
          44.59980011
        ]
      },
      "properties": {
        "netid": "90:35:EA:3B:6B:48",
        "ssid": "Flock",
        "oui": "90:35:EA",
        "channel": 1,
        "encryption": "wpa2",
        "firsttime": "2026-08-07T20:00:00.000Z",
        "lasttime": "2026-08-08T14:00:00.000Z",
        "city": null,
        "region": "OR",
        "country": "US",
        "road": "Robert Hugh Baldock Freeway",
        "postalcode": "97322"
      }
    },
    {
      "type": "Feature",
      "geometry": {
        "type": "Point",
        "coordinates": [
          -85.48150635,
          42.20446396
        ]
      },
      "properties": {
        "netid": "90:35:EA:3B:6D:20",
        "ssid": "InCommand",
        "oui": "90:35:EA",
        "channel": 9,
        "encryption": "unknown",
        "firsttime": "2026-03-23T12:00:00.000Z",
        "lasttime": "2026-03-24T10:00:00.000Z",
        "city": null,
        "region": "MI",
        "country": "US",
        "road": "South 29th Street",
        "postalcode": "49048"
      }
    },
    {
      "type": "Feature",
      "geometry": {
        "type": "Point",
        "coordinates": [
          -79.68374634,
          43.51540756
        ]
      },
      "properties": {
        "netid": "90:35:EA:3B:79:00",
        "ssid": "CHIONE_REDPINE",
        "oui": "90:35:EA",
        "channel": 6,
        "encryption": "wpa2",
        "firsttime": "2025-08-15T16:00:00.000Z",
        "lasttime": "2025-08-15T17:00:00.000Z",
        "city": "Oakville",
        "region": "Ontario",
        "country": "CA",
        "road": "Portland Drive",
        "postalcode": "L6H 6M2"
      }
    },
    {
      "type": "Feature",
      "geometry": {
        "type": "Point",
        "coordinates": [
          -121.64748383,
          38.14657211
        ]
      },
      "properties": {
        "netid": "90:35:EA:3B:7C:D4",
        "ssid": "InCommand",
        "oui": "90:35:EA",
        "channel": 9,
        "encryption": "none",
        "firsttime": "2026-04-15T23:00:00.000Z",
        "lasttime": "2026-04-21T22:00:00.000Z",
        "city": null,
        "region": "CA",
        "country": "US",
        "road": "CA 12",
        "postalcode": "94571"
      }
    },
    {
      "type": "Feature",
      "geometry": {
        "type": "Point",
        "coordinates": [
          -79.68383026,
          43.51525497
        ]
      },
      "properties": {
        "netid": "90:35:EA:3B:83:6C",
        "ssid": "CHIONE_REDPINE",
        "oui": "90:35:EA",
        "channel": 6,
        "encryption": "wpa2",
        "firsttime": "2025-06-23T12:00:00.000Z",
        "lasttime": "2025-06-24T17:00:00.000Z",
        "city": "Oakville",
        "region": "Ontario",
        "country": "CA",
        "road": "Portland Drive",
        "postalcode": "L6H 6M2"
      }
    },
    {
      "type": "Feature",
      "geometry": {
        "type": "Point",
        "coordinates": [
          -79.68399811,
          43.51523972
        ]
      },
      "properties": {
        "netid": "90:35:EA:3C:C6:5C",
        "ssid": "CHIONE_REDPINE",
        "oui": "90:35:EA",
        "channel": 6,
        "encryption": "wpa2",
        "firsttime": "2025-10-29T13:00:00.000Z",
        "lasttime": "2026-01-25T20:00:00.000Z",
        "city": "Oakville",
        "region": "Ontario",
        "country": "CA",
        "road": "Portland Drive",
        "postalcode": "L6H 6M2"
      }
    },
    {
      "type": "Feature",
      "geometry": {
        "type": "Point",
        "coordinates": [
          -73.75609589,
          41.78274155
        ]
      },
      "properties": {
        "netid": "90:35:EA:3D:BC:BA",
        "ssid": null,
        "oui": "90:35:EA",
        "channel": 0,
        "encryption": "none",
        "firsttime": "2025-02-12T23:00:00.000Z",
        "lasttime": "2025-02-26T14:00:00.000Z",
        "city": null,
        "region": "NY",
        "country": "US",
        "road": "US 44",
        "postalcode": "12578"
      }
    },
    {
      "type": "Feature",
      "geometry": {
        "type": "Point",
        "coordinates": [
          -81.53314972,
          39.94177246
        ]
      },
      "properties": {
        "netid": "90:35:EA:43:93:C0",
        "ssid": null,
        "oui": "90:35:EA",
        "channel": 0,
        "encryption": "unknown",
        "firsttime": "2026-06-29T12:00:00.000Z",
        "lasttime": "2026-06-29T16:00:00.000Z",
        "city": null,
        "region": "OH",
        "country": "US",
        "road": "I 77",
        "postalcode": "43722"
      }
    },
    {
      "type": "Feature",
      "geometry": {
        "type": "Point",
        "coordinates": [
          -102.90759277,
          30.89573288
        ]
      },
      "properties": {
        "netid": "90:35:EA:6B:B3:2C",
        "ssid": null,
        "oui": "90:35:EA",
        "channel": 0,
        "encryption": "unknown",
        "firsttime": "2025-12-20T11:00:00.000Z",
        "lasttime": "2025-12-21T14:00:00.000Z",
        "city": null,
        "region": "TX",
        "country": "US",
        "road": "West Dickinson Boulevard",
        "postalcode": "79735"
      }
    },
    {
      "type": "Feature",
      "geometry": {
        "type": "Point",
        "coordinates": [
          -97.68668365,
          30.41212082
        ]
      },
      "properties": {
        "netid": "90:35:EA:71:55:EC",
        "ssid": null,
        "oui": "90:35:EA",
        "channel": 0,
        "encryption": "unknown",
        "firsttime": "2025-02-20T11:00:00.000Z",
        "lasttime": "2025-02-21T15:00:00.000Z",
        "city": "Austin",
        "region": "TX",
        "country": "US",
        "road": "Scofield Farms Drive",
        "postalcode": "78728"
      }
    },
    {
      "type": "Feature",
      "geometry": {
        "type": "Point",
        "coordinates": [
          -2.0867281,
          53.45272446
        ]
      },
      "properties": {
        "netid": "90:35:EA:7A:BA:19",
        "ssid": "RCS_SM1500_25P4675",
        "oui": "90:35:EA",
        "channel": 1,
        "encryption": "wpa2",
        "firsttime": "2025-07-23T16:00:00.000Z",
        "lasttime": "2025-07-26T11:00:00.000Z",
        "city": "Tameside",
        "region": "England",
        "country": "GB",
        "road": "Manchester Road",
        "postalcode": "SK14 1BW"
      }
    },
    {
      "type": "Feature",
      "geometry": {
        "type": "Point",
        "coordinates": [
          -0.99460995,
          50.93976593
        ]
      },
      "properties": {
        "netid": "90:35:EA:9A:B0:61",
        "ssid": null,
        "oui": "90:35:EA",
        "channel": 1,
        "encryption": "unknown",
        "firsttime": "2024-09-24T23:00:00.000Z",
        "lasttime": "2025-01-25T18:00:00.000Z",
        "city": "East Hampshire",
        "region": "England",
        "country": "GB",
        "road": "Lowton Gardens",
        "postalcode": "PO8 0XQ"
      }
    },
    {
      "type": "Feature",
      "geometry": {
        "type": "Point",
        "coordinates": [
          -97.3307724,
          30.10930634
        ]
      },
      "properties": {
        "netid": "90:35:EA:DF:A5:98",
        "ssid": null,
        "oui": "90:35:EA",
        "channel": 0,
        "encryption": "unknown",
        "firsttime": "2025-01-23T09:00:00.000Z",
        "lasttime": "2025-01-23T15:00:00.000Z",
        "city": null,
        "region": "TX",
        "country": "US",
        "road": "Old Austin Highway",
        "postalcode": "78602"
      }
    }
  ],
  "properties": {
    "generated": "2026-08-28T17:52:28.035578+00:00",
    "oui": "90:35:EA",
    "source": "WiGLE (wigle.net)",
    "project": "flock-finder",
    "total_cameras": 620
  }
}