netid,ssid,trilat,trilong,oui_match,channel,encryption,firsttime,lasttime,city,region,country,road,postalcode
90:35:EA:04:2A:49,,38.22232819,-85.69234467,90:35:EA,0,unknown,2026-01-08T07:00:00.000Z,2026-01-21T05:00:00.000Z,Louisville,KY,US,Dundee Road,40205
90:35:EA:08:FD:C9,MLG53640,42.36249924,-82.97980499,90:35:EA,6,none,2025-02-12T01:00:00.000Z,2026-08-06T18:00:00.000Z,Detroit,MI,US,East Jefferson Avenue,48214
90:35:EA:08:FD:E5,MLG53647,30.00904465,-90.24799347,90:35:EA,11,unknown,2025-01-13T16:00:00.000Z,2025-01-19T07:00:00.000Z,,LA,US,I 10,70062
90:35:EA:08:FD:EF,MLG53660,37.52918625,-95.36454773,90:35:EA,6,unknown,2025-12-05T01:00:00.000Z,2026-04-30T17:00:00.000Z,,KS,US,110th Road,66733
90:35:EA:08:FE:09,MLG53656,30.30830956,-82.97724152,90:35:EA,6,none,2026-09-01T17:00:00.000Z,2026-09-01T12:00:00.000Z,,FL,US,Ohio Avenue,42097
90:35:EA:08:FE:3B,MLG55618,35.46374893,-82.61196899,90:35:EA,6,unknown,2025-03-28T20:00:00.000Z,2025-03-28T15:00:00.000Z,,NC,US,Walnut Valley Parkway,
90:35:EA:08:FE:3D,MLG55557,29.9338932,-95.6501236,90:35:EA,6,none,2026-01-02T18:00:00.000Z,2026-08-23T09:00:00.000Z,,TX,US,Telge Road,77095
90:35:EA:08:FE:81,MLG54172,40.56292725,-75.25268555,90:35:EA,6,none,2025-08-11T16:00:00.000Z,2026-07-10T18:00:00.000Z,Springfield Township,PA,US,Haupts Bridge Road,18077
90:35:EA:08:FE:D1,MLG56525,36.592453,-121.95063019,90:35:EA,11,none,2025-07-31T01:00:00.000Z,2026-07-16T21:00:00.000Z,,CA,US,Hermitage Road,93953
90:35:EA:08:FE:D5,MLG55474,40.71661377,-73.56073761,90:35:EA,6,unknown,2024-11-10T20:00:00.000Z,2024-11-10T13:00:00.000Z,,NY,US,Cole Drive,11554
90:35:EA:08:FE:F3,MLG56421,9.92948818,-84.10373688,90:35:EA,1,none,2025-03-31T04:00:00.000Z,2026-09-05T10:00:00.000Z,,Provincia San José,CR,Calle Morenos,10108
90:35:EA:08:FF:0D,MLG54707,29.63093567,-90.70235443,90:35:EA,6,none,2023-11-16T20:00:00.000Z,2026-03-12T19:00:00.000Z,,LA,US,Coteau Road,70364
90:35:EA:08:FF:5D,MLG62277,48.30042267,-116.55699921,90:35:EA,6,unknown,2025-02-28T21:00:00.000Z,2025-02-28T15:00:00.000Z,,ID,US,North Boyer Avenue,83852
90:35:EA:0D:47:55,MLG54200,39.67225266,-85.95241547,90:35:EA,11,none,2024-08-17T20:00:00.000Z,2025-10-09T16:00:00.000Z,Indianapolis,IN,US,Carroll Road,46259
90:35:EA:0D:47:61,MLG54334,32.41529083,-99.50818634,90:35:EA,6,unknown,2026-02-10T20:00:00.000Z,2026-06-27T09:00:00.000Z,,TX,US,I 20,79510
90:35:EA:0D:47:85,MLG54313,29.32015038,-97.31980896,90:35:EA,11,unknown,2025-05-02T19:00:00.000Z,2026-08-03T10:00:00.000Z,,TX,US,Braden,78629
90:35:EA:0D:47:97,MLG54370,26.25004387,-81.79280853,90:35:EA,11,none,2026-05-01T16:00:00.000Z,2026-05-04T20:00:00.000Z,,FL,US,Vanderbilt Beach Road,34108
90:35:EA:0D:47:D7,MLG56025,26.17381287,-97.99819183,90:35:EA,6,none,2025-07-26T20:00:00.000Z,2026-08-29T20:00:00.000Z,,TX,US,West Expressway 83,78537
90:35:EA:0D:47:F9,MLG53772,35.13552094,-90.06261444,90:35:EA,1,unknown,2025-04-25T18:00:00.000Z,2025-04-25T12:00:00.000Z,Memphis,TN,US,Riverwalk,38103
90:35:EA:0D:48:03,MLG53873,35.71591949,-82.03941345,90:35:EA,11,none,2024-05-25T19:00:00.000Z,2026-08-14T12:00:00.000Z,,NC,US,US 221;NC 226,28657
90:35:EA:0D:48:1D,MLG55976,30.2559967,-95.42673492,90:35:EA,1,none,2026-07-20T22:00:00.000Z,2026-08-15T13:00:00.000Z,,TX,US,Kidd Road,77302
90:35:EA:0D:48:33,MLG55492,27.96197128,-82.79795074,90:35:EA,6,none,2026-06-26T22:00:00.000Z,2026-06-26T16:00:00.000Z,Clearwater,FL,US,Court Street,33756
90:35:EA:0D:48:7F,MLG60859,45.67242432,-118.78459167,90:35:EA,6,unknown,2025-02-22T14:00:00.000Z,2025-02-24T19:00:00.000Z,,OR,US,Southeast Dorion Avenue,97801
90:35:EA:0D:48:A1,MLG56382,40.07318115,-74.06895447,90:35:EA,2,unknown,2025-08-22T11:00:00.000Z,2025-11-20T03:00:00.000Z,,NJ,US,Edgar Road,08742
90:35:EA:0D:49:67,MLG54003,29.05082703,-80.90549469,90:35:EA,11,unknown,2024-09-22T15:00:00.000Z,2024-09-22T09:00:00.000Z,New Smyrna Beach,FL,US,North Peninsula Avenue,32169
90:35:EA:0D:49:8D,MLG54510,40.8299408,-74.61557007,90:35:EA,11,none,2024-04-28T15:00:00.000Z,2026-07-31T09:00:00.000Z,Randolph Township,NJ,US,Randolph Trails,07869
90:35:EA:0D:49:CD,MLG55473,31.30999184,-104.82979584,90:35:EA,11,unknown,2026-01-18T17:00:00.000Z,2026-03-19T14:00:00.000Z,,TX,US,State Highway 54,79855
90:35:EA:0D:49:D5,MLG55171,46.57900238,-85.25306702,90:35:EA,1,unknown,2026-06-04T14:00:00.000Z,2026-07-25T21:00:00.000Z,,MI,US,Falls Road,49768
90:35:EA:0D:49:E1,MLG56489,41.8627739,-84.04270935,90:35:EA,6,none,2024-11-20T12:00:00.000Z,2026-06-05T18:00:00.000Z,,MI,US,South Adrian Highway,49221
90:35:EA:0D:4A:55,MLG55965,41.21298218,-73.90625,90:35:EA,11,none,2025-03-24T20:00:00.000Z,2026-08-17T06:00:00.000Z,,NY,US,US 9,10520
90:35:EA:0D:4A:FB,MLG56017,33.05381775,-97.10571289,90:35:EA,11,none,2026-07-13T10:00:00.000Z,2026-07-13T04:00:00.000Z,Flower Mound,TX,US,Remington Park Drive,75028
90:35:EA:0D:5E:6F,MLG53562,35.83708954,-80.25338745,90:35:EA,6,unknown,2025-07-10T19:00:00.000Z,2025-09-26T20:00:00.000Z,Lexington,NC,US,Winston Road,
90:35:EA:0D:5E:E5,MLG55294,38.98708344,-77.11100006,90:35:EA,6,none,2026-06-20T18:00:00.000Z,2026-06-21T22:00:00.000Z,Bethesda,MD,US,Wilson Lane,22814
90:35:EA:0D:5E:E7,MLG55127,26.67292786,-81.73202515,90:35:EA,11,unknown,2025-05-01T00:00:00.000Z,2025-06-03T16:00:00.000Z,,FL,US,Buckingham Road,
90:35:EA:0D:5F:1F,MLG56219,29.75162697,-95.50800323,90:35:EA,1,none,2022-12-23T14:00:00.000Z,2026-03-06T11:00:00.000Z,Piney Point Village,TX,US,San Felipe Street,77063
90:35:EA:0D:5F:9B,MLG62246,42.31923676,-83.60970306,90:35:EA,7,none,2025-10-22T16:00:00.000Z,2026-08-28T11:00:00.000Z,,MI,US,Ford Road,48198
90:35:EA:0D:60:0F,MLG53130,43.89973831,-78.65383148,90:35:EA,11,unknown,2025-07-14T18:00:00.000Z,2025-12-03T10:00:00.000Z,Clarington,Ontario,CA,South Service Road,L1C4P8
90:35:EA:0D:60:17,MLG54030,38.99794769,-93.95376587,90:35:EA,11,unknown,2026-08-08T16:00:00.000Z,2026-08-09T13:00:00.000Z,,MO,US,South 2nd Street,64076
90:35:EA:0D:60:19,MLG54216,34.60424042,-79.09938812,90:35:EA,6,none,2024-06-15T10:00:00.000Z,2026-09-03T13:00:00.000Z,,NC,US,I 95;US 301,28360:28372
90:35:EA:0D:60:29,MLG54309,41.9109726,-83.42157745,90:35:EA,1,none,2025-04-29T13:00:00.000Z,2026-07-06T10:00:00.000Z,,MI,US,South Telegraph Road,48161
90:35:EA:0D:60:61,MLG55400,35.27452087,-112.764328,90:35:EA,6,none,2024-06-15T20:00:00.000Z,2025-04-26T13:00:00.000Z,,AZ,US,Purple Heart Trail,
90:35:EA:0D:60:8D,MLG53711,43.65379333,-115.97945404,90:35:EA,11,unknown,2025-02-22T19:00:00.000Z,2025-02-22T12:00:00.000Z,,ID,US,Ponderosa Pine Scenic Route,
90:35:EA:0D:60:99,MLG53507,35.39928436,-80.60957336,90:35:EA,1,unknown,2025-06-13T19:00:00.000Z,2025-06-13T12:00:00.000Z,Concord,NC,US,Concord Parkway South,28027
90:35:EA:0D:60:9D,MLG54489,41.13853836,-73.33159637,90:35:EA,6,unknown,2024-08-27T23:00:00.000Z,2024-10-11T18:00:00.000Z,,CT,US,Post Road East,06880
90:35:EA:0D:60:AD,MLG54347,24.55821228,-81.79932404,90:35:EA,11,unknown,2024-09-25T20:00:00.000Z,2025-08-10T12:00:00.000Z,,FL,US,William Street,33040
90:35:EA:0D:60:B3,MLG54171,27.86745644,-82.70018005,90:35:EA,6,unknown,2024-03-27T12:00:00.000Z,2025-06-15T10:00:00.000Z,Pinellas Park,FL,US,49th Street,33782
90:35:EA:0D:60:BF,MLG53995,40.87798309,-80.75778198,90:35:EA,6,unknown,2024-08-29T18:00:00.000Z,2025-12-29T19:00:00.000Z,,OH,US,Walnut Street,44490
90:35:EA:0D:60:F1,MLG54094,26.26806641,-81.78936768,90:35:EA,11,unknown,2026-06-19T13:00:00.000Z,2026-06-19T07:00:00.000Z,,FL,US,Goodlette-Frank Road,34109
90:35:EA:0D:60:FD,MLG56006,37.84624863,-80.84172821,90:35:EA,6,unknown,2024-10-18T17:00:00.000Z,2024-10-18T14:00:00.000Z,,WV,US,WV 20,25976
90:35:EA:0D:60:FF,MLG60710,47.66408157,-117.29698181,90:35:EA,1,unknown,2025-12-05T17:00:00.000Z,2025-12-05T11:00:00.000Z,,WA,US,East Broadway Avenue,99212
90:35:EA:0D:61:01,MLG55305,39.90017319,-86.08138275,90:35:EA,1,unknown,2025-05-04T19:00:00.000Z,2025-05-04T12:00:00.000Z,Indianapolis,IN,US,Allisonville Road,46250
90:35:EA:0D:61:3F,MLG53871,41.90339661,-71.09174347,90:35:EA,6,unknown,2025-06-01T21:00:00.000Z,2025-12-06T16:00:00.000Z,Taunton,MA,US,School Street,02780
90:35:EA:0D:61:5B,MLG54168,30.30835533,-98.81730652,90:35:EA,6,unknown,2025-10-08T15:00:00.000Z,2025-10-12T15:00:00.000Z,,TX,US,State Highway 16,
90:35:EA:0D:61:5F,MLG53970,33.03451157,-97.32835388,90:35:EA,1,none,2025-04-24T20:00:00.000Z,2026-08-04T04:00:00.000Z,Fort Worth,TX,US,State Highway 114,
90:35:EA:0D:64:AB,MLG55485,38.02374268,-84.47631073,90:35:EA,1,unknown,2025-01-28T15:00:00.000Z,2025-01-30T11:00:00.000Z,Lexington,KY,US,Culpepper Road,40502
90:35:EA:0D:64:AD,MLG53238,41.83195877,-83.47574615,90:35:EA,1,unknown,2026-04-04T17:00:00.000Z,2026-04-04T18:00:00.000Z,,MI,US,South Dixie Highway,48161
90:35:EA:0D:64:AF,MLG55481,45.48766327,-73.74919891,90:35:EA,11,unknown,2025-05-07T12:00:00.000Z,2025-05-07T15:00:00.000Z,Montréal,Québec,CA,Rue Halpern,H4S 1P8
90:35:EA:0D:65:0B,MLG56168,18.23819923,-65.92868042,90:35:EA,6,unknown,2026-05-23T22:00:00.000Z,2026-08-08T02:00:00.000Z,,PR,US,Expreso Cruz Ortíz Stella,00777
90:35:EA:0D:65:29,MLG55993,42.25881577,-82.43218994,90:35:EA,5,unknown,2025-05-14T12:00:00.000Z,2025-05-14T07:00:00.000Z,,Ontario,CA,Queen Street South,N0P 2L0
90:35:EA:0D:65:33,MLG55974,35.2218132,-106.27935028,90:35:EA,6,unknown,2025-05-13T03:00:00.000Z,2026-08-22T20:00:00.000Z,,NM,US,NM 14,87047
90:35:EA:0D:65:53,MLG55970,42.39423752,-76.35153198,90:35:EA,1,none,2024-04-08T20:00:00.000Z,2026-09-03T13:00:00.000Z,,NY,US,Slaterville Road,14881
90:35:EA:0D:65:5D,MLG55755,39.15081024,-77.98085785,90:35:EA,1,none,2026-03-29T16:00:00.000Z,2026-08-18T19:00:00.000Z,,VA,US,East Main Street,22611
90:35:EA:0D:65:71,MLG55902,45.88558197,-89.72544861,90:35:EA,6,none,2024-10-26T15:00:00.000Z,2026-08-04T10:00:00.000Z,,WI,US,WI 70,54548
90:35:EA:0D:66:9F,MLG56270,35.86539078,-101.97083282,90:35:EA,11,unknown,2026-03-29T15:00:00.000Z,2026-03-29T15:00:00.000Z,,TX,US,East 1st Street,79029
90:35:EA:0D:66:ED,MLG55629,27.38658333,-82.40070343,90:35:EA,6,unknown,2026-04-02T20:00:00.000Z,2026-04-16T16:00:00.000Z,,FL,US,University Parkway,34202
90:35:EA:0D:67:23,MLG55673,30.29089165,-97.75740051,90:35:EA,5,unknown,2025-02-26T04:00:00.000Z,2025-10-17T09:00:00.000Z,Austin,TX,US,Windsor Road,78703
90:35:EA:0D:67:81,MLG62249,40.06469727,-74.04508972,90:35:EA,11,unknown,2026-06-03T21:00:00.000Z,2026-07-04T14:00:00.000Z,,NJ,US,Ocean Avenue,08742
90:35:EA:0D:67:85,MLG55375,29.66855812,-95.20792389,90:35:EA,2,none,2026-03-25T18:00:00.000Z,2026-03-25T13:00:00.000Z,Pasadena,TX,US,South Shaver Street,77502
90:35:EA:0D:67:9F,MLG59101,40.13574982,-120.92878723,90:35:EA,11,unknown,2025-02-13T00:00:00.000Z,2026-08-15T22:00:00.000Z,,CA,US,Ann Street,95947
90:35:EA:0D:67:CF,MLG55265,33.48800278,-97.15283203,90:35:EA,6,none,2024-12-07T23:00:00.000Z,2026-08-30T08:00:00.000Z,,TX,US,Farm-to-Market Road 922,76272
90:35:EA:0D:67:DD,MLG55180,41.95889664,-83.67053986,90:35:EA,6,none,2025-11-26T04:00:00.000Z,2026-08-24T11:00:00.000Z,,MI,US,Tecumseh Street,48131
90:35:EA:0D:67:E1,MLG54992,43.68070221,-79.39891052,90:35:EA,1,unknown,2024-03-29T17:00:00.000Z,2026-07-17T14:00:00.000Z,Old Toronto,Ontario,CA,Avenue Road,M4V 2G9
90:35:EA:0D:67:FB,MLG55172,30.12296104,-92.04164886,90:35:EA,1,unknown,2025-11-28T22:00:00.000Z,2025-12-02T13:00:00.000Z,,LA,US,Soulanges Road,70508
90:35:EA:0D:67:FF,MLG55518,29.54544067,-95.6987381,90:35:EA,11,unknown,2025-01-17T18:00:00.000Z,2025-11-05T16:00:00.000Z,,TX,US,Crabb River Road,
90:35:EA:0D:68:11,MLG53620,39.18666077,-84.34483337,90:35:EA,1,unknown,2025-03-20T20:00:00.000Z,2026-08-27T13:00:00.000Z,,OH,US,Drake Road,45243-3310
90:35:EA:0D:68:17,MLG53706,42.58744431,-83.80276489,90:35:EA,11,unknown,2025-02-01T18:00:00.000Z,2025-02-01T17:00:00.000Z,,MI,US,McClements Road,48114
90:35:EA:0D:68:39,MLG61407,42.73028946,-73.88996887,90:35:EA,11,unknown,2025-02-04T19:00:00.000Z,2025-02-04T12:00:00.000Z,City of Schenectady,NY,US,Ryan Place,12303
90:35:EA:0D:68:4D,MLG61403,42.45092773,-86.24946594,90:35:EA,1,unknown,2025-07-26T17:00:00.000Z,2025-07-26T13:00:00.000Z,,MI,US,Blue Star Highway,49408
90:35:EA:0D:68:7F,MLG53954,29.92874718,-95.07232666,90:35:EA,6,none,2025-01-08T22:00:00.000Z,2026-05-28T09:00:00.000Z,,TX,US,FM 2100,77532
90:35:EA:0D:68:9B,MLG53852,33.34545135,-97.34346771,90:35:EA,6,unknown,2025-05-11T17:00:00.000Z,2025-05-11T10:00:00.000Z,,TX,US,FM 1173,76249
90:35:EA:0D:68:D5,MLG53615,39.19625854,-84.33096313,90:35:EA,1,unknown,2025-12-08T22:00:00.000Z,2026-09-03T00:00:00.000Z,,OH,US,Kugler Mill Road,45243
90:35:EA:0D:68:ED,MLG56365,39.94483948,-83.26998138,90:35:EA,11,none,2026-06-09T01:00:00.000Z,2026-06-10T18:00:00.000Z,,OH,US,Main Street,43162
90:35:EA:0D:69:09,,39.5484581,-89.23332977,90:35:EA,11,unknown,2026-02-22T18:00:00.000Z,2026-02-22T16:00:00.000Z,,IL,US,Lincoln Trail,62568
90:35:EA:0D:69:0F,MLG55925,41.49094391,-87.84833527,90:35:EA,1,none,2024-12-05T23:00:00.000Z,2026-04-30T10:00:00.000Z,,IL,US,Center Road,60423
90:35:EA:0D:69:51,MLG56364,43.01062012,-81.17870331,90:35:EA,6,unknown,2026-04-20T00:00:00.000Z,2026-06-15T04:00:00.000Z,London,Ontario,CA,Clarke Road,N5V 3N4
90:35:EA:0D:6C:C9,MLG54275,29.63218689,-96.06278229,90:35:EA,1,unknown,2026-02-18T23:00:00.000Z,2026-02-18T17:00:00.000Z,Wallis,TX,US,North 1st Street,77485
90:35:EA:14:56:7F,MLG53242,43.61592865,-71.4325943,90:35:EA,8,unknown,2026-07-25T17:00:00.000Z,2026-07-25T11:00:00.000Z,,NH,US,Edgewater Drive,03249
90:35:EA:14:56:89,MLG54147,48.48710632,-81.2036438,90:35:EA,6,none,2025-10-09T19:00:00.000Z,2026-08-21T05:00:00.000Z,Timmins,Ontario,CA,Highway 101,P0N 1H0
90:35:EA:14:56:8D,MLG54266,43.0396347,-77.10296631,90:35:EA,1,none,2026-04-09T15:00:00.000Z,2026-08-19T18:00:00.000Z,,NY,US,West Maple Avenue,14513
90:35:EA:14:56:8F,MLG53876,35.79794312,-78.65288544,90:35:EA,6,unknown,2024-12-17T22:00:00.000Z,2024-12-22T16:00:00.000Z,Raleigh,NC,US,Saint Marys Street,27608-2347
90:35:EA:14:56:A9,MLG54265,26.12875938,-97.6346817,90:35:EA,6,unknown,2026-06-20T11:00:00.000Z,2026-06-20T08:00:00.000Z,San Benito,TX,US,South Sam Houston Boulevard,78586
90:35:EA:14:56:E9,MLG54196,29.87095642,-95.356987,90:35:EA,6,none,2026-07-31T16:00:00.000Z,2026-07-31T11:00:00.000Z,Houston,TX,US,Little York Road,77093
90:35:EA:14:56:FB,MLG54394,40.01922226,-80.74080658,90:35:EA,11,none,2026-06-24T18:00:00.000Z,2026-08-27T15:00:00.000Z,,OH,US,37th Street,43906
90:35:EA:14:57:03,MLG54417,47.14287949,-67.94602966,90:35:EA,6,unknown,2025-03-12T20:00:00.000Z,2025-03-14T05:00:00.000Z,,ME,US,State Street,04785
90:35:EA:14:57:51,MLG56122,29.61849976,-95.5619812,90:35:EA,4,unknown,2025-05-29T00:00:00.000Z,2025-05-28T18:00:00.000Z,Stafford,TX,US,North Main Street,77477
90:35:EA:14:57:71,MLG55556,30.35030746,-91.02069092,90:35:EA,1,unknown,2024-03-11T16:00:00.000Z,2024-10-04T10:00:00.000Z,,LA,US,Petroleum Drive,70809
90:35:EA:14:57:D7,MLG54418,39.35840607,-93.49641418,90:35:EA,11,unknown,2026-03-17T00:00:00.000Z,2026-03-16T18:00:00.000Z,,MO,US,South Main Street,64633
90:35:EA:14:57:F1,MLG54287,42.77812576,-78.8237915,90:35:EA,11,unknown,2025-05-07T16:00:00.000Z,2025-05-07T09:00:00.000Z,Buffalo,NY,US,South Park Avenue,14219
90:35:EA:14:58:0B,MLG54234,42.19311523,-84.36960602,90:35:EA,11,unknown,2024-03-18T00:00:00.000Z,2025-12-14T17:00:00.000Z,,MI,US,US 127;M 50,49201
90:35:EA:14:58:15,MLG54226,29.47136879,-98.45018768,90:35:EA,1,none,2026-06-15T17:00:00.000Z,2026-06-16T18:00:00.000Z,,TX,US,Terrell Road,78209
90:35:EA:14:58:19,MLG54103,31.63928413,-94.6536026,90:35:EA,1,none,2025-01-23T19:00:00.000Z,2025-01-23T13:00:00.000Z,Nacogdoches,TX,US,Wortham Drive,75965
90:35:EA:14:58:2F,MLG54328,30.00518036,-90.20715332,90:35:EA,11,none,2024-08-08T13:00:00.000Z,2026-07-13T11:00:00.000Z,,LA,US,Veterans Memorial Boulevard,70003
90:35:EA:14:58:3B,MLG53981,36.89012909,-76.09788513,90:35:EA,6,none,2026-07-09T20:00:00.000Z,2026-07-09T15:00:00.000Z,Virginia Beach,VA,US,Little Neck Point,23452
90:35:EA:14:58:3F,MLG54165,17.94120979,-87.94760895,90:35:EA,1,unknown,2025-02-09T17:00:00.000Z,2025-02-09T18:00:00.000Z,,Belize District,BZ,,
90:35:EA:14:58:43,MLG53985,30.39000702,-91.15467834,90:35:EA,11,none,2024-12-01T18:00:00.000Z,2026-08-31T10:00:00.000Z,Baton Rouge,LA,US,Highland Road,70820
90:35:EA:18:AD:83,,41.51737595,-74.03687286,90:35:EA,0,none,2025-06-21T00:00:00.000Z,2025-06-21T06:00:00.000Z,,NY,US,I 84;NY 52,12550
90:35:EA:1A:ED:72,,39.85173798,-75.37380219,90:35:EA,0,none,2023-10-18T16:00:00.000Z,2025-06-22T07:00:00.000Z,,PA,US,Delaware Expressway,19013
90:35:EA:1C:1D:17,,39.4422226,-76.3625946,90:35:EA,0,none,2025-06-16T14:00:00.000Z,2025-06-16T12:00:00.000Z,,MD,US,John F. Kennedy Memorial Highway,21085
90:35:EA:1C:22:6A,,39.66549301,-75.68805695,90:35:EA,0,none,2025-06-16T13:00:00.000Z,2025-06-16T07:00:00.000Z,,DE,US,Delaware Turnpike,19702
90:35:EA:1C:28:28,,40.8545723,-74.423172,90:35:EA,0,none,2024-09-11T15:00:00.000Z,2024-09-11T08:00:00.000Z,,NJ,US,I 287,07054
90:35:EA:1D:C2:F7,,41.75213623,-73.79902649,90:35:EA,0,none,2025-03-26T22:00:00.000Z,2025-03-26T15:00:00.000Z,,NY,US,US 44,12569
90:35:EA:25:C5:15,Flock,-33.79512787,151.25901794,90:35:EA,1,wpa2,2026-09-03T03:00:00.000Z,2026-09-03T03:00:00.000Z,,New South Wales,AU,Seaview Street,2093
90:35:EA:2A:E5:B1,IRIDIUM-58262,-33.8444519,147.74436951,90:35:EA,5,unknown,2025-08-27T22:00:00.000Z,2025-10-15T19:00:00.000Z,,New South Wales,AU,Wyalong Street,2810
90:35:EA:2A:E5:B9,IRIDIUM-58122,28.90139198,-82.64560699,90:35:EA,5,none,2024-09-01T21:00:00.000Z,2024-09-30T15:00:00.000Z,,FL,US,West Fort Island Trail,
90:35:EA:2A:E8:CE,Class A AIS 0119,-17.74183846,168.31427002,90:35:EA,6,wpa2,2026-07-10T22:00:00.000Z,2026-07-20T17:00:00.000Z,Port Vila,Shefa,VU,Kumul Highway,PMB 9054
90:35:EA:2A:EA:1D,IRIDIUM-RUA,-36.82965088,174.78520203,90:35:EA,5,wpa2,2026-06-25T20:00:00.000Z,2026-06-25T17:00:00.000Z,Devonport-Takapuna,Auckland,NZ,Mozeley Avenue,0624
90:35:EA:2A:EC:C3,Flock,52.45842743,-1.94976473,90:35:EA,6,none,2026-09-05T12:00:00.000Z,2026-09-05T22:00:00.000Z,Birmingham,England,GB,Vivian Road,B17
90:35:EA:2A:F1:57,IRIDIUM-58100,28.24891853,-81.29943085,90:35:EA,5,unknown,2024-10-08T20:00:00.000Z,2024-10-08T16:00:00.000Z,,FL,US,10th Street,34769
90:35:EA:2A:F4:55,IRIDIUM-58958,52.39754868,4.89087534,90:35:EA,5,unknown,2025-09-01T10:00:00.000Z,2025-09-01T04:00:00.000Z,Amsterdam,Noord-Holland,NL,ms. van Riemsdijkweg,1033RC
90:35:EA:2A:F5:A8,HS3_FPPTA,41.90699768,12.45011711,90:35:EA,1,unknown,2025-04-17T06:00:00.000Z,2025-04-16T23:00:00.000Z,Roma,Lazio,IT,Via Vittor Pisani,00136
90:35:EA:2A:F5:F2,HS3_BXNAA,40.85367203,14.16552925,90:35:EA,1,unknown,2025-01-23T10:00:00.000Z,2025-01-29T01:00:00.000Z,Napoli,Campania,IT,Via Montagna Spaccata,80126
90:35:EA:2A:F7:8D,Flock,30.66863632,-87.91072083,90:35:EA,1,wpa2,2026-07-08T02:00:00.000Z,2026-08-25T23:00:00.000Z,,AL,US,Spanish Fort Boulevard,36527
90:35:EA:2A:F8:FD,24392495,50.97986603,12.4308157,90:35:EA,11,wpa2,2024-06-30T09:00:00.000Z,2026-08-23T05:00:00.000Z,,Thüringen,DE,Geschwister-Scholl-Straße,04600
90:35:EA:2A:F8:FE,24437539,59.31596756,18.16348076,90:35:EA,11,wpa2,2023-04-15T10:00:00.000Z,2025-08-12T01:00:00.000Z,,Stockholms län,SE,Cylindervägen,131 52
90:35:EA:2A:F9:2E,24061902,51.02470016,7.7744503,90:35:EA,11,wpa2,2023-07-02T13:00:00.000Z,2025-05-17T05:00:00.000Z,Drolshagen,Nordrhein-Westfalen,DE,Gartenstraße,57489
90:35:EA:2A:F9:46,PurWallbox,51.47367859,6.81575108,90:35:EA,11,wpa2,2023-08-21T13:00:00.000Z,2025-04-14T11:00:00.000Z,Oberhausen,Nordrhein-Westfalen,DE,A 3,47138
90:35:EA:2A:F9:59,24052621,48.16499329,8.6286602,90:35:EA,11,wpa2,2026-08-01T09:00:00.000Z,2026-08-01T11:00:00.000Z,,Baden-Württemberg,DE,Königstraße,78628
90:35:EA:2A:F9:62,24039877,51.48636627,6.92964888,90:35:EA,11,wpa2,2023-07-12T18:00:00.000Z,2025-08-04T12:00:00.000Z,Essen,Nordrhein-Westfalen,DE,Blitzstraße,45357
90:35:EA:2A:F9:99,24039894,53.63085938,10.1136713,90:35:EA,11,wpa2,2025-11-16T15:00:00.000Z,2025-11-16T07:00:00.000Z,Hamburg,Bramfeld,DE,Carsten-Reimers-Ring,22175
90:35:EA:2A:F9:CA,24165910,50.64268112,12.96483994,90:35:EA,11,wpa2,2024-11-01T11:00:00.000Z,2024-12-08T23:00:00.000Z,,Sachsen,DE,Thomas-Mann-Straße,09427
90:35:EA:2A:F9:EC,24076979,49.37175369,22.43013763,90:35:EA,11,wpa2,2026-05-22T17:00:00.000Z,2026-05-22T13:00:00.000Z,,województwo podkarpackie,PL,Zdrojowa,38-610
90:35:EA:2A:F9:F1,24076980,49.37234497,22.43181801,90:35:EA,11,wpa2,2022-08-26T12:00:00.000Z,2026-05-22T13:00:00.000Z,,województwo podkarpackie,PL,Zdrojowa,38-610
90:35:EA:2A:F9:FE,24029689,48.94546509,8.40232468,90:35:EA,11,wpa2,2023-07-24T07:00:00.000Z,2026-05-31T12:00:00.000Z,,Baden-Württemberg,DE,Scheffelstraße,76275
90:35:EA:2A:FA:0A,24260313,51.93419266,7.19226265,90:35:EA,11,wpa2,2026-04-29T19:00:00.000Z,2026-04-29T12:00:00.000Z,Coesfeld,Nordrhein-Westfalen,DE,Sommerkamp,48653
90:35:EA:2A:FA:30,24969686,54.02707672,10.75645256,90:35:EA,11,wpa2,2025-11-12T15:00:00.000Z,2025-11-12T11:00:00.000Z,Scharbeutz,Schleswig-Holstein,DE,Strandallee,23683
90:35:EA:2A:FA:34,24969904,47.68094635,9.85149002,90:35:EA,11,wpa2,2024-02-19T10:00:00.000Z,2024-11-15T06:00:00.000Z,,Baden-Württemberg,DE,Sigmannser Weg,88239
90:35:EA:2A:FA:3C,24969683,54.88280869,8.6826067,90:35:EA,11,wpa2,2025-05-09T09:00:00.000Z,2025-05-10T11:00:00.000Z,Rodenäs,Schleswig-Holstein,DE,Neudorf,25924
90:35:EA:2A:FA:3E,24692488,48.84740067,8.55770779,90:35:EA,11,wpa2,2024-10-20T15:00:00.000Z,2024-10-20T09:00:00.000Z,,Baden-Württemberg,DE,Hauptstraße,75334
90:35:EA:2A:FA:5A,24562655,51.41337967,5.01246357,90:35:EA,11,wpa2,2024-11-26T00:00:00.000Z,2024-11-25T17:00:00.000Z,,Antwerpen,BE,Oude Kerkweg,2381
90:35:EA:2A:FA:71,24558556,47.52326965,7.65158415,90:35:EA,11,wpa2,2024-12-05T13:00:00.000Z,2024-12-05T07:00:00.000Z,,Basel-Landschaft,CH,St. Arbogast-Strasse,4132
90:35:EA:2A:FA:73,24558550,47.64730072,9.19053268,90:35:EA,11,wpa2,2026-04-11T08:00:00.000Z,2026-04-11T02:00:00.000Z,,Thurgau,CH,Promenadenstrasse,8280
90:35:EA:2A:FA:A4,24969634,53.59375381,9.96848106,90:35:EA,11,wpa2,2024-09-22T12:00:00.000Z,2025-06-01T14:00:00.000Z,Hamburg,Lokstedt,DE,Süderfeldstraße,22529
90:35:EA:2A:FA:A5,24558637,52.31156158,6.73998022,90:35:EA,11,wpa2,2023-01-11T12:00:00.000Z,2025-09-27T13:00:00.000Z,,Overijssel,NL,Zenderensestraat,7625TE
90:35:EA:2A:FA:AE,24969663,47.7752037,11.11581898,90:35:EA,11,wpa2,2023-10-07T07:00:00.000Z,2026-08-06T14:00:00.000Z,,Bayern,DE,Eyacher Straße,82386
90:35:EA:2A:FA:B5,24969845,52.64126968,13.28587151,90:35:EA,11,wpa2,2024-02-18T15:00:00.000Z,2026-03-07T11:00:00.000Z,Berlin,Reinickendorf,DE,Schönfließer Straße,13465
90:35:EA:2A:FA:E5,24558618,51.06509399,5.03270388,90:35:EA,11,wpa2,2026-04-21T19:00:00.000Z,2026-08-15T12:00:00.000Z,,Limburg,BE,Everslag,3980
90:35:EA:2A:FA:EA,24649770,53.97144699,10.88022232,90:35:EA,11,wpa2,2026-01-18T13:00:00.000Z,2026-01-18T12:00:00.000Z,Lübeck,Schleswig-Holstein,DE,Strandredder,23570
90:35:EA:2A:FA:F9,24592569,48.64192963,9.44362736,90:35:EA,11,wpa2,2025-01-16T12:00:00.000Z,2025-01-16T09:00:00.000Z,,Baden-Württemberg,DE,Holbeinweg,73230
90:35:EA:2A:FB:1D,24117780,49.29516602,8.64292812,90:35:EA,11,wpa2,2024-02-13T12:00:00.000Z,2026-08-20T06:00:00.000Z,,Baden-Württemberg,DE,Hasso-Plattner-Ring,69190
90:35:EA:2A:FB:39,24117320,53.05656815,8.79615211,90:35:EA,11,wpa2,2024-03-19T07:00:00.000Z,2026-07-17T00:00:00.000Z,Bremen,Bremen,DE,Cornelius-Edzard-Straße,28199
90:35:EA:2A:FB:42,24029692,54.17987823,7.8861537,90:35:EA,11,wpa2,2022-07-03T11:00:00.000Z,2025-05-01T11:00:00.000Z,Helgoland - deät Lun,Schleswig-Holstein,DE,Invasorenpfad,27498
90:35:EA:2A:FB:47,24592469,53.40535355,10.15981293,90:35:EA,11,wpa2,2025-12-03T13:00:00.000Z,2025-12-03T07:00:00.000Z,Hamburg,Kirchwerder,DE,Zollenspieker-Hauptdeich,21037
90:35:EA:2A:FB:52,24692463,52.1240387,5.18778515,90:35:EA,11,wpa2,2024-02-02T19:00:00.000Z,2026-09-04T09:00:00.000Z,,Utrecht,NL,Korhoenlaan,3721EC
90:35:EA:2A:FB:82,24558663,51.12937546,3.47751331,90:35:EA,11,wpa2,2025-08-04T16:00:00.000Z,2026-06-13T06:00:00.000Z,,Oost-Vlaanderen,BE,Urselseweg,9910
90:35:EA:2A:FB:8C,24699422,48.25246048,9.21301651,90:35:EA,11,wpa2,2026-01-19T11:00:00.000Z,2026-08-15T03:00:00.000Z,,Baden-Württemberg,DE,Reutlinger Straße,72501
90:35:EA:2A:FB:8E,24592510,47.88680649,11.76094913,90:35:EA,11,wpa2,2025-09-01T15:00:00.000Z,2025-09-01T09:00:00.000Z,,Bayern,DE,Holzkirchner Straße,83626
90:35:EA:2A:FB:97,24577807,51.89014435,5.10436964,90:35:EA,11,wpa2,2026-02-14T09:00:00.000Z,2026-02-14T08:00:00.000Z,Leerdam,Utrecht,NL,Horndijk,4141MA
90:35:EA:2A:FB:9C,24567373,49.24512863,11.09335518,90:35:EA,11,wpa2,2023-09-22T17:00:00.000Z,2026-04-13T02:00:00.000Z,,Bayern,DE,Städtlerstraße,91154
90:35:EA:2A:FB:B7,24562624,47.63786316,17.74124718,90:35:EA,11,wpa2,2024-09-09T18:00:00.000Z,2026-06-12T08:00:00.000Z,,Nyugat-Dunántúl,HU,Petőfi Sándor út,9086
90:35:EA:2A:FB:B8,24077250,49.28946304,11.4695797,90:35:EA,11,wpa2,2025-02-15T14:00:00.000Z,2025-02-15T09:00:00.000Z,,Bayern,DE,Adolf-Menzel-Straße,92318
90:35:EA:2A:FB:C2,24077205,52.2071228,7.03885698,90:35:EA,11,wpa2,2025-04-18T09:00:00.000Z,2026-08-30T07:00:00.000Z,,Nordrhein-Westfalen,DE,Hermann-Ehlers-Straße,48599
90:35:EA:2A:FB:C5,24699426,52.2486496,6.98610783,90:35:EA,11,wpa2,2023-10-26T14:00:00.000Z,2026-02-06T08:00:00.000Z,,Overijssel,NL,Zoekerweg,7582PW
90:35:EA:2A:FB:D8,24304207,50.98983383,7.55537891,90:35:EA,11,wpa2,2024-02-16T12:00:00.000Z,2025-02-20T03:00:00.000Z,,Nordrhein-Westfalen,DE,Vollmerhauser Straße,51645
90:35:EA:2A:FB:DF,24109829,47.68923187,9.12458611,90:35:EA,11,wpa2,2023-06-13T10:00:00.000Z,2026-05-03T12:00:00.000Z,,Baden-Württemberg,DE,Kindlebildstraße,78479
90:35:EA:2A:FB:EB,24103885,43.82786942,-0.7995944,90:35:EA,11,wpa2,2025-04-28T15:00:00.000Z,2025-10-18T08:00:00.000Z,,Nouvelle-Aquitaine,FR,Route Dax Bayonne,40400
90:35:EA:2A:FB:FC,24117323,50.46272659,7.24168825,90:35:EA,11,wpa2,2024-01-06T11:00:00.000Z,2026-02-06T01:00:00.000Z,,Rheinland-Pfalz,DE,Brohltalstraße,56651
90:35:EA:2A:FC:07,24117327,51.39888382,12.1913414,90:35:EA,11,wpa2,2023-10-13T11:00:00.000Z,2026-08-13T12:00:00.000Z,,Sachsen,DE,Bierweg,04435
90:35:EA:2A:FC:19,24117324,50.31142426,7.11752605,90:35:EA,11,wpa2,2024-10-28T10:00:00.000Z,2024-10-28T10:00:00.000Z,,Rheinland-Pfalz,DE,Weidenstraße,56729
90:35:EA:2A:FC:1D,24077373,50.14174652,8.506073,90:35:EA,11,wpa2,2024-06-18T18:00:00.000Z,2024-09-07T10:00:00.000Z,,Hessen,DE,Salinenstraße,65812
90:35:EA:2A:FC:20,24115793,48.10947037,13.15051746,90:35:EA,11,wpa2,2022-09-16T10:00:00.000Z,2026-07-23T11:00:00.000Z,,Oberösterreich,AT,Braunauer Straße,5230
90:35:EA:2A:FC:2D,24117356,54.68470383,9.99232101,90:35:EA,11,wpa2,2024-10-23T11:00:00.000Z,2024-11-13T01:00:00.000Z,,Schleswig-Holstein,DE,Uleweg,24404
90:35:EA:2A:FC:3A,24117355,51.92433929,10.41488838,90:35:EA,11,wpa2,2024-01-20T16:00:00.000Z,2025-12-28T15:00:00.000Z,,Niedersachsen,DE,Bornhardtstraße,38644
90:35:EA:2A:FC:47,24117326,52.02525711,8.55221367,90:35:EA,11,wpa2,2025-12-13T17:00:00.000Z,2026-02-17T09:00:00.000Z,Bielefeld,Nordrhein-Westfalen,DE,Werner-Bock-Straße,33602
90:35:EA:2A:FC:59,24117774,49.29508972,8.64303017,90:35:EA,11,wpa2,2024-02-13T12:00:00.000Z,2026-08-20T06:00:00.000Z,,Baden-Württemberg,DE,Hasso-Plattner-Ring,69190
90:35:EA:2A:FC:67,24117770,47.80719376,12.6930933,90:35:EA,40,none,2026-08-20T18:00:00.000Z,2026-08-20T14:00:00.000Z,,Bayern,DE,Obermayerweg,83313
90:35:EA:2A:FC:85,24117776,49.29564667,8.64441776,90:35:EA,11,wpa2,2025-08-12T14:00:00.000Z,2026-01-29T09:00:00.000Z,,Baden-Württemberg,DE,Industriestraße,69190
90:35:EA:2A:FC:89,24117775,49.29505539,8.64309788,90:35:EA,11,wpa2,2024-02-13T12:00:00.000Z,2026-08-20T06:00:00.000Z,,Baden-Württemberg,DE,Hasso-Plattner-Ring,69190
90:35:EA:2A:FC:8B,24029708,48.69337463,9.67209625,90:35:EA,11,wpa2,2026-05-08T11:00:00.000Z,2026-05-08T11:00:00.000Z,,Baden-Württemberg,DE,Julius-Keck-Straße,73037
90:35:EA:2A:FC:8D,24029706,53.57528305,9.91901398,90:35:EA,11,wpa2,2023-06-24T14:00:00.000Z,2026-08-28T18:00:00.000Z,Hamburg,Bahrenfeld,DE,Schnackenburgallee,22525
90:35:EA:2A:FC:90,24117779,47.11593628,15.36646938,90:35:EA,11,wpa2,2026-01-02T13:00:00.000Z,2026-01-02T06:00:00.000Z,Graz,Steiermark,AT,Judendorfer Straße,8051
90:35:EA:2A:FC:91,24190424,49.89768982,8.61506939,90:35:EA,11,wpa2,2023-02-25T21:00:00.000Z,2026-07-12T00:00:00.000Z,,Hessen,DE,In der Krümme,64331
90:35:EA:2A:FC:A8,24190186,47.97491837,16.85269356,90:35:EA,11,wpa2,2003-08-06T18:00:00.000Z,2026-08-26T06:00:00.000Z,,Burgenland,AT,Ostautobahn,7111
90:35:EA:2A:FC:AA,24029701,54.18400574,7.88378048,90:35:EA,11,wpa2,2022-07-03T13:00:00.000Z,2025-05-01T11:00:00.000Z,Helgoland - deät Lun,Schleswig-Holstein,DE,Gätkestraße,27498
90:35:EA:2A:FC:AF,24124994,47.2622261,8.19147015,90:35:EA,11,wpa2,2026-03-29T19:00:00.000Z,2026-03-29T12:00:00.000Z,,Aargau,CH,Beinwilerstrasse,5734
90:35:EA:2A:FC:B5,24124915,63.67629623,22.73897171,90:35:EA,11,wpa2,2025-08-01T19:00:00.000Z,2025-10-09T10:00:00.000Z,,Manner-Suomi,FI,Permosvängen,68600
90:35:EA:2A:FC:C1,ELLACHARGEPOINT_KH,47.96813583,13.89563465,90:35:EA,11,wpa2,2023-05-30T12:00:00.000Z,2026-02-01T07:00:00.000Z,,Oberösterreich,AT,Vorchdorfer Bezirksstraße,4656
90:35:EA:2A:FC:DB,24077258,48.42674255,9.06917763,90:35:EA,11,wpa2,2024-02-11T14:00:00.000Z,2026-02-15T07:00:00.000Z,,Baden-Württemberg,DE,Reutlinger Straße,72147
90:35:EA:2A:FC:E6,24077254,48.88378525,12.59649086,90:35:EA,11,wpa2,2023-11-22T16:00:00.000Z,2026-06-28T07:00:00.000Z,,Bayern,DE,Pfauenstraße,94315
90:35:EA:2A:FC:EA,24039785,50.92301178,13.34658813,90:35:EA,11,wpa2,2024-01-12T15:00:00.000Z,2025-08-05T10:00:00.000Z,,Sachsen,DE,Münzbachtal,09599
90:35:EA:2A:FC:FB,24077265,48.10584641,11.70520973,90:35:EA,11,wpa2,2026-07-26T20:00:00.000Z,2026-07-26T20:00:00.000Z,München,Bayern,DE,Lebzelterstraße,81827
90:35:EA:2A:FD:03,24176214,52.24349976,9.85671139,90:35:EA,11,wpa2,2025-03-22T17:00:00.000Z,2025-03-22T11:00:00.000Z,,Niedersachsen,DE,Röntgenstraße,31157
90:35:EA:2A:FD:04,24660290,48.16664124,12.23136139,90:35:EA,11,wpa2,2023-05-06T16:00:00.000Z,2026-02-12T07:00:00.000Z,Reichertsheim,Bayern,DE,MÜ 50,84437
90:35:EA:2A:FD:16,24248095,52.41736221,13.28502083,90:35:EA,11,wpa2,2025-03-08T11:00:00.000Z,2025-03-08T09:00:00.000Z,Berlin,Schweizer Viertel,DE,Goerzallee,14167
90:35:EA:2A:FD:1F,24190506,46.93529892,16.0122242,90:35:EA,11,wpa2,2025-12-09T14:00:00.000Z,2025-12-09T06:00:00.000Z,Fehring,Steiermark,AT,Ungarnstraße,8350
90:35:EA:2A:FD:28,24200640,52.3039093,8.91655064,90:35:EA,11,wpa2,2024-05-04T14:00:00.000Z,2026-01-03T11:00:00.000Z,,Nordrhein-Westfalen,DE,Marienstraße,32425
90:35:EA:2A:FD:34,24117201,53.1146698,6.07729721,90:35:EA,11,wpa2,2024-05-03T12:00:00.000Z,2026-01-24T10:00:00.000Z,,Fryslân,NL,De Roef,9206AK
90:35:EA:2A:FD:46,24117211,51.3181572,5.06771183,90:35:EA,11,wpa2,2026-02-17T19:00:00.000Z,2026-02-17T11:00:00.000Z,,Antwerpen,BE,Bergen,2370
90:35:EA:2A:FD:6A,24109928,53.06459045,7.36322689,90:35:EA,11,wpa2,2026-02-19T18:00:00.000Z,2026-04-05T03:00:00.000Z,,Niedersachsen,DE,Emdener Straße,26871
90:35:EA:2A:FD:70,24110085,49.69249344,8.62222004,90:35:EA,11,wpa2,2026-01-21T06:00:00.000Z,2026-01-21T01:00:00.000Z,,Hessen,DE,Darmstädter Straße,64625
90:35:EA:2A:FD:7F,24110083,47.91143036,13.78705692,90:35:EA,11,wpa2,2025-08-30T12:00:00.000Z,2026-06-11T07:00:00.000Z,,Oberösterreich,AT,Pfahlbauweg,4810
90:35:EA:2A:FD:86,Hotspot,51.03158569,9.46804237,90:35:EA,11,wpa2,2024-03-08T15:00:00.000Z,2024-09-26T03:00:00.000Z,,Hessen,DE,Preßnitzer Straße,34576
90:35:EA:2A:FD:C8,24117089,52.41712189,13.41761208,90:35:EA,11,wpa2,2024-11-12T15:00:00.000Z,2024-11-12T07:00:00.000Z,Berlin,Neukölln,DE,Drusenheimer Weg,12349
90:35:EA:2A:FD:F2,24137135,46.75389481,15.36372757,90:35:EA,11,wpa2,2024-10-10T15:00:00.000Z,2024-10-10T21:00:00.000Z,,Steiermark,AT,Sulmtal Straße,8443
90:35:EA:2A:FD:F3,24110088,50.03630447,8.48656654,90:35:EA,11,wpa2,2024-01-05T17:00:00.000Z,2025-11-21T18:00:00.000Z,,Hessen,DE,Rüsselsheimer Straße,65451
90:35:EA:2A:FE:11,24531222,52.24174118,4.43290281,90:35:EA,11,wpa2,2026-06-12T12:00:00.000Z,2026-06-12T06:00:00.000Z,,Zuid-Holland,NL,Huis ter Duinstraat,2202CV
90:35:EA:2A:FE:18,24567413,50.29407883,8.49999714,90:35:EA,11,wpa2,2026-04-06T08:00:00.000Z,2026-04-06T01:00:00.000Z,,Hessen,DE,Rod am Berger Straße,61267
90:35:EA:2A:FE:44,24176912,50.67359924,12.96687603,90:35:EA,11,wpa2,2005-03-14T10:00:00.000Z,2024-10-30T12:00:00.000Z,,Sachsen,DE,Knochenweg,09419
90:35:EA:2A:FE:56,24094158,50.60860062,6.65538549,90:35:EA,11,wpa2,2022-10-21T12:00:00.000Z,2025-06-28T22:00:00.000Z,Mechernich,Nordrhein-Westfalen,DE,St.-Vinzenz-Straße,53894
90:35:EA:2A:FE:58,24039766,51.61867523,8.89713001,90:35:EA,11,wpa2,2024-07-30T07:00:00.000Z,2024-10-21T14:00:00.000Z,,Nordrhein-Westfalen,DE,Driburger Straße,33165
90:35:EA:2A:FE:70,24115786,51.93471146,7.14824677,90:35:EA,11,wpa2,2026-04-22T20:00:00.000Z,2026-04-22T14:00:00.000Z,Coesfeld,Nordrhein-Westfalen,DE,Buddenkamp,48653
90:35:EA:2A:FE:78,24109863,53.44158554,11.21606731,90:35:EA,11,wpa2,2026-01-14T14:00:00.000Z,2026-01-14T07:00:00.000Z,,Mecklenburg-Vorpommern,DE,Sudenhofer Straße,19230
90:35:EA:2A:FE:81,24692478,51.30142593,6.84508085,90:35:EA,11,wpa2,2024-09-22T18:00:00.000Z,2024-09-22T12:00:00.000Z,,Nordrhein-Westfalen,DE,Hauser Ring,40878
90:35:EA:2A:FE:82,24115906,48.64738464,9.36489391,90:35:EA,11,wpa2,2023-04-03T18:00:00.000Z,2024-12-22T07:00:00.000Z,Oberboihingen,Baden-Württemberg,DE,K1200,72644
90:35:EA:2A:FE:A5,24117276,50.81949234,8.37491894,90:35:EA,11,wpa2,2026-09-04T11:00:00.000Z,2026-09-04T07:00:00.000Z,,Hessen,DE,Biedenkopfer Straße,35713
90:35:EA:2A:FF:18,24109873,47.92667007,13.78757381,90:35:EA,11,wpa2,2022-11-30T19:00:00.000Z,2025-06-25T06:00:00.000Z,,Oberösterreich,AT,B145,4810
90:35:EA:2A:FF:2F,24109881,50.05767441,8.24112701,90:35:EA,11,wpa2,2024-12-15T11:00:00.000Z,2024-12-15T06:00:00.000Z,Wiesbaden,Hessen,DE,Gallierweg,65187
90:35:EA:2A:FF:31,24190168,48.55046463,12.14805222,90:35:EA,11,wpa2,2025-01-18T15:00:00.000Z,2026-02-09T09:00:00.000Z,,Bayern,DE,Liebigstraße,84030
90:35:EA:2A:FF:39,24124956,50.93648911,11.39334869,90:35:EA,11,wpa2,2024-09-03T17:00:00.000Z,2026-07-18T18:00:00.000Z,,Thüringen,DE,Umgehungsstraße,99441
90:35:EA:2A:FF:3B,24124963,47.56187057,14.24634266,90:35:EA,11,wpa2,2024-08-01T21:00:00.000Z,2026-08-16T11:00:00.000Z,,Steiermark,AT,Gesäusestraße,8940
90:35:EA:2A:FF:49,24822104,51.58969116,4.85751057,90:35:EA,11,wpa2,2025-12-30T10:00:00.000Z,2026-02-22T10:00:00.000Z,,Noord-Brabant,NL,Rijksweg,4849BN
90:35:EA:2A:FF:5E,24874560,49.97290421,20.88763428,90:35:EA,11,wpa2,2024-10-29T11:00:00.000Z,2025-05-11T12:00:00.000Z,,województwo małopolskie,PL,Krakowska,33-113
90:35:EA:2A:FF:72,24115749,53.1390419,8.19789791,90:35:EA,11,wpa2,2025-06-30T08:00:00.000Z,2025-07-07T01:00:00.000Z,,Niedersachsen,DE,Tirpitzstraße,26122
90:35:EA:2A:FF:84,24110093,53.61600876,10.02980423,90:35:EA,11,wpa2,2022-12-15T05:00:00.000Z,2026-08-03T13:00:00.000Z,Hamburg,Alsterdorf,DE,Alsterdorfer Straße,22337
90:35:EA:2A:FF:8A,24115895,48.39416122,9.96421242,90:35:EA,11,wpa2,2023-10-01T05:00:00.000Z,2025-02-11T12:00:00.000Z,Ulm,Baden-Württemberg,DE,Magirusstraße,89077
90:35:EA:2A:FF:90,24117204,50.87398148,4.48788691,90:35:EA,11,wpa2,2025-07-28T10:00:00.000Z,2025-07-28T03:00:00.000Z,,Vlaams-Brabant,BE,Leuvensesteenweg,1930
90:35:EA:2A:FF:9D,24117218,46.21663666,10.16725349,90:35:EA,11,wpa2,2024-10-24T10:00:00.000Z,2024-10-25T11:00:00.000Z,,Lombardia,IT,Via Pedrotti,23037
90:35:EA:2A:FF:AB,24117207,52.04433441,5.68073463,90:35:EA,11,wpa2,2026-02-25T14:00:00.000Z,2026-02-25T07:00:00.000Z,Ede,Gelderland,NL,Van Okeghemlaan,6711EC
90:35:EA:2A:FF:B4,24117085,47.83994293,11.15998268,90:35:EA,11,wpa2,2025-09-09T16:00:00.000Z,2026-08-11T10:00:00.000Z,,Bayern,DE,Hans-Korntheuer-Straße,82362
90:35:EA:2A:FF:BF,24117210,50.87501144,4.49274254,90:35:EA,11,wpa2,2025-03-30T08:00:00.000Z,2025-03-30T02:00:00.000Z,,Vlaams-Brabant,BE,Leuvensesteenweg,1930
90:35:EA:2A:FF:C1,24136007,51.44861603,7.59167767,90:35:EA,11,wpa2,2024-12-20T14:00:00.000Z,2025-01-07T14:00:00.000Z,,Nordrhein-Westfalen,DE,Grünstraße,58239
90:35:EA:2A:FF:CE,24052491,47.92271423,9.74820614,90:35:EA,11,wpa2,2025-05-10T15:00:00.000Z,2026-06-13T09:00:00.000Z,,Baden-Württemberg,DE,Brühlweg,88339
90:35:EA:2A:FF:D6,24052526,52.12294769,7.37704039,90:35:EA,11,wpa2,2023-04-30T12:00:00.000Z,2025-03-08T03:00:00.000Z,,Nordrhein-Westfalen,DE,Klosterstraße,48565
90:35:EA:2B:00:55,24109866,50.76865005,6.07607603,90:35:EA,11,wpa2,2026-09-01T21:00:00.000Z,2026-09-01T17:00:00.000Z,Aachen,Nordrhein-Westfalen,DE,Boxgraben,52064
90:35:EA:2B:00:68,24143517,53.10112762,8.90671539,90:35:EA,11,wpa2,2025-04-05T18:00:00.000Z,2026-01-13T13:00:00.000Z,Bremen,Bremen,DE,Oberneulander Heerstraße,28355
90:35:EA:2B:00:75,24479145,49.29518509,8.64332962,90:35:EA,11,wpa2,2024-03-12T06:00:00.000Z,2026-08-20T06:00:00.000Z,,Baden-Württemberg,DE,Hasso-Plattner-Ring,69190
90:35:EA:2B:00:88,24479151,50.80696106,11.58259583,90:35:EA,11,wpa2,2024-09-15T17:00:00.000Z,2024-10-23T13:00:00.000Z,,Thüringen,DE,Moskauer Straße,07768
90:35:EA:2B:00:E1,24874600,51.60246658,5.59838486,90:35:EA,11,wpa2,2026-07-04T11:00:00.000Z,2026-07-07T17:00:00.000Z,,Noord-Brabant,NL,Veghelsedijk,5469
90:35:EA:2B:00:EE,24660245,48.9751358,8.31272793,90:35:EA,11,wpa2,2026-05-24T14:00:00.000Z,2026-06-23T08:00:00.000Z,,Baden-Württemberg,DE,Karlsruher Straße,76287
90:35:EA:2B:00:F7,24847925,51.16786575,6.68985224,90:35:EA,11,wpa2,2026-03-31T11:00:00.000Z,2026-03-31T05:00:00.000Z,Neuss,Nordrhein-Westfalen,DE,Mohnstraße,41466
90:35:EA:2B:00:F9,24339224,51.43046188,6.70331192,90:35:EA,11,wpa2,2025-03-24T05:00:00.000Z,2025-03-24T10:00:00.000Z,Duisburg,Nordrhein-Westfalen,DE,Dr.-Detlev-Karsten-Rohwedder-Straße,47228
90:35:EA:2B:01:00,24874579,51.08023071,5.03164673,90:35:EA,11,wpa2,2025-05-16T16:00:00.000Z,2025-05-16T09:00:00.000Z,,Antwerpen,BE,Smissestraat,2430
90:35:EA:2B:01:13,24339086,43.80416107,4.32588577,90:35:EA,11,wpa2,2023-06-23T19:00:00.000Z,2026-08-15T07:00:00.000Z,,Occitanie,FR,La Languedocienne,30540
90:35:EA:2B:01:23,24103870,45.26765823,4.83304119,90:35:EA,11,wpa2,2003-03-10T22:00:00.000Z,2025-02-02T10:00:00.000Z,,Auvergne-Rhône-Alpes,FR,Route de la Valloire,26140
90:35:EA:2B:01:28,24109883,45.35746384,4.79309702,90:35:EA,11,wpa2,2026-02-14T10:00:00.000Z,2026-02-14T13:00:00.000Z,,Auvergne-Rhône-Alpes,FR,Route de Sablons,38550
90:35:EA:2B:01:68,24077384,53.1084137,8.84547234,90:35:EA,11,wpa2,2025-09-20T07:00:00.000Z,2025-09-21T10:00:00.000Z,Bremen,Bremen,DE,Fahrenheitstraße,28359
90:35:EA:2B:01:97,24190159,48.66354752,13.10687351,90:35:EA,11,wpa2,2024-08-19T09:00:00.000Z,2026-08-18T04:00:00.000Z,Vilshofen an der Donau,Bayern,DE,B 8,94474
90:35:EA:2B:01:BC,24329372,48.88340378,12.60879898,90:35:EA,11,wpa2,2023-12-03T13:00:00.000Z,2026-08-03T15:00:00.000Z,,Bayern,DE,McDrive,94315
90:35:EA:2B:01:C8,24052601,51.44842148,6.7657485,90:35:EA,11,wpa2,2025-04-12T09:00:00.000Z,2025-04-12T03:00:00.000Z,Duisburg,Nordrhein-Westfalen,DE,Pontwert,47059
90:35:EA:2B:01:F8,LS_Augustinerstr,48.74311066,9.30935764,90:35:EA,11,wpa2,2023-05-24T16:00:00.000Z,2025-12-22T04:00:00.000Z,,Baden-Württemberg,DE,Augustinerstraße,73728
90:35:EA:2B:02:04,24117778,49.29581451,8.64270401,90:35:EA,11,wpa2,2024-03-12T06:00:00.000Z,2026-02-12T08:00:00.000Z,,Baden-Württemberg,DE,,69190
90:35:EA:2B:02:17,24338572,48.14793396,-1.76388741,90:35:EA,11,wpa2,2025-11-11T15:00:00.000Z,2025-11-11T10:00:00.000Z,,Bretagne,FR,Boulevard Patrice Dumaine de la Josserie,35740
90:35:EA:2B:02:25,24117767,49.29513931,8.64307308,90:35:EA,11,wpa2,2024-02-13T12:00:00.000Z,2026-08-20T06:00:00.000Z,,Baden-Württemberg,DE,Hasso-Plattner-Ring,69190
90:35:EA:2B:02:2A,24117766,48.21364975,16.3402977,90:35:EA,11,wpa2,2023-03-19T22:00:00.000Z,2026-08-19T15:00:00.000Z,Wien,Breitenfeld,AT,Hernalser Gürtel,1080
90:35:EA:2B:02:34,24339089,47.27482224,-1.46924949,90:35:EA,11,wpa2,2026-04-16T07:00:00.000Z,2026-04-16T01:00:00.000Z,,Pays de la Loire,FR,M 723,44980
90:35:EA:2B:02:36,24117773,49.29503632,8.64317799,90:35:EA,11,wpa2,2024-02-13T12:00:00.000Z,2026-08-20T06:00:00.000Z,,Baden-Württemberg,DE,Hasso-Plattner-Ring,69190
90:35:EA:2B:02:39,24339133,46.95467377,15.84570694,90:35:EA,11,wpa2,2024-04-26T06:00:00.000Z,2024-10-15T23:00:00.000Z,,Steiermark,AT,Berndorferstraße,8341
90:35:EA:2B:02:3E,24339095,45.396492,4.33056259,90:35:EA,11,wpa2,2024-08-24T09:00:00.000Z,2024-10-13T09:00:00.000Z,,Auvergne-Rhône-Alpes,FR,Rue Jules Michelet,42500
90:35:EA:2B:02:49,24109884,46.35621262,6.13835096,90:35:EA,11,wpa2,2025-11-27T16:00:00.000Z,2025-12-28T06:00:00.000Z,Divonne-les-Bains,Auvergne-Rhône-Alpes,FR,Rue Fontaine,01220
90:35:EA:2B:02:4C,24029777,50.98221207,13.84143257,90:35:EA,11,wpa2,2024-02-22T19:00:00.000Z,2025-08-03T14:00:00.000Z,,Sachsen,DE,Großlugaer Straße,01809
90:35:EA:2B:02:4D,24190195,47.27937317,16.21091461,90:35:EA,11,wpa2,2026-01-02T11:00:00.000Z,2026-01-02T04:00:00.000Z,,Burgenland,AT,Messelände,7400
90:35:EA:2B:02:5B,24029745,48.43436813,10.43637276,90:35:EA,11,wpa2,2025-10-25T06:00:00.000Z,2026-04-22T17:00:00.000Z,,Bayern,DE,St 2025,89356
90:35:EA:2B:02:C7,24117265,51.13669205,6.27349758,90:35:EA,11,wpa2,2026-04-07T05:00:00.000Z,2026-04-20T10:00:00.000Z,,Nordrhein-Westfalen,DE,Tüschenbroicher Straße,41844
90:35:EA:2B:02:EB,24117174,48.01007843,7.85953283,90:35:EA,11,wpa2,2026-04-03T16:00:00.000Z,2026-04-03T09:00:00.000Z,Freiburg im Breisgau,Baden-Württemberg,DE,Brahmsstraße,79104
90:35:EA:2B:02:ED,24117128,46.24980545,6.94825363,90:35:EA,11,wpa2,2025-08-03T13:00:00.000Z,2025-11-11T14:00:00.000Z,Monthey,Valais/Wallis,CH,,1870
90:35:EA:2B:02:EF,24117232,54.45623016,18.44879913,90:35:EA,11,wpa2,2024-03-23T14:00:00.000Z,2026-09-01T13:00:00.000Z,Gdynia,województwo pomorskie,PL,Trasa Kaszubska,81-571
90:35:EA:2B:03:08,24117132,47.48827362,11.11500454,90:35:EA,11,wpa2,2024-05-12T14:00:00.000Z,2026-07-24T09:00:00.000Z,,Bayern,DE,Mittenwalder Straße,82467
90:35:EA:2B:03:09,24117226,47.395298,9.73055935,90:35:EA,11,wpa2,2023-11-21T15:00:00.000Z,2024-12-28T12:00:00.000Z,Stadt Dornbirn,Vorarlberg,AT,Wallenmahd,6850
90:35:EA:2B:03:61,24117000,52.07248688,4.37328148,90:35:EA,11,wpa2,2026-03-07T11:00:00.000Z,2026-04-07T04:00:00.000Z,,Zuid-Holland,NL,Oranje Nassaustraat,2271SJ
90:35:EA:2B:03:6C,24136737,41.28292084,19.85640907,90:35:EA,11,wpa2,2026-07-29T08:00:00.000Z,2026-07-29T03:00:00.000Z,Bashkia Tiranë,Shqipëria Qendrore,AL,SH3,1000
90:35:EA:2B:03:6E,24147702,54.3055687,10.13403606,90:35:EA,11,wpa2,2024-04-07T12:00:00.000Z,2025-01-31T23:00:00.000Z,Kiel,Schleswig-Holstein,DE,Bahnhofstraße,24143
90:35:EA:2B:03:7B,24135874,50.05995178,8.80922318,90:35:EA,11,wpa2,2024-03-02T09:00:00.000Z,2026-01-16T11:00:00.000Z,,Hessen,DE,Wiesenbornweg,63150
90:35:EA:2B:03:80,24135866,53.90851974,10.69417286,90:35:EA,11,wpa2,2025-07-01T12:00:00.000Z,2026-03-23T20:00:00.000Z,,Schleswig-Holstein,DE,A 1,23611
90:35:EA:2B:03:82,24135877,54.30321884,10.04830837,90:35:EA,11,wpa2,2024-10-05T16:00:00.000Z,2025-10-05T09:00:00.000Z,Kiel,Schleswig-Holstein,DE,Rendsburger Landstraße,24111
90:35:EA:2B:03:8B,24117142,52.36576843,13.39834976,90:35:EA,11,wpa2,2024-07-31T17:00:00.000Z,2025-10-08T11:00:00.000Z,,Brandenburg,DE,Berliner Straße,15831
90:35:EA:2B:03:98,24135868,54.30338669,8.79182816,90:35:EA,11,wpa2,2024-11-12T08:00:00.000Z,2024-11-12T02:00:00.000Z,,Schleswig-Holstein,DE,Dorfstraße,25836
90:35:EA:2B:03:AD,24115809,51.45285416,7.00238895,90:35:EA,11,wpa2,2023-11-14T03:00:00.000Z,2025-09-11T01:00:00.000Z,Essen,Nordrhein-Westfalen,DE,Lazarettstraße,45127
90:35:EA:2B:03:B4,24137153,54.30633163,10.07495308,90:35:EA,11,wpa2,2025-05-03T12:00:00.000Z,2025-05-03T06:00:00.000Z,Kiel,Schleswig-Holstein,DE,Wannseebogen,24111
90:35:EA:2B:03:B8,24137146,52.19837189,9.1689043,90:35:EA,11,wpa2,2023-08-20T16:00:00.000Z,2025-10-05T03:00:00.000Z,,Niedersachsen,DE,Alte Heerstraße,31737
90:35:EA:2B:03:F3,23398409,51.56066513,7.57917929,90:35:EA,11,wpa2,2024-11-01T12:00:00.000Z,2025-10-26T11:00:00.000Z,Dortmund,Nordrhein-Westfalen,DE,Kurler Straße,44329
90:35:EA:2B:03:F5,23419592,50.68593597,6.35097551,90:35:EA,11,wpa2,2026-05-24T18:00:00.000Z,2026-05-25T01:00:00.000Z,Hürtgenwald,Nordrhein-Westfalen,DE,Germeter,52393
90:35:EA:2B:03:F6,23419569,52.40672684,10.734828,90:35:EA,11,wpa2,2024-02-11T21:00:00.000Z,2026-07-21T10:00:00.000Z,Wolfsburg,Niedersachsen,DE,Dresdener Ring,38444
90:35:EA:2B:03:FE,23472537,52.37854385,9.71913624,90:35:EA,11,wpa2,2023-09-01T12:00:00.000Z,2026-06-28T10:00:00.000Z,Hannover,Niedersachsen,DE,Fischerstraße,30167
90:35:EA:2B:04:68,24504635,53.04111481,8.92091274,90:35:EA,11,wpa2,2024-02-03T09:00:00.000Z,2025-11-16T13:00:00.000Z,Bremen,Bremen,DE,Colshornstraße,28307
90:35:EA:2B:04:D9,24516906,47.58717346,12.15771198,90:35:EA,11,wpa2,2026-02-22T05:00:00.000Z,2026-04-06T10:00:00.000Z,,Tirol,AT,Inntal Autobahn,6330
90:35:EA:2B:04:ED,24395457,53.82323837,10.50600243,90:35:EA,11,wpa2,2024-04-19T11:00:00.000Z,2026-07-26T10:00:00.000Z,,Schleswig-Holstein,DE,Stubbendorfer Ring,23858
90:35:EA:2B:05:01,24516945,48.72345734,9.15920162,90:35:EA,11,wpa2,2024-08-01T09:00:00.000Z,2026-09-01T12:00:00.000Z,Stuttgart,Baden-Württemberg,DE,Plieninger Straße,70567
90:35:EA:2B:05:03,24473251,49.59315109,8.64832211,90:35:EA,11,wpa2,2024-12-15T11:00:00.000Z,2024-12-15T12:00:00.000Z,,Baden-Württemberg,DE,An der Schießmauer,69502
90:35:EA:2B:05:0D,24473253,53.27527237,8.62151337,90:35:EA,11,wpa2,2025-07-12T15:00:00.000Z,2025-07-12T09:00:00.000Z,,Niedersachsen,DE,Brakland,28790
90:35:EA:2B:05:17,24473243,51.47159958,11.29898167,90:35:EA,11,wpa2,2023-08-02T11:00:00.000Z,2025-03-02T05:00:00.000Z,,Sachsen-Anhalt,DE,Alte Promenade,06526
90:35:EA:2B:05:19,24473241,50.02515793,8.2162838,90:35:EA,11,wpa2,2025-04-04T15:00:00.000Z,2025-04-04T12:00:00.000Z,Mainz,Rheinland-Pfalz,DE,Hauptstraße,55120
90:35:EA:2B:05:24,24516895,52.56019211,13.21913242,90:35:EA,11,wpa2,2024-12-18T09:00:00.000Z,2026-08-16T23:00:00.000Z,Berlin,Spandau,DE,Rauchstraße,13587
90:35:EA:2B:05:37,24479100,52.16372681,10.52150059,90:35:EA,11,wpa2,2024-11-02T15:00:00.000Z,2026-02-23T00:00:00.000Z,,Niedersachsen,DE,Gebrüder-Welger-Straße,38304
90:35:EA:2B:05:3B,24473247,47.33393097,13.29546165,90:35:EA,11,wpa2,2024-06-27T10:00:00.000Z,2024-09-14T13:00:00.000Z,,Salzburg,AT,Markt,5602
90:35:EA:2B:05:81,24463341,48.70346069,10.93244267,90:35:EA,11,wpa2,2023-09-24T12:00:00.000Z,2024-10-21T11:00:00.000Z,Rain,Bayern,DE,B 16,86641
90:35:EA:2B:05:AB,P30_boem_11,48.31858444,14.28314781,90:35:EA,11,wpa2,2023-12-28T03:00:00.000Z,2024-11-09T00:00:00.000Z,Linz,Oberösterreich,AT,Schwarzstraße,4020
90:35:EA:2B:05:C0,24516883,51.62079239,7.21488714,90:35:EA,11,wpa2,2025-09-09T10:00:00.000Z,2026-06-01T05:00:00.000Z,Recklinghausen,Nordrhein-Westfalen,DE,Bromberger Straße,45665
90:35:EA:2B:06:07,23443457,51.82230759,8.14035988,90:35:EA,11,wpa2,2025-06-19T18:00:00.000Z,2026-05-30T07:00:00.000Z,,Nordrhein-Westfalen,DE,Im Kapellengarten,59302
90:35:EA:2B:06:17,23443437,51.20963287,6.43656445,90:35:EA,11,wpa2,2024-05-20T20:00:00.000Z,2025-03-07T10:00:00.000Z,Mönchengladbach,Nordrhein-Westfalen,DE,Schürenweg,41063
90:35:EA:2B:06:21,23443431,51.20919037,6.33085012,90:35:EA,11,wpa2,2024-04-11T08:00:00.000Z,2025-06-24T09:00:00.000Z,Mönchengladbach,Nordrhein-Westfalen,DE,Tomphecke,41169
90:35:EA:2B:06:27,23443443,43.90000153,12.89702129,90:35:EA,11,wpa2,2025-05-03T16:00:00.000Z,2025-05-03T08:00:00.000Z,Pesaro,Marche,IT,Via Amilcare Ponchielli,61122
90:35:EA:2B:06:32,23443444,42.68442535,11.13949203,90:35:EA,11,wpa2,2026-07-11T13:00:00.000Z,2026-07-12T23:00:00.000Z,Grosseto,Toscana,IT,Via Aurelia,
90:35:EA:2B:06:39,23443472,52.21895218,8.10753632,90:35:EA,11,wpa2,2025-12-21T12:00:00.000Z,2025-12-21T08:00:00.000Z,Osnabrück,Niedersachsen,DE,A 33,49124
90:35:EA:2B:06:46,23443483,51.20298004,12.38731194,90:35:EA,11,wpa2,2024-05-31T14:00:00.000Z,2024-11-16T10:00:00.000Z,,Sachsen,DE,Karl-Marx-Straße,04564
90:35:EA:2B:06:4B,23443458,51.917202,10.43035698,90:35:EA,11,wpa2,2025-01-31T13:00:00.000Z,2025-01-31T06:00:00.000Z,,Niedersachsen,DE,Hoher Brink,38640
90:35:EA:2B:06:50,23443440,51.13630295,6.40613365,90:35:EA,11,wpa2,2023-02-17T17:00:00.000Z,2026-08-20T17:00:00.000Z,Mönchengladbach,Nordrhein-Westfalen,DE,Adolf-Kempken-Weg,41189
90:35:EA:2B:06:76,23472461,48.62696457,9.20248604,90:35:EA,11,wpa2,2023-10-13T11:00:00.000Z,2025-11-25T04:00:00.000Z,Aichtal,Baden-Württemberg,DE,Schönaicher Straße,72631
90:35:EA:2B:06:7D,24329354,47.26424408,11.35125446,90:35:EA,11,wpa2,2023-08-05T14:00:00.000Z,2025-11-22T09:00:00.000Z,Innsbruck,Tirol,AT,Technikerstraße,6020
90:35:EA:2B:06:82,24329365,47.26953506,11.36133766,90:35:EA,11,wpa2,2024-12-13T14:00:00.000Z,2026-03-20T09:00:00.000Z,Innsbruck,Tirol,AT,Schneeburggasse,6020
90:35:EA:2B:06:84,24029656,47.68938828,9.12448502,90:35:EA,11,wpa2,2023-03-11T13:00:00.000Z,2026-05-03T12:00:00.000Z,,Baden-Württemberg,DE,Kindlebildstraße,78479
90:35:EA:2B:06:89,24029658,47.68955612,9.1244173,90:35:EA,11,wpa2,2023-04-09T13:00:00.000Z,2026-05-03T12:00:00.000Z,,Baden-Württemberg,DE,Kindlebildstraße,78479
90:35:EA:2B:06:8C,24029670,47.68940735,9.12417316,90:35:EA,11,wpa2,2023-06-13T10:00:00.000Z,2026-05-03T12:00:00.000Z,,Baden-Württemberg,DE,Kindlebildstraße,78479
90:35:EA:2B:06:8E,24329360,47.26977539,11.44734955,90:35:EA,11,wpa2,2022-11-19T13:00:00.000Z,2025-11-22T09:00:00.000Z,Innsbruck,Tirol,AT,Kugelfangweg,6020
90:35:EA:2B:06:8F,24029636,47.68950272,9.12435532,90:35:EA,11,wpa2,2023-06-13T10:00:00.000Z,2026-05-03T12:00:00.000Z,,Baden-Württemberg,DE,Kindlebildstraße,78479
90:35:EA:2B:06:90,24029657,48.09425354,11.47609997,90:35:EA,11,wpa2,2023-01-02T19:00:00.000Z,2025-01-25T10:00:00.000Z,München,Bayern,DE,Appenzeller Straße,81475
90:35:EA:2B:06:97,24117786,52.23546982,9.08206272,90:35:EA,11,wpa2,2026-02-13T04:00:00.000Z,2026-02-12T21:00:00.000Z,,Niedersachsen,DE,Bundesstraße,31711
90:35:EA:2B:06:98,24029672,50.13198853,8.74412537,90:35:EA,11,wpa2,2025-07-19T17:00:00.000Z,2026-05-24T08:00:00.000Z,Frankfurt am Main,Hessen,DE,Wächtersbacher Straße,60386
90:35:EA:2B:06:9C,24029665,51.28811264,7.22983074,90:35:EA,11,wpa2,2024-05-10T15:00:00.000Z,2024-12-07T09:00:00.000Z,Wuppertal,Nordrhein-Westfalen,DE,Vor der Beule,42277
90:35:EA:2B:06:A0,24029659,51.94078445,11.40307808,90:35:EA,11,wpa2,2023-12-27T11:00:00.000Z,2025-07-11T08:00:00.000Z,,Sachsen-Anhalt,DE,B 81,39435
90:35:EA:2B:06:B8,24110104,53.61544418,10.02745056,90:35:EA,11,wpa2,2023-09-18T17:00:00.000Z,2025-04-17T06:00:00.000Z,Hamburg,Alsterdorf,DE,Elisabeth-Flügge-Straße,22337
90:35:EA:2B:06:E9,24077208,50.10913849,8.7270546,90:35:EA,11,wpa2,2023-06-17T10:00:00.000Z,2025-08-05T07:00:00.000Z,Frankfurt am Main,Hessen,DE,Franziusstraße,60314
90:35:EA:2B:06:F0,24029727,54.34286499,10.09501266,90:35:EA,11,wpa2,2024-11-06T16:00:00.000Z,2026-01-21T07:00:00.000Z,,Schleswig-Holstein,DE,Kopperpahler Allee,24119
90:35:EA:2B:07:06,24124795,50.5469017,9.72038364,90:35:EA,11,wpa2,2025-03-21T11:00:00.000Z,2025-03-28T05:00:00.000Z,,Hessen,DE,Hinterburg,36093
90:35:EA:2B:07:4E,24165991,47.60978699,7.67182589,90:35:EA,11,wpa2,2025-04-16T09:00:00.000Z,2025-04-16T03:00:00.000Z,Lörrach,Baden-Württemberg,DE,Wallbrunnstraße,79539
90:35:EA:2B:07:74,24122795,48.2557106,10.98059654,90:35:EA,11,wpa2,2024-05-16T11:00:00.000Z,2024-10-21T13:00:00.000Z,,Bayern,DE,B 2,86415
90:35:EA:2B:07:86,24692492,51.04571915,5.62620258,90:35:EA,11,wpa2,2026-09-05T07:00:00.000Z,2026-09-05T05:00:00.000Z,,Limburg,BE,Weg naar As,3680
90:35:EA:2B:07:9B,24077035,48.82897568,9.16326523,90:35:EA,11,wpa2,2024-02-29T18:00:00.000Z,2025-08-12T21:00:00.000Z,Stuttgart,Baden-Württemberg,DE,Franklinstraße,70435
90:35:EA:2D:17:32,MISSING SN,39.99847031,-105.23623657,90:35:EA,255,unknown,2024-02-28T21:00:00.000Z,2025-01-03T11:00:00.000Z,Boulder,CO,US,Mohawk Drive,80303
90:35:EA:37:5A:84,,39.98607254,-85.98432159,90:35:EA,9,unknown,2024-09-17T03:00:00.000Z,2025-07-16T17:00:00.000Z,,IN,US,Grapevine Lane,46037
90:35:EA:38:78:64,Flock,35.15420151,-90.13803101,90:35:EA,2,none,2026-08-15T09:00:00.000Z,2026-08-15T19:00:00.000Z,,AR,US,Martin Luther King Drive,72301
90:35:EA:38:E1:0C,"W40;PYo00kOJ0&42-E(6+-531,)(%-`<",39.20653534,-76.94568634,90:35:EA,1,wpa2,2026-01-06T15:00:00.000Z,2026-02-04T15:00:00.000Z,Columbia,MD,US,Ten Oaks Road,21029
90:35:EA:38:EA:2C,SOLIX 10 MSI+ G3_211019030264,-34.5731163,150.81362915,90:35:EA,1,wpa2,2025-06-15T03:00:00.000Z,2025-06-14T22:00:00.000Z,,New South Wales,AU,Colden Drive,2527
90:35:EA:38:F3:78,InCommand,36.64722443,-121.71291351,90:35:EA,9,none,2024-06-22T00:00:00.000Z,2025-06-06T09:00:00.000Z,,CA,US,Reservation Road,
90:35:EA:38:F5:90,W4A<PI^<0ZS:0&4B3E&30F;41%.('%b@,39.83515549,-75.0049057,90:35:EA,1,wpa2,2026-07-24T14:00:00.000Z,2026-07-24T10:00:00.000Z,,NJ,US,Station Avenue,08083
90:35:EA:38:F5:98,"W41604d60:9508B290'%C+,,+,)%,)2T",34.03458023,-118.22463989,90:35:EA,1,wpa2,2024-10-01T19:00:00.000Z,2024-10-01T17:00:00.000Z,Los Angeles,CA,US,East 7th Street,90021-2932
90:35:EA:38:F6:50,W416PM6?0?h30&4B4F&3*):94&%.'+Bj,34.04019928,-118.24005127,90:35:EA,1,wpa2,2026-04-21T21:00:00.000Z,2026-04-23T12:00:00.000Z,Los Angeles,CA,US,South Central Avenue,90013
90:35:EA:38:F6:54,"W40;03d00eEB0'1)8@5/5.4@*,+,,-0j",39.19330597,-76.78044128,90:35:EA,1,wpa2,2024-10-17T14:00:00.000Z,2024-10-17T07:00:00.000Z,,MD,US,Mayfield Avenue,21075
90:35:EA:38:F7:70,W4A<Pb910>EG0&4;*9-/0+<50)%%)*@f,39.95456314,-75.14929962,90:35:EA,1,wpa2,2026-03-29T20:00:00.000Z,2026-03-29T15:00:00.000Z,Philadelphia,PA,US,Race Street,19106
90:35:EA:38:F9:18,W40;P?110@AP0&4;*9-/@*65/')))-0],39.20921326,-76.82421875,90:35:EA,1,wpa2,2026-04-27T10:00:00.000Z,2026-04-29T03:00:00.000Z,Columbia,MD,US,Rouse Parkway,21045
90:35:EA:38:F9:1C,W40;PY110@aJ0&4BG@&1;*69/(+'__04,39.1764946,-76.84477234,90:35:EA,1,wpa2,2026-09-01T15:00:00.000Z,2026-09-01T08:00:00.000Z,Columbia,MD,US,Minstrel Way,21045
90:35:EA:38:F9:7C,W40;Pg810j?G0&4B3E&>)%991*))-%P4,39.18159485,-76.87481689,90:35:EA,1,wpa2,2025-04-03T11:00:00.000Z,2025-04-03T16:00:00.000Z,Columbia,MD,US,Patuxent Freeway,20723-6099
90:35:EA:38:F9:A0,W4J5PbN10lnA0(0>2:'%F&<4&&('%_DA,36.68463135,-119.75493622,90:35:EA,1,wpa2,2026-08-14T17:00:00.000Z,2026-08-14T13:00:00.000Z,Fresno,CA,US,South Cedar Avenue,93702
90:35:EA:38:FA:44,W4e4PXI00YF>0&1)@2845(<1&-)&-(P5,39.47512054,-119.79547119,90:35:EA,1,wpa2,2025-11-15T23:00:00.000Z,2026-01-25T18:00:00.000Z,Reno,NV,US,Sierra Rose Drive,89502
90:35:EA:38:FB:C4,W4M1PAK10Oo90&1+@@+4B%<A&+&(+.`7,29.5615654,-98.68114471,90:35:EA,1,none,2026-07-01T16:00:00.000Z,2026-07-01T11:00:00.000Z,,TX,US,Bandera Road,78023
90:35:EA:38:FC:7C,W40;0e`004m@0&4;1C*9(F/91%)&'%01,39.18336487,-76.85018158,90:35:EA,1,wpa2,2025-07-26T19:00:00.000Z,2025-07-26T18:00:00.000Z,Columbia,MD,US,Broken Land Parkway,21046
90:35:EA:38:FD:2C,InCommand,40.6714859,-95.90848541,90:35:EA,9,unknown,2025-11-19T20:00:00.000Z,2025-11-19T20:00:00.000Z,,NE,US,Highway 2,68454
90:35:EA:38:FD:6C,W40;0Z?20<e?0&4;*9-/E+;</%_%)&@e,39.27888489,-76.8297348,90:35:EA,1,wpa2,2026-08-17T16:00:00.000Z,2026-08-17T11:00:00.000Z,,MD,US,Baltimore National Pike,21042
90:35:EA:38:FE:00,"W4k1Pfd;0m@D0&4;*9-/0)<5/)-,**DJ",29.56158066,-98.44526672,90:35:EA,1,wpa2,2024-12-01T23:00:00.000Z,2026-03-16T14:00:00.000Z,San Antonio,TX,US,Blue Loop,78217
90:35:EA:38:FE:18,W4V6PnN001P30&5<A9:32->@(&&-(*P:,43.08406067,-89.36888123,90:35:EA,1,wep,2024-11-14T19:00:00.000Z,2025-01-13T04:00:00.000Z,Madison,WI,US,South Ingersoll Street,53703
90:35:EA:38:FE:68,W46<P]?00O:80'1(12F/B';6++)&%&@d,32.85455704,-79.97450256,90:35:EA,1,wpa2,2025-04-09T21:00:00.000Z,2025-04-09T16:00:00.000Z,North Charleston,SC,US,Carver Avenue,29405
90:35:EA:38:FE:6C,"W466PoYA0WD30&4B0E.15'<9/%*,+*S=",34.05136871,-118.24843597,90:35:EA,1,wpa2,2024-11-27T15:00:00.000Z,2025-07-21T15:00:00.000Z,Los Angeles,CA,US,South Broadway,90012
90:35:EA:38:FE:7C,W4k1Pmc;05bB0&4;*9-/0F;51((%*'fI,29.54564667,-98.36893463,90:35:EA,1,wpa2,2024-12-21T20:00:00.000Z,2024-12-21T13:00:00.000Z,San Antonio,TX,US,O'Connor Road,78233
90:35:EA:38:FE:BC,W46<Pb?008`80'1(12F/B';6+-&.)-`m,33.04217529,-80.12898254,90:35:EA,1,wpa2,2025-06-25T12:00:00.000Z,2025-06-25T15:00:00.000Z,,SC,US,Longstreet Street,29483
90:35:EA:38:FF:E4,"W4l50dO10Ph>0*G43>;/3.<>(''*,'QF",36.74213409,-119.69854736,90:35:EA,1,wpa2,2026-05-20T18:00:00.000Z,2026-05-21T19:00:00.000Z,Fresno,CA,US,South Clovis Avenue,93702
90:35:EA:39:00:68,"W46<P0@00>_:0'1(12F/B);6++-,((0c",32.92072678,-80.1182785,90:35:EA,1,wpa2,2025-04-10T13:00:00.000Z,2025-04-11T04:00:00.000Z,North Charleston,SC,US,Dorchester Road,29420
90:35:EA:39:02:10,W4k1Pnc;0I650&4;*9-/0.;51(('&.6<,29.42976761,-98.50370026,90:35:EA,1,wpa2,2025-03-10T02:00:00.000Z,2025-03-10T04:00:00.000Z,San Antonio,TX,US,North Frio Street,78207
90:35:EA:39:02:9C,"W4l503P1069:0&4B;4&30F<92-*-(,1j",36.79796982,-119.74378204,90:35:EA,1,wpa2,2025-04-10T15:00:00.000Z,2025-04-11T21:00:00.000Z,Fresno,CA,US,Sierra Freeway,93702
90:35:EA:39:05:4C,"W4k1PR7;0E9=0&1+@@+95&8A'..,%'00",29.42513084,-98.50475311,90:35:EA,1,wpa2,2024-10-29T13:00:00.000Z,2024-11-30T15:00:00.000Z,San Antonio,TX,US,Buena Vista Street,78205
90:35:EA:39:06:EC,W4A=PI]00Wm90&5<A1:32'<@&..+&&@A,33.77313614,-84.40965271,90:35:EA,1,wpa2,2026-01-07T18:00:00.000Z,2026-01-08T13:00:00.000Z,Atlanta,GA,US,Donald Lee Hollowell Parkway Northwest,30318:30332
90:35:EA:39:07:18,W4k1Pfc;0;1F0&4;*9-/0.<5/).&*+T:,29.47151375,-98.53334045,90:35:EA,1,wpa2,2024-12-26T15:00:00.000Z,2025-08-09T00:00:00.000Z,San Antonio,TX,US,Babcock Station,
90:35:EA:39:07:90,"W4G0PaJF09h50&4;*9-/0+<50,-'+'04",25.95454788,-80.23806763,90:35:EA,1,wpa2,2024-10-19T04:00:00.000Z,2024-10-19T07:00:00.000Z,,FL,US,101,33056
90:35:EA:39:07:94,"W4A;PJb30AQ50&6B3E;;;F>6(-),,-PE",38.93249893,-76.99607849,90:35:EA,1,wpa2,2025-01-11T00:00:00.000Z,2025-01-12T09:00:00.000Z,Washington,DC,US,Monroe Street Northeast,20017
90:35:EA:39:07:E8,"W4k1PLc;0J9?0&4;*9-/0.<5/)-,&-F9",29.46639252,-98.62216187,90:35:EA,1,wep,2025-03-11T01:00:00.000Z,2025-08-07T04:00:00.000Z,San Antonio,TX,US,Wurzbach Road,78238
90:35:EA:39:08:6C,W416Pk\A0kd40*B2G@931&>A&)..*(PQ,34.06230164,-118.34443665,90:35:EA,1,wpa2,2025-09-14T22:00:00.000Z,2025-09-14T16:00:00.000Z,Los Angeles,CA,US,Wilshire Boulevard,90036-2829
90:35:EA:39:08:B0,W4b90;Vm0Ki50(1)<82/<FAB**+&+)`I,40.91153336,-72.67019653,90:35:EA,1,wep,2025-11-09T22:00:00.000Z,2026-05-12T18:00:00.000Z,,NY,US,Center Drive South,11901
90:35:EA:39:08:F8,W4A<PF8506YC0&42-E(6+&43/-()&&B`,39.99277115,-75.07780457,90:35:EA,1,wpa2,2026-03-31T12:00:00.000Z,2026-04-02T14:00:00.000Z,Philadelphia,PA,US,Betsy Ross Bridge,19137
90:35:EA:39:0E:24,W40;Pe810C:A0&4;*9-/@&95/+*&+*Pc,39.27704239,-76.83177948,90:35:EA,1,wpa2,2024-11-17T15:00:00.000Z,2024-11-17T09:00:00.000Z,,MD,US,Baltimore National Pike,21042
90:35:EA:39:0E:28,W4A;P3c30BS:0&6B3E;;;'<6(-)__'@8,38.90196991,-77.03916168,90:35:EA,1,wpa2,2026-05-13T14:00:00.000Z,2026-05-14T07:00:00.000Z,Washington,DC,US,17th Street Northwest,20009
90:35:EA:39:0F:48,W4160mfA0N=10&5<A9:32->@(%'-'_26,34.09923935,-118.2917099,90:35:EA,1,wpa2,2026-01-15T18:00:00.000Z,2026-01-15T17:00:00.000Z,Los Angeles,CA,US,Maubert Avenue,90027-5517
90:35:EA:39:10:00,"W4H5PbC00hg90(51<E/34);5)(&)&,P>",37.82618332,-121.22039795,90:35:EA,1,wpa2,2026-05-06T21:00:00.000Z,2026-05-09T19:00:00.000Z,Manteca,CA,US,Crestwood Avenue,95336
90:35:EA:39:10:64,"W4660mYA0n950&4B0E.15.<9/%*,+(c9",33.77064896,-118.26506042,90:35:EA,1,wpa2,2025-10-14T17:00:00.000Z,2026-04-29T23:00:00.000Z,Los Angeles,CA,US,West Harry Bridges Boulevard,90744-4522
90:35:EA:39:11:5C,W4W4PQA00X8T0&;'/<)5G%>;%(*''*e2,33.20916748,-96.60382843,90:35:EA,1,wpa2,2024-02-12T14:00:00.000Z,2025-12-31T12:00:00.000Z,McKinney,TX,US,Woodlawn Road,75071
90:35:EA:39:11:CC,"W4A;PQb30d[20&6B3E;;;-<6(-),,*@J",38.88438034,-77.0440979,90:35:EA,1,wpa2,2025-03-31T01:00:00.000Z,2025-03-30T19:00:00.000Z,Washington,DC,US,West Basin Drive Southwest,20002
90:35:EA:39:12:34,"W40;Pb;10Jd=0&4;*9-/E':50%,+'*00",39.1428833,-76.80858612,90:35:EA,1,wep,2025-04-01T20:00:00.000Z,2025-04-01T14:00:00.000Z,,MD,US,Guilford Road,20701
90:35:EA:39:12:64,"W4<=POJ103m;0&5<3@:9E(<8&,&)%%`5",30.50250244,-81.79620361,90:35:EA,1,wep,2026-01-12T21:00:00.000Z,2026-01-13T13:00:00.000Z,Jacksonville,FL,US,Riley Road,32219
90:35:EA:39:13:10,W40;Pi9109e30'B(;E@4D':E%+&()'07,39.17782593,-76.84783173,90:35:EA,1,wpa2,2026-07-28T16:00:00.000Z,2026-08-13T09:00:00.000Z,Columbia,MD,US,Snowden River Parkway,21046
90:35:EA:39:13:54,"W4l5`CP10FM20&4;A9,06%<50(%(.-Q8",36.74436951,-119.77708435,90:35:EA,1,wep,2024-11-20T19:00:00.000Z,2024-11-20T13:00:00.000Z,Fresno,CA,US,Dwight David Eisenhower Memorial Freeway,93702
90:35:EA:39:13:5C,W4k1PYd;0JWH0&4;*9-/0.<5/).'..@F,29.52061081,-98.47683716,90:35:EA,1,wpa2,2025-04-22T11:00:00.000Z,2025-04-22T15:00:00.000Z,San Antonio,TX,US,Airport Boulevard,78216
90:35:EA:39:13:70,"W4e4P^I00<N;0&516B03/%<&'(&,,-0o",39.53944778,-119.81142426,90:35:EA,1,wpa2,2025-10-15T00:00:00.000Z,2025-10-14T17:00:00.000Z,Reno,NV,US,Evans Avenue,89557
90:35:EA:39:13:78,W4B3PPi00k=80&4;*9-/0F<5/+(&('A8,33.50178909,-111.91746521,90:35:EA,1,wpa2,2025-04-01T18:00:00.000Z,2026-07-21T04:00:00.000Z,Scottsdale,AZ,US,North Miller Road,85251
90:35:EA:39:13:7C,W4B3P7k00d]20&42@4(/+(<34.&&*&@0,33.50938034,-111.91088104,90:35:EA,1,wpa2,2025-01-15T21:00:00.000Z,2025-01-17T13:00:00.000Z,Scottsdale,AZ,US,East Chaparral Road,85251
90:35:EA:39:14:50,"W4B3P7l002Z40&42@4(3<+>31+'&-,@k",33.47272491,-111.91300964,90:35:EA,1,wep,2025-06-06T17:00:00.000Z,2026-06-23T11:00:00.000Z,Scottsdale,AZ,US,East Oak Street,85257
90:35:EA:39:14:64,"W4B3Pnj00;O30&50%5@4,-<&'-&,%(@l",33.55804443,-111.89031219,90:35:EA,1,wpa2,2024-05-28T13:00:00.000Z,2024-10-08T17:00:00.000Z,,AZ,US,East Del Camino,85258
90:35:EA:39:14:6C,"W4B3P9k00`^40&42@4(/+%<34.%,'%00",33.55440521,-111.89871979,90:35:EA,1,wpa2,2025-05-29T20:00:00.000Z,2025-06-06T12:00:00.000Z,Scottsdale,AZ,US,North Hayden Road,85258
90:35:EA:39:14:A4,"W4B3Pej00BU20&4B04'/+*<34-,())P3",33.52246475,-111.90299988,90:35:EA,1,wpa2,2024-03-13T20:00:00.000Z,2025-05-15T14:00:00.000Z,Scottsdale,AZ,US,Chateau Devie 6 Apt Access Roa,85250
90:35:EA:39:14:B0,W4W4PEC00JUJ0&;'/<)5G)@;%))-&.E5,33.28306961,-96.56209564,90:35:EA,1,wpa2,2024-09-13T14:00:00.000Z,2025-11-07T09:00:00.000Z,Melissa,TX,US,Sam Rayburn Highway,75454
90:35:EA:39:14:B4,W4l5P<P10h050&4;A9-06)<5/(..&+17,36.83707809,-119.7021637,90:35:EA,1,wpa2,2024-09-10T20:00:00.000Z,2024-09-11T15:00:00.000Z,,CA,US,Herndon Avenue,93611
90:35:EA:39:15:04,W4B3P9E00X6@0&4B@4&''F+91%&-.*0d,33.56420517,-111.88957214,90:35:EA,1,wpa2,2025-05-12T18:00:00.000Z,2025-05-16T11:00:00.000Z,,AZ,US,North Pima Road,85258
90:35:EA:39:15:84,"W4B30:j00Ic40&4B3E&10+<92+--,-01",33.45320129,-112.2063446,90:35:EA,1,wep,2024-11-20T13:00:00.000Z,2025-01-28T09:00:00.000Z,Phoenix,AZ,US,West Van Buren Street,85043
90:35:EA:39:17:80,W4h8PD6008i40&42@4(6+)<33'+((%Pj,42.57738876,-83.14807892,90:35:EA,1,wpa2,2026-02-03T14:00:00.000Z,2026-02-03T16:00:00.000Z,,MI,US,East Wattles Road,48085
90:35:EA:39:17:90,W40;@YD101A10)4;CA&-&)>@*'-('-T],39.30505753,-76.95291138,90:35:EA,1,wep,2025-08-20T18:00:00.000Z,2025-08-20T13:00:00.000Z,,MD,US,Sykesville Road,21794
90:35:EA:39:17:98,W4V6PVK00FY?0&4;*9-/E.;</&+-&_0:,43.094944,-89.36138916,90:35:EA,1,wpa2,2024-11-01T23:00:00.000Z,2025-04-27T08:00:00.000Z,Madison,WI,US,East Johnson Street,53704
90:35:EA:39:17:D4,"W4D50_A50@a60*B20H@06,<A'*,.*,`6",33.70100784,-117.8253479,90:35:EA,1,wpa2,2023-04-06T07:00:00.000Z,2025-06-03T06:00:00.000Z,Tustin,CA,US,Tustin Ranch Road,92606
90:35:EA:39:18:60,W4P0P0000\l<0&4;*9-/E(<</%.*.%0o,39.35964966,-76.58853149,90:35:EA,1,wpa2,2025-03-05T17:00:00.000Z,2025-09-18T05:00:00.000Z,Baltimore,MD,US,Loch Raven Boulevard,21239
90:35:EA:39:18:8C,W4B3P@j00e1<0&4;*9-/0&<5/*'&-&@i,33.53109741,-111.92575073,90:35:EA,1,wpa2,2025-04-07T17:00:00.000Z,2025-04-07T14:00:00.000Z,Scottsdale,AZ,US,North Scottsdale Road,85253
90:35:EA:39:18:A8,W4P001J20\G80&4;*9-/E%<</&)(.&0b,39.28471756,-76.56221771,90:35:EA,1,wpa2,2024-03-23T23:00:00.000Z,2025-04-22T09:00:00.000Z,Baltimore,MD,US,South Haven Street,21224
90:35:EA:39:18:D0,W4P0PNJ20Pb;0&4;*9-/E'<</&)'%&`3,39.31438446,-76.67238617,90:35:EA,1,wpa2,2026-09-04T17:00:00.000Z,2026-09-04T10:00:00.000Z,Baltimore,MD,US,Gwynns Falls Parkway,21216
90:35:EA:39:19:2C,"W4b9PgO50KE50)B(:E@4D,<C%,-.+&@K",40.76932144,-73.32070923,90:35:EA,1,wpa2,2024-06-12T14:00:00.000Z,2025-08-21T12:00:00.000Z,,NY,US,Carlls Path,11729
90:35:EA:39:1A:20,W4A=P2a00l]80'1(12F1B(<6'(*()%`5,33.98557663,-84.26893616,90:35:EA,1,wpa2,2025-04-22T11:00:00.000Z,2025-04-22T20:00:00.000Z,Roswell,GA,US,Barnwell Road,30092-4207
90:35:EA:39:1A:28,"W4b9PeO503T20)B(:E@4D)<C%,-.-'`G",40.8271637,-73.02117157,90:35:EA,1,wpa2,2024-11-01T17:00:00.000Z,2024-11-01T10:00:00.000Z,,NY,US,North Ocean Avenue,11738
90:35:EA:39:1A:60,W4e4P1J00H0=0&1)@2845*<1&-)&-)`b,39.52682877,-119.79849243,90:35:EA,1,wpa2,2023-10-09T19:00:00.000Z,2026-05-09T23:00:00.000Z,Reno,NV,US,Kirman Avenue,89505
90:35:EA:39:1A:6C,"W4e4P0000_:50&50%E:3,F<4'&).'-`h",39.57662582,-119.74384308,90:35:EA,1,wpa2,2025-07-29T01:00:00.000Z,2025-07-28T21:00:00.000Z,,NV,US,Disc Drive,89436
90:35:EA:39:1A:9C,W4P0PaI20Cb50&4;*9-/E.<</&)'.'`7,39.28605652,-76.58374023,90:35:EA,1,wpa2,2023-12-03T22:00:00.000Z,2025-02-11T11:00:00.000Z,Baltimore,MD,US,Eastern Avenue,21224
90:35:EA:39:1A:D0,W4P0P0000S670&4;*9-/E)<</&)'+)`\,39.3633194,-76.70193481,90:35:EA,1,wpa2,2023-10-18T11:00:00.000Z,2025-04-08T17:00:00.000Z,Baltimore,MD,US,Labyrinth Road,21215
90:35:EA:39:1A:DC,W4P0P0000A>60&4;*9-/E(<</%.*%-0[,39.28604507,-76.58374786,90:35:EA,1,wpa2,2023-11-28T17:00:00.000Z,2025-02-20T18:00:00.000Z,Baltimore,MD,US,Eastern Avenue,21224
90:35:EA:39:1A:FC,"W4e400000AU50&516A03<*<&'%,,-,`[",39.48994827,-119.74739075,90:35:EA,1,wpa2,2023-09-11T17:00:00.000Z,2026-05-03T01:00:00.000Z,Reno,NV,US,Mira Loma Park Loop Trail,89510
90:35:EA:39:1B:AC,W4b9P=P50f_70)B(:E@4DF<C%-%%%-PQ,40.84519577,-73.92700958,90:35:EA,1,wpa2,2025-06-02T17:00:00.000Z,2025-06-03T06:00:00.000Z,City of New York,NY,US,Major Deegan Expressway,10452
90:35:EA:39:1B:D4,"W404PXe00CMX1%%%%%%%%%%,-.-*'(@R",30.23462677,-97.72257996,90:35:EA,1,wep,2024-10-12T02:00:00.000Z,2024-10-11T23:00:00.000Z,Austin,TX,US,East Riverside Drive,78741
90:35:EA:39:1C:10,"W4B3P<Y003=C0(1,E@;08+55'&-)'%Pc",33.51267242,-111.891716,90:35:EA,1,wpa2,2024-07-23T16:00:00.000Z,2025-03-30T15:00:00.000Z,Scottsdale,AZ,US,North Terrace Place,85250
90:35:EA:39:1C:40,W4B3P^l00Jd30&4B@4(//+>31*&.*+P=,33.49514008,-111.9087677,90:35:EA,1,wpa2,2024-04-17T15:00:00.000Z,2026-01-11T16:00:00.000Z,Scottsdale,AZ,US,North Hayden Road,85251
90:35:EA:39:1C:44,"W404Pce00dOJ1%%%%%%%%%%,.%.''(`W",29.69299507,-96.60938263,90:35:EA,1,wpa2,2023-07-08T14:00:00.000Z,2025-03-01T13:00:00.000Z,,TX,US,Colorado County Eastbound Rest Area,
90:35:EA:39:1C:48,"W4e4P_I00F=:0&516B03/F<&'(&,+.P5",39.52046967,-119.81009674,90:35:EA,1,wpa2,2024-10-04T21:00:00.000Z,2026-07-07T14:00:00.000Z,Reno,NV,US,South Virginia Street,89501
90:35:EA:39:1C:4C,W40;`X;10bRI0&42C4*6BF92/'*%*)P>,39.29091644,-76.82186127,90:35:EA,1,wpa2,2025-06-16T23:00:00.000Z,2025-06-16T16:00:00.000Z,,MD,US,North Ridge Road,21043
90:35:EA:39:1C:60,"W4e4P0J00b6>0'1(12F95+>6*&,%)(Dm",39.53271866,-119.82353973,90:35:EA,1,wpa2,2024-11-21T01:00:00.000Z,2026-03-20T01:00:00.000Z,Reno,NV,US,I 80,89503
90:35:EA:39:1C:64,"W4e4PUI002l40&50%E:3,'<4(%((.'00",39.50933075,-119.81446838,90:35:EA,1,wpa2,2025-07-18T20:00:00.000Z,2026-03-18T14:00:00.000Z,Reno,NV,US,Mount Rose Street,89509-1633
90:35:EA:39:1C:A0,W4b9P`Vm09S40&4;1C.5<)@C0'*%'+PN,40.78644943,-73.11740875,90:35:EA,1,wpa2,2026-04-10T15:00:00.000Z,2026-04-10T08:00:00.000Z,,NY,US,Veterans Memorial Highway,11716
90:35:EA:39:1C:B4,"W4V6PoN008430&5<A9:32,>@(%--%%`4",43.07241821,-89.40113068,90:35:EA,1,wpa2,2024-09-08T18:00:00.000Z,2024-09-16T16:00:00.000Z,Madison,WI,US,University Avenue,53706
90:35:EA:39:1D:58,"W4B3Pmj00IJ30&4B;4&10,<94%-,**`:",33.56922913,-111.88665771,90:35:EA,1,wpa2,2024-03-13T20:00:00.000Z,2024-09-10T10:00:00.000Z,Scottsdale,AZ,US,East Via Linda,85258
90:35:EA:39:1D:60,W4m5POC000e20&4B3@&36&<:2(__++@7,38.0178299,-121.32307434,90:35:EA,1,wep,2024-10-31T20:00:00.000Z,2024-11-01T19:00:00.000Z,Stockton,CA,US,North Pacific Avenue,95207-4115
90:35:EA:39:1D:A0,W4J5P0000lY;0(0>2:'%F+<4&&('%)`e,36.82300186,-119.76496124,90:35:EA,1,wpa2,2025-05-07T21:00:00.000Z,2025-05-08T16:00:00.000Z,Fresno,CA,US,East Bullard Avenue,93702
90:35:EA:39:1D:A4,,40.82457352,-72.99674225,90:35:EA,9,unknown,2025-08-27T16:00:00.000Z,2025-08-27T10:00:00.000Z,,NY,US,Express Drive North,11763
90:35:EA:39:1D:BC,W46=P58003k50&4;1C.5++;C/-'''-@d,38.26393509,-85.69677734,90:35:EA,1,wpa2,2025-04-17T22:00:00.000Z,2026-05-20T13:00:00.000Z,Louisville,KY,US,Cleveland Boulevard,40206
90:35:EA:39:1D:D8,"W4P0P5L20`h;0(0>>6;,F,94*.'*-(0=",39.28601837,-76.5838089,90:35:EA,1,wpa2,2023-11-28T18:00:00.000Z,2025-02-18T13:00:00.000Z,Baltimore,MD,US,Eastern Avenue,21224
90:35:EA:39:1E:08,"W4e4PJJ003n40&50%E:3,%<4(%((+%Pl",39.53059769,-119.82052612,90:35:EA,1,wpa2,2026-04-10T14:00:00.000Z,2026-04-21T20:00:00.000Z,Reno,NV,US,Nevada Street,89503
90:35:EA:39:1E:0C,"W46<0U@00KP10&5&H2*AB&<4&,-+'+@c",32.7926178,-80.025383,90:35:EA,1,wpa2,2025-10-03T16:00:00.000Z,2025-10-03T09:00:00.000Z,Charleston,SC,US,Dupont Road,29407
90:35:EA:39:1E:10,W4b90\V507040&4;A9-00.<51)(+')@i,40.91868591,-73.04039764,90:35:EA,1,wpa2,2025-09-14T19:00:00.000Z,2025-09-17T22:00:00.000Z,,NY,US,Route 112,11776
90:35:EA:39:1E:4C,"W4<=P_400`B30&4;*9-/0+@5/',**+Pi",30.32223892,-81.4989624,90:35:EA,1,wpa2,2024-12-09T23:00:00.000Z,2025-08-18T13:00:00.000Z,Jacksonville,FL,US,Atlantic Boulevard,32246
90:35:EA:39:1E:E4,"W4k1PZT:0jTM0)B&02&49*4C&,+)%+0G",29.26749992,-98.30466461,90:35:EA,1,wpa2,2025-06-06T20:00:00.000Z,2025-08-31T23:00:00.000Z,,TX,US,Laguna Road,
90:35:EA:39:1E:E8,W40;00=1066J0&4B4F&3**;92'(+((PP,39.1828537,-76.84893036,90:35:EA,1,wpa2,2025-07-26T19:00:00.000Z,2026-09-04T16:00:00.000Z,Columbia,MD,US,Broken Land Parkway,21046
90:35:EA:39:1F:64,W4k1PWn:0SRB0(1+(@(5B'85&(+').4C,29.56989479,-98.58555603,90:35:EA,1,wpa2,2024-11-20T16:00:00.000Z,2024-11-20T09:00:00.000Z,San Antonio,TX,US,Vance Jackson Road,78249-1620
90:35:EA:39:1F:88,"W4G0PO`E02WE0&1)@2845(:1))',+)02",25.7428875,-80.17284393,90:35:EA,1,wpa2,2026-02-15T19:00:00.000Z,2026-02-15T14:00:00.000Z,Miami,FL,US,Rickenbacker Causeway,33131
90:35:EA:39:1F:E8,W4h8PF300d9;0&4B_F'0+F<33'+*_&`5,42.57477188,-83.12872314,90:35:EA,1,wpa2,2024-06-26T11:00:00.000Z,2025-09-10T13:00:00.000Z,,MI,US,Rochester Road,48084
90:35:EA:39:20:60,W416PC:B0[@00(0>2:6%F%A4&&+*%(Rc,33.94679642,-118.26389313,90:35:EA,1,wep,2024-12-13T18:00:00.000Z,2024-12-13T15:00:00.000Z,Los Angeles,CA,US,East 99th Street,90002
90:35:EA:39:20:7C,"W4i<PJZ00P?80&4B4E&3*.<93(+.*,f>",35.18375778,-89.93219757,90:35:EA,1,wep,2025-01-31T21:00:00.000Z,2025-01-31T17:00:00.000Z,Memphis,TN,US,Jackson Avenue,38128
90:35:EA:39:21:20,"W4A<Pj<10B7D0&4;*9-/0(<50)%',+Pf",39.95359039,-75.14804077,90:35:EA,1,wpa2,2024-01-17T12:00:00.000Z,2026-09-03T15:00:00.000Z,Philadelphia,PA,US,North Independence Ml East,19106
90:35:EA:39:21:A4,W4l5PdP10OU10&4B3@&36'<:2(.&*)1B,36.80820084,-119.71902466,90:35:EA,1,wep,2024-11-27T18:00:00.000Z,2024-12-09T20:00:00.000Z,,CA,US,West Shaw Avenue,93612
90:35:EA:39:22:08,"W40;`9010Ni71(1,E@<1:%55&)-)).0l",39.36177826,-76.77814484,90:35:EA,1,wep,2025-12-18T18:00:00.000Z,2025-12-19T01:00:00.000Z,,MD,US,Old Court Road,21133
90:35:EA:39:22:74,WS3SW0CQhMJkSw1EFv6@0lz0,43.11523438,-89.29078674,90:35:EA,1,wep,2001-01-01T00:00:00.000Z,2025-06-21T15:00:00.000Z,Madison,WI,US,Esker Drive,53718
90:35:EA:39:22:F0,W4P0PoG204J60&4;*9-/E*<</%.*--@3,39.29322815,-76.6087265,90:35:EA,1,wpa2,2023-09-24T20:00:00.000Z,2026-03-05T09:00:00.000Z,Baltimore,MD,US,North Gay Street,21202
90:35:EA:39:22:F4,W4k1PAf;0Uh80)B&1(&/9)>C+%&'&'`;,29.42713356,-98.50391388,90:35:EA,1,wpa2,2025-03-24T17:00:00.000Z,2025-03-24T16:00:00.000Z,San Antonio,TX,US,West Travis Street,78205
90:35:EA:39:22:FC,W4l5P:Q10@a00&4B;4&10'<93++)-%A4,36.73417282,-119.78070831,90:35:EA,1,wpa2,2024-12-03T22:00:00.000Z,2024-12-09T20:00:00.000Z,Fresno,CA,US,O Street,93721
90:35:EA:39:23:84,W46=PX600`eW0&42@4(6BF633-+)%%PB,38.25464249,-85.68486786,90:35:EA,1,wpa2,2026-04-29T20:00:00.000Z,2026-04-29T14:00:00.000Z,Louisville,KY,US,Frankfort Avenue,40207
90:35:EA:39:23:88,W4P00BJ20Po<0&4;*9-/E'<</&)(&(@m,39.78408051,-76.35652161,90:35:EA,1,wpa2,2026-03-29T22:00:00.000Z,2026-03-29T17:00:00.000Z,Lower Chanceford Township,PA,US,Delta Road,17302
90:35:EA:39:24:08,W40;P<910`MN0&42@4(0+)933*-'__@g,39.25688171,-76.81835938,90:35:EA,1,wpa2,2026-08-20T13:00:00.000Z,2026-08-20T12:00:00.000Z,,MD,US,Old Columbia Pike,21043
90:35:EA:39:24:0C,"W4e4PTI00@G50&516A03<(<&'%,,)&@l",39.50201797,-119.80451965,90:35:EA,1,wpa2,2025-09-17T21:00:00.000Z,2025-09-17T19:00:00.000Z,Reno,NV,US,Lymbery Street,89502
90:35:EA:39:24:80,W4l50]P10KiL0&4B_E'0+'<33.&_*+A?,36.13711929,-120.34945679,90:35:EA,1,wpa2,2026-04-28T21:00:00.000Z,2026-05-01T08:00:00.000Z,,CA,US,North Garfield Street,
90:35:EA:39:24:8C,"W4l50EP10`O60&4;A9,06*<5/)-.+%17",36.73500824,-119.78916931,90:35:EA,1,wpa2,2026-08-18T15:00:00.000Z,2026-08-19T16:00:00.000Z,Fresno,CA,US,Van Ness Avenue,93721
90:35:EA:39:24:C4,W4M1PFK10DSE0&1+@@\054AB*<A&..+&(`7,29.43326759,-98.64768219,90:35:EA,3,wpa2,2025-05-01T16:00:00.000Z,2025-05-01T16:00:00.000Z,San Antonio,TX,US,State Highway 151,78251-2101
90:35:EA:39:25:0C,"W4A;PMb30h^30&4.*%,*(-;6&)%.%,@k",38.88695526,-77.01642609,90:35:EA,1,wpa2,2024-11-30T01:00:00.000Z,2026-01-29T08:00:00.000Z,Washington,DC,US,3rd Street Southwest,20024
90:35:EA:39:25:64,W4><`m<80L=30&:%+&'%;6<6&)*+--Tg,36.68383026,-78.90876007,90:35:EA,1,wpa2,2025-06-26T11:00:00.000Z,2025-07-08T12:00:00.000Z,,VA,US,Philpott Road,25862
90:35:EA:39:25:B4,W4e4PdI00=i=0&1)@2845F<1&-)&-&0A,39.55893326,-119.79129791,90:35:EA,1,wep,2023-02-07T14:00:00.000Z,2025-07-26T22:00:00.000Z,Reno,NV,US,North-South Freeway,89512
90:35:EA:39:25:BC,W4e4PcI00O:@0&1)@2845.<1&-)&-+P5,39.55243301,-119.81091309,90:35:EA,1,wpa2,2024-10-05T04:00:00.000Z,2025-11-21T19:00:00.000Z,Reno,NV,US,North McCarran Boulevard,89557
90:35:EA:39:26:00,"W4J5P@G10oY70&4B,E'/+,:33%-+',45",36.82296753,-119.71824646,90:35:EA,1,wep,2025-08-25T23:00:00.000Z,2025-08-28T10:00:00.000Z,,CA,US,West Bullard Avenue,93612
90:35:EA:39:27:58,"W468P4;00ZA>0&4;*9-/EF<</%,+'+Pj",40.0970726,-83.10857391,90:35:EA,1,wpa2,2025-07-18T23:00:00.000Z,2025-07-19T07:00:00.000Z,,OH,US,Riverside Drive,43017
90:35:EA:39:27:D8,W4e4PmI00d=:0'1(12F95&<6&*(-)%0;,39.48732376,-119.79478455,90:35:EA,1,wpa2,2024-11-17T00:00:00.000Z,2026-05-29T10:00:00.000Z,Reno,NV,US,West Peckham Lane,89502
90:35:EA:39:28:90,W4l5`lO10[J20&4;*9-/0.<50'..*.aD,36.74313736,-119.69947815,90:35:EA,1,wpa2,2026-05-04T20:00:00.000Z,2026-05-09T00:00:00.000Z,Fresno,CA,US,South Clovis Avenue,93702
90:35:EA:39:28:F0,"W4e4PEK00go60&516A03<,<&'%,,--`@",39.51950836,-119.84351349,90:35:EA,1,wpa2,2026-03-31T20:00:00.000Z,2026-04-13T08:00:00.000Z,Reno,NV,US,Dana Kristin Lane,89503
90:35:EA:39:29:90,"W4k1PUe;0g7@0&4;*9-/0(<5/),)(*`>",29.53128815,-98.39115143,90:35:EA,1,wpa2,2025-05-03T09:00:00.000Z,2025-05-03T02:00:00.000Z,San Antonio,TX,US,North Pan Am Expressway,78217
90:35:EA:39:29:94,WSakmf8tEKec7LJPBZF54@@U,39.32966995,-76.61840057,90:35:EA,1,wpa2,2024-03-11T23:00:00.000Z,2026-07-14T16:00:00.000Z,Baltimore,MD,US,North Charles Street,21218
90:35:EA:39:2A:80,W40;Pdo008>K0&4;*9-/@F552&_))%P7,39.28409195,-76.80779266,90:35:EA,1,wpa2,2026-08-31T14:00:00.000Z,2026-08-31T08:00:00.000Z,,MD,US,Baltimore National Pike,21043
90:35:EA:39:2B:5C,W4P00LJ20k<50&4;*9-/E.<</&)&)+`j,39.3171463,-76.63799286,90:35:EA,1,wpa2,2025-02-16T13:00:00.000Z,2026-03-26T12:00:00.000Z,Baltimore,MD,US,,21217-1820
90:35:EA:39:2B:70,W4J50IQ10id90&4B;4&10.<92...%.4:,36.74265671,-119.699646,90:35:EA,1,wep,2026-05-19T17:00:00.000Z,2026-05-21T19:00:00.000Z,Fresno,CA,US,South Clovis Avenue,93702
90:35:EA:39:2B:74,W4W4PPA00X?Z0&;'/<)5G(>;%(*''&U5,33.2767601,-96.57217407,90:35:EA,1,wpa2,2024-05-10T20:00:00.000Z,2026-08-21T00:00:00.000Z,Melissa,TX,US,Sam Rayburn Highway,75454
90:35:EA:39:2B:AC,"W4G00_<F0l7?0&5&H1*AB&<4&+)'',`n",25.80508041,-80.26501465,90:35:EA,1,wpa2,2026-05-06T11:00:00.000Z,2026-05-06T05:00:00.000Z,,FL,US,Airport Expressway,33266
90:35:EA:39:2B:CC,"W4h8PG300\a;0&4B,F'0+&<33'+*,'@6",42.57726669,-83.14849854,90:35:EA,1,wpa2,2025-10-13T13:00:00.000Z,2025-10-13T06:00:00.000Z,,MI,US,West Wattles Road,48098
90:35:EA:39:2B:D4,W4A;P4H00J:10*B4>F)3<F1F%&('%.dm,38.89786148,-77.00975037,90:35:EA,1,wpa2,2025-08-27T12:00:00.000Z,2025-08-27T05:00:00.000Z,Washington,DC,US,Massachusetts Avenue Northwest,20001
90:35:EA:39:2B:D8,"W4040de009jC2%%%%%%%%%%,.&%&'(@H",29.69291687,-96.53827667,90:35:EA,1,wpa2,2024-10-25T21:00:00.000Z,2025-12-26T16:00:00.000Z,,TX,US,I 10,78934
90:35:EA:39:2B:EC,"W4P0PSJ20l970&4;*9-/EF<</&(,&,@;",39.28997803,-76.61621094,90:35:EA,1,wpa2,2024-06-25T11:00:00.000Z,2025-06-04T04:00:00.000Z,Baltimore,MD,US,West Baltimore Street,21201
90:35:EA:39:2B:F0,"W4B3Pgj00J940&4B3F&10F<94%.&,(@=",33.53850174,-111.90836334,90:35:EA,1,wpa2,2024-08-09T19:00:00.000Z,2025-05-09T18:00:00.000Z,Scottsdale,AZ,US,East Indian Bend Road,85250
90:35:EA:39:2C:08,W46=P;700=ZB0&42@4(6B(92/%&(()0a,38.16001892,-85.67178345,90:35:EA,1,wpa2,2025-01-19T23:00:00.000Z,2025-04-12T17:00:00.000Z,Louisville,KY,US,Poplar Level Road,40219
90:35:EA:39:2C:0C,"W40;PQ510]MB0&4;*9-/@-850*.&,&0k",39.27750778,-76.83197784,90:35:EA,1,wpa2,2025-11-13T00:00:00.000Z,2025-12-31T18:00:00.000Z,,MD,US,Baltimore National Pike,21042
90:35:EA:39:2C:10,"W4i<0KY00Je80&4B04'/+*<32,-)',f5",35.1158638,-89.93114471,90:35:EA,1,wpa2,2026-01-05T04:00:00.000Z,2026-01-04T21:00:00.000Z,Memphis,TN,US,Southern Avenue,38117
90:35:EA:39:2C:70,"W4D5PiA50HK20&40/F'G-.>9/%,,,-@4",33.67644501,-117.81697083,90:35:EA,1,wpa2,2023-09-15T22:00:00.000Z,2024-11-20T17:00:00.000Z,Irvine,CA,US,Main Street,92614
90:35:EA:39:2C:80,W40;P8810OVC0&4;*9-/@.950&*%'&Pa,39.30176544,-76.8246994,90:35:EA,1,wep,2026-06-07T23:00:00.000Z,2026-06-07T16:00:00.000Z,,MD,US,Columbia Pike,21043:21244
90:35:EA:39:2C:84,"W4040je00e7D1%%%%%%%%%%,.&+''(`I",30.18414116,-97.00911713,90:35:EA,1,wep,2024-08-31T19:00:00.000Z,2025-10-01T19:00:00.000Z,,TX,US,US 290,
90:35:EA:39:2C:C0,W4P0PHJ20@Q90&4;*9-/E&<</&)(&-Pk,39.32486343,-76.60948181,90:35:EA,1,wpa2,2025-03-06T23:00:00.000Z,2025-09-18T05:00:00.000Z,Baltimore,MD,US,Greenmount Avenue,21218
90:35:EA:39:2C:C4,W4160^i50o[70&52;-1&5++4)'-.&%bm,33.99920273,-118.43088531,90:35:EA,1,wpa2,2026-01-14T17:00:00.000Z,2026-01-14T16:00:00.000Z,,CA,US,Washington Place,90066
90:35:EA:39:2D:80,W4k1Pgd;0DC;0&4;*9-/0.<5/*-(_)6@,29.41883659,-98.48805237,90:35:EA,1,wep,2025-07-13T19:00:00.000Z,2025-07-13T15:00:00.000Z,San Antonio,TX,US,Hemisfair Boulevard,78205
90:35:EA:39:2D:BC,W4J5PVF10Dk:0&4;*9-/0F:51(*+.%d8,36.75788498,-119.80104828,90:35:EA,1,wpa2,2026-06-22T14:00:00.000Z,2026-06-22T07:00:00.000Z,Fresno,CA,US,North Wishon Avenue,93702
90:35:EA:39:2D:CC,W4B3P>k00dY30&42-F(/+%<34.&&-&01,33.49469757,-111.90879059,90:35:EA,1,wpa2,2024-09-04T16:00:00.000Z,2026-03-21T16:00:00.000Z,Scottsdale,AZ,US,North Hayden Road,85251
90:35:EA:39:2E:0C,W4k1PKe;0J680&4;*9-/0)<5/)-(%)02,29.45230675,-98.49803925,90:35:EA,1,wpa2,2025-11-04T07:00:00.000Z,2025-11-16T23:00:00.000Z,San Antonio,TX,US,West Craig Place,78201
90:35:EA:39:2F:08,"W4P0P>J20jR:0&4;*9-/E,<</&)''+05",39.31673813,-76.59524536,90:35:EA,1,wep,2025-03-17T15:00:00.000Z,2025-09-18T05:00:00.000Z,Baltimore,MD,US,East 25th Street,21213
90:35:EA:39:2F:DC,W4J5P4Q10Rf50&<9H:8%F%>8'()-..T<,36.76512146,-119.73615265,90:35:EA,1,wpa2,2025-06-27T16:00:00.000Z,2025-06-27T16:00:00.000Z,Fresno,CA,US,East McKinley Avenue,93702
90:35:EA:39:30:14,"W4P0PAJ205370&4;*9-/E-<</&)'.,@b",39.35655975,-76.67085266,90:35:EA,1,wep,2026-04-09T12:00:00.000Z,2026-04-10T09:00:00.000Z,Baltimore,MD,US,West Northern Parkway,21215
90:35:EA:39:30:A4,"W4P0P0000K]=0&4;*9-/E,<</&(,+.0i",39.28589249,-76.57661438,90:35:EA,1,wpa2,2024-03-27T20:00:00.000Z,2025-12-31T10:00:00.000Z,Baltimore,MD,US,South Streeper Street,21224
90:35:EA:39:30:A8,W4b9PACm02220&4B0E'G--A9/.-+*'`:,40.83256912,-72.91677094,90:35:EA,1,wpa2,2026-08-14T16:00:00.000Z,2026-08-20T02:00:00.000Z,,NY,US,Long Island Expressway,11980
90:35:EA:39:31:04,W4b9P?O50DS80'1)@1&15)<@'%()._`m,40.78807068,-73.13332367,90:35:EA,1,wep,2026-03-20T16:00:00.000Z,2026-03-24T12:00:00.000Z,,NY,US,Veterans Memorial Highway,11779
90:35:EA:39:32:B8,WSg5W:4wiqlJWUsF00iAWln0,34.03998947,-118.24465942,90:35:EA,1,wpa2,2024-10-01T22:00:00.000Z,2024-10-01T18:00:00.000Z,Los Angeles,CA,US,Towne Avenue,90021
90:35:EA:39:33:08,W40;PE?20ILE0&4;*9-/E+:50%_+(%`e,39.20838165,-76.86354828,90:35:EA,1,wpa2,2025-05-23T21:00:00.000Z,2026-08-25T08:00:00.000Z,Columbia,MD,US,Dennis Lane,21044
90:35:EA:39:33:4C,W4V6P6P00IgE0&4;*9-/E*:51.'_(_`7,43.10288239,-89.27124786,90:35:EA,1,wpa2,2023-10-12T22:00:00.000Z,2024-12-29T09:00:00.000Z,Madison,WI,US,I 94,53718
90:35:EA:39:34:6C,W40;Pil00>:D0<;%:A_/<)/B%&&_%*04,39.20732498,-76.8059845,90:35:EA,1,wpa2,2024-09-16T12:00:00.000Z,2024-09-16T18:00:00.000Z,Columbia,MD,US,Snowden River Parkway,21045-1986
90:35:EA:39:34:80,W40;PS@10a;N0&1)@84/5';1\054.).*-0m,42.49901199,-83.35865784,90:35:EA,1,wep,2025-07-16T11:00:00.000Z,2025-07-16T05:00:00.000Z,,MI,US,Orchard Lake Road,48334
90:35:EA:39:34:E8,W40;Pi710h>F0&4;*9-/@+950&*%'*`n,39.19720459,-76.85273743,90:35:EA,1,wpa2,2026-09-04T02:00:00.000Z,2026-09-04T06:00:00.000Z,Columbia,MD,US,Stevens Forest Road,21046
90:35:EA:39:35:B4,"W4e4PSI00mK60&516A03<)<&'%,,((09",39.51885986,-119.78072357,90:35:EA,1,wpa2,2026-03-10T21:00:00.000Z,2026-03-10T14:00:00.000Z,Reno,NV,US,Mill Street,89502
90:35:EA:39:35:F4,"W40;PUE105C30,;C40/05+@D%(%(()@c",39.20658112,-76.9431076,90:35:EA,1,wpa2,2026-01-08T15:00:00.000Z,2026-01-08T08:00:00.000Z,Columbia,MD,US,Ten Oaks Road,21029
90:35:EA:39:36:2C,W40;PG=10k830&4B04'0+F;32*&)('Pe,39.19330597,-76.78044128,90:35:EA,1,wep,2024-10-17T14:00:00.000Z,2024-10-17T07:00:00.000Z,,MD,US,Mayfield Avenue,21075
90:35:EA:39:36:8C,W40;P@o00f@:0&4;1C.52-6C/\054+()%P6,39.17804718,-76.84824371,90:35:EA,8,wpa2,2024-01-15T18:00:00.000Z,2025-03-08T10:00:00.000Z,Columbia,MD,US,Broken Land Parkway,21046
90:35:EA:39:36:F4,"W4A<PWO00k^@0&4;*9-/0%>5/&,&*&`7",39.97611618,-75.04708099,90:35:EA,1,wpa2,2026-02-14T14:00:00.000Z,2026-04-15T14:00:00.000Z,,NJ,US,NJ 90,08110
90:35:EA:39:37:A0,W4A<PS310jmE0&4;*9-/0->5/&_&)&P6,39.87405014,-75.08532715,90:35:EA,1,wpa2,2025-07-27T02:00:00.000Z,2026-06-03T06:00:00.000Z,,NJ,US,Glover Avenue,08059
90:35:EA:39:37:D4,"W4A<0Hj40G5E0&4;1C.5+*:C0'*(,)0l",39.68033981,-75.66416168,90:35:EA,1,wpa2,2024-11-08T22:00:00.000Z,2024-11-20T11:00:00.000Z,,DE,US,Delaware Turnpike,19713:19720
90:35:EA:39:38:B4,"W404PLb00CV61%%%%%%%%%%,-.(*'(0G",30.23475647,-97.72249603,90:35:EA,1,wpa2,2024-05-15T04:00:00.000Z,2024-10-11T08:00:00.000Z,Austin,TX,US,East Riverside Drive,78741
90:35:EA:39:39:28,W4A<PH600g]:0&4B;4&34*593-)-)+`4,39.95244217,-75.13130188,90:35:EA,1,wep,2026-07-11T17:00:00.000Z,2026-07-11T11:00:00.000Z,Philadelphia,PA,US,Race Street,19106
90:35:EA:39:3A:90,W4b5PG800Ao50&4;*9-/0&<50)*.)*Pn,33.90062332,-118.40255737,90:35:EA,1,wpa2,2024-10-04T19:00:00.000Z,2025-01-29T23:00:00.000Z,,CA,US,Maple Avenue,90266
90:35:EA:39:3B:00,"W4[0P@F00hI:0<;%5A.3',<&*(*-'%@n",25.89943314,-80.18494415,90:35:EA,1,wpa2,2026-06-02T18:00:00.000Z,2026-06-02T11:00:00.000Z,,FL,US,Northeast 135th Street,33161
90:35:EA:39:3B:0C,W4A<04U?0B]90&6BE2//@+26('&()(bh,39.91340637,-75.18335724,90:35:EA,1,wpa2,2026-02-12T14:00:00.000Z,2026-02-12T14:00:00.000Z,Philadelphia,PA,US,Schuylkill Expressway,19145
90:35:EA:39:3B:78,"W40;P:410AFB0&4;*9-/B,85/,'.+.`^",39.23912811,-76.89318848,90:35:EA,1,wep,2023-01-27T13:00:00.000Z,2026-05-22T09:00:00.000Z,Columbia,MD,US,Clarksville Pike,21029
90:35:EA:39:3B:CC,"W40;0`510RdE0&4;*9-/@'850.'(',0i",39.21463776,-76.87483215,90:35:EA,1,wpa2,2024-11-19T21:00:00.000Z,2024-11-19T14:00:00.000Z,Columbia,MD,US,Little Patuxent Parkway,21044
90:35:EA:39:3C:38,W4G0P@5F0N490'1(12F/B+;6++-+''`c,25.91343307,-80.32525635,90:35:EA,1,wpa2,2026-06-08T18:00:00.000Z,2026-06-08T18:00:00.000Z,,FL,US,Northwest 154th Street,33014
90:35:EA:39:3C:9C,W4A<0Dj30_g30&42%E*5<F:32.+))%@;,39.8347702,-75.00497437,90:35:EA,1,wpa2,2026-07-06T15:00:00.000Z,2026-07-06T11:00:00.000Z,,NJ,US,White Horse Road West,08043
90:35:EA:39:3D:20,W466P5ZA0O>20&4B0E.15F<9/*-%&-33,34.24103928,-118.39138794,90:35:EA,1,wep,2024-10-17T21:00:00.000Z,2024-10-17T15:00:00.000Z,Los Angeles,CA,US,Sheldon Street,91352
90:35:EA:39:3D:24,W40;Pg:10RD90&4B4E&3*_:40'%)('Ph,39.18400574,-76.84989166,90:35:EA,1,wpa2,2026-08-10T16:00:00.000Z,2026-08-20T12:00:00.000Z,Columbia,MD,US,Broken Land Parkway,21046
90:35:EA:39:3D:7C,"W4A<PKI105<E0&4;*9-/0.>5/&,&((0a",39.93710709,-75.14903259,90:35:EA,1,wpa2,2026-08-07T10:00:00.000Z,2026-09-03T15:00:00.000Z,Philadelphia,PA,US,Christian Street,19146
90:35:EA:39:3D:E4,W4Z<PEW102P50&4;*9-/0)<5/%+.%.0j,26.35054398,-80.08888245,90:35:EA,1,wep,2025-11-20T15:00:00.000Z,2025-12-04T18:00:00.000Z,Boca Raton,FL,US,West Palmetto Park Road,33432
90:35:EA:39:3E:F8,W40;Poo20;]?0&4;1C.5F%3C1%&%.(PA,39.18016815,-76.82417297,90:35:EA,1,wpa2,2026-07-14T16:00:00.000Z,2026-07-14T11:00:00.000Z,Columbia,MD,US,Snowden River Parkway,21046
90:35:EA:39:3F:14,,29.42765427,-98.54118347,90:35:EA,5,unknown,2025-12-15T15:00:00.000Z,2025-12-16T17:00:00.000Z,San Antonio,TX,US,West Commerce Street,78207
90:35:EA:39:3F:68,W40;0NC10A;108/)B*B/.'>H%+%..%0Z,39.25592422,-76.81674957,90:35:EA,1,wpa2,2024-12-19T14:00:00.000Z,2025-02-19T09:00:00.000Z,,MD,US,Crest Place,21043
90:35:EA:39:3F:CC,W4160jb503R>0&5955'*C)*&'*--%*0`,34.06560898,-118.23648071,90:35:EA,1,wpa2,2026-06-11T19:00:00.000Z,2026-06-11T13:00:00.000Z,Los Angeles,CA,US,North Broadway,90012
90:35:EA:39:40:BC,W4A<P1`>0FI=0&B43F&3-+641)+&'-Bn,39.90776062,-75.15366364,90:35:EA,1,wpa2,2026-02-26T15:00:00.000Z,2026-02-26T19:00:00.000Z,Philadelphia,PA,US,South 3rd Street,19148
90:35:EA:39:41:8C,W456PWA00Eo00(4BBE-6(.A@/+((*'@8,34.14024734,-118.26435852,90:35:EA,1,wep,2026-08-05T00:00:00.000Z,2026-08-04T22:00:00.000Z,Glendale,CA,US,South Pacific Avenue,91204
90:35:EA:39:42:D4,"W4b9`fM50oB40&4;A9-00,<5/).*%%`F",40.82750702,-73.02189636,90:35:EA,1,wep,2024-11-26T17:00:00.000Z,2024-11-27T13:00:00.000Z,,NY,US,North Ocean Avenue,11738
90:35:EA:39:43:20,W4M1P9K106?50&1+@@+4B+<A&+&(+&0b,29.55999184,-98.53585815,90:35:EA,1,wpa2,2026-05-29T13:00:00.000Z,2026-05-29T08:00:00.000Z,San Antonio,TX,US,Fairfield Bend Drive,78231
90:35:EA:39:43:2C,WSfjVZX9KbYAO0l003xXscoE,34.05593109,-118.22953796,90:35:EA,1,wpa2,2026-06-05T19:00:00.000Z,2026-06-05T17:00:00.000Z,Los Angeles,CA,US,East Cesar E Chavez Avenue,90012
90:35:EA:39:43:68,WSWE02tuROGhE495Y50IfAOk,34.09153366,-118.29157257,90:35:EA,1,wpa2,2024-05-15T00:00:00.000Z,2026-02-04T13:00:00.000Z,Los Angeles,CA,US,North Vermont Avenue,90029-2615
90:35:EA:39:43:90,WS::fh9BVVIB44FMF40eMfZk,34.05385208,-118.24042511,90:35:EA,1,wpa2,2025-10-14T16:00:00.000Z,2025-10-14T14:00:00.000Z,Los Angeles,CA,US,North Los Angeles Street,90012
90:35:EA:39:43:BC,W40;Po8101kT0&4;*9-/@&950'()(+P1,39.22031021,-76.83837891,90:35:EA,1,wpa2,2025-07-20T17:00:00.000Z,2025-07-20T12:00:00.000Z,Columbia,MD,US,Rouse Parkway,21045
90:35:EA:39:45:14,WScW81ETmsZEg3Z555010260,34.05599594,-118.22966003,90:35:EA,1,wpa2,2024-10-31T15:00:00.000Z,2024-10-31T21:00:00.000Z,Los Angeles,CA,US,East Cesar E Chavez Avenue,90012
90:35:EA:39:45:3C,W4G0P<=F0]`90&5&H1*AB%<4&-()*%`2,25.80734444,-80.33733368,90:35:EA,1,wpa2,2026-09-01T12:00:00.000Z,2026-09-01T14:00:00.000Z,,FL,US,Northwest 87th Avenue,33122
90:35:EA:39:46:34,"W40;P\610]b80&51CG232)9H&,&).&@8",38.98305893,-76.92771912,90:35:EA,1,wpa2,2024-12-13T16:00:00.000Z,2024-12-17T09:00:00.000Z,,MD,US,Campus Drive,20742
90:35:EA:39:46:3C,W40;0c=10kK@0&4B@4(0+%;32*&..(Pk,39.30789948,-76.9445343,90:35:EA,1,wpa2,2026-04-22T13:00:00.000Z,2026-04-22T14:00:00.000Z,,MD,US,I 70;US 40,21794
90:35:EA:39:46:48,W456PI?00eT10&4;*9-/E)<</&&%%-@j,34.14893723,-118.25053406,90:35:EA,1,wpa2,2025-10-30T18:00:00.000Z,2025-10-30T14:00:00.000Z,Glendale,CA,US,North Jackson Street,91203
90:35:EA:39:46:A8,WS0IjSa1o1cFEEI010:W8Ug0,33.97468185,-118.29808044,90:35:EA,1,wpa2,2026-01-22T15:00:00.000Z,2026-01-22T17:00:00.000Z,Los Angeles,CA,US,Raymond Avenue,90044
90:35:EA:39:47:70,W4b9PKX50:650&4B4E&>--<93-&.)*`5,40.94840622,-72.90075684,90:35:EA,1,wpa2,2026-07-11T23:00:00.000Z,2026-07-14T17:00:00.000Z,,NY,US,Tesla Street,11786
90:35:EA:39:47:74,"W4B30?j00:i@0&4;A9,06)<50'.*&)Pn",33.51631165,-111.99729919,90:35:EA,1,wpa2,2025-02-21T22:00:00.000Z,2025-12-17T11:00:00.000Z,,AZ,US,East Stanford Drive,85018-8830
90:35:EA:39:47:90,W4M1P>K10Yf90&1+@@+4B*<A&+&(++`7,29.5917244,-98.58794403,90:35:EA,1,wep,2025-04-18T11:00:00.000Z,2025-04-18T04:00:00.000Z,San Antonio,TX,US,North Loop 1604 West,78249
90:35:EA:39:47:E4,"W4c:PC400EF70&4B,F'0+,<33)&.*&@h",40.86433792,-73.04683685,90:35:EA,1,wpa2,2025-09-19T16:00:00.000Z,2025-09-19T22:00:00.000Z,,NY,US,Middle Country Road,11784
90:35:EA:39:48:10,W456P=?00Jj80&4B3@&36'<:2'%)+%Uj,34.14637756,-118.235672,90:35:EA,1,wpa2,2026-08-19T15:00:00.000Z,2026-08-21T02:00:00.000Z,Glendale,CA,US,East Broadway,91206
90:35:EA:39:48:B0,W40;P`>10=`D0&4B4F&3*(;93%++-+P1,39.17774582,-76.84554291,90:35:EA,1,none,2026-08-24T14:00:00.000Z,2026-08-24T08:00:00.000Z,Columbia,MD,US,Minstrel Way,21045
90:35:EA:39:48:B8,W4<=PJJ10Z760&5&H1*AB*<4&+(%.*0k,30.31563568,-81.68172455,90:35:EA,1,wep,2025-03-24T20:00:00.000Z,2025-03-27T22:00:00.000Z,Jacksonville,FL,US,Post Street,32205
90:35:EA:39:48:D4,"W4J5PBA100oC0&4B;4&10)894+'+,&4n",36.73670959,-119.79151154,90:35:EA,1,wpa2,2026-08-19T15:00:00.000Z,2026-08-19T16:00:00.000Z,Fresno,CA,US,Van Ness Avenue,93721
90:35:EA:39:48:D8,W4Z<PaW104:90&5<3@59E+<8&.'%'(@8,26.18140411,-80.13491058,90:35:EA,1,wpa2,2025-12-20T23:00:00.000Z,2025-12-20T18:00:00.000Z,,FL,US,Northeast 44th Street,33334
90:35:EA:39:49:24,"W4Z<PbW10k100*)21)8&2'>A'%+(,)@1",26.3635807,-80.10923004,90:35:EA,1,wpa2,2026-05-07T15:00:00.000Z,2026-05-18T10:00:00.000Z,Boca Raton,FL,US,Northwest 15th Street,33486
90:35:EA:39:4A:F8,W4b9PYg50gl=0&4;*9-/0&>50-)+(*0L,40.76508331,-73.42362213,90:35:EA,1,wpa2,2025-02-05T15:00:00.000Z,2025-02-12T15:00:00.000Z,,NY,US,Broad Hollow Road,11747
90:35:EA:39:4B:24,W4e4PkI00[o60(B;1H*/<F<;*%%+'%0R,39.53834915,-119.71510315,90:35:EA,1,wpa2,2023-09-23T20:00:00.000Z,2025-04-08T23:00:00.000Z,Sparks,NV,US,Sparks Boulevard,89341
90:35:EA:39:4B:40,W4G0P`bE0?ZA0&1)@2845-:1))'+__`;,26.20842552,-80.23608398,90:35:EA,1,wpa2,2025-09-01T04:00:00.000Z,2025-09-05T20:00:00.000Z,,FL,US,West McNab Road,33321
90:35:EA:39:4B:78,W4G0P;=F06H:0&5&H1*AB%<4&-()+)@d,25.97878838,-80.31219482,90:35:EA,1,wpa2,2026-06-12T00:00:00.000Z,2026-06-12T10:00:00.000Z,Miramar,FL,US,Miramar Parkway,33025
90:35:EA:39:4C:64,W4P00W0009LO0&4B4E&34*294*).+)`f,37.53809738,-77.52161407,90:35:EA,1,wpa2,2023-04-11T14:00:00.000Z,2024-09-10T19:00:00.000Z,Richmond,VA,US,Forest Hill Avenue,23225
90:35:EA:39:4C:B8,"W4P0PIM206390&4;89'/-'>3/'.),)@_",39.36693192,-76.5617981,90:35:EA,1,wpa2,2025-01-10T15:00:00.000Z,2025-09-18T05:00:00.000Z,Baltimore,MD,US,East Northern Parkway,21214
90:35:EA:39:4C:BC,W4P0P[700:g_0&4B<4&34&193(-%&&05,39.34677887,-76.60962677,90:35:EA,1,wpa2,2025-03-25T22:00:00.000Z,2025-09-18T05:00:00.000Z,Baltimore,MD,US,York Road,21212
90:35:EA:39:4D:C8,"W4c:P=:00T5C0&4;*9-/0.<5/','*)`g",40.88841248,-73.01277161,90:35:EA,1,wpa2,2025-06-02T17:00:00.000Z,2026-04-03T10:00:00.000Z,,NY,US,Route 112,11727
90:35:EA:39:4D:D4,"W4b9PZn00d<c0&4D/1E2C)465:(--,P[",40.93522644,-72.67327118,90:35:EA,1,wpa2,2024-12-23T17:00:00.000Z,2024-12-23T19:00:00.000Z,,NY,US,Roanoke Avenue,11901
90:35:EA:39:4E:14,W4M10;K10:\?0&1+@@+4BF<A&+&(+(Pl,29.3624382,-98.44267273,90:35:EA,1,none,2026-05-18T16:00:00.000Z,2026-05-21T03:00:00.000Z,San Antonio,TX,US,Pecan Valley Drive,78223
90:35:EA:39:4E:1C,"W4b9`6K50M_i0&4;*9-/0.<5/',&&&@?",40.8644104,-73.12750244,90:35:EA,1,wep,2025-03-01T00:00:00.000Z,2025-02-28T21:00:00.000Z,,NY,US,Burr Lane,11755-1106
90:35:EA:39:4E:70,W4G0P?=F0SQ50&5&H1*AB'<4&-(+(%`l,25.67156029,-80.44298553,90:35:EA,1,wpa2,2026-07-27T17:00:00.000Z,2026-07-28T12:00:00.000Z,,FL,US,Hammocks Boulevard,33196
90:35:EA:39:4E:E8,,40.87334061,-73.0222168,90:35:EA,3,unknown,2025-08-06T15:00:00.000Z,2025-08-06T09:00:00.000Z,,NY,US,Patchogue-Mount Sinai Road,11784-2500
90:35:EA:39:4F:28,"W4Z<P[W10TT30&4D/1F41%>6C3*,&(0H",26.35825157,-80.10971832,90:35:EA,1,wep,2025-11-20T16:00:00.000Z,2025-12-04T18:00:00.000Z,Boca Raton,FL,US,Northwest 12th Avenue,33486
90:35:EA:39:4F:40,W4J5P0000YU80(0>2:'%F*<4&&('%.@`,36.78464508,-119.80864716,90:35:EA,1,wpa2,2025-05-23T18:00:00.000Z,2025-05-25T23:00:00.000Z,Fresno,CA,US,North Palm Avenue,93702
90:35:EA:39:50:94,"W4P0Po700O[L0&4B<4&14+193(,..%0<",39.28598785,-76.58374786,90:35:EA,1,wpa2,2025-04-17T15:00:00.000Z,2025-04-17T22:00:00.000Z,Baltimore,MD,US,Eastern Avenue,21224
90:35:EA:39:51:04,W4P00E800N;:0&6B;9/H@(26&_+.*_Pf,39.27977753,-76.56887817,90:35:EA,1,wpa2,2024-08-02T14:00:00.000Z,2026-06-11T22:00:00.000Z,Baltimore,MD,US,South Highland Avenue,21224
90:35:EA:39:51:4C,W4J5P:T10k3J0&42/F'1-%<9/)*'*&dl,36.78815079,-119.76296997,90:35:EA,1,wpa2,2024-05-30T18:00:00.000Z,2025-12-08T17:00:00.000Z,Fresno,CA,US,North Millbrook Avenue,93702
90:35:EA:39:51:54,W4G0PX;F0I770&4C85(4;)>6<F+_&%@6,26.04198074,-80.21370697,90:35:EA,1,wpa2,2025-02-06T18:00:00.000Z,2025-02-06T13:00:00.000Z,,FL,US,Parkway Lane,33021
90:35:EA:39:51:D4,W4M1P6K10hZ80&1+@@+4B+<A&+&(*-`6,29.45693398,-98.46498108,90:35:EA,1,wpa2,2023-05-31T07:00:00.000Z,2024-12-10T14:00:00.000Z,San Antonio,TX,US,Claremont Avenue,78209
90:35:EA:39:51:DC,"W4><PL880^[90&4B3F&30';41+*&.,25",38.54136276,-77.73030853,90:35:EA,1,wep,2025-05-21T13:00:00.000Z,2025-05-26T10:00:00.000Z,,VA,US,Marsh Road,22720
90:35:EA:39:52:4C,"W4b90CP50=j709:,.;<A:,>0%((-&+@7",40.91227722,-72.66913605,90:35:EA,1,wpa2,2026-05-12T20:00:00.000Z,2026-05-12T18:00:00.000Z,,NY,US,Center Drive South,11901
90:35:EA:39:52:50,W4P0Pbc00ZUl0&42C4*6B-230+)%&*0L,39.28604126,-76.58376312,90:35:EA,1,wpa2,2025-03-14T03:00:00.000Z,2025-03-16T20:00:00.000Z,Baltimore,MD,US,Eastern Avenue,21224
90:35:EA:39:52:54,W4Z<P]W10UN00)B&5(&/9%<C%))%%+P2,26.36140633,-80.09013367,90:35:EA,1,wpa2,2025-05-19T20:00:00.000Z,2025-05-28T16:00:00.000Z,Boca Raton,FL,US,Northwest 2nd Avenue,33432
90:35:EA:39:52:5C,W4b9P[N50=eB0&4B4F&34)242--%'(`?,40.79816818,-72.91172028,90:35:EA,1,wpa2,2024-09-16T22:00:00.000Z,2024-09-16T16:00:00.000Z,,NY,US,Horseblock Road,11719
90:35:EA:39:53:F8,W4B3PLi00\m70&42C4)5<'<32))&-)@?,33.47932053,-111.90903473,90:35:EA,1,wpa2,2024-04-05T19:00:00.000Z,2025-12-08T10:00:00.000Z,Scottsdale,AZ,US,North Hayden Road,85257
90:35:EA:39:54:6C,W4J5Pb<101HP0&4;*9-/@&652*._%_dm,36.8228302,-119.80251312,90:35:EA,1,wpa2,2024-12-14T19:00:00.000Z,2026-07-08T20:00:00.000Z,Fresno,CA,US,West Bullard Avenue,93702
90:35:EA:39:54:8C,W4b9`bJ50KEC1&4;*9-/0*<5/'+.--0>,40.83360291,-73.36264038,90:35:EA,1,wpa2,2026-03-26T13:00:00.000Z,2026-03-26T06:00:00.000Z,,NY,US,Park Avenue,11743
90:35:EA:39:54:A4,"W468P3;005560&4;*9-/E)<</%,+'(0T",40.10520554,-83.13336945,90:35:EA,1,wep,2025-08-03T13:00:00.000Z,2025-08-27T11:00:00.000Z,,OH,US,Coffman Park Drive,43016
90:35:EA:39:54:B0,"W4b9`9M50?E00&4;1C.4+*<C/)*,+.04",40.82450867,-73.23040771,90:35:EA,1,wpa2,2024-11-01T16:00:00.000Z,2025-02-28T21:00:00.000Z,,NY,US,Veterans Memorial Highway,11788
90:35:EA:39:55:60,"W4P0P\I20_C80&4;*9-/E%<</&(,--P6",39.29308319,-76.69371796,90:35:EA,1,wep,2024-11-04T16:00:00.000Z,2024-11-04T09:00:00.000Z,Baltimore,MD,US,Old Frederick Road,21229
90:35:EA:39:55:78,"W4B30kj008n20&4B;4&10%<94%,.&+P4",33.51538086,-111.90866089,90:35:EA,1,wpa2,2024-11-21T18:00:00.000Z,2025-04-15T09:00:00.000Z,Scottsdale,AZ,US,North Hayden Road,85250
90:35:EA:39:55:BC,"W4k1PMc;02D<0&4;*9-/0(<5/).&+,f3",29.52184486,-98.50569916,90:35:EA,1,wpa2,2025-10-08T22:00:00.000Z,2025-10-08T17:00:00.000Z,San Antonio,TX,US,Blanco Road,78213
90:35:EA:39:55:D4,W4<=PUJ10j@;0&5&H1*AB*<4&-)'+-P6,30.1964283,-81.62188721,90:35:EA,1,wpa2,2025-02-07T16:00:00.000Z,2025-04-03T05:00:00.000Z,Jacksonville,FL,US,San Jose Boulevard,32257
90:35:EA:39:55:D8,"W4e4P6J007O20&50(GA3,.<4'&+%%-0f",39.52658463,-119.82672119,90:35:EA,1,wpa2,2026-04-03T18:00:00.000Z,2026-04-03T14:00:00.000Z,Reno,NV,US,Keystone Avenue,89503
90:35:EA:39:56:08,W4k1P@d;0G_30&4;*9-/0-<5/)-_'+@:,29.41861153,-98.487854,90:35:EA,1,wep,2025-07-13T20:00:00.000Z,2025-07-13T15:00:00.000Z,San Antonio,TX,US,Hemisfair Boulevard,78205
90:35:EA:39:56:24,W4k1Ple;0^M80)B&1(&/9*>C+%%&.+6F,29.26778412,-98.30442047,90:35:EA,1,wpa2,2025-06-06T11:00:00.000Z,2025-08-31T23:00:00.000Z,,TX,US,Laguna Road,
90:35:EA:39:56:28,"W46<`ZM10;iU0(1,E@94:%;5+..('*bB",32.86658096,-80.01551819,90:35:EA,1,wpa2,2025-02-14T22:00:00.000Z,2025-02-14T17:00:00.000Z,North Charleston,SC,US,International Boulevard,29405
90:35:EA:39:56:38,W4k1Pdc;0J390&4;*9-/0+<5/)-*)+`9,29.45248413,-98.47254181,90:35:EA,1,wpa2,2025-09-01T18:00:00.000Z,2025-09-01T12:00:00.000Z,San Antonio,TX,US,Broadway,78215
90:35:EA:39:56:54,"W4A;P3g30Oj30&4.*%,*(F;6&)%.%-@i",38.96102524,-77.07350922,90:35:EA,1,wpa2,2024-06-22T22:00:00.000Z,2024-10-13T14:00:00.000Z,Washington,DC,US,Military Road Northwest,20015
90:35:EA:39:56:70,W4[0P?F00oY80<;%5A.3'.<&*(*-&-P5,25.77594948,-80.26808929,90:35:EA,1,wpa2,2025-08-20T11:00:00.000Z,2026-01-15T12:00:00.000Z,Miami,FL,US,Northwest 44th Avenue,33126
90:35:EA:39:56:AC,"W40;P5;10l7=0&4;*9-/EF:50%,+'.`j",39.27795029,-76.86136627,90:35:EA,1,wpa2,2024-10-19T13:00:00.000Z,2024-10-19T06:00:00.000Z,,MD,US,Frederick Road,21042
90:35:EA:39:56:D0,W468P5;00P]@0&4;*9-/E%<</%_+'&@f,40.09764862,-83.1258316,90:35:EA,1,wpa2,2026-07-07T02:00:00.000Z,2026-07-06T20:00:00.000Z,,OH,US,Upper Metro Place,43017
90:35:EA:39:56:D8,"W456PM?00J230(1,E@90:F<5(,,.(&Gk",34.06014633,-118.21481323,90:35:EA,1,wep,2025-06-30T23:00:00.000Z,2025-06-30T17:00:00.000Z,Los Angeles,CA,US,Golden State Freeway,90031
90:35:EA:39:56:E4,"W40;P\1105AS0&4B3F&3-(640-+,'-`e",39.17818069,-76.87303162,90:35:EA,1,wpa2,2025-10-28T16:00:00.000Z,2025-11-04T18:00:00.000Z,Columbia,MD,US,Riverwood Drive,21046
90:35:EA:39:57:08,"W4e4P6L002_10&50(GA3,*@4)('-.*2m",39.5054245,-119.81733704,90:35:EA,1,wpa2,2026-03-26T15:00:00.000Z,2026-03-26T09:00:00.000Z,Reno,NV,US,West Plumb Lane,89509-1633
90:35:EA:39:57:20,W4e4PbI00go?0&1)@2845-<1&-)&-%PF,39.52720261,-119.80348206,90:35:EA,1,wpa2,2026-03-04T20:00:00.000Z,2026-03-04T15:00:00.000Z,Reno,NV,US,South Wells Avenue,89505
90:35:EA:39:57:24,"W4e4P3J00NY=0'1(12F95)<6&,%)(,00",39.55783463,-119.78135681,90:35:EA,1,wpa2,2026-03-30T03:00:00.000Z,2026-05-03T01:00:00.000Z,Reno,NV,US,Northtowne Lane,89512
90:35:EA:39:57:2C,"W4h8P7?00<c:0'1(12F95(;6*,'%+&Pl",42.56754684,-83.14796448,90:35:EA,1,wpa2,2026-02-02T20:00:00.000Z,2026-02-02T15:00:00.000Z,,MI,US,Livernois Road,48098
90:35:EA:39:57:40,CVR_W4_2207190400001004501,29.51475334,-98.53074646,90:35:EA,1,wep,2026-08-11T16:00:00.000Z,2026-08-11T11:00:00.000Z,San Antonio,TX,US,Connally Loop,78213
90:35:EA:39:57:BC,"W4P0P7H20e`=0&4;*9-/E)<</%.*&,`6",39.31082916,-76.5730896,90:35:EA,1,wpa2,2026-01-29T15:00:00.000Z,2026-01-30T04:00:00.000Z,Baltimore,MD,US,Edison Highway,21213
90:35:EA:39:57:C4,W4[0PfE00]Y20&5&H1*AB%<4&-%-&%P:,25.89093018,-80.18663025,90:35:EA,1,wpa2,2025-11-13T19:00:00.000Z,2025-11-13T12:00:00.000Z,,FL,US,Northeast 6th Avenue,33162
90:35:EA:39:57:C8,"W4G0PiEF0<c30(4BBE-3.F<@/-+,)-`J",25.81620979,-80.26499176,90:35:EA,1,wpa2,2025-02-25T02:00:00.000Z,2025-08-03T02:00:00.000Z,Hialeah,FL,US,Southeast 8th Avenue,33010
90:35:EA:39:58:3C,"W4G0P@<F0le20&4;*9-/EF<</%)((,0?",25.95446014,-80.23912048,90:35:EA,1,wpa2,2024-10-19T04:00:00.000Z,2024-10-19T07:00:00.000Z,,FL,US,101,33056
90:35:EA:39:58:60,W4A<P2c=0mo?0&42%E*5G-43/..%-(`C,39.83508301,-75.0045166,90:35:EA,1,wpa2,2026-07-24T15:00:00.000Z,2026-07-24T10:00:00.000Z,,NJ,US,White Horse Road West,08043
90:35:EA:39:58:68,W40;PAE10Ya20&4B-F(0/*@31-(&*.@m,39.19783401,-76.85183716,90:35:EA,1,wpa2,2026-08-11T13:00:00.000Z,2026-08-11T06:00:00.000Z,Columbia,MD,US,Broken Land Parkway,21046
90:35:EA:39:58:74,W4k1PSe;0@M?0&4;*9-/0+<5/*_.%.@<,29.41859245,-98.48773956,90:35:EA,1,wep,2025-07-13T20:00:00.000Z,2025-07-13T15:00:00.000Z,San Antonio,TX,US,Hemisfair Boulevard,78205
90:35:EA:39:58:A0,"W416Ph3?0Vo30&4B,E'/+(;31.')%-24",34.21992874,-118.59643555,90:35:EA,1,wpa2,2024-06-03T21:00:00.000Z,2026-03-31T18:00:00.000Z,Los Angeles,CA,US,Roscoe Boulevard,91303
90:35:EA:39:58:E4,W4G00=<F0^a80&4;*9-/E)<</%)&(-`k,25.82693672,-80.3713913,90:35:EA,1,wpa2,2026-01-16T14:00:00.000Z,2026-01-16T12:00:00.000Z,,FL,US,Northwest 107th Court,33178
90:35:EA:39:58:EC,"W4P0PnG20X[C0&4;*9-/E(<</%.*-,`B",39.28426743,-76.62908173,90:35:EA,1,wpa2,2025-03-28T09:00:00.000Z,2026-01-05T08:00:00.000Z,Baltimore,MD,US,Scott Street,21230
90:35:EA:39:59:24,W4P0P>H20iI70&4;*9-/E'<</%.-')02,39.28292465,-76.59003448,90:35:EA,1,wpa2,2023-12-31T14:00:00.000Z,2025-04-14T14:00:00.000Z,Baltimore,MD,US,South Wolfe Street,21231
90:35:EA:39:59:2C,"W466PM_A0hP60&4D65(43F>6C:(+.,SM",33.77076721,-118.26931,90:35:EA,1,wep,2024-12-27T18:00:00.000Z,2024-12-28T14:00:00.000Z,Los Angeles,CA,US,West Harry Bridges Boulevard,90744-4522
90:35:EA:39:59:84,W4P0P^I20Mh@0&4;*9-/E-<</&)&)%P;,39.32835007,-76.61616516,90:35:EA,1,wpa2,2026-06-14T17:00:00.000Z,2026-06-15T04:00:00.000Z,Baltimore,MD,US,Saint Paul Street,21218
90:35:EA:39:5D:B8,"W4l5Pn>104U?0&4/6>'2-*85&'(,(,Q1",36.79407501,-119.72454834,90:35:EA,1,wpa2,2023-06-13T10:00:00.000Z,2025-06-19T10:00:00.000Z,,CA,US,East Ashlan Avenue,93726
90:35:EA:39:5D:BC,"W4V6P0K00T@30&4;*9-/E-<</%-.+,Pl",43.05580902,-89.39261627,90:35:EA,1,wep,2025-05-22T21:00:00.000Z,2025-09-05T16:00:00.000Z,Madison,WI,US,West Lakeside Street,53715
90:35:EA:39:5F:20,W4k1PBc;08@60(1+C@)68.<5')+**'@3,29.5632782,-98.53768921,90:35:EA,1,wpa2,2024-10-23T13:00:00.000Z,2024-10-23T06:00:00.000Z,San Antonio,TX,US,Northwest Military Highway,78231
90:35:EA:39:64:74,,40.81237793,-73.12132263,90:35:EA,5,unknown,2025-05-17T19:00:00.000Z,2025-07-13T05:00:00.000Z,,NY,US,Long Island Expressway,11779
90:35:EA:39:64:78,W46<P_@00^E40(5</F93D)<A'&___%P8,32.83745575,-80.01885986,90:35:EA,1,wpa2,2024-01-08T13:00:00.000Z,2025-01-11T16:00:00.000Z,North Charleston,SC,US,Bridge View Drive,29405
90:35:EA:39:64:D4,"W4e4P2J003MB0&1)@2845%<1&-)&-,`e",39.55853271,-119.70561218,90:35:EA,1,wpa2,2025-01-25T03:00:00.000Z,2026-05-15T23:00:00.000Z,Sparks,NV,US,Vista Boulevard,89434
90:35:EA:39:65:28,W4P0PbI20F]20&4;*9-/E+<</&)(&*05,39.35958862,-76.58856201,90:35:EA,1,wpa2,2023-10-07T20:00:00.000Z,2025-09-18T05:00:00.000Z,Baltimore,MD,US,Loch Raven Boulevard,21239
90:35:EA:39:7F:80,,39.87937546,-85.99991608,90:35:EA,5,unknown,2024-04-06T04:00:00.000Z,2024-09-16T12:00:00.000Z,,IN,US,Lee Road,46236
90:35:EA:3B:21:40,CAT EXTENDER (3929743680),50.91002274,-1.42983317,90:35:EA,11,wpa2,2025-04-04T13:00:00.000Z,2025-04-06T12:00:00.000Z,Southampton,England,GB,Mountbatten Way,SO15 3BW
90:35:EA:3B:23:58,CAT ROT (3929744216),57.82108307,-133.93533325,90:35:EA,1,wpa2,2025-06-05T05:00:00.000Z,2025-06-05T14:00:00.000Z,,AK,US,,
90:35:EA:3B:24:E0,CAT ROT (3929744608),-33.85314178,151.20368958,90:35:EA,6,wpa2,2023-10-16T20:00:00.000Z,2025-10-11T00:00:00.000Z,Sydney,New South Wales,AU,Towns Place,2000
90:35:EA:3B:27:E4,InCommand,43.43295288,-96.27571869,90:35:EA,9,unknown,2025-09-26T20:00:00.000Z,2025-09-26T19:00:00.000Z,,IA,US,150th Street,51246
90:35:EA:3B:29:10,CAT PRO (3929745680),50.86626434,-1.34481788,90:35:EA,11,wpa2,2025-08-09T11:00:00.000Z,2025-08-10T08:00:00.000Z,,England,GB,Nightingale Walk,SO31 5GA
90:35:EA:3B:2C:94,CAT EXTENDER (3929746580),41.52031326,-74.00019836,90:35:EA,11,wpa2,2025-08-16T14:00:00.000Z,2025-08-16T14:00:00.000Z,,NY,US,I 84;NY 52,12508
90:35:EA:3B:6B:48,Flock,44.59980011,-123.06175995,90:35:EA,1,wpa2,2026-08-07T20:00:00.000Z,2026-08-08T14:00:00.000Z,,OR,US,Robert Hugh Baldock Freeway,97322
90:35:EA:3B:6D:20,InCommand,42.20446396,-85.48150635,90:35:EA,9,unknown,2026-03-23T12:00:00.000Z,2026-03-24T10:00:00.000Z,,MI,US,South 29th Street,49048
90:35:EA:3B:79:00,CHIONE_REDPINE,43.51540756,-79.68374634,90:35:EA,6,wpa2,2025-08-15T16:00:00.000Z,2025-08-15T17:00:00.000Z,Oakville,Ontario,CA,Portland Drive,L6H 6M2
90:35:EA:3B:7C:D4,InCommand,38.14657211,-121.64748383,90:35:EA,9,none,2026-04-15T23:00:00.000Z,2026-04-21T22:00:00.000Z,,CA,US,CA 12,94571
90:35:EA:3B:83:6C,CHIONE_REDPINE,43.51525497,-79.68383026,90:35:EA,6,wpa2,2025-06-23T12:00:00.000Z,2025-06-24T17:00:00.000Z,Oakville,Ontario,CA,Portland Drive,L6H 6M2
90:35:EA:3C:C6:5C,CHIONE_REDPINE,43.51523972,-79.68399811,90:35:EA,6,wpa2,2025-10-29T13:00:00.000Z,2026-01-25T20:00:00.000Z,Oakville,Ontario,CA,Portland Drive,L6H 6M2
90:35:EA:3D:BC:BA,,41.78274155,-73.75609589,90:35:EA,0,none,2025-02-12T23:00:00.000Z,2025-02-26T14:00:00.000Z,,NY,US,US 44,12578
90:35:EA:43:93:C0,,39.94177246,-81.53314972,90:35:EA,0,unknown,2026-06-29T12:00:00.000Z,2026-06-29T16:00:00.000Z,,OH,US,I 77,43722
90:35:EA:6B:B3:2C,,30.89573288,-102.90759277,90:35:EA,0,unknown,2025-12-20T11:00:00.000Z,2025-12-21T14:00:00.000Z,,TX,US,West Dickinson Boulevard,79735
90:35:EA:71:55:EC,,30.41212082,-97.68668365,90:35:EA,0,unknown,2025-02-20T11:00:00.000Z,2025-02-21T15:00:00.000Z,Austin,TX,US,Scofield Farms Drive,78728
90:35:EA:7A:BA:19,RCS_SM1500_25P4675,53.45272446,-2.0867281,90:35:EA,1,wpa2,2025-07-23T16:00:00.000Z,2025-07-26T11:00:00.000Z,Tameside,England,GB,Manchester Road,SK14 1BW
90:35:EA:7A:CF:E8,,52.46342468,-1.94794905,90:35:EA,11,none,2026-09-05T11:00:00.000Z,2026-09-05T22:00:00.000Z,Birmingham,England,GB,Park Hill Road,B17
90:35:EA:9A:B0:61,,50.93976593,-0.99460995,90:35:EA,1,unknown,2024-09-24T23:00:00.000Z,2025-01-25T18:00:00.000Z,East Hampshire,England,GB,Lowton Gardens,PO8 0XQ
90:35:EA:DF:A5:98,,30.10930634,-97.3307724,90:35:EA,0,unknown,2025-01-23T09:00:00.000Z,2025-01-23T15:00:00.000Z,,TX,US,Old Austin Highway,78602
