netid,ssid,trilat,trilong,oui_match,channel,encryption,firsttime,lasttime,city,region,country,road,postalcode
A4:CF:12:00:15:49,CFX3_001548,61.44909286,11.04011345,A4:CF:12,1,wpa2,2026-02-14T12:00:00.000Z,2026-04-12T20:00:00.000Z,,Innlandet,NO,Storelvdalsveien,
A4:CF:12:00:24:C5,Mysa-0024c4,49.45261002,-123.7312088,A4:CF:12,1,unknown,2025-08-25T00:00:00.000Z,2025-08-24T19:00:00.000Z,,British Columbia,CA,Sunshine Coast Highway,V0N 3A0
A4:CF:12:00:29:0D,TL,-32.54924774,115.6860199,A4:CF:12,1,wpa2,2026-07-19T00:00:00.000Z,2026-07-18T22:00:00.000Z,,Western Australia,AU,Discovery Cove,6201
A4:CF:12:00:64:35,CFX3_006434,47.83890915,13.05604553,A4:CF:12,1,wpa2,2024-10-10T08:00:00.000Z,2026-07-30T01:00:00.000Z,,Salzburg,AT,Moosfeldstraße,5101
A4:CF:12:00:69:29,Mysa-006928,45.5203743,-73.58628082,A4:CF:12,6,unknown,2024-11-19T17:00:00.000Z,2024-11-19T11:00:00.000Z,Montréal,Québec,CA,Avenue du Mont-Royal Est,H2T 1N4
A4:CF:12:00:6B:99,Cfx3_luke,-31.08479691,150.91513062,A4:CF:12,1,wpa2,2025-07-31T07:00:00.000Z,2026-04-13T12:00:00.000Z,Tamworth,New South Wales,AU,Ebsworth Street,2340
A4:CF:12:00:6C:A9,CFX3_dometic ,59.75768661,18.69386482,A4:CF:12,1,wpa2,2026-07-18T09:00:00.000Z,2026-07-18T02:00:00.000Z,,Stockholms län,SE,Sveagatan,76128
A4:CF:12:00:6F:01,T009_006F00,48.16565704,-0.48646441,A4:CF:12,1,unknown,2026-03-01T12:00:00.000Z,2026-03-01T04:00:00.000Z,,Pays de la Loire,FR,D 262,53150
A4:CF:12:00:72:71,CFX3_007270,50.11335373,14.47628975,A4:CF:12,1,wpa2,2021-02-23T14:00:00.000Z,2025-06-22T07:00:00.000Z,Hlavní město Praha,Praha,CZ,Zenklova,18000
A4:CF:12:00:73:25,CFX3_007324,39.56996155,2.69095898,A4:CF:12,1,wpa2,2026-08-13T09:00:00.000Z,2026-08-18T14:00:00.000Z,,Illes Balears,ES,Ma-15,07007
A4:CF:12:00:74:19,T009_007418,48.01318359,0.31945547,A4:CF:12,6,unknown,2025-04-17T13:00:00.000Z,2025-04-17T07:00:00.000Z,Champagné,Pays de la Loire,FR,Route de Paris,72470
A4:CF:12:00:75:81,CFX3_007580,50.8047142,7.2230649,A4:CF:12,1,wpa2,2026-08-21T13:00:00.000Z,2026-08-21T07:00:00.000Z,,Nordrhein-Westfalen,DE,Zeithstraße,53721
A4:CF:12:03:2A:E5,,-8.02296162,-34.96263885,A4:CF:12,13,none,2026-03-06T14:00:00.000Z,2026-07-02T21:00:00.000Z,Recife,Pernambuco,BR,Corredor Exclusivo BRT Leste - Oeste,50980-427
A4:CF:12:03:C2:85,WLED-AP,37.75870132,-122.38812256,A4:CF:12,1,wpa2,2024-10-20T03:00:00.000Z,2024-10-20T13:00:00.000Z,San Francisco,CA,US,3rd Street,41907
A4:CF:12:04:1E:D9,,-26.82743835,-49.29610062,A4:CF:12,13,unknown,2025-12-24T14:00:00.000Z,2025-12-24T06:00:00.000Z,Timbó,Santa Catarina,BR,Rua Marechal Floriano Peixoto,89120-000
A4:CF:12:04:C2:39,Marina,37.27761841,49.68039703,A4:CF:12,1,wpa2,2024-09-24T12:00:00.000Z,2024-10-08T06:00:00.000Z,دهستان حومه,استان گیلان,IR,بلوار امام رضا,4187968587
A4:CF:12:05:47:A9,Poort,52.15140915,5.1246562,A4:CF:12,1,unknown,2021-01-23T14:00:00.000Z,2025-02-07T06:00:00.000Z,,Utrecht,NL,Kerkdijk,3615BA
A4:CF:12:05:DD:D9,car_hotspot,-32.90896988,151.67488098,A4:CF:12,1,wpa2,2024-10-16T02:00:00.000Z,2025-10-01T12:00:00.000Z,Newcastle,New South Wales,AU,Murnin Street,2287
A4:CF:12:07:F4:89,Traeger-F489,38.91588974,-77.50614166,A4:CF:12,6,wpa2,2026-06-23T18:00:00.000Z,2026-06-23T14:00:00.000Z,,VA,US,Planting Field Drive,20152
A4:CF:12:07:F5:D5,Traeger-F5D5,40.82963562,-121.51331329,A4:CF:12,5,wpa2,2026-08-18T00:00:00.000Z,2026-08-17T22:00:00.000Z,,CA,US,CA 89,96040
A4:CF:12:07:F5:ED,Traeger-F5ED,36.31845474,-115.21566772,A4:CF:12,5,wpa2,2024-05-23T19:00:00.000Z,2026-07-03T14:00:00.000Z,Las Vegas,NV,US,Knotting Pass,89131
A4:CF:12:07:F6:79,Traeger-F679,45.27761459,-93.59269714,A4:CF:12,5,wpa2,2025-10-09T08:00:00.000Z,2026-04-20T00:00:00.000Z,,MN,US,88th Street Northeast,55330
A4:CF:12:07:F8:B9,Traeger-F8B9,33.72597504,-117.64936066,A4:CF:12,5,wpa2,2023-04-03T10:00:00.000Z,2025-01-11T11:00:00.000Z,,CA,US,Santiago Canyon Road,92676
A4:CF:12:07:F9:45,Traeger-F945,30.10190201,-91.99037933,A4:CF:12,5,wpa2,2025-11-16T23:00:00.000Z,2025-12-02T12:00:00.000Z,,LA,US,LA 89-1 (old LA 89;LA 92),
A4:CF:12:07:FA:61,Traeger-FA61,40.86562729,-96.73851013,A4:CF:12,5,wpa2,2024-10-04T14:00:00.000Z,2024-10-04T19:00:00.000Z,Lincoln,NE,US,Northwest 13th Street,68521
A4:CF:12:07:FE:4D,Traeger-FE4D,45.52378464,-122.97583008,A4:CF:12,5,wpa2,2022-07-19T19:00:00.000Z,2025-12-21T18:00:00.000Z,Hillsboro,OR,US,Northeast Lincoln Street,97123-4201
A4:CF:12:07:FE:F5,Traeger-FEF5,41.04338074,-111.92593384,A4:CF:12,5,wpa2,2024-10-09T17:00:00.000Z,2024-12-13T09:00:00.000Z,,UT,US,East Crestwood Road,84037
A4:CF:12:08:00:19,Traeger-0019,32.48107147,-94.8506012,A4:CF:12,5,wpa2,2026-03-25T15:00:00.000Z,2026-03-25T12:00:00.000Z,Longview,TX,US,TX 42,75604
A4:CF:12:08:02:D5,Traeger-02D5,47.22042084,15.90473557,A4:CF:12,5,wpa2,2023-06-23T10:00:00.000Z,2025-09-08T02:00:00.000Z,,Steiermark,AT,,8224
A4:CF:12:08:03:E9,Traeger-03E9,40.64171982,-84.95476532,A4:CF:12,5,wpa2,2026-04-05T15:00:00.000Z,2026-04-05T17:00:00.000Z,Berne,IN,US,US 27,46711
A4:CF:12:08:05:91,Traeger-0591,33.37055588,-111.80716705,A4:CF:12,5,wpa2,2021-01-13T18:00:00.000Z,2025-12-06T15:00:00.000Z,Gilbert,AZ,US,North Cooper Road,85233
A4:CF:12:08:06:45,Traeger-0645,29.77080154,-90.76649475,A4:CF:12,5,wpa2,2025-08-28T20:00:00.000Z,2025-08-28T16:00:00.000Z,,LA,US,LA 308,70301
A4:CF:12:08:07:11,Traeger-0711,45.80715561,-108.40872192,A4:CF:12,5,wpa2,2026-08-30T17:00:00.000Z,2026-08-30T20:00:00.000Z,,MT,US,Enfield Street,
A4:CF:12:08:08:4D,Traeger-084D,41.48735809,-81.72629547,A4:CF:12,5,wpa2,2026-06-09T00:00:00.000Z,2026-06-08T18:00:00.000Z,Cleveland,OH,US,West 58th Street,44199
A4:CF:12:08:08:75,Traeger-0875,27.91424942,-82.49636078,A4:CF:12,5,wpa2,2024-02-09T13:00:00.000Z,2025-11-09T22:00:00.000Z,Tampa,FL,US,Lee Roy Selmon Crosstown Expressway,33629-8171
A4:CF:12:08:09:AD,Traeger-09AD,39.57012558,-104.91506958,A4:CF:12,11,wpa2,2025-11-26T22:00:00.000Z,2026-01-30T17:00:00.000Z,Centennial,CO,US,South Monaco Street,80130
A4:CF:12:08:0B:09,Traeger-0B09,38.91804504,-104.75233459,A4:CF:12,5,wpa2,2024-08-02T14:00:00.000Z,2024-10-15T13:00:00.000Z,Colorado Springs,CO,US,Vickers Drive,80918
A4:CF:12:08:0B:31,Traeger-0B31,46.9799614,-123.58032227,A4:CF:12,5,wpa2,2020-09-10T18:00:00.000Z,2026-07-31T19:00:00.000Z,Montesano,WA,US,Olympic Highway,
A4:CF:12:08:0B:59,Traeger-0B59,40.59638977,-111.79730988,A4:CF:12,5,wpa2,2023-06-23T00:00:00.000Z,2025-08-18T12:00:00.000Z,,UT,US,Wasatch Boulevard,84121
A4:CF:12:08:0C:1D,Traeger-0C1D,41.30008316,-72.60305786,A4:CF:12,5,wpa2,2025-12-24T21:00:00.000Z,2025-12-24T16:00:00.000Z,,CT,US,Durham Road,06443
A4:CF:12:08:0E:15,Traeger-0E15,40.56565475,-112.30137634,A4:CF:12,5,wpa2,2024-09-13T14:00:00.000Z,2024-11-19T11:00:00.000Z,,UT,US,West 2000 North,84074
A4:CF:12:08:0E:A1,Traeger-0EA1,41.80478287,-87.88398743,A4:CF:12,5,wpa2,2026-02-17T22:00:00.000Z,2026-03-02T08:00:00.000Z,,IL,US,West 47th Street,60525
A4:CF:12:08:10:15,Traeger-1015,41.48326111,-93.75104523,A4:CF:12,5,wpa2,2024-06-24T23:00:00.000Z,2025-07-04T05:00:00.000Z,,IA,US,Cumming Avenue,50211
A4:CF:12:08:10:9D,Traeger-109D,38.75976944,-112.10453796,A4:CF:12,5,wpa2,2025-10-23T16:00:00.000Z,2025-10-23T10:00:00.000Z,,UT,US,Technology Drive,84701
A4:CF:12:08:11:11,Traeger-1111,42.92718887,-85.55715942,A4:CF:12,5,wpa2,2025-03-28T16:00:00.000Z,2025-05-26T20:00:00.000Z,,MI,US,I 96,49512-2049
A4:CF:12:08:11:25,Traeger-1125,41.31946564,-105.59122467,A4:CF:12,5,wpa2,2025-11-29T17:00:00.000Z,2025-12-07T14:00:00.000Z,Laramie,WY,US,East Harney Street,82071
A4:CF:12:08:11:FD,Traeger-11FD,46.17763138,-103.40671539,A4:CF:12,5,wpa2,2022-05-05T19:00:00.000Z,2026-08-26T23:00:00.000Z,,ND,US,US 12;US 85,58623
A4:CF:12:08:12:05,Traeger-1205,40.16943359,-111.59589386,A4:CF:12,5,wpa2,2025-08-26T23:00:00.000Z,2025-08-26T17:00:00.000Z,,UT,US,East 200 North Street,84663-1602
A4:CF:12:08:12:D1,Traeger-12D1,33.83889008,-84.3898468,A4:CF:12,5,wpa2,2024-11-29T18:00:00.000Z,2024-12-05T09:00:00.000Z,Atlanta,GA,US,Chatham Road Northwest,30305
A4:CF:12:08:12:F5,Traeger-12F5,40.44326401,-111.88890839,A4:CF:12,5,wpa2,2021-06-13T16:00:00.000Z,2025-05-17T16:00:00.000Z,Lehi,UT,US,West Traverse Mountain Boulevard,84043
A4:CF:12:08:13:15,Traeger-1315,36.30963135,-115.314888,A4:CF:12,5,wpa2,2024-06-19T20:00:00.000Z,2026-07-02T15:00:00.000Z,Las Vegas,NV,US,Skye Village Road,89143
A4:CF:12:08:14:2D,Traeger-142D,44.14960098,-121.33435059,A4:CF:12,5,wpa2,2026-06-08T17:00:00.000Z,2026-08-18T13:00:00.000Z,,OR,US,McKenzie-Bend Highway,97701
A4:CF:12:08:15:CD,Traeger-15CD,51.25193024,-114.02223969,A4:CF:12,11,wpa2,2025-12-24T19:00:00.000Z,2026-02-01T11:00:00.000Z,Airdrie,Alberta,CA,Hillcrest Rise SW,T4B 3R6
A4:CF:12:08:16:71,Traeger-1671,47.15672302,-122.44457245,A4:CF:12,5,wpa2,2022-06-12T14:00:00.000Z,2025-08-27T18:00:00.000Z,,WA,US,Polk Street South,98444-6058
A4:CF:12:08:16:91,Traeger-1691,29.51362801,-98.59798431,A4:CF:12,5,wpa2,2024-11-28T10:00:00.000Z,2025-03-03T03:00:00.000Z,San Antonio,TX,US,North Knoll,78240
A4:CF:12:08:19:61,Traeger-1961,30.36972237,-95.38886261,A4:CF:12,5,wpa2,2026-05-04T00:00:00.000Z,2026-05-03T21:00:00.000Z,,TX,US,Rolling Hills Road,77303
A4:CF:12:08:1B:51,Traeger-1B51,42.3567543,-89.82128906,A4:CF:12,5,wpa2,2025-05-24T16:00:00.000Z,2025-05-25T14:00:00.000Z,,IL,US,US 20,61048
A4:CF:12:08:1B:FD,Traeger-1BFD,42.76943207,-78.78904724,A4:CF:12,5,wpa2,2023-11-19T17:00:00.000Z,2025-01-12T09:00:00.000Z,,NY,US,Pilger Place,14127
A4:CF:12:08:1C:25,Traeger-1C25,40.7080307,-111.90354919,A4:CF:12,5,wpa2,2026-02-09T15:00:00.000Z,2026-02-09T17:00:00.000Z,South Salt Lake,UT,US,I 15,84115
A4:CF:12:08:1C:4D,Traeger-1C4D,45.00812912,-93.01552582,A4:CF:12,5,wep,2025-01-17T18:00:00.000Z,2025-01-17T12:00:00.000Z,Maplewood,MN,US,Laurie Road,55109
A4:CF:12:08:1C:85,Traeger-1C85,40.04751205,-105.24442291,A4:CF:12,5,wpa2,2023-10-13T23:00:00.000Z,2026-07-28T22:00:00.000Z,Boulder,CO,US,Saint John's Avenue,80303-1229
A4:CF:12:08:1E:99,Traeger-1E99,42.06710815,-104.16985321,A4:CF:12,5,wpa2,2024-09-13T12:00:00.000Z,2024-09-13T05:00:00.000Z,Torrington,WY,US,Hillcrest Drive,82224
A4:CF:12:08:1F:1D,Traeger-1F1D,27.69825935,-97.38135529,A4:CF:12,5,wpa2,2025-12-07T21:00:00.000Z,2025-12-07T23:00:00.000Z,Corpus Christi,TX,US,Crestwick Drive,78413
A4:CF:12:08:1F:41,Traeger-1F41,36.34469604,-94.25379181,A4:CF:12,5,wpa2,2024-09-02T02:00:00.000Z,2026-05-02T19:00:00.000Z,,AR,US,Greenhouse Road,72712
A4:CF:12:08:21:F9,Traeger-21F9,41.14849472,-111.93040466,A4:CF:12,5,wpa2,2020-03-25T17:00:00.000Z,2025-04-13T15:00:00.000Z,,UT,US,US 89,84405
A4:CF:12:08:22:C1,Traeger-22C1,41.733078,-95.70680237,A4:CF:12,5,wpa2,2024-09-12T22:00:00.000Z,2024-11-04T23:00:00.000Z,,IA,US,Weare Street,51579
A4:CF:12:0A:2E:C1,Manusa-0A2EC0,38.75653839,-9.1399622,A4:CF:12,1,wpa2,2025-04-17T12:00:00.000Z,2025-06-07T02:00:00.000Z,Lisboa,Lisboa,PT,Avenida do Rio de Janeiro,1700-331
A4:CF:12:0A:39:59,Flex ZIR-100-211-3958,29.9313736,-95.7033844,A4:CF:12,1,none,2026-05-31T19:00:00.000Z,2026-06-01T09:00:00.000Z,,TX,US,Cornerstone Arbor Drive,77433
A4:CF:12:0A:3A:79,Flex ZIR-100-211-3A78,42.08714676,-88.14104462,A4:CF:12,1,unknown,2026-02-12T17:00:00.000Z,2026-08-25T19:00:00.000Z,,IL,US,North Barrington Road,60192
A4:CF:12:0A:9C:E1,ESP32OBD2,38.98305511,-77.41978455,A4:CF:12,11,unknown,2020-01-14T21:00:00.000Z,2024-11-16T06:00:00.000Z,,VA,US,Platform Plaza,20166
A4:CF:12:0A:C3:89,WiBo-CMC-Box,47.0639534,15.43041992,A4:CF:12,1,wpa2,2026-05-20T16:00:00.000Z,2026-05-22T01:00:00.000Z,Graz,Steiermark,AT,Bethlehemgasse,8020
A4:CF:12:0A:C3:91,WiBo-CMC-Box,51.89980698,-2.09038305,A4:CF:12,1,wpa2,2020-02-21T19:00:00.000Z,2025-11-27T05:00:00.000Z,,England,GB,Malvern Road,GL50 2NR
A4:CF:12:0B:22:C1,GoldLink-c022b12cfa4,8.39796638,98.7443161,A4:CF:12,5,wpa2,2025-06-07T05:00:00.000Z,2025-09-20T08:00:00.000Z,,จังหวัดกระบี่,TH,4009,81110
A4:CF:12:0B:31:8D,Traeger-318D,47.73394775,-116.92447662,A4:CF:12,5,wpa2,2026-05-30T22:00:00.000Z,2026-07-18T15:00:00.000Z,,ID,US,East Bogie Drive,83877-0010
A4:CF:12:0B:31:91,Traeger-3191,40.06666946,-104.56539917,A4:CF:12,4,wpa2,2025-01-15T22:00:00.000Z,2025-01-17T07:00:00.000Z,,CO,US,County Road 53,
A4:CF:12:0B:32:21,Traeger-3221,39.63486862,-119.71456909,A4:CF:12,5,wpa2,2025-03-25T02:00:00.000Z,2026-07-12T22:00:00.000Z,Sparks,NV,US,Pyramid Way,89441
A4:CF:12:0B:32:81,Traeger-3281,33.54371262,-117.15978241,A4:CF:12,5,wpa2,2024-12-18T12:00:00.000Z,2024-12-18T05:00:00.000Z,Murrieta,CA,US,Kingwood Road,92390
A4:CF:12:0B:33:DD,Traeger-33DD,43.62637329,-111.96291351,A4:CF:12,5,wpa2,2026-01-03T21:00:00.000Z,2026-08-26T15:00:00.000Z,,ID,US,East 145th North,83454
A4:CF:12:0B:33:E1,Traeger-33E1,34.01554108,-84.43896484,A4:CF:12,5,wpa2,2023-12-02T21:00:00.000Z,2026-01-15T11:00:00.000Z,,GA,US,Post Oak Tritt Road Northeast,30075
A4:CF:12:0B:34:11,Traeger-3411,36.00957489,-95.99932861,A4:CF:12,5,wpa2,2026-02-10T21:00:00.000Z,2026-02-11T11:00:00.000Z,,OK,US,Creek Turnpike,74037
A4:CF:12:0B:34:3D,Traeger-343D,47.72053909,-116.83609772,A4:CF:12,5,wpa2,2025-08-25T11:00:00.000Z,2025-08-25T06:00:00.000Z,Coeur d'Alene,ID,US,Holmes Road,83815
A4:CF:12:0B:35:8D,Traeger-358D,36.79914856,-119.64610291,A4:CF:12,5,wpa2,2026-08-22T04:00:00.000Z,2026-08-28T23:00:00.000Z,,CA,US,DeWolf Avenue,93737
A4:CF:12:0B:36:69,Traeger-3669,45.10100937,-123.14278412,A4:CF:12,5,wpa2,2025-06-15T21:00:00.000Z,2026-08-26T08:00:00.000Z,,OR,US,Southeast Eola Hills Road,
A4:CF:12:0B:39:55,Traeger-3955,41.63262939,-93.78250885,A4:CF:12,5,wpa2,2026-02-17T18:00:00.000Z,2026-02-17T11:00:00.000Z,Urbandale,IA,US,121st Street,50323
A4:CF:12:0B:39:5D,Traeger-395D,37.13493347,-113.61590576,A4:CF:12,5,wpa2,2026-04-12T00:00:00.000Z,2026-08-09T13:00:00.000Z,St. George,UT,US,Snow Canyon Parkway,84770
A4:CF:12:0B:39:65,Traeger-3965,40.34728241,-75.39276886,A4:CF:12,5,wpa2,2024-10-16T22:00:00.000Z,2024-10-16T17:00:00.000Z,Salford Township,PA,US,Ridge Road,18971
A4:CF:12:0B:39:E5,Traeger-39E5,41.19077301,-112.06607056,A4:CF:12,5,wpa2,2025-12-18T21:00:00.000Z,2025-12-18T15:00:00.000Z,West Haven,UT,US,West 4000 South,84067
A4:CF:12:0B:3B:41,Traeger-3B41,28.35993958,-80.81277466,A4:CF:12,5,wpa2,2025-02-16T23:00:00.000Z,2025-02-18T17:00:00.000Z,,FL,US,King Street,32926
A4:CF:12:0B:3D:15,Traeger-3D15,47.93862534,-122.10651398,A4:CF:12,5,wpa2,2025-12-17T21:00:00.000Z,2026-04-10T11:00:00.000Z,,WA,US,Bickford Avenue,98291
A4:CF:12:0B:3D:CD,Traeger-3DCD,43.98020935,-69.98563385,A4:CF:12,5,wpa2,2023-12-15T19:00:00.000Z,2025-01-12T12:00:00.000Z,,ME,US,Meadow Road,04086
A4:CF:12:0B:3E:50,,47.22040176,-122.29712677,A4:CF:12,1,wpa2,2026-08-11T14:00:00.000Z,2026-08-12T18:00:00.000Z,,WA,US,Meridian Avenue East,98372
A4:CF:12:0B:3E:79,Traeger-3E79,45.2863884,-123.8227005,A4:CF:12,5,wpa2,2025-08-27T18:00:00.000Z,2026-07-03T11:00:00.000Z,,OR,US,Oregon Coast Highway,
A4:CF:12:0B:40:49,Traeger-4049,32.06234741,-110.70607758,A4:CF:12,5,wpa2,2025-04-15T22:00:00.000Z,2025-05-20T20:00:00.000Z,,AZ,US,South High Bluff Drive,85641
A4:CF:12:0B:40:BD,Traeger-40BD,47.03506088,-122.29579163,A4:CF:12,5,wpa2,2023-12-08T01:00:00.000Z,2025-10-09T18:00:00.000Z,,WA,US,East Meridian Avenue,09339
A4:CF:12:0B:40:C1,Traeger-40C1,45.39002609,-122.77922058,A4:CF:12,5,wpa2,2025-03-20T16:00:00.000Z,2025-04-02T19:00:00.000Z,,OR,US,Southwest Chippewa Trail,97062
A4:CF:12:0B:42:F5,Traeger-42F5,36.21131134,-115.28999329,A4:CF:12,5,wpa2,2025-12-25T23:00:00.000Z,2025-12-28T18:00:00.000Z,Las Vegas,NV,US,Del Webb Boulevard,89129-7260
A4:CF:12:0B:43:A1,Traeger-43A1,43.81716537,-111.77566528,A4:CF:12,5,wpa2,2026-08-12T04:00:00.000Z,2026-08-11T23:00:00.000Z,,ID,US,South 3rd East,83440
A4:CF:12:0B:44:F9,Traeger-44F9,46.80690002,-100.88544464,A4:CF:12,5,wpa2,2026-05-10T19:00:00.000Z,2026-05-26T15:00:00.000Z,,ND,US,19th Street Southeast,58554
A4:CF:12:0B:46:75,Traeger-4675,39.61080551,-119.70855713,A4:CF:12,5,wpa2,2025-07-14T05:00:00.000Z,2025-07-13T23:00:00.000Z,,NV,US,Evening Shadows Drive,98436
A4:CF:12:0B:47:99,Traeger-4799,49.93314743,-97.99781036,A4:CF:12,5,wpa2,2025-03-22T04:00:00.000Z,2025-03-22T02:00:00.000Z,Rural Municipality of Portage la Prairie,Manitoba,CA,Sixth Street,R0H 0Y0
A4:CF:12:0B:47:B1,Traeger-47B1,33.61823273,-117.66146088,A4:CF:12,5,wpa2,2024-10-15T17:00:00.000Z,2024-10-15T14:00:00.000Z,Mission Viejo,CA,US,Avenida Columbia,92691
A4:CF:12:0B:49:D9,Traeger-49D9,39.52904129,-104.9575119,A4:CF:12,5,wpa2,2026-08-19T15:00:00.000Z,2026-08-25T01:00:00.000Z,,CO,US,Canyon Crest Drive,80126
A4:CF:12:0B:4B:0D,Traeger-4B0D,35.65208817,-97.52361298,A4:CF:12,5,wpa2,2026-05-07T19:00:00.000Z,2026-08-29T12:00:00.000Z,Oklahoma City,OK,US,Northwest 178th Street,73003
A4:CF:12:0B:4B:AD,Traeger-4BAD,39.10180283,-94.81367493,A4:CF:12,5,wpa2,2025-12-22T13:00:00.000Z,2025-12-22T06:00:00.000Z,,KS,US,Riverview Avenue,66012
A4:CF:12:0B:4D:49,Traeger-4D49,47.4181366,-123.13136292,A4:CF:12,5,wpa2,2021-07-02T05:00:00.000Z,2026-06-25T18:00:00.000Z,,WA,US,US 101,98555
A4:CF:12:0B:4F:79,Traeger-4F79,42.31017303,-71.18649292,A4:CF:12,5,wpa2,2026-06-21T02:00:00.000Z,2026-06-20T19:00:00.000Z,Newton,MA,US,Burdean Road,02459
A4:CF:12:0B:51:45,Traeger-5145,32.80319595,-116.94671631,A4:CF:12,5,wpa2,2024-12-26T03:00:00.000Z,2024-12-25T19:00:00.000Z,El Cajon,CA,US,I 8,92020
A4:CF:12:0B:51:D1,Traeger-51D1,45.20681381,-123.21961212,A4:CF:12,5,wpa2,2025-04-11T16:00:00.000Z,2025-04-11T09:00:00.000Z,,OR,US,Southwest Cypress Street,97128
A4:CF:12:0B:53:ED,Traeger-53ED,37.66691589,-120.94010162,A4:CF:12,5,wpa2,2023-03-25T12:00:00.000Z,2026-08-21T06:00:00.000Z,Modesto,CA,US,East Briggsmore Avenue,95355
A4:CF:12:0B:55:71,Traeger-5571,44.05265808,-123.01948547,A4:CF:12,5,wpa2,2025-06-02T01:00:00.000Z,2026-03-21T21:00:00.000Z,Springfield,OR,US,B Street,97477-2635
A4:CF:12:0B:56:75,Traeger-5675,46.00492096,-95.56396484,A4:CF:12,5,wpa2,2025-12-11T03:00:00.000Z,2025-12-18T10:00:00.000Z,,MN,US,County Road 7 Northwest,56315
A4:CF:12:0B:57:69,Traeger-5769,47.66788101,-117.07765198,A4:CF:12,5,wpa2,2026-08-27T19:00:00.000Z,2026-08-27T15:00:00.000Z,,WA,US,East Sharp Avenue,99019
A4:CF:12:0B:57:F5,Traeger-57F5,37.54294586,-97.32527924,A4:CF:12,5,wpa2,2024-04-07T14:00:00.000Z,2025-06-23T20:00:00.000Z,,KS,US,Kansas Turnpike,67060
A4:CF:12:0B:58:35,Traeger-5835,39.97121429,-86.1053009,A4:CF:12,5,wpa2,2024-11-04T18:00:00.000Z,2026-06-20T01:00:00.000Z,,IN,US,East 126th Street,46033
A4:CF:12:0B:59:65,Traeger-5965,29.75098801,-95.56718445,A4:CF:12,5,wpa2,2025-09-19T19:00:00.000Z,2025-11-05T16:00:00.000Z,Houston,TX,US,Walnut Bend Lane,77042
A4:CF:12:0B:5A:1D,Traeger-5A1D,29.69679451,-95.47621918,A4:CF:12,5,wpa2,2026-01-10T17:00:00.000Z,2026-04-16T18:00:00.000Z,Bellaire,TX,US,Chimney Rock Road,77402
A4:CF:12:0B:5B:01,Traeger-5B01,39.16769409,-108.71190643,A4:CF:12,5,wpa2,2026-04-11T19:00:00.000Z,2026-06-06T16:00:00.000Z,,CO,US,Aquarius Avenue,81521
A4:CF:12:0B:5B:61,Traeger-5B61,45.76979065,-108.56839752,A4:CF:12,5,wpa2,2026-01-22T21:00:00.000Z,2026-09-02T19:00:00.000Z,Billings,MT,US,Central Avenue,59102
A4:CF:12:0B:5B:E9,Traeger-5BE9,42.79029846,-106.44620514,A4:CF:12,5,wpa2,2024-12-04T23:00:00.000Z,2024-12-04T16:00:00.000Z,Casper,WY,US,Highway 220,82604
A4:CF:12:0B:5C:C9,Traeger-5CC9,45.56248856,-122.65061951,A4:CF:12,5,wpa2,2026-07-11T05:00:00.000Z,2026-07-11T15:00:00.000Z,Portland,OR,US,Northeast 14th Place,97211
A4:CF:12:0B:5C:D5,Traeger-5CD5,37.66310883,-113.13919067,A4:CF:12,5,wpa2,2024-11-30T00:00:00.000Z,2024-11-29T20:00:00.000Z,,UT,US,West 800 South,84728
A4:CF:12:0B:5D:21,Traeger-5D21,47.22809601,-122.45659637,A4:CF:12,5,wpa2,2023-09-27T06:00:00.000Z,2025-11-07T00:00:00.000Z,Tacoma,WA,US,South 35th Street,98418-3920
A4:CF:12:0B:5D:ED,Traeger-5DED,38.33886337,-120.77043915,A4:CF:12,5,wpa2,2024-10-07T06:00:00.000Z,2024-10-07T01:00:00.000Z,,CA,US,Michelle Drive,95642-9523
A4:CF:12:0B:5F:41,Traeger-5F41,47.89740753,-117.35227203,A4:CF:12,5,none,2020-02-28T17:00:00.000Z,2026-08-31T13:00:00.000Z,,WA,US,North Newport Highway,
A4:CF:12:0B:5F:D5,Traeger-5FD5,40.7177124,-116.11006165,A4:CF:12,5,wpa2,2025-02-27T00:00:00.000Z,2026-02-03T00:00:00.000Z,,NV,US,Chestnut Street,
A4:CF:12:0B:5F:F5,Traeger-5FF5,36.07475281,-115.05233765,A4:CF:12,5,wpa2,2024-01-24T19:00:00.000Z,2024-09-16T15:00:00.000Z,Henderson,NV,US,Whitney Ranch Drive,89014-2612
A4:CF:12:0B:74:D4,,27.72349167,-82.64151764,A4:CF:12,5,unknown,2025-11-06T00:00:00.000Z,2025-11-06T12:00:00.000Z,Saint Petersburg,FL,US,6th Street South,33705
A4:CF:12:0C:B2:3C,,45.62607193,-73.59858704,A4:CF:12,0,unknown,2022-02-24T19:00:00.000Z,2025-03-08T09:00:00.000Z,Montréal,Québec,CA,Boulevard Maurice-Duplessis,H1E 5M9
A4:CF:12:0D:33:BD,,-43.54066467,172.68418884,A4:CF:12,1,wpa2,2026-05-30T04:00:00.000Z,2026-05-30T00:00:00.000Z,Christchurch,Canterbury,NZ,Linwood Avenue,8062
A4:CF:12:0D:B9:F1,Mysa-0db9f0,47.49967575,-122.2027359,A4:CF:12,1,none,2022-12-04T13:00:00.000Z,2026-05-16T13:00:00.000Z,,WA,US,North Southport Drive,18663-1629:18670-0775:18670-0777
A4:CF:12:0D:C0:1D,Mysa-0dc01c,45.47988892,-75.70404816,A4:CF:12,6,unknown,2025-09-30T18:00:00.000Z,2025-09-30T13:00:00.000Z,Gatineau,Québec,CA,Rue Lachapelle,J8T 5G7
A4:CF:12:0D:E9:89,Bohumín čerpací stanice-plea,49.90133667,18.36051941,A4:CF:12,1,unknown,2023-09-23T08:00:00.000Z,2025-09-13T12:00:00.000Z,Bohumín,Moravskoslezsko,CZ,Nádražní,73581
A4:CF:12:0D:E9:D1,COV FRYDLANTSKA,50.83813477,15.04308796,A4:CF:12,1,unknown,2023-08-10T17:00:00.000Z,2025-06-08T03:00:00.000Z,,Severovýchod,CZ,Frýdlantská,46331
A4:CF:12:0D:EA:C5,Stanice medicinalniho CO2,50.07159424,14.42757893,A4:CF:12,1,unknown,2022-10-09T17:00:00.000Z,2024-11-24T08:00:00.000Z,Hlavní město Praha,Praha,CZ,Apolinářská,12132
A4:CF:12:0D:F0:2D,ČSOV E. Dvořákové Teplice,50.65581512,13.83467102,A4:CF:12,1,unknown,2024-02-22T13:00:00.000Z,2026-05-16T12:00:00.000Z,Teplice,Severozápad,CZ,Emilie Dvořákové,41501
A4:CF:12:0D:F0:51,Mnisek u Skolky,50.82974625,15.05050278,A4:CF:12,1,unknown,2023-08-10T17:00:00.000Z,2026-07-18T00:00:00.000Z,,Severovýchod,CZ,Liberecká,46331
A4:CF:12:0D:F3:35,GSM RB,50.77949524,15.42118931,A4:CF:12,1,unknown,2021-04-18T15:00:00.000Z,2026-05-11T03:00:00.000Z,Harrachov,Severovýchod,CZ,01021,51246
A4:CF:12:0D:F4:1D,Aestea - rezervní zdroje medip,49.7470665,13.38088322,A4:CF:12,1,unknown,2023-01-28T15:00:00.000Z,2026-09-02T05:00:00.000Z,Plzeň,Jihozápad,CZ,Pallova,301 12
A4:CF:12:0D:F4:ED,DIN4,49.14741516,16.87632561,A4:CF:12,1,unknown,2022-08-06T10:00:00.000Z,2025-05-30T14:00:00.000Z,,Jihovýchod,CZ,Československé armády,68401
A4:CF:12:0D:F4:FD,Neutralizace Praha,50.04310226,14.43891048,A4:CF:12,1,unknown,2025-09-13T22:00:00.000Z,2026-04-20T08:00:00.000Z,Hlavní město Praha,Praha,CZ,Na Strži,14000
A4:CF:12:0D:F5:99,DIN4,49.7547226,18.05181885,A4:CF:12,1,unknown,2022-06-04T14:00:00.000Z,2025-04-19T06:00:00.000Z,,Moravskoslezsko,CZ,647,74291
A4:CF:12:0D:F5:C5,DIN4,48.87798309,19.22473145,A4:CF:12,1,unknown,2023-05-25T13:00:00.000Z,2025-05-31T01:00:00.000Z,,Banskobystrický kraj,SK,,976 39
A4:CF:12:0D:F6:45,CPMONITOR,48.18989563,17.18479538,A4:CF:12,1,unknown,2023-06-30T11:00:00.000Z,2025-07-07T02:00:00.000Z,Bratislava,Bratislavský kraj,SK,Stará Vajnorská,830 06
A4:CF:12:0D:F6:95,SCHRANKE,47.39510345,11.80040073,A4:CF:12,1,unknown,2023-03-18T09:00:00.000Z,2025-04-12T13:00:00.000Z,Gemeinde Strass im Zillertal,Tirol,AT,Tiroler Straße,6261
A4:CF:12:0D:F8:F5,DIN4,48.91048431,18.16658211,A4:CF:12,1,unknown,2022-06-22T13:00:00.000Z,2024-11-14T11:00:00.000Z,,Trenčiansky kraj,SK,Gen. M. R. Štefánika,91451
A4:CF:12:0D:F9:C9,Vodovod,49.52763748,16.69558144,A4:CF:12,1,unknown,2024-11-02T11:00:00.000Z,2024-11-03T16:00:00.000Z,,Jihovýchod,CZ,,67934
A4:CF:12:0D:FD:95,Koupaliště HB,49.61759567,15.58279133,A4:CF:12,1,unknown,2026-06-14T09:00:00.000Z,2026-06-14T04:00:00.000Z,,Jihovýchod,CZ,U Cihláře,58001
A4:CF:12:0D:FD:CD,Trane GSM Kluziště Vyšehrad,50.07376862,14.42636108,A4:CF:12,1,unknown,2023-12-28T08:00:00.000Z,2026-02-14T23:00:00.000Z,Hlavní město Praha,Praha,CZ,Ke Karlovu,12000
A4:CF:12:0E:02:59,Mysa-0e0258,42.25083542,-71.97844696,A4:CF:12,1,unknown,2022-05-30T16:00:00.000Z,2025-03-08T20:00:00.000Z,,MA,US,Main Street,01562
A4:CF:12:0E:05:1D,CFX3_0e051c,50.50236511,7.22417068,A4:CF:12,1,wpa2,2025-07-15T12:00:00.000Z,2025-07-15T09:00:00.000Z,,Rheinland-Pfalz,DE,A 61,53489
A4:CF:12:0E:05:31,Beef 46L,-37.8284111,144.79090881,A4:CF:12,1,wpa2,2024-05-23T06:00:00.000Z,2026-03-19T14:00:00.000Z,Melbourne,Victoria,AU,Dohertys Road,3026
A4:CF:12:0E:06:55,CFX3_0e0654,53.40989685,-2.66832948,A4:CF:12,1,wpa2,2026-05-01T09:00:00.000Z,2026-08-19T19:00:00.000Z,,England,GB,Skyline Drive,WA5 3UY
A4:CF:12:0E:06:59,Jacko's Fridge,-33.80993652,151.08699036,A4:CF:12,1,wpa2,2025-06-05T02:00:00.000Z,2026-07-11T01:00:00.000Z,Sydney,New South Wales,AU,Gaza Road,2114
A4:CF:12:0E:0B:85,Mysa-0e0b84,47.97337723,-122.18917084,A4:CF:12,1,unknown,2026-02-06T15:00:00.000Z,2026-02-06T07:00:00.000Z,Everett,WA,US,31st Drive,98120
A4:CF:12:0E:10:85,T009_0E1084,45.30428696,14.1934557,A4:CF:12,11,unknown,2020-05-15T17:00:00.000Z,2025-01-30T03:00:00.000Z,,Primorsko-goranska županija,HR,5047,52434
A4:CF:12:0E:15:F5,T009_0E15F4,45.59058762,8.54240704,A4:CF:12,1,unknown,2025-12-29T09:00:00.000Z,2025-12-29T02:00:00.000Z,,Piemonte,IT,Strada Provinciale 229 del Lago d'Orta,28015
A4:CF:12:0E:25:61,Mysa-0e2560,47.71856308,-122.17069244,A4:CF:12,6,unknown,2025-10-02T01:00:00.000Z,2025-10-01T18:00:00.000Z,,WA,US,Northeast 132nd Street,98034
A4:CF:12:0E:71:45,ESP32WAA4CF120E7144,39.98746872,-86.1889801,A4:CF:12,1,unknown,2026-07-19T22:00:00.000Z,2026-07-20T06:00:00.000Z,,IN,US,Danube Drive,46032
A4:CF:12:0E:E5:09,ONwheel-3008,51.00669479,6.78333139,A4:CF:12,1,wpa2,2025-07-20T11:00:00.000Z,2025-07-23T09:00:00.000Z,,Nordrhein-Westfalen,DE,Venloer Straße,50259
A4:CF:12:0E:E7:E9,ONwheel-1115,41.21637726,9.44037247,A4:CF:12,1,wpa2,2025-06-17T13:00:00.000Z,2025-06-20T06:00:00.000Z,,Sardigna/Sardegna,IT,Via Amerigo Vespucci,07024
A4:CF:12:0F:12:D4,,30.63319016,-97.68379974,A4:CF:12,0,unknown,2025-03-11T08:00:00.000Z,2025-03-11T18:00:00.000Z,,TX,US,West University Avenue,78626
A4:CF:12:0F:53:1D,Mysa-0f531c,38.34036636,-75.08393097,A4:CF:12,6,unknown,2026-02-22T21:00:00.000Z,2026-08-10T17:00:00.000Z,Ocean City,MD,US,North Saint Louis Avenue,21842
A4:CF:12:0F:5B:29,Mysa-0f5b28,48.65185928,-53.11432266,A4:CF:12,1,unknown,2026-08-07T12:00:00.000Z,2026-08-07T05:00:00.000Z,,Newfoundland and Labrador,CA,,A0C 1B0
A4:CF:12:0F:5E:85,OeasyACS9645058,22.68748856,113.77181244,A4:CF:12,6,unknown,2025-06-12T01:00:00.000Z,2025-06-12T17:00:00.000Z,宝安区,广东省,CN,展云路,518100
A4:CF:12:0F:CB:94,,36.23132324,-115.31933594,A4:CF:12,0,unknown,2025-05-21T08:00:00.000Z,2025-05-23T18:00:00.000Z,Las Vegas,NV,US,Delray Beach Avenue,89129
A4:CF:12:0F:CE:55,XMAS-218775,39.33695602,-78.74871063,A4:CF:12,1,unknown,2025-11-01T17:00:00.000Z,2025-11-01T17:00:00.000Z,,WV,US,East Main Street,26757
A4:CF:12:0F:D3:48,,34.12708282,-117.82112122,A4:CF:12,11,none,2026-08-19T15:00:00.000Z,2026-08-20T00:00:00.000Z,Glendora,CA,US,Route 66,91740-4507
A4:CF:12:0F:D3:F0,,40.31531525,-104.60214233,A4:CF:12,5,unknown,2025-10-16T19:00:00.000Z,2025-10-17T08:00:00.000Z,,CO,US,Weld County Parkway,
A4:CF:12:0F:DF:4C,,35.32878876,-94.41988373,A4:CF:12,1,unknown,2026-07-18T17:00:00.000Z,2026-07-18T19:00:00.000Z,Fort Smith,AR,US,Zero Street,72901
A4:CF:12:10:03:38,,40.20157242,-77.20822144,A4:CF:12,11,none,2026-08-31T10:00:00.000Z,2026-08-31T07:00:00.000Z,,PA,US,South Orange Street,17013
A4:CF:12:10:09:88,,29.60229683,-82.4224472,A4:CF:12,6,none,2026-08-19T07:00:00.000Z,2026-08-19T23:00:00.000Z,,FL,US,Southwest 75th Street,32608
A4:CF:12:10:18:F0,,42.61423874,-70.83901215,A4:CF:12,0,unknown,2025-11-14T05:00:00.000Z,2026-07-16T14:00:00.000Z,,MA,US,Bridge Street,01936
A4:CF:12:10:1A:4C,,47.40397263,-122.22154999,A4:CF:12,1,wpa2,2026-07-18T23:00:00.000Z,2026-08-04T21:00:00.000Z,,WA,US,Valley Freeway,98031
A4:CF:12:10:27:6D,ESP_10276D,26.19966316,-80.24820709,A4:CF:12,1,none,2025-06-30T22:00:00.000Z,2025-09-22T12:00:00.000Z,,FL,US,Northwest 61st Street,33321
A4:CF:12:10:35:01,ESP_103501,41.14027023,-104.80686188,A4:CF:12,1,unknown,2025-04-11T21:00:00.000Z,2025-10-05T11:00:00.000Z,Cheyenne,WY,US,East 20th Street,82001-3733
A4:CF:12:10:39:01,Garbage-Detector,37.44483185,-122.18202209,A4:CF:12,1,wpa2,2025-09-21T19:00:00.000Z,2025-09-29T21:00:00.000Z,,CA,US,Middle Avenue,94025
A4:CF:12:10:44:48,,34.26685333,-118.72433472,A4:CF:12,11,none,2026-08-23T18:00:00.000Z,2026-08-23T19:00:00.000Z,Simi Valley,CA,US,Royal Avenue,93063-2364
A4:CF:12:10:4B:41,ESP_104B41,34.84604263,-77.52616882,A4:CF:12,1,unknown,2024-10-24T00:00:00.000Z,2024-10-23T18:00:00.000Z,,NC,US,Northwest Bridge Road,28540
A4:CF:12:10:5E:88,PMS876,34.13402176,-118.35680389,A4:CF:12,10,unknown,2025-08-17T01:00:00.000Z,2025-09-06T11:00:00.000Z,Los Angeles,CA,US,Hollywood Freeway,91608
A4:CF:12:10:83:3C,,36.13323212,-115.06317902,A4:CF:12,0,unknown,2025-05-14T00:00:00.000Z,2025-05-16T15:00:00.000Z,,NV,US,,89121-2510
A4:CF:12:10:87:98,,40.87065887,-74.10076141,A4:CF:12,6,none,2026-08-23T19:00:00.000Z,2026-08-23T17:00:00.000Z,,NJ,US,Grand Street,07026:07644
A4:CF:12:10:8D:DC,,29.1280117,-82.20783234,A4:CF:12,11,none,2026-08-29T10:00:00.000Z,2026-08-29T10:00:00.000Z,Ocala,FL,US,FL 200,34476
A4:CF:12:10:B8:71,ESP_10B871,36.86907959,-76.16481018,A4:CF:12,1,unknown,2023-10-07T23:00:00.000Z,2024-11-10T18:00:00.000Z,Virginia Beach,VA,US,Justin Court,23462
A4:CF:12:11:64:4D,ESP_11644D,41.32759476,-73.01036072,A4:CF:12,1,none,2026-07-30T11:00:00.000Z,2026-07-30T05:00:00.000Z,,CT,US,Tumblebrook Road,06525
A4:CF:12:11:6A:6D,ESP_116A6D,33.43685913,-112.15254211,A4:CF:12,1,unknown,2025-08-01T13:00:00.000Z,2025-08-01T08:00:00.000Z,Phoenix,AZ,US,West Buckeye Road,85009
A4:CF:12:11:6A:D0,,39.75621033,-85.92723083,A4:CF:12,11,wpa2,2026-06-23T21:00:00.000Z,2026-06-23T14:00:00.000Z,Indianapolis,IN,US,West 200 S,46163
A4:CF:12:11:93:99,CFMSST_AS100499,48.72774124,21.2539959,A4:CF:12,7,wpa2,2025-02-06T11:00:00.000Z,2025-03-28T00:00:00.000Z,,Košický kraj,SK,Strojárenská,04265
A4:CF:12:11:C6:C1,CFMTDU_71HL0068,59.91207504,10.75678062,A4:CF:12,6,wpa2,2021-03-12T15:00:00.000Z,2026-05-01T01:00:00.000Z,Oslo,Sentrum,NO,162;Ring 1,0185
A4:CF:12:11:C6:CD,CFMTDU_71TR0050,53.33657074,-6.26327372,A4:CF:12,2,wpa2,2022-08-05T16:00:00.000Z,2024-11-29T10:00:00.000Z,Dublin,Leinster,IE,Harcourt Street,D02 VH98
A4:CF:12:11:C7:01,CFMTDU_71T80140,39.32923126,16.24148369,A4:CF:12,10,wpa2,2025-10-13T08:00:00.000Z,2025-10-13T02:00:00.000Z,,Calabria,IT,Via N. Lenin,87036
A4:CF:12:11:C7:31,CFMTDU_71TU0575,40.18001175,44.52333069,A4:CF:12,4,wpa2,2024-03-12T07:00:00.000Z,2025-05-28T02:00:00.000Z,Երևան,Կամար,AM,Սայաթ-Նովայի պողոտա,0100
A4:CF:12:11:C7:B1,CFMTDU_71TU0588,52.2340126,20.93310547,A4:CF:12,10,wpa2,2023-08-30T15:00:00.000Z,2025-08-29T12:00:00.000Z,Warszawa,województwo mazowieckie,PL,Jana Olbrachta,01-102
A4:CF:12:11:C8:09,CFMTDU_71HB0163,52.57068634,13.33038139,A4:CF:12,11,wpa2,2025-07-16T08:00:00.000Z,2025-07-16T12:00:00.000Z,Berlin,Reinickendorf,DE,Ollenhauerstraße,13403
A4:CF:12:11:C8:29,CFMTDU_71HB0199,52.38947678,13.07384014,A4:CF:12,9,wpa2,2025-09-17T13:00:00.000Z,2025-09-17T08:00:00.000Z,Potsdam,Brandenburg,DE,Friedrich-Engels-Straße,14473
A4:CF:12:11:C8:75,CFMTDU_71RU0243,48.91468811,2.44037127,A4:CF:12,11,wpa2,2026-01-14T17:00:00.000Z,2026-01-14T11:00:00.000Z,,Île-de-France,FR,Avenue Louis Aragon,93000
A4:CF:12:11:C8:89,CFMTDU_71HM0094,47.47416306,-0.56816119,A4:CF:12,9,wpa2,2026-08-31T12:00:00.000Z,2026-08-31T07:00:00.000Z,Angers,Pays de la Loire,FR,Rue Saint-Jacques,49035
A4:CF:12:11:C8:E9,CFMTDU_71TU0666,40.19920731,-8.40289783,A4:CF:12,1,wpa2,2024-03-14T11:00:00.000Z,2026-05-21T16:00:00.000Z,Santo António dos Olivais,Coimbra,PT,Estrada da Beira,3030-173
A4:CF:12:11:C9:05,CFMTDU_71T80178,43.53909683,-5.66588163,A4:CF:12,4,wpa2,2024-11-06T15:00:00.000Z,2025-01-09T12:00:00.000Z,,Asturias / Asturies,ES,Calle Palacio Valdés,33206
A4:CF:12:11:C9:29,CFMTDU_71TU0528,52.2023735,20.91499138,A4:CF:12,1,wpa2,2023-02-24T11:00:00.000Z,2026-08-10T08:00:00.000Z,Warszawa,województwo mazowieckie,PL,Bolesława Chrobrego,02-479
A4:CF:12:11:C9:41,CFMTDU_71TU0253,52.2466774,21.06140518,A4:CF:12,4,wpa2,2020-10-07T15:00:00.000Z,2025-08-06T11:00:00.000Z,Warszawa,województwo mazowieckie,PL,Grochowska,03-823
A4:CF:12:11:CC:55,CFMTDU_71HB0159,47.80192566,13.04529381,A4:CF:12,5,wpa2,2025-02-27T10:00:00.000Z,2025-02-27T02:00:00.000Z,Salzburg,Salzburg,AT,Linzer Gasse,5020
A4:CF:12:11:E1:7D,CFMSST_AM101130,-31.87146378,115.94504547,A4:CF:12,8,wpa2,2025-05-09T06:00:00.000Z,2025-07-21T01:00:00.000Z,,Western Australia,AU,Hull Way,6063
A4:CF:12:11:E3:05,T009_11E304,51.34300613,4.97347164,A4:CF:12,6,none,2025-09-03T13:00:00.000Z,2026-07-03T06:00:00.000Z,,Antwerpen,BE,Steenweg op Ravels,2360
A4:CF:12:11:E3:E9,CFMTDU_71T80128,40.83234024,14.24957085,A4:CF:12,6,wpa2,2025-03-21T16:00:00.000Z,2025-03-21T11:00:00.000Z,Napoli,Campania,IT,Via Raffaele De Cesare,80132
A4:CF:12:11:E3:F5,CFMTDU_71MA0022,33.56499863,-7.64738417,A4:CF:12,8,wpa2,2025-08-26T10:00:00.000Z,2025-08-26T04:00:00.000Z,arrondissement de Hay Hassani مقاطعة الحي الحسني,Casablanca-Settat ⵜⵉⴳⵎⵉ ⵜⵓⵎⵍⵉⵍⵜ-ⵙⵟⵟⴰⵜ الدار البيضاء-سطات,MA,Boulevard Sidi Abderrahmane,20203
A4:CF:12:11:F5:FD,CFMTDU_71HE0012,47.75630951,8.83742714,A4:CF:12,10,wpa2,2019-12-19T10:00:00.000Z,2025-12-10T03:00:00.000Z,,Baden-Württemberg,DE,Rielasinger Straße,78224
A4:CF:12:11:F7:69,CFMTDU_71HB0160,47.80207443,13.04514885,A4:CF:12,7,wpa2,2023-02-22T14:00:00.000Z,2025-02-27T02:00:00.000Z,Salzburg,Salzburg,AT,Dreifaltigkeitsgasse,5020
A4:CF:12:11:F7:E1,CFMSST_AM101099,28.13209152,-15.43296909,A4:CF:12,10,wpa2,2025-08-22T18:00:00.000Z,2025-08-22T14:00:00.000Z,Las Palmas de Gran Canaria,Las Palmas,ES,Calle Menéndez y Pelayo,35006
A4:CF:12:11:F7:E5,CFMSST_AS200114,54.76823044,11.87416553,A4:CF:12,1,wpa2,2024-08-30T10:00:00.000Z,2026-04-28T06:00:00.000Z,,Region Sjælland,DK,Nørregade,4800
A4:CF:12:12:01:0D,CFMSST_AA200196,52.20101547,6.87892294,A4:CF:12,1,wpa2,2026-03-22T06:00:00.000Z,2026-03-22T11:00:00.000Z,Enschede,Overijssel,NL,Rijksweg 35,7543AG
A4:CF:12:12:B5:B1,CFMSST_AS100488,48.66256332,20.53512192,A4:CF:12,4,wpa2,2005-05-31T21:00:00.000Z,2025-01-14T14:00:00.000Z,,Košický kraj,SK,Čučmianska dlhá,04801
A4:CF:12:13:2B:DD,EcoMonitor_pM8SEyvc,63.43386078,10.4091711,A4:CF:12,5,wpa2,2022-05-17T16:00:00.000Z,2026-07-31T04:00:00.000Z,,Trøndelag,NO,Dokkgata,7014
A4:CF:12:13:3B:19,www.sahandcs.ir,33.93148804,49.41024017,A4:CF:12,6,wpa2,2024-04-06T17:00:00.000Z,2025-03-29T08:00:00.000Z,,استان مرکزی,IR,بلوار مطهری,
A4:CF:12:13:D0:41,Sentry_D041,29.64330292,-82.35124207,A4:CF:12,3,none,2022-03-31T10:00:00.000Z,2024-09-07T22:00:00.000Z,Gainesville,FL,US,Gale Lemerand Drive,32608
A4:CF:12:13:D1:35,Sentry_D135,40.80522537,-74.17941284,A4:CF:12,8,unknown,2024-02-15T20:00:00.000Z,2025-06-06T17:00:00.000Z,,NJ,US,Fairway Court,07003
A4:CF:12:13:E4:CD,T009_13E4CC,53.07790756,6.62092113,A4:CF:12,1,none,2026-03-02T13:00:00.000Z,2026-03-02T08:00:00.000Z,,Drenthe,NL,Lindenstraat,9482PS
A4:CF:12:13:E4:E1,T009_13E4E0,51.97329712,5.68183994,A4:CF:12,1,unknown,2023-04-28T23:00:00.000Z,2025-10-08T12:00:00.000Z,,Gelderland,NL,Diedenweg,6706CK
A4:CF:12:13:E5:05,T009_13E504,52.70976639,6.53447008,A4:CF:12,11,unknown,2025-04-21T10:00:00.000Z,2025-04-22T16:00:00.000Z,Hollandscheveld,Drenthe,NL,Riegshoogtendijk,7913AZ
A4:CF:12:13:E5:19,T009_13E518,53.17711258,6.60608101,A4:CF:12,11,none,2026-07-14T14:00:00.000Z,2026-07-14T10:00:00.000Z,,Groningen,NL,Kerklaan,9751NK
A4:CF:12:13:E5:35,T009_13E534,53.19578552,5.98786736,A4:CF:12,5,unknown,2021-10-23T15:00:00.000Z,2026-05-03T05:00:00.000Z,,Fryslân,NL,Noordersingel,9251BP
A4:CF:12:13:E5:3D,T009_13E53C,50.39671707,10.02681541,A4:CF:12,1,unknown,2025-03-18T11:00:00.000Z,2025-03-21T03:00:00.000Z,Bischofsheim i.d.Rhön,Bayern,DE,Brendstraße,97653
A4:CF:12:13:E5:4D,T009_13E54C,52.6572876,6.29123926,A4:CF:12,3,none,2024-05-21T01:00:00.000Z,2026-08-16T07:00:00.000Z,,Overijssel,NL,Burgemeester van Wijngaardenstraat,7955AV
A4:CF:12:13:E5:55,T009_13E554,52.060009,4.31266642,A4:CF:12,1,none,2024-08-14T18:00:00.000Z,2025-01-02T07:00:00.000Z,Den Haag,Zuid-Holland,NL,Calandkade,2521AA
A4:CF:12:13:E6:41,T009_13E640,52.03544617,5.65713739,A4:CF:12,1,unknown,2026-03-04T12:00:00.000Z,2026-03-04T05:00:00.000Z,Ede,Gelderland,NL,Landbouwlaan,6713EJ
A4:CF:12:13:E6:61,T009_13E660,52.95124054,6.45861244,A4:CF:12,9,unknown,2025-03-24T14:00:00.000Z,2025-11-15T08:00:00.000Z,,Drenthe,NL,Korenmolen,9422LH
A4:CF:12:13:E6:AD,T009_13E6AC,51.962677,6.2123313,A4:CF:12,9,unknown,2026-03-04T23:00:00.000Z,2026-03-04T14:00:00.000Z,,Gelderland,NL,Cingelwal,7031CC
A4:CF:12:13:E7:9D,T009_13E79C,52.59749985,6.00334167,A4:CF:12,7,unknown,2026-01-21T13:00:00.000Z,2026-01-21T05:00:00.000Z,,Overijssel,NL,Kamperzeedijk,8281PC
A4:CF:12:13:E7:A5,T009_13E7A4,51.95500183,6.00527954,A4:CF:12,6,unknown,2023-02-25T09:00:00.000Z,2025-01-19T06:00:00.000Z,,Gelderland,NL,Rijksweg,6921AE
A4:CF:12:13:E7:F1,T009_13E7F0,51.34989548,4.67523098,A4:CF:12,3,unknown,2026-04-24T17:00:00.000Z,2026-04-24T14:00:00.000Z,,Antwerpen,BE,Hoogstraatsebaan,2960
A4:CF:12:13:E8:49,T009_13E848,51.97491837,5.73637772,A4:CF:12,11,unknown,2022-05-08T17:00:00.000Z,2025-07-28T17:00:00.000Z,,Gelderland,NL,Groeneweg,6871DD
A4:CF:12:13:E8:5D,T009_13E85C,51.81845093,5.84312725,A4:CF:12,11,unknown,2024-10-26T13:00:00.000Z,2024-10-28T05:00:00.000Z,Nijmegen,Gelderland,NL,Hatertseweg,6533GP
A4:CF:12:13:E8:D9,T009_13E8D8,53.28484344,5.9999361,A4:CF:12,4,unknown,2022-12-21T16:00:00.000Z,2025-11-07T14:00:00.000Z,,Fryslân,NL,Halepaad,9104BK
A4:CF:12:13:E9:2D,T009_13E92C,52.25455856,6.17097807,A4:CF:12,11,unknown,2023-11-01T09:00:00.000Z,2025-04-26T19:00:00.000Z,Deventer,Overijssel,NL,Veenweg,7417ZZ
A4:CF:12:13:E9:6D,T009_13E96C,53.23786163,6.09556913,A4:CF:12,8,unknown,2024-04-06T08:00:00.000Z,2024-11-23T07:00:00.000Z,,Fryslân,NL,De Wedze,9286EV
A4:CF:12:13:E9:B5,T009_13E9B4,52.84887695,6.35107565,A4:CF:12,9,unknown,2026-07-09T08:00:00.000Z,2026-07-09T06:00:00.000Z,,Drenthe,NL,Juliana Bernhardweg,7991RG
A4:CF:12:13:E9:F9,T009_13E9F8,51.95016098,6.01060677,A4:CF:12,4,unknown,2023-01-17T16:00:00.000Z,2025-02-25T05:00:00.000Z,,Gelderland,NL,Van Goyenstraat,6921LG
A4:CF:12:13:EA:0D,T009_13EA0C,52.07981491,5.31163359,A4:CF:12,1,unknown,2025-03-07T12:00:00.000Z,2025-03-07T07:00:00.000Z,,Utrecht,NL,Oude Postweg,3711AD
A4:CF:12:13:EA:15,T009_13EA14,51.27571106,4.04202223,A4:CF:12,8,unknown,2019-12-12T12:00:00.000Z,2026-06-12T06:00:00.000Z,,Zeeland,NL,Absdaalseweg,4561GG
A4:CF:12:13:EA:F5,T009_13EAF4,51.84576416,5.8624897,A4:CF:12,3,unknown,2020-06-13T12:00:00.000Z,2026-08-27T07:00:00.000Z,Nijmegen,Gelderland,NL,Plein 1944,6511JE
A4:CF:12:13:EB:25,T009_13EB24,51.22697067,5.85518503,A4:CF:12,3,unknown,2021-05-30T10:00:00.000Z,2026-01-03T08:00:00.000Z,,Limburg,NL,Rijksweg,6095NC
A4:CF:12:13:EB:51,T009_13EB50,51.68079758,6.17064762,A4:CF:12,8,unknown,2025-02-12T09:00:00.000Z,2025-02-13T08:00:00.000Z,,Nordrhein-Westfalen,DE,Reeser Straße,47574
A4:CF:12:13:EB:59,T009_13EB58,53.22585678,5.9999361,A4:CF:12,9,unknown,2001-06-19T14:00:00.000Z,2024-11-27T10:00:00.000Z,,Fryslân,NL,Reiddekkersstrjitte,9064
A4:CF:12:13:EB:D1,T009_13EBD0,52.04718018,4.73076248,A4:CF:12,1,unknown,2024-11-01T12:00:00.000Z,2024-11-01T06:00:00.000Z,,Zuid-Holland,NL,Valeriaan,2811RJ
A4:CF:12:13:EC:29,T009_13EC28,51.0234375,5.78485727,A4:CF:12,8,none,2025-02-02T10:00:00.000Z,2025-02-02T10:00:00.000Z,,Limburg,NL,Brugstraat,6125RC
A4:CF:12:13:ED:35,T009_13ED34,53.22470093,5.99918175,A4:CF:12,1,unknown,2021-02-04T13:00:00.000Z,2026-07-24T10:00:00.000Z,,Fryslân,NL,It Heech,9257WS
A4:CF:12:13:ED:55,T009_13ED54,51.69501877,5.6672473,A4:CF:12,11,unknown,2026-07-13T08:00:00.000Z,2026-07-13T03:00:00.000Z,,Noord-Brabant,NL,Marienweerd,5411CE
A4:CF:12:13:ED:81,T009_13ED80,51.23487854,5.33668327,A4:CF:12,11,none,2026-05-11T09:00:00.000Z,2026-05-11T08:00:00.000Z,,Limburg,BE,Torenstraat,3920
A4:CF:12:13:ED:85,T009_13ED84,52.04748154,4.95216703,A4:CF:12,1,unknown,2022-01-17T10:00:00.000Z,2025-05-25T16:00:00.000Z,,Utrecht,NL,Boslaan,3417AA
A4:CF:12:13:EE:29,T009_13EE28,51.84540176,4.64483833,A4:CF:12,3,unknown,2026-01-03T23:00:00.000Z,2026-01-03T15:00:00.000Z,,Zuid-Holland,NL,Antoniuslaan,3341GA
A4:CF:12:13:EE:99,T009_13EE98,52.1212616,6.01584911,A4:CF:12,11,none,2023-09-12T16:00:00.000Z,2026-09-01T04:00:00.000Z,,Gelderland,NL,Beekbergerweg,7371ET
A4:CF:12:13:EE:A1,T009_13EEA0,51.88415527,6.38512754,A4:CF:12,8,none,2023-08-08T13:00:00.000Z,2025-04-30T07:00:00.000Z,,Gelderland,NL,Bongersstraat,7071CR
A4:CF:12:15:58:81,CFMSST_AC100086,40.93601608,24.41232681,A4:CF:12,11,wpa2,2025-12-30T12:00:00.000Z,2025-12-30T05:00:00.000Z,Καβάλα,Αποκεντρωμένη Διοίκηση Μακεδονίας - Θράκης,GR,Ελευθερίου Βενιζέλου,65301
A4:CF:12:15:5A:05,CFMSST_AM100627,45.85440445,9.39135838,A4:CF:12,11,wpa2,2022-12-28T11:00:00.000Z,2025-03-29T10:00:00.000Z,Lecco,Lombardia,IT,Via Camillo Benso Conte di Cavour,23900
A4:CF:12:15:5B:D9,CFMSST_AS200080,59.39744186,24.80585098,A4:CF:12,4,wpa2,2001-01-01T03:00:00.000Z,2025-02-08T05:00:00.000Z,,Harju maakond,EE,Küti tee,75312
A4:CF:12:15:5B:F1,CFMTDU_71C70189,39.35425568,16.24554253,A4:CF:12,1,wpa2,2025-06-23T07:00:00.000Z,2025-06-23T02:00:00.000Z,,Calabria,IT,Via F. Magellan,87036
A4:CF:12:15:5B:F9,CFMTDU_71TW0004,51.49794769,-0.16682523,A4:CF:12,8,wpa2,2020-01-10T15:00:00.000Z,2026-05-01T06:00:00.000Z,London,England,GB,Brompton Road,SW3 1HW
A4:CF:12:15:66:51,CFMSST_AM200240,53.79788971,-3.05054736,A4:CF:12,1,wpa2,2022-08-25T11:00:00.000Z,2025-10-19T00:00:00.000Z,,England,GB,Rawcliffe Street,FY4 1BZ
A4:CF:12:15:8D:15,CFMTDU_71TU0782,43.25472641,-2.9160881,A4:CF:12,9,wpa2,2025-02-20T10:00:00.000Z,2025-02-20T04:00:00.000Z,Bilbao,Euskadi,ES,Zabalbide kalea,48006
A4:CF:12:15:AE:1D,IAQ_sens_130,50.04826736,14.45896053,A4:CF:12,6,wpa2,2020-03-17T20:00:00.000Z,2026-09-02T00:00:00.000Z,Hlavní město Praha,Praha,CZ,Vyskočilova,140 00
A4:CF:12:15:B7:BD,CFMSST_AC200036,49.45924377,10.85825729,A4:CF:12,4,wpa2,2026-04-29T13:00:00.000Z,2026-04-29T06:00:00.000Z,Cadolzburg,Bayern,DE,Obere Bahnhofstraße,90556
A4:CF:12:15:B9:BD,Sentry_B9BD,36.9300766,-88.94316864,A4:CF:12,3,unknown,2026-04-11T16:00:00.000Z,2026-04-11T15:00:00.000Z,,KY,US,KY 121,
A4:CF:12:15:C1:5D,TFT V2.03,37.98004532,23.73223877,A4:CF:12,1,wpa2,2025-08-08T08:00:00.000Z,2025-08-08T06:00:00.000Z,Αθήνα,Αποκεντρωμένη Διοίκηση Αττικής,GR,Πλατεία Κοραή,10564
A4:CF:12:15:E5:8D,Sentry_E58D,26.00251007,-80.28548431,A4:CF:12,3,none,2025-10-06T13:00:00.000Z,2025-10-08T00:00:00.000Z,Pembroke Pines,FL,US,Access Road,33025Q
A4:CF:12:15:E8:B9,T009_15E8B8,49.95555115,7.52998686,A4:CF:12,8,unknown,2020-10-31T11:00:00.000Z,2026-08-30T08:00:00.000Z,,Rheinland-Pfalz,DE,Hauptstraße,55469
A4:CF:12:15:EA:71,T009_15EA70,51.23801804,2.96437311,A4:CF:12,1,unknown,2025-09-26T00:00:00.000Z,2026-03-06T00:00:00.000Z,,West-Vlaanderen,BE,Keerweg,8450
A4:CF:12:15:EA:B1,T009_15EAB0,52.09630203,5.08585596,A4:CF:12,11,unknown,2023-05-09T10:00:00.000Z,2025-09-06T09:00:00.000Z,Utrecht,Utrecht,NL,Thomas à Kempisweg,3532CA
A4:CF:12:16:0B:15,Sentry_0B15,34.25808334,-83.46491241,A4:CF:12,3,none,2026-08-25T22:00:00.000Z,2026-08-30T12:00:00.000Z,,GA,US,Steven Tanger Boulevard,30529
A4:CF:12:16:90:F5,CFMTDU_71TU0563,52.14994049,4.77682495,A4:CF:12,4,wpa2,2001-08-09T16:00:00.000Z,2026-08-17T15:00:00.000Z,,Zuid-Holland,NL,Achterweg,2421EA
A4:CF:12:16:91:CD,CFMSST_AM100903,47.26581573,11.38941193,A4:CF:12,3,wpa2,2023-03-03T13:00:00.000Z,2025-03-07T07:00:00.000Z,Innsbruck,Tirol,AT,Innrain,6020
A4:CF:12:16:9C:4D,CFMSST_AA100316,50.07056046,14.43200111,A4:CF:12,1,wpa2,2024-08-25T10:00:00.000Z,2026-08-19T19:00:00.000Z,Hlavní město Praha,Praha,CZ,Lublaňská,12000
A4:CF:12:16:9D:35,Sentry_9D35,43.04767227,-82.97484589,A4:CF:12,3,unknown,2024-10-03T21:00:00.000Z,2024-10-03T14:00:00.000Z,,MI,US,Petz Road,48014
A4:CF:12:16:A1:C5,CFMSST_AM101147,-32.17405319,152.49888611,A4:CF:12,5,wpa2,2025-06-18T00:00:00.000Z,2025-07-24T04:00:00.000Z,,New South Wales,AU,Manning Street,2428
A4:CF:12:16:A7:59,TFT V2.03,37.97961044,23.72986031,A4:CF:12,1,wpa2,2003-03-17T21:00:00.000Z,2026-01-22T00:00:00.000Z,Αθήνα,Αποκεντρωμένη Διοίκηση Αττικής,GR,Αριστείδου,10559
A4:CF:12:16:AC:05,CFMTDU_71HL0055,-37.7519989,144.96478271,A4:CF:12,1,wpa2,2021-03-17T15:00:00.000Z,2026-03-21T01:00:00.000Z,Melbourne,Victoria,AU,Sydney Road,3058
A4:CF:12:16:AC:6D,CFMTDU_71C80031,51.23032379,7.06976223,A4:CF:12,4,wpa2,2025-06-24T13:00:00.000Z,2025-06-25T02:00:00.000Z,Wuppertal,Nordrhein-Westfalen,DE,Gräfrather Straße,42329
A4:CF:12:16:AC:95,CFMTDU_71HL0056,-37.7521286,144.96473694,A4:CF:12,7,wpa2,2021-04-06T09:00:00.000Z,2024-12-08T17:00:00.000Z,Melbourne,Victoria,AU,Sydney Road,3058
A4:CF:12:16:AF:09,CFMTDU_71HB0195,50.68430328,7.15489149,A4:CF:12,3,wpa2,2024-10-16T12:00:00.000Z,2025-05-08T01:00:00.000Z,,Nordrhein-Westfalen,DE,Theaterplatz,53177
A4:CF:12:16:AF:1D,CFMTDU_71HA0207,41.92021179,12.44179821,A4:CF:12,2,wpa2,2021-05-08T11:00:00.000Z,2025-01-25T06:00:00.000Z,Roma,Lazio,IT,Piazza Carlo Mazzaresi,00136
A4:CF:12:16:AF:41,CFMTDU_71TU0656,43.30105972,11.32423973,A4:CF:12,3,wpa2,2026-01-23T11:00:00.000Z,2026-01-23T12:00:00.000Z,Siena,Toscana,IT,Tangenziale Ovest di Siena,47065
A4:CF:12:16:B1:69,CFMSST_AM200398,-33.67748642,151.30256653,A4:CF:12,10,wpa2,2021-12-16T19:00:00.000Z,2025-06-15T23:00:00.000Z,,New South Wales,AU,Waratah Street,2103
A4:CF:12:16:B1:91,CFMSST_AC200048,53.42110443,-7.9304781,A4:CF:12,3,wpa2,2026-05-30T13:00:00.000Z,2026-05-30T11:00:00.000Z,,The Municipal District of Athlone — Moate,IE,MacDiarmada Road,N37 D624
A4:CF:12:16:B2:25,CFMSST_AM101207,44.11180496,15.24170113,A4:CF:12,11,wpa2,2021-07-25T11:00:00.000Z,2025-07-26T14:00:00.000Z,Zadar,Zadarska županija,HR,Sv. Vinka Paulskog,23104
A4:CF:12:16:B2:3D,CFMSST_AM200385,-43.56020737,172.70967102,A4:CF:12,7,wpa2,2026-04-24T23:00:00.000Z,2026-04-24T19:00:00.000Z,Christchurch,Canterbury,NZ,Ferrymead Terrace,8007
A4:CF:12:16:B3:25,CFMSST_AM200391,-35.12327957,138.52348328,A4:CF:12,5,wpa2,2021-02-16T10:00:00.000Z,2026-03-12T10:00:00.000Z,Adelaide,South Australia,AU,Main South Road,5162
A4:CF:12:16:B3:2D,CFMSST_AM200386,-43.64108658,172.47717285,A4:CF:12,1,wpa2,2025-05-17T00:00:00.000Z,2026-08-22T22:00:00.000Z,,Canterbury,NZ,Gerald Street,7608
A4:CF:12:16:B5:91,CFMTDU_71TU0634,50.26601791,19.00980949,A4:CF:12,3,wpa2,2024-10-28T15:00:00.000Z,2024-10-29T09:00:00.000Z,Katowice,województwo śląskie,PL,Żelazna,40-851
A4:CF:12:16:B5:A1,CFMTDU_71HB0191,52.48963547,13.42419338,A4:CF:12,3,wpa2,2020-09-10T14:00:00.000Z,2025-06-17T12:00:00.000Z,Berlin,Friedrichshain-Kreuzberg,DE,Kottbusser Damm,10967
A4:CF:12:16:B7:D9,CFMSST_AC200043,43.30357742,-0.35156089,A4:CF:12,4,wpa2,2024-11-12T11:00:00.000Z,2024-11-12T04:00:00.000Z,Pau,Nouvelle-Aquitaine,FR,Allées de Morlaàs,64000
A4:CF:12:16:B8:9D,CFMSST_AA100300,41.14829254,24.14889336,A4:CF:12,8,wpa2,2026-04-02T13:00:00.000Z,2026-04-28T10:00:00.000Z,Δράμα,Αποκεντρωμένη Διοίκηση Μακεδονίας - Θράκης,GR,Μακρυγιάννη,66133
A4:CF:12:16:B9:49,CFMSST_AM200833,-31.91386795,152.45626831,A4:CF:12,1,wpa2,2022-08-30T12:00:00.000Z,2026-06-11T23:00:00.000Z,Taree,New South Wales,AU,8,2430
A4:CF:12:16:B9:75,CFMSST_AM200415,-32.5368576,115.73953247,A4:CF:12,7,wpa2,2024-02-13T22:00:00.000Z,2026-08-01T21:00:00.000Z,Mandurah,Western Australia,AU,Pinjarra Road,6210
A4:CF:12:16:B9:A1,CFMSST_AM200389,-34.93548584,138.54351807,A4:CF:12,6,wpa2,2024-12-17T05:00:00.000Z,2025-11-10T23:00:00.000Z,Adelaide,South Australia,AU,Chegwidden Avenue,5950
A4:CF:12:16:B9:B9,CFMSST_AM200414,-32.01865005,115.83709717,A4:CF:12,1,wpa2,2021-05-12T12:00:00.000Z,2026-02-03T20:00:00.000Z,,Western Australia,AU,Canning Highway,6153
A4:CF:12:16:B9:C5,CFMSST_AM200375,-32.06461716,115.93521118,A4:CF:12,7,wpa2,2025-05-08T10:00:00.000Z,2025-05-09T02:00:00.000Z,,Western Australia,AU,Nicholson Road,6108
A4:CF:12:16:BB:55,CFMTDU_71HA0192,57.04851151,9.92296696,A4:CF:12,2,wpa2,2025-07-11T10:00:00.000Z,2025-07-11T07:00:00.000Z,Aalborg,Region Nordjylland,DK,Nytorv,9000
A4:CF:12:16:BC:05,CFMSST_AS100554,51.05235291,3.73222923,A4:CF:12,3,wpa2,2024-12-02T02:00:00.000Z,2024-12-09T15:00:00.000Z,,Oost-Vlaanderen,BE,Keizer Karelstraat,9000
A4:CF:12:16:BC:C9,CFMSST_AS100517,56.95703506,24.12816238,A4:CF:12,5,wpa2,2025-03-05T16:00:00.000Z,2025-03-05T14:00:00.000Z,Rīga,Vidzeme,LV,Tērbatas iela,LV-1001
A4:CF:12:16:BF:65,Mysa-16bf64,45.63326645,-73.61229706,A4:CF:12,1,unknown,2026-04-14T21:00:00.000Z,2026-08-23T15:00:00.000Z,Montréal,Québec,CA,Boulevard Gouin Est,H1G 6L7
A4:CF:12:16:F9:F9,TFT V2.03,40.63298798,22.9414463,A4:CF:12,1,wpa2,2025-03-25T18:00:00.000Z,2025-04-06T06:00:00.000Z,Δημοτική Ενότητα Θεσαλονίκης,Αποκεντρωμένη Διοίκηση Μακεδονίας - Θράκης,GR,Αριστοτέλους,546 23
A4:CF:12:17:0B:45,Rain3_202044034,49.04628754,1.3072145,A4:CF:12,1,wpa2,2026-06-30T13:00:00.000Z,2026-06-30T06:00:00.000Z,Jouy-sur-Eure,Normandie,FR,Rue de l'Ancienne Abbaye,27120
A4:CF:12:17:16:4D,Rain3_202044028,48.97041321,2.0777483,A4:CF:12,1,wpa2,2025-09-09T07:00:00.000Z,2025-09-09T21:00:00.000Z,,Île-de-France,FR,Rue Camille Jenatzy,78260
A4:CF:12:17:16:5D,Rain3_202044039,47.54921722,9.7323246,A4:CF:12,1,wpa2,2025-03-06T08:00:00.000Z,2025-03-10T05:00:00.000Z,Lindau (Bodensee),Bayern,DE,Peter-Dornier-Straße,88131
A4:CF:12:17:16:ED,CFMTDU_71CN0187,38.68743134,16.55202484,A4:CF:12,2,wpa2,2026-07-21T11:00:00.000Z,2026-07-24T12:00:00.000Z,,Calabria,IT,Via San Giovanni Bosco,88068
A4:CF:12:17:17:C1,CFMTDU_71TP0167,59.34065628,18.03042412,A4:CF:12,4,wpa2,2019-11-13T15:00:00.000Z,2026-04-20T08:00:00.000Z,Stockholm,Stockholms län,SE,Rörstrandsgatan,113 40
A4:CF:12:17:18:11,CFMTDU_71TU0417,53.12778854,23.14887238,A4:CF:12,9,wpa2,2024-06-05T13:00:00.000Z,2025-10-18T15:00:00.000Z,,województwo podlaskie,PL,Młynowa,15-404
A4:CF:12:17:18:A1,Rain3_202044042,49.93315506,18.0043335,A4:CF:12,1,wpa2,2022-08-20T22:00:00.000Z,2024-09-04T21:00:00.000Z,,Moravskoslezsko,CZ,Opavská,74721
A4:CF:12:17:18:A9,Rain3_202044244,50.0929985,14.5391922,A4:CF:12,1,wpa2,2021-10-05T09:00:00.000Z,2024-12-04T07:00:00.000Z,Hlavní město Praha,Praha,CZ,Rožmberská,19800
A4:CF:12:17:18:C9,Rain3_202031126,51.30754089,4.95214558,A4:CF:12,1,wpa2,2023-01-06T13:00:00.000Z,2026-05-30T01:00:00.000Z,,Antwerpen,BE,Schorvoortstraat,2300
A4:CF:12:17:1A:A1,CFMSST_AM200307,-33.77404785,151.08177185,A4:CF:12,2,wpa2,2024-05-26T05:00:00.000Z,2025-01-31T05:00:00.000Z,Sydney,New South Wales,AU,Bridge Street,2121
A4:CF:12:17:1D:3D,CFMTDU_71TU0453,52.18671036,21.01889992,A4:CF:12,1,wpa2,2001-01-01T01:00:00.000Z,2025-07-01T07:00:00.000Z,Warszawa,województwo mazowieckie,PL,Aleja Niepodległości,02-653
A4:CF:12:17:1D:FD,CFMSST_AM100815,42.65155029,18.09223747,A4:CF:12,5,wpa2,2025-06-28T07:00:00.000Z,2025-07-02T01:00:00.000Z,Dubrovnik,Dubrovačko-neretvanska županija,HR,Vukovarska ulica,20000
A4:CF:12:17:1E:49,CFMTDU_71TU0418,53.12773132,23.14873123,A4:CF:12,10,wpa2,2024-06-05T13:00:00.000Z,2025-10-18T15:00:00.000Z,,województwo podlaskie,PL,Młynowa,15-404
A4:CF:12:17:21:0D,CFMSST_AM000102,-41.12545776,175.05828857,A4:CF:12,6,wpa2,2025-10-01T19:00:00.000Z,2025-10-10T01:00:00.000Z,Upper Hutt,Wellington,NZ,Fergusson Drive,5018
A4:CF:12:17:22:D1,CFMTDU_71T40062,50.02972412,15.77516079,A4:CF:12,2,wpa2,2024-05-06T06:00:00.000Z,2026-08-28T16:00:00.000Z,,Severovýchod,CZ,Rokycanova,53002
A4:CF:12:17:22:F1,CFMTDU_71CP0058,44.42415619,26.1310215,A4:CF:12,9,wpa2,2025-04-01T13:00:00.000Z,2025-04-01T09:00:00.000Z,Municipiul București,Centrul Civic,RO,Strada Caloian Județul,031108
A4:CF:12:17:23:05,CFMTDU_71HF0078,45.1088562,7.66668272,A4:CF:12,6,wpa2,2023-11-07T07:00:00.000Z,2025-10-21T09:00:00.000Z,Torino,Piemonte,IT,Via Giambattista Lulli,10148
A4:CF:12:17:35:51,SentryMini_3551,43.98899078,-88.57508087,A4:CF:12,3,unknown,2023-09-30T10:00:00.000Z,2025-07-20T07:00:00.000Z,Oshkosh,WI,US,Knapp Street,54901
A4:CF:12:17:38:E1,SentryMini_38E1,47.45714951,-114.12173462,A4:CF:12,3,none,2026-06-18T16:00:00.000Z,2026-06-18T17:00:00.000Z,,MT,US,S-212,59824
A4:CF:12:17:5C:89,Sentry_5C89,43.63662338,-96.21575165,A4:CF:12,3,none,2026-05-09T18:00:00.000Z,2026-05-11T14:00:00.000Z,,MN,US,Mag Road,56156
A4:CF:12:17:5C:B9,Sentry_5CB9,39.32411575,-76.69330597,A4:CF:12,3,none,2026-07-26T15:00:00.000Z,2026-08-26T15:00:00.000Z,Baltimore,MD,US,Miami Place,21207
A4:CF:12:17:5F:01,Sentry_5F01,45.0536499,-92.80337524,A4:CF:12,8,none,2026-05-02T18:00:00.000Z,2026-05-02T12:00:00.000Z,,MN,US,Saint Croix Crossing Loop Trail,55003-1490
A4:CF:12:17:5F:5D,Sentry_5F5D,37.70110703,-121.84716034,A4:CF:12,1,unknown,2023-08-09T12:00:00.000Z,2025-11-11T17:00:00.000Z,,CA,US,Arthur H. Breed Junior Freeway,94568
A4:CF:12:17:5F:85,Sentry_5F85,42.48288345,-122.79497528,A4:CF:12,1,none,2023-07-11T10:00:00.000Z,2026-08-19T12:00:00.000Z,,OR,US,Teakwood Drive,97524
A4:CF:12:17:5F:8D,Sentry_5F8D,40.89139938,-74.31008911,A4:CF:12,4,unknown,2024-07-21T21:00:00.000Z,2026-02-12T02:00:00.000Z,,NJ,US,I 80,07004
A4:CF:12:17:82:59,Sentry_8259,36.1812973,-95.8936615,A4:CF:12,9,unknown,2024-09-06T13:00:00.000Z,2024-09-06T17:00:00.000Z,Tulsa,OK,US,East Reading Place,74115-3883
A4:CF:12:17:9C:B5,IAQ_sens_126,50.04836655,14.45884705,A4:CF:12,6,wpa2,2020-03-17T20:00:00.000Z,2026-09-02T00:00:00.000Z,Hlavní město Praha,Praha,CZ,Vyskočilova,140 00
A4:CF:12:17:9C:B9,IAQ_sens_111,50.04824829,14.45844746,A4:CF:12,6,wpa2,2020-05-21T17:00:00.000Z,2026-08-15T10:00:00.000Z,Hlavní město Praha,Praha,CZ,Vyskočilova,140 00
A4:CF:12:17:9C:DD,IAQ_sens_113,50.04843903,14.45876694,A4:CF:12,6,wpa2,2020-10-03T10:00:00.000Z,2026-08-15T10:00:00.000Z,Hlavní město Praha,Praha,CZ,Vyskočilova,14000
A4:CF:12:17:9C:F5,IAQ_sens_127,50.04827499,14.45837784,A4:CF:12,6,wpa2,2020-05-21T17:00:00.000Z,2026-08-15T10:00:00.000Z,Hlavní město Praha,Praha,CZ,Vyskočilova,140 00
A4:CF:12:17:9D:01,IAQ_sens_128,50.04837799,14.45863247,A4:CF:12,6,wpa2,2020-03-17T20:00:00.000Z,2026-08-15T10:00:00.000Z,Hlavní město Praha,Praha,CZ,Vyskočilova,140 00
A4:CF:12:17:9D:2D,IAQ_sens_125,50.04853439,14.45893002,A4:CF:12,6,wpa2,2020-03-17T20:00:00.000Z,2026-06-27T07:00:00.000Z,Hlavní město Praha,Praha,CZ,Vyskočilova,14000
A4:CF:12:17:9D:A9,IAQ_sens_114,50.04894638,14.45933533,A4:CF:12,6,wpa2,2020-11-16T15:00:00.000Z,2026-09-02T00:00:00.000Z,Hlavní město Praha,Praha,CZ,Michelská,14000
A4:CF:12:17:A1:7D,etatherm,50.03257751,15.7071352,A4:CF:12,1,unknown,2024-05-24T19:00:00.000Z,2026-07-25T22:00:00.000Z,,Severovýchod,CZ,V Polích,53002
A4:CF:12:17:A3:E1,FERNO0000,51.53120041,-0.04028293,A4:CF:12,2,unknown,2025-09-11T05:00:00.000Z,2025-09-10T23:00:00.000Z,London,England,GB,Grove Road,E3 5TG
A4:CF:12:17:A4:0D,FERNO0000,51.51815414,-0.06381863,A4:CF:12,2,unknown,2025-08-01T13:00:00.000Z,2025-08-10T23:00:00.000Z,London,England,GB,Whitechapel Road,E1 1JE
A4:CF:12:17:C7:15,Extraflame-Wifi_A4CF1217C714,45.389328,11.87596226,A4:CF:12,8,unknown,2026-02-18T07:00:00.000Z,2026-02-18T00:00:00.000Z,Padova,Veneto,IT,Via Barroccio Dal Borgo,35124
A4:CF:12:17:F4:35,OpenEVSE_f434,45.16230011,-75.9356842,A4:CF:12,6,wpa2,2024-11-18T17:00:00.000Z,2025-06-30T17:00:00.000Z,Goulbourn,Ontario,CA,Butterwick Street,K0A 3P0
A4:CF:12:18:4C:11,Jolt-219,38.33189392,21.76343536,A4:CF:12,1,wpa2,2024-12-15T13:00:00.000Z,2025-08-21T07:00:00.000Z,Δημοτική Ενότητα Αντιρρίου,"Αποκεντρωμένη Διοίκηση Πελοποννήσου, Δυτικής Ελλάδας και Ιονίου",GR,,30020
A4:CF:12:18:4F:71,AltaAltaVista,47.2008934,-122.26873016,A4:CF:12,4,none,2024-09-21T16:00:00.000Z,2024-09-21T21:00:00.000Z,,WA,US,Valley Freeway,98372
A4:CF:12:18:57:8D,Sentry_578D,39.58305359,-84.25754547,A4:CF:12,3,none,2020-09-26T10:00:00.000Z,2024-11-01T16:00:00.000Z,,OH,US,Homestead Drive,45066
A4:CF:12:18:5C:6D,Sentry_5C6D,27.77008247,-82.31585693,A4:CF:12,9,none,2025-03-03T22:00:00.000Z,2025-12-09T15:00:00.000Z,,FL,US,Balm Road,33569
A4:CF:12:18:68:D5,Sentry_Whale,37.37440109,-122.03047943,A4:CF:12,3,none,2025-08-17T22:00:00.000Z,2025-08-18T00:00:00.000Z,Sunnyvale,CA,US,East McKinley Avenue,94086
A4:CF:12:18:72:85,Sentry_7285,33.68195343,-117.8680954,A4:CF:12,11,none,2025-12-16T00:00:00.000Z,2025-12-15T18:00:00.000Z,Costa Mesa,CA,US,Airway Avenue,92626
A4:CF:12:18:79:8D,Sentry_798D,37.12137604,-121.63076782,A4:CF:12,1,none,2022-10-06T20:00:00.000Z,2025-10-24T02:00:00.000Z,,CA,US,Juan Hernandez Drive,95037-5519
A4:CF:12:18:7B:71,Batrium-SYS7930,47.27071762,-122.31369781,A4:CF:12,1,wpa2,2025-05-20T17:00:00.000Z,2026-08-25T21:00:00.000Z,Federal Way,WA,US,South 369th Street,98003
A4:CF:12:18:7B:79,Sentry_7B79,36.22841263,-86.8505249,A4:CF:12,3,unknown,2024-10-10T16:00:00.000Z,2024-10-10T11:00:00.000Z,Nashville-Davidson,TN,US,Briley Parkway,37218
A4:CF:12:18:7E:D1,Sentry_7ED1,32.8082428,-117.14756012,A4:CF:12,3,none,2021-10-15T21:00:00.000Z,2024-09-19T22:00:00.000Z,San Diego,CA,US,Aero Place,92133
A4:CF:12:18:88:75,Mysa-188874,33.18253326,-117.30054474,A4:CF:12,1,none,2023-02-10T18:00:00.000Z,2026-05-18T20:00:00.000Z,Oceanside,CA,US,Ronald Packard Parkway,92010
A4:CF:12:18:97:C1,,29.94962883,-90.07309723,A4:CF:12,1,none,2025-03-30T01:00:00.000Z,2025-03-31T05:00:00.000Z,New Orleans,LA,US,Poydras Street,70112
A4:CF:12:18:A8:49,Mysa-18a848,33.18230438,-117.30069733,A4:CF:12,1,none,2024-12-27T08:00:00.000Z,2024-12-28T12:00:00.000Z,Oceanside,CA,US,Ronald Packard Parkway,92010
A4:CF:12:18:AF:78,,39.99662399,-85.98352051,A4:CF:12,8,unknown,2024-06-17T08:00:00.000Z,2024-09-16T13:00:00.000Z,,IN,US,Juniper Breeze Drive,46060
A4:CF:12:19:24:E9,Mysa-1924e8,44.65133286,-63.58778,A4:CF:12,11,unknown,2025-10-21T08:00:00.000Z,2025-12-27T15:00:00.000Z,Halifax,Nova Scotia,CA,North Park Street,B3K 4B4
A4:CF:12:19:45:85,Mysa-194584,45.43009186,-73.60165405,A4:CF:12,1,unknown,2025-09-18T15:00:00.000Z,2025-09-18T16:00:00.000Z,Montréal,Québec,CA,Rue Broadway,H8P 3K2
A4:CF:12:19:55:85,Mysa-195584,39.23381805,-120.01641083,A4:CF:12,6,unknown,2025-09-14T07:00:00.000Z,2025-09-17T00:00:00.000Z,,CA,US,North Lake Boulevard,96143
A4:CF:12:19:56:89,Mysa-195688,44.89084244,-92.97702026,A4:CF:12,1,none,2025-04-28T12:00:00.000Z,2025-04-29T15:00:00.000Z,,MN,US,Bailey Road,55129
A4:CF:12:19:5C:75,Mysa-195c74,45.52025223,-73.57479858,A4:CF:12,1,unknown,2022-05-28T16:00:00.000Z,2026-04-29T07:00:00.000Z,Montréal,Québec,CA,Rue Saint-Denis,H2W 2M1
A4:CF:12:19:5D:5D,Mysa-195d5c,47.71919632,-122.18847656,A4:CF:12,1,unknown,2025-05-13T21:00:00.000Z,2025-05-13T15:00:00.000Z,,WA,US,114th Place Northeast,98034
A4:CF:12:19:60:D5,Mysa-1960d4,49.28278351,-123.11309052,A4:CF:12,1,unknown,2023-03-19T07:00:00.000Z,2024-11-11T13:00:00.000Z,Vancouver,British Columbia,CA,Richards Street,V6B
A4:CF:12:19:91:51,,45.42730713,-75.68917084,A4:CF:12,1,wpa2,2025-07-31T12:00:00.000Z,2025-07-31T20:00:00.000Z,(Old) Ottawa,Ontario,CA,Rideau Street,K1N 5X6
A4:CF:12:19:9D:05,Mysa-199d04,40.88563919,-73.8970871,A4:CF:12,6,none,2026-06-13T21:00:00.000Z,2026-06-13T16:00:00.000Z,City of New York,NY,US,Major Deegan Expressway,10463
A4:CF:12:19:B4:A1,Mysa-19b4a0,49.03715134,-122.2302475,A4:CF:12,1,unknown,2025-06-18T21:00:00.000Z,2025-08-31T11:00:00.000Z,Abbotsford,British Columbia,CA,North Parallel Road,V3G 2C6
A4:CF:12:19:C0:F9,Mysa-19c0f8,47.72310257,-122.22124481,A4:CF:12,1,unknown,2026-06-13T23:00:00.000Z,2026-06-13T17:00:00.000Z,,WA,US,90th Avenue Northeast,98034
A4:CF:12:19:DA:05,OeasyACS9645138,22.68753433,113.77180481,A4:CF:12,6,unknown,2025-06-12T01:00:00.000Z,2025-06-12T17:00:00.000Z,宝安区,广东省,CN,展云路,518100
A4:CF:12:1A:7B:04,,40.00911331,-105.2585907,A4:CF:12,11,wpa2,2026-06-22T15:00:00.000Z,2026-07-02T03:00:00.000Z,Boulder,CO,US,28th Street,80310
A4:CF:12:1A:B6:C0,,49.25592804,-123.2516861,A4:CF:12,6,wpa2,2026-08-06T22:00:00.000Z,2026-08-06T16:00:00.000Z,Electoral Area A,British Columbia,CA,Main Mall,V6T 1Z4
A4:CF:12:1A:D0:9D,T009_1AD09C,52.24188232,6.209342,A4:CF:12,3,unknown,2025-05-29T13:00:00.000Z,2025-05-29T07:00:00.000Z,Deventer,Overijssel,NL,Duindoorn,7421DC
A4:CF:12:1A:D1:2D,T009_1AD12C,52.07941818,4.85589457,A4:CF:12,13,unknown,2024-03-02T12:00:00.000Z,2025-05-22T02:00:00.000Z,,Utrecht,NL,Boeier,3448KH
A4:CF:12:1A:D1:F5,T009_1AD1F4,51.91478348,4.58371258,A4:CF:12,6,unknown,2021-06-13T02:00:00.000Z,2025-09-13T19:00:00.000Z,,Zuid-Holland,NL,Cornelis Gerardus Roosweg,2922AN
A4:CF:12:1A:D2:01,T009_1AD200,50.34859848,3.74091959,A4:CF:12,11,unknown,2024-11-12T08:00:00.000Z,2024-11-14T10:00:00.000Z,,Hainaut,BE,Rue Chevauchoir,7387
A4:CF:12:1A:D3:DD,T009_1AD3DC,46.1034584,11.21125221,A4:CF:12,10,unknown,2020-09-06T11:00:00.000Z,2025-08-06T01:00:00.000Z,Pergine Valsugana,Trentino-Alto Adige/Südtirol,IT,Via Pinetana,38045
A4:CF:12:1A:D5:CD,SR30A02,4.88106823,-73.89164734,A4:CF:12,1,wpa2,2025-11-01T17:00:00.000Z,2025-11-06T14:00:00.000Z,,Cundinamarca,CO,,
A4:CF:12:1A:D9:09,,49.26758194,-123.05478668,A4:CF:12,1,wpa2,2024-10-16T23:00:00.000Z,2024-10-16T17:00:00.000Z,Vancouver,British Columbia,CA,East 3rd Avenue,V5M
A4:CF:12:1A:E5:79,Mysa-1ae578,45.29416656,-65.98708344,A4:CF:12,1,unknown,2025-12-24T02:00:00.000Z,2025-12-23T19:00:00.000Z,City of Saint John,New Brunswick / Nouveau-Brunswick,CA,Boyaner Crescent,E2J 4E7
A4:CF:12:1E:97:40,,39.95466995,-86.08535004,A4:CF:12,4,unknown,2024-06-17T09:00:00.000Z,2024-09-16T13:00:00.000Z,,IN,US,Regency Lane,46033
A4:CF:12:1E:A6:81,ESP_1EA681,47.25284195,-122.44038391,A4:CF:12,1,unknown,2025-05-04T18:00:00.000Z,2025-05-04T17:00:00.000Z,Tacoma,WA,US,Broadway,98402
A4:CF:12:1F:08:55,Neteera130_132021250202,31.76691055,35.19322968,A4:CF:12,1,wpa2,2024-11-04T18:00:00.000Z,2024-11-04T11:00:00.000Z,ירושלים,מחוז ירושלים,IL,שמואל בייט,9546105
A4:CF:12:1F:42:D5,Mysa-1f42d4,38.02990723,-107.67321777,A4:CF:12,6,unknown,2025-03-24T23:00:00.000Z,2025-03-24T18:00:00.000Z,,CO,US,Main Street,81427
A4:CF:12:1F:C0:75,chii362,22.38190651,114.18858337,A4:CF:12,1,wpa2,2020-10-24T17:00:00.000Z,2025-09-21T06:00:00.000Z,,香港 Hong Kong,CN,沙田正街 Sha Tin Centre Street,00000
A4:CF:12:1F:F7:FC,(no SSID),40.82554245,-74.18878174,A4:CF:12,0,none,2025-01-17T18:00:00.000Z,2025-01-22T07:00:00.000Z,,NJ,US,Yantecaw Avenue,07028
A4:CF:12:1F:F8:00,FiOS-TYL2N,28.04537964,-82.24908447,A4:CF:12,1,none,2026-09-01T04:00:00.000Z,2026-09-01T00:00:00.000Z,,FL,US,McIntosh Road,33592
A4:CF:12:20:42:44,,39.13502502,-84.2872467,A4:CF:12,10,unknown,2026-05-20T01:00:00.000Z,2026-05-26T17:00:00.000Z,,OH,US,Quail Run,45244
A4:CF:12:20:89:FC,,36.06044769,-80.34464264,A4:CF:12,2,wpa2,2026-06-04T12:00:00.000Z,2026-07-14T13:00:00.000Z,Winston-Salem,NC,US,I 40,27103-9998
A4:CF:12:20:AB:34,,42.89382553,-70.87985229,A4:CF:12,0,unknown,2024-08-27T18:00:00.000Z,2024-10-04T11:00:00.000Z,Hampton Falls,NH,US,Blue Star Turnpike,03874
A4:CF:12:20:B2:B8,,41.81098557,-87.97288513,A4:CF:12,7,unknown,2025-02-14T01:00:00.000Z,2025-02-13T17:00:00.000Z,,IL,US,East Ogden Avenue,60559
A4:CF:12:20:B6:4C,,47.6774559,-116.77470398,A4:CF:12,11,none,2026-08-27T13:00:00.000Z,2026-08-27T15:00:00.000Z,Coeur d'Alene,ID,US,East Garden Avenue,83814-9510
A4:CF:12:20:BD:71,Traeger-BD71,45.66849136,-122.58006287,A4:CF:12,5,wpa2,2023-07-27T08:00:00.000Z,2026-08-08T08:00:00.000Z,Vancouver,WA,US,I 205,98662
A4:CF:12:20:C0:0D,Traeger-C00D,41.21943665,-96.20909882,A4:CF:12,5,wpa2,2026-05-29T15:00:00.000Z,2026-05-29T08:00:00.000Z,Omaha,NE,US,F Street,68135
A4:CF:12:20:EB:75,CoralVuea4cf1220eb74,34.03840256,-118.43679047,A4:CF:12,6,unknown,2022-05-01T14:00:00.000Z,2026-05-08T21:00:00.000Z,Los Angeles,CA,US,Tennessee Avenue,90064-1508
A4:CF:12:21:03:D8,,44.93614578,-92.9246521,A4:CF:12,11,none,2026-08-26T20:00:00.000Z,2026-08-26T20:00:00.000Z,,MN,US,Spring Hill Drive,55125
A4:CF:12:21:07:AD,,-37.1854248,174.82269287,A4:CF:12,1,wpa2,2024-11-25T00:00:00.000Z,2024-11-25T15:00:00.000Z,Franklin,Auckland,NZ,Kingseat Road,2679
A4:CF:12:21:14:69,Traeger-1469,34.00146484,-117.03452301,A4:CF:12,5,wpa2,2026-02-14T17:00:00.000Z,2026-04-08T21:00:00.000Z,,CA,US,Bryant Street,92320
A4:CF:12:21:2E:4D,CoralVuea4cf12212e4c,27.78822517,-82.68553925,A4:CF:12,6,unknown,2025-02-08T16:00:00.000Z,2025-05-27T11:00:00.000Z,Saint Petersburg,FL,US,17th Avenue North,33710
A4:CF:12:21:2E:D1,CoralVuea4cf12212ed0,37.24515533,-77.38995361,A4:CF:12,6,unknown,2023-03-20T19:00:00.000Z,2025-05-13T08:00:00.000Z,,VA,US,Southpark Boulevard,23834
A4:CF:12:21:2F:B5,CoralVuea4cf12212fb4,25.88413048,-80.31403351,A4:CF:12,6,unknown,2022-12-18T13:00:00.000Z,2026-01-23T11:00:00.000Z,Hialeah,FL,US,West 68th Street,33014
A4:CF:12:21:30:21,CoralVuea4cf12213020,33.88467407,-84.1950531,A4:CF:12,6,unknown,2024-06-04T22:00:00.000Z,2026-04-27T16:00:00.000Z,,GA,US,Britt Road,30093
A4:CF:12:21:31:85,CoralVuea4cf12213184,43.20910645,-84.11711121,A4:CF:12,6,none,2025-08-21T00:00:00.000Z,2026-08-20T16:00:00.000Z,,MI,US,Sharon Road,48655
A4:CF:12:21:7F:A9,CoralVuea4cf12217fa8,42.37661743,-122.91251373,A4:CF:12,6,none,2026-08-31T03:00:00.000Z,2026-08-31T23:00:00.000Z,,OR,US,East Pine Street,97502
A4:CF:12:21:80:15,CoralVuea4cf12218014,41.83317947,-71.43727112,A4:CF:12,6,none,2024-06-23T20:00:00.000Z,2026-06-18T18:00:00.000Z,Providence,RI,US,Parkway Avenue,02908
A4:CF:12:23:62:41,ESP_236241,51.82720566,5.85744476,A4:CF:12,1,none,2026-04-13T08:00:00.000Z,2026-08-29T10:00:00.000Z,Nijmegen,Gelderland,NL,Sint Annastraat,6525GV
A4:CF:12:23:90:B4,,34.27540588,-118.75150299,A4:CF:12,9,none,2026-08-10T18:00:00.000Z,2026-08-11T06:00:00.000Z,Simi Valley,CA,US,East Larch Street,93063-2364
A4:CF:12:24:3B:51,WLED-AP,51.45524216,9.19174194,A4:CF:12,11,wpa2,2025-05-27T22:00:00.000Z,2025-06-06T01:00:00.000Z,,Hessen,DE,Gartenstraße,34479
A4:CF:12:24:56:41,Endeavour-AP,50.4575386,4.85896111,A4:CF:12,11,unknown,2024-09-21T11:00:00.000Z,2024-09-21T05:00:00.000Z,,Namur,BE,Route Merveilleuse,5000
A4:CF:12:24:5D:D1,ESP_245DD1,41.51219559,-83.73104858,A4:CF:12,1,none,2024-04-26T18:00:00.000Z,2024-10-15T06:00:00.000Z,,OH,US,Meadowview Lane,43566
A4:CF:12:24:85:09,ESP_248509,44.06093216,-121.35667419,A4:CF:12,1,none,2025-04-12T02:00:00.000Z,2025-06-21T18:00:00.000Z,Bend,OR,US,Mount Washington Drive,97701-6861
A4:CF:12:24:85:45,ESP_248545,35.87119293,-84.51701355,A4:CF:12,1,none,2024-07-20T20:00:00.000Z,2024-12-09T09:00:00.000Z,,TN,US,South Kentucky Street,37763
A4:CF:12:24:A6:21,SoftRF-24a620,49.23328781,18.6242466,A4:CF:12,1,wpa2,2026-05-02T15:00:00.000Z,2026-05-02T11:00:00.000Z,,Žilinský kraj,SK,2091,01341
A4:CF:12:24:B1:59,lock,55.80257034,37.63454056,A4:CF:12,8,unknown,2024-09-01T13:00:00.000Z,2024-11-10T05:00:00.000Z,Москва,Москва,RU,Проспект Мира (дублёр),129085
A4:CF:12:24:B1:C5,IoT-a4cf,50.96678543,-114.07175446,A4:CF:12,3,wpa2,2025-01-23T01:00:00.000Z,2025-07-28T17:00:00.000Z,Calgary,Alberta,CA,Macleod Trail S,T2H 2V2
A4:CF:12:24:B2:F1,Door1618,24.6373806,-81.90006256,A4:CF:12,1,wpa2,2026-03-15T16:00:00.000Z,2026-03-15T14:00:00.000Z,,FL,US,,
A4:CF:12:24:BE:41,network,44.85116196,-93.55381775,A4:CF:12,1,wpa2,2020-05-07T00:00:00.000Z,2024-10-26T18:00:00.000Z,,MN,US,Lake Susan Hills Drive,55317
A4:CF:12:25:42:48,,27.99259377,-82.18897247,A4:CF:12,1,none,2026-08-20T09:00:00.000Z,2026-08-20T12:00:00.000Z,,FL,US,Downing Street,33527
A4:CF:12:25:BA:BC,,45.52369308,-122.6414566,A4:CF:12,1,wpa2,2026-08-16T18:00:00.000Z,2026-08-20T20:00:00.000Z,Portland,OR,US,Northeast 24th Avenue,97232
A4:CF:12:25:C8:0D,ESP8266_CHARLIE_OSC,-34.55113983,-58.48957062,A4:CF:12,11,wpa2,2022-01-12T17:00:00.000Z,2026-05-10T07:00:00.000Z,Buenos Aires,Ciudad Autónoma de Buenos Aires,AR,Olof Palme,C1430DQQ
A4:CF:12:26:2C:1D,ESP_262C1D,42.90935898,-85.67707825,A4:CF:12,1,none,2025-04-15T10:00:00.000Z,2025-04-26T17:00:00.000Z,,MI,US,PCF Nicholas H. Blodgett Memorial Highway,49509
A4:CF:12:26:42:1D,ESP_26421D,34.15763855,-118.40172577,A4:CF:12,1,none,2026-08-19T19:00:00.000Z,2026-09-01T22:00:00.000Z,Los Angeles,CA,US,Riverside Drive,91607
A4:CF:12:26:4A:9D,ESP_264A9D,40.88463974,-111.88030243,A4:CF:12,1,unknown,2024-09-19T23:00:00.000Z,2024-09-25T16:00:00.000Z,Bountiful,UT,US,East 400 South,84010
A4:CF:12:26:50:00,,39.33381653,-76.56816864,A4:CF:12,1,unknown,2026-05-29T14:00:00.000Z,2026-05-30T16:00:00.000Z,Baltimore,MD,US,Harcourt Road,21214
A4:CF:12:26:63:84,,40.57587433,-74.4147644,A4:CF:12,124,unknown,2026-08-15T15:00:00.000Z,2026-08-30T09:00:00.000Z,,NJ,US,Hamilton Boulevard,07080
A4:CF:12:26:70:84,,27.82913589,-82.73667145,A4:CF:12,16,unknown,2025-12-03T14:00:00.000Z,2025-12-04T14:00:00.000Z,,FL,US,Belcher Road,33781
A4:CF:12:26:81:84,,40.84367371,-73.03562927,A4:CF:12,8,unknown,2025-03-20T22:00:00.000Z,2025-03-20T16:00:00.000Z,,NY,US,Blue Point Road,11738
A4:CF:12:26:8A:40,,34.08206177,-118.21582794,A4:CF:12,3,wpa2,2026-01-12T08:00:00.000Z,2026-01-12T09:00:00.000Z,Los Angeles,CA,US,Barranca Street,90031-2212
A4:CF:12:26:8F:40,,38.23265076,-85.62879181,A4:CF:12,0,wpa2,2026-02-11T16:00:00.000Z,2026-02-16T19:00:00.000Z,Louisville,KY,US,Henry Watterson Expressway,40220
A4:CF:12:26:A6:0D,ESP_26A60D,47.68270874,-121.91978455,A4:CF:12,1,unknown,2024-02-04T07:00:00.000Z,2025-09-21T17:00:00.000Z,,WA,US,Carnation-Duvall Road Northeast,98014
A4:CF:12:26:B1:10,,32.35402679,-97.66298676,A4:CF:12,6,none,2026-08-23T12:00:00.000Z,2026-08-23T11:00:00.000Z,,TX,US,Monticello Drive,
A4:CF:12:26:C1:38,Flock,37.16501617,-113.67473602,A4:CF:12,8,none,2026-08-29T17:00:00.000Z,2026-08-29T18:00:00.000Z,,UT,US,East 200 South,84738
A4:CF:12:26:CA:19,ESP_26CA19,33.75348663,-84.34120178,A4:CF:12,1,unknown,2025-11-14T14:00:00.000Z,2025-11-14T07:00:00.000Z,Atlanta,GA,US,Hosea L Williams Drive Southeast,30317
A4:CF:12:27:22:40,,40.66085434,-73.64488983,A4:CF:12,4,unknown,2025-07-27T12:00:00.000Z,2025-07-27T09:00:00.000Z,,NY,US,North Park Avenue,11570
A4:CF:12:27:25:45,ESP_272545,39.21647644,-84.40930176,A4:CF:12,1,unknown,2026-07-12T22:00:00.000Z,2026-07-12T18:00:00.000Z,,OH,US,Gwilada Drive,45236
A4:CF:12:27:33:10,,47.42060852,-122.22118378,A4:CF:12,1,wpa2,2026-07-18T20:00:00.000Z,2026-08-04T21:00:00.000Z,,WA,US,Valley Freeway,98031
A4:CF:12:27:70:D4,,37.52705002,-120.84445953,A4:CF:12,10,unknown,2023-05-14T18:00:00.000Z,2024-09-11T16:00:00.000Z,Turlock,CA,US,Fosberg Road,95382
A4:CF:12:27:77:94,,39.94367981,-86.00513458,A4:CF:12,5,unknown,2024-04-06T11:00:00.000Z,2024-09-16T12:00:00.000Z,,IN,US,Delaware Parkway,46038
A4:CF:12:27:88:D5,ESP_2788D5,39.89645767,-75.48249054,A4:CF:12,1,unknown,2026-02-15T01:00:00.000Z,2026-02-14T18:00:00.000Z,,PA,US,Baltimore Pike,19342
A4:CF:12:27:AD:75,ESP_27AD75,33.79439926,-116.9777832,A4:CF:12,1,unknown,2026-02-17T04:00:00.000Z,2026-02-16T20:00:00.000Z,,CA,US,De Anza Drive,92583
A4:CF:12:27:E5:D0,,30.12541008,-97.81924438,A4:CF:12,3,unknown,2026-07-05T19:00:00.000Z,2026-07-06T16:00:00.000Z,,TX,US,Twin Creeks Road,78652
A4:CF:12:28:68:BC,,29.17160988,-82.12614441,A4:CF:12,11,none,2026-08-29T10:00:00.000Z,2026-08-29T10:00:00.000Z,Ocala,FL,US,Southeast 17th Street,34471:34474
A4:CF:12:28:6F:61,ESP_286F61,37.35238647,-121.98308563,A4:CF:12,1,unknown,2024-01-24T04:00:00.000Z,2024-09-28T20:00:00.000Z,Santa Clara,CA,US,El Camino Real,95051
A4:CF:12:28:7D:49,ESP_287D49,36.27358627,-115.28223419,A4:CF:12,1,none,2022-12-13T16:00:00.000Z,2025-08-06T18:00:00.000Z,Las Vegas,NV,US,North Durango Drive,89149
A4:CF:12:28:F1:69,ESP_28F169,34.73342514,-112.45413971,A4:CF:12,1,unknown,2023-10-06T14:00:00.000Z,2026-01-31T22:00:00.000Z,,AZ,US,AZ 89,86323
A4:CF:12:2C:31:B1,Mysa-2c31b0,49.28111649,-123.08770752,A4:CF:12,1,unknown,2023-03-20T18:00:00.000Z,2025-11-05T08:00:00.000Z,Vancouver,British Columbia,CA,East Hastings Street,V6A
A4:CF:12:2D:3D:94,,30.63233566,-97.70057678,A4:CF:12,0,unknown,2025-03-11T08:00:00.000Z,2025-03-11T18:00:00.000Z,,TX,US,Wolf Ranch Parkway,78626
A4:CF:12:31:5D:E1,HAVEN-CAM-0000-2204,44.99091339,-123.00508881,A4:CF:12,6,none,2023-04-14T09:00:00.000Z,2026-08-14T17:00:00.000Z,Salem,OR,US,Doctor Martin Luther King Junior Parkway,97303
A4:CF:12:31:8B:61,HAVEN-CAM-0000-2601,45.4943428,-122.634758,A4:CF:12,6,unknown,2024-07-24T18:00:00.000Z,2026-08-14T13:00:00.000Z,Portland,OR,US,Southeast 30th Avenue,97202
A4:CF:12:31:8F:4D,HAVEN-CAM-0000-2571,45.3514061,-122.66427612,A4:CF:12,6,unknown,2025-04-30T11:00:00.000Z,2025-04-30T07:00:00.000Z,,OR,US,Blankenship Road,97068
A4:CF:12:31:A3:8D,HAVEN-CAM-0000-3645,50.66855621,-120.36421967,A4:CF:12,6,unknown,2025-09-19T17:00:00.000Z,2025-09-20T10:00:00.000Z,Kamloops,British Columbia,CA,College Drive,V2C 6G3
A4:CF:12:31:B9:34,,27.89822388,-82.67192078,A4:CF:12,4,unknown,2025-10-29T20:00:00.000Z,2025-10-30T15:00:00.000Z,Saint Petersburg,FL,US,Whisperwood Drive,33762
A4:CF:12:31:D1:19,HAVEN-CAM-0000-2150,44.06613922,-92.50976562,A4:CF:12,6,unknown,2021-06-23T13:00:00.000Z,2025-10-15T06:00:00.000Z,Rochester,MN,US,41st Street Northwest,55901
A4:CF:12:31:F0:AF,,30.63231087,-97.70072174,A4:CF:12,0,unknown,2024-12-27T11:00:00.000Z,2024-12-27T14:00:00.000Z,,TX,US,West University Avenue,78628
A4:CF:12:32:00:E9,HAVEN-CAM-0000-2567,35.62919998,-97.52474976,A4:CF:12,6,unknown,2024-05-07T14:00:00.000Z,2026-05-07T14:00:00.000Z,Oklahoma City,OK,US,Northwest 155th Circle,73003
A4:CF:12:32:1F:4C,,41.47994232,-81.71350098,A4:CF:12,3,unknown,2025-07-25T19:00:00.000Z,2025-07-25T16:00:00.000Z,Cleveland,OH,US,West 41st Street,44109
A4:CF:12:32:30:D8,Bolt,9.93270969,-84.09854889,A4:CF:12,4,unknown,2025-07-29T13:00:00.000Z,2025-08-12T17:00:00.000Z,,Provincia San José,CR,Acera Sabana Sur,10108
A4:CF:12:32:54:11,HAVEN-CAM-0000-2558,43.99662781,-92.45865631,A4:CF:12,6,unknown,2021-03-12T18:00:00.000Z,2026-06-04T19:00:00.000Z,Rochester,MN,US,3rd Avenue Southeast,55904
A4:CF:12:32:67:4D,HAVEN-CAM-0000-2139,45.52171707,-122.61614227,A4:CF:12,6,unknown,2025-08-16T20:00:00.000Z,2025-10-28T16:00:00.000Z,Portland,OR,US,Southeast 45th Avenue,97215
A4:CF:12:32:B1:9D,Afterburner,-35.26018143,146.98779297,A4:CF:12,1,wpa2,2026-08-04T05:00:00.000Z,2026-08-04T01:00:00.000Z,,New South Wales,AU,Lockhart The Rock Road,2655
A4:CF:12:32:B4:69,Afterburner,50.88077927,-1.20485818,A4:CF:12,6,wpa2,2024-10-19T14:00:00.000Z,2025-12-27T08:00:00.000Z,Winchester,England,GB,Serotine Close,PO17 5LT
A4:CF:12:32:B4:85,Afterburner,59.49702835,17.92166138,A4:CF:12,11,wpa2,2024-09-27T13:00:00.000Z,2024-09-27T07:00:00.000Z,,Stockholms län,SE,Stockholmsvägen,19461
A4:CF:12:32:D4:61,Mysa-32d460,49.27760315,-123.11025238,A4:CF:12,1,unknown,2025-09-15T23:00:00.000Z,2025-09-15T17:00:00.000Z,Vancouver,British Columbia,CA,Pacific Boulevard,V6B
A4:CF:12:32:D7:11,HAVEN-CAM-0000-2146,45.02492523,-123.01755524,A4:CF:12,6,unknown,2024-10-21T01:00:00.000Z,2024-10-20T18:00:00.000Z,,OR,US,Parkmeadow Drive Northeast,97303
A4:CF:12:32:E7:15,Mysa-32e714,42.09234619,-71.09401703,A4:CF:12,11,none,2026-05-15T19:00:00.000Z,2026-05-31T17:00:00.000Z,,MA,US,Washington Street,02072
A4:CF:12:33:20:89,HAVEN-CAM-0000-4049,50.66858673,-120.36426544,A4:CF:12,6,unknown,2025-09-19T17:00:00.000Z,2025-09-20T10:00:00.000Z,Kamloops,British Columbia,CA,College Drive,V2C 6G3
A4:CF:12:33:21:F1,Mysa-3321f0,33.18263245,-117.29970551,A4:CF:12,1,none,2024-12-27T08:00:00.000Z,2024-12-28T12:00:00.000Z,Oceanside,CA,US,Ronald Packard Parkway,92056
A4:CF:12:33:28:5D,Mysa-33285c,33.18262863,-117.30014038,A4:CF:12,6,none,2024-12-21T21:00:00.000Z,2026-08-01T12:00:00.000Z,Oceanside,CA,US,Ronald Packard Parkway,92010
A4:CF:12:33:2D:75,Mysa-332d74,33.18367386,-117.29962158,A4:CF:12,1,none,2024-10-20T02:00:00.000Z,2024-10-19T21:00:00.000Z,Oceanside,CA,US,Harvard Drive,92056
A4:CF:12:33:2E:41,Mysa-332e40,41.44990921,-75.3468399,A4:CF:12,11,unknown,2024-10-02T20:00:00.000Z,2024-10-02T16:00:00.000Z,,PA,US,North Gate Road,18436
A4:CF:12:33:40:29,poco-2840,41.42194366,-82.35832214,A4:CF:12,1,wpa2,2026-08-15T15:00:00.000Z,2026-08-20T22:00:00.000Z,,OH,US,Liberty Avenue,44089
A4:CF:12:33:6B:CD,Traeger-6BCD,47.77427673,-117.08834076,A4:CF:12,5,wpa2,2025-06-26T01:00:00.000Z,2025-09-27T19:00:00.000Z,,WA,US,East Newman Lake Drive,
A4:CF:12:33:71:B9,Traeger-71B9,45.51023865,-122.51441193,A4:CF:12,5,wpa2,2003-05-23T00:00:00.000Z,2026-04-11T12:00:00.000Z,Portland,OR,US,Southeast Mill Street,97233
A4:CF:12:33:7E:75,Traeger-7E75,47.67993164,-117.42521667,A4:CF:12,5,wpa2,2025-07-27T19:00:00.000Z,2026-08-31T19:00:00.000Z,Spokane,WA,US,North Lincoln Street,99205-4529
A4:CF:12:33:93:99,Traeger-9399,41.22505188,-96.10075378,A4:CF:12,5,wpa2,2021-11-10T13:00:00.000Z,2026-06-29T19:00:00.000Z,Omaha,NE,US,South 120th Street,68137
A4:CF:12:33:A8:E8,,39.35906219,-76.47333527,A4:CF:12,4,unknown,2026-07-25T07:00:00.000Z,2026-08-09T14:00:00.000Z,,MD,US,King Avenue,21237
A4:CF:12:33:B0:E9,Traeger-B0E9,29.7945652,-95.7598114,A4:CF:12,5,wpa2,2023-03-08T10:00:00.000Z,2026-06-01T09:00:00.000Z,,TX,US,Colonial Parkway,77449
A4:CF:12:33:C7:18,,30.18714905,-97.05206299,A4:CF:12,0,unknown,2025-05-26T15:00:00.000Z,2025-05-30T16:00:00.000Z,,TX,US,US 290,
A4:CF:12:33:CD:15,Traeger-CD15,39.31959915,-77.96823883,A4:CF:12,5,wpa2,2025-11-15T18:00:00.000Z,2025-11-15T14:00:00.000Z,,WV,US,Leetown Road,
A4:CF:12:33:DE:74,,39.99470139,-86.04717255,A4:CF:12,5,unknown,2024-09-17T02:00:00.000Z,2025-07-16T18:00:00.000Z,,IN,US,Antiquity Drive,46042
A4:CF:12:33:E7:81,Traeger-E781,49.27662659,-123.08599091,A4:CF:12,5,wpa2,2026-04-19T19:00:00.000Z,2026-08-01T11:00:00.000Z,Vancouver,British Columbia,CA,Prior Street,V6A
A4:CF:12:33:EE:51,Traeger-EE51,44.85055923,-95.61959076,A4:CF:12,5,wpa2,2025-04-17T19:00:00.000Z,2025-08-09T02:00:00.000Z,,MN,US,US 212,
A4:CF:12:33:FC:49,Traeger-FC49,33.47057343,-117.11952209,A4:CF:12,5,wpa2,2024-10-31T22:00:00.000Z,2026-08-17T19:00:00.000Z,Temecula,CA,US,Muirfield Drive,92530-2703
A4:CF:12:34:00:14,,37.74098206,-97.48092651,A4:CF:12,5,unknown,2026-05-26T19:00:00.000Z,2026-05-26T13:00:00.000Z,,KS,US,North 119th Street West,67205
A4:CF:12:34:03:E1,Traeger-03E1,39.48746109,-76.65470123,A4:CF:12,5,wpa,2026-03-09T13:00:00.000Z,2026-03-22T13:00:00.000Z,,MD,US,Wight Avenue,21031
A4:CF:12:34:06:41,Traeger-0641,52.28276443,-113.7665863,A4:CF:12,5,wpa2,2025-03-09T00:00:00.000Z,2025-03-08T17:00:00.000Z,City of Red Deer,Alberta,CA,30 Avenue,T4P 0M9
A4:CF:12:34:0D:A1,poco-A00D,24.5662632,-81.73390961,A4:CF:12,1,wpa2,2025-03-08T19:00:00.000Z,2025-03-10T09:00:00.000Z,,FL,US,Front Street,33040
A4:CF:12:34:0F:35,poco-340F,34.16031265,-84.58229828,A4:CF:12,1,wpa2,2025-06-11T22:00:00.000Z,2025-06-11T16:00:00.000Z,,GA,US,Bells Ferry Road,30114
A4:CF:12:34:0F:B9,poco-B80F,32.09584427,-81.1371994,A4:CF:12,6,wpa2,2020-07-09T18:00:00.000Z,2025-04-12T20:00:00.000Z,,GA,US,Lynes Parkway,31415
A4:CF:12:34:13:F5,T009_3413F4,46.13711929,9.37034798,A4:CF:12,5,none,2022-08-30T19:00:00.000Z,2026-07-31T07:00:00.000Z,,Lombardia,IT,Piazza Giuseppe Garibaldi,23823
A4:CF:12:34:14:85,T009_341484,52.04263306,5.67983818,A4:CF:12,4,unknown,2023-03-11T20:00:00.000Z,2026-04-19T12:00:00.000Z,Ede,Gelderland,NL,Arnhemseweg,6711HE
A4:CF:12:34:14:A5,T009_3414A4,52.3415451,6.66141796,A4:CF:12,1,unknown,2020-03-18T09:00:00.000Z,2026-07-01T00:00:00.000Z,,Overijssel,NL,Bornerbroeksestraat,7606BS
A4:CF:12:34:14:C9,T009_3414C8,53.38222504,6.62081194,A4:CF:12,8,unknown,2025-06-02T18:00:00.000Z,2025-06-02T12:00:00.000Z,,Groningen,NL,Kloosterweg,9998XD
A4:CF:12:34:18:11,Mysa-341810,49.26576233,-123.12179565,A4:CF:12,1,none,2026-05-28T23:00:00.000Z,2026-07-31T20:00:00.000Z,Vancouver,British Columbia,CA,West 6th Avenue,V5Z
A4:CF:12:34:18:A9,Traeger-18A9,39.41008377,-104.89967346,A4:CF:12,5,wpa2,2025-02-04T21:00:00.000Z,2025-02-04T16:00:00.000Z,,CO,US,North Wildflowers Way,80109
A4:CF:12:34:19:7D,Mysa-34197c,40.58404922,-74.09772491,A4:CF:12,6,unknown,2024-12-23T18:00:00.000Z,2025-01-02T10:00:00.000Z,City of New York,NY,US,Vera Street,10305
A4:CF:12:34:19:91,Mysa-341990,45.67692947,-73.88553619,A4:CF:12,6,unknown,2025-06-16T19:00:00.000Z,2026-05-18T14:00:00.000Z,,Québec,CA,76e Avenue Ouest,J7C 2M6
A4:CF:12:34:28:99,T009_342898,49.53564835,1.06134963,A4:CF:12,11,unknown,2025-11-12T06:00:00.000Z,2025-11-12T00:00:00.000Z,,Normandie,FR,Route d'Houppeville,76770
A4:CF:12:34:28:B5,T009_3428B4,50.86027908,5.62132692,A4:CF:12,6,unknown,2024-02-16T09:00:00.000Z,2024-09-13T05:00:00.000Z,,Limburg,BE,Bilzerbaan,3620
A4:CF:12:34:2C:65,T009_342C64,51.95252228,9.04702759,A4:CF:12,1,unknown,2023-06-23T19:00:00.000Z,2026-08-29T03:00:00.000Z,,Nordrhein-Westfalen,DE,Lemgoer Straße,32825
A4:CF:12:34:2D:41,T009_342D40,48.04163361,-1.604087,A4:CF:12,11,none,2026-02-27T17:00:00.000Z,2026-08-25T14:00:00.000Z,,Bretagne,FR,Rue de Bannalec,35770
A4:CF:12:34:2E:65,CFMSST_AC100209,36.62345123,29.12611771,A4:CF:12,2,wpa2,2023-10-11T14:00:00.000Z,2024-09-30T08:00:00.000Z,,Ege Bölgesi,TR,İnönü Bulvarı,48300
A4:CF:12:34:2E:9D,CFMSST_AM200585,-35.2771759,149.13038635,A4:CF:12,5,wpa2,2022-05-11T11:00:00.000Z,2025-08-07T15:00:00.000Z,,District of Canberra Central,AU,C8,2601
A4:CF:12:34:2F:01,CFMSST_AS100716,52.45527267,16.92451668,A4:CF:12,2,wpa2,2026-06-17T14:00:00.000Z,2026-06-17T09:00:00.000Z,,województwo wielkopolskie,PL,Stanisława Strugarka,60-670
A4:CF:12:34:2F:B5,CFMSST_AS200150,60.1615715,24.91571045,A4:CF:12,5,wpa2,2021-06-08T10:00:00.000Z,2026-04-30T11:00:00.000Z,Helsinki,Manner-Suomi,FI,Selkämerenkatu,00220
A4:CF:12:34:30:69,CFMSST_AM000302,-35.33864975,149.1509552,A4:CF:12,2,wpa2,2025-06-22T01:00:00.000Z,2025-06-21T19:00:00.000Z,Canberra,District of Canberra Central,AU,Jerrabomberra Avenue,2604
A4:CF:12:34:32:6D,Mysa-34326c,33.95677567,-118.43275452,A4:CF:12,1,unknown,2026-07-19T18:00:00.000Z,2026-08-20T22:00:00.000Z,Los Angeles,CA,US,Gulana Avenue,90293
A4:CF:12:34:34:81,CFMSST_AA110044,45.77378845,4.77853251,A4:CF:12,1,wpa2,2022-11-10T17:00:00.000Z,2025-04-05T11:00:00.000Z,,Auvergne-Rhône-Alpes,FR,Avenue du Docteur Terver,69130
A4:CF:12:34:35:05,CFMSST_AM200283,45.52174759,9.59302998,A4:CF:12,8,wpa2,2026-01-09T10:00:00.000Z,2026-01-09T03:00:00.000Z,,Lombardia,IT,Piazza Luciano Manara,24047
A4:CF:12:34:35:0D,CFMSST_AM000280,52.08652496,4.89325953,A4:CF:12,11,wpa2,2025-04-22T19:00:00.000Z,2026-03-22T06:00:00.000Z,,Utrecht,NL,Johan van Oldenbarneveltlaan,3445AD
A4:CF:12:34:36:4D,CFMSST_AM101612,42.76135635,11.11314678,A4:CF:12,10,wpa2,2021-11-20T23:00:00.000Z,2026-02-24T03:00:00.000Z,Grosseto,Toscana,IT,Corso Carducci,58100
A4:CF:12:34:37:5D,CFMTDU_71T70080,49.1267662,8.59655094,A4:CF:12,2,wpa2,2026-06-01T14:00:00.000Z,2026-06-11T15:00:00.000Z,,Baden-Württemberg,DE,Schloßstraße,76646
A4:CF:12:34:37:CD,CFMTDU_71HH0314,49.45546722,7.80537891,A4:CF:12,9,wpa2,2023-03-21T10:00:00.000Z,2025-11-17T02:00:00.000Z,Kaiserslautern,Rheinland-Pfalz,DE,Brüsseler Straße,67657
A4:CF:12:34:38:61,CFMSST_AM000291,-43.30176926,172.59402466,A4:CF:12,9,wpa2,2025-10-15T01:00:00.000Z,2025-11-26T23:00:00.000Z,,Canterbury,NZ,Good Street,7400
A4:CF:12:34:38:ED,CFMSST_AA200300,60.16989136,24.92487907,A4:CF:12,3,wpa2,2025-10-18T11:00:00.000Z,2025-10-18T11:00:00.000Z,Helsinki,Manner-Suomi,FI,Hietaniemenkatu,00100
A4:CF:12:34:39:2D,Traeger-392D,44.89582062,-93.30864716,A4:CF:12,5,wpa2,2024-12-03T22:00:00.000Z,2025-09-24T16:00:00.000Z,Minneapolis,MN,US,Penn Avenue South,55423-1139
A4:CF:12:34:39:7D,CFMTDU_71HF0205,49.4553833,7.80530119,A4:CF:12,1,wpa2,2023-03-21T10:00:00.000Z,2025-11-17T02:00:00.000Z,Kaiserslautern,Rheinland-Pfalz,DE,Brüsseler Straße,67657
A4:CF:12:34:39:81,CFMTDU_71HL0108,48.29948807,4.07716608,A4:CF:12,5,wpa2,2025-09-03T11:00:00.000Z,2025-09-03T04:00:00.000Z,Troyes,Grand Est,FR,Quai des Comtes de Champagne,10000
A4:CF:12:34:39:E5,CFMTDU_71HA0489,48.81066132,9.16292667,A4:CF:12,3,wpa2,2024-11-05T11:00:00.000Z,2024-11-05T10:00:00.000Z,Stuttgart,Baden-Württemberg,DE,Leobener Straße,70469
A4:CF:12:34:3A:C1,Scotty?s CFX,-19.27569389,146.75984192,A4:CF:12,1,wpa2,2024-11-20T09:00:00.000Z,2025-08-10T01:00:00.000Z,Townsville,Queensland,AU,Duckworth Street,4814
A4:CF:12:34:3A:E9,CFX3_343ae8,46.00083923,8.97918415,A4:CF:12,1,wpa2,2025-10-18T11:00:00.000Z,2025-10-19T07:00:00.000Z,Lugano,Ticino,CH,Via Cortivo,6976
A4:CF:12:34:3B:11,CFX3_343b10,48.76700211,44.55718994,A4:CF:12,1,unknown,2026-08-06T16:00:00.000Z,2026-08-06T11:00:00.000Z,Волгоград,Волгоградская область,RU,,400007
A4:CF:12:34:3B:31,Kühlbox,53.02409744,8.84312344,A4:CF:12,1,wpa2,2026-06-21T13:00:00.000Z,2026-06-21T09:00:00.000Z,Bremen,Bremen,DE,A 1,28279
A4:CF:12:34:3B:DD,CFMTDU_71TS0029,48.13576889,11.57099628,A4:CF:12,3,wpa2,2023-09-07T14:00:00.000Z,2025-12-29T04:00:00.000Z,München,Bayern,DE,Hackenstraße,80331
A4:CF:12:34:3B:ED,CFMTDU_71HQ0032,38.76184082,-9.09653378,A4:CF:12,1,wpa2,2021-10-22T13:00:00.000Z,2026-01-23T16:00:00.000Z,Lisboa,Lisboa,PT,Avenida de Ulisses,1990-212
A4:CF:12:34:3D:65,T009_343D64,52.64408493,6.21448755,A4:CF:12,11,none,2026-04-25T09:00:00.000Z,2026-06-03T10:00:00.000Z,,Overijssel,NL,Bosland,7951GK
A4:CF:12:34:3E:21,T009_343E20,43.37455368,-4.51483011,A4:CF:12,9,unknown,2025-11-05T18:00:00.000Z,2025-11-05T10:00:00.000Z,Val de San Vicente,Cantabria,ES,Paseo Juncal,39560
A4:CF:12:34:3E:DD,T009_343EDC,43.15406036,-4.62416983,A4:CF:12,1,unknown,2025-11-05T16:00:00.000Z,2025-11-05T10:00:00.000Z,,Cantabria,ES,Calle del Capitán Palacio,39570
A4:CF:12:34:3F:09,T009_343F08,40.91636276,14.22117805,A4:CF:12,13,unknown,2025-04-13T15:00:00.000Z,2025-04-13T08:00:00.000Z,,Campania,IT,Strada Provinciale Mugnano-Melito,80017
A4:CF:12:34:3F:D5,T009_343FD4,50.64122391,4.20591497,A4:CF:12,11,unknown,2026-05-30T15:00:00.000Z,2026-05-30T09:00:00.000Z,,Brabant wallon,BE,Rue d'Hennuyères,1460
A4:CF:12:34:40:19,T009_344018,50.42309189,4.63970709,A4:CF:12,1,unknown,2026-05-24T19:00:00.000Z,2026-05-25T14:00:00.000Z,,Namur,BE,Rue de Fosses,5060
A4:CF:12:34:46:09,Mysa-344608,47.00153351,-122.92683411,A4:CF:12,1,none,2025-04-17T20:00:00.000Z,2025-04-26T13:00:00.000Z,Tumwater,WA,US,Rural Road Southwest,98512
A4:CF:12:34:46:A1,Traeger-46A1,35.12763977,-101.87935638,A4:CF:12,5,wpa2,2026-06-05T15:00:00.000Z,2026-06-08T19:00:00.000Z,Amarillo,TX,US,Knoll Drive,79110
A4:CF:12:34:48:51,Mysa-344850,41.45028687,-75.34679413,A4:CF:12,6,unknown,2024-10-02T20:00:00.000Z,2025-10-03T19:00:00.000Z,,PA,US,Northgate Road,18436
A4:CF:12:34:48:69,Mysa-344868,41.44990921,-75.3468399,A4:CF:12,6,unknown,2024-10-02T20:00:00.000Z,2024-10-02T16:00:00.000Z,,PA,US,North Gate Road,18436
A4:CF:12:34:5C:9D,Traeger-5C9D,48.4942894,-116.89720154,A4:CF:12,5,wpa2,2026-07-25T17:00:00.000Z,2026-07-25T10:00:00.000Z,,ID,US,Outlet Bay Road,
A4:CF:12:34:79:19,Traeger-7919,42.38957214,-123.41792297,A4:CF:12,5,wpa2,2026-08-20T02:00:00.000Z,2026-08-20T09:00:00.000Z,,OR,US,Jerome Prairie Road,97527
A4:CF:12:34:84:E8,,40.76325607,-73.00152588,A4:CF:12,4,unknown,2025-02-08T00:00:00.000Z,2025-02-07T18:00:00.000Z,,NY,US,Grove Avenue,11772
A4:CF:12:34:87:48,,41.57995224,-93.83404541,A4:CF:12,2,unknown,2026-06-13T01:00:00.000Z,2026-07-03T11:00:00.000Z,West Des Moines,IA,US,Ashworth Road,50263
A4:CF:12:34:8B:B4,,27.76515007,-82.7677002,A4:CF:12,3,unknown,2025-10-13T21:00:00.000Z,2025-10-14T12:00:00.000Z,,FL,US,Gulf Boulevard,33785
A4:CF:12:34:8B:BD,Traeger-8BBD,39.32574844,-76.46082306,A4:CF:12,5,wpa2,2021-09-18T12:00:00.000Z,2026-08-14T10:00:00.000Z,,MD,US,Stemmers Run Road,21221
A4:CF:12:34:D1:E9,Traeger-D1E9,40.9459343,-98.38697815,A4:CF:12,5,wpa2,2024-11-18T21:00:00.000Z,2024-11-18T13:00:00.000Z,Grand Island,NE,US,Carleton Avenue,68803
A4:CF:12:34:D3:49,SC_191019200733A4CF1234D348,1.30386722,103.83177185,A4:CF:12,11,wpa2,2024-03-27T05:00:00.000Z,2025-09-06T05:00:00.000Z,Singapore,Central,SG,Orchard Turn,238801
A4:CF:12:34:D3:C5,SC_191019173932A4CF1234D3C4,1.37867272,103.76266479,A4:CF:12,1,wpa2,2025-05-16T06:00:00.000Z,2025-05-25T06:00:00.000Z,Singapore,Northwest,SG,Petir Road,678278
A4:CF:12:34:D3:C9,SC_191019160832A4CF1234D3C8,1.33946049,103.73029327,A4:CF:12,1,wpa2,2026-04-30T10:00:00.000Z,2026-04-30T05:00:00.000Z,Jurong East,Southwest,SG,Jurong Park Connector,600353
A4:CF:12:34:D5:5D,SC_191019192223A4CF1234D55C,12.93568516,77.6081543,A4:CF:12,1,wpa2,2025-12-08T09:00:00.000Z,2026-05-27T05:00:00.000Z,Bengaluru,Karnataka,IN,Dr. M H Marigowda Road,560029
A4:CF:12:34:D5:79,SC_191019092324A4CF1234D578,1.30440617,103.83153534,A4:CF:12,11,wpa2,2024-11-07T13:00:00.000Z,2024-11-07T06:00:00.000Z,Singapore,Central,SG,Orchard Turn,238801
A4:CF:12:34:D5:C5,SC_191019102342A4CF1234D5C4,1.33836901,103.72758484,A4:CF:12,1,wpa2,2026-04-30T10:00:00.000Z,2026-04-30T05:00:00.000Z,Jurong East,Southwest,SG,Chinese Garden Road,618650
A4:CF:12:34:D5:D5,SC_191019104428A4CF1234D5D4,1.30428159,103.83367157,A4:CF:12,1,wpa2,2025-08-17T07:00:00.000Z,2025-08-17T04:00:00.000Z,Singapore,Central,SG,Orchard Promenade,2424
A4:CF:12:34:D5:FD,SC_191019163709A4CF1234D5FC,12.9363842,77.60662842,A4:CF:12,1,wpa2,2024-07-05T08:00:00.000Z,2024-09-30T18:00:00.000Z,Bengaluru,Karnataka,IN,Dr. M H Marigowda Road,560030
A4:CF:12:34:D7:21,SC_191020091403A4CF1234D720,1.30343544,103.83306122,A4:CF:12,1,wpa2,2023-06-21T18:00:00.000Z,2025-08-16T09:00:00.000Z,Singapore,Central,SG,Orchard Turn,238877
A4:CF:12:34:D7:2D,SC_191019192522A4CF1234D72C,1.28227413,103.85861206,A4:CF:12,1,wpa2,2024-06-09T09:00:00.000Z,2024-10-17T02:00:00.000Z,Singapore,Central,SG,Bayfront Avenue,18957
A4:CF:12:34:D7:39,SC_191019142818A4CF1234D738,1.37852144,103.76264191,A4:CF:12,1,wpa2,2025-05-16T06:00:00.000Z,2025-05-25T06:00:00.000Z,Singapore,Northwest,SG,Petir Road,678278
A4:CF:12:34:D7:65,SC_241216144236A4CF1234D764,1.29466701,103.85298157,A4:CF:12,9,wpa2,2025-10-02T11:00:00.000Z,2025-10-02T07:00:00.000Z,Singapore,Central,SG,North Bridge Road,179103
A4:CF:12:34:D7:69,SC_191018162037A4CF1234D768,12.9361639,77.60739899,A4:CF:12,1,wpa2,2026-02-07T07:00:00.000Z,2026-02-07T05:00:00.000Z,Bengaluru,Karnataka,IN,Dr. M H Marigowda Road,560030
A4:CF:12:34:D7:75,SC_191018155820A4CF1234D774,1.37834263,103.76342773,A4:CF:12,1,wpa2,2025-03-31T08:00:00.000Z,2025-05-16T03:00:00.000Z,Singapore,Northwest,SG,Petir Road,678278
A4:CF:12:34:D7:7D,SC_191018155334A4CF1234D77C,1.28523993,103.84926605,A4:CF:12,1,wpa2,2026-03-29T11:00:00.000Z,2026-03-29T06:00:00.000Z,Singapore,Central,SG,Chulia Street,049513
A4:CF:12:34:D7:99,SC_191018181534A4CF1234D798,1.28165543,103.85860443,A4:CF:12,1,wpa2,2001-01-01T00:00:00.000Z,2026-04-29T05:00:00.000Z,Singapore,Central,SG,Bayfront Avenue,18957
A4:CF:12:34:D7:A9,SC_191018182342A4CF1234D7A8,1.30403519,103.83145905,A4:CF:12,11,wpa2,2024-11-10T04:00:00.000Z,2024-11-10T01:00:00.000Z,Singapore,Central,SG,Orchard Turn,238801
A4:CF:12:34:DC:19,SC_191018195129A4CF1234DC18,1.30256021,103.83210754,A4:CF:12,11,wpa2,2026-08-31T03:00:00.000Z,2026-09-03T00:00:00.000Z,Singapore,Central,SG,Orchard Turn,238878
A4:CF:12:34:DC:2D,SC_191018175751A4CF1234DC2C,1.34314275,103.72260284,A4:CF:12,1,wpa2,2026-04-30T09:00:00.000Z,2026-04-30T05:00:00.000Z,Jurong East,Southwest,SG,Jurong Park Connector,649845
A4:CF:12:34:DC:31,SC_191018192801A4CF1234DC30,1.29869735,103.85527802,A4:CF:12,1,wpa2,2025-08-29T15:00:00.000Z,2025-08-30T00:00:00.000Z,Singapore,Central,SG,Victoria Street,188021
A4:CF:12:34:DC:5D,SC_191018190443A4CF1234DC5C,1.28235447,103.85860443,A4:CF:12,1,wpa2,2024-10-17T05:00:00.000Z,2026-04-27T07:00:00.000Z,Singapore,Central,SG,Bayfront Avenue,18957
A4:CF:12:34:E3:99,SC_191019085912A4CF1234E398,1.28306055,103.85916901,A4:CF:12,1,wpa2,2001-01-01T00:00:00.000Z,2026-07-16T09:00:00.000Z,Singapore,Central,SG,Bayfront Avenue,018956
A4:CF:12:34:E4:85,SC_191018162856A4CF1234E484,1.37831151,103.76334381,A4:CF:12,1,wpa2,2025-05-25T11:00:00.000Z,2025-05-25T06:00:00.000Z,Singapore,Northwest,SG,Petir Road,678278
A4:CF:12:34:E4:B1,SC_191018174933A4CF1234E4B0,1.30283284,103.83204651,A4:CF:12,11,wpa2,2001-01-01T08:00:00.000Z,2026-09-03T00:00:00.000Z,Singapore,Central,SG,Orchard Boulevard,238801
A4:CF:12:34:E7:11,SC_241127214204A4CF1234E710,1.27657986,103.84313965,A4:CF:12,1,wpa2,2025-08-30T05:00:00.000Z,2026-04-30T03:00:00.000Z,Singapore,Central,SG,Tanjong Pagar Road,081006
A4:CF:12:34:E7:AD,SC_191018193911A4CF1234E7AC,1.30055678,103.84020233,A4:CF:12,1,wpa2,2024-12-07T04:00:00.000Z,2025-08-27T19:00:00.000Z,Singapore,Central,SG,Orchard Road,238896
A4:CF:12:34:E7:B5,SC_191018190456A4CF1234E7B4,1.37843144,103.7625351,A4:CF:12,1,wpa2,2024-10-31T12:00:00.000Z,2025-05-25T06:00:00.000Z,Singapore,Northwest,SG,Petir Road,678278
A4:CF:12:34:E7:E9,SC_191018192549A4CF1234E7E8,1.30435872,103.8315506,A4:CF:12,11,wpa2,2024-11-07T13:00:00.000Z,2024-11-07T06:00:00.000Z,Singapore,Central,SG,Orchard Turn,238801
A4:CF:12:34:E8:01,SC_191018185343A4CF1234E800,1.37835348,103.76345825,A4:CF:12,1,wpa2,2025-03-31T08:00:00.000Z,2025-05-16T03:00:00.000Z,Singapore,Northwest,SG,Petir Road,678278
A4:CF:12:34:E8:FD,SC_191019094408A4CF1234E8FC,1.28229427,103.85868835,A4:CF:12,1,wpa2,2024-04-05T03:00:00.000Z,2024-10-17T02:00:00.000Z,Singapore,Central,SG,Bayfront Avenue,18957
A4:CF:12:34:FA:51,poco-50FA,18.45837593,-66.08654785,A4:CF:12,1,wpa2,2026-07-15T13:00:00.000Z,2026-08-04T07:00:00.000Z,San Juan,PR,US,Boulevard Román Baldorioty de Castro,00908
A4:CF:12:34:FE:F0,,39.9485321,-86.02845001,A4:CF:12,8,unknown,2024-06-17T09:00:00.000Z,2024-09-16T13:00:00.000Z,,IN,US,Timber Springs Drive,46038
A4:CF:12:35:08:0D,poco-0C08,36.43986511,-88.07963562,A4:CF:12,6,wpa2,2025-07-31T19:00:00.000Z,2025-10-03T20:00:00.000Z,,TN,US,Austin Peay Memorial Highway,38222
A4:CF:12:35:08:5D,poco-5C08,40.83786011,-73.70315552,A4:CF:12,6,wpa2,2026-08-06T23:00:00.000Z,2026-08-07T16:00:00.000Z,,NY,US,Shore Road,11050
A4:CF:12:35:15:A9,poco-A815,41.62767792,-70.90771484,A4:CF:12,1,wpa2,2026-08-06T14:00:00.000Z,2026-08-06T16:00:00.000Z,,MA,US,Paradise Drive,02719
A4:CF:12:35:18:21,Traeger-1821,26.24005508,-80.17842865,A4:CF:12,5,wpa2,2025-04-21T04:00:00.000Z,2025-07-28T19:00:00.000Z,,FL,US,Northwest 7th Street,33066
A4:CF:12:35:18:7D,Traeger-187D,38.21539688,-79.04511261,A4:CF:12,5,wpa2,2025-11-01T20:00:00.000Z,2025-12-08T21:00:00.000Z,,VA,US,Quicks Mill Road,24482
A4:CF:12:35:19:35,Traeger-1935,43.24165344,-79.85493469,A4:CF:12,5,wpa2,2024-11-03T22:00:00.000Z,2026-05-06T16:00:00.000Z,Hamilton,Ontario,CA,Concession Street,L9A 1C3
A4:CF:12:35:19:CD,Traeger-19CD,30.47219467,-87.82705688,A4:CF:12,5,wpa2,2023-08-23T16:00:00.000Z,2026-07-22T16:00:00.000Z,,AL,US,Old Pierce Road,36532
A4:CF:12:35:1A:25,Traeger-1A25,41.53261185,-83.4802475,A4:CF:12,5,wpa2,2024-04-14T02:00:00.000Z,2024-09-30T11:00:00.000Z,,OH,US,Ohio Turnpike,43463
A4:CF:12:35:1B:69,Traeger-1B69,27.79617882,-82.31848145,A4:CF:12,5,wpa2,2025-02-16T23:00:00.000Z,2025-06-22T14:00:00.000Z,,FL,US,Summerfield Boulevard,33579
A4:CF:12:35:1C:81,Traeger-1C81,45.43874741,-122.83668518,A4:CF:12,5,wpa2,2025-06-11T15:00:00.000Z,2026-05-13T10:00:00.000Z,Beaverton,OR,US,Southwest Pintail Loop,97007
A4:CF:12:35:1D:59,Traeger-1D59,36.98038101,-113.83320618,A4:CF:12,5,wpa2,2024-03-02T23:00:00.000Z,2026-06-17T16:00:00.000Z,,AZ,US,Cedar Pocket Road,
A4:CF:12:35:1E:39,Traeger-1E39,42.47588348,-122.79800415,A4:CF:12,5,wpa2,2024-10-10T22:00:00.000Z,2024-10-10T16:00:00.000Z,,OR,US,Teakwood Drive,97524
A4:CF:12:35:1E:5D,Traeger-1E5D,41.25769424,-95.960495,A4:CF:12,5,wpa2,2020-07-12T00:00:00.000Z,2025-09-01T18:00:00.000Z,Omaha,NE,US,Farnam Street,68131
A4:CF:12:35:1F:4D,Traeger-1F4D,47.86078644,-122.30130768,A4:CF:12,5,wpa2,2025-01-14T22:00:00.000Z,2025-01-14T14:00:00.000Z,,WA,US,152nd Street Southwest,98026-4304
A4:CF:12:35:1F:5D,Traeger-1F5D,33.74194336,-112.19889069,A4:CF:12,5,wpa2,2025-09-19T22:00:00.000Z,2025-09-28T11:00:00.000Z,Phoenix,AZ,US,North 64th Lane,85083
A4:CF:12:35:20:9D,Traeger-209D,45.25538635,-122.67685699,A4:CF:12,5,wpa2,2026-08-11T01:00:00.000Z,2026-08-10T19:00:00.000Z,,OR,US,South Redwood Street,97013
A4:CF:12:35:20:C1,Traeger-20C1,48.81905746,-122.62654114,A4:CF:12,5,wpa2,2023-10-29T20:00:00.000Z,2026-05-05T12:00:00.000Z,,WA,US,Slater Road,98248
A4:CF:12:35:20:D1,Traeger-20D1,39.5712204,-119.68933105,A4:CF:12,5,wpa2,2024-06-22T03:00:00.000Z,2024-10-20T22:00:00.000Z,,NV,US,Granville Drive,89434
A4:CF:12:35:21:E5,Traeger-21E5,41.29759598,-72.53872681,A4:CF:12,5,wpa2,2026-06-25T10:00:00.000Z,2026-07-02T03:00:00.000Z,,CT,US,Autumn Lane,06413
A4:CF:12:35:21:F5,Traeger-21F5,36.27355576,-115.08568573,A4:CF:12,5,wpa2,2024-03-29T19:00:00.000Z,2025-04-15T13:00:00.000Z,North Las Vegas,NV,US,Grant Hill Avenue,89081
A4:CF:12:35:22:11,Traeger-2211,37.95940781,-121.70606232,A4:CF:12,5,wpa2,2026-05-29T17:00:00.000Z,2026-05-29T10:00:00.000Z,,CA,US,Morro Bay Drive,94513
A4:CF:12:35:23:E1,Traeger-23E1,38.70795059,-121.3036499,A4:CF:12,5,wpa2,2024-07-19T20:00:00.000Z,2024-10-05T14:00:00.000Z,,CA,US,Parish Way,95621
A4:CF:12:35:25:15,Traeger-2515,36.22990036,-115.29728699,A4:CF:12,5,wpa2,2022-09-04T15:00:00.000Z,2026-07-22T13:00:00.000Z,Las Vegas,NV,US,West Gilmore Avenue,89129
A4:CF:12:35:25:65,Traeger-2565,37.08702087,-113.54507446,A4:CF:12,5,wpa2,2025-02-01T18:00:00.000Z,2025-02-01T17:00:00.000Z,St. George,UT,US,Virgin River Trail,84790
A4:CF:12:35:25:FD,Traeger-25FD,47.16130066,-119.86084747,A4:CF:12,5,wpa2,2025-01-01T00:00:00.000Z,2024-12-31T18:00:00.000Z,,WA,US,White Trail Road,98848
A4:CF:12:35:26:2D,Traeger-262D,43.07819366,-86.1772995,A4:CF:12,5,wpa2,2024-05-19T16:00:00.000Z,2026-06-19T13:00:00.000Z,,MI,US,Central Avenue,49456
A4:CF:12:35:26:49,Traeger-2649,47.76228333,-116.83148956,A4:CF:12,5,wpa2,2026-07-07T17:00:00.000Z,2026-09-02T17:00:00.000Z,,ID,US,North Atlas Road,83835
A4:CF:12:35:26:79,Traeger-2679,48.16375351,-103.63909912,A4:CF:12,5,wpa2,2023-03-21T16:00:00.000Z,2026-07-29T22:00:00.000Z,Williston,ND,US,Dakota Parkway,58801
A4:CF:12:35:26:91,Traeger-2691,47.2553215,-122.49651337,A4:CF:12,5,wpa2,2024-04-11T13:00:00.000Z,2026-06-07T11:00:00.000Z,Tacoma,WA,US,6th Avenue,98416
A4:CF:12:35:26:A5,Traeger-26A5,41.11346817,-114.96217346,A4:CF:12,5,wpa2,2025-08-26T00:00:00.000Z,2025-08-25T19:00:00.000Z,,NV,US,9th Street,
A4:CF:12:35:26:A9,Traeger-26A9,42.57266617,-114.50714874,A4:CF:12,5,wpa2,2026-04-23T23:00:00.000Z,2026-04-23T16:00:00.000Z,Twin Falls,ID,US,Wirsching Avenue West,83301
A4:CF:12:35:29:A9,Traeger-29A9,40.00045395,-104.74545288,A4:CF:12,5,wpa2,2024-08-30T14:00:00.000Z,2024-09-08T18:00:00.000Z,,CO,US,East 168th Avenue,80603
A4:CF:12:35:29:C5,Traeger-29C5,47.061409,-94.55789948,A4:CF:12,5,wpa2,2026-08-22T21:00:00.000Z,2026-08-22T19:00:00.000Z,,MN,US,Paul Bunyan Expressway,56484
A4:CF:12:35:2A:A1,Traeger-2AA1,45.22582245,-123.21002197,A4:CF:12,5,wpa2,2025-05-15T05:00:00.000Z,2025-05-14T22:00:00.000Z,,OR,US,Northwest Baker Creek Road,97128
A4:CF:12:35:2A:AD,Traeger-2AAD,45.26856613,-92.99668884,A4:CF:12,5,wpa2,2025-05-02T19:00:00.000Z,2025-10-29T20:00:00.000Z,,MN,US,11th Avenue Southwest,55025
A4:CF:12:35:2B:2D,Traeger-2B2D,43.40078735,-88.20101166,A4:CF:12,5,wpa2,2024-12-14T04:00:00.000Z,2024-12-13T20:00:00.000Z,West Bend,WI,US,South 18th Avenue,53095
A4:CF:12:35:2F:85,Traeger-2F85,40.07539368,-102.27017975,A4:CF:12,5,wpa2,2024-11-29T18:00:00.000Z,2024-11-29T12:00:00.000Z,,CO,US,US 34,80758
A4:CF:12:35:2F:E5,Traeger-2FE5,32.91294479,-97.1946106,A4:CF:12,5,wpa2,2025-02-09T21:00:00.000Z,2025-02-09T19:00:00.000Z,,TX,US,Mossy Lane,76182
A4:CF:12:35:31:DD,Traeger-31DD,40.83921432,-111.38794708,A4:CF:12,5,wpa2,2024-11-24T23:00:00.000Z,2025-10-25T19:00:00.000Z,,UT,US,I 80;US 189,
A4:CF:12:35:33:B1,Traeger-33B1,35.54520035,-82.6595993,A4:CF:12,5,wpa2,2026-06-20T19:00:00.000Z,2026-06-20T18:00:00.000Z,Asheville,NC,US,Smokey Park Highway,28715
A4:CF:12:35:34:A9,Traeger-34A9,46.98428726,-123.60075378,A4:CF:12,5,wpa2,2025-10-27T16:00:00.000Z,2025-10-27T22:00:00.000Z,Montesano,WA,US,Main Street,
A4:CF:12:35:35:29,Traeger-3529,45.50089264,-92.95017242,A4:CF:12,5,wpa2,2026-06-09T19:00:00.000Z,2026-07-05T16:00:00.000Z,,MN,US,Harder Avenue,
A4:CF:12:35:35:A5,Traeger-35A5,32.64352036,-116.96608734,A4:CF:12,5,wpa2,2021-04-11T18:00:00.000Z,2025-05-04T09:00:00.000Z,Chula Vista,CA,US,Laguna Seca Loop,91913
A4:CF:12:35:37:15,Traeger-3715,34.00651169,-118.33035278,A4:CF:12,5,wpa2,2024-11-12T14:00:00.000Z,2024-11-26T16:00:00.000Z,Los Angeles,CA,US,Creed Avenue,90008
A4:CF:12:35:37:41,Traeger-3741,32.35918427,-86.25392151,A4:CF:12,5,wpa2,2026-07-11T03:00:00.000Z,2026-08-21T18:00:00.000Z,Montgomery,AL,US,I 85,36106
A4:CF:12:35:38:A9,Traeger-38A9,44.48001862,-88.03292084,A4:CF:12,5,wpa2,2001-01-04T18:00:00.000Z,2026-05-28T16:00:00.000Z,,WI,US,Riverside Drive,54301
A4:CF:12:35:38:D9,Traeger-38D9,34.45117569,-119.83850098,A4:CF:12,5,wpa2,2024-10-26T00:00:00.000Z,2026-06-14T20:00:00.000Z,,CA,US,Cathedral Oaks Road,93117
A4:CF:12:35:39:19,Traeger-3919,40.87371826,-75.53695679,A4:CF:12,5,wpa2,2022-03-21T19:00:00.000Z,2026-07-26T11:00:00.000Z,Towamensing Township,PA,US,Spruce Hollow Road,18071
A4:CF:12:35:3A:B1,Traeger-3AB1,38.25436783,-104.67671204,A4:CF:12,5,wpa2,2026-03-05T23:00:00.000Z,2026-03-06T04:00:00.000Z,Pueblo,CO,US,Long Street,81005
A4:CF:12:35:3B:45,Traeger-3B45,47.68621445,-116.71273804,A4:CF:12,6,none,2026-04-23T13:00:00.000Z,2026-09-01T06:00:00.000Z,Coeur d'Alene,ID,US,East Fernan Hill Road,83814-9510
A4:CF:12:35:3B:61,Traeger-3B61,29.53721046,-95.38071442,A4:CF:12,5,wpa2,2026-03-31T19:00:00.000Z,2026-03-31T13:00:00.000Z,,TX,US,Aspen Lake Drive,77578
A4:CF:12:35:3C:8D,Traeger-3C8D,30.74943161,-98.15058899,A4:CF:12,5,wpa,2022-11-10T12:00:00.000Z,2026-05-02T18:00:00.000Z,,TX,US,State Highway 29,78605
A4:CF:12:35:3D:65,Traeger-3D65,41.19786072,-96.18894196,A4:CF:12,5,wpa2,2026-07-06T22:00:00.000Z,2026-07-06T17:00:00.000Z,Omaha,NE,US,Van Buren Drive,68135
A4:CF:12:35:3D:69,Traeger-3D69,37.3852272,-77.65691376,A4:CF:12,5,wpa2,2025-11-26T01:00:00.000Z,2025-11-25T18:00:00.000Z,,VA,US,North Spring Run Road,23112
A4:CF:12:35:3D:89,Traeger-3D89,38.26353455,-122.65137482,A4:CF:12,5,wpa2,2024-09-15T19:00:00.000Z,2024-09-16T16:00:00.000Z,Petaluma,CA,US,North McDowell Boulevard,94999
A4:CF:12:35:3D:C9,Traeger-3DC9,43.26149368,-84.14102936,A4:CF:12,5,wpa2,2026-08-27T13:00:00.000Z,2026-08-27T13:00:00.000Z,,MI,US,Brant Road,48655
A4:CF:12:35:3F:4D,Traeger-3F4D,47.31985855,-93.53057098,A4:CF:12,5,wpa2,2025-06-29T21:00:00.000Z,2025-06-29T16:00:00.000Z,,MN,US,Prairie Lake Road,55744
A4:CF:12:35:40:29,Traeger-4029,39.01680756,-94.63036346,A4:CF:12,5,wpa2,2026-01-03T17:00:00.000Z,2026-01-03T11:00:00.000Z,,KS,US,Mission Road,66205
A4:CF:12:35:40:4D,Traeger-404D,32.92493057,-96.51773834,A4:CF:12,5,wpa2,2024-05-21T15:00:00.000Z,2026-05-19T06:00:00.000Z,Rowlett,TX,US,Dalrock Road,75030
A4:CF:12:35:42:6D,Traeger-426D,36.10938263,-95.9829483,A4:CF:12,5,wpa2,2023-11-30T02:00:00.000Z,2026-08-07T16:00:00.000Z,Tulsa,OK,US,Riverside Drive,74105
A4:CF:12:35:43:3D,Traeger-433D,39.16365051,-119.76441193,A4:CF:12,5,wpa2,2025-08-22T05:00:00.000Z,2025-08-22T00:00:00.000Z,Carson City,NV,US,South Stewart Street,89701-4763
A4:CF:12:35:43:8D,Traeger-438D,30.02734375,-93.83972168,A4:CF:12,5,wpa2,2026-05-11T23:00:00.000Z,2026-08-11T15:00:00.000Z,,TX,US,Texas Avenue,77611
A4:CF:12:35:43:E5,Traeger-43E5,36.24569702,-94.12768555,A4:CF:12,5,wpa2,2025-01-04T22:00:00.000Z,2025-01-04T14:00:00.000Z,,AR,US,Crystal Street,72745
A4:CF:12:35:44:19,Traeger-4419,48.1883049,-103.64156342,A4:CF:12,5,wpa2,2024-09-03T23:00:00.000Z,2024-09-17T17:00:00.000Z,Williston,ND,US,13th Avenue West,58801
A4:CF:12:35:44:61,Traeger-4461,53.55566025,-113.26016235,A4:CF:12,5,wpa2,2022-10-28T23:00:00.000Z,2026-03-01T02:00:00.000Z,Sherwood Park,Alberta,CA,Lakeland Drive,T8H 0P1
A4:CF:12:35:46:11,Traeger-4611,34.10015869,-118.65537262,A4:CF:12,5,wpa2,2021-09-04T03:00:00.000Z,2025-12-22T14:00:00.000Z,,CA,US,Stunt Road,91302
A4:CF:12:35:47:59,Traeger-4759,43.76800919,-117.01238251,A4:CF:12,5,wpa2,2025-06-12T19:00:00.000Z,2025-06-15T14:00:00.000Z,,ID,US,Scott Pit Road,
A4:CF:12:35:47:85,Traeger-4785,43.66244888,-116.63342285,A4:CF:12,5,wpa2,2020-01-15T08:00:00.000Z,2025-02-16T21:00:00.000Z,,ID,US,South Kcid Road,83651-8149
A4:CF:12:35:48:C1,Traeger-48C1,34.44603729,-118.61897278,A4:CF:12,5,wpa2,2026-04-18T01:00:00.000Z,2026-04-18T11:00:00.000Z,Santa Clarita,CA,US,Live Oak Road,91384
A4:CF:12:35:49:31,Traeger-4931,47.7854805,-116.86910248,A4:CF:12,5,wpa2,2025-09-12T12:00:00.000Z,2025-09-12T06:00:00.000Z,,ID,US,,83858
A4:CF:12:35:4E:E5,Traeger-4EE5,40.83780289,-83.28114319,A4:CF:12,5,wpa2,2021-03-27T12:00:00.000Z,2026-09-03T00:00:00.000Z,,OH,US,North Sandusky Avenue,43351
A4:CF:12:35:4F:2D,Traeger-4F2D,47.22321701,-122.45771027,A4:CF:12,5,wpa2,2022-10-30T15:00:00.000Z,2024-12-23T21:00:00.000Z,Tacoma,WA,US,South 38th Street,98418-3920
A4:CF:12:35:4F:35,Traeger-4F35,38.00950623,-88.91706085,A4:CF:12,5,wpa2,2025-08-21T15:00:00.000Z,2025-08-21T14:00:00.000Z,,IL,US,Bailey Lane,62812
A4:CF:12:35:50:C1,Traeger-50C1,31.87939835,-111.00830078,A4:CF:12,5,wpa2,2026-02-27T02:00:00.000Z,2026-04-10T19:00:00.000Z,,AZ,US,West Pastora Peak,85614
A4:CF:12:35:51:F5,Traeger-51F5,51.79987717,-114.11486053,A4:CF:12,5,wpa2,2025-03-20T18:00:00.000Z,2025-04-13T10:00:00.000Z,,Alberta,CA,Silverthorn Road,T4H 1W4
A4:CF:12:35:52:81,Traeger-5281,43.54605103,-79.70640564,A4:CF:12,5,wpa2,2020-07-21T18:00:00.000Z,2026-05-05T11:00:00.000Z,Mississauga,Ontario,CA,Highway 403,L5L 4X5
A4:CF:12:35:52:9D,Traeger-529D,34.11806488,-117.75334167,A4:CF:12,5,wpa2,2025-10-13T03:00:00.000Z,2025-10-13T08:00:00.000Z,La Verne,CA,US,Bowdoin Street,91750
A4:CF:12:35:52:FD,Traeger-52FD,34.04175949,-118.00671387,A4:CF:12,5,wpa2,2025-02-25T18:00:00.000Z,2025-02-25T15:00:00.000Z,El Monte,CA,US,South Basetdale Avenue,91746
A4:CF:12:35:53:B1,Traeger-53B1,51.02108765,-113.95857239,A4:CF:12,5,wpa2,2026-08-07T01:00:00.000Z,2026-08-15T13:00:00.000Z,Calgary,Alberta,CA,52 St SE regional pathway,T2B1N3
A4:CF:12:35:54:19,Traeger-5419,33.1463356,-96.90153503,A4:CF:12,5,wpa2,2025-05-03T20:00:00.000Z,2025-05-03T17:00:00.000Z,Frisco,TX,US,West Stonebrook Parkway,75036
A4:CF:12:35:54:61,Traeger-5461,34.77260208,-82.10836792,A4:CF:12,5,wpa2,2025-07-01T23:00:00.000Z,2025-07-01T17:00:00.000Z,,SC,US,Cooper Bridge Road,29388
A4:CF:12:35:54:71,Traeger-5471,35.75086975,-83.98607635,A4:CF:12,5,wpa2,2022-03-01T17:00:00.000Z,2025-12-09T09:00:00.000Z,,TN,US,West Lamar Alexander Parkway,37803-5865
A4:CF:12:35:55:69,Traeger-5569,38.82048416,-77.24575043,A4:CF:12,5,wpa2,2026-03-14T02:00:00.000Z,2026-04-30T18:00:00.000Z,,VA,US,Ponderosa Drive,22003
A4:CF:12:35:55:D1,Traeger-55D1,39.61043167,-119.68087006,A4:CF:12,5,wpa2,2024-09-16T01:00:00.000Z,2026-06-22T11:00:00.000Z,,NV,US,Poco Rey Drive,98436
A4:CF:12:35:56:01,Traeger-5601,45.52581406,-122.89203644,A4:CF:12,5,wpa2,2025-07-07T23:00:00.000Z,2025-08-07T00:00:00.000Z,Hillsboro,OR,US,Northeast Trailwalk Drive,97124-9433
A4:CF:12:35:56:9D,Traeger-569D,38.62086105,-121.05298615,A4:CF:12,5,wpa2,2024-11-17T16:00:00.000Z,2024-11-17T15:00:00.000Z,,CA,US,Latrobe Road,
A4:CF:12:35:57:79,Traeger-5779,35.95284653,-78.50051117,A4:CF:12,5,wpa2,2023-05-02T18:00:00.000Z,2026-08-17T16:00:00.000Z,,NC,US,Heritage Lake Road,27588
A4:CF:12:35:59:45,Traeger-5945,30.66986465,-84.36932373,A4:CF:12,5,wpa2,2023-01-09T16:00:00.000Z,2025-03-23T08:00:00.000Z,,FL,US,Concord Bainbridge Road,
A4:CF:12:35:5C:CD,Traeger-5CCD,34.31264877,-86.33576965,A4:CF:12,5,wpa2,2023-09-09T00:00:00.000Z,2025-05-11T21:00:00.000Z,,AL,US,AL 79,35031
A4:CF:12:35:5D:8D,Traeger-5D8D,38.47315216,-121.52266693,A4:CF:12,5,wpa2,2021-01-18T18:00:00.000Z,2026-08-25T17:00:00.000Z,,CA,US,South River Road,95832
A4:CF:12:35:60:E5,Traeger-60E5,35.66646194,-84.68399811,A4:CF:12,5,wpa2,2026-06-29T00:00:00.000Z,2026-07-25T20:00:00.000Z,,TN,US,Euchee Road,
A4:CF:12:35:60:FD,Traeger-60FD,42.58514786,-83.3330307,A4:CF:12,5,wpa2,2026-05-07T10:00:00.000Z,2026-05-26T14:00:00.000Z,,MI,US,West Long Lake Road,48323
A4:CF:12:35:62:4D,Traeger-624D,45.5093956,-122.72863007,A4:CF:12,5,wpa2,2001-12-31T16:00:00.000Z,2026-08-28T21:00:00.000Z,Portland,OR,US,Sunset Highway,97221
A4:CF:12:35:64:55,Traeger-6455,47.67516327,-116.91539764,A4:CF:12,5,wpa2,2025-08-22T22:00:00.000Z,2026-06-28T19:00:00.000Z,,ID,US,South Greensferry Road,83814
A4:CF:12:35:64:AD,Traeger-64AD,45.84557343,-88.66808319,A4:CF:12,5,wpa2,2025-01-26T01:00:00.000Z,2025-01-25T22:00:00.000Z,,WI,US,State Highway 139,
A4:CF:12:35:65:89,Traeger-6589,39.6456337,-119.72557068,A4:CF:12,5,wpa2,2023-04-27T18:00:00.000Z,2026-09-01T23:00:00.000Z,,NV,US,Tina Circle,89441
A4:CF:12:35:65:B5,Traeger-65B5,53.51177597,-113.98741913,A4:CF:12,5,wpa2,2021-01-07T05:00:00.000Z,2025-02-17T17:00:00.000Z,,Alberta,CA,High Park Road,T7Z 1R6
A4:CF:12:35:66:75,Traeger-6675,36.98683929,-94.43281555,A4:CF:12,5,wpa2,2026-01-29T21:00:00.000Z,2026-08-29T00:00:00.000Z,,MO,US,I 49;US 71,
A4:CF:12:35:68:9D,Traeger-689D,32.25437546,-110.73799896,A4:CF:12,5,wpa2,2023-10-20T22:00:00.000Z,2026-04-18T21:00:00.000Z,,AZ,US,North Soldier Trail,85749
A4:CF:12:35:6A:38,,36.2986908,-115.20846558,A4:CF:12,0,unknown,2025-05-16T17:00:00.000Z,2025-05-20T15:00:00.000Z,Las Vegas,NV,US,Farm Road,89131
A4:CF:12:35:6B:29,Traeger-6B29,53.02251053,-112.83237457,A4:CF:12,5,wpa2,2025-05-30T18:00:00.000Z,2025-07-15T20:00:00.000Z,Camrose,Alberta,CA,50 Avenue,T4V 1Z4
A4:CF:12:35:6B:45,Traeger-6B45,50.41186905,-104.60674286,A4:CF:12,5,wpa2,2025-06-25T19:00:00.000Z,2025-06-30T20:00:00.000Z,Regina,Saskatchewan,CA,Parker Avenue,S4S4S2
A4:CF:12:35:6C:71,Traeger-6C71,46.24156952,-119.15750885,A4:CF:12,5,wpa2,2024-12-03T08:00:00.000Z,2025-01-06T11:00:00.000Z,Pasco,WA,US,West Court Street,99301
A4:CF:12:35:6D:5D,Traeger-6D5D,45.89057541,-122.81150818,A4:CF:12,5,wpa2,2022-07-16T09:00:00.000Z,2026-08-29T00:00:00.000Z,,OR,US,Lower Columbia River Highway,97018
A4:CF:12:35:6F:D5,Traeger-6FD5,47.28465271,-122.29760742,A4:CF:12,5,wpa2,2026-08-11T14:00:00.000Z,2026-08-12T18:00:00.000Z,Federal Way,WA,US,28th Avenue South,98003
A4:CF:12:35:70:09,Traeger-7009,39.04855728,-98.14878082,A4:CF:12,5,wpa2,2025-03-17T03:00:00.000Z,2025-08-29T00:00:00.000Z,,KS,US,West Center Street,67455
A4:CF:12:35:70:49,Traeger-7049,39.91649628,-105.03617859,A4:CF:12,5,wpa2,2001-12-15T19:00:00.000Z,2026-07-14T12:00:00.000Z,,CO,US,West 121st Place,80020-3329
A4:CF:12:35:72:0D,Traeger-720D,37.2989769,-121.88361359,A4:CF:12,5,wpa2,2026-01-26T14:00:00.000Z,2026-01-26T09:00:00.000Z,San Jose,CA,US,Bird Avenue,95125
A4:CF:12:35:73:35,Traeger-7335,31.92774773,-106.39838409,A4:CF:12,5,wpa2,2025-02-07T22:00:00.000Z,2025-02-07T16:00:00.000Z,El Paso,TX,US,Elise Street,79934
A4:CF:12:35:75:A5,Traeger-75A5,34.03475952,-117.17843628,A4:CF:12,5,wpa2,2025-07-18T21:00:00.000Z,2025-07-18T17:00:00.000Z,Redlands,CA,US,West Crescent Avenue,92373
A4:CF:12:35:76:31,Traeger-7631,59.60988998,10.40405941,A4:CF:12,5,wpa2,2026-07-04T10:00:00.000Z,2026-07-04T09:00:00.000Z,,Viken,NO,Åsgaten,3061
A4:CF:12:35:76:49,Traeger-7649,37.13694382,-113.49105072,A4:CF:12,5,wpa2,2020-05-31T18:00:00.000Z,2024-10-21T19:00:00.000Z,,UT,US,North 1100 East,84780
A4:CF:12:35:76:A9,Traeger-76A9,41.07314682,-111.95790863,A4:CF:12,5,wpa2,2024-09-26T21:00:00.000Z,2025-12-05T14:00:00.000Z,Layton,UT,US,North Fort Lane,84041
A4:CF:12:35:7A:9D,Traeger-7A9D,45.57047653,-94.15569305,A4:CF:12,5,wpa2,2025-01-31T08:00:00.000Z,2025-02-13T15:00:00.000Z,St. Cloud,MN,US,Wilson Avenue Northeast,56304
A4:CF:12:35:7B:DD,Traeger-7BDD,38.68889618,-121.29033661,A4:CF:12,5,wpa2,2024-03-02T17:00:00.000Z,2024-10-05T14:00:00.000Z,,CA,US,Sylvan Road,95610
A4:CF:12:35:7E:05,Traeger-7E05,33.79528809,-117.03374481,A4:CF:12,5,wpa2,2024-03-22T15:00:00.000Z,2026-02-23T18:00:00.000Z,,CA,US,Warren Road,92582
A4:CF:12:35:7E:19,Traeger-7E19,47.72592926,-116.90930939,A4:CF:12,5,wpa2,2025-03-13T20:00:00.000Z,2025-09-12T15:00:00.000Z,,ID,US,,83854
A4:CF:12:35:7E:F1,Traeger-7EF1,47.67507172,-117.17507935,A4:CF:12,5,wpa2,2026-06-24T19:00:00.000Z,2026-06-24T14:00:00.000Z,,WA,US,North Flora Road,99016
A4:CF:12:35:7F:4D,Traeger-7F4D,41.62888718,-83.52719879,A4:CF:12,5,wpa2,2026-08-14T16:00:00.000Z,2026-08-14T14:00:00.000Z,Toledo,OH,US,Fassett Street,43605
A4:CF:12:35:80:D5,Traeger-80D5,41.4801178,-75.84250641,A4:CF:12,5,wpa2,2025-10-27T20:00:00.000Z,2025-10-27T18:00:00.000Z,,PA,US,State Route 2017,18615
A4:CF:12:35:81:09,Traeger-8109,36.07208633,-114.99080658,A4:CF:12,5,wpa2,2023-12-19T14:00:00.000Z,2025-09-04T14:00:00.000Z,Henderson,NV,US,Pabco Road,89011
A4:CF:12:35:81:ED,Traeger-81ED,40.10801697,-111.66940308,A4:CF:12,5,wpa2,2023-03-26T18:00:00.000Z,2025-12-19T17:00:00.000Z,,UT,US,West 100 South Street,84660
A4:CF:12:35:82:DD,Traeger-82DD,38.90668488,-99.33841705,A4:CF:12,5,wpa2,2024-12-05T22:00:00.000Z,2026-07-30T19:00:00.000Z,,KS,US,I 70;US 40;US 183 Bypass,96601
A4:CF:12:35:83:35,Traeger-8335,47.73263168,-116.80799866,A4:CF:12,5,wpa2,2021-04-10T21:00:00.000Z,2026-08-20T00:00:00.000Z,Coeur d'Alene,ID,US,North Ramsey Road,83835
A4:CF:12:35:83:95,Traeger-8395,44.21069336,-88.43687439,A4:CF:12,5,wpa2,2026-08-18T17:00:00.000Z,2026-08-23T14:00:00.000Z,,WI,US,7th Street,54952
A4:CF:12:35:85:05,Traeger-8505,46.73755646,-116.99526215,A4:CF:12,5,wpa2,2023-09-08T01:00:00.000Z,2026-04-06T10:00:00.000Z,,ID,US,East D Street,83843
A4:CF:12:35:86:D9,Traeger-86D9,44.02878952,-116.92353058,A4:CF:12,5,wpa2,2026-04-14T14:00:00.000Z,2026-08-17T17:00:00.000Z,Fruitland,ID,US,North Whitley Drive,83619
A4:CF:12:35:86:F5,Traeger-86F5,37.65220642,-113.14608765,A4:CF:12,5,wpa2,2024-11-29T23:00:00.000Z,2024-11-29T16:00:00.000Z,,UT,US,West 1400 South,84720-4829
A4:CF:12:35:87:85,Traeger-8785,47.9811058,-122.04414368,A4:CF:12,5,wpa2,2026-07-24T17:00:00.000Z,2026-07-29T17:00:00.000Z,,WA,US,South Machias Road,98205
A4:CF:12:35:87:99,Traeger-8799,35.11365128,-106.51193237,A4:CF:12,5,wpa2,2026-07-16T23:00:00.000Z,2026-07-16T19:00:00.000Z,Albuquerque,NM,US,Lexington Avenue Northeast,87112-9998
A4:CF:12:35:87:F5,Traeger-87F5,44.6632309,-93.26552582,A4:CF:12,5,wpa2,2024-07-18T22:00:00.000Z,2025-04-26T07:00:00.000Z,,MN,US,Kenwood Trail /Richard J. Ames Memorial Highway,55044
A4:CF:12:35:88:7D,Traeger-887D,33.59692383,-83.85051727,A4:CF:12,5,wpa2,2024-09-04T18:00:00.000Z,2026-08-12T06:00:00.000Z,,GA,US,Mill Street Northeast,30014
A4:CF:12:35:88:F5,Traeger-88F5,34.41844559,-119.71955109,A4:CF:12,5,wpa2,2026-07-19T18:00:00.000Z,2026-07-19T13:00:00.000Z,Santa Barbara,CA,US,Villa Avenue,93101
A4:CF:12:35:8A:15,Traeger-8A15,37.65347672,-120.96136475,A4:CF:12,5,wpa2,2025-04-15T19:00:00.000Z,2025-04-15T12:00:00.000Z,Modesto,CA,US,Brook Vale Drive,95355
A4:CF:12:35:8A:25,Traeger-8A25,36.69898987,-87.47962952,A4:CF:12,5,wpa2,2020-09-29T19:00:00.000Z,2025-04-29T12:00:00.000Z,,KY,US,Herndon Oak Grove Road,42223
A4:CF:12:35:8B:21,Traeger-8B21,27.10583115,-80.28208923,A4:CF:12,5,wpa2,2026-06-21T22:00:00.000Z,2026-06-22T16:00:00.000Z,,FL,US,Southwest Saint George Street,
A4:CF:12:35:8B:F1,Traeger-8BF1,43.64265442,-84.27585602,A4:CF:12,5,wpa2,2026-02-27T18:00:00.000Z,2026-02-27T11:00:00.000Z,,MI,US,Pfeiffer Court,48640
A4:CF:12:35:8C:29,Traeger-8C29,37.90338135,-122.5509491,A4:CF:12,5,wpa2,2024-07-27T17:00:00.000Z,2026-03-08T14:00:00.000Z,,CA,US,Molino Avenue,94941
A4:CF:12:35:8C:39,Traeger-8C39,61.17426682,-149.8425293,A4:CF:12,5,wpa2,2025-05-20T07:00:00.000Z,2025-05-20T07:00:00.000Z,Anchorage,AK,US,Waldron Drive,99507
A4:CF:12:35:8C:40,,47.67796326,-116.77819061,A4:CF:12,10,none,2026-08-27T13:00:00.000Z,2026-08-27T15:00:00.000Z,Coeur d'Alene,ID,US,North 6th Street,83814-9510
A4:CF:12:35:8C:AD,Traeger-8CAD,40.78705597,-111.91689301,A4:CF:12,5,wpa2,2026-05-08T18:00:00.000Z,2026-05-08T15:00:00.000Z,Salt Lake City,UT,US,900 West,84116
A4:CF:12:35:8E:61,Traeger-8E61,43.50427246,-112.04605865,A4:CF:12,5,wpa2,2025-07-28T15:00:00.000Z,2025-08-12T16:00:00.000Z,Idaho Falls,ID,US,Fremont Avenue,83403
A4:CF:12:35:8E:C9,Traeger-8EC9,39.13244247,-103.46408844,A4:CF:12,5,wpa2,2022-11-28T17:00:00.000Z,2026-03-22T15:00:00.000Z,,CO,US,4th Street,80821
A4:CF:12:35:8E:CD,Traeger-8ECD,46.63972473,-121.63246155,A4:CF:12,5,wpa2,2025-12-29T21:00:00.000Z,2025-12-30T16:00:00.000Z,,WA,US,US 12,98361
A4:CF:12:35:8E:F9,Traeger-8EF9,43.89362717,-116.50934601,A4:CF:12,5,wpa2,2024-10-15T22:00:00.000Z,2024-10-15T21:00:00.000Z,,ID,US,West Idaho Boulevard,83617
A4:CF:12:35:90:1D,Traeger-901D,47.65304947,-117.13742065,A4:CF:12,5,wpa2,2025-10-16T20:00:00.000Z,2025-10-16T15:00:00.000Z,,WA,US,East Micaview Drive,99019
A4:CF:12:35:90:25,Traeger-9025,39.65185547,-119.72570801,A4:CF:12,5,wpa2,2024-09-22T02:00:00.000Z,2025-03-28T21:00:00.000Z,,NV,US,Mercedes Drive,89441
A4:CF:12:35:92:C9,Traeger-92C9,40.64369202,-111.91651154,A4:CF:12,5,wpa2,2023-09-25T19:00:00.000Z,2026-05-09T14:00:00.000Z,,UT,US,Normandy Oaks Circle,84123
A4:CF:12:35:93:E1,Traeger-93E1,39.44273376,-76.41314697,A4:CF:12,5,wpa2,2026-07-30T13:00:00.000Z,2026-07-30T10:00:00.000Z,,MD,US,Bradshaw Road,21087
A4:CF:12:35:95:15,Traeger-9515,34.66754913,-120.11366272,A4:CF:12,5,wpa2,2021-07-06T17:00:00.000Z,2025-08-24T14:00:00.000Z,,CA,US,Chumash Highway,93441
A4:CF:12:35:96:91,Traeger-9691,33.71746445,-117.17646027,A4:CF:12,5,wpa2,2024-10-28T04:00:00.000Z,2025-03-06T16:00:00.000Z,,CA,US,McCall Boulevard,92586
A4:CF:12:35:9B:2D,Traeger-9B2D,37.82318878,-121.9788208,A4:CF:12,5,wpa2,2025-04-13T16:00:00.000Z,2025-04-22T11:00:00.000Z,,CA,US,Richard Lane,94526
A4:CF:12:35:9B:AD,Traeger-9BAD,36.70147324,-121.6216507,A4:CF:12,5,wpa2,2025-11-22T23:00:00.000Z,2025-11-22T16:00:00.000Z,Salinas,CA,US,Independence Boulevard,93905-4407
A4:CF:12:35:9C:95,Traeger-9C95,40.12239838,-111.56290436,A4:CF:12,5,wpa2,2024-12-23T22:00:00.000Z,2024-12-23T14:00:00.000Z,,UT,US,,84664
A4:CF:12:35:9E:68,,45.28988266,-122.94850159,A4:CF:12,2,wpa2,2026-06-25T00:00:00.000Z,2026-06-24T17:00:00.000Z,,OR,US,Newberg-Dundee Bypass,97132
A4:CF:12:35:9E:69,Traeger-9E69,45.29082489,-122.94783783,A4:CF:12,5,wpa2,2024-08-14T19:00:00.000Z,2024-11-24T17:00:00.000Z,,OR,US,Northeast Saint Paul Highway,97132
A4:CF:12:35:9F:25,Traeger-9F25,39.36767197,-77.44359589,A4:CF:12,5,wpa2,2025-02-06T01:00:00.000Z,2025-02-05T19:00:00.000Z,,MD,US,Alan Linton Boulevard East,21703
A4:CF:12:35:9F:39,Traeger-9F39,35.98904419,-115.10101318,A4:CF:12,5,wpa2,2026-05-12T18:00:00.000Z,2026-05-12T11:00:00.000Z,Henderson,NV,US,South Eastern Avenue,89052
A4:CF:12:35:9F:B9,Traeger-9FB9,33.76844025,-118.36460876,A4:CF:12,5,wpa2,2021-11-26T15:00:00.000Z,2026-06-09T18:00:00.000Z,,CA,US,Crenshaw Boulevard,90275
A4:CF:12:35:9F:D1,Traeger-9FD1,34.5298996,-84.7244339,A4:CF:12,5,wpa2,2025-11-12T19:00:00.000Z,2025-11-13T16:00:00.000Z,,GA,US,Red Bud Road Northeast,30734
A4:CF:12:35:A1:E5,Traeger-A1E5,38.77352524,-92.25821686,A4:CF:12,5,wpa2,2025-02-20T23:00:00.000Z,2025-02-22T11:00:00.000Z,,MO,US,South Henry Clay Boulevard,65010
A4:CF:12:35:A3:4D,Traeger-A34D,33.58078766,-117.13339996,A4:CF:12,5,wpa2,2021-06-12T09:00:00.000Z,2025-03-08T22:00:00.000Z,Murrieta,CA,US,Winchester Road,92593
A4:CF:12:35:A3:81,Traeger-A381,47.64001465,-117.39089966,A4:CF:12,5,wpa2,2021-03-30T00:00:00.000Z,2026-04-02T14:00:00.000Z,Spokane,WA,US,East 17th Avenue,99202
A4:CF:12:35:A4:DD,Traeger-A4DD,37.55850601,-120.90372467,A4:CF:12,5,wep,2026-05-19T17:00:00.000Z,2026-07-09T15:00:00.000Z,,CA,US,Tanya Way,
A4:CF:12:35:A5:2D,Traeger-A52D,39.94326401,-105.06034088,A4:CF:12,5,wpa2,2026-01-02T23:00:00.000Z,2026-02-06T19:00:00.000Z,,CO,US,West 136th Avenue,80020
A4:CF:12:35:A6:BD,Traeger-A6BD,39.93753052,-120.90925598,A4:CF:12,5,wpa2,2024-10-03T00:00:00.000Z,2024-10-02T22:00:00.000Z,,CA,US,Pioneer Road,95971
A4:CF:12:35:A6:CD,Traeger-A6CD,38.82186127,-121.21725464,A4:CF:12,5,wep,2026-01-28T00:00:00.000Z,2026-01-28T17:00:00.000Z,,CA,US,Sierra College Boulevard,95650
A4:CF:12:35:A7:69,Traeger-A769,50.67583847,-120.2829361,A4:CF:12,5,wpa2,2020-10-14T20:00:00.000Z,2025-06-29T20:00:00.000Z,Kamloops,British Columbia,CA,Valleyview Drive,V2C 4L9
A4:CF:12:35:A7:7D,Traeger-A77D,46.18638992,-119.14841461,A4:CF:12,5,wpa2,2024-07-10T10:00:00.000Z,2026-06-14T23:00:00.000Z,Kennewick,WA,US,South Vancouver Street,99337
A4:CF:12:35:AA:01,Traeger-AA01,33.08909225,-97.04950714,A4:CF:12,5,wpa2,2025-03-09T13:00:00.000Z,2025-03-09T16:00:00.000Z,,TX,US,Post Oak Drive,75077
A4:CF:12:35:AB:95,Traeger-AB95,33.79562759,-118.09957123,A4:CF:12,5,wpa2,2024-12-18T17:00:00.000Z,2025-11-09T18:00:00.000Z,Long Beach,CA,US,Stearns Street,90815
A4:CF:12:35:AC:95,Traeger-AC95,41.31218719,-111.96444702,A4:CF:12,5,wpa2,2024-11-03T23:00:00.000Z,2025-04-06T18:00:00.000Z,,UT,US,East 2850 North,84414
A4:CF:12:35:AE:91,Traeger-AE91,34.6169548,-98.48403931,A4:CF:12,5,wpa2,2026-07-11T12:00:00.000Z,2026-07-11T14:00:00.000Z,Lawton,OK,US,Northwest 76th Street,73505
A4:CF:12:35:AF:75,Traeger-AF75,33.53516006,-112.07376099,A4:CF:12,5,wpa2,2020-03-15T20:00:00.000Z,2025-03-09T00:00:00.000Z,Phoenix,AZ,US,North Central Avenue,85012
A4:CF:12:35:B0:61,Traeger-B061,42.71502304,-83.79306793,A4:CF:12,5,wpa2,2024-09-03T19:00:00.000Z,2026-07-25T16:00:00.000Z,,MI,US,Ledgewood Drive,48430
A4:CF:12:35:B0:71,Traeger-B071,41.0115509,-111.95536041,A4:CF:12,5,wpa2,2024-12-12T20:00:00.000Z,2024-12-12T14:00:00.000Z,,UT,US,Carriage Chase Drive,84037
A4:CF:12:35:B0:AD,Traeger-B0AD,34.08858109,-98.57810211,A4:CF:12,5,wpa2,2026-08-09T15:00:00.000Z,2026-08-09T09:00:00.000Z,,TX,US,Mesquite Street,76354
A4:CF:12:35:B0:C9,Traeger-B0C9,40.20727158,-76.38517761,A4:CF:12,5,wpa2,2024-09-14T19:00:00.000Z,2024-09-19T15:00:00.000Z,,PA,US,Newport Road,17545
A4:CF:12:35:B2:79,Traeger-B279,42.57388687,-114.44591522,A4:CF:12,5,wpa2,2025-03-28T16:00:00.000Z,2026-01-10T19:00:00.000Z,Twin Falls,ID,US,Stadium Boulevard,83301
A4:CF:12:35:B2:A9,Traeger-B2A9,40.6588707,-73.56215668,A4:CF:12,5,wpa2,2026-07-24T22:00:00.000Z,2026-07-24T19:00:00.000Z,,NY,US,Buckingham Road,11566
A4:CF:12:35:B2:C5,Traeger-B2C5,38.85544586,-77.23352051,A4:CF:12,5,wpa2,2026-01-08T17:00:00.000Z,2026-06-08T02:00:00.000Z,,VA,US,Contessa Court,22003
A4:CF:12:35:B2:D1,Traeger-B2D1,39.88340759,-86.0587616,A4:CF:12,5,wpa2,2022-02-10T00:00:00.000Z,2026-08-28T18:00:00.000Z,Indianapolis,IN,US,East 71st Street,46256
A4:CF:12:35:B4:19,Traeger-B419,47.22040176,15.90486431,A4:CF:12,5,wpa2,2022-06-24T11:00:00.000Z,2025-09-08T02:00:00.000Z,,Steiermark,AT,,8224
A4:CF:12:35:B4:4D,Traeger-B44D,52.83906555,-3.05757713,A4:CF:12,5,wpa2,2025-03-11T11:00:00.000Z,2026-01-30T06:00:00.000Z,,England,GB,B5069,SY10 9NR
A4:CF:12:35:B4:E1,Traeger-B4E1,33.87513351,-118.08863068,A4:CF:12,5,wpa2,2024-12-07T21:00:00.000Z,2024-12-07T16:00:00.000Z,,CA,US,Hart Street,90701
A4:CF:12:35:B4:F9,Traeger-B4F9,44.48786926,-88.77719879,A4:CF:12,5,wpa2,2025-04-06T22:00:00.000Z,2025-04-06T17:00:00.000Z,,WI,US,Clark Street,54961
A4:CF:12:35:B7:ED,Traeger-B7ED,43.05326843,-71.71977234,A4:CF:12,5,wpa2,2025-04-22T18:00:00.000Z,2026-01-30T15:00:00.000Z,,NH,US,Deering Road,03281
A4:CF:12:35:B9:35,Traeger-B935,42.56222534,-114.4390564,A4:CF:12,5,wpa2,2026-05-22T20:00:00.000Z,2026-06-30T09:00:00.000Z,Twin Falls,ID,US,Addison Avenue East,83341
A4:CF:12:35:B9:E5,Traeger-B9E5,45.02779007,-93.71614075,A4:CF:12,5,wpa2,2026-06-29T17:00:00.000Z,2026-09-02T20:00:00.000Z,,MN,US,Babcock Boulevard,55359
A4:CF:12:35:BB:69,Traeger-BB69,38.97432327,-94.59854126,A4:CF:12,5,wpa2,2024-05-18T00:00:00.000Z,2026-06-26T14:00:00.000Z,Kansas City,MO,US,West 85th Street,64114
A4:CF:12:35:BD:05,Traeger-BD05,47.67343903,-117.07236481,A4:CF:12,5,wpa2,2020-10-15T21:00:00.000Z,2025-10-16T15:00:00.000Z,,WA,US,North Winrock Street,99019
A4:CF:12:35:BD:95,Traeger-BD95,39.61116409,-119.81639862,A4:CF:12,5,wpa2,2025-07-18T01:00:00.000Z,2025-12-01T22:00:00.000Z,,NV,US,Deer Foot Lane,89433-7303
A4:CF:12:35:BE:69,Traeger-BE69,37.93634415,-107.8021698,A4:CF:12,5,wpa2,2026-06-16T21:00:00.000Z,2026-06-17T13:00:00.000Z,,CO,US,East Pandora Avenue,81435
A4:CF:12:35:BF:21,Traeger-BF21,39.76934433,-105.07936096,A4:CF:12,5,wpa2,2020-09-14T08:00:00.000Z,2025-05-14T06:00:00.000Z,,CO,US,West 38th Avenue,80033
A4:CF:12:35:C1:59,Traeger-C159,46.847332,-92.01735687,A4:CF:12,5,wpa2,2024-11-03T17:00:00.000Z,2024-11-03T11:00:00.000Z,Duluth,MN,US,Ivanhoe Street,55804
A4:CF:12:35:C1:C9,Traeger-C1C9,42.88441467,-83.76791382,A4:CF:12,5,wpa2,2025-09-15T02:00:00.000Z,2026-07-13T05:00:00.000Z,,MI,US,West Baldwin Road,48439
A4:CF:12:35:C2:11,Traeger-C211,41.70352173,-88.12042999,A4:CF:12,5,wpa2,2022-10-09T12:00:00.000Z,2026-07-01T11:00:00.000Z,,IL,US,West Boughton Road,60490-1569
A4:CF:12:35:C2:31,Traeger-C231,45.83980942,-108.5031662,A4:CF:12,5,wpa2,2023-10-05T01:00:00.000Z,2024-10-14T20:00:00.000Z,Billings,MT,US,Cherry Hills Road,59105
A4:CF:12:35:C7:4D,Traeger-C74D,41.04899216,-111.99524689,A4:CF:12,5,wpa2,2024-02-23T19:00:00.000Z,2026-07-07T15:00:00.000Z,Layton,UT,US,Rock Creek Corner,84041
A4:CF:12:35:C7:DD,Traeger-C7DD,32.9160347,-97.25242615,A4:CF:12,5,wpa2,2022-04-17T00:00:00.000Z,2026-08-03T18:00:00.000Z,,TX,US,Whitley Road,76248
A4:CF:12:35:C8:55,Traeger-C855,41.30792999,-72.21022034,A4:CF:12,5,wpa2,2026-07-17T22:00:00.000Z,2026-07-17T17:00:00.000Z,,CT,US,Pontiac Drive,06357
A4:CF:12:35:C8:91,Traeger-C891,44.89426422,-93.11904907,A4:CF:12,5,wpa2,2026-06-18T21:00:00.000Z,2026-06-18T15:00:00.000Z,,MN,US,Dodd Road,55120
A4:CF:12:35:C8:99,Traeger-C899,28.87857246,-81.68760681,A4:CF:12,5,wpa2,2021-08-14T15:00:00.000Z,2026-08-26T15:00:00.000Z,,FL,US,FL 19,32726
A4:CF:12:35:C9:A9,Traeger-C9A9,44.82650757,-93.26329803,A4:CF:12,5,wpa2,2025-12-15T17:00:00.000Z,2026-01-21T15:00:00.000Z,,MN,US,Chicago Avenue South,55420
A4:CF:12:35:CB:09,Traeger-CB09,39.92267227,-105.14868927,A4:CF:12,5,wpa2,2025-09-20T05:00:00.000Z,2025-09-20T03:00:00.000Z,,CO,US,West Yarrow Circle,80027
A4:CF:12:35:CB:21,Traeger-CB21,34.11629868,-117.85813904,A4:CF:12,5,wpa2,2025-02-23T23:00:00.000Z,2025-02-23T16:00:00.000Z,Glendora,CA,US,Concord Lane,91740
A4:CF:12:35:CE:41,Traeger-CE41,36.17392349,-115.01787567,A4:CF:12,5,wpa2,2025-09-25T16:00:00.000Z,2025-11-29T06:00:00.000Z,,NV,US,East Bonanza Road,89142
A4:CF:12:35:CE:A5,Traeger-CEA5,34.0891037,-117.89225006,A4:CF:12,5,wpa2,2025-02-08T23:00:00.000Z,2025-06-20T16:00:00.000Z,Covina,CA,US,West Orange Street,91723
A4:CF:12:35:CE:D5,Traeger-CED5,40.13315201,-111.5978775,A4:CF:12,5,wpa2,2021-06-18T08:00:00.000Z,2026-06-17T08:00:00.000Z,,UT,US,North 1600 West,84664
A4:CF:12:35:D0:71,Traeger-D071,28.08213615,-82.51821899,A4:CF:12,5,wpa2,2026-07-14T07:00:00.000Z,2026-07-14T01:00:00.000Z,,FL,US,South Village Drive,33624
A4:CF:12:35:D2:B9,Traeger-D2B9,33.54457092,-112.04064178,A4:CF:12,9,wpa2,2020-08-08T20:00:00.000Z,2025-03-08T22:00:00.000Z,Phoenix,AZ,US,North 19th Street,85036
A4:CF:12:35:D2:C1,Traeger-D2C1,35.90058899,-78.67075348,A4:CF:12,5,wpa2,2025-10-21T00:00:00.000Z,2025-10-20T20:00:00.000Z,Raleigh,NC,US,Middlebrook Drive,27612-2297
A4:CF:12:35:D4:21,Traeger-D421,40.7846489,-96.68702698,A4:CF:12,5,wpa2,2021-06-15T16:00:00.000Z,2026-09-02T16:00:00.000Z,Lincoln,NE,US,South 24th Street,68502
A4:CF:12:35:D4:A9,Traeger-D4A9,41.75672531,-86.12521362,A4:CF:12,5,wpa2,2024-12-19T13:00:00.000Z,2024-12-19T14:00:00.000Z,,IN,US,Cherry Road,46530
A4:CF:12:35:D6:8D,Traeger-D68D,49.56345367,-124.85597992,A4:CF:12,5,wpa2,2026-07-19T16:00:00.000Z,2026-07-20T04:00:00.000Z,Area A (Baynes Sound),British Columbia,CA,,
A4:CF:12:35:D8:45,Traeger-D845,45.0817337,-64.49086761,A4:CF:12,5,wpa2,2025-12-05T17:00:00.000Z,2025-12-05T09:00:00.000Z,,Nova Scotia,CA,Belcher Street,B4N 0A6
A4:CF:12:35:D8:79,Traeger-D879,35.02090836,-82.10557556,A4:CF:12,5,wpa2,2026-08-31T10:00:00.000Z,2026-09-02T08:00:00.000Z,Inman,SC,US,Lyman Road,29349
A4:CF:12:35:D8:B9,Traeger-D8B9,45.46604538,-75.47724152,A4:CF:12,5,wpa2,2002-04-11T22:00:00.000Z,2025-08-30T19:00:00.000Z,,Ontario,CA,Boake Street,K4A 4G3
A4:CF:12:35:D8:C1,Traeger-D8C1,34.15826416,-97.16319275,A4:CF:12,5,wpa2,2025-05-03T14:00:00.000Z,2025-05-31T16:00:00.000Z,,OK,US,I 35;US 70,73401
A4:CF:12:35:D8:D5,Traeger-D8D5,45.27780151,-79.71704102,A4:CF:12,5,wpa2,2026-08-13T19:00:00.000Z,2026-08-14T06:00:00.000Z,Seguin Township,Ontario,CA,Lawson Crescent,
A4:CF:12:35:D9:71,Traeger-D971,38.87150192,-97.23265076,A4:CF:12,5,wpa2,2025-12-22T00:00:00.000Z,2025-12-21T17:00:00.000Z,,KS,US,1900 Avenue,
A4:CF:12:35:DA:89,Traeger-DA89,50.03495026,-125.28204346,A4:CF:12,5,wpa2,2026-08-30T23:00:00.000Z,2026-08-30T18:00:00.000Z,Campbell River,British Columbia,CA,Campbell River Road,V9W 8E8
A4:CF:12:35:DE:55,Traeger-DE55,44.72700882,-85.66855621,A4:CF:12,5,wpa2,2020-10-13T11:00:00.000Z,2025-06-03T15:00:00.000Z,,MI,US,Silver Lake Road,49684
A4:CF:12:35:DF:31,Traeger-DF31,40.15343475,-111.58590698,A4:CF:12,5,wpa2,2025-08-27T00:00:00.000Z,2025-08-26T17:00:00.000Z,,UT,US,East 950 South Street,84663-1602
A4:CF:12:35:E0:75,Traeger-E075,33.0333786,-117.27702332,A4:CF:12,5,wpa2,2026-05-25T07:00:00.000Z,2026-08-19T16:00:00.000Z,,CA,US,Cathy Lane,92007
A4:CF:12:35:E1:B1,Traeger-E1B1,28.55312538,-81.65457153,A4:CF:12,5,wep,2021-05-23T11:00:00.000Z,2026-07-14T05:00:00.000Z,,FL,US,Florida's Turnpike,34760
A4:CF:12:35:E2:21,Traeger-E221,47.54290009,-117.37310791,A4:CF:12,5,wpa2,2021-05-30T17:00:00.000Z,2026-08-08T13:00:00.000Z,,WA,US,East Casper Drive,
A4:CF:12:35:E3:21,Traeger-E321,47.52531433,-117.52304077,A4:CF:12,5,wpa2,2021-09-24T02:00:00.000Z,2025-08-16T06:00:00.000Z,,WA,US,South Cheney-Spokane Road,99904
A4:CF:12:35:E3:69,Traeger-E369,61.18799973,-149.84811401,A4:CF:12,5,wpa2,2025-08-08T07:00:00.000Z,2025-08-08T11:00:00.000Z,Anchorage,AK,US,East 36th Avenue,99508
A4:CF:12:35:E4:6D,Traeger-E46D,44.19331741,-123.21855927,A4:CF:12,5,wpa2,2023-10-29T00:00:00.000Z,2025-10-08T19:00:00.000Z,,OR,US,Mapleton-Junction City Highway,97448
A4:CF:12:35:E5:51,Traeger-E551,38.48567963,-122.74157715,A4:CF:12,5,wpa2,2025-04-24T21:00:00.000Z,2025-08-24T14:00:00.000Z,Santa Rosa,CA,US,Redwood Highway,95403
A4:CF:12:35:E5:69,Traeger-E569,34.26885605,-118.73056793,A4:CF:12,5,wpa2,2025-06-15T17:00:00.000Z,2025-06-15T11:00:00.000Z,Simi Valley,CA,US,Sequoia Avenue,93063-2364
A4:CF:12:35:E7:5D,Traeger-E75D,41.07690048,-111.94355011,A4:CF:12,5,wpa2,2023-08-31T20:00:00.000Z,2025-09-13T11:00:00.000Z,Layton,UT,US,East 1200 North,84040
A4:CF:12:35:E7:AD,Traeger-E7AD,40.43681335,-111.80084991,A4:CF:12,5,wpa2,2026-06-17T03:00:00.000Z,2026-06-17T08:00:00.000Z,,UT,US,North 6000 West,84004
A4:CF:12:35:EB:CD,Traeger-EBCD,47.05298996,-122.2906723,A4:CF:12,5,wpa2,2021-08-20T22:00:00.000Z,2026-06-03T08:00:00.000Z,,WA,US,224th Street East,09339
A4:CF:12:35:EC:45,Traeger-EC45,38.67589569,-78.66149902,A4:CF:12,5,wpa2,2020-04-18T15:00:00.000Z,2026-01-05T07:00:00.000Z,,VA,US,I 81,22844
A4:CF:12:35:EC:B9,Traeger-ECB9,36.3212204,-94.22660828,A4:CF:12,5,wpa2,2025-04-21T21:00:00.000Z,2026-01-27T22:00:00.000Z,,AR,US,Southwest H Street,72712-9027
A4:CF:12:35:ED:51,Traeger-ED51,42.80924988,-95.53463745,A4:CF:12,5,wpa2,2025-09-01T01:00:00.000Z,2025-08-31T19:00:00.000Z,,IA,US,Old 21 Road,51029
A4:CF:12:35:EE:B1,Traeger-EEB1,40.39251328,-104.67088318,A4:CF:12,5,wpa2,2026-06-08T14:00:00.000Z,2026-08-05T15:00:00.000Z,Greeley,CO,US,United States Highway 34,80631-6948
A4:CF:12:35:EF:9D,Traeger-EF9D,27.81860542,-82.66464233,A4:CF:12,5,wpa2,2024-03-23T10:00:00.000Z,2025-02-06T12:00:00.000Z,Saint Petersburg,FL,US,I 275,33714
A4:CF:12:35:F0:81,Traeger-F081,49.1047287,-121.9384613,A4:CF:12,5,wpa2,2025-04-19T00:00:00.000Z,2025-04-18T17:00:00.000Z,Chilliwack,British Columbia,CA,Thornhill Street,V2R 0K5
A4:CF:12:35:F0:C1,Traeger-F0C1,48.1952095,-106.62443542,A4:CF:12,5,wpa2,2025-08-02T21:00:00.000Z,2026-08-19T00:00:00.000Z,,MT,US,1st Avenue North,59230
A4:CF:12:35:F1:25,Traeger-F125,37.61484528,-77.30622864,A4:CF:12,5,wpa2,2025-10-15T15:00:00.000Z,2025-10-15T08:00:00.000Z,,VA,US,Pond Pike Way,23111
A4:CF:12:35:F1:FD,Traeger-F1FD,45.53147125,-122.87398529,A4:CF:12,5,wpa2,2026-01-26T18:00:00.000Z,2026-01-26T11:00:00.000Z,Hillsboro,OR,US,Northeast 103rd Avenue,97006
A4:CF:12:35:F3:65,Traeger-F365,43.40558243,-80.65626526,A4:CF:12,5,wpa2,2026-04-12T16:00:00.000Z,2026-04-12T10:00:00.000Z,Wilmot,Ontario,CA,Snyder's Road East,N3A 2V5
A4:CF:12:35:F3:7D,Traeger-F37D,36.14817429,-96.15496063,A4:CF:12,5,wep,2024-09-30T20:00:00.000Z,2026-06-03T20:00:00.000Z,,OK,US,Sand Springs Expressway,74063
A4:CF:12:35:F5:B9,Traeger-F5B9,42.40739059,-123.13555145,A4:CF:12,5,wpa2,2023-10-28T16:00:00.000Z,2026-05-31T20:00:00.000Z,,OR,US,Rogue River Greenway Trail,97537
A4:CF:12:35:F6:2D,Traeger-F62D,41.19498825,-96.05211639,A4:CF:12,5,wpa2,2021-11-24T20:00:00.000Z,2025-11-11T17:00:00.000Z,,NE,US,South 90th Street,68127
A4:CF:12:35:F7:5D,Traeger-F75D,42.48450851,-111.3489151,A4:CF:12,5,wpa2,2025-07-11T00:00:00.000Z,2025-07-10T22:00:00.000Z,,ID,US,Stringtown Road,83239
A4:CF:12:35:F7:D1,Traeger-F7D1,45.83978653,-108.50770569,A4:CF:12,5,wpa2,2023-05-29T21:00:00.000Z,2026-08-04T15:00:00.000Z,Billings,MT,US,Entrada Road,59015
A4:CF:12:35:F8:0D,Traeger-F80D,39.20025635,-94.53472137,A4:CF:12,5,wpa2,2026-05-31T16:00:00.000Z,2026-06-28T14:00:00.000Z,Gladstone,MO,US,Northeast Brooktree Lane,64119
A4:CF:12:35:F8:4D,Traeger-F84D,39.72948074,-105.06056213,A4:CF:12,5,wpa2,2026-05-02T23:00:00.000Z,2026-06-01T12:00:00.000Z,Lakewood,CO,US,West 8th Avenue,80214-1801
A4:CF:12:35:F8:91,Traeger-F891,44.64501953,-63.62282562,A4:CF:12,5,wpa2,2024-08-07T17:00:00.000Z,2026-03-16T11:00:00.000Z,Halifax,Nova Scotia,CA,Joseph Howe Drive,B3L 4G9
A4:CF:12:35:F9:15,Traeger-F915,38.95535278,-76.94378662,A4:CF:12,5,wpa2,2024-06-13T23:00:00.000Z,2024-09-12T16:00:00.000Z,,MD,US,Jefferson Street,20781
A4:CF:12:35:F9:95,Traeger-F995,44.86020279,-123.010849,A4:CF:12,5,wpa2,2026-07-03T21:00:00.000Z,2026-07-03T15:00:00.000Z,Salem,OR,US,Robert Hugh Baldock Freeway,97306
A4:CF:12:35:FA:3D,Traeger-FA3D,40.50087738,-112.0147171,A4:CF:12,5,wpa2,2025-12-21T04:00:00.000Z,2025-12-20T21:00:00.000Z,,UT,US,West Gossamer Way,84096
A4:CF:12:35:FA:F5,Traeger-FAF5,40.26922607,-96.72803497,A4:CF:12,5,wpa2,2022-03-21T15:00:00.000Z,2026-07-06T16:00:00.000Z,Beatrice,NE,US,North 19th Street,63810
A4:CF:12:35:FB:91,Traeger-FB91,27.38051987,-80.31375122,A4:CF:12,5,wpa2,2026-08-28T11:00:00.000Z,2026-08-28T04:00:00.000Z,,FL,US,Palmetto Drive,34982
A4:CF:12:35:FD:F9,Traeger-FDF9,42.73630142,-95.54676819,A4:CF:12,5,wpa2,2020-09-25T14:00:00.000Z,2026-07-10T19:00:00.000Z,,IA,US,Pilot Avenue,51012
A4:CF:12:35:FE:75,Traeger-FE75,45.41104126,-122.30538177,A4:CF:12,5,wpa2,2022-01-15T16:00:00.000Z,2026-08-20T05:00:00.000Z,,OR,US,Mount Hood Highway,97009
A4:CF:12:35:FE:DD,Traeger-FEDD,40.48382568,-112.07091522,A4:CF:12,5,wpa2,2026-07-26T20:00:00.000Z,2026-07-26T17:00:00.000Z,,UT,US,South Rose Canyon Road,
A4:CF:12:36:00:B1,Traeger-00B1,40.54713058,-111.92915344,A4:CF:12,5,wpa2,2002-09-07T13:00:00.000Z,2026-01-26T19:00:00.000Z,,UT,US,1300 West,84095
A4:CF:12:36:00:CD,Traeger-00CD,41.89905548,-72.81202698,A4:CF:12,5,wpa2,2025-04-20T01:00:00.000Z,2025-04-19T18:00:00.000Z,,CT,US,Squadron Line Road,06070
A4:CF:12:36:03:89,Traeger-0389,32.36734772,-97.688797,A4:CF:12,5,wpa2,2026-08-23T08:00:00.000Z,2026-08-23T11:00:00.000Z,,TX,US,West Wedgefield Road,76049
A4:CF:12:36:03:B9,Traeger-03B9,47.75164413,-117.4994812,A4:CF:12,5,wpa2,2026-01-22T21:00:00.000Z,2026-01-22T14:00:00.000Z,Spokane,WA,US,West Ridgecrest Drive,99208
A4:CF:12:36:04:21,,36.05006409,-115.07549286,A4:CF:12,0,unknown,2026-04-12T13:00:00.000Z,2026-04-18T15:00:00.000Z,Henderson,NV,US,Grand Teton Drive,89014-2132
A4:CF:12:36:05:79,Traeger-0579,36.40194321,-86.81439209,A4:CF:12,5,wpa2,2026-08-17T18:00:00.000Z,2026-08-17T12:00:00.000Z,Ridgetop,TN,US,Betts Road,37072
A4:CF:12:36:05:DD,Traeger-05DD,37.51328278,-120.83413696,A4:CF:12,5,wpa2,2024-10-02T21:00:00.000Z,2024-10-03T10:00:00.000Z,Turlock,CA,US,Waldorf Drive,95381
A4:CF:12:36:05:ED,Traeger-05ED,37.194664,-93.24388885,A4:CF:12,5,wpa2,2025-01-18T07:00:00.000Z,2026-08-28T08:00:00.000Z,Springfield,MO,US,South Oak Grove Avenue,65804
A4:CF:12:36:06:7D,Traeger-067D,46.76314545,-122.17803955,A4:CF:12,5,wpa2,2025-05-11T21:00:00.000Z,2025-05-16T17:00:00.000Z,,WA,US,National Park Highway,98330
A4:CF:12:36:06:E9,Traeger-06E9,33.48939896,-117.08613586,A4:CF:12,5,wpa2,2024-09-01T22:00:00.000Z,2024-12-20T06:00:00.000Z,Temecula,CA,US,Paterno Street,92592
A4:CF:12:36:07:A5,Traeger-07A5,43.61117554,-111.10714722,A4:CF:12,5,wpa2,2026-02-27T01:00:00.000Z,2026-03-02T20:00:00.000Z,,ID,US,Lupine Lane,83455
A4:CF:12:36:08:39,Traeger-0839,33.71519089,-117.98163605,A4:CF:12,5,wpa2,2026-08-01T14:00:00.000Z,2026-08-01T22:00:00.000Z,Huntington Beach,CA,US,Amsterdam Drive,92647
A4:CF:12:36:08:85,Traeger-0885,42.08029175,-90.00907898,A4:CF:12,5,wpa2,2020-07-28T17:00:00.000Z,2025-11-24T21:00:00.000Z,,IL,US,,61074
A4:CF:12:36:08:8D,Traeger-088D,38.36735916,-122.00717163,A4:CF:12,5,wpa2,2026-08-19T15:00:00.000Z,2026-08-19T19:00:00.000Z,Vacaville,CA,US,Arlene Drive,95688
A4:CF:12:36:09:51,Traeger-0951,37.52441025,-120.84151459,A4:CF:12,5,wep,2024-08-28T07:00:00.000Z,2026-06-28T12:00:00.000Z,Turlock,CA,US,Vanderbilt Avenue,95382
A4:CF:12:36:09:C9,Traeger-09C9,36.12265396,-115.27901459,A4:CF:12,5,wpa2,2024-12-26T08:00:00.000Z,2026-03-31T09:00:00.000Z,,NV,US,South Durango Drive,89147
A4:CF:12:36:0A:FD,Traeger-0AFD,33.08540726,-96.59858704,A4:CF:12,5,wpa2,2024-08-24T01:00:00.000Z,2025-06-23T17:00:00.000Z,Allen,TX,US,West Lucas Road,75002
A4:CF:12:36:0C:21,Traeger-0C21,39.51446152,-119.98378754,A4:CF:12,5,wpa2,2026-06-17T16:00:00.000Z,2026-06-17T19:00:00.000Z,Reno,NV,US,I 80,89439
A4:CF:12:36:0C:31,Traeger-0C31,28.46547127,-98.18090057,A4:CF:12,5,wpa2,2026-07-29T16:00:00.000Z,2026-07-29T21:00:00.000Z,,TX,US,North Harborth Avenue,78071
A4:CF:12:36:0D:A1,Traeger-0DA1,43.39017487,-80.07493591,A4:CF:12,5,wpa2,2025-07-11T12:00:00.000Z,2025-07-11T17:00:00.000Z,Hamilton,Ontario,CA,Regional Road 97,
A4:CF:12:36:0E:51,Traeger-0E51,41.64786911,-93.729599,A4:CF:12,5,wpa2,2025-06-09T10:00:00.000Z,2025-06-09T04:00:00.000Z,Urbandale,IA,US,Sutton Drive,50322
A4:CF:12:36:0E:6D,Traeger-0E6D,45.83681107,-88.00983429,A4:CF:12,5,wpa2,2026-01-27T13:00:00.000Z,2026-02-08T10:00:00.000Z,,MI,US,Quinnesec-Lake Antoine Road,49876
A4:CF:12:36:0E:99,Traeger-0E99,45.22151184,-85.00322723,A4:CF:12,5,wpa2,2026-04-23T09:00:00.000Z,2026-07-23T05:00:00.000Z,,MI,US,Maddy Lane,49712
A4:CF:12:36:10:55,Traeger-1055,47.66231155,-117.09394073,A4:CF:12,5,wpa2,2026-05-23T20:00:00.000Z,2026-05-23T15:00:00.000Z,,WA,US,North Knudson Street,99019
A4:CF:12:36:10:A1,Traeger-10A1,39.40935516,-104.75992584,A4:CF:12,5,wpa2,2024-10-28T00:00:00.000Z,2025-12-15T22:00:00.000Z,,CO,US,North State Highway 83,80116
A4:CF:12:36:10:D5,Traeger-10D5,43.8663559,-116.47939301,A4:CF:12,5,wpa2,2025-03-10T01:00:00.000Z,2025-03-09T20:00:00.000Z,,ID,US,East 12th Street,83617
A4:CF:12:36:11:41,Traeger-1141,40.49040985,-111.96399689,A4:CF:12,5,wpa2,2026-01-29T01:00:00.000Z,2026-01-28T18:00:00.000Z,,UT,US,Country Classic Drive,84065
A4:CF:12:36:12:25,Traeger-1225,36.28377151,-115.1823349,A4:CF:12,5,wpa2,2024-02-08T17:00:00.000Z,2025-12-15T19:00:00.000Z,North Las Vegas,NV,US,West Deer Springs Way,89084
A4:CF:12:36:13:79,Traeger-1379,47.68559647,-117.08773041,A4:CF:12,5,wpa2,2022-07-05T17:00:00.000Z,2026-07-05T18:00:00.000Z,,WA,US,East Euclid Avenue,99019
A4:CF:12:36:14:21,Traeger-1421,35.49342728,-97.72266388,A4:CF:12,5,wpa2,2002-12-21T18:00:00.000Z,2026-08-31T16:00:00.000Z,Oklahoma City,OK,US,East Vandament Avenue,73099
A4:CF:12:36:14:75,Traeger-1475,33.12388611,-97.18064117,A4:CF:12,5,wpa2,2026-07-03T15:00:00.000Z,2026-07-03T08:00:00.000Z,Argyle,TX,US,Village Way,76226
A4:CF:12:36:14:A9,Traeger-14A9,42.81212616,-95.96826935,A4:CF:12,5,wpa2,2025-03-22T19:00:00.000Z,2025-03-22T23:00:00.000Z,,IA,US,East 4th Street,51050
A4:CF:12:36:16:15,Traeger-1615,32.05637741,-110.70016479,A4:CF:12,5,wpa2,2025-03-06T17:00:00.000Z,2025-11-14T05:00:00.000Z,,AZ,US,Via Rancho Del Lago,85641
A4:CF:12:36:18:79,Traeger-1879,38.73043823,-77.11293793,A4:CF:12,5,wpa2,2026-06-30T19:00:00.000Z,2026-07-12T11:00:00.000Z,,VA,US,Frye Road,22309
A4:CF:12:36:18:B5,Traeger-18B5,42.54456329,-96.3675766,A4:CF:12,5,wpa2,2025-10-22T23:00:00.000Z,2025-10-22T17:00:00.000Z,Sioux City,IA,US,Jefferson Street,51108
A4:CF:12:36:18:F5,Traeger-18F5,37.0631218,-88.64221191,A4:CF:12,5,wpa2,2026-01-04T07:00:00.000Z,2026-01-05T20:00:00.000Z,Paducah,KY,US,Alben Barkley Drive,42001
A4:CF:12:36:19:31,Traeger-1931,27.83573914,-82.68856812,A4:CF:12,5,wpa2,2024-03-20T22:00:00.000Z,2025-03-27T19:00:00.000Z,Pinellas Park,FL,US,70th Avenue North,33781
A4:CF:12:36:19:89,Traeger-1989,41.01145935,-74.09542084,A4:CF:12,5,wpa2,2025-05-26T17:00:00.000Z,2025-05-26T20:00:00.000Z,Saddle River,NJ,US,East Saddle River Road,07458
A4:CF:12:36:1B:55,Traeger-1B55,39.2866745,-104.96051025,A4:CF:12,5,wpa2,2026-04-30T21:00:00.000Z,2026-05-24T18:00:00.000Z,,CO,US,South Perry Park Road,
A4:CF:12:36:1C:41,Traeger-1C41,41.93932724,-83.36901855,A4:CF:12,5,wpa2,2025-09-19T21:00:00.000Z,2026-05-03T14:00:00.000Z,,MI,US,Cole Road,48162
A4:CF:12:36:1C:A5,Traeger-1CA5,27.9110527,-82.49837494,A4:CF:12,5,wpa2,2024-12-09T22:00:00.000Z,2025-03-28T16:00:00.000Z,Tampa,FL,US,Lee Roy Selmon Crosstown Expressway,33629-8171
A4:CF:12:36:1D:09,Traeger-1D09,39.89588547,-75.4385376,A4:CF:12,5,wpa2,2024-05-29T20:00:00.000Z,2026-08-30T15:00:00.000Z,Middletown Township,PA,US,Parkmount Road,19063
A4:CF:12:36:1F:C1,Traeger-1FC1,35.60779572,-117.68878174,A4:CF:12,5,wpa2,2023-11-13T18:00:00.000Z,2025-07-31T16:00:00.000Z,,CA,US,Bowman Road,93555
A4:CF:12:36:21:65,Traeger-2165,40.40483475,-111.90685272,A4:CF:12,5,wpa2,2026-04-14T14:00:00.000Z,2026-09-01T13:00:00.000Z,Lehi,UT,US,North Old Ranch Road,84043
A4:CF:12:36:21:81,Traeger-2181,40.77848816,-111.87839508,A4:CF:12,5,wpa2,2026-05-08T18:00:00.000Z,2026-05-08T15:00:00.000Z,Salt Lake City,UT,US,8th Avenue,84103
A4:CF:12:36:21:85,Traeger-2185,43.05982971,-74.79338837,A4:CF:12,5,wpa2,2001-01-01T00:00:00.000Z,2024-10-03T18:00:00.000Z,,NY,US,NY 167,13329
A4:CF:12:36:22:35,Traeger-2235,47.76115417,-116.7724762,A4:CF:12,5,wpa2,2025-09-25T09:00:00.000Z,2025-09-25T04:00:00.000Z,,ID,US,North Sunview Lane,83835
A4:CF:12:36:22:89,Traeger-2289,36.7256546,-76.34524536,A4:CF:12,5,wpa2,2025-07-27T23:00:00.000Z,2025-07-27T19:00:00.000Z,Chesapeake,VA,US,Iron Bridge Lane,23323
A4:CF:12:36:23:99,Traeger-2399,41.20985413,-96.07195282,A4:CF:12,5,wpa2,2025-05-12T05:00:00.000Z,2025-08-04T00:00:00.000Z,Omaha,NE,US,Mockingbird Drive,68137
A4:CF:12:36:26:29,Traeger-2629,43.03933334,-71.11735535,A4:CF:12,5,wpa2,2024-06-21T15:00:00.000Z,2026-07-16T16:00:00.000Z,,NH,US,Pleasant Street,03042
A4:CF:12:36:27:19,Traeger-2719,29.81359482,-95.44075012,A4:CF:12,5,wpa2,2026-07-15T21:00:00.000Z,2026-07-15T15:00:00.000Z,Houston,TX,US,Wilde Rock Way,77018
A4:CF:12:36:27:79,Traeger-2779,41.59774017,-109.25885773,A4:CF:12,5,wpa2,2026-05-29T14:00:00.000Z,2026-08-19T04:00:00.000Z,Rock Springs,WY,US,Peachwood Drive,82901
A4:CF:12:36:27:ED,Traeger-27ED,38.50046539,-109.46068573,A4:CF:12,5,wpa2,2026-02-13T20:00:00.000Z,2026-02-15T10:00:00.000Z,,UT,US,Sunny Acres Lane,
A4:CF:12:36:28:8D,Traeger-288D,28.23695564,-82.64472198,A4:CF:12,5,wpa2,2026-01-02T15:00:00.000Z,2026-01-09T23:00:00.000Z,,FL,US,Starkey Trail,34655
A4:CF:12:36:29:25,Traeger-2925,42.85691071,-106.31047058,A4:CF:12,5,wpa2,2025-10-29T09:00:00.000Z,2025-12-31T22:00:00.000Z,Casper,WY,US,I 25;US 20;US 26;US 87,82601
A4:CF:12:36:2A:19,Traeger-2A19,39.61351395,-119.70441437,A4:CF:12,5,wpa2,2024-07-30T02:00:00.000Z,2026-06-07T22:00:00.000Z,,NV,US,Maradona Drive,98436
A4:CF:12:36:2B:61,Traeger-2B61,47.72325134,-116.93058014,A4:CF:12,5,wpa2,2026-08-16T19:00:00.000Z,2026-08-29T10:00:00.000Z,,ID,US,East 16th Avenue,83854
A4:CF:12:36:2C:91,Traeger-2C91,29.59479332,-98.21809387,A4:CF:12,5,wpa2,2025-05-04T15:00:00.000Z,2025-09-13T13:00:00.000Z,,TX,US,Farm-to-Market Road 1103,78108
A4:CF:12:36:2D:B1,Traeger-2DB1,38.88689423,-121.27089691,A4:CF:12,5,wpa2,2022-09-17T16:00:00.000Z,2024-12-23T19:00:00.000Z,,CA,US,McBean Park Drive,95648
A4:CF:12:36:2D:F5,Traeger-2DF5,38.28982544,-104.61214447,A4:CF:12,5,wpa2,2026-03-03T23:00:00.000Z,2026-04-05T21:00:00.000Z,Pueblo,CO,US,West 23rd Street,81003
A4:CF:12:36:2F:A9,Traeger-2FA9,43.14829636,-89.37477112,A4:CF:12,5,wpa2,2024-09-10T21:00:00.000Z,2024-10-13T19:00:00.000Z,Madison,WI,US,Wheeler Road,53704
A4:CF:12:36:33:31,Traeger-3331,45.66920471,-122.59938812,A4:CF:12,5,wpa2,2020-10-27T17:00:00.000Z,2025-07-24T17:00:00.000Z,Vancouver,WA,US,Northeast 72nd Avenue,98661
A4:CF:12:36:34:45,Traeger-3445,43.04462814,-78.86534119,A4:CF:12,5,wpa2,2026-07-01T04:00:00.000Z,2026-08-18T18:00:00.000Z,,NY,US,Nash Road,14120
A4:CF:12:36:34:75,Traeger-3475,61.17775726,-149.85600281,A4:CF:12,5,wpa2,2026-02-17T18:00:00.000Z,2026-02-18T01:00:00.000Z,Anchorage,AK,US,Pavalof Street,99518
A4:CF:12:36:36:D1,Traeger-36D1,34.43888855,-83.84080505,A4:CF:12,5,wpa2,2025-09-27T18:00:00.000Z,2025-09-27T12:00:00.000Z,,GA,US,Lawson Road,30506
A4:CF:12:36:38:05,Traeger-3805,36.27002335,-115.29395294,A4:CF:12,5,wpa2,2025-10-19T23:00:00.000Z,2026-08-20T13:00:00.000Z,Las Vegas,NV,US,West Tropical Parkway,89149
A4:CF:12:36:38:59,Traeger-3859,39.10851669,-76.74524689,A4:CF:12,5,wpa2,2025-08-05T21:00:00.000Z,2026-04-30T13:00:00.000Z,,MD,US,Cooper Avenue,20755
A4:CF:12:36:39:A9,Traeger-39A9,45.55540466,-122.64491272,A4:CF:12,5,wpa2,2023-09-03T17:00:00.000Z,2025-06-02T07:00:00.000Z,Portland,OR,US,Northeast Prescott Street,97211
A4:CF:12:36:3B:91,Traeger-3B91,37.04881287,-120.83087158,A4:CF:12,5,wpa2,2024-12-16T07:00:00.000Z,2024-12-18T15:00:00.000Z,,CA,US,College Greens Drive,93635
A4:CF:12:36:3D:75,Traeger-3D75,37.5719223,-122.06309509,A4:CF:12,5,wpa2,2026-05-21T03:00:00.000Z,2026-05-22T21:00:00.000Z,,CA,US,Lowry Road,94555
A4:CF:12:36:3D:BD,Traeger-3DBD,40.17179871,-105.08879852,A4:CF:12,5,wpa2,2026-04-06T11:00:00.000Z,2026-04-06T05:00:00.000Z,,CO,US,Rees Court,80501-4919
A4:CF:12:36:3D:D9,Traeger-3DD9,33.42725754,-86.83526611,A4:CF:12,5,wpa2,2024-12-02T17:00:00.000Z,2025-07-19T21:00:00.000Z,Hoover,AL,US,Alford Avenue,35226
A4:CF:12:36:3E:69,Traeger-3E69,44.66587448,-93.12869263,A4:CF:12,5,wep,2025-10-24T11:00:00.000Z,2025-10-24T12:00:00.000Z,,MN,US,Cambridge Court,55024
A4:CF:12:36:3E:6D,Traeger-3E6D,36.0772171,-115.28905487,A4:CF:12,5,wpa2,2020-08-13T20:00:00.000Z,2026-08-24T11:00:00.000Z,,NV,US,Bruce Woodbury Beltway,89148
A4:CF:12:36:3E:B1,Traeger-3EB1,39.00432968,-104.79684448,A4:CF:12,5,wpa2,2025-07-27T01:00:00.000Z,2026-08-30T18:00:00.000Z,Colorado Springs,CO,US,Voyager Parkway,80921
A4:CF:12:36:3F:99,Traeger-3F99,32.84946442,-117.25000763,A4:CF:12,5,wpa2,2025-05-29T21:00:00.000Z,2025-06-04T10:00:00.000Z,San Diego,CA,US,La Jolla Parkway,02037
A4:CF:12:36:40:09,Traeger-4009,44.96553421,-92.37489319,A4:CF:12,5,wpa2,2026-06-07T20:00:00.000Z,2026-06-07T14:00:00.000Z,,WI,US,10th Avenue,54002
A4:CF:12:36:41:70,,50.94829178,-114.00128174,A4:CF:12,1,unknown,2025-11-29T20:00:00.000Z,2025-11-29T18:00:00.000Z,Calgary,Alberta,CA,Deerfoot Trail SE,T2Z 3Z1
A4:CF:12:36:41:B1,Traeger-41B1,29.5446167,-98.61347961,A4:CF:12,5,wpa2,2024-05-15T14:00:00.000Z,2024-10-25T08:00:00.000Z,San Antonio,TX,US,Prue Road,78288
A4:CF:12:36:41:ED,Traeger-41ED,37.40797043,-120.85616302,A4:CF:12,4,wpa2,2024-12-16T08:00:00.000Z,2024-12-18T15:00:00.000Z,,CA,US,1st Street,95324
A4:CF:12:36:42:01,Traeger-4201,40.24002075,-76.91519165,A4:CF:12,5,wpa2,2022-07-01T10:00:00.000Z,2026-08-24T12:00:00.000Z,,PA,US,Market Street,17043
A4:CF:12:36:43:2D,Traeger-432D,41.2334671,-112.04186249,A4:CF:12,5,wpa2,2021-02-24T10:00:00.000Z,2026-06-01T19:00:00.000Z,West Haven,UT,US,,84401
A4:CF:12:36:45:A5,Traeger-45A5,44.96726608,-92.72549438,A4:CF:12,5,wpa2,2022-06-15T13:00:00.000Z,2026-01-02T09:00:00.000Z,,WI,US,Ward Avenue,54016
A4:CF:12:36:45:DD,Traeger-45DD,46.86994934,-113.87954712,A4:CF:12,5,wpa2,2022-08-18T17:00:00.000Z,2026-01-28T13:00:00.000Z,,MT,US,MT 200,59823
A4:CF:12:36:47:19,Traeger-4719,47.68495178,-116.80232239,A4:CF:12,5,wpa2,2022-05-16T02:00:00.000Z,2025-11-03T12:00:00.000Z,Coeur d'Alene,ID,US,South Highway 95,83814-9510
A4:CF:12:36:48:F5,Traeger-48F5,49.07566833,-121.8085022,A4:CF:12,5,wpa2,2025-04-18T07:00:00.000Z,2025-04-18T17:00:00.000Z,Area E (Chilliwack River Valley),British Columbia,CA,Chilliwack Lake Road,V4Z 1E8
A4:CF:12:36:49:69,Traeger-4969,34.76809692,-77.32040405,A4:CF:12,5,wpa2,2025-07-27T22:00:00.000Z,2025-07-27T16:00:00.000Z,,NC,US,,28544
A4:CF:12:36:4A:C1,Traeger-4AC1,37.66355133,-108.80833435,A4:CF:12,5,wpa2,2021-05-30T17:00:00.000Z,2026-08-17T13:00:00.000Z,,CO,US,US 491,
A4:CF:12:36:4B:01,Traeger-4B01,40.43368149,-109.54740906,A4:CF:12,5,wpa2,2025-02-17T22:00:00.000Z,2025-02-17T17:00:00.000Z,,UT,US,West 1500 South,84078
A4:CF:12:36:4B:4D,Traeger-4B4D,35.16807175,-111.66831207,A4:CF:12,5,wpa2,2021-09-16T15:00:00.000Z,2025-03-09T07:00:00.000Z,Flagstaff,AZ,US,Arizona Veterans Highway,86005
A4:CF:12:36:4B:81,Traeger-4B81,46.37126923,-116.99565125,A4:CF:12,5,wpa2,2024-10-04T00:00:00.000Z,2026-07-23T17:00:00.000Z,Lewiston,ID,US,7th Street,83501
A4:CF:12:36:4C:69,Traeger-4C69,36.04034042,-95.93997192,A4:CF:12,5,wpa2,2024-11-18T05:00:00.000Z,2025-03-06T13:00:00.000Z,Tulsa,OK,US,South Harvard Avenue,74137
A4:CF:12:36:4C:E1,Traeger-4CE1,41.95968628,-87.82282257,A4:CF:12,5,wpa2,2021-06-12T15:00:00.000Z,2026-08-31T16:00:00.000Z,,IL,US,West Montrose Avenue,60634
A4:CF:12:36:4D:01,Traeger-4D01,47.17948532,-122.45755768,A4:CF:12,5,wpa2,2023-03-17T17:00:00.000Z,2025-03-29T11:00:00.000Z,Tacoma,WA,US,South 86th Street,98444-1830
A4:CF:12:36:4D:D9,Traeger-4DD9,29.55875587,-95.26371002,A4:CF:12,5,wpa2,2026-04-02T00:00:00.000Z,2026-04-03T14:00:00.000Z,,TX,US,,77581
A4:CF:12:36:4E:09,Traeger-4E09,42.80635452,-70.87220764,A4:CF:12,5,wpa2,2026-05-12T15:00:00.000Z,2026-05-12T09:00:00.000Z,Newburyport,MA,US,State Street,01922
A4:CF:12:36:4E:61,Traeger-4E61,38.83009338,-121.29069519,A4:CF:12,5,wpa2,2026-08-20T14:00:00.000Z,2026-08-20T12:00:00.000Z,,CA,US,Whitney Ranch Parkway,95765
A4:CF:12:36:4E:FD,Traeger-4EFD,38.89261246,-98.16892242,A4:CF:12,5,wpa2,2026-04-29T14:00:00.000Z,2026-07-04T10:00:00.000Z,,KS,US,KS 14,67455
A4:CF:12:36:4F:25,Traeger-4F25,40.05825424,-105.02674103,A4:CF:12,5,wpa2,2023-05-12T14:00:00.000Z,2026-02-12T16:00:00.000Z,,CO,US,County Road 10,80516
A4:CF:12:36:4F:81,Traeger-4F81,38.23936844,-121.55579376,A4:CF:12,5,wpa2,2024-10-04T22:00:00.000Z,2026-08-23T17:00:00.000Z,,CA,US,Isleton Road,95690
A4:CF:12:36:50:AD,Traeger-50AD,39.00016785,-119.70690918,A4:CF:12,5,wpa2,2024-01-24T23:00:00.000Z,2025-01-08T23:00:00.000Z,,NV,US,East Valley Road,
A4:CF:12:36:53:0D,Traeger-530D,40.84141159,-115.78505707,A4:CF:12,5,wpa2,2024-03-26T12:00:00.000Z,2025-02-18T14:00:00.000Z,,NV,US,Sierra Drive,89801
A4:CF:12:36:53:55,Traeger-5355,41.0309639,-111.95433807,A4:CF:12,5,wpa2,2021-12-08T16:00:00.000Z,2026-06-11T00:00:00.000Z,,UT,US,Old Mill Lane,84037
A4:CF:12:36:53:AD,Traeger-53AD,35.3088913,-97.95387268,A4:CF:12,5,wpa2,2026-06-16T20:00:00.000Z,2026-06-16T19:00:00.000Z,Minco,OK,US,Southwest 10th Street,73059
A4:CF:12:36:53:B5,Traeger-53B5,40.94691086,-115.64659882,A4:CF:12,5,wpa2,2024-08-19T23:00:00.000Z,2025-05-22T12:00:00.000Z,,NV,US,Kale Drive,
A4:CF:12:36:54:0D,Traeger-540D,46.16864014,-123.57488251,A4:CF:12,5,wpa2,2025-07-29T23:00:00.000Z,2025-07-31T17:00:00.000Z,,OR,US,Lower Columbia River Highway,
A4:CF:12:36:54:45,Traeger-5445,36.59282303,-121.93920898,A4:CF:12,5,wpa2,2025-07-31T00:00:00.000Z,2025-07-31T14:00:00.000Z,,CA,US,Lookout Road,93953
A4:CF:12:36:55:1D,Traeger-551D,29.99133682,-95.72985077,A4:CF:12,5,wpa2,2026-05-30T22:00:00.000Z,2026-07-28T10:00:00.000Z,,TX,US,Red Cedar Canyon Lane,77433
A4:CF:12:36:55:31,Traeger-5531,37.75532913,-120.85146332,A4:CF:12,5,wpa2,2025-06-24T20:00:00.000Z,2025-07-17T17:00:00.000Z,Oakdale,CA,US,West Greger Street,95361
A4:CF:12:36:58:21,Traeger-5821,33.83527756,-118.11895752,A4:CF:12,5,wpa2,2024-12-16T19:00:00.000Z,2024-12-16T15:00:00.000Z,,CA,US,Lomina Avenue,90713
A4:CF:12:36:5A:2D,Traeger-5A2D,34.05659866,-84.21353149,A4:CF:12,5,wpa2,2024-05-21T14:00:00.000Z,2024-10-27T20:00:00.000Z,Johns Creek,GA,US,Byers Road,30022
A4:CF:12:36:5A:59,Traeger-5A59,40.40042877,-111.82074738,A4:CF:12,5,wpa2,2025-12-07T00:00:00.000Z,2026-05-14T13:00:00.000Z,Lehi,UT,US,North 6800 West (Highland),84003
A4:CF:12:36:5B:51,Traeger-5B51,30.56086922,-96.29256439,A4:CF:12,5,wpa2,2025-04-25T16:00:00.000Z,2025-04-25T10:00:00.000Z,College Station,TX,US,Passendale Lane,77845
A4:CF:12:36:5B:61,Traeger-5B61,49.97658157,-98.29875183,A4:CF:12,5,wpa2,2025-03-22T01:00:00.000Z,2025-03-22T02:00:00.000Z,Portage la Prairie,Manitoba,CA,6th Street North West,R1N 0L8
A4:CF:12:36:5B:65,Traeger-5B65,45.0784874,-93.38529968,A4:CF:12,5,wpa2,2021-05-26T05:00:00.000Z,2026-08-14T08:00:00.000Z,,MN,US,I 94;I 694,55369:55428
A4:CF:12:36:5B:C1,Traeger-5BC1,39.51738358,-119.82494354,A4:CF:12,5,wpa2,2022-12-07T20:00:00.000Z,2024-12-09T15:00:00.000Z,Reno,NV,US,Keystone Avenue,89509-1633
A4:CF:12:36:5C:CD,Traeger-5CCD,41.12891769,-111.90842438,A4:CF:12,5,wpa2,2021-06-23T08:00:00.000Z,2024-09-22T14:00:00.000Z,,UT,US,Highway 89,84405
A4:CF:12:36:5E:8D,Traeger-5E8D,43.12157059,-89.31724548,A4:CF:12,5,wpa2,2021-05-30T09:00:00.000Z,2026-08-25T23:00:00.000Z,Madison,WI,US,East Washington Avenue,53701
A4:CF:12:36:5E:ED,Traeger-5EED,38.82760239,-104.82892609,A4:CF:12,5,wpa2,2026-05-29T22:00:00.000Z,2026-07-23T12:00:00.000Z,Colorado Springs,CO,US,South Sierra Madre Street,80905
A4:CF:12:36:5F:0D,Traeger-5F0D,41.6745491,-83.4054184,A4:CF:12,5,wpa2,2025-02-07T16:00:00.000Z,2025-02-08T12:00:00.000Z,,OH,US,Cedar Point Road,43618
A4:CF:12:36:5F:D9,Traeger-5FD9,38.69182968,-77.21912384,A4:CF:12,5,wpa2,2020-12-06T15:00:00.000Z,2025-04-23T16:00:00.000Z,,VA,US,Richmond Highway,22079
A4:CF:12:36:62:65,Traeger-6265,44.30681229,-121.17732239,A4:CF:12,5,wpa2,2026-01-20T19:00:00.000Z,2026-01-20T13:00:00.000Z,,OR,US,Northwest 10th Street,97756
A4:CF:12:36:64:D9,Traeger-64D9,28.92050362,-82.45574188,A4:CF:12,5,wpa2,2025-06-25T14:00:00.000Z,2025-06-25T16:00:00.000Z,,FL,US,South Tyler Street,34465
A4:CF:12:36:65:05,Traeger-6505,32.95959854,-117.03936005,A4:CF:12,5,wpa2,2025-06-04T16:00:00.000Z,2025-07-25T22:00:00.000Z,Poway,CA,US,Community Road,92064
A4:CF:12:36:65:5D,Traeger-655D,36.23357773,-115.33080292,A4:CF:12,5,wpa2,2026-05-19T19:00:00.000Z,2026-06-04T14:00:00.000Z,Las Vegas,NV,US,Cliff Shadows Parkway,89129
A4:CF:12:36:65:79,Traeger-6579,43.82058334,-103.30466461,A4:CF:12,5,wpa2,2025-12-19T20:00:00.000Z,2026-07-12T14:00:00.000Z,,SD,US,Box Canyon Road,
A4:CF:12:36:65:D9,Traeger-65D9,44.8282547,-92.97696686,A4:CF:12,5,wpa2,2025-10-11T01:00:00.000Z,2025-10-10T19:00:00.000Z,,MN,US,83rd Street South,55016
A4:CF:12:36:65:FD,Traeger-65FD,30.05174065,-95.56747437,A4:CF:12,5,wpa2,2026-04-01T18:00:00.000Z,2026-04-01T13:00:00.000Z,Houston,TX,US,Champion Forest Drive,77375
A4:CF:12:36:66:15,Traeger-6615,49.25302887,-124.08204651,A4:CF:12,5,wpa2,2024-09-21T14:00:00.000Z,2024-11-22T15:00:00.000Z,,British Columbia,CA,Lantzville Road,V0R 2H0
A4:CF:12:36:67:19,Traeger-6719,31.49472809,-88.23709869,A4:CF:12,5,wpa2,2026-07-10T09:00:00.000Z,2026-07-10T08:00:00.000Z,,AL,US,Jordan Street,36558
A4:CF:12:36:67:45,Traeger-6745,38.97724533,-122.83614349,A4:CF:12,5,wpa2,2025-10-08T18:00:00.000Z,2026-07-31T14:00:00.000Z,,CA,US,5th Street,95451
A4:CF:12:36:6B:35,Traeger-6B35,-43.76545715,172.28707886,A4:CF:12,5,wpa2,2025-05-17T01:00:00.000Z,2025-05-16T22:00:00.000Z,,Canterbury,NZ,Feredays Road,7632
A4:CF:12:36:6C:25,Traeger-6C25,41.4024086,-87.40218353,A4:CF:12,5,wpa2,2024-09-20T01:00:00.000Z,2025-03-04T03:00:00.000Z,,IN,US,Burr Street,46303
A4:CF:12:36:6D:0D,Traeger-6D0D,36.1679306,-115.97993469,A4:CF:12,5,wpa2,2025-11-21T00:00:00.000Z,2025-11-20T21:00:00.000Z,,NV,US,East Elderberry Street,89048
A4:CF:12:36:6D:81,Traeger-6D81,34.27636337,-118.904953,A4:CF:12,5,wpa2,2026-04-27T17:00:00.000Z,2026-04-27T11:00:00.000Z,,CA,US,Coralberry Court,93021
A4:CF:12:36:6D:CD,Traeger-6DCD,37.56940842,-121.86312103,A4:CF:12,5,wpa2,2024-08-23T02:00:00.000Z,2026-06-30T20:00:00.000Z,,CA,US,Calaveras Road,94586
A4:CF:12:36:6E:FD,Traeger-6EFD,33.60029984,-112.04779053,A4:CF:12,5,wpa2,2026-06-15T04:00:00.000Z,2026-06-15T00:00:00.000Z,Phoenix,AZ,US,East Thunderbird Road,85022-6509
A4:CF:12:36:6F:F5,Traeger-6FF5,33.09008408,-97.17677307,A4:CF:12,5,wpa2,2026-07-18T20:00:00.000Z,2026-07-18T14:00:00.000Z,,TX,US,West Jeter Road,76226
A4:CF:12:36:71:09,Traeger-7109,35.3033371,-79.38578033,A4:CF:12,5,wpa2,2025-09-23T13:00:00.000Z,2026-02-01T15:00:00.000Z,,NC,US,Joel Road,28327
A4:CF:12:36:72:45,Traeger-7245,47.61305618,-117.26905823,A4:CF:12,5,wpa2,2026-06-17T01:00:00.000Z,2026-06-22T20:00:00.000Z,,WA,US,East 44th Avenue,99206
A4:CF:12:36:73:1D,Traeger-731D,58.3959198,-134.56225586,A4:CF:12,5,wpa2,2024-11-28T14:00:00.000Z,2024-11-28T08:00:00.000Z,Juneau,AK,US,Mendenhall Loop Road,99801
A4:CF:12:36:73:65,Traeger-7365,36.24595642,-115.24687195,A4:CF:12,5,wpa2,2024-08-27T01:00:00.000Z,2026-01-18T00:00:00.000Z,Las Vegas,NV,US,Oran K. Gragson Freeway,89130
A4:CF:12:36:73:85,Traeger-7385,33.68836212,-116.25101471,A4:CF:12,5,wpa2,2024-10-24T19:00:00.000Z,2024-10-24T15:00:00.000Z,Indio,CA,US,Madison Street,92253
A4:CF:12:36:73:C5,Traeger-73C5,36.97665787,-121.90801239,A4:CF:12,5,wpa2,2025-08-15T08:00:00.000Z,2025-08-15T01:00:00.000Z,,CA,US,Cabrillo Highway,95003
A4:CF:12:36:73:DD,Traeger-73DD,43.53063202,-111.96409607,A4:CF:12,5,wpa2,2024-10-16T00:00:00.000Z,2026-08-25T14:00:00.000Z,,ID,US,North Ammon Road,83427
A4:CF:12:36:74:05,Traeger-7405,35.07703781,-81.92528534,A4:CF:12,5,wpa2,2026-05-08T12:00:00.000Z,2026-05-08T06:00:00.000Z,Chesnee,SC,US,Archibald Road,29323
A4:CF:12:36:75:11,Traeger-7511,40.76257706,-111.90023804,A4:CF:12,5,wpa2,2022-02-20T05:00:00.000Z,2026-04-11T17:00:00.000Z,Salt Lake City,UT,US,300 South,84101
A4:CF:12:36:75:D1,Traeger-75D1,51.78715897,-114.13103485,A4:CF:12,5,wpa2,2024-06-25T23:00:00.000Z,2025-04-13T10:00:00.000Z,,Alberta,CA,Duncan Place,T4H 0E1
A4:CF:12:36:76:9D,Traeger-769D,40.90044785,-74.70458221,A4:CF:12,5,wpa2,2026-07-19T14:00:00.000Z,2026-08-21T18:00:00.000Z,Netcong,NJ,US,Ledgewood Avenue,07857
A4:CF:12:36:76:B9,Traeger-76B9,41.77584457,-88.14923096,A4:CF:12,5,wpa2,2025-07-16T16:00:00.000Z,2025-10-28T16:00:00.000Z,Naperville,IL,US,North Main Street,60540
A4:CF:12:36:77:31,Traeger-7731,34.74458694,-82.22999573,A4:CF:12,5,wpa2,2024-08-02T03:00:00.000Z,2024-09-04T23:00:00.000Z,Simpsonville,SC,US,East Georgia Road,29681
A4:CF:12:36:78:8D,Traeger-788D,43.47001266,-87.95644379,A4:CF:12,5,wpa2,2026-08-09T18:00:00.000Z,2026-08-10T00:00:00.000Z,,WI,US,Fredonia Avenue,53021
A4:CF:12:36:78:C5,Traeger-78C5,44.43881226,-93.15253448,A4:CF:12,5,wpa2,2024-09-08T20:00:00.000Z,2024-09-10T12:00:00.000Z,,MN,US,East Jefferson Parkway,55057-5172
A4:CF:12:36:79:8D,Traeger-798D,38.77095795,-121.38513947,A4:CF:12,5,wep,2026-02-06T00:00:00.000Z,2026-02-15T13:00:00.000Z,,CA,US,Westbrook Boulevard,95747
A4:CF:12:36:7A:8D,Traeger-7A8D,35.64795685,-106.02168274,A4:CF:12,5,wpa2,2025-01-23T14:00:00.000Z,2026-01-31T09:00:00.000Z,Santa Fe,NM,US,Camino de los Lopez,87507-4697
A4:CF:12:36:7B:E9,Traeger-7BE9,47.16215134,-122.12244415,A4:CF:12,5,wpa2,2021-05-20T19:00:00.000Z,2025-03-14T13:00:00.000Z,,WA,US,Entwhistle Road East,98321
A4:CF:12:36:7C:AD,Traeger-7CAD,53.27096939,-110.04977417,A4:CF:12,5,wpa2,2026-07-01T17:00:00.000Z,2026-07-07T12:00:00.000Z,City of Lloydminster,Alberta,CA,72 Avenue,T9V 1G6
A4:CF:12:36:7F:BD,Traeger-7FBD,33.11387634,-97.22254181,A4:CF:12,5,wep,2025-07-27T17:00:00.000Z,2025-07-27T13:00:00.000Z,,TX,US,Peaceful Lane,
A4:CF:12:36:80:45,Traeger-8045,36.00561523,-81.38108826,A4:CF:12,5,wpa2,2022-02-06T14:00:00.000Z,2026-09-01T08:00:00.000Z,,NC,US,Wilkesboro Boulevard,
A4:CF:12:36:81:3D,Traeger-813D,46.83813477,-122.91384125,A4:CF:12,5,wpa2,2026-07-06T01:00:00.000Z,2026-07-05T21:00:00.000Z,,WA,US,Old Highway 99 Southeast,98589
A4:CF:12:36:81:61,Traeger-8161,41.5830574,-87.7935791,A4:CF:12,5,wpa2,2024-11-23T00:00:00.000Z,2024-11-24T06:00:00.000Z,,IL,US,Harlem Avenue,60477
A4:CF:12:36:82:99,Traeger-8299,44.92899704,-93.0851059,A4:CF:12,5,wpa2,2024-02-08T20:00:00.000Z,2026-08-25T17:00:00.000Z,Saint Paul,MN,US,Humboldt Avenue,55107
A4:CF:12:36:83:05,Traeger-8305,48.28317261,16.40937233,A4:CF:12,5,wpa2,2024-09-28T15:00:00.000Z,2025-06-07T01:00:00.000Z,Wien,Großjedlersdorf,AT,Pavlicekgasse,1210
A4:CF:12:36:85:89,Traeger-8589,41.90206528,-79.65244293,A4:CF:12,5,wpa2,2024-06-15T15:00:00.000Z,2024-10-17T18:00:00.000Z,,PA,US,Spartansburg Highway,16407
A4:CF:12:36:86:B5,Traeger-86B5,47.67202759,-117.29222107,A4:CF:12,6,none,2021-06-02T18:00:00.000Z,2026-08-31T13:00:00.000Z,,WA,US,Spokane Valley Freeway,99212
A4:CF:12:36:86:E9,Traeger-86E9,41.52685928,-85.12121582,A4:CF:12,5,wpa2,2025-05-11T23:00:00.000Z,2025-05-11T17:00:00.000Z,,IN,US,State Road 4,46705
A4:CF:12:36:88:35,Traeger-8835,32.38134384,-111.04148102,A4:CF:12,5,wpa2,2025-11-27T00:00:00.000Z,2026-02-15T03:00:00.000Z,,AZ,US,,85742
A4:CF:12:36:88:DD,Traeger-88DD,47.64509583,-117.38434601,A4:CF:12,5,wpa2,2020-03-05T18:00:00.000Z,2026-04-04T12:00:00.000Z,Spokane,WA,US,South Pittsburg Street,99202
A4:CF:12:36:89:31,Traeger-8931,36.15903091,-115.34331512,A4:CF:12,5,wpa2,2025-07-11T18:00:00.000Z,2025-12-16T22:00:00.000Z,Las Vegas,NV,US,West Charleston Boulevard,89138
A4:CF:12:36:89:55,Traeger-8955,48.05185699,-122.0326004,A4:CF:12,5,wpa2,2024-10-11T00:00:00.000Z,2024-10-10T20:00:00.000Z,,WA,US,State Route 92,
A4:CF:12:36:8A:59,Traeger-8A59,37.84730148,-85.75950623,A4:CF:12,5,wpa2,2023-02-24T13:00:00.000Z,2026-04-01T14:00:00.000Z,,KY,US,,
A4:CF:12:36:8B:65,Traeger-8B65,40.64522552,-111.95786285,A4:CF:12,5,wpa2,2021-12-31T13:00:00.000Z,2026-08-29T14:00:00.000Z,,UT,US,2700 West,84129
A4:CF:12:36:8B:91,Traeger-8B91,49.2762146,-123.06990051,A4:CF:12,5,wpa2,2023-09-23T22:00:00.000Z,2025-08-20T15:00:00.000Z,Vancouver,British Columbia,CA,Commercial Drive,V5L
A4:CF:12:36:8C:09,Traeger-8C09,38.84099579,-77.66140747,A4:CF:12,5,wpa2,2021-07-11T13:00:00.000Z,2026-08-25T17:00:00.000Z,,VA,US,Waterloo Bridge Circle,20169
A4:CF:12:36:8C:91,Traeger-8C91,38.62846756,-121.36803436,A4:CF:12,5,wpa2,2024-11-17T07:00:00.000Z,2024-11-27T22:00:00.000Z,,CA,US,Whitney Avenue,95821
A4:CF:12:36:8C:E5,Traeger-8CE5,37.82102585,-122.12499237,A4:CF:12,5,wpa2,2026-06-07T00:00:00.000Z,2026-06-06T19:00:00.000Z,,CA,US,Brookfield Drive,94516
A4:CF:12:36:8F:89,Traeger-8F89,35.3984375,-119.31822968,A4:CF:12,5,wpa2,2026-07-01T21:00:00.000Z,2026-08-28T18:00:00.000Z,,CA,US,Hageman Rd,93206
A4:CF:12:36:8F:8D,Traeger-8F8D,44.24294281,-88.39290619,A4:CF:12,5,wpa2,2021-04-11T18:00:00.000Z,2026-05-14T22:00:00.000Z,Appleton,WI,US,East Calumet Street,54915
A4:CF:12:36:8F:9D,Traeger-8F9D,40.0336113,-84.77490234,A4:CF:12,5,wpa2,2026-06-01T22:00:00.000Z,2026-06-08T18:00:00.000Z,,OH,US,Palestine Hollansburg Road,45346
A4:CF:12:36:8F:B9,Traeger-8FB9,40.58604431,-105.06995392,A4:CF:12,5,wpa2,2021-05-28T17:00:00.000Z,2026-07-31T21:00:00.000Z,Fort Collins,CO,US,Riverside Avenue,80524-2956
A4:CF:12:36:91:DD,Traeger-91DD,40.72387314,-111.31381226,A4:CF:12,5,wpa2,2025-08-15T02:00:00.000Z,2025-08-14T22:00:00.000Z,,UT,US,UT 32,84061
A4:CF:12:36:92:81,Traeger-9281,37.52984238,-120.82873535,A4:CF:12,5,wep,2026-04-06T19:00:00.000Z,2026-04-06T18:00:00.000Z,Turlock,CA,US,Windrose Drive,95382
A4:CF:12:36:94:ED,Traeger-94ED,45.02173996,-93.9274826,A4:CF:12,5,none,2026-08-14T00:00:00.000Z,2026-09-02T20:00:00.000Z,,MN,US,County Road 30 Southwest,55363
A4:CF:12:36:95:05,Traeger-9505,47.39468002,8.04336452,A4:CF:12,5,wpa2,2026-08-27T16:00:00.000Z,2026-08-27T11:00:00.000Z,,Aargau,CH,Schiffländestrasse,5000
A4:CF:12:36:95:19,Traeger-9519,46.86219406,-96.76113892,A4:CF:12,5,wpa2,2026-08-22T16:00:00.000Z,2026-08-22T19:00:00.000Z,Moorhead,MN,US,12th Avenue South,56563
A4:CF:12:36:95:D5,Traeger-95D5,40.79957199,-96.63251495,A4:CF:12,5,wpa2,2025-08-11T00:00:00.000Z,2025-08-10T18:00:00.000Z,Lincoln,NE,US,Rainier Drive,68510
A4:CF:12:36:97:69,Traeger-9769,43.73633957,-79.26850128,A4:CF:12,5,wpa2,2026-08-06T00:00:00.000Z,2026-08-05T18:00:00.000Z,Toronto,Ontario,CA,Kennedy Road,M1K 5G8
A4:CF:12:36:98:0D,Traeger-980D,41.72839355,-87.76061249,A4:CF:12,5,wpa2,2025-12-07T19:00:00.000Z,2026-08-14T09:00:00.000Z,,IL,US,South Central Avenue,60453
A4:CF:12:36:98:C5,Traeger-98C5,44.07208633,-88.14356995,A4:CF:12,5,wpa2,2020-10-11T01:00:00.000Z,2025-08-01T09:00:00.000Z,,WI,US,Irish Road,54129
A4:CF:12:36:9E:05,Traeger-9E05,47.62451553,-117.46588898,A4:CF:12,5,wpa2,2025-07-11T21:00:00.000Z,2025-08-29T11:00:00.000Z,Spokane,WA,US,West Thorpe Road,99224
A4:CF:12:36:9E:BD,Traeger-9EBD,36.20280838,-93.1229248,A4:CF:12,5,wpa2,2026-08-27T22:00:00.000Z,2026-08-27T20:00:00.000Z,,AR,US,AR 7,72601
A4:CF:12:36:9F:29,Traeger-9F29,43.4002037,-95.10046387,A4:CF:12,5,wpa2,2025-04-30T18:00:00.000Z,2025-04-30T11:00:00.000Z,,IA,US,170th Street,51360
A4:CF:12:36:9F:A9,Traeger-9FA9,43.40791702,-81.22025299,A4:CF:12,5,wpa2,2026-01-07T14:00:00.000Z,2026-01-08T06:00:00.000Z,West Perth,Ontario,CA,Perth 163 Road,1N0
A4:CF:12:36:A0:29,Traeger-A029,43.58080673,-83.9595108,A4:CF:12,5,wpa2,2024-05-23T19:00:00.000Z,2024-09-20T16:00:00.000Z,,MI,US,East Salzburg Road,48706
A4:CF:12:36:A1:35,Traeger-A135,40.49732208,-105.08429718,A4:CF:12,5,wep,2025-04-10T07:00:00.000Z,2025-04-11T00:00:00.000Z,Fort Collins,CO,US,Constellation Drive,80525-3853
A4:CF:12:36:A1:61,Traeger-A161,36.58657455,-114.46290588,A4:CF:12,5,wpa2,2026-01-11T22:00:00.000Z,2026-08-22T15:00:00.000Z,,NV,US,West Wittwer Avenue,89021
A4:CF:12:36:A1:75,Traeger-A175,37.47372055,-120.86727142,A4:CF:12,5,wep,2026-03-17T19:00:00.000Z,2026-08-17T17:00:00.000Z,Turlock,CA,US,South Walnut Road,95381
A4:CF:12:36:A2:95,Traeger-A295,61.1460762,-149.82183838,A4:CF:12,5,wpa2,2025-07-31T07:00:00.000Z,2026-01-08T19:00:00.000Z,,AK,US,Stratton Circle,99507
A4:CF:12:36:A2:C9,Traeger-A2C9,41.09427643,-111.95960236,A4:CF:12,5,wpa2,2020-11-20T13:00:00.000Z,2025-06-10T15:00:00.000Z,Layton,UT,US,North Fort Lane,84041
A4:CF:12:36:A2:F5,Traeger-A2F5,41.42662811,-82.24143982,A4:CF:12,5,wpa2,2026-05-01T12:00:00.000Z,2026-06-01T08:00:00.000Z,,OH,US,Oak Point Road,44001
A4:CF:12:36:A3:1D,Traeger-A31D,42.4315834,-123.254776,A4:CF:12,5,wpa2,2023-02-17T21:00:00.000Z,2026-05-14T20:00:00.000Z,,OR,US,I 5,97537
A4:CF:12:36:A3:51,Traeger-A351,40.16231537,-104.94792175,A4:CF:12,5,wpa2,2024-08-22T21:00:00.000Z,2025-10-21T15:00:00.000Z,,CO,US,Cherryvale Street,80504
A4:CF:12:36:A3:65,Traeger-A365,33.7515831,-112.10842133,A4:CF:12,5,wpa2,2024-05-18T16:00:00.000Z,2025-02-16T15:00:00.000Z,Phoenix,AZ,US,North Valley Parkway,85085
A4:CF:12:36:A3:89,Traeger-A389,43.69564438,-116.37425232,A4:CF:12,5,wpa2,2026-04-06T06:00:00.000Z,2026-04-06T01:00:00.000Z,,ID,US,West State Street,83616
A4:CF:12:36:A4:71,Traeger-A471,40.82711411,-96.6581955,A4:CF:12,5,wpa2,2026-05-19T00:00:00.000Z,2026-05-18T17:00:00.000Z,Lincoln,NE,US,Starr Street,68503
A4:CF:12:36:A4:F9,Traeger-A4F9,39.02648544,-94.6207962,A4:CF:12,5,wpa2,2024-12-22T00:00:00.000Z,2024-12-21T18:00:00.000Z,,KS,US,State Park Road,66205
A4:CF:12:36:A5:81,Traeger-A581,41.18105316,-112.06614685,A4:CF:12,5,wpa2,2020-12-28T22:00:00.000Z,2025-04-03T08:00:00.000Z,,UT,US,South 3600 West,84315
A4:CF:12:36:A5:C1,Traeger-A5C1,35.14103699,-97.63752747,A4:CF:12,5,wpa2,2026-08-06T18:00:00.000Z,2026-08-06T20:00:00.000Z,,OK,US,Silver Fox Court,73010
A4:CF:12:36:A6:AD,Traeger-A6AD,46.83615494,-96.75782776,A4:CF:12,5,wpa2,2025-01-18T21:00:00.000Z,2026-01-23T01:00:00.000Z,Moorhead,MN,US,37th Avenue South,56560
A4:CF:12:36:A7:9D,Traeger-A79D,33.46831131,-111.98991394,A4:CF:12,5,wpa2,2025-03-29T00:00:00.000Z,2025-03-28T17:00:00.000Z,Phoenix,AZ,US,North 43rd Street,85008
A4:CF:12:36:A8:B5,Traeger-A8B5,43.0150032,-123.94074249,A4:CF:12,5,wpa2,2025-06-04T00:00:00.000Z,2025-06-03T18:00:00.000Z,,OR,US,Coos Bay-Roseburg Highway,97458
A4:CF:12:36:A8:D5,Traeger-A8D5,42.11633682,-79.86268616,A4:CF:12,5,wpa2,2023-03-05T17:00:00.000Z,2026-08-10T19:00:00.000Z,,PA,US,Station Road,16510
A4:CF:12:36:AB:C9,Traeger-ABC9,38.49939346,-107.86650848,A4:CF:12,5,wpa2,2025-09-19T17:00:00.000Z,2026-06-10T15:00:00.000Z,,CO,US,Haystack Road,81401
A4:CF:12:36:AC:1D,Traeger-AC1D,41.64865112,-111.91046143,A4:CF:12,5,wep,2025-11-21T04:00:00.000Z,2025-11-27T20:00:00.000Z,,UT,US,US 89;US 91,84339-9584
A4:CF:12:36:AD:4D,Traeger-AD4D,36.75368118,-91.87755585,A4:CF:12,5,wpa2,2026-07-22T01:00:00.000Z,2026-07-27T16:00:00.000Z,,MO,US,Deatherage Avenue,65775
A4:CF:12:36:AE:91,Traeger-AE91,35.58032227,-97.64560699,A4:CF:12,5,wpa2,2022-12-22T09:00:00.000Z,2026-03-24T06:00:00.000Z,Oklahoma City,OK,US,West Hefner Road,73162
A4:CF:12:36:B0:99,Traeger-B099,42.28356934,-85.5954361,A4:CF:12,5,wpa2,2023-10-29T00:00:00.000Z,2025-02-20T08:00:00.000Z,Kalamazoo,MI,US,Austin Street,49008
A4:CF:12:36:B2:05,Traeger-B205,42.93605804,-86.12216187,A4:CF:12,5,wpa2,2025-09-13T01:00:00.000Z,2025-09-22T07:00:00.000Z,,MI,US,136th Avenue,49460
A4:CF:12:36:B4:19,Traeger-B419,44.98469925,-93.57681274,A4:CF:12,5,wpa2,2021-12-03T22:00:00.000Z,2025-06-02T09:00:00.000Z,,MN,US,Orchard Lane,55356
A4:CF:12:36:B4:59,Traeger-B459,37.27249146,-121.87857056,A4:CF:12,5,wpa2,2025-12-03T16:00:00.000Z,2026-01-16T08:00:00.000Z,San Jose,CA,US,Almaden Expressway,95125-4132
A4:CF:12:36:B4:D5,Traeger-B4D5,35.63392258,-97.58574677,A4:CF:12,5,wpa2,2003-10-11T16:00:00.000Z,2026-09-01T12:00:00.000Z,Oklahoma City,OK,US,Lake Hefner Parkway,73012
A4:CF:12:36:B5:AD,Traeger-B5AD,39.33847809,-85.41138458,A4:CF:12,5,wpa2,2025-12-27T20:00:00.000Z,2026-03-08T15:00:00.000Z,,IN,US,I 74,47006
A4:CF:12:36:B6:15,Traeger-B615,33.30008316,-111.78961945,A4:CF:12,5,wpa2,2023-05-27T19:00:00.000Z,2026-01-03T05:00:00.000Z,Gilbert,AZ,US,South Gilbert Road,85225-2412
A4:CF:12:36:B6:DD,Traeger-B6DD,36.13921356,-115.30643463,A4:CF:12,5,wpa2,2024-02-16T19:00:00.000Z,2025-10-17T15:00:00.000Z,Las Vegas,NV,US,South Grand Canyon Drive,89117-0306
A4:CF:12:36:B6:ED,Traeger-B6ED,33.99835587,-117.85681152,A4:CF:12,5,wpa2,2022-02-20T17:00:00.000Z,2026-07-26T18:00:00.000Z,Diamond Bar,CA,US,Pomona Freeway,91789-3924
A4:CF:12:36:B7:15,Traeger-B715,51.08377075,-115.36707306,A4:CF:12,5,wpa2,2026-07-02T20:00:00.000Z,2026-07-02T18:00:00.000Z,,Alberta,CA,Rundle Drive,T1W 2L7
A4:CF:12:36:B7:69,Traeger-B769,43.63980484,-116.22239685,A4:CF:12,5,wpa2,2026-08-17T21:00:00.000Z,2026-08-19T22:00:00.000Z,Boise,ID,US,West Good Court,83702
A4:CF:12:36:B7:C9,Traeger-B7C9,32.74912262,-97.42543793,A4:CF:12,5,wpa2,2026-08-03T23:00:00.000Z,2026-08-03T17:00:00.000Z,Fort Worth,TX,US,Lansdale Road,76116
A4:CF:12:36:BA:C9,Traeger-BAC9,45.72611237,-75.04650879,A4:CF:12,5,wpa2,2025-08-08T13:00:00.000Z,2025-08-14T04:00:00.000Z,,Québec,CA,Rue Patrice,J0V 1W0
A4:CF:12:36:BB:11,Traeger-BB11,53.55434036,-113.29577637,A4:CF:12,5,wpa2,2025-07-28T18:00:00.000Z,2025-08-30T15:00:00.000Z,Sherwood Park,Alberta,CA,Sherwood Drive,T8H 0Z9
A4:CF:12:36:BB:25,Traeger-BB25,44.49463272,-69.79728699,A4:CF:12,5,wpa2,2023-04-28T20:00:00.000Z,2024-09-22T16:00:00.000Z,,ME,US,Oakland Road,04917
A4:CF:12:36:BB:31,Traeger-BB31,41.32635117,-110.28823853,A4:CF:12,5,wpa2,2026-05-27T00:00:00.000Z,2026-05-29T22:00:00.000Z,,WY,US,South East Street,82937
A4:CF:12:36:BB:AD,Traeger-BBAD,47.35033035,-122.60466003,A4:CF:12,5,wpa2,2025-10-04T05:00:00.000Z,2025-10-03T22:00:00.000Z,,WA,US,McCormic Creek Drive,98332
A4:CF:12:36:BB:F9,Traeger-BBF9,41.99235916,-83.6783371,A4:CF:12,5,wpa2,2026-04-20T17:00:00.000Z,2026-04-20T14:00:00.000Z,,MI,US,US 23,48110
A4:CF:12:36:BC:F1,Traeger-BCF1,47.63117981,-117.2022934,A4:CF:12,5,wpa2,2021-03-23T17:00:00.000Z,2026-08-15T12:00:00.000Z,,WA,US,South Progress Road,99037-9510
A4:CF:12:36:BE:4D,Traeger-BE4D,36.09492111,-115.22642517,A4:CF:12,5,wpa2,2025-05-14T16:00:00.000Z,2025-05-14T13:00:00.000Z,,NV,US,West la Palma Parkway,89147-4705
A4:CF:12:36:BE:91,Traeger-BE91,45.34670639,-122.7438736,A4:CF:12,5,wpa2,2026-08-14T22:00:00.000Z,2026-08-14T17:00:00.000Z,,OR,US,Southwest 65th Avenue,97062
A4:CF:12:36:BF:31,Traeger-BF31,38.97824478,-92.44809723,A4:CF:12,5,wpa2,2025-09-11T18:00:00.000Z,2025-09-11T12:00:00.000Z,,MO,US,North Rollingwood Boulevard,
A4:CF:12:36:BF:ED,Traeger-BFED,40.45267868,-74.44493866,A4:CF:12,5,wpa2,2024-10-08T12:00:00.000Z,2024-11-20T14:00:00.000Z,,NJ,US,Riva Avenue,08902
A4:CF:12:36:C0:11,Traeger-C011,39.82048035,-105.01055145,A4:CF:12,5,wpa2,2023-09-29T00:00:00.000Z,2026-05-28T22:00:00.000Z,,CO,US,Larsh Drive,80221
A4:CF:12:36:C0:F1,Traeger-C0F1,45.4866333,-75.74357605,A4:CF:12,1,wpa2,2024-04-23T23:00:00.000Z,2025-06-18T17:00:00.000Z,Gatineau,Québec,CA,Rue Saint-Louis,J8T 5L8
A4:CF:12:36:C1:AD,Traeger-C1AD,27.7831974,-82.29178619,A4:CF:12,5,wpa2,2024-04-23T17:00:00.000Z,2025-06-16T10:00:00.000Z,,FL,US,Sunburst Marble Road,33579
A4:CF:12:36:C3:31,Traeger-C331,29.5027523,-95.0586853,A4:CF:12,5,wpa2,2026-02-05T16:00:00.000Z,2026-02-05T14:00:00.000Z,,TX,US,Louisiana Avenue,77573
A4:CF:12:36:C3:ED,Traeger-C3ED,46.22431564,-119.16670227,A4:CF:12,5,wpa2,2024-03-14T19:00:00.000Z,2026-06-03T10:00:00.000Z,Kennewick,WA,US,Columbia Park Trail,99336
A4:CF:12:36:C4:4D,Traeger-C44D,41.79904175,-111.81157684,A4:CF:12,5,wpa2,2026-08-26T04:00:00.000Z,2026-08-26T12:00:00.000Z,,UT,US,Center Street,84318
A4:CF:12:36:C4:6D,Traeger-C46D,47.25218582,-122.52863312,A4:CF:12,5,wpa2,2025-03-21T11:00:00.000Z,2025-03-21T15:00:00.000Z,Tacoma,WA,US,South Rochester Street,98406
A4:CF:12:36:C6:75,Traeger-C675,33.96629333,-84.60531616,A4:CF:12,5,wpa2,2026-08-19T13:00:00.000Z,2026-08-19T15:00:00.000Z,Marietta,GA,US,Leonidas Trail Northwest,30064
A4:CF:12:36:C7:01,Traeger-C701,31.74053001,-98.9421463,A4:CF:12,6,wpa2,2022-09-07T08:00:00.000Z,2026-08-08T15:00:00.000Z,Early,TX,US,Garmon Drive,76802
A4:CF:12:36:C7:35,Traeger-C735,43.51782608,-116.39385223,A4:CF:12,5,wpa2,2021-04-11T15:00:00.000Z,2025-04-08T14:00:00.000Z,Kuna,ID,US,South Meridian Road,83634
A4:CF:12:36:C7:B1,Traeger-C7B1,41.08290863,-112.05631256,A4:CF:12,5,wpa2,2020-11-07T04:00:00.000Z,2025-08-14T17:00:00.000Z,,UT,US,West 2125 South,84075
A4:CF:12:36:C7:E9,Traeger-C7E9,45.38492966,-122.7713623,A4:CF:12,5,wpa2,2025-03-08T02:00:00.000Z,2025-03-07T18:00:00.000Z,,OR,US,Southwest 90th Avenue,97062
A4:CF:12:36:C9:6D,Traeger-C96D,47.72478104,-116.77060699,A4:CF:12,5,wpa2,2025-09-22T11:00:00.000Z,2025-09-22T05:00:00.000Z,,ID,US,North Mount Carrol Street,83835
A4:CF:12:36:C9:D5,Traeger-C9D5,47.81647873,-122.23686981,A4:CF:12,5,wpa2,2022-11-21T19:00:00.000Z,2025-12-20T14:00:00.000Z,,WA,US,I 405,98012-7134
A4:CF:12:36:CA:FD,Traeger-CAFD,43.33547211,-79.89325714,A4:CF:12,5,wpa2,2021-08-09T17:00:00.000Z,2026-04-09T11:00:00.000Z,Hamilton,Ontario,CA,Mill Street North,L0R 2H0
A4:CF:12:36:CD:11,Traeger-CD11,42.74973297,-95.55552673,A4:CF:12,5,wpa2,2023-08-13T17:00:00.000Z,2025-05-14T14:00:00.000Z,,IA,US,West Main Street,51012
A4:CF:12:36:CF:39,Traeger-CF39,31.61099243,34.5228653,A4:CF:12,5,wpa2,2026-08-18T15:00:00.000Z,2026-08-18T15:00:00.000Z,,מחוז הדרום,IL,,
A4:CF:12:36:D0:DD,Traeger-D0DD,29.66563797,-98.16629028,A4:CF:12,5,wpa2,2026-05-08T18:00:00.000Z,2026-05-08T12:00:00.000Z,New Braunfels,TX,US,I 35,
A4:CF:12:36:D2:01,Traeger-D201,33.12018585,-117.24053955,A4:CF:12,5,wpa2,2022-11-07T10:00:00.000Z,2024-11-24T21:00:00.000Z,Carlsbad,CA,US,Poinsettia Lane,92009
A4:CF:12:36:D2:61,Traeger-D261,33.77748108,-118.08881378,A4:CF:12,5,wpa2,2024-11-10T19:00:00.000Z,2025-11-09T15:00:00.000Z,,CA,US,Martha Ann Drive,90720
A4:CF:12:36:D2:79,Traeger-D279,47.70742416,-104.16246796,A4:CF:12,5,wpa2,2026-08-12T23:00:00.000Z,2026-08-26T04:00:00.000Z,,MT,US,South Central Avenue,59270
A4:CF:12:36:D2:F5,Traeger-D2F5,40.30520248,-105.07239532,A4:CF:12,5,wpa2,2026-05-16T22:00:00.000Z,2026-05-17T06:00:00.000Z,,CO,US,East County Road 8,80513-2229
A4:CF:12:36:D4:E9,Traeger-D4E9,42.72161102,-110.97975922,A4:CF:12,5,wpa2,2025-09-01T18:00:00.000Z,2025-09-01T15:00:00.000Z,,WY,US,Wyoming State Highway 238,83119
A4:CF:12:36:D4:F9,Traeger-D4F9,35.65060806,-97.55522919,A4:CF:12,5,wpa2,2026-07-15T14:00:00.000Z,2026-07-15T09:00:00.000Z,Oklahoma City,OK,US,Northwest 176th Street,73003
A4:CF:12:36:D5:6D,Traeger-D56D,29.02386093,-81.25326538,A4:CF:12,5,wpa2,2026-08-28T14:00:00.000Z,2026-08-28T08:00:00.000Z,,FL,US,East New York Avenue,32724
A4:CF:12:36:D6:09,Traeger-D609,33.70788193,-117.02554321,A4:CF:12,5,wpa2,2026-06-20T16:00:00.000Z,2026-08-29T23:00:00.000Z,,CA,US,Domenigoni Parkway,92545
A4:CF:12:36:D6:BD,Traeger-D6BD,34.13746643,-84.92647552,A4:CF:12,5,wpa2,2026-07-08T17:00:00.000Z,2026-07-09T17:00:00.000Z,,GA,US,Covered Bridge Road Southwest,30120
A4:CF:12:36:D7:05,Traeger-D705,45.51449585,-122.64556885,A4:CF:12,5,wpa2,2024-07-10T07:00:00.000Z,2026-05-31T22:00:00.000Z,Portland,OR,US,Southeast 20th Avenue,97214
A4:CF:12:36:D7:49,Traeger-D749,35.58141708,-78.57623291,A4:CF:12,5,wpa2,2024-10-23T04:00:00.000Z,2024-11-16T17:00:00.000Z,,NC,US,I 40,27520:27529
A4:CF:12:36:D8:C9,Traeger-D8C9,45.81468201,-122.30079651,A4:CF:12,5,wpa2,2026-06-13T03:00:00.000Z,2026-06-14T22:00:00.000Z,,WA,US,Northeast Sunset Falls Road,
A4:CF:12:36:D9:E5,Traeger-D9E5,37.51590729,-120.82532501,A4:CF:12,6,wpa2,2024-09-09T21:00:00.000Z,2024-09-09T16:00:00.000Z,Turlock,CA,US,Westminster Lane,95381
A4:CF:12:36:D9:E9,Traeger-D9E9,42.10663223,-76.25035858,A4:CF:12,5,wpa2,2025-07-27T18:00:00.000Z,2025-07-28T00:00:00.000Z,,NY,US,5th Avenue,13827
A4:CF:12:36:DB:B9,Traeger-DBB9,33.88194656,-118.31741333,A4:CF:12,5,wpa2,2025-08-24T17:00:00.000Z,2025-08-24T14:00:00.000Z,,CA,US,West 164th Street,90247-3225
A4:CF:12:36:DC:AD,Traeger-DCAD,44.72244644,-93.44259644,A4:CF:12,5,wpa2,2025-03-16T20:00:00.000Z,2025-03-16T16:00:00.000Z,,MN,US,Highland Avenue Northwest,55372
A4:CF:12:36:DD:4D,Traeger-DD4D,42.92803955,-106.35168457,A4:CF:12,5,wpa2,2026-08-30T14:00:00.000Z,2026-08-30T08:00:00.000Z,Bar Nunn,WY,US,Antelope Trail,
A4:CF:12:36:DD:8D,Traeger-DD8D,33.8405838,-116.47133636,A4:CF:12,5,wpa2,2026-04-26T20:00:00.000Z,2026-04-26T13:00:00.000Z,,CA,US,Peladora Road,92264-3613
A4:CF:12:36:E0:BD,Traeger-E0BD,40.01253891,-83.068573,A4:CF:12,5,wpa2,2026-07-23T22:00:00.000Z,2026-07-29T18:00:00.000Z,,OH,US,Tremont Road,43221
A4:CF:12:36:E2:85,Traeger-E285,35.97677612,-115.18392181,A4:CF:12,5,wpa2,2026-03-22T17:00:00.000Z,2026-03-22T11:00:00.000Z,,NV,US,South Southern Highlands Parkway,89179
A4:CF:12:36:E2:9D,Traeger-E29D,49.60447311,-117.16431427,A4:CF:12,5,wpa2,2025-09-20T19:00:00.000Z,2025-09-20T16:00:00.000Z,Area F (Kokanee Range),British Columbia,CA,Highway 3A,V1L 6N6
A4:CF:12:36:E3:15,Traeger-E315,38.91206741,-104.68997192,A4:CF:12,5,wpa2,2023-12-18T00:00:00.000Z,2025-08-01T16:00:00.000Z,Colorado Springs,CO,US,Stetson Hills Boulevard,80938
A4:CF:12:36:E3:1D,Traeger-E31D,37.7181282,-120.95124054,A4:CF:12,5,wpa2,2025-08-15T16:00:00.000Z,2025-08-15T10:00:00.000Z,,CA,US,Crawford Road,95367
A4:CF:12:36:E3:85,Traeger-E385,36.18836212,-115.35012054,A4:CF:12,5,wpa2,2020-11-22T15:00:00.000Z,2026-08-28T18:00:00.000Z,Las Vegas,NV,US,Kindle Corner Way,89138
A4:CF:12:36:E4:81,Traeger-E481,47.11693192,-119.2556839,A4:CF:12,5,wpa2,2026-01-20T15:00:00.000Z,2026-01-22T13:00:00.000Z,,WA,US,Nelson Road Northeast,98837
A4:CF:12:36:E6:41,Traeger-E641,46.98540497,-122.82112122,A4:CF:12,5,wpa2,2020-11-18T17:00:00.000Z,2025-04-26T13:00:00.000Z,,WA,US,Rainier Road Southeast,
A4:CF:12:36:E6:65,Traeger-E665,29.56957054,-98.25920105,A4:CF:12,5,wpa2,2025-01-18T04:00:00.000Z,2026-04-21T14:00:00.000Z,,TX,US,Roy Richard Drive,78154-1265
A4:CF:12:36:E7:79,Traeger-E779,39.71609879,-82.61244202,A4:CF:12,5,wpa2,2024-05-01T18:00:00.000Z,2024-11-27T11:00:00.000Z,,OH,US,Baker Alley,43130
A4:CF:12:36:E9:41,Traeger-E941,30.32914352,-95.46083069,A4:CF:12,5,wpa2,2026-07-20T00:00:00.000Z,2026-07-20T00:00:00.000Z,,TX,US,North Woodsway Street West,77301
A4:CF:12:36:E9:B9,Traeger-E9B9,37.63077164,-120.90122986,A4:CF:12,5,wpa2,2024-10-24T18:00:00.000Z,2024-10-27T16:00:00.000Z,,CA,US,Santa Fe Avenue,95357
A4:CF:12:36:EB:81,Traeger-EB81,39.453022,-104.68123627,A4:CF:12,5,wpa2,2026-04-05T23:00:00.000Z,2026-07-26T23:00:00.000Z,,CO,US,North Flintwood Road,
A4:CF:12:36:EC:B1,Traeger-ECB1,39.00914764,-122.77732849,A4:CF:12,5,wpa2,2026-06-25T02:00:00.000Z,2026-08-31T22:00:00.000Z,,CA,US,Soda Bay Road,95451
A4:CF:12:36:EC:E9,Traeger-ECE9,47.62923813,-117.40922546,A4:CF:12,5,wpa2,2026-08-22T23:00:00.000Z,2026-08-22T22:00:00.000Z,Spokane,WA,US,South Tekoa Street,99203
A4:CF:12:36:ED:95,Traeger-ED95,42.0959816,-88.06571198,A4:CF:12,5,wpa2,2026-08-03T12:00:00.000Z,2026-08-03T17:00:00.000Z,,IL,US,West Illinois Avenue,60067
A4:CF:12:36:ED:ED,Traeger-EDED,47.64929962,-104.20407104,A4:CF:12,5,wpa2,2024-05-24T20:00:00.000Z,2026-08-26T22:00:00.000Z,,MT,US,MT 16,59270
A4:CF:12:36:EE:F1,Traeger-EEF1,47.74152756,-116.9654541,A4:CF:12,5,wpa2,2026-08-06T00:00:00.000Z,2026-08-05T18:00:00.000Z,,ID,US,West Fisher Avenue,83877-0010
A4:CF:12:36:EF:01,Traeger-EF01,43.2274704,-123.37706757,A4:CF:12,5,wpa2,2025-03-13T00:00:00.000Z,2025-06-26T16:00:00.000Z,,OR,US,,97471
A4:CF:12:36:EF:2D,Traeger-EF2D,39.91856003,-86.28822327,A4:CF:12,5,wpa2,2025-02-17T17:00:00.000Z,2025-02-17T10:00:00.000Z,Indianapolis,IN,US,Moore Road,46077
A4:CF:12:36:EF:7D,Traeger-EF7D,40.80684662,-89.43479919,A4:CF:12,5,wpa2,2025-06-30T19:00:00.000Z,2025-07-10T18:00:00.000Z,,IL,US,Hickory Point Road,61548
A4:CF:12:36:EF:ED,Traeger-EFED,36.23165894,-115.30223846,A4:CF:12,5,wpa2,2025-03-10T15:00:00.000Z,2026-03-02T22:00:00.000Z,Las Vegas,NV,US,Fox Forest Avenue,89129
A4:CF:12:36:F2:01,Traeger-F201,33.21680069,-96.64258575,A4:CF:12,5,wpa2,2026-04-14T13:00:00.000Z,2026-07-17T19:00:00.000Z,McKinney,TX,US,West University Drive,75071
A4:CF:12:36:F3:15,Traeger-F315,33.79291534,-117.83267212,A4:CF:12,5,wpa2,2025-06-21T19:00:00.000Z,2025-06-21T23:00:00.000Z,Orange,CA,US,North Park Lane,92867
A4:CF:12:36:F3:C9,Traeger-F3C9,35.97309494,-95.7820816,A4:CF:12,5,wpa2,2025-11-30T20:00:00.000Z,2025-12-23T20:00:00.000Z,,OK,US,East Kingsport Street,74011
A4:CF:12:36:F4:B5,Traeger-F4B5,45.73923874,-94.92977905,A4:CF:12,5,wpa2,2026-04-01T16:00:00.000Z,2026-04-03T16:00:00.000Z,,MN,US,County Road 17,56378
A4:CF:12:36:F5:D5,Traeger-F5D5,39.23414612,-85.90421295,A4:CF:12,5,wpa2,2026-07-22T21:00:00.000Z,2026-09-01T15:00:00.000Z,,IN,US,Central Avenue,47203-2562
A4:CF:12:36:F8:3D,Traeger-F83D,41.84406662,-70.84838104,A4:CF:12,5,wpa2,2026-06-06T02:00:00.000Z,2026-07-13T11:00:00.000Z,,MA,US,Smith Street,
A4:CF:12:36:F9:0D,Traeger-F90D,48.30791473,-117.27199554,A4:CF:12,6,none,2026-08-31T08:00:00.000Z,2026-08-31T13:00:00.000Z,,WA,US,Black Road,
A4:CF:12:36:F9:7D,Traeger-F97D,37.91519928,-121.74916077,A4:CF:12,5,wpa2,2026-07-23T20:00:00.000Z,2026-08-22T15:00:00.000Z,,CA,US,Saint Andrews Drive,94513-5058
A4:CF:12:36:FA:C5,Traeger-FAC5,41.58372116,-93.76299286,A4:CF:12,5,wpa2,2026-06-06T14:00:00.000Z,2026-06-06T14:00:00.000Z,West Des Moines,IA,US,44th Street,50265
A4:CF:12:36:FD:39,Traeger-FD39,32.25878525,-110.84171295,A4:CF:12,5,wpa2,2025-06-15T12:00:00.000Z,2025-12-11T19:00:00.000Z,,AZ,US,East Arrowhead Drive,85715-3113
A4:CF:12:36:FD:DD,Traeger-FDDD,33.77756882,-118.01313782,A4:CF:12,5,wpa2,2025-01-05T20:00:00.000Z,2025-01-07T16:00:00.000Z,Garden Grove,CA,US,Sutter Street,92845
A4:CF:12:37:56:4D,EAP-B0426,19.68057632,-155.05145264,A4:CF:12,1,wpa2,2026-01-31T06:00:00.000Z,2026-01-31T00:00:00.000Z,Hilo CDP,HI,US,Railroad Avenue,96720
A4:CF:12:37:56:6D,AL4001020040439,-32.94837952,151.67027283,A4:CF:12,1,wpa2,2024-07-31T22:00:00.000Z,2024-09-09T01:00:00.000Z,Newcastle-Maitland,New South Wales,AU,Coronation Avenue,2285
A4:CF:12:37:59:69,EAP-B0160,21.32718658,-158.00253296,A4:CF:12,1,wpa2,2026-05-29T22:00:00.000Z,2026-05-30T10:00:00.000Z,,HI,US,Hanaloa Street,96706
A4:CF:12:39:74:D5,AL4001019081538,-35.22913742,149.08912659,A4:CF:12,1,wpa2,2025-08-21T04:00:00.000Z,2026-03-01T17:00:00.000Z,,Lawson,AU,Toorale Terrace,2617
A4:CF:12:39:75:09,AL4001019120082,-31.87559891,115.78222656,A4:CF:12,1,wpa2,2022-05-29T14:00:00.000Z,2026-07-23T03:00:00.000Z,,Western Australia,AU,,
A4:CF:12:39:77:11,AL4001020040564,-33.41619492,151.34901428,A4:CF:12,1,wpa2,2022-09-26T19:00:00.000Z,2026-08-22T01:00:00.000Z,Gosford,New South Wales,AU,Henry Parry Drive,2250
A4:CF:12:39:78:1D,AL4001019121014,-32.92454147,151.65614319,A4:CF:12,3,wpa2,2025-03-18T23:00:00.000Z,2025-11-09T18:00:00.000Z,Newcastle-Maitland,New South Wales,AU,Reservoir Road,2285
A4:CF:12:39:78:B5,AL4001019120035,-38.08420563,145.2923584,A4:CF:12,1,wpa2,2023-12-03T22:00:00.000Z,2025-02-18T06:00:00.000Z,Melbourne,Victoria,AU,Thompsons Road,3977
A4:CF:12:39:7A:41,AL4001020040176,-36.70587921,144.27856445,A4:CF:12,8,wpa2,2025-03-26T09:00:00.000Z,2025-04-04T18:00:00.000Z,Bendigo,Victoria,AU,Powers Place,3551
A4:CF:12:39:7C:E9,EAP-B0140,33.58513641,-83.76638794,A4:CF:12,10,wpa2,2025-08-25T19:00:00.000Z,2026-06-13T17:00:00.000Z,,GA,US,Dixie Road,30014
A4:CF:12:39:81:E1,EAP-B0314,33.73701859,-117.79425812,A4:CF:12,7,wpa2,2022-03-12T21:00:00.000Z,2024-10-26T14:00:00.000Z,Tustin,CA,US,Tustin Ranch Road,92781
A4:CF:12:39:83:3D,EAP-B0121,39.53635025,-104.82566071,A4:CF:12,1,wpa2,2024-07-08T00:00:00.000Z,2026-05-27T19:00:00.000Z,,CO,US,East Lincoln Avenue,80124-5644
A4:CF:12:39:83:F9,EAP-B0170,22.22179794,-159.54798889,A4:CF:12,2,wpa2,2025-12-31T01:00:00.000Z,2026-02-17T22:00:00.000Z,,HI,US,Kuhio Highway,96714
A4:CF:12:39:84:DD,AL4001020190274,-38.33883667,144.31311035,A4:CF:12,9,wpa2,2023-12-02T01:00:00.000Z,2025-07-18T01:00:00.000Z,,Victoria,AU,Great Ocean Road,3228
A4:CF:12:39:86:A5,AL4001020040472,-36.71401596,144.25776672,A4:CF:12,1,wpa2,2021-12-17T22:00:00.000Z,2025-05-05T01:00:00.000Z,Bendigo,Victoria,AU,Butts Road,
A4:CF:12:39:86:E5,AL4001020040464,-31.85073853,115.91414642,A4:CF:12,5,wpa2,2023-04-03T07:00:00.000Z,2024-11-14T23:00:00.000Z,,Western Australia,AU,Tabubil Gardens,6066
A4:CF:12:39:88:25,EAP-B0694,44.27148438,-70.57850647,A4:CF:12,2,wpa2,2026-07-05T20:00:00.000Z,2026-07-05T16:00:00.000Z,,ME,US,Crockett Ridge Road,04268
A4:CF:12:39:88:45,EAP-B0775,43.66543198,-73.51557159,A4:CF:12,1,wpa2,2026-08-15T21:00:00.000Z,2026-08-18T08:00:00.000Z,,NY,US,Lake Shore Drive,12874
A4:CF:12:3A:0F:CD,AL4001019081787,-37.85987091,144.74815369,A4:CF:12,1,wpa2,2026-06-18T19:00:00.000Z,2026-06-18T15:00:00.000Z,Melbourne,Victoria,AU,Palmers Road,3027
A4:CF:12:3A:0F:ED,AL4001019081621,-32.07201385,115.93624115,A4:CF:12,1,wpa2,2026-03-05T05:00:00.000Z,2026-03-04T21:00:00.000Z,,Western Australia,AU,Gateway Boulevard,6155
A4:CF:12:3A:10:19,AL4001019121040,-37.89939499,144.59727478,A4:CF:12,11,wpa2,2025-10-22T21:00:00.000Z,2025-10-27T20:00:00.000Z,Melbourne,Victoria,AU,Grandvista Boulevard,3030
A4:CF:12:3A:10:21,AL7002022041175,-37.60637665,145.11590576,A4:CF:12,11,wpa2,2025-02-18T00:00:00.000Z,2025-02-17T17:00:00.000Z,Melbourne,Victoria,AU,Sanctum Circuit,3754
A4:CF:12:3A:17:41,EAP-B0650,21.96180916,-159.37580872,A4:CF:12,1,wpa2,2025-12-24T01:00:00.000Z,2026-02-17T22:00:00.000Z,,HI,US,Halehaka Road,96766
A4:CF:12:3A:17:F1,AL4001019121017,-35.35618591,149.08308411,A4:CF:12,10,wpa2,2024-03-01T21:00:00.000Z,2025-10-31T16:00:00.000Z,,Chifley,AU,Allwood Street,2606
A4:CF:12:3A:19:6D,AL4001019071358,-34.74065018,138.67301941,A4:CF:12,1,wpa2,2021-05-30T12:00:00.000Z,2025-11-05T21:00:00.000Z,Adelaide,South Australia,AU,Sampson Road,5112
A4:CF:12:3A:19:A5,AL4001019081575,-34.78871918,138.65637207,A4:CF:12,6,wpa2,2025-08-09T12:00:00.000Z,2026-05-29T10:00:00.000Z,Adelaide,South Australia,AU,Robin Street,5109
A4:CF:12:3A:19:ED,AL4001019081533,-35.25838852,149.04931641,A4:CF:12,2,wpa2,2020-08-04T13:00:00.000Z,2026-01-25T15:00:00.000Z,,Weetangera,AU,Springvale Drive,2614
A4:CF:12:3A:1A:99,AL4001019081770,-34.74948502,138.59667969,A4:CF:12,12,none,2025-08-26T14:00:00.000Z,2026-04-23T16:00:00.000Z,Adelaide,South Australia,AU,Sucre Court,5108
A4:CF:12:3A:1A:B5,AL4001019120075,-37.83073044,145.20298767,A4:CF:12,10,wpa2,2021-12-16T11:00:00.000Z,2025-01-12T18:00:00.000Z,Melbourne,Victoria,AU,Scott Street,VIC 3134
A4:CF:12:3A:29:C9,AL4001019081554,-35.21592712,149.0007019,A4:CF:12,1,wpa2,2025-05-11T04:00:00.000Z,2025-05-12T03:00:00.000Z,,Macgregor,AU,Eccles Circuit,2615
A4:CF:12:3A:29:E9,AL4001019081535,-37.65963364,145.18510437,A4:CF:12,1,wpa2,2026-08-16T20:00:00.000Z,2026-08-16T19:00:00.000Z,Melbourne,Victoria,AU,Main Hurstbridge Road,3096
A4:CF:12:3A:2A:29,EAP-B2281,38.72829437,-121.28705597,A4:CF:12,1,wpa2,2020-11-30T17:00:00.000Z,2025-05-01T01:00:00.000Z,Roseville,CA,US,Alan S. Hart Freeway,95678
A4:CF:12:3A:2A:B1,AL4001019081515,-33.79838943,151.07907104,A4:CF:12,1,wpa2,2003-05-28T10:00:00.000Z,2026-08-09T17:00:00.000Z,Sydney,New South Wales,AU,Shaftsbury Road,2114
A4:CF:12:3A:2B:15,AL4001019061384,-35.22938156,149.11042786,A4:CF:12,1,wpa2,2023-04-24T09:00:00.000Z,2026-01-25T15:00:00.000Z,,Kaleen,AU,Wakool Circuit,2617
A4:CF:12:3A:4C:A5,AL4001019081582,-31.92115784,115.9163208,A4:CF:12,10,wpa2,2024-11-29T11:00:00.000Z,2024-11-29T04:00:00.000Z,,Western Australia,AU,Hamilton Street,6053
A4:CF:12:3A:4D:2D,EAP-B0583,40.585392,-82.98209381,A4:CF:12,2,wpa2,2020-09-23T08:00:00.000Z,2026-08-03T10:00:00.000Z,,OH,US,Marion-Mt Gilead Road,43314
A4:CF:12:3A:4D:85,AL4001019081509,-35.18001175,149.1335144,A4:CF:12,1,wpa2,2020-10-24T11:00:00.000Z,2025-08-09T05:00:00.000Z,,Gungahlin,AU,,2912
A4:CF:12:3A:4E:15,AL4001019081747,-35.18187332,149.12001038,A4:CF:12,10,wpa2,2020-09-06T17:00:00.000Z,2025-07-06T00:00:00.000Z,,Ngunnawal,AU,Paul Coe Crescent,2913
A4:CF:12:3A:4E:4D,AL4001019120071,-36.13052368,146.86552429,A4:CF:12,1,wpa2,2025-10-07T02:00:00.000Z,2026-02-13T07:00:00.000Z,Wodonga,Victoria,AU,Melrose Drive,3690
A4:CF:12:3A:4E:AD,EAP-C3331,38.64712143,-121.11935425,A4:CF:12,8,wpa2,2021-03-28T16:00:00.000Z,2026-08-22T21:00:00.000Z,Folsom,CA,US,Palladio Pkwy,95630
A4:CF:12:3A:4E:B5,AL4001019120061,-32.00595093,115.90222931,A4:CF:12,7,wpa2,2020-10-19T06:00:00.000Z,2026-01-30T18:00:00.000Z,,Western Australia,AU,Hill View Terrace,6102
A4:CF:12:3A:4E:D1,AL4001019081516,-35.22572327,149.0745697,A4:CF:12,11,wpa2,2020-07-25T12:00:00.000Z,2026-07-26T23:00:00.000Z,,McKellar,AU,Gundaroo Drive,2617
A4:CF:12:3A:4F:15,AL4001019081668,-35.18320084,149.12327576,A4:CF:12,2,wpa2,2020-09-06T17:00:00.000Z,2025-07-06T00:00:00.000Z,,Ngunnawal,AU,Kurrama Close,2913
A4:CF:12:3A:4F:31,AL4001019061438,-35.47148132,149.088974,A4:CF:12,11,wpa2,2021-05-24T16:00:00.000Z,2025-10-11T21:00:00.000Z,,Gordon,AU,Knoke Avenue,2906
A4:CF:12:3A:4F:69,EAP-B2257,41.05919647,-111.91059113,A4:CF:12,1,wpa2,2024-10-21T18:00:00.000Z,2024-10-25T13:00:00.000Z,,UT,US,Highway 89,84040
A4:CF:12:3A:4F:ED,AL4001019081513,-35.20549011,149.04998779,A4:CF:12,4,wpa2,2022-03-20T14:00:00.000Z,2025-09-05T21:00:00.000Z,,Flynn,AU,Alfred Hill Drive,2615
A4:CF:12:3A:50:01,AL4001019121011,-32.13602829,115.99069214,A4:CF:12,4,wpa2,2020-11-08T14:00:00.000Z,2025-04-02T20:00:00.000Z,,Western Australia,AU,Seville Drive,6112
A4:CF:12:3A:50:2D,EAP-B0508,21.33300591,-158.01716614,A4:CF:12,2,wpa2,2026-02-08T20:00:00.000Z,2026-09-02T22:00:00.000Z,,HI,US,Keaunui Drive,96706
A4:CF:12:3A:52:79,AL4001019120073,-35.18502808,149.16137695,A4:CF:12,4,wpa2,2021-12-18T16:00:00.000Z,2025-05-19T19:00:00.000Z,,Throsby,AU,Chuditch Street,2914
A4:CF:12:3A:53:55,AL4001019121025,-35.33966827,149.07855225,A4:CF:12,1,wpa2,2021-06-09T16:00:00.000Z,2026-09-01T00:00:00.000Z,,Lyons,AU,Ulverstone Street,2606
A4:CF:12:3A:53:91,AL4001019120078,-35.45990753,149.07797241,A4:CF:12,6,wpa2,2025-09-11T07:00:00.000Z,2025-09-11T01:00:00.000Z,,Gordon,AU,,2906
A4:CF:12:3A:59:95,AL4001020030051,-33.79919052,151.18984985,A4:CF:12,13,wpa2,2022-09-20T21:00:00.000Z,2025-02-09T21:00:00.000Z,,New South Wales,AU,Hercules Street,2067
A4:CF:12:3A:5A:11,EAP-C2985,42.0451355,-70.19250488,A4:CF:12,11,wpa2,2022-09-16T14:00:00.000Z,2026-02-22T14:00:00.000Z,,MA,US,Commercial Street,02657
A4:CF:12:3A:5A:51,EAP-B2077,44.25793076,-70.33740997,A4:CF:12,2,wpa2,2026-08-23T12:00:00.000Z,2026-08-27T20:00:00.000Z,,ME,US,Hebron Road,04220
A4:CF:12:3A:5A:69,AL4001019081539,-37.82565689,145.21113586,A4:CF:12,1,wpa2,2020-05-30T17:00:00.000Z,2025-10-04T13:00:00.000Z,Melbourne,Victoria,AU,Nymph Street,VIC 3134
A4:CF:12:3A:5A:81,AL5001120090228,-32.08058167,115.80104828,A4:CF:12,6,wpa2,2024-05-17T07:00:00.000Z,2026-06-07T02:00:00.000Z,,Western Australia,AU,Counsel Road,6183
A4:CF:12:3A:5A:C9,EAP-B1908,21.87493134,-159.45410156,A4:CF:12,2,wpa2,2026-04-19T20:00:00.000Z,2026-04-23T22:00:00.000Z,,HI,US,Hoowili Road,96756
A4:CF:12:3A:60:1D,AL4001019081707,-35.4065094,149.13079834,A4:CF:12,11,wpa2,2021-11-30T21:00:00.000Z,2025-08-09T22:00:00.000Z,,Macarthur,AU,Merriman Crescent,2904
A4:CF:12:3A:61:A9,AL4001019081781,-34.73911285,138.66125488,A4:CF:12,1,wpa2,2025-02-17T18:00:00.000Z,2025-08-21T16:00:00.000Z,Adelaide,South Australia,AU,Hogarth Road,5112
A4:CF:12:3A:61:AD,AL4001019081653,-37.82255554,145.06549072,A4:CF:12,11,wpa2,2021-11-10T17:00:00.000Z,2026-06-18T15:00:00.000Z,Melbourne,Victoria,AU,Canterbury Road,3124
A4:CF:12:3A:61:E9,AL4001019081543,-38.31620789,143.08746338,A4:CF:12,1,wpa2,2022-12-20T07:00:00.000Z,2026-08-24T03:00:00.000Z,,Victoria,AU,Cobden - Stonyford Road,3266
A4:CF:12:3A:6F:D9,EAP-C3353,18.45153427,-66.05976868,A4:CF:12,6,wpa2,2022-10-15T21:00:00.000Z,2025-07-12T13:00:00.000Z,San Juan,PR,US,Calle Loíza,00911
A4:CF:12:40:0F:29,Helena,26.18345261,-80.2226181,A4:CF:12,3,none,2024-09-27T01:00:00.000Z,2025-03-29T00:00:00.000Z,,FL,US,Bayberry Lane,33319
A4:CF:12:40:26:B5,Manusa-4026B4,41.40998077,2.13608789,A4:CF:12,1,wpa2,2026-03-04T17:00:00.000Z,2026-03-06T14:00:00.000Z,Barcelona,Catalunya,ES,Passeig de Sant Gervasi,08001
A4:CF:12:40:35:E5,,43.88635635,-78.5592041,A4:CF:12,10,wpa2,2022-12-08T18:00:00.000Z,2026-08-17T17:00:00.000Z,Clarington,Ontario,CA,,L1B 1L2
A4:CF:12:42:92:69,CU:26770,51.94918442,4.86434269,A4:CF:12,1,wpa2,2022-10-03T09:00:00.000Z,2024-10-02T23:00:00.000Z,,Zuid-Holland,NL,M.A. Reinaldaweg,2871RN
A4:CF:12:42:9C:F8,,46.46072769,6.84780502,A4:CF:12,1,unknown,2023-10-05T10:00:00.000Z,2025-01-20T05:00:00.000Z,,Vaud,CH,Rue du Clos,1800
A4:CF:12:42:A0:61,Ingresso,46.23033905,9.12738037,A4:CF:12,7,wpa2,2025-07-24T10:00:00.000Z,2025-07-24T04:00:00.000Z,Roveredo GR,Graubünden/Grischun/Grigioni,CH,,6535
A4:CF:12:42:A4:49,Mirza1,44.88183212,18.78952026,A4:CF:12,7,wpa2,2025-01-13T08:00:00.000Z,2025-01-13T01:00:00.000Z,Brčko,Brčko Distrikt,BA,Banjalučka,76100
A4:CF:12:42:A4:79,ACS_35330D,47.18417358,14.68138504,A4:CF:12,7,wpa2,2023-01-28T04:00:00.000Z,2025-01-11T01:00:00.000Z,,Steiermark,AT,Arena am Waldfeld,8753
A4:CF:12:42:A4:95,ACS_3137C8,53.03039169,8.65089512,A4:CF:12,7,wpa2,2021-10-31T13:00:00.000Z,2025-06-22T07:00:00.000Z,,Niedersachsen,DE,Riedeweg,27755
A4:CF:12:42:B3:45,HZN: #0301984,49.18489075,8.63346767,A4:CF:12,3,unknown,2025-10-20T15:00:00.000Z,2025-10-22T14:00:00.000Z,,Baden-Württemberg,DE,K 3584,76698
A4:CF:12:42:E8:71,poco-70E8,47.65306854,-122.26716614,A4:CF:12,1,wpa2,2025-05-24T22:00:00.000Z,2025-09-20T11:00:00.000Z,Seattle,WA,US,Northeast Laurelcrest Lane,98105
A4:CF:12:42:EC:A1,poco-A0EC,30.40250778,-86.60731506,A4:CF:12,1,wpa2,2025-06-01T18:00:00.000Z,2025-06-01T17:00:00.000Z,,FL,US,Brooks Street Southeast,32548
A4:CF:12:42:F6:59,poco-58F6,18.3823185,-65.59106445,A4:CF:12,1,wpa2,2026-01-17T20:00:00.000Z,2026-01-17T14:00:00.000Z,,PR,US,Camino de la Reserva Natural,00738
A4:CF:12:43:10:D1,poco-D010,18.44748878,-66.07646179,A4:CF:12,4,wpa2,2022-06-01T09:00:00.000Z,2026-04-02T12:00:00.000Z,San Juan,PR,US,Calle Labra,00910-3428
A4:CF:12:43:10:E9,poco-E810,47.33335114,-122.580513,A4:CF:12,1,wpa2,2022-08-02T10:00:00.000Z,2025-10-04T16:00:00.000Z,,WA,US,Harborview Drive,98335
A4:CF:12:43:12:41,poco-display1,26.09211731,-80.14115906,A4:CF:12,1,wpa2,2025-01-24T21:00:00.000Z,2025-02-18T09:00:00.000Z,Fort Lauderdale,FL,US,Marina Boulevard,33315
A4:CF:12:43:12:69,poco-6812,26.16906548,-80.1031723,A4:CF:12,1,wpa2,2026-08-16T20:00:00.000Z,2026-08-16T14:00:00.000Z,Fort Lauderdale,FL,US,Northeast 32nd Avenue,33308
A4:CF:12:43:12:99,poco-9812,26.10253716,-80.13031006,A4:CF:12,1,wpa2,2026-02-23T03:00:00.000Z,2026-02-25T02:00:00.000Z,Fort Lauderdale,FL,US,Cordova Road,33316
A4:CF:12:43:35:F1,RMS-ESP32-4404720,50.93550491,2.5939343,A4:CF:12,1,none,2026-03-02T22:00:00.000Z,2026-08-25T13:00:00.000Z,,Hauts-de-France,FR,Rue Verte,59122
A4:CF:12:43:C4:95,Vesimittari-A4CF1243C494,60.20286179,24.75503922,A4:CF:12,1,unknown,2026-01-17T10:00:00.000Z,2026-01-17T03:00:00.000Z,Espoo,Manner-Suomi,FI,Klovinpellontie,02180
A4:CF:12:43:E6:89,my-43E688,47.41791153,8.53632069,A4:CF:12,1,unknown,2026-04-11T09:00:00.000Z,2026-04-11T03:00:00.000Z,Zürich,Zürich,CH,Neunbrunnenstrasse,8050
A4:CF:12:44:09:41,SmartPID_0400110000001B,51.47891235,-0.02385131,A4:CF:12,1,wpa2,2026-02-06T05:00:00.000Z,2026-02-13T14:00:00.000Z,London Borough of Lewisham,England,GB,Crossfield Street,SE8 3PH
A4:CF:12:44:40:CD,ESP_4440CD,52.33873749,4.8734889,A4:CF:12,4,unknown,2025-09-23T12:00:00.000Z,2025-10-29T08:00:00.000Z,Amsterdam,Noord-Holland,NL,Minervapassage,1082MM
A4:CF:12:44:6B:01,ESP_446B01,51.96557236,4.32197714,A4:CF:12,2,none,2022-10-18T18:00:00.000Z,2026-07-15T23:00:00.000Z,,Zuid-Holland,NL,Laan van Piet van der Ende,2636
A4:CF:12:44:6F:F9,Luzes_Becker,-6.09156418,-35.23431396,A4:CF:12,1,wpa2,2024-12-30T16:00:00.000Z,2025-11-26T14:00:00.000Z,,Rio Grande do Norte,BR,Rodovia Governador Mário Covas,59164000
A4:CF:12:44:9F:E1,Door7503,32.78239059,-79.95736694,A4:CF:12,1,wpa2,2024-07-26T01:00:00.000Z,2025-04-08T14:00:00.000Z,Charleston,SC,US,Lockwood Drive,29425
A4:CF:12:44:A2:D1,Door3410,26.16773415,-80.10349274,A4:CF:12,1,wpa2,2022-08-05T14:00:00.000Z,2025-01-29T17:00:00.000Z,Fort Lauderdale,FL,US,Oak Park Access Road,33308
A4:CF:12:44:A3:41,RIOT_ESP_a4cf1244a341,52.13868332,11.64519501,A4:CF:12,6,wpa2,2021-07-08T16:00:00.000Z,2025-05-07T10:00:00.000Z,Magdeburg,Sachsen-Anhalt,DE,Universitätsplatz,39106
A4:CF:12:44:C8:29,WLED-AP,52.37420273,9.76817799,A4:CF:12,1,wpa2,2023-08-20T11:00:00.000Z,2025-08-23T11:00:00.000Z,Hannover,Niedersachsen,DE,Schackstraße,30175
A4:CF:12:45:1A:AD,my-451AAC,47.18219757,8.69375229,A4:CF:12,1,unknown,2026-07-17T12:00:00.000Z,2026-07-23T09:00:00.000Z,,Schwyz,CH,Allenwindenstrasse,8832
A4:CF:12:45:30:91,my-453090,46.20302582,6.16974735,A4:CF:12,1,unknown,2025-08-02T17:00:00.000Z,2025-08-24T10:00:00.000Z,Genève,Genève,CH,Chemin Frank-Thomas,1208
A4:CF:12:45:49:C9,luxynet,-34.2538414,150.65664673,A4:CF:12,1,wpa2,2024-10-07T04:00:00.000Z,2024-10-08T05:00:00.000Z,,New South Wales,AU,Hume Motorway,
A4:CF:12:45:61:A1,UC 18365775,-20.53361702,-54.6592865,A4:CF:12,1,wpa2,2024-04-22T01:00:00.000Z,2025-12-23T15:00:00.000Z,Campo Grande,Mato Grosso do Sul,BR,Avenida Campestre,79076-174
A4:CF:12:45:93:05,smartglass,41.33115768,19.82117271,A4:CF:12,1,wpa2,2025-12-29T19:00:00.000Z,2026-09-02T03:00:00.000Z,Bashkia Tiranë,Shqipëria Qendrore,AL,Rruga e Dibrës,1001-1028
A4:CF:12:45:9B:89,UC 22113542,-20.55158615,-54.6426239,A4:CF:12,1,wpa2,2024-12-28T03:00:00.000Z,2026-02-13T14:00:00.000Z,Campo Grande,Mato Grosso do Sul,BR,Rua Luiz Gustavo Ramos de Arruda,79075-400
A4:CF:12:45:9C:2D,UC 13038088,-20.38465881,-54.57624817,A4:CF:12,1,wpa2,2025-05-09T22:00:00.000Z,2025-05-09T15:00:00.000Z,Campo Grande,Mato Grosso do Sul,BR,Rua Raimundo Alves Filho,79017-624
A4:CF:12:45:B2:C5,BarraGreenPostes,-5.83876801,-35.22462463,A4:CF:12,1,wpa2,2026-05-07T15:00:00.000Z,2026-05-28T12:00:00.000Z,Natal,Rio Grande do Norte,BR,Avenida Governador Tarcísio de Vasconcelos Maia,59065-580
A4:CF:12:45:CC:5D,Lights Fallback Hotspot,-33.9068222,18.41661263,A4:CF:12,6,wpa2,2024-12-07T07:00:00.000Z,2024-12-07T09:00:00.000Z,Cape Town,Western Cape,ZA,Portswood Road,8001
A4:CF:12:45:E1:81,ESP_45E181,53.55543518,-1.4792583,A4:CF:12,6,unknown,2024-01-24T09:00:00.000Z,2024-09-08T12:00:00.000Z,Barnsley,England,GB,County Way,S70 2JL
A4:CF:12:46:F3:C5,Mysa-46f3c4,49.21121979,-122.90021515,A4:CF:12,6,unknown,2024-11-28T18:00:00.000Z,2024-12-04T12:00:00.000Z,New Westminster,British Columbia,CA,McBride Boulevard,V3L 2G1
A4:CF:12:49:E9:F9,Traeger-E9F9,45.74133682,-111.11278534,A4:CF:12,5,wpa2,2020-06-07T06:00:00.000Z,2026-07-27T00:00:00.000Z,,MT,US,I 90,59714
A4:CF:12:4A:53:41,Traeger-5341,37.66748047,-121.80541229,A4:CF:12,5,wpa2,2025-07-13T12:00:00.000Z,2025-07-13T10:00:00.000Z,,CA,US,Isabel Avenue,94551
A4:CF:12:4A:8F:C1,Traeger-8FC1,35.9846077,-115.18544006,A4:CF:12,5,wpa2,2025-04-29T20:00:00.000Z,2026-07-29T19:00:00.000Z,,NV,US,Andreola Court,89183
A4:CF:12:4A:E6:C5,Traeger-E6C5,27.7269268,-82.35185242,A4:CF:12,5,wpa2,2021-06-22T20:00:00.000Z,2024-10-06T14:00:00.000Z,,FL,US,Fort Duquesna Drive,33573
A4:CF:12:4B:6A:B9,Traeger-6AB9,48.2887764,-101.48085785,A4:CF:12,5,wpa2,2023-07-18T07:00:00.000Z,2026-08-11T18:00:00.000Z,,ND,US,US 2;US 52,
A4:CF:12:4B:A6:D5,Traeger-A6D5,44.76786804,-93.32184601,A4:CF:12,5,wpa2,2024-06-19T16:00:00.000Z,2025-07-07T13:00:00.000Z,,MN,US,Williams Drive,55337
A4:CF:12:4B:A7:99,Traeger-A799,46.85668945,-71.28458405,A4:CF:12,5,wpa2,2026-07-25T14:00:00.000Z,2026-08-05T07:00:00.000Z,Québec,Québec,CA,Avenue Trudelle,G1G 2G7
A4:CF:12:4B:A7:C1,Traeger-A7C1,33.57577515,-117.65906525,A4:CF:12,5,wpa2,2026-01-30T22:00:00.000Z,2026-01-30T18:00:00.000Z,Mission Viejo,CA,US,Loma Verde,92691
A4:CF:12:4B:A8:49,Traeger-A849,36.15301895,-115.03081512,A4:CF:12,5,wpa2,2025-09-08T20:00:00.000Z,2025-09-08T13:00:00.000Z,,NV,US,American Beauty Avenue,89142
A4:CF:12:4B:A8:E1,Traeger-A8E1,45.90389252,-111.540802,A4:CF:12,5,wpa2,2025-10-28T20:00:00.000Z,2026-06-13T18:00:00.000Z,,MT,US,I 90,59752
A4:CF:12:4B:A9:9D,Traeger-A99D,39.33781433,-104.83278656,A4:CF:12,5,wpa2,2025-12-09T23:00:00.000Z,2025-12-09T17:00:00.000Z,,CO,US,Bird Song Drive,80104
A4:CF:12:4B:A9:C1,Traeger-A9C1,46.67007828,-120.5517807,A4:CF:12,5,wpa2,2024-09-21T22:00:00.000Z,2024-09-21T21:00:00.000Z,,WA,US,West Goodlander Road,98942
A4:CF:12:4B:AA:0D,Traeger-AA0D,44.02730942,-92.47819519,A4:CF:12,5,wpa2,2021-04-15T19:00:00.000Z,2025-04-30T18:00:00.000Z,Rochester,MN,US,11th Avenue Northwest,55901
A4:CF:12:4B:AB:F5,Traeger-ABF5,35.90308762,-86.83235931,A4:CF:12,5,wpa2,2025-04-21T19:00:00.000Z,2025-04-22T10:00:00.000Z,Franklin,TN,US,Stonegate Drive,37064
A4:CF:12:4B:AC:CD,Traeger-ACCD,36.11859894,-115.08009338,A4:CF:12,5,wpa2,2020-05-11T22:00:00.000Z,2026-06-22T13:00:00.000Z,,NV,US,East Viking Road,89121
A4:CF:12:4B:AE:89,Traeger-AE89,45.00689697,-74.95350647,A4:CF:12,5,wpa2,2025-11-02T20:00:00.000Z,2025-11-02T16:00:00.000Z,South Stormont,Ontario,CA,Colonial Drive,K0C 1M0
A4:CF:12:4B:AF:49,Traeger-AF49,41.51844406,-83.67489624,A4:CF:12,5,wpa2,2026-08-26T18:00:00.000Z,2026-08-28T18:00:00.000Z,,OH,US,Hull Prairie Road,43551
A4:CF:12:4B:AF:F5,Traeger-AFF5,41.57235718,-87.77843475,A4:CF:12,5,wpa2,2023-05-07T15:00:00.000Z,2026-06-03T10:00:00.000Z,,IL,US,66th Avenue,60477
A4:CF:12:4B:B0:B5,Traeger-B0B5,40.6945076,-111.95999908,A4:CF:12,5,wpa2,2021-11-04T21:00:00.000Z,2026-08-29T14:00:00.000Z,West Valley City,UT,US,Lehman Avenue,84119
A4:CF:12:4B:B1:FD,Traeger-B1FD,31.51672745,-97.2153244,A4:CF:12,5,wpa2,2026-08-22T18:00:00.000Z,2026-08-22T12:00:00.000Z,,TX,US,Wedgewood Drive,76712
A4:CF:12:4B:B3:B1,Traeger-B3B1,41.18824005,-85.13547516,A4:CF:12,5,wpa2,2025-04-26T18:00:00.000Z,2025-04-26T14:00:00.000Z,Fort Wayne,IN,US,Gongwer Drive,46845
A4:CF:12:4B:B4:15,Traeger-B415,29.47725105,-95.16092682,A4:CF:12,5,wpa2,2026-01-15T16:00:00.000Z,2026-01-15T13:00:00.000Z,,TX,US,West League City Parkway,
A4:CF:12:4B:B5:59,Traeger-B559,41.75924301,-88.0719986,A4:CF:12,5,wpa2,2024-11-28T21:00:00.000Z,2024-12-22T14:00:00.000Z,,IL,US,Hobson Road,60517
A4:CF:12:4B:B7:85,Traeger-B785,40.18238831,-111.60273743,A4:CF:12,6,wpa2,2025-09-07T17:00:00.000Z,2025-09-07T11:00:00.000Z,,UT,US,North 500 East Street,84663-1602
A4:CF:12:4B:B8:49,Traeger-B849,42.94828796,-83.06446838,A4:CF:12,5,wpa2,2025-01-04T04:00:00.000Z,2025-01-03T20:00:00.000Z,,MI,US,Dryden Road,48003
A4:CF:12:4B:BA:3D,Traeger-BA3D,61.18492889,-149.73912048,A4:CF:12,5,wpa2,2025-06-21T02:00:00.000Z,2026-07-24T23:00:00.000Z,,AK,US,Robin Street,99504
A4:CF:12:4B:BB:19,Traeger-BB19,39.42305374,-104.76082611,A4:CF:12,5,wpa2,2019-12-25T21:00:00.000Z,2024-10-29T23:00:00.000Z,,CO,US,North State Highway 83,
A4:CF:12:4B:BC:21,Traeger-BC21,45.76223755,-108.54392242,A4:CF:12,5,wpa2,2022-08-29T22:00:00.000Z,2025-12-11T19:00:00.000Z,Billings,MT,US,Monad Road,59102
A4:CF:12:4B:BF:01,Traeger-BF01,36.46858215,-76.33631134,A4:CF:12,5,wpa2,2026-06-04T19:00:00.000Z,2026-06-04T12:00:00.000Z,,NC,US,US 17,27976
A4:CF:12:4B:C1:3D,Traeger-C13D,48.76299286,-122.42607117,A4:CF:12,5,wpa2,2024-09-28T05:00:00.000Z,2024-09-27T22:00:00.000Z,Bellingham,WA,US,Alabama Street,98226-3955
A4:CF:12:4B:C2:89,Traeger-C289,29.97101593,-95.66382599,A4:CF:12,5,wpa2,2024-08-20T15:00:00.000Z,2026-04-08T13:00:00.000Z,,TX,US,Bontura Street,77429
A4:CF:12:4B:C3:7D,Traeger-C37D,42.06276321,-124.28997803,A4:CF:12,5,wpa2,2026-08-16T21:00:00.000Z,2026-08-16T22:00:00.000Z,,OR,US,Hassett Street,97415
A4:CF:12:4B:C3:A1,Traeger-C3A1,30.03399277,-98.41110992,A4:CF:12,5,wpa,2023-05-05T11:00:00.000Z,2025-10-02T11:00:00.000Z,,TX,US,South US Highway 281,78606
A4:CF:12:4B:C3:BD,Traeger-C3BD,43.02183914,-124.00798035,A4:CF:12,5,wpa2,2021-01-16T17:00:00.000Z,2026-07-15T18:00:00.000Z,,OR,US,Coos Bay-Roseburg Highway,97458
A4:CF:12:4B:C4:19,Traeger-C419,39.70201111,-104.77490234,A4:CF:12,5,wpa2,2025-04-29T03:00:00.000Z,2025-11-08T22:00:00.000Z,Aurora,CO,US,East Alameda Parkway,80017
A4:CF:12:4B:C4:2D,Traeger-C42D,37.68506241,-97.26213837,A4:CF:12,5,wpa2,2026-01-03T23:00:00.000Z,2026-02-14T05:00:00.000Z,,KS,US,Woodlawn Street,67208
A4:CF:12:4B:C4:39,Traeger-C439,37.95284653,-121.9905014,A4:CF:12,5,wpa2,2025-03-09T02:00:00.000Z,2025-06-11T05:00:00.000Z,Concord,CA,US,North Larwin Avenue,94521
A4:CF:12:4B:C4:CD,Traeger-C4CD,45.70916367,-121.51057434,A4:CF:12,5,wpa2,2021-11-29T15:00:00.000Z,2026-06-28T16:00:00.000Z,,OR,US,Railroad Street,97031
A4:CF:12:4B:C6:39,Traeger-C639,34.01395416,-118.4980011,A4:CF:12,5,wpa2,2025-01-11T04:00:00.000Z,2025-01-10T20:00:00.000Z,Santa Monica,CA,US,Ocean Avenue,90401
A4:CF:12:4B:C6:B0,,41.6956749,-92.23970795,A4:CF:12,6,unknown,2026-05-23T22:00:00.000Z,2026-08-23T15:00:00.000Z,,IA,US,I 80,52347
A4:CF:12:4B:C7:89,Traeger-C789,47.85344696,-121.97081757,A4:CF:12,5,wpa2,2024-09-08T06:00:00.000Z,2025-08-24T20:00:00.000Z,,WA,US,South Lewis Street,98272
A4:CF:12:4B:C8:29,Traeger-C829,39.58666229,-119.14655304,A4:CF:12,5,wpa2,2025-01-28T16:00:00.000Z,2025-01-28T08:00:00.000Z,,NV,US,Mary Lou Lane,
A4:CF:12:4B:C8:55,Traeger-C855,33.5341835,-112.08972931,A4:CF:12,5,wpa2,2025-08-30T15:00:00.000Z,2025-09-02T09:00:00.000Z,Phoenix,AZ,US,West Tuckey Lane,85020-5329
A4:CF:12:4B:C8:69,Traeger-C869,47.70600128,-117.01003265,A4:CF:12,5,wpa2,2022-02-19T18:00:00.000Z,2025-11-02T18:00:00.000Z,,ID,US,I 90,99025
A4:CF:12:4B:CA:31,Traeger-CA31,47.19792175,-122.44333649,A4:CF:12,5,wpa2,2025-07-16T10:00:00.000Z,2025-07-16T08:00:00.000Z,Tacoma,WA,US,South Yakima Avenue,98408
A4:CF:12:4B:CA:3D,Traeger-CA3D,30.5620327,-87.26826477,A4:CF:12,5,wpa2,2024-09-18T21:00:00.000Z,2024-09-18T15:00:00.000Z,,FL,US,Childers Street,32534
A4:CF:12:4B:CA:B5,Traeger-CAB5,36.47950363,-95.01944733,A4:CF:12,5,wpa2,2023-06-14T18:00:00.000Z,2025-06-16T16:00:00.000Z,,OK,US,Sweet Home Avenue,74340
A4:CF:12:4B:CB:15,Traeger-CB15,39.57136154,-104.95333099,A4:CF:12,5,wpa2,2026-01-03T20:00:00.000Z,2026-01-03T13:00:00.000Z,Centennial,CO,US,East Otero Avenue,80126
A4:CF:12:4B:CB:51,Traeger-CB51,56.1859169,12.55748081,A4:CF:12,5,wpa2,2026-07-17T18:00:00.000Z,2026-07-20T14:00:00.000Z,,Skåne län,SE,Ekorrvägen,26332
A4:CF:12:4B:CB:55,Traeger-CB55,30.29911804,-95.62850952,A4:CF:12,5,wpa2,2025-04-26T23:00:00.000Z,2025-05-18T12:00:00.000Z,,TX,US,Monarchs Way,77316
A4:CF:12:4B:CC:4D,Traeger-CC4D,33.60095978,-112.16320801,A4:CF:12,5,wpa2,2026-03-18T17:00:00.000Z,2026-03-19T13:00:00.000Z,Glendale,AZ,US,West Windrose Drive,85304
A4:CF:12:4B:FE:65,Traeger-FE65,44.40749359,-71.0916748,A4:CF:12,5,wpa2,2026-08-17T21:00:00.000Z,2026-08-20T02:00:00.000Z,,NH,US,US 2,03581
A4:CF:12:4C:01:E9,Traeger-01E9,32.08173752,-110.69817352,A4:CF:12,5,wpa2,2024-11-20T00:00:00.000Z,2024-11-20T03:00:00.000Z,,AZ,US,South Via del Estero,
A4:CF:12:4C:03:89,Traeger-0389,44.72245026,-116.12230682,A4:CF:12,5,wpa2,2026-08-22T01:00:00.000Z,2026-08-24T06:00:00.000Z,,ID,US,West Roseberry Road,83615
A4:CF:12:4C:04:2D,Traeger-042D,39.93216705,-85.90657806,A4:CF:12,5,wpa2,2025-01-16T00:00:00.000Z,2025-01-15T17:00:00.000Z,,IN,US,Brook Meadow Drive,46055
A4:CF:12:4C:04:65,Traeger-0465,48.01999283,-117.3496933,A4:CF:12,6,none,2020-07-25T21:00:00.000Z,2026-08-31T13:00:00.000Z,,WA,US,North Newport Highway,
A4:CF:12:4C:05:29,Traeger-0529,34.92818069,-86.5355072,A4:CF:12,5,wpa2,2026-05-31T18:00:00.000Z,2026-05-31T11:00:00.000Z,,AL,US,Narrow Lane,35761
A4:CF:12:4C:06:51,Traeger-0651,39.16711044,-119.75563812,A4:CF:12,5,wpa2,2024-05-15T01:00:00.000Z,2026-07-07T22:00:00.000Z,Carson City,NV,US,East Robinson Street,89701-4763
A4:CF:12:4C:07:4D,Traeger-074D,43.48897552,-116.30192566,A4:CF:12,5,wpa2,2026-04-12T19:00:00.000Z,2026-04-17T12:00:00.000Z,Kuna,ID,US,South Lonnie Lane,83634
A4:CF:12:4C:07:5D,Traeger-075D,32.8193512,-97.19853973,A4:CF:12,5,wpa2,2026-06-09T20:00:00.000Z,2026-06-10T20:00:00.000Z,,TX,US,Melbourne Road,76053
A4:CF:12:4C:07:71,Traeger-0771,45.21604919,-123.07901764,A4:CF:12,5,wpa2,2025-01-03T20:00:00.000Z,2025-01-03T22:00:00.000Z,,OR,US,Joel Palmer Way,97114
A4:CF:12:4C:09:75,Traeger-0975,36.70404434,-121.60437775,A4:CF:12,5,wpa2,2026-07-04T22:00:00.000Z,2026-07-04T17:00:00.000Z,Salinas,CA,US,Constitution Boulevard,93905-4612
A4:CF:12:4C:0A:A5,Traeger-0AA5,39.03858566,-76.67550659,A4:CF:12,5,wpa2,2024-04-19T21:00:00.000Z,2024-11-04T09:00:00.000Z,,MD,US,Robert Crain Highway,21054
A4:CF:12:4C:0B:05,Traeger-0B05,38.72240829,-121.22013855,A4:CF:12,5,wpa2,2023-05-24T17:00:00.000Z,2024-10-05T14:00:00.000Z,Roseville,CA,US,Broughton Court,95746
A4:CF:12:4C:0D:F5,Traeger-0DF5,30.14028358,-81.62050629,A4:CF:12,5,wpa2,2024-11-05T22:00:00.000Z,2024-11-05T15:00:00.000Z,Jacksonville,FL,US,Julington Creek Road,32223
A4:CF:12:4C:0F:D5,Traeger-0FD5,38.51276016,-104.62880707,A4:CF:12,5,wpa2,2026-03-07T22:00:00.000Z,2026-03-24T13:00:00.000Z,,CO,US,I 25,
A4:CF:12:4C:10:41,Traeger-1041,39.98730469,-76.01927185,A4:CF:12,5,wpa2,2020-05-23T14:00:00.000Z,2026-06-30T04:00:00.000Z,,PA,US,Reservoir Road,17527
A4:CF:12:4C:11:AD,Traeger-11AD,42.20637512,-121.71459198,A4:CF:12,5,wpa2,2023-04-15T14:00:00.000Z,2026-02-03T16:00:00.000Z,,OR,US,South 6th Street,97603
A4:CF:12:4C:11:F5,Traeger-11F5,-37.77482605,144.93048096,A4:CF:12,5,wpa2,2025-10-02T03:00:00.000Z,2025-10-01T20:00:00.000Z,Melbourne,Victoria,AU,Fenton Street,3032
A4:CF:12:4C:13:29,Traeger-1329,35.17404556,-80.76987457,A4:CF:12,5,wpa2,2026-08-24T23:00:00.000Z,2026-08-28T16:00:00.000Z,Charlotte,NC,US,Rama Road,28211
A4:CF:12:4C:15:41,Traeger-1541,-37.82322311,145.2747345,A4:CF:12,5,wpa2,2023-08-28T08:00:00.000Z,2026-03-01T20:00:00.000Z,Melbourne,Victoria,AU,Branch Road,3153
A4:CF:12:4C:17:31,Traeger-1731,41.69119644,-72.73202515,A4:CF:12,5,wep,2025-12-24T01:00:00.000Z,2025-12-26T14:00:00.000Z,,CT,US,Willard Avenue,06111
A4:CF:12:4C:19:BC,,34.76372528,-92.01600647,A4:CF:12,1,unknown,2026-05-30T18:00:00.000Z,2026-06-03T20:00:00.000Z,,AR,US,United States Route 70,72086
A4:CF:12:4C:1C:3D,Traeger-1C3D,28.35586357,-80.72923279,A4:CF:12,5,wpa2,2026-07-24T15:00:00.000Z,2026-08-29T17:00:00.000Z,,FL,US,Hughlett Avenue,32922
A4:CF:12:4C:1F:0D,Traeger-1F0D,44.87486267,-93.30831146,A4:CF:12,5,wpa2,2024-04-01T15:00:00.000Z,2026-07-05T13:00:00.000Z,,MN,US,Penn Avenue South,55431
A4:CF:12:4C:1F:15,Traeger-1F15,36.75291824,-76.26418304,A4:CF:12,5,wpa2,2023-11-23T21:00:00.000Z,2025-08-03T12:00:00.000Z,Chesapeake,VA,US,Chesapeake Expressway,23320:23322:23324
A4:CF:12:4C:1F:9D,Traeger-1F9D,33.55208206,-94.77340698,A4:CF:12,5,wpa2,2026-03-08T15:00:00.000Z,2026-04-16T13:00:00.000Z,,TX,US,US 82,75554
A4:CF:12:4C:1F:BD,Traeger-1FBD,42.29734421,-71.22113037,A4:CF:12,5,wpa2,2025-06-29T01:00:00.000Z,2025-06-28T20:00:00.000Z,,MA,US,Yankee Division Highway,02494
A4:CF:12:4C:20:11,Traeger-2011,30.08757782,-94.15827942,A4:CF:12,5,wpa2,2025-05-02T21:00:00.000Z,2025-05-02T14:00:00.000Z,Beaumont,TX,US,Clinton Avenue,77706
A4:CF:12:4C:23:3D,Traeger-233D,41.54837418,-86.95681763,A4:CF:12,5,wpa2,2025-11-22T19:00:00.000Z,2025-11-22T12:00:00.000Z,,IN,US,US 6,46383
A4:CF:12:4C:23:41,Traeger-2341,36.11138916,-115.10938263,A4:CF:12,5,wpa2,2021-10-30T19:00:00.000Z,2024-12-25T22:00:00.000Z,,NV,US,East Rochelle Avenue,89121
A4:CF:12:4C:23:C9,Traeger-23C9,34.81249237,-97.98691559,A4:CF:12,5,wpa2,2026-04-19T18:00:00.000Z,2026-04-19T14:00:00.000Z,,OK,US,,73082
A4:CF:12:4C:25:2D,Traeger-252D,48.90230942,-95.32006073,A4:CF:12,5,wpa2,2025-05-19T00:00:00.000Z,2025-05-18T19:00:00.000Z,,MN,US,State Avenue,56763
A4:CF:12:4C:25:7D,Traeger-257D,43.69162369,-116.43297577,A4:CF:12,5,wpa2,2021-06-25T17:00:00.000Z,2025-04-05T05:00:00.000Z,,ID,US,West State Street,83616
A4:CF:12:4C:25:E5,Traeger-25E5,39.55743027,-84.23544312,A4:CF:12,5,wpa2,2023-03-06T14:00:00.000Z,2026-05-22T14:00:00.000Z,,OH,US,West Central Avenue,45066
A4:CF:12:4C:26:21,Traeger-2621,47.53246689,-92.54019928,A4:CF:12,5,wpa2,2026-08-28T19:00:00.000Z,2026-08-28T18:00:00.000Z,,MN,US,11th Street North,55792
A4:CF:12:4C:26:35,Traeger-2635,42.81561661,-103.00841522,A4:CF:12,5,wpa2,2026-07-28T01:00:00.000Z,2026-07-27T18:00:00.000Z,,NE,US,Maple Street,69337
A4:CF:12:4C:26:B9,Traeger-26B9,40.50190735,-104.86158752,A4:CF:12,5,wpa2,2024-09-14T16:00:00.000Z,2024-10-22T17:00:00.000Z,,CO,US,Timber Ridge Parkway,80546
A4:CF:12:4C:28:11,Traeger-2811,39.84610748,-86.16396332,A4:CF:12,5,wpa2,2021-08-18T16:00:00.000Z,2025-10-25T15:00:00.000Z,Indianapolis,IN,US,Boulevard Place,46208
A4:CF:12:4C:28:8D,Traeger-288D,36.07040405,-84.48390961,A4:CF:12,5,wpa2,2022-02-15T19:00:00.000Z,2026-08-16T12:00:00.000Z,,TN,US,Knoxville Highway,37845
A4:CF:12:4C:29:A1,Traeger-29A1,44.97793579,-93.00550842,A4:CF:12,5,wpa2,2026-07-18T00:00:00.000Z,2026-07-20T01:00:00.000Z,Maplewood,MN,US,North McKnight Road,55109
A4:CF:12:4C:2B:8D,Traeger-2B8D,38.98704529,-76.15435791,A4:CF:12,5,wpa2,2024-09-28T23:00:00.000Z,2024-10-12T10:00:00.000Z,,MD,US,Blue Star Memorial Highway,21658
A4:CF:12:4C:2B:F9,Traeger-2BF9,35.68198776,-97.54096222,A4:CF:12,5,wpa2,2026-07-15T12:00:00.000Z,2026-07-15T09:00:00.000Z,Edmond,OK,US,West Covell Road,73003
A4:CF:12:4C:2C:05,Traeger-2C05,42.76024246,-104.90634918,A4:CF:12,5,wpa2,2024-09-02T00:00:00.000Z,2025-04-26T21:00:00.000Z,,WY,US,US 18;US 20,82227
A4:CF:12:4C:2C:D5,Traeger-2CD5,33.78727341,-117.01737213,A4:CF:12,5,wpa2,2025-11-13T01:00:00.000Z,2026-03-31T18:00:00.000Z,,CA,US,Cottonwood Avenue,92582
A4:CF:12:4C:2E:B5,Traeger-2EB5,39.78821182,-104.88221741,A4:CF:12,5,wpa2,2026-05-24T01:00:00.000Z,2026-05-27T19:00:00.000Z,Denver,CO,US,50th Avenue,80238
A4:CF:12:4C:2E:E9,Traeger-2EE9,42.46862411,-71.11860657,A4:CF:12,1,wpa2,2026-07-25T19:00:00.000Z,2026-07-25T14:00:00.000Z,,MA,US,Chisholm Road,01890-2885
A4:CF:12:4C:4F:25,ROSSINANTE,52.63542175,5.06199789,A4:CF:12,1,wpa2,2026-08-16T10:00:00.000Z,2026-08-16T05:00:00.000Z,,Noord-Holland,NL,Krententuin,1621DG
A4:CF:12:4C:CB:85,Traeger-CB85,34.11170197,-117.84249115,A4:CF:12,5,wpa2,2026-07-09T23:00:00.000Z,2026-07-09T16:00:00.000Z,Glendora,CA,US,East Jedburgh Street,91740
A4:CF:12:4C:CD:69,Traeger-CD69,41.58356476,-87.20063782,A4:CF:12,5,wpa2,2025-04-15T18:00:00.000Z,2026-05-03T17:00:00.000Z,Portage,IN,US,Indiana Toll Road,46368
A4:CF:12:4C:CD:B1,Traeger-CDB1,41.29523468,-105.53075409,A4:CF:12,5,wpa2,2024-07-13T22:00:00.000Z,2026-08-06T20:00:00.000Z,,WY,US,Grand Avenue,82072
A4:CF:12:4C:CD:DD,Traeger-CDDD,40.93576813,-76.69664001,A4:CF:12,5,wpa2,2023-06-03T10:00:00.000Z,2026-08-14T22:00:00.000Z,,PA,US,Point Township Drive,
A4:CF:12:4C:D0:05,Traeger-D005,41.65945053,-109.26339722,A4:CF:12,5,wpa2,2026-07-16T14:00:00.000Z,2026-07-16T08:00:00.000Z,,WY,US,Yellowstone Road,
A4:CF:12:4C:D0:59,Traeger-D059,39.70280838,-105.24580383,A4:CF:12,5,wpa2,2020-02-15T14:00:00.000Z,2026-08-10T11:00:00.000Z,,CO,US,I 70,80453
A4:CF:12:4C:D0:8D,Traeger-D08D,45.17007065,-93.7052536,A4:CF:12,5,wpa2,2021-08-14T10:00:00.000Z,2026-01-05T06:00:00.000Z,,MN,US,10th Street Northeast,55313
A4:CF:12:4C:D1:E1,Traeger-D1E1,30.20747948,-93.20435333,A4:CF:12,5,wpa2,2026-07-14T20:00:00.000Z,2026-07-14T17:00:00.000Z,Lake Charles,LA,US,Enterprise Boulevard,70601
A4:CF:12:4C:D4:0D,Traeger-D40D,42.46785355,-76.27147675,A4:CF:12,5,wpa2,2026-08-29T11:00:00.000Z,2026-08-29T18:00:00.000Z,,NY,US,Southworth Road,13053
A4:CF:12:4C:D4:51,Traeger-D451,40.41300964,-105.07772064,A4:CF:12,5,wpa2,2025-12-27T16:00:00.000Z,2025-12-28T21:00:00.000Z,,CO,US,North Garfield Avenue,80538-2721
A4:CF:12:4C:D4:E5,Traeger-D4E5,34.09264755,-84.14022064,A4:CF:12,5,wpa2,2025-03-24T08:00:00.000Z,2025-03-24T03:00:00.000Z,,GA,US,Westminister Lane,30024
A4:CF:12:4C:D4:E9,Traeger-D4E9,35.50376892,-97.69893646,A4:CF:12,5,wpa2,2023-07-12T12:00:00.000Z,2025-08-19T08:00:00.000Z,Oklahoma City,OK,US,John Kilpatrick Turnpike,73114
A4:CF:12:4C:D6:9D,Traeger-D69D,47.93425369,-97.02964783,A4:CF:12,5,wpa2,2024-01-12T04:00:00.000Z,2025-09-25T21:00:00.000Z,,MN,US,Gateway Drive Northwest,56721
A4:CF:12:4C:D6:ED,Traeger-D6ED,47.62694168,-122.61138153,A4:CF:12,5,wpa2,2026-08-26T09:00:00.000Z,2026-08-26T12:00:00.000Z,,WA,US,Northeast Spartacus Street,98311-3745
A4:CF:12:4C:D6:F1,Traeger-D6F1,43.48949051,-111.99920654,A4:CF:12,5,wpa2,2025-05-12T00:00:00.000Z,2025-05-11T23:00:00.000Z,Idaho Falls,ID,US,9th Street,83404-7558
A4:CF:12:4C:D9:05,Traeger-D905,39.33946991,-94.75914764,A4:CF:12,5,wpa2,2025-05-29T01:00:00.000Z,2025-05-28T19:00:00.000Z,,MO,US,Northwest 136th Street,64079
A4:CF:12:4C:DB:69,Traeger-DB69,38.94306564,-95.04705811,A4:CF:12,1,wpa2,2025-03-09T23:00:00.000Z,2025-03-10T06:00:00.000Z,,KS,US,KS 10,66019
A4:CF:12:4C:DE:55,Traeger-DE55,33.14875412,-97.12944794,A4:CF:12,5,wpa2,2026-07-03T14:00:00.000Z,2026-07-03T08:00:00.000Z,,TX,US,Private Road 508,76210
A4:CF:12:4C:DE:C9,Traeger-DEC9,38.91320038,-77.37917328,A4:CF:12,5,wpa2,2022-06-21T16:00:00.000Z,2026-01-23T08:00:00.000Z,,VA,US,Lawyers Road,20171
A4:CF:12:4C:DF:65,Traeger-DF65,39.87462234,-86.39234924,A4:CF:12,5,wpa2,2025-09-27T17:00:00.000Z,2025-09-28T08:00:00.000Z,,IN,US,State Road 267,46112
A4:CF:12:4C:DF:79,Traeger-DF79,40.86929703,-111.85754395,A4:CF:12,5,wpa2,2025-11-08T15:00:00.000Z,2025-11-08T13:00:00.000Z,Bountiful,UT,US,South 1150 East,84010
A4:CF:12:4C:E0:D1,Traeger-E0D1,39.40196991,-118.83566284,A4:CF:12,5,wpa2,2025-05-06T23:00:00.000Z,2025-05-06T20:00:00.000Z,,NV,US,Lone Tree Road,
A4:CF:12:4C:E3:F1,Traeger-E3F1,37.13793564,-113.62129974,A4:CF:12,6,wpa2,2025-06-16T20:00:00.000Z,2025-06-28T14:00:00.000Z,St. George,UT,US,,84765-5109
A4:CF:12:4C:E4:41,,33.77735138,-118.00138855,A4:CF:12,5,wpa2,2026-08-13T01:00:00.000Z,2026-08-13T10:00:00.000Z,Garden Grove,CA,US,Western Avenue,90680
A4:CF:12:4C:E5:5D,Traeger-E55D,43.13753891,-77.52174377,A4:CF:12,5,wpa2,2023-07-23T16:00:00.000Z,2024-10-13T14:00:00.000Z,City of Rochester,NY,US,Penfield Road,14625
A4:CF:12:4C:E6:19,Traeger-E619,38.79977417,-104.77638245,A4:CF:12,5,wpa2,2023-08-27T02:00:00.000Z,2025-09-29T13:00:00.000Z,Colorado Springs,CO,US,,80910
A4:CF:12:4C:E6:35,Traeger-E635,43.3164444,-80.98703003,A4:CF:12,5,wpa2,2026-01-07T16:00:00.000Z,2026-01-08T06:00:00.000Z,Perth South,Ontario,CA,Perth Line 26,N5A 6S4
A4:CF:12:4C:E7:6D,Traeger-E76D,33.24198914,-96.82850647,A4:CF:12,5,wpa2,2025-03-07T22:00:00.000Z,2025-04-30T16:00:00.000Z,Prosper,TX,US,Centenary Drive,75078
A4:CF:12:4C:E7:E1,Traeger-E7E1,46.24562836,-119.09485626,A4:CF:12,5,wpa2,2026-04-05T20:00:00.000Z,2026-04-05T22:00:00.000Z,Pasco,WA,US,North 4th Avenue,99301
A4:CF:12:4C:E8:15,Traeger-E815,27.74385834,-82.69806671,A4:CF:12,5,wpa2,2025-07-09T01:00:00.000Z,2025-07-08T18:00:00.000Z,Saint Petersburg,FL,US,Upton Street South,33711
A4:CF:12:4C:E8:71,Traeger-E871,53.60596085,-113.62991333,A4:CF:12,5,wpa2,2026-07-18T15:00:00.000Z,2026-07-20T00:00:00.000Z,St. Albert,Alberta,CA,Hamilton Crescent,T8N 6S2
A4:CF:12:4C:EB:A1,Traeger-EBA1,45.06825638,-93.25487518,A4:CF:12,5,wpa2,2019-09-15T20:00:00.000Z,2026-05-06T22:00:00.000Z,,MN,US,I 694,55421-1873
A4:CF:12:4C:EC:25,Traeger-EC25,39.8508873,-105.03915405,A4:CF:12,5,wpa2,2026-02-14T23:00:00.000Z,2026-07-31T20:00:00.000Z,Westminster,CO,US,Circle Drive,80030
A4:CF:12:4C:EC:81,Traeger-EC81,51.27180481,-114.00370789,A4:CF:12,5,wpa2,2026-08-04T02:00:00.000Z,2026-08-03T19:00:00.000Z,Airdrie,Alberta,CA,Waterstone Crescent SE,T4B 2G7
A4:CF:12:4C:EC:CD,Traeger-ECCD,38.52827454,-82.0691452,A4:CF:12,5,wpa2,2026-08-15T15:00:00.000Z,2026-08-15T12:00:00.000Z,,WV,US,County Route 43,
A4:CF:12:4C:EE:E9,Traeger-EEE9,35.14975357,-118.486763,A4:CF:12,5,wpa2,2025-01-02T02:00:00.000Z,2026-06-23T21:00:00.000Z,,CA,US,Pam Court,93561
A4:CF:12:4C:EF:1D,Traeger-EF1D,36.98192596,-119.52697754,A4:CF:12,5,wpa2,2024-09-17T18:00:00.000Z,2024-09-17T20:00:00.000Z,,CA,US,Blue Oak Lane,
A4:CF:12:4C:EF:61,Traeger-EF61,45.49743652,-75.74593353,A4:CF:12,5,wpa2,2025-11-04T12:00:00.000Z,2025-11-04T05:00:00.000Z,Gatineau,Québec,CA,Rue Le Roy,J8V 1G9
A4:CF:12:4C:EF:C5,Traeger-EFC5,42.78056717,-96.91400146,A4:CF:12,5,wpa2,2024-10-04T23:00:00.000Z,2024-10-05T02:00:00.000Z,Vermillion,SD,US,Anderson Street,57069
A4:CF:12:4C:EF:C9,Traeger-EFC9,46.38267899,-117.03961945,A4:CF:12,5,wpa2,2024-06-12T17:00:00.000Z,2026-07-05T18:00:00.000Z,Lewiston,ID,US,Elk Drive,99402
A4:CF:12:4C:EF:E5,Traeger-EFE5,29.99803352,-95.64276886,A4:CF:12,5,wpa2,2024-03-14T18:00:00.000Z,2024-10-19T06:00:00.000Z,,TX,US,Spring Cypress Road,77375
A4:CF:12:4C:F0:5D,Traeger-F05D,33.72917938,-84.38137817,A4:CF:12,5,wpa2,2025-11-14T15:00:00.000Z,2025-11-14T07:00:00.000Z,Atlanta,GA,US,Vanira Avenue Southeast,30315
A4:CF:12:4C:F1:49,Traeger-F149,44.82821274,-93.43984985,A4:CF:12,5,wpa2,2025-05-30T20:00:00.000Z,2026-03-27T17:00:00.000Z,,MN,US,Pioneer Trail,55347
A4:CF:12:4C:F1:51,Traeger-F151,33.38315582,-84.54116058,A4:CF:12,5,wpa2,2026-02-14T19:00:00.000Z,2026-02-14T12:00:00.000Z,,GA,US,Crosstown Road,30269
A4:CF:12:4C:F1:F9,Traeger-F1F9,41.27223969,-96.07647705,A4:CF:12,5,wpa2,2024-10-23T18:00:00.000Z,2025-11-04T19:00:00.000Z,Omaha,NE,US,I 680,68112
A4:CF:12:4C:F4:61,Traeger-F461,32.94655991,-97.07615662,A4:CF:12,5,wpa2,2025-08-05T15:00:00.000Z,2026-01-05T08:00:00.000Z,,TX,US,Dove Loop Road,76051
A4:CF:12:4C:F7:2D,Traeger-F72D,39.76000977,-104.93280792,A4:CF:12,5,wpa2,2025-01-15T10:00:00.000Z,2025-01-16T05:00:00.000Z,Denver,CO,US,Dexter Street,80207
A4:CF:12:4C:F9:61,Traeger-F961,47.12922668,-93.27186584,A4:CF:12,5,wpa2,2025-05-05T17:00:00.000Z,2025-10-03T21:00:00.000Z,,MN,US,Bridge Street,55793
A4:CF:12:4C:F9:89,Traeger-F989,51.33293533,6.82584524,A4:CF:12,5,wpa2,2025-06-18T15:00:00.000Z,2025-06-18T09:00:00.000Z,,Nordrhein-Westfalen,DE,Thunesweg,40885
A4:CF:12:4C:FB:09,Traeger-FB09,42.95537949,-81.34362793,A4:CF:12,5,wpa2,2026-06-12T00:00:00.000Z,2026-06-11T17:00:00.000Z,London,Ontario,CA,Grand View Avenue,N6K 2S5
A4:CF:12:4C:FB:41,Traeger-FB41,44.06521988,-103.21115112,A4:CF:12,5,wpa2,2022-04-27T09:00:00.000Z,2026-08-22T15:00:00.000Z,Rapid City,SD,US,East Saint Anne Street,57701
A4:CF:12:4C:FB:91,Traeger-FB91,39.54297638,-119.87522888,A4:CF:12,5,wpa2,2024-07-14T02:00:00.000Z,2025-02-08T23:00:00.000Z,Reno,NV,US,Las Brisas Boulevard,89523
A4:CF:12:4C:FC:19,Traeger-FC19,33.78544235,-118.18930054,A4:CF:12,5,wpa2,2024-05-20T14:00:00.000Z,2024-10-08T08:00:00.000Z,Long Beach,CA,US,Long Beach Boulevard,90813
A4:CF:12:4C:FC:9D,Traeger-FC9D,41.24736023,-104.83824158,A4:CF:12,5,wpa2,2025-10-10T09:00:00.000Z,2025-10-10T06:00:00.000Z,,WY,US,I 25;US 87,
A4:CF:12:4C:FD:11,Traeger-FD11,43.5705719,-116.2741394,A4:CF:12,5,wpa2,2026-02-05T02:00:00.000Z,2026-02-04T20:00:00.000Z,Boise,ID,US,South Cole Road,83709
A4:CF:12:4C:FD:FD,Traeger-FDFD,39.41202927,-77.30131531,A4:CF:12,5,wpa2,2024-12-04T20:00:00.000Z,2026-05-29T20:00:00.000Z,,MD,US,Boyers Mill Road,21774
A4:CF:12:4C:FF:E5,Traeger-FFE5,33.99973679,-83.91753387,A4:CF:12,5,wpa2,2026-04-14T20:00:00.000Z,2026-04-21T15:00:00.000Z,,GA,US,Hever Castle Way,30019
A4:CF:12:4D:00:11,Traeger-0011,58.85237885,5.72566509,A4:CF:12,5,wpa2,2025-09-21T11:00:00.000Z,2025-11-22T02:00:00.000Z,,Rogaland,NO,Oalsgata,4316
A4:CF:12:4D:00:4D,Traeger-004D,34.147995,-117.85930634,A4:CF:12,5,wpa2,2025-02-02T19:00:00.000Z,2025-02-02T15:00:00.000Z,Glendora,CA,US,North Banna Avenue,91741
A4:CF:12:4D:00:5D,Traeger-005D,44.52981567,-93.55912781,A4:CF:12,5,wpa2,2025-09-20T15:00:00.000Z,2025-09-21T18:00:00.000Z,,MN,US,15th Street Southeast,56071
A4:CF:12:4D:01:55,Traeger-0155,40.01341629,-111.68553162,A4:CF:12,5,wpa2,2023-12-04T23:00:00.000Z,2025-12-20T21:00:00.000Z,,UT,US,Elk Ridge Drive,84653
A4:CF:12:4D:02:3D,Traeger-023D,52.06612778,4.39464951,A4:CF:12,5,wpa2,2026-04-07T10:00:00.000Z,2026-04-07T04:00:00.000Z,Den Haag,Zuid-Holland,NL,Jo Hendrichslaan,2493CL
A4:CF:12:4D:02:E1,Traeger-02E1,28.92403984,-81.67040253,A4:CF:12,5,wpa2,2026-07-06T13:00:00.000Z,2026-07-06T14:00:00.000Z,,FL,US,Central Avenue,32784
A4:CF:12:4D:04:4D,Traeger-044D,41.0206337,-92.80742645,A4:CF:12,5,wpa2,2021-04-04T17:00:00.000Z,2025-09-05T10:00:00.000Z,,IA,US,South Main Street,52531
A4:CF:12:4D:05:09,Traeger-0509,37.94831467,-121.95027161,A4:CF:12,5,wpa2,2024-04-17T00:00:00.000Z,2025-12-04T13:00:00.000Z,,CA,US,,94517
A4:CF:12:4D:05:AD,Traeger-05AD,43.59336472,-116.50972748,A4:CF:12,5,wpa2,2022-08-04T09:00:00.000Z,2026-03-21T14:00:00.000Z,Nampa,ID,US,Stamm Lane,83687
A4:CF:12:4D:07:6D,Traeger-076D,32.73309326,-79.96398163,A4:CF:12,5,wpa2,2023-01-28T13:00:00.000Z,2025-02-13T05:00:00.000Z,Charleston,SC,US,Camp Road,29412
A4:CF:12:4D:07:BD,Traeger-07BD,33.70131683,-117.9695282,A4:CF:12,11,wpa2,2025-12-16T16:00:00.000Z,2025-12-16T17:00:00.000Z,,CA,US,Talbert Avenue,92708
A4:CF:12:4D:08:7D,Traeger-087D,39.19846344,-78.16446686,A4:CF:12,5,wpa2,2021-05-31T11:00:00.000Z,2026-07-27T10:00:00.000Z,Winchester,VA,US,Fairmont Avenue,22601
A4:CF:12:4D:09:51,Traeger-0951,33.57926178,-99.25823975,A4:CF:12,5,wpa2,2026-06-21T19:00:00.000Z,2026-06-27T08:00:00.000Z,,TX,US,US 183;US 277;US 283,76380
A4:CF:12:4D:09:AD,Traeger-09AD,34.03752518,-118.0872879,A4:CF:12,5,wpa2,2023-07-29T09:00:00.000Z,2026-06-19T17:00:00.000Z,,CA,US,Pomona Freeway,91770
A4:CF:12:4D:09:B1,Traeger-09B1,32.1170311,-96.4825592,A4:CF:12,5,wpa2,2025-07-10T01:00:00.000Z,2025-07-10T07:00:00.000Z,,TX,US,Purdue Drive,75110
A4:CF:12:4D:09:E1,Traeger-09E1,40.62247467,-112.35548401,A4:CF:12,5,wpa2,2025-09-21T23:00:00.000Z,2025-09-21T17:00:00.000Z,,UT,US,State Route 138,84074
A4:CF:12:4D:0A:A9,Traeger-0AA9,47.10662842,-122.30986786,A4:CF:12,5,wpa2,2026-08-22T21:00:00.000Z,2026-08-22T18:00:00.000Z,,WA,US,89th Avenue East,98375
A4:CF:12:4D:0B:21,Traeger-0B21,36.15162659,-115.1105423,A4:CF:12,5,wpa2,2026-02-26T04:00:00.000Z,2026-04-21T17:00:00.000Z,Las Vegas,NV,US,Silver Birch Lane,89169-1814
A4:CF:12:4D:0B:2D,Traeger-0B2D,55.18082809,-118.82355499,A4:CF:12,5,wpa2,2026-08-09T10:00:00.000Z,2026-08-09T04:00:00.000Z,Grande Prairie,Alberta,CA,110 Street,T8V 7Y5
A4:CF:12:4D:0C:45,Traeger-0C45,33.59686279,-83.84387207,A4:CF:12,5,wpa2,2025-05-31T14:00:00.000Z,2026-08-12T15:00:00.000Z,,GA,US,Adams Street Northeast,30014
A4:CF:12:4D:0C:49,Traeger-0C49,-37.81876373,145.00033569,A4:CF:12,5,wpa2,2021-10-03T15:00:00.000Z,2025-09-27T16:00:00.000Z,Melbourne,Victoria,AU,Waterloo Place,3121
A4:CF:12:4D:0C:61,Traeger-0C61,50.65940094,-120.23608398,A4:CF:12,5,wpa2,2026-07-02T17:00:00.000Z,2026-07-02T16:00:00.000Z,Kamloops,British Columbia,CA,Capilano Drive,V2E 2K3
A4:CF:12:4D:0F:E9,Traeger-0FE9,43.93038559,-103.57304382,A4:CF:12,5,wpa2,2025-11-10T16:00:00.000Z,2026-04-20T16:00:00.000Z,,SD,US,Pine Mountain Avenue,57745
A4:CF:12:4D:10:B1,Traeger-10B1,39.57829666,-99.29060364,A4:CF:12,5,wpa2,2026-02-20T06:00:00.000Z,2026-02-21T08:00:00.000Z,,KS,US,US 183,
A4:CF:12:4D:13:D1,Traeger-13D1,44.95854187,-123.02203369,A4:CF:12,5,wpa2,2024-04-05T13:00:00.000Z,2025-03-13T15:00:00.000Z,Salem,OR,US,Laurel Avenue Northeast,97301
A4:CF:12:4D:15:49,Traeger-1549,46.38053131,-72.55104065,A4:CF:12,5,wpa2,2026-04-25T20:00:00.000Z,2026-04-25T14:00:00.000Z,Trois-Rivières,Québec,CA,Rue Barkoff,G8W 9T7
A4:CF:12:4D:15:C9,Traeger-15C9,37.83227539,-121.22716522,A4:CF:12,5,wpa2,2025-10-02T12:00:00.000Z,2025-10-05T05:00:00.000Z,Manteca,CA,US,Manteca Tidewater Bikeway,95336
A4:CF:12:4D:17:D1,Traeger-17D1,42.98868179,-88.38011932,A4:CF:12,5,wpa2,2022-05-19T13:00:00.000Z,2026-08-15T18:00:00.000Z,,WI,US,,53183
A4:CF:12:4D:18:E9,Traeger-18E9,33.21439362,-111.73843384,A4:CF:12,5,wpa2,2024-11-10T22:00:00.000Z,2024-11-12T17:00:00.000Z,Gilbert,AZ,US,South Adora Boulevard,85298
A4:CF:12:4D:1A:FD,Traeger-1AFD,40.83543396,-96.6440506,A4:CF:12,5,wpa2,2025-04-20T19:00:00.000Z,2026-08-28T14:00:00.000Z,Lincoln,NE,US,North 56th Street,68504
A4:CF:12:4D:1B:95,Traeger-1B95,28.96500206,-81.99606323,A4:CF:12,5,wpa2,2025-07-26T21:00:00.000Z,2025-07-26T17:00:00.000Z,The Villages,FL,US,Southeast 92nd Grantham Terrace,34491
A4:CF:12:4D:1B:C5,Traeger-1BC5,44.33578873,-93.25988007,A4:CF:12,5,wpa2,2025-07-28T15:00:00.000Z,2026-08-31T21:00:00.000Z,,MN,US,Hiawatha Pioneer Trail,55021
A4:CF:12:4D:1D:7D,Traeger-1D7D,45.66611862,-89.39707184,A4:CF:12,5,wpa2,2025-06-20T14:00:00.000Z,2025-06-20T08:00:00.000Z,Rhinelander,WI,US,Lake Creek Road,54501
A4:CF:12:4D:1D:CD,Traeger-1DCD,41.59267044,-87.79380798,A4:CF:12,5,wpa2,2022-11-26T16:00:00.000Z,2025-03-25T17:00:00.000Z,,IL,US,Harlem Avenue,60477
A4:CF:12:4D:1D:D9,Traeger-1DD9,33.73911285,-112.26223755,A4:CF:12,5,wpa2,2023-05-07T19:00:00.000Z,2026-04-08T18:00:00.000Z,Peoria,AZ,US,North Lake Pleasant Parkway,85383
A4:CF:12:4D:1E:BD,Traeger-1EBD,34.63857651,-120.08512115,A4:CF:12,5,wpa2,2025-08-22T21:00:00.000Z,2025-08-24T14:00:00.000Z,,CA,US,Chumash Highway,93460
A4:CF:12:4D:22:3D,Traeger-223D,43.66288757,-116.37577057,A4:CF:12,5,wpa2,2019-12-19T13:00:00.000Z,2026-08-27T08:00:00.000Z,,ID,US,East Chinden Boulevard,83646
A4:CF:12:4D:22:75,Traeger-2275,40.68698502,-111.8649826,A4:CF:12,5,wpa2,2023-12-08T01:00:00.000Z,2025-01-14T15:00:00.000Z,Millcreek,UT,US,3900 South,84124
A4:CF:12:4D:23:25,Traeger-2325,44.21905518,-85.15409851,A4:CF:12,5,wpa2,2025-12-27T15:00:00.000Z,2025-12-27T13:00:00.000Z,,MI,US,South Burkett Road,
A4:CF:12:4F:A2:31,Traeger-A231,38.91442108,-104.65805817,A4:CF:12,5,wpa2,2025-03-17T14:00:00.000Z,2025-03-17T07:00:00.000Z,Colorado Springs,CO,US,Tramore Court,80912
A4:CF:12:4F:A3:11,Traeger-A311,47.62535858,-122.07137299,A4:CF:12,5,wpa2,2019-07-17T17:00:00.000Z,2026-06-30T23:00:00.000Z,,WA,US,East Lake Sammamish Trail,98052-6088
A4:CF:12:4F:A3:AD,Traeger-A3AD,41.11909866,-111.90859985,A4:CF:12,5,wpa2,2021-04-04T14:00:00.000Z,2025-12-07T11:00:00.000Z,,UT,US,Highway 89,84040
A4:CF:12:4F:A4:4D,Traeger-A44D,38.7814064,-112.0851059,A4:CF:12,5,wpa2,2023-10-02T23:00:00.000Z,2025-10-22T07:00:00.000Z,,UT,US,North Main Street,84701
A4:CF:12:4F:A4:B1,Traeger-A4B1,-33.8431282,151.20840454,A4:CF:12,5,wpa2,2022-06-20T22:00:00.000Z,2025-07-12T02:00:00.000Z,Sydney,New South Wales,AU,Lavender Street,2060
A4:CF:12:4F:A6:11,Traeger-A611,31.88941574,35.01813126,A4:CF:12,5,wpa2,2026-08-08T18:00:00.000Z,2026-08-08T12:00:00.000Z,מודיעין-מכבים-רעות,מחוז המרכז,IL,שדרות האורנים,7173709
A4:CF:12:4F:A6:5D,Traeger-A65D,29.66654015,-95.47538757,A4:CF:12,5,wpa2,2026-04-21T14:00:00.000Z,2026-05-26T13:00:00.000Z,Houston,TX,US,Willowbend Boulevard,77096
A4:CF:12:4F:A7:19,Traeger-A719,38.93307877,-108.39373016,A4:CF:12,5,wpa2,2026-05-04T20:00:00.000Z,2026-05-07T20:00:00.000Z,,CO,US,US 50,81527
A4:CF:12:4F:A9:65,Traeger-A965,53.41414261,-113.63298798,A4:CF:12,5,wpa2,2026-07-21T21:00:00.000Z,2026-07-21T15:00:00.000Z,Edmonton,Alberta,CA,King Vista SW,T6W 1A5
A4:CF:12:4F:A9:91,Traeger-A991,40.36624527,-120.4460907,A4:CF:12,5,wpa2,2025-05-17T22:00:00.000Z,2025-05-28T20:00:00.000Z,,CA,US,US 395,96128
A4:CF:12:4F:AA:9D,Traeger-AA9D,42.20739746,-95.94884491,A4:CF:12,5,wpa2,2024-10-05T18:00:00.000Z,2024-10-05T12:00:00.000Z,,IA,US,County Highway L12,51051
A4:CF:12:4F:AB:69,Traeger-AB69,35.43707657,-80.90267944,A4:CF:12,5,wpa2,2026-08-04T22:00:00.000Z,2026-08-12T08:00:00.000Z,,NC,US,Kelly Park Circle,28078
A4:CF:12:4F:AB:C5,Traeger-ABC5,40.03138351,-104.47050476,A4:CF:12,5,wpa2,2024-10-14T19:00:00.000Z,2024-10-14T12:00:00.000Z,,CO,US,County Road 63,80643
A4:CF:12:4F:AD:21,Traeger-AD21,43.70687485,-116.42254639,A4:CF:12,5,wpa2,2025-01-10T20:00:00.000Z,2025-02-24T21:00:00.000Z,,ID,US,West Floating Feather Road,83616
A4:CF:12:4F:AD:61,Traeger-AD61,47.23029709,-122.41970825,A4:CF:12,5,wpa2,2020-08-09T15:00:00.000Z,2026-08-13T05:00:00.000Z,Tacoma,WA,US,East 35th Street,98404-4923
A4:CF:12:4F:AF:15,Traeger-AF15,43.81937027,-116.71273804,A4:CF:12,5,wpa2,2024-10-15T23:00:00.000Z,2024-10-15T21:00:00.000Z,,ID,US,Labor Camp Road,
A4:CF:12:4F:AF:2D,Traeger-AF2D,43.57427979,-116.16434479,A4:CF:12,5,wpa2,2025-05-18T01:00:00.000Z,2025-06-27T11:00:00.000Z,Boise,ID,US,East Boise Avenue,83712
A4:CF:12:4F:AF:45,Traeger-AF45,40.56895065,-111.97913361,A4:CF:12,5,wpa2,2026-04-12T19:00:00.000Z,2026-04-12T19:00:00.000Z,,UT,US,10020 South,84088
A4:CF:12:4F:B0:C1,Traeger-B0C1,44.73974609,-92.86151123,A4:CF:12,5,wpa2,2025-10-07T20:00:00.000Z,2025-10-07T15:00:00.000Z,,MN,US,West 7th Street,55033
A4:CF:12:4F:B1:55,Traeger-B155,32.94923401,-97.28162384,A4:CF:12,5,wpa2,2026-07-23T20:00:00.000Z,2026-08-20T00:00:00.000Z,Fort Worth,TX,US,Funnel Street,76244
A4:CF:12:4F:B2:69,Traeger-B269,39.60972595,-105.06911469,A4:CF:12,5,wpa2,2026-07-07T17:00:00.000Z,2026-07-07T10:00:00.000Z,,CO,US,West Bowles Avenue,80123
A4:CF:12:4F:B2:81,Traeger-B281,39.33127594,-119.79354858,A4:CF:12,5,wpa2,2026-06-24T18:00:00.000Z,2026-06-24T12:00:00.000Z,,NV,US,Carson-Reno Highway,
A4:CF:12:4F:B3:59,Traeger-B359,40.00012207,-105.12198639,A4:CF:12,5,wpa2,2023-09-30T17:00:00.000Z,2026-08-12T07:00:00.000Z,,CO,US,West Baseline Road,80026
A4:CF:12:4F:B6:F5,Traeger-B6F5,39.67300415,-84.11436462,A4:CF:12,5,wpa2,2025-11-05T23:00:00.000Z,2025-11-16T14:00:00.000Z,Centerville,OH,US,Wilmington Pike,45440
A4:CF:12:4F:B9:A1,Traeger-B9A1,43.52453232,-96.70320892,A4:CF:12,5,wpa2,2025-11-03T08:00:00.000Z,2025-11-09T15:00:00.000Z,Sioux Falls,SD,US,I 229,57103
A4:CF:12:4F:BA:91,Traeger-BA91,40.35573959,-111.71216583,A4:CF:12,5,wpa2,2026-07-18T23:00:00.000Z,2026-07-18T20:00:00.000Z,,UT,US,East Murdock Drive,84042-1526
A4:CF:12:4F:BB:A9,Traeger-BBA9,45.78108978,-108.52907562,A4:CF:12,5,wpa2,2026-08-21T15:00:00.000Z,2026-08-21T23:00:00.000Z,Billings,MT,US,Lewis Avenue,59101
A4:CF:12:4F:BC:B5,Traeger-BCB5,36.81806946,-76.37141418,A4:CF:12,5,wpa2,2023-10-08T11:00:00.000Z,2026-07-20T20:00:00.000Z,Portsmouth City,VA,US,Portsmouth Boulevard,23701
A4:CF:12:4F:BD:25,Traeger-BD25,30.24349022,-97.7636261,A4:CF:12,5,wpa2,2023-01-03T21:00:00.000Z,2026-09-02T23:00:00.000Z,Austin,TX,US,West Oltorf Street,78704
A4:CF:12:4F:BE:5D,Traeger-BE5D,32.32347107,-110.93341064,A4:CF:12,5,wpa2,2024-02-19T21:00:00.000Z,2025-01-17T08:00:00.000Z,,AZ,US,East Skyline Drive,85718
A4:CF:12:4F:C2:0D,Traeger-C20D,40.14289856,-104.60282898,A4:CF:12,5,wpa2,2025-04-12T14:00:00.000Z,2025-04-13T09:00:00.000Z,,CO,US,Weld County Parkway,
A4:CF:12:4F:C2:31,Traeger-C231,37.13910294,-88.62138367,A4:CF:12,5,wpa2,2025-11-02T17:00:00.000Z,2025-11-08T15:00:00.000Z,,IL,US,Pell Road,62910
A4:CF:12:4F:C4:31,Traeger-C431,47.796772,-116.8837204,A4:CF:12,5,wpa2,2025-09-12T13:00:00.000Z,2026-08-28T20:00:00.000Z,,ID,US,North Pristine Circle,
A4:CF:12:4F:C4:79,Traeger-C479,40.38035965,-111.97947693,A4:CF:12,5,wpa2,2020-02-01T13:00:00.000Z,2025-12-27T20:00:00.000Z,,UT,US,East Cory B Wride Memorial Highway,
A4:CF:12:4F:C4:B1,Traeger-C4B1,37.59706116,-77.32475281,A4:CF:12,5,wpa2,2025-11-09T00:00:00.000Z,2025-11-09T04:00:00.000Z,,VA,US,Morning Glory Road,23111
A4:CF:12:4F:C5:3D,Traeger-C53D,47.10839844,-122.35761261,A4:CF:12,5,wpa2,2022-03-30T20:00:00.000Z,2026-05-07T18:00:00.000Z,,WA,US,Canyon Road East,98373-4263
A4:CF:12:4F:C6:41,Traeger-C641,26.10416222,-80.10923004,A4:CF:12,5,wpa2,2021-08-16T20:00:00.000Z,2026-04-03T23:00:00.000Z,Fort Lauderdale,FL,US,Harbor Beach Parkway,33316
A4:CF:12:4F:C6:BD,Traeger-C6BD,35.18946075,-97.29109955,A4:CF:12,5,wpa2,2026-03-21T16:00:00.000Z,2026-03-21T12:00:00.000Z,Norman,OK,US,East Imhoff Road,73026
A4:CF:12:4F:C6:FD,Traeger-C6FD,35.57673264,-97.56285858,A4:CF:12,5,wpa2,2024-10-12T17:00:00.000Z,2026-06-04T11:00:00.000Z,,OK,US,Plymouth Lane,73120
A4:CF:12:4F:C7:3D,Traeger-C73D,37.30391312,-120.58071136,A4:CF:12,5,wep,2026-08-08T20:00:00.000Z,2026-08-12T15:00:00.000Z,,CA,US,Lady Di Court,95301
A4:CF:12:4F:C8:25,Traeger-C825,45.20889282,-93.37530518,A4:CF:12,5,wpa2,2024-11-09T20:00:00.000Z,2024-11-09T12:00:00.000Z,,MN,US,8th Avenue,55303
A4:CF:12:4F:CA:61,Traeger-CA61,39.95775986,-105.0503006,A4:CF:12,5,wpa2,2025-09-15T07:00:00.000Z,2025-09-15T01:00:00.000Z,,CO,US,West 144th Avenue,80023
A4:CF:12:4F:CA:F9,Traeger-CAF9,53.61428452,-113.62577057,A4:CF:12,5,wpa2,2026-07-18T18:00:00.000Z,2026-07-20T00:00:00.000Z,St. Albert,Alberta,CA,Levasseur Road,T8N 6S2
A4:CF:12:4F:CB:7D,Traeger-CB7D,40.70537949,-111.83405304,A4:CF:12,5,wpa2,2026-06-19T13:00:00.000Z,2026-06-19T08:00:00.000Z,Millcreek,UT,US,2000 East,84124
A4:CF:12:4F:CB:E1,Traeger-CBE1,41.0394783,-80.75585175,A4:CF:12,5,wpa2,2023-08-06T15:00:00.000Z,2026-04-18T22:00:00.000Z,,OH,US,Ohio Turnpike,44406
A4:CF:12:4F:CC:55,Traeger-CC55,45.21192932,-93.21393585,A4:CF:12,5,wpa2,2026-08-13T23:00:00.000Z,2026-08-13T18:00:00.000Z,Blaine,MN,US,Radisson Road Northeast,55304
A4:CF:12:4F:CD:5D,Traeger-CD5D,50.44781113,-104.35553741,A4:CF:12,5,wpa2,2002-02-17T17:00:00.000Z,2026-08-08T21:00:00.000Z,,Saskatchewan,CA,Trans-Canada Highway,S4L 5B1
A4:CF:12:4F:CD:C5,Traeger-CDC5,44.66530991,-63.64521027,A4:CF:12,5,wpa2,2022-07-09T19:00:00.000Z,2025-03-22T12:00:00.000Z,Halifax,Nova Scotia,CA,Bayview Road,B3M 1P1
A4:CF:12:4F:CE:7D,Traeger-CE7D,47.77876663,-116.77680206,A4:CF:12,5,wpa2,2025-03-16T22:00:00.000Z,2025-09-25T04:00:00.000Z,,ID,US,North Ruby Drive,83835-9460
A4:CF:12:4F:CF:09,Traeger-CF09,32.50734329,-90.13860321,A4:CF:12,5,wpa2,2024-09-15T21:00:00.000Z,2024-09-15T17:00:00.000Z,,MS,US,Bozeman Road,39110
A4:CF:12:4F:CF:19,Traeger-CF19,44.82890701,-92.9126358,A4:CF:12,5,wpa2,2023-07-28T18:00:00.000Z,2025-10-16T15:00:00.000Z,,MN,US,Jody Lane South,55016
A4:CF:12:4F:D0:4D,Traeger-D04D,28.12766457,-82.46321869,A4:CF:12,5,wep,2026-07-30T04:00:00.000Z,2026-07-31T08:00:00.000Z,,FL,US,Debuel Road,33549
A4:CF:12:4F:D0:E9,Traeger-D0E9,45.53486633,-92.97537994,A4:CF:12,5,wpa2,2026-06-22T19:00:00.000Z,2026-08-11T16:00:00.000Z,,MN,US,404th Street,55056
A4:CF:12:4F:D0:ED,Traeger-D0ED,41.09903336,-112.08711243,A4:CF:12,6,wpa2,2025-12-23T18:00:00.000Z,2025-12-23T19:00:00.000Z,,UT,US,West Davis Corridor,84075
A4:CF:12:4F:D1:01,Traeger-D101,40.09115219,-86.07132721,A4:CF:12,5,wpa2,2024-09-17T03:00:00.000Z,2025-07-16T20:00:00.000Z,,IN,US,Little Chicago Road,46060
A4:CF:12:4F:D1:59,Traeger-D159,35.52761459,-82.61141968,A4:CF:12,5,wpa2,2026-06-21T22:00:00.000Z,2026-06-23T02:00:00.000Z,Asheville,NC,US,Sardis Road,28806
A4:CF:12:50:37:41,Traeger-3741,40.74835205,-75.50482178,A4:CF:12,5,wpa2,2023-11-10T18:00:00.000Z,2025-04-30T21:00:00.000Z,Lehigh Township,PA,US,Lehigh Drive,18067
A4:CF:12:50:3A:09,Traeger-3A09,38.2457428,-104.6703949,A4:CF:12,5,wpa2,2026-02-15T07:00:00.000Z,2026-03-05T01:00:00.000Z,Pueblo,CO,US,Chickadee Way,81005
A4:CF:12:50:3A:41,Traeger-3A41,30.93671227,-95.90569305,A4:CF:12,5,wpa2,2024-05-19T22:00:00.000Z,2024-10-10T16:00:00.000Z,Madisonville,TX,US,South Madison Street,77864
A4:CF:12:50:3A:81,Traeger-3A81,38.79310226,-77.07733154,A4:CF:12,5,wpa2,2026-02-20T22:00:00.000Z,2026-05-10T17:00:00.000Z,,VA,US,North Kings Highway,22303
A4:CF:12:50:3B:61,Traeger-3B61,41.38175583,-73.39897919,A4:CF:12,5,wpa2,2024-07-18T02:00:00.000Z,2025-04-25T18:00:00.000Z,,CT,US,Maple Avenue Extension,06801
A4:CF:12:50:3C:DD,Traeger-3CDD,34.18156052,-84.43755341,A4:CF:12,5,wpa2,2025-11-19T18:00:00.000Z,2025-11-19T13:00:00.000Z,,GA,US,Stringer Road,30115
A4:CF:12:50:3E:51,Traeger-3E51,47.80716324,-103.28411865,A4:CF:12,5,wpa2,2026-06-26T01:00:00.000Z,2026-06-25T21:00:00.000Z,Watford City,ND,US,6th Avenue Northwest,
A4:CF:12:50:3E:6D,Traeger-3E6D,25.55953598,-80.3578186,A4:CF:12,5,wpa2,2026-01-18T15:00:00.000Z,2026-01-18T08:00:00.000Z,,FL,US,Old Cutler Road,33170
A4:CF:12:50:3E:81,Traeger-3E81,41.11858368,-104.81935883,A4:CF:12,5,wpa2,2024-06-12T00:00:00.000Z,2024-09-14T09:00:00.000Z,Cheyenne,WY,US,West 3rd Street,82001-4525
A4:CF:12:50:40:09,Traeger-4009,38.06064224,-84.46305084,A4:CF:12,5,wpa2,2024-12-13T19:00:00.000Z,2025-05-13T15:00:00.000Z,Lexington,KY,US,Bryan Station Road,40516
A4:CF:12:50:41:29,Traeger-4129,47.36227798,-122.31323242,A4:CF:12,5,wpa2,2025-09-28T20:00:00.000Z,2025-10-09T18:00:00.000Z,,WA,US,16th Avenue South,98198
A4:CF:12:50:42:15,Traeger-4215,37.35557556,-121.89936066,A4:CF:12,4,wpa2,2026-05-22T01:00:00.000Z,2026-05-21T21:00:00.000Z,San Jose,CA,US,North 5th Street,95112
A4:CF:12:50:42:99,Traeger-4299,37.5340538,-76.79775238,A4:CF:12,5,wpa2,2026-05-06T17:00:00.000Z,2026-05-06T14:00:00.000Z,,VA,US,Main Street,23181
A4:CF:12:50:42:B9,Traeger-42B9,46.64998245,-120.58071136,A4:CF:12,5,wpa2,2025-01-11T20:00:00.000Z,2026-03-14T18:00:00.000Z,,WA,US,North Galloway Drive,98902
A4:CF:12:50:43:FD,Traeger-43FD,32.99232483,-97.06754303,A4:CF:12,5,wpa2,2022-10-21T10:00:00.000Z,2024-12-21T12:00:00.000Z,Flower Mound,TX,US,Lakeside Parkway,75028
A4:CF:12:50:44:D5,Traeger-44D5,43.74810791,-103.52259064,A4:CF:12,5,wpa2,2024-01-15T15:00:00.000Z,2026-03-28T05:00:00.000Z,,SD,US,Lower French Creek Road,
A4:CF:12:50:45:19,Traeger-4519,40.84412766,-115.82252502,A4:CF:12,5,wpa2,2025-03-25T20:00:00.000Z,2025-03-25T14:00:00.000Z,,NV,US,Mountain City Highway,
A4:CF:12:50:46:3D,Traeger-463D,44.06257629,-121.20579529,A4:CF:12,5,wpa2,2026-06-20T01:00:00.000Z,2026-06-19T18:00:00.000Z,,OR,US,Chickadee Lane,
A4:CF:12:50:46:5D,Traeger-465D,38.923069,-104.84311676,A4:CF:12,5,wpa2,2024-03-11T20:00:00.000Z,2024-09-04T09:00:00.000Z,Colorado Springs,CO,US,South Rockrimmon Boulevard,80919
A4:CF:12:50:47:1D,Traeger-471D,39.97458649,-75.84203339,A4:CF:12,5,wpa2,2021-07-19T19:00:00.000Z,2026-08-25T13:00:00.000Z,Valley Township,PA,US,Valley Road,19365
A4:CF:12:50:47:29,Traeger-4729,40.24951935,-111.65645599,A4:CF:12,5,wpa2,2019-09-20T10:00:00.000Z,2026-01-06T17:00:00.000Z,Provo,UT,US,Canyon Road,84604
A4:CF:12:50:47:49,,36.05638504,-115.03607941,A4:CF:12,0,unknown,2026-04-12T14:00:00.000Z,2026-04-18T15:00:00.000Z,Henderson,NV,US,West Warm Springs Road,89014-2612
A4:CF:12:50:48:19,Traeger-4819,39.19718552,-119.77706146,A4:CF:12,5,wpa2,2025-06-26T02:00:00.000Z,2025-06-25T20:00:00.000Z,Carson City,NV,US,North Carson Street,89706
A4:CF:12:50:48:49,Traeger-4849,61.56824112,-149.69810486,A4:CF:12,5,wpa2,2026-08-29T02:00:00.000Z,2026-09-02T22:00:00.000Z,,AK,US,Northbound Parks Highway,99623
A4:CF:12:50:49:01,Traeger-4901,42.52030563,-114.54498291,A4:CF:12,5,wpa2,2026-07-14T15:00:00.000Z,2026-07-14T09:00:00.000Z,,ID,US,East 3600 North,
A4:CF:12:50:49:09,Traeger-4909,43.64624405,-108.22129822,A4:CF:12,5,wpa2,2025-10-12T18:00:00.000Z,2025-10-16T19:00:00.000Z,,WY,US,Broadway Street,82443
A4:CF:12:50:49:41,Traeger-4941,36.13202286,-115.26178741,A4:CF:12,5,wpa2,2025-06-16T15:00:00.000Z,2025-06-16T13:00:00.000Z,,NV,US,South Azure Bay Street,89117-3819
A4:CF:12:50:4A:59,Traeger-4A59,36.60144043,-121.90670776,A4:CF:12,5,wpa2,2025-10-01T18:00:00.000Z,2026-07-08T06:00:00.000Z,Monterey,CA,US,Harrison Street,93944
A4:CF:12:50:4B:E1,Traeger-4BE1,47.72109604,-116.8339386,A4:CF:12,5,wpa2,2025-08-25T11:00:00.000Z,2025-08-25T06:00:00.000Z,Coeur d'Alene,ID,US,Greenwich Road,83815
A4:CF:12:50:4B:F1,Traeger-4BF1,36.13415146,-86.27780151,A4:CF:12,5,wpa2,2026-06-13T13:00:00.000Z,2026-06-13T12:00:00.000Z,,TN,US,Southeast Tater Peeler Road,37090
A4:CF:12:50:4C:ED,Traeger-4CED,47.17912674,-122.17811584,A4:CF:12,5,wpa2,2026-05-21T19:00:00.000Z,2026-07-06T16:00:00.000Z,,WA,US,Veterans Memorial Drive East,98390-6305
A4:CF:12:50:4E:C1,Traeger-4EC1,35.98690033,-115.21953583,A4:CF:12,5,wpa2,2023-10-23T01:00:00.000Z,2025-11-14T14:00:00.000Z,,NV,US,West Almocita Court,89179
A4:CF:12:50:4F:39,Traeger-4F39,45.29468536,-96.44745636,A4:CF:12,5,wpa2,2026-04-15T00:00:00.000Z,2026-04-19T05:00:00.000Z,,MN,US,US 12,56278
A4:CF:12:50:50:3D,Traeger-503D,33.49929428,-112.04034424,A4:CF:12,5,wpa2,2019-10-06T22:00:00.000Z,2025-03-09T00:00:00.000Z,Phoenix,AZ,US,East Montecito Avenue,85016
A4:CF:12:50:51:61,Traeger-5161,41.02092743,-111.90762329,A4:CF:12,5,wpa2,2021-12-18T21:00:00.000Z,2026-03-10T20:00:00.000Z,,UT,US,South Mountain Road,84037
A4:CF:12:50:52:C5,Traeger-52C5,39.58721161,-77.86096954,A4:CF:12,5,wpa2,2020-03-10T14:00:00.000Z,2026-07-20T18:00:00.000Z,,WV,US,Williamsport Pike,25419
A4:CF:12:50:55:19,Traeger-5519,40.87255859,-74.07720947,A4:CF:12,5,wpa2,2023-08-12T15:00:00.000Z,2024-11-17T13:00:00.000Z,,NJ,US,Union Street,07644
A4:CF:12:50:55:69,Traeger-5569,33.74049377,-96.58534241,A4:CF:12,5,wpa2,2025-01-01T02:00:00.000Z,2026-08-17T20:00:00.000Z,,TX,US,Katy Memorial Expressway,75020
A4:CF:12:50:57:09,Traeger-5709,41.4258461,-81.87779236,A4:CF:12,5,wpa2,2026-08-25T03:00:00.000Z,2026-08-24T21:00:00.000Z,,OH,US,Clague Road,44145-2579
A4:CF:12:50:59:81,Traeger-5981,47.08361816,-122.40027618,A4:CF:12,5,wpa2,2023-07-01T14:00:00.000Z,2025-11-05T18:00:00.000Z,,WA,US,22nd East Avenue,98404
A4:CF:12:50:5A:11,Traeger-5A11,38.51919937,-105.98151398,A4:CF:12,5,wpa2,2026-04-15T22:00:00.000Z,2026-04-19T21:00:00.000Z,,CO,US,US 50,
A4:CF:12:50:5A:65,Traeger-5A65,39.68782425,-104.7722702,A4:CF:12,5,wpa2,2024-01-12T22:00:00.000Z,2025-02-07T10:00:00.000Z,Aurora,CO,US,South Tower Road,80017
A4:CF:12:50:5A:D5,Traeger-5AD5,54.0227623,-2.79530263,A4:CF:12,2,wpa2,2025-07-19T09:00:00.000Z,2025-07-20T03:00:00.000Z,Lancaster,England,GB,Scotforth Road,LA1 4NU
A4:CF:12:50:5A:D9,Traeger-5AD9,45.71257019,-122.6370163,A4:CF:12,5,wpa2,2025-07-06T01:00:00.000Z,2025-10-25T14:00:00.000Z,Vancouver,WA,US,Northeast Salmon Creek Avenue,98686
A4:CF:12:50:5A:F8,,41.15736389,-81.46910858,A4:CF:12,9,none,2026-08-25T09:00:00.000Z,2026-08-25T09:00:00.000Z,,OH,US,Akron Expressway,44221-4113
A4:CF:12:50:5E:05,Traeger-5E05,34.18844223,-84.21862793,A4:CF:12,5,wpa2,2026-06-02T21:00:00.000Z,2026-06-02T15:00:00.000Z,,GA,US,Post Road,30040
A4:CF:12:50:5E:61,Traeger-5E61,41.03245163,-111.93742371,A4:CF:12,5,wpa2,2024-02-05T20:00:00.000Z,2026-06-20T18:00:00.000Z,,UT,US,South Main Street,84037
A4:CF:12:50:5E:81,Traeger-5E81,43.19881439,-78.09371185,A4:CF:12,5,wpa2,2026-07-29T16:00:00.000Z,2026-07-29T15:00:00.000Z,,NY,US,East Lee Road,14470
A4:CF:12:50:5F:7D,Traeger-5F7D,45.43414688,-73.63822937,A4:CF:12,0,wpa2,2024-06-27T17:00:00.000Z,2025-07-17T14:00:00.000Z,Montréal,Québec,CA,Rue Cordner,H8N 1N5
A4:CF:12:50:60:B5,Traeger-60B5,26.59514999,-81.74082947,A4:CF:12,5,wpa2,2022-08-18T14:00:00.000Z,2026-08-31T02:00:00.000Z,,FL,US,FL 82,33973
A4:CF:12:50:63:C9,Traeger-63C9,27.23945236,-80.38230896,A4:CF:12,5,wpa2,2026-04-20T13:00:00.000Z,2026-04-22T09:00:00.000Z,Port Saint Lucie,FL,US,Southwest Alcantarra Boulevard,34953
A4:CF:12:50:63:D5,Traeger-63D5,38.99836349,-94.57518005,A4:CF:12,5,wpa2,2024-09-23T23:00:00.000Z,2025-12-01T19:00:00.000Z,Kansas City,MO,US,Troost Avenue,64131
A4:CF:12:50:63:F9,Traeger-63F9,43.61922073,-116.43239594,A4:CF:12,5,wpa2,2024-02-04T00:00:00.000Z,2024-11-03T08:00:00.000Z,Meridian,ID,US,West Cherry Lane,83642
A4:CF:12:50:64:85,Traeger-6485,42.6680069,-96.66655731,A4:CF:12,5,wep,2021-10-29T15:00:00.000Z,2026-08-09T20:00:00.000Z,,SD,US,I 29,57038
A4:CF:12:50:65:0D,Traeger-650D,48.35534668,-107.866745,A4:CF:12,5,wpa2,2024-10-12T22:00:00.000Z,2024-10-14T20:00:00.000Z,,MT,US,South 5th Street East,59538
A4:CF:12:50:66:29,Traeger-6629,47.30080795,-122.51244354,A4:CF:12,5,wpa2,2025-07-05T17:00:00.000Z,2026-02-15T18:00:00.000Z,,WA,US,North 53rd Street,98407
A4:CF:12:50:67:05,Traeger-6705,39.66396713,-119.71483612,A4:CF:12,11,wpa2,2026-05-30T01:00:00.000Z,2026-05-29T23:00:00.000Z,,NV,US,,89441
A4:CF:12:50:67:C9,Traeger-67C9,40.53191376,-111.9289856,A4:CF:12,5,wpa2,2024-08-22T00:00:00.000Z,2026-04-03T22:00:00.000Z,,UT,US,1300 West,84065
A4:CF:12:50:67:D1,Traeger-67D1,32.50338745,-106.90397644,A4:CF:12,5,wpa2,2024-10-16T17:00:00.000Z,2024-11-27T17:00:00.000Z,,NM,US,I 25,87940
A4:CF:12:50:67:DD,Traeger-67DD,41.15480804,-96.03353882,A4:CF:12,5,wpa2,2025-05-21T05:00:00.000Z,2025-05-28T21:00:00.000Z,,NE,US,West Papillion Creek Trail,68046
A4:CF:12:50:68:4D,Traeger-684D,47.40591431,-120.26809692,A4:CF:12,5,wpa2,2026-05-04T00:00:00.000Z,2026-05-03T18:00:00.000Z,,WA,US,Grant Road,98802
A4:CF:12:50:68:81,Traeger-6881,53.64225388,-113.5303421,A4:CF:12,5,wpa2,2023-03-27T17:00:00.000Z,2024-11-06T14:00:00.000Z,Edmonton,Alberta,CA,177 Avenue NW,T6V 0T1
A4:CF:12:50:68:C1,Traeger-68C1,40.41290665,-104.74321747,A4:CF:12,5,wpa2,2019-11-08T18:00:00.000Z,2026-05-26T18:00:00.000Z,Greeley,CO,US,West 16th Street,80634-9998
A4:CF:12:50:69:0D,Traeger-690D,38.63402176,-121.36717987,A4:CF:12,5,wpa2,2024-11-17T07:00:00.000Z,2025-03-09T01:00:00.000Z,,CA,US,Edison Avenue,95821
A4:CF:12:51:6B:9D,UC 10505683,-20.54140091,-54.60414124,A4:CF:12,1,wpa2,2026-02-06T11:00:00.000Z,2026-02-06T06:00:00.000Z,Campo Grande,Mato Grosso do Sul,BR,Rua Leandro da Silva Salina,79072-269
A4:CF:12:51:6B:C1,UC 13803952,-20.51559258,-54.59286499,A4:CF:12,1,wpa2,2025-11-27T22:00:00.000Z,2026-02-12T10:00:00.000Z,Campo Grande,Mato Grosso do Sul,BR,Rua Vitor Meireles,79060-570
A4:CF:12:51:6B:D5,UC 5117189,-20.50100517,-54.64051437,A4:CF:12,1,wpa2,2024-02-28T11:00:00.000Z,2026-09-01T15:00:00.000Z,Campo Grande,Mato Grosso do Sul,BR,Avenida Vereador Thyrson de Almeida,79002-082
A4:CF:12:51:70:7D,UC 22350763,-20.38374901,-54.57394409,A4:CF:12,1,wpa2,2025-05-09T22:00:00.000Z,2025-05-09T15:00:00.000Z,Campo Grande,Mato Grosso do Sul,BR,Rua Jorge Chacha,79017-624
A4:CF:12:52:77:91,ESP_527791,52.0200119,4.44756794,A4:CF:12,1,unknown,2026-06-13T10:00:00.000Z,2026-06-13T07:00:00.000Z,,Zuid-Holland,NL,Monnikenweg,2641PX
A4:CF:12:55:85:35,WLED-AP666,53.56171417,9.98631859,A4:CF:12,1,wpa2,2024-12-28T23:00:00.000Z,2024-12-30T11:00:00.000Z,Hamburg,Rotherbaum,DE,Edmund-Siemers-Allee,20355
A4:CF:12:55:C1:A9,MyStove_A4:CF:12:55:C1:A8,45.07149887,12.24582767,A4:CF:12,5,unknown,2026-06-14T12:00:00.000Z,2026-06-14T21:00:00.000Z,Rosolina,Veneto,IT,Via Romea,45014
A4:CF:12:55:C9:25,T009_55C924,43.7038002,-0.24053299,A4:CF:12,1,none,2025-02-02T09:00:00.000Z,2025-02-09T11:00:00.000Z,,Occitanie,FR,Rue de l'Hôpital,32720
A4:CF:12:55:C9:C5,T009_55C9C4,51.18993759,4.55634832,A4:CF:12,1,none,2026-06-10T15:00:00.000Z,2026-07-07T08:00:00.000Z,,Antwerpen,BE,Kromstraat,2520
A4:CF:12:55:D7:59,T009_55D758,50.7403717,4.347754,A4:CF:12,11,unknown,2024-10-14T15:00:00.000Z,2024-10-14T08:00:00.000Z,,Vlaams-Brabant,BE,Kwadeplasstraat - Rue Kwadeplas,1640
A4:CF:12:55:D7:5D,T009_55D75C,52.0296402,5.6682148,A4:CF:12,1,unknown,2026-03-04T12:00:00.000Z,2026-03-04T05:00:00.000Z,Ede,Gelderland,NL,Ariënsweg,6711PE
A4:CF:12:55:D7:A5,T009_55D7A4,52.14148712,5.23781919,A4:CF:12,3,unknown,2026-01-24T17:00:00.000Z,2026-01-24T09:00:00.000Z,,Utrecht,NL,Doctor Ramaerlaan,3734EB
A4:CF:12:55:D9:0D,T009_55D90C,50.83124542,2.92621136,A4:CF:12,1,unknown,2026-05-23T15:00:00.000Z,2026-05-23T08:00:00.000Z,,West-Vlaanderen,BE,Wervikstraat,8902
A4:CF:12:55:D9:31,T009_55D930,52.14595413,4.45874882,A4:CF:12,1,unknown,2026-06-13T12:00:00.000Z,2026-06-13T07:00:00.000Z,,Zuid-Holland,NL,Trompweg,2253XR
A4:CF:12:55:D9:69,T009_55D968,51.4177475,6.03510714,A4:CF:12,6,unknown,2021-09-18T09:00:00.000Z,2026-04-12T09:00:00.000Z,,Limburg,NL,Horsterweg,5975NA
A4:CF:12:56:51:F9,Rain3_202031169,50.85912323,4.28808498,A4:CF:12,1,wpa2,2022-12-11T17:00:00.000Z,2025-01-20T11:00:00.000Z,,Région de Bruxelles-Capitale - Brussels Hoofdstedelijk Gewest,BE,Drève des Maricolles - Maricollendreef,1082
A4:CF:12:56:52:19,Rain3_202031244,50.80285645,4.2805481,A4:CF:12,1,wpa2,2024-02-27T06:00:00.000Z,2026-04-07T08:00:00.000Z,,Vlaams-Brabant,BE,Meibloemstraat,1600
A4:CF:12:56:54:61,Rain3_202031175 ,50.72533798,4.17261267,A4:CF:12,1,wpa2,2024-05-01T09:00:00.000Z,2025-03-05T04:00:00.000Z,,Vlaams-Brabant,BE,Hondzochtstraat,1674
A4:CF:12:56:56:39,Rain3_202044173 ,50.81490326,4.34718895,A4:CF:12,1,wpa2,2025-05-07T03:00:00.000Z,2026-02-22T11:00:00.000Z,,Région de Bruxelles-Capitale - Brussels Hoofdstedelijk Gewest,BE,Avenue Albert - Albertlaan,1190
A4:CF:12:56:5D:89,Rain3_202031068 ,50.4669342,3.80582428,A4:CF:12,1,wpa2,2025-03-26T09:00:00.000Z,2025-03-30T13:00:00.000Z,,Hainaut,BE,Rue du Peuple,7333
A4:CF:12:56:75:CD,CFMSST_AM100920,41.03483963,28.97684097,A4:CF:12,8,wpa2,2026-04-12T09:00:00.000Z,2026-04-12T04:00:00.000Z,,Marmara Bölgesi,TR,Kamer Hatun Caddesi,34435
A4:CF:12:56:76:95,CFMSST_AC200046,56.90413284,12.4905262,A4:CF:12,1,wpa2,2024-06-04T09:00:00.000Z,2026-03-05T00:00:00.000Z,,Hallands län,SE,Torgatan,31134
A4:CF:12:56:77:A9,CFMTDU_71C80029,51.45477295,-2.59275818,A4:CF:12,6,wpa2,2025-03-08T13:00:00.000Z,2025-03-08T09:00:00.000Z,Bristol,England,GB,All Saints Court,BS1
A4:CF:12:56:78:01,CFMTDU_71CN0306,48.14751434,11.73419285,A4:CF:12,11,wpa2,2024-01-03T14:00:00.000Z,2025-03-25T09:00:00.000Z,,Bayern,DE,Hohenlindner Straße,85622
A4:CF:12:56:85:1D,CFMSST_AM200411,-34.81060028,138.61650085,A4:CF:12,9,wpa2,2022-08-14T14:00:00.000Z,2026-05-29T10:00:00.000Z,Adelaide,South Australia,AU,University Parade,5095
A4:CF:12:56:85:E1,CFMSST_AC100096,44.45480347,26.1059494,A4:CF:12,10,wpa2,2021-08-18T15:00:00.000Z,2025-07-02T08:00:00.000Z,Municipiul București,Tei,RO,Strada Dinu Vintilă,021101
A4:CF:12:56:87:45,CFMSST_AA200189,50.9395752,5.79526758,A4:CF:12,1,wpa2,2025-11-11T16:00:00.000Z,2025-11-11T09:00:00.000Z,,Limburg,NL,Marktstraat,6191JX
A4:CF:12:56:8A:01,CFMSST_AM100846,49.95985413,16.97890663,A4:CF:12,3,wpa2,2022-05-17T17:00:00.000Z,2026-06-23T09:00:00.000Z,,Střední Morava,CZ,Uničovská,78701
A4:CF:12:56:8A:05,CFMSST_AM200388,-33.87627029,151.24295044,A4:CF:12,9,wpa2,2024-12-04T00:00:00.000Z,2024-12-03T16:00:00.000Z,Sydney,New South Wales,AU,Cross Street,2028
A4:CF:12:56:8A:49,CFMSST_AM200380,-37.87592697,144.67776489,A4:CF:12,1,wpa2,2021-12-26T11:00:00.000Z,2025-10-10T19:00:00.000Z,Melbourne,Victoria,AU,Heaths Road,3029
A4:CF:12:56:8A:F5,CFMSST_AM101129,-32.1432457,115.97447968,A4:CF:12,5,wpa2,2024-11-26T08:00:00.000Z,2026-08-14T15:00:00.000Z,,Western Australia,AU,Ranford Road,6112
A4:CF:12:56:B0:D1,T009_56B0D0,51.82420349,8.9874897,A4:CF:12,1,none,2026-07-28T09:00:00.000Z,2026-07-30T01:00:00.000Z,,Nordrhein-Westfalen,DE,Wintruper Straße,32839
A4:CF:12:56:B8:B9,T009_56B8B8,40.29016113,-4.01714325,A4:CF:12,1,unknown,2024-11-23T11:00:00.000Z,2024-11-24T03:00:00.000Z,Navalcarnero,Comunidad de Madrid,ES,Calle de la Cuesta del Águila,28600
A4:CF:12:56:B8:D9,T009_56B8D8,48.7061615,2.24024415,A4:CF:12,6,unknown,2025-05-07T06:00:00.000Z,2025-05-06T23:00:00.000Z,,Île-de-France,FR,Rue Lazare Hoche,91120
A4:CF:12:56:BC:F9,T009_56BCF8,47.04709625,16.1234417,A4:CF:12,1,unknown,2025-10-04T22:00:00.000Z,2026-05-21T03:00:00.000Z,,Burgenland,AT,Hauptstraße,7571
A4:CF:12:56:BD:B5,T009_56BDB4,40.8483696,14.47438335,A4:CF:12,9,unknown,2025-08-03T17:00:00.000Z,2025-08-03T11:00:00.000Z,,Campania,IT,Via Cesare Ottaviano Augusto,80044
A4:CF:12:56:C3:85,Rain3_202007201,51.06899643,5.0787487,A4:CF:12,1,wpa2,2026-04-28T16:00:00.000Z,2026-04-28T11:00:00.000Z,,Limburg,BE,Processieweg,3980
A4:CF:12:56:C5:CD,Rain3_202005032,51.13216782,13.64976883,A4:CF:12,1,wpa2,2025-03-19T15:00:00.000Z,2025-03-19T13:00:00.000Z,,Sachsen,DE,Professor-von-Finck-Straße,01468
A4:CF:12:56:C8:5D,Rain3_202007003,50.81831741,4.34248114,A4:CF:12,1,wpa2,2025-03-28T03:00:00.000Z,2025-03-27T21:00:00.000Z,,Région de Bruxelles-Capitale - Brussels Hoofdstedelijk Gewest,BE,Rue Marconi - Marconistraat,1190
A4:CF:12:56:D1:E9,PIF01333M6V,28.47519875,-81.36962128,A4:CF:12,1,unknown,2026-06-09T13:00:00.000Z,2026-06-09T07:00:00.000Z,,FL,US,Hoffner Avenue,32809
A4:CF:12:56:FF:41,T009_56FF40,49.0242691,7.81361628,A4:CF:12,11,unknown,2024-11-16T17:00:00.000Z,2025-10-20T09:00:00.000Z,,Grand Est,FR,Rue de Lembach,67510
A4:CF:12:57:47:61,OpenEVSE_4760,51.8368187,4.13201571,A4:CF:12,6,wpa2,2025-06-21T16:00:00.000Z,2025-06-21T11:00:00.000Z,,Zuid-Holland,NL,Culhemiusstraat,3222CE
A4:CF:12:57:52:E9,UNIIOTXT_A4CF125752E8,52.23786163,8.15483665,A4:CF:12,1,wpa2,2026-06-26T11:00:00.000Z,2026-06-26T13:00:00.000Z,Bissendorf,Niedersachsen,DE,A 30,49143
A4:CF:12:57:53:C5,Rain3_202007090,51.00688171,10.18124294,A4:CF:12,1,wpa2,2022-07-01T11:00:00.000Z,2024-10-21T14:00:00.000Z,,Hessen,DE,Werratal,37293
A4:CF:12:57:55:C5,Rain3_202019070,51.10737991,13.07701015,A4:CF:12,1,wpa2,2025-11-19T10:00:00.000Z,2026-06-12T07:00:00.000Z,,Sachsen,DE,Am Berg,04720
A4:CF:12:57:67:ED,T009_5767EC,45.83506775,7.72904682,A4:CF:12,6,unknown,2025-02-09T07:00:00.000Z,2025-02-10T22:00:00.000Z,Ayas,Valle d'Aosta / Vallée d'Aoste,IT,Route Ramey,11020
A4:CF:12:57:71:71,Sentry_7171,45.64865875,-122.66867828,A4:CF:12,3,none,2024-08-06T03:00:00.000Z,2026-07-27T00:00:00.000Z,Vancouver,WA,US,East 37th Street,98663
A4:CF:12:57:71:9D,barb force 1,28.09287262,-80.68393707,A4:CF:12,1,none,2020-09-29T07:00:00.000Z,2024-09-08T09:00:00.000Z,,FL,US,Hunters Creek Drive,32904
A4:CF:12:57:71:BD,Sentry_71BD,33.67432022,-117.87666321,A4:CF:12,3,none,2020-04-14T18:00:00.000Z,2024-09-16T08:00:00.000Z,Costa Mesa,CA,US,Fischer Avenue,92626
A4:CF:12:57:71:C9,Stevens_Sentry,32.8804245,-117.16442108,A4:CF:12,6,none,2021-09-14T12:00:00.000Z,2026-03-22T19:00:00.000Z,San Diego,CA,US,Distribution Avenue,92121
A4:CF:12:57:77:E5,T009_5777E4,51.85556412,5.76716709,A4:CF:12,1,unknown,2022-05-26T08:00:00.000Z,2026-05-26T11:00:00.000Z,,Gelderland,NL,Disselboom,6641XD
A4:CF:12:57:77:E9,T009_5777E8,51.9837532,4.99788666,A4:CF:12,3,unknown,2024-10-03T05:00:00.000Z,2024-10-02T23:00:00.000Z,,Utrecht,NL,Lopikerweg oost,3411JD
A4:CF:12:57:78:05,T009_577804,51.18930054,5.69336987,A4:CF:12,2,unknown,2024-05-09T15:00:00.000Z,2024-12-01T08:00:00.000Z,,Limburg,NL,Kapelstraat,6039RT
A4:CF:12:57:B4:FD,KSI3_202009034 ,51.43948364,7.57355356,A4:CF:12,1,wpa2,2024-09-27T15:00:00.000Z,2024-09-29T04:00:00.000Z,,Nordrhein-Westfalen,DE,In den Tollenstraße,58239
A4:CF:12:57:B6:8D,NukiHub,38.70470428,-9.16754818,A4:CF:12,1,wpa2,2025-04-08T12:00:00.000Z,2026-03-02T09:00:00.000Z,Lisboa,Lisboa,PT,Calçada da Pampulha,1200-745
A4:CF:12:57:C2:3D,KSI3_202009015 ,-37.81939316,176.41235352,A4:CF:12,1,wpa2,2025-10-12T01:00:00.000Z,2025-10-11T19:00:00.000Z,,Bay of Plenty,NZ,Wilson Road South,
A4:CF:12:57:C2:4D,KSI3_202009018 ,46.15381241,-1.19746161,A4:CF:12,1,wpa2,2024-10-29T12:00:00.000Z,2024-10-29T14:00:00.000Z,La Rochelle,Nouvelle-Aquitaine,FR,Rue Chef de Baie,17000
A4:CF:12:57:C2:B9,KSI3_202009006 ,52.68473816,13.4417448,A4:CF:12,1,wpa2,2001-07-31T11:00:00.000Z,2024-12-08T23:00:00.000Z,,Brandenburg,DE,Hauptstraße,16348
A4:CF:12:57:FF:D1,🎃 I'm A Battery! C001 🎃,33.86630249,-118.3503952,A4:CF:12,1,wpa2,2021-07-15T20:00:00.000Z,2025-03-01T22:00:00.000Z,Torrance,CA,US,West 182nd Street,90504
A4:CF:12:58:7E:A1,Sentry_7EA1,42.32866669,-72.61751556,A4:CF:12,4,unknown,2026-08-20T16:00:00.000Z,2026-08-20T15:00:00.000Z,Northampton,MA,US,I 91,01060
A4:CF:12:58:7E:F5,Sentry_7EF5,33.13730621,-117.29587555,A4:CF:12,3,none,2023-08-06T19:00:00.000Z,2026-02-26T15:00:00.000Z,Carlsbad,CA,US,Faraday Avenue,92009-1114
A4:CF:12:58:E1:5D,Sentry_E15D,32.8272934,-117.15464783,A4:CF:12,1,none,2023-12-18T02:00:00.000Z,2025-06-07T19:00:00.000Z,San Diego,CA,US,Engineer Road,92111-2201
A4:CF:12:58:E3:1D,Sentry_E31D,26.00250053,-80.28549957,A4:CF:12,5,none,2025-10-06T13:00:00.000Z,2025-10-08T00:00:00.000Z,Pembroke Pines,FL,US,Access Road,33025Q
A4:CF:12:58:E3:39,Sentry_E339,48.15127182,-122.17432404,A4:CF:12,3,none,2026-03-22T23:00:00.000Z,2026-04-04T04:00:00.000Z,,WA,US,172nd Street Northeast,98223
A4:CF:12:58:EE:E5,Sentry_EEE5,45.52900314,-122.95617676,A4:CF:12,1,unknown,2026-07-06T17:00:00.000Z,2026-07-06T10:00:00.000Z,Hillsboro,OR,US,Northeast 25th Avenue,97124
A4:CF:12:58:F0:71,Sentry_F071,40.74349213,-74.92175293,A4:CF:12,3,unknown,2020-08-21T13:00:00.000Z,2025-06-06T17:00:00.000Z,,NJ,US,Hollow Road,08826
A4:CF:12:59:12:81,CFMSST_AM100712,38.70223236,-9.18075943,A4:CF:12,2,wpa2,2024-11-18T17:00:00.000Z,2025-11-14T03:00:00.000Z,Lisboa,Lisboa,PT,Rua Primeiro de Maio,1300-342
A4:CF:12:59:12:8D,CFMSST_AM200260,-37.94956589,145.00386047,A4:CF:12,5,wpa2,2026-09-03T05:00:00.000Z,2026-09-03T00:00:00.000Z,Melbourne,Victoria,AU,Waltham Street,3191
A4:CF:12:59:13:25,CFMSST_AM000101,-27.45441628,153.18475342,A4:CF:12,3,wpa2,2025-02-19T13:00:00.000Z,2025-10-24T00:00:00.000Z,,Queensland,AU,Cambridge Parade,4179
A4:CF:12:59:13:31,CFMSST_AM200309,-33.4344902,151.38897705,A4:CF:12,9,wpa2,2026-07-04T04:00:00.000Z,2026-07-04T02:00:00.000Z,Gosford,New South Wales,AU,Penrose Crescent,2250
A4:CF:12:59:14:A1,CFMTDU_71HI0089,52.48973083,13.42408085,A4:CF:12,2,wpa2,2020-09-15T09:00:00.000Z,2026-07-20T06:00:00.000Z,Berlin,Friedrichshain-Kreuzberg,DE,Kottbusser Damm,10967
A4:CF:12:59:15:49,CFMSST_AM000109,-35.50434113,138.77568054,A4:CF:12,2,wpa2,2024-07-04T11:00:00.000Z,2025-09-02T17:00:00.000Z,,South Australia,AU,Avoca Street,5214
A4:CF:12:59:15:8D,CFMTDU_71TS0023,51.33714294,9.43866825,A4:CF:12,10,wpa2,2022-03-31T15:00:00.000Z,2026-08-22T10:00:00.000Z,Kassel,Hessen,DE,Obervellmarer Straße,34128
A4:CF:12:59:16:35,CFMSST_AM200266,-33.73077011,151.00621033,A4:CF:12,6,wpa2,2025-11-11T23:00:00.000Z,2025-11-11T21:00:00.000Z,Sydney,New South Wales,AU,Castle Street,2154
A4:CF:12:59:16:41,CFMSST_AM200257,-27.51176453,153.05319214,A4:CF:12,6,wpa2,2022-01-23T14:00:00.000Z,2025-01-17T21:00:00.000Z,Brisbane City,Queensland,AU,Sackville Street,4120
A4:CF:12:59:16:51,CFMSST_AA100482,49.77287292,17.12094307,A4:CF:12,2,wpa2,2026-04-20T11:00:00.000Z,2026-04-20T06:00:00.000Z,,Střední Morava,CZ,Dr. Beneše,78391
A4:CF:12:59:16:89,CFMSST_AM200300,-43.55456161,172.63616943,A4:CF:12,2,wpa2,2025-04-15T21:00:00.000Z,2025-04-26T01:00:00.000Z,Christchurch,Canterbury,NZ,Boon Street,8023
A4:CF:12:59:16:ED,CFMSST_AM200306,-34.89431763,138.5552063,A4:CF:12,4,wpa2,2020-09-11T10:00:00.000Z,2026-06-08T22:00:00.000Z,Adelaide,South Australia,AU,Port Road,5009
A4:CF:12:59:17:79,CFMSST_AM200293,-35.34688187,149.08433533,A4:CF:12,8,wpa2,2025-01-20T21:00:00.000Z,2025-01-20T14:00:00.000Z,,Phillip,AU,Corinna Street,2606
A4:CF:12:59:18:8D,CFMSST_AM200295,-43.5178833,172.65167236,A4:CF:12,1,wpa2,2023-11-26T20:00:00.000Z,2025-07-19T00:00:00.000Z,Christchurch,Canterbury,NZ,Hills Road,8013
A4:CF:12:59:18:F5,CFMSST_AM200274,45.47233963,9.18768978,A4:CF:12,7,wpa2,2024-12-17T12:00:00.000Z,2026-05-19T01:00:00.000Z,Milano,Lombardia,IT,Via Fiori Oscuri,20121
A4:CF:12:59:19:DD,CFMTDU_71CN0294,42.36163712,14.14026356,A4:CF:12,1,wpa2,2025-07-17T14:00:00.000Z,2025-07-17T08:00:00.000Z,Chieti,Abruzzo,IT,Viale Benedetto Croce,66013
A4:CF:12:59:1A:3D,CFMTDU_71HH0172,-38.19614792,144.3421936,A4:CF:12,2,wpa2,2026-01-20T00:00:00.000Z,2026-01-19T19:00:00.000Z,Geelong,Victoria,AU,Torquay Road,3216
A4:CF:12:59:1A:49,CFMTDU_71TU0601,36.73748779,-4.48013306,A4:CF:12,4,wpa2,2026-04-01T11:00:00.000Z,2026-04-01T11:00:00.000Z,,Andalucía,ES,Calle Lope de Rueda,29190
A4:CF:12:59:1A:E5,CFMTDU_71TP0219,36.42411423,-5.14588308,A4:CF:12,3,wpa2,2022-10-15T23:00:00.000Z,2026-08-17T09:00:00.000Z,,Andalucía,ES,Calle Viento,29680
A4:CF:12:59:1B:45,CFMTDU_71TP0217,36.42413712,-5.14586449,A4:CF:12,9,wpa2,2025-07-05T18:00:00.000Z,2025-07-05T14:00:00.000Z,,Andalucía,ES,Calle Viento,29680
A4:CF:12:59:1B:5D,CFMSST_AM200276,44.28683472,11.88458633,A4:CF:12,9,wpa2,2025-11-25T09:00:00.000Z,2025-12-04T07:00:00.000Z,,Emilia-Romagna,IT,Corso Giuseppe Garibaldi,48018
A4:CF:12:59:1B:69,CFMSST_AM200297,-36.928936,174.90400696,A4:CF:12,9,wpa2,2026-01-31T23:00:00.000Z,2026-06-15T16:00:00.000Z,Howick,Auckland,NZ,Amera Place,2013
A4:CF:12:59:1B:F5,CFMTDU_71T90032,46.20083237,6.15573978,A4:CF:12,10,wpa2,2025-03-27T12:00:00.000Z,2025-04-01T02:00:00.000Z,Genève,Genève,CH,Rue Adrien-Lachenal,1207
A4:CF:12:59:1C:D9,CFMTDU_71TP0218,36.42420578,-5.14594316,A4:CF:12,10,wpa2,2024-07-27T19:00:00.000Z,2025-07-05T14:00:00.000Z,,Andalucía,ES,Calle Viento,29680
A4:CF:12:59:1E:75,CFMTDU_71HE0013,47.75627136,8.83749676,A4:CF:12,5,wpa2,2019-12-19T09:00:00.000Z,2024-12-19T04:00:00.000Z,,Baden-Württemberg,DE,Rielasinger Straße,78224
A4:CF:12:59:1E:B5,CFMTDU_71T80152,56.66359329,16.36936378,A4:CF:12,3,wpa2,2025-11-05T12:00:00.000Z,2026-06-16T05:00:00.000Z,Kalmar,Kalmar län,SE,Proviantgatan,392 31
A4:CF:12:59:1E:D1,CFMTDU_71HJ0024,57.70897293,11.98044014,A4:CF:12,4,wpa2,2021-02-28T11:00:00.000Z,2026-07-29T07:00:00.000Z,Göteborg,Västra Götalands län,SE,Odinsgatan,41102
A4:CF:12:59:1E:D9,CFMTDU_71T80154,56.66373825,16.36980438,A4:CF:12,8,wpa2,2025-11-05T12:00:00.000Z,2026-06-16T05:00:00.000Z,Kalmar,Kalmar län,SE,Skeppsbrogatan,392 31
A4:CF:12:59:1E:E1,CFMTDU_71HF0096,48.88604736,2.38309813,A4:CF:12,2,wpa2,2020-05-21T17:00:00.000Z,2025-10-16T23:00:00.000Z,Paris,Île-de-France,FR,Rue de Lorraine,75019
A4:CF:12:59:20:0D,CFMTDU_71HA0193,44.34917068,9.22925091,A4:CF:12,5,wpa2,2020-08-24T17:00:00.000Z,2025-04-09T09:00:00.000Z,,Liguria,IT,Corso Giacomo Matteotti,16035
A4:CF:12:59:20:59,CFMTDU_71HG0026,51.25737,7.15072107,A4:CF:12,11,wpa2,2024-06-24T12:00:00.000Z,2025-01-27T23:00:00.000Z,Wuppertal,Nordrhein-Westfalen,DE,Alte Freiheit,42103
A4:CF:12:59:42:2C,,42.31644058,-71.11669922,A4:CF:12,1,wpa2,2026-07-09T22:00:00.000Z,2026-07-09T15:00:00.000Z,Boston,MA,US,Jamaicaway,02130
A4:CF:12:59:63:2C,,40.95030212,-72.97195435,A4:CF:12,7,unknown,2025-02-06T03:00:00.000Z,2025-02-06T00:00:00.000Z,,NY,US,Groveland Park Boulevard,11789
A4:CF:12:59:74:0C,,37.69430542,-97.42932892,A4:CF:12,1,unknown,2026-04-30T17:00:00.000Z,2026-05-02T18:00:00.000Z,Wichita,KS,US,West Central Avenue,67212
A4:CF:12:59:77:C4,,39.95689392,-86.0331955,A4:CF:12,8,unknown,2024-09-17T02:00:00.000Z,2025-07-16T20:00:00.000Z,,IN,US,East 116th Street,46038
A4:CF:12:59:9E:0C,,34.22999954,-118.56723022,A4:CF:12,10,none,2026-08-15T13:00:00.000Z,2026-08-15T16:00:00.000Z,Los Angeles,CA,US,Acre Street,91306-1630
A4:CF:12:59:F5:F8,,41.644207,-81.39411163,A4:CF:12,11,unknown,2024-10-29T18:00:00.000Z,2024-10-29T12:00:00.000Z,,OH,US,Mentor Avenue,44094
A4:CF:12:5A:1B:A8,,39.98284912,-85.983284,A4:CF:12,0,unknown,2024-09-17T03:00:00.000Z,2025-07-16T18:00:00.000Z,,IN,US,Creektree Lane,46037
A4:CF:12:5A:1F:28,,28.61442375,-81.27258301,A4:CF:12,1,unknown,2026-07-05T18:00:00.000Z,2026-07-18T19:00:00.000Z,,FL,US,Aloma Avenue,32792-6801
A4:CF:12:5A:28:B5,CFX3_5a28b4,-37.79864883,145.22515869,A4:CF:12,1,wpa2,2024-09-06T07:00:00.000Z,2024-12-01T13:00:00.000Z,Melbourne,Victoria,AU,Elm Court,3134
A4:CF:12:5A:29:AD,CFX3_5a29ac,-37.97505188,145.24980164,A4:CF:12,1,wpa2,2020-12-21T11:00:00.000Z,2024-10-24T18:00:00.000Z,Melbourne,Victoria,AU,Parker Court,3802
A4:CF:12:5A:2A:41,CFX3_5a2a40,-27.44433975,153.1700592,A4:CF:12,1,wpa2,2024-11-15T06:00:00.000Z,2025-01-05T19:00:00.000Z,,Queensland,AU,Tingal Road,4178
A4:CF:12:5A:2A:81,CFX3_5a2a80,52.28633881,6.76678085,A4:CF:12,1,wpa2,2026-02-16T16:00:00.000Z,2026-04-25T11:00:00.000Z,,Overijssel,NL,A1,7556BE
A4:CF:12:5A:2B:35,CFX3_5a2b34,51.040905,9.52727222,A4:CF:12,1,wpa2,2024-11-18T12:00:00.000Z,2024-11-18T05:00:00.000Z,,Hessen,DE,Am Berg,34593
A4:CF:12:5A:2B:51,Mysa-5a2b50,45.5114212,-73.71868896,A4:CF:12,1,unknown,2025-01-28T13:00:00.000Z,2026-07-07T04:00:00.000Z,Montréal,Québec,CA,Rue Modigliani,H4R 2E6
A4:CF:12:5A:2F:E5,Mysa-5a2fe4,43.40166473,-80.4568634,A4:CF:12,1,none,2026-04-02T11:00:00.000Z,2026-08-15T23:00:00.000Z,Kitchener,Ontario,CA,Beasley Drive,N2R 1J6
A4:CF:12:5A:31:41,Mysa-5a3140,45.52061081,-73.57556915,A4:CF:12,6,unknown,2026-04-29T13:00:00.000Z,2026-04-29T07:00:00.000Z,Montréal,Québec,CA,Rue Saint-Denis,H2W 2M1
A4:CF:12:5A:DC:5D,ESP_5ADC5D,45.59680176,-122.47092438,A4:CF:12,1,none,2001-01-01T00:00:00.000Z,2025-07-19T16:00:00.000Z,,WA,US,Southeast 34th Street,98683
A4:CF:12:5A:FA:10,,41.48933029,-81.80483246,A4:CF:12,1,unknown,2025-07-26T15:00:00.000Z,2025-07-26T09:00:00.000Z,,OH,US,Virginia Avenue,44107
A4:CF:12:5B:65:FC,,37.52846146,-120.87744141,A4:CF:12,1,unknown,2024-09-10T19:00:00.000Z,2024-09-10T16:00:00.000Z,Turlock,CA,US,Explorer Way,95382
A4:CF:12:5B:E1:10,,30.45196724,-84.25078583,A4:CF:12,3,unknown,2025-04-12T19:00:00.000Z,2025-04-13T09:00:00.000Z,Tallahassee,FL,US,Mahan Drive,32308
A4:CF:12:5B:E6:80,,36.28808212,-115.19824219,A4:CF:12,0,unknown,2025-05-21T05:00:00.000Z,2025-05-23T17:00:00.000Z,North Las Vegas,NV,US,North Aviary Way,89131
A4:CF:12:5B:E9:D4,,30.29501534,-97.26110077,A4:CF:12,0,unknown,2024-09-02T11:00:00.000Z,2024-09-03T13:00:00.000Z,,TX,US,US 290,78650
A4:CF:12:5B:F8:58,,27.71939278,-82.66994476,A4:CF:12,9,unknown,2025-11-12T12:00:00.000Z,2025-11-13T10:00:00.000Z,Saint Petersburg,FL,US,54th Avenue South,33712
A4:CF:12:5C:00:90,,37.15221024,-113.66590881,A4:CF:12,9,none,2026-08-29T16:00:00.000Z,2026-08-29T18:00:00.000Z,,UT,US,Resort Drive,84765-5230
A4:CF:12:5C:BF:B4,,32.60853958,-80.89649963,A4:CF:12,1,unknown,2024-10-05T14:00:00.000Z,2024-10-05T16:00:00.000Z,,SC,US,I 95;US 17,
A4:CF:12:5D:02:65,NeoGSMIP,50.13447952,19.00000381,A4:CF:12,1,wpa2,2023-02-08T10:00:00.000Z,2024-10-23T02:00:00.000Z,Tychy,województwo śląskie,PL,Wiązowa,43-100
A4:CF:12:5D:5F:6D,Mysa-5d5f6c,45.49108505,-75.7365036,A4:CF:12,1,unknown,2025-11-28T21:00:00.000Z,2025-11-28T14:00:00.000Z,Gatineau,Québec,CA,Rue de Cannes,J8T 5Z4
A4:CF:12:5D:61:A5,Mysa-5d61a4,46.70705414,-92.1205368,A4:CF:12,11,unknown,2025-09-16T17:00:00.000Z,2025-09-17T00:00:00.000Z,,WI,US,Maryland Avenue,54880
A4:CF:12:5D:64:B9,Mysa-5d64b8,44.90910721,-92.91146088,A4:CF:12,11,none,2025-10-23T23:00:00.000Z,2026-02-21T19:00:00.000Z,,MN,US,Leyland Trail,55125
A4:CF:12:5E:2E:D1,PixlDrive_5E2ED3,59.91160965,10.7666235,A4:CF:12,6,unknown,2023-05-02T14:00:00.000Z,2026-06-27T07:00:00.000Z,Oslo,Enerhaugen,NO,Grønlandsleiret,0190
A4:CF:12:5E:30:35,PixlDrive_5E3037,51.50842667,-0.22249027,A4:CF:12,6,unknown,2024-04-30T09:00:00.000Z,2025-10-29T10:00:00.000Z,London,England,GB,Ariel Way,W12 7GE
A4:CF:12:5E:30:E9,PixlDrive_5E30EB,45.81230164,15.93189907,A4:CF:12,6,unknown,2024-10-14T16:00:00.000Z,2024-10-14T13:00:00.000Z,Zagreb,Črnomerec,HR,Zagrebačka cesta,10120
A4:CF:12:5F:19:59,MOTION_1958_02000002,53.22177505,7.47352886,A4:CF:12,1,unknown,2023-11-24T15:00:00.000Z,2025-04-27T13:00:00.000Z,,Niedersachsen,DE,Südring,26789
A4:CF:12:5F:56:89,Traeger-5689,41.06422424,-111.95508575,A4:CF:12,5,wpa2,2024-02-11T23:00:00.000Z,2026-03-06T16:00:00.000Z,Layton,UT,US,Aircraft Street,84041
A4:CF:12:5F:6D:F1,Traeger-6DF1,39.63157272,-119.7233963,A4:CF:12,5,wpa2,2023-08-10T13:00:00.000Z,2026-08-22T00:00:00.000Z,,NV,US,David James Boulevard,89441
A4:CF:12:5F:9E:89,Traeger-9E89,34.23111725,-118.52312469,A4:CF:12,5,wpa2,2025-03-18T20:00:00.000Z,2025-03-18T15:00:00.000Z,Los Angeles,CA,US,Zelzah Avenue,91330-8449
A4:CF:12:5F:9F:45,Traeger-9F45,35.82475281,-84.1721344,A4:CF:12,5,wpa2,2026-01-17T23:00:00.000Z,2026-01-17T17:00:00.000Z,,TN,US,South Northshore Drive,37922
A4:CF:12:5F:9F:95,Traeger-9F95,39.71780777,-104.98564911,A4:CF:12,5,wpa2,2025-08-23T20:00:00.000Z,2025-08-23T17:00:00.000Z,Denver,CO,US,Lincoln Street,80203
A4:CF:12:5F:9F:F1,Traeger-9FF1,33.52307129,-117.13972473,A4:CF:12,11,wpa2,2024-11-24T01:00:00.000Z,2024-11-23T17:00:00.000Z,Temecula,CA,US,Via Norte,92591
A4:CF:12:5F:A0:8D,Traeger-A08D,33.11762238,-111.76463318,A4:CF:12,5,wpa2,2026-04-17T17:00:00.000Z,2026-04-19T23:00:00.000Z,,AZ,US,West Upper Santan Road,85147
A4:CF:12:5F:A1:49,Traeger-A149,44.51316452,-88.05690765,A4:CF:12,5,wpa2,2025-04-23T02:00:00.000Z,2025-04-29T12:00:00.000Z,Green Bay,WI,US,South Ridge Road,54304
A4:CF:12:5F:A1:B5,Traeger-A1B5,36.3052063,-115.25310516,A4:CF:12,5,wpa2,2025-03-11T15:00:00.000Z,2025-03-11T13:00:00.000Z,Las Vegas,NV,US,Grand Teton Drive,89131
A4:CF:12:5F:A1:D5,Traeger-A1D5,33.25518417,-111.5368042,A4:CF:12,5,wpa2,2025-10-27T23:00:00.000Z,2025-12-28T00:00:00.000Z,,AZ,US,East Joy Drive,85140
A4:CF:12:5F:A2:3D,Traeger-A23D,43.61220932,-116.63428497,A4:CF:12,5,wpa2,2024-12-30T00:00:00.000Z,2024-12-29T17:00:00.000Z,Nampa,ID,US,West Moss Lane,83651
A4:CF:12:5F:A2:B1,Traeger-A2B1,28.66586304,-81.21087646,A4:CF:12,5,wpa2,2026-06-16T12:00:00.000Z,2026-06-16T21:00:00.000Z,,FL,US,Moonbeam Loop,32765-8888
A4:CF:12:5F:A8:01,Traeger-A801,33.77803421,-86.46658325,A4:CF:12,5,wpa2,2026-07-01T21:00:00.000Z,2026-07-01T16:00:00.000Z,,AL,US,Main Street,35146
A4:CF:12:5F:A9:8D,Traeger-A98D,47.65601349,-117.1277771,A4:CF:12,5,wpa2,2025-08-10T04:00:00.000Z,2025-10-16T15:00:00.000Z,,WA,US,East 1st Avenue,99019
A4:CF:12:5F:AB:49,Traeger-AB49,43.84018326,-111.76625061,A4:CF:12,5,wpa2,2026-08-12T04:00:00.000Z,2026-08-11T23:00:00.000Z,,ID,US,East 7th North,83440
A4:CF:12:5F:AE:05,Traeger-AE05,29.9593811,-95.64109039,A4:CF:12,5,wpa2,2026-03-31T23:00:00.000Z,2026-03-31T16:00:00.000Z,,TX,US,Moss Creek Lane,77429
A4:CF:12:5F:AF:69,Traeger-AF69,40.67435837,-111.86945343,A4:CF:12,5,wpa2,2021-05-07T09:00:00.000Z,2026-08-29T23:00:00.000Z,Millcreek,UT,US,4500 South,84117
A4:CF:12:5F:AF:FD,Traeger-AFFD,47.19266129,-121.99969482,A4:CF:12,5,wpa2,2026-06-11T06:00:00.000Z,2026-08-04T12:00:00.000Z,,WA,US,Enumclaw Buckley Road,98022
A4:CF:12:5F:B0:65,Traeger-B065,47.1291008,-118.37233734,A4:CF:12,5,wpa2,2025-08-12T20:00:00.000Z,2025-10-25T14:00:00.000Z,,WA,US,South Cascade Street,99169-1860
A4:CF:12:5F:B0:E9,Traeger-B0E9,45.28582764,-122.97676849,A4:CF:12,5,wpa2,2026-03-15T22:00:00.000Z,2026-08-10T20:00:00.000Z,,OR,US,Newberg-Dundee Bypass,97115
A4:CF:12:5F:B2:B1,Traeger-B2B1,32.99763107,-96.78463745,A4:CF:12,5,wpa2,2026-05-31T20:00:00.000Z,2026-06-28T18:00:00.000Z,Dallas,TX,US,Hillcrest Road,75252
A4:CF:12:5F:B2:BD,Traeger-B2BD,46.97124863,-123.72496033,A4:CF:12,5,wpa2,2023-11-25T03:00:00.000Z,2026-07-31T19:00:00.000Z,,WA,US,Olympic Highway,98520
A4:CF:12:5F:B3:95,Traeger-B395,38.57386017,-121.52766418,A4:CF:12,5,wpa2,2022-11-06T12:00:00.000Z,2026-03-02T04:00:00.000Z,,CA,US,Park Boulevard,95691
A4:CF:12:5F:B4:CD,Traeger-B4CD,35.56893158,-97.5506134,A4:CF:12,5,wpa2,2026-06-04T18:00:00.000Z,2026-06-04T11:00:00.000Z,,OK,US,Dublin Road,73120
A4:CF:12:5F:B5:01,Traeger-B501,42.47139359,-96.36975098,A4:CF:12,5,wpa2,2025-12-16T20:00:00.000Z,2025-12-27T19:00:00.000Z,Sioux City,IA,US,Transit Avenue,51106
A4:CF:12:5F:B5:05,Traeger-B505,36.29831314,-115.33079529,A4:CF:12,5,wpa2,2026-01-22T14:00:00.000Z,2026-01-27T19:00:00.000Z,Las Vegas,NV,US,North Cypress Bayou Street,89166
A4:CF:12:5F:B6:55,Traeger-B655,33.70304489,-117.95690155,A4:CF:12,5,wpa2,2025-01-04T21:00:00.000Z,2025-01-04T17:00:00.000Z,,CA,US,Cashew Street,92708
A4:CF:12:5F:B7:95,Traeger-B795,41.29580688,-73.47130585,A4:CF:12,5,wpa2,2026-05-20T06:00:00.000Z,2026-05-20T00:00:00.000Z,,CT,US,Farmingville Road,06877
A4:CF:12:5F:B8:3D,Traeger-B83D,40.87549591,-96.70037842,A4:CF:12,5,wpa2,2026-01-23T21:00:00.000Z,2026-01-23T17:00:00.000Z,Lincoln,NE,US,Whitewater Lane,68521
A4:CF:12:5F:B9:C1,Traeger-B9C1,34.08538818,-117.82213593,A4:CF:12,5,wpa2,2025-10-03T13:00:00.000Z,2025-10-03T11:00:00.000Z,San Dimas,CA,US,Via Alameda,91773
A4:CF:12:5F:BA:FD,Traeger-BAFD,47.68497086,-116.99156952,A4:CF:12,5,wpa2,2026-01-19T00:00:00.000Z,2026-01-25T19:00:00.000Z,,ID,US,West Destiny Drive,
A4:CF:12:5F:BC:45,Traeger-BC45,30.40472031,-95.68245697,A4:CF:12,5,wpa2,2026-01-03T02:00:00.000Z,2026-02-21T17:00:00.000Z,Montgomery,TX,US,Waterstone Drive,77356
A4:CF:12:5F:BF:45,Traeger-BF45,39.82219696,-105.01937103,A4:CF:12,5,wpa2,2026-05-28T20:00:00.000Z,2026-05-28T22:00:00.000Z,Westminster,CO,US,West 70th Avenue,80221
A4:CF:12:5F:C0:35,Traeger-C035,43.50039673,-96.70042419,A4:CF:12,5,wpa2,2025-09-25T22:00:00.000Z,2025-09-26T12:00:00.000Z,Sioux Falls,SD,US,East 57th Street,57108
A4:CF:12:5F:C0:F1,Traeger-C0F1,38.79980087,-77.24332428,A4:CF:12,5,wpa2,2026-01-13T23:00:00.000Z,2026-07-14T09:00:00.000Z,,VA,US,Southampton Drive,22151
A4:CF:12:5F:C1:71,Traeger-C171,33.44642258,-89.47802734,A4:CF:12,5,wpa2,2026-02-26T00:00:00.000Z,2026-02-26T18:00:00.000Z,,MS,US,US 82,39767
A4:CF:12:5F:C1:75,Traeger-C175,33.32821274,-111.70868683,A4:CF:12,5,wpa2,2026-02-22T04:00:00.000Z,2026-02-23T09:00:00.000Z,Gilbert,AZ,US,Santan Freeway,85236-4500
A4:CF:12:5F:C2:39,Traeger-C239,32.45131302,-110.9635849,A4:CF:12,5,wpa2,2025-12-22T20:00:00.000Z,2026-02-15T03:00:00.000Z,,AZ,US,,85755
A4:CF:12:5F:C2:C9,Traeger-C2C9,32.82273102,-117.1173172,A4:CF:12,5,wpa2,2026-07-27T07:00:00.000Z,2026-07-31T14:00:00.000Z,San Diego,CA,US,Balboa Avenue,92124
A4:CF:12:5F:C4:31,Traeger-C431,36.08242416,-95.80529785,A4:CF:12,5,wpa2,2025-07-12T19:00:00.000Z,2025-07-12T13:00:00.000Z,,OK,US,North Lions Drive,74102
A4:CF:12:5F:C8:3D,Traeger-C83D,37.96943665,-121.75777435,A4:CF:12,5,wpa2,2025-02-08T10:00:00.000Z,2025-02-08T08:00:00.000Z,Antioch,CA,US,Woodbridge Way,94531
A4:CF:12:5F:CC:A5,Traeger-CCA5,45.49977112,-122.63788605,A4:CF:12,5,wpa2,2025-07-18T15:00:00.000Z,2025-07-23T17:00:00.000Z,Portland,OR,US,Southeast Kelly Street,97202
A4:CF:12:5F:CC:C9,Traeger-CCC9,40.46334839,-111.7689743,A4:CF:12,5,wpa2,2026-06-21T00:00:00.000Z,2026-06-20T22:00:00.000Z,,UT,US,East East View Drive,84004
A4:CF:12:5F:CD:19,Traeger-CD19,39.1495285,-77.98432159,A4:CF:12,5,wep,2025-11-08T20:00:00.000Z,2025-11-08T12:00:00.000Z,,VA,US,South Buckmarsh Street,22611
A4:CF:12:5F:CD:BD,Traeger-CDBD,42.42234421,-123.36769104,A4:CF:12,5,wpa2,2025-08-15T06:00:00.000Z,2025-10-01T23:00:00.000Z,,OR,US,Redwood Avenue,97527
A4:CF:12:5F:CD:C1,Traeger-CDC1,47.71169281,-117.37870789,A4:CF:12,5,wpa2,2021-12-01T08:00:00.000Z,2026-08-04T12:00:00.000Z,Spokane,WA,US,North Crestline Street,99217
A4:CF:12:5F:CF:C5,Traeger-CFC5,41.72909164,-122.63957214,A4:CF:12,5,wpa2,2026-08-31T05:00:00.000Z,2026-08-31T23:00:00.000Z,,CA,US,South Oregon Street,96097
A4:CF:12:5F:D1:79,Traeger-D179,37.63684464,-97.38598633,A4:CF:12,5,wpa2,2026-01-08T23:00:00.000Z,2026-01-12T07:00:00.000Z,Wichita,KS,US,West 31st Street South,67217-1400
A4:CF:12:5F:D2:5D,Traeger-D25D,46.8381691,-100.78716278,A4:CF:12,5,wpa2,2024-12-28T15:00:00.000Z,2024-12-28T08:00:00.000Z,Bismarck,ND,US,East Century Avenue,58503
A4:CF:12:5F:D3:45,Traeger-D345,39.66765976,-104.90078735,A4:CF:12,5,wpa2,2024-08-04T00:00:00.000Z,2024-10-17T12:00:00.000Z,Centennial,CO,US,East Yale Avenue,80231
A4:CF:12:5F:D3:A1,Traeger-D3A1,39.17071152,-119.76508331,A4:CF:12,5,wpa2,2025-08-20T20:00:00.000Z,2025-08-29T00:00:00.000Z,Carson City,NV,US,North Fall Street,89703-3814
A4:CF:12:5F:D4:75,Traeger-D475,41.53372192,-87.90627289,A4:CF:12,5,wpa2,2025-03-05T16:00:00.000Z,2025-03-05T09:00:00.000Z,,IL,US,Victorian Drive,60448
A4:CF:12:5F:D4:FD,Traeger-D4FD,35.62170029,-78.53686523,A4:CF:12,5,wpa2,2025-06-07T14:00:00.000Z,2025-06-07T23:00:00.000Z,,NC,US,Cornwallis Road,27529
A4:CF:12:5F:D5:05,Traeger-D505,34.89173889,-120.41899872,A4:CF:12,5,wpa2,2025-09-16T19:00:00.000Z,2025-09-17T22:00:00.000Z,,CA,US,Santa Maria Way,93455
A4:CF:12:5F:D5:35,Traeger-D535,33.50439835,-117.08758545,A4:CF:12,5,wpa2,2024-09-01T16:00:00.000Z,2025-04-05T09:00:00.000Z,Temecula,CA,US,Royal Crest Place,92592
A4:CF:12:5F:D9:B1,Traeger-D9B1,39.6362915,-104.81986237,A4:CF:12,5,wpa2,2020-07-30T20:00:00.000Z,2026-03-21T16:00:00.000Z,Aurora,CO,US,East Smoky Hill Road,80015
A4:CF:12:5F:DF:8D,Traeger-DF8D,33.69290543,-117.09630585,A4:CF:12,5,wpa2,2026-08-24T04:00:00.000Z,2026-08-28T19:00:00.000Z,,CA,US,Domenigoni Parkway,92548
A4:CF:12:5F:E8:B5,Traeger-E8B5,46.60587311,-113.00799561,A4:CF:12,5,wpa2,2023-07-21T15:00:00.000Z,2026-07-27T00:00:00.000Z,,MT,US,I 90;US 12,
A4:CF:12:5F:ED:AD,Traeger-EDAD,42.60091019,-84.2441864,A4:CF:12,5,wpa2,2024-12-18T07:00:00.000Z,2025-08-15T01:00:00.000Z,,MI,US,East Howell Road,48892
A4:CF:12:5F:FA:8D,Traeger-FA8D,30.47254753,-87.7534256,A4:CF:12,5,wpa2,2025-12-20T23:00:00.000Z,2025-12-22T18:00:00.000Z,,AL,US,County Road 32,36580
A4:CF:12:60:6C:B1,Traeger-6CB1,33.35482407,-111.95573425,A4:CF:12,5,wpa2,2021-03-11T18:00:00.000Z,2026-07-01T14:00:00.000Z,Tempe,AZ,US,West Grove Parkway,85283
A4:CF:12:60:98:39,Traeger-9839,45.83822632,-108.5114212,A4:CF:12,5,wpa2,2024-05-04T23:00:00.000Z,2026-02-01T17:00:00.000Z,Billings,MT,US,Ortega Street,59015
A4:CF:12:60:A2:A9,Traeger-A2A9,42.88780594,-112.4567337,A4:CF:12,5,wpa2,2023-08-21T14:00:00.000Z,2025-11-28T20:00:00.000Z,Pocatello,ID,US,West Cedar Street,83201
A4:CF:12:60:A3:B9,Traeger-A3B9,33.82130432,-118.07331848,A4:CF:12,5,wpa2,2025-01-07T21:00:00.000Z,2025-01-07T17:00:00.000Z,Long Beach,CA,US,North el Dorado Drive,90808
A4:CF:12:60:A3:DD,Traeger-A3DD,47.07912064,-68.6002655,A4:CF:12,5,wpa2,2024-09-19T16:00:00.000Z,2024-09-19T11:00:00.000Z,,ME,US,Aroostook Road,04739
A4:CF:12:60:A4:19,Traeger-A419,32.05865479,-110.72477722,A4:CF:12,5,wpa2,2025-01-04T10:00:00.000Z,2025-08-25T08:00:00.000Z,Tucson,AZ,US,East Mary Ann Cleveland Way,85641
A4:CF:12:60:A5:19,Traeger-A519,32.94667816,-97.27648926,A4:CF:12,5,wpa2,2025-11-08T00:00:00.000Z,2026-07-23T16:00:00.000Z,Fort Worth,TX,US,Bray Birch Drive,76244
A4:CF:12:60:A6:A1,Traeger-A6A1,32.87851334,-97.32867432,A4:CF:12,5,wpa2,2026-09-03T00:00:00.000Z,2026-09-02T20:00:00.000Z,Fort Worth,TX,US,Horseman Road,76131
A4:CF:12:60:A7:3D,Traeger-A73D,33.7816391,-118.02441406,A4:CF:12,5,wpa2,2025-01-05T20:00:00.000Z,2025-01-07T16:00:00.000Z,Garden Grove,CA,US,Pickett Avenue,92845
A4:CF:12:60:A9:3D,Traeger-A93D,40.71012115,-89.42137146,A4:CF:12,5,wpa2,2026-07-05T18:00:00.000Z,2026-07-05T12:00:00.000Z,,IL,US,Kingsbury Road,61571
A4:CF:12:60:AA:05,Traeger-AA05,39.97863007,-86.16172028,A4:CF:12,5,wpa2,2023-10-14T12:00:00.000Z,2026-02-14T13:00:00.000Z,,IN,US,Illinois Street,46032
A4:CF:12:60:AB:E9,Traeger-ABE9,41.14321518,-104.80179596,A4:CF:12,5,wpa2,2025-06-03T17:00:00.000Z,2025-06-08T18:00:00.000Z,Cheyenne,WY,US,East 21st Street,82001-3739
A4:CF:12:60:AD:49,Traeger-AD49,34.33769608,-86.32656097,A4:CF:12,5,wpa2,2024-10-26T02:00:00.000Z,2025-04-25T05:00:00.000Z,,AL,US,Sunset Drive,35976
A4:CF:12:60:AD:7D,Traeger-AD7D,45.08629227,-94.19007874,A4:CF:12,5,wpa2,2025-08-31T01:00:00.000Z,2025-10-25T01:00:00.000Z,,MN,US,County Road 3 Southwest,55321
A4:CF:12:60:AD:A9,Traeger-ADA9,41.02545547,-81.71878052,A4:CF:12,5,wpa2,2025-01-18T17:00:00.000Z,2025-08-08T18:00:00.000Z,,OH,US,Broad Street,44281
A4:CF:12:60:AE:49,Traeger-AE49,28.91383171,-81.9983902,A4:CF:12,5,wpa2,2026-06-19T20:00:00.000Z,2026-06-21T08:00:00.000Z,The Villages,FL,US,Buena Vista Boulevard,32162
A4:CF:12:60:AE:A1,Traeger-AEA1,44.31010437,-85.28138733,A4:CF:12,5,wpa2,2026-05-23T16:00:00.000Z,2026-05-29T16:00:00.000Z,,MI,US,West Jennings Road,
A4:CF:12:60:B0:69,Traeger-B069,40.05875015,-104.45663452,A4:CF:12,5,wpa2,2024-10-22T21:00:00.000Z,2025-12-07T09:00:00.000Z,,CO,US,County Road 10,80643
A4:CF:12:60:B0:DD,Traeger-B0DD,47.7447052,-116.82161713,A4:CF:12,5,wpa2,2025-03-11T22:00:00.000Z,2025-03-11T17:00:00.000Z,Coeur d'Alene,ID,US,West Prairie Avenue,83835
A4:CF:12:60:B3:61,Traeger-B361,40.39930725,-111.81536102,A4:CF:12,5,wpa2,2023-01-15T16:00:00.000Z,2026-09-02T07:00:00.000Z,,UT,US,West 1120 North,84003
A4:CF:12:60:B3:65,Traeger-B365,34.18956375,-118.6180191,A4:CF:12,5,wpa2,2025-03-04T19:00:00.000Z,2025-03-04T15:00:00.000Z,Los Angeles,CA,US,Kentland Avenue,91367-1604
A4:CF:12:60:B3:71,Traeger-B371,40.77033997,-79.05020905,A4:CF:12,5,wpa2,2026-05-22T00:00:00.000Z,2026-07-30T04:00:00.000Z,,PA,US,Church Street,15759
A4:CF:12:60:B3:F1,Traeger-B3F1,48.37214661,-122.21330261,A4:CF:12,5,wpa2,2024-08-05T20:00:00.000Z,2026-06-16T07:00:00.000Z,,WA,US,State Route 9,98274
A4:CF:12:60:B3:F5,Traeger-B3F5,32.93844223,-96.3951416,A4:CF:12,5,wpa2,2022-09-28T12:00:00.000Z,2024-11-20T13:00:00.000Z,Fate,TX,US,Woodcreek Boulevard,75132
A4:CF:12:60:B4:45,Traeger-B445,40.4400177,-111.8633728,A4:CF:12,5,wpa2,2025-09-09T00:00:00.000Z,2025-09-08T18:00:00.000Z,Lehi,UT,US,West Spring Dew Lane,84043
A4:CF:12:60:B4:89,Traeger-B489,47.56648254,-104.27229309,A4:CF:12,5,wpa2,2022-07-20T17:00:00.000Z,2026-08-26T22:00:00.000Z,,MT,US,MT 16,
A4:CF:12:60:B4:95,Traeger-B495,40.39219284,-111.81473541,A4:CF:12,5,wpa2,2026-06-06T00:00:00.000Z,2026-06-17T08:00:00.000Z,,UT,US,West 750 North,84003
A4:CF:12:60:B5:C5,Traeger-B5C5,43.54208755,-116.35440063,A4:CF:12,5,wpa2,2026-03-10T03:00:00.000Z,2026-03-09T21:00:00.000Z,Meridian,ID,US,East Bingley Drive,83642
A4:CF:12:60:B7:9D,Traeger-B79D,39.32232285,-104.83520508,A4:CF:12,5,wpa2,2022-06-15T10:00:00.000Z,2025-03-01T05:00:00.000Z,,CO,US,Loop Road,80184
A4:CF:12:60:B7:CD,Traeger-B7CD,33.63065338,-117.70765686,A4:CF:12,5,wpa2,2024-12-07T19:00:00.000Z,2024-12-08T08:00:00.000Z,,CA,US,Lake Garden Drive,92630
A4:CF:12:60:B9:39,Traeger-B939,45.96475983,-112.51016235,A4:CF:12,5,wpa2,2024-08-29T00:00:00.000Z,2024-09-05T21:00:00.000Z,Butte,MT,US,Harrison Avenue,59701
A4:CF:12:60:B9:6D,Traeger-B96D,43.30184174,-88.26072693,A4:CF:12,5,wpa2,2026-07-18T14:00:00.000Z,2026-07-18T08:00:00.000Z,,WI,US,Lovers Lane,53086
A4:CF:12:60:BB:05,Traeger-BB05,43.414711,-116.41268158,A4:CF:12,5,wpa2,2020-12-24T16:00:00.000Z,2026-09-02T17:00:00.000Z,,ID,US,East Poen Road,
A4:CF:12:60:BB:4D,Traeger-BB4D,47.4425354,-111.34949493,A4:CF:12,5,wpa2,2025-09-03T16:00:00.000Z,2025-09-03T17:00:00.000Z,Great Falls,MT,US,Flood Road,59404
A4:CF:12:60:BD:01,Traeger-BD01,33.85008621,-118.0461731,A4:CF:12,5,wpa2,2024-12-17T20:00:00.000Z,2025-01-03T14:00:00.000Z,,CA,US,Moody Street,90630
A4:CF:12:60:BD:89,Traeger-BD89,43.12484741,-123.42317963,A4:CF:12,5,wpa2,2025-08-07T15:00:00.000Z,2025-08-07T10:00:00.000Z,,OR,US,Lookingglass Road,97496
A4:CF:12:60:BE:B1,Traeger-BEB1,40.70193481,-111.8452301,A4:CF:12,5,wpa2,2025-03-25T14:00:00.000Z,2026-07-10T08:00:00.000Z,Millcreek,UT,US,Woodland Avenue,84106
A4:CF:12:60:BF:49,Traeger-BF49,39.51861572,-111.48435211,A4:CF:12,5,wpa2,2023-08-12T16:00:00.000Z,2026-06-06T14:00:00.000Z,,UT,US,US 89,84647
A4:CF:12:60:BF:4D,Traeger-BF4D,45.23085022,-93.5460968,A4:CF:12,5,wpa2,2021-04-27T19:00:00.000Z,2025-09-02T11:00:00.000Z,,MN,US,53rd Street Northeast,55374
A4:CF:12:60:C0:A8,a4:cf:12:60:c0:a8,38.90013504,-104.70274353,A4:CF:12,8,none,2025-07-26T15:00:00.000Z,2025-07-26T13:00:00.000Z,Colorado Springs,CO,US,Barnes Road,80922
A4:CF:12:60:C2:BD,Traeger-C2BD,33.9482193,-117.25292206,A4:CF:12,5,wpa2,2025-03-28T05:00:00.000Z,2026-03-05T16:00:00.000Z,Moreno Valley,CA,US,Graham Street,92553
A4:CF:12:60:C3:69,Traeger-C369,34.59772873,-112.3108902,A4:CF:12,5,wpa2,2021-04-30T17:00:00.000Z,2026-03-20T01:00:00.000Z,,AZ,US,North Navajo Drive,86314
A4:CF:12:60:C3:E5,Traeger-C3E5,33.57061768,-117.21695709,A4:CF:12,5,wpa2,2024-10-19T19:00:00.000Z,2024-10-19T16:00:00.000Z,Murrieta,CA,US,Bay Laurel Ave,92562
A4:CF:12:60:C4:D1,Traeger-C4D1,33.94273376,-84.20024109,A4:CF:12,5,wpa2,2026-07-04T20:00:00.000Z,2026-07-07T12:00:00.000Z,,GA,US,Beaver Ruin Road,30071
A4:CF:12:60:C6:11,Traeger-C611,43.49803543,-112.01918793,A4:CF:12,5,wpa2,2021-10-18T19:00:00.000Z,2025-05-11T23:00:00.000Z,Idaho Falls,ID,US,Lomax Street,83403
A4:CF:12:60:C8:2D,Traeger-C82D,41.17210388,-111.94255066,A4:CF:12,5,wpa2,2023-02-19T12:00:00.000Z,2026-06-15T16:00:00.000Z,Ogden,UT,US,East 1530 South,84403
A4:CF:12:60:D9:C0,,40.67657852,-73.63975525,A4:CF:12,3,unknown,2025-07-26T12:00:00.000Z,2025-07-26T13:00:00.000Z,,NY,US,North Village Avenue,11570
A4:CF:12:60:E8:B4,,29.56812096,-98.02078247,A4:CF:12,1,unknown,2025-11-01T16:00:00.000Z,2025-11-03T15:00:00.000Z,,TX,US,I 10;TX 130,78155-2217
A4:CF:12:60:EC:B0,,32.22795868,-110.93637085,A4:CF:12,11,none,2026-08-28T14:00:00.000Z,2026-08-28T21:00:00.000Z,Tucson,AZ,US,East 6th Street,85721
A4:CF:12:60:FF:09,Traeger-FF09,47.74474335,-122.17485046,A4:CF:12,5,wpa2,2025-05-22T01:00:00.000Z,2025-05-21T21:00:00.000Z,,WA,US,124th Avenue Northeast,98072
A4:CF:12:60:FF:3D,Traeger-FF3D,37.25045776,-121.91226196,A4:CF:12,5,wpa2,2025-07-14T06:00:00.000Z,2025-07-20T10:00:00.000Z,San Jose,CA,US,West Valley Freeway,95124-3603
A4:CF:12:61:0C:78,,38.28734589,-85.64404297,A4:CF:12,0,wpa2,2026-02-14T11:00:00.000Z,2026-02-16T19:00:00.000Z,,KY,US,Keewood Court,40222
A4:CF:12:61:61:35,Mysa-616134,33.18238449,-117.30099487,A4:CF:12,1,unknown,2026-08-16T02:00:00.000Z,2026-08-16T22:00:00.000Z,Oceanside,CA,US,Ronald Packard Parkway,92010
A4:CF:12:61:99:19,Mysa-619918,49.215271,-122.90130615,A4:CF:12,1,unknown,2026-03-13T21:00:00.000Z,2026-03-13T14:00:00.000Z,New Westminster,British Columbia,CA,Ross Drive,V3L 5P5
A4:CF:12:61:9E:E5,OpenEVSE_9ee4,45.42557526,-73.90490723,A4:CF:12,1,wpa2,2025-05-22T15:00:00.000Z,2025-05-22T14:00:00.000Z,,Québec,CA,Avenue Clark-Graham,H9X 2E7
A4:CF:12:61:BE:CC,,39.77652359,-86.1477356,A4:CF:12,6,unknown,2024-09-17T03:00:00.000Z,2025-07-16T20:00:00.000Z,Indianapolis,IN,US,East Walnut Street,46202
A4:CF:12:61:D0:4D,ESP_61D04D,36.07832336,-115.29833984,A4:CF:12,1,unknown,2025-11-20T15:00:00.000Z,2025-11-20T15:00:00.000Z,,NV,US,West Patrick Lane,89148
A4:CF:12:61:DA:14,,43.23749924,-77.46289825,A4:CF:12,3,none,2026-07-14T19:00:00.000Z,2026-07-14T16:00:00.000Z,,NY,US,Shoemaker Road,14580
A4:CF:12:61:E0:18,,43.03263474,-71.26198578,A4:CF:12,0,unknown,2024-10-10T23:00:00.000Z,2024-12-03T12:00:00.000Z,,NH,US,Patten Hill Road,03034
A4:CF:12:62:14:C4,Bolt,9.93282604,-84.09845734,A4:CF:12,9,unknown,2025-07-29T13:00:00.000Z,2025-08-12T17:00:00.000Z,San José,Provincia San José,CR,Calle Libertad de Prensa,10108
A4:CF:12:62:1D:FC,Bolt,9.93276691,-84.0984726,A4:CF:12,3,unknown,2025-07-29T13:00:00.000Z,2025-08-12T17:00:00.000Z,San José,Provincia San José,CR,Calle Libertad de Prensa,10108
A4:CF:12:62:1E:58,Bolt,9.93282509,-84.09844971,A4:CF:12,5,unknown,2025-07-29T13:00:00.000Z,2025-08-12T17:00:00.000Z,San José,Provincia San José,CR,Calle Libertad de Prensa,10108
A4:CF:12:62:2B:75,Mysa-622b74,49.0622673,-122.4653244,A4:CF:12,11,none,2026-05-23T19:00:00.000Z,2026-05-23T13:00:00.000Z,,British Columbia,CA,274 Street,V4W 3P9
A4:CF:12:62:2C:C9,Mysa-622cc8,48.45505905,-123.41780853,A4:CF:12,11,none,2024-12-11T17:00:00.000Z,2026-04-24T10:00:00.000Z,,British Columbia,CA,Admirals Road,V9A 1P2
A4:CF:12:62:3C:21,Mysa-623c20,40.98485947,-75.5838089,A4:CF:12,11,unknown,2024-09-26T11:00:00.000Z,2024-11-20T11:00:00.000Z,Penn Forest Township,PA,US,Berryman Lane,18210
A4:CF:12:62:49:89,T009_624988,53.1356163,7.44025517,A4:CF:12,7,unknown,2024-09-12T10:00:00.000Z,2024-09-15T06:00:00.000Z,,Niedersachsen,DE,Gladiolenstraße,26810
A4:CF:12:62:4B:21,T009_624B20,53.51605225,7.27270365,A4:CF:12,11,unknown,2025-03-25T18:00:00.000Z,2025-03-27T12:00:00.000Z,,Niedersachsen,DE,Mühlenloog,26529
A4:CF:12:62:51:71,T009_625170,47.97711182,-1.87453258,A4:CF:12,11,none,2026-04-04T16:00:00.000Z,2026-04-04T14:00:00.000Z,,Bretagne,FR,Allée du Ménissé,35580
A4:CF:12:62:5F:CD,SC_190911165627A4CF12625FCC,25.07664108,121.23209381,A4:CF:12,1,wpa2,2026-08-23T22:00:00.000Z,2026-08-24T17:00:00.000Z,桃園市,桃園市,TW,航站南路,33758
A4:CF:12:62:5F:ED,SC_190911181351A4CF12625FEC,25.07665253,121.23210144,A4:CF:12,1,wpa2,2026-08-23T23:00:00.000Z,2026-08-24T17:00:00.000Z,桃園市,桃園市,TW,航站南路,33758
A4:CF:12:62:60:01,SC_190911164717A4CF12626000,1.28550982,103.84941101,A4:CF:12,1,wpa2,2026-03-29T11:00:00.000Z,2026-03-29T06:00:00.000Z,Singapore,Central,SG,South Canal Road,049406
A4:CF:12:62:60:09,SC_190911182240A4CF12626008,1.28538013,103.84932709,A4:CF:12,1,wpa2,2026-03-29T11:00:00.000Z,2026-03-29T06:00:00.000Z,Singapore,Central,SG,Chulia Street,049513
A4:CF:12:62:60:29,Chii-286062,22.38252258,114.18820953,A4:CF:12,1,wpa2,2024-11-01T05:00:00.000Z,2025-07-27T23:00:00.000Z,,香港 Hong Kong,CN,沙田正街 Sha Tin Centre Street,00000
A4:CF:12:62:60:35,SC_190911174546A4CF12626034,25.07664108,121.23209381,A4:CF:12,1,wpa2,2026-08-23T22:00:00.000Z,2026-08-24T17:00:00.000Z,桃園市,桃園市,TW,航站南路,33758
A4:CF:12:62:61:99,ProvistaSolar_626198,-35.53528595,138.64872742,A4:CF:12,1,wpa,2025-05-29T23:00:00.000Z,2025-06-01T23:00:00.000Z,,South Australia,AU,Port Elliot Road,5211
A4:CF:12:62:61:C5,ProvistaSolar_6261C4,-38.51790619,145.3215332,A4:CF:12,1,wpa,2024-11-21T22:00:00.000Z,2024-11-22T00:00:00.000Z,,Victoria,AU,Phillip Island Road,3925
A4:CF:12:62:64:F5,ProvistaSolar_6264F4,-26.39670753,153.04673767,A4:CF:12,1,wpa,2025-02-09T05:00:00.000Z,2025-02-09T00:00:00.000Z,,Queensland,AU,Hilton Esplanade,4566
A4:CF:12:62:67:9D,SC_190910190121A4CF1262679C,1.30374014,103.83319092,A4:CF:12,1,wpa2,2025-08-18T08:00:00.000Z,2025-08-18T02:00:00.000Z,Singapore,Central,SG,Orchard Road,238877
A4:CF:12:62:68:29,Chii-286862,22.38251686,114.18798828,A4:CF:12,1,wpa2,2025-01-10T04:00:00.000Z,2025-10-26T19:00:00.000Z,,香港 Hong Kong,CN,大埔公路－沙田段 Tai Po Road – Sha Tin,00000
A4:CF:12:62:68:6D,Chii-6C6862,22.28141212,114.15581512,A4:CF:12,1,wpa2,2024-11-23T07:00:00.000Z,2024-11-23T09:00:00.000Z,香港島 Hong Kong Island,香港 Hong Kong,CN,威靈頓街 Wellington Street,
A4:CF:12:62:6B:59,SC_190911195305A4CF12626B58,1.36094749,103.99008179,A4:CF:12,1,wpa2,2026-05-02T09:00:00.000Z,2026-05-02T05:00:00.000Z,,Southeast,SG,T1 Arrival Crescent,819642
A4:CF:12:62:6B:61,SC_190911141706A4CF12626B60,12.93612289,77.60766602,A4:CF:12,4,wpa2,2025-12-08T09:00:00.000Z,2025-12-08T01:00:00.000Z,Bengaluru,Karnataka,IN,,560030
A4:CF:12:62:6C:1D,SC_190911182845A4CF12626C1C,1.36210513,103.99117279,A4:CF:12,1,wpa2,2026-08-23T07:00:00.000Z,2026-08-23T03:00:00.000Z,Singapore,Southeast,SG,T1 Boulevard,819642
A4:CF:12:62:6C:21,SC_190910143817A4CF12626C20,25.0766468,121.23210907,A4:CF:12,1,wpa2,2026-08-23T23:00:00.000Z,2026-08-24T17:00:00.000Z,桃園市,桃園市,TW,航站南路,33758
A4:CF:12:62:6C:D9,SC_190911160446A4CF12626CD8,1.33900094,103.72881317,A4:CF:12,1,wpa2,2026-04-30T10:00:00.000Z,2026-04-30T05:00:00.000Z,Jurong East,Southwest,SG,Chinese Garden Road,618650
A4:CF:12:63:FF:34,,30.63233757,-97.70054626,A4:CF:12,0,unknown,2025-12-10T09:00:00.000Z,2025-12-11T11:00:00.000Z,,TX,US,Wolf Ranch Parkway,78626
A4:CF:12:64:75:45,asstrack,32.82468414,-117.15216064,A4:CF:12,8,none,2020-11-17T14:00:00.000Z,2024-09-19T22:00:00.000Z,San Diego,CA,US,Brinell Street,92111-2201
A4:CF:12:64:76:A9,Lance Radar,37.81266022,-122.2741394,A4:CF:12,8,wpa2,2026-03-28T02:00:00.000Z,2026-06-13T17:00:00.000Z,Oakland,CA,US,San Pablo Avenue,94612-2202
A4:CF:12:64:80:BD,CFMTDU_71T60167,53.59498978,9.47597885,A4:CF:12,2,wpa2,2021-11-25T16:00:00.000Z,2025-03-07T04:00:00.000Z,Stade,Niedersachsen,DE,Hansebrücke,21680
A4:CF:12:64:81:05,CFMTDU_71HQ0031,38.7616806,-9.09637165,A4:CF:12,4,wpa2,2021-10-22T13:00:00.000Z,2026-01-23T16:00:00.000Z,Lisboa,Lisboa,PT,Rotunda República Argentina,1990-212
A4:CF:12:64:81:85,CFMTDU_71TQ0120,45.80437851,15.94298744,A4:CF:12,10,wpa2,2020-09-16T19:00:00.000Z,2025-03-04T10:00:00.000Z,Zagreb,MO Ciglenica,HR,Selska cesta,10000
A4:CF:12:64:82:A5,CFMTDU_71TP0353,45.80445862,15.94299698,A4:CF:12,4,wpa2,2021-03-30T10:00:00.000Z,2025-08-30T03:00:00.000Z,Zagreb,MO Ciglenica,HR,Selska cesta,10000
A4:CF:12:64:83:75,CFMTDU_71TU0971,50.10841751,19.83448601,A4:CF:12,1,wpa2,2024-12-11T15:00:00.000Z,2024-12-11T07:00:00.000Z,,województwo małopolskie,PL,Profesora Adama Rożańskiego,32-085
A4:CF:12:64:83:B9,CFMTDU_71T40184,39.32787323,16.24423027,A4:CF:12,9,wpa2,2025-10-10T08:00:00.000Z,2025-11-04T02:00:00.000Z,,Calabria,IT,Via Valle del Neto,87036
A4:CF:12:64:88:0D,CFMTDU_71CN0388,36.73785019,-4.38067722,A4:CF:12,6,wpa2,2025-05-01T14:00:00.000Z,2025-05-01T07:00:00.000Z,,Andalucía,ES,Calle Olmos,29017
A4:CF:12:64:89:F9,CFMTDU_71TS0024,51.33716583,9.43867493,A4:CF:12,11,wpa2,2022-03-31T15:00:00.000Z,2026-06-18T08:00:00.000Z,Kassel,Hessen,DE,Obervellmarer Straße,34128
A4:CF:12:64:8A:11,CFMTDU_71TP0238,38.68669891,-4.10685968,A4:CF:12,3,wpa2,2025-11-04T19:00:00.000Z,2025-11-04T13:00:00.000Z,,Castilla-La Mancha,ES,Avenida Primero de Mayo,13500
A4:CF:12:64:8A:69,CFMTDU_71T40132,45.65075302,13.76899719,A4:CF:12,8,wpa2,2024-10-10T08:00:00.000Z,2024-10-10T10:00:00.000Z,Trieste,Friuli-Venezia Giulia,IT,Piazza Giuseppe Verdi,34121
A4:CF:12:64:8A:7D,CFMTDU_71TU0671,53.64860916,-3.00120926,A4:CF:12,9,wpa2,2025-09-02T09:00:00.000Z,2025-09-02T02:00:00.000Z,,England,GB,Hoghton Street,PR9 0TE
A4:CF:12:64:8A:C5,CFMTDU_71TU0622,46.00867844,8.95477104,A4:CF:12,8,wpa2,2025-09-23T07:00:00.000Z,2025-09-23T01:00:00.000Z,Lugano,Ticino,CH,Via Carlo Maderno,6900
A4:CF:12:64:8A:C9,CFMTDU_71TU0636,50.2658844,19.00932693,A4:CF:12,9,wpa2,2024-08-06T06:00:00.000Z,2024-10-29T09:00:00.000Z,Katowice,województwo śląskie,PL,Żelazna,40-851
A4:CF:12:64:8C:85,CFMTDU_71TU0670,41.93736267,12.42824745,A4:CF:12,9,wpa2,2025-12-29T12:00:00.000Z,2025-12-29T05:00:00.000Z,Roma,Lazio,IT,Via della Tenuta di Sant'Agata,00135
A4:CF:12:64:91:F9,CFMTDU_71TU0687,49.72969437,19.67594147,A4:CF:12,7,wpa2,2026-06-08T13:00:00.000Z,2026-06-08T08:00:00.000Z,,województwo małopolskie,PL,Wolności,34-220
A4:CF:12:64:94:21,CFMTDU_71C80041,52.37400818,9.7394371,A4:CF:12,3,wpa2,2023-08-17T11:00:00.000Z,2026-05-29T00:00:00.000Z,Hannover,Niedersachsen,DE,Ständehausstraße,30159
A4:CF:12:64:98:5D,CFMTDU_71HB0250,47.04860306,8.30607414,A4:CF:12,3,wpa2,2020-05-28T09:00:00.000Z,2025-05-27T14:00:00.000Z,Luzern,Luzern,CH,Kantonalbank,6003
A4:CF:12:64:9B:55,CFMTDU_71CN0425,41.15752411,-8.64141178,A4:CF:12,4,wpa2,2024-09-05T16:00:00.000Z,2025-08-05T02:00:00.000Z,Porto,Porto,PT,Rua de António Cardoso,4150-082
A4:CF:12:64:9C:1D,CFMTDU_71TL0218,63.82725906,20.2611618,A4:CF:12,9,wpa2,2026-06-09T11:00:00.000Z,2026-06-28T07:00:00.000Z,Umeå,Västerbottens län,SE,Götgatan,90327
A4:CF:12:64:9C:31,CFMTDU_71TP0307,59.45332718,18.08662987,A4:CF:12,10,wpa2,2021-11-03T14:00:00.000Z,2025-02-15T03:00:00.000Z,,Stockholms län,SE,,183 79
A4:CF:12:64:9C:6D,CFMTDU_71HJ0047,59.91167831,10.7665062,A4:CF:12,5,wpa2,2023-05-02T14:00:00.000Z,2026-05-05T08:00:00.000Z,Oslo,Enerhaugen,NO,Grønlandsleiret,0190
A4:CF:12:64:9C:CD,CFMTDU_71HI0113,53.37351227,10.55624771,A4:CF:12,10,wpa2,2024-03-07T10:00:00.000Z,2025-03-28T04:00:00.000Z,,Schleswig-Holstein,DE,Alte Wache,21481
A4:CF:12:64:9C:E1,CFMTDU_71HI0096,52.52826691,13.37808418,A4:CF:12,5,wpa2,2024-09-17T08:00:00.000Z,2024-09-20T03:00:00.000Z,Berlin,Mitte,DE,Platz vor dem Neuen Tor,10115
A4:CF:12:64:9C:F9,CFMTDU_71HE0021,51.36307526,12.35626984,A4:CF:12,10,wpa2,2026-04-28T13:00:00.000Z,2026-05-03T19:00:00.000Z,Leipzig,Sachsen,DE,Mottelerstraße,04155
A4:CF:12:64:9D:25,CFMTDU_71TQ0106,53.10321426,8.47722149,A4:CF:12,2,wpa2,2025-07-21T08:00:00.000Z,2025-07-21T03:00:00.000Z,,Niedersachsen,DE,Am Bahndamm,27798
A4:CF:12:64:A0:8D,CFMTDU_71T40130,45.48348618,9.18110657,A4:CF:12,4,wpa2,2025-11-18T15:00:00.000Z,2025-11-18T15:00:00.000Z,Milano,Lombardia,IT,Via Ceresio,20154
A4:CF:12:64:A0:CD,CFMTDU_71CN0390,41.22259903,1.72288895,A4:CF:12,8,wpa2,2025-05-23T09:00:00.000Z,2025-05-23T04:00:00.000Z,Vilanova i la Geltrú,Catalunya,ES,Rambla de Salvador Samà,08800
A4:CF:12:64:A1:05,CFMTDU_71T80191,54.71816254,25.28630066,A4:CF:12,9,wpa2,2024-10-28T08:00:00.000Z,2025-01-29T11:00:00.000Z,Vilnius,Vilniaus apskritis,LT,Kalvarijų g.,08313
A4:CF:12:64:A1:2D,CFMTDU_71C80042,52.37401581,9.73913765,A4:CF:12,8,wpa2,2022-06-20T17:00:00.000Z,2025-02-23T09:00:00.000Z,Hannover,Niedersachsen,DE,Georgstraße,30159
A4:CF:12:64:A1:85,CFMTDU_71C80040,52.37406921,9.73984909,A4:CF:12,6,wpa2,2025-02-20T08:00:00.000Z,2025-02-23T09:00:00.000Z,Hannover,Niedersachsen,DE,Opernplatz,30159
A4:CF:12:64:A8:61,Chii-60A864,22.29870224,114.17321014,A4:CF:12,1,wpa2,2025-11-09T16:00:00.000Z,2025-11-09T12:00:00.000Z,九龍 Kowloon,香港 Hong Kong,CN,金馬倫道 Cameron Road,
A4:CF:12:65:BF:54,Bolt,9.93304253,-84.09860992,A4:CF:12,7,unknown,2025-07-29T13:00:00.000Z,2025-08-12T17:00:00.000Z,San José,Provincia San José,CR,Calle Libertad de Prensa,10108
A4:CF:12:65:BF:BC,Bolt,9.93302155,-84.09857178,A4:CF:12,9,unknown,2025-07-29T13:00:00.000Z,2025-08-12T17:00:00.000Z,San José,Provincia San José,CR,Calle Libertad de Prensa,10108
A4:CF:12:65:C2:60,Bolt,9.93286896,-84.09823608,A4:CF:12,7,unknown,2025-07-29T13:00:00.000Z,2025-08-12T17:00:00.000Z,San José,Provincia San José,CR,Calle Libertad de Prensa,10108
A4:CF:12:65:C2:70,Bolt,9.93286419,-84.09838867,A4:CF:12,1,unknown,2025-07-29T13:00:00.000Z,2025-08-12T17:00:00.000Z,San José,Provincia San José,CR,Calle Libertad de Prensa,10108
A4:CF:12:65:C2:74,Bolt,9.93286228,-84.09853363,A4:CF:12,4,unknown,2025-07-29T13:00:00.000Z,2025-08-12T17:00:00.000Z,San José,Provincia San José,CR,Calle Libertad de Prensa,10108
A4:CF:12:65:C7:4C,Bolt,9.9328928,-84.09843445,A4:CF:12,5,unknown,2025-07-29T13:00:00.000Z,2025-08-12T17:00:00.000Z,San José,Provincia San José,CR,Calle Libertad de Prensa,10108
A4:CF:12:65:C7:F0,Bolt,9.93286514,-84.0983429,A4:CF:12,9,unknown,2025-07-29T13:00:00.000Z,2025-08-12T17:00:00.000Z,,Provincia San José,CR,Acera Sabana Este,10108
A4:CF:12:65:C8:EC,Bolt,9.93277931,-84.09844208,A4:CF:12,7,unknown,2025-07-29T13:00:00.000Z,2025-08-12T17:00:00.000Z,San José,Provincia San José,CR,Calle Libertad de Prensa,10108
A4:CF:12:65:C8:FC,Bolt,9.93292809,-84.09864044,A4:CF:12,8,unknown,2025-07-29T13:00:00.000Z,2025-08-12T17:00:00.000Z,San José,Provincia San José,CR,Calle Libertad de Prensa,10108
A4:CF:12:65:C9:04,Bolt,9.9328804,-84.09840393,A4:CF:12,4,unknown,2025-07-29T13:00:00.000Z,2025-08-12T17:00:00.000Z,San José,Provincia San José,CR,Calle Libertad de Prensa,10108
A4:CF:12:65:C9:0C,Bolt,9.93297577,-84.09851837,A4:CF:12,4,unknown,2025-07-29T13:00:00.000Z,2025-08-12T17:00:00.000Z,San José,Provincia San José,CR,Calle Libertad de Prensa,10108
A4:CF:12:65:C9:10,Bolt,9.93291378,-84.09864807,A4:CF:12,10,unknown,2025-07-29T13:00:00.000Z,2025-08-12T17:00:00.000Z,San José,Provincia San José,CR,Calle Libertad de Prensa,10108
A4:CF:12:65:E6:40,Bolt,9.93278027,-84.09848785,A4:CF:12,7,unknown,2025-07-29T13:00:00.000Z,2025-08-12T17:00:00.000Z,San José,Provincia San José,CR,Calle Libertad de Prensa,10108
A4:CF:12:66:06:E1,PerlaSilk_21RW-B9SH,50.48164368,19.40935707,A4:CF:12,1,unknown,2026-04-11T10:00:00.000Z,2026-04-11T06:00:00.000Z,,województwo śląskie,PL,Rzemieślnicza,42-400
A4:CF:12:6A:1B:C1,Tactus-LDR-Lamp,33.80981827,-118.30185699,A4:CF:12,7,none,2020-12-31T23:00:00.000Z,2024-11-17T14:00:00.000Z,Los Angeles,CA,US,Oakhorne Drive,90710
A4:CF:12:6A:47:AD,WcSerwisLodz,51.21039581,17.39489174,A4:CF:12,1,wpa2,2026-06-25T14:00:00.000Z,2026-06-26T13:00:00.000Z,,województwo dolnośląskie,PL,Wileńska,56-400
A4:CF:12:6A:65:85,CoreGSM_313b,45.80427551,16.22636223,A4:CF:12,1,wpa2,2026-01-21T11:00:00.000Z,2026-03-29T10:00:00.000Z,,Zagrebačka županija,HR,,10370
A4:CF:12:6A:71:6D,Mysa-6a716c,38.84676361,-104.80623627,A4:CF:12,1,unknown,2026-04-11T18:00:00.000Z,2026-04-16T08:00:00.000Z,Colorado Springs,CO,US,Custer Avenue,80903
A4:CF:12:6A:71:C1,Mysa-6a71c0,48.4536705,-123.50325012,A4:CF:12,1,none,2026-04-22T17:00:00.000Z,2026-04-22T11:00:00.000Z,Langford,British Columbia,CA,Brock Avenue,V9B 3V3
A4:CF:12:6A:9B:4D,TM_IoT-GW-7700,49.26609802,-123.10940552,A4:CF:12,1,wpa2,2022-11-09T16:00:00.000Z,2026-07-30T15:00:00.000Z,Vancouver,British Columbia,CA,Columbia Street,V5Y
A4:CF:12:6B:3A:BD,ESP_XBee_6B3ABD,62.72969055,23.52725601,A4:CF:12,10,unknown,2025-07-02T07:00:00.000Z,2025-07-02T02:00:00.000Z,,Manner-Suomi,FI,Alavudentie,63130
A4:CF:12:6B:53:75,Pc Room Sensor Relay,55.84202957,-4.43684816,A4:CF:12,1,wpa2,2025-07-05T14:00:00.000Z,2025-07-05T08:00:00.000Z,,Alba / Scotland,GB,Canal Street,PA1 2HQ
A4:CF:12:6B:D0:5D,MyStove_A4:CF:12:6B:D0:5C,39.39306259,16.23806572,A4:CF:12,5,unknown,2025-09-08T15:00:00.000Z,2025-09-08T09:00:00.000Z,,Calabria,IT,Viale Trieste,87040
A4:CF:12:6B:E2:CA,Pure_Scan,51.98075867,7.28889704,A4:CF:12,1,unknown,2026-04-05T15:00:00.000Z,2026-04-05T10:00:00.000Z,,Nordrhein-Westfalen,DE,Zu den Alstätten,48727
A4:CF:12:6C:17:89,OTTEK_SIGN_HD,51.05042648,-1.24476433,A4:CF:12,1,wpa2,2026-08-13T13:00:00.000Z,2026-08-29T19:00:00.000Z,Winchester,England,GB,The Stairs,SO21 1HL
A4:CF:12:6C:2D:FD,Lodgi,53.93240356,27.43764305,A4:CF:12,8,wpa2,2026-05-15T09:00:00.000Z,2026-08-28T10:00:00.000Z,Минск,Домбровка,BY,Люцинская улица,220055
A4:CF:12:6C:B5:E9,GAZ0392,3.16035724,101.69698334,A4:CF:12,1,wpa2,2024-10-02T17:00:00.000Z,2024-10-05T09:00:00.000Z,Kuala Lumpur,Chow Kit,MY,Jalan Tuanku Abdul Rahman,50350
A4:CF:12:6C:F6:C5,Maquete,-29.78972054,-50.03427124,A4:CF:12,1,unknown,2026-01-31T03:00:00.000Z,2026-02-07T11:00:00.000Z,,Rio Grande do Sul,BR,Avenida Paraguassu,95588-000
A4:CF:12:6D:86:99,ESPT,52.28144073,4.48294926,A4:CF:12,6,wpa2,2026-07-24T18:00:00.000Z,2026-07-24T12:00:00.000Z,,Zuid-Holland,NL,Fietspad Randweg,2204BD
A4:CF:12:6D:A2:F9,M5F9P1080,35.00889206,135.76914978,A4:CF:12,6,wpa2,2024-10-25T09:00:00.000Z,2024-10-26T01:00:00.000Z,京都市,京都府,JP,河原町通,604-8006
A4:CF:12:6D:F7:F9,ESP_6DF7F9,52.00967407,4.29129982,A4:CF:12,1,unknown,2026-06-10T05:00:00.000Z,2026-06-09T23:00:00.000Z,,Zuid-Holland,NL,Wippolderlaan,2291HG
A4:CF:12:6E:3F:E8,,39.09962845,-108.58144379,A4:CF:12,11,none,2026-08-31T12:00:00.000Z,2026-08-31T12:00:00.000Z,Grand Junction,CO,US,Ignacio Street,81505WAY 0
A4:CF:12:6E:7F:88,,47.451931,-122.14512634,A4:CF:12,6,wpa2,2026-08-01T21:00:00.000Z,2026-08-01T15:00:00.000Z,,WA,US,Southeast Fairwood Boulevard,98058
A4:CF:12:6E:84:78,,40.01682663,-85.93795776,A4:CF:12,8,unknown,2024-04-06T10:00:00.000Z,2024-09-16T12:00:00.000Z,,IN,US,Boden Road,46060
A4:CF:12:6E:8A:6C,,40.19801331,-76.95523071,A4:CF:12,6,wpa2,2026-08-13T16:00:00.000Z,2026-08-13T11:00:00.000Z,Upper Allen Township,PA,US,Pennsylvania Turnpike,17055
A4:CF:12:6E:93:19,ESP_6E9319,40.26010895,-74.76641846,A4:CF:12,1,unknown,2026-08-22T22:00:00.000Z,2026-08-24T13:00:00.000Z,,NJ,US,Knight Lane,08638
A4:CF:12:6E:9D:00,,40.76454163,-73.96151733,A4:CF:12,14,unknown,2024-07-10T03:00:00.000Z,2025-09-17T21:00:00.000Z,City of New York,NY,US,2nd Avenue,10065
A4:CF:12:6E:A7:1C,,47.27193451,-122.29234314,A4:CF:12,1,wpa2,2026-08-11T14:00:00.000Z,2026-08-12T18:00:00.000Z,,WA,US,32nd Avenue South,98001
A4:CF:12:6E:B0:41,ESP_6EB041,34.25407028,-84.35100555,A4:CF:12,1,unknown,2024-06-12T22:00:00.000Z,2024-12-22T12:00:00.000Z,,GA,US,Cumming Highway,30115
A4:CF:12:6E:B2:F9,ESP_6EB2F9,39.36702728,-120.17307281,A4:CF:12,1,unknown,2024-06-30T13:00:00.000Z,2025-09-29T19:00:00.000Z,,CA,US,Pine Forest Road,96161
A4:CF:12:6E:BE:F0,,34.55033112,-82.62404633,A4:CF:12,2,unknown,2025-07-25T19:00:00.000Z,2025-07-25T14:00:00.000Z,,SC,US,Edisto Road,29621
A4:CF:12:6E:C0:E2,,40.02772141,-86.17263031,A4:CF:12,0,none,2026-07-21T00:00:00.000Z,2026-07-20T22:00:00.000Z,,IN,US,Burgess Hill Pass,46069:46074
A4:CF:12:6E:CE:B5,ESP_6ECEB5,38.94408798,-76.97968292,A4:CF:12,1,none,2026-05-26T21:00:00.000Z,2026-05-28T05:00:00.000Z,Washington,DC,US,Michigan Avenue Northeast,20017
A4:CF:12:6E:EB:0D,ESP_6EEB0D,40.11436844,-76.48144531,A4:CF:12,1,unknown,2023-01-21T18:00:00.000Z,2024-10-27T16:00:00.000Z,,PA,US,Cantebury Drive,17552
A4:CF:12:6E:ED:89,ESP_6EED89,33.66093063,-95.53160858,A4:CF:12,1,unknown,2025-01-07T20:00:00.000Z,2025-03-20T22:00:00.000Z,,TX,US,Lamar Avenue,75460
A4:CF:12:6E:FE:45,ESP_6EFE45,37.20962524,-93.23931122,A4:CF:12,1,none,2025-09-20T02:00:00.000Z,2025-09-19T21:00:00.000Z,Springfield,MO,US,East Chestnut Expressway,65897
A4:CF:12:6F:01:0C,,30.52216911,-97.81580353,A4:CF:12,8,none,2026-08-25T13:00:00.000Z,2026-08-25T13:00:00.000Z,Cedar Park,TX,US,183A Toll Road,78613-2277
A4:CF:12:6F:0D:D8,,33.93533707,-117.42611694,A4:CF:12,10,wpa2,2026-08-09T05:00:00.000Z,2026-08-08T23:00:00.000Z,Riverside,CA,US,Adams Street,92504
A4:CF:12:6F:29:80,,47.19898987,-122.41277313,A4:CF:12,3,wpa2,2026-08-06T23:00:00.000Z,2026-08-06T17:00:00.000Z,Tacoma,WA,US,East 64th Street,98443
A4:CF:12:6F:49:E9,ESP_6F49E9,30.83683586,-83.98130035,A4:CF:12,1,unknown,2025-04-12T17:00:00.000Z,2025-04-13T09:00:00.000Z,,GA,US,North Madison Street,31792
A4:CF:12:6F:55:70,,38.88199997,-75.37811279,A4:CF:12,3,none,2026-08-31T11:00:00.000Z,2026-08-31T09:00:00.000Z,,DE,US,Johnson Road,19960
A4:CF:12:6F:80:55,ESP_6F8055,47.51997375,-92.53127289,A4:CF:12,1,unknown,2023-10-27T03:00:00.000Z,2026-08-16T13:00:00.000Z,,MN,US,South 1st Avenue West,55792
A4:CF:12:6F:85:55,ESP_6F8555,38.94748306,-77.02684784,A4:CF:12,1,unknown,2025-03-13T13:00:00.000Z,2026-07-20T22:00:00.000Z,Washington,DC,US,Georgia Avenue Northwest,20011
A4:CF:12:6F:86:01,ESP_6F8601,39.39451981,-77.62993622,A4:CF:12,1,unknown,2025-12-21T17:00:00.000Z,2026-05-04T09:00:00.000Z,,MD,US,West Main Street,21718
A4:CF:12:6F:8D:D5,ESP_6F8DD5,48.05446625,-117.35139465,A4:CF:12,1,unknown,2025-06-22T00:00:00.000Z,2025-06-22T15:00:00.000Z,,WA,US,Tamarack Lane,
A4:CF:12:6F:8F:E1,ESP_6F8FE1,33.86237717,-118.3519516,A4:CF:12,1,unknown,2026-04-21T01:00:00.000Z,2026-04-20T18:00:00.000Z,Torrance,CA,US,Hawthorne Boulevard,90503
A4:CF:12:6F:92:1C,,42.38576508,-83.26165771,A4:CF:12,6,none,2026-08-26T13:00:00.000Z,2026-08-26T11:00:00.000Z,Detroit,MI,US,Edward J. Jeffries Freeway,48223
A4:CF:12:6F:95:99,,30.63230133,-97.70056152,A4:CF:12,0,unknown,2024-10-22T07:00:00.000Z,2024-10-22T17:00:00.000Z,,TX,US,Wolf Ranch Parkway,78626
A4:CF:12:6F:A9:6D,Wireless_Pirate_Access_2,43.92666245,4.84931087,A4:CF:12,1,wpa2,2025-03-29T00:00:00.000Z,2025-03-28T17:00:00.000Z,Avignon,Provence-Alpes-Côte d'Azur,FR,Chemin de la Cristole,84000
A4:CF:12:6F:A9:70,,27.99799538,-82.23609924,A4:CF:12,11,none,2026-08-20T09:00:00.000Z,2026-08-20T12:00:00.000Z,,FL,US,Gavin Road,33527
A4:CF:12:6F:AD:DC,<hidden>,43.17980576,-77.53442383,A4:CF:12,3,none,2026-08-09T21:00:00.000Z,2026-08-09T14:00:00.000Z,Town of Irondequoit,NY,US,Keswick Road,14609
A4:CF:12:6F:C1:D0,,29.67437553,-82.43842316,A4:CF:12,6,none,2026-08-26T13:00:00.000Z,2026-08-26T13:00:00.000Z,,FL,US,Northwest 23rd Avenue,32606
A4:CF:12:6F:C6:0C,,36.07094193,-115.07611847,A4:CF:12,0,unknown,2025-06-01T18:00:00.000Z,2026-04-11T19:00:00.000Z,Henderson,NV,US,East Sunset Road,89014-2132
A4:CF:12:6F:EF:91,ESP_6FEF91,43.04820633,-87.89953613,A4:CF:12,1,none,2024-07-20T20:00:00.000Z,2025-11-06T11:00:00.000Z,Milwaukee,WI,US,East Ogden Avenue,53202
A4:CF:12:6F:F0:DD,ESP_6FF0DD,43.52472305,-96.83333588,A4:CF:12,1,unknown,2024-05-25T04:00:00.000Z,2026-03-21T14:00:00.000Z,Sioux Falls,SD,US,South June Avenue,57106
A4:CF:12:6F:FA:51,ESP_6FFA51,37.18424606,-93.2861557,A4:CF:12,1,unknown,2024-09-07T00:00:00.000Z,2024-10-03T18:00:00.000Z,Springfield,MO,US,East Stanford Street,65807
A4:CF:12:70:23:29,ESP_702329,40.05368805,-83.02759552,A4:CF:12,1,unknown,2022-08-07T09:00:00.000Z,2025-12-05T15:00:00.000Z,Columbus,OH,US,Olentangy Boulevard,43214
A4:CF:12:70:4A:55,ESP_704A55,34.01177216,-118.44469452,A4:CF:12,1,unknown,2025-10-12T04:00:00.000Z,2025-10-11T22:00:00.000Z,Los Angeles,CA,US,Stewart Avenue,90066-3941
A4:CF:12:70:61:58,,40.73524857,-73.52079773,A4:CF:12,13,unknown,2025-02-23T20:00:00.000Z,2025-02-23T15:00:00.000Z,Levittown,NY,US,Peony Road,11756
A4:CF:12:70:9A:A1,ESP_709AA1,40.40364456,-74.4239502,A4:CF:12,1,none,2024-10-10T12:00:00.000Z,2024-11-01T18:00:00.000Z,,NJ,US,Fern Road,08816
A4:CF:12:70:A1:7C,,41.48973465,-81.77824402,A4:CF:12,6,unknown,2024-10-19T17:00:00.000Z,2024-10-19T11:00:00.000Z,,OH,US,Clifton Boulevard,44102:44111
A4:CF:12:70:AF:C0,MySpectrumWiFi10-2G,34.12179565,-117.62680817,A4:CF:12,6,none,2023-12-14T23:00:00.000Z,2026-08-28T21:00:00.000Z,,CA,US,Upland Hills Drive North,91784
A4:CF:12:70:B0:DD,ESP_70B0DD,36.34020615,-82.20987701,A4:CF:12,1,none,2026-06-15T14:00:00.000Z,2026-06-18T12:00:00.000Z,,TN,US,Arney Street,37643
A4:CF:12:70:B1:3D,ESP_70B13D,47.3969841,-122.18685913,A4:CF:12,1,none,2024-10-25T20:00:00.000Z,2024-10-25T16:00:00.000Z,,WA,US,Southeast 228th Place,98031
A4:CF:12:70:B9:44,,26.18102837,-80.21883392,A4:CF:12,1,unknown,2026-06-06T02:00:00.000Z,2026-06-07T09:00:00.000Z,,FL,US,Florida's Turnpike,33319
A4:CF:12:70:B9:60,,39.91802979,-86.02515411,A4:CF:12,6,unknown,2026-08-08T22:00:00.000Z,2026-08-08T18:00:00.000Z,Indianapolis,IN,US,Lisering Circle,46256
A4:CF:12:70:D7:2C,,39.94906998,-86.04977417,A4:CF:12,0,unknown,2024-09-17T02:00:00.000Z,2025-07-16T19:00:00.000Z,,IN,US,Avila Way,46038
A4:CF:12:71:04:D1,ESP_7104D1,44.83927917,-93.80514526,A4:CF:12,1,none,2025-01-25T20:00:00.000Z,2025-01-26T12:00:00.000Z,,MN,US,Creekside Drive,55387
A4:CF:12:71:16:B4,,47.25388718,-122.47137451,A4:CF:12,11,wpa2,2026-07-17T17:00:00.000Z,2026-07-19T10:00:00.000Z,Tacoma,WA,US,South Oakes Street,98406-6216
A4:CF:12:71:1D:3C,,47.19182587,-122.38893127,A4:CF:12,4,wpa2,2026-07-25T19:00:00.000Z,2026-08-28T17:00:00.000Z,,WA,US,72nd Street East,98443
A4:CF:12:71:23:50,,35.69582748,-88.82693481,A4:CF:12,7,none,2026-08-10T18:00:00.000Z,2026-08-10T17:00:00.000Z,Jackson,TN,US,East University Parkway,38305
A4:CF:12:71:51:68,,28.059021,-82.7637558,A4:CF:12,8,unknown,2025-05-30T22:00:00.000Z,2025-05-30T21:00:00.000Z,Palm Harbor,FL,US,Omaha Street,34683
A4:CF:12:71:67:D9,ESP_7167D9,29.04458427,-95.40898132,A4:CF:12,1,none,2026-07-19T19:00:00.000Z,2026-07-19T21:00:00.000Z,,TX,US,College Boulevard,77531
A4:CF:12:71:6A:A1,ESP_716AA1,47.61029816,-122.19529724,A4:CF:12,1,unknown,2026-02-11T22:00:00.000Z,2026-02-11T15:00:00.000Z,Bellevue,WA,US,Main Street,98004-5983
A4:CF:12:71:86:45,ESP_718645,38.95551682,-94.84407043,A4:CF:12,1,none,2023-05-13T16:00:00.000Z,2026-03-04T12:00:00.000Z,Lenexa,KS,US,Monticello Road,66220
A4:CF:12:71:A7:1C,,34.02598953,-118.43213654,A4:CF:12,1,wpa2,2026-08-05T18:00:00.000Z,2026-08-05T17:00:00.000Z,Los Angeles,CA,US,National Boulevard,90064-1508
A4:CF:12:71:A8:ED,ESP_71A8ED,36.19584274,-115.17095184,A4:CF:12,1,unknown,2022-11-08T14:00:00.000Z,2025-03-21T13:00:00.000Z,Las Vegas,NV,US,West Lake Mead Boulevard,89106
A4:CF:12:71:B4:58,,44.11923981,-70.23296356,A4:CF:12,7,none,2026-08-30T12:00:00.000Z,2026-08-30T19:00:00.000Z,Auburn,ME,US,Turner Street,04210
A4:CF:12:71:BA:55,ESP_71BA55,40.21992111,-77.00601196,A4:CF:12,1,unknown,2025-06-07T17:00:00.000Z,2025-06-07T12:00:00.000Z,,PA,US,North Walnut Street,17055
A4:CF:12:71:DD:C4,,35.74830627,-78.78261566,A4:CF:12,1,wpa2,2026-05-31T22:00:00.000Z,2026-05-31T16:00:00.000Z,,NC,US,Kildaire Farm Road,27511-5525
A4:CF:12:71:E0:D5,ESP_71E0D5,33.50937271,-117.10379791,A4:CF:12,1,none,2024-09-15T22:00:00.000Z,2026-08-13T15:00:00.000Z,Temecula,CA,US,Rancho Vista Road,92591-5284
A4:CF:12:72:12:18,,30.19828224,-98.10694122,A4:CF:12,0,unknown,2026-02-02T09:00:00.000Z,2026-06-01T05:00:00.000Z,Dripping Springs,TX,US,West US Highway 290,
A4:CF:12:72:1A:B8,,32.66308594,-95.48571777,A4:CF:12,11,none,2026-08-15T13:00:00.000Z,2026-08-15T12:00:00.000Z,,TX,US,East Broad Street,75773
A4:CF:12:72:1D:99,MYJNIA_a4cf12721d98,50.09051514,20.00464439,A4:CF:12,1,wpa2,2026-08-25T14:00:00.000Z,2026-08-25T05:00:00.000Z,,województwo małopolskie,PL,Wiślicka,31-609
A4:CF:12:72:3E:EC,,39.74093628,-85.68816376,A4:CF:12,12,unknown,2024-04-06T03:00:00.000Z,2024-09-16T12:00:00.000Z,,IN,US,600 E,46161
A4:CF:12:72:54:94,,39.22332382,-94.52776337,A4:CF:12,6,wpa2,2026-07-11T12:00:00.000Z,2026-07-11T06:00:00.000Z,Kansas City,MO,US,Northeast 71st Terrace,64119
A4:CF:12:72:AA:65,#TEMORA_PJJ2968,-12.55231094,-38.70264053,A4:CF:12,3,wpa2,2025-05-21T20:00:00.000Z,2025-05-21T13:00:00.000Z,,Bahia,BR,Avenida Garcia,44200000
A4:CF:12:72:FF:61,NeoGSMIP,50.144207,18.99293137,A4:CF:12,1,wpa2,2025-12-01T12:00:00.000Z,2026-01-04T06:00:00.000Z,Tychy,województwo śląskie,PL,Cyprysowa,43-100
A4:CF:12:73:3F:69,ESP_733F69,31.28121948,120.54867554,A4:CF:12,1,unknown,2001-01-01T00:00:00.000Z,2026-06-15T00:00:00.000Z,虎丘区,江苏省,CN,长江路,215129
A4:CF:12:74:34:C9,PixlDrive_7434CB,59.91672897,10.75274467,A4:CF:12,6,unknown,2022-08-24T07:00:00.000Z,2026-06-08T13:00:00.000Z,Oslo,Hausmannskvartalene,NO,Torggata,0183
A4:CF:12:74:A1:D8,Bolt,9.93278408,-84.09867859,A4:CF:12,7,unknown,2025-07-29T13:00:00.000Z,2025-08-12T17:00:00.000Z,San José,Provincia San José,CR,Calle Libertad de Prensa,10108
A4:CF:12:75:1E:B1,#TEMORA_RPS3E68,-12.11292934,-38.43774033,A4:CF:12,11,wpa2,2024-12-09T13:00:00.000Z,2024-12-09T05:00:00.000Z,Alagoinhas,Bahia,BR,Rua Conselheiro Juqueira,48090-020
A4:CF:12:75:66:51,#TEMORA_SJS1C94,-12.22220039,-38.951931,A4:CF:12,2,wpa2,2024-09-11T22:00:00.000Z,2025-07-16T13:00:00.000Z,Feira de Santana,Bahia,BR,Avenida Francisco Fraga Maia,44056232
A4:CF:12:75:8D:D5,Lunix-D442,-29.69429398,-53.74731064,A4:CF:12,1,wpa2,2024-08-19T13:00:00.000Z,2025-06-04T13:00:00.000Z,Santa Maria,Rio Grande do Sul,BR,Avenida Prefeito Evandro Behr,97110-800
A4:CF:12:75:BA:F1,vsc111,55.8312645,37.6275444,A4:CF:12,1,unknown,2022-05-06T19:00:00.000Z,2025-11-08T07:00:00.000Z,Москва,Москва,RU,проспект Мира (дублёр),129366
A4:CF:12:76:79:F1,ESPR,52.28142929,4.48301792,A4:CF:12,6,wpa2,2026-07-31T18:00:00.000Z,2026-08-23T08:00:00.000Z,,Zuid-Holland,NL,Randweg,2204BD
A4:CF:12:76:EC:A8,,31.10343933,-81.59708405,A4:CF:12,11,unknown,2024-10-05T16:00:00.000Z,2024-10-05T16:00:00.000Z,,GA,US,I 95,31565
A4:CF:12:76:EF:AD,obniz-64866581,36.56909943,136.60238647,A4:CF:12,1,unknown,2026-02-08T22:00:00.000Z,2026-02-09T15:00:00.000Z,金沢市,石川県,JP,国道8号,921-8051
A4:CF:12:77:22:11,Mysa-772210,48.49703217,-123.39496613,A4:CF:12,6,none,2026-05-05T23:00:00.000Z,2026-05-05T16:00:00.000Z,,British Columbia,CA,Wilkinson Road,V8Z 3G3
A4:CF:12:77:22:49,Mysa-772248,49.26657104,-123.11948395,A4:CF:12,1,unknown,2026-05-28T08:00:00.000Z,2026-06-02T15:00:00.000Z,Vancouver,British Columbia,CA,Moberly Road,V5Z
A4:CF:12:77:22:61,Mysa-772260,49.26709747,-123.11995697,A4:CF:12,1,unknown,2026-07-09T18:00:00.000Z,2026-07-22T00:00:00.000Z,Vancouver,British Columbia,CA,Millbank,V5Z
A4:CF:12:77:23:5D,Mysa-77235c,49.23923111,-123.1029129,A4:CF:12,1,unknown,2026-04-26T18:00:00.000Z,2026-04-26T14:00:00.000Z,Vancouver,British Columbia,CA,Quebec Street,V5W 2N3
A4:CF:12:77:23:69,Mysa-772368,49.23914719,-123.10287476,A4:CF:12,6,unknown,2026-04-26T18:00:00.000Z,2026-04-26T14:00:00.000Z,Vancouver,British Columbia,CA,Quebec Street,V5W 2N3
A4:CF:12:77:24:F1,Mysa-7724f0,55.34114075,-131.64108276,A4:CF:12,6,unknown,2025-08-10T17:00:00.000Z,2025-08-24T16:00:00.000Z,Ketchikan,AK,US,Stedman Street,99901
A4:CF:12:77:28:2D,Mysa-77282c,49.28434372,-123.05870056,A4:CF:12,1,unknown,2025-08-04T03:00:00.000Z,2025-08-03T21:00:00.000Z,Vancouver,British Columbia,CA,Triumph Street,V5K
A4:CF:12:77:2A:91,Mysa-772a90,48.49768066,-123.39430237,A4:CF:12,6,unknown,2026-07-04T20:00:00.000Z,2026-07-05T09:00:00.000Z,,British Columbia,CA,Wilkinson Road,V8Z 3G3
A4:CF:12:77:2E:2D,Mysa-772e2c,48.46583176,-123.39030457,A4:CF:12,1,unknown,2025-02-18T15:00:00.000Z,2025-08-28T05:00:00.000Z,,British Columbia,CA,Carey Road,V8Z 6Z2
A4:CF:12:77:64:55,Mysa-776454,44.29461288,-88.39072418,A4:CF:12,11,unknown,2026-08-03T23:00:00.000Z,2026-08-04T00:00:00.000Z,Appleton,WI,US,East Capitol Drive,54911
A4:CF:12:77:77:7D,Mysa-77777c,40.71557617,-74.00784302,A4:CF:12,1,none,2026-08-20T11:00:00.000Z,2026-08-24T17:00:00.000Z,City of New York,NY,US,Reade Street,10013
A4:CF:12:77:7D:29,Mysa-777d28,37.33940506,-121.99630737,A4:CF:12,1,unknown,2025-09-21T03:00:00.000Z,2026-08-13T18:00:00.000Z,Sunnyvale,CA,US,Lochinvar Avenue,95051-8101
A4:CF:12:77:C7:78,,47.72014618,-116.93714905,A4:CF:12,9,none,2026-08-25T06:00:00.000Z,2026-08-25T07:00:00.000Z,,ID,US,North Idaho Road,83854
A4:CF:12:77:D1:B9,Mysa-77d1b8,39.91562271,-105.78294373,A4:CF:12,1,unknown,2026-08-08T15:00:00.000Z,2026-08-23T21:00:00.000Z,,CO,US,US-40,80482
A4:CF:12:78:59:91,apa,57.69088745,11.95191193,A4:CF:12,5,wpa2,2025-10-09T14:00:00.000Z,2025-10-09T10:00:00.000Z,Göteborg,Västra Götalands län,SE,Linnéplatsen,413 10
A4:CF:12:78:5C:55,lexpump,57.69115067,11.95201397,A4:CF:12,5,unknown,2026-02-17T05:00:00.000Z,2026-02-16T22:00:00.000Z,Göteborg,Västra Götalands län,SE,Linnégatan,413 10
A4:CF:12:78:7D:14,,40.57150269,-74.25106049,A4:CF:12,4,unknown,2025-10-12T15:00:00.000Z,2025-10-12T11:00:00.000Z,Carteret,NJ,US,New Jersey Turnpike,07064
A4:CF:12:78:91:A0,,45.79628754,-111.21899414,A4:CF:12,1,none,2026-08-24T14:00:00.000Z,2026-08-24T17:00:00.000Z,,MT,US,I 90,59714
A4:CF:12:78:BE:A9,Mysa-78bea8,45.44166565,-75.73724365,A4:CF:12,6,unknown,2026-09-02T09:00:00.000Z,2026-09-02T02:00:00.000Z,Gatineau,Québec,CA,Rue Fortier,J8Y 4R5
A4:CF:12:78:E4:BD,Mysa-78e4bc,50.71388245,-119.25891113,A4:CF:12,6,unknown,2026-07-22T19:00:00.000Z,2026-07-22T13:00:00.000Z,,British Columbia,CA,19 Avenue Northeast,V1E 2G3
A4:CF:12:79:0F:11,Mysa-790f10,45.46643829,-73.62448883,A4:CF:12,5,unknown,2022-04-25T10:00:00.000Z,2026-03-09T15:00:00.000Z,Montréal,Québec,CA,Avenue Kensington,H3X 2B6
A4:CF:12:79:39:78,,34.86129379,-89.70575714,A4:CF:12,1,unknown,2026-05-30T20:00:00.000Z,2026-06-03T20:00:00.000Z,,MS,US,I 22;US 78,38611:38654
A4:CF:12:79:3F:38,,29.39397812,-98.48355103,A4:CF:12,1,unknown,2025-11-01T16:00:00.000Z,2025-11-03T15:00:00.000Z,San Antonio,TX,US,Jose Lopez Freeway,78210
A4:CF:12:79:43:54,,41.59211349,-83.71260071,A4:CF:12,11,none,2026-08-17T16:00:00.000Z,2026-08-17T18:00:00.000Z,,OH,US,Ohio Turnpike,43537
A4:CF:12:79:49:85,Mysa-794984,45.62789536,-73.60084534,A4:CF:12,1,unknown,2024-04-06T11:00:00.000Z,2025-02-07T15:00:00.000Z,Montréal,Québec,CA,Rue Adrien Hébert,H1E 3Y1
A4:CF:12:79:61:34,,32.70174789,-86.52149963,A4:CF:12,1,unknown,2026-07-17T21:00:00.000Z,2026-07-18T19:00:00.000Z,,AL,US,I 65,36051
A4:CF:12:79:77:18,,35.14768219,-90.2835083,A4:CF:12,4,none,2026-08-15T09:00:00.000Z,2026-08-15T19:00:00.000Z,,AR,US,I 40,72332
A4:CF:12:79:7C:D0,,40.0007019,-86.0067749,A4:CF:12,0,unknown,2024-06-17T08:00:00.000Z,2024-09-16T12:00:00.000Z,,IN,US,East 146th Street,46038
A4:CF:12:79:94:48,,41.58101273,-93.74929047,A4:CF:12,0,unknown,2026-06-14T11:00:00.000Z,2026-08-21T00:00:00.000Z,West Des Moines,IA,US,Meadow Lane,50265
A4:CF:12:79:96:C8,,40.81580353,-73.08493042,A4:CF:12,2,unknown,2025-08-09T17:00:00.000Z,2025-08-09T17:00:00.000Z,,NY,US,Long Island Expressway,11741
A4:CF:12:79:9A:C4,Swift House,38.59664154,-77.80118561,A4:CF:12,7,unknown,2025-10-13T18:00:00.000Z,2025-11-09T13:00:00.000Z,,VA,US,James Madison Highway,22734
A4:CF:12:79:A5:59,Mysa-79a558,49.27323914,-123.06960297,A4:CF:12,11,unknown,2024-11-11T20:00:00.000Z,2025-05-11T17:00:00.000Z,Vancouver,British Columbia,CA,Commercial Drive,V5L
A4:CF:12:79:A5:69,Mysa-79a568,47.71841431,-122.18854523,A4:CF:12,6,none,2025-11-27T19:00:00.000Z,2026-06-19T16:00:00.000Z,,WA,US,Northeast 132nd Street,98034
A4:CF:12:79:A6:0D,Mysa-79a60c,49.27300262,-123.06960297,A4:CF:12,1,unknown,2024-09-24T00:00:00.000Z,2026-08-01T16:00:00.000Z,Vancouver,British Columbia,CA,Commercial Drive,V5L
A4:CF:12:79:BA:11,CFMSST_AM000211,51.02177048,3.71818781,A4:CF:12,1,wpa2,2024-06-14T13:00:00.000Z,2025-10-08T12:00:00.000Z,,Oost-Vlaanderen,BE,Rerum-Novarumplein,9000
A4:CF:12:79:C2:09,CFMSST_AC100164,44.42535019,26.14512825,A4:CF:12,10,wpa2,2020-07-24T18:00:00.000Z,2026-05-30T05:00:00.000Z,Municipiul București,Dudeşti,RO,Strada Baba Novac,031623
A4:CF:12:79:C2:C5,CFMSST_AA100429,39.91798782,-8.62896824,A4:CF:12,3,wpa2,2025-11-17T12:00:00.000Z,2026-03-24T07:00:00.000Z,Pombal,Leiria,PT,Rua 31 de Janeiro,3100-494
A4:CF:12:79:C3:35,CFMSST_AM101181,51.19253922,6.51894951,A4:CF:12,3,wpa2,2022-09-20T17:00:00.000Z,2026-04-05T03:00:00.000Z,,Nordrhein-Westfalen,DE,Regentenstraße,41352
A4:CF:12:79:C4:2D,CFMSST_AA100427,38.75450516,-9.18711472,A4:CF:12,1,wpa2,2022-12-03T21:00:00.000Z,2025-09-18T08:00:00.000Z,Lisboa,Lisboa,PT,Avenida Lusíada,1500-392
A4:CF:12:79:C4:81,CFMSST_AM200400,-34.90496826,138.53115845,A4:CF:12,7,wpa2,2020-08-03T15:00:00.000Z,2026-07-16T19:00:00.000Z,Adelaide,South Australia,AU,Grange Road,5023
A4:CF:12:79:C4:FD,CFMSST_AM101286,50.64352036,13.83166599,A4:CF:12,11,wpa2,2026-02-08T14:00:00.000Z,2026-02-08T08:00:00.000Z,Teplice,Severozápad,CZ,Mrštíkova,41501
A4:CF:12:79:C6:79,CFMSST_AM200367,-33.87622452,151.24287415,A4:CF:12,3,wpa2,2024-12-04T00:00:00.000Z,2024-12-03T16:00:00.000Z,Sydney,New South Wales,AU,Cross Street,2028
A4:CF:12:79:C6:C5,CFMSST_AS200121,60.18236923,24.92632103,A4:CF:12,6,wpa2,2021-05-04T13:00:00.000Z,2026-02-10T06:00:00.000Z,Helsinki,Manner-Suomi,FI,Mannerheimintie,00260
A4:CF:12:79:C7:95,CFMSST_AM000194,-41.07141113,145.90074158,A4:CF:12,4,wpa2,2023-04-25T17:00:00.000Z,2025-01-11T04:00:00.000Z,Burnie,Tasmania,AU,Mount Street,7320
A4:CF:12:79:C7:99,CFMSST_AM200461,-33.89352036,151.18388367,A4:CF:12,3,wpa2,2001-01-01T10:00:00.000Z,2025-08-01T21:00:00.000Z,Sydney,New South Wales,AU,King Street,2042
A4:CF:12:79:CB:95,CFMSST_AM200383,-43.55984116,172.70750427,A4:CF:12,1,wpa2,2020-12-13T13:00:00.000Z,2026-04-24T19:00:00.000Z,Christchurch,Canterbury,NZ,Settlers Crescent,8007
A4:CF:12:79:CB:BD,CFMSST_AM101281,50.23927689,15.63722229,A4:CF:12,7,wpa2,2021-12-10T09:00:00.000Z,2024-12-15T09:00:00.000Z,Nechanice,Severovýchod,CZ,Palackého,50315
A4:CF:12:79:D0:C9,CFMTDU_71HJ0049,52.21521378,5.1655097,A4:CF:12,2,wpa2,2025-04-02T10:00:00.000Z,2025-04-02T05:00:00.000Z,,Noord-Holland,NL,Gijsbrecht van Amstelstraat,1215AM
A4:CF:12:79:DA:89,Mysa-79da88,41.40953064,-73.55728149,A4:CF:12,6,none,2025-07-23T22:00:00.000Z,2025-07-23T17:00:00.000Z,,NY,US,Federal Hill Road,10509
A4:CF:12:79:DA:91,Mysa-79da90,49.26021957,-123.10017395,A4:CF:12,1,unknown,2026-03-24T03:00:00.000Z,2026-07-20T20:00:00.000Z,Vancouver,British Columbia,CA,East 12th Avenue,V5T
A4:CF:12:79:DD:D5,Mysa-79ddd4,40.7367897,-73.99311829,A4:CF:12,1,unknown,2021-01-17T16:00:00.000Z,2025-04-19T15:00:00.000Z,City of New York,NY,US,5th Avenue,10011
A4:CF:12:79:E7:55,Mysa-79e754,38.50325775,-122.99403381,A4:CF:12,11,none,2025-08-24T02:00:00.000Z,2025-08-24T14:00:00.000Z,,CA,US,River Road,95446
A4:CF:12:7A:48:D4,,27.79732704,-82.69181824,A4:CF:12,11,unknown,2025-10-16T21:00:00.000Z,2025-10-17T12:00:00.000Z,Saint Petersburg,FL,US,43rd Street North,33714
A4:CF:12:7A:7F:70,,39.99510193,-86.06628418,A4:CF:12,0,unknown,2024-06-17T08:00:00.000Z,2024-09-16T12:00:00.000Z,,IN,US,Creekbend Drive,46042
A4:CF:12:7A:88:E0,,39.94762039,-86.01520538,A4:CF:12,10,unknown,2024-06-17T08:00:00.000Z,2025-07-16T18:00:00.000Z,,IN,US,Lantern Road,46038
A4:CF:12:7A:89:4C,,27.87192535,-82.72015381,A4:CF:12,10,unknown,2025-11-07T00:00:00.000Z,2025-11-07T13:00:00.000Z,Pinellas Park,FL,US,110th Avenue,33782
A4:CF:12:7A:99:7D,Traeger-997D,33.65894699,-117.96382904,A4:CF:12,11,wpa2,2025-01-04T20:00:00.000Z,2025-01-04T17:00:00.000Z,Huntington Beach,CA,US,Westcliff Drive,92646
A4:CF:12:7A:99:A1,Traeger-99A1,36.41138458,-90.59664917,A4:CF:12,5,wpa2,2024-10-10T17:00:00.000Z,2026-06-20T21:00:00.000Z,,AR,US,West Main Street,72422
A4:CF:12:7A:99:F5,Traeger-99F5,36.93569183,-121.7802124,A4:CF:12,5,wpa2,2025-05-23T22:00:00.000Z,2025-12-30T16:00:00.000Z,Watsonville,CA,US,Airport Boulevard,95019-2834
A4:CF:12:7A:99:F9,Traeger-99F9,40.67532349,-111.8147049,A4:CF:12,5,wpa2,2024-05-27T20:00:00.000Z,2025-12-06T08:00:00.000Z,,UT,US,4430 South,84117
A4:CF:12:7A:9C:41,Traeger-9C41,40.67442703,-111.8605423,A4:CF:12,5,wpa2,2024-05-04T18:00:00.000Z,2026-01-09T20:00:00.000Z,Millcreek,UT,US,4500 South,84117
A4:CF:12:7A:9E:1D,Traeger-9E1D,33.20720673,-111.79292297,A4:CF:12,5,wpa2,2026-08-23T22:00:00.000Z,2026-08-23T16:00:00.000Z,Chandler,AZ,US,East Palm Beach Drive,85249
A4:CF:12:7A:9E:39,Traeger-9E39,44.06658554,-123.14431,A4:CF:12,5,wpa2,2024-08-13T17:00:00.000Z,2026-07-08T06:00:00.000Z,Eugene,OR,US,Wood Avenue,97402
A4:CF:12:7A:9F:7D,Traeger-9F7D,38.78704834,-121.29787445,A4:CF:12,5,wpa2,2026-08-21T15:00:00.000Z,2026-09-01T07:00:00.000Z,Roseville,CA,US,Roseville Parkway,95747-5122
A4:CF:12:7A:9F:C9,Traeger-9FC9,47.69745636,-95.42230225,A4:CF:12,5,wpa2,2026-05-24T19:00:00.000Z,2026-05-24T20:00:00.000Z,,MN,US,Lake Avenue Northeast,56634
A4:CF:12:7A:A0:E9,Traeger-A0E9,41.67166138,-84.66409302,A4:CF:12,5,wpa2,2025-02-05T21:00:00.000Z,2025-07-09T16:00:00.000Z,,OH,US,Seneca Drive,
A4:CF:12:7A:A1:91,Traeger-A191,40.68340683,-111.96757507,A4:CF:12,5,wpa2,2023-12-23T23:00:00.000Z,2025-05-10T03:00:00.000Z,West Valley City,UT,US,3200 West,84119
A4:CF:12:7A:A3:19,Traeger-A319,45.19478226,-123.21660614,A4:CF:12,5,wpa2,2024-02-28T03:00:00.000Z,2026-08-26T11:00:00.000Z,,OR,US,Southwest Old Sheridan Road,97128
A4:CF:12:7A:A3:A9,Traeger-A3A9,38.4590683,-121.50118256,A4:CF:12,5,wpa2,2020-08-27T14:00:00.000Z,2026-06-29T18:00:00.000Z,,CA,US,Freeport Boulevard,95832
A4:CF:12:7A:A4:25,Traeger-A425,36.33110428,-92.38083649,A4:CF:12,5,wpa2,2023-01-11T23:00:00.000Z,2026-07-17T21:00:00.000Z,,AR,US,South College Street,72653
A4:CF:12:7A:A5:E1,Traeger-A5E1,44.43177032,-88.05728912,A4:CF:12,5,wpa2,2026-02-26T15:00:00.000Z,2026-02-26T15:00:00.000Z,,WI,US,South Broadway Drive,54115
A4:CF:12:7A:A6:61,Traeger-A661,44.65756226,-121.10684967,A4:CF:12,5,wpa2,2025-04-16T20:00:00.000Z,2025-04-26T13:00:00.000Z,,OR,US,The Dalles-California Highway,97741
A4:CF:12:7A:A6:85,Traeger-A685,45.717453,-73.48240662,A4:CF:12,5,wpa2,2025-04-02T19:00:00.000Z,2026-07-10T09:00:00.000Z,Charlemagne,Québec,CA,Boulevard Notre-Dame-des-Champs,J5Z 1A5
A4:CF:12:7A:A6:B9,Traeger-A6B9,41.64859009,-91.56378174,A4:CF:12,5,wpa2,2025-03-12T22:00:00.000Z,2025-09-16T16:00:00.000Z,Iowa City,IA,US,Denbigh Drive,52246
A4:CF:12:7A:A8:3D,Traeger-A83D,51.53320694,-114.07466125,A4:CF:12,5,wpa2,2024-06-21T03:00:00.000Z,2026-07-30T18:00:00.000Z,,Alberta,CA,Highway 2A,T0M 0N0
A4:CF:12:7A:A8:4D,Traeger-A84D,37.96631622,-86.72728729,A4:CF:12,5,wpa2,2025-08-29T04:00:00.000Z,2026-07-11T20:00:00.000Z,,IN,US,West Clay Street,47586
A4:CF:12:7A:A8:85,Traeger-A885,29.73379707,-95.37771606,A4:CF:12,5,wpa2,2025-10-09T23:00:00.000Z,2025-10-09T17:00:00.000Z,Houston,TX,US,Cleburne Street,77004
A4:CF:12:7A:A8:F1,Traeger-A8F1,32.31322479,-110.85938263,A4:CF:12,5,wpa2,2020-12-23T17:00:00.000Z,2026-02-15T03:00:00.000Z,,AZ,US,North Wilmot Road,85718-4525
A4:CF:12:7A:A9:C1,Traeger-A9C1,34.11896896,-119.08776855,A4:CF:12,5,wpa2,2024-10-03T21:00:00.000Z,2024-10-03T15:00:00.000Z,,CA,US,Frontage Road,93042
A4:CF:12:7A:AA:91,Traeger-AA91,47.70839691,-117.01262665,A4:CF:12,5,wpa2,2022-07-09T18:00:00.000Z,2026-08-09T11:00:00.000Z,,ID,US,West Gumwood Circle,99025
A4:CF:12:7A:AB:0D,Traeger-AB0D,42.79827881,-80.80685425,A4:CF:12,5,wpa2,2025-11-04T23:00:00.000Z,2025-11-04T19:00:00.000Z,Bayham,Ontario,CA,Somers Road,N0J 1Y0
A4:CF:12:7A:AD:B1,Traeger-ADB1,36.33611679,-94.24911499,A4:CF:12,5,wpa2,2026-07-15T18:00:00.000Z,2026-07-15T13:00:00.000Z,,AR,US,Southwest Regional Airport Boulevard,72712
A4:CF:12:7A:AD:E9,Traeger-ADE9,28.26143837,-82.35809326,A4:CF:12,5,wpa2,2025-02-27T21:00:00.000Z,2025-02-28T07:00:00.000Z,,FL,US,Quail Hollow Boulevard,33544
A4:CF:12:7A:AE:05,Traeger-AE05,41.62231827,-86.18675995,A4:CF:12,5,wpa2,2023-01-10T17:00:00.000Z,2025-05-28T04:00:00.000Z,South Bend,IN,US,Jackson Road,46614
A4:CF:12:7A:AE:3D,Traeger-AE3D,45.75664139,-122.56443787,A4:CF:12,5,wpa2,2020-05-24T18:00:00.000Z,2026-08-04T07:00:00.000Z,,WA,US,Northeast 187th Street,98604
A4:CF:12:7A:AE:51,Traeger-AE51,43.5090332,-114.28965759,A4:CF:12,5,wpa2,2025-04-15T22:00:00.000Z,2025-04-15T16:00:00.000Z,Hailey,ID,US,Laurelwood Drive,83333
A4:CF:12:7A:B0:15,Traeger-B015,47.91426849,-122.09848022,A4:CF:12,5,wpa2,2024-12-11T16:00:00.000Z,2025-12-29T16:00:00.000Z,,WA,US,Avenue D,98291
A4:CF:12:7A:B2:E1,Traeger-B2E1,40.37966156,-111.84314728,A4:CF:12,5,wpa2,2021-10-15T21:00:00.000Z,2024-10-03T09:00:00.000Z,Lehi,UT,US,West 8180 North,84003
A4:CF:12:7A:B5:21,Traeger-B521,46.98752594,-122.52349854,A4:CF:12,5,wpa2,2025-08-10T23:00:00.000Z,2025-08-10T16:00:00.000Z,,WA,US,297th Street South,98580
A4:CF:12:7A:B5:31,Traeger-B531,33.30148315,-96.55215454,A4:CF:12,6,wpa2,2023-07-09T15:00:00.000Z,2025-09-20T16:00:00.000Z,Melissa,TX,US,Pronghorn Drive,75454
A4:CF:12:7A:B5:49,Traeger-B549,38.51605225,-90.38317108,A4:CF:12,5,wpa2,2022-09-30T23:00:00.000Z,2026-05-16T17:00:00.000Z,,MO,US,I 270,63128
A4:CF:12:7A:B6:7D,Traeger-B67D,46.8902626,-96.77775574,A4:CF:12,5,wpa2,2021-04-28T22:00:00.000Z,2026-08-28T23:00:00.000Z,Fargo,ND,US,12th Avenue North,58102
A4:CF:12:7A:B6:A5,Traeger-B6A5,35.75087357,-96.67830658,A4:CF:12,5,wpa2,2026-06-13T18:00:00.000Z,2026-06-25T19:00:00.000Z,,OK,US,Main Street,74079
A4:CF:12:7A:B7:8D,Traeger-B78D,39.81845474,-84.8666687,A4:CF:12,5,wpa2,2025-06-09T02:00:00.000Z,2025-06-11T04:00:00.000Z,,IN,US,Kensington Drive,47374
A4:CF:12:7A:B8:71,Traeger-B871,32.80873108,-117.10469818,A4:CF:12,5,wpa2,2024-12-07T20:00:00.000Z,2024-12-07T14:00:00.000Z,San Diego,CA,US,Santo Road,92124
A4:CF:12:7A:B8:A1,Traeger-B8A1,36.28923035,-115.21768951,A4:CF:12,5,wpa2,2024-12-29T22:00:00.000Z,2024-12-29T15:00:00.000Z,Las Vegas,NV,US,Jeanette Street,89131
A4:CF:12:7A:B9:01,Traeger-B901,38.98522186,-77.53530884,A4:CF:12,5,wpa2,2022-03-11T15:00:00.000Z,2026-01-19T08:00:00.000Z,,VA,US,Regal Wood Drive,20148
A4:CF:12:7A:BA:E1,Traeger-BAE1,36.12841797,-115.28344727,A4:CF:12,5,wpa2,2026-01-07T21:00:00.000Z,2026-07-27T01:00:00.000Z,,NV,US,South Riley Street,89147
A4:CF:12:7A:BC:5D,Traeger-BC5D,39.58558273,-119.71038818,A4:CF:12,5,wpa2,2026-08-17T00:00:00.000Z,2026-08-27T23:00:00.000Z,Sparks,NV,US,Los Altos Parkway,98436
A4:CF:12:7A:BF:05,Traeger-BF05,49.20497894,-123.04798889,A4:CF:12,5,wpa2,2025-12-04T00:00:00.000Z,2025-12-16T05:00:00.000Z,Vancouver,British Columbia,CA,East Kent Avenue South,V5S
A4:CF:12:7A:C0:65,Traeger-C065,45.73884583,-100.75946045,A4:CF:12,5,wpa2,2025-03-07T00:00:00.000Z,2025-06-12T08:00:00.000Z,,SD,US,,
A4:CF:12:7A:C0:BD,Traeger-C0BD,37.54988098,-97.24493408,A4:CF:12,5,wpa2,2025-07-28T22:00:00.000Z,2026-06-26T18:00:00.000Z,,KS,US,Walnut Grove Road,67037
A4:CF:12:7A:C1:ED,Traeger-C1ED,32.08155441,-110.69192505,A4:CF:12,5,wpa2,2025-01-09T00:00:00.000Z,2025-01-17T08:00:00.000Z,,AZ,US,East Placita Adamar,
A4:CF:12:7A:C3:21,Traeger-C321,47.58946228,-122.64033508,A4:CF:12,5,wpa2,2025-12-02T20:00:00.000Z,2025-12-06T00:00:00.000Z,Bremerton,WA,US,Pine Road Northeast,98310-3604
A4:CF:12:7A:C3:A1,Traeger-C3A1,40.82920837,-115.79901886,A4:CF:12,5,wpa2,2024-08-18T19:00:00.000Z,2025-05-03T23:00:00.000Z,,NV,US,I 80,89801
A4:CF:12:7A:C4:A9,Traeger-C4A9,40.87547302,-84.61391449,A4:CF:12,5,wpa2,2024-10-05T12:00:00.000Z,2024-10-05T06:00:00.000Z,,OH,US,Lincoln Highway,45891
A4:CF:12:7A:C4:D5,Traeger-C4D5,52.91539383,5.45075989,A4:CF:12,5,wpa2,2026-08-08T08:00:00.000Z,2026-08-09T02:00:00.000Z,,Fryslân,NL,Verlengde Hoofdstraat,8723AS
A4:CF:12:7A:C5:01,Traeger-C501,46.99468613,-122.35761261,A4:CF:12,5,wpa2,2021-08-20T22:00:00.000Z,2025-05-25T09:00:00.000Z,,WA,US,288th Street East,98338
A4:CF:12:7A:C7:91,Traeger-C791,29.98209381,-81.47658539,A4:CF:12,5,wpa2,2026-07-03T14:00:00.000Z,2026-07-03T10:00:00.000Z,,FL,US,Royal Pines Parkway,32092-1831
A4:CF:12:7A:C9:2D,Traeger-C92D,47.73287201,-116.9473114,A4:CF:12,5,wpa2,2022-03-13T20:00:00.000Z,2025-09-27T18:00:00.000Z,,ID,US,North Spokane Street,83877-0010
A4:CF:12:7A:CB:59,Traeger-CB59,44.26172638,-88.3914032,A4:CF:12,5,wpa2,2020-09-24T05:00:00.000Z,2026-08-27T19:00:00.000Z,Appleton,WI,US,East College Avenue,54911-5570
A4:CF:12:7A:CB:79,Traeger-CB79,33.08637619,-97.11437988,A4:CF:12,5,wpa2,2026-07-13T09:00:00.000Z,2026-07-13T03:00:00.000Z,,TX,US,Kaitlyn Court,
A4:CF:12:7A:CB:ED,Traeger-CBED,40.91748428,-74.29441833,A4:CF:12,5,wpa2,2022-09-30T20:00:00.000Z,2026-05-09T07:00:00.000Z,,NJ,US,Boonton Turnpike,07035
A4:CF:12:7A:CC:C1,Traeger-CCC1,33.77874374,-118.08182526,A4:CF:12,5,wpa2,2024-12-14T18:00:00.000Z,2024-12-14T16:00:00.000Z,,CA,US,Brimhall Drive,90720
A4:CF:12:7A:CD:C9,Traeger-CDC9,34.16499329,-118.47402191,A4:CF:12,5,wpa2,2024-02-11T16:00:00.000Z,2025-06-23T18:00:00.000Z,Los Angeles,CA,US,Ventura Freeway,91403-1530
A4:CF:12:7A:D0:51,Traeger-D051,31.9055481,-98.60562134,A4:CF:12,5,wpa2,2026-07-10T15:00:00.000Z,2026-07-10T11:00:00.000Z,,TX,US,Wrights Avenue,76442
A4:CF:12:7A:D1:31,Traeger-D131,40.56211472,-112.00996399,A4:CF:12,5,wpa2,2025-05-05T17:00:00.000Z,2025-10-03T14:00:00.000Z,,UT,US,South Jordan Parkway,84095-4811
A4:CF:12:7A:D3:65,Traeger-D365,30.21032715,-95.54121399,A4:CF:12,5,wpa2,2025-09-26T01:00:00.000Z,2025-12-14T20:00:00.000Z,The Woodlands,TX,US,Millport Drive,77382
A4:CF:12:7A:D4:55,Traeger-D455,40.63912964,-111.90639496,A4:CF:12,5,wpa2,2026-07-19T22:00:00.000Z,2026-07-19T22:00:00.000Z,,UT,US,La Salle Drive,84107
A4:CF:12:7A:D5:F1,Traeger-D5F1,47.75816345,-117.52021027,A4:CF:12,5,wpa2,2024-04-12T21:00:00.000Z,2026-07-08T12:00:00.000Z,Spokane,WA,US,North Nine Mile Road,99208
A4:CF:12:7A:D5:F9,Traeger-D5F9,32.95940399,-117.01411438,A4:CF:12,5,wpa2,2025-07-22T14:00:00.000Z,2025-07-27T10:00:00.000Z,Poway,CA,US,Aldrin Avenue,92064
A4:CF:12:7A:D7:75,Traeger-D775,36.85129547,-121.38047028,A4:CF:12,5,wpa2,2025-07-29T04:00:00.000Z,2025-07-29T00:00:00.000Z,,CA,US,El Toro Drive,95023-4239
A4:CF:12:7A:D8:E5,Traeger-D8E5,39.73244095,-104.33364105,A4:CF:12,5,wpa2,2025-11-27T22:00:00.000Z,2025-12-15T22:00:00.000Z,,CO,US,East Apache Place,80136
A4:CF:12:7A:D9:19,Traeger-D919,40.56430435,-75.48760223,A4:CF:12,5,wpa2,2020-07-26T20:00:00.000Z,2026-04-04T12:00:00.000Z,Allentown,PA,US,I 78;PA 309,18103
A4:CF:12:7A:D9:59,Traeger-D959,48.31291962,-102.3874588,A4:CF:12,5,wpa2,2026-06-28T14:00:00.000Z,2026-06-28T15:00:00.000Z,,ND,US,2nd Street Southeast,
A4:CF:12:7A:D9:99,Traeger-D999,42.97417831,-109.98908997,A4:CF:12,5,wpa2,2026-07-12T22:00:00.000Z,2026-07-17T21:00:00.000Z,,WY,US,WY 352,
A4:CF:12:7A:DA:29,Traeger-DA29,35.13445282,-101.94744873,A4:CF:12,5,wpa2,2026-04-28T21:00:00.000Z,2026-08-30T21:00:00.000Z,Amarillo,TX,US,Prather Avenue,79119
A4:CF:12:7A:DA:35,Traeger-DA35,46.51863861,-87.59171295,A4:CF:12,5,wpa2,2024-10-03T21:00:00.000Z,2024-10-03T21:00:00.000Z,,MI,US,US 41;M 28,49866
A4:CF:12:7A:DB:39,Traeger-DB39,35.80047607,-78.66757965,A4:CF:12,5,wpa2,2026-04-29T12:00:00.000Z,2026-04-29T06:00:00.000Z,Raleigh,NC,US,Wade Avenue,27605-1131
A4:CF:12:7A:DC:21,Traeger-DC21,33.88924789,-117.76116943,A4:CF:12,5,wpa2,2022-08-31T15:00:00.000Z,2024-11-01T20:00:00.000Z,,CA,US,Yorba Linda Boulevard,92886-8603
A4:CF:12:7A:DC:79,Traeger-DC79,39.97251511,-86.05823517,A4:CF:12,5,wpa2,2024-06-17T09:00:00.000Z,2024-09-16T13:00:00.000Z,,IN,US,Double Eagle Drive,46033
A4:CF:12:7A:DC:A9,Traeger-DCA9,41.77362823,-88.13413239,A4:CF:12,5,wpa2,2025-05-03T23:00:00.000Z,2026-06-21T00:00:00.000Z,Naperville,IL,US,Chicago Avenue,60540
A4:CF:12:7A:DC:DD,Traeger-DCDD,29.7578392,-95.79325867,A4:CF:12,5,wpa2,2025-06-30T17:00:00.000Z,2025-06-30T11:00:00.000Z,,TX,US,Azure Pass Drive,77494
A4:CF:12:7A:DD:59,Traeger-DD59,45.48416519,-122.54924774,A4:CF:12,5,wpa2,2021-07-04T15:00:00.000Z,2026-09-03T00:00:00.000Z,Portland,OR,US,Southeast 111th Avenue,97266
A4:CF:12:7A:DD:89,Traeger-DD89,39.27254105,-76.74617767,A4:CF:12,5,wpa2,2026-08-04T17:00:00.000Z,2026-08-04T11:00:00.000Z,,MD,US,North Beechwood Avenue,21228
A4:CF:12:7A:DE:1D,Traeger-DE1D,40.66795349,-75.60683441,A4:CF:12,5,wpa2,2025-10-26T19:00:00.000Z,2025-10-26T18:00:00.000Z,North Whitehall Township,PA,US,Sand Spring Road,18078-2528
A4:CF:12:7A:DE:E9,Traeger-DEE9,42.23873138,-121.77589417,A4:CF:12,5,wpa2,2025-01-24T21:00:00.000Z,2025-01-24T17:00:00.000Z,,OR,US,Leroy Street,97601
A4:CF:12:7A:DF:A1,Traeger-DFA1,36.20381546,-86.7563858,A4:CF:12,5,wpa2,2024-10-16T22:00:00.000Z,2026-06-16T12:00:00.000Z,Nashville-Davidson,TN,US,Edwin Street,37207
A4:CF:12:7A:E1:1D,Traeger-E11D,38.75515366,-121.23382568,A4:CF:12,5,wpa2,2026-07-18T01:00:00.000Z,2026-07-17T23:00:00.000Z,Roseville,CA,US,Miners Ravine Drive,95661
A4:CF:12:7A:E1:A1,Traeger-E1A1,44.89989853,-92.87528229,A4:CF:12,5,wpa2,2025-12-27T18:00:00.000Z,2025-12-27T13:00:00.000Z,,MN,US,Settlers Ridge Parkway,55129
A4:CF:12:7A:E2:29,Traeger-E229,39.17017746,-108.73808289,A4:CF:12,5,wpa2,2026-04-11T20:00:00.000Z,2026-06-06T16:00:00.000Z,,CO,US,West Sunset Drive,81521
A4:CF:12:7A:E2:39,Traeger-E239,42.94445419,-88.07811737,A4:CF:12,5,wpa2,2026-04-18T15:00:00.000Z,2026-04-18T09:00:00.000Z,,WI,US,West Grange Avenue,53151
A4:CF:12:7A:E3:D9,Traeger-E3D9,38.64745331,-121.15034485,A4:CF:12,5,wpa2,2023-07-18T18:00:00.000Z,2026-02-08T18:00:00.000Z,Folsom,CA,US,McAdoo Drive,95630
A4:CF:12:7A:E3:F5,Traeger-E3F5,36.9693222,-121.99767303,A4:CF:12,5,wpa2,2026-07-09T21:00:00.000Z,2026-07-09T22:00:00.000Z,Santa Cruz,CA,US,7th Avenue,95062
A4:CF:12:7A:E6:75,Traeger-E675,38.89567947,-104.77235413,A4:CF:12,5,wpa2,2025-08-06T22:00:00.000Z,2025-08-06T15:00:00.000Z,Colorado Springs,CO,US,Flintridge Drive,80918
A4:CF:12:7A:E7:81,Traeger-E781,37.33214951,-120.44745636,A4:CF:12,5,wpa2,2026-06-22T04:00:00.000Z,2026-06-21T22:00:00.000Z,Merced,CA,US,East Yosemite Avenue,98348
A4:CF:12:7A:E7:F5,Traeger-E7F5,49.85189438,-119.55635834,A4:CF:12,5,wpa2,2024-06-23T19:00:00.000Z,2026-07-11T23:00:00.000Z,West Kelowna,British Columbia,CA,Boucherie Road,V1Z 2H3
A4:CF:12:7A:E8:85,Traeger-E885,43.71147156,-116.62394714,A4:CF:12,5,wpa2,2026-03-31T04:00:00.000Z,2026-03-31T00:00:00.000Z,Middleton,ID,US,Concord Street,83644
A4:CF:12:7A:EA:59,Traeger-EA59,39.67481232,-104.86032104,A4:CF:12,5,wpa2,2023-02-11T17:00:00.000Z,2026-06-05T23:00:00.000Z,Aurora,CO,US,East Iliff Avenue,80014
A4:CF:12:7A:EB:39,Traeger-EB39,37.958004,-120.31812286,A4:CF:12,5,wep,2025-08-24T08:00:00.000Z,2025-08-26T15:00:00.000Z,,CA,US,Tuolumne Road,95370
A4:CF:12:7A:EC:B1,Traeger-ECB1,36.25728989,-115.23386383,A4:CF:12,5,wpa2,2025-12-16T16:00:00.000Z,2026-08-11T18:00:00.000Z,Las Vegas,NV,US,North Torrey Pines Drive,89130
A4:CF:12:7A:ED:49,Traeger-ED49,49.35616302,-124.46935272,A4:CF:12,5,wpa2,2001-01-01T00:00:00.000Z,2026-07-02T17:00:00.000Z,,British Columbia,CA,Belyea Crescent,V9K 2C6
A4:CF:12:7A:EF:DD,Traeger-EFDD,28.2610321,-80.60514832,A4:CF:12,5,wpa2,2025-07-14T14:00:00.000Z,2025-08-03T02:00:00.000Z,,FL,US,South Atlantic Avenue,32925
A4:CF:12:7A:F0:8D,Traeger-F08D,37.0777092,-122.08379364,A4:CF:12,5,wpa2,2022-05-12T22:00:00.000Z,2024-11-25T18:00:00.000Z,,CA,US,CA 9,95005
A4:CF:12:7A:F0:A1,Traeger-F0A1,39.14393616,-76.6175766,A4:CF:12,5,wpa2,2026-07-25T12:00:00.000Z,2026-08-24T10:00:00.000Z,,MD,US,Eleanore Drive,21061
A4:CF:12:7A:F1:7D,Traeger-F17D,45.27843857,-93.78475952,A4:CF:12,5,wpa2,2025-04-09T13:00:00.000Z,2025-04-09T17:00:00.000Z,,MN,US,Farmstead Avenue,55362-4563
A4:CF:12:7A:F2:51,Traeger-F251,30.26094627,-81.64045715,A4:CF:12,5,wpa2,2021-02-05T11:00:00.000Z,2026-07-10T13:00:00.000Z,Jacksonville,FL,US,Duke Road,32217
A4:CF:12:7A:F2:B1,Traeger-F2B1,49.04183578,-122.3140564,A4:CF:12,5,wpa2,2025-03-07T04:00:00.000Z,2025-10-11T11:00:00.000Z,Abbotsford,British Columbia,CA,Bevan Avenue,V2S 1T2
A4:CF:12:7A:F2:F9,Traeger-F2F9,34.57229614,-112.4822998,A4:CF:12,5,wpa2,2025-11-18T07:00:00.000Z,2026-04-13T20:00:00.000Z,Prescott,AZ,US,Willow Creek Road,86305
A4:CF:12:7A:F4:29,Traeger-F429,33.82205963,-118.06338501,A4:CF:12,5,wpa2,2024-12-14T17:00:00.000Z,2024-12-14T16:00:00.000Z,,CA,US,Bloomfield Street,90702
A4:CF:12:7A:F4:39,Traeger-F439,47.99261856,-122.12506104,A4:CF:12,5,wpa2,2020-09-19T13:00:00.000Z,2024-11-20T08:00:00.000Z,,WA,US,State Route 204,98258-8525
A4:CF:12:7A:F5:35,Traeger-F535,41.07905579,-111.96237183,A4:CF:12,5,wpa2,2024-09-26T21:00:00.000Z,2024-09-26T15:00:00.000Z,Layton,UT,US,East 1325 North,84041
A4:CF:12:7A:F6:09,Traeger-F609,39.80288315,-105.12083435,A4:CF:12,5,wpa2,2026-05-02T01:00:00.000Z,2026-05-03T00:00:00.000Z,,CO,US,Parfet Street,80004
A4:CF:12:7A:F7:79,Traeger-F779,47.15806961,-122.58628082,A4:CF:12,5,wpa2,2026-05-03T07:00:00.000Z,2026-05-03T11:00:00.000Z,,WA,US,109th Street Southwest,98498-1576
A4:CF:12:7A:F8:BD,Traeger-F8BD,43.89981079,-78.8170166,A4:CF:12,5,wpa2,2026-07-19T08:00:00.000Z,2026-07-19T02:00:00.000Z,Oshawa,Ontario,CA,Cornwallis Court,L1H 7J2
A4:CF:12:7A:F8:DD,Traeger-F8DD,61.11581802,-149.881073,A4:CF:12,5,wpa2,2025-09-26T13:00:00.000Z,2025-09-28T02:00:00.000Z,,AK,US,Klatt Road,99515
A4:CF:12:7A:F9:45,Traeger-F945,40.70801926,-112.02082062,A4:CF:12,5,wpa2,2025-06-09T19:00:00.000Z,2025-06-09T18:00:00.000Z,West Valley City,UT,US,Highbury Parkway,84120
A4:CF:12:7A:F9:A5,Traeger-F9A5,42.95610428,-111.01254272,A4:CF:12,5,wpa2,2023-12-07T08:00:00.000Z,2026-05-17T14:00:00.000Z,,WY,US,US Highway 89,83118
A4:CF:12:7A:FA:45,Traeger-FA45,39.5611496,-104.90144348,A4:CF:12,5,wpa2,2023-06-17T02:00:00.000Z,2026-06-29T12:00:00.000Z,,CO,US,Park Meadows Drive,80124
A4:CF:12:7A:FA:61,Traeger-FA61,45.52525711,-122.89988708,A4:CF:12,5,wpa2,2021-11-21T07:00:00.000Z,2026-03-20T12:00:00.000Z,Hillsboro,OR,US,Northeast Cornelius Pass Road,97124
A4:CF:12:7A:FB:61,Traeger-FB61,33.35690689,-117.15314484,A4:CF:12,5,wpa2,2025-01-04T23:00:00.000Z,2025-01-04T15:00:00.000Z,,CA,US,Falabella Lane,
A4:CF:12:7A:FC:9D,Traeger-FC9D,32.58625412,-85.45183563,A4:CF:12,5,wpa2,2024-10-17T19:00:00.000Z,2024-10-17T16:00:00.000Z,Auburn,AL,US,Moores Mill Road,36830
A4:CF:12:7A:FF:81,Traeger-FF81,40.74821472,-86.259758,A4:CF:12,5,wpa2,2026-01-07T17:00:00.000Z,2026-01-07T09:00:00.000Z,,IN,US,South County Road 600 East,46947
A4:CF:12:7B:00:8D,Traeger-008D,33.39291763,-111.90235901,A4:CF:12,5,wpa2,2026-02-19T21:00:00.000Z,2026-02-19T17:00:00.000Z,Tempe,AZ,US,East Southern Avenue,85282
A4:CF:12:7B:02:69,Traeger-0269,43.6012764,-111.12080383,A4:CF:12,5,wpa2,2026-01-09T16:00:00.000Z,2026-01-14T13:00:00.000Z,,ID,US,South 1000 West,83455
A4:CF:12:7B:02:AD,Traeger-02AD,34.10375595,-117.80898285,A4:CF:12,5,wpa2,2025-02-07T22:00:00.000Z,2025-02-08T16:00:00.000Z,San Dimas,CA,US,Silton Avenue,91773
A4:CF:12:7B:02:E1,Traeger-02E1,38.32115173,-121.97049713,A4:CF:12,5,wpa2,2025-12-17T16:00:00.000Z,2025-12-17T12:00:00.000Z,Vacaville,CA,US,Peabody Road,95696
A4:CF:12:7B:03:45,Traeger-0345,46.40007782,-95.29721832,A4:CF:12,5,wpa2,2025-12-03T23:00:00.000Z,2025-12-03T16:00:00.000Z,,MN,US,MN 29,56527
A4:CF:12:7B:05:7D,Traeger-057D,42.90467453,-112.41226196,A4:CF:12,5,wpa2,2021-10-01T18:00:00.000Z,2025-07-24T11:00:00.000Z,Pocatello,ID,US,Summit Drive,83201
A4:CF:12:7B:05:81,Traeger-0581,41.16668701,-73.26635742,A4:CF:12,5,wpa2,2026-07-31T16:00:00.000Z,2026-07-31T10:00:00.000Z,,CT,US,Mill Plain Road,06824
A4:CF:12:7B:05:D5,Traeger-05D5,47.6512146,-122.19590759,A4:CF:12,5,wpa2,2026-06-10T21:00:00.000Z,2026-06-10T23:00:00.000Z,,WA,US,108th Avenue Northeast,98033
A4:CF:12:7B:06:0D,Traeger-060D,47.84233856,-122.25960541,A4:CF:12,5,wpa2,2020-12-25T13:00:00.000Z,2026-08-25T09:00:00.000Z,,WA,US,I 5,98037
A4:CF:12:7B:06:A5,Traeger-06A5,27.12293053,-82.42939758,A4:CF:12,5,wpa2,2025-04-22T11:00:00.000Z,2026-03-19T12:00:00.000Z,,FL,US,Edmondson Road,34272
A4:CF:12:7B:06:C5,Traeger-06C5,46.37486267,-116.95348358,A4:CF:12,5,wpa2,2026-08-27T05:00:00.000Z,2026-08-26T23:00:00.000Z,Lewiston,ID,US,Cedar Avenue,83501
A4:CF:12:7B:06:E5,,29.43966866,-95.41984558,A4:CF:12,5,wpa2,2026-08-06T20:00:00.000Z,2026-08-06T14:00:00.000Z,Iowa Colony,TX,US,Meridiana Parkway,77583
A4:CF:12:7B:07:A1,Traeger-07A1,38.87327957,-121.08042145,A4:CF:12,5,wpa2,2024-09-30T13:00:00.000Z,2024-09-30T09:00:00.000Z,,CA,US,Shirland Tract Road,95603
A4:CF:12:7B:07:C5,Traeger-07C5,33.8645401,-118.32912445,A4:CF:12,5,wpa2,2024-11-12T20:00:00.000Z,2024-11-12T15:00:00.000Z,Torrance,CA,US,Elgar Avenue,90504
A4:CF:12:7B:08:19,Traeger-0819,39.72875977,-105.09089661,A4:CF:12,5,wpa2,2026-01-02T22:00:00.000Z,2026-01-02T14:00:00.000Z,Lakewood,CO,US,Carr Street,80226-2975
A4:CF:12:7B:09:51,Traeger-0951,39.83568954,-105.12860107,A4:CF:12,5,wpa2,2026-02-07T01:00:00.000Z,2026-02-06T19:00:00.000Z,,CO,US,Simms Street,80005
A4:CF:12:7B:0A:F5,Traeger-0AF5,47.06038284,-123.01330566,A4:CF:12,5,wpa2,2025-07-26T13:00:00.000Z,2025-07-26T14:00:00.000Z,,WA,US,Madrona Beach Road Northwest,98505
A4:CF:12:7B:0B:CD,Traeger-0BCD,43.05749512,-81.00353241,A4:CF:12,5,wpa2,2026-05-11T15:00:00.000Z,2026-07-02T08:00:00.000Z,,Ontario,CA,Delatre Street West,N0M 2M0
A4:CF:12:7B:0E:95,Traeger-0E95,46.83368301,-92.20705414,A4:CF:12,5,wpa2,2025-07-23T05:00:00.000Z,2025-07-22T23:00:00.000Z,,MN,US,Miller Trunk Highway,55811
A4:CF:12:7B:10:01,Traeger-1001,43.03948212,-74.5355835,A4:CF:12,5,wpa2,2026-05-16T22:00:00.000Z,2026-05-16T19:00:00.000Z,,NY,US,State Highway 29,13452
A4:CF:12:7B:10:D8,,34.26684952,-118.55527496,A4:CF:12,10,none,2026-08-18T17:00:00.000Z,2026-08-19T05:00:00.000Z,Los Angeles,CA,US,Tampa Avenue,91326-1729
A4:CF:12:7B:14:D1,Traeger-14D1,42.82899094,-83.13285828,A4:CF:12,5,wpa2,2025-10-09T23:00:00.000Z,2026-08-19T22:00:00.000Z,,MI,US,Mack Road,48367
A4:CF:12:7B:17:D9,Traeger-17D9,34.18861771,-118.54214478,A4:CF:12,5,wpa2,2025-03-19T21:00:00.000Z,2025-10-28T18:00:00.000Z,Los Angeles,CA,US,Geyser Avenue,91335
A4:CF:12:7B:18:E9,Traeger-18E9,33.57440948,-117.24697113,A4:CF:12,5,wpa2,2025-06-10T03:00:00.000Z,2025-06-12T03:00:00.000Z,Murrieta,CA,US,Via Alisol,92562
A4:CF:12:7B:1B:01,Traeger-1B01,46.01265335,-122.84774017,A4:CF:12,5,wpa2,2022-02-19T16:00:00.000Z,2026-02-13T08:00:00.000Z,,WA,US,I 5,98625
A4:CF:12:7B:1B:65,Traeger-1B65,37.99996948,-121.72296906,A4:CF:12,5,wpa2,2026-05-14T19:00:00.000Z,2026-05-14T13:00:00.000Z,,CA,US,Pecan Lane,94561
A4:CF:12:7B:1C:4D,Traeger-1C4D,41.81085968,-103.66551208,A4:CF:12,5,wpa2,2022-02-14T13:00:00.000Z,2025-11-28T19:00:00.000Z,,NE,US,Margaret Drive,69341
A4:CF:12:7B:1D:35,Traeger-1D35,36.66862488,-121.7701416,A4:CF:12,5,wpa2,2023-02-08T17:00:00.000Z,2026-07-23T17:00:00.000Z,Marina,CA,US,Imjin Road,93933
A4:CF:12:7B:1D:F5,Traeger-1DF5,52.6966095,6.21551704,A4:CF:12,5,wpa2,2020-07-12T15:00:00.000Z,2025-08-08T07:00:00.000Z,,Drenthe,NL,Brandemaat,7943JD
A4:CF:12:7B:1E:6D,Traeger-1E6D,39.98156738,-83.04489136,A4:CF:12,5,wpa2,2022-05-12T17:00:00.000Z,2026-08-18T20:00:00.000Z,,OH,US,Grandview Avenue,43212
A4:CF:12:7B:1F:15,Traeger-1F15,32.81358337,-97.2412796,A4:CF:12,5,wpa2,2026-03-25T12:00:00.000Z,2026-04-12T21:00:00.000Z,,TX,US,Boulevard 26,76180
A4:CF:12:7B:1F:19,Traeger-1F19,39.01120758,-94.65589142,A4:CF:12,11,wpa2,2024-11-13T20:00:00.000Z,2024-11-13T13:00:00.000Z,,KS,US,Beverly Drive,66202
A4:CF:12:7B:1F:39,Traeger-1F39,40.4273262,-111.75553131,A4:CF:12,5,wpa2,2025-08-18T15:00:00.000Z,2025-08-18T12:00:00.000Z,,UT,US,North La Quinta,84004
A4:CF:12:7B:21:2D,Traeger-212D,48.17311096,-103.6545105,A4:CF:12,5,wpa2,2024-09-14T01:00:00.000Z,2024-09-13T19:00:00.000Z,Williston,ND,US,32nd Street West,58802
A4:CF:12:7B:21:E1,Traeger-21E1,29.99027252,-95.61118317,A4:CF:12,5,wpa2,2026-05-02T15:00:00.000Z,2026-08-04T09:00:00.000Z,,TX,US,North Eldridge Parkway,77377:77379
A4:CF:12:7B:22:E9,Traeger-22E9,40.93074417,-111.87280273,A4:CF:12,5,wpa2,2025-10-03T21:00:00.000Z,2025-10-03T14:00:00.000Z,,UT,US,Hughes Street,84014
A4:CF:12:7B:22:F1,Traeger-22F1,45.7455368,-93.67124939,A4:CF:12,5,wpa2,2026-04-25T15:00:00.000Z,2026-08-05T20:00:00.000Z,,MN,US,MN 23,56330
A4:CF:12:7B:23:91,Traeger-2391,41.08668137,-111.96568298,A4:CF:12,5,wpa2,2024-04-20T22:00:00.000Z,2025-09-04T17:00:00.000Z,Layton,UT,US,North 25 East,84041
A4:CF:12:7B:23:9D,Traeger-239D,52.15133667,-106.59863281,A4:CF:12,5,wpa2,2022-09-04T18:00:00.000Z,2026-07-13T21:00:00.000Z,Saskatoon,Saskatchewan,CA,Central Avenue,S7N 2K8
A4:CF:12:7B:26:6D,Traeger-266D,32.46105576,-86.46957397,A4:CF:12,5,wpa2,2026-08-26T14:00:00.000Z,2026-08-26T13:00:00.000Z,,AL,US,East 3rd Street,36066
A4:CF:12:7B:27:5D,Traeger-275D,33.74676132,-118.09137726,A4:CF:12,5,wpa2,2023-11-24T20:00:00.000Z,2026-08-11T16:00:00.000Z,,CA,US,Seal Beach Boulevard,90740
A4:CF:12:7B:27:CD,Traeger-27CD,45.44049835,-122.77069855,A4:CF:12,5,wpa2,2024-07-24T13:00:00.000Z,2024-09-15T13:00:00.000Z,Tigard,OR,US,Beaverton-Tigard Freeway,97223
A4:CF:12:7B:28:A5,Traeger-28A5,37.62389755,-97.46450043,A4:CF:12,5,wep,2026-03-22T07:00:00.000Z,2026-03-22T17:00:00.000Z,,KS,US,West Southwest Boulevard,67215
A4:CF:12:7B:29:15,Traeger-2915,40.52439499,-104.74164581,A4:CF:12,5,wpa2,2025-06-23T01:00:00.000Z,2025-06-23T21:00:00.000Z,,CO,US,County Road 74,80615
A4:CF:12:7B:29:5D,Traeger-295D,40.51273727,-124.12491608,A4:CF:12,5,wpa2,2026-06-18T22:00:00.000Z,2026-06-18T16:00:00.000Z,,CA,US,Redwood Highway,95562
A4:CF:12:7B:2A:49,Traeger-2A49,44.89902115,-93.0476532,A4:CF:12,5,wpa2,2025-10-22T22:00:00.000Z,2026-06-03T04:00:00.000Z,,MN,US,11th Avenue North,55075
A4:CF:12:7B:2A:C5,Traeger-2AC5,41.63991547,-83.42726898,A4:CF:12,5,wpa2,2025-08-05T20:00:00.000Z,2026-03-18T08:00:00.000Z,,OH,US,Parkside Drive,43616
A4:CF:12:7B:2A:C9,Traeger-2AC9,43.5459404,-96.75315094,A4:CF:12,5,wpa2,2024-12-07T11:00:00.000Z,2025-04-25T02:00:00.000Z,Sioux Falls,SD,US,West 10th Street,57115
A4:CF:12:7B:2B:59,Traeger-2B59,40.53765869,-111.91921234,A4:CF:12,5,wpa2,2026-04-04T04:00:00.000Z,2026-04-03T22:00:00.000Z,,UT,US,Riverfront Parkway,84095
A4:CF:12:7B:2B:75,Traeger-2B75,40.85546875,-111.87754822,A4:CF:12,5,wpa2,2026-08-09T01:00:00.000Z,2026-08-08T22:00:00.000Z,Bountiful,UT,US,East 3100 South,84010
A4:CF:12:7B:2B:79,Traeger-2B79,47.1325264,-117.24259949,A4:CF:12,5,wpa2,2026-03-15T09:00:00.000Z,2026-03-15T09:00:00.000Z,,WA,US,North 1st Street,
A4:CF:12:7B:2C:3D,Traeger-2C3D,37.60246658,-120.86811066,A4:CF:12,5,wep,2023-05-15T01:00:00.000Z,2026-08-03T11:00:00.000Z,,CA,US,Everett Court,
A4:CF:12:7B:2C:81,Traeger-2C81,38.32777786,-121.93392944,A4:CF:12,5,wpa2,2025-04-18T07:00:00.000Z,2025-07-11T10:00:00.000Z,Vacaville,CA,US,Leisure Town Road,95696
A4:CF:12:7B:2D:65,Traeger-2D65,21.2755928,-157.70396423,A4:CF:12,5,wpa2,2025-09-16T03:00:00.000Z,2025-10-05T22:00:00.000Z,East Honolulu,HI,US,Kalaniana’ole Highway,96825
A4:CF:12:7B:2D:81,Traeger-2D81,47.08937073,-122.75247955,A4:CF:12,5,wpa2,2026-07-04T20:00:00.000Z,2026-07-04T14:00:00.000Z,,WA,US,Campus Highlands Drive Northeast,98561
A4:CF:12:7B:2E:89,Traeger-2E89,34.66672516,-97.96302032,A4:CF:12,5,wpa2,2026-05-10T22:00:00.000Z,2026-05-17T19:00:00.000Z,,OK,US,Clampitt Road,73055
A4:CF:12:7B:30:21,Traeger-3021,47.40934753,-122.33291626,A4:CF:12,5,wpa2,2020-02-10T15:00:00.000Z,2025-09-21T09:00:00.000Z,,WA,US,1st Avenue South,98198
A4:CF:12:7B:31:11,Traeger-3111,49.34073639,-123.0851593,A4:CF:12,5,wpa2,2025-04-26T19:00:00.000Z,2025-04-26T17:00:00.000Z,,British Columbia,CA,Elstree Place,V7N 2L3
A4:CF:12:7B:31:BD,Traeger-31BD,42.26382828,-82.04673004,A4:CF:12,5,wpa2,2025-05-22T16:00:00.000Z,2025-05-22T10:00:00.000Z,,Ontario,CA,Talbot Trail,
A4:CF:12:7B:3F:9D,Sentry_mke,52.37729645,4.91552544,A4:CF:12,8,unknown,2025-08-22T08:00:00.000Z,2025-08-22T08:00:00.000Z,Amsterdam,Noord-Holland,NL,Piet Heinkade,1019GW
A4:CF:12:7B:40:75,Sentry_4075,37.08466339,-121.59696198,A4:CF:12,3,none,2025-07-20T19:00:00.000Z,2025-07-21T16:00:00.000Z,,CA,US,South Valley Freeway,95020-3608
A4:CF:12:7B:49:59,Sentry_4959,33.81531143,-118.12288666,A4:CF:12,1,unknown,2023-10-16T22:00:00.000Z,2024-12-03T16:00:00.000Z,Long Beach,CA,US,Mezzanine Way,90808
A4:CF:12:7B:4C:4D,Mysa-7b4c4c,49.03023911,-123.09475708,A4:CF:12,6,unknown,2025-10-11T04:00:00.000Z,2025-11-23T15:00:00.000Z,Delta,British Columbia,CA,Highway 17,V4M 4G2
A4:CF:12:7B:66:A9,Traeger-66A9,40.14406204,-104.77175903,A4:CF:12,5,wpa2,2024-06-08T18:00:00.000Z,2026-09-02T12:00:00.000Z,,CO,US,County Road 31,80621
A4:CF:12:7B:67:21,Traeger-6721,44.07961273,-123.04870605,A4:CF:12,5,wpa2,2025-09-07T02:00:00.000Z,2025-10-26T21:00:00.000Z,Eugene,OR,US,Berkshire Street,97475
A4:CF:12:7B:67:A9,Traeger-67A9,46.81018448,-100.90387726,A4:CF:12,5,wpa2,2025-02-06T14:00:00.000Z,2026-05-10T13:00:00.000Z,,ND,US,State Highway 6,58554
A4:CF:12:7B:68:5D,Traeger-685D,39.3986702,-119.76525879,A4:CF:12,5,wpa2,2025-12-06T00:00:00.000Z,2026-05-29T16:00:00.000Z,,NV,US,Wedge Parkway,89521
A4:CF:12:7B:69:15,Traeger-6915,47.70079422,-116.84218597,A4:CF:12,5,wpa2,2025-08-24T21:00:00.000Z,2026-07-15T06:00:00.000Z,Coeur d'Alene,ID,US,West Shoreview Lane,83815
A4:CF:12:7B:6A:09,Traeger-6A09,52.81921005,-119.27261353,A4:CF:12,5,wpa2,2004-05-11T13:00:00.000Z,2026-07-18T17:00:00.000Z,,British Columbia,CA,Southern Yellowhead Highway,V0E 2Z0
A4:CF:12:7B:6A:61,Traeger-6A61,42.02680206,-84.34980011,A4:CF:12,5,wpa2,2026-06-13T19:00:00.000Z,2026-06-13T14:00:00.000Z,,MI,US,US 127,49220
A4:CF:12:7B:6A:A1,Traeger-6AA1,37.27630615,-107.88234711,A4:CF:12,5,wpa2,2021-02-28T16:00:00.000Z,2025-03-09T00:00:00.000Z,Durango,CO,US,Camino del Rio,81301
A4:CF:12:7B:6C:BD,Traeger-6CBD,43.63604355,-116.43375397,A4:CF:12,5,wpa2,2024-12-15T20:00:00.000Z,2024-12-15T15:00:00.000Z,Meridian,ID,US,North Ten Mile Road,83646
A4:CF:12:7B:6D:E9,Traeger-6DE9,47.26735687,-122.490242,A4:CF:12,5,wpa2,2022-08-05T05:00:00.000Z,2025-05-17T02:00:00.000Z,Tacoma,WA,US,North 21st Street,98416
A4:CF:12:7B:70:C5,Traeger-70C5,42.67220306,-71.08987427,A4:CF:12,5,wpa2,2025-07-06T00:00:00.000Z,2025-07-06T16:00:00.000Z,,MA,US,Salem Street,01845
A4:CF:12:7B:71:99,Traeger-7199,45.1062355,-92.55821228,A4:CF:12,5,wpa2,2023-01-06T10:00:00.000Z,2026-02-09T10:00:00.000Z,,WI,US,County Road A,54017
A4:CF:12:7B:72:61,Traeger-7261,37.51271057,-120.82042694,A4:CF:12,6,wpa2,2024-11-17T23:00:00.000Z,2024-11-18T14:00:00.000Z,Turlock,CA,US,Bristol Park Circle,
A4:CF:12:7B:75:C9,Traeger-75C9,35.69207001,-78.0697403,A4:CF:12,5,wpa2,2025-05-31T21:00:00.000Z,2025-06-02T09:00:00.000Z,,NC,US,NC 42,27851
A4:CF:12:7B:76:71,Traeger-7671,41.50246429,-72.9213028,A4:CF:12,5,wpa2,2025-05-25T01:00:00.000Z,2025-05-24T19:00:00.000Z,,CT,US,Oak Avenue,06410
A4:CF:12:7B:78:DD,Traeger-78DD,47.54494095,-122.21302795,A4:CF:12,5,wpa2,2026-08-03T06:00:00.000Z,2026-08-03T00:00:00.000Z,,WA,US,East Mercer Way,98040
A4:CF:12:7B:79:11,Traeger-7911,46.38943863,-105.83495331,A4:CF:12,5,wpa2,2024-03-15T15:00:00.000Z,2026-03-21T21:00:00.000Z,,MT,US,I 94;US 12,59301
A4:CF:12:7B:7A:31,Traeger-7A31,33.52326584,-117.58311462,A4:CF:12,5,wpa2,2024-10-15T15:00:00.000Z,2024-10-16T16:00:00.000Z,Mission Viejo,CA,US,Saddle Way,92693
A4:CF:12:7B:7A:F9,Traeger-7AF9,41.38925171,-81.49188232,A4:CF:12,5,wpa2,2025-07-16T00:00:00.000Z,2025-08-05T17:00:00.000Z,,OH,US,Whitetail Run,44146
A4:CF:12:7B:7B:95,Traeger-7B95,41.21879196,-73.13449097,A4:CF:12,5,wpa2,2026-06-25T11:00:00.000Z,2026-06-25T05:00:00.000Z,,CT,US,Highland Avenue,06614
A4:CF:12:7B:7C:21,Traeger-7C21,44.77313614,-93.3328476,A4:CF:12,5,wpa2,2024-10-10T13:00:00.000Z,2024-10-10T09:00:00.000Z,,MN,US,Inglewood Avenue South,55337-2912
A4:CF:12:7B:7C:39,Traeger-7C39,59.82899094,10.40881824,A4:CF:12,5,wpa2,2023-12-26T11:00:00.000Z,2026-08-16T08:00:00.000Z,,Viken,NO,Drammensveien,1383
A4:CF:12:7B:7C:C9,Traeger-7CC9,40.58363342,-75.57119751,A4:CF:12,5,wpa2,2026-02-04T20:00:00.000Z,2026-02-04T17:00:00.000Z,Upper Macungie Township,PA,US,Walter J Dealtrey Memorial Highway,18106
A4:CF:12:7B:7E:7D,Traeger-7E7D,41.25129318,-96.09107208,A4:CF:12,5,wpa2,2025-04-09T00:00:00.000Z,2025-04-11T15:00:00.000Z,Omaha,NE,US,South 114th Street,68144
A4:CF:12:7B:7F:51,Traeger-7F51,40.43353653,-76.99941254,A4:CF:12,5,wpa2,2021-08-07T17:00:00.000Z,2026-05-09T11:00:00.000Z,,PA,US,Susquehanna Trail,
A4:CF:12:7B:7F:91,Traeger-7F91,47.07628632,-122.83370972,A4:CF:12,5,wpa2,2026-05-29T22:00:00.000Z,2026-06-28T14:00:00.000Z,,WA,US,Sleater Kinney Road Northeast,98516-5364
A4:CF:12:7B:80:6D,Traeger-806D,33.7381897,-112.47783661,A4:CF:12,5,wpa2,2024-02-11T02:00:00.000Z,2024-09-09T02:00:00.000Z,,AZ,US,US 60,85361
A4:CF:12:7B:82:BD,Traeger-82BD,41.41630936,-92.91603088,A4:CF:12,5,wpa2,2024-05-12T16:00:00.000Z,2024-09-14T12:00:00.000Z,,IA,US,Main Street,50219
A4:CF:12:7B:85:99,Traeger-8599,34.60188675,-112.35205078,A4:CF:12,5,wpa2,2021-06-03T15:00:00.000Z,2024-12-24T04:00:00.000Z,,AZ,US,North Granville Fairway,86314
A4:CF:12:7B:86:2D,Traeger-862D,35.11222076,-88.25661469,A4:CF:12,5,wpa2,2024-06-07T23:00:00.000Z,2025-05-19T12:00:00.000Z,,TN,US,TN 128,38372
A4:CF:12:7B:86:61,Traeger-8661,59.89665604,10.67874718,A4:CF:12,5,wpa2,2025-04-27T15:00:00.000Z,2025-04-27T08:00:00.000Z,Oslo,Fredensborg,NO,Schiøtts vei,0286
A4:CF:12:7B:86:6D,Traeger-866D,44.49178696,-73.11460114,A4:CF:12,5,wpa2,2026-07-31T16:00:00.000Z,2026-07-31T09:00:00.000Z,Essex Junction,VT,US,Pearl Street,04503
A4:CF:12:7B:87:79,Traeger-8779,50.97384262,-113.6904068,A4:CF:12,5,wpa2,2026-08-27T06:00:00.000Z,2026-08-30T10:00:00.000Z,,Alberta,CA,McIntyre Place,T0J 1X2
A4:CF:12:7B:88:BD,Traeger-88BD,41.33028793,-94.1689682,A4:CF:12,5,wep,2026-08-22T16:00:00.000Z,2026-08-23T15:00:00.000Z,,IA,US,State Highway 92,
A4:CF:12:7B:8A:6D,Traeger-8A6D,39.0420723,-85.90744019,A4:CF:12,5,wpa2,2020-12-11T13:00:00.000Z,2025-08-09T19:00:00.000Z,,IN,US,I 65,
A4:CF:12:7B:8B:9D,Traeger-8B9D,40.6047554,-80.0941391,A4:CF:12,5,wpa2,2021-01-29T10:00:00.000Z,2026-05-19T21:00:00.000Z,,PA,US,I 79,15015
A4:CF:12:7B:8D:71,Traeger-8D71,41.96039963,-83.39349365,A4:CF:12,5,wpa2,2025-10-12T19:00:00.000Z,2025-10-12T13:00:00.000Z,,MI,US,Telegraph Road,48166
A4:CF:12:7B:8D:AD,Traeger-8DAD,34.00585556,-84.64802551,A4:CF:12,5,wpa2,2026-08-23T12:00:00.000Z,2026-08-23T05:00:00.000Z,,GA,US,Mack Dobbs Road Northwest,30152
A4:CF:12:7B:8E:01,,30.58044624,-100.65164948,A4:CF:12,0,unknown,2026-02-02T12:00:00.000Z,2026-02-02T17:00:00.000Z,Sonora,TX,US,I 10,76950
A4:CF:12:7B:8F:65,Traeger-8F65,46.25932693,-119.22164917,A4:CF:12,5,wpa2,2024-03-14T18:00:00.000Z,2025-06-29T21:00:00.000Z,Pasco,WA,US,Pinnacle Lane,99336-1117
A4:CF:12:7B:90:15,Traeger-9015,35.60636139,-80.45272064,A4:CF:12,5,wpa2,2025-05-19T00:00:00.000Z,2025-05-21T15:00:00.000Z,,NC,US,West Bank Street,28146
A4:CF:12:7B:91:A9,Traeger-91A9,52.18744278,-106.64976501,A4:CF:12,5,wpa2,2021-02-23T10:00:00.000Z,2026-03-28T15:00:00.000Z,Saskatoon,Saskatchewan,CA,60th Street East,S7P 0B2
A4:CF:12:7B:92:91,Traeger-9291,33.22911072,-117.30562592,A4:CF:12,5,wpa2,2024-10-19T21:00:00.000Z,2024-10-19T16:00:00.000Z,Oceanside,CA,US,Mission Avenue,92057
A4:CF:12:7B:94:D1,Traeger-94D1,36.75046158,-108.38565063,A4:CF:12,5,wpa2,2023-04-13T08:00:00.000Z,2026-08-05T18:00:00.000Z,,NM,US,US 64,87420
A4:CF:12:7B:95:B1,Traeger-95B1,43.62714767,-116.55321503,A4:CF:12,5,wpa2,2025-03-17T17:00:00.000Z,2025-03-17T11:00:00.000Z,Nampa,ID,US,Franklin Boulevard,83867
A4:CF:12:7B:96:4D,Traeger-964D,33.64584732,-117.69651031,A4:CF:12,5,wpa2,2025-03-01T23:00:00.000Z,2025-03-01T21:00:00.000Z,,CA,US,Northwood Lane,92630
A4:CF:12:7B:96:CD,Traeger-96CD,40.08952332,-74.08804321,A4:CF:12,5,wpa2,2026-06-01T21:00:00.000Z,2026-06-01T15:00:00.000Z,,NJ,US,Herbertsville Road,08742
A4:CF:12:7B:98:59,Traeger-9859,33.43445587,-84.27390289,A4:CF:12,5,wpa2,2024-10-12T20:00:00.000Z,2024-10-12T14:00:00.000Z,,GA,US,Mount Carmel Road,30253
A4:CF:12:7B:98:8D,Traeger-988D,40.3673172,-76.07897949,A4:CF:12,5,unknown,2025-04-05T16:00:00.000Z,2025-04-06T22:00:00.000Z,Lower Heidelberg Township,PA,US,Brownsville Road,19565
A4:CF:12:7B:9A:3D,Traeger-9A3D,32.32081223,-111.22699738,A4:CF:12,5,wpa2,2025-10-19T11:00:00.000Z,2026-04-13T12:00:00.000Z,,AZ,US,West Orange Grove Road,
A4:CF:12:7B:9A:85,Traeger-9A85,44.40589142,-71.7219696,A4:CF:12,5,wpa2,2024-03-06T19:00:00.000Z,2026-06-21T03:00:00.000Z,,NH,US,Bridge Hill,05906
A4:CF:12:7B:9B:8D,Traeger-9B8D,47.47316742,-115.8658905,A4:CF:12,5,wpa2,2021-07-14T18:00:00.000Z,2025-10-28T16:00:00.000Z,,ID,US,I 90,
A4:CF:12:7B:9B:91,Traeger-9B91,39.55625153,-119.73292542,A4:CF:12,5,wpa2,2026-06-29T03:00:00.000Z,2026-06-28T23:00:00.000Z,,NV,US,Baring Boulevard,89341
A4:CF:12:7B:9C:C1,Traeger-9CC1,36.08829498,-115.31474304,A4:CF:12,5,wpa2,2025-06-19T19:00:00.000Z,2025-06-19T13:00:00.000Z,,NV,US,Spur Heel Court,89148
A4:CF:12:7B:9D:25,Traeger-9D25,41.3134613,-82.58143616,A4:CF:12,5,wpa2,2026-03-14T19:00:00.000Z,2026-06-12T03:00:00.000Z,,OH,US,River Road,44846
A4:CF:12:7B:9E:3D,Traeger-9E3D,32.76872253,-97.79903412,A4:CF:12,5,wpa2,2026-08-10T21:00:00.000Z,2026-08-10T18:00:00.000Z,,TX,US,Hanover Street,76086
A4:CF:12:7B:A1:55,Traeger-A155,41.52569199,-112.02310181,A4:CF:12,5,wpa2,2022-08-26T20:00:00.000Z,2026-01-09T22:00:00.000Z,,UT,US,North 500 West,84303
A4:CF:12:7B:A1:91,Traeger-A191,47.73974991,-122.12866974,A4:CF:12,5,wpa2,2026-08-08T06:00:00.000Z,2026-08-08T00:00:00.000Z,,WA,US,158th Avenue Northeast,98072
A4:CF:12:7B:A2:ED,Traeger-A2ED,41.17837906,-111.95554352,A4:CF:12,5,wpa2,2022-04-21T15:00:00.000Z,2025-12-19T10:00:00.000Z,,UT,US,Glassmann Way,84408
A4:CF:12:7B:A3:09,Traeger-A309,39.11855316,-77.58280182,A4:CF:12,5,wpa2,2022-02-08T12:00:00.000Z,2026-08-26T21:00:00.000Z,Leesburg,VA,US,Harry Byrd Highway,20175
A4:CF:12:7B:A3:39,Traeger-A339,36.19796753,-115.05284882,A4:CF:12,5,wpa2,2025-10-28T19:00:00.000Z,2025-11-05T15:00:00.000Z,,NV,US,North Christy Lane,89156
A4:CF:12:7B:A3:69,Traeger-A369,41.22385025,-84.38995361,A4:CF:12,5,wpa2,2025-03-17T19:00:00.000Z,2025-04-15T18:00:00.000Z,,OH,US,Bowman Road,43512
A4:CF:12:7B:A4:0D,Traeger-A40D,41.29154205,-112.02577972,A4:CF:12,5,wpa2,2024-08-04T22:00:00.000Z,2024-11-28T17:00:00.000Z,Farr West,UT,US,I 15;I 84,84404
A4:CF:12:7B:A4:29,Traeger-A429,41.75239944,-124.18508148,A4:CF:12,5,wpa2,2024-07-24T00:00:00.000Z,2024-09-08T17:00:00.000Z,,CA,US,Elk Valley Road,95531-4416
A4:CF:12:7B:A4:59,Traeger-A459,27.59410667,-82.43245697,A4:CF:12,5,wpa2,2026-01-20T22:00:00.000Z,2026-01-20T19:00:00.000Z,,FL,US,Moccasin Wallow Road,34221
A4:CF:12:7B:A4:C1,Traeger-A4C1,38.55422974,-121.4430542,A4:CF:12,5,wpa2,2024-10-02T04:00:00.000Z,2024-10-02T03:00:00.000Z,Sacramento,CA,US,T Street,95819
A4:CF:12:7B:A5:11,Traeger-A511,40.83718872,-115.80570221,A4:CF:12,5,wpa2,2025-01-22T20:00:00.000Z,2025-02-18T14:00:00.000Z,,NV,US,Royal Crest Drive,89801
A4:CF:12:7B:A5:81,Traeger-A581,33.25623703,-111.618927,A4:CF:12,5,wpa2,2025-04-03T00:00:00.000Z,2025-11-30T19:00:00.000Z,,AZ,US,East Barnes Parkway,85142
A4:CF:12:7B:A8:05,Traeger-A805,44.8224411,-93.53825378,A4:CF:12,5,wpa2,2022-08-26T14:00:00.000Z,2025-11-19T15:00:00.000Z,,MN,US,Great Plains Boulevard,55318
A4:CF:12:7B:A9:AD,Traeger-A9AD,33.63710403,-117.87649536,A4:CF:12,5,wpa2,2026-07-11T15:00:00.000Z,2026-08-22T23:00:00.000Z,,CA,US,Eastbluff Drive,92660
A4:CF:12:7B:AA:C9,Traeger-AAC9,47.11856461,-122.39076996,A4:CF:12,5,wpa2,2022-09-13T17:00:00.000Z,2026-05-29T08:00:00.000Z,,WA,US,152nd Street East,98445
A4:CF:12:7B:AC:B1,Traeger-ACB1,44.88399887,-84.31021118,A4:CF:12,5,wpa2,2026-06-28T16:00:00.000Z,2026-06-30T09:00:00.000Z,,MI,US,Salling Avenue,49756
A4:CF:12:7B:AE:C1,Traeger-AEC1,45.50609207,-122.6227417,A4:CF:12,5,wpa2,2025-04-19T03:00:00.000Z,2025-04-18T22:00:00.000Z,Portland,OR,US,Southeast César E. Chávez Boulevard,97214
A4:CF:12:7B:B2:D5,Traeger-B2D5,35.03059769,-89.69920349,A4:CF:12,5,wpa2,2026-01-07T02:00:00.000Z,2026-06-14T18:00:00.000Z,,TN,US,Collierville Road,38017
A4:CF:12:7B:B2:E9,Traeger-B2E9,47.28314972,-95.07566833,A4:CF:12,5,wpa2,2026-04-23T18:00:00.000Z,2026-04-24T13:00:00.000Z,,MN,US,CR 3,56601
A4:CF:12:7B:B3:89,Traeger-B389,39.74234009,-105.50991821,A4:CF:12,5,wpa2,2022-12-02T15:00:00.000Z,2025-03-18T15:00:00.000Z,,CO,US,Miner Street,80452
A4:CF:12:7B:B3:D5,Traeger-B3D5,48.04811096,10.87300873,A4:CF:12,5,wpa2,2023-08-13T15:00:00.000Z,2024-11-08T11:00:00.000Z,,Bayern,DE,St.-Laurent-du-Var-Promenade,86899
A4:CF:12:7B:B4:6D,Traeger-B46D,49.18771362,-123.14502716,A4:CF:12,5,wpa2,2024-05-23T21:00:00.000Z,2026-07-05T22:00:00.000Z,Richmond,British Columbia,CA,Lancaster Crescent,V7B 1C3
A4:CF:12:7B:B4:B1,Traeger-B4B1,39.63584137,-111.44339752,A4:CF:12,5,wpa2,2026-07-17T17:00:00.000Z,2026-07-17T13:00:00.000Z,,UT,US,North State Street,84629
A4:CF:12:7B:B5:0D,Traeger-B50D,35.1215744,-80.70066071,A4:CF:12,5,wpa2,2026-08-30T21:00:00.000Z,2026-08-31T01:00:00.000Z,,NC,US,East Independence Boulevard,28105
A4:CF:12:7B:B5:65,Traeger-B565,50.95246887,-114.00169373,A4:CF:12,5,wpa2,2026-07-14T18:00:00.000Z,2026-07-22T15:00:00.000Z,Calgary,Alberta,CA,24 Street SE,T2Z 3E9
A4:CF:12:7B:B5:CD,Traeger-B5CD,41.97372818,-88.19194794,A4:CF:12,5,wpa2,2024-04-06T18:00:00.000Z,2025-10-28T16:00:00.000Z,,IL,US,West Stearns Road,60103
A4:CF:12:7B:B6:81,Traeger-B681,52.14617157,-106.72072601,A4:CF:12,5,wpa2,2024-09-11T18:00:00.000Z,2025-03-16T21:00:00.000Z,Saskatoon,Saskatchewan,CA,Makaroff Road,S7L 7C9
A4:CF:12:7B:B6:91,Traeger-B691,51.28570938,-114.01354218,A4:CF:12,5,wpa2,2021-04-16T22:00:00.000Z,2026-08-31T11:00:00.000Z,Airdrie,Alberta,CA,Main Street S,T4B 3M2
A4:CF:12:7B:B9:21,Traeger-B921,39.9791832,-85.97259521,A4:CF:12,5,wpa2,2022-04-17T21:00:00.000Z,2025-07-16T17:00:00.000Z,,IN,US,East 131st Street,46038
A4:CF:12:7B:B9:C5,Traeger-B9C5,36.13315964,-115.21806335,A4:CF:12,5,wpa2,2025-09-15T15:00:00.000Z,2025-09-15T14:00:00.000Z,,NV,US,West Palmyra Avenue,89146-8833
A4:CF:12:7B:BA:D9,Traeger-BAD9,26.005867,-80.16671753,A4:CF:12,5,wpa2,2025-02-02T19:00:00.000Z,2025-02-02T13:00:00.000Z,Hollywood,FL,US,I 95,33020
A4:CF:12:7B:BC:D1,Traeger-BCD1,47.05223083,-94.43852234,A4:CF:12,5,wpa2,2024-07-27T18:00:00.000Z,2026-08-22T19:00:00.000Z,,MN,US,State Highway 200 Northwest,56484
A4:CF:12:7B:BC:D9,Traeger-BCD9,33.27008438,-96.56692505,A4:CF:12,5,wpa2,2024-06-24T20:00:00.000Z,2025-07-05T11:00:00.000Z,Princeton,TX,US,County Road 362,75454
A4:CF:12:7B:BC:F9,Traeger-BCF9,52.15077972,-106.74007416,A4:CF:12,5,wpa2,2024-09-10T04:00:00.000Z,2024-09-09T22:00:00.000Z,Saskatoon,Saskatchewan,CA,37th Street West,S7L 7A4
A4:CF:12:7B:BD:45,Traeger-BD45,32.80958939,-117.25483704,A4:CF:12,5,wpa2,2026-04-02T00:00:00.000Z,2026-04-01T19:00:00.000Z,San Diego,CA,US,Turquoise Street,92109
A4:CF:12:7B:BD:69,Traeger-BD69,46.94873047,-122.35752106,A4:CF:12,5,wpa2,2021-09-12T19:00:00.000Z,2025-10-09T09:00:00.000Z,,WA,US,Mountain Highway East,98328
A4:CF:12:7B:BD:E1,Traeger-BDE1,33.8193512,-118.32706451,A4:CF:12,5,wpa2,2024-11-11T18:00:00.000Z,2024-11-11T14:00:00.000Z,Torrance,CA,US,West 228th Street,90501
A4:CF:12:7B:BD:F5,Traeger-BDF5,31.60329247,-93.4355011,A4:CF:12,5,wpa2,2025-11-19T19:00:00.000Z,2025-11-19T15:00:00.000Z,,LA,US,Natchitoches Highway,71469
A4:CF:12:7B:BE:7D,Traeger-BE7D,46.59102631,-120.6112442,A4:CF:12,5,wpa2,2025-11-04T00:00:00.000Z,2025-11-03T17:00:00.000Z,Yakima,WA,US,Midvale Road,98908
A4:CF:12:7B:BE:C1,Traeger-BEC1,48.16695023,-103.66172791,A4:CF:12,5,wpa2,2024-09-09T00:00:00.000Z,2024-09-08T17:00:00.000Z,Williston,ND,US,,58802
A4:CF:12:7B:BE:F5,Traeger-BEF5,47.72592545,-116.93727112,A4:CF:12,5,wpa2,2023-07-06T19:00:00.000Z,2026-09-02T17:00:00.000Z,,ID,US,North Idaho Road,83854
A4:CF:12:7B:BF:79,Traeger-BF79,39.11223602,-108.36495209,A4:CF:12,5,wpa2,2026-04-20T16:00:00.000Z,2026-04-20T10:00:00.000Z,,CO,US,G 4/10 Road,81526
A4:CF:12:7B:BF:F1,Traeger-BFF1,47.67579269,-122.27896881,A4:CF:12,5,wpa2,2024-10-22T04:00:00.000Z,2024-10-21T21:00:00.000Z,Seattle,WA,US,Northeast 65th Street,98115
A4:CF:12:7B:C0:41,Traeger-C041,40.67827225,-122.36685944,A4:CF:12,5,wpa2,2026-08-12T15:00:00.000Z,2026-09-01T08:00:00.000Z,,CA,US,Fort Peck Street,96019
A4:CF:12:7B:C1:DD,Traeger-C1DD,48.48542404,-81.20766449,A4:CF:12,5,wpa2,2025-10-10T14:00:00.000Z,2025-12-30T23:00:00.000Z,Timmins,Ontario,CA,Front Street,P0N 1H0
A4:CF:12:7B:C2:29,Traeger-C229,53.70569992,-113.21282196,A4:CF:12,5,wpa2,2024-01-19T00:00:00.000Z,2025-07-28T19:00:00.000Z,Fort Saskatchewan,Alberta,CA,100 Street,T8L 2C5
A4:CF:12:7B:C2:59,Traeger-C259,33.49249649,-117.07457733,A4:CF:12,5,wpa2,2024-09-02T22:00:00.000Z,2025-01-02T17:00:00.000Z,Temecula,CA,US,Corte Figueroa,92592
A4:CF:12:7B:C4:05,Traeger-C405,37.75614929,-97.42643738,A4:CF:12,5,wpa2,2024-11-26T20:00:00.000Z,2024-11-26T13:00:00.000Z,Wichita,KS,US,North Ridge Road,67101
A4:CF:12:7B:C4:15,Traeger-C415,42.06158066,-87.91427612,A4:CF:12,5,wpa2,2026-08-15T20:00:00.000Z,2026-08-15T14:00:00.000Z,,IL,US,Harvard Street,60016
A4:CF:12:7B:C5:29,Traeger-C529,33.50030899,-111.99541473,A4:CF:12,5,wpa2,2021-03-31T23:00:00.000Z,2025-03-08T21:00:00.000Z,Phoenix,AZ,US,North 40th Street,85018
A4:CF:12:7B:C5:69,Traeger-C569,37.28492355,-121.91356659,A4:CF:12,5,wpa2,2025-11-24T14:00:00.000Z,2026-02-23T18:00:00.000Z,San Jose,CA,US,Meridian Avenue,95124-3199
A4:CF:12:7B:C5:91,Traeger-C591,37.47816467,-120.8826828,A4:CF:12,5,wep,2025-05-14T20:00:00.000Z,2026-07-28T10:00:00.000Z,Turlock,CA,US,West Linwood Avenue,95381
A4:CF:12:7B:C6:E9,Traeger-C6E9,47.11111832,-122.31741333,A4:CF:12,5,wpa2,2026-03-04T20:00:00.000Z,2026-04-05T20:00:00.000Z,,WA,US,160th Street East,98375-9511
A4:CF:12:7B:C8:55,Traeger-C855,47.07537079,-122.4004364,A4:CF:12,5,wpa2,2023-07-22T20:00:00.000Z,2026-08-27T17:00:00.000Z,,WA,US,22nd East Avenue,98404
A4:CF:12:7B:C8:CD,Traeger-C8CD,35.33148193,-120.8282547,A4:CF:12,5,wpa2,2024-09-27T20:00:00.000Z,2024-09-27T16:00:00.000Z,,CA,US,13th Street,93402
A4:CF:12:7B:C9:45,Traeger-C945,43.29737473,-70.61473846,A4:CF:12,5,wpa2,2025-09-26T00:00:00.000Z,2026-07-25T18:00:00.000Z,,ME,US,Littlefield Road,04090
A4:CF:12:7B:CA:01,Traeger-CA01,35.14037704,-81.94746399,A4:CF:12,5,wpa2,2026-06-04T23:00:00.000Z,2026-06-04T17:00:00.000Z,Chesnee,SC,US,Martin Camp Road,29323
A4:CF:12:7B:CA:79,Traeger-CA79,41.06803131,-111.95052338,A4:CF:12,5,wpa2,2021-03-05T14:00:00.000Z,2026-05-24T19:00:00.000Z,Layton,UT,US,North Fairfield Road,84041
A4:CF:12:7B:CA:81,Traeger-CA81,35.5984726,-118.826828,A4:CF:12,5,wpa2,2026-06-22T20:00:00.000Z,2026-06-29T11:00:00.000Z,,CA,US,Pine Mountain Road,
A4:CF:12:7B:CB:B9,Traeger-CBB9,44.83349228,-93.27173615,A4:CF:12,5,wpa2,2025-01-31T23:00:00.000Z,2026-07-20T15:00:00.000Z,,MN,US,East 94th Street,55420
A4:CF:12:7B:CC:08,GoogieMonster_2GEXT,40.43598938,-104.95545197,A4:CF:12,1,unknown,2026-08-06T22:00:00.000Z,2026-08-07T08:00:00.000Z,,CO,US,Crossroads Boulevard,80538-9005
A4:CF:12:7B:CC:E1,Traeger-CCE1,37.74446106,-121.11236572,A4:CF:12,5,wep,2026-08-12T17:00:00.000Z,2026-08-12T15:00:00.000Z,,CA,US,Topaz Court,95366
A4:CF:12:7B:CD:19,Traeger-CD19,44.5334053,-75.76750183,A4:CF:12,5,wpa2,2023-10-07T17:00:00.000Z,2025-04-09T21:00:00.000Z,Front of Yonge,Ontario,CA,Highway 401,K6V 5T3
A4:CF:12:7B:CF:0D,Traeger-CF0D,39.58539963,-104.7861557,A4:CF:12,5,wpa2,2024-11-04T00:00:00.000Z,2024-11-17T22:00:00.000Z,,CO,US,South Richfield Street,80015
A4:CF:12:7B:CF:2D,Traeger-CF2D,49.92918396,-97.15933228,A4:CF:12,5,wpa2,2026-07-29T18:00:00.000Z,2026-07-29T16:00:00.000Z,Winnipeg,Manitoba,CA,Mountain Avenue,R2W 1W9
A4:CF:12:7B:D3:45,Traeger-D345,40.16883087,-76.13683319,A4:CF:12,5,wpa2,2021-06-17T16:00:00.000Z,2025-05-31T12:00:00.000Z,,PA,US,Hahnstown Road,17522
A4:CF:12:7B:D3:69,Traeger-D369,48.29939651,-95.62342072,A4:CF:12,5,wpa2,2026-08-05T00:00:00.000Z,2026-08-04T20:00:00.000Z,,MN,US,East Park Drive,
A4:CF:12:7B:D3:79,Traeger-D379,47.29252243,-93.41938019,A4:CF:12,5,wpa2,2025-06-29T21:00:00.000Z,2025-06-29T16:00:00.000Z,,MN,US,2nd Avenue,55709
A4:CF:12:7B:D4:C9,Traeger-D4C9,45.5116272,-122.6969223,A4:CF:12,5,wpa2,2025-08-17T20:00:00.000Z,2025-10-28T16:00:00.000Z,Portland,OR,US,Southwest 19th Avenue,97201
A4:CF:12:7B:D5:11,Traeger-D511,45.5056076,-93.22923279,A4:CF:12,5,wpa2,2026-02-08T22:00:00.000Z,2026-07-20T23:00:00.000Z,,MN,US,8th Northeast Avenue,55040
A4:CF:12:7B:D5:69,Traeger-D569,40.60878754,-112.05031586,A4:CF:12,5,wpa2,2026-01-18T02:00:00.000Z,2026-01-18T13:00:00.000Z,,UT,US,S 6700 West,84081
A4:CF:12:7B:D6:19,Traeger-D619,32.10570526,-110.70774078,A4:CF:12,5,wpa2,2025-02-19T22:00:00.000Z,2025-02-28T11:00:00.000Z,,AZ,US,South Expedition Drive,
A4:CF:12:7B:D7:69,Traeger-D769,33.51869965,-117.02236176,A4:CF:12,5,wpa2,2026-05-03T02:00:00.000Z,2026-05-02T20:00:00.000Z,,CA,US,Via Verde,
A4:CF:12:7B:DA:3D,Traeger-DA3D,43.50735474,-111.9641571,A4:CF:12,5,wpa2,2024-10-26T23:00:00.000Z,2025-05-11T23:00:00.000Z,,ID,US,North Ammon Road,83427
A4:CF:12:7B:DA:61,Traeger-DA61,40.58621979,-75.63779449,A4:CF:12,5,wpa2,2026-06-28T14:00:00.000Z,2026-06-29T19:00:00.000Z,Upper Macungie Township,PA,US,Moyer Road,18051
A4:CF:12:7B:DA:71,Traeger-DA71,41.46266556,-106.80592346,A4:CF:12,5,wpa2,2021-11-17T23:00:00.000Z,2025-08-15T23:00:00.000Z,,WY,US,North 1st Street,82331
A4:CF:12:7B:DA:D1,Traeger-DAD1,48.76081467,1.93545139,A4:CF:12,5,wpa2,2024-10-11T10:00:00.000Z,2024-10-11T03:00:00.000Z,,Île-de-France,FR,Boulevard de la Loire,78310
A4:CF:12:7B:DB:31,Traeger-DB31,33.49711609,-112.0438385,A4:CF:12,5,wpa2,2020-07-03T21:00:00.000Z,2025-03-09T07:00:00.000Z,Phoenix,AZ,US,Piestewa Freeway,85016
A4:CF:12:7B:DF:31,Traeger-DF31,28.22190285,-82.54057312,A4:CF:12,5,wpa2,2025-09-20T17:00:00.000Z,2025-09-20T10:00:00.000Z,,FL,US,Tuner Bend,
A4:CF:12:7B:E0:41,Traeger-E041,35.74416733,-83.97532654,A4:CF:12,5,wpa2,2026-05-08T17:00:00.000Z,2026-07-02T06:00:00.000Z,,TN,US,Ray Avenue,37803
A4:CF:12:7B:E1:49,Traeger-E149,39.09318924,-94.89933777,A4:CF:12,5,wpa2,2020-04-16T14:00:00.000Z,2026-01-30T08:00:00.000Z,,KS,US,Kansas Turnpike,66012
A4:CF:12:7B:E1:A9,Traeger-E1A9,36.72279358,-76.35655212,A4:CF:12,5,wpa2,2025-07-27T22:00:00.000Z,2025-07-27T19:00:00.000Z,Chesapeake,VA,US,Arbuckle Street,23323
A4:CF:12:7B:E2:3D,Traeger-E23D,37.52297592,-120.80046082,A4:CF:12,6,wep,2025-02-11T17:00:00.000Z,2025-05-29T09:00:00.000Z,,CA,US,,95381
A4:CF:12:7B:E2:51,Traeger-E251,47.76947784,-116.77336121,A4:CF:12,5,wpa2,2025-09-25T09:00:00.000Z,2025-09-25T04:00:00.000Z,,ID,US,East Lacey Avenue,83835
A4:CF:12:7B:E3:D1,Traeger-E3D1,39.99720383,-105.13993073,A4:CF:12,5,wpa2,2024-05-25T10:00:00.000Z,2025-08-15T23:00:00.000Z,,CO,US,King Court,80026-2872
A4:CF:12:7B:E5:29,Traeger-E529,47.19026947,-122.30630493,A4:CF:12,5,wpa2,2021-02-24T18:00:00.000Z,2025-12-10T21:00:00.000Z,,WA,US,West Pioneer,98371
A4:CF:12:7B:E6:65,Traeger-E665,40.54853821,-111.98633575,A4:CF:12,5,wpa2,2024-02-22T19:00:00.000Z,2025-05-05T07:00:00.000Z,,UT,US,4000 West,84095-4811
A4:CF:12:7B:E7:91,Traeger-E791,40.51752853,-86.89631653,A4:CF:12,5,wpa2,2023-04-12T19:00:00.000Z,2026-02-14T06:00:00.000Z,,IN,US,I 65,47920
A4:CF:12:7B:E8:21,Traeger-E821,39.77781677,-105.06242371,A4:CF:12,5,wpa2,2026-04-03T17:00:00.000Z,2026-04-03T11:00:00.000Z,,CO,US,,80212
A4:CF:12:7B:E8:A1,Traeger-E8A1,38.82810211,-106.12484741,A4:CF:12,5,wpa2,2025-08-19T20:00:00.000Z,2025-10-08T18:00:00.000Z,,CO,US,US Highway 24,81211
A4:CF:12:7B:EB:41,Traeger-EB41,39.17868042,-88.45285797,A4:CF:12,5,wpa2,2025-10-23T14:00:00.000Z,2025-10-25T15:00:00.000Z,,IL,US,050N,62467
A4:CF:12:7B:EC:59,Traeger-EC59,42.03859329,-87.88676453,A4:CF:12,5,wpa2,2026-06-20T14:00:00.000Z,2026-06-20T10:00:00.000Z,,IL,US,Prairie Avenue,60016
A4:CF:12:7B:ED:6D,Traeger-ED6D,42.55234909,-71.77262878,A4:CF:12,5,wpa2,2023-05-02T14:00:00.000Z,2026-08-13T18:00:00.000Z,Leominster,MA,US,Concord Turnpike,01453
A4:CF:12:7B:ED:E1,Traeger-EDE1,33.52748108,-111.90396118,A4:CF:12,5,wpa2,2023-10-23T16:00:00.000Z,2026-08-07T13:00:00.000Z,Scottsdale,AZ,US,East Rose Lane,85250
A4:CF:12:7B:EE:21,Traeger-EE21,39.71776962,-89.47782898,A4:CF:12,5,wpa2,2025-11-09T20:00:00.000Z,2025-11-09T15:00:00.000Z,,IL,US,IL 29,62563
A4:CF:12:7B:EE:E5,Traeger-EEE5,33.49200439,-111.9990921,A4:CF:12,5,wpa2,2020-08-04T11:00:00.000Z,2025-03-09T00:00:00.000Z,Phoenix,AZ,US,East Clarendon Avenue,85018
A4:CF:12:7B:EE:F1,Traeger-EEF1,38.80640411,-121.33718872,A4:CF:12,5,wpa2,2026-08-09T15:00:00.000Z,2026-08-09T08:00:00.000Z,Roseville,CA,US,Mount Baldy Drive,95747-5122
A4:CF:12:7B:F0:29,Traeger-F029,43.23305893,-88.01032257,A4:CF:12,5,wpa2,2026-05-03T17:00:00.000Z,2026-05-03T11:00:00.000Z,,WI,US,West Evergreen Road,53097
A4:CF:12:7B:F1:2D,Traeger-F12D,33.85496902,-118.36940002,A4:CF:12,1,wpa2,2023-01-28T00:00:00.000Z,2026-08-19T05:00:00.000Z,Torrance,CA,US,Entradero Avenue,90503
A4:CF:12:7B:F1:69,Traeger-F169,29.72742081,-82.55942535,A4:CF:12,5,wpa2,2026-07-29T20:00:00.000Z,2026-07-30T14:00:00.000Z,,FL,US,Northwest 78th Avenue,32615
A4:CF:12:7B:F1:79,Traeger-F179,38.75606537,-77.33979034,A4:CF:12,5,wpa2,2024-03-19T00:00:00.000Z,2026-04-21T18:00:00.000Z,,VA,US,Wolf Run Shoals Road,22039
A4:CF:12:7B:F6:E5,Traeger-F6E5,40.95057678,-115.6186676,A4:CF:12,5,wpa2,2001-12-31T07:00:00.000Z,2025-05-22T12:00:00.000Z,,NV,US,I 80,
A4:CF:12:7B:F8:65,Traeger-F865,33.46450424,-117.06999207,A4:CF:12,5,wpa2,2024-11-09T00:00:00.000Z,2024-11-08T17:00:00.000Z,,CA,US,Via Pascal,92592
A4:CF:12:7B:F9:65,Traeger-F965,43.50144577,-116.39302063,A4:CF:12,5,wpa2,2021-04-11T18:00:00.000Z,2026-08-16T21:00:00.000Z,Kuna,ID,US,North Meridian Road,83634
A4:CF:12:7B:F9:85,Traeger-F985,37.13609314,-121.66511536,A4:CF:12,5,wpa2,2025-10-28T13:00:00.000Z,2025-10-28T11:00:00.000Z,,CA,US,Hale Avenue,95037-4221
A4:CF:12:7B:F9:B9,Traeger-F9B9,45.38731003,-92.84144592,A4:CF:12,5,wpa2,2025-06-08T21:00:00.000Z,2025-06-08T16:00:00.000Z,,MN,US,Olinda Trail,55045
A4:CF:12:7B:FB:71,Traeger-FB71,39.73652649,-104.81607056,A4:CF:12,5,wpa2,2026-07-06T05:00:00.000Z,2026-07-12T23:00:00.000Z,Aurora,CO,US,Eagle Street,80045
A4:CF:12:7B:FB:AD,Traeger-FBAD,43.80007553,-123.07313538,A4:CF:12,5,wpa2,2024-11-21T18:00:00.000Z,2024-11-21T15:00:00.000Z,,OR,US,North P Street,97424
A4:CF:12:7B:FC:11,Traeger-FC11,33.66806793,-118.0147171,A4:CF:12,5,wpa2,2025-01-26T19:00:00.000Z,2025-01-26T14:00:00.000Z,Huntington Beach,CA,US,21st Street,92648
A4:CF:12:7B:FC:39,Traeger-FC39,37.95998764,-121.99962616,A4:CF:12,5,wpa2,2024-02-27T03:00:00.000Z,2024-12-22T02:00:00.000Z,Concord,CA,US,Shakespeare Drive,94521
A4:CF:12:7B:FC:85,Traeger-FC85,36.75624847,-105.59506989,A4:CF:12,5,wpa2,2025-01-04T01:00:00.000Z,2025-01-04T06:00:00.000Z,,CO,US,NM 522,87556
A4:CF:12:7B:FC:DD,Traeger-FCDD,41.31651306,-110.37856293,A4:CF:12,5,wpa2,2026-08-31T15:00:00.000Z,2026-08-31T09:00:00.000Z,,WY,US,I 80 Business,82937
A4:CF:12:7B:FC:FD,Traeger-FCFD,40.15502167,-111.62741089,A4:CF:12,5,wpa2,2025-12-19T20:00:00.000Z,2025-12-19T17:00:00.000Z,,UT,US,West 800 South,84663
A4:CF:12:7B:FD:39,Traeger-FD39,40.52690506,-111.86431122,A4:CF:12,5,wpa2,2022-09-08T06:00:00.000Z,2024-09-21T21:00:00.000Z,,UT,US,980 East,84020
A4:CF:12:7B:FD:3D,Traeger-FD3D,46.9982872,-123.50695801,A4:CF:12,5,wpa2,2024-04-05T00:00:00.000Z,2025-07-26T18:00:00.000Z,,WA,US,Monte Elma Road,
A4:CF:12:7B:FD:75,Traeger-FD75,40.41507721,-104.72457886,A4:CF:12,5,wpa2,2020-12-07T06:00:00.000Z,2026-08-15T12:00:00.000Z,Greeley,CO,US,28th Avenue,80634-9998
A4:CF:12:7B:FD:C1,Traeger-FDC1,37.65604401,-121.78633881,A4:CF:12,5,wpa2,2025-05-02T13:00:00.000Z,2025-05-02T09:00:00.000Z,,CA,US,Alden Lane,94550
A4:CF:12:7B:FD:F9,Traeger-FDF9,34.86177444,-120.40354919,A4:CF:12,5,wpa2,2024-02-18T20:00:00.000Z,2025-03-31T14:00:00.000Z,,CA,US,Solomon View Road,93455
A4:CF:12:7B:FF:39,Traeger-FF39,38.06598663,-87.65594482,A4:CF:12,5,wpa2,2026-07-20T21:00:00.000Z,2026-07-20T20:00:00.000Z,,IN,US,West Saint Joseph Road,47720
A4:CF:12:7B:FF:49,Traeger-FF49,34.64136505,-98.01959229,A4:CF:12,5,wpa2,2026-05-10T19:00:00.000Z,2026-05-10T19:00:00.000Z,,OK,US,N2790 Road,
A4:CF:12:7B:FF:61,Traeger-FF61,41.91576767,-87.6971817,A4:CF:12,5,wpa2,2023-06-28T12:00:00.000Z,2025-05-14T21:00:00.000Z,Chicago,IL,US,North California Avenue,60625
A4:CF:12:7B:FF:6D,Traeger-FF6D,32.68662262,-97.42905426,A4:CF:12,5,wpa2,2026-09-01T00:00:00.000Z,2026-08-31T20:00:00.000Z,Fort Worth,TX,US,Miramar Circle,76126
A4:CF:12:7B:FF:BD,Traeger-FFBD,38.47277832,-90.43423462,A4:CF:12,5,wpa2,2026-03-17T05:00:00.000Z,2026-07-24T19:00:00.000Z,,MO,US,MO 141,63010-4672
A4:CF:12:7C:00:49,Traeger-0049,30.19313049,-92.04685974,A4:CF:12,5,wpa2,2022-03-10T11:00:00.000Z,2026-01-02T18:00:00.000Z,Lafayette,LA,US,Kim Drive,70503
A4:CF:12:7C:00:A5,Traeger-00A5,40.70733261,-88.40995026,A4:CF:12,5,wpa2,2026-05-10T19:00:00.000Z,2026-08-29T17:00:00.000Z,,IL,US,South Center Street,61741
A4:CF:12:7C:00:E9,Traeger-00E9,40.28443909,-96.73696136,A4:CF:12,5,wpa2,2022-10-23T13:00:00.000Z,2025-11-25T19:00:00.000Z,Beatrice,NE,US,Dorsey Street,63810
A4:CF:12:7C:03:05,Traeger-0305,45.45332718,-73.87142181,A4:CF:12,5,wpa2,2025-09-09T12:00:00.000Z,2025-09-09T14:00:00.000Z,,Québec,CA,Rue Montague,H9H 3C3
A4:CF:12:7C:04:15,Traeger-0415,44.89764023,-92.86253357,A4:CF:12,5,wpa2,2021-11-13T17:00:00.000Z,2025-10-18T16:00:00.000Z,,MN,US,Manning Avenue South,55033
A4:CF:12:7C:05:51,Traeger-0551,36.28824234,-115.32578278,A4:CF:12,5,wpa2,2025-10-24T19:00:00.000Z,2025-10-24T15:00:00.000Z,Las Vegas,NV,US,West Dorrell Lane,89166
A4:CF:12:7C:05:BD,Traeger-05BD,46.77139282,-92.19874573,A4:CF:12,5,wpa2,2025-05-04T00:00:00.000Z,2025-05-03T17:00:00.000Z,,MN,US,Getchell Road,55811
A4:CF:12:7C:07:C9,Traeger-07C9,40.5797081,-112.43450928,A4:CF:12,5,wpa2,2024-12-27T19:00:00.000Z,2024-12-27T11:00:00.000Z,,UT,US,,
A4:CF:12:7C:09:75,Traeger-0975,50.89391708,-114.04180908,A4:CF:12,5,wpa2,2025-03-18T00:00:00.000Z,2025-03-17T21:00:00.000Z,Calgary,Alberta,CA,Sunlake Road SE,T2X3J2
A4:CF:12:7C:0B:21,Traeger-0B21,31.9084053,-98.59098053,A4:CF:12,5,wpa2,2025-04-09T13:00:00.000Z,2025-04-26T09:00:00.000Z,,TX,US,Vicksburg Drive,76442
A4:CF:12:7C:0C:61,Traeger-0C61,34.16656494,-118.95632935,A4:CF:12,5,wpa2,2025-08-18T02:00:00.000Z,2025-08-17T22:00:00.000Z,Thousand Oaks,CA,US,South Reino Road,91320
A4:CF:12:7C:0C:8D,Traeger-0C8D,44.78185272,-117.81500244,A4:CF:12,5,wpa2,2026-04-05T14:00:00.000Z,2026-04-05T11:00:00.000Z,,OR,US,Campbell Street,97814
A4:CF:12:7C:0C:DD,Traeger-0CDD,36.31233978,-115.19315338,A4:CF:12,5,wpa2,2025-03-11T14:00:00.000Z,2026-06-03T14:00:00.000Z,North Las Vegas,NV,US,Clear Falls Street,
A4:CF:12:7C:0D:41,Traeger-0D41,36.05649567,-115.19035339,A4:CF:12,5,wpa2,2023-03-21T09:00:00.000Z,2026-05-18T13:00:00.000Z,,NV,US,South Valley View Boulevard,89119-4016
A4:CF:12:7C:0D:61,Traeger-0D61,27.16854858,-80.2857666,A4:CF:12,5,wpa2,2026-06-26T09:00:00.000Z,2026-06-26T18:00:00.000Z,,FL,US,Southwest Sunset Trail,34990
A4:CF:12:7C:0D:B1,Traeger-0DB1,39.66759872,-105.16925049,A4:CF:12,5,wpa2,2023-02-16T09:00:00.000Z,2024-09-26T10:00:00.000Z,Lakewood,CO,US,West Yale Avenue,80465
A4:CF:12:7C:0D:C1,Traeger-0DC1,37.83539963,-89.03047943,A4:CF:12,5,wpa2,2025-08-14T14:00:00.000Z,2025-08-14T09:00:00.000Z,,IL,US,North Park Avenue,62948
A4:CF:12:7C:0E:05,Traeger-0E05,47.71067047,-117.37875366,A4:CF:12,5,wpa2,2026-04-15T19:00:00.000Z,2026-08-04T12:00:00.000Z,Spokane,WA,US,North Crestline Street,99217
A4:CF:12:7C:0E:99,Traeger-0E99,43.63567352,-116.55329132,A4:CF:12,5,wpa2,2025-04-15T12:00:00.000Z,2025-04-16T15:00:00.000Z,Nampa,ID,US,Franklin Boulevard,83867
A4:CF:12:7C:12:DD,Traeger-12DD,29.60680008,-95.11968231,A4:CF:12,5,wpa2,2025-01-16T18:00:00.000Z,2026-04-29T15:00:00.000Z,Houston,TX,US,Clear Lake City Boulevard,77062
A4:CF:12:7C:13:95,Traeger-1395,40.43027878,-79.87991333,A4:CF:12,5,wpa2,2023-11-23T00:00:00.000Z,2025-03-16T19:00:00.000Z,,PA,US,Penn-Lincoln Parkway East,15218
A4:CF:12:7C:13:E9,Traeger-13E9,33.88190079,-117.62295532,A4:CF:12,5,wpa2,2026-08-23T00:00:00.000Z,2026-08-22T19:00:00.000Z,,CA,US,Riverside Freeway,92880-6970
A4:CF:12:7C:14:B9,Traeger-14B9,36.93877411,-94.00561523,A4:CF:12,5,wpa2,2026-07-06T20:00:00.000Z,2026-07-06T19:00:00.000Z,,MO,US,Ford Street,65723
A4:CF:12:7C:15:0D,Traeger-150D,32.22050476,-98.20787811,A4:CF:12,5,wpa2,2024-10-19T23:00:00.000Z,2024-10-19T18:00:00.000Z,Stephenville,TX,US,North Paddock Avenue,76401
A4:CF:12:7C:15:9D,Traeger-159D,44.93340683,-92.90769958,A4:CF:12,5,wpa2,2024-04-14T23:00:00.000Z,2025-08-04T17:00:00.000Z,,MN,US,Sunrise Drive,55125
A4:CF:12:7C:15:DD,Traeger-15DD,40.72198105,-111.51973724,A4:CF:12,5,wpa2,2024-11-01T20:00:00.000Z,2026-01-01T19:00:00.000Z,,UT,US,I 80,84098
A4:CF:12:7C:15:F1,Traeger-15F1,34.01091003,-117.7332077,A4:CF:12,5,wpa2,2021-08-29T12:00:00.000Z,2025-10-25T20:00:00.000Z,Chino Hills,CA,US,Chino Valley Freeway,91710-5419
A4:CF:12:7C:16:81,Traeger-1681,-37.83522415,145.02555847,A4:CF:12,5,wpa2,2026-05-12T05:00:00.000Z,2026-06-28T01:00:00.000Z,Melbourne,Victoria,AU,CityLink,3142
A4:CF:12:7C:16:FD,Traeger-16FD,36.75528717,-108.43643951,A4:CF:12,5,wpa2,2025-07-09T04:00:00.000Z,2025-07-08T21:00:00.000Z,Kirtland,NM,US,US 64,87417
A4:CF:12:7C:17:09,Traeger-1709,36.31037521,-115.30963898,A4:CF:12,6,wpa2,2025-12-16T19:00:00.000Z,2025-12-16T15:00:00.000Z,Las Vegas,NV,US,Eagle Canyon Avenue,89143
A4:CF:12:7C:17:9D,Traeger-179D,30.49354172,-100.02145386,A4:CF:12,5,wpa,2021-08-30T09:00:00.000Z,2025-05-01T18:00:00.000Z,,TX,US,I 10,76874
A4:CF:12:7C:18:0D,Traeger-180D,46.82363892,-100.75424194,A4:CF:12,5,wpa2,2022-10-15T13:00:00.000Z,2026-05-15T18:00:00.000Z,Bismarck,ND,US,East Divide Avenue,58502
A4:CF:12:7C:18:39,Traeger-1839,38.6390686,-121.27936554,A4:CF:12,5,wpa2,2020-11-24T10:00:00.000Z,2026-09-01T07:00:00.000Z,,CA,US,Fair Oaks Boulevard,95628-7416
A4:CF:12:7C:18:99,Traeger-1899,40.39570236,-111.77230072,A4:CF:12,5,wpa2,2026-07-21T01:00:00.000Z,2026-07-20T23:00:00.000Z,,UT,US,North North County Boulevard,84062
A4:CF:12:7C:18:D1,Traeger-18D1,44.08454895,-123.15783691,A4:CF:12,5,wpa2,2025-09-21T01:00:00.000Z,2025-09-20T19:00:00.000Z,Eugene,OR,US,Barger Drive,97404
A4:CF:12:7C:1A:B1,Traeger-1AB1,-27.52035522,153.28521729,A4:CF:12,5,wpa2,2026-07-27T04:00:00.000Z,2026-07-27T00:00:00.000Z,,Queensland,AU,Martingale Court,4163
A4:CF:12:7C:1B:8D,Traeger-1B8D,42.42625046,-123.33392334,A4:CF:12,5,wpa2,2026-01-09T20:00:00.000Z,2026-01-09T16:00:00.000Z,,OR,US,Tussey Lane,97506
A4:CF:12:7C:1C:D9,Traeger-1CD9,47.81336975,-116.88700104,A4:CF:12,5,wpa2,2021-04-04T18:00:00.000Z,2025-11-24T14:00:00.000Z,,ID,US,North Highway 41,83858
A4:CF:12:7C:1D:75,Traeger-1D75,36.82309341,-119.68107605,A4:CF:12,5,wpa2,2022-08-09T12:00:00.000Z,2026-08-30T05:00:00.000Z,,CA,US,Bullard Avenue,93611
A4:CF:12:7C:1E:15,,30.88272095,-102.90202332,A4:CF:12,0,unknown,2025-12-13T14:00:00.000Z,2025-12-14T11:00:00.000Z,,TX,US,South Mesquite Street,79735
A4:CF:12:7C:1E:45,Traeger-1E45,35.29333496,139.6701355,A4:CF:12,5,wpa2,2026-01-08T22:00:00.000Z,2026-04-28T21:00:00.000Z,横須賀市,神奈川県,JP,Gridley Lane,238-8550
A4:CF:12:7C:1F:4D,Traeger-1F4D,47.40854263,-122.27458954,A4:CF:12,5,wpa2,2026-08-25T19:00:00.000Z,2026-08-25T21:00:00.000Z,,WA,US,Riverview Boulevard South,98032
A4:CF:12:7C:1F:8D,Traeger-1F8D,40.31918716,-104.84552765,A4:CF:12,5,wpa2,2026-01-28T22:00:00.000Z,2026-06-02T13:00:00.000Z,,CO,US,County Road 46,80543
A4:CF:12:7C:21:91,Traeger-2191,39.02784729,-94.65370941,A4:CF:12,5,wpa2,2024-10-12T23:00:00.000Z,2024-10-12T19:00:00.000Z,,KS,US,Woodson Road,66202
A4:CF:12:7C:22:D5,Traeger-22D5,38.91036987,-77.10105896,A4:CF:12,5,wpa2,2026-07-20T03:00:00.000Z,2026-07-20T03:00:00.000Z,Arlington,VA,US,George Washington Memorial Parkway,20007:20016
A4:CF:12:7C:23:29,Traeger-2329,30.56658745,-96.29492188,A4:CF:12,5,wpa2,2024-08-16T16:00:00.000Z,2025-04-25T10:00:00.000Z,College Station,TX,US,Victoria Avenue,77845
A4:CF:12:7C:23:D9,Traeger-23D9,30.00870323,-95.622612,A4:CF:12,5,wpa2,2025-07-27T04:00:00.000Z,2025-07-28T11:00:00.000Z,,TX,US,Spring Cypress Road,77375
A4:CF:12:7C:24:09,Traeger-2409,33.62526703,-96.64002228,A4:CF:12,5,wpa2,2026-08-26T21:00:00.000Z,2026-08-26T15:00:00.000Z,,TX,US,Baker Park Drive,75092
A4:CF:12:7C:24:75,Traeger-2475,38.37031174,-87.61489105,A4:CF:12,5,wpa2,2026-07-01T11:00:00.000Z,2026-07-08T12:00:00.000Z,,IN,US,County Road 100 North,47666
A4:CF:12:7C:25:B1,Traeger-25B1,38.86085129,-104.86592102,A4:CF:12,5,wpa2,2024-06-25T14:00:00.000Z,2026-01-06T14:00:00.000Z,Colorado Springs,CO,US,West Fontanero Street,80904
A4:CF:12:7C:26:25,Traeger-2625,43.91746521,-123.05963898,A4:CF:12,5,wpa2,2025-07-09T18:00:00.000Z,2025-07-09T13:00:00.000Z,,OR,US,Camas Swale Road,97426
A4:CF:12:7C:26:C9,Traeger-26C9,36.08478165,-115.20953369,A4:CF:12,5,wpa2,2023-02-28T17:00:00.000Z,2024-09-26T14:00:00.000Z,,NV,US,South Decatur Boulevard,89118
A4:CF:12:7C:26:D9,Traeger-26D9,30.11302185,-95.24302673,A4:CF:12,5,wpa2,2026-07-11T20:00:00.000Z,2026-07-24T22:00:00.000Z,,TX,US,Tea Olive Place,77365
A4:CF:12:7C:28:B9,Traeger-28B9,44.69818115,-123.05722046,A4:CF:12,5,wpa2,2022-11-16T16:00:00.000Z,2026-08-08T14:00:00.000Z,,OR,US,Old Salem Road Northeast,97322
A4:CF:12:7C:2C:19,Traeger-2C19,43.50295639,-96.70088959,A4:CF:12,5,wpa2,2025-09-25T23:00:00.000Z,2025-09-26T12:00:00.000Z,Sioux Falls,SD,US,East 54th Street,57108
A4:CF:12:7C:2C:21,Traeger-2C21,47.70481491,-116.7779541,A4:CF:12,5,wpa2,2025-09-17T09:00:00.000Z,2025-09-17T03:00:00.000Z,Coeur d'Alene,ID,US,East Sunrise Drive,83814-9510
A4:CF:12:7C:2C:25,Traeger-2C25,37.74994659,-113.06627655,A4:CF:12,5,wpa2,2026-07-23T01:00:00.000Z,2026-07-22T19:00:00.000Z,,UT,US,Driftwood Lane,84721
A4:CF:12:7C:2E:A9,Traeger-2EA9,40.4928627,-111.9888916,A4:CF:12,5,wpa2,2026-01-18T03:00:00.000Z,2026-01-17T20:00:00.000Z,,UT,US,West Bella Bluff Drive,84096
A4:CF:12:7C:2E:B9,Traeger-2EB9,36.97137451,-121.73892975,A4:CF:12,5,wpa2,2026-08-03T19:00:00.000Z,2026-08-03T15:00:00.000Z,,CA,US,Casserly Road,95004
A4:CF:12:7C:2F:61,Traeger-2F61,39.16972351,-108.7089386,A4:CF:12,5,wpa2,2026-04-15T17:00:00.000Z,2026-04-15T14:00:00.000Z,,CO,US,K 4/10 Road,81521
A4:CF:12:7C:31:0D,Traeger-310D,39.75475311,-104.85478973,A4:CF:12,5,wpa2,2024-05-25T21:00:00.000Z,2026-06-20T01:00:00.000Z,Denver,CO,US,East 26th Avenue,80010
A4:CF:12:7C:36:11,,45.47649002,-73.66914368,A4:CF:12,9,wpa2,2020-09-25T08:00:00.000Z,2025-09-12T13:00:00.000Z,,Québec,CA,Croissant Ashkelon,H4W 1A5
A4:CF:12:7C:3A:61,ESP_7C3A61,32.64964676,-81.59592438,A4:CF:12,1,unknown,2026-05-03T13:00:00.000Z,2026-05-04T10:00:00.000Z,,GA,US,Becon Road,30467
A4:CF:12:7C:6C:E4,Bolt,9.93288422,-84.09870911,A4:CF:12,10,unknown,2025-07-29T13:00:00.000Z,2025-08-12T17:00:00.000Z,San José,Provincia San José,CR,Calle Libertad de Prensa,10108
A4:CF:12:7C:86:A4,Bolt,9.93298721,-84.09835815,A4:CF:12,6,unknown,2025-07-29T13:00:00.000Z,2025-08-12T17:00:00.000Z,San José,Provincia San José,CR,Calle Libertad de Prensa,10108
A4:CF:12:7C:86:AC,Bolt,9.93283272,-84.09860229,A4:CF:12,6,unknown,2025-07-29T13:00:00.000Z,2025-08-12T17:00:00.000Z,San José,Provincia San José,CR,Calle Libertad de Prensa,10108
A4:CF:12:7C:86:C0,Bolt,9.9328146,-84.09866333,A4:CF:12,7,unknown,2025-07-29T13:00:00.000Z,2025-08-12T17:00:00.000Z,San José,Provincia San José,CR,Calle Libertad de Prensa,10108
A4:CF:12:7C:87:20,Bolt,9.93277264,-84.09867859,A4:CF:12,9,unknown,2025-07-29T13:00:00.000Z,2025-08-12T17:00:00.000Z,San José,Provincia San José,CR,Calle Libertad de Prensa,10108
A4:CF:12:7C:87:34,Bolt,9.93280697,-84.09843445,A4:CF:12,4,unknown,2025-07-29T13:00:00.000Z,2025-08-12T17:00:00.000Z,San José,Provincia San José,CR,Calle Libertad de Prensa,10108
A4:CF:12:7C:98:D4,,40.68434143,-74.39981079,A4:CF:12,1,unknown,2026-02-18T11:00:00.000Z,2026-03-02T14:00:00.000Z,,NJ,US,Mountain Avenue,07922
A4:CF:12:7C:A0:6D,qwVxh189,50.16748047,14.10668182,A4:CF:12,6,wpa2,2023-01-15T14:00:00.000Z,2025-01-12T11:00:00.000Z,Kladno,Střední Čechy,CZ,Havlíčkovo nám.,27309
A4:CF:12:7C:A2:A9,zbqyf191,50.14310074,14.11682606,A4:CF:12,6,wpa2,2020-12-20T13:00:00.000Z,2026-08-30T06:00:00.000Z,Kladno,Střední Čechy,CZ,Unhošťská,27201
A4:CF:12:7C:CE:2D,CFMTDU_71T40144,48.28510284,17.27314949,A4:CF:12,6,wpa2,2024-10-18T11:00:00.000Z,2024-10-18T06:00:00.000Z,,Bratislavský kraj,SK,Moyzesova,902 01
A4:CF:12:7C:CE:61,CFMTDU_71HG0038,53.37346268,10.55599022,A4:CF:12,6,wpa2,2024-03-14T10:00:00.000Z,2026-01-29T03:00:00.000Z,,Schleswig-Holstein,DE,Alte Wache,21481
A4:CF:12:7C:D0:F1,CFMTDU_71CP0094,40.87907028,29.25943947,A4:CF:12,9,wpa2,2025-03-07T08:00:00.000Z,2025-05-05T02:00:00.000Z,,Marmara Bölgesi,TR,D-100 Yanyol,34890
A4:CF:12:7C:D1:09,CFMTDU_71TQ0084,52.65567398,9.22630596,A4:CF:12,9,wpa2,2025-09-23T12:00:00.000Z,2025-09-23T12:00:00.000Z,,Niedersachsen,DE,Celler Straße,31582
A4:CF:12:7C:D1:55,CFMTDU_71HJ0042,50.12643433,14.46225452,A4:CF:12,7,wpa2,2026-01-22T11:00:00.000Z,2026-01-22T04:00:00.000Z,Hlavní město Praha,Praha,CZ,Čumpelíkova,18200
A4:CF:12:7C:D1:89,ABB-AIP-DEVICE000000317,52.34253693,0.4997105,A4:CF:12,1,wpa2,2026-09-03T09:00:00.000Z,2026-09-03T02:00:00.000Z,West Suffolk,England,GB,West Row Road,IP28 7JX
A4:CF:12:7C:D1:B9,ABB-AIP-DEVICE000000320,52.34254074,0.49961531,A4:CF:12,1,wpa2,2026-09-03T09:00:00.000Z,2026-09-03T02:00:00.000Z,West Suffolk,England,GB,West Row Road,IP28 7JX
A4:CF:12:7C:D2:01,ABB-AIP-DEVICE000000318,52.34253311,0.49970371,A4:CF:12,1,wpa2,2026-09-03T09:00:00.000Z,2026-09-03T02:00:00.000Z,West Suffolk,England,GB,West Row Road,IP28 7JX
A4:CF:12:7C:D3:C1,CFMTDU_71HL0061,38.13826752,13.1861887,A4:CF:12,10,wpa2,2024-02-23T15:00:00.000Z,2026-06-19T04:00:00.000Z,Carini,Sicilia,IT,Corso Italia,90044
A4:CF:12:7C:D9:B1,Chii-B0D97C,22.44574165,114.03438568,A4:CF:12,1,wpa2,2026-01-07T03:00:00.000Z,2026-02-06T21:00:00.000Z,,香港 Hong Kong,CN,朗日路 Long Yat Road,
A4:CF:12:7C:D9:D1,Chii-D0D97C,22.28141212,114.15581512,A4:CF:12,1,wpa2,2024-11-23T07:00:00.000Z,2024-11-23T09:00:00.000Z,香港島 Hong Kong Island,香港 Hong Kong,CN,威靈頓街 Wellington Street,
A4:CF:12:7C:D9:F1,Chii-F0D97C,22.45252609,114.16876984,A4:CF:12,1,wpa2,2025-06-13T04:00:00.000Z,2025-07-27T23:00:00.000Z,,香港 Hong Kong,CN,安邦路 On Pong Road,
A4:CF:12:7C:DA:09,Chii-08DA7C,22.44592094,114.03427124,A4:CF:12,1,wpa2,2025-01-13T15:00:00.000Z,2026-04-19T20:00:00.000Z,,香港 Hong Kong,CN,朗日路 Long Yat Road,
A4:CF:12:7C:DA:2D,Chii-2CDA7C,22.30387878,114.1618042,A4:CF:12,1,wpa2,2026-01-24T05:00:00.000Z,2026-01-24T03:00:00.000Z,九龍 Kowloon,香港 Hong Kong,CN,柯士甸道西 Austin Road West,
A4:CF:12:7C:DC:CD,ABB-AIP-DEVICE000000325,52.34252548,0.49976879,A4:CF:12,1,wpa2,2026-09-03T09:00:00.000Z,2026-09-03T02:00:00.000Z,West Suffolk,England,GB,West Row Road,IP28 7JX
A4:CF:12:7C:E1:E9,Chii-E8E17C,22.30634117,114.18766022,A4:CF:12,1,wpa2,2025-06-19T11:00:00.000Z,2025-12-28T19:00:00.000Z,九龍 Kowloon,香港 Hong Kong,CN,民泰街 Man Tai Street,
A4:CF:12:7C:E1:F9,Chii-F8E17C,22.2788105,114.17658234,A4:CF:12,1,wpa2,2023-08-04T10:00:00.000Z,2025-01-16T05:00:00.000Z,香港島 Hong Kong Island,香港 Hong Kong,CN,謝斐道 Jaffe Road,
A4:CF:12:7C:E2:11,Chii-10E27C,22.30643082,114.1876297,A4:CF:12,1,wpa2,2001-01-01T08:00:00.000Z,2025-07-27T23:00:00.000Z,九龍 Kowloon,香港 Hong Kong,CN,民泰街 Man Tai Street,
A4:CF:12:7C:E2:2D,Chii-2CE27C,22.24986649,114.13861847,A4:CF:12,1,wpa2,2025-02-23T09:00:00.000Z,2025-02-23T22:00:00.000Z,香港島 Hong Kong Island,香港 Hong Kong,CN,華隆徑 Wah Lung Path,
A4:CF:12:7C:E2:4D,Chii-4CE27C,22.44504356,114.03800964,A4:CF:12,1,wpa2,2026-01-21T02:00:00.000Z,2026-03-04T19:00:00.000Z,,香港 Hong Kong,CN,朗日路 Long Yat Road,
A4:CF:12:7C:E2:61,Chii-60E27C,22.30497551,114.16117096,A4:CF:12,1,wpa2,2024-11-15T00:00:00.000Z,2026-05-17T08:00:00.000Z,九龍 Kowloon,香港 Hong Kong,CN,柯士甸道西 Austin Road West,
A4:CF:12:7C:E2:91,Chii-90E27C,22.3037262,114.16249847,A4:CF:12,1,wpa2,2025-01-11T07:00:00.000Z,2025-01-11T06:00:00.000Z,九龍 Kowloon,香港 Hong Kong,CN,柯士甸道西 Austin Road West,
A4:CF:12:7C:E2:99,Chii-98E27C,22.31261826,114.2254715,A4:CF:12,1,wpa2,2026-03-03T05:00:00.000Z,2026-03-18T04:00:00.000Z,九龍 Kowloon,香港 Hong Kong,CN,觀塘道 Kwun Tong Road,
A4:CF:12:7C:E2:D1,Chii-D0E27C,22.38231087,114.18804932,A4:CF:12,1,wpa2,2024-07-17T10:00:00.000Z,2025-10-26T19:00:00.000Z,,香港 Hong Kong,CN,2,
A4:CF:12:7C:E3:C1,ABB-AIP-DEVICE000000324,52.34253693,0.49970591,A4:CF:12,1,wpa2,2026-09-03T09:00:00.000Z,2026-09-03T02:00:00.000Z,West Suffolk,England,GB,West Row Road,IP28 7JX
A4:CF:12:7C:E6:21,T009_7CE620,51.41677856,4.18379593,A4:CF:12,11,unknown,2023-05-13T16:00:00.000Z,2026-01-31T15:00:00.000Z,,Zeeland,NL,Valckenisseweg,4411BP
A4:CF:12:7C:E6:25,ABB-AIP-DEVICE000000085,47.14439392,8.18319321,A4:CF:12,1,wpa2,2025-01-12T16:00:00.000Z,2026-07-11T07:00:00.000Z,,Luzern,CH,A2,6204
A4:CF:12:7C:ED:E5,T009_7CEDE4,51.28236008,3.23472047,A4:CF:12,6,none,2026-03-11T13:00:00.000Z,2026-03-11T06:00:00.000Z,,West-Vlaanderen,BE,Westkapelse Steenweg,8380
A4:CF:12:7C:EF:F5,T009_7CEFF4,47.27548599,5.17250729,A4:CF:12,8,unknown,2025-11-09T16:00:00.000Z,2025-11-20T08:00:00.000Z,,Bourgogne-Franche-Comté,FR,Grande Rue,21110
A4:CF:12:7D:04:39,T009_7D0438,47.98910522,-1.62376916,A4:CF:12,6,none,2026-02-20T16:00:00.000Z,2026-07-28T14:00:00.000Z,,Bretagne,FR,Rue des Glénan,35230
A4:CF:12:7D:04:81,T009_7D0480,50.43497086,4.61330032,A4:CF:12,1,unknown,2026-03-16T17:00:00.000Z,2026-05-24T11:00:00.000Z,,Namur,BE,Rue du Pont,5060
A4:CF:12:7D:06:7D,T009_7D067C,45.73778152,7.34297276,A4:CF:12,5,unknown,2025-03-04T16:00:00.000Z,2025-03-04T12:00:00.000Z,Aosta / Aoste,Valle d'Aosta / Vallée d'Aoste,IT,Via/Rue A. Berthet,11100
A4:CF:12:7D:15:FD,T009_7D15FC,42.58205032,-8.74031734,A4:CF:12,1,unknown,2022-07-15T12:00:00.000Z,2026-01-22T18:00:00.000Z,,Galicia,ES,N-640a,36619
A4:CF:12:7D:1E:35,T009_7D1E34,50.52416611,3.65277696,A4:CF:12,9,unknown,2025-02-07T09:00:00.000Z,2025-05-19T06:00:00.000Z,,Hainaut,BE,Rue Grande,7971
A4:CF:12:7D:22:F1,ProvistaSolar_7D22F0,-24.87028313,151.12322998,A4:CF:12,1,wpa,2026-07-03T03:00:00.000Z,2026-07-18T22:00:00.000Z,,Queensland,AU,Luthje Road,
A4:CF:12:7D:25:D9,T009_7D25D8,49.7604866,18.33525848,A4:CF:12,7,unknown,2001-07-07T19:00:00.000Z,2025-08-26T13:00:00.000Z,,Moravskoslezsko,CZ,Višňová,73932
A4:CF:12:7D:3A:AD,T009_7D3AAC,52.11349869,4.76287603,A4:CF:12,2,unknown,2025-12-14T13:00:00.000Z,2026-05-14T07:00:00.000Z,,Zuid-Holland,NL,Meije,2411PJ
A4:CF:12:7D:47:AC,,39.11837387,-107.27043152,A4:CF:12,1,unknown,2026-08-11T19:00:00.000Z,2026-08-14T21:00:00.000Z,,CO,US,State Highway 133,
A4:CF:12:7D:4C:2D,T009_7D4C2C,39.29402924,8.99655533,A4:CF:12,10,none,2026-05-01T12:00:00.000Z,2026-05-02T08:00:00.000Z,,Sardigna/Sardegna,IT,Via Sassari,09032
A4:CF:12:7D:4E:B1,T009_7D4EB0,51.08057404,3.72889471,A4:CF:12,1,unknown,2024-09-24T13:00:00.000Z,2024-09-24T08:00:00.000Z,,Oost-Vlaanderen,BE,Meulesteedsesteenweg,9000
A4:CF:12:7D:5F:05,,45.5728302,-73.63045502,A4:CF:12,9,wpa2,2020-12-01T11:00:00.000Z,2025-02-28T15:00:00.000Z,Montréal,Québec,CA,Rue De Louvain Est,H1Z 1J7
A4:CF:12:7D:5F:1D,,45.45986938,-73.68260193,A4:CF:12,9,wpa2,2024-10-08T14:00:00.000Z,2025-06-06T14:00:00.000Z,,Québec,CA,Avenue Blossom,H4W 2L6
A4:CF:12:7D:5F:51,,46.50126266,-72.30291748,A4:CF:12,6,wpa2,2024-10-10T20:00:00.000Z,2025-01-24T16:00:00.000Z,,Québec,CA,Autoroute Félix-Leclerc,G0X 2R0
A4:CF:12:7D:5F:69,,47.44895172,-70.51953125,A4:CF:12,9,wpa2,2024-02-21T13:00:00.000Z,2026-08-19T23:00:00.000Z,,Québec,CA,Boulevard Monseigneur-de-Laval,G3Z 2W2
A4:CF:12:7D:5F:6D,a4:cf:12:7d:5f:6d,45.50723267,-73.61268616,A4:CF:12,9,wpa2,2020-10-15T10:00:00.000Z,2026-03-20T11:00:00.000Z,Montréal,Québec,CA,Boulevard Édouard-Montpetit,H3T 1J4
A4:CF:12:7D:5F:81,,45.48783112,-73.64842987,A4:CF:12,9,wpa2,2020-10-28T07:00:00.000Z,2025-06-01T11:00:00.000Z,Montréal,Québec,CA,Avenue Macdonald,H3X 2X5
A4:CF:12:7D:5F:99,,45.67448807,-73.91014862,A4:CF:12,9,wpa2,2021-10-21T13:00:00.000Z,2025-01-14T15:00:00.000Z,,Québec,CA,Autoroute des Laurentides,J7C 0P8
A4:CF:12:7D:5F:B1,,45.6084938,-73.56387329,A4:CF:12,1,wpa2,2021-07-01T09:00:00.000Z,2025-02-28T15:00:00.000Z,Montréal,Québec,CA,Boulevard Métropolitain,H1K 1A3
A4:CF:12:7D:5F:CD,,45.48993683,-73.63436127,A4:CF:12,9,wpa2,2020-08-13T13:00:00.000Z,2024-11-28T14:00:00.000Z,Montréal,Québec,CA,Chemin de la Côte-Sainte-Catherine,H3W 1M5
A4:CF:12:7D:5F:EC,,45.53978348,-73.64274597,A4:CF:12,0,unknown,2025-02-12T07:00:00.000Z,2025-02-13T14:00:00.000Z,Montréal,Québec,CA,Boulevard Crémazie Ouest,H2N 1M4
A4:CF:12:7D:5F:ED,,45.50596237,-73.73932648,A4:CF:12,9,wpa2,2021-03-29T07:00:00.000Z,2025-02-13T14:00:00.000Z,Montréal,Québec,CA,Boulevard Henri-Bourassa Ouest,H4S 1V4
A4:CF:12:7D:60:25,,46.73895645,-71.22490692,A4:CF:12,9,wpa2,2026-07-21T09:00:00.000Z,2026-07-21T02:00:00.000Z,Lévis,Québec,CA,Autoroute Jean-Lesage,G6X 1L6
A4:CF:12:7D:60:7D,,45.57902527,-73.70303345,A4:CF:12,9,wpa2,2020-09-18T07:00:00.000Z,2026-07-09T14:00:00.000Z,Laval (13),Québec,CA,Boulevard des Laurentides,H7M 6E1
A4:CF:12:7D:61:21,,45.65842438,-73.01598358,A4:CF:12,9,wpa2,2024-03-25T11:00:00.000Z,2025-12-18T10:00:00.000Z,Saint-Hyacinthe,Québec,CA,,J2R 1A5
A4:CF:12:7D:61:25,,45.42434311,-75.68808746,A4:CF:12,9,wpa2,2026-08-19T16:00:00.000Z,2026-08-19T17:00:00.000Z,(Old) Ottawa,Ontario,CA,Nicholas Street,K1N 7B9
A4:CF:12:7D:61:35,,45.47535706,-73.59422302,A4:CF:12,9,wpa2,2020-10-09T11:00:00.000Z,2025-08-13T12:00:00.000Z,Montréal,Québec,CA,Rue de Courcelle,H4C 3C8
A4:CF:12:7D:61:4D,,45.54298401,-73.77342224,A4:CF:12,1,wpa2,2021-06-16T11:00:00.000Z,2026-05-04T21:00:00.000Z,Laval (13),Québec,CA,Rue Esther-Pariseau,H7W 1E1
A4:CF:12:7D:61:55,,45.46128464,-73.65325165,A4:CF:12,9,wpa2,2024-06-06T17:00:00.000Z,2025-01-09T13:00:00.000Z,Montréal,Québec,CA,Avenue Chester,H4V 1H6
A4:CF:12:7D:61:6D,,45.47909546,-73.71226501,A4:CF:12,9,wpa2,2020-12-11T13:00:00.000Z,2025-06-06T14:00:00.000Z,Montréal,Québec,CA,Autoroute Chomedey,H4T 1G6
A4:CF:12:7D:61:71,,45.61091614,-73.80303192,A4:CF:12,0,wpa2,2021-08-24T15:00:00.000Z,2025-07-04T20:00:00.000Z,,Québec,CA,Sentier hivernal du Lapin,J7A 2H1
A4:CF:12:7D:61:BD,,45.54337311,-73.6810379,A4:CF:12,1,wpa2,2021-05-18T15:00:00.000Z,2025-10-03T17:00:00.000Z,Montréal,Québec,CA,Rue Dazé,H3L 3A8
A4:CF:12:7D:61:E5,,46.79133606,-71.31472778,A4:CF:12,9,wpa2,2021-09-14T10:00:00.000Z,2026-07-22T08:00:00.000Z,Québec,Québec,CA,Autoroute Henri-IV,G1P 4S4
A4:CF:12:7D:61:F9,,46.22756195,-72.61823273,A4:CF:12,9,wpa2,2026-08-10T16:00:00.000Z,2026-08-13T18:00:00.000Z,,Québec,CA,Boulevard Louis-Fréchette,J3T 1C4
A4:CF:12:7D:62:18,,45.53668594,-73.64204407,A4:CF:12,0,unknown,2022-08-15T11:00:00.000Z,2025-06-14T11:00:00.000Z,Montréal,Québec,CA,Rue Bellarmin,H2N 1M4
A4:CF:12:7D:62:19,Tp3:A4CF127D6219,45.51709366,-73.65185547,A4:CF:12,9,wpa2,2020-08-03T07:00:00.000Z,2026-07-01T05:00:00.000Z,,Québec,CA,Chemin Normandy,H4N2P1
A4:CF:12:7D:62:29,,45.57659149,-73.57727051,A4:CF:12,1,wpa2,2021-05-31T08:00:00.000Z,2025-11-24T11:00:00.000Z,Montréal,Québec,CA,Rue Bélanger,H1T 2T4
A4:CF:12:7D:62:65,,45.44179535,-73.55997467,A4:CF:12,9,wpa2,2020-08-31T15:00:00.000Z,2026-05-20T14:00:00.000Z,Montréal,Québec,CA,Rue André-Prévost,H4H 1N9
A4:CF:12:7D:62:89,Tp3:A4CF127D6289,45.53989029,-73.63213348,A4:CF:12,9,wpa2,2020-09-29T13:00:00.000Z,2026-03-16T12:00:00.000Z,Montréal,Québec,CA,Rue Saint-Dominique,H2P 2L5
A4:CF:12:7D:62:A1,,46.85724258,-71.2850647,A4:CF:12,9,wpa2,2026-07-08T18:00:00.000Z,2026-07-08T11:00:00.000Z,Québec,Québec,CA,Avenue Trudelle,G1G 2G7
A4:CF:12:7D:62:B9,,45.47955704,-73.64126587,A4:CF:12,9,wpa2,2022-01-27T16:00:00.000Z,2024-11-28T14:00:00.000Z,,Québec,CA,Rue Stratford,H3X 3C9
A4:CF:12:7D:62:C5,,45.67650604,-73.39402008,A4:CF:12,9,wpa2,2023-01-03T13:00:00.000Z,2026-08-16T20:00:00.000Z,,Québec,CA,Montée de Picardie,J3X 1W3
A4:CF:12:7D:62:D9,,45.56229782,-73.66999054,A4:CF:12,9,wpa2,2024-09-23T18:00:00.000Z,2025-10-23T13:00:00.000Z,Montréal,Québec,CA,Avenue Saint-Charles,H2C 2K4
A4:CF:12:7D:62:FD,,45.54873657,-73.66815948,A4:CF:12,9,wpa2,2020-10-28T16:00:00.000Z,2025-01-30T04:00:00.000Z,Montréal,Québec,CA,Rue Prieur Ouest,H3L 1R7
A4:CF:12:7D:63:11,,52.27590561,-106.81700134,A4:CF:12,9,wpa2,2026-08-04T14:00:00.000Z,2026-08-04T23:00:00.000Z,,Saskatchewan,CA,Yellowhead Route,S7R 1B6
A4:CF:12:7D:63:15,,40.58644867,-74.23987579,A4:CF:12,11,wpa2,2021-04-02T08:00:00.000Z,2025-02-27T22:00:00.000Z,Carteret,NJ,US,New Jersey Turnpike,07064
A4:CF:12:7D:63:3D,,46.26971054,-72.79410553,A4:CF:12,7,wpa2,2026-03-30T12:00:00.000Z,2026-03-30T14:00:00.000Z,,Québec,CA,Chemin Louis-Gatineau,
A4:CF:12:7D:63:59,,45.87542343,-74.0897522,A4:CF:12,9,wpa2,2024-11-13T14:00:00.000Z,2024-11-13T14:00:00.000Z,,Québec,CA,Rue Louis-Morin,J5L 2S2
A4:CF:12:7D:63:69,,45.54597855,-73.58543396,A4:CF:12,9,wpa2,2023-03-16T08:00:00.000Z,2026-08-10T17:00:00.000Z,Montréal,Québec,CA,Rue D'Iberville,H2G 1V1
A4:CF:12:7D:63:A9,,45.52867889,-73.37259674,A4:CF:12,9,wpa2,2024-06-26T20:00:00.000Z,2026-03-27T01:00:00.000Z,,Québec,CA,Autoroute de l'Acier,J3V 6B9
A4:CF:12:7D:63:C9,,45.45666122,-73.57261658,A4:CF:12,6,wpa2,2023-06-13T10:00:00.000Z,2024-11-12T15:00:00.000Z,Montréal,Québec,CA,4e Avenue,H4G 1E9
A4:CF:12:7D:63:D5,,45.58766556,-73.76052094,A4:CF:12,9,wpa2,2022-05-30T03:00:00.000Z,2026-05-29T13:00:00.000Z,Laval (13),Québec,CA,Rue Le Chatelier,H7L3H7
A4:CF:12:7D:63:ED,,46.66981506,-71.36692047,A4:CF:12,9,wpa2,2026-06-25T13:00:00.000Z,2026-08-19T23:00:00.000Z,Lévis,Québec,CA,Rue Valroc,G7A 2E9
A4:CF:12:7D:64:0D,Tp3:A4CF127D640D,45.56525421,-73.66374207,A4:CF:12,9,wpa2,2020-12-03T07:00:00.000Z,2025-12-18T19:00:00.000Z,Montréal,Québec,CA,Boulevard Gouin Est,H2C 3H6
A4:CF:12:7D:64:1D,,45.49311066,-73.72490692,A4:CF:12,0,wpa2,2024-06-05T18:00:00.000Z,2024-11-01T12:00:00.000Z,Montréal,Québec,CA,Boulevard Poirier,H4S 1Z1
A4:CF:12:7D:64:39,,45.61940384,-73.37677765,A4:CF:12,1,wpa2,2024-08-04T18:00:00.000Z,2025-06-01T11:00:00.000Z,,Québec,CA,Autoroute de l'Acier,J3X 1P7
A4:CF:12:7D:64:45,,45.48460007,-73.50843048,A4:CF:12,9,wpa2,2025-07-07T13:00:00.000Z,2025-08-11T09:00:00.000Z,,Québec,CA,Autoroute René-Levesque,J4R 1A3
A4:CF:12:7D:64:91,A4:CF:12:7D:64:91,45.58099747,-73.4877243,A4:CF:12,9,wpa2,2022-09-13T12:00:00.000Z,2026-03-27T01:00:00.000Z,Longueuil,Québec,CA,Pont-Tunnel Louis-Hippolyte-Lafontaine,J4G1R6
A4:CF:12:7D:64:A9,,45.45153809,-73.65117645,A4:CF:12,9,wpa2,2026-01-14T16:00:00.000Z,2026-02-11T16:00:00.000Z,,Québec,CA,Croissant Fairfield,H8R 1A5
A4:CF:12:7D:64:B5,,45.50114441,-73.77100372,A4:CF:12,9,wpa2,2023-05-31T09:00:00.000Z,2026-05-28T13:00:00.000Z,Montréal,Québec,CA,Rue Pierre-Lauzon,H8Y 1P6
A4:CF:12:7D:64:D9,,45.55083847,-73.57676697,A4:CF:12,1,wpa2,2025-02-10T17:00:00.000Z,2026-03-27T01:00:00.000Z,Montréal,Québec,CA,Rue Dandurand,H1Y 2C9
A4:CF:12:7D:64:DD,,45.7862587,-71.81077576,A4:CF:12,9,wpa2,2020-10-06T13:00:00.000Z,2026-08-24T14:00:00.000Z,,Québec,CA,,J0A 1N0
A4:CF:12:7D:65:B1,,45.45013046,-73.63402557,A4:CF:12,2,wpa2,2025-06-19T20:00:00.000Z,2026-05-21T19:00:00.000Z,Montréal,Québec,CA,Autoroute du Souvenir,H4X1N1
A4:CF:12:7D:65:C5,,45.48537445,-73.60591125,A4:CF:12,9,wpa2,2023-06-14T16:00:00.000Z,2024-12-10T19:00:00.000Z,,Québec,CA,Avenue Westmount,H3Y 3B1
A4:CF:12:7D:65:CD,,46.28877258,-72.15449524,A4:CF:12,9,wpa2,2021-02-17T16:00:00.000Z,2026-07-09T07:00:00.000Z,,Québec,CA,,
A4:CF:12:7D:65:E5,,45.53101349,-73.57764435,A4:CF:12,9,wpa2,2024-12-18T20:00:00.000Z,2025-09-09T14:00:00.000Z,Montréal,Québec,CA,Rue Garnier,H2J 3R9
A4:CF:12:7D:66:01,,45.6422348,-73.37415314,A4:CF:12,9,wpa2,2026-07-09T15:00:00.000Z,2026-07-09T12:00:00.000Z,,Québec,CA,Autoroute de l'Acier,J3X 1P7
A4:CF:12:7D:66:11,,45.55325699,-73.62436676,A4:CF:12,10,wep,2021-11-26T11:00:00.000Z,2026-03-16T12:00:00.000Z,Montréal,Québec,CA,Boulevard Crémazie Est,H2M 2P2
A4:CF:12:7D:69:D9,,45.74156189,-72.80187225,A4:CF:12,9,wpa2,2024-11-13T21:00:00.000Z,2025-03-14T04:00:00.000Z,,Québec,CA,,J0H 1N0
A4:CF:12:7D:69:DD,,45.52658081,-73.81551361,A4:CF:12,9,wpa2,2025-12-11T13:00:00.000Z,2026-05-04T21:00:00.000Z,Laval (13),Québec,CA,Rue des Bégonias,H7X 2H6
A4:CF:12:7D:6A:31,,45.4614296,-73.64450836,A4:CF:12,9,wpa2,2020-09-23T11:00:00.000Z,2026-08-19T00:00:00.000Z,Montréal,Québec,CA,Avenue Belmore,H4B 2B9
A4:CF:12:7D:6A:51,,45.47014236,-73.53244019,A4:CF:12,1,wpa,2025-08-04T10:00:00.000Z,2025-10-03T17:00:00.000Z,Montréal,Québec,CA,Pont Samuel-De Champlain,H3E 1J3
A4:CF:12:7D:6A:5D,,45.9195137,-72.47667694,A4:CF:12,9,wpa2,2026-06-25T14:00:00.000Z,2026-08-19T23:00:00.000Z,Drummondville,Québec,CA,Autoroute Jean-Lesage,J2C 1E7
A4:CF:12:7D:6A:65,,45.57755661,-73.34580231,A4:CF:12,0,wpa2,2024-07-25T17:00:00.000Z,2025-10-03T17:00:00.000Z,,Québec,CA,Autoroute Jean-Lesage,J3E 2N2
A4:CF:12:7D:6A:75,,45.53859329,-73.76277161,A4:CF:12,9,wpa2,2021-10-14T07:00:00.000Z,2025-11-26T13:00:00.000Z,Laval (13),Québec,CA,Boulevard de Normandie,H7W 1T3
A4:CF:12:7D:6A:7D,,43.01143646,-76.69374084,A4:CF:12,9,wpa2,2025-07-20T22:00:00.000Z,2026-08-31T18:00:00.000Z,,NY,US,New York State Thruway,13117
A4:CF:12:7D:6A:80,,45.49319458,-73.65090942,A4:CF:12,0,unknown,2025-06-03T06:00:00.000Z,2025-06-07T08:00:00.000Z,Montréal,Québec,CA,Boulevard Décarie,H3W 0B1
A4:CF:12:7D:6A:81,,45.46720505,-73.6606369,A4:CF:12,9,wpa2,2024-05-03T15:00:00.000Z,2025-06-07T08:00:00.000Z,,Québec,CA,Avenue Irving Layton,H4W 1V3
A4:CF:12:7D:6A:85,,45.568573,-73.60142517,A4:CF:12,9,wpa2,2024-04-05T21:00:00.000Z,2025-02-21T13:00:00.000Z,Montréal,Québec,CA,Boulevard Crémazie Est,H2A 2K9
A4:CF:12:7D:6A:8D,,45.44831085,-73.70970154,A4:CF:12,9,wpa2,2024-10-18T21:00:00.000Z,2024-10-30T15:00:00.000Z,Montréal,Québec,CA,Autoroute du Souvenir,H8T 1H8
A4:CF:12:7D:6A:99,,45.46820068,-73.58518982,A4:CF:12,9,wpa2,2023-03-14T08:00:00.000Z,2024-10-11T08:00:00.000Z,Montréal,Québec,CA,Rue Saint-Patrick,H4C 2C7
A4:CF:12:7D:6A:AD,,42.28623581,-83.09564209,A4:CF:12,9,wpa2,2026-06-19T22:00:00.000Z,2026-08-31T12:00:00.000Z,Windsor,Ontario,CA,Gordie Howe International Bridge,N9C 3G3
A4:CF:12:7D:6A:BD,,45.52765656,-73.54471588,A4:CF:12,9,wpa2,2025-05-08T20:00:00.000Z,2025-05-08T14:00:00.000Z,Montréal,Québec,CA,Rue Notre-Dame Est,H2K 2J5
A4:CF:12:7D:6A:C9,,45.47106171,-73.61769867,A4:CF:12,9,wpa2,2022-03-15T14:00:00.000Z,2025-12-16T09:00:00.000Z,Montréal,Québec,CA,Avenue Wilson,H4A 2A1
A4:CF:12:7D:6A:D1,,45.45664215,-73.68672943,A4:CF:12,9,wpa2,2020-12-21T15:00:00.000Z,2024-12-18T14:00:00.000Z,Montréal,Québec,CA,Autoroute Chomedey,H4T1T1
A4:CF:12:7D:6B:09,,45.5646286,-73.64396667,A4:CF:12,6,wpa2,2020-10-05T07:00:00.000Z,2026-08-19T23:00:00.000Z,Montréal,Québec,CA,Avenue Papineau,H1Z 1A1
A4:CF:12:7D:6B:71,,45.77197266,-73.4367218,A4:CF:12,9,wpa2,2023-05-30T21:00:00.000Z,2024-11-15T13:00:00.000Z,,Québec,CA,Autoroute Félix-Leclerc,J5Y 4C8
A4:CF:12:7D:6B:75,,48.41178894,-71.21055603,A4:CF:12,9,wpa2,2024-11-14T18:00:00.000Z,2024-11-14T11:00:00.000Z,,Québec,CA,Boulevard du Royaume,G7S 0E4
A4:CF:12:7D:6B:89,ESP_7D6B89,45.54864502,-73.63378906,A4:CF:12,1,wpa2,2022-05-10T18:00:00.000Z,2025-11-07T17:00:00.000Z,Montréal,Québec,CA,Rue Saint-Hubert,H2P 1Z7
A4:CF:12:7D:6B:95,,45.63669968,-73.83145905,A4:CF:12,9,wpa2,2021-10-21T08:00:00.000Z,2026-04-29T19:00:00.000Z,,Québec,CA,Rue Verdon,J7E 1M4
A4:CF:12:7D:6B:A5,,45.72680664,-72.61611938,A4:CF:12,9,wpa2,2022-10-26T21:00:00.000Z,2026-07-02T08:00:00.000Z,,Québec,CA,,
A4:CF:12:7D:6B:A9,,45.51987457,-73.65478516,A4:CF:12,9,wpa2,2021-01-26T14:00:00.000Z,2026-02-05T15:00:00.000Z,,Québec,CA,Chemin Dunkirk,H4N2P1
A4:CF:12:7D:6B:D1,,45.45245743,-73.67835236,A4:CF:12,9,wpa2,2022-10-27T08:00:00.000Z,2025-07-09T15:00:00.000Z,Montréal,Québec,CA,Croissant Claire,H8S
A4:CF:12:7D:6B:E1,,45.46412277,-73.68395996,A4:CF:12,9,wpa2,2021-12-03T11:00:00.000Z,2026-07-01T05:00:00.000Z,Montréal,Québec,CA,Rue Courval,H4T 1E7
A4:CF:12:7D:6B:F5,,45.50788116,-73.69761658,A4:CF:12,9,wpa2,2020-10-01T09:00:00.000Z,2026-04-21T16:00:00.000Z,Montréal,Québec,CA,Rue Modugno,H4R 1L6
A4:CF:12:7D:6C:05,,46.32893372,-72.59870148,A4:CF:12,9,wpa2,2023-05-30T18:00:00.000Z,2026-03-12T14:00:00.000Z,Trois-Rivières,Québec,CA,Autoroute de l'Énergie,G9B 2M9
A4:CF:12:7D:6C:19,,45.53401184,-73.64234161,A4:CF:12,9,wpa2,2021-08-06T10:00:00.000Z,2026-04-17T20:00:00.000Z,Montréal,Québec,CA,Avenue Querbes,H4N 3M5
A4:CF:12:7D:6C:21,,41.72724533,-87.81080627,A4:CF:12,9,wpa2,2020-12-07T10:00:00.000Z,2025-12-07T15:00:00.000Z,,IL,US,Tri-State Tollway,60457
A4:CF:12:7D:6C:25,,45.57299805,-73.82125854,A4:CF:12,9,wpa2,2021-08-03T09:00:00.000Z,2024-09-18T10:00:00.000Z,Laval (13),Québec,CA,Rue Mance,H7P 5R8
A4:CF:12:7D:6C:55,,45.43940735,-73.6368103,A4:CF:12,9,wpa2,2021-01-22T10:00:00.000Z,2024-11-08T12:00:00.000Z,Montréal,Québec,CA,Rue Cordner,H8N 2Y9
A4:CF:12:7D:6C:59,ESP_7D6C59,45.50701904,-73.64217377,A4:CF:12,9,wpa2,2022-05-09T08:00:00.000Z,2025-11-11T10:00:00.000Z,,Québec,CA,Croissant Geneva,H3R 2G4
A4:CF:12:7D:6C:61,,45.4312973,-73.41230774,A4:CF:12,9,wpa2,2025-08-19T19:00:00.000Z,2025-10-03T17:00:00.000Z,,Québec,CA,Boulevard Lapinière,J4Z0P3
A4:CF:12:7D:6C:65,a4:cf:12:7d:6c:65,44.71441269,-75.55042267,A4:CF:12,9,wpa2,2024-04-10T15:00:00.000Z,2026-04-04T23:00:00.000Z,,Ontario,CA,Highway 401,K0E 1T0
A4:CF:12:7D:6C:69,,45.46735001,-73.58234406,A4:CF:12,9,wpa2,2025-01-28T18:00:00.000Z,2025-01-28T13:00:00.000Z,Montréal,Québec,CA,Rue Pitt,H4E1A2
A4:CF:12:7D:6C:75,,45.60319138,-73.73866272,A4:CF:12,9,wpa2,2023-02-27T10:00:00.000Z,2026-07-10T16:00:00.000Z,Laval (13),Québec,CA,Rue de Renaix,H7M 2R5
A4:CF:12:7D:6C:7D,,45.52869415,-73.54059601,A4:CF:12,9,wpa2,2025-03-06T23:00:00.000Z,2026-06-23T15:00:00.000Z,Montréal,Québec,CA,Rue du Port de Montréal,H2L 5C1
A4:CF:12:7D:6C:C1,,45.5542717,-73.647789,A4:CF:12,9,wpa2,2021-06-18T07:00:00.000Z,2025-06-20T13:00:00.000Z,Montréal,Québec,CA,Avenue Joseph-Mélançon,H2M 1Y8
A4:CF:12:7D:6C:FD,,45.09731293,-74.48893738,A4:CF:12,9,wpa2,2020-10-06T12:00:00.000Z,2025-12-09T09:00:00.000Z,South Glengarry,Ontario,CA,,K0C 1N0
A4:CF:12:7D:6D:09,,45.41332245,-73.25656128,A4:CF:12,9,wpa2,2024-09-19T12:00:00.000Z,2024-09-19T09:00:00.000Z,,Québec,CA,Autoroute des Cantons-de-l'Est,J3L 4A7
A4:CF:12:7D:6E:9D,,45.29574585,-72.12607574,A4:CF:12,9,wpa2,2026-07-14T16:00:00.000Z,2026-08-19T23:00:00.000Z,Magog,Québec,CA,Autoroute des Cantons-de-l'Est,J1X 5R2
A4:CF:12:7D:7D:B9,ESP_7D7DB9,43.73199081,7.27600145,A4:CF:12,5,unknown,2022-10-25T11:00:00.000Z,2025-10-26T03:00:00.000Z,Nice,Provence-Alpes-Côte d'Azur,FR,Avenue Cap de Croix,06730
A4:CF:12:7D:7D:C5,ESP_7D7DC5,45.43967438,4.38796949,A4:CF:12,8,unknown,2023-06-09T08:00:00.000Z,2025-08-05T10:00:00.000Z,Saint-Étienne,Auvergne-Rhône-Alpes,FR,Rue Blanqui,42000
A4:CF:12:7D:7D:DD,ESP_7D7DDD,49.62706375,-1.61744761,A4:CF:12,7,unknown,2025-05-30T10:00:00.000Z,2025-05-30T03:00:00.000Z,,Normandie,FR,Avenue de Paris,50100
A4:CF:12:7D:7D:F9,ESP_7D7DF9,43.44758606,5.23971224,A4:CF:12,3,unknown,2026-02-03T08:00:00.000Z,2026-06-08T00:00:00.000Z,,Provence-Alpes-Côte d'Azur,FR,Rue François Dumouriez du Périer,13127
A4:CF:12:7D:7E:09,ESP_7D7E09,43.6298027,4.80080318,A4:CF:12,4,unknown,2026-02-17T15:00:00.000Z,2026-02-17T08:00:00.000Z,,Provence-Alpes-Côte d'Azur,FR,N 113,13310
A4:CF:12:7D:7E:15,ESP_7D7E15,43.63951874,5.00129509,A4:CF:12,13,unknown,2026-08-10T06:00:00.000Z,2026-08-10T04:00:00.000Z,Grans,Provence-Alpes-Côte d'Azur,FR,A 54,13450
A4:CF:12:7D:7E:3D,ESP_7D7E3D,43.75582123,7.46203136,A4:CF:12,13,unknown,2020-07-07T14:00:00.000Z,2025-03-10T03:00:00.000Z,,Provence-Alpes-Côte d'Azur,FR,"Le Corbusier (Ancien ""Sentier des Douaniers"")",06190
A4:CF:12:7D:7E:5D,ESP_7D7E5D,43.94239044,4.80797863,A4:CF:12,8,none,2025-04-24T13:00:00.000Z,2026-07-22T12:00:00.000Z,Avignon,Provence-Alpes-Côte d'Azur,FR,Boulevard Saint-Roch,84000
A4:CF:12:7D:7E:F9,WiBo-CMC-Box-077,59.90128708,10.50181007,A4:CF:12,1,wpa2,2022-12-28T17:00:00.000Z,2026-08-14T10:00:00.000Z,,Viken,NO,Dønskiveien,1338
A4:CF:12:7D:83:5D,ESP_7D835D,43.94343948,4.81560802,A4:CF:12,5,none,2026-03-21T18:00:00.000Z,2026-04-03T19:00:00.000Z,Avignon,Provence-Alpes-Côte d'Azur,FR,Avenue Pierre Semard,84000
A4:CF:12:7D:83:7D,ESP_7D837D,43.73482513,7.42002344,A4:CF:12,6,unknown,2020-07-07T14:00:00.000Z,2026-01-26T10:00:00.000Z,Monaco,La Condamine,MC,Rue Princesse Florestine,98020
A4:CF:12:7D:83:85,ESP_7D8385,-17.68570328,-149.58590698,A4:CF:12,4,unknown,2022-03-10T10:00:00.000Z,2025-12-20T12:00:00.000Z,,Polynésie Française,FR,,98711
A4:CF:12:7D:83:8D,ESP_7D838D,-17.58492851,-149.61373901,A4:CF:12,2,unknown,2023-09-16T10:00:00.000Z,2026-06-12T15:00:00.000Z,,Polynésie Française,FR,,98717
A4:CF:12:7D:83:91,ESP_7D8391,43.6332283,5.07547855,A4:CF:12,1,unknown,2025-01-15T13:00:00.000Z,2025-01-16T02:00:00.000Z,Salon-de-Provence,Provence-Alpes-Côte d'Azur,FR,Avenue du Bachaga Boualem,13300
A4:CF:12:7D:83:B1,ESP_7D83B1,45.90302277,6.12636614,A4:CF:12,6,unknown,2024-02-07T12:00:00.000Z,2026-05-16T04:00:00.000Z,Annecy,Auvergne-Rhône-Alpes,FR,Rue du Président Favre,74000
A4:CF:12:7D:83:DD,ESP_7D83DD,43.95812225,4.7487154,A4:CF:12,1,unknown,2026-07-19T11:00:00.000Z,2026-07-20T14:00:00.000Z,Les Angles,Occitanie,FR,D 6100,30133
A4:CF:12:7D:83:E1,ESP_7D83E1,43.94838333,4.80054379,A4:CF:12,11,unknown,2022-06-25T19:00:00.000Z,2026-07-20T14:00:00.000Z,Avignon,Provence-Alpes-Côte d'Azur,FR,Rue du Rempart de l'Oulle,84000
A4:CF:12:7D:83:E9,ESP_7D83E9,-17.55142212,-149.58874512,A4:CF:12,4,unknown,2026-01-31T00:00:00.000Z,2026-08-25T10:00:00.000Z,Faaa,Polynésie Française,FR,"Aratia Tavana Ariioehau Francis Sanford ""Route RFO""",98704
A4:CF:12:7D:83:F1,ESP_7D83F1,43.68490982,7.26650572,A4:CF:12,8,unknown,2021-06-04T13:00:00.000Z,2026-01-30T07:00:00.000Z,Nice,Provence-Alpes-Côte d'Azur,FR,,06046
A4:CF:12:7D:83:F9,ESP_7D83F9,43.94392395,4.81414461,A4:CF:12,7,none,2021-07-26T16:00:00.000Z,2026-04-03T19:00:00.000Z,Avignon,Provence-Alpes-Côte d'Azur,FR,Rue Ninon Vallin,84000
A4:CF:12:7D:83:FD,ESP_7D83FD,43.94293976,4.81102371,A4:CF:12,2,unknown,2021-09-14T16:00:00.000Z,2025-04-25T03:00:00.000Z,Avignon,Provence-Alpes-Côte d'Azur,FR,Boulevard Saint-Michel,84000
A4:CF:12:7D:84:01,ESP_7D8401,43.94364929,4.81521988,A4:CF:12,11,none,2022-11-09T11:00:00.000Z,2026-04-03T19:00:00.000Z,Avignon,Provence-Alpes-Côte d'Azur,FR,Avenue Pierre Semard,84000
A4:CF:12:7D:84:09,ESP_7D8409,45.90240097,6.1253233,A4:CF:12,7,unknown,2023-12-02T16:00:00.000Z,2026-05-16T04:00:00.000Z,Annecy,Auvergne-Rhône-Alpes,FR,Rue Carnot,74000
A4:CF:12:7D:84:0D,ESP_7D840D,45.90585709,6.13267851,A4:CF:12,7,unknown,2001-01-03T17:00:00.000Z,2026-05-16T04:00:00.000Z,Annecy,Auvergne-Rhône-Alpes,FR,Avenue du Parmelan,74000
A4:CF:12:7D:84:19,ESP_7D8419,43.70105743,7.29396534,A4:CF:12,1,unknown,2020-07-07T14:00:00.000Z,2026-01-22T00:00:00.000Z,Nice,Provence-Alpes-Côte d'Azur,FR,Corniche André de Joly,06300
A4:CF:12:7D:84:25,ESP_7D8425,43.45806122,5.24013138,A4:CF:12,7,unknown,2024-03-14T12:00:00.000Z,2025-12-13T09:00:00.000Z,,Provence-Alpes-Côte d'Azur,FR,Rue André Campra,13127
A4:CF:12:7D:84:2D,ESP_7D842D,43.73448181,7.42060328,A4:CF:12,10,unknown,2022-04-25T15:00:00.000Z,2025-04-14T14:00:00.000Z,Monaco,La Condamine,MC,Rue Louis Notari,98020
A4:CF:12:7D:84:35,ESP_7D8435,43.58571625,4.60574055,A4:CF:12,7,unknown,2025-08-09T12:00:00.000Z,2026-05-11T11:00:00.000Z,,Provence-Alpes-Côte d'Azur,FR,,
A4:CF:12:7D:84:41,ESP_7D8441,-17.65587807,-149.59851074,A4:CF:12,4,unknown,2025-10-25T17:00:00.000Z,2026-07-03T18:00:00.000Z,,Polynésie Française,FR,,98703
A4:CF:12:7D:84:69,ESP_7D8469,43.73999786,7.42598486,A4:CF:12,12,unknown,2020-07-08T16:00:00.000Z,2024-12-29T04:00:00.000Z,Monaco,Monte-Carlo,MC,Allées des Boulingrins,98000
A4:CF:12:7D:8A:85,TCS-A4:CF:12:7D:8A:84,52.61504745,6.18670797,A4:CF:12,1,wpa2,2025-07-09T12:00:00.000Z,2026-08-27T04:00:00.000Z,,Overijssel,NL,Oude Rijksweg,7954GJ
A4:CF:12:7D:B9:01,FH-VMD-00B97D12CFA4,63.67668533,22.71748352,A4:CF:12,1,wpa2,2020-12-28T16:00:00.000Z,2025-10-09T10:00:00.000Z,,Manner-Suomi,FI,Smedjegatan,68600
A4:CF:12:7D:BB:39,T009_7DBB38,53.02484512,4.74665546,A4:CF:12,9,unknown,2021-01-16T13:00:00.000Z,2025-04-21T08:00:00.000Z,,Noord-Holland,NL,Klif,1797AL
A4:CF:12:7D:BC:A9,PowerDIN-AP-AB,51.50870895,-0.02477795,A4:CF:12,1,unknown,2023-09-12T16:00:00.000Z,2025-09-08T23:00:00.000Z,London,England,GB,Limehouse Link,E14 4AW
A4:CF:12:7D:BF:A5,T009_7DBFA4,51.68893433,3.7347312,A4:CF:12,9,unknown,2026-01-18T13:00:00.000Z,2026-01-18T09:00:00.000Z,Burgh-Haamstede,Zeeland,NL,Weeldeweg,4328NA
A4:CF:12:7D:F9:85,,33.8318634,-116.47094727,A4:CF:12,1,unknown,2024-10-26T18:00:00.000Z,2024-10-26T15:00:00.000Z,,CA,US,Durango Road,92264-3613
A4:CF:12:7D:FC:65,ESP_7DFC65,43.66752243,7.20409489,A4:CF:12,4,unknown,2022-04-25T12:00:00.000Z,2025-03-29T16:00:00.000Z,Nice,Provence-Alpes-Côte d'Azur,FR,Boulevard du Mercantour,06299
A4:CF:12:7D:FC:79,ESP_7DFC79,45.90864944,6.13783503,A4:CF:12,13,unknown,2001-01-02T18:00:00.000Z,2025-09-12T09:00:00.000Z,Annecy,Auvergne-Rhône-Alpes,FR,Passage de Vignières,74000
A4:CF:12:7E:01:31,WiBo-CMC-Box-026,59.90167236,10.50214577,A4:CF:12,1,wpa2,2022-12-28T16:00:00.000Z,2026-08-14T10:00:00.000Z,,Viken,NO,Dønskitoppen,1346
A4:CF:12:7E:01:45,WiBo-CMC-Box-023,59.90129471,10.50198555,A4:CF:12,1,wpa2,2022-12-28T16:00:00.000Z,2026-08-14T10:00:00.000Z,,Viken,NO,Dønskiveien,1338
A4:CF:12:7E:01:59,,45.91062927,-72.48669434,A4:CF:12,9,wpa2,2025-02-27T20:00:00.000Z,2025-02-27T13:00:00.000Z,Drummondville,Québec,CA,Autoroute Jean-Lesage,J2C 1E7
A4:CF:12:7E:01:71,WiBo-CMC-Box-072,59.90239334,10.50315475,A4:CF:12,1,wpa2,2026-07-21T10:00:00.000Z,2026-08-14T10:00:00.000Z,,Viken,NO,Dønskiveien,1338
A4:CF:12:7E:01:BD,,45.53039169,-73.82079315,A4:CF:12,9,wpa2,2021-09-30T15:00:00.000Z,2024-09-20T12:00:00.000Z,Laval (13),Québec,CA,Rue des Lotus,H7X 2H6
A4:CF:12:7E:02:20,,45.49399948,-73.74198151,A4:CF:12,0,unknown,2022-07-19T14:00:00.000Z,2025-07-08T15:00:00.000Z,Montréal,Québec,CA,Boulevard Pitfield,H4S 1A9
A4:CF:12:7E:02:21,,45.49338913,-73.74087524,A4:CF:12,9,wpa2,2022-07-20T08:00:00.000Z,2025-07-08T15:00:00.000Z,Montréal,Québec,CA,Boulevard Pitfield,H4S 1A9
A4:CF:12:7E:03:15,WiBo-CMC-Box-078,59.90105057,10.50159645,A4:CF:12,1,wpa2,2022-12-28T16:00:00.000Z,2026-08-14T10:00:00.000Z,,Viken,NO,Dønskiveien,1338
A4:CF:12:7E:03:29,WiBo-CMC-Box-075,59.9015007,10.50194645,A4:CF:12,1,wpa2,2022-12-28T16:00:00.000Z,2026-08-14T10:00:00.000Z,,Viken,NO,Dønskiveien,1338
A4:CF:12:7E:03:35,WiBo-CMC-Box-069,59.90232849,10.50301552,A4:CF:12,1,wpa2,2026-07-21T10:00:00.000Z,2026-08-14T10:00:00.000Z,,Viken,NO,Dønskiveien,1338
A4:CF:12:7E:03:39,WiBo-CMC-Box-084,59.90142822,10.50179577,A4:CF:12,1,wpa2,2026-07-21T10:00:00.000Z,2026-08-14T10:00:00.000Z,,Viken,NO,Dønskiveien,1338
A4:CF:12:7E:04:81,,45.59869385,-73.12580872,A4:CF:12,9,wpa2,2024-06-17T09:00:00.000Z,2026-03-27T01:00:00.000Z,,Québec,CA,TransCanada Highway,J0H 1S0
A4:CF:12:7E:04:AD,,45.36301041,-75.49555206,A4:CF:12,9,wpa2,2026-04-14T22:00:00.000Z,2026-04-14T15:00:00.000Z,,Ontario,CA,Highway 417,K0A 1K0
A4:CF:12:7E:04:C5,WiBo-CMC-Box-074,59.9009285,10.50151539,A4:CF:12,1,wpa2,2026-07-21T10:00:00.000Z,2026-08-14T10:00:00.000Z,,Viken,NO,Dønskiveien,1338
A4:CF:12:7E:05:25,WiBo-CMC-Box-081,59.9009285,10.50151539,A4:CF:12,1,wpa2,2026-07-21T10:00:00.000Z,2026-08-14T10:00:00.000Z,,Viken,NO,Dønskiveien,1338
A4:CF:12:7E:07:05,WiBo-CMC-Box-096,59.90222931,10.50291157,A4:CF:12,1,wpa2,2020-07-14T11:00:00.000Z,2026-08-14T10:00:00.000Z,,Viken,NO,Dønskiveien,1338
A4:CF:12:7E:07:49,WiBo-CMC-Box-095,59.90196991,10.50273323,A4:CF:12,1,wpa2,2020-07-14T11:00:00.000Z,2026-08-14T10:00:00.000Z,,Viken,NO,Dønskiveien,1338
A4:CF:12:7E:07:81,WiBo-CMC-Box-092,59.90221024,10.5031395,A4:CF:12,1,wpa2,2020-07-14T11:00:00.000Z,2026-08-14T10:00:00.000Z,,Viken,NO,Dønskiveien,1338
A4:CF:12:7E:07:C1,WiBo-CMC-Box-093,59.90210342,10.50326633,A4:CF:12,1,wpa2,2020-07-14T11:00:00.000Z,2026-08-14T10:00:00.000Z,,Viken,NO,Dønskiveien,1338
A4:CF:12:7E:08:E5,WiBo-CMC-Box-091,59.9020462,10.5026865,A4:CF:12,1,wpa2,2020-07-14T11:00:00.000Z,2026-08-14T10:00:00.000Z,,Viken,NO,Dønskiveien,1338
A4:CF:12:7E:10:85,WiBo-CMC-Box10,52.26403427,10.53391075,A4:CF:12,1,wpa2,2026-04-26T13:00:00.000Z,2026-04-26T14:00:00.000Z,Braunschweig,Niedersachsen,DE,Museumstraße,38100
A4:CF:12:7E:10:95,WiBo-CMC-Box-109,59.90031052,10.50238132,A4:CF:12,1,wpa2,2022-12-28T16:00:00.000Z,2026-08-14T10:00:00.000Z,,Viken,NO,Dønskiveien,1346
A4:CF:12:7E:10:9D,WiBo-CMC-Box_2,52.26451492,10.5365324,A4:CF:12,1,wpa2,2026-04-07T14:00:00.000Z,2026-04-07T08:00:00.000Z,Braunschweig,Niedersachsen,DE,Max-Beckmann-Platz,38102
A4:CF:12:7E:10:DD,WiBo-CMC-Box-025,59.9017601,10.50226593,A4:CF:12,1,wpa2,2022-12-28T16:00:00.000Z,2026-08-14T10:00:00.000Z,,Viken,NO,Dønskiveien,1338
A4:CF:12:7E:4B:A1,ESP_7E4BA1,32.32182693,-106.73291016,A4:CF:12,1,unknown,2024-10-02T17:00:00.000Z,2024-10-02T14:00:00.000Z,Las Cruces,NM,US,Foothills Drive,88011
A4:CF:12:7E:57:78,,27.98154449,-82.28805542,A4:CF:12,11,none,2026-08-17T03:00:00.000Z,2026-08-18T06:00:00.000Z,,FL,US,East Doctor Martin Luther King Junior Boulevard,33584
A4:CF:12:7E:61:B8,,36.42752838,-77.63059998,A4:CF:12,11,unknown,2026-03-14T02:00:00.000Z,2026-03-15T08:00:00.000Z,,NC,US,I 95,27890
A4:CF:12:7E:6C:A0,,48.3690567,-122.65283966,A4:CF:12,1,wpa2,2026-06-30T01:00:00.000Z,2026-07-16T17:00:00.000Z,,WA,US,State Route 20,
A4:CF:12:7E:6E:E8,,34.12075424,-117.69879913,A4:CF:12,1,none,2026-09-01T04:00:00.000Z,2026-09-01T18:00:00.000Z,,CA,US,Foothill Freeway,91711:91784
A4:CF:12:7E:79:0C,,30.63938713,-97.63996887,A4:CF:12,0,unknown,2024-12-02T10:00:00.000Z,2024-12-02T15:00:00.000Z,,TX,US,East University Avenue,76530
A4:CF:12:7E:A9:F4,,39.98342514,-85.88497162,A4:CF:12,9,unknown,2026-07-25T22:00:00.000Z,2026-07-25T19:00:00.000Z,,IN,US,Memorial Way,
A4:CF:12:7E:BD:E1,ESP_7EBDE1,40.16442108,-75.75272369,A4:CF:12,1,unknown,2026-01-01T20:00:00.000Z,2026-01-01T14:00:00.000Z,Warwick Township,PA,US,Ridge Road,19520
A4:CF:12:7E:E6:CD,Mysa-7ee6cc,50.00754547,-119.41831207,A4:CF:12,6,unknown,2024-09-30T00:00:00.000Z,2024-09-30T00:00:00.000Z,,British Columbia,CA,Glenmore Road North,V4V 2L0
A4:CF:12:7E:EA:3D,Mysa-7eea3c,40.5140152,-107.59343719,A4:CF:12,11,unknown,2025-08-10T19:00:00.000Z,2025-08-11T08:00:00.000Z,,CO,US,West Victory Way,81625
A4:CF:12:7E:F4:D9,Mysa-7ef4d8,49.31587982,-123.06945801,A4:CF:12,1,unknown,2025-03-30T21:00:00.000Z,2025-03-30T14:00:00.000Z,North Vancouver,British Columbia,CA,East 8th Street,V7L
A4:CF:12:7E:FE:08,,41.04605103,-72.4196167,A4:CF:12,6,unknown,2025-01-05T20:00:00.000Z,2025-01-05T14:00:00.000Z,,NY,US,Cedar Drive,11971
A4:CF:12:7F:18:FC,,38.599617,-90.24280548,A4:CF:12,6,wpa2,2026-08-28T23:00:00.000Z,2026-08-28T22:00:00.000Z,Saint Louis,MO,US,South Grand Boulevard,63111
A4:CF:12:7F:23:B9,ESP_7F23B9,42.73422623,-84.64232635,A4:CF:12,1,unknown,2025-07-12T16:00:00.000Z,2025-07-12T12:00:00.000Z,,MI,US,South Creyts Road,48917
A4:CF:12:7F:28:C8,(no SSID),33.75621414,-79.02044678,A4:CF:12,2,none,2025-04-19T09:00:00.000Z,2025-04-26T11:00:00.000Z,,SC,US,SC 544,29588
A4:CF:12:7F:37:F8,,40.60329437,-74.47631073,A4:CF:12,1,none,2026-08-09T08:00:00.000Z,2026-08-09T15:00:00.000Z,,NJ,US,US 22,08812
A4:CF:12:7F:38:B8,,40.67683792,-73.58097076,A4:CF:12,1,unknown,2025-07-26T14:00:00.000Z,2025-07-26T13:00:00.000Z,,NY,US,Brooks Avenue,11575
A4:CF:12:7F:4D:44,,29.76039886,-95.39818573,A4:CF:12,10,unknown,2025-04-08T21:00:00.000Z,2025-04-22T22:00:00.000Z,Houston,TX,US,Waugh Drive,77019
A4:CF:12:7F:6F:90,,39.9487915,-82.21623993,A4:CF:12,6,none,2026-08-19T15:00:00.000Z,2026-08-27T17:00:00.000Z,,OH,US,I 70,43746
A4:CF:12:7F:71:5C,,39.33625412,-76.50045776,A4:CF:12,11,unknown,2026-05-15T20:00:00.000Z,2026-08-30T20:00:00.000Z,,MD,US,Golden Ring Road,21237
A4:CF:12:7F:92:08,,29.50990295,-98.53955841,A4:CF:12,0,unknown,2024-09-22T16:00:00.000Z,2024-09-23T19:00:00.000Z,San Antonio,TX,US,Connally Loop,78213
A4:CF:12:7F:9D:DC,,34.01153183,-81.18496704,A4:CF:12,1,none,2026-08-29T15:00:00.000Z,2026-08-29T15:00:00.000Z,,SC,US,Sunset Boulevard,28972
A4:CF:12:7F:A7:6C,,47.45779419,-122.2442627,A4:CF:12,5,wpa2,2026-07-18T20:00:00.000Z,2026-07-18T14:00:00.000Z,,WA,US,West Valley Highway,98188
A4:CF:12:7F:BD:54,,39.78219223,-121.88729095,A4:CF:12,8,none,2026-08-21T06:00:00.000Z,2026-08-21T08:00:00.000Z,Chico,CA,US,Esplanade,95973
A4:CF:12:7F:BD:89,ESP_7FBD89,41.71574402,-87.78829193,A4:CF:12,1,none,2024-10-19T22:00:00.000Z,2024-10-19T20:00:00.000Z,,IL,US,South Rutherford Avenue,60453
A4:CF:12:7F:D3:98,,41.17401123,-83.40630341,A4:CF:12,6,none,2026-08-26T18:00:00.000Z,2026-08-26T21:00:00.000Z,,OH,US,Buckley Street,44830
A4:CF:12:7F:D7:58,,27.77035713,-82.65632629,A4:CF:12,10,unknown,2025-10-06T22:00:00.000Z,2025-10-07T12:00:00.000Z,Saint Petersburg,FL,US,17th Street South,33712
A4:CF:12:7F:DE:1D,ESP_7FDE1D,26.23338509,-98.17889404,A4:CF:12,1,unknown,2025-12-06T18:00:00.000Z,2025-12-06T14:00:00.000Z,,TX,US,West Nolana Loop,78577
A4:CF:12:7F:F9:24,,36.06723785,-79.50266266,A4:CF:12,1,wpa2,2026-06-05T17:00:00.000Z,2026-07-14T13:00:00.000Z,Burlington,NC,US,I 40;I 85,27215-5151
A4:CF:12:80:01:79,CFX3_800178,-27.29781532,153.04692078,A4:CF:12,1,wpa2,2023-02-06T02:00:00.000Z,2026-08-07T20:00:00.000Z,Brisbane City,Queensland,AU,Deagon Deviation,4017
A4:CF:12:80:06:65,Mysa-800664,37.81017685,-107.66579437,A4:CF:12,11,unknown,2026-07-28T19:00:00.000Z,2026-07-28T16:00:00.000Z,,CO,US,Greene Street,81433
A4:CF:12:80:06:C5,WLED-AP4,41.55341339,-87.8150177,A4:CF:12,2,wpa2,2026-06-03T22:00:00.000Z,2026-07-01T12:00:00.000Z,,IL,US,186th Street,60477
A4:CF:12:80:2D:45,smartglass,36.15708542,-115.17802429,A4:CF:12,1,wpa2,2026-02-09T07:00:00.000Z,2026-02-09T00:00:00.000Z,Las Vegas,NV,US,Ashby Avenue,89102-1634
A4:CF:12:80:61:75,CFX3_806174,-34.93849945,138.56982422,A4:CF:12,1,wpa2,2025-10-29T20:00:00.000Z,2026-02-07T00:00:00.000Z,Adelaide,South Australia,AU,Deacon Avenue,5033
A4:CF:12:80:63:81,CFX3_806380,-25.28458214,152.86491394,A4:CF:12,1,wpa2,2026-01-17T10:00:00.000Z,2026-01-17T22:00:00.000Z,Hervey Bay,Queensland,AU,Charlton Esplanade,4655
A4:CF:12:80:64:E5,CFX3_8064e4,59.90271759,10.7823801,A4:CF:12,1,wpa2,2025-07-25T12:00:00.000Z,2025-08-04T04:00:00.000Z,Oslo,Arctanderbyen,NO,Konows gate,0196
A4:CF:12:80:65:A5,CFX3_8065a4,-38.03345871,145.11956787,A4:CF:12,1,wpa2,2026-02-05T21:00:00.000Z,2026-02-07T19:00:00.000Z,Melbourne,Victoria,AU,Longbeach Sands,3196
A4:CF:12:80:66:19,CFX3_806618,41.31008148,-110.51622772,A4:CF:12,1,wpa2,2021-09-15T13:00:00.000Z,2026-08-12T15:00:00.000Z,,WY,US,I 80,
A4:CF:12:80:66:99,CFX3_806698,-28.06289864,152.23135376,A4:CF:12,1,wpa2,2024-09-22T00:00:00.000Z,2024-09-21T20:00:00.000Z,,Queensland,AU,Cunningham Highway,
A4:CF:12:80:6B:BD,CFX3_20122020,-27.22051048,152.98823547,A4:CF:12,1,wpa2,2024-11-10T04:00:00.000Z,2024-12-27T19:00:00.000Z,,Queensland,AU,Old Gympie Road,4503
A4:CF:12:80:6B:FD,CFX3_806bfc,-33.89274979,151.08117676,A4:CF:12,1,wpa2,2023-06-06T23:00:00.000Z,2025-04-09T22:00:00.000Z,,New South Wales,AU,Brooklyn Street,2136
A4:CF:12:80:6C:31,CFX3_806c30,59.26147842,18.04481888,A4:CF:12,1,wpa2,2023-07-14T18:00:00.000Z,2025-01-16T11:00:00.000Z,Stockholm,Stockholms län,SE,Harpsundsvägen,124 58
A4:CF:12:80:7E:C1,CFX3_807ec0,-27.5573864,152.27668762,A4:CF:12,1,wpa2,2026-08-09T08:00:00.000Z,2026-08-09T02:00:00.000Z,,Queensland,AU,Railway Street,4343
A4:CF:12:80:89:31,Mysa-808930,47.67985153,-122.35520935,A4:CF:12,11,unknown,2025-05-10T17:00:00.000Z,2025-05-10T12:00:00.000Z,Seattle,WA,US,Greenwood Avenue North,98103
A4:CF:12:80:98:B9,Aquascape Smart Plug-1A229,42.29667664,-89.00522614,A4:CF:12,1,unknown,2026-07-20T01:00:00.000Z,2026-08-29T07:00:00.000Z,Rockford,IL,US,Spring Creek Road,61114
A4:CF:12:80:AE:15,Aquascape Pump-505D3,35.44803238,-119.11769867,A4:CF:12,1,none,2026-06-17T00:00:00.000Z,2026-06-16T17:00:00.000Z,City of Shafter,CA,US,Soaring Heights Way,93630
A4:CF:12:80:AF:F1,Mysa-80aff0,43.71164703,-111.10710144,A4:CF:12,1,unknown,2025-12-23T13:00:00.000Z,2025-12-23T14:00:00.000Z,,ID,US,Eagles Rest Drive,83422
A4:CF:12:80:B2:B1,Aquascape Pump-9E45F,40.74532318,-111.87134552,A4:CF:12,1,none,2021-06-27T19:00:00.000Z,2026-07-24T16:00:00.000Z,Salt Lake City,UT,US,700 East,84105-1128
A4:CF:12:80:B4:59,Aquascape Pump-56AB5,40.32927704,-76.07798767,A4:CF:12,1,unknown,2024-09-03T22:00:00.000Z,2024-09-03T18:00:00.000Z,,PA,US,West Penn Avenue,19565
A4:CF:12:80:B9:91,Mysa-80b990,42.34470367,-71.08071899,A4:CF:12,11,unknown,2026-06-04T15:00:00.000Z,2026-06-04T12:00:00.000Z,Boston,MA,US,West Newton Street,02199
A4:CF:12:80:BD:81,Aquascape Pump-D1E8F,43.29184341,-79.8745575,A4:CF:12,1,unknown,2024-06-27T16:00:00.000Z,2025-09-12T12:00:00.000Z,Burlington,Ontario,CA,Plains View Avenue,L8L 1H1
A4:CF:12:80:C1:9D,Mysa-80c19c,47.25371933,-122.45066071,A4:CF:12,1,unknown,2025-10-03T06:00:00.000Z,2025-10-17T23:00:00.000Z,Tacoma,WA,US,South J Street,98403-1926
A4:CF:12:80:C1:A5,Mysa-80c1a4,45.46645355,-73.6244812,A4:CF:12,6,unknown,2022-07-18T13:00:00.000Z,2026-03-09T15:00:00.000Z,Montréal,Québec,CA,Avenue Kensington,H3X 2B6
A4:CF:12:80:D0:25,Mysa-80d024,44.37220001,-121.64490509,A4:CF:12,1,unknown,2026-03-25T00:00:00.000Z,2026-03-26T16:00:00.000Z,,OR,US,Bishops Cap,
A4:CF:12:80:D4:19,Mysa-80d418,47.67988968,-122.35518646,A4:CF:12,1,unknown,2025-05-10T18:00:00.000Z,2025-08-30T22:00:00.000Z,Seattle,WA,US,Greenwood Avenue North,98103
A4:CF:12:80:D6:DD,Mysa-80d6dc,49.26911545,-123.11621094,A4:CF:12,6,unknown,2026-05-28T09:00:00.000Z,2026-07-22T00:00:00.000Z,Vancouver,British Columbia,CA,Starboard Square,V5Z
A4:CF:12:80:D8:75,Mysa-80d874,54.31045532,-130.30163574,A4:CF:12,6,unknown,2025-09-23T19:00:00.000Z,2026-02-18T13:00:00.000Z,Prince Rupert,British Columbia,CA,Cormorant Road,V8J 4K6
A4:CF:12:80:DB:19,Mysa-80db18,49.26899338,-123.11616516,A4:CF:12,1,unknown,2026-05-28T15:00:00.000Z,2026-06-02T15:00:00.000Z,Vancouver,British Columbia,CA,Starboard Square,V5Z
A4:CF:12:80:DC:C1,a4cf1280dcc0,40.67616272,14.76538754,A4:CF:12,1,wpa2,2024-09-21T16:00:00.000Z,2026-04-12T07:00:00.000Z,Salerno,Campania,IT,Corso Giuseppe Garibaldi,84123
A4:CF:12:80:DE:B1,a4cf1280deb0,45.6698494,27.16511154,A4:CF:12,1,wpa2,2025-03-15T12:00:00.000Z,2025-06-11T03:00:00.000Z,,Vrancea,RO,DN2,627151
A4:CF:12:80:DF:ED,Mysa-80dfec,49.13626099,-122.31228638,A4:CF:12,1,unknown,2026-06-04T01:00:00.000Z,2026-06-03T21:00:00.000Z,,British Columbia,CA,3rd Avenue,V2V 1G0
A4:CF:12:81:45:75,Mysa-814574,45.95856857,-66.64089203,A4:CF:12,11,unknown,2026-08-02T18:00:00.000Z,2026-08-02T18:00:00.000Z,,New Brunswick / Nouveau-Brunswick,CA,Rue Regent,E3B 3X2
A4:CF:12:81:6A:4D,DMLink,33.44526672,-82.10408783,A4:CF:12,7,wpa2,2026-05-29T22:00:00.000Z,2026-05-29T17:00:00.000Z,Augusta,GA,US,,30905
A4:CF:12:81:B2:B5,Node-AP-a4cf1281b2b4,4.54123545,-74.25475311,A4:CF:12,1,wpa2,2026-04-05T18:00:00.000Z,2026-04-05T13:00:00.000Z,Chacua,Cundinamarca,CO,Autopista Bogotá-Girardot,250077
A4:CF:12:81:D1:69,Unipi RLW-TH 3,47.4920845,19.14255524,A4:CF:12,6,wpa2,2024-06-02T10:00:00.000Z,2026-03-07T09:00:00.000Z,,Budapest,HU,Dreher Antal út,1106
A4:CF:12:81:DF:CD,Mysa-81dfcc,49.17924881,-121.93039703,A4:CF:12,1,unknown,2024-08-31T00:00:00.000Z,2024-09-22T11:00:00.000Z,Chilliwack,British Columbia,CA,Yale Road,V2P 3J3
A4:CF:12:81:F0:41,Mysa-81f040,42.79880142,-83.52555084,A4:CF:12,6,unknown,2024-10-12T16:00:00.000Z,2024-10-12T17:00:00.000Z,,MI,US,Dixie Highway,48350:48442
A4:CF:12:81:F9:11,Mysa-81f910,42.79871368,-83.52600098,A4:CF:12,1,unknown,2024-10-12T16:00:00.000Z,2024-10-12T17:00:00.000Z,,MI,US,Dixie Highway,48350:48442
A4:CF:12:82:31:91,CFMSST_AA100585,46.05665207,13.22187614,A4:CF:12,6,wpa2,2025-08-13T15:00:00.000Z,2025-08-13T09:00:00.000Z,Udine,Friuli-Venezia Giulia,IT,Via Alberto Mazzucato,33100
A4:CF:12:82:31:AD,CFMSST_AA100683,48.6635437,2.37592816,A4:CF:12,11,wpa2,2022-11-17T18:00:00.000Z,2026-07-20T13:00:00.000Z,,Île-de-France,FR,Avenue Marmont,91170
A4:CF:12:82:32:C5,CFMTDU_71TU1245,45.47205353,9.16322994,A4:CF:12,2,wpa2,2022-04-13T10:00:00.000Z,2025-12-12T06:00:00.000Z,Milano,Lombardia,IT,Via Reggimento Savoia Cavalleria,20145
A4:CF:12:82:33:19,CFMTDU_71TN0028,49.42979813,11.08378029,A4:CF:12,4,wpa2,2022-02-07T12:00:00.000Z,2025-11-28T04:00:00.000Z,Nürnberg,Bayern,DE,Elsässer Straße,90461
A4:CF:12:82:33:29,CFMTDU_71T80348,53.48002625,-2.23173857,A4:CF:12,3,wpa2,2026-04-23T14:00:00.000Z,2026-04-23T08:00:00.000Z,Manchester,England,GB,Dale Street,M1 2HG
A4:CF:12:82:33:D1,CFMTDU_71CY0008,52.01697922,4.35317612,A4:CF:12,3,wpa2,2025-02-28T12:00:00.000Z,2025-02-28T06:00:00.000Z,Delft,Zuid-Holland,NL,Annageer,2611
A4:CF:12:82:33:E1,CFMTDU_71CY0007,52.01729584,4.35277796,A4:CF:12,4,wpa2,2023-03-10T15:00:00.000Z,2025-04-02T09:00:00.000Z,Delft,Zuid-Holland,NL,Wateringsevest,2611
A4:CF:12:82:34:25,CFMTDU_71TU1319,45.92007065,6.12562275,A4:CF:12,6,wpa2,2023-12-13T12:00:00.000Z,2025-02-19T07:00:00.000Z,Annecy,Auvergne-Rhône-Alpes,FR,Avenue de Brogny,74000
A4:CF:12:82:34:69,CFMSST_AA100602,41.16511536,-8.6712513,A4:CF:12,3,wpa2,2023-05-10T13:00:00.000Z,2025-09-17T04:00:00.000Z,Porto,Porto,PT,Avenida da Boavista,4150-600
A4:CF:12:82:34:7D,CFMSST_AM101827,42.03395462,0.12761204,A4:CF:12,6,wpa2,2024-09-28T12:00:00.000Z,2024-09-28T05:00:00.000Z,Barbastro,Aragón,ES,Avenida de la Estación,22300
A4:CF:12:82:34:C9,CFMTDU_71HQ0083,43.54909897,6.97904587,A4:CF:12,5,wpa2,2025-11-13T14:00:00.000Z,2025-11-13T07:00:00.000Z,,Provence-Alpes-Côte d'Azur,FR,Rue Marco del Ponte,06150
A4:CF:12:82:34:CD,CFMTDU_71TU1246,45.47199631,9.16317749,A4:CF:12,10,wpa2,2022-04-13T10:00:00.000Z,2026-06-16T00:00:00.000Z,Milano,Lombardia,IT,Via Reggimento Savoia Cavalleria,20145
A4:CF:12:82:35:45,CFMTDU_71HI0160,49.23818588,6.96093178,A4:CF:12,10,wpa2,2024-10-22T15:00:00.000Z,2024-10-23T06:00:00.000Z,Saarbrücken,Saarland,DE,Käthe-Kollwitz-Straße,66115
A4:CF:12:82:35:F1,CFMTDU_71T70101,1.30503523,103.83030701,A4:CF:12,9,wpa2,2024-11-07T07:00:00.000Z,2024-11-07T06:00:00.000Z,Singapore,Central,SG,Angullia Park,238881
A4:CF:12:82:36:01,CFMTDU_71TU1305,50.86345291,6.06324816,A4:CF:12,4,wpa2,2025-02-20T10:00:00.000Z,2026-02-28T15:00:00.000Z,,Limburg,NL,Grupellostraat,6461ET
A4:CF:12:82:36:51,CFMTDU_71T70093,47.48995209,7.60834742,A4:CF:12,6,wpa2,2024-10-29T06:00:00.000Z,2026-05-20T08:00:00.000Z,,Basel-Landschaft,CH,Birseckstrasse,4144
A4:CF:12:82:36:C5,CFMTDU_71HI0193,50.17634583,9.04071903,A4:CF:12,1,wpa2,2023-07-04T16:00:00.000Z,2025-02-12T04:00:00.000Z,,Hessen,DE,Steinweg,63505
A4:CF:12:82:38:29,CFMTDU_71C80068,51.45745087,7.00702763,A4:CF:12,9,wpa2,2026-09-03T08:00:00.000Z,2026-09-03T02:00:00.000Z,Essen,Nordrhein-Westfalen,DE,Kibbelstraße,45127
A4:CF:12:82:39:1D,CFMTDU_71C80061,48.74112701,9.30381584,A4:CF:12,11,wpa2,2024-10-17T09:00:00.000Z,2026-03-31T06:00:00.000Z,,Baden-Württemberg,DE,Bahnhofstraße,73728
A4:CF:12:82:39:49,CFMTDU_71TU1412,45.54633331,11.55341053,A4:CF:12,2,wpa2,2025-09-01T14:00:00.000Z,2025-09-01T09:00:00.000Z,Vicenza,Veneto,IT,Viale Margherita,36100
A4:CF:12:82:39:A9,CFMTDU_71TL0277,52.30838394,7.16003418,A4:CF:12,7,wpa2,2025-03-04T15:00:00.000Z,2025-03-05T09:00:00.000Z,,Niedersachsen,DE,Bahnhofstraße,48455
A4:CF:12:82:39:D5,CFMTDU_71TU1309,38.72235107,-9.14666843,A4:CF:12,6,wpa2,2022-06-07T09:00:00.000Z,2025-05-29T09:00:00.000Z,Lisboa,Lisboa,PT,Rua Barata Salgueiro,1169-066
A4:CF:12:82:3A:3D,CFMTDU_71HF0242,45.76366806,4.91949987,A4:CF:12,4,wpa2,2025-03-10T11:00:00.000Z,2025-03-11T23:00:00.000Z,,Auvergne-Rhône-Alpes,FR,Rue Jacquard,69120
A4:CF:12:82:3A:49,CFMTDU_71CN0564,36.92045975,14.72456932,A4:CF:12,9,wpa2,2026-01-14T14:00:00.000Z,2026-01-14T09:00:00.000Z,Ragusa,Sicilia,IT,Via Fratelli Bandiera,97100
A4:CF:12:82:3A:71,CFMTDU_71TN0030,49.42976761,11.08382225,A4:CF:12,10,wpa2,2021-06-14T14:00:00.000Z,2025-11-28T04:00:00.000Z,Nürnberg,Bayern,DE,Elsässer Straße,90461
A4:CF:12:82:3A:9D,CFMTDU_71TP0468,60.16989517,24.92471886,A4:CF:12,4,wpa2,2025-10-18T11:00:00.000Z,2025-10-18T11:00:00.000Z,Helsinki,Manner-Suomi,FI,Hietaniemenkatu,00100
A4:CF:12:82:3B:49,CFMTDU_71TW0022,36.72097778,-4.41060972,A4:CF:12,8,wpa2,2005-01-25T14:00:00.000Z,2024-12-03T03:00:00.000Z,,Andalucía,ES,Paseo de Reding,29330
A4:CF:12:82:3B:95,CFMTDU_71TS0035,38.72245407,-9.14666557,A4:CF:12,5,wpa2,2023-01-03T15:00:00.000Z,2025-05-31T02:00:00.000Z,Lisboa,Lisboa,PT,Avenida da Liberdade,1250-148
A4:CF:12:82:3C:51,CFMTDU_71CY0006,52.01689148,4.35322523,A4:CF:12,3,wpa2,2025-02-28T12:00:00.000Z,2025-02-28T06:00:00.000Z,Delft,Zuid-Holland,NL,Annastraat,2611VW
A4:CF:12:82:3C:5D,CFMTDU_71CQ0080,52.91371155,8.82227325,A4:CF:12,1,wpa2,2022-06-29T10:00:00.000Z,2024-11-10T12:00:00.000Z,,Niedersachsen,DE,Hauptstraße,28857
A4:CF:12:82:3C:9D,CFMTDU_71TP0436,52.30838394,7.16003418,A4:CF:12,1,wpa2,2025-03-04T15:00:00.000Z,2025-03-05T09:00:00.000Z,,Niedersachsen,DE,Bahnhofstraße,48455
A4:CF:12:82:3C:C1,CFMTDU_71HB0340,50.68296814,7.15259552,A4:CF:12,5,wpa2,2024-02-27T13:00:00.000Z,2025-11-24T03:00:00.000Z,,Nordrhein-Westfalen,DE,Am Fronhof,53177
A4:CF:12:82:3D:65,CFMTDU_71HF0250,59.35823441,17.99854469,A4:CF:12,1,wpa2,2025-09-11T08:00:00.000Z,2025-09-11T13:00:00.000Z,,Stockholms län,SE,Huvudstagatan,17144
A4:CF:12:82:3D:91,CFMTDU_71HA0533,46.62420654,14.30809307,A4:CF:12,4,wpa2,2023-12-12T06:00:00.000Z,2026-04-15T08:00:00.000Z,Klagenfurt,Kärnten,AT,Neuer Platz,9020
A4:CF:12:82:3D:BD,CFMTDU_71HA0549,47.3579483,8.55536938,A4:CF:12,1,wpa2,2021-11-29T15:00:00.000Z,2026-04-22T06:00:00.000Z,Zürich,Zürich,CH,Höschgasse,8008
A4:CF:12:82:3D:F5,CFMTDU_71TR0091,53.53039169,-7.34777784,A4:CF:12,6,wpa2,2026-04-22T16:00:00.000Z,2026-04-22T10:00:00.000Z,,The Municipal District of Mullingar — Kinnegad,IE,Green Road,N91 W138
A4:CF:12:82:3E:15,CFMTDU_71CT0142,45.45298767,9.20423031,A4:CF:12,7,wpa2,2024-02-29T11:00:00.000Z,2026-07-15T00:00:00.000Z,Milano,Lombardia,IT,Via Carlo Botta,20135
A4:CF:12:82:3E:6D,CFMTDU_71LD0082,50.79803848,4.41896105,A4:CF:12,5,wpa2,2024-09-23T11:00:00.000Z,2026-04-07T23:00:00.000Z,,Région de Bruxelles-Capitale - Brussels Hoofdstedelijk Gewest,BE,Place Léopold Wiener - Léopold Wienerplein,1170
A4:CF:12:82:3E:A1,CFMTDU_71HA0558,59.9254837,10.75934124,A4:CF:12,2,wpa2,2022-08-05T13:00:00.000Z,2026-03-26T12:00:00.000Z,Oslo,Grünerløkka,NO,Seilduksgata,0553
A4:CF:12:82:3F:05,CFMSST_AM101955,-33.85197449,151.15550232,A4:CF:12,9,wpa2,2025-01-23T08:00:00.000Z,2025-10-07T15:00:00.000Z,,New South Wales,AU,Victoria Road,2047
A4:CF:12:82:3F:6D,CFMSST_AM101959,-34.90982437,138.6399231,A4:CF:12,5,wpa2,2025-01-24T06:00:00.000Z,2025-04-16T23:00:00.000Z,Adelaide,South Australia,AU,Clifton Street,5069
A4:CF:12:82:3F:7D,CFMSST_AM200640,56.01353073,92.86878967,A4:CF:12,8,unknown,2025-01-23T04:00:00.000Z,2025-01-22T20:00:00.000Z,Красноярск,Красноярский край,RU,улица Ленина,660000
A4:CF:12:82:3F:C1,CFMSST_AM200645,43.54333496,10.30306149,A4:CF:12,11,wpa2,2024-10-03T16:00:00.000Z,2024-10-03T12:00:00.000Z,Livorno,Toscana,IT,Via Primo Levi,57126
A4:CF:12:82:40:3D,CFMSST_AM200563,-36.96744537,174.911026,A4:CF:12,11,wpa2,2022-02-07T19:00:00.000Z,2026-05-25T22:00:00.000Z,Howick,Auckland,NZ,Whenua Road,2019
A4:CF:12:82:40:75,CFMSST_AM200583,-33.67447281,115.24956512,A4:CF:12,1,wpa2,2021-06-25T09:00:00.000Z,2026-03-24T20:00:00.000Z,,Western Australia,AU,Napoleon Promenade,6280
A4:CF:12:82:40:E5,CFMSST_AC200076,25.01410294,121.46110535,A4:CF:12,5,wpa2,2024-10-28T13:00:00.000Z,2025-07-09T23:00:00.000Z,新北市,新北市,TW,公館街,22050
A4:CF:12:82:41:21,CFMTDU_71HH0359,52.52650452,13.3368082,A4:CF:12,7,wpa2,2022-03-09T17:00:00.000Z,2025-02-17T07:00:00.000Z,Berlin,Moabit,DE,Turmstraße,10551
A4:CF:12:82:41:55,CFMTDU_71C80055,48.13822937,11.56554222,A4:CF:12,5,wpa2,2023-02-24T09:00:00.000Z,2024-11-08T09:00:00.000Z,München,Bayern,DE,Sonnenstraße,80331
A4:CF:12:82:41:59,CFMSST_AM101813,-33.70549774,151.10054016,A4:CF:12,4,wpa2,2023-08-15T17:00:00.000Z,2025-12-29T17:00:00.000Z,Sydney,New South Wales,AU,Muriel Lane,2077
A4:CF:12:82:51:9D,Mysa-82519c,37.77923965,-122.39913177,A4:CF:12,1,unknown,2024-05-05T20:00:00.000Z,2024-10-12T08:00:00.000Z,San Francisco,CA,US,Bryant Street,94017
A4:CF:12:82:57:91,Sentry_5791,40.29096985,-84.19864655,A4:CF:12,1,unknown,2025-08-21T15:00:00.000Z,2025-08-23T00:00:00.000Z,,OH,US,Gleason Street,45365
A4:CF:12:82:5A:F9,Sentry_3067Y,41.56401062,-112.06991577,A4:CF:12,1,none,2024-09-22T16:00:00.000Z,2024-09-22T22:00:00.000Z,Honeyville,UT,US,I 15;I 84,
A4:CF:12:82:5B:45,Neuman Air Sentry,43.12166977,-89.26641083,A4:CF:12,1,none,2025-06-15T13:00:00.000Z,2025-06-21T17:00:00.000Z,Madison,WI,US,Reiner Road,53718
A4:CF:12:82:5C:A5,Sentry_KR,26.20295525,-80.22789001,A4:CF:12,3,none,2025-04-28T23:00:00.000Z,2025-10-28T19:00:00.000Z,,FL,US,Bailey Road,33068
A4:CF:12:82:5F:5D,Sentry_5F5D,42.0076561,-93.60955048,A4:CF:12,1,none,2025-12-15T23:00:00.000Z,2025-12-17T10:00:00.000Z,Ames,IA,US,Southeast 16th Street,50010
A4:CF:12:82:5F:61,Sentry_5F61,26.20700073,-80.20542908,A4:CF:12,3,none,2026-01-02T22:00:00.000Z,2026-01-03T00:00:00.000Z,,FL,US,Southwest 61st Avenue,33068
A4:CF:12:82:61:C1,EthanSentry,41.56971359,-87.77731323,A4:CF:12,3,none,2025-07-29T16:00:00.000Z,2025-09-27T17:00:00.000Z,,IL,US,177th Street,60477
A4:CF:12:82:61:CD,Sentry_61CD,39.30153656,-75.79906464,A4:CF:12,3,unknown,2025-05-10T15:00:00.000Z,2025-05-10T14:00:00.000Z,,MD,US,Maryland Line Road,21650
A4:CF:12:82:BC:01,Mysa-82bc00,48.41097641,-123.3048172,A4:CF:12,6,none,2025-07-27T00:00:00.000Z,2025-07-26T20:00:00.000Z,,British Columbia,CA,Beach Drive,V8S 2Z3
A4:CF:12:82:F9:6C,Verizon_HBN4DX,38.10151291,-77.51751709,A4:CF:12,3,unknown,2024-12-29T20:00:00.000Z,2025-02-14T18:00:00.000Z,,VA,US,I 95,22565
A4:CF:12:82:FA:12,,30.63236427,-97.70056915,A4:CF:12,0,unknown,2024-12-04T08:00:00.000Z,2024-12-04T17:00:00.000Z,,TX,US,Wolf Ranch Parkway,78626
A4:CF:12:83:5A:C5,CFX3_835ac4,55.33517838,10.71237946,A4:CF:12,1,wpa2,2002-12-25T09:00:00.000Z,2026-07-18T02:00:00.000Z,,Region Syddanmark,DK,Fynske Motorvej,5540
A4:CF:12:83:C6:D9,a4cf1283c6d8,48.29811859,16.41707611,A4:CF:12,1,wpa2,2026-02-10T12:00:00.000Z,2026-02-10T04:00:00.000Z,Wien,Stammersdorf,AT,Karl-Lothringer-Straße,1210
A4:CF:12:83:CF:9D,Mysa-83cf9c,49.23296738,-123.09822083,A4:CF:12,6,unknown,2025-07-19T03:00:00.000Z,2025-07-18T20:00:00.000Z,Vancouver,British Columbia,CA,East 41st Avenue,V5W
A4:CF:12:83:F1:41,RFID-9_40F18312,10.81201172,106.62866974,A4:CF:12,1,wpa2,2022-01-16T09:00:00.000Z,2026-02-28T03:00:00.000Z,,Thành phố Hồ Chí Minh,VN,Chế Lan Viên,736923
A4:CF:12:84:1F:1C,,48.20700455,16.37449455,A4:CF:12,1,unknown,2026-02-06T06:00:00.000Z,2026-02-05T22:00:00.000Z,Wien,Stubenviertel,AT,Singerstraße,1010
A4:CF:12:84:BC:F9,HAVEN-CAM-0000-4760,37.36251068,-121.95285797,A4:CF:12,6,unknown,2025-03-06T06:00:00.000Z,2025-03-05T22:00:00.000Z,Santa Clara,CA,US,Memorex Drive,95050-3653
A4:CF:12:84:C3:BD,HAVEN-CAM-0000-2611,43.996521,-92.45863342,A4:CF:12,6,unknown,2021-03-12T18:00:00.000Z,2026-06-04T19:00:00.000Z,Rochester,MN,US,3rd Avenue Southeast,55904
A4:CF:12:84:D2:49,HAVEN-CAM-0000-2572,46.14724731,-122.95723724,A4:CF:12,6,none,2023-04-22T00:00:00.000Z,2026-08-03T07:00:00.000Z,,WA,US,Ocean Beach Highway,98632
A4:CF:12:86:2E:0D,T009_862E0C,46.17126846,9.87648773,A4:CF:12,1,unknown,2025-02-04T12:00:00.000Z,2025-10-05T11:00:00.000Z,,Lombardia,IT,Via Quattro Novembre,23100
A4:CF:12:86:91:55,,42.94003677,-81.1559906,A4:CF:12,6,wpa2,2020-10-05T07:00:00.000Z,2025-11-26T19:00:00.000Z,,Ontario,CA,Highway 401,N0L 1G5
A4:CF:12:86:94:34,,45.57079697,-73.75893402,A4:CF:12,0,unknown,2025-05-27T20:00:00.000Z,2025-06-01T11:00:00.000Z,Laval (13),Québec,CA,Boulevard Daniel-Johnson,H7T 2K1
A4:CF:12:86:94:35,,45.57421875,-73.63775635,A4:CF:12,6,wpa2,2021-09-22T12:00:00.000Z,2026-05-12T16:00:00.000Z,Montréal,Québec,CA,Avenue Vianney,H2B 1C6
A4:CF:12:86:A1:21,CFX3_86a120,-37.84571838,145.22721863,A4:CF:12,1,wpa2,2024-10-06T06:00:00.000Z,2026-01-06T06:00:00.000Z,Melbourne,Victoria,AU,Wantirna Road,VIC 3134
A4:CF:12:86:A2:0D,Quancy Fridge,34.27247238,-118.44885254,A4:CF:12,1,wpa2,2023-07-28T10:00:00.000Z,2025-09-21T14:00:00.000Z,Los Angeles,CA,US,Golden State Freeway,91340
A4:CF:12:86:A8:99,CFX3_86a898,49.31352234,-124.35261536,A4:CF:12,1,wpa2,2026-01-31T16:00:00.000Z,2026-04-18T20:00:00.000Z,Parksville,British Columbia,CA,Inland Island Highway,V9P2B9
A4:CF:12:86:A8:AD,Curtis’ CFX3,41.19884491,-111.94487762,A4:CF:12,1,wpa2,2024-02-14T00:00:00.000Z,2026-05-10T17:00:00.000Z,Ogden,UT,US,Kingston Drive,84403
A4:CF:12:86:A9:15,CFX3_86a914,38.59996033,-77.25678253,A4:CF:12,1,wpa2,2025-10-03T12:00:00.000Z,2025-10-09T01:00:00.000Z,,VA,US,Neabsco Beach Way,22191
A4:CF:12:86:A9:8D,,45.54787445,-73.81602478,A4:CF:12,1,wpa2,2021-04-23T09:00:00.000Z,2026-08-20T19:00:00.000Z,Laval (13),Québec,CA,Montée Champagne,H7X 2H6
A4:CF:12:86:A9:AD,,45.51031876,-73.42699432,A4:CF:12,9,wpa2,2023-06-08T14:00:00.000Z,2026-06-22T08:00:00.000Z,Longueuil,Québec,CA,Route de l'Aéroport,J3Y
A4:CF:12:86:AA:B9,CFX3_86aab8,-38.27379608,142.63327026,A4:CF:12,1,wpa2,2025-10-10T03:00:00.000Z,2025-10-11T23:00:00.000Z,,Victoria,AU,Hopkins Highway,3278
A4:CF:12:86:AB:31,CFX3_86ab30,-37.83195114,145.10235596,A4:CF:12,1,wpa2,2022-04-15T10:00:00.000Z,2026-06-15T20:00:00.000Z,Melbourne,Victoria,AU,Royal Lane,3127
A4:CF:12:86:AE:ED,,40.39966965,-76.61260223,A4:CF:12,9,wpa2,2025-03-10T13:00:00.000Z,2025-03-10T16:00:00.000Z,East Hanover Township,PA,US,I 81,17077
A4:CF:12:86:AF:00,,51.08215332,-1.03691518,A4:CF:12,7,unknown,2026-02-24T08:00:00.000Z,2026-05-07T05:00:00.000Z,East Hampshire,England,GB,Charlwood Lane,SO24 0HB
A4:CF:12:86:B1:8D,T009_86B18C,48.60842133,2.32752633,A4:CF:12,3,unknown,2025-10-07T16:00:00.000Z,2025-10-07T10:00:00.000Z,,Île-de-France,FR,Rue Chateaubriand,91220
A4:CF:12:86:B2:A9,T009_86B2A8,46.23393631,6.92461348,A4:CF:12,1,unknown,2025-09-18T14:00:00.000Z,2025-09-18T07:00:00.000Z,Troistorrents,Valais/Wallis,CH,Route de Troistorrents,1872
A4:CF:12:86:B5:D5,,46.81305695,-71.07063293,A4:CF:12,1,wpa2,2025-06-25T18:00:00.000Z,2025-07-16T12:00:00.000Z,Lévis,Québec,CA,Autoroute Jean-Lesage,G6V 9J3
A4:CF:12:86:B8:C9,T009_86B8C8,44.86447525,1.88628566,A4:CF:12,8,unknown,2026-03-01T16:00:00.000Z,2026-03-01T11:00:00.000Z,,Occitanie,FR,Avenue du Général de Gaulle,46400
A4:CF:12:86:B8:F5,,45.6711731,-72.52397156,A4:CF:12,1,wpa2,2024-05-16T19:00:00.000Z,2025-01-24T08:00:00.000Z,,Québec,CA,,J0H 1A0
A4:CF:12:86:BA:09,,45.44776917,-73.69235229,A4:CF:12,6,wpa2,2024-12-19T17:00:00.000Z,2024-12-19T15:00:00.000Z,Montréal,Québec,CA,Terrasse Louis-Basile-Pigeon,H8S 1X8
A4:CF:12:86:BB:69,T009_86BB68,48.06847,-1.48489201,A4:CF:12,1,none,2026-03-14T16:00:00.000Z,2026-03-14T14:00:00.000Z,,Bretagne,FR,D 101,35530
A4:CF:12:86:BB:9D,T009_86BB9C,52.13477707,5.57895851,A4:CF:12,7,unknown,2024-11-07T16:00:00.000Z,2024-11-07T08:00:00.000Z,,Gelderland,NL,Churchillstraat,3772CH
A4:CF:12:86:BC:71,ProvistaSolar_86BC70,-27.26118851,152.96473694,A4:CF:12,1,wpa,2025-06-01T22:00:00.000Z,2025-06-01T17:00:00.000Z,,Queensland,AU,Beeville Road,4502
A4:CF:12:86:C2:74,,45.55725861,-73.61520386,A4:CF:12,0,unknown,2025-06-18T18:00:00.000Z,2025-06-20T13:00:00.000Z,Montréal,Québec,CA,Rue Bélanger,H2S 1H1
A4:CF:12:86:C2:75,,45.54920197,-73.62909698,A4:CF:12,11,wpa2,2020-11-19T08:00:00.000Z,2026-05-21T18:00:00.000Z,Montréal,Québec,CA,Rue de Valcartier,H2P 1Y7
A4:CF:12:86:C7:55,Mysa-86c754,43.47674179,-110.74246216,A4:CF:12,1,none,2025-08-14T22:00:00.000Z,2025-08-15T00:00:00.000Z,Jackson,WY,US,Nelson Drive,83001
A4:CF:12:86:C9:F9,,46.90120316,-71.30632019,A4:CF:12,9,wpa2,2026-06-10T19:00:00.000Z,2026-06-10T13:00:00.000Z,Québec,Québec,CA,Boulevard Henri-Bourassa,G2N1N8
A4:CF:12:86:CA:7D,,45.50621033,-73.75827026,A4:CF:12,9,wpa2,2022-10-13T08:00:00.000Z,2026-07-14T17:00:00.000Z,Montréal,Québec,CA,Boulevard Pitfield,H4S 0A3
A4:CF:12:86:D7:71,,45.44945908,-73.83626556,A4:CF:12,1,wpa2,2022-02-02T23:00:00.000Z,2025-10-16T07:00:00.000Z,,Québec,CA,Rue Canvin,H9S 4S3
A4:CF:12:86:D8:AD,,45.91934204,-73.16938782,A4:CF:12,6,wpa2,2026-07-22T22:00:00.000Z,2026-08-19T20:00:00.000Z,,Québec,CA,Côte Saint-Jean,J0G 1P0
A4:CF:12:86:E0:CD,CFX3_86e0cc,-27.45105362,153.03492737,A4:CF:12,1,wpa2,2025-08-06T08:00:00.000Z,2025-08-06T03:00:00.000Z,,Queensland,AU,Exhibition Street,4006
A4:CF:12:86:E4:11,CFX3_86e410,48.49624252,-122.62857056,A4:CF:12,1,wpa2,2024-09-12T18:00:00.000Z,2026-06-22T14:00:00.000Z,,WA,US,32nd Street,98221
A4:CF:12:87:02:09,CFX3_870208,-33.99459076,150.84883118,A4:CF:12,1,wpa2,2025-04-08T09:00:00.000Z,2025-04-08T05:00:00.000Z,Sydney,New South Wales,AU,Hume Motorway,2565
A4:CF:12:87:02:25,Anthony CFX55,-37.81094742,144.98396301,A4:CF:12,1,wpa2,2021-10-27T18:00:00.000Z,2025-07-19T06:00:00.000Z,Melbourne,Victoria,AU,Clarendon Street,3002
A4:CF:12:87:07:C9,Cooler,28.89434052,-96.81738281,A4:CF:12,1,wpa2,2025-10-28T14:00:00.000Z,2025-10-28T10:00:00.000Z,,TX,US,US 59,77968
A4:CF:12:87:08:75,CFX3- COEN,-37.74184799,145.05303955,A4:CF:12,1,wpa2,2026-05-16T06:00:00.000Z,2026-08-04T13:00:00.000Z,Melbourne,Victoria,AU,McEwan Road,3081
A4:CF:12:87:08:81,Jeff ‘s cool,38.75508499,-123.51578522,A4:CF:12,1,wpa2,2004-03-25T14:00:00.000Z,2024-09-16T15:00:00.000Z,,CA,US,Salal Trail,95445
A4:CF:12:87:22:8D,,36.5423851,-86.63729858,A4:CF:12,9,wpa2,2026-03-31T19:00:00.000Z,2026-08-26T13:00:00.000Z,,TN,US,I 65,37049
A4:CF:12:87:2E:D8,,45.58602524,-73.68981171,A4:CF:12,0,unknown,2022-10-07T13:00:00.000Z,2025-04-25T17:00:00.000Z,Laval (13),Québec,CA,Rue Notre Dame de Fatima,H7G 4V6
A4:CF:12:87:2E:D9,,45.50959015,-73.61288452,A4:CF:12,9,wpa2,2022-09-29T09:00:00.000Z,2026-03-27T01:00:00.000Z,Montréal,Québec,CA,Boulevard Édouard-Montpetit,H3T 1J4
A4:CF:12:87:67:B1,ESP_8767B1,36.01825333,-115.28465271,A4:CF:12,1,none,2024-04-30T18:00:00.000Z,2025-10-14T13:00:00.000Z,,NV,US,Leaping Deer Place,89178
A4:CF:12:87:6B:D0,,40.85979843,-73.83338165,A4:CF:12,2,unknown,2024-10-30T03:00:00.000Z,2024-10-30T00:00:00.000Z,City of New York,NY,US,Bruner Avenue,10469
A4:CF:12:87:95:2D,ESP_87952D,40.03832626,-82.98290253,A4:CF:12,1,none,2026-04-03T18:00:00.000Z,2026-06-23T14:00:00.000Z,Columbus,OH,US,Pauline Avenue,43224
A4:CF:12:87:B4:B1,Aquascape Pump-2D855,31.74565315,-93.12186432,A4:CF:12,1,unknown,2025-09-07T21:00:00.000Z,2025-11-21T13:00:00.000Z,,LA,US,University Parkway,71457
A4:CF:12:87:C1:79,CFX3_87c178,53.51239014,-2.68412733,A4:CF:12,1,wpa2,2026-09-02T18:00:00.000Z,2026-09-02T22:00:00.000Z,,England,GB,M6,WN5 7XF
A4:CF:12:87:C1:AD,CFX3_87c1ac,50.92502594,2.60139227,A4:CF:12,11,wpa2,2026-02-14T09:00:00.000Z,2026-02-18T11:00:00.000Z,,West-Vlaanderen,BE,Bergenstraat,8691
A4:CF:12:87:CD:7D,Uthi-Freezer,47.65959549,8.84875202,A4:CF:12,1,wpa2,2025-08-12T11:00:00.000Z,2025-08-12T05:00:00.000Z,,Thurgau,CH,Hauptstrasse,8259
A4:CF:12:87:D1:21,CFX3_87d120,-19.42638588,146.8441925,A4:CF:12,1,wpa2,2025-04-20T11:00:00.000Z,2025-04-19T19:00:00.000Z,,Queensland,AU,Flinders Highway,4811
A4:CF:12:88:0E:E9,D5 Device #BZ5QK4N3,41.38353348,-82.64250183,A4:CF:12,1,none,2026-01-03T16:00:00.000Z,2026-01-04T16:00:00.000Z,,OH,US,Kalahari Dr,
A4:CF:12:88:21:44,,36.06750107,-79.49897766,A4:CF:12,1,wpa2,2026-08-31T11:00:00.000Z,2026-08-31T07:00:00.000Z,Burlington,NC,US,I 40;I 85,27215-5151
A4:CF:12:88:30:F9,ProvistaSolar_8830F8,-21.0693264,148.6370697,A4:CF:12,1,wpa,2024-01-28T05:00:00.000Z,2025-01-05T23:00:00.000Z,,Queensland,AU,Gorge Road,
A4:CF:12:88:3C:85,Aquascape Pump-30D28,34.22815323,-77.83013153,A4:CF:12,1,none,2026-07-17T03:00:00.000Z,2026-08-10T19:00:00.000Z,Wilmington,NC,US,Eastwood Road,28480
A4:CF:12:88:3C:99,Aquascape Pump-F3CC7,43.5795517,-116.14415741,A4:CF:12,1,unknown,2024-04-08T22:00:00.000Z,2025-05-26T14:00:00.000Z,Boise,ID,US,East Warm Springs Avenue,83712
A4:CF:12:88:4A:C1,Aquascape Pump-24504,43.64101028,-79.47865295,A4:CF:12,1,none,2022-09-18T15:00:00.000Z,2026-08-05T05:00:00.000Z,Old Toronto,Ontario,CA,South Kingsway,M6S
A4:CF:12:88:4A:E9,Aquascape Pump-DD77F,30.70409584,-96.27877808,A4:CF:12,1,unknown,2025-06-23T20:00:00.000Z,2025-06-23T14:00:00.000Z,Bryan,TX,US,FM 1179,77802
A4:CF:12:88:4E:6D,ProvistaSolar_884E6C,-33.93390274,148.36357117,A4:CF:12,1,wpa,2025-08-19T12:00:00.000Z,2025-10-15T19:00:00.000Z,,New South Wales,AU,Mid Western Highway,2794
A4:CF:12:88:62:E5,ProvistaSolar_8862E4,-33.93382263,148.36326599,A4:CF:12,1,wpa,2025-09-26T01:00:00.000Z,2025-10-15T19:00:00.000Z,,New South Wales,AU,Mid Western Highway,2794
A4:CF:12:88:66:51,,46.80720139,-71.11390686,A4:CF:12,11,wpa2,2026-07-21T15:00:00.000Z,2026-08-03T15:00:00.000Z,,Québec,CA,Autoroute Jean-Lesage,G6V 8X4
A4:CF:12:88:68:19,,45.50675201,-73.6506424,A4:CF:12,1,wpa2,2025-08-21T12:00:00.000Z,2025-08-21T16:00:00.000Z,,Québec,CA,Chemin Saint-Clare,H3R 1L5
A4:CF:12:88:68:35,CFX3 CarlosAnes,35.66969299,-102.3348999,A4:CF:12,1,wpa2,2025-06-07T20:00:00.000Z,2025-06-07T19:00:00.000Z,,TX,US,United States Highway 385,79018
A4:CF:12:88:68:4D,CFX3_BEER,38.65237045,-77.43810272,A4:CF:12,1,wpa2,2021-03-13T17:00:00.000Z,2026-06-20T11:00:00.000Z,Manassas,VA,US,Dumfries Road,20112
A4:CF:12:88:68:7D,CFX3_88687c,-34.56040955,138.38090515,A4:CF:12,1,wpa2,2024-11-19T20:00:00.000Z,2026-05-03T01:00:00.000Z,,South Australia,AU,,5501
A4:CF:12:88:68:A5,,42.26890564,-83.04613495,A4:CF:12,1,wpa2,2023-04-06T14:00:00.000Z,2024-10-24T12:00:00.000Z,Windsor,Ontario,CA,Huron Church Road,N9C 2L7
A4:CF:12:88:68:AD,,45.48821259,-75.74623871,A4:CF:12,6,wpa2,2025-04-14T20:00:00.000Z,2025-04-14T14:00:00.000Z,Gatineau,Québec,CA,Rue Saint-Louis,J8T 8C0
A4:CF:12:88:68:E9,CFX3_8868e8,29.87138367,-82.54164124,A4:CF:12,1,wpa2,2024-10-14T04:00:00.000Z,2024-10-13T21:00:00.000Z,,FL,US,Old Bellamy Road,
A4:CF:12:88:86:B1,CFX3_8886b0,-34.94038391,138.61871338,A4:CF:12,1,wpa2,2025-05-31T03:00:00.000Z,2025-05-30T21:00:00.000Z,Adelaide,South Australia,AU,Greenhill Road,5063
A4:CF:12:88:86:F5,JOHN’s CFX 55,29.64059067,-98.53886414,A4:CF:12,1,wpa2,2025-04-29T01:00:00.000Z,2026-07-06T22:00:00.000Z,,TX,US,,
A4:CF:12:88:87:99,Lawrence’s ,-23.35919952,150.53108215,A4:CF:12,1,wpa2,2025-06-12T02:00:00.000Z,2025-07-17T00:00:00.000Z,Rockhampton,Queensland,AU,High Street,4701
A4:CF:12:88:89:A9,CFX3,30.53458786,-84.5818634,A4:CF:12,1,wpa2,2026-03-01T17:00:00.000Z,2026-08-02T17:00:00.000Z,,FL,US,I 10,32351
A4:CF:12:88:8B:7D,CFX3_888b7c,32.87991333,-96.51069641,A4:CF:12,1,wpa2,2025-05-27T20:00:00.000Z,2025-05-27T15:00:00.000Z,Rockwall,TX,US,I 30;US 67,75030
A4:CF:12:88:96:4D,Coolio,-33.81038666,151.23789978,A4:CF:12,1,wpa2,2021-11-02T15:00:00.000Z,2025-06-26T00:00:00.000Z,,New South Wales,AU,Bay Street,2088
A4:CF:12:88:96:A9,Caudric,45.56231689,-73.60716248,A4:CF:12,1,wpa2,2024-09-15T14:00:00.000Z,2024-09-15T13:00:00.000Z,Montréal,Québec,CA,Boulevard Crémazie Est,H1Z 2V9
A4:CF:12:88:97:69,Sirchillsalot,-27.71429634,153.19270325,A4:CF:12,9,wpa2,2025-05-15T04:00:00.000Z,2025-05-14T21:00:00.000Z,Logan City,Queensland,AU,Thorsborne Street,4207
A4:CF:12:88:9C:55,,45.3976059,-72.72002411,A4:CF:12,9,wpa2,2023-08-22T18:00:00.000Z,2025-11-02T13:00:00.000Z,Granby,Québec,CA,Boulevard Mountain,J2G2R9
A4:CF:12:88:9C:E1,,45.49700165,-73.65706635,A4:CF:12,9,wpa2,2023-06-18T06:00:00.000Z,2025-09-20T15:00:00.000Z,Montréal,Québec,CA,Boulevard Décarie,H4P 2H2
A4:CF:12:88:9E:65,,45.52483368,-73.5453186,A4:CF:12,0,unknown,2025-02-20T17:00:00.000Z,2025-02-21T13:00:00.000Z,Montréal,Québec,CA,Rue Notre-Dame Est,H2K 2J5
A4:CF:12:88:9F:11,,45.30852509,-75.14906311,A4:CF:12,9,wpa2,2023-06-01T11:00:00.000Z,2026-07-22T20:00:00.000Z,The Nation,Ontario,CA,Highway 417,
A4:CF:12:88:A5:18,,45.51055908,-73.66125488,A4:CF:12,0,unknown,2025-02-07T15:00:00.000Z,2025-02-13T14:00:00.000Z,Montréal,Québec,CA,Chemin de la Côte-de-Liesse,H4N 3C2
A4:CF:12:88:A5:19,,45.40444565,-73.65097809,A4:CF:12,9,wpa2,2021-01-29T07:00:00.000Z,2026-07-17T19:00:00.000Z,,Québec,CA,Old Malone Highway,J0L 1B0
A4:CF:12:88:A8:B5,,45.44777298,-73.72945404,A4:CF:12,9,wpa2,2025-03-20T15:00:00.000Z,2025-09-11T14:00:00.000Z,,Québec,CA,Boulevard Bouchard,H9S 1B2
A4:CF:12:88:A8:BD,,45.66825485,-73.53646851,A4:CF:12,9,wpa2,2025-06-03T06:00:00.000Z,2026-07-01T05:00:00.000Z,Montréal,Québec,CA,89e Avenue,H1C 1B3
A4:CF:12:88:A8:C1,,45.5186882,-73.68424988,A4:CF:12,9,wpa2,2026-03-13T02:00:00.000Z,2026-08-10T17:00:00.000Z,Montréal,Québec,CA,Avenue Sainte-Croix,H4L 5N7
A4:CF:12:88:A8:ED,,45.54866791,-73.37234497,A4:CF:12,9,wpa2,2025-04-25T20:00:00.000Z,2025-04-25T13:00:00.000Z,,Québec,CA,Autoroute de l'Acier,J3V 3S5
A4:CF:12:88:A9:05,,45.74664688,-74.00152588,A4:CF:12,9,wpa2,2026-03-03T13:00:00.000Z,2026-03-03T14:00:00.000Z,,Québec,CA,Rue de la Chapelle,J7Z 7L2
A4:CF:12:88:CB:9D,ProvistaSolar_88CB9C,-34.86748123,138.49055481,A4:CF:12,1,wpa,2024-04-15T15:00:00.000Z,2025-05-11T20:00:00.000Z,Adelaide,South Australia,AU,Corcoran Drive,5021
A4:CF:12:88:D3:C5,ProvistaSolar_88D3C4,-38.7597084,176.07537842,A4:CF:12,1,wpa,2025-02-19T21:00:00.000Z,2025-02-20T19:00:00.000Z,,Waikato,NZ,State Highway 1,3378
A4:CF:12:88:D4:19,ProvistaSolar_88D418,-33.84817886,151.17167664,A4:CF:12,1,wpa,2023-12-02T04:00:00.000Z,2025-10-18T01:00:00.000Z,Sydney,New South Wales,AU,Dogleg Tunnel,2041
A4:CF:12:88:D7:6D,ProvistaSolar_88D76C,-19.99837685,146.43547058,A4:CF:12,1,wpa,2025-04-06T12:00:00.000Z,2025-04-21T04:00:00.000Z,,Queensland,AU,Flinders Highway,
A4:CF:12:88:F4:79,ProvistaSolar_88F478,-33.70922852,151.29614258,A4:CF:12,1,wpa,2023-02-21T15:00:00.000Z,2025-05-28T02:00:00.000Z,,New South Wales,AU,Pittwater Road,2101
A4:CF:12:88:FA:A1,ProvistaSolar_88FAA0,-37.44974899,175.15278625,A4:CF:12,1,wpa,2026-06-12T22:00:00.000Z,2026-06-12T19:00:00.000Z,,Waikato,NZ,Waikato Expressway,3710
A4:CF:12:88:FE:FD,CFX-ALLPA,40.62067032,-75.63905334,A4:CF:12,8,wpa2,2025-08-09T11:00:00.000Z,2025-09-13T03:00:00.000Z,Lowhill Township,PA,US,Horseshoe Road,18069
A4:CF:12:88:FF:0D,CFX3_88ff0c,40.81219864,-111.89546204,A4:CF:12,1,wpa2,2024-09-21T16:00:00.000Z,2025-04-26T20:00:00.000Z,Salt Lake City,UT,US,Tower Connector,84143
A4:CF:12:88:FF:31,Paul,39.55349731,-107.31653595,A4:CF:12,1,wpa2,2026-07-02T17:00:00.000Z,2026-07-03T04:00:00.000Z,,CO,US,I 70,81601
A4:CF:12:88:FF:35,Just Rite 2,41.37298965,-81.73027039,A4:CF:12,1,wpa2,2026-06-12T14:00:00.000Z,2026-06-14T08:00:00.000Z,Parma,OH,US,Mooncrest Drive,44129
A4:CF:12:89:01:89,CFX3_890188,-34.05048752,150.7567749,A4:CF:12,1,wpa2,2026-07-12T01:00:00.000Z,2026-07-11T22:00:00.000Z,Sydney,New South Wales,AU,Waterworth Drive,2567
A4:CF:12:89:09:89,ProvistaSolar_890988,-43.55953598,172.59135437,A4:CF:12,1,wpa,2025-04-15T22:00:00.000Z,2025-04-26T01:00:00.000Z,Christchurch,Canterbury,NZ,Fusilier Street,8025
A4:CF:12:89:14:44,,45.55780029,-73.6139679,A4:CF:12,0,unknown,2025-06-11T18:00:00.000Z,2025-06-14T11:00:00.000Z,Montréal,Québec,CA,Rue Bélanger,H2S 1H1
A4:CF:12:89:14:45,,45.55438995,-73.6199646,A4:CF:12,9,wpa2,2025-05-13T21:00:00.000Z,2025-06-14T11:00:00.000Z,Montréal,Québec,CA,Rue Cartier,H2M 2G2
A4:CF:12:89:14:49,,45.60770416,-73.61764526,A4:CF:12,11,wpa2,2022-10-22T05:00:00.000Z,2025-03-08T09:00:00.000Z,Montréal,Québec,CA,Avenue Désy,H1G 2T6
A4:CF:12:89:14:55,,45.39139557,-73.43570709,A4:CF:12,11,wpa2,2022-11-28T16:00:00.000Z,2025-04-22T19:00:00.000Z,,Québec,CA,Chemin de Saint-Jean,J5R 3X8
A4:CF:12:89:14:6D,,45.79552841,-74.0521698,A4:CF:12,1,wpa2,2024-07-03T13:00:00.000Z,2025-09-03T16:00:00.000Z,Saint-Jérôme,Québec,CA,Rue de Saint-Émilion,J5L 2P7
A4:CF:12:89:14:7D,,45.47471237,-73.61426544,A4:CF:12,1,wpa2,2021-11-15T07:00:00.000Z,2024-10-23T13:00:00.000Z,Montréal,Québec,CA,Rue Addington,H4A 3G6
A4:CF:12:89:14:99,,46.35205078,-72.57949066,A4:CF:12,6,wpa2,2026-07-13T12:00:00.000Z,2026-07-13T06:00:00.000Z,Trois-Rivières,Québec,CA,Boulevard des Récollets,G8Z 4L5
A4:CF:12:89:14:AD,,46.81853485,-71.3158493,A4:CF:12,11,wpa2,2021-08-16T07:00:00.000Z,2026-03-27T01:00:00.000Z,Québec,Québec,CA,Rue Jean,G1P 3B9
A4:CF:12:89:14:B5,,42.48773193,-71.53094482,A4:CF:12,11,wpa2,2023-11-02T01:00:00.000Z,2024-11-24T17:00:00.000Z,,MA,US,Hill Road,01719
A4:CF:12:89:14:C0,,45.54167175,-73.64893341,A4:CF:12,0,unknown,2022-11-28T06:00:00.000Z,2025-02-07T15:00:00.000Z,Montréal,Québec,CA,Rue Legendre Ouest,H2N 1Z2
A4:CF:12:89:15:65,,45.62321091,-74.35061646,A4:CF:12,9,wpa2,2025-09-03T15:00:00.000Z,2025-09-03T09:00:00.000Z,,Québec,CA,Autoroute de l'Outaouais,J8H 4H4
A4:CF:12:89:15:6D,,45.5246315,-73.37247467,A4:CF:12,6,wpa2,2025-05-05T16:00:00.000Z,2026-08-19T23:00:00.000Z,,Québec,CA,Autoroute de l'Acier,J3V 6B9
A4:CF:12:89:15:71,,45.60693359,-73.37615967,A4:CF:12,1,wpa2,2026-08-31T16:00:00.000Z,2026-09-01T13:00:00.000Z,,Québec,CA,Autoroute de l'Acier,J3X 1S2
A4:CF:12:89:15:85,,45.45272827,-73.85746002,A4:CF:12,6,wpa2,2022-09-28T05:00:00.000Z,2024-09-23T08:00:00.000Z,,Québec,CA,Chemin Sainte-Marie,H9H 3C1
A4:CF:12:89:15:A5,,45.36294937,-75.7822876,A4:CF:12,9,wpa2,2025-07-23T11:00:00.000Z,2025-07-28T04:00:00.000Z,Ottawa,Ontario,CA,,K2B 7M8
A4:CF:12:89:15:A9,,45.62374878,-73.82681274,A4:CF:12,6,wpa2,2021-10-25T08:00:00.000Z,2025-11-21T11:00:00.000Z,Boisbriand,Québec,CA,Rue Papineau,J7G 2B7
A4:CF:12:89:15:BD,,45.4884758,-73.62031555,A4:CF:12,1,wpa,2022-12-01T08:00:00.000Z,2025-10-08T14:00:00.000Z,Montréal,Québec,CA,Avenue Roslyn,H3W 2L2
A4:CF:12:89:15:C9,,45.5121727,-73.66009521,A4:CF:12,1,wpa2,2024-08-19T16:00:00.000Z,2025-11-20T15:00:00.000Z,,Québec,CA,Chemin de la Côte-de-Liesse,H4N 3C2
A4:CF:12:89:15:EC,,45.75100708,-73.45406342,A4:CF:12,0,unknown,2025-05-29T17:00:00.000Z,2025-06-01T11:00:00.000Z,,Québec,CA,Autoroute Félix-Leclerc,J6A 7N1
A4:CF:12:89:15:ED,,45.56118774,-73.60804749,A4:CF:12,9,wpa,2025-07-10T21:00:00.000Z,2025-10-03T17:00:00.000Z,Montréal,Québec,CA,9e Avenue,H1Z 4N8
A4:CF:12:89:15:FD,,45.4773941,-73.62795258,A4:CF:12,9,wpa2,2023-05-17T16:00:00.000Z,2025-04-09T16:00:00.000Z,Montréal,Québec,CA,Avenue Oxford,H3X 1Z6
A4:CF:12:89:16:39,,43.48967361,-79.67327881,A4:CF:12,1,wpa2,2024-09-13T18:00:00.000Z,2026-06-24T19:00:00.000Z,Oakville,Ontario,CA,North Service Road East,L6H 7G5
A4:CF:12:89:17:85,,45.50660324,-73.61016083,A4:CF:12,1,wpa2,2024-09-11T19:00:00.000Z,2026-05-04T21:00:00.000Z,Montréal,Québec,CA,Chemin de Ceinture,H3T 2B2
A4:CF:12:89:17:89,,45.63202286,-73.61402893,A4:CF:12,0,unknown,2025-04-23T19:00:00.000Z,2025-04-25T16:00:00.000Z,Montréal,Québec,CA,Boulevard Gouin Est,H1G 6L7
A4:CF:12:89:17:9D,,45.49702072,-73.65737915,A4:CF:12,1,wpa2,2025-08-19T18:00:00.000Z,2025-09-18T16:00:00.000Z,Montréal,Québec,CA,Boulevard Décarie,H4P2H4
A4:CF:12:89:17:A1,,45.55936813,-73.69659424,A4:CF:12,9,wpa2,2022-10-07T13:00:00.000Z,2026-07-13T14:00:00.000Z,Laval (13),Québec,CA,Rue des Baladins,H7N 3Z7
A4:CF:12:89:17:E1,,45.57688522,-73.46794128,A4:CF:12,1,wpa2,2025-10-02T19:00:00.000Z,2025-10-02T13:00:00.000Z,Longueuil,Québec,CA,Autoroute Jean-Lesage,J4G 1G3
A4:CF:12:89:1A:B1,,43.77185822,-79.29749298,A4:CF:12,11,wpa2,2026-08-24T23:00:00.000Z,2026-08-24T18:00:00.000Z,Toronto,Ontario,CA,Tourmaline Drive,M1T 1Y4
A4:CF:12:89:1A:E1,,45.52165604,-73.68640137,A4:CF:12,1,wpa2,2021-08-17T13:00:00.000Z,2025-06-01T11:00:00.000Z,Montréal,Québec,CA,Rue Dépatie,H4L 5N7
A4:CF:12:89:1A:E9,,45.42107773,-75.62874603,A4:CF:12,6,wpa2,2026-03-09T23:00:00.000Z,2026-07-18T00:00:00.000Z,Ottawa,Ontario,CA,Highway 417,K1J 7T1
A4:CF:12:89:1A:F1,,45.58706284,-73.28596497,A4:CF:12,1,wpa2,2024-06-17T15:00:00.000Z,2026-03-27T01:00:00.000Z,,Québec,CA,Autoroute Jean-Lesage,J3G 0R2
A4:CF:12:89:1B:0D,,45.36461639,-72.94015503,A4:CF:12,0,unknown,2025-06-09T16:00:00.000Z,2025-06-14T11:00:00.000Z,,Québec,CA,Autoroute des Cantons-de-l'Est,J0E 1E0
A4:CF:12:89:1B:21,,45.3427887,-72.76940155,A4:CF:12,11,wpa2,2024-11-12T14:00:00.000Z,2024-11-12T15:00:00.000Z,,Québec,CA,Autoroute des Cantons-de-l'Est,J0E 2A0
A4:CF:12:89:1B:29,,42.91727448,-81.27406311,A4:CF:12,1,wpa2,2024-05-10T18:00:00.000Z,2025-11-25T15:00:00.000Z,London,Ontario,CA,Wonderland Road South,N6L 1K1
A4:CF:12:89:2A:05,,45.61734772,-73.52231598,A4:CF:12,11,wpa2,2025-02-21T20:00:00.000Z,2025-02-21T13:00:00.000Z,,Québec,CA,Boulevard Joseph-Versailles,H1B 2T7
A4:CF:12:89:2A:19,ESP_892A19,45.57765198,-73.63583374,A4:CF:12,1,wpa2,2022-08-17T05:00:00.000Z,2025-04-25T17:00:00.000Z,Montréal,Québec,CA,Avenue Du Parc-Georges,H1Z 3H4
A4:CF:12:89:2A:40,,45.74331665,-73.59434509,A4:CF:12,0,unknown,2025-06-01T11:00:00.000Z,2025-06-07T07:00:00.000Z,,Québec,CA,Autoroute 25,J7K3B5
A4:CF:12:89:2A:4C,,45.46768951,-73.69924164,A4:CF:12,0,unknown,2025-05-05T20:00:00.000Z,2025-05-07T15:00:00.000Z,Montréal,Québec,CA,Rue Louis-A.-Amos,H4T 1E7
A4:CF:12:89:2A:4D,,45.47042847,-73.70322418,A4:CF:12,1,wpa2,2025-05-05T20:00:00.000Z,2026-05-06T18:00:00.000Z,Montréal,Québec,CA,23e Avenue,H4T 1G6
A4:CF:12:89:2A:AD,,45.44430923,-73.66251373,A4:CF:12,0,unknown,2025-03-10T05:00:00.000Z,2025-03-13T09:00:00.000Z,Montréal,Québec,CA,Boulevard de Montréal-Toronto,H8S 4M1
A4:CF:12:89:2A:B5,,46.03104782,-73.08673096,A4:CF:12,11,wpa2,2026-08-11T17:00:00.000Z,2026-08-13T18:00:00.000Z,Sorel-Tracy,Québec,CA,Boulevard Fiset,J3P 3R6
A4:CF:12:89:2A:D1,,46.33473969,-72.57389832,A4:CF:12,6,wpa2,2024-11-22T18:00:00.000Z,2024-11-22T10:00:00.000Z,Trois-Rivières,Québec,CA,Boulevard des Récollets,G8Z 4J3
A4:CF:12:89:2A:D9,,43.833004,-80.639534,A4:CF:12,9,wpa2,2023-12-28T20:00:00.000Z,2026-01-12T22:00:00.000Z,Mapleton,Ontario,CA,Sideroad 15,
A4:CF:12:89:2A:E4,,45.55585098,-73.61859131,A4:CF:12,0,unknown,2025-02-10T17:00:00.000Z,2025-02-13T14:00:00.000Z,Montréal,Québec,CA,Rue Bélanger,H2S 1H1
A4:CF:12:89:2A:E5,,45.56518936,-73.66819763,A4:CF:12,1,wpa2,2024-09-16T12:00:00.000Z,2025-05-15T14:00:00.000Z,Montréal,Québec,CA,Boulevard Gouin Est,H2C 2K4
A4:CF:12:89:2C:2D,,45.48616791,-73.74024963,A4:CF:12,1,wpa2,2026-02-19T18:00:00.000Z,2026-03-03T15:00:00.000Z,Montréal,Québec,CA,Chemin Saint-François,H4S 1A9
A4:CF:12:89:2C:5D,""" (Cloaked)",45.62550354,-73.58004761,A4:CF:12,9,wpa2,2022-02-23T13:00:00.000Z,2025-05-06T03:00:00.000Z,Montréal,Québec,CA,Boulevard Henri-Bourassa Est,H1E 1N9
A4:CF:12:89:2C:6D,,45.44804001,-73.69703674,A4:CF:12,9,wpa2,2025-06-13T12:00:00.000Z,2025-06-13T13:00:00.000Z,Montréal,Québec,CA,Rue Edgar Leduc,H8T 2A1
A4:CF:12:89:2C:70,,45.53732681,-73.79058075,A4:CF:12,0,unknown,2023-07-07T07:00:00.000Z,2025-07-11T18:00:00.000Z,Laval (13),Québec,CA,Desserte Ouest Chomedey,H7W 5N3
A4:CF:12:89:2C:71,,45.55963898,-73.82406616,A4:CF:12,1,wpa2,2020-10-29T11:00:00.000Z,2026-08-14T17:00:00.000Z,Laval (13),Québec,CA,Montée Champagne,H7R 1L3
A4:CF:12:89:2C:95,,45.48934555,-73.4285965,A4:CF:12,11,wpa2,2021-12-10T08:00:00.000Z,2025-07-16T05:00:00.000Z,Longueuil,Québec,CA,Rue Coderre,J3Z 0C8
A4:CF:12:89:2C:E5,,45.63651276,-73.43450165,A4:CF:12,9,wpa2,2025-09-16T22:00:00.000Z,2026-08-19T23:00:00.000Z,,Québec,CA,Rue Gilles-Hocquart,J4B 6W7
A4:CF:12:89:2D:05,,40.76622391,-74.30903625,A4:CF:12,11,wep,2025-06-30T13:00:00.000Z,2026-03-30T15:00:00.000Z,,NJ,US,Fordham Road,07039
A4:CF:12:89:2D:0D,,45.51266479,-73.6413269,A4:CF:12,9,wpa2,2023-05-19T09:00:00.000Z,2025-06-13T13:00:00.000Z,Montréal,Québec,CA,Chemin Churchill,H3R 2B3
A4:CF:12:89:2D:1D,,45.44735718,-73.67635345,A4:CF:12,1,wpa2,2024-10-22T18:00:00.000Z,2024-10-23T03:00:00.000Z,Montréal,Québec,CA,14e Avenue,H8S
A4:CF:12:89:2D:55,,45.95773697,-72.43130493,A4:CF:12,9,wpa2,2024-06-17T14:00:00.000Z,2026-03-27T01:00:00.000Z,,Québec,CA,Autoroute Jean-Lesage,
A4:CF:12:89:2D:89,,45.59429169,-73.1967926,A4:CF:12,9,wpa2,2025-12-17T19:00:00.000Z,2025-12-17T19:00:00.000Z,,Québec,CA,Autoroute Jean-Lesage,J3G 0R2
A4:CF:12:89:2D:8D,,45.54096603,-73.61080933,A4:CF:12,9,wpa2,2020-09-23T15:00:00.000Z,2025-05-09T06:00:00.000Z,Montréal,Québec,CA,Rue Boyer,H2S 1H1
A4:CF:12:89:2D:9D,,45.57117844,-73.76028442,A4:CF:12,1,wpa2,2023-10-17T16:00:00.000Z,2025-12-04T15:00:00.000Z,Laval (13),Québec,CA,Boulevard Daniel-Johnson,H7P 4W5
A4:CF:12:89:2D:A9,,44.38481522,-76.09236908,A4:CF:12,9,wpa2,2025-04-22T19:00:00.000Z,2025-09-10T18:00:00.000Z,Leeds and the Thousand Islands,Ontario,CA,Haig Road,K0E 1L0
A4:CF:12:89:2D:E5,,45.75650787,-72.70562744,A4:CF:12,1,wpa2,2025-03-14T16:00:00.000Z,2025-03-14T10:00:00.000Z,,Québec,CA,Autoroute Jean-Lesage,J0H 1M0
A4:CF:12:89:2D:ED,,46.34389496,-72.55067444,A4:CF:12,6,wpa2,2023-12-22T20:00:00.000Z,2026-04-26T15:00:00.000Z,Trois-Rivières,Québec,CA,Boulevard des Forges,G8Z 4J8
A4:CF:12:89:2E:11,,45.44168472,-73.40116119,A4:CF:12,1,wpa2,2024-02-09T18:00:00.000Z,2025-02-25T12:00:00.000Z,,Québec,CA,Montée Gobeil,J4Z0P3
A4:CF:12:89:2E:29,,45.47839355,-73.59849548,A4:CF:12,4,wpa2,2020-11-12T17:00:00.000Z,2026-02-18T10:00:00.000Z,,Québec,CA,Boulevard De Maisonneuve Ouest,H3Z 2N1
A4:CF:12:89:2E:39,,45.48287964,-73.34405518,A4:CF:12,9,wpa2,2022-08-24T07:00:00.000Z,2025-05-27T13:00:00.000Z,Longueuil,Québec,CA,,
A4:CF:12:89:2E:44,,45.4438324,-73.66209412,A4:CF:12,0,unknown,2023-06-26T06:00:00.000Z,2025-05-07T15:00:00.000Z,Montréal,Québec,CA,Boulevard de Montréal-Toronto,H8S 4M1
A4:CF:12:89:2E:45,,45.56768036,-73.69099426,A4:CF:12,9,wpa2,2021-04-12T08:00:00.000Z,2025-07-11T18:00:00.000Z,Laval (13),Québec,CA,Rue Saint Luc,H7G 2T9
A4:CF:12:89:2F:11,,46.72671127,-71.28140259,A4:CF:12,9,wpa2,2020-10-23T16:00:00.000Z,2026-07-22T05:00:00.000Z,Lévis,Québec,CA,Autoroute Robert-Cliche,G6W 8A8
A4:CF:12:89:2F:39,,46.82068253,-71.31170654,A4:CF:12,9,wpa2,2026-07-10T16:00:00.000Z,2026-07-10T09:00:00.000Z,Québec,Québec,CA,Rue Létourneau,G2C 1S9
A4:CF:12:89:2F:55,,45.56296158,-73.74861908,A4:CF:12,1,wpa2,2022-09-29T08:00:00.000Z,2025-05-07T15:00:00.000Z,Laval (13),Québec,CA,Boulevard Daniel-Johnson,H7T 1V3
A4:CF:12:89:2F:B9,,45.52952194,-73.75538635,A4:CF:12,1,wpa2,2024-06-19T12:00:00.000Z,2025-10-08T14:00:00.000Z,Laval (13),Québec,CA,Boulevard Lévesque Ouest,H7W 2P8
A4:CF:12:89:2F:E5,,45.55958176,-73.6155014,A4:CF:12,9,wpa2,2026-02-25T12:00:00.000Z,2026-03-20T11:00:00.000Z,Montréal,Québec,CA,Rue des Regrattiers,H1Z 4P3
A4:CF:12:89:2F:E9,,45.66586304,-72.85509491,A4:CF:12,9,wpa2,2026-07-09T22:00:00.000Z,2026-07-09T17:00:00.000Z,Saint-Simon,Québec,CA,Autoroute Jean-Lesage,J2R 2A3
A4:CF:12:89:2F:F1,,44.43925858,-73.1160965,A4:CF:12,6,wpa2,2026-04-07T11:00:00.000Z,2026-04-10T13:00:00.000Z,,VT,US,Vietnam Veterans Memorial Highway,05495
A4:CF:12:89:30:69,,46.06193924,-74.28939819,A4:CF:12,1,wpa2,2024-06-25T20:00:00.000Z,2025-06-20T13:00:00.000Z,,Québec,CA,Route 329,J8C2C2
A4:CF:12:89:31:FD,ProvistaSolar_8931FC,-45.88112259,170.33352661,A4:CF:12,1,wpa,2025-10-03T03:00:00.000Z,2025-12-24T22:00:00.000Z,,Otago,NZ,Bush Road,90
A4:CF:12:89:3F:ED,CFX3_893fec,-38.53740311,143.97451782,A4:CF:12,1,wpa2,2025-01-26T20:00:00.000Z,2025-01-26T13:00:00.000Z,,Victoria,AU,Mountjoy Parade,3232
A4:CF:12:89:40:09,CFX3_894008,37.07494354,-93.93495178,A4:CF:12,1,wpa2,2026-03-09T00:00:00.000Z,2026-03-08T18:00:00.000Z,,MO,US,I 44,64862
A4:CF:12:89:41:01,,45.6066246,-73.56717682,A4:CF:12,1,wpa2,2025-10-15T13:00:00.000Z,2025-10-15T14:00:00.000Z,Montréal,Québec,CA,Boulevard Métropolitain,H1M 1W9
A4:CF:12:89:41:45,CFX3 55 RV,37.50186157,-122.47277832,A4:CF:12,1,wpa2,2026-05-19T16:00:00.000Z,2026-05-19T19:00:00.000Z,Half Moon Bay,CA,US,Cabrillo Highway,94019
A4:CF:12:89:41:B9,CFX3_8941b8,29.96744347,-90.04332733,A4:CF:12,1,wpa2,2025-08-30T19:00:00.000Z,2026-01-03T21:00:00.000Z,New Orleans,LA,US,Saint Claude Avenue,70117
A4:CF:12:89:4B:2D,,45.54682159,-73.63760376,A4:CF:12,1,wpa,2021-11-08T08:00:00.000Z,2025-07-21T10:00:00.000Z,Montréal,Québec,CA,Boulevard Crémazie Est,H2M 1L8
A4:CF:12:89:4B:31,,45.43199539,-75.77667236,A4:CF:12,9,wpa2,2026-07-08T16:00:00.000Z,2026-07-09T20:00:00.000Z,Gatineau,Québec,CA,Boulevard des Allumettières,J8Y 4J3
A4:CF:12:89:4B:41,,45.48068619,-73.86458588,A4:CF:12,9,wpa2,2025-05-01T17:00:00.000Z,2025-05-01T15:00:00.000Z,Montréal,Québec,CA,Boulevard de Pierrefonds,H9H 4K3
A4:CF:12:89:4B:6D,,45.56299973,-73.81855774,A4:CF:12,1,wpa2,2025-10-03T08:00:00.000Z,2025-10-03T17:00:00.000Z,Laval (13),Québec,CA,Autoroute Chomedey,H7P 1W1
A4:CF:12:89:4B:81,,45.6552124,-73.37966919,A4:CF:12,9,wpa2,2026-07-13T20:00:00.000Z,2026-08-19T23:00:00.000Z,,Québec,CA,Autoroute de l'Acier,J3X 1P7
A4:CF:12:89:4B:A1,,45.49726868,-73.66259766,A4:CF:12,9,wpa2,2025-07-14T17:00:00.000Z,2025-07-14T14:00:00.000Z,,Québec,CA,Avenue Royalmount,H4P 2S8
A4:CF:12:89:4B:AD,,45.57145691,-73.76959991,A4:CF:12,9,wpa2,2025-08-04T15:00:00.000Z,2026-08-31T07:00:00.000Z,Laval (13),Québec,CA,Boulevard Saint-Elzéar Ouest,H7P 5Z9
A4:CF:12:89:4B:B9,,45.36135864,-73.58375549,A4:CF:12,9,wpa2,2025-06-18T19:00:00.000Z,2026-03-27T01:00:00.000Z,,Québec,CA,Autoroute de l'Acier,J5A2A4
A4:CF:12:89:4B:C1,,46.35965729,-71.88290405,A4:CF:12,11,wpa2,2025-12-18T16:00:00.000Z,2025-12-18T10:00:00.000Z,,Québec,CA,Autoroute Jean-Lesage,G0X 1V0
A4:CF:12:89:4B:C8,,45.51139069,-73.66066742,A4:CF:12,0,unknown,2025-07-01T13:00:00.000Z,2025-07-08T15:00:00.000Z,Montréal,Québec,CA,Chemin de la Côte-de-Liesse,H4N 3C2
A4:CF:12:89:4B:C9,,45.51300812,-73.72348022,A4:CF:12,9,wpa2,2024-09-30T18:00:00.000Z,2025-07-08T15:00:00.000Z,Montréal,Québec,CA,Place Vermandère,H4R 3C8
A4:CF:12:89:4B:E1,,45.34042358,-73.28759766,A4:CF:12,9,wpa2,2025-03-21T10:00:00.000Z,2025-09-08T11:00:00.000Z,Saint-Jean-sur-Richelieu,Québec,CA,Rue Moreau,J2W 1J1
A4:CF:12:89:4C:01,,45.60477448,-73.54531097,A4:CF:12,9,wpa2,2026-04-20T19:00:00.000Z,2026-07-10T03:00:00.000Z,Montréal,Québec,CA,Avenue du Curé Clermont,H1M 1T4
A4:CF:12:89:58:21,ProvistaSolar_895820,-43.57837677,172.65551758,A4:CF:12,1,wpa,2025-03-28T23:00:00.000Z,2026-01-03T12:00:00.000Z,Christchurch,Canterbury,NZ,Huntsbury Avenue,8022
A4:CF:12:89:7A:35,Achim's Fridge ,-19.25129318,146.81567383,A4:CF:12,1,wpa2,2023-11-23T00:00:00.000Z,2025-04-19T19:00:00.000Z,Townsville,Queensland,AU,The Strand,4810
A4:CF:12:89:7A:B1,Big,43.19949341,-70.64350891,A4:CF:12,1,wpa2,2025-06-19T22:00:00.000Z,2025-06-19T17:00:00.000Z,,ME,US,Sewells Pasture Road,03902
A4:CF:12:89:7E:3D,CFX3_897e3c,-34.84716415,138.62864685,A4:CF:12,1,wpa2,2023-04-23T16:00:00.000Z,2026-05-22T22:00:00.000Z,Adelaide,South Australia,AU,Grand Junction Road,5085
A4:CF:12:89:82:70,,34.28638077,-118.7325058,A4:CF:12,6,none,2026-08-16T10:00:00.000Z,2026-08-17T06:00:00.000Z,Simi Valley,CA,US,Alamo Street,90363
A4:CF:12:89:88:C1,TacoFam,42.52811432,-70.95484924,A4:CF:12,6,wpa2,2025-05-03T01:00:00.000Z,2025-05-07T12:00:00.000Z,Peabody,MA,US,Yankee Division Highway,01960
A4:CF:12:89:8C:35,CFX3_75,-34.79663849,138.71655273,A4:CF:12,1,wpa2,2024-05-26T04:00:00.000Z,2025-08-13T09:00:00.000Z,Adelaide,South Australia,AU,Greenway Drive,5126
A4:CF:12:89:91:75,CFX3_899174,52.55625534,9.79181957,A4:CF:12,1,wpa2,2026-08-16T17:00:00.000Z,2026-08-16T14:00:00.000Z,,Niedersachsen,DE,A 7,30900
A4:CF:12:89:91:85,CFX3_899184,37.86155701,-80.53191376,A4:CF:12,1,wpa2,2022-09-25T11:00:00.000Z,2026-07-05T21:00:00.000Z,,WV,US,I 64,24931
A4:CF:12:89:9D:C1,CFX3_899dc0,-34.8762207,138.63375854,A4:CF:12,1,wpa2,2025-09-12T01:00:00.000Z,2025-09-11T21:00:00.000Z,Adelaide,South Australia,AU,Maple Avenue,5087
A4:CF:12:89:9E:7D,CFX3_899e7c,-34.86943054,138.55186462,A4:CF:12,1,wpa2,2023-05-16T11:00:00.000Z,2026-08-30T20:00:00.000Z,Adelaide,South Australia,AU,Fourth Avenue,5012
A4:CF:12:89:A3:7D,CFX3_89a37c,-27.92910004,153.38809204,A4:CF:12,1,wpa2,2025-04-19T01:00:00.000Z,2026-08-01T00:00:00.000Z,Gold Coast City,Queensland,AU,Harbour Town Drive,4216
A4:CF:12:89:A3:E9,Big Als Fridge,-37.68930435,144.63279724,A4:CF:12,1,wpa2,2023-01-21T22:00:00.000Z,2025-07-24T21:00:00.000Z,Melbourne,Victoria,AU,Judd Court,3335
A4:CF:12:89:A4:35,CFX3_89a434,-37.80572891,145.29704285,A4:CF:12,1,wpa2,2021-04-16T16:00:00.000Z,2025-11-13T02:00:00.000Z,Melbourne,Victoria,AU,Landstrom Quadrant,3137
A4:CF:12:89:A4:51,CFX3_89a450,54.70087814,25.24838448,A4:CF:12,1,wpa2,2025-08-21T09:00:00.000Z,2025-09-26T02:00:00.000Z,Vilnius,Vilniaus apskritis,LT,Paribio g.,08104
A4:CF:12:89:A4:7D,Sack,-26.61515236,152.98031616,A4:CF:12,1,wpa2,2024-10-29T19:00:00.000Z,2024-10-30T00:00:00.000Z,Sunshine Coast Regional,Queensland,AU,10,
A4:CF:12:89:A4:C5,CFX3_89a4c4,25.06512833,121.5331192,A4:CF:12,1,wpa2,2025-11-19T12:00:00.000Z,2025-11-19T07:00:00.000Z,臺北市,臺北市,TW,農安街,104
A4:CF:12:89:A5:79,CFX3_89a578,-26.80086899,153.12936401,A4:CF:12,1,wpa2,2026-05-21T01:00:00.000Z,2026-05-29T08:00:00.000Z,Sunshine Coast Regional,Queensland,AU,Bowman Road,4551
A4:CF:12:89:A5:81,CFX3_89a580,-34.84490585,138.49504089,A4:CF:12,1,wpa2,2024-06-07T16:00:00.000Z,2025-05-27T14:00:00.000Z,Adelaide,South Australia,AU,Tarni Court,5015
A4:CF:12:89:A5:D5,CFX3_89a5d4,-23.33034325,150.51942444,A4:CF:12,1,wpa2,2023-10-18T01:00:00.000Z,2025-07-16T21:00:00.000Z,Rockhampton,Queensland,AU,River Rose Drive,4701
A4:CF:12:89:A5:DD,Dane’s fridge,-34.47594833,150.33383179,A4:CF:12,1,wpa2,2025-07-17T05:00:00.000Z,2025-07-18T00:00:00.000Z,,New South Wales,AU,Old Mandemar Road,2577
A4:CF:12:89:A6:F9,CFX3_89a6f8,-32.83974075,151.68904114,A4:CF:12,1,wpa2,2026-05-13T06:00:00.000Z,2026-05-29T16:00:00.000Z,Newcastle-Maitland,New South Wales,AU,Maitland Road,2322
A4:CF:12:89:A7:9D,CFX3_89a79c,-37.84107971,144.96076965,A4:CF:12,1,wpa2,2026-03-15T04:00:00.000Z,2026-03-14T22:00:00.000Z,Melbourne,Victoria,AU,Albert Road,3206
A4:CF:12:89:AC:B5,YetiA4CF1289AC,35.7815361,-78.82563019,A4:CF:12,6,wpa2,2024-11-30T20:00:00.000Z,2024-11-30T13:00:00.000Z,,NC,US,Lake Trail,27513-3510
A4:CF:12:89:BD:A9,YetiA4CF1289BD,34.46723938,-117.3493576,A4:CF:12,6,wpa2,2026-05-29T18:00:00.000Z,2026-05-29T11:00:00.000Z,Victorville,CA,US,Amargosa Road,92392
A4:CF:12:89:C5:A1,CFX3_89c5a0,-33.85964203,151.20954895,A4:CF:12,1,wpa2,2024-11-30T08:00:00.000Z,2025-12-30T23:00:00.000Z,Sydney,New South Wales,AU,,2000
A4:CF:12:89:C6:05,CFX3-koelbox-FR,51.19591522,4.37695503,A4:CF:12,1,wpa2,2024-06-06T18:00:00.000Z,2026-07-23T10:00:00.000Z,,Antwerpen,BE,August Leyweg,2020
A4:CF:12:89:C6:69,CFX3_89c668,51.93770599,7.63184214,A4:CF:12,1,wpa2,2024-03-14T20:00:00.000Z,2026-06-11T11:00:00.000Z,Münster,Nordrhein-Westfalen,DE,Umgehungsstraße,48153
A4:CF:12:89:C6:DD,Aquascape Pump-61A5D,40.52635956,-75.63169861,A4:CF:12,1,unknown,2022-05-16T11:00:00.000Z,2026-04-18T12:00:00.000Z,Lower Macungie Township,PA,US,Ash Lane,19539
A4:CF:12:89:DF:25,Dometic 55IM,38.56698227,-109.54985809,A4:CF:12,1,wpa2,2026-03-16T23:00:00.000Z,2026-03-17T18:00:00.000Z,,UT,US,South 100 East,84532
A4:CF:12:89:E1:A9,CFX3_89e1a8,42.12067032,-89.05400848,A4:CF:12,1,wpa2,2023-10-23T20:00:00.000Z,2026-05-15T07:00:00.000Z,,IL,US,,61052
A4:CF:12:89:E1:AD,CFX3_89e1ac,39.5710907,-86.05554199,A4:CF:12,1,wpa2,2024-10-12T21:00:00.000Z,2024-10-13T14:00:00.000Z,,IN,US,I 65,46184
A4:CF:12:89:E8:81,P&J CFX3 55L,-24.15620995,151.47384644,A4:CF:12,1,wpa2,2026-07-12T02:00:00.000Z,2026-07-18T22:00:00.000Z,,Queensland,AU,Turkey Beach Road,
A4:CF:12:89:F1:A1,CFX3_89f1a0,-21.16619301,148.92262268,A4:CF:12,1,wpa2,2021-06-25T23:00:00.000Z,2026-07-15T01:00:00.000Z,,Queensland,AU,Markeys Road,4741
A4:CF:12:89:F7:19,CFX3_89f718,-27.28423309,152.98103333,A4:CF:12,1,wpa2,2024-05-14T08:00:00.000Z,2025-06-21T18:00:00.000Z,,Queensland,AU,Lorraine Court,4501
A4:CF:12:89:F7:2D,CFX3_89f72c,-21.01081085,148.88056946,A4:CF:12,1,wpa2,2025-01-05T23:00:00.000Z,2025-01-05T23:00:00.000Z,,Queensland,AU,Bruce Highway,
A4:CF:12:8A:00:1D,CFX3_8a001c,-35.53524017,138.64776611,A4:CF:12,1,wpa2,2023-12-18T10:00:00.000Z,2025-05-17T23:00:00.000Z,,South Australia,AU,Port Elliot Road,5211
A4:CF:12:8A:04:E9,CFX3_8a04e8,-34.7743454,138.70036316,A4:CF:12,1,wpa2,2026-07-16T16:00:00.000Z,2026-07-19T03:00:00.000Z,Adelaide,South Australia,AU,Reordan Drive,5125
A4:CF:12:8A:05:B1,CFX3_Ranger ,9.97969723,-84.16738892,A4:CF:12,1,wpa2,2026-08-29T21:00:00.000Z,2026-08-29T17:00:00.000Z,,Cantón Belén,CR,Avenida 44,40703
A4:CF:12:8A:05:BD,GreatNorthern,-21.1526413,149.17572021,A4:CF:12,1,wpa2,2025-07-30T09:00:00.000Z,2025-07-30T02:00:00.000Z,Mackay,Queensland,AU,Paradise Street,4740
A4:CF:12:8A:05:C5,Dom,-37.77721405,144.98760986,A4:CF:12,7,wpa2,2022-02-19T14:00:00.000Z,2024-09-19T23:00:00.000Z,Melbourne,Victoria,AU,Miller Street,3068
A4:CF:12:8A:06:2D,asteffy,34.12093735,-117.88502502,A4:CF:12,1,wpa2,2025-06-07T17:00:00.000Z,2025-06-09T19:00:00.000Z,Azusa,CA,US,Foothill Freeway,91742
A4:CF:12:8A:0A:39,CFX3,-37.86830902,144.76605225,A4:CF:12,1,wpa2,2025-11-09T03:00:00.000Z,2025-11-08T20:00:00.000Z,Melbourne,Victoria,AU,Princes Freeway,3028
A4:CF:12:8A:0A:91,CFX3_8a0a90,-35.05743027,138.85231018,A4:CF:12,1,wpa2,2024-11-26T20:00:00.000Z,2024-11-26T12:00:00.000Z,,South Australia,AU,Adelaide Road,5250
A4:CF:12:8A:0D:5C,,36.65545273,-121.7303772,A4:CF:12,1,none,2026-08-31T10:00:00.000Z,2026-08-31T10:00:00.000Z,,CA,US,Reservation Road,
A4:CF:12:8A:25:45,CFX3_8a2544,-37.65838623,144.98779297,A4:CF:12,1,wpa2,2026-03-02T02:00:00.000Z,2026-03-06T21:00:00.000Z,Melbourne,Victoria,AU,Hume Freeway,3075
A4:CF:12:8A:2D:55,CFX3_8a2d54,52.75541687,15.23696327,A4:CF:12,1,wpa2,2022-06-10T17:00:00.000Z,2025-05-10T09:00:00.000Z,Gorzów Wielkopolski,województwo lubuskie,PL,Wiejska,66-400
A4:CF:12:8A:2D:F5,CFX3_8a2df4,-37.87952423,145.26728821,A4:CF:12,1,wpa2,2024-12-13T01:00:00.000Z,2025-02-26T01:00:00.000Z,Melbourne,Victoria,AU,Burwood Highway,3156
A4:CF:12:8A:4C:55,HAVEN-CAM-0000-5063,30.01996994,-95.74616241,A4:CF:12,6,none,2026-06-17T15:00:00.000Z,2026-07-01T19:00:00.000Z,,TX,US,White Sage Court,
A4:CF:12:8A:4C:59,HAVEN-CAM-0000-4451,35.28570557,-97.49859619,A4:CF:12,6,unknown,2025-04-12T16:00:00.000Z,2026-07-13T12:00:00.000Z,Norman,OK,US,Steed Drive,73072
A4:CF:12:8A:4C:9D,HAVEN-CAM-0000-2559,45.44433975,-122.83656311,A4:CF:12,6,unknown,2025-12-23T09:00:00.000Z,2025-12-23T02:00:00.000Z,Beaverton,OR,US,Southwest 155th Avenue,97007
A4:CF:12:8A:4C:B1,HAVEN-CAM-0000-2605,44.06613159,-92.51035309,A4:CF:12,6,unknown,2021-06-23T13:00:00.000Z,2025-07-01T15:00:00.000Z,Rochester,MN,US,41st Street Northwest,55901
A4:CF:12:8A:A8:11,HaasSohn_1909845,47.54120636,14.89798355,A4:CF:12,5,wpa2,2026-01-06T10:00:00.000Z,2026-04-18T09:00:00.000Z,,Steiermark,AT,Vordernberger Straße,8790
A4:CF:12:8B:52:75,Aquascape Pump-A1FF8,37.54571152,-122.27394867,A4:CF:12,1,unknown,2025-10-16T19:00:00.000Z,2025-11-15T20:00:00.000Z,,CA,US,Edgewater Boulevard,94404
A4:CF:12:8B:6B:A4,,45.57674408,-73.7487793,A4:CF:12,0,unknown,2025-05-07T11:00:00.000Z,2025-05-07T15:00:00.000Z,Laval (13),Québec,CA,Autoroute Jean-Noël-Lavoie,H7T 1C7
A4:CF:12:8B:6B:A5,,45.57794571,-73.74660492,A4:CF:12,6,wpa2,2023-07-07T07:00:00.000Z,2025-05-07T15:00:00.000Z,Laval (13),Québec,CA,Autoroute Jean-Noël-Lavoie,H7T 1C7
A4:CF:12:8B:A2:BD,CFX3_8ba2bc,40.76937485,-73.98987579,A4:CF:12,1,wpa2,2024-06-12T21:00:00.000Z,2024-10-01T16:00:00.000Z,City of New York,NY,US,West 57th Street,10019
A4:CF:12:8B:C4:AD,CFX3_8bc4ac,54.02145386,-113.11994171,A4:CF:12,1,wpa2,2024-10-19T16:00:00.000Z,2024-10-19T14:00:00.000Z,,Alberta,CA,Range Road 215A,
A4:CF:12:8B:DF:C5,GEMENY CFX3,40.7732048,-76.22476196,A4:CF:12,1,wpa2,2024-09-22T18:00:00.000Z,2024-09-22T15:00:00.000Z,West Mahanoy Township,PA,US,I 81,17931
A4:CF:12:8B:F0:B9,Aquascape Pump-CE67D,39.96456146,-76.77536011,A4:CF:12,1,none,2021-09-04T15:00:00.000Z,2024-12-14T08:00:00.000Z,West Manchester Township,PA,US,York Crossing Drive,17408
A4:CF:12:8C:04:DD,,45.59802246,-73.70750427,A4:CF:12,6,wpa2,2025-07-01T13:00:00.000Z,2025-10-26T13:00:00.000Z,Laval (13),Québec,CA,Boulevard René-Laennec,H7M 3T3
A4:CF:12:8C:04:E5,,45.2991333,-72.1029129,A4:CF:12,9,wpa2,2025-08-07T12:00:00.000Z,2026-08-19T23:00:00.000Z,Magog,Québec,CA,Autoroute des Cantons-de-l'Est,J1X 5R2
A4:CF:12:8C:05:09,,45.51136017,-73.66105652,A4:CF:12,1,wpa2,2024-10-18T12:00:00.000Z,2026-06-01T17:00:00.000Z,Montréal,Québec,CA,Chemin de la Côte-de-Liesse,H4N 3C2
A4:CF:12:8C:05:0D,,45.46630096,-73.64794159,A4:CF:12,1,wpa2,2021-07-15T08:00:00.000Z,2025-05-15T14:00:00.000Z,Montréal,Québec,CA,Avenue Rosedale,H4V 1H6
A4:CF:12:8C:07:65,Matt’sCFX55IM,-35.28765869,147.72058105,A4:CF:12,1,wpa2,2021-10-20T07:00:00.000Z,2025-04-13T19:00:00.000Z,Wagga Wagga City Council,New South Wales,AU,Hume Highway,2652
A4:CF:12:8C:19:59,T009_8C1958,48.13008499,-1.2166301,A4:CF:12,4,unknown,2023-02-21T16:00:00.000Z,2025-01-03T05:00:00.000Z,,Bretagne,FR,Rue de Fougères,35500
A4:CF:12:8C:19:D9,Mysa-8c19d8,46.7327652,-117.19184875,A4:CF:12,1,unknown,2025-07-11T16:00:00.000Z,2025-07-11T12:00:00.000Z,,WA,US,Northwest Davis Way,99164-1912
A4:CF:12:8C:1A:99,T009_8C1A98,50.89212036,4.70614767,A4:CF:12,6,unknown,2022-11-08T09:00:00.000Z,2025-07-09T13:00:00.000Z,Leuven,Vlaams-Brabant,BE,Kolonel Begaultlaan,3012
A4:CF:12:8C:1A:A5,T009_8C1AA4,49.30646896,10.56378269,A4:CF:12,11,unknown,2020-11-15T10:00:00.000Z,2024-10-17T14:00:00.000Z,,Bayern,DE,Hohenzollernring,91522
A4:CF:12:8C:1A:C5,T009_8C1AC4,51.09374619,3.36529469,A4:CF:12,6,unknown,2024-09-08T00:00:00.000Z,2024-09-07T18:00:00.000Z,,Oost-Vlaanderen,BE,Wingenestraat,9880
A4:CF:12:8C:1A:D9,T009_8C1AD8,45.15649796,14.16118336,A4:CF:12,7,unknown,2021-07-12T10:00:00.000Z,2025-01-30T03:00:00.000Z,,Istarska županija,HR,D66,52234
A4:CF:12:8C:1D:F9,T009_8C1DF8,44.26723862,12.21372795,A4:CF:12,6,none,2026-02-02T18:00:00.000Z,2026-02-08T06:00:00.000Z,Ravenna,Emilia-Romagna,IT,Via Dismano,
A4:CF:12:8C:27:EC,,40.90583801,-73.01643372,A4:CF:12,1,unknown,2025-02-06T06:00:00.000Z,2025-02-06T00:00:00.000Z,,NY,US,Estate Drive,11776
A4:CF:12:8C:39:45,T009_8C3944,52.04980087,4.49450493,A4:CF:12,3,none,2022-07-09T12:00:00.000Z,2025-03-02T05:00:00.000Z,Zoetermeer,Zuid-Holland,NL,Eerste Stationsstraat,2712HD
A4:CF:12:8C:42:35,CFX3_8c4234,-37.76332855,144.95428467,A4:CF:12,1,wpa2,2020-03-24T18:00:00.000Z,2026-05-23T08:00:00.000Z,Melbourne,Victoria,AU,Hope Street,3056
A4:CF:12:8C:50:A1,,45.47027969,-73.39226532,A4:CF:12,9,wpa2,2026-07-17T18:00:00.000Z,2026-07-28T15:00:00.000Z,Longueuil,Québec,CA,Autoroute de l'Acier,J3Z 1H2
A4:CF:12:8C:50:AD,,45.55164719,-73.62604523,A4:CF:12,9,wep,2025-08-14T11:00:00.000Z,2026-02-26T13:00:00.000Z,Montréal,Québec,CA,Rue Rousselot,H2E 1A7
A4:CF:12:8C:50:BD,,45.62599564,-73.83812714,A4:CF:12,6,wpa2,2023-01-23T09:00:00.000Z,2025-12-01T15:00:00.000Z,Boisbriand,Québec,CA,Autoroute des Laurentides,J7G 2A7
A4:CF:12:8C:50:C1,,45.72718811,-73.49715424,A4:CF:12,4,wpa2,2022-07-19T18:00:00.000Z,2026-07-01T05:00:00.000Z,,Québec,CA,Autoroute Félix-Leclerc,J5Z 1X7
A4:CF:12:8C:50:D1,,45.60090256,-73.70480347,A4:CF:12,9,wpa2,2026-03-24T22:00:00.000Z,2026-06-13T20:00:00.000Z,Laval (13),Québec,CA,Montée Monette,H7M 3T3
A4:CF:12:8C:50:D9,,45.47573471,-73.69378662,A4:CF:12,1,wpa2,2023-05-10T04:00:00.000Z,2026-06-23T15:00:00.000Z,Montréal,Québec,CA,Rue Hickmore,H4T 1E3
A4:CF:12:8C:50:E5,,45.65695572,-73.76303101,A4:CF:12,9,wpa2,2023-05-11T12:00:00.000Z,2024-11-13T14:00:00.000Z,,Québec,CA,Place Touchette,J6Z 1K8
A4:CF:12:8C:50:ED,,45.53961563,-73.63131714,A4:CF:12,7,wpa2,2023-11-05T05:00:00.000Z,2026-02-05T15:00:00.000Z,Montréal,Québec,CA,Rue Saint-Dominique,H2P 2L5
A4:CF:12:8C:51:41,,45.61066055,-73.8091507,A4:CF:12,9,wpa2,2025-08-14T20:00:00.000Z,2026-08-20T09:00:00.000Z,Boisbriand,Québec,CA,Rue des Pins,J7G 1B9
A4:CF:12:8C:51:49,,45.5811882,-73.74250793,A4:CF:12,8,wpa2,2023-09-06T19:00:00.000Z,2025-04-10T16:00:00.000Z,Laval (13),Québec,CA,Rue Bergman,H7L3W3
A4:CF:12:8C:51:4D,,45.51124573,-73.65058899,A4:CF:12,4,wpa2,2021-08-10T18:00:00.000Z,2025-01-15T14:00:00.000Z,,Québec,CA,Chemin Caledonia,H3R 2G4
A4:CF:12:8C:51:55,,45.55677414,-73.68191528,A4:CF:12,1,wpa2,2023-07-14T11:00:00.000Z,2024-10-29T12:00:00.000Z,Laval (13),Québec,CA,Boulevard Talbot,H7G 2T5
A4:CF:12:8C:51:61,,45.59099197,-73.72985077,A4:CF:12,6,wpa2,2021-11-03T12:00:00.000Z,2026-06-02T11:00:00.000Z,Laval (13),Québec,CA,Route Verte 1,H7N 2P6
A4:CF:12:8C:51:6D,,45.60608292,-73.80782318,A4:CF:12,1,wpa2,2023-11-27T13:00:00.000Z,2024-10-29T12:00:00.000Z,Laval (13),Québec,CA,Rue Joinville,J7G 1B9
A4:CF:12:8C:51:89,,45.48845673,-73.59909821,A4:CF:12,9,wpa2,2024-06-10T15:00:00.000Z,2026-05-28T13:00:00.000Z,,Québec,CA,Avenue Montrose,H3Y3H6
A4:CF:12:8C:51:9D,,45.54997635,-73.80474091,A4:CF:12,9,wpa2,2026-04-22T11:00:00.000Z,2026-04-23T15:00:00.000Z,Laval (13),Québec,CA,Autoroute Chomedey,H7T 2X4
A4:CF:12:8C:51:B1,,45.44736862,-73.67792511,A4:CF:12,9,wpa2,2025-05-22T21:00:00.000Z,2025-05-22T15:00:00.000Z,Montréal,Québec,CA,Croissant Roy,H8S
A4:CF:12:8C:51:D0,,45.5383606,-73.64283752,A4:CF:12,0,unknown,2023-09-03T15:00:00.000Z,2025-01-23T14:00:00.000Z,Montréal,Québec,CA,Avenue de l'Esplanade,H2N 1M4
A4:CF:12:8C:51:D1,,45.52996445,-73.64752197,A4:CF:12,1,wpa2,2023-03-23T06:00:00.000Z,2025-01-23T14:00:00.000Z,,Québec,CA,Chemin Rockland,H3P 3E9
A4:CF:12:8C:51:ED,,45.60092545,-73.52540588,A4:CF:12,6,wpa2,2021-01-20T12:00:00.000Z,2026-03-27T01:00:00.000Z,Montréal,Québec,CA,Avenue Lebrun,H1L 5E6
A4:CF:12:8C:52:09,HELMET VENDO,14.53117371,121.00432587,A4:CF:12,1,wpa2,2024-11-23T18:00:00.000Z,2024-11-24T09:00:00.000Z,Pasay,Metro Manila,PH,Aurora Boulevard,1303
A4:CF:12:8C:53:19,Nykamp CFX3 ,34.9412384,-118.93088531,A4:CF:12,1,wpa2,2026-07-16T22:00:00.000Z,2026-07-17T20:00:00.000Z,,CA,US,Golden State Freeway,93203
A4:CF:12:8C:53:35,,45.44709396,-73.73745728,A4:CF:12,9,wpa2,2026-04-10T14:00:00.000Z,2026-04-10T19:00:00.000Z,,Québec,CA,Avenue Racine,H9S 1A1
A4:CF:12:8C:54:55,,45.47676086,-73.69238281,A4:CF:12,9,wep,2025-11-18T18:00:00.000Z,2026-04-08T16:00:00.000Z,Montréal,Québec,CA,Rue Hickmore,H4T 1E7
A4:CF:12:8C:54:75,,46.78125,-71.39650726,A4:CF:12,11,wpa2,2024-07-11T23:00:00.000Z,2026-07-22T08:00:00.000Z,Québec,Québec,CA,Route Jean-Gauvin,G2G 2J5
A4:CF:12:8C:54:81,,45.70965195,-72.77471924,A4:CF:12,1,wpa2,2026-08-12T11:00:00.000Z,2026-08-12T04:00:00.000Z,,Québec,CA,Autoroute Jean-Lesage,J0H 1M0
A4:CF:12:8C:54:85,,45.55891418,-73.62944031,A4:CF:12,6,wpa2,2022-01-10T07:00:00.000Z,2025-05-07T15:00:00.000Z,Montréal,Québec,CA,Avenue Papineau,H2M 0A5
A4:CF:12:8C:54:8C,,45.60191727,-73.65116119,A4:CF:12,0,unknown,2025-04-15T05:00:00.000Z,2025-04-17T17:00:00.000Z,Laval (13),Québec,CA,Rue Papineau,H7E2R3
A4:CF:12:8C:54:8D,,45.52042389,-73.77400208,A4:CF:12,9,wpa2,2024-07-02T19:00:00.000Z,2025-03-08T09:00:00.000Z,Laval (13),Québec,CA,Autoroute Chomedey,H8Y 1P6
A4:CF:12:8C:54:9D,,45.51747513,-73.60692596,A4:CF:12,9,wpa2,2026-02-06T11:00:00.000Z,2026-06-07T14:00:00.000Z,Montréal,Québec,CA,Avenue Saint-Viateur,H2V 3R9
A4:CF:12:8C:54:B9,,45.49487686,-73.65316772,A4:CF:12,9,wpa2,2024-09-11T12:00:00.000Z,2025-08-28T10:00:00.000Z,Montréal,Québec,CA,Boulevard Décarie,H4P 2G8
A4:CF:12:8C:54:C9,,45.52435303,-73.65264893,A4:CF:12,9,wpa2,2024-10-30T14:00:00.000Z,2026-02-05T15:00:00.000Z,Montréal,Québec,CA,Rue Lebeau,H3P 1A2
A4:CF:12:8C:5C:1D,dom,50.36291122,18.28104591,A4:CF:12,1,unknown,2025-06-19T15:00:00.000Z,2025-06-19T09:00:00.000Z,,województwo opolskie,PL,Przyjaźni,47-230
A4:CF:12:8C:6A:31,CFX3_8c6a30,49.38893509,11.35580635,A4:CF:12,1,wpa2,2026-07-21T04:00:00.000Z,2026-08-04T12:00:00.000Z,,Bayern,DE,Am Berglein,90518
A4:CF:12:8C:73:E5,T009_8C73E4,47.20520782,5.99815559,A4:CF:12,1,unknown,2024-05-18T08:00:00.000Z,2024-11-06T13:00:00.000Z,,Bourgogne-Franche-Comté,FR,Route de Lyon,25720
A4:CF:12:8C:8D:F9,CFX3_8c8df8,52.32424927,14.02301598,A4:CF:12,1,wpa2,2025-06-15T15:00:00.000Z,2025-06-15T09:00:00.000Z,,Brandenburg,DE,Autobahn der Freiheit,15518
A4:CF:12:8C:96:F1,CFX3_8c96f0,52.85919571,9.71396065,A4:CF:12,1,wpa2,2025-12-27T13:00:00.000Z,2025-12-27T11:00:00.000Z,,Niedersachsen,DE,A 7,29683
A4:CF:12:8C:99:4D,NewtonCFX3,-36.13842773,146.91078186,A4:CF:12,1,wpa2,2025-11-02T21:00:00.000Z,2025-11-02T16:00:00.000Z,Wodonga,Victoria,AU,Anzac Parade,3690
A4:CF:12:8C:99:69,CFX3_8c9968,-37.56455612,144.72494507,A4:CF:12,1,wpa2,2026-03-11T02:00:00.000Z,2026-03-12T23:00:00.000Z,Melbourne,Victoria,AU,Elizabeth Drive,3429
A4:CF:12:8C:99:8D,Hamishs CFX3 55,-37.82590485,144.8210907,A4:CF:12,1,wpa2,2025-11-18T20:00:00.000Z,2025-11-20T22:00:00.000Z,Melbourne,Victoria,AU,West Gate Freeway,3025
A4:CF:12:8C:9A:01,CFX3_8c9a00,-38.35067368,143.43481445,A4:CF:12,1,wpa2,2026-02-26T06:00:00.000Z,2026-03-06T21:00:00.000Z,,Victoria,AU,Princes Highway,3249
A4:CF:12:8C:A4:55,T009_8CA454,50.95018005,5.018291,A4:CF:12,5,unknown,2025-04-08T03:00:00.000Z,2026-02-15T13:00:00.000Z,,Vlaams-Brabant,BE,Minnestraat,3460
A4:CF:12:8C:A9:DD,CFX3_8ca9dc,-32.0401268,152.54023743,A4:CF:12,1,wpa2,2024-01-11T05:00:00.000Z,2025-06-17T00:00:00.000Z,,New South Wales,AU,,2430
A4:CF:12:8C:C9:F9,T009_8CC9F8,51.16859818,5.58129454,A4:CF:12,11,unknown,2024-05-08T15:00:00.000Z,2024-10-26T08:00:00.000Z,,Limburg,BE,Driemorgenstraat,3950
A4:CF:12:8C:FF:55,T009_8CFF54,40.9263916,14.08268833,A4:CF:12,6,unknown,2025-01-04T15:00:00.000Z,2025-12-29T07:00:00.000Z,Giugliano in Campania,Campania,IT,,
A4:CF:12:8D:15:45,,45.44228363,-73.65493011,A4:CF:12,9,wpa2,2022-11-21T13:00:00.000Z,2026-06-17T17:00:00.000Z,Montréal,Québec,CA,Boulevard de Montréal-Toronto,H8S 1B4
A4:CF:12:8D:15:50,,45.53731155,-73.67261505,A4:CF:12,0,unknown,2025-06-16T04:00:00.000Z,2025-07-08T15:00:00.000Z,Montréal,Québec,CA,Avenue du Bois de Boulogne,H4N 2V4
A4:CF:12:8D:15:51,,45.55105209,-73.66661072,A4:CF:12,9,wpa2,2022-01-22T10:00:00.000Z,2025-09-05T13:00:00.000Z,Montréal,Québec,CA,Rue Laverdure,H3L 1B6
A4:CF:12:8D:15:55,,45.73091507,-73.51283264,A4:CF:12,9,wpa2,2025-09-03T14:00:00.000Z,2025-09-03T09:00:00.000Z,,Québec,CA,Autoroute 640,J6V 0E1
A4:CF:12:8D:15:69,,45.53781891,-73.37291718,A4:CF:12,1,wpa2,2024-11-13T23:00:00.000Z,2026-08-30T08:00:00.000Z,,Québec,CA,Autoroute de l'Acier,J3V 6B9
A4:CF:12:8D:15:71,,45.34854507,-72.83323669,A4:CF:12,9,wpa2,2024-10-11T13:00:00.000Z,2024-10-11T14:00:00.000Z,,Québec,CA,Autoroute des Cantons-de-l'Est,J0E 2A0
A4:CF:12:8D:15:8D,,45.47859192,-73.67414093,A4:CF:12,6,wpa2,2021-03-04T04:00:00.000Z,2026-05-04T21:00:00.000Z,,Québec,CA,Chemin Wallenberg,H4W 1A5
A4:CF:12:8D:15:95,,45.71666336,-73.58763885,A4:CF:12,9,wpa2,2026-05-15T11:00:00.000Z,2026-08-11T10:00:00.000Z,,Québec,CA,Autoroute 640,J7K 3B5
A4:CF:12:8D:15:A5,,45.59191513,-73.61171722,A4:CF:12,9,wpa2,2021-01-29T11:00:00.000Z,2024-12-23T16:00:00.000Z,Montréal,Québec,CA,Boulevard Couture,H1R 2B6
A4:CF:12:8D:15:AD,,45.98521042,-72.39810944,A4:CF:12,9,wpa2,2025-03-21T10:00:00.000Z,2025-03-21T04:00:00.000Z,Notre-Dame-du-Bon-Conseil (paroisse),Québec,CA,Autoroute Jean-Lesage,J0C 1A0
A4:CF:12:8D:15:B1,ESP_8D15B1,45.54899216,-73.62541199,A4:CF:12,1,wpa2,2024-04-18T11:00:00.000Z,2024-11-09T07:00:00.000Z,Montréal,Québec,CA,Avenue Christophe-Colomb,H2R 2S9
A4:CF:12:8D:1D:45,Esp-Powermeter Fallback Hotspot,10.56306648,76.35227203,A4:CF:12,1,wpa2,2025-12-05T19:00:00.000Z,2025-12-06T05:00:00.000Z,,Kerala,IN,Salem - Kochi - Kanyakumari Highway,680652
A4:CF:12:8D:24:24,,45.59553528,-73.57588196,A4:CF:12,0,unknown,2025-02-26T04:00:00.000Z,2025-02-28T15:00:00.000Z,Montréal,Québec,CA,Autoroute Métropolitaine - Autoroute Transcanadienne,H1S 1N2
A4:CF:12:8D:24:25,,45.61902237,-73.55381012,A4:CF:12,9,wpa2,2025-12-12T12:00:00.000Z,2026-05-04T21:00:00.000Z,Montréal,Québec,CA,Boulevard Métropolitain,H1J 0A6
A4:CF:12:8D:24:3C,,45.62317657,-73.60495758,A4:CF:12,0,unknown,2025-04-10T05:00:00.000Z,2025-04-10T16:00:00.000Z,Montréal,Québec,CA,Autoroute Louis-Hippolyte-Lafontaine,H1J 2T4
A4:CF:12:8D:24:3D,,45.53993988,-73.6688385,A4:CF:12,9,wpa2,2024-12-18T15:00:00.000Z,2026-06-22T11:00:00.000Z,Montréal,Québec,CA,Avenue du Mont-Cassin,H3L 3T3
A4:CF:12:8D:24:58,,45.5574379,-73.79840088,A4:CF:12,0,unknown,2025-05-27T20:00:00.000Z,2025-06-01T11:00:00.000Z,Laval (13),Québec,CA,Autoroute Jean-Noël-Lavoie,H7T 2P7
A4:CF:12:8D:24:59,,45.55764389,-73.79781342,A4:CF:12,0,unknown,2025-05-27T20:00:00.000Z,2025-06-01T11:00:00.000Z,Laval (13),Québec,CA,Autoroute Jean-Noël-Lavoie,H7T 2P7
A4:CF:12:8D:24:60,,45.52924347,-73.65000153,A4:CF:12,0,unknown,2025-06-09T18:00:00.000Z,2025-06-14T11:00:00.000Z,Montréal,Québec,CA,Boulevard Crémazie Ouest,H4N 3M5
A4:CF:12:8D:24:61,,45.54620743,-73.66521454,A4:CF:12,9,wpa2,2025-03-18T16:00:00.000Z,2025-12-02T14:00:00.000Z,Montréal,Québec,CA,Rue Waverly,H3L 1T5
A4:CF:12:8D:24:6D,,45.59957504,-73.55466461,A4:CF:12,9,wpa2,2025-11-20T16:00:00.000Z,2026-06-23T15:00:00.000Z,Montréal,Québec,CA,Boulevard Louis-Hippolyte-Lafontaine,H1M 3X8
A4:CF:12:8D:24:95,,45.31771469,-75.16831207,A4:CF:12,9,wpa2,2026-02-16T14:00:00.000Z,2026-08-13T16:00:00.000Z,,Ontario,CA,Highway 417,K0A 2M0
A4:CF:12:8D:24:9D,,45.58968353,-73.52589417,A4:CF:12,9,wpa2,2026-07-10T17:00:00.000Z,2026-07-10T11:00:00.000Z,Montréal,Québec,CA,Autoroute Louis-Hippolyte-Lafontaine,H1M 2X3
A4:CF:12:8D:32:B1,Aquascape Pump-0A7E3,37.70160675,-97.23017883,A4:CF:12,1,unknown,2025-12-19T17:00:00.000Z,2026-02-14T05:00:00.000Z,Wichita,KS,US,North Gatewood Street,67206
A4:CF:12:8D:33:F9,Aquascape Pump-1E252,34.17969131,-118.86001587,A4:CF:12,1,none,2026-08-13T12:00:00.000Z,2026-08-15T16:00:00.000Z,Thousand Oaks,CA,US,CA 23,91360-4401
A4:CF:12:8D:41:E1,CFX3_8d41e0,-27.6545372,152.9140625,A4:CF:12,2,wpa2,2025-03-28T00:00:00.000Z,2025-04-04T21:00:00.000Z,Ipswich City,Queensland,AU,Springfield Parkway,4300
A4:CF:12:8D:43:3D,Aquascape Pump-A65FD,45.81931686,-122.74721527,A4:CF:12,1,unknown,2024-10-12T19:00:00.000Z,2024-10-12T12:00:00.000Z,,WA,US,North 1st Avenue,
A4:CF:12:8D:43:CD,Aquascape Pump-A0EA6,33.57447433,-81.76929474,A4:CF:12,1,none,2024-02-29T19:00:00.000Z,2026-08-10T12:00:00.000Z,,SC,US,Trolley Line Road,29801
A4:CF:12:8D:43:E5,Aquascape Pump-59CDD,38.93688583,-104.67462158,A4:CF:12,1,unknown,2023-04-27T18:00:00.000Z,2026-02-14T10:00:00.000Z,Colorado Springs,CO,US,Mountain Spruce Drive,80927
A4:CF:12:8D:43:F9,Aquascape Pump-9AD32,38.40797424,-107.84470367,A4:CF:12,1,unknown,2022-07-03T02:00:00.000Z,2025-03-09T07:00:00.000Z,,CO,US,South Townsend Avenue,81403
A4:CF:12:8D:44:39,Aquascape Pump-15CF2,33.88489151,-84.42620087,A4:CF:12,1,unknown,2025-06-27T03:00:00.000Z,2025-06-26T20:00:00.000Z,Sandy Springs,GA,US,Davis Drive Northwest,30327
A4:CF:12:8D:46:01,CFX3_VAN,34.54541779,-112.46442413,A4:CF:12,1,wpa2,2020-09-16T13:00:00.000Z,2025-03-08T20:00:00.000Z,Prescott,AZ,US,East Sheldon Street,86303
A4:CF:12:8D:46:81,CFX3_8d4680,52.97363281,6.54790449,A4:CF:12,1,wpa2,2026-06-25T11:00:00.000Z,2026-06-25T06:00:00.000Z,Assen,Drenthe,NL,Haarweg,9405NN
A4:CF:12:8D:46:AD,CFX3_8d46ac,53.94364166,-1.37507069,A4:CF:12,1,wpa2,2024-06-02T11:00:00.000Z,2026-01-01T12:00:00.000Z,Harrogate,England,GB,Kirk Deighton Interchange,LS22 5GT
A4:CF:12:8D:48:05,CFX3_8d4804,41.34605026,-72.03076935,A4:CF:12,1,wpa2,2026-08-19T19:00:00.000Z,2026-08-19T22:00:00.000Z,,CT,US,Fort Hill Road,06340
A4:CF:12:8D:48:1D,CFX3_8d481c,40.77223969,-111.88395691,A4:CF:12,1,wpa2,2022-09-04T06:00:00.000Z,2025-12-08T08:00:00.000Z,Salt Lake City,UT,US,A Street,84103
A4:CF:12:8D:48:71,CFX3_8d4870,39.58211136,-107.39556122,A4:CF:12,1,wpa2,2022-07-24T13:00:00.000Z,2025-10-14T17:00:00.000Z,,CO,US,,
A4:CF:12:8D:4B:69,Lyle's CFX3,33.56399536,-117.17731476,A4:CF:12,1,wpa2,2025-04-26T16:00:00.000Z,2025-04-26T23:00:00.000Z,Murrieta,CA,US,Pearl Drive,92563
A4:CF:12:8D:4B:ED,Kühlbox CFX3 M,51.04404068,13.79366684,A4:CF:12,1,wpa2,2026-05-27T16:00:00.000Z,2026-05-28T08:00:00.000Z,Dresden,Sachsen,DE,Wormser Straße,01309
A4:CF:12:8D:4F:99,YS_82850055,54.96185303,-1.60385942,A4:CF:12,1,none,2026-02-02T15:00:00.000Z,2026-08-25T05:00:00.000Z,Gateshead,England,GB,Walker Terrace,NE8 1EB
A4:CF:12:8D:51:15,Aquascape Pump-AEDB2,39.96892548,-105.09755707,A4:CF:12,1,none,2026-04-22T13:00:00.000Z,2026-04-22T07:00:00.000Z,,CO,US,Elk Trail,80026-2872
A4:CF:12:8D:53:65,Aquascape Pump-EFA6F,33.13196564,-97.08026886,A4:CF:12,1,unknown,2025-08-02T22:00:00.000Z,2025-08-02T17:00:00.000Z,,TX,US,Swisher Road,75065
A4:CF:12:8D:53:B5,Aquascape Pump-278BD,39.52030945,-77.743927,A4:CF:12,1,unknown,2021-04-14T13:00:00.000Z,2026-05-07T18:00:00.000Z,,MD,US,Sharpsburg Pike,21733
A4:CF:12:8D:54:A1,Aquascape Pump-FB656,51.56102753,-1.9153049,A4:CF:12,1,unknown,2024-12-03T08:00:00.000Z,2024-12-03T05:00:00.000Z,,England,GB,Flaxlands,SN4 8DZ
A4:CF:12:8D:55:9D,Aquascape Pump-48361,36.16562271,-86.46837616,A4:CF:12,1,unknown,2023-03-31T14:00:00.000Z,2026-06-19T19:00:00.000Z,,TN,US,South Rutland Road,37122
A4:CF:12:8D:55:CD,Aquascape Pump-BA797,40.34116745,-79.97106171,A4:CF:12,1,unknown,2024-09-22T18:00:00.000Z,2024-09-22T17:00:00.000Z,,PA,US,Sophia Avenue,15236
A4:CF:12:8D:80:D5,D5 Device #ME6DFE5C,41.38365173,-82.64227295,A4:CF:12,1,unknown,2026-02-14T22:00:00.000Z,2026-02-17T14:00:00.000Z,,OH,US,Kalahari Dr,
A4:CF:12:8D:91:0D,Aquascape Pump-E7E48,51.80279541,-1.21263993,A4:CF:12,1,unknown,2024-11-15T09:00:00.000Z,2026-07-04T10:00:00.000Z,Cherwell,England,GB,B4027,OX3 9RT
A4:CF:12:8D:91:89,Aquascape Pump-46595,37.37160873,-122.07804871,A4:CF:12,1,unknown,2025-01-18T20:00:00.000Z,2025-01-18T16:00:00.000Z,Mountain View,CA,US,Grant Road,94040
A4:CF:12:8D:93:19,CFX3,49.20148849,8.59346485,A4:CF:12,1,wpa2,2022-05-09T16:00:00.000Z,2025-12-08T05:00:00.000Z,,Baden-Württemberg,DE,A 5,76669
A4:CF:12:8D:94:5D,CFX3_8d945c,35.11808395,-103.88872528,A4:CF:12,1,wpa2,2023-08-04T09:00:00.000Z,2026-05-12T20:00:00.000Z,,NM,US,I 40,
A4:CF:12:8D:94:C5,CFX3 Nicho,20.72759819,-156.44459534,A4:CF:12,6,wpa2,2023-06-11T06:00:00.000Z,2026-06-22T22:00:00.000Z,,HI,US,Kanani Road,96753-7801
A4:CF:12:8D:94:F9,CFX3_8d94f8,52.40974045,16.86263657,A4:CF:12,1,wpa2,2024-10-10T12:00:00.000Z,2024-10-12T07:00:00.000Z,,województwo wielkopolskie,PL,Konstancji Łubieńskiej,60-198
A4:CF:12:8D:95:15,CFX3_8d9514,24.5652256,-81.7350235,A4:CF:12,1,wpa2,2026-07-20T15:00:00.000Z,2026-07-21T06:00:00.000Z,,FL,US,Shrimp Road,33040
A4:CF:12:8D:95:3D,CFX3_Jay&Jen,20.88881111,-156.49435425,A4:CF:12,1,wpa2,2024-01-18T05:00:00.000Z,2026-08-14T10:00:00.000Z,,HI,US,Kaahumanu Avenue,96793
A4:CF:12:8D:95:59,Aquascape Pump-65442,39.94632339,-76.72370911,A4:CF:12,1,unknown,2020-11-22T17:00:00.000Z,2026-07-28T09:00:00.000Z,Spring Garden Township,PA,US,Country Club Road,17403
A4:CF:12:8D:95:61,CFX3_8d9560,-32.66760254,152.16061401,A4:CF:12,1,wpa2,2025-02-08T09:00:00.000Z,2025-02-08T02:00:00.000Z,,New South Wales,AU,Myall Street,2324
A4:CF:12:8D:9F:0D,Marks Cooler ,53.67763138,-2.95002961,A4:CF:12,1,wpa2,2025-11-08T12:00:00.000Z,2025-11-08T05:00:00.000Z,,England,GB,Marine Drive,PR9 9LY
A4:CF:12:8D:B7:E1,Aquascape Pump-BCA36,44.82489777,-93.58732605,A4:CF:12,1,unknown,2023-07-17T17:00:00.000Z,2024-10-11T19:00:00.000Z,,MN,US,Manuela Drive,55318-1004
A4:CF:12:8D:B7:F5,Aquascape Pump-4802B,39.95120621,-104.86496735,A4:CF:12,1,none,2025-05-19T13:00:00.000Z,2026-09-01T11:00:00.000Z,,CO,US,E470,80602
A4:CF:12:8D:B9:09,Aquascape Pump-B2497,41.77186584,-88.05483246,A4:CF:12,1,none,2026-06-02T17:00:00.000Z,2026-06-02T12:00:00.000Z,,IL,US,63rd Street,60517
A4:CF:12:8D:B9:2D,Aquascape Pump-E70E7,44.89447403,-76.02170563,A4:CF:12,1,unknown,2025-08-02T17:00:00.000Z,2025-08-02T13:00:00.000Z,,Ontario,CA,Abel Street,K7A 4L8
A4:CF:12:8D:B9:81,Aquascape Pump-BF941,38.9277153,-104.77223969,A4:CF:12,1,unknown,2024-06-19T16:00:00.000Z,2024-09-09T16:00:00.000Z,Colorado Springs,CO,US,Maverick Drive,80918
A4:CF:12:8D:BD:7D,Aquascape Pump-FE714,37.27435684,-107.88005829,A4:CF:12,1,none,2025-05-19T15:00:00.000Z,2025-06-02T21:00:00.000Z,Durango,CO,US,East 10th Street,81302
A4:CF:12:8D:BE:89,Aquascape Pump-A0645,35.66242218,-82.73348236,A4:CF:12,1,unknown,2025-05-02T16:00:00.000Z,2025-05-03T09:00:00.000Z,,NC,US,New Leicester Highway,28806
A4:CF:12:8D:C0:49,Aquascape Pump-D35FF,41.23692322,-112.0761795,A4:CF:12,1,unknown,2025-03-21T16:00:00.000Z,2025-03-21T13:00:00.000Z,,UT,US,West 1700 South,
A4:CF:12:8D:C0:8D,Aquascape Pump-EFD30,41.69614029,-87.77654266,A4:CF:12,1,none,2024-10-19T23:00:00.000Z,2024-10-19T20:00:00.000Z,,IL,US,Princess Avenue,60415
A4:CF:12:8D:D0:9D,Aquascape Pump-0CA42,44.80683136,-93.31179047,A4:CF:12,1,unknown,2025-10-24T17:00:00.000Z,2025-10-24T12:00:00.000Z,,MN,US,Russell Avenue South,55431
A4:CF:12:8D:D2:51,CFX3_8dd250,53.32797241,-2.63977075,A4:CF:12,1,wpa2,2026-06-23T07:00:00.000Z,2026-06-23T01:00:00.000Z,,England,GB,M56,WA4 4BA
A4:CF:12:8D:D3:D1,Aquascape Pump-FE8A8,38.33072281,-77.46455383,A4:CF:12,1,unknown,2025-07-29T13:00:00.000Z,2026-02-14T01:00:00.000Z,,VA,US,Coe Lane,22405
A4:CF:12:8D:D3:ED,Aquascape Pump-F30CE,34.53712082,-112.2495575,A4:CF:12,1,unknown,2026-01-10T02:00:00.000Z,2026-01-11T06:00:00.000Z,Dewey-Humboldt,AZ,US,East Montezuma Way,
A4:CF:12:8D:D4:F9,Aquascape Pump-2FE25,37.76980972,-121.92667389,A4:CF:12,1,unknown,2025-05-04T12:00:00.000Z,2025-05-04T14:00:00.000Z,,CA,US,Dougherty Road,94582-5009
A4:CF:12:8D:D5:25,Aquascape Pump-F57AD,44.93535995,-93.14658356,A4:CF:12,1,none,2025-08-13T02:00:00.000Z,2025-09-24T17:00:00.000Z,Saint Paul,MN,US,Lexington Parkway South,55105
A4:CF:12:8D:D6:01,Aquascape Pump-6342E,36.83758545,-121.40965271,A4:CF:12,1,unknown,2025-04-15T13:00:00.000Z,2025-04-15T14:00:00.000Z,,CA,US,River Parkway Road,95023-5433
A4:CF:12:8D:D6:51,Aquascape Pump-910D8,44.47904205,-77.31452942,A4:CF:12,1,unknown,2023-10-30T16:00:00.000Z,2025-07-22T15:00:00.000Z,,Ontario,CA,Victoria Street North,K0K 3J0
A4:CF:12:8D:D6:9D,Aquascape Pump-9A3E5,44.05015945,-121.34500122,A4:CF:12,1,none,2025-06-21T16:00:00.000Z,2025-06-21T18:00:00.000Z,Bend,OR,US,Mount Washington Drive,97702-1025
A4:CF:12:8D:D6:C1,Aquascape Pump-C4118,33.5129509,-117.63873291,A4:CF:12,1,unknown,2024-12-22T09:00:00.000Z,2024-12-22T03:00:00.000Z,,CA,US,Ortega Highway,92679
A4:CF:12:8D:D6:C5,Aquascape Pump-5FCE1,48.44627762,-123.50821686,A4:CF:12,1,unknown,2021-08-03T13:00:00.000Z,2025-08-10T19:00:00.000Z,Langford,British Columbia,CA,Jacklin Road,V9B 2X9
A4:CF:12:8D:D7:01,Aquascape Pump-DD97F,34.85569763,-111.76408386,A4:CF:12,1,unknown,2021-01-24T13:00:00.000Z,2025-03-08T22:00:00.000Z,Sedona,AZ,US,,86336
A4:CF:12:8D:D7:0D,Aquascape Pump-71F74,40.53601074,-124.05844116,A4:CF:12,1,unknown,2026-05-30T18:00:00.000Z,2026-05-30T20:00:00.000Z,,CA,US,CA 36,
A4:CF:12:8D:E0:6D,D5 Device #WHHRF787,41.38359833,-82.64194489,A4:CF:12,1,unknown,2026-08-30T17:00:00.000Z,2026-08-30T19:00:00.000Z,,OH,US,Kalahari Dr,
A4:CF:12:8D:E2:44,,36.06728745,-79.50145721,A4:CF:12,1,wpa2,2026-06-05T17:00:00.000Z,2026-07-14T13:00:00.000Z,Burlington,NC,US,I 40;I 85,27215-5151
A4:CF:12:8D:E2:71,D5 Device #9BOCCVD3,43.56843567,-89.76567841,A4:CF:12,1,wpa2,2026-07-18T11:00:00.000Z,2026-07-18T05:00:00.000Z,,WI,US,I 90;I 94,53940
A4:CF:12:8D:E4:5D,Mysa-8de45c,49.26155472,-123.12680054,A4:CF:12,1,unknown,2024-03-08T15:00:00.000Z,2024-11-05T20:00:00.000Z,Vancouver,British Columbia,CA,West 11th Avenue,V6H
A4:CF:12:8D:E5:A1,Mysa-8de5a0,49.25587082,-123.01398468,A4:CF:12,1,unknown,2025-10-19T22:00:00.000Z,2025-10-19T17:00:00.000Z,Burnaby,British Columbia,CA,Gilmore Avenue,V5G 0C3
A4:CF:12:8D:E6:11,T009_8DE610,51.10456085,8.07470226,A4:CF:12,1,unknown,2025-10-01T10:00:00.000Z,2025-10-01T03:00:00.000Z,,Nordrhein-Westfalen,DE,Pfarrgasse,57368
A4:CF:12:8D:ED:C4,,36.06750488,-79.49895477,A4:CF:12,1,wpa2,2026-06-02T13:00:00.000Z,2026-06-02T07:00:00.000Z,Burlington,NC,US,I 40;I 85,27215-5151
A4:CF:12:8D:FC:89,Mysa-8dfc88,41.0712204,-81.48917389,A4:CF:12,6,unknown,2024-12-18T12:00:00.000Z,2026-09-01T04:00:00.000Z,Akron,OH,US,East Market Street,44316
A4:CF:12:8D:FE:8D,Mysa-8dfe8c,49.26969528,-123.07488251,A4:CF:12,6,unknown,2025-08-11T21:00:00.000Z,2025-08-13T17:00:00.000Z,Vancouver,British Columbia,CA,East 1st Avenue,V5L
A4:CF:12:8E:0A:B5,Aquascape Pump-1C23B,38.32154846,-85.61229706,A4:CF:12,1,none,2026-06-11T13:00:00.000Z,2026-06-11T09:00:00.000Z,Prospect,KY,US,Wolf Pen Branch Road,40059
A4:CF:12:8E:25:FD,Aquascape Smart Plug-5090B,35.76735687,-84.03004456,A4:CF:12,1,none,2026-06-19T18:00:00.000Z,2026-06-19T11:00:00.000Z,,TN,US,Old Glory Road,37801
A4:CF:12:8E:26:5D,Aquascape Pump-67155,53.48944855,-113.48614502,A4:CF:12,1,none,2022-11-17T09:00:00.000Z,2024-09-05T14:00:00.000Z,Edmonton,Alberta,CA,99 Street NW,T6E 3P2
A4:CF:12:8E:35:5D,T009_8E355C,54.29381943,10.87952709,A4:CF:12,4,unknown,2026-05-18T20:00:00.000Z,2026-05-18T14:00:00.000Z,,Schleswig-Holstein,DE,Weidenkamp,23758
A4:CF:12:8E:9E:F0,,36.4332962,-77.62944031,A4:CF:12,1,unknown,2026-03-14T02:00:00.000Z,2026-03-15T08:00:00.000Z,,NC,US,I 95,27890
A4:CF:12:8E:B4:61,Aquascape Pump-8A470,40.41889572,-74.39638519,A4:CF:12,1,none,2024-10-17T21:00:00.000Z,2024-10-21T15:00:00.000Z,,NJ,US,Rues Lane,08816
A4:CF:12:8E:CB:89,Mysa-8ecb88,45.57252502,-73.54902649,A4:CF:12,1,unknown,2020-07-10T13:00:00.000Z,2025-03-20T08:00:00.000Z,Montréal,Québec,CA,Rue Sherbrooke Est,H1N 1A1
A4:CF:12:8E:D2:F0,,40.05484772,-85.54621124,A4:CF:12,5,unknown,2024-04-06T05:00:00.000Z,2024-09-16T12:00:00.000Z,,IN,US,North 13th Street,47356
A4:CF:12:8F:14:9D,Aquascape Pump-833B5,47.58079529,-122.67922974,A4:CF:12,1,unknown,2025-03-29T20:00:00.000Z,2026-01-26T18:00:00.000Z,Bremerton,WA,US,Madrona Point Drive,98312
A4:CF:12:8F:18:25,Mysa-8f1824,49.2594986,-123.06373596,A4:CF:12,1,unknown,2025-05-24T20:00:00.000Z,2025-05-24T13:00:00.000Z,Vancouver,British Columbia,CA,East 12th Avenue,V5N
A4:CF:12:8F:20:69,Mysa-8f2068,43.04198837,-71.06373596,A4:CF:12,6,unknown,2025-10-26T17:00:00.000Z,2025-11-12T15:00:00.000Z,,NH,US,Calef Highway,03042
A4:CF:12:8F:36:75,Aquascape Pump-A8937,32.97710037,-105.94616699,A4:CF:12,1,unknown,2025-06-17T23:00:00.000Z,2025-07-09T23:00:00.000Z,,NM,US,Alamo Street,88337
A4:CF:12:8F:39:E1,Aquascape Pump-881B3,40.0351944,-83.02497864,A4:CF:12,1,unknown,2024-10-26T14:00:00.000Z,2024-10-26T09:00:00.000Z,Columbus,OH,US,Olentangy Boulevard,43214
A4:CF:12:8F:3E:69,Aquascape Pump-AD893,30.06138992,-95.18763733,A4:CF:12,1,unknown,2026-07-22T14:00:00.000Z,2026-07-22T09:00:00.000Z,Houston,TX,US,West Lake Houston Parkway,77339
A4:CF:12:8F:43:95,T009_8F4394,53.02098083,8.64985085,A4:CF:12,1,unknown,2024-10-12T15:00:00.000Z,2024-10-12T11:00:00.000Z,,Niedersachsen,DE,Alfred-Brehm-Straße,27755
A4:CF:12:8F:44:99,Aquascape Pump-94641,53.77279282,-2.04840088,A4:CF:12,1,unknown,2023-06-04T13:00:00.000Z,2026-01-10T14:00:00.000Z,Calderdale,England,GB,,HX7 7AZ
A4:CF:12:8F:46:F1,T009_8F46F0,43.70215607,3.90012312,A4:CF:12,6,unknown,2024-06-19T07:00:00.000Z,2026-05-02T07:00:00.000Z,,Occitanie,FR,Grand'Rue,34820
A4:CF:12:8F:47:E5,Aquascape Pump-C7AC6,41.83546829,-88.21131897,A4:CF:12,1,unknown,2023-06-20T18:00:00.000Z,2025-10-28T16:00:00.000Z,Warrenville,IL,US,Batavia Road,60555
A4:CF:12:8F:48:49,T009_8F4848,48.01211548,-1.28551626,A4:CF:12,1,none,2026-02-24T14:00:00.000Z,2026-05-13T13:00:00.000Z,,Bretagne,FR,Rue du Chemin Vert,35680
A4:CF:12:8F:74:E1,Mysa-8f74e0,47.55676651,-52.73342514,A4:CF:12,1,none,2026-03-21T17:00:00.000Z,2026-03-21T20:00:00.000Z,St. John's,Newfoundland and Labrador,CA,Cashin Avenue,A1E 1T9
A4:CF:12:8F:92:D1,Mysa-8f92d0,44.66841888,-75.37533569,A4:CF:12,6,unknown,2025-12-26T00:00:00.000Z,2025-12-29T18:00:00.000Z,,NY,US,State Highway 68,13669
A4:CF:12:8F:95:51,Mysa-8f9550,49.2772789,-122.85597229,A4:CF:12,1,unknown,2025-03-06T01:00:00.000Z,2025-05-20T16:00:00.000Z,Port Moody,British Columbia,CA,Spring Street,V3H 2B2
A4:CF:12:8F:A7:98,,36.06741714,-79.50099182,A4:CF:12,1,wpa2,2026-06-02T13:00:00.000Z,2026-06-02T07:00:00.000Z,Burlington,NC,US,I 40;I 85,27215-5151
A4:CF:12:8F:AB:1D,Aquascape Pump-C21A0,47.03813934,-122.27814484,A4:CF:12,1,unknown,2025-10-13T01:00:00.000Z,2025-10-12T19:00:00.000Z,,WA,US,240th Street East,09339
A4:CF:12:8F:AB:99,Aquascape Pump-63A7D,52.05748749,-0.42445266,A4:CF:12,1,unknown,2026-09-02T08:00:00.000Z,2026-09-02T09:00:00.000Z,,England,GB,Church End Road,MK45 3QP
A4:CF:12:8F:AD:3D,Aquascape Smart Plug-9A18E,40.79742432,-73.342453,A4:CF:12,1,none,2025-10-18T23:00:00.000Z,2025-10-19T18:00:00.000Z,,NY,US,Long Island Expressway,11729
A4:CF:12:8F:D5:B5,Mysa-8fd5b4,49.25920868,-123.06964874,A4:CF:12,1,unknown,2025-09-28T20:00:00.000Z,2025-09-28T14:00:00.000Z,Vancouver,British Columbia,CA,Commercial Drive,V5N 4C6
A4:CF:12:8F:D7:2D,Mysa-8fd72c,46.70733261,-92.12054443,A4:CF:12,1,unknown,2025-09-16T17:00:00.000Z,2025-09-17T00:00:00.000Z,,WI,US,Maryland Avenue,54880
A4:CF:12:90:CF:F1,Mysa-90cff0,49.26330566,-123.07228088,A4:CF:12,1,unknown,2025-09-09T06:00:00.000Z,2026-06-05T02:00:00.000Z,Vancouver,British Columbia,CA,East 8th Avenue,V5N
A4:CF:12:90:E0:A9,CFMTDU_71HF0180,48.25851822,16.39827347,A4:CF:12,10,wpa2,2001-10-11T14:00:00.000Z,2026-01-07T00:00:00.000Z,Wien,Floridsdorf,AT,Brünner Straße,1210
A4:CF:12:90:E0:B5,CF_RNDC712,62.24563217,25.74887276,A4:CF:12,10,wpa2,2021-08-03T08:00:00.000Z,2025-05-27T07:00:00.000Z,Jyväskylä,Manner-Suomi,FI,Yliopistonkatu,40100
A4:CF:12:90:E9:34,,47.23523712,-122.54037476,A4:CF:12,11,wpa2,2026-08-04T00:00:00.000Z,2026-08-04T21:00:00.000Z,University Place,WA,US,27th Street West,98466
A4:CF:12:90:EE:D8,,47.23516464,-122.54037476,A4:CF:12,11,wpa2,2026-08-04T00:00:00.000Z,2026-08-04T21:00:00.000Z,University Place,WA,US,27th Street West,98466
A4:CF:12:90:F7:75,Sentry_F775,26.38262558,-80.10955048,A4:CF:12,3,unknown,2025-04-13T13:00:00.000Z,2025-04-14T17:00:00.000Z,Boca Raton,FL,US,I 95,33431-4403
A4:CF:12:90:FB:55,Mysa-90fb54,48.45100784,-123.36269379,A4:CF:12,6,unknown,2026-01-04T18:00:00.000Z,2026-01-04T12:00:00.000Z,,British Columbia,CA,Glasgow Avenue,V8X 1G4
A4:CF:12:90:FF:C9,MyStove_A4:CF:12:90:FF:C8,51.24343872,4.00799561,A4:CF:12,5,unknown,2021-05-14T18:00:00.000Z,2026-06-27T07:00:00.000Z,,Zeeland,NL,Julianastraat,4566AJ
A4:CF:12:91:04:1D,T009_91041C,51.13396454,5.6136632,A4:CF:12,6,none,2025-03-03T15:00:00.000Z,2025-03-03T09:00:00.000Z,,Limburg,BE,Opitterkiezel,3960
A4:CF:12:91:04:C1,T009_9104C0,50.41759491,4.8873744,A4:CF:12,1,unknown,2025-07-03T16:00:00.000Z,2025-07-03T13:00:00.000Z,,Namur,BE,Rue de Longeau,5100
A4:CF:12:91:08:01,CFMTDU_71TU1125,47.0737915,21.91390038,A4:CF:12,7,wpa2,2020-08-06T21:00:00.000Z,2025-01-20T06:00:00.000Z,Oradea,Bihor,RO,Bulevardul Dacia,410365
A4:CF:12:91:08:35,CFMTDU_71CP0139,44.43965912,26.18157387,A4:CF:12,6,wpa2,2024-03-19T12:00:00.000Z,2025-10-22T05:00:00.000Z,Municipiul București,Pantelimon,RO,Șoseaua Vergului,022442
A4:CF:12:91:08:CD,CFMTDU_71HA0416,37.09861755,-7.99693632,A4:CF:12,7,wpa2,2024-10-16T15:00:00.000Z,2024-10-16T12:00:00.000Z,Almancil,Faro,PT,Avenida Algarve,8125-182 ALMANCIL
A4:CF:12:91:19:25,CFMTDU_71T80239,40.93716049,24.41442871,A4:CF:12,2,wpa2,2026-03-14T11:00:00.000Z,2026-05-20T09:00:00.000Z,Καβάλα,Αποκεντρωμένη Διοίκηση Μακεδονίας - Θράκης,GR,Γαλλικής Δημοκρατίας,65302
A4:CF:12:91:19:39,CFMTDU_71HF0176,48.53792572,2.6611793,A4:CF:12,11,wpa2,2026-03-17T12:00:00.000Z,2026-08-31T08:00:00.000Z,Melun,Île-de-France,FR,Boulevard Gambetta,77000
A4:CF:12:91:19:41,CFMTDU_71HB0266,46.62674713,14.30006695,A4:CF:12,1,wpa2,2022-04-21T12:00:00.000Z,2025-07-23T06:00:00.000Z,Klagenfurt,Kärnten,AT,Sterneckstraße,9020
A4:CF:12:91:21:59,CFMTDU_71TQ0129,52.52855682,13.41103172,A4:CF:12,5,wpa2,2021-06-30T15:00:00.000Z,2025-04-02T12:00:00.000Z,Berlin,Mitte,DE,Torstraße,10119
A4:CF:12:91:27:7D,Mysa-91277c,49.26690674,-123.07434845,A4:CF:12,11,unknown,2025-05-14T00:00:00.000Z,2025-05-13T18:00:00.000Z,Vancouver,British Columbia,CA,East 4th Avenue,V5N
A4:CF:12:91:2E:31,CFMTDU_71MA0050,35.32962799,33.37086487,A4:CF:12,1,wpa2,2025-02-13T14:00:00.000Z,2025-02-13T08:00:00.000Z,Ozanköy,Girne,CY,Uğur Mumcu Bulvarı,9512
A4:CF:12:91:2E:75,CFMTDU_71TU0830,54.40916061,18.56666756,A4:CF:12,6,wpa2,2026-02-14T13:00:00.000Z,2026-02-14T07:00:00.000Z,Gdańsk,województwo pomorskie,PL,Obrońców Westerplatte,80-317
A4:CF:12:91:2E:85,CFMTDU_71T60158,48.1507225,17.87240028,A4:CF:12,11,wpa2,2026-03-25T07:00:00.000Z,2026-03-25T01:00:00.000Z,,Nitriansky kraj,SK,,927 01
A4:CF:12:91:2F:11,CFMTDU_71T60156,53.04525757,8.6327343,A4:CF:12,8,wpa2,2020-11-04T12:00:00.000Z,2025-12-12T21:00:00.000Z,,Niedersachsen,DE,Arthur-Fitger-Straße,27749
A4:CF:12:91:2F:61,CFMTDU_71HL0097,38.75576401,-9.19299412,A4:CF:12,2,wpa2,2023-12-21T13:00:00.000Z,2025-04-08T04:00:00.000Z,Lisboa,Lisboa,PT,Avenida Lusíada,1500-650
A4:CF:12:91:2F:69,CFMTDU_71TU0920,50.04514313,19.95432472,A4:CF:12,4,wpa2,2022-06-23T17:00:00.000Z,2025-05-09T02:00:00.000Z,,województwo małopolskie,PL,Bolesława Limanowskiego,30-551
A4:CF:12:91:2F:79,CFMTDU_71HF0177,48.53794861,2.66124296,A4:CF:12,3,wpa2,2024-10-03T17:00:00.000Z,2026-08-25T22:00:00.000Z,Melun,Île-de-France,FR,Boulevard Gambetta,77000
A4:CF:12:91:2F:B5,CFMTDU_71HF0179,48.25836945,16.39817619,A4:CF:12,2,wpa2,2001-10-11T14:00:00.000Z,2026-01-07T00:00:00.000Z,Wien,Floridsdorf,AT,Brünner Straße,1210
A4:CF:12:91:30:5D,CFMTDU_71TP0354,45.80425644,15.94301128,A4:CF:12,2,wpa2,2021-05-31T15:00:00.000Z,2026-04-02T03:00:00.000Z,Zagreb,MO Ciglenica,HR,Selska cesta,10000
A4:CF:12:91:30:B9,CFMTDU_71HB0267,46.62675476,14.30037594,A4:CF:12,6,wpa2,2025-07-23T11:00:00.000Z,2025-07-23T06:00:00.000Z,Klagenfurt,Kärnten,AT,Sterneckstraße,9020
A4:CF:12:91:30:D5,CFMTDU_71TR0072,53.001091,-1.13102937,A4:CF:12,1,wpa2,2025-01-07T08:00:00.000Z,2025-01-07T08:00:00.000Z,City of Nottingham,England,GB,Nottingham Road,NG5 6LA
A4:CF:12:91:30:F9,CFMTDU_71CN0457,44.8429985,-0.64611048,A4:CF:12,11,wpa2,2025-07-10T12:00:00.000Z,2025-07-20T01:00:00.000Z,,Nouvelle-Aquitaine,FR,Avenue de la Libération,33700
A4:CF:12:91:31:6D,CFMTDU_71TU0874,45.47127151,9.16268444,A4:CF:12,2,wpa2,2022-09-07T13:00:00.000Z,2026-06-15T23:00:00.000Z,Milano,Lombardia,IT,Via Giorgio Pallavicino,20145
A4:CF:12:91:31:85,CFMTDU_71T60180,40.42501068,-3.71597528,A4:CF:12,2,wpa2,2025-10-22T12:00:00.000Z,2026-01-04T16:00:00.000Z,Madrid,Comunidad de Madrid,ES,Calle de Ferraz,28008
A4:CF:12:91:31:89,CFMTDU_71TP0585,37.13591385,-8.0317421,A4:CF:12,9,wpa2,2023-01-12T16:00:00.000Z,2026-07-14T07:00:00.000Z,Loulé (São Sebastião),Faro,PT,Avenida Andrade de Souza,8100-667
A4:CF:12:91:31:8D,CFMTDU_71TU1000,36.72098541,-4.41066217,A4:CF:12,8,wpa2,2022-08-31T20:00:00.000Z,2024-11-04T05:00:00.000Z,,Andalucía,ES,Paseo de Reding,29330
A4:CF:12:91:31:99,CFMTDU_71HB0495,48.16075897,11.58026981,A4:CF:12,3,wpa2,2022-07-12T14:00:00.000Z,2025-07-04T13:00:00.000Z,München,Bayern,DE,Friedrichstraße,80801
A4:CF:12:91:31:A9,CFMTDU_71TU0898,50.08392334,14.46797657,A4:CF:12,8,wpa2,2020-05-19T17:00:00.000Z,2026-07-31T21:00:00.000Z,Hlavní město Praha,Praha,CZ,Olšanská,13000
A4:CF:12:91:32:39,CFMTDU_71T80216,36.8578949,28.2708149,A4:CF:12,5,wpa2,2025-12-12T08:00:00.000Z,2025-12-13T09:00:00.000Z,,Ege Bölgesi,TR,Ulusal Egemenlik Caddesi,0534
A4:CF:12:91:32:91,CFMTDU_71TQ0121,47.05545425,8.31014919,A4:CF:12,6,wpa2,2020-09-30T10:00:00.000Z,2024-10-17T08:00:00.000Z,Luzern,Luzern,CH,Hertensteinstrasse,6002
A4:CF:12:91:32:F5,CFMTDU_71HI0118,48.13335037,11.57631779,A4:CF:12,8,wpa2,2023-02-24T08:00:00.000Z,2025-05-19T04:00:00.000Z,München,Bayern,DE,Reichenbachstraße,80469
A4:CF:12:91:33:C1,CFMTDU_71TP0359,43.25538254,-2.91217089,A4:CF:12,8,wpa2,2024-11-11T11:00:00.000Z,2026-03-19T23:00:00.000Z,Bilbao,Euskadi,ES,Plaza Haro,48004
A4:CF:12:91:4B:51,Mysa-914b50,49.272995,-123.06955719,A4:CF:12,11,unknown,2024-11-01T03:00:00.000Z,2026-06-19T23:00:00.000Z,Vancouver,British Columbia,CA,Commercial Drive,V5L
A4:CF:12:91:7C:29,CFMTDU_71HA0375,48.24437332,16.34936905,A4:CF:12,4,wpa2,2023-11-16T08:00:00.000Z,2026-08-29T12:00:00.000Z,Wien,Unterdöbling,AT,Silbergasse,1190
A4:CF:12:91:94:69,CFX3_919468,-23.69302368,133.87541199,A4:CF:12,1,wpa2,2026-03-02T06:00:00.000Z,2026-03-01T23:00:00.000Z,Alice Springs,Town of Alice Springs,AU,Smith Street,0871
A4:CF:12:91:CB:A5,SC_191019102118A4CF1291CBA4,1.30372608,103.83320618,A4:CF:12,1,wpa2,2025-08-18T08:00:00.000Z,2025-08-18T02:00:00.000Z,Singapore,Central,SG,Orchard Road,238877
A4:CF:12:92:0B:7D,SC_191016155950A4CF12920B7C,1.37838733,103.76266479,A4:CF:12,1,wpa2,2025-04-18T12:00:00.000Z,2025-05-16T03:00:00.000Z,Singapore,Northwest,SG,Petir Road,678278
A4:CF:12:92:1D:25,SC_191017132712A4CF12921D24,1.30373895,103.83180237,A4:CF:12,11,wpa2,2001-01-01T00:00:00.000Z,2025-09-06T05:00:00.000Z,Singapore,Central,SG,Orchard Turn,238801
A4:CF:12:92:1D:35,SC_191016162803A4CF12921D34,1.3783617,103.76265717,A4:CF:12,1,wpa2,2025-04-18T12:00:00.000Z,2025-08-05T02:00:00.000Z,Singapore,Northwest,SG,Petir Road,678278
A4:CF:12:92:1D:69,SC_191017091503A4CF12921D68,1.28414512,103.85933685,A4:CF:12,1,wpa2,2001-01-01T00:00:00.000Z,2026-07-16T09:00:00.000Z,Singapore,Central,SG,Event Plaza,018956
A4:CF:12:92:2C:25,CFX3_922c24,38.82155228,-78.56041718,A4:CF:12,1,wpa2,2026-08-08T14:00:00.000Z,2026-08-08T09:00:00.000Z,,VA,US,North Main Street,22664
A4:CF:12:92:31:BD,SC_191026142117A4CF129231BC,1.3599472,103.98925781,A4:CF:12,1,wpa2,2022-09-16T16:00:00.000Z,2025-10-27T01:00:00.000Z,,Southeast,SG,T1 Departure Crescent,207663
A4:CF:12:92:3B:C5,SC_191020143250A4CF12923BC4,12.97646332,77.59759521,A4:CF:12,4,wpa2,2025-02-28T11:00:00.000Z,2025-02-28T18:00:00.000Z,Bengaluru,Karnataka,IN,Kasturba Road,560 001
A4:CF:12:92:3C:25,SC_191020162804A4CF12923C24,1.36034012,103.9899826,A4:CF:12,3,wpa2,2023-04-09T20:00:00.000Z,2025-03-14T01:00:00.000Z,Singapore,Southeast,SG,Airport Boulevard,819666
A4:CF:12:92:3C:29,SC_191020140652A4CF12923C28,12.93634033,77.60695648,A4:CF:12,1,wpa2,2026-02-07T07:00:00.000Z,2026-02-07T05:00:00.000Z,Bengaluru,Karnataka,IN,Dr. M H Marigowda Road,560030
A4:CF:12:92:56:F1,GO3KIDS,47.67931747,-122.17642212,A4:CF:12,1,wpa2,2025-10-06T19:00:00.000Z,2025-10-06T13:00:00.000Z,,WA,US,Northeast 85th Street,98033
A4:CF:12:92:67:31,SC_190917184112A4CF12926730,1.30399823,103.8317337,A4:CF:12,11,wpa2,2025-08-18T08:00:00.000Z,2025-08-18T02:00:00.000Z,Singapore,Central,SG,Orchard Turn,238801
A4:CF:12:92:67:49,SC_190917192131A4CF12926748,1.27045298,103.86221313,A4:CF:12,1,wpa2,2023-04-09T15:00:00.000Z,2026-07-29T02:00:00.000Z,Singapore,Central,SG,Marina Coastal Drive,018988
A4:CF:12:92:67:C9,SC_190912160401A4CF129267C8,1.30334187,103.83190155,A4:CF:12,1,wpa2,2025-08-17T09:00:00.000Z,2026-09-03T00:00:00.000Z,Singapore,Central,SG,Orchard Turn,238878
A4:CF:12:92:69:09,SC_190917201224A4CF12926908,1.2705667,103.86303711,A4:CF:12,1,wpa2,2025-12-19T03:00:00.000Z,2026-06-18T08:00:00.000Z,Singapore,Central,SG,Marina Coastal Drive,018988
A4:CF:12:92:69:91,SC_190916204913A4CF12926990,1.28654349,103.82697296,A4:CF:12,1,wpa2,2023-05-27T13:00:00.000Z,2025-11-26T03:00:00.000Z,Singapore,Central,SG,Tiong Bahru Road,164019
A4:CF:12:92:6A:3D,SC_190917204632A4CF12926A3C,1.27095962,103.86234283,A4:CF:12,1,wpa2,2022-12-04T13:00:00.000Z,2026-08-01T04:00:00.000Z,Singapore,Central,SG,Marina Coastal Drive,018988
A4:CF:12:92:6A:C9,SC_190920094948A4CF12926AC8,1.27067506,103.86265564,A4:CF:12,1,wpa2,2025-12-19T03:00:00.000Z,2026-08-01T04:00:00.000Z,Singapore,Central,SG,Marina Coastal Drive,018988
A4:CF:12:92:6D:ED,SC_190920200627A4CF12926DEC,1.33854115,103.73392487,A4:CF:12,1,wpa2,2026-03-31T12:00:00.000Z,2026-03-31T06:00:00.000Z,Jurong East,Southwest,SG,Jurong Park Connector,608516
A4:CF:12:92:72:A9,SC_190911134108A4CF129272A8,28.4957428,77.09001923,A4:CF:12,3,wpa2,2025-11-16T18:00:00.000Z,2025-11-16T11:00:00.000Z,Gurugram,Haryana,IN,Service Road,122008
A4:CF:12:92:75:05,SC_190917211248A4CF12927504,1.33944452,103.7298584,A4:CF:12,1,wpa2,2026-04-30T10:00:00.000Z,2026-04-30T05:00:00.000Z,Jurong East,Southwest,SG,Jurong Park Connector,600353
A4:CF:12:92:75:19,SC_190917204329A4CF12927518,1.29955649,103.85875702,A4:CF:12,1,wpa2,2025-07-15T23:00:00.000Z,2026-08-02T18:00:00.000Z,Singapore,Central,SG,Fraser Street,189350
A4:CF:12:92:75:31,SC_190912104731A4CF12927530,1.36003387,103.98960114,A4:CF:12,1,wpa2,2022-09-16T16:00:00.000Z,2025-12-22T21:00:00.000Z,Singapore,Southeast,SG,T1 Boulevard,819666
A4:CF:12:92:75:BD,SC_190912102514A4CF129275BC,1.360677,103.99064636,A4:CF:12,4,wpa2,2023-04-09T20:00:00.000Z,2026-08-23T00:00:00.000Z,,Southeast,SG,T1 Arrival Crescent,819642
A4:CF:12:92:77:C5,SC_190922142117A4CF129277C4,1.33921766,103.7286911,A4:CF:12,1,wpa2,2026-04-30T10:00:00.000Z,2026-04-30T05:00:00.000Z,Jurong East,Southwest,SG,Wave Plaza,618662
A4:CF:12:92:77:CD,SC_190922105432A4CF129277CC,1.36225379,103.99121857,A4:CF:12,11,wpa2,2026-08-23T09:00:00.000Z,2026-08-23T03:00:00.000Z,Singapore,Southeast,SG,T1 Boulevard,819642
A4:CF:12:92:78:E9,SC_190916194756A4CF129278E8,1.28519881,103.84903717,A4:CF:12,1,wpa2,2026-03-29T11:00:00.000Z,2026-03-29T06:00:00.000Z,Singapore,Central,SG,Chulia Street,049513
A4:CF:12:92:79:4D,SC_190921112549A4CF1292794C,1.30342495,103.83304596,A4:CF:12,1,wpa2,2023-08-28T18:00:00.000Z,2025-07-08T10:00:00.000Z,Singapore,Central,SG,Orchard Turn,238877
A4:CF:12:92:79:95,SC_190923165319A4CF12927994,1.37441123,103.95025635,A4:CF:12,1,wpa2,2025-04-21T09:00:00.000Z,2025-05-13T01:00:00.000Z,,Northeast,SG,Pasir Ris Interim Interchange,519640
A4:CF:12:92:79:FD,SC_190923161733A4CF129279FC,12.93685436,77.60333252,A4:CF:12,11,wpa2,2026-02-07T04:00:00.000Z,2026-02-07T05:00:00.000Z,Bengaluru,Karnataka,IN,Dairy Circle Flyover,560 029
A4:CF:12:92:7A:41,SC_190916114635A4CF12927A40,1.28400362,103.86087036,A4:CF:12,9,wpa2,2025-05-30T05:00:00.000Z,2025-06-04T01:00:00.000Z,Singapore,Central,SG,Garden Bay Bridge,18957
A4:CF:12:92:7B:C5,SC_190920163743A4CF12927BC4,1.33857358,103.72826385,A4:CF:12,1,wpa2,2026-04-30T10:00:00.000Z,2026-04-30T05:00:00.000Z,Jurong East,Southwest,SG,Chinese Garden Road,618650
A4:CF:12:92:7B:FD,SC_190920175138A4CF12927BFC,1.28400362,103.86087036,A4:CF:12,9,wpa2,2025-05-30T05:00:00.000Z,2025-06-04T01:00:00.000Z,Singapore,Central,SG,Garden Bay Bridge,18957
A4:CF:12:92:7C:71,SC_190917092925A4CF12927C70,1.3386023,103.72821045,A4:CF:12,1,wpa2,2026-04-30T10:00:00.000Z,2026-04-30T05:00:00.000Z,Jurong East,Southwest,SG,Chinese Garden Road,618650
A4:CF:12:92:7C:C5,SC_190916194502A4CF12927CC4,1.28652775,103.82730865,A4:CF:12,1,wpa2,2023-05-27T13:00:00.000Z,2025-11-26T06:00:00.000Z,Singapore,Central,SG,Tiong Bahru Road,164019
A4:CF:12:92:7C:F1,SC_241217192745A4CF12927CF0,1.28400958,103.86083984,A4:CF:12,4,wpa2,2025-05-30T05:00:00.000Z,2025-06-04T01:00:00.000Z,Singapore,Central,SG,Garden Bay Bridge,18957
A4:CF:12:92:7C:F9,SC_190916152452A4CF12927CF8,1.28402281,103.8608551,A4:CF:12,9,wpa2,2025-05-30T05:00:00.000Z,2025-06-04T01:00:00.000Z,Singapore,Central,SG,Garden Bay Bridge,18957
A4:CF:12:92:7E:31,SC_190921100253A4CF12927E30,12.93640995,77.60641479,A4:CF:12,11,wpa2,2024-09-29T15:00:00.000Z,2024-09-30T18:00:00.000Z,Bengaluru,Karnataka,IN,Dr. M H Marigowda Road,560030
A4:CF:12:92:7F:29,SC_190916205829A4CF12927F28,1.28527105,103.84896851,A4:CF:12,1,wpa2,2023-09-29T21:00:00.000Z,2026-03-29T06:00:00.000Z,Singapore,Central,SG,Chulia Street,049513
A4:CF:12:92:7F:5D,SC_190918203208A4CF12927F5C,1.36010778,103.9896698,A4:CF:12,1,wpa2,2022-09-16T16:00:00.000Z,2026-08-02T18:00:00.000Z,,Southeast,SG,Baggage Storage,819666
A4:CF:12:92:7F:7D,SC_190918211825A4CF12927F7C,1.28653371,103.82732391,A4:CF:12,1,wpa2,2023-05-27T13:00:00.000Z,2025-11-26T06:00:00.000Z,Singapore,Central,SG,Tiong Bahru Road,164019
A4:CF:12:92:7F:85,SC_190918203741A4CF12927F84,1.36058724,103.99002838,A4:CF:12,2,wpa2,2024-04-02T01:00:00.000Z,2024-10-19T04:00:00.000Z,Singapore,Southeast,SG,T1 Boulevard,819666
A4:CF:12:92:86:B1,SC_190911181943A4CF129286B0,25.0766468,121.23210907,A4:CF:12,1,wpa2,2026-08-23T23:00:00.000Z,2026-08-24T17:00:00.000Z,桃園市,桃園市,TW,航站南路,33758
A4:CF:12:92:88:65,SC_190919091958A4CF12928864,1.372545,103.89372253,A4:CF:12,1,wpa2,2025-04-28T03:00:00.000Z,2025-04-27T20:00:00.000Z,Singapore,Northeast,SG,Hougang Avenue 10,538766
A4:CF:12:92:8F:31,SC_190919142355A4CF12928F30,1.286448,103.82710266,A4:CF:12,1,wpa2,2023-05-27T13:00:00.000Z,2025-11-26T06:00:00.000Z,Singapore,Central,SG,Tiong Bahru Road,164019
A4:CF:12:92:8F:BD,SC_190918101001A4CF12928FBC,1.27076578,103.86265564,A4:CF:12,1,wpa2,2023-04-09T15:00:00.000Z,2025-02-04T10:00:00.000Z,Singapore,Central,SG,Marina Coastal Drive,018988
A4:CF:12:92:8F:E5,SC_190917153944A4CF12928FE4,1.34384716,103.72236633,A4:CF:12,1,wpa2,2026-04-30T09:00:00.000Z,2026-04-30T05:00:00.000Z,Jurong East,Southwest,SG,Jurong Park Connector,649412
A4:CF:12:92:8F:E9,CFX3_928fe8,33.39746857,-84.59064484,A4:CF:12,1,wpa2,2021-03-01T08:00:00.000Z,2025-09-04T14:00:00.000Z,,GA,US,Floy Farr Parkway,30269
A4:CF:12:92:90:19,SC_190917165115A4CF12929018,1.36235666,103.99121857,A4:CF:12,11,wpa2,2026-08-23T08:00:00.000Z,2026-08-23T03:00:00.000Z,Singapore,Southeast,SG,T1 Boulevard,819642
A4:CF:12:92:90:1D,SC_190918092017A4CF1292901C,1.30403519,103.83145905,A4:CF:12,11,wpa2,2024-11-10T04:00:00.000Z,2024-11-10T01:00:00.000Z,Singapore,Central,SG,Orchard Turn,238801
A4:CF:12:92:90:9D,SC_191016160447A4CF1292909C,1.28284752,103.85923004,A4:CF:12,1,wpa2,2001-01-01T00:00:00.000Z,2026-04-29T10:00:00.000Z,Singapore,Central,SG,Bayfront Link,18957
A4:CF:12:92:90:A9,SC_191016143246A4CF129290A8,1.28311682,103.85919952,A4:CF:12,1,wpa2,2001-01-01T00:00:00.000Z,2026-07-16T09:00:00.000Z,Singapore,Central,SG,Bayfront Avenue,018956
A4:CF:12:92:9A:59,T009_929A58,51.83132553,5.84124327,A4:CF:12,6,unknown,2026-06-08T11:00:00.000Z,2026-06-08T05:00:00.000Z,Nijmegen,Gelderland,NL,Muntweg,6532TG
A4:CF:12:92:9A:89,T009_929A88,52.14395142,4.41398191,A4:CF:12,1,unknown,2026-03-06T14:00:00.000Z,2026-03-06T07:00:00.000Z,,Zuid-Holland,NL,Anemonenweg,2241XK
A4:CF:12:92:9A:91,T009_929A90,51.53495789,4.47087288,A4:CF:12,9,none,2026-06-11T09:00:00.000Z,2026-06-11T02:00:00.000Z,,Noord-Brabant,NL,Doctor Schaepmanlaan,4702GT
A4:CF:12:92:9B:15,CFX3_929b14,52.92985153,-3.00022554,A4:CF:12,1,wpa2,2025-02-07T11:00:00.000Z,2025-02-24T08:00:00.000Z,,England,GB,,SY11 3AY
A4:CF:12:92:9B:79,T009_929B78,50.88772964,6.05540657,A4:CF:12,6,unknown,2024-06-12T16:00:00.000Z,2025-12-26T15:00:00.000Z,,Limburg,NL,Eydemsstraat,6471HJ
A4:CF:12:92:9B:99,T009_929B98,53.15353012,6.03703547,A4:CF:12,5,unknown,2026-07-25T14:00:00.000Z,2026-07-25T08:00:00.000Z,,Fryslân,NL,Master de Jongwei,9219VN
A4:CF:12:92:AF:29,T009_92AF28,45.52872086,9.592906,A4:CF:12,6,unknown,2026-01-09T09:00:00.000Z,2026-01-09T03:00:00.000Z,,Lombardia,IT,Viale Col di Lana,24047
A4:CF:12:92:B1:E5,T009_92B1E4,44.93648529,1.60970092,A4:CF:12,1,unknown,2025-08-17T13:00:00.000Z,2025-08-17T14:00:00.000Z,,Occitanie,FR,Rue Droite,46600
A4:CF:12:92:B4:55,T009_92B454,47.56119156,7.59556818,A4:CF:12,11,unknown,2022-10-07T21:00:00.000Z,2026-02-04T07:00:00.000Z,Basel,Basel-Stadt,CH,Clarahofweg,4058
A4:CF:12:92:B5:C9,MADXPLR-dome,33.7339859,-117.82718658,A4:CF:12,1,wpa2,2025-02-27T23:00:00.000Z,2025-10-28T08:00:00.000Z,Tustin,CA,US,McFadden Avenue,92780
A4:CF:12:92:B9:7D,T009_92B97C,47.92287827,-1.34519732,A4:CF:12,1,none,2026-02-13T14:00:00.000Z,2026-02-13T13:00:00.000Z,,Bretagne,FR,,35240
A4:CF:12:92:F9:85,SC_241202131107A4CF1292F984,1.29367578,103.85379791,A4:CF:12,1,wpa2,2025-03-26T08:00:00.000Z,2025-03-26T05:00:00.000Z,Singapore,Central,SG,North Bridge Road,179103
A4:CF:12:92:FA:BD,SC_191016181631A4CF1292FABC,12.93634033,77.60695648,A4:CF:12,4,wpa2,2026-02-07T07:00:00.000Z,2026-02-07T05:00:00.000Z,Bengaluru,Karnataka,IN,Dr. M H Marigowda Road,560030
A4:CF:12:92:FB:7D,SC_191018152033A4CF1292FB7C,1.27088988,103.86297607,A4:CF:12,4,wpa2,2023-04-09T15:00:00.000Z,2026-07-29T02:00:00.000Z,Singapore,Central,SG,Marina Coastal Drive,018988
A4:CF:12:92:FC:25,SC_251013163329A4CF1292FC24,1.29370248,103.8531723,A4:CF:12,1,wpa2,2026-04-29T04:00:00.000Z,2026-04-29T05:00:00.000Z,Singapore,Central,SG,North Bridge Road,179103
A4:CF:12:93:05:65,IJP-mini9312cfa4-227,20.71865654,-103.45529175,A4:CF:12,7,wpa2,2020-08-29T17:00:00.000Z,2026-02-24T19:00:00.000Z,Zapopan,Jalisco,MX,Avenida Aviación,45019
A4:CF:12:93:05:99,IJP-mini9312cfa4-201,20.6744442,-103.40031433,A4:CF:12,5,wpa2,2026-08-11T15:00:00.000Z,2026-08-12T13:00:00.000Z,Zapopan,Jalisco,MX,Avenida Ignacio L. Vallarta,44690
A4:CF:12:93:0A:5D,Aquascape Pump-7DF0C,33.98171234,-118.42155457,A4:CF:12,1,none,2021-08-25T20:00:00.000Z,2026-06-26T19:00:00.000Z,Los Angeles,CA,US,Sanford Street,90066
A4:CF:12:93:0E:C1,Mysa-930ec0,47.61029816,-122.04428101,A4:CF:12,11,unknown,2026-03-02T01:00:00.000Z,2026-03-01T18:00:00.000Z,,WA,US,221st Avenue Northeast,98074-3718
A4:CF:12:93:11:14,,47.23519135,-122.54039764,A4:CF:12,11,wpa2,2026-08-04T00:00:00.000Z,2026-08-04T21:00:00.000Z,University Place,WA,US,27th Street West,98466
A4:CF:12:93:12:45,,47.23519897,-122.54035187,A4:CF:12,11,wpa2,2026-08-04T00:00:00.000Z,2026-08-04T21:00:00.000Z,University Place,WA,US,27th Street West,98466
A4:CF:12:93:4D:79,SC_251013154512A4CF12934D78,1.293203,103.85324097,A4:CF:12,1,wpa2,2026-04-29T08:00:00.000Z,2026-04-29T05:00:00.000Z,Singapore,Central,SG,North Bridge Road,179103
A4:CF:12:93:4D:BD,SC_191019173414A4CF12934DBC,1.3033812,103.83305359,A4:CF:12,1,wpa2,2023-09-21T10:00:00.000Z,2024-12-07T04:00:00.000Z,Singapore,Central,SG,Orchard Turn,238877
A4:CF:12:93:4D:C9,SC_191019164752A4CF12934DC8,12.93594074,77.60758209,A4:CF:12,3,wpa2,2023-03-29T18:00:00.000Z,2026-05-27T05:00:00.000Z,Bengaluru,Karnataka,IN,Dr. M H Marigowda Road,560030
A4:CF:12:93:59:79,CFX3_935978,47.91434097,13.79098988,A4:CF:12,1,wpa2,2025-08-30T06:00:00.000Z,2026-06-10T01:00:00.000Z,,Oberösterreich,AT,Esplanade,4810
A4:CF:12:93:5A:89,My Fridge,-33.8983078,151.20617676,A4:CF:12,1,wpa2,2024-11-18T21:00:00.000Z,2025-09-11T21:00:00.000Z,Sydney,New South Wales,AU,Wellington Street,2017
A4:CF:12:93:5B:9D,CFX3_935b9c,46.4332962,-116.97852325,A4:CF:12,1,wpa2,2024-08-21T18:00:00.000Z,2026-07-01T10:00:00.000Z,Lewiston,ID,US,US 95;US 12,83501
A4:CF:12:93:5F:B5,CFX3_935fb4,39.94743729,-82.05618286,A4:CF:12,1,wpa2,2025-08-27T20:00:00.000Z,2025-11-05T21:00:00.000Z,,OH,US,I 70,43701
A4:CF:12:93:66:41,CFX3_936640,10.00598907,-84.12762451,A4:CF:12,7,wpa2,2026-02-06T21:00:00.000Z,2026-02-06T14:00:00.000Z,Mercedes,Provincia Heredia,CR,Calle 26,40102
A4:CF:12:93:67:11,CFX3_936710,35.74485779,-119.2429657,A4:CF:12,1,wpa2,2023-07-27T12:00:00.000Z,2025-08-28T10:00:00.000Z,,CA,US,Golden State Highway,93215
A4:CF:12:93:68:71,CFX3_car,32.86273193,-97.18699646,A4:CF:12,8,wpa2,2026-08-10T22:00:00.000Z,2026-08-27T09:00:00.000Z,North Richland Hills,TX,US,Precinct Line Road,76054
A4:CF:12:93:69:85,CFX3_936984,29.99988365,-95.73903656,A4:CF:12,1,wpa2,2026-05-01T02:00:00.000Z,2026-09-02T16:00:00.000Z,,TX,US,Township Glen Lane,77433
A4:CF:12:93:6A:D1,Traeger-6AD1,41.90271759,-88.28794098,A4:CF:12,5,wpa2,2026-05-18T11:00:00.000Z,2026-05-18T04:00:00.000Z,,IL,US,Forrest Boulevard,60174
A4:CF:12:93:71:3D,Traeger-713D,37.49457169,-120.8380661,A4:CF:12,4,wep,2021-11-26T16:00:00.000Z,2025-05-29T09:00:00.000Z,Turlock,CA,US,Merritt Street,95381
A4:CF:12:93:71:89,Traeger-7189,36.31317139,-95.59017944,A4:CF:12,5,wpa2,2025-10-26T18:00:00.000Z,2025-10-26T17:00:00.000Z,,OK,US,North Douglas Drive,74017
A4:CF:12:93:71:A5,Traeger-71A5,38.92936707,-119.84111023,A4:CF:12,5,wpa2,2024-11-03T20:00:00.000Z,2024-11-04T07:00:00.000Z,,NV,US,Kingsbury Grade,89411
A4:CF:12:93:72:25,Traeger-7225,29.53245163,-95.17982483,A4:CF:12,5,wpa2,2026-01-17T16:00:00.000Z,2026-01-17T12:00:00.000Z,Friendswood,TX,US,Blackhawk Boulevard,77546
A4:CF:12:93:72:F1,Traeger-72F1,48.10389709,-122.09796906,A4:CF:12,5,wpa2,2026-04-15T20:00:00.000Z,2026-04-15T23:00:00.000Z,,WA,US,99th Avenue Northeast,98270
A4:CF:12:93:73:01,Traeger-7301,40.97625351,-74.30853271,A4:CF:12,5,wpa2,2026-08-25T13:00:00.000Z,2026-08-25T19:00:00.000Z,,NJ,US,Mountain Avenue,07444
A4:CF:12:93:76:65,Traeger-7665,34.9493866,-81.02059174,A4:CF:12,5,wpa2,2026-01-28T19:00:00.000Z,2026-01-28T14:00:00.000Z,Rock Hill,SC,US,North Cherry Road,29732
A4:CF:12:93:78:55,Traeger-7855,41.47701263,-74.01858521,A4:CF:12,5,wpa2,2025-09-22T13:00:00.000Z,2025-09-22T13:00:00.000Z,,NY,US,Silver Spring Road,12553
A4:CF:12:93:7A:DD,Traeger-7ADD,43.73682404,-116.5187149,A4:CF:12,5,wpa2,2025-01-26T21:00:00.000Z,2025-01-26T16:00:00.000Z,,ID,US,Purple Sage Road,83669
A4:CF:12:93:7A:E9,Traeger-7AE9,45.67862701,-122.67836761,A4:CF:12,5,wpa2,2025-01-14T03:00:00.000Z,2026-07-27T00:00:00.000Z,,WA,US,Northwest 78th Street,98665
A4:CF:12:93:7B:09,Traeger-7B09,37.99802017,-121.85447693,A4:CF:12,5,wpa2,2025-03-22T23:00:00.000Z,2026-05-05T15:00:00.000Z,,CA,US,Buchanan Road,94565
A4:CF:12:93:7B:69,Traeger-7B69,43.62242508,-116.37454224,A4:CF:12,5,wpa2,2022-10-15T15:00:00.000Z,2025-08-17T20:00:00.000Z,Meridian,ID,US,North Locust Grove Road,83646
A4:CF:12:93:8B:51,Traeger-8B51,41.17367554,-111.93090057,A4:CF:12,5,wpa2,2021-01-24T10:00:00.000Z,2026-04-24T16:00:00.000Z,Ogden,UT,US,Wasatch Drive,84403
A4:CF:12:93:8C:C9,T009_938CC8,45.34004211,14.380373,A4:CF:12,7,none,2021-08-27T21:00:00.000Z,2026-08-23T15:00:00.000Z,Rijeka,Primorsko-goranska županija,HR,Istarska ulica,51000
A4:CF:12:93:AB:7D,Aquascape Pump-14BCE,40.68029022,-73.61494446,A4:CF:12,1,unknown,2025-07-26T16:00:00.000Z,2026-08-23T18:00:00.000Z,,NY,US,Grand Avenue,11510
A4:CF:12:93:AB:95,Aquascape Pump-4AC83,41.51044846,-112.02069092,A4:CF:12,1,unknown,2022-08-13T20:00:00.000Z,2024-11-14T19:00:00.000Z,,UT,US,West Forest Street,84303
A4:CF:12:93:AD:E5,Aquascape Pump-E085B,37.78836441,-121.97332764,A4:CF:12,1,unknown,2026-03-31T16:00:00.000Z,2026-03-31T09:00:00.000Z,,CA,US,Joaquin Circle,94583
A4:CF:12:93:B1:69,Traeger-B169,47.15893936,-122.19680023,A4:CF:12,5,wpa2,2021-07-20T17:00:00.000Z,2026-04-18T10:00:00.000Z,,WA,US,Sky Island Drive East,98391
A4:CF:12:93:B1:81,Traeger-B181,40.79182053,-91.10751343,A4:CF:12,5,wpa2,2026-05-03T22:00:00.000Z,2026-05-08T16:00:00.000Z,Burlington,IA,US,Madison Avenue,52601
A4:CF:12:93:B2:5D,Traeger-B25D,38.71259308,-77.06955719,A4:CF:12,5,wpa2,2026-02-26T20:00:00.000Z,2026-02-26T14:00:00.000Z,,VA,US,Stratford Lane,22308
A4:CF:12:93:B3:A5,Traeger-B3A5,45.67868042,-122.61942291,A4:CF:12,5,wpa2,2026-06-14T18:00:00.000Z,2026-07-15T06:00:00.000Z,,WA,US,Northeast Padden Parkway,98661
A4:CF:12:93:B4:91,Traeger-B491,39.483181,-77.82091522,A4:CF:12,5,wpa2,2023-10-05T22:00:00.000Z,2024-10-14T14:00:00.000Z,,WV,US,Shepherd Grade Road,21782:21795
A4:CF:12:93:B6:91,Traeger-B691,47.67123795,-117.29401398,A4:CF:12,5,wpa2,2001-08-07T18:00:00.000Z,2026-08-31T13:00:00.000Z,,WA,US,Spokane Valley Freeway,99212
A4:CF:12:93:B8:81,Traeger-B881,36.03813553,-115.27007294,A4:CF:12,5,wpa2,2022-08-03T13:00:00.000Z,2026-07-07T15:00:00.000Z,,NV,US,West Dutch Harbor Circle,89113
A4:CF:12:93:B8:A5,Traeger-B8A5,35.19499588,-106.55998993,A4:CF:12,5,wpa2,2025-01-23T01:00:00.000Z,2025-01-22T18:00:00.000Z,Albuquerque,NM,US,Wyoming Boulevard Northeast,87113-1947
A4:CF:12:93:B9:79,Traeger-B979,40.12963867,-86.23918915,A4:CF:12,5,wpa2,2025-09-27T17:00:00.000Z,2026-06-20T10:00:00.000Z,,IN,US,West 10th Street,46069
A4:CF:12:93:BA:89,Traeger-BA89,42.26158905,-89.23561859,A4:CF:12,5,wpa2,2026-01-23T20:00:00.000Z,2026-04-07T23:00:00.000Z,,IL,US,East Cunningham Road,61088
A4:CF:12:93:BA:8D,Traeger-BA8D,33.41369629,-111.67150879,A4:CF:12,5,wpa2,2024-02-15T22:00:00.000Z,2026-01-16T08:00:00.000Z,Mesa,AZ,US,South 74th Street,85207
A4:CF:12:93:BA:91,Traeger-BA91,40.23157501,-74.31080627,A4:CF:12,5,wpa2,2025-05-02T12:00:00.000Z,2025-05-23T14:00:00.000Z,,NJ,US,Iron Bridge Road,07728
A4:CF:12:93:BB:BD,Traeger-BBBD,28.38808823,-80.81328583,A4:CF:12,5,wpa2,2022-11-16T09:00:00.000Z,2025-04-18T15:00:00.000Z,,FL,US,I 95,32926
A4:CF:12:93:BC:C1,Traeger-BCC1,39.62796021,-119.72338104,A4:CF:12,5,wpa2,2026-06-15T00:00:00.000Z,2026-06-15T00:00:00.000Z,,NV,US,Dolores Drive,89441
A4:CF:12:93:BE:39,Traeger-BE39,33.90533829,-83.92342377,A4:CF:12,5,wpa2,2023-08-13T13:00:00.000Z,2025-10-11T16:00:00.000Z,,GA,US,Chandler Road,30017
A4:CF:12:93:BE:CD,Traeger-BECD,32.4209671,-111.01119232,A4:CF:12,5,wpa2,2026-01-24T12:00:00.000Z,2026-01-31T16:00:00.000Z,,AZ,US,North Mabini Place,85737
A4:CF:12:93:BE:D5,Traeger-BED5,42.59929657,-114.75239563,A4:CF:12,5,wpa2,2025-11-15T14:00:00.000Z,2025-11-15T06:00:00.000Z,Buhl,ID,US,North 1500 East,83316
A4:CF:12:93:C0:E9,Traeger-C0E9,47.6137352,-117.25823212,A4:CF:12,5,wpa2,2026-06-22T23:00:00.000Z,2026-07-05T14:00:00.000Z,,WA,US,South Forest Meadow Drive,99206
A4:CF:12:93:C1:3D,Traeger-C13D,34.50387192,-110.11193085,A4:CF:12,5,wpa2,2025-03-15T14:00:00.000Z,2025-03-15T17:00:00.000Z,,AZ,US,,85939
A4:CF:12:93:C2:25,Traeger-C225,47.68146515,-116.75804138,A4:CF:12,5,wpa2,2022-07-09T17:00:00.000Z,2025-07-13T14:00:00.000Z,Coeur d'Alene,ID,US,I 90,83814-9510
A4:CF:12:93:C2:B5,Traeger-C2B5,33.73133469,-117.86990356,A4:CF:12,5,wpa2,2025-01-28T19:00:00.000Z,2025-01-28T16:00:00.000Z,Santa Ana,CA,US,South Broadway,92707
A4:CF:12:93:C3:7D,Traeger-C37D,41.78230667,-110.53894043,A4:CF:12,5,wpa2,2026-06-01T22:00:00.000Z,2026-06-01T19:00:00.000Z,,WY,US,Fossil Drive,
A4:CF:12:93:C3:DD,Traeger-C3DD,49.04529953,-122.58326721,A4:CF:12,5,wpa2,2026-05-10T20:00:00.000Z,2026-05-10T14:00:00.000Z,,British Columbia,CA,24 Avenue,V2Z 2K2
A4:CF:12:93:C4:49,Traeger-C449,43.65473557,-116.49349976,A4:CF:12,5,wpa2,2020-10-03T17:00:00.000Z,2025-04-18T18:00:00.000Z,,ID,US,North Star Road,83669
A4:CF:12:93:C4:91,Traeger-C491,40.7061348,-73.68867493,A4:CF:12,5,wpa2,2026-06-27T14:00:00.000Z,2026-06-27T12:00:00.000Z,,NY,US,Evans Avenue,11003
A4:CF:12:93:C4:AD,Traeger-C4AD,51.16430283,-114.09117889,A4:CF:12,5,wpa2,2022-08-24T17:00:00.000Z,2025-11-06T18:00:00.000Z,Calgary,Alberta,CA,Panatella Street NW,T3K 0S6
A4:CF:12:93:C4:F1,Traeger-C4F1,33.81510925,-84.32142639,A4:CF:12,5,wpa2,2024-03-28T20:00:00.000Z,2026-06-14T04:00:00.000Z,,GA,US,Lavista Road Northeast,30329
A4:CF:12:93:C7:21,Traeger-C721,45.03139496,-93.31791687,A4:CF:12,5,wpa2,2021-10-01T22:00:00.000Z,2025-05-11T01:00:00.000Z,Minneapolis,MN,US,North 42nd Avenue,55422
A4:CF:12:93:C7:75,Traeger-C775,45.05340195,-93.00077057,A4:CF:12,5,wpa2,2026-05-08T23:00:00.000Z,2026-05-09T15:00:00.000Z,,MN,US,Cranbrook Drive,55110
A4:CF:12:93:C8:15,Traeger-C815,39.73828888,-104.93698883,A4:CF:12,5,wpa2,2025-12-26T02:00:00.000Z,2025-12-26T11:00:00.000Z,Denver,CO,US,East 14th Avenue,80206
A4:CF:12:93:C8:45,Traeger-C845,42.84144211,-106.25481415,A4:CF:12,5,wpa2,2026-08-02T23:00:00.000Z,2026-08-02T18:00:00.000Z,Casper,WY,US,Blackmore Road,82609
A4:CF:12:93:C9:1D,Traeger-C91D,32.89498901,-116.94281006,A4:CF:12,5,wpa2,2025-12-17T01:00:00.000Z,2025-12-16T18:00:00.000Z,,CA,US,Johnson Lake Road,92040
A4:CF:12:93:CA:CD,Traeger-CACD,34.76000214,-112.43557739,A4:CF:12,5,wpa2,2026-03-10T05:00:00.000Z,2026-04-03T02:00:00.000Z,,AZ,US,East Road 2 North,86323
A4:CF:12:93:CB:61,Traeger-CB61,41.51316452,-109.46125793,A4:CF:12,5,wpa2,2026-05-16T01:00:00.000Z,2026-05-15T19:00:00.000Z,,WY,US,Jefferson Street,82935
A4:CF:12:93:CB:E1,Traeger-CBE1,27.21480751,-81.85509491,A4:CF:12,5,wpa2,2026-04-13T22:00:00.000Z,2026-04-24T14:00:00.000Z,,FL,US,East Hickory Street,34265
A4:CF:12:93:CC:2D,Traeger-CC2D,33.56169891,-117.17381287,A4:CF:12,5,wpa2,2025-04-26T16:00:00.000Z,2025-04-26T23:00:00.000Z,Murrieta,CA,US,Kucera Court,92563
A4:CF:12:93:CC:D5,Traeger-CCD5,41.79504395,-107.24832153,A4:CF:12,5,wpa2,2024-11-08T17:00:00.000Z,2025-01-19T16:00:00.000Z,,WY,US,11th Street,82301
A4:CF:12:93:CD:B1,Traeger-CDB1,41.00050735,-111.94165802,A4:CF:12,5,wpa2,2021-04-29T12:00:00.000Z,2025-01-02T13:00:00.000Z,,UT,US,,84037
A4:CF:12:93:CE:E9,Traeger-CEE9,47.67137527,-117.13034058,A4:CF:12,5,wpa2,2025-10-29T21:00:00.000Z,2026-06-24T14:00:00.000Z,,WA,US,East Mission Avenue,99027
A4:CF:12:93:CF:9D,Traeger-CF9D,40.80968475,-115.65785217,A4:CF:12,5,wpa2,2024-02-22T15:00:00.000Z,2025-01-15T12:00:00.000Z,,NV,US,Kimble Drive,
A4:CF:12:93:CF:B9,Traeger-CFB9,45.24461365,-123.11726379,A4:CF:12,5,wpa2,2024-04-08T15:00:00.000Z,2025-01-09T14:00:00.000Z,,OR,US,East 3rd Street,97127
A4:CF:12:93:CF:ED,Traeger-CFED,41.55139542,-88.209198,A4:CF:12,5,wpa2,2025-07-27T22:00:00.000Z,2025-07-27T15:00:00.000Z,Joliet,IL,US,Pebble Beach Drive,60404
A4:CF:12:93:D0:6D,Traeger-D06D,31.44724083,-97.40096283,A4:CF:12,5,wpa2,2001-12-31T18:00:00.000Z,2025-06-14T15:00:00.000Z,,TX,US,Bulldog Lane,76657
A4:CF:12:93:D1:4D,Traeger-D14D,40.15333939,-111.61148071,A4:CF:12,5,wpa2,2025-03-08T00:00:00.000Z,2025-03-07T17:00:00.000Z,,UT,US,South 50 West,84663
A4:CF:12:93:D1:ED,Traeger-D1ED,41.51372147,-75.70087433,A4:CF:12,5,wpa2,2026-08-21T17:00:00.000Z,2026-08-21T12:00:00.000Z,,PA,US,Abington Road,18471
A4:CF:12:93:D1:F5,Traeger-D1F5,40.99610519,-111.93050385,A4:CF:12,5,wpa2,2025-07-05T15:00:00.000Z,2026-08-06T02:00:00.000Z,,UT,US,West 900 North,84025
A4:CF:12:93:D3:51,Traeger-D351,40.41115189,-111.78868866,A4:CF:12,5,wpa2,2026-05-18T23:00:00.000Z,2026-05-18T21:00:00.000Z,,UT,US,North Alpine Highway,84003
A4:CF:12:93:D4:89,Traeger-D489,42.54780197,-114.38392639,A4:CF:12,5,wpa2,2023-10-28T02:00:00.000Z,2026-01-17T06:00:00.000Z,Kimberly,ID,US,Kimberly Road,83341
A4:CF:12:93:D7:05,Traeger-D705,36.69353104,-121.79368591,A4:CF:12,5,wpa2,2026-07-05T16:00:00.000Z,2026-07-05T18:00:00.000Z,Marina,CA,US,Michael Drive,93933
A4:CF:12:93:D7:AD,Traeger-D7AD,40.24575806,-75.19468689,A4:CF:12,5,wpa2,2025-03-03T21:00:00.000Z,2025-04-09T14:00:00.000Z,Montgomery Township,PA,US,County Line Road,18914
A4:CF:12:93:D8:71,Traeger-D871,42.91735458,-89.38231659,A4:CF:12,5,wpa2,2023-09-11T20:00:00.000Z,2024-11-03T10:00:00.000Z,,WI,US,South Perry Parkway,53575
A4:CF:12:93:DA:E1,Traeger-DAE1,33.34124374,-111.97953033,A4:CF:12,1,wpa2,2025-01-16T22:00:00.000Z,2025-01-16T17:00:00.000Z,Phoenix,AZ,US,South Ahwatukee Drive,85076
A4:CF:12:93:DB:7D,Traeger-DB7D,37.33094406,-120.43666077,A4:CF:12,5,wpa2,2024-09-25T18:00:00.000Z,2024-09-25T19:00:00.000Z,Merced,CA,US,,95340
A4:CF:12:93:DB:D5,Traeger-DBD5,40.83012772,-115.74835968,A4:CF:12,5,wpa2,2024-03-22T16:00:00.000Z,2025-01-17T12:00:00.000Z,,NV,US,Panorama Drive,89801
A4:CF:12:93:DC:61,Traeger-DC61,45.79010773,-108.54133606,A4:CF:12,5,wpa2,2024-01-08T02:00:00.000Z,2026-09-01T10:00:00.000Z,Billings,MT,US,Parkhill Drive,59101
A4:CF:12:93:DC:71,Traeger-DC71,40.1301651,-111.59796906,A4:CF:12,5,wpa2,2023-07-20T11:00:00.000Z,2026-06-17T08:00:00.000Z,,UT,US,West Maple Street,84664
A4:CF:12:93:DD:61,Traeger-DD61,39.22948074,-84.32923889,A4:CF:12,5,wpa2,2026-08-26T20:00:00.000Z,2026-09-03T00:00:00.000Z,,OH,US,Tall Trail,45242
A4:CF:12:93:E1:35,Traeger-E135,43.6772995,-116.35419464,A4:CF:12,5,wpa2,2021-08-20T17:00:00.000Z,2024-10-25T11:00:00.000Z,,ID,US,South Eagle Road,83616
A4:CF:12:93:E1:3D,Traeger-E13D,38.95151901,-104.66397095,A4:CF:12,5,wpa2,2024-11-21T16:00:00.000Z,2024-11-21T15:00:00.000Z,,CO,US,Mohawk Road,80927
A4:CF:12:93:E1:91,Traeger-E191,36.27001953,-115.29238129,A4:CF:12,5,wpa2,2022-10-29T17:00:00.000Z,2026-06-08T20:00:00.000Z,Las Vegas,NV,US,West Tropical Parkway,89149
A4:CF:12:93:E1:BD,Traeger-E1BD,39.41327286,-104.86480713,A4:CF:12,5,wpa2,2022-04-16T12:00:00.000Z,2026-04-01T00:00:00.000Z,,CO,US,Allen Way,80108
A4:CF:12:93:E2:59,Traeger-E259,43.4201088,-116.57324982,A4:CF:12,5,wpa2,2026-05-01T01:00:00.000Z,2026-05-01T22:00:00.000Z,,ID,US,State Highway 45,
A4:CF:12:93:E3:61,Traeger-E361,33.76053238,-116.98069763,A4:CF:12,5,wpa2,2025-10-08T19:00:00.000Z,2025-10-08T13:00:00.000Z,,CA,US,Don Drive,92543
A4:CF:12:93:E5:5D,Traeger-E55D,43.9266777,-72.87506104,A4:CF:12,5,wpa2,2026-07-19T22:00:00.000Z,2026-08-19T20:00:00.000Z,Hancock,VT,US,Vermont Route 125,05748
A4:CF:12:93:E6:F1,Traeger-E6F1,46.61112976,-112.02663422,A4:CF:12,5,wpa2,2022-10-12T21:00:00.000Z,2026-02-06T15:00:00.000Z,Helena,MT,US,Villard Avenue,59624
A4:CF:12:93:EA:C5,Traeger-EAC5,40.52466583,-112.02418518,A4:CF:12,5,wpa2,2026-03-02T12:00:00.000Z,2026-03-02T04:00:00.000Z,,UT,US,South Rosecrest Road,84096
A4:CF:12:93:EB:81,Traeger-EB81,38.13926315,-121.68579102,A4:CF:12,5,wpa2,2025-08-27T17:00:00.000Z,2026-08-23T17:00:00.000Z,,CA,US,CA 160,94571
A4:CF:12:93:EB:E1,Traeger-EBE1,42.74383163,-105.38684082,A4:CF:12,5,wpa2,2026-08-29T03:00:00.000Z,2026-08-29T00:00:00.000Z,,WY,US,Brownfield Road,82633
A4:CF:12:93:ED:C9,Traeger-EDC9,35.11774826,-84.84165955,A4:CF:12,5,wpa2,2026-05-24T01:00:00.000Z,2026-05-23T21:00:00.000Z,,TN,US,Spring Place Road Southeast,37323
A4:CF:12:93:EE:61,Traeger-EE61,49.19610214,-124.00149536,A4:CF:12,5,wpa2,2025-06-13T20:00:00.000Z,2025-06-13T16:00:00.000Z,Nanaimo,British Columbia,CA,Rosstown Road,V9T 3L2
A4:CF:12:93:EE:79,Traeger-EE79,40.54956818,-112.02830505,A4:CF:12,5,wpa2,2021-02-27T16:00:00.000Z,2025-09-14T16:00:00.000Z,,UT,US,Mountain View Corridor SB,84081-5694
A4:CF:12:93:EF:61,Traeger-EF61,30.70892334,-96.27200317,A4:CF:12,5,wpa2,2020-11-25T13:00:00.000Z,2025-11-26T23:00:00.000Z,Bryan,TX,US,FM 1179,77802
A4:CF:12:93:F0:51,Traeger-F051,28.84762001,-81.55153656,A4:CF:12,5,wpa2,2026-04-04T18:00:00.000Z,2026-08-28T04:00:00.000Z,,FL,US,CR 437,32776
A4:CF:12:93:F5:91,Traeger-F591,35.2062149,-79.44278717,A4:CF:12,5,wpa2,2026-07-11T14:00:00.000Z,2026-07-11T07:00:00.000Z,,NC,US,McDairmid Road,28374
A4:CF:12:93:F8:95,Traeger-F895,44.94186401,-93.492836,A4:CF:12,5,wpa2,2025-02-19T18:00:00.000Z,2026-08-03T07:00:00.000Z,,MN,US,Minnetonka Boulevard,55391
A4:CF:12:93:F9:3D,Traeger-F93D,59.2922554,11.07338142,A4:CF:12,5,wpa2,2002-09-03T17:00:00.000Z,2025-08-14T04:00:00.000Z,Sarpsborg,Viken,NO,E 6,1711
A4:CF:12:93:F9:65,Traeger-F965,32.9233017,-97.25188446,A4:CF:12,5,wpa2,2024-10-15T23:00:00.000Z,2024-10-15T17:00:00.000Z,,TX,US,Whitley Road,76248
A4:CF:12:93:F9:B5,Traeger-F9B5,47.22807312,-122.44711304,A4:CF:12,5,wpa2,2025-11-30T06:00:00.000Z,2025-11-29T23:00:00.000Z,Tacoma,WA,US,South 35th Street,98418-3920
A4:CF:12:93:FA:05,Traeger-FA05,37.88748932,-89.49488831,A4:CF:12,5,wpa2,2025-10-31T18:00:00.000Z,2025-10-31T14:00:00.000Z,,IL,US,South 5th Street,62907
A4:CF:12:93:FA:59,Traeger-FA59,39.68416595,-104.91294098,A4:CF:12,5,wpa2,2026-01-27T22:00:00.000Z,2026-02-28T16:00:00.000Z,Denver,CO,US,South Monaco Parkway,80224
A4:CF:12:94:00:59,Traeger-0059,36.27507401,-115.23373413,A4:CF:12,5,wpa2,2025-06-18T00:00:00.000Z,2025-06-17T17:00:00.000Z,Las Vegas,NV,US,Bruce Woodbury Beltway,89131
A4:CF:12:94:00:75,Traeger-0075,36.83156967,-90.49313354,A4:CF:12,5,wpa2,2021-03-10T23:00:00.000Z,2026-05-27T21:00:00.000Z,,MO,US,US 60;US 67,63901
A4:CF:12:94:01:E5,Traeger-01E5,44.19498825,-77.59349823,A4:CF:12,5,wpa2,2026-08-02T14:00:00.000Z,2026-08-03T12:00:00.000Z,Quinte West,Ontario,CA,South Trent Street,K0K 2C0
A4:CF:12:94:05:41,Traeger-0541,39.93468094,-105.09564972,A4:CF:12,5,wpa2,2025-11-02T23:00:00.000Z,2025-11-02T17:00:00.000Z,,CO,US,Lilac Street,80020
A4:CF:12:94:05:F5,Traeger-05F5,47.68176651,-122.37676239,A4:CF:12,5,wpa2,2023-02-26T18:00:00.000Z,2026-08-02T10:00:00.000Z,Seattle,WA,US,15th Avenue Northwest,98117
A4:CF:12:94:06:B5,Traeger-06B5,39.60963821,-104.98521423,A4:CF:12,5,wpa2,2026-08-06T00:00:00.000Z,2026-08-05T22:00:00.000Z,Centennial,CO,US,East Orchard Road,80121
A4:CF:12:94:07:D9,Traeger-07D9,41.63712311,-93.52017975,A4:CF:12,5,wpa2,2021-07-05T11:00:00.000Z,2025-12-14T11:00:00.000Z,Des Moines,IA,US,East Valdez Drive,50009
A4:CF:12:94:0A:F9,Traeger-0AF9,41.52844238,-87.84617615,A4:CF:12,5,wpa2,2026-04-26T17:00:00.000Z,2026-05-06T12:00:00.000Z,,IL,US,West La Porte Road,60423
A4:CF:12:94:0C:0D,Traeger-0C0D,33.12086487,-97.18877411,A4:CF:12,5,wpa2,2026-07-16T10:00:00.000Z,2026-07-16T05:00:00.000Z,Argyle,TX,US,Old Justin Road,76226
A4:CF:12:94:0C:25,Traeger-0C25,27.9481163,-81.68238831,A4:CF:12,5,wpa2,2026-08-16T05:00:00.000Z,2026-08-30T08:00:00.000Z,,FL,US,Cunningham Road,33884
A4:CF:12:94:0F:01,Traeger-0F01,41.02199554,-83.64550781,A4:CF:12,5,wpa2,2026-08-23T14:00:00.000Z,2026-08-23T20:00:00.000Z,Findlay,OH,US,Washington Avenue,45840
A4:CF:12:94:0F:19,Traeger-0F19,36.22229385,-115.30303192,A4:CF:12,5,wpa2,2024-09-11T14:00:00.000Z,2024-09-20T07:00:00.000Z,Las Vegas,NV,US,West Buckskin Avenue,89129
A4:CF:12:94:12:2D,Traeger-122D,39.68215942,-105.07367706,A4:CF:12,5,wpa2,2026-04-22T13:00:00.000Z,2026-06-28T19:00:00.000Z,,CO,US,West Jewell Avenue,80232
A4:CF:12:94:14:85,Traeger-1485,47.16460419,-122.35710907,A4:CF:12,5,wpa2,2025-05-07T21:00:00.000Z,2025-05-10T12:00:00.000Z,,WA,US,Canyon Road East,98373-4263
A4:CF:12:94:14:ED,Traeger-14ED,41.31604004,-111.97823334,A4:CF:12,5,wpa2,2020-12-03T18:00:00.000Z,2024-10-05T19:00:00.000Z,,UT,US,East Elberta Drive,84414
A4:CF:12:94:15:65,Traeger-1565,41.13250732,-111.92938995,A4:CF:12,5,wpa2,2022-08-30T19:00:00.000Z,2026-09-02T04:00:00.000Z,,UT,US,South Weber Drive,84405
A4:CF:12:94:16:09,Traeger-1609,41.83855438,-88.29261017,A4:CF:12,5,wpa2,2025-04-24T01:00:00.000Z,2025-04-23T19:00:00.000Z,,IL,US,Kristen Court,60510
A4:CF:12:94:16:45,Traeger-1645,37.69752502,-120.97828674,A4:CF:12,5,wpa2,2025-11-02T22:00:00.000Z,2025-11-02T14:00:00.000Z,Modesto,CA,US,Acclaim Court,95350
A4:CF:12:94:17:69,Traeger-1769,41.40158081,-87.21533203,A4:CF:12,5,wpa2,2026-05-30T17:00:00.000Z,2026-06-03T10:00:00.000Z,,IN,US,Four Seasons Parkway,46307
A4:CF:12:94:17:D5,Traeger-17D5,43.57121658,-116.57151794,A4:CF:12,5,wpa2,2026-04-07T02:00:00.000Z,2026-04-06T23:00:00.000Z,Nampa,ID,US,11th Avenue South,83686
A4:CF:12:94:18:89,Traeger-1889,40.73999023,-111.86972046,A4:CF:12,5,wpa2,2025-03-31T22:00:00.000Z,2025-04-26T21:00:00.000Z,Salt Lake City,UT,US,Harrison Avenue,84105
A4:CF:12:94:18:ED,Traeger-18ED,27.71799088,-82.69760132,A4:CF:12,5,wpa2,2025-04-09T23:00:00.000Z,2025-04-09T19:00:00.000Z,Saint Petersburg,FL,US,Pinellas Bayway,33711
A4:CF:12:94:19:29,Traeger-1929,40.91676331,-97.09308624,A4:CF:12,5,wpa2,2025-03-24T20:00:00.000Z,2025-03-24T16:00:00.000Z,,NE,US,North 1st Street,68434
A4:CF:12:94:1A:41,Traeger-1A41,39.67501068,-119.6894455,A4:CF:12,5,wpa2,2024-07-14T19:00:00.000Z,2026-03-26T23:00:00.000Z,,NV,US,,89441
A4:CF:12:94:1A:65,Traeger-1A65,27.93684769,-81.2257309,A4:CF:12,5,wpa2,2026-04-18T14:00:00.000Z,2026-04-18T19:00:00.000Z,,FL,US,Joe Overstreet Road,34739
A4:CF:12:94:1A:91,Traeger-1A91,44.53470612,-71.99858856,A4:CF:12,5,wpa2,2026-08-28T21:00:00.000Z,2026-08-29T01:00:00.000Z,,VT,US,High Street,
A4:CF:12:94:1B:71,Traeger-1B71,41.47789001,-86.28055573,A4:CF:12,5,wpa2,2021-08-16T20:00:00.000Z,2026-08-21T02:00:00.000Z,,IN,US,US 31,46537
A4:CF:12:94:1B:F9,Traeger-1BF9,32.44950485,-103.1594162,A4:CF:12,5,wpa2,2026-09-02T08:00:00.000Z,2026-09-02T08:00:00.000Z,,NM,US,Main Street,88231
A4:CF:12:94:1D:85,Traeger-1D85,39.23426819,-114.86420441,A4:CF:12,5,wpa2,2024-09-21T15:00:00.000Z,2025-09-02T10:00:00.000Z,,NV,US,Great Basin Highway,89301
A4:CF:12:94:20:45,Traeger-2045,53.76578522,9.84422684,A4:CF:12,5,wpa2,2025-06-29T15:00:00.000Z,2025-06-29T10:00:00.000Z,Hemdingen,Schleswig-Holstein,DE,Reesenhöh,25485
A4:CF:12:94:23:59,Traeger-2359,38.91625977,-104.68286896,A4:CF:12,5,wpa2,2023-10-31T00:00:00.000Z,2024-12-28T14:00:00.000Z,Colorado Springs,CO,US,Marksheffel Road,80938
A4:CF:12:94:24:7D,Traeger-247D,47.72386169,-116.98307037,A4:CF:12,5,wpa2,2025-09-12T13:00:00.000Z,2025-09-15T09:00:00.000Z,,ID,US,West Midway Avenue,83877-0010
A4:CF:12:94:24:C1,Traeger-24C1,39.59104156,-119.73246765,A4:CF:12,5,wpa2,2025-05-10T21:00:00.000Z,2025-07-11T19:00:00.000Z,,NV,US,Junction Peak Drive,89436
A4:CF:12:94:25:E5,Traeger-25E5,44.91918945,-97.08834076,A4:CF:12,5,wpa2,2025-08-07T12:00:00.000Z,2025-08-09T02:00:00.000Z,Watertown,SD,US,14th Avenue Northeast,57201
A4:CF:12:94:27:75,Traeger-2775,41.93989563,-83.50766754,A4:CF:12,5,wpa2,2024-09-20T13:00:00.000Z,2025-09-12T16:00:00.000Z,,MI,US,M 50,
A4:CF:12:94:28:21,Traeger-2821,52.13002777,-0.30046701,A4:CF:12,5,wpa2,2020-09-23T19:00:00.000Z,2024-12-16T06:00:00.000Z,,England,GB,A1,SG19 1DN
A4:CF:12:94:32:91,Traeger-3291,33.86252213,-118.19516754,A4:CF:12,5,wpa2,2023-12-15T18:00:00.000Z,2024-12-05T16:00:00.000Z,Long Beach,CA,US,De Forest Avenue,90805
A4:CF:12:94:34:4D,Traeger-344D,35.14421463,-101.94883728,A4:CF:12,5,wpa2,2026-04-14T21:00:00.000Z,2026-08-30T21:00:00.000Z,Amarillo,TX,US,Nancy Ellen Street,79119
A4:CF:12:94:34:71,Traeger-3471,41.4777832,-72.67204285,A4:CF:12,5,wpa2,2025-05-26T12:00:00.000Z,2026-08-01T17:00:00.000Z,,CT,US,Pickett Lane,06422
A4:CF:12:94:34:C1,Traeger-34C1,40.21554184,-82.90569305,A4:CF:12,5,wpa2,2020-08-08T12:00:00.000Z,2026-02-06T11:00:00.000Z,,OH,US,Dustin Road,43021
A4:CF:12:94:35:99,Traeger-3599,36.25862122,-115.29299164,A4:CF:12,5,wpa2,2025-05-22T21:00:00.000Z,2026-02-28T00:00:00.000Z,Las Vegas,NV,US,North Campbell Road,89129
A4:CF:12:94:37:25,Traeger-3725,32.7627182,-117.0198288,A4:CF:12,5,wpa2,2025-05-10T01:00:00.000Z,2025-05-14T11:00:00.000Z,,CA,US,Nebo Drive,91941
A4:CF:12:94:37:2D,Traeger-372D,39.20905304,-84.41088104,A4:CF:12,5,wpa2,2024-02-04T20:00:00.000Z,2026-06-29T19:00:00.000Z,,OH,US,Sagamore Drive,45236
A4:CF:12:94:38:39,Traeger-3839,33.78367233,-118.0394516,A4:CF:12,5,wpa2,2024-12-19T19:00:00.000Z,2024-12-19T15:00:00.000Z,Garden Grove,CA,US,Vera Circle,92845
A4:CF:12:94:39:F9,Traeger-39F9,33.83440781,-118.10733032,A4:CF:12,5,wpa2,2023-10-19T21:00:00.000Z,2024-12-14T17:00:00.000Z,,CA,US,Palo Verde Avenue,90703
A4:CF:12:94:3C:75,Traeger-3C75,45.65213394,-122.50604248,A4:CF:12,5,wpa2,2024-10-31T01:00:00.000Z,2026-07-26T15:00:00.000Z,Vancouver,WA,US,Northeast 162nd Avenue,98684
A4:CF:12:94:3C:81,Traeger-3C81,33.59412384,-117.25771332,A4:CF:12,5,wpa2,2025-04-27T01:00:00.000Z,2025-04-26T23:00:00.000Z,,CA,US,Greyhawk Road,92595
A4:CF:12:94:3C:E5,Traeger-3CE5,33.84127426,-118.1190033,A4:CF:12,5,wpa2,2024-12-07T17:00:00.000Z,2024-12-07T16:00:00.000Z,,CA,US,Lomina Avenue,90713
A4:CF:12:94:3E:91,Traeger-3E91,36.2097168,-86.58955383,A4:CF:12,5,wpa2,2025-09-14T19:00:00.000Z,2026-05-09T15:00:00.000Z,Nashville-Davidson,TN,US,Tulip Grove Road,37076
A4:CF:12:94:40:9D,Traeger-409D,37.70896912,-121.90250397,A4:CF:12,5,wpa2,2024-01-09T01:00:00.000Z,2025-05-05T18:00:00.000Z,,CA,US,Nugget Way,94588
A4:CF:12:94:42:1D,Traeger-421D,44.63241196,-123.10552979,A4:CF:12,5,wpa2,2024-08-29T18:00:00.000Z,2026-08-23T19:00:00.000Z,Albany,OR,US,4th Avenue Southwest,97322
A4:CF:12:94:42:D5,Traeger-42D5,47.22637939,-122.51888275,A4:CF:12,5,wpa2,2026-05-12T04:00:00.000Z,2026-05-11T23:00:00.000Z,,WA,US,Crestwood Lane,98466
A4:CF:12:94:43:05,Traeger-4305,44.7641449,-93.63697815,A4:CF:12,5,wpa2,2025-07-26T23:00:00.000Z,2025-07-26T19:00:00.000Z,,MN,US,Sunny Ridge Drive,55315
A4:CF:12:94:43:29,Traeger-4329,32.83880234,-117.21554565,A4:CF:12,5,wpa2,2026-07-05T20:00:00.000Z,2026-07-05T15:00:00.000Z,San Diego,CA,US,Regents Road,92122
A4:CF:12:94:44:11,Traeger-4411,40.71457672,-111.87110901,A4:CF:12,5,wpa2,2024-11-30T18:00:00.000Z,2025-12-05T15:00:00.000Z,Salt Lake City,UT,US,700 East,84106
A4:CF:12:94:46:11,Traeger-4611,48.84794998,-95.79595947,A4:CF:12,5,wpa2,2021-11-05T16:00:00.000Z,2026-03-17T09:00:00.000Z,,MN,US,310th Street,56751
A4:CF:12:94:47:29,Traeger-4729,45.46873093,-122.59928131,A4:CF:12,5,wpa2,2022-04-21T15:00:00.000Z,2026-08-30T02:00:00.000Z,Portland,OR,US,Southeast Flavel Street,97206
A4:CF:12:94:47:2D,Traeger-472D,47.19765854,-122.28956604,A4:CF:12,5,wpa2,2026-08-15T01:00:00.000Z,2026-08-28T17:00:00.000Z,,WA,US,8th Avenue Northeast,98372-3008
A4:CF:12:94:47:A9,Traeger-47A9,33.02264023,-117.1155014,A4:CF:12,5,wpa2,2026-05-09T06:00:00.000Z,2026-05-09T00:00:00.000Z,,CA,US,Ralphs Ranch Drive,92127
A4:CF:12:94:47:CD,Traeger-47CD,41.92878342,-95.49190521,A4:CF:12,5,wpa2,2024-10-20T01:00:00.000Z,2024-10-19T22:00:00.000Z,,IA,US,East Pearl Street,51528
A4:CF:12:94:48:55,Traeger-4855,40.95549011,-84.80309296,A4:CF:12,5,wpa2,2026-05-22T23:00:00.000Z,2026-05-23T08:00:00.000Z,,OH,US,State Line Road,46773
A4:CF:12:94:4A:B5,Traeger-4AB5,41.02035141,-111.90857697,A4:CF:12,5,wpa2,2024-07-21T05:00:00.000Z,2025-04-26T20:00:00.000Z,,UT,US,Highway 89,84037
A4:CF:12:94:4A:E4,,38.48435974,-107.10703278,A4:CF:12,1,unknown,2026-08-12T20:00:00.000Z,2026-08-14T21:00:00.000Z,,CO,US,US 50,
A4:CF:12:94:4B:19,Traeger-4B19,46.62501907,-112.01091766,A4:CF:12,5,wpa2,2025-11-04T22:00:00.000Z,2026-08-25T06:00:00.000Z,Helena,MT,US,I 15;US 287,59602-1217
A4:CF:12:94:4B:B5,Traeger-4BB5,41.60972595,-93.59944916,A4:CF:12,5,wpa2,2023-02-25T19:00:00.000Z,2025-02-27T08:00:00.000Z,Des Moines,IA,US,East Jefferson Avenue,50316
A4:CF:12:94:4C:35,Traeger-4C35,47.60416031,-117.39233398,A4:CF:12,5,wpa2,2026-08-13T17:00:00.000Z,2026-08-13T12:00:00.000Z,,WA,US,East 55th Avenue,99203
A4:CF:12:94:4D:3D,Traeger-4D3D,47.6919632,-116.77637482,A4:CF:12,5,wpa2,2025-08-10T23:00:00.000Z,2026-05-21T11:00:00.000Z,Coeur d'Alene,ID,US,North 7th Street,83814-9510
A4:CF:12:94:4D:85,Traeger-4D85,36.03125,-115.00602722,A4:CF:12,5,wpa2,2022-07-19T13:00:00.000Z,2025-12-20T16:00:00.000Z,Henderson,NV,US,Ember Rock Avenue,89105
A4:CF:12:94:4E:65,Traeger-4E65,40.0404129,-84.18138885,A4:CF:12,5,wpa2,2025-07-31T18:00:00.000Z,2025-07-31T20:00:00.000Z,,OH,US,State Route 202,45371
A4:CF:12:94:4E:FD,Traeger-4EFD,40.20664597,-77.03679657,A4:CF:12,5,wpa2,2026-05-18T21:00:00.000Z,2026-05-24T11:00:00.000Z,,PA,US,Bare Road,17050
A4:CF:12:94:4F:5D,Traeger-4F5D,44.01465225,-107.95572662,A4:CF:12,5,wpa2,2025-06-14T17:00:00.000Z,2025-06-14T12:00:00.000Z,,WY,US,South 10th Street,82401
A4:CF:12:94:4F:95,Traeger-4F95,42.81830597,-83.78752899,A4:CF:12,5,wpa2,2025-09-21T00:00:00.000Z,2025-09-20T18:00:00.000Z,,MI,US,Blythe Avenue,48451
A4:CF:12:94:50:35,Traeger-5035,42.97466278,-123.19510651,A4:CF:12,5,wpa2,2020-12-08T17:00:00.000Z,2026-04-20T18:00:00.000Z,,OR,US,Tiller Trail Highway,97417
A4:CF:12:94:52:E9,Traeger-52E9,40.45454788,-76.5005188,A4:CF:12,5,wpa2,2025-11-04T17:00:00.000Z,2025-11-04T12:00:00.000Z,Swatara Township,PA,US,Lickdale Road,17038
A4:CF:12:94:53:1D,Traeger-531D,38.76693726,-77.55110168,A4:CF:12,5,wpa2,2026-03-07T16:00:00.000Z,2026-03-07T12:00:00.000Z,Manassas,VA,US,Trenton Chapel Way,20109
A4:CF:12:94:53:39,Traeger-5339,41.33605576,-81.76082611,A4:CF:12,5,wpa2,2026-07-10T12:00:00.000Z,2026-07-10T15:00:00.000Z,North Royalton,OH,US,Albion Road,44133
A4:CF:12:94:53:A1,Traeger-53A1,47.55083084,-117.65080261,A4:CF:12,5,wpa2,2024-11-24T15:00:00.000Z,2024-11-30T13:00:00.000Z,,WA,US,,99022
A4:CF:12:94:53:B5,Traeger-53B5,33.84341812,-118.08075714,A4:CF:12,5,wpa2,2025-01-01T20:00:00.000Z,2025-01-01T17:00:00.000Z,,CA,US,206th Street,90715
A4:CF:12:94:54:25,Traeger-5425,45.12414169,-93.12450409,A4:CF:12,5,wpa2,2024-08-26T19:00:00.000Z,2026-08-22T09:00:00.000Z,,MN,US,Ash Street,55014
A4:CF:12:94:55:35,Traeger-5535,31.88047981,-110.98545837,A4:CF:12,5,wpa2,2025-10-30T12:00:00.000Z,2025-11-14T05:00:00.000Z,,AZ,US,East Paseo de Golf,85614
A4:CF:12:94:56:39,Traeger-5639,37.33433914,-121.80326843,A4:CF:12,5,wpa2,2026-05-27T00:00:00.000Z,2026-05-30T16:00:00.000Z,San Jose,CA,US,Tully Road,95148
A4:CF:12:94:57:3D,Traeger-573D,46.3996315,-92.77346039,A4:CF:12,5,wpa2,2022-08-23T18:00:00.000Z,2026-06-07T16:00:00.000Z,,MN,US,Blue Star Memorial Highway,55767
A4:CF:12:94:58:69,Traeger-5869,45.20240021,-93.41377258,A4:CF:12,5,wpa2,2026-07-14T19:00:00.000Z,2026-07-20T15:00:00.000Z,,MN,US,Benton Street,55303
A4:CF:12:94:59:F5,Traeger-59F5,40.13629913,-111.57889557,A4:CF:12,5,wpa2,2026-05-11T02:00:00.000Z,2026-05-22T16:00:00.000Z,,UT,US,North Main Street,84664
A4:CF:12:94:5A:59,Traeger-5A59,51.81610489,-0.79970384,A4:CF:12,5,wpa2,2026-08-18T05:00:00.000Z,2026-08-25T01:00:00.000Z,,England,GB,Tring Road,HP20 1PQ
A4:CF:12:94:5A:91,Traeger-5A91,39.65666199,-104.94071198,A4:CF:12,5,wpa2,2026-04-12T16:00:00.000Z,2026-07-23T14:00:00.000Z,Denver,CO,US,South Colorado Boulevard,80222
A4:CF:12:94:5D:2D,Traeger-5D2D,43.71139526,-116.40372467,A4:CF:12,5,wpa2,2026-06-25T17:00:00.000Z,2026-06-25T13:00:00.000Z,,ID,US,North Park Lane,83616
A4:CF:12:94:5E:C9,Traeger-5EC9,41.02899551,-83.64409637,A4:CF:12,5,wpa2,2026-08-07T23:00:00.000Z,2026-08-29T12:00:00.000Z,Findlay,OH,US,1st Street,45840
A4:CF:12:94:5F:09,Traeger-5F09,33.91998291,-117.87113953,A4:CF:12,5,wpa2,2022-07-08T14:00:00.000Z,2026-01-05T20:00:00.000Z,,CA,US,North Associated Road,92821
A4:CF:12:94:60:41,Traeger-6041,35.83399582,-78.67325592,A4:CF:12,5,wpa2,2026-09-01T21:00:00.000Z,2026-09-01T15:00:00.000Z,Raleigh,NC,US,I 440;US 1,27612-3924
A4:CF:12:94:61:E9,Traeger-61E9,38.2986908,-122.48918152,A4:CF:12,5,wpa2,2020-04-17T19:00:00.000Z,2026-07-31T23:00:00.000Z,,CA,US,Grove Street,95476
A4:CF:12:94:62:A5,Traeger-62A5,45.06010056,-93.4520874,A4:CF:12,5,wpa2,2022-04-23T18:00:00.000Z,2025-04-11T19:00:00.000Z,,MN,US,County Road 47,55442
A4:CF:12:94:62:F1,Traeger-62F1,40.75867081,-96.61780548,A4:CF:12,5,wpa2,2025-03-17T23:00:00.000Z,2025-03-17T16:00:00.000Z,Lincoln,NE,US,South 76th Street,68516
A4:CF:12:94:65:C1,Traeger-65C1,40.44385147,-111.8877182,A4:CF:12,5,wpa2,2024-11-02T22:00:00.000Z,2025-11-28T21:00:00.000Z,Lehi,UT,US,North Woodcove Lane,84043
A4:CF:12:94:65:F4,,47.78987503,-116.86355591,A4:CF:12,4,none,2026-08-27T06:00:00.000Z,2026-08-27T07:00:00.000Z,,ID,US,Deadwood Avenue,83858
A4:CF:12:94:67:A5,Traeger-67A5,39.96109009,-91.40066528,A4:CF:12,5,wpa2,2024-12-04T00:00:00.000Z,2024-12-04T15:00:00.000Z,Quincy,IL,US,Northridge Drive,62305
A4:CF:12:94:68:F5,Traeger-68F5,42.95682907,-83.67220306,A4:CF:12,5,wpa2,2025-10-28T00:00:00.000Z,2025-10-27T22:00:00.000Z,,MI,US,Wishing Well Drive,48439
A4:CF:12:94:69:2D,Traeger-692D,33.13877487,-83.23965454,A4:CF:12,5,wpa2,2024-12-03T01:00:00.000Z,2026-01-02T01:00:00.000Z,,GA,US,Log Cabin Road,31061
A4:CF:12:94:69:69,Traeger-6969,44.11394882,-78.17261505,A4:CF:12,5,wpa2,2026-08-22T16:00:00.000Z,2026-08-22T17:00:00.000Z,Hamilton Township,Ontario,CA,Oak Ridges Drive,
A4:CF:12:94:6C:B5,Traeger-6CB5,38.0439949,-121.36183929,A4:CF:12,5,wpa2,2024-10-30T05:00:00.000Z,2025-05-22T21:00:00.000Z,Stockton,CA,US,Iron Canyon Circle,95209
A4:CF:12:94:6E:29,Traeger-6E29,38.85842896,-104.91770172,A4:CF:12,5,wpa2,2025-07-27T23:00:00.000Z,2025-07-27T23:00:00.000Z,,CO,US,Manitou Avenue,80829
A4:CF:12:94:6E:CD,Traeger-6ECD,41.17253494,-111.96311951,A4:CF:12,5,wpa2,2024-02-02T16:00:00.000Z,2026-08-31T12:00:00.000Z,,UT,US,Doren Drive,84408
A4:CF:12:94:6F:C5,Traeger-6FC5,41.19413376,-112.09305573,A4:CF:12,5,wpa2,2025-05-22T20:00:00.000Z,2025-12-07T11:00:00.000Z,West Haven,UT,US,South 4700 West,84315
A4:CF:12:94:70:1D,Traeger-701D,39.94297028,-104.92126465,A4:CF:12,5,wpa2,2021-09-14T16:00:00.000Z,2026-09-01T16:00:00.000Z,Thornton,CO,US,East 136th Avenue,80602
A4:CF:12:94:72:99,Traeger-7299,36.55909348,-119.39516449,A4:CF:12,5,wpa2,2023-09-22T01:00:00.000Z,2024-09-15T12:00:00.000Z,,CA,US,North Alta Avenue,93618
A4:CF:12:94:72:D4,,47.1903038,-122.32020569,A4:CF:12,1,wpa2,2026-08-06T23:00:00.000Z,2026-08-06T17:00:00.000Z,,WA,US,West Pioneer,98371
A4:CF:12:94:73:09,Traeger-7309,37.69978714,-121.04294586,A4:CF:12,6,wpa2,2026-08-13T03:00:00.000Z,2026-08-12T20:00:00.000Z,Modesto,CA,US,Mira Vista Drive,95356
A4:CF:12:94:74:7D,Traeger-747D,47.18677902,-122.56960297,A4:CF:12,5,wpa2,2022-11-13T13:00:00.000Z,2025-03-27T05:00:00.000Z,,WA,US,99th Avenue Southwest,98388
A4:CF:12:94:76:31,Traeger-7631,40.94236374,-75.44115448,A4:CF:12,5,wpa2,2024-05-01T14:00:00.000Z,2026-06-02T08:00:00.000Z,Chestnuthill Township,PA,US,Astolat Road,18330
A4:CF:12:94:76:A9,Traeger-76A9,38.84145737,-94.5296936,A4:CF:12,5,wpa2,2021-06-12T19:00:00.000Z,2025-11-13T03:00:00.000Z,Belton,MO,US,I 49;US 71,64147
A4:CF:12:94:76:B0,,47.20690155,-122.2829895,A4:CF:12,4,wpa2,2026-07-29T03:00:00.000Z,2026-08-28T17:00:00.000Z,,WA,US,Milwaukee Avenue East,98372
A4:CF:12:94:77:21,Traeger-7721,34.14744186,-109.96177673,A4:CF:12,5,wpa2,2024-11-17T21:00:00.000Z,2026-07-19T13:00:00.000Z,Show Low,AZ,US,West White Mountain Boulevard,85929
A4:CF:12:94:77:61,Traeger-7761,45.65593719,-122.52874756,A4:CF:12,5,wpa2,2025-07-19T22:00:00.000Z,2025-07-19T16:00:00.000Z,Vancouver,WA,US,Northeast 47th Street,98682
A4:CF:12:94:78:4D,Traeger-784D,39.60167313,-86.51442719,A4:CF:12,5,wpa2,2025-09-08T13:00:00.000Z,2026-07-12T18:00:00.000Z,,IN,US,Dwight D Eisenhower Highway,46157
A4:CF:12:94:7A:ED,Traeger-7AED,31.61167526,-87.8636322,A4:CF:12,5,wpa2,2025-10-28T20:00:00.000Z,2025-10-28T21:00:00.000Z,,AL,US,US 43,36545
A4:CF:12:94:7B:0D,Traeger-7B0D,40.00083542,-104.73181152,A4:CF:12,5,wpa2,2022-01-30T17:00:00.000Z,2026-05-08T19:00:00.000Z,,CO,US,Willow Drive,80603
A4:CF:12:94:7C:8D,Traeger-7C8D,38.86253738,-104.66990662,A4:CF:12,5,wpa2,2024-10-27T20:00:00.000Z,2024-10-27T15:00:00.000Z,,CO,US,Woodpark Drive,80938
A4:CF:12:94:81:78,,36.42816925,-77.63047791,A4:CF:12,2,unknown,2026-03-14T02:00:00.000Z,2026-03-15T08:00:00.000Z,,NC,US,I 95,27890
A4:CF:12:94:82:BD,D5 Device #5421Q2FY,41.3839035,-82.64299774,A4:CF:12,1,unknown,2025-08-31T19:00:00.000Z,2025-08-31T20:00:00.000Z,,OH,US,Kalahari Dr,
A4:CF:12:94:83:05,Aquascape Pump-F4FC8,43.05666351,-89.47286224,A4:CF:12,1,none,2024-08-06T22:00:00.000Z,2025-09-13T16:00:00.000Z,Madison,WI,US,South Whitney Way,53705
A4:CF:12:94:89:B1,AutAP_88H8Q,43.75233841,15.78825092,A4:CF:12,1,wpa2,2025-07-03T18:00:00.000Z,2025-07-03T14:00:00.000Z,,Šibensko-kninska županija,HR,Put Vatroslava Lisinskog,22211
A4:CF:12:94:9D:95,Traeger-9D95,39.22494507,-76.46405029,A4:CF:12,5,wpa2,2026-01-22T09:00:00.000Z,2026-01-30T04:00:00.000Z,Dundalk,MD,US,Wharf Road,21219
A4:CF:12:94:A1:81,CFX3_94a180,38.62813568,-121.45114899,A4:CF:12,1,wpa2,2021-08-21T21:00:00.000Z,2025-11-23T14:00:00.000Z,Sacramento,CA,US,Cora Huntzing Avenue,95838
A4:CF:12:94:A1:85,CFX3_94a184,29.25876999,-94.84329987,A4:CF:12,1,wpa2,2024-10-05T19:00:00.000Z,2026-03-05T04:00:00.000Z,Galveston,TX,US,Stewart Road,77551
A4:CF:12:94:B0:61,Traeger-B061,38.51293564,-109.48797607,A4:CF:12,5,wpa2,2020-06-29T16:00:00.000Z,2024-12-01T10:00:00.000Z,,UT,US,US 191,
A4:CF:12:94:B0:85,Traeger-B085,45.32216263,-92.70980072,A4:CF:12,5,wpa2,2023-07-29T16:00:00.000Z,2025-07-27T18:00:00.000Z,,MN,US,Osceola Road,55074
A4:CF:12:94:B1:F1,Traeger-B1F1,33.13142395,-97.07835388,A4:CF:12,5,wpa2,2024-11-29T21:00:00.000Z,2025-04-30T07:00:00.000Z,,TX,US,Swisher Road,75065
A4:CF:12:94:B4:AD,Traeger-B4AD,46.19698715,-119.25120544,A4:CF:12,5,wpa2,2024-10-14T14:00:00.000Z,2026-05-28T20:00:00.000Z,Kennewick,WA,US,South Clodfelter Road,99338-7319
A4:CF:12:94:B4:ED,Traeger-B4ED,40.15113068,-104.92425537,A4:CF:12,5,wpa2,2024-09-18T22:00:00.000Z,2024-09-19T06:00:00.000Z,,CO,US,Saint Vrain Ranch Boulevard,80504
A4:CF:12:94:B5:D5,Traeger-B5D5,41.03197098,-111.69735718,A4:CF:12,5,wpa2,2025-09-05T21:00:00.000Z,2025-09-05T17:00:00.000Z,,UT,US,South Morgan Valley Drive,84050
A4:CF:12:94:B7:E5,Traeger-B7E5,47.70401382,-122.18916321,A4:CF:12,5,wpa2,2024-09-09T05:00:00.000Z,2025-04-24T14:00:00.000Z,,WA,US,Northeast 116th Street,98033-5378
A4:CF:12:94:B8:00,caprica-iot,40.44184875,-104.94080353,A4:CF:12,11,unknown,2026-08-06T09:00:00.000Z,2026-08-07T07:00:00.000Z,,CO,US,Moon Rise Drive,80538-9005
A4:CF:12:94:B9:91,Traeger-B991,28.61105537,-81.25843811,A4:CF:12,5,wpa2,2025-01-11T21:00:00.000Z,2025-02-08T15:00:00.000Z,,FL,US,Central Florida GreeneWay,32817
A4:CF:12:94:BA:09,Traeger-BA09,35.08080292,-89.85349274,A4:CF:12,5,wpa2,2026-05-22T23:00:00.000Z,2026-08-07T23:00:00.000Z,Memphis,TN,US,Spey Drive,38119
A4:CF:12:94:BA:19,Traeger-BA19,45.98843765,-123.92731476,A4:CF:12,5,wpa2,2023-10-20T00:00:00.000Z,2025-04-04T16:00:00.000Z,,OR,US,South Edgewood Street,97138
A4:CF:12:94:BB:1D,Traeger-BB1D,41.20827484,-73.88299561,A4:CF:12,5,wpa2,2026-06-13T20:00:00.000Z,2026-08-11T15:00:00.000Z,,NY,US,Old Post Road South,10520
A4:CF:12:94:BB:5D,Traeger-BB5D,40.71365356,-111.89080811,A4:CF:12,5,wpa2,2023-09-02T16:00:00.000Z,2026-01-26T15:00:00.000Z,South Salt Lake,UT,US,East Malvern Avenue,84115
A4:CF:12:94:BC:85,Traeger-BC85,37.34563828,-121.92743683,A4:CF:12,5,wpa2,2022-03-13T13:00:00.000Z,2024-11-30T12:00:00.000Z,San Jose,CA,US,Delno Street,95126
A4:CF:12:94:BF:C9,Traeger-BFC9,38.88200378,-104.69972992,A4:CF:12,5,wpa2,2025-07-28T18:00:00.000Z,2025-07-28T12:00:00.000Z,Colorado Springs,CO,US,Heather Glen Drive,80922
A4:CF:12:94:BF:DD,Traeger-BFDD,43.63670349,-116.56510162,A4:CF:12,5,wpa2,2025-02-19T07:00:00.000Z,2026-07-05T13:00:00.000Z,Nampa,ID,US,,83867
A4:CF:12:94:C0:91,Traeger-C091,37.55587006,-97.24771118,A4:CF:12,5,wpa2,2026-06-19T00:00:00.000Z,2026-06-19T10:00:00.000Z,,KS,US,East James Street,67037
A4:CF:12:94:C1:65,Traeger-C165,38.65153122,-121.13977814,A4:CF:12,5,wpa2,2025-10-30T00:00:00.000Z,2026-02-08T18:00:00.000Z,Folsom,CA,US,Oak Avenue Parkway,95630
A4:CF:12:94:C1:89,Traeger-C189,34.40862656,-118.58391571,A4:CF:12,5,wpa2,2025-04-26T21:00:00.000Z,2025-04-26T18:00:00.000Z,Santa Clarita,CA,US,Sycamore Meadow Drive,91381
A4:CF:12:94:C1:A9,Traeger-C1A9,33.63456726,-117.87232208,A4:CF:12,5,wpa2,2025-01-15T01:00:00.000Z,2025-03-12T22:00:00.000Z,,CA,US,Jamboree Road,92660
A4:CF:12:94:C1:D1,Traeger-C1D1,43.60468674,-116.442276,A4:CF:12,5,wpa2,2026-06-30T14:00:00.000Z,2026-07-22T18:00:00.000Z,Meridian,ID,US,West Franklin Road,83687
A4:CF:12:94:C2:01,Traeger-C201,37.644207,-97.45904541,A4:CF:12,5,wep,2026-05-23T04:00:00.000Z,2026-05-23T11:00:00.000Z,Wichita,KS,US,South Carwood Circle,67215
A4:CF:12:94:C2:5D,Traeger-C25D,43.62358475,-116.65298462,A4:CF:12,5,wpa2,2025-08-16T15:00:00.000Z,2026-02-21T09:00:00.000Z,,ID,US,Lake Avenue,83651-8149
A4:CF:12:94:C2:A5,Traeger-C2A5,39.97172546,-104.95952606,A4:CF:12,5,wpa2,2024-05-31T18:00:00.000Z,2026-08-24T22:00:00.000Z,Thornton,CO,US,York Street,80241
A4:CF:12:94:C6:2D,Traeger-C62D,43.48088837,-96.77105713,A4:CF:12,5,wpa2,2025-01-30T00:00:00.000Z,2025-01-29T18:00:00.000Z,Sioux Falls,SD,US,South Hughes Avenue,57108-4227
A4:CF:12:94:C7:09,Traeger-C709,45.67866135,-122.58999634,A4:CF:12,5,wpa2,2023-08-10T14:00:00.000Z,2025-02-25T20:00:00.000Z,Vancouver,WA,US,Northeast 78th Street,98662
A4:CF:12:94:C8:79,Traeger-C879,33.96803284,-117.57886505,A4:CF:12,5,wpa2,2026-06-07T07:00:00.000Z,2026-06-12T04:00:00.000Z,,CA,US,65th Street,91752
A4:CF:12:94:CA:59,Traeger-CA59,48.10274887,-121.98683167,A4:CF:12,5,wpa2,2026-03-15T21:00:00.000Z,2026-03-16T01:00:00.000Z,,WA,US,Chappel Road,98252
A4:CF:12:94:CA:79,Traeger-CA79,45.16010666,-122.60157013,A4:CF:12,5,wpa2,2026-02-07T20:00:00.000Z,2026-08-30T13:00:00.000Z,,OR,US,OR 213,97038
A4:CF:12:94:CC:B5,Traeger-CCB5,37.32984161,-121.94658661,A4:CF:12,5,wpa2,2024-10-23T19:00:00.000Z,2026-08-10T20:00:00.000Z,San Jose,CA,US,North Redwood Avenue,95128
A4:CF:12:94:CF:59,Traeger-CF59,38.94473648,-119.74158478,A4:CF:12,5,wpa2,2026-04-21T19:00:00.000Z,2026-04-21T23:00:00.000Z,,NV,US,Chichester Drive,89410
A4:CF:12:94:D0:C5,Traeger-D0C5,29.49724388,-95.44199371,A4:CF:12,5,wpa2,2026-06-14T01:00:00.000Z,2026-06-15T15:00:00.000Z,,TX,US,Alvin-Sugarland Road,77583
A4:CF:12:94:D2:BD,Traeger-D2BD,42.56248856,-114.33522797,A4:CF:12,5,wpa2,2025-11-08T16:00:00.000Z,2025-11-08T13:00:00.000Z,,ID,US,East 3900 North Road,83325
A4:CF:12:94:D2:DD,Traeger-D2DD,33.81359863,-118.03604126,A4:CF:12,5,wpa2,2024-12-03T21:00:00.000Z,2024-12-03T16:00:00.000Z,,CA,US,Cynthia Circle,90630
A4:CF:12:94:D4:51,Traeger-D451,50.51663589,7.31600428,A4:CF:12,5,wpa2,2026-08-21T06:00:00.000Z,2026-08-29T08:00:00.000Z,,Rheinland-Pfalz,DE,Im Strang,53557
A4:CF:12:94:D6:F1,Traeger-D6F1,44.87316513,-93.58599854,A4:CF:12,5,wpa2,2023-12-04T00:00:00.000Z,2024-12-24T16:00:00.000Z,,MN,US,Longacres Drive,55317
A4:CF:12:94:D7:11,Traeger-D711,40.90153503,-81.01620483,A4:CF:12,5,wpa2,2024-04-25T12:00:00.000Z,2026-02-21T01:00:00.000Z,,OH,US,Mahoning Columbiana County Line Road,44609
A4:CF:12:94:D7:99,Traeger-D799,35.86880875,-78.61196899,A4:CF:12,5,wpa2,2023-03-04T18:00:00.000Z,2026-06-19T19:00:00.000Z,Raleigh,NC,US,Spring Forest Road,27615
A4:CF:12:94:D7:C1,Traeger-D7C1,35.99356461,-115.22566986,A4:CF:12,5,wpa2,2020-09-03T16:00:00.000Z,2025-05-12T13:00:00.000Z,,NV,US,South Jones Boulevard,89179
A4:CF:12:94:DA:B1,Traeger-DAB1,44.6372757,-95.09627533,A4:CF:12,5,wpa2,2025-11-15T03:00:00.000Z,2026-05-13T08:00:00.000Z,,MN,US,County Road 1,56230
A4:CF:12:94:DA:C9,Traeger-DAC9,39.13667679,-95.68809509,A4:CF:12,5,wpa2,2026-03-23T22:00:00.000Z,2026-06-20T16:00:00.000Z,Topeka,KS,US,Northwest 50th Street,66618
A4:CF:12:94:DD:29,Traeger-DD29,35.15932846,-89.98609161,A4:CF:12,5,wpa2,2025-12-02T22:00:00.000Z,2026-08-07T23:00:00.000Z,Memphis,TN,US,Jackson Avenue,38112
A4:CF:12:94:DD:99,Traeger-DD99,45.00396347,-85.76796722,A4:CF:12,5,wpa2,2024-11-02T17:00:00.000Z,2024-11-02T11:00:00.000Z,,MI,US,North Manitou Trail,49654
A4:CF:12:94:DD:D5,Traeger-DDD5,45.43621826,-122.33159637,A4:CF:12,5,wpa2,2026-06-25T16:00:00.000Z,2026-06-28T16:00:00.000Z,,OR,US,Southeast Revenue Road,97009
A4:CF:12:94:DE:0D,Traeger-DE0D,30.50788116,-90.93014526,A4:CF:12,5,wpa2,2025-09-15T14:00:00.000Z,2025-09-15T14:00:00.000Z,,LA,US,Lockhart Road,70726
A4:CF:12:94:DE:29,Traeger-DE29,41.06840134,-74.02375031,A4:CF:12,5,wpa2,2025-08-04T14:00:00.000Z,2025-08-06T09:00:00.000Z,,NY,US,West Crooked Hill Road,10965
A4:CF:12:94:E0:D5,Traeger-E0D5,40.61650085,-104.79201508,A4:CF:12,5,wpa2,2025-04-02T12:00:00.000Z,2025-04-02T06:00:00.000Z,,CO,US,County Road 29,80650
A4:CF:12:94:E1:DD,Traeger-E1DD,40.06266403,-75.40614319,A4:CF:12,5,wpa2,2023-04-21T12:00:00.000Z,2026-07-29T20:00:00.000Z,Tredyffrin Township,PA,US,Old Eagle School Road,19087
A4:CF:12:95:02:9D,Traeger-029D,34.03481674,-118.49925232,A4:CF:12,5,wpa2,2024-11-14T20:00:00.000Z,2024-11-14T15:00:00.000Z,Santa Monica,CA,US,Marguerita Avenue,90292
A4:CF:12:95:14:55,Traeger-1455,41.19796753,-112.05072021,A4:CF:12,5,wpa2,2022-04-11T14:00:00.000Z,2025-03-14T13:00:00.000Z,West Haven,UT,US,West 3600 South,84067
A4:CF:12:95:17:41,Traeger-1741,32.73878479,-97.3864212,A4:CF:12,5,wpa2,2026-08-02T15:00:00.000Z,2026-08-02T09:00:00.000Z,Fort Worth,TX,US,Western Avenue,76107
A4:CF:12:95:19:2D,Traeger-192D,43.57056427,-111.94378662,A4:CF:12,5,wpa2,2026-08-05T21:00:00.000Z,2026-08-05T15:00:00.000Z,,ID,US,North 45th East,83454
A4:CF:12:95:19:5D,Traeger-195D,48.18781281,-103.64128113,A4:CF:12,5,wpa2,2024-09-14T01:00:00.000Z,2026-07-13T18:00:00.000Z,Williston,ND,US,13th Avenue West,58801
A4:CF:12:95:19:D5,Traeger-19D5,38.38820648,-113.01424408,A4:CF:12,5,wpa2,2025-08-13T23:00:00.000Z,2025-08-13T19:00:00.000Z,,UT,US,Main Street,84751
A4:CF:12:95:19:FD,Traeger-19FD,38.69969177,-120.99273682,A4:CF:12,5,wpa2,2023-10-02T11:00:00.000Z,2026-03-08T20:00:00.000Z,,CA,US,Green Valley Road,95672
A4:CF:12:95:1A:C5,Traeger-1AC5,40.94549942,-117.7653656,A4:CF:12,5,wpa2,2021-07-23T18:00:00.000Z,2025-02-18T20:00:00.000Z,Winnemucca,NV,US,I 80;US 95,89445
A4:CF:12:95:1B:DD,Traeger-1BDD,27.11294746,-80.17345428,A4:CF:12,5,wpa2,2025-11-03T14:00:00.000Z,2025-11-03T06:00:00.000Z,,FL,US,Southeast Federal Highway,34997-7869
A4:CF:12:95:1D:75,Traeger-1D75,33.22513962,-117.29257202,A4:CF:12,5,wpa2,2023-11-24T08:00:00.000Z,2026-05-23T00:00:00.000Z,Oceanside,CA,US,Mesa Drive,92056-3471
A4:CF:12:95:1E:F1,Traeger-1EF1,45.49541092,-122.85660553,A4:CF:12,5,wpa2,2026-01-17T21:00:00.000Z,2026-01-18T01:00:00.000Z,,OR,US,Southwest 174th Avenue,97003
A4:CF:12:95:1F:E1,Traeger-1FE1,40.51670074,-104.85752106,A4:CF:12,5,wpa2,2025-06-10T01:00:00.000Z,2025-06-09T20:00:00.000Z,,CO,US,,
A4:CF:12:95:20:A9,Traeger-20A9,38.44468307,-121.84101868,A4:CF:12,5,wpa2,2025-05-25T15:00:00.000Z,2025-05-25T09:00:00.000Z,,CA,US,Pitt School Road,95620
A4:CF:12:95:23:F5,Traeger-23F5,33.8061142,-112.133461,A4:CF:12,5,wpa2,2026-03-02T19:00:00.000Z,2026-03-02T11:00:00.000Z,Phoenix,AZ,US,West Leisure Lane,85086
A4:CF:12:95:24:B1,Traeger-24B1,40.90618515,-72.99193573,A4:CF:12,5,wpa2,2025-02-06T06:00:00.000Z,2025-02-06T00:00:00.000Z,,NY,US,Shenandoah Boulevard,11727
A4:CF:12:95:25:61,Traeger-2561,39.72551346,-104.93764496,A4:CF:12,5,wpa2,2025-07-21T23:00:00.000Z,2026-05-25T14:00:00.000Z,Denver,CO,US,East 6th Avenue Parkway,80206
A4:CF:12:95:27:8D,Traeger-278D,40.69868851,-111.8341217,A4:CF:12,5,wpa2,2021-06-18T10:00:00.000Z,2026-06-19T08:00:00.000Z,Millcreek,UT,US,South 2000 East,84109
A4:CF:12:95:27:DD,Traeger-27DD,34.9190712,-82.1135025,A4:CF:12,5,wpa2,2026-07-03T03:00:00.000Z,2026-09-02T21:00:00.000Z,,SC,US,East Main Street,29334
A4:CF:12:95:28:19,Traeger-2819,40.01910782,-83.06584167,A4:CF:12,5,wpa2,2026-07-18T21:00:00.000Z,2026-07-18T15:00:00.000Z,,OH,US,Zollinger Road,43221
A4:CF:12:95:28:55,Traeger-2855,59.90180588,10.81476974,A4:CF:12,5,wpa2,2024-10-13T06:00:00.000Z,2025-08-02T13:00:00.000Z,Oslo,Nordre Manglerud,NO,Manglerudveien,0678
A4:CF:12:95:2A:25,Traeger-2A25,41.22629166,-111.97319031,A4:CF:12,5,wpa2,2025-09-06T17:00:00.000Z,2025-09-06T16:00:00.000Z,Ogden,UT,US,Grant Avenue,84403
A4:CF:12:95:2A:39,Traeger-2A39,39.67610168,-119.97167969,A4:CF:12,5,wpa2,2024-10-02T20:00:00.000Z,2024-10-02T22:00:00.000Z,,NV,US,Meadowlark Drive,89508
A4:CF:12:95:2A:C1,Traeger-2AC1,38.34589767,-121.45028687,A4:CF:12,5,wpa2,2025-08-24T03:00:00.000Z,2025-08-25T17:00:00.000Z,Elk Grove,CA,US,Franklin Boulevard,95686
A4:CF:12:95:2B:B9,Traeger-2BB9,39.54658127,-82.96330261,A4:CF:12,5,wpa2,2026-06-09T22:00:00.000Z,2026-06-24T16:00:00.000Z,,OH,US,US 23,43113
A4:CF:12:95:2C:89,Traeger-2C89,43.59726715,-116.32185364,A4:CF:12,5,wpa2,2026-03-04T23:00:00.000Z,2026-07-15T12:00:00.000Z,Meridian,ID,US,Vietnam Veterans Memorial Highway,83709
A4:CF:12:95:2D:69,Traeger-2D69,45.69784927,-122.57614136,A4:CF:12,5,wpa2,2025-06-29T23:00:00.000Z,2025-07-05T19:00:00.000Z,Vancouver,WA,US,Northeast 105th Street,98662
A4:CF:12:95:2E:45,Traeger-2E45,45.51386642,-122.51295471,A4:CF:12,5,wpa2,2024-11-02T22:00:00.000Z,2025-05-10T14:00:00.000Z,Portland,OR,US,Southeast Main Street,97233
A4:CF:12:95:2E:69,Traeger-2E69,40.39279556,-79.63909149,A4:CF:12,5,wpa2,2025-11-16T21:00:00.000Z,2025-11-16T13:00:00.000Z,Penn Township,PA,US,Harrison City Road,15644
A4:CF:12:95:2E:8D,Traeger-2E8D,38.90242767,-76.99473572,A4:CF:12,5,wpa2,2025-05-09T20:00:00.000Z,2025-05-09T16:00:00.000Z,Washington,DC,US,K Street Northeast,20002
A4:CF:12:95:2E:C5,Traeger-2EC5,30.26688194,-97.70471191,A4:CF:12,5,wpa2,2021-09-21T16:00:00.000Z,2026-03-14T20:00:00.000Z,Austin,TX,US,Govalle Avenue,78702
A4:CF:12:95:30:45,Traeger-3045,37.12428665,-120.23832703,A4:CF:12,5,wpa2,2026-06-20T20:00:00.000Z,2026-06-20T14:00:00.000Z,Chowchilla,CA,US,Golf Drive West,
A4:CF:12:95:32:99,Traeger-3299,34.15245056,-119.12010193,A4:CF:12,5,wpa2,2024-12-23T18:00:00.000Z,2024-12-23T13:00:00.000Z,,CA,US,Pacific Coast Highway,93042
A4:CF:12:95:32:F1,Traeger-32F1,42.48467255,-83.20836639,A4:CF:12,5,wpa2,2020-07-12T04:00:00.000Z,2026-08-01T09:00:00.000Z,,MI,US,Walter P Reuther Freeway,48076
A4:CF:12:95:32:F5,Traeger-32F5,30.67768097,-87.91381073,A4:CF:12,5,wpa2,2024-06-08T18:00:00.000Z,2025-01-25T14:00:00.000Z,,AL,US,Spanish Main,36527
A4:CF:12:95:33:0D,Traeger-330D,44.25849152,-88.36795044,A4:CF:12,5,wpa2,2020-09-30T19:00:00.000Z,2026-04-10T23:00:00.000Z,Appleton,WI,US,East College Avenue,54915
A4:CF:12:95:33:61,Traeger-3361,40.39163208,-111.80362701,A4:CF:12,5,wpa2,2026-09-01T21:00:00.000Z,2026-09-02T07:00:00.000Z,,UT,US,North 200 West,84003
A4:CF:12:95:35:E9,Traeger-35E9,41.80874634,-87.96135712,A4:CF:12,5,wpa2,2026-04-12T02:00:00.000Z,2026-04-12T01:00:00.000Z,,IL,US,Oxford Avenue,60514
A4:CF:12:95:37:B5,Traeger-37B5,45.80451584,-108.48399353,A4:CF:12,5,wpa2,2023-05-07T14:00:00.000Z,2026-08-04T15:00:00.000Z,Billings,MT,US,Aronson Avenue,59015
A4:CF:12:95:37:D5,Traeger-37D5,46.18524933,-119.12795258,A4:CF:12,5,wpa2,2024-06-09T15:00:00.000Z,2025-01-25T22:00:00.000Z,Kennewick,WA,US,West 25th Avenue,99337
A4:CF:12:95:38:8D,Traeger-388D,46.90824509,-96.78025055,A4:CF:12,5,wpa2,2026-06-30T00:00:00.000Z,2026-06-29T18:00:00.000Z,Fargo,ND,US,23rd Avenue North,58105
A4:CF:12:95:39:51,Traeger-3951,39.01691437,-104.82855225,A4:CF:12,5,wpa2,2023-02-14T21:00:00.000Z,2025-06-17T21:00:00.000Z,,CO,US,I 25,80921
A4:CF:12:95:39:F5,Traeger-39F5,42.27153397,-83.72688293,A4:CF:12,5,wpa2,2025-10-09T19:00:00.000Z,2025-10-09T12:00:00.000Z,Ann Arbor,MI,US,Washtenaw Avenue,48108
A4:CF:12:95:3C:89,Traeger-3C89,45.70176315,-122.48350525,A4:CF:12,5,wpa2,2025-07-06T00:00:00.000Z,2026-07-25T15:00:00.000Z,,WA,US,Northeast Ward Road,98606
A4:CF:12:95:3C:F1,Traeger-3CF1,41.60055923,-72.98856354,A4:CF:12,5,wep,2025-11-24T00:00:00.000Z,2025-12-19T15:00:00.000Z,,CT,US,Potuccos Ring Road,06716
A4:CF:12:95:3E:1D,Traeger-3E1D,36.00719833,-115.28905487,A4:CF:12,5,wpa2,2021-07-26T21:00:00.000Z,2026-06-12T14:00:00.000Z,,NV,US,South El Capitan Way,89141
A4:CF:12:95:3E:95,Traeger-3E95,40.85375214,-77.58641815,A4:CF:12,5,wpa2,2023-03-27T00:00:00.000Z,2025-03-06T08:00:00.000Z,,PA,US,Penns Valley Road,16875
A4:CF:12:95:40:75,Traeger-4075,33.35778809,-117.15041351,A4:CF:12,5,wpa2,2025-01-04T23:00:00.000Z,2025-01-04T16:00:00.000Z,,CA,US,Blue Brenton Drive,
A4:CF:12:95:41:79,Traeger-4179,33.16691589,-117.22704315,A4:CF:12,5,wpa2,2026-05-09T02:00:00.000Z,2026-05-08T20:00:00.000Z,Vista,CA,US,Shadowridge Drive,92081
A4:CF:12:95:41:D5,Traeger-41D5,41.99442291,-87.80431366,A4:CF:12,5,wpa2,2026-02-19T23:00:00.000Z,2026-02-21T00:00:00.000Z,Chicago,IL,US,North Avondale Avenue,60631
A4:CF:12:95:4C:D9,Traeger-4CD9,42.31738663,-84.00117493,A4:CF:12,5,wpa2,2023-05-02T20:00:00.000Z,2026-03-04T15:00:00.000Z,,MI,US,Darwin Drive,48118
A4:CF:12:95:4D:19,Aquascape Pump-CC2A8,39.45991135,-77.79516602,A4:CF:12,1,unknown,2025-03-23T00:00:00.000Z,2025-03-22T21:00:00.000Z,,MD,US,Chesapeake and Ohio Canal Trail,25443-1603
A4:CF:12:95:4D:95,Aquascape Smart Plug-5A287,33.47465134,-112.15795135,A4:CF:12,1,unknown,2026-03-06T17:00:00.000Z,2026-03-06T12:00:00.000Z,Phoenix,AZ,US,West Lewis Avenue,85031
A4:CF:12:95:52:91,Traeger-5291,27.94682121,-81.67575836,A4:CF:12,5,wpa2,2024-01-06T06:00:00.000Z,2026-08-30T08:00:00.000Z,,FL,US,CR 653,33884
A4:CF:12:95:54:ED,Traeger-54ED,33.37001801,-83.88541412,A4:CF:12,5,wpa2,2021-06-19T15:00:00.000Z,2026-04-05T11:00:00.000Z,,GA,US,Barnetts Bridge Road,30233
A4:CF:12:95:55:CD,Aquascape Pump-D5D5E,39.72254944,-104.99359894,A4:CF:12,1,unknown,2025-06-13T18:00:00.000Z,2025-06-13T14:00:00.000Z,Denver,CO,US,West 4th Avenue,80223
A4:CF:12:95:57:A9,Aquascape Pump-6009E,35.7158165,-97.41627502,A4:CF:12,1,none,2023-04-26T12:00:00.000Z,2025-11-09T14:00:00.000Z,Edmond,OK,US,World War II Veterans Memorial Highway,73129
A4:CF:12:95:5A:BD,CFX3_955abc,48.19240189,-114.31933594,A4:CF:12,1,wpa2,2024-09-05T18:00:00.000Z,2025-01-04T22:00:00.000Z,Kalispell,MT,US,5th Avenue West,59901-4451
A4:CF:12:95:5A:F1,CFX3_FJ_Chris,-31.93322945,115.80489349,A4:CF:12,1,wpa2,2024-01-09T21:00:00.000Z,2026-03-12T05:00:00.000Z,,Western Australia,AU,Herdsman Parade,6014
A4:CF:12:95:5D:9D,Aquascape Pump-E19E3,39.71293259,-104.8931427,A4:CF:12,1,unknown,2026-01-17T01:00:00.000Z,2026-01-16T19:00:00.000Z,Denver,CO,US,Fairmount Drive,80230
A4:CF:12:95:5E:F9,Aquascape Pump-EA972,49.16799545,-122.57639313,A4:CF:12,1,unknown,2026-05-10T19:00:00.000Z,2026-05-10T13:00:00.000Z,,British Columbia,CA,Mary Avenue,V1M 1A0
A4:CF:12:95:62:11,Aquascape Pump-1DA8A,43.52585602,-73.67344666,A4:CF:12,1,none,2022-06-25T12:00:00.000Z,2026-08-18T08:00:00.000Z,,NY,US,Lake Shore Drive,12845-6711
A4:CF:12:95:64:B5,Aquascape Pump-E4179,28.04276085,-82.76687622,A4:CF:12,1,none,2026-09-02T13:00:00.000Z,2026-09-02T07:00:00.000Z,Palm Harbor,FL,US,Armour Drive,34698
A4:CF:12:95:71:3D,diaLog_X_2459,52.17116165,9.08454132,A4:CF:12,1,wpa2,2026-02-20T17:00:00.000Z,2026-02-21T01:00:00.000Z,,Niedersachsen,DE,Extertalstraße,31737
A4:CF:12:95:71:41,Traeger-7141,40.04828262,-105.25271606,A4:CF:12,5,wpa2,2024-11-23T03:00:00.000Z,2024-11-22T20:00:00.000Z,Boulder,CO,US,Dominica Place,80304
A4:CF:12:95:82:D1,Baoser Dumatic,37.72292328,-122.13745117,A4:CF:12,1,wpa2,2025-09-04T17:00:00.000Z,2026-02-16T11:00:00.000Z,,CA,US,Evergreen Avenue,94577
A4:CF:12:95:85:25,CFMSST_AM200553,45.45300674,9.20424747,A4:CF:12,1,wpa2,2024-02-29T11:00:00.000Z,2026-07-15T00:00:00.000Z,Milano,Lombardia,IT,Via Carlo Botta,20135
A4:CF:12:95:86:4D,CFMTDU_71HQ0075,44.42249298,26.07089043,A4:CF:12,4,wpa2,2026-05-28T15:00:00.000Z,2026-08-16T22:00:00.000Z,Municipiul București,Sector 5,RO,Calea 13 Septembrie,050729
A4:CF:12:95:86:59,CFMTDU_71HD0036,45.42078781,4.41113615,A4:CF:12,10,wpa2,2023-07-16T16:00:00.000Z,2025-11-20T07:00:00.000Z,Saint-Étienne,Auvergne-Rhône-Alpes,FR,N 88,42100
A4:CF:12:95:86:A9,CFMTDU_71TP0437,52.30838394,7.16003418,A4:CF:12,7,wpa2,2025-03-04T15:00:00.000Z,2025-03-05T09:00:00.000Z,,Niedersachsen,DE,Bahnhofstraße,48455
A4:CF:12:95:87:BD,CFMTDU_71HH0367,59.37091446,16.51364708,A4:CF:12,4,wpa2,2025-01-16T10:00:00.000Z,2025-01-16T03:00:00.000Z,Eskilstuna,Södermanlands län,SE,Fristadstorget,63218
A4:CF:12:95:87:C5,CFMTDU_71HF0251,59.35823441,17.9981308,A4:CF:12,11,wpa2,2025-09-11T08:00:00.000Z,2025-09-11T13:00:00.000Z,,Stockholms län,SE,,17144
A4:CF:12:95:87:DD,CFMTDU_71CP0184,47.87611771,17.27331161,A4:CF:12,8,wpa2,2026-03-02T13:00:00.000Z,2026-03-02T06:00:00.000Z,Mosonmagyaróvár,Nyugat-Dunántúl,HU,Jókai utca,9200
A4:CF:12:95:87:E5,CFMSST_AM200514,-37.20789337,174.90049744,A4:CF:12,7,wpa2,2026-04-22T02:00:00.000Z,2026-04-21T21:00:00.000Z,Franklin,Auckland,NZ,Queen Street,2120
A4:CF:12:95:89:99,CFMTDU_71TP0435,37.99354935,-1.13272417,A4:CF:12,2,wpa2,2026-02-20T13:00:00.000Z,2026-02-20T21:00:00.000Z,Murcia,Región de Murcia,ES,Calle José Ballester,30008
A4:CF:12:95:89:D9,CFMSST_AM101926,43.26425934,-2.92963624,A4:CF:12,4,wpa2,2025-11-03T13:00:00.000Z,2026-05-20T05:00:00.000Z,Bilbao,Euskadi,ES,Calle Henao / Henao kalea,48071
A4:CF:12:95:8A:15,CFMSST_AA100608,37.67272186,21.43532944,A4:CF:12,3,wpa2,2022-09-30T21:00:00.000Z,2026-03-14T04:00:00.000Z,,"Αποκεντρωμένη Διοίκηση Πελοποννήσου, Δυτικής Ελλάδας και Ιονίου",GR,Μανωλοπούλου,27131
A4:CF:12:95:8A:61,CFMSST_AM200602,53.39550781,-2.20381975,A4:CF:12,8,wpa2,2023-11-09T22:00:00.000Z,2025-04-30T04:00:00.000Z,Stockport,England,GB,Councillor Lane,SK8 2LE
A4:CF:12:95:8B:65,CFMSST_AM102077,41.44857788,1.96851349,A4:CF:12,1,wpa2,2025-04-30T10:00:00.000Z,2025-05-01T04:00:00.000Z,Sant Andreu de la Barca,Catalunya,ES,Avinguda Constitució,08740
A4:CF:12:95:8B:9D,CFMSST_AA100593,49.43792725,18.7824173,A4:CF:12,3,wpa2,2025-09-12T08:00:00.000Z,2025-09-12T01:00:00.000Z,,Žilinský kraj,SK,Palárikova,022 01
A4:CF:12:95:92:05,CFX3_959204,38.57381439,-109.55084229,A4:CF:12,1,wpa2,2025-05-02T15:00:00.000Z,2025-05-04T20:00:00.000Z,,UT,US,US 191,84532
A4:CF:12:95:94:81,CFMSST_AM200632,-33.65761185,115.31253815,A4:CF:12,7,wpa2,2026-05-26T10:00:00.000Z,2026-05-26T03:00:00.000Z,,Western Australia,AU,Bussell Highway,
A4:CF:12:95:94:D9,CFMSST_AM300145,51.72314835,36.17372894,A4:CF:12,1,unknown,2022-01-17T10:00:00.000Z,2025-04-25T11:00:00.000Z,Курск,Курская область,RU,улица Дзержинского,305000
A4:CF:12:95:95:11,CFMSST_AC200073,25.08405876,121.55286407,A4:CF:12,9,wpa2,2025-11-27T03:00:00.000Z,2025-11-27T05:00:00.000Z,臺北市,臺北市,TW,敬業一路,104
A4:CF:12:95:95:19,CFMSST_AM101761,45.23619461,11.74843502,A4:CF:12,6,wpa2,2023-03-21T18:00:00.000Z,2024-12-11T06:00:00.000Z,,Veneto,IT,Via Giuseppe Garibaldi,35043
A4:CF:12:95:95:49,CFMSST_AM200614,-31.91303635,152.4589386,A4:CF:12,3,wpa2,2025-03-13T01:00:00.000Z,2025-04-06T22:00:00.000Z,Taree,New South Wales,AU,Pulteney Street,2430
A4:CF:12:95:95:95,CFMSST_AM101962,-37.72155762,144.5705719,A4:CF:12,3,wpa2,2026-02-26T08:00:00.000Z,2026-02-26T17:00:00.000Z,Melbourne,Victoria,AU,Elpis Road,3338
A4:CF:12:95:A1:AD,CFX3_95a1ac,33.29640961,-111.74702454,A4:CF:12,1,wpa2,2025-11-05T17:00:00.000Z,2026-07-01T02:00:00.000Z,Gilbert,AZ,US,South Market Street,85295
A4:CF:12:95:A4:2D,Traeger-A42D,42.15700531,-123.64112091,A4:CF:12,5,wpa2,2026-08-20T00:00:00.000Z,2026-08-20T09:00:00.000Z,,OR,US,South Old Stage Road,97523
A4:CF:12:95:A5:4D,Traeger-A54D,42.57315063,-82.97969055,A4:CF:12,5,wpa2,2025-03-03T18:00:00.000Z,2026-04-30T09:00:00.000Z,Sterling Heights,MI,US,Utica Road,48313
A4:CF:12:95:A5:AD,Traeger-A5AD,37.69276047,-121.05371857,A4:CF:12,5,wpa2,2024-03-07T02:00:00.000Z,2025-05-12T11:00:00.000Z,Modesto,CA,US,,95356
A4:CF:12:95:A7:21,Traeger-A721,33.60453415,-111.76569366,A4:CF:12,5,wpa2,2025-12-20T01:00:00.000Z,2025-12-19T17:00:00.000Z,Scottsdale,AZ,US,North 145th Way,85259
A4:CF:12:95:A7:DD,Traeger-A7DD,59.67651749,10.61398411,A4:CF:12,5,wpa2,2026-08-08T06:00:00.000Z,2026-08-08T03:00:00.000Z,,Viken,NO,Østre batteri,1443
A4:CF:12:95:A9:19,CFX3_95a918,39.27716827,-84.34156036,A4:CF:12,1,wpa2,2026-04-15T14:00:00.000Z,2026-04-15T17:00:00.000Z,,OH,US,Northeast Expressway,45249
A4:CF:12:95:A9:FD,Traeger-A9FD,40.15260696,-104.93470764,A4:CF:12,5,wpa2,2024-09-30T15:00:00.000Z,2024-10-25T09:00:00.000Z,,CO,US,Stagecoach Avenue,80504
A4:CF:12:95:AA:F1,CFX3_95aaf0,47.39335251,8.4994812,A4:CF:12,1,wpa2,2025-11-18T08:00:00.000Z,2025-11-18T00:00:00.000Z,Zürich,Zürich,CH,Pfingstweidstrasse,8049
A4:CF:12:95:AD:45,Traeger-AD45,42.84107208,-106.33264923,A4:CF:12,5,wpa2,2026-08-30T03:00:00.000Z,2026-08-30T08:00:00.000Z,Casper,WY,US,West 10th Street,82601
A4:CF:12:95:AF:C5,Traeger-AFC5,47.87693405,-122.23595428,A4:CF:12,5,wpa2,2025-07-09T08:00:00.000Z,2025-07-09T02:00:00.000Z,,WA,US,13th Avenue West,98204
A4:CF:12:95:AF:D9,Traeger-AFD9,38.2345047,-104.67466736,A4:CF:12,5,wpa2,2026-02-22T06:00:00.000Z,2026-03-19T01:00:00.000Z,Pueblo,CO,US,Kingsroyal Boulevard,81005
A4:CF:12:95:B0:51,Traeger-B051,36.3115921,-115.20724487,A4:CF:12,5,wpa2,2025-12-15T20:00:00.000Z,2025-12-15T19:00:00.000Z,Las Vegas,NV,US,North Decatur Boulevard,89131
A4:CF:12:95:B1:2D,CFX3_95b12c,-31.08572578,150.91627502,A4:CF:12,1,wpa2,2022-02-14T14:00:00.000Z,2026-03-14T16:00:00.000Z,Tamworth,New South Wales,AU,,2340
A4:CF:12:95:B5:19,Traeger-B519,39.13290024,-84.42720032,A4:CF:12,5,wpa2,2026-07-22T20:00:00.000Z,2026-07-22T16:00:00.000Z,Cincinnati,OH,US,Delta Avenue,45266
A4:CF:12:95:B6:0D,Traeger-B60D,47.66950989,-117.11412811,A4:CF:12,5,wpa2,2026-03-29T13:00:00.000Z,2026-03-29T08:00:00.000Z,,WA,US,I 90,99019
A4:CF:12:95:B7:31,Traeger-B731,40.51454544,-112.01255798,A4:CF:12,5,wpa2,2024-02-24T17:00:00.000Z,2025-12-15T15:00:00.000Z,,UT,US,South Summerdale Drive,84096
A4:CF:12:95:B9:01,Traeger-B901,43.74581909,-122.45614624,A4:CF:12,5,wpa2,2023-04-15T11:00:00.000Z,2024-10-27T18:00:00.000Z,,OR,US,Railroad Avenue,97463
A4:CF:12:95:BC:9D,Traeger-BC9D,34.03985214,-118.47462463,A4:CF:12,5,wpa2,2023-01-02T17:00:00.000Z,2024-11-29T16:00:00.000Z,Santa Monica,CA,US,Stanford Street,90292
A4:CF:12:95:F5:9D,Aquascape Pump-3E9B2,47.63237,-122.30566406,A4:CF:12,1,unknown,2024-06-17T03:00:00.000Z,2024-09-27T16:00:00.000Z,Seattle,WA,US,East Galer Street,98112
A4:CF:12:95:F6:15,Aquascape Pump-F0397,40.53859711,-78.39313507,A4:CF:12,1,none,2026-06-02T09:00:00.000Z,2026-08-21T16:00:00.000Z,Altoona,PA,US,North 3rd Street,16601
A4:CF:12:95:F7:09,Aquascape Pump-8DF29,41.88121414,-88.06365967,A4:CF:12,1,unknown,2025-09-02T01:00:00.000Z,2025-09-03T15:00:00.000Z,,IL,US,North Park Boulevard,60137
A4:CF:12:96:06:9D,Aquascape Pump-A79C7,35.62519455,-97.52249908,A4:CF:12,1,unknown,2023-01-23T06:00:00.000Z,2026-05-07T14:00:00.000Z,Oklahoma City,OK,US,Traditions Boulevard,73013
A4:CF:12:96:0D:51,Aquascape Pump-A9D42,39.7342186,-74.90685272,A4:CF:12,1,unknown,2023-12-05T22:00:00.000Z,2026-04-12T15:00:00.000Z,,NJ,US,Blue Anchor Road,08009
A4:CF:12:96:11:5D,Aquascape Pump-A4891,50.70701981,-119.27443695,A4:CF:12,1,unknown,2026-07-22T19:00:00.000Z,2026-07-22T13:00:00.000Z,,British Columbia,CA,Harbourfront Drive,V1E 3M1
A4:CF:12:96:45:F5,Mysa-9645f4,39.50463486,-105.3164978,A4:CF:12,1,unknown,2026-03-29T18:00:00.000Z,2026-03-29T12:00:00.000Z,,CO,US,United States Highway 285,80433
A4:CF:12:96:64:8D,Mysa-96648c,40.45765686,-106.80005646,A4:CF:12,1,unknown,2024-11-21T18:00:00.000Z,2024-11-21T19:00:00.000Z,,CO,US,Thunderhead Trail,80477
A4:CF:12:96:65:59,Aquascape Pump-5090D,37.93397141,-122.08299255,A4:CF:12,1,unknown,2024-03-07T20:00:00.000Z,2025-06-12T16:00:00.000Z,,CA,US,Pleasant Hill Road,94597
A4:CF:12:96:6A:01,Aquascape Pump-7B2B4,33.91592026,-81.31835938,A4:CF:12,1,none,2021-04-09T11:00:00.000Z,2026-08-27T06:00:00.000Z,,SC,US,I 20,
A4:CF:12:96:7D:21,Afterburner,51.31719589,-0.4389165,A4:CF:12,1,wpa2,2025-08-20T15:00:00.000Z,2025-08-20T09:00:00.000Z,Elmbridge,England,GB,M25,KT11 1PH
A4:CF:12:96:EF:75,Aquascape Smart Plug-98B11,39.67485046,-104.94919586,A4:CF:12,1,unknown,2025-12-24T00:00:00.000Z,2025-12-24T03:00:00.000Z,Denver,CO,US,East Iliff Avenue,80210
A4:CF:12:96:F3:05,Aquascape Pump-055B6,41.30580139,-111.9624939,A4:CF:12,1,none,2024-04-07T22:00:00.000Z,2026-04-05T18:00:00.000Z,,UT,US,East 2600 North,84414
A4:CF:12:96:F3:09,Aquascape Pump-A93BD,37.92525864,-122.35114288,A4:CF:12,1,unknown,2026-04-03T08:00:00.000Z,2026-04-03T02:00:00.000Z,Richmond,CA,US,Cutting Boulevard,94804
A4:CF:12:96:F3:15,Aquascape Pump-6A252,41.76003647,-88.86445618,A4:CF:12,1,unknown,2022-07-17T14:00:00.000Z,2025-07-04T20:00:00.000Z,,IL,US,Preserve Road,60556
A4:CF:12:96:F3:C9,Aquascape Pump-0E68B,41.91210175,-88.31008148,A4:CF:12,1,unknown,2025-06-07T18:00:00.000Z,2025-06-07T12:00:00.000Z,,IL,US,South 3rd Avenue,60174
A4:CF:12:96:F5:F1,Aquascape Pump-0EAB3,43.56124115,-116.364151,A4:CF:12,1,unknown,2022-07-19T16:00:00.000Z,2026-06-25T13:00:00.000Z,Meridian,ID,US,East Amity Road,83642
A4:CF:12:96:F6:85,Aquascape Pump-6ADC6,34.21921539,-118.64581299,A4:CF:12,1,unknown,2023-11-07T23:00:00.000Z,2025-02-13T18:00:00.000Z,Los Angeles,CA,US,Roscoe Boulevard,91304
A4:CF:12:96:F8:41,Aquascape Pump-06CE5,34.43615723,-119.89636993,A4:CF:12,1,none,2023-01-22T10:00:00.000Z,2026-07-17T01:00:00.000Z,,CA,US,Calle Real,93117
A4:CF:12:97:2B:11,T009_972B10,46.20500946,6.88114643,A4:CF:12,6,unknown,2026-01-07T08:00:00.000Z,2026-01-10T03:00:00.000Z,Val-d'Illiez,Valais/Wallis,CH,Route des Crosets,1873
A4:CF:12:97:2B:2D,T009_972B2C,51.87269974,6.25429583,A4:CF:12,1,unknown,2026-04-06T13:00:00.000Z,2026-04-09T05:00:00.000Z,,Gelderland,NL,Don Rualaan,7041SL
A4:CF:12:97:E5:A5,Mysa-97e5a4,45.46640396,-73.62434387,A4:CF:12,0,unknown,2025-10-08T12:00:00.000Z,2025-10-08T14:00:00.000Z,Montréal,Québec,CA,Avenue Kensington,H3X 2B6
A4:CF:12:97:E7:91,Mysa-97e790,50.71387863,-119.2589035,A4:CF:12,1,unknown,2026-07-22T19:00:00.000Z,2026-07-22T13:00:00.000Z,,British Columbia,CA,19 Avenue Northeast,V1E 2G3
A4:CF:12:98:1E:F0,,47.45374298,-122.19759369,A4:CF:12,6,wpa2,2026-08-07T20:00:00.000Z,2026-08-07T18:00:00.000Z,,WA,US,Benson Road South,98055
A4:CF:12:98:AC:41,Nightlamp Elise,50.63768387,4.6561017,A4:CF:12,13,wpa2,2026-07-30T14:00:00.000Z,2026-07-30T12:00:00.000Z,,Brabant wallon,BE,Rue Margot,1457
A4:CF:12:99:29:BD,ESP_9929BD,38.37540054,27.07525635,A4:CF:12,1,unknown,2026-05-09T18:00:00.000Z,2026-05-09T14:00:00.000Z,,Ege Bölgesi,TR,Selway Outlet Balçova,35330
A4:CF:12:99:D8:71,esp32-bluetooth-proxy-99d870,53.81087494,-1.6075505,A4:CF:12,1,unknown,2025-05-03T13:00:00.000Z,2025-05-30T05:00:00.000Z,Leeds,England,GB,Armley Ridge Road,LS12 2RD
A4:CF:12:9A:1C:69,ACS_Demonstrator_2026,36.13194656,-115.15285492,A4:CF:12,1,wpa2,2026-01-07T20:00:00.000Z,2026-01-07T12:00:00.000Z,,NV,US,Silver Drive,89104-2530
A4:CF:12:9A:A4:58,,40.94250107,-72.85705566,A4:CF:12,2,unknown,2024-11-05T22:00:00.000Z,2024-11-05T17:00:00.000Z,,NY,US,Hermitage Street,11792
A4:CF:12:9A:C9:89,chek,43.30563354,-70.58482361,A4:CF:12,3,wpa2,2025-01-25T18:00:00.000Z,2025-02-10T09:00:00.000Z,,ME,US,Post Road,04090
A4:CF:12:9A:E1:7D,ChickenGate24,52.76831055,10.49370384,A4:CF:12,6,wpa2,2024-11-08T13:00:00.000Z,2025-02-26T05:00:00.000Z,,Niedersachsen,DE,Hauptstraße,29365
A4:CF:12:9A:E4:8D,ESP32-Sensor-AP-A4:CF:12:9A:E4:8,53.33115387,9.83265495,A4:CF:12,6,unknown,2025-06-21T11:00:00.000Z,2025-06-21T05:00:00.000Z,,Niedersachsen,DE,Bundesstraße,21244
A4:CF:12:9B:04:7D,mhomas,49.39889526,11.075737,A4:CF:12,1,wpa2,2026-07-15T06:00:00.000Z,2026-07-15T09:00:00.000Z,Nürnberg,Bayern,DE,A 73,90469
A4:CF:12:9B:7D:90,,44.96845245,-93.83296967,A4:CF:12,4,none,2026-09-02T19:00:00.000Z,2026-09-02T20:00:00.000Z,,MN,US,Hickory Curve,55388
A4:CF:12:9B:BA:88,,41.5814476,-93.76863861,A4:CF:12,1,unknown,2026-05-01T16:00:00.000Z,2026-08-23T15:00:00.000Z,West Des Moines,IA,US,Aspen Drive,50265
A4:CF:12:9B:CD:50,,40.92045212,-74.11728668,A4:CF:12,2,none,2026-08-11T09:00:00.000Z,2026-08-11T08:00:00.000Z,,NJ,US,13th Avenue,07407
A4:CF:12:9B:DF:04,,34.29975891,-118.70740509,A4:CF:12,1,none,2026-08-21T17:00:00.000Z,2026-08-22T15:00:00.000Z,Simi Valley,CA,US,Greenville Drive,90363
A4:CF:12:9B:F9:ED,Gateway-9BF9EC,44.23278046,12.0339241,A4:CF:12,1,unknown,2001-01-01T20:00:00.000Z,2024-11-18T05:00:00.000Z,Forlì,Emilia-Romagna,IT,Via Pelacano,47100
A4:CF:12:9C:04:4C,,40.95797729,-72.88760376,A4:CF:12,3,unknown,2024-11-05T23:00:00.000Z,2024-11-05T17:00:00.000Z,,NY,US,Harvard Road,11786
A4:CF:12:9C:3E:3C,,27.8103981,-82.62381744,A4:CF:12,1,unknown,2025-06-19T20:00:00.000Z,2025-06-23T21:00:00.000Z,Saint Petersburg,FL,US,42nd Avenue Northeast,33703
A4:CF:12:9C:3E:FC,,39.94684601,-86.02429199,A4:CF:12,4,unknown,2024-09-17T03:00:00.000Z,2025-07-16T17:00:00.000Z,,IN,US,Heather Lane,46038
A4:CF:12:9C:5E:90,,44.94805527,-93.13658905,A4:CF:12,7,wpa2,2026-06-28T02:00:00.000Z,2026-06-27T19:00:00.000Z,Saint Paul,MN,US,North Victoria Street,55104
A4:CF:12:9C:65:2C,,37.48702621,-120.83248138,A4:CF:12,3,unknown,2024-09-03T23:00:00.000Z,2024-09-03T18:00:00.000Z,Turlock,CA,US,South Rose Street,95381
A4:CF:12:9C:8C:CC,<hidden>,43.23976135,-77.45359802,A4:CF:12,10,none,2026-07-14T17:00:00.000Z,2026-07-14T11:00:00.000Z,,NY,US,Bright Stream Way,14580
A4:CF:12:9C:A4:20,,47.67683792,-116.76896667,A4:CF:12,11,none,2026-08-27T13:00:00.000Z,2026-08-27T15:00:00.000Z,Coeur d'Alene,ID,US,East Wallace Avenue,83814-9510
A4:CF:12:9C:A9:61,Gateway-9CA960,44.4876976,11.26632309,A4:CF:12,1,none,2022-12-10T13:00:00.000Z,2026-07-20T07:00:00.000Z,,Emilia-Romagna,IT,Ramo Casalecchio,40033
A4:CF:12:9D:27:AD,Gateway-9D27AC,43.7154274,10.39730358,A4:CF:12,1,unknown,2024-09-24T12:00:00.000Z,2024-09-24T07:00:00.000Z,,Toscana,IT,Lungarno Gambacorti,56125
A4:CF:12:9D:4A:36,,40.81787872,-74.44442749,A4:CF:12,0,none,2024-10-10T14:00:00.000Z,2024-10-10T09:00:00.000Z,,NJ,US,I 287,07927
A4:CF:12:9D:4D:11,Lavish Lighting ,44.72028732,-93.41483307,A4:CF:12,1,none,2024-09-21T00:00:00.000Z,2026-08-24T22:00:00.000Z,,MN,US,Highway 13 South,55372
A4:CF:12:9D:4D:D1,Bears #4,43.05812836,-89.4094162,A4:CF:12,1,unknown,2025-09-06T22:00:00.000Z,2025-09-06T16:00:00.000Z,Madison,WI,US,Vilas Park Drive,53715
A4:CF:12:9D:4F:15,Carousel #2,43.05937958,-89.4118042,A4:CF:12,1,unknown,2023-07-03T21:00:00.000Z,2025-05-01T18:00:00.000Z,Madison,WI,US,South Randall Avenue,53715
A4:CF:12:9D:59:09,wec5908,27.97587204,-82.81874847,A4:CF:12,1,none,2020-10-26T06:00:00.000Z,2026-06-27T11:00:00.000Z,Clearwater,FL,US,Windward Passage,33767
A4:CF:12:9D:59:61,wec5960,39.28466034,-76.59046936,A4:CF:12,1,unknown,2021-05-09T16:00:00.000Z,2024-10-19T23:00:00.000Z,Baltimore,MD,US,Fleet Street,21231
A4:CF:12:9D:59:85,Martin lower,43.01749039,-89.54203033,A4:CF:12,1,wpa2,2022-05-31T13:00:00.000Z,2025-05-10T15:00:00.000Z,Madison,WI,US,County Road PD,53593
A4:CF:12:9D:59:B9,Luccy upper roofline,43.01620102,-89.54397583,A4:CF:12,1,wpa2,2024-12-05T15:00:00.000Z,2024-12-29T09:00:00.000Z,Madison,WI,US,County Road PD,53593
A4:CF:12:9D:5A:65,Hillstrand 2,34.13954544,-118.2682724,A4:CF:12,1,none,2023-06-30T14:00:00.000Z,2026-02-10T13:00:00.000Z,Glendale,CA,US,San Fernando Road,91204
A4:CF:12:9D:5A:B5,RAINBIRD9D5AB4,47.64016342,-122.10024261,A4:CF:12,1,none,2025-05-29T22:00:00.000Z,2026-09-01T20:00:00.000Z,,WA,US,West Lake Sammamish Parkway Northeast,98052-5491
A4:CF:12:9D:8F:79,MiniSOL_A4CF129D8F78,51.77209854,5.56490707,A4:CF:12,1,wpa2,2023-04-12T11:00:00.000Z,2026-02-16T07:00:00.000Z,,Noord-Brabant,NL,Julianastraat,5351
A4:CF:12:9D:90:11,MiniSOL_A4CF129D9010,50.14993668,19.00041199,A4:CF:12,1,wpa2,2025-12-01T12:00:00.000Z,2026-01-04T06:00:00.000Z,Tychy,województwo śląskie,PL,Świerkowa,43-100
A4:CF:12:9D:EC:B5,ESP_9DECB5,37.26045609,-122.0657196,A4:CF:12,1,unknown,2025-09-12T02:00:00.000Z,2025-09-12T17:00:00.000Z,,CA,US,Edencrest Lane,95014-4845
A4:CF:12:9E:0B:35,RAINBIRD9E0B34,45.64714432,-122.53720856,A4:CF:12,1,unknown,2025-01-08T15:00:00.000Z,2025-01-08T17:00:00.000Z,Vancouver,WA,US,Northeast 132nd Avenue,98682
A4:CF:12:9E:36:81,,44.92345047,4.89102507,A4:CF:12,1,unknown,2025-04-22T09:00:00.000Z,2025-04-22T16:00:00.000Z,Valence,Auvergne-Rhône-Alpes,FR,Rue Denis Papin,26000
A4:CF:12:9E:37:59,,45.75164413,4.81366014,A4:CF:12,1,unknown,2025-02-02T09:00:00.000Z,2025-03-24T06:00:00.000Z,Lyon,Auvergne-Rhône-Alpes,FR,Avenue de la Première Division Française Libre,69005
A4:CF:12:9E:87:6D,RAINBIRD9E876C,32.35993195,-111.12566376,A4:CF:12,1,wpa2,2026-08-23T13:00:00.000Z,2026-08-23T07:00:00.000Z,,AZ,US,Continental Reserve Loop,85743
A4:CF:12:9E:92:F9,CPLK-00002538,42.31298447,-89.90838623,A4:CF:12,6,wpa2,2024-01-05T20:00:00.000Z,2026-04-06T18:00:00.000Z,,IL,US,West Kent School Road,61044
A4:CF:12:9E:93:45,CPLK-00002431,34.64154816,-82.33029938,A4:CF:12,6,wpa2,2024-11-15T22:00:00.000Z,2024-11-18T05:00:00.000Z,,SC,US,Highway 418,29680
A4:CF:12:9E:B6:AD,NautAlert Boat Monitor-8860,27.72490692,-82.68135834,A4:CF:12,11,wep,2025-10-20T21:00:00.000Z,2025-10-21T11:00:00.000Z,Saint Petersburg,FL,US,37th Street South,33711
A4:CF:12:9F:00:01,RAINBIRD9F0000,-43.44426727,172.61662292,A4:CF:12,1,none,2026-07-17T02:00:00.000Z,2026-07-16T23:00:00.000Z,Christchurch,Canterbury,NZ,Western Belfast Bypass,8051
A4:CF:12:9F:18:D9,RAINBIRD9F18D8,43.65644073,-116.21085358,A4:CF:12,1,unknown,2026-04-03T23:00:00.000Z,2026-04-03T22:00:00.000Z,Boise,ID,US,West Silver Crest Drive,83703
A4:CF:12:9F:A8:B1,PROFLAME_AP,42.58222961,-77.08320618,A4:CF:12,3,wpa,2026-06-20T15:00:00.000Z,2026-06-20T09:00:00.000Z,,NY,US,East Lake Road,14527
A4:CF:12:9F:AD:25,RAINBIRD9FAD24,44.96271896,-92.93054962,A4:CF:12,1,wpa2,2025-10-26T20:00:00.000Z,2025-10-31T22:00:00.000Z,Lake Elmo,MN,US,Irving Court North,55125-3738
A4:CF:12:A0:1E:C4,,44.48509979,-73.18735504,A4:CF:12,11,wpa2,2026-07-02T17:00:00.000Z,2026-07-02T10:00:00.000Z,Burlington,VT,US,Colchester Avenue,05404
A4:CF:12:A0:21:55,,41.49388123,-81.35295105,A4:CF:12,1,unknown,2025-07-28T19:00:00.000Z,2025-07-28T15:00:00.000Z,,OH,US,Fox Hills Drive,44072
A4:CF:12:A0:2B:96,,28.59759712,-81.23214722,A4:CF:12,1,unknown,2026-05-31T18:00:00.000Z,2026-07-18T19:00:00.000Z,,FL,US,University Boulevard,32817
A4:CF:12:A0:36:77,,39.90647507,-105.06704712,A4:CF:12,11,wpa2,2026-05-26T16:00:00.000Z,2026-05-26T09:00:00.000Z,Westminster,CO,US,West 116th Avenue,80020
A4:CF:12:A0:45:FF,,34.09021759,-117.73352051,A4:CF:12,36,none,2026-08-20T13:00:00.000Z,2026-08-20T19:00:00.000Z,Pomona,CA,US,Arrow Highway,91767
A4:CF:12:A0:6A:0B,,41.73115158,-71.28273773,A4:CF:12,1,wpa2,2026-07-01T22:00:00.000Z,2026-07-01T15:00:00.000Z,,RI,US,Main Street,02885
A4:CF:12:A0:8E:50,,39.77449799,-86.34237671,A4:CF:12,10,wpa2,2026-06-16T11:00:00.000Z,2026-06-16T12:00:00.000Z,,IN,US,Ronald Reagan Parkway,46231
A4:CF:12:A0:94:E7,,37.73455811,-97.24653625,A4:CF:12,1,unknown,2026-05-02T05:00:00.000Z,2026-05-02T18:00:00.000Z,Wichita,KS,US,East Greenbriar Circle,67226
A4:CF:12:A0:F2:A6,,43.08967972,-89.2926712,A4:CF:12,9,wpa2,2026-08-11T16:00:00.000Z,2026-08-17T09:00:00.000Z,Madison,WI,US,Merryturn Road,53714
A4:CF:12:A1:03:0F,,38.21395874,-85.68212128,A4:CF:12,0,unknown,2026-01-08T07:00:00.000Z,2026-01-21T05:00:00.000Z,Louisville,KY,US,Tremont Drive,40205
A4:CF:12:A1:1B:05,,40.85777664,-73.8372345,A4:CF:12,5,unknown,2024-10-30T03:00:00.000Z,2024-10-30T00:00:00.000Z,City of New York,NY,US,Lodovick Avenue,10469
A4:CF:12:A2:36:A1,,34.13109207,-118.02007294,A4:CF:12,3,none,2026-08-21T14:00:00.000Z,2026-08-21T16:00:00.000Z,Monrovia,CA,US,West Duarte Road,91016
A4:CF:12:A2:8A:76,,44.95012283,-93.13639832,A4:CF:12,1,wpa2,2026-06-28T02:00:00.000Z,2026-07-29T06:00:00.000Z,Saint Paul,MN,US,Carroll Avenue,55104
A4:CF:12:A3:53:BC,,40.38024902,-104.70747375,A4:CF:12,4,unknown,2025-10-22T17:00:00.000Z,2025-10-23T21:00:00.000Z,,CO,US,Montrose Street,80631-6948
A4:CF:12:A3:8C:38,,40.62870407,-73.90457153,A4:CF:12,8,unknown,2025-09-30T05:00:00.000Z,2025-09-30T02:00:00.000Z,City of New York,NY,US,Paerdegat 11th Street,11236
A4:CF:12:A4:3C:96,beyonce2,40.77453613,-73.90821838,A4:CF:12,1,unknown,2024-10-01T22:00:00.000Z,2024-10-04T13:00:00.000Z,City of New York,NY,US,Ditmars Boulevard,11105
A4:CF:12:A4:43:B9,,39.97855377,-86.02450562,A4:CF:12,1,unknown,2024-04-06T11:00:00.000Z,2025-07-16T19:00:00.000Z,,IN,US,East 131st Street,46038
A4:CF:12:A4:56:11,(no SSID),40.75637054,-74.04519653,A4:CF:12,8,none,2025-01-21T21:00:00.000Z,2025-01-22T07:00:00.000Z,Jersey City,NJ,US,Hague Street,07307
A4:CF:12:A4:8A:23,,53.60190964,9.47029114,A4:CF:12,11,unknown,2025-02-04T13:00:00.000Z,2025-02-04T06:00:00.000Z,Stade,Niedersachsen,DE,Schiffertorsstraße,21682
A4:CF:12:A4:CF:AF,,34.01687622,-118.4616394,A4:CF:12,1,wpa2,2026-07-12T04:00:00.000Z,2026-08-14T18:00:00.000Z,Santa Monica,CA,US,Cloverfield Boulevard,90292
A4:CF:12:A4:E7:9F,,47.19039154,-122.28534698,A4:CF:12,1,wpa2,2026-07-20T00:00:00.000Z,2026-08-10T18:00:00.000Z,,WA,US,East Pioneer,98372-3008
A4:CF:12:A5:58:E2,,-27.59928322,151.95249939,A4:CF:12,0,none,2026-06-08T10:00:00.000Z,2026-06-08T08:00:00.000Z,Toowoomba,Queensland,AU,Lourdes Street,4250
A4:CF:12:A5:64:89,,43.17707443,-79.03836823,A4:CF:12,2,none,2026-09-01T17:00:00.000Z,2026-09-01T16:00:00.000Z,,NY,US,North 7th Street,14092
A4:CF:12:A6:4F:26,,36.18981934,-115.26023865,A4:CF:12,0,unknown,2025-05-16T21:00:00.000Z,2025-05-20T15:00:00.000Z,Las Vegas,NV,US,North Buffalo Drive,89128-6634
A4:CF:12:A6:82:C7,,36.18981934,-115.26023865,A4:CF:12,0,unknown,2025-05-16T21:00:00.000Z,2025-05-20T15:00:00.000Z,Las Vegas,NV,US,North Buffalo Drive,89128-6634
A4:CF:12:A6:8C:5D,,41.60528183,-93.5172348,A4:CF:12,10,unknown,2026-05-22T16:00:00.000Z,2026-06-12T20:00:00.000Z,,IA,US,Crenshaw Court,50327
A4:CF:12:A6:93:55,,35.74927902,-78.70191193,A4:CF:12,1,wpa2,2026-05-31T22:00:00.000Z,2026-05-31T16:00:00.000Z,Raleigh,NC,US,Gorman Street,27606
A4:CF:12:A7:0D:33,,49.25929642,-123.17775726,A4:CF:12,11,wpa2,2026-08-05T23:00:00.000Z,2026-08-05T17:00:00.000Z,Vancouver,British Columbia,CA,Blenheim Street,V6K
A4:CF:12:A7:0E:72,,35.74927902,-78.70191193,A4:CF:12,1,wpa2,2026-05-31T22:00:00.000Z,2026-05-31T16:00:00.000Z,Raleigh,NC,US,Gorman Street,27606
A4:CF:12:A7:15:59,,35.74927902,-78.70191193,A4:CF:12,1,wpa2,2026-05-31T22:00:00.000Z,2026-05-31T16:00:00.000Z,Raleigh,NC,US,Gorman Street,27606
A4:CF:12:A7:19:BE,,39.97234726,-85.92588043,A4:CF:12,6,unknown,2026-07-25T22:00:00.000Z,2026-07-25T19:00:00.000Z,,IN,US,East 126th Street,46038
A4:CF:12:A7:1D:A4,,35.74927902,-78.70191193,A4:CF:12,1,wpa2,2026-05-31T22:00:00.000Z,2026-05-31T16:00:00.000Z,Raleigh,NC,US,Gorman Street,27606
A4:CF:12:A8:41:D1,,33.873909,-118.22614288,A4:CF:12,1,wpa2,2026-07-18T16:00:00.000Z,2026-07-18T11:00:00.000Z,,CA,US,Gardena Freeway,90220-6447
A4:CF:12:A8:47:F1,,42.28680038,-71.040802,A4:CF:12,10,wpa2,2026-06-28T01:00:00.000Z,2026-06-27T19:00:00.000Z,Boston,MA,US,Walnut Street,02122
A4:CF:12:A8:DC:97,,27.77075005,-82.65630341,A4:CF:12,9,unknown,2025-03-05T00:00:00.000Z,2025-10-07T12:00:00.000Z,Saint Petersburg,FL,US,17th Street South,33712
A4:CF:12:A9:01:4A,,-88.0,45.69453812,A4:CF:12,5,unknown,2026-08-17T00:00:00.000Z,2026-08-17T05:00:00.000Z,,,,,
A4:CF:12:A9:A7:04,,45.38551712,-122.7460022,A4:CF:12,11,wpa2,2026-06-25T13:00:00.000Z,2026-06-27T09:00:00.000Z,,OR,US,Southwest Nyberg Street,97062
A4:CF:12:A9:DB:37,,39.98219681,-85.98020172,A4:CF:12,0,unknown,2024-09-17T03:00:00.000Z,2025-07-16T18:00:00.000Z,,IN,US,Howe Road,46038
A4:CF:12:A9:FA:4C,,40.82111359,-73.05110931,A4:CF:12,5,unknown,2024-10-19T10:00:00.000Z,2025-07-13T05:00:00.000Z,,NY,US,Express Drive North,11742
A4:CF:12:AA:24:F6,,41.34349442,-81.84682465,A4:CF:12,6,none,2026-08-17T15:00:00.000Z,2026-08-17T13:00:00.000Z,Berea,OH,US,Ohio Turnpike,44149
A4:CF:12:AA:2A:D6,,42.66225815,-83.14596558,A4:CF:12,36,none,2026-08-25T20:00:00.000Z,2026-08-25T19:00:00.000Z,,MI,US,Larchwood Drive,48307
A4:CF:12:AA:2D:BC,,47.20326614,-122.22794342,A4:CF:12,11,wpa2,2026-07-30T03:00:00.000Z,2026-08-28T17:00:00.000Z,,WA,US,Main Street East,
A4:CF:12:AA:90:9F,,58.32937241,15.72255516,A4:CF:12,7,unknown,2025-01-21T07:00:00.000Z,2025-02-13T09:00:00.000Z,Linköping,Östergötlands län,SE,Stureforsvägen,58939
A4:CF:12:AA:A0:EB,,42.66247559,-83.14606476,A4:CF:12,36,none,2026-08-25T20:00:00.000Z,2026-08-25T19:00:00.000Z,,MI,US,Oak Ridge Drive,48307
A4:CF:12:AA:B4:A9,,29.12651634,-82.05360413,A4:CF:12,1,none,2026-08-17T17:00:00.000Z,2026-08-17T14:00:00.000Z,,FL,US,Southeast 58th Avenue,34472
A4:CF:12:AA:BB:FC,,44.9250145,-93.10188293,A4:CF:12,11,wpa2,2026-07-19T11:00:00.000Z,2026-08-26T03:00:00.000Z,Saint Paul,MN,US,Smith Avenue South,55107
A4:CF:12:AA:BD:93,,39.97860336,-86.02326202,A4:CF:12,0,unknown,2024-09-17T03:00:00.000Z,2025-07-16T17:00:00.000Z,,IN,US,East 131st Street,46038
A4:CF:12:AA:DF:32,,34.10383987,-118.05487061,A4:CF:12,2,none,2026-08-20T12:00:00.000Z,2026-08-20T19:00:00.000Z,Temple City,CA,US,Live Oak Avenue,91780
A4:CF:12:AA:DF:67,,38.61834335,-90.27626038,A4:CF:12,6,wpa2,2026-08-20T16:00:00.000Z,2026-08-20T17:00:00.000Z,Saint Louis,MO,US,Shaw Avenue,63110
A4:CF:12:AA:F5:F7,,38.67644119,-89.99616241,A4:CF:12,1,wpa2,2026-08-10T19:00:00.000Z,2026-08-11T14:00:00.000Z,,IL,US,Summit Avenue,62234
A4:CF:12:AB:69:1E,,41.59154892,-83.65995026,A4:CF:12,10,none,2026-08-17T16:00:00.000Z,2026-08-17T18:00:00.000Z,Toledo,OH,US,Ohio Turnpike,43614
A4:CF:12:AB:86:92,,44.63773346,-124.05273438,A4:CF:12,1,unknown,2026-03-11T23:00:00.000Z,2026-03-12T21:00:00.000Z,,OR,US,Northeast 3rd Street,97365
A4:CF:12:AB:CE:C0,,41.55725479,-93.73681641,A4:CF:12,10,unknown,2026-05-23T20:00:00.000Z,2026-05-23T18:00:00.000Z,West Des Moines,IA,US,Grand Avenue,50265
A4:CF:12:AB:DC:96,,41.76096725,-93.57347107,A4:CF:12,6,unknown,2026-07-29T08:00:00.000Z,2026-07-29T20:00:00.000Z,Ankeny,IA,US,Northeast 36th Street,50021
A4:CF:12:AB:E0:43,,36.18304062,-115.3328476,A4:CF:12,0,unknown,2025-05-29T18:00:00.000Z,2025-06-01T15:00:00.000Z,Las Vegas,NV,US,Star Pine Drive,89144
A4:CF:12:AC:00:9E,,47.23478317,-122.4094162,A4:CF:12,6,wpa2,2026-07-25T17:00:00.000Z,2026-07-25T10:00:00.000Z,Tacoma,WA,US,East 32nd Street,98404-4923
A4:CF:12:AC:21:2A,,40.8550415,-73.86081696,A4:CF:12,7,unknown,2024-10-30T01:00:00.000Z,2024-10-29T23:00:00.000Z,City of New York,NY,US,Woodmansten Place,10462
A4:CF:12:AC:21:2B,,27.80057335,-82.64676666,A4:CF:12,6,unknown,2025-03-10T19:00:00.000Z,2025-12-09T14:00:00.000Z,Saint Petersburg,FL,US,Doctor Martin Luther King Junior Street North,33704
A4:CF:12:AC:46:C5,,-27.65354538,152.84494019,A4:CF:12,11,unknown,2025-07-28T22:00:00.000Z,2025-07-28T17:00:00.000Z,Ipswich City,Queensland,AU,Olive Smith Street,4301
A4:CF:12:AC:4D:E9,,45.54221344,-73.57285309,A4:CF:12,0,unknown,2025-01-14T05:00:00.000Z,2025-01-14T15:00:00.000Z,Montréal,Québec,CA,Rue Molson,H1Y 3J8
A4:CF:12:AC:4D:F7,,47.17794037,-122.29088593,A4:CF:12,6,wpa2,2026-07-20T00:00:00.000Z,2026-07-31T12:00:00.000Z,,WA,US,15th Avenue Southeast,98372
A4:CF:12:AC:4E:19,,45.54223633,-73.57288361,A4:CF:12,0,unknown,2025-03-02T15:00:00.000Z,2025-03-04T12:00:00.000Z,Montréal,Québec,CA,Rue Molson,H1Y 3J8
A4:CF:12:AC:55:27,,33.79940414,-118.35071564,A4:CF:12,11,wpa2,2026-06-06T02:00:00.000Z,2026-08-01T13:00:00.000Z,Torrance,CA,US,Newton Street,90505
A4:CF:12:AC:5E:05,,40.67221069,-73.60132599,A4:CF:12,4,unknown,2025-07-27T20:00:00.000Z,2025-07-27T14:00:00.000Z,,NY,US,West Forest Avenue,11510
A4:CF:12:AC:C6:BD,,41.31710434,-105.59304047,A4:CF:12,10,unknown,2025-10-27T06:00:00.000Z,2025-10-28T22:00:00.000Z,Laramie,WY,US,North 3rd Street,82070
A4:CF:12:AD:3B:F9,,40.74097824,-73.97821808,A4:CF:12,1,unknown,2025-09-17T23:00:00.000Z,2025-09-17T21:00:00.000Z,City of New York,NY,US,2nd Avenue,10016
A4:CF:12:AD:3D:26,,40.78608704,-73.97820282,A4:CF:12,9,unknown,2024-10-19T13:00:00.000Z,2024-10-19T09:00:00.000Z,City of New York,NY,US,Broadway,10024
A4:CF:12:AD:3D:7F,,40.86061096,-74.12154388,A4:CF:12,2,none,2026-08-12T13:00:00.000Z,2026-08-24T15:00:00.000Z,,NJ,US,Columbia Avenue,07055
A4:CF:12:AD:8A:4F,,41.46810913,-81.81967163,A4:CF:12,11,unknown,2025-07-25T19:00:00.000Z,2025-07-25T16:00:00.000Z,,OH,US,Riverside Drive,44107
A4:CF:12:AE:07:46,,30.63229942,-97.700737,A4:CF:12,0,unknown,2024-12-27T10:00:00.000Z,2024-12-27T14:00:00.000Z,,TX,US,West University Avenue,78628
A4:CF:12:AE:94:FE,,42.22049332,-83.4538269,A4:CF:12,6,none,2026-08-26T16:00:00.000Z,2026-08-26T21:00:00.000Z,,MI,US,Detroit Industrial Expressway,48111
A4:CF:12:AE:9C:DE,,37.09948349,-113.6211319,A4:CF:12,11,none,2026-09-02T17:00:00.000Z,2026-09-02T19:00:00.000Z,St. George,UT,US,South Dixie Drive,84770-1858
A4:CF:12:AE:AE:43,,38.22537994,-85.69729614,A4:CF:12,0,wpa2,2026-01-07T07:00:00.000Z,2026-04-01T11:00:00.000Z,Louisville,KY,US,Rutherford Avenue,40205
A4:CF:12:AE:E7:6D,,45.14842987,-122.87080383,A4:CF:12,6,wpa2,2026-07-05T00:00:00.000Z,2026-07-04T17:00:00.000Z,,OR,US,North Cascade Drive,97071
A4:CF:12:AE:E7:BB,,40.66975403,-73.59772491,A4:CF:12,7,unknown,2025-07-27T15:00:00.000Z,2025-07-27T18:00:00.000Z,,NY,US,Mount Joy Avenue,11520
A4:CF:12:AF:4A:BC,,40.72569656,-74.06782532,A4:CF:12,1,unknown,2025-07-28T16:00:00.000Z,2025-07-29T20:00:00.000Z,Jersey City,NJ,US,Bergen Avenue,07306
A4:CF:12:AF:4E:5B,,41.59564972,-87.80535126,A4:CF:12,6,none,2026-09-01T18:00:00.000Z,2026-09-01T18:00:00.000Z,,IL,US,162nd Place,60477
A4:CF:12:AF:4F:D6,,36.08153915,-115.02764893,A4:CF:12,0,unknown,2026-04-12T18:00:00.000Z,2026-04-18T14:00:00.000Z,,NV,US,Boulder Highway,89122-7432
A4:CF:12:AF:51:EB,,40.73403168,-73.51663208,A4:CF:12,6,unknown,2025-02-23T20:00:00.000Z,2025-02-23T15:00:00.000Z,Levittown,NY,US,Clover Lane,11756
A4:CF:12:AF:52:A4,,43.72674942,-70.64880371,A4:CF:12,1,unknown,2024-08-25T20:00:00.000Z,2025-08-08T12:00:00.000Z,,ME,US,River Road,04085
A4:CF:12:AF:64:3A,,34.22968292,-118.83756256,A4:CF:12,11,none,2026-08-17T13:00:00.000Z,2026-08-17T21:00:00.000Z,Thousand Oaks,CA,US,Mapleknoll Place,91362-4357
A4:CF:12:AF:B2:0F,,38.64636612,-90.25351715,A4:CF:12,6,wpa2,2026-08-27T18:00:00.000Z,2026-08-27T12:00:00.000Z,Saint Louis,MO,US,Westminster Place,63108
A4:CF:12:AF:B4:0A,,40.80221176,-73.01091766,A4:CF:12,8,unknown,2024-02-29T17:00:00.000Z,2025-08-05T18:00:00.000Z,,NY,US,Old Medford Avenue,11763
A4:CF:12:AF:BC:A7,,43.59766769,-72.96233368,A4:CF:12,11,unknown,2025-06-27T18:00:00.000Z,2025-06-27T21:00:00.000Z,Rutland City,VT,US,Allen Street,05701
A4:CF:12:AF:C9:55,,39.9046402,-86.03646088,A4:CF:12,5,unknown,2026-08-08T22:00:00.000Z,2026-08-08T18:00:00.000Z,Indianapolis,IN,US,North Richardt Avenue,46256
A4:CF:12:B0:ED:47,,25.04409027,-80.491539,A4:CF:12,11,unknown,2024-10-06T15:00:00.000Z,2024-10-06T11:00:00.000Z,,FL,US,Overseas Highway,33037
A4:CF:12:B0:ED:81,l$H,43.26721954,-77.41945648,A4:CF:12,7,none,2026-07-02T05:00:00.000Z,2026-07-01T22:00:00.000Z,,NY,US,Mill Stream Run,14580
A4:CF:12:B0:F0:64,,40.81292343,-73.00778198,A4:CF:12,10,unknown,2025-01-13T23:00:00.000Z,2025-01-13T17:00:00.000Z,,NY,US,Mount Vernon Avenue,11763
A4:CF:12:B1:24:62,,-33.89097595,151.19296265,A4:CF:12,3,unknown,2026-07-14T21:00:00.000Z,2026-07-14T18:00:00.000Z,Sydney,New South Wales,AU,Lander Street,2006
A4:CF:12:B1:84:AE,,48.23888397,-122.34465027,A4:CF:12,13,wpa2,2026-06-29T11:00:00.000Z,2026-07-14T07:00:00.000Z,,WA,US,Pioneer Highway,98292
A4:CF:12:B1:C0:6E,,34.27513504,-118.74385071,A4:CF:12,6,none,2026-08-15T10:00:00.000Z,2026-08-15T16:00:00.000Z,Simi Valley,CA,US,Sycamore Drive,93063-2364
A4:CF:12:B1:E6:2C,,39.07583618,-108.49651337,A4:CF:12,11,none,2026-08-31T10:00:00.000Z,2026-08-31T10:00:00.000Z,Grand Junction,CO,US,30 Road,81504
A4:CF:12:B4:C7:F4,,-27.63618088,152.86039734,A4:CF:12,8,unknown,2025-07-27T02:00:00.000Z,2025-07-26T20:00:00.000Z,Ipswich City,Queensland,AU,Lovely Court,4301
A4:CF:12:B4:E4:EC,,51.11814499,17.18515396,A4:CF:12,7,none,2026-08-21T22:00:00.000Z,2026-08-21T14:00:00.000Z,,województwo dolnośląskie,PL,Cytrynowa,55-093
A4:CF:12:B6:6B:53,,51.10504913,17.10585785,A4:CF:12,11,none,2026-08-24T18:00:00.000Z,2026-08-24T12:00:00.000Z,,województwo dolnośląskie,PL,Maksymiliana Jackowskiego,51-662
A4:CF:12:B6:6F:39,,43.83233261,7.84964323,A4:CF:12,11,none,2026-08-23T16:00:00.000Z,2026-08-23T07:00:00.000Z,,Liguria,IT,Via Cristoforo Colombo,18011
A4:CF:12:B7:81:50,,50.09225845,14.48221397,A4:CF:12,3,unknown,2026-07-19T02:00:00.000Z,2026-07-19T11:00:00.000Z,Hlavní město Praha,Praha,CZ,Koněvova,13000
A4:CF:12:B8:B2:5C,,50.0600853,19.93633842,A4:CF:12,4,none,2026-08-30T19:00:00.000Z,2026-08-30T11:00:00.000Z,Kraków,województwo małopolskie,PL,Podgórska,31-536
A4:CF:12:B9:0A:36,,32.35830307,-97.66285706,A4:CF:12,7,none,2026-08-23T12:00:00.000Z,2026-08-23T11:00:00.000Z,,TX,US,Gleneagles Drive,
A4:CF:12:BA:7B:04,,30.89420128,-102.89321899,A4:CF:12,0,unknown,2024-09-23T12:00:00.000Z,2024-09-23T15:00:00.000Z,,TX,US,North Pecos Street,79735
A4:CF:12:BC:BA:F4,,40.80738449,-72.98875427,A4:CF:12,3,unknown,2024-11-06T01:00:00.000Z,2025-02-07T18:00:00.000Z,,NY,US,Emily Court,11763
A4:CF:12:BC:BC:6A,,47.67005157,-116.76628876,A4:CF:12,7,none,2026-08-25T13:00:00.000Z,2026-08-25T14:00:00.000Z,Coeur d'Alene,ID,US,East Young Avenue,83814-9510
A4:CF:12:BC:C5:C1,,40.79499054,-72.95599365,A4:CF:12,4,unknown,2024-11-01T23:00:00.000Z,2024-11-01T17:00:00.000Z,,NY,US,Malcolm Street,11713
A4:CF:12:BC:C6:05,,37.40874481,-120.85817719,A4:CF:12,3,unknown,2024-09-05T19:00:00.000Z,2024-09-05T13:00:00.000Z,,CA,US,Palm Court,95324
A4:CF:12:BD:3B:77,,27.86532402,-82.79230499,A4:CF:12,3,unknown,2025-05-29T22:00:00.000Z,2025-05-29T21:00:00.000Z,,FL,US,102nd Avenue North,33778
A4:CF:12:C0:2B:45,,27.83916092,-82.70398712,A4:CF:12,6,unknown,2025-03-28T00:00:00.000Z,2025-03-27T19:00:00.000Z,Pinellas Park,FL,US,Park Boulevard,33781
A4:CF:12:C1:80:18,,53.73022461,9.35181999,A4:CF:12,11,unknown,2024-11-12T15:00:00.000Z,2025-04-09T09:00:00.000Z,,Niedersachsen,DE,Dornbuscher Straße,21706
A4:CF:12:C4:15:51,,27.82170677,-82.78713226,A4:CF:12,1,unknown,2025-11-26T01:00:00.000Z,2025-11-26T13:00:00.000Z,,FL,US,Seminole Boulevard,33778
A4:CF:12:C4:26:50,,37.52734375,-120.87423706,A4:CF:12,7,unknown,2023-05-14T18:00:00.000Z,2024-09-10T16:00:00.000Z,Turlock,CA,US,Sterling Ridge Drive,95382
A4:CF:12:C4:62:5C,,52.93095016,10.523283,A4:CF:12,11,unknown,2025-11-24T18:00:00.000Z,2025-11-28T23:00:00.000Z,,Niedersachsen,DE,Birkenweg,29525
A4:CF:12:C4:68:BC,,34.14909363,-118.82234192,A4:CF:12,10,none,2026-08-04T16:00:00.000Z,2026-08-04T22:00:00.000Z,Thousand Oaks,CA,US,Agoura Road,91361
A4:CF:12:C7:0A:3C,,40.78729248,-72.94226837,A4:CF:12,4,unknown,2024-11-01T23:00:00.000Z,2024-11-01T17:00:00.000Z,,NY,US,Bellport Avenue,11713
A4:CF:12:C7:0A:F4,,47.21017456,-122.33461761,A4:CF:12,6,wpa2,2026-07-25T04:00:00.000Z,2026-08-04T21:00:00.000Z,,WA,US,River Road East,98371
A4:CF:12:C7:20:8B,,42.35033798,-71.14026642,A4:CF:12,1,wpa2,2026-06-09T22:00:00.000Z,2026-06-09T15:00:00.000Z,Boston,MA,US,Camelot Court,02134-1311
A4:CF:12:C7:24:18,,39.94256973,-75.15871429,A4:CF:12,13,wpa2,2026-08-01T03:00:00.000Z,2026-07-31T21:00:00.000Z,Philadelphia,PA,US,South 10th Street,19147
A4:CF:12:C7:27:C2,,34.12850189,-117.90373993,A4:CF:12,11,none,2026-08-23T12:00:00.000Z,2026-08-23T14:00:00.000Z,Azusa,CA,US,North Soldano Avenue,91702
A4:CF:12:C7:2C:13,,39.33190155,-76.52616119,A4:CF:12,13,unknown,2026-07-11T01:00:00.000Z,2026-07-11T00:00:00.000Z,,MD,US,Hamilton Avenue,21206
A4:CF:12:C8:71:AC,,-33.91072464,151.0418396,A4:CF:12,9,unknown,2024-04-09T20:00:00.000Z,2024-09-06T01:00:00.000Z,Sydney,New South Wales,AU,Stacey Street,2200
A4:CF:12:CA:59:3F,,-37.67597198,144.59519958,A4:CF:12,10,none,2026-09-01T23:00:00.000Z,2026-09-01T06:00:00.000Z,Melbourne,Victoria,AU,Centenary Avenue,3337
A4:CF:12:CA:C4:A7,,50.91129684,-1.00179911,A4:CF:12,10,unknown,2026-02-25T14:00:00.000Z,2026-07-13T12:00:00.000Z,East Hampshire,England,GB,Portsmouth Road,PO8 9NL
A4:CF:12:CB:74:69,,34.08877182,-118.12520599,A4:CF:12,11,wpa2,2026-05-23T21:00:00.000Z,2026-05-23T15:00:00.000Z,Alhambra,CA,US,South 2nd Street,91801
A4:CF:12:CB:A3:18,,34.28655243,-118.72657013,A4:CF:12,12,none,2026-08-11T18:00:00.000Z,2026-08-11T23:00:00.000Z,Simi Valley,CA,US,Lemon Drive,90363
A4:CF:12:CB:A4:15,,40.87255478,-74.0918045,A4:CF:12,11,none,2026-08-10T23:00:00.000Z,2026-08-11T08:00:00.000Z,,NJ,US,Passaic Avenue,07644
A4:CF:12:CB:A7:04,,45.300457,-122.9557724,A4:CF:12,3,wpa2,2026-07-11T18:00:00.000Z,2026-07-11T11:00:00.000Z,,OR,US,East 1st Street,97132
A4:CF:12:CB:A8:15,,40.53715134,-74.31559753,A4:CF:12,3,unknown,2026-03-28T22:00:00.000Z,2026-05-04T19:00:00.000Z,,NJ,US,Main Street,08863
A4:CF:12:CB:B4:8A,,40.73578644,-73.51990509,A4:CF:12,0,unknown,2025-02-23T20:00:00.000Z,2025-02-23T15:00:00.000Z,Levittown,NY,US,Peony Road,11756
A4:CF:12:CB:BA:25,,34.25408936,-118.55197144,A4:CF:12,1,none,2026-08-18T19:00:00.000Z,2026-08-19T05:00:00.000Z,Los Angeles,CA,US,Mayall Street,91324-2036
A4:CF:12:CB:BC:27,(no SSID),40.74918365,-74.04721069,A4:CF:12,5,none,2025-01-21T15:00:00.000Z,2025-01-22T07:00:00.000Z,Jersey City,NJ,US,South Street,07307
A4:CF:12:CB:BF:88,,36.23342896,-115.30426025,A4:CF:12,0,unknown,2025-05-29T23:00:00.000Z,2025-06-01T15:00:00.000Z,Las Vegas,NV,US,West Alexander Road,89129
A4:CF:12:CB:C8:29,,32.79069519,-96.758255,A4:CF:12,0,unknown,2001-12-31T16:00:00.000Z,2026-06-21T03:00:00.000Z,Dallas,TX,US,East R L Thornton Freeway,75228
A4:CF:12:CB:C9:54,,40.66385269,-73.60388184,A4:CF:12,4,unknown,2025-07-27T18:00:00.000Z,2025-07-27T14:00:00.000Z,,NY,US,West Seaman Avenue,11510
A4:CF:12:CB:CF:57,,40.81721497,-73.15250397,A4:CF:12,3,unknown,2024-02-21T23:00:00.000Z,2025-02-22T12:00:00.000Z,,NY,US,Terry Road,11779
A4:CF:12:CB:D3:B1,,45.52024078,-122.62306213,A4:CF:12,6,wpa2,2026-08-16T01:00:00.000Z,2026-08-20T20:00:00.000Z,Portland,OR,US,Southeast César E. Chávez Boulevard,97214
A4:CF:12:CB:E1:D2,<hidden>,43.16044235,-77.4624939,A4:CF:12,7,none,2026-07-30T00:00:00.000Z,2026-08-05T04:00:00.000Z,,NY,US,Atlantic Avenue,14526
A4:CF:12:CB:E6:5B,,39.94171143,-86.03243256,A4:CF:12,0,unknown,2024-09-17T03:00:00.000Z,2025-07-16T17:00:00.000Z,,IN,US,East 106th Street,46037
A4:CF:12:CC:1E:B6,,27.75099182,-82.69681549,A4:CF:12,3,unknown,2025-05-06T00:00:00.000Z,2025-05-05T18:00:00.000Z,Saint Petersburg,FL,US,19th Avenue South,33711
A4:CF:12:CC:3C:D0,,38.80175018,-107.71221161,A4:CF:12,1,unknown,2026-08-11T20:00:00.000Z,2026-08-14T21:00:00.000Z,,CO,US,State Highway 133,81419
A4:CF:12:CC:3D:63,,45.52515793,-73.64356995,A4:CF:12,0,unknown,2025-04-20T08:00:00.000Z,2025-04-25T17:00:00.000Z,,Québec,CA,Chemin Rockland,H3P 2X8
A4:CF:12:CC:42:B5,,40.53969193,-74.43234253,A4:CF:12,1,unknown,2026-03-11T23:00:00.000Z,2026-03-14T14:00:00.000Z,,NJ,US,Brookside Road,08854
A4:CF:12:CC:C0:ED,,38.29563522,-85.59368134,A4:CF:12,9,unknown,2024-09-17T03:00:00.000Z,2025-07-16T19:00:00.000Z,,KY,US,Brownsboro Vista Drive,40242
A4:CF:12:CC:C2:DE,,45.5550766,-122.68238068,A4:CF:12,6,unknown,2026-08-09T00:00:00.000Z,2026-08-08T19:00:00.000Z,Portland,OR,US,North Interstate Avenue,97217
A4:CF:12:CC:FB:45,,34.15546799,-118.12023926,A4:CF:12,11,none,2026-08-23T13:00:00.000Z,2026-08-23T14:00:00.000Z,Pasadena,CA,US,Monte Vista Street,91107
A4:CF:12:CD:15:B3,,27.77723885,-82.69549561,A4:CF:12,11,unknown,2025-04-28T23:00:00.000Z,2025-11-12T02:00:00.000Z,Saint Petersburg,FL,US,5th Avenue North,33710
A4:CF:12:CD:5A:43,,51.16708374,-114.09790802,A4:CF:12,5,unknown,2026-02-27T21:00:00.000Z,2026-02-27T19:00:00.000Z,Calgary,Alberta,CA,Panatella Boulevard NW,T3K 6J8
A4:CF:12:CD:60:64,,40.88722992,-74.11765289,A4:CF:12,6,none,2026-08-11T09:00:00.000Z,2026-08-11T08:00:00.000Z,,NJ,US,Lanza Avenue,07026
A4:CF:12:CD:88:12,,40.86544418,-74.10374451,A4:CF:12,7,none,2026-08-22T09:00:00.000Z,2026-08-22T11:00:00.000Z,,NJ,US,Spencer Place,07026
A4:CF:12:CD:99:CB,,44.99904633,-93.78479004,A4:CF:12,9,none,2026-09-01T20:00:00.000Z,2026-09-01T20:00:00.000Z,,MN,US,106th Street Southeast,55328
A4:CF:12:CD:AF:D0,,37.12778473,-121.65795898,A4:CF:12,3,none,2026-08-28T11:00:00.000Z,2026-08-28T20:00:00.000Z,,CA,US,Hale Ave Extension Phase II,95037-4134
A4:CF:12:CD:C9:BF,,40.86544418,-74.10374451,A4:CF:12,7,none,2026-08-22T09:00:00.000Z,2026-08-22T11:00:00.000Z,,NJ,US,Spencer Place,07026
A4:CF:12:CE:38:AA,,45.69617844,-73.61431885,A4:CF:12,0,unknown,2025-03-27T05:00:00.000Z,2025-04-03T15:00:00.000Z,,Québec,CA,Chemin Saint-Charles,J6W 2T1
A4:CF:12:CE:8B:33,,36.2628479,-115.27965546,A4:CF:12,0,unknown,2024-04-15T21:00:00.000Z,2025-05-23T17:00:00.000Z,Las Vegas,NV,US,West Ann Road,89149
A4:CF:12:CE:C5:EE,,43.0033226,-88.38157654,A4:CF:12,9,none,2026-08-27T03:00:00.000Z,2026-08-28T03:00:00.000Z,,WI,US,West South Street,53183
A4:CF:12:CE:C8:9A,,43.0033226,-88.38157654,A4:CF:12,9,none,2026-08-27T03:00:00.000Z,2026-08-28T03:00:00.000Z,,WI,US,West South Street,53183
A4:CF:12:CF:16:D0,,40.80763245,-73.96407318,A4:CF:12,4,unknown,2024-10-19T14:00:00.000Z,2024-10-19T09:00:00.000Z,City of New York,NY,US,West 116th Street,10027
A4:CF:12:CF:2A:C5,,40.80395889,-73.96671295,A4:CF:12,3,unknown,2024-10-19T13:00:00.000Z,2024-10-19T09:00:00.000Z,City of New York,NY,US,West 109th Street,10025
A4:CF:12:CF:88:07,,40.74442673,-73.98609161,A4:CF:12,10,unknown,2025-09-17T18:00:00.000Z,2025-09-17T12:00:00.000Z,City of New York,NY,US,East 28th Street,10016
A4:CF:12:CF:B3:64,,41.48719025,-81.76624298,A4:CF:12,3,unknown,2025-07-25T22:00:00.000Z,2025-07-25T16:00:00.000Z,Cleveland,OH,US,West 115th Street,44102
A4:CF:12:CF:BF:A4,,40.63513184,-73.91886902,A4:CF:12,12,unknown,2025-09-30T06:00:00.000Z,2025-09-30T02:00:00.000Z,City of New York,NY,US,Ralph Avenue,11236
A4:CF:12:CF:D3:46,,40.49940872,-74.44648743,A4:CF:12,3,unknown,2026-03-18T14:00:00.000Z,2026-03-18T15:00:00.000Z,New Brunswick,NJ,US,Wall Street,08901
A4:CF:12:CF:D3:E0,,40.63557816,-73.91893768,A4:CF:12,2,unknown,2025-09-30T06:00:00.000Z,2025-09-30T02:00:00.000Z,City of New York,NY,US,Ralph Avenue,11236
A4:CF:12:CF:D4:88,,40.79115295,-73.96516418,A4:CF:12,4,none,2026-08-13T22:00:00.000Z,2026-08-13T21:00:00.000Z,City of New York,NY,US,97th Street Transverse,10025
A4:CF:12:CF:D6:BC,,40.78777695,-73.94455719,A4:CF:12,4,unknown,2024-07-10T03:00:00.000Z,2025-09-17T21:00:00.000Z,City of New York,NY,US,2nd Avenue,10029
A4:CF:12:CF:D9:76,,40.8814621,-73.84873962,A4:CF:12,8,unknown,2024-10-30T05:00:00.000Z,2024-10-30T00:00:00.000Z,City of New York,NY,US,Eastchester Road,10466
A4:CF:12:D1:5C:AF,,40.12600327,-122.12153625,A4:CF:12,1,none,2026-08-19T16:00:00.000Z,2026-08-20T01:00:00.000Z,,CA,US,CA 99,
A4:CF:12:D1:E2:04,,45.62624741,-73.59832001,A4:CF:12,0,unknown,2023-05-10T16:00:00.000Z,2025-07-11T18:00:00.000Z,Montréal,Québec,CA,Boulevard Maurice-Duplessis,H1E 5M9
A4:CF:12:D1:ED:AF,,53.48595047,9.70597839,A4:CF:12,7,unknown,2024-12-06T12:00:00.000Z,2024-12-06T05:00:00.000Z,Buxtehude,Niedersachsen,DE,Neuland,21614
A4:CF:12:D2:53:EB,,49.85715866,6.75373888,A4:CF:12,6,none,2026-05-10T14:00:00.000Z,2026-05-11T02:00:00.000Z,,Rheinland-Pfalz,DE,In der Rotheck,54343
A4:CF:12:D2:6E:0A,,34.28940582,-118.7116394,A4:CF:12,6,none,2026-08-16T10:00:00.000Z,2026-08-17T06:00:00.000Z,Simi Valley,CA,US,Nome Circle,90363
A4:CF:12:D2:73:54,,40.63425064,-73.91390991,A4:CF:12,12,unknown,2025-09-30T04:00:00.000Z,2025-09-29T22:00:00.000Z,City of New York,NY,US,East 78th Street,11236
A4:CF:12:D2:84:99,,45.62591553,-73.59794617,A4:CF:12,0,unknown,2025-01-22T14:00:00.000Z,2025-05-07T15:00:00.000Z,Montréal,Québec,CA,Boulevard Maurice-Duplessis,H1E 3Y1
A4:CF:12:D2:92:58,,40.88555908,-73.84844208,A4:CF:12,3,unknown,2024-10-30T05:00:00.000Z,2024-10-30T00:00:00.000Z,City of New York,NY,US,Laconia Avenue,10466
A4:CF:12:D2:95:0C,,40.74671555,-73.53520203,A4:CF:12,9,unknown,2025-02-23T19:00:00.000Z,2025-02-23T15:00:00.000Z,,NY,US,Brittle Lane,11801
A4:CF:12:D2:95:2F,moduletest,39.1714859,-78.01405334,A4:CF:12,6,unknown,2025-01-01T14:00:00.000Z,2025-02-14T19:00:00.000Z,,VA,US,Harry Byrd Highway,22611
A4:CF:12:D2:95:B1,,34.06332779,-118.02735138,A4:CF:12,9,none,2026-08-31T15:00:00.000Z,2026-08-31T17:00:00.000Z,El Monte,CA,US,Meeker Avenue,91732
A4:CF:12:D2:96:12,B1A43E,40.80775452,-73.92626953,A4:CF:12,8,unknown,2024-10-01T16:00:00.000Z,2025-08-09T23:00:00.000Z,City of New York,NY,US,Major Deegan Expressway,10454-4606
A4:CF:12:D2:96:60,,40.72932434,-73.51681519,A4:CF:12,4,unknown,2025-02-23T21:00:00.000Z,2025-02-23T15:00:00.000Z,Levittown,NY,US,Boat Lane,11756
A4:CF:12:D2:97:86,,40.6529541,-73.73243713,A4:CF:12,6,unknown,2025-10-26T13:00:00.000Z,2025-10-26T07:00:00.000Z,City of New York,NY,US,149th Avenue,11422
A4:CF:12:D2:98:8A,,40.86690521,-73.85675049,A4:CF:12,4,unknown,2024-10-30T04:00:00.000Z,2024-10-30T00:00:00.000Z,City of New York,NY,US,Lurting Avenue,10469
A4:CF:12:D2:99:15,,40.81362915,-73.95928955,A4:CF:12,2,unknown,2024-10-19T14:00:00.000Z,2024-10-19T09:00:00.000Z,City of New York,NY,US,La Salle Street,10027
A4:CF:12:D2:99:22,,40.87796402,-73.01737976,A4:CF:12,3,unknown,2024-11-05T13:00:00.000Z,2024-11-05T05:00:00.000Z,,NY,US,Halston Lane,11727
A4:CF:12:D2:99:91,,40.73828888,-73.54033661,A4:CF:12,1,unknown,2025-02-23T20:00:00.000Z,2025-02-23T15:00:00.000Z,Levittown,NY,US,Myles Avenue,11756
A4:CF:12:D2:99:D3,,40.79768753,-72.95396423,A4:CF:12,7,unknown,2025-08-05T23:00:00.000Z,2025-08-05T18:00:00.000Z,,NY,US,East Woodside Avenue,11713
A4:CF:12:D2:9A:D3,,40.82155228,-73.94278717,A4:CF:12,3,none,2026-08-13T22:00:00.000Z,2026-08-13T21:00:00.000Z,City of New York,NY,US,West 143rd Street,10030
A4:CF:12:D2:9D:51,,40.80537033,-73.96208954,A4:CF:12,1,unknown,2024-10-19T14:00:00.000Z,2024-10-19T09:00:00.000Z,City of New York,NY,US,Amsterdam Avenue,10029
A4:CF:12:D2:A5:86,,47.22029495,-122.29261017,A4:CF:12,11,wpa2,2026-08-11T19:00:00.000Z,2026-08-11T13:00:00.000Z,,WA,US,Chrisella Road East,98372
A4:CF:12:D2:B0:C4,,40.90992737,-74.12047577,A4:CF:12,5,none,2026-08-11T09:00:00.000Z,2026-08-11T08:00:00.000Z,,NJ,US,Mola Boulevard,07407
A4:CF:12:D2:CA:72,,40.87409973,-73.90552521,A4:CF:12,12,unknown,2025-10-12T15:00:00.000Z,2025-10-12T11:00:00.000Z,City of New York,NY,US,Major Deegan Expressway,10463
A4:CF:12:D2:CE:2C,,40.91895676,-74.12449646,A4:CF:12,3,none,2026-08-11T09:00:00.000Z,2026-08-11T08:00:00.000Z,,NJ,US,Broadway,07410
A4:CF:12:D2:CF:6F,,40.80047226,-73.96788788,A4:CF:12,13,unknown,2024-10-19T13:00:00.000Z,2024-10-19T09:00:00.000Z,City of New York,NY,US,Broadway,10025
A4:CF:12:D2:D0:A1,,47.21763611,-122.46718597,A4:CF:12,1,wpa2,2026-07-17T17:00:00.000Z,2026-07-18T14:00:00.000Z,Tacoma,WA,US,South Steele Street,98409
A4:CF:12:D2:D1:03,,40.9187088,-73.06106567,A4:CF:12,5,unknown,2025-10-25T18:00:00.000Z,2025-10-25T16:00:00.000Z,,NY,US,Norwood Avenue,11776
A4:CF:12:D2:D1:65,,43.61035156,-72.97863007,A4:CF:12,1,unknown,2025-07-26T00:00:00.000Z,2025-07-25T19:00:00.000Z,Rutland City,VT,US,Church Street,05701
A4:CF:12:D2:D1:FE,,42.28509521,-71.06695557,A4:CF:12,1,wpa2,2026-07-07T06:00:00.000Z,2026-07-07T01:00:00.000Z,Boston,MA,US,Burt Street,02124
A4:CF:12:D2:D2:26,,40.74474716,-73.97880554,A4:CF:12,11,unknown,2024-07-10T08:00:00.000Z,2025-09-17T21:00:00.000Z,City of New York,NY,US,3rd Avenue,10016
A4:CF:12:D2:D2:C9,,40.81319427,-73.95832062,A4:CF:12,1,unknown,2024-10-19T14:00:00.000Z,2024-10-19T09:00:00.000Z,City of New York,NY,US,La Salle Street,10027
A4:CF:12:D2:D3:AD,,40.79571915,-73.9416275,A4:CF:12,12,unknown,2025-09-18T00:00:00.000Z,2025-09-17T21:00:00.000Z,City of New York,NY,US,3rd Avenue,10029
A4:CF:12:D2:D4:27,,40.81365967,-72.97590637,A4:CF:12,10,unknown,2024-10-25T00:00:00.000Z,2024-10-24T18:00:00.000Z,,NY,US,Sipp Avenue,11763
A4:CF:12:D2:D5:88,,40.79776382,-73.96930695,A4:CF:12,8,unknown,2024-10-19T13:00:00.000Z,2024-10-19T09:00:00.000Z,City of New York,NY,US,West 101st Street,10025
A4:CF:12:D2:D5:FC,,40.0057106,-83.00180054,A4:CF:12,1,none,2026-08-18T21:00:00.000Z,2026-08-19T21:00:00.000Z,Columbus,OH,US,East Lane Avenue,43201
A4:CF:12:D2:D6:AE,,40.7306633,-73.52724457,A4:CF:12,10,unknown,2025-02-23T20:00:00.000Z,2025-02-23T15:00:00.000Z,Levittown,NY,US,Valley Road,11756
A4:CF:12:D2:D9:D5,John B ,40.75435257,-73.89759827,A4:CF:12,3,unknown,2024-10-03T12:00:00.000Z,2024-10-04T13:00:00.000Z,City of New York,NY,US,69th Street,11377
A4:CF:12:D2:D9:F3,,40.81114578,-73.95785522,A4:CF:12,1,unknown,2024-10-19T14:00:00.000Z,2024-10-19T09:00:00.000Z,City of New York,NY,US,Amsterdam Avenue,10027
A4:CF:12:D2:DA:E1,,40.66758347,-73.62693024,A4:CF:12,4,unknown,2025-07-27T19:00:00.000Z,2025-07-27T14:00:00.000Z,,NY,US,Princeton Road,11570
A4:CF:12:D2:E5:04,,50.93951035,-0.99336928,A4:CF:12,6,unknown,2024-02-02T10:00:00.000Z,2024-10-19T02:00:00.000Z,East Hampshire,England,GB,Beckless Avenue,PO8 0XQ
A4:CF:12:D2:F8:8B,,45.53549194,-73.56032562,A4:CF:12,0,unknown,2025-04-16T05:00:00.000Z,2025-04-17T17:00:00.000Z,Montréal,Québec,CA,Rue D'Iberville,H2K 3E2
A4:CF:12:D2:FD:DA,,45.56778336,-73.58457184,A4:CF:12,0,unknown,2025-04-25T17:00:00.000Z,2025-05-07T15:00:00.000Z,Montréal,Québec,CA,27e Avenue,H1T 3J8
A4:CF:12:D3:1C:5D,,36.22605896,-115.29390717,A4:CF:12,0,unknown,2024-07-27T01:00:00.000Z,2025-05-20T15:00:00.000Z,Las Vegas,NV,US,West Gowan Road,89129
A4:CF:12:D3:45:D2,,34.10626984,-118.08963013,A4:CF:12,8,none,2026-09-02T15:00:00.000Z,2026-09-02T20:00:00.000Z,San Gabriel,CA,US,Hermosa Drive,91775:91776
A4:CF:12:D3:46:50,,43.11661148,-75.21620178,A4:CF:12,11,wpa2,2024-08-25T19:00:00.000Z,2026-08-19T15:00:00.000Z,City of Utica,NY,US,New York State Thruway,13502-2311
A4:CF:12:D3:46:A0,,40.73545456,-73.50974274,A4:CF:12,2,unknown,2025-02-23T21:00:00.000Z,2025-02-23T15:00:00.000Z,Levittown,NY,US,Constellation Road,11756
A4:CF:12:D3:47:89,,40.72225571,-73.57052612,A4:CF:12,1,unknown,2024-11-10T19:00:00.000Z,2024-11-10T13:00:00.000Z,,NY,US,Gerald Avenue,11554
A4:CF:12:D3:48:87,,40.75616455,-73.96748352,A4:CF:12,8,unknown,2025-08-10T04:00:00.000Z,2025-09-17T21:00:00.000Z,City of New York,NY,US,East 52nd Street,10022
A4:CF:12:D3:4D:30,,45.66450882,-73.55024719,A4:CF:12,0,unknown,2022-03-08T15:00:00.000Z,2025-04-25T17:00:00.000Z,Montréal,Québec,CA,Rue Voltaire,H1C 1B1
A4:CF:12:D3:4D:D2,,45.65523911,-73.56619263,A4:CF:12,0,unknown,2022-04-13T23:00:00.000Z,2025-05-07T15:00:00.000Z,Montréal,Québec,CA,Boulevard Rivière des Prairies,H1C 1B1
A4:CF:12:D3:54:7A,,40.77314758,-73.82725525,A4:CF:12,8,unknown,2024-06-21T07:00:00.000Z,2025-08-16T20:00:00.000Z,City of New York,NY,US,28th Avenue,11354
A4:CF:12:D3:55:C6,,40.6815567,-73.62545013,A4:CF:12,7,unknown,2025-07-26T17:00:00.000Z,2025-07-27T09:00:00.000Z,,NY,US,Cedar Street,11550
A4:CF:12:D3:56:69,,36.00081253,-114.95533752,A4:CF:12,0,unknown,2025-05-17T04:00:00.000Z,2025-05-20T15:00:00.000Z,Henderson,NV,US,Wagon Train Drive,89002
A4:CF:12:D3:56:CD,,40.8032341,-73.96363068,A4:CF:12,12,unknown,2024-10-19T14:00:00.000Z,2024-10-19T09:00:00.000Z,City of New York,NY,US,Amsterdam Avenue,10025-4403
A4:CF:12:D3:57:73,,40.63434219,-73.92272949,A4:CF:12,8,unknown,2025-09-30T06:00:00.000Z,2025-09-30T02:00:00.000Z,City of New York,NY,US,East 56th Street,11234
A4:CF:12:D3:58:65,,40.69375229,-73.49921417,A4:CF:12,4,unknown,2025-04-06T18:00:00.000Z,2025-04-06T13:00:00.000Z,,NY,US,Southview Avenue,11793
A4:CF:12:D3:58:97,,40.63570404,-73.92261505,A4:CF:12,1,unknown,2025-09-30T06:00:00.000Z,2025-09-30T02:00:00.000Z,City of New York,NY,US,Farragut Road,11234
A4:CF:12:D3:58:9B,,39.42818451,-79.33146667,A4:CF:12,6,none,2026-08-17T06:00:00.000Z,2026-08-17T16:00:00.000Z,,MD,US,Maryland Highway,21550
A4:CF:12:D3:58:B0,,40.8167572,-73.11251068,A4:CF:12,10,unknown,2025-05-17T19:00:00.000Z,2025-07-13T05:00:00.000Z,,NY,US,Ronkonkoma Avenue,11779
A4:CF:12:D3:59:5B,,40.67718124,-73.88722229,A4:CF:12,1,unknown,2025-09-30T08:00:00.000Z,2025-09-30T02:00:00.000Z,City of New York,NY,US,Atlantic Avenue,11207
A4:CF:12:D3:59:8B,,40.66542053,-73.58547211,A4:CF:12,8,unknown,2025-07-26T13:00:00.000Z,2025-07-27T18:00:00.000Z,,NY,US,East Seaman Avenue,11520
A4:CF:12:D3:5A:F1,,18.46837044,-69.92493439,A4:CF:12,4,none,2026-08-25T06:00:00.000Z,2026-08-25T04:00:00.000Z,,Distrito Nacional,DO,Avenida 27 de Febrero,10120
A4:CF:12:D4:3C:2F,googlenest,40.75857925,-73.88687897,A4:CF:12,6,unknown,2024-10-01T19:00:00.000Z,2024-10-04T13:00:00.000Z,City of New York,NY,US,81st Street,11370
A4:CF:12:D4:4B:48,,45.53566742,-73.66719818,A4:CF:12,0,unknown,2022-01-04T00:00:00.000Z,2025-04-10T16:00:00.000Z,Montréal,Québec,CA,Rue Alain-Grandbois,H4N 3L5
A4:CF:12:D4:87:E5,,27.77192307,-82.66822815,A4:CF:12,10,unknown,2025-05-31T00:00:00.000Z,2025-05-30T21:00:00.000Z,Saint Petersburg,FL,US,1st Avenue North,33710
A4:CF:12:D4:B1:F3,,34.1342926,-117.61108398,A4:CF:12,10,none,2026-08-16T08:00:00.000Z,2026-08-16T09:00:00.000Z,Rancho Cucamonga,CA,US,Foothill Freeway,91701-9998
A4:CF:12:D4:C0:DA,(no SSID),40.73176575,-74.06676483,A4:CF:12,1,none,2025-04-03T22:00:00.000Z,2025-07-23T20:00:00.000Z,Jersey City,NJ,US,John F. Kennedy Boulevard,07306
A4:CF:12:D4:DB:FB,,33.82696152,-118.24093628,A4:CF:12,11,wpa2,2026-05-25T04:00:00.000Z,2026-05-24T22:00:00.000Z,Carson,CA,US,Wilmington Avenue,90745
A4:CF:12:D4:DC:85,,39.80731583,-86.36871338,A4:CF:12,11,wpa2,2026-06-23T20:00:00.000Z,2026-06-23T14:00:00.000Z,,IN,US,East County Road 300 North,46234
A4:CF:12:D4:E0:B8,,32.39247894,-97.63658905,A4:CF:12,7,none,2026-08-23T13:00:00.000Z,2026-08-23T16:00:00.000Z,,TX,US,Massey Road,76049
A4:CF:12:D4:F0:65,,45.35801697,-122.86086273,A4:CF:12,5,wpa2,2026-07-11T17:00:00.000Z,2026-07-25T09:00:00.000Z,,OR,US,Southwest Pacific Highway,97140
A4:CF:12:D5:25:4A,,42.2369194,-83.64659119,A4:CF:12,1,none,2026-08-26T16:00:00.000Z,2026-08-26T20:00:00.000Z,,MI,US,North Hewitt Road,48197
A4:CF:12:D5:41:B2,,40.85866928,-73.27934265,A4:CF:12,7,unknown,2025-02-01T23:00:00.000Z,2025-02-01T15:00:00.000Z,,NY,US,Hayrick Lane,11725
A4:CF:12:D5:5F:A6,,44.20656967,-70.45578003,A4:CF:12,3,none,2026-08-21T18:00:00.000Z,2026-08-21T17:00:00.000Z,,ME,US,Hebron Road,04281
A4:CF:12:D5:6E:EA,,40.81324005,-73.95840454,A4:CF:12,9,unknown,2024-10-19T14:00:00.000Z,2024-10-19T09:00:00.000Z,City of New York,NY,US,La Salle Street,10027
A4:CF:12:D5:6F:18,,40.78895569,-73.9466095,A4:CF:12,36,none,2025-09-18T00:00:00.000Z,2026-08-13T21:00:00.000Z,City of New York,NY,US,3rd Avenue,10029
A4:CF:12:D5:70:B4,moduletest,40.7339592,-73.81478882,A4:CF:12,10,unknown,2024-10-01T22:00:00.000Z,2025-09-20T08:00:00.000Z,City of New York,NY,US,Kissena Boulevard,11367
A4:CF:12:D5:72:BD,,40.7660141,-73.80966187,A4:CF:12,8,unknown,2024-06-21T05:00:00.000Z,2025-08-16T20:00:00.000Z,City of New York,NY,US,35th Avenue,11354
A4:CF:12:D5:72:C4,,40.73282623,-73.99599457,A4:CF:12,2,unknown,2025-09-18T02:00:00.000Z,2025-09-17T21:00:00.000Z,City of New York,NY,US,5th Avenue,10003
A4:CF:12:D5:73:72,,40.75229645,-73.54172516,A4:CF:12,2,unknown,2024-11-10T14:00:00.000Z,2024-11-10T06:00:00.000Z,,NY,US,Beech Lane,11801
A4:CF:12:D5:73:E0,,40.81378555,-73.09117889,A4:CF:12,6,unknown,2025-09-19T01:00:00.000Z,2025-09-18T19:00:00.000Z,,NY,US,3rd Street,11741
A4:CF:12:D5:73:EA,,40.93170547,-73.76205444,A4:CF:12,3,unknown,2025-08-09T18:00:00.000Z,2025-08-09T17:00:00.000Z,City of New Rochelle,NY,US,New England Thruway,10538
A4:CF:12:D5:75:7C,,40.89876938,-74.11769104,A4:CF:12,10,none,2026-08-11T09:00:00.000Z,2026-08-11T08:00:00.000Z,,NJ,US,Tuella Avenue,07407
A4:CF:12:D5:75:B0,,40.67790604,-73.6125412,A4:CF:12,12,unknown,2025-07-26T15:00:00.000Z,2025-07-26T13:00:00.000Z,,NY,US,Edward Street,11510
A4:CF:12:D5:F0:3A,,27.76502419,-82.74659729,A4:CF:12,1,unknown,2025-10-03T22:00:00.000Z,2025-10-06T13:00:00.000Z,Saint Petersburg,FL,US,4th Avenue South,33707
A4:CF:12:D6:2B:63,,42.64206696,-70.95407867,A4:CF:12,0,unknown,2025-04-04T09:00:00.000Z,2025-11-12T10:00:00.000Z,,MA,US,Washington Street,01983
A4:CF:12:D6:85:87,,40.66996002,-73.58209229,A4:CF:12,8,unknown,2025-07-26T13:00:00.000Z,2025-07-27T18:00:00.000Z,,NY,US,Colonial Avenue,11520
A4:CF:12:D6:8A:3E,,39.35234833,-76.53647614,A4:CF:12,1,unknown,2026-06-21T23:00:00.000Z,2026-08-30T20:00:00.000Z,Baltimore,MD,US,Glenmore Avenue,21206
A4:CF:12:D6:93:D1,,40.74580765,-73.52235413,A4:CF:12,3,unknown,2025-02-23T22:00:00.000Z,2025-02-23T15:00:00.000Z,,NY,US,Dante Avenue,11801
A4:CF:12:D7:81:DA,,45.60091782,-73.59603882,A4:CF:12,0,unknown,2025-04-22T19:00:00.000Z,2025-04-25T17:00:00.000Z,Montréal,Québec,CA,Boulevard Langelier,H1P 2C8
A4:CF:12:D7:88:53,,51.09098053,17.21007347,A4:CF:12,6,none,2026-09-02T16:00:00.000Z,2026-09-02T08:00:00.000Z,,województwo dolnośląskie,PL,Wrocławska,55-002
A4:CF:12:D8:39:39,,30.63326645,-97.6778717,A4:CF:12,0,unknown,2024-12-04T08:00:00.000Z,2024-12-04T17:00:00.000Z,,TX,US,West University Avenue,78626
A4:CF:12:D8:5A:5A,,33.97346115,-118.45536804,A4:CF:12,7,wpa2,2026-07-12T04:00:00.000Z,2026-07-11T23:00:00.000Z,Inglewood,CA,US,Admiralty Way,90292
A4:CF:12:D8:5A:B9,,33.9733696,-118.45536041,A4:CF:12,7,wpa2,2026-06-30T01:00:00.000Z,2026-06-29T19:00:00.000Z,Inglewood,CA,US,Admiralty Way,90292
A4:CF:12:D8:5B:9A,,51.16160965,17.17594528,A4:CF:12,8,none,2026-08-22T13:00:00.000Z,2026-08-22T05:00:00.000Z,,województwo dolnośląskie,PL,,55-090
A4:CF:12:DE:CF:70,,42.21887207,-83.51746368,A4:CF:12,2,none,2026-08-26T16:00:00.000Z,2026-08-26T21:00:00.000Z,,MI,US,Detroit Industrial Expressway,48111-1133
A4:CF:12:DE:D0:9B,,34.12940598,-117.9037323,A4:CF:12,7,none,2026-08-23T12:00:00.000Z,2026-08-23T13:00:00.000Z,Azusa,CA,US,North Soldano Avenue,91702
A4:CF:12:DE:D2:1D,,42.24513626,-85.5956192,A4:CF:12,3,none,2026-08-18T13:00:00.000Z,2026-08-18T23:00:00.000Z,Kalamazoo,MI,US,West Kilgore Road,49008
A4:CF:12:DE:D2:80,,36.1763916,-115.20591736,A4:CF:12,0,unknown,2025-05-29T19:00:00.000Z,2025-06-01T15:00:00.000Z,Las Vegas,NV,US,North Decatur Boulevard,89107-2803
A4:CF:12:DE:D2:B3,,36.16201019,-115.24059296,A4:CF:12,0,unknown,2024-05-21T04:00:00.000Z,2025-05-14T16:00:00.000Z,Las Vegas,NV,US,Sanford Court,89146-1126
A4:CF:12:DE:D2:BE,,34.1293869,-117.90316772,A4:CF:12,4,none,2026-08-23T12:00:00.000Z,2026-08-23T14:00:00.000Z,Azusa,CA,US,North Pasadena Avenue,91702
A4:CF:12:DE:D3:83,,42.21882248,-83.52010345,A4:CF:12,11,none,2026-08-26T16:00:00.000Z,2026-08-26T21:00:00.000Z,,MI,US,Detroit Industrial Expressway,48111-1133
A4:CF:12:DE:D8:F7,,36.1607399,-115.24120331,A4:CF:12,0,unknown,2024-05-21T04:00:00.000Z,2025-05-14T16:00:00.000Z,Las Vegas,NV,US,Lorenzi Street,89146-5145
A4:CF:12:DF:04:45,,36.16203308,-115.24063873,A4:CF:12,0,unknown,2024-05-21T04:00:00.000Z,2025-05-14T16:00:00.000Z,Las Vegas,NV,US,Sanford Court,89146-1126
A4:CF:12:DF:06:F0,,27.87703323,-82.64566803,A4:CF:12,12,unknown,2025-04-22T00:00:00.000Z,2025-06-06T00:00:00.000Z,Saint Petersburg,FL,US,116th Avenue,33716
A4:CF:12:DF:0A:26,,34.12850189,-117.90373993,A4:CF:12,11,none,2026-08-23T12:00:00.000Z,2026-08-23T14:00:00.000Z,Azusa,CA,US,North Soldano Avenue,91702
A4:CF:12:DF:0A:37,,34.02335358,-118.4677887,A4:CF:12,7,wpa2,2026-07-10T20:00:00.000Z,2026-08-14T18:00:00.000Z,Santa Monica,CA,US,Cloverfield Boulevard,90404
A4:CF:12:DF:0C:A8,,51.96572876,-2.30225301,A4:CF:12,10,unknown,2026-07-16T09:00:00.000Z,2026-07-16T03:00:00.000Z,Forest of Dean,England,GB,Malvern Road,GL19 3
A4:CF:12:E0:01:C7,,53.38490677,10.10919285,A4:CF:12,5,unknown,2025-05-11T10:00:00.000Z,2025-05-11T07:00:00.000Z,,Niedersachsen,DE,Harburger Straße,21435
A4:CF:12:E0:9C:0A,,48.34124756,-122.34420013,A4:CF:12,6,wpa2,2026-06-29T11:00:00.000Z,2026-07-20T06:00:00.000Z,,WA,US,Fir Island Road,98273
A4:CF:12:E0:AF:D5,,45.5737648,-73.56295776,A4:CF:12,0,unknown,2022-02-02T14:00:00.000Z,2025-01-29T12:00:00.000Z,Montréal,Québec,CA,Boulevard Rosemont,H1T 2T7
A4:CF:12:E0:B1:0F,,40.63745499,-73.90782928,A4:CF:12,3,unknown,2025-09-30T04:00:00.000Z,2025-09-29T22:00:00.000Z,City of New York,NY,US,East 86th Street,11236
A4:CF:12:E0:BC:0F,,40.44107056,-104.80233765,A4:CF:12,6,unknown,2025-10-18T18:00:00.000Z,2025-10-21T17:00:00.000Z,Greeley,CO,US,Poudre River Road,80632
A4:CF:12:E0:D6:8D,(no SSID),40.75989532,-74.05070496,A4:CF:12,4,none,2024-09-20T14:00:00.000Z,2025-01-22T07:00:00.000Z,,NJ,US,Secaucus Road,07307
A4:CF:12:E0:EB:52,,36.7999115,-121.66599274,A4:CF:12,9,none,2026-08-25T12:00:00.000Z,2026-08-26T15:00:00.000Z,,CA,US,Prunedale North Road,93907-1610
A4:CF:12:E0:EC:00,,45.52966309,-73.57033539,A4:CF:12,0,unknown,2025-01-10T07:00:00.000Z,2025-05-07T15:00:00.000Z,Montréal,Québec,CA,Rue Rachel Est,H2H
A4:CF:12:E0:EF:83,<hidden>,43.25083923,-77.66628265,A4:CF:12,2,none,2026-07-16T10:00:00.000Z,2026-07-16T04:00:00.000Z,City of Rochester,NY,US,Tahoe Drive,14616
A4:CF:12:E1:02:FF,,45.03510666,-93.81809998,A4:CF:12,8,none,2026-09-02T20:00:00.000Z,2026-09-02T20:00:00.000Z,,MN,US,Silvercreek Avenue West,55328
A4:CF:12:E1:86:96,,47.70042419,-116.82924652,A4:CF:12,2,none,2026-08-25T06:00:00.000Z,2026-08-25T07:00:00.000Z,Coeur d'Alene,ID,US,West Seltice Way,83815
A4:CF:12:E1:9F:4F,,-37.67462158,144.58546448,A4:CF:12,6,none,2026-09-01T23:00:00.000Z,2026-09-01T06:00:00.000Z,Melbourne,Victoria,AU,,3337
A4:CF:12:E1:DA:DA,,29.20062447,-82.12692261,A4:CF:12,9,none,2026-09-02T17:00:00.000Z,2026-09-02T16:00:00.000Z,Ocala,FL,US,Northeast 14th Street,34470
A4:CF:12:E1:DE:45,,39.35121536,-76.54794312,A4:CF:12,3,unknown,2026-05-31T02:00:00.000Z,2026-09-01T20:00:00.000Z,Baltimore,MD,US,Winthrope Avenue,21206
A4:CF:12:E1:E6:C0,,34.12985611,-117.90589905,A4:CF:12,6,none,2026-08-23T12:00:00.000Z,2026-08-23T13:00:00.000Z,Azusa,CA,US,East 5th Street,91702
A4:CF:12:E4:3B:1A,,34.05990219,-118.1089859,A4:CF:12,1,none,2026-09-01T15:00:00.000Z,2026-09-01T18:00:00.000Z,,CA,US,Newmark Avenue,91755
A4:CF:12:E4:75:14,,40.80318832,-72.96085358,A4:CF:12,2,unknown,2024-11-01T22:00:00.000Z,2024-11-01T17:00:00.000Z,,NY,US,Cody Lane,11763
A4:CF:12:E4:9E:8F,,39.95141983,-86.08866882,A4:CF:12,6,unknown,2024-09-17T02:00:00.000Z,2025-07-16T16:00:00.000Z,,IN,US,North Gray Road,46033
A4:CF:12:E5:40:4C,,40.69146729,-73.50346375,A4:CF:12,11,unknown,2025-04-06T17:00:00.000Z,2025-04-06T13:00:00.000Z,,NY,US,Hawthorne Drive South,11793
A4:CF:12:E5:43:30,,34.05332565,-117.98592377,A4:CF:12,6,wpa2,2026-05-24T20:00:00.000Z,2026-05-24T13:00:00.000Z,El Monte,CA,US,Temple Avenue,91744
A4:CF:12:E5:46:FC,,40.73734283,-73.52562714,A4:CF:12,8,unknown,2025-02-23T20:00:00.000Z,2025-02-23T15:00:00.000Z,Levittown,NY,US,Skimmer Lane,11756
A4:CF:12:E5:51:E5,,38.64306259,-90.25773621,A4:CF:12,10,wpa2,2026-08-15T18:00:00.000Z,2026-08-28T22:00:00.000Z,Saint Louis,MO,US,North Taylor Avenue,63113
A4:CF:12:E5:B8:F1,,-33.92043304,151.03965759,A4:CF:12,13,unknown,2024-07-20T13:00:00.000Z,2024-09-06T01:00:00.000Z,Sydney,New South Wales,AU,Stacey Street,2200
A4:CF:12:E5:C2:02,,36.15398026,-115.13607025,A4:CF:12,0,unknown,2025-05-20T02:00:00.000Z,2025-05-23T17:00:00.000Z,Las Vegas,NV,US,South 13th Street,89104-1671
A4:CF:12:E5:C7:76,,40.68973541,-73.58280182,A4:CF:12,5,unknown,2025-07-26T15:00:00.000Z,2025-07-26T13:00:00.000Z,,NY,US,East Pennywood Avenue,11575
A4:CF:12:E6:BD:6D,,28.66636658,-81.38828278,A4:CF:12,1,unknown,2026-06-28T13:00:00.000Z,2026-07-18T19:00:00.000Z,,FL,US,Interstate 4,32701
A4:CF:12:E7:31:59,,50.93927765,-0.99353999,A4:CF:12,3,unknown,2024-02-04T12:00:00.000Z,2025-01-08T00:00:00.000Z,East Hampshire,England,GB,Lowton Gardens,PO8 0XQ
A4:CF:12:E7:32:75,,34.25544357,-118.80027771,A4:CF:12,3,none,2026-08-13T06:00:00.000Z,2026-08-13T22:00:00.000Z,Simi Valley,CA,US,Madera Road,93065
A4:CF:12:E7:45:0E,,45.47976303,-73.69523621,A4:CF:12,0,unknown,2025-05-26T18:00:00.000Z,2025-07-11T18:00:00.000Z,Montréal,Québec,CA,Rue Merizzi,H4T 1E7
A4:CF:12:E7:5E:32,No wifi,40.75976562,-73.88256073,A4:CF:12,7,unknown,2024-10-01T20:00:00.000Z,2024-10-04T13:00:00.000Z,City of New York,NY,US,86th Street,11369
A4:CF:12:E7:5F:EC,,30.48697662,-84.26119232,A4:CF:12,1,unknown,2022-08-09T14:00:00.000Z,2024-10-18T12:00:00.000Z,Tallahassee,FL,US,Brandemere Drive,32312
A4:CF:12:E7:63:1C,,38.40600204,-85.75219727,A4:CF:12,4,unknown,2024-09-17T03:00:00.000Z,2025-07-16T18:00:00.000Z,,IN,US,North New Albany Avenue,47172
A4:CF:12:E7:68:02,,29.19822502,-82.17241669,A4:CF:12,11,none,2026-08-20T15:00:00.000Z,2026-08-25T13:00:00.000Z,Ocala,FL,US,US 27,34475
A4:CF:12:E7:68:86,,45.46740341,-122.71797943,A4:CF:12,6,wpa2,2026-08-15T06:00:00.000Z,2026-08-29T15:00:00.000Z,Portland,OR,US,Southwest 40th Avenue,97219
A4:CF:12:E7:69:0E,,27.78649712,-82.66809082,A4:CF:12,6,unknown,2025-10-17T20:00:00.000Z,2025-10-20T12:00:00.000Z,Saint Petersburg,FL,US,15th Avenue North,33713
A4:CF:12:E7:69:0F,,33.67933655,-117.99266052,A4:CF:12,6,wpa2,2026-07-31T14:00:00.000Z,2026-08-13T10:00:00.000Z,Huntington Beach,CA,US,West Yorktown Avenue,92648
A4:CF:12:E9:0B:BD,,30.04932785,-97.6386795,A4:CF:12,2,unknown,2026-03-28T17:00:00.000Z,2026-03-28T12:00:00.000Z,Mustang Ridge,TX,US,Camino Real,
A4:CF:12:E9:EB:73,,45.61513901,-73.59631348,A4:CF:12,0,unknown,2025-04-22T20:00:00.000Z,2025-04-25T17:00:00.000Z,Montréal,Québec,CA,Boulevard Henri-Bourassa Est,H1E 2Z6
A4:CF:12:EA:11:58,,33.88864517,-81.22341919,A4:CF:12,6,none,2026-08-22T18:00:00.000Z,2026-08-22T17:00:00.000Z,,SC,US,Tallaran Road,29072:29073
A4:CF:12:EA:CC:C3,,34.12973022,-117.89395905,A4:CF:12,11,none,2026-08-23T11:00:00.000Z,2026-08-23T14:00:00.000Z,Azusa,CA,US,East 5th Street,91702
A4:CF:12:EB:1A:0A,,50.90788269,-1.41505003,A4:CF:12,3,unknown,2024-10-24T16:00:00.000Z,2024-11-10T05:00:00.000Z,Southampton,England,GB,Southbrook Road,SO15 1GQ
A4:CF:12:EB:1D:AF,,40.82645035,-73.18611145,A4:CF:12,3,unknown,2025-02-22T19:00:00.000Z,2025-02-22T12:00:00.000Z,,NY,US,Townline Road,11788
A4:CF:12:EB:1D:F5,,41.62878036,-83.51547241,A4:CF:12,11,none,2026-08-26T18:00:00.000Z,2026-08-26T21:00:00.000Z,Toledo,OH,US,East Broadway,43605
A4:CF:12:EB:1F:4A,,40.80770874,-73.96401978,A4:CF:12,1,unknown,2024-10-19T14:00:00.000Z,2024-10-19T09:00:00.000Z,City of New York,NY,US,West 116th Street,10027
A4:CF:12:EB:20:E1,,40.7876358,-74.14157104,A4:CF:12,3,none,2025-06-02T18:00:00.000Z,2026-08-15T17:00:00.000Z,,NJ,US,Hedden Terrace,07031
A4:CF:12:EB:21:AB,,40.79291916,-73.97290039,A4:CF:12,1,unknown,2024-10-19T13:00:00.000Z,2024-10-19T09:00:00.000Z,City of New York,NY,US,Broadway,10025
A4:CF:12:EB:23:8F,,40.74234009,-73.52216339,A4:CF:12,13,unknown,2025-02-23T22:00:00.000Z,2025-02-23T15:00:00.000Z,Levittown,NY,US,Horn Lane,11756
A4:CF:12:EB:24:3F,,40.78894043,-73.94664001,A4:CF:12,9,unknown,2025-09-18T00:00:00.000Z,2025-09-17T21:00:00.000Z,City of New York,NY,US,3rd Avenue,10029
A4:CF:12:EB:24:E0,,40.74202347,-73.54096985,A4:CF:12,2,unknown,2025-02-23T19:00:00.000Z,2025-02-23T15:00:00.000Z,Levittown,NY,US,Twig Lane,11756
A4:CF:12:EB:25:3C,,40.49925613,-74.44624329,A4:CF:12,6,unknown,2026-03-18T14:00:00.000Z,2026-03-18T15:00:00.000Z,New Brunswick,NJ,US,Wall Street,08901
A4:CF:12:EB:25:8F,,40.82326508,-72.97019958,A4:CF:12,8,unknown,2025-03-20T21:00:00.000Z,2025-03-20T16:00:00.000Z,,NY,US,Express Drive North,11763
A4:CF:12:EB:25:A4,,40.80192947,-73.17601776,A4:CF:12,5,unknown,2025-08-08T11:00:00.000Z,2025-08-08T04:00:00.000Z,,NY,US,Veterans Memorial Highway,11749
A4:CF:12:EB:26:8F,,44.47737885,26.12104416,A4:CF:12,10,none,2026-08-22T18:00:00.000Z,2026-08-23T00:00:00.000Z,Municipiul București,Sector 2,RO,Șoseaua Fabrica de Glucoză,020332
A4:CF:12:EB:27:80,,40.74589157,-73.5295105,A4:CF:12,8,unknown,2025-02-23T21:00:00.000Z,2025-02-23T15:00:00.000Z,,NY,US,Lantern Lane,11801
A4:CF:12:EB:28:3B,,40.73501205,-73.52503967,A4:CF:12,10,unknown,2025-02-23T20:00:00.000Z,2025-02-23T15:00:00.000Z,Levittown,NY,US,Hollyhock Road,11756
A4:CF:12:EB:2B:F1,,40.88666153,-73.84770203,A4:CF:12,3,unknown,2024-10-30T05:00:00.000Z,2024-10-30T00:00:00.000Z,City of New York,NY,US,Laconia Avenue,10466
A4:CF:12:EB:2E:20,,40.71731567,-73.55277252,A4:CF:12,2,unknown,2024-11-10T21:00:00.000Z,2024-11-10T13:00:00.000Z,,NY,US,8th Street,11554
A4:CF:12:EB:2E:F3,,40.74299622,-73.5287323,A4:CF:12,10,unknown,2025-02-23T22:00:00.000Z,2025-02-23T15:00:00.000Z,Levittown,NY,US,Flamingo Road,11756
A4:CF:12:EB:2F:10,,40.73787689,-73.51454163,A4:CF:12,5,unknown,2025-02-23T21:00:00.000Z,2025-02-23T15:00:00.000Z,Levittown,NY,US,Cool Lane,11756
A4:CF:12:EB:2F:23,,40.82765198,-73.26600647,A4:CF:12,5,unknown,2025-02-20T16:00:00.000Z,2025-02-20T09:00:00.000Z,,NY,US,Peacock Lane,11725
A4:CF:12:EB:31:08,,40.64159393,-73.88459015,A4:CF:12,4,unknown,2025-09-30T02:00:00.000Z,2025-09-29T22:00:00.000Z,City of New York,NY,US,East 108th Street,11236
A4:CF:12:EB:31:27,,40.67885971,-73.57913208,A4:CF:12,8,unknown,2025-07-27T14:00:00.000Z,2025-07-27T09:00:00.000Z,,NY,US,Sherman Street,11575
A4:CF:12:EB:31:29,Delgado_Network_2GEXT,40.77586365,-73.90544891,A4:CF:12,8,unknown,2024-10-01T22:00:00.000Z,2024-10-04T13:00:00.000Z,City of New York,NY,US,21st Avenue,11105
A4:CF:12:EB:31:41,,41.95470047,-71.48847198,A4:CF:12,11,wpa2,2026-08-18T10:00:00.000Z,2026-08-19T15:00:00.000Z,,RI,US,Eddie Dowling Highway,02896-8266
A4:CF:12:EC:51:39,<hidden>,43.22388458,-77.29223633,A4:CF:12,5,none,2026-08-17T22:00:00.000Z,2026-08-17T16:00:00.000Z,,NY,US,Ridge Road,14519
A4:CF:12:EE:0A:CC,,50.01972198,19.94562721,A4:CF:12,11,unknown,2026-08-03T08:00:00.000Z,2026-08-03T12:00:00.000Z,Kraków,województwo małopolskie,PL,Jerzego Turowicza,30-609
A4:CF:12:F6:53:E6,,30.30470848,-97.29734039,A4:CF:12,0,unknown,2025-03-19T15:00:00.000Z,2025-03-20T18:00:00.000Z,,TX,US,US 290,
A4:CF:12:F6:7F:AF,,36.16638565,-115.23362732,A4:CF:12,0,unknown,2025-05-29T19:00:00.000Z,2025-06-01T15:00:00.000Z,Las Vegas,NV,US,Alta Drive,89147
A4:CF:12:F6:80:6D,,27.80857086,-82.61923981,A4:CF:12,2,unknown,2025-04-09T22:00:00.000Z,2025-04-09T19:00:00.000Z,Saint Petersburg,FL,US,40th Avenue Northeast,33703
A4:CF:12:F7:FD:91,,35.93344879,-78.82495117,A4:CF:12,11,wpa2,2026-07-29T13:00:00.000Z,2026-07-30T10:00:00.000Z,Durham,NC,US,Carnation Drive,27703
A4:CF:12:F7:FD:DD,,45.52684784,-122.63724518,A4:CF:12,6,wpa2,2026-08-16T03:00:00.000Z,2026-08-20T20:00:00.000Z,Portland,OR,US,Northeast 28th Avenue,97232
A4:CF:12:F8:1F:4D,,39.89050674,-86.08359528,A4:CF:12,9,unknown,2026-08-08T17:00:00.000Z,2026-08-08T18:00:00.000Z,Indianapolis,IN,US,East 75th Street,46250
A4:CF:12:F8:84:48,,39.11125565,-84.5139389,A4:CF:12,14,wpa2,2026-06-17T12:00:00.000Z,2026-06-19T11:00:00.000Z,Cincinnati,OH,US,East 14th Street,45210
A4:CF:12:F9:08:5E,,27.79296684,-82.63819885,A4:CF:12,6,unknown,2025-04-08T19:00:00.000Z,2025-10-09T13:00:00.000Z,Saint Petersburg,FL,US,23rd Avenue North,33704
A4:CF:12:F9:4B:C5,,43.20821381,-72.78121948,A4:CF:12,2,unknown,2025-06-28T03:00:00.000Z,2025-06-27T21:00:00.000Z,Londonderry,VT,US,Vermont Route 11,05148
A4:CF:12:F9:56:9B,,45.60424805,-73.70733643,A4:CF:12,0,unknown,2025-05-04T17:00:00.000Z,2025-05-07T15:00:00.000Z,Laval (13),Québec,CA,Montée Monette,H7M 3T3
A4:CF:12:F9:EE:41,,27.84796524,-82.7124176,A4:CF:12,3,unknown,2025-05-16T23:00:00.000Z,2025-05-17T01:00:00.000Z,Pinellas Park,FL,US,58th Street,33782
A4:CF:12:F9:F8:38,,27.89257431,-82.6618042,A4:CF:12,1,unknown,2025-09-22T19:00:00.000Z,2025-09-22T19:00:00.000Z,Saint Petersburg,FL,US,Carillon Parkway,33716-1201
A4:CF:12:FA:08:81,,40.69769287,-73.5115509,A4:CF:12,0,unknown,2025-04-06T18:00:00.000Z,2025-04-06T13:00:00.000Z,,NY,US,Downhill Lane,11793
A4:CF:12:FA:2A:91,,46.8924675,8.62737083,A4:CF:12,0,unknown,2025-10-23T09:00:00.000Z,2025-10-24T06:00:00.000Z,,Uri,CH,Flüelerstrasse,6460
A4:CF:12:FA:4C:46,Select the Wi-Fi Network Name (,39.47431183,-76.52819061,A4:CF:12,10,unknown,2026-02-18T12:00:00.000Z,2026-03-22T13:00:00.000Z,Towson,MD,US,Long Green Road,21057
A4:CF:12:FA:4D:1A,,33.03829193,-83.92951965,A4:CF:12,1,unknown,2026-05-31T12:00:00.000Z,2026-06-03T20:00:00.000Z,,GA,US,I 75,31029
A4:CF:12:FA:4D:85,,29.12015152,-81.17728424,A4:CF:12,1,unknown,2026-06-28T17:00:00.000Z,2026-07-18T19:00:00.000Z,,FL,US,International Speedway Boulevard,32124-1011
A4:CF:12:FA:55:84,,40.79272079,-72.99977112,A4:CF:12,4,unknown,2025-01-13T22:00:00.000Z,2025-01-13T17:00:00.000Z,,NY,US,Valerie Lane,11772
A4:CF:12:FA:5E:37,,39.33104324,-76.52272034,A4:CF:12,3,unknown,2026-07-11T13:00:00.000Z,2026-07-31T20:00:00.000Z,,MD,US,McCormick Avenue,21206
A4:CF:12:FA:74:3F,,32.34573364,-97.66828918,A4:CF:12,7,none,2026-08-23T12:00:00.000Z,2026-08-23T11:00:00.000Z,,TX,US,Bellechase Road,76049
A4:CF:12:FA:99:71,,40.74713135,-73.51127625,A4:CF:12,3,unknown,2025-02-23T21:00:00.000Z,2025-02-23T15:00:00.000Z,,NY,US,Tiptop Lane,11801
A4:CF:12:FA:B0:8C,,41.01661301,-72.50926208,A4:CF:12,1,unknown,2025-01-05T18:00:00.000Z,2025-01-05T14:00:00.000Z,,NY,US,Middle Road,11935
A4:CF:12:FB:3C:F5,,58.3967514,15.61889076,A4:CF:12,11,unknown,2025-01-20T06:00:00.000Z,2025-01-20T07:00:00.000Z,Linköping,Östergötlands län,SE,Brigadgatan,587 58
A4:CF:12:FC:0F:D8,,40.75458908,-73.01379395,A4:CF:12,5,unknown,2025-02-08T00:00:00.000Z,2025-02-07T18:00:00.000Z,,NY,US,Pine Boulevard,11772
A4:CF:12:FC:24:43,,32.3716507,-97.66785431,A4:CF:12,3,none,2026-08-21T20:00:00.000Z,2026-08-23T11:00:00.000Z,,TX,US,Westover Drive,76049
A4:CF:12:FC:33:D0,,30.50374985,-97.61828613,A4:CF:12,11,unknown,2026-03-22T19:00:00.000Z,2026-03-22T15:00:00.000Z,Round Rock,TX,US,River Forest Drive,78664
A4:CF:12:FC:7B:62,,40.79113388,-73.81684875,A4:CF:12,4,unknown,2025-08-17T02:00:00.000Z,2025-08-16T20:00:00.000Z,City of New York,NY,US,149th Street,11357
A4:CF:12:FC:96:D1,,28.62140083,-81.24776459,A4:CF:12,1,unknown,2026-07-05T18:00:00.000Z,2026-07-18T19:00:00.000Z,,FL,US,FL 426,32765-9348
A4:CF:12:FD:5F:40,,-29.71280861,-53.73948669,A4:CF:12,10,none,2026-08-24T16:00:00.000Z,2026-09-02T19:00:00.000Z,Santa Maria,Rio Grande do Sul,BR,Estrada Silvio Schirmer,97110-860
A4:CF:12:FD:B5:76,,34.11946106,-117.78358459,A4:CF:12,6,none,2026-08-26T16:00:00.000Z,2026-08-26T21:00:00.000Z,La Verne,CA,US,Foothill Boulevard,91750
A4:CF:12:FD:E7:F7,,43.44070816,-72.97071075,A4:CF:12,7,unknown,2025-06-21T16:00:00.000Z,2025-06-22T22:00:00.000Z,,VT,US,Hartsboro Road,05773
A4:CF:12:FE:E2:7F,,40.66302109,-73.62020111,A4:CF:12,7,unknown,2025-07-27T20:00:00.000Z,2025-07-27T14:00:00.000Z,,NY,US,Whitehall Road,11570
A4:CF:12:FF:11:F2,,-43.5307312,172.65710449,A4:CF:12,1,unknown,2025-10-15T01:00:00.000Z,2025-10-14T19:00:00.000Z,Christchurch,Canterbury,NZ,Stanmore Road,8240
