netid,ssid,trilat,trilong,oui_match,channel,encryption,firsttime,lasttime,city,region,country,road,postalcode
E0:4F:43:00:18:52,Culligan-e04f43001852,43.10779953,-89.34790039,E0:4F:43,3,none,2022-02-19T23:00:00.000Z,2026-06-11T16:00:00.000Z,Madison,WI,US,Moland Street,53704
E0:4F:43:00:18:5A,Culligan-e04f4300185a,27.77871132,-82.32422638,E0:4F:43,3,unknown,2024-06-17T06:00:00.000Z,2026-03-14T19:00:00.000Z,,FL,US,Tropical Kings Way,33579
E0:4F:43:00:18:6A,Culligan-e04f4300186a,35.1802597,-81.24985504,E0:4F:43,1,unknown,2026-04-01T11:00:00.000Z,2026-04-02T17:00:00.000Z,Gastonia,NC,US,Freedom Mill Road,28052
E0:4F:43:00:27:BE,ARIO-6HTP,-32.05599213,152.52973938,E0:4F:43,11,unknown,2025-06-15T09:00:00.000Z,2025-06-19T05:00:00.000Z,,New South Wales,AU,Diamond Beach Road,2430
E0:4F:43:00:29:30,ARIO-386Z,33.51162338,-111.98560333,E0:4F:43,11,unknown,2021-12-16T23:00:00.000Z,2025-03-08T19:00:00.000Z,Phoenix,AZ,US,North 44th Street,85018
E0:4F:43:00:34:18,ARIO-MQME,37.39609528,-122.01622009,E0:4F:43,11,unknown,2025-03-12T03:00:00.000Z,2025-03-11T20:00:00.000Z,Sunnyvale,CA,US,East Ahwanee Avenue,94085-3010
E0:4F:43:00:3D:AD,ARIO-NXKD,43.07078171,-88.0971756,E0:4F:43,11,unknown,2023-06-19T12:00:00.000Z,2024-09-19T11:00:00.000Z,,WI,US,Pomona Road,53005
E0:4F:43:00:42:E8,Culligan-e04f430042e8,27.79260445,-82.28823853,E0:4F:43,3,unknown,2021-04-30T19:00:00.000Z,2025-08-01T06:00:00.000Z,,FL,US,Greenchop Place,33579
E0:4F:43:00:42:F3,Culligan-e04f430042f3,39.558815,-119.72840881,E0:4F:43,3,unknown,2026-04-18T03:00:00.000Z,2026-04-30T23:00:00.000Z,,NV,US,Pinewood Drive,89341
E0:4F:43:00:43:14,Culligan-e04f43004314,29.99897766,-95.64987183,E0:4F:43,3,unknown,2026-03-07T01:00:00.000Z,2026-06-12T15:00:00.000Z,,TX,US,Louetta Road,77429
E0:4F:43:00:43:20,Culligan-e04f43004320,29.55679131,-95.73579407,E0:4F:43,4,none,2026-07-05T16:00:00.000Z,2026-07-05T11:00:00.000Z,,TX,US,Sweetgrass Circle,
E0:4F:43:00:43:22,Culligan-e04f43004322,39.73680878,-104.95215607,E0:4F:43,3,none,2024-05-13T22:00:00.000Z,2026-07-12T23:00:00.000Z,Denver,CO,US,East 13th Avenue,80206
E0:4F:43:00:43:36,Culligan-e04f43004336,43.09423065,-89.49246216,E0:4F:43,3,none,2024-10-06T02:00:00.000Z,2025-04-02T14:00:00.000Z,,WI,US,University Avenue,53562
E0:4F:43:00:43:56,Culligan-e04f43004356,42.61720657,-112.19443512,E0:4F:43,3,none,2025-03-20T01:00:00.000Z,2026-07-06T08:00:00.000Z,,ID,US,East Jensen Road,83250
E0:4F:43:00:43:B4,Culligan-e04f430043b4,30.3725853,-95.60233307,E0:4F:43,3,unknown,2026-04-19T01:00:00.000Z,2026-05-01T00:00:00.000Z,,TX,US,April Point,77356
E0:4F:43:00:43:CF,Culligan-e04f430043cf,27.48907089,-82.63915253,E0:4F:43,5,unknown,2023-02-20T15:00:00.000Z,2025-03-08T19:00:00.000Z,Bradenton,FL,US,Portosueno Avenue,34209
E0:4F:43:00:43:F3,Culligan-e04f430043f3,27.65010834,-97.36355591,E0:4F:43,6,unknown,2026-01-21T06:00:00.000Z,2026-03-05T19:00:00.000Z,Corpus Christi,TX,US,Rancho Vista Boulevard,78414
E0:4F:43:00:44:0C,Culligan-e04f4300440c,28.02221489,-82.24925232,E0:4F:43,3,none,2024-03-23T10:00:00.000Z,2026-01-19T09:00:00.000Z,,FL,US,I 4,33527
E0:4F:43:00:44:47,Culligan-e04f43004447,27.83176041,-82.31035614,E0:4F:43,3,none,2020-11-04T16:00:00.000Z,2025-09-29T11:00:00.000Z,,FL,US,Symmes Road,33534
E0:4F:43:00:44:48,Culligan-e04f43004448,39.64575958,-104.98991394,E0:4F:43,3,unknown,2025-12-06T05:00:00.000Z,2025-12-28T18:00:00.000Z,,CO,US,South Bannock Street,80110
E0:4F:43:00:44:59,Culligan-e04f43004459,40.45576477,-79.91850281,E0:4F:43,3,unknown,2024-10-20T05:00:00.000Z,2024-10-19T22:00:00.000Z,Pittsburgh,PA,US,Emma,15206-4818
E0:4F:43:00:44:71,Culligan-e04f43004471,40.54362106,-75.6263504,E0:4F:43,3,unknown,2023-05-05T14:00:00.000Z,2026-04-26T15:00:00.000Z,Upper Macungie Township,PA,US,Westminster Drive,18031
E0:4F:43:00:44:9F,Culligan-e04f4300449f,30.24813461,-95.49740601,E0:4F:43,3,none,2024-09-12T19:00:00.000Z,2025-03-21T09:00:00.000Z,,TX,US,Cobblecreek Drive,77384
E0:4F:43:00:44:AA,Culligan-e04f430044aa,39.54724503,-104.92350006,E0:4F:43,3,unknown,2025-12-07T21:00:00.000Z,2025-12-07T14:00:00.000Z,,CO,US,South Sugarstone Circle,
E0:4F:43:00:44:C1,Culligan-e04f430044c1,29.73681641,-95.7286377,E0:4F:43,3,none,2023-05-02T16:00:00.000Z,2026-06-07T07:00:00.000Z,Houston,TX,US,Westheimer Parkway,77450
E0:4F:43:00:44:CF,Culligan-e04f430044cf,29.89900589,-95.5636673,E0:4F:43,3,none,2026-07-13T19:00:00.000Z,2026-07-21T16:00:00.000Z,,TX,US,Willowbridge Park Boulevard,77064
E0:4F:43:00:44:E3,Culligan-e04f430044e3,27.84898376,-82.31452942,E0:4F:43,3,unknown,2023-11-11T18:00:00.000Z,2025-05-31T09:00:00.000Z,,FL,US,Balm Riverview Road,33569
E0:4F:43:00:44:F6,Culligan-e04f430044f6,29.77784157,-95.57431793,E0:4F:43,11,unknown,2026-07-01T17:00:00.000Z,2026-07-01T10:00:00.000Z,Houston,TX,US,Barryknoll Lane,77079
E0:4F:43:00:45:3F,Culligan-e04f4300453f,40.90492249,-96.52256775,E0:4F:43,3,unknown,2025-01-29T15:00:00.000Z,2025-03-29T23:00:00.000Z,,NE,US,North 147th Place,68462
E0:4F:43:00:45:7F,Culligan-e04f4300457f,27.8389225,-82.19921875,E0:4F:43,3,unknown,2023-04-29T12:00:00.000Z,2026-01-24T08:00:00.000Z,,FL,US,Boyette Road,33547
E0:4F:43:00:45:8B,Culligan-e04f4300458b,27.7070179,-82.33241272,E0:4F:43,1,unknown,2026-02-03T18:00:00.000Z,2026-02-03T11:00:00.000Z,,FL,US,Myrtle Sand Drive,33598
E0:4F:43:00:45:9C,Culligan-e04f4300459c,37.61312103,-120.93878937,E0:4F:43,3,none,2023-03-03T11:00:00.000Z,2025-08-16T18:00:00.000Z,,CA,US,Mitchell Road,
E0:4F:43:00:45:BD,Culligan-e04f430045bd,34.26965714,-119.16210938,E0:4F:43,1,none,2026-07-17T20:00:00.000Z,2026-07-17T15:00:00.000Z,Ventura,CA,US,Rhone Street,93004
E0:4F:43:00:45:C3,Culligan-e04f430045c3,44.89619064,-93.32901001,E0:4F:43,3,none,2021-08-21T18:00:00.000Z,2026-05-02T09:00:00.000Z,,MN,US,France Avenue South,55431
E0:4F:43:00:45:CD,Culligan-e04f430045cd,42.71920013,-73.73415375,E0:4F:43,3,unknown,2025-07-26T01:00:00.000Z,2025-07-25T20:00:00.000Z,,NY,US,Derby Court,12189
E0:4F:43:00:45:DA,Culligan-e04f430045da,29.79209328,-95.48716736,E0:4F:43,3,none,2024-01-19T14:00:00.000Z,2026-04-21T15:00:00.000Z,Hilshire Village,TX,US,Bromley Street,77055
E0:4F:43:00:45:E0,H2O-e04f430045e0,53.16326523,6.79221678,E0:4F:43,3,none,2026-05-08T13:00:00.000Z,2026-05-08T11:00:00.000Z,,Groningen,NL,Buitensingel,9611DE
E0:4F:43:00:45:E2,Culligan-e04f430045e2,31.05845451,-97.79668427,E0:4F:43,6,unknown,2026-03-03T21:00:00.000Z,2026-03-03T16:00:00.000Z,Killeen,TX,US,Reese Creek Road,76549
E0:4F:43:00:46:08,Culligan-e04f43004608,30.00279999,-95.69264984,E0:4F:43,6,none,2026-07-16T16:00:00.000Z,2026-07-16T11:00:00.000Z,,TX,US,Black Rose Trail,
E0:4F:43:00:46:09,H2O-e04f43004609,50.7624054,4.27637959,E0:4F:43,3,unknown,2025-07-05T18:00:00.000Z,2025-07-05T12:00:00.000Z,,Vlaams-Brabant,BE,Dworpsestraat,1651
E0:4F:43:00:46:12,Culligan-e04f43004612,27.70397377,-82.33769989,E0:4F:43,3,unknown,2024-02-24T21:00:00.000Z,2026-02-03T11:00:00.000Z,,FL,US,US 301,33598
E0:4F:43:00:46:23,Culligan-e04f43004623,27.94839668,-82.03952789,E0:4F:43,3,unknown,2025-05-09T18:00:00.000Z,2025-05-16T10:00:00.000Z,,FL,US,Snow Road,33811
E0:4F:43:00:46:48,H2O-e04f43004648,52.4330101,16.70295334,E0:4F:43,3,unknown,2025-04-13T16:00:00.000Z,2025-04-15T13:00:00.000Z,,województwo wielkopolskie,PL,,62-080
E0:4F:43:00:46:6F,Culligan-e04f4300466f,28.95288849,-82.00604248,E0:4F:43,1,unknown,2026-04-24T15:00:00.000Z,2026-04-25T01:00:00.000Z,The Villages,FL,US,Saint James Circle,32162
E0:4F:43:00:46:74,Culligan-e04f43004674,28.16577148,-82.29592896,E0:4F:43,6,unknown,2025-12-24T23:00:00.000Z,2025-12-24T15:00:00.000Z,Tampa,FL,US,K-Bar Ranch Parkway,33543
E0:4F:43:00:46:F6,Culligan-e04f430046f6,27.28068733,-80.33044434,E0:4F:43,3,unknown,2026-05-24T22:00:00.000Z,2026-07-15T13:00:00.000Z,Port Saint Lucie,FL,US,Southeast Seahouse Drive,34983
E0:4F:43:00:47:0B,Culligan-e04f4300470b,39.59540558,-119.73288727,E0:4F:43,3,unknown,2026-02-14T03:00:00.000Z,2026-07-12T22:00:00.000Z,,NV,US,Cathedral Peak Drive,98436
E0:4F:43:00:47:25,Culligan-e04f43004725,36.09016418,-115.10099792,E0:4F:43,3,unknown,2022-07-22T11:00:00.000Z,2026-07-31T13:00:00.000Z,,NV,US,South Pecos Road,89120
E0:4F:43:00:47:40,Culligan-e04f43004740,45.78015518,-122.6051712,E0:4F:43,6,none,2026-08-05T14:00:00.000Z,2026-08-06T07:00:00.000Z,,WA,US,Northeast 219th Street,
E0:4F:43:00:47:50,Culligan-e04f43004750,29.52879333,-95.39546204,E0:4F:43,1,none,2026-01-21T18:00:00.000Z,2026-01-21T13:00:00.000Z,,TX,US,Cottonwood Creek Lane,77578
E0:4F:43:00:47:58,Culligan-e04f43004758,44.02349854,-92.443573,E0:4F:43,3,unknown,2021-08-19T10:00:00.000Z,2025-05-10T13:00:00.000Z,Rochester,MN,US,East Center Street,55904
E0:4F:43:00:47:71,Culligan-e04f43004771,27.77811432,-82.3249054,E0:4F:43,3,unknown,2024-06-09T03:00:00.000Z,2026-03-14T19:00:00.000Z,,FL,US,Tropical Kings Way,33579
E0:4F:43:00:47:B9,Culligan-e04f430047b9,47.19140244,-122.52990723,E0:4F:43,3,unknown,2022-08-09T18:00:00.000Z,2025-03-27T05:00:00.000Z,,WA,US,75th Street Southwest,98467
E0:4F:43:00:47:BA,Culligan-e04f430047ba,34.43218613,-119.79826355,E0:4F:43,11,none,2026-05-31T05:00:00.000Z,2026-07-02T11:00:00.000Z,,CA,US,Via el Cuadro,93111
E0:4F:43:00:47:D8,Culligan-e04f430047d8,33.16527176,-96.76605225,E0:4F:43,10,unknown,2025-01-02T21:00:00.000Z,2025-01-02T16:00:00.000Z,Frisco,TX,US,Ferdinand View,75035
E0:4F:43:00:47:E4,Culligan-e04f430047e4,32.94029617,-117.07421875,E0:4F:43,3,unknown,2023-06-05T19:00:00.000Z,2026-01-22T11:00:00.000Z,San Diego,CA,US,Springhurst Drive,92128
E0:4F:43:00:48:0B,H2O-e04f4300480b,33.76827621,-118.41942596,E0:4F:43,3,unknown,2023-06-27T13:00:00.000Z,2026-07-27T15:00:00.000Z,Torrance,CA,US,Paseo del Mar,90274
E0:4F:43:00:48:15,H2O-e04f43004815,53.16318893,6.63344622,E0:4F:43,3,none,2026-07-09T12:00:00.000Z,2026-07-09T09:00:00.000Z,,Groningen,NL,Felland,9755TC
E0:4F:43:00:48:3E,Culligan-e04f4300483e,33.55239105,-117.12516785,E0:4F:43,3,unknown,2024-11-15T22:00:00.000Z,2024-11-15T17:00:00.000Z,,CA,US,Santa Rosa Court,92591
E0:4F:43:00:48:54,H2O-e04f43004854,33.62689209,-111.97126007,E0:4F:43,3,unknown,2017-05-18T07:00:00.000Z,2025-03-09T06:00:00.000Z,Scottsdale,AZ,US,East Beck Lane,85254
E0:4F:43:00:48:56,H2O-e04f43004856,33.59346008,-111.95582581,E0:4F:43,3,unknown,2018-09-28T23:00:00.000Z,2025-03-08T19:00:00.000Z,Scottsdale,AZ,US,North Blackheath Road,85254
E0:4F:43:00:48:59,H2O-e04f43004859,51.00212479,3.99758291,E0:4F:43,3,unknown,2025-06-03T11:00:00.000Z,2025-06-03T23:00:00.000Z,,Oost-Vlaanderen,BE,Bohemen / Steenweg naar Wetteren,
E0:4F:43:00:48:66,H2O-e04f43004866,36.64857101,-119.86418915,E0:4F:43,3,unknown,2025-05-19T22:00:00.000Z,2025-05-22T15:00:00.000Z,Fresno,CA,US,West Lincoln Avenue,93702
E0:4F:43:00:48:84,H2O-e04f43004884,50.87257767,4.37655878,E0:4F:43,3,unknown,2023-10-10T15:00:00.000Z,2026-02-21T18:00:00.000Z,,Région de Bruxelles-Capitale - Brussels Hoofdstedelijk Gewest,BE,Avenue Princesse Elisabeth - Prinses Elisabethlaan,1030
E0:4F:43:00:48:85,H2O-e04f43004885,51.27081299,3.89657426,E0:4F:43,3,unknown,2020-03-03T16:00:00.000Z,2026-06-27T07:00:00.000Z,,Zeeland,NL,Westsingel,4571VG
E0:4F:43:00:48:98,H2O-e04f43004898,33.46441269,-112.29735565,E0:4F:43,3,unknown,2026-03-01T16:00:00.000Z,2026-03-01T12:00:00.000Z,Avondale,AZ,US,West McDowell Road,85392
E0:4F:43:00:48:A9,H2O-e04f430048a9,48.3402977,17.31067657,E0:4F:43,3,unknown,2019-10-19T13:00:00.000Z,2026-07-23T04:00:00.000Z,,Bratislavský kraj,SK,Horná,900 01
E0:4F:43:00:48:CB,H2O-e04f430048cb,39.31455612,-78.83474731,E0:4F:43,3,none,2025-07-11T20:00:00.000Z,2026-02-21T23:00:00.000Z,,WV,US,Northwestern Turnpike,26757-1544
E0:4F:43:00:48:D3,Culligan-e04f430048d3,27.76643372,-82.37110138,E0:4F:43,3,unknown,2022-10-29T15:00:00.000Z,2026-01-20T15:00:00.000Z,,FL,US,Covington Garden Drive,33572
E0:4F:43:00:48:EA,Culligan-e04f430048ea,33.55273056,-117.10476685,E0:4F:43,3,unknown,2024-11-12T13:00:00.000Z,2025-09-24T19:00:00.000Z,Temecula,CA,US,Murrieta Hot Springs Road,92591
E0:4F:43:00:49:00,H2O-e04f43004900,29.72873878,-98.09942627,E0:4F:43,3,unknown,2025-12-16T02:00:00.000Z,2025-12-15T18:00:00.000Z,New Braunfels,TX,US,Hanz Drive,78130
E0:4F:43:00:49:05,Ayla-e04f43004905,51.45167542,-0.9795621,E0:4F:43,3,none,2017-08-15T19:00:00.000Z,2025-06-30T06:00:00.000Z,,England,GB,Castle Hill,RG1 7RL
E0:4F:43:00:49:07,Culligan-e04f43004907,33.00759888,-97.03659821,E0:4F:43,10,unknown,2026-03-24T13:00:00.000Z,2026-03-24T06:00:00.000Z,Flower Mound,TX,US,Garden Ridge Road,75067
E0:4F:43:00:49:17,Culligan-e04f43004917,38.90528488,-94.33626556,E0:4F:43,3,unknown,2026-07-18T17:00:00.000Z,2026-07-18T11:00:00.000Z,Lee's Summit,MO,US,Shenandoah Drive,64063
E0:4F:43:00:49:18,H2O-e04f43004918,33.57065201,-117.15468597,E0:4F:43,3,unknown,2024-12-03T13:00:00.000Z,2024-12-11T08:00:00.000Z,Murrieta,CA,US,Mockingbird Avenue,92563
E0:4F:43:00:49:21,Culligan-e04f43004921,28.07320976,-82.59386444,E0:4F:43,3,unknown,2026-07-09T04:00:00.000Z,2026-07-08T22:00:00.000Z,,FL,US,Staghorn Road,33626
E0:4F:43:00:49:3A,Culligan-e04f4300493a,29.59125519,-95.53009796,E0:4F:43,3,unknown,2025-07-31T23:00:00.000Z,2026-01-13T11:00:00.000Z,Missouri City,TX,US,Court Road,77489
E0:4F:43:00:49:3C,H2O-e04f4300493c,37.86454391,-80.23708344,E0:4F:43,3,unknown,2026-03-29T15:00:00.000Z,2026-03-29T19:00:00.000Z,,WV,US,Pocahontas Trl,
E0:4F:43:00:49:3E,Culligan-e04f4300493e,33.28945541,-96.558815,E0:4F:43,11,unknown,2024-07-12T00:00:00.000Z,2026-07-20T17:00:00.000Z,Melissa,TX,US,Liberty Way,75454
E0:4F:43:00:49:75,H2O-e04f43004975,47.71116257,8.7225256,E0:4F:43,3,unknown,2020-11-10T12:00:00.000Z,2024-08-23T05:00:00.000Z,,Schaffhausen,CH,Neudörflingerstrasse,8239
E0:4F:43:00:49:77,H2O-e04f43004977,40.14835739,-82.42582703,E0:4F:43,3,unknown,2022-08-05T14:00:00.000Z,2026-02-02T09:00:00.000Z,,OH,US,Mount Vernon Road,
E0:4F:43:00:49:85,H2O-e04f43004985,33.5645256,-111.96586609,E0:4F:43,3,unknown,2026-02-23T18:00:00.000Z,2026-02-23T15:00:00.000Z,,AZ,US,North Via La Serena,85253
E0:4F:43:00:49:94,H2O-e04f43004994,48.97221375,8.30513287,E0:4F:43,3,unknown,2026-05-24T12:00:00.000Z,2026-06-13T17:00:00.000Z,,Baden-Württemberg,DE,Wilhelm-Danner-Straße,76287
E0:4F:43:00:49:98,H2O-e04f43004998,33.60641861,-117.80576324,E0:4F:43,3,unknown,2026-06-06T17:00:00.000Z,2026-06-06T21:00:00.000Z,,CA,US,Ridge Park Road,92657
E0:4F:43:00:49:A9,H2O-e04f430049a9,50.83779907,4.46265221,E0:4F:43,1,unknown,2026-02-21T10:00:00.000Z,2026-02-21T18:00:00.000Z,,Région de Bruxelles-Capitale - Brussels Hoofdstedelijk Gewest,BE,Avenue Orban - Orbanlaan,1150
E0:4F:43:00:49:C9,Culligan-e04f430049c9,52.15779877,-106.6705246,E0:4F:43,1,unknown,2026-01-24T15:00:00.000Z,2026-08-08T20:00:00.000Z,Saskatoon,Saskatchewan,CA,Circle Drive,S7L 4L6
E0:4F:43:00:4A:47,H2O-e04f43004a47,50.84683228,4.40239954,E0:4F:43,3,unknown,2025-03-24T05:00:00.000Z,2025-03-24T00:00:00.000Z,,Région de Bruxelles-Capitale - Brussels Hoofdstedelijk Gewest,BE,Rue Général Gratry - Generaal Gratrystraat,1030
E0:4F:43:00:4A:48,Culligan-e04f43004a48,28.26368904,-82.28845215,E0:4F:43,3,unknown,2025-03-03T15:00:00.000Z,2025-03-03T08:00:00.000Z,,FL,US,Seedpod Loop,33545
E0:4F:43:00:4A:50,H2O-e04f43004a50,44.40865707,-77.9492569,E0:4F:43,3,none,2017-05-26T17:00:00.000Z,2026-04-26T09:00:00.000Z,Asphodel-Norwood,Ontario,CA,Highway 7,K0L 2V0
E0:4F:43:00:4A:6A,H2O-e04f43004a6a,50.81968307,4.32371855,E0:4F:43,3,unknown,2025-11-04T03:00:00.000Z,2026-04-21T13:00:00.000Z,,Région de Bruxelles-Capitale - Brussels Hoofdstedelijk Gewest,BE,Rue du Feu - Vuurstraat,1190
E0:4F:43:00:4B:D8,H2O-e04f43004bd8,48.82940292,2.32271075,E0:4F:43,3,unknown,2024-04-27T19:00:00.000Z,2026-07-02T00:00:00.000Z,Paris,Île-de-France,FR,Rue des Plantes,75014
E0:4F:43:00:4B:F6,H2O-e04f43004bf6,42.48711014,-71.29492188,E0:4F:43,3,unknown,2025-05-17T23:00:00.000Z,2025-05-26T20:00:00.000Z,,MA,US,Concord Road,01730
E0:4F:43:00:4C:91,H2O-e04f43004c91,41.4139328,1.9675858,E0:4F:43,3,unknown,2025-10-11T10:00:00.000Z,2025-10-11T04:00:00.000Z,la Palma de Cervelló,Catalunya,ES,Carrer Pirineu,08756
E0:4F:43:00:4D:1E,Culligan-e04f43004d1e,28.11928749,-82.53346252,E0:4F:43,11,unknown,2024-03-31T21:00:00.000Z,2026-07-14T01:00:00.000Z,,FL,US,Lakeshore Road,33624
E0:4F:43:00:4D:24,Culligan-e04f43004d24,29.58770943,-95.11209106,E0:4F:43,3,none,2026-06-24T18:00:00.000Z,2026-06-24T18:00:00.000Z,Houston,TX,US,Laurelfield Drive,77059
E0:4F:43:00:4D:47,Culligan-e04f43004d47,27.82150269,-82.30037689,E0:4F:43,3,unknown,2023-10-27T14:00:00.000Z,2025-10-30T16:00:00.000Z,,FL,US,Rhodine Road,33569
E0:4F:43:00:4D:86,Culligan-e04f43004d86,27.81644821,-82.29452515,E0:4F:43,3,unknown,2021-07-09T16:00:00.000Z,2026-01-19T08:00:00.000Z,,FL,US,Balm Riverview Road,33579
E0:4F:43:00:4D:91,Culligan-e04f43004d91,30.02789307,-95.62580109,E0:4F:43,3,none,2025-07-25T23:00:00.000Z,2025-07-28T19:00:00.000Z,,TX,US,,77377:77379
E0:4F:43:00:4D:98,Culligan-e04f43004d98,29.70641708,-95.85531616,E0:4F:43,3,none,2026-02-10T19:00:00.000Z,2026-06-30T22:00:00.000Z,Fulshear,TX,US,Paloma Ridge Lane,77441
E0:4F:43:00:4D:AF,H2O-e04f43004daf,44.56372833,-63.63798904,E0:4F:43,3,unknown,2026-06-09T22:00:00.000Z,2026-06-10T12:00:00.000Z,,Nova Scotia,CA,Old Sambro Road,B3V 1C3
E0:4F:43:00:4D:CB,H2O-e04f43004dcb,48.93291092,8.44577503,E0:4F:43,3,unknown,2019-01-26T18:00:00.000Z,2025-01-25T00:00:00.000Z,,Baden-Württemberg,DE,L 562,76275
E0:4F:43:00:4D:E0,Culligan-e04f43004de0,30.07996178,-95.75900269,E0:4F:43,3,none,2026-07-02T01:00:00.000Z,2026-07-01T19:00:00.000Z,,TX,US,New Kentucky Village Drive,77447
E0:4F:43:00:4E:03,Culligan-e04f43004e03,29.86988068,-95.78067017,E0:4F:43,9,none,2026-05-14T01:00:00.000Z,2026-05-13T20:00:00.000Z,,TX,US,Providence River Lane,
E0:4F:43:00:4E:30,H2O-e04f43004e30,41.07989502,-83.55942535,E0:4F:43,3,unknown,2023-09-13T23:00:00.000Z,2026-05-14T12:00:00.000Z,,OH,US,Tr 243,45840
E0:4F:43:00:4E:65,Culligan-e04f43004e65,40.59467697,-75.55387878,E0:4F:43,3,unknown,2026-04-30T21:00:00.000Z,2026-04-30T15:00:00.000Z,Allentown,PA,US,Green Tree Lane,18104
E0:4F:43:00:4E:B6,Culligan-e04f43004eb6,45.31165314,-95.60332489,E0:4F:43,3,unknown,2026-04-14T23:00:00.000Z,2026-04-19T05:00:00.000Z,,MN,US,Church Street,56215
E0:4F:43:00:4E:CA,Culligan-e04f43004eca,29.79691315,-95.68236542,E0:4F:43,3,none,2026-07-15T21:00:00.000Z,2026-07-15T15:00:00.000Z,Houston,TX,US,Marlberry Lane,77084
E0:4F:43:00:4F:56,H2O-e04f43004f56,44.19207764,5.94552422,E0:4F:43,3,unknown,2025-07-13T08:00:00.000Z,2025-07-13T03:00:00.000Z,Sisteron,Provence-Alpes-Côte d'Azur,FR,Avenue de la Libération,04200
E0:4F:43:00:4F:85,H2O-e04f43004f85,33.73784637,-117.94913483,E0:4F:43,3,none,2025-02-08T00:00:00.000Z,2026-02-05T16:00:00.000Z,,CA,US,McFadden Avenue,92683
E0:4F:43:00:4F:86,H2O-e04f43004f86,42.77212143,-83.24091339,E0:4F:43,3,unknown,2026-01-04T04:00:00.000Z,2026-01-03T22:00:00.000Z,,MI,US,Kimberly,48362
E0:4F:43:00:4F:94,H2O-e04f43004f94,42.71662903,-83.79367065,E0:4F:43,3,unknown,2024-10-06T20:00:00.000Z,2024-10-06T15:00:00.000Z,,MI,US,Ledgewood Drive,48430
E0:4F:43:00:4F:97,H2O-e04f43004f97,50.90309906,4.66646194,E0:4F:43,3,unknown,2025-12-23T18:00:00.000Z,2026-08-02T14:00:00.000Z,,Vlaams-Brabant,BE,Brampad,3020
E0:4F:43:00:4F:B5,H2O-e04f43004fb5,34.02147675,-118.45959473,E0:4F:43,3,unknown,2024-01-19T07:00:00.000Z,2026-03-07T23:00:00.000Z,Santa Monica,CA,US,27th Street,90405
E0:4F:43:00:4F:D0,Culligan-e04f43004fd0,27.78246117,-82.29567719,E0:4F:43,3,unknown,2023-08-20T14:00:00.000Z,2025-07-13T06:00:00.000Z,,FL,US,Ambleside Boulevard,33579
E0:4F:43:00:4F:E8,Culligan-e04f43004fe8,34.3697052,-101.09212494,E0:4F:43,3,unknown,2022-09-04T13:00:00.000Z,2025-12-24T22:00:00.000Z,Silverton,TX,US,State Highway 86,79255
E0:4F:43:00:4F:EA,H2O-e04f43004fea,42.6820488,-83.60520935,E0:4F:43,3,none,2026-01-21T14:00:00.000Z,2026-07-04T09:00:00.000Z,,MI,US,White Lake Road,48356
E0:4F:43:00:50:05,H2O-e04f43005005,45.19485474,-75.84535217,E0:4F:43,3,unknown,2025-06-22T23:00:00.000Z,2025-09-24T18:00:00.000Z,Goulbourn,Ontario,CA,Cedarstone Street,K0A 2Z0
E0:4F:43:00:50:18,H2O-e04f43005018,48.87250519,2.32820678,E0:4F:43,3,unknown,2025-08-20T19:00:00.000Z,2025-08-23T11:00:00.000Z,Paris,Île-de-France,FR,Rue de Caumartin,75009
E0:4F:43:00:50:2D,H2O-e04f4300502d,36.03380585,-115.25656128,E0:4F:43,3,unknown,2017-08-18T00:00:00.000Z,2026-04-18T15:00:00.000Z,,NV,US,West Wigwam Avenue,89178
E0:4F:43:00:50:41,H2O-e04f43005041,29.73875618,-98.09962463,E0:4F:43,3,unknown,2026-03-01T19:00:00.000Z,2026-03-01T13:00:00.000Z,New Braunfels,TX,US,Rapids Road,78130
E0:4F:43:00:50:49,H2O-e04f43005049,27.25857544,-82.44896698,E0:4F:43,1,unknown,2025-07-05T14:00:00.000Z,2025-07-05T09:00:00.000Z,,FL,US,I 75,34233:34238
E0:4F:43:00:50:50,H2O-e04f43005050,30.11367035,-95.48270416,E0:4F:43,3,unknown,2026-02-12T01:00:00.000Z,2026-02-11T17:00:00.000Z,The Woodlands,TX,US,Pastoral Pond Lane,77389
E0:4F:43:00:50:61,H2O-e04f43005061,40.62680817,-75.56073761,E0:4F:43,3,unknown,2025-04-28T15:00:00.000Z,2026-06-28T17:00:00.000Z,South Whitehall Township,PA,US,Wehr Mill Road,18104
E0:4F:43:00:50:C1,H2O-e04f430050c1,52.25371933,6.9114418,E0:4F:43,3,unknown,2022-07-23T19:00:00.000Z,2024-09-08T15:00:00.000Z,,Overijssel,NL,Nieuwedijk,7524BE
E0:4F:43:00:50:DC,H2O-e04f430050dc,44.73200989,-93.33800507,E0:4F:43,3,none,2025-03-02T21:00:00.000Z,2025-03-02T13:00:00.000Z,,MN,US,Hanrehan Lake Boulevard,55378
E0:4F:43:00:50:E4,H2O-e04f430050e4,50.81943893,4.3629775,E0:4F:43,3,unknown,2024-08-10T14:00:00.000Z,2025-04-01T19:00:00.000Z,,Région de Bruxelles-Capitale - Brussels Hoofdstedelijk Gewest,BE,Rue Washington - Washingtonstraat,1050
E0:4F:43:00:50:E5,H2O-e04f430050e5,50.81022644,4.28935194,E0:4F:43,3,unknown,2023-12-18T06:00:00.000Z,2025-12-20T10:00:00.000Z,,Région de Bruxelles-Capitale - Brussels Hoofdstedelijk Gewest,BE,Chaussée de Mons - Bergense Steenweg,1070
E0:4F:43:00:50:E7,H2O-e04f430050e7,51.19436264,-2.53656864,E0:4F:43,3,unknown,2017-11-19T11:00:00.000Z,2025-06-22T01:00:00.000Z,Mendip,England,GB,Kilver Street Hill,BA4 5NF
E0:4F:43:00:50:E9,H2O-e04f430050e9,48.49760056,9.5125885,E0:4F:43,3,unknown,2018-03-13T09:00:00.000Z,2026-06-27T23:00:00.000Z,Römerstein,Baden-Württemberg,DE,Poststraße,72587
E0:4F:43:00:51:00,H2O-e04f43005100,41.39397049,2.16503263,E0:4F:43,3,unknown,2023-02-27T19:00:00.000Z,2026-08-07T03:00:00.000Z,Barcelona,Catalunya,ES,Carrer de Pau Claris,08007
E0:4F:43:00:51:01,H2O-e04f43005101,41.95449829,3.20816803,E0:4F:43,3,wpa2,2021-04-09T16:00:00.000Z,2026-07-23T02:00:00.000Z,Begur,Catalunya,ES,Carrer de Bonaventura Carreras,17255
E0:4F:43:00:51:07,Ayla-e04f43005107,53.21960068,6.54974127,E0:4F:43,3,unknown,2026-06-20T21:00:00.000Z,2026-06-20T14:00:00.000Z,Groningen,Groningen,NL,Wilhelminakade,9717AC
E0:4F:43:00:51:1E,H2O-e04f4300511e,48.02384949,8.77365208,E0:4F:43,3,unknown,2025-01-13T07:00:00.000Z,2025-01-13T04:00:00.000Z,,Baden-Württemberg,DE,Untere Hauptstraße,78604
E0:4F:43:00:51:25,H2O-e04f43005125,40.74295425,-84.33410645,E0:4F:43,3,unknown,2026-07-05T21:00:00.000Z,2026-07-05T17:00:00.000Z,,OH,US,North St Marys Road,45833
E0:4F:43:00:51:35,H2O-e04f43005135,40.99107361,-74.77963257,E0:4F:43,3,unknown,2025-09-28T16:00:00.000Z,2025-10-03T17:00:00.000Z,Green Township,NJ,US,Phillips Road,07821
E0:4F:43:00:51:3F,H2O-e04f4300513f,44.87654114,-93.3990097,E0:4F:43,3,none,2025-05-24T16:00:00.000Z,2025-05-24T10:00:00.000Z,,MN,US,Washington Avenue South,55439
E0:4F:43:00:51:7A,H2O-e04f4300517a,29.59215736,-98.39296722,E0:4F:43,3,unknown,2017-07-18T12:00:00.000Z,2026-05-16T11:00:00.000Z,San Antonio,TX,US,Knoll Creek,78247
E0:4F:43:00:51:9A,H2O-e04f4300519a,40.87155533,-74.73435211,E0:4F:43,3,none,2026-07-31T15:00:00.000Z,2026-07-31T09:00:00.000Z,,NJ,US,North Mount Olive Road,07828
E0:4F:43:00:51:A4,H2O-e04f430051a4,48.8430481,2.38352299,E0:4F:43,3,unknown,2023-12-02T16:00:00.000Z,2024-09-06T09:00:00.000Z,Paris,Île-de-France,FR,Rue Charles Bossut,75012
E0:4F:43:00:51:C6,H2O-e04f430051c6,33.30421448,-112.05695343,E0:4F:43,4,unknown,2024-08-19T00:00:00.000Z,2024-08-18T18:00:00.000Z,Phoenix,AZ,US,South Desert Foothills Parkway,85236
E0:4F:43:00:51:C7,H2O-e04f430051c7,29.50361061,-98.29361725,E0:4F:43,3,unknown,2025-05-04T09:00:00.000Z,2025-05-20T12:00:00.000Z,,TX,US,Copperway,78109
E0:4F:43:00:51:D1,H2O-e04f430051d1,46.58370209,-120.40399933,E0:4F:43,3,none,2025-11-03T22:00:00.000Z,2025-11-03T17:00:00.000Z,,WA,US,Beaudry Road,98936
E0:4F:43:00:51:FB,H2O-e04f430051fb,47.4463768,9.34095287,E0:4F:43,3,unknown,2024-09-21T15:00:00.000Z,2024-09-21T08:00:00.000Z,,Sankt Gallen,CH,Schöntalstrasse,9032
E0:4F:43:00:52:21,H2O-e04f43005221,41.02722931,-74.51681519,E0:4F:43,3,unknown,2022-05-30T19:00:00.000Z,2025-11-17T15:00:00.000Z,Jefferson Township,NJ,US,Milton Road,07438
E0:4F:43:00:52:29,H2O-e04f43005229,51.05443192,17.30933189,E0:4F:43,3,unknown,2024-02-22T14:00:00.000Z,2024-11-14T10:00:00.000Z,,województwo dolnośląskie,PL,Wrocławska,55-220
E0:4F:43:00:52:4A,H2O-e04f4300524a,44.52058029,1.35014176,E0:4F:43,3,unknown,2024-09-13T11:00:00.000Z,2024-09-20T03:00:00.000Z,,Occitanie,FR,D 811,46150
E0:4F:43:00:52:7F,H2O-e04f4300527f,43.60984421,3.91209626,E0:4F:43,3,unknown,2024-09-26T16:00:00.000Z,2026-07-26T14:00:00.000Z,Montpellier,Occitanie,FR,Avenue Albert Einstein,34965
E0:4F:43:00:52:94,H2O-e04f43005294,42.6747551,-83.55046844,E0:4F:43,3,unknown,2026-08-06T12:00:00.000Z,2026-08-07T15:00:00.000Z,,MI,US,North Quarry Creek Court,48383
E0:4F:43:00:52:AF,H2O-e04f430052af,48.87145615,2.33714008,E0:4F:43,3,unknown,2017-08-09T12:00:00.000Z,2025-04-30T02:00:00.000Z,Paris,Île-de-France,FR,Boulevard des Italiens,
E0:4F:43:00:52:B8,H2O-e04f430052b8,51.22632217,-0.58029139,E0:4F:43,3,unknown,2024-03-30T17:00:00.000Z,2026-01-01T06:00:00.000Z,,England,GB,,GU2 4AE
E0:4F:43:00:52:E4,H2O-e04f430052e4,44.82611465,-0.58899528,E0:4F:43,9,unknown,2024-10-14T19:00:00.000Z,2025-03-29T09:00:00.000Z,Bordeaux,Nouvelle-Aquitaine,FR,Rue Colonel Grandier-Vazeille,33000
E0:4F:43:00:53:0C,Culligan-e04f4300530c,39.23517609,-122.02706146,E0:4F:43,3,unknown,2024-10-21T16:00:00.000Z,2026-07-13T22:00:00.000Z,,CA,US,Princeton Road,95932
E0:4F:43:00:53:19,H2O-e04f43005319,50.89186859,4.41852188,E0:4F:43,3,unknown,2025-06-14T20:00:00.000Z,2025-06-14T14:00:00.000Z,,Région de Bruxelles-Capitale - Brussels Hoofdstedelijk Gewest,BE,Rue Harenheyde - Harenheidestraat,1130
E0:4F:43:00:53:2C,H2O-e04f4300532c,40.57159424,-75.70064545,E0:4F:43,3,none,2017-04-29T17:00:00.000Z,2026-07-08T11:00:00.000Z,Weisenberg Township,PA,US,Independent Road,18031
E0:4F:43:00:53:33,H2O-e04f43005333,40.73303604,-89.51895142,E0:4F:43,3,unknown,2023-08-09T16:00:00.000Z,2024-10-11T14:00:00.000Z,,IL,US,North Main Street,61611
E0:4F:43:00:53:40,H2O-e04f43005340,52.51465225,6.10021067,E0:4F:43,3,none,2018-10-15T16:00:00.000Z,2026-04-12T06:00:00.000Z,Zwolle,Overijssel,NL,Badhuiswal,8011VZ
E0:4F:43:00:53:46,H2O-e04f43005346,51.58588791,-0.13577037,E0:4F:43,3,unknown,2021-04-25T14:00:00.000Z,2025-07-25T03:00:00.000Z,London,England,GB,Cranley Gardens,N8 8LA
E0:4F:43:00:53:4A,Culligan-e04f4300534a,27.79069901,-82.28683472,E0:4F:43,3,unknown,2022-07-19T08:00:00.000Z,2026-06-18T08:00:00.000Z,,FL,US,Bahia Valley Drive,33579
E0:4F:43:00:53:84,Culligan-e04f43005384,33.05770874,-96.55394745,E0:4F:43,3,none,2024-11-16T01:00:00.000Z,2024-11-16T21:00:00.000Z,,TX,US,Tenacity Drive,75098
E0:4F:43:00:53:8B,Culligan-e04f4300538b,29.76780128,-95.76321411,E0:4F:43,3,unknown,2026-05-08T02:00:00.000Z,2026-07-28T16:00:00.000Z,,TX,US,Apache Falls Drive,77450
E0:4F:43:00:53:91,Culligan-e04f43005391,29.98080063,-95.55862427,E0:4F:43,6,none,2026-07-17T00:00:00.000Z,2026-07-16T21:00:00.000Z,Houston,TX,US,Prestonwood Forest Drive,77070
E0:4F:43:00:53:BE,H2O-e04f430053be,42.73755264,-83.19675446,E0:4F:43,6,none,2026-07-02T19:00:00.000Z,2026-07-02T13:00:00.000Z,,MI,US,Adams Road,48306
E0:4F:43:00:53:C5,H2O-e04f430053c5,50.82563782,4.3622365,E0:4F:43,3,unknown,2023-03-18T17:00:00.000Z,2026-05-18T04:00:00.000Z,,Région de Bruxelles-Capitale - Brussels Hoofdstedelijk Gewest,BE,Rue du Châtelain - Kasteleinsstraat,1050
E0:4F:43:00:53:D2,H2O-e04f430053d2,42.65593719,-83.55873871,E0:4F:43,3,unknown,2026-07-04T10:00:00.000Z,2026-07-04T09:00:00.000Z,,MI,US,Audubon Drive,48383
E0:4F:43:00:53:ED,H2O-e04f430053ed,33.611866,-111.73947144,E0:4F:43,5,unknown,2022-01-19T08:00:00.000Z,2026-02-14T10:00:00.000Z,,AZ,US,East Palisades Boulevard,85268
E0:4F:43:00:53:EF,H2O-e04f430053ef,42.59925842,-83.43153381,E0:4F:43,3,none,2018-09-22T16:00:00.000Z,2026-05-18T14:00:00.000Z,,MI,US,Willow Road,48382
E0:4F:43:00:54:01,H2O-e04f43005401,52.70803833,5.86284161,E0:4F:43,3,unknown,2023-06-09T08:00:00.000Z,2025-12-03T07:00:00.000Z,,Flevoland,NL,Breestraat,8316AR
E0:4F:43:00:54:05,H2O-e04f43005405,33.60191345,-112.1038208,E0:4F:43,3,unknown,2017-06-21T16:00:00.000Z,2026-03-15T13:00:00.000Z,Phoenix,AZ,US,North 21st Avenue,85029
E0:4F:43:00:54:10,H2O-e04f43005410,33.74364853,-117.46009827,E0:4F:43,3,unknown,2024-08-13T00:00:00.000Z,2024-08-16T11:00:00.000Z,,CA,US,Pipit Drive,92883
E0:4F:43:00:54:1D,H2O-e04f4300541d,40.7875061,-82.73806,E0:4F:43,3,unknown,2024-12-28T18:00:00.000Z,2024-12-28T10:00:00.000Z,,OH,US,North Thoman Street,44827
E0:4F:43:00:54:26,H2O-e04f43005426,37.98656464,-1.10535431,E0:4F:43,3,unknown,2025-01-19T10:00:00.000Z,2026-01-04T14:00:00.000Z,Murcia,Región de Murcia,ES,,30006
E0:4F:43:00:54:30,H2O-e04f43005430,29.50397873,-98.60298157,E0:4F:43,3,unknown,2025-03-10T23:00:00.000Z,2025-03-11T20:00:00.000Z,San Antonio,TX,US,Cary Grant Drive,78240
E0:4F:43:00:54:32,H2O-e04f43005432,49.62779617,6.03778172,E0:4F:43,3,unknown,2025-09-04T07:00:00.000Z,2025-09-04T01:00:00.000Z,,Canton Capellen,LU,Rue Mameranus,8249
E0:4F:43:00:54:5D,H2O-e04f4300545d,30.11719704,-95.68289185,E0:4F:43,3,none,2023-11-29T17:00:00.000Z,2026-06-11T15:00:00.000Z,,TX,US,Decker Prairie Rosehill Road,77355
E0:4F:43:00:54:66,H2O-e04f43005466,27.04648399,-82.41240692,E0:4F:43,3,unknown,2025-05-18T12:00:00.000Z,2026-07-19T11:00:00.000Z,,FL,US,South Venice Boulevard,34293
E0:4F:43:00:54:70,H2O-e04f43005470,41.39968109,2.13600016,E0:4F:43,3,unknown,2026-03-07T12:00:00.000Z,2026-03-07T06:00:00.000Z,Barcelona,Catalunya,ES,Carrer de Vico,08001
E0:4F:43:00:54:92,H2O-e04f43005492,40.18551254,-76.17340851,E0:4F:43,3,unknown,2026-01-24T22:00:00.000Z,2026-01-24T15:00:00.000Z,,PA,US,Church Avenue,17522
E0:4F:43:00:54:B4,H2O-e04f430054b4,33.75329208,-117.97888184,E0:4F:43,3,unknown,2025-01-04T16:00:00.000Z,2025-01-04T17:00:00.000Z,,CA,US,Summerwood Drive,92644
E0:4F:43:00:54:BB,H2O-e04f430054bb,42.76127625,-83.71585846,E0:4F:43,3,none,2026-06-22T21:00:00.000Z,2026-07-19T22:00:00.000Z,,MI,US,White Lake Road,48430
E0:4F:43:00:54:CA,H2O-e04f430054ca,50.45695114,3.94644165,E0:4F:43,3,unknown,2024-01-27T22:00:00.000Z,2024-12-10T13:00:00.000Z,Mons,Hainaut,BE,Boulevard Charles Quint,7000
E0:4F:43:00:54:CD,H2O-e04f430054cd,52.4492569,16.95371819,E0:4F:43,3,unknown,2025-02-05T09:00:00.000Z,2026-03-01T11:00:00.000Z,,województwo wielkopolskie,PL,,61-619
E0:4F:43:00:54:E5,H2O-e04f430054e5,34.06692505,-117.72040558,E0:4F:43,3,unknown,2025-09-01T15:00:00.000Z,2026-05-22T17:00:00.000Z,,CA,US,East Kingsley Avenue,91767
E0:4F:43:00:55:61,Culligan-e04f43005561,27.84347916,-82.35148621,E0:4F:43,3,unknown,2020-10-30T14:00:00.000Z,2025-05-30T06:00:00.000Z,,FL,US,East Bay Road,33534
E0:4F:43:00:55:69,H2O-e04f43005569,28.174963,-82.00384521,E0:4F:43,3,unknown,2025-01-22T19:00:00.000Z,2025-01-26T12:00:00.000Z,,FL,US,Sandtrap Circle,
E0:4F:43:00:55:C5,H2O-e04f430055c5,50.87111282,4.3298707,E0:4F:43,3,unknown,2020-01-12T14:00:00.000Z,2025-04-26T19:00:00.000Z,,Région de Bruxelles-Capitale - Brussels Hoofdstedelijk Gewest,BE,Avenue de Levis Mirepoix - de Levis Mirepoixlaan,1090
E0:4F:43:00:55:EF,Culligan-e04f430055ef,28.27434921,-82.46048737,E0:4F:43,3,unknown,2024-12-04T23:00:00.000Z,2025-05-21T17:00:00.000Z,,FL,US,Wistful Yearn Drive,34637
E0:4F:43:00:56:23,H2O-e04f43005623,51.47358322,-109.16650391,E0:4F:43,3,unknown,2025-06-19T21:00:00.000Z,2025-06-19T15:00:00.000Z,,Saskatchewan,CA,10 Avenue,S0L 1S0
E0:4F:43:00:56:41,H2O-e04f43005641,50.84740829,4.41426229,E0:4F:43,3,unknown,2025-04-23T03:00:00.000Z,2025-05-14T15:00:00.000Z,,Région de Bruxelles-Capitale - Brussels Hoofdstedelijk Gewest,BE,Avenue Robert Dalechamp - Robert Dalechamplaan,1200
E0:4F:43:00:56:4F,H2O-e04f4300564f,33.76222229,-116.28314972,E0:4F:43,8,unknown,2025-12-23T02:00:00.000Z,2025-12-22T18:00:00.000Z,Indio,CA,US,Espana Boulevard,92203
E0:4F:43:00:56:5D,H2O-e04f4300565d,40.54684067,-89.63124847,E0:4F:43,3,none,2026-06-06T23:00:00.000Z,2026-07-03T08:00:00.000Z,,IL,US,South 14th Street,61554
E0:4F:43:00:56:9B,H2O-e04f4300569b,33.51884842,-111.92596436,E0:4F:43,3,none,2020-09-25T07:00:00.000Z,2026-05-01T23:00:00.000Z,Scottsdale,AZ,US,North Scottsdale Road,85250
E0:4F:43:00:56:A3,Culligan-e04f430056a3,27.79506874,-82.28882599,E0:4F:43,3,unknown,2022-06-05T19:00:00.000Z,2026-07-29T06:00:00.000Z,,FL,US,Tetrafin Drive,33579
E0:4F:43:00:56:B0,H2O-e04f430056b0,53.29513931,6.63624334,E0:4F:43,3,unknown,2018-07-24T17:00:00.000Z,2025-04-06T09:00:00.000Z,,Groningen,NL,Thesingerweg,9797
E0:4F:43:00:56:BC,H2O-e04f430056bc,47.36038971,8.51598454,E0:4F:43,3,unknown,2018-09-24T09:00:00.000Z,2026-04-28T03:00:00.000Z,Zürich,Zürich,CH,Uetlibergstrasse,8045
E0:4F:43:00:57:39,H2O-e04f43005739,35.6300354,-97.44957733,E0:4F:43,3,unknown,2024-10-19T17:00:00.000Z,2024-10-19T10:00:00.000Z,Edmond,OK,US,Old Farm Road,73013
E0:4F:43:00:57:B7,H2O-e04f430057b7,29.4462204,-98.73306274,E0:4F:43,3,none,2026-02-09T14:00:00.000Z,2026-02-09T09:00:00.000Z,,TX,US,Westcreek Oaks,78253
E0:4F:43:00:58:72,H2O-e04f43005872,52.27877045,4.9693861,E0:4F:43,3,unknown,2017-06-22T19:00:00.000Z,2025-08-07T13:00:00.000Z,,Utrecht,NL,Ruwelspad,1391JB
E0:4F:43:00:58:8E,H2O-e04f4300588e,49.0530777,8.38617325,E0:4F:43,3,none,2018-04-27T16:00:00.000Z,2026-07-26T17:00:00.000Z,Karlsruhe,Baden-Württemberg,DE,Finkenweg,76149
E0:4F:43:00:58:8F,Culligan-e04f4300588f,27.87197685,-82.34776306,E0:4F:43,3,unknown,2020-12-19T10:00:00.000Z,2025-08-11T16:00:00.000Z,,FL,US,I 75,33578
E0:4F:43:00:58:BE,H2O-e04f430058be,40.2015686,-75.12593842,E0:4F:43,3,unknown,2025-02-25T12:00:00.000Z,2025-03-01T04:00:00.000Z,Horsham Township,PA,US,Maple Avenue,19044
E0:4F:43:00:58:CD,H2O-e04f430058cd,40.96038818,-74.66728973,E0:4F:43,3,unknown,2025-09-27T15:00:00.000Z,2025-11-23T15:00:00.000Z,,NJ,US,Anna Road,07843
E0:4F:43:00:58:DE,Culligan-e04f430058de,41.5731926,-93.739151,E0:4F:43,3,unknown,2025-06-19T12:00:00.000Z,2025-06-19T05:00:00.000Z,West Des Moines,IA,US,Maple Street,50265
E0:4F:43:00:58:E3,Culligan-e04f430058e3,29.76526642,-95.41928864,E0:4F:43,3,none,2026-06-17T18:00:00.000Z,2026-06-17T12:00:00.000Z,Houston,TX,US,Malone Street,77007
E0:4F:43:00:58:E7,H2O-e04f430058e7,34.13013458,-118.08426666,E0:4F:43,3,unknown,2022-06-09T11:00:00.000Z,2026-07-31T18:00:00.000Z,El Monte,CA,US,East Palermo Court,91775
E0:4F:43:00:59:00,H2O-e04f43005900,52.27859497,4.96952677,E0:4F:43,3,unknown,2017-06-22T19:00:00.000Z,2025-08-07T13:00:00.000Z,,Utrecht,NL,Nieuwe Amsterdamseweg,1391JB
E0:4F:43:00:59:A4,H2O-e04f430059a4,50.97423172,4.62816048,E0:4F:43,3,unknown,2023-08-22T18:00:00.000Z,2025-12-04T10:00:00.000Z,,Vlaams-Brabant,BE,Stationsstraat,3150
E0:4F:43:00:59:AB,H2O-e04f430059ab,51.12823868,23.4605217,E0:4F:43,3,unknown,2026-04-01T09:00:00.000Z,2026-04-01T05:00:00.000Z,Chełm,województwo lubelskie,PL,Ogrodowa,22-100
E0:4F:43:00:5A:03,Ayla-e04f43005a03,52.50268555,6.09289742,E0:4F:43,3,unknown,2018-05-11T06:00:00.000Z,2026-01-25T07:00:00.000Z,Zwolle,Overijssel,NL,Koggelaan,8017JN
E0:4F:43:00:5A:0F,Culligan-e04f43005a0f,42.08905029,-75.9942627,E0:4F:43,3,unknown,2025-07-27T00:00:00.000Z,2025-07-26T22:00:00.000Z,,NY,US,Jensen Road,13850
E0:4F:43:00:5A:19,H2O-e04f43005a19,29.41600227,-98.7676239,E0:4F:43,3,none,2026-03-23T19:00:00.000Z,2026-04-12T06:00:00.000Z,,TX,US,Kotili,
E0:4F:43:00:5A:26,H2O-e04f43005a26,44.18910217,-78.57202148,E0:4F:43,3,unknown,2023-10-28T19:00:00.000Z,2025-10-11T13:00:00.000Z,Kawartha Lakes,Ontario,CA,Ski Hill Road,
E0:4F:43:00:5A:3A,H2O-e04f43005a3a,40.51230621,-75.79569244,E0:4F:43,3,unknown,2023-10-15T15:00:00.000Z,2026-01-22T15:00:00.000Z,,PA,US,US 222,19530
E0:4F:43:00:5A:41,H2O-e04f43005a41,39.56882477,2.65082955,E0:4F:43,3,unknown,2017-07-08T12:00:00.000Z,2026-07-22T05:00:00.000Z,,Illes Balears,ES,Plaça de Santa Eulàlia,07001
E0:4F:43:00:5A:4F,H2O-e04f43005a4f,47.67271805,-117.43714142,E0:4F:43,3,unknown,2022-05-07T21:00:00.000Z,2025-08-06T13:00:00.000Z,Spokane,WA,US,North Ash Street,99205-4529
E0:4F:43:00:5A:5C,H2O-e04f43005a5c,33.66122055,-112.11582184,E0:4F:43,1,unknown,2020-05-26T16:00:00.000Z,2025-03-09T07:00:00.000Z,Phoenix,AZ,US,North 27th Avenue,85027
E0:4F:43:00:5A:60,H2O-e04f43005a60,39.26836014,-78.35534668,E0:4F:43,3,unknown,2026-03-07T22:00:00.000Z,2026-03-07T14:00:00.000Z,,VA,US,Hollow Road,22637
E0:4F:43:00:5A:64,H2O-e04f43005a64,32.88012695,-116.9225235,E0:4F:43,3,none,2001-11-13T13:00:00.000Z,2026-08-03T08:00:00.000Z,,CA,US,Moreno Avenue,92040
E0:4F:43:00:5A:CC,H2O-e04f43005acc,29.71611404,-98.07462311,E0:4F:43,3,unknown,2025-03-21T11:00:00.000Z,2025-03-30T22:00:00.000Z,New Braunfels,TX,US,Pond Springs,78130
E0:4F:43:00:5A:D9,H2O-e04f43005ad9,36.11783981,-115.24281311,E0:4F:43,3,none,2017-06-25T04:00:00.000Z,2026-06-30T14:00:00.000Z,,NV,US,South Rainbow Boulevard,89103-1062
E0:4F:43:00:5A:E0,H2O-e04f43005ae0,43.04224014,-71.27770996,E0:4F:43,3,none,2017-03-15T02:00:00.000Z,2026-04-13T03:00:00.000Z,Raymond,NH,US,NH 101,03077
E0:4F:43:00:5A:F3,H2O-e04f43005af3,52.97127914,5.8039031,E0:4F:43,3,unknown,2024-12-02T10:00:00.000Z,2024-12-02T03:00:00.000Z,,Fryslân,NL,Haskerveldweg,8502AK
E0:4F:43:00:5A:F9,H2O-e04f43005af9,48.84213638,2.38620877,E0:4F:43,3,unknown,2018-06-21T21:00:00.000Z,2025-12-12T04:00:00.000Z,Paris,Île-de-France,FR,Place Moussa et Odette Abadi,75012
E0:4F:43:00:5B:06,H2O-e04f43005b06,41.59218979,2.57093716,E0:4F:43,3,unknown,2026-04-24T23:00:00.000Z,2026-07-10T13:00:00.000Z,Canet de Mar,Catalunya,ES,Carrer Via Cannetum,08360
E0:4F:43:00:5B:2A,H2O-e04f43005b2a,33.47063446,-112.07816315,E0:4F:43,3,none,2025-04-13T00:00:00.000Z,2026-06-15T10:00:00.000Z,Phoenix,AZ,US,West Holly Street,85003
E0:4F:43:00:5B:3B,H2O-e04f43005b3b,45.67113113,-1.01931477,E0:4F:43,3,unknown,2025-04-23T16:00:00.000Z,2025-04-23T11:00:00.000Z,,Nouvelle-Aquitaine,FR,Route de Saint-Palais,17200
E0:4F:43:00:5B:86,H2O-e04f43005b86,45.60291672,-1.00711441,E0:4F:43,3,unknown,2026-06-16T14:00:00.000Z,2026-06-16T08:00:00.000Z,Saint-Georges-de-Didonne,Nouvelle-Aquitaine,FR,Rue de la Crête,17110
E0:4F:43:00:5B:C2,Culligan-e04f43005bc2,37.36201859,-121.96690369,E0:4F:43,3,unknown,2021-09-28T11:00:00.000Z,2025-08-08T14:00:00.000Z,Santa Clara,CA,US,Sheraton Drive,95051-1880
E0:4F:43:00:5B:C9,Culligan-e04f43005bc9,37.37164688,-121.85127258,E0:4F:43,3,none,2026-05-09T00:00:00.000Z,2026-05-08T19:00:00.000Z,San Jose,CA,US,Brushglen Way,95133
E0:4F:43:00:5B:EC,Culligan-e04f43005bec,29.47218132,-95.52209473,E0:4F:43,1,unknown,2026-04-12T21:00:00.000Z,2026-04-12T14:00:00.000Z,,TX,US,,
E0:4F:43:00:5C:CF,H2O-e04f43005ccf,33.60866165,-116.23342133,E0:4F:43,3,unknown,2024-10-24T18:00:00.000Z,2024-10-24T15:00:00.000Z,,CA,US,Monroe Street,92247
E0:4F:43:00:5D:46,H2O-e04f43005d46,51.93964386,4.42137241,E0:4F:43,3,unknown,2017-05-21T15:00:00.000Z,2026-06-07T07:00:00.000Z,Rotterdam,Zuid-Holland,NL,Overschiese Dorpsstraat,3043CS
E0:4F:43:00:5E:7C,H2O-e04f43005e7c,47.23148346,6.07095146,E0:4F:43,3,unknown,2025-09-14T09:00:00.000Z,2026-01-01T07:00:00.000Z,,Bourgogne-Franche-Comté,FR,Passage des Alouettes,25660
E0:4F:43:00:5E:97,H2O-e04f43005e97,34.15736008,-118.32050323,E0:4F:43,3,unknown,2025-03-07T19:00:00.000Z,2025-03-07T14:00:00.000Z,Burbank,CA,US,Parish Place,91506
E0:4F:43:00:5E:D8,H2O-e04f43005ed8,53.17180252,6.58716202,E0:4F:43,3,none,2019-03-10T10:00:00.000Z,2026-07-27T14:00:00.000Z,,Groningen,NL,Hoornsedijk,9752XK
E0:4F:43:00:5E:E4,H2O-e04f43005ee4,64.97830963,-147.54298401,E0:4F:43,3,unknown,2023-09-11T07:00:00.000Z,2024-10-28T18:00:00.000Z,,AK,US,Steese Highway,99712
E0:4F:43:00:5F:46,H2O-e04f43005f46,51.1639328,-2.06322408,E0:4F:43,3,unknown,2001-01-01T00:00:00.000Z,2025-09-21T04:00:00.000Z,,England,GB,A36,BA12 0JX
E0:4F:43:00:5F:90,H2O-e04f43005f90,30.63806725,-81.44894409,E0:4F:43,3,unknown,2025-09-16T01:00:00.000Z,2025-11-11T11:00:00.000Z,,FL,US,Will Hardee Road,32034
E0:4F:43:00:60:45,H2O-e04f43006045,33.65816116,-112.03104401,E0:4F:43,3,unknown,2021-03-12T11:00:00.000Z,2025-08-25T16:00:00.000Z,Phoenix,AZ,US,East Morrow Drive,85024
E0:4F:43:00:62:3B,Culligan-e04f4300623b,27.79227448,-82.2891922,E0:4F:43,3,unknown,2022-06-13T07:00:00.000Z,2026-05-22T05:00:00.000Z,,FL,US,Greenchop Place,
E0:4F:43:00:66:21,Culligan-e04f43006621,34.08515549,-118.36486053,E0:4F:43,10,unknown,2026-07-20T23:00:00.000Z,2026-07-20T20:00:00.000Z,Los Angeles,CA,US,North Laurel Avenue,90046
E0:4F:43:00:66:30,Culligan-e04f43006630,30.14757729,-95.82238007,E0:4F:43,6,none,2024-01-28T18:00:00.000Z,2026-05-09T14:00:00.000Z,,TX,US,Joseph Road,
E0:4F:43:00:66:A6,Culligan-e04f430066a6,27.80047989,-82.28678131,E0:4F:43,3,unknown,2024-11-03T17:00:00.000Z,2024-11-04T04:00:00.000Z,,FL,US,Balm Riverview Road,33579
E0:4F:43:00:66:E0,Culligan-e04f430066e0,36.12741852,-115.05181885,E0:4F:43,3,unknown,2025-08-15T13:00:00.000Z,2025-08-15T14:00:00.000Z,,NV,US,Mahogany Run Place,89142
E0:4F:43:00:68:C4,H2O-e04f430068c4,48.8266716,2.36377144,E0:4F:43,3,unknown,2019-03-09T12:00:00.000Z,2026-08-08T02:00:00.000Z,Paris,Île-de-France,FR,Rue de Tolbiac,75013
E0:4F:43:00:6A:76,H2O-e04f43006a76,37.8210144,-80.36774445,E0:4F:43,3,unknown,2024-04-14T22:00:00.000Z,2026-07-03T19:00:00.000Z,,WV,US,Harper Road,
E0:4F:43:00:6A:E5,H2O-e04f43006ae5,53.21502686,6.54592991,E0:4F:43,3,unknown,2026-06-20T20:00:00.000Z,2026-06-22T12:00:00.000Z,Groningen,Groningen,NL,Rembrandt van Rijnstraat,9718PH
E0:4F:43:00:6A:EA,H2O-e04f43006aea,41.92502594,-88.4437561,E0:4F:43,3,unknown,2025-07-21T12:00:00.000Z,2025-10-28T16:00:00.000Z,,IL,US,Campton Hills Drive,60183
E0:4F:43:00:6A:F5,H2O-e04f43006af5,47.77606201,9.60472298,E0:4F:43,3,unknown,2017-09-22T10:00:00.000Z,2025-08-04T04:00:00.000Z,,Baden-Württemberg,DE,Jahnstraße,88214
E0:4F:43:00:6A:FD,H2O-e04f43006afd,35.65019226,-97.55554962,E0:4F:43,3,unknown,2024-03-21T18:00:00.000Z,2026-07-15T09:00:00.000Z,Oklahoma City,OK,US,Silvehawk Way,73003
E0:4F:43:00:6B:88,H2O-e04f43006b88,34.27016449,-118.50797272,E0:4F:43,3,unknown,2023-06-26T00:00:00.000Z,2025-03-13T16:00:00.000Z,Los Angeles,CA,US,Horace Street,91344
E0:4F:43:00:6B:DD,H2O-e04f43006bdd,53.1559906,6.76895189,E0:4F:43,3,none,2018-09-02T12:00:00.000Z,2026-05-08T11:00:00.000Z,,Groningen,NL,Kalkwijk,9603BC
E0:4F:43:00:6C:09,H2O-e04f43006c09,50.75671005,5.60523462,E0:4F:43,3,unknown,2025-09-26T00:00:00.000Z,2026-07-20T17:00:00.000Z,,Liège,BE,Rue Royale,4690
E0:4F:43:00:6C:27,H2O-e04f43006c27,51.12427521,4.21833563,E0:4F:43,3,unknown,2018-03-18T18:00:00.000Z,2026-07-22T08:00:00.000Z,,Oost-Vlaanderen,BE,Kasteelstraat,9140
E0:4F:43:00:6C:2A,H2O-e04f43006c2a,33.69646454,-117.90981293,E0:4F:43,3,unknown,2019-07-20T11:00:00.000Z,2026-08-01T19:00:00.000Z,Santa Ana,CA,US,South Fairview Street,92704
E0:4F:43:00:6C:40,H2O-e04f43006c40,34.42300797,-119.71707153,E0:4F:43,3,none,2019-08-24T13:00:00.000Z,2026-07-26T22:00:00.000Z,Santa Barbara,CA,US,El Camino Real,93101
E0:4F:43:00:6C:62,H2O-e04f43006c62,33.00954056,-117.12076569,E0:4F:43,3,none,2023-05-30T09:00:00.000Z,2026-07-16T18:00:00.000Z,,CA,US,Deer Ridge Road,92127
E0:4F:43:00:6C:68,H2O-e04f43006c68,47.97111511,8.92763901,E0:4F:43,3,unknown,2017-06-27T11:00:00.000Z,2025-03-11T05:00:00.000Z,,Baden-Württemberg,DE,Stockacher Straße,78579
E0:4F:43:00:6C:7C,H2O-e04f43006c7c,50.93235016,5.06558561,E0:4F:43,3,unknown,2017-05-23T17:00:00.000Z,2026-02-15T13:00:00.000Z,,Limburg,BE,Loksbergenstraat,3545
E0:4F:43:00:6C:8C,H2O-e04f43006c8c,33.31713104,-111.96475983,E0:4F:43,3,unknown,2025-12-25T20:00:00.000Z,2025-12-27T16:00:00.000Z,Chandler,AZ,US,West Harrison Street,85044-6407
E0:4F:43:00:6C:95,H2O-e04f43006c95,50.8373909,4.36549854,E0:4F:43,3,unknown,2025-03-29T18:00:00.000Z,2025-03-29T12:00:00.000Z,,Région de Bruxelles-Capitale - Brussels Hoofdstedelijk Gewest,BE,Rue de Naples - Napelsstraat,1050
E0:4F:43:00:6C:BE,H2O-e04f43006cbe,39.11553955,-77.6905365,E0:4F:43,3,none,2026-05-07T19:00:00.000Z,2026-05-07T14:00:00.000Z,,VA,US,Sands Road,20159
E0:4F:43:00:6C:CA,Culligan-e04f43006cca,44.47563553,-93.17655945,E0:4F:43,11,unknown,2026-07-13T15:00:00.000Z,2026-07-20T15:00:00.000Z,,MN,US,Cannon Valley Drive,55057
E0:4F:43:00:6C:D9,H2O-e04f43006cd9,39.96976089,-86.19075775,E0:4F:43,3,unknown,2026-07-19T20:00:00.000Z,2026-07-20T06:00:00.000Z,,IN,US,Pembrooke Circle,46032
E0:4F:43:00:6C:F4,H2O-e04f43006cf4,52.63929749,14.35995293,E0:4F:43,3,unknown,2020-06-20T19:00:00.000Z,2025-10-10T03:00:00.000Z,,Brandenburg,DE,Bahnhofstraße,15324
E0:4F:43:00:6D:26,H2O-e04f43006d26,33.54870605,-112.0634613,E0:4F:43,3,unknown,2025-09-16T14:00:00.000Z,2025-09-16T09:00:00.000Z,Phoenix,AZ,US,East Belmont Avenue,85020
E0:4F:43:00:6D:31,H2O-e04f43006d31,29.91069412,-95.63936615,E0:4F:43,3,none,2026-06-16T23:00:00.000Z,2026-06-16T17:00:00.000Z,,TX,US,Heatherbank Drive,77095
E0:4F:43:00:6D:5E,H2O-e04f43006d5e,41.54136276,2.10701227,E0:4F:43,3,unknown,2025-07-27T21:00:00.000Z,2025-07-27T15:00:00.000Z,Sabadell,Catalunya,ES,Carrer de Ferran Casablancas,08201
E0:4F:43:00:6D:70,H2O-e04f43006d70,52.73593521,6.90665483,E0:4F:43,3,unknown,2018-05-05T12:00:00.000Z,2025-06-27T11:00:00.000Z,Emmen,Drenthe,NL,Toermalijndreef,7828AS
E0:4F:43:00:6D:77,H2O-e04f43006d77,36.40528488,-97.91412354,E0:4F:43,3,unknown,2017-11-30T18:00:00.000Z,2024-11-05T08:00:00.000Z,Enid,OK,US,West Chestnut Avenue,73703
E0:4F:43:00:6D:7B,H2O-e04f43006d7b,33.36381912,-111.89663696,E0:4F:43,11,unknown,2017-06-05T18:00:00.000Z,2025-03-08T21:00:00.000Z,Tempe,AZ,US,East Guadalupe Road,85283
E0:4F:43:00:6D:C3,H2O-e04f43006dc3,27.93314171,-82.84082794,E0:4F:43,3,unknown,2018-04-05T17:00:00.000Z,2026-03-29T10:00:00.000Z,,FL,US,Gulf Boulevard,33786
E0:4F:43:00:6D:CF,H2O-e04f43006dcf,48.91401291,9.20822811,E0:4F:43,3,unknown,2024-11-12T07:00:00.000Z,2024-11-11T23:00:00.000Z,,Baden-Württemberg,DE,Heimengasse,71642
E0:4F:43:00:6D:F6,H2O-e04f43006df6,45.1327095,-75.60520935,E0:4F:43,3,unknown,2025-08-22T13:00:00.000Z,2025-09-12T08:00:00.000Z,,Ontario,CA,Summerbreeze Drive,K0A 2W0
E0:4F:43:00:6E:77,H2O-e04f43006e77,48.0772171,9.27166653,E0:4F:43,3,unknown,2018-10-26T09:00:00.000Z,2025-04-08T04:00:00.000Z,,Baden-Württemberg,DE,Laucherthaler Straße,72517
E0:4F:43:00:6E:89,H2O-e04f43006e89,33.53063965,-117.14303589,E0:4F:43,3,unknown,2025-09-13T17:00:00.000Z,2025-09-13T18:00:00.000Z,Temecula,CA,US,Odessa Drive,92591
E0:4F:43:00:6F:24,H2O-e04f43006f24,34.13372803,-118.08450317,E0:4F:43,3,unknown,2021-08-01T10:00:00.000Z,2026-01-27T22:00:00.000Z,Pasadena,CA,US,Lombardy Road,91775
E0:4F:43:00:6F:47,H2O-e04f43006f47,29.52175331,-98.35979462,E0:4F:43,3,none,2021-11-08T00:00:00.000Z,2026-07-06T22:00:00.000Z,,TX,US,Crestway Road,78239
E0:4F:43:00:6F:52,H2O-e04f43006f52,32.69384003,-115.3381958,E0:4F:43,3,unknown,2019-08-23T15:00:00.000Z,2025-11-20T18:00:00.000Z,,CA,US,CA 98,
E0:4F:43:00:6F:65,H2O-e04f43006f65,33.32693863,-111.94564819,E0:4F:43,1,unknown,2017-11-14T07:00:00.000Z,2025-05-16T15:00:00.000Z,Chandler,AZ,US,South Kyrene Road,85284
E0:4F:43:00:6F:8D,H2O-e04f43006f8d,50.84049606,4.46881819,E0:4F:43,3,unknown,2019-02-08T17:00:00.000Z,2025-01-20T06:00:00.000Z,,Vlaams-Brabant,BE,Koningin Astridlaan - Avenue Reine Astrid,1950
E0:4F:43:00:6F:9C,H2O-e04f43006f9c,33.55630112,-117.67625427,E0:4F:43,3,unknown,2024-12-22T09:00:00.000Z,2025-01-18T21:00:00.000Z,,CA,US,Crown Valley Parkway,92677
E0:4F:43:00:6F:C3,Culligan-e04f43006fc3,47.10270309,-122.77002716,E0:4F:43,11,none,2026-05-30T17:00:00.000Z,2026-05-31T11:00:00.000Z,,WA,US,Pavilion Way Northeast,98561
E0:4F:43:00:6F:C8,Culligan-e04f43006fc8,30.04303932,-95.64440918,E0:4F:43,3,none,2025-07-26T13:00:00.000Z,2025-07-26T09:00:00.000Z,,TX,US,,77377
E0:4F:43:00:6F:D2,H2O-e04f43006fd2,51.7176857,-0.61852044,E0:4F:43,3,unknown,2026-08-02T15:00:00.000Z,2026-08-02T08:00:00.000Z,,England,GB,Belmont Road,HP5 2PY
E0:4F:43:00:6F:D4,Culligan-e04f43006fd4,27.85628128,-82.30225372,E0:4F:43,3,unknown,2025-01-08T22:00:00.000Z,2025-01-19T14:00:00.000Z,,FL,US,McMullen Road,33569
E0:4F:43:00:6F:DD,H2O-e04f43006fdd,40.659729,-73.59312439,E0:4F:43,3,unknown,2025-07-27T15:00:00.000Z,2025-07-27T09:00:00.000Z,,NY,US,Randall Avenue,11520
E0:4F:43:00:70:20,Ayla-e04f43007020,48.96644592,2.31664705,E0:4F:43,3,unknown,2020-01-31T21:00:00.000Z,2026-07-04T23:00:00.000Z,,Île-de-France,FR,Rue de la Concorde,95170
E0:4F:43:00:70:58,H2O-e04f43007058,48.8539505,2.36219692,E0:4F:43,3,unknown,2019-06-15T13:00:00.000Z,2025-09-25T13:00:00.000Z,Paris,Île-de-France,FR,Rue Saint-Paul,75004
E0:4F:43:00:70:65,H2O-e04f43007065,44.8764534,-93.2692337,E0:4F:43,3,none,2020-07-09T12:00:00.000Z,2025-04-01T16:00:00.000Z,,MN,US,5th Avenue South,55423
E0:4F:43:00:70:6B,H2O-e04f4300706b,54.67367172,25.28944588,E0:4F:43,3,unknown,2018-02-25T11:00:00.000Z,2026-05-31T08:00:00.000Z,Vilnius,Vilniaus apskritis,LT,Aušros Vartų g.,01304
E0:4F:43:00:70:9D,H2O-e04f4300709d,33.40032959,-111.89202118,E0:4F:43,3,none,2019-08-12T09:00:00.000Z,2025-04-26T13:00:00.000Z,Tempe,AZ,US,South Price Road,85283
E0:4F:43:00:70:CC,H2O-e04f430070cc,35.74753571,-83.94034576,E0:4F:43,6,unknown,2026-01-16T19:00:00.000Z,2026-03-28T14:00:00.000Z,,TN,US,Grandview Drive,37803
E0:4F:43:00:70:E7,H2O-e04f430070e7,45.27559662,-75.25694275,E0:4F:43,3,unknown,2025-09-19T21:00:00.000Z,2026-05-30T20:00:00.000Z,,Ontario,CA,St Joseph Road,K0A 1W0
E0:4F:43:00:70:FE,H2O-e04f430070fe,44.56361771,-63.63803864,E0:4F:43,3,unknown,2022-01-30T12:00:00.000Z,2026-06-10T12:00:00.000Z,,Nova Scotia,CA,Old Sambro Road,B3V 1C3
E0:4F:43:00:71:10,H2O-e04f43007110,42.16454315,2.47485375,E0:4F:43,3,unknown,2024-08-03T22:00:00.000Z,2024-08-16T13:00:00.000Z,Olot,Catalunya,ES,Carrer del Cirerer,17800
E0:4F:43:00:71:34,H2O-e04f43007134,33.72414017,-117.92723083,E0:4F:43,3,unknown,2025-01-27T19:00:00.000Z,2025-01-27T15:00:00.000Z,,CA,US,Foothill Street,92708
E0:4F:43:00:71:7B,Culligan-e04f4300717b,33.11968994,-96.60665894,E0:4F:43,6,none,2026-02-05T23:00:00.000Z,2026-02-05T16:00:00.000Z,Allen,TX,US,Country Club Road,75002
E0:4F:43:00:71:A4,H2O-e04f430071a4,33.29497528,-111.77430725,E0:4F:43,3,unknown,2023-09-28T21:00:00.000Z,2025-12-25T12:00:00.000Z,Gilbert,AZ,US,South Lindsay Road,85225-2412
E0:4F:43:00:71:BB,H2O-e04f430071bb,45.74687195,-122.64342499,E0:4F:43,3,none,2025-07-06T01:00:00.000Z,2025-07-05T19:00:00.000Z,,WA,US,Northeast 27th Avenue,98642
E0:4F:43:00:71:C4,H2O-e04f430071c4,47.49057388,19.07590294,E0:4F:43,3,unknown,2025-06-17T08:00:00.000Z,2025-06-17T12:00:00.000Z,,Budapest,HU,Tavaszmező utca,1084
E0:4F:43:00:71:CA,H2O-e04f430071ca,52.01855469,5.17078876,E0:4F:43,3,unknown,2018-04-09T22:00:00.000Z,2025-03-12T11:00:00.000Z,,Utrecht,NL,Schelhout,3991PM
E0:4F:43:00:72:45,H2O-e04f43007245,54.58782578,25.16952324,E0:4F:43,3,unknown,2024-07-02T10:00:00.000Z,2026-05-31T08:00:00.000Z,Vilnius,Vilniaus apskritis,LT,Jaunystės g.,14121
E0:4F:43:00:72:46,H2O-e04f43007246,50.42671204,3.69070077,E0:4F:43,3,unknown,2025-05-16T11:00:00.000Z,2025-05-19T06:00:00.000Z,,Hainaut,BE,Rue de Villers,7350
E0:4F:43:00:7C:D3,Photon-TMQ6,41.48765945,-73.01138306,E0:4F:43,10,unknown,2025-11-19T19:00:00.000Z,2025-11-19T17:00:00.000Z,,CT,US,Fox Run Road,06770
E0:4F:43:00:7F:45,Ayla-e04f43007f45,52.09617996,5.09635019,E0:4F:43,3,unknown,2018-03-24T20:00:00.000Z,2026-03-25T10:00:00.000Z,Utrecht,Utrecht,NL,Cremerstraat,3532BJ
E0:4F:43:00:7F:84,Ayla-e04f43007f84,52.07762909,5.11606455,E0:4F:43,3,unknown,2018-05-31T11:00:00.000Z,2025-11-07T12:00:00.000Z,Utrecht,Utrecht,NL,Croesestraat,3522AJ
E0:4F:43:00:7F:9A,Ayla-e04f43007f9a,52.06751251,4.25119686,E0:4F:43,3,unknown,2018-04-03T01:00:00.000Z,2025-04-27T10:00:00.000Z,Den Haag,Zuid-Holland,NL,Mandarijnstraat,2564SX
E0:4F:43:00:7F:A9,Ayla-e04f43007fa9,41.88142395,12.51978207,E0:4F:43,3,none,2019-07-29T19:00:00.000Z,2026-04-29T02:00:00.000Z,Roma,Lazio,IT,,00182
E0:4F:43:00:7F:E8,H2O-e04f43007fe8,44.92903519,-93.32139587,E0:4F:43,3,none,2024-12-24T21:00:00.000Z,2025-01-22T16:00:00.000Z,Minneapolis,MN,US,Zenith Avenue South,55410
E0:4F:43:00:7F:ED,H2O-e04f43007fed,47.72083282,-116.94567871,E0:4F:43,3,unknown,2024-09-24T21:00:00.000Z,2026-05-03T17:00:00.000Z,,ID,US,East 13th Avenue,83854
E0:4F:43:00:80:35,H2O-e04f43008035,33.39597321,-111.99337769,E0:4F:43,6,unknown,2019-07-05T20:00:00.000Z,2025-03-09T07:00:00.000Z,Phoenix,AZ,US,East Sunland Avenue,85042
E0:4F:43:00:80:4A,H2O-e04f4300804a,46.61208725,-120.43276978,E0:4F:43,3,none,2025-11-03T22:00:00.000Z,2025-11-03T17:00:00.000Z,,WA,US,Pear Butte Road,98936
E0:4F:43:00:80:55,Ayla-e04f43008055,36.11963654,-115.03873444,E0:4F:43,3,unknown,2024-03-19T19:00:00.000Z,2024-08-20T13:00:00.000Z,,NV,US,Trotters Ridge Drive,89122-6081
E0:4F:43:00:85:82,ARIO-2B7U,32.78797531,-79.86344147,E0:4F:43,11,unknown,2026-05-28T20:00:00.000Z,2026-05-28T13:00:00.000Z,,SC,US,McCants Drive,29464
E0:4F:43:00:85:BA,ARIO-7BM7,40.85915375,-73.99097443,E0:4F:43,13,unknown,2024-11-16T19:00:00.000Z,2024-11-16T12:00:00.000Z,,NJ,US,Christie Street,07605
E0:4F:43:00:8A:45,H2O-e04f43008a45,47.20574951,6.00039768,E0:4F:43,3,unknown,2026-01-10T14:00:00.000Z,2026-01-10T07:00:00.000Z,,Bourgogne-Franche-Comté,FR,Chemin de la Vierge,25720
E0:4F:43:00:8A:4C,H2O-e04f43008a4c,50.80729294,5.0993185,E0:4F:43,3,unknown,2001-04-11T17:00:00.000Z,2025-11-28T04:00:00.000Z,,Vlaams-Brabant,BE,Grote Steenweg,3440
E0:4F:43:00:8A:52,H2O-e04f43008a52,49.0917778,1.48900795,E0:4F:43,3,unknown,2026-06-02T06:00:00.000Z,2026-06-02T00:00:00.000Z,,Normandie,FR,Rue de la Gravelle,27200
E0:4F:43:00:95:B0,ARIO-YFGA,41.25747681,-95.93432617,E0:4F:43,11,unknown,2019-02-26T21:00:00.000Z,2026-03-22T11:00:00.000Z,Omaha,NE,US,Farnam Street,68132
E0:4F:43:01:01:B1,Myfox Security AP 0101b1,37.01989365,-7.93040323,E0:4F:43,11,unknown,2024-06-28T20:00:00.000Z,2024-09-28T05:00:00.000Z,Faro,Faro,PT,Rua General Teófilo da Trindade,8000-356
E0:4F:43:01:11:AE,Myfox Security AP 0111ae,48.88458633,2.43846846,E0:4F:43,11,unknown,2024-12-31T11:00:00.000Z,2024-12-31T08:00:00.000Z,,Île-de-France,FR,Rue Carnot,93230
E0:4F:43:01:1D:F6,Myfox Security AP 011df6,52.29968262,4.85800171,E0:4F:43,11,unknown,2021-01-06T08:00:00.000Z,2026-02-06T00:00:00.000Z,,Noord-Holland,NL,Burgemeester Rijnderslaan,1185MC
E0:4F:43:01:23:88,SomfyHomeAlarm AP 012388,48.76507187,2.19696593,E0:4F:43,11,unknown,2024-10-05T10:00:00.000Z,2024-10-05T06:00:00.000Z,,Île-de-France,FR,Allée du Belvédaire,91570
E0:4F:43:01:27:85,SomfyHomeAlarm AP 012785,50.61450958,3.15585637,E0:4F:43,11,unknown,2025-08-08T17:00:00.000Z,2025-08-08T12:00:00.000Z,,Hauts-de-France,FR,Rue des Fusillés,59491
E0:4F:43:05:1A:32,telliCare-WQ86,34.44403458,-103.19643402,E0:4F:43,11,unknown,2001-12-31T21:00:00.000Z,2025-10-02T11:00:00.000Z,Clovis,NM,US,North Prince Street,88101
E0:4F:43:05:36:DE,,37.58200836,-97.2472229,E0:4F:43,1,unknown,2026-04-30T23:00:00.000Z,2026-05-02T18:00:00.000Z,,KS,US,South Rock Road,67037
E0:4F:43:05:3F:2F,Photon-Q232,42.35924149,-71.07233429,E0:4F:43,11,unknown,2026-05-03T13:00:00.000Z,2026-05-06T05:00:00.000Z,Boston,MA,US,Storrow Drive,02114-3203
E0:4F:43:05:C8:AF,CONNEX-e04f4305c8af,49.2774086,-123.12509918,E0:4F:43,1,unknown,2023-06-18T04:00:00.000Z,2026-05-19T15:00:00.000Z,Vancouver,British Columbia,CA,Granville Street,
E0:4F:43:05:C8:C2,CONNEX-e04f4305c8c2,49.25029755,-122.89581299,E0:4F:43,3,unknown,2021-10-08T09:00:00.000Z,2026-07-12T20:00:00.000Z,Burnaby,British Columbia,CA,Austin Avenue,V3K 6R7
E0:4F:43:05:C8:F4,CONNEX-e04f4305c8f4,42.01898956,-87.66417694,E0:4F:43,3,unknown,2026-03-08T21:00:00.000Z,2026-05-18T13:00:00.000Z,Chicago,IL,US,West Howard Street,60626
E0:4F:43:05:C9:0B,CONNEX-e04f4305c90b,45.53902817,-122.65861511,E0:4F:43,4,unknown,2024-08-19T00:00:00.000Z,2026-05-07T01:00:00.000Z,Portland,OR,US,Northeast 7th Avenue,97212
E0:4F:43:05:C9:10,CONNEX-e04f4305c910,48.47627258,-120.18226624,E0:4F:43,3,unknown,2022-08-03T17:00:00.000Z,2026-08-03T14:00:00.000Z,,WA,US,Riverside Avenue,98862
E0:4F:43:05:C9:78,CONNEX-e04f4305c978,46.80628586,-71.31074524,E0:4F:43,3,unknown,2026-06-10T19:00:00.000Z,2026-06-10T13:00:00.000Z,Québec,Québec,CA,Boulevard Wilfrid-Hamel,G1P 1J4
E0:4F:43:05:C9:A6,CONNEX-e04f4305c9a6,44.57101059,-80.92986298,E0:4F:43,3,unknown,2025-09-09T03:00:00.000Z,2025-09-10T17:00:00.000Z,Owen Sound,Ontario,CA,15th Street East,N4K 1T4
E0:4F:43:05:C9:BE,CONNEX-e04f4305c9be,48.47602081,-123.31728363,E0:4F:43,6,unknown,2025-07-19T00:00:00.000Z,2025-07-18T23:00:00.000Z,,British Columbia,CA,Feltham Road,V8N 1E6
E0:4F:43:05:C9:F1,CONNEX-e04f4305c9f1,42.99821472,-78.93635559,E0:4F:43,3,none,2024-12-29T18:00:00.000Z,2025-06-02T13:00:00.000Z,Tonawanda Town CDP,NY,US,River Road,14072
E0:4F:43:05:CA:3E,CONNEX-e04f4305ca3e,39.04985046,-94.5797348,E0:4F:43,3,unknown,2025-11-08T08:00:00.000Z,2026-05-18T19:00:00.000Z,Kansas City,MO,US,Gillham Road West,64110:64111
E0:4F:43:05:CA:95,CONNEX-e04f4305ca95,49.73733521,-125.31628418,E0:4F:43,3,unknown,2025-01-11T22:00:00.000Z,2025-01-11T18:00:00.000Z,Area C (Puntledge/Black Creek),British Columbia,CA,Crooked Creek,
E0:4F:43:05:CA:D1,CONNEX-e04f4305cad1,46.76252747,-71.45262909,E0:4F:43,6,unknown,2023-07-08T10:00:00.000Z,2026-04-24T05:00:00.000Z,,Québec,CA,Autoroute Félix-Leclerc,G3A 0P3
E0:4F:43:05:CA:D5,CONNEX-e04f4305cad5,49.20840073,-122.9332962,E0:4F:43,7,unknown,2026-03-13T22:00:00.000Z,2026-03-13T16:00:00.000Z,New Westminster,British Columbia,CA,Seventh Avenue,V3M 2M9
E0:4F:43:05:CA:F2,CONNEX-e04f4305caf2,45.52116394,-73.55213928,E0:4F:43,3,unknown,2024-12-31T04:00:00.000Z,2026-06-20T21:00:00.000Z,Montréal,Québec,CA,Rue Alexandre-DeSève,H2L 2J1
E0:4F:43:05:CA:FB,CONNEX-e04f4305cafb,48.41818619,-123.33030701,E0:4F:43,3,unknown,2023-05-23T15:00:00.000Z,2026-04-11T10:00:00.000Z,Victoria,British Columbia,CA,Richardson Street,V8S 1G3
E0:4F:43:05:CB:07,CONNEX-e04f4305cb07,45.8980484,-112.20154572,E0:4F:43,2,none,2022-11-20T23:00:00.000Z,2026-05-19T17:00:00.000Z,,MT,US,I 90,
E0:4F:43:05:CB:14,CONNEX-e04f4305cb14,36.1289711,-81.86291504,E0:4F:43,5,none,2023-01-05T12:00:00.000Z,2025-07-01T05:00:00.000Z,,NC,US,Briarcliff Road,28604
E0:4F:43:05:CB:3C,CONNEX-e04f4305cb3c,46.86710358,-71.27336121,E0:4F:43,3,none,2024-05-16T14:00:00.000Z,2026-07-28T14:00:00.000Z,Québec,Québec,CA,Boulevard Henri-Bourassa,G1G 4E1
E0:4F:43:05:CB:3E,CONNEX-e04f4305cb3e,49.2570343,-123.12889099,E0:4F:43,1,wpa2,2023-06-27T11:00:00.000Z,2026-08-08T18:00:00.000Z,Vancouver,British Columbia,CA,West 16th Avenue,V6H
E0:4F:43:05:CB:5C,CONNEX-e04f4305cb5c,39.79991531,-105.50783539,E0:4F:43,3,unknown,2026-02-07T22:00:00.000Z,2026-02-07T15:00:00.000Z,,CO,US,Gregory Street,80427
E0:4F:43:05:CB:5D,CONNEX-e04f4305cb5d,43.49206543,-80.53856659,E0:4F:43,3,unknown,2024-03-24T02:00:00.000Z,2026-02-12T07:00:00.000Z,Waterloo,Ontario,CA,Weber Street North,N2L 4E9
E0:4F:43:05:CB:DA,CONNEX-e04f4305cbda,48.68212509,-123.41035461,E0:4F:43,3,unknown,2025-08-11T20:00:00.000Z,2025-08-17T21:00:00.000Z,,British Columbia,CA,Curteis Road,V8L 5J4
E0:4F:43:05:CB:EC,CONNEX-e04f4305cbec,49.26898956,-123.18041229,E0:4F:43,3,unknown,2025-09-28T22:00:00.000Z,2025-09-28T17:00:00.000Z,Vancouver,British Columbia,CA,West 4th Avenue,
E0:4F:43:05:CC:00,CONNEX-e04f4305cc00,39.95293045,-75.16539001,E0:4F:43,3,unknown,2022-06-18T01:00:00.000Z,2026-04-11T13:00:00.000Z,Philadelphia,PA,US,Underground Concourse,19102
E0:4F:43:05:CC:04,CONNEX-e04f4305cc04,46.91825104,-70.89430237,E0:4F:43,3,unknown,2024-05-24T23:00:00.000Z,2025-06-28T16:00:00.000Z,,Québec,CA,Chemin Royal,G0A 3W0
E0:4F:43:05:CC:0C,CONNEX-e04f4305cc0c,45.48168564,-73.83313751,E0:4F:43,3,unknown,2025-01-11T17:00:00.000Z,2025-01-11T09:00:00.000Z,,Québec,CA,Rue Forsythe,H9G 1X5
E0:4F:43:05:CC:6D,CONNEX-e04f4305cc6d,45.54521942,-73.55096436,E0:4F:43,3,unknown,2019-10-17T12:00:00.000Z,2024-08-30T09:00:00.000Z,Montréal,Québec,CA,Rue Cuvillier,H1W 1H4
E0:4F:43:05:CC:99,CONNEX-e04f4305cc99,46.91832733,-70.89414978,E0:4F:43,3,unknown,2024-05-24T23:00:00.000Z,2025-06-28T16:00:00.000Z,,Québec,CA,Chemin Royal,G0A 3W0
E0:4F:43:05:CC:BF,CONNEX-e04f4305ccbf,48.43935776,-123.34584045,E0:4F:43,3,unknown,2024-07-02T19:00:00.000Z,2026-07-09T22:00:00.000Z,Victoria,British Columbia,CA,Acton Street,V8T 1X8
E0:4F:43:05:CD:16,CONNEX-e04f4305cd16,37.93600464,-107.80961609,E0:4F:43,3,none,2020-08-09T13:00:00.000Z,2026-07-18T10:00:00.000Z,,CO,US,East Pacific Avenue,81435
E0:4F:43:05:CD:20,CONNEX-e04f4305cd20,44.62598801,-63.57755661,E0:4F:43,6,none,2026-07-27T16:00:00.000Z,2026-07-27T10:00:00.000Z,Halifax,Nova Scotia,CA,Francklyn Street,B3H 3B3
E0:4F:43:05:CD:3A,CONNEX-e04f4305cd3a,40.74110794,-74.03993225,E0:4F:43,3,none,2023-08-18T12:00:00.000Z,2026-05-22T06:00:00.000Z,Hoboken,NJ,US,Jackson Street,07030
E0:4F:43:05:CD:B1,CONNEX-e04f4305cdb1,49.27048111,-122.79060364,E0:4F:43,3,unknown,2003-05-14T17:00:00.000Z,2026-07-24T21:00:00.000Z,Coquitlam,British Columbia,CA,Westwood Street,V3G 3L5
E0:4F:43:05:CD:BC,CONNEX-e04f4305cdbc,48.45959473,-123.2815094,E0:4F:43,5,none,2026-05-13T01:00:00.000Z,2026-05-12T19:00:00.000Z,,British Columbia,CA,Arbutus Road,V8N 0B5
E0:4F:43:05:CD:D5,CONNEX-e04f4305cdd5,43.25007248,-79.87109375,E0:4F:43,3,unknown,2019-12-05T16:00:00.000Z,2026-05-05T11:00:00.000Z,Hamilton,Ontario,CA,Charlton Avenue East,L8N 1Y2
E0:4F:43:05:CE:2D,CONNEX-e04f4305ce2d,49.06039429,-122.48118591,E0:4F:43,6,none,2026-05-23T19:00:00.000Z,2026-05-23T13:00:00.000Z,,British Columbia,CA,32 Avenue,V4W 3L5
E0:4F:43:05:CE:2E,CONNEX-e04f4305ce2e,45.50634766,-73.80792999,E0:4F:43,6,unknown,2025-08-16T18:00:00.000Z,2025-08-16T12:00:00.000Z,Montréal,Québec,CA,Avenue Prince-Edward,H8Y 2N9
E0:4F:43:05:CE:30,CONNEX-e04f4305ce30,48.41555786,-123.37152863,E0:4F:43,3,none,2024-01-03T16:00:00.000Z,2026-05-10T00:00:00.000Z,Victoria,British Columbia,CA,Toronto Street,V8V 2L2
E0:4F:43:05:CE:71,CONNEX-e04f4305ce71,45.12518692,-93.46101379,E0:4F:43,3,unknown,2022-04-10T12:00:00.000Z,2025-04-12T12:00:00.000Z,,MN,US,Fernbrook Lane North,55369-4645
E0:4F:43:05:CE:91,CONNEX-e04f4305ce91,49.27938461,-123.07170105,E0:4F:43,3,unknown,2023-04-24T00:00:00.000Z,2026-08-01T16:00:00.000Z,Vancouver,British Columbia,CA,Frances Street,V5L
E0:4F:43:05:CE:ED,CONNEX-e04f4305ceed,43.8781662,-78.83230591,E0:4F:43,1,unknown,2025-05-31T20:00:00.000Z,2025-05-31T14:00:00.000Z,Oshawa,Ontario,CA,Wentworth Street East,L1H 3X1
E0:4F:43:05:CF:09,CONNEX-e04f4305cf09,49.24661636,-123.0912323,E0:4F:43,3,unknown,2022-01-05T13:00:00.000Z,2025-12-04T00:00:00.000Z,Vancouver,British Columbia,CA,East 27th Avenue,V5V
E0:4F:43:05:CF:4A,CONNEX-e04f4305cf4a,49.12059784,-123.03497314,E0:4F:43,3,unknown,2025-09-02T00:00:00.000Z,2025-09-01T19:00:00.000Z,Delta,British Columbia,CA,68 Street,V4G1K7
E0:4F:43:05:CF:71,CONNEX-e04f4305cf71,49.85901642,-97.19087219,E0:4F:43,3,unknown,2024-08-06T06:00:00.000Z,2024-08-25T02:00:00.000Z,Winnipeg,Manitoba,CA,Cordova Street,R3N 1C6
E0:4F:43:05:CF:84,CONNEX-e04f4305cf84,45.45110703,-75.73483276,E0:4F:43,1,none,2024-04-10T13:00:00.000Z,2026-02-26T16:00:00.000Z,Gatineau,Québec,CA,Rue Mutchmore,J8Y 3S9
E0:4F:43:05:CF:CA,CONNEX-e04f4305cfca,39.05545425,-74.76233673,E0:4F:43,3,unknown,2023-06-07T14:00:00.000Z,2025-09-19T07:00:00.000Z,,NJ,US,96th Street,08247
E0:4F:43:05:CF:D4,CONNEX-e04f4305cfd4,48.43936539,-123.34567261,E0:4F:43,3,unknown,2024-07-02T19:00:00.000Z,2026-07-09T22:00:00.000Z,Victoria,British Columbia,CA,Acton Street,V8T 1X8
E0:4F:43:05:D0:B9,CONNEX-e04f4305d0b9,53.54118729,-113.28670502,E0:4F:43,1,none,2023-01-16T14:00:00.000Z,2026-06-18T19:00:00.000Z,Sherwood Park,Alberta,CA,Baseline Road,T8H 1V4
E0:4F:43:05:D0:DC,CONNEX-e04f4305d0dc,49.19343567,-122.81130219,E0:4F:43,3,unknown,2025-08-13T18:00:00.000Z,2026-06-02T11:00:00.000Z,Surrey,British Columbia,CA,Holly Park Lane,V3R 1W2
E0:4F:43:05:D0:F4,CONNEX-e04f4305d0f4,43.98714447,-66.14836121,E0:4F:43,3,unknown,2026-02-06T14:00:00.000Z,2026-02-21T02:00:00.000Z,,Nova Scotia,CA,Highway 1,B0W
E0:4F:43:05:D1:13,CONNEX-e04f4305d113,46.80972672,-71.22985077,E0:4F:43,4,none,2026-07-05T18:00:00.000Z,2026-07-05T12:00:00.000Z,Québec,Québec,CA,Boulevard Langelier,G1K 3G4
E0:4F:43:05:D1:8D,CONNEX-e04f4305d18d,50.7184906,-121.92086029,E0:4F:43,3,unknown,2025-02-02T00:00:00.000Z,2025-02-01T17:00:00.000Z,,British Columbia,CA,Davidson Crescent,V0K 1V0
E0:4F:43:05:D1:8F,CONNEX-e04f4305d18f,45.57619095,-73.64910126,E0:4F:43,3,unknown,2018-04-28T17:00:00.000Z,2025-12-24T14:00:00.000Z,Montréal,Québec,CA,Rue d'Iberville,H2B2W3
E0:4F:43:05:D1:98,CONNEX-e04f4305d198,41.81600952,-71.43549347,E0:4F:43,3,none,2025-06-25T22:00:00.000Z,2025-07-12T06:00:00.000Z,Providence,RI,US,Westminster Street,02903-4016
E0:4F:43:05:D1:A5,CONNEX-e04f4305d1a5,46.03176117,-123.92417145,E0:4F:43,1,none,2023-12-12T20:00:00.000Z,2025-05-19T21:00:00.000Z,,OR,US,Marion Avenue,
E0:4F:43:05:D1:AB,CONNEX-e04f4305d1ab,42.29473495,-71.2570343,E0:4F:43,3,none,2024-07-28T19:00:00.000Z,2026-07-03T16:00:00.000Z,,MA,US,Forest Street,02457
E0:4F:43:05:D1:AC,CONNEX-e04f4305d1ac,42.50582123,-71.08096313,E0:4F:43,11,none,2023-04-22T13:00:00.000Z,2026-07-25T13:00:00.000Z,,MA,US,Prospect Street,01880
E0:4F:43:05:D1:C7,CONNEX-e04f4305d1c7,43.88762283,-79.74419403,E0:4F:43,3,unknown,2024-08-12T13:00:00.000Z,2024-08-12T07:00:00.000Z,,Ontario,CA,Kingsview Drive,L7E 3X8
E0:4F:43:05:D1:F6,CONNEX-e04f4305d1f6,49.28823853,-123.12593079,E0:4F:43,3,unknown,2022-09-11T06:00:00.000Z,2026-07-12T21:00:00.000Z,Vancouver,British Columbia,CA,West Georgia Street,V6E
E0:4F:43:05:D2:32,CONNEX-e04f4305d232,49.20855713,-122.93299866,E0:4F:43,7,unknown,2026-03-13T22:00:00.000Z,2026-03-13T16:00:00.000Z,New Westminster,British Columbia,CA,Seventh Avenue,V3M 2M9
E0:4F:43:05:D2:36,CONNEX-e04f4305d236,49.32871246,-123.04076385,E0:4F:43,3,unknown,2025-05-18T19:00:00.000Z,2025-05-18T14:00:00.000Z,,British Columbia,CA,Kirkstone Place,V7J
E0:4F:43:05:D2:3E,CONNEX-e04f4305d23e,40.74145508,-74.18986511,E0:4F:43,3,unknown,2026-02-27T19:00:00.000Z,2026-02-28T15:00:00.000Z,Newark,NJ,US,Village Place,07103
E0:4F:43:05:D2:60,CONNEX-e04f4305d260,40.6958847,-105.27365112,E0:4F:43,3,none,2021-05-28T17:00:00.000Z,2026-07-31T21:00:00.000Z,,CO,US,Poudre Canyon Highway,80512
E0:4F:43:05:D2:6B,CONNEX-e04f4305d26b,41.39838028,-82.789505,E0:4F:43,3,none,2024-05-12T19:00:00.000Z,2026-04-18T11:00:00.000Z,,OH,US,Bogart Road West,44824
E0:4F:43:05:D2:A9,CONNEX-e04f4305d2a9,49.25113297,-123.0515213,E0:4F:43,3,unknown,2025-08-19T01:00:00.000Z,2025-08-18T18:00:00.000Z,Vancouver,British Columbia,CA,East 21st Avenue,V5N
E0:4F:43:05:D2:CF,CONNEX-e04f4305d2cf,42.05256271,-70.18612671,E0:4F:43,11,none,2024-08-13T18:00:00.000Z,2026-07-18T00:00:00.000Z,,MA,US,Standish Street,02657
E0:4F:43:05:D2:EB,CONNEX-e04f4305d2eb,50.09255219,-122.99598694,E0:4F:43,3,unknown,2022-09-04T13:00:00.000Z,2025-05-31T17:00:00.000Z,,British Columbia,CA,Sea-to-Sky Highway,V8E0B6
E0:4F:43:05:D3:32,CONNEX-e04f4305d332,45.53307724,-73.56801605,E0:4F:43,6,unknown,2023-06-21T13:00:00.000Z,2026-03-12T12:00:00.000Z,Montréal,Québec,CA,Avenue De Lorimier,H2H 2A9
E0:4F:43:05:D3:7D,CONNEX-e04f4305d37d,49.3383522,-124.34571075,E0:4F:43,3,none,2024-12-24T00:00:00.000Z,2024-12-23T18:00:00.000Z,Parksville,British Columbia,CA,Phillips Street,V9P 2E9
E0:4F:43:05:D3:E4,CONNEX-e04f4305d3e4,48.46567154,-123.36115265,E0:4F:43,3,none,2018-02-27T16:00:00.000Z,2026-05-10T01:00:00.000Z,,British Columbia,CA,Quadra Street,V8X 1K1
E0:4F:43:05:D4:12,CONNEX-e04f4305d412,36.12906647,-81.8626709,E0:4F:43,5,none,2023-01-05T12:00:00.000Z,2025-07-01T05:00:00.000Z,,NC,US,Briarcliff Road,28604
E0:4F:43:05:D4:5F,CONNEX-e04f4305d45f,49.31283569,-123.06903076,E0:4F:43,3,unknown,2024-06-07T17:00:00.000Z,2026-05-19T15:00:00.000Z,North Vancouver,British Columbia,CA,Saint Andrews Avenue,V7L
E0:4F:43:0F:69:59,Ring-0f6959,42.63010788,-83.13618469,E0:4F:43,1,unknown,2023-03-14T11:00:00.000Z,2024-08-10T05:00:00.000Z,,MI,US,M 59,48307-4937
E0:4F:43:0F:6A:A3,Ring-0f6aa3,36.88107681,-89.58630371,E0:4F:43,1,unknown,2026-02-22T14:00:00.000Z,2026-02-22T14:00:00.000Z,,MO,US,Tanner Street,63801
E0:4F:43:0F:6B:A0,Ring-0f6ba0,29.95871735,-95.5753479,E0:4F:43,1,none,2026-06-16T23:00:00.000Z,2026-06-16T17:00:00.000Z,,TX,US,Mist Lane,77070
E0:4F:43:0F:72:0A,Ring-0f720a,30.03657913,-97.80599976,E0:4F:43,1,none,2026-01-19T18:00:00.000Z,2026-03-14T17:00:00.000Z,,TX,US,Twisted Oaks Lane,78640-4520
E0:4F:43:0F:74:4A,Ring-0f744a,29.98952675,-95.66670227,E0:4F:43,1,none,2026-05-05T16:00:00.000Z,2026-05-05T10:00:00.000Z,,TX,US,Sandy Ring Court,77429
E0:4F:43:0F:77:74,Ring-0f7774,35.62847137,-97.52398682,E0:4F:43,1,unknown,2026-05-07T19:00:00.000Z,2026-05-07T14:00:00.000Z,Oklahoma City,OK,US,Northwest 154th Street,73003
E0:4F:43:0F:7B:0F,,43.09627914,-89.29426575,E0:4F:43,6,wpa2,2026-07-30T00:00:00.000Z,2026-07-29T19:00:00.000Z,Madison,WI,US,Sudbury Way,53714
E0:4F:43:0F:81:E7,Ring-0f81e7,33.16347885,-117.35713196,E0:4F:43,1,unknown,2022-11-03T15:00:00.000Z,2025-10-02T22:00:00.000Z,Carlsbad,CA,US,Ocean Street,92008
E0:4F:43:0F:84:3E,,47.20159912,-122.22950745,E0:4F:43,11,wpa2,2026-07-30T03:00:00.000Z,2026-07-31T12:00:00.000Z,,WA,US,Valley Avenue,
E0:4F:43:0F:84:89,Ring-0f8489,41.52349091,-87.73620605,E0:4F:43,1,none,2024-12-09T20:00:00.000Z,2024-12-14T14:00:00.000Z,,IL,US,Halloway Street,60443
E0:4F:43:0F:86:3B,Ring-0f863b,45.53307724,-122.87294769,E0:4F:43,1,unknown,2026-01-26T18:00:00.000Z,2026-01-26T11:00:00.000Z,Hillsboro,OR,US,Northeast Gallatin Street,97006
E0:4F:43:0F:8C:29,Ring-0f8c29,32.76649857,-97.40745544,E0:4F:43,1,unknown,2026-06-08T03:00:00.000Z,2026-06-12T18:00:00.000Z,River Oaks,TX,US,River Oaks Boulevard,76114
E0:4F:43:0F:9D:81,Ring-0f9d81,32.70586777,-96.83947754,E0:4F:43,1,none,2025-04-13T18:00:00.000Z,2025-05-24T19:00:00.000Z,Dallas,TX,US,West Kiest Boulevard,75224
E0:4F:43:0F:9E:ED,Ring-0f9eed,33.20183945,-96.68014526,E0:4F:43,1,none,2026-01-02T04:00:00.000Z,2026-01-03T21:00:00.000Z,McKinney,TX,US,North Lake Forest Drive,75070
E0:4F:43:0F:9F:44,Ring-0f9f44,47.72144699,-122.15867615,E0:4F:43,1,unknown,2025-03-11T08:00:00.000Z,2025-03-11T01:00:00.000Z,,WA,US,136th Avenue Northeast,98034-7114
E0:4F:43:0F:A4:04,Ring-0fa404,39.86706161,-105.10529327,E0:4F:43,1,none,2024-07-13T19:00:00.000Z,2026-08-04T11:00:00.000Z,Westminster,CO,US,Independence Drive,80021
E0:4F:43:0F:B2:5A,Ring-0fb25a,37.38669586,-122.0779953,E0:4F:43,1,unknown,2023-10-31T03:00:00.000Z,2026-05-13T10:00:00.000Z,Mountain View,CA,US,Anza Street,94041
E0:4F:43:0F:B7:74,Ring-0fb774,37.32479095,-121.84383392,E0:4F:43,1,unknown,2024-01-05T09:00:00.000Z,2026-01-01T16:00:00.000Z,San Jose,CA,US,Holly Hill Drive,95122
E0:4F:43:0F:B8:89,Ring-0fb889,47.54258347,-121.86401367,E0:4F:43,1,unknown,2025-01-12T23:00:00.000Z,2025-01-12T15:00:00.000Z,,WA,US,Crest View Loop Southeast,98065
E0:4F:43:0F:C1:13,Ring-0fc113,37.27898788,-76.74806213,E0:4F:43,1,unknown,2025-09-18T23:00:00.000Z,2025-09-18T17:00:00.000Z,,VA,US,Casey Boulevard,23186
E0:4F:43:0F:C3:A8,,35.99534988,-115.25880432,E0:4F:43,0,unknown,2026-04-12T03:00:00.000Z,2026-04-18T15:00:00.000Z,,NV,US,West Lots Hill Drive,89179
E0:4F:43:0F:C6:CC,Ring-0fc6cc,35.45014954,-97.39665985,E0:4F:43,1,unknown,2003-10-12T04:00:00.000Z,2026-07-17T11:00:00.000Z,,OK,US,Felix Place,73110
E0:4F:43:0F:CB:D7,Ring-0fcbd7,34.15372467,-118.06793213,E0:4F:43,1,unknown,2025-09-06T18:00:00.000Z,2026-08-09T20:00:00.000Z,Pasadena,CA,US,North Michillinda Avenue,91107
E0:4F:43:0F:CD:53,Ring-0fcd53,39.65283585,-75.01846313,E0:4F:43,1,unknown,2024-05-02T18:00:00.000Z,2024-08-20T18:00:00.000Z,Franklin Township,NJ,US,Tuckahoe Road,08360
E0:4F:43:0F:D4:1C,,39.90787506,-75.09446716,E0:4F:43,6,wpa2,2026-06-02T14:00:00.000Z,2026-06-02T10:00:00.000Z,,NJ,US,Crescent Boulevard,08107
E0:4F:43:0F:D6:9D,Ring-0fd69d,51.6518631,5.6430645,E0:4F:43,1,none,2023-09-05T14:00:00.000Z,2026-03-27T12:00:00.000Z,,Noord-Brabant,NL,Industrielaan,5405AB
E0:4F:43:0F:D8:CF,Ring-0fd8cf,43.9351387,-78.82588196,E0:4F:43,1,unknown,2026-07-20T02:00:00.000Z,2026-07-20T03:00:00.000Z,Oshawa,Ontario,CA,Townline Road North,L1K 0W6
E0:4F:43:0F:D9:9E,Ring-0fd99e,33.89470291,-118.39035034,E0:4F:43,1,unknown,2019-07-10T01:00:00.000Z,2025-03-08T20:00:00.000Z,,CA,US,Marine Avenue,90292
E0:4F:43:0F:DA:0A,Ring-0fda0a,34.02375793,-118.32715607,E0:4F:43,1,unknown,2024-11-15T13:00:00.000Z,2024-11-15T13:00:00.000Z,Los Angeles,CA,US,9th Avenue,90018-4166
E0:4F:43:0F:EE:E4,,39.6520195,-75.77155304,E0:4F:43,1,unknown,2024-11-09T23:00:00.000Z,2024-11-09T19:00:00.000Z,,DE,US,Ohio State Drive,19713
E0:4F:43:10:35:71,,30.63334846,-97.66986084,E0:4F:43,0,unknown,2019-02-14T05:00:00.000Z,2025-08-01T05:00:00.000Z,,TX,US,East University Avenue,78626
E0:4F:43:10:36:74,Ring-103674,29.69062424,-95.69477081,E0:4F:43,1,none,2026-05-24T19:00:00.000Z,2026-06-01T04:00:00.000Z,,TX,US,Sorrell Oaks Lane,77407
E0:4F:43:10:39:7D,Ring-10397d,27.29208183,-80.34869385,E0:4F:43,1,none,2023-03-17T08:00:00.000Z,2026-08-03T15:00:00.000Z,Port Saint Lucie,FL,US,Southeast Airoso Boulevard,34984
E0:4F:43:10:3A:C5,Ring-103ac5,33.78956985,-118.08612061,E0:4F:43,1,unknown,2024-12-14T19:00:00.000Z,2024-12-14T17:00:00.000Z,,CA,US,Wembley Road,90720
E0:4F:43:10:3E:3B,Ring-103e3b,29.41705704,-94.92451477,E0:4F:43,1,none,2026-04-24T00:00:00.000Z,2026-04-23T18:00:00.000Z,,TX,US,20th Street North,77590
E0:4F:43:10:3F:15,Ring-103f15,32.94713974,-96.96685791,E0:4F:43,1,unknown,2026-04-18T12:00:00.000Z,2026-04-18T06:00:00.000Z,Irving,TX,US,Valley Vista Drive,75063
E0:4F:43:10:3F:96,,27.80396843,-82.65276337,E0:4F:43,153,unknown,2025-09-24T19:00:00.000Z,2025-12-08T04:00:00.000Z,Saint Petersburg,FL,US,35th Avenue North,33704
E0:4F:43:10:3F:E2,Ring-103fe2,40.63100815,-75.61223602,E0:4F:43,1,unknown,2025-05-29T14:00:00.000Z,2025-05-29T08:00:00.000Z,Lowhill Township,PA,US,Kernsville Road,18069
E0:4F:43:10:40:4B,Ring-10404b,39.47971725,-76.3172226,E0:4F:43,1,unknown,2026-07-21T20:00:00.000Z,2026-07-21T13:00:00.000Z,,MD,US,Singer Woods Drive,21009
E0:4F:43:10:45:E9,,27.72003555,-82.66039276,E0:4F:43,9,unknown,2025-09-16T21:00:00.000Z,2025-09-19T08:00:00.000Z,Saint Petersburg,FL,US,Lakewood Club Drive South,33712
E0:4F:43:10:46:F9,Ring-1046f9,33.73043823,-84.36323547,E0:4F:43,1,unknown,2025-06-18T23:00:00.000Z,2025-06-22T13:00:00.000Z,Atlanta,GA,US,Stratum Way Southeast,30316
E0:4F:43:10:49:1B,Ring-10491b,40.64102936,-74.34677124,E0:4F:43,1,none,2022-11-18T16:00:00.000Z,2025-09-13T12:00:00.000Z,,NJ,US,Shackamaxon Drive,07090
E0:4F:43:10:4B:B1,Ring-104bb1,32.80265427,-117.21296692,E0:4F:43,1,none,2025-05-12T04:00:00.000Z,2025-08-13T18:00:00.000Z,San Diego,CA,US,San Diego Freeway,92140
E0:4F:43:10:4C:E7,Ring-104ce7,37.36271286,-121.8914032,E0:4F:43,1,none,2024-08-08T04:00:00.000Z,2026-08-05T19:00:00.000Z,San Jose,CA,US,Oakland Road,95112-5005
E0:4F:43:10:5F:0D,Ring-105f0d,51.16850281,-114.15253448,E0:4F:43,1,unknown,2018-06-08T16:00:00.000Z,2025-07-23T12:00:00.000Z,Calgary,Alberta,CA,Shaganappi Trail NW,T3R 1M9
E0:4F:43:10:65:DD,Ring-1065dd,39.56965637,-119.69321442,E0:4F:43,1,unknown,2023-07-08T18:00:00.000Z,2024-09-01T20:00:00.000Z,,NV,US,Aristedes Drive,98436
E0:4F:43:10:67:95,,40.84956741,-73.86280823,E0:4F:43,5,unknown,2024-10-30T00:00:00.000Z,2024-10-30T00:00:00.000Z,City of New York,NY,US,Matthews Avenue,10462
E0:4F:43:10:6C:12,Ring-106c12,38.96999359,-119.93512726,E0:4F:43,1,none,2025-03-28T18:00:00.000Z,2026-07-30T23:00:00.000Z,,NV,US,US 50,89449
E0:4F:43:10:71:87,Ring-107187,36.22722626,-115.26690674,E0:4F:43,1,unknown,2025-12-15T17:00:00.000Z,2026-01-27T19:00:00.000Z,Las Vegas,NV,US,Mooncrest Circle,89129-2147
E0:4F:43:10:77:A0,Ring-1077a0,27.88931274,-81.84324646,E0:4F:43,1,unknown,2025-10-02T19:00:00.000Z,2025-10-25T11:00:00.000Z,,FL,US,South Broadway Avenue,33830
E0:4F:43:10:80:C1,Ring-1080c1,28.68408012,-81.45133972,E0:4F:43,1,unknown,2024-09-14T21:00:00.000Z,2024-09-14T15:00:00.000Z,,FL,US,Berkshire Circle West,32779
E0:4F:43:10:81:07,Ring-108107,29.99419594,-95.60595703,E0:4F:43,1,none,2026-06-03T18:00:00.000Z,2026-06-03T12:00:00.000Z,,TX,US,Carols Way Drive,77070
E0:4F:43:10:82:98,Ring-108298,38.77658463,-121.27910614,E0:4F:43,1,none,2022-03-24T14:00:00.000Z,2025-10-14T20:00:00.000Z,Roseville,CA,US,Roseville Parkway,95678
E0:4F:43:10:8A:3D,,39.68148041,-76.8890152,E0:4F:43,6,unknown,2025-02-17T16:00:00.000Z,2025-02-20T17:00:00.000Z,,MD,US,Lineboro Road,21102
E0:4F:43:10:8D:51,Ring-108d51,47.14410782,-122.2474823,E0:4F:43,1,unknown,2024-10-26T01:00:00.000Z,2025-03-14T13:00:00.000Z,,WA,US,122nd Street East,98347
E0:4F:43:10:8D:8E,Ring-108d8e,43.05018616,-87.90693665,E0:4F:43,1,none,2024-07-29T00:00:00.000Z,2025-09-23T23:00:00.000Z,Milwaukee,WI,US,North Water Street,53202
E0:4F:43:10:9B:4F,Ring-109b4f,29.77280426,-95.50118256,E0:4F:43,11,none,2026-06-01T18:00:00.000Z,2026-06-01T16:00:00.000Z,Hunters Creek Village,TX,US,Voss Road,77024
E0:4F:43:10:9F:55,Ring-109f55,38.9522438,-94.69408417,E0:4F:43,1,unknown,2025-10-28T09:00:00.000Z,2025-10-28T03:00:00.000Z,Overland Park,KS,US,West 97th Street,66212
E0:4F:43:10:A5:83,Ring-10a583,41.91391373,-84.62814331,E0:4F:43,1,none,2026-07-17T13:00:00.000Z,2026-07-29T21:00:00.000Z,,MI,US,South Broad Street,49242
E0:4F:43:10:A7:3E,Ring-10a73e,40.66297913,-73.75385284,E0:4F:43,1,unknown,2025-04-22T16:00:00.000Z,2025-04-22T18:00:00.000Z,City of New York,NY,US,145th Avenue,11413
E0:4F:43:10:A8:D8,Ring-10a8d8,39.51189804,-119.90727997,E0:4F:43,1,unknown,2026-07-20T06:00:00.000Z,2026-07-20T04:00:00.000Z,Reno,NV,US,West 4th Street,89523-3829
E0:4F:43:10:AA:4F,Ring-10aa4f,32.35664749,-95.35663605,E0:4F:43,1,unknown,2026-02-12T23:00:00.000Z,2026-02-12T21:00:00.000Z,Tyler,TX,US,State Highway 64 West,75704
E0:4F:43:10:AE:5B,Ring-10ae5b,39.67468643,-104.8060379,E0:4F:43,1,none,2024-02-18T02:00:00.000Z,2026-03-06T19:00:00.000Z,Aurora,CO,US,East Iliff Avenue,80017
E0:4F:43:10:B0:18,Ring-10b018,33.08884811,-117.13890839,E0:4F:43,1,none,2025-11-19T02:00:00.000Z,2025-12-01T08:00:00.000Z,Escondido,CA,US,Harmony Grove Road,92029
E0:4F:43:10:C1:94,Ring-10c194,32.51695251,-90.02294159,E0:4F:43,1,unknown,2023-12-23T20:00:00.000Z,2025-04-08T16:00:00.000Z,,MS,US,Yandell Road,39110-9048
E0:4F:43:10:C3:D2,Ring-10c3d2,36.19489288,-115.04228973,E0:4F:43,1,unknown,2026-05-29T16:00:00.000Z,2026-05-29T13:00:00.000Z,,NV,US,Pasadena Boulevard,89110-5332
E0:4F:43:10:C4:78,Ring-10c478,40.72055054,-73.75048828,E0:4F:43,1,none,2024-02-22T07:00:00.000Z,2026-04-26T16:00:00.000Z,City of New York,NY,US,90th Court,11428
E0:4F:43:10:CC:46,Ring-10cc46,33.84909821,-118.38002014,E0:4F:43,1,unknown,2024-10-30T23:00:00.000Z,2025-03-07T01:00:00.000Z,,CA,US,North Maria Avenue,90277
E0:4F:43:10:D0:FC,Ring-10d0fc,39.65812683,-104.93880463,E0:4F:43,1,none,2024-01-21T00:00:00.000Z,2025-08-04T21:00:00.000Z,Denver,CO,US,East Eastman Avenue,80222
E0:4F:43:10:D2:A2,,38.21957397,-85.61987305,E0:4F:43,0,wpa2,2026-02-04T11:00:00.000Z,2026-02-16T19:00:00.000Z,Louisville,KY,US,Taylorsville Road,40220
E0:4F:43:10:D3:9F,Ring-10d39f,26.19679451,-80.25614929,E0:4F:43,1,none,2024-09-15T08:00:00.000Z,2025-06-07T14:00:00.000Z,,FL,US,Northwest 79th Avenue,33321
E0:4F:43:10:D5:A3,,34.55191803,-82.62542725,E0:4F:43,3,unknown,2025-07-25T19:00:00.000Z,2025-07-25T14:00:00.000Z,,SC,US,Williamsburg Road,29621
E0:4F:43:10:D7:F4,Ring-10d7f4,33.87796021,-84.34164429,E0:4F:43,1,none,2025-07-15T03:00:00.000Z,2025-07-14T20:00:00.000Z,,GA,US,Haven Brook Lane Northeast,30319
E0:4F:43:10:E4:E2,Ring-10e4e2,39.94203186,-75.16760254,E0:4F:43,1,unknown,2025-11-12T18:00:00.000Z,2026-03-10T14:00:00.000Z,Philadelphia,PA,US,Fitzwater Street,19146
E0:4F:43:10:E8:AD,Ring-10e8ad,38.98666,-77.03626251,E0:4F:43,1,none,2026-01-17T17:00:00.000Z,2026-01-17T14:00:00.000Z,Washington,DC,US,16th Street Northwest,20012
E0:4F:43:10:E8:C0,Ring-10e8c0,43.63223267,-116.36673737,E0:4F:43,1,unknown,2026-06-02T17:00:00.000Z,2026-07-10T07:00:00.000Z,Meridian,ID,US,East Kamay Drive,83646
E0:4F:43:10:EB:BC,Ring-10ebbc,41.51713562,-81.56589508,E0:4F:43,1,unknown,2024-04-07T17:00:00.000Z,2024-12-07T13:00:00.000Z,,OH,US,Mayfield Road,44040
E0:4F:43:10:ED:8B,Ring-10ed8b,35.59625244,-97.56137848,E0:4F:43,1,unknown,2024-08-15T11:00:00.000Z,2024-08-15T04:00:00.000Z,Oklahoma City,OK,US,Indian Creek Boulevard,73120
E0:4F:43:10:ED:B6,Ring-10edb6,45.40161896,-75.73944855,E0:4F:43,1,none,2024-12-13T13:00:00.000Z,2026-08-09T20:00:00.000Z,(Old) Ottawa,Ontario,CA,Scott Street,K1Y 0M1
E0:4F:43:10:EF:5F,Ring-10ef5f,38.56030273,-121.486763,E0:4F:43,1,none,2023-06-01T00:00:00.000Z,2025-11-05T19:00:00.000Z,Sacramento,CA,US,Broadway,95818
E0:4F:43:10:F3:1F,Ring-10f31f,30.19391441,-97.74593353,E0:4F:43,1,unknown,2023-01-30T06:00:00.000Z,2025-05-18T17:00:00.000Z,Austin,TX,US,East Stassney Lane,78744
E0:4F:43:10:F6:74,,47.1975441,-122.3219986,E0:4F:43,1,wpa2,2026-07-31T18:00:00.000Z,2026-08-01T15:00:00.000Z,,WA,US,West Stewart,98371
E0:4F:43:10:F8:F4,Ring-10f8f4,37.76308823,-122.48975372,E0:4F:43,1,unknown,2025-01-18T22:00:00.000Z,2025-11-02T16:00:00.000Z,San Francisco,CA,US,31st Avenue,94122
E0:4F:43:11:00:60,Ring-110060,44.88462067,-123.05728912,E0:4F:43,1,unknown,2026-01-17T01:00:00.000Z,2026-01-16T17:00:00.000Z,Salem,OR,US,Boone Road Southeast,97306
E0:4F:43:11:06:37,<hidden>,43.17633438,-77.55921936,E0:4F:43,36,none,2026-07-09T04:00:00.000Z,2026-07-08T22:00:00.000Z,City of Rochester,NY,US,Clifford Avenue,14609
E0:4F:43:11:06:55,Ring-110655,42.41040039,-71.1252594,E0:4F:43,1,unknown,2023-07-11T10:00:00.000Z,2024-10-28T21:00:00.000Z,Medford,MA,US,Tesla Avenue,02144-1399
E0:4F:43:11:07:B0,,27.76281738,-82.71812439,E0:4F:43,161,unknown,2025-10-01T20:00:00.000Z,2025-10-02T02:00:00.000Z,Saint Petersburg,FL,US,7th Avenue South,33707
E0:4F:43:11:07:FC,Ring-1107fc,47.55442429,-122.28185272,E0:4F:43,1,none,2024-03-10T03:00:00.000Z,2026-08-01T00:00:00.000Z,Seattle,WA,US,Rainier Avenue South,98118
E0:4F:43:11:09:49,Ring-110949,33.56797791,-117.24723053,E0:4F:43,1,none,2025-04-27T02:00:00.000Z,2025-04-26T23:00:00.000Z,Murrieta,CA,US,Calle del Oso Oro,92564
E0:4F:43:11:09:6E,Ring-11096e,40.4625473,-74.30833435,E0:4F:43,1,unknown,2024-10-31T22:00:00.000Z,2024-11-09T10:00:00.000Z,Sayreville,NJ,US,Lagoda Street,08859
E0:4F:43:11:0A:DA,Ring-110ada,42.99938202,-83.53853607,E0:4F:43,1,none,2026-06-23T21:00:00.000Z,2026-06-23T15:00:00.000Z,,MI,US,Woodridge Drive,48423
E0:4F:43:11:0B:AA,Ring-110baa,30.04444122,-81.56760406,E0:4F:43,1,none,2026-02-02T13:00:00.000Z,2026-07-03T10:00:00.000Z,,FL,US,School Trail,
E0:4F:43:11:0E:0F,Ring-110e0f,41.18466187,-85.1522522,E0:4F:43,1,none,2026-07-08T16:00:00.000Z,2026-07-08T10:00:00.000Z,Fort Wayne,IN,US,Hickory Tree Road,46845
E0:4F:43:11:0E:BA,Ring-110eba,39.01358032,-95.63571167,E0:4F:43,1,unknown,2024-07-15T13:00:00.000Z,2024-08-23T13:00:00.000Z,Topeka,KS,US,Southeast Granger Street,66605
E0:4F:43:11:11:DA,Ring-1111da,34.11795807,-118.10581207,E0:4F:43,1,unknown,2023-01-01T16:00:00.000Z,2025-04-24T17:00:00.000Z,,CA,US,Adair Street,91108
E0:4F:43:11:13:79,Ring-111379,35.54018021,-97.56719971,E0:4F:43,1,unknown,2025-12-11T18:00:00.000Z,2025-12-11T11:00:00.000Z,Oklahoma City,OK,US,Northwest 67th Street,73116
E0:4F:43:11:20:01,Ring-112001,30.64167595,-91.08692932,E0:4F:43,1,none,2026-06-26T20:00:00.000Z,2026-07-04T18:00:00.000Z,,LA,US,Greenwell Spg Pt Hudson Road,70791
E0:4F:43:11:21:90,Ring-112190,37.80262756,-122.219841,E0:4F:43,1,unknown,2025-03-30T22:00:00.000Z,2025-03-30T16:00:00.000Z,Oakland,CA,US,East 38th Street,94602
E0:4F:43:11:22:E5,Ring-1122e5,29.60684204,-98.5370636,E0:4F:43,1,unknown,2025-08-23T01:00:00.000Z,2025-08-22T19:00:00.000Z,San Antonio,TX,US,Falling Brook,78248
E0:4F:43:11:24:F6,,41.48406219,-81.77310181,E0:4F:43,11,unknown,2024-10-19T14:00:00.000Z,2025-07-26T09:00:00.000Z,,OH,US,Detroit Avenue,44107
E0:4F:43:11:29:C9,Ring-1129c9,32.9115715,-96.97941589,E0:4F:43,1,unknown,2022-11-06T06:00:00.000Z,2026-08-09T21:00:00.000Z,Irving,TX,US,Summitview Drive,75063
E0:4F:43:11:2D:DD,Ring-112ddd,49.2592392,-123.15984344,E0:4F:43,1,unknown,2024-06-03T20:00:00.000Z,2025-12-04T00:00:00.000Z,Vancouver,British Columbia,CA,West 14th Avenue,V6K
E0:4F:43:11:35:F3,,34.04371262,-117.972229,E0:4F:43,1,wpa2,2026-07-18T16:00:00.000Z,2026-07-18T11:00:00.000Z,La Puente,CA,US,Temple Avenue,91744
E0:4F:43:11:39:D7,Ring-1139d7,45.67031097,-122.59940338,E0:4F:43,1,unknown,2024-10-25T22:00:00.000Z,2024-11-09T13:00:00.000Z,Vancouver,WA,US,Northeast 72nd Avenue,98661
E0:4F:43:11:3E:17,Ring-113e17,45.05484772,-92.8214798,E0:4F:43,1,none,2025-07-05T04:00:00.000Z,2025-07-26T18:00:00.000Z,,MN,US,Myrtle Street West,55082-1198
E0:4F:43:11:44:60,Ring-114460,33.5029335,-84.79837036,E0:4F:43,1,unknown,2025-12-06T09:00:00.000Z,2026-04-10T19:00:00.000Z,,GA,US,Jim Starr Road,30263
E0:4F:43:11:44:85,Ring-114485,43.19669342,-123.35042572,E0:4F:43,1,unknown,2023-05-01T13:00:00.000Z,2025-01-08T15:00:00.000Z,,OR,US,Southeast Eddy Street,97470
E0:4F:43:11:49:FF,Ring-1149ff,53.53768921,-2.03860617,E0:4F:43,1,none,2023-11-22T08:00:00.000Z,2026-07-25T09:00:00.000Z,,England,GB,Oldham Road,OL4 4JH
E0:4F:43:11:4A:D0,Ring-114ad0,39.6424942,-86.05313873,E0:4F:43,1,unknown,2026-04-24T22:00:00.000Z,2026-04-24T16:00:00.000Z,Indianapolis,IN,US,Jarvis Drive,46237
E0:4F:43:11:50:24,,50.79813004,-1.09066796,E0:4F:43,6,unknown,2024-12-01T14:00:00.000Z,2025-01-08T00:00:00.000Z,Portsmouth,England,GB,Isambard Brunel Road,PO1 2DU
E0:4F:43:11:51:E1,Ring-1151e1,36.08193207,-115.27378845,E0:4F:43,1,unknown,2025-05-14T19:00:00.000Z,2025-11-28T21:00:00.000Z,,NV,US,Haven Cove Avenue,89113
E0:4F:43:11:59:1F,Ring-11591f,51.41077805,-0.02680385,E0:4F:43,1,unknown,2026-02-01T17:00:00.000Z,2026-02-01T13:00:00.000Z,London,England,GB,Rectory Road,BR3 1HL
E0:4F:43:11:5A:5C,Ring-115a5c,30.01442909,-95.73005676,E0:4F:43,1,none,2026-07-01T14:00:00.000Z,2026-07-01T08:00:00.000Z,,TX,US,Cascading Falls Boulevard,
E0:4F:43:11:5B:8A,Ring-115b8a,41.26519012,-74.34526825,E0:4F:43,1,none,2001-01-01T00:00:00.000Z,2024-10-26T04:00:00.000Z,,NY,US,Kings Highway,10990
E0:4F:43:11:5E:62,Ring-115e62,34.09091949,-118.28459167,E0:4F:43,1,unknown,2025-05-21T18:00:00.000Z,2025-10-13T22:00:00.000Z,Los Angeles,CA,US,Myra Avenue,90029-3026
E0:4F:43:11:66:A0,,47.19918442,-122.44273376,E0:4F:43,6,wpa2,2026-07-25T18:00:00.000Z,2026-07-25T13:00:00.000Z,Tacoma,WA,US,South 64th Street,98408
E0:4F:43:11:70:65,Ring-117065,42.94382477,-88.08857727,E0:4F:43,1,none,2026-05-23T18:00:00.000Z,2026-06-07T18:00:00.000Z,,WI,US,Beershire Court,53151
E0:4F:43:11:7C:DB,Ring-117cdb,40.66415024,-74.36252594,E0:4F:43,1,none,2025-08-26T15:00:00.000Z,2025-08-26T13:00:00.000Z,,NJ,US,Lawrence Avenue,07090
E0:4F:43:11:92:8C,Ring-11928c,40.84220505,-73.45518494,E0:4F:43,1,unknown,2024-08-30T17:00:00.000Z,2024-08-30T11:00:00.000Z,,NY,US,Harbor Road,11724
E0:4F:43:11:93:67,,37.50600433,-120.8532486,E0:4F:43,3,unknown,2024-08-27T08:00:00.000Z,2024-08-27T14:00:00.000Z,Turlock,CA,US,20th Century Boulevard,95381
E0:4F:43:11:9B:B1,Ring-119bb1,33.8716774,-118.32764435,E0:4F:43,1,unknown,2024-11-12T20:00:00.000Z,2024-11-12T15:00:00.000Z,Torrance,CA,US,Delia Avenue,90504
E0:4F:43:11:A0:0B,Ring-11a00b,34.79280853,-82.19455719,E0:4F:43,1,none,2023-06-11T03:00:00.000Z,2026-08-01T13:00:00.000Z,,SC,US,Woodruff Road,29681
E0:4F:43:11:A8:5A,Ring-11a85a,41.27033234,-72.47670746,E0:4F:43,1,unknown,2024-09-20T21:00:00.000Z,2024-09-20T16:00:00.000Z,,CT,US,Old Mail Trail,06498
E0:4F:43:11:A8:E9,Ring-11a8e9,37.30369949,-77.28518677,E0:4F:43,1,unknown,2024-12-03T17:00:00.000Z,2024-12-19T07:00:00.000Z,,VA,US,East Poythress Street,23860
E0:4F:43:11:A9:BD,Ring-11a9bd,42.00921249,-89.27902985,E0:4F:43,1,none,2025-10-31T21:00:00.000Z,2026-06-05T18:00:00.000Z,,IL,US,IL 64,60129
E0:4F:43:11:AD:EB,Ring-11adeb,35.99516296,-115.25215149,E0:4F:43,1,none,2024-05-06T15:00:00.000Z,2025-11-14T14:00:00.000Z,,NV,US,Pepperbox Avenue,89179
E0:4F:43:11:AE:8D,Ring-11ae8d,36.10779953,-95.95805359,E0:4F:43,1,unknown,2024-03-12T12:00:00.000Z,2025-03-06T13:00:00.000Z,Tulsa,OK,US,South Lewis Avenue,74105
E0:4F:43:11:B3:3E,Ring-11b33e,-16.49281883,-68.12358856,E0:4F:43,1,unknown,2026-04-20T14:00:00.000Z,2026-04-20T10:00:00.000Z,La Paz,La Paz,BO,Calle Jorge Saenz,1110
E0:4F:43:11:B5:6C,Ring-11b56c,41.60873795,-88.21577454,E0:4F:43,1,unknown,2026-01-05T21:00:00.000Z,2026-07-31T16:00:00.000Z,,IL,US,Van Dyke Road,60544
E0:4F:43:11:BD:B8,,45.48473358,-73.59965515,E0:4F:43,0,unknown,2025-04-16T06:00:00.000Z,2025-04-17T17:00:00.000Z,,Québec,CA,Chemin de la Côte-Saint-Antoine,H3Y 3B1
E0:4F:43:11:BF:F1,Ring Setup f1,29.69439888,-95.98014069,E0:4F:43,1,unknown,2024-10-25T16:00:00.000Z,2024-10-31T04:00:00.000Z,,TX,US,FM 1489,77476
E0:4F:43:11:C2:20,Ring Setup 20,34.27180862,-118.67082977,E0:4F:43,1,unknown,2023-11-21T00:00:00.000Z,2025-12-13T21:00:00.000Z,Simi Valley,CA,US,East Los Angeles Avenue,93063
E0:4F:43:11:C2:8D,Ring Setup 8d,35.65271759,-97.47496033,E0:4F:43,1,none,2025-11-18T14:00:00.000Z,2026-07-16T12:00:00.000Z,Edmond,OK,US,South University Drive,73034
E0:4F:43:11:C7:E4,Ring-11c7e4,33.86580658,-84.24520111,E0:4F:43,1,none,2025-07-19T15:00:00.000Z,2026-07-21T18:00:00.000Z,,GA,US,Palace Court,30084
E0:4F:43:11:C8:F2,Ring-11c8f2,40.43388748,-105.0016098,E0:4F:43,1,none,2026-07-30T22:00:00.000Z,2026-08-08T19:00:00.000Z,,CO,US,Rocky Mountain Avenue,80538-8986
E0:4F:43:11:CE:C0,Ring-11cec0,34.18802261,-118.47532654,E0:4F:43,1,none,2025-03-08T16:00:00.000Z,2025-07-29T18:00:00.000Z,Los Angeles,CA,US,Dempsey Avenue,91411
E0:4F:43:11:D2:51,Ring-11d251,38.88224792,-77.02560425,E0:4F:43,1,none,2025-08-20T13:00:00.000Z,2026-01-06T12:00:00.000Z,Washington,DC,US,Southwest Freeway,20219
E0:4F:43:11:D2:96,<hidden>,43.14012909,-77.57833099,E0:4F:43,8,none,2026-07-12T12:00:00.000Z,2026-07-12T05:00:00.000Z,City of Rochester,NY,US,Werner Park,14620
E0:4F:43:11:D6:49,Ring-11d649,36.77801132,-76.13219452,E0:4F:43,1,none,2023-06-13T23:00:00.000Z,2026-04-13T11:00:00.000Z,Virginia Beach,VA,US,Ada Arch,23456
E0:4F:43:11:DA:93,Ring-11da93,34.15966797,-118.33245087,E0:4F:43,1,unknown,2021-09-10T17:00:00.000Z,2025-11-14T16:00:00.000Z,Burbank,CA,US,Florence Street,91505
E0:4F:43:11:DC:59,Ring-11dc59,39.84920502,-105.21364594,E0:4F:43,1,unknown,2026-02-28T20:00:00.000Z,2026-02-28T15:00:00.000Z,,CO,US,Culebra Street,80007
E0:4F:43:11:DF:F2,Ring-11dff2,29.91055298,-95.65393829,E0:4F:43,1,none,2026-06-15T00:00:00.000Z,2026-06-14T21:00:00.000Z,,TX,US,Green Smoke Drive,77095
E0:4F:43:11:E3:FD,,40.00057983,-86.01052856,E0:4F:43,44,unknown,2024-06-17T09:00:00.000Z,2024-09-16T13:00:00.000Z,,IN,US,Harrison Parkway,46038
E0:4F:43:11:E6:13,Ring-11e613,39.6558075,-85.13384247,E0:4F:43,1,unknown,2025-03-12T03:00:00.000Z,2025-03-11T23:00:00.000Z,,IN,US,North Grand Avenue,47331
E0:4F:43:11:E6:FD,Ring-11e6fd,41.83002472,-74.17214203,E0:4F:43,1,unknown,2024-11-03T16:00:00.000Z,2024-11-03T10:00:00.000Z,,NY,US,United States Highway 209,12484
E0:4F:43:11:EA:CE,Ring-11eace,33.11461639,-96.61363983,E0:4F:43,1,none,2023-11-04T20:00:00.000Z,2026-02-25T19:00:00.000Z,Allen,TX,US,Rock Ridge Road,75002
E0:4F:43:11:EC:86,Ring-11ec86,37.50750351,-120.9870224,E0:4F:43,1,unknown,2024-10-07T20:00:00.000Z,2024-10-07T16:00:00.000Z,,CA,US,Fulkerth Road,94605
E0:4F:43:11:F0:F2,,35.80948257,-78.73867798,E0:4F:43,1,wpa2,2026-07-29T13:00:00.000Z,2026-07-30T10:00:00.000Z,Raleigh,NC,US,I 40,27512
E0:4F:43:11:F3:A0,Ring-11f3a0,42.86988449,-83.72945404,E0:4F:43,1,none,2025-10-12T17:00:00.000Z,2025-11-27T21:00:00.000Z,,MI,US,Torrey Road,48430
E0:4F:43:11:F5:B9,Ring-11f5b9,39.42964935,-77.52604675,E0:4F:43,1,none,2026-06-13T20:00:00.000Z,2026-06-13T13:00:00.000Z,,MD,US,Stone Springs Lane,21769
E0:4F:43:11:F6:37,,34.02894211,-118.45133972,E0:4F:43,6,wpa2,2026-07-10T22:00:00.000Z,2026-07-10T16:00:00.000Z,Los Angeles,CA,US,Amherst Avenue,90292
E0:4F:43:11:FA:89,Ring-11fa89,33.58034897,-117.72923279,E0:4F:43,1,unknown,2026-05-17T19:00:00.000Z,2026-07-02T15:00:00.000Z,,CA,US,Vantis,92656
E0:4F:43:11:FE:70,Ring-11fe70,40.74627304,-73.65649414,E0:4F:43,1,unknown,2026-05-22T20:00:00.000Z,2026-05-22T17:00:00.000Z,,NY,US,Florence Road,11501
E0:4F:43:11:FF:3F,Ring-11ff3f,33.86297607,-118.36125183,E0:4F:43,1,unknown,2025-03-07T01:00:00.000Z,2025-03-07T01:00:00.000Z,,CA,US,South Inglewood Avenue,90503
E0:4F:43:12:04:E8,Ring-1204e8,51.25102234,-114.02244568,E0:4F:43,1,unknown,2025-11-18T00:00:00.000Z,2026-08-06T20:00:00.000Z,Airdrie,Alberta,CA,Hillcrest Green SW,T4B 3W2
E0:4F:43:12:06:30,Ring-120630,35.95443726,-115.12351227,E0:4F:43,1,none,2024-05-06T18:00:00.000Z,2026-02-24T13:00:00.000Z,Henderson,NV,US,Ecking Avenue,89052
E0:4F:43:12:06:93,Ring-120693,33.72705078,-118.30950928,E0:4F:43,1,wpa2,2026-02-08T06:00:00.000Z,2026-06-27T16:00:00.000Z,Los Angeles,CA,US,West 19th Street,90732
E0:4F:43:12:07:F4,Ring-1207f4,42.37060165,-87.98796082,E0:4F:43,1,unknown,2022-04-10T16:00:00.000Z,2026-02-03T21:00:00.000Z,,IL,US,Abbey Road,60031
E0:4F:43:12:0A:3B,Ring-120a3b,54.9897728,-1.67874944,E0:4F:43,1,unknown,2024-08-23T13:00:00.000Z,2024-08-23T06:00:00.000Z,Newcastle upon Tyne,England,GB,Pooley Road,NE5 2SF
E0:4F:43:12:0D:0C,Ring-120d0c,39.39422989,-84.33587646,E0:4F:43,1,unknown,2025-03-07T14:00:00.000Z,2025-03-07T07:00:00.000Z,,OH,US,Mocora Court,
E0:4F:43:12:0F:EE,,34.27628326,-118.75112152,E0:4F:43,112,none,2026-07-28T19:00:00.000Z,2026-08-04T22:00:00.000Z,Simi Valley,CA,US,Lansdale Court,93063-2364
E0:4F:43:12:10:A6,,39.95895004,-86.02271271,E0:4F:43,149,unknown,2024-06-17T08:00:00.000Z,2025-07-16T18:00:00.000Z,,IN,US,Holland Drive,46038
E0:4F:43:12:13:7C,Ring-12137c,33.03724289,-97.33084106,E0:4F:43,1,none,2026-08-04T09:00:00.000Z,2026-08-04T03:00:00.000Z,Fort Worth,TX,US,Amazon Drive,
E0:4F:43:12:14:D9,Ring-1214d9,63.39810944,10.3334589,E0:4F:43,1,unknown,2024-01-12T22:00:00.000Z,2024-08-25T12:00:00.000Z,,Trøndelag,NO,Arne Garborgs veg,7071
E0:4F:43:12:18:28,Ring-121828,44.77379227,-93.48849487,E0:4F:43,1,none,2024-08-31T16:00:00.000Z,2026-07-26T15:00:00.000Z,,MN,US,Queen Avenue,55379
E0:4F:43:12:19:D8,,41.49664307,-81.95711517,E0:4F:43,44,unknown,2024-10-19T16:00:00.000Z,2024-10-19T10:00:00.000Z,,OH,US,Lake Road,44140
E0:4F:43:12:1D:C7,Ring-121dc7,42.16053009,-87.91880798,E0:4F:43,1,unknown,2025-12-15T21:00:00.000Z,2025-12-15T13:00:00.000Z,,IL,US,North Milwaukee Avenue,60090
E0:4F:43:12:20:22,,47.19937134,-122.2957077,E0:4F:43,4,wpa2,2026-07-18T01:00:00.000Z,2026-07-31T12:00:00.000Z,,WA,US,River Road,98371
E0:4F:43:12:20:2D,Ring-12202d,44.98952103,-93.27469635,E0:4F:43,1,none,2026-05-22T04:00:00.000Z,2026-08-02T20:00:00.000Z,Minneapolis,MN,US,North 1st Street,55401
E0:4F:43:12:20:36,Ring-122036,35.97632599,-115.10343933,E0:4F:43,1,unknown,2024-08-29T16:00:00.000Z,2024-08-29T13:00:00.000Z,Henderson,NV,US,Mirabella Street,
E0:4F:43:12:22:77,Ring-122277,36.12501144,-95.88040161,E0:4F:43,1,none,2024-08-03T04:00:00.000Z,2024-09-09T02:00:00.000Z,Tulsa,OK,US,Skelly Bypass,74129
E0:4F:43:12:25:B6,,39.97832489,-86.08507538,E0:4F:43,11,unknown,2024-09-17T02:00:00.000Z,2025-07-16T19:00:00.000Z,,IN,US,Harrison Drive,46033
E0:4F:43:12:31:85,Ring-123185,40.01388168,-82.84618378,E0:4F:43,1,unknown,2024-09-22T05:00:00.000Z,2024-09-21T22:00:00.000Z,,OH,US,Caroway Boulevard,43230
E0:4F:43:12:32:04,Ring-123204,37.41429138,-120.85180664,E0:4F:43,1,unknown,2024-09-05T19:00:00.000Z,2024-09-05T13:00:00.000Z,,CA,US,,95324
E0:4F:43:12:32:06,Ring-123206,39.27524185,-76.62650299,E0:4F:43,1,none,2026-05-22T16:00:00.000Z,2026-08-06T16:00:00.000Z,Baltimore,MD,US,Russell Street,21230
E0:4F:43:12:33:43,Ring-123343,45.96325684,-86.2637558,E0:4F:43,1,unknown,2025-05-19T19:00:00.000Z,2025-05-19T15:00:00.000Z,,MI,US,Deer Street,49854
E0:4F:43:12:39:8F,Ring-12398f,33.88675308,-118.24689484,E0:4F:43,1,unknown,2024-12-09T21:00:00.000Z,2024-12-09T15:00:00.000Z,,CA,US,West Reeve Street,90220
E0:4F:43:12:3E:5D,Ring-123e5d,37.69680786,-122.1403656,E0:4F:43,1,unknown,2023-04-16T17:00:00.000Z,2026-08-09T15:00:00.000Z,,CA,US,Crespi Drive,94578
E0:4F:43:12:3F:57,,39.94940567,-86.03046417,E0:4F:43,3,unknown,2024-06-17T08:00:00.000Z,2025-07-16T19:00:00.000Z,,IN,US,Garrick Street,46038
E0:4F:43:12:42:5E,Ring-12425e,40.30642319,-73.98101044,E0:4F:43,1,unknown,2022-07-10T09:00:00.000Z,2026-03-30T11:00:00.000Z,Long Branch,NJ,US,Ocean Boulevard,07740
E0:4F:43:12:43:A3,Ring-1243a3,34.0392952,-118.41837311,E0:4F:43,1,unknown,2025-11-24T05:00:00.000Z,2025-11-23T22:00:00.000Z,Los Angeles,CA,US,Rountree Road,90064
E0:4F:43:12:54:B9,Ring-1254b9,47.5307579,-92.54301453,E0:4F:43,1,unknown,2023-10-17T19:00:00.000Z,2025-09-26T06:00:00.000Z,,MN,US,9th Street North,55792
E0:4F:43:12:57:0C,Ring-12570c,28.02220535,-82.21440887,E0:4F:43,1,unknown,2022-02-23T11:00:00.000Z,2026-04-02T15:00:00.000Z,,FL,US,US 92,33527
E0:4F:43:12:57:B9,Ring-1257b9,43.01619339,-87.98871613,E0:4F:43,1,unknown,2024-08-01T23:00:00.000Z,2025-05-24T07:00:00.000Z,,WI,US,South 61st Street,53214
E0:4F:43:12:5F:49,,33.82057571,-118.3897934,E0:4F:43,1,wpa2,2026-06-06T04:00:00.000Z,2026-06-05T21:00:00.000Z,,CA,US,Esplanade,90277
E0:4F:43:12:63:B3,Ring-1263b3,37.39328003,-122.0610199,E0:4F:43,1,none,2024-04-29T04:00:00.000Z,2025-08-29T02:00:00.000Z,Mountain View,CA,US,North Whisman Road,94043-3421
E0:4F:43:12:63:B5,Ring-1263b5,39.26020432,-94.53123474,E0:4F:43,1,unknown,2024-08-24T14:00:00.000Z,2024-08-24T11:00:00.000Z,Kansas City,MO,US,Northeast 92nd Street,64156
E0:4F:43:12:66:12,Ring-126612,29.91707039,-95.56270599,E0:4F:43,1,none,2026-05-27T19:00:00.000Z,2026-06-01T04:00:00.000Z,,TX,US,Willow Crossing Drive,77064
E0:4F:43:12:66:50,Ring-126650,40.60314941,-74.10337067,E0:4F:43,1,unknown,2024-08-08T14:00:00.000Z,2025-02-17T10:00:00.000Z,City of New York,NY,US,Ocean Terrace,10301
E0:4F:43:12:67:EC,Ring Setup ec,40.77618408,-73.95766449,E0:4F:43,1,unknown,2024-01-05T16:00:00.000Z,2026-08-09T18:00:00.000Z,City of New York,NY,US,East 81st Street,10028
E0:4F:43:12:68:7D,,33.85889435,-118.32772827,E0:4F:43,6,wpa2,2026-05-26T23:00:00.000Z,2026-05-26T16:00:00.000Z,Torrance,CA,US,Crenshaw Boulevard,90504
E0:4F:43:12:6E:1E,Ring Setup 1e,33.04643631,-96.91532135,E0:4F:43,1,none,2026-08-02T05:00:00.000Z,2026-08-01T23:00:00.000Z,Lewisville,TX,US,Parker Road,75010
E0:4F:43:12:6F:64,Ring-126f64,40.53238678,-74.31088257,E0:4F:43,1,unknown,2024-01-06T15:00:00.000Z,2025-09-07T15:00:00.000Z,,NJ,US,Mary Avenue,08863
E0:4F:43:12:71:D1,Ring-1271d1,33.34946442,-84.51622772,E0:4F:43,1,none,2026-04-23T21:00:00.000Z,2026-04-23T15:00:00.000Z,,GA,US,Woodcreek Lane,30215
E0:4F:43:12:72:93,Ring-127293,39.48722076,-119.85708618,E0:4F:43,1,unknown,2024-09-03T04:00:00.000Z,2024-09-03T00:00:00.000Z,Reno,NV,US,South McCarran Boulevard,89519
E0:4F:43:12:76:6C,Ring-12766c,33.66485977,-117.99684143,E0:4F:43,1,unknown,2025-01-26T20:00:00.000Z,2026-03-20T19:00:00.000Z,Huntington Beach,CA,US,Indianapolis Avenue,92648
E0:4F:43:12:79:B0,,40.8812027,-73.016716,E0:4F:43,3,unknown,2024-11-05T13:00:00.000Z,2024-11-05T05:00:00.000Z,,NY,US,Harford Drive,11727
E0:4F:43:12:7A:29,Ring-127a29,34.14080048,-118.5025177,E0:4F:43,1,unknown,2026-05-13T21:00:00.000Z,2026-05-21T18:00:00.000Z,Los Angeles,CA,US,Escalon Drive,91436-3542
E0:4F:43:12:7D:14,Ring-127d14,34.15224838,-118.35836029,E0:4F:43,1,unknown,2022-05-06T13:00:00.000Z,2024-11-23T22:00:00.000Z,Los Angeles,CA,US,Riverside Drive,91602-2532
E0:4F:43:12:7F:4D,Ring-127f4d,43.89493942,-79.46852875,E0:4F:43,1,unknown,2025-01-05T00:00:00.000Z,2025-01-04T17:00:00.000Z,Richmond Hill,Ontario,CA,Shaftsbury Avenue,L4C 0E8
E0:4F:43:12:7F:B9,Ring-127fb9,51.76239014,-0.00650484,E0:4F:43,1,unknown,2024-08-31T08:00:00.000Z,2024-08-31T02:00:00.000Z,Broxbourne,England,GB,A1170,EN11 8EH
E0:4F:43:12:80:9B,Ring-12809b,41.27173615,-96.07278442,E0:4F:43,1,unknown,2026-04-29T13:00:00.000Z,2026-07-30T23:00:00.000Z,Omaha,NE,US,Hamilton Street,68114
E0:4F:43:12:83:60,Ring-128360,40.01066589,-75.29234314,E0:4F:43,1,none,2023-12-02T21:00:00.000Z,2026-08-07T18:00:00.000Z,Lower Merion Township,PA,US,West Montgomery Avenue,19003
E0:4F:43:12:83:6C,Ring-12836c,38.94608307,-77.02975464,E0:4F:43,1,unknown,2025-08-13T19:00:00.000Z,2025-08-13T12:00:00.000Z,Washington,DC,US,Buchanan Street Northwest,20011
E0:4F:43:12:8E:21,Ring-128e21,34.06285858,-118.39182281,E0:4F:43,1,unknown,2024-11-19T20:00:00.000Z,2024-11-19T13:00:00.000Z,,CA,US,South Palm Drive,90212
E0:4F:43:12:90:F0,Ring Setup f0,40.67891312,-111.43328094,E0:4F:43,1,none,2023-09-04T19:00:00.000Z,2024-08-25T18:00:00.000Z,Hideout,UT,US,UT 248,
E0:4F:43:12:91:7C,Ring-12917c,32.9600563,-117.12237549,E0:4F:43,1,unknown,2024-08-30T15:00:00.000Z,2024-08-30T09:00:00.000Z,San Diego,CA,US,Paseo Montalban,92129
E0:4F:43:12:91:A3,Ring-1291a3,37.77077866,-122.42324066,E0:4F:43,1,unknown,2025-07-16T07:00:00.000Z,2025-08-05T22:00:00.000Z,San Francisco,CA,US,Elgin Park,94102
E0:4F:43:12:93:C3,Ring-1293c3,51.56477737,0.47941789,E0:4F:43,1,unknown,2026-06-10T12:00:00.000Z,2026-06-10T08:00:00.000Z,,England,GB,Vange Hill Drive,SS16 4QL
E0:4F:43:12:94:A7,Ring Setup a7,33.41311264,-117.61178589,E0:4F:43,1,unknown,2024-08-24T20:00:00.000Z,2026-04-06T18:00:00.000Z,San Clemente,CA,US,Calle de Los Alamos,92672
E0:4F:43:12:98:45,Ring-129845,42.14875031,-88.27734375,E0:4F:43,1,unknown,2025-04-19T16:00:00.000Z,2025-04-19T10:00:00.000Z,,IL,US,Sandbloom Road,60110
E0:4F:43:12:98:DB,Ring Setup db,40.75024414,-74.02790833,E0:4F:43,1,none,2025-03-15T21:00:00.000Z,2025-10-17T12:00:00.000Z,Hoboken,NJ,US,Bloomfield Street,07030
E0:4F:43:12:99:14,Ring Setup 14,34.04338455,-118.51434326,E0:4F:43,1,unknown,2024-06-30T01:00:00.000Z,2025-03-10T20:00:00.000Z,Los Angeles,CA,US,Ranch Lane,90272-3719
E0:4F:43:12:9B:D7,Ring-129bd7,35.30472946,-78.97296143,E0:4F:43,1,unknown,2026-08-08T18:00:00.000Z,2026-08-09T14:00:00.000Z,,NC,US,Kimbrough Drive,
E0:4F:43:12:9C:C2,Ring-129cc2,32.84474564,-97.12067413,E0:4F:43,1,none,2026-07-13T17:00:00.000Z,2026-07-13T11:00:00.000Z,,TX,US,Bedford Road,76021
E0:4F:43:12:9F:A1,Ring-129fa1,32.35459137,-106.72532654,E0:4F:43,1,none,2025-06-30T15:00:00.000Z,2025-09-05T23:00:00.000Z,Las Cruces,NM,US,Calle Jitas Boulevard,88011
E0:4F:43:12:A0:F8,Ring-12a0f8,27.9926815,-82.69406128,E0:4F:43,1,unknown,2026-05-19T12:00:00.000Z,2026-05-21T11:00:00.000Z,Palm Harbor,FL,US,3rd Street North,34695
E0:4F:43:12:A4:C9,Ring-12a4c9,37.75273895,-122.41957092,E0:4F:43,1,unknown,2022-07-18T14:00:00.000Z,2026-03-27T11:00:00.000Z,San Francisco,CA,US,Bartlett Street,90103
E0:4F:43:12:A5:02,Ring-12a502,32.83347702,-80.05996704,E0:4F:43,1,unknown,2026-03-30T15:00:00.000Z,2026-03-30T08:00:00.000Z,Charleston,SC,US,Glendale Drive,29414
E0:4F:43:12:AE:70,Ring-12ae70,34.18187714,-118.40304565,E0:4F:43,1,unknown,2025-04-27T07:00:00.000Z,2025-04-30T21:00:00.000Z,Los Angeles,CA,US,Rhodes Avenue,91605
E0:4F:43:12:AE:7D,Ring-12ae7d,39.53922653,-105.09706116,E0:4F:43,1,unknown,2025-09-05T07:00:00.000Z,2025-09-05T02:00:00.000Z,,CO,US,West Trailmark Parkway,80127-5008
E0:4F:43:12:B0:4D,,39.98220062,-86.04940033,E0:4F:43,4,unknown,2024-09-17T02:00:00.000Z,2025-07-16T18:00:00.000Z,,IN,US,Silas Moffitt Way,46033
E0:4F:43:12:B2:A7,Ring-12b2a7,35.02194977,-80.67241669,E0:4F:43,1,unknown,2025-11-03T00:00:00.000Z,2025-11-02T16:00:00.000Z,,NC,US,Clover Hill Road,28104:28110
E0:4F:43:12:B4:47,Ring-12b447,30.55520248,-87.71089172,E0:4F:43,1,unknown,2023-03-22T06:00:00.000Z,2026-06-02T14:00:00.000Z,,AL,US,Nebraska Street,36567
E0:4F:43:12:B7:24,Ring-12b724,43.73287201,-79.39231873,E0:4F:43,1,unknown,2025-01-25T21:00:00.000Z,2025-01-25T16:00:00.000Z,Toronto,Ontario,CA,Riverview Drive,M4N 1T2
E0:4F:43:12:B7:6E,Ring-12b76e,39.99515533,-85.99441528,E0:4F:43,1,unknown,2024-06-17T09:00:00.000Z,2024-09-16T13:00:00.000Z,,IN,US,Cumberland Road,46060
E0:4F:43:12:BA:2D,Ring-12ba2d,33.11746597,-96.91100311,E0:4F:43,1,unknown,2025-08-11T23:00:00.000Z,2025-10-12T15:00:00.000Z,,TX,US,Bankside,75036
E0:4F:43:12:BA:B8,Ring-12bab8,32.92047119,-96.53082275,E0:4F:43,1,unknown,2026-06-22T23:00:00.000Z,2026-06-25T17:00:00.000Z,Rowlett,TX,US,Kallan Drive,75089
E0:4F:43:12:BF:03,Ring-12bf03,39.50806808,-119.81266022,E0:4F:43,1,none,2025-08-22T23:00:00.000Z,2026-08-07T06:00:00.000Z,Reno,NV,US,Plumas Street,89509-1633
E0:4F:43:12:C9:5B,Ring-12c95b,44.97406387,-93.30812073,E0:4F:43,1,unknown,2026-02-03T18:00:00.000Z,2026-02-04T08:00:00.000Z,Minneapolis,MN,US,Penn Avenue South,55405
E0:4F:43:12:CA:10,,38.22778702,-85.7515564,E0:4F:43,0,wpa2,2026-01-06T13:00:00.000Z,2026-02-26T15:00:00.000Z,Louisville,KY,US,I 65,40292
E0:4F:43:12:CE:E7,Ring-12cee7,43.81293106,-79.31703949,E0:4F:43,1,unknown,2026-05-18T18:00:00.000Z,2026-05-18T14:00:00.000Z,Toronto,Ontario,CA,Elmartin Drive,M1W 3G1
E0:4F:43:12:D0:DF,Ring-12d0df,28.10898972,-82.17517853,E0:4F:43,1,unknown,2025-03-26T23:00:00.000Z,2025-04-08T14:00:00.000Z,,FL,US,Bruton Road,33565
E0:4F:43:12:D5:FD,Ring-12d5fd,51.55923843,-0.44584659,E0:4F:43,1,unknown,2023-08-28T14:00:00.000Z,2026-07-10T12:00:00.000Z,London Borough of Hillingdon,England,GB,Long Lane,UB10 8QY
E0:4F:43:12:D7:72,Ring-12d772,41.85184097,-71.39788055,E0:4F:43,1,unknown,2025-05-24T20:00:00.000Z,2025-05-24T14:00:00.000Z,Providence,RI,US,Summit Avenue,02906
E0:4F:43:12:D7:9A,Ring-12d79a,34.05807495,-118.31756592,E0:4F:43,1,none,2024-11-22T15:00:00.000Z,2025-08-05T15:00:00.000Z,Los Angeles,CA,US,West 8th Street,90010-3401
E0:4F:43:12:D7:FD,Ring-12d7fd,36.75312805,-75.9903183,E0:4F:43,1,none,2025-04-14T20:00:00.000Z,2026-06-24T08:00:00.000Z,Virginia Beach,VA,US,Camino Real South,23456
E0:4F:43:12:D9:B7,Ring-12d9b7,39.6077919,-86.08737946,E0:4F:43,1,unknown,2024-10-15T02:00:00.000Z,2026-07-08T20:00:00.000Z,,IN,US,East Main Street,46143
E0:4F:43:12:DB:AA,Ring-12dbaa,33.06204605,-96.79359436,E0:4F:43,1,unknown,2025-11-04T16:00:00.000Z,2025-11-08T12:00:00.000Z,Plano,TX,US,Tamarron Lane,75024
E0:4F:43:12:DE:87,Ring-12de87,38.85074615,-104.81904602,E0:4F:43,1,unknown,2025-03-06T19:00:00.000Z,2025-03-22T06:00:00.000Z,Colorado Springs,CO,US,North Weber Street,80903
E0:4F:43:12:F3:C6,Ring-12f3c6,29.37339783,-81.08379364,E0:4F:43,1,unknown,2026-06-06T22:00:00.000Z,2026-06-06T20:00:00.000Z,,FL,US,John Anderson Drive,32176
E0:4F:43:12:FC:3B,Ring-12fc3b,29.96042824,-90.06110382,E0:4F:43,1,none,2025-08-04T23:00:00.000Z,2026-06-25T14:00:00.000Z,New Orleans,LA,US,Chartres Street,70116
E0:4F:43:12:FC:8A,Ring-12fc8a,41.83650208,-87.86175537,E0:4F:43,1,unknown,2025-12-10T16:00:00.000Z,2026-08-09T23:00:00.000Z,,IL,US,30th Street,60526
E0:4F:43:12:FD:CF,Ring-12fdcf,33.56457138,-117.12538147,E0:4F:43,1,unknown,2024-11-13T12:00:00.000Z,2024-11-15T17:00:00.000Z,,CA,US,Old Creek Ct,92589
E0:4F:43:13:00:35,Ring-130035,33.48397827,-117.5892868,E0:4F:43,1,unknown,2024-12-21T08:00:00.000Z,2024-12-21T02:00:00.000Z,San Clemente,CA,US,Camino Tierra Grande,92673
E0:4F:43:13:04:2B,Ring-13042b,52.87852478,-1.62102878,E0:4F:43,1,none,2023-06-18T12:00:00.000Z,2026-06-18T07:00:00.000Z,South Derbyshire,England,GB,Derby Road,DE65 5FL
E0:4F:43:13:0B:CF,Ring-130bcf,26.32510948,-81.66532898,E0:4F:43,1,unknown,2026-07-20T10:00:00.000Z,2026-07-20T07:00:00.000Z,,FL,US,Bonita National Bouelavrd,
E0:4F:43:13:12:C1,Ring-1312c1,47.6723671,-122.38039398,E0:4F:43,1,unknown,2025-06-02T18:00:00.000Z,2025-06-04T14:00:00.000Z,Seattle,WA,US,Northwest 60th Street,98107
E0:4F:43:13:15:55,Ring-131555,45.53471375,-73.6713562,E0:4F:43,1,unknown,2023-09-14T12:00:00.000Z,2026-03-06T03:00:00.000Z,Montréal,Québec,CA,Boulevard de l'Acadie,H4N 3K5
E0:4F:43:13:27:E8,Ring-1327e8,34.15045166,-118.40579224,E0:4F:43,1,none,2024-02-11T19:00:00.000Z,2026-08-05T11:00:00.000Z,Los Angeles,CA,US,Moorpark Street,91604
E0:4F:43:13:2A:E0,Ring-132ae0,34.11795425,-118.05927277,E0:4F:43,1,unknown,2025-08-16T00:00:00.000Z,2025-08-15T21:00:00.000Z,Temple City,CA,US,East Lemon Avenue,91007
E0:4F:43:13:2B:FC,Ring-132bfc,41.08114243,-111.94217682,E0:4F:43,1,none,2024-11-10T22:00:00.000Z,2025-01-02T13:00:00.000Z,Layton,UT,US,North 1275 East,84040
E0:4F:43:13:2C:C4,Ring-132cc4,40.63663101,-74.03153992,E0:4F:43,1,none,2026-06-04T15:00:00.000Z,2026-08-07T11:00:00.000Z,City of New York,NY,US,Colonial Road,11209
E0:4F:43:13:2D:59,Ring-132d59,34.13297272,-99.14877319,E0:4F:43,1,none,2023-07-29T10:00:00.000Z,2026-07-21T01:00:00.000Z,,TX,US,US 70;US 183;US 287,76373
E0:4F:43:13:2F:92,Ring-132f92,42.11595917,-87.764328,E0:4F:43,1,unknown,2025-01-16T23:00:00.000Z,2025-05-23T21:00:00.000Z,,IL,US,Tower Road,60093
E0:4F:43:13:33:01,Ring-133301,33.9160881,-117.84732819,E0:4F:43,1,none,2022-08-04T10:00:00.000Z,2026-06-30T17:00:00.000Z,,CA,US,Calle del Sol,92823
E0:4F:43:13:33:0D,Ring-13330d,47.54426193,-122.2864151,E0:4F:43,1,none,2026-04-24T02:00:00.000Z,2026-05-06T11:00:00.000Z,Seattle,WA,US,South Morgan Street,98118
E0:4F:43:13:34:2F,Ring-13342f,38.6122551,-90.29856873,E0:4F:43,1,none,2026-02-07T00:00:00.000Z,2026-03-15T15:00:00.000Z,Saint Louis,MO,US,Bennett Court,63139
E0:4F:43:13:3A:33,Ring-133a33,36.73822021,-95.97745514,E0:4F:43,1,none,2024-05-10T00:00:00.000Z,2025-06-16T16:00:00.000Z,Bartlesville,OK,US,East 14th Street,74003
E0:4F:43:13:3B:26,Ring-133b26,37.32354355,-121.91621399,E0:4F:43,1,none,2025-06-29T04:00:00.000Z,2025-09-26T02:00:00.000Z,San Jose,CA,US,West San Carlos Street,95126
E0:4F:43:13:3E:64,Ring-133e64,35.95636749,-115.1283493,E0:4F:43,1,unknown,2025-03-25T17:00:00.000Z,2026-05-07T15:00:00.000Z,Henderson,NV,US,Montefiore Wk,89052
E0:4F:43:13:40:51,Ring-134051,32.37563324,-86.21346283,E0:4F:43,1,unknown,2025-07-15T19:00:00.000Z,2026-08-04T23:00:00.000Z,Montgomery,AL,US,Spenseth Drive,36109
E0:4F:43:13:40:CD,Ring-1340cd,29.73253059,-95.50637817,E0:4F:43,1,none,2026-06-05T18:00:00.000Z,2026-06-05T15:00:00.000Z,Houston,TX,US,Stoneybrook Drive,77063
E0:4F:43:13:40:F5,Ring-1340f5,39.17578125,-78.17566681,E0:4F:43,1,unknown,2025-07-06T00:00:00.000Z,2025-07-05T18:00:00.000Z,Winchester,VA,US,Miller Street,22601
E0:4F:43:13:41:B6,Ring-1341b6,36.23094177,-115.07781219,E0:4F:43,1,unknown,2024-02-15T15:00:00.000Z,2026-02-01T18:00:00.000Z,,NV,US,Rive Gauche Street,89030
E0:4F:43:13:4A:0E,Ring-134a0e,45.59677124,-122.47020721,E0:4F:43,1,none,2025-06-29T22:00:00.000Z,2025-07-19T16:00:00.000Z,,WA,US,Northwest Lorenz Street,98683
E0:4F:43:13:4F:E1,Ring-134fe1,47.71009445,-122.21793365,E0:4F:43,1,unknown,2025-01-22T17:00:00.000Z,2025-01-22T10:00:00.000Z,,WA,US,93rd Avenue Northeast,98034
E0:4F:43:13:52:5E,Ring-13525e,37.38839722,-122.00520325,E0:4F:43,1,unknown,2023-09-18T13:00:00.000Z,2024-09-29T09:00:00.000Z,Sunnyvale,CA,US,East Duane Avenue,94088-3453
E0:4F:43:13:5B:FF,Ring-135bff,33.55381775,-112.07390594,E0:4F:43,1,none,2024-02-15T20:00:00.000Z,2025-08-07T18:00:00.000Z,Phoenix,AZ,US,North Central Avenue,85020
E0:4F:43:13:65:ED,Ring-1365ed,33.59703064,-112.0160675,E0:4F:43,1,unknown,2018-10-09T13:00:00.000Z,2025-03-08T20:00:00.000Z,Phoenix,AZ,US,East Cactus Road,85028
E0:4F:43:13:6A:F4,Ring-136af4,33.71373749,-117.77889252,E0:4F:43,1,none,2024-12-09T00:00:00.000Z,2024-12-20T08:00:00.000Z,Irvine,CA,US,Culver Drive,92612
E0:4F:43:13:6D:00,Ring-136d00,30.02240944,-95.56839752,E0:4F:43,1,none,2026-03-07T20:00:00.000Z,2026-07-27T14:00:00.000Z,,TX,US,Bonnie Sean Drive,77379
E0:4F:43:13:76:46,Ring-137646,41.76161194,-71.47491455,E0:4F:43,1,unknown,2025-10-13T18:00:00.000Z,2025-10-13T12:00:00.000Z,,RI,US,Washington Secondary Rail Trail,02920-7533
E0:4F:43:13:77:44,Ring-137744,34.14074326,-117.83491516,E0:4F:43,1,unknown,2025-02-07T23:00:00.000Z,2025-02-08T16:00:00.000Z,Glendora,CA,US,Oaktree Drive,91741
E0:4F:43:13:78:C9,Ring-1378c9,44.01612091,-87.69031525,E0:4F:43,1,unknown,2025-09-06T15:00:00.000Z,2025-10-25T15:00:00.000Z,,WI,US,Lake Shore Road,
E0:4F:43:13:79:2C,Ring-13792c,41.76617813,-87.579422,E0:4F:43,1,unknown,2026-04-10T23:00:00.000Z,2026-08-02T15:00:00.000Z,Chicago,IL,US,East 71st Street,60619
E0:4F:43:13:83:DA,Ring-1383da,33.15938568,-96.72823334,E0:4F:43,1,unknown,2025-05-16T03:00:00.000Z,2025-05-15T21:00:00.000Z,McKinney,TX,US,Silverado Trail,75072
E0:4F:43:13:85:3B,(no SSID),40.77962494,-74.13430786,E0:4F:43,36,none,2025-03-20T15:00:00.000Z,2025-07-07T07:00:00.000Z,,NJ,US,Belleville Turnpike,07031
E0:4F:43:13:86:65,Ring-138665,39.66184998,-119.7180481,E0:4F:43,1,unknown,2023-08-13T22:00:00.000Z,2024-09-26T22:00:00.000Z,,NV,US,Rockin Robin Drive,89441
E0:4F:43:13:89:F2,Ring-1389f2,32.74647141,-117.17147064,E0:4F:43,1,none,2023-12-03T23:00:00.000Z,2025-01-16T18:00:00.000Z,San Diego,CA,US,Goldfinch Street,92103
E0:4F:43:13:8D:44,Ring-138d44,39.66642761,-119.70637512,E0:4F:43,1,unknown,2025-06-06T00:00:00.000Z,2025-08-05T21:00:00.000Z,,NV,US,Spruce Meadows Drive,89441
E0:4F:43:13:8D:AF,Ring-138daf,39.93599701,-75.15364838,E0:4F:43,1,unknown,2021-09-04T11:00:00.000Z,2024-11-25T12:00:00.000Z,Philadelphia,PA,US,South 6th Street,19147
E0:4F:43:13:8F:4C,Ring-138f4c,39.61073685,-119.83863068,E0:4F:43,1,unknown,2023-06-15T17:00:00.000Z,2025-11-21T00:00:00.000Z,Reno,NV,US,Rutherford Drive,89506
E0:4F:43:13:95:E8,Ring-1395e8,33.7494812,-84.35762024,E0:4F:43,1,unknown,2024-03-07T18:00:00.000Z,2025-11-14T16:00:00.000Z,Atlanta,GA,US,Atlanta BeltLine Eastside Trail,30316
E0:4F:43:13:97:22,Ring-139722,25.77558136,-80.25138855,E0:4F:43,1,unknown,2025-12-14T22:00:00.000Z,2026-05-17T19:00:00.000Z,Miami,FL,US,Northwest 3rd Street,33125
E0:4F:43:13:9B:B2,Ring-139bb2,33.78321457,-118.13726807,E0:4F:43,1,unknown,2024-12-18T16:00:00.000Z,2024-12-18T14:00:00.000Z,Long Beach,CA,US,Park Avenue,90804
E0:4F:43:13:9C:53,Ring-139c53,33.87440491,-118.00511932,E0:4F:43,1,unknown,2025-01-15T22:00:00.000Z,2025-01-15T15:00:00.000Z,,CA,US,Rostrata Avenue,90621
E0:4F:43:13:A1:9D,Ring-13a19d,37.88972473,-122.27957916,E0:4F:43,1,none,2024-02-17T05:00:00.000Z,2026-03-16T12:00:00.000Z,Berkeley,CA,US,Marin Avenue,94707
E0:4F:43:13:A4:31,Ring-13a431,33.82493973,-118.10018921,E0:4F:43,1,unknown,2024-12-17T21:00:00.000Z,2024-12-17T16:00:00.000Z,Long Beach,CA,US,Petaluma Avenue,90808
E0:4F:43:13:A7:2B,Ring-13a72b,35.692379,-105.94055939,E0:4F:43,1,unknown,2025-01-23T15:00:00.000Z,2025-02-01T18:00:00.000Z,Santa Fe,NM,US,Paseo de Peralta,87501
E0:4F:43:13:A8:83,Ring-13a883,44.87631989,-93.03649902,E0:4F:43,1,unknown,2026-02-02T21:00:00.000Z,2026-06-13T08:00:00.000Z,,MN,US,9th Street South,55075
E0:4F:43:13:A9:0F,Ring-13a90f,40.71326447,-74.06438446,E0:4F:43,1,none,2024-07-06T00:00:00.000Z,2024-08-28T20:00:00.000Z,Jersey City,NJ,US,Woodward Street,07304
E0:4F:43:13:AD:AC,Ring Setup ac,37.25040817,-122.00184631,E0:4F:43,1,unknown,2024-03-24T00:00:00.000Z,2025-01-15T17:00:00.000Z,,CA,US,Sobey Road,95070-5163
E0:4F:43:13:B9:38,Ring-13b938,39.75296021,-104.97774506,E0:4F:43,1,unknown,2025-08-13T23:00:00.000Z,2026-02-17T19:00:00.000Z,Denver,CO,US,Washington Street,80205
E0:4F:43:13:BC:33,Ring-13bc33,34.09914017,-117.70048523,E0:4F:43,1,none,2025-02-08T17:00:00.000Z,2026-06-30T17:00:00.000Z,,CA,US,College Park Drive,91711
E0:4F:43:13:BD:0A,Ring-13bd0a,36.0107193,-115.26898956,E0:4F:43,1,none,2024-05-01T15:00:00.000Z,2024-09-05T13:00:00.000Z,,NV,US,Sunflower Hill Street,89178
E0:4F:43:13:C0:1E,Ring-13c01e,39.86458206,-105.27142334,E0:4F:43,1,unknown,2026-01-09T17:00:00.000Z,2026-01-30T13:00:00.000Z,,CO,US,Eastridge Road,
E0:4F:43:13:C2:67,Ring-13c267,34.8734436,-82.29743195,E0:4F:43,1,unknown,2026-01-09T19:00:00.000Z,2026-01-09T12:00:00.000Z,,SC,US,Rosebud Lane,29650
E0:4F:43:13:C3:47,Ring-13c347,41.24941254,-73.03652191,E0:4F:43,1,unknown,2025-11-12T22:00:00.000Z,2025-11-12T16:00:00.000Z,,CT,US,Robert Dennis Drive,06461
E0:4F:43:13:C3:75,Ring-13c375,29.91267586,-95.65110016,E0:4F:43,1,none,2026-06-15T00:00:00.000Z,2026-06-14T21:00:00.000Z,,TX,US,Green Castle Way,77095
E0:4F:43:13:C4:7A,Ring-13c47a,34.1497345,-118.16120148,E0:4F:43,1,unknown,2024-06-18T21:00:00.000Z,2025-06-17T20:00:00.000Z,Pasadena,CA,US,North Orange Grove Boulevard,91105-1825
E0:4F:43:13:C8:BD,,40.84830856,-73.37703705,E0:4F:43,0,unknown,2025-08-16T02:00:00.000Z,2025-08-15T21:00:00.000Z,,NY,US,Park Avenue,11743
E0:4F:43:13:C9:69,Ring-13c969,30.37993813,-91.26554108,E0:4F:43,1,unknown,2026-05-21T00:00:00.000Z,2026-05-25T13:00:00.000Z,,LA,US,Stonewall Drive,70719
E0:4F:43:13:C9:FC,Ring-13c9fc,39.95772552,-74.07603455,E0:4F:43,1,unknown,2026-06-02T21:00:00.000Z,2026-06-04T16:00:00.000Z,,NJ,US,Dellmuth Avenue,08751
E0:4F:43:13:CE:5F,Ring-13ce5f,-38.10391617,145.3319397,E0:4F:43,1,unknown,2025-06-23T21:00:00.000Z,2025-10-13T09:00:00.000Z,Melbourne,Victoria,AU,Hardys Road,3978
E0:4F:43:13:D4:7E,Ring-13d47e,36.24316788,-115.29751587,E0:4F:43,1,unknown,2024-02-21T14:00:00.000Z,2025-05-29T20:00:00.000Z,Las Vegas,NV,US,,89129
E0:4F:43:13:D5:EA,Ring-13d5ea,29.79888535,-95.3991394,E0:4F:43,1,none,2026-02-06T19:00:00.000Z,2026-06-19T16:00:00.000Z,Houston,TX,US,Yale Street,77008
E0:4F:43:13:D8:78,Ring-13d878,44.02580261,-79.42182922,E0:4F:43,1,unknown,2026-07-16T15:00:00.000Z,2026-07-16T17:00:00.000Z,,Ontario,CA,Leslie Street,L4G 7B7
E0:4F:43:13:DB:3E,Ring-13db3e,29.52998543,-95.35967255,E0:4F:43,1,none,2026-01-15T17:00:00.000Z,2026-01-15T13:00:00.000Z,,TX,US,Bailey Road,77584
E0:4F:43:13:DF:45,Ring-13df45,33.48310471,-117.12839508,E0:4F:43,1,unknown,2024-08-30T22:00:00.000Z,2024-11-29T16:00:00.000Z,Temecula,CA,US,Cabrillo Avenue,92530-2703
E0:4F:43:13:E1:A2,Ring-13e1a2,41.96767426,-87.68074799,E0:4F:43,1,unknown,2025-01-08T17:00:00.000Z,2025-01-14T15:00:00.000Z,Chicago,IL,US,North Seeley Avenue,60625
E0:4F:43:13:E2:1F,Ring-13e21f,35.60651779,-97.66075897,E0:4F:43,1,unknown,2024-10-06T14:00:00.000Z,2024-10-06T08:00:00.000Z,Oklahoma City,OK,US,Carriage Way,73162
E0:4F:43:13:E2:6E,Ring-13e26e,40.12388229,-88.31464386,E0:4F:43,1,unknown,2024-08-18T16:00:00.000Z,2024-08-18T14:00:00.000Z,Champaign,IL,US,North Staley Road,61822
E0:4F:43:13:E3:52,Ring-13e352,36.09515381,-79.828125,E0:4F:43,1,none,2025-12-14T17:00:00.000Z,2025-12-14T09:00:00.000Z,Greensboro,NC,US,West Cornwallis Drive,27408
E0:4F:43:13:E4:15,Ring-13e415,42.26118469,-71.77944946,E0:4F:43,1,unknown,2024-02-19T01:00:00.000Z,2026-07-27T05:00:00.000Z,Worcester,MA,US,Dell Avenue,01604
E0:4F:43:13:E5:3E,Ring-13e53e,45.49546814,-73.60179901,E0:4F:43,1,unknown,2025-04-20T07:00:00.000Z,2026-07-28T22:00:00.000Z,Montréal,Québec,CA,Chemin de la Côte-des-Neiges,H3V 1E7
E0:4F:43:13:E6:54,Ring-13e654,34.03224945,-118.39956665,E0:4F:43,1,unknown,2024-10-31T22:00:00.000Z,2024-10-31T21:00:00.000Z,Los Angeles,CA,US,Castle Heights Avenue,90034
E0:4F:43:13:EC:1E,Ring-13ec1e,34.96947098,-82.32871246,E0:4F:43,1,unknown,2024-09-04T18:00:00.000Z,2025-04-19T17:00:00.000Z,,SC,US,East Darby Road,29687
E0:4F:43:13:EE:5B,Ring-13ee5b,30.07641792,-94.18076324,E0:4F:43,1,unknown,2025-05-01T00:00:00.000Z,2025-04-30T18:00:00.000Z,Beaumont,TX,US,Chelsea Place,77706
E0:4F:43:13:F0:90,Ring-13f090,48.9201889,-122.31620026,E0:4F:43,1,unknown,2024-12-06T14:00:00.000Z,2024-12-07T18:00:00.000Z,,WA,US,South Pass Road,98276-8201
E0:4F:43:13:F0:D6,Ring-13f0d6,40.42943954,-80.05356598,E0:4F:43,1,unknown,2024-09-22T22:00:00.000Z,2024-09-22T17:00:00.000Z,Pittsburgh,PA,US,Noblestown Road,15205
E0:4F:43:13:F7:69,Ring-13f769,39.60937119,-104.86112976,E0:4F:43,1,unknown,2023-07-15T07:00:00.000Z,2025-12-14T19:00:00.000Z,Centennial,CO,US,East Orchard Road,80111-5709
E0:4F:43:13:F8:FF,Ring-13f8ff,37.45952606,-122.16152191,E0:4F:43,1,none,2023-06-26T07:00:00.000Z,2026-07-11T15:00:00.000Z,,CA,US,Willow Road,94301-2019
E0:4F:43:16:77:3B,,40.67004395,-73.39892578,E0:4F:43,1,unknown,2025-03-29T12:00:00.000Z,2025-03-29T06:00:00.000Z,,NY,US,North Emerson Avenue,11726
E0:4F:43:16:78:C0,,27.72764397,-82.63491058,E0:4F:43,2,unknown,2025-11-26T00:00:00.000Z,2025-11-26T13:00:00.000Z,Saint Petersburg,FL,US,Lewis Boulevard Southeast,33705
E0:4F:43:16:86:F1,,37.52565765,-120.79380035,E0:4F:43,3,unknown,2023-05-28T20:00:00.000Z,2024-09-03T15:00:00.000Z,,CA,US,North Gratton Road,
E0:4F:43:16:9D:04,,35.82128143,-90.67845154,E0:4F:43,6,wpa2,2026-07-17T03:00:00.000Z,2026-08-03T23:00:00.000Z,Jonesboro,AR,US,East Highland Drive,72401
E0:4F:43:17:27:20,,35.8215332,-90.67860413,E0:4F:43,6,wpa2,2026-07-17T03:00:00.000Z,2026-07-22T18:00:00.000Z,Jonesboro,AR,US,East Highland Drive,72401
E0:4F:43:17:3D:5A,,33.78950882,-117.90686035,E0:4F:43,1,wpa2,2026-08-01T19:00:00.000Z,2026-08-01T12:00:00.000Z,Garden Grove,CA,US,Firebrand Circle,92840
E0:4F:43:17:64:B9,,-27.64191818,152.86065674,E0:4F:43,3,unknown,2025-07-27T02:00:00.000Z,2025-07-26T20:00:00.000Z,Ipswich City,Queensland,AU,Glen Brae Street,4301
E0:4F:43:17:6F:E1,,-33.76872253,150.90429688,E0:4F:43,11,unknown,2024-08-10T08:00:00.000Z,2024-08-10T16:00:00.000Z,Sydney,New South Wales,AU,Balmoral Street,2148
E0:4F:43:17:7C:2D,,40.82472992,-73.24026489,E0:4F:43,2,unknown,2025-02-20T16:00:00.000Z,2025-02-20T09:00:00.000Z,,NY,US,Gull Drive,11788
E0:4F:43:17:95:EB,,39.8202858,-85.82411194,E0:4F:43,1,wpa2,2026-07-09T14:00:00.000Z,2026-07-09T08:00:00.000Z,,IN,US,I 70,46140-0010
E0:4F:43:17:9D:67,,36.27560425,-115.18426514,E0:4F:43,0,unknown,2024-08-11T20:00:00.000Z,2025-05-14T16:00:00.000Z,North Las Vegas,NV,US,Ferrell Street,89031
E0:4F:43:17:B8:3B,,41.56976318,-93.81324005,E0:4F:43,3,unknown,2026-05-01T07:00:00.000Z,2026-05-01T21:00:00.000Z,West Des Moines,IA,US,Beechtree Lane,50266
E0:4F:43:17:BE:0A,,45.42749023,-122.77753448,E0:4F:43,11,wpa2,2026-07-05T19:00:00.000Z,2026-07-11T12:00:00.000Z,Tigard,OR,US,Southwest Pacific Highway,97223
E0:4F:43:18:7B:AF,,36.08976364,-115.30413818,E0:4F:43,0,unknown,2024-08-04T17:00:00.000Z,2024-08-11T14:00:00.000Z,,NV,US,Lexie Drive,89148
E0:4F:43:18:9E:10,,37.55696106,-97.27936554,E0:4F:43,1,unknown,2026-04-30T23:00:00.000Z,2026-05-02T18:00:00.000Z,,KS,US,Wild Turkey Drive,67037
E0:4F:43:18:A1:1E,,40.69824982,-73.49640656,E0:4F:43,4,unknown,2025-04-06T18:00:00.000Z,2025-04-06T13:00:00.000Z,,NY,US,Twin Lane North,11793
E0:4F:43:18:A5:97,,40.66346359,-73.57471466,E0:4F:43,3,unknown,2025-07-27T22:00:00.000Z,2025-07-27T18:00:00.000Z,,NY,US,Frederick Avenue,11520
E0:4F:43:18:AB:39,,41.24064255,-73.16192627,E0:4F:43,5,unknown,2026-05-10T17:00:00.000Z,2026-05-10T13:00:00.000Z,,CT,US,Huntington Turnpike,06611
E0:4F:43:18:B1:F9,,36.95026779,-77.73161316,E0:4F:43,7,unknown,2025-07-11T13:00:00.000Z,2025-07-20T17:00:00.000Z,,VA,US,Boydton Plank Road,23872
E0:4F:43:1D:4A:7B,SmartGate_520232,48.16885757,17.15753555,E0:4F:43,6,wpa2,2026-07-19T18:00:00.000Z,2026-07-20T05:00:00.000Z,Bratislava,Bratislavský kraj,SK,Rožňavská,831 04
E0:4F:43:1D:4B:81,SmartGate_167236,60.15197754,24.6538105,E0:4F:43,6,wpa2,2017-11-05T13:00:00.000Z,2025-09-18T07:00:00.000Z,Espoo,Manner-Suomi,FI,Kajuuttakuja,02320
E0:4F:43:1D:4E:E6,SmartGate_523661,49.98667908,15.20328045,E0:4F:43,6,wpa2,2018-12-04T10:00:00.000Z,2024-11-18T03:00:00.000Z,,Střední Čechy,CZ,U Nádraží,281 21
E0:4F:43:1D:4E:F6,SmartGate_523373,47.53730011,19.05751991,E0:4F:43,6,wpa2,2022-12-23T12:00:00.000Z,2025-07-03T03:00:00.000Z,,Budapest,HU,Schulek Frigyes sétány,1007
E0:4F:43:1D:4F:06,SmartGate_159881,60.20053101,24.98311806,E0:4F:43,6,wpa2,2017-03-10T16:00:00.000Z,2025-09-07T10:00:00.000Z,Helsinki,Manner-Suomi,FI,,00580
E0:4F:43:1D:4F:0D,SmartGate_520950,52.43096542,16.95484161,E0:4F:43,6,wpa2,2022-02-27T15:00:00.000Z,2025-12-26T08:00:00.000Z,,województwo wielkopolskie,PL,Serbska,61-623
E0:4F:43:1D:4F:26,SmartGate_703751,50.44525146,12.16204548,E0:4F:43,6,wpa2,2026-04-11T13:00:00.000Z,2026-04-11T07:00:00.000Z,,Sachsen,DE,A 72,08527
E0:4F:43:1D:4F:30,SmartGate_108558,49.10872269,16.37179756,E0:4F:43,6,wpa2,2025-09-19T09:00:00.000Z,2025-09-19T13:00:00.000Z,,Jihovýchod,CZ,Padochovská,66491
E0:4F:43:1D:4F:38,SmartGate_108623,61.05702209,28.19004822,E0:4F:43,6,wpa2,2024-03-01T14:00:00.000Z,2026-05-29T15:00:00.000Z,Lappeenranta,Manner-Suomi,FI,Kansalaistori,
E0:4F:43:1D:4F:54,SmartGate_123076,49.18229675,17.7108593,E0:4F:43,6,wpa2,2018-08-29T17:00:00.000Z,2025-09-28T08:00:00.000Z,,Střední Morava,CZ,,76345
E0:4F:43:1D:4F:5B,SmartGate_174484,49.76707458,6.60072947,E0:4F:43,6,wpa2,2024-05-10T04:00:00.000Z,2025-10-17T11:00:00.000Z,,Rheinland-Pfalz,DE,Schlittenweg,54311
E0:4F:43:1D:4F:B1,SmartGate_521393,50.50665283,13.94783783,E0:4F:43,6,wpa2,2020-01-03T14:00:00.000Z,2024-11-25T00:00:00.000Z,,Severozápad,CZ,2587,41114
E0:4F:43:1D:4F:B7,SmartGate_122848,47.45849991,9.52047253,E0:4F:43,6,wpa2,2023-08-10T14:00:00.000Z,2026-06-01T09:00:00.000Z,Eggersriet,Sankt Gallen,CH,Gochtweg,9036
E0:4F:43:1D:4F:B9,SmartGate_527666,50.10914993,14.52227592,E0:4F:43,6,wpa2,2017-05-10T21:00:00.000Z,2025-08-05T06:00:00.000Z,Hlavní město Praha,Praha,CZ,Kolbenova,19007
E0:4F:43:1D:4F:CF,SmartGate_174307,60.225811,25.06904793,E0:4F:43,6,wpa2,2022-11-23T16:00:00.000Z,2026-05-11T06:00:00.000Z,Helsinki,Manner-Suomi,FI,Karistimentie,00920
E0:4F:43:1D:4F:E7,SmartGate_528319,52.05862045,8.65729141,E0:4F:43,6,wpa2,2025-02-18T17:00:00.000Z,2025-02-18T09:00:00.000Z,,Nordrhein-Westfalen,DE,Ostwestfalenstraße,32107
E0:4F:43:1D:4F:EE,SMARTGATE_123456,60.23822784,24.88058472,E0:4F:43,6,wpa2,2017-06-14T08:00:00.000Z,2026-07-13T02:00:00.000Z,Helsinki,Manner-Suomi,FI,Kaustisentie,00420
E0:4F:43:1D:4F:F4,SmartGate_527449,61.45236969,23.76714516,E0:4F:43,6,wpa2,2017-03-10T16:00:00.000Z,2025-08-22T07:00:00.000Z,Tampere,Manner-Suomi,FI,,33841
E0:4F:43:1D:50:0B,SmartGate_154702,60.22195435,24.87991905,E0:4F:43,6,wpa2,2017-12-29T20:00:00.000Z,2025-03-01T08:00:00.000Z,Helsinki,Manner-Suomi,FI,Vihdintie,00380
E0:4F:43:1D:50:3B,SmartGate_150222,49.61408997,6.11512899,E0:4F:43,6,wpa2,2025-11-22T06:00:00.000Z,2025-11-22T08:00:00.000Z,Luxembourg,Canton Luxembourg,LU,Route d'Arlon,1140
E0:4F:43:1D:50:42,SmartGate_530196,50.96060944,10.99134922,E0:4F:43,6,wpa2,2025-04-12T15:00:00.000Z,2025-04-12T16:00:00.000Z,Erfurt,Thüringen,DE,Gothaer Straße,99094
E0:4F:43:1D:50:5A,SmartGate_160454,50.31288147,7.23977661,E0:4F:43,6,wpa2,2025-06-12T05:00:00.000Z,2025-12-23T11:00:00.000Z,,Rheinland-Pfalz,DE,B 262,56727
E0:4F:43:1D:50:62,SmartGate_166367,61.47063446,23.85907745,E0:4F:43,6,wpa2,2017-07-14T18:00:00.000Z,2024-09-09T03:00:00.000Z,Tampere,Manner-Suomi,FI,Tampereen itäinen kehätie,33710
E0:4F:43:1D:50:81,SmartGate_164499,61.47790527,23.80304337,E0:4F:43,6,wpa2,2017-04-07T18:00:00.000Z,2026-06-04T07:00:00.000Z,Tampere,Manner-Suomi,FI,Seppäläntie,33800
E0:4F:43:1D:50:AD,SmartGate_160593,61.92340469,25.16945648,E0:4F:43,6,wpa2,2021-05-10T12:00:00.000Z,2025-12-28T06:00:00.000Z,,Manner-Suomi,FI,Koskenväylä,42300
E0:4F:43:1D:50:B6,SmartGate_157028,60.17256165,24.70795441,E0:4F:43,6,wpa2,2018-04-26T16:00:00.000Z,2026-05-29T07:00:00.000Z,Espoo,Manner-Suomi,FI,Holmanmäki,02240
E0:4F:43:1D:50:C6,SmartGate_527344,49.15377808,16.63006592,E0:4F:43,6,wpa2,2017-08-24T13:00:00.000Z,2026-07-14T12:00:00.000Z,Brno,Jihovýchod,CZ,D2,61700
E0:4F:43:1D:51:42,SmartGate_173076,62.60095596,29.76595116,E0:4F:43,6,wpa2,2018-07-27T16:00:00.000Z,2025-09-26T09:00:00.000Z,Joensuu,Manner-Suomi,FI,Rantakatu,80100
E0:4F:43:1D:51:D1,SmartGate_046072,50.06747437,14.4592123,E0:4F:43,6,wpa2,2017-08-26T12:00:00.000Z,2024-08-26T03:00:00.000Z,Hlavní město Praha,Praha,CZ,Vršovická,10100
E0:4F:43:1D:55:B0,SmartGate_047355,51.54133606,14.74008656,E0:4F:43,6,wpa2,2025-02-08T15:00:00.000Z,2025-02-08T08:00:00.000Z,,województwo lubuskie,PL,1 Maja,68-208
E0:4F:43:1D:55:C0,SmartGate_540518,60.30839157,24.92688751,E0:4F:43,6,wpa2,2017-06-17T10:00:00.000Z,2025-07-08T11:00:00.000Z,,Manner-Suomi,FI,Läntinen huoltotie,01590
E0:4F:43:1D:55:D3,SmartGate_175443,47.90337753,10.8820858,E0:4F:43,6,wpa2,2017-04-24T07:00:00.000Z,2024-10-21T12:00:00.000Z,,Bayern,DE,B 17,86920
E0:4F:43:1D:55:DA,SmartGate_528146,67.13405609,16.06783676,E0:4F:43,6,wpa2,2017-05-16T07:00:00.000Z,2026-02-14T10:00:00.000Z,,Nordland,NO,Langvannsveien,8230
E0:4F:43:1D:55:EA,SmartGate_540145,49.3928566,15.59378624,E0:4F:43,6,wpa2,2019-09-08T15:00:00.000Z,2025-04-11T10:00:00.000Z,Jihlava,Jihovýchod,CZ,Hradební,586 01
E0:4F:43:1D:55:F2,SMARTGATE_123456,60.23337555,24.86819077,E0:4F:43,6,wpa2,2018-08-31T15:00:00.000Z,2025-06-05T05:00:00.000Z,Helsinki,Manner-Suomi,FI,Kehä I,00440
E0:4F:43:1D:56:08,SmartGate_047444,61.50730515,23.77445793,E0:4F:43,6,wpa2,2024-12-19T13:00:00.000Z,2025-02-06T05:00:00.000Z,Tampere,Manner-Suomi,FI,Kekkosentie,33180
E0:4F:43:1D:56:18,SmartGate_525387,60.19748688,24.97909164,E0:4F:43,6,wpa2,2019-07-25T07:00:00.000Z,2026-02-23T07:00:00.000Z,Helsinki,Manner-Suomi,FI,,00580
E0:4F:43:1D:56:1A,SmartGate_025510,50.09489059,14.45671558,E0:4F:43,6,wpa2,2019-06-08T11:00:00.000Z,2026-07-03T07:00:00.000Z,Hlavní město Praha,Praha,CZ,Sokolovská,18600
E0:4F:43:1D:56:22,SmartGate_528826,45.79963684,15.9742794,E0:4F:43,6,wpa2,2024-10-08T08:00:00.000Z,2024-10-08T04:00:00.000Z,Zagreb,Martinovka,HR,Ulica grada Vukovara,10126
E0:4F:43:1D:56:25,SmartGate_161033,61.06122971,28.23558235,E0:4F:43,6,wpa2,2020-11-28T10:00:00.000Z,2026-05-15T14:00:00.000Z,Lappeenranta,Manner-Suomi,FI,Standertskjöldinkatu,53200
E0:4F:43:1D:56:29,SmartGate_527718,47.02889633,28.83863068,E0:4F:43,6,wpa2,2017-06-20T18:00:00.000Z,2025-06-30T07:00:00.000Z,Chișinău,Sectorul Rîșcani,MD,Bulevardul Grigore Vieru,MD-2005
E0:4F:43:1D:56:31,SmartGate_528166,61.0076561,24.43106461,E0:4F:43,6,wpa2,2019-02-15T14:00:00.000Z,2025-07-20T12:00:00.000Z,Hämeenlinna,Manner-Suomi,FI,Helsinki-Tampere valtatie,13600
E0:4F:43:1D:56:3C,SmartGate_047238,49.19216156,16.69263458,E0:4F:43,6,wpa2,2024-04-30T15:00:00.000Z,2024-08-30T01:00:00.000Z,Brno,Jihovýchod,CZ,Drčkova,62800
E0:4F:43:1D:56:43,SmartGate_530095,60.40904999,25.09213829,E0:4F:43,6,wpa2,2017-03-13T16:00:00.000Z,2025-12-02T11:00:00.000Z,,Manner-Suomi,FI,Metsolantie,04230
E0:4F:43:1D:56:4C,SmartGate_162652,60.42308044,22.28447533,E0:4F:43,6,wpa2,2001-12-28T13:00:00.000Z,2026-02-06T09:00:00.000Z,Turku,Manner-Suomi,FI,Lauklähteenkatu,20740
E0:4F:43:1D:56:52,SmartGate_162805,60.25486374,24.80263329,E0:4F:43,6,wpa2,2019-09-30T17:00:00.000Z,2026-03-27T13:00:00.000Z,,Manner-Suomi,FI,Rajatorpantie,01640
E0:4F:43:1D:56:AC,SmartGate_526887,48.7408638,9.32633686,E0:4F:43,6,wpa2,2001-01-01T01:00:00.000Z,2026-06-24T23:00:00.000Z,,Baden-Württemberg,DE,Wielandstraße,73728
E0:4F:43:1D:56:B1,SMARTGATE_123456,50.0669899,9.03870964,E0:4F:43,6,wpa2,2024-10-14T05:00:00.000Z,2024-11-22T14:00:00.000Z,,Bayern,DE,A 45,63755
E0:4F:43:1D:56:B2,SmartGate_154841,53.58362198,10.03171444,E0:4F:43,6,wpa2,2017-07-29T14:00:00.000Z,2025-12-19T10:00:00.000Z,Hamburg,Barmbek-Süd,DE,Weberstraße,22083
E0:4F:43:1D:56:B6,SmartGate_118066,51.04626465,13.79916382,E0:4F:43,6,wpa2,2026-05-06T11:00:00.000Z,2026-06-14T07:00:00.000Z,Dresden,Sachsen,DE,Ermelstraße,01277
E0:4F:43:1D:56:BC,SmartGate_113746,51.52823257,0.09402485,E0:4F:43,6,wpa2,2018-12-10T07:00:00.000Z,2024-12-21T14:00:00.000Z,London,England,GB,River Road,IG11 0JE
E0:4F:43:1D:56:BD,SmartGate_161974,61.49452209,23.75332642,E0:4F:43,6,wpa2,2018-09-10T18:00:00.000Z,2025-04-22T17:00:00.000Z,Tampere,Manner-Suomi,FI,Hämeenpuisto,33200
E0:4F:43:1D:56:BF,SmartGate_113658,62.20312881,25.70869827,E0:4F:43,6,wpa2,2018-10-02T17:00:00.000Z,2025-08-16T10:00:00.000Z,Jyväskylä,Manner-Suomi,FI,Ysitie,40101
E0:4F:43:1D:56:C2,SmartGate_520361,43.03781509,25.15523148,E0:4F:43,6,wpa2,2001-01-01T02:00:00.000Z,2025-01-03T06:00:00.000Z,,Габрово,BG,4,5400
E0:4F:43:1D:56:C4,SmartGate_164282,60.15023804,24.64897346,E0:4F:43,6,wpa2,2017-10-17T16:00:00.000Z,2026-07-01T05:00:00.000Z,Espoo,Manner-Suomi,FI,Kipparinkatu,02320
E0:4F:43:1D:56:C7,SmartGate_149071,49.5941658,17.27169991,E0:4F:43,6,wpa2,2019-02-15T20:00:00.000Z,2024-11-20T08:00:00.000Z,Olomouc,Střední Morava,CZ,Masarykova třída,779 00
E0:4F:43:1D:56:C9,SmartGate_164815,63.10525513,21.64052582,E0:4F:43,6,wpa2,2023-07-27T16:00:00.000Z,2024-12-17T06:00:00.000Z,Vaasa,Manner-Suomi,FI,Pyynkatu,65300
E0:4F:43:1D:56:CD,SmartGate_118180,51.25616837,6.97801971,E0:4F:43,6,wpa2,2018-05-14T16:00:00.000Z,2025-12-01T13:00:00.000Z,,Nordrhein-Westfalen,DE,Schwarzbachstraße,40822
E0:4F:43:1D:56:CE,SmartGate_166544,60.22459412,24.61392784,E0:4F:43,6,wpa2,2018-01-17T15:00:00.000Z,2025-02-02T11:00:00.000Z,Espoo,Manner-Suomi,FI,Turunväylä,02810
E0:4F:43:1D:56:D2,SmartGate_120617,50.3043251,11.76760864,E0:4F:43,6,wpa2,2017-07-14T16:00:00.000Z,2025-04-02T07:00:00.000Z,,Bayern,DE,,95152
E0:4F:43:1D:56:D3,SmartGate_153145,60.16735458,24.75492096,E0:4F:43,6,wpa2,2017-05-21T17:00:00.000Z,2026-07-25T06:00:00.000Z,Espoo,Manner-Suomi,FI,Niittykummuntie,02200
E0:4F:43:1D:56:D5,SmartGate_149032,51.96186066,7.59607697,E0:4F:43,6,wpa2,2018-07-23T14:00:00.000Z,2025-09-25T08:00:00.000Z,Münster,Nordrhein-Westfalen,DE,Albert-Schweitzer-Straße,48149
E0:4F:43:1D:56:D7,SmartGate_531284,61.0698204,24.30210876,E0:4F:43,6,wpa2,2025-12-27T13:00:00.000Z,2025-12-27T06:00:00.000Z,,Manner-Suomi,FI,Helsinki-Tampere valtatie,13720
E0:4F:43:1D:56:D9,SmartGate_158656,62.60777283,29.7820797,E0:4F:43,6,wpa2,2017-09-11T09:00:00.000Z,2026-04-24T07:00:00.000Z,Joensuu,Manner-Suomi,FI,Utrantie,80210
E0:4F:43:1D:56:E0,SmartGate_521025,59.6257019,16.82982254,E0:4F:43,6,wpa2,2017-06-15T08:00:00.000Z,2025-08-12T09:00:00.000Z,,Västmanlands län,SE,E 18,
E0:4F:43:1D:56:E1,SmartGate_157387,60.21765518,25.04277039,E0:4F:43,6,wpa2,2021-07-19T18:00:00.000Z,2026-05-11T06:00:00.000Z,Helsinki,Manner-Suomi,FI,,00810
E0:4F:43:1D:56:E2,SmartGate_164480,52.30817795,10.70280838,E0:4F:43,6,wpa2,2019-02-09T16:00:00.000Z,2026-07-21T03:00:00.000Z,,Niedersachsen,DE,A 2,38165
E0:4F:43:1D:56:E5,SmartGate_526982,60.60425186,15.62797737,E0:4F:43,6,wpa2,2022-11-24T16:00:00.000Z,2025-04-25T06:00:00.000Z,Falun,Dalarnas län,SE,Engelbrektsgatan,791 60
E0:4F:43:1D:56:EF,SmartGate_521604,59.76478195,18.70389748,E0:4F:43,6,wpa2,2024-10-18T12:00:00.000Z,2024-10-29T06:00:00.000Z,,Stockholms län,SE,Kråkbrinken,761 31
E0:4F:43:1D:56:F7,SmartGate_154993,61.47512054,23.75695419,E0:4F:43,6,wpa2,2017-03-10T14:00:00.000Z,2026-07-07T05:00:00.000Z,Tampere,Manner-Suomi,FI,Tuomikuja,33900
E0:4F:43:1D:56:FC,SmartGate_045575,51.08798218,4.36088896,E0:4F:43,6,wpa2,2025-03-03T15:00:00.000Z,2025-03-03T07:00:00.000Z,,Antwerpen,BE,A12,2850
E0:4F:43:1D:56:FD,SmartGate_154352,60.17248917,24.8439312,E0:4F:43,6,wpa2,2017-07-15T11:00:00.000Z,2025-10-08T06:00:00.000Z,Espoo,Manner-Suomi,FI,,02150
E0:4F:43:1D:56:FF,SmartGate_157102,48.99289703,14.46866798,E0:4F:43,6,wpa2,2024-12-02T16:00:00.000Z,2025-11-30T10:00:00.000Z,České Budějovice,Jihozápad,CZ,Strakonická,370 21
E0:4F:43:1D:57:00,SmartGate_157975,62.24469757,25.76575661,E0:4F:43,6,wpa2,2017-05-12T16:00:00.000Z,2026-07-12T09:00:00.000Z,Jyväskylä,Manner-Suomi,FI,Jyväsjärven rantaraitti,40100
E0:4F:43:1D:57:06,SmartGate_149692,46.66807556,11.18523884,E0:4F:43,6,wpa2,2026-05-20T10:00:00.000Z,2026-05-20T12:00:00.000Z,,Trentino-Alto Adige/Südtirol,IT,LS/SP8,39012
E0:4F:43:1D:57:0B,SmartGate_163963,50.33727646,13.00999737,E0:4F:43,6,wpa2,2017-08-02T14:00:00.000Z,2026-06-11T05:00:00.000Z,,Severozápad,CZ,2238,362 73
E0:4F:43:1D:57:0D,SmartGate_151544,60.24086761,24.98690605,E0:4F:43,6,wpa2,2019-08-14T16:00:00.000Z,2026-04-27T11:00:00.000Z,Helsinki,Manner-Suomi,FI,Rälssintie,00720
E0:4F:43:1D:57:0F,SmartGate_519123,59.73942566,18.16422272,E0:4F:43,6,wpa2,2017-05-26T12:00:00.000Z,2026-06-27T11:00:00.000Z,,Stockholms län,SE,Uppsalavägen,762 95
E0:4F:43:1D:57:17,SmartGate_124831,51.01533508,13.7717762,E0:4F:43,6,wpa2,2024-09-29T12:00:00.000Z,2024-09-29T05:00:00.000Z,Dresden,Sachsen,DE,Dohnaer Straße,01219
E0:4F:43:1D:57:1A,SmartGate_025807,49.74829483,13.37670708,E0:4F:43,6,wpa2,2021-06-08T15:00:00.000Z,2026-04-07T07:00:00.000Z,Plzeň,Jihozápad,CZ,Solní,30100
E0:4F:43:1D:57:1B,SmartGate_161586,61.48633194,23.86704445,E0:4F:43,6,wpa2,2017-03-15T13:00:00.000Z,2024-11-15T04:00:00.000Z,Tampere,Manner-Suomi,FI,Yli-Heikkilänkatu,33560
E0:4F:43:1D:57:1C,SmartGate_122249,63.09527969,21.64034462,E0:4F:43,6,wpa2,2018-05-01T15:00:00.000Z,2026-02-05T08:00:00.000Z,Vaasa,Manner-Suomi,FI,Myllärinkatu,65350
E0:4F:43:1D:57:1D,SmartGate_154134,60.19519043,25.01482964,E0:4F:43,6,wpa2,2017-05-13T17:00:00.000Z,2025-09-27T08:00:00.000Z,Helsinki,Manner-Suomi,FI,,00881
E0:4F:43:1D:57:21,SmartGate_527008,59.55773163,16.72280502,E0:4F:43,6,wpa2,2018-01-02T13:00:00.000Z,2025-06-20T07:00:00.000Z,Västerås,Västmanlands län,SE,,725 97
E0:4F:43:1D:57:23,SmartGate_524264,59.36156464,17.97746849,E0:4F:43,6,wpa2,2018-11-25T15:00:00.000Z,2026-03-18T04:00:00.000Z,,Stockholms län,SE,Ekensbergsvägen,172 30
E0:4F:43:1D:57:27,SmartGate_519197,59.30521393,18.13481712,E0:4F:43,6,wpa2,2019-06-29T13:00:00.000Z,2025-05-28T13:00:00.000Z,,Stockholms län,SE,Järlaleden,131 38
E0:4F:43:1D:57:2A,SmartGate_161686,47.37711334,8.53717041,E0:4F:43,6,wpa2,2018-07-04T18:00:00.000Z,2025-10-17T07:00:00.000Z,Zürich,Zürich,CH,Gessnerallee,8001
E0:4F:43:1D:57:2E,SmartGate_158344,61.5307312,21.80511284,E0:4F:43,6,wpa2,2019-08-02T10:00:00.000Z,2026-06-27T06:00:00.000Z,Pori,Manner-Suomi,FI,Vaasantie,29570
E0:4F:43:1D:57:31,SmartGate_149696,47.50092697,19.1080761,E0:4F:43,6,wpa2,2019-05-21T17:00:00.000Z,2026-02-01T11:00:00.000Z,,Budapest,HU,Hungária körút,1143
E0:4F:43:1D:57:32,SmartGate_540413,53.83057022,-1.82109571,E0:4F:43,6,wpa2,2017-10-23T08:00:00.000Z,2026-02-14T04:00:00.000Z,Bradford,England,GB,Cottingley New Road,BD16 1TQ
E0:4F:43:1D:57:35,SmartGate_113996,49.38004684,8.23963928,E0:4F:43,6,wpa2,2025-10-14T15:00:00.000Z,2026-05-17T15:00:00.000Z,,Rheinland-Pfalz,DE,A 65,67435
E0:4F:43:1D:57:37,SmartGate_158042,60.22650909,24.95440674,E0:4F:43,6,wpa2,2017-06-04T11:00:00.000Z,2026-03-09T08:00:00.000Z,Helsinki,Manner-Suomi,FI,Mäkitorpankuja,00645
E0:4F:43:1D:57:39,SmartGate_163377,49.9574585,16.97111702,E0:4F:43,6,wpa2,2022-10-30T14:00:00.000Z,2025-01-22T07:00:00.000Z,,Střední Morava,CZ,Jesenická,78701
E0:4F:43:1D:57:41,SMARTGATE_123456,57.71484756,12.00439835,E0:4F:43,6,wpa2,2018-08-17T16:00:00.000Z,2025-12-22T07:00:00.000Z,Göteborg,Västra Götalands län,SE,Danska Vägen,416 60
E0:4F:43:1D:57:43,SmartGate_518891,60.17771912,24.76050949,E0:4F:43,6,wpa2,2017-05-19T18:00:00.000Z,2024-12-11T10:00:00.000Z,Espoo,Manner-Suomi,FI,Vesikuja,02200
E0:4F:43:1D:57:48,SmartGate_157243,48.99955368,14.43755627,E0:4F:43,6,wpa2,2024-12-21T13:00:00.000Z,2025-01-21T15:00:00.000Z,České Budějovice,Jihozápad,CZ,U Hvízdala,37011
E0:4F:43:1D:57:59,SmartGate_158438,60.23456955,24.86545372,E0:4F:43,6,wpa2,2018-01-10T10:00:00.000Z,2025-10-26T08:00:00.000Z,Helsinki,Manner-Suomi,FI,Kehä I,00440
E0:4F:43:1D:57:5C,SmartGate_174611,60.98428345,24.41381645,E0:4F:43,6,wpa2,2021-09-03T18:00:00.000Z,2025-06-08T02:00:00.000Z,Hämeenlinna,Manner-Suomi,FI,Aleksis Kiven katu,13500
E0:4F:43:1D:57:5D,SmartGate_117134,51.84473419,6.85551929,E0:4F:43,6,wpa2,2025-01-31T09:00:00.000Z,2025-01-31T01:00:00.000Z,,Nordrhein-Westfalen,DE,Turmstraße,46325
E0:4F:43:1D:57:5E,SmartGate_520125,49.28104019,17.50130653,E0:4F:43,6,wpa2,2026-06-05T12:00:00.000Z,2026-06-07T11:00:00.000Z,,Střední Morava,CZ,D55,76362
E0:4F:43:1D:57:62,SmartGate_524148,59.48797989,17.9192543,E0:4F:43,6,wpa2,2020-10-12T16:00:00.000Z,2026-06-24T23:00:00.000Z,,Stockholms län,SE,Uppsalavägen,19278
E0:4F:43:1D:57:67,SmartGate_520332,60.27039337,24.92417336,E0:4F:43,6,wpa2,2017-09-14T08:00:00.000Z,2025-09-09T05:00:00.000Z,Helsinki,Manner-Suomi,FI,Kuninkaantammentie,01690
E0:4F:43:1D:57:68,SmartGate_159662,60.21340561,24.97747993,E0:4F:43,6,wpa2,2017-09-07T16:00:00.000Z,2025-02-12T07:00:00.000Z,Helsinki,Manner-Suomi,FI,Waseniuksen puistotie,00560
E0:4F:43:1D:57:69,SmartGate_116402,52.35415268,-1.8751452,E0:4F:43,6,wpa2,2001-01-01T00:00:00.000Z,2025-06-02T07:00:00.000Z,Stratford-on-Avon,England,GB,M42,B94 5ED
E0:4F:43:1D:57:6D,SmartGate_526400,51.46201324,11.99446774,E0:4F:43,6,wpa2,2018-06-15T09:00:00.000Z,2025-08-17T03:00:00.000Z,Halle,Sachsen-Anhalt,DE,Europachaussee,06112
E0:4F:43:1D:57:70,SmartGate_117457,47.12715149,11.45038986,E0:4F:43,6,wpa2,2018-11-22T15:00:00.000Z,2025-06-13T09:00:00.000Z,,Tirol,AT,Brenner Autobahn,6143
E0:4F:43:1D:57:75,SmartGate_124355,48.30282211,10.10523701,E0:4F:43,6,wpa2,2026-07-10T16:00:00.000Z,2026-07-14T12:00:00.000Z,,Bayern,DE,A 7,89269
E0:4F:43:1D:57:76,SmartGate_518345,49.8799324,16.88248825,E0:4F:43,6,wpa2,2025-04-24T13:00:00.000Z,2026-05-22T09:00:00.000Z,,Střední Morava,CZ,Tunklova,78901
E0:4F:43:1D:57:7A,SmartGate_526190,59.37617111,16.51732063,E0:4F:43,6,wpa2,2024-11-28T07:00:00.000Z,2024-11-28T08:00:00.000Z,Eskilstuna,Södermanlands län,SE,Vasbergsgatan,63344
E0:4F:43:1D:57:7E,SmartGate_172775,62.23422241,25.73400116,E0:4F:43,6,wpa2,2018-05-29T16:00:00.000Z,2025-05-26T08:00:00.000Z,Jyväskylä,Manner-Suomi,FI,Alvar Aallon katu,40100
E0:4F:43:1D:57:80,SMARTGATE_123456,61.47666168,23.90566254,E0:4F:43,6,wpa2,2022-06-17T19:00:00.000Z,2026-06-29T03:00:00.000Z,Tampere,Manner-Suomi,FI,Vehmaistenkatu,33730
E0:4F:43:1D:57:81,SmartGate_163821,62.09380722,25.99633789,E0:4F:43,6,wpa2,2025-03-28T12:00:00.000Z,2025-03-28T10:00:00.000Z,,Manner-Suomi,FI,Viisarinmäenväylä,
E0:4F:43:1D:57:84,SmartGate_526320,47.42633057,8.49197292,E0:4F:43,6,wpa2,2025-03-15T08:00:00.000Z,2025-03-27T00:00:00.000Z,Zürich,Zürich,CH,A1;A4,8046
E0:4F:43:1D:57:88,SmartGate_154170,51.13523102,3.4238472,E0:4F:43,6,wpa2,2018-07-23T13:00:00.000Z,2026-04-06T07:00:00.000Z,,Oost-Vlaanderen,BE,Knokkebaan,9910
E0:4F:43:1D:57:91,SmartGate_154360,49.08257675,16.35183525,E0:4F:43,6,wpa2,2021-04-30T12:00:00.000Z,2026-07-31T01:00:00.000Z,,Jihovýchod,CZ,152,66491
E0:4F:43:1D:57:A6,SmartGate_526107,50.9689064,12.44702625,E0:4F:43,6,wpa2,2017-05-05T07:00:00.000Z,2025-11-30T12:00:00.000Z,,Thüringen,DE,B 7;B 93,04600
E0:4F:43:1D:57:A7,SmartGate_165023,50.95066452,6.65364695,E0:4F:43,6,wpa2,2020-04-25T13:00:00.000Z,2026-02-27T23:00:00.000Z,,Nordrhein-Westfalen,DE,Kölner Straße,50126
E0:4F:43:1D:57:AB,SmartGate_118286,50.7105217,7.1026001,E0:4F:43,6,wpa2,2017-09-19T10:00:00.000Z,2025-02-12T01:00:00.000Z,,Nordrhein-Westfalen,DE,Rosenburgweg,
E0:4F:43:1D:57:AC,SMARTGATE_123456,60.88392639,15.12036419,E0:4F:43,6,wpa2,2017-05-23T07:00:00.000Z,2025-07-27T06:00:00.000Z,,Dalarnas län,SE,Annikasgatan,795 30
E0:4F:43:1D:57:B7,SmartGate_161302,60.29495239,24.86495209,E0:4F:43,6,wpa2,2018-10-17T10:00:00.000Z,2026-01-15T08:00:00.000Z,,Manner-Suomi,FI,Kehä III,01770
E0:4F:43:1D:57:B8,SmartGate_150843,49.24171829,6.88708973,E0:4F:43,6,wpa2,2019-10-13T19:00:00.000Z,2025-03-17T08:00:00.000Z,,Saarland,DE,L 163,66333
E0:4F:43:1D:57:B9,SmartGate_526247,50.67583466,12.55488205,E0:4F:43,6,wpa2,2018-10-29T18:00:00.000Z,2025-08-17T22:00:00.000Z,,Sachsen,DE,A 72,08141
E0:4F:43:1D:57:BF,Smartgate_4094,48.10948563,-1.53384352,E0:4F:43,6,wpa2,2026-04-15T09:00:00.000Z,2026-04-15T14:00:00.000Z,,Bretagne,FR,Rond-Point Rémi Gautier,35530
E0:4F:43:1D:57:C3,SmartGate_173885,50.0790863,14.34436703,E0:4F:43,6,wpa2,2024-07-13T14:00:00.000Z,2026-03-02T04:00:00.000Z,Hlavní město Praha,Praha,CZ,Vypich,
E0:4F:43:1D:57:C5,SmartGate_522921,59.87011719,10.7799511,E0:4F:43,6,wpa2,2017-10-07T10:00:00.000Z,2026-06-16T08:00:00.000Z,Oslo,Nordstrand,NO,Mosseveien,1170
E0:4F:43:1D:57:C8,SmartGate_525743,50.81540298,15.67527294,E0:4F:43,6,wpa2,2026-08-04T10:00:00.000Z,2026-08-04T04:00:00.000Z,,województwo dolnośląskie,PL,Żołnierska,58-562
E0:4F:43:1D:57:CA,SmartGate_521176,59.78834534,10.27298069,E0:4F:43,6,wpa2,2024-10-26T16:00:00.000Z,2024-10-26T14:00:00.000Z,,Viken,NO,E 18,3425
E0:4F:43:1D:57:D0,SMARTGATE_123456,60.19343948,24.78510475,E0:4F:43,6,wpa2,2024-03-05T14:00:00.000Z,2026-05-30T03:00:00.000Z,Espoo,Manner-Suomi,FI,Turveradantie,02130
E0:4F:43:1D:57:D2,SmartGate_517671,58.45352554,11.44781208,E0:4F:43,6,wpa2,2024-05-20T13:00:00.000Z,2025-07-24T08:00:00.000Z,,Västra Götalands län,SE,171,45693
E0:4F:43:1D:57:D4,SmartGate_527693,59.43600082,24.75525093,E0:4F:43,6,wpa2,2018-11-11T11:00:00.000Z,2026-02-01T10:00:00.000Z,Tallinn,Harju maakond,EE,Viru väljak,10111
E0:4F:43:1D:57:D7,SmartGate_114932,48.19702148,11.62228107,E0:4F:43,6,wpa2,2019-11-29T07:00:00.000Z,2026-05-13T09:00:00.000Z,München,Bayern,DE,Kulturheimstraße,80939
E0:4F:43:1D:57:DA,SmartGate_154115,60.23682785,24.92124939,E0:4F:43,6,wpa2,2021-12-17T16:00:00.000Z,2024-12-17T08:00:00.000Z,Helsinki,Manner-Suomi,FI,Osuuskunnantie,00660
E0:4F:43:1D:57:DB,SmartGate_174027,60.20523834,24.98724937,E0:4F:43,6,wpa2,2018-02-20T16:00:00.000Z,2026-02-25T07:00:00.000Z,Helsinki,Manner-Suomi,FI,Kaj Franckin katu,00560
E0:4F:43:1D:57:DC,SmartGate_524552,60.64236069,24.86982727,E0:4F:43,6,wpa2,2017-08-02T16:00:00.000Z,2025-01-30T10:00:00.000Z,,Manner-Suomi,FI,Munckinkatu,05820
E0:4F:43:1D:57:DD,SmartGate_150077,61.02485657,24.36580467,E0:4F:43,6,wpa2,2018-06-13T08:00:00.000Z,2025-11-28T11:00:00.000Z,,Manner-Suomi,FI,Parolannummentie,13700
E0:4F:43:1D:57:E1,SmartGate_162337,53.45660782,10.33038807,E0:4F:43,6,wpa2,2026-05-26T14:00:00.000Z,2026-06-23T00:00:00.000Z,,Schleswig-Holstein,DE,Lüneburger Straße,21039
E0:4F:43:1D:57:F2,SmartGate_519956,59.29786682,18.10239029,E0:4F:43,6,wpa2,2017-06-13T12:00:00.000Z,2025-05-04T07:00:00.000Z,,Stockholms län,SE,Per Lindeströms Väg,121 46
E0:4F:43:1D:57:F7,SmartGate_155892,60.46928787,24.85326004,E0:4F:43,6,wpa2,2021-09-07T16:00:00.000Z,2025-06-04T11:00:00.000Z,,Manner-Suomi,FI,Hämeenlinnanväylä,00901
E0:4F:43:1D:57:FA,SmartGate_525751,59.40652847,17.97578049,E0:4F:43,6,wpa2,2017-09-25T17:00:00.000Z,2026-02-16T12:00:00.000Z,,Stockholms län,SE,Sollentunavägen,19138
E0:4F:43:1D:57:FB,SmartGate_162256,62.61977768,29.77479172,E0:4F:43,6,wpa2,2017-06-16T15:00:00.000Z,2026-04-14T21:00:00.000Z,Joensuu,Manner-Suomi,FI,,80100
E0:4F:43:1D:57:FD,SmartGate_155998,61.48791885,23.83602333,E0:4F:43,6,wpa2,2017-03-22T16:00:00.000Z,2026-08-06T09:00:00.000Z,Tampere,Manner-Suomi,FI,Rautapellonkatu,33700
E0:4F:43:1D:57:FE,SmartGate_176184,60.24051285,24.88730621,E0:4F:43,6,wpa2,2017-08-23T13:00:00.000Z,2026-05-30T06:00:00.000Z,Helsinki,Manner-Suomi,FI,Kantelettarentie,00420
E0:4F:43:1D:58:02,SmartGate_525231,64.75251007,20.96145821,E0:4F:43,6,wpa2,2023-08-30T06:00:00.000Z,2026-07-06T07:00:00.000Z,,Västerbottens län,SE,Viktoriagatan,93178
E0:4F:43:1D:58:06,SmartGate_166063,60.21623611,24.88454247,E0:4F:43,6,wpa2,2018-04-11T14:00:00.000Z,2025-02-03T03:00:00.000Z,Helsinki,Manner-Suomi,FI,Vihdintie,00380
E0:4F:43:1D:58:09,SmartGate_160179,60.22736359,24.8717289,E0:4F:43,6,wpa2,2021-10-11T11:00:00.000Z,2026-04-19T23:00:00.000Z,Helsinki,Manner-Suomi,FI,Kaupintie,00440
E0:4F:43:1D:58:0B,SmartGate_158526,60.22931671,24.93568993,E0:4F:43,6,wpa2,2020-09-23T12:00:00.000Z,2026-04-18T08:00:00.000Z,Helsinki,Manner-Suomi,FI,Paanutie,00630
E0:4F:43:1D:58:0E,SmartGate_167422,61.48456573,23.87394333,E0:4F:43,6,wpa2,2017-12-04T16:00:00.000Z,2024-08-22T09:00:00.000Z,Tampere,Manner-Suomi,FI,Tampereen itäinen kehätie,33710
E0:4F:43:1D:58:0F,SmartGate_175829,62.06269455,26.04703712,E0:4F:43,6,wpa2,2021-03-13T13:00:00.000Z,2025-05-18T10:00:00.000Z,,Manner-Suomi,FI,4,
E0:4F:43:1D:58:10,SmartGate_525712,49.8302803,8.02394009,E0:4F:43,6,wpa2,2025-12-17T12:00:00.000Z,2025-12-19T07:00:00.000Z,Gau-Bickelheim,Rheinland-Pfalz,DE,A 61,55578
E0:4F:43:1D:58:18,SmartGate_526396,46.33266449,7.62729836,E0:4F:43,6,wpa2,2025-08-03T16:00:00.000Z,2025-08-03T10:00:00.000Z,,Valais/Wallis,CH,211,3955
E0:4F:43:1D:58:1F,SmartGate_173951,61.06492615,28.16754532,E0:4F:43,6,wpa2,2019-03-07T10:00:00.000Z,2026-05-20T07:00:00.000Z,Lappeenranta,Manner-Suomi,FI,Taipalsaarentie,53900
E0:4F:43:1D:58:20,SmartGate_526257,50.42770386,12.06936646,E0:4F:43,6,wpa2,2019-02-02T13:00:00.000Z,2025-09-12T12:00:00.000Z,,Sachsen,DE,Hofer Straße,08538
E0:4F:43:1D:58:22,SmartGate_523416,53.38552475,-2.0846343,E0:4F:43,6,wpa2,2017-10-24T09:00:00.000Z,2026-07-11T03:00:00.000Z,Stockport,England,GB,Middlewood Way,SK6 7QJ
E0:4F:43:1D:58:28,SmartGate_529928,47.62559891,7.60580015,E0:4F:43,6,wpa2,2001-01-01T01:00:00.000Z,2026-01-17T01:00:00.000Z,,Baden-Württemberg,DE,Eulerstraße,79589
E0:4F:43:1D:58:30,SMARTGATE_123456,53.63913727,-1.47346509,E0:4F:43,6,wpa2,2017-03-29T17:00:00.000Z,2025-08-16T10:00:00.000Z,Wakefield,England,GB,Common Lane,WF2 6PL
E0:4F:43:1D:58:35,SmartGate_522400,59.05963135,17.57836151,E0:4F:43,6,wpa2,2017-06-03T14:00:00.000Z,2026-07-26T04:00:00.000Z,,Stockholms län,SE,E 4,15330
E0:4F:43:1D:58:38,SmartGate_521013,50.84964371,13.52765083,E0:4F:43,6,wpa2,2018-10-09T18:00:00.000Z,2024-10-30T12:00:00.000Z,,Sachsen,DE,Frauensteiner Straße,01774
E0:4F:43:1D:58:3B,SmartGate_156137,50.09030151,14.423913,E0:4F:43,6,wpa2,2017-06-25T19:00:00.000Z,2025-03-10T04:00:00.000Z,Hlavní město Praha,Praha,CZ,Rámová,11000
E0:4F:43:1D:58:3E,SmartGate_151003,60.23184967,24.85330582,E0:4F:43,6,wpa2,2017-02-21T13:00:00.000Z,2025-08-18T21:00:00.000Z,Helsinki,Manner-Suomi,FI,Kehä I,00370
E0:4F:43:1D:58:43,SmartGate_149148,63.0796051,21.6908493,E0:4F:43,6,wpa2,2019-02-02T17:00:00.000Z,2026-01-19T08:00:00.000Z,Vaasa,Manner-Suomi,FI,Melaniementie / Virtakatu,65320
E0:4F:43:1D:58:46,SmartGate_114146,60.18894958,25.04062653,E0:4F:43,6,wpa2,2018-09-11T11:00:00.000Z,2026-05-14T05:00:00.000Z,Helsinki,Manner-Suomi,FI,Linnanrakentajantie,00880
E0:4F:43:1D:58:47,SmartGate_520484,59.44102478,24.75344849,E0:4F:43,6,wpa2,2017-06-24T00:00:00.000Z,2026-04-18T01:00:00.000Z,Tallinn,Harju maakond,EE,Mere pst,10111
E0:4F:43:1D:58:48,SmartGate_168190,61.47260666,23.87875366,E0:4F:43,6,wpa2,2018-01-28T16:00:00.000Z,2025-05-05T08:00:00.000Z,Tampere,Manner-Suomi,FI,Keskisenkatu,33710
E0:4F:43:1D:58:49,SmartGate_527627,50.07229233,14.33873844,E0:4F:43,6,wpa2,2017-04-20T12:00:00.000Z,2026-03-10T05:00:00.000Z,Hlavní město Praha,Praha,CZ,Roentgenova,16900
E0:4F:43:1D:58:4B,SmartGate_115570,52.99530029,-1.231143,E0:4F:43,6,wpa2,2018-02-27T02:00:00.000Z,2026-07-19T19:00:00.000Z,Broxtowe,England,GB,M1,NG16 1DP
E0:4F:43:1D:58:4D,SmartGate_157048,61.49497223,23.76633644,E0:4F:43,6,wpa2,2017-06-08T14:00:00.000Z,2026-07-31T01:00:00.000Z,Tampere,Manner-Suomi,FI,Hatanpään valtatie,33100
E0:4F:43:1D:58:4E,SmartGate_524565,60.30404663,24.99136543,E0:4F:43,6,wpa2,2018-01-17T16:00:00.000Z,2024-09-29T03:00:00.000Z,Vantaa,Manner-Suomi,FI,Junkersintie,01530
E0:4F:43:1D:58:51,SmartGate_518608,50.1972084,12.73158073,E0:4F:43,6,wpa2,2018-05-17T06:00:00.000Z,2024-10-22T07:00:00.000Z,,Severozápad,CZ,D6,35734
E0:4F:43:1D:58:53,SmartGate_166068,61.65138626,24.10462761,E0:4F:43,6,wpa2,2025-07-14T08:00:00.000Z,2025-07-14T02:00:00.000Z,Orivesi,Manner-Suomi,FI,Viitapohjanraitti,
E0:4F:43:1D:58:56,SmartGate_170974,60.20100403,24.78793716,E0:4F:43,6,wpa2,2018-01-20T16:00:00.000Z,2024-11-20T09:00:00.000Z,Espoo,Manner-Suomi,FI,Turveradantie,02130
E0:4F:43:1D:58:5B,SmartGate_528123,50.06391525,11.61958981,E0:4F:43,6,wpa2,2019-03-01T10:00:00.000Z,2026-06-21T10:00:00.000Z,,Bayern,DE,A 9,95502
E0:4F:43:1D:58:5F,SmartGate_520264,60.2733078,24.81056023,E0:4F:43,6,wpa2,2018-05-28T18:00:00.000Z,2025-05-27T02:00:00.000Z,Vantaa,Manner-Suomi,FI,Martinkyläntie,01720
E0:4F:43:1D:58:64,SmartGate_158310,60.20999527,24.89574814,E0:4F:43,6,wpa2,2021-02-04T18:00:00.000Z,2026-06-16T06:00:00.000Z,Helsinki,Manner-Suomi,FI,Kauppalantie,00320
E0:4F:43:1D:58:67,SmartGate_154969,49.30951309,14.14833832,E0:4F:43,6,wpa2,2020-01-26T14:00:00.000Z,2026-06-16T14:00:00.000Z,Písek,Jihozápad,CZ,Palackého sady,39701
E0:4F:43:1D:58:6C,SmartGate_522383,50.23819351,12.89535046,E0:4F:43,6,wpa2,2020-06-23T16:00:00.000Z,2025-12-05T10:00:00.000Z,Karlovy Vary,Severozápad,CZ,6,362 63
E0:4F:43:1D:58:6E,SmartGate_529639,50.14759445,14.50696278,E0:4F:43,6,wpa2,2019-04-05T07:00:00.000Z,2026-08-06T02:00:00.000Z,Hlavní město Praha,Praha,CZ,Žamberská,195 00
E0:4F:43:1D:58:74,SmartGate_117051,48.2494278,11.6523037,E0:4F:43,6,wpa2,2024-04-21T10:00:00.000Z,2024-12-30T13:00:00.000Z,Garching bei München,Bayern,DE,Münchener Straße,85748
E0:4F:43:1D:58:79,SmartGate_158156,60.27041626,24.8593483,E0:4F:43,6,wpa2,2018-08-16T06:00:00.000Z,2026-08-08T09:00:00.000Z,Vantaa,Manner-Suomi,FI,Haltiantie,01600
E0:4F:43:1D:58:82,SmartGate_158159,61.28141022,23.97186852,E0:4F:43,6,wpa2,2017-08-07T14:00:00.000Z,2025-10-27T06:00:00.000Z,,Manner-Suomi,FI,Kaivolankatu,37860
E0:4F:43:1D:58:85,SmartGate_526889,59.10903549,24.66852379,E0:4F:43,6,wpa2,2022-09-21T13:00:00.000Z,2025-09-25T09:00:00.000Z,,Rapla maakond,EE,Lillemetsa tee,79704
E0:4F:43:1D:58:8D,SmartGate_529960,48.07979202,11.50697708,E0:4F:43,6,wpa2,2017-07-24T06:00:00.000Z,2026-03-20T07:00:00.000Z,München,Bayern,DE,Sambergerstraße,81477
E0:4F:43:1D:58:8F,SmartGate_116185,51.12183762,13.11628819,E0:4F:43,6,wpa2,2017-06-14T08:00:00.000Z,2024-12-11T10:00:00.000Z,,Sachsen,DE,Ritterstraße,04720
E0:4F:43:1D:58:90,SMARTGATE_123456,50.11353683,14.47232628,E0:4F:43,6,wpa2,2017-06-20T10:00:00.000Z,2026-03-02T07:00:00.000Z,Hlavní město Praha,Praha,CZ,Primátorská,18000
E0:4F:43:1D:58:97,SmartGate_118141,53.83707047,10.30965996,E0:4F:43,6,wpa2,2018-01-10T09:00:00.000Z,2025-07-05T11:00:00.000Z,Travenbrück,Schleswig-Holstein,DE,A 21,23843
E0:4F:43:1D:58:9E,SmartGate_148966,60.50097656,26.86963272,E0:4F:43,6,wpa2,2026-08-01T12:00:00.000Z,2026-08-01T09:00:00.000Z,Kotka,Manner-Suomi,FI,Sutelantie,48400
E0:4F:43:1D:58:A2,SmartGate_117309,48.63047409,9.37771416,E0:4F:43,6,wpa2,2017-03-19T17:00:00.000Z,2025-05-22T09:00:00.000Z,,Baden-Württemberg,DE,Marbachweg,72622
E0:4F:43:1D:58:A5,SmartGate_526813,62.49978638,17.3426075,E0:4F:43,6,wpa2,2017-09-15T18:00:00.000Z,2025-09-07T08:00:00.000Z,Timrå distrikt,Västernorrlands län,SE,E 4,86131
E0:4F:43:1D:58:A9,SmartGate_518701,58.30327606,12.52812099,E0:4F:43,6,wpa2,2025-07-27T11:00:00.000Z,2025-07-27T11:00:00.000Z,,Västra Götalands län,SE,44;47,
E0:4F:43:1D:58:AA,SmartGate_116163,50.01387787,8.53452682,E0:4F:43,6,wpa2,2017-08-18T11:00:00.000Z,2025-09-30T02:00:00.000Z,Rüsselsheim am Main,Hessen,DE,Hohewartschneise,65428
E0:4F:43:1D:58:AB,SmartGate_152741,60.22176361,24.82320404,E0:4F:43,6,wpa2,2018-01-03T16:00:00.000Z,2026-03-15T13:00:00.000Z,Espoo,Manner-Suomi,FI,Postipuuntie,02650
E0:4F:43:1D:58:B1,SmartGate_529477,47.61201859,7.59204769,E0:4F:43,6,wpa2,2024-08-08T07:00:00.000Z,2025-06-27T03:00:00.000Z,Weil am Rhein,Baden-Württemberg,DE,A 5,79576
E0:4F:43:1D:58:B2,SmartGate_157923,60.24194336,24.93942451,E0:4F:43,6,wpa2,2017-03-05T12:00:00.000Z,2026-02-23T07:00:00.000Z,Helsinki,Manner-Suomi,FI,Kehä I,00660
E0:4F:43:1D:58:B3,SmartGate_157803,61.49425888,23.82970238,E0:4F:43,6,wpa2,2020-08-31T18:00:00.000Z,2026-06-24T08:00:00.000Z,Tampere,Manner-Suomi,FI,Uudenkylänkuja,33530
E0:4F:43:1D:58:B4,SmartGate_164320,60.18403625,25.04796028,E0:4F:43,6,wpa2,2017-05-04T17:00:00.000Z,2024-09-14T03:00:00.000Z,Helsinki,Manner-Suomi,FI,Laajasalontie,00840
E0:4F:43:1D:58:B9,SmartGate_529226,61.27293777,23.52390289,E0:4F:43,6,wpa2,2017-08-31T16:00:00.000Z,2026-05-11T23:00:00.000Z,,Manner-Suomi,FI,Jakovuorentie,37370
E0:4F:43:1D:58:BC,SmartGate_522215,57.75722504,16.63267326,E0:4F:43,6,wpa2,2001-05-06T16:00:00.000Z,2026-07-13T00:00:00.000Z,,Kalmar län,SE,Storgatan,59330
E0:4F:43:1D:58:C3,SmartGate_047601,50.83929062,12.54136372,E0:4F:43,6,wpa2,2023-03-31T18:00:00.000Z,2025-08-16T14:00:00.000Z,,Sachsen,DE,Ludwig-Erhard-Straße,08371
E0:4F:43:1D:58:C4,SmartGate_517810,60.24409866,25.03734398,E0:4F:43,6,wpa2,2017-11-14T08:00:00.000Z,2025-09-29T08:00:00.000Z,Helsinki,Manner-Suomi,FI,Tattariharjuntie,00700
E0:4F:43:1D:58:C5,SmartGate_154582,60.20161438,24.94419479,E0:4F:43,6,wpa2,2019-05-03T12:00:00.000Z,2025-10-02T09:00:00.000Z,Helsinki,Manner-Suomi,FI,Ratamestarinkatu,00077
E0:4F:43:1D:58:CA,SmartGate_530167,51.44610977,7.53737068,E0:4F:43,6,wpa2,2021-07-18T13:00:00.000Z,2026-04-09T08:00:00.000Z,,Nordrhein-Westfalen,DE,A 1,58239
E0:4F:43:1D:58:D6,SmartGate_168205,50.07772064,14.3892765,E0:4F:43,6,wpa2,2017-11-29T17:00:00.000Z,2025-04-04T12:00:00.000Z,Hlavní město Praha,Praha,CZ,Strahovský tunel,150 00
E0:4F:43:1D:58:DC,SmartGate_167212,62.0057373,23.01272583,E0:4F:43,6,wpa2,2026-03-06T15:00:00.000Z,2026-03-06T11:00:00.000Z,,Manner-Suomi,FI,Vaasantie,39701
E0:4F:43:1D:58:EC,SmartGate_519699,59.459095,17.97053909,E0:4F:43,6,wpa2,2018-06-04T15:00:00.000Z,2024-12-08T14:00:00.000Z,,Stockholms län,SE,Frestavägen,19259
E0:4F:43:1D:58:EF,SmartGate_150240,60.22249603,24.67661858,E0:4F:43,6,wpa2,2019-01-12T17:00:00.000Z,2025-04-28T11:00:00.000Z,Espoo,Manner-Suomi,FI,Turuntie,02740
E0:4F:43:1D:58:F5,SmartGate_113798,49.64021301,6.21184349,E0:4F:43,6,wpa2,2024-11-27T13:00:00.000Z,2025-04-23T00:00:00.000Z,,Canton Luxembourg,LU,Route de Trèves,1736
E0:4F:43:1D:59:02,SmartGate_150941,60.22006607,24.93052101,E0:4F:43,6,wpa2,2001-01-01T13:00:00.000Z,2026-01-30T07:00:00.000Z,Helsinki,Manner-Suomi,FI,Kollikatu,00240
E0:4F:43:1D:59:06,SmartGate_172304,60.34340286,24.78020859,E0:4F:43,6,wpa2,2017-06-06T16:00:00.000Z,2026-03-07T02:00:00.000Z,Vantaa,Manner-Suomi,FI,Heponiityntie,01750
E0:4F:43:1D:59:0B,SmartGate_174334,61.46557617,23.50496101,E0:4F:43,6,wpa2,2024-02-01T19:00:00.000Z,2025-06-13T07:00:00.000Z,,Manner-Suomi,FI,Nuijamiestentie,37120
E0:4F:43:1D:59:17,SmartGate_153180,60.16879272,24.6250248,E0:4F:43,6,wpa2,2018-10-02T16:00:00.000Z,2026-05-19T07:00:00.000Z,Espoo,Manner-Suomi,FI,Korkoontie,02330
E0:4F:43:1D:59:1E,SmartGate_519850,47.23803711,7.6425252,E0:4F:43,6,wpa2,2025-08-26T16:00:00.000Z,2025-08-26T10:00:00.000Z,,Bern/Berne,CH,A1,4537
E0:4F:43:1D:59:1F,SmartGate_519657,52.2108345,20.98833084,E0:4F:43,6,wpa2,2017-02-09T19:00:00.000Z,2025-08-27T12:00:00.000Z,Warszawa,województwo mazowieckie,PL,Żwirki i Wigury,02-089
E0:4F:43:1D:59:22,SmartGate_149872,61.49736023,23.78214455,E0:4F:43,6,wpa2,2021-04-20T20:00:00.000Z,2026-03-06T01:00:00.000Z,Tampere,Manner-Suomi,FI,Sorsapuisto,33500
E0:4F:43:1D:59:32,SmartGate_174023,62.34265518,26.5492878,E0:4F:43,6,wpa2,2019-03-14T17:00:00.000Z,2024-12-26T05:00:00.000Z,,Manner-Suomi,FI,Ysitie,
E0:4F:43:1D:59:35,SmartGate_165489,49.44636917,17.44830704,E0:4F:43,6,wpa2,2025-04-07T12:00:00.000Z,2025-04-10T01:00:00.000Z,Přerov,Střední Morava,CZ,,75151
E0:4F:43:1D:59:3A,SmartGate_520760,50.69601822,12.95981693,E0:4F:43,6,wpa2,2017-04-24T09:00:00.000Z,2026-05-16T04:00:00.000Z,,Sachsen,DE,,09423
E0:4F:43:1D:59:41,SmartGate_149450,60.20901871,24.92800522,E0:4F:43,6,wpa2,2019-11-20T13:00:00.000Z,2024-11-28T03:00:00.000Z,Helsinki,Manner-Suomi,FI,Veturitie,00240
E0:4F:43:1D:59:43,SmartGate_529222,60.24292374,24.85105896,E0:4F:43,6,wpa2,2018-03-03T13:00:00.000Z,2026-07-13T02:00:00.000Z,Helsinki,Manner-Suomi,FI,Malminkartanonkuja,00390
E0:4F:43:1D:59:4A,SmartGate_166173,47.03938293,16.17451286,E0:4F:43,6,wpa2,2023-10-06T13:00:00.000Z,2025-11-12T07:00:00.000Z,,Burgenland,AT,,7563
E0:4F:43:1D:59:52,SmartGate_026170,52.28274536,11.43355846,E0:4F:43,6,wpa2,2018-07-07T10:00:00.000Z,2025-04-14T06:00:00.000Z,,Sachsen-Anhalt,DE,B 71,39340
E0:4F:43:1D:59:53,SMARTGATE_123456,49.23670578,16.37441826,E0:4F:43,6,wpa2,2022-10-19T09:00:00.000Z,2025-10-28T04:00:00.000Z,,Jihovýchod,CZ,D1,66483
E0:4F:43:1D:59:5C,SmartGate_175016,49.86108017,6.16317797,E0:4F:43,6,wpa2,2022-04-11T12:00:00.000Z,2025-08-19T00:00:00.000Z,,Canton Diekirch,LU,Träppercher,9264
E0:4F:43:1D:59:63,SmartGate_171200,60.20981598,24.83065605,E0:4F:43,6,wpa2,2022-11-05T16:00:00.000Z,2026-06-09T09:00:00.000Z,Espoo,Manner-Suomi,FI,Vermonpuistonpolku,02600
E0:4F:43:1D:59:75,SmartGate_529238,49.59676743,11.0504837,E0:4F:43,6,wpa2,2017-08-04T18:00:00.000Z,2025-10-20T02:00:00.000Z,Erlangen,Bayern,DE,Lange Zeile,91054
E0:4F:43:1D:59:78,SmartGate_153137,60.32759476,25.04424095,E0:4F:43,6,wpa2,2017-05-10T19:00:00.000Z,2025-02-20T04:00:00.000Z,,Manner-Suomi,FI,Koivukylän puistotie,01340
E0:4F:43:1D:59:86,SmartGate_525223,53.29878616,-2.77987599,E0:4F:43,6,wpa2,2018-06-13T09:00:00.000Z,2026-04-05T06:00:00.000Z,,England,GB,,
E0:4F:43:1D:59:87,SmartGate_154106,60.18141937,24.81763077,E0:4F:43,6,wpa2,2018-12-18T12:00:00.000Z,2026-03-14T09:00:00.000Z,Espoo,Manner-Suomi,FI,Kehä I,02110
E0:4F:43:1D:59:8B,SmartGate_113594,53.10729599,-2.3369565,E0:4F:43,6,wpa2,2020-02-14T16:00:00.000Z,2024-09-26T19:00:00.000Z,,England,GB,M6,ST7 2JJ
E0:4F:43:1D:59:94,SmartGate_152068,60.35580063,24.94929886,E0:4F:43,6,wpa2,2018-02-16T09:00:00.000Z,2025-11-27T06:00:00.000Z,,Manner-Suomi,FI,Myllykyläntie,01590
E0:4F:43:1D:59:95,SmartGate_151047,49.60485077,6.08128881,E0:4F:43,6,wpa2,2017-07-26T10:00:00.000Z,2025-06-10T05:00:00.000Z,Luxembourg,Canton Luxembourg,LU,N 34,1253
E0:4F:43:1D:59:9E,SmartGate_116439,50.62657928,10.70199394,E0:4F:43,6,wpa2,2022-06-28T14:00:00.000Z,2025-06-21T09:00:00.000Z,,Thüringen,DE,Kornbergstraße,98528
E0:4F:43:1D:59:9F,SmartGate_519498,60.20798492,24.92900085,E0:4F:43,6,wpa2,2020-10-20T17:00:00.000Z,2025-05-05T05:00:00.000Z,Helsinki,Manner-Suomi,FI,Veturitie,00240
E0:4F:43:1D:59:A3,SmartGate_519847,60.65948105,24.79439545,E0:4F:43,6,wpa2,2017-12-07T08:00:00.000Z,2025-06-19T03:00:00.000Z,,Manner-Suomi,FI,Helsinki-Tampere moottoritie,05860
E0:4F:43:1D:59:A5,SmartGate_520814,48.08566666,11.50395012,E0:4F:43,6,wpa2,2022-03-05T10:00:00.000Z,2026-03-09T06:00:00.000Z,München,Bayern,DE,Kandinskystraße,81477
E0:4F:43:1D:59:AC,SmartGate_114285,60.22336197,25.02072525,E0:4F:43,6,wpa2,2022-04-25T08:00:00.000Z,2026-01-15T07:00:00.000Z,Helsinki,Manner-Suomi,FI,Mendelinkuja,00790
E0:4F:43:1D:59:B7,SMARTGATE_123456,46.42855835,11.31600761,E0:4F:43,6,wpa2,2017-12-27T16:00:00.000Z,2026-07-24T09:00:00.000Z,,Trentino-Alto Adige/Südtirol,IT,Brennerautobahn - Autostrada del Brennero,39051
E0:4F:43:1D:59:B9,SmartGate_166096,54.5721817,9.49072838,E0:4F:43,6,wpa2,2017-05-22T16:00:00.000Z,2025-05-08T08:00:00.000Z,,Schleswig-Holstein,DE,Holzkrug,24879
E0:4F:43:1D:59:BD,SmartGate_117300,50.98391724,6.93924189,E0:4F:43,6,wpa2,2017-06-08T00:00:00.000Z,2024-12-18T23:00:00.000Z,Köln,Nordrhein-Westfalen,DE,Greifswalder Straße,50737
E0:4F:43:1D:59:C1,SmartGate_152922,60.16890717,24.72655487,E0:4F:43,6,wpa2,2018-12-03T17:00:00.000Z,2026-05-08T06:00:00.000Z,Espoo,Manner-Suomi,FI,Avaruuskatu,02210
E0:4F:43:1D:59:C2,SmartGate_171560,62.26182556,25.73304176,E0:4F:43,6,wpa2,2018-08-10T12:00:00.000Z,2024-08-28T22:00:00.000Z,Jyväskylä,Manner-Suomi,FI,Saarijärventie,40200
E0:4F:43:1D:59:C7,SmartGate_165427,61.37225723,23.78994751,E0:4F:43,6,wpa2,2017-04-06T12:00:00.000Z,2025-08-15T07:00:00.000Z,Lempäälä,Manner-Suomi,FI,3;9,37560
E0:4F:43:1D:59:CD,SmartGate_519098,53.10757065,17.98448753,E0:4F:43,6,wpa2,2019-03-11T16:00:00.000Z,2025-11-29T04:00:00.000Z,,województwo kujawsko-pomorskie,PL,Inowrocławska,85-153
E0:4F:43:1D:59:D0,SmartGate_153837,47.57569885,18.46294403,E0:4F:43,6,wpa2,2019-10-03T10:00:00.000Z,2025-08-19T13:00:00.000Z,Tatabánya,Közép-Dunántúl,HU,Harkályos Pihenőhely,2800
E0:4F:43:1D:59:D1,SmartGate_118213,51.02656937,6.99901867,E0:4F:43,6,wpa2,2018-08-29T16:00:00.000Z,2026-05-11T23:00:00.000Z,,Nordrhein-Westfalen,DE,Heymannstraße,51373
E0:4F:43:1D:59:D2,SmartGate_166634,62.61680222,29.77133751,E0:4F:43,6,wpa2,2024-12-20T18:00:00.000Z,2025-03-12T08:00:00.000Z,Joensuu,Manner-Suomi,FI,Kajaanintie,80100
E0:4F:43:1D:59:DD,SmartGate_157229,62.61767578,29.77778053,E0:4F:43,6,wpa2,2017-02-19T14:00:00.000Z,2024-10-01T01:00:00.000Z,Joensuu,Manner-Suomi,FI,Kauppakaari,80100
E0:4F:43:1D:59:E3,SmartGate_166386,60.19569397,24.96063232,E0:4F:43,6,wpa2,2017-05-05T16:00:00.000Z,2026-05-10T10:00:00.000Z,Helsinki,Manner-Suomi,FI,Eurantie,00550
E0:4F:43:1D:59:E6,SmartGate_519814,63.78380585,23.05962372,E0:4F:43,6,wpa2,2017-03-31T15:00:00.000Z,2025-07-21T04:00:00.000Z,Kokkola,Manner-Suomi,FI,Vaasantie,67800
E0:4F:43:1D:59:EE,SmartGate_153186,51.49811172,10.79241848,E0:4F:43,6,wpa2,2017-09-25T17:00:00.000Z,2024-09-02T03:00:00.000Z,,Thüringen,DE,Bahnhofstraße,99734
E0:4F:43:1D:59:F0,SmartGate_113955,62.74319077,27.58520317,E0:4F:43,6,wpa2,2026-07-02T10:00:00.000Z,2026-07-02T08:00:00.000Z,Kuopio,Manner-Suomi,FI,5;9,70870
E0:4F:43:1D:59:F3,SmartGate_158169,46.63169861,7.39979982,E0:4F:43,6,wpa2,2019-10-20T17:00:00.000Z,2025-04-05T02:00:00.000Z,,Bern/Berne,CH,11,3766
E0:4F:43:1D:59:F6,SmartGate_529344,60.22695541,24.84756851,E0:4F:43,6,wpa2,2018-04-25T13:00:00.000Z,2026-07-13T02:00:00.000Z,Helsinki,Manner-Suomi,FI,Knuutintie,00370
E0:4F:43:1D:59:F8,SMARTGATE_123456,44.57461929,26.18034554,E0:4F:43,6,wpa2,2019-09-14T11:00:00.000Z,2025-02-01T17:00:00.000Z,,Ilfov,RO,A3,77131
E0:4F:43:1D:59:FA,SmartGate_157786,63.83616257,23.12578392,E0:4F:43,6,wpa2,2019-11-25T08:00:00.000Z,2024-08-22T04:00:00.000Z,Kokkola,Manner-Suomi,FI,Tehtaankatu,67100
E0:4F:43:1D:59:FC,SmartGate_529214,51.91417313,12.43463802,E0:4F:43,6,wpa2,2025-03-20T17:00:00.000Z,2025-09-14T06:00:00.000Z,,Sachsen-Anhalt,DE,A 9,06869
E0:4F:43:1D:59:FE,SmartGate_116340,49.1425209,15.00368404,E0:4F:43,6,wpa2,2025-09-17T19:00:00.000Z,2025-09-17T13:00:00.000Z,,Jihozápad,CZ,nábřeží Ladislava Stehny,377 01
E0:4F:43:1D:5A:01,SmartGate_118103,52.02948761,8.86883926,E0:4F:43,6,wpa2,2025-05-04T14:00:00.000Z,2025-05-06T09:00:00.000Z,,Nordrhein-Westfalen,DE,B 238,32657
E0:4F:43:1D:5A:04,SmartGate_519874,59.58062744,16.25093269,E0:4F:43,6,wpa2,2021-05-27T18:00:00.000Z,2025-04-27T03:00:00.000Z,,Västmanlands län,SE,,73432
E0:4F:43:1D:5A:05,SmartGate_166947,50.21124268,15.81795025,E0:4F:43,6,wpa2,2018-01-10T09:00:00.000Z,2024-12-15T09:00:00.000Z,Hradec Králové,Severovýchod,CZ,Gočárova třída,50002
E0:4F:43:1D:5A:07,SmartGate_152970,50.55344772,8.43887997,E0:4F:43,6,wpa2,2025-06-01T12:00:00.000Z,2025-10-02T11:00:00.000Z,,Hessen,DE,B 49,35606
E0:4F:43:1D:5A:08,SmartGate_528980,60.20379257,24.89888573,E0:4F:43,6,wpa2,2021-12-05T16:00:00.000Z,2025-05-16T14:00:00.000Z,Helsinki,Manner-Suomi,FI,Mannerheimintie,00300
E0:4F:43:1D:5A:09,SmartGate_154028,60.56462479,24.82004356,E0:4F:43,5,wpa2,2023-04-08T13:00:00.000Z,2025-05-10T23:00:00.000Z,,Manner-Suomi,FI,Helsinki-Tampere moottoritie,05840
E0:4F:43:1D:5A:0A,SmartGate_529359,50.23558044,14.73441505,E0:4F:43,6,wpa2,2017-10-04T15:00:00.000Z,2024-10-23T13:00:00.000Z,,Střední Čechy,CZ,D10,294 74
E0:4F:43:1D:5A:0B,SmartGate_529253,48.95958328,12.04857922,E0:4F:43,6,wpa2,2024-10-11T12:00:00.000Z,2024-10-13T01:00:00.000Z,,Bayern,DE,B 16,93080
E0:4F:43:1D:5A:16,SmartGate_151077,61.49554062,21.79848671,E0:4F:43,6,wpa2,2017-08-29T16:00:00.000Z,2026-03-22T03:00:00.000Z,Pori,Manner-Suomi,FI,Siltapuistokatu,28100
E0:4F:43:1D:5A:19,SmartGate_118121,60.19997406,24.78736305,E0:4F:43,6,wpa2,2017-09-25T17:00:00.000Z,2026-05-22T12:00:00.000Z,Espoo,Manner-Suomi,FI,Turveradantie,02130
E0:4F:43:1D:5A:20,SmartGate_519548,60.18774414,24.91368294,E0:4F:43,6,wpa2,2020-11-12T16:00:00.000Z,2025-05-31T13:00:00.000Z,Helsinki,Manner-Suomi,FI,Topeliuksenkatu,00250
E0:4F:43:1D:5A:26,SMARTGATE_123456,53.55001068,10.0259161,E0:4F:43,6,wep,2025-10-23T23:00:00.000Z,2025-11-18T04:00:00.000Z,Hamburg,Hamburg-Mitte,DE,Wandalenweg,20097
E0:4F:43:1D:5A:2D,SmartGate_157359,62.60232544,29.80394363,E0:4F:43,6,wpa2,2024-08-08T12:00:00.000Z,2025-06-25T01:00:00.000Z,Joensuu,Manner-Suomi,FI,Pohjolankatu,80260
E0:4F:43:1D:5A:2E,SmartGate_519892,60.18216705,24.76099777,E0:4F:43,6,wpa2,2017-03-31T16:00:00.000Z,2026-05-03T14:00:00.000Z,Espoo,Manner-Suomi,FI,Juhannustie,02200
E0:4F:43:1D:5A:31,SmartGate_116862,48.29517365,11.63361454,E0:4F:43,6,wpa2,2017-06-07T16:00:00.000Z,2026-01-25T09:00:00.000Z,Eching,Bayern,DE,FS 20,85386
E0:4F:43:1D:5A:34,SmartGate_150522,62.89675522,27.67450523,E0:4F:43,6,wpa2,2021-09-23T08:00:00.000Z,2026-03-18T09:00:00.000Z,Kuopio,Manner-Suomi,FI,Mäkikatu,70110
E0:4F:43:1D:5A:3B,SmartGate_118247,51.05308914,13.77921772,E0:4F:43,6,wpa2,2026-04-20T05:00:00.000Z,2026-04-20T08:00:00.000Z,Dresden,Sachsen,DE,Blasewitzer Straße,01307
E0:4F:43:1D:5A:3F,SmartGate_116864,48.35180283,10.89452267,E0:4F:43,6,wpa2,2023-04-17T16:00:00.000Z,2024-10-21T13:00:00.000Z,Augsburg,Bayern,DE,Firnhaberstraße,86159
E0:4F:43:1D:5A:41,SmartGate_157061,62.22379684,25.7009964,E0:4F:43,6,wpa2,2017-04-27T10:00:00.000Z,2024-09-17T23:00:00.000Z,Jyväskylä,Manner-Suomi,FI,Varakivi,40640
E0:4F:43:1D:5A:49,SmartGate_519749,60.22908401,24.91750526,E0:4F:43,6,wpa2,2018-11-09T16:00:00.000Z,2026-05-20T07:00:00.000Z,Helsinki,Manner-Suomi,FI,Pirkkolantie,00630
E0:4F:43:1D:5A:4C,SmartGate_113655,60.21738052,24.95948029,E0:4F:43,6,wpa2,2022-06-15T16:00:00.000Z,2025-09-19T06:00:00.000Z,Helsinki,Manner-Suomi,FI,Käpyläntie,00600
E0:4F:43:1D:5A:52,SmartGate_165352,60.85279083,25.55516434,E0:4F:43,6,wpa2,2018-09-16T16:00:00.000Z,2025-02-04T10:00:00.000Z,,Manner-Suomi,FI,Lahdenväylä,
E0:4F:43:1D:5A:56,SmartGate_151318,60.21190262,24.83307457,E0:4F:43,6,wpa2,2017-11-22T06:00:00.000Z,2025-08-26T07:00:00.000Z,Espoo,Manner-Suomi,FI,Vermontie,02600
E0:4F:43:1D:5A:59,SmartGate_519066,60.31390381,25.05296707,E0:4F:43,6,wpa2,2017-11-07T07:00:00.000Z,2025-04-12T04:00:00.000Z,Vantaa,Manner-Suomi,FI,Rosenlundintie,01360
E0:4F:43:1D:5A:5A,SmartGate_116500,51.37727737,6.76295948,E0:4F:43,6,wpa2,2019-03-01T13:00:00.000Z,2025-12-02T11:00:00.000Z,Duisburg,Nordrhein-Westfalen,DE,Sittardsberger Allee,47249
E0:4F:43:1D:5A:5B,SmartGate_529236,62.21886063,25.71791649,E0:4F:43,6,wpa2,2018-11-30T14:00:00.000Z,2026-06-13T09:00:00.000Z,Jyväskylä,Manner-Suomi,FI,Pengertie,40101
E0:4F:43:1D:5A:62,SmartGate_045861,49.39556503,11.08112431,E0:4F:43,6,wpa2,2017-10-06T18:00:00.000Z,2026-07-17T10:00:00.000Z,Nürnberg,Bayern,DE,A 73,90455
E0:4F:43:1D:5A:67,SmartGate_530111,61.11145782,24.13920975,E0:4F:43,6,wpa2,2019-06-18T18:00:00.000Z,2026-01-23T07:00:00.000Z,Hämeenlinna,Manner-Suomi,FI,Valtatie 3,14500
E0:4F:43:1D:5A:69,SmartGate_115337,60.18805695,24.9960537,E0:4F:43,6,wpa2,2001-01-01T02:00:00.000Z,2025-06-25T07:00:00.000Z,Helsinki,Manner-Suomi,FI,Wäinö Aaltosen tie,00570
E0:4F:43:1D:5A:6A,SmartGate_521295,51.42119217,-0.40077171,E0:4F:43,6,wpa2,2024-02-09T08:00:00.000Z,2024-08-12T12:00:00.000Z,,England,GB,Batavia Road,TW16 5LS
E0:4F:43:1D:5A:6C,SmartGate_153350,60.23383713,24.8588829,E0:4F:43,6,wpa2,2021-11-28T13:00:00.000Z,2024-11-26T06:00:00.000Z,Helsinki,Manner-Suomi,FI,Kehä I,00370
E0:4F:43:1D:5A:6F,SmartGate_155350,60.48182678,24.86375237,E0:4F:43,6,wpa2,2021-10-26T15:00:00.000Z,2025-10-26T11:00:00.000Z,,Manner-Suomi,FI,Aspinniituntie,00901
E0:4F:43:1D:5A:72,SmartGate_518951,45.77497101,21.2214241,E0:4F:43,6,wpa2,2018-06-27T17:00:00.000Z,2025-11-28T08:00:00.000Z,Timișoara,Timiș,RO,Calea Aradului,300289
E0:4F:43:1D:5A:73,SmartGate_151115,60.27953339,25.00217438,E0:4F:43,6,wpa2,2019-02-07T13:00:00.000Z,2026-03-07T08:00:00.000Z,Helsinki,Manner-Suomi,FI,Revontulentie,00740
E0:4F:43:1D:5A:79,SmartGate_157764,60.23020554,24.85284042,E0:4F:43,6,wpa2,2022-06-03T14:00:00.000Z,2025-11-01T15:00:00.000Z,Helsinki,Manner-Suomi,FI,Kokkokalliontie,00370
E0:4F:43:1D:5A:7C,SmartGate_150771,46.91856003,9.7527895,E0:4F:43,6,wpa2,2017-08-01T18:00:00.000Z,2025-08-14T07:00:00.000Z,,Graubünden/Grischun/Grigioni,CH,Prättigauerstrasse,7224
E0:4F:43:1D:5A:81,SmartGate_157942,53.31972885,10.05988216,E0:4F:43,6,wpa2,2021-12-18T11:00:00.000Z,2026-07-25T16:00:00.000Z,,Niedersachsen,DE,A 7,21438
E0:4F:43:1D:5A:82,SmartGate_156925,61.4573555,23.82046318,E0:4F:43,6,wpa2,2018-07-25T11:00:00.000Z,2026-06-04T04:00:00.000Z,Tampere,Manner-Suomi,FI,Lukonlahdentie,33820
E0:4F:43:1D:5A:87,SmartGate_115353,60.20916748,24.93329811,E0:4F:43,6,wpa2,2017-10-25T21:00:00.000Z,2024-09-29T03:00:00.000Z,Helsinki,Manner-Suomi,FI,Veturitie,00240
E0:4F:43:1D:5A:9B,SmartGate_117123,48.03886414,11.69570923,E0:4F:43,6,wpa2,2018-06-30T21:00:00.000Z,2026-05-16T13:00:00.000Z,,Bayern,DE,Kirchstockacher Straße,85662
E0:4F:43:1D:5A:9E,SmartGate_154472,47.502285,8.68946838,E0:4F:43,6,wpa2,2024-08-30T07:00:00.000Z,2024-09-27T14:00:00.000Z,Winterthur,Zürich,CH,A1;A4,8408
E0:4F:43:1D:5A:9F,SmartGate_157001,60.25667191,24.8542366,E0:4F:43,6,wpa2,2018-08-30T15:00:00.000Z,2026-04-04T06:00:00.000Z,Vantaa,Manner-Suomi,FI,Kilterinkulma,01600
E0:4F:43:1D:5A:A0,SmartGate_166751,47.45569229,8.30781841,E0:4F:43,6,wpa2,2017-09-08T17:00:00.000Z,2025-06-27T03:00:00.000Z,Neuenhof,Aargau,CH,A1;A3,5432
E0:4F:43:1D:5A:A7,SmartGate_166211,50.05434418,6.06724167,E0:4F:43,6,wpa2,2023-10-10T11:00:00.000Z,2025-08-12T09:00:00.000Z,,Canton Clervaux,LU,N 7,9764
E0:4F:43:1D:5A:AA,SmartGate_519919,51.037117,13.6063242,E0:4F:43,6,wpa2,2017-04-04T07:00:00.000Z,2024-12-08T23:00:00.000Z,Dresden,Sachsen,DE,B 173,01156
E0:4F:43:1D:5A:AE,SMARTGATE_123456,63.10433578,21.62998009,E0:4F:43,6,wpa2,2018-06-02T11:00:00.000Z,2026-01-19T08:00:00.000Z,Vaasa,Manner-Suomi,FI,Kalastajankatu,65101
E0:4F:43:1D:5A:B0,SmartGate_521592,60.20247269,24.78525162,E0:4F:43,6,wpa2,2021-02-15T09:00:00.000Z,2025-07-16T10:00:00.000Z,Espoo,Manner-Suomi,FI,Sinimäentie,02630
E0:4F:43:1D:5A:B1,SmartGate_529819,49.52896881,12.9410696,E0:4F:43,6,wpa2,2025-04-30T16:00:00.000Z,2025-04-30T09:00:00.000Z,Horšovský Týn,Jihozápad,CZ,Dr. E. Beneše,346 01
E0:4F:43:1D:5A:B2,SmartGate_115247,47.04462051,15.96633148,E0:4F:43,6,wpa2,2018-04-29T20:00:00.000Z,2025-05-11T06:00:00.000Z,,Steiermark,AT,Söchauerstraße,8362
E0:4F:43:1D:5A:B5,SMARTGATE_123456,60.23074341,24.87247467,E0:4F:43,6,wpa2,2017-03-22T19:00:00.000Z,2025-03-05T04:00:00.000Z,Helsinki,Manner-Suomi,FI,Niitynperäntie,00440
E0:4F:43:1D:5A:BA,SmartGate_518897,60.21822739,24.9657383,E0:4F:43,6,wpa2,2018-12-01T23:00:00.000Z,2026-06-13T16:00:00.000Z,Helsinki,Manner-Suomi,FI,Antti Korpin tie,00600
E0:4F:43:1D:5A:C0,SmartGate_154807,49.17495346,10.02308941,E0:4F:43,6,wpa2,2023-12-01T14:00:00.000Z,2024-08-30T03:00:00.000Z,,Baden-Württemberg,DE,A 6,74564
E0:4F:43:1D:5A:C1,SmartGate_518842,60.19910049,24.92962646,E0:4F:43,6,wpa2,2017-04-18T14:00:00.000Z,2025-05-23T10:00:00.000Z,Helsinki,Manner-Suomi,FI,Firdonkatu,00520
E0:4F:43:1D:5A:C3,SmartGate_150704,60.1690712,24.74240875,E0:4F:43,6,wpa2,2017-08-20T17:00:00.000Z,2025-11-24T00:00:00.000Z,Espoo,Manner-Suomi,FI,Päivätie,02230
E0:4F:43:1D:5A:C5,SmartGate_519535,58.28457642,12.30679893,E0:4F:43,6,wpa2,2023-07-04T10:00:00.000Z,2026-04-05T07:00:00.000Z,,Västra Götalands län,SE,Edsborgsvägen,46139
E0:4F:43:1D:5A:CE,SmartGate_152623,61.0659256,28.1860733,E0:4F:43,6,wpa2,2017-08-02T10:00:00.000Z,2026-07-27T05:00:00.000Z,Lappeenranta,Manner-Suomi,FI,Satamatie,53900
E0:4F:43:1D:5A:D0,SmartGate_166618,47.41318893,9.25225735,E0:4F:43,6,wpa2,2018-01-26T15:00:00.000Z,2025-02-21T06:00:00.000Z,,Sankt Gallen,CH,Poststrasse,9200
E0:4F:43:1D:5A:D2,SMARTGATE_123456,48.42190552,9.47292423,E0:4F:43,6,wpa2,2021-12-29T13:00:00.000Z,2024-10-13T06:00:00.000Z,,Baden-Württemberg,DE,B 465,72525
E0:4F:43:1D:5A:D6,SmartGate_519900,61.49850845,23.87994957,E0:4F:43,6,wpa2,2017-12-14T17:00:00.000Z,2026-07-31T03:00:00.000Z,Tampere,Manner-Suomi,FI,Heikkilänkatu,33580
E0:4F:43:1D:5A:D8,SmartGate_155428,60.23223114,24.68715668,E0:4F:43,6,wpa2,2023-09-22T14:00:00.000Z,2025-10-08T05:00:00.000Z,Espoo,Manner-Suomi,FI,Kehä III,02940
E0:4F:43:1D:5A:DA,SmartGate_172559,60.15699768,24.67996597,E0:4F:43,6,wpa2,2017-05-12T17:00:00.000Z,2026-05-25T23:00:00.000Z,Espoo,Manner-Suomi,FI,Ensitie,02300
E0:4F:43:1D:5A:DB,SmartGate_116939,48.68622971,9.21056747,E0:4F:43,6,wpa2,2017-07-05T14:00:00.000Z,2026-05-05T14:00:00.000Z,Stuttgart,Baden-Württemberg,DE,Flughafenstraße,70599
E0:4F:43:1D:5A:DF,SMARTGATE_123456,62.13703918,17.33892822,E0:4F:43,6,wpa2,2025-07-14T09:00:00.000Z,2025-07-14T04:00:00.000Z,Gnarps distrikt,Gävleborgs län,SE,E 4,
E0:4F:43:1D:5A:E1,SmartGate_176206,54.6983757,25.29034042,E0:4F:43,6,wpa2,2024-04-28T13:00:00.000Z,2026-05-03T09:00:00.000Z,Vilnius,Vilniaus apskritis,LT,Kazliškių g.,09204
E0:4F:43:1D:5A:E5,SmartGate_155380,50.08222961,14.34405041,E0:4F:43,6,wpa2,2019-09-20T16:00:00.000Z,2024-11-07T13:00:00.000Z,Hlavní město Praha,Praha,CZ,Na Klášterním,16200
E0:4F:43:1D:5A:E7,SmartGate_530155,51.00741577,6.99356651,E0:4F:43,6,wpa2,2017-10-02T07:00:00.000Z,2026-05-12T09:00:00.000Z,Köln,Nordrhein-Westfalen,DE,Düsseldorfer Straße,51061
E0:4F:43:1D:5A:E9,SMARTGATE_123456,46.96880722,15.38749027,E0:4F:43,6,wpa2,2024-10-27T18:00:00.000Z,2024-10-27T12:00:00.000Z,Premstätten,Steiermark,AT,Süd Autobahn,8141
E0:4F:43:1D:5A:FB,SmartGate_045769,61.50383759,23.88786125,E0:4F:43,6,wpa2,2020-09-25T08:00:00.000Z,2024-12-22T05:00:00.000Z,Tampere,Manner-Suomi,FI,,33580
E0:4F:43:1D:5A:FC,SmartGate_521205,48.17879868,16.37368965,E0:4F:43,6,wpa2,2025-11-07T16:00:00.000Z,2025-12-28T13:00:00.000Z,Wien,Favoriten,AT,Laxenburger Straße,1100
E0:4F:43:1D:5B:01,SmartGate_118258,50.9642868,3.5861702,E0:4F:43,6,wpa2,2017-09-24T13:00:00.000Z,2026-06-22T00:00:00.000Z,,Oost-Vlaanderen,BE,E17,9810
E0:4F:43:1D:5B:03,SmartGate_025598,44.45162582,26.12589836,E0:4F:43,6,wpa2,2022-07-16T20:00:00.000Z,2025-04-03T22:00:00.000Z,Municipiul București,Obor,RO,Șoseaua Colentina,021152
E0:4F:43:1D:5B:07,SmartGate_529473,51.29699326,7.31752014,E0:4F:43,6,wpa2,2017-09-22T17:00:00.000Z,2026-03-23T10:00:00.000Z,,Nordrhein-Westfalen,DE,Aufsicht,58256
E0:4F:43:1D:5B:0B,SmartGate_152309,62.92007446,27.67602348,E0:4F:43,6,wpa2,2019-03-13T13:00:00.000Z,2026-05-20T06:00:00.000Z,Kuopio,Manner-Suomi,FI,Kallantie,70340
E0:4F:43:1D:5B:0C,SmartGate_151025,56.94654465,24.1043148,E0:4F:43,6,wpa2,2024-09-13T13:00:00.000Z,2024-09-17T12:00:00.000Z,Rīga,Vidzeme,LV,11. novembra krastmala,LV-1919
E0:4F:43:1D:5B:18,SmartGate_152005,60.18293381,24.69019508,E0:4F:43,6,wpa2,2019-04-20T16:00:00.000Z,2026-03-23T02:00:00.000Z,Espoo,Manner-Suomi,FI,Malminmäentie,02280
E0:4F:43:1D:5B:1A,SmartGate_176225,49.56211472,6.31191492,E0:4F:43,6,wpa2,2025-06-02T10:00:00.000Z,2026-03-04T08:00:00.000Z,,Canton Remich,LU,Rue d'Oetrange,5402
E0:4F:43:1D:5B:1B,SmartGate_153047,60.18715668,24.92922211,E0:4F:43,6,wpa2,2017-12-07T09:00:00.000Z,2026-04-30T05:00:00.000Z,Helsinki,Manner-Suomi,FI,Hammarskjöldintie,00260
E0:4F:43:1D:5B:24,SmartGate_165458,50.12274551,14.48514175,E0:4F:43,6,wpa2,2018-09-07T18:00:00.000Z,2026-04-30T07:00:00.000Z,Hlavní město Praha,Praha,CZ,Habartická,19000
E0:4F:43:1D:5B:2A,SmartGate_160117,52.32823563,4.79842329,E0:4F:43,6,wpa2,2017-06-03T18:00:00.000Z,2026-03-08T09:00:00.000Z,,Noord-Holland,NL,Rijksweg A4,1171KG
E0:4F:43:1D:5B:2F,SmartGate_114131,60.4347496,22.22297859,E0:4F:43,6,wpa2,2024-07-31T07:00:00.000Z,2025-01-06T05:00:00.000Z,Turku,Manner-Suomi,FI,2. Poikkikatu,20200
E0:4F:43:1D:5B:30,SmartGate_114682,51.1938591,12.98649216,E0:4F:43,6,wpa2,2025-03-16T15:00:00.000Z,2025-03-16T15:00:00.000Z,,Sachsen,DE,A 14,04703
E0:4F:43:1D:5B:32,SmartGate_116664,50.03848267,15.78045559,E0:4F:43,6,wpa2,2023-11-24T16:00:00.000Z,2025-01-04T01:00:00.000Z,,Severovýchod,CZ,Komenského náměstí,63002
E0:4F:43:1D:5B:36,SmartGate_523974,50.83926773,12.84554768,E0:4F:43,6,wpa2,2023-01-11T14:00:00.000Z,2025-10-12T04:00:00.000Z,Chemnitz,Sachsen,DE,A 72,09117
E0:4F:43:1D:5B:37,SmartGate_173605,61.05125809,28.1959343,E0:4F:43,6,wpa2,2017-11-13T07:00:00.000Z,2026-06-21T07:00:00.000Z,Lappeenranta,Manner-Suomi,FI,Kalervonkatu,53100
E0:4F:43:1D:5B:39,SmartGate_525550,52.30701828,6.70651054,E0:4F:43,6,wpa2,2018-06-01T12:00:00.000Z,2025-08-31T06:00:00.000Z,,Overijssel,NL,A1,7625SZ
E0:4F:43:1D:5B:3E,SmartGate_523685,47.4390564,14.50285244,E0:4F:43,6,wpa2,2021-08-01T15:00:00.000Z,2026-07-03T12:00:00.000Z,,Steiermark,AT,Tauernstraße,8785
E0:4F:43:1D:5B:41,SmartGate_156242,50.05727005,14.42535496,E0:4F:43,6,wpa2,2017-08-08T17:00:00.000Z,2024-08-29T04:00:00.000Z,Hlavní město Praha,Praha,CZ,Na Dolinách,14700
E0:4F:43:1D:5B:45,SmartGate_523625,49.68239212,18.34765434,E0:4F:43,6,wpa2,2021-07-19T15:00:00.000Z,2024-12-13T11:00:00.000Z,Frýdek-Místek,Moravskoslezsko,CZ,Na Příkopě,738 01
E0:4F:43:1D:5B:48,SmartGate_528284,51.26056671,12.42842865,E0:4F:43,6,wpa2,2018-01-25T18:00:00.000Z,2025-02-23T06:00:00.000Z,,Sachsen,DE,Am Feriendorf,04416
E0:4F:43:1D:5B:50,SmartGate_124804,49.79924011,9.94142437,E0:4F:43,6,wpa2,2021-09-25T15:00:00.000Z,2024-11-19T11:00:00.000Z,Würzburg,Bayern,DE,Berliner Platz,97080
E0:4F:43:1D:5B:52,SmartGate_120534,55.48071671,12.18555641,E0:4F:43,6,wpa2,2017-08-24T12:00:00.000Z,2025-06-15T03:00:00.000Z,,Region Sjælland,DK,Lyngvej,4600
E0:4F:43:1D:5B:55,SmartGate_160346,51.49166489,7.63029909,E0:4F:43,6,wpa2,2020-09-27T10:00:00.000Z,2026-05-17T08:00:00.000Z,,Nordrhein-Westfalen,DE,A 1,59439
E0:4F:43:1D:5B:5B,SmartGate_046085,49.39506531,15.58875561,E0:4F:43,6,wpa2,2022-11-03T14:00:00.000Z,2026-02-27T15:00:00.000Z,Jihlava,Jihovýchod,CZ,Mrštíkova,58601
E0:4F:43:1D:5B:5E,SmartGate_528399,60.24780273,24.91349411,E0:4F:43,6,wpa2,2017-05-13T15:00:00.000Z,2025-03-18T07:00:00.000Z,Helsinki,Manner-Suomi,FI,Niittyluhdantie,00675
E0:4F:43:1D:5B:64,SmartGate_541120,54.96675873,-1.61571133,E0:4F:43,6,wpa2,2019-05-13T14:00:00.000Z,2025-02-25T06:00:00.000Z,Newcastle upon Tyne,England,GB,Sussex Street,NE1 1AD
E0:4F:43:1D:5B:66,SmartGate_166310,61.4623642,23.73085594,E0:4F:43,6,wpa2,2019-05-27T16:00:00.000Z,2025-10-22T03:00:00.000Z,Tampere,Manner-Suomi,FI,Tampereen läntinen kehätie,33920
E0:4F:43:1D:5B:6A,SmartGate_528212,51.1332016,16.99141884,E0:4F:43,6,wpa2,2018-05-14T19:00:00.000Z,2025-01-23T03:00:00.000Z,,województwo dolnośląskie,PL,Osobowicka,51-010
E0:4F:43:1D:5B:6E,SmartGate_115076,60.21587753,24.99266624,E0:4F:43,6,wpa2,2018-05-07T12:00:00.000Z,2026-06-29T05:00:00.000Z,Helsinki,Manner-Suomi,FI,Katariina Saksilaisen katu,00650
E0:4F:43:1D:5B:71,SmartGate_525439,51.05143738,13.76286411,E0:4F:43,6,wpa2,2017-04-26T10:00:00.000Z,2026-01-13T03:00:00.000Z,Dresden,Sachsen,DE,Dürerstraße,01307
E0:4F:43:1D:5B:75,SmartGate_524083,57.6454277,18.33209229,E0:4F:43,6,wpa2,2025-07-27T15:00:00.000Z,2025-07-27T09:00:00.000Z,,Gotlands län,SE,Halkbana,62141
E0:4F:43:1D:5B:77,SmartGate_522364,49.07078171,16.28940582,E0:4F:43,6,wpa2,2026-06-02T15:00:00.000Z,2026-06-02T08:00:00.000Z,,Jihovýchod,CZ,152,672 01
E0:4F:43:1D:5B:78,SmartGate_530882,60.22844696,24.82868195,E0:4F:43,6,wpa2,2026-01-06T13:00:00.000Z,2026-01-06T14:00:00.000Z,Espoo,Manner-Suomi,FI,Kehä I,02680
E0:4F:43:1D:5B:79,SMARTGATE_123456,46.25465393,14.38271999,E0:4F:43,6,wpa2,2020-02-11T17:00:00.000Z,2026-03-20T01:00:00.000Z,,Šenčur,SI,A2 (Karavanke-Ljubljana),4212
E0:4F:43:1D:5B:7A,SmartGate_165604,50.05736923,14.3731432,E0:4F:43,6,wpa2,2018-01-22T09:00:00.000Z,2025-03-13T13:00:00.000Z,Hlavní město Praha,Praha,CZ,Bohumila Šimůnka,15800
E0:4F:43:1D:5B:7B,SMARTGATE_123456,61.47337341,23.87212563,E0:4F:43,6,wpa2,2024-09-03T11:00:00.000Z,2024-09-03T05:00:00.000Z,Tampere,Manner-Suomi,FI,Keskisenkatu,33710
E0:4F:43:1D:5B:7D,SmartGate_523421,60.1736412,24.74482155,E0:4F:43,6,wpa2,2018-11-25T19:00:00.000Z,2025-03-12T15:00:00.000Z,Espoo,Manner-Suomi,FI,Uuskartanontie,02250
E0:4F:43:1D:5B:7E,SmartGate_152081,60.2320137,24.83119583,E0:4F:43,6,wpa2,2017-06-17T10:00:00.000Z,2026-06-26T11:00:00.000Z,Espoo,Manner-Suomi,FI,Heikunantie,02680
E0:4F:43:1D:5B:83,SmartGate_519004,60.26089096,24.90770912,E0:4F:43,6,wpa2,2021-03-05T14:00:00.000Z,2025-09-20T04:00:00.000Z,Helsinki,Manner-Suomi,FI,Haltiavuorentaival,00430
E0:4F:43:1D:5B:87,SmartGate_171830,60.17302322,24.92568016,E0:4F:43,6,wpa2,2017-10-03T07:00:00.000Z,2025-09-15T05:00:00.000Z,Helsinki,Manner-Suomi,FI,Lutherinkatu,00100
E0:4F:43:1D:5B:88,SmartGate_158803,60.20082092,25.04356194,E0:4F:43,6,wpa2,2017-03-11T16:00:00.000Z,2025-12-08T07:00:00.000Z,Helsinki,Manner-Suomi,FI,Mekaanikonkatu,00880
E0:4F:43:1D:5B:89,SmartGate_526760,60.22467041,25.02519226,E0:4F:43,6,wpa2,2017-10-30T07:00:00.000Z,2026-08-08T08:00:00.000Z,Helsinki,Manner-Suomi,FI,Tilanhoitajankaari,00790
E0:4F:43:1D:5B:8A,SmartGate_164861,48.40808487,15.63003826,E0:4F:43,6,wpa2,2021-11-04T07:00:00.000Z,2024-08-28T00:00:00.000Z,,Niederösterreich,AT,Hafenstraße,3500
E0:4F:43:1D:5B:8C,SmartGate_528567,58.30154419,12.32263565,E0:4F:43,6,wpa2,2017-05-01T16:00:00.000Z,2026-03-25T13:00:00.000Z,,Västra Götalands län,SE,Flygfältsvägen,46138
E0:4F:43:1D:5B:8E,SmartGate_167525,60.21972656,24.81624985,E0:4F:43,6,wpa2,2022-06-12T16:00:00.000Z,2025-03-28T10:00:00.000Z,Espoo,Manner-Suomi,FI,Turuntie,02600
E0:4F:43:1D:5B:8F,SmartGate_164485,60.41368103,24.82245064,E0:4F:43,6,wpa2,2017-11-15T17:00:00.000Z,2025-08-15T07:00:00.000Z,,Manner-Suomi,FI,Hämeenlinnantie,01810
E0:4F:43:1D:5B:91,SmartGate_046760,51.09832001,17.04281044,E0:4F:43,6,wpa2,2025-03-09T12:00:00.000Z,2025-03-11T01:00:00.000Z,Wrocław,województwo dolnośląskie,PL,Stanisława Małachowskiego,50-084
E0:4F:43:1D:5B:98,SmartGate_158787,47.3298378,7.84933043,E0:4F:43,6,wpa2,2023-07-02T12:00:00.000Z,2025-08-14T11:00:00.000Z,,Solothurn,CH,Bruggmatt,4616
E0:4F:43:1D:5B:99,SmartGate_115108,52.33472824,8.00078583,E0:4F:43,6,wpa2,2018-04-15T13:00:00.000Z,2026-05-31T10:00:00.000Z,,Niedersachsen,DE,A 1,49134
E0:4F:43:1D:5B:9A,SmartGate_167761,58.43861008,8.74488544,E0:4F:43,6,wpa2,2023-09-05T12:00:00.000Z,2024-12-07T11:00:00.000Z,Arendal,Agder,NO,Åsveien,4817
E0:4F:43:1D:5B:9B,SmartGate_159443,61.04240417,28.22746086,E0:4F:43,6,wpa2,2023-09-10T15:00:00.000Z,2025-09-06T05:00:00.000Z,Lappeenranta,Manner-Suomi,FI,Kaarelankatu,53550
E0:4F:43:1D:5B:A0,SmartGate_046591,49.81347275,18.26828003,E0:4F:43,6,wpa2,2025-09-11T14:00:00.000Z,2025-09-11T07:00:00.000Z,Ostrava,Moravskoslezsko,CZ,Jeremenkova,70300
E0:4F:43:1D:5B:A1,SmartGate_520905,60.16931534,24.80433846,E0:4F:43,6,wpa2,2017-07-12T17:00:00.000Z,2026-05-06T06:00:00.000Z,Espoo,Manner-Suomi,FI,Länsiväylä,02160
E0:4F:43:1D:5B:B0,SmartGate_045860,60.18096542,24.76425743,E0:4F:43,6,wpa2,2020-10-31T16:00:00.000Z,2026-07-13T02:00:00.000Z,Espoo,Manner-Suomi,FI,Mankkaanlaaksontie,02200
E0:4F:43:1D:5B:B3,SmartGate_168134,60.18456268,25.02823067,E0:4F:43,6,wpa2,2017-08-21T13:00:00.000Z,2025-10-28T10:00:00.000Z,Helsinki,Manner-Suomi,FI,Annikanlaituri,00881
E0:4F:43:1D:5B:BB,SmartGate_120144,51.95282364,9.04631996,E0:4F:43,6,wpa2,2024-11-23T12:00:00.000Z,2024-12-17T10:00:00.000Z,,Nordrhein-Westfalen,DE,Dorfstraße,32825
E0:4F:43:1D:5B:C1,SmartGate_177229,60.18758392,24.97737694,E0:4F:43,6,wpa2,2018-10-31T15:00:00.000Z,2024-10-28T23:00:00.000Z,Helsinki,Manner-Suomi,FI,Hermannin rantatie,00580
E0:4F:43:1D:5B:C3,SmartGate_046220,50.68309784,10.92792988,E0:4F:43,6,wpa2,2026-05-05T21:00:00.000Z,2026-05-08T13:00:00.000Z,,Thüringen,DE,Brauhauswiese,98693
E0:4F:43:1D:5B:C5,SmartGate_045774,62.25039291,25.77979469,E0:4F:43,6,wpa2,2018-11-01T15:00:00.000Z,2024-10-22T04:00:00.000Z,Jyväskylä,Manner-Suomi,FI,Runkotie,40320
E0:4F:43:1D:5B:C8,SmartGate_120437,61.48117065,23.60946846,E0:4F:43,6,wpa2,2021-10-05T14:00:00.000Z,2026-02-12T07:00:00.000Z,,Manner-Suomi,FI,,33330
E0:4F:43:1D:5B:CA,SmartGate_046071,60.21279526,24.79231071,E0:4F:43,6,wpa2,2019-06-17T09:00:00.000Z,2026-02-17T04:00:00.000Z,Espoo,Manner-Suomi,FI,Kesäyönpolku,02600
E0:4F:43:1D:5B:D5,SmartGate_116894,52.31958771,9.11414528,E0:4F:43,6,wpa2,2018-07-29T13:00:00.000Z,2025-12-14T07:00:00.000Z,,Niedersachsen,DE,Driegelweg,31693
E0:4F:43:1D:5B:D6,SmartGate_517829,59.41466522,17.93847466,E0:4F:43,6,wpa2,2017-03-08T17:00:00.000Z,2025-08-26T03:00:00.000Z,,Stockholms län,SE,Esbogatan,19144
E0:4F:43:1D:5B:D9,SMARTGATE_123456,58.35401917,11.81383896,E0:4F:43,6,wpa2,2019-08-10T13:00:00.000Z,2025-11-12T08:00:00.000Z,,Västra Götalands län,SE,,45198
E0:4F:43:1D:5B:DD,SmartGate_156657,60.28907013,24.86266327,E0:4F:43,6,wpa2,2020-01-30T15:00:00.000Z,2025-05-04T11:00:00.000Z,,Manner-Suomi,FI,Martinkyläntie,01770
E0:4F:43:1D:5B:DF,SmartGate_161340,49.51955032,6.00172567,E0:4F:43,6,wpa2,2018-10-01T16:00:00.000Z,2025-09-25T08:00:00.000Z,,Canton Esch-sur-Alzette,LU,Autoroute d'Esch,3898
E0:4F:43:1D:5B:E0,SmartGate_524094,57.78232193,14.25514793,E0:4F:43,6,wpa2,2019-08-31T18:00:00.000Z,2025-09-25T12:00:00.000Z,,Jönköpings län,SE,Klövergatan,56151
E0:4F:43:1D:5B:E2,SmartGate_554384,60.2512207,24.99819565,E0:4F:43,6,wpa2,2017-11-09T08:00:00.000Z,2026-07-13T04:00:00.000Z,Helsinki,Manner-Suomi,FI,Markkinatie,00780
E0:4F:43:1D:5B:E8,SmartGate_171606,62.61162567,29.78168297,E0:4F:43,6,wpa2,2017-09-07T16:00:00.000Z,2025-03-21T07:00:00.000Z,Joensuu,Manner-Suomi,FI,Männiköntie,80100
E0:4F:43:1D:5B:E9,SmartGate_046499,52.34410095,20.95156097,E0:4F:43,6,wpa2,2017-04-10T08:00:00.000Z,2026-05-10T20:00:00.000Z,,województwo mazowieckie,PL,Poetów 02,03-151
E0:4F:43:1D:5B:F2,SmartGate_166371,50.52015305,13.7484808,E0:4F:43,6,wpa2,2019-01-30T16:00:00.000Z,2026-05-15T14:00:00.000Z,,Severozápad,CZ,,43401
E0:4F:43:1D:5B:FF,SmartGate_171979,53.52779388,9.8804884,E0:4F:43,6,wpa2,2017-04-27T09:00:00.000Z,2024-09-11T09:00:00.000Z,Hamburg,Hamburg-Mitte,DE,Jadestieg,21129
E0:4F:43:1D:5C:01,SmartGate_117133,53.10017776,8.79718113,E0:4F:43,6,wpa2,2021-12-18T11:00:00.000Z,2026-08-05T13:00:00.000Z,Bremen,Bremen,DE,Autobahnzubringer Überseestadt,28219
E0:4F:43:1D:5C:03,SMARTGATE_123456,51.22685623,7.02322865,E0:4F:43,6,wpa2,2017-08-29T15:00:00.000Z,2025-04-29T23:00:00.000Z,,Nordrhein-Westfalen,DE,Osterholzer Straße,42781
E0:4F:43:1D:5C:05,SmartGate_167995,52.28922653,20.99973869,E0:4F:43,6,wpa2,2017-05-15T18:00:00.000Z,2025-07-19T14:00:00.000Z,Warszawa,województwo mazowieckie,PL,Toruńska,03-216
E0:4F:43:1D:5C:0E,SmartGate_176702,47.82515335,12.96324444,E0:4F:43,6,wpa2,2025-03-07T15:00:00.000Z,2025-03-07T07:00:00.000Z,,Bayern,DE,Traunsteiner Straße,83395
E0:4F:43:1D:5C:16,SmartGate_523852,60.1628685,24.87116051,E0:4F:43,6,wpa2,2026-06-10T03:00:00.000Z,2026-06-09T21:00:00.000Z,Helsinki,Manner-Suomi,FI,Länsiväylä,00200
E0:4F:43:1D:5C:1D,SmartGate_167654,50.09103394,14.4388485,E0:4F:43,6,wpa2,2020-11-11T15:00:00.000Z,2024-09-09T04:00:00.000Z,Hlavní město Praha,Praha,CZ,Sokolovská,116 47
E0:4F:43:1D:5C:20,SmartGate_116967,51.38895416,6.82459307,E0:4F:43,6,wpa2,2018-03-31T17:00:00.000Z,2025-10-14T01:00:00.000Z,Mülheim an der Ruhr,Nordrhein-Westfalen,DE,Broicher Waldweg,45479
E0:4F:43:1D:5C:22,SmartGate_116762,50.5714035,7.02704668,E0:4F:43,6,wpa2,2018-03-25T17:00:00.000Z,2026-05-17T13:00:00.000Z,Grafschaft,Rheinland-Pfalz,DE,B 257,53501
E0:4F:43:1D:5C:24,SmartGate_164913,46.8103447,19.72519493,E0:4F:43,6,wpa2,2022-04-20T09:00:00.000Z,2025-07-13T03:00:00.000Z,,Dél-Alföld,HU,M5,6115
E0:4F:43:1D:5C:30,SmartGate_154211,62.2336998,25.73184967,E0:4F:43,6,wpa2,2020-09-01T20:00:00.000Z,2026-05-07T02:00:00.000Z,Jyväskylä,Manner-Suomi,FI,Ruusupuistonaukio,40600
E0:4F:43:1D:5C:33,SmartGate_522459,49.3538208,14.05445576,E0:4F:43,6,wpa2,2025-08-15T14:00:00.000Z,2025-08-15T08:00:00.000Z,,Jihozápad,CZ,D4,398 31
E0:4F:43:1D:5C:38,SmartGate_528194,58.92178345,24.45753288,E0:4F:43,6,wpa2,2018-03-23T14:00:00.000Z,2025-12-27T07:00:00.000Z,,Rapla maakond,EE,Märjamaa — Koluvere,78313
E0:4F:43:1D:5C:5D,SmartGate_704318,49.63088989,9.72952271,E0:4F:43,6,wpa2,2018-06-26T04:00:00.000Z,2025-11-02T07:00:00.000Z,,Baden-Württemberg,DE,A 81,97947
E0:4F:43:1D:5C:60,SmartGate_523517,60.21089172,24.83119965,E0:4F:43,6,wpa2,2017-06-25T16:00:00.000Z,2026-05-25T23:00:00.000Z,Espoo,Manner-Suomi,FI,Tarvaspääntie,02600
E0:4F:43:1D:5C:64,SmartGate_175957,60.38322449,24.41432571,E0:4F:43,6,wpa2,2025-04-05T13:00:00.000Z,2025-04-06T00:00:00.000Z,,Manner-Suomi,FI,Kehätie,03250
E0:4F:43:1D:5C:67,SmartGate_523929,47.43272781,8.48237038,E0:4F:43,6,wpa2,2024-11-30T15:00:00.000Z,2024-11-30T16:00:00.000Z,,Zürich,CH,Wehntalerstrasse,8105
E0:4F:43:1D:5C:6B,SmartGate_158281,49.17001724,16.42251587,E0:4F:43,6,wpa2,2019-11-26T09:00:00.000Z,2025-01-13T08:00:00.000Z,,Jihovýchod,CZ,3945,664 17
E0:4F:43:1D:5C:6D,SMARTGATE_123456,51.47902298,12.0060358,E0:4F:43,6,wpa2,2020-10-20T17:00:00.000Z,2025-09-28T05:00:00.000Z,Halle,Sachsen-Anhalt,DE,Delitzscher Straße,06112
E0:4F:43:1D:5C:73,SmartGate_160037,62.58879471,29.80826569,E0:4F:43,6,wpa2,2020-06-04T17:00:00.000Z,2026-05-18T07:00:00.000Z,Joensuu,Manner-Suomi,FI,Ilomantsintie,80230
E0:4F:43:1D:5C:75,SmartGate_533642,50.02557755,14.39503193,E0:4F:43,6,wpa2,2017-07-04T12:00:00.000Z,2025-09-02T22:00:00.000Z,Hlavní město Praha,Praha,CZ,Strakonická,15900
E0:4F:43:1D:5C:76,SmartGate_167797,60.34428406,24.88885689,E0:4F:43,6,wpa2,2021-04-21T12:00:00.000Z,2026-04-29T05:00:00.000Z,Vantaa,Manner-Suomi,FI,Lampurintie,01760
E0:4F:43:1D:5C:7A,SmartGate_158359,50.19691086,19.18540192,E0:4F:43,6,wpa2,2026-02-13T11:00:00.000Z,2026-02-13T03:00:00.000Z,Mysłowice,województwo śląskie,PL,A4,41-409
E0:4F:43:1D:5C:89,SmartGate_521255,61.04274368,28.22095299,E0:4F:43,6,wpa2,2020-03-14T10:00:00.000Z,2026-02-24T08:00:00.000Z,Lappeenranta,Manner-Suomi,FI,Hyrymäenkatu,53550
E0:4F:43:1D:5C:96,SmartGate_528276,60.19906998,24.934412,E0:4F:43,6,wpa2,2018-11-07T19:00:00.000Z,2025-01-29T09:00:00.000Z,Helsinki,Manner-Suomi,FI,Ratapihantie,00077
E0:4F:43:1D:5C:99,SmartGate_162012,49.63285828,6.03514576,E0:4F:43,6,wpa2,2019-09-07T09:00:00.000Z,2025-01-31T07:00:00.000Z,,Canton Capellen,LU,Autoroute d'Arlon,8250
E0:4F:43:1D:5C:9B,SmartGate_540613,51.22193146,5.51433897,E0:4F:43,6,wpa2,2025-03-21T08:00:00.000Z,2026-05-04T21:00:00.000Z,,Limburg,BE,Jachtweg,3930
E0:4F:43:1D:5C:AE,SmartGate_117720,50.10851669,14.43354416,E0:4F:43,6,wpa2,2017-10-14T08:00:00.000Z,2024-12-10T07:00:00.000Z,Hlavní město Praha,Praha,CZ,Za Elektrárnou,17000
E0:4F:43:1D:5C:B0,SmartGate_165298,50.07142639,14.41144943,E0:4F:43,6,wpa2,2017-06-06T13:00:00.000Z,2024-11-14T00:00:00.000Z,Hlavní město Praha,Praha,CZ,Smíchovská náplavka,128 00
E0:4F:43:1D:5C:B1,SmartGate_176389,60.20807648,24.78697777,E0:4F:43,6,wpa2,2025-04-29T13:00:00.000Z,2025-12-17T06:00:00.000Z,Espoo,Manner-Suomi,FI,Friisinmäentie,02600
E0:4F:43:1D:5C:B3,SmartGate_540557,49.65023041,8.55189419,E0:4F:43,6,wpa2,2019-12-13T12:00:00.000Z,2026-03-29T08:00:00.000Z,,Hessen,DE,A 67,64653
E0:4F:43:1D:5C:B6,SmartGate_527590,60.34352493,25.04946709,E0:4F:43,6,wpa2,2017-08-18T08:00:00.000Z,2026-06-13T06:00:00.000Z,Vantaa,Manner-Suomi,FI,Kulokukontie,01450
E0:4F:43:1D:5C:B7,SmartGate_120955,51.43553543,11.98583317,E0:4F:43,6,wpa2,2017-04-26T14:00:00.000Z,2026-05-10T07:00:00.000Z,Halle,Sachsen-Anhalt,DE,Willi-Brundert-Straße,06132
E0:4F:43:1D:5C:BD,SmartGate_532218,60.20252609,24.8801918,E0:4F:43,6,wpa2,2022-02-12T12:00:00.000Z,2025-10-31T07:00:00.000Z,Helsinki,Manner-Suomi,FI,Turunväylä,00330
E0:4F:43:1D:5C:C3,SmartGate_125710,60.2402916,24.95856476,E0:4F:43,6,wpa2,2017-08-26T16:00:00.000Z,2025-12-03T02:00:00.000Z,Helsinki,Manner-Suomi,FI,Rakennusmestarintie,00680
E0:4F:43:1D:5C:D6,SmartGate_164458,60.21941757,24.8679409,E0:4F:43,6,wpa2,2017-09-13T18:00:00.000Z,2025-01-19T07:00:00.000Z,Helsinki,Manner-Suomi,FI,Strömberginpolku,00380
E0:4F:43:1D:5C:D8,SmartGate_175601,62.24047089,25.7516098,E0:4F:43,6,wpa2,2001-01-01T02:00:00.000Z,2025-02-04T10:00:00.000Z,Jyväskylä,Manner-Suomi,FI,Hannikaisenkatu,40100
E0:4F:43:1D:5C:D9,SmartGate_046341,50.38918304,13.19999695,E0:4F:43,6,wpa2,2020-10-04T15:00:00.000Z,2026-03-15T17:00:00.000Z,,Severozápad,CZ,Osvobozená,43151
E0:4F:43:1D:5C:DF,SmartGate_174866,60.46257401,24.81947899,E0:4F:43,6,wpa2,2017-05-06T17:00:00.000Z,2026-06-06T10:00:00.000Z,,Manner-Suomi,FI,Heikkiläntie,01900
E0:4F:43:1D:5C:E4,SmartGate_519635,60.87210846,26.65784836,E0:4F:43,6,wpa2,2017-09-12T08:00:00.000Z,2026-08-06T07:00:00.000Z,Kouvola,Manner-Suomi,FI,Tommolankatu,45130
E0:4F:43:1D:5C:E7,SmartGate_165987,60.23028183,24.94700813,E0:4F:43,6,wpa2,2017-03-11T16:00:00.000Z,2025-01-08T07:00:00.000Z,Helsinki,Manner-Suomi,FI,Maapadontie,00620
E0:4F:43:1D:5C:F3,SMARTGATE_123456,52.13584137,10.27972794,E0:4F:43,6,wpa2,2025-07-19T11:00:00.000Z,2025-10-20T07:00:00.000Z,Salzgitter,Niedersachsen,DE,A 39,38228
E0:4F:43:1D:5C:F8,SmartGate_541080,59.42562485,24.72833824,E0:4F:43,6,wpa2,2024-08-26T13:00:00.000Z,2024-08-26T07:00:00.000Z,Tallinn,Harju maakond,EE,Tehnika,10142
E0:4F:43:1D:5D:01,SmartGate_521095,63.15816498,21.97359085,E0:4F:43,6,wpa2,2017-08-03T15:00:00.000Z,2025-08-30T07:00:00.000Z,,Manner-Suomi,FI,Karlebyvägen,66580
E0:4F:43:1D:5D:05,SmartGate_523930,50.74427414,6.82723951,E0:4F:43,6,wpa2,2023-07-27T17:00:00.000Z,2025-05-17T03:00:00.000Z,,Nordrhein-Westfalen,DE,Bröhlpfad,53919
E0:4F:43:1D:5D:0A,SmartGate_704119,52.42387772,9.86912632,E0:4F:43,6,wpa2,2025-05-16T11:00:00.000Z,2025-05-16T04:00:00.000Z,,Niedersachsen,DE,Moorautobahn,30659
E0:4F:43:1D:5D:0B,SmartGate_531579,50.59011841,13.88149071,E0:4F:43,6,wpa2,2025-10-12T10:00:00.000Z,2026-06-21T10:00:00.000Z,,Severozápad,CZ,,41501
E0:4F:43:1D:5D:0C,SmartGate_525093,51.10195541,17.08276939,E0:4F:43,6,wpa2,2017-09-28T14:00:00.000Z,2025-08-18T11:00:00.000Z,,województwo dolnośląskie,PL,Antoniego Wiwulskiego,51-629
E0:4F:43:1D:5D:14,SMARTGATE_123456,59.75138474,18.6926403,E0:4F:43,6,wpa2,2018-08-10T17:00:00.000Z,2026-07-06T07:00:00.000Z,,Stockholms län,SE,Pilotvägen,761 43
E0:4F:43:1D:5D:15,SmartGate_521099,60.36708832,24.96550941,E0:4F:43,6,wpa2,2017-08-08T15:00:00.000Z,2026-08-04T06:00:00.000Z,,Manner-Suomi,FI,Myllykyläntie,01590
E0:4F:43:1D:5D:16,SmartGate_530687,50.10317993,14.55900002,E0:4F:43,6,wpa2,2017-04-26T08:00:00.000Z,2025-08-03T01:00:00.000Z,Hlavní město Praha,Praha,CZ,Ocelkova,198 00
E0:4F:43:1D:5D:1A,SmartGate_124231,48.99646759,16.81247902,E0:4F:43,6,wpa2,2019-11-03T11:00:00.000Z,2024-09-09T04:00:00.000Z,,Jihovýchod,CZ,381,691 12
E0:4F:43:1D:5D:1C,SmartGate_523992,46.96847916,18.16623688,E0:4F:43,6,wpa2,2020-04-23T13:00:00.000Z,2026-06-30T08:00:00.000Z,,Dél-Dunántúl,HU,M7,8171
E0:4F:43:1D:5D:1E,SmartGate_176106,51.01004791,12.43272495,E0:4F:43,6,wpa2,2021-05-04T12:00:00.000Z,2025-06-10T21:00:00.000Z,,Thüringen,DE,Poststraße,04600
E0:4F:43:1D:5D:22,SmartGate_522809,49.20767975,16.60942268,E0:4F:43,6,wpa2,2017-09-22T17:00:00.000Z,2025-10-28T02:00:00.000Z,Brno,Jihovýchod,CZ,Drobného,601 51
E0:4F:43:1D:5D:25,SmartGate_518405,50.19721603,14.65502071,E0:4F:43,6,wpa2,2017-02-15T14:00:00.000Z,2025-04-11T07:00:00.000Z,,Střední Čechy,CZ,V Zahradách,250 02
E0:4F:43:1D:5D:28,SmartGate_704401,52.39310837,13.12288761,E0:4F:43,6,wpa2,2025-11-11T06:00:00.000Z,2025-12-08T10:00:00.000Z,Potsdam,Brandenburg,DE,August-Bebel-Straße,14482
E0:4F:43:1D:5D:2C,SmartGate_528090,49.98927689,14.69998074,E0:4F:43,6,wpa2,2025-08-31T14:00:00.000Z,2025-09-01T02:00:00.000Z,,Střední Čechy,CZ,Černokostelecká,251 62
E0:4F:43:1D:5D:2D,SmartGate_117460,60.21875,25.05416489,E0:4F:43,6,wpa2,2019-01-16T20:00:00.000Z,2026-07-05T09:00:00.000Z,Helsinki,Manner-Suomi,FI,Halistentie,00880
E0:4F:43:1D:5D:30,SmartGate_128121,50.60227203,15.287117,E0:4F:43,6,wpa2,2017-08-26T12:00:00.000Z,2025-06-30T05:00:00.000Z,,Severovýchod,CZ,,51301
E0:4F:43:1D:5D:37,SmartGate_532566,51.6263237,9.79905605,E0:4F:43,6,wpa2,2018-08-25T17:00:00.000Z,2026-06-01T08:00:00.000Z,,Niedersachsen,DE,L 557,37181
E0:4F:43:1D:5D:38,SmartGate_704292,50.97360229,5.78896141,E0:4F:43,6,wpa2,2023-11-20T11:00:00.000Z,2025-11-27T04:00:00.000Z,,Limburg,NL,Kerenshofweg,6167AE
E0:4F:43:1D:5D:3A,SmartGate_150346,61.47101212,23.78605843,E0:4F:43,6,wpa2,2017-04-28T17:00:00.000Z,2025-07-10T08:00:00.000Z,Tampere,Manner-Suomi,FI,Koivistontie,33800
E0:4F:43:1D:5D:3D,SmartGate_116893,52.35945129,13.09824371,E0:4F:43,6,wpa2,2018-10-02T16:00:00.000Z,2025-10-13T08:00:00.000Z,Potsdam,Brandenburg,DE,Heinrich-Mann-Allee,14478
E0:4F:43:1D:5D:3F,SmartGate_127520,50.68797684,15.10708618,E0:4F:43,6,wpa2,2017-12-06T15:00:00.000Z,2025-06-08T03:00:00.000Z,,Severovýchod,CZ,35,468 03
E0:4F:43:1D:5D:45,SmartGate_118072,53.45597458,9.9591732,E0:4F:43,6,wpa2,2021-03-02T16:00:00.000Z,2026-01-08T19:00:00.000Z,Hamburg,Eißendorf,DE,Kirchenhang,21073
E0:4F:43:1D:5D:47,SmartGate_127742,50.91048431,13.32997417,E0:4F:43,6,wpa2,2018-09-17T16:00:00.000Z,2025-05-19T10:00:00.000Z,,Sachsen,DE,Anton-Günther-Straße,09599
E0:4F:43:1D:5D:51,SmartGate_540601,48.28063965,17.84858322,E0:4F:43,6,wpa2,2019-12-19T16:00:00.000Z,2024-11-26T20:00:00.000Z,,Trnavský kraj,SK,,92553
E0:4F:43:1D:5D:5B,SmartGate_120792,50.03603745,15.77909851,E0:4F:43,6,wpa2,2017-03-26T13:00:00.000Z,2024-09-25T09:00:00.000Z,,Severovýchod,CZ,Karla IV.,53002
E0:4F:43:1D:5D:5C,SmartGate_530181,48.38388443,11.08109379,E0:4F:43,6,wpa2,2019-04-01T13:00:00.000Z,2024-09-07T11:00:00.000Z,,Bayern,DE,A 8,86453
E0:4F:43:1D:5D:5E,SmartGate_531083,52.00379562,8.43867111,E0:4F:43,6,wpa2,2017-06-24T14:00:00.000Z,2025-07-03T09:00:00.000Z,,Nordrhein-Westfalen,DE,A 33,33803
E0:4F:43:1D:5D:62,SmartGate_529174,50.54770279,9.6834631,E0:4F:43,6,wpa2,2023-02-22T18:00:00.000Z,2025-05-21T09:00:00.000Z,,Hessen,DE,Künzeller Straße,36043
E0:4F:43:1D:5D:63,SmartGate_113900,61.44613647,23.8529911,E0:4F:43,6,wpa2,2017-05-06T17:00:00.000Z,2025-07-04T22:00:00.000Z,Tampere,Manner-Suomi,FI,Insinöörinkatu,33720
E0:4F:43:1D:5D:68,SmartGate_529257,51.45329666,11.9794054,E0:4F:43,6,wpa2,2024-04-12T12:00:00.000Z,2024-12-01T11:00:00.000Z,,Sachsen-Anhalt,DE,Wachtelweg,06130
E0:4F:43:1D:5D:6A,SMARTGATE_123456,51.02547836,9.48734283,E0:4F:43,6,wpa2,2017-07-02T16:00:00.000Z,2026-06-08T06:00:00.000Z,,Hessen,DE,A 7,34593
E0:4F:43:1D:5D:74,SmartGate_174032,63.14697266,23.34692001,E0:4F:43,6,wpa2,2017-03-22T19:00:00.000Z,2025-12-14T05:00:00.000Z,,Manner-Suomi,FI,,62240
E0:4F:43:1D:5D:75,SmartGate_517895,57.68861008,11.96851826,E0:4F:43,6,wpa2,2019-06-30T17:00:00.000Z,2026-03-15T08:00:00.000Z,Göteborg,Västra Götalands län,SE,Guldhedsgatan,413 21
E0:4F:43:1D:5D:77,SmartGate_529194,60.95460129,24.49114227,E0:4F:43,6,wpa2,2017-08-24T14:00:00.000Z,2025-10-12T05:00:00.000Z,Hämeenlinna,Manner-Suomi,FI,Helsinki-Tampere valtatie,13430
E0:4F:43:1D:5D:7B,SmartGate_540392,46.24177933,27.08576775,E0:4F:43,6,wpa2,2026-05-08T14:00:00.000Z,2026-05-08T10:00:00.000Z,,Bacău,RO,DN2,607523
E0:4F:43:1D:5D:8C,SMARTGATE_123456,52.7661972,12.82118416,E0:4F:43,6,wpa2,2017-06-05T13:00:00.000Z,2025-08-24T11:00:00.000Z,,Brandenburg,DE,A 24,16833
E0:4F:43:1D:5D:8D,SmartGate_120011,47.44861221,8.47504711,E0:4F:43,6,wpa2,2024-05-04T15:00:00.000Z,2026-08-08T05:00:00.000Z,,Zürich,CH,Zielstrasse,8105
E0:4F:43:1D:5D:8F,SmartGate_522224,59.31032181,18.36378098,E0:4F:43,6,wpa2,2023-04-05T17:00:00.000Z,2026-03-12T10:00:00.000Z,,Stockholms län,SE,Hålluddsvägen,134 52
E0:4F:43:1D:5D:91,SmartGate_116953,53.52125931,9.72445869,E0:4F:43,6,wpa2,2019-04-05T10:00:00.000Z,2026-07-19T07:00:00.000Z,Jork,Niedersachsen,DE,Obstmarschenweg,21635
E0:4F:43:1D:5D:92,SmartGate_045919,60.25959778,25.15427017,E0:4F:43,6,wpa2,2017-10-19T16:00:00.000Z,2026-06-28T08:00:00.000Z,,Manner-Suomi,FI,Susiraja,08900
E0:4F:43:1D:5D:95,SmartGate_532590,49.26234436,10.68329239,E0:4F:43,6,wpa2,2018-04-10T16:00:00.000Z,2025-02-13T04:00:00.000Z,Lichtenau,Bayern,DE,A 6,91586
E0:4F:43:1D:5D:9D,SmartGate_537976,52.0615387,4.31809998,E0:4F:43,6,wpa2,2017-07-08T05:00:00.000Z,2025-05-03T10:00:00.000Z,Den Haag,Zuid-Holland,NL,Tak van Poortvlietstraat,2521ZB
E0:4F:43:1D:5D:A0,SmartGate_171614,60.2458992,24.88822365,E0:4F:43,6,wpa2,2017-11-08T07:00:00.000Z,2025-12-03T02:00:00.000Z,Helsinki,Manner-Suomi,FI,Tanotorventie,00420
E0:4F:43:1D:5D:A3,SmartGate_131685,52.96733856,12.63542938,E0:4F:43,6,wpa2,2018-03-13T14:00:00.000Z,2025-07-18T12:00:00.000Z,Temnitzquell,Brandenburg,DE,A 24,16818
E0:4F:43:1D:5D:B2,SmartGate_540848,57.76588821,16.59905243,E0:4F:43,6,wpa2,2018-01-22T15:00:00.000Z,2026-07-31T09:00:00.000Z,,Kalmar län,SE,,59337
E0:4F:43:1D:5D:BE,SmartGate_530347,63.09702682,21.6251297,E0:4F:43,6,wpa2,2017-03-21T07:00:00.000Z,2024-08-23T12:00:00.000Z,Vaasa,Manner-Suomi,FI,Opistokatu,65100
E0:4F:43:1D:5D:C9,SmartGate_118255,51.0529213,6.83398676,E0:4F:43,6,wpa2,2019-06-08T17:00:00.000Z,2025-04-02T08:00:00.000Z,Köln,Nordrhein-Westfalen,DE,Straberger Weg,50769
E0:4F:43:1D:5D:CA,SmartGate_520044,50.98280334,12.46429062,E0:4F:43,6,wpa2,2023-06-01T19:00:00.000Z,2026-06-09T19:00:00.000Z,,Thüringen,DE,B 180,04603
E0:4F:43:1D:5D:CE,SmartGate_114844,50.01343536,9.00999069,E0:4F:43,6,wpa2,2019-09-24T06:00:00.000Z,2026-07-23T22:00:00.000Z,,Hessen,DE,Fischerweg,63533
E0:4F:43:1D:5D:D1,SmartGate_523864,50.07889557,14.34453201,E0:4F:43,6,wpa2,2018-11-20T11:00:00.000Z,2024-11-07T13:00:00.000Z,Hlavní město Praha,Praha,CZ,Vypich,
E0:4F:43:1D:5D:D6,SmartGate_025942,50.72504807,15.59971905,E0:4F:43,6,wpa2,2026-03-14T12:00:00.000Z,2026-03-14T11:00:00.000Z,,Severovýchod,CZ,Vrchlabská,54351
E0:4F:43:1D:5D:DA,SmartGate_115711,53.50867081,10.01839828,E0:4F:43,6,wpa2,2001-01-02T10:00:00.000Z,2025-12-30T09:00:00.000Z,Hamburg,Hamburg-Mitte,DE,Buschweide,21109
E0:4F:43:1D:5D:DB,SmartGate_045675,62.61788559,29.77772522,E0:4F:43,6,wpa2,2018-01-04T16:00:00.000Z,2026-04-02T06:00:00.000Z,Joensuu,Manner-Suomi,FI,Kauppakaari,80100
E0:4F:43:1D:5D:DD,SmartGate_151794,60.1626091,24.73049545,E0:4F:43,6,wpa2,2019-03-16T16:00:00.000Z,2025-07-18T06:00:00.000Z,Espoo,Manner-Suomi,FI,Länsiväylä,02230
E0:4F:43:1D:5D:E0,SmartGate_135818,60.21452332,25.08841705,E0:4F:43,6,wpa2,2024-12-17T10:00:00.000Z,2024-12-17T03:00:00.000Z,Helsinki,Manner-Suomi,FI,Vanhanlinnantie,00900
E0:4F:43:1D:5D:E4,SmartGate_158225,61.49137878,23.77457809,E0:4F:43,6,wpa2,2023-12-19T04:00:00.000Z,2025-07-11T08:00:00.000Z,Tampere,Manner-Suomi,FI,Tampereen valtatie,33100
E0:4F:43:1D:5D:E5,SmartGate_124136,50.13159561,8.97419548,E0:4F:43,6,wpa2,2025-11-26T07:00:00.000Z,2025-11-26T00:00:00.000Z,Hanau,Hessen,DE,B 43a,63457
E0:4F:43:1D:5D:E6,SmartGate_524591,61.47364044,23.87205696,E0:4F:43,6,wpa2,2019-03-23T08:00:00.000Z,2026-02-09T04:00:00.000Z,Tampere,Manner-Suomi,FI,Juvankatu,33710
E0:4F:43:1D:5D:E9,SMARTGATE_123456,49.45150757,10.87336445,E0:4F:43,6,wpa2,2017-12-24T14:00:00.000Z,2026-05-29T12:00:00.000Z,Cadolzburg,Bayern,DE,Dorfstraße,90556
E0:4F:43:1D:5D:EC,SMARTGATE_123456,47.53053665,11.13047314,E0:4F:43,6,wpa2,2022-05-29T19:00:00.000Z,2024-12-23T01:00:00.000Z,,Bayern,DE,Tunnel Farchant,82490
E0:4F:43:1D:5D:F0,SmartGate_046263,60.23397827,24.89815521,E0:4F:43,6,wpa2,2019-06-10T10:00:00.000Z,2025-04-08T07:00:00.000Z,Helsinki,Manner-Suomi,FI,Kehä I,00400
E0:4F:43:1D:5D:F4,SmartGate_526236,59.36275482,15.22751427,E0:4F:43,6,wpa2,2024-07-09T15:00:00.000Z,2024-08-14T09:00:00.000Z,Örebro,Örebro län,SE,50;68,70376
E0:4F:43:1D:5E:01,SmartGate_152277,60.18034744,24.80608368,E0:4F:43,6,wpa2,2018-11-12T11:00:00.000Z,2026-06-04T00:00:00.000Z,Espoo,Manner-Suomi,FI,Opinpolku,02100
E0:4F:43:1D:5E:05,SmartGate_519977,60.15883255,24.69654655,E0:4F:43,6,wpa2,2018-05-31T10:00:00.000Z,2025-10-14T02:00:00.000Z,Espoo,Manner-Suomi,FI,Länsiväylä,02270
E0:4F:43:1D:5E:0B,SmartGate_704177,53.04457474,8.91545296,E0:4F:43,6,wpa2,2022-06-28T11:00:00.000Z,2025-03-16T15:00:00.000Z,Bremen,Bremen,DE,Hermann-Osterloh-Straße,28307
E0:4F:43:1D:5E:0D,SmartGate_045864,50.98905945,4.43969059,E0:4F:43,6,wpa2,2017-07-30T16:00:00.000Z,2026-08-08T09:00:00.000Z,Zemst,Vlaams-Brabant,BE,Nayakker,1980
E0:4F:43:1D:5E:13,SmartGate_124113,50.07091141,14.43084621,E0:4F:43,6,wpa2,2018-08-03T19:00:00.000Z,2025-10-26T00:00:00.000Z,Hlavní město Praha,Praha,CZ,Legerova,12000
E0:4F:43:1D:5E:14,SmartGate_047328,60.24832535,24.91390038,E0:4F:43,6,wpa2,2018-08-24T19:00:00.000Z,2026-05-29T02:00:00.000Z,Helsinki,Manner-Suomi,FI,Niittyluhdantie,00675
E0:4F:43:1D:5E:15,SmartGate_115567,48.66886902,8.96354866,E0:4F:43,6,wpa2,2022-06-12T11:00:00.000Z,2024-08-12T07:00:00.000Z,,Baden-Württemberg,DE,A 81,71139
E0:4F:43:1D:5E:1C,SmartGate_045880,49.58306885,6.1308713,E0:4F:43,6,wpa2,2017-08-07T14:00:00.000Z,2025-10-30T22:00:00.000Z,Luxembourg,Canton Luxembourg,LU,Autoroute de Dudelange,2529
E0:4F:43:1D:5E:23,SmartGate_114348,60.23226547,24.91225433,E0:4F:43,6,wpa2,2020-10-17T17:00:00.000Z,2025-11-12T09:00:00.000Z,Helsinki,Manner-Suomi,FI,Kaarelankuja,00400
E0:4F:43:1D:5E:26,SmartGate_152035,61.43645477,23.76582718,E0:4F:43,6,wpa2,2018-11-13T14:00:00.000Z,2026-01-06T07:00:00.000Z,Tampere,Manner-Suomi,FI,Vuoresojantie,33850
E0:4F:43:1D:5E:27,SmartGate_532099,49.57329941,16.69680977,E0:4F:43,6,wpa2,2017-09-24T14:00:00.000Z,2025-09-24T11:00:00.000Z,,Jihovýchod,CZ,,67936
E0:4F:43:1D:5E:29,SmartGate_524600,51.79626083,19.51027298,E0:4F:43,6,wpa2,2018-10-01T16:00:00.000Z,2025-09-24T09:00:00.000Z,,województwo łódzkie,PL,,92-103
E0:4F:43:1D:5E:2B,SmartGate_116220,51.16762543,6.36876345,E0:4F:43,6,wpa2,2017-06-17T17:00:00.000Z,2024-10-27T02:00:00.000Z,Mönchengladbach,Nordrhein-Westfalen,DE,Kothausen,41179
E0:4F:43:1D:5E:2C,SmartGate_529230,54.14791489,10.39639854,E0:4F:43,6,wpa2,2026-02-24T14:00:00.000Z,2026-07-17T04:00:00.000Z,,Schleswig-Holstein,DE,Ascheberger Straße,24306
E0:4F:43:1D:5E:38,SmartGate_162464,60.22561264,24.87925339,E0:4F:43,6,wpa2,2019-04-20T17:00:00.000Z,2024-12-02T06:00:00.000Z,Helsinki,Manner-Suomi,FI,Vihdintie,00440
E0:4F:43:1D:5E:41,SmartGate_167850,47.35116577,8.71116447,E0:4F:43,6,wpa2,2020-10-09T15:00:00.000Z,2025-03-05T11:00:00.000Z,,Zürich,CH,Zeughausgasse,8610
E0:4F:43:1D:5E:43,SmartGate_152902,60.49803925,22.2656498,E0:4F:43,6,wpa2,2022-07-14T14:00:00.000Z,2024-08-10T09:00:00.000Z,Turku,Manner-Suomi,FI,Turun kehätie,20360
E0:4F:43:1D:5E:46,SMARTGATE_123456,49.24290848,12.13198853,E0:4F:43,6,wpa2,2018-06-28T17:00:00.000Z,2024-10-21T14:00:00.000Z,Teublitz,Bayern,DE,A 93,93158
E0:4F:43:1D:5E:4B,SmartGate_530162,51.05352402,13.72641182,E0:4F:43,6,wpa2,2019-03-14T17:00:00.000Z,2024-11-21T07:00:00.000Z,Dresden,Sachsen,DE,Grüne Straße,01067
E0:4F:43:1D:5E:4D,SmartGate_532578,51.5705452,7.19453859,E0:4F:43,6,wpa2,2018-11-04T13:00:00.000Z,2025-04-08T09:00:00.000Z,Recklinghausen,Nordrhein-Westfalen,DE,Theodor-Körner-Straße,45661
E0:4F:43:1D:5E:4F,SmartGate_118880,49.19164658,16.61495018,E0:4F:43,6,wpa2,2024-10-10T14:00:00.000Z,2024-10-10T09:00:00.000Z,Brno,Jihovýchod,CZ,Nádražní,602 00
E0:4F:43:1D:5E:58,SmartGate_162461,62.58777237,29.77931595,E0:4F:43,6,wpa2,2018-07-21T15:00:00.000Z,2025-12-17T08:00:00.000Z,Joensuu,Manner-Suomi,FI,Tiaisenkatu,80210
E0:4F:43:1D:5E:65,SmartGate_532527,49.13698196,8.59575462,E0:4F:43,6,wpa2,2020-09-12T15:00:00.000Z,2026-06-11T15:00:00.000Z,,Baden-Württemberg,DE,Murgstraße,76646
E0:4F:43:1D:5E:68,SmartGate_519471,68.7927475,16.54357147,E0:4F:43,6,wpa2,2017-09-05T08:00:00.000Z,2026-05-22T12:00:00.000Z,,Troms og Finnmark,NO,Margrethe Jørgensens vei,9406
E0:4F:43:1D:5E:69,SmartGate_150907,61.79623032,27.59922981,E0:4F:43,6,wpa2,2025-03-18T14:00:00.000Z,2025-07-18T02:00:00.000Z,,Manner-Suomi,FI,Tyvisuontie,51760
E0:4F:43:1D:5E:6C,SmartGate_532561,50.46955872,14.10154533,E0:4F:43,6,wpa2,2020-12-25T11:00:00.000Z,2026-05-18T09:00:00.000Z,,Severozápad,CZ,D8,41121
E0:4F:43:1D:5E:75,SmartGate_047334,61.70693207,23.14946175,E0:4F:43,6,wpa2,2025-09-12T05:00:00.000Z,2026-06-17T06:00:00.000Z,,Manner-Suomi,FI,Vaasantie,
E0:4F:43:1D:5E:76,SmartGate_116897,51.03327179,13.56193542,E0:4F:43,6,wpa2,2022-09-02T14:00:00.000Z,2024-10-21T15:00:00.000Z,,Sachsen,DE,B 173,01723
E0:4F:43:1D:5E:77,SmartGate_116671,50.10093689,14.43074226,E0:4F:43,6,wpa2,2018-05-24T09:00:00.000Z,2025-09-18T06:00:00.000Z,Hlavní město Praha,Praha,CZ,Františka Křížka,17000
E0:4F:43:1D:5E:80,SmartGate_046896,50.04366302,14.24115372,E0:4F:43,6,wpa2,2023-06-24T12:00:00.000Z,2026-06-27T07:00:00.000Z,,Střední Čechy,CZ,D5,252 19
E0:4F:43:1D:5E:8A,SmartGate_519331,61.04574203,28.23001862,E0:4F:43,6,wpa2,2017-04-25T15:00:00.000Z,2026-02-24T06:00:00.000Z,Lappeenranta,Manner-Suomi,FI,Eteläkatu,53500
E0:4F:43:1D:5E:8D,SmartGate_525010,51.88178253,20.92809677,E0:4F:43,6,wpa2,2025-09-14T10:00:00.000Z,2025-09-14T04:00:00.000Z,,województwo mazowieckie,PL,Metalowa,05-551
E0:4F:43:1D:5E:94,SmartGate_522588,51.97065353,19.8692131,E0:4F:43,6,wpa2,2022-06-05T15:00:00.000Z,2025-05-02T02:00:00.000Z,,województwo łódzkie,PL,Autostrada Wolności,99-420
E0:4F:43:1D:5E:9B,SmartGate_522484,57.5068512,12.05287361,E0:4F:43,6,wpa2,2023-02-20T08:00:00.000Z,2026-07-17T07:00:00.000Z,,Hallands län,SE,E 6;E 20,43436
E0:4F:43:1D:5E:9E,SmartGate_524204,60.2239418,24.82128906,E0:4F:43,6,wpa2,2025-04-09T08:00:00.000Z,2025-04-10T06:00:00.000Z,Espoo,Manner-Suomi,FI,Ruutikatu,02650
E0:4F:43:1D:5E:9F,SmartGate_171309,48.14915466,11.61687756,E0:4F:43,6,wpa2,2018-03-21T10:00:00.000Z,2025-10-12T16:00:00.000Z,München,Bayern,DE,Denninger Straße,81925
E0:4F:43:1D:5E:A1,SmartGate_124746,48.7996254,16.80068779,E0:4F:43,6,wpa2,2024-08-16T09:00:00.000Z,2024-08-16T03:00:00.000Z,,Jihovýchod,CZ,422,69144
E0:4F:43:1D:5E:A4,SmartGate_519031,62.25246048,17.29439163,E0:4F:43,6,wpa2,2024-04-27T09:00:00.000Z,2025-02-26T22:00:00.000Z,Njurunda distrikt,Västernorrlands län,SE,Y 551,86294
E0:4F:43:1D:5E:B3,SmartGate_176470,60.23970795,24.90769005,E0:4F:43,6,wpa2,2001-12-22T16:00:00.000Z,2026-03-28T07:00:00.000Z,Helsinki,Manner-Suomi,FI,Kaarelanvierto,00400
E0:4F:43:1D:5E:B6,SmartGate_518350,50.11920547,14.50347805,E0:4F:43,6,wpa2,2024-04-15T09:00:00.000Z,2025-10-23T06:00:00.000Z,Hlavní město Praha,Praha,CZ,Čakovická,191 00
E0:4F:43:1D:5E:B7,SmartGate_522648,47.48882294,7.60919428,E0:4F:43,6,wpa2,2019-06-16T09:00:00.000Z,2026-03-26T09:00:00.000Z,,Solothurn,CH,Friedensgasse,4143
E0:4F:43:1D:5E:BB,SmartGate_046552,64.75924683,20.96704865,E0:4F:43,6,wpa2,2018-04-26T14:00:00.000Z,2026-05-01T08:00:00.000Z,,Västerbottens län,SE,E 4,93137
E0:4F:43:1D:5E:C0,SmartGate_045437,60.21105576,24.99637222,E0:4F:43,6,wpa2,2018-12-08T18:00:00.000Z,2026-02-14T08:00:00.000Z,Helsinki,Manner-Suomi,FI,Pornaistenniemen luontopolku,00650
E0:4F:43:1D:5E:C1,SmartGate_155176,50.31943512,12.94656467,E0:4F:43,6,wpa2,2017-03-25T17:00:00.000Z,2026-02-06T07:00:00.000Z,,Severozápad,CZ,13,36301
E0:4F:43:1D:5E:C3,SmartGate_171719,61.13905716,24.11702347,E0:4F:43,6,wpa2,2018-06-02T12:00:00.000Z,2026-04-29T05:00:00.000Z,,Manner-Suomi,FI,,37700
E0:4F:43:1D:5E:D4,SmartGate_047366,49.13671875,16.63564301,E0:4F:43,6,wpa2,2019-03-08T17:00:00.000Z,2025-01-02T06:00:00.000Z,,Jihovýchod,CZ,U Dálnice,64300
E0:4F:43:1D:5E:D5,SmartGate_156065,60.21717453,24.84078407,E0:4F:43,6,wpa2,2017-07-04T15:00:00.000Z,2025-02-28T05:00:00.000Z,Espoo,Manner-Suomi,FI,Ravitie,00360
E0:4F:43:1D:5E:DC,SmartGate_122910,51.05823898,13.7796936,E0:4F:43,6,wpa2,2018-09-28T17:00:00.000Z,2026-06-22T09:00:00.000Z,Dresden,Sachsen,DE,Fetscherstraße,01307
E0:4F:43:1D:5E:DD,SmartGate_122286,60.18236923,24.80025101,E0:4F:43,6,wpa2,2018-09-14T08:00:00.000Z,2026-06-26T11:00:00.000Z,Espoo,Manner-Suomi,FI,Virvattarenpolku,02100
E0:4F:43:1D:5E:DF,SmartGate_522035,49.99538422,14.60020733,E0:4F:43,6,wpa2,2017-10-05T18:00:00.000Z,2025-01-12T11:00:00.000Z,,Střední Čechy,CZ,Nupacká,25101
E0:4F:43:1D:5E:E0,SmartGate_163364,46.08017731,14.530056,E0:4F:43,6,wpa2,2018-02-06T15:00:00.000Z,2025-01-10T11:00:00.000Z,Ljubljana,Stožice,SI,H3 (Razcep Zadobrova - Razcep Koseze) Severna obvoznica,1000
E0:4F:43:1D:5E:E1,SmartGate_115229,52.0147171,8.78479195,E0:4F:43,6,wpa2,2017-12-01T18:00:00.000Z,2025-11-09T14:00:00.000Z,Lage (Lippe),Nordrhein-Westfalen,DE,Trift,32791
E0:4F:43:1D:5E:E2,SmartGate_165301,60.20236588,24.75052261,E0:4F:43,6,wpa2,2019-05-08T12:00:00.000Z,2025-05-05T05:00:00.000Z,Espoo,Manner-Suomi,FI,Klovinpellontie,02180
E0:4F:43:1D:5E:E3,SmartGate_047359,49.43387985,11.21889305,E0:4F:43,6,wpa2,2018-02-21T13:00:00.000Z,2025-12-21T10:00:00.000Z,Fischbach,Bayern,DE,A 9,90475
E0:4F:43:1D:5E:E6,SmartGate_158804,60.26547623,24.9010601,E0:4F:43,6,wpa2,2017-09-27T18:00:00.000Z,2026-06-16T08:00:00.000Z,Helsinki,Manner-Suomi,FI,Kuninkaantammentie,00670
E0:4F:43:1D:5E:F1,SmartGate_175488,60.20450211,25.01913261,E0:4F:43,6,wpa2,2017-11-05T13:00:00.000Z,2026-05-13T09:00:00.000Z,Helsinki,Manner-Suomi,FI,Luontopolku Puumerkki,00881
E0:4F:43:1D:5E:F7,SmartGate_045345,60.23536682,24.89053917,E0:4F:43,6,wpa2,2022-02-10T16:00:00.000Z,2026-02-21T00:00:00.000Z,Helsinki,Manner-Suomi,FI,Kantelettarentie,00420
E0:4F:43:1D:5E:FB,SmartGate_529346,51.30701447,12.57641602,E0:4F:43,6,wpa2,2017-05-10T16:00:00.000Z,2024-09-16T16:00:00.000Z,,Sachsen,DE,Waldwiesen,04683
E0:4F:43:1D:5E:FD,SmartGate_522087,59.38364792,13.47615242,E0:4F:43,6,wpa2,2026-03-18T11:00:00.000Z,2026-04-02T06:00:00.000Z,Karlstad,Värmlands län,SE,Hagalundsvägen,65341
E0:4F:43:1D:5F:01,SmartGate_123022,50.83071136,12.84745502,E0:4F:43,6,wpa2,2024-12-28T13:00:00.000Z,2025-12-17T02:00:00.000Z,Chemnitz,Sachsen,DE,A 72,09117
E0:4F:43:1D:5F:08,SmartGate_025188,49.48524475,15.52316952,E0:4F:43,6,wpa2,2024-11-02T11:00:00.000Z,2024-11-02T08:00:00.000Z,,Jihovýchod,CZ,D1,58801
E0:4F:43:1D:5F:0E,SmartGate_045134,50.04902649,19.93164635,E0:4F:43,6,wpa2,2020-11-18T08:00:00.000Z,2024-10-05T01:00:00.000Z,Kraków,województwo małopolskie,PL,Rondo Grunwaldzkie,30-308
E0:4F:43:1D:5F:1D,SmartGate_048586,51.64160919,7.28026056,E0:4F:43,6,wpa2,2017-12-17T15:00:00.000Z,2026-07-02T08:00:00.000Z,,Nordrhein-Westfalen,DE,Ewaldstraße,45739
E0:4F:43:1D:5F:23,SmartGate_124986,50.50539398,12.14062595,E0:4F:43,6,wpa2,2026-02-21T11:00:00.000Z,2026-02-22T14:00:00.000Z,,Sachsen,DE,Martin-Luther-Straße,08525
E0:4F:43:1D:5F:24,SmartGate_540967,60.15755081,24.68910027,E0:4F:43,6,wpa2,2020-10-28T16:00:00.000Z,2026-06-10T06:00:00.000Z,Espoo,Manner-Suomi,FI,Länsiväylä,02270
E0:4F:43:1D:5F:25,SmartGate_520289,49.7771759,17.12143707,E0:4F:43,6,wpa2,2022-11-07T16:00:00.000Z,2026-03-23T09:00:00.000Z,,Střední Morava,CZ,Šumperská,78391
E0:4F:43:1D:5F:28,SmartGate_172152,60.24203491,24.93574333,E0:4F:43,6,wpa2,2026-03-15T12:00:00.000Z,2026-03-15T13:00:00.000Z,Helsinki,Manner-Suomi,FI,Kehä I,00660
E0:4F:43:1D:5F:2B,SmartGate_540337,64.75453186,20.9705925,E0:4F:43,6,wpa2,2018-05-08T12:00:00.000Z,2025-12-09T09:00:00.000Z,,Västerbottens län,SE,Norrvallagatan,93137
E0:4F:43:1D:5F:2C,SmartGate_124629,50.049366,14.27801323,E0:4F:43,6,wpa2,2025-09-06T16:00:00.000Z,2025-09-06T09:00:00.000Z,Hlavní město Praha,Praha,CZ,D5,15521
E0:4F:43:1D:5F:36,SmartGate_520045,46.07144928,14.51781559,E0:4F:43,6,wpa2,2018-11-13T15:00:00.000Z,2025-01-10T11:00:00.000Z,Ljubljana,Bežigrad,SI,Vojkova cesta,1000
E0:4F:43:1D:5F:3A,SmartGate_163102,60.29570389,24.94418144,E0:4F:43,6,wpa2,2017-04-09T14:00:00.000Z,2025-08-22T11:00:00.000Z,,Manner-Suomi,FI,Kehä III,01520
E0:4F:43:1D:5F:42,SmartGate_524412,59.61398697,16.58657265,E0:4F:43,6,wpa2,2021-06-14T09:00:00.000Z,2025-05-16T08:00:00.000Z,Västerås,Västmanlands län,SE,Klockartorpsgatan,723 44
E0:4F:43:1D:5F:4D,SmartGate_702368,51.86153793,12.65047073,E0:4F:43,6,wpa2,2025-10-23T14:00:00.000Z,2025-10-23T08:00:00.000Z,,Sachsen-Anhalt,DE,Dessauer Ring,06886
E0:4F:43:1D:5F:52,SmartGate_530065,52.22443008,8.20183945,E0:4F:43,6,wpa2,2026-02-06T10:00:00.000Z,2026-02-06T09:00:00.000Z,Bissendorf,Niedersachsen,DE,A 30,49143
E0:4F:43:1D:5F:54,SmartGate_045532,50.05596924,14.60150433,E0:4F:43,6,wpa2,2019-10-04T15:00:00.000Z,2026-06-30T11:00:00.000Z,Hlavní město Praha,Praha,CZ,,10700
E0:4F:43:1D:5F:55,SmartGate_526991,54.89973068,-2.85194039,E0:4F:43,6,wpa2,2017-12-01T12:00:00.000Z,2025-05-18T07:00:00.000Z,Carlisle,England,GB,A69,CA4 8PA
E0:4F:43:1D:5F:59,SmartGate_172079,49.20989227,7.02419662,E0:4F:43,6,wpa2,2024-08-01T17:00:00.000Z,2024-08-12T07:00:00.000Z,Saarbrücken,Saarland,DE,B 51,66130
E0:4F:43:1D:5F:5C,SmartGate_530299,50.10072327,14.24200821,E0:4F:43,6,wpa2,2017-07-13T08:00:00.000Z,2025-04-19T05:00:00.000Z,Jeneč,Střední Čechy,CZ,D6,16100
E0:4F:43:1D:5F:60,SmartGate_115478,60.19444656,24.89437485,E0:4F:43,6,wpa2,2018-09-27T18:00:00.000Z,2026-04-12T10:00:00.000Z,Helsinki,Manner-Suomi,FI,Kallioportaankatu,00300
E0:4F:43:1D:5F:62,SmartGate_135573,51.04345703,13.79464912,E0:4F:43,6,wpa2,2022-04-20T07:00:00.000Z,2025-04-25T14:00:00.000Z,Dresden,Sachsen,DE,Pohlandplatz,01309
E0:4F:43:1D:5F:64,SmartGate_175064,45.79162979,16.23398972,E0:4F:43,6,wpa2,2018-10-18T18:00:00.000Z,2026-01-21T15:00:00.000Z,,Zagrebačka županija,HR,,10370
E0:4F:43:1D:5F:6A,SmartGate_124371,50.65746307,14.04072857,E0:4F:43,6,wpa2,2026-04-13T12:00:00.000Z,2026-05-09T12:00:00.000Z,Ústí nad Labem,Severozápad,CZ,Bílinská,40011
E0:4F:43:1D:5F:6D,SmartGate_117083,49.72305679,17.29775047,E0:4F:43,6,wpa2,2026-06-12T13:00:00.000Z,2026-07-11T06:00:00.000Z,,Střední Morava,CZ,Jívavská,78501
E0:4F:43:1D:5F:6E,SmartGate_529093,61.05108643,28.20498276,E0:4F:43,6,wpa2,2018-11-07T09:00:00.000Z,2026-06-12T05:00:00.000Z,Lappeenranta,Manner-Suomi,FI,Kangastuvankatu,53500
E0:4F:43:1D:5F:72,SmartGate_156306,62.12529755,23.92129135,E0:4F:43,6,wpa2,2001-01-01T00:00:00.000Z,2025-12-13T16:00:00.000Z,,Manner-Suomi,FI,Visuvedentie,
E0:4F:43:1D:5F:7B,SmartGate_522481,60.21768188,25.08384895,E0:4F:43,6,wpa2,2025-11-30T09:00:00.000Z,2025-11-30T02:00:00.000Z,Helsinki,Manner-Suomi,FI,,00900
E0:4F:43:1D:5F:80,SmartGate_111830,61.48107147,23.97091866,E0:4F:43,6,wpa2,2026-06-18T07:00:00.000Z,2026-06-18T00:00:00.000Z,Kangasala,Manner-Suomi,FI,Vatialantie,36220
E0:4F:43:1D:5F:81,SmartGate_520089,48.15782166,17.11967278,E0:4F:43,6,wpa2,2017-11-03T07:00:00.000Z,2024-10-30T01:00:00.000Z,Bratislava,Bratislavský kraj,SK,,812 43
E0:4F:43:1D:5F:87,SmartGate_113000,50.35865402,13.10277843,E0:4F:43,6,wpa2,2017-02-19T17:00:00.000Z,2026-07-25T02:00:00.000Z,,Severozápad,CZ,,43151
E0:4F:43:1D:5F:8E,SmartGate_525688,59.41988754,24.79149246,E0:4F:43,6,wpa2,2017-07-12T13:00:00.000Z,2025-02-05T08:00:00.000Z,Tallinn,Harju maakond,EE,Tartu mnt,11411
E0:4F:43:1D:5F:8F,SmartGate_529693,51.02065277,13.78957176,E0:4F:43,6,wpa2,2023-03-18T22:00:00.000Z,2025-03-07T06:00:00.000Z,Dresden,Sachsen,DE,Lohrmannstraße,01237
E0:4F:43:1D:5F:90,SmartGate_531304,49.94416428,16.92513466,E0:4F:43,6,wpa2,2022-04-08T14:00:00.000Z,2025-08-15T11:00:00.000Z,,Střední Morava,CZ,K Zámečku,78961
E0:4F:43:1D:5F:91,SmartGate_045322,50.078022,14.44770336,E0:4F:43,6,wpa2,2017-02-10T20:00:00.000Z,2026-05-04T18:00:00.000Z,Hlavní město Praha,Praha,CZ,Mánesova,12009
E0:4F:43:1D:5F:97,SmartGate_154846,60.21497345,24.89126015,E0:4F:43,6,wpa2,2018-12-12T16:00:00.000Z,2026-05-30T06:00:00.000Z,Helsinki,Manner-Suomi,FI,Eliel Saarisen polku,00320
E0:4F:43:1D:5F:9D,SmartGate_172133,60.22299957,25.01535225,E0:4F:43,6,wpa2,2017-03-14T20:00:00.000Z,2026-02-17T07:00:00.000Z,Helsinki,Manner-Suomi,FI,Hakalantie,00790
E0:4F:43:1D:5F:9E,SmartGate_171572,61.46303177,23.72789574,E0:4F:43,6,wpa2,2026-07-25T14:00:00.000Z,2026-07-25T08:00:00.000Z,Tampere,Manner-Suomi,FI,Tampereen läntinen kehätie,33920
E0:4F:43:1D:5F:A3,SmartGate_525335,49.97648239,8.86612129,E0:4F:43,6,wpa2,2026-01-14T17:00:00.000Z,2026-02-09T10:00:00.000Z,,Hessen,DE,B 45,63110
E0:4F:43:1D:5F:A9,SmartGate_117678,60.98862839,21.58440971,E0:4F:43,6,wpa2,2023-12-13T15:00:00.000Z,2026-03-01T08:00:00.000Z,,Manner-Suomi,FI,Rauman valtatie,26930
E0:4F:43:1D:5F:AB,SmartGate_114924,48.24985886,12.5017128,E0:4F:43,6,wpa2,2018-05-15T18:00:00.000Z,2024-12-23T02:00:00.000Z,,Bayern,DE,Siemensstraße,84453
E0:4F:43:1D:5F:B0,SmartGate_525167,59.51506805,17.69060135,E0:4F:43,6,wpa2,2023-01-27T08:00:00.000Z,2025-09-27T05:00:00.000Z,,Stockholms län,SE,E 18,196 36
E0:4F:43:1D:5F:B2,SmartGate_115413,51.46086502,11.99362564,E0:4F:43,6,wpa2,2018-03-26T15:00:00.000Z,2026-01-13T02:00:00.000Z,Halle,Sachsen-Anhalt,DE,Europachaussee,06112
E0:4F:43:1D:5F:B5,SmartGate_027595,48.23312378,16.38402367,E0:4F:43,6,wpa2,2018-07-19T17:00:00.000Z,2025-06-30T02:00:00.000Z,Wien,Zwischenbrücken,AT,Dresdner Straße,1200
E0:4F:43:1D:5F:B8,SmartGate_529278,50.50906372,13.47111225,E0:4F:43,6,wpa2,2023-01-23T13:00:00.000Z,2026-04-11T09:00:00.000Z,,Severozápad,CZ,13,431 59
E0:4F:43:1D:5F:BB,SmartGate_531299,62.90185547,27.67533875,E0:4F:43,6,wpa2,2024-05-28T05:00:00.000Z,2026-06-11T20:00:00.000Z,Kuopio,Manner-Suomi,FI,Puijonkatu,70300
E0:4F:43:1D:5F:BE,SmartGate_529058,58.4900856,15.941782,E0:4F:43,6,wpa2,2017-08-19T14:00:00.000Z,2025-05-28T21:00:00.000Z,,Östergötlands län,SE,,61792
E0:4F:43:1D:5F:BF,SmartGate_045309,60.22188187,24.87378311,E0:4F:43,6,wpa2,2018-09-11T16:00:00.000Z,2024-12-31T07:00:00.000Z,Helsinki,Manner-Suomi,FI,Strömbergintie,00380
E0:4F:43:1D:5F:C2,SmartGate_115068,49.24272537,10.21685982,E0:4F:43,6,wpa2,2025-08-22T07:00:00.000Z,2025-08-27T12:00:00.000Z,Wörnitz,Bayern,DE,A 7,91637
E0:4F:43:1D:5F:C3,SmartGate_025184,60.46755219,26.94865417,E0:4F:43,6,wpa2,2018-05-27T13:00:00.000Z,2025-01-18T10:00:00.000Z,Kotka,Manner-Suomi,FI,Keskuskatu,48130
E0:4F:43:1D:5F:D3,SmartGate_528798,50.25149918,14.48467541,E0:4F:43,6,wpa2,2019-01-30T08:00:00.000Z,2025-07-30T09:00:00.000Z,,Střední Čechy,CZ,0098,25072
E0:4F:43:1D:5F:D5,SmartGate_118925,51.25501251,7.11003113,E0:4F:43,6,wpa2,2018-05-22T14:00:00.000Z,2025-05-23T06:00:00.000Z,Wuppertal,Nordrhein-Westfalen,DE,A 46,42115
E0:4F:43:1D:5F:D6,SMARTGATE_123456,44.35735321,26.15221024,E0:4F:43,6,wpa2,2018-04-25T16:00:00.000Z,2026-05-22T11:00:00.000Z,Municipiul București,Sector 4,RO,Șoseaua Berceni,041919
E0:4F:43:1D:5F:D8,SmartGate_524667,60.33877945,24.84119415,E0:4F:43,6,wpa2,2018-09-23T14:00:00.000Z,2026-03-28T07:00:00.000Z,Vantaa,Manner-Suomi,FI,Kylänpääntie,01700
E0:4F:43:1D:5F:DD,SmartGate_523145,67.2121048,23.36911392,E0:4F:43,6,wpa2,2025-02-20T16:00:00.000Z,2025-02-22T10:00:00.000Z,,Norrbottens län,SE,Medborgarvägen,984 31
E0:4F:43:1D:5F:DE,SmartGate_122309,49.16878891,16.71470451,E0:4F:43,6,wpa2,2017-05-17T13:00:00.000Z,2025-06-16T13:00:00.000Z,,Jihovýchod,CZ,Brněnská,66451
E0:4F:43:1D:5F:E3,SmartGate_165843,60.19046021,24.78245354,E0:4F:43,6,wpa2,2018-11-01T16:00:00.000Z,2026-07-11T01:00:00.000Z,Espoo,Manner-Suomi,FI,Kiiltokalliontie,02130
E0:4F:43:1D:5F:E4,SmartGate_162810,60.2288475,24.86987305,E0:4F:43,6,wpa2,2025-04-30T07:00:00.000Z,2026-04-19T22:00:00.000Z,Helsinki,Manner-Suomi,FI,Vihdintie,00440
E0:4F:43:1D:5F:EC,SmartGate_524560,49.70929718,6.49005842,E0:4F:43,6,wpa2,2021-04-24T15:00:00.000Z,2025-10-17T11:00:00.000Z,,Canton Grevenmacher,LU,Route de Wasserbillig,6686
E0:4F:43:1D:5F:EE,SmartGate_118807,48.64440918,8.93618584,E0:4F:43,6,wpa2,2025-11-07T14:00:00.000Z,2025-11-07T06:00:00.000Z,,Baden-Württemberg,DE,A 81,71139
E0:4F:43:1D:5F:F0,SmartGate_529861,48.34089661,11.54201984,E0:4F:43,6,wpa2,2019-04-03T20:00:00.000Z,2025-04-17T10:00:00.000Z,,Bayern,DE,Alte Dorfstraße,85778
E0:4F:43:1D:5F:FC,SmartGate_175500,50.04792023,14.4100647,E0:4F:43,6,wpa2,2019-06-03T16:00:00.000Z,2026-07-03T07:00:00.000Z,Hlavní město Praha,Praha,CZ,Dobříšská,147 00
E0:4F:43:1D:60:02,SmartGate_527690,60.50303268,22.45803642,E0:4F:43,6,wpa2,2019-06-13T18:00:00.000Z,2026-05-07T08:00:00.000Z,Lieto,Manner-Suomi,FI,Hämeentie,21420
E0:4F:43:1D:60:0E,SmartGate_530952,60.19012451,24.94920158,E0:4F:43,6,wpa2,2017-09-13T21:00:00.000Z,2026-06-07T09:00:00.000Z,Helsinki,Manner-Suomi,FI,Itäinen Brahenkatu,00510
E0:4F:43:1D:60:15,SmartGate_120216,52.11375046,12.71980286,E0:4F:43,6,wpa2,2002-01-11T14:00:00.000Z,2025-04-25T14:00:00.000Z,,Brandenburg,DE,A 9,14823
E0:4F:43:1D:60:1E,SmartGate_518479,51.11369705,17.1023407,E0:4F:43,6,wpa2,2018-10-19T16:00:00.000Z,2025-11-17T09:00:00.000Z,,województwo dolnośląskie,PL,Adama Mickiewicza,51-685
E0:4F:43:1D:60:24,SmartGate_522461,61.47889709,23.83065033,E0:4F:43,6,wpa2,2020-08-29T13:00:00.000Z,2026-01-03T05:00:00.000Z,Tampere,Manner-Suomi,FI,Nekalantie,33700
E0:4F:43:1D:60:25,SmartGate_153903,50.18818283,14.18465519,E0:4F:43,6,wpa2,2025-09-21T17:00:00.000Z,2025-09-21T11:00:00.000Z,,Střední Čechy,CZ,D7,273 42
E0:4F:43:1D:60:34,SmartGate_540296,59.4225769,24.74040413,E0:4F:43,6,wpa2,2020-08-26T18:00:00.000Z,2026-02-25T23:00:00.000Z,Tallinn,Harju maakond,EE,Videviku,10131
E0:4F:43:1D:60:3B,SmartGate_045412,60.1947937,24.82333183,E0:4F:43,6,wpa2,2021-05-16T16:00:00.000Z,2026-05-10T05:00:00.000Z,Espoo,Manner-Suomi,FI,Kehä I,02140
E0:4F:43:1D:60:44,SmartGate_525308,51.413414,12.18980217,E0:4F:43,6,wpa2,2017-09-26T10:00:00.000Z,2024-11-06T08:00:00.000Z,,Sachsen,DE,A 9,04435
E0:4F:43:1D:60:45,SmartGate_524836,49.18386078,16.70893288,E0:4F:43,6,wpa2,2023-02-24T13:00:00.000Z,2026-02-06T00:00:00.000Z,,Jihovýchod,CZ,50,66403
E0:4F:43:1D:60:48,SmartGate_528167,59.32565308,18.0038662,E0:4F:43,6,wpa2,2018-03-27T13:00:00.000Z,2025-05-29T10:00:00.000Z,,Stockholms län,SE,Essingeleden,112 61
E0:4F:43:1D:60:4C,SmartGate_042507,60.20179367,24.96490288,E0:4F:43,6,wpa2,2017-10-16T11:00:00.000Z,2026-01-14T07:00:00.000Z,Helsinki,Manner-Suomi,FI,Jan-Magnus Janssonin aukio,00560
E0:4F:43:1D:60:53,SmartGate_528555,61.48038864,21.81602478,E0:4F:43,6,wpa2,2017-04-06T16:00:00.000Z,2026-07-07T07:00:00.000Z,Pori,Manner-Suomi,FI,Paanakedonkatu,28130
E0:4F:43:1D:60:55,SmartGate_519653,54.70031738,25.26308632,E0:4F:43,6,wpa2,2017-09-01T16:00:00.000Z,2025-12-04T03:00:00.000Z,Vilnius,Vilniaus apskritis,LT,Geležinio Vilko g.,08104
E0:4F:43:1D:60:57,SmartGate_045421,54.08119583,10.44451427,E0:4F:43,6,wpa2,2018-02-04T13:00:00.000Z,2026-06-27T04:00:00.000Z,Bosau,Schleswig-Holstein,DE,,23715
E0:4F:43:1D:60:5C,SmartGate_123129,51.45810318,11.99219704,E0:4F:43,6,wpa2,2020-03-21T11:00:00.000Z,2026-02-17T09:00:00.000Z,Halle,Sachsen-Anhalt,DE,Dieselstraße,06130
E0:4F:43:1D:60:64,SmartGate_531308,60.17371368,24.78881836,E0:4F:43,6,wpa2,2017-05-29T19:00:00.000Z,2025-02-20T07:00:00.000Z,Espoo,Manner-Suomi,FI,Merituulentie,02120
E0:4F:43:1D:60:6A,SmartGate_046262,60.25528336,24.83243942,E0:4F:43,6,wpa2,2021-11-17T08:00:00.000Z,2026-03-28T07:00:00.000Z,,Manner-Suomi,FI,Torpantie,01650
E0:4F:43:1D:60:6B,SmartGate_112976,50.14443588,8.7033844,E0:4F:43,6,wpa2,2026-05-02T16:00:00.000Z,2026-05-02T09:00:00.000Z,Frankfurt am Main,Hessen,DE,A 661,60389
E0:4F:43:1D:60:74,SmartGate_528548,50.08658981,14.37123299,E0:4F:43,6,wpa2,2017-08-24T14:00:00.000Z,2026-04-10T04:00:00.000Z,Hlavní město Praha,Praha,CZ,Patočkova,16900
E0:4F:43:1D:60:78,SmartGate_171176,60.2829895,24.93520927,E0:4F:43,6,wpa2,2022-08-23T10:00:00.000Z,2025-05-20T06:00:00.000Z,,Manner-Suomi,FI,Ylästöntie,01520
E0:4F:43:1D:60:79,SmartGate_539623,59.31316376,18.17551041,E0:4F:43,6,wpa2,2017-11-17T15:00:00.000Z,2026-02-23T21:00:00.000Z,,Stockholms län,SE,Värmdöleden,131 39
E0:4F:43:1D:60:7A,SmartGate_125681,52.39717102,9.57937241,E0:4F:43,6,wpa2,2026-03-28T11:00:00.000Z,2026-03-28T05:00:00.000Z,,Niedersachsen,DE,Wunstorfer Straße,30926
E0:4F:43:1D:60:7C,SMARTGATE_123456,54.10861969,12.13274384,E0:4F:43,6,wep,2017-07-11T16:00:00.000Z,2026-06-05T08:00:00.000Z,Rostock,Mecklenburg-Vorpommern,DE,Heuweg,18147
E0:4F:43:1D:60:7E,SmartGate_045577,60.22077179,24.81545448,E0:4F:43,6,wpa2,2021-08-07T16:00:00.000Z,2025-12-15T07:00:00.000Z,Espoo,Manner-Suomi,FI,Mestarinkatu,02650
E0:4F:43:1D:60:7F,SmartGate_045903,60.29849625,25.01797104,E0:4F:43,6,wpa2,2020-01-21T08:00:00.000Z,2025-08-28T20:00:00.000Z,Vantaa,Manner-Suomi,FI,Lummetie,01300
E0:4F:43:1D:60:84,SmartGate_132100,48.8331604,9.11408043,E0:4F:43,6,wpa2,2017-10-10T16:00:00.000Z,2026-02-17T11:00:00.000Z,,Baden-Württemberg,DE,Neuhaldenstraße,70825
E0:4F:43:1D:60:87,SmartGate_171895,60.16784668,24.71442986,E0:4F:43,6,wpa2,2018-04-05T10:00:00.000Z,2026-06-15T10:00:00.000Z,Espoo,Manner-Suomi,FI,Kivitie,02240
E0:4F:43:1D:60:90,SmartGate_519542,59.27083588,12.50578785,E0:4F:43,6,wpa2,2017-12-05T13:00:00.000Z,2026-07-12T12:00:00.000Z,,Värmlands län,SE,E 18,661 96
E0:4F:43:1D:60:95,SmartGate_703872,51.87266541,8.40821457,E0:4F:43,6,wpa2,2019-03-04T17:00:00.000Z,2026-04-13T00:00:00.000Z,Gütersloh,Nordrhein-Westfalen,DE,A 2,33334
E0:4F:43:1D:60:96,SmartGate_123145,50.66991806,14.03743362,E0:4F:43,6,wpa2,2023-03-31T13:00:00.000Z,2026-04-15T07:00:00.000Z,Ústí nad Labem,Severozápad,CZ,SNP,40011
E0:4F:43:1D:60:98,SmartGate_165323,61.47529602,23.87249374,E0:4F:43,6,wpa2,2017-05-13T14:00:00.000Z,2025-07-30T05:00:00.000Z,Tampere,Manner-Suomi,FI,Juvankatu,33710
E0:4F:43:1D:60:9B,SmartGate_704278,49.4390564,11.22440052,E0:4F:43,6,wpa2,2020-08-06T11:00:00.000Z,2025-08-24T11:00:00.000Z,Fischbach,Bayern,DE,A 9,90475
E0:4F:43:1D:60:A2,SmartGate_521829,49.80208206,6.69418383,E0:4F:43,6,wpa2,2017-05-16T12:00:00.000Z,2025-10-11T05:00:00.000Z,Trier,Rheinland-Pfalz,DE,A 64a,54293
E0:4F:43:1D:60:A4,SmartGate_155247,61.47018433,23.87024689,E0:4F:43,6,wpa2,2024-11-21T09:00:00.000Z,2024-11-21T03:00:00.000Z,Tampere,Manner-Suomi,FI,Juvankatu,33710
E0:4F:43:1D:60:A6,SmartGate_531920,51.30370331,13.26725101,E0:4F:43,6,wpa2,2024-09-17T11:00:00.000Z,2024-10-05T02:00:00.000Z,,Sachsen,DE,Lange Straße,01587
E0:4F:43:1D:60:A8,SmartGate_172402,60.27288818,25.2510891,E0:4F:43,6,wpa2,2024-02-10T19:00:00.000Z,2026-04-30T11:00:00.000Z,,Manner-Suomi,FI,Immersbyntie,01120
E0:4F:43:1D:60:AB,SmartGate_047117,60.21761322,24.88207436,E0:4F:43,6,wpa2,2017-08-15T06:00:00.000Z,2025-11-10T11:00:00.000Z,Helsinki,Manner-Suomi,FI,Vihdintie,00380
E0:4F:43:1D:60:AC,SmartGate_170563,60.44390869,25.09382629,E0:4F:43,6,wpa2,2017-12-09T11:00:00.000Z,2025-04-10T06:00:00.000Z,,Manner-Suomi,FI,Tuomalantie,04420
E0:4F:43:1D:60:B5,SmartGate_526420,64.26541138,23.94922447,E0:4F:43,6,wpa2,2018-03-25T13:00:00.000Z,2026-07-12T07:00:00.000Z,,Manner-Suomi,FI,Ouluntie,85100
E0:4F:43:1D:60:B6,SmartGate_704234,48.17759323,11.68902016,E0:4F:43,6,wpa2,2018-03-28T19:00:00.000Z,2026-05-31T13:00:00.000Z,München,Bayern,DE,Im Moosgrund,81929
E0:4F:43:1D:60:BD,SmartGate_533877,50.02590179,15.7787838,E0:4F:43,6,wpa2,2017-11-13T16:00:00.000Z,2025-05-31T23:00:00.000Z,,Severovýchod,CZ,S. K. Neumanna,53002
E0:4F:43:1D:60:BF,SmartGate_704624,50.51225662,12.14618874,E0:4F:43,6,wpa2,2017-09-06T17:00:00.000Z,2025-11-06T01:00:00.000Z,,Sachsen,DE,Schumannstraße,08525
E0:4F:43:1D:60:C1,SmartGate_152696,61.47955704,23.9222393,E0:4F:43,6,wpa2,2018-10-29T12:00:00.000Z,2026-06-05T07:00:00.000Z,Tampere,Manner-Suomi,FI,Vaunukatu,33730
E0:4F:43:1D:60:C2,SmartGate_149151,60.26815796,24.82547188,E0:4F:43,6,wpa2,2017-12-05T16:00:00.000Z,2026-08-06T05:00:00.000Z,Vantaa,Manner-Suomi,FI,Luhtitie,01650
E0:4F:43:1D:60:C3,SmartGate_046511,60.82536697,24.6647377,E0:4F:43,6,wpa2,2017-07-07T13:00:00.000Z,2025-10-10T07:00:00.000Z,,Manner-Suomi,FI,Helsinki-Tampere valtatie,12400
E0:4F:43:1D:60:C7,SmartGate_704641,53.09794998,11.09169483,E0:4F:43,6,wpa2,2020-02-08T11:00:00.000Z,2025-07-26T22:00:00.000Z,,Niedersachsen,DE,Jeetzelallee,29451
E0:4F:43:1D:60:C9,SmartGate_531065,49.65003967,8.60952854,E0:4F:43,6,wpa2,2025-08-16T07:00:00.000Z,2025-12-23T09:00:00.000Z,,Hessen,DE,A 5,64646
E0:4F:43:1D:60:D2,SMARTGATE_123456,50.63394165,11.87359238,E0:4F:43,6,wpa2,2017-09-30T16:00:00.000Z,2025-09-04T23:00:00.000Z,,Thüringen,DE,,07907
E0:4F:43:1D:60:D5,SmartGate_121404,47.02367401,28.83670616,E0:4F:43,6,wpa2,2020-03-16T16:00:00.000Z,2025-10-02T08:00:00.000Z,Chișinău,Sectorul Centru,MD,Strada Vlaicu Pârcălab,MD-2012
E0:4F:43:1D:60:D6,SmartGate_176941,60.27374268,24.86657143,E0:4F:43,6,wpa2,2023-12-22T11:00:00.000Z,2025-08-07T05:00:00.000Z,,Manner-Suomi,FI,Hämeenlinnanväylä,01670
E0:4F:43:1D:60:D8,SmartGate_523209,50.0304718,19.92625237,E0:4F:43,6,wpa2,2017-11-29T12:00:00.000Z,2025-09-09T06:00:00.000Z,,województwo małopolskie,PL,Jana Brożka,30-408
E0:4F:43:1D:60:DA,SmartGate_131727,51.23606491,7.21624184,E0:4F:43,6,wpa2,2017-07-26T17:00:00.000Z,2025-03-31T20:00:00.000Z,Wuppertal,Nordrhein-Westfalen,DE,Parkstraße,42369
E0:4F:43:1D:60:E5,SmartGate_165235,60.81991196,23.6103096,E0:4F:43,6,wpa2,2001-01-01T02:00:00.000Z,2026-03-24T09:00:00.000Z,,Manner-Suomi,FI,Rantalankatu,30420
E0:4F:43:1D:60:E6,SmartGate_152572,61.14160919,24.31915092,E0:4F:43,6,wpa2,2022-09-07T09:00:00.000Z,2026-05-02T00:00:00.000Z,,Manner-Suomi,FI,Harjulantie,14620
E0:4F:43:1D:60:E9,SmartGate_125594,50.10736465,8.67574787,E0:4F:43,6,wpa2,2019-09-05T23:00:00.000Z,2026-03-15T10:00:00.000Z,Frankfurt am Main,Hessen,DE,Neue Mainzer Straße,60311
E0:4F:43:1D:60:EB,SmartGate_702465,52.65822601,13.78944111,E0:4F:43,6,wpa2,2020-07-05T16:00:00.000Z,2024-08-10T13:00:00.000Z,,Brandenburg,DE,Freienwalder Chaussee,16356
E0:4F:43:1D:60:F1,SmartGate_529757,58.35440826,11.8135519,E0:4F:43,6,wpa2,2024-09-29T14:00:00.000Z,2025-08-01T12:00:00.000Z,,Västra Götalands län,SE,,45198
E0:4F:43:1D:60:F4,SmartGate_120699,62.91814423,27.66382027,E0:4F:43,6,wpa2,2018-11-14T19:00:00.000Z,2026-03-18T09:00:00.000Z,Kuopio,Manner-Suomi,FI,Kokonmäen kierto,70340
E0:4F:43:1D:60:F5,SmartGate_524326,56.71713257,15.92891312,E0:4F:43,6,wpa2,2019-04-04T16:00:00.000Z,2025-04-30T22:00:00.000Z,,Kalmar län,SE,Kalmarvägen,382 37
E0:4F:43:1D:60:F8,SMARTGATE_123456,48.78691483,10.68941021,E0:4F:43,6,wpa2,2018-06-17T14:00:00.000Z,2026-03-20T08:00:00.000Z,Harburg (Schwaben),Bayern,DE,Marktplatz,86655
E0:4F:43:1D:60:F9,SmartGate_115541,60.20740509,24.77327538,E0:4F:43,6,wpa2,2017-07-08T16:00:00.000Z,2026-01-12T23:00:00.000Z,Espoo,Manner-Suomi,FI,Nuijalantie,02630
E0:4F:43:1D:60:FD,SmartGate_046780,51.09475708,4.03393173,E0:4F:43,6,wpa2,2025-11-22T13:00:00.000Z,2025-11-22T06:00:00.000Z,,Oost-Vlaanderen,BE,E17,9240
E0:4F:43:1D:61:01,SmartGate_163199,60.21081924,24.99080658,E0:4F:43,6,wpa2,2019-01-26T14:00:00.000Z,2025-12-31T03:00:00.000Z,Helsinki,Manner-Suomi,FI,Pornaistenniemen luontopolku,00560
E0:4F:43:1D:61:02,SmartGate_121481,52.48969269,13.29612732,E0:4F:43,6,wpa2,2018-04-07T12:00:00.000Z,2025-05-05T02:00:00.000Z,Berlin,Charlottenburg-Wilmersdorf,DE,Orber Straße,14193
E0:4F:43:1D:61:09,SmartGate_538452,44.43641281,25.9652462,E0:4F:43,6,wpa2,2025-09-19T11:00:00.000Z,2025-09-19T11:00:00.000Z,,Ilfov,RO,Autostrada București-Pitești,077090
E0:4F:43:1D:61:0C,SMARTGATE_123456,52.62353134,13.50020409,E0:4F:43,6,wpa2,2018-02-18T11:00:00.000Z,2025-03-28T01:00:00.000Z,Berlin,Pankow,DE,Weg 4,13125
E0:4F:43:1D:61:14,SMARTGATE_123456,51.6586113,7.05034781,E0:4F:43,6,wpa2,2026-01-09T15:00:00.000Z,2026-01-09T07:00:00.000Z,,Nordrhein-Westfalen,DE,Hervester Straße,45768
E0:4F:43:1D:61:16,SmartGate_118856,48.4503746,9.9682188,E0:4F:43,6,wpa2,2017-01-25T15:00:00.000Z,2025-07-25T04:00:00.000Z,Ulm,Baden-Württemberg,DE,B 10,89081
E0:4F:43:1D:61:1B,SmartGate_704724,52.68429184,13.44113445,E0:4F:43,6,wpa2,2018-06-22T16:00:00.000Z,2024-10-30T12:00:00.000Z,,Brandenburg,DE,Hauptstraße,16348
E0:4F:43:1D:61:1E,SmartGate_162692,60.27412033,24.93313789,E0:4F:43,6,wpa2,2021-09-16T15:00:00.000Z,2025-04-01T09:00:00.000Z,Helsinki,Manner-Suomi,FI,Kuninkaantammentie,01690
E0:4F:43:1D:61:24,SmartGate_702544,52.50069809,13.27545166,E0:4F:43,6,wpa2,2017-05-06T19:00:00.000Z,2025-06-15T12:00:00.000Z,Berlin,Charlottenburg-Wilmersdorf,DE,AVUS Nordkurve,14055
E0:4F:43:1D:61:25,SmartGate_162671,60.24239349,25.01911736,E0:4F:43,6,wpa2,2026-02-08T12:00:00.000Z,2026-02-08T08:00:00.000Z,Helsinki,Manner-Suomi,FI,Vanha Helsingintie,00700
E0:4F:43:1D:61:27,SMARTGATE_123456,51.49396515,14.12732697,E0:4F:43,6,wpa2,2020-11-16T11:00:00.000Z,2025-08-24T02:00:00.000Z,,Sachsen,DE,Landstraße,02979
E0:4F:43:1D:61:2D,SMARTGATE_123456,50.70632553,7.03377819,E0:4F:43,6,wpa2,2024-08-17T11:00:00.000Z,2024-08-17T06:00:00.000Z,,Nordrhein-Westfalen,DE,Von-Hompesch-Straße,53123
E0:4F:43:1D:61:31,SmartGate_171464,49.46709824,8.64406395,E0:4F:43,6,wpa2,2026-01-23T10:00:00.000Z,2026-01-25T04:00:00.000Z,,Baden-Württemberg,DE,A 5,68526
E0:4F:43:1D:61:32,SmartGate_160292,61.05422211,28.19187355,E0:4F:43,6,wpa2,2017-06-01T23:00:00.000Z,2025-07-22T08:00:00.000Z,Lappeenranta,Manner-Suomi,FI,Kannelkatu,53100
E0:4F:43:1D:61:36,SmartGate_152409,60.241436,24.90994835,E0:4F:43,6,wpa2,2017-10-01T14:00:00.000Z,2025-10-20T08:00:00.000Z,Helsinki,Manner-Suomi,FI,Lotan Polku,00675
E0:4F:43:1D:61:37,SmartGate_704772,48.95064163,12.16821003,E0:4F:43,6,wpa2,2024-05-17T16:00:00.000Z,2025-04-05T02:00:00.000Z,,Bayern,DE,R 12,93096
E0:4F:43:1D:61:3B,SmartGate_521670,60.97816849,25.73028755,E0:4F:43,6,wpa2,2025-03-28T14:00:00.000Z,2025-03-28T10:00:00.000Z,Lahti,Manner-Suomi,FI,Ohitustie,15160
E0:4F:43:1D:61:3D,SmartGate_152765,61.48559189,23.76603317,E0:4F:43,6,wpa2,2017-03-08T12:00:00.000Z,2025-04-14T10:00:00.000Z,Tampere,Manner-Suomi,FI,Valimokatu,33101
E0:4F:43:1D:61:41,SmartGate_177559,49.71426392,14.10286427,E0:4F:43,6,wpa2,2018-03-29T12:00:00.000Z,2025-11-26T20:00:00.000Z,,Střední Čechy,CZ,D4,26212
E0:4F:43:1D:61:49,SmartGate_165150,62.5986824,29.77836609,E0:4F:43,6,wpa2,2025-05-20T10:00:00.000Z,2025-06-24T10:00:00.000Z,Joensuu,Manner-Suomi,FI,Kirjurinkatu,80210
E0:4F:43:1D:61:51,SmartGate_521491,45.48119354,25.91810036,E0:4F:43,6,wpa2,2025-08-03T09:00:00.000Z,2025-08-17T07:00:00.000Z,,Prahova,RO,DN1A,107356
E0:4F:43:1D:61:52,SmartGate_045683,49.5595932,15.32265282,E0:4F:43,6,wpa2,2018-08-04T17:00:00.000Z,2024-12-20T20:00:00.000Z,,Jihovýchod,CZ,12935,39601
E0:4F:43:1D:61:54,SmartGate_523999,60.12546921,11.36676216,E0:4F:43,6,wpa2,2019-05-21T17:00:00.000Z,2024-12-07T05:00:00.000Z,,Viken,NO,Fuglefjellvegen,2165
E0:4F:43:1D:61:59,SmartGate_159587,60.21074677,24.78919983,E0:4F:43,6,wpa2,2017-08-20T17:00:00.000Z,2025-02-03T03:00:00.000Z,Espoo,Manner-Suomi,FI,Kirkkonummentie,02140
E0:4F:43:1D:61:60,SMARTGATE_123456,57.79815292,13.53159904,E0:4F:43,6,wpa2,2018-04-26T07:00:00.000Z,2024-11-16T07:00:00.000Z,,Västra Götalands län,SE,40,52397
E0:4F:43:1D:61:63,SmartGate_173681,62.90256119,27.6751194,E0:4F:43,6,wpa2,2026-04-27T04:00:00.000Z,2026-04-27T08:00:00.000Z,Kuopio,Manner-Suomi,FI,Kellolahdentie,70300
E0:4F:43:1D:61:64,SmartGate_046877,60.28737259,25.08106613,E0:4F:43,6,wpa2,2023-10-24T12:00:00.000Z,2025-09-11T10:00:00.000Z,Vantaa,Manner-Suomi,FI,Vanha Porvoontie,01380
E0:4F:43:1D:61:6F,SmartGate_046432,50.04420471,14.31309986,E0:4F:43,6,wpa2,2018-11-15T09:00:00.000Z,2025-02-18T05:00:00.000Z,Hlavní město Praha,Praha,CZ,Jeremiášova,15500
E0:4F:43:1D:61:72,SmartGate_045899,49.14978027,8.56268597,E0:4F:43,6,wpa2,2018-03-09T08:00:00.000Z,2026-08-02T13:00:00.000Z,,Baden-Württemberg,DE,A 5,76689
E0:4F:43:1D:61:73,SmartGate_173837,51.0216217,13.80308056,E0:4F:43,6,wpa2,2024-02-14T08:00:00.000Z,2025-06-10T06:00:00.000Z,Dresden,Sachsen,DE,Schilfweg,01237
E0:4F:43:1D:61:76,SmartGate_125563,51.49825287,7.38955688,E0:4F:43,6,wpa2,2017-03-23T09:00:00.000Z,2026-02-07T03:00:00.000Z,Dortmund,Nordrhein-Westfalen,DE,In der Meile,44379
E0:4F:43:1D:61:7B,SmartGate_518492,50.06451416,14.31578732,E0:4F:43,6,wpa2,2026-01-22T18:00:00.000Z,2026-02-13T04:00:00.000Z,Hlavní město Praha,Praha,CZ,Šímova,16300
E0:4F:43:1D:61:89,SmartGate_529482,50.13657761,14.63380623,E0:4F:43,6,wpa2,2017-10-09T16:00:00.000Z,2024-10-20T12:00:00.000Z,,Střední Čechy,CZ,D10,25061
E0:4F:43:1D:61:90,SmartGate_517831,62.3940773,17.30877495,E0:4F:43,6,wpa2,2017-03-08T18:00:00.000Z,2025-08-08T12:00:00.000Z,Sundsvalls Gustav Adolfs distrikt,Västernorrlands län,SE,Skönsbergsvägen,851 96
E0:4F:43:1D:61:91,SmartGate_170961,51.45510101,7.11359739,E0:4F:43,6,wpa2,2001-01-01T01:00:00.000Z,2026-02-25T22:00:00.000Z,Essen,Nordrhein-Westfalen,DE,Hellweg,45279
E0:4F:43:1D:61:94,SmartGate_521186,50.78808594,9.43984604,E0:4F:43,6,wpa2,2018-09-14T15:00:00.000Z,2026-06-07T06:00:00.000Z,,Hessen,DE,A 5,36287
E0:4F:43:1D:61:98,SmartGate_523781,50.06799698,14.33665657,E0:4F:43,6,wpa2,2001-01-01T01:00:00.000Z,2026-05-06T03:00:00.000Z,Hlavní město Praha,Praha,CZ,Plzeňská,152 00
E0:4F:43:1D:61:99,SmartGate_171257,61.05537415,28.20419884,E0:4F:43,6,wpa2,2023-09-14T14:00:00.000Z,2025-08-30T07:00:00.000Z,Lappeenranta,Manner-Suomi,FI,Kalervonkatu,53130
E0:4F:43:1D:61:9A,SmartGate_115546,60.22139359,24.83636093,E0:4F:43,6,wpa2,2022-05-25T15:00:00.000Z,2026-05-13T06:00:00.000Z,Espoo,Manner-Suomi,FI,Vahtirinne,00360
E0:4F:43:1D:61:9B,SMARTGATE_123456,60.19964218,24.97823906,E0:4F:43,6,wpa2,2020-10-18T08:00:00.000Z,2025-11-07T06:00:00.000Z,Helsinki,Manner-Suomi,FI,,00580
E0:4F:43:1D:61:9C,SmartGate_152710,60.23755264,24.90847397,E0:4F:43,6,wpa2,2017-05-20T16:00:00.000Z,2026-05-29T10:00:00.000Z,Helsinki,Manner-Suomi,FI,Kehä I,00400
E0:4F:43:1D:61:9D,SmartGate_518415,50.10828781,14.43815041,E0:4F:43,6,wpa2,2017-09-20T08:00:00.000Z,2025-03-15T08:00:00.000Z,Hlavní město Praha,Praha,CZ,Na Zátorách,17000
E0:4F:43:1D:61:A1,SmartGate_177047,62.25634766,25.76688576,E0:4F:43,6,wpa2,2021-01-10T16:00:00.000Z,2026-08-06T06:00:00.000Z,Jyväskylä,Manner-Suomi,FI,Pakkaajantie,40320
E0:4F:43:1D:61:A9,SmartGate_517961,61.81828308,22.95221138,E0:4F:43,6,wpa2,2024-08-23T13:00:00.000Z,2024-08-23T12:00:00.000Z,,Manner-Suomi,FI,Kolmostie,
E0:4F:43:1D:61:B0,SmartGate_176209,49.09335327,14.61767292,E0:4F:43,6,wpa2,2024-08-17T15:00:00.000Z,2025-09-26T15:00:00.000Z,,Jihozápad,CZ,,37363
E0:4F:43:1D:61:B5,SmartGate_177583,47.54510117,7.80023766,E0:4F:43,6,wpa2,2017-11-07T16:00:00.000Z,2025-09-30T07:00:00.000Z,,Aargau,CH,A3,4310
E0:4F:43:1D:61:BA,SmartGate_176620,60.31989288,25.05146599,E0:4F:43,6,wpa2,2023-06-22T07:00:00.000Z,2024-10-21T13:00:00.000Z,,Manner-Suomi,FI,Talvikkitie,01340
E0:4F:43:1D:61:C6,SmartGate_517751,47.39263153,8.48696518,E0:4F:43,6,wpa2,2019-08-29T18:00:00.000Z,2026-08-07T06:00:00.000Z,Zürich,Zürich,CH,Vulkanstrasse,8048
E0:4F:43:1D:61:CA,SmartGate_125673,48.25601578,12.69412136,E0:4F:43,6,wpa2,2026-05-31T05:00:00.000Z,2026-05-30T23:00:00.000Z,,Bayern,DE,,84524
E0:4F:43:1D:61:CE,SmartGate_517792,50.89429855,6.05974245,E0:4F:43,6,wpa2,2018-06-23T11:00:00.000Z,2026-01-17T07:00:00.000Z,,Limburg,NL,Veldhofstraat,6471CA
E0:4F:43:1D:61:E3,SmartGate_125449,49.57085419,7.90092039,E0:4F:43,6,wpa2,2023-09-07T10:00:00.000Z,2025-10-26T13:00:00.000Z,,Rheinland-Pfalz,DE,A 63,67722
E0:4F:43:1D:61:E5,SMARTGATE_123456,60.22189331,25.00922012,E0:4F:43,6,wpa2,2017-06-11T18:00:00.000Z,2026-06-04T00:00:00.000Z,Helsinki,Manner-Suomi,FI,Hakalanniementie,00520
E0:4F:43:1D:61:E7,SmartGate_152281,60.21293259,24.97721672,E0:4F:43,6,wpa2,2017-03-23T11:00:00.000Z,2026-03-18T15:00:00.000Z,Helsinki,Manner-Suomi,FI,Waseniuksen puistotie,00560
E0:4F:43:1D:61:E8,SmartGate_539526,50.04868317,14.26266384,E0:4F:43,6,wpa2,2018-03-09T17:00:00.000Z,2025-01-26T06:00:00.000Z,,Střední Čechy,CZ,D5,15521
E0:4F:43:1D:61:EA,SmartGate_151068,60.20683289,24.87786484,E0:4F:43,6,wpa2,2017-09-09T17:00:00.000Z,2026-04-30T11:00:00.000Z,Helsinki,Manner-Suomi,FI,Ulvilantie,00350
E0:4F:43:1D:61:EB,SmartGate_532057,60.17388535,24.93345833,E0:4F:43,6,wpa2,2017-08-10T20:00:00.000Z,2026-02-03T11:00:00.000Z,Helsinki,Manner-Suomi,FI,Mannerheimintie,00100
E0:4F:43:1D:61:EC,SmartGate_125706,52.05701447,8.64109421,E0:4F:43,6,wpa2,2025-03-13T16:00:00.000Z,2025-03-13T15:00:00.000Z,Bielefeld,Nordrhein-Westfalen,DE,Altenhagener Straße,33729
E0:4F:43:1D:61:EE,SmartGate_171209,61.3415451,23.79009438,E0:4F:43,6,wpa2,2025-01-04T13:00:00.000Z,2025-01-04T09:00:00.000Z,Lempäälä,Manner-Suomi,FI,3;9,37570
E0:4F:43:1D:61:F0,SmartGate_172667,60.22340775,24.97392845,E0:4F:43,6,wpa2,2017-07-15T14:00:00.000Z,2025-08-10T06:00:00.000Z,Helsinki,Manner-Suomi,FI,Jokiniementie,00650
E0:4F:43:1D:61:F3,SmartGate_156408,59.74038315,17.81217384,E0:4F:43,6,wpa2,2018-01-03T18:00:00.000Z,2026-07-06T07:00:00.000Z,,Uppsala län,SE,Gredelbyleden,74171
E0:4F:43:1D:61:F4,SmartGate_160091,47.12247849,8.39217758,E0:4F:43,6,wpa2,2019-10-10T18:00:00.000Z,2025-11-28T14:00:00.000Z,,Luzern,CH,A14,6037
E0:4F:43:1D:61:FD,SmartGate_530739,62.25505066,25.76481247,E0:4F:43,6,wpa2,2017-03-22T08:00:00.000Z,2025-08-25T03:00:00.000Z,Jyväskylä,Manner-Suomi,FI,Nelostie,40702
E0:4F:43:1D:62:08,SmartGate_518651,46.54644775,15.64390564,E0:4F:43,6,wpa2,2024-04-18T13:00:00.000Z,2025-01-10T11:00:00.000Z,Maribor,Tabor,SI,Ljubljanska ulica,2000
E0:4F:43:1D:62:0D,SmartGate_176198,60.20763016,24.89522362,E0:4F:43,6,wpa2,2018-03-28T10:00:00.000Z,2025-09-07T22:00:00.000Z,Helsinki,Manner-Suomi,FI,Vihdintie,00280
E0:4F:43:1D:62:11,SmartGate_151604,60.87096024,25.27556801,E0:4F:43,6,wpa2,2019-06-12T15:00:00.000Z,2024-08-24T10:00:00.000Z,Kärkölä,Manner-Suomi,FI,Ruukintie,16600
E0:4F:43:1D:62:17,SmartGate_115835,60.27433395,24.96379852,E0:4F:43,6,wpa2,2018-05-09T14:00:00.000Z,2026-04-20T06:00:00.000Z,,Manner-Suomi,FI,Tammistonkatu,01520
E0:4F:43:1D:62:1E,SmartGate_118238,51.83605576,8.26661491,E0:4F:43,6,wpa2,2021-12-03T12:00:00.000Z,2025-07-04T12:00:00.000Z,,Nordrhein-Westfalen,DE,A 2,33378
E0:4F:43:1D:62:1F,SmartGate_045759,54.33088684,18.56351852,E0:4F:43,6,wpa2,2020-07-25T19:00:00.000Z,2025-07-15T10:00:00.000Z,Gdańsk,województwo pomorskie,PL,Jabłoniowa,80-175
E0:4F:43:1D:62:20,SmartGate_046414,47.46383286,7.88353825,E0:4F:43,6,wpa2,2017-09-15T07:00:00.000Z,2026-02-02T08:00:00.000Z,,Basel-Landschaft,CH,Ernthaldenweg,4466
E0:4F:43:1D:62:26,SmartGate_156333,60.33711243,24.93907356,E0:4F:43,6,wpa2,2017-06-30T20:00:00.000Z,2026-06-07T11:00:00.000Z,,Manner-Suomi,FI,Bergkullantie,01590
E0:4F:43:1D:62:28,SmartGate_135868,50.86376953,9.70615673,E0:4F:43,6,wpa2,2017-08-17T20:00:00.000Z,2025-10-31T09:00:00.000Z,,Hessen,DE,Heinrich-von-Stephan-Straße,36251
E0:4F:43:1D:62:31,SmartGate_154826,60.36352921,25.24106026,E0:4F:43,6,wpa2,2019-05-21T11:00:00.000Z,2025-01-18T10:00:00.000Z,,Manner-Suomi,FI,Kuninkaantie,04150
E0:4F:43:1D:62:32,SmartGate_530280,52.54828644,13.6663866,E0:4F:43,6,wpa2,2017-11-24T07:00:00.000Z,2024-09-28T16:00:00.000Z,Hoppegarten,Brandenburg,DE,Altlandsberger Chaussee,15366
E0:4F:43:1D:62:38,SmartGate_115678,50.49163818,12.13341045,E0:4F:43,6,wpa2,2017-11-08T16:00:00.000Z,2025-12-22T08:00:00.000Z,,Sachsen,DE,Am Mühlgraben,08527
E0:4F:43:1D:62:39,SmartGate_525696,50.08250809,14.40282345,E0:4F:43,6,wpa2,2017-02-22T09:00:00.000Z,2024-09-25T09:00:00.000Z,Hlavní město Praha,Praha,CZ,U Lanové dráhy,11800
E0:4F:43:1D:62:3B,SmartGate_159576,61.48033905,23.86202812,E0:4F:43,6,wpa2,2017-08-19T12:00:00.000Z,2026-06-09T23:00:00.000Z,Tampere,Manner-Suomi,FI,Etu-Hankkion katu,33710
E0:4F:43:1D:62:45,SmartGate_159687,61.47389603,23.81427765,E0:4F:43,6,wpa2,2017-03-15T15:00:00.000Z,2026-01-15T09:00:00.000Z,Tampere,Manner-Suomi,FI,Veisunkatu,33820
E0:4F:43:1D:62:48,SmartGate_164716,60.19238281,24.87116432,E0:4F:43,6,wpa2,2026-01-28T13:00:00.000Z,2026-07-13T02:00:00.000Z,Helsinki,Manner-Suomi,FI,Kalastajatorpantie,00330
E0:4F:43:1D:62:4B,SmartGate_161579,47.49179077,8.66372204,E0:4F:43,6,wpa2,2021-08-14T12:00:00.000Z,2025-09-28T07:00:00.000Z,,Zürich,CH,Aeschaustrasse,8425
E0:4F:43:1D:62:4D,SmartGate_159005,54.58436966,-1.29093528,E0:4F:43,6,wpa2,2001-01-01T00:00:00.000Z,2025-10-30T13:00:00.000Z,,England,GB,Imperial Road,TS23 1HG
E0:4F:43:1D:62:50,SmartGate_135829,49.27872467,8.51473236,E0:4F:43,6,wpa2,2017-11-15T10:00:00.000Z,2026-05-03T10:00:00.000Z,,Baden-Württemberg,DE,L 560,68794
E0:4F:43:1D:62:51,SmartGate_048447,60.20359421,24.92770195,E0:4F:43,6,wpa2,2020-10-09T09:00:00.000Z,2024-12-21T14:00:00.000Z,Helsinki,Manner-Suomi,FI,Veturitie,00240
E0:4F:43:1D:62:56,SmartGate_151374,62.58958817,29.78824615,E0:4F:43,6,wpa2,2024-08-13T05:00:00.000Z,2025-02-07T01:00:00.000Z,Joensuu,Manner-Suomi,FI,Suvikatu,80200
E0:4F:43:1D:62:58,SmartGate_525841,58.14569855,13.62001324,E0:4F:43,6,wpa2,2017-12-23T13:00:00.000Z,2025-01-07T10:00:00.000Z,,Västra Götalands län,SE,47,521 91
E0:4F:43:1D:62:5B,SmartGate_124246,60.19193268,24.88263512,E0:4F:43,6,wpa2,2019-01-21T13:00:00.000Z,2026-07-13T02:00:00.000Z,Helsinki,Manner-Suomi,FI,Ramsaynranta,00330
E0:4F:43:1D:62:5C,SmartGate_173036,60.20942307,24.92651749,E0:4F:43,6,wpa2,2018-08-21T18:00:00.000Z,2025-05-24T11:00:00.000Z,Helsinki,Manner-Suomi,FI,Veturitie,00240
E0:4F:43:1D:62:66,SmartGate_149821,60.27206802,24.80965424,E0:4F:43,6,wpa2,2021-04-30T14:00:00.000Z,2025-08-29T05:00:00.000Z,,Manner-Suomi,FI,Niittäjänkuja,01660
E0:4F:43:1D:62:67,SmartGate_161987,51.5615387,7.63365936,E0:4F:43,6,wpa2,2018-08-26T15:00:00.000Z,2026-04-18T03:00:00.000Z,,Nordrhein-Westfalen,DE,Afferder Weg,59174
E0:4F:43:1D:62:6E,SmartGate_118631,50.10053635,14.42200661,E0:4F:43,6,wpa2,2018-09-15T19:00:00.000Z,2025-08-13T02:00:00.000Z,Hlavní město Praha,Praha,CZ,Šmeralova,17000
E0:4F:43:1D:62:77,SmartGate_523895,58.73668671,5.6864686,E0:4F:43,6,wpa2,2019-03-30T15:00:00.000Z,2025-08-10T08:00:00.000Z,,Rogaland,NO,Ålgårdsvegen,4347
E0:4F:43:1D:62:78,SmartGate_045741,61.51670074,23.66513824,E0:4F:43,6,wpa2,2025-05-08T05:00:00.000Z,2025-05-08T02:00:00.000Z,Tampere,Manner-Suomi,FI,Lielahdenkatu,33400
E0:4F:43:1D:62:7C,SmartGate_520096,49.21407318,12.69505119,E0:4F:43,6,wpa2,2025-03-30T16:00:00.000Z,2025-03-30T11:00:00.000Z,,Bayern,DE,B 20;B 85,93413
E0:4F:43:1D:62:7F,SmartGate_520966,60.22089386,24.87946701,E0:4F:43,6,wpa2,2017-08-18T08:00:00.000Z,2024-09-10T11:00:00.000Z,Helsinki,Manner-Suomi,FI,Valimotie,00380
E0:4F:43:1D:62:82,SmartGate_160507,46.94575882,7.47228909,E0:4F:43,6,wpa2,2026-02-28T10:00:00.000Z,2026-02-28T11:00:00.000Z,Bern,Bern/Berne,CH,A6,3006
E0:4F:43:1D:62:85,SmartGate_117343,60.28809357,24.99124718,E0:4F:43,6,wpa2,2019-01-07T18:00:00.000Z,2025-09-20T04:00:00.000Z,Vantaa,Manner-Suomi,FI,Kuriiritie,01510
E0:4F:43:1D:62:86,SmartGate_521560,59.37019348,18.01992416,E0:4F:43,6,wpa2,2002-11-18T11:00:00.000Z,2025-06-04T10:00:00.000Z,,Stockholms län,SE,Uppsalavägen,169 73
E0:4F:43:1D:62:8B,SmartGate_172984,60.34100342,25.00137711,E0:4F:43,6,wpa2,2024-09-26T12:00:00.000Z,2024-09-26T06:00:00.000Z,,Manner-Suomi,FI,Tuusulanväylä,04360
E0:4F:43:1D:62:91,SmartGate_517695,48.34000778,8.67217159,E0:4F:43,6,wpa2,2024-08-01T20:00:00.000Z,2025-11-26T00:00:00.000Z,,Baden-Württemberg,DE,K 5502,72172
E0:4F:43:1D:62:92,SmartGate_529000,48.2120285,11.39592552,E0:4F:43,6,wpa2,2017-11-15T07:00:00.000Z,2026-05-19T02:00:00.000Z,,Bayern,DE,,82140
E0:4F:43:1D:62:95,SmartGate_166458,46.9630127,15.37650681,E0:4F:43,6,wpa2,2017-09-24T14:00:00.000Z,2025-01-31T11:00:00.000Z,Dobl-Zwaring,Steiermark,AT,Doblbachweg,8143
E0:4F:43:1D:62:98,SmartGate_162058,50.67803192,14.034832,E0:4F:43,6,wpa2,2021-06-16T14:00:00.000Z,2026-06-21T10:00:00.000Z,Ústí nad Labem,Severozápad,CZ,Višňová,40011
E0:4F:43:1D:62:99,SmartGate_524260,55.35628128,10.36132145,E0:4F:43,6,wpa2,2017-06-09T15:00:00.000Z,2025-08-03T09:00:00.000Z,Odense,Region Syddanmark,DK,Fynske Motorvej,5250
E0:4F:43:1D:62:9A,SmartGate_124303,51.01477814,6.99521446,E0:4F:43,6,wpa2,2017-11-02T11:00:00.000Z,2026-07-21T07:00:00.000Z,,Nordrhein-Westfalen,DE,Carl-Rumpff-Straße,51373
E0:4F:43:1D:62:9D,SmartGate_160286,61.41034698,23.81404305,E0:4F:43,6,wpa2,2021-07-01T16:00:00.000Z,2026-02-15T23:00:00.000Z,Lempäälä,Manner-Suomi,FI,Karhutie,33880
E0:4F:43:1D:62:A1,SmartGate_177203,63.02184677,21.64932632,E0:4F:43,6,wpa2,2001-01-01T02:00:00.000Z,2026-05-19T04:00:00.000Z,,Manner-Suomi,FI,,65450
E0:4F:43:1D:62:A3,SmartGate_172542,40.67507553,22.89123535,E0:4F:43,6,wpa2,2017-07-01T17:00:00.000Z,2025-04-14T09:00:00.000Z,Δημοτική Ενότητα Ελευθερίου - Κορδελιού,Αποκεντρωμένη Διοίκηση Μακεδονίας - Θράκης,GR,Εσωτερική Περιφερειακή Οδός,56334
E0:4F:43:1D:62:AA,SmartGate_159466,61.45204926,23.8517437,E0:4F:43,6,wpa2,2024-11-26T05:00:00.000Z,2026-01-30T03:00:00.000Z,Tampere,Manner-Suomi,FI,Hervannan valtaväylä,33720
E0:4F:43:1D:62:AC,SmartGate_520024,45.77470398,21.22163773,E0:4F:43,6,wpa2,2018-01-12T12:00:00.000Z,2026-05-12T01:00:00.000Z,Timișoara,Timiș,RO,Calea Aradului,300282
E0:4F:43:1D:62:AD,SmartGate_047521,47.4737587,19.10305977,E0:4F:43,6,wpa2,2024-02-21T10:00:00.000Z,2026-05-12T05:00:00.000Z,Budapest,Budapest,HU,Népligeti felüljáró,1098
E0:4F:43:1D:62:B2,SmartGate_124996,53.12953949,8.17896938,E0:4F:43,6,wpa2,2017-07-15T10:00:00.000Z,2025-02-27T01:00:00.000Z,,Niedersachsen,DE,Edewechter Landstraße,26131
E0:4F:43:1D:62:B5,SmartGate_164240,61.02827835,24.39685631,E0:4F:43,6,wpa2,2023-07-14T12:00:00.000Z,2026-03-08T10:00:00.000Z,Hämeenlinna,Manner-Suomi,FI,Helsinki-Tampere valtatie,13800
E0:4F:43:1D:62:B8,SmartGate_522403,50.89120483,10.76149368,E0:4F:43,6,wpa2,2019-02-10T18:00:00.000Z,2026-03-29T08:00:00.000Z,,Thüringen,DE,A 4,99869
E0:4F:43:1D:62:BB,SmartGate_135839,51.97270584,8.62900543,E0:4F:43,6,wpa2,2024-07-12T14:00:00.000Z,2025-08-09T03:00:00.000Z,Bielefeld,Nordrhein-Westfalen,DE,Ruheweg,33699
E0:4F:43:1D:62:BD,SmartGate_539510,61.73477173,24.77458,E0:4F:43,6,wpa2,2025-08-16T15:00:00.000Z,2025-08-22T04:00:00.000Z,,Manner-Suomi,FI,Tampereentie,35400
E0:4F:43:1D:62:BE,SmartGate_522273,60.15459442,15.19406509,E0:4F:43,6,wpa2,2020-01-24T16:00:00.000Z,2025-04-19T20:00:00.000Z,,Dalarnas län,SE,Östra Storgatan,771 25
E0:4F:43:1D:62:BF,SmartGate_521294,59.3914032,17.99810982,E0:4F:43,6,wpa2,2017-04-18T07:00:00.000Z,2026-07-31T11:00:00.000Z,,Stockholms län,SE,Sälgstigen,17069
E0:4F:43:1D:62:C4,SmartGate_161028,49.71574402,18.28301239,E0:4F:43,6,wpa2,2024-12-18T17:00:00.000Z,2024-12-20T11:00:00.000Z,,Moravskoslezsko,CZ,D56,73921
E0:4F:43:1D:62:C6,SmartGate_153675,51.3116951,12.37070751,E0:4F:43,6,wpa2,2018-04-22T22:00:00.000Z,2025-04-15T19:00:00.000Z,Leipzig,Sachsen,DE,Scheffelstraße,04277
E0:4F:43:1D:62:C8,SmartGate_158904,60.18948746,24.74748611,E0:4F:43,6,wpa2,2017-02-24T14:00:00.000Z,2024-08-12T04:00:00.000Z,Espoo,Manner-Suomi,FI,Kehä II,02250
E0:4F:43:1D:62:CA,SmartGate_047510,60.18946838,24.95113564,E0:4F:43,6,wpa2,2025-02-22T13:00:00.000Z,2026-06-14T05:00:00.000Z,Helsinki,Manner-Suomi,FI,Porvoonkatu,00510
E0:4F:43:1D:62:CF,SmartGate_172905,61.47387695,23.86107063,E0:4F:43,6,wpa2,2018-03-15T18:00:00.000Z,2026-08-08T04:00:00.000Z,Tampere,Manner-Suomi,FI,Vasaratie,33700
E0:4F:43:1D:62:D1,SmartGate_527471,48.30976105,18.09084892,E0:4F:43,6,wpa2,2019-05-24T08:00:00.000Z,2025-10-16T00:00:00.000Z,Nitra,Nitriansky kraj,SK,Nábrežie mládeže,949 01
E0:4F:43:1D:62:D3,SmartGate_161556,47.28140259,9.61839294,E0:4F:43,6,wpa2,2025-10-26T17:00:00.000Z,2025-10-26T14:00:00.000Z,Marktgemeinde Rankweil,Vorarlberg,AT,Vorarlberger Straße,6830
E0:4F:43:1D:62:D4,SmartGate_155188,60.15600204,24.64823151,E0:4F:43,6,wpa2,2017-09-08T14:00:00.000Z,2025-07-13T13:00:00.000Z,Espoo,Manner-Suomi,FI,Tyskaksentie,02320
E0:4F:43:1D:62:DA,SmartGate_160540,61.50437927,23.86247063,E0:4F:43,6,wpa2,2018-12-13T08:00:00.000Z,2025-10-26T05:00:00.000Z,Tampere,Manner-Suomi,FI,Soukonvuorentie,33560
E0:4F:43:1D:62:DD,SmartGate_522262,64.75310516,20.96185112,E0:4F:43,6,wpa2,2026-06-11T15:00:00.000Z,2026-08-07T05:00:00.000Z,,Västerbottens län,SE,95,93178
E0:4F:43:1D:62:E0,SMARTGATE_123456,49.27212524,8.66894913,E0:4F:43,6,wpa2,2025-01-04T09:00:00.000Z,2025-01-04T07:00:00.000Z,,Baden-Württemberg,DE,A 6,69168
E0:4F:43:1D:62:EF,SmartGate_522674,49.20001984,16.49454308,E0:4F:43,6,wpa2,2017-03-11T15:00:00.000Z,2025-06-21T08:00:00.000Z,Brno,Jihovýchod,CZ,,64100
E0:4F:43:1D:62:F4,SmartGate_521059,52.16406631,5.49679279,E0:4F:43,6,wpa2,2022-01-26T17:00:00.000Z,2024-09-07T15:00:00.000Z,,Gelderland,NL,Rijksweg A1,3784VG
E0:4F:43:1D:62:F7,SmartGate_522605,47.21722794,12.01692009,E0:4F:43,6,wpa2,2022-02-12T14:00:00.000Z,2025-01-19T07:00:00.000Z,Gemeinde Gerlos,Tirol,AT,B165,6281
E0:4F:43:1D:62:F9,SmartGate_528859,50.24703217,19.01255608,E0:4F:43,6,wpa2,2018-02-26T12:00:00.000Z,2026-06-07T04:00:00.000Z,Katowice,województwo śląskie,PL,Aleja Górnośląska,40-047
E0:4F:43:1D:62:FC,SmartGate_521573,49.66737366,14.06652451,E0:4F:43,6,wpa2,2025-12-08T06:00:00.000Z,2025-12-13T02:00:00.000Z,,Střední Čechy,CZ,118,262 31
E0:4F:43:1D:62:FF,SmartGate_528202,57.85464859,14.26678085,E0:4F:43,6,wpa2,2025-08-24T07:00:00.000Z,2025-08-24T01:00:00.000Z,Jönköping,Jönköpings län,SE,E 4,563 93
E0:4F:43:1D:63:04,SmartGate_171726,60.23624039,24.99340057,E0:4F:43,6,wpa2,2017-09-04T07:00:00.000Z,2026-04-19T04:00:00.000Z,Helsinki,Manner-Suomi,FI,Lucina Hagmanin polku,00720
E0:4F:43:1D:63:06,SMARTGATE_123456,48.79782486,8.95394135,E0:4F:43,6,wpa2,2022-11-12T11:00:00.000Z,2024-08-10T03:00:00.000Z,,Baden-Württemberg,DE,A 8,71277
E0:4F:43:1D:63:08,SMARTGATE_123456,51.14590454,6.40771866,E0:4F:43,6,wpa2,2017-12-07T09:00:00.000Z,2025-10-17T13:00:00.000Z,Mönchengladbach,Nordrhein-Westfalen,DE,Boschstraße,41189
E0:4F:43:1D:63:0B,SmartGate_159896,54.54867935,-1.33169305,E0:4F:43,6,wpa2,2018-07-22T06:00:00.000Z,2025-10-30T11:00:00.000Z,,England,GB,Yarm Road,TS18 3RU
E0:4F:43:1D:63:12,SmartGate_517783,59.19032288,17.6523304,E0:4F:43,6,wpa2,2019-04-09T10:00:00.000Z,2024-11-20T23:00:00.000Z,,Stockholms län,SE,E 4;E 20,15270
E0:4F:43:1D:63:15,SmartGate_156786,50.19779587,15.84797192,E0:4F:43,6,wpa2,2023-01-16T17:00:00.000Z,2024-09-14T07:00:00.000Z,Hradec Králové,Severovýchod,CZ,Mrštíkova,50012
E0:4F:43:1D:63:2A,SmartGate_521452,58.75419617,16.74384689,E0:4F:43,6,wpa2,2021-09-22T16:00:00.000Z,2024-10-01T00:00:00.000Z,,Södermanlands län,SE,E 4,611 95
E0:4F:43:1D:63:2D,SmartGate_108100,60.23102951,24.83917618,E0:4F:43,6,wpa2,2019-09-06T14:00:00.000Z,2026-02-03T01:00:00.000Z,Helsinki,Manner-Suomi,FI,Länsipellontie,00390
E0:4F:43:1D:63:30,SMARTGATE_123456,51.04432297,13.78091717,E0:4F:43,6,wpa2,2017-10-12T12:00:00.000Z,2026-06-20T00:00:00.000Z,Dresden,Sachsen,DE,Borsbergstraße,01309
E0:4F:43:1D:63:34,SmartGate_521036,57.7796936,14.17791367,E0:4F:43,6,wpa2,2025-07-27T12:00:00.000Z,2026-08-06T13:00:00.000Z,Jönköping,Jönköpings län,SE,Odengatan,553 20
E0:4F:43:1D:63:35,SmartGate_160848,49.99105453,6.08888006,E0:4F:43,6,wpa2,2025-04-30T12:00:00.000Z,2025-04-30T07:00:00.000Z,Parc Hosingen,Canton Clervaux,LU,E 421,9836
E0:4F:43:1D:63:3D,SmartGate_524951,44.45532227,26.14343452,E0:4F:43,6,wpa2,2025-09-27T13:00:00.000Z,2025-10-15T05:00:00.000Z,Municipiul București,Electronicii,RO,Intrarea Comisul Buzincă,023392
E0:4F:43:1D:63:3E,SmartGate_524744,60.1979332,24.97485924,E0:4F:43,6,wpa2,2017-08-18T19:00:00.000Z,2024-12-16T00:00:00.000Z,Helsinki,Manner-Suomi,FI,Kyläsaarenkatu,00580
E0:4F:43:1D:63:3F,SmartGate_161169,49.65645599,6.30255318,E0:4F:43,6,wpa2,2025-05-30T09:00:00.000Z,2026-06-11T05:00:00.000Z,,Canton Grevenmacher,LU,Rue de Roodt-sur-Syre,6933
E0:4F:43:1D:63:45,SmartGate_523402,51.83050919,-0.41889292,E0:4F:43,6,wpa2,2017-05-01T14:00:00.000Z,2025-07-22T15:00:00.000Z,St Albans,England,GB,M1,AL3 8HT
E0:4F:43:1D:63:48,SmartGate_522832,50.06238556,14.44474792,E0:4F:43,6,wpa2,2017-06-12T21:00:00.000Z,2025-09-03T05:00:00.000Z,Hlavní město Praha,Praha,CZ,Nuselská,14000
E0:4F:43:1D:63:4A,SmartGate_160974,47.38468552,8.53275299,E0:4F:43,6,wpa2,2017-10-13T15:00:00.000Z,2025-12-25T19:00:00.000Z,Zürich,Zürich,CH,Ausstellungsstrasse,8031
E0:4F:43:1D:63:4C,SmartGate_108810,49.19007111,16.63196564,E0:4F:43,6,wpa2,2025-03-29T20:00:00.000Z,2025-03-29T17:00:00.000Z,Brno,Jihovýchod,CZ,Hladíkova,61800
E0:4F:43:1D:63:4E,SmartGate_523090,60.59007645,24.81019402,E0:4F:43,6,wpa2,2018-10-19T18:00:00.000Z,2024-12-12T08:00:00.000Z,,Manner-Suomi,FI,Tervamäentie,05840
E0:4F:43:1D:63:4F,SmartGate_157711,48.9753952,14.47930241,E0:4F:43,6,wpa2,2026-02-09T14:00:00.000Z,2026-02-09T08:00:00.000Z,České Budějovice,Jihozápad,CZ,Na Sadech,37001
E0:4F:43:1D:63:50,SmartGate_523003,60.26633453,24.83616638,E0:4F:43,6,wpa2,2017-12-19T07:00:00.000Z,2026-08-03T06:00:00.000Z,Vantaa,Manner-Suomi,FI,Raappavuorentie,01600
E0:4F:43:1D:63:52,SmartGate_166378,60.22698212,25.0294323,E0:4F:43,6,wpa2,2017-06-21T08:00:00.000Z,2024-11-10T05:00:00.000Z,Helsinki,Manner-Suomi,FI,Nuppukuja,00810
E0:4F:43:1D:63:54,SmartGate_522354,47.41306686,18.87974548,E0:4F:43,6,wpa2,2025-08-02T09:00:00.000Z,2025-08-02T13:00:00.000Z,,Közép-Magyarország,HU,M7,2030
E0:4F:43:1D:63:58,SmartGate_162292,63.67802811,22.71447945,E0:4F:43,6,wpa2,2017-06-18T16:00:00.000Z,2025-08-04T09:00:00.000Z,,Manner-Suomi,FI,Skolgatan,68600
E0:4F:43:1D:63:59,SmartGate_522507,49.59058762,17.23679924,E0:4F:43,6,wpa2,2025-12-29T16:00:00.000Z,2026-01-05T00:00:00.000Z,Olomouc,Střední Morava,CZ,Foerstrova,77900
E0:4F:43:1D:63:5C,SmartGate_119095,50.92794037,13.38024521,E0:4F:43,6,wpa2,2018-08-23T15:00:00.000Z,2025-09-28T06:00:00.000Z,,Sachsen,DE,Schleife,09599
E0:4F:43:1D:63:61,SmartGate_154744,61.4892807,23.78087807,E0:4F:43,6,wpa2,2021-04-27T19:00:00.000Z,2024-12-07T07:00:00.000Z,Tampere,Manner-Suomi,FI,,33100
E0:4F:43:1D:63:69,SmartGate_162204,62.93047333,27.68106651,E0:4F:43,6,wpa2,2017-08-30T15:00:00.000Z,2026-07-19T02:00:00.000Z,Kuopio,Manner-Suomi,FI,Päivärannantie,70400
E0:4F:43:1D:63:6B,SmartGate_167295,62.5957489,29.77413177,E0:4F:43,6,wpa2,2025-08-05T07:00:00.000Z,2025-08-05T02:00:00.000Z,Joensuu,Manner-Suomi,FI,Suvantokatu,80210
E0:4F:43:1D:63:6C,SmartGate_522524,60.23219299,24.8517189,E0:4F:43,6,wpa2,2021-12-28T14:00:00.000Z,2025-10-30T14:00:00.000Z,Helsinki,Manner-Suomi,FI,Kehä I,00370
E0:4F:43:1D:63:6F,SmartGate_151799,61.04838943,28.20868874,E0:4F:43,6,wpa2,2017-11-11T13:00:00.000Z,2025-12-12T01:00:00.000Z,Lappeenranta,Manner-Suomi,FI,Karikkokatu,53500
E0:4F:43:1D:63:7E,SmartGate_523604,60.11523056,24.44346046,E0:4F:43,6,wpa2,2019-12-26T14:00:00.000Z,2026-02-19T10:00:00.000Z,,Manner-Suomi,FI,Sillankulma,02400
E0:4F:43:1D:63:80,SmartGate_530281,51.30276108,13.30403137,E0:4F:43,6,wpa2,2025-02-01T12:00:00.000Z,2026-01-11T07:00:00.000Z,,Sachsen,DE,Friedrich-Engels-Straße,01587
E0:4F:43:1D:63:8A,SmartGate_524508,60.64570999,17.12222862,E0:4F:43,6,wpa2,2023-07-15T17:00:00.000Z,2024-08-14T09:00:00.000Z,,Gävleborgs län,SE,E 4,80272
E0:4F:43:1D:63:91,SmartGate_539568,51.10716629,6.93013906,E0:4F:43,6,wpa2,2017-12-13T13:00:00.000Z,2025-04-30T13:00:00.000Z,Langenfeld (Rheinland),Nordrhein-Westfalen,DE,Heckenstraße,40764
E0:4F:43:1D:63:93,SmartGate_521147,58.28507996,12.30706692,E0:4F:43,6,wpa2,2017-05-18T09:00:00.000Z,2025-03-01T22:00:00.000Z,,Västra Götalands län,SE,Edsborgsvägen,46139
E0:4F:43:1D:63:A0,SmartGate_702476,49.05961609,8.50244045,E0:4F:43,6,wpa2,2023-09-27T11:00:00.000Z,2025-08-09T16:00:00.000Z,,Baden-Württemberg,DE,Notauffahrt Weingarten Richtung Nord,76356
E0:4F:43:1D:63:A7,SmartGate_161985,47.6679306,9.15762997,E0:4F:43,6,wpa2,2024-05-25T10:00:00.000Z,2025-09-22T09:00:00.000Z,Konstanz,Baden-Württemberg,DE,Fischenzstraße,78462
E0:4F:43:1D:63:AB,SmartGate_524665,47.30006027,7.7650547,E0:4F:43,6,wpa2,2025-06-12T09:00:00.000Z,2025-06-12T15:00:00.000Z,,Solothurn,CH,A1,4625
E0:4F:43:1D:63:B6,SmartGate_528278,49.95966339,16.96389008,E0:4F:43,6,wpa2,2018-04-03T16:00:00.000Z,2025-09-05T05:00:00.000Z,,Střední Morava,CZ,Nerudova,78701
E0:4F:43:1D:63:B8,SmartGate_523315,61.51721191,23.58012199,E0:4F:43,6,wpa2,2020-11-11T15:00:00.000Z,2025-11-26T06:00:00.000Z,Tampere,Manner-Suomi,FI,Myllypuronkatu,33320
E0:4F:43:1D:63:BB,SmartGate_159811,60.22434998,24.87452698,E0:4F:43,6,wpa2,2024-07-18T13:00:00.000Z,2026-07-13T02:00:00.000Z,Helsinki,Manner-Suomi,FI,Meijeritie,00370
E0:4F:43:1D:63:C2,SmartGate_175025,61.40811539,23.91997337,E0:4F:43,6,wpa2,2017-04-13T17:00:00.000Z,2026-08-06T09:00:00.000Z,Kangasala,Manner-Suomi,FI,Kaarinanpolku,
E0:4F:43:1D:63:C7,SmartGate_520449,49.96566772,18.53415489,E0:4F:43,6,wpa2,2026-07-29T08:00:00.000Z,2026-07-29T05:00:00.000Z,,województwo śląskie,PL,Adama Mickiewicza,44-324
E0:4F:43:1D:63:C8,SmartGate_159142,61.14990616,23.99254036,E0:4F:43,6,wpa2,2025-10-24T08:00:00.000Z,2025-10-28T10:00:00.000Z,,Manner-Suomi,FI,Valtatie 3,37770
E0:4F:43:1D:63:C9,SmartGate_526225,59.05131531,9.69665146,E0:4F:43,6,wpa2,2017-06-13T11:00:00.000Z,2025-07-21T07:00:00.000Z,,Vestfold og Telemark,NO,Strømtangvegen,3960
E0:4F:43:1D:63:E1,SmartGate_520252,62.24018097,25.79754257,E0:4F:43,6,wpa2,2017-03-17T17:00:00.000Z,2025-08-16T03:00:00.000Z,Jyväskylä,Manner-Suomi,FI,Vaajakosken moottoritie,40400
E0:4F:43:1D:63:E6,SmartGate_528935,59.32492447,17.98106956,E0:4F:43,6,wpa2,2017-10-12T07:00:00.000Z,2026-06-02T03:00:00.000Z,,Stockholms län,SE,Äppelviksvägen,167 53
E0:4F:43:1D:63:E8,SmartGate_155978,60.17108536,24.76952744,E0:4F:43,6,wpa2,2017-04-01T15:00:00.000Z,2024-10-14T07:00:00.000Z,Espoo,Manner-Suomi,FI,Merituulentie,02200
E0:4F:43:1D:63:EA,SmartGate_520188,50.13530731,18.99241066,E0:4F:43,6,wpa2,2018-08-28T17:00:00.000Z,2025-01-24T08:00:00.000Z,Tychy,województwo śląskie,PL,Katowicka,43-100
E0:4F:43:1D:63:EB,SMARTGATE_123456,61.47137451,23.83683014,E0:4F:43,6,wpa2,2022-09-06T16:00:00.000Z,2025-11-12T03:00:00.000Z,Tampere,Manner-Suomi,FI,Suutalankatu,33820
E0:4F:43:1D:63:EC,SmartGate_538271,37.96081924,-0.70538318,E0:4F:43,6,wpa2,2017-11-27T17:00:00.000Z,2026-01-21T06:00:00.000Z,Torrevieja,Comunitat Valenciana,ES,Avenida Desiderio Rodríguez,03180
E0:4F:43:1D:63:F0,SmartGate_522351,49.21416855,18.74846268,E0:4F:43,6,wpa2,2018-07-28T12:00:00.000Z,2025-11-29T10:00:00.000Z,Žilina,Žilinský kraj,SK,Vysokoškolákov,01008
E0:4F:43:1D:63:F5,SmartGate_531832,49.74846268,6.56091309,E0:4F:43,6,wpa2,2025-03-31T07:00:00.000Z,2025-03-31T01:00:00.000Z,,Rheinland-Pfalz,DE,A 64,54311
E0:4F:43:1D:63:F6,SmartGate_115285,49.18133163,16.80418777,E0:4F:43,6,wpa2,2017-01-25T09:00:00.000Z,2026-06-07T11:00:00.000Z,,Jihovýchod,CZ,D1,683 51
E0:4F:43:1D:63:F7,SmartGate_525755,50.97444153,11.04741859,E0:4F:43,6,wpa2,2018-01-29T19:00:00.000Z,2024-09-21T08:00:00.000Z,Erfurt,Thüringen,DE,Zum Güterbahnhof,99085
E0:4F:43:1D:63:FA,SMARTGATE_123456,47.5250206,19.03795815,E0:4F:43,6,wpa2,2017-05-24T17:00:00.000Z,2026-05-10T10:00:00.000Z,,Budapest,HU,Lajos utca,1023
E0:4F:43:1D:63:FB,SmartGate_124365,50.67010117,14.02480507,E0:4F:43,6,wpa2,2018-01-24T17:00:00.000Z,2024-11-23T10:00:00.000Z,Ústí nad Labem,Severozápad,CZ,Masarykova,40001
E0:4F:43:1D:64:00,SmartGate_168259,62.59434891,29.77753448,E0:4F:43,6,wpa2,2017-06-25T12:00:00.000Z,2025-02-12T07:00:00.000Z,Joensuu,Manner-Suomi,FI,Huvilakatu,80200
E0:4F:43:1D:64:02,SmartGate_702380,49.3294754,11.05539608,E0:4F:43,6,wpa2,2018-12-14T11:00:00.000Z,2025-10-15T10:00:00.000Z,,Bayern,DE,A 6,91126
E0:4F:43:1D:64:08,SmartGate_168017,52.15932083,9.00616264,E0:4F:43,6,wpa2,2018-07-27T11:00:00.000Z,2025-05-21T08:00:00.000Z,,Nordrhein-Westfalen,DE,Elfenborn,32689
E0:4F:43:1D:64:09,SmartGate_520710,59.31171417,18.07235909,E0:4F:43,6,wpa2,2018-04-08T14:00:00.000Z,2024-10-22T17:00:00.000Z,,Stockholms län,SE,Vartoftagatan,118 30
E0:4F:43:1D:64:0C,SmartGate_164133,61.84984207,29.73316574,E0:4F:43,6,wpa2,2018-03-01T18:00:00.000Z,2025-11-02T13:00:00.000Z,,Manner-Suomi,FI,Lappeenrannantie,59800
E0:4F:43:1D:64:10,SmartGate_025589,45.74846649,21.21841049,E0:4F:43,6,wpa2,2017-03-10T18:00:00.000Z,2024-10-24T13:00:00.000Z,Timișoara,Timiș,RO,Bulevardul 16 Decembrie 1989,300173
E0:4F:43:1D:64:12,SmartGate_529270,52.27184296,9.91322899,E0:4F:43,6,wpa2,2025-06-07T14:00:00.000Z,2026-05-22T14:00:00.000Z,,Niedersachsen,DE,A 7,31191
E0:4F:43:1D:64:1A,SMARTGATE_123456,53.14880371,12.40291595,E0:4F:43,6,wpa2,2017-12-04T10:00:00.000Z,2024-09-26T03:00:00.000Z,,Brandenburg,DE,Wittstocker Chaussee,16909
E0:4F:43:1D:64:1E,SmartGate_045314,60.23352051,24.84999847,E0:4F:43,6,wpa2,2023-07-06T16:00:00.000Z,2026-02-03T03:00:00.000Z,Helsinki,Manner-Suomi,FI,Vähäntuvantie,00390
E0:4F:43:1D:64:20,SmartGate_118742,50.84341812,12.44429874,E0:4F:43,6,wpa2,2019-02-10T18:00:00.000Z,2026-07-10T05:00:00.000Z,,Sachsen,DE,Hohe Straße,08393
E0:4F:43:1D:64:24,SmartGate_163693,49.58916855,17.25313377,E0:4F:43,6,wpa2,2017-06-05T17:00:00.000Z,2025-11-21T05:00:00.000Z,Olomouc,Střední Morava,CZ,tř. Svobody,771 00
E0:4F:43:1D:64:25,SmartGate_167017,49.22101593,17.65695572,E0:4F:43,6,wpa2,2023-07-02T13:00:00.000Z,2024-12-19T08:00:00.000Z,Zlín,Střední Morava,CZ,Čiperova,760 01
E0:4F:43:1D:64:26,SmartGate_045338,50.6826973,14.01837158,E0:4F:43,6,wpa2,2018-05-21T07:00:00.000Z,2025-01-01T13:00:00.000Z,Ústí nad Labem,Severozápad,CZ,Na Kabátě,400 11
E0:4F:43:1D:64:2B,SmartGate_162900,62.6067276,29.75484085,E0:4F:43,6,wpa2,2021-01-08T11:00:00.000Z,2026-03-18T11:00:00.000Z,Joensuu,Manner-Suomi,FI,Sepänkatu,80100
E0:4F:43:1D:64:2D,SmartGate_045445,60.16074371,24.71624565,E0:4F:43,6,wpa2,2022-11-18T08:00:00.000Z,2024-08-22T08:00:00.000Z,Espoo,Manner-Suomi,FI,Länsiväylä,02240
E0:4F:43:1D:64:2E,SmartGate_122632,51.31551743,12.52910805,E0:4F:43,6,wpa2,2017-03-19T15:00:00.000Z,2025-11-28T10:00:00.000Z,,Sachsen,DE,A 14,04824
E0:4F:43:1D:64:31,SmartGate_047343,43.40338135,17.86015511,E0:4F:43,6,wpa2,2018-12-01T11:00:00.000Z,2025-08-27T13:00:00.000Z,Mostar,Federacija Bosne i Hercegovine,BA,,88113
E0:4F:43:1D:64:34,SmartGate_164573,60.28643036,25.00248718,E0:4F:43,6,wpa2,2017-05-28T11:00:00.000Z,2024-10-03T09:00:00.000Z,Helsinki,Manner-Suomi,FI,Sateenkaarenkuja,00740
E0:4F:43:1D:64:3D,SmartGate_111773,49.10164642,16.37494659,E0:4F:43,6,wpa2,2019-05-13T21:00:00.000Z,2026-07-16T05:00:00.000Z,,Jihovýchod,CZ,Široká,66491
E0:4F:43:1D:64:3F,SmartGate_167481,60.19222641,25.03367043,E0:4F:43,6,wpa2,2017-08-24T20:00:00.000Z,2026-05-31T13:00:00.000Z,Helsinki,Manner-Suomi,FI,Petter Wetterin polku,00881
E0:4F:43:1D:64:42,SmartGate_122898,50.58256912,10.99756527,E0:4F:43,6,wpa2,2025-09-14T18:00:00.000Z,2025-12-08T23:00:00.000Z,,Thüringen,DE,Ilmenauer Straße,98701
E0:4F:43:1D:64:44,,52.43799973,9.60475254,E0:4F:43,0,unknown,2025-04-04T09:00:00.000Z,2025-04-06T15:00:00.000Z,,Niedersachsen,DE,Birkenweg,30827
E0:4F:43:1D:64:45,SmartGate_045311,58.35536957,26.71768761,E0:4F:43,6,wpa2,2022-09-10T11:00:00.000Z,2025-08-13T12:00:00.000Z,Tartu,Tartu maakond,EE,Aardla,50112
E0:4F:43:1D:64:48,SmartGate_154019,52.50694275,13.28225327,E0:4F:43,6,wpa2,2019-06-02T12:00:00.000Z,2024-09-25T09:00:00.000Z,Berlin,Charlottenburg-Wilmersdorf,DE,A 100,14057
E0:4F:43:1D:64:4B,SmartGate_531306,48.99534988,12.06292915,E0:4F:43,6,wpa2,2024-05-11T11:00:00.000Z,2025-01-13T05:00:00.000Z,,Bayern,DE,Janusstraße,93051
E0:4F:43:1D:64:51,SmartGate_702457,49.9897728,9.16967201,E0:4F:43,6,wpa2,2026-06-06T09:00:00.000Z,2026-06-20T03:00:00.000Z,,Bayern,DE,Schönbornstraße,63773
E0:4F:43:1D:64:53,SmartGate_525977,44.43458557,26.05676651,E0:4F:43,6,wpa2,2019-08-27T12:00:00.000Z,2025-03-29T11:00:00.000Z,Municipiul București,Sector 6,RO,Bulevardul Iuliu Maniu,061071
E0:4F:43:1D:64:56,SmartGate_522782,61.41175842,23.81707954,E0:4F:43,6,wpa2,2017-12-23T10:00:00.000Z,2026-07-28T02:00:00.000Z,Lempäälä,Manner-Suomi,FI,Soukonlahdentie,37560
E0:4F:43:1D:64:5F,SmartGate_045293,60.22081757,24.88022995,E0:4F:43,6,wpa2,2024-09-17T16:00:00.000Z,2025-06-16T07:00:00.000Z,Helsinki,Manner-Suomi,FI,Vihdintie,00380
E0:4F:43:1D:64:61,SmartGate_047221,44.4267807,26.10662651,E0:4F:43,6,wpa2,2017-10-22T18:00:00.000Z,2026-04-02T03:00:00.000Z,Municipiul București,Centrul Civic,RO,Bulevardul Unirii,030821
E0:4F:43:1D:64:65,SmartGate_528515,61.49367523,21.80175209,E0:4F:43,6,wpa2,2025-08-04T13:00:00.000Z,2026-01-29T21:00:00.000Z,Pori,Manner-Suomi,FI,Siltapuistokatu,28100
E0:4F:43:1D:64:6B,SmartGate_155975,61.06013489,28.21432686,E0:4F:43,6,wpa2,2021-07-26T08:00:00.000Z,2026-02-24T16:00:00.000Z,Lappeenranta,Manner-Suomi,FI,Lepolankatu,53100
E0:4F:43:1D:64:6D,SmartGate_045564,61.4736824,23.87160683,E0:4F:43,6,wpa2,2024-12-29T18:00:00.000Z,2026-06-08T22:00:00.000Z,Tampere,Manner-Suomi,FI,Juvankatu,33710
E0:4F:43:1D:64:72,SmartGate_114920,60.18532944,25.02322578,E0:4F:43,6,wpa2,2021-08-10T21:00:00.000Z,2026-06-06T03:00:00.000Z,Helsinki,Manner-Suomi,FI,Reginankuja,00881
E0:4F:43:1D:64:74,SmartGate_528570,61.47599411,21.7844162,E0:4F:43,6,wpa2,2018-08-13T18:00:00.000Z,2025-07-09T04:00:00.000Z,Pori,Manner-Suomi,FI,Tiilimäentie,28500
E0:4F:43:1D:64:7D,SmartGate_151034,63.12630463,21.60936546,E0:4F:43,6,wpa2,2017-03-29T07:00:00.000Z,2026-02-25T03:00:00.000Z,Vaasa,Manner-Suomi,FI,Hiiripolku,65230
E0:4F:43:1D:64:80,SmartGate_111779,53.12537003,11.71789169,E0:4F:43,6,wpa2,2017-08-07T18:00:00.000Z,2026-03-29T10:00:00.000Z,,Brandenburg,DE,,19357
E0:4F:43:1D:64:84,SmartGate_526845,50.90168762,13.33757496,E0:4F:43,6,wpa2,2018-05-27T11:00:00.000Z,2025-09-28T08:00:00.000Z,,Sachsen,DE,Brander Straße,09599
E0:4F:43:1D:64:86,SmartGate_523326,58.33460236,12.68102074,E0:4F:43,6,wpa2,2024-07-08T10:00:00.000Z,2024-08-27T10:00:00.000Z,,Västra Götalands län,SE,Oskarsgatan,467 31
E0:4F:43:1D:64:87,SmartGate_529773,60.20655823,24.972332,E0:4F:43,6,wpa2,2018-05-09T14:00:00.000Z,2026-05-13T11:00:00.000Z,Helsinki,Manner-Suomi,FI,Intiankatu,00560
E0:4F:43:1D:64:89,SmartGate_531407,53.38103485,11.4953413,E0:4F:43,6,wpa2,2026-03-15T13:00:00.000Z,2026-03-15T11:00:00.000Z,,Mecklenburg-Vorpommern,DE,L 072,19288
E0:4F:43:1D:64:8A,SMARTGATE_123456,53.795681,-1.61899567,E0:4F:43,6,wpa2,2018-08-13T15:00:00.000Z,2025-07-22T13:00:00.000Z,Leeds,England,GB,Pudsey Road,LS13 4LS
E0:4F:43:1D:64:8D,SmartGate_045282,60.26195908,24.22013474,E0:4F:43,6,wpa2,2017-09-26T19:00:00.000Z,2026-01-24T01:00:00.000Z,Lohja,Manner-Suomi,FI,Visatie,08680
E0:4F:43:1D:64:95,SmartGate_537987,62.61664963,29.73318291,E0:4F:43,6,wpa2,2018-08-08T11:00:00.000Z,2026-07-24T01:00:00.000Z,Joensuu,Manner-Suomi,FI,Kuopiontie,80130
E0:4F:43:1D:64:96,SmartGate_153914,50.13858795,14.64234924,E0:4F:43,6,wpa2,2020-07-17T13:00:00.000Z,2024-10-20T12:00:00.000Z,,Střední Čechy,CZ,D10,25061
E0:4F:43:1D:64:99,SmartGate_121163,60.19463348,24.89161873,E0:4F:43,6,wpa2,2022-04-27T17:00:00.000Z,2025-07-05T08:00:00.000Z,Helsinki,Manner-Suomi,FI,,00300
E0:4F:43:1D:64:A6,SmartGate_163969,61.47866821,23.77938652,E0:4F:43,6,wpa2,2018-11-05T11:00:00.000Z,2025-05-27T06:00:00.000Z,Tampere,Manner-Suomi,FI,Viinikankatu,33800
E0:4F:43:1D:64:AB,SmartGate_531336,60.25894547,24.84578896,E0:4F:43,6,wpa2,2024-03-05T11:00:00.000Z,2026-03-28T07:00:00.000Z,,Manner-Suomi,FI,Leiritie,01600
E0:4F:43:1D:64:AF,SmartGate_523202,47.47738647,8.55245972,E0:4F:43,6,wpa2,2018-10-17T16:00:00.000Z,2025-04-30T05:00:00.000Z,,Zürich,CH,A51,8181
E0:4F:43:1D:64:B9,SmartGate_531291,60.33635712,25.0424633,E0:4F:43,6,wpa2,2018-02-24T13:00:00.000Z,2025-02-14T08:00:00.000Z,,Manner-Suomi,FI,,
E0:4F:43:1D:64:BA,SmartGate_112671,60.22332382,24.88948059,E0:4F:43,6,wpa2,2018-10-27T17:00:00.000Z,2026-05-29T02:00:00.000Z,Helsinki,Manner-Suomi,FI,Orapihlajatie,00400
E0:4F:43:1D:64:BC,SmartGate_118437,60.1950264,24.90891266,E0:4F:43,6,wpa2,2017-03-30T20:00:00.000Z,2025-07-14T06:00:00.000Z,Helsinki,Manner-Suomi,FI,Mannerheimintie,00270
E0:4F:43:1D:64:BD,SmartGate_123115,60.46265411,26.93312073,E0:4F:43,6,wpa2,2018-09-29T11:00:00.000Z,2025-04-19T09:00:00.000Z,Kotka,Manner-Suomi,FI,Opistokatu,48100
E0:4F:43:1D:64:BE,SmartGate_164383,50.06994629,14.48438263,E0:4F:43,6,wpa2,2017-10-25T06:00:00.000Z,2025-07-26T12:00:00.000Z,Hlavní město Praha,Praha,CZ,Na Hroudě,10000
E0:4F:43:1D:64:C3,SmartGate_108376,51.06175995,12.45795727,E0:4F:43,6,wpa2,2018-09-26T13:00:00.000Z,2025-06-07T23:00:00.000Z,,Thüringen,DE,,04617
E0:4F:43:1D:64:C4,SmartGate_156186,48.0634079,13.10975456,E0:4F:43,6,wpa2,2017-09-02T21:00:00.000Z,2026-02-20T22:00:00.000Z,,Oberösterreich,AT,Auerbach,5224
E0:4F:43:1D:64:C6,SMARTGATE_123456,59.29103088,17.5829792,E0:4F:43,6,wpa2,2017-10-10T07:00:00.000Z,2025-11-13T09:00:00.000Z,,Stockholms län,SE,,
E0:4F:43:1D:64:CC,SmartGate_540304,49.10403824,16.36654282,E0:4F:43,6,wpa2,2024-08-09T09:00:00.000Z,2024-10-08T10:00:00.000Z,,Jihovýchod,CZ,Oslavanská,66491
E0:4F:43:1D:64:D5,SmartGate_522691,59.58597946,16.37927055,E0:4F:43,6,wpa2,2020-12-02T08:00:00.000Z,2026-07-12T11:00:00.000Z,,Västmanlands län,SE,E 18;56,72475
E0:4F:43:1D:64:D7,SmartGate_530913,50.09558105,14.32477093,E0:4F:43,6,wpa2,2020-10-17T18:00:00.000Z,2025-10-28T20:00:00.000Z,Hlavní město Praha,Praha,CZ,Na Džbánu,16100
E0:4F:43:1D:64:D8,SmartGate_048507,50.34078979,18.95993233,E0:4F:43,6,wpa2,2017-06-12T21:00:00.000Z,2026-03-30T07:00:00.000Z,Bytom,województwo śląskie,PL,Siemianowicka,41-902
E0:4F:43:1D:64:E6,SmartGate_156230,60.54220963,26.97821426,E0:4F:43,6,wpa2,2018-09-12T13:00:00.000Z,2025-11-30T09:00:00.000Z,Kotka,Manner-Suomi,FI,Haminantie,48770
E0:4F:43:1D:64:EB,SmartGate_164658,61.47583008,23.48241615,E0:4F:43,6,wpa2,2024-06-24T17:00:00.000Z,2025-06-14T03:00:00.000Z,,Manner-Suomi,FI,Nokian valtatie,37120
E0:4F:43:1D:64:EC,SmartGate_175354,60.16940689,24.78978348,E0:4F:43,6,wpa2,2018-04-26T09:00:00.000Z,2026-05-30T06:00:00.000Z,Espoo,Manner-Suomi,FI,Hakamäentie,02120
E0:4F:43:1D:64:EE,SmartGate_527453,50.08692169,14.37987423,E0:4F:43,6,wpa2,2018-07-29T18:00:00.000Z,2024-11-04T01:00:00.000Z,Hlavní město Praha,Praha,CZ,Na Petynce,16201
E0:4F:43:1D:64:F2,SmartGate_528938,61.48166275,22.59623909,E0:4F:43,6,wpa2,2018-02-08T12:00:00.000Z,2026-06-13T06:00:00.000Z,Sastamala,Manner-Suomi,FI,Kruuvinkyläntie,38360
E0:4F:43:1D:64:F6,SmartGate_171541,66.49794006,25.71836662,E0:4F:43,6,wpa2,2019-07-19T11:00:00.000Z,2026-06-16T07:00:00.000Z,Rovaniemi,Manner-Suomi,FI,Hallituskatu,96100
E0:4F:43:1D:65:02,SmartGate_527926,48.14825439,17.15636635,E0:4F:43,6,wpa2,2017-09-05T06:00:00.000Z,2025-10-09T05:00:00.000Z,Bratislava,Bratislavský kraj,SK,Prievozská,
E0:4F:43:1D:65:08,SmartGate_534547,49.1602211,13.52254868,E0:4F:43,6,wpa2,2017-03-19T12:00:00.000Z,2025-04-20T12:00:00.000Z,,Jihozápad,CZ,,34192
E0:4F:43:1D:65:11,SmartGate_172980,62.77318954,22.83309746,E0:4F:43,6,wpa2,2018-09-16T15:00:00.000Z,2026-03-08T10:00:00.000Z,Seinäjoki,Manner-Suomi,FI,Huhtalantie,60200
E0:4F:43:1D:65:23,SmartGate_531842,50.09524918,8.22152424,E0:4F:43,6,wpa2,2024-03-21T12:00:00.000Z,2024-08-28T11:00:00.000Z,Wiesbaden,Hessen,DE,Platter Straße,65193
E0:4F:43:1D:65:25,SmartGate_122678,52.68408585,13.44331837,E0:4F:43,6,wpa2,2018-02-22T07:00:00.000Z,2024-08-10T13:00:00.000Z,,Brandenburg,DE,Am Weiher,16348
E0:4F:43:1D:65:2D,SmartGate_172969,50.07871246,14.34424973,E0:4F:43,6,wpa2,2026-05-07T10:00:00.000Z,2026-05-07T04:00:00.000Z,Hlavní město Praha,Praha,CZ,Vypich,
E0:4F:43:1D:65:33,SmartGate_527451,61.49847412,23.87956238,E0:4F:43,6,wpa2,2026-05-04T05:00:00.000Z,2026-05-03T23:00:00.000Z,Tampere,Manner-Suomi,FI,Heikkilänkatu,33580
E0:4F:43:1D:65:39,SmartGate_526843,56.6708374,16.34568024,E0:4F:43,6,wpa2,2017-06-03T11:00:00.000Z,2025-03-28T11:00:00.000Z,Kalmar,Kalmar län,SE,Erik Dahlbergs väg,39235
E0:4F:43:1D:65:3F,SmartGate_026483,62.59649277,29.77972984,E0:4F:43,6,wpa2,2024-12-11T17:00:00.000Z,2025-10-09T09:00:00.000Z,Joensuu,Manner-Suomi,FI,Kontionkatu,80210
E0:4F:43:1D:65:44,SmartGate_525234,49.77118683,6.0866704,E0:4F:43,6,wpa2,2018-07-30T15:00:00.000Z,2025-04-09T01:00:00.000Z,,Canton Mersch,LU,Autoroute du Nord,7553
E0:4F:43:1D:65:48,SmartGate_113123,60.21375656,24.86671448,E0:4F:43,6,wpa2,2017-03-15T07:00:00.000Z,2025-12-27T14:00:00.000Z,Helsinki,Manner-Suomi,FI,Kutomotie,00380
E0:4F:43:1D:65:4B,SMARTGATE_123456,44.42282104,26.1496048,E0:4F:43,6,wpa2,2021-08-31T16:00:00.000Z,2025-01-06T04:00:00.000Z,Municipiul București,Titan - Balta Albă,RO,Strada Liviu Rebreanu,031772
E0:4F:43:1D:65:53,SmartGate_527669,51.0225563,7.6631813,E0:4F:43,6,wpa2,2019-05-29T07:00:00.000Z,2026-05-14T09:00:00.000Z,Bergneustadt,Nordrhein-Westfalen,DE,Kölner Straße,51702
E0:4F:43:1D:65:54,SmartGate_526869,47.66164398,8.65148926,E0:4F:43,6,wpa2,2019-01-24T17:00:00.000Z,2026-02-07T16:00:00.000Z,,Zürich,CH,Brandstrasse,8248
E0:4F:43:1D:65:58,SmartGate_531240,48.16550827,11.42686081,E0:4F:43,6,wpa2,2019-08-23T16:00:00.000Z,2026-02-09T14:00:00.000Z,München,Bayern,DE,Bergsonstraße,81245
E0:4F:43:1D:65:59,SmartGate_522993,51.4716301,6.83544683,E0:4F:43,6,wpa2,2025-03-28T18:00:00.000Z,2026-03-12T04:00:00.000Z,Oberhausen,Nordrhein-Westfalen,DE,Alleestraße,46049
E0:4F:43:1D:65:6A,SmartGate_528538,62.14412689,25.6728363,E0:4F:43,6,wpa2,2021-07-25T14:00:00.000Z,2025-10-26T06:00:00.000Z,,Manner-Suomi,FI,9,40950
E0:4F:43:1D:65:6D,SmartGate_156296,50.07753372,14.41977882,E0:4F:43,6,wpa2,2017-04-10T12:00:00.000Z,2026-06-15T04:00:00.000Z,Hlavní město Praha,Praha,CZ,Karlovo náměstí,11121
E0:4F:43:1D:65:72,SmartGate_538086,60.49200439,23.16963005,E0:4F:43,6,wpa2,2019-07-26T13:00:00.000Z,2026-05-07T08:00:00.000Z,Salo,Manner-Suomi,FI,Mäenalantie,24280
E0:4F:43:1D:65:88,SmartGate_528620,60.32558823,24.91681671,E0:4F:43,6,wpa2,2017-06-19T20:00:00.000Z,2025-11-05T06:00:00.000Z,,Manner-Suomi,FI,Viinikankaari,01590
E0:4F:43:1D:65:8C,SmartGate_522380,47.62813568,19.44537163,E0:4F:43,6,wpa2,2017-03-18T13:00:00.000Z,2025-10-24T02:00:00.000Z,,Közép-Magyarország,HU,M3,2191
E0:4F:43:1D:65:91,SmartGate_527539,48.78449631,16.63884735,E0:4F:43,6,wpa2,2024-12-27T10:00:00.000Z,2024-12-27T03:00:00.000Z,,Niederösterreich,AT,B7,2165
E0:4F:43:1D:65:94,SmartGate_117327,49.4953537,11.14426708,E0:4F:43,6,wpa2,2025-08-04T11:00:00.000Z,2025-08-16T17:00:00.000Z,Erlenstegener Forst,Bayern,DE,A 3,90562
E0:4F:43:1D:65:99,SmartGate_540494,50.04861832,14.59208298,E0:4F:43,6,wpa2,2018-09-03T16:00:00.000Z,2025-10-28T01:00:00.000Z,Hlavní město Praha,Praha,CZ,Bečovská,104 00
E0:4F:43:1D:65:A8,SmartGate_162928,49.0759697,13.48716545,E0:4F:43,6,wpa2,2019-09-30T08:00:00.000Z,2026-07-25T12:00:00.000Z,Srní,Jihozápad,CZ,16910,
E0:4F:43:1D:65:AC,SMARTGATE_123456,51.06372833,13.75252819,E0:4F:43,6,wpa2,2017-02-22T09:00:00.000Z,2025-09-28T12:00:00.000Z,Dresden,Sachsen,DE,Rothenburger Straße,01099
E0:4F:43:1D:65:CC,SmartGate_116639,60.15898895,24.69736671,E0:4F:43,6,wpa2,2017-08-23T13:00:00.000Z,2026-06-23T21:00:00.000Z,Espoo,Manner-Suomi,FI,Länsiväylä,02270
E0:4F:43:1D:65:D4,SmartGate_163669,60.3694191,25.0032196,E0:4F:43,6,wpa2,2017-05-30T17:00:00.000Z,2025-12-01T07:00:00.000Z,,Manner-Suomi,FI,Kurjentie,04320
E0:4F:43:1D:65:DC,SmartGate_530900,53.56749725,10.31575584,E0:4F:43,6,wpa2,2025-03-16T12:00:00.000Z,2025-03-16T06:00:00.000Z,Witzhave,Schleswig-Holstein,DE,A 24,22969
E0:4F:43:1D:65:F2,SmartGate_122534,61.49820328,21.8129158,E0:4F:43,6,wpa2,2018-05-07T07:00:00.000Z,2026-01-21T08:00:00.000Z,Pori,Manner-Suomi,FI,Käyräkatu,28200
E0:4F:43:1D:6D:8B,SmartGate_532420,61.4637413,23.71543312,E0:4F:43,6,wpa2,2026-06-18T11:00:00.000Z,2026-06-18T04:00:00.000Z,,Manner-Suomi,FI,Tampereen läntinen kehätie,33920
E0:4F:43:1D:6D:8E,SmartGate_107643,47.8116684,9.64105701,E0:4F:43,6,wpa2,2017-04-13T17:00:00.000Z,2025-10-17T10:00:00.000Z,,Baden-Württemberg,DE,Schussenstraße,88250
E0:4F:43:1D:6D:8F,SmartGate_530385,48.06795502,11.51057053,E0:4F:43,6,wpa2,2018-06-29T18:00:00.000Z,2025-07-03T10:00:00.000Z,München,Bayern,DE,Warnbergstraße,81479
E0:4F:43:1D:6D:92,SmartGate_105326,50.07709503,14.37123489,E0:4F:43,6,wpa2,2017-03-26T15:00:00.000Z,2026-01-21T04:00:00.000Z,Hlavní město Praha,Praha,CZ,Zdíkovská,15000
E0:4F:43:1D:6D:95,SmartGate_119135,49.0338974,8.4822979,E0:4F:43,6,wpa2,2019-03-04T16:00:00.000Z,2026-06-11T15:00:00.000Z,,Baden-Württemberg,DE,A 5,76229
E0:4F:43:1D:6D:98,SmartGate_139839,49.17699814,16.61649323,E0:4F:43,6,wpa2,2017-02-25T16:00:00.000Z,2025-09-19T13:00:00.000Z,Brno,Jihovýchod,CZ,Vodařská,61900
E0:4F:43:1D:6D:9A,SmartGate_110904,60.20423126,24.88333893,E0:4F:43,6,wpa2,2017-03-08T07:00:00.000Z,2025-06-23T09:00:00.000Z,Helsinki,Manner-Suomi,FI,Luuvaniementie,00330
E0:4F:43:1D:6D:9D,SmartGate_138620,61.05465317,28.19030952,E0:4F:43,6,wpa2,2025-06-18T14:00:00.000Z,2025-09-16T07:00:00.000Z,Lappeenranta,Manner-Suomi,FI,Kirkkokatu,53100
E0:4F:43:1D:6D:9F,SmartGate_040863,51.16952515,-1.88707781,E0:4F:43,6,wpa2,2017-12-12T14:00:00.000Z,2024-12-01T09:00:00.000Z,,England,GB,A303,SP4 7DE
E0:4F:43:1D:6D:A7,SmartGate_139783,60.30192947,24.84697151,E0:4F:43,6,wpa2,2017-05-06T17:00:00.000Z,2026-02-18T07:00:00.000Z,Vantaa,Manner-Suomi,FI,Hämeenlinnanväylä,01770
E0:4F:43:1D:6D:AF,SmartGate_113306,48.34881973,10.86718464,E0:4F:43,6,wpa2,2024-03-12T16:00:00.000Z,2024-10-21T12:00:00.000Z,Augsburg,Bayern,DE,Oberbürgermeister-Müller-Ring,86199
E0:4F:43:1D:6D:B3,SmartGate_147798,49.53401566,11.31706333,E0:4F:43,6,wpa2,2026-02-07T12:00:00.000Z,2026-02-09T14:00:00.000Z,Neunkirchen a. Sand,Bayern,DE,A 9,91233
E0:4F:43:1D:6D:BB,SmartGate_148014,55.62704086,8.46195412,E0:4F:43,6,wpa2,2017-04-01T09:00:00.000Z,2026-06-16T07:00:00.000Z,,Region Syddanmark,DK,Håndværkervej,6800
E0:4F:43:1D:6D:BC,SmartGate_526891,50.12466049,14.49379349,E0:4F:43,6,wpa2,2018-04-29T18:00:00.000Z,2025-12-11T03:00:00.000Z,Hlavní město Praha,Praha,CZ,Jablonecká,19000
E0:4F:43:1D:6D:BF,SmartGate_041204,60.22134781,25.0811367,E0:4F:43,6,wpa2,2026-03-06T16:00:00.000Z,2026-03-06T08:00:00.000Z,Helsinki,Manner-Suomi,FI,,00900
E0:4F:43:1D:6D:C8,SmartGate_147346,60.23513794,24.79214478,E0:4F:43,6,wpa2,2018-11-12T15:00:00.000Z,2025-12-31T05:00:00.000Z,Espoo,Manner-Suomi,FI,Karakallio - Leppävaaran ulkoilureitti,02660
E0:4F:43:1D:6D:CF,SmartGate_043610,64.10823822,-21.90642738,E0:4F:43,6,wpa2,2019-04-18T12:00:00.000Z,2024-08-19T07:00:00.000Z,,Höfuðborgarsvæðið,IS,Hafnarfjarðarvegur,200
E0:4F:43:1D:6D:D0,SmartGate_701953,48.07547379,11.53008747,E0:4F:43,6,wpa2,2018-03-21T11:00:00.000Z,2025-11-20T09:00:00.000Z,München,Bayern,DE,Irmgardstraße,81479
E0:4F:43:1D:6D:D1,SmartGate_142254,60.19902039,24.96920395,E0:4F:43,6,wpa2,2017-04-18T07:00:00.000Z,2025-06-13T07:00:00.000Z,Helsinki,Manner-Suomi,FI,Kyläsaarenkuja,00580
E0:4F:43:1D:6D:D3,SMARTGATE_123456,52.33995438,8.01725769,E0:4F:43,6,wpa2,2019-03-19T08:00:00.000Z,2026-06-03T09:00:00.000Z,,Niedersachsen,DE,A 1,49134
E0:4F:43:1D:6D:D8,SmartGate_139359,60.22108078,25.0728054,E0:4F:43,6,wpa2,2017-07-11T16:00:00.000Z,2026-02-23T07:00:00.000Z,Helsinki,Manner-Suomi,FI,Yläkiventie,00920
E0:4F:43:1D:6D:E1,SmartGate_516607,48.97605896,14.47575855,E0:4F:43,6,wpa2,2024-11-02T17:00:00.000Z,2024-11-02T10:00:00.000Z,České Budějovice,Jihozápad,CZ,U Černé věže,370 01
E0:4F:43:1D:6D:E2,SmartGate_528937,62.25115204,25.76955223,E0:4F:43,6,wpa2,2018-08-30T11:00:00.000Z,2024-08-21T06:00:00.000Z,Jyväskylä,Manner-Suomi,FI,McDonalds's Tourula Drive In,40320
E0:4F:43:1D:6D:E4,SmartGate_098617,49.53660583,15.59176064,E0:4F:43,6,wpa2,2024-10-04T12:00:00.000Z,2024-10-18T09:00:00.000Z,,Jihovýchod,CZ,38,582 53
E0:4F:43:1D:6D:E5,SmartGate_701263,48.16315079,11.45279408,E0:4F:43,6,wpa2,2018-12-03T06:00:00.000Z,2026-06-14T09:00:00.000Z,München,Bayern,DE,Gerlichstraße,81245
E0:4F:43:1D:6D:F4,SmartGate_143108,62.2566185,25.77026176,E0:4F:43,6,wpa2,2023-09-24T10:00:00.000Z,2026-01-18T14:00:00.000Z,Jyväskylä,Manner-Suomi,FI,Vasarakatu,40320
E0:4F:43:1D:6D:F6,SmartGate_043572,49.59236526,17.24375343,E0:4F:43,6,wpa2,2024-05-17T11:00:00.000Z,2026-04-23T09:00:00.000Z,Olomouc,Střední Morava,CZ,Krapkova,77900
E0:4F:43:1D:6D:FA,SmartGate_110599,50.07748795,14.35330296,E0:4F:43,6,wpa2,2017-08-24T09:00:00.000Z,2024-10-22T15:00:00.000Z,Hlavní město Praha,Praha,CZ,Podbělohorská,16900
E0:4F:43:1D:6D:FB,SmartGate_098523,53.25875473,10.44906712,E0:4F:43,6,wpa2,2019-02-20T15:00:00.000Z,2026-01-02T22:00:00.000Z,,Niedersachsen,DE,Erbstorfer Landstraße,21337
E0:4F:43:1D:6D:FC,SmartGate_541735,45.602005,12.38826561,E0:4F:43,6,wpa2,2018-12-20T13:00:00.000Z,2026-07-20T07:00:00.000Z,Roncade,Veneto,IT,Autostrada Serenissima,31056
E0:4F:43:1D:6D:FE,SmartGate_142398,60.70042419,24.7526474,E0:4F:43,6,wpa2,2017-10-20T11:00:00.000Z,2025-07-20T12:00:00.000Z,,Manner-Suomi,FI,Kynttilätie,11710
E0:4F:43:1D:6E:01,SmartGate_146520,61.88411331,27.78765106,E0:4F:43,6,wpa2,2017-03-18T14:00:00.000Z,2025-07-17T09:00:00.000Z,,Manner-Suomi,FI,Vanha vitostie,
E0:4F:43:1D:6E:0E,SmartGate_702826,51.71068573,12.28886032,E0:4F:43,6,wpa2,2025-09-27T11:00:00.000Z,2025-09-28T00:00:00.000Z,,Sachsen-Anhalt,DE,Rathausstraße,06779
E0:4F:43:1D:6E:12,SmartGate_027028,50.10942841,14.4953804,E0:4F:43,6,wpa2,2019-08-07T13:00:00.000Z,2026-07-17T13:00:00.000Z,Hlavní město Praha,Praha,CZ,Sokolovská,19000
E0:4F:43:1D:6E:16,SMARTGATE_123456,51.5403595,9.94381809,E0:4F:43,6,wpa2,2025-09-21T11:00:00.000Z,2026-06-30T23:00:00.000Z,Göttingen,Niedersachsen,DE,Nikolausberger Weg,37073
E0:4F:43:1D:6E:1C,SmartGate_701414,50.92160797,7.05646515,E0:4F:43,6,wpa2,2017-08-10T09:00:00.000Z,2026-05-01T06:00:00.000Z,Köln,Nordrhein-Westfalen,DE,A 4,51149
E0:4F:43:1D:6E:21,SmartGate_146727,61.44471741,23.42265511,E0:4F:43,6,wpa2,2024-06-14T15:00:00.000Z,2025-04-11T11:00:00.000Z,,Manner-Suomi,FI,Järventaustantie,37140
E0:4F:43:1D:6E:27,SmartGate_042127,49.57203293,8.37392426,E0:4F:43,6,wpa2,2017-05-17T20:00:00.000Z,2026-06-01T09:00:00.000Z,,Rheinland-Pfalz,DE,Altrheinpfad,67240
E0:4F:43:1D:6E:28,SmartGate_147676,52.5386734,13.61115742,E0:4F:43,6,wpa2,2017-08-10T17:00:00.000Z,2025-12-31T11:00:00.000Z,Berlin,Marzahn-Hellersdorf,DE,Naumburger Ring,12627
E0:4F:43:1D:6E:2C,SmartGate_703144,50.60730743,9.68105888,E0:4F:43,6,wpa2,2025-08-01T12:00:00.000Z,2025-08-01T12:00:00.000Z,,Hessen,DE,A 7,36039
E0:4F:43:1D:6E:31,SmartGate_528131,50.24164581,14.31055737,E0:4F:43,6,wpa2,2018-10-10T12:00:00.000Z,2025-10-26T03:00:00.000Z,,Střední Čechy,CZ,Mostní,27801
E0:4F:43:1D:6E:36,SMARTGATE_123456,59.42473221,24.79321671,E0:4F:43,6,wpa2,2017-09-01T14:00:00.000Z,2025-02-17T09:00:00.000Z,Tallinn,Harju maakond,EE,Peterburi tee,11411
E0:4F:43:1D:6E:3A,SmartGate_126958,61.50200272,23.74470711,E0:4F:43,6,wpa2,2018-09-14T16:00:00.000Z,2025-10-24T08:00:00.000Z,Tampere,Manner-Suomi,FI,Kortelahdenkatu,33230
E0:4F:43:1D:6E:3C,SmartGate_703079,47.77655792,9.18395424,E0:4F:43,6,wpa2,2019-06-28T11:00:00.000Z,2025-10-24T17:00:00.000Z,,Baden-Württemberg,DE,Kogenbacher Weg,88662
E0:4F:43:1D:6E:3D,SmartGate_527290,62.60118103,29.77834511,E0:4F:43,6,wpa2,2017-11-15T16:00:00.000Z,2025-03-24T07:00:00.000Z,Joensuu,Manner-Suomi,FI,,
E0:4F:43:1D:6E:41,SMARTGATE_123456,48.96439743,14.48742104,E0:4F:43,6,wpa2,2017-10-04T14:00:00.000Z,2026-07-18T11:00:00.000Z,České Budějovice,Jihozápad,CZ,Novohradská,37001
E0:4F:43:1D:6E:44,SmartGate_113235,52.28982925,13.1213131,E0:4F:43,6,wpa2,2018-10-03T12:00:00.000Z,2025-03-20T16:00:00.000Z,,Brandenburg,DE,,
E0:4F:43:1D:6E:47,SMARTGATE_123456,61.05670929,28.1879158,E0:4F:43,6,wpa2,2023-11-21T13:00:00.000Z,2024-11-09T12:00:00.000Z,Lappeenranta,Manner-Suomi,FI,Kauppakatu,53100
E0:4F:43:1D:6E:48,SmartGate_143218,60.21276474,24.85664558,E0:4F:43,6,wpa2,2018-11-13T14:00:00.000Z,2026-05-30T06:00:00.000Z,Helsinki,Manner-Suomi,FI,Talin puistotie,00360
E0:4F:43:1D:6E:4B,SmartGate_143459,47.65832138,9.137743,E0:4F:43,6,wpa2,2025-04-13T17:00:00.000Z,2025-04-13T11:00:00.000Z,,Thurgau,CH,Konstanzerstrasse,8274
E0:4F:43:1D:6E:4E,SmartGate_528868,50.10588455,14.48909569,E0:4F:43,6,wpa2,2020-06-28T14:00:00.000Z,2025-07-13T08:00:00.000Z,Hlavní město Praha,Praha,CZ,U Svobodárny,19000
E0:4F:43:1D:6E:50,SmartGate_110610,60.16313171,24.70705032,E0:4F:43,6,wpa2,2017-06-06T08:00:00.000Z,2026-03-23T02:00:00.000Z,Espoo,Manner-Suomi,FI,Finnoonlaaksontie,02240
E0:4F:43:1D:6E:55,SMARTGATE_123456,48.4349556,10.10635948,E0:4F:43,6,wpa2,2023-10-25T14:00:00.000Z,2026-06-25T08:00:00.000Z,,Bayern,DE,A 7,89278
E0:4F:43:1D:6E:59,SmartGate_143586,60.62563705,24.86956024,E0:4F:43,6,wpa2,2020-11-12T16:00:00.000Z,2024-10-07T08:00:00.000Z,,Manner-Suomi,FI,Sillankorvankatu,05801
E0:4F:43:1D:6E:5D,SmartGate_528946,60.71642685,22.44464684,E0:4F:43,6,wpa2,2018-10-18T23:00:00.000Z,2026-03-16T00:00:00.000Z,,Manner-Suomi,FI,Säkyläntie,
E0:4F:43:1D:6E:72,SmartGate_146517,60.176548,24.77594185,E0:4F:43,6,wpa2,2022-06-20T16:00:00.000Z,2026-02-17T04:00:00.000Z,Espoo,Manner-Suomi,FI,Nokitontunkuja,02200
E0:4F:43:1D:6E:73,SmartGate_516766,48.70796585,9.15401173,E0:4F:43,6,wpa2,2018-01-21T15:00:00.000Z,2025-01-21T11:00:00.000Z,Stuttgart,Baden-Württemberg,DE,A 8,70565
E0:4F:43:1D:6E:77,SmartGate_701506,50.99715805,6.8912015,E0:4F:43,6,wpa2,2025-08-12T10:00:00.000Z,2025-08-12T03:00:00.000Z,Köln,Nordrhein-Westfalen,DE,A 1,50767
E0:4F:43:1D:6E:78,SmartGate_531396,49.53185272,11.05270958,E0:4F:43,6,wpa2,2017-11-15T16:00:00.000Z,2024-08-24T08:00:00.000Z,Neunhofer Forst,Bayern,DE,A 3,90562
E0:4F:43:1D:6E:80,SmartGate_147450,60.26596832,25.05695724,E0:4F:43,6,wpa2,2001-03-23T14:00:00.000Z,2025-11-27T06:00:00.000Z,Helsinki,Manner-Suomi,FI,Puistolantie,00760
E0:4F:43:1D:6E:82,SmartGate_703560,53.53827667,9.71515369,E0:4F:43,6,wpa2,2001-11-30T12:00:00.000Z,2025-02-02T11:00:00.000Z,Jork,Niedersachsen,DE,Kohlenhusen,21635
E0:4F:43:1D:6E:86,SmartGate_151792,49.83612823,16.90076447,E0:4F:43,6,wpa2,2022-10-26T18:00:00.000Z,2025-11-05T07:00:00.000Z,,Střední Morava,CZ,44,789 01
E0:4F:43:1D:6E:87,SmartGate_107604,52.33827209,10.23043633,E0:4F:43,6,wpa2,2026-04-26T08:00:00.000Z,2026-05-10T14:00:00.000Z,,Niedersachsen,DE,A 2,31228
E0:4F:43:1D:6E:88,SmartGate_516000,53.10085297,23.10522842,E0:4F:43,6,wpa2,2018-04-26T17:00:00.000Z,2026-06-19T08:00:00.000Z,,województwo podlaskie,PL,,16-001
E0:4F:43:1D:6E:89,SmartGate_516207,47.36651993,8.56173992,E0:4F:43,6,wpa2,2019-07-07T10:00:00.000Z,2026-06-06T09:00:00.000Z,Zürich,Zürich,CH,Asylstrasse,8032
E0:4F:43:1D:6E:8D,SmartGate_121066,60.2195015,24.92840576,E0:4F:43,6,wpa2,2024-05-08T10:00:00.000Z,2026-02-05T07:00:00.000Z,Helsinki,Manner-Suomi,FI,Rullakkokatu,00240
E0:4F:43:1D:6E:92,SmartGate_702010,53.34020996,10.19000816,E0:4F:43,6,wpa2,2025-03-11T12:00:00.000Z,2025-03-13T23:00:00.000Z,,Niedersachsen,DE,A 39,21423
E0:4F:43:1D:6E:95,SmartGate_527172,62.40211868,22.79238701,E0:4F:43,6,wpa2,2017-09-16T19:00:00.000Z,2026-06-06T11:00:00.000Z,,Manner-Suomi,FI,Tampereentie,61710
E0:4F:43:1D:6E:96,SmartGate_147237,60.39682388,24.84730339,E0:4F:43,6,wpa2,2019-04-19T14:00:00.000Z,2025-01-30T07:00:00.000Z,Vantaa,Manner-Suomi,FI,Josvaholmantie,01810
E0:4F:43:1D:6E:99,SmartGate_146751,62.24552536,25.75025558,E0:4F:43,6,wpa2,2022-05-05T08:00:00.000Z,2025-11-15T14:00:00.000Z,Jyväskylä,Manner-Suomi,FI,Puistokatu,40100
E0:4F:43:1D:6E:9C,SMARTGATE_123456,51.52042389,7.65749836,E0:4F:43,6,wpa2,2021-05-04T13:00:00.000Z,2026-06-02T10:00:00.000Z,,Nordrhein-Westfalen,DE,A 1,59423
E0:4F:43:1D:6E:A3,SmartGate_516587,60.2439537,24.87777519,E0:4F:43,6,wpa2,2018-08-23T12:00:00.000Z,2024-11-27T05:00:00.000Z,Helsinki,Manner-Suomi,FI,Jouhipolku,00420
E0:4F:43:1D:6E:AB,SmartGate_701990,53.13318634,8.19219494,E0:4F:43,6,wpa2,2023-09-27T07:00:00.000Z,2025-10-02T02:00:00.000Z,,Niedersachsen,DE,Hauptstraße,26131
E0:4F:43:1D:6E:B0,SMARTGATE_123456,60.2925415,24.99615097,E0:4F:43,6,wpa2,2017-08-19T12:00:00.000Z,2024-12-23T08:00:00.000Z,Vantaa,Manner-Suomi,FI,Tikkurilantie,01510
E0:4F:43:1D:6E:B3,SmartGate_044255,57.98663712,12.16212273,E0:4F:43,6,wpa2,2025-04-01T04:00:00.000Z,2025-04-02T14:00:00.000Z,,Västra Götalands län,SE,Trollhätteleden,46372
E0:4F:43:1D:6E:B4,SmartGate_530511,52.39957047,9.8088274,E0:4F:43,6,wpa2,2021-05-28T17:00:00.000Z,2025-03-25T01:00:00.000Z,Hannover,Niedersachsen,DE,Silberstraße,30655
E0:4F:43:1D:6E:B8,SmartGate_142288,61.50030518,23.80944824,E0:4F:43,6,wpa2,2018-06-01T16:00:00.000Z,2025-10-21T08:00:00.000Z,Tampere,Manner-Suomi,FI,Hippoksenkatu,33520
E0:4F:43:1D:6E:BC,SmartGate_146903,60.55877686,24.82750893,E0:4F:43,7,wpa2,2017-06-29T16:00:00.000Z,2025-06-19T08:00:00.000Z,,Manner-Suomi,FI,Helsinki-Tampere moottoritie,05840
E0:4F:43:1D:6E:BD,SmartGate_700737,49.55339432,8.33330441,E0:4F:43,6,wpa2,2017-07-21T14:00:00.000Z,2025-05-09T06:00:00.000Z,,Rheinland-Pfalz,DE,A 6,67227
E0:4F:43:1D:6E:BE,SmartGate_113352,50.19260406,9.17947102,E0:4F:43,6,wpa2,2026-03-07T13:00:00.000Z,2026-03-07T05:00:00.000Z,,Hessen,DE,L 3202,63571
E0:4F:43:1D:6E:C4,SmartGate_529981,50.91204453,11.39190578,E0:4F:43,6,wpa2,2023-02-28T15:00:00.000Z,2024-09-06T17:00:00.000Z,,Thüringen,DE,Dorfstraße,99441
E0:4F:43:1D:6E:C5,SmartGate_516067,63.84302139,23.1036396,E0:4F:43,6,wpa2,2018-12-19T18:00:00.000Z,2026-05-18T08:00:00.000Z,Kokkola,Manner-Suomi,FI,Terveystie,67200
E0:4F:43:1D:6E:CE,SmartGate_516345,53.54217148,-1.45150721,E0:4F:43,6,wpa2,2017-08-29T19:00:00.000Z,2026-01-30T03:00:00.000Z,Barnsley,England,GB,Gerald Place,S70 3AJ
E0:4F:43:1D:6E:CF,SMARTGATE_123456,60.20355606,25.04878235,E0:4F:43,6,wpa2,2025-03-11T07:00:00.000Z,2025-03-12T02:00:00.000Z,Helsinki,Manner-Suomi,FI,Sahaajankatu,00880
E0:4F:43:1D:6E:D0,SmartGate_144347,49.32119751,11.01599121,E0:4F:43,6,wpa2,2018-04-23T16:00:00.000Z,2026-05-29T12:00:00.000Z,,Bayern,DE,Nördlinger Straße,91126
E0:4F:43:1D:6E:D4,SmartGate_702210,48.99155426,8.44726181,E0:4F:43,6,wpa2,2023-03-17T16:00:00.000Z,2026-03-04T14:00:00.000Z,Karlsruhe,Baden-Württemberg,DE,Wachhausstraße,76227
E0:4F:43:1D:6E:D8,SmartGate_516276,60.43677139,17.42242622,E0:4F:43,6,wpa2,2025-02-13T10:00:00.000Z,2025-02-13T08:00:00.000Z,,Uppsala län,SE,E 4,814 95
E0:4F:43:1D:6E:DE,SmartGate_105608,50.68543625,12.76390266,E0:4F:43,6,wpa2,2017-02-15T10:00:00.000Z,2025-11-05T06:00:00.000Z,Stollberg/Erzgebirge,Sachsen,DE,August-Bebel-Straße,09366
E0:4F:43:1D:6E:E5,SmartGate_142857,60.23901367,24.88899612,E0:4F:43,6,wpa2,2021-04-17T16:00:00.000Z,2025-09-19T06:00:00.000Z,Helsinki,Manner-Suomi,FI,Kantelettarenkuja,00420
E0:4F:43:1D:6E:E6,SmartGate_144519,61.47674179,23.86340141,E0:4F:43,6,wpa2,2018-03-16T16:00:00.000Z,2026-06-05T01:00:00.000Z,Tampere,Manner-Suomi,FI,Haaronkuja,33710
E0:4F:43:1D:6E:E7,SmartGate_701722,51.5603447,12.98190975,E0:4F:43,5,wpa2,2020-11-16T16:00:00.000Z,2026-06-09T01:00:00.000Z,,Sachsen,DE,Ludwig-Feuerbach-Straße,04860
E0:4F:43:1D:6E:E9,SmartGate_109367,62.60082245,29.77584457,E0:4F:43,6,wpa2,2025-08-15T11:00:00.000Z,2025-08-18T10:00:00.000Z,Joensuu,Manner-Suomi,FI,Taksit,80210
E0:4F:43:1D:6E:EE,SMARTGATE_123456,48.19290543,11.38289833,E0:4F:43,7,wpa2,2017-05-18T09:00:00.000Z,2024-08-30T19:00:00.000Z,,Bayern,DE,Wildmoosstraße,82194
E0:4F:43:1D:6E:F1,SmartGate_139445,60.18718719,24.97932053,E0:4F:43,6,wpa2,2017-08-15T16:00:00.000Z,2026-06-03T07:00:00.000Z,Helsinki,Manner-Suomi,FI,Työpajankatu,00580
E0:4F:43:1D:6E:F5,SmartGate_147721,60.22153854,24.88002586,E0:4F:43,6,wpa2,2018-11-07T15:00:00.000Z,2026-07-13T02:00:00.000Z,Helsinki,Manner-Suomi,FI,Vihdintie,00380
E0:4F:43:1D:6E:F6,SmartGate_042106,62.61761093,29.77882957,E0:4F:43,6,wpa2,2019-10-06T16:00:00.000Z,2025-09-23T01:00:00.000Z,Joensuu,Manner-Suomi,FI,Kauppakaari,80100
E0:4F:43:1D:6E:F8,SmartGate_702409,52.19229889,7.12371874,E0:4F:43,6,wpa2,2026-06-07T08:00:00.000Z,2026-06-07T03:00:00.000Z,,Nordrhein-Westfalen,DE,B 54,48607
E0:4F:43:1D:6E:F9,SmartGate_098448,50.03074265,15.75315571,E0:4F:43,6,wpa2,2021-09-12T16:00:00.000Z,2026-05-20T14:00:00.000Z,,Severovýchod,CZ,K Vápence,53002
E0:4F:43:1D:6F:06,SmartGate_139637,61.46321869,23.84193611,E0:4F:43,6,wpa2,2018-02-20T13:00:00.000Z,2026-06-04T05:00:00.000Z,Tampere,Manner-Suomi,FI,Hervannan baana,33820
E0:4F:43:1D:6F:0C,SmartGate_530370,60.18485641,24.85266304,E0:4F:43,6,wpa2,2017-11-15T15:00:00.000Z,2026-08-02T05:00:00.000Z,Helsinki,Manner-Suomi,FI,Kuusisaarenpolku,00340
E0:4F:43:1D:6F:0D,SmartGate_146182,61.45699692,23.84804153,E0:4F:43,6,wpa2,2020-07-18T19:00:00.000Z,2026-01-17T06:00:00.000Z,Tampere,Manner-Suomi,FI,Tieteenkatu,33720
E0:4F:43:1D:6F:17,SmartGate_702007,52.32616043,10.209198,E0:4F:43,6,wpa2,2024-08-24T10:00:00.000Z,2026-07-09T11:00:00.000Z,,Niedersachsen,DE,Hannoversche Heerstraße,31228
E0:4F:43:1D:6F:1D,SmartGate_702350,51.25688171,7.12793016,E0:4F:43,6,wpa2,2019-08-05T09:00:00.000Z,2025-12-10T07:00:00.000Z,Wuppertal,Nordrhein-Westfalen,DE,Viktoriastraße,42115
E0:4F:43:1D:6F:27,SmartGate_105535,61.46875,23.8462429,E0:4F:43,6,wpa2,2017-10-16T17:00:00.000Z,2026-06-15T01:00:00.000Z,Tampere,Manner-Suomi,FI,Almanahde,33700
E0:4F:43:1D:6F:2E,SmartGate_526664,49.17111206,16.59493065,E0:4F:43,6,wpa2,2018-01-06T09:00:00.000Z,2026-05-18T06:00:00.000Z,Brno,Jihovýchod,CZ,Jihlavská,63900
E0:4F:43:1D:6F:31,SmartGate_530499,50.53434372,15.62027931,E0:4F:43,6,wpa2,2025-09-02T13:00:00.000Z,2025-09-02T07:00:00.000Z,,Severovýchod,CZ,16,512 35
E0:4F:43:1D:6F:3A,SmartGate_143735,60.20214462,24.772789,E0:4F:43,6,wpa2,2018-01-08T09:00:00.000Z,2026-05-12T05:00:00.000Z,Espoo,Manner-Suomi,FI,Vehkaniityntie,02630
E0:4F:43:1D:6F:3B,SmartGate_111282,60.40353775,24.89648247,E0:4F:43,6,wpa2,2018-05-07T09:00:00.000Z,2024-11-23T07:00:00.000Z,Vantaa,Manner-Suomi,FI,Raitalantie,01940
E0:4F:43:1D:6F:3C,SMARTGATE_123456,50.04144287,8.75711441,E0:4F:43,6,wpa2,2017-06-12T12:00:00.000Z,2025-11-14T16:00:00.000Z,,Hessen,DE,Lochschneise,63303
E0:4F:43:1D:6F:3F,SmartGate_104902,60.35031891,25.08922386,E0:4F:43,6,wpa2,2017-04-06T16:00:00.000Z,2025-05-31T05:00:00.000Z,,Manner-Suomi,FI,Siilitaival,01450
E0:4F:43:1D:6F:43,SmartGate_140275,61.49526596,21.80584145,E0:4F:43,6,wpa2,2017-02-22T14:00:00.000Z,2026-06-01T07:00:00.000Z,Pori,Manner-Suomi,FI,Konepajanranta,28100
E0:4F:43:1D:6F:44,SmartGate_119104,60.20944214,24.99111176,E0:4F:43,6,wpa2,2018-02-26T09:00:00.000Z,2024-12-18T11:00:00.000Z,Helsinki,Manner-Suomi,FI,Pornaistenniemen luontopolku,00560
E0:4F:43:1D:6F:46,SmartGate_105275,50.10103607,14.48180866,E0:4F:43,6,wpa2,2019-03-20T09:00:00.000Z,2024-10-30T04:00:00.000Z,Hlavní město Praha,Praha,CZ,Malletova,19000
E0:4F:43:1D:6F:4C,SmartGate_139920,60.21695709,24.75982666,E0:4F:43,6,wpa2,2018-04-10T15:00:00.000Z,2024-09-06T02:00:00.000Z,Espoo,Manner-Suomi,FI,Päivänkestämänpolku,02630
E0:4F:43:1D:6F:4F,SmartGate_110906,49.19262695,16.60738754,E0:4F:43,6,wpa2,2023-11-29T15:00:00.000Z,2025-08-08T12:00:00.000Z,Brno,Jihovýchod,CZ,Starobrněnská,60200
E0:4F:43:1D:6F:54,SmartGate_526924,60.22573853,25.00737572,E0:4F:43,6,wpa2,2018-04-12T16:00:00.000Z,2026-03-14T05:00:00.000Z,Helsinki,Manner-Suomi,FI,Viikintie,00710
E0:4F:43:1D:6F:63,SmartGate_110847,49.11045456,16.38781548,E0:4F:43,6,wpa2,2017-01-25T09:00:00.000Z,2026-08-04T10:00:00.000Z,,Jihovýchod,CZ,,66491
E0:4F:43:1D:6F:8F,SmartGate_166942,63.8412323,23.12009048,E0:4F:43,6,wpa2,2018-07-31T12:00:00.000Z,2025-07-22T05:00:00.000Z,Kokkola,Manner-Suomi,FI,Antti Chydeniuksen katu,67100
E0:4F:43:1D:6F:98,SmartGate_106863,60.16938019,24.9467659,E0:4F:43,6,wpa2,2001-01-31T12:00:00.000Z,2025-10-08T06:00:00.000Z,Helsinki,Manner-Suomi,FI,Yliopistonkatu,00014
E0:4F:43:1D:6F:F3,SmartGate_700749,51.33151627,9.17831993,E0:4F:43,6,wpa2,2025-11-11T13:00:00.000Z,2025-11-11T14:00:00.000Z,,Hessen,DE,Bahnhofstraße,34466
E0:4F:43:1D:6F:F7,SmartGate_113255,52.15195084,8.03849602,E0:4F:43,6,wpa2,2025-03-18T16:00:00.000Z,2025-03-18T10:00:00.000Z,Bad Iburg,Niedersachsen,DE,Gerhart-Hauptmann-Straße,49186
E0:4F:43:1D:71:3B,SMARTGATE_123456,52.00478363,8.5573597,E0:4F:43,6,wpa2,2025-11-08T16:00:00.000Z,2025-11-12T04:00:00.000Z,Bielefeld,Nordrhein-Westfalen,DE,Detmolder Straße,33604
E0:4F:43:1D:71:3F,SmartGate_119019,60.218647,24.86705399,E0:4F:43,6,wpa2,2019-02-06T14:00:00.000Z,2024-12-31T10:00:00.000Z,Helsinki,Manner-Suomi,FI,Pitäjänmäentie,00380
E0:4F:43:1D:71:46,SmartGate_142996,60.22516251,24.85274315,E0:4F:43,6,wpa2,2017-04-27T12:00:00.000Z,2025-06-04T13:00:00.000Z,Helsinki,Manner-Suomi,FI,Ylityspolku,00370
E0:4F:43:1D:71:49,SmartGate_110529,50.07117462,14.32954502,E0:4F:43,6,wpa2,2024-12-13T11:00:00.000Z,2026-02-10T04:00:00.000Z,Hlavní město Praha,Praha,CZ,Břevnovská radiála,162 06
E0:4F:43:1D:71:4C,SmartGate_099139,52.8774147,12.7586174,E0:4F:43,6,wpa2,2019-02-09T11:00:00.000Z,2024-10-11T07:00:00.000Z,,Brandenburg,DE,A 24,16833
E0:4F:43:1D:71:4E,SmartGate_701830,53.59753036,9.88600254,E0:4F:43,6,wpa2,2018-12-29T17:00:00.000Z,2025-07-10T04:00:00.000Z,Hamburg,Lurup,DE,Kernbeißerweg,22547
E0:4F:43:1D:71:54,SmartGate_119864,53.50519943,8.5988121,E0:4F:43,6,wpa2,2023-02-12T13:00:00.000Z,2026-06-18T23:00:00.000Z,Bremerhaven,Bremen,DE,Weserstraße,27572
E0:4F:43:1D:71:5A,SmartGate_516693,47.34707642,7.90626097,E0:4F:43,6,wpa2,2024-04-15T14:00:00.000Z,2026-07-03T05:00:00.000Z,,Solothurn,CH,Aarburgerstrasse,4601
E0:4F:43:1D:71:5F,SmartGate_143247,60.2041893,25.00353241,E0:4F:43,6,wpa2,2001-09-25T14:00:00.000Z,2026-05-30T01:00:00.000Z,Helsinki,Manner-Suomi,FI,Pornaistenniemen luontopolku,00650
E0:4F:43:1D:71:66,SMARTGATE_123456,48.74153519,9.32749748,E0:4F:43,6,wpa2,2025-12-30T13:00:00.000Z,2025-12-30T15:00:00.000Z,,Baden-Württemberg,DE,Rotenackerstraße,73730
E0:4F:43:1D:71:68,SmartGate_104292,60.23117447,25.01956749,E0:4F:43,6,wpa2,2017-07-26T13:00:00.000Z,2025-06-23T05:00:00.000Z,Helsinki,Manner-Suomi,FI,Lahdenväylä,00790
E0:4F:43:1D:71:6A,SmartGate_538821,51.52926254,7.08318853,E0:4F:43,6,wpa2,2023-02-08T16:00:00.000Z,2024-10-29T01:00:00.000Z,Gelsenkirchen,Nordrhein-Westfalen,DE,Kurt-Schumacher-Straße,45881
E0:4F:43:1D:71:78,SMARTGATE_123456,60.17847443,24.93239594,E0:4F:43,6,wpa2,2017-04-28T18:00:00.000Z,2026-04-05T06:00:00.000Z,Helsinki,Manner-Suomi,FI,Oopperan amfiteatteri,00260
E0:4F:43:1D:71:79,SmartGate_516596,58.33317184,12.00888824,E0:4F:43,6,wpa2,2022-04-18T11:00:00.000Z,2025-02-12T06:00:00.000Z,,Västra Götalands län,SE,44,46293
E0:4F:43:1D:71:7E,SmartGate_104373,60.6888504,24.74917793,E0:4F:43,6,wpa2,2025-12-27T09:00:00.000Z,2025-12-27T14:00:00.000Z,,Manner-Suomi,FI,Helsinginväylä,11710
E0:4F:43:1D:71:7F,SmartGate_106487,50.05278778,14.47369385,E0:4F:43,6,wpa2,2018-06-29T22:00:00.000Z,2025-01-25T04:00:00.000Z,Hlavní město Praha,Praha,CZ,Chodovská,14100
E0:4F:43:1D:71:86,SmartGate_105175,60.40037155,25.10559082,E0:4F:43,6,wpa2,2025-04-21T13:00:00.000Z,2025-04-21T06:00:00.000Z,,Manner-Suomi,FI,Santaniitynkuja,04200
E0:4F:43:1D:71:8A,SmartGate_107484,50.02625275,15.20023918,E0:4F:43,6,wpa2,2026-06-27T10:00:00.000Z,2026-06-27T05:00:00.000Z,Kolín,Střední Čechy,CZ,Politických vězňů,28002
E0:4F:43:1D:71:8E,SmartGate_147047,61.05740738,28.21057701,E0:4F:43,6,wpa2,2024-02-08T06:00:00.000Z,2025-06-16T05:00:00.000Z,Lappeenranta,Manner-Suomi,FI,Armilankatu,53130
E0:4F:43:1D:71:93,SMARTGATE_123456,51.420681,0.35399845,E0:4F:43,6,wpa2,2017-10-30T16:00:00.000Z,2025-05-05T02:00:00.000Z,Gravesham,England,GB,Coldharbour Road,DA11 8AB
E0:4F:43:1D:71:94,SMARTGATE_123456,49.95858765,9.04176521,E0:4F:43,6,wpa2,2025-05-19T20:00:00.000Z,2025-06-22T08:00:00.000Z,,Bayern,DE,B 26,63811
E0:4F:43:1D:71:97,SmartGate_120351,49.54193497,11.06291962,E0:4F:43,6,wpa2,2017-05-05T14:00:00.000Z,2025-04-15T08:00:00.000Z,Forst Tennenlohe,Bayern,DE,Dormitzer Straße,90562
E0:4F:43:1D:71:9A,SMARTGATE_123456,51.64476013,13.01899052,E0:4F:43,6,wpa2,2019-03-08T14:00:00.000Z,2025-10-21T10:00:00.000Z,,Sachsen,DE,Verkehrter Hammer,06925
E0:4F:43:1D:71:9E,SmartGate_142286,60.21451187,24.79130554,E0:4F:43,6,wpa2,2018-01-19T14:00:00.000Z,2025-03-31T14:00:00.000Z,Espoo,Manner-Suomi,FI,Kilonpuisto,02610
E0:4F:43:1D:71:9F,SmartGate_527858,60.41156769,24.86886787,E0:4F:43,7,wpa2,2017-06-01T10:00:00.000Z,2025-08-11T12:00:00.000Z,,Manner-Suomi,FI,Franssintie,01940
E0:4F:43:1D:71:A2,SmartGate_119875,53.44551086,9.95545101,E0:4F:43,6,wpa2,2024-11-30T12:00:00.000Z,2024-11-30T04:00:00.000Z,Hamburg,Eißendorf,DE,Ernst-Bergeest-Weg,21077
E0:4F:43:1D:71:A5,SmartGate_146235,60.45503235,22.2416687,E0:4F:43,6,wep,2025-02-14T14:00:00.000Z,2026-06-29T11:00:00.000Z,Turku,Manner-Suomi,FI,Naantalin pikatie,20280
E0:4F:43:1D:71:AC,SmartGate_526798,47.31208801,7.86021423,E0:4F:43,6,wpa2,2025-08-14T12:00:00.000Z,2025-08-14T07:00:00.000Z,,Solothurn,CH,A1;A2,4618
E0:4F:43:1D:71:B6,SMARTGATE_123456,52.45265961,13.43282509,E0:4F:43,6,wpa2,2022-07-16T13:00:00.000Z,2025-06-01T05:00:00.000Z,Berlin,Neukölln,DE,Tempelhofer Weg,12347
E0:4F:43:1D:71:B9,SmartGate_147238,60.2136116,25.07814217,E0:4F:43,6,wpa2,2019-12-16T12:00:00.000Z,2026-08-08T08:00:00.000Z,Helsinki,Manner-Suomi,FI,Kastelholmantie,00900
E0:4F:43:1D:71:BC,SmartGate_143867,62.24644089,25.79506493,E0:4F:43,6,wpa2,2025-02-25T16:00:00.000Z,2025-05-18T10:00:00.000Z,Jyväskylä,Manner-Suomi,FI,Aittovuoren luontopolku,40400
E0:4F:43:1D:71:C0,SmartGate_701970,51.42798615,7.29144096,E0:4F:43,6,wpa2,2025-07-04T07:00:00.000Z,2025-07-04T04:00:00.000Z,,Nordrhein-Westfalen,DE,Herbeder Straße,58455
E0:4F:43:1D:71:C8,SMARTGATE_123456,47.50999451,12.2933073,E0:4F:43,6,wpa2,2023-08-11T22:00:00.000Z,2024-08-18T13:00:00.000Z,Gemeinde Ellmau,Tirol,AT,Austraße,6352
E0:4F:43:1D:71:C9,SmartGate_701940,51.45518112,11.98713684,E0:4F:43,6,wpa2,2017-10-19T16:00:00.000Z,2026-03-29T09:00:00.000Z,Halle,Sachsen-Anhalt,DE,Merseburger Straße,06130
E0:4F:43:1D:71:CA,SmartGate_107143,60.2324295,24.95380783,E0:4F:43,6,wpa2,2017-07-08T14:00:00.000Z,2025-03-29T12:00:00.000Z,Helsinki,Manner-Suomi,FI,Kisällintie,00645
E0:4F:43:1D:71:CB,SmartGate_143706,47.07995605,8.32106113,E0:4F:43,6,wpa2,2017-05-23T16:00:00.000Z,2026-03-06T06:00:00.000Z,,Luzern,CH,,6030
E0:4F:43:1D:71:CE,SmartGate_044170,46.98870468,8.30855465,E0:4F:43,6,wpa2,2024-12-22T11:00:00.000Z,2024-12-22T03:00:00.000Z,,Nidwalden,CH,A2,6052
E0:4F:43:1D:71:D7,SmartGate_528347,60.21798706,25.03749847,E0:4F:43,6,wpa2,2017-08-24T08:00:00.000Z,2025-02-12T22:00:00.000Z,Helsinki,Manner-Suomi,FI,Sopulitie,00800
E0:4F:43:1D:71:D8,SmartGate_119903,49.15965271,16.59990311,E0:4F:43,6,wpa2,2024-08-29T08:00:00.000Z,2024-08-29T10:00:00.000Z,Brno,Jihovýchod,CZ,Vídeňská,61900
E0:4F:43:1D:71:DA,SmartGate_703194,50.96608734,7.00563622,E0:4F:43,6,wpa2,2019-08-03T11:00:00.000Z,2026-07-20T04:00:00.000Z,Köln,Nordrhein-Westfalen,DE,Clevischer Ring,51063
E0:4F:43:1D:71:DE,SmartGate_527341,53.4491539,-2.13028049,E0:4F:43,6,wpa2,2017-03-16T18:00:00.000Z,2026-06-28T05:00:00.000Z,Tameside,England,GB,Windmill Lane,M34 2JF
E0:4F:43:1D:71:E0,SmartGate_113505,49.75419235,18.65338135,E0:4F:43,6,wpa2,2024-04-05T15:00:00.000Z,2026-05-22T20:00:00.000Z,,województwo śląskie,PL,Franciszka Barteczka,43-400
E0:4F:43:1D:71:E1,SmartGate_142704,61.46336365,23.88292313,E0:4F:43,6,wpa2,2022-06-17T13:00:00.000Z,2025-06-16T04:00:00.000Z,Tampere,Manner-Suomi,FI,Juvankatu,33710
E0:4F:43:1D:71:E3,SmartGate_119961,48.23672485,11.34248257,E0:4F:43,5,wpa2,2022-07-25T03:00:00.000Z,2025-06-03T19:00:00.000Z,,Bayern,DE,A 8,85232
E0:4F:43:1D:71:E7,SMARTGATE_123456,49.87756348,16.8838768,E0:4F:43,6,wpa2,2026-05-17T10:00:00.000Z,2026-05-17T04:00:00.000Z,,Střední Morava,CZ,Československé armády,78901
E0:4F:43:1D:71:E8,SmartGate_043088,60.23961639,24.9217186,E0:4F:43,6,wpa2,2021-10-08T19:00:00.000Z,2024-10-19T06:00:00.000Z,Helsinki,Manner-Suomi,FI,Kyläkunnantie,00660
E0:4F:43:1D:71:EA,SmartGate_043967,55.48409653,22.58405495,E0:4F:43,6,wpa2,2019-02-03T22:00:00.000Z,2026-07-17T02:00:00.000Z,,Tauragės apskritis,LT,A1,75226
E0:4F:43:1D:71:EB,SmartGate_107775,60.16855621,24.74506187,E0:4F:43,6,wpa2,2022-02-05T16:00:00.000Z,2026-04-12T10:00:00.000Z,Espoo,Manner-Suomi,FI,Gräsanportti,02230
E0:4F:43:1D:71:F0,SmartGate_702975,50.3295784,11.709342,E0:4F:43,6,wpa2,2017-07-15T11:00:00.000Z,2025-01-12T10:00:00.000Z,,Bayern,DE,Hauptstraße,95119
E0:4F:43:1D:71:F4,SmartGate_515993,51.31929398,12.3518858,E0:4F:43,6,wpa2,2025-04-04T14:00:00.000Z,2025-04-04T12:00:00.000Z,Leipzig,Sachsen,DE,Schleußiger Weg,04229
E0:4F:43:1D:71:FC,SmartGate_526671,49.5782814,17.23039246,E0:4F:43,6,wpa2,2017-08-19T18:00:00.000Z,2025-12-08T02:00:00.000Z,Olomouc,Střední Morava,CZ,Hraniční,783 01
E0:4F:43:1D:71:FE,SmartGate_109650,51.05762863,13.72454929,E0:4F:43,6,wpa2,2025-04-02T08:00:00.000Z,2025-04-02T06:00:00.000Z,Dresden,Sachsen,DE,Weißeritzstraße,01067
E0:4F:43:1D:71:FF,SmartGate_109511,60.22260284,25.06867218,E0:4F:43,6,wpa2,2020-02-16T17:00:00.000Z,2026-07-08T06:00:00.000Z,Helsinki,Manner-Suomi,FI,Yläkiventie,00920
E0:4F:43:1D:72:00,SmartGate_702012,48.30549622,8.65693283,E0:4F:43,6,wpa2,2017-10-18T10:00:00.000Z,2025-02-25T10:00:00.000Z,,Baden-Württemberg,DE,L 415,78727
E0:4F:43:1D:72:05,SmartGate_107401,60.22703171,24.02458954,E0:4F:43,6,wpa2,2021-05-29T12:00:00.000Z,2026-05-09T05:00:00.000Z,Lohja,Manner-Suomi,FI,Vappulantie,08200
E0:4F:43:1D:72:07,SmartGate_146209,53.97741318,10.23832512,E0:4F:43,6,wpa2,2024-10-26T14:00:00.000Z,2026-07-10T15:00:00.000Z,,Schleswig-Holstein,DE,A 21,23795
E0:4F:43:1D:72:0A,SmartGate_516595,53.12212753,23.12466431,E0:4F:43,6,wpa2,2017-04-27T10:00:00.000Z,2025-10-16T08:00:00.000Z,,województwo podlaskie,PL,Mikołaja Kopernika,15-396
E0:4F:43:1D:72:0D,SmartGate_044374,57.88007736,12.09751225,E0:4F:43,6,wpa2,2017-05-11T16:00:00.000Z,2026-06-17T08:00:00.000Z,,Västra Götalands län,SE,Mollsjövägen,424 91
E0:4F:43:1D:72:16,SmartGate_117771,46.16652679,21.32003784,E0:4F:43,6,wpa2,2024-07-26T07:00:00.000Z,2024-08-23T04:00:00.000Z,Arad,Arad,RO,Strada Mucius Scaevola,310106
E0:4F:43:1D:72:17,SMARTGATE_123456,47.20390701,10.89395237,E0:4F:43,6,wpa2,2018-02-15T15:00:00.000Z,2026-02-19T07:00:00.000Z,Gemeinde Oetz,Tirol,AT,Hauptstraße,6433
E0:4F:43:1D:72:1B,SMARTGATE_123456,61.4841423,23.79543304,E0:4F:43,6,wpa2,2019-03-16T15:00:00.000Z,2026-07-20T08:00:00.000Z,Tampere,Manner-Suomi,FI,Riihitie,33800
E0:4F:43:1D:72:24,SmartGate_143890,61.05205917,28.22122192,E0:4F:43,6,wpa2,2024-03-08T16:00:00.000Z,2025-05-06T15:00:00.000Z,Lappeenranta,Manner-Suomi,FI,Savenvalajantie,53500
E0:4F:43:1D:72:29,SmartGate_142352,60.26522446,24.87161064,E0:4F:43,6,wpa2,2018-07-22T12:00:00.000Z,2025-09-09T06:00:00.000Z,Vantaa,Manner-Suomi,FI,Kaivokselantie,01610
E0:4F:43:1D:72:32,SmartGate_532406,60.44681549,22.26114655,E0:4F:43,6,wpa2,2018-04-11T12:00:00.000Z,2025-03-13T06:00:00.000Z,Turku,Manner-Suomi,FI,Linnankatu,20100
E0:4F:43:1D:72:38,SmartGate_142699,60.2272377,24.85343742,E0:4F:43,6,wpa2,2017-08-21T08:00:00.000Z,2025-10-08T06:00:00.000Z,Helsinki,Manner-Suomi,FI,Konalantie,00370
E0:4F:43:1D:72:3B,SmartGate_105494,63.1018486,21.61286354,E0:4F:43,6,wpa2,2017-04-04T17:00:00.000Z,2024-08-23T12:00:00.000Z,Vaasa,Manner-Suomi,FI,Pitkäkatu,65100
E0:4F:43:1D:72:3F,SmartGate_526377,49.83228302,18.28089523,E0:4F:43,6,wpa2,2024-06-20T13:00:00.000Z,2024-12-20T11:00:00.000Z,Ostrava,Moravskoslezsko,CZ,Místecká,70200
E0:4F:43:1D:72:47,SmartGate_526640,51.00869751,13.13004875,E0:4F:43,6,wpa2,2025-04-24T11:00:00.000Z,2025-04-28T09:00:00.000Z,Striegistal,Sachsen,DE,Chemnitzer Straße,09661
E0:4F:43:1D:72:4A,SMARTGATE_123456,48.9908905,8.37787914,E0:4F:43,6,wpa2,2018-12-09T16:00:00.000Z,2026-02-23T03:00:00.000Z,Karlsruhe,Baden-Württemberg,DE,L 605,76135
E0:4F:43:1D:72:4C,SmartGate_043455,42.63555145,23.33382416,E0:4F:43,6,wpa2,2020-08-20T15:00:00.000Z,2026-07-29T01:00:00.000Z,София,София-град,BG,бул. Симеоновско шосе,1734
E0:4F:43:1D:72:4D,SmartGate_530380,49.44064713,12.93566513,E0:4F:43,6,wpa2,2026-04-05T09:00:00.000Z,2026-04-05T04:00:00.000Z,,Jihozápad,CZ,Husova třída,34401
E0:4F:43:1D:72:56,SmartGate_113552,50.71346664,23.27802658,E0:4F:43,6,wpa2,2017-06-28T16:00:00.000Z,2025-01-26T12:00:00.000Z,Zamość,województwo lubelskie,PL,Hrubieszowska,22-400
E0:4F:43:1D:72:5C,SmartGate_110783,50.22738266,14.3903532,E0:4F:43,6,wpa2,2017-08-20T15:00:00.000Z,2026-06-21T10:00:00.000Z,,Střední Čechy,CZ,Višňovka,25070
E0:4F:43:1D:72:5F,SMARTGATE_123456,59.42435837,24.78954315,E0:4F:43,6,wpa2,2018-10-13T10:00:00.000Z,2026-04-24T10:00:00.000Z,Tallinn,Harju maakond,EE,Peterburi tee,11412
E0:4F:43:1D:72:60,SmartGate_142932,62.21751022,25.7208271,E0:4F:43,6,wpa2,2017-03-31T14:00:00.000Z,2025-05-18T08:00:00.000Z,Jyväskylä,Manner-Suomi,FI,Kylmälahdentie,40500
E0:4F:43:1D:72:6F,SmartGate_139923,60.31818771,24.97649956,E0:4F:43,6,wpa2,2019-11-19T21:00:00.000Z,2026-03-04T14:00:00.000Z,,Manner-Suomi,FI,Välihuoltotie,01530
E0:4F:43:1D:72:71,SmartGate_113521,53.5590477,10.03732395,E0:4F:43,6,wpa2,2017-05-07T19:00:00.000Z,2025-12-19T08:00:00.000Z,Hamburg,Hamburg-Mitte,DE,Bürgerweide,20535
E0:4F:43:1D:72:76,SmartGate_145005,60.23827362,24.95919609,E0:4F:43,6,wpa2,2017-08-31T16:00:00.000Z,2025-05-24T09:00:00.000Z,Helsinki,Manner-Suomi,FI,Urakkatie,00680
E0:4F:43:1D:72:85,SmartGate_044189,58.31016159,15.03185654,E0:4F:43,6,wpa2,2018-08-17T16:00:00.000Z,2026-07-17T08:00:00.000Z,,Östergötlands län,SE,E 4,59535
E0:4F:43:1D:72:8B,SmartGate_142244,49.73939133,6.0965333,E0:4F:43,6,wpa2,2025-04-23T05:00:00.000Z,2025-04-23T00:00:00.000Z,,Canton Mersch,LU,Autoroute du Nord,7570
E0:4F:43:1D:72:8C,SmartGate_044043,58.01144409,16.50645447,E0:4F:43,6,wpa2,2001-01-01T02:00:00.000Z,2026-07-17T08:00:00.000Z,,Kalmar län,SE,E 22,594 75
E0:4F:43:1D:72:8F,SmartGate_516810,63.42648697,10.70022774,E0:4F:43,6,wpa2,2026-07-27T17:00:00.000Z,2026-08-05T05:00:00.000Z,,Trøndelag,NO,E 6,7563
E0:4F:43:1D:72:90,SmartGate_110615,60.19387436,24.98766136,E0:4F:43,6,wpa2,2018-05-21T14:00:00.000Z,2025-10-26T07:00:00.000Z,Helsinki,Manner-Suomi,FI,,00580
E0:4F:43:1D:72:91,SmartGate_105327,49.29179001,16.65067291,E0:4F:43,6,wpa2,2019-04-26T10:00:00.000Z,2026-05-28T11:00:00.000Z,Brno,Jihovýchod,CZ,,67904
E0:4F:43:1D:72:96,SmartGate_044381,59.73508835,18.63300896,E0:4F:43,6,wpa2,2017-11-17T13:00:00.000Z,2026-07-13T06:00:00.000Z,,Stockholms län,SE,Rösavägen,76146
E0:4F:43:1D:72:9B,SmartGate_027165,49.09595108,16.36802101,E0:4F:43,6,wpa2,2026-06-27T09:00:00.000Z,2026-06-27T03:00:00.000Z,,Jihovýchod,CZ,Za Mostem,66491
E0:4F:43:1D:72:9E,SmartGate_530374,52.38073349,13.414464,E0:4F:43,6,wpa2,2018-02-02T08:00:00.000Z,2025-05-19T08:00:00.000Z,Berlin,Tempelhof-Schöneberg,DE,Kirchhainer Damm,12309
E0:4F:43:1D:72:9F,SmartGate_105467,50.19229889,12.71613884,E0:4F:43,6,wpa2,2019-07-22T17:00:00.000Z,2026-07-25T02:00:00.000Z,,Severozápad,CZ,D6,35734
E0:4F:43:1D:72:A8,SmartGate_701463,51.25222397,6.93743181,E0:4F:43,6,wpa2,2017-10-20T13:00:00.000Z,2025-08-07T05:00:00.000Z,,Nordrhein-Westfalen,DE,Nösenberg,40822
E0:4F:43:1D:72:AA,SmartGate_538222,61.48337173,23.79581642,E0:4F:43,6,wpa2,2020-09-22T18:00:00.000Z,2025-05-19T05:00:00.000Z,Tampere,Manner-Suomi,FI,Ahotie,33800
E0:4F:43:1D:72:B2,SmartGate_140245,59.83519745,10.444417,E0:4F:43,6,wpa2,2024-08-05T05:00:00.000Z,2026-03-26T12:00:00.000Z,,Viken,NO,E 18,1384
E0:4F:43:1D:72:B3,SmartGate_526510,50.07950592,14.43202591,E0:4F:43,6,wpa2,2018-09-06T09:00:00.000Z,2026-04-11T09:00:00.000Z,Hlavní město Praha,Praha,CZ,Muzejní oáza,120 00
E0:4F:43:1D:72:B4,SmartGate_154271,60.2279892,24.92071342,E0:4F:43,6,wpa2,2021-05-10T16:00:00.000Z,2026-03-24T10:00:00.000Z,Helsinki,Manner-Suomi,FI,Koivikkotie,00630
E0:4F:43:1D:72:B9,SmartGate_142517,50.05091858,14.88795185,E0:4F:43,6,wpa2,2017-08-05T20:00:00.000Z,2025-04-23T05:00:00.000Z,,Střední Čechy,CZ,108,282 02
E0:4F:43:1D:72:BA,SmartGate_106023,50.0731163,14.3627615,E0:4F:43,6,wpa2,2017-01-17T13:00:00.000Z,2025-08-04T13:00:00.000Z,Hlavní město Praha,Praha,CZ,U Kotlářky,16900
E0:4F:43:1D:72:BF,SmartGate_700733,52.3286705,9.81271935,E0:4F:43,6,wpa2,2026-05-09T10:00:00.000Z,2026-05-09T04:00:00.000Z,Hannover,Niedersachsen,DE,,30521
E0:4F:43:1D:72:C0,SmartGate_105740,52.28858948,12.91571236,E0:4F:43,6,wpa2,2025-07-26T13:00:00.000Z,2025-07-26T08:00:00.000Z,,Brandenburg,DE,A 9,14548
E0:4F:43:1D:72:C1,SmartGate_530519,61.44824219,23.66094017,E0:4F:43,6,wpa2,2017-08-19T09:00:00.000Z,2026-01-08T23:00:00.000Z,,Manner-Suomi,FI,Tampereen läntinen kehätie,33950
E0:4F:43:1D:72:C9,SmartGate_147322,60.20049667,24.80433655,E0:4F:43,6,wpa2,2017-04-25T16:00:00.000Z,2026-02-25T11:00:00.000Z,Espoo,Manner-Suomi,FI,Vuokselantie,02140
E0:4F:43:1D:72:CE,SmartGate_104802,60.62195969,24.82847977,E0:4F:43,6,wpa2,2017-04-11T20:00:00.000Z,2026-07-15T12:00:00.000Z,,Manner-Suomi,FI,Myllykatu,05850
E0:4F:43:1D:72:CF,SmartGate_041180,51.54258347,-2.54490066,E0:4F:43,6,wpa2,2017-12-13T14:00:00.000Z,2025-08-26T09:00:00.000Z,,England,GB,M4,BS32
E0:4F:43:1D:72:D0,SmartGate_147217,62.59957504,29.76279831,E0:4F:43,6,wpa2,2019-06-03T09:00:00.000Z,2026-05-26T15:00:00.000Z,Joensuu,Manner-Suomi,FI,Taitokortteli,80100
E0:4F:43:1D:72:D2,SmartGate_139201,51.06975937,13.69848061,E0:4F:43,6,wpa2,2017-02-22T09:00:00.000Z,2025-04-25T14:00:00.000Z,Dresden,Sachsen,DE,Rethelstraße,01139
E0:4F:43:1D:72:D3,SmartGate_527246,61.05753326,28.1835556,E0:4F:43,6,wpa2,2017-07-13T16:00:00.000Z,2026-01-15T06:00:00.000Z,Lappeenranta,Manner-Suomi,FI,Valtakatu,53100
E0:4F:43:1D:72:D6,SMARTGATE_123456,53.33267593,10.08122921,E0:4F:43,6,wpa2,2018-03-14T17:00:00.000Z,2026-04-19T09:00:00.000Z,,Niedersachsen,DE,Zum Wendeplatz,21220
E0:4F:43:1D:72:DD,SmartGate_117875,50.09399796,14.49408722,E0:4F:43,6,wpa2,2017-10-26T11:00:00.000Z,2024-08-31T03:00:00.000Z,Hlavní město Praha,Praha,CZ,U Kněžské louky,13000
E0:4F:43:1D:72:DE,SMARTGATE_123456,64.75737762,18.70036316,E0:4F:43,6,wpa2,2018-10-27T13:00:00.000Z,2026-07-02T11:00:00.000Z,,Västerbottens län,SE,365,
E0:4F:43:1D:72:E4,SmartGate_113312,61.66879654,24.28004646,E0:4F:43,6,wpa2,2021-05-03T17:00:00.000Z,2025-08-22T04:00:00.000Z,Orivesi,Manner-Suomi,FI,,
E0:4F:43:1D:72:E7,SmartGate_702218,51.93120575,10.40797806,E0:4F:43,6,wpa2,2018-10-21T03:00:00.000Z,2025-03-09T13:00:00.000Z,,Niedersachsen,DE,B 6,38644
E0:4F:43:1D:72:E9,SmartGate_174331,63.09558868,21.62458801,E0:4F:43,6,wpa2,2017-08-17T19:00:00.000Z,2026-06-18T05:00:00.000Z,Vaasa,Manner-Suomi,FI,Kirjailijankuja,65100
E0:4F:43:1D:72:EB,SmartGate_098449,61.48734283,21.79611397,E0:4F:43,6,wpa2,2001-01-01T02:00:00.000Z,2025-09-16T01:00:00.000Z,Pori,Manner-Suomi,FI,Antinkatu,28100
E0:4F:43:1D:72:ED,SmartGate_126861,52.02207184,5.78890514,E0:4F:43,6,wpa2,2021-06-10T17:00:00.000Z,2026-05-26T09:00:00.000Z,Ede,Gelderland,NL,Rijksweg A12,6874BZ
E0:4F:43:1D:72:EE,SmartGate_702232,53.56044006,10.17785549,E0:4F:43,6,wpa2,2026-05-03T12:00:00.000Z,2026-05-03T11:00:00.000Z,,Schleswig-Holstein,DE,A 24,22885
E0:4F:43:1D:72:F0,SmartGate_701888,49.41378784,10.96048355,E0:4F:43,6,wpa2,2017-04-05T08:00:00.000Z,2026-04-20T11:00:00.000Z,Oberasbach,Bayern,DE,Neusiedlerweg,90522
E0:4F:43:1D:72:F2,SmartGate_147792,62.89678574,27.65334511,E0:4F:43,6,wpa2,2018-01-20T10:00:00.000Z,2026-05-23T06:00:00.000Z,Kuopio,Manner-Suomi,FI,5;9,07110
E0:4F:43:1D:72:FB,SmartGate_700775,51.54465103,8.1027174,E0:4F:43,6,wpa2,2025-09-10T14:00:00.000Z,2025-09-10T09:00:00.000Z,Soest,Nordrhein-Westfalen,DE,A 44,59494
E0:4F:43:1D:72:FD,SMARTGATE_123456,52.53504181,13.28222942,E0:4F:43,6,wpa2,2024-05-12T07:00:00.000Z,2024-11-02T10:00:00.000Z,Berlin,Charlottenburg-Wilmersdorf,DE,Heilmannring,13627
E0:4F:43:1D:73:05,SmartGate_117743,51.03271103,13.72477913,E0:4F:43,6,wpa2,2017-08-20T14:00:00.000Z,2024-10-30T11:00:00.000Z,Dresden,Sachsen,DE,Nürnberger Straße,01187
E0:4F:43:1D:73:0D,SmartGate_174829,60.27089691,25.0486412,E0:4F:43,6,wpa2,2023-08-05T19:00:00.000Z,2026-05-02T09:00:00.000Z,Helsinki,Manner-Suomi,FI,Kreetantie,00760
E0:4F:43:1D:73:0F,SmartGate_167387,50.1174469,14.47231483,E0:4F:43,6,wpa2,2018-04-07T09:00:00.000Z,2026-08-06T02:00:00.000Z,Hlavní město Praha,Praha,CZ,Čertův vršek,18000
E0:4F:43:1D:73:15,SmartGate_538233,51.56748962,-0.08378293,E0:4F:43,6,wpa2,2022-09-13T19:00:00.000Z,2025-01-23T05:00:00.000Z,London Borough of Hackney,England,GB,St Andrew's Grove,N16 5HB
E0:4F:43:1D:73:18,SmartGate_527474,62.79256821,22.79034424,E0:4F:43,6,wpa2,2018-03-19T08:00:00.000Z,2026-03-08T10:00:00.000Z,Seinäjoki,Manner-Suomi,FI,Suupohjantie,60320
E0:4F:43:1D:73:1A,SmartGate_108803,60.22991562,25.00947189,E0:4F:43,6,wpa2,2018-07-26T22:00:00.000Z,2026-04-21T07:00:00.000Z,Helsinki,Manner-Suomi,FI,Pihlajistontie,00710
E0:4F:43:1D:73:1E,SmartGate_147722,51.41925049,7.2561183,E0:4F:43,6,wpa2,2019-04-03T09:00:00.000Z,2026-05-20T05:00:00.000Z,Bochum,Nordrhein-Westfalen,DE,Oveneystraße,44797
E0:4F:43:1D:73:20,SmartGate_538057,47.58507919,16.96332359,E0:4F:43,6,wpa2,2018-03-30T14:00:00.000Z,2026-04-03T03:00:00.000Z,,Nyugat-Dunántúl,HU,M85,9371
E0:4F:43:1D:73:26,SmartGate_527704,49.97255707,14.37847233,E0:4F:43,6,wpa2,2022-08-09T12:00:00.000Z,2025-09-10T20:00:00.000Z,Hlavní město Praha,Praha,CZ,4,156 00
E0:4F:43:1D:73:28,SmartGate_121928,60.26521683,25.20212555,E0:4F:43,6,wpa2,2019-11-16T15:00:00.000Z,2025-02-15T10:00:00.000Z,,Manner-Suomi,FI,Porvoonväylä,08900
E0:4F:43:1D:73:2A,SmartGate_527080,50.89303589,6.96681309,E0:4F:43,6,wpa2,2025-05-30T10:00:00.000Z,2025-05-30T03:00:00.000Z,Köln,Nordrhein-Westfalen,DE,Am Verteilerkreis,50968
E0:4F:43:1D:73:39,SmartGate_106758,60.22350693,24.86631775,E0:4F:43,6,wpa2,2017-11-07T13:00:00.000Z,2025-09-24T09:00:00.000Z,Helsinki,Manner-Suomi,FI,Atomikuja,00380
E0:4F:43:1D:73:3A,SmartGate_106642,60.13357925,24.54600525,E0:4F:43,6,wpa2,2017-07-24T13:00:00.000Z,2026-05-04T05:00:00.000Z,,Manner-Suomi,FI,Kotipolku,02420
E0:4F:43:1D:73:4F,SmartGate_171753,62.21611023,25.71966934,E0:4F:43,6,wpa2,2021-07-07T16:00:00.000Z,2025-06-09T08:00:00.000Z,Jyväskylä,Manner-Suomi,FI,Kylmälahdentie,40500
E0:4F:43:1D:73:57,SmartGate_532390,51.10054398,13.69332027,E0:4F:43,6,wpa2,2020-02-03T11:00:00.000Z,2025-05-27T14:00:00.000Z,,Sachsen,DE,Adlerweg,01445
E0:4F:43:1D:73:58,SMARTGATE_123456,62.62568665,29.77484322,E0:4F:43,6,wpa2,2018-07-17T17:00:00.000Z,2026-04-22T07:00:00.000Z,Joensuu,Manner-Suomi,FI,Avainkuja,80100
E0:4F:43:1D:73:5B,SmartGate_112615,53.31081772,-1.14442372,E0:4F:43,6,wpa2,2025-09-14T13:00:00.000Z,2025-09-25T22:00:00.000Z,Bassetlaw,England,GB,A57,S80 1TJ
E0:4F:43:1D:73:65,SmartGate_702646,51.20199966,6.87779617,E0:4F:43,6,wpa2,2017-08-19T16:00:00.000Z,2026-03-22T12:00:00.000Z,,Nordrhein-Westfalen,DE,Im Broich,40627
E0:4F:43:1D:73:68,SmartGate_113087,61.47823334,21.75725555,E0:4F:43,6,wpa2,2025-10-18T11:00:00.000Z,2026-04-04T03:00:00.000Z,Pori,Manner-Suomi,FI,Eteläväylä,28610
E0:4F:43:1D:73:69,SmartGate_113019,51.0076561,-0.97289068,E0:4F:43,6,wpa2,2026-07-15T16:00:00.000Z,2026-07-15T10:00:00.000Z,East Hampshire,England,GB,Winchester Road,GU32 3PE
E0:4F:43:1D:73:6D,SMARTGATE_123456,50.62939453,9.44291878,E0:4F:43,6,wpa2,2023-08-29T13:00:00.000Z,2025-12-09T03:00:00.000Z,,Hessen,DE,Am Rück,36367
E0:4F:43:1D:73:71,SmartGate_702219,48.62913895,9.33144951,E0:4F:43,6,wpa2,2024-10-20T13:00:00.000Z,2024-11-28T10:00:00.000Z,,Baden-Württemberg,DE,Stuttgarter Straße,72622
E0:4F:43:1D:73:78,SmartGate_540315,50.12921906,14.49649811,E0:4F:43,6,wpa2,2026-03-26T14:00:00.000Z,2026-03-26T07:00:00.000Z,Hlavní město Praha,Praha,CZ,Zásadská,199 06
E0:4F:43:1D:73:7E,SmartGate_702469,51.85068512,10.33627796,E0:4F:43,6,wpa2,2018-05-03T08:00:00.000Z,2025-12-28T15:00:00.000Z,,Niedersachsen,DE,Wiesenstraße,38644
E0:4F:43:1D:73:88,SmartGate_118613,60.20311356,24.64906883,E0:4F:43,6,wpa2,2017-07-08T11:00:00.000Z,2024-08-24T02:00:00.000Z,Espoo,Manner-Suomi,FI,Kamreerintie,02770
E0:4F:43:1D:73:9E,SmartGate_521830,51.4938736,14.12726593,E0:4F:43,6,wpa2,2026-07-22T08:00:00.000Z,2026-07-27T02:00:00.000Z,,Sachsen,DE,Landstraße,02979
E0:4F:43:1D:73:9F,SmartGate_106639,49.77325058,14.67468166,E0:4F:43,6,wpa2,2019-01-23T12:00:00.000Z,2025-10-05T10:00:00.000Z,,Střední Čechy,CZ,3,256 01
E0:4F:43:1D:73:A0,SmartGate_538116,49.96176529,16.97325897,E0:4F:43,6,wpa2,2020-08-23T13:00:00.000Z,2025-05-04T03:00:00.000Z,,Střední Morava,CZ,Nemocniční,78701
E0:4F:43:1D:73:A1,SmartGate_532496,48.92459106,12.08813,E0:4F:43,6,wpa2,2017-09-23T15:00:00.000Z,2024-10-21T13:00:00.000Z,Bad Abbach,Bayern,DE,A 93,93080
E0:4F:43:1D:73:A5,SMARTGATE_123456,51.17797852,6.97227907,E0:4F:43,6,wpa2,2021-03-14T13:00:00.000Z,2025-05-22T08:00:00.000Z,,Nordrhein-Westfalen,DE,Kalstert,40724
E0:4F:43:1D:73:A7,SmartGate_112846,60.49010086,22.20864868,E0:4F:43,6,wpa2,2026-03-16T10:00:00.000Z,2026-03-27T13:00:00.000Z,Raisio,Manner-Suomi,FI,Itäniityntie,21280
E0:4F:43:1D:73:A9,SmartGate_532415,61.48313522,23.75481987,E0:4F:43,6,wpa2,2024-05-01T11:00:00.000Z,2026-02-06T03:00:00.000Z,Tampere,Manner-Suomi,FI,Hatanpään puistokuja,33201
E0:4F:43:1D:73:AE,SmartGate_703588,51.04792404,7.00740576,E0:4F:43,6,wpa2,2018-11-10T12:00:00.000Z,2026-04-16T07:00:00.000Z,,Nordrhein-Westfalen,DE,Ahornweg,51373
E0:4F:43:1D:73:B0,SmartGate_702381,51.32464218,12.40214252,E0:4F:43,6,wpa2,2025-03-07T16:00:00.000Z,2025-04-01T08:00:00.000Z,Leipzig,Sachsen,DE,Riebeckstraße,04317
E0:4F:43:1D:73:B8,SmartGate_121627,52.28626633,-1.54662502,E0:4F:43,6,wpa2,2017-07-31T16:00:00.000Z,2025-08-06T11:00:00.000Z,Warwick,England,GB,Park Drive,CV31 3SP
E0:4F:43:1D:73:C7,SmartGate_527577,62.23617935,25.74253845,E0:4F:43,6,wpa2,2018-04-29T18:00:00.000Z,2024-11-04T06:00:00.000Z,Jyväskylä,Manner-Suomi,FI,Vaasankatu,40100
E0:4F:43:1D:73:CA,SmartGate_701485,47.79698563,8.9940176,E0:4F:43,6,wpa2,2019-10-02T05:00:00.000Z,2025-05-13T05:00:00.000Z,Bodman-Ludwigshafen,Baden-Württemberg,DE,Panoramaweg,78351
E0:4F:43:1D:73:D0,SmartGate_531010,48.85402679,12.10200691,E0:4F:43,6,wpa2,2018-01-17T18:00:00.000Z,2024-12-03T20:00:00.000Z,Langquaid,Bayern,DE,B 15n,84085
E0:4F:43:1D:73:D1,SmartGate_541773,49.18721008,16.59411812,E0:4F:43,6,wpa2,2017-09-02T14:00:00.000Z,2024-10-05T10:00:00.000Z,Brno,Jihovýchod,CZ,Bělidla,639 00
E0:4F:43:1D:73:D2,SmartGate_700760,53.08926773,8.84979248,E0:4F:43,6,wpa2,2025-08-26T10:00:00.000Z,2026-08-03T13:00:00.000Z,Bremen,Bremen,DE,Nebelthaustraße,28213
E0:4F:43:1D:73:D4,SmartGate_522320,50.12879181,14.48490715,E0:4F:43,6,wpa2,2018-02-03T11:00:00.000Z,2025-09-21T08:00:00.000Z,Hlavní město Praha,Praha,CZ,Vysočanská,182 00
E0:4F:43:1D:73:D8,SMARTGATE_123456,62.88248444,29.72969818,E0:4F:43,6,wpa2,2017-02-23T15:00:00.000Z,2025-08-04T01:00:00.000Z,,Manner-Suomi,FI,,
E0:4F:43:1D:73:D9,SmartGate_109739,62.24142838,25.85369873,E0:4F:43,6,wpa2,2024-04-12T13:00:00.000Z,2024-09-17T22:00:00.000Z,Jyväskylä,Manner-Suomi,FI,Vaajakosken moottoritie,40420
E0:4F:43:1D:73:DE,SmartGate_163163,61.75209808,24.83210373,E0:4F:43,6,wpa2,2025-10-26T15:00:00.000Z,2025-10-26T08:00:00.000Z,,Manner-Suomi,FI,9,35400
E0:4F:43:1D:73:E0,SmartGate_121595,49.47056961,8.18608665,E0:4F:43,6,wpa2,2018-09-14T15:00:00.000Z,2024-08-25T11:00:00.000Z,,Rheinland-Pfalz,DE,Altenbacher Straße,67098
E0:4F:43:1D:73:E5,SmartGate_175736,62.23624039,25.69633865,E0:4F:43,6,wpa2,2017-10-23T09:00:00.000Z,2025-07-23T22:00:00.000Z,Jyväskylä,Manner-Suomi,FI,Salokatu,40630
E0:4F:43:1D:73:ED,SmartGate_100282,48.37179184,11.74545956,E0:4F:43,6,wpa2,2026-03-01T13:00:00.000Z,2026-03-01T06:00:00.000Z,,Bayern,DE,A 92,85356
E0:4F:43:1D:73:F2,SmartGate_175793,47.32800674,8.58017635,E0:4F:43,6,wpa2,2018-04-07T13:00:00.000Z,2026-03-16T14:00:00.000Z,,Zürich,CH,Alte Landstrasse,8700
E0:4F:43:1D:73:FA,SmartGate_164082,60.22634506,25.00303078,E0:4F:43,6,wpa2,2017-10-24T17:00:00.000Z,2025-03-07T07:00:00.000Z,Helsinki,Manner-Suomi,FI,Viikintie,00710
E0:4F:43:1D:74:02,SMARTGATE_123456,60.50231934,22.95023155,E0:4F:43,6,wpa2,2018-06-17T17:00:00.000Z,2024-08-24T10:00:00.000Z,Salo,Manner-Suomi,FI,Vaskiontie,25260
E0:4F:43:1D:74:0C,SmartGate_121579,60.18156052,24.89833832,E0:4F:43,6,wpa2,2018-01-21T15:00:00.000Z,2026-05-28T05:00:00.000Z,Helsinki,Manner-Suomi,FI,Mäntyniementie,00250
E0:4F:43:1D:74:0D,SmartGate_525248,55.35494614,10.36569786,E0:4F:43,6,wpa2,2025-08-03T16:00:00.000Z,2025-08-03T09:00:00.000Z,Odense,Region Syddanmark,DK,Fynske Motorvej,5260
E0:4F:43:1D:74:15,SmartGate_109999,50.04436874,15.76207733,E0:4F:43,6,wpa2,2021-09-29T12:00:00.000Z,2024-12-09T13:00:00.000Z,,Severovýchod,CZ,Lonkova,53009
E0:4F:43:1D:74:19,SmartGate_124958,52.48691559,13.50691509,E0:4F:43,6,wpa2,2020-07-17T08:00:00.000Z,2025-07-30T10:00:00.000Z,Berlin,Lichtenberg,DE,Hönower Wiesenweg,10318
E0:4F:43:1D:74:1B,SmartGate_538131,60.47079849,24.30558586,E0:4F:43,6,wpa2,2017-07-12T15:00:00.000Z,2024-12-25T09:00:00.000Z,,Manner-Suomi,FI,Porintie,03400
E0:4F:43:1D:74:24,SmartGate_113420,48.14264679,11.53454494,E0:4F:43,6,wpa2,2023-09-20T12:00:00.000Z,2025-11-09T16:00:00.000Z,München,Bayern,DE,B 2R,80634
E0:4F:43:1D:74:25,SmartGate_703624,52.04611206,8.63358879,E0:4F:43,6,wpa2,2024-08-18T13:00:00.000Z,2024-08-18T06:00:00.000Z,Bielefeld,Nordrhein-Westfalen,DE,Altenhagener Straße,33729
E0:4F:43:1D:74:2A,SmartGate_521851,48.5591011,7.85944366,E0:4F:43,6,wpa2,2021-07-31T21:00:00.000Z,2025-01-21T10:00:00.000Z,,Baden-Württemberg,DE,B 28,77694
E0:4F:43:1D:74:2F,SmartGate_531091,48.50087357,9.21373367,E0:4F:43,6,wpa2,2021-05-13T14:00:00.000Z,2026-01-23T08:00:00.000Z,Reutlingen,Baden-Württemberg,DE,Stuttgarter Straße,72766
E0:4F:43:1D:74:30,SmartGate_108065,50.9887619,12.43660164,E0:4F:43,6,wpa2,2017-10-03T08:00:00.000Z,2025-02-21T10:00:00.000Z,,Thüringen,DE,Pauritzer Straße,04600
E0:4F:43:1D:74:32,SmartGate_520112,60.74586105,24.72937965,E0:4F:43,6,wpa2,2017-06-03T12:00:00.000Z,2026-01-23T07:00:00.000Z,,Manner-Suomi,FI,Helsinginväylä,11910
E0:4F:43:1D:74:36,SmartGate_702491,53.37646103,10.54665279,E0:4F:43,6,wpa2,2019-07-24T16:00:00.000Z,2025-03-27T08:00:00.000Z,,Schleswig-Holstein,DE,Lütauer Chaussee,21481
E0:4F:43:1D:74:38,SmartGate_163823,60.47319412,25.07772064,E0:4F:43,6,wpa2,2026-04-11T11:00:00.000Z,2026-04-11T07:00:00.000Z,,Manner-Suomi,FI,Kaislakatu,04400
E0:4F:43:1D:74:39,SmartGate_521681,58.88508224,16.20584297,E0:4F:43,6,wpa2,2018-04-06T15:00:00.000Z,2025-09-20T02:00:00.000Z,,Södermanlands län,SE,55;56,
E0:4F:43:1D:74:41,SmartGate_163476,60.4743576,22.25694466,E0:4F:43,6,wpa2,2020-09-27T15:00:00.000Z,2025-03-12T07:00:00.000Z,Turku,Manner-Suomi,FI,Rieskalähteentie,20300
E0:4F:43:1D:74:42,SmartGate_521703,61.49885559,21.80238342,E0:4F:43,6,wpa2,2021-04-08T14:00:00.000Z,2025-10-16T07:00:00.000Z,Pori,Manner-Suomi,FI,Vaasantie,28200
E0:4F:43:1D:74:4F,SmartGate_540353,60.23895645,25.05396652,E0:4F:43,6,wpa2,2020-01-11T18:00:00.000Z,2026-07-14T09:00:00.000Z,Helsinki,Manner-Suomi,FI,Savikiekontie,00920
E0:4F:43:1D:74:56,SmartGate_124928,51.46696472,12.00308132,E0:4F:43,6,wpa2,2018-05-04T16:00:00.000Z,2026-03-29T10:00:00.000Z,,Sachsen-Anhalt,DE,Europachaussee,06112
E0:4F:43:1D:74:5B,SmartGate_144764,60.26567841,25.08993721,E0:4F:43,6,wpa2,2017-08-12T17:00:00.000Z,2025-03-02T11:00:00.000Z,Vantaa,Manner-Suomi,FI,Talkookentänpolku,01230
E0:4F:43:1D:74:75,SmartGate_111348,60.23637772,24.96516418,E0:4F:43,6,wpa2,2017-10-18T06:00:00.000Z,2026-06-15T04:00:00.000Z,Helsinki,Manner-Suomi,FI,Kantakyläntie,00640
E0:4F:43:1D:74:7E,SmartGate_117780,50.3853035,7.77581167,E0:4F:43,6,wpa2,2018-11-17T17:00:00.000Z,2025-11-15T13:00:00.000Z,,Rheinland-Pfalz,DE,,
E0:4F:43:1D:74:81,SmartGate_531041,48.51303864,9.19614983,E0:4F:43,6,wpa2,2026-02-06T12:00:00.000Z,2026-05-06T09:00:00.000Z,Reutlingen,Baden-Württemberg,DE,Dietweg,72760
E0:4F:43:1D:74:85,SMARTGATE_123456,51.45698547,7.23093271,E0:4F:43,6,wpa2,2018-12-19T16:00:00.000Z,2024-11-26T08:00:00.000Z,Bochum,Nordrhein-Westfalen,DE,A 448,44799
E0:4F:43:1D:74:87,SMARTGATE_123456,53.5947113,7.20272827,E0:4F:43,6,wpa2,2025-04-19T08:00:00.000Z,2025-04-19T04:00:00.000Z,,Niedersachsen,DE,Am Markt,26506
E0:4F:43:1D:74:8A,SmartGate_516400,59.61227417,16.47389412,E0:4F:43,6,wpa2,2019-03-11T18:00:00.000Z,2025-11-16T05:00:00.000Z,Västerås,Västmanlands län,SE,Bäckbymotet,721 33
E0:4F:43:1D:74:91,SmartGate_516337,55.73744202,13.01270294,E0:4F:43,6,wpa2,2018-04-03T14:00:00.000Z,2025-06-29T06:00:00.000Z,,Skåne län,SE,Västervångsvägen,23741
E0:4F:43:1D:74:92,SmartGate_109735,49.9315033,16.91328049,E0:4F:43,6,wpa2,2023-01-06T16:00:00.000Z,2024-11-13T02:00:00.000Z,,Střední Morava,CZ,,78961
E0:4F:43:1D:74:9B,SmartGate_047338,60.28651047,24.86692238,E0:4F:43,6,wpa2,2018-04-11T14:00:00.000Z,2025-04-08T06:00:00.000Z,,Manner-Suomi,FI,Perkiönkuja,01670
E0:4F:43:1D:74:A0,SmartGate_111286,60.40788651,25.08597565,E0:4F:43,6,wpa2,2018-07-27T14:00:00.000Z,2025-12-27T03:00:00.000Z,,Manner-Suomi,FI,Puusepänkatu,04200
E0:4F:43:1D:74:A6,SmartGate_104612,60.23629761,24.94819641,E0:4F:43,6,wpa2,2021-09-05T16:00:00.000Z,2024-11-10T07:00:00.000Z,Helsinki,Manner-Suomi,FI,Tuusulanväylä,00680
E0:4F:43:1D:74:A8,SMARTGATE_123456,60.22037888,24.90613937,E0:4F:43,6,wpa2,2017-05-16T16:00:00.000Z,2026-03-28T07:00:00.000Z,Helsinki,Manner-Suomi,FI,Ilkantie,00400
E0:4F:43:1D:74:A9,SmartGate_144656,60.22251129,24.83823013,E0:4F:43,6,wpa2,2018-03-03T11:00:00.000Z,2025-07-24T20:00:00.000Z,Espoo,Manner-Suomi,FI,Vahtirinne,00360
E0:4F:43:1D:74:AA,SmartGate_516498,59.2456131,18.11151505,E0:4F:43,6,wpa2,2021-09-05T16:00:00.000Z,2026-04-17T02:00:00.000Z,,Stockholms län,SE,Perstorpsvägen,12343
E0:4F:43:1D:74:B1,SmartGate_146067,50.8696785,9.70097351,E0:4F:43,6,wpa2,2026-01-30T13:00:00.000Z,2026-01-30T07:00:00.000Z,,Hessen,DE,Meisebacher Straße,36251
E0:4F:43:1D:74:B8,SmartGate_527981,63.11248016,21.61597824,E0:4F:43,6,wpa2,2018-12-03T18:00:00.000Z,2026-02-05T08:00:00.000Z,Vaasa,Manner-Suomi,FI,Alskatintie,65200
E0:4F:43:1D:74:BA,SmartGate_043656,49.2272377,17.68159103,E0:4F:43,6,wpa2,2026-06-26T06:00:00.000Z,2026-06-26T00:00:00.000Z,Zlín,Střední Morava,CZ,Hornomlýnská,76001
E0:4F:43:1D:74:BE,SmartGate_106751,61.44485474,23.70215607,E0:4F:43,6,wpa2,2017-08-04T16:00:00.000Z,2026-04-21T06:00:00.000Z,,Manner-Suomi,FI,luontopolku,33920
E0:4F:43:1D:74:C3,SmartGate_106707,47.31803131,8.49362087,E0:4F:43,6,wpa2,2022-12-07T07:00:00.000Z,2025-08-12T10:00:00.000Z,,Zürich,CH,Spitzegg,8143
E0:4F:43:1D:74:C5,SmartGate_145906,61.04678726,28.21133614,E0:4F:43,6,wpa2,2018-10-30T10:00:00.000Z,2025-05-31T04:00:00.000Z,Lappeenranta,Manner-Suomi,FI,Kaakkoiskaari,53100
E0:4F:43:1D:74:C8,SmartGate_110264,47.34214401,-1.83650029,E0:4F:43,6,wpa2,2020-08-02T19:00:00.000Z,2024-08-29T08:00:00.000Z,,Pays de la Loire,FR,Voie Express de Nantes à Brest,44260
E0:4F:43:1D:74:C9,SmartGate_154314,61.1836319,23.86902428,E0:4F:43,6,wpa2,2022-07-10T15:00:00.000Z,2025-02-27T06:00:00.000Z,Akaa,Manner-Suomi,FI,Lentiläntie,37800
E0:4F:43:1D:74:CD,SmartGate_703614,51.55157089,9.93846703,E0:4F:43,6,wpa2,2018-03-06T19:00:00.000Z,2026-07-01T23:00:00.000Z,Göttingen,Niedersachsen,DE,Hermann-Rein-Straße,37075
E0:4F:43:1D:74:CE,SmartGate_517305,53.24410629,10.4548378,E0:4F:43,6,wpa2,2025-05-17T07:00:00.000Z,2025-05-22T08:00:00.000Z,,Niedersachsen,DE,B 4;B 209,21337
E0:4F:43:1D:74:D0,SmartGate_043955,52.45475006,13.40959167,E0:4F:43,6,wpa2,2025-03-26T12:00:00.000Z,2025-03-26T06:00:00.000Z,Berlin,Tempelhof-Schöneberg,DE,Gottlieb-Dunkel-Straße,
E0:4F:43:1D:74:D1,SmartGate_110168,60.23392105,24.69080544,E0:4F:43,6,wpa2,2017-09-07T16:00:00.000Z,2025-12-17T06:00:00.000Z,Espoo,Manner-Suomi,FI,Diakonissantie,02940
E0:4F:43:1D:74:D7,SmartGate_043899,60.18754959,24.80831718,E0:4F:43,6,wpa2,2024-06-21T08:00:00.000Z,2026-07-06T05:00:00.000Z,Espoo,Manner-Suomi,FI,Kehä I,02110
E0:4F:43:1D:74:D8,SmartGate_111524,50.92204666,14.13592148,E0:4F:43,6,wpa2,2017-08-17T15:00:00.000Z,2026-07-26T10:00:00.000Z,,Sachsen,DE,Basteistraße,01814
E0:4F:43:1D:74:D9,SmartGate_702801,47.94378281,9.65075874,E0:4F:43,6,wpa2,2021-11-16T15:00:00.000Z,2026-01-06T00:00:00.000Z,,Baden-Württemberg,DE,K 8034,88326
E0:4F:43:1D:74:DB,SmartGate_702783,51.93770218,8.56570721,E0:4F:43,6,wpa2,2026-06-03T12:00:00.000Z,2026-06-03T11:00:00.000Z,Bielefeld,Nordrhein-Westfalen,DE,A 33,33689
E0:4F:43:1D:74:DD,SmartGate_540312,62.24135971,25.75808144,E0:4F:43,6,wpa2,2019-09-30T11:00:00.000Z,2026-04-21T12:00:00.000Z,Jyväskylä,Manner-Suomi,FI,Piippukatu,40100
E0:4F:43:1D:74:E3,SmartGate_526206,60.21794891,24.91817284,E0:4F:43,6,wpa2,2022-02-05T11:00:00.000Z,2026-04-02T06:00:00.000Z,Helsinki,Manner-Suomi,FI,Postintaival,00230
E0:4F:43:1D:74:E4,SmartGate_531032,53.31451416,9.44356155,E0:4F:43,6,wpa2,2017-11-01T14:00:00.000Z,2026-02-13T05:00:00.000Z,,Niedersachsen,DE,Wiesenbusch,27419
E0:4F:43:1D:74:E9,SmartGate_110455,62.61792755,29.77272224,E0:4F:43,6,wpa2,2018-12-13T02:00:00.000Z,2024-09-21T02:00:00.000Z,Joensuu,Manner-Suomi,FI,Kajaanintie,80100
E0:4F:43:1D:74:ED,SmartGate_145314,60.49936676,26.87120628,E0:4F:43,6,wpa2,2021-08-30T16:00:00.000Z,2026-05-29T10:00:00.000Z,Kotka,Manner-Suomi,FI,Mussalontie,48400
E0:4F:43:1D:74:F3,SmartGate_527584,49.47358322,17.05091667,E0:4F:43,6,wpa2,2024-11-20T16:00:00.000Z,2024-11-20T08:00:00.000Z,,Střední Morava,CZ,Prostějovská,79802
E0:4F:43:1D:74:F5,SmartGate_139003,62.22770691,27.88924026,E0:4F:43,6,wpa2,2024-05-21T13:00:00.000Z,2025-09-17T11:00:00.000Z,,Manner-Suomi,FI,5,
E0:4F:43:1D:74:F7,SmartGate_517262,48.31801987,14.29327774,E0:4F:43,6,wpa2,2024-11-08T16:00:00.000Z,2024-11-08T10:00:00.000Z,Linz,Oberösterreich,AT,Treppelweg,4020
E0:4F:43:1D:74:FB,SMARTGATE_123456,48.29521561,8.86778641,E0:4F:43,6,wpa2,2018-01-16T20:00:00.000Z,2025-11-20T03:00:00.000Z,,Baden-Württemberg,DE,Schweizer Straße,72336
E0:4F:43:1D:74:FD,SmartGate_516396,53.04645538,7.46248817,E0:4F:43,6,wpa2,2026-02-28T18:00:00.000Z,2026-03-01T11:00:00.000Z,,Niedersachsen,DE,Splitting rechts,26871
E0:4F:43:1D:75:03,SmartGate_121335,48.63957214,8.92860794,E0:4F:43,6,wpa2,2017-03-22T13:00:00.000Z,2025-06-11T02:00:00.000Z,,Baden-Württemberg,DE,A 81,71116
E0:4F:43:1D:75:05,SmartGate_701507,52.2883873,4.91332054,E0:4F:43,6,wpa2,2019-06-02T14:00:00.000Z,2025-05-19T05:00:00.000Z,,Noord-Holland,NL,A9,1191JR
E0:4F:43:1D:75:0D,SmartGate_111373,50.50047302,9.72314739,E0:4F:43,6,wpa2,2025-11-14T13:00:00.000Z,2025-11-14T18:00:00.000Z,,Hessen,DE,A 7,36124
E0:4F:43:1D:75:0F,SmartGate_138942,61.03516769,24.38441658,E0:4F:43,6,wpa2,2022-11-25T12:00:00.000Z,2024-11-10T12:00:00.000Z,,Manner-Suomi,FI,Valtatie 3,13800
E0:4F:43:1D:75:13,SmartGate_527170,49.87153625,16.89057159,E0:4F:43,6,wpa2,2018-10-28T16:00:00.000Z,2026-07-06T06:00:00.000Z,,Střední Morava,CZ,Olomoucká,78901
E0:4F:43:1D:75:14,SmartGate_516395,47.42522812,8.48707962,E0:4F:43,6,wpa2,2017-08-26T13:00:00.000Z,2026-04-30T22:00:00.000Z,,Zürich,CH,A1;A4,8105
E0:4F:43:1D:75:17,SmartGate_144823,60.25912094,24.95211601,E0:4F:43,6,wpa2,2021-05-12T21:00:00.000Z,2026-04-27T13:00:00.000Z,Helsinki,Manner-Suomi,FI,Viskaalintie,00690
E0:4F:43:1D:75:18,SmartGate_528844,52.38655853,10.0032711,E0:4F:43,6,wpa2,2017-06-20T14:00:00.000Z,2025-12-23T06:00:00.000Z,,Niedersachsen,DE,A 2,31275
E0:4F:43:1D:75:19,SmartGate_147132,47.46221924,8.46330261,E0:4F:43,6,wpa2,2026-05-20T15:00:00.000Z,2026-08-08T05:00:00.000Z,,Zürich,CH,Wehntalerstrasse,8155
E0:4F:43:1D:75:1B,SmartGate_531006,61.49948502,23.74815941,E0:4F:43,6,wpa2,2021-05-12T12:00:00.000Z,2026-07-20T08:00:00.000Z,Tampere,Manner-Suomi,FI,Satakunnankatu,33210
E0:4F:43:1D:75:1D,SmartGate_113549,60.16758347,24.74548721,E0:4F:43,6,wpa2,2023-05-13T12:00:00.000Z,2026-06-18T09:00:00.000Z,Espoo,Manner-Suomi,FI,Piispankulma,02230
E0:4F:43:1D:75:22,SmartGate_108624,60.29415131,24.83181572,E0:4F:43,6,wpa2,2017-07-13T14:00:00.000Z,2025-11-06T07:00:00.000Z,Vantaa,Manner-Suomi,FI,,01770
E0:4F:43:1D:75:26,SmartGate_702668,50.31324005,7.49152279,E0:4F:43,6,wpa2,2020-04-16T09:00:00.000Z,2026-04-26T04:00:00.000Z,,Rheinland-Pfalz,DE,B 416,56333
E0:4F:43:1D:75:2B,SmartGate_702990,53.54814529,8.59400368,E0:4F:43,6,wpa2,2017-11-09T13:00:00.000Z,2026-07-05T00:00:00.000Z,Bremerhaven,Bremen,DE,Stresemannstraße,27570
E0:4F:43:1D:75:3B,SmartGate_701497,53.61414337,10.15651321,E0:4F:43,6,wpa2,2025-06-16T09:00:00.000Z,2025-06-16T05:00:00.000Z,Hamburg,Oldenfelde,DE,Oldenfelder Straße,22143
E0:4F:43:1D:75:3D,SmartGate_517334,63.30169296,18.72505188,E0:4F:43,6,wpa2,2019-08-20T13:00:00.000Z,2024-08-26T04:00:00.000Z,Örnsköldsviks distrikt,Västernorrlands län,SE,Valhallavägen,89188
E0:4F:43:1D:75:3E,SMARTGATE_123456,50.87674713,12.0757513,E0:4F:43,6,wpa2,2025-07-17T08:00:00.000Z,2025-07-17T02:00:00.000Z,,Thüringen,DE,Friedericistraße,07545
E0:4F:43:1D:75:42,SmartGate_516241,50.0712204,14.86970425,E0:4F:43,6,wpa2,2018-10-12T15:00:00.000Z,2024-09-02T10:00:00.000Z,,Střední Čechy,CZ,Tůmov,282 02
E0:4F:43:1D:75:44,SmartGate_528319,61.50732422,21.70503426,E0:4F:43,6,wpa2,2023-12-07T05:00:00.000Z,2024-10-12T03:00:00.000Z,Pori,Manner-Suomi,FI,Säikäntie,28600
E0:4F:43:1D:75:4C,SmartGate_144935,50.32639313,8.92723274,E0:4F:43,6,wpa2,2022-05-28T18:00:00.000Z,2026-03-26T01:00:00.000Z,Florstadt,Hessen,DE,A 45,61197
E0:4F:43:1D:75:4F,SmartGate_702472,50.72109222,7.03014565,E0:4F:43,6,wpa2,2026-05-17T15:00:00.000Z,2026-05-17T08:00:00.000Z,,Nordrhein-Westfalen,DE,K 12,53347
E0:4F:43:1D:75:51,SmartGate_143956,60.21812439,25.10379791,E0:4F:43,6,wpa2,2025-05-16T13:00:00.000Z,2026-04-04T09:00:00.000Z,Helsinki,Manner-Suomi,FI,Itäväylä,00950
E0:4F:43:1D:75:55,SmartGate_702346,52.49767685,8.07884789,E0:4F:43,6,wpa2,2024-09-14T08:00:00.000Z,2024-09-15T06:00:00.000Z,Neuenkirchen-Vörden,Niedersachsen,DE,A 1,49434
E0:4F:43:1D:75:56,SMARTGATE_123456,51.41513062,6.71349812,E0:4F:43,6,wpa2,2018-03-28T12:00:00.000Z,2025-03-29T05:00:00.000Z,Duisburg,Nordrhein-Westfalen,DE,Moerser Straße,47228
E0:4F:43:1D:75:57,SMARTGATE_123456,58.37657166,13.44209671,E0:4F:43,6,wpa2,2025-02-03T16:00:00.000Z,2025-02-03T09:00:00.000Z,,Västra Götalands län,SE,E 20,53294
E0:4F:43:1D:75:5F,SmartGate_702454,47.04460526,8.30694962,E0:4F:43,6,wpa2,2018-02-09T16:00:00.000Z,2025-12-18T15:00:00.000Z,Luzern,Luzern,CH,Bleicherstrasse,6003
E0:4F:43:1D:75:62,SmartGate_701784,52.17700958,11.47734451,E0:4F:43,6,wpa2,2024-01-11T16:00:00.000Z,2026-04-26T09:00:00.000Z,,Sachsen-Anhalt,DE,A 2,39326
E0:4F:43:1D:75:65,SmartGate_701403,50.98889542,6.92966604,E0:4F:43,6,wpa2,2017-12-19T08:00:00.000Z,2026-03-04T23:00:00.000Z,Köln,Nordrhein-Westfalen,DE,Ginsterpfad,50737
E0:4F:43:1D:75:69,SmartGate_701528,49.47412491,8.52381039,E0:4F:43,6,wpa2,2026-08-03T12:00:00.000Z,2026-08-03T07:00:00.000Z,,Baden-Württemberg,DE,Will-Sohl-Straße,68163
E0:4F:43:1D:75:6F,SmartGate_703582,52.31594849,12.9697113,E0:4F:43,6,wpa2,2018-04-07T11:00:00.000Z,2025-08-11T10:00:00.000Z,,Brandenburg,DE,Am Lienewitzsee,14548
E0:4F:43:1D:75:71,SmartGate_516216,57.48233795,15.00506306,E0:4F:43,6,wpa2,2018-04-27T15:00:00.000Z,2025-01-07T10:00:00.000Z,,Jönköpings län,SE,,5740
E0:4F:43:1D:75:72,SmartGate_111375,49.60321426,15.57944679,E0:4F:43,6,wpa2,2025-08-06T07:00:00.000Z,2025-08-19T23:00:00.000Z,,Jihovýchod,CZ,150,58001
E0:4F:43:1D:75:73,SmartGate_145650,62.28933334,25.72081184,E0:4F:43,5,wpa2,2019-08-31T17:00:00.000Z,2025-12-23T08:00:00.000Z,Jyväskylä,Manner-Suomi,FI,Nelostie,40200
E0:4F:43:1D:75:74,SMARTGATE_123456,49.41493988,11.13066864,E0:4F:43,6,wpa2,2019-09-22T14:00:00.000Z,2026-05-09T14:00:00.000Z,Nürnberg,Bayern,DE,Hans-Fallada-Straße,90471
E0:4F:43:1D:75:7A,SmartGate_138918,60.39538574,24.88184357,E0:4F:43,6,wpa2,2017-07-03T10:00:00.000Z,2026-01-13T11:00:00.000Z,,Manner-Suomi,FI,Muistolankuja,01940
E0:4F:43:1D:75:80,SmartGate_516267,59.39052963,13.85128689,E0:4F:43,6,wpa2,2018-03-10T12:00:00.000Z,2025-12-26T05:00:00.000Z,,Värmlands län,SE,E 18,655 95
E0:4F:43:1D:75:83,SmartGate_702286,53.5627861,10.15034199,E0:4F:43,6,wpa2,2017-08-11T17:00:00.000Z,2025-07-11T05:00:00.000Z,,Schleswig-Holstein,DE,A 24,22885
E0:4F:43:1D:75:8B,SmartGate_143439,52.66815186,4.77566195,E0:4F:43,6,wpa2,2024-07-19T10:00:00.000Z,2025-06-02T07:00:00.000Z,Broek op Langedijk,Noord-Holland,NL,Schagerweg,1827RE
E0:4F:43:1D:75:91,SmartGate_146215,47.81764603,12.03173065,E0:4F:43,6,wpa2,2023-05-17T20:00:00.000Z,2024-09-01T08:00:00.000Z,,Bayern,DE,A 8,83075
E0:4F:43:1D:75:93,SmartGate_701557,53.58110046,10.05692673,E0:4F:43,6,wpa2,2019-03-11T10:00:00.000Z,2024-10-12T03:00:00.000Z,Hamburg,Dulsberg,DE,Lothringer Straße,22049
E0:4F:43:1D:75:96,SmartGate_702486,51.11916733,12.8243885,E0:4F:43,6,wpa2,2025-06-14T07:00:00.000Z,2025-06-15T08:00:00.000Z,,Sachsen,DE,Hauptstraße,04680
E0:4F:43:1D:75:9B,SmartGate_111230,50.12039185,14.49369431,E0:4F:43,6,wpa2,2020-10-09T17:00:00.000Z,2024-10-06T08:00:00.000Z,Hlavní město Praha,Praha,CZ,Veltruská,19000
E0:4F:43:1D:75:9C,SmartGate_119011,60.18225479,24.89115906,E0:4F:43,6,wpa2,2017-07-16T18:00:00.000Z,2025-10-19T14:00:00.000Z,Helsinki,Manner-Suomi,FI,Seurasaarentie,00330
E0:4F:43:1D:75:9D,SmartGate_122379,49.02272034,17.06815338,E0:4F:43,6,wpa2,2017-10-05T17:00:00.000Z,2026-02-04T08:00:00.000Z,,Jihovýchod,CZ,0549,697 01
E0:4F:43:1D:75:A5,SmartGate_516823,47.53578186,21.6180439,E0:4F:43,6,wpa2,2017-03-02T17:00:00.000Z,2024-12-07T08:00:00.000Z,Debrecen,Észak-Alföld,HU,Csemete utca,4026
E0:4F:43:1D:75:A8,SmartGate_144672,42.85959244,-8.57128811,E0:4F:43,6,wpa2,2026-04-10T15:00:00.000Z,2026-04-10T09:00:00.000Z,Santiago de Compostela,Galicia,ES,Rúa do Viaduto da Rocha,15899
E0:4F:43:1D:75:AB,SmartGate_043316,50.18126678,14.51705456,E0:4F:43,6,wpa2,2025-05-04T15:00:00.000Z,2025-05-07T11:00:00.000Z,Hovorčovice,Střední Čechy,CZ,Hlavní,25064
E0:4F:43:1D:75:B1,SmartGate_702022,49.43457794,11.13196564,E0:4F:43,6,wpa2,2018-09-13T17:00:00.000Z,2026-05-31T13:00:00.000Z,Nürnberg,Bayern,DE,Valznerweiherstraße,90480
E0:4F:43:1D:75:B8,SmartGate_151498,54.68489838,18.7134552,E0:4F:43,6,wpa2,2025-04-24T07:00:00.000Z,2025-08-26T07:00:00.000Z,,województwo pomorskie,PL,Aleja Wojska Polskiego,84-141
E0:4F:43:1D:75:C6,SmartGate_108333,60.47063065,25.08876419,E0:4F:43,6,wpa2,2022-07-27T12:00:00.000Z,2024-10-06T09:00:00.000Z,,Manner-Suomi,FI,Helsingintie,04409
E0:4F:43:1D:75:CE,SmartGate_109671,50.29308319,14.23093796,E0:4F:43,6,wpa2,2017-09-16T15:00:00.000Z,2026-07-02T15:00:00.000Z,,Střední Čechy,CZ,24037,27324
E0:4F:43:1D:75:D4,SmartGate_703654,50.54949188,11.78855038,E0:4F:43,6,wpa2,2017-10-07T07:00:00.000Z,2026-01-26T14:00:00.000Z,,Thüringen,DE,Industriestraße,07907
E0:4F:43:1D:75:D9,SmartGate_527739,51.09109116,13.72210693,E0:4F:43,6,wpa2,2019-11-09T13:00:00.000Z,2026-03-27T07:00:00.000Z,Dresden,Sachsen,DE,Großenhainer Straße,01129
E0:4F:43:1D:75:DC,SMARTGATE_123456,62.59709549,29.75992203,E0:4F:43,6,wpa2,2017-07-04T14:00:00.000Z,2025-05-23T04:00:00.000Z,Joensuu,Manner-Suomi,FI,Torikatu,80100
E0:4F:43:1D:75:DD,SmartGate_109703,50.03445816,14.22224998,E0:4F:43,6,wpa2,2023-11-16T18:00:00.000Z,2025-06-07T22:00:00.000Z,,Střední Čechy,CZ,Zemědělská,25219
E0:4F:43:1D:75:DF,SmartGate_109667,60.22225952,24.83646774,E0:4F:43,6,wpa2,2017-10-19T18:00:00.000Z,2024-11-06T06:00:00.000Z,Espoo,Manner-Suomi,FI,Adjutantinkuja,00360
E0:4F:43:1D:75:E3,SmartGate_700742,51.90359497,10.50764656,E0:4F:43,6,wpa2,2017-09-15T10:00:00.000Z,2026-01-12T10:00:00.000Z,,Niedersachsen,DE,Schwarzer Weg,38667
E0:4F:43:1D:75:E8,SmartGate_525698,49.18714523,16.60031891,E0:4F:43,6,wpa2,2016-12-15T17:00:00.000Z,2026-05-21T11:00:00.000Z,Brno,Jihovýchod,CZ,Nádvorní,60300
E0:4F:43:1D:75:EB,SmartGate_525488,60.92867279,22.92357635,E0:4F:43,6,wpa2,2017-11-07T07:00:00.000Z,2025-04-02T06:00:00.000Z,,Manner-Suomi,FI,Annistentie,
E0:4F:43:1D:75:F1,SmartGate_145577,52.1577034,22.34319496,E0:4F:43,6,wpa2,2022-02-12T14:00:00.000Z,2025-12-04T13:00:00.000Z,,województwo mazowieckie,PL,Majowa,08-110
E0:4F:43:1D:75:F5,SmartGate_703758,49.1540184,8.60866356,E0:4F:43,6,wpa2,2017-07-29T10:00:00.000Z,2026-02-07T06:00:00.000Z,,Baden-Württemberg,DE,K 3575,76694
E0:4F:43:1D:75:F7,SmartGate_100694,49.78919601,9.85877228,E0:4F:43,6,wpa2,2019-01-30T09:00:00.000Z,2025-07-17T01:00:00.000Z,Zell am Main,Bayern,DE,St 2312,97299
E0:4F:43:1D:76:01,SmartGate_109565,49.39631271,15.58645821,E0:4F:43,6,wpa2,2020-01-15T16:00:00.000Z,2026-02-24T04:00:00.000Z,Jihlava,Jihovýchod,CZ,Věžní,58601
E0:4F:43:1D:76:02,SmartGate_121630,50.79866028,12.9134655,E0:4F:43,6,wpa2,2025-09-16T17:00:00.000Z,2025-09-17T17:00:00.000Z,Chemnitz,Sachsen,DE,Annaberger Straße,09125
E0:4F:43:1D:76:04,SmartGate_111429,49.59672928,17.23228836,E0:4F:43,6,wpa2,2025-01-03T13:00:00.000Z,2025-01-03T05:00:00.000Z,Olomouc,Střední Morava,CZ,třída Míru,749 00
E0:4F:43:1D:76:0A,SMARTGATE_123456,51.40477753,6.77719498,E0:4F:43,6,wpa2,2018-10-23T14:00:00.000Z,2026-01-19T04:00:00.000Z,Duisburg,Nordrhein-Westfalen,DE,Sebastianstraße,47055
E0:4F:43:1D:76:0B,SMARTGATE_123456,53.55421829,10.61126232,E0:4F:43,6,wpa2,2024-03-23T13:00:00.000Z,2025-07-12T04:00:00.000Z,Tramm,Schleswig-Holstein,DE,A 24,21516
E0:4F:43:1D:76:18,SmartGate_526481,49.17379761,16.64599037,E0:4F:43,6,wpa2,2017-08-31T18:00:00.000Z,2025-08-06T05:00:00.000Z,Brno,Jihovýchod,CZ,Vinohradská,61800
E0:4F:43:1D:76:1E,SMARTGATE_123456,50.18820953,8.67798519,E0:4F:43,6,wpa2,2018-12-03T07:00:00.000Z,2025-11-16T08:00:00.000Z,Frankfurt am Main,Hessen,DE,Niedereschbacher Stadtweg,60437
E0:4F:43:1D:76:1F,SmartGate_701295,51.95103073,8.8888483,E0:4F:43,6,wpa2,2025-11-15T13:00:00.000Z,2025-11-15T16:00:00.000Z,,Nordrhein-Westfalen,DE,Siegfriedstraße,32756
E0:4F:43:1D:76:21,SmartGate_702111,53.32227325,10.05630875,E0:4F:43,6,wpa2,2026-05-11T08:00:00.000Z,2026-05-11T02:00:00.000Z,,Niedersachsen,DE,A 7,21438
E0:4F:43:1D:76:24,SmartGate_703595,51.07757187,6.75620842,E0:4F:43,6,wpa2,2017-09-20T17:00:00.000Z,2026-06-11T08:00:00.000Z,,Nordrhein-Westfalen,DE,Klosterallee,41540
E0:4F:43:1D:76:25,SmartGate_703195,54.46494293,9.83696365,E0:4F:43,6,wpa2,2018-10-20T14:00:00.000Z,2025-08-16T05:00:00.000Z,,Schleswig-Holstein,DE,Grüner Weg,24340
E0:4F:43:1D:76:28,SMARTGATE_123456,53.35750198,10.00550461,E0:4F:43,6,wpa2,2020-02-04T14:00:00.000Z,2025-06-19T05:00:00.000Z,,Niedersachsen,DE,Vor den Heidstücken,21218
E0:4F:43:1D:76:2B,SmartGate_703767,52.00260162,8.35896301,E0:4F:43,6,wpa2,2017-12-06T10:00:00.000Z,2025-09-21T06:00:00.000Z,,Nordrhein-Westfalen,DE,Backsheide,33803
E0:4F:43:1D:76:2C,SmartGate_517187,61.05027008,28.20340157,E0:4F:43,6,wpa2,2018-09-26T11:00:00.000Z,2026-03-15T08:00:00.000Z,Lappeenranta,Manner-Suomi,FI,Katsastajankatu,53100
E0:4F:43:1D:76:2D,SmartGate_145620,60.23188782,24.94144249,E0:4F:43,6,wpa2,2017-11-09T16:00:00.000Z,2026-01-23T12:00:00.000Z,Helsinki,Manner-Suomi,FI,Palstakuja,00620
E0:4F:43:1D:76:2E,SmartGate_700778,51.40031052,6.76474571,E0:4F:43,6,wpa2,2018-02-20T16:00:00.000Z,2026-07-25T07:00:00.000Z,Duisburg,Nordrhein-Westfalen,DE,Sperlingsgasse,47055
E0:4F:43:1D:76:38,SMARTGATE_123456,53.47853851,9.63897514,E0:4F:43,6,wpa2,2001-01-02T10:00:00.000Z,2025-05-13T02:00:00.000Z,Buxtehude,Niedersachsen,DE,Am Güterbahnhof,21614
E0:4F:43:1D:76:3C,SMARTGATE_123456,52.49829102,13.40303707,E0:4F:43,6,wpa2,2017-07-07T14:00:00.000Z,2026-02-18T02:00:00.000Z,Berlin,Luisenstadt,DE,Gitschiner Straße,10969
E0:4F:43:1D:76:3D,SmartGate_701319,50.20279694,8.849576,E0:4F:43,6,wpa2,2017-03-16T19:00:00.000Z,2024-08-20T04:00:00.000Z,Schöneck,Hessen,DE,Kranzbergring,61137
E0:4F:43:1D:76:42,SmartGate_517349,49.86652756,8.62760925,E0:4F:43,6,wpa2,2023-11-16T20:00:00.000Z,2025-05-23T06:00:00.000Z,Darmstadt,Hessen,DE,Mina-Rees-Straße,64295
E0:4F:43:1D:76:45,SmartGate_163670,48.53965759,12.14196777,E0:4F:43,6,wpa2,2017-12-17T12:00:00.000Z,2025-08-18T03:00:00.000Z,,Bayern,DE,Luitpoldstraße,84034
E0:4F:43:1D:76:48,SmartGate_110858,60.21644592,25.05582237,E0:4F:43,6,wpa2,2017-09-29T15:00:00.000Z,2026-05-06T06:00:00.000Z,Helsinki,Manner-Suomi,FI,Viilarintie,00820
E0:4F:43:1D:76:4B,SmartGate_144767,60.21586609,24.91091728,E0:4F:43,6,wpa2,2020-04-15T16:00:00.000Z,2026-05-07T07:00:00.000Z,Helsinki,Manner-Suomi,FI,Keskuspuistontaival,00230
E0:4F:43:1D:76:4C,SmartGate_106593,62.60329437,29.78301239,E0:4F:43,6,wpa2,2017-08-15T09:00:00.000Z,2025-11-21T05:00:00.000Z,Joensuu,Manner-Suomi,FI,Meijerintie,80200
E0:4F:43:1D:76:4E,SmartGate_146007,61.46453857,23.72581863,E0:4F:43,6,wpa2,2018-11-17T00:00:00.000Z,2026-06-23T05:00:00.000Z,Tampere,Manner-Suomi,FI,Ilmailunkatu,33920
E0:4F:43:1D:76:51,SmartGate_701160,52.67598343,13.58068466,E0:4F:43,6,wpa2,2003-06-10T17:00:00.000Z,2024-12-08T23:00:00.000Z,,Brandenburg,DE,Heinersdorfer Straße,16321
E0:4F:43:1D:76:53,SmartGate_163474,46.07211304,14.51310158,E0:4F:43,6,wpa2,2017-09-30T17:00:00.000Z,2025-01-10T11:00:00.000Z,Ljubljana,Bežigrad,SI,Kardeljeva ploščad,1000
E0:4F:43:1D:76:55,SmartGate_701300,50.3343277,8.75437355,E0:4F:43,6,wpa2,2023-06-21T15:00:00.000Z,2024-08-14T09:00:00.000Z,,Hessen,DE,Ludwigstraße,61169
E0:4F:43:1D:76:5C,SmartGate_524885,59.84141922,9.91332245,E0:4F:43,6,wpa2,2025-02-24T14:00:00.000Z,2025-02-24T08:00:00.000Z,,Viken,NO,Ringeriksveien,
E0:4F:43:1D:76:67,SMARTGATE_123456,49.18214035,16.77274513,E0:4F:43,6,wpa2,2018-05-11T07:00:00.000Z,2026-02-04T08:00:00.000Z,,Jihovýchod,CZ,D1,683 51
E0:4F:43:1D:76:6A,SmartGate_042947,60.23047638,25.01140594,E0:4F:43,6,wpa2,2024-06-02T09:00:00.000Z,2024-11-29T06:00:00.000Z,Helsinki,Manner-Suomi,FI,Pihlajamäentie,00710
E0:4F:43:1D:76:6C,SMARTGATE_123456,52.81493378,9.68165112,E0:4F:43,6,wpa2,2025-05-04T11:00:00.000Z,2025-05-04T06:00:00.000Z,,Niedersachsen,DE,A 7,29664
E0:4F:43:1D:76:6E,SmartGate_703023,51.29465485,7.28389692,E0:4F:43,6,wpa2,2024-10-14T09:00:00.000Z,2025-06-26T08:00:00.000Z,,Nordrhein-Westfalen,DE,Hattinger Straße,58332
E0:4F:43:1D:76:73,SMARTGATE_123456,52.37757111,9.89665508,E0:4F:43,6,wpa2,2019-10-13T15:00:00.000Z,2026-02-22T11:00:00.000Z,,Niedersachsen,DE,A 7,31275
E0:4F:43:1D:76:77,SmartGate_516975,49.94924164,10.02225971,E0:4F:43,6,wpa2,2017-10-18T06:00:00.000Z,2024-08-27T11:00:00.000Z,Hausen b. Würzburg,Bayern,DE,WÜ 53,97262
E0:4F:43:1D:76:78,SmartGate_107202,50.37043381,14.26108265,E0:4F:43,6,wpa2,2020-01-31T14:00:00.000Z,2026-01-11T07:00:00.000Z,,Severozápad,CZ,,41184
E0:4F:43:1D:76:87,SmartGate_144853,49.68934631,6.43438196,E0:4F:43,6,wpa2,2025-09-20T07:00:00.000Z,2026-03-06T02:00:00.000Z,,Canton Grevenmacher,LU,Autoroute de Trèves,6715
E0:4F:43:1D:76:8C,SmartGate_702093,50.65221786,12.92186451,E0:4F:43,6,wpa2,2023-04-01T14:00:00.000Z,2024-10-30T12:00:00.000Z,,Sachsen,DE,Thumer Straße,09427
E0:4F:43:1D:76:8F,SMARTGATE_123456,51.10795593,7.6368022,E0:4F:43,6,wpa2,2017-10-06T16:00:00.000Z,2024-10-30T11:00:00.000Z,,Nordrhein-Westfalen,DE,Bahnhofstraße,58540
E0:4F:43:1D:76:92,SMARTGATE_123456,60.20815277,24.89823532,E0:4F:43,6,wpa2,2018-12-03T08:00:00.000Z,2025-04-06T07:00:00.000Z,Helsinki,Manner-Suomi,FI,Vihdintie,00280
E0:4F:43:1D:76:95,SmartGate_126850,50.00480652,14.41694164,E0:4F:43,6,wpa2,2001-01-01T00:00:00.000Z,2026-04-16T04:00:00.000Z,Hlavní město Praha,Praha,CZ,Československého exilu,143 00
E0:4F:43:1D:76:9A,SmartGate_701270,51.85125732,6.24123907,E0:4F:43,6,wpa2,2025-07-17T09:00:00.000Z,2025-07-17T11:00:00.000Z,,Nordrhein-Westfalen,DE,'s-Heerenberger Straße,46446
E0:4F:43:1D:76:A2,SmartGate_701126,50.54202652,12.78808975,E0:4F:43,6,wpa2,2023-07-07T11:00:00.000Z,2025-04-25T10:00:00.000Z,Schwarzenberg/Erzgebirge,Sachsen,DE,Egermannbrücke,08340
E0:4F:43:1D:76:A3,SmartGate_126872,53.81226349,-1.58925569,E0:4F:43,6,wpa2,2018-10-28T12:00:00.000Z,2025-07-05T11:00:00.000Z,Leeds,England,GB,Burley Wood Lane,LS4 2SX
E0:4F:43:1D:76:A8,SmartGate_039199,59.23106003,10.98037434,E0:4F:43,6,wpa2,2024-06-30T15:00:00.000Z,2025-08-15T06:00:00.000Z,,Viken,NO,Kampenveien,1618
E0:4F:43:1D:76:AA,SmartGate_532521,60.19471359,25.03162384,E0:4F:43,6,wpa2,2017-08-25T16:00:00.000Z,2024-09-14T03:00:00.000Z,Helsinki,Manner-Suomi,FI,Itäväylä,00800
E0:4F:43:1D:76:B1,SmartGate_530368,50.16246033,9.071455,E0:4F:43,6,wpa2,2024-03-02T12:00:00.000Z,2026-03-16T10:00:00.000Z,,Hessen,DE,L 3339,63505
E0:4F:43:1D:76:BD,SmartGate_701296,49.13972092,10.06935787,E0:4F:43,6,wpa2,2025-12-21T14:00:00.000Z,2025-12-22T07:00:00.000Z,,Baden-Württemberg,DE,Jagstbrücke,74564
E0:4F:43:1D:76:BF,SmartGate_530527,51.13724136,13.91343784,E0:4F:43,6,wpa2,2026-05-27T19:00:00.000Z,2026-05-28T08:00:00.000Z,,Sachsen,DE,Radeberger Straße,01454
E0:4F:43:1D:76:C8,SmartGate_703047,51.04385757,9.53013134,E0:4F:43,6,wpa2,2025-06-20T11:00:00.000Z,2025-06-20T05:00:00.000Z,,Hessen,DE,Kiefernweg,34593
E0:4F:43:1D:76:C9,SmartGate_701217,51.93473816,4.486063,E0:4F:43,6,wpa2,2017-12-11T13:00:00.000Z,2026-07-20T09:00:00.000Z,Rotterdam,Zuid-Holland,NL,Vijlkapperstraat,3036ZK
E0:4F:43:1D:76:CC,SmartGate_119156,60.21925354,24.84119225,E0:4F:43,6,wpa2,2018-03-12T16:00:00.000Z,2026-05-07T07:00:00.000Z,Espoo,Manner-Suomi,FI,Vermonpolku,00360
E0:4F:43:1D:76:D2,SmartGate_144427,60.25815201,24.91600418,E0:4F:43,6,wpa2,2018-11-25T19:00:00.000Z,2025-08-18T04:00:00.000Z,Helsinki,Manner-Suomi,FI,Paloheinäntunneli,00670
E0:4F:43:1D:76:D6,SmartGate_113362,49.07618713,12.09900475,E0:4F:43,6,wpa2,2025-01-19T13:00:00.000Z,2025-01-19T09:00:00.000Z,Lappersdorf,Bayern,DE,Parkplatz Benhof,93138
E0:4F:43:1D:76:E3,SMARTGATE_123456,53.13842773,8.18784809,E0:4F:43,6,wpa2,2026-05-19T10:00:00.000Z,2026-05-19T04:00:00.000Z,,Niedersachsen,DE,Huntemannstraße,26131
E0:4F:43:1D:76:E6,SmartGate_701284,52.48120499,13.41248989,E0:4F:43,6,wpa2,2026-07-11T08:00:00.000Z,2026-07-12T02:00:00.000Z,Berlin,Stadtquartier Friesenstraße,DE,Columbiadamm,10965
E0:4F:43:1D:76:E9,SmartGate_043611,48.2836113,16.15639496,E0:4F:43,6,wpa2,2025-07-16T08:00:00.000Z,2026-07-09T03:00:00.000Z,Gemeinde Königstetten,Niederösterreich,AT,,3433
E0:4F:43:1D:76:EB,SmartGate_144640,60.68073654,24.74987221,E0:4F:43,6,wpa2,2017-07-25T11:00:00.000Z,2024-09-11T07:00:00.000Z,,Manner-Suomi,FI,Isolantie,11710
E0:4F:43:1D:76:ED,SmartGate_041941,60.1569252,24.5723877,E0:4F:43,6,wpa2,2018-02-15T12:00:00.000Z,2026-06-03T21:00:00.000Z,,Manner-Suomi,FI,Sundsberginraitti,02450
E0:4F:43:1D:76:F3,SmartGate_109540,50.14301682,14.20829678,E0:4F:43,6,wpa2,2018-02-25T16:00:00.000Z,2025-03-02T01:00:00.000Z,,Střední Čechy,CZ,,27354
E0:4F:43:1D:76:F8,SmartGate_144562,60.1790123,24.89116669,E0:4F:43,6,wpa2,2023-09-17T12:00:00.000Z,2026-01-31T23:00:00.000Z,Helsinki,Manner-Suomi,FI,Seurasaarentie,00330
E0:4F:43:1D:77:00,SmartGate_527757,63.02689743,21.76138687,E0:4F:43,6,wpa2,2017-08-20T20:00:00.000Z,2026-05-01T06:00:00.000Z,,Manner-Suomi,FI,Älgstigen,65520
E0:4F:43:1D:77:04,SmartGate_109936,51.04930115,13.77645111,E0:4F:43,6,wpa2,2017-10-08T16:00:00.000Z,2026-03-10T08:00:00.000Z,Dresden,Sachsen,DE,Gabelsbergerstraße,01309
E0:4F:43:1D:77:05,SmartGate_527400,62.21107101,25.70197105,E0:4F:43,6,wpa2,2018-03-06T14:00:00.000Z,2025-04-10T09:00:00.000Z,Jyväskylä,Manner-Suomi,FI,Mastonkaari,40101
E0:4F:43:1D:77:0D,SmartGate_146374,60.90305328,26.96969604,E0:4F:43,6,wpa2,2024-01-08T10:00:00.000Z,2024-11-09T12:00:00.000Z,Kouvola,Manner-Suomi,FI,Kuutostie,46430
E0:4F:43:1D:77:11,SmartGate_110791,47.80190277,12.18735504,E0:4F:43,6,wpa2,2017-04-24T22:00:00.000Z,2026-07-18T22:00:00.000Z,Rohrdorf,Bayern,DE,A 8,83101
E0:4F:43:1D:77:14,SmartGate_701298,50.77160645,6.81186199,E0:4F:43,6,wpa2,2021-12-01T12:00:00.000Z,2024-10-25T16:00:00.000Z,,Nordrhein-Westfalen,DE,K 45,50374
E0:4F:43:1D:77:16,SmartGate_527749,60.72808456,24.76495361,E0:4F:43,6,wpa2,2025-08-02T17:00:00.000Z,2026-05-08T06:00:00.000Z,,Manner-Suomi,FI,Etelän Viertotie,11100
E0:4F:43:1D:77:1C,SmartGate_118952,52.52043915,13.33112144,E0:4F:43,6,wpa2,2019-02-07T11:00:00.000Z,2024-10-28T05:00:00.000Z,Berlin,Moabit,DE,Tile-Wardenberg-Straße,10555
E0:4F:43:1D:77:1D,SmartGate_147467,61.07316208,24.39184189,E0:4F:43,6,wpa2,2019-03-20T09:00:00.000Z,2026-07-04T11:00:00.000Z,,Manner-Suomi,FI,Aulangontie,13880
E0:4F:43:1D:77:22,SmartGate_146248,60.21957397,24.86672401,E0:4F:43,6,wpa2,2019-01-18T10:00:00.000Z,2025-10-08T05:00:00.000Z,Helsinki,Manner-Suomi,FI,Strömbergintie,00380
E0:4F:43:1D:77:28,SMARTGATE_123456,53.64194489,9.99102783,E0:4F:43,6,wpa2,2017-10-16T12:00:00.000Z,2024-10-19T06:00:00.000Z,Hamburg,Fuhlsbüttel,DE,Zeppelinstraße,22415
E0:4F:43:1D:77:2F,SMARTGATE_123456,60.22097015,24.80724335,E0:4F:43,6,wpa2,2017-10-18T14:00:00.000Z,2025-04-06T08:00:00.000Z,Espoo,Manner-Suomi,FI,Portinvartijantie,02650
E0:4F:43:1D:77:36,SmartGate_042141,54.55552673,-2.06152177,E0:4F:43,6,wpa2,2017-10-02T17:00:00.000Z,2025-02-14T12:00:00.000Z,,England,GB,,DL12 9UW
E0:4F:43:1D:77:3C,SmartGate_525744,60.71466446,24.70229721,E0:4F:43,6,wpa2,2021-08-21T16:00:00.000Z,2025-12-22T06:00:00.000Z,,Manner-Suomi,FI,Hirvipolku,12520
E0:4F:43:1D:77:3D,SmartGate_146382,60.20911407,24.85931396,E0:4F:43,6,wpa2,2017-07-05T13:00:00.000Z,2026-05-03T14:00:00.000Z,Helsinki,Manner-Suomi,FI,Taiteentekijäntie,00350
E0:4F:43:1D:77:44,SmartGate_099655,49.09854507,16.65498161,E0:4F:43,6,wpa2,2017-06-16T12:00:00.000Z,2026-06-06T06:00:00.000Z,Brno,Jihovýchod,CZ,D2,64300
E0:4F:43:1D:77:45,SmartGate_701874,51.82973099,8.14842129,E0:4F:43,6,wpa2,2019-02-08T13:00:00.000Z,2025-06-06T09:00:00.000Z,,Nordrhein-Westfalen,DE,Lindenstraße,59302
E0:4F:43:1D:77:46,SmartGate_126946,51.8556366,9.48550987,E0:4F:43,6,wpa2,2025-05-09T23:00:00.000Z,2025-05-09T14:00:00.000Z,,Niedersachsen,DE,Heinrich-Herz-Straße,37639
E0:4F:43:1D:77:56,SmartGate_110518,50.09523392,14.44297409,E0:4F:43,6,wpa2,2019-11-23T13:00:00.000Z,2026-07-18T06:00:00.000Z,Hlavní město Praha,Praha,CZ,ostrov Štvanice,186 00
E0:4F:43:1D:77:59,SMARTGATE_123456,60.20764923,25.07050896,E0:4F:43,6,wpa2,2019-01-09T18:00:00.000Z,2026-06-06T03:00:00.000Z,Helsinki,Manner-Suomi,FI,Karvikkatie,00930
E0:4F:43:1D:77:5C,SmartGate_043638,47.04984283,21.90522385,E0:4F:43,6,wpa2,2020-05-31T15:00:00.000Z,2025-03-30T23:00:00.000Z,Oradea,Bihor,RO,Strada Vlădeasa,410223
E0:4F:43:1D:77:5E,SmartGate_701804,52.21261597,5.33990622,E0:4F:43,6,wpa2,2026-06-06T10:00:00.000Z,2026-06-18T04:00:00.000Z,Amersfoort,Utrecht,NL,Rijksweg A1,3828NZ
E0:4F:43:1D:77:60,SmartGate_107233,50.91205978,13.35600662,E0:4F:43,6,wpa2,2019-03-13T16:00:00.000Z,2026-08-06T05:00:00.000Z,,Sachsen,DE,Frauensteiner Straße,09599
E0:4F:43:1D:77:63,SmartGate_039833,60.29372025,25.02990913,E0:4F:43,6,wpa2,2025-08-01T11:00:00.000Z,2025-08-26T22:00:00.000Z,Vantaa,Manner-Suomi,FI,Peltolantie,01300
E0:4F:43:1D:77:64,SMARTGATE_123456,49.6901741,6.44963741,E0:4F:43,6,wpa2,2025-04-15T05:00:00.000Z,2025-11-10T07:00:00.000Z,,Canton Grevenmacher,LU,Rue du Stade,6793
E0:4F:43:1D:77:68,SmartGate_147497,60.26279449,24.87892914,E0:4F:43,6,wpa2,2017-08-18T08:00:00.000Z,2025-10-08T06:00:00.000Z,,Manner-Suomi,FI,,01610
E0:4F:43:1D:77:74,SmartGate_100897,48.61797333,9.32467937,E0:4F:43,6,wpa2,2018-07-27T10:00:00.000Z,2025-03-31T02:00:00.000Z,,Baden-Württemberg,DE,Metzinger Straße,72622
E0:4F:43:1D:77:76,SmartGate_106177,60.98846054,24.44424438,E0:4F:43,6,wpa2,2022-05-18T08:00:00.000Z,2025-01-04T09:00:00.000Z,Hämeenlinna,Manner-Suomi,FI,Verhonkatu,13130
E0:4F:43:1D:77:78,SmartGate_113296,51.06896973,13.60953236,E0:4F:43,6,wpa2,2017-10-12T03:00:00.000Z,2025-12-17T02:00:00.000Z,Dresden,Sachsen,DE,Rennersdorfer Hauptstraße,01156
E0:4F:43:1D:77:85,SmartGate_702994,48.16320801,11.42712402,E0:4F:43,6,wpa2,2023-02-02T17:00:00.000Z,2025-07-21T09:00:00.000Z,München,Bayern,DE,Bergsonstraße,81245
E0:4F:43:1D:77:86,SmartGate_117382,60.20362091,24.79714775,E0:4F:43,6,wpa2,2018-01-27T12:00:00.000Z,2025-02-07T00:00:00.000Z,Espoo,Manner-Suomi,FI,Koivistontie,02140
E0:4F:43:1D:77:87,SmartGate_106136,60.24625015,24.94311333,E0:4F:43,6,wpa2,2017-10-02T08:00:00.000Z,2026-05-16T07:00:00.000Z,Helsinki,Manner-Suomi,FI,Sysimiehentie,00680
E0:4F:43:1D:77:8B,SMARTGATE_123456,48.14279556,11.49106312,E0:4F:43,6,wpa2,2018-08-23T10:00:00.000Z,2025-01-30T22:00:00.000Z,München,Bayern,DE,Perhamerstraße,80687
E0:4F:43:1D:77:8D,SmartGate_109620,50.0433197,14.26356888,E0:4F:43,6,wpa2,2021-05-02T14:00:00.000Z,2025-05-30T09:00:00.000Z,,Střední Čechy,CZ,0058,252 25
E0:4F:43:1D:77:90,SmartGate_109636,49.94199753,18.08728218,E0:4F:43,6,wpa2,2024-08-27T13:00:00.000Z,2024-09-04T21:00:00.000Z,,Moravskoslezsko,CZ,4671,74723
E0:4F:43:1D:77:9A,SmartGate_516064,49.56943893,17.25590515,E0:4F:43,6,wpa2,2018-02-12T18:00:00.000Z,2024-08-29T08:00:00.000Z,Olomouc,Střední Morava,CZ,Slavonínská,77900
E0:4F:43:1D:77:9B,SmartGate_144005,60.99561691,24.46762466,E0:4F:43,6,wpa2,2025-07-15T11:00:00.000Z,2025-07-15T06:00:00.000Z,Hämeenlinna,Manner-Suomi,FI,Palokunnankatu,13100
E0:4F:43:1D:77:A9,SmartGate_119898,50.93003845,11.58419228,E0:4F:43,6,wpa2,2018-12-06T14:00:00.000Z,2025-12-07T03:00:00.000Z,Jena,Thüringen,DE,Am Pulverturm,07743
E0:4F:43:1D:77:B0,SmartGate_702791,47.61896133,7.61215258,E0:4F:43,6,wpa2,2025-07-12T07:00:00.000Z,2025-07-15T14:00:00.000Z,Weil am Rhein,Baden-Württemberg,DE,Rennemattenweg,79576
E0:4F:43:1D:77:B2,SmartGate_702655,50.95497513,12.43752098,E0:4F:43,6,wpa2,2024-04-16T13:00:00.000Z,2026-07-24T14:00:00.000Z,,Thüringen,DE,Mühlenstraße,04603
E0:4F:43:1D:77:CC,SmartGate_100956,49.40216827,15.58425331,E0:4F:43,6,wpa2,2017-08-17T20:00:00.000Z,2025-05-28T08:00:00.000Z,Jihlava,Jihovýchod,CZ,třída Legionářů,58601
E0:4F:43:1D:77:D1,SmartGate_144488,60.21324921,24.85159874,E0:4F:43,6,wpa2,2019-01-06T20:00:00.000Z,2025-12-31T05:00:00.000Z,Helsinki,Manner-Suomi,FI,Takkatie,00360
E0:4F:43:1D:77:E0,SMARTGATE_123456,51.61803436,6.76598072,E0:4F:43,6,wpa2,2023-05-21T12:00:00.000Z,2025-03-25T11:00:00.000Z,,Nordrhein-Westfalen,DE,A 3,46569
E0:4F:43:1D:77:F1,SmartGate_107530,60.38708878,24.91995811,E0:4F:43,6,wpa2,2018-12-13T15:00:00.000Z,2026-07-14T23:00:00.000Z,,Manner-Suomi,FI,,04350
E0:4F:43:1D:78:00,SmartGate_107584,51.49456406,12.07707691,E0:4F:43,6,wpa2,2018-07-07T18:00:00.000Z,2026-05-10T15:00:00.000Z,,Sachsen-Anhalt,DE,Wegastraße,06116
E0:4F:43:1D:78:10,SmartGate_702024,48.13323212,11.6079216,E0:4F:43,6,wpa2,2022-01-04T17:00:00.000Z,2025-04-17T11:00:00.000Z,München,Bayern,DE,Kirchenstraße,
E0:4F:43:1D:78:1A,SmartGate_100179,60.20686722,24.78139305,E0:4F:43,6,wpa2,2017-04-07T17:00:00.000Z,2026-05-10T23:00:00.000Z,Espoo,Manner-Suomi,FI,Pehkunpolku,02610
E0:4F:43:1D:C9:7F,SmartGate_162622,53.61284637,11.47082901,E0:4F:43,6,wpa2,2023-02-09T16:00:00.000Z,2025-07-21T07:00:00.000Z,Schwerin,Mecklenburg-Vorpommern,DE,Kaninchenwerder,19063
E0:4F:43:1D:CF:3B,SmartGate_123451,53.98831177,-1.50657237,E0:4F:43,6,wpa2,2025-09-01T09:00:00.000Z,2025-09-01T02:00:00.000Z,Harrogate,England,GB,Hookstone Drive,HG2 7SG
E0:4F:43:1D:CF:41,SMARTGATE_123456,61.48152924,21.81490707,E0:4F:43,6,wpa2,2026-07-07T13:00:00.000Z,2026-07-07T07:00:00.000Z,Pori,Manner-Suomi,FI,Paanakedonkatu,28100
E0:4F:43:1D:CF:4D,SmartGate_535277,48.49697495,9.13108635,E0:4F:43,6,wpa2,2025-12-03T13:00:00.000Z,2025-12-03T07:00:00.000Z,,Baden-Württemberg,DE,B 28,72127
E0:4F:43:1D:CF:5D,SmartGate_123568,52.02011108,8.90869617,E0:4F:43,6,wpa2,2017-11-13T17:00:00.000Z,2025-05-10T05:00:00.000Z,,Nordrhein-Westfalen,DE,Lüttfeld,32657
E0:4F:43:1D:CF:69,SmartGate_129542,53.64678192,9.93423843,E0:4F:43,6,wpa2,2026-05-13T05:00:00.000Z,2026-05-19T11:00:00.000Z,Hamburg,Schnelsen,DE,Oldesloer Straße,22457
E0:4F:43:1D:CF:75,SmartGate_126685,52.58206558,13.42846394,E0:4F:43,6,wpa2,2025-07-03T18:00:00.000Z,2025-07-09T20:00:00.000Z,Berlin,Pankow,DE,Pasewalker Straße,
E0:4F:43:1D:CF:7B,SmartGate_704409,51.05747986,8.78709316,E0:4F:43,6,wpa2,2018-09-22T11:00:00.000Z,2026-04-21T05:00:00.000Z,,Hessen,DE,Jahnstraße,35066
E0:4F:43:1D:CF:86,SmartGate_532931,60.29912186,24.85272598,E0:4F:43,6,wpa2,2001-01-01T02:00:00.000Z,2026-05-20T10:00:00.000Z,Vantaa,Manner-Suomi,FI,Vantaanrinne,01730
E0:4F:43:1D:CF:8B,SmartGate_123211,51.33177948,12.37522125,E0:4F:43,6,wpa2,2017-09-29T19:00:00.000Z,2025-07-09T10:00:00.000Z,Leipzig,Sachsen,DE,Peterssteinweg,04107
E0:4F:43:1D:CF:94,SmartGate_129275,61.46850967,23.82030678,E0:4F:43,6,wpa2,2017-10-15T19:00:00.000Z,2026-02-10T07:00:00.000Z,Tampere,Manner-Suomi,FI,Tampereen itäinen kehätie,33820
E0:4F:43:1D:CF:C0,SmartGate_128397,51.06689453,11.95384026,E0:4F:43,6,wpa2,2025-05-26T14:00:00.000Z,2025-05-26T12:00:00.000Z,,Sachsen-Anhalt,DE,A 9,06721
E0:4F:43:1D:CF:C6,SmartGate_126904,51.76649475,6.62512445,E0:4F:43,6,wpa2,2018-03-27T16:00:00.000Z,2025-09-11T02:00:00.000Z,,Nordrhein-Westfalen,DE,Nordbrocker Straße,46499
E0:4F:43:1D:CF:D8,SmartGate_123348,61.19856262,26.00304985,E0:4F:43,6,wpa2,2026-08-08T11:00:00.000Z,2026-08-08T06:00:00.000Z,,Manner-Suomi,FI,4,18150
E0:4F:43:1D:CF:DE,SmartGate_128442,60.19665527,24.78564644,E0:4F:43,6,wpa2,2020-07-17T10:00:00.000Z,2025-07-05T08:00:00.000Z,Espoo,Manner-Suomi,FI,Turveradantie,02130
E0:4F:43:1D:CF:EA,SmartGate_128499,60.2084465,24.7970314,E0:4F:43,6,wpa2,2020-06-28T20:00:00.000Z,2026-02-27T09:00:00.000Z,Espoo,Manner-Suomi,FI,Masalantie,02140
E0:4F:43:1D:CF:F0,SmartGate_123468,49.95124817,16.95776367,E0:4F:43,6,wpa2,2018-02-08T18:00:00.000Z,2026-07-14T07:00:00.000Z,,Střední Morava,CZ,Zábřežská,78701
E0:4F:43:1D:D0:0E,SmartGate_126708,60.20884323,25.03436661,E0:4F:43,6,wpa2,2017-06-30T19:00:00.000Z,2026-03-11T08:00:00.000Z,Helsinki,Manner-Suomi,FI,Siilikuja,00800
E0:4F:43:1D:D0:1B,SmartGate_128450,60.20677185,24.94882774,E0:4F:43,6,wpa2,2020-10-22T13:00:00.000Z,2025-01-13T05:00:00.000Z,Helsinki,Manner-Suomi,FI,Vähänkyröntie,00610
E0:4F:43:1D:D0:52,SmartGate_129048,49.19373322,16.62687874,E0:4F:43,6,wpa2,2017-03-25T12:00:00.000Z,2025-08-28T12:00:00.000Z,Brno,Jihovýchod,CZ,Podnásepní,60200
E0:4F:43:1D:D0:89,SmartGate_126758,48.53047943,12.14439964,E0:4F:43,4,wep,2023-01-14T12:00:00.000Z,2026-04-07T02:00:00.000Z,,Bayern,DE,Wittstraße,84036
E0:4F:43:1D:D0:95,SmartGate_170508,48.2228775,14.29838276,E0:4F:43,6,wpa2,2018-12-17T17:00:00.000Z,2025-07-24T08:00:00.000Z,Ansfelden,Oberösterreich,AT,Ahornweg,4053
E0:4F:43:1D:D0:A1,SmartGate_126027,48.62585068,9.24801826,E0:4F:43,6,wpa2,2024-01-02T13:00:00.000Z,2024-12-08T10:00:00.000Z,Aichtal,Baden-Württemberg,DE,B 312,72631
E0:4F:43:1D:D0:AD,SmartGate_532203,49.11812592,16.60405731,E0:4F:43,6,wpa2,2019-05-26T17:00:00.000Z,2026-03-16T07:00:00.000Z,,Jihovýchod,CZ,Brněnská,66442
E0:4F:43:1D:D0:B3,SmartGate_128409,49.74819183,18.63296509,E0:4F:43,6,wpa2,2017-11-30T14:00:00.000Z,2025-08-23T13:00:00.000Z,,województwo śląskie,PL,Ratuszowa,43-400
E0:4F:43:1D:D0:B9,SMARTGATE_123456,52.5107193,9.63099098,E0:4F:43,6,wpa2,2026-07-13T16:00:00.000Z,2026-07-13T11:00:00.000Z,,Niedersachsen,DE,Im Hagen,30900
E0:4F:43:1D:D1:21,SmartGate_129095,49.23234177,7.01369429,E0:4F:43,6,wpa2,2018-03-30T15:00:00.000Z,2025-02-02T03:00:00.000Z,Saarbrücken,Saarland,DE,Hellwigstraße,66121
E0:4F:43:1D:D1:33,SmartGate_129007,47.34279251,8.70653343,E0:4F:43,6,wpa2,2023-08-11T11:00:00.000Z,2024-11-15T08:00:00.000Z,,Zürich,CH,Unterbühlenstrasse,8610
E0:4F:43:1D:D1:3F,SmartGate_527143,57.26761246,16.44749451,E0:4F:43,6,wpa2,2025-12-19T17:00:00.000Z,2025-12-20T14:00:00.000Z,,Kalmar län,SE,Norra Fabriksgatan,57232
E0:4F:43:1D:D1:5D,SmartGate_532891,60.22483063,24.91326523,E0:4F:43,6,wpa2,2018-08-10T06:00:00.000Z,2026-07-13T02:00:00.000Z,Helsinki,Manner-Suomi,FI,Keskuspuistontaival,00230
E0:4F:43:1D:D2:71,SmartGate_169150,50.10964203,13.73722649,E0:4F:43,6,wpa2,2026-06-04T07:00:00.000Z,2026-06-21T10:00:00.000Z,,Střední Čechy,CZ,Luženská,269 01
E0:4F:43:1D:D2:77,SmartGate_546726,50.09215164,13.43280888,E0:4F:43,6,wpa2,2017-10-01T19:00:00.000Z,2025-06-07T08:00:00.000Z,,Střední Čechy,CZ,2065,43984
E0:4F:43:1D:D2:79,SmartGate_047750,61.47715378,23.80236626,E0:4F:43,6,wpa2,2017-06-13T07:00:00.000Z,2025-11-08T08:00:00.000Z,Tampere,Manner-Suomi,FI,Muotialantie,33800
E0:4F:43:1D:D2:8E,SMARTGATE_123456,49.46631622,11.21854401,E0:4F:43,6,wpa2,2025-05-19T06:00:00.000Z,2025-07-22T13:00:00.000Z,Haimendorfer Forst,Bayern,DE,A 3,90552
E0:4F:43:1D:D2:93,SmartGate_123382,49.39308167,15.59014702,E0:4F:43,6,wpa2,2022-10-06T05:00:00.000Z,2026-04-20T06:00:00.000Z,Jihlava,Jihovýchod,CZ,Havířská,58601
E0:4F:43:1D:D2:AB,SMARTGATE_123456,51.39073944,6.78027773,E0:4F:43,6,wpa2,2020-09-16T13:00:00.000Z,2024-12-01T05:00:00.000Z,Duisburg,Nordrhein-Westfalen,DE,Wedauer Straße,47249
E0:4F:43:1D:D2:D6,SMARTGATE_123456,52.67561722,13.58605576,E0:4F:43,6,wpa2,2017-12-06T15:00:00.000Z,2025-11-01T07:00:00.000Z,,Brandenburg,DE,Breitscheidstraße,16321
E0:4F:43:1D:D2:DB,SmartGate_123729,47.2768898,11.4564991,E0:4F:43,6,wpa2,2018-10-17T16:00:00.000Z,2024-10-19T16:00:00.000Z,,Tirol,AT,,6063
E0:4F:43:1D:D3:11,SmartGate_534816,64.75606537,20.93992233,E0:4F:43,6,wpa2,2021-09-09T16:00:00.000Z,2026-05-21T23:00:00.000Z,,Västerbottens län,SE,Norrbölegatan,93140
E0:4F:43:1D:D7:03,SmartGate_134466,53.33436966,9.88120365,E0:4F:43,6,wpa2,2018-06-14T15:00:00.000Z,2026-02-13T07:00:00.000Z,,Niedersachsen,DE,Hamburger Straße,21244
E0:4F:43:1E:72:03,SmartGate_168475,49.03973389,8.26949406,E0:4F:43,6,wpa2,2024-08-11T09:00:00.000Z,2024-08-11T05:00:00.000Z,,Rheinland-Pfalz,DE,A 65,76744
E0:4F:43:1E:72:0F,SmartGate_047862,50.10817337,14.48410225,E0:4F:43,6,wpa2,2018-01-10T08:00:00.000Z,2025-11-28T06:00:00.000Z,Hlavní město Praha,Praha,CZ,,19000
E0:4F:43:1E:72:2B,SmartGate_533019,49.98284149,7.94853163,E0:4F:43,6,wpa2,2018-02-03T13:00:00.000Z,2025-04-04T12:00:00.000Z,,Hessen,DE,Rebenweg,65366
E0:4F:43:1E:72:46,SmartGate_531528,60.28819275,24.78447723,E0:4F:43,6,wpa2,2017-11-03T08:00:00.000Z,2026-04-17T03:00:00.000Z,,Manner-Suomi,FI,,01680
E0:4F:43:1E:72:4B,SmartGate_027969,49.14172745,15.01261044,E0:4F:43,6,wpa2,2021-12-19T16:00:00.000Z,2026-03-27T13:00:00.000Z,,Jihozápad,CZ,Jáchymova,37701
E0:4F:43:1E:72:61,SmartGate_532822,60.22100449,24.88078499,E0:4F:43,6,wpa2,2018-06-24T19:00:00.000Z,2026-01-12T23:00:00.000Z,Helsinki,Manner-Suomi,FI,Vihdintie,00380
E0:4F:43:1E:72:9B,SmartGate_704545,50.1683197,9.10016632,E0:4F:43,6,wpa2,2022-12-22T15:00:00.000Z,2026-06-26T15:00:00.000Z,,Hessen,DE,L 3269,63594
E0:4F:43:1E:72:DB,SmartGate_133346,49.73274612,13.33069801,E0:4F:43,6,wpa2,2026-07-24T13:00:00.000Z,2026-07-25T02:00:00.000Z,Plzeň,Jihozápad,CZ,Ke Karlovu,30100
E0:4F:43:1E:73:44,SmartGate_528952,50.06900787,14.73212433,E0:4F:43,6,wpa2,2018-09-10T14:00:00.000Z,2026-06-27T05:00:00.000Z,,Střední Čechy,CZ,U Přeložky,25082
E0:4F:43:1E:73:51,SmartGate_534176,50.05417633,15.76401901,E0:4F:43,6,wpa2,2019-01-30T16:00:00.000Z,2026-03-27T13:00:00.000Z,,Severovýchod,CZ,Poděbradská,53009
E0:4F:43:1E:73:6D,SmartGate_541959,62.61416245,29.78114128,E0:4F:43,6,wpa2,2017-05-28T12:00:00.000Z,2026-03-10T07:00:00.000Z,Joensuu,Manner-Suomi,FI,Kuopiontie,80200
E0:4F:43:1E:73:8C,SmartGate_533929,48.80244827,9.47853184,E0:4F:43,6,wpa2,2025-10-21T15:00:00.000Z,2025-10-21T10:00:00.000Z,,Baden-Württemberg,DE,Remsstraße,73650
E0:4F:43:1E:73:B0,SmartGate_531003,49.94607544,16.83624649,E0:4F:43,6,wpa2,2017-05-27T08:00:00.000Z,2024-11-22T04:00:00.000Z,,Střední Morava,CZ,,78901
E0:4F:43:1E:74:1A,SmartGate_132808,51.47810745,11.97724056,E0:4F:43,6,wpa2,2023-04-22T11:00:00.000Z,2025-09-26T07:00:00.000Z,Halle,Sachsen-Anhalt,DE,An der Waisenhausmauer,06108
E0:4F:43:1E:74:5A,SmartGate_530107,52.62593079,13.70487595,E0:4F:43,6,wpa2,2020-08-02T20:00:00.000Z,2026-03-21T14:00:00.000Z,,Brandenburg,DE,Berliner Allee,16356
E0:4F:43:1E:74:67,SMARTGATE_123456,52.43994904,13.38602161,E0:4F:43,6,wpa2,2018-11-21T15:00:00.000Z,2026-06-06T14:00:00.000Z,Berlin,Tempelhof-Schöneberg,DE,Alt-Mariendorf,12107
E0:4F:43:1E:74:68,SmartGate_178800,62.24351883,25.75222778,E0:4F:43,6,wpa2,2017-06-22T07:00:00.000Z,2025-03-28T10:00:00.000Z,Jyväskylä,Manner-Suomi,FI,Vapaudenkatu,40100
E0:4F:43:1E:74:69,SmartGate_534047,48.87243652,12.58935833,E0:4F:43,6,wpa2,2022-07-06T12:00:00.000Z,2026-04-11T05:00:00.000Z,,Bayern,DE,Vogelriederstraße,94315
E0:4F:43:1E:74:6A,SmartGate_133081,48.1437912,9.42094231,E0:4F:43,6,wpa2,2020-01-04T12:00:00.000Z,2026-02-27T10:00:00.000Z,,Baden-Württemberg,DE,L 277,88499
E0:4F:43:1E:74:6B,SmartGate_028840,45.77165222,21.22126198,E0:4F:43,6,wpa2,2020-02-13T16:00:00.000Z,2026-06-19T06:00:00.000Z,Timișoara,Timiș,RO,Strada Carei,300635
E0:4F:43:1E:74:73,SmartGate_533409,45.78061676,27.20993423,E0:4F:43,6,wpa2,2025-04-15T07:00:00.000Z,2025-04-15T05:00:00.000Z,,Vrancea,RO,Șoseaua Garoafei,627146
E0:4F:43:1E:74:75,SmartGate_131381,60.40681839,25.0465641,E0:4F:43,6,wpa2,2021-09-10T18:00:00.000Z,2026-05-16T02:00:00.000Z,,Manner-Suomi,FI,Varstankuja,04310
E0:4F:43:1E:74:77,SmartGate_542096,60.20010376,24.88206291,E0:4F:43,6,wpa2,2018-05-22T13:00:00.000Z,2025-04-06T07:00:00.000Z,Helsinki,Manner-Suomi,FI,Kivitorpantie,00330
E0:4F:43:1E:74:83,SmartGate_533481,52.63023758,13.73748302,E0:4F:43,6,wpa2,2021-06-05T11:00:00.000Z,2026-07-15T21:00:00.000Z,,Brandenburg,DE,Freienwalder Straße,16356
E0:4F:43:1E:74:8C,SMARTGATE_123456,52.61245346,13.25083256,E0:4F:43,6,wpa2,2020-05-08T14:00:00.000Z,2025-10-19T13:00:00.000Z,Berlin,Schulzendorf,DE,A 111,13503
E0:4F:43:1E:74:94,SmartGate_529435,48.27304077,17.83977699,E0:4F:43,6,wpa2,2024-09-28T02:00:00.000Z,2024-09-27T20:00:00.000Z,,Trnavský kraj,SK,R1,925 53
E0:4F:43:1E:74:95,SmartGate_178114,47.52937317,7.68301964,E0:4F:43,6,wpa2,2018-07-06T14:00:00.000Z,2026-05-05T23:00:00.000Z,,Basel-Landschaft,CH,Dürrenhübelstrasse,4133
E0:4F:43:1E:74:97,SmartGate_133091,52.34944534,9.79446888,E0:4F:43,6,wpa2,2017-11-28T18:00:00.000Z,2025-04-08T22:00:00.000Z,Hannover,Niedersachsen,DE,Messeschnellweg,30519
E0:4F:43:1E:74:99,SmartGate_543467,49.7376442,13.38778591,E0:4F:43,6,wpa2,2025-04-28T13:00:00.000Z,2025-04-28T08:00:00.000Z,Plzeň,Jihozápad,CZ,Slovanská,301 12
E0:4F:43:1E:74:9B,SMARTGATE_123456,47.8012352,12.93186474,E0:4F:43,6,wpa2,2018-04-21T10:00:00.000Z,2026-01-05T03:00:00.000Z,,Bayern,DE,,83404
E0:4F:43:1E:74:9C,SmartGate_529091,50.20702744,14.69651318,E0:4F:43,6,wpa2,2017-08-20T12:00:00.000Z,2026-07-13T20:00:00.000Z,,Střední Čechy,CZ,D10,25001
E0:4F:43:1E:74:9D,SmartGate_133011,61.69050598,27.26977921,E0:4F:43,6,wpa2,2020-01-24T13:00:00.000Z,2026-04-11T10:00:00.000Z,Mikkeli,Manner-Suomi,FI,Savilahdenkatu,50100
E0:4F:43:1E:74:AA,SmartGate_136272,48.26791763,15.32445526,E0:4F:43,6,wpa2,2017-11-15T10:00:00.000Z,2025-05-30T08:00:00.000Z,Gemeinde Emmersdorf,Niederösterreich,AT,,3644
E0:4F:43:1E:74:AB,SmartGate_704938,53.47979355,13.79302216,E0:4F:43,6,wpa2,2003-07-13T15:00:00.000Z,2025-02-27T21:00:00.000Z,,Mecklenburg-Vorpommern,DE,,17337
E0:4F:43:1E:74:AF,SmartGate_130754,50.78879547,7.23713589,E0:4F:43,6,wpa2,2017-11-09T09:00:00.000Z,2024-11-25T04:00:00.000Z,,Nordrhein-Westfalen,DE,A 3,53757
E0:4F:43:1E:74:B9,SmartGate_535185,49.48653412,17.09760666,E0:4F:43,6,wpa2,2023-05-15T17:00:00.000Z,2025-01-14T10:00:00.000Z,Prostějov,Střední Morava,CZ,366,79603
E0:4F:43:1E:74:CB,SmartGate_529416,56.95022202,24.12434006,E0:4F:43,6,wpa2,2025-09-04T14:00:00.000Z,2025-09-04T10:00:00.000Z,Rīga,Vidzeme,LV,Marijas iela,LV-1050
E0:4F:43:1E:74:D1,SmartGate_534964,48.48550797,11.99580669,E0:4F:43,6,wpa2,2019-01-04T12:00:00.000Z,2026-07-12T14:00:00.000Z,,Bayern,DE,A 92,85368
E0:4F:43:1E:74:D5,SmartGate_530832,46.90597534,18.04726791,E0:4F:43,6,wpa2,2017-03-31T14:00:00.000Z,2025-08-13T10:00:00.000Z,,Dél-Dunántúl,HU,Fenyves sor,8600
E0:4F:43:1E:74:D6,SmartGate_520886,50.04413986,18.94266891,E0:4F:43,6,wpa2,2019-02-17T17:00:00.000Z,2026-01-04T06:00:00.000Z,,województwo śląskie,PL,1,43-211
E0:4F:43:1E:74:D8,SmartGate_534736,50.87059402,9.70411587,E0:4F:43,6,wpa2,2025-09-22T14:00:00.000Z,2026-07-24T09:00:00.000Z,,Hessen,DE,Am Frauenberg,36251
E0:4F:43:1E:74:D9,SmartGate_534361,50.4673233,8.55537319,E0:4F:43,6,wpa2,2018-01-01T12:00:00.000Z,2025-08-17T10:00:00.000Z,,Hessen,DE,K 363,35428
E0:4F:43:1E:74:DD,SmartGate_529609,60.22326279,24.9202919,E0:4F:43,6,wpa2,2022-09-17T11:00:00.000Z,2025-10-24T08:00:00.000Z,Helsinki,Manner-Suomi,FI,Keskuspuistontaival,00630
E0:4F:43:1E:74:DE,SmartGate_132975,51.09342957,14.30515289,E0:4F:43,6,wpa2,2019-04-15T17:00:00.000Z,2025-11-14T08:00:00.000Z,,Sachsen,DE,Walter-Pfützner-Straße,01904
E0:4F:43:1E:74:E8,SmartGate_132818,54.42230606,9.61348438,E0:4F:43,6,wpa2,2025-04-06T15:00:00.000Z,2026-03-30T02:00:00.000Z,Brekendorf,Schleswig-Holstein,DE,Brekendorfer Moor,24811
E0:4F:43:1E:74:EF,SmartGate_131525,50.80080414,12.89077091,E0:4F:43,6,wpa2,2025-09-23T12:00:00.000Z,2025-09-23T10:00:00.000Z,Chemnitz,Sachsen,DE,Paul-Bertz-Straße,09120
E0:4F:43:1E:74:FA,SmartGate_132719,49.84036636,15.98926926,E0:4F:43,6,wpa2,2026-05-03T16:00:00.000Z,2026-05-10T07:00:00.000Z,,Severovýchod,CZ,358,539 73
E0:4F:43:1E:74:FF,SmartGate_543524,58.22125626,12.26457787,E0:4F:43,6,wpa2,2025-07-15T11:00:00.000Z,2025-07-16T01:00:00.000Z,,Västra Götalands län,SE,Trollhättevägen,461 77
E0:4F:43:1E:75:02,SmartGate_134628,51.40726089,6.77167225,E0:4F:43,6,wpa2,2024-04-16T10:00:00.000Z,2025-04-16T04:00:00.000Z,Duisburg,Nordrhein-Westfalen,DE,A 59,47055
E0:4F:43:1E:75:04,SmartGate_529230,50.84779358,15.71823692,E0:4F:43,6,wpa2,2018-07-29T18:00:00.000Z,2026-05-09T03:00:00.000Z,Staniszów,województwo dolnośląskie,PL,Radosna,58-500
E0:4F:43:1E:75:06,SmartGate_132707,50.13796997,13.99018955,E0:4F:43,6,wpa2,2026-06-09T14:00:00.000Z,2026-06-09T08:00:00.000Z,,Střední Čechy,CZ,Náměstí,27302
E0:4F:43:1E:75:07,SmartGate_533966,48.67478943,9.36464024,E0:4F:43,6,wpa2,2018-01-06T20:00:00.000Z,2024-08-30T11:00:00.000Z,,Baden-Württemberg,DE,Wertstraße,73257
E0:4F:43:1E:75:11,SmartGate_178043,50.07215881,14.3336544,E0:4F:43,6,wpa2,2026-06-05T18:00:00.000Z,2026-07-30T12:00:00.000Z,Hlavní město Praha,Praha,CZ,Břevnovská radiála,162 06
E0:4F:43:1E:75:13,SmartGate_704808,50.58620834,8.73918438,E0:4F:43,6,wpa2,2017-10-15T14:00:00.000Z,2026-03-28T00:00:00.000Z,,Hessen,DE,Grünberger Straße,35463
E0:4F:43:1E:75:15,SmartGate_530152,52.06549454,5.32241964,E0:4F:43,6,wpa2,2022-12-31T12:00:00.000Z,2025-04-17T16:00:00.000Z,,Utrecht,NL,A12,3971GM
E0:4F:43:1E:75:16,SmartGate_530133,60.25050354,24.85385895,E0:4F:43,6,wpa2,2018-11-02T12:00:00.000Z,2025-08-10T06:00:00.000Z,Helsinki,Manner-Suomi,FI,Pihkatie,00410
E0:4F:43:1E:75:1C,SmartGate_530129,47.42326736,8.3863163,E0:4F:43,6,wpa2,2024-09-21T16:00:00.000Z,2024-09-21T10:00:00.000Z,,Aargau,CH,A1;A3,8957
E0:4F:43:1E:75:20,SmartGate_131343,48.82616043,9.10159492,E0:4F:43,6,wpa2,2017-03-23T20:00:00.000Z,2026-02-17T05:00:00.000Z,Stuttgart,Baden-Württemberg,DE,Kranstraße,70499
E0:4F:43:1E:75:35,SmartGate_136508,50.10675812,14.43217945,E0:4F:43,6,wpa2,2020-12-04T15:00:00.000Z,2024-12-14T10:00:00.000Z,Hlavní město Praha,Praha,CZ,Za Elektrárnou,17000
E0:4F:43:1E:75:36,SmartGate_530260,50.45492935,15.22828484,E0:4F:43,6,wpa2,2019-11-15T16:00:00.000Z,2024-10-28T10:00:00.000Z,,Severovýchod,CZ,16,50745
E0:4F:43:1E:75:3A,SmartGate_529339,60.2908783,24.97207451,E0:4F:43,6,wpa2,2017-10-21T12:00:00.000Z,2025-04-19T13:00:00.000Z,,Manner-Suomi,FI,Kehä III,01510
E0:4F:43:1E:75:3E,SmartGate_177629,60.28662491,24.89134216,E0:4F:43,6,wpa2,2019-01-09T22:00:00.000Z,2026-06-12T08:00:00.000Z,,Manner-Suomi,FI,Ylästöntie,01740
E0:4F:43:1E:75:43,SmartGate_046747,47.84783936,11.52173138,E0:4F:43,6,wpa2,2025-02-01T10:00:00.000Z,2025-02-01T09:00:00.000Z,,Bayern,DE,Einöd,83623
E0:4F:43:1E:75:44,SmartGate_131036,61.05366516,28.203228,E0:4F:43,6,wpa2,2022-09-19T07:00:00.000Z,2026-06-12T05:00:00.000Z,Lappeenranta,Manner-Suomi,FI,Tellervonkatu,53100
E0:4F:43:1E:75:47,SmartGate_530194,49.33042145,17.5831871,E0:4F:43,6,wpa2,2020-10-20T08:00:00.000Z,2024-08-13T07:00:00.000Z,,Střední Morava,CZ,Masarykova,76901
E0:4F:43:1E:75:4A,SmartGate_133673,50.11766815,14.49836636,E0:4F:43,6,wpa2,2017-03-31T08:00:00.000Z,2025-08-16T02:00:00.000Z,Hlavní město Praha,Praha,CZ,Prosecká,19000
E0:4F:43:1E:75:4B,SmartGate_177631,60.29282379,24.8705864,E0:4F:43,6,wpa2,2017-06-21T08:00:00.000Z,2024-10-23T05:00:00.000Z,,Manner-Suomi,FI,Merimiehenkuja,01670
E0:4F:43:1E:75:51,SmartGate_137452,51.70394516,8.70508957,E0:4F:43,6,wpa2,2017-11-25T19:00:00.000Z,2025-09-19T11:00:00.000Z,Paderborn,Nordrhein-Westfalen,DE,A 33,33106
E0:4F:43:1E:75:54,SmartGate_542586,59.46860886,18.32618904,E0:4F:43,6,wpa2,2024-11-02T11:00:00.000Z,2024-11-02T05:00:00.000Z,,Stockholms län,SE,Margretelundsvägen,18460
E0:4F:43:1E:75:57,SmartGate_533504,51.05916977,13.48455429,E0:4F:43,6,wpa2,2024-07-30T17:00:00.000Z,2025-11-09T13:00:00.000Z,,Sachsen,DE,A 4,01723
E0:4F:43:1E:75:58,SmartGate_131175,53.19709778,6.52189016,E0:4F:43,6,wpa2,2018-04-02T16:00:00.000Z,2026-06-11T10:00:00.000Z,Groningen,Groningen,NL,Weg der Verenigde Naties,9727DL
E0:4F:43:1E:75:59,SmartGate_542282,48.30802155,18.10945702,E0:4F:43,6,wpa2,2025-12-15T10:00:00.000Z,2025-12-16T01:00:00.000Z,Nitra,Nitriansky kraj,SK,Fatranská,949 01
E0:4F:43:1E:75:5E,SmartGate_028429,61.05081177,28.21696663,E0:4F:43,6,wpa2,2025-09-27T13:00:00.000Z,2025-11-22T07:00:00.000Z,Lappeenranta,Manner-Suomi,FI,Kimonkatu,53500
E0:4F:43:1E:75:5F,SmartGate_131351,52.24547577,9.92607975,E0:4F:43,6,wpa2,2024-08-12T11:00:00.000Z,2024-11-22T14:00:00.000Z,,Niedersachsen,DE,A 7,31157
E0:4F:43:1E:75:67,SmartGate_529920,49.98947906,14.56451416,E0:4F:43,6,wpa2,2017-07-12T19:00:00.000Z,2024-10-02T09:00:00.000Z,,Střední Čechy,CZ,0032,25243
E0:4F:43:1E:75:68,SmartGate_162310,52.02745438,8.91437435,E0:4F:43,6,wpa2,2024-03-30T13:00:00.000Z,2026-05-22T12:00:00.000Z,,Nordrhein-Westfalen,DE,An der Ostschule,32657
E0:4F:43:1E:75:69,SmartGate_541218,50.05094147,8.56277847,E0:4F:43,6,wpa2,2024-02-25T16:00:00.000Z,2026-03-21T08:00:00.000Z,Frankfurt am Main,Hessen,DE,A 3,60549
E0:4F:43:1E:75:71,SmartGate_028540,50.08139038,14.51771259,E0:4F:43,6,wpa2,2017-03-30T13:00:00.000Z,2026-06-27T05:00:00.000Z,Hlavní město Praha,Praha,CZ,Sazečská,108 00
E0:4F:43:1E:75:76,SmartGate_134328,62.22213364,25.7356739,E0:4F:43,6,wpa2,2018-12-30T14:00:00.000Z,2025-08-16T10:00:00.000Z,Jyväskylä,Manner-Suomi,FI,Ristonmäenrinne,40600
E0:4F:43:1E:75:7C,SmartGate_169227,51.57012558,7.05770922,E0:4F:43,6,wpa2,2017-12-15T12:00:00.000Z,2024-08-30T03:00:00.000Z,Gelsenkirchen,Nordrhein-Westfalen,DE,Am Markenwald,45894
E0:4F:43:1E:75:7F,SmartGate_529484,60.99278259,24.46118355,E0:4F:43,6,wpa2,2017-05-19T17:00:00.000Z,2025-11-28T11:00:00.000Z,Hämeenlinna,Manner-Suomi,FI,Hämeensaarentie,13100
E0:4F:43:1E:75:85,SmartGate_132761,52.58105087,9.76782227,E0:4F:43,6,wpa2,2024-03-13T16:00:00.000Z,2026-03-26T01:00:00.000Z,,Niedersachsen,DE,A 7,30900
E0:4F:43:1E:75:86,SmartGate_134209,60.2244606,24.89956284,E0:4F:43,6,wpa2,2017-06-20T13:00:00.000Z,2025-06-27T08:00:00.000Z,Helsinki,Manner-Suomi,FI,Eliel Saarisen tie,00400
E0:4F:43:1E:75:87,SmartGate_028715,51.12420654,6.97800064,E0:4F:43,6,wpa2,2018-05-31T10:00:00.000Z,2025-01-16T08:00:00.000Z,Langenfeld (Rheinland),Nordrhein-Westfalen,DE,A 3,40764
E0:4F:43:1E:75:8F,SmartGate_169265,60.22151566,24.92271996,E0:4F:43,6,wpa2,2017-09-08T16:00:00.000Z,2025-06-05T06:00:00.000Z,Helsinki,Manner-Suomi,FI,Metsäläntie,00230
E0:4F:43:1E:75:90,SMARTGATE_123456,50.84622955,12.89259911,E0:4F:43,6,wpa2,2024-09-16T17:00:00.000Z,2026-07-11T01:00:00.000Z,Chemnitz,Sachsen,DE,Krummer Weg,09113
E0:4F:43:1E:75:92,SmartGate_530105,50.09957504,14.56261349,E0:4F:43,6,wpa2,2017-06-05T18:00:00.000Z,2025-06-17T08:00:00.000Z,Hlavní město Praha,Praha,CZ,Bergmanova,19800
E0:4F:43:1E:75:A1,SmartGate_542444,60.27911377,25.04553413,E0:4F:43,6,wpa2,2017-09-27T16:00:00.000Z,2026-05-02T09:00:00.000Z,Vantaa,Manner-Suomi,FI,Hevonojantie,00760
E0:4F:43:1E:75:A5,SmartGate_708476,51.40787506,6.77558708,E0:4F:43,6,wpa2,2024-08-22T13:00:00.000Z,2025-11-13T07:00:00.000Z,Duisburg,Nordrhein-Westfalen,DE,Kalkweg,47055
E0:4F:43:1E:75:AA,SmartGate_533586,51.32911682,12.35720158,E0:4F:43,6,wpa2,2024-01-02T15:00:00.000Z,2026-07-25T06:00:00.000Z,Leipzig,Sachsen,DE,Scheibenholzweg,04107
E0:4F:43:1E:75:C7,SmartGate_543752,52.43060303,-1.76717877,E0:4F:43,6,wpa2,2017-05-12T09:00:00.000Z,2025-12-18T11:00:00.000Z,,England,GB,Stockwell Rise,B92 9LX
E0:4F:43:1E:75:CD,SMARTGATE_123456,46.88267899,17.43958282,E0:4F:43,6,wpa2,2020-10-28T16:00:00.000Z,2026-06-20T06:00:00.000Z,,Közép-Dunántúl,HU,Deák Ferenc utca,8300
E0:4F:43:1E:75:CE,SmartGate_534382,51.05200195,6.96030712,E0:4F:43,6,wpa2,2022-01-18T08:00:00.000Z,2026-06-01T23:00:00.000Z,,Nordrhein-Westfalen,DE,Deichtorstraße,51371
E0:4F:43:1E:75:D4,SmartGate_167962,47.12788773,8.47202778,E0:4F:43,6,wpa2,2018-02-12T17:00:00.000Z,2024-09-20T11:00:00.000Z,Risch-Rotkreuz,Zug,CH,,6343
E0:4F:43:1E:75:DD,SmartGate_132817,50.04613495,14.2621479,E0:4F:43,6,wpa2,2019-02-20T17:00:00.000Z,2026-05-31T13:00:00.000Z,,Střední Čechy,CZ,Ke Kapitule,25219
E0:4F:43:1E:75:E2,SmartGate_178265,61.59441376,25.70516586,E0:4F:43,6,wpa2,2017-03-28T16:00:00.000Z,2025-03-05T22:00:00.000Z,,Manner-Suomi,FI,Liikolantie,
E0:4F:43:1E:75:EB,SmartGate_132749,49.77435303,10.38180447,E0:4F:43,6,wpa2,2019-06-20T23:00:00.000Z,2026-02-07T05:00:00.000Z,,Bayern,DE,A 3,97355
E0:4F:43:1E:75:EC,SmartGate_136461,49.87649536,16.88606644,E0:4F:43,6,wpa2,2017-12-31T13:00:00.000Z,2025-03-28T02:00:00.000Z,,Střední Morava,CZ,,78901
E0:4F:43:1E:75:ED,SmartGate_542057,49.82586288,11.00863075,E0:4F:43,6,wpa2,2019-08-12T12:00:00.000Z,2026-08-03T05:00:00.000Z,,Bayern,DE,Frankenschnellweg,96114
E0:4F:43:1E:75:EE,SmartGate_708638,50.80361557,12.80467129,E0:4F:43,6,wpa2,2018-06-03T17:00:00.000Z,2025-11-15T08:00:00.000Z,Chemnitz,Sachsen,DE,Mittelbacher Dorfstraße,09224
E0:4F:43:1E:75:F1,SmartGate_130993,50.74230576,12.49986172,E0:4F:43,6,wpa2,2018-07-10T09:00:00.000Z,2026-06-09T19:00:00.000Z,,Sachsen,DE,B 93;B 175,08058
E0:4F:43:1E:75:F2,SmartGate_132571,51.35681534,7.24314976,E0:4F:43,6,wpa2,2022-04-28T10:00:00.000Z,2026-05-04T02:00:00.000Z,,Nordrhein-Westfalen,DE,Wuppertaler Straße,45549
E0:4F:43:1E:75:F9,SMARTGATE_123456,51.5104866,7.39981556,E0:4F:43,6,wpa2,2017-10-10T16:00:00.000Z,2026-03-22T03:00:00.000Z,Dortmund,Nordrhein-Westfalen,DE,Heyden-Rynsch-Straße,44379
E0:4F:43:1E:76:01,SmartGate_134331,52.72386932,13.60481262,E0:4F:43,6,wpa2,2019-05-20T12:00:00.000Z,2026-05-14T20:00:00.000Z,,Brandenburg,DE,An der einsamen Kiefer,16321
E0:4F:43:1E:76:02,SmartGate_164503,49.24647141,8.60032845,E0:4F:43,6,wpa2,2023-12-23T16:00:00.000Z,2025-09-12T19:00:00.000Z,,Baden-Württemberg,DE,A 5,76709
E0:4F:43:1E:76:05,SmartGate_543547,51.39063263,-0.38143915,E0:4F:43,6,wpa2,2018-05-06T09:00:00.000Z,2026-03-26T16:00:00.000Z,,England,GB,Molesey Road,KT8
E0:4F:43:1E:76:06,SmartGate_134520,52.20975113,10.4839201,E0:4F:43,6,wpa2,2018-02-27T06:00:00.000Z,2025-07-07T09:00:00.000Z,Braunschweig,Niedersachsen,DE,A 39,38122
E0:4F:43:1E:76:0C,SmartGate_133453,50.0851059,14.29495239,E0:4F:43,6,wpa2,2017-04-28T17:00:00.000Z,2025-12-24T11:00:00.000Z,Hlavní město Praha,Praha,CZ,Pražský okruh,161 00
E0:4F:43:1E:76:0E,SmartGate_536024,52.35400772,10.19245434,E0:4F:43,6,wpa2,2026-08-08T23:00:00.000Z,2026-08-08T23:00:00.000Z,,Niedersachsen,DE,A 2,31228
E0:4F:43:1E:76:10,SMARTGATE_123456,47.8906517,11.73274612,E0:4F:43,6,wpa2,2024-12-18T12:00:00.000Z,2024-12-18T13:00:00.000Z,,Bayern,DE,A 8,83626
E0:4F:43:1E:76:11,SmartGate_541757,51.47512817,11.977005,E0:4F:43,6,wpa2,2025-12-28T09:00:00.000Z,2026-01-13T02:00:00.000Z,Halle,Sachsen-Anhalt,DE,Südstraße,06110
E0:4F:43:1E:76:14,SmartGate_134421,60.23141479,24.90404129,E0:4F:43,6,wpa2,2018-12-10T09:00:00.000Z,2026-06-13T16:00:00.000Z,Helsinki,Manner-Suomi,FI,Kaarelankuja,00400
E0:4F:43:1E:76:18,SmartGate_162925,50.21431351,8.66215134,E0:4F:43,6,wpa2,2018-11-09T11:00:00.000Z,2025-12-10T05:00:00.000Z,Bad Homburg vor der Höhe,Hessen,DE,A 5,61352
E0:4F:43:1E:76:1B,SmartGate_132721,50.37836838,11.72040653,E0:4F:43,6,wpa2,2018-04-03T10:00:00.000Z,2026-02-24T00:00:00.000Z,,Bayern,DE,Kemlasstraße,95188
E0:4F:43:1E:76:1F,SmartGate_708013,53.08430099,8.9445467,E0:4F:43,6,wpa2,2019-05-04T17:00:00.000Z,2025-09-23T01:00:00.000Z,Bremen,Bremen,DE,Am Hollerfleet,28355
E0:4F:43:1E:76:20,SmartGate_529285,62.24435425,25.75091743,E0:4F:43,6,wpa2,2017-11-22T16:00:00.000Z,2025-11-15T14:00:00.000Z,Jyväskylä,Manner-Suomi,FI,Aren aukio,40100
E0:4F:43:1E:76:27,SmartGate_706025,49.00340271,8.42259407,E0:4F:43,6,wpa2,2026-06-12T19:00:00.000Z,2026-06-14T19:00:00.000Z,Karlsruhe,Baden-Württemberg,DE,Ludwig-Erhard-Allee,76131
E0:4F:43:1E:76:2A,SmartGate_534415,51.33733368,6.61123991,E0:4F:43,6,wpa2,2018-11-29T16:00:00.000Z,2025-03-31T20:00:00.000Z,Krefeld,Nordrhein-Westfalen,DE,Glockenspitz,47809
E0:4F:43:1E:76:2C,SmartGate_542102,53.54887772,10.01516438,E0:4F:43,6,wpa2,2017-06-14T18:00:00.000Z,2025-10-30T05:00:00.000Z,Hamburg,Hamburg-Mitte,DE,Spaldingstraße,20097
E0:4F:43:1E:76:2E,SmartGate_133500,52.40487289,9.80342102,E0:4F:43,7,wpa2,2018-03-06T07:00:00.000Z,2025-03-31T12:00:00.000Z,Hannover,Niedersachsen,DE,Meersmannufer,30655
E0:4F:43:1E:76:32,SmartGate_534936,52.4348259,9.72843933,E0:4F:43,6,wpa2,2020-09-24T16:00:00.000Z,2025-10-23T21:00:00.000Z,,Niedersachsen,DE,Am Zollkrug,30851
E0:4F:43:1E:76:34,SmartGate_163076,49.20108032,16.59971809,E0:4F:43,6,wpa2,2019-10-25T18:00:00.000Z,2025-06-21T15:00:00.000Z,Brno,Jihovýchod,CZ,Veveří,60200
E0:4F:43:1E:76:35,SMARTGATE_123456,61.46243668,23.82816696,E0:4F:43,6,wpa2,2019-02-19T17:00:00.000Z,2025-06-20T02:00:00.000Z,Tampere,Manner-Suomi,FI,Kelohongankatu,33820
E0:4F:43:1E:76:37,SmartGate_132992,51.3129425,9.50994968,E0:4F:43,6,wpa2,2026-04-01T16:00:00.000Z,2026-04-01T14:00:00.000Z,Kassel,Hessen,DE,Leipziger Straße,34125
E0:4F:43:1E:76:3A,SmartGate_161913,48.42848969,9.46748638,E0:4F:43,6,wpa2,2024-10-13T09:00:00.000Z,2024-10-13T06:00:00.000Z,,Baden-Württemberg,DE,B 465,72525
E0:4F:43:1E:76:3D,SmartGate_132799,50.25354004,14.76487541,E0:4F:43,6,wpa2,2024-10-28T09:00:00.000Z,2024-10-28T10:00:00.000Z,,Střední Čechy,CZ,D10,29474
E0:4F:43:1E:76:40,SmartGate_163243,48.51044083,11.58472157,E0:4F:43,6,wpa2,2025-03-24T14:00:00.000Z,2025-03-24T16:00:00.000Z,,Bayern,DE,A 9,85301
E0:4F:43:1E:76:41,SmartGate_533969,50.92037582,13.34900475,E0:4F:43,6,wpa2,2024-07-12T18:00:00.000Z,2026-01-21T02:00:00.000Z,,Sachsen,DE,Meißner Ring,09599
E0:4F:43:1E:76:44,SmartGate_534709,49.20994568,16.57143974,E0:4F:43,6,wpa2,2024-08-20T18:00:00.000Z,2024-12-26T05:00:00.000Z,Brno,Jihovýchod,CZ,Žabovřeská,616 00
E0:4F:43:1E:76:46,SmartGate_165265,49.99153137,8.6376667,E0:4F:43,6,wpa2,2025-09-18T10:00:00.000Z,2025-09-18T05:00:00.000Z,,Hessen,DE,B 486,63225
E0:4F:43:1E:76:47,SmartGate_133582,51.24608612,6.77907658,E0:4F:43,6,wpa2,2023-06-29T11:00:00.000Z,2024-10-25T08:00:00.000Z,Düsseldorf,Nordrhein-Westfalen,DE,Roßstraße,40476
E0:4F:43:1E:76:4B,SMARTGATE_123456,52.53083801,13.32847023,E0:4F:43,6,wpa2,2017-07-21T11:00:00.000Z,2024-11-09T11:00:00.000Z,Berlin,Moabit,DE,Beusselstraße,10553
E0:4F:43:1E:76:4F,SMARTGATE_123456,54.45413971,9.84998703,E0:4F:43,6,wpa2,2025-02-09T16:00:00.000Z,2025-02-09T10:00:00.000Z,,Schleswig-Holstein,DE,Berliner Straße,24340
E0:4F:43:1E:76:50,SmartGate_704846,49.55659485,6.25086117,E0:4F:43,6,wpa2,2021-02-18T15:00:00.000Z,2026-03-16T10:00:00.000Z,,Canton Remich,LU,CR 153,5681
E0:4F:43:1E:76:51,SmartGate_166858,50.55462265,8.55037403,E0:4F:43,6,wpa2,2017-05-12T17:00:00.000Z,2024-08-15T05:00:00.000Z,,Hessen,DE,L 3451,35578
E0:4F:43:1E:76:52,SmartGate_541322,51.61352921,7.64863634,E0:4F:43,6,wpa2,2017-11-29T17:00:00.000Z,2026-04-21T06:00:00.000Z,,Nordrhein-Westfalen,DE,Kuhbach-Weg,59192
E0:4F:43:1E:76:53,SmartGate_133828,49.08962631,16.61197472,E0:4F:43,6,wpa2,2022-11-02T09:00:00.000Z,2025-09-06T09:00:00.000Z,,Jihovýchod,CZ,Na Aleji,66461
E0:4F:43:1E:76:58,SmartGate_162321,50.98616409,6.97450972,E0:4F:43,6,wpa2,2017-12-04T16:00:00.000Z,2026-08-06T13:00:00.000Z,Köln,Nordrhein-Westfalen,DE,Am Molenkopf,50735
E0:4F:43:1E:76:59,SmartGate_541037,50.08708572,15.24006557,E0:4F:43,6,wpa2,2020-11-21T11:00:00.000Z,2025-03-23T04:00:00.000Z,,Střední Čechy,CZ,,289 06
E0:4F:43:1E:76:5A,SmartGate_164929,51.49621201,7.05016232,E0:4F:43,6,wpa2,2018-01-19T16:00:00.000Z,2026-02-09T17:00:00.000Z,Essen,Nordrhein-Westfalen,DE,Ottenkampshof,45327
E0:4F:43:1E:76:5D,SmartGate_541083,48.76675415,11.45996189,E0:4F:43,6,wpa2,2018-08-24T15:00:00.000Z,2026-03-26T01:00:00.000Z,Ingolstadt,Bayern,DE,A 9,85055
E0:4F:43:1E:76:6B,SmartGate_541723,52.38152313,8.80399323,E0:4F:43,6,wpa2,2018-05-02T11:00:00.000Z,2026-04-26T11:00:00.000Z,,Nordrhein-Westfalen,DE,Am Mindener Wald,32479
E0:4F:43:1E:76:6C,SmartGate_163281,51.75983429,8.56393623,E0:4F:43,6,wpa2,2019-02-13T16:00:00.000Z,2025-11-02T12:00:00.000Z,,Nordrhein-Westfalen,DE,Paderborner Straße,33129
E0:4F:43:1E:76:73,SmartGate_710918,52.13167953,5.38115168,E0:4F:43,6,wpa2,2022-04-06T17:00:00.000Z,2026-06-14T04:00:00.000Z,Amersfoort,Utrecht,NL,Rijksweg A28,3832RD
E0:4F:43:1E:76:75,SmartGate_707828,49.17921066,8.70168209,E0:4F:43,6,wpa2,2020-09-29T13:00:00.000Z,2026-03-21T05:00:00.000Z,,Baden-Württemberg,DE,Waldmühle,76698
E0:4F:43:1E:76:77,SmartGate_185269,51.01804352,7.02436686,E0:4F:43,6,wpa2,2017-09-14T16:00:00.000Z,2024-11-26T00:00:00.000Z,,Nordrhein-Westfalen,DE,Knochenbergsweg,51377
E0:4F:43:1E:76:78,SmartGate_165100,49.25682449,12.12586784,E0:4F:43,6,wpa2,2018-08-03T16:00:00.000Z,2026-07-21T04:00:00.000Z,Teublitz,Bayern,DE,A 93,93158
E0:4F:43:1E:76:7A,SMARTGATE_123456,50.92731476,7.08573055,E0:4F:43,6,wpa2,2018-07-02T15:00:00.000Z,2024-10-03T02:00:00.000Z,Köln,Nordrhein-Westfalen,DE,Lützerathstraße,51107
E0:4F:43:1E:76:85,SmartGate_131613,61.45052338,23.78268433,E0:4F:43,6,wpa2,2017-03-20T21:00:00.000Z,2026-06-04T07:00:00.000Z,Tampere,Manner-Suomi,FI,Arvionkatu,33840
E0:4F:43:1E:76:88,SmartGate_550661,61.06034088,28.19738579,E0:4F:43,6,wpa2,2023-07-15T16:00:00.000Z,2026-07-09T07:00:00.000Z,Lappeenranta,Manner-Suomi,FI,Koulukatu,53100
E0:4F:43:1E:76:97,SMARTGATE_123456,51.00755692,-0.93752098,E0:4F:43,6,wpa2,2026-02-27T13:00:00.000Z,2026-05-07T05:00:00.000Z,East Hampshire,England,GB,Osborne Road,GU32 3EJ
E0:4F:43:1E:76:98,SmartGate_534085,50.82445145,12.89905739,E0:4F:43,6,wpa2,2020-07-23T11:00:00.000Z,2025-09-29T13:00:00.000Z,Chemnitz,Sachsen,DE,Zwickauer Straße,09112
E0:4F:43:1E:76:9C,SmartGate_164801,51.03523636,13.79798412,E0:4F:43,6,wpa2,2020-08-08T12:00:00.000Z,2026-02-20T21:00:00.000Z,Dresden,Sachsen,DE,Lauensteiner Straße,01277
E0:4F:43:1E:76:9F,SmartGate_530470,50.09127808,14.38076115,E0:4F:43,6,wpa2,2023-06-10T09:00:00.000Z,2024-10-03T03:00:00.000Z,Hlavní město Praha,Praha,CZ,Na Hubálce,16201
E0:4F:43:1E:76:A2,SmartGate_707963,48.79985046,12.90296173,E0:4F:43,6,wpa2,2021-08-30T15:00:00.000Z,2025-04-26T09:00:00.000Z,,Bayern,DE,St 2124,94447
E0:4F:43:1E:76:A9,SmartGate_534701,50.98102951,6.8553443,E0:4F:43,6,wpa2,2018-02-09T12:00:00.000Z,2025-10-09T06:00:00.000Z,Köln,Nordrhein-Westfalen,DE,Stöckheimer Weg,50829
E0:4F:43:1E:76:AB,SMARTGATE_123456,50.07802582,14.34537315,E0:4F:43,6,wpa2,2017-08-09T13:00:00.000Z,2025-12-22T04:00:00.000Z,Hlavní město Praha,Praha,CZ,Kukulova,162 06
E0:4F:43:1E:76:AE,SmartGate_529262,60.21879959,24.81238174,E0:4F:43,6,wpa2,2020-06-25T10:00:00.000Z,2026-01-15T04:00:00.000Z,Espoo,Manner-Suomi,FI,Leppävaarankatu,02600
E0:4F:43:1E:76:B7,SmartGate_541787,50.08683395,14.38389587,E0:4F:43,6,wpa2,2019-01-15T12:00:00.000Z,2026-08-05T16:00:00.000Z,Hlavní město Praha,Praha,CZ,Za Pohořelcem,16900
E0:4F:43:1E:76:B8,SmartGate_708593,54.71799088,9.46885967,E0:4F:43,6,wpa2,2018-09-29T08:00:00.000Z,2026-03-30T02:00:00.000Z,Oeversee,Schleswig-Holstein,DE,,24988
E0:4F:43:1E:76:BD,SmartGate_136417,50.82287979,12.89868927,E0:4F:43,6,wpa2,2024-09-08T11:00:00.000Z,2024-10-21T11:00:00.000Z,Chemnitz,Sachsen,DE,Kappler Drehe,09119
E0:4F:43:1E:76:BF,SmartGate_179275,60.20425034,24.91931534,E0:4F:43,6,wpa2,2017-08-16T08:00:00.000Z,2026-02-03T01:00:00.000Z,Helsinki,Manner-Suomi,FI,Uutiskatu,00240
E0:4F:43:1E:76:C3,SmartGate_177499,61.71941376,24.64947128,E0:4F:43,6,wpa2,2021-10-15T19:00:00.000Z,2025-11-15T14:00:00.000Z,Orivesi,Manner-Suomi,FI,Jyväskyläntie,
E0:4F:43:1E:76:C6,SmartGate_163326,51.25474548,6.35309124,E0:4F:43,6,wpa2,2020-02-14T09:00:00.000Z,2025-04-25T05:00:00.000Z,,Nordrhein-Westfalen,DE,Viersener Straße,41751
E0:4F:43:1E:76:CA,SmartGate_142385,61.49559402,23.88443375,E0:4F:43,6,wpa2,2020-08-07T16:00:00.000Z,2026-07-31T03:00:00.000Z,Tampere,Manner-Suomi,FI,Aitolahdentie,33580
E0:4F:43:1E:76:CB,SmartGate_533933,50.40548325,13.29719925,E0:4F:43,6,wpa2,2021-10-29T15:00:00.000Z,2025-06-27T03:00:00.000Z,,Severozápad,CZ,,
E0:4F:43:1E:76:CF,SmartGate_164983,51.10132217,12.49991894,E0:4F:43,6,wpa2,2001-01-01T01:00:00.000Z,2025-11-30T12:00:00.000Z,,Sachsen,DE,Platekaer Straße,04552
E0:4F:43:1E:76:D0,SmartGate_142171,50.04720688,14.34238434,E0:4F:43,6,wpa2,2017-05-25T17:00:00.000Z,2026-01-08T04:00:00.000Z,Hlavní město Praha,Praha,CZ,Suchý vršek,158 00
E0:4F:43:1E:76:D6,SmartGate_177545,47.17578506,9.39528656,E0:4F:43,6,wpa2,2020-08-29T15:00:00.000Z,2025-10-15T11:00:00.000Z,,Sankt Gallen,CH,,9472
E0:4F:43:1E:76:D7,SMARTGATE_123456,52.27172852,10.95142651,E0:4F:43,6,wpa2,2025-01-19T12:00:00.000Z,2025-01-21T07:00:00.000Z,,Niedersachsen,DE,A 2,38350
E0:4F:43:1E:76:D8,SmartGate_534241,49.95180893,11.58542061,E0:4F:43,6,wpa2,2026-07-25T07:00:00.000Z,2026-07-25T04:00:00.000Z,,Bayern,DE,Markgrafenallee,95448
E0:4F:43:1E:76:E2,SmartGate_161793,49.86476898,11.84689045,E0:4F:43,6,wpa2,2023-12-01T14:00:00.000Z,2025-09-05T12:00:00.000Z,,Bayern,DE,,95478
E0:4F:43:1E:76:E4,SmartGate_028911,50.08529282,14.47771454,E0:4F:43,6,wpa2,2018-08-11T19:00:00.000Z,2026-06-27T07:00:00.000Z,Hlavní město Praha,Praha,CZ,Jana Želivského,13000
E0:4F:43:1E:76:E7,SmartGate_142358,51.42594528,7.47280979,E0:4F:43,6,wpa2,2017-04-20T09:00:00.000Z,2025-10-25T15:00:00.000Z,Dortmund,Nordrhein-Westfalen,DE,Hohensyburgstraße,44265
E0:4F:43:1E:76:ED,SmartGate_134958,48.18390656,11.60870838,E0:4F:43,6,wpa2,2020-02-13T08:00:00.000Z,2025-03-26T09:00:00.000Z,München,Bayern,DE,Ungererstraße,80805
E0:4F:43:1E:76:EE,SmartGate_178842,60.22526932,24.73489761,E0:4F:43,6,wpa2,2018-04-23T16:00:00.000Z,2026-01-17T03:00:00.000Z,Espoo,Manner-Suomi,FI,Kuusiniementie,02710
E0:4F:43:1E:76:EF,SMARTGATE_123456,50.13378525,8.65247631,E0:4F:43,6,wpa2,2018-02-13T08:00:00.000Z,2026-05-30T02:00:00.000Z,Frankfurt am Main,Hessen,DE,Ginnheimer Stadtweg,60431
E0:4F:43:1E:76:F4,SmartGate_177826,47.56497192,7.60742235,E0:4F:43,6,wpa2,2022-11-19T16:00:00.000Z,2025-10-12T10:00:00.000Z,Basel,Basel-Stadt,CH,Riehenstrasse,4058
E0:4F:43:1E:76:F9,SMARTGATE_123456,53.53409576,10.04024601,E0:4F:43,6,wpa2,2017-12-29T11:00:00.000Z,2025-02-25T10:00:00.000Z,Hamburg,Hamburg-Mitte,DE,Vierländer Damm,20539
E0:4F:43:1E:77:10,SmartGate_534595,51.18909454,12.95548439,E0:4F:43,6,wpa2,2017-04-10T07:00:00.000Z,2026-07-24T14:00:00.000Z,,Sachsen,DE,,04703
E0:4F:43:1E:77:16,SmartGate_163396,50.98963928,13.66490269,E0:4F:43,6,wpa2,2018-06-28T13:00:00.000Z,2024-08-29T21:00:00.000Z,,Sachsen,DE,Poisentalstraße,01705
E0:4F:43:1E:77:1E,SmartGate_135401,49.79965973,8.05998611,E0:4F:43,6,wpa2,2023-09-14T13:00:00.000Z,2025-02-09T11:00:00.000Z,Armsheim,Rheinland-Pfalz,DE,A 61,55237
E0:4F:43:1E:77:23,SmartGate_534654,45.07439804,24.39654732,E0:4F:43,6,wpa2,2017-12-27T10:00:00.000Z,2025-12-29T22:00:00.000Z,,Vâlcea,RO,DN7,247059
E0:4F:43:1E:77:26,SmartGate_534173,51.04988098,13.55464935,E0:4F:43,6,wpa2,2017-08-06T14:00:00.000Z,2025-05-10T07:00:00.000Z,,Sachsen,DE,Koppelweg,01723
E0:4F:43:1E:77:27,SmartGate_708523,50.87456512,11.63238144,E0:4F:43,6,wpa2,2024-02-27T16:00:00.000Z,2026-07-18T18:00:00.000Z,,Thüringen,DE,Stadtrodaer Landstraße,07751
E0:4F:43:1E:77:28,SMARTGATE_123456,52.5591774,9.1206255,E0:4F:43,6,wpa2,2025-05-27T18:00:00.000Z,2025-05-27T12:00:00.000Z,,Niedersachsen,DE,Lange Straße,31628
E0:4F:43:1E:77:30,SmartGate_136842,47.46173477,8.61895275,E0:4F:43,6,wpa2,2025-01-14T14:00:00.000Z,2025-01-14T07:00:00.000Z,,Zürich,CH,Birchwilerstrasse,8309
E0:4F:43:1E:77:37,SmartGate_534420,52.24621582,21.03719521,E0:4F:43,6,wpa2,2018-04-03T10:00:00.000Z,2025-12-01T02:00:00.000Z,Warszawa,województwo mazowieckie,PL,Wybrzeże Szczecińskie,03-714
E0:4F:43:1E:77:39,SmartGate_550780,64.73966217,20.93958092,E0:4F:43,6,wpa2,2017-06-17T14:00:00.000Z,2025-05-30T07:00:00.000Z,,Västerbottens län,SE,Lantmannagatan,93133
E0:4F:43:1E:77:3C,SmartGate_135523,48.31766129,9.92803764,E0:4F:43,6,wpa2,2024-01-08T09:00:00.000Z,2025-04-20T11:00:00.000Z,Ulm,Baden-Württemberg,DE,B 30,89079
E0:4F:43:1E:77:3E,SMARTGATE_123456,60.20398331,24.97068977,E0:4F:43,6,wpa2,2018-11-01T12:00:00.000Z,2025-11-07T07:00:00.000Z,Helsinki,Manner-Suomi,FI,Toukolankatu,00560
E0:4F:43:1E:77:40,SmartGate_550916,49.91866302,10.69285297,E0:4F:43,6,wpa2,2018-03-23T10:00:00.000Z,2026-01-16T06:00:00.000Z,Oberaurach,Bayern,DE,Quellengrund,97514
E0:4F:43:1E:77:41,SmartGate_704932,48.52964401,9.33007526,E0:4F:43,6,wpa2,2021-05-06T15:00:00.000Z,2025-11-05T05:00:00.000Z,,Baden-Württemberg,DE,Daimlerstraße,72581
E0:4F:43:1E:77:42,SmartGate_168739,50.97253418,10.99052525,E0:4F:43,6,wpa2,2026-02-14T13:00:00.000Z,2026-02-15T02:00:00.000Z,Erfurt,Thüringen,DE,Binderslebener Landstraße,99092
E0:4F:43:1E:77:46,SmartGate_534664,51.14236832,14.79656124,E0:4F:43,6,wpa2,2021-08-25T20:00:00.000Z,2025-08-15T14:00:00.000Z,,Sachsen,DE,Oberer Weg,02894
E0:4F:43:1E:77:47,SmartGate_135104,51.82894135,6.83043957,E0:4F:43,6,wpa2,2025-02-26T15:00:00.000Z,2025-02-26T11:00:00.000Z,,Nordrhein-Westfalen,DE,B 67,46325
E0:4F:43:1E:77:49,SmartGate_131235,49.37724686,10.9568882,E0:4F:43,6,wpa2,2020-03-20T15:00:00.000Z,2026-03-25T16:00:00.000Z,,Bayern,DE,,91189
E0:4F:43:1E:77:4E,SmartGate_534348,51.05210114,13.63506794,E0:4F:43,6,wpa2,2021-01-05T14:00:00.000Z,2025-08-28T10:00:00.000Z,Dresden,Sachsen,DE,Zur Bachwiese,01156
E0:4F:43:1E:77:52,SMARTGATE_123456,51.54624557,5.99396515,E0:4F:43,6,wpa2,2020-02-03T07:00:00.000Z,2025-07-19T11:00:00.000Z,,Limburg,NL,Maasheseweg,5803AP
E0:4F:43:1E:77:5B,SMARTGATE_123456,60.31098938,24.87529373,E0:4F:43,6,wpa2,2018-11-16T16:00:00.000Z,2025-08-08T08:00:00.000Z,Vantaa,Manner-Suomi,FI,Ruusumäenkuja,01730
E0:4F:43:1E:77:60,SmartGate_543443,47.53714752,19.10600281,E0:4F:43,6,wpa2,2018-02-02T12:00:00.000Z,2026-07-01T13:00:00.000Z,,Budapest,HU,Kacsóh Pongrác út,1142
E0:4F:43:1E:77:6C,SmartGate_534580,60.24015808,24.92222214,E0:4F:43,6,wpa2,2020-01-11T18:00:00.000Z,2026-06-14T05:00:00.000Z,Helsinki,Manner-Suomi,FI,Kehä I,00660
E0:4F:43:1E:77:6F,SmartGate_550793,54.53335953,18.54772186,E0:4F:43,6,wpa2,2017-08-29T08:00:00.000Z,2025-09-27T12:00:00.000Z,Gdynia,województwo pomorskie,PL,Francuska,81-339
E0:4F:43:1E:77:70,SmartGate_551138,50.11162567,14.47342491,E0:4F:43,6,wpa2,2017-08-28T18:00:00.000Z,2025-10-24T07:00:00.000Z,Hlavní město Praha,Praha,CZ,Kandertova,18000
E0:4F:43:1E:77:73,SmartGate_539982,51.36596298,6.77066326,E0:4F:43,6,wpa2,2017-09-26T18:00:00.000Z,2025-11-18T22:00:00.000Z,Duisburg,Nordrhein-Westfalen,DE,Am Kiekenbusch,47269
E0:4F:43:1E:77:78,SmartGate_132674,51.93254852,4.36261892,E0:4F:43,6,wpa2,2018-05-22T08:00:00.000Z,2026-02-20T22:00:00.000Z,,Zuid-Holland,NL,Korhoenlaan,3136ST
E0:4F:43:1E:77:85,SMARTGATE_123456,60.20571136,24.76955414,E0:4F:43,6,wpa2,2018-01-25T08:00:00.000Z,2026-01-28T04:00:00.000Z,Espoo,Manner-Suomi,FI,Turunväylä,02630
E0:4F:43:1E:77:86,SmartGate_534678,52.62588501,10.08519459,E0:4F:43,6,wpa2,2026-06-29T09:00:00.000Z,2026-06-30T01:00:00.000Z,,Niedersachsen,DE,Nordwall,29221
E0:4F:43:1E:77:89,SmartGate_542153,61.40762711,23.77715874,E0:4F:43,6,wpa2,2017-09-21T08:00:00.000Z,2026-04-06T06:00:00.000Z,Lempäälä,Manner-Suomi,FI,Pirttilahdentie,33880
E0:4F:43:1E:77:8C,SMARTGATE_123456,49.02323914,8.67903233,E0:4F:43,6,wpa2,2018-01-24T16:00:00.000Z,2026-07-27T15:00:00.000Z,,Baden-Württemberg,DE,Schmalfurtweg,75015
E0:4F:43:1E:77:91,SmartGate_137763,49.13721085,8.12845325,E0:4F:43,6,wpa2,2025-10-22T14:00:00.000Z,2025-10-22T11:00:00.000Z,,Rheinland-Pfalz,DE,Hauptstraße,76865
E0:4F:43:1E:77:93,SmartGate_708049,53.57730484,10.06683445,E0:4F:43,6,wpa2,2024-06-11T11:00:00.000Z,2026-07-16T06:00:00.000Z,Hamburg,Wandsbek,DE,Wasserstieg,22041
E0:4F:43:1E:77:94,SmartGate_174614,49.10343552,16.37462616,E0:4F:43,6,wpa2,2023-01-25T09:00:00.000Z,2024-08-13T23:00:00.000Z,,Jihovýchod,CZ,Oslavanská,66491
E0:4F:43:1E:77:95,SmartGate_135359,50.5533905,9.68369579,E0:4F:43,6,wpa2,2024-03-07T16:00:00.000Z,2026-07-03T02:00:00.000Z,,Hessen,DE,Maria-Ward-Straße,36037
E0:4F:43:1E:77:98,SmartGate_137842,51.04828644,12.29068661,E0:4F:43,6,wpa2,2026-02-07T23:00:00.000Z,2026-03-21T10:00:00.000Z,,Thüringen,DE,Bismarck-Ring,04610
E0:4F:43:1E:77:9C,SmartGate_142153,53.14306641,8.19329834,E0:4F:43,6,wpa2,2018-10-25T11:00:00.000Z,2025-05-17T07:00:00.000Z,,Niedersachsen,DE,Ofener Straße,26121
E0:4F:43:1E:77:9D,SmartGate_131106,49.99182892,14.81519127,E0:4F:43,6,wpa2,2017-05-27T08:00:00.000Z,2024-08-26T03:00:00.000Z,,Střední Čechy,CZ,Na Zastávce,28166
E0:4F:43:1E:77:A3,SMARTGATE_123456,59.53115082,12.31379223,E0:4F:43,6,wpa2,2020-06-25T10:00:00.000Z,2026-07-12T12:00:00.000Z,,Värmlands län,SE,S 646,67293
E0:4F:43:1E:77:A6,SmartGate_132857,49.9404335,17.8981781,E0:4F:43,6,wpa2,2024-03-08T15:00:00.000Z,2024-12-04T18:00:00.000Z,Opava,Moravskoslezsko,CZ,náměstí Republiky,74601
E0:4F:43:1E:77:AB,SmartGate_535242,50.20838547,8.65907001,E0:4F:43,6,wpa2,2025-03-23T12:00:00.000Z,2025-03-23T06:00:00.000Z,Frankfurt am Main,Hessen,DE,L 3003,60437
E0:4F:43:1E:77:AF,SmartGate_550800,61.03848267,24.37642288,E0:4F:43,6,wpa2,2020-08-04T11:00:00.000Z,2024-08-25T04:00:00.000Z,,Manner-Suomi,FI,Helsinki-Tampere valtatie,13700
E0:4F:43:1E:77:B3,SmartGate_028493,54.63541412,9.43925953,E0:4F:43,6,wpa2,2001-01-01T01:00:00.000Z,2025-05-12T08:00:00.000Z,Sieverstedt,Schleswig-Holstein,DE,A 7,24885
E0:4F:43:1E:77:B4,SmartGate_704889,51.47812271,11.97451687,E0:4F:43,6,wpa2,2019-02-26T16:00:00.000Z,2025-11-30T12:00:00.000Z,Halle,Sachsen-Anhalt,DE,Franckeplatz,06110
E0:4F:43:1E:77:BE,SmartGate_167736,60.21118546,24.76450157,E0:4F:43,6,wpa2,2018-01-24T15:00:00.000Z,2026-05-21T02:00:00.000Z,Espoo,Manner-Suomi,FI,Nuijamäki,02630
E0:4F:43:1E:77:C0,SmartGate_028496,50.05595016,14.28787041,E0:4F:43,6,wpa2,2021-09-19T14:00:00.000Z,2026-06-17T04:00:00.000Z,Hlavní město Praha,Praha,CZ,Řevnická,15521
E0:4F:43:1E:77:C9,SmartGate_531242,44.82441711,20.39388466,E0:4F:43,6,wpa2,2019-02-26T17:00:00.000Z,2026-01-21T08:00:00.000Z,Београд,Централна Србија,RS,Булевар Арсенија Чарнојевића,11000
E0:4F:43:1E:77:CA,SmartGate_166399,52.50756454,13.4359684,E0:4F:43,6,wpa2,2018-06-01T18:00:00.000Z,2025-06-11T14:00:00.000Z,Berlin,Friedrichshain-Kreuzberg,DE,Mühlenstraße,10243
E0:4F:43:1E:77:CC,SmartGate_167321,49.9533577,16.96053123,E0:4F:43,6,wpa2,2024-09-13T08:00:00.000Z,2024-09-13T01:00:00.000Z,,Střední Morava,CZ,Zábřežská,787 01
E0:4F:43:1E:77:D2,SmartGate_167925,48.59737778,9.86360455,E0:4F:43,6,wpa2,2018-04-15T10:00:00.000Z,2026-05-09T13:00:00.000Z,,Baden-Württemberg,DE,Fleinsweg,73312
E0:4F:43:1E:77:D3,SmartGate_047423,60.24490356,24.94694901,E0:4F:43,6,wpa2,2017-04-30T16:00:00.000Z,2025-12-21T23:00:00.000Z,Helsinki,Manner-Suomi,FI,Elonkuja,00680
E0:4F:43:1E:77:D4,SmartGate_530766,48.14719772,11.47476292,E0:4F:43,6,wpa2,2018-01-01T01:00:00.000Z,2024-12-03T01:00:00.000Z,München,Bayern,DE,Angela-von-den-Driesch-Weg,81245
E0:4F:43:1E:77:DB,SmartGate_536103,51.10511017,17.02306175,E0:4F:43,6,wpa2,2017-08-16T09:00:00.000Z,2026-07-06T10:00:00.000Z,Wrocław,województwo dolnośląskie,PL,Sądowa,50-045
E0:4F:43:1E:77:DD,SmartGate_712106,51.93153381,8.53240967,E0:4F:43,6,wpa2,2025-05-09T16:00:00.000Z,2026-07-11T12:00:00.000Z,Bielefeld,Nordrhein-Westfalen,DE,A 2,33659
E0:4F:43:1E:77:E6,SmartGate_542909,50.97418594,11.03576183,E0:4F:43,6,wpa2,2024-12-10T14:00:00.000Z,2024-12-10T09:00:00.000Z,Erfurt,Thüringen,DE,Juri-Gagarin-Ring,99084
E0:4F:43:1E:77:EF,SmartGate_530283,50.07782364,14.38166428,E0:4F:43,6,wpa2,2018-08-13T17:00:00.000Z,2025-05-30T00:00:00.000Z,Hlavní město Praha,Praha,CZ,Pod Stadiony,22000
E0:4F:43:1E:77:F4,SmartGate_534406,54.28046799,10.04699039,E0:4F:43,6,wpa2,2025-04-16T13:00:00.000Z,2025-04-16T06:00:00.000Z,Mielkendorf,Schleswig-Holstein,DE,A 215,24247
E0:4F:43:1E:77:FB,SmartGate_138477,50.08581161,14.5057497,E0:4F:43,6,wpa2,2019-06-03T06:00:00.000Z,2025-04-06T07:00:00.000Z,Hlavní město Praha,Praha,CZ,Rektorská,10800
E0:4F:43:1E:77:FF,SMARTGATE_123456,54.30959702,10.1096468,E0:4F:43,6,wpa2,2022-07-19T13:00:00.000Z,2025-10-18T04:00:00.000Z,Kiel,Schleswig-Holstein,DE,Westring,24114
E0:4F:43:1E:78:01,SmartGate_134534,49.18520355,16.60725975,E0:4F:43,6,wpa2,2019-03-02T15:00:00.000Z,2025-04-22T17:00:00.000Z,Brno,Jihovýchod,CZ,Uhelná,65937
E0:4F:43:1E:78:03,SmartGate_179010,60.24144363,25.00028229,E0:4F:43,6,wpa2,2026-08-01T14:00:00.000Z,2026-08-01T07:00:00.000Z,Helsinki,Manner-Suomi,FI,Kehä I,00720
E0:4F:43:1E:78:04,SmartGate_708592,51.52263641,9.93365574,E0:4F:43,6,wpa2,2024-09-12T10:00:00.000Z,2024-09-12T06:00:00.000Z,Göttingen,Niedersachsen,DE,Lotzestraße,37083
E0:4F:43:1E:78:06,SmartGate_142157,52.5125885,13.33004761,E0:4F:43,6,wpa2,2023-03-27T14:00:00.000Z,2025-08-08T06:00:00.000Z,Berlin,Charlottenburg-Wilmersdorf,DE,Bismarckstraße,10625
E0:4F:43:1E:78:0A,SmartGate_533995,50.06562424,14.5023222,E0:4F:43,6,wpa2,2018-08-24T14:00:00.000Z,2025-09-23T11:00:00.000Z,Hlavní město Praha,Praha,CZ,Průběžná,10000
E0:4F:43:1E:78:0B,SmartGate_169209,51.89884186,-2.17376041,E0:4F:43,6,wpa2,2017-12-17T12:00:00.000Z,2025-03-04T13:00:00.000Z,Tewkesbury,England,GB,Commerce Road,GL2 9QJ
E0:4F:43:1E:78:0E,SMARTGATE_123456,54.09277344,13.38399315,E0:4F:43,6,wpa2,2019-08-08T16:00:00.000Z,2025-04-26T16:00:00.000Z,,Mecklenburg-Vorpommern,DE,Stephanistraße,17489
E0:4F:43:1E:78:11,SMARTGATE_123456,52.41280365,13.57389545,E0:4F:43,6,wpa2,2026-02-13T16:00:00.000Z,2026-02-13T08:00:00.000Z,Berlin,Treptow-Köpenick,DE,Adlergestell,12527
E0:4F:43:1E:78:16,SmartGate_533971,60.26029587,24.80825043,E0:4F:43,6,wpa2,2018-09-14T11:00:00.000Z,2026-07-06T05:00:00.000Z,,Manner-Suomi,FI,Pähkinärinteentie,01710
E0:4F:43:1E:78:19,SmartGate_167451,51.29880524,12.19902229,E0:4F:43,6,wpa2,2020-03-12T12:00:00.000Z,2025-03-24T16:00:00.000Z,,Sachsen,DE,Schwarzer Weg,04420
E0:4F:43:1E:78:1A,SmartGate_536063,50.02789307,15.19677544,E0:4F:43,6,wpa2,2025-10-09T14:00:00.000Z,2025-10-09T14:00:00.000Z,Kolín,Střední Čechy,CZ,náměstí Republiky,28002
E0:4F:43:1E:78:24,SmartGate_167791,48.99874115,8.45285988,E0:4F:43,6,wpa2,2017-09-02T09:00:00.000Z,2026-07-12T16:00:00.000Z,Karlsruhe,Baden-Württemberg,DE,Mastweidenweg,76227
E0:4F:43:1E:78:28,SmartGate_028555,49.73163605,13.32457256,E0:4F:43,6,wpa2,2024-09-06T12:00:00.000Z,2024-10-21T11:00:00.000Z,Plzeň,Jihozápad,CZ,Folmavská,31800
E0:4F:43:1E:78:29,SmartGate_134623,51.93004608,6.57042694,E0:4F:43,6,wpa2,2023-04-11T15:00:00.000Z,2024-09-15T10:00:00.000Z,,Gelderland,NL,Varsseveldsestraatweg,7122NM
E0:4F:43:1E:78:2F,SmartGate_161260,51.12246323,12.49736881,E0:4F:43,6,wpa2,2024-11-19T18:00:00.000Z,2024-12-16T20:00:00.000Z,,Sachsen,DE,Wassergasse,04552
E0:4F:43:1E:78:32,SMARTGATE_123456,48.49569321,9.21019459,E0:4F:43,6,wpa2,2023-08-13T16:00:00.000Z,2024-11-18T09:00:00.000Z,Reutlingen,Baden-Württemberg,DE,Listplatz,72764
E0:4F:43:1E:78:37,SMARTGATE_123456,60.24541855,25.01903534,E0:4F:43,6,wpa2,2018-07-11T12:00:00.000Z,2025-12-29T06:00:00.000Z,Helsinki,Manner-Suomi,FI,Ala-Malmin puistotie,00700
E0:4F:43:1E:78:39,SmartGate_533802,51.09030914,13.74980259,E0:4F:43,6,wpa2,2019-09-24T18:00:00.000Z,2026-03-10T08:00:00.000Z,Dresden,Sachsen,DE,Robinienhain,01099
E0:4F:43:1E:78:4A,SmartGate_708259,48.65792084,9.12922287,E0:4F:43,6,wpa2,2022-07-12T16:00:00.000Z,2025-07-04T07:00:00.000Z,,Baden-Württemberg,DE,K 1051,71144
E0:4F:43:1E:78:4B,SmartGate_531442,60.67504501,17.14550018,E0:4F:43,6,wpa2,2025-08-24T16:00:00.000Z,2025-10-18T05:00:00.000Z,Gävle,Gävleborgs län,SE,Drottninggatan,80320
E0:4F:43:1E:78:4E,SmartGate_133157,52.39152145,9.74010658,E0:4F:43,6,wpa2,2018-04-02T15:00:00.000Z,2026-06-03T08:00:00.000Z,Hannover,Niedersachsen,DE,Jakobistraße,30163
E0:4F:43:1E:78:58,SmartGate_530571,50.33862686,14.80847454,E0:4F:43,6,wpa2,2017-03-29T08:00:00.000Z,2024-12-28T08:00:00.000Z,,Střední Čechy,CZ,Nádražní,29428
E0:4F:43:1E:78:5B,SmartGate_132148,47.58847809,11.31522751,E0:4F:43,6,wpa2,2023-08-11T11:00:00.000Z,2024-08-18T13:00:00.000Z,,Bayern,DE,Seestraße,82432
E0:4F:43:1E:78:5F,SmartGate_708806,49.28185272,8.65398884,E0:4F:43,6,wpa2,2023-10-03T10:00:00.000Z,2024-12-01T13:00:00.000Z,,Baden-Württemberg,DE,Großer Stadtacker,69168
E0:4F:43:1E:78:60,SmartGate_133140,50.10886383,14.4635334,E0:4F:43,6,wpa2,2017-06-02T15:00:00.000Z,2026-06-25T08:00:00.000Z,Hlavní město Praha,Praha,CZ,U Českých loděnic,180 00
E0:4F:43:1E:78:65,SmartGate_544171,49.93709183,17.88868523,E0:4F:43,6,wpa2,2017-11-14T17:00:00.000Z,2024-12-04T18:00:00.000Z,Opava,Moravskoslezsko,CZ,Dukelská,74601
E0:4F:43:1E:78:67,SmartGate_533051,47.50029373,19.12328911,E0:4F:43,6,wpa2,2022-05-06T14:00:00.000Z,2026-05-07T13:00:00.000Z,,Budapest,HU,Kerepesi út,1106
E0:4F:43:1E:78:68,SmartGate_046283,60.99092102,24.4393959,E0:4F:43,6,wpa2,2025-03-03T13:00:00.000Z,2025-03-03T09:00:00.000Z,Hämeenlinna,Manner-Suomi,FI,Hattelmalantie,13130
E0:4F:43:1E:78:73,SmartGate_542438,50.10021973,12.73232937,E0:4F:43,6,wpa2,2018-12-26T15:00:00.000Z,2025-10-26T10:00:00.000Z,,Severozápad,CZ,208,35731
E0:4F:43:1E:78:82,SmartGate_542276,54.3052063,8.6484251,E0:4F:43,6,wpa2,2023-08-10T18:00:00.000Z,2025-07-07T10:00:00.000Z,,Schleswig-Holstein,DE,Nordergeest,25826
E0:4F:43:1E:78:89,SmartGate_130936,51.58890915,7.04795218,E0:4F:43,6,wpa2,2017-12-18T19:00:00.000Z,2024-10-29T01:00:00.000Z,Gelsenkirchen,Nordrhein-Westfalen,DE,Buer Nord Bf,45894
E0:4F:43:1E:78:8B,SmartGate_529504,51.31390762,9.44470024,E0:4F:43,6,wpa2,2018-07-22T13:00:00.000Z,2026-05-28T12:00:00.000Z,Kassel,Hessen,DE,Bremelbachstraße,34131
E0:4F:43:1E:78:8F,SmartGate_533629,51.36809158,7.45623589,E0:4F:43,6,wpa2,2018-02-08T07:00:00.000Z,2025-01-19T03:00:00.000Z,Hagen,Nordrhein-Westfalen,DE,Sedanstraße,58089
E0:4F:43:1E:78:91,SmartGate_533548,51.17969894,14.42440128,E0:4F:43,6,wpa2,2024-02-22T18:00:00.000Z,2025-03-04T05:00:00.000Z,,Sachsen,DE,Kornmarkt,02625
E0:4F:43:1E:78:92,SmartGate_133413,53.05327606,8.93179321,E0:4F:43,6,wpa2,2023-08-24T15:00:00.000Z,2025-05-18T12:00:00.000Z,Bremen,Bremen,DE,Osterholzer Dorfstraße,28307
E0:4F:43:1E:78:98,SmartGate_534444,52.94187164,13.90719318,E0:4F:43,6,wpa2,2018-10-27T12:00:00.000Z,2025-07-19T14:00:00.000Z,,Brandenburg,DE,Buchholzer Straße,16230
E0:4F:43:1E:78:A0,SmartGate_133225,52.32394791,9.22550488,E0:4F:43,6,wpa2,2018-06-08T15:00:00.000Z,2025-08-09T05:00:00.000Z,,Niedersachsen,DE,Kleines Klosterfeld,31655
E0:4F:43:1E:78:A3,SmartGate_131059,52.23711014,9.90468693,E0:4F:43,6,wpa2,2018-10-13T15:00:00.000Z,2025-09-29T11:00:00.000Z,,Niedersachsen,DE,Angerweg,31157
E0:4F:43:1E:78:A4,SMARTGATE_123456,51.03790283,6.99768591,E0:4F:43,6,wpa2,2018-03-20T10:00:00.000Z,2026-04-20T00:00:00.000Z,,Nordrhein-Westfalen,DE,A 1,51373
E0:4F:43:1E:78:A7,SmartGate_159616,47.37786484,8.47856331,E0:4F:43,6,wpa2,2017-10-26T08:00:00.000Z,2026-05-09T06:00:00.000Z,Zürich,Zürich,CH,Lyrenweg,8048
E0:4F:43:1E:78:B5,SmartGate_134506,52.14458466,9.93949032,E0:4F:43,6,wpa2,2021-12-23T13:00:00.000Z,2025-08-06T07:00:00.000Z,Hildesheim,Niedersachsen,DE,Alfelder Straße,31139
E0:4F:43:1E:78:B8,SmartGate_542038,49.63990784,6.18763638,E0:4F:43,6,wpa2,2023-10-01T10:00:00.000Z,2024-08-12T07:00:00.000Z,,Canton Luxembourg,LU,Jonction Grunewald,2951
E0:4F:43:1E:78:BB,SmartGate_133811,51.07471085,13.71671581,E0:4F:43,6,wpa2,2025-05-18T13:00:00.000Z,2025-07-23T14:00:00.000Z,Dresden,Sachsen,DE,Pieschener Allee,01067
E0:4F:43:1E:78:C2,SmartGate_137458,52.35655212,9.76838017,E0:4F:43,6,wpa2,2025-12-08T10:00:00.000Z,2025-12-08T04:00:00.000Z,Hannover,Niedersachsen,DE,Bismarckstraße,30173
E0:4F:43:1E:78:CC,SmartGate_133495,51.90505981,8.50013638,E0:4F:43,6,wpa2,2025-05-18T16:00:00.000Z,2025-05-18T11:00:00.000Z,,Nordrhein-Westfalen,DE,A 2,33415
E0:4F:43:1E:78:D2,SmartGate_531271,50.11833572,14.49948883,E0:4F:43,6,wpa2,2020-03-10T20:00:00.000Z,2026-01-29T12:00:00.000Z,Hlavní město Praha,Praha,CZ,Prosecká,19000
E0:4F:43:1E:78:DA,SmartGate_046796,60.59159088,24.79724121,E0:4F:43,6,wpa2,2026-08-01T14:00:00.000Z,2026-08-01T07:00:00.000Z,,Manner-Suomi,FI,Helsinki-Tampere moottoritie,05840
E0:4F:43:1E:78:DD,SmartGate_131030,50.10084152,8.66810608,E0:4F:43,6,wpa2,2018-10-20T23:00:00.000Z,2025-11-04T08:00:00.000Z,Frankfurt am Main,Hessen,DE,Schaumainkai,60596
E0:4F:43:1E:78:E6,SMARTGATE_123456,47.85937881,17.23786354,E0:4F:43,6,wpa2,2017-09-09T14:00:00.000Z,2025-10-28T08:00:00.000Z,Levél,Nyugat-Dunántúl,HU,M1,9200
E0:4F:43:1E:78:EE,SmartGate_708686,51.70157242,8.77725315,E0:4F:43,6,wpa2,2019-02-11T10:00:00.000Z,2025-08-24T22:00:00.000Z,Paderborn,Nordrhein-Westfalen,DE,B 64,33100
E0:4F:43:1E:78:F2,SmartGate_136497,50.07174683,14.42652607,E0:4F:43,6,wpa2,2018-06-02T21:00:00.000Z,2025-06-07T13:00:00.000Z,Hlavní město Praha,Praha,CZ,Apolinářská,12132
E0:4F:43:1E:78:F7,SmartGate_531097,50.07704163,14.44139671,E0:4F:43,6,wpa2,2018-07-31T15:00:00.000Z,2025-10-12T08:00:00.000Z,Hlavní město Praha,Praha,CZ,Vinohradská,12009
E0:4F:43:1E:78:F8,SmartGate_708403,48.7397728,9.28372383,E0:4F:43,6,wpa2,2018-02-25T12:00:00.000Z,2026-06-17T05:00:00.000Z,,Baden-Württemberg,DE,B 10,73734
E0:4F:43:1E:79:00,SmartGate_136713,51.31932449,12.35177803,E0:4F:43,6,wpa2,2024-08-23T12:00:00.000Z,2024-08-25T04:00:00.000Z,Leipzig,Sachsen,DE,Schleußiger Weg,04229
E0:4F:43:1E:79:02,SmartGate_132779,62.21816254,25.71973228,E0:4F:43,6,wpa2,2018-07-02T11:00:00.000Z,2025-03-15T10:00:00.000Z,Jyväskylä,Manner-Suomi,FI,Kylmälahdentie,40500
E0:4F:43:1E:79:07,SmartGate_136636,50.60414886,14.3383255,E0:4F:43,6,wpa2,2017-06-14T08:00:00.000Z,2026-02-18T08:00:00.000Z,,Severozápad,CZ,24081,41145
E0:4F:43:1E:79:09,SmartGate_045637,62.91212463,27.68820381,E0:4F:43,6,wpa2,2020-08-12T10:00:00.000Z,2026-05-11T11:00:00.000Z,Kuopio,Manner-Suomi,FI,Ritosentie,70460
E0:4F:43:1E:79:0B,SmartGate_530967,62.21722031,25.72476196,E0:4F:43,6,wpa2,2022-11-01T17:00:00.000Z,2025-11-15T14:00:00.000Z,Jyväskylä,Manner-Suomi,FI,Ysitie,40101
E0:4F:43:1E:79:12,SmartGate_530157,63.67934799,22.72289276,E0:4F:43,6,wpa2,2019-01-19T09:00:00.000Z,2026-06-30T01:00:00.000Z,,Manner-Suomi,FI,Kållbyvägen,68660
E0:4F:43:1E:79:19,SmartGate_133608,46.09611893,5.85030317,E0:4F:43,6,wpa2,2019-09-18T14:00:00.000Z,2025-10-19T10:00:00.000Z,Valserhône,Auvergne-Rhône-Alpes,FR,Route de Genève,01200
E0:4F:43:1E:79:1E,SmartGate_130508,51.90694809,8.90356827,E0:4F:43,6,wpa2,2019-02-12T06:00:00.000Z,2025-06-09T03:00:00.000Z,,Nordrhein-Westfalen,DE,Hornoldendorfer Straße,32760
E0:4F:43:1E:79:20,SmartGate_130364,50.05812454,8.64608479,E0:4F:43,6,wpa2,2018-01-04T04:00:00.000Z,2026-01-16T11:00:00.000Z,Frankfurt am Main,Hessen,DE,A 3,60528
E0:4F:43:1E:79:23,SmartGate_542004,50.55234909,8.41310978,E0:4F:43,6,wpa2,2025-07-10T14:00:00.000Z,2025-07-10T11:00:00.000Z,,Hessen,DE,B 49,35606
E0:4F:43:1E:79:25,SmartGate_177778,53.54626083,9.61093044,E0:4F:43,6,wpa2,2024-03-02T17:00:00.000Z,2025-09-15T04:00:00.000Z,Mittelnkirchen,Niedersachsen,DE,Hohenfelde,21720
E0:4F:43:1E:79:26,SmartGate_133405,49.57308578,9.70821095,E0:4F:43,6,wpa2,2026-03-10T17:00:00.000Z,2026-08-09T13:00:00.000Z,,Baden-Württemberg,DE,Am Wörth,97922
E0:4F:43:1E:79:27,SmartGate_028672,50.67033768,14.03673363,E0:4F:43,6,wpa2,2018-10-03T14:00:00.000Z,2026-04-15T07:00:00.000Z,Ústí nad Labem,Severozápad,CZ,SNP,40011
E0:4F:43:1E:79:28,SmartGate_136740,53.26681137,9.88688374,E0:4F:43,6,wpa2,2018-02-27T12:00:00.000Z,2026-03-06T11:00:00.000Z,,Niedersachsen,DE,Schierhorner Straße,21244
E0:4F:43:1E:79:29,SmartGate_543453,44.53007126,26.07017326,E0:4F:43,6,wpa2,2017-10-11T13:00:00.000Z,2026-01-24T23:00:00.000Z,Municipiul București,Băneasa,RO,Șoseaua București-Ploiești,013686
E0:4F:43:1E:79:2A,SmartGate_131194,48.11670685,11.59403896,E0:4F:43,6,wpa2,2023-10-23T08:00:00.000Z,2024-12-20T03:00:00.000Z,München,Bayern,DE,Hohenwaldeckstraße,81541
E0:4F:43:1E:79:33,SmartGate_704867,49.73929214,13.39248657,E0:4F:43,6,wpa2,2025-04-24T13:00:00.000Z,2025-04-24T07:00:00.000Z,Plzeň,Jihozápad,CZ,Koterovská,32600
E0:4F:43:1E:79:34,SmartGate_530979,57.76448441,14.16780281,E0:4F:43,6,wpa2,2018-11-09T14:00:00.000Z,2025-01-05T02:00:00.000Z,Jönköping,Jönköpings län,SE,Kämperondellen,
E0:4F:43:1E:79:36,SmartGate_544039,50.11709595,14.4536705,E0:4F:43,6,wpa2,2017-07-05T15:00:00.000Z,2025-10-08T06:00:00.000Z,Hlavní město Praha,Praha,CZ,Na Truhlářce,18000
E0:4F:43:1E:79:38,SmartGate_131101,49.44337463,14.6815691,E0:4F:43,6,wpa2,2018-06-17T19:00:00.000Z,2025-12-30T11:00:00.000Z,Tábor,Jihozápad,CZ,D3,39137
E0:4F:43:1E:79:3B,SmartGate_131174,60.21276855,24.93076324,E0:4F:43,6,wpa2,2021-10-15T17:00:00.000Z,2026-04-19T12:00:00.000Z,Helsinki,Manner-Suomi,FI,Veturitie,00240
E0:4F:43:1E:79:3F,SmartGate_533488,50.76677322,12.87307167,E0:4F:43,6,wpa2,2001-01-01T00:00:00.000Z,2026-07-09T07:00:00.000Z,,Sachsen,DE,Neukirchner Straße,09221
E0:4F:43:1E:79:41,SmartGate_543456,51.01021576,7.01415396,E0:4F:43,6,wpa2,2017-05-07T20:00:00.000Z,2025-09-14T15:00:00.000Z,Köln,Nordrhein-Westfalen,DE,A 3,51069
E0:4F:43:1E:79:45,SmartGate_136837,50.83377457,12.84629917,E0:4F:43,6,wpa2,2023-12-13T13:00:00.000Z,2025-04-28T07:00:00.000Z,Chemnitz,Sachsen,DE,A 72,09116
E0:4F:43:1E:79:47,SmartGate_028958,49.75074768,8.59750175,E0:4F:43,6,wpa2,2017-05-01T21:00:00.000Z,2025-08-31T23:00:00.000Z,,Hessen,DE,,64404
E0:4F:43:1E:79:4A,SmartGate_530394,60.24542999,24.92196083,E0:4F:43,6,wpa2,2017-05-12T08:00:00.000Z,2025-12-17T06:00:00.000Z,Helsinki,Manner-Suomi,FI,Välitalontie,00660
E0:4F:43:1E:79:4F,SmartGate_542129,50.07225037,14.42063427,E0:4F:43,6,wpa2,2017-10-31T13:00:00.000Z,2025-10-26T00:00:00.000Z,Hlavní město Praha,Praha,CZ,Na Hrádku,12800
E0:4F:43:1E:79:52,SmartGate_130180,49.41982269,11.76352882,E0:4F:43,6,wpa2,2024-07-20T16:00:00.000Z,2026-02-27T10:00:00.000Z,,Bayern,DE,AS 4,92289
E0:4F:43:1E:79:53,SmartGate_533472,52.24256516,10.50238323,E0:4F:43,6,wpa2,2017-09-21T17:00:00.000Z,2025-06-23T06:00:00.000Z,Braunschweig,Niedersachsen,DE,Friedrich-Seele-Straße,38122
E0:4F:43:1E:79:5B,SmartGate_130862,48.36748123,10.93322563,E0:4F:43,6,wpa2,2019-05-13T09:00:00.000Z,2025-06-04T19:00:00.000Z,Augsburg,Bayern,DE,Partnachweg,86165
E0:4F:43:1E:79:5F,SmartGate_131439,51.46625137,10.79029083,E0:4F:43,6,wpa2,2018-07-17T16:00:00.000Z,2025-11-18T07:00:00.000Z,,Thüringen,DE,A 38,99734
E0:4F:43:1E:79:62,SmartGate_133837,51.14266205,12.50623894,E0:4F:43,6,wpa2,2025-01-27T15:00:00.000Z,2025-01-28T07:00:00.000Z,,Sachsen,DE,B 93;B 176,04552
E0:4F:43:1E:79:63,SmartGate_028869,49.23150635,17.67207336,E0:4F:43,6,wpa2,2025-03-19T10:00:00.000Z,2025-03-26T11:00:00.000Z,Zlín,Střední Morava,CZ,Sokolská,76001
E0:4F:43:1E:79:66,SmartGate_131098,51.15220261,6.3622241,E0:4F:43,6,wpa2,2018-02-06T17:00:00.000Z,2025-02-26T01:00:00.000Z,Mönchengladbach,Nordrhein-Westfalen,DE,Dietrich-Hülsen-Weg,41179
E0:4F:43:1E:79:6F,SmartGate_529540,52.03937912,21.4934082,E0:4F:43,6,wpa2,2025-12-15T13:00:00.000Z,2025-12-18T15:00:00.000Z,,województwo mazowieckie,PL,S17,05-340
E0:4F:43:1E:79:77,SmartGate_131407,61.52545547,23.54692078,E0:4F:43,6,wpa2,2018-02-24T10:00:00.000Z,2024-10-23T01:00:00.000Z,,Manner-Suomi,FI,,37150
E0:4F:43:1E:79:79,SmartGate_131606,49.94939041,15.26443386,E0:4F:43,6,wpa2,2018-06-12T12:00:00.000Z,2026-07-15T07:00:00.000Z,,Střední Čechy,CZ,Husova,28401
E0:4F:43:1E:79:7A,SmartGate_708059,50.80802155,12.85858059,E0:4F:43,6,wpa2,2025-09-25T13:00:00.000Z,2025-12-05T13:00:00.000Z,Chemnitz,Sachsen,DE,Neefestraße,09116
E0:4F:43:1E:79:7B,SMARTGATE_123456,48.74095154,10.19712067,E0:4F:43,6,wpa2,2017-08-06T11:00:00.000Z,2024-10-05T10:00:00.000Z,,Baden-Württemberg,DE,Härtsfeld,89520
E0:4F:43:1E:79:7E,SmartGate_704789,51.38467407,6.76139212,E0:4F:43,6,wpa2,2018-01-11T18:00:00.000Z,2025-06-13T08:00:00.000Z,Duisburg,Nordrhein-Westfalen,DE,Münchener Straße,47249
E0:4F:43:1E:79:83,SmartGate_528977,46.52811813,23.27506447,E0:4F:43,6,wpa2,2018-04-24T12:00:00.000Z,2026-01-30T06:00:00.000Z,,Cluj,RO,DJ107R,407071
E0:4F:43:1E:79:84,SmartGate_142151,50.87182999,8.78480339,E0:4F:43,6,wpa2,2021-10-13T17:00:00.000Z,2025-01-12T10:00:00.000Z,,Hessen,DE,,35094
E0:4F:43:1E:79:85,SMARTGATE_123456,49.05593109,8.50176716,E0:4F:43,6,wpa2,2023-09-18T05:00:00.000Z,2025-11-29T17:00:00.000Z,,Baden-Württemberg,DE,L 559,76356
E0:4F:43:1E:79:89,SmartGate_544239,60.20035934,24.8782444,E0:4F:43,6,wpa2,2017-06-16T17:00:00.000Z,2025-10-08T06:00:00.000Z,Helsinki,Manner-Suomi,FI,Laajalahdentie,00330
E0:4F:43:1E:79:90,SmartGate_178124,61.4788208,23.97253036,E0:4F:43,6,wpa2,2018-10-18T16:00:00.000Z,2026-05-16T05:00:00.000Z,Kangasala,Manner-Suomi,FI,Vällintie,36220
E0:4F:43:1E:79:95,SmartGate_529086,43.65966415,18.9728775,E0:4F:43,6,wpa2,2017-11-03T13:00:00.000Z,2025-06-19T12:00:00.000Z,,Federacija Bosne i Hercegovine,BA,Ruždije Islamagića,73000
E0:4F:43:1E:79:96,SmartGate_529271,60.45542908,22.25901031,E0:4F:43,6,wpa2,2026-05-08T05:00:00.000Z,2026-05-08T06:00:00.000Z,Turku,Manner-Suomi,FI,Ratapihankatu,20100
E0:4F:43:1E:79:97,SmartGate_029004,50.08986664,14.45296097,E0:4F:43,6,wpa2,2022-10-18T15:00:00.000Z,2025-09-08T10:00:00.000Z,Hlavní město Praha,Praha,CZ,Pražačka,18600
E0:4F:43:1E:79:98,SmartGate_028652,50.07605743,14.34508038,E0:4F:43,6,wpa2,2019-09-06T08:00:00.000Z,2026-03-26T05:00:00.000Z,Hlavní město Praha,Praha,CZ,Kukulova,162 06
E0:4F:43:1E:79:99,SmartGate_542517,51.21124268,6.38201237,E0:4F:43,6,wpa2,2017-12-11T15:00:00.000Z,2025-06-24T09:00:00.000Z,Mönchengladbach,Nordrhein-Westfalen,DE,A 52,41068
E0:4F:43:1E:79:9A,SmartGate_177785,52.77972031,8.19745731,E0:4F:43,6,wpa2,2025-05-17T11:00:00.000Z,2026-05-22T14:00:00.000Z,,Niedersachsen,DE,Hansalinie,49692
E0:4F:43:1E:79:9B,SmartGate_529134,61.4866333,23.93502617,E0:4F:43,6,wpa2,2019-01-16T11:00:00.000Z,2025-07-25T21:00:00.000Z,Tampere,Manner-Suomi,FI,Kiveliönkatu,36240
E0:4F:43:1E:79:A5,SmartGate_028574,50.10653687,13.73257828,E0:4F:43,6,wpa2,2026-05-27T09:00:00.000Z,2026-05-31T13:00:00.000Z,,Střední Čechy,CZ,Lišanská,26901
E0:4F:43:1E:79:A6,SmartGate_028260,49.94986343,16.15809441,E0:4F:43,6,wpa2,2025-07-27T08:00:00.000Z,2025-07-27T01:00:00.000Z,,Severovýchod,CZ,Husova,56601
E0:4F:43:1E:79:A7,SmartGate_045906,60.22039032,24.7618885,E0:4F:43,6,wpa2,2017-12-26T12:00:00.000Z,2024-09-05T03:00:00.000Z,Espoo,Manner-Suomi,FI,Karapellontie,02630
E0:4F:43:1E:79:A8,SmartGate_535007,51.5485878,7.19763803,E0:4F:43,6,wpa2,2020-02-11T06:00:00.000Z,2024-12-15T06:00:00.000Z,Herne,Nordrhein-Westfalen,DE,A 43,44629
E0:4F:43:1E:79:B3,SmartGate_138688,50.81274796,7.12362242,E0:4F:43,6,wpa2,2025-07-17T15:00:00.000Z,2025-07-17T08:00:00.000Z,,Nordrhein-Westfalen,DE,A 59,53844
E0:4F:43:1E:79:B6,SmartGate_534377,50.32363892,11.815135,E0:4F:43,6,wpa2,2020-01-29T09:00:00.000Z,2025-04-25T14:00:00.000Z,,Bayern,DE,,95189
E0:4F:43:1E:79:C6,SmartGate_167936,50.24972534,14.58755493,E0:4F:43,6,wpa2,2019-07-14T16:00:00.000Z,2026-07-13T20:00:00.000Z,Kostelec nad Labem,Střední Čechy,CZ,244,27713
E0:4F:43:1E:79:C7,SmartGate_028536,61.46366501,23.84423447,E0:4F:43,6,wpa2,2026-01-12T11:00:00.000Z,2026-08-06T09:00:00.000Z,Tampere,Manner-Suomi,FI,Turdonraitti,33700
E0:4F:43:1E:79:C8,SmartGate_130086,60.21300507,24.81623459,E0:4F:43,6,wpa2,2023-01-13T16:00:00.000Z,2026-04-17T03:00:00.000Z,Espoo,Manner-Suomi,FI,Kehä I,02600
E0:4F:43:1E:79:CD,SmartGate_534772,50.46587372,8.04382896,E0:4F:43,6,wpa2,2018-02-05T09:00:00.000Z,2024-08-11T06:00:00.000Z,Hadamar,Hessen,DE,Elbhof,65589
E0:4F:43:1E:79:D1,SmartGate_179342,61.46977997,23.79282951,E0:4F:43,6,wpa2,2017-08-23T14:00:00.000Z,2025-10-25T07:00:00.000Z,Tampere,Manner-Suomi,FI,Peltomäenkatu,33800
E0:4F:43:1E:79:D2,SmartGate_543842,48.13906479,17.19633675,E0:4F:43,6,wpa2,2018-12-21T16:00:00.000Z,2025-12-03T11:00:00.000Z,Bratislava,Bratislavský kraj,SK,Geologická,821 07
E0:4F:43:1E:79:D6,SmartGate_140090,50.16646957,9.05018234,E0:4F:43,6,wpa2,2022-10-30T19:00:00.000Z,2026-02-10T00:00:00.000Z,,Hessen,DE,K 861,63505
E0:4F:43:1E:79:E2,SmartGate_529065,60.33233643,25.04255295,E0:4F:43,6,wpa2,2024-03-09T15:00:00.000Z,2025-11-18T06:00:00.000Z,,Manner-Suomi,FI,,01340
E0:4F:43:1E:79:E5,SmartGate_137670,48.31114578,11.90441418,E0:4F:43,6,wpa2,2019-10-19T09:00:00.000Z,2025-11-14T07:00:00.000Z,,Bayern,DE,Ulmenstraße,85435
E0:4F:43:1E:79:EC,SmartGate_534798,49.61674881,6.1776824,E0:4F:43,6,wpa2,2023-01-19T15:00:00.000Z,2025-07-29T04:00:00.000Z,Luxembourg,Canton Luxembourg,LU,Rue John L. Mac Adam,1113
E0:4F:43:1E:79:EE,SmartGate_131371,49.73082733,9.19173527,E0:4F:43,6,wpa2,2017-08-18T12:00:00.000Z,2026-06-07T00:00:00.000Z,,Bayern,DE,B 469,63924
E0:4F:43:1E:79:EF,SmartGate_530127,60.27399063,24.76103973,E0:4F:43,6,wpa2,2018-05-20T12:00:00.000Z,2026-01-06T14:00:00.000Z,Espoo,Manner-Suomi,FI,Juvan teollisuuskatu,01680
E0:4F:43:1E:79:F1,SmartGate_134834,48.16089249,11.53753662,E0:4F:43,6,wpa2,2020-12-01T11:00:00.000Z,2024-08-22T06:00:00.000Z,München,Bayern,DE,Landshuter Allee,80637
E0:4F:43:1E:79:F2,SmartGate_533251,50.85317993,12.81205368,E0:4F:43,6,wpa2,2018-10-18T16:00:00.000Z,2025-05-10T02:00:00.000Z,Chemnitz,Sachsen,DE,Goetheweg,09247
E0:4F:43:1E:79:F7,SmartGate_130095,51.32549286,12.46231651,E0:4F:43,6,wpa2,2025-12-14T12:00:00.000Z,2026-04-08T12:00:00.000Z,Leipzig,Sachsen,DE,Pflugkstraße,04316
E0:4F:43:1E:79:FD,SmartGate_136283,52.21768951,11.06399918,E0:4F:43,6,wpa2,2019-01-30T19:00:00.000Z,2024-11-04T00:00:00.000Z,,Sachsen-Anhalt,DE,A 2,38350
E0:4F:43:1E:79:FE,SmartGate_544215,50.05885315,14.42528439,E0:4F:43,6,wpa2,2017-10-26T11:00:00.000Z,2026-03-10T05:00:00.000Z,Hlavní město Praha,Praha,CZ,Ve Svahu,12800
E0:4F:43:1E:79:FF,SmartGate_707759,53.13874435,8.20260334,E0:4F:43,6,wpa2,2017-06-26T15:00:00.000Z,2025-11-16T13:00:00.000Z,,Niedersachsen,DE,Theodor-Tantzen-Platz,26122
E0:4F:43:1E:7A:01,SmartGate_132259,50.54681778,9.73111153,E0:4F:43,6,wpa2,2026-03-23T13:00:00.000Z,2026-03-23T07:00:00.000Z,,Hessen,DE,A 7,36093
E0:4F:43:1E:7A:02,SmartGate_130939,52.10787582,8.72953796,E0:4F:43,6,wpa2,2020-09-18T15:00:00.000Z,2025-04-21T12:00:00.000Z,,Nordrhein-Westfalen,DE,A 2,32049
E0:4F:43:1E:7A:03,SmartGate_135050,49.97099304,14.45693016,E0:4F:43,6,wpa2,2018-02-25T13:00:00.000Z,2026-04-01T12:00:00.000Z,,Střední Čechy,CZ,Od Cholupic,25241
E0:4F:43:1E:7A:08,SmartGate_130889,62.58094788,29.76577759,E0:4F:43,6,wpa2,2017-04-11T16:00:00.000Z,2024-11-01T08:00:00.000Z,Joensuu,Manner-Suomi,FI,Mäntyniementie,80220
E0:4F:43:1E:7A:0C,SMARTGATE_123456,48.67675018,11.50400448,E0:4F:43,6,wpa2,2025-08-02T12:00:00.000Z,2025-08-02T06:00:00.000Z,,Bayern,DE,A 9,85107
E0:4F:43:1E:7A:10,SmartGate_133467,52.6772995,13.52813625,E0:4F:43,6,wpa2,2017-09-30T12:00:00.000Z,2026-03-21T14:00:00.000Z,,Brandenburg,DE,Ginsterring,16321
E0:4F:43:1E:7A:11,SmartGate_533439,60.42454529,24.86113358,E0:4F:43,6,wpa2,2021-07-15T07:00:00.000Z,2026-06-07T02:00:00.000Z,,Manner-Suomi,FI,Palojoentie,01940
E0:4F:43:1E:7A:16,SmartGate_529353,52.63391113,13.73705482,E0:4F:43,6,wpa2,2018-10-20T11:00:00.000Z,2024-10-30T12:00:00.000Z,,Brandenburg,DE,Poststraße,16356
E0:4F:43:1E:7A:17,SmartGate_131053,51.25629044,9.44085407,E0:4F:43,6,wpa2,2022-06-07T14:00:00.000Z,2024-12-12T07:00:00.000Z,,Hessen,DE,A 49,34225
E0:4F:43:1E:7A:1E,SmartGate_130201,51.49841309,7.44277287,E0:4F:43,6,wpa2,2017-06-22T16:00:00.000Z,2025-06-04T08:00:00.000Z,Dortmund,Nordrhein-Westfalen,DE,Am Südwestfriedhof,44137
E0:4F:43:1E:7A:24,SmartGate_136332,50.61475754,10.52503204,E0:4F:43,6,wpa2,2024-07-22T06:00:00.000Z,2025-06-21T09:00:00.000Z,,Thüringen,DE,Hauptstraße,98547
E0:4F:43:1E:7A:28,SmartGate_133797,52.33916855,10.2263422,E0:4F:43,6,wpa2,2025-04-25T14:00:00.000Z,2025-04-25T15:00:00.000Z,,Niedersachsen,DE,A 2,31224
E0:4F:43:1E:7A:2E,SmartGate_705107,53.59243774,9.42845726,E0:4F:43,6,wpa2,2018-06-02T17:00:00.000Z,2026-03-11T10:00:00.000Z,Stade,Niedersachsen,DE,An der B 74,21684
E0:4F:43:1E:7A:30,SmartGate_130471,50.12065506,8.65060139,E0:4F:43,6,wpa2,2017-08-28T07:00:00.000Z,2025-05-11T07:00:00.000Z,Frankfurt am Main,Hessen,DE,Carlo-Schmid-Platz,60325
E0:4F:43:1E:7A:32,SmartGate_177776,60.28961563,24.86414909,E0:4F:43,6,wpa2,2021-07-18T13:00:00.000Z,2025-12-27T14:00:00.000Z,,Manner-Suomi,FI,Martinkyläntie,01770
E0:4F:43:1E:7A:34,SMARTGATE_123456,49.08748245,16.99508286,E0:4F:43,6,wpa2,2017-09-06T11:00:00.000Z,2026-06-12T13:00:00.000Z,,Jihovýchod,CZ,,
E0:4F:43:1E:7A:3A,SMARTGATE_123456,52.49300003,13.42808342,E0:4F:43,6,wpa2,2018-01-04T17:00:00.000Z,2024-08-24T12:00:00.000Z,Berlin,Reuterkiez,DE,Friedelstraße,12047
E0:4F:43:1E:7A:45,SmartGate_132592,50.07792282,14.32701874,E0:4F:43,6,wpa2,2017-08-24T14:00:00.000Z,2026-08-06T03:00:00.000Z,Hlavní město Praha,Praha,CZ,Haberfeldova,16900
E0:4F:43:1E:7A:47,SmartGate_135278,51.53382492,9.93573952,E0:4F:43,6,wpa2,2017-06-25T19:00:00.000Z,2025-11-28T09:00:00.000Z,Göttingen,Niedersachsen,DE,Weender Straße,37073
E0:4F:43:1E:7A:4A,SMARTGATE_123456,50.92649078,6.97120142,E0:4F:43,6,wpa2,2020-08-23T18:00:00.000Z,2026-07-17T00:00:00.000Z,Köln,Nordrhein-Westfalen,DE,Alfred-Schütte-Allee,50679
E0:4F:43:1E:7A:50,SmartGate_132798,50.10308456,14.58719158,E0:4F:43,6,wpa2,2018-11-18T12:00:00.000Z,2024-11-10T15:00:00.000Z,Hlavní město Praha,Praha,CZ,Chlumecká,19819
E0:4F:43:1E:7A:53,SmartGate_135511,52.42839813,13.39345932,E0:4F:43,6,wpa2,2017-06-30T09:00:00.000Z,2025-09-26T13:00:00.000Z,Berlin,Tempelhof-Schöneberg,DE,Mariendorfer Damm,12107
E0:4F:43:1E:7A:56,SMARTGATE_123456,47.73137283,12.11125374,E0:4F:43,6,wpa2,2024-06-29T09:00:00.000Z,2024-12-30T13:00:00.000Z,Brannenburg,Bayern,DE,Kufsteiner Straße,83098
E0:4F:43:1E:7A:5B,SMARTGATE_123456,51.31827164,12.34123421,E0:4F:43,6,wpa2,2018-07-08T11:00:00.000Z,2025-07-11T21:00:00.000Z,Leipzig,Sachsen,DE,Rödelstraße,04229
E0:4F:43:1E:7A:5D,SmartGate_125735,52.67926407,13.57336044,E0:4F:43,6,wpa2,2017-09-28T14:00:00.000Z,2025-05-02T06:00:00.000Z,,Brandenburg,DE,Im Blumenhag,16321
E0:4F:43:1E:7A:5E,SmartGate_544146,54.12515259,12.1449852,E0:4F:43,6,wpa2,2024-09-17T14:00:00.000Z,2026-07-12T08:00:00.000Z,Rostock,Mecklenburg-Vorpommern,DE,Petersdorfer Straße,18147
E0:4F:43:1E:7A:6C,SmartGate_177705,61.46822357,23.8310585,E0:4F:43,6,wpa2,2021-06-05T16:00:00.000Z,2026-01-12T07:00:00.000Z,Tampere,Manner-Suomi,FI,Kerkkäkatu,33820
E0:4F:43:1E:7A:6D,SmartGate_534099,49.44042969,11.2263422,E0:4F:43,6,wpa2,2004-10-11T15:00:00.000Z,2026-05-09T13:00:00.000Z,Brunn,Bayern,DE,A 9,90475
E0:4F:43:1E:7A:78,SmartGate_530756,49.0776062,8.20923805,E0:4F:43,6,wpa2,2025-01-31T12:00:00.000Z,2025-01-31T06:00:00.000Z,,Rheinland-Pfalz,DE,A 65,76870
E0:4F:43:1E:7A:7E,SMARTGATE_123456,52.22477341,10.5320158,E0:4F:43,6,wpa2,2018-04-09T18:00:00.000Z,2026-02-23T00:00:00.000Z,Braunschweig,Niedersachsen,DE,A 36,38124
E0:4F:43:1E:7A:86,SmartGate_132276,52.34477234,9.76287556,E0:4F:43,6,wpa2,2025-10-22T10:00:00.000Z,2025-10-22T09:00:00.000Z,Hannover,Niedersachsen,DE,Hildesheimer Straße,30519
E0:4F:43:1E:7A:87,SMARTGATE_123456,47.33491516,7.84957647,E0:4F:43,6,wpa2,2025-05-28T16:00:00.000Z,2026-01-25T23:00:00.000Z,,Solothurn,CH,Oltnerstrasse,4614
E0:4F:43:1E:7A:8F,SmartGate_131204,60.21244431,24.90182304,E0:4F:43,6,wpa2,2018-12-28T12:00:00.000Z,2025-04-06T07:00:00.000Z,Helsinki,Manner-Suomi,FI,Matkamiehentie,00320
E0:4F:43:1E:7A:90,SmartGate_123308,52.51488113,13.18805408,E0:4F:43,6,wpa2,2018-02-02T16:00:00.000Z,2024-11-12T09:00:00.000Z,Berlin,Spandau,DE,Heerstraße,13595
E0:4F:43:1E:7A:96,SmartGate_133610,51.15574265,6.36240959,E0:4F:43,6,wpa2,2017-06-07T08:00:00.000Z,2026-08-07T10:00:00.000Z,Mönchengladbach,Nordrhein-Westfalen,DE,Gerkerather Mühle,41179
E0:4F:43:1E:7A:A0,SMARTGATE_123456,52.0615654,4.31712437,E0:4F:43,6,wpa2,2017-06-17T17:00:00.000Z,2024-10-13T00:00:00.000Z,Den Haag,Zuid-Holland,NL,Lulofsstraat,2521BN
E0:4F:43:1E:7A:A8,SmartGate_533591,51.07101822,6.48993015,E0:4F:43,6,wpa2,2017-07-11T20:00:00.000Z,2026-05-25T15:00:00.000Z,,Nordrhein-Westfalen,DE,A 44,41363
E0:4F:43:1E:7A:B3,SmartGate_704821,52.35784531,9.78514767,E0:4F:43,6,wpa2,2024-07-31T13:00:00.000Z,2025-03-09T13:00:00.000Z,Hannover,Niedersachsen,DE,Messeschnellweg,30625
E0:4F:43:1E:7A:B5,SmartGate_536016,48.48861694,9.00476646,E0:4F:43,6,wpa2,2025-11-19T15:00:00.000Z,2025-11-19T12:00:00.000Z,,Baden-Württemberg,DE,Bahnhofstraße,72072
E0:4F:43:1E:7A:B6,SMARTGATE_123456,53.5647049,10.10168839,E0:4F:43,6,wpa2,2025-05-17T16:00:00.000Z,2025-05-17T09:00:00.000Z,Hamburg,Hamburg-Mitte,DE,A 24,22119
E0:4F:43:1E:7A:C4,SmartGate_142392,47.82674408,8.59707642,E0:4F:43,6,wpa2,2018-06-06T07:00:00.000Z,2025-06-12T05:00:00.000Z,,Baden-Württemberg,DE,Leberenstraße,78176
E0:4F:43:1E:7A:CA,SmartGate_136663,50.84062576,12.89859962,E0:4F:43,6,wpa2,2025-03-14T13:00:00.000Z,2026-06-06T06:00:00.000Z,Chemnitz,Sachsen,DE,Paul-Jäkel-Straße,09113
E0:4F:43:1E:7A:CC,SMARTGATE_123456,60.21088028,24.95225143,E0:4F:43,6,wpa2,2022-05-25T17:00:00.000Z,2025-08-11T12:00:00.000Z,Helsinki,Manner-Suomi,FI,Koskelantie,00610
E0:4F:43:1E:7A:CD,SmartGate_138465,48.20272446,11.69601727,E0:4F:43,6,wpa2,2017-04-26T09:00:00.000Z,2025-03-25T09:00:00.000Z,,Bayern,DE,Birkenhofstraße,85609
E0:4F:43:1E:7A:D0,SmartGate_130725,49.00411224,8.44248772,E0:4F:43,6,wpa2,2017-08-26T23:00:00.000Z,2026-05-10T08:00:00.000Z,Karlsruhe,Baden-Württemberg,DE,Am Großmarkt,76137
E0:4F:43:1E:7A:D2,SmartGate_536046,51.51409912,7.12535715,E0:4F:43,6,wpa2,2018-05-11T17:00:00.000Z,2024-12-05T10:00:00.000Z,Gelsenkirchen,Nordrhein-Westfalen,DE,Brüsseler Straße,45888
E0:4F:43:1E:7A:DB,SMARTGATE_123456,51.84536362,19.65969658,E0:4F:43,6,wpa2,2018-05-09T14:00:00.000Z,2026-07-20T14:00:00.000Z,,województwo łódzkie,PL,Autostrada Bursztynowa,92-701
E0:4F:43:1E:7A:DC,SmartGate_125672,60.25304794,24.9278717,E0:4F:43,6,wpa2,2018-10-17T16:00:00.000Z,2025-10-08T06:00:00.000Z,Helsinki,Manner-Suomi,FI,Tuohimäentie,00670
E0:4F:43:1E:7A:DF,SmartGate_133486,51.49197769,7.51165152,E0:4F:43,6,wpa2,2017-03-29T16:00:00.000Z,2026-04-02T05:00:00.000Z,Dortmund,Nordrhein-Westfalen,DE,An den Emscherauen,44263
E0:4F:43:1E:7A:E4,SmartGate_130372,48.15165329,11.59974194,E0:4F:43,6,wpa2,2017-05-12T10:00:00.000Z,2024-11-07T09:00:00.000Z,München,Bayern,DE,Ifflandstraße,80538
E0:4F:43:1E:7A:E6,SmartGate_529315,61.48612213,23.77329826,E0:4F:43,6,wpa2,2025-03-11T15:00:00.000Z,2025-04-12T11:00:00.000Z,Tampere,Manner-Suomi,FI,Valimokatu,33101
E0:4F:43:1E:7A:EA,SmartGate_531903,51.07865906,13.7509203,E0:4F:43,6,wpa2,2019-11-15T15:00:00.000Z,2025-08-09T11:00:00.000Z,Dresden,Sachsen,DE,Stauffenbergallee,01099
E0:4F:43:1E:7A:EB,SmartGate_542443,49.87576294,16.30082703,E0:4F:43,6,wpa2,2026-05-14T12:00:00.000Z,2026-05-14T09:00:00.000Z,,Severovýchod,CZ,Sokolovská,57001
E0:4F:43:1E:7A:F0,SMARTGATE_123456,49.41316605,8.69159794,E0:4F:43,6,wpa2,2003-06-17T10:00:00.000Z,2025-06-15T04:00:00.000Z,Heidelberg,Baden-Württemberg,DE,Uferstraße,69120
E0:4F:43:1E:7A:F2,SmartGate_712237,51.27064514,7.20411587,E0:4F:43,6,wpa2,2018-10-12T13:00:00.000Z,2025-05-16T05:00:00.000Z,Wuppertal,Nordrhein-Westfalen,DE,South-Tyneside-Ufer,42275
E0:4F:43:1E:7B:07,SmartGate_135061,51.31990814,12.32884121,E0:4F:43,6,wpa2,2017-08-20T17:00:00.000Z,2025-10-12T04:00:00.000Z,Leipzig,Sachsen,DE,Antonienstraße,04229
E0:4F:43:1E:7B:0A,SMARTGATE_123456,61.45903015,23.6923008,E0:4F:43,6,wpa2,2024-08-29T07:00:00.000Z,2026-06-09T01:00:00.000Z,,Manner-Suomi,FI,Linnakalliontie,33950
E0:4F:43:1E:7B:16,SmartGate_534931,59.40841293,17.95813942,E0:4F:43,6,wpa2,2017-04-03T09:00:00.000Z,2025-02-08T04:00:00.000Z,,Stockholms län,SE,Uppsalavägen,164 28
E0:4F:43:1E:7B:17,SmartGate_704627,48.70763779,9.46338081,E0:4F:43,6,wpa2,2026-05-05T13:00:00.000Z,2026-05-05T14:00:00.000Z,,Baden-Württemberg,DE,B 10,73262
E0:4F:43:1E:7B:19,SmartGate_532349,51.22307205,-2.95635939,E0:4F:43,6,wpa2,2017-08-11T17:00:00.000Z,2026-08-02T07:00:00.000Z,Sedgemoor,England,GB,M5,TA9 3
E0:4F:43:1E:7B:1E,SmartGate_179146,47.17051315,14.64146042,E0:4F:43,6,wpa2,2024-12-28T08:00:00.000Z,2025-01-11T01:00:00.000Z,,Steiermark,AT,Burggasse,8750
E0:4F:43:1E:7B:20,SmartGate_527292,51.93948746,4.46455717,E0:4F:43,6,wpa2,2025-05-03T08:00:00.000Z,2025-05-03T10:00:00.000Z,Rotterdam,Zuid-Holland,NL,Rijksweg A20,3039MB
E0:4F:43:1E:7B:23,SmartGate_704406,54.59152603,9.46054459,E0:4F:43,6,wpa2,2025-07-08T13:00:00.000Z,2025-07-09T04:00:00.000Z,Schuby,Schleswig-Holstein,DE,A 7,24850
E0:4F:43:1E:7B:27,SmartGate_126148,46.06182098,14.5288496,E0:4F:43,6,wpa2,2023-12-27T13:00:00.000Z,2026-05-18T05:00:00.000Z,Ljubljana,Zelena jama,SI,Kavčičeva ulica,1000
E0:4F:43:1E:7B:29,SmartGate_167719,48.82183075,9.0777359,E0:4F:43,6,wpa2,2024-10-05T21:00:00.000Z,2025-10-25T19:00:00.000Z,,Baden-Württemberg,DE,A 81,71254
E0:4F:43:1E:7B:2A,SMARTGATE_123456,51.51521683,7.65543461,E0:4F:43,6,wpa2,2018-06-17T16:00:00.000Z,2025-10-26T22:00:00.000Z,,Nordrhein-Westfalen,DE,E 331,59427
E0:4F:43:1E:7B:31,SmartGate_704573,50.08837509,9.05146694,E0:4F:43,6,wpa2,2018-12-13T11:00:00.000Z,2025-09-20T10:00:00.000Z,,Bayern,DE,Breslauer Platz,63755
E0:4F:43:1E:7B:32,SmartGate_704166,49.46337891,8.57500458,E0:4F:43,6,wpa2,2018-12-31T10:00:00.000Z,2025-08-18T03:00:00.000Z,,Baden-Württemberg,DE,K 4138,68549
E0:4F:43:1E:7B:34,SmartGate_168805,60.23730087,24.96764374,E0:4F:43,6,wpa2,2022-11-19T15:00:00.000Z,2024-12-07T03:00:00.000Z,Helsinki,Manner-Suomi,FI,Henrik Sohlbergin tie,00640
E0:4F:43:1E:7B:37,SmartGate_550801,59.19529343,17.82518005,E0:4F:43,6,wpa2,2019-06-23T15:00:00.000Z,2025-03-14T14:00:00.000Z,,Stockholms län,SE,Grödingevägen,14733
E0:4F:43:1E:7B:4D,SmartGate_126219,52.60109329,13.33062744,E0:4F:43,6,wpa2,2018-04-15T16:00:00.000Z,2024-09-08T08:00:00.000Z,Berlin,Reinickendorf,DE,Mauschbacher Steig,13437
E0:4F:43:1E:7B:50,SmartGate_704719,51.05423355,13.74202251,E0:4F:43,6,wpa2,2019-09-24T16:00:00.000Z,2025-03-08T10:00:00.000Z,Dresden,Sachsen,DE,Brücke 3,01067
E0:4F:43:1E:7B:56,SmartGate_127132,51.17549133,7.23819828,E0:4F:43,6,wpa2,2017-06-21T14:00:00.000Z,2026-03-24T12:00:00.000Z,Remscheid,Nordrhein-Westfalen,DE,A 1,42859
E0:4F:43:1E:7B:5A,SmartGate_704359,53.67427826,7.57641459,E0:4F:43,6,wpa2,2026-07-23T14:00:00.000Z,2026-07-23T08:00:00.000Z,,Niedersachsen,DE,Hauptstraße,26427
E0:4F:43:1E:7B:5C,SmartGate_136352,47.70859528,8.65992451,E0:4F:43,6,wpa2,2024-01-16T18:00:00.000Z,2026-03-06T06:00:00.000Z,,Schaffhausen,CH,Heuweg,8203
E0:4F:43:1E:7B:5E,SmartGate_551021,59.34944916,18.06111145,E0:4F:43,6,wpa2,2018-05-18T13:00:00.000Z,2026-05-12T13:00:00.000Z,,Stockholms län,SE,Valhallavägen,11420
E0:4F:43:1E:7B:67,SmartGate_132867,49.3392868,10.88683224,E0:4F:43,6,wpa2,2025-07-24T16:00:00.000Z,2025-09-13T03:00:00.000Z,,Bayern,DE,Hauptstraße,91189
E0:4F:43:1E:7B:68,SmartGate_123242,50.80981827,6.79084206,E0:4F:43,6,wpa2,2019-12-04T15:00:00.000Z,2025-07-08T11:00:00.000Z,,Nordrhein-Westfalen,DE,A 1;A 61,50374
E0:4F:43:1E:7B:6A,SmartGate_134228,53.92153931,14.27728271,E0:4F:43,6,wpa2,2025-02-21T10:00:00.000Z,2025-11-23T04:00:00.000Z,Świnoujście,województwo zachodniopomorskie,PL,Uzdrowiskowa,72-602
E0:4F:43:1E:7B:6E,SmartGate_136691,51.33276367,12.39662838,E0:4F:43,6,wpa2,2025-06-13T10:00:00.000Z,2026-04-30T06:00:00.000Z,Leipzig,Sachsen,DE,Harnackstraße,04317
E0:4F:43:1E:7B:70,SmartGate_034752,44.32696152,26.17531586,E0:4F:43,6,wpa2,2001-11-15T19:00:00.000Z,2026-01-08T10:00:00.000Z,,Ilfov,RO,Bulevardul 1 Mai,077020
E0:4F:43:1E:7B:72,SmartGate_708412,54.46121597,9.05189896,E0:4F:43,6,wpa2,2017-12-29T13:00:00.000Z,2025-06-25T03:00:00.000Z,,Schleswig-Holstein,DE,Kleiner Krummweg,25813
E0:4F:43:1E:7B:75,SmartGate_134108,40.42977142,19.49349022,E0:4F:43,6,wpa2,2017-03-23T16:00:00.000Z,2025-08-21T05:00:00.000Z,Bashkia Vlorë,Shqipëria Jugore,AL,,9401-9403
E0:4F:43:1E:7B:7D,SmartGate_704467,49.75974655,10.58342838,E0:4F:43,6,wpa2,2022-07-08T14:00:00.000Z,2024-08-12T07:00:00.000Z,,Bayern,DE,A 3,96132
E0:4F:43:1E:7B:7E,SmartGate_551110,59.29624176,14.65755177,E0:4F:43,6,wpa2,2021-04-28T12:00:00.000Z,2024-08-28T08:00:00.000Z,,Örebro län,SE,E 18,
E0:4F:43:1E:7B:7F,SmartGate_166822,60.22389984,25.07640266,E0:4F:43,6,wpa2,2017-11-16T18:00:00.000Z,2025-12-13T02:00:00.000Z,Helsinki,Manner-Suomi,FI,Myllypurontie,00920
E0:4F:43:1E:7B:81,SmartGate_137845,51.31470871,12.35458755,E0:4F:43,6,wpa2,2001-12-11T10:00:00.000Z,2025-11-30T12:00:00.000Z,Leipzig,Sachsen,DE,Die Linie,04277
E0:4F:43:1E:7B:89,SmartGate_542162,50.09088135,14.4288044,E0:4F:43,6,wpa2,2017-08-18T08:00:00.000Z,2025-03-15T08:00:00.000Z,Hlavní město Praha,Praha,CZ,Soukenická,11000
E0:4F:43:1E:7B:8C,SmartGate_166922,48.17184067,11.26633549,E0:4F:43,6,wpa2,2018-10-15T20:00:00.000Z,2024-11-08T11:00:00.000Z,,Bayern,DE,B 2,82256
E0:4F:43:1E:7B:9A,SmartGate_532609,52.14292908,8.77903366,E0:4F:43,6,wpa2,2024-06-21T13:00:00.000Z,2025-04-12T06:00:00.000Z,,Nordrhein-Westfalen,DE,A 2,32602
E0:4F:43:1E:7B:A2,SmartGate_534156,50.70653915,12.75822735,E0:4F:43,6,wpa2,2024-12-23T09:00:00.000Z,2024-12-23T02:00:00.000Z,Stollberg/Erzgebirge,Sachsen,DE,Auer Straße,09366
E0:4F:43:1E:7B:A8,SmartGate_126681,51.12375259,13.68439865,E0:4F:43,6,wpa2,2020-03-09T06:00:00.000Z,2024-09-24T21:00:00.000Z,,Sachsen,DE,Obergasse,01468
E0:4F:43:1E:7B:AB,SmartGate_708275,53.59674454,10.13020039,E0:4F:43,6,wpa2,2023-09-23T08:00:00.000Z,2026-05-13T11:00:00.000Z,Hamburg,Farmsen-Berne,DE,Pulverhofsweg,
E0:4F:43:1E:7B:AC,SmartGate_534203,50.08605957,14.38276863,E0:4F:43,6,wpa2,2017-11-04T18:00:00.000Z,2025-12-22T04:00:00.000Z,Hlavní město Praha,Praha,CZ,Bělohorská,16900
E0:4F:43:1E:7B:AD,SmartGate_123619,49.50619507,17.32928276,E0:4F:43,6,wpa2,2020-08-26T15:00:00.000Z,2025-06-30T09:00:00.000Z,,Střední Morava,CZ,,75103
E0:4F:43:1E:7B:B9,SmartGate_708255,51.03676605,14.16311932,E0:4F:43,6,wpa2,2025-05-12T05:00:00.000Z,2025-05-12T10:00:00.000Z,,Sachsen,DE,Karrenberg,01844
E0:4F:43:1E:7B:BA,SmartGate_704569,51.31403732,6.87660694,E0:4F:43,6,wpa2,2018-11-05T08:00:00.000Z,2026-06-10T05:00:00.000Z,,Nordrhein-Westfalen,DE,Kellersdiek,40882
E0:4F:43:1E:7B:C3,SmartGate_551151,60.20077515,24.97369194,E0:4F:43,6,wpa2,2017-06-13T12:00:00.000Z,2025-04-25T07:00:00.000Z,Helsinki,Manner-Suomi,FI,Kyläsaarenkatu,00580
E0:4F:43:1E:7B:C7,SmartGate_028173,62.91882706,27.67393112,E0:4F:43,6,wpa2,2024-01-02T06:00:00.000Z,2026-03-31T22:00:00.000Z,Kuopio,Manner-Suomi,FI,Kallantie,70340
E0:4F:43:1E:7B:CD,SmartGate_123907,53.48862457,9.667593,E0:4F:43,6,wpa2,2018-01-29T19:00:00.000Z,2024-12-27T09:00:00.000Z,Buxtehude,Niedersachsen,DE,Dammhauser Straße,21614
E0:4F:43:1E:7B:CE,SmartGate_534159,52.30905533,10.50912666,E0:4F:43,6,wpa2,2024-07-28T12:00:00.000Z,2026-03-28T08:00:00.000Z,Braunschweig,Niedersachsen,DE,Hansestraße,38112
E0:4F:43:1E:7B:D0,SmartGate_532146,49.00437164,8.43589306,E0:4F:43,6,wpa2,2026-01-14T08:00:00.000Z,2026-01-21T13:00:00.000Z,Karlsruhe,Baden-Württemberg,DE,Ostring,76137
E0:4F:43:1E:7B:D1,SMARTGATE_123456,51.19700241,12.97459888,E0:4F:43,6,wpa2,2024-08-25T14:00:00.000Z,2024-08-26T10:00:00.000Z,,Sachsen,DE,A 14,04703
E0:4F:43:1E:7B:D4,SMARTGATE_123456,54.30479813,10.1198864,E0:4F:43,6,wpa2,2026-05-26T12:00:00.000Z,2026-05-26T05:00:00.000Z,Kiel,Schleswig-Holstein,DE,Theodor-Heuss-Ring,24113
E0:4F:43:1E:7B:D7,SmartGate_550854,61.47006226,23.83356857,E0:4F:43,6,wpa2,2020-09-25T16:00:00.000Z,2025-02-21T06:00:00.000Z,Tampere,Manner-Suomi,FI,Tampereen itäinen kehätie,33820
E0:4F:43:1E:7B:D8,SmartGate_126233,50.08986282,14.43663025,E0:4F:43,6,wpa2,2018-01-22T09:00:00.000Z,2025-10-18T14:00:00.000Z,Hlavní město Praha,Praha,CZ,U Hájků,116 47
E0:4F:43:1E:7B:E3,SMARTGATE_123456,51.48431396,7.20539713,E0:4F:43,6,wpa2,2020-09-17T08:00:00.000Z,2024-08-11T10:00:00.000Z,Bochum,Nordrhein-Westfalen,DE,Klosterstraße,44787
E0:4F:43:1E:7B:EE,SmartGate_132850,51.83187103,8.24126148,E0:4F:43,6,wpa2,2025-05-10T13:00:00.000Z,2025-05-10T15:00:00.000Z,,Nordrhein-Westfalen,DE,A 2,33378
E0:4F:43:1E:7B:F6,SmartGate_542373,51.92208099,4.53104162,E0:4F:43,6,wpa2,2021-09-09T13:00:00.000Z,2026-07-15T04:00:00.000Z,Rotterdam,Zuid-Holland,NL,'s-Gravenweg,3062SL
E0:4F:43:1E:7B:F8,SmartGate_532628,60.37922668,25.04719543,E0:4F:43,6,wpa2,2017-07-26T18:00:00.000Z,2026-01-06T14:00:00.000Z,,Manner-Suomi,FI,Sulankaari,04320
E0:4F:43:1E:7B:F9,SmartGate_167702,49.28474426,6.78602934,E0:4F:43,6,wpa2,2019-03-12T06:00:00.000Z,2025-09-11T04:00:00.000Z,,Saarland,DE,Saarbrücker Straße,66359
E0:4F:43:1E:7C:01,SmartGate_125868,49.45572662,8.49447155,E0:4F:43,6,wpa2,2019-12-21T15:00:00.000Z,2024-10-06T14:00:00.000Z,Mannheim,Baden-Württemberg,DE,Neckarauer Straße,68199
E0:4F:43:1E:7C:03,SmartGate_535167,43.04166794,17.5284214,E0:4F:43,6,wpa2,2017-08-04T15:00:00.000Z,2024-09-14T13:00:00.000Z,,Dubrovačko-neretvanska županija,HR,D8,20344
E0:4F:43:1E:7C:05,SmartGate_134212,48.4731369,9.89271927,E0:4F:43,6,wpa2,2024-08-16T08:00:00.000Z,2024-08-16T02:00:00.000Z,,Baden-Württemberg,DE,A 8,89160
E0:4F:43:1E:7C:09,SmartGate_127779,47.21229172,7.51681519,E0:4F:43,6,wpa2,2026-06-14T14:00:00.000Z,2026-06-14T10:00:00.000Z,,Solothurn,CH,Bielstrasse,4513
E0:4F:43:1E:7C:0A,SmartGate_028807,49.71688461,18.29838371,E0:4F:43,6,wpa2,2024-12-17T12:00:00.000Z,2024-12-20T11:00:00.000Z,,Moravskoslezsko,CZ,Ostravská,73921
E0:4F:43:1E:7C:0F,SmartGate_028013,44.5006218,26.08256149,E0:4F:43,6,wpa2,2017-10-10T16:00:00.000Z,2026-04-25T12:00:00.000Z,Municipiul București,Băneasa,RO,Șoseaua București-Ploiești,013685
E0:4F:43:1E:7C:10,SmartGate_127400,50.12122726,14.48011303,E0:4F:43,6,wpa2,2017-02-16T08:00:00.000Z,2026-07-25T12:00:00.000Z,Hlavní město Praha,Praha,CZ,Habartická,19000
E0:4F:43:1E:7C:13,SmartGate_530855,47.36924362,8.52558422,E0:4F:43,6,wpa2,2018-08-17T16:00:00.000Z,2025-03-07T05:00:00.000Z,Zürich,Zürich,CH,Manessestrasse,8003
E0:4F:43:1E:7C:14,SmartGate_169358,51.47031403,11.98377228,E0:4F:43,6,wpa2,2026-04-01T16:00:00.000Z,2026-05-10T13:00:00.000Z,Halle,Sachsen-Anhalt,DE,Merseburger Straße,06112
E0:4F:43:1E:7C:17,SmartGate_704345,48.96186066,8.60770035,E0:4F:43,6,wpa2,2017-11-29T08:00:00.000Z,2026-05-29T12:00:00.000Z,,Baden-Württemberg,DE,Am Bahnhof,75203
E0:4F:43:1E:7C:1D,SmartGate_128300,53.04116058,8.84467888,E0:4F:43,6,wpa2,2019-07-11T16:00:00.000Z,2026-03-26T13:00:00.000Z,Bremen,Bremen,DE,Thunackern,28279
E0:4F:43:1E:7C:1E,SmartGate_532622,53.5943718,9.99295235,E0:4F:43,6,wpa2,2017-08-11T17:00:00.000Z,2026-02-03T04:00:00.000Z,Hamburg,Winterhude,DE,Winterhuder Kai,22299
E0:4F:43:1E:7C:20,SmartGate_134075,53.81077194,11.60194016,E0:4F:43,6,wpa2,2025-03-29T15:00:00.000Z,2025-03-30T05:00:00.000Z,,Mecklenburg-Vorpommern,DE,A 14,19417
E0:4F:43:1E:7C:2A,SMARTGATE_123456,51.02736664,7.01099634,E0:4F:43,6,wpa2,2026-06-16T15:00:00.000Z,2026-06-16T09:00:00.000Z,,Nordrhein-Westfalen,DE,A 3,51377
E0:4F:43:1E:7C:39,SmartGate_708536,52.8885994,12.75251675,E0:4F:43,6,wpa2,2025-09-09T05:00:00.000Z,2025-09-09T00:00:00.000Z,,Brandenburg,DE,A 24,16833
E0:4F:43:1E:7C:40,SmartGate_127675,47.75259399,11.5615015,E0:4F:43,6,wpa2,2025-04-22T16:00:00.000Z,2025-04-22T17:00:00.000Z,,Bayern,DE,Lenggrieser Straße,83646
E0:4F:43:1E:7C:42,SmartGate_531556,60.22822571,25.02636909,E0:4F:43,6,wpa2,2020-08-08T14:00:00.000Z,2026-07-03T04:00:00.000Z,Helsinki,Manner-Suomi,FI,Talonpojantie,00790
E0:4F:43:1E:7C:43,SmartGate_704422,49.60461807,17.21826935,E0:4F:43,6,wpa2,2018-07-04T15:00:00.000Z,2025-02-20T23:00:00.000Z,Olomouc,Střední Morava,CZ,35,749 00
E0:4F:43:1E:7C:46,SmartGate_532473,48.16529465,11.45639133,E0:4F:43,6,wpa2,2018-10-06T11:00:00.000Z,2024-10-11T09:00:00.000Z,München,Bayern,DE,Verdistraße,81247
E0:4F:43:1E:7C:47,SMARTGATE_123456,54.12837982,9.95717239,E0:4F:43,6,wpa2,2018-07-30T11:00:00.000Z,2025-04-16T06:00:00.000Z,,Schleswig-Holstein,DE,A 7,24644
E0:4F:43:1E:7C:4C,SmartGate_125776,50.08627319,12.25344658,E0:4F:43,6,wpa2,2021-07-12T07:00:00.000Z,2026-06-21T11:00:00.000Z,,Bayern,DE,Egerstraße,95706
E0:4F:43:1E:7C:52,SmartGate_530458,58.7828064,5.82799959,E0:4F:43,6,wpa2,2025-11-22T14:00:00.000Z,2025-11-22T08:00:00.000Z,,Rogaland,NO,Ålgårdsvegen,4332
E0:4F:43:1E:7C:53,SmartGate_532620,51.10078812,13.71168804,E0:4F:43,6,wpa2,2001-10-20T12:00:00.000Z,2025-04-25T14:00:00.000Z,Dresden,Sachsen,DE,A 4,01129
E0:4F:43:1E:7C:57,SMARTGATE_123456,49.1896019,16.53735924,E0:4F:43,6,wpa2,2019-09-11T16:00:00.000Z,2025-11-18T12:00:00.000Z,Brno,Jihovýchod,CZ,Axmanova,62300
E0:4F:43:1E:7C:58,SmartGate_127311,60.2194519,24.97964859,E0:4F:43,6,wpa2,2018-10-11T10:00:00.000Z,2025-07-22T06:00:00.000Z,Helsinki,Manner-Suomi,FI,Lahdenväylä,00650
E0:4F:43:1E:7C:61,SmartGate_125890,61.47366714,23.8231411,E0:4F:43,6,wpa2,2018-01-07T18:00:00.000Z,2026-06-04T05:00:00.000Z,Tampere,Manner-Suomi,FI,Hallilantie,33820
E0:4F:43:1E:7C:62,SmartGate_704491,47.81537628,9.6394062,E0:4F:43,6,wpa2,2026-02-20T09:00:00.000Z,2026-02-21T12:00:00.000Z,,Baden-Württemberg,DE,Lägelerstraße,88250
E0:4F:43:1E:7C:64,SmartGate_169706,47.42987442,8.41919518,E0:4F:43,6,wpa2,2018-04-16T18:00:00.000Z,2024-12-11T23:00:00.000Z,,Zürich,CH,Steinacherweg,8954
E0:4F:43:1E:7C:67,SmartGate_532906,50.07794189,14.56623459,E0:4F:43,6,wpa2,2017-04-10T17:00:00.000Z,2026-07-04T02:00:00.000Z,Hlavní město Praha,Praha,CZ,Štěrboholská spojka,19012
E0:4F:43:1E:7C:6C,SmartGate_169462,47.18680191,8.52975845,E0:4F:43,6,wpa2,2020-01-12T16:00:00.000Z,2025-06-12T11:00:00.000Z,,Zug,CH,Inwilerstrasse,6341
E0:4F:43:1E:7C:71,SmartGate_027709,50.0831871,14.4838028,E0:4F:43,6,wpa2,2019-02-21T17:00:00.000Z,2026-02-18T04:00:00.000Z,Hlavní město Praha,Praha,CZ,Nad Třebešínem I,10000
E0:4F:43:1E:7C:72,SmartGate_526757,59.55044556,17.89943695,E0:4F:43,6,wpa2,2025-07-20T15:00:00.000Z,2025-07-20T10:00:00.000Z,,Stockholms län,SE,Uppsalavägen,19437
E0:4F:43:1E:7C:75,SmartGate_047836,61.47969055,23.84127617,E0:4F:43,6,wpa2,2021-05-28T08:00:00.000Z,2026-07-03T05:00:00.000Z,Tampere,Manner-Suomi,FI,Pullerikinahde,33700
E0:4F:43:1E:7C:77,SmartGate_704103,51.64988327,6.61480379,E0:4F:43,6,wpa2,2025-05-11T17:00:00.000Z,2025-05-12T04:00:00.000Z,Wesel,Nordrhein-Westfalen,DE,Rheinbabenstraße,46483
E0:4F:43:1E:7C:80,SmartGate_128657,49.73086166,11.51216602,E0:4F:43,6,wpa2,2025-04-19T14:00:00.000Z,2025-11-01T07:00:00.000Z,,Bayern,DE,A 9,91257
E0:4F:43:1E:7C:81,SmartGate_527019,60.17208481,24.84105301,E0:4F:43,6,wpa2,2017-11-11T13:00:00.000Z,2025-07-05T08:00:00.000Z,Espoo,Manner-Suomi,FI,Kalanokanranta,02150
E0:4F:43:1E:7C:85,SmartGate_169453,61.47838211,23.87540627,E0:4F:43,6,wpa2,2024-05-22T08:00:00.000Z,2024-09-02T23:00:00.000Z,Tampere,Manner-Suomi,FI,Hankkionkaari,33710
E0:4F:43:1E:7C:8B,SmartGate_126919,48.15665054,11.85335064,E0:4F:43,6,wpa2,2025-10-08T18:00:00.000Z,2026-08-03T03:00:00.000Z,,Bayern,DE,Erdinger Straße,85646
E0:4F:43:1E:7C:8C,SmartGate_534312,53.01199722,18.58510399,E0:4F:43,6,wpa2,2017-12-07T07:00:00.000Z,2025-01-23T09:00:00.000Z,Toruń,województwo kujawsko-pomorskie,PL,Adama Mickiewicza,87-100
E0:4F:43:1E:7C:8F,SmartGate_526499,59.61093521,16.56146622,E0:4F:43,6,wpa2,2021-03-04T08:00:00.000Z,2025-08-12T09:00:00.000Z,Västerås,Västmanlands län,SE,Kungsängsgatan,721 30
E0:4F:43:1E:7C:90,SmartGate_128366,48.26453018,11.29166889,E0:4F:43,6,wpa2,2017-07-26T10:00:00.000Z,2025-07-25T03:00:00.000Z,,Bayern,DE,A 8,85232
E0:4F:43:1E:7C:92,SmartGate_535265,48.13186264,16.34524536,E0:4F:43,6,wpa2,2025-04-20T14:00:00.000Z,2025-04-20T08:00:00.000Z,Gemeinde Vösendorf,Niederösterreich,AT,Wiener Außenring Schnellstraße,2331
E0:4F:43:1E:7C:93,SmartGate_029662,50.12092972,14.49923325,E0:4F:43,6,wpa2,2018-01-19T13:00:00.000Z,2026-08-06T02:00:00.000Z,Hlavní město Praha,Praha,CZ,Jablonecká,191 00
E0:4F:43:1E:7C:94,SmartGate_169860,60.25920486,24.92977905,E0:4F:43,6,wpa2,2021-11-06T14:00:00.000Z,2025-02-06T07:00:00.000Z,Helsinki,Manner-Suomi,FI,Kuusmiehentie,00670
E0:4F:43:1E:7C:95,SmartGate_169092,61.45066071,23.76509666,E0:4F:43,6,wpa2,2020-06-25T18:00:00.000Z,2026-01-23T07:00:00.000Z,Tampere,Manner-Suomi,FI,3;9,33841
E0:4F:43:1E:7C:96,SmartGate_129148,51.55731964,7.08019638,E0:4F:43,6,wpa2,2018-02-07T07:00:00.000Z,2025-02-09T13:00:00.000Z,Gelsenkirchen,Nordrhein-Westfalen,DE,Surkampstraße,45891
E0:4F:43:1E:7C:97,SmartGate_534699,50.41646194,16.16329956,E0:4F:43,6,wpa2,2024-09-17T12:00:00.000Z,2024-09-17T05:00:00.000Z,Náchod,Severovýchod,CZ,Masarykovo náměstí,54701
E0:4F:43:1E:7C:9A,SmartGate_168913,61.05797577,28.244627,E0:4F:43,6,wpa2,2026-05-28T11:00:00.000Z,2026-05-28T06:00:00.000Z,Lappeenranta,Manner-Suomi,FI,Joukahaisenkatu,53500
E0:4F:43:1E:7C:A1,SmartGate_048087,48.14827728,17.10832596,E0:4F:43,6,wpa2,2017-08-21T15:00:00.000Z,2024-11-14T05:00:00.000Z,Bratislava,Bratislavský kraj,SK,Hodžovo námestie,811 06
E0:4F:43:1E:7C:A4,SmartGate_048119,50.10560608,14.43373489,E0:4F:43,6,wpa2,2019-05-01T03:00:00.000Z,2025-04-15T07:00:00.000Z,Hlavní město Praha,Praha,CZ,U Výstaviště,17000
E0:4F:43:1E:7C:A9,SmartGate_134552,48.09737778,11.55738926,E0:4F:43,6,wpa2,2019-11-29T16:00:00.000Z,2025-01-08T18:00:00.000Z,München,Bayern,DE,Siebenbrunner Straße,81543
E0:4F:43:1E:7C:AD,SmartGate_027661,60.24018097,24.89742279,E0:4F:43,6,wpa2,2017-07-10T14:00:00.000Z,2025-02-17T07:00:00.000Z,Helsinki,Manner-Suomi,FI,Kirjokalliontie,00400
E0:4F:43:1E:7C:B4,SmartGate_128769,60.23948288,25.06792068,E0:4F:43,6,wpa2,2024-04-02T11:00:00.000Z,2026-07-20T07:00:00.000Z,Helsinki,Manner-Suomi,FI,Lohkarekuja,00940
E0:4F:43:1E:7C:BD,SmartGate_535036,49.08484268,16.17458916,E0:4F:43,6,wpa2,2021-05-30T19:00:00.000Z,2025-03-15T03:00:00.000Z,,Jihovýchod,CZ,152,675 50
E0:4F:43:1E:7C:BF,SmartGate_534984,50.0025177,14.65670204,E0:4F:43,6,wpa2,2017-08-11T08:00:00.000Z,2026-06-19T08:00:00.000Z,,Střední Čechy,CZ,Technická,25101
E0:4F:43:1E:7C:C3,SmartGate_128642,53.18344116,10.08262634,E0:4F:43,6,wpa2,2025-06-12T14:00:00.000Z,2025-11-08T08:00:00.000Z,,Niedersachsen,DE,A 7,21272
E0:4F:43:1E:7C:C7,SmartGate_125958,49.98601151,15.78558731,E0:4F:43,6,wpa2,2017-03-16T17:00:00.000Z,2026-06-15T00:00:00.000Z,,Severovýchod,CZ,,53002
E0:4F:43:1E:7C:CB,SmartGate_169135,49.63505936,6.18213749,E0:4F:43,6,wpa2,2025-11-15T09:00:00.000Z,2025-11-15T02:00:00.000Z,Luxembourg,Canton Luxembourg,LU,Autoroute de Trèves,2951
E0:4F:43:1E:7C:CC,SmartGate_168782,61.47319794,23.76377487,E0:4F:43,6,wpa2,2023-07-02T16:00:00.000Z,2026-03-04T07:00:00.000Z,Tampere,Manner-Suomi,FI,Lentokentänkatu,33900
E0:4F:43:1E:7C:D1,SmartGate_533768,49.30577469,10.96372604,E0:4F:43,6,wpa2,2021-07-16T13:00:00.000Z,2024-09-13T08:00:00.000Z,Kammerstein,Bayern,DE,A 6,91126
E0:4F:43:1E:7C:D5,SmartGate_129227,50.10688782,14.44161034,E0:4F:43,6,wpa2,2025-10-18T15:00:00.000Z,2025-10-19T03:00:00.000Z,Hlavní město Praha,Praha,CZ,Železničářů,17000
E0:4F:43:1E:7C:D8,SmartGate_532550,51.0561409,13.80390167,E0:4F:43,6,wpa2,2020-12-31T10:00:00.000Z,2024-10-06T06:00:00.000Z,Dresden,Sachsen,DE,Hans-Böhm-Straße,01309
E0:4F:43:1E:7C:D9,SmartGate_704012,47.10751724,21.89514732,E0:4F:43,6,wpa2,2024-11-30T15:00:00.000Z,2024-11-30T11:00:00.000Z,Oradea,Bihor,RO,Strada Suișului,410144
E0:4F:43:1E:7C:DA,SmartGate_703571,49.97371292,8.27577782,E0:4F:43,6,wpa2,2020-08-27T16:00:00.000Z,2024-09-22T06:00:00.000Z,Mainz,Rheinland-Pfalz,DE,A 60,55129
E0:4F:43:1E:7C:DF,SmartGate_531445,48.11050415,11.46847916,E0:4F:43,6,wpa2,2018-08-01T14:00:00.000Z,2026-08-09T14:00:00.000Z,München,Bayern,DE,Marchioninistraße,81377
E0:4F:43:1E:7C:E6,SmartGate_132176,49.19435501,16.61038399,E0:4F:43,6,wpa2,2023-09-08T11:00:00.000Z,2026-02-03T00:00:00.000Z,Brno,Jihovýchod,CZ,Minoritská,602 00
E0:4F:43:1E:7C:F1,SMARTGATE_123456,60.21259308,24.79610252,E0:4F:43,6,wpa2,2017-08-05T20:00:00.000Z,2026-07-22T10:00:00.000Z,Espoo,Manner-Suomi,FI,Kesäyönpolku,02600
E0:4F:43:1E:7C:F3,SmartGate_129162,60.49898148,26.87159729,E0:4F:43,6,wpa2,2024-09-08T08:00:00.000Z,2024-09-08T09:00:00.000Z,Kotka,Manner-Suomi,FI,Mussalontie,48400
E0:4F:43:1E:7C:F6,SmartGate_048142,50.06451797,14.35739326,E0:4F:43,6,wpa2,2017-11-23T17:00:00.000Z,2024-09-04T11:00:00.000Z,Hlavní město Praha,Praha,CZ,U Lesíka,15000
E0:4F:43:1E:7C:FB,SmartGate_704718,52.02926254,8.53311157,E0:4F:43,6,wpa2,2017-05-23T16:00:00.000Z,2026-05-11T07:00:00.000Z,Bielefeld,Nordrhein-Westfalen,DE,Bahnhofsplatz,33602
E0:4F:43:1E:7D:00,SmartGate_532781,51.47998047,9.39122868,E0:4F:43,6,wpa2,2019-02-07T17:00:00.000Z,2026-05-09T19:00:00.000Z,,Hessen,DE,B 83,34369
E0:4F:43:1E:7D:01,SMARTGATE_123456,49.01053238,8.39119911,E0:4F:43,6,wpa2,2018-04-29T19:00:00.000Z,2026-06-07T03:00:00.000Z,Karlsruhe,Baden-Württemberg,DE,Kaiserstraße,76133
E0:4F:43:1E:7D:06,SmartGate_535441,59.41534805,24.70929337,E0:4F:43,6,wpa2,2017-07-15T17:00:00.000Z,2025-11-07T06:00:00.000Z,Tallinn,Harju maakond,EE,Sõpruse pst,13417
E0:4F:43:1E:7D:08,SmartGate_535255,47.39434433,8.41743851,E0:4F:43,6,wpa2,2017-09-25T13:00:00.000Z,2026-02-27T10:00:00.000Z,,Zürich,CH,Bernstrasse,8902
E0:4F:43:1E:7D:0F,SmartGate_532780,51.43444824,9.84779358,E0:4F:43,6,wpa2,2025-09-07T14:00:00.000Z,2025-09-07T10:00:00.000Z,,Niedersachsen,DE,A 7,37124
E0:4F:43:1E:7D:12,SMARTGATE_123456,49.60175705,17.24635887,E0:4F:43,6,wpa2,2018-08-22T19:00:00.000Z,2025-06-22T11:00:00.000Z,Olomouc,Střední Morava,CZ,Dolní hejčínská,77900
E0:4F:43:1E:7D:1A,SmartGate_532497,49.88192749,11.56260395,E0:4F:43,6,wpa2,2026-07-25T10:00:00.000Z,2026-07-25T09:00:00.000Z,,Bayern,DE,A 9,95473
E0:4F:43:1E:7D:1B,SMARTGATE_123456,54.38941193,13.54324055,E0:4F:43,6,wpa2,2021-06-04T11:00:00.000Z,2026-06-06T08:00:00.000Z,,Mecklenburg-Vorpommern,DE,Bergener Straße,18528
E0:4F:43:1E:7D:20,SMARTGATE_123456,48.95827484,9.13316822,E0:4F:43,6,wpa2,2023-08-08T15:00:00.000Z,2025-09-26T10:00:00.000Z,,Baden-Württemberg,DE,Stuttgarter Straße,74321
E0:4F:43:1E:7D:2A,SmartGate_168829,60.83118057,24.65698624,E0:4F:43,6,wpa2,2020-11-12T15:00:00.000Z,2025-06-30T10:00:00.000Z,,Manner-Suomi,FI,Helsinki-Tampere valtatie,12400
E0:4F:43:1E:7D:35,SmartGate_541270,61.47638702,23.87117577,E0:4F:43,6,wpa2,2023-12-18T10:00:00.000Z,2026-06-17T06:00:00.000Z,Tampere,Manner-Suomi,FI,Juvankatu,33710
E0:4F:43:1E:7D:47,SmartGate_048322,48.79358673,9.00074863,E0:4F:43,6,wpa2,2018-02-17T17:00:00.000Z,2025-04-06T11:00:00.000Z,,Baden-Württemberg,DE,Brennerstraße,71229
E0:4F:43:1E:7D:52,SmartGate_703755,50.73806381,15.01218891,E0:4F:43,6,wpa2,2025-07-29T14:00:00.000Z,2025-08-26T07:00:00.000Z,Liberec,Severovýchod,CZ,Horní Hanychov,46008
E0:4F:43:1E:7D:55,SmartGate_129557,51.46249008,7.42489481,E0:4F:43,6,wpa2,2017-04-13T11:00:00.000Z,2025-09-13T01:00:00.000Z,Dortmund,Nordrhein-Westfalen,DE,Terwestenstraße,44227
E0:4F:43:1E:7D:57,SmartGate_169711,61.4600563,23.84488487,E0:4F:43,6,wpa2,2017-07-20T12:00:00.000Z,2026-05-22T07:00:00.000Z,Tampere,Manner-Suomi,FI,Hervannan valtaväylä,33720
E0:4F:43:1E:7D:60,SmartGate_169081,62.90002441,27.67734909,E0:4F:43,6,wpa2,2025-08-16T07:00:00.000Z,2026-05-26T08:00:00.000Z,Kuopio,Manner-Suomi,FI,Puijonkatu,70300
E0:4F:43:1E:7D:6B,SmartGate_170850,60.30342484,24.98916054,E0:4F:43,6,wpa2,2017-07-13T18:00:00.000Z,2026-02-09T09:00:00.000Z,Vantaa,Manner-Suomi,FI,Kiitoradankuja,01530
E0:4F:43:1E:7D:6E,SmartGate_170790,62.89136887,27.65740967,E0:4F:43,6,wpa2,2018-11-12T15:00:00.000Z,2026-07-02T09:00:00.000Z,Kuopio,Manner-Suomi,FI,Huuhankatu,70600
E0:4F:43:1E:7D:74,SmartGate_703933,49.00951767,8.45957565,E0:4F:43,6,wpa2,2018-01-24T16:00:00.000Z,2026-08-06T18:00:00.000Z,Karlsruhe,Baden-Württemberg,DE,A 5,76227
E0:4F:43:1E:7D:7A,SmartGate_526660,60.20316315,24.88849258,E0:4F:43,6,wpa2,2023-03-07T07:00:00.000Z,2024-10-16T10:00:00.000Z,Helsinki,Manner-Suomi,FI,,
E0:4F:43:1E:7D:7D,SmartGate_123363,51.32836151,12.39996147,E0:4F:43,6,wpa2,2022-11-15T17:00:00.000Z,2026-02-04T05:00:00.000Z,Leipzig,Sachsen,DE,Witzgallstraße,04317
E0:4F:43:1E:7D:7E,SmartGate_535595,60.20612717,24.94416237,E0:4F:43,6,wpa2,2017-10-28T12:00:00.000Z,2025-12-25T02:00:00.000Z,Helsinki,Manner-Suomi,FI,Ratamestarinkatu,00077
E0:4F:43:1E:7D:84,SmartGate_029238,45.76060104,21.22884369,E0:4F:43,6,wpa2,2019-02-19T10:00:00.000Z,2026-06-05T06:00:00.000Z,Timișoara,Timiș,RO,Intrarea Doinei,300085
E0:4F:43:1E:7D:8B,SmartGate_169662,61.47563934,23.7782383,E0:4F:43,6,wpa2,2018-06-17T16:00:00.000Z,2025-11-26T06:00:00.000Z,Tampere,Manner-Suomi,FI,Lahdenperänkatu,33800
E0:4F:43:1E:7D:8C,SmartGate_126451,49.7978096,9.93585205,E0:4F:43,6,wpa2,2019-02-13T15:00:00.000Z,2024-11-19T11:00:00.000Z,Würzburg,Bayern,DE,Heinestraße,97070
E0:4F:43:1E:7D:93,SmartGate_703421,48.00880814,9.50565529,E0:4F:43,6,wpa2,2017-10-16T07:00:00.000Z,2025-09-08T05:00:00.000Z,,Baden-Württemberg,DE,Altshauser Straße,88348
E0:4F:43:1E:7D:9A,SmartGate_125961,48.05593491,11.71589184,E0:4F:43,6,wpa2,2024-12-20T10:00:00.000Z,2026-03-25T14:00:00.000Z,,Bayern,DE,Grasbrunner Weg,85662
E0:4F:43:1E:7D:A0,SMARTGATE_123456,49.78499222,10.14577675,E0:4F:43,6,wpa2,2019-03-11T14:00:00.000Z,2025-07-24T09:00:00.000Z,,Bayern,DE,A 3,97320
E0:4F:43:1E:7D:A3,SmartGate_127674,52.45845413,9.99149895,E0:4F:43,6,wpa2,2026-06-03T15:00:00.000Z,2026-06-03T09:00:00.000Z,,Niedersachsen,DE,Weserstraße,31303
E0:4F:43:1E:7D:A4,SmartGate_048110,47.54808807,9.7236824,E0:4F:43,6,wpa2,2021-09-16T17:00:00.000Z,2025-02-21T06:00:00.000Z,Lindau (Bodensee),Bayern,DE,Bregenzer Straße,88131
E0:4F:43:1E:7D:A5,SMARTGATE_123456,48.81477356,11.35092354,E0:4F:43,6,wpa2,2017-05-19T15:00:00.000Z,2024-12-30T13:00:00.000Z,,Bayern,DE,EI 5,85080
E0:4F:43:1E:7D:A8,SmartGate_533729,47.67802429,7.57014465,E0:4F:43,6,wpa2,2019-10-26T08:00:00.000Z,2025-01-23T11:00:00.000Z,,Baden-Württemberg,DE,Am alten Weg,79588
E0:4F:43:1E:7D:B0,SmartGate_127666,47.38243866,8.41955757,E0:4F:43,6,wpa2,2017-09-08T17:00:00.000Z,2026-07-17T07:00:00.000Z,,Zürich,CH,Im Chlösterli,8902
E0:4F:43:1E:7D:B9,SmartGate_128210,49.76376724,16.6980381,E0:4F:43,6,wpa2,2017-08-02T14:00:00.000Z,2025-06-07T00:00:00.000Z,,Severovýchod,CZ,35,57101
E0:4F:43:1E:7D:BD,SMARTGATE_123456,50.53240967,7.37541437,E0:4F:43,6,wpa2,2019-11-29T14:00:00.000Z,2026-07-27T14:00:00.000Z,,Rheinland-Pfalz,DE,Dietrich-Schareina-Weg,53557
E0:4F:43:1E:7D:C1,SmartGate_705080,53.54734039,10.0374918,E0:4F:43,6,wpa2,2024-11-15T12:00:00.000Z,2024-11-15T04:00:00.000Z,Hamburg,Hamburg-Mitte,DE,Süderstraße,20537
E0:4F:43:1E:7D:C4,SmartGate_531623,48.51108551,9.04476833,E0:4F:43,6,wpa2,2020-07-11T13:00:00.000Z,2026-06-26T02:00:00.000Z,,Baden-Württemberg,DE,Europastraße,72072
E0:4F:43:1E:7D:C5,SmartGate_123169,51.04512787,6.96545649,E0:4F:43,6,wpa2,2017-05-08T06:00:00.000Z,2025-05-16T01:00:00.000Z,,Nordrhein-Westfalen,DE,Alter Bürriger Deich,51373
E0:4F:43:1E:7D:C9,SmartGate_705166,48.66632843,9.34791279,E0:4F:43,6,wpa2,2017-08-05T13:00:00.000Z,2026-07-25T12:00:00.000Z,,Baden-Württemberg,DE,B 313,72669
E0:4F:43:1E:7D:CA,SmartGate_047948,60.19521713,24.90725517,E0:4F:43,6,wpa2,2018-11-27T16:00:00.000Z,2026-07-14T08:00:00.000Z,Helsinki,Manner-Suomi,FI,Lehtikuusentie,00270
E0:4F:43:1E:7D:D2,SmartGate_027273,44.44055939,26.07295799,E0:4F:43,6,wpa2,2022-04-13T09:00:00.000Z,2024-10-31T11:00:00.000Z,Municipiul București,Gara de Nord,RO,Strada Mircea Vulcănescu,010826
E0:4F:43:1E:7D:D3,SmartGate_129086,60.22228622,25.05900383,E0:4F:43,6,wpa2,2017-06-18T16:00:00.000Z,2025-06-09T06:00:00.000Z,Helsinki,Manner-Suomi,FI,Neulapadontie,00920
E0:4F:43:1E:7D:D6,SmartGate_533648,49.00266266,12.23781109,E0:4F:43,6,wpa2,2022-07-11T16:00:00.000Z,2026-07-17T13:00:00.000Z,Barbing,Bayern,DE,,93092
E0:4F:43:1E:7D:DB,SmartGate_531602,49.43531036,11.04287243,E0:4F:43,6,wpa2,2020-06-17T20:00:00.000Z,2026-06-06T03:00:00.000Z,Nürnberg,Bayern,DE,Geisseestraße,90439
E0:4F:43:1E:7D:DC,SmartGate_168874,61.5242157,23.64584351,E0:4F:43,6,wpa2,2019-11-15T16:00:00.000Z,2026-07-12T00:00:00.000Z,,Manner-Suomi,FI,Paasikiventie,33420
E0:4F:43:1E:7D:E3,SmartGate_535328,59.22680283,17.80026245,E0:4F:43,6,wpa2,2023-06-11T12:00:00.000Z,2024-11-20T23:00:00.000Z,,Stockholms län,SE,Aspen naturstig,14590
E0:4F:43:1E:7D:E4,SmartGate_704253,43.35121918,-1.6246258,E0:4F:43,6,wpa2,2017-08-22T12:00:00.000Z,2025-12-11T22:00:00.000Z,,Nouvelle-Aquitaine,FR,Route de Saint-Jean-de-Luz,64310
E0:4F:43:1E:7D:E7,SMARTGATE_123456,52.85646057,5.72386503,E0:4F:43,6,wpa2,2022-07-01T08:00:00.000Z,2026-06-18T04:00:00.000Z,Eesterga,Fryslân,NL,A6,8534
E0:4F:43:1E:7D:E9,SmartGate_127818,60.20337296,24.93522644,E0:4F:43,6,wpa2,2017-08-17T08:00:00.000Z,2026-07-10T01:00:00.000Z,Helsinki,Manner-Suomi,FI,Messuaukio,00520
E0:4F:43:1E:7D:EC,SmartGate_129285,62.61685562,29.77231026,E0:4F:43,6,wpa2,2018-12-12T22:00:00.000Z,2026-07-21T18:00:00.000Z,Joensuu,Manner-Suomi,FI,Kajaanintie,80100
E0:4F:43:1E:7D:ED,SmartGate_169653,60.25059128,24.84781647,E0:4F:43,6,wpa2,2020-05-15T17:00:00.000Z,2026-06-06T06:00:00.000Z,Helsinki,Manner-Suomi,FI,,00390
E0:4F:43:1E:7D:F4,SmartGate_704376,49.89778519,8.57224751,E0:4F:43,6,wpa2,2017-05-29T11:00:00.000Z,2025-08-10T04:00:00.000Z,,Hessen,DE,Griesheimer Weg,64331
E0:4F:43:1E:7D:F6,SmartGate_125257,54.68717575,9.32642746,E0:4F:43,6,wpa2,2024-09-27T08:00:00.000Z,2024-09-27T05:00:00.000Z,Wanderup,Schleswig-Holstein,DE,Husumer Straße,24997
E0:4F:43:1E:7E:01,SmartGate_169785,61.48697662,23.85962868,E0:4F:43,6,wpa2,2017-09-24T17:00:00.000Z,2025-11-14T05:00:00.000Z,Tampere,Manner-Suomi,FI,Lautamiehenkatu,33560
E0:4F:43:1E:7E:0C,SmartGate_128285,48.51799774,9.77434158,E0:4F:43,6,wpa2,2017-04-21T20:00:00.000Z,2025-02-14T11:00:00.000Z,,Baden-Württemberg,DE,A 8,89188
E0:4F:43:1E:7E:14,SmartGate_533014,51.87997437,8.25811672,E0:4F:43,6,wpa2,2026-01-04T17:00:00.000Z,2026-04-13T06:00:00.000Z,,Nordrhein-Westfalen,DE,Rhedaer Straße,33442
E0:4F:43:1E:7E:15,SMARTGATE_123456,52.10816956,8.69892502,E0:4F:43,6,wpa2,2020-03-02T16:00:00.000Z,2026-07-26T02:00:00.000Z,,Nordrhein-Westfalen,DE,Im Bramschenkamp,32049
E0:4F:43:1E:7E:18,SmartGate_027372,49.06628036,16.67629623,E0:4F:43,6,wpa2,2022-02-20T19:00:00.000Z,2026-07-14T12:00:00.000Z,,Jihovýchod,CZ,416,664 57
E0:4F:43:1E:7E:1E,SmartGate_126676,50.55757141,9.65997696,E0:4F:43,6,wpa2,2025-05-21T15:00:00.000Z,2025-05-21T09:00:00.000Z,,Hessen,DE,Maberzeller Straße,36041
E0:4F:43:1E:7E:24,SmartGate_705207,54.09391785,12.16647911,E0:4F:43,6,wpa2,2017-08-20T21:00:00.000Z,2025-03-30T13:00:00.000Z,Rostock,Mecklenburg-Vorpommern,DE,Rövershäger Chaussee,18146
E0:4F:43:1E:7E:26,SmartGate_531948,47.31134033,8.51755714,E0:4F:43,6,wpa2,2017-04-08T18:00:00.000Z,2025-10-18T08:00:00.000Z,,Zürich,CH,Hofernweg,8134
E0:4F:43:1E:7E:29,SmartGate_704391,51.47936249,11.96175575,E0:4F:43,6,wpa2,2023-06-10T23:00:00.000Z,2025-09-16T12:00:00.000Z,,Sachsen-Anhalt,DE,Ratswerder,06110
E0:4F:43:1E:7E:2B,SmartGate_048373,49.08481216,20.06587601,E0:4F:43,6,wpa2,2017-06-12T15:00:00.000Z,2026-06-16T08:00:00.000Z,,Prešovský kraj,SK,Partizánska,05941
E0:4F:43:1E:7E:2E,SmartGate_128036,49.65673828,14.42176819,E0:4F:43,6,wpa2,2025-06-18T05:00:00.000Z,2025-06-17T22:00:00.000Z,,Střední Čechy,CZ,Na Potůčku,26401
E0:4F:43:1E:7E:2F,SmartGate_048035,60.26207733,24.9076767,E0:4F:43,6,wpa2,2019-12-07T18:00:00.000Z,2024-12-17T08:00:00.000Z,Helsinki,Manner-Suomi,FI,Haltiavuorentaival,00430
E0:4F:43:1E:7E:34,SmartGate_533776,49.62929153,10.17631721,E0:4F:43,6,wpa2,2017-04-27T18:00:00.000Z,2025-11-10T08:00:00.000Z,,Bayern,DE,A 7,97340
E0:4F:43:1E:7E:3C,SmartGate_128063,60.19233322,25.01839638,E0:4F:43,6,wpa2,2019-03-08T13:00:00.000Z,2025-05-31T07:00:00.000Z,Helsinki,Manner-Suomi,FI,Sinivuokkopolku,00881
E0:4F:43:1E:7E:3E,SmartGate_704450,48.11111832,11.43755627,E0:4F:43,6,wpa2,2018-07-06T09:00:00.000Z,2026-02-19T05:00:00.000Z,,Bayern,DE,Max-Bruch-Straße,82166
E0:4F:43:1E:7E:42,SmartGate_704074,51.83990097,5.81950998,E0:4F:43,6,wpa2,2022-01-13T12:00:00.000Z,2026-06-30T02:00:00.000Z,Nijmegen,Gelderland,NL,Energieweg,6541CX
E0:4F:43:1E:7E:44,SMARTGATE_123456,52.43201828,13.38850498,E0:4F:43,6,wpa2,2020-12-30T15:00:00.000Z,2025-03-19T05:00:00.000Z,Berlin,Tempelhof-Schöneberg,DE,Mariendorfer Damm,12107
E0:4F:43:1E:7E:4A,SmartGate_532877,60.22208023,24.8607235,E0:4F:43,6,wpa2,2022-07-07T23:00:00.000Z,2025-04-06T08:00:00.000Z,Helsinki,Manner-Suomi,FI,Hiilloskuja,00370
E0:4F:43:1E:7E:4C,SmartGate_123547,52.03316498,8.19365311,E0:4F:43,6,wpa2,2025-10-07T05:00:00.000Z,2025-12-15T23:00:00.000Z,,Nordrhein-Westfalen,DE,Lange Straße,33775
E0:4F:43:1E:7E:5A,SMARTGATE_123456,50.78157806,6.07761431,E0:4F:43,6,wpa2,2024-06-21T12:00:00.000Z,2025-12-17T05:00:00.000Z,Aachen,Nordrhein-Westfalen,DE,Pontwall,52062
E0:4F:43:1E:7E:5E,SMARTGATE_123456,46.10296631,6.34756994,E0:4F:43,6,wpa2,2025-03-01T09:00:00.000Z,2025-03-04T12:00:00.000Z,Arenthon,Auvergne-Rhône-Alpes,FR,Autoroute Blanche,74800
E0:4F:43:1E:7E:63,SmartGate_169528,61.48019409,23.65515518,E0:4F:43,6,wpa2,2017-04-12T07:00:00.000Z,2026-01-03T06:00:00.000Z,,Manner-Suomi,FI,,33960
E0:4F:43:1E:7E:64,SmartGate_129313,52.04524994,8.6315403,E0:4F:43,6,wpa2,2019-02-01T11:00:00.000Z,2025-09-11T15:00:00.000Z,Bielefeld,Nordrhein-Westfalen,DE,Altenhagener Straße,33729
E0:4F:43:1E:7E:68,SmartGate_169558,60.19601059,24.83790398,E0:4F:43,6,wpa2,2017-03-23T18:00:00.000Z,2026-05-21T05:00:00.000Z,Espoo,Manner-Suomi,FI,Servin Maijan tie,02150
E0:4F:43:1E:7E:76,SmartGate_129141,53.62812805,11.51779079,E0:4F:43,6,wpa2,2017-10-04T08:00:00.000Z,2026-07-24T11:00:00.000Z,,Mecklenburg-Vorpommern,DE,A 14,19065
E0:4F:43:1E:7E:84,SmartGate_027806,49.77897263,13.37091446,E0:4F:43,6,wpa2,2018-05-08T13:00:00.000Z,2025-10-13T13:00:00.000Z,Plzeň,Jihozápad,CZ,Gerská,32300
E0:4F:43:1E:7E:86,SmartGate_127605,49.96730804,8.85983181,E0:4F:43,6,wpa2,2017-06-27T17:00:00.000Z,2026-07-12T00:00:00.000Z,,Hessen,DE,B 45,63110
E0:4F:43:1E:7E:88,SmartGate_532281,49.29074478,12.81995487,E0:4F:43,6,wpa2,2025-10-20T07:00:00.000Z,2025-10-20T01:00:00.000Z,Arnschwang,Bayern,DE,B 20,93473
E0:4F:43:1E:7E:8A,SmartGate_027468,49.99986649,14.39585114,E0:4F:43,6,wpa2,2017-04-14T12:00:00.000Z,2025-04-25T10:00:00.000Z,Hlavní město Praha,Praha,CZ,Strakonická,15900
E0:4F:43:1E:7E:8B,SmartGate_128830,60.19616699,25.04271126,E0:4F:43,6,wpa2,2017-05-30T16:00:00.000Z,2025-01-02T05:00:00.000Z,Helsinki,Manner-Suomi,FI,Puusepänkatu,00880
E0:4F:43:1E:7E:8F,SmartGate_705212,51.90006256,10.48234081,E0:4F:43,6,wpa2,2024-11-29T15:00:00.000Z,2024-12-01T02:00:00.000Z,,Niedersachsen,DE,Höhlenweg,38642
E0:4F:43:1E:7E:91,SmartGate_168516,62.90409088,27.67889214,E0:4F:43,6,wpa2,2026-05-29T13:00:00.000Z,2026-05-29T16:00:00.000Z,Kuopio,Manner-Suomi,FI,Kallantie,70300
E0:4F:43:1E:7E:96,SmartGate_705128,51.30435562,9.53878212,E0:4F:43,6,wpa2,2017-10-19T17:00:00.000Z,2026-03-29T01:00:00.000Z,Kassel,Hessen,DE,Heiligenröder Straße,34123
E0:4F:43:1E:7E:99,SmartGate_027861,45.73035431,21.20490646,E0:4F:43,6,wpa2,2020-10-01T23:00:00.000Z,2025-08-08T14:00:00.000Z,Timișoara,Timiș,RO,Strada Grădinii,300493
E0:4F:43:1E:7E:A1,SmartGate_170680,60.22797012,24.88490868,E0:4F:43,6,wpa2,2019-01-23T13:00:00.000Z,2025-10-26T11:00:00.000Z,Helsinki,Manner-Suomi,FI,Hopeatie,00440
E0:4F:43:1E:7E:A8,SmartGate_169227,49.69562531,6.46417809,E0:4F:43,6,wpa2,2021-08-29T16:00:00.000Z,2025-08-22T08:00:00.000Z,,Canton Grevenmacher,LU,N 1;N 10,6688
E0:4F:43:1E:7E:AC,SmartGate_170718,62.45532227,22.23218918,E0:4F:43,6,wpa2,2025-08-15T11:00:00.000Z,2025-08-15T07:00:00.000Z,Kauhajoki,Manner-Suomi,FI,Kaskistentie,61850
E0:4F:43:1E:7E:BA,SmartGate_704592,49.47197723,8.45356846,E0:4F:43,6,wpa2,2019-09-14T18:00:00.000Z,2026-07-16T02:00:00.000Z,Ludwigshafen am Rhein,Rheinland-Pfalz,DE,Rheinallee,67061
E0:4F:43:1E:7E:BC,SmartGate_170268,50.25094986,12.90216446,E0:4F:43,6,wpa2,2023-09-25T12:00:00.000Z,2025-04-08T08:00:00.000Z,,Severozápad,CZ,Pod Lipami,36263
E0:4F:43:1E:7E:BD,SmartGate_128937,51.12238693,16.97632599,E0:4F:43,6,wpa2,2017-03-24T15:00:00.000Z,2026-06-01T09:00:00.000Z,,województwo dolnośląskie,PL,,54-207
E0:4F:43:1E:7E:C1,SmartGate_170051,49.14054489,16.59657097,E0:4F:43,6,wpa2,2017-12-19T12:00:00.000Z,2026-06-08T12:00:00.000Z,Brno,Jihovýchod,CZ,,619 00
E0:4F:43:1E:7E:C3,SmartGate_169181,60.18379974,24.7789669,E0:4F:43,6,wpa2,2022-07-24T15:00:00.000Z,2026-05-03T14:00:00.000Z,Espoo,Manner-Suomi,FI,Tuulenpesä,02130
E0:4F:43:1E:7E:C5,SMARTGATE_123456,50.07062531,8.22720718,E0:4F:43,6,wpa2,2024-11-18T17:00:00.000Z,2024-11-19T00:00:00.000Z,Wiesbaden,Hessen,DE,Schiersteiner Straße,65187
E0:4F:43:1E:7E:C8,SmartGate_531549,52.30938339,10.46149254,E0:4F:43,6,wpa2,2026-04-09T13:00:00.000Z,2026-04-09T07:00:00.000Z,Braunschweig,Niedersachsen,DE,Steinecke,38112
E0:4F:43:1E:7E:CD,SmartGate_705042,53.53547287,10.16181946,E0:4F:43,6,wpa2,2018-11-13T17:00:00.000Z,2026-06-19T06:00:00.000Z,,Schleswig-Holstein,DE,Uferstraße,22113
E0:4F:43:1E:7E:D1,SmartGate_047921,50.48694611,4.89439583,E0:4F:43,6,wpa2,2024-08-08T14:00:00.000Z,2025-07-03T09:00:00.000Z,,Namur,BE,Rue Hébar,5020
E0:4F:43:1E:7E:D2,SmartGate_128916,47.53919601,7.61447859,E0:4F:43,6,wpa2,2019-06-17T16:00:00.000Z,2024-11-10T22:00:00.000Z,Basel,Basel-Stadt,CH,Brüglingerstrasse,4052
E0:4F:43:1E:7E:D6,SmartGate_531591,48.86882782,11.4671545,E0:4F:43,6,wpa2,2024-10-06T12:00:00.000Z,2024-10-06T16:00:00.000Z,,Bayern,DE,A 9,85134
E0:4F:43:1E:7E:D9,SmartGate_170553,47.43562317,8.47496796,E0:4F:43,6,wpa2,2023-05-05T12:00:00.000Z,2025-01-11T12:00:00.000Z,,Zürich,CH,Althardstrasse,8105
E0:4F:43:1E:7E:DD,SmartGate_704606,48.57851791,13.36441803,E0:4F:43,6,wpa2,2023-08-27T12:00:00.000Z,2025-03-12T13:00:00.000Z,,Bayern,DE,A 3,94036
E0:4F:43:1E:7E:E5,SMARTGATE_123456,51.33805847,9.44133091,E0:4F:43,6,wpa2,2019-03-14T16:00:00.000Z,2026-03-01T06:00:00.000Z,Kassel,Hessen,DE,Kronenstraße,34128
E0:4F:43:1E:7E:ED,SMARTGATE_123456,47.88841248,8.36569881,E0:4F:43,6,wpa2,2023-08-03T14:00:00.000Z,2025-10-24T10:00:00.000Z,Löffingen,Baden-Württemberg,DE,B 31,79843
E0:4F:43:1E:7E:F2,SmartGate_129291,51.04701233,13.75830936,E0:4F:43,6,wpa2,2018-04-14T11:00:00.000Z,2026-04-13T13:00:00.000Z,Dresden,Sachsen,DE,Georg-Nerlich-Straße,01307
E0:4F:43:1E:7E:FB,SMARTGATE_123456,49.8644371,8.59669781,E0:4F:43,6,wpa2,2017-10-19T17:00:00.000Z,2026-06-04T14:00:00.000Z,,Hessen,DE,Wilhelm-Leuschner-Straße,64347
E0:4F:43:1E:7E:FC,SmartGate_526445,63.42496872,10.39407253,E0:4F:43,6,wpa2,2017-09-11T17:00:00.000Z,2025-12-16T10:00:00.000Z,,Trøndelag,NO,Elvepromenade,7016
E0:4F:43:1E:7F:0A,SmartGate_539876,59.37479782,18.01676178,E0:4F:43,6,wpa2,2017-12-23T13:00:00.000Z,2025-01-16T00:00:00.000Z,,Stockholms län,SE,Uppsalavägen,169 82
E0:4F:43:1E:7F:1B,SmartGate_160271,50.10892487,14.68480015,E0:4F:43,6,wpa2,2017-07-11T17:00:00.000Z,2025-03-23T04:00:00.000Z,,Střední Čechy,CZ,K Úvozu,25092
E0:4F:43:1E:7F:27,SmartGate_547736,60.26367569,24.87144089,E0:4F:43,6,wpa2,2021-05-10T10:00:00.000Z,2025-09-07T10:00:00.000Z,Vantaa,Manner-Suomi,FI,Vuorimestarintori,01610
E0:4F:43:1E:7F:59,SmartGate_032685,50.82524109,12.90680408,E0:4F:43,6,wpa2,2017-07-08T15:00:00.000Z,2025-11-09T01:00:00.000Z,Chemnitz,Sachsen,DE,Am Walkgraben,09119
E0:4F:43:1E:7F:AF,SmartGate_707296,51.39500809,6.76842451,E0:4F:43,6,wpa2,2023-10-23T14:00:00.000Z,2026-06-16T07:00:00.000Z,Duisburg,Nordrhein-Westfalen,DE,Zum Lith,47055
E0:4F:43:1E:7F:CB,SmartGate_169733,60.24230194,25.00699425,E0:4F:43,6,wpa2,2017-06-04T19:00:00.000Z,2026-08-04T06:00:00.000Z,Helsinki,Manner-Suomi,FI,Kehä I,00710
E0:4F:43:1E:7F:CD,SMARTGATE_123456,49.66010666,8.60718632,E0:4F:43,6,wpa2,2024-10-06T17:00:00.000Z,2024-10-06T13:00:00.000Z,,Hessen,DE,A 5,64625
E0:4F:43:1E:7F:CE,SmartGate_536048,51.83965302,10.77269077,E0:4F:43,6,wpa2,2017-08-15T18:00:00.000Z,2026-04-02T08:00:00.000Z,,Sachsen-Anhalt,DE,Gießerweg,38855
E0:4F:43:1E:7F:D0,SmartGate_169898,60.88037872,26.70194435,E0:4F:43,5,wpa2,2018-07-23T17:00:00.000Z,2026-06-19T04:00:00.000Z,Kouvola,Manner-Suomi,FI,Lahdentie,45100
E0:4F:43:1E:7F:D3,SmartGate_027602,45.73507309,21.20916939,E0:4F:43,6,wpa2,2017-11-24T10:00:00.000Z,2025-08-08T14:00:00.000Z,Timișoara,Timiș,RO,Calea Șagului,300488
E0:4F:43:1E:7F:D4,SmartGate_135414,50.03807449,14.54813194,E0:4F:43,6,wpa2,2019-09-13T11:00:00.000Z,2026-01-10T02:00:00.000Z,Hlavní město Praha,Praha,CZ,Turínská,10900
E0:4F:43:1E:7F:D6,SMARTGATE_123456,59.31333542,18.13652611,E0:4F:43,6,wpa2,2025-01-03T17:00:00.000Z,2026-07-23T06:00:00.000Z,,Stockholms län,SE,Värmdöleden,131 36
E0:4F:43:1E:7F:DF,SMARTGATE_123456,51.12739944,7.6235857,E0:4F:43,6,wpa2,2024-12-04T14:00:00.000Z,2024-12-04T11:00:00.000Z,Kierspe,Nordrhein-Westfalen,DE,Volmestraße,58566
E0:4F:43:1E:7F:E8,SmartGate_169173,60.22810745,25.00505447,E0:4F:43,6,wpa2,2021-08-26T16:00:00.000Z,2025-01-18T14:00:00.000Z,Helsinki,Manner-Suomi,FI,Lahdenväylä,00710
E0:4F:43:1E:7F:ED,SmartGate_137559,47.49795151,8.73770618,E0:4F:43,6,wpa2,2018-09-15T15:00:00.000Z,2025-12-05T14:00:00.000Z,Winterthur,Zürich,CH,Gärtnerstrasse,8400
E0:4F:43:1E:7F:F0,SmartGate_527105,48.95726395,8.57360649,E0:4F:43,6,wpa2,2021-11-24T13:00:00.000Z,2026-03-04T14:00:00.000Z,,Baden-Württemberg,DE,Schulstraße,75196
E0:4F:43:1E:7F:F1,SmartGate_534713,60.29471588,24.86266518,E0:4F:43,6,wpa2,2017-10-04T08:00:00.000Z,2025-03-24T22:00:00.000Z,,Manner-Suomi,FI,Kehä III,01770
E0:4F:43:1E:7F:F8,SmartGate_532557,50.14755249,11.6888752,E0:4F:43,6,wpa2,2022-04-09T11:00:00.000Z,2025-09-03T11:00:00.000Z,,Bayern,DE,Mühlstraße,95236
E0:4F:43:1E:7F:FD,SmartGate_704182,48.19179916,9.06069946,E0:4F:43,6,wpa2,2018-01-26T12:00:00.000Z,2024-09-03T04:00:00.000Z,,Baden-Württemberg,DE,B 463,72458
E0:4F:43:1E:7F:FF,SmartGate_704032,54.02388382,12.05815125,E0:4F:43,6,wpa2,2024-07-23T15:00:00.000Z,2024-09-26T02:00:00.000Z,,Mecklenburg-Vorpommern,DE,B 103,18059
E0:4F:43:1E:80:01,SmartGate_704860,53.65952682,7.28751802,E0:4F:43,6,wpa2,2019-11-05T11:00:00.000Z,2026-07-04T09:00:00.000Z,,Niedersachsen,DE,Theener Oststreek,26524
E0:4F:43:1E:80:02,SmartGate_138608,60.22554398,24.82384109,E0:4F:43,6,wpa2,2017-07-13T18:00:00.000Z,2025-05-15T07:00:00.000Z,Espoo,Manner-Suomi,FI,Kehä I,02650
E0:4F:43:1E:80:03,SmartGate_535161,49.20326996,19.41822815,E0:4F:43,6,wpa2,2024-07-28T07:00:00.000Z,2024-09-15T01:00:00.000Z,,Žilinský kraj,SK,,
E0:4F:43:1E:80:04,SmartGate_129934,49.80463409,8.62460518,E0:4F:43,6,wpa2,2018-07-06T18:00:00.000Z,2025-06-22T08:00:00.000Z,,Hessen,DE,A 5,64319
E0:4F:43:1E:80:06,SmartGate_526645,50.10639191,14.50027657,E0:4F:43,6,wpa2,2017-02-11T16:00:00.000Z,2025-11-07T07:00:00.000Z,Hlavní město Praha,Praha,CZ,Ocelářská,190 00
E0:4F:43:1E:80:0A,SmartGate_536003,60.24644089,24.93930054,E0:4F:43,6,wpa2,2018-08-13T18:00:00.000Z,2026-01-07T22:00:00.000Z,Helsinki,Manner-Suomi,FI,Ripusuontie,00675
E0:4F:43:1E:80:0C,SmartGate_131678,49.29783249,14.14406109,E0:4F:43,6,wpa2,2026-05-27T18:00:00.000Z,2026-05-28T08:00:00.000Z,Písek,Jihozápad,CZ,140,39741
E0:4F:43:1E:80:0E,SmartGate_135215,50.91247177,11.59337997,E0:4F:43,6,wpa2,2019-05-29T14:00:00.000Z,2024-08-28T07:00:00.000Z,Jena,Thüringen,DE,Untere Kernberghorizontale,07749
E0:4F:43:1E:80:10,SmartGate_165819,49.4831543,17.12425613,E0:4F:43,6,wpa2,2017-08-24T16:00:00.000Z,2025-01-14T10:00:00.000Z,Prostějov,Střední Morava,CZ,Konečná,79607
E0:4F:43:1E:80:12,SmartGate_131947,49.20755005,7.01617527,E0:4F:43,6,wpa2,2025-03-19T17:00:00.000Z,2025-10-31T09:00:00.000Z,Saarbrücken,Saarland,DE,Hegemeister-Bergmann-Weg,66119
E0:4F:43:1E:80:13,SMARTGATE_123456,54.50744629,8.9578495,E0:4F:43,6,wpa2,2022-12-22T11:00:00.000Z,2026-01-27T01:00:00.000Z,Wobbenbüll,Schleswig-Holstein,DE,,25856
E0:4F:43:1E:80:19,SmartGate_527061,50.12576675,15.28577328,E0:4F:43,6,wpa2,2017-08-17T20:00:00.000Z,2026-05-04T09:00:00.000Z,,Střední Čechy,CZ,328,289 05
E0:4F:43:1E:80:1A,SmartGate_125083,52.51353073,13.47034645,E0:4F:43,6,wpa2,2017-06-01T11:00:00.000Z,2025-07-19T04:00:00.000Z,Berlin,Samariterviertel,DE,Weichselstraße,10247
E0:4F:43:1E:80:1E,SmartGate_533655,50.45474625,7.86910677,E0:4F:43,6,wpa2,2018-09-05T09:00:00.000Z,2024-08-23T05:00:00.000Z,,Rheinland-Pfalz,DE,A 3,56412
E0:4F:43:1E:80:28,SmartGate_535566,47.03937531,16.30543137,E0:4F:43,6,wpa2,2022-08-09T12:00:00.000Z,2025-08-06T08:00:00.000Z,Gemeinde Güssing,Burgenland,AT,B57,7540
E0:4F:43:1E:80:29,SmartGate_134949,60.22833252,24.85232544,E0:4F:43,6,wpa2,2018-11-04T18:00:00.000Z,2026-05-30T06:00:00.000Z,Helsinki,Manner-Suomi,FI,Kokkopolku,00370
E0:4F:43:1E:80:30,SmartGate_130539,52.45158386,13.39437485,E0:4F:43,6,wpa2,2018-10-27T20:00:00.000Z,2025-11-10T11:00:00.000Z,Berlin,Tempelhof-Schöneberg,DE,Ullsteinstraße,12109
E0:4F:43:1E:80:33,SmartGate_131850,50.37187576,14.37565994,E0:4F:43,6,wpa2,2017-08-26T16:00:00.000Z,2024-10-22T07:00:00.000Z,,Severozápad,CZ,246,27704
E0:4F:43:1E:80:39,SMARTGATE_123456,49.31851578,6.91341209,E0:4F:43,6,wpa2,2019-03-17T15:00:00.000Z,2026-05-16T02:00:00.000Z,,Saarland,DE,Am Mühlengarten,
E0:4F:43:1E:80:3E,SmartGate_047667,60.22465897,24.91523933,E0:4F:43,6,wpa2,2018-11-16T16:00:00.000Z,2024-12-11T10:00:00.000Z,Helsinki,Manner-Suomi,FI,Keskuspuistontaival,00230
E0:4F:43:1E:80:41,SmartGate_170803,51.31920624,7.34244108,E0:4F:43,6,wpa2,2018-02-17T15:00:00.000Z,2026-04-08T09:00:00.000Z,,Nordrhein-Westfalen,DE,Kölner Straße,58285
E0:4F:43:1E:80:42,SmartGate_533118,50.53304672,14.13423729,E0:4F:43,6,wpa2,2017-02-15T17:00:00.000Z,2024-09-16T16:00:00.000Z,,Severozápad,CZ,Mostecká,41201
E0:4F:43:1E:80:43,SmartGate_128181,53.5519104,9.95904922,E0:4F:43,6,wpa2,2024-06-09T13:00:00.000Z,2025-10-29T10:00:00.000Z,Hamburg,Hamburg-Mitte,DE,Talstraße,20359
E0:4F:43:1E:80:4D,SmartGate_534666,52.49165344,13.39605331,E0:4F:43,6,wpa2,2020-07-17T09:00:00.000Z,2025-05-13T13:00:00.000Z,Berlin,Friedrichshain-Kreuzberg,DE,Gneisenaustraße,10961
E0:4F:43:1E:80:50,SmartGate_128667,60.44377899,22.28678894,E0:4F:43,6,wpa2,2024-10-23T13:00:00.000Z,2024-10-23T06:00:00.000Z,Turku,Manner-Suomi,FI,Uudenmaantie,20500
E0:4F:43:1E:80:55,SmartGate_130006,53.13195419,8.19407177,E0:4F:43,6,wpa2,2025-07-20T15:00:00.000Z,2025-07-20T10:00:00.000Z,,Niedersachsen,DE,A 28,26122
E0:4F:43:1E:80:57,SmartGate_533146,51.4367218,-0.78771114,E0:4F:43,6,wpa2,2017-09-12T16:00:00.000Z,2026-03-29T09:00:00.000Z,,England,GB,Terrace Road North,RG42 4JF
E0:4F:43:1E:80:5D,SmartGate_535380,53.68286514,-1.78413534,E0:4F:43,6,wpa2,2025-08-09T13:00:00.000Z,2026-06-29T10:00:00.000Z,Kirklees,England,GB,M62,HD6 3TT
E0:4F:43:1E:80:61,SMARTGATE_123456,50.13062286,8.75894737,E0:4F:43,6,wpa2,2018-11-14T15:00:00.000Z,2026-02-20T22:00:00.000Z,Frankfurt am Main,Hessen,DE,Cassellastraße,60386
E0:4F:43:1E:80:64,SmartGate_128939,48.18367004,7.74769545,E0:4F:43,6,wpa2,2026-06-24T10:00:00.000Z,2026-06-27T07:00:00.000Z,,Baden-Württemberg,DE,A 5,79359
E0:4F:43:1E:80:65,SmartGate_533330,61.45836258,23.66813087,E0:4F:43,6,wpa2,2017-05-31T16:00:00.000Z,2026-04-09T07:00:00.000Z,,Manner-Suomi,FI,Kuntoiluportaat,33960
E0:4F:43:1E:80:66,SmartGate_534140,51.04178238,13.73576641,E0:4F:43,6,wpa2,2021-09-29T17:00:00.000Z,2026-04-28T12:00:00.000Z,Dresden,Sachsen,DE,St. Petersburger Straße,01069
E0:4F:43:1E:80:67,SMARTGATE_123456,53.47123718,11.31598091,E0:4F:43,6,wpa2,2018-02-01T22:00:00.000Z,2024-11-03T06:00:00.000Z,,Mecklenburg-Vorpommern,DE,A 24,19230
E0:4F:43:1E:80:6C,SmartGate_137574,53.5609169,10.03417206,E0:4F:43,6,wpa2,2017-10-16T09:00:00.000Z,2025-12-03T20:00:00.000Z,Hamburg,Hohenfelde,DE,Angerstraße,22087
E0:4F:43:1E:80:73,SmartGate_156225,48.08577347,11.48802948,E0:4F:43,6,wpa2,2020-05-02T13:00:00.000Z,2025-08-30T08:00:00.000Z,München,Bayern,DE,Olympiastraße,81475
E0:4F:43:1E:80:76,SmartGate_169679,60.22518921,24.91991997,E0:4F:43,6,wpa2,2017-07-07T18:00:00.000Z,2026-04-02T07:00:00.000Z,Helsinki,Manner-Suomi,FI,Keskuspuistontaival,00630
E0:4F:43:1E:80:79,SmartGate_157779,51.02656937,5.85383892,E0:4F:43,6,wpa2,2017-08-22T05:00:00.000Z,2025-10-04T01:00:00.000Z,,Limburg,NL,Hasseltsebaan,6135GZ
E0:4F:43:1E:80:7B,SmartGate_152860,48.99022675,8.38975143,E0:4F:43,6,wpa2,2025-12-08T06:00:00.000Z,2026-02-03T08:00:00.000Z,Karlsruhe,Baden-Württemberg,DE,Albwinkel,76135
E0:4F:43:1E:80:7E,SmartGate_534926,51.01839828,13.72923756,E0:4F:43,6,wpa2,2018-04-26T18:00:00.000Z,2024-09-07T02:00:00.000Z,Dresden,Sachsen,DE,Innsbrucker Straße,01189
E0:4F:43:1E:80:86,SMARTGATE_123456,51.01262665,13.77784157,E0:4F:43,6,wpa2,2018-02-07T14:00:00.000Z,2025-05-16T03:00:00.000Z,Dresden,Sachsen,DE,Dohnaer Straße,01219
E0:4F:43:1E:80:88,SMARTGATE_123456,50.27164078,11.65814686,E0:4F:43,6,wpa2,2017-06-11T18:00:00.000Z,2026-04-11T13:00:00.000Z,,Bayern,DE,St 2194,95131
E0:4F:43:1E:80:8E,SmartGate_128346,48.76536942,16.88885498,E0:4F:43,6,wpa2,2026-05-29T13:00:00.000Z,2026-05-29T08:00:00.000Z,,Jihovýchod,CZ,Lidická,69002
E0:4F:43:1E:80:91,SmartGate_531350,52.98106384,-0.25879559,E0:4F:43,6,wpa2,2001-01-01T00:00:00.000Z,2025-11-16T17:00:00.000Z,North Kesteven,England,GB,A17,PE20 3QF
E0:4F:43:1E:80:93,SmartGate_707558,52.25373459,6.18036556,E0:4F:43,6,wpa2,2023-08-12T15:00:00.000Z,2026-03-10T00:00:00.000Z,Deventer,Overijssel,NL,Amstellaan,7417AH
E0:4F:43:1E:80:94,SmartGate_132488,48.01922226,13.24390888,E0:4F:43,6,wpa2,2018-09-27T10:00:00.000Z,2025-12-05T06:00:00.000Z,,Oberösterreich,AT,Alter Markt,5211
E0:4F:43:1E:80:96,SmartGate_532681,60.93629074,25.62898636,E0:4F:43,6,wpa2,2024-12-07T09:00:00.000Z,2024-12-07T01:00:00.000Z,Lahti,Manner-Suomi,FI,Myyntimiehenkatu,15700
E0:4F:43:1E:80:9A,SmartGate_128823,48.86865997,9.26755619,E0:4F:43,6,wpa2,2024-11-15T07:00:00.000Z,2024-11-15T02:00:00.000Z,,Baden-Württemberg,DE,Fellbacher Straße,71686
E0:4F:43:1E:80:9D,SmartGate_530751,49.307827,16.21979904,E0:4F:43,6,wpa2,2017-06-02T18:00:00.000Z,2024-08-19T10:00:00.000Z,,Jihovýchod,CZ,379,59501
E0:4F:43:1E:80:9E,SMARTGATE_123456,53.1318779,12.45928764,E0:4F:43,6,wpa2,2025-05-25T15:00:00.000Z,2025-08-03T07:00:00.000Z,,Brandenburg,DE,A 19,16909
E0:4F:43:1E:80:A0,SMARTGATE_123456,52.39402771,13.20338345,E0:4F:43,6,wpa2,2018-03-25T13:00:00.000Z,2024-09-23T08:00:00.000Z,,Brandenburg,DE,Alte Potsdamer Landstraße,14532
E0:4F:43:1E:80:A3,SmartGate_142142,48.81562424,9.14446449,E0:4F:43,6,wpa2,2018-12-06T06:00:00.000Z,2024-08-22T04:00:00.000Z,Stuttgart,Baden-Württemberg,DE,Bebenhäuser,70469
E0:4F:43:1E:80:A5,SmartGate_128350,52.43799973,8.61325932,E0:4F:43,6,wpa2,2024-10-15T16:00:00.000Z,2026-07-25T09:00:00.000Z,Rahden,Nordrhein-Westfalen,DE,Gänsebrink,32369
E0:4F:43:1E:80:A6,SmartGate_547675,58.65543747,13.75029087,E0:4F:43,6,wpa2,2025-02-17T18:00:00.000Z,2025-02-17T22:00:00.000Z,,Västra Götalands län,SE,E 20,54235
E0:4F:43:1E:80:A9,SmartGate_534956,49.44341278,11.84467793,E0:4F:43,6,wpa2,2026-03-14T15:00:00.000Z,2026-07-17T07:00:00.000Z,,Bayern,DE,Nürnberger Straße,92224
E0:4F:43:1E:80:AB,SmartGate_129793,48.97055054,12.50301743,E0:4F:43,6,wpa2,2026-08-02T10:00:00.000Z,2026-08-03T14:00:00.000Z,Kirchroth,Bayern,DE,A 3,94356
E0:4F:43:1E:80:AC,SmartGate_532786,53.56579971,10.07483196,E0:4F:43,6,wpa2,2018-04-25T18:00:00.000Z,2025-02-03T20:00:00.000Z,Hamburg,Marienthal,DE,Kurvenstraße,22043
E0:4F:43:1E:80:AE,SmartGate_543434,50.02908707,14.2723608,E0:4F:43,6,wpa2,2017-12-29T13:00:00.000Z,2026-04-11T09:00:00.000Z,,Střední Čechy,CZ,Mirešická,25225
E0:4F:43:1E:80:B1,SmartGate_703426,48.40878677,9.97646713,E0:4F:43,6,wpa2,2018-09-07T13:00:00.000Z,2025-02-18T09:00:00.000Z,Ulm,Baden-Württemberg,DE,B 10,89081
E0:4F:43:1E:80:B3,SmartGate_531618,53.57598114,10.05840206,E0:4F:43,6,wpa2,2017-09-06T18:00:00.000Z,2026-05-11T09:00:00.000Z,Hamburg,Dulsberg,DE,,22049
E0:4F:43:1E:80:B4,SmartGate_123327,52.03882599,8.57891178,E0:4F:43,6,wpa2,2026-06-11T16:00:00.000Z,2026-06-11T09:00:00.000Z,Bielefeld,Nordrhein-Westfalen,DE,Eckendorfer Straße,33609
E0:4F:43:1E:80:B6,SmartGate_137378,45.84103394,24.9738636,E0:4F:43,6,wpa2,2017-05-24T12:00:00.000Z,2026-05-18T02:00:00.000Z,,Brașov,RO,Strada Nicolae Bălcescu,505200
E0:4F:43:1E:80:B7,SmartGate_534397,49.35735321,17.09271431,E0:4F:43,6,wpa2,2018-08-28T20:00:00.000Z,2026-05-12T07:00:00.000Z,,Střední Morava,CZ,43311,798 07
E0:4F:43:1E:80:BA,SmartGate_532914,52.53102112,10.59734726,E0:4F:43,6,wpa2,2017-08-14T18:00:00.000Z,2025-06-21T09:00:00.000Z,,Niedersachsen,DE,Dorfstraße,38524
E0:4F:43:1E:80:BC,SMARTGATE_123456,52.57941055,13.28468609,E0:4F:43,6,wpa2,2018-01-15T16:00:00.000Z,2026-01-22T01:00:00.000Z,Berlin,Reinickendorf,DE,Biedenkopfer Straße,13507
E0:4F:43:1E:80:BD,SmartGate_135176,49.20291138,16.60737419,E0:4F:43,6,wpa2,2026-03-02T06:00:00.000Z,2026-05-05T08:00:00.000Z,Brno,Jihovýchod,CZ,Lidická,601 51
E0:4F:43:1E:80:BE,SmartGate_530990,52.24018478,20.88908005,E0:4F:43,6,wpa2,2018-10-04T17:00:00.000Z,2025-04-15T15:00:00.000Z,Blizne Łaszczyńskiego,województwo mazowieckie,PL,Warszawska,01-479
E0:4F:43:1E:80:C0,SmartGate_155002,50.61818695,14.77029228,E0:4F:43,6,wpa2,2017-07-22T08:00:00.000Z,2025-01-31T11:00:00.000Z,,Severovýchod,CZ,268,471 24
E0:4F:43:1E:80:C1,SmartGate_129245,60.19094849,24.85426521,E0:4F:43,6,wpa2,2017-07-30T17:00:00.000Z,2026-03-12T22:00:00.000Z,Helsinki,Manner-Suomi,FI,,00340
E0:4F:43:1E:80:C4,SMARTGATE_123456,52.88489914,8.28061962,E0:4F:43,6,wpa2,2026-07-14T14:00:00.000Z,2026-07-17T12:00:00.000Z,,Niedersachsen,DE,A 1,26197
E0:4F:43:1E:80:C6,SmartGate_179843,51.27069473,6.29221535,E0:4F:43,6,wpa2,2024-08-12T09:00:00.000Z,2024-08-12T07:00:00.000Z,,Nordrhein-Westfalen,DE,Linder Straße,41751
E0:4F:43:1E:80:CA,SmartGate_129081,51.45741272,11.99411583,E0:4F:43,6,wep,2018-01-25T15:00:00.000Z,2025-09-16T12:00:00.000Z,Halle,Sachsen-Anhalt,DE,Dieselstraße,
E0:4F:43:1E:80:CB,SMARTGATE_123456,47.60130692,9.66279984,E0:4F:43,6,wpa2,2018-02-08T18:00:00.000Z,2025-04-17T08:00:00.000Z,Lindau (Bodensee),Bayern,DE,St 2375,88131
E0:4F:43:1E:80:D2,SmartGate_531500,53.15221024,12.87727833,E0:4F:43,6,wpa2,2017-12-15T11:00:00.000Z,2024-09-17T06:00:00.000Z,,Brandenburg,DE,Rheinsberger Straße,16831
E0:4F:43:1E:80:D7,SmartGate_535349,48.37874222,17.58478928,E0:4F:43,6,wpa2,2018-06-23T14:00:00.000Z,2024-08-30T09:00:00.000Z,Trnava,Trnavský kraj,SK,Štefánikova,917 01
E0:4F:43:1E:80:D8,SmartGate_531491,61.46664429,23.77192116,E0:4F:43,6,wpa2,2025-06-14T10:00:00.000Z,2025-06-14T03:00:00.000Z,Tampere,Manner-Suomi,FI,Lempääläntie,33840
E0:4F:43:1E:80:DA,SmartGate_703566,50.57591248,8.50903988,E0:4F:43,6,wpa2,2025-07-22T16:00:00.000Z,2025-07-22T10:00:00.000Z,,Hessen,DE,Naunheimer Straße,35576
E0:4F:43:1E:80:DD,SmartGate_544160,48.15689087,17.12241364,E0:4F:43,6,wpa2,2026-03-15T09:00:00.000Z,2026-03-18T11:00:00.000Z,Bratislava,Bratislavský kraj,SK,Jiskrova,
E0:4F:43:1E:80:E2,SmartGate_156306,50.87997055,4.43598986,E0:4F:43,6,wpa2,2001-01-02T01:00:00.000Z,2026-02-23T06:00:00.000Z,,Vlaams-Brabant,BE,A201,1831
E0:4F:43:1E:80:EB,SmartGate_127247,53.61596298,10.15739632,E0:4F:43,6,wpa2,2001-01-01T02:00:00.000Z,2025-04-02T11:00:00.000Z,Hamburg,Oldenfelde,DE,Meiendorfer Straße,22145
E0:4F:43:1E:80:ED,SmartGate_533686,49.3734436,16.57157898,E0:4F:43,6,wpa2,2022-06-20T20:00:00.000Z,2025-08-13T03:00:00.000Z,,Jihovýchod,CZ,43,67922
E0:4F:43:1E:80:F5,SmartGate_531347,50.08904648,15.22798061,E0:4F:43,6,wpa2,2017-10-04T15:00:00.000Z,2026-07-22T12:00:00.000Z,,Střední Čechy,CZ,,28002
E0:4F:43:1E:80:F9,SmartGate_128739,51.06110382,13.69262314,E0:4F:43,6,wpa2,2025-06-16T17:00:00.000Z,2025-06-16T10:00:00.000Z,Dresden,Sachsen,DE,Hamburger Straße,01067
E0:4F:43:1E:80:FA,SmartGate_032641,49.92778015,16.92989922,E0:4F:43,6,wpa2,2022-04-18T12:00:00.000Z,2026-05-24T04:00:00.000Z,,Střední Morava,CZ,,78961
E0:4F:43:1E:80:FB,SMARTGATE_123456,50.44290543,8.69475079,E0:4F:43,6,wpa2,2025-09-26T16:00:00.000Z,2025-09-27T03:00:00.000Z,,Hessen,DE,A 5,35516
E0:4F:43:1E:80:FD,SmartGate_157776,47.29931641,8.5958643,E0:4F:43,6,wpa2,2024-11-11T15:00:00.000Z,2025-05-29T09:00:00.000Z,,Zürich,CH,Seestrasse,8703
E0:4F:43:1E:80:FF,SmartGate_703400,53.47242737,9.71455383,E0:4F:43,6,wpa2,2022-10-12T12:00:00.000Z,2024-12-06T05:00:00.000Z,Buxtehude,Niedersachsen,DE,Konrad-Adenauer-Allee,21614
E0:4F:43:1E:81:02,SmartGate_532924,50.94213867,13.40019989,E0:4F:43,6,wpa2,2018-05-09T17:00:00.000Z,2025-09-29T12:00:00.000Z,,Sachsen,DE,ehem. Schmalspurbahn Klingenberg-Colmnitz–Oberdittmannsdorf,09633
E0:4F:43:1E:81:05,SmartGate_531367,59.2997551,18.04640007,E0:4F:43,6,wpa2,2017-05-22T18:00:00.000Z,2026-04-10T02:00:00.000Z,,Stockholms län,SE,Bränningevägen,120 58
E0:4F:43:1E:81:08,SmartGate_153322,51.46005249,11.97879601,E0:4F:43,6,wpa2,2018-09-19T13:00:00.000Z,2026-07-21T07:00:00.000Z,,Sachsen-Anhalt,DE,Barbarastraße,06110
E0:4F:43:1E:81:10,SmartGate_703555,48.15319443,11.61479568,E0:4F:43,6,wpa2,2025-09-03T16:00:00.000Z,2025-09-03T10:00:00.000Z,München,Bayern,DE,Effnerstraße,81925
E0:4F:43:1E:81:1D,SmartGate_703494,51.90272141,8.62217617,E0:4F:43,6,wpa2,2025-06-11T15:00:00.000Z,2026-06-23T07:00:00.000Z,,Nordrhein-Westfalen,DE,Föhrenweg,33758
E0:4F:43:1E:81:22,SMARTGATE_123456,52.25844955,10.40200329,E0:4F:43,6,wpa2,2026-02-21T17:00:00.000Z,2026-02-22T09:00:00.000Z,,Niedersachsen,DE,B 1,38159
E0:4F:43:1E:81:23,SmartGate_152907,47.29656982,8.56388855,E0:4F:43,6,wpa2,2018-08-05T09:00:00.000Z,2025-03-21T12:00:00.000Z,,Zürich,CH,Bahnhofstrasse,8800
E0:4F:43:1E:81:28,SmartGate_526527,60.14413071,11.20025635,E0:4F:43,6,wpa2,2017-04-18T07:00:00.000Z,2024-09-24T08:00:00.000Z,,Viken,NO,Bråtevegen,2052
E0:4F:43:1E:81:30,SmartGate_530606,47.4700737,7.63986731,E0:4F:43,6,wpa2,2019-06-18T13:00:00.000Z,2026-07-30T07:00:00.000Z,,Solothurn,CH,Gempenstrasse,4145
E0:4F:43:1E:81:37,SmartGate_032869,49.00666428,14.44897938,E0:4F:43,6,wpa2,2023-02-08T17:00:00.000Z,2026-07-29T16:00:00.000Z,České Budějovice,Jihozápad,CZ,20,37011
E0:4F:43:1E:81:38,SmartGate_703526,53.56106567,10.06409359,E0:4F:43,6,wpa2,2024-11-05T12:00:00.000Z,2025-06-30T09:00:00.000Z,Hamburg,Hamburg-Mitte,DE,Perthesweg,20535
E0:4F:43:1E:81:39,SmartGate_707428,50.68468857,7.14915276,E0:4F:43,6,wpa2,2019-04-09T10:00:00.000Z,2025-11-26T09:00:00.000Z,,Nordrhein-Westfalen,DE,Auf dem Godesberg,53177
E0:4F:43:1E:81:3B,SmartGate_530750,50.4318428,14.1315937,E0:4F:43,6,wpa2,2018-10-29T12:00:00.000Z,2025-11-19T10:00:00.000Z,,Severozápad,CZ,,
E0:4F:43:1E:81:3D,SmartGate_153388,51.7247467,7.0890398,E0:4F:43,6,wpa2,2017-08-24T11:00:00.000Z,2025-02-22T02:00:00.000Z,,Nordrhein-Westfalen,DE,Weseler Straße,45721
E0:4F:43:1E:81:3E,SMARTGATE_123456,52.64227676,9.21368599,E0:4F:43,6,wpa2,2024-04-09T18:00:00.000Z,2026-02-10T12:00:00.000Z,,Niedersachsen,DE,Friedrichstraße,31582
E0:4F:43:1E:81:3F,SMARTGATE_123456,50.19982529,9.13941956,E0:4F:43,6,wpa2,2018-11-24T13:00:00.000Z,2026-06-08T06:00:00.000Z,,Hessen,DE,A 66,63584
E0:4F:43:1E:81:41,SmartGate_154950,51.23383713,6.58501244,E0:4F:43,6,wpa2,2018-01-31T16:00:00.000Z,2024-08-15T10:00:00.000Z,,Nordrhein-Westfalen,DE,A 52,41564
E0:4F:43:1E:81:44,SmartGate_704390,50.44345093,8.03509426,E0:4F:43,6,wpa2,2025-06-26T10:00:00.000Z,2025-07-29T18:00:00.000Z,Hadamar,Hessen,DE,Freiherr-vom-Stein-Straße,65589
E0:4F:43:1E:81:4A,SmartGate_704131,51.3598175,12.18926811,E0:4F:43,6,wpa2,2025-12-08T08:00:00.000Z,2025-12-08T01:00:00.000Z,,Sachsen-Anhalt,DE,A 9,06237
E0:4F:43:1E:81:4D,SMARTGATE_123456,49.32400513,12.15425014,E0:4F:43,6,wpa2,2018-06-30T17:00:00.000Z,2024-10-21T14:00:00.000Z,,Bayern,DE,A 93,92421
E0:4F:43:1E:81:53,SmartGate_533682,48.84214783,12.00387859,E0:4F:43,6,wpa2,2024-05-19T12:00:00.000Z,2024-10-21T13:00:00.000Z,Hausen,Bayern,DE,A 93,93345
E0:4F:43:1E:81:5D,SMARTGATE_123456,50.03168106,14.4017868,E0:4F:43,6,wpa2,2017-06-10T18:00:00.000Z,2025-02-18T05:00:00.000Z,Hlavní město Praha,Praha,CZ,U Kempinku,147 00
E0:4F:43:1E:81:5F,SmartGate_153264,50.06200027,14.51041317,E0:4F:43,6,wpa2,2026-07-04T09:00:00.000Z,2026-07-04T02:00:00.000Z,Hlavní město Praha,Praha,CZ,Drážní promenáda,10600
E0:4F:43:1E:81:66,SmartGate_170628,60.4348526,22.22457123,E0:4F:43,6,wpa2,2019-07-29T18:00:00.000Z,2025-01-06T05:00:00.000Z,Turku,Manner-Suomi,FI,4. Linja,20200
E0:4F:43:1E:81:69,SMARTGATE_123456,49.28258133,16.1975975,E0:4F:43,6,wpa2,2019-06-24T07:00:00.000Z,2025-07-26T15:00:00.000Z,,Jihovýchod,CZ,D1,59501
E0:4F:43:1E:81:6B,SmartGate_032662,49.81348038,18.27558327,E0:4F:43,6,wpa2,2024-12-19T17:00:00.000Z,2024-12-20T11:00:00.000Z,Ostrava,Moravskoslezsko,CZ,Místecká,70602
E0:4F:43:1E:81:6E,SmartGate_706909,52.49520111,13.49620533,E0:4F:43,6,wpa2,2017-12-25T17:00:00.000Z,2026-02-26T05:00:00.000Z,Berlin,Lichtenberg,DE,Zobtener Straße,10317
E0:4F:43:1E:81:79,SMARTGATE_123456,45.26688766,13.69032478,E0:4F:43,6,wpa2,2018-08-01T12:00:00.000Z,2026-05-09T08:00:00.000Z,,Istarska županija,HR,5042,52446
E0:4F:43:1E:81:7E,SmartGate_168529,49.14518738,15.00652218,E0:4F:43,6,wpa2,2020-06-15T06:00:00.000Z,2025-06-19T16:00:00.000Z,,Jihozápad,CZ,Růžová,37701
E0:4F:43:1E:81:82,SmartGate_544350,50.0990448,14.58380699,E0:4F:43,6,wpa2,2020-11-26T08:00:00.000Z,2026-05-14T09:00:00.000Z,Hlavní město Praha,Praha,CZ,Pražský okruh,19819
E0:4F:43:1E:81:85,SmartGate_159325,47.37469482,8.63263035,E0:4F:43,6,wpa2,2019-03-30T17:00:00.000Z,2024-08-31T07:00:00.000Z,,Zürich,CH,Bruggacherstrasse,8117
E0:4F:43:1E:81:87,SmartGate_539900,53.33808136,10.21156406,E0:4F:43,6,wpa2,2026-03-31T14:00:00.000Z,2026-04-01T11:00:00.000Z,,Niedersachsen,DE,A 39,21423
E0:4F:43:1E:81:8D,SmartGate_132101,51.4864006,11.30670357,E0:4F:43,6,wpa2,2020-12-14T13:00:00.000Z,2025-10-24T22:00:00.000Z,,Sachsen-Anhalt,DE,Genossenschaftsstraße,06526
E0:4F:43:1E:81:91,SmartGate_538940,49.42645264,15.5685463,E0:4F:43,6,wpa2,2017-07-29T17:00:00.000Z,2026-04-04T12:00:00.000Z,,Jihovýchod,CZ,03824,58601
E0:4F:43:1E:81:93,SmartGate_131901,60.21857452,24.72570038,E0:4F:43,6,wpa2,2017-07-20T17:00:00.000Z,2026-05-08T11:00:00.000Z,,Manner-Suomi,FI,Richardinkuja,02700
E0:4F:43:1E:81:9A,SmartGate_128670,48.45334625,10.05285358,E0:4F:43,6,wpa2,2018-11-04T18:00:00.000Z,2025-01-04T18:00:00.000Z,Elchingen,Bayern,DE,A 8,89275
E0:4F:43:1E:81:A1,SmartGate_033539,49.39624786,15.58312511,E0:4F:43,6,wpa2,2017-08-06T11:00:00.000Z,2026-08-06T01:00:00.000Z,Jihlava,Jihovýchod,CZ,U Pivovaru,58601
E0:4F:43:1E:81:A6,SmartGate_124119,52.18580246,6.02445841,E0:4F:43,6,wpa2,2018-05-13T12:00:00.000Z,2026-03-07T10:00:00.000Z,,Gelderland,NL,Rijksweg A50,7326KE
E0:4F:43:1E:81:A7,SmartGate_128611,50.06030655,15.74837875,E0:4F:43,6,wpa2,2024-09-08T09:00:00.000Z,2024-09-08T02:00:00.000Z,,Severovýchod,CZ,37,53353
E0:4F:43:1E:81:A9,SmartGate_546885,62.25154877,25.79064178,E0:4F:43,6,wpa2,2022-10-14T11:00:00.000Z,2026-05-23T06:00:00.000Z,Jyväskylä,Manner-Suomi,FI,Aittovuoren luontopolku,40400
E0:4F:43:1E:81:AE,SmartGate_539826,56.08293533,9.37492466,E0:4F:43,6,wpa2,2017-04-08T19:00:00.000Z,2025-11-02T12:00:00.000Z,,Region Midtjylland,DK,Viborg Hovedvej,7362
E0:4F:43:1E:81:B6,SmartGate_526566,60.17370224,24.93108368,E0:4F:43,6,wpa2,2017-07-07T16:00:00.000Z,2025-11-22T05:00:00.000Z,Helsinki,Manner-Suomi,FI,Töölönkatu,00100
E0:4F:43:1E:81:BB,SmartGate_127125,52.77742767,9.89719868,E0:4F:43,6,wpa2,2017-09-13T15:00:00.000Z,2025-09-26T04:00:00.000Z,Lohheide,Niedersachsen,DE,Panzerringstraße,29303
E0:4F:43:1E:81:BC,SmartGate_703290,49.54893875,8.6659317,E0:4F:43,6,wpa2,2019-09-29T10:00:00.000Z,2025-04-14T05:00:00.000Z,,Baden-Württemberg,DE,Moltkestraße,69469
E0:4F:43:1E:81:BE,SmartGate_547761,49.21939087,16.46079445,E0:4F:43,6,wpa2,2021-08-14T09:00:00.000Z,2025-04-28T06:00:00.000Z,Brno,Jihovýchod,CZ,3842,641 00
E0:4F:43:1E:81:C3,SmartGate_531635,51.24613953,12.71199799,E0:4F:43,6,wpa2,2024-03-02T14:00:00.000Z,2026-06-21T10:00:00.000Z,Grimma,Sachsen,DE,K 8363,04668
E0:4F:43:1E:81:C8,SmartGate_703541,48.40130997,9.97084713,E0:4F:43,6,wpa2,2021-07-14T11:00:00.000Z,2024-09-06T08:00:00.000Z,Ulm,Baden-Württemberg,DE,Blaubeurer Straße,89077
E0:4F:43:1E:81:CC,SmartGate_533765,51.05835724,13.72946548,E0:4F:43,6,wpa2,2020-05-30T10:00:00.000Z,2025-04-25T14:00:00.000Z,Dresden,Sachsen,DE,Devrientstraße,01067
E0:4F:43:1E:81:D0,SmartGate_153292,60.22878265,25.06356239,E0:4F:43,6,wpa2,2001-01-01T02:00:00.000Z,2026-07-25T03:00:00.000Z,Helsinki,Manner-Suomi,FI,Latokartanonkaari,00920
E0:4F:43:1E:81:D1,SmartGate_707555,52.40840912,13.38766003,E0:4F:43,6,wpa2,2018-01-04T11:00:00.000Z,2026-03-12T12:00:00.000Z,Berlin,Tempelhof-Schöneberg,DE,Buckower Chaussee,12277
E0:4F:43:1E:81:D5,SmartGate_542581,52.67468262,13.57655525,E0:4F:43,6,wpa2,2018-01-04T17:00:00.000Z,2024-12-08T23:00:00.000Z,,Brandenburg,DE,An der Viehtrift,16321
E0:4F:43:1E:81:E6,SmartGate_547727,50.11663818,14.50061512,E0:4F:43,6,wpa2,2018-04-16T17:00:00.000Z,2025-10-22T07:00:00.000Z,Hlavní město Praha,Praha,CZ,Cihlářská,19000
E0:4F:43:1E:81:E8,SMARTGATE_123456,55.55558395,8.13350296,E0:4F:43,6,wpa2,2018-04-27T17:00:00.000Z,2025-09-03T05:00:00.000Z,,Region Syddanmark,DK,Blåvandvej,6857
E0:4F:43:1E:81:EC,SmartGate_547443,48.97973251,14.47373295,E0:4F:43,6,wpa2,2018-10-09T20:00:00.000Z,2025-01-13T03:00:00.000Z,České Budějovice,Jihozápad,CZ,tř. 28. října,371 46
E0:4F:43:1E:81:F6,SmartGate_542719,48.70697784,9.01973343,E0:4F:43,6,wpa2,2001-01-01T00:00:00.000Z,2026-07-05T07:00:00.000Z,,Baden-Württemberg,DE,Neckarstraße,71065
E0:4F:43:1E:81:FA,SmartGate_128585,50.10335922,14.45159912,E0:4F:43,6,wpa2,2025-09-12T19:00:00.000Z,2025-09-13T15:00:00.000Z,Hlavní město Praha,Praha,CZ,Dělnická,17000
E0:4F:43:1E:81:FF,SmartGate_126664,60.18362808,24.81919098,E0:4F:43,6,wpa2,2024-07-09T12:00:00.000Z,2025-04-16T07:00:00.000Z,Espoo,Manner-Suomi,FI,Tietotie,02150
E0:4F:43:1E:82:01,SmartGate_126493,48.68452072,9.17969704,E0:4F:43,6,wpa2,2017-07-12T08:00:00.000Z,2026-03-23T04:00:00.000Z,,Baden-Württemberg,DE,B 27,70771
E0:4F:43:1E:82:02,SmartGate_708271,52.67770004,6.19273901,E0:4F:43,6,wpa2,2019-02-05T18:00:00.000Z,2025-08-12T13:00:00.000Z,,Drenthe,NL,Europalaan,7951KX
E0:4F:43:1E:82:04,SMARTGATE_123456,53.02739334,8.94296837,E0:4F:43,6,wpa2,2018-07-18T13:00:00.000Z,2026-06-07T09:00:00.000Z,,Niedersachsen,DE,A 1,28307
E0:4F:43:1E:82:07,SmartGate_546954,62.97674179,10.21244431,E0:4F:43,6,wpa2,2024-08-02T08:00:00.000Z,2026-02-25T16:00:00.000Z,,Trøndelag,NO,Soknedalsveien,
E0:4F:43:1E:82:10,SmartGate_131895,52.52413559,12.99619007,E0:4F:43,6,wpa2,2017-12-06T04:00:00.000Z,2025-09-14T06:00:00.000Z,,Brandenburg,DE,Zur Döberitzer Heide,14641
E0:4F:43:1E:82:12,SMARTGATE_123456,50.66000748,14.04676056,E0:4F:43,6,wpa2,2023-01-30T15:00:00.000Z,2026-01-12T10:00:00.000Z,Ústí nad Labem,Severozápad,CZ,Přístavní,40003
E0:4F:43:1E:82:13,SmartGate_531642,48.0831871,11.6444931,E0:4F:43,6,wpa2,2018-04-25T08:00:00.000Z,2026-06-05T02:00:00.000Z,München,Bayern,DE,Curd-Jürgens-Straße,81739
E0:4F:43:1E:82:14,SmartGate_707457,52.45537567,9.72276974,E0:4F:43,6,wpa2,2017-06-03T11:00:00.000Z,2026-08-08T23:00:00.000Z,,Niedersachsen,DE,A 352,30855
E0:4F:43:1E:82:1B,SmartGate_168440,60.22389984,24.96346855,E0:4F:43,6,wpa2,2001-01-01T02:00:00.000Z,2026-03-07T08:00:00.000Z,Helsinki,Manner-Suomi,FI,Kotoniityntie,00645
E0:4F:43:1E:82:1F,SMARTGATE_123456,49.97528458,8.32320881,E0:4F:43,6,wpa2,2019-11-10T13:00:00.000Z,2025-05-02T00:00:00.000Z,,Hessen,DE,A 60,65462
E0:4F:43:1E:82:27,SmartGate_704226,52.22706604,9.9332962,E0:4F:43,6,wpa2,2025-04-27T16:00:00.000Z,2025-04-27T10:00:00.000Z,,Niedersachsen,DE,A 7,31177
E0:4F:43:1E:82:28,SmartGate_706922,49.9370842,7.94144297,E0:4F:43,6,wpa2,2021-08-11T16:00:00.000Z,2025-05-22T08:00:00.000Z,,Rheinland-Pfalz,DE,A 60,55411
E0:4F:43:1E:82:29,SMARTGATE_123456,52.91244125,8.38645363,E0:4F:43,6,wpa2,2017-07-18T16:00:00.000Z,2026-06-03T09:00:00.000Z,,Niedersachsen,DE,A 1,27793
E0:4F:43:1E:82:2B,SmartGate_128487,50.80221176,6.90278673,E0:4F:43,6,wpa2,2026-04-21T05:00:00.000Z,2026-07-03T11:00:00.000Z,,Nordrhein-Westfalen,DE,Am Hennebach,50321
E0:4F:43:1E:82:31,SmartGate_129791,52.63669968,13.58319759,E0:4F:43,6,wpa2,2018-01-08T19:00:00.000Z,2024-12-08T23:00:00.000Z,,Brandenburg,DE,Neubauernsiedlung,16321
E0:4F:43:1E:82:3A,SmartGate_155280,54.75961304,11.85452461,E0:4F:43,6,wpa2,2017-06-10T19:00:00.000Z,2026-06-13T14:00:00.000Z,,Region Sjælland,DK,Guldborgsundcentret,4800
E0:4F:43:1E:82:3C,SMARTGATE_123456,52.49449921,13.28609276,E0:4F:43,6,wpa2,2022-11-09T16:00:00.000Z,2025-06-27T04:00:00.000Z,Berlin,Charlottenburg-Wilmersdorf,DE,Rathenauplatz,10711
E0:4F:43:1E:82:41,SmartGate_126364,51.02178955,6.93813658,E0:4F:43,6,wpa2,2024-10-09T10:00:00.000Z,2025-10-09T07:00:00.000Z,Köln,Nordrhein-Westfalen,DE,A 1,50769
E0:4F:43:1E:82:4A,SmartGate_547533,60.38759232,23.1640358,E0:4F:43,6,wpa2,2026-06-28T09:00:00.000Z,2026-06-28T07:00:00.000Z,Salo,Manner-Suomi,FI,Helsingintie,24100
E0:4F:43:1E:82:4D,SmartGate_544494,48.58300781,18.84848976,E0:4F:43,6,wpa2,2018-09-27T16:00:00.000Z,2026-01-28T21:00:00.000Z,,Banskobystrický kraj,SK,R1,965 01
E0:4F:43:1E:82:4E,SmartGate_169513,49.39421463,15.59545898,E0:4F:43,6,wpa2,2018-05-09T09:00:00.000Z,2024-10-31T11:00:00.000Z,Jihlava,Jihovýchod,CZ,Václavský parkán,586 01
E0:4F:43:1E:82:4F,SmartGate_707540,54.28119278,10.0969553,E0:4F:43,6,wpa2,2018-10-03T12:00:00.000Z,2025-05-17T02:00:00.000Z,Kiel,Schleswig-Holstein,DE,Meimersdorfer Weg,24145
E0:4F:43:1E:82:56,SmartGate_156340,52.42631912,9.82709122,E0:4F:43,6,wpa2,2025-05-02T12:00:00.000Z,2025-05-02T06:00:00.000Z,Hannover,Niedersachsen,DE,Varrelheide,30659
E0:4F:43:1E:82:5B,SmartGate_547664,51.04588318,13.72251892,E0:4F:43,6,wpa2,2017-10-03T11:00:00.000Z,2025-01-05T10:00:00.000Z,Dresden,Sachsen,DE,Ammonstraße,01067
E0:4F:43:1E:82:5E,SMARTGATE_123456,48.49585342,9.19498444,E0:4F:43,6,wpa2,2018-12-21T00:00:00.000Z,2025-11-28T08:00:00.000Z,Reutlingen,Baden-Württemberg,DE,Bantlinstraße,72762
E0:4F:43:1E:82:5F,SMARTGATE_123456,51.41646576,5.59306431,E0:4F:43,6,wpa2,2025-12-28T15:00:00.000Z,2025-12-28T09:00:00.000Z,,Noord-Brabant,NL,Rijksweg 67,5665
E0:4F:43:1E:82:60,SmartGate_703573,48.77520752,9.18648338,E0:4F:43,6,wpa2,2018-10-10T14:00:00.000Z,2025-06-09T06:00:00.000Z,Stuttgart,Baden-Württemberg,DE,Uhlandstraße,70182
E0:4F:43:1E:82:67,SmartGate_704110,50.89382935,7.81916046,E0:4F:43,6,wpa2,2020-10-13T13:00:00.000Z,2025-07-18T09:00:00.000Z,,Rheinland-Pfalz,DE,L 279,51598
E0:4F:43:1E:82:68,SmartGate_707236,50.41191864,7.97858381,E0:4F:43,6,wpa2,2019-01-01T14:00:00.000Z,2026-03-12T12:00:00.000Z,,Hessen,DE,A 3,65604
E0:4F:43:1E:82:6E,SMARTGATE_123456,52.51190948,13.4844017,E0:4F:43,6,wpa2,2024-03-28T11:00:00.000Z,2026-04-13T12:00:00.000Z,Berlin,Lichtenberg,DE,Schulze-Boysen-Straße,10365
E0:4F:43:1E:82:73,SmartGate_160376,50.07832336,14.34462929,E0:4F:43,6,wpa2,2024-02-21T21:00:00.000Z,2025-03-05T12:00:00.000Z,Hlavní město Praha,Praha,CZ,,162 06
E0:4F:43:1E:82:78,SMARTGATE_123456,48.53127289,11.55389023,E0:4F:43,6,wpa2,2003-01-24T23:00:00.000Z,2024-08-18T13:00:00.000Z,,Bayern,DE,,85276
E0:4F:43:1E:82:81,SMARTGATE_123456,49.13171768,8.5679903,E0:4F:43,6,wpa2,2025-09-02T12:00:00.000Z,2025-09-03T12:00:00.000Z,,Baden-Württemberg,DE,Christian-Pähr-Straße,76646
E0:4F:43:1E:82:82,SmartGate_547401,45.73802185,21.24433327,E0:4F:43,6,wpa2,2018-02-09T08:00:00.000Z,2025-03-30T12:00:00.000Z,Timișoara,Timiș,RO,Bulevardul Liviu Rebreanu,300736
E0:4F:43:1E:82:85,SmartGate_547309,57.79887772,12.35995102,E0:4F:43,6,wpa2,2025-03-19T16:00:00.000Z,2025-09-06T07:00:00.000Z,,Västra Götalands län,SE,E 20,44833
E0:4F:43:1E:82:86,SmartGate_703557,48.11722183,11.54996204,E0:4F:43,6,wpa2,2018-03-29T10:00:00.000Z,2024-10-14T09:00:00.000Z,München,Bayern,DE,Reutberger Straße,81371
E0:4F:43:1E:82:88,SmartGate_539905,49.44670486,11.0757494,E0:4F:43,6,wpa2,2026-07-10T08:00:00.000Z,2026-07-10T06:00:00.000Z,Nürnberg,Bayern,DE,Frauentorgraben,90443
E0:4F:43:1E:82:8E,SmartGate_539069,53.04212189,10.11191559,E0:4F:43,6,wpa2,2017-09-23T10:00:00.000Z,2026-02-06T09:00:00.000Z,,Niedersachsen,DE,Bunkerstraße,29633
E0:4F:43:1E:82:9C,SMARTGATE_123456,50.09325027,14.45872498,E0:4F:43,6,wpa2,2018-07-22T13:00:00.000Z,2024-12-20T18:00:00.000Z,Hlavní město Praha,Praha,CZ,Lyčkovo náměstí,18600
E0:4F:43:1E:82:A0,SMARTGATE_123456,46.93511963,26.92045593,E0:4F:43,6,wpa2,2025-07-19T10:00:00.000Z,2025-07-20T02:00:00.000Z,,Neamț,RO,Strada Ștefan cel Mare,610040
E0:4F:43:1E:82:A4,SmartGate_532985,49.77719116,16.92183495,E0:4F:43,6,wpa2,2017-05-20T09:00:00.000Z,2026-04-13T04:00:00.000Z,,Střední Morava,CZ,Zábřežská,78985
E0:4F:43:1E:82:A5,SmartGate_545899,49.99737549,20.46155357,E0:4F:43,6,wpa2,2025-06-07T12:00:00.000Z,2025-06-07T08:00:00.000Z,,województwo małopolskie,PL,Adolfa Mitery,32-700
E0:4F:43:1E:82:AA,SmartGate_547246,48.24246216,16.38523674,E0:4F:43,6,wpa2,2017-12-11T20:00:00.000Z,2026-05-07T09:00:00.000Z,Wien,Zwischenbrücken,AT,Handelskai,1200
E0:4F:43:1E:82:AB,SmartGate_544841,52.41202164,13.57573223,E0:4F:43,6,wpa2,2025-10-07T14:00:00.000Z,2025-10-07T07:00:00.000Z,Berlin,Treptow-Köpenick,DE,Adlergestell,12527
E0:4F:43:1E:82:AE,SmartGate_129945,52.39108658,9.71176434,E0:4F:43,6,wpa2,2018-09-25T20:00:00.000Z,2025-04-04T11:00:00.000Z,Hannover,Niedersachsen,DE,An der Strangriede,30167
E0:4F:43:1E:82:BA,SmartGate_032805,61.48723602,23.78857613,E0:4F:43,6,wpa2,2017-07-20T17:00:00.000Z,2025-12-16T01:00:00.000Z,Tampere,Manner-Suomi,FI,Kurjentaival,33800
E0:4F:43:1E:82:BB,SMARTGATE_123456,49.41270065,14.67128181,E0:4F:43,6,wpa2,2019-06-02T20:00:00.000Z,2025-07-13T16:00:00.000Z,Tábor,Jihozápad,CZ,9. května,39002
E0:4F:43:1E:82:C1,SmartGate_535347,48.28691483,17.9803524,E0:4F:43,6,wpa2,2018-04-26T13:00:00.000Z,2026-04-24T09:00:00.000Z,,Nitriansky kraj,SK,Hlavná,951 48
E0:4F:43:1E:82:C3,SmartGate_547409,60.22430801,24.90819931,E0:4F:43,6,wpa2,2024-07-13T14:00:00.000Z,2024-08-17T11:00:00.000Z,Helsinki,Manner-Suomi,FI,Hämeenlinnanväylä,00400
E0:4F:43:1E:82:C4,SmartGate_546893,61.50392914,23.80888748,E0:4F:43,6,wpa2,2018-12-07T18:00:00.000Z,2024-11-01T04:00:00.000Z,Tampere,Manner-Suomi,FI,Kuntokatu,33520
E0:4F:43:1E:82:C7,SmartGate_153544,50.41019821,14.93122578,E0:4F:43,6,wpa2,2020-01-03T11:00:00.000Z,2024-10-23T13:00:00.000Z,Mladá Boleslav,Střední Čechy,CZ,Jičínská,293 01
E0:4F:43:1E:82:C8,SmartGate_033760,49.21092606,14.78384018,E0:4F:43,6,wpa2,2018-06-07T15:00:00.000Z,2025-09-26T15:00:00.000Z,,Jihozápad,CZ,23,
E0:4F:43:1E:82:CA,SmartGate_533723,53.57468414,10.05401421,E0:4F:43,6,wpa2,2021-05-05T10:00:00.000Z,2024-09-02T14:00:00.000Z,Hamburg,Eilbek,DE,Eilbektal,22089
E0:4F:43:1E:82:CF,SmartGate_531638,48.51692581,9.28216648,E0:4F:43,6,wpa2,2018-07-01T15:00:00.000Z,2024-11-18T09:00:00.000Z,,Baden-Württemberg,DE,Oberes Buchsträßle,72555
E0:4F:43:1E:82:D4,SmartGate_544540,58.10920715,24.50907516,E0:4F:43,6,wpa2,2025-01-18T11:00:00.000Z,2025-01-18T07:00:00.000Z,,Pärnu maakond,EE,Tallinn — Pärnu — Ikla,86015
E0:4F:43:1E:82:D7,SmartGate_704231,51.51245117,7.21671867,E0:4F:43,6,wpa2,2017-07-28T12:00:00.000Z,2025-06-04T09:00:00.000Z,Bochum,Nordrhein-Westfalen,DE,Beisingstraße,44807
E0:4F:43:1E:82:D9,SMARTGATE_123456,52.37937546,10.53489399,E0:4F:43,6,wpa2,2019-06-02T13:00:00.000Z,2025-07-19T06:00:00.000Z,,Niedersachsen,DE,Braunschweiger Straße,38527
E0:4F:43:1E:82:DB,SmartGate_703907,53.5206604,8.58931541,E0:4F:43,6,wpa2,2026-07-08T09:00:00.000Z,2026-07-17T00:00:00.000Z,Bremerhaven,Bremen,DE,Weserstraße,27572
E0:4F:43:1E:82:E6,SMARTGATE_123456,48.82075882,9.30276775,E0:4F:43,6,wpa2,2023-07-09T21:00:00.000Z,2026-07-03T05:00:00.000Z,,Baden-Württemberg,DE,Am Rötepark,71332
E0:4F:43:1E:82:EA,SmartGate_129515,47.99210358,7.83855104,E0:4F:43,6,wpa2,2025-02-02T08:00:00.000Z,2025-02-13T04:00:00.000Z,Freiburg im Breisgau,Baden-Württemberg,DE,Autobahnzubringer Mitte,79098
E0:4F:43:1E:82:EB,SmartGate_152496,48.66602325,9.367239,E0:4F:43,6,wpa2,2025-04-26T07:00:00.000Z,2025-04-26T01:00:00.000Z,,Baden-Württemberg,DE,A 8,73240
E0:4F:43:1E:82:ED,SmartGate_032946,49.20631027,16.41900826,E0:4F:43,6,wpa2,2017-09-09T14:00:00.000Z,2025-05-18T12:00:00.000Z,,Jihovýchod,CZ,D1,66481
E0:4F:43:1E:82:EF,SmartGate_032542,51.43787766,11.97152424,E0:4F:43,6,wpa2,2020-12-29T14:00:00.000Z,2024-09-14T04:00:00.000Z,Halle,Sachsen-Anhalt,DE,Zeitzer Straße,06132
E0:4F:43:1E:82:F3,SmartGate_547223,61.4742775,23.8627243,E0:4F:43,6,wpa2,2018-12-26T14:00:00.000Z,2026-05-04T04:00:00.000Z,Tampere,Manner-Suomi,FI,Santaharjuntie,33710
E0:4F:43:1E:82:F6,SmartGate_703362,49.20010376,9.71617222,E0:4F:43,6,wpa2,2022-10-16T21:00:00.000Z,2026-03-10T13:00:00.000Z,,Baden-Württemberg,DE,K 2364,74635
E0:4F:43:1E:82:F9,SmartGate_527026,60.20795059,24.9775219,E0:4F:43,6,wpa2,2018-12-25T13:00:00.000Z,2025-08-18T21:00:00.000Z,Helsinki,Manner-Suomi,FI,Arabiankatu,00560
E0:4F:43:1E:82:FD,SmartGate_532835,50.01210403,11.68744373,E0:4F:43,6,wpa2,2025-04-10T16:00:00.000Z,2025-04-15T08:00:00.000Z,,Bayern,DE,Bernecker Straße,95497
E0:4F:43:1E:82:FE,SmartGate_153263,62.59866333,29.77420044,E0:4F:43,6,wpa2,2018-03-15T17:00:00.000Z,2026-04-13T05:00:00.000Z,Joensuu,Manner-Suomi,FI,Itäranta,80210
E0:4F:43:1E:83:02,SmartGate_704200,52.2851181,9.79473114,E0:4F:43,6,wpa2,2025-04-24T16:00:00.000Z,2025-10-23T07:00:00.000Z,,Niedersachsen,DE,Hermann-Löns-Straße,30880
E0:4F:43:1E:83:03,SmartGate_704167,48.10595322,11.4579649,E0:4F:43,6,wpa2,2018-02-08T06:00:00.000Z,2025-05-29T11:00:00.000Z,,Bayern,DE,Am Klopferspitz,82152
E0:4F:43:1E:83:04,SmartGate_131913,50.54348755,9.69791031,E0:4F:43,6,wpa2,2020-02-01T14:00:00.000Z,2025-09-12T14:00:00.000Z,,Hessen,DE,Richard-Wagner-Straße,36043
E0:4F:43:1E:83:0C,SmartGate_547418,52.90895081,-1.92985427,E0:4F:43,6,wpa2,2017-09-26T15:00:00.000Z,2025-11-30T02:00:00.000Z,East Staffordshire,England,GB,Lower Nobut road,ST10 4PU
E0:4F:43:1E:83:0E,SmartGate_547400,60.48883057,26.55818748,E0:4F:43,6,wpa2,2026-05-10T09:00:00.000Z,2026-05-10T10:00:00.000Z,,Manner-Suomi,FI,ABC Majakka,
E0:4F:43:1E:83:12,SmartGate_169788,60.21583176,24.96633148,E0:4F:43,6,wpa2,2017-03-07T16:00:00.000Z,2026-06-15T04:00:00.000Z,Helsinki,Manner-Suomi,FI,Koskelantie,00600
E0:4F:43:1E:83:17,SmartGate_033231,50.07783127,14.54236889,E0:4F:43,6,wpa2,2018-09-20T19:00:00.000Z,2025-08-25T07:00:00.000Z,Hlavní město Praha,Praha,CZ,Zamenhofova,102 00
E0:4F:43:1E:83:19,SmartGate_129872,49.15542984,16.60372734,E0:4F:43,6,wpa2,2017-06-14T18:00:00.000Z,2026-08-08T13:00:00.000Z,Brno,Jihovýchod,CZ,K Železnici,61900
E0:4F:43:1E:83:1D,SmartGate_546176,50.0834465,14.42465115,E0:4F:43,6,wpa2,2018-07-20T12:00:00.000Z,2026-01-30T04:00:00.000Z,Hlavní město Praha,Praha,CZ,Václavské náměstí,11000
E0:4F:43:1E:83:1F,SmartGate_168986,50.92947388,7.09265566,E0:4F:43,6,wpa2,2026-07-25T16:00:00.000Z,2026-07-25T09:00:00.000Z,Köln,Nordrhein-Westfalen,DE,Lützerathstraße,51107
E0:4F:43:1E:83:22,SmartGate_707470,51.8261261,8.13786507,E0:4F:43,6,wpa2,2025-04-05T10:00:00.000Z,2026-06-27T07:00:00.000Z,,Nordrhein-Westfalen,DE,Saarlandstraße,59302
E0:4F:43:1E:83:23,SmartGate_707131,48.42663193,10.38211346,E0:4F:43,6,wpa2,2019-03-29T11:00:00.000Z,2025-07-14T07:00:00.000Z,,Bayern,DE,A 8,89331
E0:4F:43:1E:83:29,SmartGate_546217,48.97130966,8.49113274,E0:4F:43,6,wpa2,2020-06-10T15:00:00.000Z,2025-12-03T01:00:00.000Z,Karlsruhe,Baden-Württemberg,DE,Ochsenstraße,76227
E0:4F:43:1E:83:2A,SmartGate_158879,51.06936264,12.12208843,E0:4F:43,6,wpa2,2024-08-29T19:00:00.000Z,2024-09-01T08:00:00.000Z,,Sachsen-Anhalt,DE,Weißenfelser Straße,06712
E0:4F:43:1E:83:2B,SmartGate_048109,50.07978439,14.37249756,E0:4F:43,6,wpa2,2017-09-27T18:00:00.000Z,2026-07-07T08:00:00.000Z,Hlavní město Praha,Praha,CZ,Tomanova,16900
E0:4F:43:1E:83:2C,SMARTGATE_123456,48.79207993,9.21811295,E0:4F:43,6,wpa2,2021-01-11T11:00:00.000Z,2026-06-17T05:00:00.000Z,Stuttgart,Baden-Württemberg,DE,Uferstraße,70188
E0:4F:43:1E:83:2E,SmartGate_153365,51.49508667,14.03225422,E0:4F:43,6,wpa2,2018-02-22T11:00:00.000Z,2026-03-27T00:00:00.000Z,,Brandenburg,DE,Straße zur Südsee,01968
E0:4F:43:1E:83:31,SmartGate_154500,47.43412018,9.38459301,E0:4F:43,6,wpa2,2020-12-25T17:00:00.000Z,2025-04-25T08:00:00.000Z,Sankt Gallen,Sankt Gallen,CH,Langgasse,9008
E0:4F:43:1E:83:34,SmartGate_539910,49.60048676,17.23251343,E0:4F:43,6,wpa2,2023-06-27T17:00:00.000Z,2026-03-18T07:00:00.000Z,Olomouc,Střední Morava,CZ,Erenburgova,77900
E0:4F:43:1E:83:36,SMARTGATE_123456,51.16950607,11.78672695,E0:4F:43,6,wpa2,2018-10-20T09:00:00.000Z,2026-06-16T14:00:00.000Z,,Sachsen-Anhalt,DE,,06618
E0:4F:43:1E:83:38,SmartGate_707414,51.92165756,8.81767082,E0:4F:43,6,wpa2,2024-07-31T13:00:00.000Z,2025-05-03T14:00:00.000Z,,Nordrhein-Westfalen,DE,Lopshorner Allee,32760
E0:4F:43:1E:83:3B,SmartGate_152989,50.11719131,15.22590542,E0:4F:43,6,wpa2,2017-09-23T11:00:00.000Z,2025-06-07T08:00:00.000Z,,Střední Čechy,CZ,D11,289 06
E0:4F:43:1E:83:46,SmartGate_154784,48.94618607,9.41161919,E0:4F:43,6,wpa2,2025-12-27T09:00:00.000Z,2025-12-29T11:00:00.000Z,Backnang,Baden-Württemberg,DE,B 14,71522
E0:4F:43:1E:83:48,SmartGate_546796,50.04255295,14.37953949,E0:4F:43,6,wpa2,2018-03-11T14:00:00.000Z,2025-05-02T11:00:00.000Z,Hlavní město Praha,Praha,CZ,Prokopské údolí,15200
E0:4F:43:1E:83:4C,SmartGate_545714,49.41523743,16.51605225,E0:4F:43,6,wpa2,2020-07-26T22:00:00.000Z,2025-11-01T13:00:00.000Z,,Jihovýchod,CZ,Na Návsi,67921
E0:4F:43:1E:83:51,SmartGate_153456,49.92689514,8.64155388,E0:4F:43,6,wpa2,2017-05-24T14:00:00.000Z,2025-09-09T10:00:00.000Z,Darmstadt,Hessen,DE,Trinkbornstraße,64291
E0:4F:43:1E:83:52,SmartGate_154551,51.30739975,18.22490311,E0:4F:43,6,wpa2,2020-01-09T18:00:00.000Z,2025-07-12T11:00:00.000Z,,województwo łódzkie,PL,Trasa Bohaterów Bitwy Warszawskiej 1920 r.,98-400
E0:4F:43:1E:83:54,SMARTGATE_123456,49.349617,8.46127701,E0:4F:43,6,wpa2,2017-10-07T18:00:00.000Z,2025-08-01T09:00:00.000Z,,Rheinland-Pfalz,DE,A 61,67346
E0:4F:43:1E:84:79,SmartGate_545874,60.22364426,24.86829185,E0:4F:43,6,wpa2,2017-05-31T19:00:00.000Z,2026-05-30T06:00:00.000Z,Helsinki,Manner-Suomi,FI,Atomitie,00370
E0:4F:43:1E:84:7A,SmartGate_546187,56.92699051,16.76415443,E0:4F:43,6,wpa2,2026-07-11T14:00:00.000Z,2026-07-11T08:00:00.000Z,,Kalmar län,SE,136,387 96
E0:4F:43:1E:84:7B,SMARTGATE_123456,51.19927979,7.24449587,E0:4F:43,6,wpa2,2019-03-10T10:00:00.000Z,2025-05-23T06:00:00.000Z,Remscheid,Nordrhein-Westfalen,DE,A 1,42897
E0:4F:43:1E:84:83,SmartGate_160254,50.55495071,12.9751358,E0:4F:43,6,wpa2,2024-11-26T14:00:00.000Z,2024-11-26T06:00:00.000Z,,Sachsen,DE,Buchholzer Straße,09487
E0:4F:43:1E:84:85,SmartGate_048354,53.64603806,-1.74491823,E0:4F:43,6,wpa2,2017-10-16T09:00:00.000Z,2026-05-11T09:00:00.000Z,Kirklees,England,GB,Dalton Green Lane,HD5 8PS
E0:4F:43:1E:84:87,SmartGate_547498,50.05445099,14.47849751,E0:4F:43,6,wpa2,2017-08-24T09:00:00.000Z,2026-06-24T08:00:00.000Z,Hlavní město Praha,Praha,CZ,Jižní spojka,14100
E0:4F:43:1E:84:97,SmartGate_033474,49.38943481,15.59347153,E0:4F:43,6,wpa2,2024-08-17T12:00:00.000Z,2026-08-06T01:00:00.000Z,Jihlava,Jihovýchod,CZ,Znojemská,586 01
E0:4F:43:1E:84:98,SmartGate_544890,61.49899673,21.80187607,E0:4F:43,6,wpa2,2018-04-25T12:00:00.000Z,2026-02-07T02:00:00.000Z,Pori,Manner-Suomi,FI,Hyväntuulentie,28200
E0:4F:43:1E:84:9D,SMARTGATE_123456,51.32239532,11.24217319,E0:4F:43,6,wpa2,2024-09-27T14:00:00.000Z,2024-09-27T13:00:00.000Z,An der Schmücke,Thüringen,DE,A 71,06577
E0:4F:43:1E:84:9E,SmartGate_168249,51.65849686,6.97820425,E0:4F:43,6,wpa2,2018-02-05T01:00:00.000Z,2025-07-17T10:00:00.000Z,,Nordrhein-Westfalen,DE,Marler Straße,46282
E0:4F:43:1E:84:9F,SmartGate_033408,49.96099472,16.97170067,E0:4F:43,6,wpa2,2023-03-17T14:00:00.000Z,2025-06-25T07:00:00.000Z,,Střední Morava,CZ,Nemocniční,78701
E0:4F:43:1E:84:A0,SmartGate_545906,49.99893951,9.24267387,E0:4F:43,6,wpa2,2024-09-21T10:00:00.000Z,2024-09-21T04:00:00.000Z,,Bayern,DE,A 3,63856
E0:4F:43:1E:84:A2,SMARTGATE_123456,51.65880585,6.96773672,E0:4F:43,6,wpa2,2024-02-26T07:00:00.000Z,2025-06-04T06:00:00.000Z,,Nordrhein-Westfalen,DE,Südwall,46282
E0:4F:43:1E:84:A6,SmartGate_707514,53.31146622,8.71187115,E0:4F:43,6,wpa2,2026-04-02T12:00:00.000Z,2026-04-11T11:00:00.000Z,,Niedersachsen,DE,Seelhornmoor,27628
E0:4F:43:1E:84:B8,SmartGate_546690,50.1098175,14.41486835,E0:4F:43,6,wpa2,2017-10-01T19:00:00.000Z,2026-05-31T09:00:00.000Z,Hlavní město Praha,Praha,CZ,náměstí Borise Němcova,17021
E0:4F:43:1E:84:BD,SmartGate_154532,47.54494858,7.60140085,E0:4F:43,6,wpa2,2019-01-25T08:00:00.000Z,2025-12-20T02:00:00.000Z,Basel,Basel-Stadt,CH,Grosspeteranlage,4052
E0:4F:43:1E:84:BE,SmartGate_547215,44.82262039,25.486866,E0:4F:43,6,wpa2,2017-10-26T09:00:00.000Z,2025-05-07T11:00:00.000Z,,Dâmbovița,RO,,
E0:4F:43:1E:84:BF,SmartGate_544807,61.48187256,21.81610107,E0:4F:43,6,wpa2,2026-07-02T09:00:00.000Z,2026-07-02T03:00:00.000Z,Pori,Manner-Suomi,FI,Horninkatu,28130
E0:4F:43:1E:84:C0,SmartGate_546254,59.53228378,15.98500824,E0:4F:43,6,wpa2,2017-08-04T19:00:00.000Z,2025-05-13T11:00:00.000Z,,Västmanlands län,SE,E 18,73101
E0:4F:43:1E:84:CA,SmartGate_546678,47.05938721,21.95024872,E0:4F:43,6,wpa2,2024-11-16T14:00:00.000Z,2024-11-16T09:00:00.000Z,Oradea,Bihor,RO,Strada Graurilor,410169
E0:4F:43:1E:84:CD,SmartGate_703291,48.16744995,17.07813644,E0:4F:43,6,wpa2,2018-01-14T14:00:00.000Z,2024-08-27T03:00:00.000Z,Bratislava,Bratislavský kraj,SK,,811 04
E0:4F:43:1E:84:CE,SmartGate_545984,44.16477966,28.48567581,E0:4F:43,6,wpa2,2025-11-04T09:00:00.000Z,2025-12-09T11:00:00.000Z,,Constanța,RO,Strada Calea Dobrogei,907300
E0:4F:43:1E:84:D2,SmartGate_540722,48.50708389,9.03983784,E0:4F:43,6,wpa2,2017-08-10T16:00:00.000Z,2025-01-16T06:00:00.000Z,,Baden-Württemberg,DE,Europastraße,72072
E0:4F:43:1E:84:D8,SmartGate_033248,48.85071564,16.05413055,E0:4F:43,6,wpa2,2026-07-17T16:00:00.000Z,2026-07-17T10:00:00.000Z,Znojmo,Jihovýchod,CZ,Vídeňská třída,66902
E0:4F:43:1E:84:DC,SmartGate_703535,53.06627655,8.70292854,E0:4F:43,6,wpa2,2021-07-14T14:00:00.000Z,2026-08-05T14:00:00.000Z,,Niedersachsen,DE,Uhlenbroker Weg,27751
E0:4F:43:1E:85:02,SmartGate_157144,48.48395157,8.94751167,E0:4F:43,6,wpa2,2021-07-19T10:00:00.000Z,2026-06-27T07:00:00.000Z,,Baden-Württemberg,DE,Graf-Bentzel-Straße,72108
E0:4F:43:1E:85:0C,SmartGate_707515,52.32038116,9.59340954,E0:4F:43,6,wpa2,2025-12-06T14:00:00.000Z,2025-12-06T06:00:00.000Z,,Niedersachsen,DE,Levester Straße,30989
E0:4F:43:1E:85:0E,SmartGate_129003,60.49763107,26.86630821,E0:4F:43,6,wpa2,2017-07-20T10:00:00.000Z,2026-01-24T10:00:00.000Z,Kotka,Manner-Suomi,FI,Mottipolku,48400
E0:4F:43:1E:85:13,SmartGate_032409,51.35240173,12.31031036,E0:4F:43,6,wpa2,2024-08-03T07:00:00.000Z,2025-12-08T23:00:00.000Z,Leipzig,Sachsen,DE,Karl-Schurz-Straße,04179
E0:4F:43:1E:85:17,SmartGate_707302,54.19704437,9.11025143,E0:4F:43,6,wpa2,2020-01-23T18:00:00.000Z,2025-08-08T05:00:00.000Z,,Schleswig-Holstein,DE,Hamburger Straße,25746
E0:4F:43:1E:85:18,SmartGate_155161,51.12837601,6.75123549,E0:4F:43,6,wpa2,2018-04-05T16:00:00.000Z,2025-07-16T01:00:00.000Z,Neuss,Nordrhein-Westfalen,DE,Im Neuenberger Acker,41470
E0:4F:43:1E:85:1A,SmartGate_155073,50.02037048,14.39720345,E0:4F:43,6,wpa2,2018-08-24T15:00:00.000Z,2025-09-23T23:00:00.000Z,Hlavní město Praha,Praha,CZ,Strakonická,159 00
E0:4F:43:1E:85:1B,SmartGate_152518,53.67181015,9.68701267,E0:4F:43,6,wpa2,2019-04-22T16:00:00.000Z,2025-08-05T13:00:00.000Z,Moorrege,Schleswig-Holstein,DE,,25436
E0:4F:43:1E:85:23,SmartGate_032389,49.94064713,14.2581749,E0:4F:43,6,wpa2,2001-01-01T01:00:00.000Z,2025-08-30T17:00:00.000Z,,Střední Čechy,CZ,11515,25229
E0:4F:43:1E:85:27,SmartGate_033646,50.91776657,14.15263844,E0:4F:43,6,wpa2,2026-07-10T08:00:00.000Z,2026-07-10T03:00:00.000Z,,Sachsen,DE,Königsteiner Straße,01814
E0:4F:43:1E:85:30,SMARTGATE_123456,60.28306198,24.98546219,E0:4F:43,6,wpa2,2026-04-17T09:00:00.000Z,2026-04-17T03:00:00.000Z,,Manner-Suomi,FI,Pappilankuja,01525
E0:4F:43:1E:85:31,SmartGate_159334,47.44940567,8.37493801,E0:4F:43,6,wpa2,2017-05-18T17:00:00.000Z,2026-01-22T07:00:00.000Z,,Aargau,CH,Oberwiesenweg,5436
E0:4F:43:1E:85:36,SmartGate_160187,52.03255844,8.53478336,E0:4F:43,6,wpa2,2023-05-18T12:00:00.000Z,2025-11-03T20:00:00.000Z,Bielefeld,Nordrhein-Westfalen,DE,Campus Handwerk,33613
E0:4F:43:1E:85:38,SmartGate_154976,60.20705795,24.8827858,E0:4F:43,6,wpa2,2017-07-25T15:00:00.000Z,2024-08-12T04:00:00.000Z,Helsinki,Manner-Suomi,FI,Lapinmäentie,00350
E0:4F:43:1E:85:3E,SmartGate_155302,51.79034805,8.07745171,E0:4F:43,6,wpa2,2020-09-25T12:00:00.000Z,2025-12-28T10:00:00.000Z,Beckum,Nordrhein-Westfalen,DE,Friedhofsweg,59269
E0:4F:43:1E:85:47,SmartGate_547550,60.64374542,17.01887131,E0:4F:43,6,wpa2,2023-01-28T13:00:00.000Z,2024-10-19T01:00:00.000Z,,Gävleborgs län,SE,E 16;56;68,81832
E0:4F:43:1E:85:48,SmartGate_546155,57.72070694,12.94899845,E0:4F:43,6,wpa2,2025-09-26T12:00:00.000Z,2025-09-26T05:00:00.000Z,,Västra Götalands län,SE,Åsbogatan,50336
E0:4F:43:1E:85:4A,SmartGate_544609,50.12142563,14.59700966,E0:4F:43,6,wpa2,2018-11-10T18:00:00.000Z,2025-01-28T09:00:00.000Z,Hlavní město Praha,Praha,CZ,Novopacká,193 00
E0:4F:43:1E:85:4E,SmartGate_544798,48.76910782,14.96732903,E0:4F:43,6,wpa2,2021-06-20T18:00:00.000Z,2025-10-16T12:00:00.000Z,,Jihozápad,CZ,Husova,37810
E0:4F:43:1E:85:50,SmartGate_153373,48.88247299,12.57391834,E0:4F:43,6,wpa2,2023-12-20T15:00:00.000Z,2025-01-20T08:00:00.000Z,,Bayern,DE,Stadtgraben,94315
E0:4F:43:1E:85:53,SmartGate_033067,50.02983475,14.39806652,E0:4F:43,6,wpa2,2023-04-05T15:00:00.000Z,2024-09-25T03:00:00.000Z,Hlavní město Praha,Praha,CZ,Strakonická,159 00
E0:4F:43:1E:85:58,SmartGate_546249,49.17912674,16.60839272,E0:4F:43,6,wpa2,2021-08-15T17:00:00.000Z,2025-10-26T07:00:00.000Z,Brno,Jihovýchod,CZ,Pražákova,656 70
E0:4F:43:1E:85:64,SmartGate_546719,59.77732849,18.6791153,E0:4F:43,6,wpa2,2001-01-01T01:00:00.000Z,2026-03-26T03:00:00.000Z,,Stockholms län,SE,Fjällstigen,761 53
E0:4F:43:1E:85:6F,SmartGate_032688,49.89176941,13.93642044,E0:4F:43,6,wpa2,2017-08-09T18:00:00.000Z,2024-08-24T08:00:00.000Z,,Střední Čechy,CZ,D5,26751
E0:4F:43:1E:85:72,SmartGate_152862,60.24234772,24.91714668,E0:4F:43,6,wpa2,2017-05-24T14:00:00.000Z,2025-10-19T14:00:00.000Z,Helsinki,Manner-Suomi,FI,Lähdepolku,00675
E0:4F:43:1E:85:74,SmartGate_165908,52.54825974,13.59657001,E0:4F:43,6,wpa2,2017-05-18T09:00:00.000Z,2025-06-08T11:00:00.000Z,,Brandenburg,DE,Landsberger Chaussee,16356
E0:4F:43:1E:85:7A,SmartGate_154471,50.90452576,-1.00245118,E0:4F:43,6,wpa2,2020-07-28T11:00:00.000Z,2026-05-08T08:00:00.000Z,East Hampshire,England,GB,Cedar Crescent,PO8 9PJ
E0:4F:43:1E:85:83,SmartGate_544785,58.98955154,16.20490456,E0:4F:43,6,wpa2,2021-10-23T13:00:00.000Z,2025-09-26T07:00:00.000Z,,Södermanlands län,SE,Oppundavägen,64136
E0:4F:43:1E:85:85,SmartGate_152524,46.37662506,6.20056677,E0:4F:43,6,wpa2,2018-08-09T23:00:00.000Z,2026-05-16T04:00:00.000Z,,Vaud,CH,A1,1277
E0:4F:43:1E:85:89,SmartGate_153123,47.57479858,7.60010004,E0:4F:43,6,wpa2,2024-02-29T16:00:00.000Z,2026-05-26T01:00:00.000Z,Basel,Basel-Stadt,CH,A2,4057
E0:4F:43:1E:85:93,SMARTGATE_123456,53.6250267,10.1146965,E0:4F:43,6,wpa2,2024-09-06T16:00:00.000Z,2024-09-06T13:00:00.000Z,Hamburg,Bramfeld,DE,Pezolddamm,22175
E0:4F:43:1E:85:99,SMARTGATE_123456,51.25889206,7.60683203,E0:4F:43,6,wpa2,2017-10-05T19:00:00.000Z,2026-06-14T05:00:00.000Z,,Nordrhein-Westfalen,DE,A 45,58579
E0:4F:43:1E:85:9B,SmartGate_547294,51.30062866,4.53862906,E0:4F:43,6,wpa2,2026-06-20T08:00:00.000Z,2026-06-20T04:00:00.000Z,,Antwerpen,BE,E19,2900
E0:4F:43:20:B5:59,E0:4F:43:20:B5:59,-79.0,40.72819901,E0:4F:43,1,unknown,2026-03-16T20:00:00.000Z,2026-03-18T18:00:00.000Z,,,,,
E0:4F:43:20:E5:D6,SmartGate_707663,48.99923706,8.46378231,E0:4F:43,6,wpa2,2017-12-05T11:00:00.000Z,2026-06-07T04:00:00.000Z,Karlsruhe,Baden-Württemberg,DE,Ernst-Friedrich-Straße,76227
E0:4F:43:20:E5:E7,SmartGate_166671,48.50322342,9.23578358,E0:4F:43,6,wpa2,2021-10-01T14:00:00.000Z,2025-09-04T13:00:00.000Z,Reutlingen,Baden-Württemberg,DE,B 312;B 313,72766
E0:4F:43:20:E6:0B,SmartGate_198050,52.23758316,10.53774357,E0:4F:43,6,wpa2,2018-04-05T07:00:00.000Z,2024-09-16T16:00:00.000Z,Braunschweig,Niedersachsen,DE,A 39,38124
E0:4F:43:20:E6:39,SmartGate_707783,48.36272049,10.94790649,E0:4F:43,5,wpa2,2017-08-22T09:00:00.000Z,2025-05-11T19:00:00.000Z,Augsburg,Bayern,DE,Hindelanger Straße,86163
E0:4F:43:20:E7:DD,SmartGate_541840,63.83501434,23.11328888,E0:4F:43,6,wpa2,2001-01-01T02:00:00.000Z,2025-10-30T02:00:00.000Z,Kokkola,Manner-Suomi,FI,Energiatie,67101
E0:4F:43:20:E8:95,SmartGate_707591,51.30732727,6.94065809,E0:4F:43,6,wpa2,2017-10-15T15:00:00.000Z,2025-04-30T08:00:00.000Z,,Nordrhein-Westfalen,DE,In der Brück,42579
E0:4F:43:20:EA:21,SmartGate_709415,52.94377518,12.82120609,E0:4F:43,6,wpa2,2018-07-22T03:00:00.000Z,2026-06-22T10:00:00.000Z,,Brandenburg,DE,Alt Ruppiner Allee,16816
E0:4F:43:20:EA:32,SmartGate_166368,51.49397278,14.12731266,E0:4F:43,6,wpa2,2025-08-10T09:00:00.000Z,2025-08-13T01:00:00.000Z,,Sachsen,DE,Landstraße,02979
E0:4F:43:20:EA:3B,SmartGate_708437,44.0238533,5.10644913,E0:4F:43,6,wpa2,2025-01-13T16:00:00.000Z,2025-01-15T02:00:00.000Z,,Provence-Alpes-Côte d'Azur,FR,Route de la Courtoise,84210
E0:4F:43:20:EA:3F,SmartGate_707758,52.33597946,10.30323696,E0:4F:43,6,wpa2,2026-05-13T16:00:00.000Z,2026-05-13T12:00:00.000Z,,Niedersachsen,DE,A 2,38176
E0:4F:43:20:EA:46,SmartGate_551231,47.95042419,21.77078438,E0:4F:43,6,wpa2,2018-02-16T10:00:00.000Z,2024-11-16T04:00:00.000Z,Nyíregyháza,Észak-Alföld,HU,Nyíregyházi út,4551
E0:4F:43:20:EA:51,SMARTGATE_123456,50.02447891,14.41322517,E0:4F:43,6,wpa2,2018-04-23T16:00:00.000Z,2025-09-18T06:00:00.000Z,Hlavní město Praha,Praha,CZ,Večerní,14700
E0:4F:43:20:EA:57,SmartGate_707874,50.85650635,12.86292362,E0:4F:43,6,wpa2,2017-10-21T09:00:00.000Z,2026-05-15T17:00:00.000Z,Chemnitz,Sachsen,DE,A 4,09114
E0:4F:43:20:EA:5B,SmartGate_709049,48.49693298,9.38723087,E0:4F:43,6,wpa2,2020-01-23T11:00:00.000Z,2026-05-23T04:00:00.000Z,,Baden-Württemberg,DE,Stuttgarter Straße,72574
E0:4F:43:20:EA:64,SmartGate_162297,47.62509918,7.60909986,E0:4F:43,6,wpa2,2022-06-15T10:00:00.000Z,2026-02-21T10:00:00.000Z,,Baden-Württemberg,DE,Autohof,79589
E0:4F:43:20:EA:65,SmartGate_708596,52.3723793,9.74647236,E0:4F:43,6,wpa2,2025-02-21T10:00:00.000Z,2025-02-21T05:00:00.000Z,Hannover,Niedersachsen,DE,Hedwigstraße,30159
E0:4F:43:20:EA:67,SmartGate_709021,48.24674606,12.58936787,E0:4F:43,6,wpa2,2018-02-17T06:00:00.000Z,2024-12-23T02:00:00.000Z,Töging am Inn,Bayern,DE,,84513
E0:4F:43:20:EA:72,SmartGate_551810,60.41156006,17.45905685,E0:4F:43,6,wpa2,2017-10-23T08:00:00.000Z,2024-10-22T17:00:00.000Z,,Uppsala län,SE,E 4,814 95
E0:4F:43:20:EA:73,SmartGate_708724,54.34516144,12.39684296,E0:4F:43,6,wpa2,2018-05-11T15:00:00.000Z,2025-05-27T14:00:00.000Z,,Mecklenburg-Vorpommern,DE,Hafenstraße,18347
E0:4F:43:20:EA:76,SmartGate_545647,49.7830658,18.2537365,E0:4F:43,6,wpa2,2001-01-01T01:00:00.000Z,2024-12-20T11:00:00.000Z,Ostrava,Moravskoslezsko,CZ,Jiřího Herolda,70030
E0:4F:43:20:EA:7B,SmartGate_535904,52.50088501,13.61971569,E0:4F:43,6,wpa2,2017-05-18T17:00:00.000Z,2026-04-25T07:00:00.000Z,Berlin,Marzahn-Hellersdorf,DE,Pilgramer Straße,12623
E0:4F:43:20:EA:87,SmartGate_167155,51.6078949,7.68883657,E0:4F:43,6,wpa2,2026-04-09T05:00:00.000Z,2026-04-09T08:00:00.000Z,,Nordrhein-Westfalen,DE,A 1,59192
E0:4F:43:20:EA:93,SmartGate_706075,50.79613495,8.76346684,E0:4F:43,6,wpa2,2017-05-10T15:00:00.000Z,2024-10-16T03:00:00.000Z,,Hessen,DE,B 3,35039
E0:4F:43:20:EA:96,SmartGate_166599,51.30692291,13.28853512,E0:4F:43,6,wpa2,2025-04-22T12:00:00.000Z,2025-04-22T17:00:00.000Z,,Sachsen,DE,B 169,01587
E0:4F:43:20:EA:99,SmartGate_535569,52.14897919,13.64927578,E0:4F:43,6,wpa2,2025-06-22T14:00:00.000Z,2025-11-29T12:00:00.000Z,,Brandenburg,DE,A 13,15755
E0:4F:43:20:EA:A6,SmartGate_535953,52.47158813,13.36152554,E0:4F:43,6,wpa2,2017-11-07T19:00:00.000Z,2024-09-25T12:00:00.000Z,Berlin,Tempelhof-Schöneberg,DE,Matthäifriedhofsweg,10829
E0:4F:43:20:EA:AF,SMARTGATE_123456,51.81823349,6.44237423,E0:4F:43,6,wpa2,2019-05-31T13:00:00.000Z,2025-03-11T16:00:00.000Z,,Nordrhein-Westfalen,DE,Bocholter Straße,46419
E0:4F:43:20:EA:BB,SmartGate_555330,47.43297195,7.99164391,E0:4F:43,6,wpa2,2018-05-02T07:00:00.000Z,2025-04-03T11:00:00.000Z,,Aargau,CH,,5062
E0:4F:43:20:EA:C2,SmartGate_535972,49.14897537,8.15743637,E0:4F:43,6,wpa2,2018-04-23T13:00:00.000Z,2025-04-27T08:00:00.000Z,,Rheinland-Pfalz,DE,A 65,76865
E0:4F:43:20:EA:C8,SmartGate_544185,50.69232941,10.98570824,E0:4F:43,6,wpa2,2026-01-21T18:00:00.000Z,2026-01-22T08:00:00.000Z,,Thüringen,DE,Anger,98693
E0:4F:43:20:EA:CD,SmartGate_706036,48.14321518,11.71723652,E0:4F:43,6,wpa2,2019-04-13T08:00:00.000Z,2026-08-01T04:00:00.000Z,,Bayern,DE,A 94,85622
E0:4F:43:20:EA:DA,SmartGate_166393,48.40520859,11.05451775,E0:4F:43,6,wpa2,2024-04-26T20:00:00.000Z,2024-10-21T13:00:00.000Z,,Bayern,DE,Zahlinger Straße,86453
E0:4F:43:20:EA:E0,SmartGate_546600,44.44314194,26.06058693,E0:4F:43,6,wpa2,2017-11-22T18:00:00.000Z,2025-01-27T21:00:00.000Z,Municipiul București,Sector 6,RO,Podul Grozăvești,060751
E0:4F:43:20:EA:E6,SmartGate_162772,50.02289963,15.7812748,E0:4F:43,6,wpa2,2024-05-22T19:00:00.000Z,2026-01-10T02:00:00.000Z,,Severovýchod,CZ,K Židovskému hřbitovu,53002
E0:4F:43:20:EA:F1,SmartGate_183395,49.24329758,7.00335503,E0:4F:43,6,wpa2,2025-12-31T09:00:00.000Z,2025-12-31T02:00:00.000Z,Saarbrücken,Saarland,DE,Dudweiler Landstraße,66123
E0:4F:43:20:EA:FD,SMARTGATE_123456,52.29478073,13.43364143,E0:4F:43,6,wpa2,2017-09-04T16:00:00.000Z,2024-09-12T07:00:00.000Z,,Brandenburg,DE,,15834
E0:4F:43:20:EB:09,SmartGate_710928,51.51441574,7.44164562,E0:4F:43,6,wpa2,2017-07-17T17:00:00.000Z,2024-09-27T12:00:00.000Z,Dortmund,Nordrhein-Westfalen,DE,Rheinische Straße,44137
E0:4F:43:20:EB:17,SMARTGATE_123456,53.48828506,11.12215996,E0:4F:43,6,wpa2,2023-03-11T16:00:00.000Z,2026-01-25T10:00:00.000Z,,Mecklenburg-Vorpommern,DE,,
E0:4F:43:20:EB:26,SMARTGATE_123456,51.97554016,10.14980888,E0:4F:43,6,wpa2,2026-06-07T08:00:00.000Z,2026-06-07T06:00:00.000Z,,Niedersachsen,DE,A 7,31167
E0:4F:43:20:EB:27,SmartGate_142545,51.00947571,4.82663393,E0:4F:43,6,wpa2,2019-01-31T17:00:00.000Z,2025-07-29T11:00:00.000Z,Aarschot,Vlaams-Brabant,BE,Meertselstraat,3200
E0:4F:43:20:EB:29,SmartGate_551778,50.25770187,14.77321053,E0:4F:43,6,wpa2,2017-05-18T11:00:00.000Z,2024-10-23T13:00:00.000Z,,Střední Čechy,CZ,D10,29474
E0:4F:43:20:EB:2D,SmartGate_140125,50.98429108,6.98612452,E0:4F:43,6,wpa2,2017-12-29T14:00:00.000Z,2025-06-13T00:00:00.000Z,Köln,Nordrhein-Westfalen,DE,Stammheimer Ufer,51061
E0:4F:43:20:EB:31,SmartGate_140915,49.46730804,17.13048553,E0:4F:43,6,wpa2,2024-11-02T11:00:00.000Z,2024-11-02T04:00:00.000Z,Prostějov,Střední Morava,CZ,D46,79811
E0:4F:43:20:EB:3D,SmartGate_548094,47.10364532,8.3434248,E0:4F:43,6,wpa2,2017-06-24T11:00:00.000Z,2024-11-13T08:00:00.000Z,,Luzern,CH,,6033
E0:4F:43:20:EB:47,SmartGate_552019,50.11690521,14.51984692,E0:4F:43,6,wpa2,2025-03-22T15:00:00.000Z,2025-03-22T09:00:00.000Z,Hlavní město Praha,Praha,CZ,Kbelská,191 00
E0:4F:43:20:EB:4A,SmartGate_558520,59.48232269,17.9186039,E0:4F:43,6,wpa2,2019-01-28T15:00:00.000Z,2025-06-04T10:00:00.000Z,,Stockholms län,SE,Norrvikenleden,19278
E0:4F:43:20:EB:4E,SmartGate_141316,50.04489136,8.40593719,E0:4F:43,6,wpa2,2025-05-04T12:00:00.000Z,2025-05-04T08:00:00.000Z,,Hessen,DE,A 3,65239
E0:4F:43:20:EB:4F,SmartGate_166199,50.93403625,6.79034328,E0:4F:43,6,wpa2,2025-12-13T13:00:00.000Z,2026-03-27T09:00:00.000Z,,Nordrhein-Westfalen,DE,Mühlenweg,50226
E0:4F:43:20:EB:55,SmartGate_708664,50.05337524,8.57447243,E0:4F:43,6,wpa2,2018-11-02T21:00:00.000Z,2026-03-22T05:00:00.000Z,Frankfurt am Main,Hessen,DE,A 3,60549
E0:4F:43:20:EB:71,SmartGate_141381,52.46720886,13.33799934,E0:4F:43,6,wpa2,2020-04-01T11:00:00.000Z,2026-06-19T04:00:00.000Z,Berlin,Tempelhof-Schöneberg,DE,A 103,12157
E0:4F:43:20:EB:75,SmartGate_709066,50.16892242,9.10829258,E0:4F:43,6,wpa2,2024-09-29T10:00:00.000Z,2024-09-29T03:00:00.000Z,,Hessen,DE,,63594
E0:4F:43:20:EB:77,SMARTGATE_123456,51.10046387,17.04948807,E0:4F:43,6,wpa2,2022-11-27T16:00:00.000Z,2025-12-16T09:00:00.000Z,Wrocław,województwo dolnośląskie,PL,Komuny Paryskiej,50-452
E0:4F:43:20:EB:7A,SmartGate_551813,47.85873795,8.01620579,E0:4F:43,6,wpa2,2024-10-08T13:00:00.000Z,2026-06-06T10:00:00.000Z,,Baden-Württemberg,DE,Paßstraße,79674
E0:4F:43:20:EB:7E,SmartGate_546408,63.42110062,10.39384556,E0:4F:43,6,wpa2,2025-01-09T09:00:00.000Z,2025-08-13T03:00:00.000Z,,Trøndelag,NO,Olav Kyrres gate,7030
E0:4F:43:20:EB:7F,SmartGate_708492,49.23757935,8.4189415,E0:4F:43,6,wpa2,2017-10-22T17:00:00.000Z,2026-06-05T01:00:00.000Z,,Baden-Württemberg,DE,Hesserhöh,76661
E0:4F:43:20:EB:86,SmartGate_140210,50.04859161,14.3223114,E0:4F:43,6,wpa2,2019-05-12T20:00:00.000Z,2025-04-06T10:00:00.000Z,Hlavní město Praha,Praha,CZ,K Zahrádkám,15500
E0:4F:43:20:EB:87,SmartGate_142823,50.12303543,14.71614933,E0:4F:43,6,wpa2,2017-04-13T17:00:00.000Z,2026-01-01T07:00:00.000Z,,Střední Čechy,CZ,D11,250 87
E0:4F:43:20:EB:91,SmartGate_183506,51.02905273,13.73976994,E0:4F:43,6,wpa2,2018-10-31T14:00:00.000Z,2026-07-10T11:00:00.000Z,Dresden,Sachsen,DE,Zellescher Weg,01069
E0:4F:43:20:EB:93,SmartGate_535668,48.51399612,9.06997871,E0:4F:43,6,wpa2,2017-07-26T06:00:00.000Z,2025-07-01T23:00:00.000Z,,Baden-Württemberg,DE,Reutlinger Straße,72072
E0:4F:43:20:EB:9C,SmartGate_165401,51.00621414,7.57239819,E0:4F:43,6,wpa2,2023-02-15T09:00:00.000Z,2025-02-20T05:00:00.000Z,,Nordrhein-Westfalen,DE,Gummersbacher Straße,51645
E0:4F:43:20:EB:9E,SmartGate_143019,60.22462082,24.73213387,E0:4F:43,6,wpa2,2020-12-11T16:00:00.000Z,2024-08-10T14:00:00.000Z,Espoo,Manner-Suomi,FI,Turuntie,02700
E0:4F:43:20:EB:A6,SmartGate_140446,49.74921799,9.83736324,E0:4F:43,6,wpa2,2022-10-11T12:00:00.000Z,2025-08-03T11:00:00.000Z,,Bayern,DE,A 3,97249
E0:4F:43:20:EB:B0,SMARTGATE_123456,51.09095001,13.84072399,E0:4F:43,6,wpa2,2018-03-05T01:00:00.000Z,2025-05-10T10:00:00.000Z,Dresden,Sachsen,DE,Alte 1,01099
E0:4F:43:20:EB:B4,SmartGate_139690,47.90310287,11.43416691,E0:4F:43,6,wpa2,2017-10-07T13:00:00.000Z,2025-10-30T14:00:00.000Z,,Bayern,DE,B 11a,82515
E0:4F:43:20:EB:C0,SMARTGATE_123456,47.78088379,11.38636112,E0:4F:43,6,wpa2,2021-10-06T14:00:00.000Z,2025-07-03T06:00:00.000Z,,Bayern,DE,,82377
E0:4F:43:20:EB:C1,SmartGate_139291,61.05331039,28.21298218,E0:4F:43,6,wpa2,2021-11-20T10:00:00.000Z,2026-07-19T20:00:00.000Z,Lappeenranta,Manner-Suomi,FI,Harapaisentie,53500
E0:4F:43:20:EB:C2,SmartGate_709281,52.06542587,8.66403675,E0:4F:43,6,wpa2,2020-02-16T12:00:00.000Z,2025-04-24T15:00:00.000Z,,Nordrhein-Westfalen,DE,Elverdisser Straße,32107
E0:4F:43:20:EB:CA,SmartGate_535389,53.23140717,7.46457005,E0:4F:43,6,wpa2,2019-05-04T09:00:00.000Z,2025-10-26T10:00:00.000Z,,Niedersachsen,DE,Mühlenstraße,26789
E0:4F:43:20:EB:CB,SmartGate_142453,51.01071548,13.95590973,E0:4F:43,6,wpa2,2024-11-16T10:00:00.000Z,2024-11-16T17:00:00.000Z,Dürrröhrsdorf-Dittersbach,Sachsen,DE,S 177,01833
E0:4F:43:20:EB:CC,SmartGate_139974,49.86912537,8.21432972,E0:4F:43,6,wpa2,2022-08-06T11:00:00.000Z,2024-11-18T13:00:00.000Z,Sörgenloch,Rheinland-Pfalz,DE,L 432,55278
E0:4F:43:20:EB:D4,SmartGate_707705,52.78709793,9.77244854,E0:4F:43,6,wpa2,2023-09-15T06:00:00.000Z,2025-02-02T11:00:00.000Z,Osterheide,Niedersachsen,DE,,29664
E0:4F:43:20:EB:D5,SmartGate_169190,49.58884811,17.24251175,E0:4F:43,6,wpa2,2019-08-08T19:00:00.000Z,2026-05-18T07:00:00.000Z,Olomouc,Střední Morava,CZ,Štítného,77900
E0:4F:43:20:EB:D6,SmartGate_139384,60.22851181,24.88354874,E0:4F:43,6,wpa2,2017-07-04T16:00:00.000Z,2026-05-30T06:00:00.000Z,Helsinki,Manner-Suomi,FI,Hopeatie,00440
E0:4F:43:20:EB:DA,SmartGate_709377,48.0722084,11.52124882,E0:4F:43,6,wpa2,2017-12-21T13:00:00.000Z,2026-01-30T05:00:00.000Z,München,Bayern,DE,Melchiorstraße,81479
E0:4F:43:20:EB:DB,SmartGate_140967,50.49083328,16.18322372,E0:4F:43,6,wpa2,2025-05-20T06:00:00.000Z,2026-02-12T06:00:00.000Z,,Severovýchod,CZ,30313,54931
E0:4F:43:20:EB:DC,SmartGate_140674,49.59481049,17.23249626,E0:4F:43,6,wpa2,2023-05-05T10:00:00.000Z,2025-12-06T08:00:00.000Z,Olomouc,Střední Morava,CZ,Foerstrova,749 00
E0:4F:43:20:EB:DD,SmartGate_166563,53.47258759,8.65193081,E0:4F:43,6,wpa2,2017-12-10T16:00:00.000Z,2026-03-06T06:00:00.000Z,,Niedersachsen,DE,Bahnhofstraße,27612
E0:4F:43:20:EB:DE,SmartGate_141247,52.21841812,9.15840721,E0:4F:43,6,wpa2,2025-11-08T08:00:00.000Z,2025-11-08T02:00:00.000Z,,Niedersachsen,DE,A 2,31737
E0:4F:43:20:EB:E0,SmartGate_162351,48.84700012,8.80775642,E0:4F:43,6,wpa2,2025-04-10T12:00:00.000Z,2026-04-23T11:00:00.000Z,,Baden-Württemberg,DE,A 8,71299
E0:4F:43:20:EB:E3,SmartGate_139486,49.93396378,17.90875816,E0:4F:43,6,wpa2,2024-03-16T11:00:00.000Z,2024-12-04T18:00:00.000Z,Opava,Moravskoslezsko,CZ,Janská,746 01
E0:4F:43:20:EB:E8,SmartGate_140179,50.11187744,14.48972034,E0:4F:43,6,wpa2,2019-04-27T10:00:00.000Z,2026-05-21T08:00:00.000Z,Hlavní město Praha,Praha,CZ,Podvinný mlýn,19000
E0:4F:43:20:EB:EB,SmartGate_535877,49.95511627,16.15285492,E0:4F:43,6,wpa2,2025-08-26T13:00:00.000Z,2025-08-26T10:00:00.000Z,,Severovýchod,CZ,Hradecká,56617
E0:4F:43:20:EB:F6,SmartGate_141119,53.16393661,9.24392796,E0:4F:43,6,wpa2,2020-02-27T17:00:00.000Z,2026-03-30T12:00:00.000Z,,Niedersachsen,DE,A 1,27367
E0:4F:43:20:EB:F7,SmartGate_139712,49.58448029,17.23820877,E0:4F:43,6,wpa2,2020-07-01T11:00:00.000Z,2026-03-23T04:00:00.000Z,Olomouc,Střední Morava,CZ,Zirmova,783 01
E0:4F:43:20:EB:F8,SmartGate_140252,50.91851044,11.45476151,E0:4F:43,6,wpa2,2018-11-28T15:00:00.000Z,2024-09-05T15:00:00.000Z,,Thüringen,DE,L 1060,99441
E0:4F:43:20:EB:F9,SmartGate_034960,50.13216019,14.25575066,E0:4F:43,6,wpa2,2026-04-19T15:00:00.000Z,2026-04-19T10:00:00.000Z,,Střední Čechy,CZ,D7,25268
E0:4F:43:20:EB:FA,SmartGate_547967,58.97229767,23.89446259,E0:4F:43,6,wpa2,2017-08-26T13:00:00.000Z,2026-06-14T03:00:00.000Z,,Lääne maakond,EE,Ääsmäe — Haapsalu — Rohuküla,90814
E0:4F:43:20:EC:04,SmartGate_709379,51.49387741,14.12730122,E0:4F:43,6,wpa2,2025-12-30T12:00:00.000Z,2026-02-13T12:00:00.000Z,,Sachsen,DE,Landstraße,02979
E0:4F:43:20:EC:06,SmartGate_545343,60.61076355,15.65387154,E0:4F:43,6,wpa2,2022-12-19T14:00:00.000Z,2025-07-25T09:00:00.000Z,Falun,Dalarnas län,SE,Lugnetleden,79140
E0:4F:43:20:EC:07,SmartGate_140958,51.21124268,6.49473047,E0:4F:43,6,wpa2,2019-02-22T08:00:00.000Z,2025-12-18T01:00:00.000Z,,Nordrhein-Westfalen,DE,Myllendonker Straße,41352
E0:4F:43:20:EC:0A,SMARTGATE_123456,51.2640686,6.64422178,E0:4F:43,6,wpa2,2017-10-30T18:00:00.000Z,2025-04-21T01:00:00.000Z,Meerbusch,Nordrhein-Westfalen,DE,A 57,40670
E0:4F:43:20:EC:12,SmartGate_141432,48.17222214,11.36231804,E0:4F:43,5,wpa2,2022-02-17T16:00:00.000Z,2025-05-17T19:00:00.000Z,,Bayern,DE,FFB 11,82178
E0:4F:43:20:EC:13,SmartGate_535785,48.41040039,11.58983517,E0:4F:43,6,wpa2,2025-09-04T16:00:00.000Z,2025-09-05T00:00:00.000Z,Allershausen,Bayern,DE,A 9,85391
E0:4F:43:20:EC:17,SmartGate_535451,53.57711411,10.03859901,E0:4F:43,6,wpa2,2018-10-01T07:00:00.000Z,2026-07-01T07:00:00.000Z,Hamburg,Barmbek-Süd,DE,Hamburger Straße,22083
E0:4F:43:20:EC:26,SmartGate_535680,52.38100815,13.09423256,E0:4F:43,6,wpa2,2018-10-15T09:00:00.000Z,2026-07-22T13:00:00.000Z,Potsdam,Brandenburg,DE,Falkenhorst,14478
E0:4F:43:20:EC:37,SmartGate_535791,51.49474335,11.93175602,E0:4F:43,6,wpa2,2023-02-23T08:00:00.000Z,2026-02-21T15:00:00.000Z,,Sachsen-Anhalt,DE,Wilhelm-Schrader-Straße,06120
E0:4F:43:20:EC:40,SmartGate_139439,51.34082031,13.71757126,E0:4F:43,6,wpa2,2019-03-04T16:00:00.000Z,2025-10-21T13:00:00.000Z,,Sachsen,DE,A 13,01561
E0:4F:43:20:EC:4A,SmartGate_536200,49.73369598,13.34871292,E0:4F:43,6,wpa2,2020-11-14T10:00:00.000Z,2026-04-24T09:00:00.000Z,Plzeň,Jihozápad,CZ,Borská,301 00
E0:4F:43:20:EC:4B,SmartGate_140488,48.82247543,8.60292721,E0:4F:43,6,wpa2,2017-06-27T21:00:00.000Z,2025-11-10T03:00:00.000Z,,Baden-Württemberg,DE,Hohackersträßchen,75305
E0:4F:43:20:EC:4D,SmartGate_546422,60.22784805,25.01170158,E0:4F:43,6,wpa2,2018-03-31T13:00:00.000Z,2024-12-15T05:00:00.000Z,Helsinki,Manner-Suomi,FI,Pihlajamäentie,00790
E0:4F:43:20:EC:53,SmartGate_162525,47.54136276,7.61166191,E0:4F:43,6,wpa2,2018-01-19T18:00:00.000Z,2026-06-21T11:00:00.000Z,Basel,Basel-Stadt,CH,Auf dem Wolf,4023
E0:4F:43:20:EC:57,SmartGate_140767,52.68440628,13.4411087,E0:4F:43,6,wpa2,2003-06-20T10:00:00.000Z,2024-12-08T23:00:00.000Z,,Brandenburg,DE,Hauptstraße,16348
E0:4F:43:20:EC:63,SmartGate_139390,49.80487061,8.62674618,E0:4F:43,6,wpa2,2023-02-11T14:00:00.000Z,2025-06-01T10:00:00.000Z,,Hessen,DE,A 5,64319
E0:4F:43:20:EC:64,SmartGate_033924,50.0657692,14.36676121,E0:4F:43,6,wpa2,2017-09-23T11:00:00.000Z,2025-08-01T03:00:00.000Z,Hlavní město Praha,Praha,CZ,K Zastávce,22000
E0:4F:43:20:EC:66,SmartGate_140312,48.00838852,7.815557,E0:4F:43,6,wpa2,2025-04-29T17:00:00.000Z,2025-06-12T13:00:00.000Z,Freiburg im Breisgau,Baden-Württemberg,DE,Sundgauallee,79110
E0:4F:43:20:EC:6B,SmartGate_548207,50.09333038,14.42702103,E0:4F:43,6,wpa2,2017-09-25T17:00:00.000Z,2024-08-23T13:00:00.000Z,Hlavní město Praha,Praha,CZ,Štefánikův most,11005
E0:4F:43:20:EC:6C,SmartGate_709297,52.43297958,7.06404543,E0:4F:43,6,wpa2,2024-09-16T14:00:00.000Z,2025-10-16T12:00:00.000Z,,Niedersachsen,DE,Bahnhofstraße,48529
E0:4F:43:20:EC:79,SmartGate_139273,48.16806412,11.52570438,E0:4F:43,6,wpa2,2018-04-23T14:00:00.000Z,2024-09-13T02:00:00.000Z,München,Bayern,DE,Baldurstraße,80637
E0:4F:43:20:EC:7A,SmartGate_140774,63.11569595,21.67456245,E0:4F:43,6,wpa2,2019-04-24T12:00:00.000Z,2025-11-17T08:00:00.000Z,,Manner-Suomi,FI,Lisavägen,65300
E0:4F:43:20:EC:7C,SmartGate_535936,51.83898163,12.79647255,E0:4F:43,6,wpa2,2018-09-30T20:00:00.000Z,2024-12-18T03:00:00.000Z,,Sachsen-Anhalt,DE,Iserbegka,06895
E0:4F:43:20:EC:7F,SMARTGATE_123456,60.21860504,25.0924263,E0:4F:43,6,wpa2,2022-09-17T12:00:00.000Z,2025-10-22T08:00:00.000Z,Helsinki,Manner-Suomi,FI,Kukkaniityntie,00900
E0:4F:43:20:EC:82,SmartGate_139241,60.1940918,24.8484745,E0:4F:43,6,wpa2,2018-10-17T15:00:00.000Z,2025-10-30T14:00:00.000Z,Helsinki,Manner-Suomi,FI,,00340
E0:4F:43:20:EC:83,SmartGate_544188,60.19422913,24.85771751,E0:4F:43,6,wpa2,2018-02-05T17:00:00.000Z,2026-04-15T09:00:00.000Z,Helsinki,Manner-Suomi,FI,,00340
E0:4F:43:20:EC:85,SMARTGATE_123456,48.70933914,9.13341713,E0:4F:43,6,wpa2,2025-04-01T06:00:00.000Z,2025-04-01T03:00:00.000Z,Stuttgart,Baden-Württemberg,DE,A 8,70565
E0:4F:43:20:EC:99,SmartGate_555410,49.17780685,16.73611832,E0:4F:43,6,wpa2,2017-05-31T22:00:00.000Z,2024-12-23T11:00:00.000Z,,Jihovýchod,CZ,,66451
E0:4F:43:20:EC:9C,SmartGate_139267,48.65550995,2.37901497,E0:4F:43,6,wpa2,2026-05-30T11:00:00.000Z,2026-05-31T14:00:00.000Z,,Île-de-France,FR,Autoroute du Soleil,91350
E0:4F:43:20:EC:9E,SmartGate_535817,49.48949432,11.12558174,E0:4F:43,6,wpa2,2018-06-28T07:00:00.000Z,2026-06-30T06:00:00.000Z,Nürnberg,Bayern,DE,Äußere Bayreuther Straße,90411
E0:4F:43:20:EC:9F,SmartGate_535843,49.10293579,16.60450554,E0:4F:43,6,wpa2,2017-09-30T19:00:00.000Z,2025-03-04T10:00:00.000Z,,Jihovýchod,CZ,00219,664 61
E0:4F:43:20:EC:A2,SmartGate_709315,52.56278229,13.54979706,E0:4F:43,6,wpa2,2018-10-12T15:00:00.000Z,2026-05-14T20:00:00.000Z,Berlin,Marzahn-Hellersdorf,DE,Nordring,12681
E0:4F:43:20:EC:A3,SmartGate_552067,50.10216904,19.8343029,E0:4F:43,6,wpa2,2017-10-12T23:00:00.000Z,2026-07-05T04:00:00.000Z,,województwo małopolskie,PL,S52;7,30-199
E0:4F:43:20:EC:A7,SMARTGATE_123456,48.72857285,11.8156929,E0:4F:43,6,wpa2,2017-09-25T21:00:00.000Z,2026-07-12T14:00:00.000Z,,Bayern,DE,Moosweg,93358
E0:4F:43:20:EC:A8,SmartGate_535413,48.12242126,11.52213573,E0:4F:43,6,wpa2,2018-08-14T14:00:00.000Z,2025-11-30T08:00:00.000Z,München,Bayern,DE,Heiterwanger Straße,81373
E0:4F:43:20:EC:A9,SmartGate_540928,50.0453186,14.44690514,E0:4F:43,6,wpa2,2017-07-14T09:00:00.000Z,2025-10-27T01:00:00.000Z,Hlavní město Praha,Praha,CZ,Humpolecká,14000
E0:4F:43:20:EC:AD,SmartGate_553575,50.08932495,14.38303566,E0:4F:43,6,wpa2,2017-11-16T10:00:00.000Z,2026-05-06T14:00:00.000Z,Hlavní město Praha,Praha,CZ,Na Petynce,16201
E0:4F:43:20:EC:AE,SMARTGATE_123456,52.09239578,8.22102356,E0:4F:43,6,wpa2,2026-06-24T13:00:00.000Z,2026-06-24T09:00:00.000Z,,Nordrhein-Westfalen,DE,A 33,49201
E0:4F:43:20:EC:B3,SmartGate_546618,60.39455414,25.10199547,E0:4F:43,6,wpa2,2018-01-16T14:00:00.000Z,2025-05-19T09:00:00.000Z,,Manner-Suomi,FI,Saviontie,04261
E0:4F:43:20:EC:B4,SmartGate_141367,60.22123337,24.86553574,E0:4F:43,6,wpa2,2019-03-31T10:00:00.000Z,2025-12-17T06:00:00.000Z,Helsinki,Manner-Suomi,FI,Strömbergintie,00380
E0:4F:43:20:EC:B7,SMARTGATE_123456,48.6930275,9.21660995,E0:4F:43,6,wpa2,2023-01-23T15:00:00.000Z,2025-06-27T14:00:00.000Z,,Baden-Württemberg,DE,A 8,70599
E0:4F:43:20:EC:B9,SmartGate_544198,49.47964096,17.13033676,E0:4F:43,6,wpa2,2025-10-31T11:00:00.000Z,2025-11-09T08:00:00.000Z,,Střední Morava,CZ,D46,79607
E0:4F:43:20:EC:BA,SmartGate_708976,51.53377533,6.4247942,E0:4F:43,6,wpa2,2018-09-01T11:00:00.000Z,2026-04-03T03:00:00.000Z,,Nordrhein-Westfalen,DE,An de Pomp,47661
E0:4F:43:20:EC:C9,SmartGate_174559,61.46436691,23.85945511,E0:4F:43,6,wpa2,2017-07-13T18:00:00.000Z,2026-07-21T04:00:00.000Z,Tampere,Manner-Suomi,FI,Poimijankuja,33721
E0:4F:43:20:EC:CA,SMARTGATE_123456,68.2026062,14.23178959,E0:4F:43,6,wpa2,2025-08-04T14:00:00.000Z,2025-08-04T11:00:00.000Z,,Nordland,NO,Henningsværveien,8310
E0:4F:43:20:EC:CC,SmartGate_535790,51.10425949,6.80027103,E0:4F:43,6,wpa2,2026-02-27T16:00:00.000Z,2026-02-27T16:00:00.000Z,,Nordrhein-Westfalen,DE,A 57,41542
E0:4F:43:20:EC:D5,SmartGate_544260,49.59568024,13.31900024,E0:4F:43,6,wpa2,2017-06-10T21:00:00.000Z,2025-01-16T14:00:00.000Z,,Jihozápad,CZ,18030,33444
E0:4F:43:20:EC:D9,SMARTGATE_123456,49.41025925,8.66867352,E0:4F:43,6,wpa2,2018-04-18T21:00:00.000Z,2025-08-03T05:00:00.000Z,Heidelberg,Baden-Württemberg,DE,Vangerowstraße,69115
E0:4F:43:20:EC:E2,SMARTGATE_123456,50.08388138,14.45007896,E0:4F:43,6,wpa2,2017-09-27T08:00:00.000Z,2025-10-19T08:00:00.000Z,Hlavní město Praha,Praha,CZ,Vlkova,13005
E0:4F:43:20:EC:FA,SmartGate_141574,50.19125366,8.75734329,E0:4F:43,6,wpa2,2018-03-16T16:00:00.000Z,2025-09-25T01:00:00.000Z,,Hessen,DE,L 3008,61118
E0:4F:43:20:EC:FD,SmartGate_536169,47.60945892,7.59564924,E0:4F:43,6,wpa2,2026-02-18T11:00:00.000Z,2026-02-20T03:00:00.000Z,Weil am Rhein,Baden-Württemberg,DE,A 5,79576
E0:4F:43:20:EC:FF,SmartGate_535924,52.63202667,13.73693371,E0:4F:43,6,wpa2,2017-09-06T16:00:00.000Z,2026-06-18T20:00:00.000Z,,Brandenburg,DE,Freienwalder Straße,16356
E0:4F:43:20:ED:00,SmartGate_536170,51.55316544,7.0680275,E0:4F:43,6,wpa2,2018-01-27T18:00:00.000Z,2024-10-29T01:00:00.000Z,Gelsenkirchen,Nordrhein-Westfalen,DE,Arenaring,45891
E0:4F:43:20:ED:03,SmartGate_142705,49.44265366,17.45249939,E0:4F:43,6,wpa2,2025-03-11T13:00:00.000Z,2025-03-11T07:00:00.000Z,Přerov,Střední Morava,CZ,Tovární,75002
E0:4F:43:20:ED:0A,SmartGate_170028,51.14374161,6.40040636,E0:4F:43,6,wpa2,2018-04-24T17:00:00.000Z,2025-10-14T09:00:00.000Z,Mönchengladbach,Nordrhein-Westfalen,DE,Günhoverhof,41179
E0:4F:43:20:ED:0F,SMARTGATE_123456,60.21345139,25.08131218,E0:4F:43,6,wpa2,2018-01-03T16:00:00.000Z,2026-05-30T01:00:00.000Z,Helsinki,Manner-Suomi,FI,Kastelholmantie,00900
E0:4F:43:20:ED:14,SmartGate_174630,49.74861526,16.92469978,E0:4F:43,6,wpa2,2024-08-25T10:00:00.000Z,2024-08-25T04:00:00.000Z,,Střední Morava,CZ,635,78983
E0:4F:43:20:ED:15,SmartGate_708376,52.22301865,6.13980722,E0:4F:43,6,wpa2,2026-01-02T13:00:00.000Z,2026-01-02T08:00:00.000Z,,Gelderland,NL,A1,7384
E0:4F:43:20:ED:18,SmartGate_709322,48.15428925,11.57039261,E0:4F:43,6,wpa2,2018-04-16T17:00:00.000Z,2025-10-05T04:00:00.000Z,München,Bayern,DE,Adalbertstraße,80799
E0:4F:43:20:ED:19,SmartGate_141236,53.61049271,9.95989323,E0:4F:43,6,wpa2,2023-12-29T11:00:00.000Z,2025-02-09T19:00:00.000Z,Hamburg,Niendorf,DE,Groß Borsteler Straße,22453
E0:4F:43:20:ED:1A,SmartGate_535416,50.61424637,5.85322285,E0:4F:43,6,wpa2,2025-04-04T13:00:00.000Z,2025-04-04T08:00:00.000Z,,,,,
E0:4F:43:20:ED:20,SmartGate_535841,50.21777725,14.7091074,E0:4F:43,6,wpa2,2024-12-21T10:00:00.000Z,2024-12-25T13:00:00.000Z,,Střední Čechy,CZ,D10,25001
E0:4F:43:20:ED:24,SmartGate_535795,49.44844818,17.44687843,E0:4F:43,6,wpa2,2022-01-08T08:00:00.000Z,2026-02-14T09:00:00.000Z,Přerov,Střední Morava,CZ,Škodova,75002
E0:4F:43:20:ED:26,SmartGate_536233,50.84650803,9.70164013,E0:4F:43,6,wpa2,2026-03-24T15:00:00.000Z,2026-03-24T09:00:00.000Z,,Hessen,DE,Douglasienweg,36251
E0:4F:43:20:ED:28,SmartGate_164426,50.66142654,14.03450203,E0:4F:43,6,wpa2,2018-06-13T08:00:00.000Z,2025-06-03T08:00:00.000Z,Ústí nad Labem,Severozápad,CZ,Masarykova,40001
E0:4F:43:20:ED:30,SmartGate_146436,51.06364441,13.75113297,E0:4F:43,6,wpa2,2019-04-23T15:00:00.000Z,2026-04-11T08:00:00.000Z,Dresden,Sachsen,DE,Bautzner Straße,01099
E0:4F:43:20:ED:37,SmartGate_141514,50.27473831,14.37337875,E0:4F:43,6,wpa2,2023-05-10T18:00:00.000Z,2026-05-15T07:00:00.000Z,,Střední Čechy,CZ,,27744
E0:4F:43:20:ED:3B,SmartGate_544254,50.61223984,14.58744812,E0:4F:43,6,wpa2,2017-05-25T17:00:00.000Z,2025-11-03T08:00:00.000Z,,Severovýchod,CZ,,47161
E0:4F:43:20:ED:43,SmartGate_537006,55.16741562,9.37335587,E0:4F:43,6,wpa2,2026-05-23T08:00:00.000Z,2026-05-23T05:00:00.000Z,,Region Syddanmark,DK,Sønderjyske Motorvej,
E0:4F:43:20:ED:47,SmartGate_709009,52.42266083,9.60480213,E0:4F:43,6,wpa2,2021-09-01T14:00:00.000Z,2025-11-27T05:00:00.000Z,,Niedersachsen,DE,A 2,30823
E0:4F:43:20:ED:49,SmartGate_141660,51.33591461,12.3320179,E0:4F:43,6,wpa2,2025-05-16T20:00:00.000Z,2025-07-09T10:00:00.000Z,Leipzig,Sachsen,DE,Lützner Straße,04177
E0:4F:43:20:ED:4A,SmartGate_161972,52.55931854,13.41022968,E0:4F:43,6,wpa2,2020-02-12T16:00:00.000Z,2025-03-25T08:00:00.000Z,Berlin,Pankow,DE,Tiroler Straße,13187
E0:4F:43:20:ED:4B,SmartGate_164698,50.30095673,8.75792694,E0:4F:43,6,wpa2,2025-08-15T13:00:00.000Z,2025-08-15T14:00:00.000Z,,Hessen,DE,Am Lutherweg,61206
E0:4F:43:20:ED:4C,SmartGate_146307,51.07670593,13.69025993,E0:4F:43,6,wpa2,2024-10-24T10:00:00.000Z,2024-10-24T03:00:00.000Z,Dresden,Sachsen,DE,Washingtonstraße,01139
E0:4F:43:20:ED:5D,SmartGate_164839,49.79120255,16.58585358,E0:4F:43,6,wpa2,2017-05-06T11:00:00.000Z,2026-03-14T06:00:00.000Z,,Severovýchod,CZ,,56924
E0:4F:43:20:ED:60,SmartGate_141188,52.13835144,4.57449961,E0:4F:43,6,wpa2,2018-02-08T08:00:00.000Z,2024-12-26T06:00:00.000Z,,Zuid-Holland,NL,Boerenlandpad Hondsdijk,2396HJ
E0:4F:43:20:ED:61,SmartGate_139701,52.66424179,13.57079697,E0:4F:43,6,wpa2,2018-07-16T09:00:00.000Z,2026-05-14T20:00:00.000Z,,Brandenburg,DE,A 11,16321
E0:4F:43:20:ED:62,SmartGate_708286,48.80233765,11.46543217,E0:4F:43,6,wpa2,2021-09-13T08:00:00.000Z,2026-02-09T14:00:00.000Z,,Bayern,DE,A 9,85101
E0:4F:43:20:ED:67,SmartGate_142679,60.3024025,24.84638214,E0:4F:43,6,wpa2,2018-06-14T10:00:00.000Z,2024-11-11T22:00:00.000Z,Vantaa,Manner-Suomi,FI,Vantaanreitti,01770
E0:4F:43:20:ED:68,SmartGate_707622,52.37448502,13.41915226,E0:4F:43,6,wpa2,2018-08-11T13:00:00.000Z,2026-05-23T12:00:00.000Z,,Brandenburg,DE,B 96,15831
E0:4F:43:20:ED:69,SmartGate_033948,49.23171616,16.62709999,E0:4F:43,6,wpa2,2019-04-08T17:00:00.000Z,2025-07-23T10:00:00.000Z,Brno,Jihovýchod,CZ,Haškova,63800
E0:4F:43:20:ED:6A,SmartGate_709003,52.26225281,10.48630333,E0:4F:43,6,wpa2,2001-01-01T01:00:00.000Z,2025-04-23T12:00:00.000Z,Braunschweig,Niedersachsen,DE,A 391,38118
E0:4F:43:20:ED:6B,SmartGate_535426,53.59648514,10.05623531,E0:4F:43,6,wpa2,2025-03-28T13:00:00.000Z,2025-07-31T19:00:00.000Z,Hamburg,Bramfeld,DE,Heinrich-Helbing-Straße,22177
E0:4F:43:20:ED:6E,SmartGate_541014,51.45604324,11.99086475,E0:4F:43,6,wpa2,2019-04-13T12:00:00.000Z,2026-07-05T11:00:00.000Z,,Sachsen-Anhalt,DE,Zeppelinstraße,06130
E0:4F:43:20:ED:70,SmartGate_554367,58.67542267,16.25857162,E0:4F:43,6,wpa2,2018-01-30T17:00:00.000Z,2025-09-27T05:00:00.000Z,,Östergötlands län,SE,E 4,61833
E0:4F:43:20:ED:73,SmartGate_709319,46.79059219,17.19185257,E0:4F:43,6,wpa2,2023-06-21T16:00:00.000Z,2025-09-30T02:00:00.000Z,,Nyugat-Dunántúl,HU,Széchenyi utca,8380
E0:4F:43:20:ED:74,SmartGate_709386,53.80913544,10.46019363,E0:4F:43,6,wpa2,2001-12-19T19:00:00.000Z,2025-12-26T09:00:00.000Z,Barnitz,Schleswig-Holstein,DE,A 1,23858
E0:4F:43:20:ED:76,SmartGate_169151,53.56741714,10.06633186,E0:4F:43,6,wpa2,2021-02-14T12:00:00.000Z,2025-11-08T15:00:00.000Z,Hamburg,Marienthal,DE,Claudiusstieg,22043
E0:4F:43:20:ED:82,SmartGate_535889,52.37374115,13.18783855,E0:4F:43,6,wpa2,2018-09-10T15:00:00.000Z,2025-11-28T08:00:00.000Z,,Brandenburg,DE,Am Anger,14532
E0:4F:43:20:ED:88,SmartGate_174561,50.99727249,12.45873642,E0:4F:43,6,wpa2,2023-07-06T14:00:00.000Z,2026-04-04T09:00:00.000Z,,Thüringen,DE,Am Weißen Berg,04600
E0:4F:43:20:ED:8A,SmartGate_535715,50.88061523,11.57943535,E0:4F:43,6,wpa2,2020-05-10T15:00:00.000Z,2026-05-06T06:00:00.000Z,Jena,Thüringen,DE,Trießnitzweg,07745
E0:4F:43:20:ED:8D,SmartGate_709280,53.5596199,10.18185711,E0:4F:43,6,wpa2,2025-10-25T13:00:00.000Z,2025-10-25T07:00:00.000Z,,Schleswig-Holstein,DE,A 24,22885
E0:4F:43:20:ED:8F,SmartGate_551086,60.21144867,24.82015991,E0:4F:43,6,wpa2,2017-12-27T07:00:00.000Z,2025-02-03T03:00:00.000Z,Espoo,Manner-Suomi,FI,Itsehallintotie,02600
E0:4F:43:20:ED:92,SMARTGATE_123456,52.12982941,11.63585663,E0:4F:43,6,wpa2,2025-03-07T16:00:00.000Z,2025-03-07T09:00:00.000Z,Magdeburg,Sachsen-Anhalt,DE,Goldschmiedebrücke,39104
E0:4F:43:20:ED:AF,SmartGate_551815,53.57530212,9.963521,E0:4F:43,6,wpa2,2017-06-01T09:00:00.000Z,2025-10-16T03:00:00.000Z,Hamburg,Eimsbüttel,DE,Eppendorfer Weg,20259
E0:4F:43:20:ED:B1,SmartGate_707826,49.77396774,8.87782955,E0:4F:43,6,wpa2,2025-01-22T16:00:00.000Z,2025-01-22T09:00:00.000Z,,Hessen,DE,Karl-Maser-Straße,64395
E0:4F:43:20:ED:B4,SmartGate_174473,50.12028503,14.5007267,E0:4F:43,6,wpa2,2019-09-24T17:00:00.000Z,2026-06-12T08:00:00.000Z,Hlavní město Praha,Praha,CZ,Jablonecká,19000
E0:4F:43:20:ED:B7,SmartGate_545632,60.16653824,24.69613457,E0:4F:43,6,wpa2,2017-08-20T17:00:00.000Z,2026-06-04T05:00:00.000Z,Espoo,Manner-Suomi,FI,Oravatie,02270
E0:4F:43:20:ED:BA,SmartGate_552124,58.28982162,12.29060268,E0:4F:43,6,wpa2,2025-04-12T09:00:00.000Z,2026-03-25T13:00:00.000Z,,Västra Götalands län,SE,Storgatan,46131
E0:4F:43:20:ED:BB,SMARTGATE_123456,49.63511276,6.41491127,E0:4F:43,6,wpa2,2022-08-15T12:00:00.000Z,2025-02-18T07:00:00.000Z,,Canton Grevenmacher,LU,Rue Scheed,5433
E0:4F:43:20:ED:BE,SmartGate_548074,44.43836594,26.1105442,E0:4F:43,6,wpa2,2018-10-15T09:00:00.000Z,2025-01-12T00:00:00.000Z,Municipiul București,Cartierul Armenesc,RO,Strada Arcului,021034
E0:4F:43:20:ED:C8,SmartGate_141552,49.28368378,10.227108,E0:4F:43,6,wpa2,2022-11-09T16:00:00.000Z,2024-10-21T13:00:00.000Z,Wörnitz,Bayern,DE,A 7,91637
E0:4F:43:20:ED:D0,SmartGate_169453,50.12545013,14.70289993,E0:4F:43,6,wpa2,2017-08-26T17:00:00.000Z,2025-05-02T11:00:00.000Z,,Střední Čechy,CZ,6111,250 90
E0:4F:43:20:ED:D1,SmartGate_708717,50.99905777,12.43890381,E0:4F:43,6,wpa2,2018-02-16T10:00:00.000Z,2026-07-24T14:00:00.000Z,,Thüringen,DE,Leonhard-Frank-Straße,04600
E0:4F:43:20:ED:D2,SmartGate_035053,50.06640625,14.31028843,E0:4F:43,6,wpa2,2024-07-02T20:00:00.000Z,2025-11-04T05:00:00.000Z,Hlavní město Praha,Praha,CZ,Zrzavého,16300
E0:4F:43:20:ED:D4,SmartGate_139357,62.62944794,29.77490425,E0:4F:43,6,wpa2,2026-04-22T09:00:00.000Z,2026-04-22T07:00:00.000Z,Joensuu,Manner-Suomi,FI,Raatekankaantie,80100
E0:4F:43:20:ED:D7,SmartGate_169404,62.20219803,25.69537354,E0:4F:43,6,wpa2,2019-01-26T13:00:00.000Z,2026-06-29T10:00:00.000Z,Jyväskylä,Manner-Suomi,FI,Huhtalantie,40500
E0:4F:43:20:ED:DB,SmartGate_046443,60.21596909,25.02655792,E0:4F:43,6,wpa2,2019-01-18T13:00:00.000Z,2026-06-29T11:00:00.000Z,Helsinki,Manner-Suomi,FI,,
E0:4F:43:20:ED:DD,SmartGate_169193,50.54557419,16.23026657,E0:4F:43,6,wpa2,2026-02-13T13:00:00.000Z,2026-02-13T05:00:00.000Z,,Severovýchod,CZ,303,54954
E0:4F:43:20:ED:E3,SmartGate_708488,52.56027603,13.289814,E0:4F:43,6,wpa2,2018-03-29T12:00:00.000Z,2025-02-22T09:00:00.000Z,Berlin,Cité Guynemer,DE,Avenue Jean Mermoz,13405
E0:4F:43:20:ED:ED,SmartGate_169267,49.10149384,16.37386513,E0:4F:43,6,wpa2,2018-12-04T07:00:00.000Z,2026-02-04T08:00:00.000Z,,Jihovýchod,CZ,Široká,66491
E0:4F:43:20:ED:F3,SmartGate_169411,47.84084702,9.63313389,E0:4F:43,6,wpa2,2026-02-22T14:00:00.000Z,2026-03-07T05:00:00.000Z,,Baden-Württemberg,DE,B 30,88255
E0:4F:43:20:ED:FC,SmartGate_709283,54.31876755,10.13633919,E0:4F:43,6,wpa2,2026-08-07T09:00:00.000Z,2026-08-07T04:00:00.000Z,Kiel,Schleswig-Holstein,DE,Kaistraße,24103
E0:4F:43:20:ED:FE,SmartGate_545610,50.08794403,14.3840704,E0:4F:43,6,wpa2,2018-05-22T17:00:00.000Z,2026-07-03T05:00:00.000Z,Hlavní město Praha,Praha,CZ,Parléřova,16201
E0:4F:43:20:EE:06,SmartGate_548145,58.38575745,13.66670227,E0:4F:43,6,wpa2,2026-02-10T08:00:00.000Z,2026-06-17T08:00:00.000Z,,Västra Götalands län,SE,,532 73
E0:4F:43:20:EE:08,SMARTGATE_123456,50.74736786,12.81836891,E0:4F:43,6,wpa2,2025-11-24T15:00:00.000Z,2026-04-09T02:00:00.000Z,,Sachsen,DE,Stollberger Straße,09387
E0:4F:43:20:EE:16,SmartGate_166783,54.31072998,9.75001431,E0:4F:43,6,wpa2,2025-07-08T14:00:00.000Z,2025-07-09T04:00:00.000Z,Schacht-Audorf,Schleswig-Holstein,DE,A 7,24790
E0:4F:43:20:EE:18,SMARTGATE_123456,48.60711288,12.25082397,E0:4F:43,6,wpa2,2024-09-13T12:00:00.000Z,2024-09-13T08:00:00.000Z,,Bayern,DE,A 92,84051
E0:4F:43:20:EE:1D,SmartGate_546574,60.84285355,23.54503822,E0:4F:43,6,wpa2,2023-07-25T15:00:00.000Z,2024-11-20T09:00:00.000Z,,Manner-Suomi,FI,Miilukorventie,
E0:4F:43:20:EE:20,SmartGate_545590,54.31082916,18.62937737,E0:4F:43,6,wpa2,2025-07-26T10:00:00.000Z,2025-07-26T05:00:00.000Z,Gdańsk,województwo pomorskie,PL,Trakt Świętego Wojciecha,80-058
E0:4F:43:20:EE:21,SmartGate_710965,52.30135727,13.45417786,E0:4F:43,6,wpa2,2019-12-09T15:00:00.000Z,2025-05-17T04:00:00.000Z,,Brandenburg,DE,Eschenweg,15827
E0:4F:43:20:EE:28,SmartGate_546297,67.8494339,20.25647545,E0:4F:43,6,wpa2,2017-10-10T07:00:00.000Z,2025-05-26T01:00:00.000Z,,Norrbottens län,SE,Adolf Hedinsvägen,98137
E0:4F:43:20:EE:2D,SmartGate_545415,50.09601212,16.30118179,E0:4F:43,6,wpa2,2024-09-20T10:00:00.000Z,2024-09-20T05:00:00.000Z,,Severovýchod,CZ,14,51743
E0:4F:43:20:EE:2E,SmartGate_546428,52.5864563,13.62756824,E0:4F:43,6,wpa2,2019-02-02T18:00:00.000Z,2025-06-08T11:00:00.000Z,,Brandenburg,DE,Östlicher Berliner Ring,16356
E0:4F:43:20:EE:30,SmartGate_167032,48.62622452,9.36027622,E0:4F:43,6,wpa2,2025-02-20T09:00:00.000Z,2025-02-20T04:00:00.000Z,,Baden-Württemberg,DE,Kirchheimer Straße,72622
E0:4F:43:20:EE:31,SmartGate_552016,59.42576218,24.72646523,E0:4F:43,6,wpa2,2017-08-04T14:00:00.000Z,2026-06-18T08:00:00.000Z,Tallinn,Harju maakond,EE,Kotkapoja,96007
E0:4F:43:20:EE:32,SMARTGATE_123456,53.26052094,10.44444084,E0:4F:43,6,wpa2,2025-05-17T08:00:00.000Z,2025-05-22T08:00:00.000Z,,Niedersachsen,DE,Erbstorfer Landstraße,21337
E0:4F:43:20:EE:33,SmartGate_552593,62.37903595,17.35952568,E0:4F:43,6,wpa2,2024-09-07T16:00:00.000Z,2024-09-07T10:00:00.000Z,Skönsmons distrikt,Västernorrlands län,SE,Landsvägsallén,854 63
E0:4F:43:20:EE:35,SmartGate_551877,48.86611938,8.91325569,E0:4F:43,6,wpa2,2019-01-21T02:00:00.000Z,2025-11-20T16:00:00.000Z,,Baden-Württemberg,DE,Saupfützenweg,75446
E0:4F:43:20:EE:3B,SmartGate_541341,61.49639511,23.78943634,E0:4F:43,6,wpa2,2018-10-19T13:00:00.000Z,2025-11-12T06:00:00.000Z,Tampere,Manner-Suomi,FI,Nyyrikintie,33540
E0:4F:43:20:EE:41,SMARTGATE_123456,47.25656891,10.75226116,E0:4F:43,6,wpa2,2024-10-06T10:00:00.000Z,2024-10-06T04:00:00.000Z,Gemeinde Tarrenz,Tirol,AT,B189,6464
E0:4F:43:20:EE:44,SmartGate_552641,47.41566849,8.21735764,E0:4F:43,6,wpa2,2018-03-16T15:00:00.000Z,2025-01-24T14:00:00.000Z,,Aargau,CH,Kirchstrasse,5505
E0:4F:43:20:EE:4E,SmartGate_543034,62.93140411,27.67959785,E0:4F:43,6,wpa2,2017-06-27T13:00:00.000Z,2026-03-18T07:00:00.000Z,Kuopio,Manner-Suomi,FI,Päivärannantie,70400
E0:4F:43:20:EE:51,SmartGate_183417,50.07843781,14.34452248,E0:4F:43,6,wpa2,2024-09-08T16:00:00.000Z,2026-01-12T04:00:00.000Z,Hlavní město Praha,Praha,CZ,,162 06
E0:4F:43:20:EE:55,SmartGate_558146,49.39480591,13.29163361,E0:4F:43,6,wpa2,2020-07-06T11:00:00.000Z,2026-08-01T11:00:00.000Z,,Jihozápad,CZ,Balbínova,33901
E0:4F:43:20:EE:57,SmartGate_163339,49.77223969,6.65976143,E0:4F:43,6,wpa2,2026-05-30T07:00:00.000Z,2026-05-30T02:00:00.000Z,Trier,Rheinland-Pfalz,DE,Zurmaiener Straße,54292
E0:4F:43:20:EE:58,SMARTGATE_123456,47.52347183,8.36238861,E0:4F:43,6,wpa2,2019-02-20T12:00:00.000Z,2025-08-11T23:00:00.000Z,,Aargau,CH,Schafbrünnelistrasse,5425
E0:4F:43:20:EE:5D,SmartGate_166840,51.37728119,6.76296139,E0:4F:43,6,wpa2,2022-09-11T17:00:00.000Z,2025-12-02T11:00:00.000Z,Duisburg,Nordrhein-Westfalen,DE,Sittardsberger Allee,47249
E0:4F:43:20:EE:5E,SmartGate_183353,48.46508789,10.10679436,E0:4F:43,6,wpa2,2023-09-02T14:00:00.000Z,2025-11-22T07:00:00.000Z,Elchingen,Bayern,DE,A 8,89275
E0:4F:43:20:EE:62,SmartGate_554195,49.1939888,16.60896492,E0:4F:43,6,wpa2,2018-01-21T14:00:00.000Z,2025-05-04T06:00:00.000Z,Brno,Jihovýchod,CZ,náměstí Svobody,60200
E0:4F:43:20:EE:65,SmartGate_552244,59.5259552,17.91915894,E0:4F:43,6,wpa2,2018-04-14T17:00:00.000Z,2026-02-03T07:00:00.000Z,,Stockholms län,SE,Väsbyvägen,19479
E0:4F:43:20:EE:66,SmartGate_164807,51.5005188,11.96259403,E0:4F:43,6,wpa2,2025-05-15T13:00:00.000Z,2025-05-15T11:00:00.000Z,,Sachsen-Anhalt,DE,Große Brunnenstraße,06114
E0:4F:43:20:EE:67,SmartGate_714782,56.61097336,9.73929501,E0:4F:43,6,wpa2,2024-08-13T18:00:00.000Z,2025-08-10T10:00:00.000Z,,Region Nordjylland,DK,Nordjyske Motorvej,9500
E0:4F:43:20:EE:68,SmartGate_169610,51.04259109,13.76468754,E0:4F:43,6,wpa2,2022-10-07T19:00:00.000Z,2024-12-03T13:00:00.000Z,Dresden,Sachsen,DE,Stübelallee,01307
E0:4F:43:20:EE:6A,SMARTGATE_123456,49.48481369,8.31201458,E0:4F:43,6,wpa2,2018-06-15T16:00:00.000Z,2026-06-24T03:00:00.000Z,,Rheinland-Pfalz,DE,A 61,67227
E0:4F:43:20:EE:6B,SMARTGATE_123456,50.67610168,6.18354177,E0:4F:43,6,wpa2,2019-03-11T13:00:00.000Z,2024-10-26T08:00:00.000Z,Aachen,Nordrhein-Westfalen,DE,Himmelsleiter,52076
E0:4F:43:20:EE:72,SmartGate_035031,48.17560959,17.06533241,E0:4F:43,6,wpa2,2022-02-22T14:00:00.000Z,2026-05-29T08:00:00.000Z,Bratislava,Bratislavský kraj,SK,Lamačská cesta,841 04
E0:4F:43:20:EE:74,SmartGate_558314,49.19311905,16.42888069,E0:4F:43,6,wpa2,2018-09-07T17:00:00.000Z,2025-09-19T13:00:00.000Z,,Jihovýchod,CZ,23,66417
E0:4F:43:20:EE:7A,SmartGate_711654,49.0725975,8.48202133,E0:4F:43,6,wpa2,2001-01-01T01:00:00.000Z,2026-05-03T10:00:00.000Z,,Baden-Württemberg,DE,Hasenäckerweg,76297
E0:4F:43:20:EE:7C,SmartGate_163552,50.96197128,6.88730335,E0:4F:43,6,wpa2,2018-06-01T20:00:00.000Z,2025-10-24T07:00:00.000Z,Köln,Nordrhein-Westfalen,DE,Biesterfeldstraße,50829
E0:4F:43:20:EE:7E,SmartGate_161747,60.22735596,25.01087952,E0:4F:43,6,wpa2,2024-11-10T09:00:00.000Z,2025-03-18T08:00:00.000Z,Helsinki,Manner-Suomi,FI,Pihlajamäentie,00790
E0:4F:43:20:EE:81,SmartGate_163676,50.07016754,14.33989334,E0:4F:43,6,wpa2,2018-07-13T18:00:00.000Z,2026-07-01T04:00:00.000Z,Hlavní město Praha,Praha,CZ,V Úvalu,15000
E0:4F:43:20:EE:82,SmartGate_164593,48.14861679,11.7852459,E0:4F:43,6,wpa2,2019-02-21T12:00:00.000Z,2026-02-22T23:00:00.000Z,,Bayern,DE,A 94,85599
E0:4F:43:20:EE:83,SMARTGATE_123456,49.9253006,8.63901711,E0:4F:43,6,wpa2,2022-04-09T16:00:00.000Z,2024-12-24T01:00:00.000Z,Darmstadt,Hessen,DE,Der Strutweg,64291
E0:4F:43:20:EE:8B,SmartGate_546452,50.14405823,19.18957901,E0:4F:43,6,wpa2,2018-04-17T09:00:00.000Z,2026-08-05T01:00:00.000Z,,województwo śląskie,PL,Imielińska,41-407
E0:4F:43:20:EE:91,SmartGate_553547,60.15433502,15.19396305,E0:4F:43,6,wpa2,2019-09-13T22:00:00.000Z,2026-07-30T04:00:00.000Z,,Dalarnas län,SE,Smedjegatan,771 25
E0:4F:43:20:EE:93,SmartGate_169377,52.45106888,13.42308617,E0:4F:43,6,wpa2,2019-09-13T13:00:00.000Z,2024-09-03T09:00:00.000Z,Berlin,Neukölln,DE,Gradestraße,12347
E0:4F:43:20:EE:A1,SmartGate_550871,58.39937973,13.39875412,E0:4F:43,6,wpa2,2025-06-26T09:00:00.000Z,2025-06-26T08:00:00.000Z,,Västra Götalands län,SE,49,532 37
E0:4F:43:20:EE:A2,SmartGate_183287,49.00492096,8.43719196,E0:4F:43,6,wpa2,2018-09-08T18:00:00.000Z,2026-01-09T10:00:00.000Z,Karlsruhe,Baden-Württemberg,DE,Ostring,76137
E0:4F:43:20:EE:AB,SmartGate_542241,38.70266724,-8.9975853,E0:4F:43,6,wpa2,2024-02-04T17:00:00.000Z,2026-04-24T15:00:00.000Z,Montijo,Setúbal,PT,Estrada do Seixalinho,2870-491
E0:4F:43:20:EE:AE,SmartGate_546565,48.58282852,9.32085896,E0:4F:43,6,wpa2,2017-10-14T14:00:00.000Z,2025-09-07T13:00:00.000Z,,Baden-Württemberg,DE,B 313,72663
E0:4F:43:20:EE:AF,SmartGate_708845,53.07859802,8.80892372,E0:4F:43,6,wpa2,2018-04-02T15:00:00.000Z,2025-04-06T14:00:00.000Z,Bremen,Bremen,DE,Sögestraße,28195
E0:4F:43:20:EE:B5,SmartGate_161815,61.4912796,23.83868027,E0:4F:43,6,wpa2,2020-10-22T16:00:00.000Z,2025-10-06T03:00:00.000Z,Tampere,Manner-Suomi,FI,Harankatu,33700
E0:4F:43:20:EE:B6,SmartGate_163450,52.30342102,7.94198513,E0:4F:43,6,wpa2,2024-08-26T11:00:00.000Z,2024-09-26T05:00:00.000Z,,Niedersachsen,DE,Autobahnzubringer,49076
E0:4F:43:20:EE:BC,SmartGate_182739,51.14566803,13.13798237,E0:4F:43,6,wpa2,2024-10-23T14:00:00.000Z,2025-02-13T04:00:00.000Z,,Sachsen,DE,Pommlitzer Weg,04720
E0:4F:43:20:EE:C3,SmartGate_161761,51.47435379,3.52191997,E0:4F:43,6,wpa2,2018-09-08T16:00:00.000Z,2025-08-15T01:00:00.000Z,,Zeeland,NL,John O. Forfarstraat,4371JB
E0:4F:43:20:EE:C5,SmartGate_163761,51.93484497,10.41173744,E0:4F:43,6,wpa2,2017-11-16T10:00:00.000Z,2025-06-23T21:00:00.000Z,,Niedersachsen,DE,Stapelner Straße,38644
E0:4F:43:20:EE:C6,SMARTGATE_123456,52.12664795,5.887043,E0:4F:43,6,wpa2,2024-07-28T16:00:00.000Z,2025-03-01T05:00:00.000Z,,Gelderland,NL,Brouwersweg,7351TK
E0:4F:43:20:EE:C9,SmartGate_708323,48.19869614,11.61526299,E0:4F:43,6,wpa2,2018-03-26T12:00:00.000Z,2026-05-08T08:00:00.000Z,München,Bayern,DE,Heidemannstraße,80939
E0:4F:43:20:EE:CC,SmartGate_552758,50.00899887,8.67318058,E0:4F:43,6,wpa2,2017-11-22T14:00:00.000Z,2026-01-21T01:00:00.000Z,,Hessen,DE,Siebente Stein Schneise,63303
E0:4F:43:20:EE:D3,SmartGate_552376,44.48060989,26.11504936,E0:4F:43,6,wpa2,2025-03-28T17:00:00.000Z,2026-04-07T06:00:00.000Z,Municipiul București,Sector 2,RO,Bulevardul Dimitrie Pompeiu,020337
E0:4F:43:20:EE:D5,SmartGate_164756,51.04089355,13.34695053,E0:4F:43,6,wpa2,2019-05-24T16:00:00.000Z,2025-08-11T07:00:00.000Z,,Sachsen,DE,Reinsberger Straße,09634
E0:4F:43:20:EE:D9,SmartGate_034732,49.86626816,16.89665985,E0:4F:43,6,wpa2,2020-03-01T15:00:00.000Z,2025-01-24T05:00:00.000Z,,Střední Morava,CZ,44,789 01
E0:4F:43:20:EE:E7,SmartGate_541086,53.03559875,8.67612743,E0:4F:43,6,wpa2,2024-09-20T14:00:00.000Z,2024-10-20T08:00:00.000Z,,Niedersachsen,DE,Oldenburger Straße,27751
E0:4F:43:20:EE:E8,SmartGate_166835,60.25079727,24.8748951,E0:4F:43,6,wpa2,2017-07-13T15:00:00.000Z,2026-05-09T06:00:00.000Z,Helsinki,Manner-Suomi,FI,Juhannuskallionpolku,00420
E0:4F:43:20:EE:EE,SmartGate_164425,48.06025696,11.5181179,E0:4F:43,6,wpa2,2018-10-20T11:00:00.000Z,2026-02-27T12:00:00.000Z,,Bayern,DE,Richard-Wagner-Straße,82049
E0:4F:43:20:EE:F1,SmartGate_552612,59.20690536,17.70237732,E0:4F:43,6,wpa2,2019-08-26T17:00:00.000Z,2024-09-24T08:00:00.000Z,,Stockholms län,SE,E 4;E 20,152 42
E0:4F:43:20:EE:F2,SmartGate_183630,46.07536316,14.48448944,E0:4F:43,6,wpa2,2017-09-14T15:00:00.000Z,2025-01-10T11:00:00.000Z,Ljubljana,Šiška,SI,Celovška cesta,1000
E0:4F:43:20:EE:F3,SmartGate_170021,61.04759216,28.20162582,E0:4F:43,6,wpa2,2019-01-24T16:00:00.000Z,2026-06-30T09:00:00.000Z,Lappeenranta,Manner-Suomi,FI,Harapaisentie,53500
E0:4F:43:20:EE:F4,SMARTGATE_123456,51.22475052,12.04717255,E0:4F:43,6,wpa2,2017-11-01T07:00:00.000Z,2024-12-01T08:00:00.000Z,,Sachsen-Anhalt,DE,A 9,06686
E0:4F:43:20:EE:F9,SmartGate_545145,59.42900085,24.74579048,E0:4F:43,6,wpa2,2019-05-07T18:00:00.000Z,2026-01-03T12:00:00.000Z,Tallinn,Harju maakond,EE,Peeter Süda,10118
E0:4F:43:20:EE:FA,SmartGate_162830,52.4693718,13.38554192,E0:4F:43,6,wpa2,2018-08-30T11:00:00.000Z,2026-06-15T10:00:00.000Z,Berlin,Tempelhof-Schöneberg,DE,Tempelhofer Damm,12099
E0:4F:43:20:EE:FB,SmartGate_708746,51.46696854,9.11392498,E0:4F:43,6,wpa2,2025-12-19T09:00:00.000Z,2026-01-18T04:00:00.000Z,,Nordrhein-Westfalen,DE,A 44,34414
E0:4F:43:20:EE:FF,SmartGate_545645,60.29021454,24.97441101,E0:4F:43,7,wpa2,2017-12-29T11:00:00.000Z,2025-01-29T10:00:00.000Z,,Manner-Suomi,FI,Kehä III,01510
E0:4F:43:20:EF:03,SmartGate_183110,50.03733826,14.41370869,E0:4F:43,6,wpa2,2021-11-07T14:00:00.000Z,2025-05-02T11:00:00.000Z,Hlavní město Praha,Praha,CZ,Školní,14700
E0:4F:43:20:EF:0D,SMARTGATE_123456,47.95597076,12.01875114,E0:4F:43,6,wpa2,2025-12-27T08:00:00.000Z,2025-12-27T05:00:00.000Z,,Bayern,DE,St 2080,83104
E0:4F:43:20:EF:0F,SmartGate_161792,61.05498886,28.20053864,E0:4F:43,6,wpa2,2024-03-08T05:00:00.000Z,2025-10-29T21:00:00.000Z,Lappeenranta,Manner-Suomi,FI,Hietalankatu,53100
E0:4F:43:20:EF:10,SmartGate_164645,49.35874557,16.90339851,E0:4F:43,6,wpa2,2019-05-16T12:00:00.000Z,2024-11-21T13:00:00.000Z,,Jihovýchod,CZ,,
E0:4F:43:20:EF:13,SmartGate_708777,53.16522598,9.24532127,E0:4F:43,6,wpa2,2022-05-30T16:00:00.000Z,2026-04-11T11:00:00.000Z,,Niedersachsen,DE,A 1,27367
E0:4F:43:20:EF:14,SmartGate_535887,49.70635605,8.94633389,E0:4F:43,6,wpa2,2017-06-10T14:00:00.000Z,2025-11-14T12:00:00.000Z,,Hessen,DE,Am Sonnenhang,64720
E0:4F:43:20:EF:15,SmartGate_183431,52.31272888,10.6333847,E0:4F:43,6,wpa2,2025-12-15T14:00:00.000Z,2025-12-16T09:00:00.000Z,,Niedersachsen,DE,Berliner Heerstraße,38165
E0:4F:43:20:EF:16,SmartGate_555180,50.03042984,19.94703102,E0:4F:43,6,wpa2,2020-09-02T18:00:00.000Z,2026-07-07T02:00:00.000Z,Kraków,województwo małopolskie,PL,Puszkarska,30-524
E0:4F:43:20:EF:20,SmartGate_163472,50.0145874,11.95314026,E0:4F:43,6,wpa2,2023-11-06T15:00:00.000Z,2026-07-17T14:00:00.000Z,,Bayern,DE,B 303,95709
E0:4F:43:20:EF:28,SmartGate_183389,52.63356781,9.92890358,E0:4F:43,6,wpa2,2025-11-07T14:00:00.000Z,2025-11-07T07:00:00.000Z,,Niedersachsen,DE,Wietzer Straße,29313
E0:4F:43:20:EF:2C,SMARTGATE_123456,50.12958908,14.50222111,E0:4F:43,6,wpa2,2023-01-15T10:00:00.000Z,2026-03-12T16:00:00.000Z,Hlavní město Praha,Praha,CZ,Kbelská,199 06
E0:4F:43:20:EF:31,SmartGate_551871,59.28441238,17.99939346,E0:4F:43,6,wpa2,2017-12-17T13:00:00.000Z,2025-08-03T09:00:00.000Z,Stockholm,Stockholms län,SE,Månstensslingan,12678
E0:4F:43:20:EF:3C,SmartGate_162632,51.25255203,6.77170897,E0:4F:43,6,wpa2,2017-09-27T17:00:00.000Z,2024-10-05T08:00:00.000Z,Düsseldorf,Nordrhein-Westfalen,DE,Kennedydamm,40476
E0:4F:43:20:EF:3D,SmartGate_139727,60.19418335,24.93876076,E0:4F:43,6,wpa2,2017-05-05T17:00:00.000Z,2024-10-07T09:00:00.000Z,Helsinki,Manner-Suomi,FI,Sipoonkatu,00077
E0:4F:43:20:EF:3E,SmartGate_033879,49.21217346,16.58907318,E0:4F:43,6,wpa2,2017-08-20T14:00:00.000Z,2026-05-04T09:00:00.000Z,Brno,Jihovýchod,CZ,Pod kaštany,61600
E0:4F:43:20:EF:3F,SmartGate_557061,48.0729332,16.1837635,E0:4F:43,6,wpa2,2018-04-18T12:00:00.000Z,2025-08-18T20:00:00.000Z,Gemeinde Hinterbrühl,Niederösterreich,AT,Wiener Außenring Autobahn,2371
E0:4F:43:20:EF:40,SMARTGATE_123456,50.16407394,8.91221905,E0:4F:43,6,wpa2,2017-09-24T15:00:00.000Z,2026-04-11T11:00:00.000Z,,Hessen,DE,B 45,63486
E0:4F:43:20:EF:42,SmartGate_711361,48.10992813,11.57325077,E0:4F:43,6,wpa2,2023-09-30T08:00:00.000Z,2026-02-01T00:00:00.000Z,München,Bayern,DE,Harlachinger Straße,81547
E0:4F:43:20:EF:43,SmartGate_139842,48.15532303,11.6090517,E0:4F:43,6,wpa2,2024-02-06T15:00:00.000Z,2026-07-12T14:00:00.000Z,München,Bayern,DE,Isarring,81679
E0:4F:43:20:EF:4A,SmartGate_174457,49.57444382,17.23520851,E0:4F:43,6,wpa2,2024-11-21T15:00:00.000Z,2024-11-21T07:00:00.000Z,Olomouc,Střední Morava,CZ,Horní lán,77900
E0:4F:43:20:EF:4B,SMARTGATE_123456,52.11444855,8.63743401,E0:4F:43,6,wpa2,2019-12-10T15:00:00.000Z,2025-10-07T06:00:00.000Z,,Nordrhein-Westfalen,DE,Schnatweg,32051
E0:4F:43:20:EF:50,SmartGate_034684,50.200737,15.99623489,E0:4F:43,6,wpa2,2026-03-24T16:00:00.000Z,2026-04-07T10:00:00.000Z,,Severovýchod,CZ,Na Kopečku,50346
E0:4F:43:20:EF:52,SmartGate_166612,51.52071762,11.94778538,E0:4F:43,6,wpa2,2022-06-20T20:00:00.000Z,2025-11-30T12:00:00.000Z,,Sachsen-Anhalt,DE,Saalekai,06118
E0:4F:43:20:EF:54,SmartGate_558451,52.22235107,13.16705227,E0:4F:43,6,wpa2,2018-01-21T17:00:00.000Z,2026-07-27T02:00:00.000Z,,Brandenburg,DE,Am Schweinegrund,14959
E0:4F:43:20:EF:5D,SmartGate_548261,47.60951614,19.11478806,E0:4F:43,6,wpa2,2024-01-13T08:00:00.000Z,2026-05-31T08:00:00.000Z,,Közép-Magyarország,HU,Pallag utca,2120
E0:4F:43:20:EF:60,SmartGate_174260,49.18139267,13.91148281,E0:4F:43,6,wpa2,2024-05-19T11:00:00.000Z,2025-02-27T08:00:00.000Z,,Jihozápad,CZ,1425,38701
E0:4F:43:20:EF:68,SmartGate_709353,52.17227936,11.56508541,E0:4F:43,6,wpa2,2026-02-06T14:00:00.000Z,2026-02-06T09:00:00.000Z,Magdeburg,Sachsen-Anhalt,DE,A 2,39130
E0:4F:43:20:EF:70,SmartGate_174502,52.42982483,12.53222752,E0:4F:43,6,wpa2,2025-04-08T13:00:00.000Z,2025-04-08T06:00:00.000Z,,Brandenburg,DE,Rathenower Landstraße,14772
E0:4F:43:20:EF:71,SmartGate_161859,50.60663223,11.64795494,E0:4F:43,6,wpa2,2024-08-20T14:00:00.000Z,2024-08-20T11:00:00.000Z,,Thüringen,DE,Lobensteiner Straße,07924
E0:4F:43:20:EF:75,SmartGate_553429,50.1575737,9.08311939,E0:4F:43,6,wpa2,2020-06-19T15:00:00.000Z,2026-03-16T10:00:00.000Z,,Hessen,DE,Ortsumgehung Freigericht Variante blau,63594
E0:4F:43:20:EF:76,SmartGate_558704,48.93302536,21.89931107,E0:4F:43,6,wpa2,2017-11-30T10:00:00.000Z,2026-05-18T01:00:00.000Z,,Prešovský kraj,SK,1. mája,06601
E0:4F:43:20:EF:7F,SmartGate_708927,53.59218979,9.8914957,E0:4F:43,6,wpa2,2024-06-21T12:00:00.000Z,2026-05-19T04:00:00.000Z,Hamburg,Lurup,DE,Farnhornweg,22547
E0:4F:43:20:EF:89,SmartGate_140395,49.9414978,8.59527874,E0:4F:43,6,wpa2,2019-10-31T14:00:00.000Z,2025-11-18T02:00:00.000Z,,Hessen,DE,Sandbergweg,64331
E0:4F:43:20:EF:8C,SmartGate_708682,49.54270554,8.64869404,E0:4F:43,6,wpa2,2025-05-30T14:00:00.000Z,2025-05-30T10:00:00.000Z,,Baden-Württemberg,DE,Multring,69469
E0:4F:43:20:EF:8F,SMARTGATE_123456,51.17183685,13.86209393,E0:4F:43,6,wpa2,2017-09-16T15:00:00.000Z,2025-04-27T18:00:00.000Z,,Sachsen,DE,A 4,01454
E0:4F:43:20:EF:9A,SmartGate_169659,51.26613998,12.6945858,E0:4F:43,6,wpa2,2017-06-10T09:00:00.000Z,2026-05-18T09:00:00.000Z,Grimma,Sachsen,DE,S 47,04687
E0:4F:43:20:EF:9C,SmartGate_554793,60.20534134,24.78072739,E0:4F:43,6,wpa2,2023-04-14T16:00:00.000Z,2024-12-18T11:00:00.000Z,Espoo,Manner-Suomi,FI,Pehkusilta,02630
E0:4F:43:20:EF:A0,SmartGate_709069,52.37278748,8.90720844,E0:4F:43,6,wpa2,2019-01-23T11:00:00.000Z,2026-02-04T04:00:00.000Z,,Nordrhein-Westfalen,DE,Auf der Tappenau,32469
E0:4F:43:20:EF:AA,SmartGate_707706,54.21600723,10.40762711,E0:4F:43,6,wpa2,2024-05-14T14:00:00.000Z,2025-07-16T03:00:00.000Z,Lebrade,Schleswig-Holstein,DE,Lannweg,24306
E0:4F:43:20:EF:AC,SmartGate_552194,57.15031052,12.62766075,E0:4F:43,6,wpa2,2025-02-15T10:00:00.000Z,2026-05-17T12:00:00.000Z,,Hallands län,SE,153,
E0:4F:43:20:EF:AD,SmartGate_545598,59.25848007,17.89299583,E0:4F:43,6,wpa2,2023-08-01T13:00:00.000Z,2026-07-02T11:00:00.000Z,,Stockholms län,SE,Kungens kurvakopplet,127 49
E0:4F:43:20:EF:BE,SmartGate_141282,48.99279785,8.37844944,E0:4F:43,6,wpa2,2026-07-26T18:00:00.000Z,2026-08-06T18:00:00.000Z,Karlsruhe,Baden-Württemberg,DE,Südtangente,76135
E0:4F:43:20:EF:C1,SmartGate_170107,61.49266434,23.7820282,E0:4F:43,6,wpa2,2017-10-26T12:00:00.000Z,2024-08-11T05:00:00.000Z,Tampere,Manner-Suomi,FI,Järvensivuntie,33100
E0:4F:43:20:EF:C5,SMARTGATE_123456,48.99176025,8.43472385,E0:4F:43,6,wpa2,2019-07-16T11:00:00.000Z,2025-10-12T01:00:00.000Z,Karlsruhe,Baden-Württemberg,DE,Südtangente,76199
E0:4F:43:20:EF:C8,SmartGate_709393,52.61000061,13.53616524,E0:4F:43,6,wpa2,2019-02-18T12:00:00.000Z,2024-10-30T12:00:00.000Z,,Brandenburg,DE,B 2,16356
E0:4F:43:20:EF:CC,SmartGate_708774,48.11930466,11.63125896,E0:4F:43,6,wpa2,2025-02-14T14:00:00.000Z,2025-02-14T11:00:00.000Z,München,Bayern,DE,Heinrich-Wieland-Straße,81671
E0:4F:43:20:EF:D1,SmartGate_140054,60.22319412,24.87249374,E0:4F:43,6,wpa2,2018-08-31T08:00:00.000Z,2024-11-10T07:00:00.000Z,Helsinki,Manner-Suomi,FI,Meijeritie,00380
E0:4F:43:20:EF:D6,SmartGate_542059,50.8351326,6.96553898,E0:4F:43,6,wpa2,2017-08-10T08:00:00.000Z,2025-05-07T23:00:00.000Z,,Nordrhein-Westfalen,DE,A 555,50389
E0:4F:43:20:EF:DB,SmartGate_034438,50.02318573,14.47091579,E0:4F:43,6,wpa2,2020-02-14T09:00:00.000Z,2026-06-07T11:00:00.000Z,Hlavní město Praha,Praha,CZ,Lukešova,14200
E0:4F:43:20:EF:DF,SMARTGATE_123456,48.04097366,11.78598309,E0:4F:43,6,wpa2,2018-04-13T15:00:00.000Z,2025-12-27T06:00:00.000Z,,Bayern,DE,Harthauser Weg,85667
E0:4F:43:20:EF:E4,SmartGate_545622,49.078228,19.31490135,E0:4F:43,6,wpa2,2025-06-24T14:00:00.000Z,2025-06-24T10:00:00.000Z,,Žilinský kraj,SK,Nábrežie generála Milana Rastislava Štefánika,034 01
E0:4F:43:20:EF:E7,SmartGate_708888,53.68527222,9.8029089,E0:4F:43,6,wpa2,2018-04-14T10:00:00.000Z,2025-03-12T03:00:00.000Z,Borstel-Hohenraden,Schleswig-Holstein,DE,Prisdorfer Weg,25494
E0:4F:43:20:EF:EF,SMARTGATE_123456,53.60496902,11.29772568,E0:4F:43,6,wpa2,2018-05-15T18:00:00.000Z,2025-11-07T03:00:00.000Z,,Mecklenburg-Vorpommern,DE,,
E0:4F:43:20:EF:F7,SmartGate_552070,53.75079346,-1.62973499,E0:4F:43,6,wpa2,2019-07-25T13:00:00.000Z,2026-03-17T07:00:00.000Z,Leeds,England,GB,Forsyth Gelderd Point,LS27 7FE
E0:4F:43:20:EF:F9,SmartGate_709057,49.05744934,9.47099018,E0:4F:43,6,wpa2,2020-09-28T09:00:00.000Z,2025-06-21T09:00:00.000Z,Spiegelberg,Baden-Württemberg,DE,Großhöchberger Straße,71579
E0:4F:43:20:EF:FA,SMARTGATE_123456,52.52532578,13.51379204,E0:4F:43,6,wpa2,2018-09-28T15:00:00.000Z,2026-07-25T09:00:00.000Z,Berlin,Lichtenberg,DE,Allee der Kosmonauten,10315
E0:4F:43:20:EF:FC,SmartGate_169586,51.48353195,12.01644707,E0:4F:43,6,wpa2,2024-03-26T15:00:00.000Z,2026-02-08T06:00:00.000Z,Halle,Sachsen-Anhalt,DE,Reideburger Straße,06116
E0:4F:43:20:EF:FD,SmartGate_546482,51.07079697,12.49353886,E0:4F:43,6,wpa2,2020-08-08T13:00:00.000Z,2025-07-19T10:00:00.000Z,,Sachsen,DE,K 7933,04552
E0:4F:43:20:F0:0B,SmartGate_708815,53.37457657,7.20290232,E0:4F:43,6,wpa2,2025-11-15T21:00:00.000Z,2025-11-15T13:00:00.000Z,,Niedersachsen,DE,Theaterstraße,26721
E0:4F:43:20:F0:0C,SmartGate_551925,49.10387039,16.37435913,E0:4F:43,6,wpa2,2019-08-14T17:00:00.000Z,2025-10-27T03:00:00.000Z,,Jihovýchod,CZ,Oslavanská,66491
E0:4F:43:20:F0:11,SmartGate_710989,49.51911545,9.75340557,E0:4F:43,6,wpa2,2026-03-15T16:00:00.000Z,2026-07-07T06:00:00.000Z,,Baden-Württemberg,DE,Schrännlesweg,97980
E0:4F:43:20:F0:13,SmartGate_709265,51.30029678,7.33592892,E0:4F:43,6,wpa2,2017-08-24T10:00:00.000Z,2026-06-13T06:00:00.000Z,,Nordrhein-Westfalen,DE,Heimstraße,58256
E0:4F:43:20:F0:16,SmartGate_545653,60.22303772,25.00255585,E0:4F:43,6,wpa2,2021-01-16T16:00:00.000Z,2026-04-21T07:00:00.000Z,Helsinki,Manner-Suomi,FI,Viikintie,00560
E0:4F:43:20:F0:17,SmartGate_033998,50.46408463,8.12255764,E0:4F:43,6,wpa2,2017-05-24T12:00:00.000Z,2025-12-15T00:00:00.000Z,Beselich,Hessen,DE,B 49,65614
E0:4F:43:20:F0:1D,SMARTGATE_123456,50.69235611,10.98566723,E0:4F:43,6,wpa2,2026-01-23T17:00:00.000Z,2026-01-24T04:00:00.000Z,,Thüringen,DE,Anger,98693
E0:4F:43:20:F0:1F,SmartGate_708421,51.38117981,6.76352787,E0:4F:43,6,wpa2,2018-06-11T09:00:00.000Z,2025-12-02T11:00:00.000Z,Duisburg,Nordrhein-Westfalen,DE,Linzer Straße,47249
E0:4F:43:20:F0:22,SmartGate_167063,48.61328506,12.27140713,E0:4F:43,6,wpa2,2019-03-18T17:00:00.000Z,2026-01-25T09:00:00.000Z,,Bayern,DE,A 92,84051
E0:4F:43:20:F0:24,SmartGate_163567,48.44984818,8.72750568,E0:4F:43,6,wpa2,2026-01-22T17:00:00.000Z,2026-01-22T10:00:00.000Z,,Baden-Württemberg,DE,Schelmenwasen,72160
E0:4F:43:20:F0:27,SmartGate_541331,50.24768066,12.83007431,E0:4F:43,6,wpa2,2026-04-05T16:00:00.000Z,2026-04-05T11:00:00.000Z,Karlovy Vary,Severozápad,CZ,Závodu míru,36017
E0:4F:43:20:F0:2C,SmartGate_169681,51.43141937,7.34632874,E0:4F:43,6,wpa2,2018-12-10T07:00:00.000Z,2026-07-13T04:00:00.000Z,,Nordrhein-Westfalen,DE,Parkweg,58453
E0:4F:43:20:F0:31,SmartGate_034923,49.8283844,18.25929832,E0:4F:43,6,wpa2,2025-09-03T05:00:00.000Z,2025-09-04T04:00:00.000Z,Ostrava,Moravskoslezsko,CZ,28. října,70900
E0:4F:43:20:F0:32,SmartGate_034870,50.90732956,12.06770515,E0:4F:43,6,wpa2,2025-07-17T08:00:00.000Z,2025-07-17T02:00:00.000Z,,Thüringen,DE,Siemensstraße,07546
E0:4F:43:20:F0:39,SmartGate_183366,48.45397949,10.19495487,E0:4F:43,6,wpa2,2018-07-11T05:00:00.000Z,2026-07-10T06:00:00.000Z,,Baden-Württemberg,DE,A 8,89340
E0:4F:43:20:F0:3B,SmartGate_542302,61.44340897,23.7061348,E0:4F:43,6,wpa2,2017-07-19T11:00:00.000Z,2026-03-07T07:00:00.000Z,,Manner-Suomi,FI,,33920
E0:4F:43:20:F0:3E,SmartGate_548899,48.2506218,8.1813345,E0:4F:43,6,wpa2,2018-04-15T16:00:00.000Z,2026-01-14T07:00:00.000Z,,Baden-Württemberg,DE,Beerbergweg,77793
E0:4F:43:20:F0:40,SmartGate_550899,61.48267746,23.87339973,E0:4F:43,6,wpa2,2020-11-16T13:00:00.000Z,2025-10-26T05:00:00.000Z,Tampere,Manner-Suomi,FI,Tampereen itäinen kehätie,33710
E0:4F:43:20:F0:42,SmartGate_551883,49.9349823,14.35728455,E0:4F:43,6,wpa2,2026-08-01T08:00:00.000Z,2026-08-01T04:00:00.000Z,,Střední Čechy,CZ,4,25202
E0:4F:43:20:F0:4B,SmartGate_169106,51.44171906,7.03691626,E0:4F:43,6,wpa2,2017-09-01T11:00:00.000Z,2025-01-08T10:00:00.000Z,Essen,Nordrhein-Westfalen,DE,A 52,45136
E0:4F:43:20:F0:4C,SmartGate_714867,52.68411636,13.44102764,E0:4F:43,6,wpa2,2018-03-04T12:00:00.000Z,2024-10-30T12:00:00.000Z,,Brandenburg,DE,Hauptstraße,16348
E0:4F:43:20:F0:4F,SmartGate_169692,50.92474365,6.9392519,E0:4F:43,6,wpa2,2017-07-14T08:00:00.000Z,2026-03-13T09:00:00.000Z,Köln,Nordrhein-Westfalen,DE,Stolzestraße,50674
E0:4F:43:20:F0:51,SmartGate_554996,49.18853378,-2.11471486,E0:4F:43,6,wpa2,2019-11-17T17:00:00.000Z,2026-06-29T15:00:00.000Z,St. Helier,Vingtaine du Rouge Bouillon,JE,Peirson Road,JE2 3PB
E0:4F:43:20:F0:5C,SmartGate_708846,53.0496521,8.9869566,E0:4F:43,6,wpa2,2019-06-11T14:00:00.000Z,2026-03-30T12:00:00.000Z,,Niedersachsen,DE,Neubauersdamm,28876
E0:4F:43:20:F0:5E,SmartGate_707685,51.91386414,10.44419003,E0:4F:43,6,wpa2,2017-06-30T12:00:00.000Z,2026-01-12T10:00:00.000Z,,Niedersachsen,DE,Liebigstraße,38640
E0:4F:43:20:F0:60,SmartGate_164753,51.44991684,6.65796852,E0:4F:43,6,wpa2,2026-04-01T15:00:00.000Z,2026-04-01T09:00:00.000Z,Moers,Nordrhein-Westfalen,DE,Homberger Straße,47443
E0:4F:43:20:F0:64,SmartGate_541482,48.14610672,11.53755569,E0:4F:43,6,wpa2,2017-10-30T16:00:00.000Z,2026-08-04T17:00:00.000Z,München,Bayern,DE,Arnulfstraße,80636
E0:4F:43:20:F0:67,SMARTGATE_123456,49.98236465,9.19836617,E0:4F:43,6,wpa2,2018-02-10T13:00:00.000Z,2025-08-15T14:00:00.000Z,,Bayern,DE,Schmerlenbacher Straße,63768
E0:4F:43:20:F0:68,SmartGate_166087,51.12911224,13.92667007,E0:4F:43,6,wpa2,2018-02-18T17:00:00.000Z,2025-09-18T09:00:00.000Z,,Sachsen,DE,Feldhausweg,01454
E0:4F:43:20:F0:69,SMARTGATE_123456,48.14216232,7.70216465,E0:4F:43,6,wpa2,2024-12-03T10:00:00.000Z,2025-06-10T07:00:00.000Z,,Baden-Württemberg,DE,Hauptstraße,79346
E0:4F:43:20:F0:6E,SmartGate_551881,48.30330658,18.08393669,E0:4F:43,6,wpa2,2024-10-16T05:00:00.000Z,2024-10-15T22:00:00.000Z,Nitra,Nitriansky kraj,SK,Štefánikova trieda,949 01
E0:4F:43:20:F0:71,SmartGate_554253,57.12421799,12.28508854,E0:4F:43,6,wpa2,2020-01-08T16:00:00.000Z,2024-11-16T04:00:00.000Z,,Hallands län,SE,Vagnvägen,43232
E0:4F:43:20:F0:73,SmartGate_541534,52.19794083,11.72476482,E0:4F:43,6,wpa2,2018-07-14T14:00:00.000Z,2025-03-07T09:00:00.000Z,,Sachsen-Anhalt,DE,,
E0:4F:43:20:F0:74,SmartGate_166873,52.37660599,9.72188663,E0:4F:43,6,wpa2,2018-03-16T13:00:00.000Z,2025-03-23T04:00:00.000Z,Hannover,Niedersachsen,DE,Königsworther Straße,30167
E0:4F:43:20:F0:75,SmartGate_547960,50.07334137,14.34009266,E0:4F:43,6,wpa2,2017-10-16T17:00:00.000Z,2026-02-17T04:00:00.000Z,Hlavní město Praha,Praha,CZ,Roentgenova,16900
E0:4F:43:20:F0:76,SmartGate_709384,52.32365799,9.80084324,E0:4F:43,6,wpa2,2019-04-19T11:00:00.000Z,2026-05-23T08:00:00.000Z,Hannover,Niedersachsen,DE,6. Allee Ost,30521
E0:4F:43:20:F0:7A,SmartGate_546405,53.81864548,11.09899712,E0:4F:43,6,wpa2,2021-07-15T09:00:00.000Z,2025-10-07T13:00:00.000Z,,Mecklenburg-Vorpommern,DE,A 20,23936
E0:4F:43:20:F0:7B,SmartGate_167033,50.42037201,14.90739727,E0:4F:43,6,wpa2,2025-09-10T14:00:00.000Z,2025-09-17T02:00:00.000Z,Mladá Boleslav,Střední Čechy,CZ,Havlíčkova,29301
E0:4F:43:20:F0:7D,SmartGate_161854,51.91769409,10.41771507,E0:4F:43,6,wpa2,2024-10-07T19:00:00.000Z,2024-10-14T21:00:00.000Z,,Niedersachsen,DE,Kattenberg,38640
E0:4F:43:20:F0:7E,SmartGate_551179,59.27791595,18.01026154,E0:4F:43,6,wpa2,2024-05-19T09:00:00.000Z,2026-03-15T08:00:00.000Z,Stockholm,Stockholms län,SE,Älvsjö Gårdsväg,12531
E0:4F:43:20:F0:82,SmartGate_556816,50.06900787,14.34230328,E0:4F:43,6,wpa2,2017-08-28T23:00:00.000Z,2025-04-02T07:00:00.000Z,Hlavní město Praha,Praha,CZ,Zahradníčkova,15000
E0:4F:43:20:F0:83,SmartGate_546542,51.65294647,7.09816837,E0:4F:43,6,wpa2,2018-04-02T10:00:00.000Z,2025-04-25T06:00:00.000Z,,Nordrhein-Westfalen,DE,Marl Mitte,45768
E0:4F:43:20:F0:89,SmartGate_553123,50.11389923,14.46831226,E0:4F:43,6,wpa2,2017-08-30T17:00:00.000Z,2025-07-07T12:00:00.000Z,Hlavní město Praha,Praha,CZ,Na Korábě,18000
E0:4F:43:20:F0:8B,SmartGate_541095,50.12276077,14.50359058,E0:4F:43,6,wpa2,2018-03-11T13:00:00.000Z,2025-12-28T07:00:00.000Z,Hlavní město Praha,Praha,CZ,Svémyslická,191 00
E0:4F:43:20:F0:8E,SmartGate_169260,51.43600082,7.59507895,E0:4F:43,6,wpa2,2018-05-14T17:00:00.000Z,2025-02-05T08:00:00.000Z,,Nordrhein-Westfalen,DE,Forstweg,58239
E0:4F:43:20:F0:94,SmartGate_711639,48.8102684,9.43542385,E0:4F:43,6,wpa2,2025-07-31T08:00:00.000Z,2025-11-17T08:00:00.000Z,Remshalden,Baden-Württemberg,DE,Am Kelterwiesenbach,73630
E0:4F:43:20:F0:95,SmartGate_709002,51.39732361,9.54363728,E0:4F:43,6,wpa2,2019-03-31T12:00:00.000Z,2025-05-28T10:00:00.000Z,,Hessen,DE,Ikarusweg,34233
E0:4F:43:20:F0:99,SmartGate_182607,52.06219482,4.31498575,E0:4F:43,6,wpa2,2019-02-25T15:00:00.000Z,2025-07-08T10:00:00.000Z,Den Haag,Zuid-Holland,NL,Calandstraat,2521BW
E0:4F:43:20:F0:9A,SMARTGATE_123456,50.03942871,14.49574661,E0:4F:43,6,wpa2,2021-09-09T13:00:00.000Z,2025-08-30T17:00:00.000Z,Hlavní město Praha,Praha,CZ,Archivní,148 00
E0:4F:43:20:F0:9B,SmartGate_163913,60.2366333,25.0336113,E0:4F:43,6,wpa2,2019-04-01T19:00:00.000Z,2026-01-08T07:00:00.000Z,Helsinki,Manner-Suomi,FI,Kalmiston puistotie,00790
E0:4F:43:20:F0:9C,SmartGate_709318,52.04020309,8.5995388,E0:4F:43,6,wpa2,2025-10-28T16:00:00.000Z,2025-10-28T20:00:00.000Z,Bielefeld,Nordrhein-Westfalen,DE,Eckendorfer Straße,33609
E0:4F:43:20:F0:9D,SMARTGATE_123456,60.51874924,24.83689117,E0:4F:43,6,wpa2,2017-09-05T09:00:00.000Z,2025-08-11T12:00:00.000Z,,Manner-Suomi,FI,Keikkumäentie,01900
E0:4F:43:20:F0:A1,SmartGate_174362,50.76638794,4.93821383,E0:4F:43,6,wpa2,2018-01-24T15:00:00.000Z,2025-04-02T11:00:00.000Z,,Vlaams-Brabant,BE,E40,3321
E0:4F:43:20:F0:A4,SmartGate_551894,51.8189621,-2.2270391,E0:4F:43,6,wpa2,2023-06-16T14:00:00.000Z,2025-06-03T11:00:00.000Z,,England,GB,M5,GL4 6EQ
E0:4F:43:20:F0:AF,SmartGate_556807,45.43580246,28.05105591,E0:4F:43,6,wpa2,2017-10-17T07:00:00.000Z,2026-02-21T14:00:00.000Z,Galați,Galați,RO,Strada Traian,800049
E0:4F:43:20:F0:B1,SmartGate_169273,49.39213181,15.59004974,E0:4F:43,6,wpa2,2025-05-05T12:00:00.000Z,2025-05-06T13:00:00.000Z,Jihlava,Jihovýchod,CZ,Fibichova,58601
E0:4F:43:20:F0:B3,SmartGate_545179,54.57820129,18.37511635,E0:4F:43,6,wpa2,2017-04-23T18:00:00.000Z,2026-07-20T10:00:00.000Z,,województwo pomorskie,PL,Hetmańska,84-230
E0:4F:43:20:F0:B5,SmartGate_708046,49.43026352,11.41100025,E0:4F:43,6,wpa2,2023-11-03T13:00:00.000Z,2025-12-14T04:00:00.000Z,Offenhausen,Bayern,DE,LAU 5,91238
E0:4F:43:20:F0:B7,SmartGate_541495,50.11104202,8.7438612,E0:4F:43,6,wpa2,2019-05-15T17:00:00.000Z,2026-02-09T10:00:00.000Z,Offenbach am Main,Hessen,DE,Nordring,63067
E0:4F:43:20:F0:BC,SmartGate_169262,52.31464005,13.91268921,E0:4F:43,6,wpa2,2017-09-09T13:00:00.000Z,2026-02-06T09:00:00.000Z,,Brandenburg,DE,Autobahn der Freiheit,15528
E0:4F:43:20:F0:BE,SmartGate_708889,50.83211899,11.91819859,E0:4F:43,6,wpa2,2025-05-27T05:00:00.000Z,2025-12-08T23:00:00.000Z,,Thüringen,DE,K 129,07589
E0:4F:43:20:F0:C5,SmartGate_169375,51.39211655,6.75882578,E0:4F:43,6,wpa2,2024-12-16T10:00:00.000Z,2024-12-16T03:00:00.000Z,Duisburg,Nordrhein-Westfalen,DE,Düsseldorfer Landstraße,47249
E0:4F:43:20:F0:C8,SmartGate_169406,48.09343719,11.27401257,E0:4F:43,6,wpa2,2018-03-22T08:00:00.000Z,2025-08-18T14:00:00.000Z,,Bayern,DE,A 96,82205
E0:4F:43:20:F0:CD,SmartGate_542212,50.07123566,14.38667297,E0:4F:43,6,wpa2,2018-10-03T10:00:00.000Z,2025-09-16T06:00:00.000Z,Hlavní město Praha,Praha,CZ,Starokošířská,15000
E0:4F:43:20:F0:CE,SMARTGATE_123456,52.06115341,5.09714746,E0:4F:43,6,wpa2,2025-06-13T18:00:00.000Z,2026-05-02T07:00:00.000Z,Utrecht,Utrecht,NL,A12,3526AP
E0:4F:43:20:F0:D4,SmartGate_166609,51.56319427,6.50216341,E0:4F:43,6,wpa2,2026-04-11T07:00:00.000Z,2026-04-11T06:00:00.000Z,,Nordrhein-Westfalen,DE,A 57,46519
E0:4F:43:20:F0:DC,SmartGate_162731,49.94461823,14.04135704,E0:4F:43,6,wpa2,2005-01-24T07:00:00.000Z,2025-07-25T09:00:00.000Z,,Střední Čechy,CZ,Tovární,26701
E0:4F:43:20:F0:DD,SmartGate_164507,50.83167267,12.52048111,E0:4F:43,6,wpa2,2024-06-12T13:00:00.000Z,2024-10-26T00:00:00.000Z,,Sachsen,DE,Meeraner Straße,08371
E0:4F:43:20:F0:DF,SmartGate_707844,51.12256241,12.49634933,E0:4F:43,6,wpa2,2024-11-19T10:00:00.000Z,2024-12-01T10:00:00.000Z,,Sachsen,DE,Mühlgasse,04552
E0:4F:43:20:F0:E4,SmartGate_542998,61.48537445,23.84407616,E0:4F:43,6,wpa2,2017-09-14T17:00:00.000Z,2025-11-19T23:00:00.000Z,Tampere,Manner-Suomi,FI,Messukylänkatu,33700
E0:4F:43:20:F0:E8,SmartGate_546261,52.23534775,21.05069923,E0:4F:43,6,wpa2,2023-11-22T16:00:00.000Z,2024-11-01T17:00:00.000Z,Warszawa,województwo mazowieckie,PL,Czeska,03-902
E0:4F:43:20:F0:EB,SmartGate_162860,53.52775574,8.62204838,E0:4F:43,6,wpa2,2021-04-15T15:00:00.000Z,2026-05-07T00:00:00.000Z,Bremerhaven,Bremen,DE,A 27,27574
E0:4F:43:20:F0:F0,SmartGate_169504,53.58799362,10.12422752,E0:4F:43,6,wpa2,2024-08-09T10:00:00.000Z,2024-12-11T04:00:00.000Z,Hamburg,Tonndorf,DE,Sonnenweg,22045
E0:4F:43:20:F0:F4,SmartGate_164674,49.36909103,14.69651127,E0:4F:43,6,wpa2,2018-11-14T15:00:00.000Z,2026-07-25T06:00:00.000Z,,Jihozápad,CZ,U E55,391 02
E0:4F:43:20:F0:F9,SmartGate_541291,52.02254105,9.1767292,E0:4F:43,6,wpa2,2017-12-26T14:00:00.000Z,2025-07-25T10:00:00.000Z,,Nordrhein-Westfalen,DE,Kropsheider Weg,32683
E0:4F:43:20:F0:FB,SMARTGATE_123456,52.42999649,9.46376228,E0:4F:43,6,wpa2,2024-12-09T16:00:00.000Z,2024-12-09T09:00:00.000Z,,Niedersachsen,DE,Nienburger Straße,31515
E0:4F:43:20:F0:FE,SmartGate_545029,60.49143219,22.20929146,E0:4F:43,6,wpa2,2021-05-27T16:00:00.000Z,2026-06-12T03:00:00.000Z,Raisio,Manner-Suomi,FI,Kuloistentie,21280
E0:4F:43:20:F1:14,SmartGate_166261,51.24100876,6.86653948,E0:4F:43,6,wpa2,2024-01-01T17:00:00.000Z,2025-09-06T04:00:00.000Z,,Nordrhein-Westfalen,DE,Peckhausweg,40625
E0:4F:43:20:F1:1D,SmartGate_035626,44.43754196,26.0530262,E0:4F:43,6,wpa2,2017-12-26T14:00:00.000Z,2025-10-22T05:00:00.000Z,Municipiul București,Sector 6,RO,Bulevardul Iuliu Maniu,060042
E0:4F:43:20:F1:1F,SmartGate_541354,53.61212158,10.11555576,E0:4F:43,6,wpa2,2018-08-20T15:00:00.000Z,2024-10-08T09:00:00.000Z,Hamburg,Farmsen-Berne,DE,August-Krogmann-Straße,22159
E0:4F:43:20:F1:24,SmartGate_541607,50.11053467,14.51414776,E0:4F:43,6,wpa2,2024-03-27T15:00:00.000Z,2026-05-22T13:00:00.000Z,Hlavní město Praha,Praha,CZ,Kolbenova,19000
E0:4F:43:20:F1:26,SmartGate_548160,58.32703018,15.09354782,E0:4F:43,6,wpa2,2024-08-22T11:00:00.000Z,2024-08-23T00:00:00.000Z,,Östergötlands län,SE,50,59535
E0:4F:43:20:F1:31,SMARTGATE_123456,51.85703278,9.093503,E0:4F:43,6,wpa2,2025-03-23T14:00:00.000Z,2025-03-27T10:00:00.000Z,,Nordrhein-Westfalen,DE,Ostwestfalenstraße,32839
E0:4F:43:20:F1:32,SMARTGATE_123456,50.91743469,7.02081442,E0:4F:43,6,wpa2,2017-08-13T10:00:00.000Z,2025-01-23T02:00:00.000Z,Köln,Nordrhein-Westfalen,DE,A 4,51107
E0:4F:43:20:F1:37,SmartGate_558475,48.56881332,14.47249699,E0:4F:43,6,wpa2,2019-11-21T17:00:00.000Z,2026-07-03T12:00:00.000Z,,Oberösterreich,AT,B310,4261
E0:4F:43:20:F1:3A,SmartGate_541397,49.79371262,9.93862152,E0:4F:43,6,wpa2,2024-08-01T13:00:00.000Z,2025-08-09T04:00:00.000Z,Würzburg,Bayern,DE,Rennweg,97070
E0:4F:43:20:F1:3C,SmartGate_161680,51.33308792,12.35250378,E0:4F:43,6,wpa2,2017-09-09T14:00:00.000Z,2025-01-09T09:00:00.000Z,Leipzig,Sachsen,DE,Ferdinand-Lassalle-Straße,04109
E0:4F:43:20:F1:41,SMARTGATE_123456,52.18374634,10.27198792,E0:4F:43,6,wpa2,2019-04-19T10:00:00.000Z,2024-11-11T10:00:00.000Z,,Niedersachsen,DE,L 475,38268
E0:4F:43:20:F1:42,SmartGate_193695,50.35662079,13.81454372,E0:4F:43,6,wpa2,2017-07-28T10:00:00.000Z,2025-04-23T05:00:00.000Z,,Severozápad,CZ,Za Pragovkou,44001
E0:4F:43:20:F1:47,SmartGate_191320,48.08971024,11.49649334,E0:4F:43,6,wpa2,2021-09-09T12:00:00.000Z,2025-11-13T07:00:00.000Z,München,Bayern,DE,Forstenrieder Allee,81476
E0:4F:43:20:F1:4D,SMARTGATE_123456,50.28628159,11.81248188,E0:4F:43,6,wpa2,2021-05-19T13:00:00.000Z,2026-08-01T12:00:00.000Z,,Bayern,DE,A 9,95176
E0:4F:43:20:F1:51,SmartGate_163856,46.46072769,6.84780502,E0:4F:43,6,wpa2,2024-12-22T09:00:00.000Z,2024-12-24T13:00:00.000Z,,Vaud,CH,Rue du Clos,1800
E0:4F:43:20:F1:5A,SmartGate_166862,51.8141098,11.16578484,E0:4F:43,6,wpa2,2026-03-26T11:00:00.000Z,2026-04-20T12:00:00.000Z,,Sachsen-Anhalt,DE,A 36,06484
E0:4F:43:20:F1:64,SmartGate_162610,53.09301758,8.89862347,E0:4F:43,6,wpa2,2025-10-18T15:00:00.000Z,2026-01-15T06:00:00.000Z,Bremen,Bremen,DE,Achterdiek,28359
E0:4F:43:20:F1:65,SmartGate_164119,50.02687073,14.2351265,E0:4F:43,6,wpa2,2005-01-25T15:00:00.000Z,2025-11-15T10:00:00.000Z,,Střední Čechy,CZ,,25216
E0:4F:43:20:F1:68,SmartGate_708800,54.28395462,10.12374878,E0:4F:43,6,wpa2,2019-08-07T18:00:00.000Z,2026-06-30T04:00:00.000Z,Kiel,Schleswig-Holstein,DE,Kieler Weg,24145
E0:4F:43:20:F1:6C,SmartGate_546512,51.69701767,6.96884441,E0:4F:43,6,wpa2,2020-08-21T11:00:00.000Z,2025-09-29T09:00:00.000Z,,Nordrhein-Westfalen,DE,Söltener Landweg,46286
E0:4F:43:20:F1:6E,SmartGate_166844,48.77458572,11.40850163,E0:4F:43,6,wpa2,2018-10-30T18:00:00.000Z,2026-07-28T15:00:00.000Z,Ingolstadt,Bayern,DE,Richard-Wagner-Straße,85057
E0:4F:43:20:F1:6F,SmartGate_163959,62.8946991,27.69017982,E0:4F:43,6,wpa2,2021-03-16T08:00:00.000Z,2026-06-15T09:00:00.000Z,Kuopio,Manner-Suomi,FI,Suokatu,70110
E0:4F:43:20:F1:74,SmartGate_545649,52.20200348,7.81054878,E0:4F:43,6,wpa2,2025-10-11T14:00:00.000Z,2025-10-11T12:00:00.000Z,,Nordrhein-Westfalen,DE,A 1,49525
E0:4F:43:20:F1:78,SmartGate_545435,50.04800797,14.37734604,E0:4F:43,6,wpa2,2017-10-07T16:00:00.000Z,2025-12-18T04:00:00.000Z,Hlavní město Praha,Praha,CZ,Mezi Rolemi,15800
E0:4F:43:20:F1:7B,SmartGate_551959,59.13487625,15.24053097,E0:4F:43,6,wpa2,2024-06-07T15:00:00.000Z,2024-09-11T21:00:00.000Z,,Örebro län,SE,52,69292
E0:4F:43:20:F1:7D,SmartGate_163430,50.58506012,8.66283798,E0:4F:43,6,wpa2,2018-05-24T18:00:00.000Z,2024-09-11T14:00:00.000Z,,Hessen,DE,Schlachthofstraße,35398
E0:4F:43:20:F1:7F,SmartGate_552201,51.43797684,-0.53406399,E0:4F:43,6,wpa2,2024-01-02T12:00:00.000Z,2025-07-26T05:00:00.000Z,,England,GB,M25,TW19 6HA
E0:4F:43:20:F1:83,SmartGate_551787,57.21363449,12.23995018,E0:4F:43,6,wpa2,2017-06-22T18:00:00.000Z,2025-01-11T13:00:00.000Z,,Hallands län,SE,E 6;E 20,432 95
E0:4F:43:20:F1:8A,SmartGate_706809,50.53564453,12.09286308,E0:4F:43,6,wpa2,2019-09-29T18:00:00.000Z,2026-02-01T12:00:00.000Z,,Sachsen,DE,An der Schöpsdrehe,08548
E0:4F:43:20:F1:8D,SMARTGATE_123456,52.13125992,8.67448521,E0:4F:43,6,wpa2,2026-02-03T12:00:00.000Z,2026-02-04T06:00:00.000Z,,Nordrhein-Westfalen,DE,Werrestraße,32049
E0:4F:43:20:F1:8F,SMARTGATE_123456,50.04692841,15.81807804,E0:4F:43,6,wpa2,2019-07-18T19:00:00.000Z,2026-04-07T10:00:00.000Z,Spojil,Severovýchod,CZ,Na Okrajích,53002
E0:4F:43:20:F1:90,SmartGate_551220,48.97417831,14.46504784,E0:4F:43,6,wpa2,2020-11-20T15:00:00.000Z,2024-08-19T09:00:00.000Z,České Budějovice,Jihozápad,CZ,Na Dlouhé louce,37005
E0:4F:43:20:F1:99,SmartGate_146595,47.31303406,7.84965372,E0:4F:43,6,wpa2,2018-02-16T18:00:00.000Z,2026-07-03T05:00:00.000Z,,Solothurn,CH,Fülerweg,4616
E0:4F:43:20:F1:A0,SmartGate_708385,51.54453278,8.10054207,E0:4F:43,6,wpa2,2026-04-30T06:00:00.000Z,2026-05-03T12:00:00.000Z,Soest,Nordrhein-Westfalen,DE,A 44,59494
E0:4F:43:20:F1:A2,SmartGate_146646,50.09170151,14.42099571,E0:4F:43,6,wpa2,2017-05-30T23:00:00.000Z,2026-04-17T01:00:00.000Z,Hlavní město Praha,Praha,CZ,U Milosrdných,11000
E0:4F:43:20:F1:A5,SmartGate_163237,51.45801163,12.62740135,E0:4F:43,6,wpa2,2026-06-09T05:00:00.000Z,2026-06-09T01:00:00.000Z,,Sachsen,DE,Fischerweg,04838
E0:4F:43:20:F1:AA,SMARTGATE_123456,49.77539444,13.36644459,E0:4F:43,6,wpa2,2018-02-09T13:00:00.000Z,2026-06-18T00:00:00.000Z,Plzeň,Jihozápad,CZ,Studentská,30100
E0:4F:43:20:F1:AD,SmartGate_193591,60.21466446,24.86420822,E0:4F:43,6,wpa2,2020-07-02T14:00:00.000Z,2025-04-22T19:00:00.000Z,Helsinki,Manner-Suomi,FI,Talin puistotie,00380
E0:4F:43:20:F1:B4,SmartGate_535582,50.33026886,13.28477287,E0:4F:43,6,wpa2,2018-02-12T14:00:00.000Z,2026-05-09T13:00:00.000Z,,Severozápad,CZ,,
E0:4F:43:20:F1:B5,SmartGate_034626,49.60481262,15.58172989,E0:4F:43,6,wpa2,2025-09-26T07:00:00.000Z,2025-09-26T15:00:00.000Z,,Jihovýchod,CZ,Na Ostrově,58001
E0:4F:43:20:F1:BA,SmartGate_152382,49.70713043,13.03577137,E0:4F:43,6,wpa2,2026-06-06T18:00:00.000Z,2026-08-02T11:00:00.000Z,,Jihozápad,CZ,D5,33024
E0:4F:43:20:F1:C3,SmartGate_542197,51.02172089,6.93802404,E0:4F:43,6,wpa2,2026-06-03T15:00:00.000Z,2026-06-03T09:00:00.000Z,Köln,Nordrhein-Westfalen,DE,A 1,50769
E0:4F:43:20:F1:C5,SmartGate_537272,49.42514801,11.2091732,E0:4F:43,6,wpa2,2026-01-16T13:00:00.000Z,2026-01-21T02:00:00.000Z,Fischbach,Bayern,DE,A 9,90475
E0:4F:43:20:F1:C6,SmartGate_148124,52.2255249,11.8297472,E0:4F:43,6,wpa2,2019-04-06T03:00:00.000Z,2024-10-14T10:00:00.000Z,,Sachsen-Anhalt,DE,A 2,39291
E0:4F:43:20:F1:C8,SmartGate_152172,51.20553589,6.70836878,E0:4F:43,6,wpa2,2018-04-20T18:00:00.000Z,2026-03-01T10:00:00.000Z,Neuss,Nordrhein-Westfalen,DE,Stettiner Straße,41460
E0:4F:43:20:F1:CC,SmartGate_542031,49.09343719,16.35183716,E0:4F:43,6,wpa2,2017-06-02T18:00:00.000Z,2026-02-23T08:00:00.000Z,,Jihovýchod,CZ,Dlouhá,66491
E0:4F:43:20:F1:CD,SmartGate_147256,50.8699379,9.70296669,E0:4F:43,6,wpa2,2026-02-07T13:00:00.000Z,2026-02-07T06:00:00.000Z,,Hessen,DE,Meisebacher Straße,36251
E0:4F:43:20:F1:CF,SmartGate_169253,53.27164841,10.41026688,E0:4F:43,6,wpa2,2018-06-16T14:00:00.000Z,2026-04-01T11:00:00.000Z,,Niedersachsen,DE,Bessemerstraße,21339
E0:4F:43:20:F1:D1,SmartGate_706817,52.52054977,13.30703831,E0:4F:43,6,wpa2,2018-06-12T15:00:00.000Z,2026-07-29T22:00:00.000Z,Berlin,Charlottenburg-Wilmersdorf,DE,Am Spreebord,10589
E0:4F:43:20:F1:D3,SmartGate_708051,47.86313629,10.65608406,E0:4F:43,6,wpa2,2022-09-23T11:00:00.000Z,2025-03-25T02:00:00.000Z,,Bayern,DE,B 12,87665
E0:4F:43:20:F1:D4,SmartGate_535649,48.4929924,11.59370708,E0:4F:43,6,wpa2,2025-01-05T11:00:00.000Z,2025-01-05T04:00:00.000Z,,Bayern,DE,A 9,85307
E0:4F:43:20:F1:DC,SMARTGATE_123456,47.50061798,7.72915936,E0:4F:43,6,wpa2,2025-03-03T12:00:00.000Z,2026-03-11T03:00:00.000Z,,Basel-Landschaft,CH,Schulstrasse,4414
E0:4F:43:20:F1:DF,SmartGate_165361,49.20590973,7.03746748,E0:4F:43,6,wpa2,2025-12-03T15:00:00.000Z,2025-12-04T05:00:00.000Z,Saarbrücken,Saarland,DE,Stadtautobahn,66130
E0:4F:43:20:F1:E7,SmartGate_707926,51.42549133,9.15785789,E0:4F:43,6,wpa2,2026-06-04T10:00:00.000Z,2026-06-08T06:00:00.000Z,,Hessen,DE,A 44,34479
E0:4F:43:20:F1:E9,SmartGate_150762,49.8970871,10.89428139,E0:4F:43,6,wpa2,2026-06-01T21:00:00.000Z,2026-06-01T15:00:00.000Z,,Bayern,DE,Luitpoldstraße,96052
E0:4F:43:20:F1:EA,SmartGate_706825,48.70369339,9.17571735,E0:4F:43,6,wpa2,2019-09-06T10:00:00.000Z,2025-05-19T07:00:00.000Z,Stuttgart,Baden-Württemberg,DE,A 8,70567
E0:4F:43:20:F1:ED,SmartGate_538215,51.17372131,7.0221858,E0:4F:43,6,wpa2,2018-12-28T16:00:00.000Z,2026-01-20T22:00:00.000Z,,Nordrhein-Westfalen,DE,Weyerstraße,42719
E0:4F:43:20:F1:F5,SmartGate_538266,51.23566818,22.57086182,E0:4F:43,6,wpa2,2023-12-17T15:00:00.000Z,2026-03-02T18:00:00.000Z,,województwo lubelskie,PL,1 Maja,20-410
E0:4F:43:20:F1:F8,SmartGate_708324,51.02166367,13.73004627,E0:4F:43,6,wpa2,2018-11-02T15:00:00.000Z,2025-03-11T09:00:00.000Z,Dresden,Sachsen,DE,Bergstraße,01069
E0:4F:43:20:F1:F9,SmartGate_538391,53.51638412,10.82197475,E0:4F:43,6,wpa2,2025-10-11T11:00:00.000Z,2025-10-11T05:00:00.000Z,Gudow,Schleswig-Holstein,DE,A 24,23899
E0:4F:43:20:F1:FC,SmartGate_556209,52.45687485,9.72391033,E0:4F:43,6,wpa2,2018-09-05T11:00:00.000Z,2025-10-19T08:00:00.000Z,,Niedersachsen,DE,Wagenzeller Straße,30855
E0:4F:43:20:F1:FD,SmartGate_147854,51.15078735,13.11774921,E0:4F:43,6,wpa2,2020-11-01T17:00:00.000Z,2024-10-16T07:00:00.000Z,,Sachsen,DE,B 169,04720
E0:4F:43:20:F2:06,SmartGate_145672,51.06304932,13.75049114,E0:4F:43,6,wpa2,2020-01-15T19:00:00.000Z,2025-05-24T12:00:00.000Z,Dresden,Sachsen,DE,Bautzner Straße,01099
E0:4F:43:20:F2:08,SmartGate_162833,50.08769608,14.37197495,E0:4F:43,6,wpa2,2021-10-23T09:00:00.000Z,2024-10-30T15:00:00.000Z,Hlavní město Praha,Praha,CZ,Radimova,16900
E0:4F:43:20:F2:09,SmartGate_149269,50.09983826,19.86543655,E0:4F:43,6,wpa2,2017-07-09T08:00:00.000Z,2025-03-29T14:00:00.000Z,,województwo małopolskie,PL,Zakłucze,30-198
E0:4F:43:20:F2:10,SmartGate_166553,50.06592178,8.25491905,E0:4F:43,6,wpa2,2018-04-23T12:00:00.000Z,2026-04-03T15:00:00.000Z,Wiesbaden,Hessen,DE,Hohenstaufenstraße,65189
E0:4F:43:20:F2:15,SmartGate_707657,52.36240387,13.44512749,E0:4F:43,6,wpa2,2019-01-31T18:00:00.000Z,2026-04-28T08:00:00.000Z,,Brandenburg,DE,Waßmannsdorfer Chaussee,12529
E0:4F:43:20:F2:16,SmartGate_541297,60.24066544,24.84721375,E0:4F:43,6,wpa2,2020-01-10T15:00:00.000Z,2025-10-26T11:00:00.000Z,Helsinki,Manner-Suomi,FI,Ristipellontie,00390
E0:4F:43:20:F2:1B,SmartGate_146751,51.74624252,10.57531071,E0:4F:43,6,wpa2,2019-08-23T14:00:00.000Z,2025-07-19T12:00:00.000Z,,Niedersachsen,DE,Königskrug,38700
E0:4F:43:20:F2:1E,SmartGate_546381,47.4337616,8.35705185,E0:4F:43,6,wpa2,2026-04-14T15:00:00.000Z,2026-04-15T11:00:00.000Z,,Aargau,CH,A1;A3,8956
E0:4F:43:20:F2:24,SmartGate_149342,60.2389679,24.87520599,E0:4F:43,6,wpa2,2019-11-07T17:00:00.000Z,2025-12-19T00:00:00.000Z,Helsinki,Manner-Suomi,FI,Sitratori,00420
E0:4F:43:20:F2:25,SmartGate_164332,49.00052261,8.42654133,E0:4F:43,6,wpa2,2026-04-02T17:00:00.000Z,2026-04-03T12:00:00.000Z,Karlsruhe,Baden-Württemberg,DE,Wolfartsweierer Straße,76137
E0:4F:43:20:F2:27,SmartGate_536887,50.33404541,14.30529881,E0:4F:43,6,wpa2,2024-08-28T08:00:00.000Z,2026-04-15T07:00:00.000Z,,Střední Čechy,CZ,,27708
E0:4F:43:20:F2:28,SmartGate_148142,60.16635132,24.75563622,E0:4F:43,6,wpa2,2001-04-25T15:00:00.000Z,2024-09-19T03:00:00.000Z,Espoo,Manner-Suomi,FI,Länsiväylä,02200
E0:4F:43:20:F2:29,SmartGate_708751,51.93766022,8.59787083,E0:4F:43,6,wpa2,2020-07-27T11:00:00.000Z,2026-06-24T09:00:00.000Z,Bielefeld,Nordrhein-Westfalen,DE,Paderborner Straße,33689
E0:4F:43:20:F2:2D,SmartGate_164466,52.17447281,5.97740555,E0:4F:43,6,wpa2,2025-02-21T12:00:00.000Z,2025-02-21T06:00:00.000Z,,Gelderland,NL,Rijksweg A1,7333PA
E0:4F:43:20:F2:2E,SMARTGATE_123456,48.88887024,9.14742088,E0:4F:43,6,wpa2,2017-06-21T07:00:00.000Z,2025-01-26T15:00:00.000Z,Möglingen,Baden-Württemberg,DE,A 81,71696
E0:4F:43:20:F2:37,SmartGate_183330,60.25022888,24.96687889,E0:4F:43,6,wpa2,2017-06-27T22:00:00.000Z,2024-11-14T11:00:00.000Z,Helsinki,Manner-Suomi,FI,Pakilan rantatie,00680
E0:4F:43:20:F2:38,SmartGate_145512,50.93786621,6.88366938,E0:4F:43,6,wpa2,2019-07-11T18:00:00.000Z,2025-12-25T05:00:00.000Z,Köln,Nordrhein-Westfalen,DE,Aachener Straße,50933
E0:4F:43:20:F2:3A,SmartGate_197305,59.74988174,18.6890831,E0:4F:43,6,wpa2,2024-06-20T06:00:00.000Z,2026-07-01T08:00:00.000Z,,Stockholms län,SE,Stockholmsvägen,761 43
E0:4F:43:20:F2:3C,SmartGate_150977,53.41192245,10.15189075,E0:4F:43,6,wpa2,2017-08-17T09:00:00.000Z,2025-12-03T07:00:00.000Z,Hamburg,Kirchwerder,DE,Hower Hauptdeich,21037
E0:4F:43:20:F2:41,SMARTGATE_123456,50.85585785,7.9299283,E0:4F:43,6,wpa2,2017-11-03T11:00:00.000Z,2025-03-04T06:00:00.000Z,,Nordrhein-Westfalen,DE,,57258
E0:4F:43:20:F2:42,SmartGate_190951,50.43419647,7.91881227,E0:4F:43,6,wpa2,2018-04-09T18:00:00.000Z,2026-03-12T12:00:00.000Z,Nentershausen,Rheinland-Pfalz,DE,A 3,56412
E0:4F:43:20:F2:48,SmartGate_556622,60.25847244,24.95474815,E0:4F:43,6,wpa2,2017-09-01T16:00:00.000Z,2024-09-28T01:00:00.000Z,Helsinki,Manner-Suomi,FI,Lainkaarentie,00690
E0:4F:43:20:F2:4B,SmartGate_149479,50.80510712,12.86138058,E0:4F:43,6,wpa2,2019-05-20T16:00:00.000Z,2025-10-28T18:00:00.000Z,Chemnitz,Sachsen,DE,Im Neefepark,09116
E0:4F:43:20:F2:51,SmartGate_537496,49.51705933,8.58774853,E0:4F:43,6,wpa2,2019-12-17T17:00:00.000Z,2025-10-22T14:00:00.000Z,,Baden-Württemberg,DE,Im Hirschländer,68542
E0:4F:43:20:F2:52,SmartGate_149389,60.28861618,25.00426292,E0:4F:43,6,wpa2,2019-04-16T19:00:00.000Z,2026-03-12T08:00:00.000Z,Vantaa,Manner-Suomi,FI,Lustetie,01300
E0:4F:43:20:F2:54,SmartGate_714865,51.49669266,11.98615551,E0:4F:43,6,wpa2,2025-07-12T10:00:00.000Z,2026-07-05T11:00:00.000Z,Halle,Sachsen-Anhalt,DE,Äußere Hordorfer Straße,06114
E0:4F:43:20:F2:57,SmartGate_541370,53.3976593,9.99453259,E0:4F:43,6,wep,2024-04-12T14:00:00.000Z,2025-11-28T23:00:00.000Z,,Niedersachsen,DE,A 7,21218
E0:4F:43:20:F2:5F,SMARTGATE_123456,51.0378418,16.58395958,E0:4F:43,6,wpa2,2025-08-09T10:00:00.000Z,2025-08-09T11:00:00.000Z,,województwo dolnośląskie,PL,,
E0:4F:43:20:F2:63,SmartGate_146807,48.41175079,11.82618332,E0:4F:43,6,wpa2,2022-12-02T12:00:00.000Z,2025-09-15T04:00:00.000Z,Marzling,Bayern,DE,,85417
E0:4F:43:20:F2:69,SmartGate_153862,60.20746994,24.74421501,E0:4F:43,6,wpa2,2018-06-05T19:00:00.000Z,2024-08-12T04:00:00.000Z,Espoo,Manner-Suomi,FI,Palomiehentie,02750
E0:4F:43:20:F2:6A,SmartGate_151880,60.19161224,24.68647766,E0:4F:43,6,wpa2,2017-07-18T10:00:00.000Z,2024-12-20T05:00:00.000Z,Espoo,Manner-Suomi,FI,Kuurinkallionreitti,02070
E0:4F:43:20:F2:6C,SmartGate_555010,49.1562767,13.88118744,E0:4F:43,6,wpa2,2017-07-26T15:00:00.000Z,2025-12-29T05:00:00.000Z,,Jihozápad,CZ,4,38701
E0:4F:43:20:F2:6F,SmartGate_552923,55.56230927,13.0815134,E0:4F:43,6,wpa2,2025-10-05T15:00:00.000Z,2025-10-13T10:00:00.000Z,,Skåne län,SE,Yttre Ringvägen,238 38
E0:4F:43:20:F2:72,SMARTGATE_123456,49.03298187,8.48260593,E0:4F:43,6,wpa2,2026-08-04T06:00:00.000Z,2026-08-06T18:00:00.000Z,,Baden-Württemberg,DE,A 5,76229
E0:4F:43:20:F2:73,SMARTGATE_123456,53.57532501,10.21396542,E0:4F:43,6,wpa2,2025-01-07T11:00:00.000Z,2025-07-18T03:00:00.000Z,,Schleswig-Holstein,DE,,21509
E0:4F:43:20:F2:74,SmartGate_707912,48.66289139,9.34587193,E0:4F:43,6,wpa2,2023-04-06T14:00:00.000Z,2026-03-10T03:00:00.000Z,,Baden-Württemberg,DE,B 313,72669
E0:4F:43:20:F2:75,SmartGate_166504,50.7919426,11.26631546,E0:4F:43,6,wpa2,2019-05-12T14:00:00.000Z,2026-01-21T08:00:00.000Z,,Thüringen,DE,,07407
E0:4F:43:20:F2:76,SmartGate_139831,49.32761765,11.02498817,E0:4F:43,6,wpa2,2023-11-15T12:00:00.000Z,2025-07-22T13:00:00.000Z,,Bayern,DE,Wilhelm-Friedrich-Weg,91126
E0:4F:43:20:F2:77,SMARTGATE_123456,54.65714264,9.47694683,E0:4F:43,6,wpa2,2023-12-30T10:00:00.000Z,2025-06-04T02:00:00.000Z,Sieverstedt,Schleswig-Holstein,DE,,24885
E0:4F:43:20:F2:80,SmartGate_706781,48.03873062,8.53028393,E0:4F:43,6,wpa2,2017-10-13T06:00:00.000Z,2026-04-11T09:00:00.000Z,,Baden-Württemberg,DE,Zum Mooswäldle,78056
E0:4F:43:20:F2:81,SMARTGATE_123456,51.59682465,8.59231281,E0:4F:43,6,wpa2,2025-04-22T11:00:00.000Z,2025-04-22T16:00:00.000Z,,Nordrhein-Westfalen,DE,A 44,33142
E0:4F:43:20:F2:84,SmartGate_542036,53.58662796,9.87291622,E0:4F:43,6,wpa2,2025-02-12T11:00:00.000Z,2025-02-12T04:00:00.000Z,Hamburg,Lurup,DE,Rugenbarg,22549
E0:4F:43:20:F2:86,SmartGate_554970,48.43021774,10.27854538,E0:4F:43,6,wpa2,2017-12-08T14:00:00.000Z,2024-10-21T13:00:00.000Z,,Bayern,DE,A 8,89312
E0:4F:43:20:F2:87,SmartGate_706783,48.91099167,8.76898289,E0:4F:43,6,wpa2,2019-09-23T16:00:00.000Z,2025-12-30T13:00:00.000Z,,Baden-Württemberg,DE,A 8,75223
E0:4F:43:20:F2:8A,SmartGate_139840,65.19755554,25.41984177,E0:4F:43,6,wpa2,2026-07-11T11:00:00.000Z,2026-07-11T08:00:00.000Z,Oulu,Manner-Suomi,FI,Sumeninpolku,90840
E0:4F:43:20:F2:8F,SmartGate_155631,60.36372757,24.98079109,E0:4F:43,6,wpa2,2017-08-10T12:00:00.000Z,2025-03-24T08:00:00.000Z,,Manner-Suomi,FI,Kleivinkuja,04360
E0:4F:43:20:F2:99,SmartGate_164598,50.36586761,7.58807611,E0:4F:43,6,wpa2,2019-05-15T08:00:00.000Z,2026-03-10T01:00:00.000Z,,Rheinland-Pfalz,DE,B 9,56068
E0:4F:43:20:F2:9B,SmartGate_546419,49.36075211,16.04032135,E0:4F:43,6,wpa2,2018-07-13T17:00:00.000Z,2024-08-27T10:00:00.000Z,,Jihovýchod,CZ,,594 01
E0:4F:43:20:F2:9E,SmartGate_708660,48.52452087,9.25571442,E0:4F:43,6,wpa2,2017-10-06T10:00:00.000Z,2026-01-27T05:00:00.000Z,,Baden-Württemberg,DE,B 28;B 312;B 313,72555
E0:4F:43:20:F2:A4,SmartGate_165064,51.00129318,6.98158979,E0:4F:43,6,wpa2,2017-05-12T16:00:00.000Z,2025-02-16T23:00:00.000Z,Köln,Nordrhein-Westfalen,DE,Roggendorfstraße,51061
E0:4F:43:20:F2:AE,SmartGate_537455,49.8672905,8.66164303,E0:4F:43,6,wpa2,2025-07-23T16:00:00.000Z,2025-08-10T05:00:00.000Z,Darmstadt,Hessen,DE,Heinrichstraße,64283
E0:4F:43:20:F2:B5,SmartGate_536843,52.44675827,13.47116089,E0:4F:43,6,wpa2,2024-09-21T07:00:00.000Z,2025-06-27T04:00:00.000Z,Berlin,Treptow-Köpenick,DE,A 113,12437
E0:4F:43:20:F2:B7,SmartGate_536472,52.39330673,13.06147194,E0:4F:43,6,wpa2,2025-03-29T10:00:00.000Z,2025-04-24T07:00:00.000Z,Potsdam,Brandenburg,DE,Humboldtstraße,14467
E0:4F:43:20:F2:BE,SmartGate_144152,53.00064087,9.32974911,E0:4F:43,6,wpa2,2018-04-23T12:00:00.000Z,2026-05-19T05:00:00.000Z,,Niedersachsen,DE,Holtumer Dorfstraße,27308
E0:4F:43:20:F2:CA,SmartGate_031316,49.4098587,17.45321274,E0:4F:43,6,wpa2,2025-03-11T13:00:00.000Z,2025-03-11T07:00:00.000Z,,Střední Morava,CZ,55,75117
E0:4F:43:20:F2:CD,SmartGate_150582,51.04024124,13.79973888,E0:4F:43,6,wpa2,2020-01-23T17:00:00.000Z,2026-02-28T09:00:00.000Z,Dresden,Sachsen,DE,Glashütter Straße,01277
E0:4F:43:20:F2:D1,SMARTGATE_123456,50.93894958,6.34982586,E0:4F:43,6,wpa2,2018-06-02T14:00:00.000Z,2024-12-31T07:00:00.000Z,,Nordrhein-Westfalen,DE,Jülicher Weg,52428
E0:4F:43:20:F2:E2,SmartGate_536691,60.21133041,24.88441086,E0:4F:43,6,wpa2,2020-01-19T11:00:00.000Z,2026-04-19T22:00:00.000Z,Helsinki,Manner-Suomi,FI,Vanha viertotie,00320
E0:4F:43:20:F2:E4,SmartGate_145659,51.36148453,7.44073677,E0:4F:43,6,wpa2,2019-07-28T15:00:00.000Z,2026-04-14T12:00:00.000Z,Hagen,Nordrhein-Westfalen,DE,Tückinger Höhe,58135
E0:4F:43:20:F2:F0,SMARTGATE_123456,48.12743378,11.43316364,E0:4F:43,5,wpa2,2024-12-02T15:00:00.000Z,2025-04-16T19:00:00.000Z,,Bayern,DE,A 96,82166
E0:4F:43:20:F2:F6,SmartGate_146741,60.1905365,25.03161812,E0:4F:43,6,wpa2,2017-11-28T20:00:00.000Z,2025-04-24T07:00:00.000Z,Helsinki,Manner-Suomi,FI,Kipparlahdenraitti,00881
E0:4F:43:20:F2:FD,SMARTGATE_123456,48.51387024,9.0705328,E0:4F:43,6,wpa2,2026-02-14T14:00:00.000Z,2026-02-14T09:00:00.000Z,,Baden-Württemberg,DE,Reutlinger Straße,72072
E0:4F:43:20:F2:FF,SmartGate_537546,50.77433777,6.95084,E0:4F:43,6,wpa2,2017-10-26T14:00:00.000Z,2026-06-24T23:00:00.000Z,,Nordrhein-Westfalen,DE,Gemüseweg,53332
E0:4F:43:20:F3:02,SmartGate_144471,41.57252121,2.50415993,E0:4F:43,6,wpa2,2025-07-18T17:00:00.000Z,2025-07-18T11:00:00.000Z,Sant Vicenç de Montalt,Catalunya,ES,Autopista del Maresme,08394
E0:4F:43:20:F3:03,SmartGate_706565,50.18244553,9.00902271,E0:4F:43,6,wpa2,2019-10-09T10:00:00.000Z,2025-07-05T04:00:00.000Z,,Hessen,DE,L 3445,63505
E0:4F:43:20:F3:07,SmartGate_537556,50.56048584,7.13261175,E0:4F:43,6,wpa2,2023-10-21T09:00:00.000Z,2025-06-06T08:00:00.000Z,,Rheinland-Pfalz,DE,Im Schwertstal,53474
E0:4F:43:20:F3:0B,SmartGate_706572,46.76016617,7.63777924,E0:4F:43,6,wpa2,2018-06-01T08:00:00.000Z,2025-11-01T07:00:00.000Z,,Bern/Berne,CH,Höheweg,3600
E0:4F:43:20:F3:11,SmartGate_146881,47.43866348,8.70191574,E0:4F:43,6,wpa2,2026-06-30T15:00:00.000Z,2026-06-30T11:00:00.000Z,Illnau-Effretikon,Zürich,CH,Pfäffikonerstrasse,8307
E0:4F:43:20:F3:12,SmartGate_536825,47.25273895,8.70180798,E0:4F:43,6,wpa2,2018-02-07T07:00:00.000Z,2026-03-02T04:00:00.000Z,,Zürich,CH,Biberhaldenweg,8708
E0:4F:43:20:F3:1F,SmartGate_029681,60.22160721,24.65623856,E0:4F:43,6,wpa2,2018-02-24T17:00:00.000Z,2026-04-17T02:00:00.000Z,Espoo,Manner-Suomi,FI,Kehä III,02770
E0:4F:43:20:F3:20,SmartGate_536565,48.78639984,11.45979881,E0:4F:43,6,wpa2,2017-09-05T08:00:00.000Z,2024-08-22T03:00:00.000Z,Ingolstadt,Bayern,DE,A 9,85055
E0:4F:43:20:F3:21,SmartGate_143931,47.73413086,8.8023901,E0:4F:43,6,wpa2,2018-10-09T08:00:00.000Z,2026-01-10T17:00:00.000Z,,Schaffhausen,CH,,8262
E0:4F:43:20:F3:22,SmartGate_143938,49.58115005,17.25258827,E0:4F:43,6,wpa2,2024-06-19T14:00:00.000Z,2025-10-15T02:00:00.000Z,Olomouc,Střední Morava,CZ,Velkomoravská,77200
E0:4F:43:20:F3:25,SmartGate_152221,61.05761719,28.19555855,E0:4F:43,6,wpa2,2021-06-08T17:00:00.000Z,2025-08-12T06:00:00.000Z,Lappeenranta,Manner-Suomi,FI,Lappeenkatu,53100
E0:4F:43:20:F3:2E,SmartGate_047999,45.19420624,5.72657537,E0:4F:43,6,wpa2,2026-01-31T09:00:00.000Z,2026-02-06T15:00:00.000Z,Grenoble,Auvergne-Rhône-Alpes,FR,Quai Perrière,38000
E0:4F:43:20:F3:2F,SmartGate_706645,50.58311844,8.67636395,E0:4F:43,6,wpa2,2017-09-28T16:00:00.000Z,2025-08-07T13:00:00.000Z,,Hessen,DE,Südanlage,35390
E0:4F:43:20:F3:35,SmartGate_536904,49.55281067,11.01428699,E0:4F:43,6,wpa2,2017-08-25T17:00:00.000Z,2026-07-25T08:00:00.000Z,,Bayern,DE,Weinstraße,91058
E0:4F:43:20:F3:3A,SmartGate_145304,50.93070602,6.97131824,E0:4F:43,6,wpa2,2019-03-26T12:00:00.000Z,2025-11-24T12:00:00.000Z,Köln,Nordrhein-Westfalen,DE,Deutzer Werft,50679
E0:4F:43:20:F3:40,SmartGate_536762,50.71307755,13.97379971,E0:4F:43,6,wpa2,2025-08-18T04:00:00.000Z,2025-08-17T22:00:00.000Z,Ústí nad Labem,Severozápad,CZ,D8,403 38
E0:4F:43:20:F3:41,SmartGate_536607,50.08680725,14.49907017,E0:4F:43,6,wpa2,2018-01-20T08:00:00.000Z,2026-01-26T06:00:00.000Z,Hlavní město Praha,Praha,CZ,Malešická,10800
E0:4F:43:20:F3:42,SmartGate_150672,51.71695328,5.3123827,E0:4F:43,6,wpa2,2002-09-07T23:00:00.000Z,2025-11-28T06:00:00.000Z,'s-Hertogenbosch,Noord-Brabant,NL,Eerste Morgen,5233NA
E0:4F:43:20:F3:46,SmartGate_148716,61.21497726,26.00946808,E0:4F:43,6,wpa2,2018-08-22T13:00:00.000Z,2025-12-23T08:00:00.000Z,,Manner-Suomi,FI,Tähtisilta,18100
E0:4F:43:20:F3:4A,SmartGate_150648,61.05060196,28.18027496,E0:4F:43,6,wpa2,2025-06-07T17:00:00.000Z,2025-08-28T06:00:00.000Z,Lappeenranta,Manner-Suomi,FI,Puhakankatu,53600
E0:4F:43:20:F3:4B,SmartGate_538165,50.90635681,6.91263437,E0:4F:43,6,wpa2,2026-05-20T17:00:00.000Z,2026-05-20T10:00:00.000Z,Köln,Nordrhein-Westfalen,DE,Militärringstraße,50937
E0:4F:43:20:F3:4D,SmartGate_145100,60.25566101,24.97126198,E0:4F:43,6,wpa2,2017-04-01T16:00:00.000Z,2026-02-15T02:00:00.000Z,Helsinki,Manner-Suomi,FI,Weckströminpolku,00690
E0:4F:43:20:F3:52,SmartGate_538093,50.81279755,9.54252052,E0:4F:43,6,wpa2,2025-06-27T10:00:00.000Z,2025-06-30T16:00:00.000Z,,Hessen,DE,A 7,36272
E0:4F:43:20:F3:54,SmartGate_706723,52.42068863,10.07586765,E0:4F:43,6,wpa2,2018-03-09T16:00:00.000Z,2026-05-22T08:00:00.000Z,,Niedersachsen,DE,,31303
E0:4F:43:20:F3:58,SmartGate_537293,50.57697678,11.8084507,E0:4F:43,6,wpa2,2017-11-15T17:00:00.000Z,2025-03-23T05:00:00.000Z,,Thüringen,DE,Alte Poststraße,07907
E0:4F:43:20:F3:5C,SMARTGATE_123456,58.90227509,24.42332077,E0:4F:43,6,wpa2,2025-08-10T12:00:00.000Z,2025-08-10T06:00:00.000Z,,Rapla maakond,EE,Pärnu mnt,78304
E0:4F:43:20:F3:5D,SmartGate_144581,49.95219421,16.84517479,E0:4F:43,6,wpa2,2022-11-10T10:00:00.000Z,2025-02-27T10:00:00.000Z,,Střední Morava,CZ,3682,78962
E0:4F:43:20:F3:6A,SmartGate_536876,49.18028259,16.79323578,E0:4F:43,6,wpa2,2023-02-15T16:00:00.000Z,2026-06-07T11:00:00.000Z,,Jihovýchod,CZ,D1,664 05
E0:4F:43:20:F3:6D,SmartGate_144341,50.80088043,12.88935661,E0:4F:43,6,wpa2,2025-04-07T10:00:00.000Z,2025-04-08T08:00:00.000Z,Chemnitz,Sachsen,DE,Südring,09122
E0:4F:43:20:F3:72,SmartGate_706499,48.47735214,7.90283251,E0:4F:43,6,wpa2,2017-10-05T09:00:00.000Z,2024-11-07T13:00:00.000Z,,Baden-Württemberg,DE,A 5,77656
E0:4F:43:20:F3:77,SmartGate_148593,51.06788254,13.72807789,E0:4F:43,6,wpa2,2018-02-09T15:00:00.000Z,2026-04-14T09:00:00.000Z,Dresden,Sachsen,DE,Leipziger Straße,01097
E0:4F:43:20:F3:7B,SMARTGATE_123456,48.16376114,17.07418251,E0:4F:43,6,wpa2,2025-05-28T15:00:00.000Z,2025-05-28T14:00:00.000Z,Bratislava,Bratislavský kraj,SK,Tunel Sitina,841 04
E0:4F:43:20:F3:7C,SmartGate_536520,49.70780182,8.99499989,E0:4F:43,6,wpa2,2019-05-26T11:00:00.000Z,2025-03-20T10:00:00.000Z,,Hessen,DE,B 45,64732
E0:4F:43:20:F3:7D,SmartGate_143587,50.62376404,6.68458748,E0:4F:43,6,wpa2,2019-11-02T13:00:00.000Z,2025-05-02T04:00:00.000Z,Mechernich,Nordrhein-Westfalen,DE,Kleine Heide,53894
E0:4F:43:20:F3:80,SmartGate_536816,48.89102173,12.57741833,E0:4F:43,6,wpa2,2024-10-03T15:00:00.000Z,2024-10-03T12:00:00.000Z,,Bayern,DE,Chamer Straße,94315
E0:4F:43:20:F3:8C,SmartGate_145721,49.44380951,11.12453079,E0:4F:43,6,wpa2,2024-03-27T12:00:00.000Z,2025-04-25T12:00:00.000Z,Nürnberg,Bayern,DE,Kachletstraße,90480
E0:4F:43:20:F3:8D,SmartGate_031668,52.72524643,13.53270626,E0:4F:43,6,wpa2,2019-03-04T09:00:00.000Z,2024-09-19T01:00:00.000Z,,Brandenburg,DE,B 273,16348
E0:4F:43:20:F3:90,SmartGate_536361,54.31292343,10.16348648,E0:4F:43,6,wpa2,2022-09-24T13:00:00.000Z,2025-06-23T04:00:00.000Z,Kiel,Schleswig-Holstein,DE,Große Ziegelstraße,24148
E0:4F:43:20:F3:93,SmartGate_029529,50.06203461,14.45162582,E0:4F:43,6,wpa2,2017-07-22T08:00:00.000Z,2024-11-19T09:00:00.000Z,Hlavní město Praha,Praha,CZ,Bartoškova,14000
E0:4F:43:20:F3:99,SmartGate_536451,49.19533157,9.1269846,E0:4F:43,6,wpa2,2017-05-28T17:00:00.000Z,2026-01-26T09:00:00.000Z,Heilbronn,Baden-Württemberg,DE,Südlicher Hungerbergweg,74078
E0:4F:43:20:F3:9F,SmartGate_164577,53.53084183,10.01639366,E0:4F:43,6,wpa2,2017-08-05T19:00:00.000Z,2026-04-06T13:00:00.000Z,Hamburg,Moldauafenquartier,DE,,20457
E0:4F:43:20:F3:A3,SmartGate_143978,51.53834152,7.69396591,E0:4F:43,6,wpa2,2019-01-14T17:00:00.000Z,2026-06-06T03:00:00.000Z,,Nordrhein-Westfalen,DE,Bahnhofstraße,59423
E0:4F:43:20:F3:A6,SmartGate_150339,50.83892441,12.90638542,E0:4F:43,6,wpa2,2025-04-04T19:00:00.000Z,2025-04-06T00:00:00.000Z,Chemnitz,Sachsen,DE,Leipziger Straße,09113
E0:4F:43:20:F3:A8,SmartGate_029371,46.17983246,21.30871773,E0:4F:43,6,wpa2,2025-02-22T07:00:00.000Z,2025-02-22T00:00:00.000Z,Arad,Arad,RO,Strada Andrei Șaguna,310036
E0:4F:43:20:F3:AB,SMARTGATE_123456,49.03965378,7.99562263,E0:4F:43,6,wpa2,2021-10-17T10:00:00.000Z,2024-08-10T03:00:00.000Z,,Rheinland-Pfalz,DE,Hauptstraße,76889
E0:4F:43:20:F3:AE,SmartGate_151047,48.05823898,11.51658249,E0:4F:43,6,wpa2,2019-03-23T14:00:00.000Z,2026-07-22T04:00:00.000Z,,Bayern,DE,Richard-Wagner-Straße,82049
E0:4F:43:20:F3:AF,SmartGate_147250,61.47997665,23.83495712,E0:4F:43,6,wpa2,2018-09-25T10:00:00.000Z,2026-02-06T03:00:00.000Z,Tampere,Manner-Suomi,FI,Kivikirkontie,33700
E0:4F:43:20:F3:B0,SmartGate_029230,50.06087112,14.4215641,E0:4F:43,6,wpa2,2017-09-23T10:00:00.000Z,2025-06-27T12:00:00.000Z,Hlavní město Praha,Praha,CZ,Pod Vyšehradem,14700
E0:4F:43:20:F3:B1,SmartGate_144382,52.35140228,14.12887573,E0:4F:43,6,wpa2,2026-06-26T15:00:00.000Z,2026-06-26T08:00:00.000Z,,Brandenburg,DE,Berkenbrücker Chaussee,15517
E0:4F:43:20:F3:B7,SmartGate_030036,50.0871048,14.43107033,E0:4F:43,6,wpa2,2017-04-24T13:00:00.000Z,2026-04-21T10:00:00.000Z,Hlavní město Praha,Praha,CZ,Hybernská,11000
E0:4F:43:20:F3:BA,SmartGate_143838,51.13291931,12.48342133,E0:4F:43,6,wpa2,2020-08-29T16:00:00.000Z,2025-11-30T12:00:00.000Z,,Sachsen,DE,Witznitzer Straße,04552
E0:4F:43:20:F3:C7,SmartGate_146787,51.02281952,12.45589161,E0:4F:43,6,wpa2,2022-03-25T18:00:00.000Z,2024-08-26T11:00:00.000Z,,Thüringen,DE,B 7;B 93,04600
E0:4F:43:20:F3:CD,SmartGate_537363,53.66717148,7.33360147,E0:4F:43,6,wpa2,2017-07-20T16:00:00.000Z,2026-07-09T02:00:00.000Z,,Niedersachsen,DE,Störtebekerstraße,26553
E0:4F:43:20:F3:D0,SmartGate_706647,49.36287689,11.24384403,E0:4F:43,6,wpa2,2023-12-12T09:00:00.000Z,2026-02-24T04:00:00.000Z,Feuchter Forst,Bayern,DE,B 8,90537
E0:4F:43:20:F3:D2,SmartGate_536385,49.15212631,8.59404469,E0:4F:43,6,wpa2,2018-07-08T14:00:00.000Z,2025-08-14T14:00:00.000Z,,Baden-Württemberg,DE,Gregor-Umhof-Straße,76694
E0:4F:43:20:F3:DF,SmartGate_536416,51.07149887,13.65190601,E0:4F:43,6,wpa2,2025-08-08T12:00:00.000Z,2025-08-08T05:00:00.000Z,Dresden,Sachsen,DE,A 4,01156
E0:4F:43:20:F3:E0,SmartGate_536542,50.15881348,8.65361023,E0:4F:43,6,wpa2,2021-09-30T13:00:00.000Z,2025-12-11T07:00:00.000Z,Frankfurt am Main,Hessen,DE,Maybachbrücke,60431
E0:4F:43:20:F3:E9,SmartGate_143654,62.21054077,26.25142479,E0:4F:43,6,wpa2,2018-06-17T10:00:00.000Z,2024-12-23T05:00:00.000Z,,Manner-Suomi,FI,,
E0:4F:43:20:F3:EE,SmartGate_536414,52.30684662,10.51354027,E0:4F:43,6,wpa2,2017-04-24T16:00:00.000Z,2026-03-28T08:00:00.000Z,Braunschweig,Niedersachsen,DE,Inge-Kükelhan-Weg,38112
E0:4F:43:20:F3:F0,SmartGate_144484,50.88309479,12.27667427,E0:4F:43,6,wpa2,2017-07-21T16:00:00.000Z,2025-11-30T12:00:00.000Z,,Thüringen,DE,,04626
E0:4F:43:20:F3:F4,SmartGate_536680,51.86766434,12.6050148,E0:4F:43,6,wpa2,2019-10-02T15:00:00.000Z,2025-09-18T11:00:00.000Z,,Sachsen-Anhalt,DE,Fröbelstraße,06886
E0:4F:43:20:F3:F8,SmartGate_706238,47.55847549,10.21874905,E0:4F:43,6,wpa2,2026-05-10T09:00:00.000Z,2026-05-10T04:00:00.000Z,,Bayern,DE,Staufner Straße,87509
E0:4F:43:20:F3:F9,SmartGate_536541,51.26271439,7.14631414,E0:4F:43,6,wpa2,2018-03-29T14:00:00.000Z,2025-02-10T06:00:00.000Z,Wuppertal,Nordrhein-Westfalen,DE,Friedrichstraße,42105
E0:4F:43:20:F3:FA,SmartGate_144760,51.13856506,13.09834576,E0:4F:43,6,wpa2,2024-12-11T10:00:00.000Z,2024-12-11T10:00:00.000Z,,Sachsen,DE,Zschepplitzer Straße,04720
E0:4F:43:20:F3:FC,SmartGate_146831,51.32316971,7.32328081,E0:4F:43,6,wpa2,2017-11-15T13:00:00.000Z,2026-04-29T02:00:00.000Z,,Nordrhein-Westfalen,DE,Ochsenkamp,58285
E0:4F:43:20:F4:00,SmartGate_148866,48.15699005,11.52118206,E0:4F:43,6,wpa2,2018-05-15T07:00:00.000Z,2025-11-30T08:00:00.000Z,München,Bayern,DE,Prinzenstraße,80639
E0:4F:43:20:F4:01,SmartGate_536380,49.25286865,12.12592793,E0:4F:43,6,wpa2,2017-12-06T07:00:00.000Z,2024-12-20T04:00:00.000Z,Teublitz,Bayern,DE,A 93,93158
E0:4F:43:20:F4:02,SmartGate_029084,54.08137512,12.12403965,E0:4F:43,6,wpa2,2022-08-19T11:00:00.000Z,2025-11-24T07:00:00.000Z,Rostock,Mecklenburg-Vorpommern,DE,Borenweg,18057
E0:4F:43:20:F4:05,SMARTGATE_123456,54.44548416,9.58782387,E0:4F:43,7,wpa2,2025-07-27T07:00:00.000Z,2025-08-23T07:00:00.000Z,,Schleswig-Holstein,DE,A 7,24878
E0:4F:43:20:F4:0D,SMARTGATE_123456,48.78879547,12.89898872,E0:4F:43,6,wpa2,2026-07-25T15:00:00.000Z,2026-07-27T01:00:00.000Z,,Bayern,DE,St 2124,94447
E0:4F:43:20:F4:0F,SmartGate_144092,53.44959259,10.10364819,E0:4F:43,6,wpa2,2020-05-25T13:00:00.000Z,2025-05-17T09:00:00.000Z,Hamburg,Ochsenwerder,DE,Ochsenwerder Elbdeich,21037
E0:4F:43:20:F4:13,SmartGate_536674,50.01544571,11.95654869,E0:4F:43,6,wpa2,2026-07-17T05:00:00.000Z,2026-07-17T14:00:00.000Z,,Bayern,DE,Fichtelgebirgsstraße,95709
E0:4F:43:20:F4:15,SmartGate_536417,48.81531143,9.20240688,E0:4F:43,6,wpa2,2021-07-11T08:00:00.000Z,2026-03-18T01:00:00.000Z,Stuttgart,Baden-Württemberg,DE,Löwentorstraße,70376
E0:4F:43:20:F4:17,SmartGate_144396,51.09737015,13.73614025,E0:4F:43,6,wpa2,2025-11-02T18:00:00.000Z,2025-11-02T14:00:00.000Z,Dresden,Sachsen,DE,Radeburger Straße,01129
E0:4F:43:20:F4:1E,SmartGate_146848,51.2495575,7.00259113,E0:4F:43,6,wpa2,2018-11-18T18:00:00.000Z,2024-08-20T00:00:00.000Z,,Nordrhein-Westfalen,DE,Elberfelder Straße,40822
E0:4F:43:20:F4:22,SmartGate_536677,53.55953598,10.03974819,E0:4F:43,6,wpa2,2017-09-09T11:00:00.000Z,2026-02-07T09:00:00.000Z,Hamburg,Hamburg-Mitte,DE,Carl-Petersen-Straße,20535
E0:4F:43:20:F4:26,SmartGate_537688,50.9785614,7.51313734,E0:4F:43,6,wpa2,2017-04-28T07:00:00.000Z,2026-07-24T05:00:00.000Z,,Nordrhein-Westfalen,DE,Zur Dölpe,51645
E0:4F:43:20:F4:27,SmartGate_145111,52.68025208,13.50026035,E0:4F:43,6,wpa2,2017-08-28T09:00:00.000Z,2024-10-30T12:00:00.000Z,,Brandenburg,DE,Schönwalder Chaussee,16321
E0:4F:43:20:F4:2B,SmartGate_143879,53.57352829,10.18464088,E0:4F:43,6,wpa2,2017-03-30T12:00:00.000Z,2025-05-22T08:00:00.000Z,,Schleswig-Holstein,DE,Kielende,22885
E0:4F:43:20:F4:2D,SmartGate_537107,53.55437088,8.61968422,E0:4F:43,6,wpa2,2017-08-06T11:00:00.000Z,2026-02-07T16:00:00.000Z,Bremerhaven,Bremen,DE,A 27,27578
E0:4F:43:20:F4:2E,SmartGate_146902,49.77567673,17.1214447,E0:4F:43,6,wpa2,2019-08-19T12:00:00.000Z,2026-03-23T09:00:00.000Z,,Střední Morava,CZ,Šumperská,783 91
E0:4F:43:20:F4:30,SMARTGATE_123456,50.08775711,9.04791355,E0:4F:43,6,wpa2,2017-07-10T18:00:00.000Z,2025-06-22T08:00:00.000Z,,Bayern,DE,AB 25,63755
E0:4F:43:20:F4:35,SmartGate_145771,50.03203964,15.76509094,E0:4F:43,6,wpa2,2017-10-13T13:00:00.000Z,2026-07-19T02:00:00.000Z,,Severovýchod,CZ,Hlaváčova,53002
E0:4F:43:20:F4:3D,SmartGate_145739,52.33975983,9.86504269,E0:4F:43,6,wpa2,2020-09-17T16:00:00.000Z,2025-01-28T12:00:00.000Z,Hannover,Niedersachsen,DE,Hannover-Wülferode West,30539
E0:4F:43:20:F4:3E,SmartGate_536386,50.66087341,14.03730488,E0:4F:43,6,wpa2,2018-06-14T14:00:00.000Z,2025-12-04T07:00:00.000Z,Ústí nad Labem,Severozápad,CZ,Velká Hradební,40011
E0:4F:43:20:F4:3F,SmartGate_144075,49.60966492,14.00558949,E0:4F:43,6,wpa2,2019-09-29T22:00:00.000Z,2025-07-27T14:00:00.000Z,,Střední Čechy,CZ,0305,26281
E0:4F:43:20:F4:42,SmartGate_536756,47.03620529,28.84181404,E0:4F:43,6,wpa2,2017-08-28T16:00:00.000Z,2026-01-01T10:00:00.000Z,Chișinău,Sectorul Rîșcani,MD,Strada Albișoara,MD-2005
E0:4F:43:20:F4:48,SmartGate_537672,49.1013298,16.57634163,E0:4F:43,6,wpa2,2017-10-26T10:00:00.000Z,2026-05-28T11:00:00.000Z,,Jihovýchod,CZ,,66443
E0:4F:43:20:F4:4F,SmartGate_706713,52.04135513,8.80557346,E0:4F:43,6,wpa2,2018-01-23T20:00:00.000Z,2024-12-27T14:00:00.000Z,,Nordrhein-Westfalen,DE,,32108
E0:4F:43:20:F4:51,SmartGate_144615,52.38278198,13.14196682,E0:4F:43,6,wpa2,2025-11-28T11:00:00.000Z,2026-01-20T08:00:00.000Z,Potsdam,Brandenburg,DE,Steinstraße,14480
E0:4F:43:20:F4:56,SmartGate_029137,60.22186661,24.94356346,E0:4F:43,6,wpa2,2017-07-09T14:00:00.000Z,2025-03-27T08:00:00.000Z,Helsinki,Manner-Suomi,FI,Tinasepäntie,00620
E0:4F:43:20:F4:5D,SmartGate_144409,48.29730606,11.63249683,E0:4F:43,6,wpa2,2024-11-07T15:00:00.000Z,2024-11-07T09:00:00.000Z,Eching,Bayern,DE,A 9,85386
E0:4F:43:20:F4:5E,SmartGate_146779,50.57128906,6.50156355,E0:4F:43,6,wpa2,2026-05-06T05:00:00.000Z,2026-05-31T13:00:00.000Z,,Nordrhein-Westfalen,DE,Aachener Straße,53937
E0:4F:43:20:F4:5F,SMARTGATE_123456,49.21437836,19.29772568,E0:4F:43,6,wpa2,2024-07-26T08:00:00.000Z,2024-09-19T02:00:00.000Z,,Žilinský kraj,SK,Aleja slobody,026 25
E0:4F:43:20:F4:63,SmartGate_147743,63.02639771,21.73420715,E0:4F:43,6,wpa2,2025-06-22T08:00:00.000Z,2025-07-16T07:00:00.000Z,,Manner-Suomi,FI,Strandvägen,65380
E0:4F:43:20:F4:6C,SmartGate_031599,60.21930313,24.99271584,E0:4F:43,6,wpa2,2017-11-12T16:00:00.000Z,2025-10-16T07:00:00.000Z,Helsinki,Manner-Suomi,FI,Säynäslahdentie,00650
E0:4F:43:20:F4:71,SmartGate_536548,51.18899918,12.4509325,E0:4F:43,6,wpa2,2021-06-04T17:00:00.000Z,2024-12-16T20:00:00.000Z,,Sachsen,DE,A 72,04571
E0:4F:43:20:F4:73,SmartGate_147542,48.25790405,11.64711666,E0:4F:43,6,wpa2,2024-01-12T14:00:00.000Z,2024-09-05T03:00:00.000Z,Garching bei München,Bayern,DE,A 9,85748
E0:4F:43:20:F4:7F,SmartGate_147229,50.81086731,9.02756596,E0:4F:43,6,wpa2,2018-06-09T13:00:00.000Z,2026-06-08T06:00:00.000Z,Neustadt,Hessen,DE,A 49,35260
E0:4F:43:20:F4:83,SmartGate_145773,53.3318367,10.1424818,E0:4F:43,6,wpa2,2018-03-07T09:00:00.000Z,2025-06-01T10:00:00.000Z,,Niedersachsen,DE,Rehkamp,21423
E0:4F:43:20:F4:88,SmartGate_029318,49.18927383,16.85710716,E0:4F:43,6,wpa2,2017-08-06T11:00:00.000Z,2026-05-25T07:00:00.000Z,,Jihovýchod,CZ,D1,683 51
E0:4F:43:20:F4:89,SmartGate_536860,60.22771454,24.8510952,E0:4F:43,6,wpa2,2017-05-06T16:00:00.000Z,2026-05-30T06:00:00.000Z,Helsinki,Manner-Suomi,FI,Konalantie,00370
E0:4F:43:20:F4:97,SmartGate_536530,51.01478577,6.92198849,E0:4F:43,6,wpa2,2025-06-05T06:00:00.000Z,2025-06-04T23:00:00.000Z,Köln,Nordrhein-Westfalen,DE,A 1,50769
E0:4F:43:20:F4:99,SmartGate_538062,48.39800262,11.02192879,E0:4F:43,6,wpa2,2020-08-11T23:00:00.000Z,2025-02-14T11:00:00.000Z,,Bayern,DE,A 8,86453
E0:4F:43:20:F4:9C,SmartGate_706381,51.58010483,7.02741003,E0:4F:43,6,wpa2,2026-03-05T15:00:00.000Z,2026-03-08T08:00:00.000Z,Gelsenkirchen,Nordrhein-Westfalen,DE,A 52,45894
E0:4F:43:20:F4:9E,SmartGate_145777,51.10717392,11.95593071,E0:4F:43,6,wpa2,2017-08-06T14:00:00.000Z,2024-11-03T16:00:00.000Z,,Sachsen-Anhalt,DE,A 9,06721
E0:4F:43:20:F4:A0,SmartGate_147645,61.48113632,23.54838371,E0:4F:43,6,wpa2,2024-10-03T13:00:00.000Z,2024-10-03T07:00:00.000Z,,Manner-Suomi,FI,Turuntie,37150
E0:4F:43:20:F4:A1,SmartGate_149365,51.89270782,4.35659695,E0:4F:43,6,wpa2,2018-03-13T10:00:00.000Z,2024-12-24T08:00:00.000Z,,Zuid-Holland,NL,Petroleumweg,3133AL
E0:4F:43:20:F4:A3,SmartGate_147849,45.94115829,8.98489285,E0:4F:43,6,wpa2,2020-09-12T10:00:00.000Z,2025-07-14T04:00:00.000Z,Val Mara,Ticino,CH,Via Arogno,6821
E0:4F:43:20:F4:AA,SmartGate_706395,49.0018692,8.43689632,E0:4F:43,6,wpa2,2017-08-31T11:00:00.000Z,2026-04-18T08:00:00.000Z,Karlsruhe,Baden-Württemberg,DE,Spickerallee,76137
E0:4F:43:20:F4:AB,SmartGate_145867,52.40731049,13.28609753,E0:4F:43,6,wpa2,2024-08-25T19:00:00.000Z,2024-08-25T13:00:00.000Z,,Brandenburg,DE,Lichterfelder Allee,14513
E0:4F:43:20:F4:AC,SmartGate_144253,50.44612885,7.82372379,E0:4F:43,6,wpa2,2025-12-06T12:00:00.000Z,2025-12-06T05:00:00.000Z,Montabaur,Rheinland-Pfalz,DE,A 3,56410
E0:4F:43:20:F4:AD,SmartGate_143677,47.14749908,27.59334183,E0:4F:43,6,wpa2,2025-04-24T16:00:00.000Z,2025-04-24T10:00:00.000Z,Iași,Iași,RO,Bulevardul Socola,700187
E0:4F:43:20:F4:B1,SmartGate_148802,50.59758759,8.48138046,E0:4F:43,6,wpa2,2025-08-22T14:00:00.000Z,2025-08-22T09:00:00.000Z,,Hessen,DE,A 45,35586
E0:4F:43:20:F4:B3,SmartGate_049719,61.44588852,23.83125114,E0:4F:43,6,wpa2,2020-11-07T18:00:00.000Z,2026-03-08T10:00:00.000Z,Tampere,Manner-Suomi,FI,Suolijärvenraitti,33720
E0:4F:43:20:F4:B7,SmartGate_536817,50.82217026,12.8974371,E0:4F:43,6,wpa2,2018-05-26T10:00:00.000Z,2025-09-29T13:00:00.000Z,Chemnitz,Sachsen,DE,Kappler Drehe,09119
E0:4F:43:20:F4:BA,SmartGate_706528,50.20670319,8.63242531,E0:4F:43,6,wpa2,2018-05-29T11:00:00.000Z,2025-09-17T08:00:00.000Z,Bad Homburg vor der Höhe,Hessen,DE,Jakob-Lengfelder-Straße,61352
E0:4F:43:20:F4:BE,SmartGate_148609,60.15248489,24.65740967,E0:4F:43,6,wpa2,2023-10-24T11:00:00.000Z,2026-07-01T05:00:00.000Z,Espoo,Manner-Suomi,FI,Höyrylaivantie,02320
E0:4F:43:20:F4:CA,SmartGate_151748,50.10605621,14.41770458,E0:4F:43,6,wpa2,2017-05-11T09:00:00.000Z,2025-03-06T23:00:00.000Z,Hlavní město Praha,Praha,CZ,náměstí Borise Němcova,17021
E0:4F:43:20:F4:CB,SmartGate_151666,51.52635193,9.93943405,E0:4F:43,6,wpa2,2023-04-01T19:00:00.000Z,2026-02-07T11:00:00.000Z,Göttingen,Niedersachsen,DE,Reinhäuser Landstraße,37083
E0:4F:43:20:F4:CD,SmartGate_536886,51.25727081,7.1239481,E0:4F:43,6,wpa2,2017-09-14T12:00:00.000Z,2025-05-23T06:00:00.000Z,Wuppertal,Nordrhein-Westfalen,DE,Herwarthstraße,42115
E0:4F:43:20:F4:CF,SmartGate_151843,50.60148621,20.25828171,E0:4F:43,6,wpa2,2025-02-22T13:00:00.000Z,2025-02-22T06:00:00.000Z,,województwo świętokrzyskie,PL,S7,28-300
E0:4F:43:20:F4:D2,SmartGate_151747,52.2667923,10.5148201,E0:4F:43,6,wpa2,2024-03-28T13:00:00.000Z,2025-06-16T04:00:00.000Z,Braunschweig,Niedersachsen,DE,Lange Straße,38100
E0:4F:43:20:F4:D4,SmartGate_706745,50.05610657,14.28771782,E0:4F:43,6,wpa2,2018-09-13T17:00:00.000Z,2025-12-20T00:00:00.000Z,Hlavní město Praha,Praha,CZ,Řevnická,15521
E0:4F:43:20:F4:E1,SmartGate_147773,53.5723877,10.08543968,E0:4F:43,6,wpa2,2018-01-30T09:00:00.000Z,2025-03-14T06:00:00.000Z,Hamburg,Marienthal,DE,Gustav-Adolf-Straße,22043
E0:4F:43:20:F4:E3,SmartGate_147067,52.10065079,11.59808922,E0:4F:43,6,wpa2,2024-09-15T16:00:00.000Z,2024-09-15T11:00:00.000Z,Magdeburg,Sachsen-Anhalt,DE,Blankenburger Straße,39118
E0:4F:43:20:F4:E4,SMARTGATE_123456,48.17118073,11.50793552,E0:4F:43,6,wpa2,2024-12-09T09:00:00.000Z,2024-12-23T04:00:00.000Z,München,Bayern,DE,Allacher Straße,80992
E0:4F:43:20:F4:EB,SmartGate_146000,61.99649048,25.48313522,E0:4F:43,6,wpa2,2020-04-09T12:00:00.000Z,2025-08-05T07:00:00.000Z,Jyväskylä,Manner-Suomi,FI,9,
E0:4F:43:20:F4:ED,SmartGate_150645,48.59446716,10.32377148,E0:4F:43,6,wpa2,2018-11-20T15:00:00.000Z,2025-06-12T15:00:00.000Z,,Bayern,DE,,89441
E0:4F:43:20:F4:F2,SmartGate_151539,51.08184433,13.68899727,E0:4F:43,6,wpa2,2022-09-17T17:00:00.000Z,2025-07-07T22:00:00.000Z,Dresden,Sachsen,DE,A 4,01139
E0:4F:43:20:F4:F3,SmartGate_150552,49.93804169,8.18016815,E0:4F:43,6,wpa2,2017-12-30T17:00:00.000Z,2024-12-19T10:00:00.000Z,Ober-Olm,Rheinland-Pfalz,DE,K 32,55270
E0:4F:43:20:F4:F5,SmartGate_536599,47.4160347,8.5228672,E0:4F:43,6,wpa2,2018-02-09T13:00:00.000Z,2025-09-30T08:00:00.000Z,Zürich,Zürich,CH,Seebacherstrasse,8046
E0:4F:43:20:F4:F9,SmartGate_538395,48.99307251,12.11321354,E0:4F:43,6,wpa2,2018-05-05T09:00:00.000Z,2024-10-15T09:00:00.000Z,Regensburg,Bayern,DE,Bajuwarenstraße,93053
E0:4F:43:20:F4:FC,SmartGate_145052,51.48058319,12.01137257,E0:4F:43,6,wpa2,2022-08-09T12:00:00.000Z,2026-03-29T09:00:00.000Z,,Sachsen-Anhalt,DE,Fiete-Schulze-Straße,
E0:4F:43:20:F4:FD,SmartGate_706497,51.31993103,12.32643509,E0:4F:43,6,wpa2,2017-09-01T11:00:00.000Z,2025-04-18T00:00:00.000Z,Leipzig,Sachsen,DE,Antonienstraße,04229
E0:4F:43:20:F4:FF,SmartGate_538102,50.53503036,16.22903824,E0:4F:43,6,wpa2,2017-04-10T08:00:00.000Z,2026-02-13T05:00:00.000Z,,Severovýchod,CZ,Radešovská,54954
E0:4F:43:20:F5:00,SmartGate_537884,49.14271545,15.02083588,E0:4F:43,6,wpa2,2017-03-14T07:00:00.000Z,2025-04-25T08:00:00.000Z,,Jihozápad,CZ,Jáchymova,37701
E0:4F:43:20:F5:01,SmartGate_151378,49.59148788,17.26205635,E0:4F:43,6,wpa2,2025-02-21T12:00:00.000Z,2025-02-21T07:00:00.000Z,Olomouc,Střední Morava,CZ,Šmeralova,779 00
E0:4F:43:20:F5:04,SmartGate_047529,60.25704956,24.85317612,E0:4F:43,6,wpa2,2018-06-02T11:00:00.000Z,2026-08-09T08:00:00.000Z,Vantaa,Manner-Suomi,FI,Kilterinaukio,01600
E0:4F:43:20:F5:0E,SmartGate_706437,51.72636414,12.21571827,E0:4F:43,6,wpa2,2026-07-09T13:00:00.000Z,2026-07-09T08:00:00.000Z,,Sachsen-Anhalt,DE,A 9,06779
E0:4F:43:20:F5:10,SmartGate_537517,50.32341766,13.53022861,E0:4F:43,6,wpa2,2023-08-04T15:00:00.000Z,2026-03-28T00:00:00.000Z,,Severozápad,CZ,Plzeňská,43801
E0:4F:43:20:F5:13,SmartGate_536911,50.02731323,9.10617065,E0:4F:43,6,wpa2,2022-05-26T18:00:00.000Z,2025-06-22T08:00:00.000Z,,Bayern,DE,Steinackerweg,63867
E0:4F:43:20:F5:14,SmartGate_147670,60.21208572,25.00424957,E0:4F:43,6,wpa2,2018-06-26T14:00:00.000Z,2026-07-30T09:00:00.000Z,Helsinki,Manner-Suomi,FI,Viikintie,00520
E0:4F:43:20:F5:15,SMARTGATE_123456,60.19812775,24.93809509,E0:4F:43,6,wpa2,2017-06-13T13:00:00.000Z,2026-07-11T08:00:00.000Z,Helsinki,Manner-Suomi,FI,Junailijankuja,00077
E0:4F:43:20:F5:19,SmartGate_147001,60.19026947,24.78554344,E0:4F:43,6,wpa2,2018-05-21T09:00:00.000Z,2026-04-20T06:00:00.000Z,Espoo,Manner-Suomi,FI,Visakoivuntie,02130
E0:4F:43:20:F5:20,SmartGate_147924,48.65849304,9.04727077,E0:4F:43,6,wpa2,2017-11-30T16:00:00.000Z,2025-09-13T13:00:00.000Z,,Baden-Württemberg,DE,Hungerbühl,71101
E0:4F:43:20:F5:21,SmartGate_145574,48.37481308,10.84627247,E0:4F:43,6,wpa2,2017-05-13T16:00:00.000Z,2024-10-21T13:00:00.000Z,,Bayern,DE,Bürgermeister-Ackermann-Straße,86391
E0:4F:43:20:F5:22,SmartGate_147945,51.52798843,9.93909359,E0:4F:43,6,wpa2,2023-01-16T17:00:00.000Z,2026-03-27T09:00:00.000Z,Göttingen,Niedersachsen,DE,Reinhäuser Landstraße,37083
E0:4F:43:20:F5:27,SmartGate_146979,51.96297455,8.55343056,E0:4F:43,6,wpa2,2025-06-30T15:00:00.000Z,2025-06-30T13:00:00.000Z,Bielefeld,Nordrhein-Westfalen,DE,Am Flugplatz,33659
E0:4F:43:20:F5:29,SmartGate_150578,51.047966,13.77600479,E0:4F:43,6,wpa2,2021-12-20T16:00:00.000Z,2025-12-17T02:00:00.000Z,Dresden,Sachsen,DE,Holbeinstraße,01309
E0:4F:43:20:F5:2A,SmartGate_030966,48.12098694,11.64879322,E0:4F:43,6,wpa2,2019-06-04T16:00:00.000Z,2024-11-20T10:00:00.000Z,München,Bayern,DE,Blombergstraße,81825
E0:4F:43:20:F5:2F,SmartGate_706341,53.58987427,9.93276978,E0:4F:43,6,wpa2,2017-08-09T17:00:00.000Z,2025-04-13T05:00:00.000Z,Hamburg,Stellingen,DE,Kieler Straße,22525
E0:4F:43:20:F5:30,SmartGate_030818,50.38639069,13.19133759,E0:4F:43,6,wpa2,2017-08-02T16:00:00.000Z,2025-06-27T03:00:00.000Z,,Severozápad,CZ,Nádražní,43151
E0:4F:43:20:F5:3E,SmartGate_149074,52.54691696,13.45376968,E0:4F:43,6,wpa2,2019-04-05T14:00:00.000Z,2025-04-05T09:00:00.000Z,Berlin,Komponistenviertel,DE,Mahlerstraße,13088
E0:4F:43:20:F5:41,SmartGate_537483,49.96438599,14.61919022,E0:4F:43,6,wpa2,2018-08-14T15:00:00.000Z,2026-05-25T12:00:00.000Z,,Střední Čechy,CZ,Zděbradská,25101
E0:4F:43:20:F5:42,SMARTGATE_123456,49.65846252,8.92665958,E0:4F:43,6,wpa2,2017-08-01T08:00:00.000Z,2024-12-14T07:00:00.000Z,,Hessen,DE,Ihrigstraße,64756
E0:4F:43:20:F5:59,SMARTGATE_123456,50.09360886,14.44578266,E0:4F:43,6,wpa2,2019-07-17T19:00:00.000Z,2026-05-09T13:00:00.000Z,Hlavní město Praha,Praha,CZ,Rohanské nábřeží,186 00
E0:4F:43:20:F5:5B,SmartGate_147280,60.17050934,24.83786964,E0:4F:43,6,wpa2,2018-04-15T17:00:00.000Z,2026-07-16T23:00:00.000Z,Espoo,Manner-Suomi,FI,Keilaterassi,02150
E0:4F:43:20:F5:5E,SMARTGATE_123456,52.67163086,-2.01863623,E0:4F:43,6,wpa2,2025-02-05T08:00:00.000Z,2025-02-24T13:00:00.000Z,South Staffordshire,England,GB,Watling Street,WS11 8XP
E0:4F:43:20:F5:5F,SmartGate_538196,47.71032715,13.62344265,E0:4F:43,6,wpa2,2026-04-04T08:00:00.000Z,2026-04-04T03:00:00.000Z,,Oberösterreich,AT,Adalbert-Stifter-Kai,4820
E0:4F:43:20:F5:62,SmartGate_537825,50.05925369,14.31105709,E0:4F:43,6,wpa2,2018-07-24T17:00:00.000Z,2025-03-02T01:00:00.000Z,Hlavní město Praha,Praha,CZ,Jeremiášova,16300
E0:4F:43:20:F5:6B,SmartGate_538051,51.9577446,7.62647438,E0:4F:43,6,wpa2,2017-08-07T11:00:00.000Z,2026-03-21T05:00:00.000Z,Münster,Nordrhein-Westfalen,DE,Königsstraße,48143
E0:4F:43:20:F5:6E,SmartGate_537909,60.20665359,24.85471916,E0:4F:43,6,wpa2,2018-04-18T10:00:00.000Z,2025-07-24T20:00:00.000Z,Helsinki,Manner-Suomi,FI,Muusantori,00360
E0:4F:43:20:F5:75,SmartGate_538297,50.36141586,15.89812088,E0:4F:43,6,wpa2,2020-11-18T11:00:00.000Z,2025-09-11T05:00:00.000Z,,Severovýchod,CZ,D11,551 01
E0:4F:43:20:F5:76,SmartGate_151995,53.12080383,18.0571537,E0:4F:43,6,wpa2,2018-01-04T14:00:00.000Z,2025-06-12T02:00:00.000Z,,województwo kujawsko-pomorskie,PL,Fordońska,85-720
E0:4F:43:20:F5:77,SmartGate_706794,51.30067444,7.34690666,E0:4F:43,6,wpa2,2018-02-10T11:00:00.000Z,2026-03-07T12:00:00.000Z,,Nordrhein-Westfalen,DE,Voerder Straße,58256
E0:4F:43:20:F5:79,SmartGate_147110,51.47840118,6.58345699,E0:4F:43,6,wpa2,2001-01-01T01:00:00.000Z,2025-05-12T04:00:00.000Z,Moers,Nordrhein-Westfalen,DE,A 57,47445
E0:4F:43:20:F5:7A,SMARTGATE_123456,50.79033279,8.76460457,E0:4F:43,6,wpa2,2018-11-05T17:00:00.000Z,2026-03-21T03:00:00.000Z,,Hessen,DE,Temmlerstraße,35039
E0:4F:43:20:F5:7B,SmartGate_145781,51.07292557,13.7211628,E0:4F:43,6,wpa2,2017-08-12T10:00:00.000Z,2025-09-10T12:00:00.000Z,Dresden,Sachsen,DE,Pieschener Mole,01127
E0:4F:43:20:F5:7C,SmartGate_706423,51.797966,19.48751068,E0:4F:43,6,wpa2,2017-08-18T12:00:00.000Z,2026-07-31T04:00:00.000Z,,województwo łódzkie,PL,Strykowska,91-729
E0:4F:43:20:F5:8B,SmartGate_537913,48.97362518,12.17720795,E0:4F:43,6,wpa2,2025-04-16T09:00:00.000Z,2025-04-17T08:00:00.000Z,Neutraubling,Bayern,DE,Südumgehung,93073
E0:4F:43:20:F5:8D,SmartGate_537864,49.20903397,16.61017418,E0:4F:43,6,wpa2,2025-10-29T11:00:00.000Z,2025-10-29T04:00:00.000Z,Brno,Jihovýchod,CZ,Erbenova,60200
E0:4F:43:20:F5:8F,SMARTGATE_123456,51.86524582,12.62614155,E0:4F:43,6,wpa2,2021-10-03T16:00:00.000Z,2025-10-28T00:00:00.000Z,,Sachsen-Anhalt,DE,Dessauer Straße,06886
E0:4F:43:20:F5:98,SmartGate_147219,51.37599945,7.42492819,E0:4F:43,6,wpa2,2019-02-22T11:00:00.000Z,2024-11-09T06:00:00.000Z,Hagen,Nordrhein-Westfalen,DE,A 1,58089
E0:4F:43:20:F5:9A,SmartGate_150270,48.76907349,14.97277451,E0:4F:43,6,wpa2,2023-02-06T17:00:00.000Z,2026-08-08T04:00:00.000Z,,Jihozápad,CZ,třída Čsl. legií,37810
E0:4F:43:20:F5:9E,SMARTGATE_123456,60.21599579,25.08503914,E0:4F:43,6,wpa2,2026-04-05T12:00:00.000Z,2026-04-05T08:00:00.000Z,Helsinki,Manner-Suomi,FI,Malminbaana,00900
E0:4F:43:20:F5:A8,SMARTGATE_123456,51.89556122,10.52162743,E0:4F:43,6,wpa2,2017-04-02T15:00:00.000Z,2024-08-19T12:00:00.000Z,,Niedersachsen,DE,Bohlweg,38667
E0:4F:43:20:F5:AC,SmartGate_145328,52.42187119,9.56258774,E0:4F:43,6,wpa2,2023-06-08T09:00:00.000Z,2026-07-26T02:00:00.000Z,,Niedersachsen,DE,A 2,30823
E0:4F:43:20:F5:AD,SmartGate_144147,60.22803879,24.90434456,E0:4F:43,6,wpa2,2020-04-06T18:00:00.000Z,2026-01-06T14:00:00.000Z,Helsinki,Manner-Suomi,FI,Walentin Chorellin tie,00400
E0:4F:43:20:F5:B8,SmartGate_029401,60.22869492,24.94720268,E0:4F:43,6,wpa2,2023-11-22T10:00:00.000Z,2025-08-30T09:00:00.000Z,Helsinki,Manner-Suomi,FI,Kivalterintie,00620
E0:4F:43:20:F5:BD,SmartGate_537314,60.28226089,24.99046326,E0:4F:43,6,wpa2,2017-08-20T13:00:00.000Z,2024-09-09T06:00:00.000Z,,Manner-Suomi,FI,Pappilankuja,01525
E0:4F:43:20:F5:C1,SmartGate_536576,49.76633835,18.2730999,E0:4F:43,6,wpa2,2024-12-18T06:00:00.000Z,2024-12-20T11:00:00.000Z,Ostrava,Moravskoslezsko,CZ,Místecká,720 00
E0:4F:43:20:F5:C4,SmartGate_537212,50.26021194,12.91540623,E0:4F:43,6,wpa2,2025-04-01T14:00:00.000Z,2025-04-01T08:00:00.000Z,,Severozápad,CZ,13,36263
E0:4F:43:20:F5:CD,SMARTGATE_123456,51.46812057,12.66884518,E0:4F:43,7,wpa2,2001-01-01T01:00:00.000Z,2026-06-12T11:00:00.000Z,,Sachsen,DE,Torgauer Landstraße,04838
E0:4F:43:20:F5:D6,SmartGate_538187,48.91989136,10.1938839,E0:4F:43,6,wpa2,2017-04-03T14:00:00.000Z,2025-12-05T12:00:00.000Z,,Baden-Württemberg,DE,A 7,73492
E0:4F:43:20:F5:DB,SmartGate_152333,48.13828659,17.21467972,E0:4F:43,6,wpa2,2025-04-20T07:00:00.000Z,2025-04-20T01:00:00.000Z,Bratislava,Bratislavský kraj,SK,Kazanská,8106
E0:4F:43:20:F5:DF,SmartGate_147813,49.81393051,14.19808578,E0:4F:43,6,wpa2,2017-08-24T14:00:00.000Z,2025-07-26T12:00:00.000Z,,Střední Čechy,CZ,Bekovka,26202
E0:4F:43:20:F5:E6,SmartGate_146629,49.18235779,16.60404396,E0:4F:43,6,wpa2,2024-09-04T15:00:00.000Z,2024-12-12T13:00:00.000Z,Brno,Jihovýchod,CZ,Heršpická,639 00
E0:4F:43:20:F5:E9,SmartGate_706254,50.90013123,12.96567345,E0:4F:43,6,wpa2,2019-09-28T11:00:00.000Z,2025-05-09T09:00:00.000Z,,Sachsen,DE,A 4,09244
E0:4F:43:20:F5:EF,SmartGate_537179,60.25362396,24.82416725,E0:4F:43,6,wpa2,2022-05-12T18:00:00.000Z,2024-09-11T12:00:00.000Z,,Manner-Suomi,FI,Teräsköydentie,01650
E0:4F:43:20:F5:F2,SMARTGATE_123456,53.58428955,10.0024519,E0:4F:43,6,wpa2,2018-06-07T11:00:00.000Z,2026-06-06T04:00:00.000Z,Hamburg,Winterhude,DE,Rondeel,22301
E0:4F:43:20:F5:F6,SmartGate_537181,60.28108597,25.00528145,E0:4F:43,6,wpa2,2019-06-18T18:00:00.000Z,2024-08-30T06:00:00.000Z,Helsinki,Manner-Suomi,FI,Iltatähdenkuja,00740
E0:4F:43:20:F5:F8,SmartGate_152159,52.88995743,6.02098179,E0:4F:43,6,wpa2,2024-08-09T15:00:00.000Z,2024-08-20T12:00:00.000Z,Oldeholtwolde,Fryslân,NL,Rijksweg A32,8477
E0:4F:43:20:F5:FB,SmartGate_146466,49.3896637,15.59362793,E0:4F:43,6,wpa2,2025-09-09T10:00:00.000Z,2025-09-09T03:00:00.000Z,Jihlava,Jihovýchod,CZ,Brtnická,586 01
E0:4F:43:20:F5:FC,SmartGate_144330,51.07546997,13.75138092,E0:4F:43,6,wpa2,2022-05-19T16:00:00.000Z,2024-11-11T09:00:00.000Z,Dresden,Sachsen,DE,Dammweg,01097
E0:4F:43:20:F6:01,SmartGate_706545,51.24054337,7.25119972,E0:4F:43,6,wpa2,2018-01-02T13:00:00.000Z,2025-07-09T10:00:00.000Z,Wuppertal,Nordrhein-Westfalen,DE,Marscheider Bach,42287
E0:4F:43:20:F6:05,SmartGate_149073,48.16562271,11.35414696,E0:4F:43,6,wpa2,2022-05-25T13:00:00.000Z,2025-06-05T19:00:00.000Z,,Bayern,DE,FFB 11,82178
E0:4F:43:20:F6:09,SMARTGATE_123456,60.18430328,24.74564362,E0:4F:43,6,wpa2,2001-01-01T02:00:00.000Z,2026-04-28T07:00:00.000Z,Espoo,Manner-Suomi,FI,Henttaankaari,02250
E0:4F:43:20:F6:0C,SmartGate_536875,53.34309387,9.8564024,E0:4F:43,6,wpa2,2026-03-06T16:00:00.000Z,2026-03-06T08:00:00.000Z,,Niedersachsen,DE,Vaenser Weg,21244
E0:4F:43:20:F6:0D,SmartGate_537614,60.21921921,24.83559799,E0:4F:43,6,wpa2,2020-03-07T17:00:00.000Z,2025-04-06T07:00:00.000Z,Espoo,Manner-Suomi,FI,,00360
E0:4F:43:20:F6:19,SmartGate_151590,48.17512512,12.11560917,E0:4F:43,6,wpa2,2023-09-02T14:00:00.000Z,2024-12-11T06:00:00.000Z,,Bayern,DE,Holzapfelweg,83527
E0:4F:43:20:F6:1A,SmartGate_151745,51.50364685,12.77684593,E0:4F:43,4,wpa2,2022-10-26T16:00:00.000Z,2026-06-09T01:00:00.000Z,,Sachsen,DE,B 87,04862
E0:4F:43:20:F6:1C,SmartGate_148815,48.93294525,12.08937168,E0:4F:43,6,wpa2,2025-08-19T13:00:00.000Z,2025-08-19T11:00:00.000Z,,Bayern,DE,A 93,93080
E0:4F:43:20:F6:23,SMARTGATE_123456,51.58334732,8.30139446,E0:4F:43,6,wpa2,2024-10-07T12:00:00.000Z,2024-10-07T08:00:00.000Z,,Nordrhein-Westfalen,DE,A 44,59597
E0:4F:43:20:F6:25,SMARTGATE_123456,51.46379471,6.92881918,E0:4F:43,6,wpa2,2021-05-29T12:00:00.000Z,2026-04-16T06:00:00.000Z,Essen,Nordrhein-Westfalen,DE,Im Wulve,45359
E0:4F:43:20:F6:2C,SmartGate_144334,48.26301956,11.64197922,E0:4F:43,6,wpa2,2025-12-23T11:00:00.000Z,2026-06-21T10:00:00.000Z,Garching bei München,Bayern,DE,,85748
E0:4F:43:20:F6:2D,SmartGate_536652,49.11386871,16.60503387,E0:4F:43,6,wpa2,2017-04-27T08:00:00.000Z,2026-01-19T08:00:00.000Z,,Jihovýchod,CZ,Brněnská,66442
E0:4F:43:20:F6:30,SMARTGATE_123456,50.54601669,8.78270245,E0:4F:43,6,wpa2,2024-12-01T12:00:00.000Z,2024-12-02T06:00:00.000Z,,Hessen,DE,A 5,35463
E0:4F:43:20:F6:3F,SmartGate_537328,50.65824509,7.11281586,E0:4F:43,6,wpa2,2017-07-14T14:00:00.000Z,2024-11-11T09:00:00.000Z,,Nordrhein-Westfalen,DE,Compbachweg,53343
E0:4F:43:20:F6:42,SmartGate_151662,48.61598969,9.59967232,E0:4F:43,6,wpa2,2025-11-16T11:00:00.000Z,2025-11-16T17:00:00.000Z,,Baden-Württemberg,DE,A 8,73344
E0:4F:43:20:F6:43,SmartGate_151582,48.88160706,12.57572365,E0:4F:43,6,wpa2,2017-11-07T22:00:00.000Z,2026-03-16T09:00:00.000Z,,Bayern,DE,Innere Passauer Straße,94315
E0:4F:43:20:F6:46,SmartGate_706496,51.0616188,13.77619553,E0:4F:43,6,wpa2,2018-06-29T13:00:00.000Z,2026-03-03T07:00:00.000Z,Dresden,Sachsen,DE,Fetscherstraße,01307
E0:4F:43:20:F6:4D,SmartGate_537942,52.27491379,12.37804699,E0:4F:43,6,wpa2,2019-12-08T21:00:00.000Z,2025-06-14T04:00:00.000Z,,Brandenburg,DE,Dorfstraße,14793
E0:4F:43:20:F6:4F,SMARTGATE_123456,51.36334229,7.39476013,E0:4F:43,6,wpa2,2026-05-11T12:00:00.000Z,2026-05-11T11:00:00.000Z,Hagen,Nordrhein-Westfalen,DE,A 1,58089
E0:4F:43:20:F6:59,SmartGate_153604,49.65348816,17.1190567,E0:4F:43,6,wpa2,2026-05-12T12:00:00.000Z,2026-05-12T07:00:00.000Z,,Střední Morava,CZ,D35,783 33
E0:4F:43:20:F6:5F,SmartGate_150244,49.17587662,16.59628868,E0:4F:43,6,wpa2,2021-08-22T14:00:00.000Z,2026-02-18T00:00:00.000Z,Brno,Jihovýchod,CZ,Vídeňská,63900
E0:4F:43:20:F6:60,SmartGate_150565,52.05129623,10.50778103,E0:4F:43,6,wpa2,2023-07-01T17:00:00.000Z,2024-09-16T16:00:00.000Z,,Niedersachsen,DE,A 36,38315
E0:4F:43:20:F6:67,SmartGate_152828,51.07543182,13.71762943,E0:4F:43,6,wpa2,2018-06-27T05:00:00.000Z,2026-06-19T14:00:00.000Z,Dresden,Sachsen,DE,Leipziger Straße,01127
E0:4F:43:20:F6:68,SmartGate_152661,61.48648834,23.82230377,E0:4F:43,6,wpa2,2023-12-22T10:00:00.000Z,2026-02-15T23:00:00.000Z,Tampere,Manner-Suomi,FI,Iidesranta,33530
E0:4F:43:20:F6:72,SmartGate_152604,47.15544128,27.58636856,E0:4F:43,6,wpa2,2024-03-17T16:00:00.000Z,2024-09-30T09:00:00.000Z,Iași,Iași,RO,Strada Palat,700028
E0:4F:43:20:F6:79,SMARTGATE_123456,53.53702927,10.04536819,E0:4F:43,6,wpa2,2017-11-03T17:00:00.000Z,2025-12-19T08:00:00.000Z,Hamburg,Hamburg-Mitte,DE,Billhorner Deich,20539
E0:4F:43:20:F6:7E,SmartGate_160032,50.08044815,9.99974442,E0:4F:43,6,wpa2,2026-03-23T13:00:00.000Z,2026-03-23T07:00:00.000Z,,Bayern,DE,A 7,97535
E0:4F:43:20:F6:83,SmartGate_152679,50.6290741,15.60810471,E0:4F:43,6,wpa2,2024-08-26T11:00:00.000Z,2024-08-26T04:00:00.000Z,,Severovýchod,CZ,Krkonošská,54301
E0:4F:43:20:F6:84,SmartGate_538488,49.10326767,16.36740303,E0:4F:43,6,wpa2,2023-05-07T11:00:00.000Z,2024-10-15T08:00:00.000Z,,Jihovýchod,CZ,,66491
E0:4F:43:20:F6:86,SmartGate_543162,60.28688049,24.80002213,E0:4F:43,6,wpa2,2018-06-21T12:00:00.000Z,2026-05-10T10:00:00.000Z,,Manner-Suomi,FI,Friimetsäntie,01680
E0:4F:43:20:F6:87,SmartGate_156878,53.52325058,10.00719929,E0:4F:43,6,wpa2,2021-01-05T16:00:00.000Z,2026-05-25T06:00:00.000Z,Hamburg,Hamburg-Mitte,DE,Veddeler Damm,20457
E0:4F:43:20:F6:8A,SmartGate_033130,60.44133759,24.50540161,E0:4F:43,6,wpa2,2018-01-04T13:00:00.000Z,2025-08-24T06:00:00.000Z,,Manner-Suomi,FI,Kehätie,03320
E0:4F:43:20:F6:8E,SmartGate_546939,60.25087738,24.93631363,E0:4F:43,6,wpa2,2019-06-10T09:00:00.000Z,2026-03-31T05:00:00.000Z,Helsinki,Manner-Suomi,FI,Kytöniityntie,00670
E0:4F:43:20:F6:91,SmartGate_032294,51.93533707,7.6061554,E0:4F:43,6,wpa2,2017-06-23T15:00:00.000Z,2026-05-20T12:00:00.000Z,Münster,Nordrhein-Westfalen,DE,Umgehungsstraße,48163
E0:4F:43:20:F6:A7,SmartGate_152746,50.88648224,6.89493465,E0:4F:43,6,wpa2,2018-03-12T09:00:00.000Z,2026-07-20T10:00:00.000Z,,Nordrhein-Westfalen,DE,Bussardweg,50354
E0:4F:43:20:F6:AD,SmartGate_149416,49.36138535,8.54693985,E0:4F:43,6,wpa2,2018-12-14T19:00:00.000Z,2025-10-16T02:00:00.000Z,,Baden-Württemberg,DE,A 6,68775
E0:4F:43:20:F6:B1,SmartGate_156578,52.31137085,10.75524235,E0:4F:43,6,wpa2,2023-02-19T15:00:00.000Z,2025-01-21T07:00:00.000Z,,Niedersachsen,DE,A 2,38154
E0:4F:43:20:F6:B2,SmartGate_539524,51.44931793,7.9582715,E0:4F:43,6,wpa2,2024-08-07T05:00:00.000Z,2025-07-07T18:00:00.000Z,,Nordrhein-Westfalen,DE,Blumenstraße,59755
E0:4F:43:20:F6:B3,SmartGate_539735,62.90163803,27.6772213,E0:4F:43,6,wpa2,2021-01-03T00:00:00.000Z,2026-04-12T22:00:00.000Z,Kuopio,Manner-Suomi,FI,5;9,70300
E0:4F:43:20:F6:BD,SmartGate_148498,60.29809189,24.88225174,E0:4F:43,7,wpa2,2025-03-27T14:00:00.000Z,2025-03-27T10:00:00.000Z,,Manner-Suomi,FI,Kehä III,01740
E0:4F:43:20:F6:C0,SmartGate_158892,52.04779434,9.39108372,E0:4F:43,6,wpa2,2018-05-13T13:00:00.000Z,2026-06-02T15:00:00.000Z,,Niedersachsen,DE,Hauptstraße,31860
E0:4F:43:20:F6:C4,SMARTGATE_123456,60.18515778,24.5970192,E0:4F:43,6,wpa2,2024-07-13T10:00:00.000Z,2026-04-18T08:00:00.000Z,Espoo,Manner-Suomi,FI,Lasihytti,02780
E0:4F:43:20:F6:C5,SmartGate_537491,50.13942719,8.97037315,E0:4F:43,6,wpa2,2025-04-11T16:00:00.000Z,2025-05-26T05:00:00.000Z,,Hessen,DE,A 66,63526
E0:4F:43:20:F6:CA,SmartGate_156747,53.95270538,14.16904545,E0:4F:43,6,wpa2,2020-09-11T17:00:00.000Z,2024-10-10T10:00:00.000Z,,Mecklenburg-Vorpommern,DE,Delbrückstraße,17424
E0:4F:43:20:F6:D1,SmartGate_539563,61.05488205,28.20567894,E0:4F:43,6,wpa2,2023-11-29T06:00:00.000Z,2026-07-27T05:00:00.000Z,Lappeenranta,Manner-Suomi,FI,Tellervonkatu,53130
E0:4F:43:20:F6:D3,SmartGate_156731,49.47196198,11.13761616,E0:4F:43,6,wpa2,2017-11-20T18:00:00.000Z,2026-06-10T05:00:00.000Z,Nürnberg,Bayern,DE,Erlenstegenstraße,90491
E0:4F:43:20:F6:D4,SMARTGATE_123456,48.78117371,9.01487637,E0:4F:43,6,wpa2,2024-08-17T08:00:00.000Z,2025-05-25T05:00:00.000Z,,Baden-Württemberg,DE,Heilbronner Straße,71229
E0:4F:43:20:F6:D8,SmartGate_156567,50.85215378,9.68671799,E0:4F:43,6,wpa2,2025-11-03T15:00:00.000Z,2025-11-03T07:00:00.000Z,,Hessen,DE,B 62,36251
E0:4F:43:20:F6:DC,SmartGate_538414,51.18506622,6.45766735,E0:4F:43,6,wpa2,2018-09-14T14:00:00.000Z,2025-09-16T06:00:00.000Z,Mönchengladbach,Nordrhein-Westfalen,DE,Rheinstraße,41065
E0:4F:43:20:F6:E2,SmartGate_154873,61.30272293,23.82274628,E0:4F:43,6,wpa2,2020-04-22T15:00:00.000Z,2025-07-20T12:00:00.000Z,Lempäälä,Manner-Suomi,FI,3;9,37500
E0:4F:43:20:F6:E5,SmartGate_149387,54.41138077,9.61941051,E0:4F:43,6,wpa2,2025-10-05T12:00:00.000Z,2025-10-22T09:00:00.000Z,Brekendorf,Schleswig-Holstein,DE,A 7,24811
E0:4F:43:20:F6:E9,SmartGate_539977,49.29425049,13.76800728,E0:4F:43,6,wpa2,2025-04-25T06:00:00.000Z,2025-04-25T10:00:00.000Z,,Jihozápad,CZ,22,38715
E0:4F:43:20:F6:EA,SmartGate_539333,50.34497452,9.52810287,E0:4F:43,6,wpa2,2026-06-12T15:00:00.000Z,2026-06-12T14:00:00.000Z,,Hessen,DE,L 3329,36381
E0:4F:43:20:F6:ED,SmartGate_706304,51.05785751,8.79098034,E0:4F:43,6,wpa2,2026-07-17T17:00:00.000Z,2026-07-17T11:00:00.000Z,,Hessen,DE,Stapenhorststraße,35066
E0:4F:43:20:F6:F2,SmartGate_155998,49.88518906,14.91567993,E0:4F:43,6,wpa2,2026-05-29T17:00:00.000Z,2026-05-29T13:00:00.000Z,,Střední Čechy,CZ,335,285 06
E0:4F:43:20:F6:FA,SmartGate_154857,49.08912277,16.6071701,E0:4F:43,6,wpa2,2017-05-21T17:00:00.000Z,2026-05-29T10:00:00.000Z,,Jihovýchod,CZ,Městečko,66461
E0:4F:43:20:F6:FB,SmartGate_707268,50.97520447,7.49364853,E0:4F:43,6,wpa2,2025-04-24T09:00:00.000Z,2025-04-24T04:00:00.000Z,,Nordrhein-Westfalen,DE,A 4,51674
E0:4F:43:20:F7:01,SmartGate_157100,49.94782639,8.47770405,E0:4F:43,6,wpa2,2026-01-23T15:00:00.000Z,2026-01-23T17:00:00.000Z,Groß-Gerau,Hessen,DE,A 67,64521
E0:4F:43:20:F7:09,SmartGate_539292,51.61122894,7.15332842,E0:4F:43,6,wpa2,2023-05-01T19:00:00.000Z,2025-06-17T08:00:00.000Z,,Nordrhein-Westfalen,DE,Bodenbacher Straße,45699
E0:4F:43:20:F7:0C,SmartGate_150746,60.342659,24.94033813,E0:4F:43,6,wpa2,2020-08-08T08:00:00.000Z,2025-05-20T06:00:00.000Z,Vantaa,Manner-Suomi,FI,Myllykyläntie,01590
E0:4F:43:20:F7:18,SmartGate_032082,60.20764923,24.89318848,E0:4F:43,6,wpa2,2017-09-08T14:00:00.000Z,2025-03-31T14:00:00.000Z,Helsinki,Manner-Suomi,FI,Puutarhurinkuja,00300
E0:4F:43:20:F7:1B,SmartGate_706725,51.28574753,6.57949495,E0:4F:43,6,wpa2,2025-07-07T12:00:00.000Z,2025-07-07T13:00:00.000Z,Meerbusch,Nordrhein-Westfalen,DE,A 44,40670
E0:4F:43:20:F7:27,SmartGate_152755,60.21492767,24.83031845,E0:4F:43,6,wpa2,2018-08-04T14:00:00.000Z,2026-06-28T08:00:00.000Z,Espoo,Manner-Suomi,FI,,02600
E0:4F:43:20:F7:28,SmartGate_152821,50.88632965,12.98191357,E0:4F:43,6,wpa2,2020-10-28T11:00:00.000Z,2025-03-29T05:00:00.000Z,Chemnitz,Sachsen,DE,Mittweidaer Straße,09131
E0:4F:43:20:F7:29,SmartGate_155106,51.1934166,6.72975731,E0:4F:43,6,wpa2,2017-11-07T17:00:00.000Z,2026-03-04T15:00:00.000Z,Neuss,Nordrhein-Westfalen,DE,Rheinallee,41460
E0:4F:43:20:F7:2A,SmartGate_155489,53.5828743,10.0558691,E0:4F:43,6,wpa2,2026-07-03T09:00:00.000Z,2026-07-04T10:00:00.000Z,Hamburg,Dulsberg,DE,Alter Teichweg,22049
E0:4F:43:20:F7:33,SMARTGATE_123456,53.49020004,10.29784966,E0:4F:43,6,wpa2,2019-02-09T10:00:00.000Z,2025-12-03T07:00:00.000Z,,Schleswig-Holstein,DE,Schäferholz,21039
E0:4F:43:20:F7:5D,SmartGate_707992,53.48578262,8.67397213,E0:4F:43,6,wpa2,2026-02-25T08:00:00.000Z,2026-03-03T23:00:00.000Z,,Niedersachsen,DE,B 71,27612
E0:4F:43:20:F7:5E,SmartGate_161661,47.21040726,7.52771282,E0:4F:43,6,wpa2,2025-04-10T13:00:00.000Z,2025-04-10T10:00:00.000Z,,Solothurn,CH,Bielstrasse,4500
E0:4F:43:20:F7:5F,SmartGate_157170,54.02579117,9.85844326,E0:4F:43,6,wpa2,2018-04-02T16:00:00.000Z,2026-05-21T11:00:00.000Z,,Schleswig-Holstein,DE,,24634
E0:4F:43:20:F7:61,SmartGate_031956,60.18497467,24.94529915,E0:4F:43,6,wpa2,2017-08-29T08:00:00.000Z,2026-05-11T05:00:00.000Z,Helsinki,Manner-Suomi,FI,Wallininkuja,00530
E0:4F:43:20:F7:62,SmartGate_153191,52.56690598,10.36819077,E0:4F:43,6,wpa2,2017-11-25T11:00:00.000Z,2025-06-29T07:00:00.000Z,,Niedersachsen,DE,,29362
E0:4F:43:20:F7:65,SmartGate_161127,51.37971878,12.42606258,E0:4F:43,6,wpa2,2004-09-05T08:00:00.000Z,2026-02-14T04:00:00.000Z,Leipzig,Sachsen,DE,Tauchaer Straße,04349
E0:4F:43:20:F7:6A,SmartGate_155090,60.22073746,24.83000946,E0:4F:43,6,wpa2,2018-01-27T15:00:00.000Z,2026-07-13T02:00:00.000Z,Espoo,Manner-Suomi,FI,Puhujanpolku,02650
E0:4F:43:20:F7:6C,SmartGate_156024,48.36701965,11.74431419,E0:4F:43,6,wpa2,2018-07-22T03:00:00.000Z,2025-08-01T00:00:00.000Z,,Bayern,DE,Ismaninger Straße,85356
E0:4F:43:20:F7:72,SmartGate_051295,51.15682602,7.1032505,E0:4F:43,6,wpa2,2020-06-16T12:00:00.000Z,2025-06-30T08:00:00.000Z,Solingen,Nordrhein-Westfalen,DE,Grünbaumstraße,42659
E0:4F:43:20:F7:76,SmartGate_031955,61.46317291,23.76511765,E0:4F:43,6,wpa2,2017-06-08T14:00:00.000Z,2025-04-16T08:00:00.000Z,Tampere,Manner-Suomi,FI,Lempääläntie,33841
E0:4F:43:20:F7:80,SmartGate_030787,49.60087585,17.22119713,E0:4F:43,6,wpa2,2001-01-01T01:00:00.000Z,2024-09-21T05:00:00.000Z,Olomouc,Střední Morava,CZ,Pražská,749 00
E0:4F:43:20:F7:82,SmartGate_156427,49.86804962,8.68184185,E0:4F:43,6,wpa2,2022-07-16T10:00:00.000Z,2025-08-31T10:00:00.000Z,Darmstadt,Hessen,DE,Heinrichstraße,64287
E0:4F:43:20:F7:87,SmartGate_030345,49.3186264,14.1301527,E0:4F:43,6,wpa2,2026-04-10T07:00:00.000Z,2026-05-25T13:00:00.000Z,Písek,Jihozápad,CZ,Pražská,39720
E0:4F:43:20:F7:90,SmartGate_708019,51.12126541,13.73083496,E0:4F:43,6,wpa2,2019-04-26T15:00:00.000Z,2025-10-26T09:00:00.000Z,Dresden,Sachsen,DE,Radeburger Straße,01109
E0:4F:43:20:F7:97,SmartGate_152681,48.40942764,10.62500668,E0:4F:43,6,wpa2,2024-04-04T14:00:00.000Z,2025-01-04T18:00:00.000Z,,Bayern,DE,A 8,86441
E0:4F:43:20:F7:98,SmartGate_707388,47.72494888,20.33580017,E0:4F:43,6,wpa2,2017-10-14T20:00:00.000Z,2025-11-30T06:00:00.000Z,,Észak-Magyarország,HU,M3,3350
E0:4F:43:20:F7:9E,SmartGate_154831,50.07579041,14.79127407,E0:4F:43,6,wpa2,2017-08-17T19:00:00.000Z,2025-09-01T02:00:00.000Z,,Střední Čechy,CZ,Rostoklatská,28171
E0:4F:43:20:F7:AA,SmartGate_034345,50.07639694,14.42448711,E0:4F:43,6,wpa2,2017-09-29T19:00:00.000Z,2026-05-14T13:00:00.000Z,Hlavní město Praha,Praha,CZ,Na Rybníčku,11121
E0:4F:43:20:F7:BE,SmartGate_148320,60.21811676,24.86767197,E0:4F:43,6,wpa2,2021-04-29T12:00:00.000Z,2025-10-26T11:00:00.000Z,Helsinki,Manner-Suomi,FI,Pitäjänmäentie,00380
E0:4F:43:20:F7:C1,SmartGate_540509,49.53442001,12.13825226,E0:4F:43,6,wpa2,2025-09-12T14:00:00.000Z,2025-09-12T12:00:00.000Z,,Bayern,DE,A 93,92533
E0:4F:43:20:F7:C2,SmartGate_539476,60.86745071,26.67056465,E0:4F:43,6,wpa2,2020-11-22T15:00:00.000Z,2026-05-11T04:00:00.000Z,Kouvola,Manner-Suomi,FI,Sepänkatu,45130
E0:4F:43:20:F7:C6,SmartGate_050784,60.33435822,25.0661087,E0:4F:43,6,wpa2,2024-09-10T17:00:00.000Z,2026-05-28T08:00:00.000Z,Vantaa,Manner-Suomi,FI,Ulrikankuja,01400
E0:4F:43:20:F7:C7,SmartGate_051229,59.7589798,18.70120811,E0:4F:43,6,wpa2,2025-11-04T11:00:00.000Z,2026-07-18T04:00:00.000Z,,Stockholms län,SE,Hantverkaregatan,761 30
E0:4F:43:20:F7:CB,SmartGate_031723,50.08985138,14.38580418,E0:4F:43,6,wpa2,2018-12-19T14:00:00.000Z,2026-04-30T11:00:00.000Z,Hlavní město Praha,Praha,CZ,Myslbekova,16900
E0:4F:43:20:F7:CD,SmartGate_154942,47.73049164,11.43258286,E0:4F:43,6,wpa2,2017-05-17T20:00:00.000Z,2025-03-20T07:00:00.000Z,,Bayern,DE,B 472,83670
E0:4F:43:20:F7:CE,SmartGate_159946,50.08382797,14.43756294,E0:4F:43,6,wpa2,2018-01-27T10:00:00.000Z,2026-01-27T04:00:00.000Z,Hlavní město Praha,Praha,CZ,Teleport Žižkov,116 47
E0:4F:43:20:F7:CF,SmartGate_159236,52.39125061,13.39827824,E0:4F:43,6,wpa2,2018-04-06T09:00:00.000Z,2026-02-17T12:00:00.000Z,Berlin,Tempelhof-Schöneberg,DE,Steinstraße,12307
E0:4F:43:20:F7:E0,SmartGate_152733,39.85186768,3.1151371,E0:4F:43,6,wpa2,2022-06-03T16:00:00.000Z,2026-06-25T00:00:00.000Z,,Illes Balears,ES,,07400
E0:4F:43:20:F7:E6,SmartGate_149512,51.51179123,7.61678839,E0:4F:43,6,wpa2,2025-09-27T08:00:00.000Z,2025-09-27T19:00:00.000Z,,Nordrhein-Westfalen,DE,B 1,59439
E0:4F:43:20:F7:E9,SmartGate_152825,51.00660324,12.44893456,E0:4F:43,6,wpa2,2023-02-26T20:00:00.000Z,2026-06-09T19:00:00.000Z,,Thüringen,DE,Sonnenstraße,04600
E0:4F:43:20:F7:ED,SmartGate_155739,49.00465775,8.43637085,E0:4F:43,6,wpa2,2026-07-26T17:00:00.000Z,2026-07-26T17:00:00.000Z,Karlsruhe,Baden-Württemberg,DE,Ostring,76137
E0:4F:43:20:F7:EE,SmartGate_149390,48.14044571,11.59594154,E0:4F:43,6,wpa2,2022-05-13T22:00:00.000Z,2026-08-05T10:00:00.000Z,München,Bayern,DE,Prinzregentenstraße,81675
E0:4F:43:20:F7:F1,SmartGate_156510,53.61035538,9.70883846,E0:4F:43,6,wpa2,2018-06-29T21:00:00.000Z,2024-09-23T00:00:00.000Z,Wedel,Schleswig-Holstein,DE,Ehnboomtwiete,22880
E0:4F:43:20:F7:F5,SmartGate_146644,47.11574936,8.13720322,E0:4F:43,6,wpa2,2025-04-02T09:00:00.000Z,2026-03-12T05:00:00.000Z,,Luzern,CH,,6207
E0:4F:43:20:F7:FE,SmartGate_707367,52.37337112,13.31471157,E0:4F:43,6,wpa2,2018-02-02T10:00:00.000Z,2025-08-04T07:00:00.000Z,,Brandenburg,DE,Am Wall,14979
E0:4F:43:20:F7:FF,SmartGate_155441,51.93600464,6.09528399,E0:4F:43,6,wpa2,2017-08-09T09:00:00.000Z,2024-10-03T11:00:00.000Z,,Gelderland,NL,Rijksweg A12,6902PK
E0:4F:43:20:F8:00,SmartGate_152635,50.09382629,14.48577213,E0:4F:43,6,wpa2,2017-09-23T14:00:00.000Z,2026-07-16T03:00:00.000Z,Hlavní město Praha,Praha,CZ,V Domově,13000
E0:4F:43:20:F8:01,SMARTGATE_123456,48.53495789,11.59512138,E0:4F:43,6,wpa2,2024-10-26T13:00:00.000Z,2024-10-27T00:00:00.000Z,,Bayern,DE,A 9,85301
E0:4F:43:20:F8:05,SmartGate_706734,48.02795029,11.57043552,E0:4F:43,6,wpa2,2024-11-10T10:00:00.000Z,2024-11-10T05:00:00.000Z,Oberhaching,Bayern,DE,Alte Oberbiberger Straße,82041
E0:4F:43:20:F8:09,SmartGate_157200,51.14657974,13.74838448,E0:4F:43,6,wpa2,2002-01-02T04:00:00.000Z,2025-04-25T14:00:00.000Z,,Sachsen,DE,A 13,01471
E0:4F:43:20:F8:14,SmartGate_150141,47.19304657,8.48692989,E0:4F:43,6,wpa2,2020-01-23T19:00:00.000Z,2026-06-17T09:00:00.000Z,,Zug,CH,Pianoweg,6312
E0:4F:43:20:F8:17,SmartGate_168058,50.35927963,11.87511158,E0:4F:43,6,wpa2,2018-01-27T12:00:00.000Z,2025-11-28T15:00:00.000Z,,Bayern,DE,A 72,95183
E0:4F:43:20:F8:19,SMARTGATE_123456,51.14812469,12.41933727,E0:4F:43,6,wpa2,2025-08-29T19:00:00.000Z,2026-07-10T05:00:00.000Z,,Sachsen,DE,Schleenhainer Straße,04575
E0:4F:43:20:F8:1F,SmartGate_538663,49.2279129,16.53320885,E0:4F:43,6,wpa2,2019-05-12T16:00:00.000Z,2026-07-16T07:00:00.000Z,Brno,Jihovýchod,CZ,U Zoologické zahrady,63500
E0:4F:43:20:F8:25,SmartGate_156043,49.01506805,12.06484032,E0:4F:43,6,wpa2,2025-05-07T10:00:00.000Z,2025-05-07T05:00:00.000Z,,Bayern,DE,A 93,93049
E0:4F:43:20:F8:27,SmartGate_153271,48.18823242,11.48988628,E0:4F:43,6,wpa2,2018-04-14T12:00:00.000Z,2024-08-18T13:00:00.000Z,München,Bayern,DE,Waldhornstraße,80997
E0:4F:43:20:F8:2B,SmartGate_540785,60.17951202,24.74583817,E0:4F:43,6,wpa2,2019-04-08T17:00:00.000Z,2025-11-10T07:00:00.000Z,Espoo,Manner-Suomi,FI,Nygårdinreitti,02250
E0:4F:43:20:F8:34,SmartGate_158987,53.3649025,9.732728,E0:4F:43,6,wpa2,2025-03-23T17:00:00.000Z,2025-05-03T12:00:00.000Z,,Niedersachsen,DE,A 1,21279
E0:4F:43:20:F8:39,SmartGate_538828,49.69667816,14.0111742,E0:4F:43,6,wpa2,2025-01-24T14:00:00.000Z,2025-01-24T07:00:00.000Z,Příbram,Střední Čechy,CZ,,26101
E0:4F:43:20:F8:3B,SmartGate_160026,53.62162399,9.95011044,E0:4F:43,6,wpa2,2017-10-23T08:00:00.000Z,2025-08-09T15:00:00.000Z,Hamburg,Niendorf,DE,Paul-Sorge-Straße,22459
E0:4F:43:20:F8:3D,SmartGate_539316,53.62307358,10.16674328,E0:4F:43,6,wpa2,2019-04-03T09:00:00.000Z,2026-05-20T22:00:00.000Z,Hamburg,Rahlstedt,DE,Meiendorfer Straße,22145
E0:4F:43:20:F8:3E,SmartGate_707537,51.41151047,7.56820345,E0:4F:43,6,wpa2,2017-11-15T17:00:00.000Z,2025-08-19T04:00:00.000Z,,Nordrhein-Westfalen,DE,Haydnstraße,58239
E0:4F:43:20:F8:3F,SmartGate_152584,49.92246246,16.91618156,E0:4F:43,6,wpa2,2017-08-02T08:00:00.000Z,2025-10-26T08:00:00.000Z,,Střední Morava,CZ,44,78969
E0:4F:43:20:F8:40,SmartGate_152537,60.29946899,25.00945854,E0:4F:43,6,wpa2,2020-05-26T16:00:00.000Z,2025-11-03T13:00:00.000Z,Vantaa,Manner-Suomi,FI,Koisotie,01300
E0:4F:43:20:F8:42,SmartGate_153465,52.51268768,9.0774498,E0:4F:43,6,wpa2,2026-05-15T10:00:00.000Z,2026-05-15T13:00:00.000Z,,Niedersachsen,DE,Allee,31592
E0:4F:43:20:F8:48,SmartGate_707133,50.29210281,11.81102371,E0:4F:43,6,wpa2,2018-04-15T11:00:00.000Z,2025-04-25T14:00:00.000Z,,Bayern,DE,A 9,95191
E0:4F:43:20:F8:4C,SmartGate_148337,48.10473633,11.56869221,E0:4F:43,6,wpa2,2017-06-02T13:00:00.000Z,2026-03-31T08:00:00.000Z,München,Bayern,DE,Kurzstraße,81547
E0:4F:43:20:F8:54,SmartGate_706559,50.57283401,10.41742229,E0:4F:43,6,wpa2,2024-08-05T07:00:00.000Z,2025-06-21T09:00:00.000Z,,Thüringen,DE,Marienstraße,98617
E0:4F:43:20:F8:55,SmartGate_706680,52.43212509,13.13095474,E0:4F:43,6,wpa2,2017-12-18T19:00:00.000Z,2026-07-18T09:00:00.000Z,Berlin,Steglitz-Zehlendorf,DE,Chaussee,14109
E0:4F:43:20:F8:58,SMARTGATE_123456,54.48761749,8.85969734,E0:4F:43,6,wpa2,2017-06-09T14:00:00.000Z,2025-04-19T03:00:00.000Z,,Schleswig-Holstein,DE,Osterdeich,25845
E0:4F:43:20:F8:59,SmartGate_539371,65.01991272,25.46783257,E0:4F:43,6,wpa2,2017-06-14T19:00:00.000Z,2026-02-25T03:00:00.000Z,Oulu,Manner-Suomi,FI,Merikosken sillat,90500
E0:4F:43:20:F8:5B,SmartGate_151284,48.11949921,11.54703808,E0:4F:43,6,wpa2,2020-07-09T21:00:00.000Z,2026-07-06T13:00:00.000Z,München,Bayern,DE,Oberländerstraße,81371
E0:4F:43:20:F8:67,SmartGate_152831,51.366539,12.38474083,E0:4F:43,6,wpa2,2001-05-15T18:00:00.000Z,2026-05-10T23:00:00.000Z,Leipzig,Sachsen,DE,Bünaustraße,04129
E0:4F:43:20:F8:68,SmartGate_152642,53.54735184,9.99028301,E0:4F:43,6,wpa2,2021-08-19T19:00:00.000Z,2025-02-08T07:00:00.000Z,Hamburg,Hamburg-Mitte,DE,Wölberstieg,20457
E0:4F:43:20:F8:72,SmartGate_151434,50.77304077,8.75697136,E0:4F:43,6,wpa2,2017-11-16T14:00:00.000Z,2025-12-13T06:00:00.000Z,,Hessen,DE,B 3,35043
E0:4F:43:20:F8:77,SmartGate_156117,52.4560318,13.55852985,E0:4F:43,6,wpa2,2018-03-30T09:00:00.000Z,2026-05-27T10:00:00.000Z,Berlin,Treptow-Köpenick,DE,An der Wuhlheide,12459
E0:4F:43:20:F8:97,SMARTGATE_123456,48.39910126,9.27823353,E0:4F:43,6,wpa2,2026-03-20T05:00:00.000Z,2026-03-19T22:00:00.000Z,,Baden-Württemberg,DE,B 312;B 313,72829
E0:4F:43:20:F8:9F,SMARTGATE_123456,49.98316574,8.94299889,E0:4F:43,6,wpa2,2023-04-15T12:00:00.000Z,2025-08-29T11:00:00.000Z,,Hessen,DE,Brunnen Schneise,64832
E0:4F:43:20:F8:A0,SmartGate_706731,51.90176773,7.46470118,E0:4F:43,7,wpa2,2024-11-29T17:00:00.000Z,2024-11-29T16:00:00.000Z,,Nordrhein-Westfalen,DE,A 43,48308
E0:4F:43:20:F8:A4,SmartGate_155736,50.07888794,14.38491535,E0:4F:43,6,wpa2,2017-12-29T22:00:00.000Z,2025-11-28T13:00:00.000Z,Hlavní město Praha,Praha,CZ,Atletická,16900
E0:4F:43:20:F8:AD,SmartGate_168383,51.6535759,7.0824132,E0:4F:43,6,wpa2,2024-05-10T11:00:00.000Z,2025-06-11T08:00:00.000Z,,Nordrhein-Westfalen,DE,Hervester Straße,45768
E0:4F:43:20:F8:C4,SmartGate_154487,47.41078568,8.43362999,E0:4F:43,6,wpa2,2018-02-26T07:00:00.000Z,2025-02-19T10:00:00.000Z,,Zürich,CH,A1H,8109
E0:4F:43:20:F8:D3,SmartGate_033479,52.76999283,13.57674694,E0:4F:43,6,wpa2,2018-03-27T13:00:00.000Z,2026-06-12T11:00:00.000Z,,Brandenburg,DE,Biesenthaler Straße,16348
E0:4F:43:20:F8:E4,SmartGate_161332,50.8155632,15.67470455,E0:4F:43,6,wpa2,2026-05-01T09:00:00.000Z,2026-05-01T09:00:00.000Z,,województwo dolnośląskie,PL,Żołnierska,58-562
E0:4F:43:20:F8:F0,SmartGate_540452,51.27799225,9.61102962,E0:4F:43,6,wpa2,2025-07-23T14:00:00.000Z,2026-04-03T04:00:00.000Z,,Hessen,DE,B 7,34260
E0:4F:43:20:F8:F2,SmartGate_149179,47.58445358,12.17168427,E0:4F:43,6,wpa2,2025-01-11T12:00:00.000Z,2025-01-11T08:00:00.000Z,,Tirol,AT,Franz Josef-Platz,6330
E0:4F:43:20:F9:02,SmartGate_544700,48.20413589,16.36338425,E0:4F:43,6,wpa2,2018-04-16T07:00:00.000Z,2024-12-20T13:00:00.000Z,Wien,Kärntner Viertel,AT,Burgring,1010
E0:4F:43:20:F9:07,SMARTGATE_123456,61.03663254,28.13761711,E0:4F:43,6,wpa2,2018-01-08T11:00:00.000Z,2025-12-16T23:00:00.000Z,Lappeenranta,Manner-Suomi,FI,Kuutostie,53600
E0:4F:43:20:F9:0E,SmartGate_155314,53.5578804,10.05529499,E0:4F:43,6,wpa2,2018-05-14T18:00:00.000Z,2025-10-30T05:00:00.000Z,Hamburg,Hamburg-Mitte,DE,Bei der Vogelstange,20535
E0:4F:43:20:F9:13,SmartGate_706988,48.06787872,9.2619133,E0:4F:43,6,wpa2,2017-06-02T10:00:00.000Z,2025-04-08T04:00:00.000Z,,Baden-Württemberg,DE,Hauptstraße,72517
E0:4F:43:20:F9:1C,SmartGate_542703,49.8741684,8.63127232,E0:4F:43,6,wpa2,2019-10-15T20:00:00.000Z,2024-10-10T10:00:00.000Z,Darmstadt,Hessen,DE,Poststraße,64293
E0:4F:43:20:F9:27,SmartGate_538182,49.21397781,16.6355896,E0:4F:43,6,wpa2,2017-03-18T09:00:00.000Z,2026-05-04T09:00:00.000Z,Brno,Jihovýchod,CZ,Provazníkova,61400
E0:4F:43:20:F9:34,SMARTGATE_123456,50.01740265,9.08140373,E0:4F:43,6,wpa2,2018-05-18T17:00:00.000Z,2025-10-26T22:00:00.000Z,,Bayern,DE,Scheblerstraße,63801
E0:4F:43:20:F9:3B,SmartGate_158310,53.39031982,10.02863884,E0:4F:43,6,wpa2,2024-10-18T10:00:00.000Z,2024-10-21T19:00:00.000Z,,Niedersachsen,DE,A 39,21220
E0:4F:43:20:F9:45,SmartGate_147285,50.07842636,14.34454346,E0:4F:43,6,wpa2,2026-01-27T11:00:00.000Z,2026-01-27T04:00:00.000Z,Hlavní město Praha,Praha,CZ,,162 06
E0:4F:43:20:F9:4D,SmartGate_149053,47.68794632,9.52404213,E0:4F:43,6,wpa2,2018-10-05T07:00:00.000Z,2026-08-08T09:00:00.000Z,,Baden-Württemberg,DE,Hirschlatter Straße,88074
E0:4F:43:20:F9:50,SmartGate_708258,52.40659332,9.82217503,E0:4F:43,6,wpa2,2025-08-13T15:00:00.000Z,2025-08-13T09:00:00.000Z,Hannover,Niedersachsen,DE,Buchholzer Straße,30655
E0:4F:43:20:F9:54,SmartGate_051513,48.52257538,9.06381035,E0:4F:43,6,wpa2,2021-02-18T08:00:00.000Z,2025-12-12T03:00:00.000Z,,Baden-Württemberg,DE,Hauffstraße,72074
E0:4F:43:20:F9:59,SMARTGATE_123456,51.76958466,7.64040422,E0:4F:43,6,wpa2,2018-11-04T12:00:00.000Z,2026-06-19T08:00:00.000Z,,Nordrhein-Westfalen,DE,A 1,59387
E0:4F:43:20:F9:5C,SmartGate_146940,50.59502029,11.78497696,E0:4F:43,6,wpa2,2018-10-02T21:00:00.000Z,2025-01-12T10:00:00.000Z,,Thüringen,DE,A 9,07907
E0:4F:43:20:F9:6C,SMARTGATE_123456,51.54537582,7.66332006,E0:4F:43,6,wpa2,2017-05-07T14:00:00.000Z,2026-02-01T02:00:00.000Z,,Nordrhein-Westfalen,DE,A 1,59425
E0:4F:43:20:F9:75,SMARTGATE_123456,53.89753342,11.46272945,E0:4F:43,6,wpa2,2026-07-06T08:00:00.000Z,2026-07-12T08:00:00.000Z,,Mecklenburg-Vorpommern,DE,Stockholmer Straße,23966
E0:4F:43:20:F9:78,SmartGate_157590,51.30075455,-2.00911403,E0:4F:43,6,wpa2,2025-04-10T10:00:00.000Z,2026-04-14T09:00:00.000Z,,England,GB,A360,SN10 5PY
E0:4F:43:20:F9:84,SMARTGATE_123456,50.41815567,19.20829201,E0:4F:43,6,wpa2,2018-02-05T12:00:00.000Z,2026-06-06T06:00:00.000Z,,województwo śląskie,PL,Drogowców,42-510
E0:4F:43:20:F9:8A,SmartGate_153004,51.40896988,6.76644135,E0:4F:43,6,wpa2,2018-02-23T11:00:00.000Z,2026-01-27T09:00:00.000Z,Duisburg,Nordrhein-Westfalen,DE,Düsseldorfer Straße,47055
E0:4F:43:20:F9:8D,SmartGate_050437,49.26727295,14.46495056,E0:4F:43,6,wpa2,2017-11-20T17:00:00.000Z,2025-07-18T04:00:00.000Z,,Jihozápad,CZ,,39165
E0:4F:43:20:F9:93,SmartGate_156844,53.5605011,9.8986187,E0:4F:43,6,wpa2,2018-09-17T18:00:00.000Z,2025-12-14T10:00:00.000Z,Hamburg,Bahrenfeld,DE,A 7,22607
E0:4F:43:20:F9:A2,SmartGate_706148,52.45824051,13.40294647,E0:4F:43,6,wpa2,2018-10-01T06:00:00.000Z,2025-05-19T08:00:00.000Z,Berlin,Tempelhof-Schöneberg,DE,Teilestraße,12099
E0:4F:43:20:F9:A9,SmartGate_155515,60.35317612,24.8929348,E0:4F:43,7,wpa2,2019-03-26T16:00:00.000Z,2025-06-26T08:00:00.000Z,Vantaa,Manner-Suomi,FI,Kuusistontie,01760
E0:4F:43:20:F9:B0,SmartGate_155695,51.04750824,6.99023056,E0:4F:43,6,wpa2,2019-07-16T15:00:00.000Z,2026-07-28T07:00:00.000Z,,Nordrhein-Westfalen,DE,Alte Landstraße,51373
E0:4F:43:20:F9:B1,SMARTGATE_123456,46.99662781,28.83399773,E0:4F:43,6,wpa2,2017-09-14T16:00:00.000Z,2026-08-07T11:00:00.000Z,Chișinău,Sectorul Centru,MD,Strada Nicolae Testemițanu,MD-2025
E0:4F:43:20:F9:B2,SmartGate_537102,49.86471176,9.15454292,E0:4F:43,6,wpa2,2024-12-06T12:00:00.000Z,2025-09-30T02:00:00.000Z,,Bayern,DE,B 469,63868
E0:4F:43:20:F9:B3,SmartGate_538378,62.24028778,25.78944016,E0:4F:43,6,wpa2,2022-09-20T17:00:00.000Z,2025-12-04T11:00:00.000Z,Jyväskylä,Manner-Suomi,FI,Vaajakosken moottoritie,40400
E0:4F:43:20:F9:B9,SmartGate_153081,60.20507431,24.81394958,E0:4F:43,6,wpa2,2019-08-25T11:00:00.000Z,2026-01-30T07:00:00.000Z,Espoo,Manner-Suomi,FI,Lumivaarantie,02140
E0:4F:43:20:F9:BB,SmartGate_538405,51.56227875,13.92372227,E0:4F:43,6,wpa2,2025-10-21T15:00:00.000Z,2025-10-21T13:00:00.000Z,,Brandenburg,DE,A 13,01998
E0:4F:43:20:F9:C1,SmartGate_540758,51.18999481,6.79229975,E0:4F:43,6,wpa2,2018-09-20T17:00:00.000Z,2025-06-03T07:00:00.000Z,Düsseldorf,Nordrhein-Westfalen,DE,Universitätsstraße,40225
E0:4F:43:20:F9:D0,SmartGate_539813,51.55480957,12.00660896,E0:4F:43,6,wpa2,2017-08-11T16:00:00.000Z,2026-03-29T10:00:00.000Z,,Sachsen-Anhalt,DE,A 14,06188
E0:4F:43:20:F9:D1,SmartGate_165696,49.01478195,12.06475544,E0:4F:43,6,wpa2,2025-04-02T15:00:00.000Z,2025-04-24T03:00:00.000Z,,Bayern,DE,A 93,93049
E0:4F:43:20:F9:D9,SmartGate_154661,52.56483841,13.44494438,E0:4F:43,6,wpa2,2018-05-07T10:00:00.000Z,2025-09-16T06:00:00.000Z,Berlin,Blumenwinkel,DE,Romain-Rolland-Straße,13089
E0:4F:43:20:F9:E0,SmartGate_157492,60.18367004,24.86791992,E0:4F:43,6,wpa2,2018-11-02T12:00:00.000Z,2025-02-25T10:00:00.000Z,Helsinki,Manner-Suomi,FI,Krogiuksentie,00340
E0:4F:43:20:F9:E1,SmartGate_155593,51.34555435,12.40590477,E0:4F:43,6,wpa2,2025-03-10T15:00:00.000Z,2025-04-01T08:00:00.000Z,Leipzig,Sachsen,DE,Eisenbahnstraße,04315
E0:4F:43:20:F9:EE,SMARTGATE_123456,54.54545593,9.02991009,E0:4F:43,6,wpa2,2024-03-28T14:00:00.000Z,2025-01-03T03:00:00.000Z,Hattstedtermarsch,Schleswig-Holstein,DE,Wischweg,25856
E0:4F:43:20:F9:F0,SmartGate_542021,49.95424271,16.94846725,E0:4F:43,6,wpa2,2019-11-28T09:00:00.000Z,2026-01-22T07:00:00.000Z,,Střední Morava,CZ,,787 01
E0:4F:43:20:F9:F1,SmartGate_165462,52.33715057,13.00837708,E0:4F:43,6,wpa2,2020-05-31T12:00:00.000Z,2025-05-07T05:00:00.000Z,,Brandenburg,DE,Schmerberggestell,14548
E0:4F:43:20:F9:F3,SmartGate_148430,50.05375671,12.50360298,E0:4F:43,6,wpa2,2021-08-03T12:00:00.000Z,2025-12-28T15:00:00.000Z,,Severozápad,CZ,21,35493
E0:4F:43:20:F9:F9,SmartGate_168355,49.74300766,6.55331659,E0:4F:43,6,wpa2,2018-04-10T17:00:00.000Z,2025-08-15T23:00:00.000Z,,Rheinland-Pfalz,DE,A 64,54311
E0:4F:43:20:F9:FB,SMARTGATE_123456,49.0019455,8.45082664,E0:4F:43,6,wpa2,2017-12-08T11:00:00.000Z,2025-05-04T09:00:00.000Z,Karlsruhe,Baden-Württemberg,DE,Asternweg,76227
E0:4F:43:20:FA:01,SmartGate_538988,51.31249619,12.36327267,E0:4F:43,6,wpa2,2024-08-09T13:00:00.000Z,2024-08-26T11:00:00.000Z,Leipzig,Sachsen,DE,Wundtstraße,04277
E0:4F:43:20:FA:02,SmartGate_706167,49.00479126,8.43704987,E0:4F:43,6,wpa2,2026-03-10T16:00:00.000Z,2026-03-13T16:00:00.000Z,Karlsruhe,Baden-Württemberg,DE,Ostring,76137
E0:4F:43:20:FA:07,SmartGate_537120,50.2338562,12.83585262,E0:4F:43,6,wpa2,2023-02-22T11:00:00.000Z,2024-08-20T07:00:00.000Z,Karlovy Vary,Severozápad,CZ,Na Kopečku,36005
E0:4F:43:20:FA:25,SmartGate_154829,61.47058868,23.79117393,E0:4F:43,6,wpa2,2018-11-21T15:00:00.000Z,2025-11-22T07:00:00.000Z,Tampere,Manner-Suomi,FI,Koivistonkeskus,33800
E0:4F:43:20:FA:50,SMARTGATE_123456,50.23855209,8.74705315,E0:4F:43,6,wpa2,2024-08-17T10:00:00.000Z,2024-08-17T06:00:00.000Z,,Hessen,DE,Friedberger Straße,61184
E0:4F:43:20:FA:53,SmartGate_156625,50.82670975,8.0575676,E0:4F:43,6,wpa2,2017-06-05T08:00:00.000Z,2025-04-24T04:00:00.000Z,,Nordrhein-Westfalen,DE,A 45,57234
E0:4F:43:20:FA:70,SmartGate_539443,49.17309952,16.59368134,E0:4F:43,6,wpa2,2018-01-27T10:00:00.000Z,2025-09-02T09:00:00.000Z,Brno,Jihovýchod,CZ,VMO Tunel Červený kopec,64700
E0:4F:43:20:FA:77,SmartGate_157079,50.91014862,13.33334351,E0:4F:43,6,wpa2,2025-01-19T13:00:00.000Z,2026-07-06T08:00:00.000Z,,Sachsen,DE,Ziegelgasse,09599
E0:4F:43:20:FA:84,SmartGate_169477,52.5328598,13.47533417,E0:4F:43,6,wpa2,2021-12-06T10:00:00.000Z,2025-03-08T09:00:00.000Z,Berlin,Fennpfuhl,DE,Landsberger Allee,10369
E0:4F:43:20:FA:A4,SmartGate_158867,50.0836525,14.41644573,E0:4F:43,6,wpa2,2025-10-23T09:00:00.000Z,2025-12-04T06:00:00.000Z,Hlavní město Praha,Praha,CZ,Konviktská,11000
E0:4F:43:20:FA:BB,SmartGate_032421,48.96675491,9.2247057,E0:4F:43,6,wpa2,2024-10-20T12:00:00.000Z,2024-10-20T06:00:00.000Z,Pleidelsheim,Baden-Württemberg,DE,A 81,74385
E0:4F:43:20:FA:DF,SmartGate_708118,54.00716782,12.02460098,E0:4F:43,6,wpa2,2021-10-23T09:00:00.000Z,2026-07-24T11:00:00.000Z,,Mecklenburg-Vorpommern,DE,A 20,18059
E0:4F:43:20:FA:E5,SmartGate_168228,55.91728592,-3.54522228,E0:4F:43,6,wpa2,2017-06-10T18:00:00.000Z,2025-07-05T22:00:00.000Z,,Alba / Scotland,GB,M8,EH54 8BA
E0:4F:43:20:FB:1A,SmartGate_157838,50.81845856,12.88769054,E0:4F:43,6,wpa2,2025-12-04T14:00:00.000Z,2025-12-05T00:00:00.000Z,Chemnitz,Sachsen,DE,Neefestraße,09116
E0:4F:43:20:FB:29,SmartGate_707462,52.16142654,9.96095753,E0:4F:43,6,wpa2,2023-03-25T13:00:00.000Z,2026-04-29T07:00:00.000Z,Hildesheim,Niedersachsen,DE,Kennedydamm,31137
E0:4F:43:20:FB:2A,SmartGate_168212,50.11724854,14.49728394,E0:4F:43,6,wpa2,2017-06-22T13:00:00.000Z,2026-07-28T11:00:00.000Z,Hlavní město Praha,Praha,CZ,Prosecká,19000
E0:4F:43:20:FB:2F,SmartGate_031837,49.41790009,15.58699512,E0:4F:43,6,wpa2,2017-08-24T13:00:00.000Z,2025-12-08T05:00:00.000Z,Jihlava,Jihovýchod,CZ,,58601
E0:4F:43:20:FB:35,SmartGate_160801,50.0998497,14.42242527,E0:4F:43,6,wpa2,2025-02-28T10:00:00.000Z,2025-02-28T12:00:00.000Z,Hlavní město Praha,Praha,CZ,Milady Horákové,17021
E0:4F:43:20:FB:3F,SmartGate_707083,48.49608231,9.3876009,E0:4F:43,6,wpa2,2020-01-28T12:00:00.000Z,2026-03-08T14:00:00.000Z,,Baden-Württemberg,DE,Stuttgarter Straße,72574
E0:4F:43:20:FB:45,SmartGate_154440,51.54732132,7.76263857,E0:4F:43,6,wpa2,2019-01-18T15:00:00.000Z,2026-08-07T13:00:00.000Z,,Nordrhein-Westfalen,DE,Lünerner Dorfstraße,59427
E0:4F:43:20:FB:4B,SmartGate_154340,52.04469299,12.80689049,E0:4F:43,6,wpa2,2019-09-18T15:00:00.000Z,2026-03-28T00:00:00.000Z,,Brandenburg,DE,Hauptstraße,14929
E0:4F:43:20:FB:59,SmartGate_708209,51.1654129,6.85443211,E0:4F:43,6,wpa2,2019-04-17T12:00:00.000Z,2026-05-01T08:00:00.000Z,,Nordrhein-Westfalen,DE,Bonner Straße,40589
E0:4F:43:20:FB:82,SmartGate_547809,44.84809113,13.84365749,E0:4F:43,6,wpa2,2026-06-21T08:00:00.000Z,2026-06-21T02:00:00.000Z,,Istarska županija,HR,Cesta prekomorskih brigada,52105
E0:4F:43:20:FB:90,SmartGate_545961,59.41897964,24.70769501,E0:4F:43,6,wpa2,2023-06-11T15:00:00.000Z,2025-11-03T06:00:00.000Z,Tallinn,Harju maakond,EE,Vuti,10620
E0:4F:43:20:FB:98,SmartGate_707578,50.68474197,12.62234211,E0:4F:43,6,wpa2,2017-07-31T17:00:00.000Z,2025-04-25T14:00:00.000Z,,Sachsen,DE,A 72,08118
E0:4F:43:20:FB:9B,SmartGate_706800,52.29480743,8.9025631,E0:4F:43,6,wpa2,2020-11-12T12:00:00.000Z,2026-04-17T11:00:00.000Z,,Nordrhein-Westfalen,DE,Ringstraße,32427
E0:4F:43:20:FB:A6,SMARTGATE_123456,50.97290039,6.82757378,E0:4F:43,6,wpa2,2017-09-11T08:00:00.000Z,2026-06-22T09:00:00.000Z,,Nordrhein-Westfalen,DE,Zum Dammfelde,
E0:4F:43:20:FB:AA,SmartGate_157032,51.47576523,6.84186077,E0:4F:43,6,wpa2,2018-09-26T17:00:00.000Z,2026-03-16T12:00:00.000Z,Oberhausen,Nordrhein-Westfalen,DE,Bebelstraße,46049
E0:4F:43:20:FB:B7,SmartGate_546944,60.57927704,25.02766609,E0:4F:43,6,wpa2,2017-07-09T10:00:00.000Z,2024-08-25T04:00:00.000Z,,Manner-Suomi,FI,,05510
E0:4F:43:20:FB:BB,SmartGate_707243,51.76135254,12.23518658,E0:4F:43,6,wpa2,2019-05-24T12:00:00.000Z,2026-05-10T03:00:00.000Z,,Sachsen-Anhalt,DE,A 9,06779
E0:4F:43:20:FB:BD,SmartGate_156738,51.44688034,11.96082211,E0:4F:43,6,wpa2,2017-06-25T12:00:00.000Z,2026-06-01T08:00:00.000Z,,Sachsen-Anhalt,DE,Paul-Suhr-Straße,06130
E0:4F:43:20:FB:C6,SmartGate_153047,48.15843201,11.60337067,E0:4F:43,6,wpa2,2025-11-25T05:00:00.000Z,2025-12-28T15:00:00.000Z,München,Bayern,DE,Isarring,80805
E0:4F:43:20:FB:C9,SmartGate_546745,49.77582932,14.57242584,E0:4F:43,6,wpa2,2022-07-30T15:00:00.000Z,2026-05-29T08:00:00.000Z,,Střední Čechy,CZ,,
E0:4F:43:20:FB:CF,SmartGate_539700,51.89492416,8.45493412,E0:4F:43,6,wpa2,2017-06-16T15:00:00.000Z,2025-11-09T14:00:00.000Z,,Nordrhein-Westfalen,DE,A 2,33415
E0:4F:43:20:FB:D1,SmartGate_157073,60.22285461,24.86072731,E0:4F:43,6,wpa2,2018-05-29T16:00:00.000Z,2026-07-01T05:00:00.000Z,Helsinki,Manner-Suomi,FI,Hiilloskuja,00370
E0:4F:43:20:FB:D3,SMARTGATE_123456,49.21498108,17.62173462,E0:4F:43,6,wpa2,2023-04-19T09:00:00.000Z,2026-04-01T07:00:00.000Z,Zlín,Střední Morava,CZ,třída Tomáše Bati,76302
E0:4F:43:20:FB:D5,SmartGate_170166,50.42930222,7.92371511,E0:4F:43,6,wpa2,2025-07-17T09:00:00.000Z,2025-07-17T03:00:00.000Z,Nentershausen,Rheinland-Pfalz,DE,A 3,56412
E0:4F:43:20:FB:D7,SmartGate_157064,49.20949936,12.11971092,E0:4F:43,6,wpa2,2018-02-09T08:00:00.000Z,2026-01-25T09:00:00.000Z,Maxhütte-Haidhof,Bayern,DE,A 93,93142
E0:4F:43:20:FB:DA,SmartGate_156977,60.2067337,24.8325367,E0:4F:43,6,wpa2,2017-05-19T18:00:00.000Z,2025-10-26T16:00:00.000Z,Espoo,Manner-Suomi,FI,Gallen-Kallelan tie,02600
E0:4F:43:20:FB:DB,SmartGate_157846,50.15826035,8.68557072,E0:4F:43,6,wpa2,2019-05-27T14:00:00.000Z,2025-12-22T13:00:00.000Z,Frankfurt am Main,Hessen,DE,A 661,60435
E0:4F:43:20:FB:DC,SmartGate_157261,60.19385529,24.81921196,E0:4F:43,6,wpa2,2017-08-02T16:00:00.000Z,2024-11-26T06:00:00.000Z,Espoo,Manner-Suomi,FI,Kylterintaival,02150
E0:4F:43:20:FB:E0,SmartGate_544668,44.48383331,26.08789444,E0:4F:43,6,wpa2,2017-08-09T08:00:00.000Z,2025-10-22T05:00:00.000Z,Municipiul București,Herăstrău,RO,Strada Aron Cotruș,014131
E0:4F:43:20:FB:E1,SMARTGATE_123456,51.65835953,6.94411898,E0:4F:43,6,wpa2,2023-12-12T12:00:00.000Z,2025-08-28T10:00:00.000Z,,Nordrhein-Westfalen,DE,Gahlener Straße,46282
E0:4F:43:20:FB:E4,SmartGate_173216,49.16056061,16.5935154,E0:4F:43,6,wpa2,2017-08-02T16:00:00.000Z,2025-10-28T04:00:00.000Z,Brno,Jihovýchod,CZ,D1,664 48
E0:4F:43:20:FB:E9,SmartGate_544882,45.73083496,21.26454163,E0:4F:43,6,wpa2,2019-03-11T11:00:00.000Z,2025-09-24T10:00:00.000Z,Timișoara,Timiș,RO,Calea Buziașului,300699
E0:4F:43:20:FB:EC,SmartGate_707355,51.42721939,11.95009804,E0:4F:43,6,wpa2,2017-08-18T11:00:00.000Z,2026-06-01T07:00:00.000Z,,Sachsen-Anhalt,DE,,
E0:4F:43:20:FB:EF,SMARTGATE_123456,51.53892517,9.87912178,E0:4F:43,6,wpa2,2025-01-05T13:00:00.000Z,2025-01-23T12:00:00.000Z,Göttingen,Niedersachsen,DE,A 7,37079
E0:4F:43:20:FB:F0,SmartGate_160287,48.83758545,9.14492321,E0:4F:43,6,wpa2,2020-12-28T13:00:00.000Z,2024-09-19T03:00:00.000Z,Stuttgart,Baden-Württemberg,DE,Halligenstraße,70439
E0:4F:43:20:FB:F5,SmartGate_547092,50.00109863,14.54482651,E0:4F:43,6,wpa2,2018-12-18T18:00:00.000Z,2024-11-02T08:00:00.000Z,,Střední Čechy,CZ,U Rybníčků,25243
E0:4F:43:20:FB:F9,SmartGate_157037,48.5221138,9.42439365,E0:4F:43,6,wpa2,2019-01-16T07:00:00.000Z,2025-11-27T05:00:00.000Z,,Baden-Württemberg,DE,Kaltentalsträßchen,72574
E0:4F:43:20:FC:01,SmartGate_154562,50.95849609,9.18539715,E0:4F:43,6,wpa2,2020-09-23T17:00:00.000Z,2026-06-08T06:00:00.000Z,,Hessen,DE,Schlierbachtalbrücke,34599
E0:4F:43:20:FC:06,SmartGate_540001,60.22811508,25.03918839,E0:4F:43,6,wpa2,2021-06-07T06:00:00.000Z,2025-09-03T05:00:00.000Z,Helsinki,Manner-Suomi,FI,Ilmolanraitti,00810
E0:4F:43:20:FC:07,SmartGate_159081,48.14949417,11.61624622,E0:4F:43,6,wpa2,2026-02-04T17:00:00.000Z,2026-02-04T11:00:00.000Z,München,Bayern,DE,Richard-Strauss-Tunnel,81679
E0:4F:43:20:FC:0C,SmartGate_154505,50.21194839,11.28948593,E0:4F:43,6,wpa2,2025-07-05T19:00:00.000Z,2025-07-05T13:00:00.000Z,,Bayern,DE,St 2200,96328
E0:4F:43:20:FD:8B,Audi HUD,52.27589417,4.69958878,E0:4F:43,1,wpa2,2024-01-22T16:00:00.000Z,2026-07-29T07:00:00.000Z,Hoofddorp,Noord-Holland,NL,Nelson Mandeladreef,2133LD
E0:4F:43:20:FE:57,SmartGate_708224,52.65283585,9.16082096,E0:4F:43,5,wpa2,2025-05-10T11:00:00.000Z,2025-05-10T09:00:00.000Z,,Niedersachsen,DE,B 6;B 214,31608
E0:4F:43:20:FE:82,SmartGate_161598,50.90554428,14.01083183,E0:4F:43,6,wpa2,2018-04-08T19:00:00.000Z,2026-03-15T00:00:00.000Z,,Sachsen,DE,Koblichstraße,01796
E0:4F:43:20:FE:F2,SmartGate_705254,57.71945572,10.58753872,E0:4F:43,6,wpa2,2018-05-22T11:00:00.000Z,2025-06-07T06:00:00.000Z,,Region Nordjylland,DK,Vestre Strandvej,9990
E0:4F:43:20:FE:F3,SmartGate_138060,48.21105576,16.44270134,E0:4F:43,6,wpa2,2025-05-09T17:00:00.000Z,2026-06-20T11:00:00.000Z,Wien,KG Stadlau,AT,Südosttangente,1220
E0:4F:43:20:FF:01,SmartGate_537225,69.06497955,18.51153946,E0:4F:43,6,wpa2,2025-04-22T13:00:00.000Z,2025-05-06T05:00:00.000Z,,Troms og Finnmark,NO,Øvreveien,9325
E0:4F:43:20:FF:17,SMARTGATE_123456,51.00808334,10.28196716,E0:4F:43,6,wpa2,2025-12-20T10:00:00.000Z,2025-12-20T06:00:00.000Z,,Thüringen,DE,A 4,99817
E0:4F:43:20:FF:1D,SmartGate_537350,58.3636322,24.55975342,E0:4F:43,6,wpa2,2019-12-06T16:00:00.000Z,2025-11-19T22:00:00.000Z,,Pärnu maakond,EE,Riia mnt,80042
E0:4F:43:20:FF:82,SmartGate_705257,48.82338333,7.98325777,E0:4F:43,6,wpa2,2018-12-20T11:00:00.000Z,2026-07-26T14:00:00.000Z,Rountzenheim-Auenheim,Grand Est,FR,D 1063,67480
E0:4F:43:20:FF:83,SMARTGATE_123456,49.76023865,8.59683323,E0:4F:43,6,wpa2,2017-08-12T12:00:00.000Z,2026-02-05T04:00:00.000Z,,Hessen,DE,A 5,64404
E0:4F:43:20:FF:90,SmartGate_539906,50.14957428,14.90554142,E0:4F:43,6,wpa2,2017-04-03T18:00:00.000Z,2026-02-04T14:00:00.000Z,,Střední Čechy,CZ,Alej č.7,28917
E0:4F:43:20:FF:B5,SmartGate_540107,49.90885925,16.20053101,E0:4F:43,6,wpa2,2025-07-26T08:00:00.000Z,2026-05-18T05:00:00.000Z,,Severovýchod,CZ,35,56555
E0:4F:43:20:FF:BE,SmartGate_532317,50.88785934,12.21422005,E0:4F:43,6,wpa2,2017-09-18T16:00:00.000Z,2026-02-01T10:00:00.000Z,,Thüringen,DE,Weg zur Spitze Halde Beerwalde,04626
E0:4F:43:20:FF:C5,SmartGate_143057,47.93190765,9.7590313,E0:4F:43,6,wpa2,2025-01-14T08:00:00.000Z,2025-01-14T04:00:00.000Z,,Baden-Württemberg,DE,Biberacher Straße,88339
E0:4F:43:20:FF:CD,SMARTGATE_123456,51.32865143,12.3752594,E0:4F:43,6,wpa2,2017-12-22T16:00:00.000Z,2025-09-18T06:00:00.000Z,Leipzig,Sachsen,DE,Hohe Straße,04107
E0:4F:43:20:FF:CE,SmartGate_532793,64.86999512,20.44122314,E0:4F:43,6,wpa2,2019-11-24T19:00:00.000Z,2026-07-19T07:00:00.000Z,,Västerbottens län,SE,95,93632
E0:4F:43:20:FF:D5,SmartGate_532652,62.89200211,27.64160538,E0:4F:43,6,wpa2,2021-06-24T18:00:00.000Z,2026-07-02T08:00:00.000Z,Kuopio,Manner-Suomi,FI,5;9,70211
E0:4F:43:20:FF:D6,SmartGate_532690,49.55457687,8.27400398,E0:4F:43,6,wpa2,2019-06-22T19:00:00.000Z,2025-09-07T05:00:00.000Z,,Rheinland-Pfalz,DE,A 6,67258
E0:4F:43:20:FF:F5,SMARTGATE_123456,50.61221313,8.73633194,E0:4F:43,6,wpa2,2018-05-19T09:00:00.000Z,2024-12-13T07:00:00.000Z,,Hessen,DE,K 31,35418
E0:4F:43:21:00:14,SMARTGATE_123456,60.24992371,24.93867302,E0:4F:43,6,wpa2,2017-06-19T16:00:00.000Z,2025-10-26T11:00:00.000Z,Helsinki,Manner-Suomi,FI,Paloheinäntie,00675
E0:4F:43:21:00:35,SmartGate_537642,60.31675339,24.96721268,E0:4F:43,6,wpa2,2024-07-24T10:00:00.000Z,2025-12-21T01:00:00.000Z,Vantaa,Manner-Suomi,FI,Lentoasemantie,01530
E0:4F:43:21:00:5C,SmartGate_138090,54.15158463,11.73366356,E0:4F:43,6,wpa2,2017-08-06T12:00:00.000Z,2026-07-12T08:00:00.000Z,,Mecklenburg-Vorpommern,DE,Hermannstraße,18225
E0:4F:43:21:00:5D,SmartGate_146182,60.16353226,24.92197037,E0:4F:43,6,wpa2,2018-07-13T10:00:00.000Z,2024-12-20T13:00:00.000Z,Helsinki,Manner-Suomi,FI,Länsilinkki,00180
E0:4F:43:21:00:6B,SmartGate_537502,51.22411728,22.53625488,E0:4F:43,6,wpa2,2023-12-21T17:00:00.000Z,2026-07-17T00:00:00.000Z,Lublin,województwo lubelskie,PL,Jana Pawła II,20-506
E0:4F:43:21:00:80,SMARTGATE_123456,52.50885391,13.44265842,E0:4F:43,6,wpa2,2017-12-30T18:00:00.000Z,2024-08-17T06:00:00.000Z,Berlin,Friedrichshain-Kreuzberg,DE,An der Ostbahn,10243
E0:4F:43:21:00:82,SmartGate_537554,61.47621155,23.50936127,E0:4F:43,6,wpa2,2026-07-02T14:00:00.000Z,2026-07-02T12:00:00.000Z,,Manner-Suomi,FI,Pirkkalaistie,37100
E0:4F:43:21:00:89,SMARTGATE_123456,51.14139557,13.753232,E0:4F:43,6,wpa2,2018-06-26T15:00:00.000Z,2026-08-08T09:00:00.000Z,,Sachsen,DE,A 4,01471
E0:4F:43:21:00:92,SmartGate_543174,49.03315353,14.34556198,E0:4F:43,6,wpa2,2017-04-27T17:00:00.000Z,2025-08-15T09:00:00.000Z,,Jihozápad,CZ,145,373 46
E0:4F:43:21:00:9C,SmartGate_535845,51.35323334,9.46945858,E0:4F:43,6,wpa2,2019-06-02T18:00:00.000Z,2026-03-14T10:00:00.000Z,,Hessen,DE,Brüder-Grimm-Straße,34246
E0:4F:43:21:00:A0,SmartGate_705765,51.59703827,8.56257439,E0:4F:43,6,wpa2,2019-04-01T12:00:00.000Z,2024-10-21T14:00:00.000Z,,Nordrhein-Westfalen,DE,A 44,33142
E0:4F:43:21:00:A2,SmartGate_160087,53.55554199,9.60849476,E0:4F:43,6,wpa2,2017-06-06T20:00:00.000Z,2026-08-09T00:00:00.000Z,Mittelnkirchen,Niedersachsen,DE,Hohenfelde,21720
E0:4F:43:21:00:A6,SmartGate_139290,49.79333496,9.99272823,E0:4F:43,6,wpa2,2022-07-03T17:00:00.000Z,2025-02-10T20:00:00.000Z,Würzburg,Bayern,DE,Gattingerstraße,97076
E0:4F:43:21:00:AD,SmartGate_705639,50.71778488,12.78476715,E0:4F:43,6,wpa2,2022-08-29T10:00:00.000Z,2026-06-19T02:00:00.000Z,Stollberg/Erzgebirge,Sachsen,DE,Schillerstraße,09366
E0:4F:43:21:02:7B,SmartGate_536300,48.94554138,12.59536362,E0:4F:43,6,wpa2,2023-01-10T08:00:00.000Z,2024-10-23T02:00:00.000Z,Kirchroth,Bayern,DE,A 3,94377
E0:4F:43:21:02:7F,SmartGate_143439,50.07571793,14.39422321,E0:4F:43,6,wpa2,2018-09-07T18:00:00.000Z,2026-07-30T12:00:00.000Z,Hlavní město Praha,Praha,CZ,Švédská,15000
E0:4F:43:21:02:87,SmartGate_534609,44.43477249,26.15900612,E0:4F:43,6,wpa2,2026-02-13T11:00:00.000Z,2026-02-13T07:00:00.000Z,Municipiul București,Pantelimon,RO,Bulevardul Basarabia,022105
E0:4F:43:21:02:88,SmartGate_533656,60.22676086,25.05294991,E0:4F:43,6,wpa2,2021-07-07T07:00:00.000Z,2026-03-03T07:00:00.000Z,Helsinki,Manner-Suomi,FI,Hallainvuorentie,00920
E0:4F:43:21:02:8C,SmartGate_537600,32.66478729,-16.80490875,E0:4F:43,6,wpa2,2018-11-21T17:00:00.000Z,2025-01-29T11:00:00.000Z,Gaula,Santa Cruz,PT,VR 1,9100-079
E0:4F:43:21:02:90,SmartGate_537467,63.39659882,10.3961134,E0:4F:43,6,wpa2,2017-08-13T14:00:00.000Z,2024-08-25T12:00:00.000Z,,Trøndelag,NO,,7038
E0:4F:43:21:02:92,SmartGate_705279,53.56771088,10.19488239,E0:4F:43,6,wpa2,2001-01-01T15:00:00.000Z,2025-01-07T04:00:00.000Z,,Schleswig-Holstein,DE,Willinghusener Landstraße,22885
E0:4F:43:21:02:96,SmartGate_143527,55.65852356,12.4769659,E0:4F:43,6,wpa2,2019-05-12T18:00:00.000Z,2026-05-12T12:00:00.000Z,,Region Hovedstaden,DK,Hvidovre Alle,2650
E0:4F:43:21:02:9A,SmartGate_539130,45.75432587,21.22145271,E0:4F:43,6,wpa2,2017-11-02T16:00:00.000Z,2026-06-08T13:00:00.000Z,Timișoara,Timiș,RO,Strada Doctor Liviu Gabor,300006
E0:4F:43:21:02:9E,SmartGate_137171,51.454319,11.9883213,E0:4F:43,6,wpa2,2023-01-02T11:00:00.000Z,2025-04-17T07:00:00.000Z,Halle,Sachsen-Anhalt,DE,Merseburger Straße,06130
E0:4F:43:21:02:A0,SmartGate_159521,60.17483902,24.75256538,E0:4F:43,6,wpa2,2023-02-26T14:00:00.000Z,2026-04-29T09:00:00.000Z,Espoo,Manner-Suomi,FI,Lystimäentie,02200
E0:4F:43:21:02:A1,SmartGate_533625,50.07590103,14.4174242,E0:4F:43,6,wpa2,2017-06-26T22:00:00.000Z,2024-11-03T05:00:00.000Z,Hlavní město Praha,Praha,CZ,Karlovo náměstí,11121
E0:4F:43:21:02:A8,SMARTGATE_123456,57.25459671,12.21686649,E0:4F:43,6,wpa2,2022-05-17T08:00:00.000Z,2026-07-17T07:00:00.000Z,,Hallands län,SE,E 6;E 20,43265
E0:4F:43:21:02:AB,SmartGate_533453,50.0618515,14.40864658,E0:4F:43,6,wpa2,2017-05-03T10:00:00.000Z,2026-05-07T04:00:00.000Z,Hlavní město Praha,Praha,CZ,Nádražní,128 00
E0:4F:43:21:02:B0,SmartGate_533198,50.09519577,14.46198845,E0:4F:43,6,wpa2,2023-03-10T17:00:00.000Z,2026-07-28T03:00:00.000Z,Hlavní město Praha,Praha,CZ,,18600
E0:4F:43:21:02:B7,SmartGate_143240,62.60271454,29.74796677,E0:4F:43,6,wpa2,2024-04-27T11:00:00.000Z,2025-04-13T09:00:00.000Z,Joensuu,Manner-Suomi,FI,Rautiaisentie,80101
E0:4F:43:21:02:C7,SmartGate_535685,47.62294388,7.64859343,E0:4F:43,6,wpa2,2018-01-23T07:00:00.000Z,2025-01-31T05:00:00.000Z,Lörrach,Baden-Württemberg,DE,,79539
E0:4F:43:21:02:C9,SmartGate_160444,49.22764587,17.66072083,E0:4F:43,6,wpa2,2025-01-15T12:00:00.000Z,2025-01-15T05:00:00.000Z,Zlín,Střední Morava,CZ,Gahurova,760 01
E0:4F:43:21:02:CA,SmartGate_533204,49.17839432,16.71519661,E0:4F:43,6,wpa2,2017-09-27T17:00:00.000Z,2024-11-04T09:00:00.000Z,,Jihovýchod,CZ,,66451
E0:4F:43:21:02:D0,SmartGate_534680,52.18858719,20.95685768,E0:4F:43,6,wpa2,2017-11-12T18:00:00.000Z,2025-07-24T17:00:00.000Z,Warszawa,województwo mazowieckie,PL,Aleja Krakowska,02-219
E0:4F:43:21:02:D1,SmartGate_160462,50.05499268,14.28396416,E0:4F:43,6,wpa2,2017-06-02T15:00:00.000Z,2025-12-30T13:00:00.000Z,Hlavní město Praha,Praha,CZ,Na Radosti,15521
E0:4F:43:21:02:D4,SmartGate_534393,44.42884064,26.06183434,E0:4F:43,6,wpa2,2018-07-07T11:00:00.000Z,2025-01-11T00:00:00.000Z,Municipiul București,Sector 5,RO,Strada Progresului,060119
E0:4F:43:21:02:DE,SmartGate_533571,50.03804779,15.77710724,E0:4F:43,6,wpa2,2017-06-05T11:00:00.000Z,2026-04-21T07:00:00.000Z,,Severovýchod,CZ,náměstí Republiky,63002
E0:4F:43:21:02:EB,SmartGate_150113,48.893116,17.35563469,E0:4F:43,6,wpa2,2024-05-24T16:00:00.000Z,2025-06-09T08:00:00.000Z,,Jihovýchod,CZ,4995,696 62
E0:4F:43:21:02:EF,SmartGate_534507,50.23361969,12.86780548,E0:4F:43,6,wpa2,2025-11-28T16:00:00.000Z,2025-11-28T14:00:00.000Z,Karlovy Vary,Severozápad,CZ,6;222,36010
E0:4F:43:21:02:F0,SmartGate_705412,50.20637131,7.94247627,E0:4F:43,6,wpa2,2026-07-16T13:00:00.000Z,2026-07-16T06:00:00.000Z,,Rheinland-Pfalz,DE,Bäderstraße,65321
E0:4F:43:21:02:F1,SmartGate_139338,53.21444702,11.21618366,E0:4F:43,6,wpa2,2017-03-11T16:00:00.000Z,2025-08-09T06:00:00.000Z,,Mecklenburg-Vorpommern,DE,,
E0:4F:43:21:02:F7,SmartGate_534308,50.0623703,14.45290089,E0:4F:43,6,wpa2,2018-08-08T12:00:00.000Z,2024-10-10T12:00:00.000Z,Hlavní město Praha,Praha,CZ,Bartoškova,10133
E0:4F:43:21:02:FC,SmartGate_160121,48.14897919,11.60565758,E0:4F:43,6,wpa2,2025-10-29T14:00:00.000Z,2026-01-25T09:00:00.000Z,München,Bayern,DE,Ismaninger Straße,81675
E0:4F:43:21:03:01,SmartGate_539082,63.67773819,22.71711159,E0:4F:43,6,wpa2,2017-04-11T16:00:00.000Z,2025-09-26T10:00:00.000Z,,Manner-Suomi,FI,Skolgatan,68600
E0:4F:43:21:03:05,SmartGate_533943,48.5202179,9.09565163,E0:4F:43,6,wpa2,2017-05-06T09:00:00.000Z,2026-02-09T03:00:00.000Z,,Baden-Württemberg,DE,Neue Ackersteige,72074
E0:4F:43:21:03:0C,SMARTGATE_123456,49.7991333,15.76801777,E0:4F:43,6,wpa2,2017-08-24T13:00:00.000Z,2025-06-14T07:00:00.000Z,,Severovýchod,CZ,,53825
E0:4F:43:21:03:0F,SmartGate_533551,60.21930695,24.93336105,E0:4F:43,6,wpa2,2017-05-20T14:00:00.000Z,2024-09-10T04:00:00.000Z,Helsinki,Manner-Suomi,FI,Kippikuja,00620
E0:4F:43:21:03:14,SmartGate_533273,49.22956467,16.36186981,E0:4F:43,6,wpa2,2018-05-19T10:00:00.000Z,2026-05-28T11:00:00.000Z,,Jihovýchod,CZ,602,66482
E0:4F:43:21:03:15,SmartGate_533538,49.75701141,14.58072853,E0:4F:43,6,wpa2,2017-08-27T19:00:00.000Z,2026-02-18T01:00:00.000Z,,Střední Čechy,CZ,11454,25755
E0:4F:43:21:03:1A,SmartGate_534676,52.67562866,13.46897888,E0:4F:43,6,wpa2,2018-06-25T11:00:00.000Z,2024-12-08T23:00:00.000Z,,Brandenburg,DE,Kurze Straße,16348
E0:4F:43:21:03:29,SmartGate_532114,47.46903992,8.56277084,E0:4F:43,6,wpa2,2001-01-01T01:00:00.000Z,2025-10-04T03:00:00.000Z,,Zürich,CH,A51,8058
E0:4F:43:21:03:2D,SmartGate_535113,46.66691208,14.31432343,E0:4F:43,6,wpa2,2018-08-03T17:00:00.000Z,2025-03-21T11:00:00.000Z,Klagenfurt,Kärnten,AT,Klagenfurter Schnellstraße,9020
E0:4F:43:21:03:2F,SmartGate_143154,50.6537056,14.03921795,E0:4F:43,6,wpa2,2017-05-27T08:00:00.000Z,2026-06-17T03:00:00.000Z,Ústí nad Labem,Severozápad,CZ,Fibichova,40001
E0:4F:43:21:03:33,SmartGate_534014,57.73387146,12.08891296,E0:4F:43,6,wpa2,2025-05-16T10:00:00.000Z,2026-04-25T10:00:00.000Z,,Västra Götalands län,SE,Göteborgsvägen,43334
E0:4F:43:21:03:41,SMARTGATE_123456,52.11156845,12.71505737,E0:4F:43,6,wpa2,2025-06-14T13:00:00.000Z,2025-06-14T07:00:00.000Z,,Brandenburg,DE,A 9,14823
E0:4F:43:21:03:43,SmartGate_544880,59.30144882,18.26814842,E0:4F:43,6,wpa2,2024-03-25T15:00:00.000Z,2025-02-05T10:00:00.000Z,,Stockholms län,SE,,132 46
E0:4F:43:21:03:46,SmartGate_533609,50.09909058,14.45250225,E0:4F:43,6,wpa2,2018-01-10T13:00:00.000Z,2026-06-08T08:00:00.000Z,Hlavní město Praha,Praha,CZ,Na Maninách,17004
E0:4F:43:21:03:4B,SmartGate_535492,49.21924591,18.75924683,E0:4F:43,6,wpa2,2017-03-28T09:00:00.000Z,2026-06-24T10:00:00.000Z,Žilina,Žilinský kraj,SK,Na Horevaží,010 01
E0:4F:43:21:03:4D,SMARTGATE_123456,50.95837021,7.1143055,E0:4F:43,6,wpa2,2018-06-11T09:00:00.000Z,2026-04-20T03:00:00.000Z,Bergisch Gladbach,Nordrhein-Westfalen,DE,Dolmanstraße,51427
E0:4F:43:21:03:4F,SmartGate_542662,49.87368774,8.3422823,E0:4F:43,6,wpa2,2024-09-08T15:00:00.000Z,2026-05-30T05:00:00.000Z,,Rheinland-Pfalz,DE,Mainzer Straße,55283
E0:4F:43:21:03:59,SmartGate_542682,52.45568466,13.37201309,E0:4F:43,6,wpa2,2017-09-05T18:00:00.000Z,2025-03-22T08:00:00.000Z,Berlin,Tempelhof-Schöneberg,DE,Arnulfstraße,12105
E0:4F:43:21:03:5B,SmartGate_533422,50.07036209,14.47911358,E0:4F:43,6,wpa2,2017-03-29T19:00:00.000Z,2025-06-11T07:00:00.000Z,Hlavní město Praha,Praha,CZ,Kubánské náměstí,10000
E0:4F:43:21:03:5F,SmartGate_536258,49.34589386,14.71443558,E0:4F:43,6,wpa2,2018-01-17T11:00:00.000Z,2026-04-24T10:00:00.000Z,,Jihozápad,CZ,Strkovská,39111
E0:4F:43:21:03:64,SmartGate_543097,57.77489471,12.27566147,E0:4F:43,6,wpa2,2025-03-12T16:00:00.000Z,2025-03-16T01:00:00.000Z,,Västra Götalands län,SE,Alingsåsvägen,443 34
E0:4F:43:21:03:6C,SmartGate_708256,50.81988907,12.40829754,E0:4F:43,6,wpa2,2026-05-05T04:00:00.000Z,2026-06-09T19:00:00.000Z,,Sachsen,DE,Glauchauer Landstraße,08451
E0:4F:43:21:03:6D,SmartGate_143360,51.51209259,6.96485138,E0:4F:43,6,wpa2,2024-06-01T08:00:00.000Z,2026-03-26T12:00:00.000Z,Bottrop,Nordrhein-Westfalen,DE,Speckenbruch,46238
E0:4F:43:21:03:6E,SmartGate_534526,50.00058365,14.59560108,E0:4F:43,6,wpa2,2019-04-24T08:00:00.000Z,2026-06-07T02:00:00.000Z,,Střední Čechy,CZ,00312,25170
E0:4F:43:21:03:75,SmartGate_705992,53.4915657,11.15900898,E0:4F:43,6,wpa2,2001-03-01T06:00:00.000Z,2025-06-01T06:00:00.000Z,,Mecklenburg-Vorpommern,DE,A 24,19243
E0:4F:43:21:03:78,SmartGate_535537,44.4509697,26.08909798,E0:4F:43,6,wpa2,2018-02-17T14:00:00.000Z,2025-01-12T00:00:00.000Z,Municipiul București,Dorobanți,RO,Strada Grigore Alexandrescu,010665
E0:4F:43:21:03:7C,SmartGate_149727,49.96721268,16.9385376,E0:4F:43,6,wpa2,2022-09-04T14:00:00.000Z,2025-09-12T06:00:00.000Z,,Střední Morava,CZ,Tichá,787 01
E0:4F:43:21:03:7D,SmartGate_168428,51.76658249,11.48027039,E0:4F:43,6,wpa2,2026-04-20T06:00:00.000Z,2026-05-03T14:00:00.000Z,,Sachsen-Anhalt,DE,Güstener Straße,06449
E0:4F:43:21:03:7E,SMARTGATE_123456,50.99839401,12.4428339,E0:4F:43,6,wpa2,2019-04-13T13:00:00.000Z,2025-03-26T08:00:00.000Z,,Thüringen,DE,Eisenbahnstraße,04600
E0:4F:43:21:03:84,SmartGate_149646,52.4290123,10.79219818,E0:4F:43,6,wpa2,2025-07-19T20:00:00.000Z,2025-07-19T14:00:00.000Z,Wolfsburg,Niedersachsen,DE,An der Vorburg,38440
E0:4F:43:21:03:86,SmartGate_156163,50.59148407,7.03576422,E0:4F:43,6,wpa2,2019-10-13T15:00:00.000Z,2025-06-09T10:00:00.000Z,Grafschaft,Rheinland-Pfalz,DE,A 61,53340
E0:4F:43:21:03:8C,SmartGate_532026,56.67330551,12.88819981,E0:4F:43,6,wpa2,2024-10-12T14:00:00.000Z,2024-10-21T10:00:00.000Z,Halmstad,Hallands län,SE,Växjövägen,302 48
E0:4F:43:21:03:91,SmartGate_539038,60.47343445,15.4572525,E0:4F:43,6,wpa2,2017-12-17T14:00:00.000Z,2024-08-20T08:00:00.000Z,,Dalarnas län,SE,70,784 37
E0:4F:43:21:03:9C,SmartGate_537746,50.84440994,12.80660152,E0:4F:43,6,wpa2,2025-09-17T14:00:00.000Z,2025-10-12T04:00:00.000Z,Chemnitz,Sachsen,DE,Oberfrohnaer Straße,09224
E0:4F:43:21:03:9F,SmartGate_705271,50.64751816,14.04296303,E0:4F:43,6,wpa2,2019-04-19T13:00:00.000Z,2026-07-12T14:00:00.000Z,Ústí nad Labem,Severozápad,CZ,Pražská,40001
E0:4F:43:21:03:A2,SmartGate_143172,47.5050354,8.57796764,E0:4F:43,6,wpa2,2020-01-15T16:00:00.000Z,2025-10-04T03:00:00.000Z,,Zürich,CH,Bülibergstrasse,8424
E0:4F:43:21:03:A8,SmartGate_139174,48.15725327,8.04534912,E0:4F:43,6,wpa2,2001-01-01T00:00:00.000Z,2025-10-24T10:00:00.000Z,,Baden-Württemberg,DE,Brandbergtunnel,79297
E0:4F:43:21:03:A9,SmartGate_538908,59.39031601,13.49517918,E0:4F:43,6,wpa2,2017-07-17T18:00:00.000Z,2026-01-16T03:00:00.000Z,Karlstad,Värmlands län,SE,Sandbäcksgatan,652 25
E0:4F:43:21:03:AA,SmartGate_539994,44.43170166,26.13201141,E0:4F:43,6,wpa2,2018-06-12T08:00:00.000Z,2024-08-31T04:00:00.000Z,Municipiul București,Centrul Civic,RO,Calea Călărașilor,021126
E0:4F:43:21:03:AF,SmartGate_535729,58.69296646,13.85805893,E0:4F:43,6,wpa2,2001-01-01T01:00:00.000Z,2026-06-02T03:00:00.000Z,,Västra Götalands län,SE,E 20;26,54232
E0:4F:43:21:03:B4,SmartGate_165654,52.54642105,13.3795805,E0:4F:43,6,wpa2,2017-07-02T13:00:00.000Z,2025-10-30T07:00:00.000Z,Berlin,Gesundbrunnen,DE,Hochstraße,13357
E0:4F:43:21:03:B6,SMARTGATE_123456,52.47829437,13.55515957,E0:4F:43,6,wpa2,2018-10-07T20:00:00.000Z,2025-12-22T06:00:00.000Z,Berlin,Marzahn-Hellersdorf,DE,Hadubrandweg,12683
E0:4F:43:21:03:B7,SmartGate_535266,51.49407578,7.34298038,E0:4F:43,6,wpa2,2025-10-15T17:00:00.000Z,2025-10-15T12:00:00.000Z,Dortmund,Nordrhein-Westfalen,DE,Ruhrschnellweg,44388
E0:4F:43:21:03:B8,SmartGate_533150,59.44217682,17.92250252,E0:4F:43,6,wpa2,2017-03-31T14:00:00.000Z,2025-11-19T22:00:00.000Z,,Stockholms län,SE,Uppsalavägen,19270
E0:4F:43:21:03:BC,SMARTGATE_123456,48.00094223,7.85054827,E0:4F:43,6,wpa2,2018-07-07T08:00:00.000Z,2025-08-08T06:00:00.000Z,Freiburg im Breisgau,Baden-Württemberg,DE,Gartenstraße,79098
E0:4F:43:21:03:BE,SmartGate_705494,51.37682724,6.77554226,E0:4F:43,6,wpa2,2023-12-15T10:00:00.000Z,2025-11-14T04:00:00.000Z,Duisburg,Nordrhein-Westfalen,DE,A 59,47249
E0:4F:43:21:03:C0,SMARTGATE_123456,50.38631439,13.19332504,E0:4F:43,6,wpa2,2020-10-12T14:00:00.000Z,2026-02-27T10:00:00.000Z,,Severozápad,CZ,Nádražní,431 51
E0:4F:43:21:03:C1,SmartGate_537797,50.64266205,10.68791771,E0:4F:43,6,wpa2,2025-06-02T09:00:00.000Z,2025-06-21T09:00:00.000Z,,Thüringen,DE,Suhler Straße,98544
E0:4F:43:21:03:C4,SmartGate_165721,50.03050995,15.78004837,E0:4F:43,6,wpa2,2017-04-20T13:00:00.000Z,2025-05-29T07:00:00.000Z,,Severovýchod,CZ,S. K. Neumanna,53002
E0:4F:43:21:03:C5,SmartGate_536288,61.48731995,23.85228539,E0:4F:43,6,wpa2,2019-09-12T15:00:00.000Z,2026-02-24T07:00:00.000Z,Tampere,Manner-Suomi,FI,Alasniitynkatu,33700
E0:4F:43:21:03:C9,SmartGate_150009,61.09634399,28.38784218,E0:4F:43,6,wpa2,2018-01-08T11:00:00.000Z,2026-07-30T08:00:00.000Z,Lappeenranta,Manner-Suomi,FI,Muukonkankaantie,53400
E0:4F:43:21:03:D0,SmartGate_534631,60.4852562,15.47040558,E0:4F:43,6,wpa2,2024-11-28T07:00:00.000Z,2024-11-28T09:00:00.000Z,,Dalarnas län,SE,Fraktgatan,784 72
E0:4F:43:21:03:D2,SmartGate_539982,53.68366623,-1.82554209,E0:4F:43,6,wpa2,2017-12-07T19:00:00.000Z,2025-11-11T09:00:00.000Z,Calderdale,England,GB,Dewsbury Road,HX5 0HG
E0:4F:43:21:03:D5,SmartGate_537459,53.54223251,10.02684021,E0:4F:43,6,wpa2,2025-09-17T13:00:00.000Z,2025-09-17T09:00:00.000Z,Hamburg,Hamburg-Mitte,DE,Amsinckstraße,20097
E0:4F:43:21:03:D7,SmartGate_534098,51.26678848,15.37379646,E0:4F:43,6,wpa2,2024-09-21T16:00:00.000Z,2026-05-16T03:00:00.000Z,,województwo dolnośląskie,PL,A4,59-731
E0:4F:43:21:03:DD,SmartGate_536262,50.82616425,12.9052515,E0:4F:43,6,wpa2,2018-04-07T11:00:00.000Z,2025-04-09T12:00:00.000Z,Chemnitz,Sachsen,DE,Zwickauer Straße,09112
E0:4F:43:21:03:DE,SmartGate_535725,49.64279175,6.21103001,E0:4F:43,6,wpa2,2025-09-11T11:00:00.000Z,2025-09-11T05:00:00.000Z,,Canton Luxembourg,LU,Autoroute de Trèves,2633
E0:4F:43:21:03:E3,SmartGate_708177,51.01327133,6.92037535,E0:4F:43,6,wpa2,2017-09-15T10:00:00.000Z,2026-06-09T22:00:00.000Z,Köln,Nordrhein-Westfalen,DE,A 1,50769
E0:4F:43:21:03:E4,SMARTGATE_123456,60.16083908,24.54317474,E0:4F:43,6,wpa2,2021-08-17T16:00:00.000Z,2026-02-15T02:00:00.000Z,,Manner-Suomi,FI,Masalanreitti,02430
E0:4F:43:21:03:EA,SMARTGATE_123456,60.63277054,16.99309349,E0:4F:43,6,wpa2,2017-09-04T17:00:00.000Z,2025-12-27T06:00:00.000Z,,Gävleborgs län,SE,Masugnsvägen,81832
E0:4F:43:21:03:ED,SmartGate_143189,49.00354385,8.46964359,E0:4F:43,6,wpa2,2017-10-13T18:00:00.000Z,2024-11-28T20:00:00.000Z,Karlsruhe,Baden-Württemberg,DE,Waldshuter Straße,76227
E0:4F:43:21:03:F5,SmartGate_535678,61.47743607,23.8744812,E0:4F:43,6,wpa2,2025-06-10T15:00:00.000Z,2025-06-10T09:00:00.000Z,Tampere,Manner-Suomi,FI,Juvankatu,33710
E0:4F:43:21:03:F7,SmartGate_533980,63.08795166,21.62920189,E0:4F:43,6,wpa2,2022-07-27T13:00:00.000Z,2026-01-19T08:00:00.000Z,Vaasa,Manner-Suomi,FI,Asemakatu,65100
E0:4F:43:21:03:F8,SmartGate_168219,47.35110092,8.57945251,E0:4F:43,6,wpa2,2024-10-23T08:00:00.000Z,2024-10-23T04:00:00.000Z,Zürich,Zürich,CH,Forchstrasse,8008
E0:4F:43:21:04:02,SmartGate_542613,61.48355103,23.83727455,E0:4F:43,6,wpa2,2020-10-02T16:00:00.000Z,2026-05-08T05:00:00.000Z,Tampere,Manner-Suomi,FI,Aakkulankatu,33700
E0:4F:43:21:04:04,SmartGate_138317,51.28801346,9.47850704,E0:4F:43,6,wpa2,2019-04-10T20:00:00.000Z,2026-02-06T09:00:00.000Z,Kassel,Hessen,DE,Fliederweg,34121
E0:4F:43:21:04:05,SmartGate_705280,51.34860992,12.37675381,E0:4F:43,6,wpa2,2019-05-26T13:00:00.000Z,2026-05-01T10:00:00.000Z,Leipzig,Sachsen,DE,Berliner Straße,04105
E0:4F:43:21:04:08,SmartGate_532495,44.44815063,26.07229996,E0:4F:43,6,wpa2,2021-08-11T11:00:00.000Z,2026-02-17T00:00:00.000Z,Municipiul București,Gara de Nord,RO,Calea Griviței,010745
E0:4F:43:21:04:0E,SmartGate_533316,59.42774582,24.7216568,E0:4F:43,6,wpa2,2017-04-04T08:00:00.000Z,2025-01-08T06:00:00.000Z,Tallinn,Harju maakond,EE,Endla,96007
E0:4F:43:21:04:12,SmartGate_154775,51.48640442,11.94952774,E0:4F:43,6,wpa2,2017-04-24T15:00:00.000Z,2025-10-30T06:00:00.000Z,Halle,Sachsen-Anhalt,DE,Gimritzer Damm,06122
E0:4F:43:21:04:13,SMARTGATE_123456,52.52033997,13.43530941,E0:4F:43,6,wpa2,2021-11-19T13:00:00.000Z,2026-04-24T15:00:00.000Z,Berlin,Barnimkiez,DE,Palisadenstraße,10243
E0:4F:43:21:04:1B,SmartGate_539002,47.07037354,21.93492699,E0:4F:43,6,wpa2,2024-10-18T14:00:00.000Z,2025-03-08T10:00:00.000Z,Oradea,Bihor,RO,Piața București,410730
E0:4F:43:21:04:20,SmartGate_542014,50.05989456,14.30914688,E0:4F:43,6,wpa2,2018-10-26T00:00:00.000Z,2026-05-25T12:00:00.000Z,Hlavní město Praha,Praha,CZ,Jeremiášova,15500
E0:4F:43:21:04:25,SmartGate_705219,52.14390564,11.63040924,E0:4F:43,6,wpa2,2021-09-08T08:00:00.000Z,2024-09-17T06:00:00.000Z,Magdeburg,Sachsen-Anhalt,DE,Lorenzweg,39124
E0:4F:43:21:04:26,SmartGate_705423,50.61401749,10.69672775,E0:4F:43,6,wpa2,2025-05-28T08:00:00.000Z,2025-06-21T09:00:00.000Z,,Thüringen,DE,Friedrich-König-Straße,98527
E0:4F:43:21:04:27,SmartGate_168159,48.32502747,11.17599106,E0:4F:43,6,wpa2,2001-01-01T01:00:00.000Z,2025-09-28T11:00:00.000Z,,Bayern,DE,A 8,85235
E0:4F:43:21:04:28,SmartGate_547065,48.18100739,7.74852228,E0:4F:43,6,wpa2,2025-09-28T12:00:00.000Z,2026-08-06T00:00:00.000Z,,Baden-Württemberg,DE,A 5,79359
E0:4F:43:21:04:2A,SmartGate_538729,60.48820496,26.74799728,E0:4F:43,6,wpa2,2025-06-10T11:00:00.000Z,2025-06-10T06:00:00.000Z,,Manner-Suomi,FI,Huutjärventie,49210
E0:4F:43:21:04:30,SmartGate_168235,47.48317337,8.7082634,E0:4F:43,6,wpa2,2024-01-25T09:00:00.000Z,2026-05-08T10:00:00.000Z,Winterthur,Zürich,CH,Neumühlestrasse,8406
E0:4F:43:21:04:36,SmartGate_138861,60.19467545,24.78847313,E0:4F:43,6,wpa2,2022-02-17T17:00:00.000Z,2026-05-20T10:00:00.000Z,Espoo,Manner-Suomi,FI,Turveradantie,02130
E0:4F:43:21:04:37,SmartGate_170090,51.1216774,13.53822422,E0:4F:43,6,wpa2,2024-03-27T12:00:00.000Z,2026-03-02T00:00:00.000Z,,Sachsen,DE,Meißner Landstraße,01665
E0:4F:43:21:04:38,SmartGate_168070,48.40181732,9.9563446,E0:4F:43,6,wpa2,2024-04-11T07:00:00.000Z,2026-03-07T05:00:00.000Z,Ulm,Baden-Württemberg,DE,K 9903,89077
E0:4F:43:21:04:39,SMARTGATE_123456,50.85205841,13.1200552,E0:4F:43,6,wpa2,2017-06-14T04:00:00.000Z,2026-02-23T00:00:00.000Z,,Sachsen,DE,Am Haltepunkt,09557
E0:4F:43:21:04:49,SmartGate_531852,49.0405159,16.30743027,E0:4F:43,6,wpa2,2026-04-22T14:00:00.000Z,2026-04-22T09:00:00.000Z,,Jihovýchod,CZ,Znojemská,67201
E0:4F:43:21:04:4C,SmartGate_706089,54.19410324,9.11188221,E0:4F:43,6,wpa2,2018-03-14T09:00:00.000Z,2025-08-08T05:00:00.000Z,,Schleswig-Holstein,DE,Berliner Straße,25746
E0:4F:43:21:04:54,SmartGate_143331,50.13493729,8.97813034,E0:4F:43,6,wpa2,2023-07-05T15:00:00.000Z,2025-12-30T10:00:00.000Z,Hanau,Hessen,DE,B 43a,63457
E0:4F:43:21:04:55,SmartGate_705414,47.7599411,8.83593273,E0:4F:43,6,wpa2,2017-12-03T17:00:00.000Z,2025-01-16T03:00:00.000Z,,Baden-Württemberg,DE,Im Gambrinus,78224
E0:4F:43:21:04:59,SmartGate_706005,51.62251282,11.86683369,E0:4F:43,6,wpa2,2018-07-07T16:00:00.000Z,2025-08-27T12:00:00.000Z,Wettin-Löbejün,Sachsen-Anhalt,DE,A 14,06193
E0:4F:43:21:04:5D,SMARTGATE_123456,50.70241928,12.75774574,E0:4F:43,6,wpa2,2024-09-01T14:00:00.000Z,2024-09-01T10:00:00.000Z,Stollberg/Erzgebirge,Sachsen,DE,B 169,09366
E0:4F:43:21:04:64,SmartGate_537256,63.65304947,9.11703491,E0:4F:43,6,wpa2,2019-10-25T18:00:00.000Z,2025-12-03T10:00:00.000Z,,Trøndelag,NO,Fjellværsøyveien,7242
E0:4F:43:21:04:6B,SmartGate_138890,50.63879013,10.69778442,E0:4F:43,6,wpa2,2017-08-15T17:00:00.000Z,2025-06-21T09:00:00.000Z,,Thüringen,DE,Am Königswasser,98528
E0:4F:43:21:04:6F,SmartGate_150126,51.17195129,13.23473454,E0:4F:43,6,wpa2,2024-10-06T08:00:00.000Z,2025-11-19T03:00:00.000Z,,Sachsen,DE,S 32,01623
E0:4F:43:21:04:73,SmartGate_705268,50.9904213,13.66245174,E0:4F:43,6,wpa2,2017-05-15T17:00:00.000Z,2025-09-24T12:00:00.000Z,,Sachsen,DE,Poisentalstraße,01705
E0:4F:43:21:04:76,SmartGate_537721,48.39960098,12.76929665,E0:4F:43,6,wpa2,2026-01-29T06:00:00.000Z,2026-04-11T09:00:00.000Z,,Bayern,DE,B 20;B 388,84307
E0:4F:43:21:04:77,SmartGate_150091,51.40557861,9.93661976,E0:4F:43,6,wpa2,2026-01-17T13:00:00.000Z,2026-01-17T06:00:00.000Z,,Niedersachsen,DE,Steinhofstraße,37133
E0:4F:43:21:04:79,SmartGate_705969,51.82070541,6.60400295,E0:4F:43,6,wpa2,2019-01-28T12:00:00.000Z,2025-03-04T08:00:00.000Z,,Nordrhein-Westfalen,DE,Schaffeldstraße,46395
E0:4F:43:21:04:7E,SmartGate_149875,50.12329865,14.50640678,E0:4F:43,6,wpa2,2025-06-11T13:00:00.000Z,2025-06-11T07:00:00.000Z,Hlavní město Praha,Praha,CZ,Lovosická,191 00
E0:4F:43:21:04:81,SmartGate_538798,51.00786209,5.43123007,E0:4F:43,6,wpa2,2022-11-25T13:00:00.000Z,2025-02-26T21:00:00.000Z,,Limburg,BE,E314,3520
E0:4F:43:21:04:88,SmartGate_532743,47.33454895,8.61800766,E0:4F:43,6,wpa2,2024-06-17T10:00:00.000Z,2025-04-08T09:00:00.000Z,,Zürich,CH,Schwimmbadweg,8126
E0:4F:43:21:04:89,SMARTGATE_123456,51.57662964,7.20266771,E0:4F:43,6,wpa2,2018-01-16T08:00:00.000Z,2025-08-29T10:00:00.000Z,Recklinghausen,Nordrhein-Westfalen,DE,Baumstraße,45661
E0:4F:43:21:04:8E,SmartGate_137184,51.27307892,14.09294319,E0:4F:43,6,wpa2,2017-08-02T16:00:00.000Z,2025-07-15T09:00:00.000Z,,Sachsen,DE,Poststraße,01917
E0:4F:43:21:04:91,SmartGate_705627,51.26109314,7.10811663,E0:4F:43,6,wpa2,2018-02-09T11:00:00.000Z,2024-10-17T08:00:00.000Z,Wuppertal,Nordrhein-Westfalen,DE,Breuerweg,42115
E0:4F:43:21:04:99,SmartGate_543358,61.48293304,23.86029816,E0:4F:43,6,wpa2,2020-08-27T07:00:00.000Z,2026-07-30T00:00:00.000Z,Tampere,Manner-Suomi,FI,Osuusmyllynkatu,33700
E0:4F:43:21:04:A6,SmartGate_535257,50.2317543,14.72922611,E0:4F:43,6,wpa2,2019-03-21T08:00:00.000Z,2025-06-04T08:00:00.000Z,,Střední Čechy,CZ,D10,294 74
E0:4F:43:21:04:A9,SmartGate_543349,61.07631302,24.2634964,E0:4F:43,6,wpa2,2018-09-04T14:00:00.000Z,2024-08-23T12:00:00.000Z,,Manner-Suomi,FI,Rannikontie,
E0:4F:43:21:04:AB,SmartGate_137895,54.35551071,18.59855843,E0:4F:43,6,wpa2,2018-12-13T12:00:00.000Z,2026-02-27T11:00:00.000Z,Gdańsk,województwo pomorskie,PL,Ludwika Beethovena,80-171
E0:4F:43:21:04:B1,SmartGate_536584,49.11125565,16.57019615,E0:4F:43,6,wpa2,2024-06-25T07:00:00.000Z,2026-05-28T04:00:00.000Z,,Jihovýchod,CZ,,66443
E0:4F:43:21:04:B3,SMARTGATE_123456,53.91230392,10.80443954,E0:4F:43,6,wpa2,2018-08-09T14:00:00.000Z,2025-09-30T02:00:00.000Z,Lübeck,Schleswig-Holstein,DE,Kücknitzer Hauptstraße,23569
E0:4F:43:21:04:B5,SmartGate_705611,50.92132568,11.58365154,E0:4F:43,6,wpa2,2017-09-22T09:00:00.000Z,2025-12-08T23:00:00.000Z,Jena,Thüringen,DE,Kahlaische Straße,07745
E0:4F:43:21:04:BE,SMARTGATE_123456,54.31004715,10.15228081,E0:4F:43,5,wpa2,2025-08-29T18:00:00.000Z,2025-09-19T08:00:00.000Z,Kiel,Schleswig-Holstein,DE,Ostring,24143
E0:4F:43:21:04:C1,SmartGate_149649,61.05654144,28.20046616,E0:4F:43,6,wpa2,2025-06-10T12:00:00.000Z,2026-05-27T08:00:00.000Z,Lappeenranta,Manner-Suomi,FI,Takojankatu,53100
E0:4F:43:21:04:C5,SMARTGATE_123456,52.51713562,13.30631256,E0:4F:43,6,wpa2,2018-02-07T14:00:00.000Z,2026-07-31T03:00:00.000Z,Berlin,Charlottenburg-Wilmersdorf,DE,Richard-Wagner-Straße,10585
E0:4F:43:21:04:C6,SmartGate_137227,53.33421707,9.88132954,E0:4F:43,6,wpa2,2026-02-10T15:00:00.000Z,2026-02-10T07:00:00.000Z,,Niedersachsen,DE,Hamburger Straße,21244
E0:4F:43:21:04:CD,SmartGate_532249,60.62742233,24.71268272,E0:4F:43,6,wpa2,2017-09-30T10:00:00.000Z,2025-05-16T06:00:00.000Z,,Manner-Suomi,FI,Kytäjän reitit,05720
E0:4F:43:21:04:D2,SmartGate_705788,52.66069412,13.85095119,E0:4F:43,6,wpa2,2001-01-01T01:00:00.000Z,2024-08-10T13:00:00.000Z,,Brandenburg,DE,B 168,15345
E0:4F:43:21:04:D4,SmartGate_535283,51.32004166,12.42620754,E0:4F:43,6,wpa2,2017-09-15T09:00:00.000Z,2026-05-20T12:00:00.000Z,Leipzig,Sachsen,DE,Holzhäuser Straße,04299
E0:4F:43:21:04:D5,SmartGate_532122,48.09688568,11.54148388,E0:4F:43,6,wpa2,2017-08-19T10:00:00.000Z,2026-05-09T02:00:00.000Z,München,Bayern,DE,Wolfratshauser Straße,81379
E0:4F:43:21:04:D8,SmartGate_705840,53.05934525,8.43449402,E0:4F:43,6,wpa2,2025-08-14T16:00:00.000Z,2025-08-17T08:00:00.000Z,,Niedersachsen,DE,A 28,27777
E0:4F:43:21:04:DA,SmartGate_705759,53.36222076,7.16790009,E0:4F:43,6,wpa2,2001-01-01T01:00:00.000Z,2026-05-26T10:00:00.000Z,,Niedersachsen,DE,Thüringer Straße,26723
E0:4F:43:21:04:E1,SmartGate_137926,52.39812088,9.75540352,E0:4F:43,6,wpa2,2025-11-27T08:00:00.000Z,2026-02-18T22:00:00.000Z,Hannover,Niedersachsen,DE,Lister Damm,30163
E0:4F:43:21:04:E2,SMARTGATE_123456,48.49889755,9.43535805,E0:4F:43,6,wpa2,2020-10-28T13:00:00.000Z,2024-12-02T05:00:00.000Z,,Baden-Württemberg,DE,L 1211,72574
E0:4F:43:21:04:F6,SmartGate_705449,52.41321945,9.50434875,E0:4F:43,6,wpa2,2019-10-17T14:00:00.000Z,2024-12-10T23:00:00.000Z,,Niedersachsen,DE,B 441,31515
E0:4F:43:21:04:F8,SmartGate_536321,48.04699707,10.13533974,E0:4F:43,6,wpa2,2025-04-30T14:00:00.000Z,2025-04-30T08:00:00.000Z,,Baden-Württemberg,DE,A 7,88457
E0:4F:43:21:04:FC,SMARTGATE_123456,51.56280518,7.01796722,E0:4F:43,6,wpa2,2019-05-05T14:00:00.000Z,2025-01-03T04:00:00.000Z,,Nordrhein-Westfalen,DE,Feldstraße,45968
E0:4F:43:21:05:07,SmartGate_547890,48.30565262,18.08628845,E0:4F:43,6,wpa2,2019-02-16T14:00:00.000Z,2024-08-13T10:00:00.000Z,Nitra,Nitriansky kraj,SK,Česko-slovenskej armády,949 01
E0:4F:43:21:05:08,SmartGate_705914,48.07308578,7.80904388,E0:4F:43,6,wpa2,2018-04-08T18:00:00.000Z,2025-03-31T07:00:00.000Z,,Baden-Württemberg,DE,A 5,79279
E0:4F:43:21:05:0A,SmartGate_705761,50.95515823,7.16788673,E0:4F:43,6,wpa2,2026-07-18T06:00:00.000Z,2026-07-19T02:00:00.000Z,Bergisch Gladbach,Nordrhein-Westfalen,DE,A 4,51429
E0:4F:43:21:05:0B,SmartGate_535292,54.09410477,13.3711586,E0:4F:43,6,wpa2,2018-03-24T12:00:00.000Z,2026-02-22T09:00:00.000Z,,Mecklenburg-Vorpommern,DE,Bahnhofstraße,17489
E0:4F:43:21:05:14,SmartGate_536842,47.43466187,8.19988251,E0:4F:43,6,wpa2,2024-08-28T15:00:00.000Z,2024-12-17T08:00:00.000Z,,Aargau,CH,Oberdorfstrasse,5242
E0:4F:43:21:05:15,SmartGate_537474,60.22076416,24.96123505,E0:4F:43,6,wpa2,2022-09-14T15:00:00.000Z,2026-03-19T10:00:00.000Z,Helsinki,Manner-Suomi,FI,Metsätie,00600
E0:4F:43:21:05:17,SmartGate_149852,48.56993103,12.11254787,E0:4F:43,6,wpa2,2026-02-04T16:00:00.000Z,2026-02-04T09:00:00.000Z,,Bayern,DE,A 92,84032
E0:4F:43:21:05:1E,SmartGate_705722,52.04965973,5.47708654,E0:4F:43,6,wpa2,2021-10-19T12:00:00.000Z,2025-03-25T04:00:00.000Z,,Utrecht,NL,A12,3959BB
E0:4F:43:21:05:21,SmartGate_537756,51.02798462,13.82052994,E0:4F:43,6,wpa2,2019-09-26T18:00:00.000Z,2025-03-15T10:00:00.000Z,Dresden,Sachsen,DE,Toeplerstraße,01279
E0:4F:43:21:05:25,SmartGate_137177,53.46276093,9.98461533,E0:4F:43,6,wpa2,2024-10-24T07:00:00.000Z,2025-12-29T10:00:00.000Z,Hamburg,Harburg,DE,Buxtehuder Straße,21073
E0:4F:43:21:05:2B,SmartGate_137856,50.50403976,7.72713614,E0:4F:43,6,wpa2,2026-01-31T11:00:00.000Z,2026-02-13T04:00:00.000Z,,Rheinland-Pfalz,DE,A 3,56237
E0:4F:43:21:05:2F,SmartGate_535253,51.51698303,7.62797165,E0:4F:43,6,wpa2,2018-02-14T15:00:00.000Z,2026-05-07T17:00:00.000Z,,Nordrhein-Westfalen,DE,Rombergstraße,59439
E0:4F:43:21:05:33,SmartGate_137865,60.46451187,26.9321003,E0:4F:43,6,wpa2,2018-10-16T13:00:00.000Z,2024-09-08T09:00:00.000Z,Kotka,Manner-Suomi,FI,Rautatienkatu,48200
E0:4F:43:21:05:35,SmartGate_705919,52.43240738,13.38610458,E0:4F:43,6,wpa2,2017-11-11T12:00:00.000Z,2025-09-06T00:00:00.000Z,Berlin,Tempelhof-Schöneberg,DE,Hirzerweg,12107
E0:4F:43:21:05:36,SmartGate_199289,47.67063522,19.16766548,E0:4F:43,6,wpa2,2022-12-15T08:00:00.000Z,2024-11-20T04:00:00.000Z,,Közép-Magyarország,HU,M2,2131
E0:4F:43:21:05:39,SmartGate_139092,48.52004623,11.58285046,E0:4F:43,6,wpa2,2025-04-19T16:00:00.000Z,2025-04-19T10:00:00.000Z,,Bayern,DE,A 9,85301
E0:4F:43:21:05:3B,SmartGate_138203,49.10516357,16.37137985,E0:4F:43,6,wpa2,2023-07-22T18:00:00.000Z,2025-07-17T08:00:00.000Z,,Jihovýchod,CZ,Na úvoze,66491
E0:4F:43:21:05:3D,SmartGate_535325,51.01157761,13.58808136,E0:4F:43,6,wpa2,2019-03-07T11:00:00.000Z,2025-09-21T08:00:00.000Z,,Sachsen,DE,Kleinopitzer Straße,01737
E0:4F:43:21:05:3E,SmartGate_535319,49.70278549,6.47830963,E0:4F:43,6,wpa2,2017-04-29T02:00:00.000Z,2025-08-11T03:00:00.000Z,,Canton Grevenmacher,LU,Place de la Gare,6674
E0:4F:43:21:05:46,SmartGate_137167,50.57835388,13.00468159,E0:4F:43,6,wpa2,2005-03-15T14:00:00.000Z,2024-10-30T12:00:00.000Z,,Sachsen,DE,Große Kirchgasse,09456
E0:4F:43:21:05:4A,SmartGate_539933,50.1055336,14.4118042,E0:4F:43,6,wpa2,2017-05-18T09:00:00.000Z,2026-07-09T12:00:00.000Z,Hlavní město Praha,Praha,CZ,náměstí Borise Němcova,17021
E0:4F:43:21:05:52,SmartGate_705741,48.04476929,11.60343266,E0:4F:43,6,wpa2,2018-05-14T12:00:00.000Z,2025-09-05T00:00:00.000Z,,Bayern,DE,Oberhachinger Weg,82024
E0:4F:43:21:05:53,SmartGate_533678,53.31399918,17.94622231,E0:4F:43,6,wpa2,2019-01-26T14:00:00.000Z,2025-03-12T12:00:00.000Z,,województwo kujawsko-pomorskie,PL,Ogrodowa,86-010
E0:4F:43:21:05:57,SmartGate_705925,50.79094696,12.89129829,E0:4F:43,6,wpa2,2018-05-13T15:00:00.000Z,2025-10-25T06:00:00.000Z,Chemnitz,Sachsen,DE,Albert-Köhler-Straße,09122
E0:4F:43:21:05:5A,SmartGate_705837,53.52201843,9.93168163,E0:4F:43,6,wpa2,2023-11-23T15:00:00.000Z,2025-07-14T01:00:00.000Z,Hamburg,Hamburg-Mitte,DE,Köhlbrandbrücke,21129
E0:4F:43:21:05:5D,SmartGate_705848,51.18402863,6.52998209,E0:4F:43,6,wpa2,2025-03-07T17:00:00.000Z,2025-03-07T10:00:00.000Z,,Nordrhein-Westfalen,DE,Pescher Straße,41352
E0:4F:43:21:05:6E,SmartGate_535143,50.84054565,12.89859581,E0:4F:43,6,wpa2,2018-05-09T20:00:00.000Z,2026-06-06T06:00:00.000Z,Chemnitz,Sachsen,DE,Paul-Jäkel-Straße,09113
E0:4F:43:21:05:7E,SMARTGATE_123456,49.32134247,7.14740801,E0:4F:43,7,wep,2023-12-05T11:00:00.000Z,2026-07-22T07:00:00.000Z,,Saarland,DE,A 8,66540
E0:4F:43:21:05:7F,SmartGate_543041,50.12828445,14.4745779,E0:4F:43,6,wpa2,2017-05-04T17:00:00.000Z,2026-04-08T04:00:00.000Z,Hlavní město Praha,Praha,CZ,Taussigova,18200
E0:4F:43:21:05:84,SmartGate_137972,50.81967545,12.82542515,E0:4F:43,6,wpa2,2025-04-08T11:00:00.000Z,2025-04-15T13:00:00.000Z,Chemnitz,Sachsen,DE,Unritzstraße,09117
E0:4F:43:21:05:86,SMARTGATE_123456,52.32445526,13.72603512,E0:4F:43,6,wpa2,2017-12-08T17:00:00.000Z,2026-08-02T08:00:00.000Z,,Brandenburg,DE,Südlicher Berliner Ring,15712
E0:4F:43:21:05:8B,SmartGate_535904,49.84289932,6.10367203,E0:4F:43,6,wpa2,2025-08-19T13:00:00.000Z,2025-08-19T07:00:00.000Z,,Canton Diekirch,LU,Route du Nord,9083
E0:4F:43:21:05:8D,SmartGate_138215,49.56629562,17.20796394,E0:4F:43,6,wpa2,2024-11-02T19:00:00.000Z,2024-11-02T13:00:00.000Z,Olomouc,Střední Morava,CZ,D46,783 01
E0:4F:43:21:05:91,SmartGate_705289,48.00724792,11.66998959,E0:4F:43,6,wpa2,2018-03-19T09:00:00.000Z,2025-01-08T18:00:00.000Z,,Bayern,DE,A 8,85649
E0:4F:43:21:05:92,SmartGate_534907,54.31388092,10.08426571,E0:4F:43,6,wpa2,2025-05-24T21:00:00.000Z,2025-05-26T04:00:00.000Z,Kiel,Schleswig-Holstein,DE,A 215,24111
E0:4F:43:21:05:93,SmartGate_137336,52.36898804,10.72812748,E0:4F:43,6,wpa2,2018-11-14T14:00:00.000Z,2025-03-09T13:00:00.000Z,Wolfsburg,Niedersachsen,DE,Brandgehaege,38444
E0:4F:43:21:05:97,SmartGate_531924,50.10019302,14.47764492,E0:4F:43,6,wpa2,2017-04-26T08:00:00.000Z,2025-08-19T00:00:00.000Z,Hlavní město Praha,Praha,CZ,V Mezihoří,18000
E0:4F:43:21:05:98,SmartGate_705430,49.94607544,7.79519844,E0:4F:43,6,wpa2,2021-02-17T13:00:00.000Z,2026-03-31T09:00:00.000Z,,Rheinland-Pfalz,DE,A 61,55442
E0:4F:43:21:05:9A,SmartGate_536660,63.08660507,21.62648201,E0:4F:43,6,wpa2,2017-06-05T22:00:00.000Z,2026-01-31T05:00:00.000Z,Vaasa,Manner-Suomi,FI,Malmönkatu,65100
E0:4F:43:21:05:9E,SmartGate_136853,51.03953171,13.70366859,E0:4F:43,6,wpa2,2018-08-14T16:00:00.000Z,2025-06-20T15:00:00.000Z,Dresden,Sachsen,DE,Chausseehausstraße,01159
E0:4F:43:21:05:A2,SmartGate_137941,50.82789993,12.91373634,E0:4F:43,6,wpa2,2025-09-23T18:00:00.000Z,2026-05-16T04:00:00.000Z,Chemnitz,Sachsen,DE,Am Walkgraben,09119
E0:4F:43:21:05:AB,SmartGate_543011,68.83535004,16.52066994,E0:4F:43,6,wpa2,2026-03-12T15:00:00.000Z,2026-03-24T09:00:00.000Z,,Troms og Finnmark,NO,,9403
E0:4F:43:21:05:AE,SmartGate_705836,50.72172546,12.72582912,E0:4F:43,6,wpa2,2025-04-05T09:00:00.000Z,2025-04-05T02:00:00.000Z,,Sachsen,DE,Pflockenstraße,09376
E0:4F:43:21:05:B2,SmartGate_533692,60.38909912,24.9866581,E0:4F:43,6,wpa2,2024-04-06T11:00:00.000Z,2025-10-27T22:00:00.000Z,,Manner-Suomi,FI,Vuohennokantie,04330
E0:4F:43:21:05:B5,SmartGate_138968,50.12345505,14.50041294,E0:4F:43,6,wpa2,2018-01-06T09:00:00.000Z,2024-12-15T07:00:00.000Z,Hlavní město Praha,Praha,CZ,Mimoňská,19000
E0:4F:43:21:05:B7,SmartGate_539897,49.48560333,11.11911488,E0:4F:43,6,wpa2,2018-07-27T08:00:00.000Z,2026-04-09T10:00:00.000Z,Nürnberg,Bayern,DE,Effeltricher Straße,90411
E0:4F:43:21:05:B9,SmartGate_533743,50.11779022,14.47951794,E0:4F:43,6,wpa2,2019-04-14T12:00:00.000Z,2025-10-16T07:00:00.000Z,Hlavní město Praha,Praha,CZ,Na Stráži,18000
E0:4F:43:21:05:C0,SmartGate_532124,60.46108627,22.37194061,E0:4F:43,6,wpa2,2018-12-27T17:00:00.000Z,2025-11-01T01:00:00.000Z,,Manner-Suomi,FI,Eräkatu,20610
E0:4F:43:21:05:C2,SmartGate_539907,49.8575325,8.20392036,E0:4F:43,6,wpa2,2021-06-23T12:00:00.000Z,2026-07-01T07:00:00.000Z,Schornsheim,Rheinland-Pfalz,DE,,55291
E0:4F:43:21:05:CA,SmartGate_542928,48.69491959,9.38255787,E0:4F:43,6,wpa2,2019-08-26T21:00:00.000Z,2025-12-26T03:00:00.000Z,,Baden-Württemberg,DE,,73257
E0:4F:43:21:05:D0,SmartGate_540147,50.13448334,15.79721069,E0:4F:43,6,wpa2,2026-02-01T17:00:00.000Z,2026-02-01T11:00:00.000Z,,Severovýchod,CZ,D35,532 13
E0:4F:43:21:05:DD,SmartGate_137295,49.15638351,16.62898445,E0:4F:43,6,wpa2,2018-05-17T17:00:00.000Z,2026-03-11T10:00:00.000Z,Brno,Jihovýchod,CZ,,61900
E0:4F:43:21:05:EA,SmartGate_137032,50.57819748,10.41621494,E0:4F:43,6,wpa2,2025-05-21T07:00:00.000Z,2025-06-21T09:00:00.000Z,,Thüringen,DE,Kreuzstraße,98617
E0:4F:43:21:05:FB,SMARTGATE_123456,51.02231979,13.5221138,E0:4F:43,6,wpa2,2018-07-18T16:00:00.000Z,2025-07-21T22:00:00.000Z,,Sachsen,DE,Herzogswalder Straße,01723
E0:4F:43:21:06:03,SmartGate_705324,51.20140076,6.79035378,E0:4F:43,6,wpa2,2019-07-08T12:00:00.000Z,2025-09-04T09:00:00.000Z,,Nordrhein-Westfalen,DE,Solenanderstraße,40225
E0:4F:43:21:06:0B,SMARTGATE_123456,53.03432465,8.91885281,E0:4F:43,6,wpa2,2024-05-10T10:00:00.000Z,2025-07-21T03:00:00.000Z,Bremen,Bremen,DE,A 1,28307
E0:4F:43:21:06:10,SMARTGATE_123456,48.20630646,11.6533432,E0:4F:43,6,wpa2,2018-08-01T18:00:00.000Z,2025-07-16T06:00:00.000Z,,Bayern,DE,A 99,85737
E0:4F:43:21:06:17,SmartGate_199328,49.53353882,11.31728268,E0:4F:43,6,wpa2,2024-04-09T06:00:00.000Z,2024-10-06T16:00:00.000Z,Neunkirchen a. Sand,Bayern,DE,A 9,91207
E0:4F:43:21:06:1B,SmartGate_537415,48.95426559,9.25034237,E0:4F:43,6,wpa2,2017-06-25T15:00:00.000Z,2024-09-04T10:00:00.000Z,,Baden-Württemberg,DE,L 1100,71711
E0:4F:43:21:06:1C,SmartGate_536313,53.44089127,9.9205637,E0:4F:43,6,wpa2,2022-09-18T13:00:00.000Z,2025-05-04T06:00:00.000Z,Hamburg,Eißendorf,DE,A 7,21077
E0:4F:43:21:06:21,SMARTGATE_123456,50.95807648,6.97494411,E0:4F:43,6,wpa2,2025-01-21T15:00:00.000Z,2025-01-21T09:00:00.000Z,Köln,Nordrhein-Westfalen,DE,Riehler Straße,50735
E0:4F:43:21:06:24,SmartGate_138956,49.69488907,15.80134583,E0:4F:43,6,wpa2,2017-07-14T09:00:00.000Z,2026-04-06T07:00:00.000Z,,Jihovýchod,CZ,34,58263
E0:4F:43:21:06:26,SmartGate_547342,57.04734421,16.8736515,E0:4F:43,6,wpa2,2026-07-11T09:00:00.000Z,2026-07-11T08:00:00.000Z,,Kalmar län,SE,136,38791
E0:4F:43:21:06:2C,SmartGate_137041,48.99418259,11.37992573,E0:4F:43,6,wpa2,2017-11-05T17:00:00.000Z,2025-06-14T12:00:00.000Z,,Bayern,DE,A 9,85125
E0:4F:43:21:06:2D,SmartGate_165463,51.65565872,7.02439547,E0:4F:43,6,wpa2,2025-11-26T13:00:00.000Z,2025-11-26T06:00:00.000Z,,Nordrhein-Westfalen,DE,Marler Straße,46282
E0:4F:43:21:06:2F,SmartGate_136984,51.0741539,13.74447727,E0:4F:43,6,wpa2,2024-09-03T16:00:00.000Z,2025-09-07T07:00:00.000Z,Dresden,Sachsen,DE,Johann-Meyer-Straße,01097
E0:4F:43:21:06:38,SMARTGATE_123456,53.14842987,8.18257236,E0:4F:43,6,wpa2,2018-09-27T12:00:00.000Z,2025-03-10T03:00:00.000Z,,Niedersachsen,DE,Ammerländer Heerstraße,26129
E0:4F:43:21:06:39,SmartGate_538767,60.45214081,22.27592659,E0:4F:43,6,wpa2,2026-06-28T10:00:00.000Z,2026-06-28T07:00:00.000Z,Turku,Manner-Suomi,FI,,
E0:4F:43:21:06:3E,SmartGate_541874,53.78591919,-1.59523964,E0:4F:43,6,wpa2,2020-11-10T09:00:00.000Z,2026-02-20T00:00:00.000Z,Leeds,England,GB,Western Road,LS12 4PQ
E0:4F:43:21:06:43,SmartGate_532699,60.74120331,15.90492058,E0:4F:43,6,wpa2,2025-03-01T10:00:00.000Z,2025-04-05T06:00:00.000Z,,Dalarnas län,SE,Borgärdesvägen,790 25
E0:4F:43:21:06:44,SmartGate_543015,59.67980576,17.66022873,E0:4F:43,6,wpa2,2026-02-09T16:00:00.000Z,2026-04-25T14:00:00.000Z,,Stockholms län,SE,,19391
E0:4F:43:21:06:45,SmartGate_540603,53.58265305,10.01052094,E0:4F:43,6,wpa2,2023-10-22T12:00:00.000Z,2026-03-13T10:00:00.000Z,Hamburg,Winterhude,DE,Mühlenkamp,22303
E0:4F:43:21:06:49,SmartGate_033018,50.10709381,14.43292618,E0:4F:43,6,wpa2,2018-09-05T18:00:00.000Z,2026-04-23T12:00:00.000Z,Hlavní město Praha,Praha,CZ,Za Elektrárnou,17000
E0:4F:43:21:06:4B,SmartGate_536857,57.79737854,14.26887417,E0:4F:43,6,wpa2,2017-09-01T21:00:00.000Z,2025-10-24T08:00:00.000Z,,Jönköpings län,SE,E 4,561 32
E0:4F:43:21:06:4C,SmartGate_543188,59.65505981,17.08318901,E0:4F:43,6,wpa2,2021-11-12T17:00:00.000Z,2026-06-27T21:00:00.000Z,,Uppsala län,SE,E 18;55,745 37
E0:4F:43:21:06:52,SmartGate_160547,47.44590378,8.33357048,E0:4F:43,6,wpa2,2018-06-19T14:00:00.000Z,2025-06-27T08:00:00.000Z,Neuenhof,Aargau,CH,Glärnischstrasse,5432
E0:4F:43:21:06:5A,SmartGate_160608,52.42781067,10.79124165,E0:4F:43,6,wpa2,2025-06-27T14:00:00.000Z,2025-07-07T12:00:00.000Z,Wolfsburg,Niedersachsen,DE,Heinrich-Nordhoff-Straße,38440
E0:4F:43:21:06:5E,SmartGate_158294,51.53721619,9.94734764,E0:4F:43,6,wpa2,2023-09-29T14:00:00.000Z,2026-06-04T00:00:00.000Z,Göttingen,Niedersachsen,DE,Düstere-Eichen-Weg,37073
E0:4F:43:21:06:5F,SmartGate_533583,51.41838455,-0.99234158,E0:4F:43,6,wpa2,2017-11-23T17:00:00.000Z,2026-07-23T10:00:00.000Z,,England,GB,M4,RG2 6UW
E0:4F:43:21:06:63,SmartGate_531876,50.67829895,17.89103317,E0:4F:43,6,wpa2,2023-04-19T16:00:00.000Z,2024-10-27T13:00:00.000Z,Opole,województwo opolskie,PL,Wrocławska,45-835
E0:4F:43:21:06:64,SmartGate_137021,50.01239777,19.88496017,E0:4F:43,6,wpa2,2017-06-18T17:00:00.000Z,2024-09-25T07:00:00.000Z,Kraków,województwo małopolskie,PL,,
E0:4F:43:21:06:65,SmartGate_706932,52.29838562,13.62901878,E0:4F:43,6,wpa2,2025-12-04T13:00:00.000Z,2025-12-04T05:00:00.000Z,,Brandenburg,DE,Gerichtsstraße,15711
E0:4F:43:21:06:6A,SMARTGATE_123456,44.44312668,26.10074806,E0:4F:43,6,wpa2,2018-03-18T15:00:00.000Z,2026-07-30T23:00:00.000Z,Municipiul București,Sector 1,RO,Strada Pitar Moș,010451
E0:4F:43:21:06:73,SmartGate_539180,54.69785309,25.27115631,E0:4F:43,6,wpa2,2017-05-26T15:00:00.000Z,2025-12-04T03:00:00.000Z,Vilnius,Vilniaus apskritis,LT,Konstitucijos pr.,08130
E0:4F:43:21:06:75,SmartGate_158468,48.29557037,11.31192398,E0:4F:43,6,wpa2,2018-10-08T17:00:00.000Z,2025-01-31T05:00:00.000Z,,Bayern,DE,,85247
E0:4F:43:21:06:7C,SmartGate_540710,60.21376419,24.85521317,E0:4F:43,6,wpa2,2018-01-21T14:00:00.000Z,2025-08-07T02:00:00.000Z,Helsinki,Manner-Suomi,FI,Poutamäentie,00360
E0:4F:43:21:06:88,SmartGate_532914,49.9993248,8.25764656,E0:4F:43,6,wpa2,2019-08-07T18:00:00.000Z,2025-05-22T08:00:00.000Z,Mainz,Rheinland-Pfalz,DE,Binger Straße,55122
E0:4F:43:21:06:89,Audi HUD,51.08007812,13.64225006,E0:4F:43,1,wpa2,2018-09-30T19:00:00.000Z,2025-04-25T14:00:00.000Z,Dresden,Sachsen,DE,Lößnitzblick,01156
E0:4F:43:21:06:8A,SmartGate_706881,50.86066437,12.86270046,E0:4F:43,6,wpa2,2026-07-11T09:00:00.000Z,2026-07-11T04:00:00.000Z,Chemnitz,Sachsen,DE,Haydnstraße,09247
E0:4F:43:21:06:92,SmartGate_160782,61.48227692,21.78064728,E0:4F:43,6,wpa2,2017-12-20T12:00:00.000Z,2025-07-14T13:00:00.000Z,Pori,Manner-Suomi,FI,Ratakatu,28500
E0:4F:43:21:06:93,SMARTGATE_123456,50.5205307,8.11429691,E0:4F:43,6,wpa2,2024-10-17T12:00:00.000Z,2024-10-21T12:00:00.000Z,,Hessen,DE,Ellarer Weg,65620
E0:4F:43:21:06:97,SmartGate_543367,52.70193481,6.18035126,E0:4F:43,6,wpa2,2018-05-04T19:00:00.000Z,2026-04-25T08:00:00.000Z,,Drenthe,NL,Zomerdijk,7942JT
E0:4F:43:21:06:9F,SMARTGATE_123456,48.15312576,11.61299229,E0:4F:43,6,wpa2,2025-10-19T18:00:00.000Z,2025-10-26T10:00:00.000Z,München,Bayern,DE,Hornsteinstraße,81679
E0:4F:43:21:06:A0,SMARTGATE_123456,64.75104523,20.79018402,E0:4F:43,6,wpa2,2025-09-05T16:00:00.000Z,2025-09-05T09:00:00.000Z,,Västerbottens län,SE,Medlevägen,
E0:4F:43:21:06:A2,SmartGate_160712,51.29727554,12.37679386,E0:4F:43,6,wpa2,2017-08-02T14:00:00.000Z,2025-10-12T04:00:00.000Z,Leipzig,Sachsen,DE,B 2,04277
E0:4F:43:21:06:A8,SmartGate_539245,45.74319458,21.21153069,E0:4F:43,6,wpa2,2018-03-09T14:00:00.000Z,2025-07-29T03:00:00.000Z,Timișoara,Timiș,RO,Intrarea Lungă,300181
E0:4F:43:21:06:AA,SmartGate_170070,50.70106888,11.01929951,E0:4F:43,6,wpa2,2025-06-26T04:00:00.000Z,2025-06-25T22:00:00.000Z,,Thüringen,DE,Alte Gehrener Straße,98693
E0:4F:43:21:06:AB,SMARTGATE_123456,62.25122833,25.76646423,E0:4F:43,6,wpa2,2020-08-10T15:00:00.000Z,2025-08-14T06:00:00.000Z,Jyväskylä,Manner-Suomi,FI,Ailakinkatu,40100
E0:4F:43:21:06:B3,SmartGate_707298,48.26716995,11.29623032,E0:4F:43,6,wpa2,2018-02-24T17:00:00.000Z,2024-11-06T03:00:00.000Z,,Bayern,DE,Huberanger,85232
E0:4F:43:21:06:B8,SmartGate_029546,46.78397751,23.55871201,E0:4F:43,6,wpa2,2025-02-17T16:00:00.000Z,2025-02-17T12:00:00.000Z,Cluj-Napoca,Cluj,RO,Strada Corneliu Coposu,400228
E0:4F:43:21:06:BF,SmartGate_538727,56.42708588,12.8576088,E0:4F:43,6,wpa2,2019-12-03T16:00:00.000Z,2026-04-23T04:00:00.000Z,,Skåne län,SE,Köpmansgatan,26938
E0:4F:43:21:06:C2,SmartGate_160842,52.60697937,13.57704926,E0:4F:43,6,wpa2,2017-07-30T11:00:00.000Z,2026-04-08T12:00:00.000Z,,Brandenburg,DE,Östlicher Berliner Ring,16321
E0:4F:43:21:06:C4,SmartGate_153559,50.61525726,10.60198498,E0:4F:43,6,wpa2,2019-06-02T12:00:00.000Z,2025-06-21T09:00:00.000Z,,Thüringen,DE,A 71,98529
E0:4F:43:21:06:C6,SMARTGATE_123456,60.20858383,24.62885094,E0:4F:43,6,wpa2,2018-09-04T17:00:00.000Z,2026-04-17T02:00:00.000Z,Espoo,Manner-Suomi,FI,Kehä III,02810
E0:4F:43:21:06:CC,SmartGate_536280,50.69193649,11.32730484,E0:4F:43,6,wpa2,2025-07-07T09:00:00.000Z,2025-07-09T10:00:00.000Z,,Thüringen,DE,Herbert-Stauch-Straße,07407
E0:4F:43:21:06:D1,SmartGate_540621,50.53417969,7.17499352,E0:4F:43,6,wpa2,2024-05-26T14:00:00.000Z,2026-06-03T07:00:00.000Z,,Rheinland-Pfalz,DE,A 61,53474
E0:4F:43:21:06:D2,SmartGate_160752,50.9457283,13.15889454,E0:4F:43,6,wpa2,2019-03-14T07:00:00.000Z,2025-06-10T06:00:00.000Z,,Sachsen,DE,S 201,09661
E0:4F:43:21:06:D5,SmartGate_532370,44.45067978,26.0990181,E0:4F:43,6,wpa2,2023-12-22T12:00:00.000Z,2026-07-07T09:00:00.000Z,Municipiul București,Dorobanți,RO,Calea Dorobanților,010556
E0:4F:43:21:06:E4,SmartGate_534135,51.45810318,11.98122978,E0:4F:43,6,wpa2,2017-05-14T23:00:00.000Z,2026-05-10T14:00:00.000Z,,Sachsen-Anhalt,DE,Merseburger Straße,06110
E0:4F:43:21:06:EC,SmartGate_532515,49.90001297,18.35360718,E0:4F:43,6,wpa2,2019-03-17T18:00:00.000Z,2024-10-27T10:00:00.000Z,Bohumín,Moravskoslezsko,CZ,9. května,73581
E0:4F:43:21:06:F8,SmartGate_532868,50.03390884,14.42890835,E0:4F:43,6,wpa2,2019-06-07T09:00:00.000Z,2025-10-12T08:00:00.000Z,Hlavní město Praha,Praha,CZ,Jižní spojka,14700
E0:4F:43:21:07:05,SmartGate_536778,52.06216431,4.3161006,E0:4F:43,6,wpa2,2017-04-28T08:00:00.000Z,2024-08-14T11:00:00.000Z,Den Haag,Zuid-Holland,NL,Verheeskade,2521BN
E0:4F:43:21:07:0A,SMARTGATE_123456,51.32366562,9.28267097,E0:4F:43,6,wpa2,2025-10-03T15:00:00.000Z,2026-05-23T05:00:00.000Z,,Hessen,DE,A 44,34289
E0:4F:43:21:07:0B,SmartGate_537047,51.92796326,9.62652969,E0:4F:43,6,wpa2,2026-06-07T09:00:00.000Z,2026-06-07T04:00:00.000Z,,Niedersachsen,DE,Odfeldstraße,37632
E0:4F:43:21:07:11,SmartGate_540596,50.81326675,12.45054913,E0:4F:43,6,wpa2,2023-05-27T14:00:00.000Z,2025-12-21T09:00:00.000Z,,Sachsen,DE,B 93,08393
E0:4F:43:21:07:14,SmartGate_537821,51.14988708,6.37566948,E0:4F:43,6,wpa2,2017-10-31T15:00:00.000Z,2025-05-16T10:00:00.000Z,Mönchengladbach,Nordrhein-Westfalen,DE,Stadtwaldstraße,41179
E0:4F:43:21:07:15,SmartGate_542834,46.75157166,23.53334618,E0:4F:43,6,wpa2,2026-04-16T13:00:00.000Z,2026-04-16T07:00:00.000Z,Cluj-Napoca,Cluj,RO,Strada Valea Gârbăului,400520
E0:4F:43:21:07:18,SmartGate_536895,63.38644028,10.32548237,E0:4F:43,6,wpa2,2022-01-15T19:00:00.000Z,2026-04-12T19:00:00.000Z,,Trøndelag,NO,Nils Uhlin Hansens veg,7026
E0:4F:43:21:07:1B,SmartGate_547805,63.10530472,21.64450073,E0:4F:43,6,wpa2,2017-07-20T10:00:00.000Z,2026-04-22T07:00:00.000Z,Vaasa,Manner-Suomi,FI,Ainonkatu,65300
E0:4F:43:21:07:1F,SMARTGATE_123456,48.88363647,14.70612717,E0:4F:43,6,wpa2,2023-11-18T10:00:00.000Z,2025-04-12T12:00:00.000Z,,Jihozápad,CZ,15428,37332
E0:4F:43:21:07:22,SmartGate_161185,49.51428986,8.56021595,E0:4F:43,6,wpa2,2025-09-01T07:00:00.000Z,2025-09-01T04:00:00.000Z,,Baden-Württemberg,DE,A 6,68309
E0:4F:43:21:07:2C,SmartGate_532428,47.47869873,7.61689997,E0:4F:43,6,wpa2,2025-10-25T09:00:00.000Z,2025-10-25T02:00:00.000Z,,Solothurn,CH,Hauptstrasse,4143
E0:4F:43:21:07:2D,SmartGate_532602,61.4937439,23.57770729,E0:4F:43,6,wpa2,2019-01-22T08:00:00.000Z,2026-07-13T04:00:00.000Z,,Manner-Suomi,FI,Tampereen läntinen kehätie,33330
E0:4F:43:21:07:34,SmartGate_532707,60.30367279,24.78591347,E0:4F:43,6,wpa2,2017-10-13T10:00:00.000Z,2025-10-20T05:00:00.000Z,,Manner-Suomi,FI,Pihakoivuntie,01680
E0:4F:43:21:07:35,SmartGate_534336,49.20797348,16.4144516,E0:4F:43,6,wpa2,2017-06-07T16:00:00.000Z,2025-12-19T08:00:00.000Z,,Jihovýchod,CZ,Osvobození,66481
E0:4F:43:21:07:36,SmartGate_153820,48.17340851,11.58184528,E0:4F:43,6,wpa2,2018-05-14T18:00:00.000Z,2026-05-03T15:00:00.000Z,München,Bayern,DE,Parzivalstraße,80804
E0:4F:43:21:07:37,SmartGate_540083,53.19002151,9.27947998,E0:4F:43,6,wpa2,2025-01-05T10:00:00.000Z,2025-01-23T12:00:00.000Z,,Niedersachsen,DE,A 1,27367
E0:4F:43:21:07:3C,SmartGate_538677,59.36648178,18.00686455,E0:4F:43,6,wpa2,2017-04-20T08:00:00.000Z,2026-05-29T07:00:00.000Z,,Stockholms län,SE,Dalvägen,169 59
E0:4F:43:21:07:40,SmartGate_540656,49.51736069,8.65649223,E0:4F:43,6,wpa2,2020-10-07T07:00:00.000Z,2025-11-17T13:00:00.000Z,,Baden-Württemberg,DE,B 3,69493
E0:4F:43:21:07:42,SmartGate_532638,60.64260864,24.83166695,E0:4F:43,6,wpa2,2019-01-31T12:00:00.000Z,2025-03-23T10:00:00.000Z,,Manner-Suomi,FI,Välenojankatu,05880
E0:4F:43:21:07:49,SMARTGATE_123456,50.09775925,14.43321705,E0:4F:43,6,wpa2,2020-09-02T15:00:00.000Z,2026-06-12T01:00:00.000Z,Hlavní město Praha,Praha,CZ,Kostelní,170 00
E0:4F:43:21:07:50,SmartGate_546241,52.23109436,20.96228218,E0:4F:43,6,wpa2,2019-04-16T09:00:00.000Z,2026-04-07T07:00:00.000Z,Warszawa,województwo mazowieckie,PL,Wolska,01-229
E0:4F:43:21:07:51,SmartGate_706915,50.10006714,8.58566284,E0:4F:43,6,wpa2,2017-07-31T11:00:00.000Z,2024-10-04T01:00:00.000Z,Frankfurt am Main,Hessen,DE,B40a,65933
E0:4F:43:21:07:52,SmartGate_029674,60.1661377,24.93600845,E0:4F:43,6,wpa2,2017-11-11T15:00:00.000Z,2025-10-20T10:00:00.000Z,Helsinki,Manner-Suomi,FI,Lönnrotinkatu,00120
E0:4F:43:21:07:54,SmartGate_033493,49.82841492,18.2592659,E0:4F:43,6,wpa2,2025-09-03T06:00:00.000Z,2025-09-04T04:00:00.000Z,Ostrava,Moravskoslezsko,CZ,28. října,70900
E0:4F:43:21:07:57,SmartGate_708104,53.46576691,9.9897604,E0:4F:43,6,wpa2,2024-05-05T10:00:00.000Z,2025-06-11T09:00:00.000Z,Hamburg,Harburg,DE,Veritaskai,21079
E0:4F:43:21:07:5E,SmartGate_533135,49.21099854,16.64292145,E0:4F:43,6,wpa2,2017-07-12T08:00:00.000Z,2025-02-22T06:00:00.000Z,Brno,Jihovýchod,CZ,Karlova,61400
E0:4F:43:21:07:63,SmartGate_029812,60.17580032,24.77912521,E0:4F:43,6,wpa2,2017-07-01T13:00:00.000Z,2025-12-23T09:00:00.000Z,Espoo,Manner-Suomi,FI,Koivu-Mankkaan tie,02120
E0:4F:43:21:07:64,SmartGate_033155,50.04615021,14.44465446,E0:4F:43,6,wpa2,2017-08-11T16:00:00.000Z,2026-07-28T11:00:00.000Z,Hlavní město Praha,Praha,CZ,Herálecká Ⅰ,14000
E0:4F:43:21:07:6C,SmartGate_160509,50.06982803,14.42787075,E0:4F:43,6,wpa2,2018-11-10T09:00:00.000Z,2026-04-28T09:00:00.000Z,Hlavní město Praha,Praha,CZ,Albertov,12132
E0:4F:43:21:07:71,SmartGate_149817,48.14428329,11.59741402,E0:4F:43,6,wpa2,2018-07-15T09:00:00.000Z,2026-06-19T03:00:00.000Z,München,Bayern,DE,Wilhelm-Hausenstein-Weg,81675
E0:4F:43:21:07:74,SmartGate_161138,48.70434952,9.28293037,E0:4F:43,6,wpa2,2020-09-25T12:00:00.000Z,2026-05-19T09:00:00.000Z,,Baden-Württemberg,DE,Greut,73760
E0:4F:43:21:07:7C,SmartGate_152619,60.30081177,24.98796463,E0:4F:43,6,wpa2,2022-04-12T12:00:00.000Z,2025-07-04T06:00:00.000Z,Vantaa,Manner-Suomi,FI,Kiitoradantie,01530
E0:4F:43:21:07:7D,SmartGate_536477,59.608078,16.63915825,E0:4F:43,6,wpa2,2025-03-27T17:00:00.000Z,2025-09-13T05:00:00.000Z,Västerås,Västmanlands län,SE,Stockholmsvägen,721 34
E0:4F:43:21:07:80,SmartGate_535890,49.51366425,6.11566067,E0:4F:43,6,wpa2,2023-04-03T11:00:00.000Z,2026-06-12T07:00:00.000Z,,Canton Esch-sur-Alzette,LU,Autoroute de Dudelange,3209
E0:4F:43:21:07:82,SmartGate_538870,60.59123611,24.69066238,E0:4F:43,6,wpa2,2017-05-14T19:00:00.000Z,2025-06-26T08:00:00.000Z,,Manner-Suomi,FI,Maapässintie,05720
E0:4F:43:21:07:83,SmartGate_543080,49.19644165,18.80786896,E0:4F:43,6,wpa2,2001-01-01T01:00:00.000Z,2026-06-29T08:00:00.000Z,Žilina,Žilinský kraj,SK,18,010 01
E0:4F:43:21:07:85,SmartGate_531780,50.17692947,14.45207119,E0:4F:43,6,wpa2,2026-04-02T11:00:00.000Z,2026-04-03T08:00:00.000Z,,Střední Čechy,CZ,D8,250 65
E0:4F:43:21:07:8F,SmartGate_707154,53.72578812,8.60715961,E0:4F:43,6,wpa2,2025-04-23T14:00:00.000Z,2026-02-07T16:00:00.000Z,Wurster Nordseeküste,Niedersachsen,DE,Specken,27639
E0:4F:43:21:07:97,SmartGate_165812,49.02797699,14.37709522,E0:4F:43,6,wpa2,2022-12-21T11:00:00.000Z,2025-08-24T13:00:00.000Z,,Jihozápad,CZ,20,373 44
E0:4F:43:21:07:98,SmartGate_537062,64.98854828,19.43505859,E0:4F:43,6,wpa2,2025-10-03T08:00:00.000Z,2026-07-02T11:00:00.000Z,,Västerbottens län,SE,365,
E0:4F:43:21:07:9B,SMARTGATE_123456,49.23834991,13.96047688,E0:4F:43,6,wpa2,2017-09-04T07:00:00.000Z,2025-08-30T17:00:00.000Z,,Jihozápad,CZ,1428,386 01
E0:4F:43:21:07:9F,SmartGate_532853,45.57813644,25.45226097,E0:4F:43,6,wpa2,2023-02-13T12:00:00.000Z,2026-05-18T02:00:00.000Z,,Brașov,RO,DN73A,505400
E0:4F:43:21:07:A0,SmartGate_143528,48.32123947,11.18448734,E0:4F:43,6,wpa2,2018-04-15T14:00:00.000Z,2025-07-25T03:00:00.000Z,,Bayern,DE,A 8,85235
E0:4F:43:21:07:A3,SmartGate_538806,49.94295883,16.89778519,E0:4F:43,6,wpa2,2019-02-27T20:00:00.000Z,2026-07-16T06:00:00.000Z,,Střední Morava,CZ,,78901
E0:4F:43:21:07:A8,SmartGate_139344,61.49174881,23.77289963,E0:4F:43,6,wpa2,2020-08-31T15:00:00.000Z,2026-04-28T06:00:00.000Z,Tampere,Manner-Suomi,FI,Sorinkatu,33100
E0:4F:43:21:07:A9,SmartGate_532469,48.62360764,13.21029282,E0:4F:43,6,wpa2,2024-12-21T14:00:00.000Z,2024-12-21T07:00:00.000Z,Vilshofen an der Donau,Bayern,DE,,94474
E0:4F:43:21:07:AD,SmartGate_542825,52.42251968,16.89481735,E0:4F:43,6,wpa2,2025-01-08T06:00:00.000Z,2025-12-13T09:00:00.000Z,,województwo wielkopolskie,PL,Niestachowska,60-545
E0:4F:43:21:07:B4,SmartGate_534458,60.46916199,22.35315704,E0:4F:43,6,wpa2,2017-12-21T16:00:00.000Z,2026-03-05T06:00:00.000Z,,Manner-Suomi,FI,Hämeentie,20610
E0:4F:43:21:07:B5,SMARTGATE_123456,52.40610123,13.03760624,E0:4F:43,6,wpa2,2019-04-26T15:00:00.000Z,2025-06-22T03:00:00.000Z,Potsdam,Brandenburg,DE,Bornstedter Straße,14469
E0:4F:43:21:07:B6,SmartGate_540638,49.53623962,15.38101768,E0:4F:43,6,wpa2,2018-03-16T10:00:00.000Z,2025-08-24T06:00:00.000Z,,Jihovýchod,CZ,03418,
E0:4F:43:21:07:BC,SmartGate_531894,61.40921021,23.80584526,E0:4F:43,6,wpa2,2018-08-02T13:00:00.000Z,2025-11-26T03:00:00.000Z,Lempäälä,Manner-Suomi,FI,Ilvestie,33880
E0:4F:43:21:07:BF,SmartGate_538786,53.34020996,-2.97484612,E0:4F:43,6,wpa2,2018-02-12T14:00:00.000Z,2026-05-06T07:00:00.000Z,,England,GB,Welton Road,CH62 3PN
E0:4F:43:21:07:C0,SmartGate_706086,49.78425598,10.41701984,E0:4F:43,6,wpa2,2022-03-08T10:00:00.000Z,2026-06-26T05:00:00.000Z,,Bayern,DE,A 3,97353
E0:4F:43:21:07:C9,SmartGate_143453,51.56797028,7.05204153,E0:4F:43,6,wpa2,2018-08-12T14:00:00.000Z,2024-10-07T04:00:00.000Z,Gelsenkirchen,Nordrhein-Westfalen,DE,Flutgrabenweg,45897
E0:4F:43:21:07:CA,SmartGate_546117,50.12340927,14.07471466,E0:4F:43,6,wpa2,2019-12-10T18:00:00.000Z,2026-05-31T13:00:00.000Z,,Střední Čechy,CZ,Rozdělovská,27361
E0:4F:43:21:07:D1,SmartGate_543321,50.025383,14.40538692,E0:4F:43,6,wpa2,2018-05-01T10:00:00.000Z,2025-03-29T07:00:00.000Z,Hlavní město Praha,Praha,CZ,Pod Kopcem,14700
E0:4F:43:21:07:D2,SmartGate_536457,58.90472031,5.73092222,E0:4F:43,6,wpa2,2019-07-05T12:00:00.000Z,2025-03-18T00:00:00.000Z,Stavanger,Rogaland,NO,Dronningåsen,4032
E0:4F:43:21:07:D8,SmartGate_706119,53.56158066,9.98758698,E0:4F:43,6,wpa2,2017-10-06T18:00:00.000Z,2025-12-30T08:00:00.000Z,Hamburg,Hamburg-Mitte,DE,Tiergartenstraße,20355
E0:4F:43:21:07:E4,SmartGate_707166,53.40299988,10.03151417,E0:4F:43,6,wpa2,2019-04-13T12:00:00.000Z,2026-05-03T06:00:00.000Z,,Niedersachsen,DE,Am Klärwerk,21217
E0:4F:43:21:07:E6,SmartGate_149963,49.64725113,18.18780136,E0:4F:43,6,wpa2,2017-12-08T13:00:00.000Z,2024-10-28T08:00:00.000Z,,Moravskoslezsko,CZ,D48,742 58
E0:4F:43:21:07:E9,SmartGate_706129,49.43471146,10.96819496,E0:4F:43,6,wpa2,2021-12-20T13:00:00.000Z,2025-07-22T13:00:00.000Z,Oberasbach,Bayern,DE,Rothenburger Straße,90522
E0:4F:43:21:07:EA,SmartGate_532675,60.6277504,24.86508369,E0:4F:43,6,wpa2,2025-10-22T13:00:00.000Z,2026-05-02T06:00:00.000Z,,Manner-Suomi,FI,Sillankorvankatu,05801
E0:4F:43:21:07:ED,SMARTGATE_123456,52.29285049,10.48152065,E0:4F:43,6,wpa2,2026-05-31T12:00:00.000Z,2026-05-31T11:00:00.000Z,Braunschweig,Niedersachsen,DE,A 392,38114
E0:4F:43:21:07:F1,SmartGate_705398,47.45856857,19.04668617,E0:4F:43,6,wpa2,2019-05-31T15:00:00.000Z,2026-04-25T11:00:00.000Z,,Budapest,HU,Kalotaszeg utca,1116
E0:4F:43:21:07:FF,SmartGate_532697,48.97810364,14.46398163,E0:4F:43,6,wpa2,2024-08-19T15:00:00.000Z,2024-08-19T09:00:00.000Z,České Budějovice,Jihozápad,CZ,3,370 01
E0:4F:43:21:08:00,SmartGate_707192,45.91732407,6.87149858,E0:4F:43,6,wpa2,2020-08-11T07:00:00.000Z,2026-07-28T23:00:00.000Z,,Auvergne-Rhône-Alpes,FR,Route Blanche,74400
E0:4F:43:21:08:08,SmartGate_143382,49.87205887,8.6369276,E0:4F:43,6,wpa2,2019-01-25T08:00:00.000Z,2025-04-12T07:00:00.000Z,Darmstadt,Hessen,DE,Mornewegstraße,64293
E0:4F:43:21:08:09,SmartGate_160315,51.00857925,12.68440056,E0:4F:43,6,wpa2,2019-05-29T16:00:00.000Z,2025-09-05T12:00:00.000Z,,Sachsen,DE,A 72,04643
E0:4F:43:21:08:0D,SmartGate_705967,53.41622543,10.42069817,E0:4F:43,6,wpa2,2018-09-13T09:00:00.000Z,2025-07-05T10:00:00.000Z,,Schleswig-Holstein,DE,Nordweg,21502
E0:4F:43:21:08:0F,SmartGate_705968,51.05381775,13.71826077,E0:4F:43,6,wpa2,2020-10-09T16:00:00.000Z,2025-03-25T10:00:00.000Z,Dresden,Sachsen,DE,Löbtauer Straße,01067
E0:4F:43:21:08:10,SMARTGATE_123456,51.46182632,6.70031118,E0:4F:43,6,wpa2,2022-10-06T13:00:00.000Z,2026-07-31T09:00:00.000Z,Duisburg,Nordrhein-Westfalen,DE,Rheindeichstraße,47198
E0:4F:43:21:08:11,SMARTGATE_123456,52.03726578,8.68029976,E0:4F:43,6,wpa2,2017-04-30T11:00:00.000Z,2025-07-27T11:00:00.000Z,,Nordrhein-Westfalen,DE,Zur Hohen Warte,33818
E0:4F:43:21:08:13,SmartGate_706037,48.24666214,12.68238354,E0:4F:43,6,wpa2,2026-05-14T08:00:00.000Z,2026-05-14T02:00:00.000Z,,Bayern,DE,Bahnhofstraße,84524
E0:4F:43:21:08:23,SmartGate_160050,50.99289703,12.44436741,E0:4F:43,6,wpa2,2023-02-07T16:00:00.000Z,2025-04-18T00:00:00.000Z,,Thüringen,DE,Wettinerstraße,04600
E0:4F:43:21:08:30,SmartGate_535771,60.01883698,17.74502182,E0:4F:43,6,wpa2,2026-01-10T13:00:00.000Z,2026-01-10T21:00:00.000Z,,Uppsala län,SE,290,743 50
E0:4F:43:21:08:39,SmartGate_153713,50.68774414,8.38688374,E0:4F:43,6,wpa2,2025-08-07T14:00:00.000Z,2025-08-07T10:00:00.000Z,,Hessen,DE,Leipziger Straße,35756
E0:4F:43:21:08:3B,SmartGate_159444,47.42101288,8.39240074,E0:4F:43,6,wpa2,2025-06-05T05:00:00.000Z,2025-06-05T02:00:00.000Z,,Zürich,CH,Mutschellenstrasse,8953
E0:4F:43:21:08:41,SmartGate_046432,60.43709564,24.83393478,E0:4F:43,6,wpa2,2025-05-24T11:00:00.000Z,2025-06-05T06:00:00.000Z,,Manner-Suomi,FI,Hämeenlinnanväylä,01901
E0:4F:43:21:08:42,SmartGate_540418,48.37761688,16.15497398,E0:4F:43,6,wpa2,2018-02-14T14:00:00.000Z,2025-07-11T02:00:00.000Z,,Niederösterreich,AT,Stockerauer Schnellstraße,2000
E0:4F:43:21:08:44,SmartGate_707105,51.65916824,7.83887625,E0:4F:43,6,wpa2,2025-11-15T10:00:00.000Z,2025-11-15T03:00:00.000Z,Hamm,Nordrhein-Westfalen,DE,Werler Straße,
E0:4F:43:21:08:46,SmartGate_159439,48.80374527,8.16195393,E0:4F:43,6,wpa2,2018-05-03T10:00:00.000Z,2026-07-12T16:00:00.000Z,,Baden-Württemberg,DE,,76532
E0:4F:43:21:08:47,SmartGate_542768,49.94789505,14.72269249,E0:4F:43,6,wpa2,2017-07-02T11:00:00.000Z,2026-01-30T04:00:00.000Z,,Střední Čechy,CZ,,25164
E0:4F:43:21:08:50,SmartGate_045807,51.28044128,-0.2401958,E0:4F:43,6,wpa2,2024-03-16T14:00:00.000Z,2025-07-18T03:00:00.000Z,Reigate and Banstead,England,GB,Holmcroft,KT20 7UE
E0:4F:43:21:08:52,SmartGate_160701,51.02486801,13.80429173,E0:4F:43,6,wpa2,2019-05-21T08:00:00.000Z,2025-06-27T06:00:00.000Z,Dresden,Sachsen,DE,Sonniger Weg,01237
E0:4F:43:21:08:53,SmartGate_158455,50.10122299,14.46064949,E0:4F:43,6,wpa2,2018-11-02T17:00:00.000Z,2024-11-14T12:00:00.000Z,Hlavní město Praha,Praha,CZ,U Libeňského mostu,180 00
E0:4F:43:21:08:56,SmartGate_540073,60.21149826,24.86137581,E0:4F:43,5,wpa2,2022-05-18T08:00:00.000Z,2024-11-01T14:00:00.000Z,Helsinki,Manner-Suomi,FI,Talin puistotie,00360
E0:4F:43:21:08:5B,SmartGate_535142,51.29969788,7.29090023,E0:4F:43,6,wpa2,2017-09-07T08:00:00.000Z,2025-12-14T02:00:00.000Z,,Nordrhein-Westfalen,DE,Friedrich-Ebert-Straße,58332
E0:4F:43:21:08:5D,SmartGate_542779,49.35548782,10.95452976,E0:4F:43,6,wpa2,2022-04-12T17:00:00.000Z,2024-09-05T09:00:00.000Z,,Bayern,DE,RH 11,91189
E0:4F:43:21:08:60,SmartGate_153850,60.20688629,24.84111786,E0:4F:43,6,wpa2,2024-06-28T14:00:00.000Z,2025-09-24T09:00:00.000Z,Espoo,Manner-Suomi,FI,Turunväylä,00360
E0:4F:43:21:08:65,SmartGate_540843,61.0043602,24.43727493,E0:4F:43,6,wpa2,2018-11-01T16:00:00.000Z,2026-01-05T09:00:00.000Z,Hämeenlinna,Manner-Suomi,FI,Helsinki-Tampere valtatie,13130
E0:4F:43:21:08:6A,SMARTGATE_123456,50.95026016,6.91657543,E0:4F:43,6,wpa2,2018-05-06T16:00:00.000Z,2025-12-22T22:00:00.000Z,Köln,Nordrhein-Westfalen,DE,Ehrenfeldgürtel,50825
E0:4F:43:21:08:6E,SmartGate_536870,46.55761719,15.66067982,E0:4F:43,6,wpa2,2017-07-27T18:00:00.000Z,2026-05-08T22:00:00.000Z,Maribor,Melje,SI,430,2000
E0:4F:43:21:08:6F,SmartGate_540743,64.71757507,24.95904541,E0:4F:43,6,wpa2,2026-03-10T13:00:00.000Z,2026-03-10T08:00:00.000Z,Siikajoki,Manner-Suomi,FI,Kasitie,92350
E0:4F:43:21:08:71,SmartGate_165465,50.08165741,14.57400227,E0:4F:43,6,wpa2,2019-12-12T13:00:00.000Z,2026-02-22T04:00:00.000Z,Hlavní město Praha,Praha,CZ,Jinolická,19012
E0:4F:43:21:08:73,SmartGate_168830,66.49677277,25.70346832,E0:4F:43,6,wpa2,2018-07-04T17:00:00.000Z,2026-02-06T06:00:00.000Z,Rovaniemi,Manner-Suomi,FI,Lampelankatu,96100
E0:4F:43:21:08:79,SmartGate_138263,52.20051956,-2.19910097,E0:4F:43,6,wpa2,2018-03-04T20:00:00.000Z,2026-06-28T12:00:00.000Z,Worcester,England,GB,Birch Avenue,WR4 9EY
E0:4F:43:21:08:83,SmartGate_708123,48.61167908,9.11662769,E0:4F:43,6,wpa2,2023-09-28T09:00:00.000Z,2025-10-26T05:00:00.000Z,,Baden-Württemberg,DE,Weinweg,71111
E0:4F:43:21:08:85,SmartGate_535871,48.88039017,17.11453438,E0:4F:43,6,wpa2,2017-08-31T18:00:00.000Z,2025-07-19T06:00:00.000Z,,Jihovýchod,CZ,431,69501
E0:4F:43:21:08:8C,SmartGate_538790,53.08132935,8.83182335,E0:4F:43,6,wpa2,2025-05-11T16:00:00.000Z,2025-05-11T13:00:00.000Z,Bremen,Bremen,DE,Schwachhauser Heerstraße,28209
E0:4F:43:21:08:90,SmartGate_540713,50.05558014,14.28761196,E0:4F:43,6,wpa2,2024-04-22T11:00:00.000Z,2025-10-14T08:00:00.000Z,Hlavní město Praha,Praha,CZ,Řevnická,15521
E0:4F:43:21:08:9E,SmartGate_160076,49.47318268,11.10774517,E0:4F:43,6,wpa2,2017-07-18T07:00:00.000Z,2025-04-29T15:00:00.000Z,Nürnberg,Bayern,DE,Kieslingstraße,90491
E0:4F:43:21:08:A0,SmartGate_169368,50.08443451,14.3461504,E0:4F:43,6,wpa2,2018-01-09T12:00:00.000Z,2025-04-08T12:00:00.000Z,Hlavní město Praha,Praha,CZ,Brunclíkova,16200
E0:4F:43:21:08:AA,SmartGate_543068,60.19748688,24.90929604,E0:4F:43,6,wpa2,2017-06-15T15:00:00.000Z,2026-04-19T10:00:00.000Z,Helsinki,Manner-Suomi,FI,Ratsastie,00270
E0:4F:43:21:08:AB,SmartGate_708199,52.413311,10.73651314,E0:4F:43,6,wpa2,2022-06-03T07:00:00.000Z,2025-01-19T15:00:00.000Z,Wolfsburg,Niedersachsen,DE,Frankfurter Straße,38444
E0:4F:43:21:08:B2,SmartGate_169949,52.65556335,13.64571857,E0:4F:43,6,wpa2,2017-12-28T09:00:00.000Z,2024-10-30T12:00:00.000Z,,Brandenburg,DE,L 30,16321
E0:4F:43:21:08:B4,SmartGate_168970,52.37156296,9.7386961,E0:4F:43,6,wpa2,2018-11-09T09:00:00.000Z,2026-05-29T12:00:00.000Z,Hannover,Niedersachsen,DE,Osterstraße,30159
E0:4F:43:21:08:B5,SmartGate_537604,60.19321442,24.77229118,E0:4F:43,6,wpa2,2019-12-19T17:00:00.000Z,2025-08-25T06:00:00.000Z,Espoo,Manner-Suomi,FI,Vanhan-Mankkaan tie,02180
E0:4F:43:21:08:B6,SmartGate_535665,59.29782867,17.97441673,E0:4F:43,6,wpa2,2018-02-16T08:00:00.000Z,2025-10-13T06:00:00.000Z,,Stockholms län,SE,Personnevägen,129 35
E0:4F:43:21:08:BA,SmartGate_542778,50.03695297,14.36217022,E0:4F:43,6,wpa2,2019-02-24T23:00:00.000Z,2026-04-16T04:00:00.000Z,Hlavní město Praha,Praha,CZ,Dasnická,15200
E0:4F:43:21:08:BF,SmartGate_158185,53.57227707,10.07098961,E0:4F:43,6,wpa2,2023-04-07T13:00:00.000Z,2025-03-15T07:00:00.000Z,Hamburg,Wandsbek,DE,Robert-Schuman-Brücke,22041
E0:4F:43:21:08:C4,SMARTGATE_123456,47.74308395,8.95325756,E0:4F:43,6,wpa2,2018-07-03T10:00:00.000Z,2025-03-20T11:00:00.000Z,,Baden-Württemberg,DE,Herrenlandstraße,78315
E0:4F:43:21:08:C6,SmartGate_540797,53.65754318,9.90679932,E0:4F:43,6,wpa2,2019-01-27T16:00:00.000Z,2025-04-27T10:00:00.000Z,,Schleswig-Holstein,DE,Kieler Straße,25474
E0:4F:43:21:08:CE,SmartGate_158360,52.66059113,9.70086956,E0:4F:43,6,wpa2,2001-04-27T15:00:00.000Z,2025-04-04T09:00:00.000Z,Hamburg,Rotherbaum,DE,Edmund-Siemers-Allee,20146
E0:4F:43:21:08:CF,SMARTGATE_123456,48.21074677,16.3816452,E0:4F:43,6,wpa2,2019-07-24T12:00:00.000Z,2026-04-27T06:00:00.000Z,Wien,Stubenviertel,AT,Wiesingerstraße,1010
E0:4F:43:21:08:D2,SmartGate_708100,51.45885086,6.99385023,E0:4F:43,6,wpa2,2023-03-10T14:00:00.000Z,2026-03-26T12:00:00.000Z,Essen,Nordrhein-Westfalen,DE,Westendstraße,45143
E0:4F:43:21:08:D3,SmartGate_158724,47.47996902,11.0492382,E0:4F:43,6,wpa2,2026-08-03T13:00:00.000Z,2026-08-09T14:00:00.000Z,,Bayern,DE,B 23,82467
E0:4F:43:21:08:D4,SmartGate_158093,53.5060463,10.06134415,E0:4F:43,6,wpa2,2018-01-16T09:00:00.000Z,2025-10-05T21:00:00.000Z,Hamburg,Hamburg-Mitte,DE,Moorfleeter Hauptdeich,22113
E0:4F:43:21:08:D6,SMARTGATE_123456,53.04540634,8.92625141,E0:4F:43,6,wpa2,2018-05-22T09:00:00.000Z,2025-12-14T09:00:00.000Z,Bremen,Bremen,DE,Hermann-Osterloh-Straße,28307
E0:4F:43:21:08:D7,SmartGate_165615,50.83335114,12.92612743,E0:4F:43,6,wpa2,2019-12-07T09:00:00.000Z,2025-03-29T05:00:00.000Z,Chemnitz,Sachsen,DE,Bahnhofstraße,09111
E0:4F:43:21:08:DB,SmartGate_159710,47.32135391,7.90666533,E0:4F:43,6,wpa2,2022-01-21T15:00:00.000Z,2025-12-24T05:00:00.000Z,,Aargau,CH,Güterstrasse,4663
E0:4F:43:21:08:E1,SmartGate_707028,50.86214828,12.86576843,E0:4F:43,6,wpa2,2026-06-06T11:00:00.000Z,2026-06-06T06:00:00.000Z,Chemnitz,Sachsen,DE,Ringstraße,09247
E0:4F:43:21:08:E3,SmartGate_542756,51.31217194,9.46504974,E0:4F:43,6,wpa2,2025-08-24T15:00:00.000Z,2025-08-24T09:00:00.000Z,Kassel,Hessen,DE,Wehlheider Platz,34121
E0:4F:43:21:08:E5,SmartGate_541921,54.09163284,12.14969063,E0:4F:43,6,wpa2,2017-07-18T07:00:00.000Z,2025-10-07T13:00:00.000Z,Rostock,Mecklenburg-Vorpommern,DE,Gaffelschonerweg,18055
E0:4F:43:21:08:E6,SmartGate_165455,53.03412628,8.91927719,E0:4F:43,6,wpa2,2024-11-03T13:00:00.000Z,2024-11-09T06:00:00.000Z,Bremen,Bremen,DE,A 1,28307
E0:4F:43:21:08:E8,SmartGate_173268,50.66158295,14.04144669,E0:4F:43,6,wpa2,2018-08-18T13:00:00.000Z,2026-06-04T06:00:00.000Z,Ústí nad Labem,Severozápad,CZ,K Národnímu domu,40011
E0:4F:43:21:08:EA,SmartGate_540629,60.23754501,24.91927719,E0:4F:43,6,wpa2,2001-01-12T15:00:00.000Z,2026-05-30T06:00:00.000Z,Helsinki,Manner-Suomi,FI,Lepolantie,00660
E0:4F:43:21:08:ED,SmartGate_543050,51.96315765,8.22745514,E0:4F:43,6,wpa2,2019-11-28T16:00:00.000Z,2025-11-08T05:00:00.000Z,,Nordrhein-Westfalen,DE,Hesselteicher Straße,33428
E0:4F:43:21:08:EE,SmartGate_535644,58.29234695,12.33845139,E0:4F:43,6,wpa2,2024-09-28T14:00:00.000Z,2026-06-02T03:00:00.000Z,,Västra Götalands län,SE,Norra Fridhemsvägen,46144
E0:4F:43:21:08:F0,SmartGate_540187,50.12553024,14.49332237,E0:4F:43,6,wpa2,2021-08-15T14:00:00.000Z,2025-09-05T05:00:00.000Z,Hlavní město Praha,Praha,CZ,Jablonecká,19000
E0:4F:43:21:08:F2,SmartGate_541851,50.0124054,15.18972301,E0:4F:43,6,wpa2,2019-09-22T17:00:00.000Z,2025-07-26T12:00:00.000Z,Kolín,Střední Čechy,CZ,38,28002
E0:4F:43:21:08:F5,SmartGate_046106,60.48417282,25.88535309,E0:4F:43,6,wpa2,2022-05-18T11:00:00.000Z,2025-02-15T10:00:00.000Z,,Manner-Suomi,FI,Porvoon Moottoritie,07740
E0:4F:43:21:08:F7,SmartGate_157332,60.33712769,24.83248901,E0:4F:43,6,wpa2,2025-06-08T09:00:00.000Z,2025-09-11T10:00:00.000Z,Vantaa,Manner-Suomi,FI,Kylänpääntie,01750
E0:4F:43:21:08:F9,SmartGate_158118,61.15920639,26.83683586,E0:4F:43,6,wpa2,2024-10-12T11:00:00.000Z,2026-08-04T10:00:00.000Z,Kouvola,Manner-Suomi,FI,Riippusillantie,47910
E0:4F:43:21:08:FC,SmartGate_532968,48.76899719,14.96709061,E0:4F:43,6,wpa2,2019-01-16T10:00:00.000Z,2026-06-27T00:00:00.000Z,,Jihozápad,CZ,Nerudova,37810
E0:4F:43:21:08:FD,SmartGate_160881,51.17955017,13.61495113,E0:4F:43,6,wpa2,2018-09-22T17:00:00.000Z,2026-04-18T09:00:00.000Z,,Sachsen,DE,S 81,01689
E0:4F:43:21:08:FE,SMARTGATE_123456,52.38144684,9.72738934,E0:4F:43,6,wpa2,2018-05-23T12:00:00.000Z,2026-02-21T18:00:00.000Z,Hannover,Niedersachsen,DE,Arndtstraße,30167
E0:4F:43:21:08:FF,SmartGate_708172,48.11210632,11.59398746,E0:4F:43,6,wpa2,2017-07-31T17:00:00.000Z,2025-01-08T03:00:00.000Z,München,Bayern,DE,Schlierseestraße,81539
E0:4F:43:21:09:00,SmartGate_161109,50.38755798,7.37498713,E0:4F:43,6,wpa2,2023-12-20T09:00:00.000Z,2024-12-06T08:00:00.000Z,,Rheinland-Pfalz,DE,A 61,56637
E0:4F:43:21:09:01,SmartGate_161459,60.98084259,25.66203308,E0:4F:43,6,wpa2,2024-11-30T12:00:00.000Z,2025-06-21T08:00:00.000Z,Lahti,Manner-Suomi,FI,Harjukatu,15100
E0:4F:43:21:09:06,SMARTGATE_123456,53.04673767,8.95934582,E0:4F:43,6,wpa2,2025-01-21T11:00:00.000Z,2025-01-26T14:00:00.000Z,Bremen,Bremen,DE,Hans-Bredow-Straße,28307
E0:4F:43:21:09:0C,SmartGate_169833,48.1733551,16.36508751,E0:4F:43,6,wpa2,2024-02-25T15:00:00.000Z,2025-12-09T12:00:00.000Z,Wien,KG Inzersdorf Stadt,AT,Neilreichgasse,1100
E0:4F:43:21:09:13,SmartGate_536028,47.57849121,10.17164326,E0:4F:43,6,wpa2,2019-02-21T12:00:00.000Z,2025-06-09T01:00:00.000Z,,Bayern,DE,Hochreute,87509
E0:4F:43:21:09:14,SmartGate_161594,54.42892838,12.6782589,E0:4F:43,6,wpa2,2026-06-21T12:00:00.000Z,2026-06-21T10:00:00.000Z,,Mecklenburg-Vorpommern,DE,Barther Straße,18374
E0:4F:43:21:09:17,SMARTGATE_123456,53.39739227,8.14347076,E0:4F:43,6,wpa2,2024-10-30T08:00:00.000Z,2026-01-07T06:00:00.000Z,,Niedersachsen,DE,Neumühlenstraße,26316
E0:4F:43:21:09:18,SmartGate_542771,52.23777771,20.97941017,E0:4F:43,6,wpa2,2019-09-30T14:00:00.000Z,2025-11-16T04:00:00.000Z,Warszawa,województwo mazowieckie,PL,Okopowa 08,01-192
E0:4F:43:21:09:1A,SmartGate_540359,47.74547577,10.33646679,E0:4F:43,6,wpa2,2025-11-10T15:00:00.000Z,2025-11-10T08:00:00.000Z,,Bayern,DE,A 7,87437
E0:4F:43:21:09:20,SmartGate_535959,59.49964142,17.80762291,E0:4F:43,6,wpa2,2018-08-17T07:00:00.000Z,2026-02-05T02:00:00.000Z,,Stockholms län,SE,Ängsjövägen,19491
E0:4F:43:21:09:21,SmartGate_712229,54.21321487,9.86433411,E0:4F:43,6,wpa2,2019-08-16T11:00:00.000Z,2025-08-16T09:00:00.000Z,Warder,Schleswig-Holstein,DE,A 7,24646
E0:4F:43:21:09:25,SmartGate_161389,48.49855423,9.19723797,E0:4F:43,6,wpa2,2022-12-11T13:00:00.000Z,2026-02-24T02:00:00.000Z,Reutlingen,Baden-Württemberg,DE,Schieferstraße,72760
E0:4F:43:21:09:26,SMARTGATE_123456,52.44756699,8.03904247,E0:4F:43,6,wpa2,2019-07-18T10:00:00.000Z,2026-05-22T14:00:00.000Z,,Niedersachsen,DE,Hansalinie,49565
E0:4F:43:21:09:2A,SmartGate_159647,61.4939003,23.87563133,E0:4F:43,6,wpa2,2024-03-26T17:00:00.000Z,2026-05-22T05:00:00.000Z,Tampere,Manner-Suomi,FI,Tampereen itäinen kehätie,33580
E0:4F:43:21:09:2D,SmartGate_158729,51.97810745,8.76036358,E0:4F:43,6,wpa2,2017-07-07T13:00:00.000Z,2026-04-26T09:00:00.000Z,Lage (Lippe),Nordrhein-Westfalen,DE,Blickstraße,32791
E0:4F:43:21:09:2E,SmartGate_173138,49.19686127,16.60359001,E0:4F:43,6,wpa2,2026-04-05T14:00:00.000Z,2026-04-05T11:00:00.000Z,Brno,Jihovýchod,CZ,Komenského náměstí,60200
E0:4F:43:21:09:31,SmartGate_540336,49.71807098,16.28408623,E0:4F:43,6,wpa2,2026-07-05T07:00:00.000Z,2026-07-05T03:00:00.000Z,,Severovýchod,CZ,363,572 01
E0:4F:43:21:09:33,SmartGate_165514,48.82186127,14.31889629,E0:4F:43,6,wpa2,2017-08-02T17:00:00.000Z,2026-01-07T09:00:00.000Z,,Jihozápad,CZ,Za Nádražím,38101
E0:4F:43:21:09:3A,SmartGate_159621,50.08322906,14.44970131,E0:4F:43,6,wpa2,2024-03-11T16:00:00.000Z,2025-08-14T05:00:00.000Z,Hlavní město Praha,Praha,CZ,Bořivojova,13000
E0:4F:43:21:09:3B,SmartGate_168818,51.05079269,13.78190899,E0:4F:43,6,wpa2,2018-10-07T11:00:00.000Z,2025-04-26T09:00:00.000Z,Dresden,Sachsen,DE,Paul-Gerhardt-Straße,01309
E0:4F:43:21:09:43,SmartGate_540831,49.91167068,14.7190752,E0:4F:43,6,wpa2,2017-05-25T10:00:00.000Z,2026-06-07T11:00:00.000Z,,Střední Čechy,CZ,D1,25166
E0:4F:43:21:09:45,SmartGate_158596,47.82868576,12.46614265,E0:4F:43,6,wpa2,2017-10-07T06:00:00.000Z,2025-09-27T06:00:00.000Z,,Bayern,DE,Mühlenstraße,83236
E0:4F:43:21:09:48,SMARTGATE_123456,47.55774689,7.63881779,E0:4F:43,6,wpa2,2020-05-20T16:00:00.000Z,2025-12-04T04:00:00.000Z,,Basel-Landschaft,CH,Hafenstrasse,4127
E0:4F:43:21:09:49,SmartGate_542726,49.08131027,11.9025898,E0:4F:43,6,wpa2,2019-04-15T13:00:00.000Z,2024-08-31T14:00:00.000Z,,Bayern,DE,A 3,93164
E0:4F:43:21:09:4B,SMARTGATE_123456,49.46944046,11.01610756,E0:4F:43,6,wpa2,2026-04-15T14:00:00.000Z,2026-04-15T22:00:00.000Z,Fürth,Bayern,DE,Frankenschnellweg,90762
E0:4F:43:21:09:4D,SmartGate_169853,50.66429901,7.04152441,E0:4F:43,6,wpa2,2020-01-30T08:00:00.000Z,2025-07-25T05:00:00.000Z,,Nordrhein-Westfalen,DE,Bergerortsweg,53125
E0:4F:43:21:09:53,SmartGate_160162,50.60281754,13.60752106,E0:4F:43,6,wpa2,2026-03-15T10:00:00.000Z,2026-03-15T17:00:00.000Z,,Severozápad,CZ,Podkrušnohorská,43601
E0:4F:43:21:09:55,SMARTGATE_123456,50.98832703,7.65022373,E0:4F:43,6,wpa2,2017-08-25T16:00:00.000Z,2026-05-14T09:00:00.000Z,Reichshof,Nordrhein-Westfalen,DE,Steinaggertal,51580
E0:4F:43:21:09:5A,SmartGate_141546,51.52273941,9.87863827,E0:4F:43,6,wpa2,2025-12-12T12:00:00.000Z,2025-12-12T19:00:00.000Z,Göttingen,Niedersachsen,DE,A 7,37079
E0:4F:43:21:09:6A,SMARTGATE_123456,50.66419983,9.02080059,E0:4F:43,6,wpa2,2026-03-27T13:00:00.000Z,2026-03-28T00:00:00.000Z,,Hessen,DE,A 5,35325
E0:4F:43:21:09:72,SmartGate_542738,49.1806488,16.68844223,E0:4F:43,6,wpa2,2017-11-03T14:00:00.000Z,2025-02-23T09:00:00.000Z,Brno,Jihovýchod,CZ,Rousínovská,62700
E0:4F:43:21:09:73,SmartGate_033133,49.18448257,16.61861038,E0:4F:43,6,wpa2,2022-08-14T18:00:00.000Z,2025-08-13T03:00:00.000Z,Brno,Jihovýchod,CZ,Plotní,656 70
E0:4F:43:21:09:75,SmartGate_159129,51.53008652,9.93811035,E0:4F:43,6,wpa2,2017-11-07T19:00:00.000Z,2025-11-30T10:00:00.000Z,Göttingen,Niedersachsen,DE,Kurze-Geismar-Straße,37073
E0:4F:43:21:09:77,SmartGate_532008,60.21529388,25.0080986,E0:4F:43,6,wpa2,2017-12-01T07:00:00.000Z,2025-08-07T22:00:00.000Z,Helsinki,Manner-Suomi,FI,Hakalanniementie,00520
E0:4F:43:21:09:7C,SmartGate_166053,54.03084564,13.034482,E0:4F:43,6,wpa2,2018-02-06T19:00:00.000Z,2025-10-07T13:00:00.000Z,,Mecklenburg-Vorpommern,DE,Bretwischer Ausbau,18516
E0:4F:43:21:09:80,SmartGate_539767,48.32912445,11.16857243,E0:4F:43,6,wpa2,2018-09-23T15:00:00.000Z,2025-07-18T03:00:00.000Z,,Bayern,DE,A 8,85235
E0:4F:43:21:09:82,SmartGate_168688,60.20952225,24.6756134,E0:4F:43,6,wpa2,2018-04-06T12:00:00.000Z,2025-01-07T05:00:00.000Z,Espoo,Manner-Suomi,FI,Kylävainiontie,02760
E0:4F:43:21:09:83,SmartGate_708148,52.46003723,9.74012566,E0:4F:43,6,wpa2,2017-11-10T15:00:00.000Z,2026-02-08T11:00:00.000Z,,Niedersachsen,DE,Walsroder Straße,30855
E0:4F:43:21:09:86,SmartGate_029543,49.596241,17.23192024,E0:4F:43,6,wpa2,2025-11-21T07:00:00.000Z,2025-11-21T00:00:00.000Z,Olomouc,Střední Morava,CZ,Foerstrova,77900
E0:4F:43:21:09:89,SmartGate_541948,53.60507202,9.92019463,E0:4F:43,6,wpa2,2018-04-06T15:00:00.000Z,2026-06-13T09:00:00.000Z,Hamburg,Eidelstedt,DE,A 7,22527
E0:4F:43:21:09:8C,SmartGate_540379,61.05245209,28.19601631,E0:4F:43,6,wpa2,2019-01-25T16:00:00.000Z,2026-07-20T09:00:00.000Z,Lappeenranta,Manner-Suomi,FI,Pieni Kirkkokatu,53100
E0:4F:43:21:09:90,SmartGate_707075,52.07938004,7.99991322,E0:4F:43,6,wpa2,2025-03-17T11:00:00.000Z,2025-03-17T09:00:00.000Z,,Niedersachsen,DE,Füchtorfer Straße,49219
E0:4F:43:21:09:91,SmartGate_708121,48.14179993,9.73511696,E0:4F:43,6,wpa2,2018-02-25T13:00:00.000Z,2026-04-07T09:00:00.000Z,,Baden-Württemberg,DE,Birkenharder Straße,88433
E0:4F:43:21:09:93,SmartGate_708226,47.78435898,9.61576748,E0:4F:43,6,wpa2,2022-07-19T14:00:00.000Z,2025-02-25T00:00:00.000Z,,Baden-Württemberg,DE,Gartenstraße,88212
E0:4F:43:21:09:96,SmartGate_154092,50.64585495,14.0437355,E0:4F:43,6,wpa2,2017-06-02T20:00:00.000Z,2026-06-04T06:00:00.000Z,Ústí nad Labem,Severozápad,CZ,Pražská,40001
E0:4F:43:21:09:9C,SmartGate_168288,47.34760666,7.89432621,E0:4F:43,6,wpa2,2018-05-08T15:00:00.000Z,2025-08-28T10:00:00.000Z,,Solothurn,CH,Erfinderstrasse,4603
E0:4F:43:21:09:AA,SmartGate_158307,50.89299011,10.9675312,E0:4F:43,6,wpa2,2018-01-04T02:00:00.000Z,2025-10-15T12:00:00.000Z,,Thüringen,DE,A 71,99094
E0:4F:43:21:09:AF,SmartGate_173253,60.45391083,22.25325012,E0:4F:43,6,wpa2,2026-06-11T17:00:00.000Z,2026-06-11T13:00:00.000Z,Turku,Manner-Suomi,FI,Ratapihankatu,20100
E0:4F:43:21:09:B0,SmartGate_138180,49.58251953,8.35396385,E0:4F:43,6,wpa2,2025-10-04T11:00:00.000Z,2025-10-04T05:00:00.000Z,,Rheinland-Pfalz,DE,Südring,67240
E0:4F:43:21:09:B6,SmartGate_137268,48.13380814,11.59256554,E0:4F:43,6,wpa2,2017-07-27T08:00:00.000Z,2026-02-03T14:00:00.000Z,München,Bayern,DE,Innere Wiener Straße,81667
E0:4F:43:21:09:C6,SmartGate_158032,49.99733734,8.76320934,E0:4F:43,6,wpa2,2025-08-23T10:00:00.000Z,2025-12-27T05:00:00.000Z,,Hessen,DE,Offenthaler Straße,63128
E0:4F:43:21:09:CB,SmartGate_168695,48.99526215,11.37803173,E0:4F:43,6,wpa2,2018-05-15T10:00:00.000Z,2024-12-28T10:00:00.000Z,,Bayern,DE,A 9,85125
E0:4F:43:21:09:CE,SmartGate_705824,49.20478821,10.14191628,E0:4F:43,6,wpa2,2019-12-22T11:00:00.000Z,2026-07-12T12:00:00.000Z,Schnelldorf,Bayern,DE,A 6,91625
E0:4F:43:21:09:D0,SmartGate_159401,47.8519516,9.60265255,E0:4F:43,6,wpa2,2026-08-08T08:00:00.000Z,2026-08-08T09:00:00.000Z,Fronreute,Baden-Württemberg,DE,Blitzenreuter Steige,88273
E0:4F:43:21:09:DA,SmartGate_540199,60.25070953,24.91775513,E0:4F:43,6,wpa2,2017-07-27T17:00:00.000Z,2025-11-02T21:00:00.000Z,Helsinki,Manner-Suomi,FI,Kivimäentie,00670
E0:4F:43:21:09:DD,SmartGate_168832,47.06552505,7.72946024,E0:4F:43,6,wpa2,2026-05-06T11:00:00.000Z,2026-05-07T03:00:00.000Z,Affoltern im Emmental,Bern/Berne,CH,Dorfstrasse,3416
E0:4F:43:21:0A:0A,Audi HUD,53.39286804,10.07634163,E0:4F:43,1,wpa2,2023-08-25T15:00:00.000Z,2025-01-12T19:00:00.000Z,,Niedersachsen,DE,Zum Reiherhorst,21435
E0:4F:43:21:0A:2E,Audi HUD,47.61190796,9.60775471,E0:4F:43,1,wpa2,2026-03-12T13:00:00.000Z,2026-04-27T12:00:00.000Z,,Baden-Württemberg,DE,Zum Berger Weiher,88079
E0:4F:43:21:0A:35,Audi HUD,47.51156998,8.71119881,E0:4F:43,1,wpa2,2021-10-23T18:00:00.000Z,2024-09-30T08:00:00.000Z,Winterthur,Zürich,CH,Gretelbergweg,8407
E0:4F:43:21:0A:55,Audi HUD,50.76227951,9.37000084,E0:4F:43,1,wpa2,2024-08-01T06:00:00.000Z,2024-10-21T14:00:00.000Z,,Hessen,DE,A 5,34633
E0:4F:43:21:0A:6E,Audi HUD,50.06766129,14.42204475,E0:4F:43,1,wpa2,2022-03-03T20:00:00.000Z,2025-06-07T13:00:00.000Z,Hlavní město Praha,Praha,CZ,Na Slupi,12800
E0:4F:43:21:0A:9B,Audi HUD,50.93454361,5.70608616,E0:4F:43,1,wpa2,2022-12-22T12:00:00.000Z,2026-07-23T15:00:00.000Z,,Limburg,BE,Molenveldstraat,3631
E0:4F:43:21:0A:B2,Audi HUD,51.16320419,13.67506599,E0:4F:43,1,wpa2,2019-09-09T19:00:00.000Z,2025-07-27T13:00:00.000Z,,Sachsen,DE,Auerstraße,01468
E0:4F:43:21:0A:C0,Audi HUD,52.30261612,13.11503029,E0:4F:43,1,wpa2,2024-11-04T14:00:00.000Z,2025-12-16T09:00:00.000Z,,Brandenburg,DE,Südlicher Berliner Ring,14558
E0:4F:43:21:0A:F1,Audi HUD,53.76856613,8.63315105,E0:4F:43,1,wpa2,2018-09-06T15:00:00.000Z,2024-08-22T08:00:00.000Z,Wurster Nordseeküste,Niedersachsen,DE,Bundesstraße,27639
E0:4F:43:21:0A:F8,Audi HUD,54.69771957,20.50247955,E0:4F:43,1,unknown,2019-06-02T14:00:00.000Z,2025-08-11T13:00:00.000Z,Калининград,Калининградская область,RU,Ленинский проспект,236000
E0:4F:43:21:0B:30,Audi HUD,47.38061142,8.52498245,E0:4F:43,1,wpa2,2024-10-09T05:00:00.000Z,2026-05-09T12:00:00.000Z,Zürich,Zürich,CH,Feldstrasse,8004
E0:4F:43:21:0B:3E,Audi HUD,54.31243896,10.0006609,E0:4F:43,1,wep,2023-12-15T13:00:00.000Z,2026-03-06T09:00:00.000Z,Achterwehr,Schleswig-Holstein,DE,A 210,24239
E0:4F:43:21:0B:46,Audi HUD,43.55267715,7.01695967,E0:4F:43,1,wpa2,2018-09-19T10:00:00.000Z,2026-04-25T03:00:00.000Z,,Provence-Alpes-Côte d'Azur,FR,Rue Jean de Riouffre,06400
E0:4F:43:21:0B:8B,Audi HUD,46.57725525,15.02711105,E0:4F:43,1,wpa2,2025-01-20T12:00:00.000Z,2025-02-01T07:00:00.000Z,,Dravograd,SI,,2370
E0:4F:43:21:0B:BD,Audi HUD,52.45425797,8.65948105,E0:4F:43,1,wpa2,2025-09-08T06:00:00.000Z,2025-09-08T14:00:00.000Z,Rahden,Nordrhein-Westfalen,DE,Am Sportplatz,32369
E0:4F:43:21:0B:ED,Audi HUD,49.03047943,8.47285652,E0:4F:43,1,wpa2,2023-12-15T14:00:00.000Z,2026-04-27T12:00:00.000Z,Karlsruhe,Baden-Württemberg,DE,An der Rossweid,76229
E0:4F:43:21:0C:12,Audi HUD,49.61294937,11.37857056,E0:4F:43,1,wpa2,2021-10-04T18:00:00.000Z,2024-10-06T16:00:00.000Z,Schnaittach,Bayern,DE,A 9,91220
E0:4F:43:21:0C:4A,Audi HUD,49.3860321,9.99121094,E0:4F:43,1,wpa2,2023-08-05T13:00:00.000Z,2025-12-06T18:00:00.000Z,,Baden-Württemberg,DE,,74575
E0:4F:43:21:0C:D8,Audi HUD,49.99006271,9.02306938,E0:4F:43,1,wpa2,2024-10-18T09:00:00.000Z,2024-10-18T02:00:00.000Z,,Bayern,DE,A 3,63811
E0:4F:43:21:0D:4F,Audi HUD,51.54161835,7.20339966,E0:4F:43,1,wpa2,2022-02-03T13:00:00.000Z,2025-03-04T04:00:00.000Z,Herne,Nordrhein-Westfalen,DE,A 43,44625
E0:4F:43:21:0E:29,aeris-l66n,39.1622467,-119.77413177,E0:4F:43,11,none,2025-08-20T19:00:00.000Z,2025-08-20T15:00:00.000Z,Carson City,NV,US,South Iris Street,89703
E0:4F:43:21:0E:38,aeris-bS75,40.41997528,-79.92836761,E0:4F:43,11,unknown,2024-12-30T21:00:00.000Z,2024-12-30T13:00:00.000Z,Pittsburgh,PA,US,Murray Avenue,15217
E0:4F:43:21:11:5A,aeris-b8z6,22.27842903,114.16989899,E0:4F:43,11,unknown,2018-10-02T12:00:00.000Z,2026-02-22T23:00:00.000Z,香港島 Hong Kong Island,香港 Hong Kong,CN,駱克道 Lockhart Road,
E0:4F:43:21:11:CB,Audi HUD,54.15229416,12.06800365,E0:4F:43,1,wpa2,2019-06-06T13:00:00.000Z,2025-10-07T13:00:00.000Z,Rostock,Mecklenburg-Vorpommern,DE,Güstrower Straße,18109
E0:4F:43:21:11:E2,Audi HUD,47.70306015,9.55813408,E0:4F:43,1,wpa2,2023-03-03T13:00:00.000Z,2026-04-13T12:00:00.000Z,,Baden-Württemberg,DE,Arndtstraße,88074
E0:4F:43:21:12:92,Audi HUD,51.37244797,12.18684387,E0:4F:43,1,wpa2,2023-04-21T10:00:00.000Z,2024-11-17T11:00:00.000Z,,Sachsen,DE,A 9,04435
E0:4F:43:21:12:B6,Audi HUD,53.49985504,10.03140545,E0:4F:43,1,wpa2,2021-10-08T12:00:00.000Z,2025-09-21T11:00:00.000Z,Hamburg,Hamburg-Mitte,DE,Jenerseitedeich,21109
E0:4F:43:21:12:BD,Audi HUb,54.31243896,9.66835594,E0:4F:43,1,wpa2,2025-08-20T12:00:00.000Z,2025-09-20T10:00:00.000Z,,Schleswig-Holstein,DE,Vorwerksallee,24782
E0:4F:43:21:12:BF,Audi HUD,54.29380798,10.10912132,E0:4F:43,1,wpa2,2001-11-30T17:00:00.000Z,2025-03-10T12:00:00.000Z,Kiel,Schleswig-Holstein,DE,Petersburger Weg,24113
E0:4F:43:21:12:C9,Audi HUD,22.07809448,120.71369171,E0:4F:43,1,wpa2,2026-06-19T04:00:00.000Z,2026-06-19T09:00:00.000Z,,臺灣省,TW,中山路,944
E0:4F:43:21:12:DA,Audi HUD,48.80849457,9.04219055,E0:4F:43,1,wpa2,2021-09-28T13:00:00.000Z,2025-11-06T21:00:00.000Z,,Baden-Württemberg,DE,A 81,70839
E0:4F:43:21:12:EA,Audi HUD,54.32466888,10.11244965,E0:4F:43,1,wpa2,2021-10-09T10:00:00.000Z,2025-11-26T07:00:00.000Z,Kiel,Schleswig-Holstein,DE,Kronshagener Weg,24116
E0:4F:43:21:13:00,Audi HUD,50.96263123,10.7235384,E0:4F:43,1,wpa2,2023-12-05T15:00:00.000Z,2025-10-22T02:00:00.000Z,,Thüringen,DE,Adolf-Schmidt-Straße,99867
E0:4F:43:21:13:0A,Audi HUD,52.50163651,13.31248665,E0:4F:43,1,wpa2,2020-07-19T15:00:00.000Z,2025-07-19T10:00:00.000Z,Berlin,Charlottenburg-Wilmersdorf,DE,Leibnizstraße,
E0:4F:43:21:13:17,Audi HUD,41.07833862,28.95919991,E0:4F:43,1,wpa2,2025-04-14T10:00:00.000Z,2025-04-14T04:00:00.000Z,,Marmara Bölgesi,TR,Hasdal - Okmeydanı Bağlantısı,34060
E0:4F:43:21:13:1B,Audi HUD,52.88676453,9.60473251,E0:4F:43,1,wpa2,2019-09-27T14:00:00.000Z,2026-05-22T14:00:00.000Z,,Niedersachsen,DE,Am Vogelpark,29699
E0:4F:43:21:13:49,Audi HUD,54.32558823,10.14494991,E0:4F:43,1,wpa2,2025-03-27T18:00:00.000Z,2026-03-25T01:00:00.000Z,Kiel,Schleswig-Holstein,DE,Düsternbrooker Weg,24103
E0:4F:43:21:13:4C,Audi HUD,52.04383087,13.66446304,E0:4F:43,1,wpa2,2021-07-19T10:00:00.000Z,2025-09-07T13:00:00.000Z,,Brandenburg,DE,A 13,15757
E0:4F:43:21:13:63,Audi HUD,25.03971291,121.55752563,E0:4F:43,1,wpa2,2023-01-18T12:00:00.000Z,2025-12-02T08:00:00.000Z,臺北市,臺北市,TW,光復南路,10694
E0:4F:43:21:13:64,Audi HUD,52.31199265,13.19301987,E0:4F:43,1,wpa2,2020-05-18T14:00:00.000Z,2024-11-29T10:00:00.000Z,,Brandenburg,DE,Hauptstraße,14974
E0:4F:43:21:13:6C,Audi HUD,49.71414566,9.24352932,E0:4F:43,1,wpa2,2026-05-14T15:00:00.000Z,2026-05-14T08:00:00.000Z,,Bayern,DE,St 2309,63920
E0:4F:43:21:13:6F,Audi HUD,51.64867401,7.76299047,E0:4F:43,1,wpa2,2023-04-01T22:00:00.000Z,2025-02-12T11:00:00.000Z,Hamm,Nordrhein-Westfalen,DE,Kasino,59077
E0:4F:43:21:13:75,Audi HUD,50.05357361,19.87468529,E0:4F:43,1,wpa2,2025-09-20T08:00:00.000Z,2026-07-10T10:00:00.000Z,,województwo małopolskie,PL,Jodłowa,30-231
E0:4F:43:21:13:87,Audi HUD,48.15602875,11.74956894,E0:4F:43,1,wpa2,2026-02-01T12:00:00.000Z,2026-02-12T07:00:00.000Z,,Bayern,DE,Feldkirchener Straße,85551
E0:4F:43:21:13:96,Audi HUD,47.44665146,8.68807125,E0:4F:43,1,wpa2,2020-08-16T13:00:00.000Z,2026-02-28T12:00:00.000Z,,Zürich,CH,Steinmüristrasse,8315
E0:4F:43:21:13:BB,Audi HUD,48.64864731,9.33460712,E0:4F:43,1,wpa2,2019-05-28T09:00:00.000Z,2026-04-23T09:00:00.000Z,,Baden-Württemberg,DE,B 313,72669
E0:4F:43:21:13:C0,Audi HUD,51.67232513,6.7141099,E0:4F:43,1,wpa2,2024-08-11T16:00:00.000Z,2024-10-01T13:00:00.000Z,,Nordrhein-Westfalen,DE,A 3,46569
E0:4F:43:21:13:D6,Audi HUD,49.63252258,12.45425701,E0:4F:43,1,wpa2,2021-04-11T17:00:00.000Z,2026-07-31T06:00:00.000Z,Pleystein,Bayern,DE,A 6,92714
E0:4F:43:21:13:DF,Audi HUD,49.00746918,12.10052013,E0:4F:43,1,wpa2,2022-10-10T16:00:00.000Z,2026-06-22T14:00:00.000Z,Regensburg,Bayern,DE,Galgenbergstraße,93053
E0:4F:43:21:13:E9,Audi HUD,50.03531265,8.51568699,E0:4F:43,1,wpa2,2025-06-20T12:00:00.000Z,2025-07-12T15:00:00.000Z,,Hessen,DE,A 3,65451
E0:4F:43:21:13:EF,Audi HUD,51.56496048,9.8852911,E0:4F:43,1,wpa2,2025-01-05T13:00:00.000Z,2026-07-24T11:00:00.000Z,Göttingen,Niedersachsen,DE,Schmaligweg,37079
E0:4F:43:21:13:F5,Audi HUD,49.34619904,7.04557323,E0:4F:43,1,wep,2026-07-17T17:00:00.000Z,2026-07-22T07:00:00.000Z,,Saarland,DE,A 8,66589
E0:4F:43:21:14:0B,Audi HUD,51.23113251,17.42340279,E0:4F:43,1,wpa2,2021-08-29T18:00:00.000Z,2025-04-19T14:00:00.000Z,,województwo dolnośląskie,PL,Trasa Bohaterów Bitwy Warszawskiej 1920 r.,56-400
E0:4F:43:21:14:1D,Audi HUD,53.92927551,9.88220882,E0:4F:43,1,wpa2,2024-08-17T05:00:00.000Z,2025-07-07T07:00:00.000Z,,Schleswig-Holstein,DE,Brambusch,24576
E0:4F:43:21:14:35,Audi HUD,51.90792465,4.55333376,E0:4F:43,1,wpa2,2020-03-10T18:00:00.000Z,2025-12-16T09:00:00.000Z,Rotterdam,Zuid-Holland,NL,IJsseldijk,3064AK
E0:4F:43:21:14:3A,Audi HUD,1.32355011,103.82400513,E0:4F:43,1,wpa2,2002-05-03T22:00:00.000Z,2025-01-15T03:00:00.000Z,Singapore,Central,SG,Berrima Road,297753
E0:4F:43:21:14:4A,Audi HUD,48.8203125,9.17487812,E0:4F:43,1,wpa2,2022-11-04T15:00:00.000Z,2026-03-01T04:00:00.000Z,Stuttgart,Baden-Württemberg,DE,Heilbronner Straße,70469
E0:4F:43:21:14:52,Audi HUD,51.54444122,6.80764818,E0:4F:43,1,wpa2,2022-09-08T20:00:00.000Z,2025-11-03T07:00:00.000Z,Oberhausen,Nordrhein-Westfalen,DE,Am Pagenkamp,46147
E0:4F:43:21:14:58,Audi HUD,45.41941071,10.98249435,E0:4F:43,1,wpa2,2020-12-03T16:00:00.000Z,2026-01-12T09:00:00.000Z,Verona,Veneto,IT,Viale del Lavoro,37122
E0:4F:43:21:14:5C,Audi HUD,51.37821579,6.75588036,E0:4F:43,1,wpa2,2023-06-19T08:00:00.000Z,2026-03-30T04:00:00.000Z,Duisburg,Nordrhein-Westfalen,DE,Cramer-Klett-Straße,47249
E0:4F:43:21:14:79,Audi HUD,51.40513229,12.3149538,E0:4F:43,1,wpa2,2022-05-25T16:00:00.000Z,2026-06-21T10:00:00.000Z,Leipzig,Sachsen,DE,Modul 10: Bunkerüberfahrten,04158
E0:4F:43:21:14:A5,Audi HUD,51.68516159,-2.39958501,E0:4F:43,1,wpa2,2025-08-05T09:00:00.000Z,2025-08-05T11:00:00.000Z,,England,GB,M5,GL11 5HT
E0:4F:43:21:14:AA,Audi HUD,51.19088364,6.8932066,E0:4F:43,1,wpa2,2025-07-30T14:00:00.000Z,2025-07-30T08:00:00.000Z,,Nordrhein-Westfalen,DE,A 46,40627
E0:4F:43:21:14:AE,Audi HUD,48.46174622,7.93057108,E0:4F:43,1,wpa2,2025-08-15T04:00:00.000Z,2025-12-17T07:00:00.000Z,,Baden-Württemberg,DE,Pappelweg,77656
E0:4F:43:21:14:BE,Audi HUD,48.17258072,15.61594486,E0:4F:43,1,wpa2,2024-06-26T14:00:00.000Z,2024-08-28T00:00:00.000Z,,Niederösterreich,AT,Mariazeller Straße,3100
E0:4F:43:21:14:BF,Audi HUD,48.2124939,11.48475361,E0:4F:43,1,wpa2,2025-06-20T11:00:00.000Z,2025-06-20T07:00:00.000Z,München,Bayern,DE,Dachauer Straße,80995
E0:4F:43:21:14:C6,Audi HUD,51.25307465,22.56035995,E0:4F:43,1,wpa2,2023-04-29T17:00:00.000Z,2026-03-02T12:00:00.000Z,,województwo lubelskie,PL,Aleja Solidarności,20-064
E0:4F:43:21:14:CE,Audi HUB,53.06413651,8.86934376,E0:4F:43,1,wpa2,2025-03-22T20:00:00.000Z,2025-03-23T15:00:00.000Z,Bremen,Bremen,DE,Malerstraße,28207
E0:4F:43:21:14:FE,Audi HUD,48.32231522,10.08958054,E0:4F:43,1,wpa2,2024-12-25T11:00:00.000Z,2024-12-25T05:00:00.000Z,,Bayern,DE,A 7,89250
E0:4F:43:21:15:00,Audi HUD,49.57549667,9.71116257,E0:4F:43,1,wpa2,2026-07-26T19:00:00.000Z,2026-07-26T14:00:00.000Z,,Baden-Württemberg,DE,B 290,97922
E0:4F:43:21:15:12,Audi HUD,51.0001297,6.89756155,E0:4F:43,1,wpa2,2020-05-05T13:00:00.000Z,2025-08-19T23:00:00.000Z,Köln,Nordrhein-Westfalen,DE,Kiesweg,50767
E0:4F:43:21:15:14,Audi HUD,53.13565445,7.57247019,E0:4F:43,1,wpa2,2025-07-19T07:00:00.000Z,2025-07-21T03:00:00.000Z,,Niedersachsen,DE,Rajen,26817
E0:4F:43:21:15:15,Audi HUD,50.62906265,8.76569557,E0:4F:43,1,wpa2,2022-07-31T14:00:00.000Z,2025-06-09T10:00:00.000Z,,Hessen,DE,A 480,35418
E0:4F:43:21:15:17,Audi HUD,50.31473923,11.91551399,E0:4F:43,1,wpa2,2024-10-21T07:00:00.000Z,2024-10-21T01:00:00.000Z,,Bayern,DE,Bismarckstraße,95028
E0:4F:43:21:3D:44,Matterport Q097,46.85265732,9.53132534,E0:4F:43,36,unknown,2025-10-30T13:00:00.000Z,2025-10-31T17:00:00.000Z,,Graubünden/Grischun/Grigioni,CH,Bahnhofstrasse,7001
E0:4F:43:21:49:BA,Matterport P240,41.18693924,-111.98516083,E0:4F:43,40,unknown,2025-11-05T23:00:00.000Z,2025-11-05T18:00:00.000Z,Riverdale,UT,US,South Riverdale Road,84408
E0:4F:43:27:A1:53,,-27.56272316,151.94702148,E0:4F:43,0,none,2026-06-19T05:00:00.000Z,2026-06-21T02:00:00.000Z,Toowoomba,Queensland,AU,Clifford Street,4350
E0:4F:43:29:48:4A,,38.20623779,-85.68486786,E0:4F:43,0,wpa2,2026-01-23T17:00:00.000Z,2026-01-24T13:00:00.000Z,Louisville,KY,US,Gardiner Lane,40205
E0:4F:43:2E:2E:DB,H2O-e04f432e2edb,50.09337997,19.90205956,E0:4F:43,3,unknown,2024-09-08T05:00:00.000Z,2024-09-08T01:00:00.000Z,Kraków,województwo małopolskie,PL,Józefa Chełmońskiego,31-340
E0:4F:43:2E:2E:EF,H2O-e04f432e2eef,34.06560135,-118.26184845,E0:4F:43,3,unknown,2025-09-10T02:00:00.000Z,2025-09-09T20:00:00.000Z,Los Angeles,CA,US,Council Street,90026
E0:4F:43:2E:2E:F7,H2O-e04f432e2ef7,29.89513206,-95.73143768,E0:4F:43,3,none,2026-06-14T23:00:00.000Z,2026-06-14T21:00:00.000Z,,TX,US,Oxbow Manor Lane,
E0:4F:43:2E:2F:04,H2O-e04f432e2f04,38.53541565,-0.11448886,E0:4F:43,3,unknown,2025-09-08T20:00:00.000Z,2026-04-02T07:00:00.000Z,,Comunitat Valenciana,ES,Avinguda de Filipines  -  Avenida de Filipinas,03503
E0:4F:43:2E:2F:07,H2O-e04f432e2f07,50.7461319,5.08664179,E0:4F:43,3,unknown,2026-02-16T10:00:00.000Z,2026-02-16T13:00:00.000Z,,Vlaams-Brabant,BE,Filips de Goedelaan,3400
E0:4F:43:2E:2F:0D,H2O-e04f432e2f0d,37.92193604,-121.70022583,E0:4F:43,3,none,2026-06-17T02:00:00.000Z,2026-06-16T20:00:00.000Z,,CA,US,Continente Avenue,94513
E0:4F:43:2E:2F:10,H2O-e04f432e2f10,44.11474609,3.08341455,E0:4F:43,3,unknown,2017-09-02T20:00:00.000Z,2025-12-14T07:00:00.000Z,,Occitanie,FR,Avenue Édouard-Alfred Martel,12100
E0:4F:43:2E:2F:1A,H2O-e04f432e2f1a,43.78835297,4.83013535,E0:4F:43,3,unknown,2025-05-29T10:00:00.000Z,2025-11-26T03:00:00.000Z,Saint-Rémy-de-Provence,Provence-Alpes-Côte d'Azur,FR,Boulevard Marceau,13210
E0:4F:43:2E:2F:1E,H2O-e04f432e2f1e,44.30256271,-78.24720001,E0:4F:43,3,unknown,2017-09-05T08:00:00.000Z,2025-12-30T17:00:00.000Z,Otonabee–South Monaghan,Ontario,CA,Highway 7,K9J 6X9
E0:4F:43:2E:2F:34,Culligan-e04f432e2f34,29.82802773,-95.71131897,E0:4F:43,3,none,2026-05-16T02:00:00.000Z,2026-05-19T10:00:00.000Z,,TX,US,Westfield Parkway,77449
E0:4F:43:2E:2F:4F,H2O-e04f432e2f4f,29.41719818,-98.77433014,E0:4F:43,3,none,2022-11-09T19:00:00.000Z,2026-04-12T06:00:00.000Z,,TX,US,Kedros,
E0:4F:43:2E:2F:5C,H2O-e04f432e2f5c,51.77017975,-1.60290062,E0:4F:43,3,unknown,2023-02-24T17:00:00.000Z,2026-04-19T07:00:00.000Z,West Oxfordshire,England,GB,Shilton Road,OX18 1BU
E0:4F:43:2E:2F:6B,H2O-e04f432e2f6b,48.86833954,2.29870486,E0:4F:43,3,unknown,2024-11-30T19:00:00.000Z,2024-11-30T12:00:00.000Z,Paris,Île-de-France,FR,Rue de Chaillot,75116
E0:4F:43:2E:2F:77,H2O-e04f432e2f77,50.88164139,4.40423155,E0:4F:43,3,unknown,2020-06-14T19:00:00.000Z,2026-03-17T03:00:00.000Z,,Région de Bruxelles-Capitale - Brussels Hoofdstedelijk Gewest,BE,Rue Laurent Vandenhoven - Laurent Vandenhovenstraat,1140
E0:4F:43:2E:2F:84,H2O-e04f432e2f84,33.71265793,-112.1559906,E0:4F:43,3,unknown,2022-06-08T07:00:00.000Z,2026-05-19T13:00:00.000Z,Phoenix,AZ,US,West Happy Valley Road,85310-4002
E0:4F:43:2E:2F:AA,H2O-e04f432e2faa,29.78016853,-95.72174835,E0:4F:43,3,unknown,2026-05-08T23:00:00.000Z,2026-05-08T17:00:00.000Z,,TX,US,Houghton Road,77094
E0:4F:43:2E:2F:AE,Culligan-e04f432e2fae,39.39660263,-104.81778717,E0:4F:43,3,none,2021-05-05T17:00:00.000Z,2026-05-27T19:00:00.000Z,,CO,US,Autumn Sage Street,80104
E0:4F:43:2E:2F:C6,H2O-e04f432e2fc6,29.67027855,-98.41465759,E0:4F:43,3,unknown,2025-10-26T20:00:00.000Z,2025-11-07T19:00:00.000Z,,TX,US,Monteverde Way,78261
E0:4F:43:2E:2F:E4,H2O-e04f432e2fe4,28.68990517,-81.49763489,E0:4F:43,3,unknown,2026-05-05T15:00:00.000Z,2026-05-24T07:00:00.000Z,,FL,US,Oakpoint View Court,32703
E0:4F:43:2E:2F:F3,Culligan-e04f432e2ff3,32.90745926,-97.00318146,E0:4F:43,6,none,2026-07-29T10:00:00.000Z,2026-07-29T04:00:00.000Z,Irving,TX,US,,75063
E0:4F:43:2E:30:15,H2O-e04f432e3015,40.69632721,-75.60951233,E0:4F:43,3,unknown,2020-03-09T15:00:00.000Z,2026-07-05T21:00:00.000Z,Washington Township,PA,US,PA 873,18078
E0:4F:43:2E:30:35,H2O-e04f432e3035,27.70172691,-97.4041748,E0:4F:43,11,unknown,2018-11-27T17:00:00.000Z,2024-09-26T20:00:00.000Z,Corpus Christi,TX,US,Killarmet Drive,78413
E0:4F:43:2E:30:4D,H2O-e04f432e304d,33.98220062,-84.46201324,E0:4F:43,11,none,2020-10-13T20:00:00.000Z,2025-08-16T14:00:00.000Z,,GA,US,Old Canton Road,30062
E0:4F:43:2E:30:51,H2O-e04f432e3051,48.82997894,2.2841692,E0:4F:43,3,unknown,2024-10-08T17:00:00.000Z,2024-10-08T15:00:00.000Z,Issy-les-Moulineaux,Île-de-France,FR,Rue Ernest Renan,92130
E0:4F:43:2E:30:57,H2O-e04f432e3057,39.14831924,-75.70669556,E0:4F:43,3,none,2024-08-10T22:00:00.000Z,2026-06-09T16:00:00.000Z,,DE,US,Hourglass Road,19953
E0:4F:43:2E:30:61,H2O-e04f432e3061,50.81897736,4.34564543,E0:4F:43,3,unknown,2025-06-16T04:00:00.000Z,2025-06-16T03:00:00.000Z,,Région de Bruxelles-Capitale - Brussels Hoofdstedelijk Gewest,BE,Avenue Albert - Albertlaan,1190
E0:4F:43:2E:30:76,H2O-e04f432e3076,33.60482407,-112.07321167,E0:4F:43,3,unknown,2019-01-27T17:00:00.000Z,2025-04-29T00:00:00.000Z,Phoenix,AZ,US,East Wood Drive,85022
E0:4F:43:2E:30:77,Culligan-e04f432e3077,44.1839447,-77.43002319,E0:4F:43,3,unknown,2025-12-06T15:00:00.000Z,2025-12-31T20:00:00.000Z,Quinte West,Ontario,CA,Bellevue Drive,K8N 4Z5
E0:4F:43:2E:30:7D,H2O-e04f432e307d,51.03473282,-114.12850952,E0:4F:43,3,unknown,2025-10-08T22:00:00.000Z,2026-06-26T17:00:00.000Z,Calgary,Alberta,CA,21 Avenue SW,T3E 2Z1
E0:4F:43:2E:30:82,H2O-e04f432e3082,56.04457092,12.69854355,E0:4F:43,3,unknown,2025-10-16T13:00:00.000Z,2025-10-16T06:00:00.000Z,Helsingborg,Skåne län,SE,Prästgatan,252 24
E0:4F:43:2E:30:85,H2O-e04f432e3085,53.44018173,6.83733797,E0:4F:43,3,unknown,2002-10-01T12:00:00.000Z,2025-06-13T07:00:00.000Z,Eemshaven,Groningen,NL,Kwelderweg,9979ZA
E0:4F:43:2E:30:AF,H2O-e04f432e30af,41.3988266,-97.36825562,E0:4F:43,3,unknown,2021-04-29T23:00:00.000Z,2025-08-23T16:00:00.000Z,,NE,US,US Highway 81,68601
E0:4F:43:2E:30:BA,H2O-e04f432e30ba,50.79736328,5.00595951,E0:4F:43,3,unknown,2023-08-08T20:00:00.000Z,2025-11-28T04:00:00.000Z,,Vlaams-Brabant,BE,Sint-Truidensesteenweg,3300
E0:4F:43:2E:30:BD,H2O-e04f432e30bd,48.76419449,8.16575623,E0:4F:43,3,unknown,2026-03-13T17:00:00.000Z,2026-05-07T12:00:00.000Z,,Baden-Württemberg,DE,Hauptstraße,76547
E0:4F:43:2E:30:C8,H2O-e04f432e30c8,48.12650681,11.6509676,E0:4F:43,3,none,2025-05-04T14:00:00.000Z,2026-07-20T15:00:00.000Z,München,Bayern,DE,Seebrucker Straße,81825
E0:4F:43:2E:30:C9,H2O-e04f432e30c9,40.53944016,-75.50507355,E0:4F:43,3,unknown,2026-04-15T18:00:00.000Z,2026-04-15T11:00:00.000Z,,PA,US,Cherokee Street,18049
E0:4F:43:2E:30:CE,H2O-e04f432e30ce,51.45069885,0.13739091,E0:4F:43,3,unknown,2024-10-05T12:00:00.000Z,2025-08-30T15:00:00.000Z,London,England,GB,Upton Road,DA5 1HH
E0:4F:43:2E:30:D9,H2O-e04f432e30d9,45.84543228,9.39831829,E0:4F:43,3,unknown,2022-08-18T17:00:00.000Z,2026-05-30T09:00:00.000Z,Lecco,Lombardia,IT,Vicolo Stallo,23900
E0:4F:43:2E:30:EF,H2O-e04f432e30ef,33.52735901,-112.1241684,E0:4F:43,3,unknown,2025-05-04T20:00:00.000Z,2026-03-03T12:00:00.000Z,Phoenix,AZ,US,West Rose Lane,85017
E0:4F:43:2E:30:FA,H2O-e04f432e30fa,43.07775879,-80.72285461,E0:4F:43,3,unknown,2025-11-25T01:00:00.000Z,2025-12-12T20:00:00.000Z,,Ontario,CA,Country Road 59,N0J 1C0
E0:4F:43:2E:31:05,H2O-e04f432e3105,30.13409805,-97.42788696,E0:4F:43,2,unknown,2026-06-15T06:00:00.000Z,2026-06-15T01:00:00.000Z,,TX,US,Farm to Market Road 1209,
E0:4F:43:2E:31:10,H2O-e04f432e3110,50.69039917,4.24041891,E0:4F:43,3,unknown,2024-10-28T16:00:00.000Z,2024-10-28T09:00:00.000Z,,Brabant wallon,BE,Rue de la Sablonnière,1480
E0:4F:43:2E:31:1A,H2O-e04f432e311a,50.83740997,4.63713741,E0:4F:43,3,unknown,2023-07-19T17:00:00.000Z,2025-06-03T23:00:00.000Z,,Vlaams-Brabant,BE,Nijvelsebaan,3060
E0:4F:43:2E:31:2D,H2O-e04f432e312d,50.87879944,4.70620823,E0:4F:43,3,unknown,2018-06-14T18:00:00.000Z,2024-10-23T07:00:00.000Z,Leuven,Vlaams-Brabant,BE,Monseigneur Ladeuzeplein,3000
E0:4F:43:2E:31:2F,H2O-e04f432e312f,42.38091278,-82.15757751,E0:4F:43,3,unknown,2024-12-28T18:00:00.000Z,2024-12-28T11:00:00.000Z,Chatham,Ontario,CA,Charing Cross Road,N7M 2G9
E0:4F:43:2E:31:37,H2O-e04f432e3137,43.97791672,-78.32891846,E0:4F:43,3,none,2001-12-31T19:00:00.000Z,2026-04-25T14:00:00.000Z,,Ontario,CA,Dale Road,L1A 0E2
E0:4F:43:2E:31:57,Culligan-e04f432e3157,27.7996273,-82.28638458,E0:4F:43,11,unknown,2023-11-06T17:00:00.000Z,2026-05-23T09:00:00.000Z,,FL,US,Balm Riverview Road,33579
E0:4F:43:2E:31:58,H2O-e04f432e3158,44.82990265,-93.08355713,E0:4F:43,3,none,2026-07-31T22:00:00.000Z,2026-08-02T21:00:00.000Z,,MN,US,82nd Street East,55077
E0:4F:43:2E:31:5A,H2O-e04f432e315a,51.06636047,-114.1424942,E0:4F:43,3,unknown,2024-07-08T04:00:00.000Z,2026-08-02T21:00:00.000Z,Calgary,Alberta,CA,16 Avenue NW,T2N 4T1
E0:4F:43:2E:31:7A,H2O-e04f432e317a,61.56283188,-149.29162598,E0:4F:43,3,unknown,2021-10-01T13:00:00.000Z,2025-10-20T16:00:00.000Z,,AK,US,East Parks Highway,
E0:4F:43:2E:31:8A,H2O-e04f432e318a,53.42599869,14.55098724,E0:4F:43,3,unknown,2021-03-30T20:00:00.000Z,2025-04-11T01:00:00.000Z,Szczecin,województwo zachodniopomorskie,PL,aleja Niepodległości,70-412
E0:4F:43:2E:31:8C,H2O-e04f432e318c,33.80229187,-117.97818756,E0:4F:43,3,unknown,2025-01-20T22:00:00.000Z,2025-01-20T15:00:00.000Z,Garden Grove,CA,US,Mac Murray Street,92841
E0:4F:43:2E:31:8D,H2O-e04f432e318d,33.60398483,-111.99582672,E0:4F:43,3,none,2021-09-26T12:00:00.000Z,2026-07-27T14:00:00.000Z,Phoenix,AZ,US,North 40th Street,85032
E0:4F:43:2E:31:97,H2O-e04f432e3197,30.47778893,-97.84944916,E0:4F:43,3,none,2026-04-13T21:00:00.000Z,2026-04-13T15:00:00.000Z,,TX,US,Grandfalls Drive,78613-2277
E0:4F:43:2E:31:C9,H2O-e04f432e31c9,50.84992218,4.31275797,E0:4F:43,3,unknown,2023-08-10T13:00:00.000Z,2025-03-28T11:00:00.000Z,,Région de Bruxelles-Capitale - Brussels Hoofdstedelijk Gewest,BE,Rue de la Semence - Zaadstraat,1080
E0:4F:43:2E:31:E1,H2O-e04f432e31e1,33.12854004,-117.18460846,E0:4F:43,3,unknown,2026-02-24T05:00:00.000Z,2026-02-23T22:00:00.000Z,San Marcos,CA,US,Windridge Circle,92078
E0:4F:43:2E:31:F2,H2O-e04f432e31f2,33.60486221,-111.87834167,E0:4F:43,3,unknown,2024-03-26T14:00:00.000Z,2025-04-18T11:00:00.000Z,Scottsdale,AZ,US,North 94th Street,85260
E0:4F:43:2E:32:05,H2O-e04f432e3205,34.10392761,-118.05408478,E0:4F:43,3,none,2026-07-16T23:00:00.000Z,2026-07-16T20:00:00.000Z,Temple City,CA,US,Live Oak Avenue,91780
E0:4F:43:2E:32:20,H2O-e04f432e3220,48.00549698,9.0367775,E0:4F:43,3,unknown,2025-04-30T04:00:00.000Z,2025-04-30T04:00:00.000Z,,Baden-Württemberg,DE,Hohenzollernstraße,88637
E0:4F:43:2E:32:48,H2O-e04f432e3248,30.03244209,-95.63715363,E0:4F:43,3,none,2025-07-27T23:00:00.000Z,2025-07-27T18:00:00.000Z,,TX,US,Yukon Cove Drive,77377
E0:4F:43:2E:32:55,H2O-e04f432e3255,50.84276199,4.42029715,E0:4F:43,3,unknown,2025-04-01T21:00:00.000Z,2025-04-01T14:00:00.000Z,,Région de Bruxelles-Capitale - Brussels Hoofdstedelijk Gewest,BE,Avenue de Broqueville - de Broquevillelaan,1200
E0:4F:43:2E:32:72,H2O-e04f432e3272,33.13212204,-117.10153961,E0:4F:43,3,unknown,2023-02-26T15:00:00.000Z,2026-04-18T19:00:00.000Z,Escondido,CA,US,Rock Springs Road,92026
E0:4F:43:2E:32:75,Culligan-e04f432e3275,27.79330826,-82.29059601,E0:4F:43,3,unknown,2024-12-12T00:00:00.000Z,2025-04-17T16:00:00.000Z,,FL,US,Bermuda Grass Way,33579
E0:4F:43:2E:32:7C,Culligan-e04f432e327c,27.79008484,-82.32678223,E0:4F:43,3,none,2024-03-09T21:00:00.000Z,2026-02-17T08:00:00.000Z,,FL,US,Woodbridge Drive,33579
E0:4F:43:2E:32:92,H2O-e04f432e3292,28.26875877,-82.27204895,E0:4F:43,2,unknown,2024-12-15T23:00:00.000Z,2025-03-28T16:00:00.000Z,,FL,US,Woodthrush Way,33545
E0:4F:43:2E:32:A8,H2O-e04f432e32a8,29.55101013,-98.54068756,E0:4F:43,3,none,2017-06-29T19:00:00.000Z,2026-06-17T07:00:00.000Z,San Antonio,TX,US,Lockhill Selma Road,78231
E0:4F:43:2E:32:AF,H2O-e04f432e32af,49.18794632,8.81654835,E0:4F:43,3,unknown,2025-04-27T12:00:00.000Z,2025-05-04T09:00:00.000Z,,Baden-Württemberg,DE,Parkstraße,76684
E0:4F:43:2E:32:B4,H2O-e04f432e32b4,42.07421494,-71.74545288,E0:4F:43,3,none,2017-12-29T09:00:00.000Z,2026-03-27T15:00:00.000Z,,MA,US,West Street,01516
E0:4F:43:2E:32:B7,H2O-e04f432e32b7,42.04329681,-88.91574097,E0:4F:43,3,unknown,2025-07-15T14:00:00.000Z,2025-10-28T16:00:00.000Z,,IL,US,Old State Road,60129
E0:4F:43:2E:32:BA,H2O-e04f432e32ba,50.46842194,3.80746698,E0:4F:43,3,unknown,2024-11-27T08:00:00.000Z,2024-11-28T13:00:00.000Z,,Hainaut,BE,Rue Zéphirin Caron,7333
E0:4F:43:2E:32:C2,Culligan-e04f432e32c2,29.7635994,-95.41921997,E0:4F:43,11,unknown,2026-04-01T20:00:00.000Z,2026-04-01T13:00:00.000Z,Houston,TX,US,Malone Street,77007
E0:4F:43:2E:32:D1,H2O-e04f432e32d1,50.83583069,4.37813568,E0:4F:43,3,unknown,2018-11-03T17:00:00.000Z,2026-04-23T15:00:00.000Z,,Région de Bruxelles-Capitale - Brussels Hoofdstedelijk Gewest,BE,Chaussée de Wavre - Waverse Steenweg,1050
E0:4F:43:2E:32:DA,H2O-e04f432e32da,42.06327057,-87.93260956,E0:4F:43,3,none,2026-07-10T19:00:00.000Z,2026-07-10T13:00:00.000Z,,IL,US,South Elm Street,60056
E0:4F:43:2E:32:E4,H2O-e04f432e32e4,53.33577728,15.02156734,E0:4F:43,3,unknown,2024-08-20T06:00:00.000Z,2025-08-12T09:00:00.000Z,,województwo zachodniopomorskie,PL,Szkolna,73-100
E0:4F:43:2E:33:06,H2O-e04f432e3306,30.41351891,-86.88224792,E0:4F:43,3,unknown,2024-12-05T00:00:00.000Z,2024-12-04T19:00:00.000Z,,FL,US,Beleza Street,32566
E0:4F:43:2E:33:35,H2O-e04f432e3335,50.83984375,4.41024828,E0:4F:43,3,unknown,2025-03-20T08:00:00.000Z,2026-04-14T06:00:00.000Z,,Région de Bruxelles-Capitale - Brussels Hoofdstedelijk Gewest,BE,Avenue de Woluwé Saint-Lambert - Sint-Lambrechts Woluwelaan,1200
E0:4F:43:2E:33:3D,H2O-e04f432e333d,50.1503067,8.15215302,E0:4F:43,3,unknown,2025-11-07T13:00:00.000Z,2025-11-07T08:00:00.000Z,,Hessen,DE,Arndtstraße,65232
E0:4F:43:2E:33:48,Culligan-e04f432e3348,45.36056137,-75.3474884,E0:4F:43,3,unknown,2026-05-10T13:00:00.000Z,2026-08-02T08:00:00.000Z,,Ontario,CA,Trudeau Avenue,K0A 3H0
E0:4F:43:2E:33:51,H2O-e04f432e3351,41.19597244,1.57012057,E0:4F:43,3,unknown,2017-06-08T19:00:00.000Z,2025-09-13T10:00:00.000Z,Calafell,Catalunya,ES,Rambla de Mossèn Jaume Tobella,43882
E0:4F:43:2E:33:5E,H2O-e04f432e335e,50.94783401,5.19079304,E0:4F:43,3,unknown,2025-01-26T05:00:00.000Z,2026-05-28T17:00:00.000Z,,Limburg,BE,Stapstraat,3540
E0:4F:43:2E:33:77,H2O-e04f432e3377,39.15114975,-76.92510223,E0:4F:43,3,none,2023-02-02T20:00:00.000Z,2025-09-01T15:00:00.000Z,,MD,US,Lime Kiln Road,20759
E0:4F:43:2E:33:8A,H2O-e04f432e338a,47.69177246,9.59002972,E0:4F:43,3,unknown,2022-09-16T09:00:00.000Z,2025-11-25T03:00:00.000Z,,Baden-Württemberg,DE,K 7790,88069
E0:4F:43:2E:33:9B,H2O-e04f432e339b,51.19522095,3.18900299,E0:4F:43,3,unknown,2025-03-08T22:00:00.000Z,2025-03-08T14:00:00.000Z,Brugge,West-Vlaanderen,BE,Kloosterveld,8200
E0:4F:43:2E:33:AA,H2O-e04f432e33aa,51.85791016,4.49402809,E0:4F:43,3,unknown,2018-10-04T07:00:00.000Z,2024-10-09T01:00:00.000Z,,Zuid-Holland,NL,Brandsma-akker,2994AA
E0:4F:43:2E:33:B5,Culligan-e04f432e33b5,28.07733536,-82.54175568,E0:4F:43,3,unknown,2026-07-31T08:00:00.000Z,2026-07-31T08:00:00.000Z,,FL,US,Lynn Road,33624
E0:4F:43:2E:33:C4,H2O-e04f432e33c4,38.67718506,-91.87756348,E0:4F:43,3,unknown,2025-06-01T21:00:00.000Z,2025-10-28T18:00:00.000Z,,MO,US,Fulton Avenue,65059
E0:4F:43:2E:33:C5,H2O-e04f432e33c5,50.73534393,4.28640842,E0:4F:43,3,unknown,2023-02-11T11:00:00.000Z,2025-06-16T09:00:00.000Z,,Vlaams-Brabant,BE,Alsembergsesteenweg,1653
E0:4F:43:2E:33:CD,H2O-e04f432e33cd,50.80993271,4.36279917,E0:4F:43,3,unknown,2025-03-11T17:00:00.000Z,2025-12-27T12:00:00.000Z,,Région de Bruxelles-Capitale - Brussels Hoofdstedelijk Gewest,BE,Rue Ernest Gossart - Ernest Gossartstraat,1180
E0:4F:43:2E:33:F2,Culligan-e04f432e33f2,29.63722992,-95.73903656,E0:4F:43,3,none,2026-05-17T20:00:00.000Z,2026-05-17T15:00:00.000Z,,TX,US,Old South Drive,77469
E0:4F:43:2E:34:01,H2O-e04f432e3401,51.41570282,-1.35262156,E0:4F:43,3,none,2023-11-14T16:00:00.000Z,2026-02-23T09:00:00.000Z,,England,GB,Lambourn Road,RG20 8BN
E0:4F:43:2E:34:03,H2O-e04f432e3403,41.28120804,1.97009468,E0:4F:43,3,unknown,2024-08-31T14:00:00.000Z,2024-08-31T07:00:00.000Z,Castelldefels,Catalunya,ES,Avinguda 312,08860
E0:4F:43:2E:34:1B,H2O-e04f432e341b,51.05103683,3.72009444,E0:4F:43,3,unknown,2025-01-30T09:00:00.000Z,2025-01-30T02:00:00.000Z,,Oost-Vlaanderen,BE,Ajuinlei,9000
E0:4F:43:2E:34:4A,H2O-e04f432e344a,50.43412399,4.91667414,E0:4F:43,3,unknown,2025-05-24T08:00:00.000Z,2025-05-26T14:00:00.000Z,,Namur,BE,Chaussée de Marche,5100
E0:4F:43:2E:34:7E,H2O-e04f432e347e,45.22454834,-123.09268188,E0:4F:43,3,unknown,2025-06-27T05:00:00.000Z,2025-06-27T19:00:00.000Z,,OR,US,Southeast Foster Road,97114
E0:4F:43:2E:34:86,H2O-e04f432e3486,34.43039322,-119.6785965,E0:4F:43,3,none,2026-06-03T21:00:00.000Z,2026-07-20T02:00:00.000Z,Santa Barbara,CA,US,East Gutierrez Street,93103
E0:4F:43:2E:34:90,H2O-e04f432e3490,48.79830551,1.90730679,E0:4F:43,3,unknown,2026-03-28T11:00:00.000Z,2026-03-28T05:00:00.000Z,,Île-de-France,FR,Avenue du Château,78760
E0:4F:43:2E:34:A1,H2O-e04f432e34a1,51.46414948,-0.26818553,E0:4F:43,3,unknown,2026-02-10T09:00:00.000Z,2026-04-13T02:00:00.000Z,London,England,GB,Upper Richmond Road West,SW14 7NX
E0:4F:43:2E:34:A2,Culligan-e04f432e34a2,30.01945686,-95.61291504,E0:4F:43,3,none,2025-07-26T19:00:00.000Z,2025-07-26T15:00:00.000Z,,TX,US,Rampy Green Drive,77377
E0:4F:43:2E:34:AC,H2O-e04f432e34ac,33.89646149,-117.82534027,E0:4F:43,3,unknown,2017-10-12T16:00:00.000Z,2025-07-13T23:00:00.000Z,,CA,US,Imperial Highway,92886
E0:4F:43:2E:34:AD,H2O-e04f432e34ad,40.60391998,-75.59597778,E0:4F:43,3,unknown,2026-04-12T22:00:00.000Z,2026-04-12T15:00:00.000Z,Upper Macungie Township,PA,US,Lotus Drive,18069
E0:4F:43:2E:34:D2,H2O-e04f432e34d2,50.91477585,-114.10575867,E0:4F:43,3,unknown,2026-03-30T20:00:00.000Z,2026-03-30T16:00:00.000Z,Calgary,Alberta,CA,Everwillow Circle SW,T2Y 4V2
E0:4F:43:2E:34:DA,H2O-e04f432e34da,33.48345947,-111.98254395,E0:4F:43,3,unknown,2025-05-16T01:00:00.000Z,2025-05-15T21:00:00.000Z,Phoenix,AZ,US,East Avalon Drive,85018
E0:4F:43:2E:34:DC,H2O-e04f432e34dc,36.4016571,-97.9269104,E0:4F:43,3,unknown,2018-01-05T05:00:00.000Z,2025-02-20T09:00:00.000Z,Enid,OK,US,,73703
E0:4F:43:2E:34:FD,Culligan-e04f432e34fd,40.57131195,-75.59056091,E0:4F:43,5,unknown,2026-03-09T20:00:00.000Z,2026-03-09T15:00:00.000Z,Upper Macungie Township,PA,US,Natalie Drive,18104
E0:4F:43:2E:35:0B,Culligan-e04f432e350b,29.69900131,-95.85233307,E0:4F:43,3,unknown,2026-05-31T21:00:00.000Z,2026-06-05T17:00:00.000Z,Fulshear,TX,US,North Saddle Creek Lane,77441
E0:4F:43:2E:35:13,Culligan-e04f432e3513,42.76576233,-73.59320831,E0:4F:43,3,unknown,2020-04-13T09:00:00.000Z,2026-06-01T05:00:00.000Z,City of Troy,NY,US,Hoosick Road,12180
E0:4F:43:2E:35:18,H2O-e04f432e3518,28.42533112,-81.65480804,E0:4F:43,3,unknown,2024-06-14T16:00:00.000Z,2025-09-29T16:00:00.000Z,,FL,US,Sonoma Coast Drive,
E0:4F:43:2E:35:1E,H2O-e04f432e351e,34.1345787,-117.66233826,E0:4F:43,3,none,2019-01-29T20:00:00.000Z,2026-08-06T05:00:00.000Z,,CA,US,Foothill Freeway,91784
E0:4F:43:2E:35:26,Culligan-e04f432e3526,29.56443214,-95.60351562,E0:4F:43,6,none,2026-07-19T21:00:00.000Z,2026-07-24T10:00:00.000Z,Sugar Land,TX,US,Knightsbridge Boulevard,77479
E0:4F:43:2E:35:2A,Culligan-e04f432e352a,42.84086227,-112.40808868,E0:4F:43,3,unknown,2026-06-30T16:00:00.000Z,2026-07-01T11:00:00.000Z,Pocatello,ID,US,Dolbeer Street,83204
E0:4F:43:2E:35:38,Culligan-e04f432e3538,37.99985123,-97.51877594,E0:4F:43,3,unknown,2026-05-11T23:00:00.000Z,2026-05-15T19:00:00.000Z,,KS,US,South Halstead Road,67056
E0:4F:43:2E:35:3F,H2O-e04f432e353f,33.97221756,-118.40470123,E0:4F:43,3,unknown,2025-10-22T01:00:00.000Z,2025-11-26T15:00:00.000Z,Los Angeles,CA,US,Cowan Avenue,90045
E0:4F:43:2E:35:8E,H2O-e04f432e358e,44.31171036,-93.99300385,E0:4F:43,3,unknown,2018-06-16T22:00:00.000Z,2024-12-24T15:00:00.000Z,,MN,US,State Highway 99,56074
E0:4F:43:2E:35:A4,Culligan-e04f432e35a4,29.87200165,-95.79011536,E0:4F:43,6,none,2026-05-14T02:00:00.000Z,2026-05-19T10:00:00.000Z,,TX,US,Elyson Wood Crossing,
E0:4F:43:2E:35:B6,H2O-e04f432e35b6,41.38349533,1.92951572,E0:4F:43,3,unknown,2018-09-04T10:00:00.000Z,2025-01-26T13:00:00.000Z,Vallirana,Catalunya,ES,Carrer Major,08759
E0:4F:43:2E:35:CE,Culligan-e04f432e35ce,27.81447792,-82.29353333,E0:4F:43,3,unknown,2021-05-15T10:00:00.000Z,2025-01-31T19:00:00.000Z,,FL,US,Balm Riverview Road,33579
E0:4F:43:2E:35:D9,Culligan-e04f432e35d9,28.06605339,-82.4906311,E0:4F:43,3,none,2022-12-09T22:00:00.000Z,2026-08-07T17:00:00.000Z,,FL,US,West Fletcher Avenue,33618
E0:4F:43:2E:35:F5,Culligan-e04f432e35f5,34.29644775,-119.15711975,E0:4F:43,3,none,2021-08-25T06:00:00.000Z,2025-07-26T15:00:00.000Z,Ventura,CA,US,Gorrion Avenue,93004
E0:4F:43:2E:36:01,H2O-e04f432e3601,48.09238052,9.05264854,E0:4F:43,3,wep,2018-11-15T11:00:00.000Z,2026-02-08T05:00:00.000Z,,Baden-Württemberg,DE,Neidinger Straße,88631
E0:4F:43:2E:36:16,H2O-e04f432e3616,29.55906105,-98.61434174,E0:4F:43,3,unknown,2026-02-19T23:00:00.000Z,2026-02-19T16:00:00.000Z,San Antonio,TX,US,Stable Pond Drive,78249
E0:4F:43:2E:36:1B,Culligan-e04f432e361b,33.56801224,-117.19971466,E0:4F:43,3,none,2025-04-26T19:00:00.000Z,2025-04-26T23:00:00.000Z,Murrieta,CA,US,Symphony Park Lane,92562
E0:4F:43:2E:36:2B,Culligan-e04f432e362b,51.12979889,-113.93378448,E0:4F:43,3,unknown,2025-04-06T17:00:00.000Z,2025-04-08T07:00:00.000Z,Calgary,Alberta,CA,Saddlemont Boulevard NE,T3J 4J2
E0:4F:43:2E:36:48,H2O-e04f432e3648,36.71757889,-4.41264105,E0:4F:43,3,unknown,2019-09-23T21:00:00.000Z,2026-03-30T16:00:00.000Z,,Andalucía,ES,Paseo de España,29330
E0:4F:43:2E:36:72,H2O-e04f432e3672,33.58278275,-117.10531616,E0:4F:43,3,unknown,2024-11-13T14:00:00.000Z,2024-11-13T06:00:00.000Z,,CA,US,Edgemont Drive,92593
E0:4F:43:2E:36:78,H2O-e04f432e3678,45.85187531,-95.33371735,E0:4F:43,3,unknown,2024-12-21T05:00:00.000Z,2024-12-22T17:00:00.000Z,,MN,US,South Side Drive Southeast,56308
E0:4F:43:2E:36:82,H2O-e04f432e3682,49.04708099,8.39517975,E0:4F:43,3,unknown,2026-06-28T18:00:00.000Z,2026-07-25T12:00:00.000Z,Karlsruhe,Baden-Württemberg,DE,Gildestraße,76149
E0:4F:43:2E:36:9A,H2O-e04f432e369a,46.87018585,-120.96748352,E0:4F:43,3,none,2018-08-23T16:00:00.000Z,2024-09-28T21:00:00.000Z,,WA,US,State Route 410,98937
E0:4F:43:2E:36:9F,H2O-e04f432e369f,37.84817123,-80.85066223,E0:4F:43,3,unknown,2024-10-18T17:00:00.000Z,2024-10-18T14:00:00.000Z,,WV,US,WV 20,25976
E0:4F:43:2E:36:BF,H2O-e04f432e36bf,43.22902298,27.9994278,E0:4F:43,3,unknown,2025-05-18T07:00:00.000Z,2026-06-21T10:00:00.000Z,,Варна,BG,17-та,9006
E0:4F:43:2E:36:C9,H2O-e04f432e36c9,34.02058029,-117.76039886,E0:4F:43,3,unknown,2026-07-14T14:00:00.000Z,2026-07-14T18:00:00.000Z,Chino Hills,CA,US,Scenic Ridge Road,92709
E0:4F:43:2E:36:D8,H2O-e04f432e36d8,53.35297012,6.46495485,E0:4F:43,3,none,2021-11-11T15:00:00.000Z,2025-05-05T23:00:00.000Z,,Groningen,NL,Eenrummerweg,9961PC
E0:4F:43:2E:36:E1,H2O-e04f432e36e1,47.22938919,6.11988306,E0:4F:43,3,unknown,2025-09-15T16:00:00.000Z,2025-09-15T10:00:00.000Z,,Bourgogne-Franche-Comté,FR,Rue du Colombier,25660
E0:4F:43:2E:36:EB,H2O-e04f432e36eb,33.65252686,-112.11816406,E0:4F:43,3,unknown,2019-09-04T00:00:00.000Z,2025-03-08T22:00:00.000Z,Phoenix,AZ,US,West Bluefield Avenue,85053
E0:4F:43:2E:37:08,H2O-e04f432e3708,51.21033096,4.39417982,E0:4F:43,3,unknown,2024-01-22T09:00:00.000Z,2025-05-17T10:00:00.000Z,,Antwerpen,BE,Graaf van Egmontstraat,2000
E0:4F:43:2E:37:27,H2O-e04f432e3727,53.33214951,6.75654125,E0:4F:43,3,unknown,2025-04-04T14:00:00.000Z,2025-06-04T12:00:00.000Z,,Groningen,NL,Veldzicht,9919KH
E0:4F:43:2E:37:2E,H2O-e04f432e372e,47.37300491,8.53542995,E0:4F:43,3,unknown,2018-03-23T21:00:00.000Z,2025-10-25T16:00:00.000Z,Zürich,Zürich,CH,Nüschelerstrasse,8090
E0:4F:43:2E:37:2F,H2O-e04f432e372f,50.85104752,4.34924936,E0:4F:43,3,unknown,2024-04-13T09:00:00.000Z,2026-05-07T05:00:00.000Z,Bruxelles - Brussel,Région de Bruxelles-Capitale - Brussels Hoofdstedelijk Gewest,BE,Place Sainte-Catherine - Sint-Katelijneplein,1000
E0:4F:43:2E:37:39,H2O-e04f432e3739,41.39260101,2.14685798,E0:4F:43,3,unknown,2025-06-05T07:00:00.000Z,2025-06-05T02:00:00.000Z,Barcelona,Catalunya,ES,Carrer de Villarroel,08001
E0:4F:43:2E:37:45,Culligan-e04f432e3745,27.78369141,-82.28992462,E0:4F:43,3,unknown,2022-06-30T07:00:00.000Z,2026-07-20T07:00:00.000Z,,FL,US,Blackeyed Susan Drive,33579
E0:4F:43:2E:37:46,H2O-e04f432e3746,44.67250443,-93.18425751,E0:4F:43,3,none,2026-07-17T23:00:00.000Z,2026-07-17T19:00:00.000Z,,MN,US,Everest Path,55024
E0:4F:43:2E:37:5D,H2O-e04f432e375d,42.00168228,-88.77033997,E0:4F:43,3,none,2018-02-07T18:00:00.000Z,2026-07-12T00:00:00.000Z,,IL,US,IL-64,60111
E0:4F:43:2E:37:66,H2O-e04f432e3766,50.4587059,3.95881009,E0:4F:43,3,unknown,2024-01-15T09:00:00.000Z,2024-11-25T09:00:00.000Z,Mons,Hainaut,BE,Rue des Arbalestriers,7000
E0:4F:43:2E:37:72,H2O-e04f432e3772,42.13237,-88.11256409,E0:4F:43,3,none,2026-06-15T14:00:00.000Z,2026-06-16T06:00:00.000Z,,IL,US,East Dundee Road,60192
E0:4F:43:2E:37:73,H2O-e04f432e3773,44.56359482,-63.63805771,E0:4F:43,3,unknown,2022-11-06T19:00:00.000Z,2026-07-23T10:00:00.000Z,,Nova Scotia,CA,Old Sambro Road,B3V 1C3
E0:4F:43:2E:37:93,H2O-e04f432e3793,53.06843567,6.45769548,E0:4F:43,3,unknown,2022-08-10T21:00:00.000Z,2025-03-16T09:00:00.000Z,,Drenthe,NL,Molenstraat,9331CH
E0:4F:43:2E:37:AA,H2O-e04f432e37aa,27.77021027,-82.3710022,E0:4F:43,3,unknown,2021-06-18T21:00:00.000Z,2025-12-09T15:00:00.000Z,,FL,US,Voyagers Place,33572
E0:4F:43:2E:37:AC,H2O-e04f432e37ac,39.63896942,-86.63188171,E0:4F:43,3,unknown,2026-05-27T12:00:00.000Z,2026-05-28T06:00:00.000Z,,IN,US,US 40,46180
E0:4F:43:2E:37:D9,H2O-e04f432e37d9,33.59713745,-112.00013733,E0:4F:43,3,unknown,2018-04-14T16:00:00.000Z,2026-08-07T13:00:00.000Z,Phoenix,AZ,US,East Cactus Road,85032
E0:4F:43:2E:37:E1,H2O-e04f432e37e1,41.94828415,-88.48574066,E0:4F:43,3,unknown,2025-07-08T21:00:00.000Z,2025-10-28T16:00:00.000Z,,IL,US,Seneca Lane,60151
E0:4F:43:2E:37:E2,H2O-e04f432e37e2,46.60380936,-120.59320068,E0:4F:43,3,unknown,2025-11-04T00:00:00.000Z,2025-11-03T17:00:00.000Z,Yakima,WA,US,West Lincoln Avenue,98908
E0:4F:43:2E:38:06,Culligan-e04f432e3806,29.97353745,-95.65969086,E0:4F:43,3,none,2023-04-18T19:00:00.000Z,2026-03-11T14:00:00.000Z,,TX,US,Coles Crossing Drive,77429
E0:4F:43:2E:38:07,H2O-e04f432e3807,50.7627182,4.31005383,E0:4F:43,3,unknown,2025-07-11T17:00:00.000Z,2025-07-11T11:00:00.000Z,,Vlaams-Brabant,BE,Het Houtem,1650
E0:4F:43:2E:38:0C,H2O-e04f432e380c,29.70416641,-98.29020691,E0:4F:43,3,unknown,2026-05-22T18:00:00.000Z,2026-05-22T12:00:00.000Z,,TX,US,Bogen Road,
E0:4F:43:2E:38:4F,H2O-e04f432e384f,50.06466293,19.99573898,E0:4F:43,3,unknown,2019-06-07T19:00:00.000Z,2026-01-31T06:00:00.000Z,,województwo małopolskie,PL,Aleja Pokoju,31-572
E0:4F:43:2E:38:55,H2O-e04f432e3855,30.59632301,-97.65408325,E0:4F:43,3,unknown,2025-10-11T20:00:00.000Z,2025-10-11T20:00:00.000Z,,TX,US,Jubilee Drive,78665
E0:4F:43:2E:38:67,H2O-e04f432e3867,44.95492172,-93.30137634,E0:4F:43,3,none,2025-05-09T22:00:00.000Z,2025-05-11T14:00:00.000Z,Minneapolis,MN,US,Lake of the Isles Bike Trail,55403:55408
E0:4F:43:2E:38:7D,H2O-e04f432e387d,49.01968765,8.17446136,E0:4F:43,3,unknown,2025-03-09T12:00:00.000Z,2025-03-16T05:00:00.000Z,,Rheinland-Pfalz,DE,Dorfbrunnenstraße,76744
E0:4F:43:2E:38:7E,H2O-e04f432e387e,29.43897438,-98.79553986,E0:4F:43,3,none,2022-11-09T20:00:00.000Z,2026-02-11T13:00:00.000Z,,TX,US,Field Sparrow,
E0:4F:43:2E:38:AE,H2O-e04f432e38ae,33.35615158,-111.90496063,E0:4F:43,3,unknown,2022-08-04T16:00:00.000Z,2025-12-21T08:00:00.000Z,Tempe,AZ,US,East Divot Drive,85283
E0:4F:43:2E:38:C1,H2O-e04f432e38c1,48.84447861,2.31798196,E0:4F:43,3,unknown,2018-08-27T18:00:00.000Z,2026-05-15T15:00:00.000Z,Paris,Île-de-France,FR,Rue de Vaugirard,75015
E0:4F:43:2E:38:D0,H2O-e04f432e38d0,43.68456268,10.66166401,E0:4F:43,3,unknown,2025-11-05T12:00:00.000Z,2025-11-11T02:00:00.000Z,,Toscana,IT,Via Francesca,56031
E0:4F:43:2E:38:FD,H2O-e04f432e38fd,40.6006813,-75.54988098,E0:4F:43,3,unknown,2026-04-30T21:00:00.000Z,2026-04-30T15:00:00.000Z,South Whitehall Township,PA,US,North Whitman Street,18104
E0:4F:43:2E:39:02,H2O-e04f432e3902,29.41724968,-98.7714386,E0:4F:43,3,none,2022-11-09T19:00:00.000Z,2026-04-12T06:00:00.000Z,,TX,US,Laurel Branch,
E0:4F:43:2E:39:2A,H2O-e04f432e392a,41.20916367,1.67366302,E0:4F:43,3,unknown,2024-11-26T10:00:00.000Z,2024-12-13T04:00:00.000Z,,Catalunya,ES,Carrer de Jacint Verdaguer,08880
E0:4F:43:2E:39:4B,H2O-e04f432e394b,35.60964584,-86.57448578,E0:4F:43,3,unknown,2025-11-06T15:00:00.000Z,2025-11-08T16:00:00.000Z,,TN,US,Unionville Deason Road,37160
E0:4F:43:2E:39:73,H2O-e04f432e3973,33.94445038,-118.103302,E0:4F:43,3,unknown,2020-07-14T08:00:00.000Z,2025-02-04T17:00:00.000Z,Downey,CA,US,Pangborn Avenue,90240
E0:4F:43:2E:39:83,H2O-e04f432e3983,41.53764725,-88.1085968,E0:4F:43,3,none,2026-04-22T02:00:00.000Z,2026-07-07T09:00:00.000Z,Joliet,IL,US,Black Road,60435
E0:4F:43:2E:39:8D,H2O-e04f432e398d,41.83690643,-88.52436066,E0:4F:43,3,none,2023-12-20T19:00:00.000Z,2026-07-24T08:00:00.000Z,,IL,US,Harter Road,60554
E0:4F:43:2E:39:97,H2O-e04f432e3997,53.3462677,15.02996254,E0:4F:43,3,unknown,2025-08-19T14:00:00.000Z,2025-08-19T08:00:00.000Z,,województwo zachodniopomorskie,PL,Marszałka Józefa Piłsudskiego,73-100
E0:4F:43:2E:39:98,H2O-e04f432e3998,32.93735504,-117.07752228,E0:4F:43,1,unknown,2024-11-19T15:00:00.000Z,2024-11-19T09:00:00.000Z,San Diego,CA,US,Springbrook Drive,92128
E0:4F:43:2E:39:AA,H2O-e04f432e39aa,52.34808731,6.86205101,E0:4F:43,3,unknown,2022-10-01T18:00:00.000Z,2025-09-27T13:00:00.000Z,,Overijssel,NL,Haarstraat,7595PH
E0:4F:43:2E:39:B5,H2O-e04f432e39b5,29.56452942,-98.27277374,E0:4F:43,3,unknown,2019-04-03T15:00:00.000Z,2024-12-28T09:00:00.000Z,,TX,US,Rooster Run,78154
E0:4F:43:2E:39:BF,H2O-e04f432e39bf,42.00090408,-88.73596191,E0:4F:43,3,unknown,2021-03-31T16:00:00.000Z,2025-10-28T16:00:00.000Z,,IL,US,Old State Road,60129
E0:4F:43:2E:39:DA,H2O-e04f432e39da,48.86850357,2.30346227,E0:4F:43,3,unknown,2025-10-20T17:00:00.000Z,2025-10-20T10:00:00.000Z,Paris,Île-de-France,FR,Rue Marbeuf,75008
E0:4F:43:2E:39:E5,H2O-e04f432e39e5,50.09337997,19.90205956,E0:4F:43,3,unknown,2024-09-08T05:00:00.000Z,2024-09-08T01:00:00.000Z,Kraków,województwo małopolskie,PL,Józefa Chełmońskiego,31-340
E0:4F:43:2E:3A:08,H2O-e04f432e3a08,41.53139114,2.08148956,E0:4F:43,3,unknown,2025-07-27T19:00:00.000Z,2025-07-27T12:00:00.000Z,Sant Quirze del Vallès,Catalunya,ES,Carrer del Mig,08192
E0:4F:43:2E:3A:23,H2O-e04f432e3a23,45.23848724,-75.23742676,E0:4F:43,3,unknown,2026-05-31T01:00:00.000Z,2026-05-30T20:00:00.000Z,,Ontario,CA,St Joseph Road,K0A 1W0
E0:4F:43:2E:3A:25,H2O-e04f432e3a25,45.33439255,-75.17420197,E0:4F:43,3,unknown,2017-08-24T14:00:00.000Z,2025-01-10T20:00:00.000Z,The Nation,Ontario,CA,Baker Road,
E0:4F:43:2E:3A:4F,H2O-e04f432e3a4f,33.02450562,-117.08217621,E0:4F:43,3,none,2018-10-22T22:00:00.000Z,2026-05-09T00:00:00.000Z,San Diego,CA,US,West Bernardo Drive,92128
E0:4F:43:2E:3A:67,H2O-e04f432e3a67,48.24200821,9.31215477,E0:4F:43,3,unknown,2020-01-04T13:00:00.000Z,2025-12-04T03:00:00.000Z,,Baden-Württemberg,DE,Geisinger Straße,72501
E0:4F:43:2E:3A:87,H2O-e04f432e3a87,30.24111748,-95.48764801,E0:4F:43,3,none,2026-07-19T23:00:00.000Z,2026-07-20T02:00:00.000Z,,TX,US,Summer Holly Drive,77384
E0:4F:43:2E:3A:9C,H2O-e04f432e3a9c,39.92575455,-91.35122681,E0:4F:43,3,unknown,2023-10-05T23:00:00.000Z,2024-12-22T16:00:00.000Z,Quincy,IL,US,State Street,62305
E0:4F:43:2E:3A:9F,H2O-e04f432e3a9f,49.03390884,8.3362751,E0:4F:43,3,unknown,2023-09-24T15:00:00.000Z,2025-05-10T05:00:00.000Z,Karlsruhe,Baden-Württemberg,DE,Neufeldstraße,76187
E0:4F:43:2E:3A:AB,H2O-e04f432e3aab,50.84880066,4.38553572,E0:4F:43,3,unknown,2025-03-17T20:00:00.000Z,2026-01-25T13:00:00.000Z,,Région de Bruxelles-Capitale - Brussels Hoofdstedelijk Gewest,BE,Rue des Confédérés - Eedgenotenstraat,1000
E0:4F:43:2E:3A:B4,H2O-e04f432e3ab4,38.49258804,-92.08737183,E0:4F:43,3,unknown,2025-09-02T20:00:00.000Z,2025-09-04T20:00:00.000Z,,MO,US,Route Y,65101
E0:4F:43:2E:3A:BA,H2O-e04f432e3aba,30.62947655,-81.45716095,E0:4F:43,3,unknown,2018-06-20T19:00:00.000Z,2025-11-11T11:00:00.000Z,,FL,US,Nissen Drive,32034
E0:4F:43:2E:3A:BB,H2O-e04f432e3abb,41.61619186,-87.08875275,E0:4F:43,3,none,2021-03-16T16:00:00.000Z,2025-03-10T07:00:00.000Z,,IN,US,West Beam Street,46304
E0:4F:43:2E:3B:06,H2O-e04f432e3b06,49.77332687,6.50186539,E0:4F:43,3,unknown,2026-03-18T10:00:00.000Z,2026-03-18T08:00:00.000Z,Rosport-Mompach,Canton Echternach,LU,Duerfstrooss,6559
E0:4F:43:2E:3B:0E,H2O-e04f432e3b0e,29.30031586,-98.48714447,E0:4F:43,3,unknown,2021-05-08T13:00:00.000Z,2026-01-18T01:00:00.000Z,San Antonio,TX,US,Del Lago Parkway,78221
E0:4F:43:2E:3B:18,H2O-e04f432e3b18,40.62401962,-83.76304626,E0:4F:43,3,none,2026-05-30T14:00:00.000Z,2026-05-30T16:00:00.000Z,,OH,US,County Road 75,43326
E0:4F:43:2E:3B:36,H2O-e04f432e3b36,29.72056389,-95.842659,E0:4F:43,3,unknown,2026-02-12T19:00:00.000Z,2026-02-12T11:00:00.000Z,,TX,US,Ranch Point Drive,25826
E0:4F:43:2E:3B:4E,H2O-e04f432e3b4e,34.43517303,-119.85998535,E0:4F:43,3,none,2026-07-02T23:00:00.000Z,2026-07-02T17:00:00.000Z,,CA,US,Sand Castle Place,93117
E0:4F:43:2E:3B:6C,H2O-e04f432e3b6c,41.9393158,-89.14006805,E0:4F:43,3,unknown,2026-05-24T18:00:00.000Z,2026-05-28T00:00:00.000Z,,IL,US,East Flagg Road,61068
E0:4F:43:2E:3B:7A,H2O-e04f432e3b7a,43.39878464,-79.97425842,E0:4F:43,3,unknown,2023-12-01T01:00:00.000Z,2025-04-17T17:00:00.000Z,Hamilton,Ontario,CA,Carlisle Road,L0R 1H0
E0:4F:43:2E:3B:BD,H2O-e04f432e3bbd,45.76107407,-61.90269852,E0:4F:43,3,unknown,2025-02-27T20:00:00.000Z,2025-02-27T14:00:00.000Z,Morristown,Nova Scotia,CA,Arieniskill Lane,
E0:4F:43:2E:3B:C1,H2O-e04f432e3bc1,50.85015869,4.3960619,E0:4F:43,3,unknown,2024-12-12T15:00:00.000Z,2025-04-18T15:00:00.000Z,,Région de Bruxelles-Capitale - Brussels Hoofdstedelijk Gewest,BE,Avenue Eugène Plasky - Eugène Plaskylaan,1030
E0:4F:43:2E:3B:D7,H2O-e04f432e3bd7,39.78582764,-75.68039703,E0:4F:43,3,unknown,2025-09-11T19:00:00.000Z,2026-03-11T13:00:00.000Z,,DE,US,Old Wilmington Road,19707
E0:4F:43:2E:3B:F3,H2O-e04f432e3bf3,41.39092636,2.15386677,E0:4F:43,3,unknown,2018-04-21T17:00:00.000Z,2026-02-27T12:00:00.000Z,Barcelona,Catalunya,ES,Carrer de Muntaner,08001
E0:4F:43:2E:3C:08,H2O-e04f432e3c08,29.57121086,-95.68744659,E0:4F:43,3,none,2026-07-05T15:00:00.000Z,2026-07-05T11:00:00.000Z,Sugar Land,TX,US,Willow Springs Lane,77479
E0:4F:43:2E:3C:15,H2O-e04f432e3c15,33.86053848,-118.36399841,E0:4F:43,3,unknown,2024-11-12T17:00:00.000Z,2024-11-12T15:00:00.000Z,,CA,US,Fisk Lane,90278
E0:4F:43:2E:3C:1B,H2O-e04f432e3c1b,38.59103012,-92.20449829,E0:4F:43,3,unknown,2018-09-09T15:00:00.000Z,2025-08-31T20:00:00.000Z,Jefferson City,MO,US,West Main Street,65109
E0:4F:43:2E:3C:3D,H2O-e04f432e3c3d,44.80775833,-122.40943146,E0:4F:43,3,none,2025-06-16T16:00:00.000Z,2025-06-17T21:00:00.000Z,,OR,US,North Fork Road,97358
E0:4F:43:2E:3C:55,H2O-e04f432e3c55,48.91121674,8.2547884,E0:4F:43,3,unknown,2025-09-03T12:00:00.000Z,2026-03-06T13:00:00.000Z,,Baden-Württemberg,DE,Gartenstraße,76467
E0:4F:43:2E:3C:74,H2O-e04f432e3c74,34.00615311,-117.88064575,E0:4F:43,3,none,2025-06-20T00:00:00.000Z,2026-07-12T16:00:00.000Z,West Covina,CA,US,South Sentous Avenue,91792
E0:4F:43:2E:3C:84,H2O-e04f432e3c84,48.48571396,8.65931034,E0:4F:43,3,unknown,2019-02-23T13:00:00.000Z,2026-05-21T11:00:00.000Z,,Baden-Württemberg,DE,Nagolder Straße,72160
E0:4F:43:2E:3C:CD,H2O-e04f432e3ccd,47.78110504,9.38922405,E0:4F:43,3,unknown,2018-01-11T12:00:00.000Z,2025-05-22T04:00:00.000Z,,Baden-Württemberg,DE,Badener Straße,88693
E0:4F:43:2E:3C:D3,H2O-e04f432e3cd3,35.8584671,-86.36992645,E0:4F:43,3,unknown,2017-09-06T13:00:00.000Z,2025-11-30T08:00:00.000Z,Murfreesboro,TN,US,East Clark Boulevard,37130
E0:4F:43:2E:3C:E2,Culligan-e04f432e3ce2,27.90324402,-82.34018707,E0:4F:43,3,none,2022-05-23T08:00:00.000Z,2026-05-19T16:00:00.000Z,Brandon,FL,US,Robert Tolle Drive,33511-8819
E0:4F:43:2E:3C:ED,H2O-e04f432e3ced,48.86993408,2.32250524,E0:4F:43,3,unknown,2022-08-23T17:00:00.000Z,2025-03-14T12:00:00.000Z,Paris,Île-de-France,FR,Rue Boissy d'Anglas,75008
E0:4F:43:2E:3D:0A,H2O-e04f432e3d0a,35.6662674,-86.59559631,E0:4F:43,3,unknown,2023-08-27T12:00:00.000Z,2025-09-14T12:00:00.000Z,,TN,US,US 41A,37060
E0:4F:43:2E:3D:13,H2O-e04f432e3d13,48.88460541,2.33776283,E0:4F:43,3,unknown,2025-07-04T13:00:00.000Z,2025-07-04T08:00:00.000Z,Paris,Île-de-France,FR,Rue des Abbesses,75018
E0:4F:43:2E:3D:16,H2O-e04f432e3d16,50.80846024,4.33121538,E0:4F:43,3,unknown,2025-07-11T15:00:00.000Z,2026-04-11T09:00:00.000Z,,Région de Bruxelles-Capitale - Brussels Hoofdstedelijk Gewest,BE,Avenue des Sept Bonniers - Zevenbunderslaan,1190
E0:4F:43:2E:3D:36,H2O-e04f432e3d36,34.30513,-118.44018555,E0:4F:43,3,unknown,2019-02-08T16:00:00.000Z,2025-03-17T17:00:00.000Z,Los Angeles,CA,US,Borden Avenue,91342
E0:4F:43:2E:3D:39,H2O-e04f432e3d39,32.78375244,-117.13206482,E0:4F:43,3,none,2023-05-31T11:00:00.000Z,2026-05-10T14:00:00.000Z,San Diego,CA,US,Piantino Circle,92108-3803
E0:4F:43:2E:3D:42,H2O-e04f432e3d42,34.0123024,-118.40058136,E0:4F:43,3,unknown,2019-05-18T18:00:00.000Z,2026-04-30T18:00:00.000Z,,CA,US,Overland Avenue,90230
E0:4F:43:2E:3D:7A,H2O-e04f432e3d7a,43.90992355,-78.71931458,E0:4F:43,3,unknown,2025-11-08T20:00:00.000Z,2026-08-09T01:00:00.000Z,Clarington,Ontario,CA,Regional Highway 2,L1C 1R2
E0:4F:43:2E:3D:9D,H2O-e04f432e3d9d,31.50093079,34.46300888,E0:4F:43,3,unknown,2022-04-16T12:00:00.000Z,2025-11-21T14:00:00.000Z,غزة,قطاع غزة,PS,Almo'assasa,888
E0:4F:43:2E:3D:B0,H2O-e04f432e3db0,33.50557327,-117.05839539,E0:4F:43,3,unknown,2001-01-01T00:00:00.000Z,2024-12-27T16:00:00.000Z,,CA,US,Linda Rosea Road,92592
E0:4F:43:2E:3E:0D,H2O-e04f432e3e0d,55.91409683,21.06041527,E0:4F:43,3,unknown,2024-07-12T10:00:00.000Z,2024-08-18T04:00:00.000Z,,Klaipėdos apskritis,LT,Kęstučio g.,00215
E0:4F:43:2E:3E:13,H2O-e04f432e3e13,42.41438293,-83.63610077,E0:4F:43,3,none,2026-05-04T17:00:00.000Z,2026-05-04T17:00:00.000Z,,MI,US,7 Mile Road,48178
E0:4F:43:2E:3E:20,H2O-e04f432e3e20,50.73730087,4.22920656,E0:4F:43,3,unknown,2025-01-02T21:00:00.000Z,2025-02-24T13:00:00.000Z,,Vlaams-Brabant,BE,Felix Steensstraat,1500
E0:4F:43:2E:3E:2D,H2O-e04f432e3e2d,50.65474701,4.33490038,E0:4F:43,3,unknown,2024-10-28T15:00:00.000Z,2024-10-28T09:00:00.000Z,,Brabant wallon,BE,Rue de Bois-Seigneur-Isaac,1421
E0:4F:43:2E:3E:3C,H2O-e04f432e3e3c,44.98614502,-95.10501862,E0:4F:43,3,unknown,2025-07-03T20:00:00.000Z,2026-07-06T09:00:00.000Z,,MN,US,County Road 5 Southwest,
E0:4F:43:2E:3E:40,H2O-e04f432e3e40,50.84289169,4.40845299,E0:4F:43,3,unknown,2022-10-23T19:00:00.000Z,2025-01-28T03:00:00.000Z,,Région de Bruxelles-Capitale - Brussels Hoofdstedelijk Gewest,BE,Avenue Georges Henri - Georges Henrilaan,1200
E0:4F:43:2E:3E:4A,H2O-e04f432e3e4a,33.5152359,-112.08624268,E0:4F:43,3,unknown,2025-04-24T02:00:00.000Z,2025-10-31T23:00:00.000Z,Phoenix,AZ,US,West Georgia Avenue,85013
E0:4F:43:2E:3E:6B,H2O-e04f432e3e6b,34.11751556,-118.25659943,E0:4F:43,3,unknown,2017-11-13T16:00:00.000Z,2025-10-10T00:00:00.000Z,Los Angeles,CA,US,Perlita Avenue,90039
E0:4F:43:2E:3E:9F,H2O-e04f432e3e9f,38.04010391,-87.25685883,E0:4F:43,3,unknown,2025-10-13T17:00:00.000Z,2025-10-14T07:00:00.000Z,,IN,US,East Main Street,47601
E0:4F:43:2E:3E:A2,H2O-e04f432e3ea2,48.10070038,8.85717297,E0:4F:43,3,unknown,2018-07-06T10:00:00.000Z,2025-02-18T05:00:00.000Z,,Baden-Württemberg,DE,Böttinger Straße,78598
E0:4F:43:2E:3E:B6,H2O-e04f432e3eb6,40.57850647,-75.51519775,E0:4F:43,3,unknown,2026-04-10T23:00:00.000Z,2026-04-10T20:00:00.000Z,Salisbury,PA,US,Belford Road,18104
E0:4F:43:2E:3E:B7,H2O-e04f432e3eb7,33.6251564,-112.14865112,E0:4F:43,3,unknown,2018-05-05T16:00:00.000Z,2026-03-16T20:00:00.000Z,Phoenix,AZ,US,West Greenway Road,85053
E0:4F:43:2E:3E:BA,H2O-e04f432e3eba,29.37250137,-82.17356873,E0:4F:43,3,none,2017-11-26T14:00:00.000Z,2026-05-24T12:00:00.000Z,,FL,US,US 441,32192
E0:4F:43:2E:3E:C8,H2O-e04f432e3ec8,47.4352951,8.84392262,E0:4F:43,3,unknown,2026-08-02T10:00:00.000Z,2026-08-02T04:00:00.000Z,,Zürich,CH,Am Setzibach,8488
E0:4F:43:2E:3E:D7,H2O-e04f432e3ed7,35.64147949,-97.5372467,E0:4F:43,3,unknown,2023-01-23T10:00:00.000Z,2026-05-07T14:00:00.000Z,Oklahoma City,OK,US,Bradbury Circle,73003
E0:4F:43:2E:3F:18,H2O-e04f432e3f18,27.03866386,-82.39860535,E0:4F:43,3,unknown,2025-04-22T13:00:00.000Z,2025-04-23T14:00:00.000Z,,FL,US,Princeton Road,34293
E0:4F:43:2E:3F:43,H2O-e04f432e3f43,29.5817852,-95.371521,E0:4F:43,3,none,2026-01-02T19:00:00.000Z,2026-01-04T18:00:00.000Z,,TX,US,McHard Road,77584
E0:4F:43:2E:3F:4D,H2O-e04f432e3f4d,33.5424118,-117.16120148,E0:4F:43,3,unknown,2024-12-17T13:00:00.000Z,2024-12-18T05:00:00.000Z,Temecula,CA,US,Blackstone Road,92390
E0:4F:43:2E:3F:65,H2O-e04f432e3f65,27.88996124,-82.31079102,E0:4F:43,3,unknown,2024-09-18T11:00:00.000Z,2024-09-18T05:00:00.000Z,,FL,US,Winthrop Lake Drive,33568
E0:4F:43:2E:3F:71,H2O-e04f432e3f71,50.66833878,4.34302473,E0:4F:43,3,unknown,2025-03-26T15:00:00.000Z,2025-03-26T08:00:00.000Z,,Brabant wallon,BE,Rue du Try,1421
E0:4F:43:2E:3F:7A,H2O-e04f432e3f7a,49.35916519,6.48839188,E0:4F:43,3,unknown,2025-07-27T12:00:00.000Z,2025-07-28T15:00:00.000Z,,Grand Est,FR,Rue de la Libération,57320
E0:4F:43:2E:3F:7E,H2O-e04f432e3f7e,50.1814003,10.37078476,E0:4F:43,3,unknown,2025-01-06T14:00:00.000Z,2025-01-06T08:00:00.000Z,,Bayern,DE,Hauptstraße,97488
E0:4F:43:2E:3F:80,H2O-e04f432e3f80,34.27601242,-118.74658203,E0:4F:43,3,unknown,2023-11-03T01:00:00.000Z,2026-05-17T19:00:00.000Z,Simi Valley,CA,US,Magnolia Street,93063-2364
E0:4F:43:2E:3F:83,H2O-e04f432e3f83,33.5915184,-111.98726654,E0:4F:43,3,unknown,2026-02-23T18:00:00.000Z,2026-02-23T15:00:00.000Z,Phoenix,AZ,US,East Cortez Street,85028
E0:4F:43:2E:3F:8C,H2O-e04f432e3f8c,39.47662735,-77.0710907,E0:4F:43,3,unknown,2018-02-24T12:00:00.000Z,2026-06-29T17:00:00.000Z,,MD,US,Ridge Road,21771-8727
E0:4F:43:2E:3F:AE,H2O-e04f432e3fae,34.25629425,-119.21202087,E0:4F:43,3,unknown,2020-02-07T22:00:00.000Z,2025-06-10T13:00:00.000Z,Ventura,CA,US,Montana Street,93009
E0:4F:43:2E:3F:CB,H2O-e04f432e3fcb,42.54237366,-70.92211914,E0:4F:43,3,none,2026-04-28T16:00:00.000Z,2026-04-28T13:00:00.000Z,Peabody,MA,US,Pulaski Street,01923-3145
E0:4F:43:2E:3F:DF,H2O-e04f432e3fdf,42.7951355,-83.62049866,E0:4F:43,3,none,2025-10-25T04:00:00.000Z,2025-10-24T23:00:00.000Z,,MI,US,Park Avenue,48442
E0:4F:43:2E:3F:F5,H2O-e04f432e3ff5,50.83816147,4.331985,E0:4F:43,3,unknown,2019-03-24T17:00:00.000Z,2025-04-25T20:00:00.000Z,,Région de Bruxelles-Capitale - Brussels Hoofdstedelijk Gewest,BE,Rue Brogniez - Brogniezstraat,1070
E0:4F:43:2E:40:3F,H2O-e04f432e403f,42.16457367,2.47389293,E0:4F:43,3,unknown,2024-08-03T22:00:00.000Z,2024-08-16T13:00:00.000Z,Olot,Catalunya,ES,Carrer del Freixe,17810
E0:4F:43:2E:40:42,H2O-e04f432e4042,39.6048584,-105.93460846,E0:4F:43,3,unknown,2024-08-15T14:00:00.000Z,2024-08-15T17:00:00.000Z,,CO,US,West Independence Road,80435
E0:4F:43:2E:40:4B,H2O-e04f432e404b,45.23820496,-75.91036987,E0:4F:43,3,none,2018-07-14T21:00:00.000Z,2026-07-28T11:00:00.000Z,Goulbourn,Ontario,CA,Stittsville Main Street,K2S 0Y4
E0:4F:43:2E:40:4D,H2O-e04f432e404d,27.87169838,-82.31893158,E0:4F:43,3,none,2021-07-22T17:00:00.000Z,2025-04-11T13:00:00.000Z,,FL,US,Riverview Drive,33569
E0:4F:43:2E:40:4F,H2O-e04f432e404f,53.91526794,19.9252243,E0:4F:43,3,unknown,2026-08-06T17:00:00.000Z,2026-08-06T12:00:00.000Z,,województwo warmińsko-mazurskie,PL,Adama Mickiewicza,14-300
E0:4F:43:2E:40:59,H2O-e04f432e4059,36.39109039,-97.98020172,E0:4F:43,3,unknown,2025-07-26T01:00:00.000Z,2025-07-31T12:00:00.000Z,,OK,US,Trooper Chris Van Krevelen Memorial Highway,
E0:4F:43:2E:40:5D,H2O-e04f432e405d,29.54841423,-95.59424591,E0:4F:43,3,none,2025-09-19T18:00:00.000Z,2026-08-03T11:00:00.000Z,,TX,US,University Boulevard,
E0:4F:43:2E:40:62,H2O-e04f432e4062,33.83903885,-116.46746826,E0:4F:43,3,unknown,2022-01-27T19:00:00.000Z,2026-04-26T13:00:00.000Z,,CA,US,Peladora Road,92264-3613
E0:4F:43:2E:40:69,H2O-e04f432e4069,36.39773941,-97.74492645,E0:4F:43,3,unknown,2026-07-07T23:00:00.000Z,2026-07-07T16:00:00.000Z,,OK,US,Trooper Chris Van Krevelen Memorial Highway,
E0:4F:43:2E:40:6C,H2O-e04f432e406c,34.43568802,-119.85437012,E0:4F:43,3,none,2026-07-02T23:00:00.000Z,2026-07-02T17:00:00.000Z,,CA,US,Longshore Place,93117
E0:4F:43:2E:40:77,H2O-e04f432e4077,42.2080574,-88.05825043,E0:4F:43,3,unknown,2023-09-13T00:00:00.000Z,2026-02-03T14:00:00.000Z,,IL,US,Quentin Road,60047
E0:4F:43:2E:40:7D,H2O-e04f432e407d,39.87774658,3.01719069,E0:4F:43,3,unknown,2018-04-29T10:00:00.000Z,2026-03-17T06:00:00.000Z,,Illes Balears,ES,Carrer Colón,07460
E0:4F:43:2E:40:82,H2O-e04f432e4082,35.34481812,-97.55793762,E0:4F:43,3,unknown,2023-05-25T04:00:00.000Z,2025-03-13T11:00:00.000Z,Oklahoma City,OK,US,Endor Drive,73170
E0:4F:43:2E:40:84,H2O-e04f432e4084,47.7584877,8.79031754,E0:4F:43,3,unknown,2020-11-24T01:00:00.000Z,2025-11-28T03:00:00.000Z,,Baden-Württemberg,DE,Gewerbestraße,78247
E0:4F:43:2E:40:93,H2O-e04f432e4093,33.50940323,-111.91190338,E0:4F:43,3,unknown,2020-05-13T12:00:00.000Z,2026-06-26T11:00:00.000Z,Scottsdale,AZ,US,East Chaparral Road,85251
E0:4F:43:2E:40:99,H2O-e04f432e4099,30.18087006,-95.45481873,E0:4F:43,3,unknown,2024-11-09T01:00:00.000Z,2024-11-08T17:00:00.000Z,,TX,US,Shenandoah Drive,77384-5317
E0:4F:43:2E:40:A5,H2O-e04f432e40a5,34.28871155,-118.73918152,E0:4F:43,3,none,2001-01-01T00:00:00.000Z,2026-03-23T20:00:00.000Z,Simi Valley,CA,US,Reservoir Drive,93063-2364
E0:4F:43:2E:40:AF,H2O-e04f432e40af,40.76374435,-73.86560822,E0:4F:43,3,unknown,2023-07-05T17:00:00.000Z,2026-02-05T16:00:00.000Z,City of New York,NY,US,Ericsson Street,11369
E0:4F:43:2E:40:BB,H2O-e04f432e40bb,50.7776413,5.46041679,E0:4F:43,3,unknown,2024-07-04T11:00:00.000Z,2026-07-19T13:00:00.000Z,,Limburg,BE,Albertwal,3700
E0:4F:43:2E:41:09,H2O-e04f432e4109,50.84621048,5.23136759,E0:4F:43,3,unknown,2001-05-31T18:00:00.000Z,2026-02-16T13:00:00.000Z,,Limburg,BE,Kortenbosstraat,3800
E0:4F:43:2E:41:16,H2O-e04f432e4116,29.71527672,-95.83406067,E0:4F:43,3,none,2026-07-11T21:00:00.000Z,2026-07-11T15:00:00.000Z,,TX,US,Cinco Ranch Boulevard,77494
E0:4F:43:2E:41:4F,H2O-e04f432e414f,34.22287369,-118.24797821,E0:4F:43,3,none,2021-02-21T15:00:00.000Z,2026-07-21T20:00:00.000Z,,CA,US,Foothill Freeway,91214
E0:4F:43:2E:41:62,H2O-e04f432e4162,48.84696198,2.44013166,E0:4F:43,3,unknown,2021-07-21T21:00:00.000Z,2025-03-08T06:00:00.000Z,,Île-de-France,FR,Avenue Pierre Brossolette,94300
E0:4F:43:2E:63:52,Nauti-Boost-ES4P,38.87733841,-77.02338409,E0:4F:43,3,wpa2,2026-06-20T16:00:00.000Z,2026-06-20T11:00:00.000Z,Washington,DC,US,Wharf Street Southwest,20024
E0:4F:43:2E:6C:9E,Nauti-Boost-6S62,26.77713585,-80.04109955,E0:4F:43,3,wpa2,2024-12-20T00:00:00.000Z,2024-12-19T23:00:00.000Z,,FL,US,Lake Drive,33404
E0:4F:43:2E:74:32,ORION-PP5G,-26.05368614,27.98312569,E0:4F:43,11,none,2023-11-01T13:00:00.000Z,2026-07-25T05:00:00.000Z,Randburg,Gauteng,ZA,Dianne Road,2155
E0:4F:43:2E:8C:BA,Photon-47FF,32.77557755,-117.2521286,E0:4F:43,11,unknown,2026-05-26T17:00:00.000Z,2026-05-26T15:00:00.000Z,San Diego,CA,US,Mission Boulevard,92109
E0:4F:43:30:00:77,RemoteLOCK-e04f43300077,35.96638107,-78.95877838,E0:4F:43,3,unknown,2025-03-24T23:00:00.000Z,2025-03-28T15:00:00.000Z,Durham,NC,US,Durham-Chapel Hill Boulevard,27707
E0:4F:43:30:05:A8,RemoteLOCK-e04f433005a8,25.92798615,-81.70425415,E0:4F:43,3,unknown,2026-05-04T18:00:00.000Z,2026-05-04T11:00:00.000Z,,FL,US,Galleon Court,34145
E0:4F:43:30:5E:6D,RemoteLOCK-e04f43305e6d,54.9710083,-1.61310351,E0:4F:43,3,unknown,2026-04-17T14:00:00.000Z,2026-04-18T09:00:00.000Z,Newcastle upon Tyne,England,GB,Cloth Market,NE1 1EE
E0:4F:43:30:61:CA,RemoteLOCK-e04f433061ca,36.52950668,-93.25720978,E0:4F:43,3,unknown,2024-12-06T18:00:00.000Z,2024-12-06T13:00:00.000Z,,MO,US,Devil's Pool Road,65739
E0:4F:43:30:70:2D,RemoteLOCK-e04f4330702d,54.97126007,-1.61327386,E0:4F:43,3,unknown,2024-10-26T12:00:00.000Z,2025-01-03T04:00:00.000Z,Newcastle upon Tyne,England,GB,High Bridge,NE1 1EN
E0:4F:43:30:71:B7,RemoteLOCK-e04f433071b7,39.23788834,-120.03070831,E0:4F:43,3,unknown,2025-09-26T09:00:00.000Z,2025-09-29T19:00:00.000Z,,CA,US,North Lake Boulevard,96143
E0:4F:43:33:A8:30,,30.63233185,-97.70057678,E0:4F:43,0,unknown,2025-03-11T09:00:00.000Z,2025-03-11T18:00:00.000Z,,TX,US,Wolf Ranch Parkway,78626
E0:4F:43:35:56:20,Audi HUD,48.05744934,9.35706425,E0:4F:43,1,wpa2,2021-01-12T14:00:00.000Z,2025-10-14T02:00:00.000Z,,Baden-Württemberg,DE,Zwerenweg,88512
E0:4F:43:35:86:01,Audi HUD,47.99302292,7.84341812,E0:4F:43,1,wpa2,2025-01-02T13:00:00.000Z,2026-07-31T08:00:00.000Z,Freiburg im Breisgau,Baden-Württemberg,DE,Wilhelmstraße,79098
E0:4F:43:36:2E:A6,Audi HUD,48.62268829,11.52628422,E0:4F:43,1,wpa2,2024-12-01T17:00:00.000Z,2025-04-19T10:00:00.000Z,,Bayern,DE,A 9,85296
E0:4F:43:36:3F:3B,Audi HUD,54.03956223,-1.38511825,E0:4F:43,1,wpa2,2025-10-13T21:00:00.000Z,2026-03-17T04:00:00.000Z,Ripon,England,GB,A1(M),HG4
E0:4F:43:36:3F:FB,Audi HUD,52.23185349,20.98055077,E0:4F:43,1,wpa2,2025-04-04T10:00:00.000Z,2026-07-23T03:00:00.000Z,Warszawa,województwo mazowieckie,PL,Przyokopowa,01-208
E0:4F:43:36:49:DC,Audi HUD,25.01850891,121.54485321,E0:4F:43,1,wpa2,2021-01-20T14:00:00.000Z,2026-05-28T21:00:00.000Z,臺北市,臺北市,TW,舟山路,10617
E0:4F:43:36:49:DD,Audi HUD,50.94573212,13.06450748,E0:4F:43,1,wpa2,2021-11-04T16:00:00.000Z,2025-11-28T08:00:00.000Z,,Sachsen,DE,A 4,09669
E0:4F:43:36:49:E5,Audi HUD,25.05847931,121.36595917,E0:4F:43,1,wpa2,2026-05-24T12:00:00.000Z,2026-05-24T07:00:00.000Z,,龜山區,TW,文化二路,333
E0:4F:43:36:4A:6D,Audi HUD,25.0463028,121.52573395,E0:4F:43,1,wpa2,2019-08-22T21:00:00.000Z,2025-05-28T00:00:00.000Z,,臺北市,TW,北平東路,10049
E0:4F:43:36:4A:77,Audi HUD,49.55338669,8.4444561,E0:4F:43,1,wpa2,2019-09-18T12:00:00.000Z,2025-02-19T14:00:00.000Z,,Baden-Württemberg,DE,A 6,68307
E0:4F:43:36:4A:7C,Audi HUD 2235,25.05259705,121.56944275,E0:4F:43,1,wpa2,2023-04-15T15:00:00.000Z,2026-01-23T17:00:00.000Z,臺北市,臺北市,TW,南京東路五段389巷15弄,10585
E0:4F:43:36:4A:8E,AudiHUD,48.88431931,12.61201668,E0:4F:43,1,wpa2,2024-06-18T12:00:00.000Z,2025-09-11T11:00:00.000Z,,Bayern,DE,Zwickauer Straße,94315
E0:4F:43:36:4A:96,Audi HUD,55.72568512,37.44350815,E0:4F:43,1,unknown,2023-02-19T19:00:00.000Z,2025-10-25T12:00:00.000Z,Москва,Москва,RU,улица Ращупкина,121374
E0:4F:43:36:4A:A8,Audi HUD,54.30456924,8.64758015,E0:4F:43,1,wpa2,2023-11-20T13:00:00.000Z,2025-07-19T11:00:00.000Z,,Schleswig-Holstein,DE,Eiderstedter Straße,25826
E0:4F:43:36:4A:AC,Audi HUD,50.15824509,9.01386356,E0:4F:43,1,wpa2,2025-05-26T11:00:00.000Z,2025-11-03T07:00:00.000Z,,Hessen,DE,A 45;A 66,63526
E0:4F:43:36:4A:AE,Audi HUD,50.06741333,8.25046825,E0:4F:43,1,wpa2,2025-08-31T18:00:00.000Z,2025-09-29T08:00:00.000Z,Wiesbaden,Hessen,DE,Mainzer Straße,65189
E0:4F:43:36:4A:DC,Audi HUD,48.04225159,7.84359932,E0:4F:43,1,wpa2,2021-08-29T18:00:00.000Z,2025-10-04T09:00:00.000Z,Freiburg im Breisgau,Baden-Württemberg,DE,Große Richtstatt,79108
E0:4F:43:36:4A:DD,Audi HUD,50.09023285,19.90797806,E0:4F:43,1,wpa2,2022-05-09T06:00:00.000Z,2025-02-06T11:00:00.000Z,,województwo małopolskie,PL,Stelmachów,31-340
E0:4F:43:36:4A:E4,Audi HUD,46.25421906,15.33319759,E0:4F:43,1,wpa2,2024-01-03T11:00:00.000Z,2025-01-10T11:00:00.000Z,,Celje,SI,A1 (Ljubljana-Maribor),3202
E0:4F:43:36:4A:E6,Audi HUD,48.92773438,11.46480179,E0:4F:43,1,wpa2,2020-09-30T14:00:00.000Z,2026-04-11T13:00:00.000Z,,Bayern,DE,A 9,85095
E0:4F:43:36:4A:F5,Audi HUD,50.88774109,9.5829134,E0:4F:43,1,wpa2,2023-05-05T18:00:00.000Z,2025-04-22T15:00:00.000Z,,Hessen,DE,A 7,36286
E0:4F:43:36:4B:09,Audi HUD,51.49391556,14.12730122,E0:4F:43,1,wpa2,2025-09-05T09:00:00.000Z,2026-03-19T14:00:00.000Z,,Sachsen,DE,Landstraße,02979
E0:4F:43:36:4B:27,Audi HUD,48.87749863,2.36198163,E0:4F:43,1,wpa2,2021-06-18T14:00:00.000Z,2025-11-20T14:00:00.000Z,Paris,Île-de-France,FR,Rue du Terrage,75010
E0:4F:43:36:4B:3E,Audi HUD,52.09767532,5.58057499,E0:4F:43,1,wpa2,2021-10-18T17:00:00.000Z,2025-04-14T06:00:00.000Z,,Gelderland,NL,Mispelweg,6741NA
E0:4F:43:36:4B:70,Audi HUD,52.50470734,13.39494133,E0:4F:43,1,wpa2,2023-06-08T14:00:00.000Z,2026-02-03T12:00:00.000Z,Berlin,Friedrichshain-Kreuzberg,DE,Markgrafenstraße,10969
E0:4F:43:36:4B:77,Audi HUD,39.70966339,141.16204834,E0:4F:43,1,wpa2,2025-05-24T02:00:00.000Z,2025-05-23T21:00:00.000Z,盛岡市,岩手県,JP,盛岡バイパス,020-0015
E0:4F:43:36:4B:B7,Audi HUD,25.0291996,121.47307587,E0:4F:43,1,wpa2,2019-12-02T16:00:00.000Z,2024-11-11T01:00:00.000Z,新北市,新北市,TW,雙十路二段,22044
E0:4F:43:36:4C:1D,Audi HUD,40.62070084,22.10994911,E0:4F:43,1,wpa2,2025-09-27T09:00:00.000Z,2025-11-29T00:00:00.000Z,,Αποκεντρωμένη Διοίκηση Μακεδονίας - Θράκης,GR,Διακλάδωση Νάουσας,59035
E0:4F:43:36:4C:3D,Audi HUD,46.93501282,28.9355011,E0:4F:43,1,wpa2,2021-05-12T16:00:00.000Z,2025-07-13T11:00:00.000Z,Chișinău,Sectorul Botanica,MD,Bulevardul Dacia,2029
E0:4F:43:36:4C:4E,Audi HUD,53.20134354,50.2623558,E0:4F:43,1,unknown,2025-08-06T10:00:00.000Z,2025-12-06T08:00:00.000Z,Самара,Самарская область,RU,Заводское шоссе,443028
E0:4F:43:36:4C:7E,Audi HUD,50.94551086,5.04694128,E0:4F:43,1,wpa2,2026-02-21T15:00:00.000Z,2026-02-24T05:00:00.000Z,,Vlaams-Brabant,BE,Tienbunderstraatje,3290
E0:4F:43:36:4C:8A,Audi HUD,47.49975967,19.10767937,E0:4F:43,1,wpa2,2025-10-31T22:00:00.000Z,2026-07-01T13:00:00.000Z,,Budapest,HU,Kerepesi út,1087
E0:4F:43:36:4C:A1,Audi HUD,53.35573196,10.1214056,E0:4F:43,1,wpa2,2025-02-02T09:00:00.000Z,2025-11-13T19:00:00.000Z,,Niedersachsen,DE,A 39,21435
E0:4F:43:36:4C:E8,Audi HUD,60.28591919,25.0033741,E0:4F:43,1,wpa2,2022-06-05T15:00:00.000Z,2026-06-24T10:00:00.000Z,Helsinki,Manner-Suomi,FI,Sateenkaarenkuja,00740
E0:4F:43:36:4C:FD,Audi HUD,43.38828659,-1.66136777,E0:4F:43,1,wpa2,2026-07-15T10:00:00.000Z,2026-07-15T05:00:00.000Z,,Nouvelle-Aquitaine,FR,Rue Daguenet,64500
E0:4F:43:36:4D:2B,Audi HUD,48.73552322,9.08298492,E0:4F:43,1,wpa2,2020-11-04T10:00:00.000Z,2025-12-27T11:00:00.000Z,Stuttgart,Baden-Württemberg,DE,Kurmärker Straße,70569
E0:4F:43:36:4D:41,Audi HUD,48.08250046,11.61529446,E0:4F:43,1,wpa2,2022-02-06T09:00:00.000Z,2024-12-30T03:00:00.000Z,,Bayern,DE,Am Campeon Park,85579
E0:4F:43:36:4D:5E,Audi HUD,41.33770752,2.08478928,E0:4F:43,1,wpa2,2024-01-13T10:00:00.000Z,2025-02-15T12:00:00.000Z,el Prat de Llobregat,Catalunya,ES,B-20,08820
E0:4F:43:36:4D:89,Audi HUD,25.05087471,121.5398941,E0:4F:43,1,wpa2,2019-06-08T18:00:00.000Z,2026-07-29T17:00:00.000Z,臺北市,臺北市,TW,龍江路,10489
E0:4F:43:36:4D:9C,Audi HUD,50.17430878,18.85787773,E0:4F:43,1,wpa2,2024-08-11T18:00:00.000Z,2026-01-29T04:00:00.000Z,,województwo śląskie,PL,Krucza,43-195
E0:4F:43:36:4E:A2,Audi HUD,49.99111176,15.24736404,E0:4F:43,1,wpa2,2025-07-12T14:00:00.000Z,2025-10-09T14:00:00.000Z,,Střední Čechy,CZ,38,280 01
E0:4F:43:36:4E:E1,Audi HUD,57.87186813,56.13291168,E0:4F:43,1,unknown,2025-01-13T15:00:00.000Z,2025-01-13T08:00:00.000Z,,Пермский край,RU,,614512
E0:4F:43:36:4E:EA,Audi HUD,47.74580765,11.565588,E0:4F:43,1,wpa2,2024-10-30T09:00:00.000Z,2024-10-30T10:00:00.000Z,,Bayern,DE,Tölzer Straße,83674
E0:4F:43:36:4F:09,Audi HUD,50.77035141,7.25938845,E0:4F:43,1,wpa2,2024-08-12T08:00:00.000Z,2024-08-16T16:00:00.000Z,,Nordrhein-Westfalen,DE,Kreuzweg,53773
E0:4F:43:36:4F:2A,Audi HUD,49.71714401,19.02939606,E0:4F:43,1,wpa2,2024-10-20T11:00:00.000Z,2024-10-20T05:00:00.000Z,,województwo śląskie,PL,Beskidzka,43-370
E0:4F:43:36:4F:40,Audi HUD,48.89002991,9.14772415,E0:4F:43,1,wpa2,2021-08-14T23:00:00.000Z,2026-05-09T13:00:00.000Z,Möglingen,Baden-Württemberg,DE,A 81,71696
E0:4F:43:36:4F:42,Audi HUD,51.05880356,13.77394009,E0:4F:43,1,wpa2,2023-10-26T14:00:00.000Z,2025-11-14T08:00:00.000Z,Dresden,Sachsen,DE,Burckhardtstraße,01307
E0:4F:43:36:4F:97,Audi HUD,21.00688553,-89.58195496,E0:4F:43,1,wpa2,2021-11-24T08:00:00.000Z,2025-04-01T13:00:00.000Z,Mérida,Yucatán,MX,Calle 23,97138
E0:4F:43:36:52:DA,Audi HUD,60.21900177,24.81594276,E0:4F:43,1,wpa2,2025-12-06T12:00:00.000Z,2025-12-06T13:00:00.000Z,Espoo,Manner-Suomi,FI,Kehä I,02600
E0:4F:43:36:53:2C,Audi HUD,48.12456131,11.51668262,E0:4F:43,1,wpa2,2022-12-19T22:00:00.000Z,2025-03-10T07:00:00.000Z,München,Bayern,DE,Rubihornweg,80686
E0:4F:43:36:53:52,Audi HUD,54.37615967,18.51498413,E0:4F:43,1,wpa2,2024-12-04T12:00:00.000Z,2024-12-04T08:00:00.000Z,Gdańsk,województwo pomorskie,PL,Juliusza Słowackiego,80-190
E0:4F:43:36:53:65,Audi HUD,47.47218323,19.03250122,E0:4F:43,1,wpa2,2021-08-24T06:00:00.000Z,2025-04-14T10:00:00.000Z,Budapest,Budapest,HU,Bartók Béla út,1115
E0:4F:43:36:53:C4,Audi HUD,52.09764099,4.30238152,E0:4F:43,1,wpa2,2019-04-18T23:00:00.000Z,2025-10-13T22:00:00.000Z,Den Haag,Zuid-Holland,NL,Hubertusviaduct,2597JG
E0:4F:43:36:53:D4,Audi HUD,24.9985218,121.28886414,E0:4F:43,1,wpa2,2023-01-24T15:00:00.000Z,2025-11-15T02:00:00.000Z,,桃園區,TW,文中三路,330
E0:4F:43:36:54:0A,Audi HUD,19.42629051,-99.19495392,E0:4F:43,1,wpa2,2024-11-27T22:00:00.000Z,2024-12-01T10:00:00.000Z,Ciudad de México,Colonia Polanco Chapultepec,MX,Avenida Paseo de la Reforma,11550
E0:4F:43:36:54:2E,Audi HUD,22.25679016,-97.85327911,E0:4F:43,1,wpa2,2025-04-27T02:00:00.000Z,2025-11-05T07:00:00.000Z,Ciudad Madero,Tamaulipas,MX,Calle Primero de Mayo,89460
E0:4F:43:36:54:37,Audi HUD,48.61647034,2.45547533,E0:4F:43,1,wpa2,2026-04-29T12:00:00.000Z,2026-04-29T15:00:00.000Z,,Île-de-France,FR,La Francilienne,91100
E0:4F:43:36:54:AF,Audi HUD,53.54936981,10.00681686,E0:4F:43,1,wpa2,2021-08-28T09:00:00.000Z,2026-06-12T15:00:00.000Z,Hamburg,Hamburg-Mitte,DE,Klosterwall,20095
E0:4F:43:36:54:DA,Audi HUD,21.02659988,-89.60083771,E0:4F:43,1,wpa2,2024-10-15T14:00:00.000Z,2025-03-24T18:00:00.000Z,Mérida,Yucatán,MX,Calle 33,97117
E0:4F:43:36:81:C2,Photon-FC7A,41.56899643,-90.59371185,E0:4F:43,11,unknown,2024-12-24T02:00:00.000Z,2024-12-23T19:00:00.000Z,Davenport,IA,US,West 47th Court,52806
E0:4F:43:36:BF:A4,Photon-UQU6,42.29606247,-71.18360138,E0:4F:43,11,none,2026-06-20T15:00:00.000Z,2026-06-20T11:00:00.000Z,Newton,MA,US,Myerson Lane,02459
E0:4F:43:37:AE:FF,SmartGate_550219,49.59111404,15.46941662,E0:4F:43,6,wpa2,2018-03-20T15:00:00.000Z,2024-12-09T13:00:00.000Z,,Jihovýchod,CZ,34769,58234
E0:4F:43:37:AF:04,SMARTGATE_123456,48.03597641,11.3487072,E0:4F:43,6,wpa2,2024-07-08T13:00:00.000Z,2025-02-21T06:00:00.000Z,,Bayern,DE,,82131
E0:4F:43:37:AF:E3,SmartGate_543933,51.11919022,12.02189827,E0:4F:43,6,wpa2,2025-09-02T18:00:00.000Z,2025-09-05T14:00:00.000Z,,Sachsen-Anhalt,DE,Straße des Friedens,06682
E0:4F:43:37:B3:24,D5 4F24E9F0,30.47953987,-97.68666077,E0:4F:43,1,unknown,2024-12-30T21:00:00.000Z,2024-12-30T18:00:00.000Z,Round Rock,TX,US,West Louis Henna Boulevard,78681
E0:4F:43:37:B7:1B,SmartGate_170659,60.18938828,25.04026794,E0:4F:43,6,wpa2,2017-06-19T08:00:00.000Z,2024-09-26T07:00:00.000Z,Helsinki,Manner-Suomi,FI,Linnanrakentajantie,00880
E0:4F:43:37:B7:34,SmartGate_170870,49.20252991,16.62405968,E0:4F:43,6,wpa2,2017-07-28T19:00:00.000Z,2024-11-29T18:00:00.000Z,Brno,Jihovýchod,CZ,Francouzská,60200
E0:4F:43:37:B7:35,SmartGate_171258,51.42488098,7.02449036,E0:4F:43,6,wpa2,2019-12-06T16:00:00.000Z,2025-04-21T09:00:00.000Z,Essen,Nordrhein-Westfalen,DE,Ahornstraße,45134
E0:4F:43:37:B7:3A,SmartGate_548403,61.46882629,23.82143593,E0:4F:43,6,wpa2,2025-07-22T05:00:00.000Z,2025-07-26T05:00:00.000Z,Tampere,Manner-Suomi,FI,Tampereen itäinen kehätie,33820
E0:4F:43:37:B7:3E,SmartGate_557417,59.26523972,14.85009861,E0:4F:43,6,wpa2,2023-02-17T15:00:00.000Z,2024-08-23T06:00:00.000Z,,Örebro län,SE,T 727,719 93
E0:4F:43:37:B7:44,SmartGate_550238,64.12388611,-21.80880737,E0:4F:43,6,wpa2,2018-02-21T18:00:00.000Z,2025-04-13T07:00:00.000Z,Reykjavíkurborg,Höfuðborgarsvæðið,IS,Vesturlandsvegur,110
E0:4F:43:37:B7:77,SmartGate_557448,50.0739975,14.35509872,E0:4F:43,6,wpa2,2019-06-22T11:00:00.000Z,2026-04-21T04:00:00.000Z,Hlavní město Praha,Praha,CZ,Roentgenova,16900
E0:4F:43:37:B7:8E,SmartGate_543836,50.92498016,13.39368916,E0:4F:43,6,wpa2,2018-03-25T09:00:00.000Z,2024-12-08T23:00:00.000Z,,Sachsen,DE,B 173,09599
E0:4F:43:37:B7:C9,SMARTGATE_123456,53.54317474,9.61237431,E0:4F:43,6,wpa2,2019-01-17T08:00:00.000Z,2025-04-11T11:00:00.000Z,Guderhandviertel,Niedersachsen,DE,Neßstraße,21720
E0:4F:43:37:B7:CD,SmartGate_184635,50.00274277,8.23859501,E0:4F:43,6,wpa2,2018-03-28T12:00:00.000Z,2025-10-26T08:00:00.000Z,Mainz,Rheinland-Pfalz,DE,Kerschensteinerstraße,55122
E0:4F:43:37:B7:D4,SmartGate_545497,53.41818619,10.03095436,E0:4F:43,6,wpa2,2017-07-18T07:00:00.000Z,2025-11-24T05:00:00.000Z,,Niedersachsen,DE,A 1,21217
E0:4F:43:37:B7:D6,SmartGate_171133,60.22854996,24.93030357,E0:4F:43,6,wpa2,2018-01-20T18:00:00.000Z,2024-12-11T10:00:00.000Z,Helsinki,Manner-Suomi,FI,Maunulanmäki,00630
E0:4F:43:37:B7:D8,SmartGate_177022,50.06015396,14.46972847,E0:4F:43,6,wpa2,2024-10-12T08:00:00.000Z,2024-10-12T02:00:00.000Z,Hlavní město Praha,Praha,CZ,Bohdalecká,10100
E0:4F:43:37:B7:D9,SmartGate_544594,53.60817719,9.95939064,E0:4F:43,6,wpa2,2021-05-14T12:00:00.000Z,2025-07-20T03:00:00.000Z,Hamburg,Niendorf,DE,Kollaustraße,22453
E0:4F:43:37:B7:DD,SmartGate_180334,51.52759933,-0.33843273,E0:4F:43,6,wpa2,2025-11-09T16:00:00.000Z,2025-11-09T09:00:00.000Z,London,England,GB,Cuckoo Avenue,W7 1BT
E0:4F:43:37:B7:E1,SMARTGATE_123456,51.41854477,7.2025938,E0:4F:43,6,wpa2,2024-03-21T13:00:00.000Z,2025-06-11T12:00:00.000Z,,Nordrhein-Westfalen,DE,Leinpfad,45527
E0:4F:43:37:B7:E6,SmartGate_182076,53.54426193,9.61259747,E0:4F:43,6,wpa2,2025-05-03T12:00:00.000Z,2025-05-03T12:00:00.000Z,Mittelnkirchen,Niedersachsen,DE,Dorfstraße,21720
E0:4F:43:37:B7:EB,SmartGate_710029,51.52316284,9.9323616,E0:4F:43,6,wpa2,2018-11-26T15:00:00.000Z,2026-04-16T03:00:00.000Z,Göttingen,Niedersachsen,DE,Windausweg,37073
E0:4F:43:37:B7:EC,SmartGate_171010,49.17702484,16.56430054,E0:4F:43,6,wpa2,2019-09-20T17:00:00.000Z,2025-09-19T13:00:00.000Z,Brno,Jihovýchod,CZ,Akademická,63400
E0:4F:43:37:B7:EE,SmartGate_180788,50.58168793,8.361022,E0:4F:43,6,wpa2,2017-11-10T14:00:00.000Z,2025-07-03T11:00:00.000Z,,Hessen,DE,L 3052,35638
E0:4F:43:37:B7:F3,SmartGate_549316,52.3294754,20.9666748,E0:4F:43,6,wpa2,2021-06-26T17:00:00.000Z,2025-10-15T03:00:00.000Z,Warszawa,województwo mazowieckie,PL,Modlińska,03-120
E0:4F:43:37:B7:F7,SmartGate_179185,60.21700668,24.86689949,E0:4F:43,6,wpa2,2001-01-01T02:00:00.000Z,2026-06-30T04:00:00.000Z,Helsinki,Manner-Suomi,FI,Talin puistotie,00380
E0:4F:43:37:B7:F8,SmartGate_549315,49.74368286,6.55445004,E0:4F:43,6,wpa2,2025-11-07T12:00:00.000Z,2025-11-07T06:00:00.000Z,,Rheinland-Pfalz,DE,A 64,54311
E0:4F:43:37:B7:F9,SmartGate_557451,61.34088516,24.27023125,E0:4F:43,6,wpa2,2023-04-09T12:00:00.000Z,2026-02-16T06:00:00.000Z,Pälkäne,Manner-Suomi,FI,Pälkäneentie,36600
E0:4F:43:37:B7:FC,SmartGate_185089,48.22475433,11.53123188,E0:4F:43,6,wpa2,2025-08-19T16:00:00.000Z,2025-08-24T20:00:00.000Z,München,Bayern,DE,A 99,80995
E0:4F:43:37:B7:FF,SMARTGATE_123456,48.96011734,16.43037796,E0:4F:43,6,wpa2,2018-05-27T13:00:00.000Z,2024-08-22T06:00:00.000Z,,Jihovýchod,CZ,396,67177
E0:4F:43:37:B8:01,SmartGate_176660,50.89982986,13.33641911,E0:4F:43,6,wpa2,2018-03-29T08:00:00.000Z,2024-08-10T09:00:00.000Z,,Sachsen,DE,Brander Straße,09599
E0:4F:43:37:B8:06,SmartGate_176744,48.1512146,11.74881268,E0:4F:43,6,wpa2,2017-11-16T14:00:00.000Z,2026-08-03T03:00:00.000Z,,Bayern,DE,Ammerthalstraße,85551
E0:4F:43:37:B8:0A,SmartGate_550334,59.21474838,15.13900948,E0:4F:43,6,wpa2,2023-08-27T13:00:00.000Z,2025-10-14T09:00:00.000Z,,Örebro län,SE,Varuvägen,702 31
E0:4F:43:37:B8:10,SmartGate_549819,50.91234589,4.42441511,E0:4F:43,6,wpa2,2017-12-29T16:00:00.000Z,2026-03-04T06:00:00.000Z,Machelen,Vlaams-Brabant,BE,R0,1830
E0:4F:43:37:B8:11,SmartGate_549805,62.61822891,29.74887085,E0:4F:43,6,wpa2,2019-02-08T16:00:00.000Z,2026-08-06T06:00:00.000Z,Joensuu,Manner-Suomi,FI,Kuurnankatu,80130
E0:4F:43:37:B8:17,SmartGate_171241,53.14305878,8.21143436,E0:4F:43,6,wpa2,2017-06-01T17:00:00.000Z,2024-09-22T06:00:00.000Z,,Niedersachsen,DE,Wallgraben,26121
E0:4F:43:37:B8:18,SmartGate_176649,60.21311951,24.90921211,E0:4F:43,6,wpa2,2018-01-20T18:00:00.000Z,2024-11-10T07:00:00.000Z,Helsinki,Manner-Suomi,FI,Rantaradan varsiraitti,00320
E0:4F:43:37:B8:1A,SmartGate_709985,46.09882736,14.53768539,E0:4F:43,6,wpa2,2024-06-18T07:00:00.000Z,2025-01-10T11:00:00.000Z,Ljubljana,Črnuče,SI,Pot k sejmišču,1231
E0:4F:43:37:B8:21,SMARTGATE_123456,52.22923279,11.76435089,E0:4F:43,6,wpa2,2025-10-18T09:00:00.000Z,2025-10-19T00:00:00.000Z,,Sachsen-Anhalt,DE,A 2,39288
E0:4F:43:37:B8:23,SmartGate_548963,50.08882904,14.44031811,E0:4F:43,6,wpa2,2018-11-22T12:00:00.000Z,2025-02-18T05:00:00.000Z,Hlavní město Praha,Praha,CZ,"Praha, ÚAN Florenc, 10, 99",186 00
E0:4F:43:37:B8:28,SmartGate_711025,48.0677681,11.52888584,E0:4F:43,6,wpa2,2018-04-22T20:00:00.000Z,2026-01-30T07:00:00.000Z,,Bayern,DE,Promenadeweg,82049
E0:4F:43:37:B8:29,SmartGate_544079,60.20272446,24.89051437,E0:4F:43,6,wpa2,2021-01-25T15:00:00.000Z,2026-05-30T06:00:00.000Z,Helsinki,Manner-Suomi,FI,,00300
E0:4F:43:37:B8:2E,SmartGate_170253,54.09154129,13.42177773,E0:4F:43,6,wpa2,2018-05-14T18:00:00.000Z,2025-06-23T07:00:00.000Z,,Mecklenburg-Vorpommern,DE,Bornholmer Weg,17493
E0:4F:43:37:B8:2F,SmartGate_178441,48.86341095,9.1211319,E0:4F:43,6,wpa2,2021-04-07T16:00:00.000Z,2024-09-04T02:00:00.000Z,,Baden-Württemberg,DE,,70825
E0:4F:43:37:B8:32,SmartGate_546206,49.39746857,15.60553169,E0:4F:43,6,wpa2,2017-12-10T15:00:00.000Z,2025-06-21T08:00:00.000Z,Jihlava,Jihovýchod,CZ,Brněnská,586 01
E0:4F:43:37:B8:34,SmartGate_543257,49.2206192,16.62561607,E0:4F:43,6,wpa2,2018-04-27T17:00:00.000Z,2025-03-19T09:00:00.000Z,Brno,Jihovýchod,CZ,42,63800
E0:4F:43:37:B8:37,SmartGate_714869,48.40102386,10.99244213,E0:4F:43,6,wpa2,2023-10-11T13:00:00.000Z,2024-08-12T07:00:00.000Z,,Bayern,DE,A 8,86453
E0:4F:43:37:B8:3E,SmartGate_711005,49.99570084,14.09143543,E0:4F:43,6,wpa2,2019-07-15T06:00:00.000Z,2026-02-28T07:00:00.000Z,,Střední Čechy,CZ,118,26601
E0:4F:43:37:B8:3F,SMARTGATE_123456,48.8492012,9.18271637,E0:4F:43,6,wpa2,2024-05-18T07:00:00.000Z,2025-12-09T09:00:00.000Z,Kornwestheim,Baden-Württemberg,DE,Stuttgarter Straße,70437
E0:4F:43:37:B8:41,SmartGate_545303,50.66969299,12.9470768,E0:4F:43,6,wpa2,2017-12-13T17:00:00.000Z,2024-10-30T12:00:00.000Z,,Sachsen,DE,Stollberger Straße,09419
E0:4F:43:37:B8:48,SmartGate_177843,61.47665787,23.88103485,E0:4F:43,6,wpa2,2019-04-20T17:00:00.000Z,2026-07-28T21:00:00.000Z,Tampere,Manner-Suomi,FI,Kangasalantie,33710
E0:4F:43:37:B8:4C,SmartGate_174853,47.73075867,11.4363699,E0:4F:43,6,wpa2,2020-12-05T14:00:00.000Z,2026-06-25T10:00:00.000Z,,Bayern,DE,B 472,83670
E0:4F:43:37:B8:50,SmartGate_181815,49.39688492,10.88922024,E0:4F:43,6,wpa2,2023-12-23T18:00:00.000Z,2025-02-02T11:00:00.000Z,Roßtal,Bayern,DE,Eichenwald,90574
E0:4F:43:37:B8:51,SmartGate_551518,52.05466461,20.86763191,E0:4F:43,6,wpa2,2020-02-21T11:00:00.000Z,2025-12-30T10:00:00.000Z,,województwo mazowieckie,PL,Aleja Krakowska,05-552
E0:4F:43:37:B8:55,SmartGate_181163,53.33791733,10.21378517,E0:4F:43,6,wpa2,2019-09-01T13:00:00.000Z,2025-11-05T20:00:00.000Z,,Niedersachsen,DE,A 39,21423
E0:4F:43:37:B8:5C,SmartGate_181999,51.47019958,6.97380447,E0:4F:43,6,wpa2,2017-11-09T20:00:00.000Z,2025-03-31T07:00:00.000Z,Essen,Nordrhein-Westfalen,DE,,45143
E0:4F:43:37:B8:5D,SmartGate_051862,60.19388199,25.01808548,E0:4F:43,6,wpa2,2017-10-18T13:00:00.000Z,2025-03-04T10:00:00.000Z,Helsinki,Manner-Suomi,FI,Sinivuokkopolku,00881
E0:4F:43:37:B8:6B,SmartGate_180820,47.42919922,8.38660336,E0:4F:43,6,wpa2,2017-08-17T17:00:00.000Z,2026-07-24T11:00:00.000Z,,Zürich,CH,Chisbüel,8955
E0:4F:43:37:B8:6F,SMARTGATE_123456,52.23972702,10.55171299,E0:4F:43,6,wpa2,2021-12-22T13:00:00.000Z,2026-08-07T16:00:00.000Z,Braunschweig,Niedersachsen,DE,Schwartzkopffstraße,38126
E0:4F:43:37:B8:71,SmartGate_180681,50.16769028,12.67419434,E0:4F:43,6,wpa2,2018-10-18T16:00:00.000Z,2026-07-03T05:00:00.000Z,,Severozápad,CZ,D6,357 41
E0:4F:43:37:B8:72,SmartGate_179755,51.46188736,7.12921429,E0:4F:43,6,wpa2,2021-03-17T10:00:00.000Z,2025-06-28T13:00:00.000Z,Bochum,Nordrhein-Westfalen,DE,Sevinghauser Weg,44867
E0:4F:43:37:B8:76,SmartGate_549234,60.258461,25.2616272,E0:4F:43,6,wpa2,2018-03-24T18:00:00.000Z,2025-12-18T08:00:00.000Z,,Manner-Suomi,FI,Katrineholmintie,01120
E0:4F:43:37:B8:7E,SmartGate_179831,47.76990128,9.16645336,E0:4F:43,6,wpa2,2018-02-27T08:00:00.000Z,2024-10-22T04:00:00.000Z,,Baden-Württemberg,DE,Hochbildstraße,88662
E0:4F:43:37:B8:81,SmartGate_543584,60.16321182,24.72796822,E0:4F:43,6,wpa2,2022-08-15T16:00:00.000Z,2025-12-08T00:00:00.000Z,Espoo,Manner-Suomi,FI,Piispanmäenkuja,02240
E0:4F:43:37:B8:82,SmartGate_178288,50.07793045,14.34572411,E0:4F:43,6,wpa2,2018-11-22T09:00:00.000Z,2026-03-30T05:00:00.000Z,Hlavní město Praha,Praha,CZ,Kukulova,162 06
E0:4F:43:37:B8:85,SmartGate_545826,48.55005646,9.06926441,E0:4F:43,6,wpa2,2020-08-24T12:00:00.000Z,2025-12-12T03:00:00.000Z,,Baden-Württemberg,DE,Brunnenhangweg,72076
E0:4F:43:37:B8:89,SmartGate_051846,48.70948792,9.14177799,E0:4F:43,6,wpa2,2022-08-20T16:00:00.000Z,2025-09-10T01:00:00.000Z,Stuttgart,Baden-Württemberg,DE,A 8,70565
E0:4F:43:37:B8:8B,SmartGate_182014,51.42431641,6.84638166,E0:4F:43,6,wpa2,2018-07-12T12:00:00.000Z,2024-11-15T10:00:00.000Z,Mülheim an der Ruhr,Nordrhein-Westfalen,DE,Wissollstraße,45478
E0:4F:43:37:B8:94,SmartGate_170375,61.25932312,23.83319092,E0:4F:43,6,wpa2,2024-08-23T05:00:00.000Z,2024-08-22T23:00:00.000Z,,Manner-Suomi,FI,3;9,
E0:4F:43:37:B8:96,SmartGate_178500,51.52817917,7.75035191,E0:4F:43,6,wpa2,2018-03-29T08:00:00.000Z,2025-04-22T16:00:00.000Z,,Nordrhein-Westfalen,DE,A 44,59427
E0:4F:43:37:B8:9E,SmartGate_710047,50.14659119,8.7071867,E0:4F:43,6,wpa2,2024-02-12T18:00:00.000Z,2026-02-10T07:00:00.000Z,Frankfurt am Main,Hessen,DE,Friedberger Landstraße,60389
E0:4F:43:37:B8:A3,SmartGate_710057,50.01625443,11.60486889,E0:4F:43,6,wpa2,2024-08-18T13:00:00.000Z,2025-10-13T04:00:00.000Z,,Bayern,DE,A 9,95463
E0:4F:43:37:B8:A5,SMARTGATE_123456,48.70583725,11.48679066,E0:4F:43,5,wpa2,2025-10-18T00:00:00.000Z,2025-10-18T03:00:00.000Z,,Bayern,DE,A 9,85077
E0:4F:43:37:B8:A8,SmartGate_179977,51.30348587,7.37353992,E0:4F:43,6,wpa2,2018-03-01T08:00:00.000Z,2026-07-24T08:00:00.000Z,,Nordrhein-Westfalen,DE,Milsper Straße,58256
E0:4F:43:37:B8:A9,SmartGate_710023,49.07110977,12.16735268,E0:4F:43,6,wpa2,2018-07-11T14:00:00.000Z,2026-07-31T04:00:00.000Z,Wenzenbach,Bayern,DE,B 16,93173
E0:4F:43:37:B8:AA,SmartGate_710060,48.22904587,17.20186043,E0:4F:43,6,wpa2,2024-10-07T05:00:00.000Z,2024-10-18T06:00:00.000Z,,Bratislavský kraj,SK,D4,831 07
E0:4F:43:37:B8:AB,SmartGate_714896,48.17979813,16.31714249,E0:4F:43,6,wpa2,2018-11-11T12:00:00.000Z,2025-11-26T10:00:00.000Z,Wien,KG Schönbrunn,AT,Grünbergstraße,1130
E0:4F:43:37:B8:AE,SmartGate_180626,60.23799896,24.93653488,E0:4F:43,6,wpa2,2015-01-01T11:00:00.000Z,2026-05-10T23:00:00.000Z,Helsinki,Manner-Suomi,FI,Alkutie,00660
E0:4F:43:37:B8:BB,SmartGate_546188,49.34712601,9.97717857,E0:4F:43,6,wpa2,2017-07-09T19:00:00.000Z,2025-12-03T11:00:00.000Z,,Baden-Württemberg,DE,L 1001,74575
E0:4F:43:37:B8:BD,SmartGate_550247,50.04837036,14.43348789,E0:4F:43,6,wpa2,2017-07-21T21:00:00.000Z,2026-06-10T08:00:00.000Z,Hlavní město Praha,Praha,CZ,Kaplická,14023
E0:4F:43:37:B8:C0,SmartGate_545202,51.0617485,13.57121468,E0:4F:43,6,wpa2,2025-03-20T15:00:00.000Z,2025-03-20T09:00:00.000Z,,Sachsen,DE,A 4,01723
E0:4F:43:37:B8:C1,SmartGate_711071,51.74376297,6.72318792,E0:4F:43,6,wpa2,2021-03-25T20:00:00.000Z,2025-09-11T02:00:00.000Z,,Nordrhein-Westfalen,DE,Am Winzelbach,46499
E0:4F:43:37:B8:C2,SmartGate_553828,50.55975723,9.65099621,E0:4F:43,6,wpa2,2024-12-18T16:00:00.000Z,2024-12-21T02:00:00.000Z,,Hessen,DE,Maberzeller Straße,36041
E0:4F:43:37:B8:DB,SmartGate_545522,51.00079346,13.64966393,E0:4F:43,6,wpa2,2022-04-08T15:00:00.000Z,2024-09-24T07:00:00.000Z,,Sachsen,DE,Dresdner Straße,01705
E0:4F:43:37:B8:DF,SMARTGATE_123456,51.16416931,6.72369385,E0:4F:43,6,wpa2,2018-01-31T10:00:00.000Z,2024-11-13T08:00:00.000Z,,Nordrhein-Westfalen,DE,L 380,41469
E0:4F:43:37:B8:E0,SmartGate_550356,61.47830582,23.84701729,E0:4F:43,6,wpa2,2020-08-11T09:00:00.000Z,2025-12-06T04:00:00.000Z,Tampere,Manner-Suomi,FI,Sotilaankatu,33710
E0:4F:43:37:B8:E6,SmartGate_171614,52.44964218,13.36684799,E0:4F:43,6,wpa2,2017-09-23T14:00:00.000Z,2026-05-15T13:00:00.000Z,Berlin,Tempelhof-Schöneberg,DE,Gersdorfstraße,12105
E0:4F:43:37:B8:E8,SmartGate_179686,49.12744522,16.3827877,E0:4F:43,6,wpa2,2022-11-17T12:00:00.000Z,2026-05-20T10:00:00.000Z,,Jihovýchod,CZ,394,66491
E0:4F:43:37:B8:ED,SmartGate_179615,49.1648941,16.63101387,E0:4F:43,6,wpa2,2023-02-28T14:00:00.000Z,2026-05-27T11:00:00.000Z,Brno,Jihovýchod,CZ,Kaštanová,617 00
E0:4F:43:37:B8:EE,SmartGate_178305,49.74551392,9.96691322,E0:4F:43,6,wpa2,2022-07-04T13:00:00.000Z,2025-07-20T10:00:00.000Z,Würzburg,Bayern,DE,A 3,97084
E0:4F:43:37:B8:EF,SMARTGATE_123456,49.71144485,13.04716206,E0:4F:43,6,wpa2,2023-01-05T09:00:00.000Z,2025-07-11T13:00:00.000Z,,Jihozápad,CZ,D5,33024
E0:4F:43:37:B8:F5,SmartGate_711234,47.68195343,9.2115984,E0:4F:43,6,wpa2,2018-07-10T10:00:00.000Z,2025-03-20T11:00:00.000Z,Konstanz,Baden-Württemberg,DE,William-Graf-Platz,78464
E0:4F:43:37:B8:FE,SMARTGATE_123456,51.09211731,13.71284199,E0:4F:43,6,wpa2,2019-06-14T06:00:00.000Z,2026-05-30T07:00:00.000Z,Dresden,Sachsen,DE,Böttgerstraße,01129
E0:4F:43:37:B9:01,SmartGate_184341,51.40109634,12.39321804,E0:4F:43,6,wpa2,2018-10-05T13:00:00.000Z,2025-09-13T07:00:00.000Z,Leipzig,Sachsen,DE,Alte Dübener Landstraße,04356
E0:4F:43:37:B9:08,SmartGate_184318,50.10060883,14.42526245,E0:4F:43,6,wpa2,2023-12-09T18:00:00.000Z,2025-04-05T02:00:00.000Z,Hlavní město Praha,Praha,CZ,Veletržní,17000
E0:4F:43:37:B9:0D,SmartGate_181072,48.50265503,9.21558475,E0:4F:43,6,wpa2,2020-05-05T12:00:00.000Z,2025-11-19T04:00:00.000Z,Reutlingen,Baden-Württemberg,DE,Am Heilbrunnen,72766
E0:4F:43:37:B9:11,SmartGate_545474,48.76726532,14.96663666,E0:4F:43,6,wpa2,2017-07-19T06:00:00.000Z,2025-01-02T12:00:00.000Z,,Jihozápad,CZ,třída Čsl. legií,37810
E0:4F:43:37:B9:15,SmartGate_180815,49.41918564,10.94838619,E0:4F:43,6,wpa2,2018-08-02T17:00:00.000Z,2024-10-16T22:00:00.000Z,Oberasbach,Bayern,DE,Fröbelstraße,90522
E0:4F:43:37:B9:17,SMARTGATE_123456,52.57985687,13.31796837,E0:4F:43,6,wpa2,2018-07-21T10:00:00.000Z,2024-08-22T10:00:00.000Z,Berlin,Reinickendorf,DE,Eichborndamm,13403
E0:4F:43:37:B9:18,SmartGate_180857,61.45781708,23.77491188,E0:4F:43,6,wpa2,2017-09-24T17:00:00.000Z,2026-07-14T23:00:00.000Z,Tampere,Manner-Suomi,FI,Tietohallinnonkatu,33840
E0:4F:43:37:B9:1B,SmartGate_178718,47.83023834,10.29150105,E0:4F:43,6,wpa2,2025-10-19T11:00:00.000Z,2026-06-18T10:00:00.000Z,Dietmannsried,Bayern,DE,,87463
E0:4F:43:37:B9:23,SmartGate_549106,44.44802475,26.1544323,E0:4F:43,6,wpa2,2018-09-06T12:00:00.000Z,2026-05-28T23:00:00.000Z,Municipiul București,Electronicii,RO,Strada Doamna Ghica,021775
E0:4F:43:37:B9:24,SmartGate_711031,51.53210831,9.94362068,E0:4F:43,6,wpa2,2017-08-03T18:00:00.000Z,2026-02-11T09:00:00.000Z,Göttingen,Niedersachsen,DE,Hainholzweg,37085
E0:4F:43:37:B9:28,SmartGate_171125,52.36973953,9.73817253,E0:4F:43,6,wpa2,2024-03-26T12:00:00.000Z,2025-11-21T09:00:00.000Z,Hannover,Niedersachsen,DE,Marktstraße,30159
E0:4F:43:37:B9:2A,SmartGate_184253,50.09990311,14.42225933,E0:4F:43,6,wpa2,2018-11-02T17:00:00.000Z,2026-06-08T04:00:00.000Z,Hlavní město Praha,Praha,CZ,Milady Horákové,17000
E0:4F:43:37:B9:2B,SmartGate_181040,48.35230637,11.75772762,E0:4F:43,6,wpa2,2018-04-26T17:00:00.000Z,2025-06-09T09:00:00.000Z,,Bayern,DE,Zentralallee,85356
E0:4F:43:37:B9:2E,SmartGate_550043,56.20933151,12.88091087,E0:4F:43,6,wpa2,2017-09-19T18:00:00.000Z,2025-08-14T04:00:00.000Z,,Skåne län,SE,E 6;E 20,262 96
E0:4F:43:37:B9:31,SmartGate_184308,48.62478256,9.33020496,E0:4F:43,6,wpa2,2023-05-10T16:00:00.000Z,2024-10-18T09:00:00.000Z,,Baden-Württemberg,DE,Wörthstraße,72622
E0:4F:43:37:B9:3B,SmartGate_548734,54.54576492,18.44544792,E0:4F:43,6,wpa2,2025-09-26T01:00:00.000Z,2026-04-30T10:00:00.000Z,Gdynia,województwo pomorskie,PL,Morska,81-020
E0:4F:43:37:B9:3C,SmartGate_174804,49.41262054,15.59773827,E0:4F:43,6,wpa2,2021-11-22T08:00:00.000Z,2025-11-15T13:00:00.000Z,Jihlava,Jihovýchod,CZ,Na Vyhlídce,58601
E0:4F:43:37:B9:3D,SMARTGATE_123456,52.02075958,8.40049744,E0:4F:43,6,wpa2,2017-11-26T15:00:00.000Z,2025-02-10T09:00:00.000Z,,Nordrhein-Westfalen,DE,Butterweg,33803
E0:4F:43:37:B9:45,SmartGate_174992,50.04666138,8.54136944,E0:4F:43,6,wpa2,2024-05-24T14:00:00.000Z,2026-06-03T09:00:00.000Z,,Hessen,DE,A 3,65451
E0:4F:43:37:B9:46,SMARTGATE_123456,47.81835175,12.65487576,E0:4F:43,6,wpa2,2026-05-01T14:00:00.000Z,2026-05-01T08:00:00.000Z,,Bayern,DE,St 2098,83313
E0:4F:43:37:B9:47,SmartGate_174826,50.95619202,6.95918036,E0:4F:43,6,wpa2,2019-02-21T16:00:00.000Z,2025-12-28T06:00:00.000Z,Köln,Nordrhein-Westfalen,DE,Neusser Wall,50670
E0:4F:43:37:B9:4E,SmartGate_543749,49.63686371,11.4262867,E0:4F:43,6,wpa2,2018-04-23T12:00:00.000Z,2024-11-03T11:00:00.000Z,,Bayern,DE,A 9,91282
E0:4F:43:37:B9:51,SmartGate_710058,50.99568558,6.91676617,E0:4F:43,6,wpa2,2018-06-03T15:00:00.000Z,2026-06-02T09:00:00.000Z,Köln,Nordrhein-Westfalen,DE,Schlackstraße,50737
E0:4F:43:37:B9:57,SMARTGATE_123456,50.94184875,7.29713631,E0:4F:43,6,wpa2,2023-06-29T13:00:00.000Z,2026-07-12T01:00:00.000Z,,Nordrhein-Westfalen,DE,Am Weidenbach,51491
E0:4F:43:37:B9:58,SmartGate_551554,50.04713058,14.31976795,E0:4F:43,6,wpa2,2026-02-22T16:00:00.000Z,2026-02-22T08:00:00.000Z,Hlavní město Praha,Praha,CZ,Horákova,15500
E0:4F:43:37:B9:5A,SmartGate_551734,59.61878586,18.29851532,E0:4F:43,6,wpa2,2001-08-15T12:00:00.000Z,2026-08-04T23:00:00.000Z,,Stockholms län,SE,E 18,186 96
E0:4F:43:37:B9:5D,SmartGate_179665,51.4402771,7.21183252,E0:4F:43,6,wpa2,2025-09-06T11:00:00.000Z,2025-09-06T04:00:00.000Z,Bochum,Nordrhein-Westfalen,DE,Karl-Friedrich-Straße,44795
E0:4F:43:37:B9:67,SmartGate_171494,49.46148682,11.06387138,E0:4F:43,6,wpa2,2026-02-20T14:00:00.000Z,2026-02-20T23:00:00.000Z,Nürnberg,Bayern,DE,Prof.-Ernst-Nathan-Straße,90419
E0:4F:43:37:B9:6E,SmartGate_543516,48.11517334,11.59203243,E0:4F:43,6,wpa2,2024-11-16T11:00:00.000Z,2024-12-30T13:00:00.000Z,München,Bayern,DE,Werinherstraße,81541
E0:4F:43:37:B9:72,SmartGate_185000,50.05551529,14.309412,E0:4F:43,6,wpa2,2019-09-13T16:00:00.000Z,2025-12-06T01:00:00.000Z,Hlavní město Praha,Praha,CZ,Ostřicová,15500
E0:4F:43:37:B9:73,SmartGate_171605,50.0785675,14.34090233,E0:4F:43,6,wpa2,2017-08-05T16:00:00.000Z,2024-11-13T14:00:00.000Z,Hlavní město Praha,Praha,CZ,Bělohorská,162 06
