netid,ssid,trilat,trilong,oui_match,channel,encryption,firsttime,lasttime,city,region,country,road,postalcode
E8:D0:FC:00:A5:56,,52.28337097,21.02381897,E8:D0:FC,1,unknown,2026-06-17T18:00:00.000Z,2026-06-17T15:00:00.000Z,Warszawa,województwo mazowieckie,PL,Piotra Wysockiego,03-371
E8:D0:FC:02:0F:7D,,37.51215363,-120.84429169,E8:D0:FC,10,unknown,2024-09-12T23:00:00.000Z,2024-09-12T17:00:00.000Z,Turlock,CA,US,Xavier Avenue,95381
E8:D0:FC:02:18:C5,,51.05817795,-114.17721558,E8:D0:FC,11,unknown,2025-12-30T18:00:00.000Z,2025-12-30T18:00:00.000Z,Calgary,Alberta,CA,Old Banff Coach Road SW,T3H 5J1
E8:D0:FC:02:20:86,,40.82611465,-73.19199371,E8:D0:FC,3,unknown,2025-02-22T18:00:00.000Z,2025-02-22T12:00:00.000Z,,NY,US,Townline Road,11788
E8:D0:FC:04:82:8A,HISENSE-AP9343,59.91096497,10.78455067,E8:D0:FC,36,wpa2,2025-08-02T18:00:00.000Z,2025-08-02T13:00:00.000Z,Oslo,Jordal,NO,Elverumgata,0655
E8:D0:FC:04:82:94,HISENSE-AP2969,58.97066116,5.72819233,E8:D0:FC,36,wpa2,2026-07-06T10:00:00.000Z,2026-07-06T06:00:00.000Z,Stavanger,Rogaland,NO,Nedre Strandgate,4005
E8:D0:FC:04:86:51,HISENSE-AP8170,59.96666336,10.7732296,E8:D0:FC,36,wpa2,2001-01-01T00:00:00.000Z,2025-06-09T14:00:00.000Z,Oslo,Brekke,NO,Frysjaveien,0884
E8:D0:FC:06:6E:2C,,37.52905273,-120.79275513,E8:D0:FC,7,unknown,2024-09-03T08:00:00.000Z,2024-09-03T15:00:00.000Z,,CA,US,East Zeering Road,95382
E8:D0:FC:0C:F4:DE,,41.78004837,-91.12760925,E8:D0:FC,6,unknown,2026-05-03T13:00:00.000Z,2026-05-03T16:00:00.000Z,,IA,US,Cedar Street,52772
E8:D0:FC:0E:9F:78,<hidden>,43.25502396,-77.41979218,E8:D0:FC,1,none,2026-07-09T16:00:00.000Z,2026-07-09T15:00:00.000Z,,NY,US,Phillips Road,14580
E8:D0:FC:14:4D:42,,45.6757164,-73.41993713,E8:D0:FC,0,unknown,2025-01-24T11:00:00.000Z,2025-01-25T10:00:00.000Z,,Québec,CA,Boulevard René-Gaultier,J3X 1P5
E8:D0:FC:14:4F:AF,Flock,40.77119827,-73.96806335,E8:D0:FC,1,wpa2,2026-05-21T15:00:00.000Z,2026-05-21T09:00:00.000Z,City of New York,NY,US,Central Park Outer Loop,10153
E8:D0:FC:16:F1:26,,38.47690582,-77.4258194,E8:D0:FC,0,unknown,2024-07-29T17:00:00.000Z,2024-12-11T14:00:00.000Z,,VA,US,Onville Road,22556
E8:D0:FC:16:FB:DF,,27.75978279,-82.66605377,E8:D0:FC,6,unknown,2025-12-06T00:00:00.000Z,2025-12-08T04:00:00.000Z,Saint Petersburg,FL,US,24th Way South,33712
E8:D0:FC:17:38:FC,,41.51041412,-81.32082367,E8:D0:FC,1,unknown,2025-07-28T18:00:00.000Z,2025-07-28T15:00:00.000Z,,OH,US,Forest Lane,44026
E8:D0:FC:17:3E:D9,,27.79572868,-82.63853455,E8:D0:FC,6,unknown,2025-05-21T22:00:00.000Z,2025-05-22T01:00:00.000Z,Saint Petersburg,FL,US,4th Street North,33704
E8:D0:FC:17:49:E8,,36.07099915,-114.97354126,E8:D0:FC,0,unknown,2026-04-12T18:00:00.000Z,2026-04-18T14:00:00.000Z,Henderson,NV,US,Galleria Drive,89011
E8:D0:FC:19:20:A5,,41.49616623,-94.12269592,E8:D0:FC,4,unknown,2026-04-22T23:00:00.000Z,2026-07-15T19:00:00.000Z,,IA,US,Northeast 6th Street,50072
E8:D0:FC:19:29:43,,40.84533691,-73.12840271,E8:D0:FC,7,unknown,2025-02-01T23:00:00.000Z,2025-02-01T15:00:00.000Z,,NY,US,Browns Road,11767
E8:D0:FC:1C:06:D5,,40.46974945,-79.92690277,E8:D0:FC,0,unknown,2024-10-20T05:00:00.000Z,2024-10-19T22:00:00.000Z,Pittsburgh,PA,US,Hays Street,15206
E8:D0:FC:1F:82:F8,,41.48389435,-81.74902344,E8:D0:FC,6,unknown,2024-10-19T17:00:00.000Z,2024-10-19T11:00:00.000Z,Cleveland,OH,US,Baltic Road,44102
E8:D0:FC:1F:8A:80,,40.65372849,-73.73741913,E8:D0:FC,4,unknown,2025-10-26T13:00:00.000Z,2025-10-26T07:00:00.000Z,City of New York,NY,US,148th Drive,11422
E8:D0:FC:1F:9F:63,,38.90523529,-77.04196167,E8:D0:FC,0,unknown,2025-01-09T13:00:00.000Z,2025-01-09T05:00:00.000Z,Washington,DC,US,M Street Northwest,20036
E8:D0:FC:1F:9F:BA,IMPRIMANTE N/B,43.61608887,1.44193399,E8:D0:FC,13,unknown,2026-02-28T22:00:00.000Z,2026-02-28T15:00:00.000Z,Toulouse,Occitanie,FR,Rue Pierre Cazeneuve,31200
E8:D0:FC:1F:9F:D5,DIRECT-zGE8D0FC1F9FD5,-23.36631203,150.52651978,E8:D0:FC,1,wpa2,2025-05-22T08:00:00.000Z,2025-07-07T21:00:00.000Z,Rockhampton,Queensland,AU,Charles Street,4701
E8:D0:FC:1F:9F:E9,E8D0FC1F9FE9,51.10971451,12.43299961,E8:D0:FC,13,unknown,2025-05-03T14:00:00.000Z,2025-06-09T22:00:00.000Z,,Sachsen,DE,Arno-Bahndorf-Straße,04575
E8:D0:FC:1F:A0:45,E8D0FC1FA045,-37.8302536,145.04353333,E8:D0:FC,13,unknown,2023-02-27T15:00:00.000Z,2025-09-27T17:00:00.000Z,Melbourne,Victoria,AU,Auburn Road,3122
E8:D0:FC:1F:A0:5D,E8D0FC1FA05D,22.31302261,114.17054749,E8:D0:FC,13,wep,2021-01-10T00:00:00.000Z,2025-02-27T23:00:00.000Z,九龍 Kowloon,香港 Hong Kong,CN,窩打老道 Waterloo Road,
E8:D0:FC:1F:A1:37,E8D0FC1FA137,-33.86502838,151.2048645,E8:D0:FC,13,unknown,2023-09-01T07:00:00.000Z,2026-07-06T01:00:00.000Z,Sydney,New South Wales,AU,Clarence Street,2000
E8:D0:FC:1F:A1:7C,BIDART JEUNESSE,43.43861389,-1.58875942,E8:D0:FC,13,unknown,2026-05-24T07:00:00.000Z,2026-05-24T00:00:00.000Z,,Nouvelle-Aquitaine,FR,Avenue Chabadenia,64210
E8:D0:FC:1F:A1:AE,DIRECT-XpE8D0FC1FA1AE,-33.91955185,151.1968689,E8:D0:FC,11,wpa2,2022-06-29T12:00:00.000Z,2024-12-28T04:00:00.000Z,Sydney,New South Wales,AU,Birmingham Street,2015
E8:D0:FC:1F:A2:44,E8D0FC1FA244,-37.81546402,145.06712341,E8:D0:FC,13,unknown,2025-10-13T08:00:00.000Z,2025-10-13T04:00:00.000Z,Melbourne,Victoria,AU,Highton Grove,3103
E8:D0:FC:1F:A2:D1,C3350i,22.28515053,114.15610504,E8:D0:FC,13,wpa,2021-04-03T09:00:00.000Z,2025-03-30T04:00:00.000Z,香港島 Hong Kong Island,香港 Hong Kong,CN,干諾道中 Connaught Road Central,
E8:D0:FC:1F:A3:1C,resident,44.95765686,-93.18199921,E8:D0:FC,13,wpa2,2025-01-23T23:00:00.000Z,2025-12-20T15:00:00.000Z,Saint Paul,MN,US,University Avenue,55104
E8:D0:FC:1F:A3:60,E8D0FC1FA360,51.52501678,-0.10941898,E8:D0:FC,13,unknown,2025-02-15T23:00:00.000Z,2025-02-15T17:00:00.000Z,London,England,GB,Pine Street,EC1R 0JH
E8:D0:FC:1F:A3:66,E8D0FC1FA366,48.8584938,2.35800409,E8:D0:FC,13,unknown,2024-04-19T19:00:00.000Z,2025-07-26T05:00:00.000Z,Paris,Île-de-France,FR,Rue des Blancs-Manteaux,75004
E8:D0:FC:1F:A4:CB,E8D0FC1FA4CB,-32.93202591,151.72244263,E8:D0:FC,13,unknown,2025-08-04T22:00:00.000Z,2025-08-16T11:00:00.000Z,Newcastle,New South Wales,AU,Teralba Road,2289
E8:D0:FC:1F:A5:85,E8D0FC1FA585,29.88449097,-90.02581024,E8:D0:FC,11,unknown,2021-08-12T16:00:00.000Z,2025-11-25T12:00:00.000Z,,LA,US,Belle Chasse Highway,70056
E8:D0:FC:1F:A5:D1,konicaminoltac360i (0-9),22.28259468,114.15911865,E8:D0:FC,13,wep,2023-06-16T09:00:00.000Z,2025-07-03T01:00:00.000Z,香港島 Hong Kong Island,香港 Hong Kong,CN,干諾道中 Connaught Road Central,
E8:D0:FC:1F:A6:67,Vertrieb,52.19945145,10.3223877,E8:D0:FC,13,wpa2,2025-05-23T09:00:00.000Z,2025-05-23T06:00:00.000Z,,Niedersachsen,DE,Grubenweg,38268
E8:D0:FC:1F:A6:B4,E8D0FC1FA6B4,39.05022049,-94.6075058,E8:D0:FC,13,unknown,2025-04-03T00:00:00.000Z,2025-04-03T06:00:00.000Z,Kansas City,KS,US,West 43rd Avenue,66103
E8:D0:FC:1F:A7:32,wifi,-37.81351089,145.22981262,E8:D0:FC,13,wpa2,2024-09-09T02:00:00.000Z,2025-10-26T19:00:00.000Z,Melbourne,Victoria,AU,Maroondah Highway,3134
E8:D0:FC:1F:A8:D3,DIRECT-EWE8D0FC1FA8D3,50.77429962,6.1066227,E8:D0:FC,6,wpa2,2021-01-31T13:00:00.000Z,2025-01-19T04:00:00.000Z,Aachen,Nordrhein-Westfalen,DE,Adalbertsteinweg,52066
E8:D0:FC:1F:A9:07,E8D0FC1FA907,-33.43643951,151.3200531,E8:D0:FC,13,unknown,2020-10-09T13:00:00.000Z,2025-02-04T14:00:00.000Z,Gosford,New South Wales,AU,Brisbane Water Drive,2250
E8:D0:FC:1F:A9:3B,tokuhan2,33.22016907,130.15440369,E8:D0:FC,13,wpa2,2023-01-27T12:00:00.000Z,2026-07-22T05:00:00.000Z,,佐賀県,JP,多久江北線,8490304
E8:D0:FC:1F:A9:D4,E8D0FC1FA9D4,36.68696213,-121.79790497,E8:D0:FC,11,none,2024-09-25T14:00:00.000Z,2026-07-25T15:00:00.000Z,Marina,CA,US,Reservation Road,93933
E8:D0:FC:1F:A9:E4,sasebokita,33.2405777,129.65197754,E8:D0:FC,13,wpa2,2026-02-11T05:00:00.000Z,2026-02-11T03:00:00.000Z,,長崎県,JP,国道204号,857-0322
E8:D0:FC:1F:A9:FA,E8D0FC1FA9FA,43.0489769,-76.56325531,E8:D0:FC,11,none,2026-06-15T04:00:00.000Z,2026-06-20T19:00:00.000Z,,NY,US,North Seneca Street,13166
E8:D0:FC:1F:AA:0C,ogi,33.2203331,130.15431213,E8:D0:FC,13,wpa2,2026-05-02T08:00:00.000Z,2026-07-22T05:00:00.000Z,,佐賀県,JP,多久江北線,8490304
E8:D0:FC:1F:AA:15,E8D0FC1FAA15,42.3515358,-71.07221985,E8:D0:FC,11,none,2024-04-14T12:00:00.000Z,2025-11-02T06:00:00.000Z,Boston,MA,US,Berkeley Street,02117
E8:D0:FC:1F:AA:BA,E8D0FC1FAABA,33.68143082,-117.84112549,E8:D0:FC,11,none,2021-09-15T17:00:00.000Z,2026-06-12T16:00:00.000Z,Irvine,CA,US,Main Street,92714
E8:D0:FC:1F:AA:BE,E8D0FC1FAABE,32.30597687,-106.8150177,E8:D0:FC,11,unknown,2024-08-26T18:00:00.000Z,2024-08-26T16:00:00.000Z,Las Cruces,NM,US,North Motel Boulevard,88007
E8:D0:FC:20:3F:4B,,40.35052872,-104.70423126,E8:D0:FC,149,unknown,2025-10-09T16:00:00.000Z,2025-10-23T21:00:00.000Z,,CO,US,1st Avenue,80631-6948
E8:D0:FC:20:4D:8C,,37.48231125,-120.84078217,E8:D0:FC,0,unknown,2024-09-02T02:00:00.000Z,2024-09-02T16:00:00.000Z,Turlock,CA,US,Birchwood Way,95381
E8:D0:FC:21:83:19,ATTsMmRQVe,34.15979767,-118.34729767,E8:D0:FC,10,unknown,2024-08-08T23:00:00.000Z,2024-08-15T19:00:00.000Z,Burbank,CA,US,West Verdugo Avenue,91602-2532
E8:D0:FC:21:88:1F,,44.47028351,-73.162117,E8:D0:FC,0,unknown,2026-07-18T19:00:00.000Z,2026-07-18T21:00:00.000Z,,VT,US,Barber Terrace,04503
E8:D0:FC:21:8A:1F,,36.13014984,-115.20007324,E8:D0:FC,0,unknown,2024-06-27T16:00:00.000Z,2026-04-18T14:00:00.000Z,,NV,US,Andrea Street,89102-1548
E8:D0:FC:22:C6:6E,,43.40471649,-73.26578522,E8:D0:FC,0,unknown,2025-10-03T21:00:00.000Z,2025-10-03T19:00:00.000Z,,NY,US,Quaker Street,12832
E8:D0:FC:22:C6:F9,,27.81359863,-82.76831818,E8:D0:FC,0,unknown,2025-10-09T22:00:00.000Z,2025-11-28T03:00:00.000Z,,FL,US,Bay Pines Boulevard,33744
E8:D0:FC:22:CE:80,,40.85827637,-73.10085297,E8:D0:FC,4,unknown,2024-11-04T23:00:00.000Z,2025-08-05T14:00:00.000Z,,NY,US,Forrest Avenue,11720
E8:D0:FC:22:D2:BD,,37.70819855,-97.30083466,E8:D0:FC,48,unknown,2026-04-28T08:00:00.000Z,2026-04-28T08:00:00.000Z,Wichita,KS,US,East 13th Street North,67260-0074
E8:D0:FC:25:2C:16,,27.97142792,-82.72961426,E8:D0:FC,0,unknown,2025-11-20T23:00:00.000Z,2025-11-21T02:00:00.000Z,Clearwater,FL,US,Access Road A,33759
E8:D0:FC:25:5A:C5,,42.3074646,-71.11539459,E8:D0:FC,6,wpa2,2026-06-01T20:00:00.000Z,2026-07-05T16:00:00.000Z,Boston,MA,US,South Street,02130-3500
E8:D0:FC:27:FB:1F,<hidden>,43.2545166,-77.41275024,E8:D0:FC,1,none,2026-07-13T17:00:00.000Z,2026-07-13T11:00:00.000Z,,NY,US,Hollyhock Drive,14580
E8:D0:FC:28:4F:92,,45.58108139,-73.5809021,E8:D0:FC,0,unknown,2025-06-07T08:00:00.000Z,2025-06-14T11:00:00.000Z,Montréal,Québec,CA,Rue Jean-Talon Est,H1S 1K8
E8:D0:FC:28:58:10,,39.95009995,-86.03301239,E8:D0:FC,149,unknown,2024-09-17T03:00:00.000Z,2025-07-16T17:00:00.000Z,,IN,US,Hague Road,46038
E8:D0:FC:28:63:94,,27.91658974,-82.79410553,E8:D0:FC,6,unknown,2025-11-06T23:00:00.000Z,2025-11-07T13:00:00.000Z,Largo,FL,US,West Bay Drive,33770
E8:D0:FC:2E:9E:54,,40.01243973,-85.54668427,E8:D0:FC,5,unknown,2024-04-06T08:00:00.000Z,2024-09-16T12:00:00.000Z,,IN,US,North 850 W,47356
E8:D0:FC:30:38:A6,,27.82615662,-82.82910156,E8:D0:FC,0,unknown,2025-05-29T22:00:00.000Z,2025-05-29T21:00:00.000Z,,FL,US,Forest Hills Drive,33776-3120
E8:D0:FC:30:3A:D2,e8:d0:fc:30:3a:d2,29.81043243,-95.19308472,E8:D0:FC,44,wpa2,2026-03-19T15:00:00.000Z,2026-04-01T12:00:00.000Z,,TX,US,Lorne Drive,77049
E8:D0:FC:30:3E:DF,,27.74687195,-82.69306183,E8:D0:FC,0,unknown,2025-10-20T21:00:00.000Z,2025-10-21T11:00:00.000Z,Saint Petersburg,FL,US,44th Street South,33711
E8:D0:FC:36:44:B5,,27.81856728,-82.73670197,E8:D0:FC,0,unknown,2025-12-03T14:00:00.000Z,2025-12-04T14:00:00.000Z,,FL,US,71st Street North,33709
E8:D0:FC:36:45:DE,,27.82374763,-82.64691925,E8:D0:FC,0,unknown,2025-03-28T01:00:00.000Z,2025-09-19T08:00:00.000Z,Saint Petersburg,FL,US,Doctor Martin Luther King Junior Street North,33702
E8:D0:FC:36:48:14,,30.49183464,-84.2427597,E8:D0:FC,4,unknown,2024-07-27T13:00:00.000Z,2024-09-14T20:00:00.000Z,Tallahassee,FL,US,Gilliam Lane,32308
E8:D0:FC:3C:0B:B5,,29.94787216,-95.62336731,E8:D0:FC,153,wpa2,2026-03-15T15:00:00.000Z,2026-03-15T09:00:00.000Z,,TX,US,Ravenwing Drive,77429
E8:D0:FC:3C:1E:01,Flock,42.27287292,-89.08294678,E8:D0:FC,1,wpa2,2026-05-12T21:00:00.000Z,2026-05-13T07:00:00.000Z,Rockford,IL,US,North 2nd Street,61104
E8:D0:FC:3C:2A:8A,,39.81921005,-86.12401581,E8:D0:FC,0,unknown,2024-09-17T03:00:00.000Z,2025-07-16T20:00:00.000Z,Indianapolis,IN,US,Hillside Avenue,46218
E8:D0:FC:3C:2C:BA,S2060w-62643846,4.60556602,-74.10319519,E8:D0:FC,6,unknown,2025-06-19T19:00:00.000Z,2026-07-05T14:00:00.000Z,Bogotá,Veraguas,CO,Carrera 31D,111611
E8:D0:FC:3C:2C:EB,S2060w-62643265,30.22363853,-85.64935303,E8:D0:FC,6,unknown,2024-02-27T21:00:00.000Z,2025-03-23T11:00:00.000Z,,FL,US,FL 77,32444
E8:D0:FC:3C:30:58,S2060w-62643484,18.47010231,-69.92212677,E8:D0:FC,6,none,2025-01-07T20:00:00.000Z,2025-09-30T22:00:00.000Z,,Distrito Nacional,DO,Expreso 27 de Febrero,10105
E8:D0:FC:3C:30:95,S2060w-62643896,41.10765457,29.0173912,E8:D0:FC,6,unknown,2026-07-21T04:00:00.000Z,2026-07-21T00:00:00.000Z,,Marmara Bölgesi,TR,Büyükdere Caddesi,34330
E8:D0:FC:3C:30:D6,S2060w-62643521,-16.50289917,-68.13165283,E8:D0:FC,6,unknown,2023-05-05T20:00:00.000Z,2026-04-03T13:00:00.000Z,La Paz,La Paz,BO,Avenida 16 de Julio,4297
E8:D0:FC:3C:31:0D,S2060w-62643798,14.83361053,-91.51679993,E8:D0:FC,6,unknown,2026-07-23T16:00:00.000Z,2026-07-23T10:00:00.000Z,Municipio de Quetzaltenango,Quetzaltenango,GT,6a Calle,0090
E8:D0:FC:3C:31:54,S2060w-62643759,42.92788696,-78.78417206,E8:D0:FC,6,unknown,2026-01-21T18:00:00.000Z,2026-05-12T09:00:00.000Z,Town of Cheektowaga,NY,US,Harlem Road,14226
E8:D0:FC:3C:33:AA,S2060w-62643312,-16.54520798,-68.09106445,E8:D0:FC,6,unknown,2026-06-09T16:00:00.000Z,2026-06-09T11:00:00.000Z,La Paz,La Paz,BO,Avenida Los Sauces,14973
E8:D0:FC:3C:45:C8,Flock,41.04645538,-73.86185455,E8:D0:FC,1,wpa2,2026-06-18T15:00:00.000Z,2026-06-19T12:00:00.000Z,,NY,US,North Broadway,10533
E8:D0:FC:3C:50:50,Flock,42.66765976,-83.30804443,E8:D0:FC,1,wpa2,2026-05-16T12:00:00.000Z,2026-05-16T07:00:00.000Z,,MI,US,West Fairmount Avenue,48340
E8:D0:FC:3E:92:D5,MySpectrumWiFi9a-2G,34.18265152,-118.34915924,E8:D0:FC,7,unknown,2025-11-14T21:00:00.000Z,2025-11-20T17:00:00.000Z,Burbank,CA,US,Hollywood Way,91515
E8:D0:FC:3E:96:CA,Flock,41.40026093,-81.32766724,E8:D0:FC,1,wpa2,2026-07-25T18:00:00.000Z,2026-07-25T13:00:00.000Z,,OH,US,Tanglewood Trail,44023
E8:D0:FC:3E:A7:C8,Flock,41.04828262,-85.26110077,E8:D0:FC,1,wpa2,2026-07-22T20:00:00.000Z,2026-07-23T07:00:00.000Z,Fort Wayne,IN,US,Winterfield Run,46804
E8:D0:FC:45:E6:6C,,41.4640274,-81.77489471,E8:D0:FC,8,unknown,2025-07-25T21:00:00.000Z,2025-07-25T16:00:00.000Z,Cleveland,OH,US,Triskett Road,44111
E8:D0:FC:45:F0:FD,,47.21689606,-122.46686554,E8:D0:FC,10,wpa2,2026-07-17T17:00:00.000Z,2026-07-18T14:00:00.000Z,Tacoma,WA,US,South Steele Street,98409-7242
E8:D0:FC:45:F5:17,Flock,40.3940773,-111.81543732,E8:D0:FC,1,wpa2,2026-06-06T00:00:00.000Z,2026-06-05T18:00:00.000Z,,UT,US,North 640 West,84003
E8:D0:FC:49:85:73,E8D0FC498573,53.39212036,-6.38798809,E8:D0:FC,13,unknown,2024-11-19T16:00:00.000Z,2025-06-29T07:00:00.000Z,,Leinster,IE,Blanchardstown Centre,D15 RY73
E8:D0:FC:49:85:82,IMAD-PRINT,47.27526855,11.39769554,E8:D0:FC,13,wep,2020-11-06T18:00:00.000Z,2025-03-08T06:00:00.000Z,Innsbruck,Tirol,AT,Rennweg,6020
E8:D0:FC:49:85:95,E8D0FC498595,42.72289658,-73.80121613,E8:D0:FC,11,none,2021-03-24T17:00:00.000Z,2026-05-21T14:00:00.000Z,,NY,US,Wolf Road,12205
E8:D0:FC:49:85:A7,konica_SWY0416,35.7093544,139.74401855,E8:D0:FC,13,wpa2,2025-05-27T11:00:00.000Z,2025-05-27T05:00:00.000Z,文京区,水道二丁目,JP,,112-0006
E8:D0:FC:49:85:A8,konica_SWY0234,35.76202774,139.823349,E8:D0:FC,13,wpa2,2025-07-26T13:00:00.000Z,2026-06-14T08:00:00.000Z,足立区,綾瀬一丁目,JP,綾瀬川通り,120-0005
E8:D0:FC:49:85:AE,konica_SWY0481,35.67006302,139.68304443,E8:D0:FC,13,wpa2,2024-11-30T00:00:00.000Z,2024-12-04T22:00:00.000Z,渋谷区,上原一丁目,JP,,151-0062
E8:D0:FC:49:85:B5,konica_SWY0266,35.65779114,139.69815063,E8:D0:FC,13,wpa2,2023-10-30T15:00:00.000Z,2025-12-07T04:00:00.000Z,渋谷区,道玄坂一丁目,JP,セルリアンタワー通り,150-0043
E8:D0:FC:49:85:BE,konica_SWY0371,35.65781021,139.69827271,E8:D0:FC,13,wpa2,2025-12-07T06:00:00.000Z,2026-04-11T08:00:00.000Z,渋谷区,道玄坂一丁目,JP,ウェーヴ通り,150-0043
E8:D0:FC:49:85:C8,konica_SWY0381,35.65772247,139.69813538,E8:D0:FC,13,wpa2,2025-12-07T06:00:00.000Z,2025-12-07T04:00:00.000Z,渋谷区,道玄坂一丁目,JP,ウェーヴ通り,150-0043
E8:D0:FC:49:85:CD,E8D0FC4985CD,35.69548798,139.77084351,E8:D0:FC,13,wpa2,2020-03-12T20:00:00.000Z,2026-01-23T23:00:00.000Z,千代田区,神田須田町一丁目,JP,,101-0041
E8:D0:FC:49:86:32,konica_SWY0366,35.69659042,139.76968384,E8:D0:FC,13,wpa2,2022-05-11T10:00:00.000Z,2026-03-01T09:00:00.000Z,千代田区,神田須田町一丁目,JP,561,101-0041
E8:D0:FC:49:86:4A,konica_SWY0484,35.64313889,139.69779968,E8:D0:FC,13,wpa2,2026-02-26T03:00:00.000Z,2026-02-26T18:00:00.000Z,目黒区,上目黒一丁目,JP,,153-0051
E8:D0:FC:49:86:8C,konica_SWY0351,35.70927811,139.81428528,E8:D0:FC,13,wpa2,2024-04-30T01:00:00.000Z,2025-12-05T14:00:00.000Z,墨田区,業平五丁目,JP,,1300002
E8:D0:FC:49:86:9A,konica_SWY0368,35.69629669,139.76982117,E8:D0:FC,13,wpa2,2022-05-11T10:00:00.000Z,2025-08-10T04:00:00.000Z,千代田区,神田須田町一丁目,JP,561,101-0041
E8:D0:FC:49:86:AB,konica_SWY0315,35.70578003,139.66598511,E8:D0:FC,13,wpa2,2025-01-13T09:00:00.000Z,2025-12-25T03:00:00.000Z,中野区,中野三丁目,JP,4.東西線,164-0001
E8:D0:FC:49:86:C2,konica_SWY0076,35.75022507,139.80578613,E8:D0:FC,13,wpa2,2024-10-11T23:00:00.000Z,2024-12-31T23:00:00.000Z,足立区,千住三丁目,JP,Interchanging footway,120-0026
E8:D0:FC:49:86:C4,konica_SWY0034,35.73010635,139.79211426,E8:D0:FC,13,wpa2,2024-11-13T03:00:00.000Z,2024-12-31T23:00:00.000Z,台東区,三ノ輪二丁目,JP,明治通り,110-0011
E8:D0:FC:49:86:C6,konica_SWY0208,35.65467453,139.79553223,E8:D0:FC,13,wpa2,2024-05-17T07:00:00.000Z,2025-09-27T01:00:00.000Z,江東区,越中島三丁目,JP,越中島通り,135-6001
E8:D0:FC:49:86:E5,konica_SWY0204,35.66505814,139.78369141,E8:D0:FC,13,wpa2,2023-10-09T06:00:00.000Z,2026-04-04T23:00:00.000Z,中央区,湊三丁目,JP,佃大橋通り,104-0044
E8:D0:FC:49:86:F0,konica_SWY_0221,35.63022995,139.71681213,E8:D0:FC,13,wpa2,2026-02-04T09:00:00.000Z,2026-02-04T04:00:00.000Z,品川区,西五反田三丁目,JP,,141-0021
E8:D0:FC:49:86:FB,konica_SWY0045,35.72615814,139.72984314,E8:D0:FC,13,wpa2,2001-01-01T00:00:00.000Z,2026-04-21T17:00:00.000Z,文京区,南大塚三丁目,JP,春日通り,170-0005
E8:D0:FC:49:87:09,konica_SWY0110,35.71356201,139.70445251,E8:D0:FC,13,wpa2,2023-09-04T14:00:00.000Z,2026-05-29T16:00:00.000Z,新宿区,高田馬場二丁目,JP,早稲田通り,167-0075
E8:D0:FC:49:87:3F,konica_SWY0205,35.67153931,139.77160645,E8:D0:FC,13,wpa2,2024-03-19T11:00:00.000Z,2025-04-15T02:00:00.000Z,中央区,築地一丁目,JP,,104-0061
E8:D0:FC:49:87:41,konica_SWY,35.68518829,139.7303009,E8:D0:FC,13,wpa2,2022-05-11T12:00:00.000Z,2026-04-21T01:00:00.000Z,千代田区,麹町六丁目,JP,2,102-0083
E8:D0:FC:49:87:5B,E8D0FC49875B,50.10510254,8.67046356,E8:D0:FC,13,unknown,2023-07-30T15:00:00.000Z,2025-08-26T08:00:00.000Z,Frankfurt am Main,Hessen,DE,Windmühlstraße,60329
E8:D0:FC:49:87:BD,konica_SWY0197,35.63814545,139.7268219,E8:D0:FC,13,wpa2,2024-12-14T00:00:00.000Z,2026-07-17T21:00:00.000Z,港区,白金台四丁目,JP,目黒通り,108-8640
E8:D0:FC:49:87:CB,DIRECT-Y7Konica Minolta C3350i,39.39467239,-79.01261902,E8:D0:FC,1,wpa2,2026-06-12T16:00:00.000Z,2026-06-12T15:00:00.000Z,,WV,US,New Creek Highway,26743
E8:D0:FC:49:88:9E,konica_SWY0367,35.69652176,139.76971436,E8:D0:FC,13,wpa2,2022-05-11T10:00:00.000Z,2025-08-10T04:00:00.000Z,千代田区,神田須田町一丁目,JP,561,101-0041
E8:D0:FC:49:88:DA,konica_SWY0243,35.63064575,139.68792725,E8:D0:FC,13,wpa2,2023-12-16T04:00:00.000Z,2026-05-29T19:00:00.000Z,目黒区,中央町二丁目,JP,,152-0004
E8:D0:FC:49:89:53,WIN_401514,34.61860657,-83.75531769,E8:D0:FC,11,wpa2,2025-08-29T17:00:00.000Z,2026-06-27T12:00:00.000Z,,GA,US,Hulsey Road,30528
E8:D0:FC:49:89:62,C750i,52.02002716,8.89400768,E8:D0:FC,36,wpa3,2024-02-24T11:00:00.000Z,2026-06-04T10:00:00.000Z,,Nordrhein-Westfalen,DE,Detmolder Weg,32657
E8:D0:FC:49:89:75,E8D0FC498975,50.9917984,3.64949918,E8:D0:FC,13,unknown,2025-09-06T09:00:00.000Z,2025-09-10T08:00:00.000Z,,Oost-Vlaanderen,BE,Kerkplein,9840
E8:D0:FC:49:8A:83,konica_SWY0008,35.71289825,139.77667236,E8:D0:FC,13,wpa2,2026-06-06T04:00:00.000Z,2026-06-06T00:00:00.000Z,台東区,上野公園,JP,パンダ橋,110-8716
E8:D0:FC:49:8A:E3,konica_SWY0242,35.69130707,139.70410156,E8:D0:FC,13,wpa2,2021-03-20T11:00:00.000Z,2025-11-07T03:00:00.000Z,新宿区,新宿三丁目,JP,メトロプロムナード,160-0022
E8:D0:FC:49:8B:00,LDR045,48.3048172,14.2932663,E8:D0:FC,36,unknown,2022-10-07T11:00:00.000Z,2025-01-04T00:00:00.000Z,Linz,Oberösterreich,AT,Fadingerstraße,4020
E8:D0:FC:49:8B:0D,konica_SWY0072,35.70371246,139.77224731,E8:D0:FC,13,wpa2,2022-01-16T18:00:00.000Z,2026-07-20T08:00:00.000Z,千代田区,上野一丁目,JP,中央通り,110-0005
E8:D0:FC:49:8B:12,konica_SWY0124,35.66854095,139.67880249,E8:D0:FC,13,wpa2,2023-08-18T20:00:00.000Z,2026-04-29T03:00:00.000Z,渋谷区,大山町,JP,井ノ頭通り,151-0064
E8:D0:FC:49:8B:79,E8D0FC498B79,42.86902618,74.60626984,E8:D0:FC,13,unknown,2003-09-30T17:00:00.000Z,2026-02-27T05:00:00.000Z,Бишкек,Бишкек,KG,Эркиндик бульвар,720739
E8:D0:FC:49:8C:26,konica_SWY0435,35.71278381,139.78085327,E8:D0:FC,13,wpa2,2022-05-10T19:00:00.000Z,2025-07-23T04:00:00.000Z,台東区,東上野四丁目,JP,,110-8615
E8:D0:FC:49:8C:5C,DIRECT-TtKONICA C250i,52.05345917,4.28732061,E8:D0:FC,6,wpa2,2021-01-05T13:00:00.000Z,2025-01-11T06:00:00.000Z,Den Haag,Zuid-Holland,NL,Henriëtte Roland Holstweg,2533SP
E8:D0:FC:49:8C:66,konica_SWY0057,35.7100563,139.81341553,E8:D0:FC,13,wpa2,2022-05-10T12:00:00.000Z,2026-07-20T19:00:00.000Z,墨田区,押上一丁目,JP,墨田区画街路第5号線,131-0045
E8:D0:FC:49:8C:6E,E8D0FC498C6E,52.12997818,-106.59664154,E8:D0:FC,13,unknown,2025-06-26T01:00:00.000Z,2025-06-25T19:00:00.000Z,Saskatoon,Saskatchewan,CA,103 Street East,S7N 1Y8
E8:D0:FC:49:8C:73,konica_SWY0187,35.67188263,139.73590088,E8:D0:FC,13,wpa2,2023-09-01T00:00:00.000Z,2024-10-23T19:00:00.000Z,港区,赤坂五丁目,JP,赤坂通り,107-0052
E8:D0:FC:49:8C:8F,konica_SWY0283,35.7110939,139.77789307,E8:D0:FC,13,wpa2,2025-05-30T22:00:00.000Z,2025-07-20T04:00:00.000Z,台東区,東上野二丁目,JP,,110-0015
E8:D0:FC:49:8C:DD,konica_SWY0353,35.70830917,139.81384277,E8:D0:FC,13,wpa2,2023-12-28T11:00:00.000Z,2025-05-16T04:00:00.000Z,墨田区,業平三丁目,JP,四ツ目通り,130-0002
E8:D0:FC:49:8D:0B,E8D0FC498D0B,35.79032516,139.78909302,E8:D0:FC,13,unknown,2024-10-18T23:00:00.000Z,2025-09-04T04:00:00.000Z,足立区,都営伊興町第二アパート,JP,,121-0822
E8:D0:FC:49:8D:12,konica_SWY0126,35.69721985,139.81460571,E8:D0:FC,13,wpa2,2022-12-15T09:00:00.000Z,2025-12-18T07:00:00.000Z,墨田区,錦糸三丁目,JP,四ツ目通り,130-0022
E8:D0:FC:49:8D:96,konica_SWY0240,35.69401932,139.69271851,E8:D0:FC,13,wpa2,2021-10-22T18:00:00.000Z,2026-07-20T23:00:00.000Z,新宿区,西新宿二丁目,JP,タイムズアベニュー,163-1390
E8:D0:FC:49:8D:9E,konica_SWY0229,35.73000717,139.71263123,E8:D0:FC,13,wpa2,2023-01-27T19:00:00.000Z,2026-07-04T03:00:00.000Z,豊島区,南池袋一丁目,JP,,171-8557
E8:D0:FC:49:8E:53,DIRECT-XME8D0FC498E53,48.37041092,10.90405846,E8:D0:FC,1,wpa2,2023-03-08T12:00:00.000Z,2024-10-21T13:00:00.000Z,Augsburg,Bayern,DE,Pilgerhausstraße,86152
E8:D0:FC:49:8E:66,konica_SWY0059,35.71763229,139.73681641,E8:D0:FC,13,wpa2,2025-08-12T01:00:00.000Z,2025-08-11T18:00:00.000Z,文京区,小日向四丁目,JP,春日通り,112-0012
E8:D0:FC:49:8E:E5,konica_SWY0042,35.69551468,139.76776123,E8:D0:FC,13,wpa2,2025-05-10T09:00:00.000Z,2025-09-17T22:00:00.000Z,千代田区,神田須田町一丁目,JP,靖国通り,101-0041
E8:D0:FC:49:8F:93,konica_SWY0135,35.69072723,139.66693115,E8:D0:FC,13,wpa2,2023-06-15T18:00:00.000Z,2025-04-06T01:00:00.000Z,中野区,弥生町五丁目,JP,,164-0013
E8:D0:FC:49:8F:97,konica_SWY0105,35.67219162,139.76350403,E8:D0:FC,13,wpa2,2001-01-01T09:00:00.000Z,2025-01-12T03:00:00.000Z,千代田区,有楽町一丁目,JP,丸の内仲通り,104-0061
E8:D0:FC:49:90:2A,konica_SWY0458,35.70970535,139.78120422,E8:D0:FC,13,wpa2,2024-10-11T10:00:00.000Z,2025-03-09T15:00:00.000Z,台東区,寿二丁目,JP,,111-0041
E8:D0:FC:49:90:B2,konica_SWY0038,35.70727921,139.77638245,E8:D0:FC,13,wpa2,2024-08-03T12:00:00.000Z,2024-08-08T20:00:00.000Z,台東区,上野五丁目,JP,昭和通り,110-8605
E8:D0:FC:49:90:D1,konica_SWY0200,35.68864059,139.71057129,E8:D0:FC,13,wpa2,2024-07-10T09:00:00.000Z,2026-05-23T00:00:00.000Z,新宿区,新宿一丁目,JP,新宿通り,1600022
E8:D0:FC:49:91:07,konica_SWY0037,35.72914886,139.79089355,E8:D0:FC,13,wpa2,2025-03-29T08:00:00.000Z,2025-10-05T05:00:00.000Z,台東区,三ノ輪二丁目,JP,昭和通り,110-0011
E8:D0:FC:49:AB:64,Flock,39.94279861,-104.95017242,E8:D0:FC,1,wpa2,2026-06-26T21:00:00.000Z,2026-06-26T15:00:00.000Z,Thornton,CO,US,136th Ave MUP,80241
E8:D0:FC:49:E7:D9,,40.88418961,-73.85417175,E8:D0:FC,153,unknown,2024-10-30T05:00:00.000Z,2024-10-30T00:00:00.000Z,City of New York,NY,US,East 223rd Street,10466
E8:D0:FC:49:E7:DA,,40.88418961,-73.85417175,E8:D0:FC,48,unknown,2024-10-30T05:00:00.000Z,2024-10-30T00:00:00.000Z,City of New York,NY,US,East 223rd Street,10466
E8:D0:FC:4B:78:12,,30.33131599,-95.47749329,E8:D0:FC,10,unknown,2025-04-18T08:00:00.000Z,2025-04-26T09:00:00.000Z,,TX,US,Interstate 45 North,77304
E8:D0:FC:4B:89:AE,,40.86453247,-73.41823578,E8:D0:FC,1,unknown,2024-10-20T18:00:00.000Z,2024-10-20T12:00:00.000Z,,NY,US,Grandview Street,11743
E8:D0:FC:4C:96:69,S2060w-62642998,39.68375397,-104.94507599,E8:D0:FC,6,none,2022-02-22T17:00:00.000Z,2026-07-25T13:00:00.000Z,Denver,CO,US,East Colorado Avenue,80210-2938
E8:D0:FC:4C:96:A5,S2060w-62642382,18.47011375,-69.9223175,E8:D0:FC,6,none,2024-06-28T20:00:00.000Z,2025-03-03T02:00:00.000Z,,Distrito Nacional,DO,Avenida 27 de Febrero,10105
E8:D0:FC:4C:A1:95,S2060w-62643038,4.61668491,-74.08753967,E8:D0:FC,6,none,2026-01-15T16:00:00.000Z,2026-02-04T06:00:00.000Z,Bogotá,Localidad Los Mártires,CO,Carrera 28A,111411
E8:D0:FC:4C:AB:89,,39.99602127,-85.7231369,E8:D0:FC,1,unknown,2024-04-06T08:00:00.000Z,2024-09-16T12:00:00.000Z,,IN,US,SR 38,46056
E8:D0:FC:4E:2D:59,,29.433321,-98.53984833,E8:D0:FC,5,unknown,2025-12-15T21:00:00.000Z,2025-12-16T17:00:00.000Z,San Antonio,TX,US,West Martin Street,78207
E8:D0:FC:4E:68:44,c250i,35.0073204,135.76075745,E8:D0:FC,13,wpa2,2024-02-20T03:00:00.000Z,2026-07-22T03:00:00.000Z,京都市,京都府,JP,六角通,604-8161
E8:D0:FC:4E:68:6C,konica_SWY0244,35.67847061,139.70549011,E8:D0:FC,13,wpa2,2024-06-30T06:00:00.000Z,2026-07-08T04:00:00.000Z,渋谷区,千駄ヶ谷四丁目,JP,明治通り,151-8586
E8:D0:FC:4E:68:86,konica_SWY0082,35.6434288,139.73439026,E8:D0:FC,13,wpa2,2020-08-05T15:00:00.000Z,2026-06-05T06:00:00.000Z,港区,白金一丁目,JP,高輪麻布線,1080074
E8:D0:FC:4E:68:9D,konica_SWY0081,35.64341736,139.73442078,E8:D0:FC,13,wpa2,2020-08-06T11:00:00.000Z,2026-05-12T23:00:00.000Z,港区,白金一丁目,JP,高輪麻布線,1080074
E8:D0:FC:4E:69:00,DIRECT-eWE8D0FC4E6900,20.62600327,-105.23110199,E8:D0:FC,6,wpa2,2024-02-10T20:00:00.000Z,2025-04-03T20:00:00.000Z,Puerto Vallarta,Jalisco,MX,Francisco Medina Ascencio,48300
E8:D0:FC:4E:69:52,konica_SWY0268,35.71249008,139.74061584,E8:D0:FC,13,wpa2,2026-07-19T15:00:00.000Z,2026-07-21T08:00:00.000Z,文京区,小日向一丁目,JP,,112-8555
E8:D0:FC:4E:69:56,DIRECT-ocE8D0FC4E6956,42.64730072,-83.19847107,E8:D0:FC,11,wpa2,2024-08-10T12:00:00.000Z,2024-08-10T05:00:00.000Z,,MI,US,West Hamlin Road,48309-4475
E8:D0:FC:4E:69:63,konica_SWY0162,35.71475983,139.73908997,E8:D0:FC,13,wpa2,2026-07-19T15:00:00.000Z,2026-07-21T08:00:00.000Z,文京区,小日向四丁目,JP,,112-8555
E8:D0:FC:4E:69:70,konica_SWY0415,35.70930481,139.74414062,E8:D0:FC,13,wpa2,2024-12-20T07:00:00.000Z,2025-08-05T06:00:00.000Z,文京区,水道二丁目,JP,,112-0006
E8:D0:FC:4E:69:8E,E8D0FC4E698E,41.39185333,2.17438984,E8:D0:FC,13,unknown,2021-04-25T08:00:00.000Z,2025-03-07T11:00:00.000Z,Barcelona,Catalunya,ES,Carrer de Casp,08010
E8:D0:FC:4E:69:99,konica_SWY0298,35.70914841,139.73408508,E8:D0:FC,13,wpa2,2021-09-25T12:00:00.000Z,2026-07-21T08:00:00.000Z,文京区,水道二丁目,JP,目白通り,1620802
E8:D0:FC:4E:69:9B,konica_SWY0191,35.65954971,139.70028687,E8:D0:FC,13,wpa2,2001-01-01T09:00:00.000Z,2026-04-23T22:00:00.000Z,渋谷区,渋谷,JP,B1F,150-0043
E8:D0:FC:4E:69:9E,konica_SWY0305,35.64590073,139.82315063,E8:D0:FC,13,wpa2,2025-04-13T10:00:00.000Z,2025-04-26T02:00:00.000Z,江東区,新木場一丁目,JP,あけぼの橋,135-0053
E8:D0:FC:4E:69:A3,konica_SWY0169,35.71096039,139.78193665,E8:D0:FC,13,wpa2,2022-05-10T19:00:00.000Z,2024-10-11T04:00:00.000Z,台東区,東上野三丁目,JP,,110-0015
E8:D0:FC:4E:69:B6,konica_SWY0043,35.70677948,139.76004028,E8:D0:FC,13,wpa2,2024-04-21T03:00:00.000Z,2025-05-10T09:00:00.000Z,文京区,本郷四丁目,JP,春日通り,113-0033
E8:D0:FC:4E:69:BA,konica_SWY0044,35.70789337,139.75196838,E8:D0:FC,13,wpa2,2021-02-04T10:00:00.000Z,2025-06-08T02:00:00.000Z,文京区,春日一丁目,JP,春日通り,112-0003
E8:D0:FC:4E:69:BB,konica_SWY0201,35.69643784,139.75814819,E8:D0:FC,13,wpa2,2001-01-01T00:00:00.000Z,2025-03-29T19:00:00.000Z,千代田区,神田神保町二丁目,JP,白山通り,101-0051
E8:D0:FC:4E:69:C3,konica_SWY0125,35.69661713,139.81445312,E8:D0:FC,13,wpa2,2001-01-01T09:00:00.000Z,2025-09-20T18:00:00.000Z,墨田区,江東橋三丁目,JP,駅前広場,130-0022
E8:D0:FC:4E:69:EC,konica_SWY0164,35.66427612,139.85928345,E8:D0:FC,13,wpa2,2020-08-20T13:00:00.000Z,2026-06-27T20:00:00.000Z,江戸川区,西葛西六丁目,JP,清砂大橋通り,134-0088
E8:D0:FC:4E:6A:0B,konica_SWY0075,35.66947556,139.81694031,E8:D0:FC,13,wpa2,2025-05-21T10:00:00.000Z,2025-05-21T15:00:00.000Z,江東区,東陽四丁目,JP,永代通り,135-0016
E8:D0:FC:4E:6A:0F,konica_SWY0040,35.70993805,139.79055786,E8:D0:FC,13,wpa2,2020-12-05T19:00:00.000Z,2025-11-26T04:00:00.000Z,台東区,元浅草四丁目,JP,浅草通り,110-8766
E8:D0:FC:4E:6A:10,konica_SWY0207,35.65506744,139.79525757,E8:D0:FC,13,wpa2,2024-10-22T02:00:00.000Z,2025-11-03T06:00:00.000Z,江東区,越中島三丁目,JP,越中島通り,135-6001
E8:D0:FC:4E:6A:19,konica_SWY0289,35.71234131,139.78053284,E8:D0:FC,13,wpa2,2022-05-10T19:00:00.000Z,2025-07-23T04:00:00.000Z,台東区,東上野三丁目,JP,,110-8615
E8:D0:FC:4E:6A:44,konica_SWY0358,35.71280289,139.78103638,E8:D0:FC,13,wpa2,2022-05-10T19:00:00.000Z,2025-07-23T04:00:00.000Z,台東区,東上野五丁目,JP,菊水通り,110-8615
E8:D0:FC:4E:6A:47,E8D0FC4E6A47,39.11474991,-77.1969986,E8:D0:FC,13,unknown,2024-07-19T20:00:00.000Z,2024-12-13T22:00:00.000Z,Gaithersburg,MD,US,Washingtonian Boulevard,20878-4816
E8:D0:FC:4E:6A:57,c750i,51.23033524,6.70567846,E8:D0:FC,13,unknown,2021-05-21T16:00:00.000Z,2025-02-03T13:00:00.000Z,,Nordrhein-Westfalen,DE,Heerdter Landstraße,40549
E8:D0:FC:4E:6A:5D,konica_SWY0035,35.70064163,139.78375244,E8:D0:FC,13,wpa2,2021-03-20T21:00:00.000Z,2025-07-23T04:00:00.000Z,台東区,浅草橋五丁目,JP,左衛門橋通り,111-0053
E8:D0:FC:4E:6A:65,konica_SWY0488,35.69056702,139.93408203,E8:D0:FC,13,wpa2,2025-10-17T23:00:00.000Z,2025-10-18T06:00:00.000Z,市川市,千葉県,JP,千葉県道179号船橋行徳線,272-0114
E8:D0:FC:4E:6A:7A,konica_SWY0232,35.72949219,139.71037292,E8:D0:FC,13,wpa2,2025-08-26T04:00:00.000Z,2025-08-26T05:00:00.000Z,豊島区,西池袋一丁目,JP,Main Footway,171-8512
E8:D0:FC:4E:6A:7C,konica_SWY0032,35.7005043,139.76409912,E8:D0:FC,13,wpa2,2025-01-10T13:00:00.000Z,2025-11-29T04:00:00.000Z,文京区,湯島一丁目,JP,外堀通り,113-8519
E8:D0:FC:4E:6A:81,konica_SWY0136,35.69235229,139.67430115,E8:D0:FC,13,wpa2,2022-06-22T12:00:00.000Z,2026-01-20T02:00:00.000Z,中野区,弥生町二丁目,JP,新橋通り,164-0012
E8:D0:FC:4E:6A:9B,konica_SWY0119,35.64693832,139.83477783,E8:D0:FC,13,wpa2,2025-01-19T05:00:00.000Z,2025-02-01T02:00:00.000Z,江東区,夢の島一丁目,JP,明治通り,
E8:D0:FC:4E:6A:B1,konica_SWY0098,35.64735413,139.70933533,E8:D0:FC,13,wpa2,2020-02-29T23:00:00.000Z,2025-04-27T18:00:00.000Z,渋谷区,恵比寿南一丁目,JP,駒沢通り,150-0022
E8:D0:FC:4E:6A:CD,konica_SWY0107,35.70381927,139.73570251,E8:D0:FC,13,wpa2,2023-12-15T12:00:00.000Z,2026-01-26T04:00:00.000Z,新宿区,赤城元町,JP,,162-0831
E8:D0:FC:4E:6B:2D,konica_SWY0382,35.65768433,139.69837952,E8:D0:FC,13,wpa2,2023-10-30T15:00:00.000Z,2024-10-12T05:00:00.000Z,渋谷区,道玄坂一丁目,JP,,150-0043
E8:D0:FC:4E:6B:36,E8D0FC4E6B36,53.60498428,9.47801971,E8:D0:FC,13,unknown,2021-04-01T15:00:00.000Z,2025-09-15T04:00:00.000Z,Stade,Niedersachsen,DE,Harschenflether Weg,21682
E8:D0:FC:4E:6B:62,konica_SWY0338,35.68503571,139.73025513,E8:D0:FC,13,wpa2,2023-02-24T15:00:00.000Z,2026-04-21T01:00:00.000Z,千代田区,麹町六丁目,JP,2,102-0083
E8:D0:FC:4E:6B:7C,konica_SWY0428,35.75366974,139.73786926,E8:D0:FC,13,wpa2,2026-07-23T08:00:00.000Z,2026-07-23T03:00:00.000Z,北区,王子一丁目,JP,北本通り,114-0021
E8:D0:FC:4E:6B:7E,konica_SWY0167,35.68674088,139.76530457,E8:D0:FC,13,wpa2,2022-09-16T22:00:00.000Z,2025-04-08T19:00:00.000Z,千代田区,大手町二丁目,JP,,100-0004
E8:D0:FC:4E:6B:7F,konica_SWY0182,35.67052078,139.71717834,E8:D0:FC,13,wpa2,2024-03-20T05:00:00.000Z,2026-07-11T20:00:00.000Z,港区,北青山二丁目,JP,青山通り,107?0061
E8:D0:FC:4E:6B:82,E8D0FC4E6B82,35.76258469,139.8261261,E8:D0:FC,13,wpa2,2021-08-19T10:00:00.000Z,2025-08-10T04:00:00.000Z,足立区,綾瀬三丁目,JP,,120-0005
E8:D0:FC:4E:6B:A2,konica_SWY0471,35.7098732,139.7905426,E8:D0:FC,13,wpa2,2023-08-11T12:00:00.000Z,2026-04-06T00:00:00.000Z,台東区,元浅草四丁目,JP,浅草通り,110-8766
E8:D0:FC:4E:6B:AA,Hanuschk Kopierer,52.25309372,10.52884865,E8:D0:FC,13,wpa2,2026-02-20T10:00:00.000Z,2026-02-23T00:00:00.000Z,Braunschweig,Niedersachsen,DE,Wolfenbütteler Straße,38102
E8:D0:FC:4E:6B:D0,E8D0FC4E6BD0,50.93935394,6.95284605,E8:D0:FC,13,none,2023-11-07T13:00:00.000Z,2026-06-03T06:00:00.000Z,Köln,Nordrhein-Westfalen,DE,Auf der Ruhr,50667
E8:D0:FC:4E:6B:F5,konica_SWY0331,35.64609146,139.82589722,E8:D0:FC,13,wpa2,2026-06-02T14:00:00.000Z,2026-06-03T03:00:00.000Z,江東区,新木場一丁目,JP,東京湾岸道路,136-0082
E8:D0:FC:4E:6C:25,konica_SWY0318,35.69723892,139.68278503,E8:D0:FC,13,wpa2,2023-09-13T05:00:00.000Z,2025-10-17T23:00:00.000Z,中野区,中央一丁目,JP,山手通り,164-8622
E8:D0:FC:4E:6C:2C,konica_SWY0165,35.76165009,139.82136536,E8:D0:FC,13,wpa2,2025-07-26T09:00:00.000Z,2025-12-14T01:00:00.000Z,足立区,綾瀬一丁目,JP,,124-0001
E8:D0:FC:4E:6C:7D,konica_SWY0472,35.71548843,139.77952576,E8:D0:FC,13,wpa2,2022-11-12T22:00:00.000Z,2025-11-05T00:00:00.000Z,台東区,上野七丁目,JP,,110-8615
E8:D0:FC:4E:6C:A0,bizhubC250i,43.03462982,141.34098816,E8:D0:FC,13,unknown,2026-03-28T21:00:00.000Z,2026-04-02T13:00:00.000Z,札幌市,石狩振興局,JP,,064-0919
E8:D0:FC:4E:6C:B2,E8D0FC4E6CB2,43.56713104,-79.5983963,E8:D0:FC,11,unknown,2022-02-28T18:00:00.000Z,2025-05-05T14:00:00.000Z,Mississauga,Ontario,CA,Hurontario Street,L5G 3H6
E8:D0:FC:4E:6C:B5,Fantasia,57.01593781,9.93131733,E8:D0:FC,13,wpa2,2025-03-29T17:00:00.000Z,2025-04-05T13:00:00.000Z,Aalborg,Region Nordjylland,DK,Nøhr Sørensens Vej,9210
E8:D0:FC:4E:6C:F2,C360iYCS,35.63359451,139.74003601,E8:D0:FC,13,wpa2,2024-01-02T04:00:00.000Z,2025-01-19T03:00:00.000Z,港区,港南二丁目,JP,,108-0074
E8:D0:FC:4E:6D:24,konica_SWY0146,35.66321182,139.82345581,E8:D0:FC,13,wpa2,2025-06-07T09:00:00.000Z,2025-06-16T13:00:00.000Z,江東区,新砂一丁目,JP,塩浜通り,137-8799
E8:D0:FC:4E:6D:85,konica_SWY0101,35.76243973,139.82530212,E8:D0:FC,13,wpa2,2025-07-26T07:00:00.000Z,2025-10-12T08:00:00.000Z,足立区,綾瀬三丁目,JP,,120-0005
E8:D0:FC:4E:6D:86,konica_SWY0501,35.70736694,139.95896912,E8:D0:FC,13,wpa2,2020-02-23T13:00:00.000Z,2026-04-23T17:00:00.000Z,船橋市,千葉県,JP,西船橋停車場線,273-0031
E8:D0:FC:4E:6D:DE,konica_SWY0094,35.64419174,139.69888306,E8:D0:FC,13,wpa2,2024-03-29T08:00:00.000Z,2025-09-12T02:00:00.000Z,目黒区,東山一丁目,JP,首都高速中央環状線,15309942
E8:D0:FC:4E:6D:DF,E8D0FC4E6DDF,27.19656754,-80.25702667,E8:D0:FC,11,unknown,2021-06-30T12:00:00.000Z,2026-05-03T12:00:00.000Z,,FL,US,Southwest Federal Highway,34994
E8:D0:FC:4E:6D:EF,E8D0FC4E6DEF,34.24194336,-77.85800171,E8:D0:FC,11,none,2021-03-28T00:00:00.000Z,2026-06-03T13:00:00.000Z,Wilmington,NC,US,Eastwood Road,28405
E8:D0:FC:4E:6E:7B,konica_SWY0396,35.65930176,139.70252991,E8:D0:FC,13,wpa2,2022-05-11T12:00:00.000Z,2025-12-05T22:00:00.000Z,渋谷区,渋谷,JP,明治通り,150-8510
E8:D0:FC:4E:6F:3A,konica_SWY0193,35.64324951,139.73466492,E8:D0:FC,13,wpa2,2001-01-01T09:00:00.000Z,2024-10-09T04:00:00.000Z,港区,白金一丁目,JP,桜田通り,1080074
E8:D0:FC:4E:6F:53,konica_SWY0296,35.69192505,139.70158386,E8:D0:FC,13,wpa2,2022-05-17T21:00:00.000Z,2026-05-29T09:00:00.000Z,新宿区,新宿三丁目,JP,,160-8001
E8:D0:FC:4E:6F:70,konica_SWY0441,35.69191742,139.69953918,E8:D0:FC,13,wpa2,2023-02-16T09:00:00.000Z,2026-03-28T02:00:00.000Z,新宿区,西新宿一丁目,JP,新宿西口,160-8001
E8:D0:FC:4E:6F:AE,konica_SWY0302,35.65874481,139.7020874,E8:D0:FC,13,wpa2,2001-01-01T00:00:00.000Z,2026-07-20T02:00:00.000Z,渋谷区,渋谷,JP,B4F,150-0002
E8:D0:FC:4E:6F:B1,konica_SWY0417,35.70259857,139.77433777,E8:D0:FC,13,wpa2,2025-09-06T23:00:00.000Z,2026-06-19T07:00:00.000Z,台東区,秋葉原,JP,,110-0006
E8:D0:FC:4E:6F:E7,E8D0FC4E6FE7,-37.56240845,143.86703491,E8:D0:FC,13,unknown,2022-01-29T14:00:00.000Z,2026-01-17T21:00:00.000Z,Ballarat,Victoria,AU,Victoria Street,3350
E8:D0:FC:4E:6F:EA,E8D0FC4E6FEA,-34.92261887,138.60093689,E8:D0:FC,13,unknown,2026-06-12T01:00:00.000Z,2026-06-11T20:00:00.000Z,Adelaide,South Australia,AU,Rundle Mall,5000
E8:D0:FC:4E:70:DF,konica_SWY0269,35.71202087,139.74073792,E8:D0:FC,13,wpa2,2026-07-19T15:00:00.000Z,2026-07-21T08:00:00.000Z,文京区,小日向一丁目,JP,,112-8555
E8:D0:FC:4E:70:F0,konica_SWY0267,35.73467255,139.79977417,E8:D0:FC,13,wpa2,2025-05-30T23:00:00.000Z,2025-06-02T04:00:00.000Z,荒川区,南千住七丁目,JP,,116-0003
E8:D0:FC:4E:71:94,konica_SWY0253,35.6918869,139.69421387,E8:D0:FC,13,wpa2,2024-12-21T15:00:00.000Z,2024-12-26T22:00:00.000Z,新宿区,西新宿二丁目,JP,東通り,163-0448
E8:D0:FC:4E:71:BD,konica_SWY0158,35.67681503,139.79751587,E8:D0:FC,13,wpa2,2019-12-30T19:00:00.000Z,2025-05-20T19:00:00.000Z,江東区,深川一丁目,JP,清澄通り,135-0033
E8:D0:FC:4E:71:BE,konica_SWY0065,35.66846848,139.77244568,E8:D0:FC,13,wpa2,2001-01-01T09:00:00.000Z,2025-04-15T02:00:00.000Z,中央区,築地二丁目,JP,,104-0045
E8:D0:FC:4E:71:C5,konica_SWY0100,35.71806717,139.76493835,E8:D0:FC,13,wpa2,2024-11-23T07:00:00.000Z,2026-07-04T01:00:00.000Z,文京区,根津二丁目,JP,言問通り,113-0031
E8:D0:FC:4E:71:DE,konica_SWY0171,35.69145966,139.73805237,E8:D0:FC,13,wpa2,2021-09-25T12:00:00.000Z,2025-07-26T07:00:00.000Z,千代田区,九段南三丁目,JP,靖国通り,102-8275
E8:D0:FC:4E:71:DF,konica_SWY0031,35.70806885,139.76998901,E8:D0:FC,13,wpa2,2023-11-06T09:00:00.000Z,2025-02-03T08:00:00.000Z,文京区,上野二丁目,JP,春日通り,110-0005
E8:D0:FC:4E:71:E2,konica_SWY0444,35.6915741,139.67703247,E8:D0:FC,13,wpa2,2022-01-16T18:00:00.000Z,2026-01-20T02:00:00.000Z,中野区,弥生町,JP,花見橋通り,164-8622
E8:D0:FC:4E:71:E3,konica_SWY0231,35.72992325,139.70982361,E8:D0:FC,13,wpa2,2025-06-21T18:00:00.000Z,2025-06-21T13:00:00.000Z,豊島区,西池袋一丁目,JP,,171-8504
E8:D0:FC:4E:71:E6,konica_SWY0196,35.64318466,139.73457336,E8:D0:FC,13,wpa2,2001-01-01T09:00:00.000Z,2026-07-16T05:00:00.000Z,港区,白金一丁目,JP,桜田通り,1080074
E8:D0:FC:4E:71:E8,E8D0FC4E71E8,35.70103073,139.76237488,E8:D0:FC,13,wpa2,2023-08-21T10:00:00.000Z,2026-07-04T01:00:00.000Z,文京区,湯島一丁目,JP,外堀通り,113-8431
E8:D0:FC:4E:71:EA,konica_SWY0128,35.68149948,139.79905701,E8:D0:FC,13,wpa2,2025-03-21T09:00:00.000Z,2025-03-22T09:00:00.000Z,江東区,清澄三丁目,JP,清澄通り,1350022
E8:D0:FC:4E:71:EF,konica_SWY0194,35.66499329,139.73898315,E8:D0:FC,13,wpa2,2023-02-23T16:00:00.000Z,2025-11-04T04:00:00.000Z,港区,六本木二丁目,JP,高輪麻布線,107-6090
E8:D0:FC:4E:71:F5,konica_SWY0327,35.66362,139.82363892,E8:D0:FC,13,wpa2,2025-03-30T02:00:00.000Z,2025-04-05T04:00:00.000Z,江東区,新砂一丁目,JP,明治通り,137-8799
E8:D0:FC:4E:72:08,konica_SWY0133,35.69748688,139.67108154,E8:D0:FC,13,wpa2,2024-12-08T08:00:00.000Z,2026-04-23T23:00:00.000Z,中野区,本町六丁目,JP,青梅街道,164-0012
E8:D0:FC:4E:72:5E,C4050i,35.72677612,139.76829529,E8:D0:FC,13,none,2025-11-25T03:00:00.000Z,2025-11-25T04:00:00.000Z,台東区,谷中五丁目,JP,初音の道,110-0001
E8:D0:FC:4E:72:A7,konica_SWY0448,35.6688118,139.70491028,E8:D0:FC,13,wpa2,2023-12-10T16:00:00.000Z,2024-11-14T01:00:00.000Z,渋谷区,原宿,JP,表参道,150-0001
E8:D0:FC:4E:72:B8,konica_SWY0132,35.69797897,139.64810181,E8:D0:FC,13,wpa2,2020-10-17T12:00:00.000Z,2024-08-21T23:00:00.000Z,杉並区,梅里一丁目,JP,青梅街道,166-0003
E8:D0:FC:4E:72:BC,konica_SWY0083,35.64336395,139.73443604,E8:D0:FC,13,wpa2,2020-08-05T15:00:00.000Z,2026-02-02T04:00:00.000Z,港区,白金一丁目,JP,高輪麻布線,1080074
E8:D0:FC:4E:72:DE,konica_SWY0102,35.76261139,139.82633972,E8:D0:FC,13,wpa2,2021-08-19T10:00:00.000Z,2026-02-09T05:00:00.000Z,足立区,綾瀬三丁目,JP,,120-0005
E8:D0:FC:4E:72:FF,E8D0FC4E72FF,27.19660378,-80.25707245,E8:D0:FC,11,unknown,2021-06-30T12:00:00.000Z,2025-03-04T19:00:00.000Z,,FL,US,Southwest Federal Highway,34994
E8:D0:FC:4E:78:DE,S2060w-62642150,-26.90609932,-49.07588959,E8:D0:FC,11,unknown,2026-07-12T05:00:00.000Z,2026-07-21T07:00:00.000Z,Blumenau,Santa Catarina,BR,Rua São Paulo,89012-180
E8:D0:FC:4F:B8:99,S2080w-64637312,41.80989838,-71.3471756,E8:D0:FC,6,none,2024-05-30T18:00:00.000Z,2025-09-14T15:00:00.000Z,,RI,US,I 195,02914
E8:D0:FC:4F:C1:96,S2080w-64637259,41.02337646,-78.44017792,E8:D0:FC,6,unknown,2024-09-24T18:00:00.000Z,2024-09-24T12:00:00.000Z,,PA,US,East Locust Street,16830
E8:D0:FC:4F:C4:4A,S2080w-64637255,41.84286499,-71.41114807,E8:D0:FC,6,none,2026-03-31T16:00:00.000Z,2026-05-21T13:00:00.000Z,Providence,RI,US,I 95,02912
E8:D0:FC:50:37:3F,,39.22128677,-94.52827454,E8:D0:FC,6,wpa2,2026-07-11T12:00:00.000Z,2026-07-11T06:00:00.000Z,Kansas City,MO,US,North Kensington Avenue,64119
E8:D0:FC:51:EA:6A,,37.43153763,-120.7928772,E8:D0:FC,157,unknown,2024-09-04T02:00:00.000Z,2024-09-04T13:00:00.000Z,,CA,US,Danny Way,95315
E8:D0:FC:51:F3:57,,27.98941803,-82.68863678,E8:D0:FC,11,unknown,2025-11-04T22:00:00.000Z,2025-11-05T14:00:00.000Z,Palm Harbor,FL,US,South Bayshore Boulevard,34695
E8:D0:FC:52:4D:9D,,39.70399857,-86.39949036,E8:D0:FC,11,wpa2,2026-07-12T19:00:00.000Z,2026-07-12T16:00:00.000Z,,IN,US,Avon Avenue,46168
E8:D0:FC:52:5A:7D,,39.99583435,-85.9944458,E8:D0:FC,0,unknown,2024-06-17T09:00:00.000Z,2025-07-16T16:00:00.000Z,,IN,US,Cumberland Road,46060
E8:D0:FC:56:F8:55,,40.01780701,-85.68243408,E8:D0:FC,0,unknown,2024-04-06T05:00:00.000Z,2024-09-16T12:00:00.000Z,,IN,US,West 600 S,46013
E8:D0:FC:58:12:98,S2060w-62644730,35.24467468,-114.038414,E8:D0:FC,6,unknown,2025-09-19T23:00:00.000Z,2026-05-26T19:00:00.000Z,Kingman,AZ,US,Stockton Hill Road,86409
E8:D0:FC:58:12:E1,S2060w-62645081,9.99794483,-84.11624908,E8:D0:FC,6,unknown,2025-03-05T23:00:00.000Z,2025-03-05T18:00:00.000Z,Heredia,Provincia Heredia,CR,Avenida William H. Taft,40101
E8:D0:FC:58:14:F4,S2060w-62646172,44.67535782,22.53248405,E8:D0:FC,6,unknown,2025-06-11T13:00:00.000Z,2025-06-11T09:00:00.000Z,Drobeta-Turnu Severin,Mehedinți,RO,,220002
E8:D0:FC:5B:A2:8B,,20.90923119,-100.76123047,E8:D0:FC,52,wep,2025-08-21T21:00:00.000Z,2025-09-05T08:00:00.000Z,San Miguel de Allende,Guanajuato,MX,Avenida Colonial,37755
E8:D0:FC:5C:15:C9,,33.83295822,-118.03528595,E8:D0:FC,48,wep,2025-01-03T21:00:00.000Z,2025-01-03T14:00:00.000Z,,CA,US,Danny Avenue,90630
E8:D0:FC:5E:BF:87,,33.32900238,-111.8546524,E8:D0:FC,1,wep,2026-03-02T01:00:00.000Z,2026-07-05T19:00:00.000Z,Chandler,AZ,US,North Evergreen Street,85225
E8:D0:FC:5E:FA:D9,,34.75786591,-92.35958099,E8:D0:FC,165,wep,2025-09-19T13:00:00.000Z,2025-09-19T07:00:00.000Z,Little Rock,AR,US,Leawood Boulevard,72205
E8:D0:FC:5E:FC:99,,40.80242157,-74.12989807,E8:D0:FC,48,none,2026-07-23T21:00:00.000Z,2026-07-23T15:00:00.000Z,,NJ,US,Wilson Avenue,07071
E8:D0:FC:5F:1B:85,,51.77883148,19.47794533,E8:D0:FC,161,wep,2025-06-18T18:00:00.000Z,2025-06-26T13:00:00.000Z,,województwo łódzkie,PL,Pomorska,90-228
E8:D0:FC:5F:8F:0D,,42.277771,-83.75958252,E8:D0:FC,161,wep,2026-06-17T02:00:00.000Z,2026-06-22T05:00:00.000Z,Ann Arbor,MI,US,West Liberty Street,48104-1945
E8:D0:FC:60:37:E5,,40.46616745,-90.67616272,E8:D0:FC,44,wep,2026-01-09T17:00:00.000Z,2026-01-09T10:00:00.000Z,,IL,US,West Murray Street,61455
E8:D0:FC:61:3C:11,Flock,42.53008652,-83.2894516,E8:D0:FC,1,wpa2,2026-05-06T19:00:00.000Z,2026-05-06T14:00:00.000Z,,MI,US,West 14 Mile Road,48025
E8:D0:FC:61:52:E1,,39.96919632,-86.00640869,E8:D0:FC,11,unknown,2024-06-18T03:00:00.000Z,2025-07-16T18:00:00.000Z,,IN,US,Windsor Drive,46038
E8:D0:FC:61:53:17,,39.96960831,-86.00650787,E8:D0:FC,9,unknown,2024-09-17T02:00:00.000Z,2025-07-16T20:00:00.000Z,,IN,US,Windsor Drive,46038
E8:D0:FC:62:B2:81,,28.43021584,-81.30896759,E8:D0:FC,1,unknown,2026-05-31T17:00:00.000Z,2026-06-03T20:00:00.000Z,Orlando,FL,US,Departures,32827
E8:D0:FC:63:92:C1,,40.55620193,-74.41536713,E8:D0:FC,4,unknown,2026-03-29T15:00:00.000Z,2026-05-21T11:00:00.000Z,,NJ,US,Durham Avenue,07080
E8:D0:FC:63:9B:A3,,51.15872955,3.26107407,E8:D0:FC,0,unknown,2026-02-04T08:00:00.000Z,2026-02-04T01:00:00.000Z,,West-Vlaanderen,BE,Patersonstraat,8020
E8:D0:FC:63:F5:CD,,53.38233566,9.8000803,E8:D0:FC,0,unknown,2025-05-18T11:00:00.000Z,2025-08-26T06:00:00.000Z,,Niedersachsen,DE,Soltauer Straße,21629
E8:D0:FC:65:09:A7,,41.54171753,-84.22949982,E8:D0:FC,48,wep,2025-06-06T19:00:00.000Z,2025-07-09T16:00:00.000Z,,OH,US,Old Mill Run,43553
E8:D0:FC:65:2E:F7,,41.27753067,-111.95031738,E8:D0:FC,44,wep,2024-12-20T15:00:00.000Z,2024-12-23T17:00:00.000Z,Ogden,UT,US,North Mountain Road,84414
E8:D0:FC:66:C0:27,,38.67068481,-121.33662415,E8:D0:FC,44,wep,2024-09-30T07:00:00.000Z,2024-09-30T09:00:00.000Z,,CA,US,Garfield Avenue,95660
E8:D0:FC:67:37:87,,45.21750259,-85.00861359,E8:D0:FC,44,wep,2025-07-18T21:00:00.000Z,2025-07-29T11:00:00.000Z,,MI,US,Jefferson Street,49712
E8:D0:FC:68:3C:D3,,44.80854416,20.36512375,E8:D0:FC,44,wep,2024-12-17T06:00:00.000Z,2025-08-07T16:00:00.000Z,Београд,Централна Србија,RS,Магеланова,11000
E8:D0:FC:68:44:F9,,39.93588638,-82.48107147,E8:D0:FC,44,wep,2025-02-27T13:00:00.000Z,2025-02-28T08:00:00.000Z,,OH,US,6th Street,43008
E8:D0:FC:68:ED:31,,42.91345215,-78.90940094,E8:D0:FC,48,wep,2025-06-16T22:00:00.000Z,2025-06-16T18:00:00.000Z,,Ontario,CA,Niagara Boulevard,L2A 2M1
E8:D0:FC:68:F1:11,,53.62608719,-3.0121398,E8:D0:FC,157,wep,2026-06-18T17:00:00.000Z,2026-06-19T12:00:00.000Z,,England,GB,Liverpool Road,PR8 3BY
E8:D0:FC:69:B2:DD,,-37.90391922,145.3563385,E8:D0:FC,161,wep,2026-03-17T19:00:00.000Z,2026-03-26T11:00:00.000Z,Melbourne,Victoria,AU,Monbulk Road,3160
E8:D0:FC:69:D0:D9,Flock,33.29553223,-111.76367188,E8:D0:FC,1,wpa2,2026-05-11T05:00:00.000Z,2026-05-21T20:00:00.000Z,Gilbert,AZ,US,East Mary Lane,85295-2207
E8:D0:FC:69:D2:33,,34.51844788,-82.62533569,E8:D0:FC,3,unknown,2025-07-28T16:00:00.000Z,2025-07-28T13:00:00.000Z,Anderson,SC,US,Old Colony Road,29621
E8:D0:FC:6A:94:EF,,40.86103439,-74.03730011,E8:D0:FC,48,wep,2026-04-12T16:00:00.000Z,2026-04-12T09:00:00.000Z,,NJ,US,Hudson Street,07601
E8:D0:FC:6B:21:DF,,45.5308075,-92.97335052,E8:D0:FC,48,wep,2026-06-10T20:00:00.000Z,2026-06-10T16:00:00.000Z,,MN,US,Greenlawn Avenue,55056
E8:D0:FC:6B:5F:13,,40.37026596,-104.72411346,E8:D0:FC,44,unknown,2025-10-22T17:00:00.000Z,2025-10-23T21:00:00.000Z,,CO,US,Prairie View Drive,80631-6948
E8:D0:FC:6B:FA:31,,47.47438049,19.0377388,E8:D0:FC,149,wep,2025-09-20T09:00:00.000Z,2025-09-28T08:00:00.000Z,Budapest,Budapest,HU,Bartók Béla út,1113
E8:D0:FC:6C:40:9B,,40.9454155,-72.88492584,E8:D0:FC,4,unknown,2024-11-05T23:00:00.000Z,2024-11-05T17:00:00.000Z,,NY,US,Route 25A,11786
E8:D0:FC:6C:B9:57,,36.11218262,-115.23307037,E8:D0:FC,165,wep,2026-01-22T09:00:00.000Z,2026-01-22T01:00:00.000Z,,NV,US,Lori Court,89103-2250
E8:D0:FC:6C:E7:8F,,37.53525543,-120.86116028,E8:D0:FC,48,unknown,2025-05-26T19:00:00.000Z,2025-05-29T09:00:00.000Z,Turlock,CA,US,Traditions Way,95382
E8:D0:FC:6D:67:E9,,32.96295166,-96.69800568,E8:D0:FC,153,wep,2025-02-18T21:00:00.000Z,2025-03-08T09:00:00.000Z,Richardson,TX,US,Blake Drive,75081
E8:D0:FC:6D:F4:69,,43.59183121,-116.20444489,E8:D0:FC,36,wep,2026-03-04T09:00:00.000Z,2026-03-04T01:00:00.000Z,Boise,ID,US,South Federal Way,83705
E8:D0:FC:70:5A:DF,,34.28217316,-118.72855377,E8:D0:FC,44,wep,2024-10-01T01:00:00.000Z,2024-09-30T19:00:00.000Z,Simi Valley,CA,US,Ronald Reagan Freeway,93063-2364
E8:D0:FC:71:0F:31,,50.10137558,14.42893219,E8:D0:FC,40,wep,2025-03-24T08:00:00.000Z,2025-10-23T00:00:00.000Z,Hlavní město Praha,Praha,CZ,Veletržní,17000
E8:D0:FC:71:70:63,,40.7360611,-111.8796463,E8:D0:FC,153,none,2026-01-10T02:00:00.000Z,2026-01-09T20:00:00.000Z,Salt Lake City,UT,US,400 East,84115
E8:D0:FC:71:DF:E5,,45.52219772,-122.90300751,E8:D0:FC,44,wep,2025-02-27T06:00:00.000Z,2025-02-27T16:00:00.000Z,Hillsboro,OR,US,Northeast Kalahari Ridge Avenue,97124
E8:D0:FC:72:30:1B,,45.60124588,-73.60463715,E8:D0:FC,0,unknown,2025-07-21T10:00:00.000Z,2025-07-24T06:00:00.000Z,Montréal,Québec,CA,Boulevard Couture,H1R 2B6
E8:D0:FC:72:41:53,,53.72242355,91.44421387,E8:D0:FC,11,unknown,2026-04-15T12:00:00.000Z,2026-04-15T07:00:00.000Z,Абакан,Республика Хакасия,RU,проспект Ленина,655017
E8:D0:FC:73:A4:93,,40.78346252,-96.67041016,E8:D0:FC,44,wep,2026-07-02T15:00:00.000Z,2026-07-08T08:00:00.000Z,Lincoln,NE,US,Otoe Street,68506
E8:D0:FC:74:09:8D,,42.9875679,-76.34043884,E8:D0:FC,44,wep,2026-04-04T20:00:00.000Z,2026-04-04T18:00:00.000Z,,NY,US,North Street,13108
E8:D0:FC:74:14:BB,,45.73455811,21.23555756,E8:D0:FC,40,wep,2024-10-22T18:00:00.000Z,2024-10-24T13:00:00.000Z,Timișoara,Timiș,RO,Strada Martir Ioan Stanciu,300720
E8:D0:FC:74:A1:55,,27.89311409,-82.66039276,E8:D0:FC,165,unknown,2025-02-10T22:00:00.000Z,2025-02-10T18:00:00.000Z,Saint Petersburg,FL,US,Fountain Parkway North,33716
E8:D0:FC:74:A1:B3,,27.89296532,-82.66017151,E8:D0:FC,161,unknown,2025-09-23T21:00:00.000Z,2025-09-24T12:00:00.000Z,Saint Petersburg,FL,US,Fountain Parkway North,33716
E8:D0:FC:75:4E:D7,,47.07213211,-122.36808014,E8:D0:FC,48,wep,2025-06-24T20:00:00.000Z,2025-06-24T16:00:00.000Z,,WA,US,46th Avenue East,98387
E8:D0:FC:75:DA:87,,36.01462173,-115.31407166,E8:D0:FC,40,wep,2026-05-27T15:00:00.000Z,2026-05-28T14:00:00.000Z,,NV,US,,89141
E8:D0:FC:78:BF:15,,51.77495575,19.45257187,E8:D0:FC,40,wep,2026-04-19T11:00:00.000Z,2026-04-19T06:00:00.000Z,,województwo łódzkie,PL,Zachodnia,90-403
E8:D0:FC:78:E4:39,,33.32068253,-111.85342407,E8:D0:FC,44,wep,2025-12-10T23:00:00.000Z,2025-12-11T22:00:00.000Z,Chandler,AZ,US,West Ray Road,85225-7872
E8:D0:FC:79:6E:87,,41.9214325,-87.96629333,E8:D0:FC,48,wep,2025-05-21T20:00:00.000Z,2025-05-23T15:00:00.000Z,,IL,US,Kingery Highway,60106
E8:D0:FC:79:E8:23,,34.53850937,-77.40126038,E8:D0:FC,48,wep,2025-07-27T14:00:00.000Z,2025-07-27T07:00:00.000Z,,NC,US,Ennett Lane,28460
E8:D0:FC:79:EF:2F,,30.46572495,-84.3197937,E8:D0:FC,44,wep,2025-08-01T21:00:00.000Z,2025-08-01T14:00:00.000Z,Tallahassee,FL,US,Sharon Road,32303
E8:D0:FC:7A:37:45,,41.884758,-88.02973938,E8:D0:FC,11,wep,2025-07-03T02:00:00.000Z,2025-07-04T12:00:00.000Z,,IL,US,Crescent Boulevard,60148
E8:D0:FC:7A:75:3D,,40.86237335,-74.12263489,E8:D0:FC,48,wep,2025-01-23T17:00:00.000Z,2025-01-23T12:00:00.000Z,,NJ,US,Washington Place,07055
E8:D0:FC:7B:58:3D,,38.55939484,-121.48869324,E8:D0:FC,157,wep,2026-05-20T10:00:00.000Z,2026-05-22T00:00:00.000Z,Sacramento,CA,US,Freeport Boulevard,95818
E8:D0:FC:7D:F5:83,,51.03564072,-114.12805176,E8:D0:FC,48,wep,2025-10-14T22:00:00.000Z,2025-10-15T19:00:00.000Z,Calgary,Alberta,CA,28 Street SW,T3E 2J6
E8:D0:FC:7E:51:3D,,59.3537674,18.00148392,E8:D0:FC,44,wep,2025-11-09T05:00:00.000Z,2025-11-08T22:00:00.000Z,,Stockholms län,SE,Storgatan,171 63
E8:D0:FC:7E:9B:5B,,-27.59539604,151.86824036,E8:D0:FC,6,none,2026-06-23T04:00:00.000Z,2026-06-22T22:00:00.000Z,,Queensland,AU,Shoesmith Road,
E8:D0:FC:7E:A0:BD,,-27.6004467,151.88299561,E8:D0:FC,36,none,2026-06-23T04:00:00.000Z,2026-06-22T22:00:00.000Z,,Queensland,AU,Whitman Street,
E8:D0:FC:7F:40:F7,DIRECT-QODESKTOP-DGTUCJFms7H,-33.49058533,-70.66136169,E8:D0:FC,6,wpa2,2025-01-01T05:00:00.000Z,2025-01-04T18:00:00.000Z,San Miguel,Región Metropolitana de Santiago,CL,Avenida José Joaquín Prieto Vial,8460300
E8:D0:FC:80:D2:F7,,40.42198563,-111.87967682,E8:D0:FC,40,wep,2026-02-22T23:00:00.000Z,2026-02-26T12:00:00.000Z,Lehi,UT,US,I 15;US 89,84043
E8:D0:FC:81:78:A7,,40.34312057,-76.79199982,E8:D0:FC,165,wep,2024-09-14T11:00:00.000Z,2026-05-24T11:00:00.000Z,,PA,US,North Mountain Road,17112
E8:D0:FC:81:7F:EF,,46.39982986,-105.83304596,E8:D0:FC,44,wep,2026-06-22T22:00:00.000Z,2026-06-22T15:00:00.000Z,,MT,US,South Strevell Avenue,59301
E8:D0:FC:84:8E:A5,,52.08771133,4.27624083,E8:D0:FC,157,wep,2024-11-16T13:00:00.000Z,2024-11-16T05:00:00.000Z,Den Haag,Zuid-Holland,NL,Van Loostraat,2582XA
E8:D0:FC:85:ED:D5,,52.07613373,4.3773632,E8:D0:FC,165,wep,2026-04-22T11:00:00.000Z,2026-04-22T07:00:00.000Z,,Zuid-Holland,NL,Eemwijkstraat,2271RD
E8:D0:FC:85:EF:8F,,39.39596939,-86.55569458,E8:D0:FC,48,none,2026-06-28T13:00:00.000Z,2026-06-28T08:00:00.000Z,,IN,US,Liberty Street,46166
E8:D0:FC:86:1B:61,,52.36009216,4.93774176,E8:D0:FC,149,wep,2026-01-03T14:00:00.000Z,2026-07-06T07:00:00.000Z,Amsterdam,Noord-Holland,NL,Ambonplein,1094PW
E8:D0:FC:86:1C:D7,,40.50986862,-111.89940643,E8:D0:FC,149,wep,2026-01-22T17:00:00.000Z,2026-01-22T10:00:00.000Z,,UT,US,Galena Park Boulevard,84020
E8:D0:FC:86:23:77,,37.49612808,-120.8510437,E8:D0:FC,165,unknown,2026-05-24T17:00:00.000Z,2026-05-26T14:00:00.000Z,Turlock,CA,US,North Broadway Street,95381
E8:D0:FC:87:5B:67,,36.18893433,-115.06178284,E8:D0:FC,0,unknown,2025-05-14T19:00:00.000Z,2025-05-16T15:00:00.000Z,,NV,US,East Owens Avenue,89156
E8:D0:FC:88:17:E9,Cs_RvB,52.06003952,4.31456709,E8:D0:FC,36,wpa2,2025-04-07T15:00:00.000Z,2025-12-13T13:00:00.000Z,Den Haag,Zuid-Holland,NL,Neherkade,2521VX
E8:D0:FC:88:29:5B,,52.47569656,4.81201363,E8:D0:FC,48,wep,2026-02-05T11:00:00.000Z,2026-02-05T04:00:00.000Z,,Noord-Holland,NL,Lagedijk,1544BC
E8:D0:FC:88:4A:61,,-27.53343582,153.26654053,E8:D0:FC,149,wep,2024-09-19T06:00:00.000Z,2024-09-19T00:00:00.000Z,,Queensland,AU,Bloomfield Street,4163
E8:D0:FC:8C:52:F7,,40.17300415,-77.39966583,E8:D0:FC,48,wep,2026-07-24T15:00:00.000Z,2026-07-24T09:00:00.000Z,,PA,US,West Main Street,17241
E8:D0:FC:8C:91:D1,Flock,29.90546799,-81.3197937,E8:D0:FC,1,wpa2,2026-06-23T13:00:00.000Z,2026-06-29T18:00:00.000Z,,FL,US,Sebastian Avenue,32084
E8:D0:FC:8C:95:E7,,36.07235336,-115.20858002,E8:D0:FC,1,unknown,2026-07-17T00:00:00.000Z,2026-07-17T20:00:00.000Z,,NV,US,South Decatur Boulevard,89118
E8:D0:FC:8C:97:B5,Flock,29.90546989,-81.31981659,E8:D0:FC,1,wpa2,2026-06-23T13:00:00.000Z,2026-06-29T18:00:00.000Z,,FL,US,Sebastian Avenue,32084
E8:D0:FC:8C:99:99,Flock,29.90546608,-81.31980896,E8:D0:FC,1,wpa2,2026-06-23T13:00:00.000Z,2026-06-29T18:00:00.000Z,,FL,US,Sebastian Avenue,32084
E8:D0:FC:8D:CA:55,,30.11104393,-97.29607391,E8:D0:FC,0,unknown,2025-01-20T06:00:00.000Z,2025-01-20T12:00:00.000Z,,TX,US,Chestnut Street,78602
E8:D0:FC:90:2B:81,,41.62203979,-83.48623657,E8:D0:FC,44,wep,2026-03-22T18:00:00.000Z,2026-03-23T10:00:00.000Z,,OH,US,Brown Road,43616:43619
E8:D0:FC:90:5B:7B,,38.80880356,-94.48162842,E8:D0:FC,161,wep,2026-01-02T17:00:00.000Z,2026-01-02T09:00:00.000Z,Raymore,MO,US,Ridgeway Drive,64083
E8:D0:FC:92:17:55,,32.4034729,-110.96424866,E8:D0:FC,157,wep,2026-03-18T12:00:00.000Z,2026-04-10T20:00:00.000Z,,AZ,US,North Avenida Vallejo,85737
E8:D0:FC:92:9A:47,,38.97030258,-75.70022583,E8:D0:FC,153,none,2026-06-13T15:00:00.000Z,2026-06-13T13:00:00.000Z,,DE,US,Burnite Mill Road,19943
E8:D0:FC:92:B4:A7,,35.66386414,51.39097214,E8:D0:FC,44,wep,2025-01-05T14:00:00.000Z,2025-01-06T13:00:00.000Z,شهر تهران,شهرستان تهران,IR,داراب,1338964558
E8:D0:FC:92:F2:9B,,52.06055069,5.13206863,E8:D0:FC,153,wep,2025-04-08T09:00:00.000Z,2025-04-08T03:00:00.000Z,Utrecht,Utrecht,NL,Simplonbaan,3524GR
E8:D0:FC:93:1F:51,,-43.5207634,172.7059021,E8:D0:FC,44,wep,2026-07-13T05:00:00.000Z,2026-07-12T23:00:00.000Z,Christchurch,Canterbury,NZ,Breezes Road,8061
E8:D0:FC:95:E4:87,,51.36111069,-0.34666708,E8:D0:FC,161,wep,2025-08-03T19:00:00.000Z,2026-07-27T01:00:00.000Z,Elmbridge,England,GB,The Parade,KT10 0PD
E8:D0:FC:96:07:B5,,39.34918976,-76.54780579,E8:D0:FC,48,none,2026-05-23T18:00:00.000Z,2026-05-23T12:00:00.000Z,Baltimore,MD,US,Walther Avenue,21206
E8:D0:FC:96:21:4F,,42.25202942,-71.78895569,E8:D0:FC,36,wep,2025-06-26T12:00:00.000Z,2025-12-06T17:00:00.000Z,Worcester,MA,US,Barclay Street,01655
E8:D0:FC:96:2D:F7,,39.63381577,-119.68935394,E8:D0:FC,149,wep,2025-04-04T01:00:00.000Z,2025-04-03T23:00:00.000Z,,NV,US,Calle de Oro Parkway,89441
E8:D0:FC:96:39:67,,33.45227432,-111.79832458,E8:D0:FC,44,wep,2025-07-04T16:00:00.000Z,2025-09-18T09:00:00.000Z,Mesa,AZ,US,North Hunt Circle,85203
E8:D0:FC:97:0A:9F,,48.70103836,9.31442356,E8:D0:FC,48,wep,2025-06-07T20:00:00.000Z,2025-06-07T13:00:00.000Z,,Baden-Württemberg,DE,Boßlerstraße,73770
E8:D0:FC:98:4C:EB,Flock,59.3775444,17.96554375,E8:D0:FC,1,wpa2,2026-05-08T08:00:00.000Z,2026-05-08T02:00:00.000Z,,Stockholms län,SE,Rissneleden,174 52
E8:D0:FC:99:10:79,,38.45235825,-77.41580963,E8:D0:FC,1,unknown,2026-04-16T06:00:00.000Z,2026-05-28T15:00:00.000Z,,VA,US,Northampton Boulevard,22554
E8:D0:FC:9A:4A:0B,,38.19373703,-0.55948943,E8:D0:FC,165,wep,2025-05-31T10:00:00.000Z,2025-05-31T06:00:00.000Z,,Comunitat Valenciana,ES,Carrer Ramón y Cajal / Calle de Ramón y Cajal,03130
E8:D0:FC:9A:66:2B,,32.13419724,-110.77082062,E8:D0:FC,48,wep,2026-02-02T01:00:00.000Z,2026-02-15T03:00:00.000Z,Tucson,AZ,US,East Rose Hill Street,85747
E8:D0:FC:9A:C1:27,,35.57123184,-82.62743378,E8:D0:FC,40,wep,2025-01-05T17:00:00.000Z,2025-02-22T14:00:00.000Z,Asheville,NC,US,Lakeside Drive,28806
E8:D0:FC:9A:EF:53,,34.26322937,-118.60612488,E8:D0:FC,44,wep,2024-10-18T21:00:00.000Z,2024-10-18T16:00:00.000Z,Los Angeles,CA,US,Topanga Canyon Boulevard,91311-4127
E8:D0:FC:9B:17:37,,-43.29988861,172.56874084,E8:D0:FC,161,unknown,2025-10-15T00:00:00.000Z,2025-10-14T19:00:00.000Z,,Canterbury,NZ,Salisbury Avenue,7400
E8:D0:FC:9B:C8:F1,,44.50263596,-73.14742279,E8:D0:FC,1,wpa2,2026-06-30T13:00:00.000Z,2026-06-30T07:00:00.000Z,Essex,VT,US,Pearl Street,05439
E8:D0:FC:9D:4E:43,Flock,60.35736465,5.12775612,E8:D0:FC,1,wpa2,2026-06-30T13:00:00.000Z,2026-06-30T07:00:00.000Z,,Vestland,NO,Grønamyrvegen,5353
E8:D0:FC:9E:9D:C1,,45.62189102,-122.57711792,E8:D0:FC,44,wep,2025-01-31T21:00:00.000Z,2025-01-31T15:00:00.000Z,Vancouver,WA,US,East Mill Plain Boulevard,98664
E8:D0:FC:9E:DE:B9,,38.90514755,-78.18880463,E8:D0:FC,48,wep,2024-12-16T01:00:00.000Z,2024-12-15T18:00:00.000Z,,VA,US,Old Belmont Road,
E8:D0:FC:9E:FF:41,,46.82041931,-100.87975311,E8:D0:FC,40,none,2026-05-16T00:00:00.000Z,2026-05-15T18:00:00.000Z,,ND,US,Poplar Street,58554
E8:D0:FC:9F:31:61,,37.52774811,-120.8711319,E8:D0:FC,48,unknown,2026-05-12T19:00:00.000Z,2026-05-14T16:00:00.000Z,Turlock,CA,US,Oak Crest Drive,95382
E8:D0:FC:A1:A0:A5,,49.41254807,15.59592152,E8:D0:FC,44,wep,2026-05-06T16:00:00.000Z,2026-05-06T10:00:00.000Z,Jihlava,Jihovýchod,CZ,Alšova,58601
E8:D0:FC:A1:C4:A7,,37.90462494,-86.75410461,E8:D0:FC,44,wep,2025-06-11T13:00:00.000Z,2025-06-11T07:00:00.000Z,,KY,US,Harrison Street,42348
E8:D0:FC:A2:09:2D,,47.39878464,8.62792015,E8:D0:FC,48,wep,2025-12-02T13:00:00.000Z,2025-12-02T08:00:00.000Z,,Zürich,CH,Ueberlandstrasse,8600
E8:D0:FC:A2:1D:33,,55.71388626,12.53558159,E8:D0:FC,157,wep,2026-04-18T11:00:00.000Z,2026-04-18T06:00:00.000Z,,Region Hovedstaden,DK,Tuborgvej,2400
E8:D0:FC:A2:37:95,,33.99554062,-118.3138504,E8:D0:FC,149,wep,2024-11-10T22:00:00.000Z,2024-11-10T16:00:00.000Z,Los Angeles,CA,US,South Gramercy Place,90062
E8:D0:FC:A2:41:A3,,51.46417618,-0.10046276,E8:D0:FC,44,wep,2025-04-12T19:00:00.000Z,2025-04-12T12:00:00.000Z,,England,GB,Wingmore Road,SE24 0HJ
E8:D0:FC:A2:64:31,,39.5892601,-119.14522552,E8:D0:FC,48,wep,2025-01-28T16:00:00.000Z,2025-01-28T08:00:00.000Z,,NV,US,Mary Lou Lane,
E8:D0:FC:A2:FC:B3,,50.1178894,-122.95572662,E8:D0:FC,44,wep,2026-02-12T22:00:00.000Z,2026-02-12T15:00:00.000Z,,British Columbia,CA,Town Plaza,V0N 1B9
E8:D0:FC:A3:37:C1,,27.82832527,-82.69823456,E8:D0:FC,2,unknown,2025-04-14T22:00:00.000Z,2025-11-05T14:00:00.000Z,Pinellas Park,FL,US,62nd Avenue North,33781
E8:D0:FC:A3:39:CB,,42.96182632,-78.61670685,E8:D0:FC,1,wpa2,2026-07-10T16:00:00.000Z,2026-07-10T19:00:00.000Z,,NY,US,Wehrle Drive,14031
E8:D0:FC:A3:44:D7,,27.78094864,-82.69953156,E8:D0:FC,3,unknown,2025-09-12T20:00:00.000Z,2025-09-15T19:00:00.000Z,Saint Petersburg,FL,US,9th Avenue North,33713
E8:D0:FC:A4:C1:11,,41.74375153,-95.71012115,E8:D0:FC,153,wep,2025-12-31T02:00:00.000Z,2026-01-03T14:00:00.000Z,,IA,US,C Street,51579
E8:D0:FC:A5:C3:47,,27.84846878,-82.63689423,E8:D0:FC,0,unknown,2025-06-05T20:00:00.000Z,2025-06-06T00:00:00.000Z,Saint Petersburg,FL,US,84th Avenue North,33702
E8:D0:FC:A6:2E:D1,,42.26355743,-71.80445099,E8:D0:FC,44,wep,2025-08-24T21:00:00.000Z,2025-08-24T20:00:00.000Z,Worcester,MA,US,Chestnut Street,01608
E8:D0:FC:A6:46:49,,41.26966858,-84.38483429,E8:D0:FC,44,wep,2025-07-19T19:00:00.000Z,2025-11-21T07:00:00.000Z,,OH,US,Terrawenda Drive,43512
E8:D0:FC:A7:75:35,,42.38189697,-71.10689545,E8:D0:FC,1,wpa2,2026-06-03T22:00:00.000Z,2026-06-03T16:00:00.000Z,Somerville,MA,US,Park Street,02143
E8:D0:FC:A8:54:27,,45.56181717,-73.89364624,E8:D0:FC,0,unknown,2025-05-01T18:00:00.000Z,2025-05-07T15:00:00.000Z,,Québec,CA,Rue Dorion,J7P1Z8
E8:D0:FC:A9:22:09,DIRECT-NuDESKTOP-BD1I40QmsQD,-34.63114929,-58.46940231,E8:D0:FC,11,wpa2,2024-09-22T17:00:00.000Z,2024-09-26T05:00:00.000Z,Buenos Aires,Ciudad Autónoma de Buenos Aires,AR,Avenida San Pedrito,C1406GMD
E8:D0:FC:A9:9F:1B,,53.76891708,9.31904221,E8:D0:FC,0,unknown,2024-11-12T15:00:00.000Z,2024-11-12T08:00:00.000Z,,Niedersachsen,DE,Stader Straße,21737
E8:D0:FC:AA:27:11,,38.84214401,-77.07886505,E8:D0:FC,40,wep,2025-01-22T23:00:00.000Z,2025-01-23T22:00:00.000Z,Alexandria,VA,US,Martha Custis Drive,22302
E8:D0:FC:AA:32:DD,,59.31343842,18.19782448,E8:D0:FC,44,wep,2025-06-02T16:00:00.000Z,2025-06-02T09:00:00.000Z,,Stockholms län,SE,Edinsvägen,131 45
E8:D0:FC:AA:48:8F,,50.24086761,19.13829231,E8:D0:FC,153,wep,2025-11-04T12:00:00.000Z,2026-03-30T05:00:00.000Z,Mysłowice,województwo śląskie,PL,Oświęcimska,41-400
E8:D0:FC:AA:A0:99,e8:d0:fc:aa:a0:99,41.31380081,-81.74868011,E8:D0:FC,48,none,2026-04-13T19:00:00.000Z,2026-04-18T17:00:00.000Z,North Royalton,OH,US,Oakbrook Drive,44133
E8:D0:FC:AA:C8:37,,41.45828629,-75.85535431,E8:D0:FC,165,wep,2025-10-27T20:00:00.000Z,2025-10-27T18:00:00.000Z,,PA,US,PA 92,18615
E8:D0:FC:AB:50:9B,,50.39595413,-4.10934114,E8:D0:FC,149,wep,2025-05-02T14:00:00.000Z,2025-05-02T07:00:00.000Z,,England,GB,Frogmore Avenue,PL6 5XH
E8:D0:FC:AB:8F:5B,,44.56641388,-92.58070374,E8:D0:FC,44,wep,2025-10-06T19:00:00.000Z,2025-10-06T15:00:00.000Z,,MN,US,South Service Drive,55066
E8:D0:FC:AC:4F:0D,,45.64503479,-122.65566254,E8:D0:FC,161,wep,2026-02-23T22:00:00.000Z,2026-05-19T06:00:00.000Z,Vancouver,WA,US,East 33rd Street,98663
E8:D0:FC:AC:C0:61,,45.52412415,-73.60664368,E8:D0:FC,0,unknown,2025-04-23T19:00:00.000Z,2025-04-25T17:00:00.000Z,Montréal,Québec,CA,Avenue du Parc,H2V 4H3
E8:D0:FC:AD:CD:73,,45.65808105,-73.5167923,E8:D0:FC,0,unknown,2025-02-05T04:00:00.000Z,2025-02-07T15:00:00.000Z,Montréal,Québec,CA,Rue Cherrier,H1B 5T8
E8:D0:FC:AF:6B:7F,,41.28741074,-72.40040588,E8:D0:FC,48,wep,2026-05-22T21:00:00.000Z,2026-05-22T15:00:00.000Z,,CT,US,Boston Post Road,06475
E8:D0:FC:AF:CA:D7,DIRECT-OqGANSOU_KEIRI-PC5ADO,33.30540466,131.49516296,E8:D0:FC,11,wpa2,2025-03-21T08:00:00.000Z,2025-03-21T01:00:00.000Z,別府市,大分県,JP,国道500号,874-0910
E8:D0:FC:AF:F2:03,,40.67776871,-73.38952637,E8:D0:FC,1,unknown,2025-03-29T11:00:00.000Z,2025-03-29T06:00:00.000Z,,NY,US,Brookside Court,11726
E8:D0:FC:B0:B9:9D,,29.53253555,-98.73051453,E8:D0:FC,165,wep,2026-05-15T05:00:00.000Z,2026-05-14T22:00:00.000Z,,TX,US,Silver Mist Way,78254
E8:D0:FC:B0:E5:A9,,40.45542526,-79.91988373,E8:D0:FC,48,wep,2024-10-20T06:00:00.000Z,2024-10-19T23:00:00.000Z,Pittsburgh,PA,US,Denniston Street,15206
E8:D0:FC:B1:B0:9F,,34.21726608,-118.50515747,E8:D0:FC,161,wep,2025-03-13T16:00:00.000Z,2025-03-13T16:00:00.000Z,Los Angeles,CA,US,Lorne Street,91406
E8:D0:FC:B2:1E:69,,51.20578003,-3.48870277,E8:D0:FC,153,wep,2024-10-12T21:00:00.000Z,2024-10-24T14:00:00.000Z,Somerset West and Taunton,England,GB,Lower Park,TA24 8BU
E8:D0:FC:B3:1A:93,,36.3022995,-115.29447174,E8:D0:FC,40,wep,2025-10-24T20:00:00.000Z,2025-10-24T15:00:00.000Z,Las Vegas,NV,US,Careful Canvas Avenue,89159
E8:D0:FC:B3:4A:1F,Flock,36.61319733,-121.92710876,E8:D0:FC,1,wpa2,2026-06-05T00:00:00.000Z,2026-06-29T18:00:00.000Z,Pacific Grove,CA,US,Congress Avenue,93950
E8:D0:FC:B3:98:FB,E8:D0:FC:B3:98:FB,-27.59969711,151.87423706,E8:D0:FC,40,unknown,2026-06-23T03:00:00.000Z,2026-06-22T22:00:00.000Z,,Queensland,AU,Ferguson Road,
E8:D0:FC:B4:59:BD,,36.69044113,-121.64732361,E8:D0:FC,44,wep,2026-06-05T01:00:00.000Z,2026-06-05T11:00:00.000Z,Salinas,CA,US,East Bernal Drive,93906
E8:D0:FC:B4:EE:75,,33.89281082,-118.24276733,E8:D0:FC,48,wep,2024-12-04T21:00:00.000Z,2024-12-04T15:00:00.000Z,,CA,US,South Dwight Avenue,90220
E8:D0:FC:B7:2E:D7,,40.72974014,-74.06439972,E8:D0:FC,8,unknown,2025-07-02T15:00:00.000Z,2025-07-07T07:00:00.000Z,Jersey City,NJ,US,Newkirk Street,07306
E8:D0:FC:B7:E4:3F,,33.57232285,-112.06893158,E8:D0:FC,48,wep,2026-03-24T16:00:00.000Z,2026-03-24T14:00:00.000Z,Phoenix,AZ,US,East Carol Avenue,85020
E8:D0:FC:BA:02:35,,46.80059433,-100.79319,E8:D0:FC,44,wep,2025-12-26T22:00:00.000Z,2025-12-26T20:00:00.000Z,Bismarck,ND,US,East Indiana Avenue,58504
E8:D0:FC:BA:C4:0F,,36.22909927,-115.29919434,E8:D0:FC,161,wep,2026-05-19T18:00:00.000Z,2026-05-20T14:00:00.000Z,Las Vegas,NV,US,Sparkling Waters Avenue,89129
E8:D0:FC:BC:50:E5,,51.47776413,-0.19255935,E8:D0:FC,149,wep,2026-05-21T13:00:00.000Z,2026-06-17T04:00:00.000Z,London,England,GB,Harwood Road,SW6 4SE
E8:D0:FC:BC:D7:9F,,36.2262001,-115.28742981,E8:D0:FC,48,wep,2025-06-18T05:00:00.000Z,2025-06-17T23:00:00.000Z,Las Vegas,NV,US,West Gowan Road,89129
E8:D0:FC:BD:05:47,,52.71725082,-2.87165332,E8:D0:FC,48,wep,2025-02-03T13:00:00.000Z,2025-02-03T06:00:00.000Z,,England,GB,Manor Crest,SY5 9LG
E8:D0:FC:BD:16:D9,,52.23080444,6.85922098,E8:D0:FC,44,wep,2025-03-07T15:00:00.000Z,2025-12-07T07:00:00.000Z,Enschede,Overijssel,NL,Maanstraat,7521HB
E8:D0:FC:BD:26:DB,,42.54405212,-87.86933899,E8:D0:FC,149,none,2026-05-23T17:00:00.000Z,2026-05-23T15:00:00.000Z,,WI,US,Cooper Road,53158
E8:D0:FC:BE:FC:AF,,53.72782516,91.4380722,E8:D0:FC,13,unknown,2026-04-15T09:00:00.000Z,2026-04-15T07:00:00.000Z,Абакан,Республика Хакасия,RU,улица Кирова,655000
E8:D0:FC:BF:12:6F,ClickShare-1873217259,48.80285263,2.12375259,E8:D0:FC,36,wpa2,2024-09-14T15:00:00.000Z,2024-09-15T01:00:00.000Z,,Île-de-France,FR,Avenue de Nepveu Sud,78000
E8:D0:FC:BF:12:B9,Besprechungsraum A315,48.30683136,14.29702663,E8:D0:FC,36,wpa2,2022-02-14T09:00:00.000Z,2026-05-10T06:00:00.000Z,Linz,Oberösterreich,AT,Museumstraße,4020
E8:D0:FC:BF:12:DF,ClickShare-salle-de-reunion,45.74842072,4.8609376,E8:D0:FC,36,wpa2,2022-11-16T08:00:00.000Z,2025-10-16T23:00:00.000Z,Lyon,Auvergne-Rhône-Alpes,FR,Cours Albert Thomas,69003
E8:D0:FC:BF:13:45,ClickShare-1873215773,45.43741989,9.16694927,E8:D0:FC,1,wpa2,2022-08-06T20:00:00.000Z,2026-06-18T00:00:00.000Z,Milano,Lombardia,IT,Viale Famagosta,20142
E8:D0:FC:BF:13:5D,Clickshare-Amber,47.41321182,8.53293705,E8:D0:FC,36,wpa2,2019-12-08T16:00:00.000Z,2025-09-19T10:00:00.000Z,Zürich,Zürich,CH,Binzmühlestrasse,8050
E8:D0:FC:BF:13:6D,Clickshare-B140/4,48.17876816,16.40529823,E8:D0:FC,44,wpa2,2025-06-12T10:00:00.000Z,2025-07-22T07:00:00.000Z,Wien,St. Marx,AT,Leberstraße,
E8:D0:FC:BF:13:B1,,52.16627121,4.47978163,E8:D0:FC,36,wpa2,2025-01-14T13:00:00.000Z,2025-01-14T11:00:00.000Z,Leiden,Zuid-Holland,NL,Bargelaan,2333CX
E8:D0:FC:BF:13:DD,,42.88386917,-78.87272644,E8:D0:FC,40,wpa2,2021-08-03T14:00:00.000Z,2024-08-09T06:00:00.000Z,Buffalo,NY,US,East Eagle Street,14203
E8:D0:FC:BF:13:E5,,42.88083649,-78.8762207,E8:D0:FC,165,wpa2,2021-09-10T17:00:00.000Z,2026-06-24T19:00:00.000Z,Buffalo,NY,US,Pearl Street,14202
E8:D0:FC:BF:13:FB,STAT402-Clickshare,39.95103073,-75.19682312,E8:D0:FC,36,wpa2,2026-04-25T16:00:00.000Z,2026-05-11T20:00:00.000Z,Philadelphia,PA,US,Spruce Street,19104
E8:D0:FC:BF:14:43,ClickShare Bespr. E-101,52.36955643,9.73480511,E8:D0:FC,36,wpa2,2022-10-28T11:00:00.000Z,2025-04-06T06:00:00.000Z,Hannover,Niedersachsen,DE,Friedrichswall,30159
E8:D0:FC:BF:14:45,ClickShare-1873216550,52.36902237,9.73428059,E8:D0:FC,36,wpa2,2022-05-01T15:00:00.000Z,2025-12-02T13:00:00.000Z,Hannover,Niedersachsen,DE,Friedrichswall,30159
E8:D0:FC:BF:14:5B,ClickShare-1873216495,52.36907959,9.7343502,E8:D0:FC,36,wpa2,2022-12-06T19:00:00.000Z,2024-08-27T11:00:00.000Z,Hannover,Niedersachsen,DE,Friedrichswall,30159
E8:D0:FC:BF:14:85,CS_W04_BM71_OG2_R017,48.83095551,9.15442467,E8:D0:FC,1,wpa2,2024-11-24T14:00:00.000Z,2024-11-24T07:00:00.000Z,Stuttgart,Baden-Württemberg,DE,Anschützweg,70435
E8:D0:FC:BF:14:8D,ClickShare-JeanRey,50.8047905,4.368752,E8:D0:FC,44,wpa2,2022-06-11T14:00:00.000Z,2026-02-21T18:00:00.000Z,,Région de Bruxelles-Capitale - Brussels Hoofdstedelijk Gewest,BE,Avenue De Fré - De Frélaan,1180
E8:D0:FC:BF:14:AB,PALAU MACAYA,41.39940643,2.16923213,E8:D0:FC,36,wpa2,2024-10-23T18:00:00.000Z,2024-10-23T12:00:00.000Z,Barcelona,Catalunya,ES,Passeig de Sant Joan,08001
E8:D0:FC:BF:14:D9,ClickShareRaumAirbus,53.46362305,9.70611191,E8:D0:FC,1,wpa2,2024-07-24T11:00:00.000Z,2024-08-14T03:00:00.000Z,Buxtehude,Niedersachsen,DE,Lüneburger Schanze,21614
E8:D0:FC:BF:15:0D,Conference Room 1151,38.92745209,-94.66768646,E8:D0:FC,36,wpa2,2023-08-17T00:00:00.000Z,2026-01-25T23:00:00.000Z,Overland Park,KS,US,College Boulevard,66211-1508
E8:D0:FC:BF:15:23,CS_W04_BM71_OG2_R014,48.83102798,9.15361118,E8:D0:FC,1,wpa2,2024-11-24T14:00:00.000Z,2024-11-24T07:00:00.000Z,Stuttgart,Baden-Württemberg,DE,Lorenzstraße,70435
E8:D0:FC:BF:15:33,ClickShare-TOS Work Cafe,44.97683716,-93.26721191,E8:D0:FC,36,wpa2,2020-12-17T12:00:00.000Z,2025-07-22T12:00:00.000Z,Minneapolis,MN,US,South 6th Street,55402
E8:D0:FC:BF:15:57,ClickShare-1873215907,40.83900833,14.25021172,E8:D0:FC,36,wpa2,2025-01-02T15:00:00.000Z,2026-06-08T05:00:00.000Z,Napoli,Campania,IT,Via Santa Brigida,80132
E8:D0:FC:BF:15:5D,ClickShare,50.81318283,10.7312336,E8:D0:FC,3,wpa2,2020-11-01T14:00:00.000Z,2026-01-31T07:00:00.000Z,,Thüringen,DE,,99885
E8:D0:FC:BF:15:71,ClickShare Wagenfeld,52.49831772,13.31796455,E8:D0:FC,36,wpa2,2021-04-10T18:00:00.000Z,2026-04-20T22:00:00.000Z,Berlin,Charlottenburg-Wilmersdorf,DE,Pariser Straße,10707
E8:D0:FC:BF:15:8D,,42.87888336,-78.87631989,E8:D0:FC,36,wpa2,2023-03-11T17:00:00.000Z,2025-03-31T10:00:00.000Z,Buffalo,NY,US,Niagara Thruway,14204:14210
E8:D0:FC:BF:15:99,,42.49910736,-90.66624451,E8:D0:FC,36,wpa2,2025-02-28T00:00:00.000Z,2025-02-27T16:00:00.000Z,Dubuque,IA,US,Main Street,52001
E8:D0:FC:BF:15:E9,,52.16560364,4.48068285,E8:D0:FC,36,wpa2,2023-09-11T13:00:00.000Z,2025-10-21T09:00:00.000Z,Leiden,Zuid-Holland,NL,Bargelaan,2333CX
E8:D0:FC:BF:15:ED,ClickShare-BR3,51.95578384,7.0122509,E8:D0:FC,36,wpa2,2022-06-08T18:00:00.000Z,2024-11-02T17:00:00.000Z,Gescher,Nordrhein-Westfalen,DE,Fabrikstraße,48712
E8:D0:FC:BF:16:17,ClickShare-EmpowerU,32.98904037,-96.98157501,E8:D0:FC,36,wpa2,2020-11-22T13:00:00.000Z,2026-05-06T03:00:00.000Z,Lewisville,TX,US,Sam Rayburn Tollway,75019
E8:D0:FC:BF:16:1F,ClickShare-1873215876,40.8390274,14.25020504,E8:D0:FC,36,wpa2,2023-12-05T15:00:00.000Z,2025-01-15T00:00:00.000Z,Napoli,Campania,IT,Via Santa Brigida,80132
E8:D0:FC:BF:16:29,ClickShare-1862300256,44.44393158,26.06047249,E8:D0:FC,36,wpa2,2024-10-31T16:00:00.000Z,2025-04-02T06:00:00.000Z,Municipiul București,Sector 6,RO,Șoseaua Orhideelor,060071
E8:D0:FC:BF:16:5D,,52.4814682,13.43721676,E8:D0:FC,36,wpa2,2026-05-25T10:00:00.000Z,2026-05-25T10:00:00.000Z,Berlin,Donaukiez,DE,Donaustraße,12043
E8:D0:FC:BF:17:01,ClickShare-1873216254,47.36911011,8.53251934,E8:D0:FC,36,wpa2,2020-07-16T16:00:00.000Z,2025-04-05T09:00:00.000Z,Zürich,Zürich,CH,Tödistrasse,8022
E8:D0:FC:BF:17:17,ClickShare Bozar,50.8506813,4.36317635,E8:D0:FC,36,wpa2,2023-05-30T20:00:00.000Z,2026-04-08T22:00:00.000Z,Bruxelles - Brussel,Région de Bruxelles-Capitale - Brussels Hoofdstedelijk Gewest,BE,Rue Royale - Koningsstraat,1000
E8:D0:FC:BF:17:31,ClickShare-1873216341,24.70223618,46.69732666,E8:D0:FC,36,wpa2,2020-01-26T16:00:00.000Z,2026-07-23T08:00:00.000Z,,منطقة الرياض,SA,الأمير محمد بن عبدالعزيز,12242
E8:D0:FC:BF:17:6B,ClickShare - Sala de Juntas,41.49369431,2.07419538,E8:D0:FC,36,wpa2,2024-03-14T08:00:00.000Z,2025-03-29T02:00:00.000Z,,Catalunya,ES,Carrer de Mercè Vilaret,08190
E8:D0:FC:BF:17:73,CS Besprechung 239,48.30524445,14.29997158,E8:D0:FC,36,wpa2,2022-01-26T10:00:00.000Z,2025-06-28T12:00:00.000Z,Linz,Oberösterreich,AT,Gruberstraße,4020
E8:D0:FC:BF:17:77,ClickShare-1873216494,52.3690567,9.73429298,E8:D0:FC,36,wpa2,2020-07-27T11:00:00.000Z,2026-07-13T04:00:00.000Z,Hannover,Niedersachsen,DE,Friedrichswall,30159
E8:D0:FC:BF:17:8F,ClickShare - HR,45.45696259,9.18415928,E8:D0:FC,36,wpa2,2020-10-27T09:00:00.000Z,2026-05-04T10:00:00.000Z,Milano,Lombardia,IT,Via Molino delle Armi,20123
E8:D0:FC:BF:17:91,ClickShare-Verwaltung,48.79441833,9.22221375,E8:D0:FC,36,wpa2,2026-06-22T05:00:00.000Z,2026-06-21T23:00:00.000Z,Stuttgart,Baden-Württemberg,DE,Mercedesstraße,70372
E8:D0:FC:BF:17:B7,Sitzungszimmer-5-(A127),47.4024353,8.40035534,E8:D0:FC,36,wpa2,2023-01-20T23:00:00.000Z,2026-07-21T07:00:00.000Z,,Zürich,CH,Oberdorfstrasse,8953
E8:D0:FC:BF:18:25,ClickShare-1862303675,50.85218811,4.35643864,E8:D0:FC,36,wpa2,2023-04-19T16:00:00.000Z,2024-09-14T07:00:00.000Z,,Région de Bruxelles-Capitale - Brussels Hoofdstedelijk Gewest,BE,Place des Martyrs - Martelaarsplein,1000
E8:D0:FC:BF:18:41,ClickShare-1873216645,51.04605103,13.72695351,E8:D0:FC,36,wpa2,2021-12-28T17:00:00.000Z,2026-01-31T06:00:00.000Z,Dresden,Sachsen,DE,Polierstraße,01067
E8:D0:FC:BF:18:4F,ClickShare-Cayenne,50.54621124,12.79079342,E8:D0:FC,36,wpa2,2025-03-08T10:00:00.000Z,2025-04-25T10:00:00.000Z,Schwarzenberg/Erzgebirge,Sachsen,DE,Straße der Einheit,08340
E8:D0:FC:BF:18:8B,CS-LAT-BSR006,48.21354294,16.36456108,E8:D0:FC,36,wep,2024-09-21T10:00:00.000Z,2026-02-05T22:00:00.000Z,Wien,Schottenviertel,AT,Helferstorferstraße,1010
E8:D0:FC:BF:18:B3,ClickShare-1873216405,51.36148453,12.44655228,E8:D0:FC,36,wpa2,2020-07-02T12:00:00.000Z,2025-05-10T16:00:00.000Z,Leipzig,Sachsen,DE,Torgauer Straße,04347
E8:D0:FC:BF:18:BF,ClickShare-1201,48.11894226,11.59749222,E8:D0:FC,36,wpa2,2023-02-27T15:00:00.000Z,2026-07-15T14:00:00.000Z,München,Bayern,DE,Sankt-Martin-Straße,81541
E8:D0:FC:BF:18:EB,Konferenzr. GL,49.4007225,11.11956596,E8:D0:FC,36,wpa2,2024-11-22T13:00:00.000Z,2024-11-22T08:00:00.000Z,Nürnberg,Bayern,DE,Zollhausstraße,90469
E8:D0:FC:BF:18:EF,ClickShare-Producto y precio,41.39634705,2.15849853,E8:D0:FC,36,wpa2,2020-03-10T11:00:00.000Z,2025-01-01T01:00:00.000Z,Barcelona,Catalunya,ES,Avinguda Diagonal,08001
E8:D0:FC:BF:19:23,BAR.Canigo,41.39176559,2.13542962,E8:D0:FC,36,wpa2,2025-11-24T20:00:00.000Z,2025-11-24T13:00:00.000Z,Barcelona,Catalunya,ES,Avinguda Diagonal,08006
E8:D0:FC:BF:19:49,ClickShare-PROVENIA,51.05716324,13.72616291,E8:D0:FC,36,wpa2,2019-12-11T17:00:00.000Z,2025-03-26T09:00:00.000Z,Dresden,Sachsen,DE,Könneritzstraße,01067
E8:D0:FC:BF:19:51,ClickShare - Sala Disseny,41.39633942,2.15827608,E8:D0:FC,36,wpa2,2020-03-10T11:00:00.000Z,2026-02-26T08:00:00.000Z,Barcelona,Catalunya,ES,Avinguda Diagonal,08001
E8:D0:FC:BF:19:59,CH.5A.00.500.24,46.18859863,6.12813807,E8:D0:FC,44,wpa2,2023-04-22T00:00:00.000Z,2026-03-23T00:00:00.000Z,Genève,Genève,CH,Voie Centrale,1235
E8:D0:FC:BF:19:5B,ClickShare-Baumwolllager,52.42671204,7.0700407,E8:D0:FC,36,wpa2,2025-09-11T12:00:00.000Z,2025-10-17T00:00:00.000Z,,Niedersachsen,DE,NINO-Allee,48529
E8:D0:FC:BF:19:5F,ClickShare-Rosenhoehe,49.86246109,8.62721634,E8:D0:FC,36,wpa2,2025-02-27T16:00:00.000Z,2026-07-23T22:00:00.000Z,Darmstadt,Hessen,DE,Hilpertstraße,64295
E8:D0:FC:BF:19:65,Sala Riunioni,41.83705521,12.59554386,E8:D0:FC,36,wpa2,2024-10-24T18:00:00.000Z,2024-11-09T05:00:00.000Z,Roma,Lazio,IT,Via Cesare Polacco,00173
E8:D0:FC:BF:19:83,ClickShare-1873216115,35.66402817,139.70133972,E8:D0:FC,36,wpa2,2022-10-06T18:00:00.000Z,2025-06-21T09:00:00.000Z,渋谷区,神南一丁目,JP,ファイアー通り,150-8334
E8:D0:FC:BF:19:E7,Clickshare Technik Pratteln,47.52985764,7.68685484,E8:D0:FC,1,wpa2,2024-04-07T14:00:00.000Z,2026-07-17T13:00:00.000Z,,Basel-Landschaft,CH,Salinenstrasse,4133
E8:D0:FC:BF:19:EB,ClickShare 25.41.02.25,51.18616104,6.79817009,E8:D0:FC,36,wpa2,2020-05-04T10:00:00.000Z,2026-03-27T12:00:00.000Z,Düsseldorf,Nordrhein-Westfalen,DE,Universitätsstraße,40225
E8:D0:FC:BF:1A:09,Holmlia ClickShare,59.91704178,10.74781418,E8:D0:FC,36,wpa2,2023-07-30T21:00:00.000Z,2025-07-20T12:00:00.000Z,Oslo,St. Hanshaugen,NO,Grubbegata,0179
E8:D0:FC:BF:1A:1D,ClickShare-Room3,48.21019745,16.36877251,E8:D0:FC,40,wep,2023-11-18T21:00:00.000Z,2026-02-11T22:00:00.000Z,Wien,Widmerviertel,AT,Seitzergasse,1010
E8:D0:FC:BF:1A:33,ClickShare 25.41.02.30,51.18674088,6.79770756,E8:D0:FC,36,wpa2,2023-01-10T12:00:00.000Z,2025-04-14T13:00:00.000Z,Düsseldorf,Nordrhein-Westfalen,DE,Universitätsstraße,40225
E8:D0:FC:BF:1A:55,ClickShare-RaumR3.06,50.7506752,7.09110975,E8:D0:FC,36,wpa2,2001-01-01T00:00:00.000Z,2025-03-08T11:00:00.000Z,Bonn,Nordrhein-Westfalen,DE,Graurheindorfer Straße,53117
E8:D0:FC:BF:1A:69,ClickShare-Conference Room M,39.76322556,-86.15093231,E8:D0:FC,36,wpa2,2021-02-27T11:00:00.000Z,2025-02-25T15:00:00.000Z,Indianapolis,IN,US,Virginia Avenue,46204
E8:D0:FC:BF:1A:D9,,49.88430405,-97.14533234,E8:D0:FC,36,wpa2,2024-04-08T02:00:00.000Z,2026-03-22T07:00:00.000Z,Winnipeg,Manitoba,CA,Assiniboine Avenue,R3L 2T9
E8:D0:FC:BF:1A:E9,ClickShare-1863556163,51.24039078,-0.17093129,E8:D0:FC,36,wpa2,2024-03-23T14:00:00.000Z,2026-04-24T15:00:00.000Z,Reigate and Banstead,England,GB,St. Matthews Road,RH1 1HT
E8:D0:FC:BF:1A:F7,ChiomShareS1MI,45.46793747,9.18926525,E8:D0:FC,36,wpa2,2024-12-17T13:00:00.000Z,2025-11-18T15:00:00.000Z,Milano,Lombardia,IT,Via Giuseppe Verdi,20121
E8:D0:FC:BF:1A:FB,RC8465,45.05429459,9.65899372,E8:D0:FC,1,wpa2,2025-06-04T11:00:00.000Z,2025-06-04T05:00:00.000Z,Piacenza,Emilia-Romagna,IT,Via Primo Maggio,29100
E8:D0:FC:BF:1B:07,ClickShare - Pavilion Room ,50.83521652,-0.1420514,E8:D0:FC,36,wpa2,2026-01-18T11:00:00.000Z,2026-05-04T10:00:00.000Z,Brighton,England,GB,Ditchling Rise,BN1 4QL
E8:D0:FC:BF:1B:15,ClickShare Raum 516,52.51686096,13.32830715,E8:D0:FC,36,wpa2,2025-03-20T10:00:00.000Z,2025-03-20T09:00:00.000Z,Berlin,Charlottenburg-Wilmersdorf,DE,Gutenbergstraße,10587
E8:D0:FC:BF:1B:4D,,51.45851135,-0.97255576,E8:D0:FC,36,wpa2,2025-03-19T22:00:00.000Z,2025-03-20T12:00:00.000Z,,England,GB,,
E8:D0:FC:BF:1B:73,ClickShare-Marketing Director,45.45685577,9.18427372,E8:D0:FC,1,wpa2,2021-10-27T08:00:00.000Z,2026-05-04T10:00:00.000Z,Milano,Lombardia,IT,Via della Chiusa,20123
E8:D0:FC:BF:1B:81,CS W14 B10 OG3 Seminar8-1,48.90729141,9.22894096,E8:D0:FC,11,wpa2,2025-12-26T13:00:00.000Z,2025-12-27T01:00:00.000Z,,Baden-Württemberg,DE,L 1100,71642
E8:D0:FC:BF:1B:AD,ClickShare-1873216199,49.44730759,11.07005119,E8:D0:FC,36,wpa2,2024-11-21T03:00:00.000Z,2024-11-20T19:00:00.000Z,Nürnberg,Bayern,DE,Frauentorgraben,90402
E8:D0:FC:BF:1B:D5,ClickShare-Stadt Freital-2,51.01339722,13.66219997,E8:D0:FC,36,wpa2,2022-06-03T18:00:00.000Z,2025-09-03T10:00:00.000Z,,Sachsen,DE,Am Bahnhof,01705
E8:D0:FC:BF:1C:0B,CS-MUN-IT-1,48.14736938,11.57773495,E8:D0:FC,36,wpa2,2020-07-01T13:00:00.000Z,2026-07-20T20:00:00.000Z,München,Bayern,DE,Theresienstraße,80333
E8:D0:FC:BF:1C:43,ClickShare-Raum Hamburg,53.56428528,9.98937988,E8:D0:FC,36,wpa2,2024-12-26T17:00:00.000Z,2026-06-06T11:00:00.000Z,Hamburg,Rotherbaum,DE,Rothenbaumchaussee,20148
E8:D0:FC:BF:1C:4F,ClickShare-Obj382/200,48.1780777,16.40757942,E8:D0:FC,36,wpa2,2025-05-15T05:00:00.000Z,2025-05-30T08:00:00.000Z,Wien,St. Marx,AT,Leberstraße,
E8:D0:FC:BF:1C:89,ClickShare-1873215187,32.524189,-117.02094269,E8:D0:FC,36,wpa2,2023-04-27T16:00:00.000Z,2026-06-08T15:00:00.000Z,Tijuana,Baja California,MX,Boulevard General Rodolfo Sánchez Taboada,22010
E8:D0:FC:BF:1C:A9,ClickShare-Besprechungsraum,47.06894302,15.44641495,E8:D0:FC,36,wpa2,2022-07-21T12:00:00.000Z,2026-07-27T11:00:00.000Z,Graz,Steiermark,AT,Glacisstraße,8010
E8:D0:FC:BF:1C:B1,ClickShare-Luisenplatz,49.86228943,8.62733459,E8:D0:FC,1,wpa2,2023-11-22T16:00:00.000Z,2026-03-13T14:00:00.000Z,Darmstadt,Hessen,DE,Hilpertstraße,64295
E8:D0:FC:BF:1C:B5,ClickShare-1873216120,35.65546417,139.75762939,E8:D0:FC,36,wpa2,2020-03-13T18:00:00.000Z,2026-07-15T00:00:00.000Z,港区,浜松町二丁目,JP,モノレール浜松町,105-6190
E8:D0:FC:BF:1C:BB,ClickShare-TRO,52.1784668,21.00107956,E8:D0:FC,48,wpa2,2020-07-03T19:00:00.000Z,2025-11-18T10:00:00.000Z,Warszawa,województwo mazowieckie,PL,Marynarska,02-675
E8:D0:FC:BF:1C:C3,ClickShare-Titan,50.11054611,19.04953194,E8:D0:FC,36,wpa2,2026-07-09T09:00:00.000Z,2026-07-09T02:00:00.000Z,Tychy,województwo śląskie,PL,Turyńska,43-100
E8:D0:FC:BF:1C:C5,ClickShare-1873215917,40.83904266,14.25025654,E8:D0:FC,36,wpa2,2023-12-05T15:00:00.000Z,2025-03-22T10:00:00.000Z,Napoli,Campania,IT,Via Santa Brigida,80132
E8:D0:FC:BF:1C:F3,ClickShare-1873216317,48.14690781,11.45330811,E8:D0:FC,36,wpa2,2020-02-19T14:00:00.000Z,2026-06-16T02:00:00.000Z,München,Bayern,DE,Bodenseestraße,81241
E8:D0:FC:BF:1C:FF,ClickShare-Weisser Turm,49.86268234,8.62718105,E8:D0:FC,36,wpa2,2021-07-12T07:00:00.000Z,2026-06-28T04:00:00.000Z,Darmstadt,Hessen,DE,Deutsche-Telekom-Allee,64295
E8:D0:FC:BF:1D:0F,Ekspo,59.42568588,24.77897072,E8:D0:FC,36,wpa2,2022-10-15T16:00:00.000Z,2026-06-25T23:00:00.000Z,Tallinn,Harju maakond,EE,Tartu mnt,10112
E8:D0:FC:BF:1D:1F,ClickShare - Sala Barcelona,41.39647293,2.15914011,E8:D0:FC,36,wpa2,2022-01-04T16:00:00.000Z,2026-03-05T02:00:00.000Z,Barcelona,Catalunya,ES,Avinguda Diagonal,08001
E8:D0:FC:BF:1D:2B,,48.78791046,9.16381264,E8:D0:FC,36,wpa2,2024-04-24T12:00:00.000Z,2026-03-27T13:00:00.000Z,Stuttgart,Baden-Württemberg,DE,Azenbergstraße,70174
E8:D0:FC:BF:1D:4B,ClickShare-Mathildenhoehe,49.86212921,8.62724781,E8:D0:FC,2,wpa2,2026-03-13T20:00:00.000Z,2026-03-13T14:00:00.000Z,Darmstadt,Hessen,DE,Hilpertstraße,64295
E8:D0:FC:BF:1D:59,Clickshare - BG 1.23,51.20356369,4.44708157,E8:D0:FC,36,wpa2,2025-07-11T10:00:00.000Z,2026-07-26T01:00:00.000Z,,Antwerpen,BE,Berchemlei,2140
E8:D0:FC:BF:1D:95,ClickShare-DieAllee,48.30366898,14.28848648,E8:D0:FC,36,wpa2,2023-06-22T13:00:00.000Z,2026-05-01T08:00:00.000Z,Linz,Oberösterreich,AT,Landstraße,4020
E8:D0:FC:BF:1D:97,ClickShare Raum B.02.07 Beamer,50.85941696,7.09600067,E8:D0:FC,11,wpa2,2022-09-08T13:00:00.000Z,2024-10-31T10:00:00.000Z,Köln,Nordrhein-Westfalen,DE,A 59,51147
E8:D0:FC:BF:1D:9B,ClickShare-3GR31,48.80388641,2.32486749,E8:D0:FC,1,wpa2,2020-06-14T19:00:00.000Z,2025-10-01T23:00:00.000Z,,Île-de-France,FR,,77240
E8:D0:FC:BF:1D:A3,ClickShare-1863556182,48.70719528,9.30618191,E8:D0:FC,36,wpa2,2024-05-20T13:00:00.000Z,2026-05-19T09:00:00.000Z,,Baden-Württemberg,DE,Marie-Curie-Straße,73770
E8:D0:FC:C0:36:FF,ClickShare-1862345827,32.86749268,-96.94207764,E8:D0:FC,36,wpa2,2024-10-30T11:00:00.000Z,2026-06-23T10:00:00.000Z,Irving,TX,US,East John W Carpenter Freeway,75039
E8:D0:FC:C0:37:03,,55.83267593,-4.1696372,E8:D0:FC,40,wpa2,2025-10-08T12:00:00.000Z,2025-10-08T08:00:00.000Z,Glasgow,Alba / Scotland,GB,Fullarton Drive,G32 8FA
E8:D0:FC:C0:37:0D,ClickShare-Moterom Tarven,60.86237717,7.11061001,E8:D0:FC,40,wpa2,2022-07-20T17:00:00.000Z,2025-09-30T05:00:00.000Z,,Vestland,NO,Nedre Fretheim,5742
E8:D0:FC:C0:37:75,ClickShare-1862335301,46.79681778,-71.30541992,E8:D0:FC,36,wpa2,2026-04-16T18:00:00.000Z,2026-04-23T03:00:00.000Z,Québec,Québec,CA,Boulevard du Parc-Technologique,G1P 4S5
E8:D0:FC:C0:37:8B,ClickShare-1862310005,34.02393341,-118.4799881,E8:D0:FC,36,wpa2,2023-12-13T19:00:00.000Z,2024-11-03T15:00:00.000Z,Santa Monica,CA,US,17th Street,90292
E8:D0:FC:C0:37:8D,ClickShare-1862336194,35.69128036,139.75550842,E8:D0:FC,36,wpa2,2021-02-26T09:00:00.000Z,2025-06-02T04:00:00.000Z,千代田区,一ツ橋一丁目,JP,首都高速5号池袋線,100-0003
E8:D0:FC:C0:37:93,ClickShare2D-01,47.97694016,-122.20696259,E8:D0:FC,36,wpa2,2001-01-01T00:00:00.000Z,2026-06-05T22:00:00.000Z,Everett,WA,US,Wetmore Avenue,98120
E8:D0:FC:C0:37:9D,ClickShare-IT,52.94640732,-1.14538038,E8:D0:FC,36,wpa2,2001-01-01T01:00:00.000Z,2025-09-05T14:00:00.000Z,City of Nottingham,England,GB,Queen's Road,NG2 3DT
E8:D0:FC:C0:37:B7,ClickShare-01.011,49.47745132,8.47020721,E8:D0:FC,36,wpa2,2024-09-19T06:00:00.000Z,2024-09-21T11:00:00.000Z,Mannheim,Baden-Württemberg,DE,Glücksteinallee,68163
E8:D0:FC:C0:37:D7,ClickShare-Keomotion,48.8468895,2.37690258,E8:D0:FC,40,wpa2,2024-09-06T16:00:00.000Z,2026-02-22T06:00:00.000Z,Paris,Île-de-France,FR,,75012
E8:D0:FC:C0:37:DD,ClickShare-Økern,59.93141937,10.80083084,E8:D0:FC,36,wpa2,2025-06-26T14:00:00.000Z,2025-06-27T13:00:00.000Z,Oslo,Sinsenengen,NO,Lørentunnelen,0585
E8:D0:FC:C0:37:E5,ClickShare-Wasserkuppe,50.52929688,9.68539143,E8:D0:FC,9,wpa2,2021-12-04T14:00:00.000Z,2025-03-24T03:00:00.000Z,,Hessen,DE,Kohlhäuser Straße,36043
E8:D0:FC:C0:37:FF,ClickShare-1862341997,48.70048141,6.18638611,E8:D0:FC,36,wpa2,2024-11-02T17:00:00.000Z,2024-11-02T11:00:00.000Z,Nancy,Grand Est,FR,Rue Sigisbert Adam,54100
E8:D0:FC:C0:38:01,C. Th. Sørensen,55.67578888,12.57029915,E8:D0:FC,36,wpa2,2021-09-06T21:00:00.000Z,2026-03-03T15:00:00.000Z,København,Region Hovedstaden,DK,H.C. Andersens Boulevard,1550
E8:D0:FC:C0:38:0F,DFIT 30 Tripod,40.2344017,-76.72268677,E8:D0:FC,36,wpa2,2021-03-07T18:00:00.000Z,2026-02-21T01:00:00.000Z,,PA,US,Auburn Avenue,17057
E8:D0:FC:C0:38:15,,51.2409935,4.41196156,E8:D0:FC,36,wpa2,2025-10-17T13:00:00.000Z,2025-10-17T08:00:00.000Z,,Antwerpen,BE,Straatsburgbrug,2030
E8:D0:FC:C0:38:1D,ClickShare-Fjorden,59.91433716,10.80058479,E8:D0:FC,36,wpa2,2021-01-17T18:00:00.000Z,2026-06-21T06:00:00.000Z,Oslo,Helsfyr,NO,Grenseveien,0663
E8:D0:FC:C0:38:27,Mobile,47.06318665,15.44316196,E8:D0:FC,36,wpa2,2025-05-01T10:00:00.000Z,2026-07-27T11:00:00.000Z,Graz,Steiermark,AT,Conrad-von-Hötzendorf-Straße,8010
E8:D0:FC:C0:38:29,ClickShare-Møterom 501,59.91141891,10.7586565,E8:D0:FC,36,wpa2,2025-04-11T15:00:00.000Z,2026-06-23T01:00:00.000Z,Oslo,Barcode,NO,Schweigaards gate,0185
E8:D0:FC:C0:38:47,ClickShare-CXSJRQ,53.34625244,-6.24204016,E8:D0:FC,36,wpa2,2026-04-29T15:00:00.000Z,2026-04-29T10:00:00.000Z,Dublin,Leinster,IE,Sir John Rogerson's Quay,D02 XK09
E8:D0:FC:C0:38:49,Boardroom,59.31631088,18.05851555,E8:D0:FC,36,wpa2,2001-09-08T12:00:00.000Z,2025-08-06T09:00:00.000Z,,Stockholms län,SE,Wollmar Yxkullsgatan,117 26
E8:D0:FC:C0:38:55,ClickShare-1862336380,53.89890671,11.45944977,E8:D0:FC,36,wpa2,2025-03-29T16:00:00.000Z,2025-03-30T05:00:00.000Z,,Mecklenburg-Vorpommern,DE,Stockholmer Straße,23966
E8:D0:FC:C0:38:6F,Borough LG03,51.50110245,-0.09184071,E8:D0:FC,36,wpa2,2023-06-17T18:00:00.000Z,2025-11-26T11:00:00.000Z,London,England,GB,Long Lane,SE1 4AU
E8:D0:FC:C0:38:7F,Unicil-Prefecture1,43.29048538,5.37962437,E8:D0:FC,40,wpa2,2021-10-23T14:00:00.000Z,2026-07-03T07:00:00.000Z,Marseille,Provence-Alpes-Côte d'Azur,FR,Place de la Préfecture,13006
E8:D0:FC:C0:38:81,,39.27011871,-76.59716034,E8:D0:FC,36,wpa2,2023-07-27T17:00:00.000Z,2026-05-14T13:00:00.000Z,Baltimore,MD,US,East Fort Avenue,21230
E8:D0:FC:C0:38:83,ClickShare-1862366122,33.59762955,-7.61609459,E8:D0:FC,36,wpa2,2025-06-27T09:00:00.000Z,2025-06-27T06:00:00.000Z,Casablanca ⵜⴰⴷⴷⴰⵔⵜ ⵜⵓⵎⵍⵉⵍⵜ الدار البيضاء,Casablanca-Settat ⵜⵉⴳⵎⵉ ⵜⵓⵎⵍⵉⵍⵜ-ⵙⵟⵟⴰⵜ الدار البيضاء-سطات,MA,Boulevard Houphouët Boigny,20004
E8:D0:FC:C0:38:89,ClickShare-1862338030,57.70130157,11.95543289,E8:D0:FC,36,wpa2,2023-08-13T14:00:00.000Z,2025-11-28T07:00:00.000Z,Göteborg,Västra Götalands län,SE,Brogatan,411 18
E8:D0:FC:C0:38:8F,MR_3.006,55.7028656,12.59764385,E8:D0:FC,13,wpa2,2024-09-22T07:00:00.000Z,2024-09-22T01:00:00.000Z,København,Region Hovedstaden,DK,Marmorvej,2100
E8:D0:FC:C0:38:A3,AGC502,51.51208115,-0.09202117,E8:D0:FC,36,wpa2,2021-11-06T14:00:00.000Z,2025-01-16T08:00:00.000Z,City of London,England,GB,Queen Street,EC4R 1BR
E8:D0:FC:C0:38:A9,ClickShare-0.22 Buitenhof,51.88874435,5.60441446,E8:D0:FC,36,wpa2,2001-01-01T01:00:00.000Z,2025-02-13T10:00:00.000Z,,Gelderland,NL,Heuvel,6651DA
E8:D0:FC:C0:38:B7,Chefkontor i drift,55.67583466,12.57054615,E8:D0:FC,36,wpa2,2021-09-06T21:00:00.000Z,2026-03-03T15:00:00.000Z,København,Region Hovedstaden,DK,H.C. Andersens Boulevard,1550
E8:D0:FC:C0:38:BF,ClickShare-1862336937,47.52259827,7.60543919,E8:D0:FC,0,wpa2,2025-05-19T15:00:00.000Z,2025-07-30T06:00:00.000Z,,Basel-Landschaft,CH,Jurastrasse,4142
E8:D0:FC:C0:38:C9,ClickShare-1862364322,47.45547104,19.1044178,E8:D0:FC,36,wpa2,2024-09-16T05:00:00.000Z,2024-11-08T07:00:00.000Z,,Budapest,HU,Illatos út,1097
E8:D0:FC:C0:38:D7,Clickshare-BZ-Kreativ,47.79430008,9.61658955,E8:D0:FC,36,wpa2,2026-01-12T17:00:00.000Z,2026-01-12T09:00:00.000Z,,Baden-Württemberg,DE,Im Kammerbrühl,88212
E8:D0:FC:C0:38:EF,ClickShare-K54,60.18688202,24.91432762,E8:D0:FC,36,wpa2,2020-10-20T22:00:00.000Z,2026-06-03T07:00:00.000Z,Helsinki,Manner-Suomi,FI,Tavaststjernankatu,00250
E8:D0:FC:C0:38:F3,Lady Smith,55.95347214,-3.19188428,E8:D0:FC,36,wpa2,2023-10-25T04:00:00.000Z,2024-08-14T10:00:00.000Z,City of Edinburgh,Alba / Scotland,GB,South St Andrew Street,EH2 2AZ
E8:D0:FC:C0:38:F5,ClickShare-møterom,59.29314041,11.09554958,E8:D0:FC,36,wpa2,2022-11-21T19:00:00.000Z,2026-07-12T14:00:00.000Z,Sarpsborg,Viken,NO,Kirkeveien,1710
E8:D0:FC:C0:38:FF,ClickShare-1862336629,48.82688522,2.30661058,E8:D0:FC,36,wpa2,2026-07-06T12:00:00.000Z,2026-07-06T06:00:00.000Z,Paris,Île-de-France,FR,Rue Wilfrid Laurier,75014
E8:D0:FC:C0:39:01,ClickShare-1862336737,53.38173676,-2.34963298,E8:D0:FC,36,wpa2,2026-05-29T11:00:00.000Z,2026-05-29T06:00:00.000Z,Trafford,England,GB,Hale Road,WA14 2LT
E8:D0:FC:C0:39:25,ClickShare-OE1,51.51384354,-0.11777747,E8:D0:FC,36,wpa2,2022-05-19T09:00:00.000Z,2025-10-29T10:00:00.000Z,London,England,GB,Kingsway,WC2
E8:D0:FC:C0:39:4D,CCH Stephansdom,48.16644287,16.34629631,E8:D0:FC,36,wpa2,2024-03-17T07:00:00.000Z,2026-03-10T08:00:00.000Z,Wien,Triesterviertel,AT,Clemens-Holzmeister-Straße,1100
E8:D0:FC:C0:39:4F,ClickShare-1862336630,48.82722855,2.30781293,E8:D0:FC,36,wpa2,2021-10-31T18:00:00.000Z,2026-07-22T12:00:00.000Z,Paris,Île-de-France,FR,Boulevard Brune,75014
E8:D0:FC:C0:39:81,PAVS Demo2,53.33646774,-6.25707293,E8:D0:FC,36,wpa2,2022-09-11T17:00:00.000Z,2025-06-02T08:00:00.000Z,Dublin,Leinster,IE,St. Stephen's Green,D02 HK52
E8:D0:FC:C0:39:8B,CS-Salle de Réunion 1,48.89224243,2.44285655,E8:D0:FC,36,wpa2,2022-03-22T18:00:00.000Z,2024-08-15T03:00:00.000Z,,Île-de-France,FR,Rue Paul Vaillant-Couturier,93130
E8:D0:FC:C0:39:97,ClickShare-Homestyle,55.6801796,12.53370762,E8:D0:FC,36,wpa2,2021-03-14T09:00:00.000Z,2026-07-22T08:00:00.000Z,,Region Hovedstaden,DK,Sylows Alle,1861
E8:D0:FC:C0:39:9D,GF Small,59.31632614,18.0589447,E8:D0:FC,36,wpa2,2021-04-24T12:00:00.000Z,2025-02-14T04:00:00.000Z,,Stockholms län,SE,Wollmar Yxkullsgatan,117 26
E8:D0:FC:C0:39:A1,VIP Room 1,45.48135757,-73.58604431,E8:D0:FC,165,wpa2,2022-03-03T09:00:00.000Z,2026-07-22T15:00:00.000Z,Montréal,Québec,CA,Rue Saint-Antoine Ouest,H4C1C2
E8:D0:FC:C0:39:A7,Samtalsrum Grön,57.78187561,14.16270733,E8:D0:FC,36,wpa2,2021-12-03T10:00:00.000Z,2024-10-18T09:00:00.000Z,Jönköping,Jönköpings län,SE,Barnarpsgatan,553 16
E8:D0:FC:C0:39:C3,Conseil d'Etat,48.8702774,2.32704091,E8:D0:FC,36,wpa2,2022-02-22T16:00:00.000Z,2025-05-23T16:00:00.000Z,Paris,Île-de-France,FR,Rue de Sèze,75008
E8:D0:FC:C0:39:D9,ClickShare-1862341914,49.48534775,8.46327686,E8:D0:FC,36,wpa2,2022-12-11T09:00:00.000Z,2025-01-04T11:00:00.000Z,Mannheim,Baden-Württemberg,DE,,68159
E8:D0:FC:C0:39:EF,CCH Fanta,48.16753769,16.34697533,E8:D0:FC,36,wpa2,2024-03-18T13:00:00.000Z,2026-03-10T08:00:00.000Z,Wien,Triesterviertel,AT,Clemens-Holzmeister-Straße,1100
E8:D0:FC:C0:39:F3,-,51.0427742,3.72758937,E8:D0:FC,36,wpa2,2024-10-10T20:00:00.000Z,2024-10-10T15:00:00.000Z,,Oost-Vlaanderen,BE,Hoveniersberg,9000
E8:D0:FC:C0:3A:09,ClickShare-1862336563,53.33390427,-6.25779772,E8:D0:FC,36,wpa2,2022-06-12T16:00:00.000Z,2026-04-15T09:00:00.000Z,Dublin,Leinster,IE,Earlsfort Terrace,D02 K710
E8:D0:FC:C0:3A:23,Navistar,19.43878174,-99.20477295,E8:D0:FC,36,wpa2,2021-03-07T15:00:00.000Z,2025-09-26T13:00:00.000Z,Ciudad de México,Colonia Del Bosque,MX,Avenida Ferrocarril de Cuernavaca,11520
E8:D0:FC:C0:3A:31,ClickShare-1862335192,37.78882217,-122.40222168,E8:D0:FC,36,wpa2,2026-05-06T15:00:00.000Z,2026-05-06T21:00:00.000Z,San Francisco,CA,US,One Post Plaza,94107
E8:D0:FC:C0:3A:55,Conference Room,27.33566666,-82.53064728,E8:D0:FC,36,wpa2,2025-08-25T13:00:00.000Z,2025-08-25T06:00:00.000Z,Sarasota,FL,US,Ringling Boulevard,34237
E8:D0:FC:C0:3A:57,Small Room,50.84685135,4.37204075,E8:D0:FC,36,wpa2,2025-03-15T16:00:00.000Z,2025-12-11T23:00:00.000Z,Bruxelles - Brussel,Région de Bruxelles-Capitale - Brussels Hoofdstedelijk Gewest,BE,Rue Marie-Thérèse - Maria-Theresiastraat,1000
E8:D0:FC:C0:3A:87,ClickShare-1862335654,-23.59056282,-46.68162918,E8:D0:FC,36,wpa2,2021-10-30T20:00:00.000Z,2024-08-22T07:00:00.000Z,São Paulo,São Paulo,BR,Avenida Presidente Juscelino Kubitschek,04538-132
E8:D0:FC:C0:3A:A3,ClickShare-Mobile,59.30561066,18.13442039,E8:D0:FC,36,wpa2,2024-06-21T12:00:00.000Z,2026-04-12T04:00:00.000Z,,Stockholms län,SE,Järlaleden,131 38
E8:D0:FC:C0:3A:A5,ClickShare-1862337089,48.84693146,2.37395644,E8:D0:FC,36,wpa2,2022-09-29T08:00:00.000Z,2026-06-06T13:00:00.000Z,Paris,Île-de-France,FR,Rue Parrot,75012
E8:D0:FC:C0:3A:BF,Pike's Peak,39.60599136,-104.90419006,E8:D0:FC,36,wpa2,2025-06-09T18:00:00.000Z,2026-02-01T14:00:00.000Z,Centennial,CO,US,South Quebec Street,80111-2508
E8:D0:FC:C0:3A:CB,Nith,55.95379639,-3.19076753,E8:D0:FC,36,wpa2,2026-04-06T08:00:00.000Z,2026-04-07T09:00:00.000Z,City of Edinburgh,Alba / Scotland,GB,West Register Street,EH2 2AA
E8:D0:FC:C0:3A:CD,ClickShare-Limpopo,51.50616455,-0.025855,E8:D0:FC,36,wpa2,2025-07-25T12:00:00.000Z,2025-07-25T05:00:00.000Z,London,England,GB,Westferry Circus,E14 4HD
E8:D0:FC:C0:3A:E3,Lunchrum,57.69390106,11.91394043,E8:D0:FC,36,wpa2,2026-07-22T08:00:00.000Z,2026-07-22T01:00:00.000Z,Göteborg,Västra Götalands län,SE,Elof Lindälvs gata,415 55
E8:D0:FC:C0:3A:F9,Radermacherrummet,59.37054825,16.51338196,E8:D0:FC,40,wpa2,2024-03-15T11:00:00.000Z,2025-07-16T06:00:00.000Z,Eskilstuna,Södermanlands län,SE,Fristadstorget,63218
E8:D0:FC:C0:3B:09,Vergaderruimte-105,52.09408951,5.11002779,E8:D0:FC,48,wpa2,2020-11-03T21:00:00.000Z,2026-07-17T02:00:00.000Z,Utrecht,Utrecht,NL,Knipstraat,3511SX
E8:D0:FC:C0:3B:0D,ClickShare-lounge 1,55.46931458,12.17625237,E8:D0:FC,13,wpa2,2025-06-14T09:00:00.000Z,2025-06-14T04:00:00.000Z,,Region Sjælland,DK,Stensbjergvej,4600
E8:D0:FC:C0:3B:0F,ClickShare - T2.Meeting Room,51.53803253,-0.12759827,E8:D0:FC,36,wpa2,2026-04-28T07:00:00.000Z,2026-05-01T07:00:00.000Z,London,England,GB,Canal Reach,N1C 4BP
E8:D0:FC:C0:3B:33,Annesophie Hansen,55.67573929,12.56999302,E8:D0:FC,36,wpa2,2021-08-21T02:00:00.000Z,2026-06-16T00:00:00.000Z,København,Region Hovedstaden,DK,H.C. Andersens Boulevard,1550
E8:D0:FC:C0:3B:53,CCH Sustainability,48.16714478,16.34678268,E8:D0:FC,36,wpa2,2024-03-18T13:00:00.000Z,2025-10-21T23:00:00.000Z,Wien,Triesterviertel,AT,Clemens-Holzmeister-Straße,1100
E8:D0:FC:C0:3B:55,ClickShare-1862339607,64.74956512,20.95493126,E8:D0:FC,36,wpa2,2025-01-29T16:00:00.000Z,2025-02-26T09:00:00.000Z,,Västerbottens län,SE,Storgatan,93130
E8:D0:FC:C0:3B:57,ClickShare-Bioscoopzaal,51.71961594,5.3461566,E8:D0:FC,36,wpa2,2021-10-03T21:00:00.000Z,2025-03-15T09:00:00.000Z,,Noord-Brabant,NL,,5241NH
E8:D0:FC:C0:3B:61,,57.70918274,11.99214745,E8:D0:FC,36,wpa2,2026-03-22T16:00:00.000Z,2026-03-22T12:00:00.000Z,Göteborg,Västra Götalands län,SE,Johan Willins Gata,416 64
E8:D0:FC:C0:3B:89,ClickShare-David's Office,45.42068481,-75.63140106,E8:D0:FC,36,wpa2,2023-05-15T15:00:00.000Z,2026-02-03T05:00:00.000Z,Ottawa,Ontario,CA,Highway 417,K1J 1A1
E8:D0:FC:C0:3B:97,ClickShare-1862341415,52.49660492,13.35801601,E8:D0:FC,36,wpa2,2003-03-02T15:00:00.000Z,2026-06-03T09:00:00.000Z,Berlin,Tempelhof-Schöneberg,DE,Winterfeldtstraße,10781
E8:D0:FC:C0:3B:A7,ClickShare-1862338324,47.35948944,8.54929256,E8:D0:FC,36,wpa2,2025-04-08T11:00:00.000Z,2025-04-08T09:00:00.000Z,Zürich,Zürich,CH,Bellerivestrasse,8008
E8:D0:FC:C0:3B:AD,Projectruimte 2.160,52.15634537,5.38469076,E8:D0:FC,36,wpa2,2022-04-13T13:00:00.000Z,2026-03-27T15:00:00.000Z,Amersfoort,Utrecht,NL,Stadhuisplein,3811LM
E8:D0:FC:C0:3B:B5,ClickShare-Grote vergaderzaal,52.25422668,4.63770914,E8:D0:FC,36,wpa2,2023-06-12T15:00:00.000Z,2026-05-01T07:00:00.000Z,,Noord-Holland,NL,Eurolaan,2153PK
E8:D0:FC:C0:3B:BF,ClickShare Markets,59.91081238,10.72314072,E8:D0:FC,36,wpa2,2026-07-06T17:00:00.000Z,2026-07-22T09:00:00.000Z,Oslo,Aker brygge,NO,Munkedamsveien,0250
E8:D0:FC:C0:3B:CD,3,42.66911697,23.33096695,E8:D0:FC,36,wpa2,2021-11-04T20:00:00.000Z,2025-12-08T02:00:00.000Z,София,София-град,BG,бул. Никола Й. Вапцаров,1416
E8:D0:FC:C0:3B:D3,ClickShare-1862309255,42.20504761,-84.55450439,E8:D0:FC,36,wpa2,2026-03-28T18:00:00.000Z,2026-03-28T14:00:00.000Z,,MI,US,West Main Street,49283
E8:D0:FC:C0:3B:D7,ClickShare-Studio B,33.45246506,-112.07045746,E8:D0:FC,36,wpa2,2022-06-21T16:00:00.000Z,2025-02-22T14:00:00.000Z,Phoenix,AZ,US,North 3rd Street,85004
E8:D0:FC:C0:3B:EB,ClickShare-Workshop_2_3,40.43975449,-79.99777985,E8:D0:FC,149,wpa2,2026-06-03T19:00:00.000Z,2026-06-03T13:00:00.000Z,Pittsburgh,PA,US,Fifth Avenue,15222
E8:D0:FC:C0:3B:ED,ClickShare-1862365108,47.20806122,7.53569412,E8:D0:FC,36,wpa2,2022-01-13T15:00:00.000Z,2025-07-31T14:00:00.000Z,,Solothurn,CH,Gurzelngasse,4502
E8:D0:FC:C0:3B:F5,Sala Comedor 2 ,-12.09723759,-77.0214386,E8:D0:FC,3,wpa2,2026-02-18T03:00:00.000Z,2026-02-18T12:00:00.000Z,San Isidro,Lima,PE,Avenida Enrique Canaval y Moreyra,AN ISIDRO 15036
E8:D0:FC:C0:3C:29,1.2,52.35759735,4.898417,E8:D0:FC,36,wpa2,2026-04-21T14:00:00.000Z,2026-04-21T07:00:00.000Z,Amsterdam,Noord-Holland,NL,Nicolaas Berchemstraat,1073AZ
E8:D0:FC:C0:3C:3F,Mobile VC 1,47.55113602,7.59502172,E8:D0:FC,1,wpa2,2023-02-05T19:00:00.000Z,2026-07-05T15:00:00.000Z,Basel,Basel-Stadt,CH,Aeschenplatz,4010
E8:D0:FC:C0:3C:6F,,48.21399307,16.42160606,E8:D0:FC,36,wpa2,2024-12-09T22:00:00.000Z,2024-12-09T14:00:00.000Z,Wien,KG Leopoldstadt,AT,Handelskai,1020
E8:D0:FC:C0:3C:81,ClickShare-1862310635,26.10206795,-80.13889313,E8:D0:FC,36,wpa2,2026-02-08T00:00:00.000Z,2026-03-11T18:00:00.000Z,Fort Lauderdale,FL,US,Southeast 4th Avenue,33316
E8:D0:FC:C0:3C:9B,ClickShare-1862309946,37.53741837,-77.43099213,E8:D0:FC,149,wpa2,2025-10-25T21:00:00.000Z,2025-10-25T16:00:00.000Z,Richmond,VA,US,East Grace Street,23219
E8:D0:FC:C0:3C:9F,ClickShare-1862335312,29.84256744,-95.49410248,E8:D0:FC,36,wpa2,2022-03-25T23:00:00.000Z,2026-07-15T09:00:00.000Z,Houston,TX,US,Northwest Freeway HOV,77092
E8:D0:FC:C0:3C:DF,MR_1.020,55.70309067,12.59818935,E8:D0:FC,7,wpa2,2024-09-22T07:00:00.000Z,2024-09-22T01:00:00.000Z,København,Region Hovedstaden,DK,Marmorvej,2100
E8:D0:FC:C0:3D:13,ClickShare-1862338337,47.18081665,8.45998478,E8:D0:FC,36,wpa2,2023-02-24T19:00:00.000Z,2025-02-16T03:00:00.000Z,Cham,Zug,CH,Lorzenuferweg,6330
E8:D0:FC:C0:3D:15,ClickShare-1862336158,53.0560379,6.72985268,E8:D0:FC,36,wpa2,2026-03-23T13:00:00.000Z,2026-03-23T08:00:00.000Z,,Drenthe,NL,De Wolden,9468CB
E8:D0:FC:C0:3D:25,ClickShare-1862335772,49.28553391,-123.12366486,E8:D0:FC,165,wpa2,2021-05-14T11:00:00.000Z,2026-07-23T22:00:00.000Z,Vancouver,British Columbia,CA,West Georgia Street,V6E
E8:D0:FC:C0:3D:49,ClickShare-1862336348,53.34751892,-6.2349391,E8:D0:FC,36,wpa2,2023-10-16T12:00:00.000Z,2025-12-10T07:00:00.000Z,Dublin,Leinster,IE,New Wapping Street,D01 F7X3
E8:D0:FC:C0:3D:4F,Sitzungszimmer 4.OG klein,47.36490631,8.55376434,E8:D0:FC,36,wpa2,2024-06-07T06:00:00.000Z,2025-03-25T06:00:00.000Z,Zürich,Zürich,CH,Kreuzbühlstrasse,8008
E8:D0:FC:C0:3D:51,ClickShare-1862336198,50.11320877,8.66251087,E8:D0:FC,36,wpa2,2024-10-27T11:00:00.000Z,2024-10-27T08:00:00.000Z,Frankfurt am Main,Hessen,DE,Westendplatz,60325
E8:D0:FC:C0:3D:53,ClickShare-1862337925,47.04685211,8.31467533,E8:D0:FC,36,wpa2,2024-11-05T12:00:00.000Z,2024-11-05T04:00:00.000Z,Luzern,Luzern,CH,,6002
E8:D0:FC:C0:3D:57,MR_0.036,55.70264816,12.59980202,E8:D0:FC,6,wpa2,2024-08-26T17:00:00.000Z,2024-09-22T01:00:00.000Z,København,Region Hovedstaden,DK,Pakhuskaj,2150
E8:D0:FC:C0:3D:71,Istappen,57.70926285,11.99226952,E8:D0:FC,36,wpa2,2026-03-22T16:00:00.000Z,2026-03-22T12:00:00.000Z,Göteborg,Västra Götalands län,SE,Johan Willins Gata,416 64
E8:D0:FC:C0:3D:9B,ClickShare-EG,47.36746216,8.53774643,E8:D0:FC,36,wpa2,2025-02-12T12:00:00.000Z,2025-03-09T10:00:00.000Z,Zürich,Zürich,CH,Dreikönigstrasse,8002
E8:D0:FC:C0:3D:A5,,36.4066925,-86.37120056,E8:D0:FC,161,wpa2,2025-08-11T15:00:00.000Z,2025-08-13T18:00:00.000Z,,TN,US,,
E8:D0:FC:C0:3D:BB,ClickShare-Salle A247,48.86369324,2.33996248,E8:D0:FC,36,wpa2,2023-02-07T19:00:00.000Z,2025-10-30T05:00:00.000Z,Paris,Île-de-France,FR,Rue Croix des Petits Champs,75001
E8:D0:FC:C0:3D:BD,Clickshare-Grande-SDR,48.86745071,2.22857928,E8:D0:FC,7,wpa2,2025-06-26T19:00:00.000Z,2025-12-23T02:00:00.000Z,,Île-de-France,FR,Quai Léon Blum,92150
E8:D0:FC:C0:3D:C3,G2.2b,55.75831223,12.51603889,E8:D0:FC,40,wpa2,2022-06-20T21:00:00.000Z,2026-07-12T22:00:00.000Z,,Region Hovedstaden,DK,Lagergårdsvej,2820
E8:D0:FC:C0:3D:D5,ClickShare - Meeting Room 2,51.4037323,-0.25740623,E8:D0:FC,48,wpa2,2025-08-19T09:00:00.000Z,2025-08-30T11:00:00.000Z,London,England,GB,The Cut,KT3 4QE
E8:D0:FC:C0:3D:ED,ClickShare-1862335094,28.48453331,-80.80405426,E8:D0:FC,36,wpa2,2026-04-29T13:00:00.000Z,2026-04-29T07:00:00.000Z,,FL,US,Grissom Parkway,32926:32927
E8:D0:FC:C0:3D:F7,ClickShare-1862341658,59.43553543,24.75500298,E8:D0:FC,36,wpa2,2022-10-05T10:00:00.000Z,2025-02-03T06:00:00.000Z,Tallinn,Harju maakond,EE,Estonia pst,10143
E8:D0:FC:C0:3E:37,Huddle Space 1,46.08895874,-64.77560425,E8:D0:FC,48,wpa2,2022-04-21T17:00:00.000Z,2026-05-23T15:00:00.000Z,Moncton,New Brunswick / Nouveau-Brunswick,CA,Rue principale / Main Street,E1C 1C6
E8:D0:FC:C0:3E:3F,ClickShare-Empowered,55.66854858,12.57151508,E8:D0:FC,48,wpa2,2021-05-16T10:00:00.000Z,2026-04-13T10:00:00.000Z,København,Region Hovedstaden,DK,Bernstorffsgade,1568
E8:D0:FC:C0:3E:41,Medium Conference Room FL3,47.62859344,-122.1704483,E8:D0:FC,36,wpa2,2022-10-15T15:00:00.000Z,2026-03-25T12:00:00.000Z,Bellevue,WA,US,Northup Way,98005
E8:D0:FC:C0:3E:53,Sala Paracas,-12.09470749,-77.02165222,E8:D0:FC,8,wpa2,2024-12-30T23:00:00.000Z,2026-02-18T12:00:00.000Z,San Isidro,Lima,PE,Avenida República de Panamá,AN ISIDRO 15036
E8:D0:FC:C0:3E:59,CS-Vennemeyer,39.95771408,-82.98568726,E8:D0:FC,36,wpa2,2021-05-23T07:00:00.000Z,2026-06-16T07:00:00.000Z,Columbus,OH,US,East Main Street,43215
E8:D0:FC:C0:3E:A3,4,42.66939926,23.33086967,E8:D0:FC,36,wpa2,2023-06-18T13:00:00.000Z,2025-07-17T06:00:00.000Z,София,София-град,BG,бул. Никола Й. Вапцаров,1416
E8:D0:FC:C0:3E:D1,Darden Conference Room,33.88752365,-84.46921539,E8:D0:FC,36,wpa2,2025-10-10T22:00:00.000Z,2025-10-16T11:00:00.000Z,,GA,US,Circle 75 Parkway Trail,30339
E8:D0:FC:C0:3E:D7,SALON TEMIS,14.5996933,-90.5110321,E8:D0:FC,157,wpa2,2024-08-16T19:00:00.000Z,2024-08-16T17:00:00.000Z,Ciudad de Guatemala,Departamento de Guatemala,GT,6a Avenida,1010
E8:D0:FC:C0:3E:E9,ClickShare-Profit,60.16957474,24.94161415,E8:D0:FC,36,wpa2,2022-04-26T16:00:00.000Z,2025-02-06T06:00:00.000Z,Helsinki,Manner-Suomi,FI,Kaivokatu,00101
E8:D0:FC:C0:3E:EB,,49.88600922,-97.14655304,E8:D0:FC,36,wpa2,2026-03-22T13:00:00.000Z,2026-03-22T07:00:00.000Z,Winnipeg,Manitoba,CA,Assiniboine Avenue,R3L 2T9
E8:D0:FC:C0:3E:F3,ClickShare-1862316643,40.16313171,-105.05548859,E8:D0:FC,36,wpa2,2024-04-05T01:00:00.000Z,2024-09-23T18:00:00.000Z,,CO,US,East County Line Road,80501-4919
E8:D0:FC:C0:3E:F5,,48.85142517,2.34776258,E8:D0:FC,36,wpa2,2024-04-02T16:00:00.000Z,2025-12-23T08:00:00.000Z,Paris,Île-de-France,FR,Rue Lagrange,75005
E8:D0:FC:C0:3F:1B,ClickShare-1862335468,45.41162872,-75.63007355,E8:D0:FC,36,wpa2,2021-11-08T10:00:00.000Z,2024-11-23T15:00:00.000Z,(Old) Ottawa,Ontario,CA,St-Laurent Boulevard,K1G 4A2
E8:D0:FC:C0:3F:49,ClickShare-1862341950,48.87467194,2.31919241,E8:D0:FC,36,wpa2,2022-12-22T15:00:00.000Z,2026-05-26T06:00:00.000Z,Paris,Île-de-France,FR,,75008
E8:D0:FC:C0:3F:5B,Open Area,42.50479889,-71.1272583,E8:D0:FC,36,wpa2,2024-06-10T22:00:00.000Z,2026-06-27T11:00:00.000Z,Woburn,MA,US,Mishawum Road,01801
E8:D0:FC:C0:3F:67,ClickShare2C-01,47.97738266,-122.20646667,E8:D0:FC,36,wpa2,2021-04-04T13:00:00.000Z,2026-04-27T16:00:00.000Z,Everett,WA,US,Pacific Avenue,98120
E8:D0:FC:C0:3F:71,ClickShare-Front Board Room ,32.78474808,-79.95128632,E8:D0:FC,36,wpa2,2024-05-18T12:00:00.000Z,2025-02-25T17:00:00.000Z,Charleston,SC,US,Ashley Avenue,29425
E8:D0:FC:C0:3F:89,Clickshare-Burkhardt,50.55307007,9.64499855,E8:D0:FC,36,wpa2,2022-10-02T08:00:00.000Z,2025-08-01T12:00:00.000Z,,Hessen,DE,Glenn-Miller-Straße,36041
E8:D0:FC:C0:3F:93,ClickShare-1862309806,30.1826725,-81.63140869,E8:D0:FC,36,wpa2,2024-04-09T13:00:00.000Z,2026-02-03T04:00:00.000Z,Jacksonville,FL,US,I 295,32257
E8:D0:FC:C0:3F:9B,MR_2.042,55.70471191,12.60421753,E8:D0:FC,8,wpa2,2024-08-26T17:00:00.000Z,2024-09-22T01:00:00.000Z,København,Region Hovedstaden,DK,Gdanskgade,2150
E8:D0:FC:C0:3F:9F,ClickShare-1862310626,34.02125931,-118.47885132,E8:D0:FC,36,wpa2,2024-02-11T21:00:00.000Z,2026-01-29T21:00:00.000Z,Santa Monica,CA,US,Olympic Boulevard,90404
E8:D0:FC:C0:3F:A1,RWK 2.06,52.04192734,4.33841038,E8:D0:FC,36,wpa2,2020-12-04T13:00:00.000Z,2025-04-15T09:00:00.000Z,,Zuid-Holland,NL,Burgemeester Elsenlaan,2288BH
E8:D0:FC:C0:3F:AD,ClickShare-1862335308,33.45667648,-112.0730896,E8:D0:FC,36,wpa2,2025-02-22T20:00:00.000Z,2026-03-17T13:00:00.000Z,Phoenix,AZ,US,East McKinley Street,85004-1905
E8:D0:FC:C0:3F:BF,ClickShare-1862310121,33.66664124,-117.68772125,E8:D0:FC,36,wpa2,2023-12-21T17:00:00.000Z,2024-10-24T20:00:00.000Z,,CA,US,Commercentre Drive,92630
E8:D0:FC:C0:3F:C7,Salle Conférence,46.87129974,-71.19793701,E8:D0:FC,36,wpa2,2023-12-04T19:00:00.000Z,2026-06-11T02:00:00.000Z,Québec,Québec,CA,Rue Cambronne,G1C 4N6
E8:D0:FC:C0:3F:E1,Fagerhult,57.90675354,14.0789566,E8:D0:FC,40,wpa2,2023-04-22T22:00:00.000Z,2026-06-04T05:00:00.000Z,,Jönköpings län,SE,Jönköpingsvägen,566 32
E8:D0:FC:C0:3F:E3,Clickshare-1862366489,45.47067261,9.20536041,E8:D0:FC,36,wpa2,2022-05-16T17:00:00.000Z,2026-06-22T14:00:00.000Z,Milano,Lombardia,IT,Viale Luigi Majno,20219
E8:D0:FC:C0:40:0F,Clickshare-DCHR,32.96841812,-96.92248535,E8:D0:FC,36,wpa2,2025-03-14T16:00:00.000Z,2025-03-14T09:00:00.000Z,Carrollton,TX,US,Sandy Lake Road,75006
E8:D0:FC:C0:40:2D,A.1.7,55.727108,12.57915401,E8:D0:FC,36,wpa2,2022-02-09T07:00:00.000Z,2025-05-08T12:00:00.000Z,,Region Hovedstaden,DK,Tuborg Boulevard,2900
E8:D0:FC:C0:40:33,SALA 8,41.38780212,2.12702465,E8:D0:FC,40,wpa2,2021-03-25T06:00:00.000Z,2026-02-26T08:00:00.000Z,Barcelona,Catalunya,ES,Avinguda Diagonal,08008
E8:D0:FC:C0:40:3D,MR_0.034,55.7049675,12.60417652,E8:D0:FC,5,wpa2,2024-08-26T17:00:00.000Z,2024-09-22T01:00:00.000Z,København,Region Hovedstaden,DK,Gdanskgade,2150
E8:D0:FC:C0:40:4D,ClickShare-The-Bridge,47.36965561,8.54458046,E8:D0:FC,36,wpa2,2026-07-13T17:00:00.000Z,2026-07-13T12:00:00.000Z,Zürich,Zürich,CH,Oberdorfstrasse,8001
E8:D0:FC:C0:40:55,MR_3.020,55.70287704,12.59767818,E8:D0:FC,2,wpa2,2024-09-22T07:00:00.000Z,2024-09-22T01:00:00.000Z,København,Region Hovedstaden,DK,Marmorvej,2100
E8:D0:FC:C0:40:5F,Metallurgen-ClickShare,58.29959488,12.31169033,E8:D0:FC,36,wpa2,2025-01-29T08:00:00.000Z,2026-05-19T12:00:00.000Z,,Västra Götalands län,SE,Stallbackavägen,46138
E8:D0:FC:C0:40:6B,ClickShare_CFRM_02,24.67856216,46.70212936,E8:D0:FC,36,wpa2,2026-03-22T14:00:00.000Z,2026-07-14T16:00:00.000Z,,منطقة الرياض,SA,عبد العزيز بن مساعد بن جلوي,11526
E8:D0:FC:C0:40:73,,39.87556458,-83.04306793,E8:D0:FC,1,wpa2,2025-03-31T10:00:00.000Z,2025-03-31T04:00:00.000Z,,OH,US,Stringtown Road,43123
E8:D0:FC:C0:40:8D,ClickShare--GZ-320,47.55310822,7.54599333,E8:D0:FC,36,wpa2,2025-01-23T10:00:00.000Z,2025-01-23T03:00:00.000Z,,Basel-Landschaft,CH,Allmendstrasse,4123
E8:D0:FC:C0:40:93,ClickShare-LIS11M09,38.7267952,-9.14938641,E8:D0:FC,36,wpa2,2021-05-08T20:00:00.000Z,2026-03-02T09:00:00.000Z,Lisboa,Lisboa,PT,Avenida Fontes Pereira de Melo,1069-114
E8:D0:FC:C0:40:A7,ClickShare-Lime,54.56202316,-1.30592811,E8:D0:FC,1,wpa2,2022-05-21T12:00:00.000Z,2025-10-22T07:00:00.000Z,,England,GB,Saint Mark's Court,TS17 6DF
E8:D0:FC:C0:40:C3,Sammanträdesrum A,59.32426453,14.5173645,E8:D0:FC,36,wpa2,2023-03-10T16:00:00.000Z,2024-08-28T22:00:00.000Z,,Örebro län,SE,E 18;243,69132
E8:D0:FC:C0:40:E3,Sandbanks,50.74142838,-1.95224559,E8:D0:FC,36,wpa2,2022-06-18T19:00:00.000Z,2025-05-25T09:00:00.000Z,,England,GB,Old Wareham Road,BH12 3JN
E8:D0:FC:C0:40:E7,ClickShare-1862335285,38.92467117,-77.23026276,E8:D0:FC,36,wpa2,2024-12-10T10:00:00.000Z,2024-12-10T14:00:00.000Z,,VA,US,International Drive,22102
E8:D0:FC:C0:40:ED,SALLE NEW-YORK,48.87143707,2.28430796,E8:D0:FC,36,wpa2,2025-06-08T06:00:00.000Z,2025-06-07T23:00:00.000Z,Paris,Île-de-France,FR,Rue de Lasteyrie,75116
E8:D0:FC:C0:40:F3,ClickShare-Curea,46.95396805,9.56302929,E8:D0:FC,36,wpa2,2025-03-26T10:00:00.000Z,2025-10-04T03:00:00.000Z,,Graubünden/Grischun/Grigioni,CH,,7206
E8:D0:FC:C0:40:FF,CCH Sprite,48.16662979,16.34622002,E8:D0:FC,36,wpa2,2024-03-17T07:00:00.000Z,2026-02-03T07:00:00.000Z,Wien,Triesterviertel,AT,Clemens-Holzmeister-Straße,1100
E8:D0:FC:C0:41:25,Clickshare-4349CR1-Tweed,48.86987686,2.32742095,E8:D0:FC,36,wpa2,2022-04-18T17:00:00.000Z,2025-05-23T16:00:00.000Z,Paris,Île-de-France,FR,Boulevard de la Madeleine,75001
E8:D0:FC:C0:41:37,Sala Aurelia - Sinelec,45.44690323,9.20565701,E8:D0:FC,36,wpa2,2021-10-13T19:00:00.000Z,2024-12-23T13:00:00.000Z,Milano,Lombardia,IT,Viale Isonzo,20135
E8:D0:FC:C0:41:3F,Kamer 0.17,52.15694809,5.38299131,E8:D0:FC,36,wpa2,2022-04-04T22:00:00.000Z,2026-07-22T14:00:00.000Z,Amersfoort,Utrecht,NL,Stadsring,3811HM
E8:D0:FC:C0:41:41,Oak Clickshare,51.11047363,-0.86571407,E8:D0:FC,36,wpa2,2025-09-06T09:00:00.000Z,2025-09-06T04:00:00.000Z,,England,GB,Woolmer Way,GU35 9QE
E8:D0:FC:C0:41:57,Kimmeridge,50.74108505,-1.95323789,E8:D0:FC,36,wpa2,2024-09-08T14:00:00.000Z,2024-09-08T07:00:00.000Z,,England,GB,Old Wareham Road,BH12 3JN
E8:D0:FC:C0:41:5B,ClickShare-1862339737,52.21077347,5.26902294,E8:D0:FC,36,wpa2,2020-07-18T20:00:00.000Z,2025-09-05T02:00:00.000Z,,Utrecht,NL,Amsterdamsestraatweg,3744MA
E8:D0:FC:C0:41:7D,DAV Besprechungsraum  1 CS,48.17803955,11.59182549,E8:D0:FC,5,wpa2,2024-01-16T15:00:00.000Z,2025-09-28T06:00:00.000Z,München,Bayern,DE,Anni-Albers-Straße,80807
E8:D0:FC:C0:41:99,NAC Canada Boardroom,43.47148132,-80.49849701,E8:D0:FC,36,wpa2,2023-04-24T19:00:00.000Z,2026-07-12T06:00:00.000Z,Waterloo,Ontario,CA,Terrystone Walk,N2J 3R5
E8:D0:FC:C0:41:9B,RIUNIONI_MIAMO,45.47039795,9.20576954,E8:D0:FC,36,wpa2,2022-03-26T21:00:00.000Z,2026-06-22T14:00:00.000Z,Milano,Lombardia,IT,Viale Luigi Majno,20219
E8:D0:FC:C0:41:C1,ClickShare Viljo,60.3326683,23.38914871,E8:D0:FC,1,wpa2,2001-01-01T02:00:00.000Z,2026-07-25T06:00:00.000Z,Salo,Manner-Suomi,FI,Marttilantie,25110
E8:D0:FC:C0:41:C5,ConfRoomA,40.56610489,-75.51931,E8:D0:FC,36,wpa2,2025-08-15T19:00:00.000Z,2025-08-15T20:00:00.000Z,Allentown,PA,US,South Cedar Crest Boulevard,18105
E8:D0:FC:C0:41:E3,Pittsburgh Office,40.42822266,-79.97173309,E8:D0:FC,40,wpa2,2020-09-07T13:00:00.000Z,2025-02-22T17:00:00.000Z,Pittsburgh,PA,US,East Carson Street,15203
E8:D0:FC:C0:41:E9,Almi Stora Konferansrummet,56.04813766,12.69043255,E8:D0:FC,36,wpa2,2022-03-06T11:00:00.000Z,2026-07-03T13:00:00.000Z,Helsingborg,Skåne län,SE,Sundstorget,252 21
E8:D0:FC:C0:41:F1,ClickShare-1862361197,49.12081909,9.21671009,E8:D0:FC,8,wpa2,2001-01-01T00:00:00.000Z,2026-06-16T02:00:00.000Z,Heilbronn,Baden-Württemberg,DE,Ferdinand-Braun-Straße,74074
E8:D0:FC:C0:42:79,ClickShare-Medienraum,48.1231575,14.87108898,E8:D0:FC,36,wpa2,2025-07-20T13:00:00.000Z,2025-07-20T07:00:00.000Z,Gemeinde Amstetten,Niederösterreich,AT,Hauptplatz,3300
E8:D0:FC:C0:42:83,ClickShare-Espace-crea,48.10287476,-1.67805696,E8:D0:FC,48,wpa2,2023-08-29T16:00:00.000Z,2025-01-10T03:00:00.000Z,Rennes,Bretagne,FR,Boulevard du Colombier,35000
E8:D0:FC:C0:42:8F,Tweed Room,55.95362473,-3.19065619,E8:D0:FC,36,wpa2,2026-04-06T08:00:00.000Z,2026-04-06T10:00:00.000Z,City of Edinburgh,Alba / Scotland,GB,West Register Street,EH2 2AA
E8:D0:FC:C0:42:AF,sessions Galleri 13,55.67372894,12.57618809,E8:D0:FC,36,wpa2,2022-12-06T09:00:00.000Z,2024-12-31T07:00:00.000Z,København,Region Hovedstaden,DK,Ny Kongensgade,1472
E8:D0:FC:C0:42:B9,CS-Besprechungsraum-Vorstand,50.55321884,9.64501381,E8:D0:FC,48,wpa2,2022-09-30T19:00:00.000Z,2026-05-04T08:00:00.000Z,,Hessen,DE,Glenn-Miller-Straße,36041
E8:D0:FC:C0:42:BF,Besprechung_3,48.70675278,9.64077854,E8:D0:FC,36,wpa2,2025-10-17T05:00:00.000Z,2025-10-17T03:00:00.000Z,,Baden-Württemberg,DE,Reuschstraße,73033
E8:D0:FC:C0:42:C5,Sportiff,59.33176422,18.0800724,E8:D0:FC,1,wpa2,2002-12-09T10:00:00.000Z,2025-08-20T02:00:00.000Z,Stockholm,Stockholms län,SE,Strandvägen,104 40
E8:D0:FC:C0:42:D3,ClickShare-Dune,46.22275543,-64.52102661,E8:D0:FC,36,wpa2,2026-06-12T19:00:00.000Z,2026-06-12T13:00:00.000Z,,New Brunswick / Nouveau-Brunswick,CA,Main Street,E4P 2G9
E8:D0:FC:C0:42:DD,ClickShare-Ambrosius,52.21211624,5.19651842,E8:D0:FC,36,wpa2,2021-08-08T14:00:00.000Z,2026-07-10T04:00:00.000Z,,Noord-Holland,NL,Oostereind,1213NJ
E8:D0:FC:C0:42:EB,Chan Chan,50.84007263,4.36849022,E8:D0:FC,36,wpa2,2022-04-23T09:00:00.000Z,2026-07-22T04:00:00.000Z,Bruxelles - Brussel,Région de Bruxelles-Capitale - Brussels Hoofdstedelijk Gewest,BE,Rue du Luxembourg - Luxemburgstraat,1000
E8:D0:FC:C0:42:EF,ClickShare-1862335364,4.6648984,-74.05941772,E8:D0:FC,36,wpa2,2025-10-24T19:00:00.000Z,2026-07-05T14:00:00.000Z,Bogotá,Localidad Chapinero,CO,Carrera 16A,110221
E8:D0:FC:C0:42:F5,Chamber,42.95968628,-85.67368317,E8:D0:FC,36,wpa2,2023-09-30T22:00:00.000Z,2026-03-07T22:00:00.000Z,Grand Rapids,MI,US,Cherry Street Southwest,49503
E8:D0:FC:C0:43:07,Vergaderkamer 4,52.09244919,5.15174675,E8:D0:FC,1,wpa2,2023-12-26T02:00:00.000Z,2026-01-21T07:00:00.000Z,Utrecht,Utrecht,NL,Pythagoraslaan,3584BT
E8:D0:FC:C0:43:1F,ClickShare-B151,48.86384583,2.33844161,E8:D0:FC,36,wpa2,2024-03-27T12:00:00.000Z,2025-04-11T13:00:00.000Z,Paris,Île-de-France,FR,Rue du Colonel Driant,75001
E8:D0:FC:C0:43:2D,Barcelona_794_Barco,51.1955452,11.96656895,E8:D0:FC,40,wpa2,2025-07-28T19:00:00.000Z,2025-07-29T17:00:00.000Z,,Sachsen-Anhalt,DE,Langendorfer Straße,06667
E8:D0:FC:C0:43:3F,ClickShare-1862310178,37.53775787,-77.43086243,E8:D0:FC,153,wpa2,2025-10-25T21:00:00.000Z,2025-10-25T16:00:00.000Z,Richmond,VA,US,East Grace Street,23219
E8:D0:FC:C0:43:4B,ClickShare-1862335822,53.57511139,9.92373562,E8:D0:FC,36,wpa2,2021-08-27T07:00:00.000Z,2025-11-09T07:00:00.000Z,Hamburg,Bahrenfeld,DE,Rondenbarg,22525
E8:D0:FC:C0:43:81,,40.60516739,-111.93886566,E8:D0:FC,36,wpa2,2026-06-26T07:00:00.000Z,2026-06-26T00:00:00.000Z,,UT,US,Redwood Road,84084
E8:D0:FC:C0:43:97,ClickShare-1862337216,44.88984299,-0.60918748,E8:D0:FC,36,wpa2,2001-01-01T00:00:00.000Z,2026-06-09T05:00:00.000Z,,Nouvelle-Aquitaine,FR,Rocade,33520
E8:D0:FC:C0:43:9D,ClickShare-Fysio Soestdijk,52.18583679,5.2806201,E8:D0:FC,36,wpa2,2021-02-17T09:00:00.000Z,2025-10-23T11:00:00.000Z,,Utrecht,NL,Nieuwstraat,3762TM
E8:D0:FC:C0:43:9F,ClickShare-ARSP,47.41238022,9.74511528,E8:D0:FC,36,wpa2,2023-11-23T18:00:00.000Z,2024-12-28T12:00:00.000Z,Stadt Dornbirn,Vorarlberg,AT,Dr. Waibel Straße,6850
E8:D0:FC:C0:43:B7,ClickShare-Flip-CX30,48.29391098,14.31242466,E8:D0:FC,36,wpa2,2022-04-27T16:00:00.000Z,2025-04-02T02:00:00.000Z,Linz,Oberösterreich,AT,Franckstraße,4020
E8:D0:FC:C0:43:D3,,39.7796402,-86.10112,E8:D0:FC,36,wpa2,2025-10-15T14:00:00.000Z,2025-10-25T15:00:00.000Z,Indianapolis,IN,US,North Bradley Avenue,46201
E8:D0:FC:C0:43:D5,Borough LG02,51.50109482,-0.09183458,E8:D0:FC,36,wpa2,2023-06-17T18:00:00.000Z,2025-11-26T11:00:00.000Z,London,England,GB,Long Lane,SE1 4AU
E8:D0:FC:C0:43:EF,ClickShare-1862310602,32.34774399,-86.33866882,E8:D0:FC,36,wpa2,2025-04-10T13:00:00.000Z,2025-04-10T07:00:00.000Z,Montgomery,AL,US,Mobile Highway,36108
E8:D0:FC:C0:44:09,GilbertOpenCollabA,33.57861328,-112.10390472,E8:D0:FC,36,wpa2,2026-02-24T20:00:00.000Z,2026-02-24T15:00:00.000Z,Phoenix,AZ,US,North 21st Avenue,85021
E8:D0:FC:C0:44:17,ClickShare-ROOM-ONE,52.07952499,4.33552027,E8:D0:FC,36,wpa2,2023-08-25T11:00:00.000Z,2025-03-04T06:00:00.000Z,Den Haag,Zuid-Holland,NL,Daendelsstraat,2595XT
E8:D0:FC:C0:44:2B,,51.51110458,-0.10815676,E8:D0:FC,36,wpa2,2023-04-01T12:00:00.000Z,2025-06-28T12:00:00.000Z,City of London,England,GB,Victoria Embankment,EC4Y 0DS
E8:D0:FC:C0:44:3D,ClickShare-Berkelse Poort,51.98908615,4.47802496,E8:D0:FC,36,wpa2,2022-10-23T15:00:00.000Z,2025-04-27T05:00:00.000Z,,Zuid-Holland,NL,Berkelse Poort,2651DE
E8:D0:FC:C0:44:4B,Small Meeting RM_2,52.5865593,-2.1301465,E8:D0:FC,36,wpa2,2025-02-10T22:00:00.000Z,2025-02-17T04:00:00.000Z,Wolverhampton,England,GB,North Street,WV1 4HB
E8:D0:FC:C0:44:5F,ClickShare-Hopkins,40.43949127,-79.99701691,E8:D0:FC,36,wpa2,2023-06-23T08:00:00.000Z,2026-06-03T13:00:00.000Z,Pittsburgh,PA,US,Fifth Avenue,15222
E8:D0:FC:C0:44:67,,53.34772873,-6.2348938,E8:D0:FC,36,wpa2,2001-01-01T00:00:00.000Z,2025-12-10T07:00:00.000Z,Dublin,Leinster,IE,New Wapping Street,D01 F7X3
E8:D0:FC:C0:44:8D,ClickShare-1862335766,49.89549255,-97.13898468,E8:D0:FC,36,wpa2,2021-06-29T17:00:00.000Z,2026-07-23T11:00:00.000Z,Winnipeg,Manitoba,CA,Portage Avenue,R3X 1V3
E8:D0:FC:C0:44:8F,ClickShare-Inre Stabsrummet,57.70729065,11.99229622,E8:D0:FC,36,wpa2,2024-11-14T12:00:00.000Z,2026-03-22T12:00:00.000Z,Göteborg,Västra Götalands län,SE,Ullevigatan,416 48
E8:D0:FC:C0:44:B3,ClickShare-A200G,39.71797562,-104.80329132,E8:D0:FC,36,wpa2,2025-10-31T00:00:00.000Z,2025-11-01T19:00:00.000Z,Aurora,CO,US,East Centretech Parkway,80011
E8:D0:FC:C0:44:B7,8° Andar - Cart 01,-23.54512787,-46.63363647,E8:D0:FC,36,wpa2,2023-10-26T15:00:00.000Z,2025-04-25T06:00:00.000Z,São Paulo,São Paulo,BR,Ladeira Porto Geral,01022-000
E8:D0:FC:C0:44:CB,mobiel 2,50.84369278,4.37724972,E8:D0:FC,36,wpa2,2022-12-21T18:00:00.000Z,2026-05-15T09:00:00.000Z,,Région de Bruxelles-Capitale - Brussels Hoofdstedelijk Gewest,BE,Rue de la Loi - Wetstraat,1040
E8:D0:FC:C0:44:D9,ClickShare-1862337505,59.41592026,18.0404644,E8:D0:FC,36,wpa2,2025-05-22T14:00:00.000Z,2025-05-25T03:00:00.000Z,,Stockholms län,SE,Rinkebyvägen,18236
E8:D0:FC:C0:44:DD,Coinoffer Clickshare,55.68034744,12.5337553,E8:D0:FC,36,wpa2,2021-03-14T09:00:00.000Z,2026-07-22T08:00:00.000Z,,Region Hovedstaden,DK,Falkoner Alle,2000
E8:D0:FC:C0:45:11,HRM 4.OG,47.49810028,8.72622776,E8:D0:FC,36,wpa2,2025-08-04T11:00:00.000Z,2025-08-07T10:00:00.000Z,Winterthur,Zürich,CH,Neumarkt,8400
E8:D0:FC:C0:45:17,ClickShare-ConferenceRoom2,40.76181412,-73.30371094,E8:D0:FC,1,wpa2,2022-08-07T07:00:00.000Z,2025-05-10T18:00:00.000Z,,NY,US,Grand Boulevard,11729
E8:D0:FC:C0:45:31,ClickShare-1862336943,59.74504471,10.1936388,E8:D0:FC,36,wpa2,2023-11-01T17:00:00.000Z,2025-12-13T15:00:00.000Z,Drammen,Viken,NO,Sigurd Christiansens promenade,3019
E8:D0:FC:C0:45:33,Davitamon,51.9267807,4.53413343,E8:D0:FC,36,wpa2,2021-12-15T21:00:00.000Z,2026-04-12T23:00:00.000Z,Rotterdam,Zuid-Holland,NL,Kralingse Zoom,3062CE
E8:D0:FC:C0:45:3F,Clickshare-00-B-07,48.88398743,2.26156306,E8:D0:FC,36,wpa2,2023-10-26T10:00:00.000Z,2025-05-13T11:00:00.000Z,,Île-de-France,FR,Avenue Charles de Gaulle,92200
E8:D0:FC:C0:45:43,Conf-Click,45.51652145,-122.67301178,E8:D0:FC,36,wpa2,2024-06-29T15:00:00.000Z,2026-07-11T17:00:00.000Z,Portland,OR,US,Southwest Salmon Street,97258
E8:D0:FC:C0:45:63,ClickShare-1862341941,29.38162231,-98.48284149,E8:D0:FC,36,wpa2,2024-11-25T03:00:00.000Z,2026-04-27T14:00:00.000Z,San Antonio,TX,US,Roosevelt Avenue,78210
E8:D0:FC:C0:45:65,ClickShare-1862363218,48.50175476,9.2154007,E8:D0:FC,36,wpa2,2021-10-13T06:00:00.000Z,2026-05-06T10:00:00.000Z,Reutlingen,Baden-Württemberg,DE,Am Heilbrunnen,72766
E8:D0:FC:C0:45:6F,ABH - Meeting Room,34.05943298,-118.3976059,E8:D0:FC,36,wpa2,2022-08-18T14:00:00.000Z,2026-07-22T20:00:00.000Z,,CA,US,West Olympic Boulevard,90064
E8:D0:FC:C0:45:75,ClickShare-Lagoo,51.20884323,4.39354324,E8:D0:FC,36,wpa2,2022-02-17T13:00:00.000Z,2026-06-03T09:00:00.000Z,,Antwerpen,BE,Leopold de Waelplaats,2000
E8:D0:FC:C0:45:7B,Samtalsrum Rosa,57.78217316,14.16292953,E8:D0:FC,36,wpa2,2021-12-03T10:00:00.000Z,2024-09-11T14:00:00.000Z,Jönköping,Jönköpings län,SE,Barnarpsgatan,553 16
E8:D0:FC:C0:45:9F,ClickShare-Bold,55.66905212,12.5704155,E8:D0:FC,40,wpa2,2024-12-04T21:00:00.000Z,2024-12-31T07:00:00.000Z,København,Region Hovedstaden,DK,Carsten Niebuhrs Gade,1568
E8:D0:FC:C0:45:A5,Siege-CS20-SR1ETG,33.61872101,-7.53347158,E8:D0:FC,36,wpa2,2025-07-31T20:00:00.000Z,2025-07-31T13:00:00.000Z,arrondissement d'Aïn Sebaâ مقاطعة عين السبع,Casablanca-Settat ⵜⵉⴳⵎⵉ ⵜⵓⵎⵍⵉⵍⵜ-ⵙⵟⵟⴰⵜ الدار البيضاء-سطات,MA,Allée des Mimosas,20252
E8:D0:FC:C0:45:AD,Kitchen,59.33838272,18.01100922,E8:D0:FC,36,wpa2,2024-05-21T07:00:00.000Z,2025-12-07T22:00:00.000Z,,Stockholms län,SE,Karlbergsbron,112 51
E8:D0:FC:C0:45:AF,Viggo Møller Jensen,55.67594147,12.57110405,E8:D0:FC,36,wpa2,2021-10-06T11:00:00.000Z,2024-08-26T08:00:00.000Z,København,Region Hovedstaden,DK,Lavendelstræde,1550
E8:D0:FC:C0:45:B1,ClickShare-Ankeret,59.91609192,10.80060387,E8:D0:FC,36,wpa2,2021-01-18T09:00:00.000Z,2026-07-23T03:00:00.000Z,Oslo,Grønvoll,NO,Grenseveien,0663
E8:D0:FC:C0:45:B7,ClickShare-Zuse-1,48.13283157,11.5285244,E8:D0:FC,36,wpa2,2022-04-30T13:00:00.000Z,2025-12-22T11:00:00.000Z,München,Bayern,DE,Hansastraße,80686
E8:D0:FC:C0:45:C3,GF Big,59.31628036,18.05825233,E8:D0:FC,36,wpa2,2001-09-08T12:00:00.000Z,2026-04-18T15:00:00.000Z,,Stockholms län,SE,Wollmar Yxkullsgatan,117 26
E8:D0:FC:C0:45:DD,,52.35700226,4.89726114,E8:D0:FC,36,wpa2,2024-06-06T12:00:00.000Z,2025-03-27T02:00:00.000Z,Amsterdam,Noord-Holland,NL,Gerard Doustraat,1073XC
E8:D0:FC:C0:45:EF,ClickShare - De Beweging,52.06748962,4.32233572,E8:D0:FC,36,wpa2,2023-07-27T19:00:00.000Z,2025-04-30T10:00:00.000Z,Den Haag,Zuid-Holland,NL,Leeghwaterkade,2521EN
E8:D0:FC:C0:45:F3,GF Clickshare,51.11043167,-0.86551189,E8:D0:FC,36,wpa2,2025-09-06T09:00:00.000Z,2025-09-06T04:00:00.000Z,,England,GB,Woolmer Way,GU35 9QE
E8:D0:FC:C0:46:1B,G2.2c,55.75832367,12.51611519,E8:D0:FC,44,wpa2,2022-02-11T11:00:00.000Z,2026-07-18T22:00:00.000Z,,Region Hovedstaden,DK,Lagergårdsvej,2820
E8:D0:FC:C0:46:31,,44.433815,26.09923744,E8:D0:FC,36,wpa2,2024-02-08T14:00:00.000Z,2024-12-30T01:00:00.000Z,Municipiul București,Centrul Istoric,RO,Strada Doamnei,030151
E8:D0:FC:C0:46:3D,Barco Conference,43.03902817,-76.15914154,E8:D0:FC,165,wpa2,2024-09-17T20:00:00.000Z,2026-04-26T06:00:00.000Z,City of Syracuse,NY,US,South Avenue,13204
E8:D0:FC:C0:46:67,Barcelona_964_Barco,48.77416992,9.17170238,E8:D0:FC,40,wpa2,2021-10-31T15:00:00.000Z,2025-07-27T09:00:00.000Z,Stuttgart,Baden-Württemberg,DE,Rotebühlplatz,70178
E8:D0:FC:C0:46:73,Vergaderruimte-001,52.09438705,5.10985947,E8:D0:FC,48,wpa2,2022-03-17T09:00:00.000Z,2026-07-20T11:00:00.000Z,Utrecht,Utrecht,NL,Daalsesingel,3511SV
E8:D0:FC:C0:46:89,,59.73636627,10.20850086,E8:D0:FC,36,wpa2,2026-07-04T15:00:00.000Z,2026-07-04T09:00:00.000Z,Drammen,Viken,NO,Tollbugata,3044
E8:D0:FC:C2:22:FD,,41.49033737,-81.79930115,E8:D0:FC,44,wep,2025-07-25T21:00:00.000Z,2025-07-25T16:00:00.000Z,,OH,US,Warren Road,44111
E8:D0:FC:C2:5B:E1,,34.04759979,-118.36756134,E8:D0:FC,44,wep,2024-11-14T22:00:00.000Z,2024-11-14T15:00:00.000Z,Los Angeles,CA,US,Pickford Street,90035
E8:D0:FC:C2:CF:11,,52.13294601,-106.69415283,E8:D0:FC,48,wep,2024-11-29T21:00:00.000Z,2024-12-05T15:00:00.000Z,Saskatoon,Saskatchewan,CA,Avenue P North,S7L 2W1
E8:D0:FC:C5:5B:61,,45.49311066,-122.67176056,E8:D0:FC,44,wep,2025-08-12T07:00:00.000Z,2026-03-17T12:00:00.000Z,Portland,OR,US,South Bancroft Street,97239
E8:D0:FC:C5:74:EF,,37.97571564,-121.69210815,E8:D0:FC,153,none,2026-06-27T18:00:00.000Z,2026-06-29T16:00:00.000Z,,CA,US,Douglas Road,94548
E8:D0:FC:C5:CF:D7,,-39.5818634,174.27059937,E8:D0:FC,48,wep,2024-10-21T07:00:00.000Z,2024-10-21T00:00:00.000Z,,Taranaki,NZ,Waihi Road,4610
E8:D0:FC:CD:71:91,,28.34170914,-81.59857178,E8:D0:FC,3,unknown,2024-11-26T18:00:00.000Z,2024-11-29T15:00:00.000Z,,FL,US,West Irlo Bronson Memorial Highway,34747
E8:D0:FC:CD:F8:85,,49.85595703,6.75955343,E8:D0:FC,5,none,2026-05-11T07:00:00.000Z,2026-05-11T02:00:00.000Z,,Rheinland-Pfalz,DE,Im Brühl,54343
E8:D0:FC:D6:08:D9,Nakamize,49.22455215,16.58151627,E8:D0:FC,6,wpa3,2024-01-03T18:00:00.000Z,2025-06-19T14:00:00.000Z,Brno,Jihovýchod,CZ,640,612 00
E8:D0:FC:D9:3E:6D,,41.7835083,-73.75549316,E8:D0:FC,6,unknown,2026-03-11T12:00:00.000Z,2026-07-07T13:00:00.000Z,,NY,US,State Highway 82,12578
E8:D0:FC:D9:6E:B5,Iridescent Signal,30.56713486,-88.08978271,E8:D0:FC,1,wpa2,2025-06-02T22:00:00.000Z,2025-06-06T16:00:00.000Z,Mobile,AL,US,Dauphin Island Parkway,
E8:D0:FC:D9:76:E5,,40.84181976,-73.30407715,E8:D0:FC,7,unknown,2025-03-18T20:00:00.000Z,2025-08-12T06:00:00.000Z,,NY,US,Jericho Turnpike,11725
E8:D0:FC:D9:7A:09,,30.4601059,-84.24299622,E8:D0:FC,9,unknown,2024-08-12T12:00:00.000Z,2024-08-24T16:00:00.000Z,Tallahassee,FL,US,Blair Stone Road,32308
E8:D0:FC:DA:41:41,,36.10802078,-115.15519714,E8:D0:FC,0,unknown,2024-06-20T19:00:00.000Z,2025-05-16T15:00:00.000Z,Las Vegas,NV,US,East Harmon Avenue,89169
E8:D0:FC:DA:60:A3,,40.8418045,-73.3037796,E8:D0:FC,6,unknown,2024-06-15T00:00:00.000Z,2025-08-05T14:00:00.000Z,,NY,US,Jericho Turnpike,11725
E8:D0:FC:DA:64:69,,34.14648056,-118.25508881,E8:D0:FC,9,unknown,2025-11-16T01:00:00.000Z,2025-11-20T17:00:00.000Z,Glendale,CA,US,North Brand Boulevard,91203
E8:D0:FC:DA:6A:83,Flock,33.04401779,-96.82781219,E8:D0:FC,1,wpa2,2026-06-10T22:00:00.000Z,2026-06-11T23:00:00.000Z,Plano,TX,US,Parkwood Boulevard,75093
E8:D0:FC:DA:86:E1,,28.07073784,-82.42616272,E8:D0:FC,8,unknown,2026-06-18T07:00:00.000Z,2026-06-18T03:00:00.000Z,,FL,US,Bruce B Downs Boulevard,33647
E8:D0:FC:DA:A8:9F,,30.48216438,-97.66347504,E8:D0:FC,11,wpa2,2026-07-14T19:00:00.000Z,2026-07-16T10:00:00.000Z,Round Rock,TX,US,State Highway 45 North,78682
E8:D0:FC:DA:AE:F1,,51.14875412,-114.0662384,E8:D0:FC,0,unknown,2025-11-29T22:00:00.000Z,2025-11-29T18:00:00.000Z,Calgary,Alberta,CA,Country Hills Drive NW,T3K 4X2
E8:D0:FC:E1:76:97,,42.71936417,-88.99932861,E8:D0:FC,10,unknown,2025-01-22T23:00:00.000Z,2025-01-27T15:00:00.000Z,Janesville,WI,US,Woodlane Drive,53545
E8:D0:FC:EA:C5:57,Flock,51.20859909,4.45553589,E8:D0:FC,1,wpa2,2026-05-18T09:00:00.000Z,2026-05-18T03:00:00.000Z,,Antwerpen,BE,Van Lissumstraat,2100
E8:D0:FC:ED:65:A3,Flock,50.91864777,-1.39549482,E8:D0:FC,1,wpa2,2026-07-21T17:00:00.000Z,2026-07-21T15:00:00.000Z,Southampton,England,GB,Bevois Valley Road,SO14 0JR
E8:D0:FC:ED:92:01,,30.37630463,-84.27474213,E8:D0:FC,44,unknown,2024-08-24T14:00:00.000Z,2024-08-24T16:00:00.000Z,Tallahassee,FL,US,Capital Circle Southeast,32305-7804
E8:D0:FC:ED:C6:61,,41.61484909,-93.83148193,E8:D0:FC,5,unknown,2026-05-20T17:00:00.000Z,2026-05-20T16:00:00.000Z,,IA,US,Hickman Road,50263
E8:D0:FC:ED:CE:01,,51.00679779,-0.93939,E8:D0:FC,10,unknown,2024-07-16T19:00:00.000Z,2024-08-15T03:00:00.000Z,East Hampshire,England,GB,Station Road,GU32 3EJ
E8:D0:FC:ED:D5:ED,,39.76380539,-86.32347107,E8:D0:FC,1,wpa2,2026-06-16T11:00:00.000Z,2026-07-09T07:00:00.000Z,Indianapolis,IN,US,Rockville Road,46234
E8:D0:FC:ED:D5:F5,,39.7637825,-86.32350159,E8:D0:FC,6,wpa2,2026-06-16T11:00:00.000Z,2026-06-16T12:00:00.000Z,Indianapolis,IN,US,Rockville Road,46234
E8:D0:FC:ED:E2:F1,Flock,39.92888641,-105.01564026,E8:D0:FC,1,wpa2,2026-07-23T14:00:00.000Z,2026-07-24T20:00:00.000Z,,CO,US,Zuni Street,80234-4201
E8:D0:FC:ED:ED:DD,,51.00679779,-0.93939,E8:D0:FC,6,unknown,2024-07-16T19:00:00.000Z,2024-08-15T03:00:00.000Z,East Hampshire,England,GB,Station Road,GU32 3EJ
E8:D0:FC:EE:4D:E9,Flock,35.03393936,-81.96965027,E8:D0:FC,1,wpa2,2026-06-23T17:00:00.000Z,2026-07-02T18:00:00.000Z,,SC,US,Boiling Springs Road,29316
E8:D0:FC:EE:53:FB,,42.99959564,-71.2419281,E8:D0:FC,0,unknown,2025-11-17T01:00:00.000Z,2026-07-16T13:00:00.000Z,Raymond,NH,US,Eagle Hill Road,03077
E8:D0:FC:F1:8E:E1,,58.40407944,15.62270641,E8:D0:FC,0,unknown,2025-02-17T16:00:00.000Z,2025-02-26T10:00:00.000Z,Linköping,Östergötlands län,SE,Lasarettsgatan,582 27
E8:D0:FC:F2:6A:0F,,19.32515144,-99.1808548,E8:D0:FC,8,unknown,2024-09-13T00:00:00.000Z,2024-09-12T18:00:00.000Z,Ciudad de México,Ciudad Universitaria,MX,Circuito Exterior,04510
E8:D0:FC:F2:D8:0B,,39.76381302,-86.3225708,E8:D0:FC,6,wpa2,2026-06-16T11:00:00.000Z,2026-06-16T12:00:00.000Z,Indianapolis,IN,US,Rockville Road,46234
E8:D0:FC:F2:F5:31,,41.66001511,-81.36528778,E8:D0:FC,6,unknown,2023-09-11T14:00:00.000Z,2025-07-24T10:00:00.000Z,Mentor,OH,US,Plaza Boulevard,44060
E8:D0:FC:F3:6D:53,,40.80842972,-73.1841507,E8:D0:FC,6,unknown,2025-08-12T19:00:00.000Z,2025-08-12T13:00:00.000Z,,NY,US,Express Drive South,11749
E8:D0:FC:F3:84:8D,,39.98624802,-86.00357819,E8:D0:FC,8,unknown,2024-06-17T08:00:00.000Z,2024-09-16T13:00:00.000Z,,IN,US,,46038
E8:D0:FC:F7:45:23,,41.59884644,-81.41637421,E8:D0:FC,9,unknown,2024-10-16T17:00:00.000Z,2024-10-16T12:00:00.000Z,,OH,US,Eagle Road,44094
E8:D0:FC:F7:46:BB,PetNet,39.40026855,-76.47821808,E8:D0:FC,6,unknown,2023-06-18T23:00:00.000Z,2025-02-20T17:00:00.000Z,,MD,US,Joppa Road,21128
E8:D0:FC:F7:46:BF,PetNet,39.4004097,-76.47819519,E8:D0:FC,10,unknown,2023-06-18T23:00:00.000Z,2025-02-20T17:00:00.000Z,,MD,US,Belair Road,21236
E8:D0:FC:F7:46:D1,PetNet,39.400177,-76.47873688,E8:D0:FC,4,unknown,2023-06-18T22:00:00.000Z,2025-02-20T17:00:00.000Z,,MD,US,Belair Road,21236
E8:D0:FC:F7:47:87,PetNet,39.4003067,-76.47851562,E8:D0:FC,7,unknown,2023-06-18T22:00:00.000Z,2025-02-20T17:00:00.000Z,,MD,US,India Avenue,21236
E8:D0:FC:F7:47:89,PetNet,39.40010452,-76.47874451,E8:D0:FC,4,unknown,2023-06-18T22:00:00.000Z,2025-02-20T17:00:00.000Z,,MD,US,Belair Road,21236
E8:D0:FC:F7:48:E1,,42.62930679,-88.62445068,E8:D0:FC,40,unknown,2025-02-01T23:00:00.000Z,2025-02-01T18:00:00.000Z,,WI,US,South Wright Street,53115
E8:D0:FC:F7:58:49,PetNet,39.39957047,-76.47879028,E8:D0:FC,3,unknown,2021-08-24T19:00:00.000Z,2025-02-20T17:00:00.000Z,,MD,US,Joppa Road,21128
E8:D0:FC:F7:58:59,PetNet,39.40019226,-76.47861481,E8:D0:FC,7,unknown,2023-06-18T23:00:00.000Z,2025-02-20T17:00:00.000Z,,MD,US,Belair Road,21236
E8:D0:FC:F7:5B:77,,27.91808891,-82.77485657,E8:D0:FC,52,unknown,2025-08-08T21:00:00.000Z,2025-08-12T23:00:00.000Z,Largo,FL,US,Highland Avenue,33770
E8:D0:FC:F7:63:0F,,45.53636932,-73.64498901,E8:D0:FC,0,unknown,2022-02-03T20:00:00.000Z,2025-04-25T17:00:00.000Z,Montréal,Québec,CA,Boulevard Crémazie Ouest,H2N 1M4
E8:D0:FC:F7:6B:43,,41.61310577,-81.41990662,E8:D0:FC,9,unknown,2024-10-16T17:00:00.000Z,2025-07-24T09:00:00.000Z,,OH,US,I 90,44094
E8:D0:FC:F7:6B:EB,PetNet,39.4006424,-76.4781189,E8:D0:FC,5,unknown,2023-06-18T22:00:00.000Z,2025-02-20T17:00:00.000Z,,MD,US,Belair Road,21236
E8:D0:FC:F7:6B:EF,PetNet,39.40084076,-76.47801208,E8:D0:FC,6,unknown,2025-02-15T12:00:00.000Z,2025-02-20T17:00:00.000Z,,MD,US,Belair Road,21236
E8:D0:FC:F7:75:A1,,27.77750397,-82.65184021,E8:D0:FC,11,unknown,2025-05-31T00:00:00.000Z,2025-05-30T21:00:00.000Z,Saint Petersburg,FL,US,7th Avenue North,33713
E8:D0:FC:F7:76:DB,,27.89369583,-82.78696442,E8:D0:FC,5,unknown,2025-05-14T20:00:00.000Z,2025-05-14T20:00:00.000Z,Largo,FL,US,Seminole Boulevard,33778
E8:D0:FC:F7:78:2D,,38.22808838,-85.63646698,E8:D0:FC,0,wpa2,2026-01-24T12:00:00.000Z,2026-01-24T13:00:00.000Z,Louisville,KY,US,Henry Watterson Expressway,40220
E8:D0:FC:F7:80:6F,,27.89831734,-82.71269989,E8:D0:FC,100,unknown,2025-03-08T00:00:00.000Z,2025-03-07T19:00:00.000Z,Clearwater,FL,US,58th Street North,33760
E8:D0:FC:F8:C9:73,,-33.87703705,151.0609436,E8:D0:FC,13,unknown,2024-03-17T19:00:00.000Z,2024-08-07T04:00:00.000Z,Sydney,New South Wales,AU,Whelan Avenue,2129
E8:D0:FC:FA:BA:D9,,41.60393524,-93.73204041,E8:D0:FC,1,unknown,2026-04-23T17:00:00.000Z,2026-04-23T17:00:00.000Z,,IA,US,University Boulevard,50325
E8:D0:FC:FA:BC:43,,41.60350418,-93.7308197,E8:D0:FC,11,unknown,2026-06-11T16:00:00.000Z,2026-06-11T18:00:00.000Z,,IA,US,University Boulevard,50325
E8:D0:FC:FA:D5:35,,27.33564758,-82.53109741,E8:D0:FC,5,unknown,2025-08-25T10:00:00.000Z,2025-08-25T06:00:00.000Z,Sarasota,FL,US,Ringling Boulevard,34236
E8:D0:FC:FA:E1:6D,,41.59884644,-81.41637421,E8:D0:FC,11,unknown,2024-10-16T17:00:00.000Z,2024-10-16T12:00:00.000Z,,OH,US,Eagle Road,44094
E8:D0:FC:FA:E8:BF,,41.62851715,-81.42340088,E8:D0:FC,11,unknown,2024-10-21T15:00:00.000Z,2024-10-21T10:00:00.000Z,,OH,US,Euclid Avenue,44094
E8:D0:FC:FA:EC:EF,PetNet,39.40000153,-76.47885895,E8:D0:FC,11,unknown,2023-07-20T15:00:00.000Z,2025-02-20T17:00:00.000Z,,MD,US,Belair Road,21236
E8:D0:FC:FB:13:81,,41.62848663,-81.42353821,E8:D0:FC,1,unknown,2024-10-21T15:00:00.000Z,2024-10-21T10:00:00.000Z,,OH,US,Euclid Avenue,44094
E8:D0:FC:FB:20:13,,41.61406708,-81.41926575,E8:D0:FC,11,unknown,2024-10-16T17:00:00.000Z,2025-07-24T09:00:00.000Z,,OH,US,I 90,44094
E8:D0:FC:FB:C2:4D,Flock,30.68671989,-88.07974243,E8:D0:FC,1,wpa2,2026-06-24T14:00:00.000Z,2026-06-27T13:00:00.000Z,Mobile,AL,US,Hannon Avenue,36604
E8:D0:FC:FC:2E:A5,,27.82839394,-82.73787689,E8:D0:FC,3,unknown,2025-10-11T01:00:00.000Z,2025-10-11T12:00:00.000Z,,FL,US,Gretna Green Court,33781
E8:D0:FC:FC:77:A3,,36.18874359,-115.26143646,E8:D0:FC,0,unknown,2025-05-29T23:00:00.000Z,2025-06-01T15:00:00.000Z,Las Vegas,NV,US,Vegas Drive,89128-6634
E8:D0:FC:FE:6B:09,,50.93968964,-0.99454683,E8:D0:FC,3,unknown,2024-07-17T20:00:00.000Z,2024-10-19T02:00:00.000Z,East Hampshire,England,GB,Lowton Gardens,PO8 0XQ
E8:D0:FC:FE:6C:7D,cpt_proton-hotspot,52.45834732,-1.9046098,E8:D0:FC,6,wpa2,2006-03-18T08:00:00.000Z,2025-11-15T03:00:00.000Z,Birmingham,England,GB,Pershore Road,B5
