{
  "type": "FeatureCollection",
  "features": [
    {
      "type": "Feature",
      "geometry": {
        "type": "Point",
        "coordinates": [
          152.14501953,
          -32.71974182
        ]
      },
      "properties": {
        "netid": "EC:1B:BD:2C:6A:E3",
        "ssid": "TVHub-200501140",
        "oui": "EC:1B:BD",
        "channel": 1,
        "encryption": "unknown",
        "firsttime": "2025-09-14T01:00:00.000Z",
        "lasttime": "2025-09-13T23:00:00.000Z",
        "city": null,
        "region": "New South Wales",
        "country": "AU",
        "road": "Teramby Road",
        "postalcode": "2315"
      }
    },
    {
      "type": "Feature",
      "geometry": {
        "type": "Point",
        "coordinates": [
          -77.03193665,
          38.89366531
        ]
      },
      "properties": {
        "netid": "EC:1B:BD:2C:6A:FA",
        "ssid": "TVHub-200400962",
        "oui": "EC:1B:BD",
        "channel": 1,
        "encryption": "unknown",
        "firsttime": "2026-01-23T20:00:00.000Z",
        "lasttime": "2026-01-23T13:00:00.000Z",
        "city": "Washington",
        "region": "DC",
        "country": "US",
        "road": "14th Street Northwest",
        "postalcode": "20230"
      }
    },
    {
      "type": "Feature",
      "geometry": {
        "type": "Point",
        "coordinates": [
          -78.88059235,
          43.0303421
        ]
      },
      "properties": {
        "netid": "EC:1B:BD:2C:6B:0F",
        "ssid": "TVHub-200900711",
        "oui": "EC:1B:BD",
        "channel": 1,
        "encryption": "none",
        "firsttime": "2026-06-24T22:00:00.000Z",
        "lasttime": "2026-06-27T00:00:00.000Z",
        "city": null,
        "region": "NY",
        "country": "US",
        "road": "River Road",
        "postalcode": "14120"
      }
    },
    {
      "type": "Feature",
      "geometry": {
        "type": "Point",
        "coordinates": [
          103.8418045,
          1.24754798
        ]
      },
      "properties": {
        "netid": "EC:1B:BD:2C:6B:4F",
        "ssid": "TVHub-0FER78029",
        "oui": "EC:1B:BD",
        "channel": 1,
        "encryption": "unknown",
        "firsttime": "2024-10-29T08:00:00.000Z",
        "lasttime": "2024-10-29T03:00:00.000Z",
        "city": "Singapore",
        "region": "Southwest",
        "country": "SG",
        "road": "Ocean Way",
        "postalcode": "098375"
      }
    },
    {
      "type": "Feature",
      "geometry": {
        "type": "Point",
        "coordinates": [
          -88.11484528,
          30.2634182
        ]
      },
      "properties": {
        "netid": "EC:1B:BD:2C:6B:57",
        "ssid": null,
        "oui": "EC:1B:BD",
        "channel": 1,
        "encryption": "unknown",
        "firsttime": "2026-08-30T17:00:00.000Z",
        "lasttime": "2026-08-30T16:00:00.000Z",
        "city": null,
        "region": "AL",
        "country": "US",
        "road": "Le Moyne Drive",
        "postalcode": "36528"
      }
    },
    {
      "type": "Feature",
      "geometry": {
        "type": "Point",
        "coordinates": [
          -97.78395081,
          30.2403965
        ]
      },
      "properties": {
        "netid": "EC:1B:BD:2C:6B:59",
        "ssid": "TVHub-200400380",
        "oui": "EC:1B:BD",
        "channel": 1,
        "encryption": "none",
        "firsttime": "2023-09-19T19:00:00.000Z",
        "lasttime": "2025-04-26T09:00:00.000Z",
        "city": "Austin",
        "region": "TX",
        "country": "US",
        "road": "South Lamar Boulevard",
        "postalcode": "78704"
      }
    },
    {
      "type": "Feature",
      "geometry": {
        "type": "Point",
        "coordinates": [
          -92.35823059,
          34.86502838
        ]
      },
      "properties": {
        "netid": "EC:1B:BD:2C:6B:79",
        "ssid": "TVHub-200800934",
        "oui": "EC:1B:BD",
        "channel": 1,
        "encryption": "unknown",
        "firsttime": "2023-09-17T00:00:00.000Z",
        "lasttime": "2026-05-12T10:00:00.000Z",
        "city": null,
        "region": "AR",
        "country": "US",
        "road": "I 40;US 65",
        "postalcode": "72113"
      }
    },
    {
      "type": "Feature",
      "geometry": {
        "type": "Point",
        "coordinates": [
          9.6676302,
          45.68779373
        ]
      },
      "properties": {
        "netid": "EC:1B:BD:2C:6E:72",
        "ssid": "Flock",
        "oui": "EC:1B:BD",
        "channel": 1,
        "encryption": "wpa2",
        "firsttime": "2026-08-17T07:00:00.000Z",
        "lasttime": "2026-08-17T02:00:00.000Z",
        "city": "Bergamo",
        "region": "Lombardia",
        "country": "IT",
        "road": "Via Autostrada",
        "postalcode": "24122"
      }
    },
    {
      "type": "Feature",
      "geometry": {
        "type": "Point",
        "coordinates": [
          -80.41752625,
          27.76007462
        ]
      },
      "properties": {
        "netid": "EC:1B:BD:2C:6E:D3",
        "ssid": "TVHub-200600412",
        "oui": "EC:1B:BD",
        "channel": 1,
        "encryption": "unknown",
        "firsttime": "2024-11-24T20:00:00.000Z",
        "lasttime": "2024-11-24T12:00:00.000Z",
        "city": null,
        "region": "FL",
        "country": "US",
        "road": "FL 510",
        "postalcode": "32970"
      }
    },
    {
      "type": "Feature",
      "geometry": {
        "type": "Point",
        "coordinates": [
          174.75904846,
          -36.84429932
        ]
      },
      "properties": {
        "netid": "EC:1B:BD:2C:70:28",
        "ssid": "TVHub-201000346",
        "oui": "EC:1B:BD",
        "channel": 1,
        "encryption": "unknown",
        "firsttime": "2026-01-18T17:00:00.000Z",
        "lasttime": "2026-01-19T00:00:00.000Z",
        "city": "Auckland",
        "region": "Auckland",
        "country": "NZ",
        "road": null,
        "postalcode": "1001"
      }
    },
    {
      "type": "Feature",
      "geometry": {
        "type": "Point",
        "coordinates": [
          -119.779953,
          39.06955338
        ]
      },
      "properties": {
        "netid": "EC:1B:BD:2C:70:44",
        "ssid": "TVHub-200600405",
        "oui": "EC:1B:BD",
        "channel": 1,
        "encryption": "unknown",
        "firsttime": "2026-07-06T05:00:00.000Z",
        "lasttime": "2026-07-26T15:00:00.000Z",
        "city": null,
        "region": "NV",
        "country": "US",
        "road": "US 395",
        "postalcode": "89705"
      }
    },
    {
      "type": "Feature",
      "geometry": {
        "type": "Point",
        "coordinates": [
          -75.657547,
          41.23515701
        ]
      },
      "properties": {
        "netid": "EC:1B:BD:2C:70:49",
        "ssid": "TVHub-200800414",
        "oui": "EC:1B:BD",
        "channel": 1,
        "encryption": "wpa2",
        "firsttime": "2022-09-10T13:00:00.000Z",
        "lasttime": "2026-02-20T22:00:00.000Z",
        "city": null,
        "region": "PA",
        "country": "US",
        "road": "White Line Trail",
        "postalcode": null
      }
    },
    {
      "type": "Feature",
      "geometry": {
        "type": "Point",
        "coordinates": [
          -118.32737732,
          33.34638977
        ]
      },
      "properties": {
        "netid": "EC:1B:BD:2C:70:4E",
        "ssid": "TVHub-200600164",
        "oui": "EC:1B:BD",
        "channel": 1,
        "encryption": "unknown",
        "firsttime": "2026-07-28T20:00:00.000Z",
        "lasttime": "2026-07-28T17:00:00.000Z",
        "city": "Avalon",
        "region": "CA",
        "country": "US",
        "road": "Casino Way",
        "postalcode": "90704"
      }
    },
    {
      "type": "Feature",
      "geometry": {
        "type": "Point",
        "coordinates": [
          -87.67565918,
          30.27919197
        ]
      },
      "properties": {
        "netid": "EC:1B:BD:2C:70:5A",
        "ssid": "TVHub-201000734",
        "oui": "EC:1B:BD",
        "channel": 1,
        "encryption": "unknown",
        "firsttime": "2025-03-04T15:00:00.000Z",
        "lasttime": "2025-07-27T15:00:00.000Z",
        "city": null,
        "region": "AL",
        "country": "US",
        "road": "East Canal Drive",
        "postalcode": "36542"
      }
    },
    {
      "type": "Feature",
      "geometry": {
        "type": "Point",
        "coordinates": [
          -73.75222015,
          41.15510178
        ]
      },
      "properties": {
        "netid": "EC:1B:BD:2C:70:7D",
        "ssid": "TVHub-200600411",
        "oui": "EC:1B:BD",
        "channel": 1,
        "encryption": "none",
        "firsttime": "2022-07-24T22:00:00.000Z",
        "lasttime": "2026-07-06T16:00:00.000Z",
        "city": null,
        "region": "NY",
        "country": "US",
        "road": "East Place",
        "postalcode": "10514"
      }
    },
    {
      "type": "Feature",
      "geometry": {
        "type": "Point",
        "coordinates": [
          5.04486704,
          52.13058853
        ]
      },
      "properties": {
        "netid": "EC:1B:BD:2C:70:81",
        "ssid": "TVHub-200400471",
        "oui": "EC:1B:BD",
        "channel": 1,
        "encryption": "unknown",
        "firsttime": "2026-07-31T10:00:00.000Z",
        "lasttime": "2026-07-31T05:00:00.000Z",
        "city": null,
        "region": "Utrecht",
        "country": "NL",
        "road": "Westkanaaldijk",
        "postalcode": "3606AL"
      }
    },
    {
      "type": "Feature",
      "geometry": {
        "type": "Point",
        "coordinates": [
          -0.98284727,
          37.59713364
        ]
      },
      "properties": {
        "netid": "EC:1B:BD:2C:70:B0",
        "ssid": "TVHub-200900607",
        "oui": "EC:1B:BD",
        "channel": 1,
        "encryption": "unknown",
        "firsttime": "2026-05-30T08:00:00.000Z",
        "lasttime": "2026-06-03T06:00:00.000Z",
        "city": "Cartagena",
        "region": "Regi\u00f3n de Murcia",
        "country": "ES",
        "road": "Paseo de Alfonso XII",
        "postalcode": "30201"
      }
    },
    {
      "type": "Feature",
      "geometry": {
        "type": "Point",
        "coordinates": [
          -70.55876923,
          41.45883179
        ]
      },
      "properties": {
        "netid": "EC:1B:BD:2C:70:B4",
        "ssid": "Sea Logic Todd",
        "oui": "EC:1B:BD",
        "channel": 1,
        "encryption": "wpa2",
        "firsttime": "2026-08-24T16:00:00.000Z",
        "lasttime": "2026-08-26T19:00:00.000Z",
        "city": null,
        "region": "MA",
        "country": "US",
        "road": "Circuit Avenue Extension",
        "postalcode": "02557"
      }
    },
    {
      "type": "Feature",
      "geometry": {
        "type": "Point",
        "coordinates": [
          -116.53881073,
          35.32217407
        ]
      },
      "properties": {
        "netid": "EC:1B:BD:2C:73:E1",
        "ssid": "IRIDIUM-44011",
        "oui": "EC:1B:BD",
        "channel": 5,
        "encryption": "unknown",
        "firsttime": "2021-03-18T13:00:00.000Z",
        "lasttime": "2026-02-18T14:00:00.000Z",
        "city": null,
        "region": "CA",
        "country": "US",
        "road": null,
        "postalcode": null
      }
    },
    {
      "type": "Feature",
      "geometry": {
        "type": "Point",
        "coordinates": [
          10.04446697,
          56.45394135
        ]
      },
      "properties": {
        "netid": "EC:1B:BD:2C:7E:07",
        "ssid": "20081999",
        "oui": "EC:1B:BD",
        "channel": 11,
        "encryption": "wpa2",
        "firsttime": "2021-06-04T11:00:00.000Z",
        "lasttime": "2025-10-16T02:00:00.000Z",
        "city": "Randers",
        "region": "Region Midtjylland",
        "country": "DK",
        "road": "Halkiersgade",
        "postalcode": "8900"
      }
    },
    {
      "type": "Feature",
      "geometry": {
        "type": "Point",
        "coordinates": [
          12.54633522,
          55.70657349
        ]
      },
      "properties": {
        "netid": "EC:1B:BD:2C:7E:10",
        "ssid": "20082000",
        "oui": "EC:1B:BD",
        "channel": 11,
        "encryption": "wpa2",
        "firsttime": "2023-10-22T01:00:00.000Z",
        "lasttime": "2025-11-29T07:00:00.000Z",
        "city": "K\u00f8benhavn",
        "region": "Region Hovedstaden",
        "country": "DK",
        "road": "Rovsingsgade",
        "postalcode": "2200"
      }
    },
    {
      "type": "Feature",
      "geometry": {
        "type": "Point",
        "coordinates": [
          151.32023621,
          -33.65571213
        ]
      },
      "properties": {
        "netid": "EC:1B:BD:2C:7F:52",
        "ssid": "Flock",
        "oui": "EC:1B:BD",
        "channel": 1,
        "encryption": "wpa2",
        "firsttime": "2026-08-29T05:00:00.000Z",
        "lasttime": "2026-08-29T01:00:00.000Z",
        "city": "Sydney",
        "region": "New South Wales",
        "country": "AU",
        "road": "Barrenjoey Road",
        "postalcode": "2106"
      }
    },
    {
      "type": "Feature",
      "geometry": {
        "type": "Point",
        "coordinates": [
          12.18388176,
          55.47543716
        ]
      },
      "properties": {
        "netid": "EC:1B:BD:2C:7F:EC",
        "ssid": "20081969",
        "oui": "EC:1B:BD",
        "channel": 11,
        "encryption": "wpa2",
        "firsttime": "2021-03-23T22:00:00.000Z",
        "lasttime": "2025-09-02T06:00:00.000Z",
        "city": null,
        "region": "Region Sj\u00e6lland",
        "country": "DK",
        "road": "K\u00f8benhavnsvej",
        "postalcode": "4600"
      }
    },
    {
      "type": "Feature",
      "geometry": {
        "type": "Point",
        "coordinates": [
          12.4614706,
          55.73323441
        ]
      },
      "properties": {
        "netid": "EC:1B:BD:2C:82:F4",
        "ssid": "20081963",
        "oui": "EC:1B:BD",
        "channel": 11,
        "encryption": "wpa2",
        "firsttime": "2020-09-02T06:00:00.000Z",
        "lasttime": "2026-02-10T06:00:00.000Z",
        "city": null,
        "region": "Region Hovedstaden",
        "country": "DK",
        "road": "Transformervej",
        "postalcode": "2860"
      }
    },
    {
      "type": "Feature",
      "geometry": {
        "type": "Point",
        "coordinates": [
          12.46143913,
          55.73327637
        ]
      },
      "properties": {
        "netid": "EC:1B:BD:2C:82:F8",
        "ssid": "20081964",
        "oui": "EC:1B:BD",
        "channel": 11,
        "encryption": "wpa2",
        "firsttime": "2021-02-26T10:00:00.000Z",
        "lasttime": "2025-06-07T04:00:00.000Z",
        "city": null,
        "region": "Region Hovedstaden",
        "country": "DK",
        "road": "Transformervej",
        "postalcode": "2860"
      }
    },
    {
      "type": "Feature",
      "geometry": {
        "type": "Point",
        "coordinates": [
          12.46140671,
          55.73334885
        ]
      },
      "properties": {
        "netid": "EC:1B:BD:2C:82:FE",
        "ssid": "20081959",
        "oui": "EC:1B:BD",
        "channel": 11,
        "encryption": "wpa2",
        "firsttime": "2021-02-26T10:00:00.000Z",
        "lasttime": "2025-08-24T22:00:00.000Z",
        "city": null,
        "region": "Region Hovedstaden",
        "country": "DK",
        "road": "Transformervej",
        "postalcode": "2860"
      }
    },
    {
      "type": "Feature",
      "geometry": {
        "type": "Point",
        "coordinates": [
          12.46094418,
          55.73347092
        ]
      },
      "properties": {
        "netid": "EC:1B:BD:2C:82:FF",
        "ssid": "20081957",
        "oui": "EC:1B:BD",
        "channel": 11,
        "encryption": "wpa2",
        "firsttime": "2020-09-02T05:00:00.000Z",
        "lasttime": "2026-01-23T05:00:00.000Z",
        "city": null,
        "region": "Region Hovedstaden",
        "country": "DK",
        "road": "Dynamovej",
        "postalcode": "2860"
      }
    },
    {
      "type": "Feature",
      "geometry": {
        "type": "Point",
        "coordinates": [
          12.46137524,
          55.73335648
        ]
      },
      "properties": {
        "netid": "EC:1B:BD:2C:83:07",
        "ssid": "20081958",
        "oui": "EC:1B:BD",
        "channel": 11,
        "encryption": "wpa2",
        "firsttime": "2021-02-26T10:00:00.000Z",
        "lasttime": "2025-08-24T22:00:00.000Z",
        "city": null,
        "region": "Region Hovedstaden",
        "country": "DK",
        "road": "Transformervej",
        "postalcode": "2860"
      }
    },
    {
      "type": "Feature",
      "geometry": {
        "type": "Point",
        "coordinates": [
          12.18280315,
          55.47399521
        ]
      },
      "properties": {
        "netid": "EC:1B:BD:2C:83:0A",
        "ssid": "20081972",
        "oui": "EC:1B:BD",
        "channel": 11,
        "encryption": "wpa2",
        "firsttime": "2025-06-14T12:00:00.000Z",
        "lasttime": "2025-06-14T06:00:00.000Z",
        "city": null,
        "region": "Region Sj\u00e6lland",
        "country": "DK",
        "road": "K\u00f8benhavnsvej",
        "postalcode": "4600"
      }
    },
    {
      "type": "Feature",
      "geometry": {
        "type": "Point",
        "coordinates": [
          12.26232338,
          55.92824173
        ]
      },
      "properties": {
        "netid": "EC:1B:BD:2C:83:0D",
        "ssid": "20081979",
        "oui": "EC:1B:BD",
        "channel": 11,
        "encryption": "wpa2",
        "firsttime": "2020-09-26T09:00:00.000Z",
        "lasttime": "2026-01-06T07:00:00.000Z",
        "city": null,
        "region": "Region Hovedstaden",
        "country": "DK",
        "road": "Egespurs Alle",
        "postalcode": "3400"
      }
    },
    {
      "type": "Feature",
      "geometry": {
        "type": "Point",
        "coordinates": [
          12.46099854,
          55.73348999
        ]
      },
      "properties": {
        "netid": "EC:1B:BD:2C:83:0E",
        "ssid": "20081960",
        "oui": "EC:1B:BD",
        "channel": 11,
        "encryption": "wpa2",
        "firsttime": "2020-09-02T05:00:00.000Z",
        "lasttime": "2026-07-14T20:00:00.000Z",
        "city": null,
        "region": "Region Hovedstaden",
        "country": "DK",
        "road": "Dynamovej",
        "postalcode": "2860"
      }
    },
    {
      "type": "Feature",
      "geometry": {
        "type": "Point",
        "coordinates": [
          12.18365002,
          55.47510529
        ]
      },
      "properties": {
        "netid": "EC:1B:BD:2C:83:10",
        "ssid": "20081966",
        "oui": "EC:1B:BD",
        "channel": 11,
        "encryption": "wpa2",
        "firsttime": "2021-03-23T22:00:00.000Z",
        "lasttime": "2025-09-02T06:00:00.000Z",
        "city": null,
        "region": "Region Sj\u00e6lland",
        "country": "DK",
        "road": "K\u00f8benhavnsvej",
        "postalcode": "4600"
      }
    },
    {
      "type": "Feature",
      "geometry": {
        "type": "Point",
        "coordinates": [
          12.56804276,
          56.02798843
        ]
      },
      "properties": {
        "netid": "EC:1B:BD:2C:83:6D",
        "ssid": "20081980",
        "oui": "EC:1B:BD",
        "channel": 11,
        "encryption": "wpa2",
        "firsttime": "2024-05-10T07:00:00.000Z",
        "lasttime": "2025-05-02T09:00:00.000Z",
        "city": null,
        "region": "Region Hovedstaden",
        "country": "DK",
        "road": "Klostermosevej",
        "postalcode": "3070"
      }
    },
    {
      "type": "Feature",
      "geometry": {
        "type": "Point",
        "coordinates": [
          12.18371964,
          55.47507095
        ]
      },
      "properties": {
        "netid": "EC:1B:BD:2C:83:92",
        "ssid": "20081978",
        "oui": "EC:1B:BD",
        "channel": 11,
        "encryption": "wpa2",
        "firsttime": "2025-06-14T12:00:00.000Z",
        "lasttime": "2025-09-02T06:00:00.000Z",
        "city": null,
        "region": "Region Sj\u00e6lland",
        "country": "DK",
        "road": "K\u00f8benhavnsvej",
        "postalcode": "4600"
      }
    },
    {
      "type": "Feature",
      "geometry": {
        "type": "Point",
        "coordinates": [
          12.26201725,
          55.92930222
        ]
      },
      "properties": {
        "netid": "EC:1B:BD:2C:83:B2",
        "ssid": "20081962",
        "oui": "EC:1B:BD",
        "channel": 11,
        "encryption": "wpa2",
        "firsttime": "2020-08-21T10:00:00.000Z",
        "lasttime": "2026-03-04T04:00:00.000Z",
        "city": null,
        "region": "Region Hovedstaden",
        "country": "DK",
        "road": "Egespurs Alle",
        "postalcode": "3400"
      }
    },
    {
      "type": "Feature",
      "geometry": {
        "type": "Point",
        "coordinates": [
          5.04135609,
          52.30909729
        ]
      },
      "properties": {
        "netid": "EC:1B:BD:2C:87:47",
        "ssid": "Class A AIS 0300",
        "oui": "EC:1B:BD",
        "channel": 6,
        "encryption": "wpa2",
        "firsttime": "2025-02-19T11:00:00.000Z",
        "lasttime": "2025-02-19T07:00:00.000Z",
        "city": null,
        "region": "Noord-Holland",
        "country": "NL",
        "road": "Jan Boutsteeg",
        "postalcode": "1381XZ"
      }
    },
    {
      "type": "Feature",
      "geometry": {
        "type": "Point",
        "coordinates": [
          19.06720543,
          47.4687233
        ]
      },
      "properties": {
        "netid": "EC:1B:BD:2C:88:96",
        "ssid": "TENACIOUS",
        "oui": "EC:1B:BD",
        "channel": 6,
        "encryption": "wpa2",
        "firsttime": "2023-10-01T12:00:00.000Z",
        "lasttime": "2026-05-07T13:00:00.000Z",
        "city": null,
        "region": "Budapest",
        "country": "HU",
        "road": "P\u00e1zm\u00e1ny P\u00e9ter s\u00e9t\u00e1ny",
        "postalcode": "1117"
      }
    },
    {
      "type": "Feature",
      "geometry": {
        "type": "Point",
        "coordinates": [
          14.43660164,
          45.32781219
        ]
      },
      "properties": {
        "netid": "EC:1B:BD:2C:88:B6",
        "ssid": "CPT.AHMAD II",
        "oui": "EC:1B:BD",
        "channel": 6,
        "encryption": "wpa2",
        "firsttime": "2025-09-05T13:00:00.000Z",
        "lasttime": "2025-09-05T07:00:00.000Z",
        "city": "Rijeka",
        "region": "Primorsko-goranska \u017eupanija",
        "country": "HR",
        "road": "\u017dabica",
        "postalcode": "51000"
      }
    },
    {
      "type": "Feature",
      "geometry": {
        "type": "Point",
        "coordinates": [
          -35.21117783,
          -5.84254503
        ]
      },
      "properties": {
        "netid": "EC:1B:BD:2C:8B:74",
        "ssid": "20101043",
        "oui": "EC:1B:BD",
        "channel": 11,
        "encryption": "wpa2",
        "firsttime": "2026-07-03T17:00:00.000Z",
        "lasttime": "2026-07-07T17:00:00.000Z",
        "city": "Natal",
        "region": "Rio Grande do Norte",
        "country": "BR",
        "road": "Avenida das Brancas Dunas",
        "postalcode": "59064-720"
      }
    },
    {
      "type": "Feature",
      "geometry": {
        "type": "Point",
        "coordinates": [
          9.79566193,
          56.65207291
        ]
      },
      "properties": {
        "netid": "EC:1B:BD:2C:8B:91",
        "ssid": "20082004",
        "oui": "EC:1B:BD",
        "channel": 11,
        "encryption": "wpa2",
        "firsttime": "2022-06-26T14:00:00.000Z",
        "lasttime": "2025-10-16T02:00:00.000Z",
        "city": null,
        "region": "Region Nordjylland",
        "country": "DK",
        "road": "Majsmarken",
        "postalcode": "9500"
      }
    },
    {
      "type": "Feature",
      "geometry": {
        "type": "Point",
        "coordinates": [
          -48.69818497,
          -26.74162865
        ]
      },
      "properties": {
        "netid": "EC:1B:BD:2C:8F:CF",
        "ssid": null,
        "oui": "EC:1B:BD",
        "channel": 1,
        "encryption": "wpa2",
        "firsttime": "2024-09-26T20:00:00.000Z",
        "lasttime": "2024-10-10T13:00:00.000Z",
        "city": null,
        "region": "Santa Catarina",
        "country": "BR",
        "road": "Rodovia Governador M\u00e1rio Covas",
        "postalcode": "88380000"
      }
    },
    {
      "type": "Feature",
      "geometry": {
        "type": "Point",
        "coordinates": [
          -45.20815659,
          -22.8280983
        ]
      },
      "properties": {
        "netid": "EC:1B:BD:2C:8F:DB",
        "ssid": null,
        "oui": "EC:1B:BD",
        "channel": 1,
        "encryption": "wpa2",
        "firsttime": "2022-09-17T19:00:00.000Z",
        "lasttime": "2026-07-08T18:00:00.000Z",
        "city": "Guaratinguet\u00e1",
        "region": "S\u00e3o Paulo",
        "country": "BR",
        "road": "Rodovia Presidente Dutra",
        "postalcode": "12504-010"
      }
    },
    {
      "type": "Feature",
      "geometry": {
        "type": "Point",
        "coordinates": [
          -114.33053589,
          48.27810287
        ]
      },
      "properties": {
        "netid": "EC:1B:BD:2C:9B:71",
        "ssid": "simplySnap_648725",
        "oui": "EC:1B:BD",
        "channel": 1,
        "encryption": "wpa2",
        "firsttime": "2021-06-10T11:00:00.000Z",
        "lasttime": "2026-04-07T16:00:00.000Z",
        "city": null,
        "region": "MT",
        "country": "US",
        "road": "US 93",
        "postalcode": "59902"
      }
    },
    {
      "type": "Feature",
      "geometry": {
        "type": "Point",
        "coordinates": [
          -111.6583786,
          40.20625305
        ]
      },
      "properties": {
        "netid": "EC:1B:BD:2C:9B:97",
        "ssid": "simplySnap_648726",
        "oui": "EC:1B:BD",
        "channel": 1,
        "encryption": "wpa2",
        "firsttime": "2021-08-07T03:00:00.000Z",
        "lasttime": "2026-07-07T20:00:00.000Z",
        "city": "Provo",
        "region": "UT",
        "country": "US",
        "road": "I 15",
        "postalcode": "84606"
      }
    },
    {
      "type": "Feature",
      "geometry": {
        "type": "Point",
        "coordinates": [
          -104.83364868,
          41.16089249
        ]
      },
      "properties": {
        "netid": "EC:1B:BD:2C:9B:AE",
        "ssid": "simplySnap_648728",
        "oui": "EC:1B:BD",
        "channel": 1,
        "encryption": "wpa2",
        "firsttime": "2026-09-02T23:00:00.000Z",
        "lasttime": "2026-09-02T22:00:00.000Z",
        "city": "Cheyenne",
        "region": "WY",
        "country": "US",
        "road": "Kennedy Road",
        "postalcode": "82001-1327"
      }
    },
    {
      "type": "Feature",
      "geometry": {
        "type": "Point",
        "coordinates": [
          -86.31395721,
          34.32759476
        ]
      },
      "properties": {
        "netid": "EC:1B:BD:2C:9B:B9",
        "ssid": "simplySnap_64872d",
        "oui": "EC:1B:BD",
        "channel": 6,
        "encryption": "wpa2",
        "firsttime": "2022-07-17T09:00:00.000Z",
        "lasttime": "2025-05-11T21:00:00.000Z",
        "city": null,
        "region": "AL",
        "country": "US",
        "road": "Florida Short Route",
        "postalcode": "35976"
      }
    },
    {
      "type": "Feature",
      "geometry": {
        "type": "Point",
        "coordinates": [
          -79.52416229,
          43.78994751
        ]
      },
      "properties": {
        "netid": "EC:1B:BD:2C:9B:BC",
        "ssid": "simplySnap_64870b",
        "oui": "EC:1B:BD",
        "channel": 6,
        "encryption": "wpa2",
        "firsttime": "2022-02-18T13:00:00.000Z",
        "lasttime": "2026-08-11T07:00:00.000Z",
        "city": "Vaughan",
        "region": "Ontario",
        "country": "CA",
        "road": "Jane Street",
        "postalcode": "L4K 1A4"
      }
    },
    {
      "type": "Feature",
      "geometry": {
        "type": "Point",
        "coordinates": [
          -96.88056183,
          32.53199768
        ]
      },
      "properties": {
        "netid": "EC:1B:BD:2C:9B:C0",
        "ssid": "simplySnap_648717",
        "oui": "EC:1B:BD",
        "channel": 6,
        "encryption": "wpa2",
        "firsttime": "2026-07-16T23:00:00.000Z",
        "lasttime": "2026-08-15T18:00:00.000Z",
        "city": "Ovilla",
        "region": "TX",
        "country": "US",
        "road": "Ovilla Road",
        "postalcode": null
      }
    },
    {
      "type": "Feature",
      "geometry": {
        "type": "Point",
        "coordinates": [
          -94.18608856,
          36.04872513
        ]
      },
      "properties": {
        "netid": "EC:1B:BD:2C:9B:D5",
        "ssid": "simplySnap_648700",
        "oui": "EC:1B:BD",
        "channel": 11,
        "encryption": "wpa2",
        "firsttime": "2021-09-14T22:00:00.000Z",
        "lasttime": "2026-04-27T10:00:00.000Z",
        "city": "Fayetteville",
        "region": "AR",
        "country": "US",
        "road": "West 15th Street",
        "postalcode": "72701"
      }
    },
    {
      "type": "Feature",
      "geometry": {
        "type": "Point",
        "coordinates": [
          -70.82305908,
          43.08697128
        ]
      },
      "properties": {
        "netid": "EC:1B:BD:2C:9B:E1",
        "ssid": "simplySnap_6486e2",
        "oui": "EC:1B:BD",
        "channel": 11,
        "encryption": "wpa2",
        "firsttime": "2025-09-07T15:00:00.000Z",
        "lasttime": "2025-09-07T12:00:00.000Z",
        "city": null,
        "region": "NH",
        "country": "US",
        "road": "Newmarket Street",
        "postalcode": "03801-2819"
      }
    },
    {
      "type": "Feature",
      "geometry": {
        "type": "Point",
        "coordinates": [
          -80.07479095,
          26.69018364
        ]
      },
      "properties": {
        "netid": "EC:1B:BD:2C:9B:FD",
        "ssid": "simplySnap_6486f2",
        "oui": "EC:1B:BD",
        "channel": 11,
        "encryption": "wpa2",
        "firsttime": "2021-06-10T18:00:00.000Z",
        "lasttime": "2024-09-06T05:00:00.000Z",
        "city": "West Palm Beach",
        "region": "FL",
        "country": "US",
        "road": "Australian Avenue",
        "postalcode": "33406"
      }
    },
    {
      "type": "Feature",
      "geometry": {
        "type": "Point",
        "coordinates": [
          -94.73638916,
          32.46047592
        ]
      },
      "properties": {
        "netid": "EC:1B:BD:2C:9C:2B",
        "ssid": "simplySnap_6486eb",
        "oui": "EC:1B:BD",
        "channel": 6,
        "encryption": "wpa2",
        "firsttime": "2025-10-08T11:00:00.000Z",
        "lasttime": "2026-04-25T07:00:00.000Z",
        "city": "Longview",
        "region": "TX",
        "country": "US",
        "road": "Edwin Drive",
        "postalcode": "75602"
      }
    },
    {
      "type": "Feature",
      "geometry": {
        "type": "Point",
        "coordinates": [
          -80.14911652,
          26.2733345
        ]
      },
      "properties": {
        "netid": "EC:1B:BD:2C:9C:56",
        "ssid": "simplySnap_648577",
        "oui": "EC:1B:BD",
        "channel": 1,
        "encryption": "wpa2",
        "firsttime": "2021-10-16T16:00:00.000Z",
        "lasttime": "2026-06-29T15:00:00.000Z",
        "city": "Pompano Beach",
        "region": "FL",
        "country": "US",
        "road": "West Sample Road",
        "postalcode": "33064-1324"
      }
    },
    {
      "type": "Feature",
      "geometry": {
        "type": "Point",
        "coordinates": [
          -96.67484283,
          33.1138916
        ]
      },
      "properties": {
        "netid": "EC:1B:BD:2C:9C:9C",
        "ssid": "simplySnap_648712",
        "oui": "EC:1B:BD",
        "channel": 6,
        "encryption": "wpa2",
        "firsttime": "2022-03-29T17:00:00.000Z",
        "lasttime": "2026-07-31T12:00:00.000Z",
        "city": "Allen",
        "region": "TX",
        "country": "US",
        "road": "Raintree Circle",
        "postalcode": "75013"
      }
    },
    {
      "type": "Feature",
      "geometry": {
        "type": "Point",
        "coordinates": [
          -71.79896545,
          42.26501846
        ]
      },
      "properties": {
        "netid": "EC:1B:BD:2C:9C:A8",
        "ssid": "Ephesus_62bb8a",
        "oui": "EC:1B:BD",
        "channel": 11,
        "encryption": "wpa2",
        "firsttime": "2024-06-05T21:00:00.000Z",
        "lasttime": "2025-09-23T20:00:00.000Z",
        "city": "Worcester",
        "region": "MA",
        "country": "US",
        "road": "Foster Street",
        "postalcode": "01608"
      }
    },
    {
      "type": "Feature",
      "geometry": {
        "type": "Point",
        "coordinates": [
          -84.24759674,
          33.88532639
        ]
      },
      "properties": {
        "netid": "EC:1B:BD:2C:9C:AC",
        "ssid": "simplySnap_64873f",
        "oui": "EC:1B:BD",
        "channel": 11,
        "encryption": "wpa2",
        "firsttime": "2021-01-24T09:00:00.000Z",
        "lasttime": "2026-07-15T14:00:00.000Z",
        "city": null,
        "region": "GA",
        "country": "US",
        "road": "Chamblee Tucker Road",
        "postalcode": "30341"
      }
    },
    {
      "type": "Feature",
      "geometry": {
        "type": "Point",
        "coordinates": [
          -117.34416199,
          33.17873383
        ]
      },
      "properties": {
        "netid": "EC:1B:BD:2C:9C:F0",
        "ssid": "simplySnap_64870c",
        "oui": "EC:1B:BD",
        "channel": 11,
        "encryption": "wpa2",
        "firsttime": "2021-03-25T19:00:00.000Z",
        "lasttime": "2026-07-14T23:00:00.000Z",
        "city": "Oceanside",
        "region": "CA",
        "country": "US",
        "road": "Vista Way",
        "postalcode": "92054"
      }
    },
    {
      "type": "Feature",
      "geometry": {
        "type": "Point",
        "coordinates": [
          -89.68453979,
          30.53125381
        ]
      },
      "properties": {
        "netid": "EC:1B:BD:2C:9D:70",
        "ssid": "Ephesus_648dd7",
        "oui": "EC:1B:BD",
        "channel": 11,
        "encryption": "wpa2",
        "firsttime": "2023-02-04T12:00:00.000Z",
        "lasttime": "2024-11-11T09:00:00.000Z",
        "city": null,
        "region": "MS",
        "country": "US",
        "road": "Norwood Street",
        "postalcode": "39466"
      }
    },
    {
      "type": "Feature",
      "geometry": {
        "type": "Point",
        "coordinates": [
          -85.58058167,
          44.75148773
        ]
      },
      "properties": {
        "netid": "EC:1B:BD:2C:9D:80",
        "ssid": "Ephesus_6486be",
        "oui": "EC:1B:BD",
        "channel": 11,
        "encryption": "wpa2",
        "firsttime": "2023-09-21T21:00:00.000Z",
        "lasttime": "2026-08-05T18:00:00.000Z",
        "city": "Traverse City",
        "region": "MI",
        "country": "US",
        "road": "Parsons Road",
        "postalcode": "49686"
      }
    },
    {
      "type": "Feature",
      "geometry": {
        "type": "Point",
        "coordinates": [
          -82.92224884,
          34.35193634
        ]
      },
      "properties": {
        "netid": "EC:1B:BD:2C:9D:8E",
        "ssid": "Ephesus_Hub",
        "oui": "EC:1B:BD",
        "channel": 1,
        "encryption": "wpa2",
        "firsttime": "2024-09-16T15:00:00.000Z",
        "lasttime": "2024-09-16T15:00:00.000Z",
        "city": null,
        "region": "GA",
        "country": "US",
        "road": "Powell Road",
        "postalcode": "30643"
      }
    },
    {
      "type": "Feature",
      "geometry": {
        "type": "Point",
        "coordinates": [
          -81.40621185,
          28.36892509
        ]
      },
      "properties": {
        "netid": "EC:1B:BD:2C:9E:8A",
        "ssid": "simplySnap_642689",
        "oui": "EC:1B:BD",
        "channel": 11,
        "encryption": "wpa2",
        "firsttime": "2024-11-24T19:00:00.000Z",
        "lasttime": "2026-07-02T09:00:00.000Z",
        "city": "Orlando",
        "region": "FL",
        "country": "US",
        "road": "South Orange Blossom Trail",
        "postalcode": "32837"
      }
    },
    {
      "type": "Feature",
      "geometry": {
        "type": "Point",
        "coordinates": [
          144.97596741,
          -37.80841827
        ]
      },
      "properties": {
        "netid": "EC:1B:BD:2C:A0:BA",
        "ssid": "FVDec1bbd2ca0ba",
        "oui": "EC:1B:BD",
        "channel": 11,
        "encryption": "wpa2",
        "firsttime": "2024-04-08T00:00:00.000Z",
        "lasttime": "2026-03-25T00:00:00.000Z",
        "city": "Melbourne",
        "region": "Victoria",
        "country": "AU",
        "road": "Victoria Parade",
        "postalcode": "3002"
      }
    },
    {
      "type": "Feature",
      "geometry": {
        "type": "Point",
        "coordinates": [
          -15.44925404,
          28.12922668
        ]
      },
      "properties": {
        "netid": "EC:1B:BD:2C:A0:C2",
        "ssid": "FVDec1bbd2ca0c2",
        "oui": "EC:1B:BD",
        "channel": 11,
        "encryption": "wpa2",
        "firsttime": "2003-05-07T13:00:00.000Z",
        "lasttime": "2026-07-01T12:00:00.000Z",
        "city": "Las Palmas de Gran Canaria",
        "region": "Las Palmas",
        "country": "ES",
        "road": "Calle del Industrial Jos\u00e9 S\u00e1nchez Pe\u00f1ate",
        "postalcode": "35010"
      }
    },
    {
      "type": "Feature",
      "geometry": {
        "type": "Point",
        "coordinates": [
          144.97572327,
          -37.80863571
        ]
      },
      "properties": {
        "netid": "EC:1B:BD:2C:A0:D5",
        "ssid": "FVDec1bbd2ca0d5",
        "oui": "EC:1B:BD",
        "channel": 11,
        "encryption": "wpa2",
        "firsttime": "2024-04-08T00:00:00.000Z",
        "lasttime": "2026-07-13T23:00:00.000Z",
        "city": "Melbourne",
        "region": "Victoria",
        "country": "AU",
        "road": "Gisborne Street",
        "postalcode": "3002"
      }
    },
    {
      "type": "Feature",
      "geometry": {
        "type": "Point",
        "coordinates": [
          5.96002865,
          52.21434402
        ]
      },
      "properties": {
        "netid": "EC:1B:BD:2C:A0:E9",
        "ssid": "FVDec1bbd2ca0e9",
        "oui": "EC:1B:BD",
        "channel": 11,
        "encryption": "wpa2",
        "firsttime": "2021-11-20T15:00:00.000Z",
        "lasttime": "2026-08-08T05:00:00.000Z",
        "city": "Apeldoorn",
        "region": "Gelderland",
        "country": "NL",
        "road": "Nieuwstraat",
        "postalcode": "7311LN"
      }
    },
    {
      "type": "Feature",
      "geometry": {
        "type": "Point",
        "coordinates": [
          153.05581665,
          -27.61029625
        ]
      },
      "properties": {
        "netid": "EC:1B:BD:2C:A0:F4",
        "ssid": "FVDec1bbd2ca0f4",
        "oui": "EC:1B:BD",
        "channel": 11,
        "encryption": "wpa2",
        "firsttime": "2021-02-24T12:00:00.000Z",
        "lasttime": "2024-11-26T16:00:00.000Z",
        "city": null,
        "region": "Queensland",
        "country": "AU",
        "road": "Calam Road",
        "postalcode": "4116"
      }
    },
    {
      "type": "Feature",
      "geometry": {
        "type": "Point",
        "coordinates": [
          153.08843994,
          -27.22695923
        ]
      },
      "properties": {
        "netid": "EC:1B:BD:2C:A0:F6",
        "ssid": "FVDec1bbd2ca0f6",
        "oui": "EC:1B:BD",
        "channel": 11,
        "encryption": "wpa2",
        "firsttime": "2021-12-08T09:00:00.000Z",
        "lasttime": "2025-08-26T22:00:00.000Z",
        "city": null,
        "region": "Queensland",
        "country": "AU",
        "road": "Anzac Avenue",
        "postalcode": "4021"
      }
    },
    {
      "type": "Feature",
      "geometry": {
        "type": "Point",
        "coordinates": [
          15.90921974,
          50.55995941
        ]
      },
      "properties": {
        "netid": "EC:1B:BD:2C:A0:F7",
        "ssid": "FVDec1bbd2ca0f7",
        "oui": "EC:1B:BD",
        "channel": 11,
        "encryption": "wpa2",
        "firsttime": "2026-08-25T06:00:00.000Z",
        "lasttime": "2026-08-28T16:00:00.000Z",
        "city": null,
        "region": "Severov\u00fdchod",
        "country": "CZ",
        "road": "Palack\u00e9ho",
        "postalcode": "54101"
      }
    },
    {
      "type": "Feature",
      "geometry": {
        "type": "Point",
        "coordinates": [
          144.97572327,
          -37.80864334
        ]
      },
      "properties": {
        "netid": "EC:1B:BD:2C:A0:FA",
        "ssid": "FVDec1bbd2ca0fa",
        "oui": "EC:1B:BD",
        "channel": 11,
        "encryption": "wpa2",
        "firsttime": "2023-09-07T04:00:00.000Z",
        "lasttime": "2026-04-16T01:00:00.000Z",
        "city": "Melbourne",
        "region": "Victoria",
        "country": "AU",
        "road": "Gisborne Street",
        "postalcode": "3002"
      }
    },
    {
      "type": "Feature",
      "geometry": {
        "type": "Point",
        "coordinates": [
          147.32626343,
          -42.88216782
        ]
      },
      "properties": {
        "netid": "EC:1B:BD:2C:A0:FD",
        "ssid": "FVDec1bbd2ca0fd",
        "oui": "EC:1B:BD",
        "channel": 11,
        "encryption": "wpa2",
        "firsttime": "2021-07-24T12:00:00.000Z",
        "lasttime": "2025-12-23T22:00:00.000Z",
        "city": "Hobart",
        "region": "Tasmania",
        "country": "AU",
        "road": "Liverpool Street",
        "postalcode": "7000"
      }
    },
    {
      "type": "Feature",
      "geometry": {
        "type": "Point",
        "coordinates": [
          144.97587585,
          -37.80886078
        ]
      },
      "properties": {
        "netid": "EC:1B:BD:2C:A1:0E",
        "ssid": "FVDec1bbd2ca10e",
        "oui": "EC:1B:BD",
        "channel": 11,
        "encryption": "wpa2",
        "firsttime": "2023-09-13T02:00:00.000Z",
        "lasttime": "2024-10-24T20:00:00.000Z",
        "city": "Melbourne",
        "region": "Victoria",
        "country": "AU",
        "road": "Gisborne Street",
        "postalcode": "3002"
      }
    },
    {
      "type": "Feature",
      "geometry": {
        "type": "Point",
        "coordinates": [
          144.97599792,
          -37.80858612
        ]
      },
      "properties": {
        "netid": "EC:1B:BD:2C:A1:18",
        "ssid": "FVDec1bbd2ca118",
        "oui": "EC:1B:BD",
        "channel": 11,
        "encryption": "wpa2",
        "firsttime": "2024-10-25T03:00:00.000Z",
        "lasttime": "2024-10-24T20:00:00.000Z",
        "city": "Melbourne",
        "region": "Victoria",
        "country": "AU",
        "road": "Gisborne Street",
        "postalcode": "3002"
      }
    },
    {
      "type": "Feature",
      "geometry": {
        "type": "Point",
        "coordinates": [
          153.08071899,
          -27.55916214
        ]
      },
      "properties": {
        "netid": "EC:1B:BD:2C:A1:19",
        "ssid": "FVDec1bbd2ca119",
        "oui": "EC:1B:BD",
        "channel": 11,
        "encryption": "wpa2",
        "firsttime": "2024-09-10T06:00:00.000Z",
        "lasttime": "2024-09-10T02:00:00.000Z",
        "city": null,
        "region": "Queensland",
        "country": "AU",
        "road": "Logan Road",
        "postalcode": "4122"
      }
    },
    {
      "type": "Feature",
      "geometry": {
        "type": "Point",
        "coordinates": [
          153.10290527,
          -27.50007057
        ]
      },
      "properties": {
        "netid": "EC:1B:BD:2C:A1:2C",
        "ssid": "FVDec1bbd2ca12c",
        "oui": "EC:1B:BD",
        "channel": 11,
        "encryption": "wpa2",
        "firsttime": "2021-06-05T11:00:00.000Z",
        "lasttime": "2026-09-04T19:00:00.000Z",
        "city": "Brisbane City",
        "region": "Queensland",
        "country": "AU",
        "road": "Old Cleveland Road",
        "postalcode": "4152"
      }
    },
    {
      "type": "Feature",
      "geometry": {
        "type": "Point",
        "coordinates": [
          174.30323792,
          -35.73426437
        ]
      },
      "properties": {
        "netid": "EC:1B:BD:2C:A1:2E",
        "ssid": "FVDec1bbd2ca12e",
        "oui": "EC:1B:BD",
        "channel": 11,
        "encryption": "wpa2",
        "firsttime": "2026-08-28T01:00:00.000Z",
        "lasttime": "2026-08-27T21:00:00.000Z",
        "city": "Whang\u0101rei",
        "region": "Northland",
        "country": "NZ",
        "road": "Maunu Road",
        "postalcode": "0101"
      }
    },
    {
      "type": "Feature",
      "geometry": {
        "type": "Point",
        "coordinates": [
          152.99090576,
          -27.40803909
        ]
      },
      "properties": {
        "netid": "EC:1B:BD:2C:A1:2F",
        "ssid": "FVDec1bbd2ca12f",
        "oui": "EC:1B:BD",
        "channel": 11,
        "encryption": "wpa2",
        "firsttime": "2023-07-20T17:00:00.000Z",
        "lasttime": "2025-11-27T23:00:00.000Z",
        "city": "Brisbane City",
        "region": "Queensland",
        "country": "AU",
        "road": "South Pine Road",
        "postalcode": "4053"
      }
    },
    {
      "type": "Feature",
      "geometry": {
        "type": "Point",
        "coordinates": [
          144.97698975,
          -37.8083992
        ]
      },
      "properties": {
        "netid": "EC:1B:BD:2C:A1:30",
        "ssid": "FVDec1bbd2ca130",
        "oui": "EC:1B:BD",
        "channel": 11,
        "encryption": "wpa2",
        "firsttime": "2001-01-01T01:00:00.000Z",
        "lasttime": "2025-08-05T23:00:00.000Z",
        "city": "Melbourne",
        "region": "Victoria",
        "country": "AU",
        "road": "Victoria Parade",
        "postalcode": "3002"
      }
    },
    {
      "type": "Feature",
      "geometry": {
        "type": "Point",
        "coordinates": [
          2.64484596,
          39.57216263
        ]
      },
      "properties": {
        "netid": "EC:1B:BD:2C:A1:32",
        "ssid": "FVDec1bbd2ca132",
        "oui": "EC:1B:BD",
        "channel": 11,
        "encryption": "wpa2",
        "firsttime": "2022-03-31T17:00:00.000Z",
        "lasttime": "2025-12-10T04:00:00.000Z",
        "city": null,
        "region": "Illes Balears",
        "country": "ES",
        "road": "Carrer de Bonaire",
        "postalcode": "07012"
      }
    },
    {
      "type": "Feature",
      "geometry": {
        "type": "Point",
        "coordinates": [
          144.97634888,
          -37.80843353
        ]
      },
      "properties": {
        "netid": "EC:1B:BD:2C:A1:38",
        "ssid": "FVDec1bbd2ca138",
        "oui": "EC:1B:BD",
        "channel": 11,
        "encryption": "wpa2",
        "firsttime": "2025-06-23T05:00:00.000Z",
        "lasttime": "2025-06-22T23:00:00.000Z",
        "city": "Melbourne",
        "region": "Victoria",
        "country": "AU",
        "road": "Victoria Parade",
        "postalcode": "3002"
      }
    },
    {
      "type": "Feature",
      "geometry": {
        "type": "Point",
        "coordinates": [
          144.97587585,
          -37.80899048
        ]
      },
      "properties": {
        "netid": "EC:1B:BD:2C:A1:3B",
        "ssid": "FVDec1bbd2ca13b",
        "oui": "EC:1B:BD",
        "channel": 11,
        "encryption": "wpa2",
        "firsttime": "2025-11-19T22:00:00.000Z",
        "lasttime": "2025-11-19T14:00:00.000Z",
        "city": "Melbourne",
        "region": "Victoria",
        "country": "AU",
        "road": "Gisborne Street",
        "postalcode": "3002"
      }
    },
    {
      "type": "Feature",
      "geometry": {
        "type": "Point",
        "coordinates": [
          144.97557068,
          -37.80820084
        ]
      },
      "properties": {
        "netid": "EC:1B:BD:2C:A1:3C",
        "ssid": "FVDec1bbd2ca13c",
        "oui": "EC:1B:BD",
        "channel": 11,
        "encryption": "wpa2",
        "firsttime": "2025-03-24T07:00:00.000Z",
        "lasttime": "2025-03-24T00:00:00.000Z",
        "city": "Melbourne",
        "region": "Victoria",
        "country": "AU",
        "road": "Victoria Parade",
        "postalcode": "3002"
      }
    },
    {
      "type": "Feature",
      "geometry": {
        "type": "Point",
        "coordinates": [
          144.97775269,
          -37.80841827
        ]
      },
      "properties": {
        "netid": "EC:1B:BD:2C:A1:4B",
        "ssid": "FVDec1bbd2ca14b",
        "oui": "EC:1B:BD",
        "channel": 11,
        "encryption": "wpa2",
        "firsttime": "2001-01-01T01:00:00.000Z",
        "lasttime": "2026-08-17T23:00:00.000Z",
        "city": "Melbourne",
        "region": "Victoria",
        "country": "AU",
        "road": "Victoria Parade",
        "postalcode": "3002"
      }
    },
    {
      "type": "Feature",
      "geometry": {
        "type": "Point",
        "coordinates": [
          144.9770813,
          -37.80838394
        ]
      },
      "properties": {
        "netid": "EC:1B:BD:2C:A1:4C",
        "ssid": "FVDec1bbd2ca14c",
        "oui": "EC:1B:BD",
        "channel": 11,
        "encryption": "wpa2",
        "firsttime": "2001-01-01T01:00:00.000Z",
        "lasttime": "2026-07-30T01:00:00.000Z",
        "city": "Melbourne",
        "region": "Victoria",
        "country": "AU",
        "road": "Victoria Parade",
        "postalcode": "3002"
      }
    },
    {
      "type": "Feature",
      "geometry": {
        "type": "Point",
        "coordinates": [
          151.26634216,
          -33.7677803
        ]
      },
      "properties": {
        "netid": "EC:1B:BD:2C:A1:51",
        "ssid": "FVDec1bbd2ca151",
        "oui": "EC:1B:BD",
        "channel": 11,
        "encryption": "wpa2",
        "firsttime": "2024-04-13T00:00:00.000Z",
        "lasttime": "2025-10-07T19:00:00.000Z",
        "city": "Sydney",
        "region": "New South Wales",
        "country": "AU",
        "road": "Cross Street",
        "postalcode": "2100"
      }
    },
    {
      "type": "Feature",
      "geometry": {
        "type": "Point",
        "coordinates": [
          144.97581482,
          -37.80898285
        ]
      },
      "properties": {
        "netid": "EC:1B:BD:2C:A1:5B",
        "ssid": "FVDec1bbd2ca15b",
        "oui": "EC:1B:BD",
        "channel": 11,
        "encryption": "wpa2",
        "firsttime": "2023-09-07T04:00:00.000Z",
        "lasttime": "2025-12-20T15:00:00.000Z",
        "city": "Melbourne",
        "region": "Victoria",
        "country": "AU",
        "road": "Gisborne Street",
        "postalcode": "3002"
      }
    },
    {
      "type": "Feature",
      "geometry": {
        "type": "Point",
        "coordinates": [
          -111.54937744,
          33.414608
        ]
      },
      "properties": {
        "netid": "EC:1B:BD:2C:A1:87",
        "ssid": "simplySnap_648731",
        "oui": "EC:1B:BD",
        "channel": 6,
        "encryption": "wpa2",
        "firsttime": "2023-10-22T00:00:00.000Z",
        "lasttime": "2026-08-17T14:00:00.000Z",
        "city": null,
        "region": "AZ",
        "country": "US",
        "road": "West Old West Highway",
        "postalcode": "85220"
      }
    },
    {
      "type": "Feature",
      "geometry": {
        "type": "Point",
        "coordinates": [
          145.28327942,
          -38.11019516
        ]
      },
      "properties": {
        "netid": "EC:1B:BD:2C:A1:A8",
        "ssid": "FVDec1bbd2ca1a8",
        "oui": "EC:1B:BD",
        "channel": 11,
        "encryption": "wpa2",
        "firsttime": "2025-03-27T05:00:00.000Z",
        "lasttime": "2026-04-26T17:00:00.000Z",
        "city": "Melbourne",
        "region": "Victoria",
        "country": "AU",
        "road": "High Street",
        "postalcode": "3977"
      }
    },
    {
      "type": "Feature",
      "geometry": {
        "type": "Point",
        "coordinates": [
          -1.3770808,
          50.89833832
        ]
      },
      "properties": {
        "netid": "EC:1B:BD:2C:A1:AB",
        "ssid": "FVDec1bbd2ca1ab",
        "oui": "EC:1B:BD",
        "channel": 11,
        "encryption": "wpa2",
        "firsttime": "2024-07-17T12:00:00.000Z",
        "lasttime": "2025-09-01T07:00:00.000Z",
        "city": "Southampton",
        "region": "England",
        "country": "GB",
        "road": "Cooper's Lane",
        "postalcode": "SO19 9AD"
      }
    },
    {
      "type": "Feature",
      "geometry": {
        "type": "Point",
        "coordinates": [
          138.54425049,
          -35.01702499
        ]
      },
      "properties": {
        "netid": "EC:1B:BD:2C:A1:AD",
        "ssid": "FVDec1bbd2ca1ad",
        "oui": "EC:1B:BD",
        "channel": 11,
        "encryption": "wpa2",
        "firsttime": "2021-01-31T16:00:00.000Z",
        "lasttime": "2026-07-23T23:00:00.000Z",
        "city": "Adelaide",
        "region": "South Australia",
        "country": "AU",
        "road": "Kelmscott Street",
        "postalcode": "5046"
      }
    },
    {
      "type": "Feature",
      "geometry": {
        "type": "Point",
        "coordinates": [
          147.14144897,
          -41.43560791
        ]
      },
      "properties": {
        "netid": "EC:1B:BD:2C:A1:B5",
        "ssid": "FVDec1bbd2ca1b5",
        "oui": "EC:1B:BD",
        "channel": 11,
        "encryption": "wpa2",
        "firsttime": "2003-02-14T11:00:00.000Z",
        "lasttime": "2026-01-09T21:00:00.000Z",
        "city": "Launceston",
        "region": "Tasmania",
        "country": "AU",
        "road": "Brisbane Street",
        "postalcode": "7250"
      }
    },
    {
      "type": "Feature",
      "geometry": {
        "type": "Point",
        "coordinates": [
          145.77227783,
          -16.92485619
        ]
      },
      "properties": {
        "netid": "EC:1B:BD:2C:A1:B7",
        "ssid": "FVDec1bbd2ca1b7",
        "oui": "EC:1B:BD",
        "channel": 11,
        "encryption": "wpa2",
        "firsttime": "2021-09-25T12:00:00.000Z",
        "lasttime": "2026-08-28T22:00:00.000Z",
        "city": "Cairns",
        "region": "Queensland",
        "country": "AU",
        "road": "Spence Street",
        "postalcode": "4870"
      }
    },
    {
      "type": "Feature",
      "geometry": {
        "type": "Point",
        "coordinates": [
          6.29048395,
          51.96644211
        ]
      },
      "properties": {
        "netid": "EC:1B:BD:2C:A1:C2",
        "ssid": "FVDec1bbd2ca1c2",
        "oui": "EC:1B:BD",
        "channel": 11,
        "encryption": "wpa2",
        "firsttime": "2023-07-26T13:00:00.000Z",
        "lasttime": "2026-05-07T02:00:00.000Z",
        "city": null,
        "region": "Gelderland",
        "country": "NL",
        "road": "Plantsoenstraat",
        "postalcode": "7001AA"
      }
    },
    {
      "type": "Feature",
      "geometry": {
        "type": "Point",
        "coordinates": [
          -91.09613037,
          30.44532394
        ]
      },
      "properties": {
        "netid": "EC:1B:BD:2C:A1:D9",
        "ssid": "FVDec1bbd2ca1d9",
        "oui": "EC:1B:BD",
        "channel": 11,
        "encryption": "wpa2",
        "firsttime": "2024-12-11T18:00:00.000Z",
        "lasttime": "2024-12-16T05:00:00.000Z",
        "city": "Baton Rouge",
        "region": "LA",
        "country": "US",
        "road": "Connells Park Lane",
        "postalcode": "70806"
      }
    },
    {
      "type": "Feature",
      "geometry": {
        "type": "Point",
        "coordinates": [
          178.42398071,
          -18.13896179
        ]
      },
      "properties": {
        "netid": "EC:1B:BD:2C:A1:DD",
        "ssid": "FVDec1bbd2ca1dd",
        "oui": "EC:1B:BD",
        "channel": 11,
        "encryption": "wpa2",
        "firsttime": "2025-10-02T21:00:00.000Z",
        "lasttime": "2025-10-04T20:00:00.000Z",
        "city": "Suva",
        "region": "Central",
        "country": "FJ",
        "road": "Scott Street",
        "postalcode": "2223"
      }
    },
    {
      "type": "Feature",
      "geometry": {
        "type": "Point",
        "coordinates": [
          -3.51400328,
          50.39486694
        ]
      },
      "properties": {
        "netid": "EC:1B:BD:2C:A1:E5",
        "ssid": "FVDec1bbd2ca1e5",
        "oui": "EC:1B:BD",
        "channel": 11,
        "encryption": "wpa2",
        "firsttime": "2021-08-17T10:00:00.000Z",
        "lasttime": "2025-03-28T04:00:00.000Z",
        "city": null,
        "region": "England",
        "country": "GB",
        "road": "Fore Street",
        "postalcode": "TQ5 8DZ"
      }
    },
    {
      "type": "Feature",
      "geometry": {
        "type": "Point",
        "coordinates": [
          -16.25661469,
          28.46878624
        ]
      },
      "properties": {
        "netid": "EC:1B:BD:2C:A1:EF",
        "ssid": "FVDec1bbd2ca1ef",
        "oui": "EC:1B:BD",
        "channel": 11,
        "encryption": "wpa2",
        "firsttime": "2025-07-07T11:00:00.000Z",
        "lasttime": "2026-02-11T10:00:00.000Z",
        "city": null,
        "region": "Santa Cruz de Tenerife",
        "country": "ES",
        "road": "Calle P\u00e9rez de Rozas",
        "postalcode": "38004"
      }
    },
    {
      "type": "Feature",
      "geometry": {
        "type": "Point",
        "coordinates": [
          23.75744247,
          37.98553848
        ]
      },
      "properties": {
        "netid": "EC:1B:BD:2C:A1:F1",
        "ssid": "FVDec1bbd2ca1f1",
        "oui": "EC:1B:BD",
        "channel": 11,
        "encryption": "wpa2",
        "firsttime": "2026-05-12T05:00:00.000Z",
        "lasttime": "2026-05-12T15:00:00.000Z",
        "city": "\u0391\u03b8\u03ae\u03bd\u03b1",
        "region": "\u0391\u03c0\u03bf\u03ba\u03b5\u03bd\u03c4\u03c1\u03c9\u03bc\u03ad\u03bd\u03b7 \u0394\u03b9\u03bf\u03af\u03ba\u03b7\u03c3\u03b7 \u0391\u03c4\u03c4\u03b9\u03ba\u03ae\u03c2",
        "country": "GR",
        "road": "\u0391\u03bd\u03b1\u03c3\u03c4\u03ac\u03c3\u03b9\u03bf\u03c5 \u03a4\u03c3\u03cc\u03c7\u03b1",
        "postalcode": "11528"
      }
    },
    {
      "type": "Feature",
      "geometry": {
        "type": "Point",
        "coordinates": [
          -8.76479149,
          42.59881973
        ]
      },
      "properties": {
        "netid": "EC:1B:BD:2C:A1:F6",
        "ssid": "FVDec1bbd2ca1f6",
        "oui": "EC:1B:BD",
        "channel": 11,
        "encryption": "wpa2",
        "firsttime": "2025-01-07T11:00:00.000Z",
        "lasttime": "2026-01-22T18:00:00.000Z",
        "city": null,
        "region": "Galicia",
        "country": "ES",
        "road": "R\u00faa Alcalde Rey Davi\u00f1a",
        "postalcode": "36600"
      }
    },
    {
      "type": "Feature",
      "geometry": {
        "type": "Point",
        "coordinates": [
          -3.61205912,
          37.17751312
        ]
      },
      "properties": {
        "netid": "EC:1B:BD:2C:A2:0B",
        "ssid": "FVDec1bbd2ca20b",
        "oui": "EC:1B:BD",
        "channel": 11,
        "encryption": "wpa2",
        "firsttime": "2026-04-20T16:00:00.000Z",
        "lasttime": "2026-04-22T03:00:00.000Z",
        "city": "Granada",
        "region": "Andaluc\u00eda",
        "country": "ES",
        "road": "Plaza Guitarrista Manuel Cano",
        "postalcode": "18003"
      }
    },
    {
      "type": "Feature",
      "geometry": {
        "type": "Point",
        "coordinates": [
          152.99162292,
          -27.30876732
        ]
      },
      "properties": {
        "netid": "EC:1B:BD:2C:A2:0C",
        "ssid": "FVDec1bbd2ca20c",
        "oui": "EC:1B:BD",
        "channel": 11,
        "encryption": "wpa2",
        "firsttime": "2024-05-22T23:00:00.000Z",
        "lasttime": "2026-04-18T18:00:00.000Z",
        "city": null,
        "region": "Queensland",
        "country": "AU",
        "road": "Learmonth Street",
        "postalcode": "4500"
      }
    },
    {
      "type": "Feature",
      "geometry": {
        "type": "Point",
        "coordinates": [
          -0.34654304,
          39.45700836
        ]
      },
      "properties": {
        "netid": "EC:1B:BD:2C:A2:14",
        "ssid": "FVDec1bbd2ca214",
        "oui": "EC:1B:BD",
        "channel": 11,
        "encryption": "wpa2",
        "firsttime": "2021-12-06T17:00:00.000Z",
        "lasttime": "2024-12-03T00:00:00.000Z",
        "city": "Val\u00e8ncia",
        "region": "Comunitat Valenciana",
        "country": "ES",
        "road": "Carrer de Menorca",
        "postalcode": "46023"
      }
    },
    {
      "type": "Feature",
      "geometry": {
        "type": "Point",
        "coordinates": [
          153.02568054,
          -27.46363831
        ]
      },
      "properties": {
        "netid": "EC:1B:BD:2C:A2:15",
        "ssid": "FVDec1bbd2ca215",
        "oui": "EC:1B:BD",
        "channel": 11,
        "encryption": "wpa2",
        "firsttime": "2026-07-10T03:00:00.000Z",
        "lasttime": "2026-07-09T21:00:00.000Z",
        "city": null,
        "region": "Queensland",
        "country": "AU",
        "road": "Astor Terrace",
        "postalcode": "4004"
      }
    },
    {
      "type": "Feature",
      "geometry": {
        "type": "Point",
        "coordinates": [
          153.02896118,
          -27.44638443
        ]
      },
      "properties": {
        "netid": "EC:1B:BD:2C:A2:1B",
        "ssid": "FVDec1bbd2ca21b",
        "oui": "EC:1B:BD",
        "channel": 11,
        "encryption": "wpa2",
        "firsttime": "2023-01-09T11:00:00.000Z",
        "lasttime": "2026-08-28T07:00:00.000Z",
        "city": null,
        "region": "Queensland",
        "country": "AU",
        "road": "Butterfield Street",
        "postalcode": "4029"
      }
    },
    {
      "type": "Feature",
      "geometry": {
        "type": "Point",
        "coordinates": [
          -82.19117737,
          29.14087677
        ]
      },
      "properties": {
        "netid": "EC:1B:BD:2C:A2:29",
        "ssid": "FVDec1bbd2ca229",
        "oui": "EC:1B:BD",
        "channel": 11,
        "encryption": "wpa2",
        "firsttime": "2026-05-19T17:00:00.000Z",
        "lasttime": "2026-05-19T11:00:00.000Z",
        "city": "Ocala",
        "region": "FL",
        "country": "US",
        "road": "Southwest College Road",
        "postalcode": "34474"
      }
    },
    {
      "type": "Feature",
      "geometry": {
        "type": "Point",
        "coordinates": [
          17.66719055,
          49.22575378
        ]
      },
      "properties": {
        "netid": "EC:1B:BD:2C:A2:35",
        "ssid": "FVDec1bbd2ca235",
        "oui": "EC:1B:BD",
        "channel": 11,
        "encryption": "wpa2",
        "firsttime": "2023-05-13T09:00:00.000Z",
        "lasttime": "2025-07-17T03:00:00.000Z",
        "city": "Zl\u00edn",
        "region": "St\u0159edn\u00ed Morava",
        "country": "CZ",
        "road": "t\u0159\u00edda Tom\u00e1\u0161e Bati",
        "postalcode": "761 50"
      }
    },
    {
      "type": "Feature",
      "geometry": {
        "type": "Point",
        "coordinates": [
          -83.61979675,
          42.21165848
        ]
      },
      "properties": {
        "netid": "EC:1B:BD:2C:A2:39",
        "ssid": "FVDec1bbd2ca239",
        "oui": "EC:1B:BD",
        "channel": 11,
        "encryption": "wpa2",
        "firsttime": "2026-08-06T13:00:00.000Z",
        "lasttime": "2026-08-26T21:00:00.000Z",
        "city": null,
        "region": "MI",
        "country": "US",
        "road": "Whittaker Road",
        "postalcode": "48197"
      }
    },
    {
      "type": "Feature",
      "geometry": {
        "type": "Point",
        "coordinates": [
          13.37843609,
          49.74727631
        ]
      },
      "properties": {
        "netid": "EC:1B:BD:2C:A2:3D",
        "ssid": "FVDec1bbd2ca23d",
        "oui": "EC:1B:BD",
        "channel": 11,
        "encryption": "wpa2",
        "firsttime": "2022-02-21T17:00:00.000Z",
        "lasttime": "2026-03-20T02:00:00.000Z",
        "city": "Plze\u0148",
        "region": "Jihoz\u00e1pad",
        "country": "CZ",
        "road": "n\u00e1m\u011bst\u00ed Republiky",
        "postalcode": "301 37"
      }
    },
    {
      "type": "Feature",
      "geometry": {
        "type": "Point",
        "coordinates": [
          145.21980286,
          -37.97689056
        ]
      },
      "properties": {
        "netid": "EC:1B:BD:2C:A2:48",
        "ssid": "FVDec1bbd2ca248",
        "oui": "EC:1B:BD",
        "channel": 11,
        "encryption": "wpa2",
        "firsttime": "2026-05-03T08:00:00.000Z",
        "lasttime": "2026-05-03T01:00:00.000Z",
        "city": "Melbourne",
        "region": "Victoria",
        "country": "AU",
        "road": "Edward Avenue",
        "postalcode": "3177"
      }
    },
    {
      "type": "Feature",
      "geometry": {
        "type": "Point",
        "coordinates": [
          -17.11219406,
          28.09210205
        ]
      },
      "properties": {
        "netid": "EC:1B:BD:2C:A2:4E",
        "ssid": "FVDec1bbd2ca24e",
        "oui": "EC:1B:BD",
        "channel": 11,
        "encryption": "wpa2",
        "firsttime": "2026-07-24T09:00:00.000Z",
        "lasttime": "2026-07-24T10:00:00.000Z",
        "city": "San Sebasti\u00e1n de la Gomera",
        "region": "Santa Cruz de Tenerife",
        "country": "ES",
        "road": "Avenida de Col\u00f3n",
        "postalcode": "38800"
      }
    },
    {
      "type": "Feature",
      "geometry": {
        "type": "Point",
        "coordinates": [
          10.98467255,
          45.40573502
        ]
      },
      "properties": {
        "netid": "EC:1B:BD:2C:A2:50",
        "ssid": "FVDec1bbd2ca250",
        "oui": "EC:1B:BD",
        "channel": 11,
        "encryption": "wpa2",
        "firsttime": "2026-03-06T12:00:00.000Z",
        "lasttime": "2026-03-06T09:00:00.000Z",
        "city": "Verona",
        "region": "Veneto",
        "country": "IT",
        "road": "Via Scuderlando",
        "postalcode": "37135"
      }
    },
    {
      "type": "Feature",
      "geometry": {
        "type": "Point",
        "coordinates": [
          153.08924866,
          -26.67237091
        ]
      },
      "properties": {
        "netid": "EC:1B:BD:2C:A2:52",
        "ssid": "FVDec1bbd2ca252",
        "oui": "EC:1B:BD",
        "channel": 11,
        "encryption": "wpa2",
        "firsttime": "2025-04-15T04:00:00.000Z",
        "lasttime": "2025-04-15T01:00:00.000Z",
        "city": "Sunshine Coast Regional",
        "region": "Queensland",
        "country": "AU",
        "road": "Wises Road",
        "postalcode": "4558"
      }
    },
    {
      "type": "Feature",
      "geometry": {
        "type": "Point",
        "coordinates": [
          138.59996033,
          -34.92427444
        ]
      },
      "properties": {
        "netid": "EC:1B:BD:2C:A2:73",
        "ssid": "FVDec1bbd2ca273",
        "oui": "EC:1B:BD",
        "channel": 11,
        "encryption": "wpa2",
        "firsttime": "2021-06-10T15:00:00.000Z",
        "lasttime": "2026-09-03T02:00:00.000Z",
        "city": "Adelaide",
        "region": "South Australia",
        "country": "AU",
        "road": "Grenfell Street",
        "postalcode": "5000"
      }
    },
    {
      "type": "Feature",
      "geometry": {
        "type": "Point",
        "coordinates": [
          175.91726685,
          -37.55377197
        ]
      },
      "properties": {
        "netid": "EC:1B:BD:2C:A2:7E",
        "ssid": "FVDec1bbd2ca27e",
        "oui": "EC:1B:BD",
        "channel": 11,
        "encryption": "wpa2",
        "firsttime": "2022-11-29T15:00:00.000Z",
        "lasttime": "2025-02-13T21:00:00.000Z",
        "city": null,
        "region": "Bay of Plenty",
        "country": "NZ",
        "road": "Talisman Drive",
        "postalcode": "3129"
      }
    },
    {
      "type": "Feature",
      "geometry": {
        "type": "Point",
        "coordinates": [
          -1.78411591,
          53.64587402
        ]
      },
      "properties": {
        "netid": "EC:1B:BD:2C:A2:7F",
        "ssid": "FVDec1bbd2ca27f",
        "oui": "EC:1B:BD",
        "channel": 11,
        "encryption": "wpa2",
        "firsttime": "2021-06-05T13:00:00.000Z",
        "lasttime": "2026-08-26T09:00:00.000Z",
        "city": "Kirklees",
        "region": "England",
        "country": "GB",
        "road": "Market Street",
        "postalcode": "HD1 2EH"
      }
    },
    {
      "type": "Feature",
      "geometry": {
        "type": "Point",
        "coordinates": [
          138.49150085,
          -34.88006592
        ]
      },
      "properties": {
        "netid": "EC:1B:BD:2C:A2:91",
        "ssid": "FVDec1bbd2ca291",
        "oui": "EC:1B:BD",
        "channel": 11,
        "encryption": "wpa2",
        "firsttime": "2021-03-01T14:00:00.000Z",
        "lasttime": "2026-03-27T22:00:00.000Z",
        "city": "Adelaide",
        "region": "South Australia",
        "country": "AU",
        "road": "Brebner Drive",
        "postalcode": "5021"
      }
    },
    {
      "type": "Feature",
      "geometry": {
        "type": "Point",
        "coordinates": [
          12.52180195,
          55.65006256
        ]
      },
      "properties": {
        "netid": "EC:1B:BD:2C:A3:D9",
        "ssid": "20140779",
        "oui": "EC:1B:BD",
        "channel": 11,
        "encryption": "wpa2",
        "firsttime": "2020-11-14T14:00:00.000Z",
        "lasttime": "2026-06-16T22:00:00.000Z",
        "city": "K\u00f8benhavn",
        "region": "Region Hovedstaden",
        "country": "DK",
        "road": "Ellebjergvej",
        "postalcode": "2450"
      }
    },
    {
      "type": "Feature",
      "geometry": {
        "type": "Point",
        "coordinates": [
          12.54471207,
          55.65338516
        ]
      },
      "properties": {
        "netid": "EC:1B:BD:2C:A4:0F",
        "ssid": "20146343",
        "oui": "EC:1B:BD",
        "channel": 11,
        "encryption": "wpa2",
        "firsttime": "2020-11-20T10:00:00.000Z",
        "lasttime": "2026-06-09T04:00:00.000Z",
        "city": "K\u00f8benhavn",
        "region": "Region Hovedstaden",
        "country": "DK",
        "road": "Teglholmsgade",
        "postalcode": "2450"
      }
    },
    {
      "type": "Feature",
      "geometry": {
        "type": "Point",
        "coordinates": [
          10.52416229,
          57.41867447
        ]
      },
      "properties": {
        "netid": "EC:1B:BD:2C:A4:5F",
        "ssid": "20146342",
        "oui": "EC:1B:BD",
        "channel": 11,
        "encryption": "wpa2",
        "firsttime": "2001-01-01T00:00:00.000Z",
        "lasttime": "2025-06-06T06:00:00.000Z",
        "city": null,
        "region": "Region Nordjylland",
        "country": "DK",
        "road": "Europavej",
        "postalcode": "9900"
      }
    },
    {
      "type": "Feature",
      "geometry": {
        "type": "Point",
        "coordinates": [
          9.71667099,
          55.53147888
        ]
      },
      "properties": {
        "netid": "EC:1B:BD:2C:A4:70",
        "ssid": "20146339",
        "oui": "EC:1B:BD",
        "channel": 11,
        "encryption": "wpa2",
        "firsttime": "2020-06-01T16:00:00.000Z",
        "lasttime": "2026-08-30T01:00:00.000Z",
        "city": null,
        "region": "Region Syddanmark",
        "country": "DK",
        "road": "Snogh\u00f8j Landevej",
        "postalcode": "7000"
      }
    },
    {
      "type": "Feature",
      "geometry": {
        "type": "Point",
        "coordinates": [
          7.46460819,
          47.00587845
        ]
      },
      "properties": {
        "netid": "EC:1B:BD:2C:A4:79",
        "ssid": "20141600",
        "oui": "EC:1B:BD",
        "channel": 11,
        "encryption": "wpa2",
        "firsttime": "2020-12-05T16:00:00.000Z",
        "lasttime": "2025-03-21T12:00:00.000Z",
        "city": null,
        "region": "Bern/Berne",
        "country": "CH",
        "road": "Z\u00fcrichstrasse",
        "postalcode": "3052"
      }
    },
    {
      "type": "Feature",
      "geometry": {
        "type": "Point",
        "coordinates": [
          9.75133514,
          55.52202225
        ]
      },
      "properties": {
        "netid": "EC:1B:BD:2C:A4:E0",
        "ssid": "20146324",
        "oui": "EC:1B:BD",
        "channel": 11,
        "encryption": "wpa2",
        "firsttime": "2020-06-17T16:00:00.000Z",
        "lasttime": "2026-07-20T12:00:00.000Z",
        "city": null,
        "region": "Region Syddanmark",
        "country": "DK",
        "road": "Gammel Strandvej",
        "postalcode": "5500"
      }
    },
    {
      "type": "Feature",
      "geometry": {
        "type": "Point",
        "coordinates": [
          9.71789742,
          55.53104401
        ]
      },
      "properties": {
        "netid": "EC:1B:BD:2C:A5:05",
        "ssid": "20146336",
        "oui": "EC:1B:BD",
        "channel": 11,
        "encryption": "wpa2",
        "firsttime": "2020-08-09T13:00:00.000Z",
        "lasttime": "2026-08-30T01:00:00.000Z",
        "city": null,
        "region": "Region Syddanmark",
        "country": "DK",
        "road": "Vesterballevej",
        "postalcode": "7000"
      }
    },
    {
      "type": "Feature",
      "geometry": {
        "type": "Point",
        "coordinates": [
          3.92968392,
          50.46201706
        ]
      },
      "properties": {
        "netid": "EC:1B:BD:2C:A5:87",
        "ssid": "20134831",
        "oui": "EC:1B:BD",
        "channel": 11,
        "encryption": "wpa2",
        "firsttime": "2024-01-15T17:00:00.000Z",
        "lasttime": "2025-03-22T04:00:00.000Z",
        "city": "Mons",
        "region": "Hainaut",
        "country": "BE",
        "road": "Boulevard Initialis",
        "postalcode": "7000"
      }
    },
    {
      "type": "Feature",
      "geometry": {
        "type": "Point",
        "coordinates": [
          -4.44643021,
          36.71236038
        ]
      },
      "properties": {
        "netid": "EC:1B:BD:2C:A5:DB",
        "ssid": "FVDec1bbd2ca5db",
        "oui": "EC:1B:BD",
        "channel": 11,
        "encryption": "wpa2",
        "firsttime": "2024-11-07T16:00:00.000Z",
        "lasttime": "2024-11-07T13:00:00.000Z",
        "city": null,
        "region": "Andaluc\u00eda",
        "country": "ES",
        "road": "Calle Fern\u00e1ndez Fermina",
        "postalcode": "29007"
      }
    },
    {
      "type": "Feature",
      "geometry": {
        "type": "Point",
        "coordinates": [
          153.10351562,
          -27.50041199
        ]
      },
      "properties": {
        "netid": "EC:1B:BD:2C:A5:DC",
        "ssid": "FVDec1bbd2ca5dc",
        "oui": "EC:1B:BD",
        "channel": 11,
        "encryption": "wpa2",
        "firsttime": "2022-12-15T10:00:00.000Z",
        "lasttime": "2026-08-30T23:00:00.000Z",
        "city": "Brisbane City",
        "region": "Queensland",
        "country": "AU",
        "road": "Carindale Street",
        "postalcode": "4152"
      }
    },
    {
      "type": "Feature",
      "geometry": {
        "type": "Point",
        "coordinates": [
          152.99101257,
          -27.40813255
        ]
      },
      "properties": {
        "netid": "EC:1B:BD:2C:A5:DE",
        "ssid": "FVDec1bbd2ca5de",
        "oui": "EC:1B:BD",
        "channel": 11,
        "encryption": "wpa2",
        "firsttime": "2024-08-08T21:00:00.000Z",
        "lasttime": "2024-09-12T03:00:00.000Z",
        "city": "Brisbane City",
        "region": "Queensland",
        "country": "AU",
        "road": "South Pine Road",
        "postalcode": "4053"
      }
    },
    {
      "type": "Feature",
      "geometry": {
        "type": "Point",
        "coordinates": [
          4.63506746,
          52.38168335
        ]
      },
      "properties": {
        "netid": "EC:1B:BD:2C:A5:E1",
        "ssid": "FVDec1bbd2ca5e1",
        "oui": "EC:1B:BD",
        "channel": 11,
        "encryption": "wpa2",
        "firsttime": "2022-05-06T10:00:00.000Z",
        "lasttime": "2025-05-28T08:00:00.000Z",
        "city": "Haarlem",
        "region": "Noord-Holland",
        "country": "NL",
        "road": "Zijlstraat",
        "postalcode": "2011TM"
      }
    },
    {
      "type": "Feature",
      "geometry": {
        "type": "Point",
        "coordinates": [
          10.75483131,
          42.9262352
        ]
      },
      "properties": {
        "netid": "EC:1B:BD:2C:A5:E3",
        "ssid": "FVDec1bbd2ca5e3",
        "oui": "EC:1B:BD",
        "channel": 11,
        "encryption": "wpa2",
        "firsttime": "2024-12-24T14:00:00.000Z",
        "lasttime": "2024-12-24T07:00:00.000Z",
        "city": null,
        "region": "Toscana",
        "country": "IT",
        "road": "Via Emilio Bicocchi",
        "postalcode": "58022"
      }
    },
    {
      "type": "Feature",
      "geometry": {
        "type": "Point",
        "coordinates": [
          4.55471706,
          51.94849777
        ]
      },
      "properties": {
        "netid": "EC:1B:BD:2C:A5:E4",
        "ssid": "FVDec1bbd2ca5e4",
        "oui": "EC:1B:BD",
        "channel": 11,
        "encryption": "wpa2",
        "firsttime": "2021-12-30T14:00:00.000Z",
        "lasttime": "2026-08-30T09:00:00.000Z",
        "city": "Rotterdam",
        "region": "Zuid-Holland",
        "country": "NL",
        "road": "Voermanweg",
        "postalcode": "3067LX"
      }
    },
    {
      "type": "Feature",
      "geometry": {
        "type": "Point",
        "coordinates": [
          144.97592163,
          -37.80868149
        ]
      },
      "properties": {
        "netid": "EC:1B:BD:2C:A5:E9",
        "ssid": "FVDec1bbd2ca5e9",
        "oui": "EC:1B:BD",
        "channel": 11,
        "encryption": "wpa2",
        "firsttime": "2024-04-08T00:00:00.000Z",
        "lasttime": "2024-10-24T20:00:00.000Z",
        "city": "Melbourne",
        "region": "Victoria",
        "country": "AU",
        "road": "Gisborne Street",
        "postalcode": "3002"
      }
    },
    {
      "type": "Feature",
      "geometry": {
        "type": "Point",
        "coordinates": [
          24.96746826,
          60.20249939
        ]
      },
      "properties": {
        "netid": "EC:1B:BD:2C:A5:EB",
        "ssid": "FVDec1bbd2ca5eb",
        "oui": "EC:1B:BD",
        "channel": 11,
        "encryption": "wpa2",
        "firsttime": "2021-06-08T14:00:00.000Z",
        "lasttime": "2026-08-26T07:00:00.000Z",
        "city": "Helsinki",
        "region": "Manner-Suomi",
        "country": "FI",
        "road": "Toukolankatu",
        "postalcode": "00560"
      }
    },
    {
      "type": "Feature",
      "geometry": {
        "type": "Point",
        "coordinates": [
          144.97607422,
          -37.80896759
        ]
      },
      "properties": {
        "netid": "EC:1B:BD:2C:A5:EE",
        "ssid": "FVDec1bbd2ca5ee",
        "oui": "EC:1B:BD",
        "channel": 11,
        "encryption": "wpa2",
        "firsttime": "2024-10-25T03:00:00.000Z",
        "lasttime": "2024-10-24T23:00:00.000Z",
        "city": "Melbourne",
        "region": "Victoria",
        "country": "AU",
        "road": "Gisborne Street",
        "postalcode": "3002"
      }
    },
    {
      "type": "Feature",
      "geometry": {
        "type": "Point",
        "coordinates": [
          144.97596741,
          -37.80868912
        ]
      },
      "properties": {
        "netid": "EC:1B:BD:2C:A5:F0",
        "ssid": "FVDec1bbd2ca5f0",
        "oui": "EC:1B:BD",
        "channel": 11,
        "encryption": "wpa2",
        "firsttime": "2024-10-25T03:00:00.000Z",
        "lasttime": "2024-10-24T20:00:00.000Z",
        "city": "Melbourne",
        "region": "Victoria",
        "country": "AU",
        "road": "Gisborne Street",
        "postalcode": "3002"
      }
    },
    {
      "type": "Feature",
      "geometry": {
        "type": "Point",
        "coordinates": [
          144.97695923,
          -37.80841827
        ]
      },
      "properties": {
        "netid": "EC:1B:BD:2C:A5:F7",
        "ssid": "FVDec1bbd2ca5f7",
        "oui": "EC:1B:BD",
        "channel": 11,
        "encryption": "wpa2",
        "firsttime": "2024-12-08T22:00:00.000Z",
        "lasttime": "2026-07-21T00:00:00.000Z",
        "city": "Melbourne",
        "region": "Victoria",
        "country": "AU",
        "road": "Victoria Parade",
        "postalcode": "3002"
      }
    },
    {
      "type": "Feature",
      "geometry": {
        "type": "Point",
        "coordinates": [
          144.97613525,
          -37.80898285
        ]
      },
      "properties": {
        "netid": "EC:1B:BD:2C:A5:FB",
        "ssid": "FVDec1bbd2ca5fb",
        "oui": "EC:1B:BD",
        "channel": 11,
        "encryption": "wpa2",
        "firsttime": "2024-10-25T03:00:00.000Z",
        "lasttime": "2024-10-24T23:00:00.000Z",
        "city": "Melbourne",
        "region": "Victoria",
        "country": "AU",
        "road": "Gisborne Street",
        "postalcode": "3002"
      }
    },
    {
      "type": "Feature",
      "geometry": {
        "type": "Point",
        "coordinates": [
          -15.42945099,
          28.12585449
        ]
      },
      "properties": {
        "netid": "EC:1B:BD:2C:A5:FF",
        "ssid": "FVDec1bbd2ca5ff",
        "oui": "EC:1B:BD",
        "channel": 11,
        "encryption": "wpa2",
        "firsttime": "2025-11-01T13:00:00.000Z",
        "lasttime": "2025-12-19T14:00:00.000Z",
        "city": "Las Palmas de Gran Canaria",
        "region": "Las Palmas",
        "country": "ES",
        "road": "Calle Le\u00f3n y Castillo",
        "postalcode": "35005"
      }
    },
    {
      "type": "Feature",
      "geometry": {
        "type": "Point",
        "coordinates": [
          2.11004233,
          41.54663849
        ]
      },
      "properties": {
        "netid": "EC:1B:BD:2C:A6:00",
        "ssid": "FVDec1bbd2ca600",
        "oui": "EC:1B:BD",
        "channel": 11,
        "encryption": "wpa2",
        "firsttime": "2026-04-06T08:00:00.000Z",
        "lasttime": "2026-05-22T06:00:00.000Z",
        "city": "Sabadell",
        "region": "Catalunya",
        "country": "ES",
        "road": "Carrer de Narc\u00eds Giralt",
        "postalcode": "08201"
      }
    },
    {
      "type": "Feature",
      "geometry": {
        "type": "Point",
        "coordinates": [
          2.17112589,
          41.38835526
        ]
      },
      "properties": {
        "netid": "EC:1B:BD:2C:A6:0A",
        "ssid": "FVDec1bbd2ca60a",
        "oui": "EC:1B:BD",
        "channel": 11,
        "encryption": "wpa2",
        "firsttime": "2026-02-02T19:00:00.000Z",
        "lasttime": "2026-02-02T12:00:00.000Z",
        "city": "Barcelona",
        "region": "Catalunya",
        "country": "ES",
        "road": "Carrer de Pau Claris",
        "postalcode": "08001"
      }
    },
    {
      "type": "Feature",
      "geometry": {
        "type": "Point",
        "coordinates": [
          150.31285095,
          -33.71140289
        ]
      },
      "properties": {
        "netid": "EC:1B:BD:2C:A6:10",
        "ssid": "FVDec1bbd2ca610",
        "oui": "EC:1B:BD",
        "channel": 11,
        "encryption": "wpa2",
        "firsttime": "2022-01-04T11:00:00.000Z",
        "lasttime": "2026-08-28T08:00:00.000Z",
        "city": null,
        "region": "New South Wales",
        "country": "AU",
        "road": "Great Western Highway",
        "postalcode": "2780"
      }
    },
    {
      "type": "Feature",
      "geometry": {
        "type": "Point",
        "coordinates": [
          144.97547913,
          -37.80978775
        ]
      },
      "properties": {
        "netid": "EC:1B:BD:2C:A6:1F",
        "ssid": "FVDec1bbd2ca61f",
        "oui": "EC:1B:BD",
        "channel": 11,
        "encryption": "wpa2",
        "firsttime": "2026-02-12T06:00:00.000Z",
        "lasttime": "2026-02-11T23:00:00.000Z",
        "city": "Melbourne",
        "region": "Victoria",
        "country": "AU",
        "road": "Gisborne Street",
        "postalcode": "3002"
      }
    },
    {
      "type": "Feature",
      "geometry": {
        "type": "Point",
        "coordinates": [
          144.97575378,
          -37.80843353
        ]
      },
      "properties": {
        "netid": "EC:1B:BD:2C:A6:26",
        "ssid": "FVDec1bbd2ca626",
        "oui": "EC:1B:BD",
        "channel": 11,
        "encryption": "wpa2",
        "firsttime": "2025-08-14T07:00:00.000Z",
        "lasttime": "2025-08-14T01:00:00.000Z",
        "city": "Melbourne",
        "region": "Victoria",
        "country": "AU",
        "road": "Gisborne Street",
        "postalcode": "3002"
      }
    },
    {
      "type": "Feature",
      "geometry": {
        "type": "Point",
        "coordinates": [
          -16.25390434,
          28.45935249
        ]
      },
      "properties": {
        "netid": "EC:1B:BD:2C:A6:27",
        "ssid": "FVDec1bbd2ca627",
        "oui": "EC:1B:BD",
        "channel": 11,
        "encryption": "wpa2",
        "firsttime": "2023-09-23T09:00:00.000Z",
        "lasttime": "2025-12-23T08:00:00.000Z",
        "city": "Santa Cruz de Tenerife",
        "region": "Santa Cruz de Tenerife",
        "country": "ES",
        "road": "Avenida Tres de Mayo",
        "postalcode": "38003"
      }
    },
    {
      "type": "Feature",
      "geometry": {
        "type": "Point",
        "coordinates": [
          -5.16122723,
          36.745121
        ]
      },
      "properties": {
        "netid": "EC:1B:BD:2C:A7:CB",
        "ssid": "FVDec1bbd2ca7cb",
        "oui": "EC:1B:BD",
        "channel": 11,
        "encryption": "wpa2",
        "firsttime": "2025-04-07T17:00:00.000Z",
        "lasttime": "2025-04-07T13:00:00.000Z",
        "city": null,
        "region": "Andaluc\u00eda",
        "country": "ES",
        "road": "Carrera Espinel",
        "postalcode": "29400"
      }
    },
    {
      "type": "Feature",
      "geometry": {
        "type": "Point",
        "coordinates": [
          151.22499084,
          -33.8720665
        ]
      },
      "properties": {
        "netid": "EC:1B:BD:2C:A7:D8",
        "ssid": "FVDec1bbd2ca7d8",
        "oui": "EC:1B:BD",
        "channel": 11,
        "encryption": "wpa2",
        "firsttime": "2026-04-11T06:00:00.000Z",
        "lasttime": "2026-04-11T14:00:00.000Z",
        "city": "Sydney",
        "region": "New South Wales",
        "country": "AU",
        "road": "Macleay Street",
        "postalcode": "2011"
      }
    },
    {
      "type": "Feature",
      "geometry": {
        "type": "Point",
        "coordinates": [
          17.23483467,
          49.58722687
        ]
      },
      "properties": {
        "netid": "EC:1B:BD:2C:A7:D9",
        "ssid": "FVDec1bbd2ca7d9",
        "oui": "EC:1B:BD",
        "channel": 11,
        "encryption": "wpa2",
        "firsttime": "2001-01-01T01:00:00.000Z",
        "lasttime": "2026-06-23T09:00:00.000Z",
        "city": "Olomouc",
        "region": "St\u0159edn\u00ed Morava",
        "country": "CZ",
        "road": "Hn\u011bvot\u00ednsk\u00e1",
        "postalcode": "77900"
      }
    },
    {
      "type": "Feature",
      "geometry": {
        "type": "Point",
        "coordinates": [
          27.57873535,
          37.88468552
        ]
      },
      "properties": {
        "netid": "EC:1B:BD:2C:A9:AB",
        "ssid": "Well_11",
        "oui": "EC:1B:BD",
        "channel": 6,
        "encryption": "wpa2",
        "firsttime": "2025-11-26T08:00:00.000Z",
        "lasttime": "2026-08-17T16:00:00.000Z",
        "city": null,
        "region": "Ege B\u00f6lgesi",
        "country": "TR",
        "road": "\u0130zmir - Ayd\u0131n Otoyolu",
        "postalcode": "09700"
      }
    },
    {
      "type": "Feature",
      "geometry": {
        "type": "Point",
        "coordinates": [
          -104.73498535,
          40.36463928
        ]
      },
      "properties": {
        "netid": "EC:1B:BD:2C:AF:E7",
        "ssid": "DE4000Unit152",
        "oui": "EC:1B:BD",
        "channel": 11,
        "encryption": "wpa2",
        "firsttime": "2024-10-24T17:00:00.000Z",
        "lasttime": "2025-02-14T17:00:00.000Z",
        "city": null,
        "region": "CO",
        "country": "US",
        "road": "35th Avenue",
        "postalcode": "80634"
      }
    },
    {
      "type": "Feature",
      "geometry": {
        "type": "Point",
        "coordinates": [
          -104.73497772,
          40.36545563
        ]
      },
      "properties": {
        "netid": "EC:1B:BD:2C:AF:F7",
        "ssid": "DE4000Unit124",
        "oui": "EC:1B:BD",
        "channel": 11,
        "encryption": "wpa2",
        "firsttime": "2024-10-24T17:00:00.000Z",
        "lasttime": "2024-11-26T11:00:00.000Z",
        "city": null,
        "region": "CO",
        "country": "US",
        "road": "35th Avenue",
        "postalcode": "80634"
      }
    },
    {
      "type": "Feature",
      "geometry": {
        "type": "Point",
        "coordinates": [
          9.89901543,
          53.60770798
        ]
      },
      "properties": {
        "netid": "EC:1B:BD:2C:B3:0D",
        "ssid": "20996803",
        "oui": "EC:1B:BD",
        "channel": 11,
        "encryption": "wpa2",
        "firsttime": "2026-05-23T13:00:00.000Z",
        "lasttime": "2026-05-25T03:00:00.000Z",
        "city": "Hamburg",
        "region": "Eidelstedt",
        "country": "DE",
        "road": "Antonie-M\u00f6bis-Weg",
        "postalcode": "22523"
      }
    },
    {
      "type": "Feature",
      "geometry": {
        "type": "Point",
        "coordinates": [
          -93.17804718,
          44.83351898
        ]
      },
      "properties": {
        "netid": "EC:1B:BD:60:C8:D4",
        "ssid": "2ndShooterPro",
        "oui": "EC:1B:BD",
        "channel": 11,
        "encryption": "none",
        "firsttime": "2023-04-26T17:00:00.000Z",
        "lasttime": "2026-05-31T08:00:00.000Z",
        "city": null,
        "region": "MN",
        "country": "US",
        "road": "Yankee Doodle Road",
        "postalcode": "55121"
      }
    },
    {
      "type": "Feature",
      "geometry": {
        "type": "Point",
        "coordinates": [
          -122.40019989,
          37.78508759
        ]
      },
      "properties": {
        "netid": "EC:1B:BD:60:CA:54",
        "ssid": "CineShooter",
        "oui": "EC:1B:BD",
        "channel": 11,
        "encryption": "unknown",
        "firsttime": "2023-03-24T08:00:00.000Z",
        "lasttime": "2026-08-27T23:00:00.000Z",
        "city": "San Francisco",
        "region": "CA",
        "country": "US",
        "road": "3rd Street",
        "postalcode": "94103"
      }
    },
    {
      "type": "Feature",
      "geometry": {
        "type": "Point",
        "coordinates": [
          -86.51755524,
          38.86083984
        ]
      },
      "properties": {
        "netid": "EC:1B:BD:60:EE:16",
        "ssid": "AiM-MXK10-400589",
        "oui": "EC:1B:BD",
        "channel": 11,
        "encryption": "unknown",
        "firsttime": "2025-10-05T19:00:00.000Z",
        "lasttime": "2025-10-05T19:00:00.000Z",
        "city": null,
        "region": "IN",
        "country": "US",
        "road": "16th Street",
        "postalcode": "47421"
      }
    },
    {
      "type": "Feature",
      "geometry": {
        "type": "Point",
        "coordinates": [
          -117.06929016,
          33.06316376
        ]
      },
      "properties": {
        "netid": "EC:1B:BD:60:EE:62",
        "ssid": "AiM-MXK10-400563",
        "oui": "EC:1B:BD",
        "channel": 11,
        "encryption": "none",
        "firsttime": "2024-11-23T21:00:00.000Z",
        "lasttime": "2024-11-24T21:00:00.000Z",
        "city": "Escondido",
        "region": "CA",
        "country": "US",
        "road": "Avocado Highway",
        "postalcode": "92025"
      }
    },
    {
      "type": "Feature",
      "geometry": {
        "type": "Point",
        "coordinates": [
          0.69838244,
          51.91263199
        ]
      },
      "properties": {
        "netid": "EC:1B:BD:60:F0:E6",
        "ssid": "AiM-MX2E-700358",
        "oui": "EC:1B:BD",
        "channel": 6,
        "encryption": "none",
        "firsttime": "2024-10-20T03:00:00.000Z",
        "lasttime": "2025-09-15T12:00:00.000Z",
        "city": "Braintree",
        "region": "England",
        "country": "GB",
        "road": "Coggeshall Road",
        "postalcode": "CO6 2JX"
      }
    },
    {
      "type": "Feature",
      "geometry": {
        "type": "Point",
        "coordinates": [
          -1.3582387,
          51.03713989
        ]
      },
      "properties": {
        "netid": "EC:1B:BD:60:F2:0A",
        "ssid": "AiM-MX2E-700330",
        "oui": "EC:1B:BD",
        "channel": 11,
        "encryption": "none",
        "firsttime": "2026-04-14T12:00:00.000Z",
        "lasttime": "2026-08-23T16:00:00.000Z",
        "city": "Winchester",
        "region": "England",
        "country": "GB",
        "road": "Port Lane",
        "postalcode": "SO21 2LQ"
      }
    },
    {
      "type": "Feature",
      "geometry": {
        "type": "Point",
        "coordinates": [
          5.36074257,
          52.0840683
        ]
      },
      "properties": {
        "netid": "EC:1B:BD:60:F2:77",
        "ssid": "AiM-MX2E-700319",
        "oui": "EC:1B:BD",
        "channel": 6,
        "encryption": "unknown",
        "firsttime": "2024-10-05T15:00:00.000Z",
        "lasttime": "2024-10-05T11:00:00.000Z",
        "city": null,
        "region": "Utrecht",
        "country": "NL",
        "road": "Zeisterweg",
        "postalcode": "3931MH"
      }
    },
    {
      "type": "Feature",
      "geometry": {
        "type": "Point",
        "coordinates": [
          100.06013489,
          9.53218651
        ]
      },
      "properties": {
        "netid": "EC:1B:BD:60:F3:16",
        "ssid": "AiM-MXK10-400580",
        "oui": "EC:1B:BD",
        "channel": 11,
        "encryption": "unknown",
        "firsttime": "2025-09-07T10:00:00.000Z",
        "lasttime": "2025-09-20T09:00:00.000Z",
        "city": null,
        "region": "\u0e08\u0e31\u0e07\u0e2b\u0e27\u0e31\u0e14\u0e2a\u0e38\u0e23\u0e32\u0e29\u0e0e\u0e23\u0e4c\u0e18\u0e32\u0e19\u0e35",
        "country": "TH",
        "road": null,
        "postalcode": "84320"
      }
    },
    {
      "type": "Feature",
      "geometry": {
        "type": "Point",
        "coordinates": [
          6.20540285,
          52.60448456
        ]
      },
      "properties": {
        "netid": "EC:1B:BD:60:F3:27",
        "ssid": "AiM-MXK10-400576",
        "oui": "EC:1B:BD",
        "channel": 1,
        "encryption": "unknown",
        "firsttime": "2025-06-29T06:00:00.000Z",
        "lasttime": "2025-06-29T01:00:00.000Z",
        "city": null,
        "region": "Overijssel",
        "country": "NL",
        "road": "Rijksweg A28",
        "postalcode": "7954GX"
      }
    },
    {
      "type": "Feature",
      "geometry": {
        "type": "Point",
        "coordinates": [
          -84.36663055,
          39.23813248
        ]
      },
      "properties": {
        "netid": "EC:1B:BD:60:F3:7F",
        "ssid": "AiM-MXK10-400600-Trash Zx10",
        "oui": "EC:1B:BD",
        "channel": 1,
        "encryption": "none",
        "firsttime": "2022-08-25T15:00:00.000Z",
        "lasttime": "2026-07-23T21:00:00.000Z",
        "city": null,
        "region": "OH",
        "country": "US",
        "road": "Northeast Expressway",
        "postalcode": "45242"
      }
    },
    {
      "type": "Feature",
      "geometry": {
        "type": "Point",
        "coordinates": [
          144.94400024,
          -37.83126831
        ]
      },
      "properties": {
        "netid": "EC:1B:BD:60:FC:7E",
        "ssid": "AiM-MX2E-100173-SmartyCAM-Coxy",
        "oui": "EC:1B:BD",
        "channel": 1,
        "encryption": "wpa2",
        "firsttime": "2025-07-03T06:00:00.000Z",
        "lasttime": "2025-07-03T00:00:00.000Z",
        "city": "Melbourne",
        "region": "Victoria",
        "country": "AU",
        "road": "Williamstown Road",
        "postalcode": "3207"
      }
    },
    {
      "type": "Feature",
      "geometry": {
        "type": "Point",
        "coordinates": [
          9.28006363,
          50.29036331
        ]
      },
      "properties": {
        "netid": "EC:1B:BD:61:1B:6D",
        "ssid": "AiM-MYC5-056376-Michael 1",
        "oui": "EC:1B:BD",
        "channel": 6,
        "encryption": "unknown",
        "firsttime": "2026-07-04T08:00:00.000Z",
        "lasttime": "2026-07-04T06:00:00.000Z",
        "city": null,
        "region": "Hessen",
        "country": "DE",
        "road": "Langgasse",
        "postalcode": "63607"
      }
    },
    {
      "type": "Feature",
      "geometry": {
        "type": "Point",
        "coordinates": [
          -77.43707275,
          37.54314423
        ]
      },
      "properties": {
        "netid": "EC:1B:BD:61:20:47",
        "ssid": null,
        "oui": "EC:1B:BD",
        "channel": 0,
        "encryption": "none",
        "firsttime": "2025-06-16T19:00:00.000Z",
        "lasttime": "2025-06-16T12:00:00.000Z",
        "city": "Richmond",
        "region": "VA",
        "country": "US",
        "road": "East Broad Street",
        "postalcode": "23219"
      }
    },
    {
      "type": "Feature",
      "geometry": {
        "type": "Point",
        "coordinates": [
          -77.55288696,
          40.05981064
        ]
      },
      "properties": {
        "netid": "EC:1B:BD:61:20:EB",
        "ssid": "AiM-MYC5-001715-Honda",
        "oui": "EC:1B:BD",
        "channel": 11,
        "encryption": "unknown",
        "firsttime": "2026-08-21T18:00:00.000Z",
        "lasttime": "2026-08-21T13:00:00.000Z",
        "city": "Southampton Township",
        "region": "PA",
        "country": "US",
        "road": "Thornwood Road",
        "postalcode": "17257"
      }
    },
    {
      "type": "Feature",
      "geometry": {
        "type": "Point",
        "coordinates": [
          -80.3515625,
          27.26132584
        ]
      },
      "properties": {
        "netid": "EC:1B:BD:61:85:8C",
        "ssid": null,
        "oui": "EC:1B:BD",
        "channel": 1,
        "encryption": "unknown",
        "firsttime": "2026-06-06T20:00:00.000Z",
        "lasttime": "2026-06-07T09:00:00.000Z",
        "city": "Port Saint Lucie",
        "region": "FL",
        "country": "US",
        "road": "Florida's Turnpike",
        "postalcode": "34984"
      }
    },
    {
      "type": "Feature",
      "geometry": {
        "type": "Point",
        "coordinates": [
          4.37506342,
          50.86003494
        ]
      },
      "properties": {
        "netid": "EC:1B:BD:61:E7:C9",
        "ssid": "FN_BM_WIFI",
        "oui": "EC:1B:BD",
        "channel": 9,
        "encryption": "wpa2",
        "firsttime": "2024-06-29T16:00:00.000Z",
        "lasttime": "2024-10-14T23:00:00.000Z",
        "city": null,
        "region": "R\u00e9gion de Bruxelles-Capitale - Brussels Hoofdstedelijk Gewest",
        "country": "BE",
        "road": "Avenue Rogier - Rogierlaan",
        "postalcode": "1030"
      }
    },
    {
      "type": "Feature",
      "geometry": {
        "type": "Point",
        "coordinates": [
          -95.93310547,
          36.13325119
        ]
      },
      "properties": {
        "netid": "EC:1B:BD:62:14:77",
        "ssid": "AiM-MXM-601097-31BW",
        "oui": "EC:1B:BD",
        "channel": 1,
        "encryption": "unknown",
        "firsttime": "2024-12-31T19:00:00.000Z",
        "lasttime": "2024-12-31T20:00:00.000Z",
        "city": "Tulsa",
        "region": "OK",
        "country": "US",
        "road": "East 21st Street",
        "postalcode": "74114"
      }
    },
    {
      "type": "Feature",
      "geometry": {
        "type": "Point",
        "coordinates": [
          6.96689892,
          50.34758759
        ]
      },
      "properties": {
        "netid": "EC:1B:BD:62:14:B5",
        "ssid": "AiM-MXM-600983",
        "oui": "EC:1B:BD",
        "channel": 11,
        "encryption": "unknown",
        "firsttime": "2025-10-18T15:00:00.000Z",
        "lasttime": "2026-08-16T09:00:00.000Z",
        "city": null,
        "region": "Rheinland-Pfalz",
        "country": "DE",
        "road": "In der Stroth",
        "postalcode": "53520"
      }
    },
    {
      "type": "Feature",
      "geometry": {
        "type": "Point",
        "coordinates": [
          5.17422438,
          47.27656174
        ]
      },
      "properties": {
        "netid": "EC:1B:BD:62:16:DB",
        "ssid": "PLT-WiFi_EC1BBD6216DB",
        "oui": "EC:1B:BD",
        "channel": 1,
        "encryption": "unknown",
        "firsttime": "2025-02-14T17:00:00.000Z",
        "lasttime": "2025-06-23T10:00:00.000Z",
        "city": null,
        "region": "Bourgogne-Franche-Comt\u00e9",
        "country": "FR",
        "road": "Grande Rue",
        "postalcode": "21110"
      }
    },
    {
      "type": "Feature",
      "geometry": {
        "type": "Point",
        "coordinates": [
          11.20447826,
          42.39411163
        ]
      },
      "properties": {
        "netid": "EC:1B:BD:62:18:B6",
        "ssid": null,
        "oui": "EC:1B:BD",
        "channel": 10,
        "encryption": "unknown",
        "firsttime": "2026-05-07T10:00:00.000Z",
        "lasttime": "2026-05-30T02:00:00.000Z",
        "city": null,
        "region": "Toscana",
        "country": "IT",
        "road": "Via San Sebastiano",
        "postalcode": "58018"
      }
    },
    {
      "type": "Feature",
      "geometry": {
        "type": "Point",
        "coordinates": [
          12.446805,
          50.08672333
        ]
      },
      "properties": {
        "netid": "EC:1B:BD:62:23:D0",
        "ssid": "AiM-MYC5-056959",
        "oui": "EC:1B:BD",
        "channel": 11,
        "encryption": "unknown",
        "firsttime": "2026-07-10T14:00:00.000Z",
        "lasttime": "2026-07-17T13:00:00.000Z",
        "city": null,
        "region": "Severoz\u00e1pad",
        "country": "CZ",
        "road": "D6;21",
        "postalcode": null
      }
    },
    {
      "type": "Feature",
      "geometry": {
        "type": "Point",
        "coordinates": [
          -71.96704102,
          42.15449524
        ]
      },
      "properties": {
        "netid": "EC:1B:BD:62:25:0D",
        "ssid": "AiM-SOLO2DL-505571",
        "oui": "EC:1B:BD",
        "channel": 1,
        "encryption": "unknown",
        "firsttime": "2026-09-04T16:00:00.000Z",
        "lasttime": "2026-09-04T20:00:00.000Z",
        "city": null,
        "region": "MA",
        "country": "US",
        "road": "Massachusetts Turnpike",
        "postalcode": "01507"
      }
    },
    {
      "type": "Feature",
      "geometry": {
        "type": "Point",
        "coordinates": [
          -80.59518433,
          34.48785019
        ]
      },
      "properties": {
        "netid": "EC:1B:BD:62:25:48",
        "ssid": "AiM-SOLO2DL-505563-Solo 2 DL TT",
        "oui": "EC:1B:BD",
        "channel": 1,
        "encryption": "unknown",
        "firsttime": "2024-03-09T16:00:00.000Z",
        "lasttime": "2024-09-15T16:00:00.000Z",
        "city": "Camden",
        "region": "SC",
        "country": "US",
        "road": "Kershaw Highway",
        "postalcode": "29067"
      }
    },
    {
      "type": "Feature",
      "geometry": {
        "type": "Point",
        "coordinates": [
          -121.98791504,
          47.86981201
        ]
      },
      "properties": {
        "netid": "EC:1B:BD:62:25:E3",
        "ssid": "AiM-SOLO2DL-505526-CASTRO",
        "oui": "EC:1B:BD",
        "channel": 1,
        "encryption": "wpa2",
        "firsttime": "2025-08-09T21:00:00.000Z",
        "lasttime": "2025-08-09T15:00:00.000Z",
        "city": null,
        "region": "WA",
        "country": "US",
        "road": "Cascade View Drive",
        "postalcode": "98272"
      }
    },
    {
      "type": "Feature",
      "geometry": {
        "type": "Point",
        "coordinates": [
          -77.14326477,
          38.99704361
        ]
      },
      "properties": {
        "netid": "EC:1B:BD:62:26:04",
        "ssid": "AiM-SOLO2DL-505513-Solo2DL Henr",
        "oui": "EC:1B:BD",
        "channel": 1,
        "encryption": "unknown",
        "firsttime": "2024-01-12T17:00:00.000Z",
        "lasttime": "2025-06-05T06:00:00.000Z",
        "city": "Bethesda",
        "region": "MD",
        "country": "US",
        "road": "Darby Road",
        "postalcode": "20817"
      }
    },
    {
      "type": "Feature",
      "geometry": {
        "type": "Point",
        "coordinates": [
          -121.98688507,
          47.87016296
        ]
      },
      "properties": {
        "netid": "EC:1B:BD:62:26:D1",
        "ssid": "AiM-SOLO2DL-505656-ADAM LZ",
        "oui": "EC:1B:BD",
        "channel": 6,
        "encryption": "wpa2",
        "firsttime": "2025-08-09T21:00:00.000Z",
        "lasttime": "2025-08-09T15:00:00.000Z",
        "city": null,
        "region": "WA",
        "country": "US",
        "road": null,
        "postalcode": null
      }
    },
    {
      "type": "Feature",
      "geometry": {
        "type": "Point",
        "coordinates": [
          -121.98723602,
          47.87047577
        ]
      },
      "properties": {
        "netid": "EC:1B:BD:62:26:DF",
        "ssid": "AiM-SOLO2DL-505644-AASBO",
        "oui": "EC:1B:BD",
        "channel": 1,
        "encryption": "wpa2",
        "firsttime": "2022-06-11T19:00:00.000Z",
        "lasttime": "2025-08-09T15:00:00.000Z",
        "city": null,
        "region": "WA",
        "country": "US",
        "road": null,
        "postalcode": null
      }
    },
    {
      "type": "Feature",
      "geometry": {
        "type": "Point",
        "coordinates": [
          -119.7638855,
          39.52344894
        ]
      },
      "properties": {
        "netid": "EC:1B:BD:62:48:5D",
        "ssid": "DISTO 1420127",
        "oui": "EC:1B:BD",
        "channel": 11,
        "encryption": "none",
        "firsttime": "2026-07-17T15:00:00.000Z",
        "lasttime": "2026-07-20T10:00:00.000Z",
        "city": null,
        "region": "NV",
        "country": "US",
        "road": "Greg Street",
        "postalcode": "89595"
      }
    },
    {
      "type": "Feature",
      "geometry": {
        "type": "Point",
        "coordinates": [
          12.45107841,
          50.08806229
        ]
      },
      "properties": {
        "netid": "EC:1B:BD:62:50:65",
        "ssid": "AiM-MYC5-059532-Karlos",
        "oui": "EC:1B:BD",
        "channel": 6,
        "encryption": "wpa2",
        "firsttime": "2024-10-15T14:00:00.000Z",
        "lasttime": "2024-10-16T11:00:00.000Z",
        "city": null,
        "region": "Severoz\u00e1pad",
        "country": "CZ",
        "road": "D6",
        "postalcode": null
      }
    },
    {
      "type": "Feature",
      "geometry": {
        "type": "Point",
        "coordinates": [
          -76.70749664,
          39.18006516
        ]
      },
      "properties": {
        "netid": "EC:1B:BD:62:50:B8",
        "ssid": "AiM-MYC5-058787",
        "oui": "EC:1B:BD",
        "channel": 11,
        "encryption": "none",
        "firsttime": "2026-09-05T13:00:00.000Z",
        "lasttime": "2026-09-05T15:00:00.000Z",
        "city": null,
        "region": "MD",
        "country": "US",
        "road": "Stoney Run Road",
        "postalcode": "20794:21076"
      }
    },
    {
      "type": "Feature",
      "geometry": {
        "type": "Point",
        "coordinates": [
          -85.41082764,
          39.85325623
        ]
      },
      "properties": {
        "netid": "EC:1B:BD:62:56:38",
        "ssid": "AiM-MYC5-059277-Coursey",
        "oui": "EC:1B:BD",
        "channel": 11,
        "encryption": "unknown",
        "firsttime": "2025-06-06T12:00:00.000Z",
        "lasttime": "2025-06-06T06:00:00.000Z",
        "city": null,
        "region": "IN",
        "country": "US",
        "road": "I 70",
        "postalcode": "47385"
      }
    },
    {
      "type": "Feature",
      "geometry": {
        "type": "Point",
        "coordinates": [
          -85.40882111,
          39.85322571
        ]
      },
      "properties": {
        "netid": "EC:1B:BD:62:56:F6",
        "ssid": "AiM-MYC5-059443-MYCHRON5",
        "oui": "EC:1B:BD",
        "channel": 1,
        "encryption": "unknown",
        "firsttime": "2025-06-06T12:00:00.000Z",
        "lasttime": "2025-06-06T06:00:00.000Z",
        "city": null,
        "region": "IN",
        "country": "US",
        "road": "I 70",
        "postalcode": "47385"
      }
    },
    {
      "type": "Feature",
      "geometry": {
        "type": "Point",
        "coordinates": [
          16.8254776,
          48.03252411
        ]
      },
      "properties": {
        "netid": "EC:1B:BD:62:57:17",
        "ssid": "AiM-MYC5-060081",
        "oui": "EC:1B:BD",
        "channel": 6,
        "encryption": "unknown",
        "firsttime": "2025-06-14T16:00:00.000Z",
        "lasttime": "2025-06-14T09:00:00.000Z",
        "city": null,
        "region": "Nieder\u00f6sterreich",
        "country": "AT",
        "road": "Ostautobahn",
        "postalcode": "2471"
      }
    },
    {
      "type": "Feature",
      "geometry": {
        "type": "Point",
        "coordinates": [
          -76.22518158,
          43.07964325
        ]
      },
      "properties": {
        "netid": "EC:1B:BD:62:DC:51",
        "ssid": "AiM-MYC5-060649",
        "oui": "EC:1B:BD",
        "channel": 1,
        "encryption": "none",
        "firsttime": "2026-07-11T15:00:00.000Z",
        "lasttime": "2026-07-11T09:00:00.000Z",
        "city": null,
        "region": "NY",
        "country": "US",
        "road": "Pumphouse Road",
        "postalcode": "13209"
      }
    },
    {
      "type": "Feature",
      "geometry": {
        "type": "Point",
        "coordinates": [
          6.96602917,
          50.34687805
        ]
      },
      "properties": {
        "netid": "EC:1B:BD:62:DC:D2",
        "ssid": "AiM-MXM-601178",
        "oui": "EC:1B:BD",
        "channel": 11,
        "encryption": "unknown",
        "firsttime": "2026-08-16T12:00:00.000Z",
        "lasttime": "2026-08-16T09:00:00.000Z",
        "city": null,
        "region": "Rheinland-Pfalz",
        "country": "DE",
        "road": "In der Stroth",
        "postalcode": "53520"
      }
    },
    {
      "type": "Feature",
      "geometry": {
        "type": "Point",
        "coordinates": [
          -105.03596497,
          38.92239761
        ]
      },
      "properties": {
        "netid": "EC:1B:BD:62:DE:3C",
        "ssid": "AiM-MXM-601231-RW",
        "oui": "EC:1B:BD",
        "channel": 1,
        "encryption": "unknown",
        "firsttime": "2021-03-13T08:00:00.000Z",
        "lasttime": "2026-07-16T09:00:00.000Z",
        "city": null,
        "region": "CO",
        "country": "US",
        "road": "Pikes Peak Highway",
        "postalcode": "80819"
      }
    },
    {
      "type": "Feature",
      "geometry": {
        "type": "Point",
        "coordinates": [
          5.96864557,
          50.44336319
        ]
      },
      "properties": {
        "netid": "EC:1B:BD:62:DF:24",
        "ssid": "AiM-MXM-601180-MXm ID Carrera",
        "oui": "EC:1B:BD",
        "channel": 11,
        "encryption": "unknown",
        "firsttime": "2025-05-24T11:00:00.000Z",
        "lasttime": "2025-05-26T14:00:00.000Z",
        "city": null,
        "region": "Li\u00e8ge",
        "country": "BE",
        "road": "Support Pit Lane",
        "postalcode": "4970"
      }
    },
    {
      "type": "Feature",
      "geometry": {
        "type": "Point",
        "coordinates": [
          -124.19628143,
          43.62176132
        ]
      },
      "properties": {
        "netid": "EC:1B:BD:62:E3:12",
        "ssid": "AiM-MYC5-060920",
        "oui": "EC:1B:BD",
        "channel": 6,
        "encryption": "none",
        "firsttime": "2026-08-02T00:00:00.000Z",
        "lasttime": "2026-08-02T17:00:00.000Z",
        "city": null,
        "region": "OR",
        "country": "US",
        "road": null,
        "postalcode": null
      }
    },
    {
      "type": "Feature",
      "geometry": {
        "type": "Point",
        "coordinates": [
          9.27981091,
          50.29043579
        ]
      },
      "properties": {
        "netid": "EC:1B:BD:62:E6:90",
        "ssid": "AiM-MYC5-062868-Hoffmann",
        "oui": "EC:1B:BD",
        "channel": 6,
        "encryption": "unknown",
        "firsttime": "2026-03-08T12:00:00.000Z",
        "lasttime": "2026-03-08T09:00:00.000Z",
        "city": null,
        "region": "Hessen",
        "country": "DE",
        "road": "Langgasse",
        "postalcode": "63607"
      }
    },
    {
      "type": "Feature",
      "geometry": {
        "type": "Point",
        "coordinates": [
          12.68383503,
          43.96236038
        ]
      },
      "properties": {
        "netid": "EC:1B:BD:63:4B:64",
        "ssid": "AiM-MXM-601547",
        "oui": "EC:1B:BD",
        "channel": 1,
        "encryption": "unknown",
        "firsttime": "2026-04-26T10:00:00.000Z",
        "lasttime": "2026-05-04T10:00:00.000Z",
        "city": null,
        "region": "Emilia-Romagna",
        "country": "IT",
        "road": "Via Marco Simoncelli",
        "postalcode": "47843"
      }
    },
    {
      "type": "Feature",
      "geometry": {
        "type": "Point",
        "coordinates": [
          12.68568611,
          43.96247482
        ]
      },
      "properties": {
        "netid": "EC:1B:BD:63:4C:E8",
        "ssid": "AiM-MXM-601282-MXm PMF",
        "oui": "EC:1B:BD",
        "channel": 6,
        "encryption": "wpa2",
        "firsttime": "2026-04-26T08:00:00.000Z",
        "lasttime": "2026-05-04T10:00:00.000Z",
        "city": null,
        "region": "Emilia-Romagna",
        "country": "IT",
        "road": "Via Marco Simoncelli",
        "postalcode": "47843"
      }
    },
    {
      "type": "Feature",
      "geometry": {
        "type": "Point",
        "coordinates": [
          6.94730377,
          50.33543015
        ]
      },
      "properties": {
        "netid": "EC:1B:BD:63:4D:09",
        "ssid": "AiM-MXM-601679-BMW E30 325i",
        "oui": "EC:1B:BD",
        "channel": 6,
        "encryption": "unknown",
        "firsttime": "2025-10-18T14:00:00.000Z",
        "lasttime": "2025-10-18T11:00:00.000Z",
        "city": null,
        "region": "Rheinland-Pfalz",
        "country": "DE",
        "road": "N\u00fcrburgring Sprintstrecke",
        "postalcode": "53520"
      }
    },
    {
      "type": "Feature",
      "geometry": {
        "type": "Point",
        "coordinates": [
          -111.95530701,
          33.2644577
        ]
      },
      "properties": {
        "netid": "EC:1B:BD:63:4E:DD",
        "ssid": "AiM-MX-UTV-100678",
        "oui": "EC:1B:BD",
        "channel": 1,
        "encryption": "unknown",
        "firsttime": "2025-03-15T16:00:00.000Z",
        "lasttime": "2025-03-15T22:00:00.000Z",
        "city": null,
        "region": "AZ",
        "country": "US",
        "road": "I 10",
        "postalcode": "85048"
      }
    },
    {
      "type": "Feature",
      "geometry": {
        "type": "Point",
        "coordinates": [
          144.38163757,
          -38.05849457
        ]
      },
      "properties": {
        "netid": "EC:1B:BD:63:50:EB",
        "ssid": "AiM-MYC5-063326",
        "oui": "EC:1B:BD",
        "channel": 6,
        "encryption": "unknown",
        "firsttime": "2026-02-04T00:00:00.000Z",
        "lasttime": "2026-02-03T19:00:00.000Z",
        "city": null,
        "region": "Victoria",
        "country": "AU",
        "road": "Geelong Ring Road",
        "postalcode": "3214"
      }
    },
    {
      "type": "Feature",
      "geometry": {
        "type": "Point",
        "coordinates": [
          8.81524658,
          45.16482544
        ]
      },
      "properties": {
        "netid": "EC:1B:BD:63:53:02",
        "ssid": "AiM-MYC5-062765-FILO141",
        "oui": "EC:1B:BD",
        "channel": 6,
        "encryption": "wpa2",
        "firsttime": "2025-11-03T09:00:00.000Z",
        "lasttime": "2025-11-03T11:00:00.000Z",
        "city": null,
        "region": "Lombardia",
        "country": "IT",
        "road": "SP16",
        "postalcode": "27034"
      }
    },
    {
      "type": "Feature",
      "geometry": {
        "type": "Point",
        "coordinates": [
          6.14335155,
          51.7991333
        ]
      },
      "properties": {
        "netid": "EC:1B:BD:63:92:97",
        "ssid": "PEL104-198897ULH",
        "oui": "EC:1B:BD",
        "channel": 1,
        "encryption": "wpa2",
        "firsttime": "2026-05-20T12:00:00.000Z",
        "lasttime": "2026-05-20T10:00:00.000Z",
        "city": "Kleve",
        "region": "Nordrhein-Westfalen",
        "country": "DE",
        "road": "Klever Ring",
        "postalcode": "47533"
      }
    },
    {
      "type": "Feature",
      "geometry": {
        "type": "Point",
        "coordinates": [
          8.46852112,
          49.4817543
        ]
      },
      "properties": {
        "netid": "EC:1B:BD:63:94:27",
        "ssid": "PEL105-195934TKH",
        "oui": "EC:1B:BD",
        "channel": 1,
        "encryption": "wpa2",
        "firsttime": "2025-07-11T16:00:00.000Z",
        "lasttime": "2025-12-03T11:00:00.000Z",
        "city": "Mannheim",
        "region": "Baden-W\u00fcrttemberg",
        "country": "DE",
        "road": null,
        "postalcode": "68161"
      }
    },
    {
      "type": "Feature",
      "geometry": {
        "type": "Point",
        "coordinates": [
          -97.17150116,
          30.18125916
        ]
      },
      "properties": {
        "netid": "EC:1B:BD:7A:7C:19",
        "ssid": null,
        "oui": "EC:1B:BD",
        "channel": 0,
        "encryption": "unknown",
        "firsttime": "2024-10-09T06:00:00.000Z",
        "lasttime": "2024-10-09T17:00:00.000Z",
        "city": null,
        "region": "TX",
        "country": "US",
        "road": "TX 21",
        "postalcode": "78659"
      }
    },
    {
      "type": "Feature",
      "geometry": {
        "type": "Point",
        "coordinates": [
          -121.88735199,
          37.33863449
        ]
      },
      "properties": {
        "netid": "EC:1B:BD:8C:CA:2B",
        "ssid": "2A_B10X-2204025531",
        "oui": "EC:1B:BD",
        "channel": 0,
        "encryption": "unknown",
        "firsttime": "2025-08-23T00:00:00.000Z",
        "lasttime": "2025-08-23T02:00:00.000Z",
        "city": "San Jose",
        "region": "CA",
        "country": "US",
        "road": "North 4th Street",
        "postalcode": "95112-3580"
      }
    },
    {
      "type": "Feature",
      "geometry": {
        "type": "Point",
        "coordinates": [
          92.89302826,
          56.04219818
        ]
      },
      "properties": {
        "netid": "EC:1B:BD:A5:F3:28",
        "ssid": "VG0077AP",
        "oui": "EC:1B:BD",
        "channel": 7,
        "encryption": "unknown",
        "firsttime": "2023-06-29T09:00:00.000Z",
        "lasttime": "2024-11-22T04:00:00.000Z",
        "city": "\u041a\u0440\u0430\u0441\u043d\u043e\u044f\u0440\u0441\u043a",
        "region": "\u041a\u0440\u0430\u0441\u043d\u043e\u044f\u0440\u0441\u043a\u0438\u0439 \u043a\u0440\u0430\u0439",
        "country": "RU",
        "road": "\u0443\u043b\u0438\u0446\u0430 \u0428\u0430\u0445\u0442\u0451\u0440\u043e\u0432",
        "postalcode": "660000"
      }
    },
    {
      "type": "Feature",
      "geometry": {
        "type": "Point",
        "coordinates": [
          146.13908386,
          -37.30113983
        ]
      },
      "properties": {
        "netid": "EC:1B:BD:BD:12:E2",
        "ssid": "IRIDIUM-45243",
        "oui": "EC:1B:BD",
        "channel": 5,
        "encryption": "unknown",
        "firsttime": "2026-04-04T03:00:00.000Z",
        "lasttime": "2026-04-05T03:00:00.000Z",
        "city": null,
        "region": "Victoria",
        "country": "AU",
        "road": "Chenery Street",
        "postalcode": null
      }
    },
    {
      "type": "Feature",
      "geometry": {
        "type": "Point",
        "coordinates": [
          -115.23517609,
          36.07246017
        ]
      },
      "properties": {
        "netid": "EC:1B:BD:BD:17:5A",
        "ssid": "3DD_01762564",
        "oui": "EC:1B:BD",
        "channel": 1,
        "encryption": "unknown",
        "firsttime": "2024-01-29T20:00:00.000Z",
        "lasttime": "2026-08-12T11:00:00.000Z",
        "city": null,
        "region": "NV",
        "country": "US",
        "road": "West Sunset Road",
        "postalcode": "89113-4057"
      }
    },
    {
      "type": "Feature",
      "geometry": {
        "type": "Point",
        "coordinates": [
          145.49613953,
          -37.93887329
        ]
      },
      "properties": {
        "netid": "EC:1B:BD:BD:18:D2",
        "ssid": "IRIDIUM-45772",
        "oui": "EC:1B:BD",
        "channel": 5,
        "encryption": "unknown",
        "firsttime": "2026-09-03T08:00:00.000Z",
        "lasttime": "2026-09-03T02:00:00.000Z",
        "city": "Melbourne",
        "region": "Victoria",
        "country": "AU",
        "road": "Belgrave - Gembrook Road",
        "postalcode": "3781"
      }
    },
    {
      "type": "Feature",
      "geometry": {
        "type": "Point",
        "coordinates": [
          14.50006676,
          35.9016571
        ]
      },
      "properties": {
        "netid": "EC:1B:BD:BD:18:E1",
        "ssid": "IRIDIUM-45842",
        "oui": "EC:1B:BD",
        "channel": 5,
        "encryption": "wpa2",
        "firsttime": "2024-12-09T17:00:00.000Z",
        "lasttime": "2024-12-11T05:00:00.000Z",
        "city": null,
        "region": "\u010aentrali",
        "country": "MT",
        "road": "Triq Il-Forti Manoel",
        "postalcode": "GZR 1023"
      }
    },
    {
      "type": "Feature",
      "geometry": {
        "type": "Point",
        "coordinates": [
          12.54514313,
          55.65306091
        ]
      },
      "properties": {
        "netid": "EC:1B:BD:BD:18:FA",
        "ssid": "20140773",
        "oui": "EC:1B:BD",
        "channel": 11,
        "encryption": "wpa2",
        "firsttime": "2020-11-20T10:00:00.000Z",
        "lasttime": "2026-06-09T04:00:00.000Z",
        "city": "K\u00f8benhavn",
        "region": "Region Hovedstaden",
        "country": "DK",
        "road": "Teglholmsgade",
        "postalcode": "2450"
      }
    },
    {
      "type": "Feature",
      "geometry": {
        "type": "Point",
        "coordinates": [
          9.67398357,
          55.53914642
        ]
      },
      "properties": {
        "netid": "EC:1B:BD:BD:18:FC",
        "ssid": "20140780",
        "oui": "EC:1B:BD",
        "channel": 11,
        "encryption": "wpa2",
        "firsttime": "2021-10-24T20:00:00.000Z",
        "lasttime": "2026-07-11T10:00:00.000Z",
        "city": null,
        "region": "Region Syddanmark",
        "country": "DK",
        "road": "Taulovmotorvejen",
        "postalcode": "7000"
      }
    },
    {
      "type": "Feature",
      "geometry": {
        "type": "Point",
        "coordinates": [
          10.70695782,
          43.54284286
        ]
      },
      "properties": {
        "netid": "EC:1B:BD:BD:19:02",
        "ssid": "20149112",
        "oui": "EC:1B:BD",
        "channel": 11,
        "encryption": "wpa2",
        "firsttime": "2025-09-06T07:00:00.000Z",
        "lasttime": "2026-01-02T08:00:00.000Z",
        "city": null,
        "region": "Toscana",
        "country": "IT",
        "road": "Strada Provinciale 41 di Peccioli",
        "postalcode": "56030"
      }
    },
    {
      "type": "Feature",
      "geometry": {
        "type": "Point",
        "coordinates": [
          9.67359066,
          55.53920746
        ]
      },
      "properties": {
        "netid": "EC:1B:BD:BD:19:1F",
        "ssid": "20140775",
        "oui": "EC:1B:BD",
        "channel": 11,
        "encryption": "wpa2",
        "firsttime": "2021-05-16T12:00:00.000Z",
        "lasttime": "2026-06-18T10:00:00.000Z",
        "city": null,
        "region": "Region Syddanmark",
        "country": "DK",
        "road": "Taulovmotorvejen",
        "postalcode": "7000"
      }
    },
    {
      "type": "Feature",
      "geometry": {
        "type": "Point",
        "coordinates": [
          12.12583923,
          55.64461136
        ]
      },
      "properties": {
        "netid": "EC:1B:BD:BD:19:B0",
        "ssid": "20140787",
        "oui": "EC:1B:BD",
        "channel": 11,
        "encryption": "wpa2",
        "firsttime": "2024-01-18T10:00:00.000Z",
        "lasttime": "2026-09-02T02:00:00.000Z",
        "city": "Roskilde",
        "region": "Region Sj\u00e6lland",
        "country": "DK",
        "road": "Industrivej",
        "postalcode": "4000"
      }
    },
    {
      "type": "Feature",
      "geometry": {
        "type": "Point",
        "coordinates": [
          8.93440819,
          56.14995575
        ]
      },
      "properties": {
        "netid": "EC:1B:BD:BD:19:DC",
        "ssid": "20187697",
        "oui": "EC:1B:BD",
        "channel": 11,
        "encryption": "wpa2",
        "firsttime": "2025-05-14T07:00:00.000Z",
        "lasttime": "2025-05-14T03:00:00.000Z",
        "city": null,
        "region": "Region Midtjylland",
        "country": "DK",
        "road": "Holstebrovej",
        "postalcode": "7400"
      }
    },
    {
      "type": "Feature",
      "geometry": {
        "type": "Point",
        "coordinates": [
          0.65908557,
          51.56301498
        ]
      },
      "properties": {
        "netid": "EC:1B:BD:BD:1A:90",
        "ssid": "20095970",
        "oui": "EC:1B:BD",
        "channel": 11,
        "encryption": "wpa2",
        "firsttime": "2020-02-18T10:00:00.000Z",
        "lasttime": "2026-04-06T04:00:00.000Z",
        "city": "Southend-on-Sea",
        "region": "England",
        "country": "GB",
        "road": "Southend Arterial Road",
        "postalcode": "SS9 5UU"
      }
    },
    {
      "type": "Feature",
      "geometry": {
        "type": "Point",
        "coordinates": [
          11.67303467,
          48.13035583
        ]
      },
      "properties": {
        "netid": "EC:1B:BD:BD:1A:91",
        "ssid": "WB20134548",
        "oui": "EC:1B:BD",
        "channel": 11,
        "encryption": "wpa2",
        "firsttime": "2024-05-13T10:00:00.000Z",
        "lasttime": "2025-06-22T14:00:00.000Z",
        "city": "M\u00fcnchen",
        "region": "Bayern",
        "country": "DE",
        "road": "Truchthari-Anger",
        "postalcode": "81829"
      }
    },
    {
      "type": "Feature",
      "geometry": {
        "type": "Point",
        "coordinates": [
          9.67413425,
          55.53911972
        ]
      },
      "properties": {
        "netid": "EC:1B:BD:BD:1A:AF",
        "ssid": "20146338",
        "oui": "EC:1B:BD",
        "channel": 11,
        "encryption": "wpa2",
        "firsttime": "2021-05-16T12:00:00.000Z",
        "lasttime": "2026-07-11T10:00:00.000Z",
        "city": null,
        "region": "Region Syddanmark",
        "country": "DK",
        "road": "Taulovmotorvejen",
        "postalcode": "7000"
      }
    },
    {
      "type": "Feature",
      "geometry": {
        "type": "Point",
        "coordinates": [
          6.36605024,
          49.47499847
        ]
      },
      "properties": {
        "netid": "EC:1B:BD:BD:1A:B6",
        "ssid": "20095962",
        "oui": "EC:1B:BD",
        "channel": 11,
        "encryption": "wpa2",
        "firsttime": "2022-07-25T15:00:00.000Z",
        "lasttime": "2026-03-29T01:00:00.000Z",
        "city": null,
        "region": "Canton Remich",
        "country": "LU",
        "road": "W\u00e4istrooss",
        "postalcode": "5445"
      }
    },
    {
      "type": "Feature",
      "geometry": {
        "type": "Point",
        "coordinates": [
          9.7475214,
          55.52427292
        ]
      },
      "properties": {
        "netid": "EC:1B:BD:BD:1B:05",
        "ssid": "20140769",
        "oui": "EC:1B:BD",
        "channel": 11,
        "encryption": "wpa2",
        "firsttime": "2020-06-17T16:00:00.000Z",
        "lasttime": "2026-06-18T10:00:00.000Z",
        "city": null,
        "region": "Region Syddanmark",
        "country": "DK",
        "road": "Fynske Motorvej",
        "postalcode": "5500"
      }
    },
    {
      "type": "Feature",
      "geometry": {
        "type": "Point",
        "coordinates": [
          12.26222324,
          55.92867661
        ]
      },
      "properties": {
        "netid": "EC:1B:BD:BD:1B:07",
        "ssid": "20140792",
        "oui": "EC:1B:BD",
        "channel": 11,
        "encryption": "wpa2",
        "firsttime": "2020-08-21T10:00:00.000Z",
        "lasttime": "2026-03-04T04:00:00.000Z",
        "city": null,
        "region": "Region Hovedstaden",
        "country": "DK",
        "road": "Egespurs Alle",
        "postalcode": "3400"
      }
    },
    {
      "type": "Feature",
      "geometry": {
        "type": "Point",
        "coordinates": [
          12.37652779,
          55.66416931
        ]
      },
      "properties": {
        "netid": "EC:1B:BD:BD:1B:10",
        "ssid": "20140782",
        "oui": "EC:1B:BD",
        "channel": 11,
        "encryption": "wpa2",
        "firsttime": "2020-11-16T10:00:00.000Z",
        "lasttime": "2025-10-03T05:00:00.000Z",
        "city": null,
        "region": "Region Hovedstaden",
        "country": "DK",
        "road": "Hovedvejen",
        "postalcode": "2600"
      }
    },
    {
      "type": "Feature",
      "geometry": {
        "type": "Point",
        "coordinates": [
          12.12566853,
          55.64463806
        ]
      },
      "properties": {
        "netid": "EC:1B:BD:BD:1B:1C",
        "ssid": "20140791",
        "oui": "EC:1B:BD",
        "channel": 11,
        "encryption": "wpa2",
        "firsttime": "2026-04-22T16:00:00.000Z",
        "lasttime": "2026-09-02T02:00:00.000Z",
        "city": "Roskilde",
        "region": "Region Sj\u00e6lland",
        "country": "DK",
        "road": "Industrivej",
        "postalcode": "4000"
      }
    },
    {
      "type": "Feature",
      "geometry": {
        "type": "Point",
        "coordinates": [
          -117.10673523,
          32.62734604
        ]
      },
      "properties": {
        "netid": "EC:1B:BD:BD:1D:39",
        "ssid": "3DD_01762525",
        "oui": "EC:1B:BD",
        "channel": 1,
        "encryption": "unknown",
        "firsttime": "2025-01-11T17:00:00.000Z",
        "lasttime": "2025-01-11T10:00:00.000Z",
        "city": "Chula Vista",
        "region": "CA",
        "country": "US",
        "road": "Plover Way",
        "postalcode": "92010-1407"
      }
    },
    {
      "type": "Feature",
      "geometry": {
        "type": "Point",
        "coordinates": [
          12.26256752,
          55.92829514
        ]
      },
      "properties": {
        "netid": "EC:1B:BD:BD:1E:15",
        "ssid": "20140788",
        "oui": "EC:1B:BD",
        "channel": 11,
        "encryption": "wpa2",
        "firsttime": "2020-08-21T10:00:00.000Z",
        "lasttime": "2026-03-04T04:00:00.000Z",
        "city": null,
        "region": "Region Hovedstaden",
        "country": "DK",
        "road": "Egespurs Alle",
        "postalcode": "3400"
      }
    },
    {
      "type": "Feature",
      "geometry": {
        "type": "Point",
        "coordinates": [
          143.38339233,
          -38.68214417
        ]
      },
      "properties": {
        "netid": "EC:1B:BD:BD:1E:2F",
        "ssid": "IRIDIUM-45414",
        "oui": "EC:1B:BD",
        "channel": 5,
        "encryption": "unknown",
        "firsttime": "2024-09-22T05:00:00.000Z",
        "lasttime": "2024-09-22T05:00:00.000Z",
        "city": null,
        "region": "Victoria",
        "country": "AU",
        "road": "Great Ocean Road",
        "postalcode": "3288"
      }
    },
    {
      "type": "Feature",
      "geometry": {
        "type": "Point",
        "coordinates": [
          -86.3711853,
          39.57151031
        ]
      },
      "properties": {
        "netid": "EC:1B:BD:BD:22:F1",
        "ssid": null,
        "oui": "EC:1B:BD",
        "channel": 6,
        "encryption": "unknown",
        "firsttime": "2024-09-17T04:00:00.000Z",
        "lasttime": "2025-07-16T19:00:00.000Z",
        "city": null,
        "region": "IN",
        "country": "US",
        "road": "North Country Club Road",
        "postalcode": "46111"
      }
    },
    {
      "type": "Feature",
      "geometry": {
        "type": "Point",
        "coordinates": [
          -120.88034058,
          37.51612091
        ]
      },
      "properties": {
        "netid": "EC:1B:BD:BD:27:43",
        "ssid": null,
        "oui": "EC:1B:BD",
        "channel": 6,
        "encryption": "unknown",
        "firsttime": "2024-09-13T19:00:00.000Z",
        "lasttime": "2024-09-13T13:00:00.000Z",
        "city": "Turlock",
        "region": "CA",
        "country": "US",
        "road": "CA 99",
        "postalcode": "95382"
      }
    },
    {
      "type": "Feature",
      "geometry": {
        "type": "Point",
        "coordinates": [
          2.48151994,
          48.9262886
        ]
      },
      "properties": {
        "netid": "EC:1B:BD:BD:27:63",
        "ssid": "Flock",
        "oui": "EC:1B:BD",
        "channel": 1,
        "encryption": "wpa2",
        "firsttime": "2026-07-13T17:00:00.000Z",
        "lasttime": "2026-07-14T01:00:00.000Z",
        "city": null,
        "region": "\u00cele-de-France",
        "country": "FR",
        "road": "A 3",
        "postalcode": "93600"
      }
    },
    {
      "type": "Feature",
      "geometry": {
        "type": "Point",
        "coordinates": [
          -95.60115051,
          29.8982029
        ]
      },
      "properties": {
        "netid": "EC:1B:BD:BD:33:65",
        "ssid": "Flock",
        "oui": "EC:1B:BD",
        "channel": 1,
        "encryption": "wpa2",
        "firsttime": "2026-08-31T15:00:00.000Z",
        "lasttime": "2026-09-02T21:00:00.000Z",
        "city": null,
        "region": "TX",
        "country": "US",
        "road": "West Road",
        "postalcode": "77065:77429"
      }
    },
    {
      "type": "Feature",
      "geometry": {
        "type": "Point",
        "coordinates": [
          -46.87123489,
          -23.32321548
        ]
      },
      "properties": {
        "netid": "EC:1B:BD:BD:37:D7",
        "ssid": null,
        "oui": "EC:1B:BD",
        "channel": 1,
        "encryption": "wpa2",
        "firsttime": "2024-08-04T00:00:00.000Z",
        "lasttime": "2024-12-14T18:00:00.000Z",
        "city": null,
        "region": "S\u00e3o Paulo",
        "country": "BR",
        "road": "Estrada Paulo Rocha de Carvalho",
        "postalcode": "07778-750"
      }
    },
    {
      "type": "Feature",
      "geometry": {
        "type": "Point",
        "coordinates": [
          -35.56362152,
          -8.19460487
        ]
      },
      "properties": {
        "netid": "EC:1B:BD:BD:3A:79",
        "ssid": null,
        "oui": "EC:1B:BD",
        "channel": 1,
        "encryption": "wpa2",
        "firsttime": "2024-12-03T17:00:00.000Z",
        "lasttime": "2025-06-24T10:00:00.000Z",
        "city": null,
        "region": "Pernambuco",
        "country": "BR",
        "road": "Avenida Cicero Batista de Oliveira",
        "postalcode": "55642-538"
      }
    },
    {
      "type": "Feature",
      "geometry": {
        "type": "Point",
        "coordinates": [
          -34.94914246,
          -8.17777157
        ]
      },
      "properties": {
        "netid": "EC:1B:BD:BD:3E:67",
        "ssid": null,
        "oui": "EC:1B:BD",
        "channel": 1,
        "encryption": "wpa2",
        "firsttime": "2024-06-15T09:00:00.000Z",
        "lasttime": "2025-07-16T09:00:00.000Z",
        "city": "Jaboat\u00e3o dos Guararapes",
        "region": "Pernambuco",
        "country": "BR",
        "road": "Rodovia Governador M\u00e1rio Covas",
        "postalcode": "54345-160"
      }
    },
    {
      "type": "Feature",
      "geometry": {
        "type": "Point",
        "coordinates": [
          -48.86069489,
          -26.04782486
        ]
      },
      "properties": {
        "netid": "EC:1B:BD:BD:40:98",
        "ssid": null,
        "oui": "EC:1B:BD",
        "channel": 1,
        "encryption": "wpa2",
        "firsttime": "2025-01-16T12:00:00.000Z",
        "lasttime": "2025-01-16T05:00:00.000Z",
        "city": null,
        "region": "Santa Catarina",
        "country": "BR",
        "road": "Rodovia Governador M\u00e1rio Covas",
        "postalcode": "89248-000"
      }
    },
    {
      "type": "Feature",
      "geometry": {
        "type": "Point",
        "coordinates": [
          -49.73271179,
          -29.15714836
        ]
      },
      "properties": {
        "netid": "EC:1B:BD:BD:40:C2",
        "ssid": null,
        "oui": "EC:1B:BD",
        "channel": 1,
        "encryption": "wpa2",
        "firsttime": "2025-02-21T15:00:00.000Z",
        "lasttime": "2025-02-23T02:00:00.000Z",
        "city": "Santa Rosa do Sul",
        "region": "Santa Catarina",
        "country": "BR",
        "road": "Rodovia Governador M\u00e1rio Covas",
        "postalcode": null
      }
    },
    {
      "type": "Feature",
      "geometry": {
        "type": "Point",
        "coordinates": [
          -52.82648087,
          -26.93072319
        ]
      },
      "properties": {
        "netid": "EC:1B:BD:BD:42:6D",
        "ssid": null,
        "oui": "EC:1B:BD",
        "channel": 1,
        "encryption": "wpa2",
        "firsttime": "2025-03-28T16:00:00.000Z",
        "lasttime": "2025-03-28T14:00:00.000Z",
        "city": null,
        "region": "Santa Catarina",
        "country": "BR",
        "road": "Rodovia Ulysses Guimar\u00e3es",
        "postalcode": "89818-000"
      }
    },
    {
      "type": "Feature",
      "geometry": {
        "type": "Point",
        "coordinates": [
          -49.40970612,
          -25.59020805
        ]
      },
      "properties": {
        "netid": "EC:1B:BD:BD:48:04",
        "ssid": null,
        "oui": "EC:1B:BD",
        "channel": 1,
        "encryption": "wpa2",
        "firsttime": "2024-11-13T18:00:00.000Z",
        "lasttime": "2024-11-15T06:00:00.000Z",
        "city": "Arauc\u00e1ria",
        "region": "Paran\u00e1",
        "country": "BR",
        "road": "Rodovia do Xisto",
        "postalcode": "83703-035"
      }
    },
    {
      "type": "Feature",
      "geometry": {
        "type": "Point",
        "coordinates": [
          18.06759644,
          59.33990479
        ]
      },
      "properties": {
        "netid": "EC:1B:BD:BD:49:F5",
        "ssid": "Flock",
        "oui": "EC:1B:BD",
        "channel": 1,
        "encryption": "wpa2",
        "firsttime": "2026-05-15T11:00:00.000Z",
        "lasttime": "2026-06-23T06:00:00.000Z",
        "city": "Stockholm",
        "region": "Stockholms l\u00e4n",
        "country": "SE",
        "road": "Birger Jarlsgatan",
        "postalcode": "114 29"
      }
    },
    {
      "type": "Feature",
      "geometry": {
        "type": "Point",
        "coordinates": [
          -99.16437531,
          19.41822243
        ]
      },
      "properties": {
        "netid": "EC:1B:BD:BD:4A:2E",
        "ssid": null,
        "oui": "EC:1B:BD",
        "channel": 1,
        "encryption": "unknown",
        "firsttime": "2024-11-10T21:00:00.000Z",
        "lasttime": "2024-11-20T20:00:00.000Z",
        "city": "Ciudad de M\u00e9xico",
        "region": "Colonia Roma Norte",
        "country": "MX",
        "road": "Avenida Monterrey",
        "postalcode": "06700"
      }
    },
    {
      "type": "Feature",
      "geometry": {
        "type": "Point",
        "coordinates": [
          16.20031929,
          47.30121994
        ]
      },
      "properties": {
        "netid": "EC:1B:BD:BD:4B:10",
        "ssid": "20467576",
        "oui": "EC:1B:BD",
        "channel": 11,
        "encryption": "wpa2",
        "firsttime": "2021-03-16T15:00:00.000Z",
        "lasttime": "2025-01-27T03:00:00.000Z",
        "city": null,
        "region": "Burgenland",
        "country": "AT",
        "road": "Wienerstra\u00dfe",
        "postalcode": "7400"
      }
    },
    {
      "type": "Feature",
      "geometry": {
        "type": "Point",
        "coordinates": [
          176.85357666,
          -39.63740158
        ]
      },
      "properties": {
        "netid": "EC:1B:BD:BD:4B:36",
        "ssid": "20426103",
        "oui": "EC:1B:BD",
        "channel": 11,
        "encryption": "wpa2",
        "firsttime": "2024-02-29T03:00:00.000Z",
        "lasttime": "2026-01-15T18:00:00.000Z",
        "city": "Hastings",
        "region": "Hawke's Bay",
        "country": "NZ",
        "road": "Karamu Road North",
        "postalcode": "4122"
      }
    },
    {
      "type": "Feature",
      "geometry": {
        "type": "Point",
        "coordinates": [
          16.36301231,
          48.21352768
        ]
      },
      "properties": {
        "netid": "EC:1B:BD:BD:4B:86",
        "ssid": null,
        "oui": "EC:1B:BD",
        "channel": 1,
        "encryption": "unknown",
        "firsttime": "2026-02-16T11:00:00.000Z",
        "lasttime": "2026-02-16T04:00:00.000Z",
        "city": "Wien",
        "region": "Schottenviertel",
        "country": "AT",
        "road": "Schottengasse",
        "postalcode": "1010"
      }
    },
    {
      "type": "Feature",
      "geometry": {
        "type": "Point",
        "coordinates": [
          46.73404312,
          24.85529327
        ]
      },
      "properties": {
        "netid": "EC:1B:BD:BD:53:00",
        "ssid": "20178625",
        "oui": "EC:1B:BD",
        "channel": 11,
        "encryption": "wpa2",
        "firsttime": "2025-05-02T18:00:00.000Z",
        "lasttime": "2026-07-10T12:00:00.000Z",
        "city": null,
        "region": "\u0645\u0646\u0637\u0642\u0629 \u0627\u0644\u0631\u064a\u0627\u0636",
        "country": "SA",
        "road": null,
        "postalcode": "11263"
      }
    },
    {
      "type": "Feature",
      "geometry": {
        "type": "Point",
        "coordinates": [
          -2.7454834,
          52.09560394
        ]
      },
      "properties": {
        "netid": "EC:1B:BD:BD:53:B0",
        "ssid": "20190627",
        "oui": "EC:1B:BD",
        "channel": 11,
        "encryption": "wpa2",
        "firsttime": "2024-12-11T16:00:00.000Z",
        "lasttime": "2024-12-11T10:00:00.000Z",
        "city": null,
        "region": "England",
        "country": "GB",
        "road": "Bewdley Bank",
        "postalcode": "HR4 8AG"
      }
    },
    {
      "type": "Feature",
      "geometry": {
        "type": "Point",
        "coordinates": [
          15.61928272,
          47.5675354
        ]
      },
      "properties": {
        "netid": "EC:1B:BD:BD:53:B3",
        "ssid": "20176813",
        "oui": "EC:1B:BD",
        "channel": 9,
        "encryption": "wpa2",
        "firsttime": "2020-06-05T16:00:00.000Z",
        "lasttime": "2026-07-25T09:00:00.000Z",
        "city": null,
        "region": "Steiermark",
        "country": "AT",
        "road": "Grazer Stra\u00dfe",
        "postalcode": "8665"
      }
    },
    {
      "type": "Feature",
      "geometry": {
        "type": "Point",
        "coordinates": [
          -8.74802208,
          41.36510468
        ]
      },
      "properties": {
        "netid": "EC:1B:BD:BD:53:DB",
        "ssid": "20176775",
        "oui": "EC:1B:BD",
        "channel": 11,
        "encryption": "wpa2",
        "firsttime": "2020-09-05T18:00:00.000Z",
        "lasttime": "2025-08-15T08:00:00.000Z",
        "city": "Vila do Conde",
        "region": "Porto",
        "country": "PT",
        "road": "Rua 5 de Outubro",
        "postalcode": "4480-000"
      }
    },
    {
      "type": "Feature",
      "geometry": {
        "type": "Point",
        "coordinates": [
          6.63483429,
          51.83765793
        ]
      },
      "properties": {
        "netid": "EC:1B:BD:BD:53:EB",
        "ssid": "20176808",
        "oui": "EC:1B:BD",
        "channel": 11,
        "encryption": "wpa2",
        "firsttime": "2022-06-08T17:00:00.000Z",
        "lasttime": "2025-07-18T19:00:00.000Z",
        "city": null,
        "region": "Nordrhein-Westfalen",
        "country": "DE",
        "road": "M\u00fcnsterstra\u00dfe",
        "postalcode": "46397"
      }
    },
    {
      "type": "Feature",
      "geometry": {
        "type": "Point",
        "coordinates": [
          7.38606644,
          51.44865417
        ]
      },
      "properties": {
        "netid": "EC:1B:BD:BD:53:F9",
        "ssid": "20176803",
        "oui": "EC:1B:BD",
        "channel": 11,
        "encryption": "wpa2",
        "firsttime": "2021-12-25T13:00:00.000Z",
        "lasttime": "2025-12-17T13:00:00.000Z",
        "city": null,
        "region": "Nordrhein-Westfalen",
        "country": "DE",
        "road": "Friedrich-Ebert-Stra\u00dfe",
        "postalcode": "58453"
      }
    },
    {
      "type": "Feature",
      "geometry": {
        "type": "Point",
        "coordinates": [
          13.30018711,
          52.45453262
        ]
      },
      "properties": {
        "netid": "EC:1B:BD:BD:54:08",
        "ssid": "20190656",
        "oui": "EC:1B:BD",
        "channel": 11,
        "encryption": "wpa2",
        "firsttime": "2021-12-26T19:00:00.000Z",
        "lasttime": "2024-12-16T12:00:00.000Z",
        "city": "Berlin",
        "region": "Steglitz-Zehlendorf",
        "country": "DE",
        "road": "Gustav-Meyer-Stra\u00dfe",
        "postalcode": "14195"
      }
    },
    {
      "type": "Feature",
      "geometry": {
        "type": "Point",
        "coordinates": [
          9.42148018,
          48.6893959
        ]
      },
      "properties": {
        "netid": "EC:1B:BD:BD:54:23",
        "ssid": "W_CAW",
        "oui": "EC:1B:BD",
        "channel": 11,
        "encryption": "wpa2",
        "firsttime": "2024-11-15T10:00:00.000Z",
        "lasttime": "2024-12-02T08:00:00.000Z",
        "city": null,
        "region": "Baden-W\u00fcrttemberg",
        "country": "DE",
        "road": "Kirchheimer Stra\u00dfe",
        "postalcode": "73249"
      }
    },
    {
      "type": "Feature",
      "geometry": {
        "type": "Point",
        "coordinates": [
          0.65728509,
          51.56302261
        ]
      },
      "properties": {
        "netid": "EC:1B:BD:BD:54:2E",
        "ssid": "20148843",
        "oui": "EC:1B:BD",
        "channel": 11,
        "encryption": "wpa2",
        "firsttime": "2021-11-30T08:00:00.000Z",
        "lasttime": "2026-04-06T04:00:00.000Z",
        "city": "Southend-on-Sea",
        "region": "England",
        "country": "GB",
        "road": "Southend Arterial Road",
        "postalcode": "SS9 5UU"
      }
    },
    {
      "type": "Feature",
      "geometry": {
        "type": "Point",
        "coordinates": [
          11.4678545,
          48.17250061
        ]
      },
      "properties": {
        "netid": "EC:1B:BD:BD:54:3F",
        "ssid": "20176852",
        "oui": "EC:1B:BD",
        "channel": 11,
        "encryption": "wpa2",
        "firsttime": "2024-09-22T17:00:00.000Z",
        "lasttime": "2024-09-22T10:00:00.000Z",
        "city": "M\u00fcnchen",
        "region": "Bayern",
        "country": "DE",
        "road": "Slezakstra\u00dfe",
        "postalcode": "81247"
      }
    },
    {
      "type": "Feature",
      "geometry": {
        "type": "Point",
        "coordinates": [
          14.17505741,
          50.09958649
        ]
      },
      "properties": {
        "netid": "EC:1B:BD:BD:54:5F",
        "ssid": "20215571",
        "oui": "EC:1B:BD",
        "channel": 11,
        "encryption": "wpa2",
        "firsttime": "2024-11-26T07:00:00.000Z",
        "lasttime": "2024-11-27T03:00:00.000Z",
        "city": null,
        "region": "St\u0159edn\u00ed \u010cechy",
        "country": "CZ",
        "road": "D6",
        "postalcode": "273 53"
      }
    },
    {
      "type": "Feature",
      "geometry": {
        "type": "Point",
        "coordinates": [
          25.17765617,
          35.3274498
        ]
      },
      "properties": {
        "netid": "EC:1B:BD:BD:54:70",
        "ssid": "20215577",
        "oui": "EC:1B:BD",
        "channel": 11,
        "encryption": "wpa2",
        "firsttime": "2023-09-16T16:00:00.000Z",
        "lasttime": "2026-08-28T00:00:00.000Z",
        "city": "\u0394\u03b7\u03bc\u03bf\u03c4\u03b9\u03ba\u03ae \u0395\u03bd\u03cc\u03c4\u03b7\u03c4\u03b1 \u039d\u03ad\u03b1\u03c2 \u0391\u03bb\u03b9\u03ba\u03b1\u03c1\u03bd\u03b1\u03c3\u03c3\u03bf\u03cd",
        "region": "\u0391\u03c0\u03bf\u03ba\u03b5\u03bd\u03c4\u03c1\u03c9\u03bc\u03ad\u03bd\u03b7 \u0394\u03b9\u03bf\u03af\u03ba\u03b7\u03c3\u03b7 \u039a\u03c1\u03ae\u03c4\u03b7\u03c2",
        "country": "GR",
        "road": "\u0392\u03cc\u03c1\u03b5\u03b9\u03bf\u03c2 \u039f\u03b4\u03b9\u03ba\u03cc\u03c2 \u0386\u03be\u03bf\u03bd\u03b1\u03c2 \u039a\u03c1\u03ae\u03c4\u03b7\u03c2",
        "postalcode": "71601"
      }
    },
    {
      "type": "Feature",
      "geometry": {
        "type": "Point",
        "coordinates": [
          22.9863987,
          40.5435524
        ]
      },
      "properties": {
        "netid": "EC:1B:BD:BD:54:71",
        "ssid": "20215567",
        "oui": "EC:1B:BD",
        "channel": 12,
        "encryption": "wpa2",
        "firsttime": "2003-03-25T08:00:00.000Z",
        "lasttime": "2026-04-25T15:00:00.000Z",
        "city": "\u0394\u03b7\u03bc\u03bf\u03c4\u03b9\u03ba\u03ae \u0395\u03bd\u03cc\u03c4\u03b7\u03c4\u03b1 \u03a0\u03c5\u03bb\u03b1\u03af\u03b1\u03c2",
        "region": "\u0391\u03c0\u03bf\u03ba\u03b5\u03bd\u03c4\u03c1\u03c9\u03bc\u03ad\u03bd\u03b7 \u0394\u03b9\u03bf\u03af\u03ba\u03b7\u03c3\u03b7 \u039c\u03b1\u03ba\u03b5\u03b4\u03bf\u03bd\u03af\u03b1\u03c2 - \u0398\u03c1\u03ac\u03ba\u03b7\u03c2",
        "country": "GR",
        "road": "\u0393\u03b5\u03c9\u03c1\u03b3\u03b9\u03ba\u03ae\u03c2 \u03a3\u03c7\u03bf\u03bb\u03ae\u03c2",
        "postalcode": "570 01"
      }
    },
    {
      "type": "Feature",
      "geometry": {
        "type": "Point",
        "coordinates": [
          15.44042969,
          47.03478622
        ]
      },
      "properties": {
        "netid": "EC:1B:BD:BD:54:BC",
        "ssid": "20232054",
        "oui": "EC:1B:BD",
        "channel": 11,
        "encryption": "wpa2",
        "firsttime": "2022-09-11T09:00:00.000Z",
        "lasttime": "2025-12-05T12:00:00.000Z",
        "city": "Graz",
        "region": "Steiermark",
        "country": "AT",
        "road": "Puchstra\u00dfe",
        "postalcode": "8055"
      }
    },
    {
      "type": "Feature",
      "geometry": {
        "type": "Point",
        "coordinates": [
          172.57511902,
          -43.54149246
        ]
      },
      "properties": {
        "netid": "EC:1B:BD:BD:57:42",
        "ssid": "SDU-20216006",
        "oui": "EC:1B:BD",
        "channel": 6,
        "encryption": "wpa2",
        "firsttime": "2022-12-15T10:00:00.000Z",
        "lasttime": "2026-04-15T22:00:00.000Z",
        "city": "Christchurch",
        "region": "Canterbury",
        "country": "NZ",
        "road": "Annex Road",
        "postalcode": "8041"
      }
    },
    {
      "type": "Feature",
      "geometry": {
        "type": "Point",
        "coordinates": [
          20.5975132,
          50.89973831
        ]
      },
      "properties": {
        "netid": "EC:1B:BD:BD:58:2B",
        "ssid": "20266128",
        "oui": "EC:1B:BD",
        "channel": 11,
        "encryption": "wpa2",
        "firsttime": "2023-03-13T01:00:00.000Z",
        "lasttime": "2026-07-11T10:00:00.000Z",
        "city": null,
        "region": "wojew\u00f3dztwo \u015bwi\u0119tokrzyskie",
        "country": "PL",
        "road": "Transportowc\u00f3w",
        "postalcode": "25-678"
      }
    },
    {
      "type": "Feature",
      "geometry": {
        "type": "Point",
        "coordinates": [
          -1.96039712,
          52.5011673
        ]
      },
      "properties": {
        "netid": "EC:1B:BD:BD:59:B3",
        "ssid": "20308911",
        "oui": "EC:1B:BD",
        "channel": 11,
        "encryption": "wpa2",
        "firsttime": "2023-11-13T16:00:00.000Z",
        "lasttime": "2026-07-11T15:00:00.000Z",
        "city": "Sandwell",
        "region": "England",
        "country": "GB",
        "road": "Mornington Road",
        "postalcode": "B66 2DJ"
      }
    },
    {
      "type": "Feature",
      "geometry": {
        "type": "Point",
        "coordinates": [
          8.95425224,
          48.47870636
        ]
      },
      "properties": {
        "netid": "EC:1B:BD:BD:59:F0",
        "ssid": "20392198",
        "oui": "EC:1B:BD",
        "channel": 11,
        "encryption": "wpa2",
        "firsttime": "2021-03-11T01:00:00.000Z",
        "lasttime": "2026-04-21T12:00:00.000Z",
        "city": null,
        "region": "Baden-W\u00fcrttemberg",
        "country": "DE",
        "road": "Wilhelm-Maybach-Stra\u00dfe",
        "postalcode": "72108"
      }
    },
    {
      "type": "Feature",
      "geometry": {
        "type": "Point",
        "coordinates": [
          11.5839262,
          50.93913269
        ]
      },
      "properties": {
        "netid": "EC:1B:BD:BD:59:F8",
        "ssid": "20392199",
        "oui": "EC:1B:BD",
        "channel": 11,
        "encryption": "wpa2",
        "firsttime": "2025-01-15T12:00:00.000Z",
        "lasttime": "2025-02-11T13:00:00.000Z",
        "city": "Jena",
        "region": "Th\u00fcringen",
        "country": "DE",
        "road": "Johann-Griesbach-Stra\u00dfe",
        "postalcode": "07743"
      }
    },
    {
      "type": "Feature",
      "geometry": {
        "type": "Point",
        "coordinates": [
          11.52729225,
          48.05960464
        ]
      },
      "properties": {
        "netid": "EC:1B:BD:BD:5A:01",
        "ssid": "20392206",
        "oui": "EC:1B:BD",
        "channel": 11,
        "encryption": "wpa2",
        "firsttime": "2020-12-20T14:00:00.000Z",
        "lasttime": "2026-06-13T05:00:00.000Z",
        "city": null,
        "region": "Bayern",
        "country": "DE",
        "road": "Charlottenweg",
        "postalcode": "82049"
      }
    },
    {
      "type": "Feature",
      "geometry": {
        "type": "Point",
        "coordinates": [
          12.05121899,
          57.66429138
        ]
      },
      "properties": {
        "netid": "EC:1B:BD:BD:5A:09",
        "ssid": "20426079",
        "oui": "EC:1B:BD",
        "channel": 11,
        "encryption": "wpa2",
        "firsttime": "2026-08-11T14:00:00.000Z",
        "lasttime": "2026-08-11T08:00:00.000Z",
        "city": null,
        "region": "V\u00e4stra G\u00f6talands l\u00e4n",
        "country": "SE",
        "road": "R\u00e5dav\u00e4gen",
        "postalcode": "431 36"
      }
    },
    {
      "type": "Feature",
      "geometry": {
        "type": "Point",
        "coordinates": [
          120.99126434,
          14.58463192
        ]
      },
      "properties": {
        "netid": "EC:1B:BD:BD:5A:0B",
        "ssid": "20524132",
        "oui": "EC:1B:BD",
        "channel": 11,
        "encryption": "wpa2",
        "firsttime": "2026-07-23T08:00:00.000Z",
        "lasttime": "2026-07-23T05:00:00.000Z",
        "city": "Manila",
        "region": "Metro Manila",
        "country": "PH",
        "road": "United Nations Avenue",
        "postalcode": "1007"
      }
    },
    {
      "type": "Feature",
      "geometry": {
        "type": "Point",
        "coordinates": [
          9.22058678,
          48.59080887
        ]
      },
      "properties": {
        "netid": "EC:1B:BD:BD:5A:37",
        "ssid": "20360348",
        "oui": "EC:1B:BD",
        "channel": 11,
        "encryption": "wpa2",
        "firsttime": "2023-03-09T15:00:00.000Z",
        "lasttime": "2025-06-01T10:00:00.000Z",
        "city": null,
        "region": "Baden-W\u00fcrttemberg",
        "country": "DE",
        "road": "Walddorfer Stra\u00dfe",
        "postalcode": "72657"
      }
    },
    {
      "type": "Feature",
      "geometry": {
        "type": "Point",
        "coordinates": [
          14.39178371,
          49.97676849
        ]
      },
      "properties": {
        "netid": "EC:1B:BD:BD:5A:3D",
        "ssid": "20392211",
        "oui": "EC:1B:BD",
        "channel": 11,
        "encryption": "wpa2",
        "firsttime": "2026-03-21T10:00:00.000Z",
        "lasttime": "2026-03-21T04:00:00.000Z",
        "city": "Hlavn\u00ed m\u011bsto Praha",
        "region": "Praha",
        "country": "CZ",
        "road": "Barto\u0148ova",
        "postalcode": "15600"
      }
    },
    {
      "type": "Feature",
      "geometry": {
        "type": "Point",
        "coordinates": [
          -38.46593094,
          -12.98286247
        ]
      },
      "properties": {
        "netid": "EC:1B:BD:BD:5B:E6",
        "ssid": "20315130",
        "oui": "EC:1B:BD",
        "channel": 11,
        "encryption": "wpa2",
        "firsttime": "2023-01-05T07:00:00.000Z",
        "lasttime": "2026-01-09T14:00:00.000Z",
        "city": "Salvador",
        "region": "Bahia",
        "country": "BR",
        "road": "Rua da Alfazema",
        "postalcode": "41820-710"
      }
    },
    {
      "type": "Feature",
      "geometry": {
        "type": "Point",
        "coordinates": [
          11.5367918,
          48.05366516
        ]
      },
      "properties": {
        "netid": "EC:1B:BD:BD:5B:EC",
        "ssid": "20426118",
        "oui": "EC:1B:BD",
        "channel": 11,
        "encryption": "wpa2",
        "firsttime": "2021-06-09T06:00:00.000Z",
        "lasttime": "2025-04-30T13:00:00.000Z",
        "city": null,
        "region": "Bayern",
        "country": "DE",
        "road": "S\u00fcdliche M\u00fcnchner Stra\u00dfe",
        "postalcode": "82031"
      }
    },
    {
      "type": "Feature",
      "geometry": {
        "type": "Point",
        "coordinates": [
          17.26906967,
          62.39132309
        ]
      },
      "properties": {
        "netid": "EC:1B:BD:BD:5C:26",
        "ssid": "20389405",
        "oui": "EC:1B:BD",
        "channel": 11,
        "encryption": "wpa2",
        "firsttime": "2025-01-07T15:00:00.000Z",
        "lasttime": "2025-04-18T14:00:00.000Z",
        "city": "Sundsvall",
        "region": "V\u00e4sternorrlands l\u00e4n",
        "country": "SE",
        "road": "Bergsgatan",
        "postalcode": "85353"
      }
    },
    {
      "type": "Feature",
      "geometry": {
        "type": "Point",
        "coordinates": [
          15.0784483,
          57.41236877
        ]
      },
      "properties": {
        "netid": "EC:1B:BD:BD:5C:27",
        "ssid": "20389402",
        "oui": "EC:1B:BD",
        "channel": 11,
        "encryption": "wpa2",
        "firsttime": "2021-03-02T20:00:00.000Z",
        "lasttime": "2024-11-01T08:00:00.000Z",
        "city": null,
        "region": "J\u00f6nk\u00f6pings l\u00e4n",
        "country": "SE",
        "road": "V\u00e4sterleden",
        "postalcode": "574 39"
      }
    },
    {
      "type": "Feature",
      "geometry": {
        "type": "Point",
        "coordinates": [
          11.10870171,
          42.7649498
        ]
      },
      "properties": {
        "netid": "EC:1B:BD:BD:5F:56",
        "ssid": "20211593",
        "oui": "EC:1B:BD",
        "channel": 11,
        "encryption": "wpa2",
        "firsttime": "2026-01-16T07:00:00.000Z",
        "lasttime": "2026-01-16T10:00:00.000Z",
        "city": "Grosseto",
        "region": "Toscana",
        "country": "IT",
        "road": "Viale Giacomo Matteotti",
        "postalcode": "58100"
      }
    },
    {
      "type": "Feature",
      "geometry": {
        "type": "Point",
        "coordinates": [
          12.46109676,
          55.7334404
        ]
      },
      "properties": {
        "netid": "EC:1B:BD:BD:5F:C5",
        "ssid": "20187709",
        "oui": "EC:1B:BD",
        "channel": 11,
        "encryption": "wpa2",
        "firsttime": "2020-09-02T05:00:00.000Z",
        "lasttime": "2026-02-19T10:00:00.000Z",
        "city": null,
        "region": "Region Hovedstaden",
        "country": "DK",
        "road": "Transformervej",
        "postalcode": "2860"
      }
    },
    {
      "type": "Feature",
      "geometry": {
        "type": "Point",
        "coordinates": [
          12.52166176,
          55.6501503
        ]
      },
      "properties": {
        "netid": "EC:1B:BD:BD:5F:DE",
        "ssid": "20187721",
        "oui": "EC:1B:BD",
        "channel": 11,
        "encryption": "wpa2",
        "firsttime": "2020-12-24T13:00:00.000Z",
        "lasttime": "2026-06-16T22:00:00.000Z",
        "city": "K\u00f8benhavn",
        "region": "Region Hovedstaden",
        "country": "DK",
        "road": "Ellebjergvej",
        "postalcode": "2450"
      }
    },
    {
      "type": "Feature",
      "geometry": {
        "type": "Point",
        "coordinates": [
          9.92838287,
          57.03123856
        ]
      },
      "properties": {
        "netid": "EC:1B:BD:BD:60:00",
        "ssid": "20187718",
        "oui": "EC:1B:BD",
        "channel": 11,
        "encryption": "wpa2",
        "firsttime": "2025-03-29T19:00:00.000Z",
        "lasttime": "2025-12-19T01:00:00.000Z",
        "city": "Aalborg",
        "region": "Region Nordjylland",
        "country": "DK",
        "road": "S\u00f8nderbro",
        "postalcode": "9000"
      }
    },
    {
      "type": "Feature",
      "geometry": {
        "type": "Point",
        "coordinates": [
          8.93430614,
          56.15026093
        ]
      },
      "properties": {
        "netid": "EC:1B:BD:BD:60:13",
        "ssid": "20187700",
        "oui": "EC:1B:BD",
        "channel": 11,
        "encryption": "wpa2",
        "firsttime": "2025-05-14T06:00:00.000Z",
        "lasttime": "2025-08-19T05:00:00.000Z",
        "city": null,
        "region": "Region Midtjylland",
        "country": "DK",
        "road": "Holstebrovej",
        "postalcode": "7400"
      }
    },
    {
      "type": "Feature",
      "geometry": {
        "type": "Point",
        "coordinates": [
          9.79484558,
          56.6541214
        ]
      },
      "properties": {
        "netid": "EC:1B:BD:BD:60:3A",
        "ssid": "20187716",
        "oui": "EC:1B:BD",
        "channel": 11,
        "encryption": "wpa2",
        "firsttime": "2022-06-26T13:00:00.000Z",
        "lasttime": "2026-06-20T08:00:00.000Z",
        "city": null,
        "region": "Region Nordjylland",
        "country": "DK",
        "road": "Aalborgvej",
        "postalcode": "9500"
      }
    },
    {
      "type": "Feature",
      "geometry": {
        "type": "Point",
        "coordinates": [
          9.79523182,
          56.65322495
        ]
      },
      "properties": {
        "netid": "EC:1B:BD:BD:60:55",
        "ssid": "20187720",
        "oui": "EC:1B:BD",
        "channel": 11,
        "encryption": "wpa2",
        "firsttime": "2025-06-06T11:00:00.000Z",
        "lasttime": "2026-06-20T08:00:00.000Z",
        "city": null,
        "region": "Region Nordjylland",
        "country": "DK",
        "road": "Aalborgvej",
        "postalcode": "9500"
      }
    },
    {
      "type": "Feature",
      "geometry": {
        "type": "Point",
        "coordinates": [
          -84.96405029,
          32.36606598
        ]
      },
      "properties": {
        "netid": "EC:1B:BD:BD:63:07",
        "ssid": "DoughboyFieldControls",
        "oui": "EC:1B:BD",
        "channel": 11,
        "encryption": "wpa2",
        "firsttime": "2023-04-02T18:00:00.000Z",
        "lasttime": "2026-08-20T16:00:00.000Z",
        "city": "Chattahoochee County",
        "region": "GA",
        "country": "US",
        "road": "Ingersoll Street",
        "postalcode": "31905"
      }
    },
    {
      "type": "Feature",
      "geometry": {
        "type": "Point",
        "coordinates": [
          -88.44229889,
          43.79512405
        ]
      },
      "properties": {
        "netid": "EC:1B:BD:BD:63:60",
        "ssid": "simplySnap_6487e2",
        "oui": "EC:1B:BD",
        "channel": 1,
        "encryption": "wpa2",
        "firsttime": "2021-06-13T12:00:00.000Z",
        "lasttime": "2026-07-11T19:00:00.000Z",
        "city": "Fond du Lac",
        "region": "WI",
        "country": "US",
        "road": "Harbor View Trail",
        "postalcode": "54936-1940"
      }
    },
    {
      "type": "Feature",
      "geometry": {
        "type": "Point",
        "coordinates": [
          -102.10248566,
          32.00681686
        ]
      },
      "properties": {
        "netid": "EC:1B:BD:BD:63:80",
        "ssid": "Ephesus_6488d1",
        "oui": "EC:1B:BD",
        "channel": 1,
        "encryption": "wpa2",
        "firsttime": "2021-09-22T09:00:00.000Z",
        "lasttime": "2026-07-16T07:00:00.000Z",
        "city": "Midland",
        "region": "TX",
        "country": "US",
        "road": "North N Street",
        "postalcode": "79705"
      }
    },
    {
      "type": "Feature",
      "geometry": {
        "type": "Point",
        "coordinates": [
          -84.33691406,
          46.51345062
        ]
      },
      "properties": {
        "netid": "EC:1B:BD:BD:63:86",
        "ssid": "GFLGARDENS",
        "oui": "EC:1B:BD",
        "channel": 11,
        "encryption": "wep",
        "firsttime": "2026-05-05T19:00:00.000Z",
        "lasttime": "2026-05-23T10:00:00.000Z",
        "city": "Sault Ste. Marie",
        "region": "Ontario",
        "country": "CA",
        "road": "Queen Street East",
        "postalcode": "P6A 1Y9"
      }
    },
    {
      "type": "Feature",
      "geometry": {
        "type": "Point",
        "coordinates": [
          -84.88080597,
          31.03104591
        ]
      },
      "properties": {
        "netid": "EC:1B:BD:BD:63:DB",
        "ssid": "SEMINOLEHIGH",
        "oui": "EC:1B:BD",
        "channel": 11,
        "encryption": "wpa2",
        "firsttime": "2025-02-11T23:00:00.000Z",
        "lasttime": "2025-11-05T10:00:00.000Z",
        "city": null,
        "region": "GA",
        "country": "US",
        "road": "Marianna Highway",
        "postalcode": "39845"
      }
    },
    {
      "type": "Feature",
      "geometry": {
        "type": "Point",
        "coordinates": [
          -110.95683289,
          45.66179276
        ]
      },
      "properties": {
        "netid": "EC:1B:BD:BD:64:90",
        "ssid": "Greenhouse1Lighting",
        "oui": "EC:1B:BD",
        "channel": 6,
        "encryption": "wpa2",
        "firsttime": "2021-11-03T09:00:00.000Z",
        "lasttime": "2025-06-14T14:00:00.000Z",
        "city": null,
        "region": "MT",
        "country": "US",
        "road": "I 90;US 191",
        "postalcode": null
      }
    },
    {
      "type": "Feature",
      "geometry": {
        "type": "Point",
        "coordinates": [
          -84.20423889,
          40.57376862
        ]
      },
      "properties": {
        "netid": "EC:1B:BD:BD:64:BE",
        "ssid": "simplySnap_64887a",
        "oui": "EC:1B:BD",
        "channel": 11,
        "encryption": "wpa2",
        "firsttime": "2025-03-09T14:00:00.000Z",
        "lasttime": "2025-03-09T18:00:00.000Z",
        "city": null,
        "region": "OH",
        "country": "US",
        "road": "Barbara Lane",
        "postalcode": "45895"
      }
    },
    {
      "type": "Feature",
      "geometry": {
        "type": "Point",
        "coordinates": [
          -96.64302063,
          35.76322937
        ]
      },
      "properties": {
        "netid": "EC:1B:BD:BD:64:EA",
        "ssid": "simplySnap_64887c",
        "oui": "EC:1B:BD",
        "channel": 11,
        "encryption": "wpa2",
        "firsttime": "2022-01-20T23:00:00.000Z",
        "lasttime": "2026-08-29T08:00:00.000Z",
        "city": null,
        "region": "OK",
        "country": "US",
        "road": "Governor Roy Joseph Turner Turnpike",
        "postalcode": "74079"
      }
    },
    {
      "type": "Feature",
      "geometry": {
        "type": "Point",
        "coordinates": [
          -76.13171387,
          39.48243332
        ]
      },
      "properties": {
        "netid": "EC:1B:BD:BD:65:AE",
        "ssid": "simplySnap_648796",
        "oui": "EC:1B:BD",
        "channel": 6,
        "encryption": "wpa2",
        "firsttime": "2026-08-18T10:00:00.000Z",
        "lasttime": "2026-08-18T04:00:00.000Z",
        "city": null,
        "region": "MD",
        "country": "US",
        "road": "Aberdeen Boulevard",
        "postalcode": "21005"
      }
    },
    {
      "type": "Feature",
      "geometry": {
        "type": "Point",
        "coordinates": [
          -79.45579529,
          46.29698181
        ]
      },
      "properties": {
        "netid": "EC:1B:BD:BD:65:B3",
        "ssid": "Ephesus_6489e7",
        "oui": "EC:1B:BD",
        "channel": 11,
        "encryption": "wpa2",
        "firsttime": "2022-09-30T20:00:00.000Z",
        "lasttime": "2026-09-05T16:00:00.000Z",
        "city": "North Bay",
        "region": "Ontario",
        "country": "CA",
        "road": "Main Street East",
        "postalcode": "P1B 1E8"
      }
    },
    {
      "type": "Feature",
      "geometry": {
        "type": "Point",
        "coordinates": [
          8.62617874,
          49.85599899
        ]
      },
      "properties": {
        "netid": "EC:1B:BD:BD:68:BE",
        "ssid": "20817424",
        "oui": "EC:1B:BD",
        "channel": 11,
        "encryption": "wpa2",
        "firsttime": "2025-05-01T08:00:00.000Z",
        "lasttime": "2025-05-15T10:00:00.000Z",
        "city": "Darmstadt",
        "region": "Hessen",
        "country": "DE",
        "road": "Mahatma-Gandhi-Stra\u00dfe",
        "postalcode": "64295"
      }
    },
    {
      "type": "Feature",
      "geometry": {
        "type": "Point",
        "coordinates": [
          9.12881374,
          48.83002853
        ]
      },
      "properties": {
        "netid": "EC:1B:BD:BD:68:BF",
        "ssid": "20807099",
        "oui": "EC:1B:BD",
        "channel": 11,
        "encryption": "wpa2",
        "firsttime": "2023-02-17T16:00:00.000Z",
        "lasttime": "2026-04-23T06:00:00.000Z",
        "city": null,
        "region": "Baden-W\u00fcrttemberg",
        "country": "DE",
        "road": "Zuffenhauser Stra\u00dfe",
        "postalcode": "70825"
      }
    },
    {
      "type": "Feature",
      "geometry": {
        "type": "Point",
        "coordinates": [
          9.20558739,
          52.63807678
        ]
      },
      "properties": {
        "netid": "EC:1B:BD:BD:68:CA",
        "ssid": "20807089",
        "oui": "EC:1B:BD",
        "channel": 11,
        "encryption": "wpa2",
        "firsttime": "2021-08-20T14:00:00.000Z",
        "lasttime": "2026-01-22T05:00:00.000Z",
        "city": null,
        "region": "Niedersachsen",
        "country": "DE",
        "road": "Marktplatz",
        "postalcode": "31582"
      }
    },
    {
      "type": "Feature",
      "geometry": {
        "type": "Point",
        "coordinates": [
          16.26145172,
          46.9669075
        ]
      },
      "properties": {
        "netid": "EC:1B:BD:BD:68:DA",
        "ssid": "20662883",
        "oui": "EC:1B:BD",
        "channel": 11,
        "encryption": "wpa2",
        "firsttime": "2021-03-13T13:00:00.000Z",
        "lasttime": "2024-12-16T23:00:00.000Z",
        "city": null,
        "region": "Burgenland",
        "country": "AT",
        "road": "Industriegel\u00e4nde",
        "postalcode": "7561"
      }
    },
    {
      "type": "Feature",
      "geometry": {
        "type": "Point",
        "coordinates": [
          11.09731388,
          49.46754837
        ]
      },
      "properties": {
        "netid": "EC:1B:BD:BD:68:DD",
        "ssid": "20678272",
        "oui": "EC:1B:BD",
        "channel": 11,
        "encryption": "wpa2",
        "firsttime": "2023-06-18T16:00:00.000Z",
        "lasttime": "2026-07-30T10:00:00.000Z",
        "city": "N\u00fcrnberg",
        "region": "Bayern",
        "country": "DE",
        "road": "Hintermayrstra\u00dfe",
        "postalcode": "90409"
      }
    },
    {
      "type": "Feature",
      "geometry": {
        "type": "Point",
        "coordinates": [
          6.9272356,
          51.02675629
        ]
      },
      "properties": {
        "netid": "EC:1B:BD:BD:68:E5",
        "ssid": "20817437",
        "oui": "EC:1B:BD",
        "channel": 11,
        "encryption": "wpa2",
        "firsttime": "2021-10-04T11:00:00.000Z",
        "lasttime": "2026-04-14T22:00:00.000Z",
        "city": "K\u00f6ln",
        "region": "Nordrhein-Westfalen",
        "country": "DE",
        "road": "Industriestra\u00dfe",
        "postalcode": "50769"
      }
    },
    {
      "type": "Feature",
      "geometry": {
        "type": "Point",
        "coordinates": [
          3.92903328,
          50.803936
        ]
      },
      "properties": {
        "netid": "EC:1B:BD:BD:68:EF",
        "ssid": "20765411",
        "oui": "EC:1B:BD",
        "channel": 11,
        "encryption": "wpa2",
        "firsttime": "2026-07-05T10:00:00.000Z",
        "lasttime": "2026-07-05T03:00:00.000Z",
        "city": null,
        "region": "Oost-Vlaanderen",
        "country": "BE",
        "road": "Neerstraat",
        "postalcode": "9506"
      }
    },
    {
      "type": "Feature",
      "geometry": {
        "type": "Point",
        "coordinates": [
          8.22815895,
          53.18700027
        ]
      },
      "properties": {
        "netid": "EC:1B:BD:BD:68:F4",
        "ssid": "20659011",
        "oui": "EC:1B:BD",
        "channel": 11,
        "encryption": "wpa2",
        "firsttime": "2026-03-20T14:00:00.000Z",
        "lasttime": "2026-03-20T07:00:00.000Z",
        "city": "Oldenburg",
        "region": "Niedersachsen",
        "country": "DE",
        "road": "Wilhelmshavener Heerstra\u00dfe",
        "postalcode": "26125"
      }
    },
    {
      "type": "Feature",
      "geometry": {
        "type": "Point",
        "coordinates": [
          13.80102253,
          47.93055725
        ]
      },
      "properties": {
        "netid": "EC:1B:BD:BD:69:12",
        "ssid": "20750245",
        "oui": "EC:1B:BD",
        "channel": 11,
        "encryption": "wpa2",
        "firsttime": "2025-04-13T09:00:00.000Z",
        "lasttime": "2025-07-31T06:00:00.000Z",
        "city": null,
        "region": "Ober\u00f6sterreich",
        "country": "AT",
        "road": "Linzerstra\u00dfe",
        "postalcode": "4810"
      }
    },
    {
      "type": "Feature",
      "geometry": {
        "type": "Point",
        "coordinates": [
          10.0618391,
          53.45637131
        ]
      },
      "properties": {
        "netid": "EC:1B:BD:BD:69:16",
        "ssid": "20689948",
        "oui": "EC:1B:BD",
        "channel": 11,
        "encryption": "wpa2",
        "firsttime": "2023-11-16T14:00:00.000Z",
        "lasttime": "2025-04-06T08:00:00.000Z",
        "city": null,
        "region": "Niedersachsen",
        "country": "DE",
        "road": "Elbdeich",
        "postalcode": "21217"
      }
    },
    {
      "type": "Feature",
      "geometry": {
        "type": "Point",
        "coordinates": [
          16.31995964,
          47.07344818
        ]
      },
      "properties": {
        "netid": "EC:1B:BD:BD:69:17",
        "ssid": "20662864",
        "oui": "EC:1B:BD",
        "channel": 11,
        "encryption": "wpa2",
        "firsttime": "2020-10-30T10:00:00.000Z",
        "lasttime": "2025-11-28T03:00:00.000Z",
        "city": "Gemeinde G\u00fcssing",
        "region": "Burgenland",
        "country": "AT",
        "road": "B57",
        "postalcode": "7540"
      }
    },
    {
      "type": "Feature",
      "geometry": {
        "type": "Point",
        "coordinates": [
          16.20581627,
          47.29325104
        ]
      },
      "properties": {
        "netid": "EC:1B:BD:BD:69:1A",
        "ssid": "20662863",
        "oui": "EC:1B:BD",
        "channel": 11,
        "encryption": "wpa2",
        "firsttime": "2022-12-16T10:00:00.000Z",
        "lasttime": "2026-01-02T04:00:00.000Z",
        "city": null,
        "region": "Burgenland",
        "country": "AT",
        "road": "Wienerstra\u00dfe",
        "postalcode": "7400"
      }
    },
    {
      "type": "Feature",
      "geometry": {
        "type": "Point",
        "coordinates": [
          16.14174271,
          46.9367485
        ]
      },
      "properties": {
        "netid": "EC:1B:BD:BD:69:1B",
        "ssid": "20662860",
        "oui": "EC:1B:BD",
        "channel": 11,
        "encryption": "wpa2",
        "firsttime": "2026-03-30T09:00:00.000Z",
        "lasttime": "2026-03-30T02:00:00.000Z",
        "city": null,
        "region": "Burgenland",
        "country": "AT",
        "road": "Hauptplatz",
        "postalcode": "8380"
      }
    },
    {
      "type": "Feature",
      "geometry": {
        "type": "Point",
        "coordinates": [
          16.14496231,
          46.9385643
        ]
      },
      "properties": {
        "netid": "EC:1B:BD:BD:69:23",
        "ssid": "20662870",
        "oui": "EC:1B:BD",
        "channel": 11,
        "encryption": "wpa2",
        "firsttime": "2021-06-03T18:00:00.000Z",
        "lasttime": "2026-06-09T02:00:00.000Z",
        "city": null,
        "region": "Burgenland",
        "country": "AT",
        "road": "Eisenst\u00e4dter Stra\u00dfe",
        "postalcode": "8380"
      }
    },
    {
      "type": "Feature",
      "geometry": {
        "type": "Point",
        "coordinates": [
          16.87108612,
          47.99883652
        ]
      },
      "properties": {
        "netid": "EC:1B:BD:BD:69:2C",
        "ssid": "20662862",
        "oui": "EC:1B:BD",
        "channel": 11,
        "encryption": "wpa2",
        "firsttime": "2021-03-28T19:00:00.000Z",
        "lasttime": "2026-03-17T23:00:00.000Z",
        "city": null,
        "region": "Burgenland",
        "country": "AT",
        "road": "Neudorferstra\u00dfe-Betriebsgebiet",
        "postalcode": "7111"
      }
    },
    {
      "type": "Feature",
      "geometry": {
        "type": "Point",
        "coordinates": [
          11.48076057,
          48.14605331
        ]
      },
      "properties": {
        "netid": "EC:1B:BD:BD:69:32",
        "ssid": "20671151",
        "oui": "EC:1B:BD",
        "channel": 11,
        "encryption": "wpa2",
        "firsttime": "2021-01-05T14:00:00.000Z",
        "lasttime": "2025-01-17T06:00:00.000Z",
        "city": "M\u00fcnchen",
        "region": "Bayern",
        "country": "DE",
        "road": "Landsberger Stra\u00dfe",
        "postalcode": "81241"
      }
    },
    {
      "type": "Feature",
      "geometry": {
        "type": "Point",
        "coordinates": [
          16.41090012,
          47.73610306
        ]
      },
      "properties": {
        "netid": "EC:1B:BD:BD:69:34",
        "ssid": "20662868",
        "oui": "EC:1B:BD",
        "channel": 11,
        "encryption": "wpa2",
        "firsttime": "2024-02-07T07:00:00.000Z",
        "lasttime": "2025-10-15T22:00:00.000Z",
        "city": "Mattersburg",
        "region": "Burgenland",
        "country": "AT",
        "road": "Bauweltstra\u00dfe",
        "postalcode": "7210"
      }
    },
    {
      "type": "Feature",
      "geometry": {
        "type": "Point",
        "coordinates": [
          16.53074455,
          47.83011627
        ]
      },
      "properties": {
        "netid": "EC:1B:BD:BD:69:36",
        "ssid": "20662855",
        "oui": "EC:1B:BD",
        "channel": 11,
        "encryption": "wpa2",
        "firsttime": "2021-03-23T16:00:00.000Z",
        "lasttime": "2026-01-15T10:00:00.000Z",
        "city": null,
        "region": "Burgenland",
        "country": "AT",
        "road": "Ruster Stra\u00dfe",
        "postalcode": "7000"
      }
    },
    {
      "type": "Feature",
      "geometry": {
        "type": "Point",
        "coordinates": [
          16.53074265,
          47.83021164
        ]
      },
      "properties": {
        "netid": "EC:1B:BD:BD:69:38",
        "ssid": "20662856",
        "oui": "EC:1B:BD",
        "channel": 11,
        "encryption": "wpa2",
        "firsttime": "2021-03-23T16:00:00.000Z",
        "lasttime": "2026-01-15T10:00:00.000Z",
        "city": null,
        "region": "Burgenland",
        "country": "AT",
        "road": "Ruster Stra\u00dfe",
        "postalcode": "7000"
      }
    },
    {
      "type": "Feature",
      "geometry": {
        "type": "Point",
        "coordinates": [
          16.37554359,
          47.71965408
        ]
      },
      "properties": {
        "netid": "EC:1B:BD:BD:69:3B",
        "ssid": "20662858",
        "oui": "EC:1B:BD",
        "channel": 11,
        "encryption": "wpa2",
        "firsttime": "2024-09-22T14:00:00.000Z",
        "lasttime": "2024-09-29T12:00:00.000Z",
        "city": "Mattersburg",
        "region": "Burgenland",
        "country": "AT",
        "road": "L223",
        "postalcode": "7210"
      }
    },
    {
      "type": "Feature",
      "geometry": {
        "type": "Point",
        "coordinates": [
          9.44898891,
          48.54947281
        ]
      },
      "properties": {
        "netid": "EC:1B:BD:BD:69:3F",
        "ssid": "20659015",
        "oui": "EC:1B:BD",
        "channel": 11,
        "encryption": "wpa2",
        "firsttime": "2026-04-28T20:00:00.000Z",
        "lasttime": "2026-04-28T13:00:00.000Z",
        "city": null,
        "region": "Baden-W\u00fcrttemberg",
        "country": "DE",
        "road": "Schulstra\u00dfe",
        "postalcode": "73252"
      }
    },
    {
      "type": "Feature",
      "geometry": {
        "type": "Point",
        "coordinates": [
          10.54679871,
          52.97566986
        ]
      },
      "properties": {
        "netid": "EC:1B:BD:BD:69:48",
        "ssid": "21002199",
        "oui": "EC:1B:BD",
        "channel": 11,
        "encryption": "wpa2",
        "firsttime": "2024-06-28T13:00:00.000Z",
        "lasttime": "2025-12-19T08:00:00.000Z",
        "city": null,
        "region": "Niedersachsen",
        "country": "DE",
        "road": "Ebstorfer Stra\u00dfe",
        "postalcode": "29525"
      }
    },
    {
      "type": "Feature",
      "geometry": {
        "type": "Point",
        "coordinates": [
          16.35900879,
          48.22394562
        ]
      },
      "properties": {
        "netid": "EC:1B:BD:BD:69:4D",
        "ssid": "21002198",
        "oui": "EC:1B:BD",
        "channel": 11,
        "encryption": "wep",
        "firsttime": "2026-02-02T10:00:00.000Z",
        "lasttime": "2026-02-04T22:00:00.000Z",
        "city": "Wien",
        "region": "Thurygrund",
        "country": "AT",
        "road": "Alserbachstra\u00dfe",
        "postalcode": "1090"
      }
    },
    {
      "type": "Feature",
      "geometry": {
        "type": "Point",
        "coordinates": [
          16.3093853,
          48.0750351
        ]
      },
      "properties": {
        "netid": "EC:1B:BD:BD:69:56",
        "ssid": "21002204",
        "oui": "EC:1B:BD",
        "channel": 11,
        "encryption": "wpa2",
        "firsttime": "2023-02-22T08:00:00.000Z",
        "lasttime": "2024-11-12T21:00:00.000Z",
        "city": "Gemeinde Wiener Neudorf",
        "region": "Nieder\u00f6sterreich",
        "country": "AT",
        "road": "Brown-Boveri-Stra\u00dfe",
        "postalcode": "2351"
      }
    },
    {
      "type": "Feature",
      "geometry": {
        "type": "Point",
        "coordinates": [
          15.95819283,
          47.0816803
        ]
      },
      "properties": {
        "netid": "EC:1B:BD:BD:69:65",
        "ssid": "21002276",
        "oui": "EC:1B:BD",
        "channel": 11,
        "encryption": "wpa2",
        "firsttime": "2025-02-09T08:00:00.000Z",
        "lasttime": "2025-02-09T02:00:00.000Z",
        "city": null,
        "region": "Steiermark",
        "country": "AT",
        "road": "Gleisdorfer Bundesstra\u00dfe",
        "postalcode": "8262"
      }
    },
    {
      "type": "Feature",
      "geometry": {
        "type": "Point",
        "coordinates": [
          16.29224396,
          48.0311203
        ]
      },
      "properties": {
        "netid": "EC:1B:BD:BD:69:97",
        "ssid": "21002195",
        "oui": "EC:1B:BD",
        "channel": 11,
        "encryption": "wpa2",
        "firsttime": "2024-09-29T08:00:00.000Z",
        "lasttime": "2024-09-29T12:00:00.000Z",
        "city": null,
        "region": "Nieder\u00f6sterreich",
        "country": "AT",
        "road": "Badener Stra\u00dfe",
        "postalcode": "2514"
      }
    },
    {
      "type": "Feature",
      "geometry": {
        "type": "Point",
        "coordinates": [
          8.88454914,
          53.03447342
        ]
      },
      "properties": {
        "netid": "EC:1B:BD:BD:69:D0",
        "ssid": "20728303",
        "oui": "EC:1B:BD",
        "channel": 11,
        "encryption": "wpa2",
        "firsttime": "2021-11-16T07:00:00.000Z",
        "lasttime": "2026-04-01T10:00:00.000Z",
        "city": "Bremen",
        "region": "Bremen",
        "country": "DE",
        "road": "Europaallee",
        "postalcode": "28309"
      }
    },
    {
      "type": "Feature",
      "geometry": {
        "type": "Point",
        "coordinates": [
          6.95526123,
          51.01008606
        ]
      },
      "properties": {
        "netid": "EC:1B:BD:BD:69:D9",
        "ssid": "20742019",
        "oui": "EC:1B:BD",
        "channel": 11,
        "encryption": "wpa2",
        "firsttime": "2023-12-28T13:00:00.000Z",
        "lasttime": "2026-07-04T15:00:00.000Z",
        "city": "K\u00f6ln",
        "region": "Nordrhein-Westfalen",
        "country": "DE",
        "road": "Emdener Stra\u00dfe",
        "postalcode": "50735"
      }
    },
    {
      "type": "Feature",
      "geometry": {
        "type": "Point",
        "coordinates": [
          8.6263628,
          49.85594177
        ]
      },
      "properties": {
        "netid": "EC:1B:BD:BD:69:F2",
        "ssid": "20687425",
        "oui": "EC:1B:BD",
        "channel": 11,
        "encryption": "wpa2",
        "firsttime": "2025-05-01T08:00:00.000Z",
        "lasttime": "2025-06-18T03:00:00.000Z",
        "city": "Darmstadt",
        "region": "Hessen",
        "country": "DE",
        "road": "Mahatma-Gandhi-Stra\u00dfe",
        "postalcode": "64295"
      }
    },
    {
      "type": "Feature",
      "geometry": {
        "type": "Point",
        "coordinates": [
          16.92968369,
          47.84095001
        ]
      },
      "properties": {
        "netid": "EC:1B:BD:BD:6A:0F",
        "ssid": "20662880",
        "oui": "EC:1B:BD",
        "channel": 11,
        "encryption": "wpa2",
        "firsttime": "2024-07-28T05:00:00.000Z",
        "lasttime": "2026-04-06T02:00:00.000Z",
        "city": null,
        "region": "Burgenland",
        "country": "AT",
        "road": "M\u00f6nchhoferstra\u00dfe",
        "postalcode": "7132"
      }
    },
    {
      "type": "Feature",
      "geometry": {
        "type": "Point",
        "coordinates": [
          11.48178101,
          48.1457634
        ]
      },
      "properties": {
        "netid": "EC:1B:BD:BD:6A:14",
        "ssid": "20671150",
        "oui": "EC:1B:BD",
        "channel": 11,
        "encryption": "wpa2",
        "firsttime": "2023-01-28T12:00:00.000Z",
        "lasttime": "2025-02-26T13:00:00.000Z",
        "city": "M\u00fcnchen",
        "region": "Bayern",
        "country": "DE",
        "road": "Landsberger Stra\u00dfe",
        "postalcode": "81241"
      }
    },
    {
      "type": "Feature",
      "geometry": {
        "type": "Point",
        "coordinates": [
          14.83260059,
          48.10660553
        ]
      },
      "properties": {
        "netid": "EC:1B:BD:BD:6A:17",
        "ssid": "20750234",
        "oui": "EC:1B:BD",
        "channel": 11,
        "encryption": "wpa2",
        "firsttime": "2021-04-17T11:00:00.000Z",
        "lasttime": "2025-06-28T12:00:00.000Z",
        "city": "Gemeinde Amstetten",
        "region": "Nieder\u00f6sterreich",
        "country": "AT",
        "road": "B121",
        "postalcode": "3300"
      }
    },
    {
      "type": "Feature",
      "geometry": {
        "type": "Point",
        "coordinates": [
          9.95002174,
          48.37169266
        ]
      },
      "properties": {
        "netid": "EC:1B:BD:BD:6A:18",
        "ssid": "20690084",
        "oui": "EC:1B:BD",
        "channel": 11,
        "encryption": "wpa2",
        "firsttime": "2021-05-24T21:00:00.000Z",
        "lasttime": "2026-03-10T13:00:00.000Z",
        "city": "Ulm",
        "region": "Baden-W\u00fcrttemberg",
        "country": "DE",
        "road": "Erbacher Stra\u00dfe",
        "postalcode": "89079"
      }
    },
    {
      "type": "Feature",
      "geometry": {
        "type": "Point",
        "coordinates": [
          16.8637886,
          47.92552185
        ]
      },
      "properties": {
        "netid": "EC:1B:BD:BD:6A:1A",
        "ssid": "20662875",
        "oui": "EC:1B:BD",
        "channel": 11,
        "encryption": "wpa2",
        "firsttime": "2024-09-21T10:00:00.000Z",
        "lasttime": "2025-08-29T11:00:00.000Z",
        "city": null,
        "region": "Burgenland",
        "country": "AT",
        "road": "L310",
        "postalcode": "7121"
      }
    },
    {
      "type": "Feature",
      "geometry": {
        "type": "Point",
        "coordinates": [
          7.33099937,
          47.17453384
        ]
      },
      "properties": {
        "netid": "EC:1B:BD:BD:6A:20",
        "ssid": "20800998",
        "oui": "EC:1B:BD",
        "channel": 11,
        "encryption": "wpa2",
        "firsttime": "2026-06-14T14:00:00.000Z",
        "lasttime": "2026-06-14T10:00:00.000Z",
        "city": null,
        "region": "Bern/Berne",
        "country": "CH",
        "road": "Bielstrasse",
        "postalcode": "2542"
      }
    },
    {
      "type": "Feature",
      "geometry": {
        "type": "Point",
        "coordinates": [
          8.61867046,
          51.67568588
        ]
      },
      "properties": {
        "netid": "EC:1B:BD:BD:6A:2C",
        "ssid": "20777569",
        "oui": "EC:1B:BD",
        "channel": 11,
        "encryption": "wpa2",
        "firsttime": "2024-11-23T09:00:00.000Z",
        "lasttime": "2024-12-17T10:00:00.000Z",
        "city": null,
        "region": "Nordrhein-Westfalen",
        "country": "DE",
        "road": "Paderborner Stra\u00dfe",
        "postalcode": "33154"
      }
    },
    {
      "type": "Feature",
      "geometry": {
        "type": "Point",
        "coordinates": [
          11.5927906,
          53.37870407
        ]
      },
      "properties": {
        "netid": "EC:1B:BD:BD:6A:40",
        "ssid": "20801009",
        "oui": "EC:1B:BD",
        "channel": 11,
        "encryption": "wpa2",
        "firsttime": "2023-10-21T13:00:00.000Z",
        "lasttime": "2025-12-31T06:00:00.000Z",
        "city": null,
        "region": "Mecklenburg-Vorpommern",
        "country": "DE",
        "road": "Parchimer Stra\u00dfe",
        "postalcode": "19306"
      }
    },
    {
      "type": "Feature",
      "geometry": {
        "type": "Point",
        "coordinates": [
          14.31324291,
          48.31315231
        ]
      },
      "properties": {
        "netid": "EC:1B:BD:BD:6A:4E",
        "ssid": "20993811",
        "oui": "EC:1B:BD",
        "channel": 11,
        "encryption": "wpa2",
        "firsttime": "2024-02-03T08:00:00.000Z",
        "lasttime": "2026-04-27T06:00:00.000Z",
        "city": "Linz",
        "region": "Ober\u00f6sterreich",
        "country": "AT",
        "road": "Industriezeile",
        "postalcode": "4020"
      }
    },
    {
      "type": "Feature",
      "geometry": {
        "type": "Point",
        "coordinates": [
          9.24411964,
          45.61029053
        ]
      },
      "properties": {
        "netid": "EC:1B:BD:BD:6A:79",
        "ssid": "21002168",
        "oui": "EC:1B:BD",
        "channel": 11,
        "encryption": "wpa2",
        "firsttime": "2026-05-20T06:00:00.000Z",
        "lasttime": "2026-05-20T03:00:00.000Z",
        "city": null,
        "region": "Lombardia",
        "country": "IT",
        "road": "Via Giuseppe Maggiolini",
        "postalcode": "20851"
      }
    },
    {
      "type": "Feature",
      "geometry": {
        "type": "Point",
        "coordinates": [
          12.41334438,
          44.11537552
        ]
      },
      "properties": {
        "netid": "EC:1B:BD:BD:6A:81",
        "ssid": "21002169",
        "oui": "EC:1B:BD",
        "channel": 11,
        "encryption": "wpa2",
        "firsttime": "2021-06-04T10:00:00.000Z",
        "lasttime": "2026-04-21T14:00:00.000Z",
        "city": null,
        "region": "Emilia-Romagna",
        "country": "IT",
        "road": "Autostrada Adriatica",
        "postalcode": "47043"
      }
    },
    {
      "type": "Feature",
      "geometry": {
        "type": "Point",
        "coordinates": [
          11.1702776,
          43.75815201
        ]
      },
      "properties": {
        "netid": "EC:1B:BD:BD:6A:8A",
        "ssid": "21002171",
        "oui": "EC:1B:BD",
        "channel": 11,
        "encryption": "wpa2",
        "firsttime": "2020-12-12T14:00:00.000Z",
        "lasttime": "2026-01-24T04:00:00.000Z",
        "city": null,
        "region": "Toscana",
        "country": "IT",
        "road": "Autostrada del Sole",
        "postalcode": "50018"
      }
    },
    {
      "type": "Feature",
      "geometry": {
        "type": "Point",
        "coordinates": [
          -83.67668152,
          42.99129105
        ]
      },
      "properties": {
        "netid": "EC:1B:BD:BD:6B:5F",
        "ssid": "applegatelights",
        "oui": "EC:1B:BD",
        "channel": 1,
        "encryption": "wpa2",
        "firsttime": "2024-07-02T21:00:00.000Z",
        "lasttime": "2026-02-15T15:00:00.000Z",
        "city": "Flint",
        "region": "MI",
        "country": "US",
        "road": "South Saginaw Street",
        "postalcode": "48529"
      }
    },
    {
      "type": "Feature",
      "geometry": {
        "type": "Point",
        "coordinates": [
          -80.18456268,
          25.77663231
        ]
      },
      "properties": {
        "netid": "EC:1B:BD:BD:6B:61",
        "ssid": "simplySnap_648ab7",
        "oui": "EC:1B:BD",
        "channel": 11,
        "encryption": "wpa2",
        "firsttime": "2025-12-13T18:00:00.000Z",
        "lasttime": "2025-12-14T20:00:00.000Z",
        "city": "Miami",
        "region": "FL",
        "country": "US",
        "road": "Biscayne Boulevard",
        "postalcode": "33132"
      }
    },
    {
      "type": "Feature",
      "geometry": {
        "type": "Point",
        "coordinates": [
          -97.65950012,
          26.16215706
        ]
      },
      "properties": {
        "netid": "EC:1B:BD:BD:6C:24",
        "ssid": "simplySnap_6489f0",
        "oui": "EC:1B:BD",
        "channel": 6,
        "encryption": "wpa2",
        "firsttime": "2021-02-17T16:00:00.000Z",
        "lasttime": "2026-05-09T21:00:00.000Z",
        "city": "San Benito",
        "region": "TX",
        "country": "US",
        "road": "Business 77",
        "postalcode": "78586"
      }
    },
    {
      "type": "Feature",
      "geometry": {
        "type": "Point",
        "coordinates": [
          -80.23976898,
          25.95718575
        ]
      },
      "properties": {
        "netid": "EC:1B:BD:BD:6D:0C",
        "ssid": "Ephesus_6487bb",
        "oui": "EC:1B:BD",
        "channel": 6,
        "encryption": "wpa2",
        "firsttime": "2024-07-10T18:00:00.000Z",
        "lasttime": "2025-12-28T15:00:00.000Z",
        "city": null,
        "region": "FL",
        "country": "US",
        "road": "101",
        "postalcode": "33056"
      }
    },
    {
      "type": "Feature",
      "geometry": {
        "type": "Point",
        "coordinates": [
          -96.11190033,
          32.37495041
        ]
      },
      "properties": {
        "netid": "EC:1B:BD:BD:6D:14",
        "ssid": "simplySnap_6486e6",
        "oui": "EC:1B:BD",
        "channel": 6,
        "encryption": "wpa2",
        "firsttime": "2023-08-28T21:00:00.000Z",
        "lasttime": "2026-07-07T09:00:00.000Z",
        "city": null,
        "region": "TX",
        "country": "US",
        "road": "US 175",
        "postalcode": "75147"
      }
    },
    {
      "type": "Feature",
      "geometry": {
        "type": "Point",
        "coordinates": [
          -79.79051208,
          36.04924774
        ]
      },
      "properties": {
        "netid": "EC:1B:BD:BD:6D:17",
        "ssid": "simplySnap_648ae2",
        "oui": "EC:1B:BD",
        "channel": 11,
        "encryption": "wpa2",
        "firsttime": "2026-03-11T18:00:00.000Z",
        "lasttime": "2026-06-21T21:00:00.000Z",
        "city": "Greensboro",
        "region": "NC",
        "country": "US",
        "road": "East Florida Street",
        "postalcode": "27401"
      }
    },
    {
      "type": "Feature",
      "geometry": {
        "type": "Point",
        "coordinates": [
          -88.04429626,
          30.73379135
        ]
      },
      "properties": {
        "netid": "EC:1B:BD:BD:6D:41",
        "ssid": "simplySnap_6487e0",
        "oui": "EC:1B:BD",
        "channel": 1,
        "encryption": "wpa2",
        "firsttime": "2022-01-06T14:00:00.000Z",
        "lasttime": "2026-07-27T17:00:00.000Z",
        "city": "Mobile",
        "region": "AL",
        "country": "US",
        "road": "Cochrane Bridge",
        "postalcode": "36652"
      }
    },
    {
      "type": "Feature",
      "geometry": {
        "type": "Point",
        "coordinates": [
          -157.89994812,
          21.35099983
        ]
      },
      "properties": {
        "netid": "EC:1B:BD:BD:6D:43",
        "ssid": "simplySnap_6487e7",
        "oui": "EC:1B:BD",
        "channel": 1,
        "encryption": "wpa2",
        "firsttime": "2022-05-19T09:00:00.000Z",
        "lasttime": "2026-09-05T03:00:00.000Z",
        "city": "Honolulu",
        "region": "HI",
        "country": "US",
        "road": "Ala Napunani Street",
        "postalcode": "96819"
      }
    },
    {
      "type": "Feature",
      "geometry": {
        "type": "Point",
        "coordinates": [
          -71.06518555,
          42.13659668
        ]
      },
      "properties": {
        "netid": "EC:1B:BD:BD:6D:46",
        "ssid": "simplySnap_6489ac",
        "oui": "EC:1B:BD",
        "channel": 1,
        "encryption": "wpa2",
        "firsttime": "2025-12-10T00:00:00.000Z",
        "lasttime": "2026-01-22T13:00:00.000Z",
        "city": "Avon",
        "region": "MA",
        "country": "US",
        "road": "Stockwell Drive",
        "postalcode": "02322"
      }
    },
    {
      "type": "Feature",
      "geometry": {
        "type": "Point",
        "coordinates": [
          -97.07197571,
          27.83241463
        ]
      },
      "properties": {
        "netid": "EC:1B:BD:BD:6D:5B",
        "ssid": "Ephesus_CommunityBB",
        "oui": "EC:1B:BD",
        "channel": 11,
        "encryption": "wpa2",
        "firsttime": "2024-12-29T15:00:00.000Z",
        "lasttime": "2025-01-15T10:00:00.000Z",
        "city": null,
        "region": "TX",
        "country": "US",
        "road": "South Cut Off Road",
        "postalcode": "78373"
      }
    },
    {
      "type": "Feature",
      "geometry": {
        "type": "Point",
        "coordinates": [
          -122.25892639,
          37.79043198
        ]
      },
      "properties": {
        "netid": "EC:1B:BD:BD:6D:91",
        "ssid": "simplySnap_6486d7",
        "oui": "EC:1B:BD",
        "channel": 11,
        "encryption": "wpa2",
        "firsttime": "2020-07-26T17:00:00.000Z",
        "lasttime": "2026-07-16T08:00:00.000Z",
        "city": "Oakland",
        "region": "CA",
        "country": "US",
        "road": "Nimitz Freeway",
        "postalcode": "94606-3636"
      }
    },
    {
      "type": "Feature",
      "geometry": {
        "type": "Point",
        "coordinates": [
          -122.26142883,
          37.79272842
        ]
      },
      "properties": {
        "netid": "EC:1B:BD:BD:6D:9D",
        "ssid": "simplySnap_6486e7",
        "oui": "EC:1B:BD",
        "channel": 6,
        "encryption": "wpa2",
        "firsttime": "2020-07-15T11:00:00.000Z",
        "lasttime": "2026-08-20T21:00:00.000Z",
        "city": "Oakland",
        "region": "CA",
        "country": "US",
        "road": "Fallon Street",
        "postalcode": "94607"
      }
    },
    {
      "type": "Feature",
      "geometry": {
        "type": "Point",
        "coordinates": [
          -111.83546448,
          40.39076996
        ]
      },
      "properties": {
        "netid": "EC:1B:BD:BD:6D:9E",
        "ssid": "Ephesus_64869f",
        "oui": "EC:1B:BD",
        "channel": 1,
        "encryption": "wpa2",
        "firsttime": "2020-07-19T13:00:00.000Z",
        "lasttime": "2026-09-02T17:00:00.000Z",
        "city": "Lehi",
        "region": "UT",
        "country": "US",
        "road": "North 850 East",
        "postalcode": "84043"
      }
    },
    {
      "type": "Feature",
      "geometry": {
        "type": "Point",
        "coordinates": [
          -122.21057129,
          47.37527084
        ]
      },
      "properties": {
        "netid": "EC:1B:BD:BD:6D:AB",
        "ssid": "FrenchFields",
        "oui": "EC:1B:BD",
        "channel": 6,
        "encryption": "wpa2",
        "firsttime": "2022-02-28T17:00:00.000Z",
        "lasttime": "2026-06-14T23:00:00.000Z",
        "city": null,
        "region": "WA",
        "country": "US",
        "road": "98th Place South",
        "postalcode": "98030"
      }
    },
    {
      "type": "Feature",
      "geometry": {
        "type": "Point",
        "coordinates": [
          -86.44589233,
          35.85705566
        ]
      },
      "properties": {
        "netid": "EC:1B:BD:BD:6D:B5",
        "ssid": "simplySnap_6489ef",
        "oui": "EC:1B:BD",
        "channel": 6,
        "encryption": "wpa2",
        "firsttime": "2020-12-19T21:00:00.000Z",
        "lasttime": "2025-11-17T15:00:00.000Z",
        "city": "Murfreesboro",
        "region": "TN",
        "country": "US",
        "road": "I 24",
        "postalcode": "37128"
      }
    },
    {
      "type": "Feature",
      "geometry": {
        "type": "Point",
        "coordinates": [
          -82.98733521,
          40.05121613
        ]
      },
      "properties": {
        "netid": "EC:1B:BD:BD:6D:B7",
        "ssid": "Ephesus_6489eb",
        "oui": "EC:1B:BD",
        "channel": 1,
        "encryption": "wpa2",
        "firsttime": "2021-01-19T14:00:00.000Z",
        "lasttime": "2026-08-22T20:00:00.000Z",
        "city": "Columbus",
        "region": "OH",
        "country": "US",
        "road": "Karl Road",
        "postalcode": "43224"
      }
    },
    {
      "type": "Feature",
      "geometry": {
        "type": "Point",
        "coordinates": [
          -100.31232452,
          31.37109566
        ]
      },
      "properties": {
        "netid": "EC:1B:BD:BD:6D:CF",
        "ssid": "simplySnap_6486d9",
        "oui": "EC:1B:BD",
        "channel": 1,
        "encryption": "wpa2",
        "firsttime": "2021-03-19T10:00:00.000Z",
        "lasttime": "2026-03-19T18:00:00.000Z",
        "city": null,
        "region": "TX",
        "country": "US",
        "road": "US Highway 87 South",
        "postalcode": "76957"
      }
    },
    {
      "type": "Feature",
      "geometry": {
        "type": "Point",
        "coordinates": [
          -80.25275421,
          43.52122498
        ]
      },
      "properties": {
        "netid": "EC:1B:BD:BD:6E:1D",
        "ssid": "Ephesus_64869b",
        "oui": "EC:1B:BD",
        "channel": 11,
        "encryption": "wpa2",
        "firsttime": "2021-12-15T19:00:00.000Z",
        "lasttime": "2026-09-05T14:00:00.000Z",
        "city": "Guelph",
        "region": "Ontario",
        "country": "CA",
        "road": "Hanlon Expressway",
        "postalcode": "N1G 1V5"
      }
    },
    {
      "type": "Feature",
      "geometry": {
        "type": "Point",
        "coordinates": [
          7.05261755,
          50.9721756
        ]
      },
      "properties": {
        "netid": "EC:1B:BD:BD:6F:B4",
        "ssid": "20278416",
        "oui": "EC:1B:BD",
        "channel": 11,
        "encryption": "wpa2",
        "firsttime": "2021-04-28T14:00:00.000Z",
        "lasttime": "2026-07-28T08:00:00.000Z",
        "city": "K\u00f6ln",
        "region": "Nordrhein-Westfalen",
        "country": "DE",
        "road": "Bergisch Gladbacher Stra\u00dfe",
        "postalcode": "51067"
      }
    },
    {
      "type": "Feature",
      "geometry": {
        "type": "Point",
        "coordinates": [
          8.72945023,
          52.17450714
        ]
      },
      "properties": {
        "netid": "EC:1B:BD:BD:6F:B7",
        "ssid": "20264562",
        "oui": "EC:1B:BD",
        "channel": 11,
        "encryption": "wpa2",
        "firsttime": "2021-01-15T15:00:00.000Z",
        "lasttime": "2026-08-31T22:00:00.000Z",
        "city": null,
        "region": "Nordrhein-Westfalen",
        "country": "DE",
        "road": "H\u00e4ger Stra\u00dfe",
        "postalcode": "32584"
      }
    },
    {
      "type": "Feature",
      "geometry": {
        "type": "Point",
        "coordinates": [
          8.80368042,
          53.09111404
        ]
      },
      "properties": {
        "netid": "EC:1B:BD:BD:6F:BC",
        "ssid": "20278419",
        "oui": "EC:1B:BD",
        "channel": 11,
        "encryption": "wpa2",
        "firsttime": "2024-09-18T12:00:00.000Z",
        "lasttime": "2025-07-26T13:00:00.000Z",
        "city": "Bremen",
        "region": "Bremen",
        "country": "DE",
        "road": "Geibelstra\u00dfe",
        "postalcode": "28215"
      }
    },
    {
      "type": "Feature",
      "geometry": {
        "type": "Point",
        "coordinates": [
          19.42541885,
          51.80279922
        ]
      },
      "properties": {
        "netid": "EC:1B:BD:BD:6F:D4",
        "ssid": "20264611",
        "oui": "EC:1B:BD",
        "channel": 11,
        "encryption": "wpa2",
        "firsttime": "2021-07-25T16:00:00.000Z",
        "lasttime": "2026-09-03T07:00:00.000Z",
        "city": null,
        "region": "wojew\u00f3dztwo \u0142\u00f3dzkie",
        "country": "PL",
        "road": "Aleja W\u0142\u00f3kniarzy",
        "postalcode": "91-357"
      }
    },
    {
      "type": "Feature",
      "geometry": {
        "type": "Point",
        "coordinates": [
          22.96991539,
          40.57656097
        ]
      },
      "properties": {
        "netid": "EC:1B:BD:BD:6F:F5",
        "ssid": "20215579",
        "oui": "EC:1B:BD",
        "channel": 11,
        "encryption": "wpa2",
        "firsttime": "2022-07-21T02:00:00.000Z",
        "lasttime": "2026-05-15T08:00:00.000Z",
        "city": null,
        "region": "\u0391\u03c0\u03bf\u03ba\u03b5\u03bd\u03c4\u03c1\u03c9\u03bc\u03ad\u03bd\u03b7 \u0394\u03b9\u03bf\u03af\u03ba\u03b7\u03c3\u03b7 \u039c\u03b1\u03ba\u03b5\u03b4\u03bf\u03bd\u03af\u03b1\u03c2 - \u0398\u03c1\u03ac\u03ba\u03b7\u03c2",
        "country": "GR",
        "road": "\u0395\u03b8\u03bd\u03b9\u03ba\u03ae\u03c2 \u0391\u03bd\u03c4\u03b9\u03c3\u03c4\u03ac\u03c3\u03b5\u03c9\u03c2",
        "postalcode": "55134"
      }
    },
    {
      "type": "Feature",
      "geometry": {
        "type": "Point",
        "coordinates": [
          9.46440029,
          51.837883
        ]
      },
      "properties": {
        "netid": "EC:1B:BD:BD:6F:F8",
        "ssid": "20264614",
        "oui": "EC:1B:BD",
        "channel": 11,
        "encryption": "wpa2",
        "firsttime": "2023-01-15T15:00:00.000Z",
        "lasttime": "2025-05-01T12:00:00.000Z",
        "city": null,
        "region": "Niedersachsen",
        "country": "DE",
        "road": "Burgbergblick",
        "postalcode": "37603"
      }
    },
    {
      "type": "Feature",
      "geometry": {
        "type": "Point",
        "coordinates": [
          6.49825811,
          51.18920135
        ]
      },
      "properties": {
        "netid": "EC:1B:BD:BD:6F:FA",
        "ssid": "20215584",
        "oui": "EC:1B:BD",
        "channel": 11,
        "encryption": "wpa2",
        "firsttime": "2020-07-07T18:00:00.000Z",
        "lasttime": "2024-10-04T13:00:00.000Z",
        "city": null,
        "region": "Nordrhein-Westfalen",
        "country": "DE",
        "road": "Gillesh\u00fctte",
        "postalcode": "41352"
      }
    },
    {
      "type": "Feature",
      "geometry": {
        "type": "Point",
        "coordinates": [
          11.54990864,
          49.93489075
        ]
      },
      "properties": {
        "netid": "EC:1B:BD:BD:6F:FE",
        "ssid": "20264615",
        "oui": "EC:1B:BD",
        "channel": 11,
        "encryption": "wpa2",
        "firsttime": "2025-01-04T08:00:00.000Z",
        "lasttime": "2025-08-28T04:00:00.000Z",
        "city": null,
        "region": "Bayern",
        "country": "DE",
        "road": "Adolf-W\u00e4chter-Stra\u00dfe",
        "postalcode": "95447"
      }
    },
    {
      "type": "Feature",
      "geometry": {
        "type": "Point",
        "coordinates": [
          11.55018616,
          49.93489456
        ]
      },
      "properties": {
        "netid": "EC:1B:BD:BD:70:03",
        "ssid": "20264592",
        "oui": "EC:1B:BD",
        "channel": 11,
        "encryption": "wpa2",
        "firsttime": "2025-01-04T08:00:00.000Z",
        "lasttime": "2025-12-12T02:00:00.000Z",
        "city": null,
        "region": "Bayern",
        "country": "DE",
        "road": "Adolf-W\u00e4chter-Stra\u00dfe",
        "postalcode": "95447"
      }
    },
    {
      "type": "Feature",
      "geometry": {
        "type": "Point",
        "coordinates": [
          6.98971176,
          51.02639008
        ]
      },
      "properties": {
        "netid": "EC:1B:BD:BD:70:08",
        "ssid": "20278415",
        "oui": "EC:1B:BD",
        "channel": 11,
        "encryption": "wpa2",
        "firsttime": "2021-05-14T08:00:00.000Z",
        "lasttime": "2026-04-16T07:00:00.000Z",
        "city": null,
        "region": "Nordrhein-Westfalen",
        "country": "DE",
        "road": "Carl-Duisberg-Stra\u00dfe",
        "postalcode": "51373"
      }
    },
    {
      "type": "Feature",
      "geometry": {
        "type": "Point",
        "coordinates": [
          9.07785797,
          49.96207047
        ]
      },
      "properties": {
        "netid": "EC:1B:BD:BD:70:1D",
        "ssid": "20215592",
        "oui": "EC:1B:BD",
        "channel": 11,
        "encryption": "wpa2",
        "firsttime": "2025-03-26T18:00:00.000Z",
        "lasttime": "2025-03-27T10:00:00.000Z",
        "city": null,
        "region": "Bayern",
        "country": "DE",
        "road": "Obernburger Stra\u00dfe",
        "postalcode": "63811"
      }
    },
    {
      "type": "Feature",
      "geometry": {
        "type": "Point",
        "coordinates": [
          19.42534447,
          51.80247116
        ]
      },
      "properties": {
        "netid": "EC:1B:BD:BD:70:3C",
        "ssid": "20278399",
        "oui": "EC:1B:BD",
        "channel": 11,
        "encryption": "wpa2",
        "firsttime": "2021-01-08T10:00:00.000Z",
        "lasttime": "2026-09-03T07:00:00.000Z",
        "city": null,
        "region": "wojew\u00f3dztwo \u0142\u00f3dzkie",
        "country": "PL",
        "road": "Aleja W\u0142\u00f3kniarzy",
        "postalcode": "91-357"
      }
    },
    {
      "type": "Feature",
      "geometry": {
        "type": "Point",
        "coordinates": [
          13.81334114,
          51.05516434
        ]
      },
      "properties": {
        "netid": "EC:1B:BD:BD:70:44",
        "ssid": "20239489",
        "oui": "EC:1B:BD",
        "channel": 11,
        "encryption": "wpa2",
        "firsttime": "2021-01-10T16:00:00.000Z",
        "lasttime": "2025-04-03T00:00:00.000Z",
        "city": "Dresden",
        "region": "Sachsen",
        "country": "DE",
        "road": "K\u00f6rnerweg",
        "postalcode": "01326"
      }
    },
    {
      "type": "Feature",
      "geometry": {
        "type": "Point",
        "coordinates": [
          1.33467591,
          43.47859573
        ]
      },
      "properties": {
        "netid": "EC:1B:BD:BD:72:91",
        "ssid": "20285388",
        "oui": "EC:1B:BD",
        "channel": 11,
        "encryption": "wpa2",
        "firsttime": "2021-03-27T14:00:00.000Z",
        "lasttime": "2026-06-04T10:00:00.000Z",
        "city": null,
        "region": "Occitanie",
        "country": "FR",
        "road": "D 817",
        "postalcode": "31600"
      }
    },
    {
      "type": "Feature",
      "geometry": {
        "type": "Point",
        "coordinates": [
          -0.99673671,
          45.62775421
        ]
      },
      "properties": {
        "netid": "EC:1B:BD:BD:72:93",
        "ssid": "20285392",
        "oui": "EC:1B:BD",
        "channel": 11,
        "encryption": "wpa2",
        "firsttime": "2026-06-17T07:00:00.000Z",
        "lasttime": "2026-07-01T02:00:00.000Z",
        "city": "Royan",
        "region": "Nouvelle-Aquitaine",
        "country": "FR",
        "road": "Avenue Louis Bouchet",
        "postalcode": "17200"
      }
    },
    {
      "type": "Feature",
      "geometry": {
        "type": "Point",
        "coordinates": [
          15.91028404,
          48.19576645
        ]
      },
      "properties": {
        "netid": "EC:1B:BD:BD:72:EC",
        "ssid": "ENIO_Service",
        "oui": "EC:1B:BD",
        "channel": 11,
        "encryption": "wpa2",
        "firsttime": "2025-08-11T01:00:00.000Z",
        "lasttime": "2025-08-10T19:00:00.000Z",
        "city": "Gemeinde Neulengbach",
        "region": "Nieder\u00f6sterreich",
        "country": "AT",
        "road": "Wiener Stra\u00dfe",
        "postalcode": "3040"
      }
    },
    {
      "type": "Feature",
      "geometry": {
        "type": "Point",
        "coordinates": [
          7.66298389,
          45.09638977
        ]
      },
      "properties": {
        "netid": "EC:1B:BD:BD:74:3E",
        "ssid": "HS3_E2STB",
        "oui": "EC:1B:BD",
        "channel": 1,
        "encryption": "wpa2",
        "firsttime": "2025-09-17T16:00:00.000Z",
        "lasttime": "2025-09-17T10:00:00.000Z",
        "city": "Torino",
        "region": "Piemonte",
        "country": "IT",
        "road": "Via Borgaro",
        "postalcode": "10149"
      }
    },
    {
      "type": "Feature",
      "geometry": {
        "type": "Point",
        "coordinates": [
          7.68882084,
          45.08016586
        ]
      },
      "properties": {
        "netid": "EC:1B:BD:BD:76:86",
        "ssid": "HS3_BTXAB",
        "oui": "EC:1B:BD",
        "channel": 1,
        "encryption": "unknown",
        "firsttime": "2025-03-01T14:00:00.000Z",
        "lasttime": "2026-08-08T03:00:00.000Z",
        "city": "Torino",
        "region": "Piemonte",
        "country": "IT",
        "road": "Lungo Dora Firenze",
        "postalcode": "10152"
      }
    },
    {
      "type": "Feature",
      "geometry": {
        "type": "Point",
        "coordinates": [
          9.89809513,
          52.98646545
        ]
      },
      "properties": {
        "netid": "EC:1B:BD:BD:77:36",
        "ssid": "20278400",
        "oui": "EC:1B:BD",
        "channel": 11,
        "encryption": "wpa2",
        "firsttime": "2024-10-07T03:00:00.000Z",
        "lasttime": "2024-11-30T19:00:00.000Z",
        "city": null,
        "region": "Niedersachsen",
        "country": "DE",
        "road": "Up de Linnen",
        "postalcode": "29614"
      }
    },
    {
      "type": "Feature",
      "geometry": {
        "type": "Point",
        "coordinates": [
          11.08818531,
          47.98188782
        ]
      },
      "properties": {
        "netid": "EC:1B:BD:BD:77:3E",
        "ssid": "20360339",
        "oui": "EC:1B:BD",
        "channel": 11,
        "encryption": "wpa2",
        "firsttime": "2025-01-06T18:00:00.000Z",
        "lasttime": "2025-01-06T10:00:00.000Z",
        "city": null,
        "region": "Bayern",
        "country": "DE",
        "road": "H\u00fcbschenriederstra\u00dfe",
        "postalcode": "86911"
      }
    },
    {
      "type": "Feature",
      "geometry": {
        "type": "Point",
        "coordinates": [
          11.60931587,
          48.1598587
        ]
      },
      "properties": {
        "netid": "EC:1B:BD:BD:8E:B7",
        "ssid": "PLT_205200014",
        "oui": "EC:1B:BD",
        "channel": 1,
        "encryption": "wpa2",
        "firsttime": "2025-07-04T11:00:00.000Z",
        "lasttime": "2025-07-04T13:00:00.000Z",
        "city": "M\u00fcnchen",
        "region": "Bayern",
        "country": "DE",
        "road": "Gustav-Freytag-Stra\u00dfe",
        "postalcode": "81925"
      }
    },
    {
      "type": "Feature",
      "geometry": {
        "type": "Point",
        "coordinates": [
          11.59319019,
          48.1760025
        ]
      },
      "properties": {
        "netid": "EC:1B:BD:BD:8E:DC",
        "ssid": "PLT_195200003",
        "oui": "EC:1B:BD",
        "channel": 1,
        "encryption": "wpa2",
        "firsttime": "2026-02-09T11:00:00.000Z",
        "lasttime": "2026-02-09T04:00:00.000Z",
        "city": "M\u00fcnchen",
        "region": "Bayern",
        "country": "DE",
        "road": "Walter-Gropius-Stra\u00dfe",
        "postalcode": "80807"
      }
    },
    {
      "type": "Feature",
      "geometry": {
        "type": "Point",
        "coordinates": [
          11.20543003,
          49.36603928
        ]
      },
      "properties": {
        "netid": "EC:1B:BD:BD:8F:27",
        "ssid": "PLT_202200007",
        "oui": "EC:1B:BD",
        "channel": 1,
        "encryption": "wpa2",
        "firsttime": "2026-03-24T06:00:00.000Z",
        "lasttime": "2026-05-14T12:00:00.000Z",
        "city": null,
        "region": "Bayern",
        "country": "DE",
        "road": "B 8",
        "postalcode": "90537"
      }
    },
    {
      "type": "Feature",
      "geometry": {
        "type": "Point",
        "coordinates": [
          7.60922623,
          47.49065781
        ]
      },
      "properties": {
        "netid": "EC:1B:BD:BD:8F:5A",
        "ssid": "PLT_206200001",
        "oui": "EC:1B:BD",
        "channel": 6,
        "encryption": "wpa2",
        "firsttime": "2026-02-04T15:00:00.000Z",
        "lasttime": "2026-03-17T23:00:00.000Z",
        "city": null,
        "region": "Basel-Landschaft",
        "country": "CH",
        "road": "Birseckstrasse",
        "postalcode": "4144"
      }
    },
    {
      "type": "Feature",
      "geometry": {
        "type": "Point",
        "coordinates": [
          9.26782131,
          48.54870605
        ]
      },
      "properties": {
        "netid": "EC:1B:BD:BD:8F:66",
        "ssid": "PLT_241200002",
        "oui": "EC:1B:BD",
        "channel": 1,
        "encryption": "wpa2",
        "firsttime": "2025-03-01T14:00:00.000Z",
        "lasttime": "2025-03-01T13:00:00.000Z",
        "city": null,
        "region": "Baden-W\u00fcrttemberg",
        "country": "DE",
        "road": "Nordtangente",
        "postalcode": "72555"
      }
    },
    {
      "type": "Feature",
      "geometry": {
        "type": "Point",
        "coordinates": [
          -96.2095871,
          43.65243149
        ]
      },
      "properties": {
        "netid": "EC:1B:BD:BD:91:47",
        "ssid": "Flock",
        "oui": "EC:1B:BD",
        "channel": 1,
        "encryption": "wpa2",
        "firsttime": "2026-05-28T15:00:00.000Z",
        "lasttime": "2026-05-28T09:00:00.000Z",
        "city": null,
        "region": "MN",
        "country": "US",
        "road": "South Freeman Avenue",
        "postalcode": "56156"
      }
    },
    {
      "type": "Feature",
      "geometry": {
        "type": "Point",
        "coordinates": [
          8.05677795,
          47.39175034
        ]
      },
      "properties": {
        "netid": "EC:1B:BD:BD:91:5F",
        "ssid": "PLT_199200001",
        "oui": "EC:1B:BD",
        "channel": 11,
        "encryption": "wpa2",
        "firsttime": "2025-01-09T13:00:00.000Z",
        "lasttime": "2025-01-13T07:00:00.000Z",
        "city": null,
        "region": "Aargau",
        "country": "CH",
        "road": "Hintere Bahnhofstrasse",
        "postalcode": "5000"
      }
    },
    {
      "type": "Feature",
      "geometry": {
        "type": "Point",
        "coordinates": [
          8.74571896,
          41.93361664
        ]
      },
      "properties": {
        "netid": "EC:1B:BD:BD:92:02",
        "ssid": "TVHub-200900579",
        "oui": "EC:1B:BD",
        "channel": 1,
        "encryption": "unknown",
        "firsttime": "2024-09-22T10:00:00.000Z",
        "lasttime": "2024-09-22T12:00:00.000Z",
        "city": "Ajaccio",
        "region": "Corse",
        "country": "FR",
        "road": "Boulevard Charles Bonaparte",
        "postalcode": "20090"
      }
    },
    {
      "type": "Feature",
      "geometry": {
        "type": "Point",
        "coordinates": [
          5.03848839,
          47.33076859
        ]
      },
      "properties": {
        "netid": "EC:1B:BD:BD:92:E3",
        "ssid": "PLT_190200010",
        "oui": "EC:1B:BD",
        "channel": 11,
        "encryption": "wpa2",
        "firsttime": "2025-08-25T12:00:00.000Z",
        "lasttime": "2025-08-25T22:00:00.000Z",
        "city": "Dijon",
        "region": "Bourgogne-Franche-Comt\u00e9",
        "country": "FR",
        "road": "Rue du 11 Novembre",
        "postalcode": "21000"
      }
    },
    {
      "type": "Feature",
      "geometry": {
        "type": "Point",
        "coordinates": [
          -80.16417694,
          26.09768867
        ]
      },
      "properties": {
        "netid": "EC:1B:BD:BD:92:EE",
        "ssid": "TVHub-0FER92018",
        "oui": "EC:1B:BD",
        "channel": 1,
        "encryption": "unknown",
        "firsttime": "2025-10-30T14:00:00.000Z",
        "lasttime": "2025-10-30T07:00:00.000Z",
        "city": "Fort Lauderdale",
        "region": "FL",
        "country": "US",
        "road": "Southwest 20th Street",
        "postalcode": "33315"
      }
    },
    {
      "type": "Feature",
      "geometry": {
        "type": "Point",
        "coordinates": [
          -76.28522491,
          37.82720947
        ]
      },
      "properties": {
        "netid": "EC:1B:BD:BD:93:2D",
        "ssid": "TVHub-200400925",
        "oui": "EC:1B:BD",
        "channel": 1,
        "encryption": "unknown",
        "firsttime": "2022-08-30T19:00:00.000Z",
        "lasttime": "2025-09-01T18:00:00.000Z",
        "city": null,
        "region": "VA",
        "country": "US",
        "road": "McNeal Road",
        "postalcode": "22539"
      }
    },
    {
      "type": "Feature",
      "geometry": {
        "type": "Point",
        "coordinates": [
          8.54613495,
          47.41389465
        ]
      },
      "properties": {
        "netid": "EC:1B:BD:BD:93:F0",
        "ssid": "PLT_279200005",
        "oui": "EC:1B:BD",
        "channel": 6,
        "encryption": "wpa2",
        "firsttime": "2025-04-23T11:00:00.000Z",
        "lasttime": "2025-04-25T16:00:00.000Z",
        "city": "Z\u00fcrich",
        "region": "Z\u00fcrich",
        "country": "CH",
        "road": "Binzm\u00fchlestrasse",
        "postalcode": "8050"
      }
    },
    {
      "type": "Feature",
      "geometry": {
        "type": "Point",
        "coordinates": [
          -73.77437592,
          45.56428909
        ]
      },
      "properties": {
        "netid": "EC:1B:BD:BD:94:8A",
        "ssid": "PLT_203200006",
        "oui": "EC:1B:BD",
        "channel": 6,
        "encryption": "wpa2",
        "firsttime": "2024-03-08T12:00:00.000Z",
        "lasttime": "2026-04-29T05:00:00.000Z",
        "city": "Laval (13)",
        "region": "Qu\u00e9bec",
        "country": "CA",
        "road": "Autoroute Jean-No\u00ebl-Lavoie",
        "postalcode": "H7P 0G7"
      }
    },
    {
      "type": "Feature",
      "geometry": {
        "type": "Point",
        "coordinates": [
          -122.33370972,
          47.58816147
        ]
      },
      "properties": {
        "netid": "EC:1B:BD:BD:96:B8",
        "ssid": "Epona TVHub",
        "oui": "EC:1B:BD",
        "channel": 1,
        "encryption": "none",
        "firsttime": "2024-09-29T23:00:00.000Z",
        "lasttime": "2024-10-30T21:00:00.000Z",
        "city": "Seattle",
        "region": "WA",
        "country": "US",
        "road": "South Massachusetts Street",
        "postalcode": "98134"
      }
    },
    {
      "type": "Feature",
      "geometry": {
        "type": "Point",
        "coordinates": [
          -75.67047882,
          41.40779114
        ]
      },
      "properties": {
        "netid": "EC:1B:BD:BD:96:F7",
        "ssid": "TVHub-200900702",
        "oui": "EC:1B:BD",
        "channel": 1,
        "encryption": "none",
        "firsttime": "2024-09-08T18:00:00.000Z",
        "lasttime": "2026-06-28T08:00:00.000Z",
        "city": "Scranton",
        "region": "PA",
        "country": "US",
        "road": "Cliff Street",
        "postalcode": "18503"
      }
    },
    {
      "type": "Feature",
      "geometry": {
        "type": "Point",
        "coordinates": [
          -75.67071533,
          41.40821838
        ]
      },
      "properties": {
        "netid": "EC:1B:BD:BD:97:0B",
        "ssid": "TVHub-200800619",
        "oui": "EC:1B:BD",
        "channel": 1,
        "encryption": "unknown",
        "firsttime": "2026-06-19T17:00:00.000Z",
        "lasttime": "2026-06-19T18:00:00.000Z",
        "city": "Scranton",
        "region": "PA",
        "country": "US",
        "road": "Steamtown & Trolly Loading Platform",
        "postalcode": "18503"
      }
    },
    {
      "type": "Feature",
      "geometry": {
        "type": "Point",
        "coordinates": [
          -77.0514679,
          38.87317657
        ]
      },
      "properties": {
        "netid": "EC:1B:BD:BD:98:66",
        "ssid": "TVHub-200700006",
        "oui": "EC:1B:BD",
        "channel": 1,
        "encryption": "none",
        "firsttime": "2021-12-04T19:00:00.000Z",
        "lasttime": "2025-03-02T16:00:00.000Z",
        "city": "Arlington",
        "region": "VA",
        "country": "US",
        "road": "North Boundary Drive",
        "postalcode": "20310"
      }
    },
    {
      "type": "Feature",
      "geometry": {
        "type": "Point",
        "coordinates": [
          -81.45304108,
          24.66189957
        ]
      },
      "properties": {
        "netid": "EC:1B:BD:BD:98:68",
        "ssid": "TVHub-200700007",
        "oui": "EC:1B:BD",
        "channel": 1,
        "encryption": "unknown",
        "firsttime": "2024-12-17T03:00:00.000Z",
        "lasttime": "2025-05-08T15:00:00.000Z",
        "city": null,
        "region": "FL",
        "country": "US",
        "road": "Overseas Highway",
        "postalcode": "33042"
      }
    },
    {
      "type": "Feature",
      "geometry": {
        "type": "Point",
        "coordinates": [
          -92.53411102,
          34.60666656
        ]
      },
      "properties": {
        "netid": "EC:1B:BD:BD:98:82",
        "ssid": "TVHub-200700504",
        "oui": "EC:1B:BD",
        "channel": 1,
        "encryption": "unknown",
        "firsttime": "2022-05-19T09:00:00.000Z",
        "lasttime": "2025-10-15T09:00:00.000Z",
        "city": null,
        "region": "AR",
        "country": "US",
        "road": "I-30 Frontage Road",
        "postalcode": "72019"
      }
    },
    {
      "type": "Feature",
      "geometry": {
        "type": "Point",
        "coordinates": [
          -84.85322571,
          38.72958374
        ]
      },
      "properties": {
        "netid": "EC:1B:BD:BD:98:9C",
        "ssid": "TVHub-200700257",
        "oui": "EC:1B:BD",
        "channel": 1,
        "encryption": "none",
        "firsttime": "2024-01-21T03:00:00.000Z",
        "lasttime": "2026-05-09T21:00:00.000Z",
        "city": "Sparta",
        "region": "KY",
        "country": "US",
        "road": "I 71",
        "postalcode": "41086"
      }
    },
    {
      "type": "Feature",
      "geometry": {
        "type": "Point",
        "coordinates": [
          -117.22579956,
          32.71960068
        ]
      },
      "properties": {
        "netid": "EC:1B:BD:BD:98:9D",
        "ssid": "TVHub-200700010",
        "oui": "EC:1B:BD",
        "channel": 1,
        "encryption": "unknown",
        "firsttime": "2025-07-23T23:00:00.000Z",
        "lasttime": "2026-08-16T21:00:00.000Z",
        "city": "San Diego",
        "region": "CA",
        "country": "US",
        "road": "Shelter Island Drive",
        "postalcode": "92106"
      }
    },
    {
      "type": "Feature",
      "geometry": {
        "type": "Point",
        "coordinates": [
          -81.72560883,
          24.56197548
        ]
      },
      "properties": {
        "netid": "EC:1B:BD:BD:98:9E",
        "ssid": "TVHub-200700658",
        "oui": "EC:1B:BD",
        "channel": 1,
        "encryption": "unknown",
        "firsttime": "2026-03-12T04:00:00.000Z",
        "lasttime": "2026-03-17T13:00:00.000Z",
        "city": null,
        "region": "FL",
        "country": "US",
        "road": "Peninsular Avenue",
        "postalcode": "33040"
      }
    },
    {
      "type": "Feature",
      "geometry": {
        "type": "Point",
        "coordinates": [
          -74.08004761,
          40.76039505
        ]
      },
      "properties": {
        "netid": "EC:1B:BD:BD:98:AF",
        "ssid": "TVHub-201100440",
        "oui": "EC:1B:BD",
        "channel": 1,
        "encryption": "unknown",
        "firsttime": "2022-09-13T21:00:00.000Z",
        "lasttime": "2025-11-18T13:00:00.000Z",
        "city": null,
        "region": "NJ",
        "country": "US",
        "road": "New Jersey Turnpike",
        "postalcode": "07096"
      }
    },
    {
      "type": "Feature",
      "geometry": {
        "type": "Point",
        "coordinates": [
          -117.23612976,
          32.76686859
        ]
      },
      "properties": {
        "netid": "EC:1B:BD:BD:98:C2",
        "ssid": "TVHub-201100201",
        "oui": "EC:1B:BD",
        "channel": 1,
        "encryption": "none",
        "firsttime": "2025-05-29T17:00:00.000Z",
        "lasttime": "2025-11-14T15:00:00.000Z",
        "city": "San Diego",
        "region": "CA",
        "country": "US",
        "road": "West Mission Bay Drive",
        "postalcode": "92109"
      }
    },
    {
      "type": "Feature",
      "geometry": {
        "type": "Point",
        "coordinates": [
          -97.7322998,
          30.27910805
        ]
      },
      "properties": {
        "netid": "EC:1B:BD:BD:98:DB",
        "ssid": "TVHub-200700250",
        "oui": "EC:1B:BD",
        "channel": 1,
        "encryption": "none",
        "firsttime": "2025-07-29T23:00:00.000Z",
        "lasttime": "2026-08-15T07:00:00.000Z",
        "city": "Austin",
        "region": "TX",
        "country": "US",
        "road": "East Martin Luther King Jr Boulevard",
        "postalcode": "78712"
      }
    },
    {
      "type": "Feature",
      "geometry": {
        "type": "Point",
        "coordinates": [
          -52.70980072,
          47.56016922
        ]
      },
      "properties": {
        "netid": "EC:1B:BD:BD:99:16",
        "ssid": "TVHub-200800082",
        "oui": "EC:1B:BD",
        "channel": 1,
        "encryption": "unknown",
        "firsttime": "2026-08-03T18:00:00.000Z",
        "lasttime": "2026-08-03T13:00:00.000Z",
        "city": "St. John's",
        "region": "Newfoundland and Labrador",
        "country": "CA",
        "road": "Harbour Drive",
        "postalcode": "A1C 5M2"
      }
    },
    {
      "type": "Feature",
      "geometry": {
        "type": "Point",
        "coordinates": [
          -118.0922699,
          33.87877274
        ]
      },
      "properties": {
        "netid": "EC:1B:BD:BD:99:3C",
        "ssid": "TVHub-201100413",
        "oui": "EC:1B:BD",
        "channel": 1,
        "encryption": "unknown",
        "firsttime": "2023-09-04T05:00:00.000Z",
        "lasttime": "2025-05-03T18:00:00.000Z",
        "city": "Norwalk",
        "region": "CA",
        "country": "US",
        "road": "Harvest Avenue",
        "postalcode": "90703"
      }
    },
    {
      "type": "Feature",
      "geometry": {
        "type": "Point",
        "coordinates": [
          -111.29547119,
          47.4917984
        ]
      },
      "properties": {
        "netid": "EC:1B:BD:BD:99:44",
        "ssid": "TVHub-200800944",
        "oui": "EC:1B:BD",
        "channel": 1,
        "encryption": "unknown",
        "firsttime": "2026-06-28T18:00:00.000Z",
        "lasttime": "2026-06-29T11:00:00.000Z",
        "city": "Great Falls",
        "region": "MT",
        "country": "US",
        "road": "7th Street South",
        "postalcode": "59401"
      }
    },
    {
      "type": "Feature",
      "geometry": {
        "type": "Point",
        "coordinates": [
          -76.6618042,
          34.71472931
        ]
      },
      "properties": {
        "netid": "EC:1B:BD:BD:99:4E",
        "ssid": "TVHub-200700049",
        "oui": "EC:1B:BD",
        "channel": 1,
        "encryption": "wpa2",
        "firsttime": "2025-05-30T15:00:00.000Z",
        "lasttime": "2025-05-30T10:00:00.000Z",
        "city": null,
        "region": "NC",
        "country": "US",
        "road": "Front Street",
        "postalcode": "28516"
      }
    },
    {
      "type": "Feature",
      "geometry": {
        "type": "Point",
        "coordinates": [
          -86.71025848,
          36.36840057
        ]
      },
      "properties": {
        "netid": "EC:1B:BD:BD:99:5F",
        "ssid": "TVHub-200500785",
        "oui": "EC:1B:BD",
        "channel": 1,
        "encryption": "none",
        "firsttime": "2024-08-01T21:00:00.000Z",
        "lasttime": "2026-08-06T15:00:00.000Z",
        "city": "Millersville",
        "region": "TN",
        "country": "US",
        "road": null,
        "postalcode": "37072"
      }
    },
    {
      "type": "Feature",
      "geometry": {
        "type": "Point",
        "coordinates": [
          -85.82684326,
          33.60519409
        ]
      },
      "properties": {
        "netid": "EC:1B:BD:BD:99:74",
        "ssid": "TVHub-201000466",
        "oui": "EC:1B:BD",
        "channel": 1,
        "encryption": "none",
        "firsttime": "2023-04-16T07:00:00.000Z",
        "lasttime": "2026-06-11T10:00:00.000Z",
        "city": null,
        "region": "AL",
        "country": "US",
        "road": "I 20",
        "postalcode": "36203"
      }
    },
    {
      "type": "Feature",
      "geometry": {
        "type": "Point",
        "coordinates": [
          -114.1313858,
          46.95657349
        ]
      },
      "properties": {
        "netid": "EC:1B:BD:BD:99:78",
        "ssid": "TVHub-200500786",
        "oui": "EC:1B:BD",
        "channel": 1,
        "encryption": "unknown",
        "firsttime": "2023-04-30T07:00:00.000Z",
        "lasttime": "2025-07-26T18:00:00.000Z",
        "city": null,
        "region": "MT",
        "country": "US",
        "road": "US 93;MT 200",
        "postalcode": "59808"
      }
    },
    {
      "type": "Feature",
      "geometry": {
        "type": "Point",
        "coordinates": [
          28.27573586,
          36.85207367
        ]
      },
      "properties": {
        "netid": "EC:1B:BD:BD:99:7B",
        "ssid": "TVHub-200700822",
        "oui": "EC:1B:BD",
        "channel": 1,
        "encryption": "unknown",
        "firsttime": "2026-02-22T11:00:00.000Z",
        "lasttime": "2026-09-01T11:00:00.000Z",
        "city": null,
        "region": "Ege B\u00f6lgesi",
        "country": "TR",
        "road": "Barbaros Caddesi",
        "postalcode": "0534"
      }
    },
    {
      "type": "Feature",
      "geometry": {
        "type": "Point",
        "coordinates": [
          -81.56275177,
          24.57055473
        ]
      },
      "properties": {
        "netid": "EC:1B:BD:BD:99:97",
        "ssid": "TVHub-200400606",
        "oui": "EC:1B:BD",
        "channel": 1,
        "encryption": "unknown",
        "firsttime": "2025-08-11T18:00:00.000Z",
        "lasttime": "2025-08-11T19:00:00.000Z",
        "city": null,
        "region": "FL",
        "country": "US",
        "road": null,
        "postalcode": null
      }
    },
    {
      "type": "Feature",
      "geometry": {
        "type": "Point",
        "coordinates": [
          13.47011662,
          52.59380341
        ]
      },
      "properties": {
        "netid": "EC:1B:BD:BD:9A:1E",
        "ssid": "20766824",
        "oui": "EC:1B:BD",
        "channel": 11,
        "encryption": "wpa2",
        "firsttime": "2026-03-06T19:00:00.000Z",
        "lasttime": "2026-05-24T06:00:00.000Z",
        "city": "Berlin",
        "region": "Pankow",
        "country": "DE",
        "road": "Lindenberger Weg",
        "postalcode": "13129"
      }
    },
    {
      "type": "Feature",
      "geometry": {
        "type": "Point",
        "coordinates": [
          8.5053997,
          49.47709656
        ]
      },
      "properties": {
        "netid": "EC:1B:BD:BD:9A:45",
        "ssid": "20689637",
        "oui": "EC:1B:BD",
        "channel": 11,
        "encryption": "wpa2",
        "firsttime": "2021-09-23T09:00:00.000Z",
        "lasttime": "2025-11-13T14:00:00.000Z",
        "city": null,
        "region": "Baden-W\u00fcrttemberg",
        "country": "DE",
        "road": "Harrlachweg",
        "postalcode": "68163"
      }
    },
    {
      "type": "Feature",
      "geometry": {
        "type": "Point",
        "coordinates": [
          12.5948782,
          55.68094254
        ]
      },
      "properties": {
        "netid": "EC:1B:BD:BD:9A:65",
        "ssid": "20712983",
        "oui": "EC:1B:BD",
        "channel": 11,
        "encryption": "wpa2",
        "firsttime": "2024-09-05T11:00:00.000Z",
        "lasttime": "2026-04-10T03:00:00.000Z",
        "city": "K\u00f8benhavn",
        "region": "Region Hovedstaden",
        "country": "DK",
        "road": "Toldbodgade",
        "postalcode": "1253"
      }
    },
    {
      "type": "Feature",
      "geometry": {
        "type": "Point",
        "coordinates": [
          10.1828146,
          56.15582275
        ]
      },
      "properties": {
        "netid": "EC:1B:BD:BD:9A:7D",
        "ssid": "20712987",
        "oui": "EC:1B:BD",
        "channel": 11,
        "encryption": "wpa2",
        "firsttime": "2025-08-09T15:00:00.000Z",
        "lasttime": "2026-08-31T08:00:00.000Z",
        "city": "Aarhus",
        "region": "Region Midtjylland",
        "country": "DK",
        "road": "Vestre Ringgade",
        "postalcode": "8000"
      }
    },
    {
      "type": "Feature",
      "geometry": {
        "type": "Point",
        "coordinates": [
          12.44942093,
          55.75403214
        ]
      },
      "properties": {
        "netid": "EC:1B:BD:BD:9A:97",
        "ssid": "20713003",
        "oui": "EC:1B:BD",
        "channel": 11,
        "encryption": "wpa2",
        "firsttime": "2026-02-13T08:00:00.000Z",
        "lasttime": "2026-04-13T09:00:00.000Z",
        "city": null,
        "region": "Region Hovedstaden",
        "country": "DK",
        "road": "Sm\u00f8rmosevej",
        "postalcode": "2880"
      }
    },
    {
      "type": "Feature",
      "geometry": {
        "type": "Point",
        "coordinates": [
          11.49436188,
          48.07875061
        ]
      },
      "properties": {
        "netid": "EC:1B:BD:BD:9A:DF",
        "ssid": "20728276",
        "oui": "EC:1B:BD",
        "channel": 11,
        "encryption": "wpa2",
        "firsttime": "2025-11-13T14:00:00.000Z",
        "lasttime": "2025-11-13T07:00:00.000Z",
        "city": "M\u00fcnchen",
        "region": "Bayern",
        "country": "DE",
        "road": "Ketterstra\u00dfe",
        "postalcode": "81476"
      }
    },
    {
      "type": "Feature",
      "geometry": {
        "type": "Point",
        "coordinates": [
          12.59470272,
          55.68085098
        ]
      },
      "properties": {
        "netid": "EC:1B:BD:BD:9A:E4",
        "ssid": "20713006",
        "oui": "EC:1B:BD",
        "channel": 11,
        "encryption": "wpa2",
        "firsttime": "2024-09-05T11:00:00.000Z",
        "lasttime": "2026-04-10T03:00:00.000Z",
        "city": "K\u00f8benhavn",
        "region": "Region Hovedstaden",
        "country": "DK",
        "road": "Toldbodgade",
        "postalcode": "1253"
      }
    },
    {
      "type": "Feature",
      "geometry": {
        "type": "Point",
        "coordinates": [
          10.62075806,
          47.87652206
        ]
      },
      "properties": {
        "netid": "EC:1B:BD:BD:9A:F5",
        "ssid": "20698364",
        "oui": "EC:1B:BD",
        "channel": 11,
        "encryption": "wpa2",
        "firsttime": "2025-01-17T10:00:00.000Z",
        "lasttime": "2025-01-17T03:00:00.000Z",
        "city": null,
        "region": "Bayern",
        "country": "DE",
        "road": "Innere Buchleuthenstra\u00dfe",
        "postalcode": "87600"
      }
    },
    {
      "type": "Feature",
      "geometry": {
        "type": "Point",
        "coordinates": [
          9.92520237,
          53.58179855
        ]
      },
      "properties": {
        "netid": "EC:1B:BD:BD:9B:4B",
        "ssid": "20742029",
        "oui": "EC:1B:BD",
        "channel": 11,
        "encryption": "wpa2",
        "firsttime": "2025-06-17T03:00:00.000Z",
        "lasttime": "2025-08-11T11:00:00.000Z",
        "city": "Hamburg",
        "region": "Stellingen",
        "country": "DE",
        "road": "F\u00f6rsterweg",
        "postalcode": "22525"
      }
    },
    {
      "type": "Feature",
      "geometry": {
        "type": "Point",
        "coordinates": [
          11.60214233,
          48.12445068
        ]
      },
      "properties": {
        "netid": "EC:1B:BD:BD:9B:95",
        "ssid": "21647609",
        "oui": "EC:1B:BD",
        "channel": 11,
        "encryption": "wpa2",
        "firsttime": "2022-01-20T15:00:00.000Z",
        "lasttime": "2026-01-23T05:00:00.000Z",
        "city": "M\u00fcnchen",
        "region": "Bayern",
        "country": "DE",
        "road": "Rosenheimer Stra\u00dfe",
        "postalcode": "81671"
      }
    },
    {
      "type": "Feature",
      "geometry": {
        "type": "Point",
        "coordinates": [
          9.66928768,
          56.38001633
        ]
      },
      "properties": {
        "netid": "EC:1B:BD:BD:9B:9E",
        "ssid": "20713002",
        "oui": "EC:1B:BD",
        "channel": 11,
        "encryption": "wpa2",
        "firsttime": "2025-10-21T11:00:00.000Z",
        "lasttime": "2025-11-04T09:00:00.000Z",
        "city": null,
        "region": "Region Midtjylland",
        "country": "DK",
        "road": "Poul Due Jensens Vej",
        "postalcode": "8850"
      }
    },
    {
      "type": "Feature",
      "geometry": {
        "type": "Point",
        "coordinates": [
          9.70223713,
          47.4830513
        ]
      },
      "properties": {
        "netid": "EC:1B:BD:BD:9B:A2",
        "ssid": "17111768",
        "oui": "EC:1B:BD",
        "channel": 11,
        "encryption": "wpa2",
        "firsttime": "2025-07-30T12:00:00.000Z",
        "lasttime": "2025-07-30T05:00:00.000Z",
        "city": "Marktgemeinde Hard",
        "region": "Vorarlberg",
        "country": "AT",
        "road": "Salbachstra\u00dfe",
        "postalcode": "6971"
      }
    },
    {
      "type": "Feature",
      "geometry": {
        "type": "Point",
        "coordinates": [
          10.77260876,
          53.97754669
        ]
      },
      "properties": {
        "netid": "EC:1B:BD:BD:9B:DD",
        "ssid": "20766843",
        "oui": "EC:1B:BD",
        "channel": 11,
        "encryption": "wpa2",
        "firsttime": "2025-06-08T13:00:00.000Z",
        "lasttime": "2026-08-27T08:00:00.000Z",
        "city": "Timmendorfer Strand",
        "region": "Schleswig-Holstein",
        "country": "DE",
        "road": "L 181",
        "postalcode": "23669"
      }
    },
    {
      "type": "Feature",
      "geometry": {
        "type": "Point",
        "coordinates": [
          6.95521355,
          51.00879669
        ]
      },
      "properties": {
        "netid": "EC:1B:BD:BD:9B:F4",
        "ssid": "20817672",
        "oui": "EC:1B:BD",
        "channel": 11,
        "encryption": "wpa2",
        "firsttime": "2023-12-28T13:00:00.000Z",
        "lasttime": "2026-07-04T15:00:00.000Z",
        "city": "K\u00f6ln",
        "region": "Nordrhein-Westfalen",
        "country": "DE",
        "road": "Emdener Stra\u00dfe",
        "postalcode": "50735"
      }
    },
    {
      "type": "Feature",
      "geometry": {
        "type": "Point",
        "coordinates": [
          6.77377319,
          49.34521866
        ]
      },
      "properties": {
        "netid": "EC:1B:BD:BD:9C:20",
        "ssid": "20817686",
        "oui": "EC:1B:BD",
        "channel": 11,
        "encryption": "wpa2",
        "firsttime": "2024-01-07T11:00:00.000Z",
        "lasttime": "2026-01-02T10:00:00.000Z",
        "city": null,
        "region": "Saarland",
        "country": "DE",
        "road": "A 8",
        "postalcode": "66740"
      }
    },
    {
      "type": "Feature",
      "geometry": {
        "type": "Point",
        "coordinates": [
          6.9482789,
          51.02765656
        ]
      },
      "properties": {
        "netid": "EC:1B:BD:BD:9C:31",
        "ssid": "20817674",
        "oui": "EC:1B:BD",
        "channel": 11,
        "encryption": "wpa2",
        "firsttime": "2021-11-24T08:00:00.000Z",
        "lasttime": "2025-08-04T08:00:00.000Z",
        "city": "K\u00f6ln",
        "region": "Nordrhein-Westfalen",
        "country": "DE",
        "road": null,
        "postalcode": "50769"
      }
    },
    {
      "type": "Feature",
      "geometry": {
        "type": "Point",
        "coordinates": [
          6.93940115,
          51.02522659
        ]
      },
      "properties": {
        "netid": "EC:1B:BD:BD:9C:34",
        "ssid": "20817673",
        "oui": "EC:1B:BD",
        "channel": 11,
        "encryption": "wpa2",
        "firsttime": "2021-03-31T13:00:00.000Z",
        "lasttime": "2026-05-04T09:00:00.000Z",
        "city": "K\u00f6ln",
        "region": "Nordrhein-Westfalen",
        "country": "DE",
        "road": "Industriestra\u00dfe",
        "postalcode": "50769"
      }
    },
    {
      "type": "Feature",
      "geometry": {
        "type": "Point",
        "coordinates": [
          6.76217413,
          49.34148407
        ]
      },
      "properties": {
        "netid": "EC:1B:BD:BD:9C:AE",
        "ssid": "20817680",
        "oui": "EC:1B:BD",
        "channel": 11,
        "encryption": "wpa2",
        "firsttime": "2024-08-01T17:00:00.000Z",
        "lasttime": "2025-09-30T07:00:00.000Z",
        "city": null,
        "region": "Saarland",
        "country": "DE",
        "road": "A 8",
        "postalcode": "66740"
      }
    },
    {
      "type": "Feature",
      "geometry": {
        "type": "Point",
        "coordinates": [
          8.9707756,
          54.69008636
        ]
      },
      "properties": {
        "netid": "EC:1B:BD:BD:A0:A1",
        "ssid": "Easy-2403-08512352",
        "oui": "EC:1B:BD",
        "channel": 2,
        "encryption": "wpa2",
        "firsttime": "2025-07-13T13:00:00.000Z",
        "lasttime": "2025-08-17T10:00:00.000Z",
        "city": null,
        "region": "Schleswig-Holstein",
        "country": "DE",
        "road": "M\u00f6nkeb\u00fcller Stra\u00dfe",
        "postalcode": "25842"
      }
    },
    {
      "type": "Feature",
      "geometry": {
        "type": "Point",
        "coordinates": [
          11.06033421,
          49.42939758
        ]
      },
      "properties": {
        "netid": "EC:1B:BD:BD:A0:A8",
        "ssid": "Easy-2403-05411956",
        "oui": "EC:1B:BD",
        "channel": 2,
        "encryption": "wpa2",
        "firsttime": "2025-01-09T19:00:00.000Z",
        "lasttime": "2025-01-12T11:00:00.000Z",
        "city": "N\u00fcrnberg",
        "region": "Bayern",
        "country": "DE",
        "road": "Nopitschstra\u00dfe",
        "postalcode": "90441"
      }
    },
    {
      "type": "Feature",
      "geometry": {
        "type": "Point",
        "coordinates": [
          9.40702248,
          47.53287506
        ]
      },
      "properties": {
        "netid": "EC:1B:BD:BD:A2:BC",
        "ssid": "20567910",
        "oui": "EC:1B:BD",
        "channel": 11,
        "encryption": "wpa2",
        "firsttime": "2026-04-15T12:00:00.000Z",
        "lasttime": "2026-04-21T10:00:00.000Z",
        "city": null,
        "region": "Thurgau",
        "country": "CH",
        "road": "Seeweg",
        "postalcode": "9320"
      }
    },
    {
      "type": "Feature",
      "geometry": {
        "type": "Point",
        "coordinates": [
          12.73195362,
          56.07821274
        ]
      },
      "properties": {
        "netid": "EC:1B:BD:BD:A3:F8",
        "ssid": "20601187",
        "oui": "EC:1B:BD",
        "channel": 11,
        "encryption": "wpa2",
        "firsttime": "2021-02-25T10:00:00.000Z",
        "lasttime": "2026-08-21T05:00:00.000Z",
        "city": "Helsingborg",
        "region": "Sk\u00e5ne l\u00e4n",
        "country": "SE",
        "road": "Christinelundsv\u00e4gen",
        "postalcode": "254 67"
      }
    },
    {
      "type": "Feature",
      "geometry": {
        "type": "Point",
        "coordinates": [
          10.17029762,
          54.29446411
        ]
      },
      "properties": {
        "netid": "EC:1B:BD:BD:A7:BD",
        "ssid": "20414706",
        "oui": "EC:1B:BD",
        "channel": 11,
        "encryption": "wpa2",
        "firsttime": "2021-12-10T12:00:00.000Z",
        "lasttime": "2026-07-02T21:00:00.000Z",
        "city": "Kiel",
        "region": "Schleswig-Holstein",
        "country": "DE",
        "road": "Wellseedamm",
        "postalcode": "24146"
      }
    },
    {
      "type": "Feature",
      "geometry": {
        "type": "Point",
        "coordinates": [
          11.86421299,
          54.78109741
        ]
      },
      "properties": {
        "netid": "EC:1B:BD:BD:A8:65",
        "ssid": "20420202",
        "oui": "EC:1B:BD",
        "channel": 11,
        "encryption": "wpa2",
        "firsttime": "2021-04-19T12:00:00.000Z",
        "lasttime": "2026-01-06T15:00:00.000Z",
        "city": null,
        "region": "Region Sj\u00e6lland",
        "country": "DK",
        "road": "M\u00f8llebakken",
        "postalcode": "4800"
      }
    },
    {
      "type": "Feature",
      "geometry": {
        "type": "Point",
        "coordinates": [
          11.86425209,
          54.78108978
        ]
      },
      "properties": {
        "netid": "EC:1B:BD:BD:A8:6A",
        "ssid": "20420200",
        "oui": "EC:1B:BD",
        "channel": 11,
        "encryption": "wpa2",
        "firsttime": "2021-04-19T12:00:00.000Z",
        "lasttime": "2026-02-02T08:00:00.000Z",
        "city": null,
        "region": "Region Sj\u00e6lland",
        "country": "DK",
        "road": "M\u00f8llebakken",
        "postalcode": "4800"
      }
    },
    {
      "type": "Feature",
      "geometry": {
        "type": "Point",
        "coordinates": [
          9.92921925,
          57.03213882
        ]
      },
      "properties": {
        "netid": "EC:1B:BD:BD:A8:6C",
        "ssid": "20420210",
        "oui": "EC:1B:BD",
        "channel": 11,
        "encryption": "wpa2",
        "firsttime": "2024-05-11T06:00:00.000Z",
        "lasttime": "2025-12-19T01:00:00.000Z",
        "city": "Aalborg",
        "region": "Region Nordjylland",
        "country": "DK",
        "road": "S\u00f8nderbro",
        "postalcode": "9000"
      }
    },
    {
      "type": "Feature",
      "geometry": {
        "type": "Point",
        "coordinates": [
          11.63585186,
          54.79948425
        ]
      },
      "properties": {
        "netid": "EC:1B:BD:BD:A8:89",
        "ssid": "21085786",
        "oui": "EC:1B:BD",
        "channel": 11,
        "encryption": "wpa2",
        "firsttime": "2024-06-26T17:00:00.000Z",
        "lasttime": "2026-07-02T07:00:00.000Z",
        "city": null,
        "region": "Region Sj\u00e6lland",
        "country": "DK",
        "road": "Torvet",
        "postalcode": "4990"
      }
    },
    {
      "type": "Feature",
      "geometry": {
        "type": "Point",
        "coordinates": [
          7.60412169,
          52.27900314
        ]
      },
      "properties": {
        "netid": "EC:1B:BD:BD:A9:98",
        "ssid": "Class A AIS 0040",
        "oui": "EC:1B:BD",
        "channel": 6,
        "encryption": "wpa2",
        "firsttime": "2025-09-18T05:00:00.000Z",
        "lasttime": "2025-09-19T05:00:00.000Z",
        "city": null,
        "region": "Nordrhein-Westfalen",
        "country": "DE",
        "road": "Huckbergstra\u00dfe",
        "postalcode": "48477"
      }
    },
    {
      "type": "Feature",
      "geometry": {
        "type": "Point",
        "coordinates": [
          4.6122098,
          52.31663513
        ]
      },
      "properties": {
        "netid": "EC:1B:BD:BD:A9:DC",
        "ssid": "Class A AIS 0220",
        "oui": "EC:1B:BD",
        "channel": 6,
        "encryption": "wpa2",
        "firsttime": "2026-04-24T08:00:00.000Z",
        "lasttime": "2026-05-07T02:00:00.000Z",
        "city": null,
        "region": "Noord-Holland",
        "country": "NL",
        "road": "Bennebroekerdijk",
        "postalcode": "2136LV"
      }
    },
    {
      "type": "Feature",
      "geometry": {
        "type": "Point",
        "coordinates": [
          4.7852025,
          52.94103622
        ]
      },
      "properties": {
        "netid": "EC:1B:BD:BD:AA:9C",
        "ssid": "Class A AIS 0152",
        "oui": "EC:1B:BD",
        "channel": 6,
        "encryption": "wpa2",
        "firsttime": "2023-12-12T08:00:00.000Z",
        "lasttime": "2025-06-17T06:00:00.000Z",
        "city": null,
        "region": "Noord-Holland",
        "country": "NL",
        "road": "Karel Doormanweg",
        "postalcode": "1785PA"
      }
    },
    {
      "type": "Feature",
      "geometry": {
        "type": "Point",
        "coordinates": [
          176.18003845,
          -37.67058563
        ]
      },
      "properties": {
        "netid": "EC:1B:BD:BD:AA:9F",
        "ssid": "Class B AIS 0205",
        "oui": "EC:1B:BD",
        "channel": 6,
        "encryption": "unknown",
        "firsttime": "2025-01-16T03:00:00.000Z",
        "lasttime": "2025-01-18T21:00:00.000Z",
        "city": "Tauranga",
        "region": "Bay of Plenty",
        "country": "NZ",
        "road": "Te Awanui Drive",
        "postalcode": "3143"
      }
    },
    {
      "type": "Feature",
      "geometry": {
        "type": "Point",
        "coordinates": [
          -74.82253265,
          40.51502228
        ]
      },
      "properties": {
        "netid": "EC:1B:BD:EE:A3:30",
        "ssid": null,
        "oui": "EC:1B:BD",
        "channel": 0,
        "encryption": "none",
        "firsttime": "2024-10-13T16:00:00.000Z",
        "lasttime": "2024-10-13T09:00:00.000Z",
        "city": null,
        "region": "NJ",
        "country": "US",
        "road": "US 202",
        "postalcode": "08822"
      }
    },
    {
      "type": "Feature",
      "geometry": {
        "type": "Point",
        "coordinates": [
          -118.24177551,
          34.04976273
        ]
      },
      "properties": {
        "netid": "EC:1B:BD:F0:B1:29",
        "ssid": null,
        "oui": "EC:1B:BD",
        "channel": 0,
        "encryption": "unknown",
        "firsttime": "2026-07-12T20:00:00.000Z",
        "lasttime": "2026-07-12T23:00:00.000Z",
        "city": "Los Angeles",
        "region": "CA",
        "country": "US",
        "road": "San Pedro Street",
        "postalcode": "90012"
      }
    },
    {
      "type": "Feature",
      "geometry": {
        "type": "Point",
        "coordinates": [
          -73.75626373,
          41.78271103
        ]
      },
      "properties": {
        "netid": "EC:1B:BD:F0:BD:5D",
        "ssid": null,
        "oui": "EC:1B:BD",
        "channel": 0,
        "encryption": "none",
        "firsttime": "2025-03-28T12:00:00.000Z",
        "lasttime": "2025-03-28T05:00:00.000Z",
        "city": null,
        "region": "NY",
        "country": "US",
        "road": "US 44",
        "postalcode": "12578"
      }
    },
    {
      "type": "Feature",
      "geometry": {
        "type": "Point",
        "coordinates": [
          -75.25008392,
          40.12048721
        ]
      },
      "properties": {
        "netid": "EC:1B:BD:F1:BE:03",
        "ssid": null,
        "oui": "EC:1B:BD",
        "channel": 0,
        "encryption": "none",
        "firsttime": "2025-06-16T12:00:00.000Z",
        "lasttime": "2025-06-16T07:00:00.000Z",
        "city": null,
        "region": "PA",
        "country": "US",
        "road": "Pennsylvania Turnpike",
        "postalcode": "19444"
      }
    },
    {
      "type": "Feature",
      "geometry": {
        "type": "Point",
        "coordinates": [
          -85.49034882,
          32.60564041
        ]
      },
      "properties": {
        "netid": "EC:1B:BD:F2:6A:D1",
        "ssid": null,
        "oui": "EC:1B:BD",
        "channel": 0,
        "encryption": "unknown",
        "firsttime": "2026-08-04T21:00:00.000Z",
        "lasttime": "2026-08-05T05:00:00.000Z",
        "city": "Auburn",
        "region": "AL",
        "country": "US",
        "road": "South Donahue Drive",
        "postalcode": "36949"
      }
    },
    {
      "type": "Feature",
      "geometry": {
        "type": "Point",
        "coordinates": [
          -85.49034882,
          32.60564041
        ]
      },
      "properties": {
        "netid": "EC:1B:BD:F2:6D:F9",
        "ssid": null,
        "oui": "EC:1B:BD",
        "channel": 0,
        "encryption": "unknown",
        "firsttime": "2026-08-04T21:00:00.000Z",
        "lasttime": "2026-08-05T05:00:00.000Z",
        "city": "Auburn",
        "region": "AL",
        "country": "US",
        "road": "South Donahue Drive",
        "postalcode": "36949"
      }
    },
    {
      "type": "Feature",
      "geometry": {
        "type": "Point",
        "coordinates": [
          -85.49033356,
          32.60591125
        ]
      },
      "properties": {
        "netid": "EC:1B:BD:F2:6E:00",
        "ssid": null,
        "oui": "EC:1B:BD",
        "channel": 0,
        "encryption": "unknown",
        "firsttime": "2026-08-04T21:00:00.000Z",
        "lasttime": "2026-08-05T05:00:00.000Z",
        "city": "Auburn",
        "region": "AL",
        "country": "US",
        "road": "South Donahue Drive",
        "postalcode": "36949"
      }
    },
    {
      "type": "Feature",
      "geometry": {
        "type": "Point",
        "coordinates": [
          -85.49021912,
          32.60632706
        ]
      },
      "properties": {
        "netid": "EC:1B:BD:F2:6E:41",
        "ssid": null,
        "oui": "EC:1B:BD",
        "channel": 0,
        "encryption": "unknown",
        "firsttime": "2026-08-04T21:00:00.000Z",
        "lasttime": "2026-08-05T05:00:00.000Z",
        "city": "Auburn",
        "region": "AL",
        "country": "US",
        "road": "West Magnolia Avenue",
        "postalcode": "36849"
      }
    },
    {
      "type": "Feature",
      "geometry": {
        "type": "Point",
        "coordinates": [
          -85.49033356,
          32.60584259
        ]
      },
      "properties": {
        "netid": "EC:1B:BD:F2:AF:09",
        "ssid": null,
        "oui": "EC:1B:BD",
        "channel": 0,
        "encryption": "unknown",
        "firsttime": "2026-08-04T21:00:00.000Z",
        "lasttime": "2026-08-05T05:00:00.000Z",
        "city": "Auburn",
        "region": "AL",
        "country": "US",
        "road": "South Donahue Drive",
        "postalcode": "36949"
      }
    }
  ],
  "properties": {
    "generated": "2026-09-06T09:53:09.040575+00:00",
    "oui": "EC:1B:BD",
    "source": "WiGLE (wigle.net)",
    "project": "flock-finder",
    "total_cameras": 434
  }
}